 , 0, 1, 2, 3, 4, 5, 6, 7, 8, 9, 10, 11, 12, 13, 14, 15, 16, 17, 18, 19, 20, 21, 22, 23, 24, 25, 26, 27, 28, 29, 30, 31, 32, 33, 34, 35, 36, 37, 38, 39, 40, 41, 42, 43, 44, 45, 46, 47, 48, 49, 50, 51, 52, 53, 54, 55, 56, 57, 58, 59, 60, 61, 62, 63, 64, 65, 66, 67, 68, 69, 70, 71, 72, 73, 74, 75, 76, 77, 78, 79, 80, 81, 82, 83, 84, 85, 86, 87, 88, 89, 90, 91, 92, 93, 94, 95, 96, 97, 98, 99, 100, 101, 102, 103, 104, 105, 106, 107, 108, 109, 110, 111, 112, 113, 114, 115, 116, 117, 118, 119, 120, 121, 122, 123, 124, 125, 126, 127, 128, 129, 130, 131, 132, 133, 134, 135, 136, 137, 138, 139, 140, 141, 142, 143, 144, 145, 146, 147, 148, 149, 150, 151, 152, 153, 154, 155, 156, 157, 158, 159, 160, 161, 162, 163, 164, 165, 166, 167, 168, 169, 170, 171, 172, 173, 174, 175, 176, 177, 178, 179, 180, 181, 182, 183, 184, 185, 186, 187, 188, 189, 190, 191, 192, 193, 194, 195, 196, 197, 198, 199, 200, 201, 202, 203, 204, 205, 206, 207, 208, 209, 210, 211, 212, 213, 214, 215, 216, 217, 218, 219, 220, 221, 222, 223, 224, 225, 226, 227, 228, 229, 230, 231, 232, 233, 234, 235, 236, 237, 238, 239, 240, 241, 242, 243, 244, 245, 246, 247, 248, 249, 250, 251, 252, 253, 254, 255, 256, 257, 258, 259, 260, 261, 262, 263, 264, 265, 266, 267, 268, 269, 270, 271, 272, 273, 274, 275, 276, 277, 278, 279, 280, 281, 282, 283, 284, 285, 286, 287, 288, 289, 290, 291, 292, 293, 294, 295, 296, 297, 298, 299, 300, 301, 302, 303, 304, 305, 306, 307, 308, 309, 310, 311, 312, 313, 314, 315, 316, 317, 318, 319, 320, 321, 322, 323, 324, 325, 326, 327, 328, 329, 330, 331, 332, 333, 334, 335, 336, 337, 338, 339, 340, 341, 342, 343, 344, 345, 346, 347, 348, 349, 350, 351, 352, 353, 354, 355, 356, rowcost
C major (0), 0:0:0:0:0, 0:0:0:0:0, 1:0:0:0:0, 2:0:0:0:0, 2:0:0:0:0, 1:0:0:0:0, 2:0:0:0:0, 3:0:0:0:0, 4:0:0:0:0, 1:0:0:0:0, 4:0:0:0:2, 1:0:0:0:0, 1:0:0:0:0, 1:0:0:0:0, 5:0:0:0:2, 3:0:0:0:0, 1:0:0:0:0, 0:0:0:0:0, 1:0:0:0:0, 2:0:0:0:0, 2:0:0:0:0, 1:0:0:0:0, 2:0:0:0:0, 3:0:0:0:0, 4:0:0:0:0, 1:0:0:0:0, 5:0:0:0:2, 1:0:0:0:0, 2:0:0:0:1, 5:0:0:0:2, 1:0:0:0:0, 0:0:0:0:0, 0:0:0:0:0, 0:0:0:0:0, 0:0:0:0:0, 2:0:0:0:0, 2:0:0:0:0, 1:0:0:0:0, 2:0:0:0:0, 3:0:0:0:0, 5:0:0:0:0, 1:0:0:0:0, 5:0:0:0:2, 1:0:0:0:0, 1:0:0:0:0, 0:0:0:0:0, 3:0:0:0:2, 1:0:0:0:0, 1:0:0:0:0, 0:0:0:0:0, 1:0:0:0:0, 2:0:0:0:0, 2:0:0:0:0, 1:0:0:0:0, 2:0:0:0:0, 3:0:0:0:0, 4:0:0:0:0, 0:0:0:0:0, 5:0:0:0:2, 1:0:0:0:0, 3:0:0:0:1, 4:0:0:0:2, 1:0:0:0:0, 0:0:0:0:0, 1:0:0:0:0, 0:0:0:0:0, 1:0:0:0:0, 2:0:0:0:0, 2:0:0:0:0, 1:0:0:0:0, 0:0:0:0:0, 3:0:0:0:0, 5:0:0:0:0, 0:0:0:0:0, 4:0:0:0:4, 1:0:0:0:0, 1:0:0:0:0, 0:0:0:0:0, 4:0:0:0:2, 1:0:0:0:0, 1:0:0:0:0, 0:0:0:0:0, 0:0:0:0:0, 4:0:0:0:0, 5:0:0:0:0, 2:0:0:0:0, 0:0:0:0:0, 5:0:0:0:0, 4:0:0:0:0, 0:0:0:0:0, 3:0:0:0:2, 2:0:0:0:0, 3:0:1:0:4, 3:0:0:0:2, 1:0:0:0:0, 0:0:0:0:0, 1:0:0:0:0, 0:0:0:0:0, 0:0:0:0:0, 2:0:0:0:0, 4:0:0:0:0, 1:0:0:0:0, 0:0:0:0:0, 3:0:0:0:0, 4:0:0:0:0, 0:0:0:0:0, 3:0:0:0:4, 1:0:0:0:0, 1:0:0:0:0, 0:0:0:0:0, 5:0:0:0:2, 2:0:0:0:0, 1:0:0:0:0, 0:0:0:0:0, 0:0:0:0:0, 2:0:0:0:0, 3:0:0:0:0, 1:0:0:0:0, 2:0:0:0:0, 5:0:0:0:0, 3:0:0:0:0, 0:0:0:0:0, 4:0:0:0:4, 1:0:0:0:0, 3:0:0:0:1, 5:0:0:0:2, 1:0:0:0:0, 0:0:0:0:0, 1:0:0:0:0, 0:0:0:0:0, 0:0:0:0:0, 2:0:0:0:0, 2:0:0:0:0, 1:0:0:0:0,  , 4:0:0:0:0, 4:0:0:0:0, 0:0:0:0:0, 3:0:0:0:2, 1:0:0:0:0, 2:0:0:0:0, 0:0:0:0:0, 4:0:0:0:3, 1:0:0:0:0, 1:0:0:0:0, 2:0:0:0:1, 0:0:0:0:0, 2:0:0:0:0, 2:0:0:0:0, 1:0:0:0:0, 3:0:0:0:0, 4:0:0:0:0, 4:0:0:0:0, 2:0:0:0:1, 4:0:0:0:4, 1:0:0:0:0, 2:0:0:0:1, 3:0:0:0:2, 1:0:0:0:0, 1:0:0:0:0, 1:0:0:0:0, 0:0:0:0:0, 0:0:0:0:0, 2:0:0:0:0, 2:0:0:0:0, 1:0:0:0:0, 0:0:0:0:0, 3:0:0:0:0, 3:0:0:0:0, 0:0:0:0:0, 3:0:0:0:2, 1:0:0:0:0, 1:0:0:0:0, 0:0:0:0:0, 3:0:0:0:3, 1:0:0:0:0, 1:0:0:0:0, 0:0:0:0:0, 0:0:0:0:0, 2:0:0:0:0, 3:0:0:0:0, 1:0:0:0:0,  , 3:0:0:0:0, 4:0:0:0:0, 0:0:0:0:0, 3:0:0:0:3, 1:0:0:0:0, 2:0:0:0:2, 5:0:0:0:2, 1:0:0:0:0, 0:0:0:0:0, 1:0:0:0:0, 0:0:0:0:0, 1:0:0:0:0, 3:0:0:0:0, 2:0:0:0:0, 1:0:0:0:0, 2:0:0:0:0, 4:0:0:0:0, 4:0:0:0:0, 1:0:0:0:1, 5:0:0:0:6, 1:0:0:0:0, 1:0:0:0:0, 2:0:0:0:0, 6:0:0:0:2, 1:0:0:0:0, 1:0:0:0:0, 0:0:0:0:0, 0:0:0:0:0, 2:0:0:0:0, 2:0:0:0:0, 1:0:0:0:0, 1:0:0:0:0, 4:0:0:0:1, 3:0:0:0:0, 0:0:0:0:0, 3:0:0:0:6, 1:0:0:0:0, 2:0:0:0:2, 5:0:0:0:2, 1:0:0:0:0, 0:0:0:0:0, 1:0:0:0:0, 0:0:0:0:0, 0:0:0:0:0, 2:0:0:0:0, 4:0:0:0:0, 1:0:0:0:0, 0:0:0:0:0, 4:0:0:0:0, 4:0:0:0:0, 0:0:0:0:0, 4:0:0:0:5, 1:0:0:0:0, 1:0:0:0:0, 1:0:0:0:0, 5:0:0:0:3, 1:0:0:0:0, 3:0:0:0:0, 0:0:0:0:0, 2:0:0:0:0, 3:0:0:0:0, 4:0:0:0:0, 2:0:0:0:0, 1:0:0:0:0, 3:0:0:0:0, 4:0:0:0:0, 0:0:0:0:0, 4:0:0:0:5, 1:0:0:0:0, 4:0:0:0:1, 3:0:0:0:2, 1:0:0:0:0, 0:0:0:0:0, 1:0:0:0:0, 0:0:0:0:0, 0:0:0:0:0, 2:0:0:0:0, 3:0:0:0:0, 1:0:0:0:0, 1:0:0:0:0, 3:0:0:0:0, 3:0:0:0:0, 0:0:0:0:0, 3:0:0:0:2, 4:0:1:0:4, 3:0:0:0:0, 0:0:0:0:0, 3:0:0:0:2, 2:0:0:0:0, 1:0:0:0:0, 0:0:0:0:0, 1:0:0:0:0, 2:0:0:0:0, 3:0:0:0:0, 1:0:0:0:0, 2:0:0:0:1, 6:0:0:0:0, 4:0:0:0:0, 0:0:0:0:0, 5:0:0:0:3, 2:0:0:0:0, 2:0:0:0:1, 4:0:0:0:3, 1:0:0:0:0, 0:0:0:0:0, 1:0:0:0:0, 0:0:0:0:0, 0:0:0:0:0, 2:0:0:0:0, 2:0:0:0:0, 1:0:0:0:0, 1:0:0:0:0, 3:0:0:0:0, 3:0:0:0:0, 0:0:0:0:0, 3:0:0:0:3, 1:0:0:0:0, 1:0:0:0:0, 0:0:0:0:0, 3:0:0:0:5, 1:0:0:0:0, 2:0:0:0:0, 0:0:0:0:0, 0:0:0:0:0, 3:0:2:0:2, 2:0:0:0:0, 1:0:0:0:0,  , 5:0:0:0:0, 3:0:0:0:0, 0:0:0:0:0, 6:0:0:0:2, 1:0:0:0:0, 2:0:0:0:2, 3:0:0:0:2, 1:0:0:0:0, 0:0:0:0:0, 1:0:0:0:0, 0:0:0:0:0, 1:0:0:0:0, 2:0:0:0:0, 3:0:0:0:0, 1:0:0:0:0, 1:0:0:0:0, 4:0:0:0:0, 3:0:0:0:0, 0:0:0:0:0, 4:0:0:0:5, 1:0:0:0:0, 1:0:0:0:0, 0:0:0:0:0, 7:0:0:0:2, 2:0:0:0:0, 1:0:0:0:0, 0:0:0:0:0, 0:0:0:0:0, 2:0:0:0:0, 4:0:0:0:0, 2:0:0:0:0, 1:0:0:0:0, 3:0:0:0:0, 4:0:0:0:0, 1:0:0:0:0, 5:0:0:0:4, 1:0:0:0:0, 2:0:0:0:1, 6:0:0:0:2, 1:0:0:0:0, 1:0:0:0:0, 2:0:0:0:1, 0:0:0:0:0, 0:0:0:0:0, 0:0:0:0:0, 0:0:0:0:0, 647:0:4:0:154
A minor (0), 0:0:0:0:0, 0:0:0:0:0, 1:0:0:0:0, 2:0:0:0:0, 2:0:0:0:0, 1:0:0:0:0, 2:0:0:0:0, 3:0:0:0:0, 4:0:0:0:0, 1:0:0:0:0, 4:0:0:0:2, 1:0:0:0:0, 1:0:0:0:0, 1:0:0:0:0, 5:0:0:0:2, 3:0:0:0:0, 1:0:0:0:0, 0:0:0:0:0, 1:0:0:0:0, 2:0:0:0:0, 2:0:0:0:0, 1:0:0:0:0, 2:0:0:0:0, 3:0:0:0:0, 4:0:0:0:0, 1:0:0:0:0, 5:0:0:0:2, 1:0:0:0:0, 2:0:0:0:1, 5:0:0:0:2, 1:0:0:0:0, 0:0:0:0:0, 0:0:0:0:0, 0:0:0:0:0, 0:0:0:0:0, 2:0:0:0:0, 2:0:0:0:0, 1:0:0:0:0, 2:0:0:0:0, 3:0:0:0:0, 5:0:0:0:0, 1:0:0:0:0, 5:0:0:0:2, 1:0:0:0:0, 1:0:0:0:0, 0:0:0:0:0, 3:0:0:0:2, 1:0:0:0:0, 1:0:0:0:0, 0:0:0:0:0, 1:0:0:0:0, 2:0:0:0:0, 2:0:0:0:0, 1:0:0:0:0, 2:0:0:0:0, 3:0:0:0:0, 4:0:0:0:0, 0:0:0:0:0, 5:0:0:0:2, 1:0:0:0:0, 3:0:0:0:1, 4:0:0:0:2, 1:0:0:0:0, 0:0:0:0:0, 1:0:0:0:0, 0:0:0:0:0, 1:0:0:0:0, 2:0:0:0:0, 2:0:0:0:0, 1:0:0:0:0, 0:0:0:0:0, 3:0:0:0:0, 5:0:0:0:0, 0:0:0:0:0, 4:0:0:0:4, 1:0:0:0:0, 1:0:0:0:0, 0:0:0:0:0, 4:0:0:0:2, 1:0:0:0:0, 1:0:0:0:0, 0:0:0:0:0, 0:0:0:0:0, 4:0:0:0:0, 5:0:0:0:0, 2:0:0:0:0, 0:0:0:0:0, 5:0:0:0:0, 4:0:0:0:0, 0:0:0:0:0, 3:0:0:0:2, 2:0:0:0:0, 3:0:1:0:4, 3:0:0:0:2, 1:0:0:0:0, 0:0:0:0:0, 1:0:0:0:0, 0:0:0:0:0, 0:0:0:0:0, 2:0:0:0:0, 4:0:0:0:0, 1:0:0:0:0, 0:0:0:0:0, 3:0:0:0:0, 4:0:0:0:0, 0:0:0:0:0, 3:0:0:0:4, 1:0:0:0:0, 1:0:0:0:0, 0:0:0:0:0, 5:0:0:0:2, 2:0:0:0:0, 1:0:0:0:0, 0:0:0:0:0, 0:0:0:0:0, 2:0:0:0:0, 3:0:0:0:0, 1:0:0:0:0, 2:0:0:0:0, 5:0:0:0:0, 3:0:0:0:0, 0:0:0:0:0, 4:0:0:0:4, 1:0:0:0:0, 3:0:0:0:1, 5:0:0:0:2, 1:0:0:0:0, 0:0:0:0:0, 1:0:0:0:0, 0:0:0:0:0, 0:0:0:0:0, 2:0:0:0:0, 2:0:0:0:0, 1:0:0:0:0,  , 4:0:0:0:0, 4:0:0:0:0, 0:0:0:0:0, 3:0:0:0:2, 1:0:0:0:0, 2:0:0:0:0, 0:0:0:0:0, 4:0:0:0:3, 1:0:0:0:0, 1:0:0:0:0, 2:0:0:0:1, 0:0:0:0:0, 2:0:0:0:0, 2:0:0:0:0, 1:0:0:0:0, 3:0:0:0:0, 4:0:0:0:0, 4:0:0:0:0, 2:0:0:0:1, 4:0:0:0:4, 1:0:0:0:0, 2:0:0:0:1, 3:0:0:0:2, 1:0:0:0:0, 1:0:0:0:0, 1:0:0:0:0, 0:0:0:0:0, 0:0:0:0:0, 2:0:0:0:0, 2:0:0:0:0, 1:0:0:0:0, 0:0:0:0:0, 3:0:0:0:0, 3:0:0:0:0, 0:0:0:0:0, 3:0:0:0:2, 1:0:0:0:0, 1:0:0:0:0, 0:0:0:0:0, 3:0:0:0:3, 1:0:0:0:0, 1:0:0:0:0, 0:0:0:0:0, 0:0:0:0:0, 2:0:0:0:0, 3:0:0:0:0, 1:0:0:0:0,  , 3:0:0:0:0, 4:0:0:0:0, 0:0:0:0:0, 3:0:0:0:3, 1:0:0:0:0, 2:0:0:0:2, 5:0:0:0:2, 1:0:0:0:0, 0:0:0:0:0, 1:0:0:0:0, 0:0:0:0:0, 1:0:0:0:0, 3:0:0:0:0, 2:0:0:0:0, 1:0:0:0:0, 2:0:0:0:0, 4:0:0:0:0, 4:0:0:0:0, 1:0:0:0:1, 5:0:0:0:6, 1:0:0:0:0, 1:0:0:0:0, 2:0:0:0:0, 6:0:0:0:2, 1:0:0:0:0, 1:0:0:0:0, 0:0:0:0:0, 0:0:0:0:0, 2:0:0:0:0, 2:0:0:0:0, 1:0:0:0:0, 1:0:0:0:0, 4:0:0:0:1, 3:0:0:0:0, 0:0:0:0:0, 3:0:0:0:6, 1:0:0:0:0, 2:0:0:0:2, 5:0:0:0:2, 1:0:0:0:0, 0:0:0:0:0, 1:0:0:0:0, 0:0:0:0:0, 0:0:0:0:0, 2:0:0:0:0, 4:0:0:0:0, 1:0:0:0:0, 0:0:0:0:0, 4:0:0:0:0, 4:0:0:0:0, 0:0:0:0:0, 4:0:0:0:5, 1:0:0:0:0, 1:0:0:0:0, 1:0:0:0:0, 5:0:0:0:3, 1:0:0:0:0, 3:0:0:0:0, 0:0:0:0:0, 2:0:0:0:0, 3:0:0:0:0, 4:0:0:0:0, 2:0:0:0:0, 1:0:0:0:0, 3:0:0:0:0, 4:0:0:0:0, 0:0:0:0:0, 4:0:0:0:5, 1:0:0:0:0, 4:0:0:0:1, 3:0:0:0:2, 1:0:0:0:0, 0:0:0:0:0, 1:0:0:0:0, 0:0:0:0:0, 0:0:0:0:0, 2:0:0:0:0, 3:0:0:0:0, 1:0:0:0:0, 1:0:0:0:0, 3:0:0:0:0, 3:0:0:0:0, 0:0:0:0:0, 3:0:0:0:2, 4:0:1:0:4, 3:0:0:0:0, 0:0:0:0:0, 3:0:0:0:2, 2:0:0:0:0, 1:0:0:0:0, 0:0:0:0:0, 1:0:0:0:0, 2:0:0:0:0, 3:0:0:0:0, 1:0:0:0:0, 2:0:0:0:1, 6:0:0:0:0, 4:0:0:0:0, 0:0:0:0:0, 5:0:0:0:3, 2:0:0:0:0, 2:0:0:0:1, 4:0:0:0:3, 1:0:0:0:0, 0:0:0:0:0, 1:0:0:0:0, 0:0:0:0:0, 0:0:0:0:0, 2:0:0:0:0, 2:0:0:0:0, 1:0:0:0:0, 1:0:0:0:0, 3:0:0:0:0, 3:0:0:0:0, 0:0:0:0:0, 3:0:0:0:3, 1:0:0:0:0, 1:0:0:0:0, 0:0:0:0:0, 3:0:0:0:5, 1:0:0:0:0, 2:0:0:0:0, 0:0:0:0:0, 0:0:0:0:0, 3:0:2:0:2, 2:0:0:0:0, 1:0:0:0:0,  , 5:0:0:0:0, 3:0:0:0:0, 0:0:0:0:0, 6:0:0:0:2, 1:0:0:0:0, 2:0:0:0:2, 3:0:0:0:2, 1:0:0:0:0, 0:0:0:0:0, 1:0:0:0:0, 0:0:0:0:0, 1:0:0:0:0, 2:0:0:0:0, 3:0:0:0:0, 1:0:0:0:0, 1:0:0:0:0, 4:0:0:0:0, 3:0:0:0:0, 0:0:0:0:0, 4:0:0:0:5, 1:0:0:0:0, 1:0:0:0:0, 0:0:0:0:0, 7:0:0:0:2, 2:0:0:0:0, 1:0:0:0:0, 0:0:0:0:0, 0:0:0:0:0, 2:0:0:0:0, 4:0:0:0:0, 2:0:0:0:0, 1:0:0:0:0, 3:0:0:0:0, 4:0:0:0:0, 1:0:0:0:0, 5:0:0:0:4, 1:0:0:0:0, 2:0:0:0:1, 6:0:0:0:2, 1:0:0:0:0, 1:0:0:0:0, 2:0:0:0:1, 0:0:0:0:0, 0:0:0:0:0, 0:0:0:0:0, 0:0:0:0:0, 647:0:4:0:154
A minor mel (0), 0:0:0:0:0, 0:0:0:0:0, 1:0:0:0:0, 2:0:0:0:0, 2:0:0:0:0, 1:0:0:0:0, 2:0:0:0:0, 3:0:0:0:0, 4:0:0:0:0, 1:0:0:0:0, 4:0:0:0:2, 1:0:0:0:0, 1:0:0:0:0, 1:0:0:0:0, 5:0:0:0:2, 3:0:0:0:0, 1:0:0:0:0, 0:0:0:0:0, 1:0:0:0:0, 2:0:0:0:0, 2:0:0:0:0, 1:0:0:0:0, 2:0:0:0:0, 3:0:0:0:0, 4:0:0:0:0, 1:0:0:0:0, 5:0:0:0:2, 1:0:0:0:0, 2:0:0:0:1, 5:0:0:0:2, 1:0:0:0:0, 0:0:0:0:0, 0:0:0:0:0, 0:0:0:0:0, 0:0:0:0:0, 2:0:0:0:0, 2:0:0:0:0, 1:0:0:0:0, 2:0:0:0:0, 3:0:0:0:0, 5:0:0:0:0, 1:0:0:0:0, 5:0:0:0:2, 1:0:0:0:0, 1:0:0:0:0, 0:0:0:0:0, 3:0:0:0:2, 1:0:0:0:0, 1:0:0:0:0, 0:0:0:0:0, 1:0:0:0:0, 2:0:0:0:0, 2:0:0:0:0, 1:0:0:0:0, 2:0:0:0:0, 3:0:0:0:0, 4:0:0:0:0, 0:0:0:0:0, 5:0:0:0:2, 1:0:0:0:0, 3:0:0:0:1, 4:0:0:0:2, 1:0:0:0:0, 0:0:0:0:0, 1:0:0:0:0, 0:0:0:0:0, 1:0:0:0:0, 2:0:0:0:0, 2:0:0:0:0, 1:0:0:0:0, 0:0:0:0:0, 3:0:0:0:0, 5:0:0:0:0, 0:0:0:0:0, 4:0:0:0:4, 1:0:0:0:0, 1:0:0:0:0, 0:0:0:0:0, 4:0:0:0:2, 1:0:0:0:0, 1:0:0:0:0, 0:0:0:0:0, 0:0:0:0:0, 4:0:0:0:0, 5:0:0:0:0, 2:0:0:0:0, 0:0:0:0:0, 5:0:0:0:0, 4:0:0:0:0, 0:0:0:0:0, 3:0:0:0:2, 2:0:0:0:0, 3:0:1:0:4, 3:0:0:0:2, 1:0:0:0:0, 0:0:0:0:0, 1:0:0:0:0, 0:0:0:0:0, 0:0:0:0:0, 2:0:0:0:0, 4:0:0:0:0, 1:0:0:0:0, 0:0:0:0:0, 3:0:0:0:0, 4:0:0:0:0, 0:0:0:0:0, 3:0:0:0:4, 1:0:0:0:0, 1:0:0:0:0, 0:0:0:0:0, 5:0:0:0:2, 2:0:0:0:0, 1:0:0:0:0, 0:0:0:0:0, 0:0:0:0:0, 2:0:0:0:0, 3:0:0:0:0, 1:0:0:0:0, 2:0:0:0:0, 5:0:0:0:0, 3:0:0:0:0, 0:0:0:0:0, 4:0:0:0:4, 1:0:0:0:0, 3:0:0:0:1, 5:0:0:0:2, 1:0:0:0:0, 0:0:0:0:0, 1:0:0:0:0, 0:0:0:0:0, 0:0:0:0:0, 2:0:0:0:0, 2:0:0:0:0, 1:0:0:0:0,  , 4:0:0:0:0, 4:0:0:0:0, 0:0:0:0:0, 3:0:0:0:2, 1:0:0:0:0, 2:0:0:0:0, 0:0:0:0:0, 4:0:0:0:3, 1:0:0:0:0, 1:0:0:0:0, 2:0:0:0:1, 0:0:0:0:0, 2:0:0:0:0, 2:0:0:0:0, 1:0:0:0:0, 3:0:0:0:0, 4:0:0:0:0, 4:0:0:0:0, 2:0:0:0:1, 4:0:0:0:4, 1:0:0:0:0, 2:0:0:0:1, 3:0:0:0:2, 1:0:0:0:0, 1:0:0:0:0, 1:0:0:0:0, 0:0:0:0:0, 0:0:0:0:0, 2:0:0:0:0, 2:0:0:0:0, 1:0:0:0:0, 0:0:0:0:0, 3:0:0:0:0, 3:0:0:0:0, 0:0:0:0:0, 3:0:0:0:2, 1:0:0:0:0, 1:0:0:0:0, 0:0:0:0:0, 3:0:0:0:3, 1:0:0:0:0, 1:0:0:0:0, 0:0:0:0:0, 0:0:0:0:0, 2:0:0:0:0, 3:0:0:0:0, 1:0:0:0:0,  , 3:0:0:0:0, 4:0:0:0:0, 0:0:0:0:0, 3:0:0:0:3, 1:0:0:0:0, 2:0:0:0:2, 5:0:0:0:2, 1:0:0:0:0, 0:0:0:0:0, 1:0:0:0:0, 0:0:0:0:0, 1:0:0:0:0, 3:0:0:0:0, 2:0:0:0:0, 1:0:0:0:0, 2:0:0:0:0, 4:0:0:0:0, 4:0:0:0:0, 1:0:0:0:1, 5:0:0:0:6, 1:0:0:0:0, 1:0:0:0:0, 2:0:0:0:0, 6:0:0:0:2, 1:0:0:0:0, 1:0:0:0:0, 0:0:0:0:0, 0:0:0:0:0, 2:0:0:0:0, 2:0:0:0:0, 1:0:0:0:0, 1:0:0:0:0, 4:0:0:0:1, 3:0:0:0:0, 0:0:0:0:0, 3:0:0:0:6, 1:0:0:0:0, 2:0:0:0:2, 5:0:0:0:2, 1:0:0:0:0, 0:0:0:0:0, 1:0:0:0:0, 0:0:0:0:0, 0:0:0:0:0, 2:0:0:0:0, 4:0:0:0:0, 1:0:0:0:0, 0:0:0:0:0, 4:0:0:0:0, 4:0:0:0:0, 0:0:0:0:0, 4:0:0:0:5, 1:0:0:0:0, 1:0:0:0:0, 1:0:0:0:0, 5:0:0:0:3, 1:0:0:0:0, 3:0:0:0:0, 0:0:0:0:0, 2:0:0:0:0, 3:0:0:0:0, 4:0:0:0:0, 2:0:0:0:0, 1:0:0:0:0, 3:0:0:0:0, 4:0:0:0:0, 0:0:0:0:0, 4:0:0:0:5, 1:0:0:0:0, 4:0:0:0:1, 3:0:0:0:2, 1:0:0:0:0, 0:0:0:0:0, 1:0:0:0:0, 0:0:0:0:0, 0:0:0:0:0, 2:0:0:0:0, 3:0:0:0:0, 1:0:0:0:0, 1:0:0:0:0, 3:0:0:0:0, 3:0:0:0:0, 0:0:0:0:0, 3:0:0:0:2, 4:0:1:0:4, 3:0:0:0:0, 0:0:0:0:0, 3:0:0:0:2, 2:0:0:0:0, 1:0:0:0:0, 0:0:0:0:0, 1:0:0:0:0, 2:0:0:0:0, 3:0:0:0:0, 1:0:0:0:0, 2:0:0:0:1, 6:0:0:0:0, 4:0:0:0:0, 0:0:0:0:0, 5:0:0:0:3, 2:0:0:0:0, 2:0:0:0:1, 4:0:0:0:3, 1:0:0:0:0, 0:0:0:0:0, 1:0:0:0:0, 0:0:0:0:0, 0:0:0:0:0, 2:0:0:0:0, 2:0:0:0:0, 1:0:0:0:0, 1:0:0:0:0, 3:0:0:0:0, 3:0:0:0:0, 0:0:0:0:0, 3:0:0:0:3, 1:0:0:0:0, 1:0:0:0:0, 0:0:0:0:0, 3:0:0:0:5, 1:0:0:0:0, 2:0:0:0:0, 0:0:0:0:0, 0:0:0:0:0, 3:0:2:0:2, 2:0:0:0:0, 1:0:0:0:0,  , 5:0:0:0:0, 3:0:0:0:0, 0:0:0:0:0, 6:0:0:0:2, 1:0:0:0:0, 2:0:0:0:2, 3:0:0:0:2, 1:0:0:0:0, 0:0:0:0:0, 1:0:0:0:0, 0:0:0:0:0, 1:0:0:0:0, 2:0:0:0:0, 3:0:0:0:0, 1:0:0:0:0, 1:0:0:0:0, 4:0:0:0:0, 3:0:0:0:0, 0:0:0:0:0, 4:0:0:0:5, 1:0:0:0:0, 1:0:0:0:0, 0:0:0:0:0, 7:0:0:0:2, 2:0:0:0:0, 1:0:0:0:0, 0:0:0:0:0, 0:0:0:0:0, 2:0:0:0:0, 4:0:0:0:0, 2:0:0:0:0, 1:0:0:0:0, 3:0:0:0:0, 4:0:0:0:0, 1:0:0:0:0, 5:0:0:0:4, 1:0:0:0:0, 2:0:0:0:1, 6:0:0:0:2, 1:0:0:0:0, 1:0:0:0:0, 2:0:0:0:1, 0:0:0:0:0, 0:0:0:0:0, 0:0:0:0:0, 0:0:0:0:0, 647:0:4:0:154
C major blues (0), 0:0:0:0:0, 0:0:0:0:0, 1:0:0:0:0, 2:0:0:0:0, 2:0:0:0:0, 1:0:0:0:0, 2:0:0:0:0, 3:0:0:0:0, 4:0:0:0:0, 1:0:0:0:0, 4:0:0:0:2, 1:0:0:0:0, 1:0:0:0:0, 1:0:0:0:0, 5:0:0:0:2, 3:0:0:0:0, 1:0:0:0:0, 0:0:0:0:0, 1:0:0:0:0, 2:0:0:0:0, 2:0:0:0:0, 1:0:0:0:0, 2:0:0:0:0, 3:0:0:0:0, 4:0:0:0:0, 1:0:0:0:0, 5:0:0:0:2, 1:0:0:0:0, 2:0:0:0:1, 5:0:0:0:2, 1:0:0:0:0, 0:0:0:0:0, 0:0:0:0:0, 0:0:0:0:0, 0:0:0:0:0, 2:0:0:0:0, 2:0:0:0:0, 1:0:0:0:0, 2:0:0:0:0, 3:0:0:0:0, 5:0:0:0:0, 1:0:0:0:0, 5:0:0:0:2, 1:0:0:0:0, 1:0:0:0:0, 0:0:0:0:0, 3:0:0:0:2, 1:0:0:0:0, 1:0:0:0:0, 0:0:0:0:0, 1:0:0:0:0, 2:0:0:0:0, 2:0:0:0:0, 1:0:0:0:0, 2:0:0:0:0, 3:0:0:0:0, 4:0:0:0:0, 0:0:0:0:0, 5:0:0:0:2, 1:0:0:0:0, 3:0:0:0:1, 4:0:0:0:2, 1:0:0:0:0, 0:0:0:0:0, 1:0:0:0:0, 0:0:0:0:0, 1:0:0:0:0, 2:0:0:0:0, 2:0:0:0:0, 1:0:0:0:0, 0:0:0:0:0, 3:0:0:0:0, 5:0:0:0:0, 0:0:0:0:0, 4:0:0:0:4, 1:0:0:0:0, 1:0:0:0:0, 0:0:0:0:0, 4:0:0:0:2, 1:0:0:0:0, 1:0:0:0:0, 0:0:0:0:0, 0:0:0:0:0, 4:0:0:0:0, 5:0:0:0:0, 2:0:0:0:0, 0:0:0:0:0, 5:0:0:0:0, 4:0:0:0:0, 0:0:0:0:0, 3:0:0:0:2, 2:0:0:0:0, 3:0:1:0:4, 3:0:0:0:2, 1:0:0:0:0, 0:0:0:0:0, 1:0:0:0:0, 0:0:0:0:0, 0:0:0:0:0, 2:0:0:0:0, 4:0:0:0:0, 1:0:0:0:0, 0:0:0:0:0, 3:0:0:0:0, 4:0:0:0:0, 0:0:0:0:0, 3:0:0:0:4, 1:0:0:0:0, 1:0:0:0:0, 0:0:0:0:0, 5:0:0:0:2, 2:0:0:0:0, 1:0:0:0:0, 0:0:0:0:0, 0:0:0:0:0, 2:0:0:0:0, 3:0:0:0:0, 1:0:0:0:0, 2:0:0:0:0, 5:0:0:0:0, 3:0:0:0:0, 0:0:0:0:0, 4:0:0:0:4, 1:0:0:0:0, 3:0:0:0:1, 5:0:0:0:2, 1:0:0:0:0, 0:0:0:0:0, 1:0:0:0:0, 0:0:0:0:0, 0:0:0:0:0, 2:0:0:0:0, 2:0:0:0:0, 1:0:0:0:0,  , 4:0:0:0:0, 4:0:0:0:0, 0:0:0:0:0, 3:0:0:0:2, 1:0:0:0:0, 2:0:0:0:0, 0:0:0:0:0, 4:0:0:0:3, 1:0:0:0:0, 1:0:0:0:0, 2:0:0:0:1, 0:0:0:0:0, 2:0:0:0:0, 2:0:0:0:0, 1:0:0:0:0, 3:0:0:0:0, 4:0:0:0:0, 4:0:0:0:0, 2:0:0:0:1, 4:0:0:0:4, 1:0:0:0:0, 2:0:0:0:1, 3:0:0:0:2, 1:0:0:0:0, 1:0:0:0:0, 1:0:0:0:0, 0:0:0:0:0, 0:0:0:0:0, 2:0:0:0:0, 2:0:0:0:0, 1:0:0:0:0, 0:0:0:0:0, 3:0:0:0:0, 3:0:0:0:0, 0:0:0:0:0, 3:0:0:0:2, 1:0:0:0:0, 1:0:0:0:0, 0:0:0:0:0, 3:0:0:0:3, 1:0:0:0:0, 1:0:0:0:0, 0:0:0:0:0, 0:0:0:0:0, 2:0:0:0:0, 3:0:0:0:0, 1:0:0:0:0,  , 3:0:0:0:0, 4:0:0:0:0, 0:0:0:0:0, 3:0:0:0:3, 1:0:0:0:0, 2:0:0:0:2, 5:0:0:0:2, 1:0:0:0:0, 0:0:0:0:0, 1:0:0:0:0, 0:0:0:0:0, 1:0:0:0:0, 3:0:0:0:0, 2:0:0:0:0, 1:0:0:0:0, 2:0:0:0:0, 4:0:0:0:0, 4:0:0:0:0, 1:0:0:0:1, 5:0:0:0:6, 1:0:0:0:0, 1:0:0:0:0, 2:0:0:0:0, 6:0:0:0:2, 1:0:0:0:0, 1:0:0:0:0, 0:0:0:0:0, 0:0:0:0:0, 2:0:0:0:0, 2:0:0:0:0, 1:0:0:0:0, 1:0:0:0:0, 4:0:0:0:1, 3:0:0:0:0, 0:0:0:0:0, 3:0:0:0:6, 1:0:0:0:0, 2:0:0:0:2, 5:0:0:0:2, 1:0:0:0:0, 0:0:0:0:0, 1:0:0:0:0, 0:0:0:0:0, 0:0:0:0:0, 2:0:0:0:0, 4:0:0:0:0, 1:0:0:0:0, 0:0:0:0:0, 4:0:0:0:0, 4:0:0:0:0, 0:0:0:0:0, 4:0:0:0:5, 1:0:0:0:0, 1:0:0:0:0, 1:0:0:0:0, 5:0:0:0:3, 1:0:0:0:0, 3:0:0:0:0, 0:0:0:0:0, 2:0:0:0:0, 3:0:0:0:0, 4:0:0:0:0, 2:0:0:0:0, 1:0:0:0:0, 3:0:0:0:0, 4:0:0:0:0, 0:0:0:0:0, 4:0:0:0:5, 1:0:0:0:0, 4:0:0:0:1, 3:0:0:0:2, 1:0:0:0:0, 0:0:0:0:0, 1:0:0:0:0, 0:0:0:0:0, 0:0:0:0:0, 2:0:0:0:0, 3:0:0:0:0, 1:0:0:0:0, 1:0:0:0:0, 3:0:0:0:0, 3:0:0:0:0, 0:0:0:0:0, 3:0:0:0:2, 4:0:1:0:4, 3:0:0:0:0, 0:0:0:0:0, 3:0:0:0:2, 2:0:0:0:0, 1:0:0:0:0, 0:0:0:0:0, 1:0:0:0:0, 2:0:0:0:0, 3:0:0:0:0, 1:0:0:0:0, 2:0:0:0:1, 6:0:0:0:0, 4:0:0:0:0, 0:0:0:0:0, 5:0:0:0:3, 2:0:0:0:0, 2:0:0:0:1, 4:0:0:0:3, 1:0:0:0:0, 0:0:0:0:0, 1:0:0:0:0, 0:0:0:0:0, 0:0:0:0:0, 2:0:0:0:0, 2:0:0:0:0, 1:0:0:0:0, 1:0:0:0:0, 3:0:0:0:0, 3:0:0:0:0, 0:0:0:0:0, 3:0:0:0:3, 1:0:0:0:0, 1:0:0:0:0, 0:0:0:0:0, 3:0:0:0:5, 1:0:0:0:0, 2:0:0:0:0, 0:0:0:0:0, 0:0:0:0:0, 3:0:2:0:2, 2:0:0:0:0, 1:0:0:0:0,  , 5:0:0:0:0, 3:0:0:0:0, 0:0:0:0:0, 6:0:0:0:2, 1:0:0:0:0, 2:0:0:0:2, 3:0:0:0:2, 1:0:0:0:0, 0:0:0:0:0, 1:0:0:0:0, 0:0:0:0:0, 1:0:0:0:0, 2:0:0:0:0, 3:0:0:0:0, 1:0:0:0:0, 1:0:0:0:0, 4:0:0:0:0, 3:0:0:0:0, 0:0:0:0:0, 4:0:0:0:5, 1:0:0:0:0, 1:0:0:0:0, 0:0:0:0:0, 7:0:0:0:2, 2:0:0:0:0, 1:0:0:0:0, 0:0:0:0:0, 0:0:0:0:0, 2:0:0:0:0, 4:0:0:0:0, 2:0:0:0:0, 1:0:0:0:0, 3:0:0:0:0, 4:0:0:0:0, 1:0:0:0:0, 5:0:0:0:4, 1:0:0:0:0, 2:0:0:0:1, 6:0:0:0:2, 1:0:0:0:0, 1:0:0:0:0, 2:0:0:0:1, 0:0:0:0:0, 0:0:0:0:0, 0:0:0:0:0, 0:0:0:0:0, 647:0:4:0:154
A minor blues (0), 0:0:0:0:0, 0:0:0:0:0, 1:0:0:0:0, 2:0:0:0:0, 2:0:0:0:0, 1:0:0:0:0, 2:0:0:0:0, 3:0:0:0:0, 4:0:0:0:0, 1:0:0:0:0, 4:0:0:0:2, 1:0:0:0:0, 1:0:0:0:0, 1:0:0:0:0, 5:0:0:0:2, 3:0:0:0:0, 1:0:0:0:0, 0:0:0:0:0, 1:0:0:0:0, 2:0:0:0:0, 2:0:0:0:0, 1:0:0:0:0, 2:0:0:0:0, 3:0:0:0:0, 4:0:0:0:0, 1:0:0:0:0, 5:0:0:0:2, 1:0:0:0:0, 2:0:0:0:1, 5:0:0:0:2, 1:0:0:0:0, 0:0:0:0:0, 0:0:0:0:0, 0:0:0:0:0, 0:0:0:0:0, 2:0:0:0:0, 2:0:0:0:0, 1:0:0:0:0, 2:0:0:0:0, 3:0:0:0:0, 5:0:0:0:0, 1:0:0:0:0, 5:0:0:0:2, 1:0:0:0:0, 1:0:0:0:0, 0:0:0:0:0, 3:0:0:0:2, 1:0:0:0:0, 1:0:0:0:0, 0:0:0:0:0, 1:0:0:0:0, 2:0:0:0:0, 2:0:0:0:0, 1:0:0:0:0, 2:0:0:0:0, 3:0:0:0:0, 4:0:0:0:0, 0:0:0:0:0, 5:0:0:0:2, 1:0:0:0:0, 3:0:0:0:1, 4:0:0:0:2, 1:0:0:0:0, 0:0:0:0:0, 1:0:0:0:0, 0:0:0:0:0, 1:0:0:0:0, 2:0:0:0:0, 2:0:0:0:0, 1:0:0:0:0, 0:0:0:0:0, 3:0:0:0:0, 5:0:0:0:0, 0:0:0:0:0, 4:0:0:0:4, 1:0:0:0:0, 1:0:0:0:0, 0:0:0:0:0, 4:0:0:0:2, 1:0:0:0:0, 1:0:0:0:0, 0:0:0:0:0, 0:0:0:0:0, 4:0:0:0:0, 5:0:0:0:0, 2:0:0:0:0, 0:0:0:0:0, 5:0:0:0:0, 4:0:0:0:0, 0:0:0:0:0, 3:0:0:0:2, 2:0:0:0:0, 3:0:1:0:4, 3:0:0:0:2, 1:0:0:0:0, 0:0:0:0:0, 1:0:0:0:0, 0:0:0:0:0, 0:0:0:0:0, 2:0:0:0:0, 4:0:0:0:0, 1:0:0:0:0, 0:0:0:0:0, 3:0:0:0:0, 4:0:0:0:0, 0:0:0:0:0, 3:0:0:0:4, 1:0:0:0:0, 1:0:0:0:0, 0:0:0:0:0, 5:0:0:0:2, 2:0:0:0:0, 1:0:0:0:0, 0:0:0:0:0, 0:0:0:0:0, 2:0:0:0:0, 3:0:0:0:0, 1:0:0:0:0, 2:0:0:0:0, 5:0:0:0:0, 3:0:0:0:0, 0:0:0:0:0, 4:0:0:0:4, 1:0:0:0:0, 3:0:0:0:1, 5:0:0:0:2, 1:0:0:0:0, 0:0:0:0:0, 1:0:0:0:0, 0:0:0:0:0, 0:0:0:0:0, 2:0:0:0:0, 2:0:0:0:0, 1:0:0:0:0,  , 4:0:0:0:0, 4:0:0:0:0, 0:0:0:0:0, 3:0:0:0:2, 1:0:0:0:0, 2:0:0:0:0, 0:0:0:0:0, 4:0:0:0:3, 1:0:0:0:0, 1:0:0:0:0, 2:0:0:0:1, 0:0:0:0:0, 2:0:0:0:0, 2:0:0:0:0, 1:0:0:0:0, 3:0:0:0:0, 4:0:0:0:0, 4:0:0:0:0, 2:0:0:0:1, 4:0:0:0:4, 1:0:0:0:0, 2:0:0:0:1, 3:0:0:0:2, 1:0:0:0:0, 1:0:0:0:0, 1:0:0:0:0, 0:0:0:0:0, 0:0:0:0:0, 2:0:0:0:0, 2:0:0:0:0, 1:0:0:0:0, 0:0:0:0:0, 3:0:0:0:0, 3:0:0:0:0, 0:0:0:0:0, 3:0:0:0:2, 1:0:0:0:0, 1:0:0:0:0, 0:0:0:0:0, 3:0:0:0:3, 1:0:0:0:0, 1:0:0:0:0, 0:0:0:0:0, 0:0:0:0:0, 2:0:0:0:0, 3:0:0:0:0, 1:0:0:0:0,  , 3:0:0:0:0, 4:0:0:0:0, 0:0:0:0:0, 3:0:0:0:3, 1:0:0:0:0, 2:0:0:0:2, 5:0:0:0:2, 1:0:0:0:0, 0:0:0:0:0, 1:0:0:0:0, 0:0:0:0:0, 1:0:0:0:0, 3:0:0:0:0, 2:0:0:0:0, 1:0:0:0:0, 2:0:0:0:0, 4:0:0:0:0, 4:0:0:0:0, 1:0:0:0:1, 5:0:0:0:6, 1:0:0:0:0, 1:0:0:0:0, 2:0:0:0:0, 6:0:0:0:2, 1:0:0:0:0, 1:0:0:0:0, 0:0:0:0:0, 0:0:0:0:0, 2:0:0:0:0, 2:0:0:0:0, 1:0:0:0:0, 1:0:0:0:0, 4:0:0:0:1, 3:0:0:0:0, 0:0:0:0:0, 3:0:0:0:6, 1:0:0:0:0, 2:0:0:0:2, 5:0:0:0:2, 1:0:0:0:0, 0:0:0:0:0, 1:0:0:0:0, 0:0:0:0:0, 0:0:0:0:0, 2:0:0:0:0, 4:0:0:0:0, 1:0:0:0:0, 0:0:0:0:0, 4:0:0:0:0, 4:0:0:0:0, 0:0:0:0:0, 4:0:0:0:5, 1:0:0:0:0, 1:0:0:0:0, 1:0:0:0:0, 5:0:0:0:3, 1:0:0:0:0, 3:0:0:0:0, 0:0:0:0:0, 2:0:0:0:0, 3:0:0:0:0, 4:0:0:0:0, 2:0:0:0:0, 1:0:0:0:0, 3:0:0:0:0, 4:0:0:0:0, 0:0:0:0:0, 4:0:0:0:5, 1:0:0:0:0, 4:0:0:0:1, 3:0:0:0:2, 1:0:0:0:0, 0:0:0:0:0, 1:0:0:0:0, 0:0:0:0:0, 0:0:0:0:0, 2:0:0:0:0, 3:0:0:0:0, 1:0:0:0:0, 1:0:0:0:0, 3:0:0:0:0, 3:0:0:0:0, 0:0:0:0:0, 3:0:0:0:2, 4:0:1:0:4, 3:0:0:0:0, 0:0:0:0:0, 3:0:0:0:2, 2:0:0:0:0, 1:0:0:0:0, 0:0:0:0:0, 1:0:0:0:0, 2:0:0:0:0, 3:0:0:0:0, 1:0:0:0:0, 2:0:0:0:1, 6:0:0:0:0, 4:0:0:0:0, 0:0:0:0:0, 5:0:0:0:3, 2:0:0:0:0, 2:0:0:0:1, 4:0:0:0:3, 1:0:0:0:0, 0:0:0:0:0, 1:0:0:0:0, 0:0:0:0:0, 0:0:0:0:0, 2:0:0:0:0, 2:0:0:0:0, 1:0:0:0:0, 1:0:0:0:0, 3:0:0:0:0, 3:0:0:0:0, 0:0:0:0:0, 3:0:0:0:3, 1:0:0:0:0, 1:0:0:0:0, 0:0:0:0:0, 3:0:0:0:5, 1:0:0:0:0, 2:0:0:0:0, 0:0:0:0:0, 0:0:0:0:0, 3:0:2:0:2, 2:0:0:0:0, 1:0:0:0:0,  , 5:0:0:0:0, 3:0:0:0:0, 0:0:0:0:0, 6:0:0:0:2, 1:0:0:0:0, 2:0:0:0:2, 3:0:0:0:2, 1:0:0:0:0, 0:0:0:0:0, 1:0:0:0:0, 0:0:0:0:0, 1:0:0:0:0, 2:0:0:0:0, 3:0:0:0:0, 1:0:0:0:0, 1:0:0:0:0, 4:0:0:0:0, 3:0:0:0:0, 0:0:0:0:0, 4:0:0:0:5, 1:0:0:0:0, 1:0:0:0:0, 0:0:0:0:0, 7:0:0:0:2, 2:0:0:0:0, 1:0:0:0:0, 0:0:0:0:0, 0:0:0:0:0, 2:0:0:0:0, 4:0:0:0:0, 2:0:0:0:0, 1:0:0:0:0, 3:0:0:0:0, 4:0:0:0:0, 1:0:0:0:0, 5:0:0:0:4, 1:0:0:0:0, 2:0:0:0:1, 6:0:0:0:2, 1:0:0:0:0, 1:0:0:0:0, 2:0:0:0:1, 0:0:0:0:0, 0:0:0:0:0, 0:0:0:0:0, 0:0:0:0:0, 647:0:4:0:154
C dorian (0), 0:0:0:0:0, 0:0:0:0:0, 1:0:0:0:0, 2:0:0:0:0, 2:0:0:0:0, 1:0:0:0:0, 2:0:0:0:0, 3:0:0:0:0, 4:0:0:0:0, 1:0:0:0:0, 4:0:0:0:2, 1:0:0:0:0, 1:0:0:0:0, 1:0:0:0:0, 5:0:0:0:2, 3:0:0:0:0, 1:0:0:0:0, 0:0:0:0:0, 1:0:0:0:0, 2:0:0:0:0, 2:0:0:0:0, 1:0:0:0:0, 2:0:0:0:0, 3:0:0:0:0, 4:0:0:0:0, 1:0:0:0:0, 5:0:0:0:2, 1:0:0:0:0, 2:0:0:0:1, 5:0:0:0:2, 1:0:0:0:0, 0:0:0:0:0, 0:0:0:0:0, 0:0:0:0:0, 0:0:0:0:0, 2:0:0:0:0, 2:0:0:0:0, 1:0:0:0:0, 2:0:0:0:0, 3:0:0:0:0, 5:0:0:0:0, 1:0:0:0:0, 5:0:0:0:2, 1:0:0:0:0, 1:0:0:0:0, 0:0:0:0:0, 3:0:0:0:2, 1:0:0:0:0, 1:0:0:0:0, 0:0:0:0:0, 1:0:0:0:0, 2:0:0:0:0, 2:0:0:0:0, 1:0:0:0:0, 2:0:0:0:0, 3:0:0:0:0, 4:0:0:0:0, 0:0:0:0:0, 5:0:0:0:2, 1:0:0:0:0, 3:0:0:0:1, 4:0:0:0:2, 1:0:0:0:0, 0:0:0:0:0, 1:0:0:0:0, 0:0:0:0:0, 1:0:0:0:0, 2:0:0:0:0, 2:0:0:0:0, 1:0:0:0:0, 0:0:0:0:0, 3:0:0:0:0, 5:0:0:0:0, 0:0:0:0:0, 4:0:0:0:4, 1:0:0:0:0, 1:0:0:0:0, 0:0:0:0:0, 4:0:0:0:2, 1:0:0:0:0, 1:0:0:0:0, 0:0:0:0:0, 0:0:0:0:0, 4:0:0:0:0, 5:0:0:0:0, 2:0:0:0:0, 0:0:0:0:0, 5:0:0:0:0, 4:0:0:0:0, 0:0:0:0:0, 3:0:0:0:2, 2:0:0:0:0, 3:0:1:0:4, 3:0:0:0:2, 1:0:0:0:0, 0:0:0:0:0, 1:0:0:0:0, 0:0:0:0:0, 0:0:0:0:0, 2:0:0:0:0, 4:0:0:0:0, 1:0:0:0:0, 0:0:0:0:0, 3:0:0:0:0, 4:0:0:0:0, 0:0:0:0:0, 3:0:0:0:4, 1:0:0:0:0, 1:0:0:0:0, 0:0:0:0:0, 5:0:0:0:2, 2:0:0:0:0, 1:0:0:0:0, 0:0:0:0:0, 0:0:0:0:0, 2:0:0:0:0, 3:0:0:0:0, 1:0:0:0:0, 2:0:0:0:0, 5:0:0:0:0, 3:0:0:0:0, 0:0:0:0:0, 4:0:0:0:4, 1:0:0:0:0, 3:0:0:0:1, 5:0:0:0:2, 1:0:0:0:0, 0:0:0:0:0, 1:0:0:0:0, 0:0:0:0:0, 0:0:0:0:0, 2:0:0:0:0, 2:0:0:0:0, 1:0:0:0:0,  , 4:0:0:0:0, 4:0:0:0:0, 0:0:0:0:0, 3:0:0:0:2, 1:0:0:0:0, 2:0:0:0:0, 0:0:0:0:0, 4:0:0:0:3, 1:0:0:0:0, 1:0:0:0:0, 2:0:0:0:1, 0:0:0:0:0, 2:0:0:0:0, 2:0:0:0:0, 1:0:0:0:0, 3:0:0:0:0, 4:0:0:0:0, 4:0:0:0:0, 2:0:0:0:1, 4:0:0:0:4, 1:0:0:0:0, 2:0:0:0:1, 3:0:0:0:2, 1:0:0:0:0, 1:0:0:0:0, 1:0:0:0:0, 0:0:0:0:0, 0:0:0:0:0, 2:0:0:0:0, 2:0:0:0:0, 1:0:0:0:0, 0:0:0:0:0, 3:0:0:0:0, 3:0:0:0:0, 0:0:0:0:0, 3:0:0:0:2, 1:0:0:0:0, 1:0:0:0:0, 0:0:0:0:0, 3:0:0:0:3, 1:0:0:0:0, 1:0:0:0:0, 0:0:0:0:0, 0:0:0:0:0, 2:0:0:0:0, 3:0:0:0:0, 1:0:0:0:0,  , 3:0:0:0:0, 4:0:0:0:0, 0:0:0:0:0, 3:0:0:0:3, 1:0:0:0:0, 2:0:0:0:2, 5:0:0:0:2, 1:0:0:0:0, 0:0:0:0:0, 1:0:0:0:0, 0:0:0:0:0, 1:0:0:0:0, 3:0:0:0:0, 2:0:0:0:0, 1:0:0:0:0, 2:0:0:0:0, 4:0:0:0:0, 4:0:0:0:0, 1:0:0:0:1, 5:0:0:0:6, 1:0:0:0:0, 1:0:0:0:0, 2:0:0:0:0, 6:0:0:0:2, 1:0:0:0:0, 1:0:0:0:0, 0:0:0:0:0, 0:0:0:0:0, 2:0:0:0:0, 2:0:0:0:0, 1:0:0:0:0, 1:0:0:0:0, 4:0:0:0:1, 3:0:0:0:0, 0:0:0:0:0, 3:0:0:0:6, 1:0:0:0:0, 2:0:0:0:2, 5:0:0:0:2, 1:0:0:0:0, 0:0:0:0:0, 1:0:0:0:0, 0:0:0:0:0, 0:0:0:0:0, 2:0:0:0:0, 4:0:0:0:0, 1:0:0:0:0, 0:0:0:0:0, 4:0:0:0:0, 4:0:0:0:0, 0:0:0:0:0, 4:0:0:0:5, 1:0:0:0:0, 1:0:0:0:0, 1:0:0:0:0, 5:0:0:0:3, 1:0:0:0:0, 3:0:0:0:0, 0:0:0:0:0, 2:0:0:0:0, 3:0:0:0:0, 4:0:0:0:0, 2:0:0:0:0, 1:0:0:0:0, 3:0:0:0:0, 4:0:0:0:0, 0:0:0:0:0, 4:0:0:0:5, 1:0:0:0:0, 4:0:0:0:1, 3:0:0:0:2, 1:0:0:0:0, 0:0:0:0:0, 1:0:0:0:0, 0:0:0:0:0, 0:0:0:0:0, 2:0:0:0:0, 3:0:0:0:0, 1:0:0:0:0, 1:0:0:0:0, 3:0:0:0:0, 3:0:0:0:0, 0:0:0:0:0, 3:0:0:0:2, 4:0:1:0:4, 3:0:0:0:0, 0:0:0:0:0, 3:0:0:0:2, 2:0:0:0:0, 1:0:0:0:0, 0:0:0:0:0, 1:0:0:0:0, 2:0:0:0:0, 3:0:0:0:0, 1:0:0:0:0, 2:0:0:0:1, 6:0:0:0:0, 4:0:0:0:0, 0:0:0:0:0, 5:0:0:0:3, 2:0:0:0:0, 2:0:0:0:1, 4:0:0:0:3, 1:0:0:0:0, 0:0:0:0:0, 1:0:0:0:0, 0:0:0:0:0, 0:0:0:0:0, 2:0:0:0:0, 2:0:0:0:0, 1:0:0:0:0, 1:0:0:0:0, 3:0:0:0:0, 3:0:0:0:0, 0:0:0:0:0, 3:0:0:0:3, 1:0:0:0:0, 1:0:0:0:0, 0:0:0:0:0, 3:0:0:0:5, 1:0:0:0:0, 2:0:0:0:0, 0:0:0:0:0, 0:0:0:0:0, 3:0:2:0:2, 2:0:0:0:0, 1:0:0:0:0,  , 5:0:0:0:0, 3:0:0:0:0, 0:0:0:0:0, 6:0:0:0:2, 1:0:0:0:0, 2:0:0:0:2, 3:0:0:0:2, 1:0:0:0:0, 0:0:0:0:0, 1:0:0:0:0, 0:0:0:0:0, 1:0:0:0:0, 2:0:0:0:0, 3:0:0:0:0, 1:0:0:0:0, 1:0:0:0:0, 4:0:0:0:0, 3:0:0:0:0, 0:0:0:0:0, 4:0:0:0:5, 1:0:0:0:0, 1:0:0:0:0, 0:0:0:0:0, 7:0:0:0:2, 2:0:0:0:0, 1:0:0:0:0, 0:0:0:0:0, 0:0:0:0:0, 2:0:0:0:0, 4:0:0:0:0, 2:0:0:0:0, 1:0:0:0:0, 3:0:0:0:0, 4:0:0:0:0, 1:0:0:0:0, 5:0:0:0:4, 1:0:0:0:0, 2:0:0:0:1, 6:0:0:0:2, 1:0:0:0:0, 1:0:0:0:0, 2:0:0:0:1, 0:0:0:0:0, 0:0:0:0:0, 0:0:0:0:0, 0:0:0:0:0, 647:0:4:0:154
C phrygian (0), 0:0:0:0:0, 0:0:0:0:0, 1:0:0:0:0, 2:0:0:0:0, 2:0:0:0:0, 1:0:0:0:0, 2:0:0:0:0, 3:0:0:0:0, 4:0:0:0:0, 1:0:0:0:0, 4:0:0:0:2, 1:0:0:0:0, 1:0:0:0:0, 1:0:0:0:0, 5:0:0:0:2, 3:0:0:0:0, 1:0:0:0:0, 0:0:0:0:0, 1:0:0:0:0, 2:0:0:0:0, 2:0:0:0:0, 1:0:0:0:0, 2:0:0:0:0, 3:0:0:0:0, 4:0:0:0:0, 1:0:0:0:0, 5:0:0:0:2, 1:0:0:0:0, 2:0:0:0:1, 5:0:0:0:2, 1:0:0:0:0, 0:0:0:0:0, 0:0:0:0:0, 0:0:0:0:0, 0:0:0:0:0, 2:0:0:0:0, 2:0:0:0:0, 1:0:0:0:0, 2:0:0:0:0, 3:0:0:0:0, 5:0:0:0:0, 1:0:0:0:0, 5:0:0:0:2, 1:0:0:0:0, 1:0:0:0:0, 0:0:0:0:0, 3:0:0:0:2, 1:0:0:0:0, 1:0:0:0:0, 0:0:0:0:0, 1:0:0:0:0, 2:0:0:0:0, 2:0:0:0:0, 1:0:0:0:0, 2:0:0:0:0, 3:0:0:0:0, 4:0:0:0:0, 0:0:0:0:0, 5:0:0:0:2, 1:0:0:0:0, 3:0:0:0:1, 4:0:0:0:2, 1:0:0:0:0, 0:0:0:0:0, 1:0:0:0:0, 0:0:0:0:0, 1:0:0:0:0, 2:0:0:0:0, 2:0:0:0:0, 1:0:0:0:0, 0:0:0:0:0, 3:0:0:0:0, 5:0:0:0:0, 0:0:0:0:0, 4:0:0:0:4, 1:0:0:0:0, 1:0:0:0:0, 0:0:0:0:0, 4:0:0:0:2, 1:0:0:0:0, 1:0:0:0:0, 0:0:0:0:0, 0:0:0:0:0, 4:0:0:0:0, 5:0:0:0:0, 2:0:0:0:0, 0:0:0:0:0, 5:0:0:0:0, 4:0:0:0:0, 0:0:0:0:0, 3:0:0:0:2, 2:0:0:0:0, 3:0:1:0:4, 3:0:0:0:2, 1:0:0:0:0, 0:0:0:0:0, 1:0:0:0:0, 0:0:0:0:0, 0:0:0:0:0, 2:0:0:0:0, 4:0:0:0:0, 1:0:0:0:0, 0:0:0:0:0, 3:0:0:0:0, 4:0:0:0:0, 0:0:0:0:0, 3:0:0:0:4, 1:0:0:0:0, 1:0:0:0:0, 0:0:0:0:0, 5:0:0:0:2, 2:0:0:0:0, 1:0:0:0:0, 0:0:0:0:0, 0:0:0:0:0, 2:0:0:0:0, 3:0:0:0:0, 1:0:0:0:0, 2:0:0:0:0, 5:0:0:0:0, 3:0:0:0:0, 0:0:0:0:0, 4:0:0:0:4, 1:0:0:0:0, 3:0:0:0:1, 5:0:0:0:2, 1:0:0:0:0, 0:0:0:0:0, 1:0:0:0:0, 0:0:0:0:0, 0:0:0:0:0, 2:0:0:0:0, 2:0:0:0:0, 1:0:0:0:0,  , 4:0:0:0:0, 4:0:0:0:0, 0:0:0:0:0, 3:0:0:0:2, 1:0:0:0:0, 2:0:0:0:0, 0:0:0:0:0, 4:0:0:0:3, 1:0:0:0:0, 1:0:0:0:0, 2:0:0:0:1, 0:0:0:0:0, 2:0:0:0:0, 2:0:0:0:0, 1:0:0:0:0, 3:0:0:0:0, 4:0:0:0:0, 4:0:0:0:0, 2:0:0:0:1, 4:0:0:0:4, 1:0:0:0:0, 2:0:0:0:1, 3:0:0:0:2, 1:0:0:0:0, 1:0:0:0:0, 1:0:0:0:0, 0:0:0:0:0, 0:0:0:0:0, 2:0:0:0:0, 2:0:0:0:0, 1:0:0:0:0, 0:0:0:0:0, 3:0:0:0:0, 3:0:0:0:0, 0:0:0:0:0, 3:0:0:0:2, 1:0:0:0:0, 1:0:0:0:0, 0:0:0:0:0, 3:0:0:0:3, 1:0:0:0:0, 1:0:0:0:0, 0:0:0:0:0, 0:0:0:0:0, 2:0:0:0:0, 3:0:0:0:0, 1:0:0:0:0,  , 3:0:0:0:0, 4:0:0:0:0, 0:0:0:0:0, 3:0:0:0:3, 1:0:0:0:0, 2:0:0:0:2, 5:0:0:0:2, 1:0:0:0:0, 0:0:0:0:0, 1:0:0:0:0, 0:0:0:0:0, 1:0:0:0:0, 3:0:0:0:0, 2:0:0:0:0, 1:0:0:0:0, 2:0:0:0:0, 4:0:0:0:0, 4:0:0:0:0, 1:0:0:0:1, 5:0:0:0:6, 1:0:0:0:0, 1:0:0:0:0, 2:0:0:0:0, 6:0:0:0:2, 1:0:0:0:0, 1:0:0:0:0, 0:0:0:0:0, 0:0:0:0:0, 2:0:0:0:0, 2:0:0:0:0, 1:0:0:0:0, 1:0:0:0:0, 4:0:0:0:1, 3:0:0:0:0, 0:0:0:0:0, 3:0:0:0:6, 1:0:0:0:0, 2:0:0:0:2, 5:0:0:0:2, 1:0:0:0:0, 0:0:0:0:0, 1:0:0:0:0, 0:0:0:0:0, 0:0:0:0:0, 2:0:0:0:0, 4:0:0:0:0, 1:0:0:0:0, 0:0:0:0:0, 4:0:0:0:0, 4:0:0:0:0, 0:0:0:0:0, 4:0:0:0:5, 1:0:0:0:0, 1:0:0:0:0, 1:0:0:0:0, 5:0:0:0:3, 1:0:0:0:0, 3:0:0:0:0, 0:0:0:0:0, 2:0:0:0:0, 3:0:0:0:0, 4:0:0:0:0, 2:0:0:0:0, 1:0:0:0:0, 3:0:0:0:0, 4:0:0:0:0, 0:0:0:0:0, 4:0:0:0:5, 1:0:0:0:0, 4:0:0:0:1, 3:0:0:0:2, 1:0:0:0:0, 0:0:0:0:0, 1:0:0:0:0, 0:0:0:0:0, 0:0:0:0:0, 2:0:0:0:0, 3:0:0:0:0, 1:0:0:0:0, 1:0:0:0:0, 3:0:0:0:0, 3:0:0:0:0, 0:0:0:0:0, 3:0:0:0:2, 4:0:1:0:4, 3:0:0:0:0, 0:0:0:0:0, 3:0:0:0:2, 2:0:0:0:0, 1:0:0:0:0, 0:0:0:0:0, 1:0:0:0:0, 2:0:0:0:0, 3:0:0:0:0, 1:0:0:0:0, 2:0:0:0:1, 6:0:0:0:0, 4:0:0:0:0, 0:0:0:0:0, 5:0:0:0:3, 2:0:0:0:0, 2:0:0:0:1, 4:0:0:0:3, 1:0:0:0:0, 0:0:0:0:0, 1:0:0:0:0, 0:0:0:0:0, 0:0:0:0:0, 2:0:0:0:0, 2:0:0:0:0, 1:0:0:0:0, 1:0:0:0:0, 3:0:0:0:0, 3:0:0:0:0, 0:0:0:0:0, 3:0:0:0:3, 1:0:0:0:0, 1:0:0:0:0, 0:0:0:0:0, 3:0:0:0:5, 1:0:0:0:0, 2:0:0:0:0, 0:0:0:0:0, 0:0:0:0:0, 3:0:2:0:2, 2:0:0:0:0, 1:0:0:0:0,  , 5:0:0:0:0, 3:0:0:0:0, 0:0:0:0:0, 6:0:0:0:2, 1:0:0:0:0, 2:0:0:0:2, 3:0:0:0:2, 1:0:0:0:0, 0:0:0:0:0, 1:0:0:0:0, 0:0:0:0:0, 1:0:0:0:0, 2:0:0:0:0, 3:0:0:0:0, 1:0:0:0:0, 1:0:0:0:0, 4:0:0:0:0, 3:0:0:0:0, 0:0:0:0:0, 4:0:0:0:5, 1:0:0:0:0, 1:0:0:0:0, 0:0:0:0:0, 7:0:0:0:2, 2:0:0:0:0, 1:0:0:0:0, 0:0:0:0:0, 0:0:0:0:0, 2:0:0:0:0, 4:0:0:0:0, 2:0:0:0:0, 1:0:0:0:0, 3:0:0:0:0, 4:0:0:0:0, 1:0:0:0:0, 5:0:0:0:4, 1:0:0:0:0, 2:0:0:0:1, 6:0:0:0:2, 1:0:0:0:0, 1:0:0:0:0, 2:0:0:0:1, 0:0:0:0:0, 0:0:0:0:0, 0:0:0:0:0, 0:0:0:0:0, 647:0:4:0:154
C lydian (0), 0:0:0:0:0, 0:0:0:0:0, 1:0:0:0:0, 2:0:0:0:0, 2:0:0:0:0, 1:0:0:0:0, 2:0:0:0:0, 3:0:0:0:0, 4:0:0:0:0, 1:0:0:0:0, 4:0:0:0:2, 1:0:0:0:0, 1:0:0:0:0, 1:0:0:0:0, 5:0:0:0:2, 3:0:0:0:0, 1:0:0:0:0, 0:0:0:0:0, 1:0:0:0:0, 2:0:0:0:0, 2:0:0:0:0, 1:0:0:0:0, 2:0:0:0:0, 3:0:0:0:0, 4:0:0:0:0, 1:0:0:0:0, 5:0:0:0:2, 1:0:0:0:0, 2:0:0:0:1, 5:0:0:0:2, 1:0:0:0:0, 0:0:0:0:0, 0:0:0:0:0, 0:0:0:0:0, 0:0:0:0:0, 2:0:0:0:0, 2:0:0:0:0, 1:0:0:0:0, 2:0:0:0:0, 3:0:0:0:0, 5:0:0:0:0, 1:0:0:0:0, 5:0:0:0:2, 1:0:0:0:0, 1:0:0:0:0, 0:0:0:0:0, 3:0:0:0:2, 1:0:0:0:0, 1:0:0:0:0, 0:0:0:0:0, 1:0:0:0:0, 2:0:0:0:0, 2:0:0:0:0, 1:0:0:0:0, 2:0:0:0:0, 3:0:0:0:0, 4:0:0:0:0, 0:0:0:0:0, 5:0:0:0:2, 1:0:0:0:0, 3:0:0:0:1, 4:0:0:0:2, 1:0:0:0:0, 0:0:0:0:0, 1:0:0:0:0, 0:0:0:0:0, 1:0:0:0:0, 2:0:0:0:0, 2:0:0:0:0, 1:0:0:0:0, 0:0:0:0:0, 3:0:0:0:0, 5:0:0:0:0, 0:0:0:0:0, 4:0:0:0:4, 1:0:0:0:0, 1:0:0:0:0, 0:0:0:0:0, 4:0:0:0:2, 1:0:0:0:0, 1:0:0:0:0, 0:0:0:0:0, 0:0:0:0:0, 4:0:0:0:0, 5:0:0:0:0, 2:0:0:0:0, 0:0:0:0:0, 5:0:0:0:0, 4:0:0:0:0, 0:0:0:0:0, 3:0:0:0:2, 2:0:0:0:0, 3:0:1:0:4, 3:0:0:0:2, 1:0:0:0:0, 0:0:0:0:0, 1:0:0:0:0, 0:0:0:0:0, 0:0:0:0:0, 2:0:0:0:0, 4:0:0:0:0, 1:0:0:0:0, 0:0:0:0:0, 3:0:0:0:0, 4:0:0:0:0, 0:0:0:0:0, 3:0:0:0:4, 1:0:0:0:0, 1:0:0:0:0, 0:0:0:0:0, 5:0:0:0:2, 2:0:0:0:0, 1:0:0:0:0, 0:0:0:0:0, 0:0:0:0:0, 2:0:0:0:0, 3:0:0:0:0, 1:0:0:0:0, 2:0:0:0:0, 5:0:0:0:0, 3:0:0:0:0, 0:0:0:0:0, 4:0:0:0:4, 1:0:0:0:0, 3:0:0:0:1, 5:0:0:0:2, 1:0:0:0:0, 0:0:0:0:0, 1:0:0:0:0, 0:0:0:0:0, 0:0:0:0:0, 2:0:0:0:0, 2:0:0:0:0, 1:0:0:0:0,  , 4:0:0:0:0, 4:0:0:0:0, 0:0:0:0:0, 3:0:0:0:2, 1:0:0:0:0, 2:0:0:0:0, 0:0:0:0:0, 4:0:0:0:3, 1:0:0:0:0, 1:0:0:0:0, 2:0:0:0:1, 0:0:0:0:0, 2:0:0:0:0, 2:0:0:0:0, 1:0:0:0:0, 3:0:0:0:0, 4:0:0:0:0, 4:0:0:0:0, 2:0:0:0:1, 4:0:0:0:4, 1:0:0:0:0, 2:0:0:0:1, 3:0:0:0:2, 1:0:0:0:0, 1:0:0:0:0, 1:0:0:0:0, 0:0:0:0:0, 0:0:0:0:0, 2:0:0:0:0, 2:0:0:0:0, 1:0:0:0:0, 0:0:0:0:0, 3:0:0:0:0, 3:0:0:0:0, 0:0:0:0:0, 3:0:0:0:2, 1:0:0:0:0, 1:0:0:0:0, 0:0:0:0:0, 3:0:0:0:3, 1:0:0:0:0, 1:0:0:0:0, 0:0:0:0:0, 0:0:0:0:0, 2:0:0:0:0, 3:0:0:0:0, 1:0:0:0:0,  , 3:0:0:0:0, 4:0:0:0:0, 0:0:0:0:0, 3:0:0:0:3, 1:0:0:0:0, 2:0:0:0:2, 5:0:0:0:2, 1:0:0:0:0, 0:0:0:0:0, 1:0:0:0:0, 0:0:0:0:0, 1:0:0:0:0, 3:0:0:0:0, 2:0:0:0:0, 1:0:0:0:0, 2:0:0:0:0, 4:0:0:0:0, 4:0:0:0:0, 1:0:0:0:1, 5:0:0:0:6, 1:0:0:0:0, 1:0:0:0:0, 2:0:0:0:0, 6:0:0:0:2, 1:0:0:0:0, 1:0:0:0:0, 0:0:0:0:0, 0:0:0:0:0, 2:0:0:0:0, 2:0:0:0:0, 1:0:0:0:0, 1:0:0:0:0, 4:0:0:0:1, 3:0:0:0:0, 0:0:0:0:0, 3:0:0:0:6, 1:0:0:0:0, 2:0:0:0:2, 5:0:0:0:2, 1:0:0:0:0, 0:0:0:0:0, 1:0:0:0:0, 0:0:0:0:0, 0:0:0:0:0, 2:0:0:0:0, 4:0:0:0:0, 1:0:0:0:0, 0:0:0:0:0, 4:0:0:0:0, 4:0:0:0:0, 0:0:0:0:0, 4:0:0:0:5, 1:0:0:0:0, 1:0:0:0:0, 1:0:0:0:0, 5:0:0:0:3, 1:0:0:0:0, 3:0:0:0:0, 0:0:0:0:0, 2:0:0:0:0, 3:0:0:0:0, 4:0:0:0:0, 2:0:0:0:0, 1:0:0:0:0, 3:0:0:0:0, 4:0:0:0:0, 0:0:0:0:0, 4:0:0:0:5, 1:0:0:0:0, 4:0:0:0:1, 3:0:0:0:2, 1:0:0:0:0, 0:0:0:0:0, 1:0:0:0:0, 0:0:0:0:0, 0:0:0:0:0, 2:0:0:0:0, 3:0:0:0:0, 1:0:0:0:0, 1:0:0:0:0, 3:0:0:0:0, 3:0:0:0:0, 0:0:0:0:0, 3:0:0:0:2, 4:0:1:0:4, 3:0:0:0:0, 0:0:0:0:0, 3:0:0:0:2, 2:0:0:0:0, 1:0:0:0:0, 0:0:0:0:0, 1:0:0:0:0, 2:0:0:0:0, 3:0:0:0:0, 1:0:0:0:0, 2:0:0:0:1, 6:0:0:0:0, 4:0:0:0:0, 0:0:0:0:0, 5:0:0:0:3, 2:0:0:0:0, 2:0:0:0:1, 4:0:0:0:3, 1:0:0:0:0, 0:0:0:0:0, 1:0:0:0:0, 0:0:0:0:0, 0:0:0:0:0, 2:0:0:0:0, 2:0:0:0:0, 1:0:0:0:0, 1:0:0:0:0, 3:0:0:0:0, 3:0:0:0:0, 0:0:0:0:0, 3:0:0:0:3, 1:0:0:0:0, 1:0:0:0:0, 0:0:0:0:0, 3:0:0:0:5, 1:0:0:0:0, 2:0:0:0:0, 0:0:0:0:0, 0:0:0:0:0, 3:0:2:0:2, 2:0:0:0:0, 1:0:0:0:0,  , 5:0:0:0:0, 3:0:0:0:0, 0:0:0:0:0, 6:0:0:0:2, 1:0:0:0:0, 2:0:0:0:2, 3:0:0:0:2, 1:0:0:0:0, 0:0:0:0:0, 1:0:0:0:0, 0:0:0:0:0, 1:0:0:0:0, 2:0:0:0:0, 3:0:0:0:0, 1:0:0:0:0, 1:0:0:0:0, 4:0:0:0:0, 3:0:0:0:0, 0:0:0:0:0, 4:0:0:0:5, 1:0:0:0:0, 1:0:0:0:0, 0:0:0:0:0, 7:0:0:0:2, 2:0:0:0:0, 1:0:0:0:0, 0:0:0:0:0, 0:0:0:0:0, 2:0:0:0:0, 4:0:0:0:0, 2:0:0:0:0, 1:0:0:0:0, 3:0:0:0:0, 4:0:0:0:0, 1:0:0:0:0, 5:0:0:0:4, 1:0:0:0:0, 2:0:0:0:1, 6:0:0:0:2, 1:0:0:0:0, 1:0:0:0:0, 2:0:0:0:1, 0:0:0:0:0, 0:0:0:0:0, 0:0:0:0:0, 0:0:0:0:0, 647:0:4:0:154
C mixolydian (0), 0:0:0:0:0, 0:0:0:0:0, 1:0:0:0:0, 2:0:0:0:0, 2:0:0:0:0, 1:0:0:0:0, 2:0:0:0:0, 3:0:0:0:0, 4:0:0:0:0, 1:0:0:0:0, 4:0:0:0:2, 1:0:0:0:0, 1:0:0:0:0, 1:0:0:0:0, 5:0:0:0:2, 3:0:0:0:0, 1:0:0:0:0, 0:0:0:0:0, 1:0:0:0:0, 2:0:0:0:0, 2:0:0:0:0, 1:0:0:0:0, 2:0:0:0:0, 3:0:0:0:0, 4:0:0:0:0, 1:0:0:0:0, 5:0:0:0:2, 1:0:0:0:0, 2:0:0:0:1, 5:0:0:0:2, 1:0:0:0:0, 0:0:0:0:0, 0:0:0:0:0, 0:0:0:0:0, 0:0:0:0:0, 2:0:0:0:0, 2:0:0:0:0, 1:0:0:0:0, 2:0:0:0:0, 3:0:0:0:0, 5:0:0:0:0, 1:0:0:0:0, 5:0:0:0:2, 1:0:0:0:0, 1:0:0:0:0, 0:0:0:0:0, 3:0:0:0:2, 1:0:0:0:0, 1:0:0:0:0, 0:0:0:0:0, 1:0:0:0:0, 2:0:0:0:0, 2:0:0:0:0, 1:0:0:0:0, 2:0:0:0:0, 3:0:0:0:0, 4:0:0:0:0, 0:0:0:0:0, 5:0:0:0:2, 1:0:0:0:0, 3:0:0:0:1, 4:0:0:0:2, 1:0:0:0:0, 0:0:0:0:0, 1:0:0:0:0, 0:0:0:0:0, 1:0:0:0:0, 2:0:0:0:0, 2:0:0:0:0, 1:0:0:0:0, 0:0:0:0:0, 3:0:0:0:0, 5:0:0:0:0, 0:0:0:0:0, 4:0:0:0:4, 1:0:0:0:0, 1:0:0:0:0, 0:0:0:0:0, 4:0:0:0:2, 1:0:0:0:0, 1:0:0:0:0, 0:0:0:0:0, 0:0:0:0:0, 4:0:0:0:0, 5:0:0:0:0, 2:0:0:0:0, 0:0:0:0:0, 5:0:0:0:0, 4:0:0:0:0, 0:0:0:0:0, 3:0:0:0:2, 2:0:0:0:0, 3:0:1:0:4, 3:0:0:0:2, 1:0:0:0:0, 0:0:0:0:0, 1:0:0:0:0, 0:0:0:0:0, 0:0:0:0:0, 2:0:0:0:0, 4:0:0:0:0, 1:0:0:0:0, 0:0:0:0:0, 3:0:0:0:0, 4:0:0:0:0, 0:0:0:0:0, 3:0:0:0:4, 1:0:0:0:0, 1:0:0:0:0, 0:0:0:0:0, 5:0:0:0:2, 2:0:0:0:0, 1:0:0:0:0, 0:0:0:0:0, 0:0:0:0:0, 2:0:0:0:0, 3:0:0:0:0, 1:0:0:0:0, 2:0:0:0:0, 5:0:0:0:0, 3:0:0:0:0, 0:0:0:0:0, 4:0:0:0:4, 1:0:0:0:0, 3:0:0:0:1, 5:0:0:0:2, 1:0:0:0:0, 0:0:0:0:0, 1:0:0:0:0, 0:0:0:0:0, 0:0:0:0:0, 2:0:0:0:0, 2:0:0:0:0, 1:0:0:0:0,  , 4:0:0:0:0, 4:0:0:0:0, 0:0:0:0:0, 3:0:0:0:2, 1:0:0:0:0, 2:0:0:0:0, 0:0:0:0:0, 4:0:0:0:3, 1:0:0:0:0, 1:0:0:0:0, 2:0:0:0:1, 0:0:0:0:0, 2:0:0:0:0, 2:0:0:0:0, 1:0:0:0:0, 3:0:0:0:0, 4:0:0:0:0, 4:0:0:0:0, 2:0:0:0:1, 4:0:0:0:4, 1:0:0:0:0, 2:0:0:0:1, 3:0:0:0:2, 1:0:0:0:0, 1:0:0:0:0, 1:0:0:0:0, 0:0:0:0:0, 0:0:0:0:0, 2:0:0:0:0, 2:0:0:0:0, 1:0:0:0:0, 0:0:0:0:0, 3:0:0:0:0, 3:0:0:0:0, 0:0:0:0:0, 3:0:0:0:2, 1:0:0:0:0, 1:0:0:0:0, 0:0:0:0:0, 3:0:0:0:3, 1:0:0:0:0, 1:0:0:0:0, 0:0:0:0:0, 0:0:0:0:0, 2:0:0:0:0, 3:0:0:0:0, 1:0:0:0:0,  , 3:0:0:0:0, 4:0:0:0:0, 0:0:0:0:0, 3:0:0:0:3, 1:0:0:0:0, 2:0:0:0:2, 5:0:0:0:2, 1:0:0:0:0, 0:0:0:0:0, 1:0:0:0:0, 0:0:0:0:0, 1:0:0:0:0, 3:0:0:0:0, 2:0:0:0:0, 1:0:0:0:0, 2:0:0:0:0, 4:0:0:0:0, 4:0:0:0:0, 1:0:0:0:1, 5:0:0:0:6, 1:0:0:0:0, 1:0:0:0:0, 2:0:0:0:0, 6:0:0:0:2, 1:0:0:0:0, 1:0:0:0:0, 0:0:0:0:0, 0:0:0:0:0, 2:0:0:0:0, 2:0:0:0:0, 1:0:0:0:0, 1:0:0:0:0, 4:0:0:0:1, 3:0:0:0:0, 0:0:0:0:0, 3:0:0:0:6, 1:0:0:0:0, 2:0:0:0:2, 5:0:0:0:2, 1:0:0:0:0, 0:0:0:0:0, 1:0:0:0:0, 0:0:0:0:0, 0:0:0:0:0, 2:0:0:0:0, 4:0:0:0:0, 1:0:0:0:0, 0:0:0:0:0, 4:0:0:0:0, 4:0:0:0:0, 0:0:0:0:0, 4:0:0:0:5, 1:0:0:0:0, 1:0:0:0:0, 1:0:0:0:0, 5:0:0:0:3, 1:0:0:0:0, 3:0:0:0:0, 0:0:0:0:0, 2:0:0:0:0, 3:0:0:0:0, 4:0:0:0:0, 2:0:0:0:0, 1:0:0:0:0, 3:0:0:0:0, 4:0:0:0:0, 0:0:0:0:0, 4:0:0:0:5, 1:0:0:0:0, 4:0:0:0:1, 3:0:0:0:2, 1:0:0:0:0, 0:0:0:0:0, 1:0:0:0:0, 0:0:0:0:0, 0:0:0:0:0, 2:0:0:0:0, 3:0:0:0:0, 1:0:0:0:0, 1:0:0:0:0, 3:0:0:0:0, 3:0:0:0:0, 0:0:0:0:0, 3:0:0:0:2, 4:0:1:0:4, 3:0:0:0:0, 0:0:0:0:0, 3:0:0:0:2, 2:0:0:0:0, 1:0:0:0:0, 0:0:0:0:0, 1:0:0:0:0, 2:0:0:0:0, 3:0:0:0:0, 1:0:0:0:0, 2:0:0:0:1, 6:0:0:0:0, 4:0:0:0:0, 0:0:0:0:0, 5:0:0:0:3, 2:0:0:0:0, 2:0:0:0:1, 4:0:0:0:3, 1:0:0:0:0, 0:0:0:0:0, 1:0:0:0:0, 0:0:0:0:0, 0:0:0:0:0, 2:0:0:0:0, 2:0:0:0:0, 1:0:0:0:0, 1:0:0:0:0, 3:0:0:0:0, 3:0:0:0:0, 0:0:0:0:0, 3:0:0:0:3, 1:0:0:0:0, 1:0:0:0:0, 0:0:0:0:0, 3:0:0:0:5, 1:0:0:0:0, 2:0:0:0:0, 0:0:0:0:0, 0:0:0:0:0, 3:0:2:0:2, 2:0:0:0:0, 1:0:0:0:0,  , 5:0:0:0:0, 3:0:0:0:0, 0:0:0:0:0, 6:0:0:0:2, 1:0:0:0:0, 2:0:0:0:2, 3:0:0:0:2, 1:0:0:0:0, 0:0:0:0:0, 1:0:0:0:0, 0:0:0:0:0, 1:0:0:0:0, 2:0:0:0:0, 3:0:0:0:0, 1:0:0:0:0, 1:0:0:0:0, 4:0:0:0:0, 3:0:0:0:0, 0:0:0:0:0, 4:0:0:0:5, 1:0:0:0:0, 1:0:0:0:0, 0:0:0:0:0, 7:0:0:0:2, 2:0:0:0:0, 1:0:0:0:0, 0:0:0:0:0, 0:0:0:0:0, 2:0:0:0:0, 4:0:0:0:0, 2:0:0:0:0, 1:0:0:0:0, 3:0:0:0:0, 4:0:0:0:0, 1:0:0:0:0, 5:0:0:0:4, 1:0:0:0:0, 2:0:0:0:1, 6:0:0:0:2, 1:0:0:0:0, 1:0:0:0:0, 2:0:0:0:1, 0:0:0:0:0, 0:0:0:0:0, 0:0:0:0:0, 0:0:0:0:0, 647:0:4:0:154
C aeolian (0), 0:0:0:0:0, 0:0:0:0:0, 1:0:0:0:0, 2:0:0:0:0, 2:0:0:0:0, 1:0:0:0:0, 2:0:0:0:0, 3:0:0:0:0, 4:0:0:0:0, 1:0:0:0:0, 4:0:0:0:2, 1:0:0:0:0, 1:0:0:0:0, 1:0:0:0:0, 5:0:0:0:2, 3:0:0:0:0, 1:0:0:0:0, 0:0:0:0:0, 1:0:0:0:0, 2:0:0:0:0, 2:0:0:0:0, 1:0:0:0:0, 2:0:0:0:0, 3:0:0:0:0, 4:0:0:0:0, 1:0:0:0:0, 5:0:0:0:2, 1:0:0:0:0, 2:0:0:0:1, 5:0:0:0:2, 1:0:0:0:0, 0:0:0:0:0, 0:0:0:0:0, 0:0:0:0:0, 0:0:0:0:0, 2:0:0:0:0, 2:0:0:0:0, 1:0:0:0:0, 2:0:0:0:0, 3:0:0:0:0, 5:0:0:0:0, 1:0:0:0:0, 5:0:0:0:2, 1:0:0:0:0, 1:0:0:0:0, 0:0:0:0:0, 3:0:0:0:2, 1:0:0:0:0, 1:0:0:0:0, 0:0:0:0:0, 1:0:0:0:0, 2:0:0:0:0, 2:0:0:0:0, 1:0:0:0:0, 2:0:0:0:0, 3:0:0:0:0, 4:0:0:0:0, 0:0:0:0:0, 5:0:0:0:2, 1:0:0:0:0, 3:0:0:0:1, 4:0:0:0:2, 1:0:0:0:0, 0:0:0:0:0, 1:0:0:0:0, 0:0:0:0:0, 1:0:0:0:0, 2:0:0:0:0, 2:0:0:0:0, 1:0:0:0:0, 0:0:0:0:0, 3:0:0:0:0, 5:0:0:0:0, 0:0:0:0:0, 4:0:0:0:4, 1:0:0:0:0, 1:0:0:0:0, 0:0:0:0:0, 4:0:0:0:2, 1:0:0:0:0, 1:0:0:0:0, 0:0:0:0:0, 0:0:0:0:0, 4:0:0:0:0, 5:0:0:0:0, 2:0:0:0:0, 0:0:0:0:0, 5:0:0:0:0, 4:0:0:0:0, 0:0:0:0:0, 3:0:0:0:2, 2:0:0:0:0, 3:0:1:0:4, 3:0:0:0:2, 1:0:0:0:0, 0:0:0:0:0, 1:0:0:0:0, 0:0:0:0:0, 0:0:0:0:0, 2:0:0:0:0, 4:0:0:0:0, 1:0:0:0:0, 0:0:0:0:0, 3:0:0:0:0, 4:0:0:0:0, 0:0:0:0:0, 3:0:0:0:4, 1:0:0:0:0, 1:0:0:0:0, 0:0:0:0:0, 5:0:0:0:2, 2:0:0:0:0, 1:0:0:0:0, 0:0:0:0:0, 0:0:0:0:0, 2:0:0:0:0, 3:0:0:0:0, 1:0:0:0:0, 2:0:0:0:0, 5:0:0:0:0, 3:0:0:0:0, 0:0:0:0:0, 4:0:0:0:4, 1:0:0:0:0, 3:0:0:0:1, 5:0:0:0:2, 1:0:0:0:0, 0:0:0:0:0, 1:0:0:0:0, 0:0:0:0:0, 0:0:0:0:0, 2:0:0:0:0, 2:0:0:0:0, 1:0:0:0:0,  , 4:0:0:0:0, 4:0:0:0:0, 0:0:0:0:0, 3:0:0:0:2, 1:0:0:0:0, 2:0:0:0:0, 0:0:0:0:0, 4:0:0:0:3, 1:0:0:0:0, 1:0:0:0:0, 2:0:0:0:1, 0:0:0:0:0, 2:0:0:0:0, 2:0:0:0:0, 1:0:0:0:0, 3:0:0:0:0, 4:0:0:0:0, 4:0:0:0:0, 2:0:0:0:1, 4:0:0:0:4, 1:0:0:0:0, 2:0:0:0:1, 3:0:0:0:2, 1:0:0:0:0, 1:0:0:0:0, 1:0:0:0:0, 0:0:0:0:0, 0:0:0:0:0, 2:0:0:0:0, 2:0:0:0:0, 1:0:0:0:0, 0:0:0:0:0, 3:0:0:0:0, 3:0:0:0:0, 0:0:0:0:0, 3:0:0:0:2, 1:0:0:0:0, 1:0:0:0:0, 0:0:0:0:0, 3:0:0:0:3, 1:0:0:0:0, 1:0:0:0:0, 0:0:0:0:0, 0:0:0:0:0, 2:0:0:0:0, 3:0:0:0:0, 1:0:0:0:0,  , 3:0:0:0:0, 4:0:0:0:0, 0:0:0:0:0, 3:0:0:0:3, 1:0:0:0:0, 2:0:0:0:2, 5:0:0:0:2, 1:0:0:0:0, 0:0:0:0:0, 1:0:0:0:0, 0:0:0:0:0, 1:0:0:0:0, 3:0:0:0:0, 2:0:0:0:0, 1:0:0:0:0, 2:0:0:0:0, 4:0:0:0:0, 4:0:0:0:0, 1:0:0:0:1, 5:0:0:0:6, 1:0:0:0:0, 1:0:0:0:0, 2:0:0:0:0, 6:0:0:0:2, 1:0:0:0:0, 1:0:0:0:0, 0:0:0:0:0, 0:0:0:0:0, 2:0:0:0:0, 2:0:0:0:0, 1:0:0:0:0, 1:0:0:0:0, 4:0:0:0:1, 3:0:0:0:0, 0:0:0:0:0, 3:0:0:0:6, 1:0:0:0:0, 2:0:0:0:2, 5:0:0:0:2, 1:0:0:0:0, 0:0:0:0:0, 1:0:0:0:0, 0:0:0:0:0, 0:0:0:0:0, 2:0:0:0:0, 4:0:0:0:0, 1:0:0:0:0, 0:0:0:0:0, 4:0:0:0:0, 4:0:0:0:0, 0:0:0:0:0, 4:0:0:0:5, 1:0:0:0:0, 1:0:0:0:0, 1:0:0:0:0, 5:0:0:0:3, 1:0:0:0:0, 3:0:0:0:0, 0:0:0:0:0, 2:0:0:0:0, 3:0:0:0:0, 4:0:0:0:0, 2:0:0:0:0, 1:0:0:0:0, 3:0:0:0:0, 4:0:0:0:0, 0:0:0:0:0, 4:0:0:0:5, 1:0:0:0:0, 4:0:0:0:1, 3:0:0:0:2, 1:0:0:0:0, 0:0:0:0:0, 1:0:0:0:0, 0:0:0:0:0, 0:0:0:0:0, 2:0:0:0:0, 3:0:0:0:0, 1:0:0:0:0, 1:0:0:0:0, 3:0:0:0:0, 3:0:0:0:0, 0:0:0:0:0, 3:0:0:0:2, 4:0:1:0:4, 3:0:0:0:0, 0:0:0:0:0, 3:0:0:0:2, 2:0:0:0:0, 1:0:0:0:0, 0:0:0:0:0, 1:0:0:0:0, 2:0:0:0:0, 3:0:0:0:0, 1:0:0:0:0, 2:0:0:0:1, 6:0:0:0:0, 4:0:0:0:0, 0:0:0:0:0, 5:0:0:0:3, 2:0:0:0:0, 2:0:0:0:1, 4:0:0:0:3, 1:0:0:0:0, 0:0:0:0:0, 1:0:0:0:0, 0:0:0:0:0, 0:0:0:0:0, 2:0:0:0:0, 2:0:0:0:0, 1:0:0:0:0, 1:0:0:0:0, 3:0:0:0:0, 3:0:0:0:0, 0:0:0:0:0, 3:0:0:0:3, 1:0:0:0:0, 1:0:0:0:0, 0:0:0:0:0, 3:0:0:0:5, 1:0:0:0:0, 2:0:0:0:0, 0:0:0:0:0, 0:0:0:0:0, 3:0:2:0:2, 2:0:0:0:0, 1:0:0:0:0,  , 5:0:0:0:0, 3:0:0:0:0, 0:0:0:0:0, 6:0:0:0:2, 1:0:0:0:0, 2:0:0:0:2, 3:0:0:0:2, 1:0:0:0:0, 0:0:0:0:0, 1:0:0:0:0, 0:0:0:0:0, 1:0:0:0:0, 2:0:0:0:0, 3:0:0:0:0, 1:0:0:0:0, 1:0:0:0:0, 4:0:0:0:0, 3:0:0:0:0, 0:0:0:0:0, 4:0:0:0:5, 1:0:0:0:0, 1:0:0:0:0, 0:0:0:0:0, 7:0:0:0:2, 2:0:0:0:0, 1:0:0:0:0, 0:0:0:0:0, 0:0:0:0:0, 2:0:0:0:0, 4:0:0:0:0, 2:0:0:0:0, 1:0:0:0:0, 3:0:0:0:0, 4:0:0:0:0, 1:0:0:0:0, 5:0:0:0:4, 1:0:0:0:0, 2:0:0:0:1, 6:0:0:0:2, 1:0:0:0:0, 1:0:0:0:0, 2:0:0:0:1, 0:0:0:0:0, 0:0:0:0:0, 0:0:0:0:0, 0:0:0:0:0, 647:0:4:0:154
C locrian (0), 0:0:0:0:0, 0:0:0:0:0, 1:0:0:0:0, 2:0:0:0:0, 2:0:0:0:0, 1:0:0:0:0, 2:0:0:0:0, 3:0:0:0:0, 4:0:0:0:0, 1:0:0:0:0, 4:0:0:0:2, 1:0:0:0:0, 1:0:0:0:0, 1:0:0:0:0, 5:0:0:0:2, 3:0:0:0:0, 1:0:0:0:0, 0:0:0:0:0, 1:0:0:0:0, 2:0:0:0:0, 2:0:0:0:0, 1:0:0:0:0, 2:0:0:0:0, 3:0:0:0:0, 4:0:0:0:0, 1:0:0:0:0, 5:0:0:0:2, 1:0:0:0:0, 2:0:0:0:1, 5:0:0:0:2, 1:0:0:0:0, 0:0:0:0:0, 0:0:0:0:0, 0:0:0:0:0, 0:0:0:0:0, 2:0:0:0:0, 2:0:0:0:0, 1:0:0:0:0, 2:0:0:0:0, 3:0:0:0:0, 5:0:0:0:0, 1:0:0:0:0, 5:0:0:0:2, 1:0:0:0:0, 1:0:0:0:0, 0:0:0:0:0, 3:0:0:0:2, 1:0:0:0:0, 1:0:0:0:0, 0:0:0:0:0, 1:0:0:0:0, 2:0:0:0:0, 2:0:0:0:0, 1:0:0:0:0, 2:0:0:0:0, 3:0:0:0:0, 4:0:0:0:0, 0:0:0:0:0, 5:0:0:0:2, 1:0:0:0:0, 3:0:0:0:1, 4:0:0:0:2, 1:0:0:0:0, 0:0:0:0:0, 1:0:0:0:0, 0:0:0:0:0, 1:0:0:0:0, 2:0:0:0:0, 2:0:0:0:0, 1:0:0:0:0, 0:0:0:0:0, 3:0:0:0:0, 5:0:0:0:0, 0:0:0:0:0, 4:0:0:0:4, 1:0:0:0:0, 1:0:0:0:0, 0:0:0:0:0, 4:0:0:0:2, 1:0:0:0:0, 1:0:0:0:0, 0:0:0:0:0, 0:0:0:0:0, 4:0:0:0:0, 5:0:0:0:0, 2:0:0:0:0, 0:0:0:0:0, 5:0:0:0:0, 4:0:0:0:0, 0:0:0:0:0, 3:0:0:0:2, 2:0:0:0:0, 3:0:1:0:4, 3:0:0:0:2, 1:0:0:0:0, 0:0:0:0:0, 1:0:0:0:0, 0:0:0:0:0, 0:0:0:0:0, 2:0:0:0:0, 4:0:0:0:0, 1:0:0:0:0, 0:0:0:0:0, 3:0:0:0:0, 4:0:0:0:0, 0:0:0:0:0, 3:0:0:0:4, 1:0:0:0:0, 1:0:0:0:0, 0:0:0:0:0, 5:0:0:0:2, 2:0:0:0:0, 1:0:0:0:0, 0:0:0:0:0, 0:0:0:0:0, 2:0:0:0:0, 3:0:0:0:0, 1:0:0:0:0, 2:0:0:0:0, 5:0:0:0:0, 3:0:0:0:0, 0:0:0:0:0, 4:0:0:0:4, 1:0:0:0:0, 3:0:0:0:1, 5:0:0:0:2, 1:0:0:0:0, 0:0:0:0:0, 1:0:0:0:0, 0:0:0:0:0, 0:0:0:0:0, 2:0:0:0:0, 2:0:0:0:0, 1:0:0:0:0,  , 4:0:0:0:0, 4:0:0:0:0, 0:0:0:0:0, 3:0:0:0:2, 1:0:0:0:0, 2:0:0:0:0, 0:0:0:0:0, 4:0:0:0:3, 1:0:0:0:0, 1:0:0:0:0, 2:0:0:0:1, 0:0:0:0:0, 2:0:0:0:0, 2:0:0:0:0, 1:0:0:0:0, 3:0:0:0:0, 4:0:0:0:0, 4:0:0:0:0, 2:0:0:0:1, 4:0:0:0:4, 1:0:0:0:0, 2:0:0:0:1, 3:0:0:0:2, 1:0:0:0:0, 1:0:0:0:0, 1:0:0:0:0, 0:0:0:0:0, 0:0:0:0:0, 2:0:0:0:0, 2:0:0:0:0, 1:0:0:0:0, 0:0:0:0:0, 3:0:0:0:0, 3:0:0:0:0, 0:0:0:0:0, 3:0:0:0:2, 1:0:0:0:0, 1:0:0:0:0, 0:0:0:0:0, 3:0:0:0:3, 1:0:0:0:0, 1:0:0:0:0, 0:0:0:0:0, 0:0:0:0:0, 2:0:0:0:0, 3:0:0:0:0, 1:0:0:0:0,  , 3:0:0:0:0, 4:0:0:0:0, 0:0:0:0:0, 3:0:0:0:3, 1:0:0:0:0, 2:0:0:0:2, 5:0:0:0:2, 1:0:0:0:0, 0:0:0:0:0, 1:0:0:0:0, 0:0:0:0:0, 1:0:0:0:0, 3:0:0:0:0, 2:0:0:0:0, 1:0:0:0:0, 2:0:0:0:0, 4:0:0:0:0, 4:0:0:0:0, 1:0:0:0:1, 5:0:0:0:6, 1:0:0:0:0, 1:0:0:0:0, 2:0:0:0:0, 6:0:0:0:2, 1:0:0:0:0, 1:0:0:0:0, 0:0:0:0:0, 0:0:0:0:0, 2:0:0:0:0, 2:0:0:0:0, 1:0:0:0:0, 1:0:0:0:0, 4:0:0:0:1, 3:0:0:0:0, 0:0:0:0:0, 3:0:0:0:6, 1:0:0:0:0, 2:0:0:0:2, 5:0:0:0:2, 1:0:0:0:0, 0:0:0:0:0, 1:0:0:0:0, 0:0:0:0:0, 0:0:0:0:0, 2:0:0:0:0, 4:0:0:0:0, 1:0:0:0:0, 0:0:0:0:0, 4:0:0:0:0, 4:0:0:0:0, 0:0:0:0:0, 4:0:0:0:5, 1:0:0:0:0, 1:0:0:0:0, 1:0:0:0:0, 5:0:0:0:3, 1:0:0:0:0, 3:0:0:0:0, 0:0:0:0:0, 2:0:0:0:0, 3:0:0:0:0, 4:0:0:0:0, 2:0:0:0:0, 1:0:0:0:0, 3:0:0:0:0, 4:0:0:0:0, 0:0:0:0:0, 4:0:0:0:5, 1:0:0:0:0, 4:0:0:0:1, 3:0:0:0:2, 1:0:0:0:0, 0:0:0:0:0, 1:0:0:0:0, 0:0:0:0:0, 0:0:0:0:0, 2:0:0:0:0, 3:0:0:0:0, 1:0:0:0:0, 1:0:0:0:0, 3:0:0:0:0, 3:0:0:0:0, 0:0:0:0:0, 3:0:0:0:2, 4:0:1:0:4, 3:0:0:0:0, 0:0:0:0:0, 3:0:0:0:2, 2:0:0:0:0, 1:0:0:0:0, 0:0:0:0:0, 1:0:0:0:0, 2:0:0:0:0, 3:0:0:0:0, 1:0:0:0:0, 2:0:0:0:1, 6:0:0:0:0, 4:0:0:0:0, 0:0:0:0:0, 5:0:0:0:3, 2:0:0:0:0, 2:0:0:0:1, 4:0:0:0:3, 1:0:0:0:0, 0:0:0:0:0, 1:0:0:0:0, 0:0:0:0:0, 0:0:0:0:0, 2:0:0:0:0, 2:0:0:0:0, 1:0:0:0:0, 1:0:0:0:0, 3:0:0:0:0, 3:0:0:0:0, 0:0:0:0:0, 3:0:0:0:3, 1:0:0:0:0, 1:0:0:0:0, 0:0:0:0:0, 3:0:0:0:5, 1:0:0:0:0, 2:0:0:0:0, 0:0:0:0:0, 0:0:0:0:0, 3:0:2:0:2, 2:0:0:0:0, 1:0:0:0:0,  , 5:0:0:0:0, 3:0:0:0:0, 0:0:0:0:0, 6:0:0:0:2, 1:0:0:0:0, 2:0:0:0:2, 3:0:0:0:2, 1:0:0:0:0, 0:0:0:0:0, 1:0:0:0:0, 0:0:0:0:0, 1:0:0:0:0, 2:0:0:0:0, 3:0:0:0:0, 1:0:0:0:0, 1:0:0:0:0, 4:0:0:0:0, 3:0:0:0:0, 0:0:0:0:0, 4:0:0:0:5, 1:0:0:0:0, 1:0:0:0:0, 0:0:0:0:0, 7:0:0:0:2, 2:0:0:0:0, 1:0:0:0:0, 0:0:0:0:0, 0:0:0:0:0, 2:0:0:0:0, 4:0:0:0:0, 2:0:0:0:0, 1:0:0:0:0, 3:0:0:0:0, 4:0:0:0:0, 1:0:0:0:0, 5:0:0:0:4, 1:0:0:0:0, 2:0:0:0:1, 6:0:0:0:2, 1:0:0:0:0, 1:0:0:0:0, 2:0:0:0:1, 0:0:0:0:0, 0:0:0:0:0, 0:0:0:0:0, 0:0:0:0:0, 647:0:4:0:154
F major (1b), 0:0:0:0:0, 0:0:0:0:0, 1:0:0:0:0, 2:0:0:0:0, 1:0:0:0:0, 0:0:0:0:0, 1:0:0:0:0, 2:0:0:0:0, 3:0:0:0:0, 1:0:0:0:0, 5:4:0:0:4, 0:0:0:0:0, 0:0:0:0:0, 1:0:0:0:0, 6:4:0:0:4, 2:0:0:0:0, 0:0:0:0:0, 0:0:0:0:0, 1:0:0:0:0, 2:0:0:0:0, 1:0:0:0:0, 0:0:0:0:0, 1:0:0:0:0, 2:0:0:0:0, 3:0:0:0:0, 1:0:0:0:0, 6:4:0:0:4, 0:0:0:0:0, 1:1:0:0:1, 6:4:0:0:4, 0:0:0:0:0, 0:0:0:0:0, 0:0:0:0:0, 1:0:0:0:0, 0:0:0:0:0, 2:0:0:0:0, 1:0:0:0:0, 0:0:0:0:0, 2:0:0:0:0, 2:0:0:0:0, 4:0:0:0:0, 1:0:0:0:0, 6:3:0:0:3, 0:0:0:0:0, 0:0:0:0:0, 0:0:0:0:0, 4:3:0:0:3, 0:0:0:0:0, 0:0:0:0:0, 0:0:0:0:0, 1:0:0:0:0, 2:0:0:0:0, 1:0:0:0:0, 0:0:0:0:0, 1:0:0:0:0, 2:0:0:0:0, 3:0:0:0:0, 0:0:0:0:0, 6:4:0:0:4, 0:0:0:0:0, 2:1:0:0:1, 5:3:0:0:3, 0:0:0:0:0, 0:0:0:0:0, 0:0:0:0:0, 0:0:0:0:0, 0:0:0:0:0, 2:0:0:0:0, 1:0:0:0:0, 0:0:0:0:0, 0:0:0:0:0, 2:0:0:0:0, 4:0:0:0:0, 0:0:0:0:0, 5:5:0:0:5, 0:0:0:0:0, 0:0:0:0:0, 0:0:0:0:0, 5:3:0:0:3, 0:0:0:0:0, 0:0:0:0:0, 0:0:0:0:0, 0:0:0:0:0, 5:0:0:0:0, 4:0:0:0:0, 1:0:0:0:0, 0:0:0:0:0, 4:0:0:0:0, 3:0:0:0:0, 0:0:0:0:0, 4:3:0:0:3, 1:0:0:0:0, 2:3:1:0:4, 4:3:0:0:3, 0:0:0:0:0, 0:0:0:0:0, 0:0:0:0:0, 0:0:0:0:0, 0:0:0:0:0, 2:0:0:0:0, 3:0:0:0:0, 0:0:0:0:0, 0:0:0:0:0, 2:0:0:0:0, 3:0:0:0:0, 0:0:0:0:0, 4:5:0:0:5, 0:0:0:0:0, 0:0:0:0:0, 0:0:0:0:0, 6:3:0:0:3, 1:0:0:0:0, 0:0:0:0:0, 0:0:0:0:0, 0:0:0:0:0, 2:0:0:0:0, 2:0:0:0:0, 0:0:0:0:0, 1:1:0:0:1, 4:0:0:0:0, 2:0:0:0:0, 0:0:0:0:0, 5:5:0:0:5, 0:0:0:0:0, 2:1:0:0:1, 6:3:0:0:3, 0:0:0:0:0, 0:0:0:0:0, 0:0:0:0:0, 0:0:0:0:0, 0:0:0:0:0, 3:0:0:0:0, 1:0:0:0:0, 0:0:0:0:0,  , 3:0:0:0:0, 3:0:0:0:0, 0:0:0:0:0, 4:3:0:0:3, 0:0:0:0:0, 1:0:0:0:0, 0:0:0:0:0, 5:5:0:0:5, 0:0:0:0:0, 0:0:0:0:0, 1:1:0:0:1, 0:0:0:0:0, 2:0:0:0:0, 1:0:0:0:0, 0:0:0:0:0, 2:0:0:0:0, 3:0:0:0:0, 3:0:0:0:0, 1:1:0:0:1, 5:5:0:0:5, 0:0:0:0:0, 1:1:0:0:1, 4:3:0:0:3, 0:0:0:0:0, 0:0:0:0:0, 0:0:0:0:0, 0:0:0:0:0, 0:0:0:0:0, 2:0:0:0:0, 1:0:0:0:0, 0:0:0:0:0, 0:0:0:0:0, 2:0:0:0:0, 2:0:0:0:0, 0:0:0:0:0, 4:3:0:0:3, 0:0:0:0:0, 0:0:0:0:0, 0:0:0:0:0, 4:5:0:0:5, 0:0:0:0:0, 0:0:0:0:0, 0:0:0:0:0, 0:0:0:0:0, 2:0:0:0:0, 2:0:0:0:0, 0:0:0:0:0,  , 2:0:0:0:0, 3:0:0:0:0, 0:0:0:0:0, 4:5:0:0:5, 0:0:0:0:0, 1:2:0:0:2, 6:3:0:0:3, 0:0:0:0:0, 0:0:0:0:0, 0:0:0:0:0, 0:0:0:0:0, 0:0:0:0:0, 2:0:0:0:0, 1:0:0:0:0, 0:0:0:0:0, 1:1:0:0:1, 3:0:0:0:0, 3:0:0:0:0, 2:1:0:0:1, 6:8:0:0:8, 0:0:0:0:0, 0:0:0:0:0, 1:0:0:0:0, 7:3:0:0:3, 0:0:0:0:0, 0:0:0:0:0, 0:0:0:0:0, 0:0:0:0:0, 2:0:0:0:0, 1:0:0:0:0, 0:0:0:0:0, 0:0:0:0:0, 3:1:0:0:1, 2:0:0:0:0, 0:0:0:0:0, 4:7:0:0:7, 0:0:0:0:0, 1:2:0:0:2, 6:3:0:0:3, 0:0:0:0:0, 0:0:0:0:0, 0:0:0:0:0, 0:0:0:0:0, 0:0:0:0:0, 2:0:0:0:0, 3:0:0:0:0, 0:0:0:0:0, 0:0:0:0:0, 3:0:0:0:0, 3:0:0:0:0, 0:0:0:0:0, 5:7:0:0:7, 0:0:0:0:0, 0:0:0:0:0, 1:0:0:0:0, 6:4:0:0:4, 0:0:0:0:0, 2:0:0:0:0, 0:0:0:0:0, 1:0:0:0:0, 2:0:0:0:0, 3:0:0:0:0, 1:0:0:0:0, 0:0:0:0:0, 2:0:0:0:0, 3:0:0:0:0, 0:0:0:0:0, 5:7:0:0:7, 0:0:0:0:0, 3:1:0:0:1, 4:3:0:0:3, 0:0:0:0:0, 0:0:0:0:0, 0:0:0:0:0, 0:0:0:0:0, 0:0:0:0:0, 2:0:0:0:0, 2:0:0:0:0, 0:0:0:0:0, 0:0:0:0:0, 2:0:0:0:0, 2:0:0:0:0, 0:0:0:0:0, 4:3:0:0:3, 3:3:1:0:4, 2:1:0:0:1, 0:0:0:0:0, 4:4:0:0:4, 1:1:0:0:1, 0:0:0:0:0, 0:0:0:0:0, 0:0:0:0:0, 2:0:0:0:0, 2:0:0:0:0, 0:0:0:0:0, 1:1:0:0:1, 5:0:0:0:0, 3:0:0:0:0, 0:0:0:0:0, 6:4:0:0:4, 1:1:0:0:1, 1:1:0:0:1, 5:4:0:0:4, 0:0:0:0:0, 0:0:0:0:0, 0:0:0:0:0, 0:0:0:0:0, 0:0:0:0:0, 2:0:0:0:0, 1:0:0:0:0, 0:0:0:0:0, 1:0:0:0:0, 2:0:0:0:0, 2:0:0:0:0, 0:0:0:0:0, 4:4:0:0:4, 0:0:0:0:0, 0:0:0:0:0, 0:0:0:0:0, 4:6:0:0:6, 0:0:0:0:0, 1:1:0:0:1, 0:0:0:0:0, 0:0:0:0:0, 3:0:2:0:2, 1:0:0:0:0, 0:0:0:0:0,  , 4:0:0:0:0, 2:0:0:0:0, 0:0:0:0:0, 7:3:0:0:3, 0:0:0:0:0, 1:2:0:0:2, 4:3:0:0:3, 0:0:0:0:0, 0:0:0:0:0, 0:0:0:0:0, 0:0:0:0:0, 0:0:0:0:0, 2:0:0:0:0, 2:0:0:0:0, 0:0:0:0:0, 0:0:0:0:0, 3:0:0:0:0, 2:0:0:0:0, 0:0:0:0:0, 5:6:0:0:6, 0:0:0:0:0, 0:0:0:0:0, 0:0:0:0:0, 8:4:0:0:4, 1:0:0:0:0, 0:0:0:0:0, 0:0:0:0:0, 0:0:0:0:0, 2:0:0:0:0, 3:0:0:0:0, 1:0:0:0:0, 0:0:0:0:0, 2:0:0:0:0, 3:0:0:0:0, 1:0:0:0:0, 6:5:0:0:5, 0:0:0:0:0, 1:1:0:0:1, 7:3:0:0:3, 0:0:0:0:0, 0:0:0:0:0, 2:0:0:0:0, 0:0:0:0:0, 0:0:0:0:0, 0:0:0:0:0, 0:0:0:0:0, 497:212:4:0:216
G major (1#), 0:0:0:0:0, 1:0:0:0:0, 2:0:0:0:1, 3:3:0:0:0, 3:2:0:0:0, 2:1:0:0:0, 3:1:0:0:1, 4:4:0:0:1, 4:4:0:0:1, 2:0:0:0:0, 3:0:0:0:2, 2:2:0:0:0, 1:2:0:0:0, 2:0:0:0:0, 4:0:0:0:2, 4:2:0:0:0, 1:1:0:0:0, 1:0:0:0:0, 2:0:0:0:1, 3:3:0:0:0, 3:2:0:0:0, 2:1:0:0:0, 3:1:0:0:1, 4:4:0:0:1, 4:4:0:0:1, 2:0:0:0:0, 4:0:0:0:2, 2:2:0:0:0, 2:3:0:0:0, 6:0:0:0:2, 2:3:0:0:0, 1:0:0:0:0, 0:0:0:0:0, 1:0:0:0:0, 1:0:0:0:0, 3:3:0:0:0, 3:3:0:0:0, 2:1:0:0:0, 3:1:0:0:0, 4:3:0:0:1, 6:5:0:0:1, 1:0:1:0:1, 4:0:0:0:2, 2:1:0:0:0, 1:1:0:0:0, 0:0:0:0:0, 2:0:0:0:2, 2:1:0:0:0, 1:1:0:0:0, 1:0:0:0:0, 2:0:0:0:1, 3:3:0:0:0, 3:2:0:0:0, 2:1:0:0:0, 3:1:0:0:1, 4:4:0:0:1, 5:3:0:0:1, 1:0:0:0:0, 4:0:0:0:2, 2:2:0:0:0, 3:2:0:0:0, 5:0:0:0:2, 2:3:0:0:0, 1:0:0:0:0, 2:2:0:0:0, 1:0:0:0:0, 2:1:0:0:0, 3:3:0:0:0, 3:3:0:0:0, 2:1:0:0:0, 1:0:0:0:0, 4:4:0:0:1, 6:6:0:0:2, 0:0:0:0:0, 3:0:0:0:5, 2:1:0:0:0, 1:1:0:0:0, 0:0:0:0:0, 3:0:0:0:2, 2:1:0:0:0, 1:1:0:0:0, 1:0:0:0:0, 0:0:0:0:0, 5:2:0:0:0, 6:2:0:0:0, 3:3:0:0:0, 1:0:0:0:0, 6:3:0:0:2, 4:6:0:0:4, 0:0:0:0:0, 2:0:0:0:2, 3:1:0:0:0, 3:3:1:0:1, 4:0:0:0:2, 2:2:0:0:0, 1:0:0:0:0, 2:2:0:0:0, 1:0:0:0:0, 1:0:0:0:0, 3:3:0:0:0, 5:6:0:0:0, 2:1:0:0:0, 1:0:0:0:0, 4:4:0:0:1, 4:9:0:0:2, 0:0:0:0:0, 2:0:0:0:4, 2:2:0:0:0, 1:1:0:0:0, 0:0:0:0:0, 4:0:0:0:3, 3:2:0:0:1, 2:2:0:0:0, 1:0:0:0:0, 1:0:0:0:0, 3:2:0:0:0, 4:5:0:0:1, 2:1:0:0:0, 1:0:0:0:1, 6:6:0:0:2, 3:6:0:0:2, 0:0:0:0:0, 3:0:0:0:4, 2:2:0:0:0, 3:4:0:0:1, 6:0:0:0:2, 2:3:0:0:0, 1:0:0:0:0, 2:2:0:0:0, 1:0:0:0:0, 1:0:0:0:0, 3:4:0:0:0, 3:5:0:0:0, 2:2:0:0:0,  , 5:3:0:0:2, 4:8:0:0:2, 0:0:0:0:0, 2:0:0:0:2, 2:3:0:0:0, 2:1:1:0:1, 0:0:0:0:0, 3:0:0:0:3, 2:3:0:0:0, 2:2:0:0:0, 3:3:0:0:1, 1:0:0:0:0, 3:4:0:0:0, 3:4:0:0:0, 2:1:0:0:0, 3:3:0:0:5, 5:3:0:0:1, 4:8:0:0:2, 2:1:0:0:1, 3:0:0:0:4, 2:3:0:0:0, 3:2:0:0:0, 4:0:0:0:2, 2:2:0:0:0, 2:0:0:0:1, 2:2:0:0:0, 1:0:0:0:0, 1:0:0:0:0, 3:3:0:0:0, 3:2:0:0:0, 2:1:0:0:0, 1:0:0:0:0, 4:4:0:0:2, 4:6:0:0:4, 0:0:0:0:0, 2:0:0:0:2, 2:3:0:0:0, 2:1:0:0:0, 0:0:0:0:0, 2:0:0:0:3, 2:1:0:0:0, 2:1:0:0:0, 1:0:0:0:0, 0:0:0:0:0, 3:3:0:0:0, 4:4:0:0:0, 2:2:0:0:0,  , 4:5:0:0:2, 4:6:0:0:1, 0:0:0:0:0, 2:0:0:0:3, 2:2:0:0:0, 2:3:0:0:0, 6:1:0:0:3, 2:3:0:0:0, 1:0:0:0:0, 2:2:0:0:0, 1:0:0:0:0, 2:1:0:0:0, 4:4:0:0:1, 3:4:0:0:0, 2:1:0:0:0, 1:0:0:0:1, 5:5:0:0:3, 4:7:0:0:4, 1:0:0:0:1, 4:0:0:0:4, 2:2:0:0:0, 2:1:0:0:0, 2:0:0:0:2, 5:0:0:0:3, 2:2:0:0:0, 2:1:0:0:0, 1:0:0:0:0, 1:0:0:0:0, 3:2:0:0:0, 3:2:0:0:0, 2:2:0:0:0, 2:0:0:0:1, 5:5:0:0:3, 3:3:0:0:1, 0:0:0:0:0, 2:0:0:0:6, 2:3:0:0:0, 3:2:0:0:0, 6:0:0:0:2, 2:2:0:0:0, 1:0:0:0:0, 2:2:0:0:0, 1:0:0:0:0, 1:0:0:0:0, 3:5:0:0:0, 5:5:0:0:0, 2:2:0:0:0, 1:0:0:0:0, 5:5:0:0:3, 4:9:0:0:2, 1:0:0:0:0, 3:0:0:0:6, 2:2:0:0:0, 1:2:0:0:0, 2:0:0:0:1, 4:0:0:0:3, 2:2:0:0:0, 4:2:0:0:1, 1:0:0:0:0, 3:1:0:0:1, 4:2:0:0:1, 5:5:0:0:2, 3:1:0:0:1, 1:0:0:0:1, 4:3:0:0:1, 5:6:0:0:2, 0:0:0:0:0, 3:0:0:0:6, 2:1:0:0:0, 5:3:0:0:1, 4:0:0:0:2, 2:2:0:0:0, 1:0:0:0:0, 2:2:0:0:0, 1:0:0:0:0, 1:0:0:0:0, 3:3:0:0:0, 4:2:0:0:1, 2:1:0:0:0, 2:0:0:0:1, 4:3:0:0:1, 4:6:0:0:2, 0:0:0:0:0, 2:0:0:0:2, 5:3:1:0:6, 4:2:0:0:0, 1:0:0:0:0, 2:0:0:0:2, 3:2:0:0:0, 2:1:0:0:0, 1:0:0:0:0, 2:0:0:0:1, 3:2:0:0:0, 4:6:0:0:0, 2:2:0:0:0, 3:2:0:0:1, 7:5:0:0:3, 4:7:0:0:1, 0:0:0:0:0, 4:0:0:0:3, 3:1:0:0:0, 2:2:0:0:0, 5:0:0:0:3, 2:2:0:0:0, 1:0:0:0:0, 2:2:0:0:0, 1:0:0:0:0, 0:0:0:0:0, 3:2:0:0:0, 3:3:0:0:0, 2:2:0:0:0, 1:0:0:0:1, 4:4:0:0:1, 3:3:0:0:1, 0:0:0:0:0, 2:0:0:0:3, 2:2:0:0:0, 1:1:0:0:0, 0:0:0:0:0, 2:0:0:0:5, 2:2:0:0:0, 3:1:0:0:0, 1:0:0:0:0, 0:0:0:0:0, 4:5:2:0:2, 3:2:0:0:0, 2:3:0:0:0,  , 6:6:0:0:2, 3:5:0:0:2, 0:0:0:0:0, 5:1:0:0:2, 2:1:0:0:0, 2:3:0:0:0, 4:0:0:0:2, 2:2:0:0:0, 1:0:0:0:0, 2:2:0:0:0, 1:0:0:0:0, 2:1:0:0:0, 3:4:0:0:0, 4:4:0:0:1, 2:1:0:0:0, 1:2:0:0:0, 5:7:0:0:2, 4:3:0:0:1, 0:0:0:0:0, 3:0:0:0:6, 2:3:0:0:0, 1:1:0:0:0, 1:0:0:0:0, 6:1:0:0:2, 3:1:0:0:1, 2:2:0:0:0, 1:0:0:0:0, 1:0:0:0:0, 3:2:0:0:0, 5:5:0:0:2, 3:6:0:0:0, 2:0:0:0:1, 4:3:0:0:1, 5:3:0:0:1, 1:0:0:0:1, 4:0:0:0:5, 2:4:0:0:0, 3:2:0:0:0, 7:0:0:0:2, 2:3:0:0:0, 2:1:0:0:0, 3:2:0:0:1, 0:0:0:0:0, 0:0:0:0:0, 0:0:0:0:0, 0:0:0:0:0, 860:591:6:0:264
D minor (1b), 0:0:0:0:0, 0:0:0:0:0, 1:0:0:0:0, 2:0:0:0:0, 1:0:0:0:0, 0:0:0:0:0, 1:0:0:0:0, 2:0:0:0:0, 3:0:0:0:0, 1:0:0:0:0, 5:4:0:0:4, 0:0:0:0:0, 0:0:0:0:0, 1:0:0:0:0, 6:4:0:0:4, 2:0:0:0:0, 0:0:0:0:0, 0:0:0:0:0, 1:0:0:0:0, 2:0:0:0:0, 1:0:0:0:0, 0:0:0:0:0, 1:0:0:0:0, 2:0:0:0:0, 3:0:0:0:0, 1:0:0:0:0, 6:4:0:0:4, 0:0:0:0:0, 1:1:0:0:1, 6:4:0:0:4, 0:0:0:0:0, 0:0:0:0:0, 0:0:0:0:0, 1:0:0:0:0, 0:0:0:0:0, 2:0:0:0:0, 1:0:0:0:0, 0:0:0:0:0, 2:0:0:0:0, 2:0:0:0:0, 4:0:0:0:0, 1:0:0:0:0, 6:3:0:0:3, 0:0:0:0:0, 0:0:0:0:0, 0:0:0:0:0, 4:3:0:0:3, 0:0:0:0:0, 0:0:0:0:0, 0:0:0:0:0, 1:0:0:0:0, 2:0:0:0:0, 1:0:0:0:0, 0:0:0:0:0, 1:0:0:0:0, 2:0:0:0:0, 3:0:0:0:0, 0:0:0:0:0, 6:4:0:0:4, 0:0:0:0:0, 2:1:0:0:1, 5:3:0:0:3, 0:0:0:0:0, 0:0:0:0:0, 0:0:0:0:0, 0:0:0:0:0, 0:0:0:0:0, 2:0:0:0:0, 1:0:0:0:0, 0:0:0:0:0, 0:0:0:0:0, 2:0:0:0:0, 4:0:0:0:0, 0:0:0:0:0, 5:5:0:0:5, 0:0:0:0:0, 0:0:0:0:0, 0:0:0:0:0, 5:3:0:0:3, 0:0:0:0:0, 0:0:0:0:0, 0:0:0:0:0, 0:0:0:0:0, 5:0:0:0:0, 4:0:0:0:0, 1:0:0:0:0, 0:0:0:0:0, 4:0:0:0:0, 3:0:0:0:0, 0:0:0:0:0, 4:3:0:0:3, 1:0:0:0:0, 2:3:1:0:4, 4:3:0:0:3, 0:0:0:0:0, 0:0:0:0:0, 0:0:0:0:0, 0:0:0:0:0, 0:0:0:0:0, 2:0:0:0:0, 3:0:0:0:0, 0:0:0:0:0, 0:0:0:0:0, 2:0:0:0:0, 3:0:0:0:0, 0:0:0:0:0, 4:5:0:0:5, 0:0:0:0:0, 0:0:0:0:0, 0:0:0:0:0, 6:3:0:0:3, 1:0:0:0:0, 0:0:0:0:0, 0:0:0:0:0, 0:0:0:0:0, 2:0:0:0:0, 2:0:0:0:0, 0:0:0:0:0, 1:1:0:0:1, 4:0:0:0:0, 2:0:0:0:0, 0:0:0:0:0, 5:5:0:0:5, 0:0:0:0:0, 2:1:0:0:1, 6:3:0:0:3, 0:0:0:0:0, 0:0:0:0:0, 0:0:0:0:0, 0:0:0:0:0, 0:0:0:0:0, 3:0:0:0:0, 1:0:0:0:0, 0:0:0:0:0,  , 3:0:0:0:0, 3:0:0:0:0, 0:0:0:0:0, 4:3:0:0:3, 0:0:0:0:0, 1:0:0:0:0, 0:0:0:0:0, 5:5:0:0:5, 0:0:0:0:0, 0:0:0:0:0, 1:1:0:0:1, 0:0:0:0:0, 2:0:0:0:0, 1:0:0:0:0, 0:0:0:0:0, 2:0:0:0:0, 3:0:0:0:0, 3:0:0:0:0, 1:1:0:0:1, 5:5:0:0:5, 0:0:0:0:0, 1:1:0:0:1, 4:3:0:0:3, 0:0:0:0:0, 0:0:0:0:0, 0:0:0:0:0, 0:0:0:0:0, 0:0:0:0:0, 2:0:0:0:0, 1:0:0:0:0, 0:0:0:0:0, 0:0:0:0:0, 2:0:0:0:0, 2:0:0:0:0, 0:0:0:0:0, 4:3:0:0:3, 0:0:0:0:0, 0:0:0:0:0, 0:0:0:0:0, 4:5:0:0:5, 0:0:0:0:0, 0:0:0:0:0, 0:0:0:0:0, 0:0:0:0:0, 2:0:0:0:0, 2:0:0:0:0, 0:0:0:0:0,  , 2:0:0:0:0, 3:0:0:0:0, 0:0:0:0:0, 4:5:0:0:5, 0:0:0:0:0, 1:2:0:0:2, 6:3:0:0:3, 0:0:0:0:0, 0:0:0:0:0, 0:0:0:0:0, 0:0:0:0:0, 0:0:0:0:0, 2:0:0:0:0, 1:0:0:0:0, 0:0:0:0:0, 1:1:0:0:1, 3:0:0:0:0, 3:0:0:0:0, 2:1:0:0:1, 6:8:0:0:8, 0:0:0:0:0, 0:0:0:0:0, 1:0:0:0:0, 7:3:0:0:3, 0:0:0:0:0, 0:0:0:0:0, 0:0:0:0:0, 0:0:0:0:0, 2:0:0:0:0, 1:0:0:0:0, 0:0:0:0:0, 0:0:0:0:0, 3:1:0:0:1, 2:0:0:0:0, 0:0:0:0:0, 4:7:0:0:7, 0:0:0:0:0, 1:2:0:0:2, 6:3:0:0:3, 0:0:0:0:0, 0:0:0:0:0, 0:0:0:0:0, 0:0:0:0:0, 0:0:0:0:0, 2:0:0:0:0, 3:0:0:0:0, 0:0:0:0:0, 0:0:0:0:0, 3:0:0:0:0, 3:0:0:0:0, 0:0:0:0:0, 5:7:0:0:7, 0:0:0:0:0, 0:0:0:0:0, 1:0:0:0:0, 6:4:0:0:4, 0:0:0:0:0, 2:0:0:0:0, 0:0:0:0:0, 1:0:0:0:0, 2:0:0:0:0, 3:0:0:0:0, 1:0:0:0:0, 0:0:0:0:0, 2:0:0:0:0, 3:0:0:0:0, 0:0:0:0:0, 5:7:0:0:7, 0:0:0:0:0, 3:1:0:0:1, 4:3:0:0:3, 0:0:0:0:0, 0:0:0:0:0, 0:0:0:0:0, 0:0:0:0:0, 0:0:0:0:0, 2:0:0:0:0, 2:0:0:0:0, 0:0:0:0:0, 0:0:0:0:0, 2:0:0:0:0, 2:0:0:0:0, 0:0:0:0:0, 4:3:0:0:3, 3:3:1:0:4, 2:1:0:0:1, 0:0:0:0:0, 4:4:0:0:4, 1:1:0:0:1, 0:0:0:0:0, 0:0:0:0:0, 0:0:0:0:0, 2:0:0:0:0, 2:0:0:0:0, 0:0:0:0:0, 1:1:0:0:1, 5:0:0:0:0, 3:0:0:0:0, 0:0:0:0:0, 6:4:0:0:4, 1:1:0:0:1, 1:1:0:0:1, 5:4:0:0:4, 0:0:0:0:0, 0:0:0:0:0, 0:0:0:0:0, 0:0:0:0:0, 0:0:0:0:0, 2:0:0:0:0, 1:0:0:0:0, 0:0:0:0:0, 1:0:0:0:0, 2:0:0:0:0, 2:0:0:0:0, 0:0:0:0:0, 4:4:0:0:4, 0:0:0:0:0, 0:0:0:0:0, 0:0:0:0:0, 4:6:0:0:6, 0:0:0:0:0, 1:1:0:0:1, 0:0:0:0:0, 0:0:0:0:0, 3:0:2:0:2, 1:0:0:0:0, 0:0:0:0:0,  , 4:0:0:0:0, 2:0:0:0:0, 0:0:0:0:0, 7:3:0:0:3, 0:0:0:0:0, 1:2:0:0:2, 4:3:0:0:3, 0:0:0:0:0, 0:0:0:0:0, 0:0:0:0:0, 0:0:0:0:0, 0:0:0:0:0, 2:0:0:0:0, 2:0:0:0:0, 0:0:0:0:0, 0:0:0:0:0, 3:0:0:0:0, 2:0:0:0:0, 0:0:0:0:0, 5:6:0:0:6, 0:0:0:0:0, 0:0:0:0:0, 0:0:0:0:0, 8:4:0:0:4, 1:0:0:0:0, 0:0:0:0:0, 0:0:0:0:0, 0:0:0:0:0, 2:0:0:0:0, 3:0:0:0:0, 1:0:0:0:0, 0:0:0:0:0, 2:0:0:0:0, 3:0:0:0:0, 1:0:0:0:0, 6:5:0:0:5, 0:0:0:0:0, 1:1:0:0:1, 7:3:0:0:3, 0:0:0:0:0, 0:0:0:0:0, 2:0:0:0:0, 0:0:0:0:0, 0:0:0:0:0, 0:0:0:0:0, 0:0:0:0:0, 497:212:4:0:216
E minor (1#), 0:0:0:0:0, 1:0:0:0:0, 2:0:0:0:1, 3:3:0:0:0, 3:2:0:0:0, 2:1:0:0:0, 3:1:0:0:1, 4:4:0:0:1, 4:4:0:0:1, 2:0:0:0:0, 3:0:0:0:2, 2:2:0:0:0, 1:2:0:0:0, 2:0:0:0:0, 4:0:0:0:2, 4:2:0:0:0, 1:1:0:0:0, 1:0:0:0:0, 2:0:0:0:1, 3:3:0:0:0, 3:2:0:0:0, 2:1:0:0:0, 3:1:0:0:1, 4:4:0:0:1, 4:4:0:0:1, 2:0:0:0:0, 4:0:0:0:2, 2:2:0:0:0, 2:3:0:0:0, 6:0:0:0:2, 2:3:0:0:0, 1:0:0:0:0, 0:0:0:0:0, 1:0:0:0:0, 1:0:0:0:0, 3:3:0:0:0, 3:3:0:0:0, 2:1:0:0:0, 3:1:0:0:0, 4:3:0:0:1, 6:5:0:0:1, 1:0:1:0:1, 4:0:0:0:2, 2:1:0:0:0, 1:1:0:0:0, 0:0:0:0:0, 2:0:0:0:2, 2:1:0:0:0, 1:1:0:0:0, 1:0:0:0:0, 2:0:0:0:1, 3:3:0:0:0, 3:2:0:0:0, 2:1:0:0:0, 3:1:0:0:1, 4:4:0:0:1, 5:3:0:0:1, 1:0:0:0:0, 4:0:0:0:2, 2:2:0:0:0, 3:2:0:0:0, 5:0:0:0:2, 2:3:0:0:0, 1:0:0:0:0, 2:2:0:0:0, 1:0:0:0:0, 2:1:0:0:0, 3:3:0:0:0, 3:3:0:0:0, 2:1:0:0:0, 1:0:0:0:0, 4:4:0:0:1, 6:6:0:0:2, 0:0:0:0:0, 3:0:0:0:5, 2:1:0:0:0, 1:1:0:0:0, 0:0:0:0:0, 3:0:0:0:2, 2:1:0:0:0, 1:1:0:0:0, 1:0:0:0:0, 0:0:0:0:0, 5:2:0:0:0, 6:2:0:0:0, 3:3:0:0:0, 1:0:0:0:0, 6:3:0:0:2, 4:6:0:0:4, 0:0:0:0:0, 2:0:0:0:2, 3:1:0:0:0, 3:3:1:0:1, 4:0:0:0:2, 2:2:0:0:0, 1:0:0:0:0, 2:2:0:0:0, 1:0:0:0:0, 1:0:0:0:0, 3:3:0:0:0, 5:6:0:0:0, 2:1:0:0:0, 1:0:0:0:0, 4:4:0:0:1, 4:9:0:0:2, 0:0:0:0:0, 2:0:0:0:4, 2:2:0:0:0, 1:1:0:0:0, 0:0:0:0:0, 4:0:0:0:3, 3:2:0:0:1, 2:2:0:0:0, 1:0:0:0:0, 1:0:0:0:0, 3:2:0:0:0, 4:5:0:0:1, 2:1:0:0:0, 1:0:0:0:1, 6:6:0:0:2, 3:6:0:0:2, 0:0:0:0:0, 3:0:0:0:4, 2:2:0:0:0, 3:4:0:0:1, 6:0:0:0:2, 2:3:0:0:0, 1:0:0:0:0, 2:2:0:0:0, 1:0:0:0:0, 1:0:0:0:0, 3:4:0:0:0, 3:5:0:0:0, 2:2:0:0:0,  , 5:3:0:0:2, 4:8:0:0:2, 0:0:0:0:0, 2:0:0:0:2, 2:3:0:0:0, 2:1:1:0:1, 0:0:0:0:0, 3:0:0:0:3, 2:3:0:0:0, 2:2:0:0:0, 3:3:0:0:1, 1:0:0:0:0, 3:4:0:0:0, 3:4:0:0:0, 2:1:0:0:0, 3:3:0:0:5, 5:3:0:0:1, 4:8:0:0:2, 2:1:0:0:1, 3:0:0:0:4, 2:3:0:0:0, 3:2:0:0:0, 4:0:0:0:2, 2:2:0:0:0, 2:0:0:0:1, 2:2:0:0:0, 1:0:0:0:0, 1:0:0:0:0, 3:3:0:0:0, 3:2:0:0:0, 2:1:0:0:0, 1:0:0:0:0, 4:4:0:0:2, 4:6:0:0:4, 0:0:0:0:0, 2:0:0:0:2, 2:3:0:0:0, 2:1:0:0:0, 0:0:0:0:0, 2:0:0:0:3, 2:1:0:0:0, 2:1:0:0:0, 1:0:0:0:0, 0:0:0:0:0, 3:3:0:0:0, 4:4:0:0:0, 2:2:0:0:0,  , 4:5:0:0:2, 4:6:0:0:1, 0:0:0:0:0, 2:0:0:0:3, 2:2:0:0:0, 2:3:0:0:0, 6:1:0:0:3, 2:3:0:0:0, 1:0:0:0:0, 2:2:0:0:0, 1:0:0:0:0, 2:1:0:0:0, 4:4:0:0:1, 3:4:0:0:0, 2:1:0:0:0, 1:0:0:0:1, 5:5:0:0:3, 4:7:0:0:4, 1:0:0:0:1, 4:0:0:0:4, 2:2:0:0:0, 2:1:0:0:0, 2:0:0:0:2, 5:0:0:0:3, 2:2:0:0:0, 2:1:0:0:0, 1:0:0:0:0, 1:0:0:0:0, 3:2:0:0:0, 3:2:0:0:0, 2:2:0:0:0, 2:0:0:0:1, 5:5:0:0:3, 3:3:0:0:1, 0:0:0:0:0, 2:0:0:0:6, 2:3:0:0:0, 3:2:0:0:0, 6:0:0:0:2, 2:2:0:0:0, 1:0:0:0:0, 2:2:0:0:0, 1:0:0:0:0, 1:0:0:0:0, 3:5:0:0:0, 5:5:0:0:0, 2:2:0:0:0, 1:0:0:0:0, 5:5:0:0:3, 4:9:0:0:2, 1:0:0:0:0, 3:0:0:0:6, 2:2:0:0:0, 1:2:0:0:0, 2:0:0:0:1, 4:0:0:0:3, 2:2:0:0:0, 4:2:0:0:1, 1:0:0:0:0, 3:1:0:0:1, 4:2:0:0:1, 5:5:0:0:2, 3:1:0:0:1, 1:0:0:0:1, 4:3:0:0:1, 5:6:0:0:2, 0:0:0:0:0, 3:0:0:0:6, 2:1:0:0:0, 5:3:0:0:1, 4:0:0:0:2, 2:2:0:0:0, 1:0:0:0:0, 2:2:0:0:0, 1:0:0:0:0, 1:0:0:0:0, 3:3:0:0:0, 4:2:0:0:1, 2:1:0:0:0, 2:0:0:0:1, 4:3:0:0:1, 4:6:0:0:2, 0:0:0:0:0, 2:0:0:0:2, 5:3:1:0:6, 4:2:0:0:0, 1:0:0:0:0, 2:0:0:0:2, 3:2:0:0:0, 2:1:0:0:0, 1:0:0:0:0, 2:0:0:0:1, 3:2:0:0:0, 4:6:0:0:0, 2:2:0:0:0, 3:2:0:0:1, 7:5:0:0:3, 4:7:0:0:1, 0:0:0:0:0, 4:0:0:0:3, 3:1:0:0:0, 2:2:0:0:0, 5:0:0:0:3, 2:2:0:0:0, 1:0:0:0:0, 2:2:0:0:0, 1:0:0:0:0, 0:0:0:0:0, 3:2:0:0:0, 3:3:0:0:0, 2:2:0:0:0, 1:0:0:0:1, 4:4:0:0:1, 3:3:0:0:1, 0:0:0:0:0, 2:0:0:0:3, 2:2:0:0:0, 1:1:0:0:0, 0:0:0:0:0, 2:0:0:0:5, 2:2:0:0:0, 3:1:0:0:0, 1:0:0:0:0, 0:0:0:0:0, 4:5:2:0:2, 3:2:0:0:0, 2:3:0:0:0,  , 6:6:0:0:2, 3:5:0:0:2, 0:0:0:0:0, 5:1:0:0:2, 2:1:0:0:0, 2:3:0:0:0, 4:0:0:0:2, 2:2:0:0:0, 1:0:0:0:0, 2:2:0:0:0, 1:0:0:0:0, 2:1:0:0:0, 3:4:0:0:0, 4:4:0:0:1, 2:1:0:0:0, 1:2:0:0:0, 5:7:0:0:2, 4:3:0:0:1, 0:0:0:0:0, 3:0:0:0:6, 2:3:0:0:0, 1:1:0:0:0, 1:0:0:0:0, 6:1:0:0:2, 3:1:0:0:1, 2:2:0:0:0, 1:0:0:0:0, 1:0:0:0:0, 3:2:0:0:0, 5:5:0:0:2, 3:6:0:0:0, 2:0:0:0:1, 4:3:0:0:1, 5:3:0:0:1, 1:0:0:0:1, 4:0:0:0:5, 2:4:0:0:0, 3:2:0:0:0, 7:0:0:0:2, 2:3:0:0:0, 2:1:0:0:0, 3:2:0:0:1, 0:0:0:0:0, 0:0:0:0:0, 0:0:0:0:0, 0:0:0:0:0, 860:591:6:0:264
D minor mel (1b), 0:0:0:0:0, 0:0:0:0:0, 1:0:0:0:0, 2:0:0:0:0, 1:0:0:0:0, 0:0:0:0:0, 1:0:0:0:0, 2:0:0:0:0, 3:0:0:0:0, 1:0:0:0:0, 5:4:0:0:4, 0:0:0:0:0, 0:0:0:0:0, 1:0:0:0:0, 6:4:0:0:4, 2:0:0:0:0, 0:0:0:0:0, 0:0:0:0:0, 1:0:0:0:0, 2:0:0:0:0, 1:0:0:0:0, 0:0:0:0:0, 1:0:0:0:0, 2:0:0:0:0, 3:0:0:0:0, 1:0:0:0:0, 6:4:0:0:4, 0:0:0:0:0, 1:1:0:0:1, 6:4:0:0:4, 0:0:0:0:0, 0:0:0:0:0, 0:0:0:0:0, 1:0:0:0:0, 0:0:0:0:0, 2:0:0:0:0, 1:0:0:0:0, 0:0:0:0:0, 2:0:0:0:0, 2:0:0:0:0, 4:0:0:0:0, 1:0:0:0:0, 6:3:0:0:3, 0:0:0:0:0, 0:0:0:0:0, 0:0:0:0:0, 4:3:0:0:3, 0:0:0:0:0, 0:0:0:0:0, 0:0:0:0:0, 1:0:0:0:0, 2:0:0:0:0, 1:0:0:0:0, 0:0:0:0:0, 1:0:0:0:0, 2:0:0:0:0, 3:0:0:0:0, 0:0:0:0:0, 6:4:0:0:4, 0:0:0:0:0, 2:1:0:0:1, 5:3:0:0:3, 0:0:0:0:0, 0:0:0:0:0, 0:0:0:0:0, 0:0:0:0:0, 0:0:0:0:0, 2:0:0:0:0, 1:0:0:0:0, 0:0:0:0:0, 0:0:0:0:0, 2:0:0:0:0, 4:0:0:0:0, 0:0:0:0:0, 5:5:0:0:5, 0:0:0:0:0, 0:0:0:0:0, 0:0:0:0:0, 5:3:0:0:3, 0:0:0:0:0, 0:0:0:0:0, 0:0:0:0:0, 0:0:0:0:0, 5:0:0:0:0, 4:0:0:0:0, 1:0:0:0:0, 0:0:0:0:0, 4:0:0:0:0, 3:0:0:0:0, 0:0:0:0:0, 4:3:0:0:3, 1:0:0:0:0, 2:3:1:0:4, 4:3:0:0:3, 0:0:0:0:0, 0:0:0:0:0, 0:0:0:0:0, 0:0:0:0:0, 0:0:0:0:0, 2:0:0:0:0, 3:0:0:0:0, 0:0:0:0:0, 0:0:0:0:0, 2:0:0:0:0, 3:0:0:0:0, 0:0:0:0:0, 4:5:0:0:5, 0:0:0:0:0, 0:0:0:0:0, 0:0:0:0:0, 6:3:0:0:3, 1:0:0:0:0, 0:0:0:0:0, 0:0:0:0:0, 0:0:0:0:0, 2:0:0:0:0, 2:0:0:0:0, 0:0:0:0:0, 1:1:0:0:1, 4:0:0:0:0, 2:0:0:0:0, 0:0:0:0:0, 5:5:0:0:5, 0:0:0:0:0, 2:1:0:0:1, 6:3:0:0:3, 0:0:0:0:0, 0:0:0:0:0, 0:0:0:0:0, 0:0:0:0:0, 0:0:0:0:0, 3:0:0:0:0, 1:0:0:0:0, 0:0:0:0:0,  , 3:0:0:0:0, 3:0:0:0:0, 0:0:0:0:0, 4:3:0:0:3, 0:0:0:0:0, 1:0:0:0:0, 0:0:0:0:0, 5:5:0:0:5, 0:0:0:0:0, 0:0:0:0:0, 1:1:0:0:1, 0:0:0:0:0, 2:0:0:0:0, 1:0:0:0:0, 0:0:0:0:0, 2:0:0:0:0, 3:0:0:0:0, 3:0:0:0:0, 1:1:0:0:1, 5:5:0:0:5, 0:0:0:0:0, 1:1:0:0:1, 4:3:0:0:3, 0:0:0:0:0, 0:0:0:0:0, 0:0:0:0:0, 0:0:0:0:0, 0:0:0:0:0, 2:0:0:0:0, 1:0:0:0:0, 0:0:0:0:0, 0:0:0:0:0, 2:0:0:0:0, 2:0:0:0:0, 0:0:0:0:0, 4:3:0:0:3, 0:0:0:0:0, 0:0:0:0:0, 0:0:0:0:0, 4:5:0:0:5, 0:0:0:0:0, 0:0:0:0:0, 0:0:0:0:0, 0:0:0:0:0, 2:0:0:0:0, 2:0:0:0:0, 0:0:0:0:0,  , 2:0:0:0:0, 3:0:0:0:0, 0:0:0:0:0, 4:5:0:0:5, 0:0:0:0:0, 1:2:0:0:2, 6:3:0:0:3, 0:0:0:0:0, 0:0:0:0:0, 0:0:0:0:0, 0:0:0:0:0, 0:0:0:0:0, 2:0:0:0:0, 1:0:0:0:0, 0:0:0:0:0, 1:1:0:0:1, 3:0:0:0:0, 3:0:0:0:0, 2:1:0:0:1, 6:8:0:0:8, 0:0:0:0:0, 0:0:0:0:0, 1:0:0:0:0, 7:3:0:0:3, 0:0:0:0:0, 0:0:0:0:0, 0:0:0:0:0, 0:0:0:0:0, 2:0:0:0:0, 1:0:0:0:0, 0:0:0:0:0, 0:0:0:0:0, 3:1:0:0:1, 2:0:0:0:0, 0:0:0:0:0, 4:7:0:0:7, 0:0:0:0:0, 1:2:0:0:2, 6:3:0:0:3, 0:0:0:0:0, 0:0:0:0:0, 0:0:0:0:0, 0:0:0:0:0, 0:0:0:0:0, 2:0:0:0:0, 3:0:0:0:0, 0:0:0:0:0, 0:0:0:0:0, 3:0:0:0:0, 3:0:0:0:0, 0:0:0:0:0, 5:7:0:0:7, 0:0:0:0:0, 0:0:0:0:0, 1:0:0:0:0, 6:4:0:0:4, 0:0:0:0:0, 2:0:0:0:0, 0:0:0:0:0, 1:0:0:0:0, 2:0:0:0:0, 3:0:0:0:0, 1:0:0:0:0, 0:0:0:0:0, 2:0:0:0:0, 3:0:0:0:0, 0:0:0:0:0, 5:7:0:0:7, 0:0:0:0:0, 3:1:0:0:1, 4:3:0:0:3, 0:0:0:0:0, 0:0:0:0:0, 0:0:0:0:0, 0:0:0:0:0, 0:0:0:0:0, 2:0:0:0:0, 2:0:0:0:0, 0:0:0:0:0, 0:0:0:0:0, 2:0:0:0:0, 2:0:0:0:0, 0:0:0:0:0, 4:3:0:0:3, 3:3:1:0:4, 2:1:0:0:1, 0:0:0:0:0, 4:4:0:0:4, 1:1:0:0:1, 0:0:0:0:0, 0:0:0:0:0, 0:0:0:0:0, 2:0:0:0:0, 2:0:0:0:0, 0:0:0:0:0, 1:1:0:0:1, 5:0:0:0:0, 3:0:0:0:0, 0:0:0:0:0, 6:4:0:0:4, 1:1:0:0:1, 1:1:0:0:1, 5:4:0:0:4, 0:0:0:0:0, 0:0:0:0:0, 0:0:0:0:0, 0:0:0:0:0, 0:0:0:0:0, 2:0:0:0:0, 1:0:0:0:0, 0:0:0:0:0, 1:0:0:0:0, 2:0:0:0:0, 2:0:0:0:0, 0:0:0:0:0, 4:4:0:0:4, 0:0:0:0:0, 0:0:0:0:0, 0:0:0:0:0, 4:6:0:0:6, 0:0:0:0:0, 1:1:0:0:1, 0:0:0:0:0, 0:0:0:0:0, 3:0:2:0:2, 1:0:0:0:0, 0:0:0:0:0,  , 4:0:0:0:0, 2:0:0:0:0, 0:0:0:0:0, 7:3:0:0:3, 0:0:0:0:0, 1:2:0:0:2, 4:3:0:0:3, 0:0:0:0:0, 0:0:0:0:0, 0:0:0:0:0, 0:0:0:0:0, 0:0:0:0:0, 2:0:0:0:0, 2:0:0:0:0, 0:0:0:0:0, 0:0:0:0:0, 3:0:0:0:0, 2:0:0:0:0, 0:0:0:0:0, 5:6:0:0:6, 0:0:0:0:0, 0:0:0:0:0, 0:0:0:0:0, 8:4:0:0:4, 1:0:0:0:0, 0:0:0:0:0, 0:0:0:0:0, 0:0:0:0:0, 2:0:0:0:0, 3:0:0:0:0, 1:0:0:0:0, 0:0:0:0:0, 2:0:0:0:0, 3:0:0:0:0, 1:0:0:0:0, 6:5:0:0:5, 0:0:0:0:0, 1:1:0:0:1, 7:3:0:0:3, 0:0:0:0:0, 0:0:0:0:0, 2:0:0:0:0, 0:0:0:0:0, 0:0:0:0:0, 0:0:0:0:0, 0:0:0:0:0, 497:212:4:0:216
E minor mel (1#), 0:0:0:0:0, 1:0:0:0:0, 2:0:0:0:1, 3:3:0:0:0, 3:2:0:0:0, 2:1:0:0:0, 3:1:0:0:1, 4:4:0:0:1, 4:4:0:0:1, 2:0:0:0:0, 3:0:0:0:2, 2:2:0:0:0, 1:2:0:0:0, 2:0:0:0:0, 4:0:0:0:2, 4:2:0:0:0, 1:1:0:0:0, 1:0:0:0:0, 2:0:0:0:1, 3:3:0:0:0, 3:2:0:0:0, 2:1:0:0:0, 3:1:0:0:1, 4:4:0:0:1, 4:4:0:0:1, 2:0:0:0:0, 4:0:0:0:2, 2:2:0:0:0, 2:3:0:0:0, 6:0:0:0:2, 2:3:0:0:0, 1:0:0:0:0, 0:0:0:0:0, 1:0:0:0:0, 1:0:0:0:0, 3:3:0:0:0, 3:3:0:0:0, 2:1:0:0:0, 3:1:0:0:0, 4:3:0:0:1, 6:5:0:0:1, 1:0:1:0:1, 4:0:0:0:2, 2:1:0:0:0, 1:1:0:0:0, 0:0:0:0:0, 2:0:0:0:2, 2:1:0:0:0, 1:1:0:0:0, 1:0:0:0:0, 2:0:0:0:1, 3:3:0:0:0, 3:2:0:0:0, 2:1:0:0:0, 3:1:0:0:1, 4:4:0:0:1, 5:3:0:0:1, 1:0:0:0:0, 4:0:0:0:2, 2:2:0:0:0, 3:2:0:0:0, 5:0:0:0:2, 2:3:0:0:0, 1:0:0:0:0, 2:2:0:0:0, 1:0:0:0:0, 2:1:0:0:0, 3:3:0:0:0, 3:3:0:0:0, 2:1:0:0:0, 1:0:0:0:0, 4:4:0:0:1, 6:6:0:0:2, 0:0:0:0:0, 3:0:0:0:5, 2:1:0:0:0, 1:1:0:0:0, 0:0:0:0:0, 3:0:0:0:2, 2:1:0:0:0, 1:1:0:0:0, 1:0:0:0:0, 0:0:0:0:0, 5:2:0:0:0, 6:2:0:0:0, 3:3:0:0:0, 1:0:0:0:0, 6:3:0:0:2, 4:6:0:0:4, 0:0:0:0:0, 2:0:0:0:2, 3:1:0:0:0, 3:3:1:0:1, 4:0:0:0:2, 2:2:0:0:0, 1:0:0:0:0, 2:2:0:0:0, 1:0:0:0:0, 1:0:0:0:0, 3:3:0:0:0, 5:6:0:0:0, 2:1:0:0:0, 1:0:0:0:0, 4:4:0:0:1, 4:9:0:0:2, 0:0:0:0:0, 2:0:0:0:4, 2:2:0:0:0, 1:1:0:0:0, 0:0:0:0:0, 4:0:0:0:3, 3:2:0:0:1, 2:2:0:0:0, 1:0:0:0:0, 1:0:0:0:0, 3:2:0:0:0, 4:5:0:0:1, 2:1:0:0:0, 1:0:0:0:1, 6:6:0:0:2, 3:6:0:0:2, 0:0:0:0:0, 3:0:0:0:4, 2:2:0:0:0, 3:4:0:0:1, 6:0:0:0:2, 2:3:0:0:0, 1:0:0:0:0, 2:2:0:0:0, 1:0:0:0:0, 1:0:0:0:0, 3:4:0:0:0, 3:5:0:0:0, 2:2:0:0:0,  , 5:3:0:0:2, 4:8:0:0:2, 0:0:0:0:0, 2:0:0:0:2, 2:3:0:0:0, 2:1:1:0:1, 0:0:0:0:0, 3:0:0:0:3, 2:3:0:0:0, 2:2:0:0:0, 3:3:0:0:1, 1:0:0:0:0, 3:4:0:0:0, 3:4:0:0:0, 2:1:0:0:0, 3:3:0:0:5, 5:3:0:0:1, 4:8:0:0:2, 2:1:0:0:1, 3:0:0:0:4, 2:3:0:0:0, 3:2:0:0:0, 4:0:0:0:2, 2:2:0:0:0, 2:0:0:0:1, 2:2:0:0:0, 1:0:0:0:0, 1:0:0:0:0, 3:3:0:0:0, 3:2:0:0:0, 2:1:0:0:0, 1:0:0:0:0, 4:4:0:0:2, 4:6:0:0:4, 0:0:0:0:0, 2:0:0:0:2, 2:3:0:0:0, 2:1:0:0:0, 0:0:0:0:0, 2:0:0:0:3, 2:1:0:0:0, 2:1:0:0:0, 1:0:0:0:0, 0:0:0:0:0, 3:3:0:0:0, 4:4:0:0:0, 2:2:0:0:0,  , 4:5:0:0:2, 4:6:0:0:1, 0:0:0:0:0, 2:0:0:0:3, 2:2:0:0:0, 2:3:0:0:0, 6:1:0:0:3, 2:3:0:0:0, 1:0:0:0:0, 2:2:0:0:0, 1:0:0:0:0, 2:1:0:0:0, 4:4:0:0:1, 3:4:0:0:0, 2:1:0:0:0, 1:0:0:0:1, 5:5:0:0:3, 4:7:0:0:4, 1:0:0:0:1, 4:0:0:0:4, 2:2:0:0:0, 2:1:0:0:0, 2:0:0:0:2, 5:0:0:0:3, 2:2:0:0:0, 2:1:0:0:0, 1:0:0:0:0, 1:0:0:0:0, 3:2:0:0:0, 3:2:0:0:0, 2:2:0:0:0, 2:0:0:0:1, 5:5:0:0:3, 3:3:0:0:1, 0:0:0:0:0, 2:0:0:0:6, 2:3:0:0:0, 3:2:0:0:0, 6:0:0:0:2, 2:2:0:0:0, 1:0:0:0:0, 2:2:0:0:0, 1:0:0:0:0, 1:0:0:0:0, 3:5:0:0:0, 5:5:0:0:0, 2:2:0:0:0, 1:0:0:0:0, 5:5:0:0:3, 4:9:0:0:2, 1:0:0:0:0, 3:0:0:0:6, 2:2:0:0:0, 1:2:0:0:0, 2:0:0:0:1, 4:0:0:0:3, 2:2:0:0:0, 4:2:0:0:1, 1:0:0:0:0, 3:1:0:0:1, 4:2:0:0:1, 5:5:0:0:2, 3:1:0:0:1, 1:0:0:0:1, 4:3:0:0:1, 5:6:0:0:2, 0:0:0:0:0, 3:0:0:0:6, 2:1:0:0:0, 5:3:0:0:1, 4:0:0:0:2, 2:2:0:0:0, 1:0:0:0:0, 2:2:0:0:0, 1:0:0:0:0, 1:0:0:0:0, 3:3:0:0:0, 4:2:0:0:1, 2:1:0:0:0, 2:0:0:0:1, 4:3:0:0:1, 4:6:0:0:2, 0:0:0:0:0, 2:0:0:0:2, 5:3:1:0:6, 4:2:0:0:0, 1:0:0:0:0, 2:0:0:0:2, 3:2:0:0:0, 2:1:0:0:0, 1:0:0:0:0, 2:0:0:0:1, 3:2:0:0:0, 4:6:0:0:0, 2:2:0:0:0, 3:2:0:0:1, 7:5:0:0:3, 4:7:0:0:1, 0:0:0:0:0, 4:0:0:0:3, 3:1:0:0:0, 2:2:0:0:0, 5:0:0:0:3, 2:2:0:0:0, 1:0:0:0:0, 2:2:0:0:0, 1:0:0:0:0, 0:0:0:0:0, 3:2:0:0:0, 3:3:0:0:0, 2:2:0:0:0, 1:0:0:0:1, 4:4:0:0:1, 3:3:0:0:1, 0:0:0:0:0, 2:0:0:0:3, 2:2:0:0:0, 1:1:0:0:0, 0:0:0:0:0, 2:0:0:0:5, 2:2:0:0:0, 3:1:0:0:0, 1:0:0:0:0, 0:0:0:0:0, 4:5:2:0:2, 3:2:0:0:0, 2:3:0:0:0,  , 6:6:0:0:2, 3:5:0:0:2, 0:0:0:0:0, 5:1:0:0:2, 2:1:0:0:0, 2:3:0:0:0, 4:0:0:0:2, 2:2:0:0:0, 1:0:0:0:0, 2:2:0:0:0, 1:0:0:0:0, 2:1:0:0:0, 3:4:0:0:0, 4:4:0:0:1, 2:1:0:0:0, 1:2:0:0:0, 5:7:0:0:2, 4:3:0:0:1, 0:0:0:0:0, 3:0:0:0:6, 2:3:0:0:0, 1:1:0:0:0, 1:0:0:0:0, 6:1:0:0:2, 3:1:0:0:1, 2:2:0:0:0, 1:0:0:0:0, 1:0:0:0:0, 3:2:0:0:0, 5:5:0:0:2, 3:6:0:0:0, 2:0:0:0:1, 4:3:0:0:1, 5:3:0:0:1, 1:0:0:0:1, 4:0:0:0:5, 2:4:0:0:0, 3:2:0:0:0, 7:0:0:0:2, 2:3:0:0:0, 2:1:0:0:0, 3:2:0:0:1, 0:0:0:0:0, 0:0:0:0:0, 0:0:0:0:0, 0:0:0:0:0, 860:591:6:0:264
F major blues (1b), 0:0:0:0:0, 0:0:0:0:0, 1:0:0:0:0, 2:0:0:0:0, 1:0:0:0:0, 0:0:0:0:0, 1:0:0:0:0, 2:0:0:0:0, 3:0:0:0:0, 1:0:0:0:0, 5:4:0:0:4, 0:0:0:0:0, 0:0:0:0:0, 1:0:0:0:0, 6:4:0:0:4, 2:0:0:0:0, 0:0:0:0:0, 0:0:0:0:0, 1:0:0:0:0, 2:0:0:0:0, 1:0:0:0:0, 0:0:0:0:0, 1:0:0:0:0, 2:0:0:0:0, 3:0:0:0:0, 1:0:0:0:0, 6:4:0:0:4, 0:0:0:0:0, 1:1:0:0:1, 6:4:0:0:4, 0:0:0:0:0, 0:0:0:0:0, 0:0:0:0:0, 1:0:0:0:0, 0:0:0:0:0, 2:0:0:0:0, 1:0:0:0:0, 0:0:0:0:0, 2:0:0:0:0, 2:0:0:0:0, 4:0:0:0:0, 1:0:0:0:0, 6:3:0:0:3, 0:0:0:0:0, 0:0:0:0:0, 0:0:0:0:0, 4:3:0:0:3, 0:0:0:0:0, 0:0:0:0:0, 0:0:0:0:0, 1:0:0:0:0, 2:0:0:0:0, 1:0:0:0:0, 0:0:0:0:0, 1:0:0:0:0, 2:0:0:0:0, 3:0:0:0:0, 0:0:0:0:0, 6:4:0:0:4, 0:0:0:0:0, 2:1:0:0:1, 5:3:0:0:3, 0:0:0:0:0, 0:0:0:0:0, 0:0:0:0:0, 0:0:0:0:0, 0:0:0:0:0, 2:0:0:0:0, 1:0:0:0:0, 0:0:0:0:0, 0:0:0:0:0, 2:0:0:0:0, 4:0:0:0:0, 0:0:0:0:0, 5:5:0:0:5, 0:0:0:0:0, 0:0:0:0:0, 0:0:0:0:0, 5:3:0:0:3, 0:0:0:0:0, 0:0:0:0:0, 0:0:0:0:0, 0:0:0:0:0, 5:0:0:0:0, 4:0:0:0:0, 1:0:0:0:0, 0:0:0:0:0, 4:0:0:0:0, 3:0:0:0:0, 0:0:0:0:0, 4:3:0:0:3, 1:0:0:0:0, 2:3:1:0:4, 4:3:0:0:3, 0:0:0:0:0, 0:0:0:0:0, 0:0:0:0:0, 0:0:0:0:0, 0:0:0:0:0, 2:0:0:0:0, 3:0:0:0:0, 0:0:0:0:0, 0:0:0:0:0, 2:0:0:0:0, 3:0:0:0:0, 0:0:0:0:0, 4:5:0:0:5, 0:0:0:0:0, 0:0:0:0:0, 0:0:0:0:0, 6:3:0:0:3, 1:0:0:0:0, 0:0:0:0:0, 0:0:0:0:0, 0:0:0:0:0, 2:0:0:0:0, 2:0:0:0:0, 0:0:0:0:0, 1:1:0:0:1, 4:0:0:0:0, 2:0:0:0:0, 0:0:0:0:0, 5:5:0:0:5, 0:0:0:0:0, 2:1:0:0:1, 6:3:0:0:3, 0:0:0:0:0, 0:0:0:0:0, 0:0:0:0:0, 0:0:0:0:0, 0:0:0:0:0, 3:0:0:0:0, 1:0:0:0:0, 0:0:0:0:0,  , 3:0:0:0:0, 3:0:0:0:0, 0:0:0:0:0, 4:3:0:0:3, 0:0:0:0:0, 1:0:0:0:0, 0:0:0:0:0, 5:5:0:0:5, 0:0:0:0:0, 0:0:0:0:0, 1:1:0:0:1, 0:0:0:0:0, 2:0:0:0:0, 1:0:0:0:0, 0:0:0:0:0, 2:0:0:0:0, 3:0:0:0:0, 3:0:0:0:0, 1:1:0:0:1, 5:5:0:0:5, 0:0:0:0:0, 1:1:0:0:1, 4:3:0:0:3, 0:0:0:0:0, 0:0:0:0:0, 0:0:0:0:0, 0:0:0:0:0, 0:0:0:0:0, 2:0:0:0:0, 1:0:0:0:0, 0:0:0:0:0, 0:0:0:0:0, 2:0:0:0:0, 2:0:0:0:0, 0:0:0:0:0, 4:3:0:0:3, 0:0:0:0:0, 0:0:0:0:0, 0:0:0:0:0, 4:5:0:0:5, 0:0:0:0:0, 0:0:0:0:0, 0:0:0:0:0, 0:0:0:0:0, 2:0:0:0:0, 2:0:0:0:0, 0:0:0:0:0,  , 2:0:0:0:0, 3:0:0:0:0, 0:0:0:0:0, 4:5:0:0:5, 0:0:0:0:0, 1:2:0:0:2, 6:3:0:0:3, 0:0:0:0:0, 0:0:0:0:0, 0:0:0:0:0, 0:0:0:0:0, 0:0:0:0:0, 2:0:0:0:0, 1:0:0:0:0, 0:0:0:0:0, 1:1:0:0:1, 3:0:0:0:0, 3:0:0:0:0, 2:1:0:0:1, 6:8:0:0:8, 0:0:0:0:0, 0:0:0:0:0, 1:0:0:0:0, 7:3:0:0:3, 0:0:0:0:0, 0:0:0:0:0, 0:0:0:0:0, 0:0:0:0:0, 2:0:0:0:0, 1:0:0:0:0, 0:0:0:0:0, 0:0:0:0:0, 3:1:0:0:1, 2:0:0:0:0, 0:0:0:0:0, 4:7:0:0:7, 0:0:0:0:0, 1:2:0:0:2, 6:3:0:0:3, 0:0:0:0:0, 0:0:0:0:0, 0:0:0:0:0, 0:0:0:0:0, 0:0:0:0:0, 2:0:0:0:0, 3:0:0:0:0, 0:0:0:0:0, 0:0:0:0:0, 3:0:0:0:0, 3:0:0:0:0, 0:0:0:0:0, 5:7:0:0:7, 0:0:0:0:0, 0:0:0:0:0, 1:0:0:0:0, 6:4:0:0:4, 0:0:0:0:0, 2:0:0:0:0, 0:0:0:0:0, 1:0:0:0:0, 2:0:0:0:0, 3:0:0:0:0, 1:0:0:0:0, 0:0:0:0:0, 2:0:0:0:0, 3:0:0:0:0, 0:0:0:0:0, 5:7:0:0:7, 0:0:0:0:0, 3:1:0:0:1, 4:3:0:0:3, 0:0:0:0:0, 0:0:0:0:0, 0:0:0:0:0, 0:0:0:0:0, 0:0:0:0:0, 2:0:0:0:0, 2:0:0:0:0, 0:0:0:0:0, 0:0:0:0:0, 2:0:0:0:0, 2:0:0:0:0, 0:0:0:0:0, 4:3:0:0:3, 3:3:1:0:4, 2:1:0:0:1, 0:0:0:0:0, 4:4:0:0:4, 1:1:0:0:1, 0:0:0:0:0, 0:0:0:0:0, 0:0:0:0:0, 2:0:0:0:0, 2:0:0:0:0, 0:0:0:0:0, 1:1:0:0:1, 5:0:0:0:0, 3:0:0:0:0, 0:0:0:0:0, 6:4:0:0:4, 1:1:0:0:1, 1:1:0:0:1, 5:4:0:0:4, 0:0:0:0:0, 0:0:0:0:0, 0:0:0:0:0, 0:0:0:0:0, 0:0:0:0:0, 2:0:0:0:0, 1:0:0:0:0, 0:0:0:0:0, 1:0:0:0:0, 2:0:0:0:0, 2:0:0:0:0, 0:0:0:0:0, 4:4:0:0:4, 0:0:0:0:0, 0:0:0:0:0, 0:0:0:0:0, 4:6:0:0:6, 0:0:0:0:0, 1:1:0:0:1, 0:0:0:0:0, 0:0:0:0:0, 3:0:2:0:2, 1:0:0:0:0, 0:0:0:0:0,  , 4:0:0:0:0, 2:0:0:0:0, 0:0:0:0:0, 7:3:0:0:3, 0:0:0:0:0, 1:2:0:0:2, 4:3:0:0:3, 0:0:0:0:0, 0:0:0:0:0, 0:0:0:0:0, 0:0:0:0:0, 0:0:0:0:0, 2:0:0:0:0, 2:0:0:0:0, 0:0:0:0:0, 0:0:0:0:0, 3:0:0:0:0, 2:0:0:0:0, 0:0:0:0:0, 5:6:0:0:6, 0:0:0:0:0, 0:0:0:0:0, 0:0:0:0:0, 8:4:0:0:4, 1:0:0:0:0, 0:0:0:0:0, 0:0:0:0:0, 0:0:0:0:0, 2:0:0:0:0, 3:0:0:0:0, 1:0:0:0:0, 0:0:0:0:0, 2:0:0:0:0, 3:0:0:0:0, 1:0:0:0:0, 6:5:0:0:5, 0:0:0:0:0, 1:1:0:0:1, 7:3:0:0:3, 0:0:0:0:0, 0:0:0:0:0, 2:0:0:0:0, 0:0:0:0:0, 0:0:0:0:0, 0:0:0:0:0, 0:0:0:0:0, 497:212:4:0:216
G major blues (1#), 0:0:0:0:0, 1:0:0:0:0, 2:0:0:0:1, 3:3:0:0:0, 3:2:0:0:0, 2:1:0:0:0, 3:1:0:0:1, 4:4:0:0:1, 4:4:0:0:1, 2:0:0:0:0, 3:0:0:0:2, 2:2:0:0:0, 1:2:0:0:0, 2:0:0:0:0, 4:0:0:0:2, 4:2:0:0:0, 1:1:0:0:0, 1:0:0:0:0, 2:0:0:0:1, 3:3:0:0:0, 3:2:0:0:0, 2:1:0:0:0, 3:1:0:0:1, 4:4:0:0:1, 4:4:0:0:1, 2:0:0:0:0, 4:0:0:0:2, 2:2:0:0:0, 2:3:0:0:0, 6:0:0:0:2, 2:3:0:0:0, 1:0:0:0:0, 0:0:0:0:0, 1:0:0:0:0, 1:0:0:0:0, 3:3:0:0:0, 3:3:0:0:0, 2:1:0:0:0, 3:1:0:0:0, 4:3:0:0:1, 6:5:0:0:1, 1:0:1:0:1, 4:0:0:0:2, 2:1:0:0:0, 1:1:0:0:0, 0:0:0:0:0, 2:0:0:0:2, 2:1:0:0:0, 1:1:0:0:0, 1:0:0:0:0, 2:0:0:0:1, 3:3:0:0:0, 3:2:0:0:0, 2:1:0:0:0, 3:1:0:0:1, 4:4:0:0:1, 5:3:0:0:1, 1:0:0:0:0, 4:0:0:0:2, 2:2:0:0:0, 3:2:0:0:0, 5:0:0:0:2, 2:3:0:0:0, 1:0:0:0:0, 2:2:0:0:0, 1:0:0:0:0, 2:1:0:0:0, 3:3:0:0:0, 3:3:0:0:0, 2:1:0:0:0, 1:0:0:0:0, 4:4:0:0:1, 6:6:0:0:2, 0:0:0:0:0, 3:0:0:0:5, 2:1:0:0:0, 1:1:0:0:0, 0:0:0:0:0, 3:0:0:0:2, 2:1:0:0:0, 1:1:0:0:0, 1:0:0:0:0, 0:0:0:0:0, 5:2:0:0:0, 6:2:0:0:0, 3:3:0:0:0, 1:0:0:0:0, 6:3:0:0:2, 4:6:0:0:4, 0:0:0:0:0, 2:0:0:0:2, 3:1:0:0:0, 3:3:1:0:1, 4:0:0:0:2, 2:2:0:0:0, 1:0:0:0:0, 2:2:0:0:0, 1:0:0:0:0, 1:0:0:0:0, 3:3:0:0:0, 5:6:0:0:0, 2:1:0:0:0, 1:0:0:0:0, 4:4:0:0:1, 4:9:0:0:2, 0:0:0:0:0, 2:0:0:0:4, 2:2:0:0:0, 1:1:0:0:0, 0:0:0:0:0, 4:0:0:0:3, 3:2:0:0:1, 2:2:0:0:0, 1:0:0:0:0, 1:0:0:0:0, 3:2:0:0:0, 4:5:0:0:1, 2:1:0:0:0, 1:0:0:0:1, 6:6:0:0:2, 3:6:0:0:2, 0:0:0:0:0, 3:0:0:0:4, 2:2:0:0:0, 3:4:0:0:1, 6:0:0:0:2, 2:3:0:0:0, 1:0:0:0:0, 2:2:0:0:0, 1:0:0:0:0, 1:0:0:0:0, 3:4:0:0:0, 3:5:0:0:0, 2:2:0:0:0,  , 5:3:0:0:2, 4:8:0:0:2, 0:0:0:0:0, 2:0:0:0:2, 2:3:0:0:0, 2:1:1:0:1, 0:0:0:0:0, 3:0:0:0:3, 2:3:0:0:0, 2:2:0:0:0, 3:3:0:0:1, 1:0:0:0:0, 3:4:0:0:0, 3:4:0:0:0, 2:1:0:0:0, 3:3:0:0:5, 5:3:0:0:1, 4:8:0:0:2, 2:1:0:0:1, 3:0:0:0:4, 2:3:0:0:0, 3:2:0:0:0, 4:0:0:0:2, 2:2:0:0:0, 2:0:0:0:1, 2:2:0:0:0, 1:0:0:0:0, 1:0:0:0:0, 3:3:0:0:0, 3:2:0:0:0, 2:1:0:0:0, 1:0:0:0:0, 4:4:0:0:2, 4:6:0:0:4, 0:0:0:0:0, 2:0:0:0:2, 2:3:0:0:0, 2:1:0:0:0, 0:0:0:0:0, 2:0:0:0:3, 2:1:0:0:0, 2:1:0:0:0, 1:0:0:0:0, 0:0:0:0:0, 3:3:0:0:0, 4:4:0:0:0, 2:2:0:0:0,  , 4:5:0:0:2, 4:6:0:0:1, 0:0:0:0:0, 2:0:0:0:3, 2:2:0:0:0, 2:3:0:0:0, 6:1:0:0:3, 2:3:0:0:0, 1:0:0:0:0, 2:2:0:0:0, 1:0:0:0:0, 2:1:0:0:0, 4:4:0:0:1, 3:4:0:0:0, 2:1:0:0:0, 1:0:0:0:1, 5:5:0:0:3, 4:7:0:0:4, 1:0:0:0:1, 4:0:0:0:4, 2:2:0:0:0, 2:1:0:0:0, 2:0:0:0:2, 5:0:0:0:3, 2:2:0:0:0, 2:1:0:0:0, 1:0:0:0:0, 1:0:0:0:0, 3:2:0:0:0, 3:2:0:0:0, 2:2:0:0:0, 2:0:0:0:1, 5:5:0:0:3, 3:3:0:0:1, 0:0:0:0:0, 2:0:0:0:6, 2:3:0:0:0, 3:2:0:0:0, 6:0:0:0:2, 2:2:0:0:0, 1:0:0:0:0, 2:2:0:0:0, 1:0:0:0:0, 1:0:0:0:0, 3:5:0:0:0, 5:5:0:0:0, 2:2:0:0:0, 1:0:0:0:0, 5:5:0:0:3, 4:9:0:0:2, 1:0:0:0:0, 3:0:0:0:6, 2:2:0:0:0, 1:2:0:0:0, 2:0:0:0:1, 4:0:0:0:3, 2:2:0:0:0, 4:2:0:0:1, 1:0:0:0:0, 3:1:0:0:1, 4:2:0:0:1, 5:5:0:0:2, 3:1:0:0:1, 1:0:0:0:1, 4:3:0:0:1, 5:6:0:0:2, 0:0:0:0:0, 3:0:0:0:6, 2:1:0:0:0, 5:3:0:0:1, 4:0:0:0:2, 2:2:0:0:0, 1:0:0:0:0, 2:2:0:0:0, 1:0:0:0:0, 1:0:0:0:0, 3:3:0:0:0, 4:2:0:0:1, 2:1:0:0:0, 2:0:0:0:1, 4:3:0:0:1, 4:6:0:0:2, 0:0:0:0:0, 2:0:0:0:2, 5:3:1:0:6, 4:2:0:0:0, 1:0:0:0:0, 2:0:0:0:2, 3:2:0:0:0, 2:1:0:0:0, 1:0:0:0:0, 2:0:0:0:1, 3:2:0:0:0, 4:6:0:0:0, 2:2:0:0:0, 3:2:0:0:1, 7:5:0:0:3, 4:7:0:0:1, 0:0:0:0:0, 4:0:0:0:3, 3:1:0:0:0, 2:2:0:0:0, 5:0:0:0:3, 2:2:0:0:0, 1:0:0:0:0, 2:2:0:0:0, 1:0:0:0:0, 0:0:0:0:0, 3:2:0:0:0, 3:3:0:0:0, 2:2:0:0:0, 1:0:0:0:1, 4:4:0:0:1, 3:3:0:0:1, 0:0:0:0:0, 2:0:0:0:3, 2:2:0:0:0, 1:1:0:0:0, 0:0:0:0:0, 2:0:0:0:5, 2:2:0:0:0, 3:1:0:0:0, 1:0:0:0:0, 0:0:0:0:0, 4:5:2:0:2, 3:2:0:0:0, 2:3:0:0:0,  , 6:6:0:0:2, 3:5:0:0:2, 0:0:0:0:0, 5:1:0:0:2, 2:1:0:0:0, 2:3:0:0:0, 4:0:0:0:2, 2:2:0:0:0, 1:0:0:0:0, 2:2:0:0:0, 1:0:0:0:0, 2:1:0:0:0, 3:4:0:0:0, 4:4:0:0:1, 2:1:0:0:0, 1:2:0:0:0, 5:7:0:0:2, 4:3:0:0:1, 0:0:0:0:0, 3:0:0:0:6, 2:3:0:0:0, 1:1:0:0:0, 1:0:0:0:0, 6:1:0:0:2, 3:1:0:0:1, 2:2:0:0:0, 1:0:0:0:0, 1:0:0:0:0, 3:2:0:0:0, 5:5:0:0:2, 3:6:0:0:0, 2:0:0:0:1, 4:3:0:0:1, 5:3:0:0:1, 1:0:0:0:1, 4:0:0:0:5, 2:4:0:0:0, 3:2:0:0:0, 7:0:0:0:2, 2:3:0:0:0, 2:1:0:0:0, 3:2:0:0:1, 0:0:0:0:0, 0:0:0:0:0, 0:0:0:0:0, 0:0:0:0:0, 860:591:6:0:264
D minor blues (1b), 0:0:0:0:0, 0:0:0:0:0, 1:0:0:0:0, 2:0:0:0:0, 1:0:0:0:0, 0:0:0:0:0, 1:0:0:0:0, 2:0:0:0:0, 3:0:0:0:0, 1:0:0:0:0, 5:4:0:0:4, 0:0:0:0:0, 0:0:0:0:0, 1:0:0:0:0, 6:4:0:0:4, 2:0:0:0:0, 0:0:0:0:0, 0:0:0:0:0, 1:0:0:0:0, 2:0:0:0:0, 1:0:0:0:0, 0:0:0:0:0, 1:0:0:0:0, 2:0:0:0:0, 3:0:0:0:0, 1:0:0:0:0, 6:4:0:0:4, 0:0:0:0:0, 1:1:0:0:1, 6:4:0:0:4, 0:0:0:0:0, 0:0:0:0:0, 0:0:0:0:0, 1:0:0:0:0, 0:0:0:0:0, 2:0:0:0:0, 1:0:0:0:0, 0:0:0:0:0, 2:0:0:0:0, 2:0:0:0:0, 4:0:0:0:0, 1:0:0:0:0, 6:3:0:0:3, 0:0:0:0:0, 0:0:0:0:0, 0:0:0:0:0, 4:3:0:0:3, 0:0:0:0:0, 0:0:0:0:0, 0:0:0:0:0, 1:0:0:0:0, 2:0:0:0:0, 1:0:0:0:0, 0:0:0:0:0, 1:0:0:0:0, 2:0:0:0:0, 3:0:0:0:0, 0:0:0:0:0, 6:4:0:0:4, 0:0:0:0:0, 2:1:0:0:1, 5:3:0:0:3, 0:0:0:0:0, 0:0:0:0:0, 0:0:0:0:0, 0:0:0:0:0, 0:0:0:0:0, 2:0:0:0:0, 1:0:0:0:0, 0:0:0:0:0, 0:0:0:0:0, 2:0:0:0:0, 4:0:0:0:0, 0:0:0:0:0, 5:5:0:0:5, 0:0:0:0:0, 0:0:0:0:0, 0:0:0:0:0, 5:3:0:0:3, 0:0:0:0:0, 0:0:0:0:0, 0:0:0:0:0, 0:0:0:0:0, 5:0:0:0:0, 4:0:0:0:0, 1:0:0:0:0, 0:0:0:0:0, 4:0:0:0:0, 3:0:0:0:0, 0:0:0:0:0, 4:3:0:0:3, 1:0:0:0:0, 2:3:1:0:4, 4:3:0:0:3, 0:0:0:0:0, 0:0:0:0:0, 0:0:0:0:0, 0:0:0:0:0, 0:0:0:0:0, 2:0:0:0:0, 3:0:0:0:0, 0:0:0:0:0, 0:0:0:0:0, 2:0:0:0:0, 3:0:0:0:0, 0:0:0:0:0, 4:5:0:0:5, 0:0:0:0:0, 0:0:0:0:0, 0:0:0:0:0, 6:3:0:0:3, 1:0:0:0:0, 0:0:0:0:0, 0:0:0:0:0, 0:0:0:0:0, 2:0:0:0:0, 2:0:0:0:0, 0:0:0:0:0, 1:1:0:0:1, 4:0:0:0:0, 2:0:0:0:0, 0:0:0:0:0, 5:5:0:0:5, 0:0:0:0:0, 2:1:0:0:1, 6:3:0:0:3, 0:0:0:0:0, 0:0:0:0:0, 0:0:0:0:0, 0:0:0:0:0, 0:0:0:0:0, 3:0:0:0:0, 1:0:0:0:0, 0:0:0:0:0,  , 3:0:0:0:0, 3:0:0:0:0, 0:0:0:0:0, 4:3:0:0:3, 0:0:0:0:0, 1:0:0:0:0, 0:0:0:0:0, 5:5:0:0:5, 0:0:0:0:0, 0:0:0:0:0, 1:1:0:0:1, 0:0:0:0:0, 2:0:0:0:0, 1:0:0:0:0, 0:0:0:0:0, 2:0:0:0:0, 3:0:0:0:0, 3:0:0:0:0, 1:1:0:0:1, 5:5:0:0:5, 0:0:0:0:0, 1:1:0:0:1, 4:3:0:0:3, 0:0:0:0:0, 0:0:0:0:0, 0:0:0:0:0, 0:0:0:0:0, 0:0:0:0:0, 2:0:0:0:0, 1:0:0:0:0, 0:0:0:0:0, 0:0:0:0:0, 2:0:0:0:0, 2:0:0:0:0, 0:0:0:0:0, 4:3:0:0:3, 0:0:0:0:0, 0:0:0:0:0, 0:0:0:0:0, 4:5:0:0:5, 0:0:0:0:0, 0:0:0:0:0, 0:0:0:0:0, 0:0:0:0:0, 2:0:0:0:0, 2:0:0:0:0, 0:0:0:0:0,  , 2:0:0:0:0, 3:0:0:0:0, 0:0:0:0:0, 4:5:0:0:5, 0:0:0:0:0, 1:2:0:0:2, 6:3:0:0:3, 0:0:0:0:0, 0:0:0:0:0, 0:0:0:0:0, 0:0:0:0:0, 0:0:0:0:0, 2:0:0:0:0, 1:0:0:0:0, 0:0:0:0:0, 1:1:0:0:1, 3:0:0:0:0, 3:0:0:0:0, 2:1:0:0:1, 6:8:0:0:8, 0:0:0:0:0, 0:0:0:0:0, 1:0:0:0:0, 7:3:0:0:3, 0:0:0:0:0, 0:0:0:0:0, 0:0:0:0:0, 0:0:0:0:0, 2:0:0:0:0, 1:0:0:0:0, 0:0:0:0:0, 0:0:0:0:0, 3:1:0:0:1, 2:0:0:0:0, 0:0:0:0:0, 4:7:0:0:7, 0:0:0:0:0, 1:2:0:0:2, 6:3:0:0:3, 0:0:0:0:0, 0:0:0:0:0, 0:0:0:0:0, 0:0:0:0:0, 0:0:0:0:0, 2:0:0:0:0, 3:0:0:0:0, 0:0:0:0:0, 0:0:0:0:0, 3:0:0:0:0, 3:0:0:0:0, 0:0:0:0:0, 5:7:0:0:7, 0:0:0:0:0, 0:0:0:0:0, 1:0:0:0:0, 6:4:0:0:4, 0:0:0:0:0, 2:0:0:0:0, 0:0:0:0:0, 1:0:0:0:0, 2:0:0:0:0, 3:0:0:0:0, 1:0:0:0:0, 0:0:0:0:0, 2:0:0:0:0, 3:0:0:0:0, 0:0:0:0:0, 5:7:0:0:7, 0:0:0:0:0, 3:1:0:0:1, 4:3:0:0:3, 0:0:0:0:0, 0:0:0:0:0, 0:0:0:0:0, 0:0:0:0:0, 0:0:0:0:0, 2:0:0:0:0, 2:0:0:0:0, 0:0:0:0:0, 0:0:0:0:0, 2:0:0:0:0, 2:0:0:0:0, 0:0:0:0:0, 4:3:0:0:3, 3:3:1:0:4, 2:1:0:0:1, 0:0:0:0:0, 4:4:0:0:4, 1:1:0:0:1, 0:0:0:0:0, 0:0:0:0:0, 0:0:0:0:0, 2:0:0:0:0, 2:0:0:0:0, 0:0:0:0:0, 1:1:0:0:1, 5:0:0:0:0, 3:0:0:0:0, 0:0:0:0:0, 6:4:0:0:4, 1:1:0:0:1, 1:1:0:0:1, 5:4:0:0:4, 0:0:0:0:0, 0:0:0:0:0, 0:0:0:0:0, 0:0:0:0:0, 0:0:0:0:0, 2:0:0:0:0, 1:0:0:0:0, 0:0:0:0:0, 1:0:0:0:0, 2:0:0:0:0, 2:0:0:0:0, 0:0:0:0:0, 4:4:0:0:4, 0:0:0:0:0, 0:0:0:0:0, 0:0:0:0:0, 4:6:0:0:6, 0:0:0:0:0, 1:1:0:0:1, 0:0:0:0:0, 0:0:0:0:0, 3:0:2:0:2, 1:0:0:0:0, 0:0:0:0:0,  , 4:0:0:0:0, 2:0:0:0:0, 0:0:0:0:0, 7:3:0:0:3, 0:0:0:0:0, 1:2:0:0:2, 4:3:0:0:3, 0:0:0:0:0, 0:0:0:0:0, 0:0:0:0:0, 0:0:0:0:0, 0:0:0:0:0, 2:0:0:0:0, 2:0:0:0:0, 0:0:0:0:0, 0:0:0:0:0, 3:0:0:0:0, 2:0:0:0:0, 0:0:0:0:0, 5:6:0:0:6, 0:0:0:0:0, 0:0:0:0:0, 0:0:0:0:0, 8:4:0:0:4, 1:0:0:0:0, 0:0:0:0:0, 0:0:0:0:0, 0:0:0:0:0, 2:0:0:0:0, 3:0:0:0:0, 1:0:0:0:0, 0:0:0:0:0, 2:0:0:0:0, 3:0:0:0:0, 1:0:0:0:0, 6:5:0:0:5, 0:0:0:0:0, 1:1:0:0:1, 7:3:0:0:3, 0:0:0:0:0, 0:0:0:0:0, 2:0:0:0:0, 0:0:0:0:0, 0:0:0:0:0, 0:0:0:0:0, 0:0:0:0:0, 497:212:4:0:216
E minor blues (1#), 0:0:0:0:0, 1:0:0:0:0, 2:0:0:0:1, 3:3:0:0:0, 3:2:0:0:0, 2:1:0:0:0, 3:1:0:0:1, 4:4:0:0:1, 4:4:0:0:1, 2:0:0:0:0, 3:0:0:0:2, 2:2:0:0:0, 1:2:0:0:0, 2:0:0:0:0, 4:0:0:0:2, 4:2:0:0:0, 1:1:0:0:0, 1:0:0:0:0, 2:0:0:0:1, 3:3:0:0:0, 3:2:0:0:0, 2:1:0:0:0, 3:1:0:0:1, 4:4:0:0:1, 4:4:0:0:1, 2:0:0:0:0, 4:0:0:0:2, 2:2:0:0:0, 2:3:0:0:0, 6:0:0:0:2, 2:3:0:0:0, 1:0:0:0:0, 0:0:0:0:0, 1:0:0:0:0, 1:0:0:0:0, 3:3:0:0:0, 3:3:0:0:0, 2:1:0:0:0, 3:1:0:0:0, 4:3:0:0:1, 6:5:0:0:1, 1:0:1:0:1, 4:0:0:0:2, 2:1:0:0:0, 1:1:0:0:0, 0:0:0:0:0, 2:0:0:0:2, 2:1:0:0:0, 1:1:0:0:0, 1:0:0:0:0, 2:0:0:0:1, 3:3:0:0:0, 3:2:0:0:0, 2:1:0:0:0, 3:1:0:0:1, 4:4:0:0:1, 5:3:0:0:1, 1:0:0:0:0, 4:0:0:0:2, 2:2:0:0:0, 3:2:0:0:0, 5:0:0:0:2, 2:3:0:0:0, 1:0:0:0:0, 2:2:0:0:0, 1:0:0:0:0, 2:1:0:0:0, 3:3:0:0:0, 3:3:0:0:0, 2:1:0:0:0, 1:0:0:0:0, 4:4:0:0:1, 6:6:0:0:2, 0:0:0:0:0, 3:0:0:0:5, 2:1:0:0:0, 1:1:0:0:0, 0:0:0:0:0, 3:0:0:0:2, 2:1:0:0:0, 1:1:0:0:0, 1:0:0:0:0, 0:0:0:0:0, 5:2:0:0:0, 6:2:0:0:0, 3:3:0:0:0, 1:0:0:0:0, 6:3:0:0:2, 4:6:0:0:4, 0:0:0:0:0, 2:0:0:0:2, 3:1:0:0:0, 3:3:1:0:1, 4:0:0:0:2, 2:2:0:0:0, 1:0:0:0:0, 2:2:0:0:0, 1:0:0:0:0, 1:0:0:0:0, 3:3:0:0:0, 5:6:0:0:0, 2:1:0:0:0, 1:0:0:0:0, 4:4:0:0:1, 4:9:0:0:2, 0:0:0:0:0, 2:0:0:0:4, 2:2:0:0:0, 1:1:0:0:0, 0:0:0:0:0, 4:0:0:0:3, 3:2:0:0:1, 2:2:0:0:0, 1:0:0:0:0, 1:0:0:0:0, 3:2:0:0:0, 4:5:0:0:1, 2:1:0:0:0, 1:0:0:0:1, 6:6:0:0:2, 3:6:0:0:2, 0:0:0:0:0, 3:0:0:0:4, 2:2:0:0:0, 3:4:0:0:1, 6:0:0:0:2, 2:3:0:0:0, 1:0:0:0:0, 2:2:0:0:0, 1:0:0:0:0, 1:0:0:0:0, 3:4:0:0:0, 3:5:0:0:0, 2:2:0:0:0,  , 5:3:0:0:2, 4:8:0:0:2, 0:0:0:0:0, 2:0:0:0:2, 2:3:0:0:0, 2:1:1:0:1, 0:0:0:0:0, 3:0:0:0:3, 2:3:0:0:0, 2:2:0:0:0, 3:3:0:0:1, 1:0:0:0:0, 3:4:0:0:0, 3:4:0:0:0, 2:1:0:0:0, 3:3:0:0:5, 5:3:0:0:1, 4:8:0:0:2, 2:1:0:0:1, 3:0:0:0:4, 2:3:0:0:0, 3:2:0:0:0, 4:0:0:0:2, 2:2:0:0:0, 2:0:0:0:1, 2:2:0:0:0, 1:0:0:0:0, 1:0:0:0:0, 3:3:0:0:0, 3:2:0:0:0, 2:1:0:0:0, 1:0:0:0:0, 4:4:0:0:2, 4:6:0:0:4, 0:0:0:0:0, 2:0:0:0:2, 2:3:0:0:0, 2:1:0:0:0, 0:0:0:0:0, 2:0:0:0:3, 2:1:0:0:0, 2:1:0:0:0, 1:0:0:0:0, 0:0:0:0:0, 3:3:0:0:0, 4:4:0:0:0, 2:2:0:0:0,  , 4:5:0:0:2, 4:6:0:0:1, 0:0:0:0:0, 2:0:0:0:3, 2:2:0:0:0, 2:3:0:0:0, 6:1:0:0:3, 2:3:0:0:0, 1:0:0:0:0, 2:2:0:0:0, 1:0:0:0:0, 2:1:0:0:0, 4:4:0:0:1, 3:4:0:0:0, 2:1:0:0:0, 1:0:0:0:1, 5:5:0:0:3, 4:7:0:0:4, 1:0:0:0:1, 4:0:0:0:4, 2:2:0:0:0, 2:1:0:0:0, 2:0:0:0:2, 5:0:0:0:3, 2:2:0:0:0, 2:1:0:0:0, 1:0:0:0:0, 1:0:0:0:0, 3:2:0:0:0, 3:2:0:0:0, 2:2:0:0:0, 2:0:0:0:1, 5:5:0:0:3, 3:3:0:0:1, 0:0:0:0:0, 2:0:0:0:6, 2:3:0:0:0, 3:2:0:0:0, 6:0:0:0:2, 2:2:0:0:0, 1:0:0:0:0, 2:2:0:0:0, 1:0:0:0:0, 1:0:0:0:0, 3:5:0:0:0, 5:5:0:0:0, 2:2:0:0:0, 1:0:0:0:0, 5:5:0:0:3, 4:9:0:0:2, 1:0:0:0:0, 3:0:0:0:6, 2:2:0:0:0, 1:2:0:0:0, 2:0:0:0:1, 4:0:0:0:3, 2:2:0:0:0, 4:2:0:0:1, 1:0:0:0:0, 3:1:0:0:1, 4:2:0:0:1, 5:5:0:0:2, 3:1:0:0:1, 1:0:0:0:1, 4:3:0:0:1, 5:6:0:0:2, 0:0:0:0:0, 3:0:0:0:6, 2:1:0:0:0, 5:3:0:0:1, 4:0:0:0:2, 2:2:0:0:0, 1:0:0:0:0, 2:2:0:0:0, 1:0:0:0:0, 1:0:0:0:0, 3:3:0:0:0, 4:2:0:0:1, 2:1:0:0:0, 2:0:0:0:1, 4:3:0:0:1, 4:6:0:0:2, 0:0:0:0:0, 2:0:0:0:2, 5:3:1:0:6, 4:2:0:0:0, 1:0:0:0:0, 2:0:0:0:2, 3:2:0:0:0, 2:1:0:0:0, 1:0:0:0:0, 2:0:0:0:1, 3:2:0:0:0, 4:6:0:0:0, 2:2:0:0:0, 3:2:0:0:1, 7:5:0:0:3, 4:7:0:0:1, 0:0:0:0:0, 4:0:0:0:3, 3:1:0:0:0, 2:2:0:0:0, 5:0:0:0:3, 2:2:0:0:0, 1:0:0:0:0, 2:2:0:0:0, 1:0:0:0:0, 0:0:0:0:0, 3:2:0:0:0, 3:3:0:0:0, 2:2:0:0:0, 1:0:0:0:1, 4:4:0:0:1, 3:3:0:0:1, 0:0:0:0:0, 2:0:0:0:3, 2:2:0:0:0, 1:1:0:0:0, 0:0:0:0:0, 2:0:0:0:5, 2:2:0:0:0, 3:1:0:0:0, 1:0:0:0:0, 0:0:0:0:0, 4:5:2:0:2, 3:2:0:0:0, 2:3:0:0:0,  , 6:6:0:0:2, 3:5:0:0:2, 0:0:0:0:0, 5:1:0:0:2, 2:1:0:0:0, 2:3:0:0:0, 4:0:0:0:2, 2:2:0:0:0, 1:0:0:0:0, 2:2:0:0:0, 1:0:0:0:0, 2:1:0:0:0, 3:4:0:0:0, 4:4:0:0:1, 2:1:0:0:0, 1:2:0:0:0, 5:7:0:0:2, 4:3:0:0:1, 0:0:0:0:0, 3:0:0:0:6, 2:3:0:0:0, 1:1:0:0:0, 1:0:0:0:0, 6:1:0:0:2, 3:1:0:0:1, 2:2:0:0:0, 1:0:0:0:0, 1:0:0:0:0, 3:2:0:0:0, 5:5:0:0:2, 3:6:0:0:0, 2:0:0:0:1, 4:3:0:0:1, 5:3:0:0:1, 1:0:0:0:1, 4:0:0:0:5, 2:4:0:0:0, 3:2:0:0:0, 7:0:0:0:2, 2:3:0:0:0, 2:1:0:0:0, 3:2:0:0:1, 0:0:0:0:0, 0:0:0:0:0, 0:0:0:0:0, 0:0:0:0:0, 860:591:6:0:264
F dorian (1b), 0:0:0:0:0, 0:0:0:0:0, 1:0:0:0:0, 2:0:0:0:0, 1:0:0:0:0, 0:0:0:0:0, 1:0:0:0:0, 2:0:0:0:0, 3:0:0:0:0, 1:0:0:0:0, 5:4:0:0:4, 0:0:0:0:0, 0:0:0:0:0, 1:0:0:0:0, 6:4:0:0:4, 2:0:0:0:0, 0:0:0:0:0, 0:0:0:0:0, 1:0:0:0:0, 2:0:0:0:0, 1:0:0:0:0, 0:0:0:0:0, 1:0:0:0:0, 2:0:0:0:0, 3:0:0:0:0, 1:0:0:0:0, 6:4:0:0:4, 0:0:0:0:0, 1:1:0:0:1, 6:4:0:0:4, 0:0:0:0:0, 0:0:0:0:0, 0:0:0:0:0, 1:0:0:0:0, 0:0:0:0:0, 2:0:0:0:0, 1:0:0:0:0, 0:0:0:0:0, 2:0:0:0:0, 2:0:0:0:0, 4:0:0:0:0, 1:0:0:0:0, 6:3:0:0:3, 0:0:0:0:0, 0:0:0:0:0, 0:0:0:0:0, 4:3:0:0:3, 0:0:0:0:0, 0:0:0:0:0, 0:0:0:0:0, 1:0:0:0:0, 2:0:0:0:0, 1:0:0:0:0, 0:0:0:0:0, 1:0:0:0:0, 2:0:0:0:0, 3:0:0:0:0, 0:0:0:0:0, 6:4:0:0:4, 0:0:0:0:0, 2:1:0:0:1, 5:3:0:0:3, 0:0:0:0:0, 0:0:0:0:0, 0:0:0:0:0, 0:0:0:0:0, 0:0:0:0:0, 2:0:0:0:0, 1:0:0:0:0, 0:0:0:0:0, 0:0:0:0:0, 2:0:0:0:0, 4:0:0:0:0, 0:0:0:0:0, 5:5:0:0:5, 0:0:0:0:0, 0:0:0:0:0, 0:0:0:0:0, 5:3:0:0:3, 0:0:0:0:0, 0:0:0:0:0, 0:0:0:0:0, 0:0:0:0:0, 5:0:0:0:0, 4:0:0:0:0, 1:0:0:0:0, 0:0:0:0:0, 4:0:0:0:0, 3:0:0:0:0, 0:0:0:0:0, 4:3:0:0:3, 1:0:0:0:0, 2:3:1:0:4, 4:3:0:0:3, 0:0:0:0:0, 0:0:0:0:0, 0:0:0:0:0, 0:0:0:0:0, 0:0:0:0:0, 2:0:0:0:0, 3:0:0:0:0, 0:0:0:0:0, 0:0:0:0:0, 2:0:0:0:0, 3:0:0:0:0, 0:0:0:0:0, 4:5:0:0:5, 0:0:0:0:0, 0:0:0:0:0, 0:0:0:0:0, 6:3:0:0:3, 1:0:0:0:0, 0:0:0:0:0, 0:0:0:0:0, 0:0:0:0:0, 2:0:0:0:0, 2:0:0:0:0, 0:0:0:0:0, 1:1:0:0:1, 4:0:0:0:0, 2:0:0:0:0, 0:0:0:0:0, 5:5:0:0:5, 0:0:0:0:0, 2:1:0:0:1, 6:3:0:0:3, 0:0:0:0:0, 0:0:0:0:0, 0:0:0:0:0, 0:0:0:0:0, 0:0:0:0:0, 3:0:0:0:0, 1:0:0:0:0, 0:0:0:0:0,  , 3:0:0:0:0, 3:0:0:0:0, 0:0:0:0:0, 4:3:0:0:3, 0:0:0:0:0, 1:0:0:0:0, 0:0:0:0:0, 5:5:0:0:5, 0:0:0:0:0, 0:0:0:0:0, 1:1:0:0:1, 0:0:0:0:0, 2:0:0:0:0, 1:0:0:0:0, 0:0:0:0:0, 2:0:0:0:0, 3:0:0:0:0, 3:0:0:0:0, 1:1:0:0:1, 5:5:0:0:5, 0:0:0:0:0, 1:1:0:0:1, 4:3:0:0:3, 0:0:0:0:0, 0:0:0:0:0, 0:0:0:0:0, 0:0:0:0:0, 0:0:0:0:0, 2:0:0:0:0, 1:0:0:0:0, 0:0:0:0:0, 0:0:0:0:0, 2:0:0:0:0, 2:0:0:0:0, 0:0:0:0:0, 4:3:0:0:3, 0:0:0:0:0, 0:0:0:0:0, 0:0:0:0:0, 4:5:0:0:5, 0:0:0:0:0, 0:0:0:0:0, 0:0:0:0:0, 0:0:0:0:0, 2:0:0:0:0, 2:0:0:0:0, 0:0:0:0:0,  , 2:0:0:0:0, 3:0:0:0:0, 0:0:0:0:0, 4:5:0:0:5, 0:0:0:0:0, 1:2:0:0:2, 6:3:0:0:3, 0:0:0:0:0, 0:0:0:0:0, 0:0:0:0:0, 0:0:0:0:0, 0:0:0:0:0, 2:0:0:0:0, 1:0:0:0:0, 0:0:0:0:0, 1:1:0:0:1, 3:0:0:0:0, 3:0:0:0:0, 2:1:0:0:1, 6:8:0:0:8, 0:0:0:0:0, 0:0:0:0:0, 1:0:0:0:0, 7:3:0:0:3, 0:0:0:0:0, 0:0:0:0:0, 0:0:0:0:0, 0:0:0:0:0, 2:0:0:0:0, 1:0:0:0:0, 0:0:0:0:0, 0:0:0:0:0, 3:1:0:0:1, 2:0:0:0:0, 0:0:0:0:0, 4:7:0:0:7, 0:0:0:0:0, 1:2:0:0:2, 6:3:0:0:3, 0:0:0:0:0, 0:0:0:0:0, 0:0:0:0:0, 0:0:0:0:0, 0:0:0:0:0, 2:0:0:0:0, 3:0:0:0:0, 0:0:0:0:0, 0:0:0:0:0, 3:0:0:0:0, 3:0:0:0:0, 0:0:0:0:0, 5:7:0:0:7, 0:0:0:0:0, 0:0:0:0:0, 1:0:0:0:0, 6:4:0:0:4, 0:0:0:0:0, 2:0:0:0:0, 0:0:0:0:0, 1:0:0:0:0, 2:0:0:0:0, 3:0:0:0:0, 1:0:0:0:0, 0:0:0:0:0, 2:0:0:0:0, 3:0:0:0:0, 0:0:0:0:0, 5:7:0:0:7, 0:0:0:0:0, 3:1:0:0:1, 4:3:0:0:3, 0:0:0:0:0, 0:0:0:0:0, 0:0:0:0:0, 0:0:0:0:0, 0:0:0:0:0, 2:0:0:0:0, 2:0:0:0:0, 0:0:0:0:0, 0:0:0:0:0, 2:0:0:0:0, 2:0:0:0:0, 0:0:0:0:0, 4:3:0:0:3, 3:3:1:0:4, 2:1:0:0:1, 0:0:0:0:0, 4:4:0:0:4, 1:1:0:0:1, 0:0:0:0:0, 0:0:0:0:0, 0:0:0:0:0, 2:0:0:0:0, 2:0:0:0:0, 0:0:0:0:0, 1:1:0:0:1, 5:0:0:0:0, 3:0:0:0:0, 0:0:0:0:0, 6:4:0:0:4, 1:1:0:0:1, 1:1:0:0:1, 5:4:0:0:4, 0:0:0:0:0, 0:0:0:0:0, 0:0:0:0:0, 0:0:0:0:0, 0:0:0:0:0, 2:0:0:0:0, 1:0:0:0:0, 0:0:0:0:0, 1:0:0:0:0, 2:0:0:0:0, 2:0:0:0:0, 0:0:0:0:0, 4:4:0:0:4, 0:0:0:0:0, 0:0:0:0:0, 0:0:0:0:0, 4:6:0:0:6, 0:0:0:0:0, 1:1:0:0:1, 0:0:0:0:0, 0:0:0:0:0, 3:0:2:0:2, 1:0:0:0:0, 0:0:0:0:0,  , 4:0:0:0:0, 2:0:0:0:0, 0:0:0:0:0, 7:3:0:0:3, 0:0:0:0:0, 1:2:0:0:2, 4:3:0:0:3, 0:0:0:0:0, 0:0:0:0:0, 0:0:0:0:0, 0:0:0:0:0, 0:0:0:0:0, 2:0:0:0:0, 2:0:0:0:0, 0:0:0:0:0, 0:0:0:0:0, 3:0:0:0:0, 2:0:0:0:0, 0:0:0:0:0, 5:6:0:0:6, 0:0:0:0:0, 0:0:0:0:0, 0:0:0:0:0, 8:4:0:0:4, 1:0:0:0:0, 0:0:0:0:0, 0:0:0:0:0, 0:0:0:0:0, 2:0:0:0:0, 3:0:0:0:0, 1:0:0:0:0, 0:0:0:0:0, 2:0:0:0:0, 3:0:0:0:0, 1:0:0:0:0, 6:5:0:0:5, 0:0:0:0:0, 1:1:0:0:1, 7:3:0:0:3, 0:0:0:0:0, 0:0:0:0:0, 2:0:0:0:0, 0:0:0:0:0, 0:0:0:0:0, 0:0:0:0:0, 0:0:0:0:0, 497:212:4:0:216
G dorian (1#), 0:0:0:0:0, 1:0:0:0:0, 2:0:0:0:1, 3:3:0:0:0, 3:2:0:0:0, 2:1:0:0:0, 3:1:0:0:1, 4:4:0:0:1, 4:4:0:0:1, 2:0:0:0:0, 3:0:0:0:2, 2:2:0:0:0, 1:2:0:0:0, 2:0:0:0:0, 4:0:0:0:2, 4:2:0:0:0, 1:1:0:0:0, 1:0:0:0:0, 2:0:0:0:1, 3:3:0:0:0, 3:2:0:0:0, 2:1:0:0:0, 3:1:0:0:1, 4:4:0:0:1, 4:4:0:0:1, 2:0:0:0:0, 4:0:0:0:2, 2:2:0:0:0, 2:3:0:0:0, 6:0:0:0:2, 2:3:0:0:0, 1:0:0:0:0, 0:0:0:0:0, 1:0:0:0:0, 1:0:0:0:0, 3:3:0:0:0, 3:3:0:0:0, 2:1:0:0:0, 3:1:0:0:0, 4:3:0:0:1, 6:5:0:0:1, 1:0:1:0:1, 4:0:0:0:2, 2:1:0:0:0, 1:1:0:0:0, 0:0:0:0:0, 2:0:0:0:2, 2:1:0:0:0, 1:1:0:0:0, 1:0:0:0:0, 2:0:0:0:1, 3:3:0:0:0, 3:2:0:0:0, 2:1:0:0:0, 3:1:0:0:1, 4:4:0:0:1, 5:3:0:0:1, 1:0:0:0:0, 4:0:0:0:2, 2:2:0:0:0, 3:2:0:0:0, 5:0:0:0:2, 2:3:0:0:0, 1:0:0:0:0, 2:2:0:0:0, 1:0:0:0:0, 2:1:0:0:0, 3:3:0:0:0, 3:3:0:0:0, 2:1:0:0:0, 1:0:0:0:0, 4:4:0:0:1, 6:6:0:0:2, 0:0:0:0:0, 3:0:0:0:5, 2:1:0:0:0, 1:1:0:0:0, 0:0:0:0:0, 3:0:0:0:2, 2:1:0:0:0, 1:1:0:0:0, 1:0:0:0:0, 0:0:0:0:0, 5:2:0:0:0, 6:2:0:0:0, 3:3:0:0:0, 1:0:0:0:0, 6:3:0:0:2, 4:6:0:0:4, 0:0:0:0:0, 2:0:0:0:2, 3:1:0:0:0, 3:3:1:0:1, 4:0:0:0:2, 2:2:0:0:0, 1:0:0:0:0, 2:2:0:0:0, 1:0:0:0:0, 1:0:0:0:0, 3:3:0:0:0, 5:6:0:0:0, 2:1:0:0:0, 1:0:0:0:0, 4:4:0:0:1, 4:9:0:0:2, 0:0:0:0:0, 2:0:0:0:4, 2:2:0:0:0, 1:1:0:0:0, 0:0:0:0:0, 4:0:0:0:3, 3:2:0:0:1, 2:2:0:0:0, 1:0:0:0:0, 1:0:0:0:0, 3:2:0:0:0, 4:5:0:0:1, 2:1:0:0:0, 1:0:0:0:1, 6:6:0:0:2, 3:6:0:0:2, 0:0:0:0:0, 3:0:0:0:4, 2:2:0:0:0, 3:4:0:0:1, 6:0:0:0:2, 2:3:0:0:0, 1:0:0:0:0, 2:2:0:0:0, 1:0:0:0:0, 1:0:0:0:0, 3:4:0:0:0, 3:5:0:0:0, 2:2:0:0:0,  , 5:3:0:0:2, 4:8:0:0:2, 0:0:0:0:0, 2:0:0:0:2, 2:3:0:0:0, 2:1:1:0:1, 0:0:0:0:0, 3:0:0:0:3, 2:3:0:0:0, 2:2:0:0:0, 3:3:0:0:1, 1:0:0:0:0, 3:4:0:0:0, 3:4:0:0:0, 2:1:0:0:0, 3:3:0:0:5, 5:3:0:0:1, 4:8:0:0:2, 2:1:0:0:1, 3:0:0:0:4, 2:3:0:0:0, 3:2:0:0:0, 4:0:0:0:2, 2:2:0:0:0, 2:0:0:0:1, 2:2:0:0:0, 1:0:0:0:0, 1:0:0:0:0, 3:3:0:0:0, 3:2:0:0:0, 2:1:0:0:0, 1:0:0:0:0, 4:4:0:0:2, 4:6:0:0:4, 0:0:0:0:0, 2:0:0:0:2, 2:3:0:0:0, 2:1:0:0:0, 0:0:0:0:0, 2:0:0:0:3, 2:1:0:0:0, 2:1:0:0:0, 1:0:0:0:0, 0:0:0:0:0, 3:3:0:0:0, 4:4:0:0:0, 2:2:0:0:0,  , 4:5:0:0:2, 4:6:0:0:1, 0:0:0:0:0, 2:0:0:0:3, 2:2:0:0:0, 2:3:0:0:0, 6:1:0:0:3, 2:3:0:0:0, 1:0:0:0:0, 2:2:0:0:0, 1:0:0:0:0, 2:1:0:0:0, 4:4:0:0:1, 3:4:0:0:0, 2:1:0:0:0, 1:0:0:0:1, 5:5:0:0:3, 4:7:0:0:4, 1:0:0:0:1, 4:0:0:0:4, 2:2:0:0:0, 2:1:0:0:0, 2:0:0:0:2, 5:0:0:0:3, 2:2:0:0:0, 2:1:0:0:0, 1:0:0:0:0, 1:0:0:0:0, 3:2:0:0:0, 3:2:0:0:0, 2:2:0:0:0, 2:0:0:0:1, 5:5:0:0:3, 3:3:0:0:1, 0:0:0:0:0, 2:0:0:0:6, 2:3:0:0:0, 3:2:0:0:0, 6:0:0:0:2, 2:2:0:0:0, 1:0:0:0:0, 2:2:0:0:0, 1:0:0:0:0, 1:0:0:0:0, 3:5:0:0:0, 5:5:0:0:0, 2:2:0:0:0, 1:0:0:0:0, 5:5:0:0:3, 4:9:0:0:2, 1:0:0:0:0, 3:0:0:0:6, 2:2:0:0:0, 1:2:0:0:0, 2:0:0:0:1, 4:0:0:0:3, 2:2:0:0:0, 4:2:0:0:1, 1:0:0:0:0, 3:1:0:0:1, 4:2:0:0:1, 5:5:0:0:2, 3:1:0:0:1, 1:0:0:0:1, 4:3:0:0:1, 5:6:0:0:2, 0:0:0:0:0, 3:0:0:0:6, 2:1:0:0:0, 5:3:0:0:1, 4:0:0:0:2, 2:2:0:0:0, 1:0:0:0:0, 2:2:0:0:0, 1:0:0:0:0, 1:0:0:0:0, 3:3:0:0:0, 4:2:0:0:1, 2:1:0:0:0, 2:0:0:0:1, 4:3:0:0:1, 4:6:0:0:2, 0:0:0:0:0, 2:0:0:0:2, 5:3:1:0:6, 4:2:0:0:0, 1:0:0:0:0, 2:0:0:0:2, 3:2:0:0:0, 2:1:0:0:0, 1:0:0:0:0, 2:0:0:0:1, 3:2:0:0:0, 4:6:0:0:0, 2:2:0:0:0, 3:2:0:0:1, 7:5:0:0:3, 4:7:0:0:1, 0:0:0:0:0, 4:0:0:0:3, 3:1:0:0:0, 2:2:0:0:0, 5:0:0:0:3, 2:2:0:0:0, 1:0:0:0:0, 2:2:0:0:0, 1:0:0:0:0, 0:0:0:0:0, 3:2:0:0:0, 3:3:0:0:0, 2:2:0:0:0, 1:0:0:0:1, 4:4:0:0:1, 3:3:0:0:1, 0:0:0:0:0, 2:0:0:0:3, 2:2:0:0:0, 1:1:0:0:0, 0:0:0:0:0, 2:0:0:0:5, 2:2:0:0:0, 3:1:0:0:0, 1:0:0:0:0, 0:0:0:0:0, 4:5:2:0:2, 3:2:0:0:0, 2:3:0:0:0,  , 6:6:0:0:2, 3:5:0:0:2, 0:0:0:0:0, 5:1:0:0:2, 2:1:0:0:0, 2:3:0:0:0, 4:0:0:0:2, 2:2:0:0:0, 1:0:0:0:0, 2:2:0:0:0, 1:0:0:0:0, 2:1:0:0:0, 3:4:0:0:0, 4:4:0:0:1, 2:1:0:0:0, 1:2:0:0:0, 5:7:0:0:2, 4:3:0:0:1, 0:0:0:0:0, 3:0:0:0:6, 2:3:0:0:0, 1:1:0:0:0, 1:0:0:0:0, 6:1:0:0:2, 3:1:0:0:1, 2:2:0:0:0, 1:0:0:0:0, 1:0:0:0:0, 3:2:0:0:0, 5:5:0:0:2, 3:6:0:0:0, 2:0:0:0:1, 4:3:0:0:1, 5:3:0:0:1, 1:0:0:0:1, 4:0:0:0:5, 2:4:0:0:0, 3:2:0:0:0, 7:0:0:0:2, 2:3:0:0:0, 2:1:0:0:0, 3:2:0:0:1, 0:0:0:0:0, 0:0:0:0:0, 0:0:0:0:0, 0:0:0:0:0, 860:591:6:0:264
F phrygian (1b), 0:0:0:0:0, 0:0:0:0:0, 1:0:0:0:0, 2:0:0:0:0, 1:0:0:0:0, 0:0:0:0:0, 1:0:0:0:0, 2:0:0:0:0, 3:0:0:0:0, 1:0:0:0:0, 5:4:0:0:4, 0:0:0:0:0, 0:0:0:0:0, 1:0:0:0:0, 6:4:0:0:4, 2:0:0:0:0, 0:0:0:0:0, 0:0:0:0:0, 1:0:0:0:0, 2:0:0:0:0, 1:0:0:0:0, 0:0:0:0:0, 1:0:0:0:0, 2:0:0:0:0, 3:0:0:0:0, 1:0:0:0:0, 6:4:0:0:4, 0:0:0:0:0, 1:1:0:0:1, 6:4:0:0:4, 0:0:0:0:0, 0:0:0:0:0, 0:0:0:0:0, 1:0:0:0:0, 0:0:0:0:0, 2:0:0:0:0, 1:0:0:0:0, 0:0:0:0:0, 2:0:0:0:0, 2:0:0:0:0, 4:0:0:0:0, 1:0:0:0:0, 6:3:0:0:3, 0:0:0:0:0, 0:0:0:0:0, 0:0:0:0:0, 4:3:0:0:3, 0:0:0:0:0, 0:0:0:0:0, 0:0:0:0:0, 1:0:0:0:0, 2:0:0:0:0, 1:0:0:0:0, 0:0:0:0:0, 1:0:0:0:0, 2:0:0:0:0, 3:0:0:0:0, 0:0:0:0:0, 6:4:0:0:4, 0:0:0:0:0, 2:1:0:0:1, 5:3:0:0:3, 0:0:0:0:0, 0:0:0:0:0, 0:0:0:0:0, 0:0:0:0:0, 0:0:0:0:0, 2:0:0:0:0, 1:0:0:0:0, 0:0:0:0:0, 0:0:0:0:0, 2:0:0:0:0, 4:0:0:0:0, 0:0:0:0:0, 5:5:0:0:5, 0:0:0:0:0, 0:0:0:0:0, 0:0:0:0:0, 5:3:0:0:3, 0:0:0:0:0, 0:0:0:0:0, 0:0:0:0:0, 0:0:0:0:0, 5:0:0:0:0, 4:0:0:0:0, 1:0:0:0:0, 0:0:0:0:0, 4:0:0:0:0, 3:0:0:0:0, 0:0:0:0:0, 4:3:0:0:3, 1:0:0:0:0, 2:3:1:0:4, 4:3:0:0:3, 0:0:0:0:0, 0:0:0:0:0, 0:0:0:0:0, 0:0:0:0:0, 0:0:0:0:0, 2:0:0:0:0, 3:0:0:0:0, 0:0:0:0:0, 0:0:0:0:0, 2:0:0:0:0, 3:0:0:0:0, 0:0:0:0:0, 4:5:0:0:5, 0:0:0:0:0, 0:0:0:0:0, 0:0:0:0:0, 6:3:0:0:3, 1:0:0:0:0, 0:0:0:0:0, 0:0:0:0:0, 0:0:0:0:0, 2:0:0:0:0, 2:0:0:0:0, 0:0:0:0:0, 1:1:0:0:1, 4:0:0:0:0, 2:0:0:0:0, 0:0:0:0:0, 5:5:0:0:5, 0:0:0:0:0, 2:1:0:0:1, 6:3:0:0:3, 0:0:0:0:0, 0:0:0:0:0, 0:0:0:0:0, 0:0:0:0:0, 0:0:0:0:0, 3:0:0:0:0, 1:0:0:0:0, 0:0:0:0:0,  , 3:0:0:0:0, 3:0:0:0:0, 0:0:0:0:0, 4:3:0:0:3, 0:0:0:0:0, 1:0:0:0:0, 0:0:0:0:0, 5:5:0:0:5, 0:0:0:0:0, 0:0:0:0:0, 1:1:0:0:1, 0:0:0:0:0, 2:0:0:0:0, 1:0:0:0:0, 0:0:0:0:0, 2:0:0:0:0, 3:0:0:0:0, 3:0:0:0:0, 1:1:0:0:1, 5:5:0:0:5, 0:0:0:0:0, 1:1:0:0:1, 4:3:0:0:3, 0:0:0:0:0, 0:0:0:0:0, 0:0:0:0:0, 0:0:0:0:0, 0:0:0:0:0, 2:0:0:0:0, 1:0:0:0:0, 0:0:0:0:0, 0:0:0:0:0, 2:0:0:0:0, 2:0:0:0:0, 0:0:0:0:0, 4:3:0:0:3, 0:0:0:0:0, 0:0:0:0:0, 0:0:0:0:0, 4:5:0:0:5, 0:0:0:0:0, 0:0:0:0:0, 0:0:0:0:0, 0:0:0:0:0, 2:0:0:0:0, 2:0:0:0:0, 0:0:0:0:0,  , 2:0:0:0:0, 3:0:0:0:0, 0:0:0:0:0, 4:5:0:0:5, 0:0:0:0:0, 1:2:0:0:2, 6:3:0:0:3, 0:0:0:0:0, 0:0:0:0:0, 0:0:0:0:0, 0:0:0:0:0, 0:0:0:0:0, 2:0:0:0:0, 1:0:0:0:0, 0:0:0:0:0, 1:1:0:0:1, 3:0:0:0:0, 3:0:0:0:0, 2:1:0:0:1, 6:8:0:0:8, 0:0:0:0:0, 0:0:0:0:0, 1:0:0:0:0, 7:3:0:0:3, 0:0:0:0:0, 0:0:0:0:0, 0:0:0:0:0, 0:0:0:0:0, 2:0:0:0:0, 1:0:0:0:0, 0:0:0:0:0, 0:0:0:0:0, 3:1:0:0:1, 2:0:0:0:0, 0:0:0:0:0, 4:7:0:0:7, 0:0:0:0:0, 1:2:0:0:2, 6:3:0:0:3, 0:0:0:0:0, 0:0:0:0:0, 0:0:0:0:0, 0:0:0:0:0, 0:0:0:0:0, 2:0:0:0:0, 3:0:0:0:0, 0:0:0:0:0, 0:0:0:0:0, 3:0:0:0:0, 3:0:0:0:0, 0:0:0:0:0, 5:7:0:0:7, 0:0:0:0:0, 0:0:0:0:0, 1:0:0:0:0, 6:4:0:0:4, 0:0:0:0:0, 2:0:0:0:0, 0:0:0:0:0, 1:0:0:0:0, 2:0:0:0:0, 3:0:0:0:0, 1:0:0:0:0, 0:0:0:0:0, 2:0:0:0:0, 3:0:0:0:0, 0:0:0:0:0, 5:7:0:0:7, 0:0:0:0:0, 3:1:0:0:1, 4:3:0:0:3, 0:0:0:0:0, 0:0:0:0:0, 0:0:0:0:0, 0:0:0:0:0, 0:0:0:0:0, 2:0:0:0:0, 2:0:0:0:0, 0:0:0:0:0, 0:0:0:0:0, 2:0:0:0:0, 2:0:0:0:0, 0:0:0:0:0, 4:3:0:0:3, 3:3:1:0:4, 2:1:0:0:1, 0:0:0:0:0, 4:4:0:0:4, 1:1:0:0:1, 0:0:0:0:0, 0:0:0:0:0, 0:0:0:0:0, 2:0:0:0:0, 2:0:0:0:0, 0:0:0:0:0, 1:1:0:0:1, 5:0:0:0:0, 3:0:0:0:0, 0:0:0:0:0, 6:4:0:0:4, 1:1:0:0:1, 1:1:0:0:1, 5:4:0:0:4, 0:0:0:0:0, 0:0:0:0:0, 0:0:0:0:0, 0:0:0:0:0, 0:0:0:0:0, 2:0:0:0:0, 1:0:0:0:0, 0:0:0:0:0, 1:0:0:0:0, 2:0:0:0:0, 2:0:0:0:0, 0:0:0:0:0, 4:4:0:0:4, 0:0:0:0:0, 0:0:0:0:0, 0:0:0:0:0, 4:6:0:0:6, 0:0:0:0:0, 1:1:0:0:1, 0:0:0:0:0, 0:0:0:0:0, 3:0:2:0:2, 1:0:0:0:0, 0:0:0:0:0,  , 4:0:0:0:0, 2:0:0:0:0, 0:0:0:0:0, 7:3:0:0:3, 0:0:0:0:0, 1:2:0:0:2, 4:3:0:0:3, 0:0:0:0:0, 0:0:0:0:0, 0:0:0:0:0, 0:0:0:0:0, 0:0:0:0:0, 2:0:0:0:0, 2:0:0:0:0, 0:0:0:0:0, 0:0:0:0:0, 3:0:0:0:0, 2:0:0:0:0, 0:0:0:0:0, 5:6:0:0:6, 0:0:0:0:0, 0:0:0:0:0, 0:0:0:0:0, 8:4:0:0:4, 1:0:0:0:0, 0:0:0:0:0, 0:0:0:0:0, 0:0:0:0:0, 2:0:0:0:0, 3:0:0:0:0, 1:0:0:0:0, 0:0:0:0:0, 2:0:0:0:0, 3:0:0:0:0, 1:0:0:0:0, 6:5:0:0:5, 0:0:0:0:0, 1:1:0:0:1, 7:3:0:0:3, 0:0:0:0:0, 0:0:0:0:0, 2:0:0:0:0, 0:0:0:0:0, 0:0:0:0:0, 0:0:0:0:0, 0:0:0:0:0, 497:212:4:0:216
G phrygian (1#), 0:0:0:0:0, 1:0:0:0:0, 2:0:0:0:1, 3:3:0:0:0, 3:2:0:0:0, 2:1:0:0:0, 3:1:0:0:1, 4:4:0:0:1, 4:4:0:0:1, 2:0:0:0:0, 3:0:0:0:2, 2:2:0:0:0, 1:2:0:0:0, 2:0:0:0:0, 4:0:0:0:2, 4:2:0:0:0, 1:1:0:0:0, 1:0:0:0:0, 2:0:0:0:1, 3:3:0:0:0, 3:2:0:0:0, 2:1:0:0:0, 3:1:0:0:1, 4:4:0:0:1, 4:4:0:0:1, 2:0:0:0:0, 4:0:0:0:2, 2:2:0:0:0, 2:3:0:0:0, 6:0:0:0:2, 2:3:0:0:0, 1:0:0:0:0, 0:0:0:0:0, 1:0:0:0:0, 1:0:0:0:0, 3:3:0:0:0, 3:3:0:0:0, 2:1:0:0:0, 3:1:0:0:0, 4:3:0:0:1, 6:5:0:0:1, 1:0:1:0:1, 4:0:0:0:2, 2:1:0:0:0, 1:1:0:0:0, 0:0:0:0:0, 2:0:0:0:2, 2:1:0:0:0, 1:1:0:0:0, 1:0:0:0:0, 2:0:0:0:1, 3:3:0:0:0, 3:2:0:0:0, 2:1:0:0:0, 3:1:0:0:1, 4:4:0:0:1, 5:3:0:0:1, 1:0:0:0:0, 4:0:0:0:2, 2:2:0:0:0, 3:2:0:0:0, 5:0:0:0:2, 2:3:0:0:0, 1:0:0:0:0, 2:2:0:0:0, 1:0:0:0:0, 2:1:0:0:0, 3:3:0:0:0, 3:3:0:0:0, 2:1:0:0:0, 1:0:0:0:0, 4:4:0:0:1, 6:6:0:0:2, 0:0:0:0:0, 3:0:0:0:5, 2:1:0:0:0, 1:1:0:0:0, 0:0:0:0:0, 3:0:0:0:2, 2:1:0:0:0, 1:1:0:0:0, 1:0:0:0:0, 0:0:0:0:0, 5:2:0:0:0, 6:2:0:0:0, 3:3:0:0:0, 1:0:0:0:0, 6:3:0:0:2, 4:6:0:0:4, 0:0:0:0:0, 2:0:0:0:2, 3:1:0:0:0, 3:3:1:0:1, 4:0:0:0:2, 2:2:0:0:0, 1:0:0:0:0, 2:2:0:0:0, 1:0:0:0:0, 1:0:0:0:0, 3:3:0:0:0, 5:6:0:0:0, 2:1:0:0:0, 1:0:0:0:0, 4:4:0:0:1, 4:9:0:0:2, 0:0:0:0:0, 2:0:0:0:4, 2:2:0:0:0, 1:1:0:0:0, 0:0:0:0:0, 4:0:0:0:3, 3:2:0:0:1, 2:2:0:0:0, 1:0:0:0:0, 1:0:0:0:0, 3:2:0:0:0, 4:5:0:0:1, 2:1:0:0:0, 1:0:0:0:1, 6:6:0:0:2, 3:6:0:0:2, 0:0:0:0:0, 3:0:0:0:4, 2:2:0:0:0, 3:4:0:0:1, 6:0:0:0:2, 2:3:0:0:0, 1:0:0:0:0, 2:2:0:0:0, 1:0:0:0:0, 1:0:0:0:0, 3:4:0:0:0, 3:5:0:0:0, 2:2:0:0:0,  , 5:3:0:0:2, 4:8:0:0:2, 0:0:0:0:0, 2:0:0:0:2, 2:3:0:0:0, 2:1:1:0:1, 0:0:0:0:0, 3:0:0:0:3, 2:3:0:0:0, 2:2:0:0:0, 3:3:0:0:1, 1:0:0:0:0, 3:4:0:0:0, 3:4:0:0:0, 2:1:0:0:0, 3:3:0:0:5, 5:3:0:0:1, 4:8:0:0:2, 2:1:0:0:1, 3:0:0:0:4, 2:3:0:0:0, 3:2:0:0:0, 4:0:0:0:2, 2:2:0:0:0, 2:0:0:0:1, 2:2:0:0:0, 1:0:0:0:0, 1:0:0:0:0, 3:3:0:0:0, 3:2:0:0:0, 2:1:0:0:0, 1:0:0:0:0, 4:4:0:0:2, 4:6:0:0:4, 0:0:0:0:0, 2:0:0:0:2, 2:3:0:0:0, 2:1:0:0:0, 0:0:0:0:0, 2:0:0:0:3, 2:1:0:0:0, 2:1:0:0:0, 1:0:0:0:0, 0:0:0:0:0, 3:3:0:0:0, 4:4:0:0:0, 2:2:0:0:0,  , 4:5:0:0:2, 4:6:0:0:1, 0:0:0:0:0, 2:0:0:0:3, 2:2:0:0:0, 2:3:0:0:0, 6:1:0:0:3, 2:3:0:0:0, 1:0:0:0:0, 2:2:0:0:0, 1:0:0:0:0, 2:1:0:0:0, 4:4:0:0:1, 3:4:0:0:0, 2:1:0:0:0, 1:0:0:0:1, 5:5:0:0:3, 4:7:0:0:4, 1:0:0:0:1, 4:0:0:0:4, 2:2:0:0:0, 2:1:0:0:0, 2:0:0:0:2, 5:0:0:0:3, 2:2:0:0:0, 2:1:0:0:0, 1:0:0:0:0, 1:0:0:0:0, 3:2:0:0:0, 3:2:0:0:0, 2:2:0:0:0, 2:0:0:0:1, 5:5:0:0:3, 3:3:0:0:1, 0:0:0:0:0, 2:0:0:0:6, 2:3:0:0:0, 3:2:0:0:0, 6:0:0:0:2, 2:2:0:0:0, 1:0:0:0:0, 2:2:0:0:0, 1:0:0:0:0, 1:0:0:0:0, 3:5:0:0:0, 5:5:0:0:0, 2:2:0:0:0, 1:0:0:0:0, 5:5:0:0:3, 4:9:0:0:2, 1:0:0:0:0, 3:0:0:0:6, 2:2:0:0:0, 1:2:0:0:0, 2:0:0:0:1, 4:0:0:0:3, 2:2:0:0:0, 4:2:0:0:1, 1:0:0:0:0, 3:1:0:0:1, 4:2:0:0:1, 5:5:0:0:2, 3:1:0:0:1, 1:0:0:0:1, 4:3:0:0:1, 5:6:0:0:2, 0:0:0:0:0, 3:0:0:0:6, 2:1:0:0:0, 5:3:0:0:1, 4:0:0:0:2, 2:2:0:0:0, 1:0:0:0:0, 2:2:0:0:0, 1:0:0:0:0, 1:0:0:0:0, 3:3:0:0:0, 4:2:0:0:1, 2:1:0:0:0, 2:0:0:0:1, 4:3:0:0:1, 4:6:0:0:2, 0:0:0:0:0, 2:0:0:0:2, 5:3:1:0:6, 4:2:0:0:0, 1:0:0:0:0, 2:0:0:0:2, 3:2:0:0:0, 2:1:0:0:0, 1:0:0:0:0, 2:0:0:0:1, 3:2:0:0:0, 4:6:0:0:0, 2:2:0:0:0, 3:2:0:0:1, 7:5:0:0:3, 4:7:0:0:1, 0:0:0:0:0, 4:0:0:0:3, 3:1:0:0:0, 2:2:0:0:0, 5:0:0:0:3, 2:2:0:0:0, 1:0:0:0:0, 2:2:0:0:0, 1:0:0:0:0, 0:0:0:0:0, 3:2:0:0:0, 3:3:0:0:0, 2:2:0:0:0, 1:0:0:0:1, 4:4:0:0:1, 3:3:0:0:1, 0:0:0:0:0, 2:0:0:0:3, 2:2:0:0:0, 1:1:0:0:0, 0:0:0:0:0, 2:0:0:0:5, 2:2:0:0:0, 3:1:0:0:0, 1:0:0:0:0, 0:0:0:0:0, 4:5:2:0:2, 3:2:0:0:0, 2:3:0:0:0,  , 6:6:0:0:2, 3:5:0:0:2, 0:0:0:0:0, 5:1:0:0:2, 2:1:0:0:0, 2:3:0:0:0, 4:0:0:0:2, 2:2:0:0:0, 1:0:0:0:0, 2:2:0:0:0, 1:0:0:0:0, 2:1:0:0:0, 3:4:0:0:0, 4:4:0:0:1, 2:1:0:0:0, 1:2:0:0:0, 5:7:0:0:2, 4:3:0:0:1, 0:0:0:0:0, 3:0:0:0:6, 2:3:0:0:0, 1:1:0:0:0, 1:0:0:0:0, 6:1:0:0:2, 3:1:0:0:1, 2:2:0:0:0, 1:0:0:0:0, 1:0:0:0:0, 3:2:0:0:0, 5:5:0:0:2, 3:6:0:0:0, 2:0:0:0:1, 4:3:0:0:1, 5:3:0:0:1, 1:0:0:0:1, 4:0:0:0:5, 2:4:0:0:0, 3:2:0:0:0, 7:0:0:0:2, 2:3:0:0:0, 2:1:0:0:0, 3:2:0:0:1, 0:0:0:0:0, 0:0:0:0:0, 0:0:0:0:0, 0:0:0:0:0, 860:591:6:0:264
F lydian (1b), 0:0:0:0:0, 0:0:0:0:0, 1:0:0:0:0, 2:0:0:0:0, 1:0:0:0:0, 0:0:0:0:0, 1:0:0:0:0, 2:0:0:0:0, 3:0:0:0:0, 1:0:0:0:0, 5:4:0:0:4, 0:0:0:0:0, 0:0:0:0:0, 1:0:0:0:0, 6:4:0:0:4, 2:0:0:0:0, 0:0:0:0:0, 0:0:0:0:0, 1:0:0:0:0, 2:0:0:0:0, 1:0:0:0:0, 0:0:0:0:0, 1:0:0:0:0, 2:0:0:0:0, 3:0:0:0:0, 1:0:0:0:0, 6:4:0:0:4, 0:0:0:0:0, 1:1:0:0:1, 6:4:0:0:4, 0:0:0:0:0, 0:0:0:0:0, 0:0:0:0:0, 1:0:0:0:0, 0:0:0:0:0, 2:0:0:0:0, 1:0:0:0:0, 0:0:0:0:0, 2:0:0:0:0, 2:0:0:0:0, 4:0:0:0:0, 1:0:0:0:0, 6:3:0:0:3, 0:0:0:0:0, 0:0:0:0:0, 0:0:0:0:0, 4:3:0:0:3, 0:0:0:0:0, 0:0:0:0:0, 0:0:0:0:0, 1:0:0:0:0, 2:0:0:0:0, 1:0:0:0:0, 0:0:0:0:0, 1:0:0:0:0, 2:0:0:0:0, 3:0:0:0:0, 0:0:0:0:0, 6:4:0:0:4, 0:0:0:0:0, 2:1:0:0:1, 5:3:0:0:3, 0:0:0:0:0, 0:0:0:0:0, 0:0:0:0:0, 0:0:0:0:0, 0:0:0:0:0, 2:0:0:0:0, 1:0:0:0:0, 0:0:0:0:0, 0:0:0:0:0, 2:0:0:0:0, 4:0:0:0:0, 0:0:0:0:0, 5:5:0:0:5, 0:0:0:0:0, 0:0:0:0:0, 0:0:0:0:0, 5:3:0:0:3, 0:0:0:0:0, 0:0:0:0:0, 0:0:0:0:0, 0:0:0:0:0, 5:0:0:0:0, 4:0:0:0:0, 1:0:0:0:0, 0:0:0:0:0, 4:0:0:0:0, 3:0:0:0:0, 0:0:0:0:0, 4:3:0:0:3, 1:0:0:0:0, 2:3:1:0:4, 4:3:0:0:3, 0:0:0:0:0, 0:0:0:0:0, 0:0:0:0:0, 0:0:0:0:0, 0:0:0:0:0, 2:0:0:0:0, 3:0:0:0:0, 0:0:0:0:0, 0:0:0:0:0, 2:0:0:0:0, 3:0:0:0:0, 0:0:0:0:0, 4:5:0:0:5, 0:0:0:0:0, 0:0:0:0:0, 0:0:0:0:0, 6:3:0:0:3, 1:0:0:0:0, 0:0:0:0:0, 0:0:0:0:0, 0:0:0:0:0, 2:0:0:0:0, 2:0:0:0:0, 0:0:0:0:0, 1:1:0:0:1, 4:0:0:0:0, 2:0:0:0:0, 0:0:0:0:0, 5:5:0:0:5, 0:0:0:0:0, 2:1:0:0:1, 6:3:0:0:3, 0:0:0:0:0, 0:0:0:0:0, 0:0:0:0:0, 0:0:0:0:0, 0:0:0:0:0, 3:0:0:0:0, 1:0:0:0:0, 0:0:0:0:0,  , 3:0:0:0:0, 3:0:0:0:0, 0:0:0:0:0, 4:3:0:0:3, 0:0:0:0:0, 1:0:0:0:0, 0:0:0:0:0, 5:5:0:0:5, 0:0:0:0:0, 0:0:0:0:0, 1:1:0:0:1, 0:0:0:0:0, 2:0:0:0:0, 1:0:0:0:0, 0:0:0:0:0, 2:0:0:0:0, 3:0:0:0:0, 3:0:0:0:0, 1:1:0:0:1, 5:5:0:0:5, 0:0:0:0:0, 1:1:0:0:1, 4:3:0:0:3, 0:0:0:0:0, 0:0:0:0:0, 0:0:0:0:0, 0:0:0:0:0, 0:0:0:0:0, 2:0:0:0:0, 1:0:0:0:0, 0:0:0:0:0, 0:0:0:0:0, 2:0:0:0:0, 2:0:0:0:0, 0:0:0:0:0, 4:3:0:0:3, 0:0:0:0:0, 0:0:0:0:0, 0:0:0:0:0, 4:5:0:0:5, 0:0:0:0:0, 0:0:0:0:0, 0:0:0:0:0, 0:0:0:0:0, 2:0:0:0:0, 2:0:0:0:0, 0:0:0:0:0,  , 2:0:0:0:0, 3:0:0:0:0, 0:0:0:0:0, 4:5:0:0:5, 0:0:0:0:0, 1:2:0:0:2, 6:3:0:0:3, 0:0:0:0:0, 0:0:0:0:0, 0:0:0:0:0, 0:0:0:0:0, 0:0:0:0:0, 2:0:0:0:0, 1:0:0:0:0, 0:0:0:0:0, 1:1:0:0:1, 3:0:0:0:0, 3:0:0:0:0, 2:1:0:0:1, 6:8:0:0:8, 0:0:0:0:0, 0:0:0:0:0, 1:0:0:0:0, 7:3:0:0:3, 0:0:0:0:0, 0:0:0:0:0, 0:0:0:0:0, 0:0:0:0:0, 2:0:0:0:0, 1:0:0:0:0, 0:0:0:0:0, 0:0:0:0:0, 3:1:0:0:1, 2:0:0:0:0, 0:0:0:0:0, 4:7:0:0:7, 0:0:0:0:0, 1:2:0:0:2, 6:3:0:0:3, 0:0:0:0:0, 0:0:0:0:0, 0:0:0:0:0, 0:0:0:0:0, 0:0:0:0:0, 2:0:0:0:0, 3:0:0:0:0, 0:0:0:0:0, 0:0:0:0:0, 3:0:0:0:0, 3:0:0:0:0, 0:0:0:0:0, 5:7:0:0:7, 0:0:0:0:0, 0:0:0:0:0, 1:0:0:0:0, 6:4:0:0:4, 0:0:0:0:0, 2:0:0:0:0, 0:0:0:0:0, 1:0:0:0:0, 2:0:0:0:0, 3:0:0:0:0, 1:0:0:0:0, 0:0:0:0:0, 2:0:0:0:0, 3:0:0:0:0, 0:0:0:0:0, 5:7:0:0:7, 0:0:0:0:0, 3:1:0:0:1, 4:3:0:0:3, 0:0:0:0:0, 0:0:0:0:0, 0:0:0:0:0, 0:0:0:0:0, 0:0:0:0:0, 2:0:0:0:0, 2:0:0:0:0, 0:0:0:0:0, 0:0:0:0:0, 2:0:0:0:0, 2:0:0:0:0, 0:0:0:0:0, 4:3:0:0:3, 3:3:1:0:4, 2:1:0:0:1, 0:0:0:0:0, 4:4:0:0:4, 1:1:0:0:1, 0:0:0:0:0, 0:0:0:0:0, 0:0:0:0:0, 2:0:0:0:0, 2:0:0:0:0, 0:0:0:0:0, 1:1:0:0:1, 5:0:0:0:0, 3:0:0:0:0, 0:0:0:0:0, 6:4:0:0:4, 1:1:0:0:1, 1:1:0:0:1, 5:4:0:0:4, 0:0:0:0:0, 0:0:0:0:0, 0:0:0:0:0, 0:0:0:0:0, 0:0:0:0:0, 2:0:0:0:0, 1:0:0:0:0, 0:0:0:0:0, 1:0:0:0:0, 2:0:0:0:0, 2:0:0:0:0, 0:0:0:0:0, 4:4:0:0:4, 0:0:0:0:0, 0:0:0:0:0, 0:0:0:0:0, 4:6:0:0:6, 0:0:0:0:0, 1:1:0:0:1, 0:0:0:0:0, 0:0:0:0:0, 3:0:2:0:2, 1:0:0:0:0, 0:0:0:0:0,  , 4:0:0:0:0, 2:0:0:0:0, 0:0:0:0:0, 7:3:0:0:3, 0:0:0:0:0, 1:2:0:0:2, 4:3:0:0:3, 0:0:0:0:0, 0:0:0:0:0, 0:0:0:0:0, 0:0:0:0:0, 0:0:0:0:0, 2:0:0:0:0, 2:0:0:0:0, 0:0:0:0:0, 0:0:0:0:0, 3:0:0:0:0, 2:0:0:0:0, 0:0:0:0:0, 5:6:0:0:6, 0:0:0:0:0, 0:0:0:0:0, 0:0:0:0:0, 8:4:0:0:4, 1:0:0:0:0, 0:0:0:0:0, 0:0:0:0:0, 0:0:0:0:0, 2:0:0:0:0, 3:0:0:0:0, 1:0:0:0:0, 0:0:0:0:0, 2:0:0:0:0, 3:0:0:0:0, 1:0:0:0:0, 6:5:0:0:5, 0:0:0:0:0, 1:1:0:0:1, 7:3:0:0:3, 0:0:0:0:0, 0:0:0:0:0, 2:0:0:0:0, 0:0:0:0:0, 0:0:0:0:0, 0:0:0:0:0, 0:0:0:0:0, 497:212:4:0:216
G lydian (1#), 0:0:0:0:0, 1:0:0:0:0, 2:0:0:0:1, 3:3:0:0:0, 3:2:0:0:0, 2:1:0:0:0, 3:1:0:0:1, 4:4:0:0:1, 4:4:0:0:1, 2:0:0:0:0, 3:0:0:0:2, 2:2:0:0:0, 1:2:0:0:0, 2:0:0:0:0, 4:0:0:0:2, 4:2:0:0:0, 1:1:0:0:0, 1:0:0:0:0, 2:0:0:0:1, 3:3:0:0:0, 3:2:0:0:0, 2:1:0:0:0, 3:1:0:0:1, 4:4:0:0:1, 4:4:0:0:1, 2:0:0:0:0, 4:0:0:0:2, 2:2:0:0:0, 2:3:0:0:0, 6:0:0:0:2, 2:3:0:0:0, 1:0:0:0:0, 0:0:0:0:0, 1:0:0:0:0, 1:0:0:0:0, 3:3:0:0:0, 3:3:0:0:0, 2:1:0:0:0, 3:1:0:0:0, 4:3:0:0:1, 6:5:0:0:1, 1:0:1:0:1, 4:0:0:0:2, 2:1:0:0:0, 1:1:0:0:0, 0:0:0:0:0, 2:0:0:0:2, 2:1:0:0:0, 1:1:0:0:0, 1:0:0:0:0, 2:0:0:0:1, 3:3:0:0:0, 3:2:0:0:0, 2:1:0:0:0, 3:1:0:0:1, 4:4:0:0:1, 5:3:0:0:1, 1:0:0:0:0, 4:0:0:0:2, 2:2:0:0:0, 3:2:0:0:0, 5:0:0:0:2, 2:3:0:0:0, 1:0:0:0:0, 2:2:0:0:0, 1:0:0:0:0, 2:1:0:0:0, 3:3:0:0:0, 3:3:0:0:0, 2:1:0:0:0, 1:0:0:0:0, 4:4:0:0:1, 6:6:0:0:2, 0:0:0:0:0, 3:0:0:0:5, 2:1:0:0:0, 1:1:0:0:0, 0:0:0:0:0, 3:0:0:0:2, 2:1:0:0:0, 1:1:0:0:0, 1:0:0:0:0, 0:0:0:0:0, 5:2:0:0:0, 6:2:0:0:0, 3:3:0:0:0, 1:0:0:0:0, 6:3:0:0:2, 4:6:0:0:4, 0:0:0:0:0, 2:0:0:0:2, 3:1:0:0:0, 3:3:1:0:1, 4:0:0:0:2, 2:2:0:0:0, 1:0:0:0:0, 2:2:0:0:0, 1:0:0:0:0, 1:0:0:0:0, 3:3:0:0:0, 5:6:0:0:0, 2:1:0:0:0, 1:0:0:0:0, 4:4:0:0:1, 4:9:0:0:2, 0:0:0:0:0, 2:0:0:0:4, 2:2:0:0:0, 1:1:0:0:0, 0:0:0:0:0, 4:0:0:0:3, 3:2:0:0:1, 2:2:0:0:0, 1:0:0:0:0, 1:0:0:0:0, 3:2:0:0:0, 4:5:0:0:1, 2:1:0:0:0, 1:0:0:0:1, 6:6:0:0:2, 3:6:0:0:2, 0:0:0:0:0, 3:0:0:0:4, 2:2:0:0:0, 3:4:0:0:1, 6:0:0:0:2, 2:3:0:0:0, 1:0:0:0:0, 2:2:0:0:0, 1:0:0:0:0, 1:0:0:0:0, 3:4:0:0:0, 3:5:0:0:0, 2:2:0:0:0,  , 5:3:0:0:2, 4:8:0:0:2, 0:0:0:0:0, 2:0:0:0:2, 2:3:0:0:0, 2:1:1:0:1, 0:0:0:0:0, 3:0:0:0:3, 2:3:0:0:0, 2:2:0:0:0, 3:3:0:0:1, 1:0:0:0:0, 3:4:0:0:0, 3:4:0:0:0, 2:1:0:0:0, 3:3:0:0:5, 5:3:0:0:1, 4:8:0:0:2, 2:1:0:0:1, 3:0:0:0:4, 2:3:0:0:0, 3:2:0:0:0, 4:0:0:0:2, 2:2:0:0:0, 2:0:0:0:1, 2:2:0:0:0, 1:0:0:0:0, 1:0:0:0:0, 3:3:0:0:0, 3:2:0:0:0, 2:1:0:0:0, 1:0:0:0:0, 4:4:0:0:2, 4:6:0:0:4, 0:0:0:0:0, 2:0:0:0:2, 2:3:0:0:0, 2:1:0:0:0, 0:0:0:0:0, 2:0:0:0:3, 2:1:0:0:0, 2:1:0:0:0, 1:0:0:0:0, 0:0:0:0:0, 3:3:0:0:0, 4:4:0:0:0, 2:2:0:0:0,  , 4:5:0:0:2, 4:6:0:0:1, 0:0:0:0:0, 2:0:0:0:3, 2:2:0:0:0, 2:3:0:0:0, 6:1:0:0:3, 2:3:0:0:0, 1:0:0:0:0, 2:2:0:0:0, 1:0:0:0:0, 2:1:0:0:0, 4:4:0:0:1, 3:4:0:0:0, 2:1:0:0:0, 1:0:0:0:1, 5:5:0:0:3, 4:7:0:0:4, 1:0:0:0:1, 4:0:0:0:4, 2:2:0:0:0, 2:1:0:0:0, 2:0:0:0:2, 5:0:0:0:3, 2:2:0:0:0, 2:1:0:0:0, 1:0:0:0:0, 1:0:0:0:0, 3:2:0:0:0, 3:2:0:0:0, 2:2:0:0:0, 2:0:0:0:1, 5:5:0:0:3, 3:3:0:0:1, 0:0:0:0:0, 2:0:0:0:6, 2:3:0:0:0, 3:2:0:0:0, 6:0:0:0:2, 2:2:0:0:0, 1:0:0:0:0, 2:2:0:0:0, 1:0:0:0:0, 1:0:0:0:0, 3:5:0:0:0, 5:5:0:0:0, 2:2:0:0:0, 1:0:0:0:0, 5:5:0:0:3, 4:9:0:0:2, 1:0:0:0:0, 3:0:0:0:6, 2:2:0:0:0, 1:2:0:0:0, 2:0:0:0:1, 4:0:0:0:3, 2:2:0:0:0, 4:2:0:0:1, 1:0:0:0:0, 3:1:0:0:1, 4:2:0:0:1, 5:5:0:0:2, 3:1:0:0:1, 1:0:0:0:1, 4:3:0:0:1, 5:6:0:0:2, 0:0:0:0:0, 3:0:0:0:6, 2:1:0:0:0, 5:3:0:0:1, 4:0:0:0:2, 2:2:0:0:0, 1:0:0:0:0, 2:2:0:0:0, 1:0:0:0:0, 1:0:0:0:0, 3:3:0:0:0, 4:2:0:0:1, 2:1:0:0:0, 2:0:0:0:1, 4:3:0:0:1, 4:6:0:0:2, 0:0:0:0:0, 2:0:0:0:2, 5:3:1:0:6, 4:2:0:0:0, 1:0:0:0:0, 2:0:0:0:2, 3:2:0:0:0, 2:1:0:0:0, 1:0:0:0:0, 2:0:0:0:1, 3:2:0:0:0, 4:6:0:0:0, 2:2:0:0:0, 3:2:0:0:1, 7:5:0:0:3, 4:7:0:0:1, 0:0:0:0:0, 4:0:0:0:3, 3:1:0:0:0, 2:2:0:0:0, 5:0:0:0:3, 2:2:0:0:0, 1:0:0:0:0, 2:2:0:0:0, 1:0:0:0:0, 0:0:0:0:0, 3:2:0:0:0, 3:3:0:0:0, 2:2:0:0:0, 1:0:0:0:1, 4:4:0:0:1, 3:3:0:0:1, 0:0:0:0:0, 2:0:0:0:3, 2:2:0:0:0, 1:1:0:0:0, 0:0:0:0:0, 2:0:0:0:5, 2:2:0:0:0, 3:1:0:0:0, 1:0:0:0:0, 0:0:0:0:0, 4:5:2:0:2, 3:2:0:0:0, 2:3:0:0:0,  , 6:6:0:0:2, 3:5:0:0:2, 0:0:0:0:0, 5:1:0:0:2, 2:1:0:0:0, 2:3:0:0:0, 4:0:0:0:2, 2:2:0:0:0, 1:0:0:0:0, 2:2:0:0:0, 1:0:0:0:0, 2:1:0:0:0, 3:4:0:0:0, 4:4:0:0:1, 2:1:0:0:0, 1:2:0:0:0, 5:7:0:0:2, 4:3:0:0:1, 0:0:0:0:0, 3:0:0:0:6, 2:3:0:0:0, 1:1:0:0:0, 1:0:0:0:0, 6:1:0:0:2, 3:1:0:0:1, 2:2:0:0:0, 1:0:0:0:0, 1:0:0:0:0, 3:2:0:0:0, 5:5:0:0:2, 3:6:0:0:0, 2:0:0:0:1, 4:3:0:0:1, 5:3:0:0:1, 1:0:0:0:1, 4:0:0:0:5, 2:4:0:0:0, 3:2:0:0:0, 7:0:0:0:2, 2:3:0:0:0, 2:1:0:0:0, 3:2:0:0:1, 0:0:0:0:0, 0:0:0:0:0, 0:0:0:0:0, 0:0:0:0:0, 860:591:6:0:264
F mixolydian (1b), 0:0:0:0:0, 0:0:0:0:0, 1:0:0:0:0, 2:0:0:0:0, 1:0:0:0:0, 0:0:0:0:0, 1:0:0:0:0, 2:0:0:0:0, 3:0:0:0:0, 1:0:0:0:0, 5:4:0:0:4, 0:0:0:0:0, 0:0:0:0:0, 1:0:0:0:0, 6:4:0:0:4, 2:0:0:0:0, 0:0:0:0:0, 0:0:0:0:0, 1:0:0:0:0, 2:0:0:0:0, 1:0:0:0:0, 0:0:0:0:0, 1:0:0:0:0, 2:0:0:0:0, 3:0:0:0:0, 1:0:0:0:0, 6:4:0:0:4, 0:0:0:0:0, 1:1:0:0:1, 6:4:0:0:4, 0:0:0:0:0, 0:0:0:0:0, 0:0:0:0:0, 1:0:0:0:0, 0:0:0:0:0, 2:0:0:0:0, 1:0:0:0:0, 0:0:0:0:0, 2:0:0:0:0, 2:0:0:0:0, 4:0:0:0:0, 1:0:0:0:0, 6:3:0:0:3, 0:0:0:0:0, 0:0:0:0:0, 0:0:0:0:0, 4:3:0:0:3, 0:0:0:0:0, 0:0:0:0:0, 0:0:0:0:0, 1:0:0:0:0, 2:0:0:0:0, 1:0:0:0:0, 0:0:0:0:0, 1:0:0:0:0, 2:0:0:0:0, 3:0:0:0:0, 0:0:0:0:0, 6:4:0:0:4, 0:0:0:0:0, 2:1:0:0:1, 5:3:0:0:3, 0:0:0:0:0, 0:0:0:0:0, 0:0:0:0:0, 0:0:0:0:0, 0:0:0:0:0, 2:0:0:0:0, 1:0:0:0:0, 0:0:0:0:0, 0:0:0:0:0, 2:0:0:0:0, 4:0:0:0:0, 0:0:0:0:0, 5:5:0:0:5, 0:0:0:0:0, 0:0:0:0:0, 0:0:0:0:0, 5:3:0:0:3, 0:0:0:0:0, 0:0:0:0:0, 0:0:0:0:0, 0:0:0:0:0, 5:0:0:0:0, 4:0:0:0:0, 1:0:0:0:0, 0:0:0:0:0, 4:0:0:0:0, 3:0:0:0:0, 0:0:0:0:0, 4:3:0:0:3, 1:0:0:0:0, 2:3:1:0:4, 4:3:0:0:3, 0:0:0:0:0, 0:0:0:0:0, 0:0:0:0:0, 0:0:0:0:0, 0:0:0:0:0, 2:0:0:0:0, 3:0:0:0:0, 0:0:0:0:0, 0:0:0:0:0, 2:0:0:0:0, 3:0:0:0:0, 0:0:0:0:0, 4:5:0:0:5, 0:0:0:0:0, 0:0:0:0:0, 0:0:0:0:0, 6:3:0:0:3, 1:0:0:0:0, 0:0:0:0:0, 0:0:0:0:0, 0:0:0:0:0, 2:0:0:0:0, 2:0:0:0:0, 0:0:0:0:0, 1:1:0:0:1, 4:0:0:0:0, 2:0:0:0:0, 0:0:0:0:0, 5:5:0:0:5, 0:0:0:0:0, 2:1:0:0:1, 6:3:0:0:3, 0:0:0:0:0, 0:0:0:0:0, 0:0:0:0:0, 0:0:0:0:0, 0:0:0:0:0, 3:0:0:0:0, 1:0:0:0:0, 0:0:0:0:0,  , 3:0:0:0:0, 3:0:0:0:0, 0:0:0:0:0, 4:3:0:0:3, 0:0:0:0:0, 1:0:0:0:0, 0:0:0:0:0, 5:5:0:0:5, 0:0:0:0:0, 0:0:0:0:0, 1:1:0:0:1, 0:0:0:0:0, 2:0:0:0:0, 1:0:0:0:0, 0:0:0:0:0, 2:0:0:0:0, 3:0:0:0:0, 3:0:0:0:0, 1:1:0:0:1, 5:5:0:0:5, 0:0:0:0:0, 1:1:0:0:1, 4:3:0:0:3, 0:0:0:0:0, 0:0:0:0:0, 0:0:0:0:0, 0:0:0:0:0, 0:0:0:0:0, 2:0:0:0:0, 1:0:0:0:0, 0:0:0:0:0, 0:0:0:0:0, 2:0:0:0:0, 2:0:0:0:0, 0:0:0:0:0, 4:3:0:0:3, 0:0:0:0:0, 0:0:0:0:0, 0:0:0:0:0, 4:5:0:0:5, 0:0:0:0:0, 0:0:0:0:0, 0:0:0:0:0, 0:0:0:0:0, 2:0:0:0:0, 2:0:0:0:0, 0:0:0:0:0,  , 2:0:0:0:0, 3:0:0:0:0, 0:0:0:0:0, 4:5:0:0:5, 0:0:0:0:0, 1:2:0:0:2, 6:3:0:0:3, 0:0:0:0:0, 0:0:0:0:0, 0:0:0:0:0, 0:0:0:0:0, 0:0:0:0:0, 2:0:0:0:0, 1:0:0:0:0, 0:0:0:0:0, 1:1:0:0:1, 3:0:0:0:0, 3:0:0:0:0, 2:1:0:0:1, 6:8:0:0:8, 0:0:0:0:0, 0:0:0:0:0, 1:0:0:0:0, 7:3:0:0:3, 0:0:0:0:0, 0:0:0:0:0, 0:0:0:0:0, 0:0:0:0:0, 2:0:0:0:0, 1:0:0:0:0, 0:0:0:0:0, 0:0:0:0:0, 3:1:0:0:1, 2:0:0:0:0, 0:0:0:0:0, 4:7:0:0:7, 0:0:0:0:0, 1:2:0:0:2, 6:3:0:0:3, 0:0:0:0:0, 0:0:0:0:0, 0:0:0:0:0, 0:0:0:0:0, 0:0:0:0:0, 2:0:0:0:0, 3:0:0:0:0, 0:0:0:0:0, 0:0:0:0:0, 3:0:0:0:0, 3:0:0:0:0, 0:0:0:0:0, 5:7:0:0:7, 0:0:0:0:0, 0:0:0:0:0, 1:0:0:0:0, 6:4:0:0:4, 0:0:0:0:0, 2:0:0:0:0, 0:0:0:0:0, 1:0:0:0:0, 2:0:0:0:0, 3:0:0:0:0, 1:0:0:0:0, 0:0:0:0:0, 2:0:0:0:0, 3:0:0:0:0, 0:0:0:0:0, 5:7:0:0:7, 0:0:0:0:0, 3:1:0:0:1, 4:3:0:0:3, 0:0:0:0:0, 0:0:0:0:0, 0:0:0:0:0, 0:0:0:0:0, 0:0:0:0:0, 2:0:0:0:0, 2:0:0:0:0, 0:0:0:0:0, 0:0:0:0:0, 2:0:0:0:0, 2:0:0:0:0, 0:0:0:0:0, 4:3:0:0:3, 3:3:1:0:4, 2:1:0:0:1, 0:0:0:0:0, 4:4:0:0:4, 1:1:0:0:1, 0:0:0:0:0, 0:0:0:0:0, 0:0:0:0:0, 2:0:0:0:0, 2:0:0:0:0, 0:0:0:0:0, 1:1:0:0:1, 5:0:0:0:0, 3:0:0:0:0, 0:0:0:0:0, 6:4:0:0:4, 1:1:0:0:1, 1:1:0:0:1, 5:4:0:0:4, 0:0:0:0:0, 0:0:0:0:0, 0:0:0:0:0, 0:0:0:0:0, 0:0:0:0:0, 2:0:0:0:0, 1:0:0:0:0, 0:0:0:0:0, 1:0:0:0:0, 2:0:0:0:0, 2:0:0:0:0, 0:0:0:0:0, 4:4:0:0:4, 0:0:0:0:0, 0:0:0:0:0, 0:0:0:0:0, 4:6:0:0:6, 0:0:0:0:0, 1:1:0:0:1, 0:0:0:0:0, 0:0:0:0:0, 3:0:2:0:2, 1:0:0:0:0, 0:0:0:0:0,  , 4:0:0:0:0, 2:0:0:0:0, 0:0:0:0:0, 7:3:0:0:3, 0:0:0:0:0, 1:2:0:0:2, 4:3:0:0:3, 0:0:0:0:0, 0:0:0:0:0, 0:0:0:0:0, 0:0:0:0:0, 0:0:0:0:0, 2:0:0:0:0, 2:0:0:0:0, 0:0:0:0:0, 0:0:0:0:0, 3:0:0:0:0, 2:0:0:0:0, 0:0:0:0:0, 5:6:0:0:6, 0:0:0:0:0, 0:0:0:0:0, 0:0:0:0:0, 8:4:0:0:4, 1:0:0:0:0, 0:0:0:0:0, 0:0:0:0:0, 0:0:0:0:0, 2:0:0:0:0, 3:0:0:0:0, 1:0:0:0:0, 0:0:0:0:0, 2:0:0:0:0, 3:0:0:0:0, 1:0:0:0:0, 6:5:0:0:5, 0:0:0:0:0, 1:1:0:0:1, 7:3:0:0:3, 0:0:0:0:0, 0:0:0:0:0, 2:0:0:0:0, 0:0:0:0:0, 0:0:0:0:0, 0:0:0:0:0, 0:0:0:0:0, 497:212:4:0:216
G mixolydian (1#), 0:0:0:0:0, 1:0:0:0:0, 2:0:0:0:1, 3:3:0:0:0, 3:2:0:0:0, 2:1:0:0:0, 3:1:0:0:1, 4:4:0:0:1, 4:4:0:0:1, 2:0:0:0:0, 3:0:0:0:2, 2:2:0:0:0, 1:2:0:0:0, 2:0:0:0:0, 4:0:0:0:2, 4:2:0:0:0, 1:1:0:0:0, 1:0:0:0:0, 2:0:0:0:1, 3:3:0:0:0, 3:2:0:0:0, 2:1:0:0:0, 3:1:0:0:1, 4:4:0:0:1, 4:4:0:0:1, 2:0:0:0:0, 4:0:0:0:2, 2:2:0:0:0, 2:3:0:0:0, 6:0:0:0:2, 2:3:0:0:0, 1:0:0:0:0, 0:0:0:0:0, 1:0:0:0:0, 1:0:0:0:0, 3:3:0:0:0, 3:3:0:0:0, 2:1:0:0:0, 3:1:0:0:0, 4:3:0:0:1, 6:5:0:0:1, 1:0:1:0:1, 4:0:0:0:2, 2:1:0:0:0, 1:1:0:0:0, 0:0:0:0:0, 2:0:0:0:2, 2:1:0:0:0, 1:1:0:0:0, 1:0:0:0:0, 2:0:0:0:1, 3:3:0:0:0, 3:2:0:0:0, 2:1:0:0:0, 3:1:0:0:1, 4:4:0:0:1, 5:3:0:0:1, 1:0:0:0:0, 4:0:0:0:2, 2:2:0:0:0, 3:2:0:0:0, 5:0:0:0:2, 2:3:0:0:0, 1:0:0:0:0, 2:2:0:0:0, 1:0:0:0:0, 2:1:0:0:0, 3:3:0:0:0, 3:3:0:0:0, 2:1:0:0:0, 1:0:0:0:0, 4:4:0:0:1, 6:6:0:0:2, 0:0:0:0:0, 3:0:0:0:5, 2:1:0:0:0, 1:1:0:0:0, 0:0:0:0:0, 3:0:0:0:2, 2:1:0:0:0, 1:1:0:0:0, 1:0:0:0:0, 0:0:0:0:0, 5:2:0:0:0, 6:2:0:0:0, 3:3:0:0:0, 1:0:0:0:0, 6:3:0:0:2, 4:6:0:0:4, 0:0:0:0:0, 2:0:0:0:2, 3:1:0:0:0, 3:3:1:0:1, 4:0:0:0:2, 2:2:0:0:0, 1:0:0:0:0, 2:2:0:0:0, 1:0:0:0:0, 1:0:0:0:0, 3:3:0:0:0, 5:6:0:0:0, 2:1:0:0:0, 1:0:0:0:0, 4:4:0:0:1, 4:9:0:0:2, 0:0:0:0:0, 2:0:0:0:4, 2:2:0:0:0, 1:1:0:0:0, 0:0:0:0:0, 4:0:0:0:3, 3:2:0:0:1, 2:2:0:0:0, 1:0:0:0:0, 1:0:0:0:0, 3:2:0:0:0, 4:5:0:0:1, 2:1:0:0:0, 1:0:0:0:1, 6:6:0:0:2, 3:6:0:0:2, 0:0:0:0:0, 3:0:0:0:4, 2:2:0:0:0, 3:4:0:0:1, 6:0:0:0:2, 2:3:0:0:0, 1:0:0:0:0, 2:2:0:0:0, 1:0:0:0:0, 1:0:0:0:0, 3:4:0:0:0, 3:5:0:0:0, 2:2:0:0:0,  , 5:3:0:0:2, 4:8:0:0:2, 0:0:0:0:0, 2:0:0:0:2, 2:3:0:0:0, 2:1:1:0:1, 0:0:0:0:0, 3:0:0:0:3, 2:3:0:0:0, 2:2:0:0:0, 3:3:0:0:1, 1:0:0:0:0, 3:4:0:0:0, 3:4:0:0:0, 2:1:0:0:0, 3:3:0:0:5, 5:3:0:0:1, 4:8:0:0:2, 2:1:0:0:1, 3:0:0:0:4, 2:3:0:0:0, 3:2:0:0:0, 4:0:0:0:2, 2:2:0:0:0, 2:0:0:0:1, 2:2:0:0:0, 1:0:0:0:0, 1:0:0:0:0, 3:3:0:0:0, 3:2:0:0:0, 2:1:0:0:0, 1:0:0:0:0, 4:4:0:0:2, 4:6:0:0:4, 0:0:0:0:0, 2:0:0:0:2, 2:3:0:0:0, 2:1:0:0:0, 0:0:0:0:0, 2:0:0:0:3, 2:1:0:0:0, 2:1:0:0:0, 1:0:0:0:0, 0:0:0:0:0, 3:3:0:0:0, 4:4:0:0:0, 2:2:0:0:0,  , 4:5:0:0:2, 4:6:0:0:1, 0:0:0:0:0, 2:0:0:0:3, 2:2:0:0:0, 2:3:0:0:0, 6:1:0:0:3, 2:3:0:0:0, 1:0:0:0:0, 2:2:0:0:0, 1:0:0:0:0, 2:1:0:0:0, 4:4:0:0:1, 3:4:0:0:0, 2:1:0:0:0, 1:0:0:0:1, 5:5:0:0:3, 4:7:0:0:4, 1:0:0:0:1, 4:0:0:0:4, 2:2:0:0:0, 2:1:0:0:0, 2:0:0:0:2, 5:0:0:0:3, 2:2:0:0:0, 2:1:0:0:0, 1:0:0:0:0, 1:0:0:0:0, 3:2:0:0:0, 3:2:0:0:0, 2:2:0:0:0, 2:0:0:0:1, 5:5:0:0:3, 3:3:0:0:1, 0:0:0:0:0, 2:0:0:0:6, 2:3:0:0:0, 3:2:0:0:0, 6:0:0:0:2, 2:2:0:0:0, 1:0:0:0:0, 2:2:0:0:0, 1:0:0:0:0, 1:0:0:0:0, 3:5:0:0:0, 5:5:0:0:0, 2:2:0:0:0, 1:0:0:0:0, 5:5:0:0:3, 4:9:0:0:2, 1:0:0:0:0, 3:0:0:0:6, 2:2:0:0:0, 1:2:0:0:0, 2:0:0:0:1, 4:0:0:0:3, 2:2:0:0:0, 4:2:0:0:1, 1:0:0:0:0, 3:1:0:0:1, 4:2:0:0:1, 5:5:0:0:2, 3:1:0:0:1, 1:0:0:0:1, 4:3:0:0:1, 5:6:0:0:2, 0:0:0:0:0, 3:0:0:0:6, 2:1:0:0:0, 5:3:0:0:1, 4:0:0:0:2, 2:2:0:0:0, 1:0:0:0:0, 2:2:0:0:0, 1:0:0:0:0, 1:0:0:0:0, 3:3:0:0:0, 4:2:0:0:1, 2:1:0:0:0, 2:0:0:0:1, 4:3:0:0:1, 4:6:0:0:2, 0:0:0:0:0, 2:0:0:0:2, 5:3:1:0:6, 4:2:0:0:0, 1:0:0:0:0, 2:0:0:0:2, 3:2:0:0:0, 2:1:0:0:0, 1:0:0:0:0, 2:0:0:0:1, 3:2:0:0:0, 4:6:0:0:0, 2:2:0:0:0, 3:2:0:0:1, 7:5:0:0:3, 4:7:0:0:1, 0:0:0:0:0, 4:0:0:0:3, 3:1:0:0:0, 2:2:0:0:0, 5:0:0:0:3, 2:2:0:0:0, 1:0:0:0:0, 2:2:0:0:0, 1:0:0:0:0, 0:0:0:0:0, 3:2:0:0:0, 3:3:0:0:0, 2:2:0:0:0, 1:0:0:0:1, 4:4:0:0:1, 3:3:0:0:1, 0:0:0:0:0, 2:0:0:0:3, 2:2:0:0:0, 1:1:0:0:0, 0:0:0:0:0, 2:0:0:0:5, 2:2:0:0:0, 3:1:0:0:0, 1:0:0:0:0, 0:0:0:0:0, 4:5:2:0:2, 3:2:0:0:0, 2:3:0:0:0,  , 6:6:0:0:2, 3:5:0:0:2, 0:0:0:0:0, 5:1:0:0:2, 2:1:0:0:0, 2:3:0:0:0, 4:0:0:0:2, 2:2:0:0:0, 1:0:0:0:0, 2:2:0:0:0, 1:0:0:0:0, 2:1:0:0:0, 3:4:0:0:0, 4:4:0:0:1, 2:1:0:0:0, 1:2:0:0:0, 5:7:0:0:2, 4:3:0:0:1, 0:0:0:0:0, 3:0:0:0:6, 2:3:0:0:0, 1:1:0:0:0, 1:0:0:0:0, 6:1:0:0:2, 3:1:0:0:1, 2:2:0:0:0, 1:0:0:0:0, 1:0:0:0:0, 3:2:0:0:0, 5:5:0:0:2, 3:6:0:0:0, 2:0:0:0:1, 4:3:0:0:1, 5:3:0:0:1, 1:0:0:0:1, 4:0:0:0:5, 2:4:0:0:0, 3:2:0:0:0, 7:0:0:0:2, 2:3:0:0:0, 2:1:0:0:0, 3:2:0:0:1, 0:0:0:0:0, 0:0:0:0:0, 0:0:0:0:0, 0:0:0:0:0, 860:591:6:0:264
F aeolian (1b), 0:0:0:0:0, 0:0:0:0:0, 1:0:0:0:0, 2:0:0:0:0, 1:0:0:0:0, 0:0:0:0:0, 1:0:0:0:0, 2:0:0:0:0, 3:0:0:0:0, 1:0:0:0:0, 5:4:0:0:4, 0:0:0:0:0, 0:0:0:0:0, 1:0:0:0:0, 6:4:0:0:4, 2:0:0:0:0, 0:0:0:0:0, 0:0:0:0:0, 1:0:0:0:0, 2:0:0:0:0, 1:0:0:0:0, 0:0:0:0:0, 1:0:0:0:0, 2:0:0:0:0, 3:0:0:0:0, 1:0:0:0:0, 6:4:0:0:4, 0:0:0:0:0, 1:1:0:0:1, 6:4:0:0:4, 0:0:0:0:0, 0:0:0:0:0, 0:0:0:0:0, 1:0:0:0:0, 0:0:0:0:0, 2:0:0:0:0, 1:0:0:0:0, 0:0:0:0:0, 2:0:0:0:0, 2:0:0:0:0, 4:0:0:0:0, 1:0:0:0:0, 6:3:0:0:3, 0:0:0:0:0, 0:0:0:0:0, 0:0:0:0:0, 4:3:0:0:3, 0:0:0:0:0, 0:0:0:0:0, 0:0:0:0:0, 1:0:0:0:0, 2:0:0:0:0, 1:0:0:0:0, 0:0:0:0:0, 1:0:0:0:0, 2:0:0:0:0, 3:0:0:0:0, 0:0:0:0:0, 6:4:0:0:4, 0:0:0:0:0, 2:1:0:0:1, 5:3:0:0:3, 0:0:0:0:0, 0:0:0:0:0, 0:0:0:0:0, 0:0:0:0:0, 0:0:0:0:0, 2:0:0:0:0, 1:0:0:0:0, 0:0:0:0:0, 0:0:0:0:0, 2:0:0:0:0, 4:0:0:0:0, 0:0:0:0:0, 5:5:0:0:5, 0:0:0:0:0, 0:0:0:0:0, 0:0:0:0:0, 5:3:0:0:3, 0:0:0:0:0, 0:0:0:0:0, 0:0:0:0:0, 0:0:0:0:0, 5:0:0:0:0, 4:0:0:0:0, 1:0:0:0:0, 0:0:0:0:0, 4:0:0:0:0, 3:0:0:0:0, 0:0:0:0:0, 4:3:0:0:3, 1:0:0:0:0, 2:3:1:0:4, 4:3:0:0:3, 0:0:0:0:0, 0:0:0:0:0, 0:0:0:0:0, 0:0:0:0:0, 0:0:0:0:0, 2:0:0:0:0, 3:0:0:0:0, 0:0:0:0:0, 0:0:0:0:0, 2:0:0:0:0, 3:0:0:0:0, 0:0:0:0:0, 4:5:0:0:5, 0:0:0:0:0, 0:0:0:0:0, 0:0:0:0:0, 6:3:0:0:3, 1:0:0:0:0, 0:0:0:0:0, 0:0:0:0:0, 0:0:0:0:0, 2:0:0:0:0, 2:0:0:0:0, 0:0:0:0:0, 1:1:0:0:1, 4:0:0:0:0, 2:0:0:0:0, 0:0:0:0:0, 5:5:0:0:5, 0:0:0:0:0, 2:1:0:0:1, 6:3:0:0:3, 0:0:0:0:0, 0:0:0:0:0, 0:0:0:0:0, 0:0:0:0:0, 0:0:0:0:0, 3:0:0:0:0, 1:0:0:0:0, 0:0:0:0:0,  , 3:0:0:0:0, 3:0:0:0:0, 0:0:0:0:0, 4:3:0:0:3, 0:0:0:0:0, 1:0:0:0:0, 0:0:0:0:0, 5:5:0:0:5, 0:0:0:0:0, 0:0:0:0:0, 1:1:0:0:1, 0:0:0:0:0, 2:0:0:0:0, 1:0:0:0:0, 0:0:0:0:0, 2:0:0:0:0, 3:0:0:0:0, 3:0:0:0:0, 1:1:0:0:1, 5:5:0:0:5, 0:0:0:0:0, 1:1:0:0:1, 4:3:0:0:3, 0:0:0:0:0, 0:0:0:0:0, 0:0:0:0:0, 0:0:0:0:0, 0:0:0:0:0, 2:0:0:0:0, 1:0:0:0:0, 0:0:0:0:0, 0:0:0:0:0, 2:0:0:0:0, 2:0:0:0:0, 0:0:0:0:0, 4:3:0:0:3, 0:0:0:0:0, 0:0:0:0:0, 0:0:0:0:0, 4:5:0:0:5, 0:0:0:0:0, 0:0:0:0:0, 0:0:0:0:0, 0:0:0:0:0, 2:0:0:0:0, 2:0:0:0:0, 0:0:0:0:0,  , 2:0:0:0:0, 3:0:0:0:0, 0:0:0:0:0, 4:5:0:0:5, 0:0:0:0:0, 1:2:0:0:2, 6:3:0:0:3, 0:0:0:0:0, 0:0:0:0:0, 0:0:0:0:0, 0:0:0:0:0, 0:0:0:0:0, 2:0:0:0:0, 1:0:0:0:0, 0:0:0:0:0, 1:1:0:0:1, 3:0:0:0:0, 3:0:0:0:0, 2:1:0:0:1, 6:8:0:0:8, 0:0:0:0:0, 0:0:0:0:0, 1:0:0:0:0, 7:3:0:0:3, 0:0:0:0:0, 0:0:0:0:0, 0:0:0:0:0, 0:0:0:0:0, 2:0:0:0:0, 1:0:0:0:0, 0:0:0:0:0, 0:0:0:0:0, 3:1:0:0:1, 2:0:0:0:0, 0:0:0:0:0, 4:7:0:0:7, 0:0:0:0:0, 1:2:0:0:2, 6:3:0:0:3, 0:0:0:0:0, 0:0:0:0:0, 0:0:0:0:0, 0:0:0:0:0, 0:0:0:0:0, 2:0:0:0:0, 3:0:0:0:0, 0:0:0:0:0, 0:0:0:0:0, 3:0:0:0:0, 3:0:0:0:0, 0:0:0:0:0, 5:7:0:0:7, 0:0:0:0:0, 0:0:0:0:0, 1:0:0:0:0, 6:4:0:0:4, 0:0:0:0:0, 2:0:0:0:0, 0:0:0:0:0, 1:0:0:0:0, 2:0:0:0:0, 3:0:0:0:0, 1:0:0:0:0, 0:0:0:0:0, 2:0:0:0:0, 3:0:0:0:0, 0:0:0:0:0, 5:7:0:0:7, 0:0:0:0:0, 3:1:0:0:1, 4:3:0:0:3, 0:0:0:0:0, 0:0:0:0:0, 0:0:0:0:0, 0:0:0:0:0, 0:0:0:0:0, 2:0:0:0:0, 2:0:0:0:0, 0:0:0:0:0, 0:0:0:0:0, 2:0:0:0:0, 2:0:0:0:0, 0:0:0:0:0, 4:3:0:0:3, 3:3:1:0:4, 2:1:0:0:1, 0:0:0:0:0, 4:4:0:0:4, 1:1:0:0:1, 0:0:0:0:0, 0:0:0:0:0, 0:0:0:0:0, 2:0:0:0:0, 2:0:0:0:0, 0:0:0:0:0, 1:1:0:0:1, 5:0:0:0:0, 3:0:0:0:0, 0:0:0:0:0, 6:4:0:0:4, 1:1:0:0:1, 1:1:0:0:1, 5:4:0:0:4, 0:0:0:0:0, 0:0:0:0:0, 0:0:0:0:0, 0:0:0:0:0, 0:0:0:0:0, 2:0:0:0:0, 1:0:0:0:0, 0:0:0:0:0, 1:0:0:0:0, 2:0:0:0:0, 2:0:0:0:0, 0:0:0:0:0, 4:4:0:0:4, 0:0:0:0:0, 0:0:0:0:0, 0:0:0:0:0, 4:6:0:0:6, 0:0:0:0:0, 1:1:0:0:1, 0:0:0:0:0, 0:0:0:0:0, 3:0:2:0:2, 1:0:0:0:0, 0:0:0:0:0,  , 4:0:0:0:0, 2:0:0:0:0, 0:0:0:0:0, 7:3:0:0:3, 0:0:0:0:0, 1:2:0:0:2, 4:3:0:0:3, 0:0:0:0:0, 0:0:0:0:0, 0:0:0:0:0, 0:0:0:0:0, 0:0:0:0:0, 2:0:0:0:0, 2:0:0:0:0, 0:0:0:0:0, 0:0:0:0:0, 3:0:0:0:0, 2:0:0:0:0, 0:0:0:0:0, 5:6:0:0:6, 0:0:0:0:0, 0:0:0:0:0, 0:0:0:0:0, 8:4:0:0:4, 1:0:0:0:0, 0:0:0:0:0, 0:0:0:0:0, 0:0:0:0:0, 2:0:0:0:0, 3:0:0:0:0, 1:0:0:0:0, 0:0:0:0:0, 2:0:0:0:0, 3:0:0:0:0, 1:0:0:0:0, 6:5:0:0:5, 0:0:0:0:0, 1:1:0:0:1, 7:3:0:0:3, 0:0:0:0:0, 0:0:0:0:0, 2:0:0:0:0, 0:0:0:0:0, 0:0:0:0:0, 0:0:0:0:0, 0:0:0:0:0, 497:212:4:0:216
G aeolian (1#), 0:0:0:0:0, 1:0:0:0:0, 2:0:0:0:1, 3:3:0:0:0, 3:2:0:0:0, 2:1:0:0:0, 3:1:0:0:1, 4:4:0:0:1, 4:4:0:0:1, 2:0:0:0:0, 3:0:0:0:2, 2:2:0:0:0, 1:2:0:0:0, 2:0:0:0:0, 4:0:0:0:2, 4:2:0:0:0, 1:1:0:0:0, 1:0:0:0:0, 2:0:0:0:1, 3:3:0:0:0, 3:2:0:0:0, 2:1:0:0:0, 3:1:0:0:1, 4:4:0:0:1, 4:4:0:0:1, 2:0:0:0:0, 4:0:0:0:2, 2:2:0:0:0, 2:3:0:0:0, 6:0:0:0:2, 2:3:0:0:0, 1:0:0:0:0, 0:0:0:0:0, 1:0:0:0:0, 1:0:0:0:0, 3:3:0:0:0, 3:3:0:0:0, 2:1:0:0:0, 3:1:0:0:0, 4:3:0:0:1, 6:5:0:0:1, 1:0:1:0:1, 4:0:0:0:2, 2:1:0:0:0, 1:1:0:0:0, 0:0:0:0:0, 2:0:0:0:2, 2:1:0:0:0, 1:1:0:0:0, 1:0:0:0:0, 2:0:0:0:1, 3:3:0:0:0, 3:2:0:0:0, 2:1:0:0:0, 3:1:0:0:1, 4:4:0:0:1, 5:3:0:0:1, 1:0:0:0:0, 4:0:0:0:2, 2:2:0:0:0, 3:2:0:0:0, 5:0:0:0:2, 2:3:0:0:0, 1:0:0:0:0, 2:2:0:0:0, 1:0:0:0:0, 2:1:0:0:0, 3:3:0:0:0, 3:3:0:0:0, 2:1:0:0:0, 1:0:0:0:0, 4:4:0:0:1, 6:6:0:0:2, 0:0:0:0:0, 3:0:0:0:5, 2:1:0:0:0, 1:1:0:0:0, 0:0:0:0:0, 3:0:0:0:2, 2:1:0:0:0, 1:1:0:0:0, 1:0:0:0:0, 0:0:0:0:0, 5:2:0:0:0, 6:2:0:0:0, 3:3:0:0:0, 1:0:0:0:0, 6:3:0:0:2, 4:6:0:0:4, 0:0:0:0:0, 2:0:0:0:2, 3:1:0:0:0, 3:3:1:0:1, 4:0:0:0:2, 2:2:0:0:0, 1:0:0:0:0, 2:2:0:0:0, 1:0:0:0:0, 1:0:0:0:0, 3:3:0:0:0, 5:6:0:0:0, 2:1:0:0:0, 1:0:0:0:0, 4:4:0:0:1, 4:9:0:0:2, 0:0:0:0:0, 2:0:0:0:4, 2:2:0:0:0, 1:1:0:0:0, 0:0:0:0:0, 4:0:0:0:3, 3:2:0:0:1, 2:2:0:0:0, 1:0:0:0:0, 1:0:0:0:0, 3:2:0:0:0, 4:5:0:0:1, 2:1:0:0:0, 1:0:0:0:1, 6:6:0:0:2, 3:6:0:0:2, 0:0:0:0:0, 3:0:0:0:4, 2:2:0:0:0, 3:4:0:0:1, 6:0:0:0:2, 2:3:0:0:0, 1:0:0:0:0, 2:2:0:0:0, 1:0:0:0:0, 1:0:0:0:0, 3:4:0:0:0, 3:5:0:0:0, 2:2:0:0:0,  , 5:3:0:0:2, 4:8:0:0:2, 0:0:0:0:0, 2:0:0:0:2, 2:3:0:0:0, 2:1:1:0:1, 0:0:0:0:0, 3:0:0:0:3, 2:3:0:0:0, 2:2:0:0:0, 3:3:0:0:1, 1:0:0:0:0, 3:4:0:0:0, 3:4:0:0:0, 2:1:0:0:0, 3:3:0:0:5, 5:3:0:0:1, 4:8:0:0:2, 2:1:0:0:1, 3:0:0:0:4, 2:3:0:0:0, 3:2:0:0:0, 4:0:0:0:2, 2:2:0:0:0, 2:0:0:0:1, 2:2:0:0:0, 1:0:0:0:0, 1:0:0:0:0, 3:3:0:0:0, 3:2:0:0:0, 2:1:0:0:0, 1:0:0:0:0, 4:4:0:0:2, 4:6:0:0:4, 0:0:0:0:0, 2:0:0:0:2, 2:3:0:0:0, 2:1:0:0:0, 0:0:0:0:0, 2:0:0:0:3, 2:1:0:0:0, 2:1:0:0:0, 1:0:0:0:0, 0:0:0:0:0, 3:3:0:0:0, 4:4:0:0:0, 2:2:0:0:0,  , 4:5:0:0:2, 4:6:0:0:1, 0:0:0:0:0, 2:0:0:0:3, 2:2:0:0:0, 2:3:0:0:0, 6:1:0:0:3, 2:3:0:0:0, 1:0:0:0:0, 2:2:0:0:0, 1:0:0:0:0, 2:1:0:0:0, 4:4:0:0:1, 3:4:0:0:0, 2:1:0:0:0, 1:0:0:0:1, 5:5:0:0:3, 4:7:0:0:4, 1:0:0:0:1, 4:0:0:0:4, 2:2:0:0:0, 2:1:0:0:0, 2:0:0:0:2, 5:0:0:0:3, 2:2:0:0:0, 2:1:0:0:0, 1:0:0:0:0, 1:0:0:0:0, 3:2:0:0:0, 3:2:0:0:0, 2:2:0:0:0, 2:0:0:0:1, 5:5:0:0:3, 3:3:0:0:1, 0:0:0:0:0, 2:0:0:0:6, 2:3:0:0:0, 3:2:0:0:0, 6:0:0:0:2, 2:2:0:0:0, 1:0:0:0:0, 2:2:0:0:0, 1:0:0:0:0, 1:0:0:0:0, 3:5:0:0:0, 5:5:0:0:0, 2:2:0:0:0, 1:0:0:0:0, 5:5:0:0:3, 4:9:0:0:2, 1:0:0:0:0, 3:0:0:0:6, 2:2:0:0:0, 1:2:0:0:0, 2:0:0:0:1, 4:0:0:0:3, 2:2:0:0:0, 4:2:0:0:1, 1:0:0:0:0, 3:1:0:0:1, 4:2:0:0:1, 5:5:0:0:2, 3:1:0:0:1, 1:0:0:0:1, 4:3:0:0:1, 5:6:0:0:2, 0:0:0:0:0, 3:0:0:0:6, 2:1:0:0:0, 5:3:0:0:1, 4:0:0:0:2, 2:2:0:0:0, 1:0:0:0:0, 2:2:0:0:0, 1:0:0:0:0, 1:0:0:0:0, 3:3:0:0:0, 4:2:0:0:1, 2:1:0:0:0, 2:0:0:0:1, 4:3:0:0:1, 4:6:0:0:2, 0:0:0:0:0, 2:0:0:0:2, 5:3:1:0:6, 4:2:0:0:0, 1:0:0:0:0, 2:0:0:0:2, 3:2:0:0:0, 2:1:0:0:0, 1:0:0:0:0, 2:0:0:0:1, 3:2:0:0:0, 4:6:0:0:0, 2:2:0:0:0, 3:2:0:0:1, 7:5:0:0:3, 4:7:0:0:1, 0:0:0:0:0, 4:0:0:0:3, 3:1:0:0:0, 2:2:0:0:0, 5:0:0:0:3, 2:2:0:0:0, 1:0:0:0:0, 2:2:0:0:0, 1:0:0:0:0, 0:0:0:0:0, 3:2:0:0:0, 3:3:0:0:0, 2:2:0:0:0, 1:0:0:0:1, 4:4:0:0:1, 3:3:0:0:1, 0:0:0:0:0, 2:0:0:0:3, 2:2:0:0:0, 1:1:0:0:0, 0:0:0:0:0, 2:0:0:0:5, 2:2:0:0:0, 3:1:0:0:0, 1:0:0:0:0, 0:0:0:0:0, 4:5:2:0:2, 3:2:0:0:0, 2:3:0:0:0,  , 6:6:0:0:2, 3:5:0:0:2, 0:0:0:0:0, 5:1:0:0:2, 2:1:0:0:0, 2:3:0:0:0, 4:0:0:0:2, 2:2:0:0:0, 1:0:0:0:0, 2:2:0:0:0, 1:0:0:0:0, 2:1:0:0:0, 3:4:0:0:0, 4:4:0:0:1, 2:1:0:0:0, 1:2:0:0:0, 5:7:0:0:2, 4:3:0:0:1, 0:0:0:0:0, 3:0:0:0:6, 2:3:0:0:0, 1:1:0:0:0, 1:0:0:0:0, 6:1:0:0:2, 3:1:0:0:1, 2:2:0:0:0, 1:0:0:0:0, 1:0:0:0:0, 3:2:0:0:0, 5:5:0:0:2, 3:6:0:0:0, 2:0:0:0:1, 4:3:0:0:1, 5:3:0:0:1, 1:0:0:0:1, 4:0:0:0:5, 2:4:0:0:0, 3:2:0:0:0, 7:0:0:0:2, 2:3:0:0:0, 2:1:0:0:0, 3:2:0:0:1, 0:0:0:0:0, 0:0:0:0:0, 0:0:0:0:0, 0:0:0:0:0, 860:591:6:0:264
F locrian (1b), 0:0:0:0:0, 0:0:0:0:0, 1:0:0:0:0, 2:0:0:0:0, 1:0:0:0:0, 0:0:0:0:0, 1:0:0:0:0, 2:0:0:0:0, 3:0:0:0:0, 1:0:0:0:0, 5:4:0:0:4, 0:0:0:0:0, 0:0:0:0:0, 1:0:0:0:0, 6:4:0:0:4, 2:0:0:0:0, 0:0:0:0:0, 0:0:0:0:0, 1:0:0:0:0, 2:0:0:0:0, 1:0:0:0:0, 0:0:0:0:0, 1:0:0:0:0, 2:0:0:0:0, 3:0:0:0:0, 1:0:0:0:0, 6:4:0:0:4, 0:0:0:0:0, 1:1:0:0:1, 6:4:0:0:4, 0:0:0:0:0, 0:0:0:0:0, 0:0:0:0:0, 1:0:0:0:0, 0:0:0:0:0, 2:0:0:0:0, 1:0:0:0:0, 0:0:0:0:0, 2:0:0:0:0, 2:0:0:0:0, 4:0:0:0:0, 1:0:0:0:0, 6:3:0:0:3, 0:0:0:0:0, 0:0:0:0:0, 0:0:0:0:0, 4:3:0:0:3, 0:0:0:0:0, 0:0:0:0:0, 0:0:0:0:0, 1:0:0:0:0, 2:0:0:0:0, 1:0:0:0:0, 0:0:0:0:0, 1:0:0:0:0, 2:0:0:0:0, 3:0:0:0:0, 0:0:0:0:0, 6:4:0:0:4, 0:0:0:0:0, 2:1:0:0:1, 5:3:0:0:3, 0:0:0:0:0, 0:0:0:0:0, 0:0:0:0:0, 0:0:0:0:0, 0:0:0:0:0, 2:0:0:0:0, 1:0:0:0:0, 0:0:0:0:0, 0:0:0:0:0, 2:0:0:0:0, 4:0:0:0:0, 0:0:0:0:0, 5:5:0:0:5, 0:0:0:0:0, 0:0:0:0:0, 0:0:0:0:0, 5:3:0:0:3, 0:0:0:0:0, 0:0:0:0:0, 0:0:0:0:0, 0:0:0:0:0, 5:0:0:0:0, 4:0:0:0:0, 1:0:0:0:0, 0:0:0:0:0, 4:0:0:0:0, 3:0:0:0:0, 0:0:0:0:0, 4:3:0:0:3, 1:0:0:0:0, 2:3:1:0:4, 4:3:0:0:3, 0:0:0:0:0, 0:0:0:0:0, 0:0:0:0:0, 0:0:0:0:0, 0:0:0:0:0, 2:0:0:0:0, 3:0:0:0:0, 0:0:0:0:0, 0:0:0:0:0, 2:0:0:0:0, 3:0:0:0:0, 0:0:0:0:0, 4:5:0:0:5, 0:0:0:0:0, 0:0:0:0:0, 0:0:0:0:0, 6:3:0:0:3, 1:0:0:0:0, 0:0:0:0:0, 0:0:0:0:0, 0:0:0:0:0, 2:0:0:0:0, 2:0:0:0:0, 0:0:0:0:0, 1:1:0:0:1, 4:0:0:0:0, 2:0:0:0:0, 0:0:0:0:0, 5:5:0:0:5, 0:0:0:0:0, 2:1:0:0:1, 6:3:0:0:3, 0:0:0:0:0, 0:0:0:0:0, 0:0:0:0:0, 0:0:0:0:0, 0:0:0:0:0, 3:0:0:0:0, 1:0:0:0:0, 0:0:0:0:0,  , 3:0:0:0:0, 3:0:0:0:0, 0:0:0:0:0, 4:3:0:0:3, 0:0:0:0:0, 1:0:0:0:0, 0:0:0:0:0, 5:5:0:0:5, 0:0:0:0:0, 0:0:0:0:0, 1:1:0:0:1, 0:0:0:0:0, 2:0:0:0:0, 1:0:0:0:0, 0:0:0:0:0, 2:0:0:0:0, 3:0:0:0:0, 3:0:0:0:0, 1:1:0:0:1, 5:5:0:0:5, 0:0:0:0:0, 1:1:0:0:1, 4:3:0:0:3, 0:0:0:0:0, 0:0:0:0:0, 0:0:0:0:0, 0:0:0:0:0, 0:0:0:0:0, 2:0:0:0:0, 1:0:0:0:0, 0:0:0:0:0, 0:0:0:0:0, 2:0:0:0:0, 2:0:0:0:0, 0:0:0:0:0, 4:3:0:0:3, 0:0:0:0:0, 0:0:0:0:0, 0:0:0:0:0, 4:5:0:0:5, 0:0:0:0:0, 0:0:0:0:0, 0:0:0:0:0, 0:0:0:0:0, 2:0:0:0:0, 2:0:0:0:0, 0:0:0:0:0,  , 2:0:0:0:0, 3:0:0:0:0, 0:0:0:0:0, 4:5:0:0:5, 0:0:0:0:0, 1:2:0:0:2, 6:3:0:0:3, 0:0:0:0:0, 0:0:0:0:0, 0:0:0:0:0, 0:0:0:0:0, 0:0:0:0:0, 2:0:0:0:0, 1:0:0:0:0, 0:0:0:0:0, 1:1:0:0:1, 3:0:0:0:0, 3:0:0:0:0, 2:1:0:0:1, 6:8:0:0:8, 0:0:0:0:0, 0:0:0:0:0, 1:0:0:0:0, 7:3:0:0:3, 0:0:0:0:0, 0:0:0:0:0, 0:0:0:0:0, 0:0:0:0:0, 2:0:0:0:0, 1:0:0:0:0, 0:0:0:0:0, 0:0:0:0:0, 3:1:0:0:1, 2:0:0:0:0, 0:0:0:0:0, 4:7:0:0:7, 0:0:0:0:0, 1:2:0:0:2, 6:3:0:0:3, 0:0:0:0:0, 0:0:0:0:0, 0:0:0:0:0, 0:0:0:0:0, 0:0:0:0:0, 2:0:0:0:0, 3:0:0:0:0, 0:0:0:0:0, 0:0:0:0:0, 3:0:0:0:0, 3:0:0:0:0, 0:0:0:0:0, 5:7:0:0:7, 0:0:0:0:0, 0:0:0:0:0, 1:0:0:0:0, 6:4:0:0:4, 0:0:0:0:0, 2:0:0:0:0, 0:0:0:0:0, 1:0:0:0:0, 2:0:0:0:0, 3:0:0:0:0, 1:0:0:0:0, 0:0:0:0:0, 2:0:0:0:0, 3:0:0:0:0, 0:0:0:0:0, 5:7:0:0:7, 0:0:0:0:0, 3:1:0:0:1, 4:3:0:0:3, 0:0:0:0:0, 0:0:0:0:0, 0:0:0:0:0, 0:0:0:0:0, 0:0:0:0:0, 2:0:0:0:0, 2:0:0:0:0, 0:0:0:0:0, 0:0:0:0:0, 2:0:0:0:0, 2:0:0:0:0, 0:0:0:0:0, 4:3:0:0:3, 3:3:1:0:4, 2:1:0:0:1, 0:0:0:0:0, 4:4:0:0:4, 1:1:0:0:1, 0:0:0:0:0, 0:0:0:0:0, 0:0:0:0:0, 2:0:0:0:0, 2:0:0:0:0, 0:0:0:0:0, 1:1:0:0:1, 5:0:0:0:0, 3:0:0:0:0, 0:0:0:0:0, 6:4:0:0:4, 1:1:0:0:1, 1:1:0:0:1, 5:4:0:0:4, 0:0:0:0:0, 0:0:0:0:0, 0:0:0:0:0, 0:0:0:0:0, 0:0:0:0:0, 2:0:0:0:0, 1:0:0:0:0, 0:0:0:0:0, 1:0:0:0:0, 2:0:0:0:0, 2:0:0:0:0, 0:0:0:0:0, 4:4:0:0:4, 0:0:0:0:0, 0:0:0:0:0, 0:0:0:0:0, 4:6:0:0:6, 0:0:0:0:0, 1:1:0:0:1, 0:0:0:0:0, 0:0:0:0:0, 3:0:2:0:2, 1:0:0:0:0, 0:0:0:0:0,  , 4:0:0:0:0, 2:0:0:0:0, 0:0:0:0:0, 7:3:0:0:3, 0:0:0:0:0, 1:2:0:0:2, 4:3:0:0:3, 0:0:0:0:0, 0:0:0:0:0, 0:0:0:0:0, 0:0:0:0:0, 0:0:0:0:0, 2:0:0:0:0, 2:0:0:0:0, 0:0:0:0:0, 0:0:0:0:0, 3:0:0:0:0, 2:0:0:0:0, 0:0:0:0:0, 5:6:0:0:6, 0:0:0:0:0, 0:0:0:0:0, 0:0:0:0:0, 8:4:0:0:4, 1:0:0:0:0, 0:0:0:0:0, 0:0:0:0:0, 0:0:0:0:0, 2:0:0:0:0, 3:0:0:0:0, 1:0:0:0:0, 0:0:0:0:0, 2:0:0:0:0, 3:0:0:0:0, 1:0:0:0:0, 6:5:0:0:5, 0:0:0:0:0, 1:1:0:0:1, 7:3:0:0:3, 0:0:0:0:0, 0:0:0:0:0, 2:0:0:0:0, 0:0:0:0:0, 0:0:0:0:0, 0:0:0:0:0, 0:0:0:0:0, 497:212:4:0:216
G locrian (1#), 0:0:0:0:0, 1:0:0:0:0, 2:0:0:0:1, 3:3:0:0:0, 3:2:0:0:0, 2:1:0:0:0, 3:1:0:0:1, 4:4:0:0:1, 4:4:0:0:1, 2:0:0:0:0, 3:0:0:0:2, 2:2:0:0:0, 1:2:0:0:0, 2:0:0:0:0, 4:0:0:0:2, 4:2:0:0:0, 1:1:0:0:0, 1:0:0:0:0, 2:0:0:0:1, 3:3:0:0:0, 3:2:0:0:0, 2:1:0:0:0, 3:1:0:0:1, 4:4:0:0:1, 4:4:0:0:1, 2:0:0:0:0, 4:0:0:0:2, 2:2:0:0:0, 2:3:0:0:0, 6:0:0:0:2, 2:3:0:0:0, 1:0:0:0:0, 0:0:0:0:0, 1:0:0:0:0, 1:0:0:0:0, 3:3:0:0:0, 3:3:0:0:0, 2:1:0:0:0, 3:1:0:0:0, 4:3:0:0:1, 6:5:0:0:1, 1:0:1:0:1, 4:0:0:0:2, 2:1:0:0:0, 1:1:0:0:0, 0:0:0:0:0, 2:0:0:0:2, 2:1:0:0:0, 1:1:0:0:0, 1:0:0:0:0, 2:0:0:0:1, 3:3:0:0:0, 3:2:0:0:0, 2:1:0:0:0, 3:1:0:0:1, 4:4:0:0:1, 5:3:0:0:1, 1:0:0:0:0, 4:0:0:0:2, 2:2:0:0:0, 3:2:0:0:0, 5:0:0:0:2, 2:3:0:0:0, 1:0:0:0:0, 2:2:0:0:0, 1:0:0:0:0, 2:1:0:0:0, 3:3:0:0:0, 3:3:0:0:0, 2:1:0:0:0, 1:0:0:0:0, 4:4:0:0:1, 6:6:0:0:2, 0:0:0:0:0, 3:0:0:0:5, 2:1:0:0:0, 1:1:0:0:0, 0:0:0:0:0, 3:0:0:0:2, 2:1:0:0:0, 1:1:0:0:0, 1:0:0:0:0, 0:0:0:0:0, 5:2:0:0:0, 6:2:0:0:0, 3:3:0:0:0, 1:0:0:0:0, 6:3:0:0:2, 4:6:0:0:4, 0:0:0:0:0, 2:0:0:0:2, 3:1:0:0:0, 3:3:1:0:1, 4:0:0:0:2, 2:2:0:0:0, 1:0:0:0:0, 2:2:0:0:0, 1:0:0:0:0, 1:0:0:0:0, 3:3:0:0:0, 5:6:0:0:0, 2:1:0:0:0, 1:0:0:0:0, 4:4:0:0:1, 4:9:0:0:2, 0:0:0:0:0, 2:0:0:0:4, 2:2:0:0:0, 1:1:0:0:0, 0:0:0:0:0, 4:0:0:0:3, 3:2:0:0:1, 2:2:0:0:0, 1:0:0:0:0, 1:0:0:0:0, 3:2:0:0:0, 4:5:0:0:1, 2:1:0:0:0, 1:0:0:0:1, 6:6:0:0:2, 3:6:0:0:2, 0:0:0:0:0, 3:0:0:0:4, 2:2:0:0:0, 3:4:0:0:1, 6:0:0:0:2, 2:3:0:0:0, 1:0:0:0:0, 2:2:0:0:0, 1:0:0:0:0, 1:0:0:0:0, 3:4:0:0:0, 3:5:0:0:0, 2:2:0:0:0,  , 5:3:0:0:2, 4:8:0:0:2, 0:0:0:0:0, 2:0:0:0:2, 2:3:0:0:0, 2:1:1:0:1, 0:0:0:0:0, 3:0:0:0:3, 2:3:0:0:0, 2:2:0:0:0, 3:3:0:0:1, 1:0:0:0:0, 3:4:0:0:0, 3:4:0:0:0, 2:1:0:0:0, 3:3:0:0:5, 5:3:0:0:1, 4:8:0:0:2, 2:1:0:0:1, 3:0:0:0:4, 2:3:0:0:0, 3:2:0:0:0, 4:0:0:0:2, 2:2:0:0:0, 2:0:0:0:1, 2:2:0:0:0, 1:0:0:0:0, 1:0:0:0:0, 3:3:0:0:0, 3:2:0:0:0, 2:1:0:0:0, 1:0:0:0:0, 4:4:0:0:2, 4:6:0:0:4, 0:0:0:0:0, 2:0:0:0:2, 2:3:0:0:0, 2:1:0:0:0, 0:0:0:0:0, 2:0:0:0:3, 2:1:0:0:0, 2:1:0:0:0, 1:0:0:0:0, 0:0:0:0:0, 3:3:0:0:0, 4:4:0:0:0, 2:2:0:0:0,  , 4:5:0:0:2, 4:6:0:0:1, 0:0:0:0:0, 2:0:0:0:3, 2:2:0:0:0, 2:3:0:0:0, 6:1:0:0:3, 2:3:0:0:0, 1:0:0:0:0, 2:2:0:0:0, 1:0:0:0:0, 2:1:0:0:0, 4:4:0:0:1, 3:4:0:0:0, 2:1:0:0:0, 1:0:0:0:1, 5:5:0:0:3, 4:7:0:0:4, 1:0:0:0:1, 4:0:0:0:4, 2:2:0:0:0, 2:1:0:0:0, 2:0:0:0:2, 5:0:0:0:3, 2:2:0:0:0, 2:1:0:0:0, 1:0:0:0:0, 1:0:0:0:0, 3:2:0:0:0, 3:2:0:0:0, 2:2:0:0:0, 2:0:0:0:1, 5:5:0:0:3, 3:3:0:0:1, 0:0:0:0:0, 2:0:0:0:6, 2:3:0:0:0, 3:2:0:0:0, 6:0:0:0:2, 2:2:0:0:0, 1:0:0:0:0, 2:2:0:0:0, 1:0:0:0:0, 1:0:0:0:0, 3:5:0:0:0, 5:5:0:0:0, 2:2:0:0:0, 1:0:0:0:0, 5:5:0:0:3, 4:9:0:0:2, 1:0:0:0:0, 3:0:0:0:6, 2:2:0:0:0, 1:2:0:0:0, 2:0:0:0:1, 4:0:0:0:3, 2:2:0:0:0, 4:2:0:0:1, 1:0:0:0:0, 3:1:0:0:1, 4:2:0:0:1, 5:5:0:0:2, 3:1:0:0:1, 1:0:0:0:1, 4:3:0:0:1, 5:6:0:0:2, 0:0:0:0:0, 3:0:0:0:6, 2:1:0:0:0, 5:3:0:0:1, 4:0:0:0:2, 2:2:0:0:0, 1:0:0:0:0, 2:2:0:0:0, 1:0:0:0:0, 1:0:0:0:0, 3:3:0:0:0, 4:2:0:0:1, 2:1:0:0:0, 2:0:0:0:1, 4:3:0:0:1, 4:6:0:0:2, 0:0:0:0:0, 2:0:0:0:2, 5:3:1:0:6, 4:2:0:0:0, 1:0:0:0:0, 2:0:0:0:2, 3:2:0:0:0, 2:1:0:0:0, 1:0:0:0:0, 2:0:0:0:1, 3:2:0:0:0, 4:6:0:0:0, 2:2:0:0:0, 3:2:0:0:1, 7:5:0:0:3, 4:7:0:0:1, 0:0:0:0:0, 4:0:0:0:3, 3:1:0:0:0, 2:2:0:0:0, 5:0:0:0:3, 2:2:0:0:0, 1:0:0:0:0, 2:2:0:0:0, 1:0:0:0:0, 0:0:0:0:0, 3:2:0:0:0, 3:3:0:0:0, 2:2:0:0:0, 1:0:0:0:1, 4:4:0:0:1, 3:3:0:0:1, 0:0:0:0:0, 2:0:0:0:3, 2:2:0:0:0, 1:1:0:0:0, 0:0:0:0:0, 2:0:0:0:5, 2:2:0:0:0, 3:1:0:0:0, 1:0:0:0:0, 0:0:0:0:0, 4:5:2:0:2, 3:2:0:0:0, 2:3:0:0:0,  , 6:6:0:0:2, 3:5:0:0:2, 0:0:0:0:0, 5:1:0:0:2, 2:1:0:0:0, 2:3:0:0:0, 4:0:0:0:2, 2:2:0:0:0, 1:0:0:0:0, 2:2:0:0:0, 1:0:0:0:0, 2:1:0:0:0, 3:4:0:0:0, 4:4:0:0:1, 2:1:0:0:0, 1:2:0:0:0, 5:7:0:0:2, 4:3:0:0:1, 0:0:0:0:0, 3:0:0:0:6, 2:3:0:0:0, 1:1:0:0:0, 1:0:0:0:0, 6:1:0:0:2, 3:1:0:0:1, 2:2:0:0:0, 1:0:0:0:0, 1:0:0:0:0, 3:2:0:0:0, 5:5:0:0:2, 3:6:0:0:0, 2:0:0:0:1, 4:3:0:0:1, 5:3:0:0:1, 1:0:0:0:1, 4:0:0:0:5, 2:4:0:0:0, 3:2:0:0:0, 7:0:0:0:2, 2:3:0:0:0, 2:1:0:0:0, 3:2:0:0:1, 0:0:0:0:0, 0:0:0:0:0, 0:0:0:0:0, 0:0:0:0:0, 860:591:6:0:264
Bb major (2b), 1:0:0:0:0, 1:0:0:0:0, 1:0:1:0:1, 1:0:0:0:0, 2:0:0:0:0, 0:0:0:0:0, 1:0:0:0:0, 2:0:0:0:0, 2:0:0:0:1, 2:0:0:0:0, 5:4:0:0:5, 0:0:0:0:0, 1:0:0:0:0, 2:0:0:0:0, 6:4:0:0:5, 2:0:0:0:0, 1:0:0:0:0, 1:0:0:0:0, 1:0:1:0:1, 1:0:0:0:0, 2:0:0:0:0, 0:0:0:0:0, 1:0:0:0:0, 2:0:0:0:0, 2:0:0:0:1, 2:0:0:0:0, 6:4:0:0:5, 0:0:0:0:0, 2:1:0:0:1, 6:4:0:0:5, 1:0:0:0:0, 1:0:0:0:0, 0:0:0:0:0, 2:0:0:0:1, 0:0:0:0:0, 1:0:0:0:0, 1:0:0:0:0, 0:0:0:0:0, 2:0:0:0:0, 2:0:0:0:0, 3:0:0:0:0, 2:0:0:0:0, 6:3:0:0:4, 0:0:0:0:0, 1:0:0:0:0, 1:0:0:0:0, 4:3:0:0:4, 0:0:0:0:0, 1:0:0:0:0, 1:0:0:0:0, 1:0:1:0:1, 1:0:0:0:0, 1:0:0:0:0, 0:0:0:0:0, 1:0:0:0:0, 2:0:0:0:0, 2:0:0:0:0, 1:0:0:0:0, 6:4:0:0:5, 0:0:0:0:0, 3:1:0:0:1, 5:3:0:0:4, 1:0:0:0:0, 1:0:0:0:0, 1:0:0:0:0, 1:0:0:0:0, 0:0:0:0:0, 1:0:0:0:0, 1:0:0:0:0, 0:0:0:0:0, 0:0:0:0:0, 2:0:0:0:0, 3:0:0:0:0, 1:0:0:0:0, 5:4:0:0:6, 0:0:0:0:0, 1:0:0:0:0, 1:0:0:0:0, 5:3:0:0:4, 0:0:0:0:0, 1:0:0:0:0, 1:0:0:0:0, 0:0:0:0:0, 4:0:0:0:1, 4:0:0:0:1, 1:0:0:0:0, 0:0:0:0:0, 3:0:0:0:2, 2:0:0:0:0, 1:0:0:0:0, 4:3:0:0:4, 1:0:0:0:0, 3:3:1:0:3, 4:3:0:0:4, 1:0:0:0:0, 1:0:0:0:0, 1:0:0:0:0, 1:0:0:0:0, 0:0:0:0:0, 1:0:0:0:0, 3:0:0:0:0, 0:0:0:0:0, 0:0:0:0:0, 2:0:0:0:0, 2:0:0:0:0, 1:0:0:0:0, 4:5:0:0:7, 0:0:0:0:0, 1:0:0:0:0, 1:0:0:0:0, 7:3:0:0:4, 1:0:0:0:0, 1:0:0:0:0, 1:0:0:0:0, 1:0:0:0:0, 1:0:0:0:0, 1:0:0:0:0, 0:0:0:0:0, 1:1:0:0:1, 4:0:0:0:0, 1:0:0:0:0, 1:0:0:0:0, 5:5:0:0:7, 0:0:0:0:0, 3:1:0:0:1, 7:3:0:0:4, 1:0:0:0:0, 1:0:0:0:0, 1:0:0:0:0, 1:0:0:0:0, 0:0:0:0:0, 2:0:0:0:1, 1:0:0:0:0, 0:0:0:0:0,  , 2:0:0:0:0, 2:0:0:0:0, 1:0:0:0:0, 4:3:0:0:4, 0:0:0:0:0, 2:0:0:0:0, 1:0:0:0:0, 5:4:0:0:5, 0:0:0:0:0, 1:0:0:0:0, 2:1:0:0:1, 1:0:0:0:0, 1:0:0:0:0, 1:0:0:0:0, 0:0:0:0:0, 1:0:0:0:0, 4:0:0:0:0, 2:0:0:0:0, 2:1:0:0:1, 5:5:0:0:7, 0:0:0:0:0, 2:1:0:0:1, 4:3:0:0:4, 1:0:0:0:0, 1:0:0:0:0, 1:0:0:0:0, 1:0:0:0:0, 1:0:0:0:0, 1:0:0:0:0, 1:0:0:0:0, 0:0:0:0:0, 0:0:0:0:0, 2:0:0:0:0, 1:0:0:0:0, 1:0:0:0:0, 4:3:0:0:5, 0:0:0:0:0, 1:0:0:0:0, 1:0:0:0:0, 4:4:0:0:5, 0:0:0:0:0, 1:0:0:0:0, 1:0:0:0:0, 0:0:0:0:0, 1:0:0:0:0, 1:0:0:0:0, 0:0:0:0:0,  , 2:0:0:0:0, 2:0:0:0:0, 1:0:0:0:0, 4:4:0:0:5, 0:0:0:0:0, 2:2:0:0:2, 7:3:0:0:4, 1:0:0:0:0, 1:0:0:0:0, 1:0:0:0:0, 1:0:0:0:0, 1:0:0:0:0, 1:0:0:0:0, 1:0:0:0:0, 0:0:0:0:0, 1:1:0:0:1, 2:0:0:0:0, 2:0:0:0:0, 3:1:0:0:3, 6:4:0:0:5, 1:0:0:0:0, 1:0:0:0:0, 2:0:0:0:0, 8:3:0:0:4, 0:0:0:0:0, 1:0:0:0:0, 1:0:0:0:0, 0:0:0:0:0, 1:0:0:0:0, 1:0:0:0:0, 0:0:0:0:0, 0:0:0:0:0, 3:0:0:0:0, 1:0:0:0:0, 1:0:0:0:0, 4:5:0:0:8, 0:0:0:0:0, 2:2:0:0:2, 7:3:0:0:4, 1:0:0:0:0, 1:0:0:0:0, 1:0:0:0:0, 1:0:0:0:0, 1:0:0:0:0, 1:0:0:0:0, 3:0:0:0:0, 0:0:0:0:0, 0:0:0:0:0, 2:0:0:0:0, 2:0:0:0:0, 1:0:0:0:0, 5:5:0:0:6, 0:0:0:0:0, 1:0:0:0:0, 2:0:0:0:0, 6:4:0:0:6, 1:0:0:0:0, 3:0:0:0:0, 1:0:0:0:0, 1:0:0:0:0, 1:0:0:0:0, 2:0:0:0:0, 0:0:0:0:0, 0:0:0:0:0, 2:0:0:0:0, 2:0:0:0:0, 1:0:0:0:0, 5:6:0:0:8, 1:0:0:0:0, 4:1:0:0:1, 5:3:0:0:4, 1:0:0:0:0, 1:0:0:0:0, 1:0:0:0:0, 1:0:0:0:0, 0:0:0:0:0, 1:0:0:0:0, 1:0:0:0:0, 1:0:0:0:0, 0:0:0:0:0, 2:0:0:0:0, 1:0:0:0:0, 1:0:0:0:0, 4:3:0:0:4, 2:3:1:0:3, 3:1:0:0:1, 1:0:0:0:0, 4:4:0:0:5, 1:1:0:0:1, 1:0:0:0:0, 1:0:0:0:0, 1:0:0:0:0, 1:0:0:0:0, 1:0:0:0:0, 1:0:0:0:0, 1:1:0:0:1, 4:0:0:0:0, 2:0:0:0:0, 1:0:0:0:0, 7:4:0:0:7, 1:1:0:0:1, 2:1:0:0:1, 5:4:0:0:5, 1:0:0:0:0, 1:0:0:0:0, 1:0:0:0:0, 1:0:0:0:0, 0:0:0:0:0, 1:0:0:0:0, 1:0:0:0:0, 0:0:0:0:0, 1:0:0:0:0, 2:0:0:0:0, 1:0:0:0:0, 1:0:0:0:0, 4:4:0:0:5, 0:0:0:0:0, 1:0:0:0:0, 1:0:0:0:0, 4:6:0:0:8, 0:0:0:0:0, 2:1:0:0:1, 1:0:0:0:0, 1:0:0:0:0, 2:0:2:0:2, 1:0:0:0:0, 0:0:0:0:0,  , 4:0:0:0:0, 1:0:0:0:0, 1:0:0:0:0, 8:3:0:0:4, 1:0:0:0:0, 2:2:0:0:2, 4:3:0:0:4, 1:0:0:0:0, 1:0:0:0:0, 1:0:0:0:0, 1:0:0:0:0, 1:0:0:0:0, 1:0:0:0:0, 1:0:0:0:0, 0:0:0:0:0, 0:0:0:0:0, 2:0:0:0:0, 1:0:0:0:0, 1:0:0:0:0, 5:4:0:0:6, 0:0:0:0:0, 1:0:0:0:0, 1:0:0:0:0, 8:4:0:0:5, 0:0:0:0:0, 1:0:0:0:0, 1:0:0:0:0, 0:0:0:0:0, 1:0:0:0:0, 2:0:0:0:0, 1:0:0:0:0, 0:0:0:0:0, 2:0:0:0:0, 2:0:0:0:0, 2:0:0:0:0, 6:4:0:0:6, 0:0:0:0:0, 2:1:0:0:1, 8:3:0:0:4, 1:0:0:0:0, 1:0:0:0:0, 1:0:0:0:0, 0:0:0:0:0, 0:0:0:0:0, 0:0:0:0:0, 0:0:0:0:0, 581:195:7:0:268
D major (2#), 1:0:0:0:0, 2:0:0:0:0, 3:0:0:0:1, 4:3:0:0:1, 3:2:0:0:1, 2:1:0:0:0, 4:1:0:0:0, 4:4:0:0:3, 4:4:0:0:1, 3:0:0:0:0, 3:0:0:0:1, 3:2:0:0:0, 2:2:0:0:0, 3:0:0:0:0, 3:0:0:0:1, 3:2:0:0:0, 2:1:0:0:0, 2:0:0:0:0, 3:0:0:0:1, 4:3:0:0:1, 3:2:0:0:1, 2:1:0:0:0, 4:1:0:0:0, 4:4:0:0:3, 4:4:0:0:1, 3:0:0:0:0, 3:0:0:0:1, 3:2:0:0:0, 1:3:0:0:0, 7:0:0:0:1, 3:3:0:0:0, 2:0:0:0:0, 1:0:0:0:0, 2:0:0:0:0, 1:0:0:0:0, 4:3:0:0:2, 3:3:0:0:2, 2:1:0:0:0, 2:1:0:0:1, 4:3:0:0:2, 6:5:0:0:3, 2:0:1:0:1, 4:0:0:0:1, 2:1:0:0:0, 2:1:0:0:0, 1:0:0:0:0, 2:0:0:0:1, 2:1:0:0:0, 2:1:0:0:0, 2:0:0:0:0, 3:0:0:0:1, 4:3:0:0:1, 4:2:0:0:1, 2:1:0:0:0, 4:1:0:0:0, 4:4:0:0:3, 5:3:0:0:1, 2:0:0:0:0, 3:0:0:0:1, 3:2:0:0:0, 2:2:0:0:0, 6:0:0:0:1, 3:3:0:0:0, 2:0:0:0:0, 3:2:0:0:0, 2:0:0:0:0, 3:1:0:0:0, 4:3:0:0:2, 3:3:0:0:1, 2:1:0:0:0, 1:0:0:0:0, 4:4:0:0:2, 6:5:0:0:2, 1:0:0:0:0, 3:0:0:0:3, 2:1:0:0:0, 2:1:0:0:0, 1:0:0:0:0, 3:0:0:0:1, 3:1:0:0:0, 2:1:0:0:0, 2:0:0:0:0, 0:0:0:0:0, 6:2:0:0:1, 5:2:0:0:1, 2:3:0:0:0, 1:0:0:0:0, 6:3:0:0:3, 4:4:0:0:1, 1:0:0:0:0, 2:0:0:0:1, 3:1:0:0:0, 3:2:0:0:0, 5:0:0:0:1, 3:2:0:0:0, 2:0:0:0:0, 3:2:0:0:0, 2:0:0:0:0, 2:0:0:0:0, 4:3:0:0:2, 5:6:0:0:3, 2:1:0:0:0, 1:0:0:0:0, 4:4:0:0:2, 5:8:0:0:4, 1:0:0:0:0, 2:0:0:0:1, 2:2:0:0:0, 2:1:0:0:0, 1:0:0:0:0, 4:0:0:0:1, 3:2:0:0:0, 3:2:0:0:0, 2:0:0:0:0, 2:0:0:0:0, 4:2:0:0:1, 5:5:0:0:4, 2:1:0:0:0, 2:0:0:0:1, 6:5:0:0:2, 4:5:0:0:1, 1:0:0:0:0, 3:0:0:0:1, 2:2:0:0:0, 2:4:0:0:0, 7:0:0:0:1, 3:3:0:0:0, 2:0:0:0:0, 3:2:0:0:0, 2:0:0:0:0, 2:0:0:0:0, 4:4:0:0:3, 4:5:0:0:2, 2:2:0:0:0,  , 5:3:0:0:3, 5:7:0:0:3, 1:0:0:0:0, 2:0:0:0:1, 3:3:0:0:0, 3:1:1:0:1, 1:0:0:0:0, 4:0:0:0:2, 3:3:0:0:0, 3:2:0:0:0, 4:3:0:0:0, 1:0:0:0:0, 4:4:0:0:3, 4:4:0:0:2, 2:1:0:0:0, 3:0:2:0:6, 6:3:0:0:2, 5:7:0:0:3, 3:1:0:0:0, 3:0:0:0:1, 3:3:0:0:0, 2:2:0:0:0, 5:0:0:0:1, 3:2:0:0:0, 3:0:0:0:1, 3:2:0:0:0, 2:0:0:0:0, 1:0:0:0:0, 4:3:0:0:1, 3:2:0:0:1, 2:1:0:0:0, 1:0:0:0:0, 4:3:0:0:2, 4:3:0:0:1, 1:0:0:0:0, 2:0:0:0:1, 2:3:0:0:0, 3:1:0:0:0, 1:0:0:0:0, 2:0:0:0:2, 2:1:0:0:0, 3:1:0:0:0, 2:0:0:0:0, 1:0:0:0:0, 4:3:0:0:2, 5:4:0:0:1, 3:2:0:0:0,  , 5:4:0:0:2, 4:6:0:0:2, 1:0:0:0:0, 2:0:0:0:2, 2:2:0:0:0, 3:3:0:0:0, 7:1:0:0:2, 3:3:0:0:0, 2:0:0:0:0, 3:2:0:0:0, 2:0:0:0:0, 3:1:0:0:0, 5:4:0:0:3, 3:4:0:0:2, 2:1:0:0:0, 1:0:0:0:1, 6:4:0:0:3, 5:6:0:0:1, 2:0:0:0:0, 4:0:1:0:4, 3:2:0:0:0, 3:1:0:0:0, 3:0:0:0:1, 6:0:0:0:2, 2:2:0:0:0, 3:1:0:0:0, 2:0:0:0:0, 2:0:0:0:0, 4:2:0:0:1, 3:2:0:0:1, 2:2:0:0:0, 2:0:0:0:1, 5:4:0:0:3, 3:3:0:0:1, 1:0:0:0:0, 2:0:0:0:3, 2:3:0:0:0, 2:2:0:0:0, 7:0:0:0:1, 3:2:0:0:0, 2:0:0:0:0, 3:2:0:0:0, 2:0:0:0:0, 1:0:0:0:0, 4:5:0:0:2, 5:5:0:0:2, 2:2:0:0:0, 2:0:0:0:0, 6:4:0:0:3, 5:8:0:0:4, 2:0:0:0:0, 4:0:0:0:4, 2:2:0:0:0, 2:2:0:0:0, 3:0:0:0:1, 5:0:0:0:1, 3:2:0:0:0, 5:2:0:0:0, 2:0:0:0:0, 3:1:0:0:2, 5:2:0:0:2, 5:4:0:0:2, 3:1:0:0:1, 1:0:0:0:1, 5:3:0:0:2, 6:5:0:0:2, 1:0:0:0:0, 4:0:0:0:3, 3:1:0:0:0, 4:3:0:0:0, 5:0:0:0:1, 3:2:0:0:0, 2:0:0:0:0, 3:2:0:0:0, 2:0:0:0:0, 2:0:0:0:0, 4:3:0:0:1, 4:2:0:0:2, 2:1:0:0:0, 2:0:0:0:1, 4:3:0:0:2, 4:5:0:0:1, 1:0:0:0:0, 2:0:0:0:1, 5:3:1:0:3, 5:2:0:0:1, 2:0:0:0:0, 3:0:0:0:1, 3:2:0:0:0, 3:1:0:0:0, 2:0:0:0:0, 3:0:0:0:1, 4:2:0:0:1, 5:6:0:0:2, 3:2:0:0:0, 4:2:0:0:0, 8:5:0:0:4, 4:7:0:0:3, 1:0:0:0:0, 5:0:0:0:1, 3:1:0:0:0, 1:2:0:0:0, 6:0:0:0:1, 3:2:0:0:0, 2:0:0:0:0, 3:2:0:0:0, 2:0:0:0:0, 1:0:0:0:0, 4:2:0:0:1, 4:3:0:0:1, 2:2:0:0:0, 1:0:0:0:0, 4:4:0:0:3, 3:3:0:0:1, 1:0:0:0:0, 2:0:0:0:1, 2:2:0:0:0, 2:1:0:0:0, 1:0:0:0:0, 2:0:0:0:1, 2:2:0:0:0, 4:1:0:0:0, 2:0:0:0:0, 0:0:0:0:0, 5:5:2:0:3, 3:2:0:0:1, 2:3:0:0:0,  , 7:6:0:0:2, 4:4:0:0:1, 1:0:0:0:0, 5:1:0:0:1, 3:1:0:0:0, 1:3:0:0:0, 5:0:0:0:1, 3:2:0:0:0, 2:0:0:0:0, 3:2:0:0:0, 2:0:0:0:0, 3:1:0:0:0, 4:4:0:0:2, 5:4:0:0:3, 2:1:0:0:0, 2:2:0:0:0, 6:4:1:0:5, 4:3:0:0:1, 1:0:0:0:0, 3:0:0:0:4, 2:3:0:0:0, 2:1:0:0:0, 2:0:0:0:0, 7:1:0:0:1, 3:1:0:0:1, 3:2:0:0:0, 2:0:0:0:0, 2:0:0:0:0, 4:2:0:0:1, 6:5:0:0:4, 3:6:0:0:2, 3:0:0:0:1, 4:3:0:0:2, 5:3:0:0:1, 2:0:0:0:0, 5:0:0:0:3, 2:4:0:0:0, 2:2:0:0:0, 8:0:0:0:1, 3:3:0:0:0, 3:1:0:0:0, 4:2:0:0:1, 1:0:0:0:0, 1:0:0:0:0, 1:0:0:0:0, 1:0:0:0:0, 1063:562:9:0:273
G minor (2b), 1:0:0:0:0, 1:0:0:0:0, 1:0:1:0:1, 1:0:0:0:0, 2:0:0:0:0, 0:0:0:0:0, 1:0:0:0:0, 2:0:0:0:0, 2:0:0:0:1, 2:0:0:0:0, 5:4:0:0:5, 0:0:0:0:0, 1:0:0:0:0, 2:0:0:0:0, 6:4:0:0:5, 2:0:0:0:0, 1:0:0:0:0, 1:0:0:0:0, 1:0:1:0:1, 1:0:0:0:0, 2:0:0:0:0, 0:0:0:0:0, 1:0:0:0:0, 2:0:0:0:0, 2:0:0:0:1, 2:0:0:0:0, 6:4:0:0:5, 0:0:0:0:0, 2:1:0:0:1, 6:4:0:0:5, 1:0:0:0:0, 1:0:0:0:0, 0:0:0:0:0, 2:0:0:0:1, 0:0:0:0:0, 1:0:0:0:0, 1:0:0:0:0, 0:0:0:0:0, 2:0:0:0:0, 2:0:0:0:0, 3:0:0:0:0, 2:0:0:0:0, 6:3:0:0:4, 0:0:0:0:0, 1:0:0:0:0, 1:0:0:0:0, 4:3:0:0:4, 0:0:0:0:0, 1:0:0:0:0, 1:0:0:0:0, 1:0:1:0:1, 1:0:0:0:0, 1:0:0:0:0, 0:0:0:0:0, 1:0:0:0:0, 2:0:0:0:0, 2:0:0:0:0, 1:0:0:0:0, 6:4:0:0:5, 0:0:0:0:0, 3:1:0:0:1, 5:3:0:0:4, 1:0:0:0:0, 1:0:0:0:0, 1:0:0:0:0, 1:0:0:0:0, 0:0:0:0:0, 1:0:0:0:0, 1:0:0:0:0, 0:0:0:0:0, 0:0:0:0:0, 2:0:0:0:0, 3:0:0:0:0, 1:0:0:0:0, 5:4:0:0:6, 0:0:0:0:0, 1:0:0:0:0, 1:0:0:0:0, 5:3:0:0:4, 0:0:0:0:0, 1:0:0:0:0, 1:0:0:0:0, 0:0:0:0:0, 4:0:0:0:1, 4:0:0:0:1, 1:0:0:0:0, 0:0:0:0:0, 3:0:0:0:2, 2:0:0:0:0, 1:0:0:0:0, 4:3:0:0:4, 1:0:0:0:0, 3:3:1:0:3, 4:3:0:0:4, 1:0:0:0:0, 1:0:0:0:0, 1:0:0:0:0, 1:0:0:0:0, 0:0:0:0:0, 1:0:0:0:0, 3:0:0:0:0, 0:0:0:0:0, 0:0:0:0:0, 2:0:0:0:0, 2:0:0:0:0, 1:0:0:0:0, 4:5:0:0:7, 0:0:0:0:0, 1:0:0:0:0, 1:0:0:0:0, 7:3:0:0:4, 1:0:0:0:0, 1:0:0:0:0, 1:0:0:0:0, 1:0:0:0:0, 1:0:0:0:0, 1:0:0:0:0, 0:0:0:0:0, 1:1:0:0:1, 4:0:0:0:0, 1:0:0:0:0, 1:0:0:0:0, 5:5:0:0:7, 0:0:0:0:0, 3:1:0:0:1, 7:3:0:0:4, 1:0:0:0:0, 1:0:0:0:0, 1:0:0:0:0, 1:0:0:0:0, 0:0:0:0:0, 2:0:0:0:1, 1:0:0:0:0, 0:0:0:0:0,  , 2:0:0:0:0, 2:0:0:0:0, 1:0:0:0:0, 4:3:0:0:4, 0:0:0:0:0, 2:0:0:0:0, 1:0:0:0:0, 5:4:0:0:5, 0:0:0:0:0, 1:0:0:0:0, 2:1:0:0:1, 1:0:0:0:0, 1:0:0:0:0, 1:0:0:0:0, 0:0:0:0:0, 1:0:0:0:0, 4:0:0:0:0, 2:0:0:0:0, 2:1:0:0:1, 5:5:0:0:7, 0:0:0:0:0, 2:1:0:0:1, 4:3:0:0:4, 1:0:0:0:0, 1:0:0:0:0, 1:0:0:0:0, 1:0:0:0:0, 1:0:0:0:0, 1:0:0:0:0, 1:0:0:0:0, 0:0:0:0:0, 0:0:0:0:0, 2:0:0:0:0, 1:0:0:0:0, 1:0:0:0:0, 4:3:0:0:5, 0:0:0:0:0, 1:0:0:0:0, 1:0:0:0:0, 4:4:0:0:5, 0:0:0:0:0, 1:0:0:0:0, 1:0:0:0:0, 0:0:0:0:0, 1:0:0:0:0, 1:0:0:0:0, 0:0:0:0:0,  , 2:0:0:0:0, 2:0:0:0:0, 1:0:0:0:0, 4:4:0:0:5, 0:0:0:0:0, 2:2:0:0:2, 7:3:0:0:4, 1:0:0:0:0, 1:0:0:0:0, 1:0:0:0:0, 1:0:0:0:0, 1:0:0:0:0, 1:0:0:0:0, 1:0:0:0:0, 0:0:0:0:0, 1:1:0:0:1, 2:0:0:0:0, 2:0:0:0:0, 3:1:0:0:3, 6:4:0:0:5, 1:0:0:0:0, 1:0:0:0:0, 2:0:0:0:0, 8:3:0:0:4, 0:0:0:0:0, 1:0:0:0:0, 1:0:0:0:0, 0:0:0:0:0, 1:0:0:0:0, 1:0:0:0:0, 0:0:0:0:0, 0:0:0:0:0, 3:0:0:0:0, 1:0:0:0:0, 1:0:0:0:0, 4:5:0:0:8, 0:0:0:0:0, 2:2:0:0:2, 7:3:0:0:4, 1:0:0:0:0, 1:0:0:0:0, 1:0:0:0:0, 1:0:0:0:0, 1:0:0:0:0, 1:0:0:0:0, 3:0:0:0:0, 0:0:0:0:0, 0:0:0:0:0, 2:0:0:0:0, 2:0:0:0:0, 1:0:0:0:0, 5:5:0:0:6, 0:0:0:0:0, 1:0:0:0:0, 2:0:0:0:0, 6:4:0:0:6, 1:0:0:0:0, 3:0:0:0:0, 1:0:0:0:0, 1:0:0:0:0, 1:0:0:0:0, 2:0:0:0:0, 0:0:0:0:0, 0:0:0:0:0, 2:0:0:0:0, 2:0:0:0:0, 1:0:0:0:0, 5:6:0:0:8, 1:0:0:0:0, 4:1:0:0:1, 5:3:0:0:4, 1:0:0:0:0, 1:0:0:0:0, 1:0:0:0:0, 1:0:0:0:0, 0:0:0:0:0, 1:0:0:0:0, 1:0:0:0:0, 1:0:0:0:0, 0:0:0:0:0, 2:0:0:0:0, 1:0:0:0:0, 1:0:0:0:0, 4:3:0:0:4, 2:3:1:0:3, 3:1:0:0:1, 1:0:0:0:0, 4:4:0:0:5, 1:1:0:0:1, 1:0:0:0:0, 1:0:0:0:0, 1:0:0:0:0, 1:0:0:0:0, 1:0:0:0:0, 1:0:0:0:0, 1:1:0:0:1, 4:0:0:0:0, 2:0:0:0:0, 1:0:0:0:0, 7:4:0:0:7, 1:1:0:0:1, 2:1:0:0:1, 5:4:0:0:5, 1:0:0:0:0, 1:0:0:0:0, 1:0:0:0:0, 1:0:0:0:0, 0:0:0:0:0, 1:0:0:0:0, 1:0:0:0:0, 0:0:0:0:0, 1:0:0:0:0, 2:0:0:0:0, 1:0:0:0:0, 1:0:0:0:0, 4:4:0:0:5, 0:0:0:0:0, 1:0:0:0:0, 1:0:0:0:0, 4:6:0:0:8, 0:0:0:0:0, 2:1:0:0:1, 1:0:0:0:0, 1:0:0:0:0, 2:0:2:0:2, 1:0:0:0:0, 0:0:0:0:0,  , 4:0:0:0:0, 1:0:0:0:0, 1:0:0:0:0, 8:3:0:0:4, 1:0:0:0:0, 2:2:0:0:2, 4:3:0:0:4, 1:0:0:0:0, 1:0:0:0:0, 1:0:0:0:0, 1:0:0:0:0, 1:0:0:0:0, 1:0:0:0:0, 1:0:0:0:0, 0:0:0:0:0, 0:0:0:0:0, 2:0:0:0:0, 1:0:0:0:0, 1:0:0:0:0, 5:4:0:0:6, 0:0:0:0:0, 1:0:0:0:0, 1:0:0:0:0, 8:4:0:0:5, 0:0:0:0:0, 1:0:0:0:0, 1:0:0:0:0, 0:0:0:0:0, 1:0:0:0:0, 2:0:0:0:0, 1:0:0:0:0, 0:0:0:0:0, 2:0:0:0:0, 2:0:0:0:0, 2:0:0:0:0, 6:4:0:0:6, 0:0:0:0:0, 2:1:0:0:1, 8:3:0:0:4, 1:0:0:0:0, 1:0:0:0:0, 1:0:0:0:0, 0:0:0:0:0, 0:0:0:0:0, 0:0:0:0:0, 0:0:0:0:0, 581:195:7:0:268
B minor (2#), 1:0:0:0:0, 2:0:0:0:0, 3:0:0:0:1, 4:3:0:0:1, 3:2:0:0:1, 2:1:0:0:0, 4:1:0:0:0, 4:4:0:0:3, 4:4:0:0:1, 3:0:0:0:0, 3:0:0:0:1, 3:2:0:0:0, 2:2:0:0:0, 3:0:0:0:0, 3:0:0:0:1, 3:2:0:0:0, 2:1:0:0:0, 2:0:0:0:0, 3:0:0:0:1, 4:3:0:0:1, 3:2:0:0:1, 2:1:0:0:0, 4:1:0:0:0, 4:4:0:0:3, 4:4:0:0:1, 3:0:0:0:0, 3:0:0:0:1, 3:2:0:0:0, 1:3:0:0:0, 7:0:0:0:1, 3:3:0:0:0, 2:0:0:0:0, 1:0:0:0:0, 2:0:0:0:0, 1:0:0:0:0, 4:3:0:0:2, 3:3:0:0:2, 2:1:0:0:0, 2:1:0:0:1, 4:3:0:0:2, 6:5:0:0:3, 2:0:1:0:1, 4:0:0:0:1, 2:1:0:0:0, 2:1:0:0:0, 1:0:0:0:0, 2:0:0:0:1, 2:1:0:0:0, 2:1:0:0:0, 2:0:0:0:0, 3:0:0:0:1, 4:3:0:0:1, 4:2:0:0:1, 2:1:0:0:0, 4:1:0:0:0, 4:4:0:0:3, 5:3:0:0:1, 2:0:0:0:0, 3:0:0:0:1, 3:2:0:0:0, 2:2:0:0:0, 6:0:0:0:1, 3:3:0:0:0, 2:0:0:0:0, 3:2:0:0:0, 2:0:0:0:0, 3:1:0:0:0, 4:3:0:0:2, 3:3:0:0:1, 2:1:0:0:0, 1:0:0:0:0, 4:4:0:0:2, 6:5:0:0:2, 1:0:0:0:0, 3:0:0:0:3, 2:1:0:0:0, 2:1:0:0:0, 1:0:0:0:0, 3:0:0:0:1, 3:1:0:0:0, 2:1:0:0:0, 2:0:0:0:0, 0:0:0:0:0, 6:2:0:0:1, 5:2:0:0:1, 2:3:0:0:0, 1:0:0:0:0, 6:3:0:0:3, 4:4:0:0:1, 1:0:0:0:0, 2:0:0:0:1, 3:1:0:0:0, 3:2:0:0:0, 5:0:0:0:1, 3:2:0:0:0, 2:0:0:0:0, 3:2:0:0:0, 2:0:0:0:0, 2:0:0:0:0, 4:3:0:0:2, 5:6:0:0:3, 2:1:0:0:0, 1:0:0:0:0, 4:4:0:0:2, 5:8:0:0:4, 1:0:0:0:0, 2:0:0:0:1, 2:2:0:0:0, 2:1:0:0:0, 1:0:0:0:0, 4:0:0:0:1, 3:2:0:0:0, 3:2:0:0:0, 2:0:0:0:0, 2:0:0:0:0, 4:2:0:0:1, 5:5:0:0:4, 2:1:0:0:0, 2:0:0:0:1, 6:5:0:0:2, 4:5:0:0:1, 1:0:0:0:0, 3:0:0:0:1, 2:2:0:0:0, 2:4:0:0:0, 7:0:0:0:1, 3:3:0:0:0, 2:0:0:0:0, 3:2:0:0:0, 2:0:0:0:0, 2:0:0:0:0, 4:4:0:0:3, 4:5:0:0:2, 2:2:0:0:0,  , 5:3:0:0:3, 5:7:0:0:3, 1:0:0:0:0, 2:0:0:0:1, 3:3:0:0:0, 3:1:1:0:1, 1:0:0:0:0, 4:0:0:0:2, 3:3:0:0:0, 3:2:0:0:0, 4:3:0:0:0, 1:0:0:0:0, 4:4:0:0:3, 4:4:0:0:2, 2:1:0:0:0, 3:0:2:0:6, 6:3:0:0:2, 5:7:0:0:3, 3:1:0:0:0, 3:0:0:0:1, 3:3:0:0:0, 2:2:0:0:0, 5:0:0:0:1, 3:2:0:0:0, 3:0:0:0:1, 3:2:0:0:0, 2:0:0:0:0, 1:0:0:0:0, 4:3:0:0:1, 3:2:0:0:1, 2:1:0:0:0, 1:0:0:0:0, 4:3:0:0:2, 4:3:0:0:1, 1:0:0:0:0, 2:0:0:0:1, 2:3:0:0:0, 3:1:0:0:0, 1:0:0:0:0, 2:0:0:0:2, 2:1:0:0:0, 3:1:0:0:0, 2:0:0:0:0, 1:0:0:0:0, 4:3:0:0:2, 5:4:0:0:1, 3:2:0:0:0,  , 5:4:0:0:2, 4:6:0:0:2, 1:0:0:0:0, 2:0:0:0:2, 2:2:0:0:0, 3:3:0:0:0, 7:1:0:0:2, 3:3:0:0:0, 2:0:0:0:0, 3:2:0:0:0, 2:0:0:0:0, 3:1:0:0:0, 5:4:0:0:3, 3:4:0:0:2, 2:1:0:0:0, 1:0:0:0:1, 6:4:0:0:3, 5:6:0:0:1, 2:0:0:0:0, 4:0:1:0:4, 3:2:0:0:0, 3:1:0:0:0, 3:0:0:0:1, 6:0:0:0:2, 2:2:0:0:0, 3:1:0:0:0, 2:0:0:0:0, 2:0:0:0:0, 4:2:0:0:1, 3:2:0:0:1, 2:2:0:0:0, 2:0:0:0:1, 5:4:0:0:3, 3:3:0:0:1, 1:0:0:0:0, 2:0:0:0:3, 2:3:0:0:0, 2:2:0:0:0, 7:0:0:0:1, 3:2:0:0:0, 2:0:0:0:0, 3:2:0:0:0, 2:0:0:0:0, 1:0:0:0:0, 4:5:0:0:2, 5:5:0:0:2, 2:2:0:0:0, 2:0:0:0:0, 6:4:0:0:3, 5:8:0:0:4, 2:0:0:0:0, 4:0:0:0:4, 2:2:0:0:0, 2:2:0:0:0, 3:0:0:0:1, 5:0:0:0:1, 3:2:0:0:0, 5:2:0:0:0, 2:0:0:0:0, 3:1:0:0:2, 5:2:0:0:2, 5:4:0:0:2, 3:1:0:0:1, 1:0:0:0:1, 5:3:0:0:2, 6:5:0:0:2, 1:0:0:0:0, 4:0:0:0:3, 3:1:0:0:0, 4:3:0:0:0, 5:0:0:0:1, 3:2:0:0:0, 2:0:0:0:0, 3:2:0:0:0, 2:0:0:0:0, 2:0:0:0:0, 4:3:0:0:1, 4:2:0:0:2, 2:1:0:0:0, 2:0:0:0:1, 4:3:0:0:2, 4:5:0:0:1, 1:0:0:0:0, 2:0:0:0:1, 5:3:1:0:3, 5:2:0:0:1, 2:0:0:0:0, 3:0:0:0:1, 3:2:0:0:0, 3:1:0:0:0, 2:0:0:0:0, 3:0:0:0:1, 4:2:0:0:1, 5:6:0:0:2, 3:2:0:0:0, 4:2:0:0:0, 8:5:0:0:4, 4:7:0:0:3, 1:0:0:0:0, 5:0:0:0:1, 3:1:0:0:0, 1:2:0:0:0, 6:0:0:0:1, 3:2:0:0:0, 2:0:0:0:0, 3:2:0:0:0, 2:0:0:0:0, 1:0:0:0:0, 4:2:0:0:1, 4:3:0:0:1, 2:2:0:0:0, 1:0:0:0:0, 4:4:0:0:3, 3:3:0:0:1, 1:0:0:0:0, 2:0:0:0:1, 2:2:0:0:0, 2:1:0:0:0, 1:0:0:0:0, 2:0:0:0:1, 2:2:0:0:0, 4:1:0:0:0, 2:0:0:0:0, 0:0:0:0:0, 5:5:2:0:3, 3:2:0:0:1, 2:3:0:0:0,  , 7:6:0:0:2, 4:4:0:0:1, 1:0:0:0:0, 5:1:0:0:1, 3:1:0:0:0, 1:3:0:0:0, 5:0:0:0:1, 3:2:0:0:0, 2:0:0:0:0, 3:2:0:0:0, 2:0:0:0:0, 3:1:0:0:0, 4:4:0:0:2, 5:4:0:0:3, 2:1:0:0:0, 2:2:0:0:0, 6:4:1:0:5, 4:3:0:0:1, 1:0:0:0:0, 3:0:0:0:4, 2:3:0:0:0, 2:1:0:0:0, 2:0:0:0:0, 7:1:0:0:1, 3:1:0:0:1, 3:2:0:0:0, 2:0:0:0:0, 2:0:0:0:0, 4:2:0:0:1, 6:5:0:0:4, 3:6:0:0:2, 3:0:0:0:1, 4:3:0:0:2, 5:3:0:0:1, 2:0:0:0:0, 5:0:0:0:3, 2:4:0:0:0, 2:2:0:0:0, 8:0:0:0:1, 3:3:0:0:0, 3:1:0:0:0, 4:2:0:0:1, 1:0:0:0:0, 1:0:0:0:0, 1:0:0:0:0, 1:0:0:0:0, 1063:562:9:0:273
G minor mel (2b), 1:0:0:0:0, 1:0:0:0:0, 1:0:1:0:1, 1:0:0:0:0, 2:0:0:0:0, 0:0:0:0:0, 1:0:0:0:0, 2:0:0:0:0, 2:0:0:0:1, 2:0:0:0:0, 5:4:0:0:5, 0:0:0:0:0, 1:0:0:0:0, 2:0:0:0:0, 6:4:0:0:5, 2:0:0:0:0, 1:0:0:0:0, 1:0:0:0:0, 1:0:1:0:1, 1:0:0:0:0, 2:0:0:0:0, 0:0:0:0:0, 1:0:0:0:0, 2:0:0:0:0, 2:0:0:0:1, 2:0:0:0:0, 6:4:0:0:5, 0:0:0:0:0, 2:1:0:0:1, 6:4:0:0:5, 1:0:0:0:0, 1:0:0:0:0, 0:0:0:0:0, 2:0:0:0:1, 0:0:0:0:0, 1:0:0:0:0, 1:0:0:0:0, 0:0:0:0:0, 2:0:0:0:0, 2:0:0:0:0, 3:0:0:0:0, 2:0:0:0:0, 6:3:0:0:4, 0:0:0:0:0, 1:0:0:0:0, 1:0:0:0:0, 4:3:0:0:4, 0:0:0:0:0, 1:0:0:0:0, 1:0:0:0:0, 1:0:1:0:1, 1:0:0:0:0, 1:0:0:0:0, 0:0:0:0:0, 1:0:0:0:0, 2:0:0:0:0, 2:0:0:0:0, 1:0:0:0:0, 6:4:0:0:5, 0:0:0:0:0, 3:1:0:0:1, 5:3:0:0:4, 1:0:0:0:0, 1:0:0:0:0, 1:0:0:0:0, 1:0:0:0:0, 0:0:0:0:0, 1:0:0:0:0, 1:0:0:0:0, 0:0:0:0:0, 0:0:0:0:0, 2:0:0:0:0, 3:0:0:0:0, 1:0:0:0:0, 5:4:0:0:6, 0:0:0:0:0, 1:0:0:0:0, 1:0:0:0:0, 5:3:0:0:4, 0:0:0:0:0, 1:0:0:0:0, 1:0:0:0:0, 0:0:0:0:0, 4:0:0:0:1, 4:0:0:0:1, 1:0:0:0:0, 0:0:0:0:0, 3:0:0:0:2, 2:0:0:0:0, 1:0:0:0:0, 4:3:0:0:4, 1:0:0:0:0, 3:3:1:0:3, 4:3:0:0:4, 1:0:0:0:0, 1:0:0:0:0, 1:0:0:0:0, 1:0:0:0:0, 0:0:0:0:0, 1:0:0:0:0, 3:0:0:0:0, 0:0:0:0:0, 0:0:0:0:0, 2:0:0:0:0, 2:0:0:0:0, 1:0:0:0:0, 4:5:0:0:7, 0:0:0:0:0, 1:0:0:0:0, 1:0:0:0:0, 7:3:0:0:4, 1:0:0:0:0, 1:0:0:0:0, 1:0:0:0:0, 1:0:0:0:0, 1:0:0:0:0, 1:0:0:0:0, 0:0:0:0:0, 1:1:0:0:1, 4:0:0:0:0, 1:0:0:0:0, 1:0:0:0:0, 5:5:0:0:7, 0:0:0:0:0, 3:1:0:0:1, 7:3:0:0:4, 1:0:0:0:0, 1:0:0:0:0, 1:0:0:0:0, 1:0:0:0:0, 0:0:0:0:0, 2:0:0:0:1, 1:0:0:0:0, 0:0:0:0:0,  , 2:0:0:0:0, 2:0:0:0:0, 1:0:0:0:0, 4:3:0:0:4, 0:0:0:0:0, 2:0:0:0:0, 1:0:0:0:0, 5:4:0:0:5, 0:0:0:0:0, 1:0:0:0:0, 2:1:0:0:1, 1:0:0:0:0, 1:0:0:0:0, 1:0:0:0:0, 0:0:0:0:0, 1:0:0:0:0, 4:0:0:0:0, 2:0:0:0:0, 2:1:0:0:1, 5:5:0:0:7, 0:0:0:0:0, 2:1:0:0:1, 4:3:0:0:4, 1:0:0:0:0, 1:0:0:0:0, 1:0:0:0:0, 1:0:0:0:0, 1:0:0:0:0, 1:0:0:0:0, 1:0:0:0:0, 0:0:0:0:0, 0:0:0:0:0, 2:0:0:0:0, 1:0:0:0:0, 1:0:0:0:0, 4:3:0:0:5, 0:0:0:0:0, 1:0:0:0:0, 1:0:0:0:0, 4:4:0:0:5, 0:0:0:0:0, 1:0:0:0:0, 1:0:0:0:0, 0:0:0:0:0, 1:0:0:0:0, 1:0:0:0:0, 0:0:0:0:0,  , 2:0:0:0:0, 2:0:0:0:0, 1:0:0:0:0, 4:4:0:0:5, 0:0:0:0:0, 2:2:0:0:2, 7:3:0:0:4, 1:0:0:0:0, 1:0:0:0:0, 1:0:0:0:0, 1:0:0:0:0, 1:0:0:0:0, 1:0:0:0:0, 1:0:0:0:0, 0:0:0:0:0, 1:1:0:0:1, 2:0:0:0:0, 2:0:0:0:0, 3:1:0:0:3, 6:4:0:0:5, 1:0:0:0:0, 1:0:0:0:0, 2:0:0:0:0, 8:3:0:0:4, 0:0:0:0:0, 1:0:0:0:0, 1:0:0:0:0, 0:0:0:0:0, 1:0:0:0:0, 1:0:0:0:0, 0:0:0:0:0, 0:0:0:0:0, 3:0:0:0:0, 1:0:0:0:0, 1:0:0:0:0, 4:5:0:0:8, 0:0:0:0:0, 2:2:0:0:2, 7:3:0:0:4, 1:0:0:0:0, 1:0:0:0:0, 1:0:0:0:0, 1:0:0:0:0, 1:0:0:0:0, 1:0:0:0:0, 3:0:0:0:0, 0:0:0:0:0, 0:0:0:0:0, 2:0:0:0:0, 2:0:0:0:0, 1:0:0:0:0, 5:5:0:0:6, 0:0:0:0:0, 1:0:0:0:0, 2:0:0:0:0, 6:4:0:0:6, 1:0:0:0:0, 3:0:0:0:0, 1:0:0:0:0, 1:0:0:0:0, 1:0:0:0:0, 2:0:0:0:0, 0:0:0:0:0, 0:0:0:0:0, 2:0:0:0:0, 2:0:0:0:0, 1:0:0:0:0, 5:6:0:0:8, 1:0:0:0:0, 4:1:0:0:1, 5:3:0:0:4, 1:0:0:0:0, 1:0:0:0:0, 1:0:0:0:0, 1:0:0:0:0, 0:0:0:0:0, 1:0:0:0:0, 1:0:0:0:0, 1:0:0:0:0, 0:0:0:0:0, 2:0:0:0:0, 1:0:0:0:0, 1:0:0:0:0, 4:3:0:0:4, 2:3:1:0:3, 3:1:0:0:1, 1:0:0:0:0, 4:4:0:0:5, 1:1:0:0:1, 1:0:0:0:0, 1:0:0:0:0, 1:0:0:0:0, 1:0:0:0:0, 1:0:0:0:0, 1:0:0:0:0, 1:1:0:0:1, 4:0:0:0:0, 2:0:0:0:0, 1:0:0:0:0, 7:4:0:0:7, 1:1:0:0:1, 2:1:0:0:1, 5:4:0:0:5, 1:0:0:0:0, 1:0:0:0:0, 1:0:0:0:0, 1:0:0:0:0, 0:0:0:0:0, 1:0:0:0:0, 1:0:0:0:0, 0:0:0:0:0, 1:0:0:0:0, 2:0:0:0:0, 1:0:0:0:0, 1:0:0:0:0, 4:4:0:0:5, 0:0:0:0:0, 1:0:0:0:0, 1:0:0:0:0, 4:6:0:0:8, 0:0:0:0:0, 2:1:0:0:1, 1:0:0:0:0, 1:0:0:0:0, 2:0:2:0:2, 1:0:0:0:0, 0:0:0:0:0,  , 4:0:0:0:0, 1:0:0:0:0, 1:0:0:0:0, 8:3:0:0:4, 1:0:0:0:0, 2:2:0:0:2, 4:3:0:0:4, 1:0:0:0:0, 1:0:0:0:0, 1:0:0:0:0, 1:0:0:0:0, 1:0:0:0:0, 1:0:0:0:0, 1:0:0:0:0, 0:0:0:0:0, 0:0:0:0:0, 2:0:0:0:0, 1:0:0:0:0, 1:0:0:0:0, 5:4:0:0:6, 0:0:0:0:0, 1:0:0:0:0, 1:0:0:0:0, 8:4:0:0:5, 0:0:0:0:0, 1:0:0:0:0, 1:0:0:0:0, 0:0:0:0:0, 1:0:0:0:0, 2:0:0:0:0, 1:0:0:0:0, 0:0:0:0:0, 2:0:0:0:0, 2:0:0:0:0, 2:0:0:0:0, 6:4:0:0:6, 0:0:0:0:0, 2:1:0:0:1, 8:3:0:0:4, 1:0:0:0:0, 1:0:0:0:0, 1:0:0:0:0, 0:0:0:0:0, 0:0:0:0:0, 0:0:0:0:0, 0:0:0:0:0, 581:195:7:0:268
B minor mel (2#), 1:0:0:0:0, 2:0:0:0:0, 3:0:0:0:1, 4:3:0:0:1, 3:2:0:0:1, 2:1:0:0:0, 4:1:0:0:0, 4:4:0:0:3, 4:4:0:0:1, 3:0:0:0:0, 3:0:0:0:1, 3:2:0:0:0, 2:2:0:0:0, 3:0:0:0:0, 3:0:0:0:1, 3:2:0:0:0, 2:1:0:0:0, 2:0:0:0:0, 3:0:0:0:1, 4:3:0:0:1, 3:2:0:0:1, 2:1:0:0:0, 4:1:0:0:0, 4:4:0:0:3, 4:4:0:0:1, 3:0:0:0:0, 3:0:0:0:1, 3:2:0:0:0, 1:3:0:0:0, 7:0:0:0:1, 3:3:0:0:0, 2:0:0:0:0, 1:0:0:0:0, 2:0:0:0:0, 1:0:0:0:0, 4:3:0:0:2, 3:3:0:0:2, 2:1:0:0:0, 2:1:0:0:1, 4:3:0:0:2, 6:5:0:0:3, 2:0:1:0:1, 4:0:0:0:1, 2:1:0:0:0, 2:1:0:0:0, 1:0:0:0:0, 2:0:0:0:1, 2:1:0:0:0, 2:1:0:0:0, 2:0:0:0:0, 3:0:0:0:1, 4:3:0:0:1, 4:2:0:0:1, 2:1:0:0:0, 4:1:0:0:0, 4:4:0:0:3, 5:3:0:0:1, 2:0:0:0:0, 3:0:0:0:1, 3:2:0:0:0, 2:2:0:0:0, 6:0:0:0:1, 3:3:0:0:0, 2:0:0:0:0, 3:2:0:0:0, 2:0:0:0:0, 3:1:0:0:0, 4:3:0:0:2, 3:3:0:0:1, 2:1:0:0:0, 1:0:0:0:0, 4:4:0:0:2, 6:5:0:0:2, 1:0:0:0:0, 3:0:0:0:3, 2:1:0:0:0, 2:1:0:0:0, 1:0:0:0:0, 3:0:0:0:1, 3:1:0:0:0, 2:1:0:0:0, 2:0:0:0:0, 0:0:0:0:0, 6:2:0:0:1, 5:2:0:0:1, 2:3:0:0:0, 1:0:0:0:0, 6:3:0:0:3, 4:4:0:0:1, 1:0:0:0:0, 2:0:0:0:1, 3:1:0:0:0, 3:2:0:0:0, 5:0:0:0:1, 3:2:0:0:0, 2:0:0:0:0, 3:2:0:0:0, 2:0:0:0:0, 2:0:0:0:0, 4:3:0:0:2, 5:6:0:0:3, 2:1:0:0:0, 1:0:0:0:0, 4:4:0:0:2, 5:8:0:0:4, 1:0:0:0:0, 2:0:0:0:1, 2:2:0:0:0, 2:1:0:0:0, 1:0:0:0:0, 4:0:0:0:1, 3:2:0:0:0, 3:2:0:0:0, 2:0:0:0:0, 2:0:0:0:0, 4:2:0:0:1, 5:5:0:0:4, 2:1:0:0:0, 2:0:0:0:1, 6:5:0:0:2, 4:5:0:0:1, 1:0:0:0:0, 3:0:0:0:1, 2:2:0:0:0, 2:4:0:0:0, 7:0:0:0:1, 3:3:0:0:0, 2:0:0:0:0, 3:2:0:0:0, 2:0:0:0:0, 2:0:0:0:0, 4:4:0:0:3, 4:5:0:0:2, 2:2:0:0:0,  , 5:3:0:0:3, 5:7:0:0:3, 1:0:0:0:0, 2:0:0:0:1, 3:3:0:0:0, 3:1:1:0:1, 1:0:0:0:0, 4:0:0:0:2, 3:3:0:0:0, 3:2:0:0:0, 4:3:0:0:0, 1:0:0:0:0, 4:4:0:0:3, 4:4:0:0:2, 2:1:0:0:0, 3:0:2:0:6, 6:3:0:0:2, 5:7:0:0:3, 3:1:0:0:0, 3:0:0:0:1, 3:3:0:0:0, 2:2:0:0:0, 5:0:0:0:1, 3:2:0:0:0, 3:0:0:0:1, 3:2:0:0:0, 2:0:0:0:0, 1:0:0:0:0, 4:3:0:0:1, 3:2:0:0:1, 2:1:0:0:0, 1:0:0:0:0, 4:3:0:0:2, 4:3:0:0:1, 1:0:0:0:0, 2:0:0:0:1, 2:3:0:0:0, 3:1:0:0:0, 1:0:0:0:0, 2:0:0:0:2, 2:1:0:0:0, 3:1:0:0:0, 2:0:0:0:0, 1:0:0:0:0, 4:3:0:0:2, 5:4:0:0:1, 3:2:0:0:0,  , 5:4:0:0:2, 4:6:0:0:2, 1:0:0:0:0, 2:0:0:0:2, 2:2:0:0:0, 3:3:0:0:0, 7:1:0:0:2, 3:3:0:0:0, 2:0:0:0:0, 3:2:0:0:0, 2:0:0:0:0, 3:1:0:0:0, 5:4:0:0:3, 3:4:0:0:2, 2:1:0:0:0, 1:0:0:0:1, 6:4:0:0:3, 5:6:0:0:1, 2:0:0:0:0, 4:0:1:0:4, 3:2:0:0:0, 3:1:0:0:0, 3:0:0:0:1, 6:0:0:0:2, 2:2:0:0:0, 3:1:0:0:0, 2:0:0:0:0, 2:0:0:0:0, 4:2:0:0:1, 3:2:0:0:1, 2:2:0:0:0, 2:0:0:0:1, 5:4:0:0:3, 3:3:0:0:1, 1:0:0:0:0, 2:0:0:0:3, 2:3:0:0:0, 2:2:0:0:0, 7:0:0:0:1, 3:2:0:0:0, 2:0:0:0:0, 3:2:0:0:0, 2:0:0:0:0, 1:0:0:0:0, 4:5:0:0:2, 5:5:0:0:2, 2:2:0:0:0, 2:0:0:0:0, 6:4:0:0:3, 5:8:0:0:4, 2:0:0:0:0, 4:0:0:0:4, 2:2:0:0:0, 2:2:0:0:0, 3:0:0:0:1, 5:0:0:0:1, 3:2:0:0:0, 5:2:0:0:0, 2:0:0:0:0, 3:1:0:0:2, 5:2:0:0:2, 5:4:0:0:2, 3:1:0:0:1, 1:0:0:0:1, 5:3:0:0:2, 6:5:0:0:2, 1:0:0:0:0, 4:0:0:0:3, 3:1:0:0:0, 4:3:0:0:0, 5:0:0:0:1, 3:2:0:0:0, 2:0:0:0:0, 3:2:0:0:0, 2:0:0:0:0, 2:0:0:0:0, 4:3:0:0:1, 4:2:0:0:2, 2:1:0:0:0, 2:0:0:0:1, 4:3:0:0:2, 4:5:0:0:1, 1:0:0:0:0, 2:0:0:0:1, 5:3:1:0:3, 5:2:0:0:1, 2:0:0:0:0, 3:0:0:0:1, 3:2:0:0:0, 3:1:0:0:0, 2:0:0:0:0, 3:0:0:0:1, 4:2:0:0:1, 5:6:0:0:2, 3:2:0:0:0, 4:2:0:0:0, 8:5:0:0:4, 4:7:0:0:3, 1:0:0:0:0, 5:0:0:0:1, 3:1:0:0:0, 1:2:0:0:0, 6:0:0:0:1, 3:2:0:0:0, 2:0:0:0:0, 3:2:0:0:0, 2:0:0:0:0, 1:0:0:0:0, 4:2:0:0:1, 4:3:0:0:1, 2:2:0:0:0, 1:0:0:0:0, 4:4:0:0:3, 3:3:0:0:1, 1:0:0:0:0, 2:0:0:0:1, 2:2:0:0:0, 2:1:0:0:0, 1:0:0:0:0, 2:0:0:0:1, 2:2:0:0:0, 4:1:0:0:0, 2:0:0:0:0, 0:0:0:0:0, 5:5:2:0:3, 3:2:0:0:1, 2:3:0:0:0,  , 7:6:0:0:2, 4:4:0:0:1, 1:0:0:0:0, 5:1:0:0:1, 3:1:0:0:0, 1:3:0:0:0, 5:0:0:0:1, 3:2:0:0:0, 2:0:0:0:0, 3:2:0:0:0, 2:0:0:0:0, 3:1:0:0:0, 4:4:0:0:2, 5:4:0:0:3, 2:1:0:0:0, 2:2:0:0:0, 6:4:1:0:5, 4:3:0:0:1, 1:0:0:0:0, 3:0:0:0:4, 2:3:0:0:0, 2:1:0:0:0, 2:0:0:0:0, 7:1:0:0:1, 3:1:0:0:1, 3:2:0:0:0, 2:0:0:0:0, 2:0:0:0:0, 4:2:0:0:1, 6:5:0:0:4, 3:6:0:0:2, 3:0:0:0:1, 4:3:0:0:2, 5:3:0:0:1, 2:0:0:0:0, 5:0:0:0:3, 2:4:0:0:0, 2:2:0:0:0, 8:0:0:0:1, 3:3:0:0:0, 3:1:0:0:0, 4:2:0:0:1, 1:0:0:0:0, 1:0:0:0:0, 1:0:0:0:0, 1:0:0:0:0, 1063:562:9:0:273
Bb major blues (2b), 1:0:0:0:0, 1:0:0:0:0, 1:0:1:0:1, 1:0:0:0:0, 2:0:0:0:0, 0:0:0:0:0, 1:0:0:0:0, 2:0:0:0:0, 2:0:0:0:1, 2:0:0:0:0, 5:4:0:0:5, 0:0:0:0:0, 1:0:0:0:0, 2:0:0:0:0, 6:4:0:0:5, 2:0:0:0:0, 1:0:0:0:0, 1:0:0:0:0, 1:0:1:0:1, 1:0:0:0:0, 2:0:0:0:0, 0:0:0:0:0, 1:0:0:0:0, 2:0:0:0:0, 2:0:0:0:1, 2:0:0:0:0, 6:4:0:0:5, 0:0:0:0:0, 2:1:0:0:1, 6:4:0:0:5, 1:0:0:0:0, 1:0:0:0:0, 0:0:0:0:0, 2:0:0:0:1, 0:0:0:0:0, 1:0:0:0:0, 1:0:0:0:0, 0:0:0:0:0, 2:0:0:0:0, 2:0:0:0:0, 3:0:0:0:0, 2:0:0:0:0, 6:3:0:0:4, 0:0:0:0:0, 1:0:0:0:0, 1:0:0:0:0, 4:3:0:0:4, 0:0:0:0:0, 1:0:0:0:0, 1:0:0:0:0, 1:0:1:0:1, 1:0:0:0:0, 1:0:0:0:0, 0:0:0:0:0, 1:0:0:0:0, 2:0:0:0:0, 2:0:0:0:0, 1:0:0:0:0, 6:4:0:0:5, 0:0:0:0:0, 3:1:0:0:1, 5:3:0:0:4, 1:0:0:0:0, 1:0:0:0:0, 1:0:0:0:0, 1:0:0:0:0, 0:0:0:0:0, 1:0:0:0:0, 1:0:0:0:0, 0:0:0:0:0, 0:0:0:0:0, 2:0:0:0:0, 3:0:0:0:0, 1:0:0:0:0, 5:4:0:0:6, 0:0:0:0:0, 1:0:0:0:0, 1:0:0:0:0, 5:3:0:0:4, 0:0:0:0:0, 1:0:0:0:0, 1:0:0:0:0, 0:0:0:0:0, 4:0:0:0:1, 4:0:0:0:1, 1:0:0:0:0, 0:0:0:0:0, 3:0:0:0:2, 2:0:0:0:0, 1:0:0:0:0, 4:3:0:0:4, 1:0:0:0:0, 3:3:1:0:3, 4:3:0:0:4, 1:0:0:0:0, 1:0:0:0:0, 1:0:0:0:0, 1:0:0:0:0, 0:0:0:0:0, 1:0:0:0:0, 3:0:0:0:0, 0:0:0:0:0, 0:0:0:0:0, 2:0:0:0:0, 2:0:0:0:0, 1:0:0:0:0, 4:5:0:0:7, 0:0:0:0:0, 1:0:0:0:0, 1:0:0:0:0, 7:3:0:0:4, 1:0:0:0:0, 1:0:0:0:0, 1:0:0:0:0, 1:0:0:0:0, 1:0:0:0:0, 1:0:0:0:0, 0:0:0:0:0, 1:1:0:0:1, 4:0:0:0:0, 1:0:0:0:0, 1:0:0:0:0, 5:5:0:0:7, 0:0:0:0:0, 3:1:0:0:1, 7:3:0:0:4, 1:0:0:0:0, 1:0:0:0:0, 1:0:0:0:0, 1:0:0:0:0, 0:0:0:0:0, 2:0:0:0:1, 1:0:0:0:0, 0:0:0:0:0,  , 2:0:0:0:0, 2:0:0:0:0, 1:0:0:0:0, 4:3:0:0:4, 0:0:0:0:0, 2:0:0:0:0, 1:0:0:0:0, 5:4:0:0:5, 0:0:0:0:0, 1:0:0:0:0, 2:1:0:0:1, 1:0:0:0:0, 1:0:0:0:0, 1:0:0:0:0, 0:0:0:0:0, 1:0:0:0:0, 4:0:0:0:0, 2:0:0:0:0, 2:1:0:0:1, 5:5:0:0:7, 0:0:0:0:0, 2:1:0:0:1, 4:3:0:0:4, 1:0:0:0:0, 1:0:0:0:0, 1:0:0:0:0, 1:0:0:0:0, 1:0:0:0:0, 1:0:0:0:0, 1:0:0:0:0, 0:0:0:0:0, 0:0:0:0:0, 2:0:0:0:0, 1:0:0:0:0, 1:0:0:0:0, 4:3:0:0:5, 0:0:0:0:0, 1:0:0:0:0, 1:0:0:0:0, 4:4:0:0:5, 0:0:0:0:0, 1:0:0:0:0, 1:0:0:0:0, 0:0:0:0:0, 1:0:0:0:0, 1:0:0:0:0, 0:0:0:0:0,  , 2:0:0:0:0, 2:0:0:0:0, 1:0:0:0:0, 4:4:0:0:5, 0:0:0:0:0, 2:2:0:0:2, 7:3:0:0:4, 1:0:0:0:0, 1:0:0:0:0, 1:0:0:0:0, 1:0:0:0:0, 1:0:0:0:0, 1:0:0:0:0, 1:0:0:0:0, 0:0:0:0:0, 1:1:0:0:1, 2:0:0:0:0, 2:0:0:0:0, 3:1:0:0:3, 6:4:0:0:5, 1:0:0:0:0, 1:0:0:0:0, 2:0:0:0:0, 8:3:0:0:4, 0:0:0:0:0, 1:0:0:0:0, 1:0:0:0:0, 0:0:0:0:0, 1:0:0:0:0, 1:0:0:0:0, 0:0:0:0:0, 0:0:0:0:0, 3:0:0:0:0, 1:0:0:0:0, 1:0:0:0:0, 4:5:0:0:8, 0:0:0:0:0, 2:2:0:0:2, 7:3:0:0:4, 1:0:0:0:0, 1:0:0:0:0, 1:0:0:0:0, 1:0:0:0:0, 1:0:0:0:0, 1:0:0:0:0, 3:0:0:0:0, 0:0:0:0:0, 0:0:0:0:0, 2:0:0:0:0, 2:0:0:0:0, 1:0:0:0:0, 5:5:0:0:6, 0:0:0:0:0, 1:0:0:0:0, 2:0:0:0:0, 6:4:0:0:6, 1:0:0:0:0, 3:0:0:0:0, 1:0:0:0:0, 1:0:0:0:0, 1:0:0:0:0, 2:0:0:0:0, 0:0:0:0:0, 0:0:0:0:0, 2:0:0:0:0, 2:0:0:0:0, 1:0:0:0:0, 5:6:0:0:8, 1:0:0:0:0, 4:1:0:0:1, 5:3:0:0:4, 1:0:0:0:0, 1:0:0:0:0, 1:0:0:0:0, 1:0:0:0:0, 0:0:0:0:0, 1:0:0:0:0, 1:0:0:0:0, 1:0:0:0:0, 0:0:0:0:0, 2:0:0:0:0, 1:0:0:0:0, 1:0:0:0:0, 4:3:0:0:4, 2:3:1:0:3, 3:1:0:0:1, 1:0:0:0:0, 4:4:0:0:5, 1:1:0:0:1, 1:0:0:0:0, 1:0:0:0:0, 1:0:0:0:0, 1:0:0:0:0, 1:0:0:0:0, 1:0:0:0:0, 1:1:0:0:1, 4:0:0:0:0, 2:0:0:0:0, 1:0:0:0:0, 7:4:0:0:7, 1:1:0:0:1, 2:1:0:0:1, 5:4:0:0:5, 1:0:0:0:0, 1:0:0:0:0, 1:0:0:0:0, 1:0:0:0:0, 0:0:0:0:0, 1:0:0:0:0, 1:0:0:0:0, 0:0:0:0:0, 1:0:0:0:0, 2:0:0:0:0, 1:0:0:0:0, 1:0:0:0:0, 4:4:0:0:5, 0:0:0:0:0, 1:0:0:0:0, 1:0:0:0:0, 4:6:0:0:8, 0:0:0:0:0, 2:1:0:0:1, 1:0:0:0:0, 1:0:0:0:0, 2:0:2:0:2, 1:0:0:0:0, 0:0:0:0:0,  , 4:0:0:0:0, 1:0:0:0:0, 1:0:0:0:0, 8:3:0:0:4, 1:0:0:0:0, 2:2:0:0:2, 4:3:0:0:4, 1:0:0:0:0, 1:0:0:0:0, 1:0:0:0:0, 1:0:0:0:0, 1:0:0:0:0, 1:0:0:0:0, 1:0:0:0:0, 0:0:0:0:0, 0:0:0:0:0, 2:0:0:0:0, 1:0:0:0:0, 1:0:0:0:0, 5:4:0:0:6, 0:0:0:0:0, 1:0:0:0:0, 1:0:0:0:0, 8:4:0:0:5, 0:0:0:0:0, 1:0:0:0:0, 1:0:0:0:0, 0:0:0:0:0, 1:0:0:0:0, 2:0:0:0:0, 1:0:0:0:0, 0:0:0:0:0, 2:0:0:0:0, 2:0:0:0:0, 2:0:0:0:0, 6:4:0:0:6, 0:0:0:0:0, 2:1:0:0:1, 8:3:0:0:4, 1:0:0:0:0, 1:0:0:0:0, 1:0:0:0:0, 0:0:0:0:0, 0:0:0:0:0, 0:0:0:0:0, 0:0:0:0:0, 581:195:7:0:268
D major blues (2#), 1:0:0:0:0, 2:0:0:0:0, 3:0:0:0:1, 4:3:0:0:1, 3:2:0:0:1, 2:1:0:0:0, 4:1:0:0:0, 4:4:0:0:3, 4:4:0:0:1, 3:0:0:0:0, 3:0:0:0:1, 3:2:0:0:0, 2:2:0:0:0, 3:0:0:0:0, 3:0:0:0:1, 3:2:0:0:0, 2:1:0:0:0, 2:0:0:0:0, 3:0:0:0:1, 4:3:0:0:1, 3:2:0:0:1, 2:1:0:0:0, 4:1:0:0:0, 4:4:0:0:3, 4:4:0:0:1, 3:0:0:0:0, 3:0:0:0:1, 3:2:0:0:0, 1:3:0:0:0, 7:0:0:0:1, 3:3:0:0:0, 2:0:0:0:0, 1:0:0:0:0, 2:0:0:0:0, 1:0:0:0:0, 4:3:0:0:2, 3:3:0:0:2, 2:1:0:0:0, 2:1:0:0:1, 4:3:0:0:2, 6:5:0:0:3, 2:0:1:0:1, 4:0:0:0:1, 2:1:0:0:0, 2:1:0:0:0, 1:0:0:0:0, 2:0:0:0:1, 2:1:0:0:0, 2:1:0:0:0, 2:0:0:0:0, 3:0:0:0:1, 4:3:0:0:1, 4:2:0:0:1, 2:1:0:0:0, 4:1:0:0:0, 4:4:0:0:3, 5:3:0:0:1, 2:0:0:0:0, 3:0:0:0:1, 3:2:0:0:0, 2:2:0:0:0, 6:0:0:0:1, 3:3:0:0:0, 2:0:0:0:0, 3:2:0:0:0, 2:0:0:0:0, 3:1:0:0:0, 4:3:0:0:2, 3:3:0:0:1, 2:1:0:0:0, 1:0:0:0:0, 4:4:0:0:2, 6:5:0:0:2, 1:0:0:0:0, 3:0:0:0:3, 2:1:0:0:0, 2:1:0:0:0, 1:0:0:0:0, 3:0:0:0:1, 3:1:0:0:0, 2:1:0:0:0, 2:0:0:0:0, 0:0:0:0:0, 6:2:0:0:1, 5:2:0:0:1, 2:3:0:0:0, 1:0:0:0:0, 6:3:0:0:3, 4:4:0:0:1, 1:0:0:0:0, 2:0:0:0:1, 3:1:0:0:0, 3:2:0:0:0, 5:0:0:0:1, 3:2:0:0:0, 2:0:0:0:0, 3:2:0:0:0, 2:0:0:0:0, 2:0:0:0:0, 4:3:0:0:2, 5:6:0:0:3, 2:1:0:0:0, 1:0:0:0:0, 4:4:0:0:2, 5:8:0:0:4, 1:0:0:0:0, 2:0:0:0:1, 2:2:0:0:0, 2:1:0:0:0, 1:0:0:0:0, 4:0:0:0:1, 3:2:0:0:0, 3:2:0:0:0, 2:0:0:0:0, 2:0:0:0:0, 4:2:0:0:1, 5:5:0:0:4, 2:1:0:0:0, 2:0:0:0:1, 6:5:0:0:2, 4:5:0:0:1, 1:0:0:0:0, 3:0:0:0:1, 2:2:0:0:0, 2:4:0:0:0, 7:0:0:0:1, 3:3:0:0:0, 2:0:0:0:0, 3:2:0:0:0, 2:0:0:0:0, 2:0:0:0:0, 4:4:0:0:3, 4:5:0:0:2, 2:2:0:0:0,  , 5:3:0:0:3, 5:7:0:0:3, 1:0:0:0:0, 2:0:0:0:1, 3:3:0:0:0, 3:1:1:0:1, 1:0:0:0:0, 4:0:0:0:2, 3:3:0:0:0, 3:2:0:0:0, 4:3:0:0:0, 1:0:0:0:0, 4:4:0:0:3, 4:4:0:0:2, 2:1:0:0:0, 3:0:2:0:6, 6:3:0:0:2, 5:7:0:0:3, 3:1:0:0:0, 3:0:0:0:1, 3:3:0:0:0, 2:2:0:0:0, 5:0:0:0:1, 3:2:0:0:0, 3:0:0:0:1, 3:2:0:0:0, 2:0:0:0:0, 1:0:0:0:0, 4:3:0:0:1, 3:2:0:0:1, 2:1:0:0:0, 1:0:0:0:0, 4:3:0:0:2, 4:3:0:0:1, 1:0:0:0:0, 2:0:0:0:1, 2:3:0:0:0, 3:1:0:0:0, 1:0:0:0:0, 2:0:0:0:2, 2:1:0:0:0, 3:1:0:0:0, 2:0:0:0:0, 1:0:0:0:0, 4:3:0:0:2, 5:4:0:0:1, 3:2:0:0:0,  , 5:4:0:0:2, 4:6:0:0:2, 1:0:0:0:0, 2:0:0:0:2, 2:2:0:0:0, 3:3:0:0:0, 7:1:0:0:2, 3:3:0:0:0, 2:0:0:0:0, 3:2:0:0:0, 2:0:0:0:0, 3:1:0:0:0, 5:4:0:0:3, 3:4:0:0:2, 2:1:0:0:0, 1:0:0:0:1, 6:4:0:0:3, 5:6:0:0:1, 2:0:0:0:0, 4:0:1:0:4, 3:2:0:0:0, 3:1:0:0:0, 3:0:0:0:1, 6:0:0:0:2, 2:2:0:0:0, 3:1:0:0:0, 2:0:0:0:0, 2:0:0:0:0, 4:2:0:0:1, 3:2:0:0:1, 2:2:0:0:0, 2:0:0:0:1, 5:4:0:0:3, 3:3:0:0:1, 1:0:0:0:0, 2:0:0:0:3, 2:3:0:0:0, 2:2:0:0:0, 7:0:0:0:1, 3:2:0:0:0, 2:0:0:0:0, 3:2:0:0:0, 2:0:0:0:0, 1:0:0:0:0, 4:5:0:0:2, 5:5:0:0:2, 2:2:0:0:0, 2:0:0:0:0, 6:4:0:0:3, 5:8:0:0:4, 2:0:0:0:0, 4:0:0:0:4, 2:2:0:0:0, 2:2:0:0:0, 3:0:0:0:1, 5:0:0:0:1, 3:2:0:0:0, 5:2:0:0:0, 2:0:0:0:0, 3:1:0:0:2, 5:2:0:0:2, 5:4:0:0:2, 3:1:0:0:1, 1:0:0:0:1, 5:3:0:0:2, 6:5:0:0:2, 1:0:0:0:0, 4:0:0:0:3, 3:1:0:0:0, 4:3:0:0:0, 5:0:0:0:1, 3:2:0:0:0, 2:0:0:0:0, 3:2:0:0:0, 2:0:0:0:0, 2:0:0:0:0, 4:3:0:0:1, 4:2:0:0:2, 2:1:0:0:0, 2:0:0:0:1, 4:3:0:0:2, 4:5:0:0:1, 1:0:0:0:0, 2:0:0:0:1, 5:3:1:0:3, 5:2:0:0:1, 2:0:0:0:0, 3:0:0:0:1, 3:2:0:0:0, 3:1:0:0:0, 2:0:0:0:0, 3:0:0:0:1, 4:2:0:0:1, 5:6:0:0:2, 3:2:0:0:0, 4:2:0:0:0, 8:5:0:0:4, 4:7:0:0:3, 1:0:0:0:0, 5:0:0:0:1, 3:1:0:0:0, 1:2:0:0:0, 6:0:0:0:1, 3:2:0:0:0, 2:0:0:0:0, 3:2:0:0:0, 2:0:0:0:0, 1:0:0:0:0, 4:2:0:0:1, 4:3:0:0:1, 2:2:0:0:0, 1:0:0:0:0, 4:4:0:0:3, 3:3:0:0:1, 1:0:0:0:0, 2:0:0:0:1, 2:2:0:0:0, 2:1:0:0:0, 1:0:0:0:0, 2:0:0:0:1, 2:2:0:0:0, 4:1:0:0:0, 2:0:0:0:0, 0:0:0:0:0, 5:5:2:0:3, 3:2:0:0:1, 2:3:0:0:0,  , 7:6:0:0:2, 4:4:0:0:1, 1:0:0:0:0, 5:1:0:0:1, 3:1:0:0:0, 1:3:0:0:0, 5:0:0:0:1, 3:2:0:0:0, 2:0:0:0:0, 3:2:0:0:0, 2:0:0:0:0, 3:1:0:0:0, 4:4:0:0:2, 5:4:0:0:3, 2:1:0:0:0, 2:2:0:0:0, 6:4:1:0:5, 4:3:0:0:1, 1:0:0:0:0, 3:0:0:0:4, 2:3:0:0:0, 2:1:0:0:0, 2:0:0:0:0, 7:1:0:0:1, 3:1:0:0:1, 3:2:0:0:0, 2:0:0:0:0, 2:0:0:0:0, 4:2:0:0:1, 6:5:0:0:4, 3:6:0:0:2, 3:0:0:0:1, 4:3:0:0:2, 5:3:0:0:1, 2:0:0:0:0, 5:0:0:0:3, 2:4:0:0:0, 2:2:0:0:0, 8:0:0:0:1, 3:3:0:0:0, 3:1:0:0:0, 4:2:0:0:1, 1:0:0:0:0, 1:0:0:0:0, 1:0:0:0:0, 1:0:0:0:0, 1063:562:9:0:273
G minor blues (2b), 1:0:0:0:0, 1:0:0:0:0, 1:0:1:0:1, 1:0:0:0:0, 2:0:0:0:0, 0:0:0:0:0, 1:0:0:0:0, 2:0:0:0:0, 2:0:0:0:1, 2:0:0:0:0, 5:4:0:0:5, 0:0:0:0:0, 1:0:0:0:0, 2:0:0:0:0, 6:4:0:0:5, 2:0:0:0:0, 1:0:0:0:0, 1:0:0:0:0, 1:0:1:0:1, 1:0:0:0:0, 2:0:0:0:0, 0:0:0:0:0, 1:0:0:0:0, 2:0:0:0:0, 2:0:0:0:1, 2:0:0:0:0, 6:4:0:0:5, 0:0:0:0:0, 2:1:0:0:1, 6:4:0:0:5, 1:0:0:0:0, 1:0:0:0:0, 0:0:0:0:0, 2:0:0:0:1, 0:0:0:0:0, 1:0:0:0:0, 1:0:0:0:0, 0:0:0:0:0, 2:0:0:0:0, 2:0:0:0:0, 3:0:0:0:0, 2:0:0:0:0, 6:3:0:0:4, 0:0:0:0:0, 1:0:0:0:0, 1:0:0:0:0, 4:3:0:0:4, 0:0:0:0:0, 1:0:0:0:0, 1:0:0:0:0, 1:0:1:0:1, 1:0:0:0:0, 1:0:0:0:0, 0:0:0:0:0, 1:0:0:0:0, 2:0:0:0:0, 2:0:0:0:0, 1:0:0:0:0, 6:4:0:0:5, 0:0:0:0:0, 3:1:0:0:1, 5:3:0:0:4, 1:0:0:0:0, 1:0:0:0:0, 1:0:0:0:0, 1:0:0:0:0, 0:0:0:0:0, 1:0:0:0:0, 1:0:0:0:0, 0:0:0:0:0, 0:0:0:0:0, 2:0:0:0:0, 3:0:0:0:0, 1:0:0:0:0, 5:4:0:0:6, 0:0:0:0:0, 1:0:0:0:0, 1:0:0:0:0, 5:3:0:0:4, 0:0:0:0:0, 1:0:0:0:0, 1:0:0:0:0, 0:0:0:0:0, 4:0:0:0:1, 4:0:0:0:1, 1:0:0:0:0, 0:0:0:0:0, 3:0:0:0:2, 2:0:0:0:0, 1:0:0:0:0, 4:3:0:0:4, 1:0:0:0:0, 3:3:1:0:3, 4:3:0:0:4, 1:0:0:0:0, 1:0:0:0:0, 1:0:0:0:0, 1:0:0:0:0, 0:0:0:0:0, 1:0:0:0:0, 3:0:0:0:0, 0:0:0:0:0, 0:0:0:0:0, 2:0:0:0:0, 2:0:0:0:0, 1:0:0:0:0, 4:5:0:0:7, 0:0:0:0:0, 1:0:0:0:0, 1:0:0:0:0, 7:3:0:0:4, 1:0:0:0:0, 1:0:0:0:0, 1:0:0:0:0, 1:0:0:0:0, 1:0:0:0:0, 1:0:0:0:0, 0:0:0:0:0, 1:1:0:0:1, 4:0:0:0:0, 1:0:0:0:0, 1:0:0:0:0, 5:5:0:0:7, 0:0:0:0:0, 3:1:0:0:1, 7:3:0:0:4, 1:0:0:0:0, 1:0:0:0:0, 1:0:0:0:0, 1:0:0:0:0, 0:0:0:0:0, 2:0:0:0:1, 1:0:0:0:0, 0:0:0:0:0,  , 2:0:0:0:0, 2:0:0:0:0, 1:0:0:0:0, 4:3:0:0:4, 0:0:0:0:0, 2:0:0:0:0, 1:0:0:0:0, 5:4:0:0:5, 0:0:0:0:0, 1:0:0:0:0, 2:1:0:0:1, 1:0:0:0:0, 1:0:0:0:0, 1:0:0:0:0, 0:0:0:0:0, 1:0:0:0:0, 4:0:0:0:0, 2:0:0:0:0, 2:1:0:0:1, 5:5:0:0:7, 0:0:0:0:0, 2:1:0:0:1, 4:3:0:0:4, 1:0:0:0:0, 1:0:0:0:0, 1:0:0:0:0, 1:0:0:0:0, 1:0:0:0:0, 1:0:0:0:0, 1:0:0:0:0, 0:0:0:0:0, 0:0:0:0:0, 2:0:0:0:0, 1:0:0:0:0, 1:0:0:0:0, 4:3:0:0:5, 0:0:0:0:0, 1:0:0:0:0, 1:0:0:0:0, 4:4:0:0:5, 0:0:0:0:0, 1:0:0:0:0, 1:0:0:0:0, 0:0:0:0:0, 1:0:0:0:0, 1:0:0:0:0, 0:0:0:0:0,  , 2:0:0:0:0, 2:0:0:0:0, 1:0:0:0:0, 4:4:0:0:5, 0:0:0:0:0, 2:2:0:0:2, 7:3:0:0:4, 1:0:0:0:0, 1:0:0:0:0, 1:0:0:0:0, 1:0:0:0:0, 1:0:0:0:0, 1:0:0:0:0, 1:0:0:0:0, 0:0:0:0:0, 1:1:0:0:1, 2:0:0:0:0, 2:0:0:0:0, 3:1:0:0:3, 6:4:0:0:5, 1:0:0:0:0, 1:0:0:0:0, 2:0:0:0:0, 8:3:0:0:4, 0:0:0:0:0, 1:0:0:0:0, 1:0:0:0:0, 0:0:0:0:0, 1:0:0:0:0, 1:0:0:0:0, 0:0:0:0:0, 0:0:0:0:0, 3:0:0:0:0, 1:0:0:0:0, 1:0:0:0:0, 4:5:0:0:8, 0:0:0:0:0, 2:2:0:0:2, 7:3:0:0:4, 1:0:0:0:0, 1:0:0:0:0, 1:0:0:0:0, 1:0:0:0:0, 1:0:0:0:0, 1:0:0:0:0, 3:0:0:0:0, 0:0:0:0:0, 0:0:0:0:0, 2:0:0:0:0, 2:0:0:0:0, 1:0:0:0:0, 5:5:0:0:6, 0:0:0:0:0, 1:0:0:0:0, 2:0:0:0:0, 6:4:0:0:6, 1:0:0:0:0, 3:0:0:0:0, 1:0:0:0:0, 1:0:0:0:0, 1:0:0:0:0, 2:0:0:0:0, 0:0:0:0:0, 0:0:0:0:0, 2:0:0:0:0, 2:0:0:0:0, 1:0:0:0:0, 5:6:0:0:8, 1:0:0:0:0, 4:1:0:0:1, 5:3:0:0:4, 1:0:0:0:0, 1:0:0:0:0, 1:0:0:0:0, 1:0:0:0:0, 0:0:0:0:0, 1:0:0:0:0, 1:0:0:0:0, 1:0:0:0:0, 0:0:0:0:0, 2:0:0:0:0, 1:0:0:0:0, 1:0:0:0:0, 4:3:0:0:4, 2:3:1:0:3, 3:1:0:0:1, 1:0:0:0:0, 4:4:0:0:5, 1:1:0:0:1, 1:0:0:0:0, 1:0:0:0:0, 1:0:0:0:0, 1:0:0:0:0, 1:0:0:0:0, 1:0:0:0:0, 1:1:0:0:1, 4:0:0:0:0, 2:0:0:0:0, 1:0:0:0:0, 7:4:0:0:7, 1:1:0:0:1, 2:1:0:0:1, 5:4:0:0:5, 1:0:0:0:0, 1:0:0:0:0, 1:0:0:0:0, 1:0:0:0:0, 0:0:0:0:0, 1:0:0:0:0, 1:0:0:0:0, 0:0:0:0:0, 1:0:0:0:0, 2:0:0:0:0, 1:0:0:0:0, 1:0:0:0:0, 4:4:0:0:5, 0:0:0:0:0, 1:0:0:0:0, 1:0:0:0:0, 4:6:0:0:8, 0:0:0:0:0, 2:1:0:0:1, 1:0:0:0:0, 1:0:0:0:0, 2:0:2:0:2, 1:0:0:0:0, 0:0:0:0:0,  , 4:0:0:0:0, 1:0:0:0:0, 1:0:0:0:0, 8:3:0:0:4, 1:0:0:0:0, 2:2:0:0:2, 4:3:0:0:4, 1:0:0:0:0, 1:0:0:0:0, 1:0:0:0:0, 1:0:0:0:0, 1:0:0:0:0, 1:0:0:0:0, 1:0:0:0:0, 0:0:0:0:0, 0:0:0:0:0, 2:0:0:0:0, 1:0:0:0:0, 1:0:0:0:0, 5:4:0:0:6, 0:0:0:0:0, 1:0:0:0:0, 1:0:0:0:0, 8:4:0:0:5, 0:0:0:0:0, 1:0:0:0:0, 1:0:0:0:0, 0:0:0:0:0, 1:0:0:0:0, 2:0:0:0:0, 1:0:0:0:0, 0:0:0:0:0, 2:0:0:0:0, 2:0:0:0:0, 2:0:0:0:0, 6:4:0:0:6, 0:0:0:0:0, 2:1:0:0:1, 8:3:0:0:4, 1:0:0:0:0, 1:0:0:0:0, 1:0:0:0:0, 0:0:0:0:0, 0:0:0:0:0, 0:0:0:0:0, 0:0:0:0:0, 581:195:7:0:268
B minor blues (2#), 1:0:0:0:0, 2:0:0:0:0, 3:0:0:0:1, 4:3:0:0:1, 3:2:0:0:1, 2:1:0:0:0, 4:1:0:0:0, 4:4:0:0:3, 4:4:0:0:1, 3:0:0:0:0, 3:0:0:0:1, 3:2:0:0:0, 2:2:0:0:0, 3:0:0:0:0, 3:0:0:0:1, 3:2:0:0:0, 2:1:0:0:0, 2:0:0:0:0, 3:0:0:0:1, 4:3:0:0:1, 3:2:0:0:1, 2:1:0:0:0, 4:1:0:0:0, 4:4:0:0:3, 4:4:0:0:1, 3:0:0:0:0, 3:0:0:0:1, 3:2:0:0:0, 1:3:0:0:0, 7:0:0:0:1, 3:3:0:0:0, 2:0:0:0:0, 1:0:0:0:0, 2:0:0:0:0, 1:0:0:0:0, 4:3:0:0:2, 3:3:0:0:2, 2:1:0:0:0, 2:1:0:0:1, 4:3:0:0:2, 6:5:0:0:3, 2:0:1:0:1, 4:0:0:0:1, 2:1:0:0:0, 2:1:0:0:0, 1:0:0:0:0, 2:0:0:0:1, 2:1:0:0:0, 2:1:0:0:0, 2:0:0:0:0, 3:0:0:0:1, 4:3:0:0:1, 4:2:0:0:1, 2:1:0:0:0, 4:1:0:0:0, 4:4:0:0:3, 5:3:0:0:1, 2:0:0:0:0, 3:0:0:0:1, 3:2:0:0:0, 2:2:0:0:0, 6:0:0:0:1, 3:3:0:0:0, 2:0:0:0:0, 3:2:0:0:0, 2:0:0:0:0, 3:1:0:0:0, 4:3:0:0:2, 3:3:0:0:1, 2:1:0:0:0, 1:0:0:0:0, 4:4:0:0:2, 6:5:0:0:2, 1:0:0:0:0, 3:0:0:0:3, 2:1:0:0:0, 2:1:0:0:0, 1:0:0:0:0, 3:0:0:0:1, 3:1:0:0:0, 2:1:0:0:0, 2:0:0:0:0, 0:0:0:0:0, 6:2:0:0:1, 5:2:0:0:1, 2:3:0:0:0, 1:0:0:0:0, 6:3:0:0:3, 4:4:0:0:1, 1:0:0:0:0, 2:0:0:0:1, 3:1:0:0:0, 3:2:0:0:0, 5:0:0:0:1, 3:2:0:0:0, 2:0:0:0:0, 3:2:0:0:0, 2:0:0:0:0, 2:0:0:0:0, 4:3:0:0:2, 5:6:0:0:3, 2:1:0:0:0, 1:0:0:0:0, 4:4:0:0:2, 5:8:0:0:4, 1:0:0:0:0, 2:0:0:0:1, 2:2:0:0:0, 2:1:0:0:0, 1:0:0:0:0, 4:0:0:0:1, 3:2:0:0:0, 3:2:0:0:0, 2:0:0:0:0, 2:0:0:0:0, 4:2:0:0:1, 5:5:0:0:4, 2:1:0:0:0, 2:0:0:0:1, 6:5:0:0:2, 4:5:0:0:1, 1:0:0:0:0, 3:0:0:0:1, 2:2:0:0:0, 2:4:0:0:0, 7:0:0:0:1, 3:3:0:0:0, 2:0:0:0:0, 3:2:0:0:0, 2:0:0:0:0, 2:0:0:0:0, 4:4:0:0:3, 4:5:0:0:2, 2:2:0:0:0,  , 5:3:0:0:3, 5:7:0:0:3, 1:0:0:0:0, 2:0:0:0:1, 3:3:0:0:0, 3:1:1:0:1, 1:0:0:0:0, 4:0:0:0:2, 3:3:0:0:0, 3:2:0:0:0, 4:3:0:0:0, 1:0:0:0:0, 4:4:0:0:3, 4:4:0:0:2, 2:1:0:0:0, 3:0:2:0:6, 6:3:0:0:2, 5:7:0:0:3, 3:1:0:0:0, 3:0:0:0:1, 3:3:0:0:0, 2:2:0:0:0, 5:0:0:0:1, 3:2:0:0:0, 3:0:0:0:1, 3:2:0:0:0, 2:0:0:0:0, 1:0:0:0:0, 4:3:0:0:1, 3:2:0:0:1, 2:1:0:0:0, 1:0:0:0:0, 4:3:0:0:2, 4:3:0:0:1, 1:0:0:0:0, 2:0:0:0:1, 2:3:0:0:0, 3:1:0:0:0, 1:0:0:0:0, 2:0:0:0:2, 2:1:0:0:0, 3:1:0:0:0, 2:0:0:0:0, 1:0:0:0:0, 4:3:0:0:2, 5:4:0:0:1, 3:2:0:0:0,  , 5:4:0:0:2, 4:6:0:0:2, 1:0:0:0:0, 2:0:0:0:2, 2:2:0:0:0, 3:3:0:0:0, 7:1:0:0:2, 3:3:0:0:0, 2:0:0:0:0, 3:2:0:0:0, 2:0:0:0:0, 3:1:0:0:0, 5:4:0:0:3, 3:4:0:0:2, 2:1:0:0:0, 1:0:0:0:1, 6:4:0:0:3, 5:6:0:0:1, 2:0:0:0:0, 4:0:1:0:4, 3:2:0:0:0, 3:1:0:0:0, 3:0:0:0:1, 6:0:0:0:2, 2:2:0:0:0, 3:1:0:0:0, 2:0:0:0:0, 2:0:0:0:0, 4:2:0:0:1, 3:2:0:0:1, 2:2:0:0:0, 2:0:0:0:1, 5:4:0:0:3, 3:3:0:0:1, 1:0:0:0:0, 2:0:0:0:3, 2:3:0:0:0, 2:2:0:0:0, 7:0:0:0:1, 3:2:0:0:0, 2:0:0:0:0, 3:2:0:0:0, 2:0:0:0:0, 1:0:0:0:0, 4:5:0:0:2, 5:5:0:0:2, 2:2:0:0:0, 2:0:0:0:0, 6:4:0:0:3, 5:8:0:0:4, 2:0:0:0:0, 4:0:0:0:4, 2:2:0:0:0, 2:2:0:0:0, 3:0:0:0:1, 5:0:0:0:1, 3:2:0:0:0, 5:2:0:0:0, 2:0:0:0:0, 3:1:0:0:2, 5:2:0:0:2, 5:4:0:0:2, 3:1:0:0:1, 1:0:0:0:1, 5:3:0:0:2, 6:5:0:0:2, 1:0:0:0:0, 4:0:0:0:3, 3:1:0:0:0, 4:3:0:0:0, 5:0:0:0:1, 3:2:0:0:0, 2:0:0:0:0, 3:2:0:0:0, 2:0:0:0:0, 2:0:0:0:0, 4:3:0:0:1, 4:2:0:0:2, 2:1:0:0:0, 2:0:0:0:1, 4:3:0:0:2, 4:5:0:0:1, 1:0:0:0:0, 2:0:0:0:1, 5:3:1:0:3, 5:2:0:0:1, 2:0:0:0:0, 3:0:0:0:1, 3:2:0:0:0, 3:1:0:0:0, 2:0:0:0:0, 3:0:0:0:1, 4:2:0:0:1, 5:6:0:0:2, 3:2:0:0:0, 4:2:0:0:0, 8:5:0:0:4, 4:7:0:0:3, 1:0:0:0:0, 5:0:0:0:1, 3:1:0:0:0, 1:2:0:0:0, 6:0:0:0:1, 3:2:0:0:0, 2:0:0:0:0, 3:2:0:0:0, 2:0:0:0:0, 1:0:0:0:0, 4:2:0:0:1, 4:3:0:0:1, 2:2:0:0:0, 1:0:0:0:0, 4:4:0:0:3, 3:3:0:0:1, 1:0:0:0:0, 2:0:0:0:1, 2:2:0:0:0, 2:1:0:0:0, 1:0:0:0:0, 2:0:0:0:1, 2:2:0:0:0, 4:1:0:0:0, 2:0:0:0:0, 0:0:0:0:0, 5:5:2:0:3, 3:2:0:0:1, 2:3:0:0:0,  , 7:6:0:0:2, 4:4:0:0:1, 1:0:0:0:0, 5:1:0:0:1, 3:1:0:0:0, 1:3:0:0:0, 5:0:0:0:1, 3:2:0:0:0, 2:0:0:0:0, 3:2:0:0:0, 2:0:0:0:0, 3:1:0:0:0, 4:4:0:0:2, 5:4:0:0:3, 2:1:0:0:0, 2:2:0:0:0, 6:4:1:0:5, 4:3:0:0:1, 1:0:0:0:0, 3:0:0:0:4, 2:3:0:0:0, 2:1:0:0:0, 2:0:0:0:0, 7:1:0:0:1, 3:1:0:0:1, 3:2:0:0:0, 2:0:0:0:0, 2:0:0:0:0, 4:2:0:0:1, 6:5:0:0:4, 3:6:0:0:2, 3:0:0:0:1, 4:3:0:0:2, 5:3:0:0:1, 2:0:0:0:0, 5:0:0:0:3, 2:4:0:0:0, 2:2:0:0:0, 8:0:0:0:1, 3:3:0:0:0, 3:1:0:0:0, 4:2:0:0:1, 1:0:0:0:0, 1:0:0:0:0, 1:0:0:0:0, 1:0:0:0:0, 1063:562:9:0:273
Bb dorian (2b), 1:0:0:0:0, 1:0:0:0:0, 1:0:1:0:1, 1:0:0:0:0, 2:0:0:0:0, 0:0:0:0:0, 1:0:0:0:0, 2:0:0:0:0, 2:0:0:0:1, 2:0:0:0:0, 5:4:0:0:5, 0:0:0:0:0, 1:0:0:0:0, 2:0:0:0:0, 6:4:0:0:5, 2:0:0:0:0, 1:0:0:0:0, 1:0:0:0:0, 1:0:1:0:1, 1:0:0:0:0, 2:0:0:0:0, 0:0:0:0:0, 1:0:0:0:0, 2:0:0:0:0, 2:0:0:0:1, 2:0:0:0:0, 6:4:0:0:5, 0:0:0:0:0, 2:1:0:0:1, 6:4:0:0:5, 1:0:0:0:0, 1:0:0:0:0, 0:0:0:0:0, 2:0:0:0:1, 0:0:0:0:0, 1:0:0:0:0, 1:0:0:0:0, 0:0:0:0:0, 2:0:0:0:0, 2:0:0:0:0, 3:0:0:0:0, 2:0:0:0:0, 6:3:0:0:4, 0:0:0:0:0, 1:0:0:0:0, 1:0:0:0:0, 4:3:0:0:4, 0:0:0:0:0, 1:0:0:0:0, 1:0:0:0:0, 1:0:1:0:1, 1:0:0:0:0, 1:0:0:0:0, 0:0:0:0:0, 1:0:0:0:0, 2:0:0:0:0, 2:0:0:0:0, 1:0:0:0:0, 6:4:0:0:5, 0:0:0:0:0, 3:1:0:0:1, 5:3:0:0:4, 1:0:0:0:0, 1:0:0:0:0, 1:0:0:0:0, 1:0:0:0:0, 0:0:0:0:0, 1:0:0:0:0, 1:0:0:0:0, 0:0:0:0:0, 0:0:0:0:0, 2:0:0:0:0, 3:0:0:0:0, 1:0:0:0:0, 5:4:0:0:6, 0:0:0:0:0, 1:0:0:0:0, 1:0:0:0:0, 5:3:0:0:4, 0:0:0:0:0, 1:0:0:0:0, 1:0:0:0:0, 0:0:0:0:0, 4:0:0:0:1, 4:0:0:0:1, 1:0:0:0:0, 0:0:0:0:0, 3:0:0:0:2, 2:0:0:0:0, 1:0:0:0:0, 4:3:0:0:4, 1:0:0:0:0, 3:3:1:0:3, 4:3:0:0:4, 1:0:0:0:0, 1:0:0:0:0, 1:0:0:0:0, 1:0:0:0:0, 0:0:0:0:0, 1:0:0:0:0, 3:0:0:0:0, 0:0:0:0:0, 0:0:0:0:0, 2:0:0:0:0, 2:0:0:0:0, 1:0:0:0:0, 4:5:0:0:7, 0:0:0:0:0, 1:0:0:0:0, 1:0:0:0:0, 7:3:0:0:4, 1:0:0:0:0, 1:0:0:0:0, 1:0:0:0:0, 1:0:0:0:0, 1:0:0:0:0, 1:0:0:0:0, 0:0:0:0:0, 1:1:0:0:1, 4:0:0:0:0, 1:0:0:0:0, 1:0:0:0:0, 5:5:0:0:7, 0:0:0:0:0, 3:1:0:0:1, 7:3:0:0:4, 1:0:0:0:0, 1:0:0:0:0, 1:0:0:0:0, 1:0:0:0:0, 0:0:0:0:0, 2:0:0:0:1, 1:0:0:0:0, 0:0:0:0:0,  , 2:0:0:0:0, 2:0:0:0:0, 1:0:0:0:0, 4:3:0:0:4, 0:0:0:0:0, 2:0:0:0:0, 1:0:0:0:0, 5:4:0:0:5, 0:0:0:0:0, 1:0:0:0:0, 2:1:0:0:1, 1:0:0:0:0, 1:0:0:0:0, 1:0:0:0:0, 0:0:0:0:0, 1:0:0:0:0, 4:0:0:0:0, 2:0:0:0:0, 2:1:0:0:1, 5:5:0:0:7, 0:0:0:0:0, 2:1:0:0:1, 4:3:0:0:4, 1:0:0:0:0, 1:0:0:0:0, 1:0:0:0:0, 1:0:0:0:0, 1:0:0:0:0, 1:0:0:0:0, 1:0:0:0:0, 0:0:0:0:0, 0:0:0:0:0, 2:0:0:0:0, 1:0:0:0:0, 1:0:0:0:0, 4:3:0:0:5, 0:0:0:0:0, 1:0:0:0:0, 1:0:0:0:0, 4:4:0:0:5, 0:0:0:0:0, 1:0:0:0:0, 1:0:0:0:0, 0:0:0:0:0, 1:0:0:0:0, 1:0:0:0:0, 0:0:0:0:0,  , 2:0:0:0:0, 2:0:0:0:0, 1:0:0:0:0, 4:4:0:0:5, 0:0:0:0:0, 2:2:0:0:2, 7:3:0:0:4, 1:0:0:0:0, 1:0:0:0:0, 1:0:0:0:0, 1:0:0:0:0, 1:0:0:0:0, 1:0:0:0:0, 1:0:0:0:0, 0:0:0:0:0, 1:1:0:0:1, 2:0:0:0:0, 2:0:0:0:0, 3:1:0:0:3, 6:4:0:0:5, 1:0:0:0:0, 1:0:0:0:0, 2:0:0:0:0, 8:3:0:0:4, 0:0:0:0:0, 1:0:0:0:0, 1:0:0:0:0, 0:0:0:0:0, 1:0:0:0:0, 1:0:0:0:0, 0:0:0:0:0, 0:0:0:0:0, 3:0:0:0:0, 1:0:0:0:0, 1:0:0:0:0, 4:5:0:0:8, 0:0:0:0:0, 2:2:0:0:2, 7:3:0:0:4, 1:0:0:0:0, 1:0:0:0:0, 1:0:0:0:0, 1:0:0:0:0, 1:0:0:0:0, 1:0:0:0:0, 3:0:0:0:0, 0:0:0:0:0, 0:0:0:0:0, 2:0:0:0:0, 2:0:0:0:0, 1:0:0:0:0, 5:5:0:0:6, 0:0:0:0:0, 1:0:0:0:0, 2:0:0:0:0, 6:4:0:0:6, 1:0:0:0:0, 3:0:0:0:0, 1:0:0:0:0, 1:0:0:0:0, 1:0:0:0:0, 2:0:0:0:0, 0:0:0:0:0, 0:0:0:0:0, 2:0:0:0:0, 2:0:0:0:0, 1:0:0:0:0, 5:6:0:0:8, 1:0:0:0:0, 4:1:0:0:1, 5:3:0:0:4, 1:0:0:0:0, 1:0:0:0:0, 1:0:0:0:0, 1:0:0:0:0, 0:0:0:0:0, 1:0:0:0:0, 1:0:0:0:0, 1:0:0:0:0, 0:0:0:0:0, 2:0:0:0:0, 1:0:0:0:0, 1:0:0:0:0, 4:3:0:0:4, 2:3:1:0:3, 3:1:0:0:1, 1:0:0:0:0, 4:4:0:0:5, 1:1:0:0:1, 1:0:0:0:0, 1:0:0:0:0, 1:0:0:0:0, 1:0:0:0:0, 1:0:0:0:0, 1:0:0:0:0, 1:1:0:0:1, 4:0:0:0:0, 2:0:0:0:0, 1:0:0:0:0, 7:4:0:0:7, 1:1:0:0:1, 2:1:0:0:1, 5:4:0:0:5, 1:0:0:0:0, 1:0:0:0:0, 1:0:0:0:0, 1:0:0:0:0, 0:0:0:0:0, 1:0:0:0:0, 1:0:0:0:0, 0:0:0:0:0, 1:0:0:0:0, 2:0:0:0:0, 1:0:0:0:0, 1:0:0:0:0, 4:4:0:0:5, 0:0:0:0:0, 1:0:0:0:0, 1:0:0:0:0, 4:6:0:0:8, 0:0:0:0:0, 2:1:0:0:1, 1:0:0:0:0, 1:0:0:0:0, 2:0:2:0:2, 1:0:0:0:0, 0:0:0:0:0,  , 4:0:0:0:0, 1:0:0:0:0, 1:0:0:0:0, 8:3:0:0:4, 1:0:0:0:0, 2:2:0:0:2, 4:3:0:0:4, 1:0:0:0:0, 1:0:0:0:0, 1:0:0:0:0, 1:0:0:0:0, 1:0:0:0:0, 1:0:0:0:0, 1:0:0:0:0, 0:0:0:0:0, 0:0:0:0:0, 2:0:0:0:0, 1:0:0:0:0, 1:0:0:0:0, 5:4:0:0:6, 0:0:0:0:0, 1:0:0:0:0, 1:0:0:0:0, 8:4:0:0:5, 0:0:0:0:0, 1:0:0:0:0, 1:0:0:0:0, 0:0:0:0:0, 1:0:0:0:0, 2:0:0:0:0, 1:0:0:0:0, 0:0:0:0:0, 2:0:0:0:0, 2:0:0:0:0, 2:0:0:0:0, 6:4:0:0:6, 0:0:0:0:0, 2:1:0:0:1, 8:3:0:0:4, 1:0:0:0:0, 1:0:0:0:0, 1:0:0:0:0, 0:0:0:0:0, 0:0:0:0:0, 0:0:0:0:0, 0:0:0:0:0, 581:195:7:0:268
D dorian (2#), 1:0:0:0:0, 2:0:0:0:0, 3:0:0:0:1, 4:3:0:0:1, 3:2:0:0:1, 2:1:0:0:0, 4:1:0:0:0, 4:4:0:0:3, 4:4:0:0:1, 3:0:0:0:0, 3:0:0:0:1, 3:2:0:0:0, 2:2:0:0:0, 3:0:0:0:0, 3:0:0:0:1, 3:2:0:0:0, 2:1:0:0:0, 2:0:0:0:0, 3:0:0:0:1, 4:3:0:0:1, 3:2:0:0:1, 2:1:0:0:0, 4:1:0:0:0, 4:4:0:0:3, 4:4:0:0:1, 3:0:0:0:0, 3:0:0:0:1, 3:2:0:0:0, 1:3:0:0:0, 7:0:0:0:1, 3:3:0:0:0, 2:0:0:0:0, 1:0:0:0:0, 2:0:0:0:0, 1:0:0:0:0, 4:3:0:0:2, 3:3:0:0:2, 2:1:0:0:0, 2:1:0:0:1, 4:3:0:0:2, 6:5:0:0:3, 2:0:1:0:1, 4:0:0:0:1, 2:1:0:0:0, 2:1:0:0:0, 1:0:0:0:0, 2:0:0:0:1, 2:1:0:0:0, 2:1:0:0:0, 2:0:0:0:0, 3:0:0:0:1, 4:3:0:0:1, 4:2:0:0:1, 2:1:0:0:0, 4:1:0:0:0, 4:4:0:0:3, 5:3:0:0:1, 2:0:0:0:0, 3:0:0:0:1, 3:2:0:0:0, 2:2:0:0:0, 6:0:0:0:1, 3:3:0:0:0, 2:0:0:0:0, 3:2:0:0:0, 2:0:0:0:0, 3:1:0:0:0, 4:3:0:0:2, 3:3:0:0:1, 2:1:0:0:0, 1:0:0:0:0, 4:4:0:0:2, 6:5:0:0:2, 1:0:0:0:0, 3:0:0:0:3, 2:1:0:0:0, 2:1:0:0:0, 1:0:0:0:0, 3:0:0:0:1, 3:1:0:0:0, 2:1:0:0:0, 2:0:0:0:0, 0:0:0:0:0, 6:2:0:0:1, 5:2:0:0:1, 2:3:0:0:0, 1:0:0:0:0, 6:3:0:0:3, 4:4:0:0:1, 1:0:0:0:0, 2:0:0:0:1, 3:1:0:0:0, 3:2:0:0:0, 5:0:0:0:1, 3:2:0:0:0, 2:0:0:0:0, 3:2:0:0:0, 2:0:0:0:0, 2:0:0:0:0, 4:3:0:0:2, 5:6:0:0:3, 2:1:0:0:0, 1:0:0:0:0, 4:4:0:0:2, 5:8:0:0:4, 1:0:0:0:0, 2:0:0:0:1, 2:2:0:0:0, 2:1:0:0:0, 1:0:0:0:0, 4:0:0:0:1, 3:2:0:0:0, 3:2:0:0:0, 2:0:0:0:0, 2:0:0:0:0, 4:2:0:0:1, 5:5:0:0:4, 2:1:0:0:0, 2:0:0:0:1, 6:5:0:0:2, 4:5:0:0:1, 1:0:0:0:0, 3:0:0:0:1, 2:2:0:0:0, 2:4:0:0:0, 7:0:0:0:1, 3:3:0:0:0, 2:0:0:0:0, 3:2:0:0:0, 2:0:0:0:0, 2:0:0:0:0, 4:4:0:0:3, 4:5:0:0:2, 2:2:0:0:0,  , 5:3:0:0:3, 5:7:0:0:3, 1:0:0:0:0, 2:0:0:0:1, 3:3:0:0:0, 3:1:1:0:1, 1:0:0:0:0, 4:0:0:0:2, 3:3:0:0:0, 3:2:0:0:0, 4:3:0:0:0, 1:0:0:0:0, 4:4:0:0:3, 4:4:0:0:2, 2:1:0:0:0, 3:0:2:0:6, 6:3:0:0:2, 5:7:0:0:3, 3:1:0:0:0, 3:0:0:0:1, 3:3:0:0:0, 2:2:0:0:0, 5:0:0:0:1, 3:2:0:0:0, 3:0:0:0:1, 3:2:0:0:0, 2:0:0:0:0, 1:0:0:0:0, 4:3:0:0:1, 3:2:0:0:1, 2:1:0:0:0, 1:0:0:0:0, 4:3:0:0:2, 4:3:0:0:1, 1:0:0:0:0, 2:0:0:0:1, 2:3:0:0:0, 3:1:0:0:0, 1:0:0:0:0, 2:0:0:0:2, 2:1:0:0:0, 3:1:0:0:0, 2:0:0:0:0, 1:0:0:0:0, 4:3:0:0:2, 5:4:0:0:1, 3:2:0:0:0,  , 5:4:0:0:2, 4:6:0:0:2, 1:0:0:0:0, 2:0:0:0:2, 2:2:0:0:0, 3:3:0:0:0, 7:1:0:0:2, 3:3:0:0:0, 2:0:0:0:0, 3:2:0:0:0, 2:0:0:0:0, 3:1:0:0:0, 5:4:0:0:3, 3:4:0:0:2, 2:1:0:0:0, 1:0:0:0:1, 6:4:0:0:3, 5:6:0:0:1, 2:0:0:0:0, 4:0:1:0:4, 3:2:0:0:0, 3:1:0:0:0, 3:0:0:0:1, 6:0:0:0:2, 2:2:0:0:0, 3:1:0:0:0, 2:0:0:0:0, 2:0:0:0:0, 4:2:0:0:1, 3:2:0:0:1, 2:2:0:0:0, 2:0:0:0:1, 5:4:0:0:3, 3:3:0:0:1, 1:0:0:0:0, 2:0:0:0:3, 2:3:0:0:0, 2:2:0:0:0, 7:0:0:0:1, 3:2:0:0:0, 2:0:0:0:0, 3:2:0:0:0, 2:0:0:0:0, 1:0:0:0:0, 4:5:0:0:2, 5:5:0:0:2, 2:2:0:0:0, 2:0:0:0:0, 6:4:0:0:3, 5:8:0:0:4, 2:0:0:0:0, 4:0:0:0:4, 2:2:0:0:0, 2:2:0:0:0, 3:0:0:0:1, 5:0:0:0:1, 3:2:0:0:0, 5:2:0:0:0, 2:0:0:0:0, 3:1:0:0:2, 5:2:0:0:2, 5:4:0:0:2, 3:1:0:0:1, 1:0:0:0:1, 5:3:0:0:2, 6:5:0:0:2, 1:0:0:0:0, 4:0:0:0:3, 3:1:0:0:0, 4:3:0:0:0, 5:0:0:0:1, 3:2:0:0:0, 2:0:0:0:0, 3:2:0:0:0, 2:0:0:0:0, 2:0:0:0:0, 4:3:0:0:1, 4:2:0:0:2, 2:1:0:0:0, 2:0:0:0:1, 4:3:0:0:2, 4:5:0:0:1, 1:0:0:0:0, 2:0:0:0:1, 5:3:1:0:3, 5:2:0:0:1, 2:0:0:0:0, 3:0:0:0:1, 3:2:0:0:0, 3:1:0:0:0, 2:0:0:0:0, 3:0:0:0:1, 4:2:0:0:1, 5:6:0:0:2, 3:2:0:0:0, 4:2:0:0:0, 8:5:0:0:4, 4:7:0:0:3, 1:0:0:0:0, 5:0:0:0:1, 3:1:0:0:0, 1:2:0:0:0, 6:0:0:0:1, 3:2:0:0:0, 2:0:0:0:0, 3:2:0:0:0, 2:0:0:0:0, 1:0:0:0:0, 4:2:0:0:1, 4:3:0:0:1, 2:2:0:0:0, 1:0:0:0:0, 4:4:0:0:3, 3:3:0:0:1, 1:0:0:0:0, 2:0:0:0:1, 2:2:0:0:0, 2:1:0:0:0, 1:0:0:0:0, 2:0:0:0:1, 2:2:0:0:0, 4:1:0:0:0, 2:0:0:0:0, 0:0:0:0:0, 5:5:2:0:3, 3:2:0:0:1, 2:3:0:0:0,  , 7:6:0:0:2, 4:4:0:0:1, 1:0:0:0:0, 5:1:0:0:1, 3:1:0:0:0, 1:3:0:0:0, 5:0:0:0:1, 3:2:0:0:0, 2:0:0:0:0, 3:2:0:0:0, 2:0:0:0:0, 3:1:0:0:0, 4:4:0:0:2, 5:4:0:0:3, 2:1:0:0:0, 2:2:0:0:0, 6:4:1:0:5, 4:3:0:0:1, 1:0:0:0:0, 3:0:0:0:4, 2:3:0:0:0, 2:1:0:0:0, 2:0:0:0:0, 7:1:0:0:1, 3:1:0:0:1, 3:2:0:0:0, 2:0:0:0:0, 2:0:0:0:0, 4:2:0:0:1, 6:5:0:0:4, 3:6:0:0:2, 3:0:0:0:1, 4:3:0:0:2, 5:3:0:0:1, 2:0:0:0:0, 5:0:0:0:3, 2:4:0:0:0, 2:2:0:0:0, 8:0:0:0:1, 3:3:0:0:0, 3:1:0:0:0, 4:2:0:0:1, 1:0:0:0:0, 1:0:0:0:0, 1:0:0:0:0, 1:0:0:0:0, 1063:562:9:0:273
Bb phrygian (2b), 1:0:0:0:0, 1:0:0:0:0, 1:0:1:0:1, 1:0:0:0:0, 2:0:0:0:0, 0:0:0:0:0, 1:0:0:0:0, 2:0:0:0:0, 2:0:0:0:1, 2:0:0:0:0, 5:4:0:0:5, 0:0:0:0:0, 1:0:0:0:0, 2:0:0:0:0, 6:4:0:0:5, 2:0:0:0:0, 1:0:0:0:0, 1:0:0:0:0, 1:0:1:0:1, 1:0:0:0:0, 2:0:0:0:0, 0:0:0:0:0, 1:0:0:0:0, 2:0:0:0:0, 2:0:0:0:1, 2:0:0:0:0, 6:4:0:0:5, 0:0:0:0:0, 2:1:0:0:1, 6:4:0:0:5, 1:0:0:0:0, 1:0:0:0:0, 0:0:0:0:0, 2:0:0:0:1, 0:0:0:0:0, 1:0:0:0:0, 1:0:0:0:0, 0:0:0:0:0, 2:0:0:0:0, 2:0:0:0:0, 3:0:0:0:0, 2:0:0:0:0, 6:3:0:0:4, 0:0:0:0:0, 1:0:0:0:0, 1:0:0:0:0, 4:3:0:0:4, 0:0:0:0:0, 1:0:0:0:0, 1:0:0:0:0, 1:0:1:0:1, 1:0:0:0:0, 1:0:0:0:0, 0:0:0:0:0, 1:0:0:0:0, 2:0:0:0:0, 2:0:0:0:0, 1:0:0:0:0, 6:4:0:0:5, 0:0:0:0:0, 3:1:0:0:1, 5:3:0:0:4, 1:0:0:0:0, 1:0:0:0:0, 1:0:0:0:0, 1:0:0:0:0, 0:0:0:0:0, 1:0:0:0:0, 1:0:0:0:0, 0:0:0:0:0, 0:0:0:0:0, 2:0:0:0:0, 3:0:0:0:0, 1:0:0:0:0, 5:4:0:0:6, 0:0:0:0:0, 1:0:0:0:0, 1:0:0:0:0, 5:3:0:0:4, 0:0:0:0:0, 1:0:0:0:0, 1:0:0:0:0, 0:0:0:0:0, 4:0:0:0:1, 4:0:0:0:1, 1:0:0:0:0, 0:0:0:0:0, 3:0:0:0:2, 2:0:0:0:0, 1:0:0:0:0, 4:3:0:0:4, 1:0:0:0:0, 3:3:1:0:3, 4:3:0:0:4, 1:0:0:0:0, 1:0:0:0:0, 1:0:0:0:0, 1:0:0:0:0, 0:0:0:0:0, 1:0:0:0:0, 3:0:0:0:0, 0:0:0:0:0, 0:0:0:0:0, 2:0:0:0:0, 2:0:0:0:0, 1:0:0:0:0, 4:5:0:0:7, 0:0:0:0:0, 1:0:0:0:0, 1:0:0:0:0, 7:3:0:0:4, 1:0:0:0:0, 1:0:0:0:0, 1:0:0:0:0, 1:0:0:0:0, 1:0:0:0:0, 1:0:0:0:0, 0:0:0:0:0, 1:1:0:0:1, 4:0:0:0:0, 1:0:0:0:0, 1:0:0:0:0, 5:5:0:0:7, 0:0:0:0:0, 3:1:0:0:1, 7:3:0:0:4, 1:0:0:0:0, 1:0:0:0:0, 1:0:0:0:0, 1:0:0:0:0, 0:0:0:0:0, 2:0:0:0:1, 1:0:0:0:0, 0:0:0:0:0,  , 2:0:0:0:0, 2:0:0:0:0, 1:0:0:0:0, 4:3:0:0:4, 0:0:0:0:0, 2:0:0:0:0, 1:0:0:0:0, 5:4:0:0:5, 0:0:0:0:0, 1:0:0:0:0, 2:1:0:0:1, 1:0:0:0:0, 1:0:0:0:0, 1:0:0:0:0, 0:0:0:0:0, 1:0:0:0:0, 4:0:0:0:0, 2:0:0:0:0, 2:1:0:0:1, 5:5:0:0:7, 0:0:0:0:0, 2:1:0:0:1, 4:3:0:0:4, 1:0:0:0:0, 1:0:0:0:0, 1:0:0:0:0, 1:0:0:0:0, 1:0:0:0:0, 1:0:0:0:0, 1:0:0:0:0, 0:0:0:0:0, 0:0:0:0:0, 2:0:0:0:0, 1:0:0:0:0, 1:0:0:0:0, 4:3:0:0:5, 0:0:0:0:0, 1:0:0:0:0, 1:0:0:0:0, 4:4:0:0:5, 0:0:0:0:0, 1:0:0:0:0, 1:0:0:0:0, 0:0:0:0:0, 1:0:0:0:0, 1:0:0:0:0, 0:0:0:0:0,  , 2:0:0:0:0, 2:0:0:0:0, 1:0:0:0:0, 4:4:0:0:5, 0:0:0:0:0, 2:2:0:0:2, 7:3:0:0:4, 1:0:0:0:0, 1:0:0:0:0, 1:0:0:0:0, 1:0:0:0:0, 1:0:0:0:0, 1:0:0:0:0, 1:0:0:0:0, 0:0:0:0:0, 1:1:0:0:1, 2:0:0:0:0, 2:0:0:0:0, 3:1:0:0:3, 6:4:0:0:5, 1:0:0:0:0, 1:0:0:0:0, 2:0:0:0:0, 8:3:0:0:4, 0:0:0:0:0, 1:0:0:0:0, 1:0:0:0:0, 0:0:0:0:0, 1:0:0:0:0, 1:0:0:0:0, 0:0:0:0:0, 0:0:0:0:0, 3:0:0:0:0, 1:0:0:0:0, 1:0:0:0:0, 4:5:0:0:8, 0:0:0:0:0, 2:2:0:0:2, 7:3:0:0:4, 1:0:0:0:0, 1:0:0:0:0, 1:0:0:0:0, 1:0:0:0:0, 1:0:0:0:0, 1:0:0:0:0, 3:0:0:0:0, 0:0:0:0:0, 0:0:0:0:0, 2:0:0:0:0, 2:0:0:0:0, 1:0:0:0:0, 5:5:0:0:6, 0:0:0:0:0, 1:0:0:0:0, 2:0:0:0:0, 6:4:0:0:6, 1:0:0:0:0, 3:0:0:0:0, 1:0:0:0:0, 1:0:0:0:0, 1:0:0:0:0, 2:0:0:0:0, 0:0:0:0:0, 0:0:0:0:0, 2:0:0:0:0, 2:0:0:0:0, 1:0:0:0:0, 5:6:0:0:8, 1:0:0:0:0, 4:1:0:0:1, 5:3:0:0:4, 1:0:0:0:0, 1:0:0:0:0, 1:0:0:0:0, 1:0:0:0:0, 0:0:0:0:0, 1:0:0:0:0, 1:0:0:0:0, 1:0:0:0:0, 0:0:0:0:0, 2:0:0:0:0, 1:0:0:0:0, 1:0:0:0:0, 4:3:0:0:4, 2:3:1:0:3, 3:1:0:0:1, 1:0:0:0:0, 4:4:0:0:5, 1:1:0:0:1, 1:0:0:0:0, 1:0:0:0:0, 1:0:0:0:0, 1:0:0:0:0, 1:0:0:0:0, 1:0:0:0:0, 1:1:0:0:1, 4:0:0:0:0, 2:0:0:0:0, 1:0:0:0:0, 7:4:0:0:7, 1:1:0:0:1, 2:1:0:0:1, 5:4:0:0:5, 1:0:0:0:0, 1:0:0:0:0, 1:0:0:0:0, 1:0:0:0:0, 0:0:0:0:0, 1:0:0:0:0, 1:0:0:0:0, 0:0:0:0:0, 1:0:0:0:0, 2:0:0:0:0, 1:0:0:0:0, 1:0:0:0:0, 4:4:0:0:5, 0:0:0:0:0, 1:0:0:0:0, 1:0:0:0:0, 4:6:0:0:8, 0:0:0:0:0, 2:1:0:0:1, 1:0:0:0:0, 1:0:0:0:0, 2:0:2:0:2, 1:0:0:0:0, 0:0:0:0:0,  , 4:0:0:0:0, 1:0:0:0:0, 1:0:0:0:0, 8:3:0:0:4, 1:0:0:0:0, 2:2:0:0:2, 4:3:0:0:4, 1:0:0:0:0, 1:0:0:0:0, 1:0:0:0:0, 1:0:0:0:0, 1:0:0:0:0, 1:0:0:0:0, 1:0:0:0:0, 0:0:0:0:0, 0:0:0:0:0, 2:0:0:0:0, 1:0:0:0:0, 1:0:0:0:0, 5:4:0:0:6, 0:0:0:0:0, 1:0:0:0:0, 1:0:0:0:0, 8:4:0:0:5, 0:0:0:0:0, 1:0:0:0:0, 1:0:0:0:0, 0:0:0:0:0, 1:0:0:0:0, 2:0:0:0:0, 1:0:0:0:0, 0:0:0:0:0, 2:0:0:0:0, 2:0:0:0:0, 2:0:0:0:0, 6:4:0:0:6, 0:0:0:0:0, 2:1:0:0:1, 8:3:0:0:4, 1:0:0:0:0, 1:0:0:0:0, 1:0:0:0:0, 0:0:0:0:0, 0:0:0:0:0, 0:0:0:0:0, 0:0:0:0:0, 581:195:7:0:268
D phrygian (2#), 1:0:0:0:0, 2:0:0:0:0, 3:0:0:0:1, 4:3:0:0:1, 3:2:0:0:1, 2:1:0:0:0, 4:1:0:0:0, 4:4:0:0:3, 4:4:0:0:1, 3:0:0:0:0, 3:0:0:0:1, 3:2:0:0:0, 2:2:0:0:0, 3:0:0:0:0, 3:0:0:0:1, 3:2:0:0:0, 2:1:0:0:0, 2:0:0:0:0, 3:0:0:0:1, 4:3:0:0:1, 3:2:0:0:1, 2:1:0:0:0, 4:1:0:0:0, 4:4:0:0:3, 4:4:0:0:1, 3:0:0:0:0, 3:0:0:0:1, 3:2:0:0:0, 1:3:0:0:0, 7:0:0:0:1, 3:3:0:0:0, 2:0:0:0:0, 1:0:0:0:0, 2:0:0:0:0, 1:0:0:0:0, 4:3:0:0:2, 3:3:0:0:2, 2:1:0:0:0, 2:1:0:0:1, 4:3:0:0:2, 6:5:0:0:3, 2:0:1:0:1, 4:0:0:0:1, 2:1:0:0:0, 2:1:0:0:0, 1:0:0:0:0, 2:0:0:0:1, 2:1:0:0:0, 2:1:0:0:0, 2:0:0:0:0, 3:0:0:0:1, 4:3:0:0:1, 4:2:0:0:1, 2:1:0:0:0, 4:1:0:0:0, 4:4:0:0:3, 5:3:0:0:1, 2:0:0:0:0, 3:0:0:0:1, 3:2:0:0:0, 2:2:0:0:0, 6:0:0:0:1, 3:3:0:0:0, 2:0:0:0:0, 3:2:0:0:0, 2:0:0:0:0, 3:1:0:0:0, 4:3:0:0:2, 3:3:0:0:1, 2:1:0:0:0, 1:0:0:0:0, 4:4:0:0:2, 6:5:0:0:2, 1:0:0:0:0, 3:0:0:0:3, 2:1:0:0:0, 2:1:0:0:0, 1:0:0:0:0, 3:0:0:0:1, 3:1:0:0:0, 2:1:0:0:0, 2:0:0:0:0, 0:0:0:0:0, 6:2:0:0:1, 5:2:0:0:1, 2:3:0:0:0, 1:0:0:0:0, 6:3:0:0:3, 4:4:0:0:1, 1:0:0:0:0, 2:0:0:0:1, 3:1:0:0:0, 3:2:0:0:0, 5:0:0:0:1, 3:2:0:0:0, 2:0:0:0:0, 3:2:0:0:0, 2:0:0:0:0, 2:0:0:0:0, 4:3:0:0:2, 5:6:0:0:3, 2:1:0:0:0, 1:0:0:0:0, 4:4:0:0:2, 5:8:0:0:4, 1:0:0:0:0, 2:0:0:0:1, 2:2:0:0:0, 2:1:0:0:0, 1:0:0:0:0, 4:0:0:0:1, 3:2:0:0:0, 3:2:0:0:0, 2:0:0:0:0, 2:0:0:0:0, 4:2:0:0:1, 5:5:0:0:4, 2:1:0:0:0, 2:0:0:0:1, 6:5:0:0:2, 4:5:0:0:1, 1:0:0:0:0, 3:0:0:0:1, 2:2:0:0:0, 2:4:0:0:0, 7:0:0:0:1, 3:3:0:0:0, 2:0:0:0:0, 3:2:0:0:0, 2:0:0:0:0, 2:0:0:0:0, 4:4:0:0:3, 4:5:0:0:2, 2:2:0:0:0,  , 5:3:0:0:3, 5:7:0:0:3, 1:0:0:0:0, 2:0:0:0:1, 3:3:0:0:0, 3:1:1:0:1, 1:0:0:0:0, 4:0:0:0:2, 3:3:0:0:0, 3:2:0:0:0, 4:3:0:0:0, 1:0:0:0:0, 4:4:0:0:3, 4:4:0:0:2, 2:1:0:0:0, 3:0:2:0:6, 6:3:0:0:2, 5:7:0:0:3, 3:1:0:0:0, 3:0:0:0:1, 3:3:0:0:0, 2:2:0:0:0, 5:0:0:0:1, 3:2:0:0:0, 3:0:0:0:1, 3:2:0:0:0, 2:0:0:0:0, 1:0:0:0:0, 4:3:0:0:1, 3:2:0:0:1, 2:1:0:0:0, 1:0:0:0:0, 4:3:0:0:2, 4:3:0:0:1, 1:0:0:0:0, 2:0:0:0:1, 2:3:0:0:0, 3:1:0:0:0, 1:0:0:0:0, 2:0:0:0:2, 2:1:0:0:0, 3:1:0:0:0, 2:0:0:0:0, 1:0:0:0:0, 4:3:0:0:2, 5:4:0:0:1, 3:2:0:0:0,  , 5:4:0:0:2, 4:6:0:0:2, 1:0:0:0:0, 2:0:0:0:2, 2:2:0:0:0, 3:3:0:0:0, 7:1:0:0:2, 3:3:0:0:0, 2:0:0:0:0, 3:2:0:0:0, 2:0:0:0:0, 3:1:0:0:0, 5:4:0:0:3, 3:4:0:0:2, 2:1:0:0:0, 1:0:0:0:1, 6:4:0:0:3, 5:6:0:0:1, 2:0:0:0:0, 4:0:1:0:4, 3:2:0:0:0, 3:1:0:0:0, 3:0:0:0:1, 6:0:0:0:2, 2:2:0:0:0, 3:1:0:0:0, 2:0:0:0:0, 2:0:0:0:0, 4:2:0:0:1, 3:2:0:0:1, 2:2:0:0:0, 2:0:0:0:1, 5:4:0:0:3, 3:3:0:0:1, 1:0:0:0:0, 2:0:0:0:3, 2:3:0:0:0, 2:2:0:0:0, 7:0:0:0:1, 3:2:0:0:0, 2:0:0:0:0, 3:2:0:0:0, 2:0:0:0:0, 1:0:0:0:0, 4:5:0:0:2, 5:5:0:0:2, 2:2:0:0:0, 2:0:0:0:0, 6:4:0:0:3, 5:8:0:0:4, 2:0:0:0:0, 4:0:0:0:4, 2:2:0:0:0, 2:2:0:0:0, 3:0:0:0:1, 5:0:0:0:1, 3:2:0:0:0, 5:2:0:0:0, 2:0:0:0:0, 3:1:0:0:2, 5:2:0:0:2, 5:4:0:0:2, 3:1:0:0:1, 1:0:0:0:1, 5:3:0:0:2, 6:5:0:0:2, 1:0:0:0:0, 4:0:0:0:3, 3:1:0:0:0, 4:3:0:0:0, 5:0:0:0:1, 3:2:0:0:0, 2:0:0:0:0, 3:2:0:0:0, 2:0:0:0:0, 2:0:0:0:0, 4:3:0:0:1, 4:2:0:0:2, 2:1:0:0:0, 2:0:0:0:1, 4:3:0:0:2, 4:5:0:0:1, 1:0:0:0:0, 2:0:0:0:1, 5:3:1:0:3, 5:2:0:0:1, 2:0:0:0:0, 3:0:0:0:1, 3:2:0:0:0, 3:1:0:0:0, 2:0:0:0:0, 3:0:0:0:1, 4:2:0:0:1, 5:6:0:0:2, 3:2:0:0:0, 4:2:0:0:0, 8:5:0:0:4, 4:7:0:0:3, 1:0:0:0:0, 5:0:0:0:1, 3:1:0:0:0, 1:2:0:0:0, 6:0:0:0:1, 3:2:0:0:0, 2:0:0:0:0, 3:2:0:0:0, 2:0:0:0:0, 1:0:0:0:0, 4:2:0:0:1, 4:3:0:0:1, 2:2:0:0:0, 1:0:0:0:0, 4:4:0:0:3, 3:3:0:0:1, 1:0:0:0:0, 2:0:0:0:1, 2:2:0:0:0, 2:1:0:0:0, 1:0:0:0:0, 2:0:0:0:1, 2:2:0:0:0, 4:1:0:0:0, 2:0:0:0:0, 0:0:0:0:0, 5:5:2:0:3, 3:2:0:0:1, 2:3:0:0:0,  , 7:6:0:0:2, 4:4:0:0:1, 1:0:0:0:0, 5:1:0:0:1, 3:1:0:0:0, 1:3:0:0:0, 5:0:0:0:1, 3:2:0:0:0, 2:0:0:0:0, 3:2:0:0:0, 2:0:0:0:0, 3:1:0:0:0, 4:4:0:0:2, 5:4:0:0:3, 2:1:0:0:0, 2:2:0:0:0, 6:4:1:0:5, 4:3:0:0:1, 1:0:0:0:0, 3:0:0:0:4, 2:3:0:0:0, 2:1:0:0:0, 2:0:0:0:0, 7:1:0:0:1, 3:1:0:0:1, 3:2:0:0:0, 2:0:0:0:0, 2:0:0:0:0, 4:2:0:0:1, 6:5:0:0:4, 3:6:0:0:2, 3:0:0:0:1, 4:3:0:0:2, 5:3:0:0:1, 2:0:0:0:0, 5:0:0:0:3, 2:4:0:0:0, 2:2:0:0:0, 8:0:0:0:1, 3:3:0:0:0, 3:1:0:0:0, 4:2:0:0:1, 1:0:0:0:0, 1:0:0:0:0, 1:0:0:0:0, 1:0:0:0:0, 1063:562:9:0:273
Bb lydian (2b), 1:0:0:0:0, 1:0:0:0:0, 1:0:1:0:1, 1:0:0:0:0, 2:0:0:0:0, 0:0:0:0:0, 1:0:0:0:0, 2:0:0:0:0, 2:0:0:0:1, 2:0:0:0:0, 5:4:0:0:5, 0:0:0:0:0, 1:0:0:0:0, 2:0:0:0:0, 6:4:0:0:5, 2:0:0:0:0, 1:0:0:0:0, 1:0:0:0:0, 1:0:1:0:1, 1:0:0:0:0, 2:0:0:0:0, 0:0:0:0:0, 1:0:0:0:0, 2:0:0:0:0, 2:0:0:0:1, 2:0:0:0:0, 6:4:0:0:5, 0:0:0:0:0, 2:1:0:0:1, 6:4:0:0:5, 1:0:0:0:0, 1:0:0:0:0, 0:0:0:0:0, 2:0:0:0:1, 0:0:0:0:0, 1:0:0:0:0, 1:0:0:0:0, 0:0:0:0:0, 2:0:0:0:0, 2:0:0:0:0, 3:0:0:0:0, 2:0:0:0:0, 6:3:0:0:4, 0:0:0:0:0, 1:0:0:0:0, 1:0:0:0:0, 4:3:0:0:4, 0:0:0:0:0, 1:0:0:0:0, 1:0:0:0:0, 1:0:1:0:1, 1:0:0:0:0, 1:0:0:0:0, 0:0:0:0:0, 1:0:0:0:0, 2:0:0:0:0, 2:0:0:0:0, 1:0:0:0:0, 6:4:0:0:5, 0:0:0:0:0, 3:1:0:0:1, 5:3:0:0:4, 1:0:0:0:0, 1:0:0:0:0, 1:0:0:0:0, 1:0:0:0:0, 0:0:0:0:0, 1:0:0:0:0, 1:0:0:0:0, 0:0:0:0:0, 0:0:0:0:0, 2:0:0:0:0, 3:0:0:0:0, 1:0:0:0:0, 5:4:0:0:6, 0:0:0:0:0, 1:0:0:0:0, 1:0:0:0:0, 5:3:0:0:4, 0:0:0:0:0, 1:0:0:0:0, 1:0:0:0:0, 0:0:0:0:0, 4:0:0:0:1, 4:0:0:0:1, 1:0:0:0:0, 0:0:0:0:0, 3:0:0:0:2, 2:0:0:0:0, 1:0:0:0:0, 4:3:0:0:4, 1:0:0:0:0, 3:3:1:0:3, 4:3:0:0:4, 1:0:0:0:0, 1:0:0:0:0, 1:0:0:0:0, 1:0:0:0:0, 0:0:0:0:0, 1:0:0:0:0, 3:0:0:0:0, 0:0:0:0:0, 0:0:0:0:0, 2:0:0:0:0, 2:0:0:0:0, 1:0:0:0:0, 4:5:0:0:7, 0:0:0:0:0, 1:0:0:0:0, 1:0:0:0:0, 7:3:0:0:4, 1:0:0:0:0, 1:0:0:0:0, 1:0:0:0:0, 1:0:0:0:0, 1:0:0:0:0, 1:0:0:0:0, 0:0:0:0:0, 1:1:0:0:1, 4:0:0:0:0, 1:0:0:0:0, 1:0:0:0:0, 5:5:0:0:7, 0:0:0:0:0, 3:1:0:0:1, 7:3:0:0:4, 1:0:0:0:0, 1:0:0:0:0, 1:0:0:0:0, 1:0:0:0:0, 0:0:0:0:0, 2:0:0:0:1, 1:0:0:0:0, 0:0:0:0:0,  , 2:0:0:0:0, 2:0:0:0:0, 1:0:0:0:0, 4:3:0:0:4, 0:0:0:0:0, 2:0:0:0:0, 1:0:0:0:0, 5:4:0:0:5, 0:0:0:0:0, 1:0:0:0:0, 2:1:0:0:1, 1:0:0:0:0, 1:0:0:0:0, 1:0:0:0:0, 0:0:0:0:0, 1:0:0:0:0, 4:0:0:0:0, 2:0:0:0:0, 2:1:0:0:1, 5:5:0:0:7, 0:0:0:0:0, 2:1:0:0:1, 4:3:0:0:4, 1:0:0:0:0, 1:0:0:0:0, 1:0:0:0:0, 1:0:0:0:0, 1:0:0:0:0, 1:0:0:0:0, 1:0:0:0:0, 0:0:0:0:0, 0:0:0:0:0, 2:0:0:0:0, 1:0:0:0:0, 1:0:0:0:0, 4:3:0:0:5, 0:0:0:0:0, 1:0:0:0:0, 1:0:0:0:0, 4:4:0:0:5, 0:0:0:0:0, 1:0:0:0:0, 1:0:0:0:0, 0:0:0:0:0, 1:0:0:0:0, 1:0:0:0:0, 0:0:0:0:0,  , 2:0:0:0:0, 2:0:0:0:0, 1:0:0:0:0, 4:4:0:0:5, 0:0:0:0:0, 2:2:0:0:2, 7:3:0:0:4, 1:0:0:0:0, 1:0:0:0:0, 1:0:0:0:0, 1:0:0:0:0, 1:0:0:0:0, 1:0:0:0:0, 1:0:0:0:0, 0:0:0:0:0, 1:1:0:0:1, 2:0:0:0:0, 2:0:0:0:0, 3:1:0:0:3, 6:4:0:0:5, 1:0:0:0:0, 1:0:0:0:0, 2:0:0:0:0, 8:3:0:0:4, 0:0:0:0:0, 1:0:0:0:0, 1:0:0:0:0, 0:0:0:0:0, 1:0:0:0:0, 1:0:0:0:0, 0:0:0:0:0, 0:0:0:0:0, 3:0:0:0:0, 1:0:0:0:0, 1:0:0:0:0, 4:5:0:0:8, 0:0:0:0:0, 2:2:0:0:2, 7:3:0:0:4, 1:0:0:0:0, 1:0:0:0:0, 1:0:0:0:0, 1:0:0:0:0, 1:0:0:0:0, 1:0:0:0:0, 3:0:0:0:0, 0:0:0:0:0, 0:0:0:0:0, 2:0:0:0:0, 2:0:0:0:0, 1:0:0:0:0, 5:5:0:0:6, 0:0:0:0:0, 1:0:0:0:0, 2:0:0:0:0, 6:4:0:0:6, 1:0:0:0:0, 3:0:0:0:0, 1:0:0:0:0, 1:0:0:0:0, 1:0:0:0:0, 2:0:0:0:0, 0:0:0:0:0, 0:0:0:0:0, 2:0:0:0:0, 2:0:0:0:0, 1:0:0:0:0, 5:6:0:0:8, 1:0:0:0:0, 4:1:0:0:1, 5:3:0:0:4, 1:0:0:0:0, 1:0:0:0:0, 1:0:0:0:0, 1:0:0:0:0, 0:0:0:0:0, 1:0:0:0:0, 1:0:0:0:0, 1:0:0:0:0, 0:0:0:0:0, 2:0:0:0:0, 1:0:0:0:0, 1:0:0:0:0, 4:3:0:0:4, 2:3:1:0:3, 3:1:0:0:1, 1:0:0:0:0, 4:4:0:0:5, 1:1:0:0:1, 1:0:0:0:0, 1:0:0:0:0, 1:0:0:0:0, 1:0:0:0:0, 1:0:0:0:0, 1:0:0:0:0, 1:1:0:0:1, 4:0:0:0:0, 2:0:0:0:0, 1:0:0:0:0, 7:4:0:0:7, 1:1:0:0:1, 2:1:0:0:1, 5:4:0:0:5, 1:0:0:0:0, 1:0:0:0:0, 1:0:0:0:0, 1:0:0:0:0, 0:0:0:0:0, 1:0:0:0:0, 1:0:0:0:0, 0:0:0:0:0, 1:0:0:0:0, 2:0:0:0:0, 1:0:0:0:0, 1:0:0:0:0, 4:4:0:0:5, 0:0:0:0:0, 1:0:0:0:0, 1:0:0:0:0, 4:6:0:0:8, 0:0:0:0:0, 2:1:0:0:1, 1:0:0:0:0, 1:0:0:0:0, 2:0:2:0:2, 1:0:0:0:0, 0:0:0:0:0,  , 4:0:0:0:0, 1:0:0:0:0, 1:0:0:0:0, 8:3:0:0:4, 1:0:0:0:0, 2:2:0:0:2, 4:3:0:0:4, 1:0:0:0:0, 1:0:0:0:0, 1:0:0:0:0, 1:0:0:0:0, 1:0:0:0:0, 1:0:0:0:0, 1:0:0:0:0, 0:0:0:0:0, 0:0:0:0:0, 2:0:0:0:0, 1:0:0:0:0, 1:0:0:0:0, 5:4:0:0:6, 0:0:0:0:0, 1:0:0:0:0, 1:0:0:0:0, 8:4:0:0:5, 0:0:0:0:0, 1:0:0:0:0, 1:0:0:0:0, 0:0:0:0:0, 1:0:0:0:0, 2:0:0:0:0, 1:0:0:0:0, 0:0:0:0:0, 2:0:0:0:0, 2:0:0:0:0, 2:0:0:0:0, 6:4:0:0:6, 0:0:0:0:0, 2:1:0:0:1, 8:3:0:0:4, 1:0:0:0:0, 1:0:0:0:0, 1:0:0:0:0, 0:0:0:0:0, 0:0:0:0:0, 0:0:0:0:0, 0:0:0:0:0, 581:195:7:0:268
D lydian (2#), 1:0:0:0:0, 2:0:0:0:0, 3:0:0:0:1, 4:3:0:0:1, 3:2:0:0:1, 2:1:0:0:0, 4:1:0:0:0, 4:4:0:0:3, 4:4:0:0:1, 3:0:0:0:0, 3:0:0:0:1, 3:2:0:0:0, 2:2:0:0:0, 3:0:0:0:0, 3:0:0:0:1, 3:2:0:0:0, 2:1:0:0:0, 2:0:0:0:0, 3:0:0:0:1, 4:3:0:0:1, 3:2:0:0:1, 2:1:0:0:0, 4:1:0:0:0, 4:4:0:0:3, 4:4:0:0:1, 3:0:0:0:0, 3:0:0:0:1, 3:2:0:0:0, 1:3:0:0:0, 7:0:0:0:1, 3:3:0:0:0, 2:0:0:0:0, 1:0:0:0:0, 2:0:0:0:0, 1:0:0:0:0, 4:3:0:0:2, 3:3:0:0:2, 2:1:0:0:0, 2:1:0:0:1, 4:3:0:0:2, 6:5:0:0:3, 2:0:1:0:1, 4:0:0:0:1, 2:1:0:0:0, 2:1:0:0:0, 1:0:0:0:0, 2:0:0:0:1, 2:1:0:0:0, 2:1:0:0:0, 2:0:0:0:0, 3:0:0:0:1, 4:3:0:0:1, 4:2:0:0:1, 2:1:0:0:0, 4:1:0:0:0, 4:4:0:0:3, 5:3:0:0:1, 2:0:0:0:0, 3:0:0:0:1, 3:2:0:0:0, 2:2:0:0:0, 6:0:0:0:1, 3:3:0:0:0, 2:0:0:0:0, 3:2:0:0:0, 2:0:0:0:0, 3:1:0:0:0, 4:3:0:0:2, 3:3:0:0:1, 2:1:0:0:0, 1:0:0:0:0, 4:4:0:0:2, 6:5:0:0:2, 1:0:0:0:0, 3:0:0:0:3, 2:1:0:0:0, 2:1:0:0:0, 1:0:0:0:0, 3:0:0:0:1, 3:1:0:0:0, 2:1:0:0:0, 2:0:0:0:0, 0:0:0:0:0, 6:2:0:0:1, 5:2:0:0:1, 2:3:0:0:0, 1:0:0:0:0, 6:3:0:0:3, 4:4:0:0:1, 1:0:0:0:0, 2:0:0:0:1, 3:1:0:0:0, 3:2:0:0:0, 5:0:0:0:1, 3:2:0:0:0, 2:0:0:0:0, 3:2:0:0:0, 2:0:0:0:0, 2:0:0:0:0, 4:3:0:0:2, 5:6:0:0:3, 2:1:0:0:0, 1:0:0:0:0, 4:4:0:0:2, 5:8:0:0:4, 1:0:0:0:0, 2:0:0:0:1, 2:2:0:0:0, 2:1:0:0:0, 1:0:0:0:0, 4:0:0:0:1, 3:2:0:0:0, 3:2:0:0:0, 2:0:0:0:0, 2:0:0:0:0, 4:2:0:0:1, 5:5:0:0:4, 2:1:0:0:0, 2:0:0:0:1, 6:5:0:0:2, 4:5:0:0:1, 1:0:0:0:0, 3:0:0:0:1, 2:2:0:0:0, 2:4:0:0:0, 7:0:0:0:1, 3:3:0:0:0, 2:0:0:0:0, 3:2:0:0:0, 2:0:0:0:0, 2:0:0:0:0, 4:4:0:0:3, 4:5:0:0:2, 2:2:0:0:0,  , 5:3:0:0:3, 5:7:0:0:3, 1:0:0:0:0, 2:0:0:0:1, 3:3:0:0:0, 3:1:1:0:1, 1:0:0:0:0, 4:0:0:0:2, 3:3:0:0:0, 3:2:0:0:0, 4:3:0:0:0, 1:0:0:0:0, 4:4:0:0:3, 4:4:0:0:2, 2:1:0:0:0, 3:0:2:0:6, 6:3:0:0:2, 5:7:0:0:3, 3:1:0:0:0, 3:0:0:0:1, 3:3:0:0:0, 2:2:0:0:0, 5:0:0:0:1, 3:2:0:0:0, 3:0:0:0:1, 3:2:0:0:0, 2:0:0:0:0, 1:0:0:0:0, 4:3:0:0:1, 3:2:0:0:1, 2:1:0:0:0, 1:0:0:0:0, 4:3:0:0:2, 4:3:0:0:1, 1:0:0:0:0, 2:0:0:0:1, 2:3:0:0:0, 3:1:0:0:0, 1:0:0:0:0, 2:0:0:0:2, 2:1:0:0:0, 3:1:0:0:0, 2:0:0:0:0, 1:0:0:0:0, 4:3:0:0:2, 5:4:0:0:1, 3:2:0:0:0,  , 5:4:0:0:2, 4:6:0:0:2, 1:0:0:0:0, 2:0:0:0:2, 2:2:0:0:0, 3:3:0:0:0, 7:1:0:0:2, 3:3:0:0:0, 2:0:0:0:0, 3:2:0:0:0, 2:0:0:0:0, 3:1:0:0:0, 5:4:0:0:3, 3:4:0:0:2, 2:1:0:0:0, 1:0:0:0:1, 6:4:0:0:3, 5:6:0:0:1, 2:0:0:0:0, 4:0:1:0:4, 3:2:0:0:0, 3:1:0:0:0, 3:0:0:0:1, 6:0:0:0:2, 2:2:0:0:0, 3:1:0:0:0, 2:0:0:0:0, 2:0:0:0:0, 4:2:0:0:1, 3:2:0:0:1, 2:2:0:0:0, 2:0:0:0:1, 5:4:0:0:3, 3:3:0:0:1, 1:0:0:0:0, 2:0:0:0:3, 2:3:0:0:0, 2:2:0:0:0, 7:0:0:0:1, 3:2:0:0:0, 2:0:0:0:0, 3:2:0:0:0, 2:0:0:0:0, 1:0:0:0:0, 4:5:0:0:2, 5:5:0:0:2, 2:2:0:0:0, 2:0:0:0:0, 6:4:0:0:3, 5:8:0:0:4, 2:0:0:0:0, 4:0:0:0:4, 2:2:0:0:0, 2:2:0:0:0, 3:0:0:0:1, 5:0:0:0:1, 3:2:0:0:0, 5:2:0:0:0, 2:0:0:0:0, 3:1:0:0:2, 5:2:0:0:2, 5:4:0:0:2, 3:1:0:0:1, 1:0:0:0:1, 5:3:0:0:2, 6:5:0:0:2, 1:0:0:0:0, 4:0:0:0:3, 3:1:0:0:0, 4:3:0:0:0, 5:0:0:0:1, 3:2:0:0:0, 2:0:0:0:0, 3:2:0:0:0, 2:0:0:0:0, 2:0:0:0:0, 4:3:0:0:1, 4:2:0:0:2, 2:1:0:0:0, 2:0:0:0:1, 4:3:0:0:2, 4:5:0:0:1, 1:0:0:0:0, 2:0:0:0:1, 5:3:1:0:3, 5:2:0:0:1, 2:0:0:0:0, 3:0:0:0:1, 3:2:0:0:0, 3:1:0:0:0, 2:0:0:0:0, 3:0:0:0:1, 4:2:0:0:1, 5:6:0:0:2, 3:2:0:0:0, 4:2:0:0:0, 8:5:0:0:4, 4:7:0:0:3, 1:0:0:0:0, 5:0:0:0:1, 3:1:0:0:0, 1:2:0:0:0, 6:0:0:0:1, 3:2:0:0:0, 2:0:0:0:0, 3:2:0:0:0, 2:0:0:0:0, 1:0:0:0:0, 4:2:0:0:1, 4:3:0:0:1, 2:2:0:0:0, 1:0:0:0:0, 4:4:0:0:3, 3:3:0:0:1, 1:0:0:0:0, 2:0:0:0:1, 2:2:0:0:0, 2:1:0:0:0, 1:0:0:0:0, 2:0:0:0:1, 2:2:0:0:0, 4:1:0:0:0, 2:0:0:0:0, 0:0:0:0:0, 5:5:2:0:3, 3:2:0:0:1, 2:3:0:0:0,  , 7:6:0:0:2, 4:4:0:0:1, 1:0:0:0:0, 5:1:0:0:1, 3:1:0:0:0, 1:3:0:0:0, 5:0:0:0:1, 3:2:0:0:0, 2:0:0:0:0, 3:2:0:0:0, 2:0:0:0:0, 3:1:0:0:0, 4:4:0:0:2, 5:4:0:0:3, 2:1:0:0:0, 2:2:0:0:0, 6:4:1:0:5, 4:3:0:0:1, 1:0:0:0:0, 3:0:0:0:4, 2:3:0:0:0, 2:1:0:0:0, 2:0:0:0:0, 7:1:0:0:1, 3:1:0:0:1, 3:2:0:0:0, 2:0:0:0:0, 2:0:0:0:0, 4:2:0:0:1, 6:5:0:0:4, 3:6:0:0:2, 3:0:0:0:1, 4:3:0:0:2, 5:3:0:0:1, 2:0:0:0:0, 5:0:0:0:3, 2:4:0:0:0, 2:2:0:0:0, 8:0:0:0:1, 3:3:0:0:0, 3:1:0:0:0, 4:2:0:0:1, 1:0:0:0:0, 1:0:0:0:0, 1:0:0:0:0, 1:0:0:0:0, 1063:562:9:0:273
Bb mixolydian (2b), 1:0:0:0:0, 1:0:0:0:0, 1:0:1:0:1, 1:0:0:0:0, 2:0:0:0:0, 0:0:0:0:0, 1:0:0:0:0, 2:0:0:0:0, 2:0:0:0:1, 2:0:0:0:0, 5:4:0:0:5, 0:0:0:0:0, 1:0:0:0:0, 2:0:0:0:0, 6:4:0:0:5, 2:0:0:0:0, 1:0:0:0:0, 1:0:0:0:0, 1:0:1:0:1, 1:0:0:0:0, 2:0:0:0:0, 0:0:0:0:0, 1:0:0:0:0, 2:0:0:0:0, 2:0:0:0:1, 2:0:0:0:0, 6:4:0:0:5, 0:0:0:0:0, 2:1:0:0:1, 6:4:0:0:5, 1:0:0:0:0, 1:0:0:0:0, 0:0:0:0:0, 2:0:0:0:1, 0:0:0:0:0, 1:0:0:0:0, 1:0:0:0:0, 0:0:0:0:0, 2:0:0:0:0, 2:0:0:0:0, 3:0:0:0:0, 2:0:0:0:0, 6:3:0:0:4, 0:0:0:0:0, 1:0:0:0:0, 1:0:0:0:0, 4:3:0:0:4, 0:0:0:0:0, 1:0:0:0:0, 1:0:0:0:0, 1:0:1:0:1, 1:0:0:0:0, 1:0:0:0:0, 0:0:0:0:0, 1:0:0:0:0, 2:0:0:0:0, 2:0:0:0:0, 1:0:0:0:0, 6:4:0:0:5, 0:0:0:0:0, 3:1:0:0:1, 5:3:0:0:4, 1:0:0:0:0, 1:0:0:0:0, 1:0:0:0:0, 1:0:0:0:0, 0:0:0:0:0, 1:0:0:0:0, 1:0:0:0:0, 0:0:0:0:0, 0:0:0:0:0, 2:0:0:0:0, 3:0:0:0:0, 1:0:0:0:0, 5:4:0:0:6, 0:0:0:0:0, 1:0:0:0:0, 1:0:0:0:0, 5:3:0:0:4, 0:0:0:0:0, 1:0:0:0:0, 1:0:0:0:0, 0:0:0:0:0, 4:0:0:0:1, 4:0:0:0:1, 1:0:0:0:0, 0:0:0:0:0, 3:0:0:0:2, 2:0:0:0:0, 1:0:0:0:0, 4:3:0:0:4, 1:0:0:0:0, 3:3:1:0:3, 4:3:0:0:4, 1:0:0:0:0, 1:0:0:0:0, 1:0:0:0:0, 1:0:0:0:0, 0:0:0:0:0, 1:0:0:0:0, 3:0:0:0:0, 0:0:0:0:0, 0:0:0:0:0, 2:0:0:0:0, 2:0:0:0:0, 1:0:0:0:0, 4:5:0:0:7, 0:0:0:0:0, 1:0:0:0:0, 1:0:0:0:0, 7:3:0:0:4, 1:0:0:0:0, 1:0:0:0:0, 1:0:0:0:0, 1:0:0:0:0, 1:0:0:0:0, 1:0:0:0:0, 0:0:0:0:0, 1:1:0:0:1, 4:0:0:0:0, 1:0:0:0:0, 1:0:0:0:0, 5:5:0:0:7, 0:0:0:0:0, 3:1:0:0:1, 7:3:0:0:4, 1:0:0:0:0, 1:0:0:0:0, 1:0:0:0:0, 1:0:0:0:0, 0:0:0:0:0, 2:0:0:0:1, 1:0:0:0:0, 0:0:0:0:0,  , 2:0:0:0:0, 2:0:0:0:0, 1:0:0:0:0, 4:3:0:0:4, 0:0:0:0:0, 2:0:0:0:0, 1:0:0:0:0, 5:4:0:0:5, 0:0:0:0:0, 1:0:0:0:0, 2:1:0:0:1, 1:0:0:0:0, 1:0:0:0:0, 1:0:0:0:0, 0:0:0:0:0, 1:0:0:0:0, 4:0:0:0:0, 2:0:0:0:0, 2:1:0:0:1, 5:5:0:0:7, 0:0:0:0:0, 2:1:0:0:1, 4:3:0:0:4, 1:0:0:0:0, 1:0:0:0:0, 1:0:0:0:0, 1:0:0:0:0, 1:0:0:0:0, 1:0:0:0:0, 1:0:0:0:0, 0:0:0:0:0, 0:0:0:0:0, 2:0:0:0:0, 1:0:0:0:0, 1:0:0:0:0, 4:3:0:0:5, 0:0:0:0:0, 1:0:0:0:0, 1:0:0:0:0, 4:4:0:0:5, 0:0:0:0:0, 1:0:0:0:0, 1:0:0:0:0, 0:0:0:0:0, 1:0:0:0:0, 1:0:0:0:0, 0:0:0:0:0,  , 2:0:0:0:0, 2:0:0:0:0, 1:0:0:0:0, 4:4:0:0:5, 0:0:0:0:0, 2:2:0:0:2, 7:3:0:0:4, 1:0:0:0:0, 1:0:0:0:0, 1:0:0:0:0, 1:0:0:0:0, 1:0:0:0:0, 1:0:0:0:0, 1:0:0:0:0, 0:0:0:0:0, 1:1:0:0:1, 2:0:0:0:0, 2:0:0:0:0, 3:1:0:0:3, 6:4:0:0:5, 1:0:0:0:0, 1:0:0:0:0, 2:0:0:0:0, 8:3:0:0:4, 0:0:0:0:0, 1:0:0:0:0, 1:0:0:0:0, 0:0:0:0:0, 1:0:0:0:0, 1:0:0:0:0, 0:0:0:0:0, 0:0:0:0:0, 3:0:0:0:0, 1:0:0:0:0, 1:0:0:0:0, 4:5:0:0:8, 0:0:0:0:0, 2:2:0:0:2, 7:3:0:0:4, 1:0:0:0:0, 1:0:0:0:0, 1:0:0:0:0, 1:0:0:0:0, 1:0:0:0:0, 1:0:0:0:0, 3:0:0:0:0, 0:0:0:0:0, 0:0:0:0:0, 2:0:0:0:0, 2:0:0:0:0, 1:0:0:0:0, 5:5:0:0:6, 0:0:0:0:0, 1:0:0:0:0, 2:0:0:0:0, 6:4:0:0:6, 1:0:0:0:0, 3:0:0:0:0, 1:0:0:0:0, 1:0:0:0:0, 1:0:0:0:0, 2:0:0:0:0, 0:0:0:0:0, 0:0:0:0:0, 2:0:0:0:0, 2:0:0:0:0, 1:0:0:0:0, 5:6:0:0:8, 1:0:0:0:0, 4:1:0:0:1, 5:3:0:0:4, 1:0:0:0:0, 1:0:0:0:0, 1:0:0:0:0, 1:0:0:0:0, 0:0:0:0:0, 1:0:0:0:0, 1:0:0:0:0, 1:0:0:0:0, 0:0:0:0:0, 2:0:0:0:0, 1:0:0:0:0, 1:0:0:0:0, 4:3:0:0:4, 2:3:1:0:3, 3:1:0:0:1, 1:0:0:0:0, 4:4:0:0:5, 1:1:0:0:1, 1:0:0:0:0, 1:0:0:0:0, 1:0:0:0:0, 1:0:0:0:0, 1:0:0:0:0, 1:0:0:0:0, 1:1:0:0:1, 4:0:0:0:0, 2:0:0:0:0, 1:0:0:0:0, 7:4:0:0:7, 1:1:0:0:1, 2:1:0:0:1, 5:4:0:0:5, 1:0:0:0:0, 1:0:0:0:0, 1:0:0:0:0, 1:0:0:0:0, 0:0:0:0:0, 1:0:0:0:0, 1:0:0:0:0, 0:0:0:0:0, 1:0:0:0:0, 2:0:0:0:0, 1:0:0:0:0, 1:0:0:0:0, 4:4:0:0:5, 0:0:0:0:0, 1:0:0:0:0, 1:0:0:0:0, 4:6:0:0:8, 0:0:0:0:0, 2:1:0:0:1, 1:0:0:0:0, 1:0:0:0:0, 2:0:2:0:2, 1:0:0:0:0, 0:0:0:0:0,  , 4:0:0:0:0, 1:0:0:0:0, 1:0:0:0:0, 8:3:0:0:4, 1:0:0:0:0, 2:2:0:0:2, 4:3:0:0:4, 1:0:0:0:0, 1:0:0:0:0, 1:0:0:0:0, 1:0:0:0:0, 1:0:0:0:0, 1:0:0:0:0, 1:0:0:0:0, 0:0:0:0:0, 0:0:0:0:0, 2:0:0:0:0, 1:0:0:0:0, 1:0:0:0:0, 5:4:0:0:6, 0:0:0:0:0, 1:0:0:0:0, 1:0:0:0:0, 8:4:0:0:5, 0:0:0:0:0, 1:0:0:0:0, 1:0:0:0:0, 0:0:0:0:0, 1:0:0:0:0, 2:0:0:0:0, 1:0:0:0:0, 0:0:0:0:0, 2:0:0:0:0, 2:0:0:0:0, 2:0:0:0:0, 6:4:0:0:6, 0:0:0:0:0, 2:1:0:0:1, 8:3:0:0:4, 1:0:0:0:0, 1:0:0:0:0, 1:0:0:0:0, 0:0:0:0:0, 0:0:0:0:0, 0:0:0:0:0, 0:0:0:0:0, 581:195:7:0:268
D mixolydian (2#), 1:0:0:0:0, 2:0:0:0:0, 3:0:0:0:1, 4:3:0:0:1, 3:2:0:0:1, 2:1:0:0:0, 4:1:0:0:0, 4:4:0:0:3, 4:4:0:0:1, 3:0:0:0:0, 3:0:0:0:1, 3:2:0:0:0, 2:2:0:0:0, 3:0:0:0:0, 3:0:0:0:1, 3:2:0:0:0, 2:1:0:0:0, 2:0:0:0:0, 3:0:0:0:1, 4:3:0:0:1, 3:2:0:0:1, 2:1:0:0:0, 4:1:0:0:0, 4:4:0:0:3, 4:4:0:0:1, 3:0:0:0:0, 3:0:0:0:1, 3:2:0:0:0, 1:3:0:0:0, 7:0:0:0:1, 3:3:0:0:0, 2:0:0:0:0, 1:0:0:0:0, 2:0:0:0:0, 1:0:0:0:0, 4:3:0:0:2, 3:3:0:0:2, 2:1:0:0:0, 2:1:0:0:1, 4:3:0:0:2, 6:5:0:0:3, 2:0:1:0:1, 4:0:0:0:1, 2:1:0:0:0, 2:1:0:0:0, 1:0:0:0:0, 2:0:0:0:1, 2:1:0:0:0, 2:1:0:0:0, 2:0:0:0:0, 3:0:0:0:1, 4:3:0:0:1, 4:2:0:0:1, 2:1:0:0:0, 4:1:0:0:0, 4:4:0:0:3, 5:3:0:0:1, 2:0:0:0:0, 3:0:0:0:1, 3:2:0:0:0, 2:2:0:0:0, 6:0:0:0:1, 3:3:0:0:0, 2:0:0:0:0, 3:2:0:0:0, 2:0:0:0:0, 3:1:0:0:0, 4:3:0:0:2, 3:3:0:0:1, 2:1:0:0:0, 1:0:0:0:0, 4:4:0:0:2, 6:5:0:0:2, 1:0:0:0:0, 3:0:0:0:3, 2:1:0:0:0, 2:1:0:0:0, 1:0:0:0:0, 3:0:0:0:1, 3:1:0:0:0, 2:1:0:0:0, 2:0:0:0:0, 0:0:0:0:0, 6:2:0:0:1, 5:2:0:0:1, 2:3:0:0:0, 1:0:0:0:0, 6:3:0:0:3, 4:4:0:0:1, 1:0:0:0:0, 2:0:0:0:1, 3:1:0:0:0, 3:2:0:0:0, 5:0:0:0:1, 3:2:0:0:0, 2:0:0:0:0, 3:2:0:0:0, 2:0:0:0:0, 2:0:0:0:0, 4:3:0:0:2, 5:6:0:0:3, 2:1:0:0:0, 1:0:0:0:0, 4:4:0:0:2, 5:8:0:0:4, 1:0:0:0:0, 2:0:0:0:1, 2:2:0:0:0, 2:1:0:0:0, 1:0:0:0:0, 4:0:0:0:1, 3:2:0:0:0, 3:2:0:0:0, 2:0:0:0:0, 2:0:0:0:0, 4:2:0:0:1, 5:5:0:0:4, 2:1:0:0:0, 2:0:0:0:1, 6:5:0:0:2, 4:5:0:0:1, 1:0:0:0:0, 3:0:0:0:1, 2:2:0:0:0, 2:4:0:0:0, 7:0:0:0:1, 3:3:0:0:0, 2:0:0:0:0, 3:2:0:0:0, 2:0:0:0:0, 2:0:0:0:0, 4:4:0:0:3, 4:5:0:0:2, 2:2:0:0:0,  , 5:3:0:0:3, 5:7:0:0:3, 1:0:0:0:0, 2:0:0:0:1, 3:3:0:0:0, 3:1:1:0:1, 1:0:0:0:0, 4:0:0:0:2, 3:3:0:0:0, 3:2:0:0:0, 4:3:0:0:0, 1:0:0:0:0, 4:4:0:0:3, 4:4:0:0:2, 2:1:0:0:0, 3:0:2:0:6, 6:3:0:0:2, 5:7:0:0:3, 3:1:0:0:0, 3:0:0:0:1, 3:3:0:0:0, 2:2:0:0:0, 5:0:0:0:1, 3:2:0:0:0, 3:0:0:0:1, 3:2:0:0:0, 2:0:0:0:0, 1:0:0:0:0, 4:3:0:0:1, 3:2:0:0:1, 2:1:0:0:0, 1:0:0:0:0, 4:3:0:0:2, 4:3:0:0:1, 1:0:0:0:0, 2:0:0:0:1, 2:3:0:0:0, 3:1:0:0:0, 1:0:0:0:0, 2:0:0:0:2, 2:1:0:0:0, 3:1:0:0:0, 2:0:0:0:0, 1:0:0:0:0, 4:3:0:0:2, 5:4:0:0:1, 3:2:0:0:0,  , 5:4:0:0:2, 4:6:0:0:2, 1:0:0:0:0, 2:0:0:0:2, 2:2:0:0:0, 3:3:0:0:0, 7:1:0:0:2, 3:3:0:0:0, 2:0:0:0:0, 3:2:0:0:0, 2:0:0:0:0, 3:1:0:0:0, 5:4:0:0:3, 3:4:0:0:2, 2:1:0:0:0, 1:0:0:0:1, 6:4:0:0:3, 5:6:0:0:1, 2:0:0:0:0, 4:0:1:0:4, 3:2:0:0:0, 3:1:0:0:0, 3:0:0:0:1, 6:0:0:0:2, 2:2:0:0:0, 3:1:0:0:0, 2:0:0:0:0, 2:0:0:0:0, 4:2:0:0:1, 3:2:0:0:1, 2:2:0:0:0, 2:0:0:0:1, 5:4:0:0:3, 3:3:0:0:1, 1:0:0:0:0, 2:0:0:0:3, 2:3:0:0:0, 2:2:0:0:0, 7:0:0:0:1, 3:2:0:0:0, 2:0:0:0:0, 3:2:0:0:0, 2:0:0:0:0, 1:0:0:0:0, 4:5:0:0:2, 5:5:0:0:2, 2:2:0:0:0, 2:0:0:0:0, 6:4:0:0:3, 5:8:0:0:4, 2:0:0:0:0, 4:0:0:0:4, 2:2:0:0:0, 2:2:0:0:0, 3:0:0:0:1, 5:0:0:0:1, 3:2:0:0:0, 5:2:0:0:0, 2:0:0:0:0, 3:1:0:0:2, 5:2:0:0:2, 5:4:0:0:2, 3:1:0:0:1, 1:0:0:0:1, 5:3:0:0:2, 6:5:0:0:2, 1:0:0:0:0, 4:0:0:0:3, 3:1:0:0:0, 4:3:0:0:0, 5:0:0:0:1, 3:2:0:0:0, 2:0:0:0:0, 3:2:0:0:0, 2:0:0:0:0, 2:0:0:0:0, 4:3:0:0:1, 4:2:0:0:2, 2:1:0:0:0, 2:0:0:0:1, 4:3:0:0:2, 4:5:0:0:1, 1:0:0:0:0, 2:0:0:0:1, 5:3:1:0:3, 5:2:0:0:1, 2:0:0:0:0, 3:0:0:0:1, 3:2:0:0:0, 3:1:0:0:0, 2:0:0:0:0, 3:0:0:0:1, 4:2:0:0:1, 5:6:0:0:2, 3:2:0:0:0, 4:2:0:0:0, 8:5:0:0:4, 4:7:0:0:3, 1:0:0:0:0, 5:0:0:0:1, 3:1:0:0:0, 1:2:0:0:0, 6:0:0:0:1, 3:2:0:0:0, 2:0:0:0:0, 3:2:0:0:0, 2:0:0:0:0, 1:0:0:0:0, 4:2:0:0:1, 4:3:0:0:1, 2:2:0:0:0, 1:0:0:0:0, 4:4:0:0:3, 3:3:0:0:1, 1:0:0:0:0, 2:0:0:0:1, 2:2:0:0:0, 2:1:0:0:0, 1:0:0:0:0, 2:0:0:0:1, 2:2:0:0:0, 4:1:0:0:0, 2:0:0:0:0, 0:0:0:0:0, 5:5:2:0:3, 3:2:0:0:1, 2:3:0:0:0,  , 7:6:0:0:2, 4:4:0:0:1, 1:0:0:0:0, 5:1:0:0:1, 3:1:0:0:0, 1:3:0:0:0, 5:0:0:0:1, 3:2:0:0:0, 2:0:0:0:0, 3:2:0:0:0, 2:0:0:0:0, 3:1:0:0:0, 4:4:0:0:2, 5:4:0:0:3, 2:1:0:0:0, 2:2:0:0:0, 6:4:1:0:5, 4:3:0:0:1, 1:0:0:0:0, 3:0:0:0:4, 2:3:0:0:0, 2:1:0:0:0, 2:0:0:0:0, 7:1:0:0:1, 3:1:0:0:1, 3:2:0:0:0, 2:0:0:0:0, 2:0:0:0:0, 4:2:0:0:1, 6:5:0:0:4, 3:6:0:0:2, 3:0:0:0:1, 4:3:0:0:2, 5:3:0:0:1, 2:0:0:0:0, 5:0:0:0:3, 2:4:0:0:0, 2:2:0:0:0, 8:0:0:0:1, 3:3:0:0:0, 3:1:0:0:0, 4:2:0:0:1, 1:0:0:0:0, 1:0:0:0:0, 1:0:0:0:0, 1:0:0:0:0, 1063:562:9:0:273
Bb aeolian (2b), 1:0:0:0:0, 1:0:0:0:0, 1:0:1:0:1, 1:0:0:0:0, 2:0:0:0:0, 0:0:0:0:0, 1:0:0:0:0, 2:0:0:0:0, 2:0:0:0:1, 2:0:0:0:0, 5:4:0:0:5, 0:0:0:0:0, 1:0:0:0:0, 2:0:0:0:0, 6:4:0:0:5, 2:0:0:0:0, 1:0:0:0:0, 1:0:0:0:0, 1:0:1:0:1, 1:0:0:0:0, 2:0:0:0:0, 0:0:0:0:0, 1:0:0:0:0, 2:0:0:0:0, 2:0:0:0:1, 2:0:0:0:0, 6:4:0:0:5, 0:0:0:0:0, 2:1:0:0:1, 6:4:0:0:5, 1:0:0:0:0, 1:0:0:0:0, 0:0:0:0:0, 2:0:0:0:1, 0:0:0:0:0, 1:0:0:0:0, 1:0:0:0:0, 0:0:0:0:0, 2:0:0:0:0, 2:0:0:0:0, 3:0:0:0:0, 2:0:0:0:0, 6:3:0:0:4, 0:0:0:0:0, 1:0:0:0:0, 1:0:0:0:0, 4:3:0:0:4, 0:0:0:0:0, 1:0:0:0:0, 1:0:0:0:0, 1:0:1:0:1, 1:0:0:0:0, 1:0:0:0:0, 0:0:0:0:0, 1:0:0:0:0, 2:0:0:0:0, 2:0:0:0:0, 1:0:0:0:0, 6:4:0:0:5, 0:0:0:0:0, 3:1:0:0:1, 5:3:0:0:4, 1:0:0:0:0, 1:0:0:0:0, 1:0:0:0:0, 1:0:0:0:0, 0:0:0:0:0, 1:0:0:0:0, 1:0:0:0:0, 0:0:0:0:0, 0:0:0:0:0, 2:0:0:0:0, 3:0:0:0:0, 1:0:0:0:0, 5:4:0:0:6, 0:0:0:0:0, 1:0:0:0:0, 1:0:0:0:0, 5:3:0:0:4, 0:0:0:0:0, 1:0:0:0:0, 1:0:0:0:0, 0:0:0:0:0, 4:0:0:0:1, 4:0:0:0:1, 1:0:0:0:0, 0:0:0:0:0, 3:0:0:0:2, 2:0:0:0:0, 1:0:0:0:0, 4:3:0:0:4, 1:0:0:0:0, 3:3:1:0:3, 4:3:0:0:4, 1:0:0:0:0, 1:0:0:0:0, 1:0:0:0:0, 1:0:0:0:0, 0:0:0:0:0, 1:0:0:0:0, 3:0:0:0:0, 0:0:0:0:0, 0:0:0:0:0, 2:0:0:0:0, 2:0:0:0:0, 1:0:0:0:0, 4:5:0:0:7, 0:0:0:0:0, 1:0:0:0:0, 1:0:0:0:0, 7:3:0:0:4, 1:0:0:0:0, 1:0:0:0:0, 1:0:0:0:0, 1:0:0:0:0, 1:0:0:0:0, 1:0:0:0:0, 0:0:0:0:0, 1:1:0:0:1, 4:0:0:0:0, 1:0:0:0:0, 1:0:0:0:0, 5:5:0:0:7, 0:0:0:0:0, 3:1:0:0:1, 7:3:0:0:4, 1:0:0:0:0, 1:0:0:0:0, 1:0:0:0:0, 1:0:0:0:0, 0:0:0:0:0, 2:0:0:0:1, 1:0:0:0:0, 0:0:0:0:0,  , 2:0:0:0:0, 2:0:0:0:0, 1:0:0:0:0, 4:3:0:0:4, 0:0:0:0:0, 2:0:0:0:0, 1:0:0:0:0, 5:4:0:0:5, 0:0:0:0:0, 1:0:0:0:0, 2:1:0:0:1, 1:0:0:0:0, 1:0:0:0:0, 1:0:0:0:0, 0:0:0:0:0, 1:0:0:0:0, 4:0:0:0:0, 2:0:0:0:0, 2:1:0:0:1, 5:5:0:0:7, 0:0:0:0:0, 2:1:0:0:1, 4:3:0:0:4, 1:0:0:0:0, 1:0:0:0:0, 1:0:0:0:0, 1:0:0:0:0, 1:0:0:0:0, 1:0:0:0:0, 1:0:0:0:0, 0:0:0:0:0, 0:0:0:0:0, 2:0:0:0:0, 1:0:0:0:0, 1:0:0:0:0, 4:3:0:0:5, 0:0:0:0:0, 1:0:0:0:0, 1:0:0:0:0, 4:4:0:0:5, 0:0:0:0:0, 1:0:0:0:0, 1:0:0:0:0, 0:0:0:0:0, 1:0:0:0:0, 1:0:0:0:0, 0:0:0:0:0,  , 2:0:0:0:0, 2:0:0:0:0, 1:0:0:0:0, 4:4:0:0:5, 0:0:0:0:0, 2:2:0:0:2, 7:3:0:0:4, 1:0:0:0:0, 1:0:0:0:0, 1:0:0:0:0, 1:0:0:0:0, 1:0:0:0:0, 1:0:0:0:0, 1:0:0:0:0, 0:0:0:0:0, 1:1:0:0:1, 2:0:0:0:0, 2:0:0:0:0, 3:1:0:0:3, 6:4:0:0:5, 1:0:0:0:0, 1:0:0:0:0, 2:0:0:0:0, 8:3:0:0:4, 0:0:0:0:0, 1:0:0:0:0, 1:0:0:0:0, 0:0:0:0:0, 1:0:0:0:0, 1:0:0:0:0, 0:0:0:0:0, 0:0:0:0:0, 3:0:0:0:0, 1:0:0:0:0, 1:0:0:0:0, 4:5:0:0:8, 0:0:0:0:0, 2:2:0:0:2, 7:3:0:0:4, 1:0:0:0:0, 1:0:0:0:0, 1:0:0:0:0, 1:0:0:0:0, 1:0:0:0:0, 1:0:0:0:0, 3:0:0:0:0, 0:0:0:0:0, 0:0:0:0:0, 2:0:0:0:0, 2:0:0:0:0, 1:0:0:0:0, 5:5:0:0:6, 0:0:0:0:0, 1:0:0:0:0, 2:0:0:0:0, 6:4:0:0:6, 1:0:0:0:0, 3:0:0:0:0, 1:0:0:0:0, 1:0:0:0:0, 1:0:0:0:0, 2:0:0:0:0, 0:0:0:0:0, 0:0:0:0:0, 2:0:0:0:0, 2:0:0:0:0, 1:0:0:0:0, 5:6:0:0:8, 1:0:0:0:0, 4:1:0:0:1, 5:3:0:0:4, 1:0:0:0:0, 1:0:0:0:0, 1:0:0:0:0, 1:0:0:0:0, 0:0:0:0:0, 1:0:0:0:0, 1:0:0:0:0, 1:0:0:0:0, 0:0:0:0:0, 2:0:0:0:0, 1:0:0:0:0, 1:0:0:0:0, 4:3:0:0:4, 2:3:1:0:3, 3:1:0:0:1, 1:0:0:0:0, 4:4:0:0:5, 1:1:0:0:1, 1:0:0:0:0, 1:0:0:0:0, 1:0:0:0:0, 1:0:0:0:0, 1:0:0:0:0, 1:0:0:0:0, 1:1:0:0:1, 4:0:0:0:0, 2:0:0:0:0, 1:0:0:0:0, 7:4:0:0:7, 1:1:0:0:1, 2:1:0:0:1, 5:4:0:0:5, 1:0:0:0:0, 1:0:0:0:0, 1:0:0:0:0, 1:0:0:0:0, 0:0:0:0:0, 1:0:0:0:0, 1:0:0:0:0, 0:0:0:0:0, 1:0:0:0:0, 2:0:0:0:0, 1:0:0:0:0, 1:0:0:0:0, 4:4:0:0:5, 0:0:0:0:0, 1:0:0:0:0, 1:0:0:0:0, 4:6:0:0:8, 0:0:0:0:0, 2:1:0:0:1, 1:0:0:0:0, 1:0:0:0:0, 2:0:2:0:2, 1:0:0:0:0, 0:0:0:0:0,  , 4:0:0:0:0, 1:0:0:0:0, 1:0:0:0:0, 8:3:0:0:4, 1:0:0:0:0, 2:2:0:0:2, 4:3:0:0:4, 1:0:0:0:0, 1:0:0:0:0, 1:0:0:0:0, 1:0:0:0:0, 1:0:0:0:0, 1:0:0:0:0, 1:0:0:0:0, 0:0:0:0:0, 0:0:0:0:0, 2:0:0:0:0, 1:0:0:0:0, 1:0:0:0:0, 5:4:0:0:6, 0:0:0:0:0, 1:0:0:0:0, 1:0:0:0:0, 8:4:0:0:5, 0:0:0:0:0, 1:0:0:0:0, 1:0:0:0:0, 0:0:0:0:0, 1:0:0:0:0, 2:0:0:0:0, 1:0:0:0:0, 0:0:0:0:0, 2:0:0:0:0, 2:0:0:0:0, 2:0:0:0:0, 6:4:0:0:6, 0:0:0:0:0, 2:1:0:0:1, 8:3:0:0:4, 1:0:0:0:0, 1:0:0:0:0, 1:0:0:0:0, 0:0:0:0:0, 0:0:0:0:0, 0:0:0:0:0, 0:0:0:0:0, 581:195:7:0:268
D aeolian (2#), 1:0:0:0:0, 2:0:0:0:0, 3:0:0:0:1, 4:3:0:0:1, 3:2:0:0:1, 2:1:0:0:0, 4:1:0:0:0, 4:4:0:0:3, 4:4:0:0:1, 3:0:0:0:0, 3:0:0:0:1, 3:2:0:0:0, 2:2:0:0:0, 3:0:0:0:0, 3:0:0:0:1, 3:2:0:0:0, 2:1:0:0:0, 2:0:0:0:0, 3:0:0:0:1, 4:3:0:0:1, 3:2:0:0:1, 2:1:0:0:0, 4:1:0:0:0, 4:4:0:0:3, 4:4:0:0:1, 3:0:0:0:0, 3:0:0:0:1, 3:2:0:0:0, 1:3:0:0:0, 7:0:0:0:1, 3:3:0:0:0, 2:0:0:0:0, 1:0:0:0:0, 2:0:0:0:0, 1:0:0:0:0, 4:3:0:0:2, 3:3:0:0:2, 2:1:0:0:0, 2:1:0:0:1, 4:3:0:0:2, 6:5:0:0:3, 2:0:1:0:1, 4:0:0:0:1, 2:1:0:0:0, 2:1:0:0:0, 1:0:0:0:0, 2:0:0:0:1, 2:1:0:0:0, 2:1:0:0:0, 2:0:0:0:0, 3:0:0:0:1, 4:3:0:0:1, 4:2:0:0:1, 2:1:0:0:0, 4:1:0:0:0, 4:4:0:0:3, 5:3:0:0:1, 2:0:0:0:0, 3:0:0:0:1, 3:2:0:0:0, 2:2:0:0:0, 6:0:0:0:1, 3:3:0:0:0, 2:0:0:0:0, 3:2:0:0:0, 2:0:0:0:0, 3:1:0:0:0, 4:3:0:0:2, 3:3:0:0:1, 2:1:0:0:0, 1:0:0:0:0, 4:4:0:0:2, 6:5:0:0:2, 1:0:0:0:0, 3:0:0:0:3, 2:1:0:0:0, 2:1:0:0:0, 1:0:0:0:0, 3:0:0:0:1, 3:1:0:0:0, 2:1:0:0:0, 2:0:0:0:0, 0:0:0:0:0, 6:2:0:0:1, 5:2:0:0:1, 2:3:0:0:0, 1:0:0:0:0, 6:3:0:0:3, 4:4:0:0:1, 1:0:0:0:0, 2:0:0:0:1, 3:1:0:0:0, 3:2:0:0:0, 5:0:0:0:1, 3:2:0:0:0, 2:0:0:0:0, 3:2:0:0:0, 2:0:0:0:0, 2:0:0:0:0, 4:3:0:0:2, 5:6:0:0:3, 2:1:0:0:0, 1:0:0:0:0, 4:4:0:0:2, 5:8:0:0:4, 1:0:0:0:0, 2:0:0:0:1, 2:2:0:0:0, 2:1:0:0:0, 1:0:0:0:0, 4:0:0:0:1, 3:2:0:0:0, 3:2:0:0:0, 2:0:0:0:0, 2:0:0:0:0, 4:2:0:0:1, 5:5:0:0:4, 2:1:0:0:0, 2:0:0:0:1, 6:5:0:0:2, 4:5:0:0:1, 1:0:0:0:0, 3:0:0:0:1, 2:2:0:0:0, 2:4:0:0:0, 7:0:0:0:1, 3:3:0:0:0, 2:0:0:0:0, 3:2:0:0:0, 2:0:0:0:0, 2:0:0:0:0, 4:4:0:0:3, 4:5:0:0:2, 2:2:0:0:0,  , 5:3:0:0:3, 5:7:0:0:3, 1:0:0:0:0, 2:0:0:0:1, 3:3:0:0:0, 3:1:1:0:1, 1:0:0:0:0, 4:0:0:0:2, 3:3:0:0:0, 3:2:0:0:0, 4:3:0:0:0, 1:0:0:0:0, 4:4:0:0:3, 4:4:0:0:2, 2:1:0:0:0, 3:0:2:0:6, 6:3:0:0:2, 5:7:0:0:3, 3:1:0:0:0, 3:0:0:0:1, 3:3:0:0:0, 2:2:0:0:0, 5:0:0:0:1, 3:2:0:0:0, 3:0:0:0:1, 3:2:0:0:0, 2:0:0:0:0, 1:0:0:0:0, 4:3:0:0:1, 3:2:0:0:1, 2:1:0:0:0, 1:0:0:0:0, 4:3:0:0:2, 4:3:0:0:1, 1:0:0:0:0, 2:0:0:0:1, 2:3:0:0:0, 3:1:0:0:0, 1:0:0:0:0, 2:0:0:0:2, 2:1:0:0:0, 3:1:0:0:0, 2:0:0:0:0, 1:0:0:0:0, 4:3:0:0:2, 5:4:0:0:1, 3:2:0:0:0,  , 5:4:0:0:2, 4:6:0:0:2, 1:0:0:0:0, 2:0:0:0:2, 2:2:0:0:0, 3:3:0:0:0, 7:1:0:0:2, 3:3:0:0:0, 2:0:0:0:0, 3:2:0:0:0, 2:0:0:0:0, 3:1:0:0:0, 5:4:0:0:3, 3:4:0:0:2, 2:1:0:0:0, 1:0:0:0:1, 6:4:0:0:3, 5:6:0:0:1, 2:0:0:0:0, 4:0:1:0:4, 3:2:0:0:0, 3:1:0:0:0, 3:0:0:0:1, 6:0:0:0:2, 2:2:0:0:0, 3:1:0:0:0, 2:0:0:0:0, 2:0:0:0:0, 4:2:0:0:1, 3:2:0:0:1, 2:2:0:0:0, 2:0:0:0:1, 5:4:0:0:3, 3:3:0:0:1, 1:0:0:0:0, 2:0:0:0:3, 2:3:0:0:0, 2:2:0:0:0, 7:0:0:0:1, 3:2:0:0:0, 2:0:0:0:0, 3:2:0:0:0, 2:0:0:0:0, 1:0:0:0:0, 4:5:0:0:2, 5:5:0:0:2, 2:2:0:0:0, 2:0:0:0:0, 6:4:0:0:3, 5:8:0:0:4, 2:0:0:0:0, 4:0:0:0:4, 2:2:0:0:0, 2:2:0:0:0, 3:0:0:0:1, 5:0:0:0:1, 3:2:0:0:0, 5:2:0:0:0, 2:0:0:0:0, 3:1:0:0:2, 5:2:0:0:2, 5:4:0:0:2, 3:1:0:0:1, 1:0:0:0:1, 5:3:0:0:2, 6:5:0:0:2, 1:0:0:0:0, 4:0:0:0:3, 3:1:0:0:0, 4:3:0:0:0, 5:0:0:0:1, 3:2:0:0:0, 2:0:0:0:0, 3:2:0:0:0, 2:0:0:0:0, 2:0:0:0:0, 4:3:0:0:1, 4:2:0:0:2, 2:1:0:0:0, 2:0:0:0:1, 4:3:0:0:2, 4:5:0:0:1, 1:0:0:0:0, 2:0:0:0:1, 5:3:1:0:3, 5:2:0:0:1, 2:0:0:0:0, 3:0:0:0:1, 3:2:0:0:0, 3:1:0:0:0, 2:0:0:0:0, 3:0:0:0:1, 4:2:0:0:1, 5:6:0:0:2, 3:2:0:0:0, 4:2:0:0:0, 8:5:0:0:4, 4:7:0:0:3, 1:0:0:0:0, 5:0:0:0:1, 3:1:0:0:0, 1:2:0:0:0, 6:0:0:0:1, 3:2:0:0:0, 2:0:0:0:0, 3:2:0:0:0, 2:0:0:0:0, 1:0:0:0:0, 4:2:0:0:1, 4:3:0:0:1, 2:2:0:0:0, 1:0:0:0:0, 4:4:0:0:3, 3:3:0:0:1, 1:0:0:0:0, 2:0:0:0:1, 2:2:0:0:0, 2:1:0:0:0, 1:0:0:0:0, 2:0:0:0:1, 2:2:0:0:0, 4:1:0:0:0, 2:0:0:0:0, 0:0:0:0:0, 5:5:2:0:3, 3:2:0:0:1, 2:3:0:0:0,  , 7:6:0:0:2, 4:4:0:0:1, 1:0:0:0:0, 5:1:0:0:1, 3:1:0:0:0, 1:3:0:0:0, 5:0:0:0:1, 3:2:0:0:0, 2:0:0:0:0, 3:2:0:0:0, 2:0:0:0:0, 3:1:0:0:0, 4:4:0:0:2, 5:4:0:0:3, 2:1:0:0:0, 2:2:0:0:0, 6:4:1:0:5, 4:3:0:0:1, 1:0:0:0:0, 3:0:0:0:4, 2:3:0:0:0, 2:1:0:0:0, 2:0:0:0:0, 7:1:0:0:1, 3:1:0:0:1, 3:2:0:0:0, 2:0:0:0:0, 2:0:0:0:0, 4:2:0:0:1, 6:5:0:0:4, 3:6:0:0:2, 3:0:0:0:1, 4:3:0:0:2, 5:3:0:0:1, 2:0:0:0:0, 5:0:0:0:3, 2:4:0:0:0, 2:2:0:0:0, 8:0:0:0:1, 3:3:0:0:0, 3:1:0:0:0, 4:2:0:0:1, 1:0:0:0:0, 1:0:0:0:0, 1:0:0:0:0, 1:0:0:0:0, 1063:562:9:0:273
Bb locrian (2b), 1:0:0:0:0, 1:0:0:0:0, 1:0:1:0:1, 1:0:0:0:0, 2:0:0:0:0, 0:0:0:0:0, 1:0:0:0:0, 2:0:0:0:0, 2:0:0:0:1, 2:0:0:0:0, 5:4:0:0:5, 0:0:0:0:0, 1:0:0:0:0, 2:0:0:0:0, 6:4:0:0:5, 2:0:0:0:0, 1:0:0:0:0, 1:0:0:0:0, 1:0:1:0:1, 1:0:0:0:0, 2:0:0:0:0, 0:0:0:0:0, 1:0:0:0:0, 2:0:0:0:0, 2:0:0:0:1, 2:0:0:0:0, 6:4:0:0:5, 0:0:0:0:0, 2:1:0:0:1, 6:4:0:0:5, 1:0:0:0:0, 1:0:0:0:0, 0:0:0:0:0, 2:0:0:0:1, 0:0:0:0:0, 1:0:0:0:0, 1:0:0:0:0, 0:0:0:0:0, 2:0:0:0:0, 2:0:0:0:0, 3:0:0:0:0, 2:0:0:0:0, 6:3:0:0:4, 0:0:0:0:0, 1:0:0:0:0, 1:0:0:0:0, 4:3:0:0:4, 0:0:0:0:0, 1:0:0:0:0, 1:0:0:0:0, 1:0:1:0:1, 1:0:0:0:0, 1:0:0:0:0, 0:0:0:0:0, 1:0:0:0:0, 2:0:0:0:0, 2:0:0:0:0, 1:0:0:0:0, 6:4:0:0:5, 0:0:0:0:0, 3:1:0:0:1, 5:3:0:0:4, 1:0:0:0:0, 1:0:0:0:0, 1:0:0:0:0, 1:0:0:0:0, 0:0:0:0:0, 1:0:0:0:0, 1:0:0:0:0, 0:0:0:0:0, 0:0:0:0:0, 2:0:0:0:0, 3:0:0:0:0, 1:0:0:0:0, 5:4:0:0:6, 0:0:0:0:0, 1:0:0:0:0, 1:0:0:0:0, 5:3:0:0:4, 0:0:0:0:0, 1:0:0:0:0, 1:0:0:0:0, 0:0:0:0:0, 4:0:0:0:1, 4:0:0:0:1, 1:0:0:0:0, 0:0:0:0:0, 3:0:0:0:2, 2:0:0:0:0, 1:0:0:0:0, 4:3:0:0:4, 1:0:0:0:0, 3:3:1:0:3, 4:3:0:0:4, 1:0:0:0:0, 1:0:0:0:0, 1:0:0:0:0, 1:0:0:0:0, 0:0:0:0:0, 1:0:0:0:0, 3:0:0:0:0, 0:0:0:0:0, 0:0:0:0:0, 2:0:0:0:0, 2:0:0:0:0, 1:0:0:0:0, 4:5:0:0:7, 0:0:0:0:0, 1:0:0:0:0, 1:0:0:0:0, 7:3:0:0:4, 1:0:0:0:0, 1:0:0:0:0, 1:0:0:0:0, 1:0:0:0:0, 1:0:0:0:0, 1:0:0:0:0, 0:0:0:0:0, 1:1:0:0:1, 4:0:0:0:0, 1:0:0:0:0, 1:0:0:0:0, 5:5:0:0:7, 0:0:0:0:0, 3:1:0:0:1, 7:3:0:0:4, 1:0:0:0:0, 1:0:0:0:0, 1:0:0:0:0, 1:0:0:0:0, 0:0:0:0:0, 2:0:0:0:1, 1:0:0:0:0, 0:0:0:0:0,  , 2:0:0:0:0, 2:0:0:0:0, 1:0:0:0:0, 4:3:0:0:4, 0:0:0:0:0, 2:0:0:0:0, 1:0:0:0:0, 5:4:0:0:5, 0:0:0:0:0, 1:0:0:0:0, 2:1:0:0:1, 1:0:0:0:0, 1:0:0:0:0, 1:0:0:0:0, 0:0:0:0:0, 1:0:0:0:0, 4:0:0:0:0, 2:0:0:0:0, 2:1:0:0:1, 5:5:0:0:7, 0:0:0:0:0, 2:1:0:0:1, 4:3:0:0:4, 1:0:0:0:0, 1:0:0:0:0, 1:0:0:0:0, 1:0:0:0:0, 1:0:0:0:0, 1:0:0:0:0, 1:0:0:0:0, 0:0:0:0:0, 0:0:0:0:0, 2:0:0:0:0, 1:0:0:0:0, 1:0:0:0:0, 4:3:0:0:5, 0:0:0:0:0, 1:0:0:0:0, 1:0:0:0:0, 4:4:0:0:5, 0:0:0:0:0, 1:0:0:0:0, 1:0:0:0:0, 0:0:0:0:0, 1:0:0:0:0, 1:0:0:0:0, 0:0:0:0:0,  , 2:0:0:0:0, 2:0:0:0:0, 1:0:0:0:0, 4:4:0:0:5, 0:0:0:0:0, 2:2:0:0:2, 7:3:0:0:4, 1:0:0:0:0, 1:0:0:0:0, 1:0:0:0:0, 1:0:0:0:0, 1:0:0:0:0, 1:0:0:0:0, 1:0:0:0:0, 0:0:0:0:0, 1:1:0:0:1, 2:0:0:0:0, 2:0:0:0:0, 3:1:0:0:3, 6:4:0:0:5, 1:0:0:0:0, 1:0:0:0:0, 2:0:0:0:0, 8:3:0:0:4, 0:0:0:0:0, 1:0:0:0:0, 1:0:0:0:0, 0:0:0:0:0, 1:0:0:0:0, 1:0:0:0:0, 0:0:0:0:0, 0:0:0:0:0, 3:0:0:0:0, 1:0:0:0:0, 1:0:0:0:0, 4:5:0:0:8, 0:0:0:0:0, 2:2:0:0:2, 7:3:0:0:4, 1:0:0:0:0, 1:0:0:0:0, 1:0:0:0:0, 1:0:0:0:0, 1:0:0:0:0, 1:0:0:0:0, 3:0:0:0:0, 0:0:0:0:0, 0:0:0:0:0, 2:0:0:0:0, 2:0:0:0:0, 1:0:0:0:0, 5:5:0:0:6, 0:0:0:0:0, 1:0:0:0:0, 2:0:0:0:0, 6:4:0:0:6, 1:0:0:0:0, 3:0:0:0:0, 1:0:0:0:0, 1:0:0:0:0, 1:0:0:0:0, 2:0:0:0:0, 0:0:0:0:0, 0:0:0:0:0, 2:0:0:0:0, 2:0:0:0:0, 1:0:0:0:0, 5:6:0:0:8, 1:0:0:0:0, 4:1:0:0:1, 5:3:0:0:4, 1:0:0:0:0, 1:0:0:0:0, 1:0:0:0:0, 1:0:0:0:0, 0:0:0:0:0, 1:0:0:0:0, 1:0:0:0:0, 1:0:0:0:0, 0:0:0:0:0, 2:0:0:0:0, 1:0:0:0:0, 1:0:0:0:0, 4:3:0:0:4, 2:3:1:0:3, 3:1:0:0:1, 1:0:0:0:0, 4:4:0:0:5, 1:1:0:0:1, 1:0:0:0:0, 1:0:0:0:0, 1:0:0:0:0, 1:0:0:0:0, 1:0:0:0:0, 1:0:0:0:0, 1:1:0:0:1, 4:0:0:0:0, 2:0:0:0:0, 1:0:0:0:0, 7:4:0:0:7, 1:1:0:0:1, 2:1:0:0:1, 5:4:0:0:5, 1:0:0:0:0, 1:0:0:0:0, 1:0:0:0:0, 1:0:0:0:0, 0:0:0:0:0, 1:0:0:0:0, 1:0:0:0:0, 0:0:0:0:0, 1:0:0:0:0, 2:0:0:0:0, 1:0:0:0:0, 1:0:0:0:0, 4:4:0:0:5, 0:0:0:0:0, 1:0:0:0:0, 1:0:0:0:0, 4:6:0:0:8, 0:0:0:0:0, 2:1:0:0:1, 1:0:0:0:0, 1:0:0:0:0, 2:0:2:0:2, 1:0:0:0:0, 0:0:0:0:0,  , 4:0:0:0:0, 1:0:0:0:0, 1:0:0:0:0, 8:3:0:0:4, 1:0:0:0:0, 2:2:0:0:2, 4:3:0:0:4, 1:0:0:0:0, 1:0:0:0:0, 1:0:0:0:0, 1:0:0:0:0, 1:0:0:0:0, 1:0:0:0:0, 1:0:0:0:0, 0:0:0:0:0, 0:0:0:0:0, 2:0:0:0:0, 1:0:0:0:0, 1:0:0:0:0, 5:4:0:0:6, 0:0:0:0:0, 1:0:0:0:0, 1:0:0:0:0, 8:4:0:0:5, 0:0:0:0:0, 1:0:0:0:0, 1:0:0:0:0, 0:0:0:0:0, 1:0:0:0:0, 2:0:0:0:0, 1:0:0:0:0, 0:0:0:0:0, 2:0:0:0:0, 2:0:0:0:0, 2:0:0:0:0, 6:4:0:0:6, 0:0:0:0:0, 2:1:0:0:1, 8:3:0:0:4, 1:0:0:0:0, 1:0:0:0:0, 1:0:0:0:0, 0:0:0:0:0, 0:0:0:0:0, 0:0:0:0:0, 0:0:0:0:0, 581:195:7:0:268
D locrian (2#), 1:0:0:0:0, 2:0:0:0:0, 3:0:0:0:1, 4:3:0:0:1, 3:2:0:0:1, 2:1:0:0:0, 4:1:0:0:0, 4:4:0:0:3, 4:4:0:0:1, 3:0:0:0:0, 3:0:0:0:1, 3:2:0:0:0, 2:2:0:0:0, 3:0:0:0:0, 3:0:0:0:1, 3:2:0:0:0, 2:1:0:0:0, 2:0:0:0:0, 3:0:0:0:1, 4:3:0:0:1, 3:2:0:0:1, 2:1:0:0:0, 4:1:0:0:0, 4:4:0:0:3, 4:4:0:0:1, 3:0:0:0:0, 3:0:0:0:1, 3:2:0:0:0, 1:3:0:0:0, 7:0:0:0:1, 3:3:0:0:0, 2:0:0:0:0, 1:0:0:0:0, 2:0:0:0:0, 1:0:0:0:0, 4:3:0:0:2, 3:3:0:0:2, 2:1:0:0:0, 2:1:0:0:1, 4:3:0:0:2, 6:5:0:0:3, 2:0:1:0:1, 4:0:0:0:1, 2:1:0:0:0, 2:1:0:0:0, 1:0:0:0:0, 2:0:0:0:1, 2:1:0:0:0, 2:1:0:0:0, 2:0:0:0:0, 3:0:0:0:1, 4:3:0:0:1, 4:2:0:0:1, 2:1:0:0:0, 4:1:0:0:0, 4:4:0:0:3, 5:3:0:0:1, 2:0:0:0:0, 3:0:0:0:1, 3:2:0:0:0, 2:2:0:0:0, 6:0:0:0:1, 3:3:0:0:0, 2:0:0:0:0, 3:2:0:0:0, 2:0:0:0:0, 3:1:0:0:0, 4:3:0:0:2, 3:3:0:0:1, 2:1:0:0:0, 1:0:0:0:0, 4:4:0:0:2, 6:5:0:0:2, 1:0:0:0:0, 3:0:0:0:3, 2:1:0:0:0, 2:1:0:0:0, 1:0:0:0:0, 3:0:0:0:1, 3:1:0:0:0, 2:1:0:0:0, 2:0:0:0:0, 0:0:0:0:0, 6:2:0:0:1, 5:2:0:0:1, 2:3:0:0:0, 1:0:0:0:0, 6:3:0:0:3, 4:4:0:0:1, 1:0:0:0:0, 2:0:0:0:1, 3:1:0:0:0, 3:2:0:0:0, 5:0:0:0:1, 3:2:0:0:0, 2:0:0:0:0, 3:2:0:0:0, 2:0:0:0:0, 2:0:0:0:0, 4:3:0:0:2, 5:6:0:0:3, 2:1:0:0:0, 1:0:0:0:0, 4:4:0:0:2, 5:8:0:0:4, 1:0:0:0:0, 2:0:0:0:1, 2:2:0:0:0, 2:1:0:0:0, 1:0:0:0:0, 4:0:0:0:1, 3:2:0:0:0, 3:2:0:0:0, 2:0:0:0:0, 2:0:0:0:0, 4:2:0:0:1, 5:5:0:0:4, 2:1:0:0:0, 2:0:0:0:1, 6:5:0:0:2, 4:5:0:0:1, 1:0:0:0:0, 3:0:0:0:1, 2:2:0:0:0, 2:4:0:0:0, 7:0:0:0:1, 3:3:0:0:0, 2:0:0:0:0, 3:2:0:0:0, 2:0:0:0:0, 2:0:0:0:0, 4:4:0:0:3, 4:5:0:0:2, 2:2:0:0:0,  , 5:3:0:0:3, 5:7:0:0:3, 1:0:0:0:0, 2:0:0:0:1, 3:3:0:0:0, 3:1:1:0:1, 1:0:0:0:0, 4:0:0:0:2, 3:3:0:0:0, 3:2:0:0:0, 4:3:0:0:0, 1:0:0:0:0, 4:4:0:0:3, 4:4:0:0:2, 2:1:0:0:0, 3:0:2:0:6, 6:3:0:0:2, 5:7:0:0:3, 3:1:0:0:0, 3:0:0:0:1, 3:3:0:0:0, 2:2:0:0:0, 5:0:0:0:1, 3:2:0:0:0, 3:0:0:0:1, 3:2:0:0:0, 2:0:0:0:0, 1:0:0:0:0, 4:3:0:0:1, 3:2:0:0:1, 2:1:0:0:0, 1:0:0:0:0, 4:3:0:0:2, 4:3:0:0:1, 1:0:0:0:0, 2:0:0:0:1, 2:3:0:0:0, 3:1:0:0:0, 1:0:0:0:0, 2:0:0:0:2, 2:1:0:0:0, 3:1:0:0:0, 2:0:0:0:0, 1:0:0:0:0, 4:3:0:0:2, 5:4:0:0:1, 3:2:0:0:0,  , 5:4:0:0:2, 4:6:0:0:2, 1:0:0:0:0, 2:0:0:0:2, 2:2:0:0:0, 3:3:0:0:0, 7:1:0:0:2, 3:3:0:0:0, 2:0:0:0:0, 3:2:0:0:0, 2:0:0:0:0, 3:1:0:0:0, 5:4:0:0:3, 3:4:0:0:2, 2:1:0:0:0, 1:0:0:0:1, 6:4:0:0:3, 5:6:0:0:1, 2:0:0:0:0, 4:0:1:0:4, 3:2:0:0:0, 3:1:0:0:0, 3:0:0:0:1, 6:0:0:0:2, 2:2:0:0:0, 3:1:0:0:0, 2:0:0:0:0, 2:0:0:0:0, 4:2:0:0:1, 3:2:0:0:1, 2:2:0:0:0, 2:0:0:0:1, 5:4:0:0:3, 3:3:0:0:1, 1:0:0:0:0, 2:0:0:0:3, 2:3:0:0:0, 2:2:0:0:0, 7:0:0:0:1, 3:2:0:0:0, 2:0:0:0:0, 3:2:0:0:0, 2:0:0:0:0, 1:0:0:0:0, 4:5:0:0:2, 5:5:0:0:2, 2:2:0:0:0, 2:0:0:0:0, 6:4:0:0:3, 5:8:0:0:4, 2:0:0:0:0, 4:0:0:0:4, 2:2:0:0:0, 2:2:0:0:0, 3:0:0:0:1, 5:0:0:0:1, 3:2:0:0:0, 5:2:0:0:0, 2:0:0:0:0, 3:1:0:0:2, 5:2:0:0:2, 5:4:0:0:2, 3:1:0:0:1, 1:0:0:0:1, 5:3:0:0:2, 6:5:0:0:2, 1:0:0:0:0, 4:0:0:0:3, 3:1:0:0:0, 4:3:0:0:0, 5:0:0:0:1, 3:2:0:0:0, 2:0:0:0:0, 3:2:0:0:0, 2:0:0:0:0, 2:0:0:0:0, 4:3:0:0:1, 4:2:0:0:2, 2:1:0:0:0, 2:0:0:0:1, 4:3:0:0:2, 4:5:0:0:1, 1:0:0:0:0, 2:0:0:0:1, 5:3:1:0:3, 5:2:0:0:1, 2:0:0:0:0, 3:0:0:0:1, 3:2:0:0:0, 3:1:0:0:0, 2:0:0:0:0, 3:0:0:0:1, 4:2:0:0:1, 5:6:0:0:2, 3:2:0:0:0, 4:2:0:0:0, 8:5:0:0:4, 4:7:0:0:3, 1:0:0:0:0, 5:0:0:0:1, 3:1:0:0:0, 1:2:0:0:0, 6:0:0:0:1, 3:2:0:0:0, 2:0:0:0:0, 3:2:0:0:0, 2:0:0:0:0, 1:0:0:0:0, 4:2:0:0:1, 4:3:0:0:1, 2:2:0:0:0, 1:0:0:0:0, 4:4:0:0:3, 3:3:0:0:1, 1:0:0:0:0, 2:0:0:0:1, 2:2:0:0:0, 2:1:0:0:0, 1:0:0:0:0, 2:0:0:0:1, 2:2:0:0:0, 4:1:0:0:0, 2:0:0:0:0, 0:0:0:0:0, 5:5:2:0:3, 3:2:0:0:1, 2:3:0:0:0,  , 7:6:0:0:2, 4:4:0:0:1, 1:0:0:0:0, 5:1:0:0:1, 3:1:0:0:0, 1:3:0:0:0, 5:0:0:0:1, 3:2:0:0:0, 2:0:0:0:0, 3:2:0:0:0, 2:0:0:0:0, 3:1:0:0:0, 4:4:0:0:2, 5:4:0:0:3, 2:1:0:0:0, 2:2:0:0:0, 6:4:1:0:5, 4:3:0:0:1, 1:0:0:0:0, 3:0:0:0:4, 2:3:0:0:0, 2:1:0:0:0, 2:0:0:0:0, 7:1:0:0:1, 3:1:0:0:1, 3:2:0:0:0, 2:0:0:0:0, 2:0:0:0:0, 4:2:0:0:1, 6:5:0:0:4, 3:6:0:0:2, 3:0:0:0:1, 4:3:0:0:2, 5:3:0:0:1, 2:0:0:0:0, 5:0:0:0:3, 2:4:0:0:0, 2:2:0:0:0, 8:0:0:0:1, 3:3:0:0:0, 3:1:0:0:0, 4:2:0:0:1, 1:0:0:0:0, 1:0:0:0:0, 1:0:0:0:0, 1:0:0:0:0, 1063:562:9:0:273
Eb major (3b), 1:0:0:0:1, 2:0:0:0:3, 1:0:1:0:0, 0:0:0:0:0, 1:0:0:0:1, 1:0:0:0:0, 2:0:0:0:0, 1:0:0:0:0, 3:0:0:0:1, 3:0:0:0:1, 5:4:0:0:5, 1:0:0:0:0, 2:0:0:0:1, 3:0:0:0:1, 6:4:0:0:5, 3:0:0:0:0, 1:0:0:0:2, 2:0:0:0:3, 1:0:1:0:0, 0:0:0:0:0, 1:0:0:0:1, 1:0:0:0:0, 2:0:0:0:0, 1:0:0:0:0, 3:0:0:0:1, 3:0:0:0:1, 6:4:0:0:5, 1:0:0:0:0, 3:1:0:0:3, 7:4:0:0:5, 1:0:0:0:2, 2:0:0:0:1, 1:0:0:0:0, 3:0:0:0:2, 0:0:0:0:0, 0:0:0:0:0, 0:0:0:0:0, 0:0:0:0:0, 1:0:0:0:0, 1:0:0:0:0, 2:0:0:0:0, 3:0:0:0:1, 6:3:0:0:4, 0:0:0:0:0, 2:0:0:0:1, 2:0:0:0:1, 4:3:0:0:4, 1:0:0:0:0, 1:0:0:0:1, 2:0:0:0:4, 1:0:1:0:0, 0:0:0:0:0, 0:0:0:0:0, 1:0:0:0:0, 2:0:0:0:0, 1:0:0:0:0, 3:0:0:0:1, 2:0:0:0:1, 6:4:0:0:5, 1:0:0:0:0, 4:1:0:0:3, 6:3:0:0:4, 1:0:0:0:1, 2:0:0:0:1, 2:0:0:0:1, 2:0:0:0:1, 1:0:0:0:0, 0:0:0:0:0, 0:0:0:0:0, 1:0:0:0:0, 1:0:0:0:0, 1:0:0:0:0, 2:0:0:0:1, 2:0:0:0:2, 5:3:0:0:5, 0:0:0:0:0, 2:0:0:0:1, 2:0:0:0:1, 6:3:0:0:4, 0:0:0:0:0, 1:0:0:0:1, 2:0:0:0:1, 1:0:0:0:0, 3:0:0:0:3, 3:0:0:0:1, 1:0:0:0:0, 1:0:0:0:0, 2:0:0:0:2, 1:0:0:0:0, 2:0:0:0:1, 4:3:0:0:4, 2:0:0:0:0, 4:3:1:0:5, 5:3:0:0:4, 1:0:0:0:1, 2:0:0:0:1, 1:0:0:0:1, 2:0:0:0:1, 1:0:0:0:0, 0:0:0:0:0, 2:0:0:0:0, 0:0:0:0:0, 0:0:0:0:0, 1:0:0:0:0, 1:0:0:0:0, 2:0:0:0:1, 4:3:0:0:5, 0:0:0:0:0, 1:0:0:0:3, 2:0:0:0:1, 6:3:0:0:5, 0:0:0:0:0, 2:0:0:0:2, 2:0:0:0:3, 2:0:0:0:2, 0:0:0:0:0, 0:0:0:0:0, 0:0:0:0:0, 2:1:0:0:1, 3:0:0:0:0, 2:0:0:0:0, 2:0:0:0:2, 5:3:0:0:5, 0:0:0:0:0, 4:1:0:0:4, 8:3:0:0:5, 2:0:0:0:2, 2:0:0:0:4, 1:0:0:0:2, 2:0:0:0:1, 1:0:0:0:0, 1:0:0:0:1, 0:0:0:0:0, 0:0:0:0:0,  , 1:0:0:0:0, 1:0:0:0:0, 2:0:0:0:1, 4:3:0:0:4, 1:0:0:0:0, 2:0:0:0:3, 2:0:0:0:3, 5:4:0:0:5, 1:0:0:0:0, 1:0:0:0:2, 3:1:0:0:2, 2:0:0:0:2, 0:0:0:0:0, 0:0:0:0:0, 0:0:0:0:0, 1:0:0:0:0, 3:0:0:0:1, 1:0:0:0:0, 3:1:0:0:2, 5:3:0:0:5, 1:0:0:0:0, 3:1:0:0:5, 5:3:0:0:4, 1:0:0:0:1, 2:0:0:0:2, 1:0:0:0:1, 2:0:0:0:2, 1:0:0:0:2, 0:0:0:0:0, 0:0:0:0:0, 0:0:0:0:0, 0:0:0:0:0, 1:0:0:0:0, 1:0:0:0:0, 2:0:0:0:1, 4:3:0:0:5, 0:0:0:0:0, 1:0:0:0:3, 2:0:0:0:2, 4:4:0:0:5, 0:0:0:0:0, 1:0:0:0:3, 2:0:0:0:2, 1:0:0:0:0, 0:0:0:0:0, 0:0:0:0:0, 0:0:0:0:0,  , 1:0:0:0:0, 1:0:0:0:0, 2:0:0:0:2, 4:4:0:0:5, 1:0:0:0:0, 3:2:0:0:6, 8:3:0:0:5, 2:0:0:0:3, 2:0:0:0:2, 1:0:0:0:1, 2:0:0:0:1, 2:0:0:0:1, 0:0:0:0:0, 0:0:0:0:0, 0:0:0:0:0, 2:1:0:0:1, 1:0:0:0:0, 1:0:0:0:0, 4:1:0:0:5, 6:4:0:0:5, 1:0:0:0:1, 1:0:0:0:3, 3:0:0:0:2, 9:3:0:0:5, 1:0:0:0:0, 1:0:0:0:3, 2:0:0:0:1, 0:0:0:0:0, 0:0:0:0:0, 0:0:0:0:0, 0:0:0:0:0, 0:0:0:0:0, 2:0:0:0:1, 1:0:0:0:0, 2:0:0:0:3, 4:3:0:0:6, 0:0:0:0:0, 3:2:0:0:6, 8:3:0:0:5, 1:0:0:0:1, 2:0:0:0:2, 1:0:0:0:1, 2:0:0:0:2, 1:0:0:0:1, 0:0:0:0:0, 2:0:0:0:0, 0:0:0:0:0, 0:0:0:0:0, 1:0:0:0:0, 1:0:0:0:0, 2:0:0:0:3, 5:4:0:0:5, 1:0:0:0:0, 2:0:0:0:3, 3:0:0:0:3, 7:4:0:0:6, 2:0:0:0:1, 2:0:0:0:3, 2:0:0:0:1, 0:0:0:0:0, 0:0:0:0:0, 1:0:0:0:0, 0:0:0:0:0, 0:0:0:0:0, 1:0:0:0:0, 1:0:0:0:0, 2:0:0:0:2, 6:4:0:0:6, 2:0:0:0:1, 3:1:0:0:4, 6:3:0:0:5, 1:0:0:0:1, 2:0:0:0:1, 2:0:0:0:1, 2:0:0:0:1, 0:0:0:0:0, 0:0:0:0:0, 0:0:0:0:0, 1:0:0:0:1, 0:0:0:0:0, 1:0:0:0:0, 1:0:0:0:0, 2:0:0:0:1, 5:3:0:0:4, 3:0:1:0:0, 2:1:0:0:5, 2:0:0:0:1, 5:4:0:0:5, 2:1:0:0:1, 1:0:0:0:4, 2:0:0:0:2, 2:0:0:0:1, 0:0:0:0:0, 0:0:0:0:0, 2:0:0:0:2, 1:0:0:0:0, 3:0:0:0:0, 1:0:0:0:0, 2:0:0:0:2, 8:3:0:0:7, 2:1:0:0:1, 3:1:0:0:3, 6:4:0:0:5, 1:0:0:0:2, 2:0:0:0:1, 1:0:0:0:1, 2:0:0:0:1, 0:0:0:0:0, 0:0:0:0:0, 0:0:0:0:0, 0:0:0:0:0, 0:0:0:0:0, 1:0:0:0:0, 1:0:0:0:0, 2:0:0:0:1, 4:3:0:0:4, 0:0:0:0:0, 2:0:0:0:1, 2:0:0:0:1, 4:3:0:0:5, 0:0:0:0:0, 2:1:0:0:5, 2:0:0:0:3, 1:0:0:0:1, 1:0:2:0:0, 0:0:0:0:0, 1:0:0:0:0,  , 3:0:0:0:0, 1:0:0:0:0, 2:0:0:0:1, 9:3:0:0:6, 1:0:0:0:1, 3:2:0:0:4, 5:3:0:0:4, 1:0:0:0:3, 2:0:0:0:1, 1:0:0:0:1, 2:0:0:0:2, 2:0:0:0:1, 0:0:0:0:0, 0:0:0:0:0, 0:0:0:0:0, 1:0:0:0:0, 1:0:0:0:0, 1:0:0:0:0, 2:0:0:0:2, 6:3:0:0:5, 1:0:0:0:0, 1:0:0:0:3, 2:0:0:0:2, 9:4:0:0:5, 0:0:0:0:0, 2:0:0:0:3, 2:0:0:0:4, 0:0:0:0:0, 0:0:0:0:0, 1:0:0:0:0, 0:0:0:0:0, 0:0:0:0:0, 1:0:0:0:0, 2:0:0:0:1, 3:0:0:0:2, 6:3:0:0:5, 0:0:0:0:0, 3:1:0:0:4, 9:3:0:0:5, 2:0:0:0:3, 2:0:0:0:3, 2:0:0:0:0, 0:0:0:0:0, 0:0:0:0:0, 0:0:0:0:0, 0:0:0:0:0, 652:172:7:0:505
A major (3#), 1:0:0:0:0, 2:0:0:0:0, 4:0:0:0:0, 4:3:0:0:3, 4:2:0:0:1, 3:1:0:0:0, 5:1:0:0:0, 4:3:0:0:2, 5:4:0:0:2, 4:0:0:0:0, 2:0:0:0:0, 4:2:0:0:0, 3:2:0:0:0, 4:0:0:0:0, 2:0:0:0:0, 4:2:0:0:0, 3:1:0:0:0, 2:0:0:0:0, 4:0:0:0:0, 4:3:0:0:3, 4:2:0:0:1, 3:1:0:0:0, 5:1:0:0:0, 4:3:0:0:2, 5:4:0:0:2, 4:0:0:0:0, 2:0:0:0:0, 4:2:0:0:0, 2:3:0:0:0, 6:0:0:0:0, 4:3:0:0:0, 2:0:0:0:0, 1:0:0:0:0, 3:0:0:0:0, 1:0:0:0:0, 5:3:0:0:3, 4:2:0:0:1, 3:1:0:0:0, 2:0:0:0:0, 5:3:0:0:2, 7:5:0:0:4, 3:0:1:0:1, 3:0:0:0:0, 3:1:0:0:0, 3:1:0:0:0, 2:0:0:0:0, 1:0:0:0:0, 3:1:0:0:0, 3:1:0:0:0, 2:0:0:0:0, 4:0:0:0:0, 4:3:0:0:3, 5:2:0:0:1, 3:1:0:0:0, 5:1:0:0:0, 4:3:0:0:2, 6:3:0:0:2, 3:0:0:0:0, 2:0:0:0:0, 4:2:0:0:0, 3:2:0:0:0, 5:0:0:0:0, 4:3:0:0:0, 2:0:0:0:0, 4:2:0:0:0, 3:0:0:0:0, 4:1:0:0:0, 5:3:0:0:3, 4:3:0:0:1, 3:1:0:0:0, 2:0:0:0:0, 4:4:0:0:2, 7:5:0:0:4, 2:0:0:0:0, 2:0:0:0:1, 3:1:0:0:0, 3:1:0:0:0, 2:0:0:0:0, 2:0:0:0:0, 4:1:0:0:0, 3:1:0:0:0, 2:0:0:0:0, 0:0:0:0:0, 6:2:0:0:2, 5:2:0:0:1, 3:3:0:0:0, 1:0:0:0:0, 6:3:0:0:2, 5:4:0:0:3, 2:0:0:0:0, 1:0:0:0:0, 4:1:0:0:0, 4:2:0:0:0, 4:0:0:0:0, 4:2:0:0:0, 2:0:0:0:0, 4:2:0:0:0, 2:0:0:0:0, 2:0:0:0:0, 4:2:0:0:2, 5:4:0:0:1, 3:1:0:0:0, 1:0:0:0:0, 4:4:0:0:2, 6:8:0:0:5, 2:0:0:0:0, 1:0:0:0:0, 3:2:0:0:0, 3:1:0:0:0, 2:0:0:0:0, 3:0:0:0:0, 4:2:0:0:0, 4:2:0:0:0, 3:0:0:0:0, 3:0:0:0:0, 5:2:0:0:2, 6:4:0:0:2, 3:1:0:0:0, 3:0:0:0:1, 6:5:0:0:2, 5:5:0:0:3, 2:0:0:0:0, 2:0:0:0:0, 3:2:0:0:0, 3:4:0:0:0, 6:0:0:0:0, 4:3:0:0:0, 3:0:0:0:0, 4:2:0:0:0, 2:0:0:0:0, 2:0:0:0:0, 4:2:0:0:2, 4:4:0:0:1, 3:2:0:0:0,  , 6:3:0:0:2, 6:7:0:0:4, 2:0:0:0:0, 1:0:0:0:0, 4:3:0:0:0, 4:1:1:0:1, 2:0:0:0:0, 3:0:0:0:0, 4:3:0:0:0, 4:2:0:0:0, 3:3:0:0:0, 2:0:0:0:0, 5:3:0:0:3, 4:3:0:0:1, 3:1:0:0:0, 3:0:2:0:5, 7:3:0:0:2, 6:7:0:0:4, 4:1:0:0:0, 2:0:0:0:0, 4:3:0:0:0, 3:2:0:0:0, 4:0:0:0:0, 4:2:0:0:0, 4:0:0:0:1, 4:2:0:0:0, 2:0:0:0:0, 1:0:0:0:0, 4:3:0:0:3, 3:2:0:0:1, 3:1:0:0:0, 1:0:0:0:0, 4:3:0:0:2, 5:3:0:0:2, 2:0:0:0:0, 1:0:0:0:0, 3:3:0:0:0, 4:1:0:0:0, 2:0:0:0:0, 1:0:0:0:0, 3:1:0:0:0, 4:1:0:0:0, 3:0:0:0:0, 1:0:0:0:0, 5:3:0:0:3, 5:4:0:0:2, 4:2:0:0:0,  , 5:4:0:0:2, 5:6:0:0:3, 2:0:0:0:0, 1:0:0:0:0, 3:2:0:0:0, 4:3:0:0:0, 6:1:0:0:1, 4:3:0:0:0, 3:0:0:0:0, 4:2:0:0:0, 2:0:0:0:0, 4:1:0:0:0, 6:4:0:0:5, 4:4:0:0:2, 3:1:0:0:0, 2:0:0:0:1, 6:4:0:0:2, 6:6:0:0:3, 3:0:0:0:0, 3:0:1:0:1, 4:2:0:0:0, 4:1:0:0:0, 4:0:0:0:1, 5:0:0:0:1, 3:2:0:0:0, 4:1:0:0:0, 2:0:0:0:0, 2:0:0:0:0, 4:2:0:0:2, 3:2:0:0:1, 3:2:0:0:0, 2:0:0:0:1, 5:4:0:0:2, 4:3:0:0:2, 2:0:0:0:0, 1:0:0:0:0, 3:3:0:0:0, 3:2:0:0:0, 6:0:0:0:0, 4:2:0:0:0, 3:0:0:0:0, 4:2:0:0:0, 3:0:0:0:0, 2:0:0:0:0, 5:5:0:0:5, 5:4:0:0:1, 3:2:0:0:0, 3:0:0:0:0, 6:4:0:0:2, 6:8:0:0:5, 3:0:0:0:0, 3:0:0:0:1, 3:2:0:0:0, 3:2:0:0:0, 4:0:0:0:0, 4:0:0:0:0, 4:2:0:0:0, 6:2:0:0:0, 2:0:0:0:0, 3:0:0:0:1, 5:2:0:0:3, 5:4:0:0:1, 4:1:0:0:0, 1:0:0:0:1, 5:3:0:0:2, 7:5:0:0:3, 2:0:0:0:0, 3:0:0:0:1, 4:1:0:0:0, 5:3:0:0:0, 4:0:0:0:0, 4:2:0:0:0, 2:0:0:0:0, 4:2:0:0:0, 2:0:0:0:0, 2:0:0:0:0, 4:3:0:0:3, 4:2:0:0:1, 3:1:0:0:0, 2:0:0:0:1, 4:3:0:0:2, 5:5:0:0:3, 2:0:0:0:0, 1:0:0:0:0, 6:3:1:0:1, 6:2:0:0:1, 3:0:0:0:0, 2:0:0:0:0, 4:2:0:0:0, 4:1:0:0:0, 2:0:0:0:0, 4:0:0:0:1, 5:2:0:0:2, 5:5:0:0:3, 4:2:0:0:0, 3:2:0:0:0, 9:5:0:0:3, 5:7:0:0:5, 2:0:0:0:0, 4:0:0:0:0, 4:1:0:0:0, 2:2:0:0:0, 5:0:0:0:0, 4:2:0:0:0, 2:0:0:0:0, 4:2:0:0:0, 2:0:0:0:0, 1:0:0:0:0, 4:2:0:0:2, 4:3:0:0:1, 3:2:0:0:0, 0:0:0:0:0, 5:3:0:0:2, 4:3:0:0:2, 2:0:0:0:0, 1:0:0:0:0, 3:2:0:0:0, 3:1:0:0:0, 2:0:0:0:0, 1:0:0:0:0, 3:2:0:0:0, 5:1:0:0:0, 2:0:0:0:0, 0:0:0:0:0, 5:5:2:0:5, 3:2:0:0:1, 3:3:0:0:0,  , 8:6:0:0:2, 5:4:0:0:2, 2:0:0:0:0, 4:1:0:0:0, 4:1:0:0:0, 2:3:0:0:0, 4:0:0:0:0, 4:2:0:0:0, 2:0:0:0:0, 4:2:0:0:0, 3:0:0:0:0, 4:1:0:0:0, 5:3:0:0:3, 6:4:0:0:2, 3:1:0:0:0, 3:2:0:0:0, 6:4:1:0:3, 5:3:0:0:2, 2:0:0:0:0, 2:0:0:0:1, 3:3:0:0:0, 3:1:0:0:0, 3:0:0:0:0, 6:1:0:0:0, 4:1:0:0:0, 4:2:0:0:0, 3:0:0:0:0, 2:0:0:0:0, 4:2:0:0:2, 7:4:0:0:2, 4:6:0:0:2, 4:0:0:0:1, 4:3:0:0:2, 6:3:0:0:2, 3:0:0:0:0, 4:0:0:0:1, 3:4:0:0:0, 3:2:0:0:0, 7:0:0:0:0, 4:3:0:0:0, 4:1:0:0:0, 4:2:0:0:2, 1:0:0:0:0, 1:0:0:0:0, 1:0:0:0:0, 1:0:0:0:0, 1234:542:9:0:237
C minor (3b), 1:0:0:0:1, 2:0:0:0:3, 1:0:1:0:0, 0:0:0:0:0, 1:0:0:0:1, 1:0:0:0:0, 2:0:0:0:0, 1:0:0:0:0, 3:0:0:0:1, 3:0:0:0:1, 5:4:0:0:5, 1:0:0:0:0, 2:0:0:0:1, 3:0:0:0:1, 6:4:0:0:5, 3:0:0:0:0, 1:0:0:0:2, 2:0:0:0:3, 1:0:1:0:0, 0:0:0:0:0, 1:0:0:0:1, 1:0:0:0:0, 2:0:0:0:0, 1:0:0:0:0, 3:0:0:0:1, 3:0:0:0:1, 6:4:0:0:5, 1:0:0:0:0, 3:1:0:0:3, 7:4:0:0:5, 1:0:0:0:2, 2:0:0:0:1, 1:0:0:0:0, 3:0:0:0:2, 0:0:0:0:0, 0:0:0:0:0, 0:0:0:0:0, 0:0:0:0:0, 1:0:0:0:0, 1:0:0:0:0, 2:0:0:0:0, 3:0:0:0:1, 6:3:0:0:4, 0:0:0:0:0, 2:0:0:0:1, 2:0:0:0:1, 4:3:0:0:4, 1:0:0:0:0, 1:0:0:0:1, 2:0:0:0:4, 1:0:1:0:0, 0:0:0:0:0, 0:0:0:0:0, 1:0:0:0:0, 2:0:0:0:0, 1:0:0:0:0, 3:0:0:0:1, 2:0:0:0:1, 6:4:0:0:5, 1:0:0:0:0, 4:1:0:0:3, 6:3:0:0:4, 1:0:0:0:1, 2:0:0:0:1, 2:0:0:0:1, 2:0:0:0:1, 1:0:0:0:0, 0:0:0:0:0, 0:0:0:0:0, 1:0:0:0:0, 1:0:0:0:0, 1:0:0:0:0, 2:0:0:0:1, 2:0:0:0:2, 5:3:0:0:5, 0:0:0:0:0, 2:0:0:0:1, 2:0:0:0:1, 6:3:0:0:4, 0:0:0:0:0, 1:0:0:0:1, 2:0:0:0:1, 1:0:0:0:0, 3:0:0:0:3, 3:0:0:0:1, 1:0:0:0:0, 1:0:0:0:0, 2:0:0:0:2, 1:0:0:0:0, 2:0:0:0:1, 4:3:0:0:4, 2:0:0:0:0, 4:3:1:0:5, 5:3:0:0:4, 1:0:0:0:1, 2:0:0:0:1, 1:0:0:0:1, 2:0:0:0:1, 1:0:0:0:0, 0:0:0:0:0, 2:0:0:0:0, 0:0:0:0:0, 0:0:0:0:0, 1:0:0:0:0, 1:0:0:0:0, 2:0:0:0:1, 4:3:0:0:5, 0:0:0:0:0, 1:0:0:0:3, 2:0:0:0:1, 6:3:0:0:5, 0:0:0:0:0, 2:0:0:0:2, 2:0:0:0:3, 2:0:0:0:2, 0:0:0:0:0, 0:0:0:0:0, 0:0:0:0:0, 2:1:0:0:1, 3:0:0:0:0, 2:0:0:0:0, 2:0:0:0:2, 5:3:0:0:5, 0:0:0:0:0, 4:1:0:0:4, 8:3:0:0:5, 2:0:0:0:2, 2:0:0:0:4, 1:0:0:0:2, 2:0:0:0:1, 1:0:0:0:0, 1:0:0:0:1, 0:0:0:0:0, 0:0:0:0:0,  , 1:0:0:0:0, 1:0:0:0:0, 2:0:0:0:1, 4:3:0:0:4, 1:0:0:0:0, 2:0:0:0:3, 2:0:0:0:3, 5:4:0:0:5, 1:0:0:0:0, 1:0:0:0:2, 3:1:0:0:2, 2:0:0:0:2, 0:0:0:0:0, 0:0:0:0:0, 0:0:0:0:0, 1:0:0:0:0, 3:0:0:0:1, 1:0:0:0:0, 3:1:0:0:2, 5:3:0:0:5, 1:0:0:0:0, 3:1:0:0:5, 5:3:0:0:4, 1:0:0:0:1, 2:0:0:0:2, 1:0:0:0:1, 2:0:0:0:2, 1:0:0:0:2, 0:0:0:0:0, 0:0:0:0:0, 0:0:0:0:0, 0:0:0:0:0, 1:0:0:0:0, 1:0:0:0:0, 2:0:0:0:1, 4:3:0:0:5, 0:0:0:0:0, 1:0:0:0:3, 2:0:0:0:2, 4:4:0:0:5, 0:0:0:0:0, 1:0:0:0:3, 2:0:0:0:2, 1:0:0:0:0, 0:0:0:0:0, 0:0:0:0:0, 0:0:0:0:0,  , 1:0:0:0:0, 1:0:0:0:0, 2:0:0:0:2, 4:4:0:0:5, 1:0:0:0:0, 3:2:0:0:6, 8:3:0:0:5, 2:0:0:0:3, 2:0:0:0:2, 1:0:0:0:1, 2:0:0:0:1, 2:0:0:0:1, 0:0:0:0:0, 0:0:0:0:0, 0:0:0:0:0, 2:1:0:0:1, 1:0:0:0:0, 1:0:0:0:0, 4:1:0:0:5, 6:4:0:0:5, 1:0:0:0:1, 1:0:0:0:3, 3:0:0:0:2, 9:3:0:0:5, 1:0:0:0:0, 1:0:0:0:3, 2:0:0:0:1, 0:0:0:0:0, 0:0:0:0:0, 0:0:0:0:0, 0:0:0:0:0, 0:0:0:0:0, 2:0:0:0:1, 1:0:0:0:0, 2:0:0:0:3, 4:3:0:0:6, 0:0:0:0:0, 3:2:0:0:6, 8:3:0:0:5, 1:0:0:0:1, 2:0:0:0:2, 1:0:0:0:1, 2:0:0:0:2, 1:0:0:0:1, 0:0:0:0:0, 2:0:0:0:0, 0:0:0:0:0, 0:0:0:0:0, 1:0:0:0:0, 1:0:0:0:0, 2:0:0:0:3, 5:4:0:0:5, 1:0:0:0:0, 2:0:0:0:3, 3:0:0:0:3, 7:4:0:0:6, 2:0:0:0:1, 2:0:0:0:3, 2:0:0:0:1, 0:0:0:0:0, 0:0:0:0:0, 1:0:0:0:0, 0:0:0:0:0, 0:0:0:0:0, 1:0:0:0:0, 1:0:0:0:0, 2:0:0:0:2, 6:4:0:0:6, 2:0:0:0:1, 3:1:0:0:4, 6:3:0:0:5, 1:0:0:0:1, 2:0:0:0:1, 2:0:0:0:1, 2:0:0:0:1, 0:0:0:0:0, 0:0:0:0:0, 0:0:0:0:0, 1:0:0:0:1, 0:0:0:0:0, 1:0:0:0:0, 1:0:0:0:0, 2:0:0:0:1, 5:3:0:0:4, 3:0:1:0:0, 2:1:0:0:5, 2:0:0:0:1, 5:4:0:0:5, 2:1:0:0:1, 1:0:0:0:4, 2:0:0:0:2, 2:0:0:0:1, 0:0:0:0:0, 0:0:0:0:0, 2:0:0:0:2, 1:0:0:0:0, 3:0:0:0:0, 1:0:0:0:0, 2:0:0:0:2, 8:3:0:0:7, 2:1:0:0:1, 3:1:0:0:3, 6:4:0:0:5, 1:0:0:0:2, 2:0:0:0:1, 1:0:0:0:1, 2:0:0:0:1, 0:0:0:0:0, 0:0:0:0:0, 0:0:0:0:0, 0:0:0:0:0, 0:0:0:0:0, 1:0:0:0:0, 1:0:0:0:0, 2:0:0:0:1, 4:3:0:0:4, 0:0:0:0:0, 2:0:0:0:1, 2:0:0:0:1, 4:3:0:0:5, 0:0:0:0:0, 2:1:0:0:5, 2:0:0:0:3, 1:0:0:0:1, 1:0:2:0:0, 0:0:0:0:0, 1:0:0:0:0,  , 3:0:0:0:0, 1:0:0:0:0, 2:0:0:0:1, 9:3:0:0:6, 1:0:0:0:1, 3:2:0:0:4, 5:3:0:0:4, 1:0:0:0:3, 2:0:0:0:1, 1:0:0:0:1, 2:0:0:0:2, 2:0:0:0:1, 0:0:0:0:0, 0:0:0:0:0, 0:0:0:0:0, 1:0:0:0:0, 1:0:0:0:0, 1:0:0:0:0, 2:0:0:0:2, 6:3:0:0:5, 1:0:0:0:0, 1:0:0:0:3, 2:0:0:0:2, 9:4:0:0:5, 0:0:0:0:0, 2:0:0:0:3, 2:0:0:0:4, 0:0:0:0:0, 0:0:0:0:0, 1:0:0:0:0, 0:0:0:0:0, 0:0:0:0:0, 1:0:0:0:0, 2:0:0:0:1, 3:0:0:0:2, 6:3:0:0:5, 0:0:0:0:0, 3:1:0:0:4, 9:3:0:0:5, 2:0:0:0:3, 2:0:0:0:3, 2:0:0:0:0, 0:0:0:0:0, 0:0:0:0:0, 0:0:0:0:0, 0:0:0:0:0, 652:172:7:0:505
F# minor (3#), 1:0:0:0:0, 2:0:0:0:0, 4:0:0:0:0, 4:3:0:0:3, 4:2:0:0:1, 3:1:0:0:0, 5:1:0:0:0, 4:3:0:0:2, 5:4:0:0:2, 4:0:0:0:0, 2:0:0:0:0, 4:2:0:0:0, 3:2:0:0:0, 4:0:0:0:0, 2:0:0:0:0, 4:2:0:0:0, 3:1:0:0:0, 2:0:0:0:0, 4:0:0:0:0, 4:3:0:0:3, 4:2:0:0:1, 3:1:0:0:0, 5:1:0:0:0, 4:3:0:0:2, 5:4:0:0:2, 4:0:0:0:0, 2:0:0:0:0, 4:2:0:0:0, 2:3:0:0:0, 6:0:0:0:0, 4:3:0:0:0, 2:0:0:0:0, 1:0:0:0:0, 3:0:0:0:0, 1:0:0:0:0, 5:3:0:0:3, 4:2:0:0:1, 3:1:0:0:0, 2:0:0:0:0, 5:3:0:0:2, 7:5:0:0:4, 3:0:1:0:1, 3:0:0:0:0, 3:1:0:0:0, 3:1:0:0:0, 2:0:0:0:0, 1:0:0:0:0, 3:1:0:0:0, 3:1:0:0:0, 2:0:0:0:0, 4:0:0:0:0, 4:3:0:0:3, 5:2:0:0:1, 3:1:0:0:0, 5:1:0:0:0, 4:3:0:0:2, 6:3:0:0:2, 3:0:0:0:0, 2:0:0:0:0, 4:2:0:0:0, 3:2:0:0:0, 5:0:0:0:0, 4:3:0:0:0, 2:0:0:0:0, 4:2:0:0:0, 3:0:0:0:0, 4:1:0:0:0, 5:3:0:0:3, 4:3:0:0:1, 3:1:0:0:0, 2:0:0:0:0, 4:4:0:0:2, 7:5:0:0:4, 2:0:0:0:0, 2:0:0:0:1, 3:1:0:0:0, 3:1:0:0:0, 2:0:0:0:0, 2:0:0:0:0, 4:1:0:0:0, 3:1:0:0:0, 2:0:0:0:0, 0:0:0:0:0, 6:2:0:0:2, 5:2:0:0:1, 3:3:0:0:0, 1:0:0:0:0, 6:3:0:0:2, 5:4:0:0:3, 2:0:0:0:0, 1:0:0:0:0, 4:1:0:0:0, 4:2:0:0:0, 4:0:0:0:0, 4:2:0:0:0, 2:0:0:0:0, 4:2:0:0:0, 2:0:0:0:0, 2:0:0:0:0, 4:2:0:0:2, 5:4:0:0:1, 3:1:0:0:0, 1:0:0:0:0, 4:4:0:0:2, 6:8:0:0:5, 2:0:0:0:0, 1:0:0:0:0, 3:2:0:0:0, 3:1:0:0:0, 2:0:0:0:0, 3:0:0:0:0, 4:2:0:0:0, 4:2:0:0:0, 3:0:0:0:0, 3:0:0:0:0, 5:2:0:0:2, 6:4:0:0:2, 3:1:0:0:0, 3:0:0:0:1, 6:5:0:0:2, 5:5:0:0:3, 2:0:0:0:0, 2:0:0:0:0, 3:2:0:0:0, 3:4:0:0:0, 6:0:0:0:0, 4:3:0:0:0, 3:0:0:0:0, 4:2:0:0:0, 2:0:0:0:0, 2:0:0:0:0, 4:2:0:0:2, 4:4:0:0:1, 3:2:0:0:0,  , 6:3:0:0:2, 6:7:0:0:4, 2:0:0:0:0, 1:0:0:0:0, 4:3:0:0:0, 4:1:1:0:1, 2:0:0:0:0, 3:0:0:0:0, 4:3:0:0:0, 4:2:0:0:0, 3:3:0:0:0, 2:0:0:0:0, 5:3:0:0:3, 4:3:0:0:1, 3:1:0:0:0, 3:0:2:0:5, 7:3:0:0:2, 6:7:0:0:4, 4:1:0:0:0, 2:0:0:0:0, 4:3:0:0:0, 3:2:0:0:0, 4:0:0:0:0, 4:2:0:0:0, 4:0:0:0:1, 4:2:0:0:0, 2:0:0:0:0, 1:0:0:0:0, 4:3:0:0:3, 3:2:0:0:1, 3:1:0:0:0, 1:0:0:0:0, 4:3:0:0:2, 5:3:0:0:2, 2:0:0:0:0, 1:0:0:0:0, 3:3:0:0:0, 4:1:0:0:0, 2:0:0:0:0, 1:0:0:0:0, 3:1:0:0:0, 4:1:0:0:0, 3:0:0:0:0, 1:0:0:0:0, 5:3:0:0:3, 5:4:0:0:2, 4:2:0:0:0,  , 5:4:0:0:2, 5:6:0:0:3, 2:0:0:0:0, 1:0:0:0:0, 3:2:0:0:0, 4:3:0:0:0, 6:1:0:0:1, 4:3:0:0:0, 3:0:0:0:0, 4:2:0:0:0, 2:0:0:0:0, 4:1:0:0:0, 6:4:0:0:5, 4:4:0:0:2, 3:1:0:0:0, 2:0:0:0:1, 6:4:0:0:2, 6:6:0:0:3, 3:0:0:0:0, 3:0:1:0:1, 4:2:0:0:0, 4:1:0:0:0, 4:0:0:0:1, 5:0:0:0:1, 3:2:0:0:0, 4:1:0:0:0, 2:0:0:0:0, 2:0:0:0:0, 4:2:0:0:2, 3:2:0:0:1, 3:2:0:0:0, 2:0:0:0:1, 5:4:0:0:2, 4:3:0:0:2, 2:0:0:0:0, 1:0:0:0:0, 3:3:0:0:0, 3:2:0:0:0, 6:0:0:0:0, 4:2:0:0:0, 3:0:0:0:0, 4:2:0:0:0, 3:0:0:0:0, 2:0:0:0:0, 5:5:0:0:5, 5:4:0:0:1, 3:2:0:0:0, 3:0:0:0:0, 6:4:0:0:2, 6:8:0:0:5, 3:0:0:0:0, 3:0:0:0:1, 3:2:0:0:0, 3:2:0:0:0, 4:0:0:0:0, 4:0:0:0:0, 4:2:0:0:0, 6:2:0:0:0, 2:0:0:0:0, 3:0:0:0:1, 5:2:0:0:3, 5:4:0:0:1, 4:1:0:0:0, 1:0:0:0:1, 5:3:0:0:2, 7:5:0:0:3, 2:0:0:0:0, 3:0:0:0:1, 4:1:0:0:0, 5:3:0:0:0, 4:0:0:0:0, 4:2:0:0:0, 2:0:0:0:0, 4:2:0:0:0, 2:0:0:0:0, 2:0:0:0:0, 4:3:0:0:3, 4:2:0:0:1, 3:1:0:0:0, 2:0:0:0:1, 4:3:0:0:2, 5:5:0:0:3, 2:0:0:0:0, 1:0:0:0:0, 6:3:1:0:1, 6:2:0:0:1, 3:0:0:0:0, 2:0:0:0:0, 4:2:0:0:0, 4:1:0:0:0, 2:0:0:0:0, 4:0:0:0:1, 5:2:0:0:2, 5:5:0:0:3, 4:2:0:0:0, 3:2:0:0:0, 9:5:0:0:3, 5:7:0:0:5, 2:0:0:0:0, 4:0:0:0:0, 4:1:0:0:0, 2:2:0:0:0, 5:0:0:0:0, 4:2:0:0:0, 2:0:0:0:0, 4:2:0:0:0, 2:0:0:0:0, 1:0:0:0:0, 4:2:0:0:2, 4:3:0:0:1, 3:2:0:0:0, 0:0:0:0:0, 5:3:0:0:2, 4:3:0:0:2, 2:0:0:0:0, 1:0:0:0:0, 3:2:0:0:0, 3:1:0:0:0, 2:0:0:0:0, 1:0:0:0:0, 3:2:0:0:0, 5:1:0:0:0, 2:0:0:0:0, 0:0:0:0:0, 5:5:2:0:5, 3:2:0:0:1, 3:3:0:0:0,  , 8:6:0:0:2, 5:4:0:0:2, 2:0:0:0:0, 4:1:0:0:0, 4:1:0:0:0, 2:3:0:0:0, 4:0:0:0:0, 4:2:0:0:0, 2:0:0:0:0, 4:2:0:0:0, 3:0:0:0:0, 4:1:0:0:0, 5:3:0:0:3, 6:4:0:0:2, 3:1:0:0:0, 3:2:0:0:0, 6:4:1:0:3, 5:3:0:0:2, 2:0:0:0:0, 2:0:0:0:1, 3:3:0:0:0, 3:1:0:0:0, 3:0:0:0:0, 6:1:0:0:0, 4:1:0:0:0, 4:2:0:0:0, 3:0:0:0:0, 2:0:0:0:0, 4:2:0:0:2, 7:4:0:0:2, 4:6:0:0:2, 4:0:0:0:1, 4:3:0:0:2, 6:3:0:0:2, 3:0:0:0:0, 4:0:0:0:1, 3:4:0:0:0, 3:2:0:0:0, 7:0:0:0:0, 4:3:0:0:0, 4:1:0:0:0, 4:2:0:0:2, 1:0:0:0:0, 1:0:0:0:0, 1:0:0:0:0, 1:0:0:0:0, 1234:542:9:0:237
C minor mel (3b), 1:0:0:0:1, 2:0:0:0:3, 1:0:1:0:0, 0:0:0:0:0, 1:0:0:0:1, 1:0:0:0:0, 2:0:0:0:0, 1:0:0:0:0, 3:0:0:0:1, 3:0:0:0:1, 5:4:0:0:5, 1:0:0:0:0, 2:0:0:0:1, 3:0:0:0:1, 6:4:0:0:5, 3:0:0:0:0, 1:0:0:0:2, 2:0:0:0:3, 1:0:1:0:0, 0:0:0:0:0, 1:0:0:0:1, 1:0:0:0:0, 2:0:0:0:0, 1:0:0:0:0, 3:0:0:0:1, 3:0:0:0:1, 6:4:0:0:5, 1:0:0:0:0, 3:1:0:0:3, 7:4:0:0:5, 1:0:0:0:2, 2:0:0:0:1, 1:0:0:0:0, 3:0:0:0:2, 0:0:0:0:0, 0:0:0:0:0, 0:0:0:0:0, 0:0:0:0:0, 1:0:0:0:0, 1:0:0:0:0, 2:0:0:0:0, 3:0:0:0:1, 6:3:0:0:4, 0:0:0:0:0, 2:0:0:0:1, 2:0:0:0:1, 4:3:0:0:4, 1:0:0:0:0, 1:0:0:0:1, 2:0:0:0:4, 1:0:1:0:0, 0:0:0:0:0, 0:0:0:0:0, 1:0:0:0:0, 2:0:0:0:0, 1:0:0:0:0, 3:0:0:0:1, 2:0:0:0:1, 6:4:0:0:5, 1:0:0:0:0, 4:1:0:0:3, 6:3:0:0:4, 1:0:0:0:1, 2:0:0:0:1, 2:0:0:0:1, 2:0:0:0:1, 1:0:0:0:0, 0:0:0:0:0, 0:0:0:0:0, 1:0:0:0:0, 1:0:0:0:0, 1:0:0:0:0, 2:0:0:0:1, 2:0:0:0:2, 5:3:0:0:5, 0:0:0:0:0, 2:0:0:0:1, 2:0:0:0:1, 6:3:0:0:4, 0:0:0:0:0, 1:0:0:0:1, 2:0:0:0:1, 1:0:0:0:0, 3:0:0:0:3, 3:0:0:0:1, 1:0:0:0:0, 1:0:0:0:0, 2:0:0:0:2, 1:0:0:0:0, 2:0:0:0:1, 4:3:0:0:4, 2:0:0:0:0, 4:3:1:0:5, 5:3:0:0:4, 1:0:0:0:1, 2:0:0:0:1, 1:0:0:0:1, 2:0:0:0:1, 1:0:0:0:0, 0:0:0:0:0, 2:0:0:0:0, 0:0:0:0:0, 0:0:0:0:0, 1:0:0:0:0, 1:0:0:0:0, 2:0:0:0:1, 4:3:0:0:5, 0:0:0:0:0, 1:0:0:0:3, 2:0:0:0:1, 6:3:0:0:5, 0:0:0:0:0, 2:0:0:0:2, 2:0:0:0:3, 2:0:0:0:2, 0:0:0:0:0, 0:0:0:0:0, 0:0:0:0:0, 2:1:0:0:1, 3:0:0:0:0, 2:0:0:0:0, 2:0:0:0:2, 5:3:0:0:5, 0:0:0:0:0, 4:1:0:0:4, 8:3:0:0:5, 2:0:0:0:2, 2:0:0:0:4, 1:0:0:0:2, 2:0:0:0:1, 1:0:0:0:0, 1:0:0:0:1, 0:0:0:0:0, 0:0:0:0:0,  , 1:0:0:0:0, 1:0:0:0:0, 2:0:0:0:1, 4:3:0:0:4, 1:0:0:0:0, 2:0:0:0:3, 2:0:0:0:3, 5:4:0:0:5, 1:0:0:0:0, 1:0:0:0:2, 3:1:0:0:2, 2:0:0:0:2, 0:0:0:0:0, 0:0:0:0:0, 0:0:0:0:0, 1:0:0:0:0, 3:0:0:0:1, 1:0:0:0:0, 3:1:0:0:2, 5:3:0:0:5, 1:0:0:0:0, 3:1:0:0:5, 5:3:0:0:4, 1:0:0:0:1, 2:0:0:0:2, 1:0:0:0:1, 2:0:0:0:2, 1:0:0:0:2, 0:0:0:0:0, 0:0:0:0:0, 0:0:0:0:0, 0:0:0:0:0, 1:0:0:0:0, 1:0:0:0:0, 2:0:0:0:1, 4:3:0:0:5, 0:0:0:0:0, 1:0:0:0:3, 2:0:0:0:2, 4:4:0:0:5, 0:0:0:0:0, 1:0:0:0:3, 2:0:0:0:2, 1:0:0:0:0, 0:0:0:0:0, 0:0:0:0:0, 0:0:0:0:0,  , 1:0:0:0:0, 1:0:0:0:0, 2:0:0:0:2, 4:4:0:0:5, 1:0:0:0:0, 3:2:0:0:6, 8:3:0:0:5, 2:0:0:0:3, 2:0:0:0:2, 1:0:0:0:1, 2:0:0:0:1, 2:0:0:0:1, 0:0:0:0:0, 0:0:0:0:0, 0:0:0:0:0, 2:1:0:0:1, 1:0:0:0:0, 1:0:0:0:0, 4:1:0:0:5, 6:4:0:0:5, 1:0:0:0:1, 1:0:0:0:3, 3:0:0:0:2, 9:3:0:0:5, 1:0:0:0:0, 1:0:0:0:3, 2:0:0:0:1, 0:0:0:0:0, 0:0:0:0:0, 0:0:0:0:0, 0:0:0:0:0, 0:0:0:0:0, 2:0:0:0:1, 1:0:0:0:0, 2:0:0:0:3, 4:3:0:0:6, 0:0:0:0:0, 3:2:0:0:6, 8:3:0:0:5, 1:0:0:0:1, 2:0:0:0:2, 1:0:0:0:1, 2:0:0:0:2, 1:0:0:0:1, 0:0:0:0:0, 2:0:0:0:0, 0:0:0:0:0, 0:0:0:0:0, 1:0:0:0:0, 1:0:0:0:0, 2:0:0:0:3, 5:4:0:0:5, 1:0:0:0:0, 2:0:0:0:3, 3:0:0:0:3, 7:4:0:0:6, 2:0:0:0:1, 2:0:0:0:3, 2:0:0:0:1, 0:0:0:0:0, 0:0:0:0:0, 1:0:0:0:0, 0:0:0:0:0, 0:0:0:0:0, 1:0:0:0:0, 1:0:0:0:0, 2:0:0:0:2, 6:4:0:0:6, 2:0:0:0:1, 3:1:0:0:4, 6:3:0:0:5, 1:0:0:0:1, 2:0:0:0:1, 2:0:0:0:1, 2:0:0:0:1, 0:0:0:0:0, 0:0:0:0:0, 0:0:0:0:0, 1:0:0:0:1, 0:0:0:0:0, 1:0:0:0:0, 1:0:0:0:0, 2:0:0:0:1, 5:3:0:0:4, 3:0:1:0:0, 2:1:0:0:5, 2:0:0:0:1, 5:4:0:0:5, 2:1:0:0:1, 1:0:0:0:4, 2:0:0:0:2, 2:0:0:0:1, 0:0:0:0:0, 0:0:0:0:0, 2:0:0:0:2, 1:0:0:0:0, 3:0:0:0:0, 1:0:0:0:0, 2:0:0:0:2, 8:3:0:0:7, 2:1:0:0:1, 3:1:0:0:3, 6:4:0:0:5, 1:0:0:0:2, 2:0:0:0:1, 1:0:0:0:1, 2:0:0:0:1, 0:0:0:0:0, 0:0:0:0:0, 0:0:0:0:0, 0:0:0:0:0, 0:0:0:0:0, 1:0:0:0:0, 1:0:0:0:0, 2:0:0:0:1, 4:3:0:0:4, 0:0:0:0:0, 2:0:0:0:1, 2:0:0:0:1, 4:3:0:0:5, 0:0:0:0:0, 2:1:0:0:5, 2:0:0:0:3, 1:0:0:0:1, 1:0:2:0:0, 0:0:0:0:0, 1:0:0:0:0,  , 3:0:0:0:0, 1:0:0:0:0, 2:0:0:0:1, 9:3:0:0:6, 1:0:0:0:1, 3:2:0:0:4, 5:3:0:0:4, 1:0:0:0:3, 2:0:0:0:1, 1:0:0:0:1, 2:0:0:0:2, 2:0:0:0:1, 0:0:0:0:0, 0:0:0:0:0, 0:0:0:0:0, 1:0:0:0:0, 1:0:0:0:0, 1:0:0:0:0, 2:0:0:0:2, 6:3:0:0:5, 1:0:0:0:0, 1:0:0:0:3, 2:0:0:0:2, 9:4:0:0:5, 0:0:0:0:0, 2:0:0:0:3, 2:0:0:0:4, 0:0:0:0:0, 0:0:0:0:0, 1:0:0:0:0, 0:0:0:0:0, 0:0:0:0:0, 1:0:0:0:0, 2:0:0:0:1, 3:0:0:0:2, 6:3:0:0:5, 0:0:0:0:0, 3:1:0:0:4, 9:3:0:0:5, 2:0:0:0:3, 2:0:0:0:3, 2:0:0:0:0, 0:0:0:0:0, 0:0:0:0:0, 0:0:0:0:0, 0:0:0:0:0, 652:172:7:0:505
F# minor mel (3#), 1:0:0:0:0, 2:0:0:0:0, 4:0:0:0:0, 4:3:0:0:3, 4:2:0:0:1, 3:1:0:0:0, 5:1:0:0:0, 4:3:0:0:2, 5:4:0:0:2, 4:0:0:0:0, 2:0:0:0:0, 4:2:0:0:0, 3:2:0:0:0, 4:0:0:0:0, 2:0:0:0:0, 4:2:0:0:0, 3:1:0:0:0, 2:0:0:0:0, 4:0:0:0:0, 4:3:0:0:3, 4:2:0:0:1, 3:1:0:0:0, 5:1:0:0:0, 4:3:0:0:2, 5:4:0:0:2, 4:0:0:0:0, 2:0:0:0:0, 4:2:0:0:0, 2:3:0:0:0, 6:0:0:0:0, 4:3:0:0:0, 2:0:0:0:0, 1:0:0:0:0, 3:0:0:0:0, 1:0:0:0:0, 5:3:0:0:3, 4:2:0:0:1, 3:1:0:0:0, 2:0:0:0:0, 5:3:0:0:2, 7:5:0:0:4, 3:0:1:0:1, 3:0:0:0:0, 3:1:0:0:0, 3:1:0:0:0, 2:0:0:0:0, 1:0:0:0:0, 3:1:0:0:0, 3:1:0:0:0, 2:0:0:0:0, 4:0:0:0:0, 4:3:0:0:3, 5:2:0:0:1, 3:1:0:0:0, 5:1:0:0:0, 4:3:0:0:2, 6:3:0:0:2, 3:0:0:0:0, 2:0:0:0:0, 4:2:0:0:0, 3:2:0:0:0, 5:0:0:0:0, 4:3:0:0:0, 2:0:0:0:0, 4:2:0:0:0, 3:0:0:0:0, 4:1:0:0:0, 5:3:0:0:3, 4:3:0:0:1, 3:1:0:0:0, 2:0:0:0:0, 4:4:0:0:2, 7:5:0:0:4, 2:0:0:0:0, 2:0:0:0:1, 3:1:0:0:0, 3:1:0:0:0, 2:0:0:0:0, 2:0:0:0:0, 4:1:0:0:0, 3:1:0:0:0, 2:0:0:0:0, 0:0:0:0:0, 6:2:0:0:2, 5:2:0:0:1, 3:3:0:0:0, 1:0:0:0:0, 6:3:0:0:2, 5:4:0:0:3, 2:0:0:0:0, 1:0:0:0:0, 4:1:0:0:0, 4:2:0:0:0, 4:0:0:0:0, 4:2:0:0:0, 2:0:0:0:0, 4:2:0:0:0, 2:0:0:0:0, 2:0:0:0:0, 4:2:0:0:2, 5:4:0:0:1, 3:1:0:0:0, 1:0:0:0:0, 4:4:0:0:2, 6:8:0:0:5, 2:0:0:0:0, 1:0:0:0:0, 3:2:0:0:0, 3:1:0:0:0, 2:0:0:0:0, 3:0:0:0:0, 4:2:0:0:0, 4:2:0:0:0, 3:0:0:0:0, 3:0:0:0:0, 5:2:0:0:2, 6:4:0:0:2, 3:1:0:0:0, 3:0:0:0:1, 6:5:0:0:2, 5:5:0:0:3, 2:0:0:0:0, 2:0:0:0:0, 3:2:0:0:0, 3:4:0:0:0, 6:0:0:0:0, 4:3:0:0:0, 3:0:0:0:0, 4:2:0:0:0, 2:0:0:0:0, 2:0:0:0:0, 4:2:0:0:2, 4:4:0:0:1, 3:2:0:0:0,  , 6:3:0:0:2, 6:7:0:0:4, 2:0:0:0:0, 1:0:0:0:0, 4:3:0:0:0, 4:1:1:0:1, 2:0:0:0:0, 3:0:0:0:0, 4:3:0:0:0, 4:2:0:0:0, 3:3:0:0:0, 2:0:0:0:0, 5:3:0:0:3, 4:3:0:0:1, 3:1:0:0:0, 3:0:2:0:5, 7:3:0:0:2, 6:7:0:0:4, 4:1:0:0:0, 2:0:0:0:0, 4:3:0:0:0, 3:2:0:0:0, 4:0:0:0:0, 4:2:0:0:0, 4:0:0:0:1, 4:2:0:0:0, 2:0:0:0:0, 1:0:0:0:0, 4:3:0:0:3, 3:2:0:0:1, 3:1:0:0:0, 1:0:0:0:0, 4:3:0:0:2, 5:3:0:0:2, 2:0:0:0:0, 1:0:0:0:0, 3:3:0:0:0, 4:1:0:0:0, 2:0:0:0:0, 1:0:0:0:0, 3:1:0:0:0, 4:1:0:0:0, 3:0:0:0:0, 1:0:0:0:0, 5:3:0:0:3, 5:4:0:0:2, 4:2:0:0:0,  , 5:4:0:0:2, 5:6:0:0:3, 2:0:0:0:0, 1:0:0:0:0, 3:2:0:0:0, 4:3:0:0:0, 6:1:0:0:1, 4:3:0:0:0, 3:0:0:0:0, 4:2:0:0:0, 2:0:0:0:0, 4:1:0:0:0, 6:4:0:0:5, 4:4:0:0:2, 3:1:0:0:0, 2:0:0:0:1, 6:4:0:0:2, 6:6:0:0:3, 3:0:0:0:0, 3:0:1:0:1, 4:2:0:0:0, 4:1:0:0:0, 4:0:0:0:1, 5:0:0:0:1, 3:2:0:0:0, 4:1:0:0:0, 2:0:0:0:0, 2:0:0:0:0, 4:2:0:0:2, 3:2:0:0:1, 3:2:0:0:0, 2:0:0:0:1, 5:4:0:0:2, 4:3:0:0:2, 2:0:0:0:0, 1:0:0:0:0, 3:3:0:0:0, 3:2:0:0:0, 6:0:0:0:0, 4:2:0:0:0, 3:0:0:0:0, 4:2:0:0:0, 3:0:0:0:0, 2:0:0:0:0, 5:5:0:0:5, 5:4:0:0:1, 3:2:0:0:0, 3:0:0:0:0, 6:4:0:0:2, 6:8:0:0:5, 3:0:0:0:0, 3:0:0:0:1, 3:2:0:0:0, 3:2:0:0:0, 4:0:0:0:0, 4:0:0:0:0, 4:2:0:0:0, 6:2:0:0:0, 2:0:0:0:0, 3:0:0:0:1, 5:2:0:0:3, 5:4:0:0:1, 4:1:0:0:0, 1:0:0:0:1, 5:3:0:0:2, 7:5:0:0:3, 2:0:0:0:0, 3:0:0:0:1, 4:1:0:0:0, 5:3:0:0:0, 4:0:0:0:0, 4:2:0:0:0, 2:0:0:0:0, 4:2:0:0:0, 2:0:0:0:0, 2:0:0:0:0, 4:3:0:0:3, 4:2:0:0:1, 3:1:0:0:0, 2:0:0:0:1, 4:3:0:0:2, 5:5:0:0:3, 2:0:0:0:0, 1:0:0:0:0, 6:3:1:0:1, 6:2:0:0:1, 3:0:0:0:0, 2:0:0:0:0, 4:2:0:0:0, 4:1:0:0:0, 2:0:0:0:0, 4:0:0:0:1, 5:2:0:0:2, 5:5:0:0:3, 4:2:0:0:0, 3:2:0:0:0, 9:5:0:0:3, 5:7:0:0:5, 2:0:0:0:0, 4:0:0:0:0, 4:1:0:0:0, 2:2:0:0:0, 5:0:0:0:0, 4:2:0:0:0, 2:0:0:0:0, 4:2:0:0:0, 2:0:0:0:0, 1:0:0:0:0, 4:2:0:0:2, 4:3:0:0:1, 3:2:0:0:0, 0:0:0:0:0, 5:3:0:0:2, 4:3:0:0:2, 2:0:0:0:0, 1:0:0:0:0, 3:2:0:0:0, 3:1:0:0:0, 2:0:0:0:0, 1:0:0:0:0, 3:2:0:0:0, 5:1:0:0:0, 2:0:0:0:0, 0:0:0:0:0, 5:5:2:0:5, 3:2:0:0:1, 3:3:0:0:0,  , 8:6:0:0:2, 5:4:0:0:2, 2:0:0:0:0, 4:1:0:0:0, 4:1:0:0:0, 2:3:0:0:0, 4:0:0:0:0, 4:2:0:0:0, 2:0:0:0:0, 4:2:0:0:0, 3:0:0:0:0, 4:1:0:0:0, 5:3:0:0:3, 6:4:0:0:2, 3:1:0:0:0, 3:2:0:0:0, 6:4:1:0:3, 5:3:0:0:2, 2:0:0:0:0, 2:0:0:0:1, 3:3:0:0:0, 3:1:0:0:0, 3:0:0:0:0, 6:1:0:0:0, 4:1:0:0:0, 4:2:0:0:0, 3:0:0:0:0, 2:0:0:0:0, 4:2:0:0:2, 7:4:0:0:2, 4:6:0:0:2, 4:0:0:0:1, 4:3:0:0:2, 6:3:0:0:2, 3:0:0:0:0, 4:0:0:0:1, 3:4:0:0:0, 3:2:0:0:0, 7:0:0:0:0, 4:3:0:0:0, 4:1:0:0:0, 4:2:0:0:2, 1:0:0:0:0, 1:0:0:0:0, 1:0:0:0:0, 1:0:0:0:0, 1234:542:9:0:237
Eb major blues (3b), 1:0:0:0:1, 2:0:0:0:3, 1:0:1:0:0, 0:0:0:0:0, 1:0:0:0:1, 1:0:0:0:0, 2:0:0:0:0, 1:0:0:0:0, 3:0:0:0:1, 3:0:0:0:1, 5:4:0:0:5, 1:0:0:0:0, 2:0:0:0:1, 3:0:0:0:1, 6:4:0:0:5, 3:0:0:0:0, 1:0:0:0:2, 2:0:0:0:3, 1:0:1:0:0, 0:0:0:0:0, 1:0:0:0:1, 1:0:0:0:0, 2:0:0:0:0, 1:0:0:0:0, 3:0:0:0:1, 3:0:0:0:1, 6:4:0:0:5, 1:0:0:0:0, 3:1:0:0:3, 7:4:0:0:5, 1:0:0:0:2, 2:0:0:0:1, 1:0:0:0:0, 3:0:0:0:2, 0:0:0:0:0, 0:0:0:0:0, 0:0:0:0:0, 0:0:0:0:0, 1:0:0:0:0, 1:0:0:0:0, 2:0:0:0:0, 3:0:0:0:1, 6:3:0:0:4, 0:0:0:0:0, 2:0:0:0:1, 2:0:0:0:1, 4:3:0:0:4, 1:0:0:0:0, 1:0:0:0:1, 2:0:0:0:4, 1:0:1:0:0, 0:0:0:0:0, 0:0:0:0:0, 1:0:0:0:0, 2:0:0:0:0, 1:0:0:0:0, 3:0:0:0:1, 2:0:0:0:1, 6:4:0:0:5, 1:0:0:0:0, 4:1:0:0:3, 6:3:0:0:4, 1:0:0:0:1, 2:0:0:0:1, 2:0:0:0:1, 2:0:0:0:1, 1:0:0:0:0, 0:0:0:0:0, 0:0:0:0:0, 1:0:0:0:0, 1:0:0:0:0, 1:0:0:0:0, 2:0:0:0:1, 2:0:0:0:2, 5:3:0:0:5, 0:0:0:0:0, 2:0:0:0:1, 2:0:0:0:1, 6:3:0:0:4, 0:0:0:0:0, 1:0:0:0:1, 2:0:0:0:1, 1:0:0:0:0, 3:0:0:0:3, 3:0:0:0:1, 1:0:0:0:0, 1:0:0:0:0, 2:0:0:0:2, 1:0:0:0:0, 2:0:0:0:1, 4:3:0:0:4, 2:0:0:0:0, 4:3:1:0:5, 5:3:0:0:4, 1:0:0:0:1, 2:0:0:0:1, 1:0:0:0:1, 2:0:0:0:1, 1:0:0:0:0, 0:0:0:0:0, 2:0:0:0:0, 0:0:0:0:0, 0:0:0:0:0, 1:0:0:0:0, 1:0:0:0:0, 2:0:0:0:1, 4:3:0:0:5, 0:0:0:0:0, 1:0:0:0:3, 2:0:0:0:1, 6:3:0:0:5, 0:0:0:0:0, 2:0:0:0:2, 2:0:0:0:3, 2:0:0:0:2, 0:0:0:0:0, 0:0:0:0:0, 0:0:0:0:0, 2:1:0:0:1, 3:0:0:0:0, 2:0:0:0:0, 2:0:0:0:2, 5:3:0:0:5, 0:0:0:0:0, 4:1:0:0:4, 8:3:0:0:5, 2:0:0:0:2, 2:0:0:0:4, 1:0:0:0:2, 2:0:0:0:1, 1:0:0:0:0, 1:0:0:0:1, 0:0:0:0:0, 0:0:0:0:0,  , 1:0:0:0:0, 1:0:0:0:0, 2:0:0:0:1, 4:3:0:0:4, 1:0:0:0:0, 2:0:0:0:3, 2:0:0:0:3, 5:4:0:0:5, 1:0:0:0:0, 1:0:0:0:2, 3:1:0:0:2, 2:0:0:0:2, 0:0:0:0:0, 0:0:0:0:0, 0:0:0:0:0, 1:0:0:0:0, 3:0:0:0:1, 1:0:0:0:0, 3:1:0:0:2, 5:3:0:0:5, 1:0:0:0:0, 3:1:0:0:5, 5:3:0:0:4, 1:0:0:0:1, 2:0:0:0:2, 1:0:0:0:1, 2:0:0:0:2, 1:0:0:0:2, 0:0:0:0:0, 0:0:0:0:0, 0:0:0:0:0, 0:0:0:0:0, 1:0:0:0:0, 1:0:0:0:0, 2:0:0:0:1, 4:3:0:0:5, 0:0:0:0:0, 1:0:0:0:3, 2:0:0:0:2, 4:4:0:0:5, 0:0:0:0:0, 1:0:0:0:3, 2:0:0:0:2, 1:0:0:0:0, 0:0:0:0:0, 0:0:0:0:0, 0:0:0:0:0,  , 1:0:0:0:0, 1:0:0:0:0, 2:0:0:0:2, 4:4:0:0:5, 1:0:0:0:0, 3:2:0:0:6, 8:3:0:0:5, 2:0:0:0:3, 2:0:0:0:2, 1:0:0:0:1, 2:0:0:0:1, 2:0:0:0:1, 0:0:0:0:0, 0:0:0:0:0, 0:0:0:0:0, 2:1:0:0:1, 1:0:0:0:0, 1:0:0:0:0, 4:1:0:0:5, 6:4:0:0:5, 1:0:0:0:1, 1:0:0:0:3, 3:0:0:0:2, 9:3:0:0:5, 1:0:0:0:0, 1:0:0:0:3, 2:0:0:0:1, 0:0:0:0:0, 0:0:0:0:0, 0:0:0:0:0, 0:0:0:0:0, 0:0:0:0:0, 2:0:0:0:1, 1:0:0:0:0, 2:0:0:0:3, 4:3:0:0:6, 0:0:0:0:0, 3:2:0:0:6, 8:3:0:0:5, 1:0:0:0:1, 2:0:0:0:2, 1:0:0:0:1, 2:0:0:0:2, 1:0:0:0:1, 0:0:0:0:0, 2:0:0:0:0, 0:0:0:0:0, 0:0:0:0:0, 1:0:0:0:0, 1:0:0:0:0, 2:0:0:0:3, 5:4:0:0:5, 1:0:0:0:0, 2:0:0:0:3, 3:0:0:0:3, 7:4:0:0:6, 2:0:0:0:1, 2:0:0:0:3, 2:0:0:0:1, 0:0:0:0:0, 0:0:0:0:0, 1:0:0:0:0, 0:0:0:0:0, 0:0:0:0:0, 1:0:0:0:0, 1:0:0:0:0, 2:0:0:0:2, 6:4:0:0:6, 2:0:0:0:1, 3:1:0:0:4, 6:3:0:0:5, 1:0:0:0:1, 2:0:0:0:1, 2:0:0:0:1, 2:0:0:0:1, 0:0:0:0:0, 0:0:0:0:0, 0:0:0:0:0, 1:0:0:0:1, 0:0:0:0:0, 1:0:0:0:0, 1:0:0:0:0, 2:0:0:0:1, 5:3:0:0:4, 3:0:1:0:0, 2:1:0:0:5, 2:0:0:0:1, 5:4:0:0:5, 2:1:0:0:1, 1:0:0:0:4, 2:0:0:0:2, 2:0:0:0:1, 0:0:0:0:0, 0:0:0:0:0, 2:0:0:0:2, 1:0:0:0:0, 3:0:0:0:0, 1:0:0:0:0, 2:0:0:0:2, 8:3:0:0:7, 2:1:0:0:1, 3:1:0:0:3, 6:4:0:0:5, 1:0:0:0:2, 2:0:0:0:1, 1:0:0:0:1, 2:0:0:0:1, 0:0:0:0:0, 0:0:0:0:0, 0:0:0:0:0, 0:0:0:0:0, 0:0:0:0:0, 1:0:0:0:0, 1:0:0:0:0, 2:0:0:0:1, 4:3:0:0:4, 0:0:0:0:0, 2:0:0:0:1, 2:0:0:0:1, 4:3:0:0:5, 0:0:0:0:0, 2:1:0:0:5, 2:0:0:0:3, 1:0:0:0:1, 1:0:2:0:0, 0:0:0:0:0, 1:0:0:0:0,  , 3:0:0:0:0, 1:0:0:0:0, 2:0:0:0:1, 9:3:0:0:6, 1:0:0:0:1, 3:2:0:0:4, 5:3:0:0:4, 1:0:0:0:3, 2:0:0:0:1, 1:0:0:0:1, 2:0:0:0:2, 2:0:0:0:1, 0:0:0:0:0, 0:0:0:0:0, 0:0:0:0:0, 1:0:0:0:0, 1:0:0:0:0, 1:0:0:0:0, 2:0:0:0:2, 6:3:0:0:5, 1:0:0:0:0, 1:0:0:0:3, 2:0:0:0:2, 9:4:0:0:5, 0:0:0:0:0, 2:0:0:0:3, 2:0:0:0:4, 0:0:0:0:0, 0:0:0:0:0, 1:0:0:0:0, 0:0:0:0:0, 0:0:0:0:0, 1:0:0:0:0, 2:0:0:0:1, 3:0:0:0:2, 6:3:0:0:5, 0:0:0:0:0, 3:1:0:0:4, 9:3:0:0:5, 2:0:0:0:3, 2:0:0:0:3, 2:0:0:0:0, 0:0:0:0:0, 0:0:0:0:0, 0:0:0:0:0, 0:0:0:0:0, 652:172:7:0:505
A major blues (3#), 1:0:0:0:0, 2:0:0:0:0, 4:0:0:0:0, 4:3:0:0:3, 4:2:0:0:1, 3:1:0:0:0, 5:1:0:0:0, 4:3:0:0:2, 5:4:0:0:2, 4:0:0:0:0, 2:0:0:0:0, 4:2:0:0:0, 3:2:0:0:0, 4:0:0:0:0, 2:0:0:0:0, 4:2:0:0:0, 3:1:0:0:0, 2:0:0:0:0, 4:0:0:0:0, 4:3:0:0:3, 4:2:0:0:1, 3:1:0:0:0, 5:1:0:0:0, 4:3:0:0:2, 5:4:0:0:2, 4:0:0:0:0, 2:0:0:0:0, 4:2:0:0:0, 2:3:0:0:0, 6:0:0:0:0, 4:3:0:0:0, 2:0:0:0:0, 1:0:0:0:0, 3:0:0:0:0, 1:0:0:0:0, 5:3:0:0:3, 4:2:0:0:1, 3:1:0:0:0, 2:0:0:0:0, 5:3:0:0:2, 7:5:0:0:4, 3:0:1:0:1, 3:0:0:0:0, 3:1:0:0:0, 3:1:0:0:0, 2:0:0:0:0, 1:0:0:0:0, 3:1:0:0:0, 3:1:0:0:0, 2:0:0:0:0, 4:0:0:0:0, 4:3:0:0:3, 5:2:0:0:1, 3:1:0:0:0, 5:1:0:0:0, 4:3:0:0:2, 6:3:0:0:2, 3:0:0:0:0, 2:0:0:0:0, 4:2:0:0:0, 3:2:0:0:0, 5:0:0:0:0, 4:3:0:0:0, 2:0:0:0:0, 4:2:0:0:0, 3:0:0:0:0, 4:1:0:0:0, 5:3:0:0:3, 4:3:0:0:1, 3:1:0:0:0, 2:0:0:0:0, 4:4:0:0:2, 7:5:0:0:4, 2:0:0:0:0, 2:0:0:0:1, 3:1:0:0:0, 3:1:0:0:0, 2:0:0:0:0, 2:0:0:0:0, 4:1:0:0:0, 3:1:0:0:0, 2:0:0:0:0, 0:0:0:0:0, 6:2:0:0:2, 5:2:0:0:1, 3:3:0:0:0, 1:0:0:0:0, 6:3:0:0:2, 5:4:0:0:3, 2:0:0:0:0, 1:0:0:0:0, 4:1:0:0:0, 4:2:0:0:0, 4:0:0:0:0, 4:2:0:0:0, 2:0:0:0:0, 4:2:0:0:0, 2:0:0:0:0, 2:0:0:0:0, 4:2:0:0:2, 5:4:0:0:1, 3:1:0:0:0, 1:0:0:0:0, 4:4:0:0:2, 6:8:0:0:5, 2:0:0:0:0, 1:0:0:0:0, 3:2:0:0:0, 3:1:0:0:0, 2:0:0:0:0, 3:0:0:0:0, 4:2:0:0:0, 4:2:0:0:0, 3:0:0:0:0, 3:0:0:0:0, 5:2:0:0:2, 6:4:0:0:2, 3:1:0:0:0, 3:0:0:0:1, 6:5:0:0:2, 5:5:0:0:3, 2:0:0:0:0, 2:0:0:0:0, 3:2:0:0:0, 3:4:0:0:0, 6:0:0:0:0, 4:3:0:0:0, 3:0:0:0:0, 4:2:0:0:0, 2:0:0:0:0, 2:0:0:0:0, 4:2:0:0:2, 4:4:0:0:1, 3:2:0:0:0,  , 6:3:0:0:2, 6:7:0:0:4, 2:0:0:0:0, 1:0:0:0:0, 4:3:0:0:0, 4:1:1:0:1, 2:0:0:0:0, 3:0:0:0:0, 4:3:0:0:0, 4:2:0:0:0, 3:3:0:0:0, 2:0:0:0:0, 5:3:0:0:3, 4:3:0:0:1, 3:1:0:0:0, 3:0:2:0:5, 7:3:0:0:2, 6:7:0:0:4, 4:1:0:0:0, 2:0:0:0:0, 4:3:0:0:0, 3:2:0:0:0, 4:0:0:0:0, 4:2:0:0:0, 4:0:0:0:1, 4:2:0:0:0, 2:0:0:0:0, 1:0:0:0:0, 4:3:0:0:3, 3:2:0:0:1, 3:1:0:0:0, 1:0:0:0:0, 4:3:0:0:2, 5:3:0:0:2, 2:0:0:0:0, 1:0:0:0:0, 3:3:0:0:0, 4:1:0:0:0, 2:0:0:0:0, 1:0:0:0:0, 3:1:0:0:0, 4:1:0:0:0, 3:0:0:0:0, 1:0:0:0:0, 5:3:0:0:3, 5:4:0:0:2, 4:2:0:0:0,  , 5:4:0:0:2, 5:6:0:0:3, 2:0:0:0:0, 1:0:0:0:0, 3:2:0:0:0, 4:3:0:0:0, 6:1:0:0:1, 4:3:0:0:0, 3:0:0:0:0, 4:2:0:0:0, 2:0:0:0:0, 4:1:0:0:0, 6:4:0:0:5, 4:4:0:0:2, 3:1:0:0:0, 2:0:0:0:1, 6:4:0:0:2, 6:6:0:0:3, 3:0:0:0:0, 3:0:1:0:1, 4:2:0:0:0, 4:1:0:0:0, 4:0:0:0:1, 5:0:0:0:1, 3:2:0:0:0, 4:1:0:0:0, 2:0:0:0:0, 2:0:0:0:0, 4:2:0:0:2, 3:2:0:0:1, 3:2:0:0:0, 2:0:0:0:1, 5:4:0:0:2, 4:3:0:0:2, 2:0:0:0:0, 1:0:0:0:0, 3:3:0:0:0, 3:2:0:0:0, 6:0:0:0:0, 4:2:0:0:0, 3:0:0:0:0, 4:2:0:0:0, 3:0:0:0:0, 2:0:0:0:0, 5:5:0:0:5, 5:4:0:0:1, 3:2:0:0:0, 3:0:0:0:0, 6:4:0:0:2, 6:8:0:0:5, 3:0:0:0:0, 3:0:0:0:1, 3:2:0:0:0, 3:2:0:0:0, 4:0:0:0:0, 4:0:0:0:0, 4:2:0:0:0, 6:2:0:0:0, 2:0:0:0:0, 3:0:0:0:1, 5:2:0:0:3, 5:4:0:0:1, 4:1:0:0:0, 1:0:0:0:1, 5:3:0:0:2, 7:5:0:0:3, 2:0:0:0:0, 3:0:0:0:1, 4:1:0:0:0, 5:3:0:0:0, 4:0:0:0:0, 4:2:0:0:0, 2:0:0:0:0, 4:2:0:0:0, 2:0:0:0:0, 2:0:0:0:0, 4:3:0:0:3, 4:2:0:0:1, 3:1:0:0:0, 2:0:0:0:1, 4:3:0:0:2, 5:5:0:0:3, 2:0:0:0:0, 1:0:0:0:0, 6:3:1:0:1, 6:2:0:0:1, 3:0:0:0:0, 2:0:0:0:0, 4:2:0:0:0, 4:1:0:0:0, 2:0:0:0:0, 4:0:0:0:1, 5:2:0:0:2, 5:5:0:0:3, 4:2:0:0:0, 3:2:0:0:0, 9:5:0:0:3, 5:7:0:0:5, 2:0:0:0:0, 4:0:0:0:0, 4:1:0:0:0, 2:2:0:0:0, 5:0:0:0:0, 4:2:0:0:0, 2:0:0:0:0, 4:2:0:0:0, 2:0:0:0:0, 1:0:0:0:0, 4:2:0:0:2, 4:3:0:0:1, 3:2:0:0:0, 0:0:0:0:0, 5:3:0:0:2, 4:3:0:0:2, 2:0:0:0:0, 1:0:0:0:0, 3:2:0:0:0, 3:1:0:0:0, 2:0:0:0:0, 1:0:0:0:0, 3:2:0:0:0, 5:1:0:0:0, 2:0:0:0:0, 0:0:0:0:0, 5:5:2:0:5, 3:2:0:0:1, 3:3:0:0:0,  , 8:6:0:0:2, 5:4:0:0:2, 2:0:0:0:0, 4:1:0:0:0, 4:1:0:0:0, 2:3:0:0:0, 4:0:0:0:0, 4:2:0:0:0, 2:0:0:0:0, 4:2:0:0:0, 3:0:0:0:0, 4:1:0:0:0, 5:3:0:0:3, 6:4:0:0:2, 3:1:0:0:0, 3:2:0:0:0, 6:4:1:0:3, 5:3:0:0:2, 2:0:0:0:0, 2:0:0:0:1, 3:3:0:0:0, 3:1:0:0:0, 3:0:0:0:0, 6:1:0:0:0, 4:1:0:0:0, 4:2:0:0:0, 3:0:0:0:0, 2:0:0:0:0, 4:2:0:0:2, 7:4:0:0:2, 4:6:0:0:2, 4:0:0:0:1, 4:3:0:0:2, 6:3:0:0:2, 3:0:0:0:0, 4:0:0:0:1, 3:4:0:0:0, 3:2:0:0:0, 7:0:0:0:0, 4:3:0:0:0, 4:1:0:0:0, 4:2:0:0:2, 1:0:0:0:0, 1:0:0:0:0, 1:0:0:0:0, 1:0:0:0:0, 1234:542:9:0:237
C minor blues (3b), 1:0:0:0:1, 2:0:0:0:3, 1:0:1:0:0, 0:0:0:0:0, 1:0:0:0:1, 1:0:0:0:0, 2:0:0:0:0, 1:0:0:0:0, 3:0:0:0:1, 3:0:0:0:1, 5:4:0:0:5, 1:0:0:0:0, 2:0:0:0:1, 3:0:0:0:1, 6:4:0:0:5, 3:0:0:0:0, 1:0:0:0:2, 2:0:0:0:3, 1:0:1:0:0, 0:0:0:0:0, 1:0:0:0:1, 1:0:0:0:0, 2:0:0:0:0, 1:0:0:0:0, 3:0:0:0:1, 3:0:0:0:1, 6:4:0:0:5, 1:0:0:0:0, 3:1:0:0:3, 7:4:0:0:5, 1:0:0:0:2, 2:0:0:0:1, 1:0:0:0:0, 3:0:0:0:2, 0:0:0:0:0, 0:0:0:0:0, 0:0:0:0:0, 0:0:0:0:0, 1:0:0:0:0, 1:0:0:0:0, 2:0:0:0:0, 3:0:0:0:1, 6:3:0:0:4, 0:0:0:0:0, 2:0:0:0:1, 2:0:0:0:1, 4:3:0:0:4, 1:0:0:0:0, 1:0:0:0:1, 2:0:0:0:4, 1:0:1:0:0, 0:0:0:0:0, 0:0:0:0:0, 1:0:0:0:0, 2:0:0:0:0, 1:0:0:0:0, 3:0:0:0:1, 2:0:0:0:1, 6:4:0:0:5, 1:0:0:0:0, 4:1:0:0:3, 6:3:0:0:4, 1:0:0:0:1, 2:0:0:0:1, 2:0:0:0:1, 2:0:0:0:1, 1:0:0:0:0, 0:0:0:0:0, 0:0:0:0:0, 1:0:0:0:0, 1:0:0:0:0, 1:0:0:0:0, 2:0:0:0:1, 2:0:0:0:2, 5:3:0:0:5, 0:0:0:0:0, 2:0:0:0:1, 2:0:0:0:1, 6:3:0:0:4, 0:0:0:0:0, 1:0:0:0:1, 2:0:0:0:1, 1:0:0:0:0, 3:0:0:0:3, 3:0:0:0:1, 1:0:0:0:0, 1:0:0:0:0, 2:0:0:0:2, 1:0:0:0:0, 2:0:0:0:1, 4:3:0:0:4, 2:0:0:0:0, 4:3:1:0:5, 5:3:0:0:4, 1:0:0:0:1, 2:0:0:0:1, 1:0:0:0:1, 2:0:0:0:1, 1:0:0:0:0, 0:0:0:0:0, 2:0:0:0:0, 0:0:0:0:0, 0:0:0:0:0, 1:0:0:0:0, 1:0:0:0:0, 2:0:0:0:1, 4:3:0:0:5, 0:0:0:0:0, 1:0:0:0:3, 2:0:0:0:1, 6:3:0:0:5, 0:0:0:0:0, 2:0:0:0:2, 2:0:0:0:3, 2:0:0:0:2, 0:0:0:0:0, 0:0:0:0:0, 0:0:0:0:0, 2:1:0:0:1, 3:0:0:0:0, 2:0:0:0:0, 2:0:0:0:2, 5:3:0:0:5, 0:0:0:0:0, 4:1:0:0:4, 8:3:0:0:5, 2:0:0:0:2, 2:0:0:0:4, 1:0:0:0:2, 2:0:0:0:1, 1:0:0:0:0, 1:0:0:0:1, 0:0:0:0:0, 0:0:0:0:0,  , 1:0:0:0:0, 1:0:0:0:0, 2:0:0:0:1, 4:3:0:0:4, 1:0:0:0:0, 2:0:0:0:3, 2:0:0:0:3, 5:4:0:0:5, 1:0:0:0:0, 1:0:0:0:2, 3:1:0:0:2, 2:0:0:0:2, 0:0:0:0:0, 0:0:0:0:0, 0:0:0:0:0, 1:0:0:0:0, 3:0:0:0:1, 1:0:0:0:0, 3:1:0:0:2, 5:3:0:0:5, 1:0:0:0:0, 3:1:0:0:5, 5:3:0:0:4, 1:0:0:0:1, 2:0:0:0:2, 1:0:0:0:1, 2:0:0:0:2, 1:0:0:0:2, 0:0:0:0:0, 0:0:0:0:0, 0:0:0:0:0, 0:0:0:0:0, 1:0:0:0:0, 1:0:0:0:0, 2:0:0:0:1, 4:3:0:0:5, 0:0:0:0:0, 1:0:0:0:3, 2:0:0:0:2, 4:4:0:0:5, 0:0:0:0:0, 1:0:0:0:3, 2:0:0:0:2, 1:0:0:0:0, 0:0:0:0:0, 0:0:0:0:0, 0:0:0:0:0,  , 1:0:0:0:0, 1:0:0:0:0, 2:0:0:0:2, 4:4:0:0:5, 1:0:0:0:0, 3:2:0:0:6, 8:3:0:0:5, 2:0:0:0:3, 2:0:0:0:2, 1:0:0:0:1, 2:0:0:0:1, 2:0:0:0:1, 0:0:0:0:0, 0:0:0:0:0, 0:0:0:0:0, 2:1:0:0:1, 1:0:0:0:0, 1:0:0:0:0, 4:1:0:0:5, 6:4:0:0:5, 1:0:0:0:1, 1:0:0:0:3, 3:0:0:0:2, 9:3:0:0:5, 1:0:0:0:0, 1:0:0:0:3, 2:0:0:0:1, 0:0:0:0:0, 0:0:0:0:0, 0:0:0:0:0, 0:0:0:0:0, 0:0:0:0:0, 2:0:0:0:1, 1:0:0:0:0, 2:0:0:0:3, 4:3:0:0:6, 0:0:0:0:0, 3:2:0:0:6, 8:3:0:0:5, 1:0:0:0:1, 2:0:0:0:2, 1:0:0:0:1, 2:0:0:0:2, 1:0:0:0:1, 0:0:0:0:0, 2:0:0:0:0, 0:0:0:0:0, 0:0:0:0:0, 1:0:0:0:0, 1:0:0:0:0, 2:0:0:0:3, 5:4:0:0:5, 1:0:0:0:0, 2:0:0:0:3, 3:0:0:0:3, 7:4:0:0:6, 2:0:0:0:1, 2:0:0:0:3, 2:0:0:0:1, 0:0:0:0:0, 0:0:0:0:0, 1:0:0:0:0, 0:0:0:0:0, 0:0:0:0:0, 1:0:0:0:0, 1:0:0:0:0, 2:0:0:0:2, 6:4:0:0:6, 2:0:0:0:1, 3:1:0:0:4, 6:3:0:0:5, 1:0:0:0:1, 2:0:0:0:1, 2:0:0:0:1, 2:0:0:0:1, 0:0:0:0:0, 0:0:0:0:0, 0:0:0:0:0, 1:0:0:0:1, 0:0:0:0:0, 1:0:0:0:0, 1:0:0:0:0, 2:0:0:0:1, 5:3:0:0:4, 3:0:1:0:0, 2:1:0:0:5, 2:0:0:0:1, 5:4:0:0:5, 2:1:0:0:1, 1:0:0:0:4, 2:0:0:0:2, 2:0:0:0:1, 0:0:0:0:0, 0:0:0:0:0, 2:0:0:0:2, 1:0:0:0:0, 3:0:0:0:0, 1:0:0:0:0, 2:0:0:0:2, 8:3:0:0:7, 2:1:0:0:1, 3:1:0:0:3, 6:4:0:0:5, 1:0:0:0:2, 2:0:0:0:1, 1:0:0:0:1, 2:0:0:0:1, 0:0:0:0:0, 0:0:0:0:0, 0:0:0:0:0, 0:0:0:0:0, 0:0:0:0:0, 1:0:0:0:0, 1:0:0:0:0, 2:0:0:0:1, 4:3:0:0:4, 0:0:0:0:0, 2:0:0:0:1, 2:0:0:0:1, 4:3:0:0:5, 0:0:0:0:0, 2:1:0:0:5, 2:0:0:0:3, 1:0:0:0:1, 1:0:2:0:0, 0:0:0:0:0, 1:0:0:0:0,  , 3:0:0:0:0, 1:0:0:0:0, 2:0:0:0:1, 9:3:0:0:6, 1:0:0:0:1, 3:2:0:0:4, 5:3:0:0:4, 1:0:0:0:3, 2:0:0:0:1, 1:0:0:0:1, 2:0:0:0:2, 2:0:0:0:1, 0:0:0:0:0, 0:0:0:0:0, 0:0:0:0:0, 1:0:0:0:0, 1:0:0:0:0, 1:0:0:0:0, 2:0:0:0:2, 6:3:0:0:5, 1:0:0:0:0, 1:0:0:0:3, 2:0:0:0:2, 9:4:0:0:5, 0:0:0:0:0, 2:0:0:0:3, 2:0:0:0:4, 0:0:0:0:0, 0:0:0:0:0, 1:0:0:0:0, 0:0:0:0:0, 0:0:0:0:0, 1:0:0:0:0, 2:0:0:0:1, 3:0:0:0:2, 6:3:0:0:5, 0:0:0:0:0, 3:1:0:0:4, 9:3:0:0:5, 2:0:0:0:3, 2:0:0:0:3, 2:0:0:0:0, 0:0:0:0:0, 0:0:0:0:0, 0:0:0:0:0, 0:0:0:0:0, 652:172:7:0:505
F# minor blues (3#), 1:0:0:0:0, 2:0:0:0:0, 4:0:0:0:0, 4:3:0:0:3, 4:2:0:0:1, 3:1:0:0:0, 5:1:0:0:0, 4:3:0:0:2, 5:4:0:0:2, 4:0:0:0:0, 2:0:0:0:0, 4:2:0:0:0, 3:2:0:0:0, 4:0:0:0:0, 2:0:0:0:0, 4:2:0:0:0, 3:1:0:0:0, 2:0:0:0:0, 4:0:0:0:0, 4:3:0:0:3, 4:2:0:0:1, 3:1:0:0:0, 5:1:0:0:0, 4:3:0:0:2, 5:4:0:0:2, 4:0:0:0:0, 2:0:0:0:0, 4:2:0:0:0, 2:3:0:0:0, 6:0:0:0:0, 4:3:0:0:0, 2:0:0:0:0, 1:0:0:0:0, 3:0:0:0:0, 1:0:0:0:0, 5:3:0:0:3, 4:2:0:0:1, 3:1:0:0:0, 2:0:0:0:0, 5:3:0:0:2, 7:5:0:0:4, 3:0:1:0:1, 3:0:0:0:0, 3:1:0:0:0, 3:1:0:0:0, 2:0:0:0:0, 1:0:0:0:0, 3:1:0:0:0, 3:1:0:0:0, 2:0:0:0:0, 4:0:0:0:0, 4:3:0:0:3, 5:2:0:0:1, 3:1:0:0:0, 5:1:0:0:0, 4:3:0:0:2, 6:3:0:0:2, 3:0:0:0:0, 2:0:0:0:0, 4:2:0:0:0, 3:2:0:0:0, 5:0:0:0:0, 4:3:0:0:0, 2:0:0:0:0, 4:2:0:0:0, 3:0:0:0:0, 4:1:0:0:0, 5:3:0:0:3, 4:3:0:0:1, 3:1:0:0:0, 2:0:0:0:0, 4:4:0:0:2, 7:5:0:0:4, 2:0:0:0:0, 2:0:0:0:1, 3:1:0:0:0, 3:1:0:0:0, 2:0:0:0:0, 2:0:0:0:0, 4:1:0:0:0, 3:1:0:0:0, 2:0:0:0:0, 0:0:0:0:0, 6:2:0:0:2, 5:2:0:0:1, 3:3:0:0:0, 1:0:0:0:0, 6:3:0:0:2, 5:4:0:0:3, 2:0:0:0:0, 1:0:0:0:0, 4:1:0:0:0, 4:2:0:0:0, 4:0:0:0:0, 4:2:0:0:0, 2:0:0:0:0, 4:2:0:0:0, 2:0:0:0:0, 2:0:0:0:0, 4:2:0:0:2, 5:4:0:0:1, 3:1:0:0:0, 1:0:0:0:0, 4:4:0:0:2, 6:8:0:0:5, 2:0:0:0:0, 1:0:0:0:0, 3:2:0:0:0, 3:1:0:0:0, 2:0:0:0:0, 3:0:0:0:0, 4:2:0:0:0, 4:2:0:0:0, 3:0:0:0:0, 3:0:0:0:0, 5:2:0:0:2, 6:4:0:0:2, 3:1:0:0:0, 3:0:0:0:1, 6:5:0:0:2, 5:5:0:0:3, 2:0:0:0:0, 2:0:0:0:0, 3:2:0:0:0, 3:4:0:0:0, 6:0:0:0:0, 4:3:0:0:0, 3:0:0:0:0, 4:2:0:0:0, 2:0:0:0:0, 2:0:0:0:0, 4:2:0:0:2, 4:4:0:0:1, 3:2:0:0:0,  , 6:3:0:0:2, 6:7:0:0:4, 2:0:0:0:0, 1:0:0:0:0, 4:3:0:0:0, 4:1:1:0:1, 2:0:0:0:0, 3:0:0:0:0, 4:3:0:0:0, 4:2:0:0:0, 3:3:0:0:0, 2:0:0:0:0, 5:3:0:0:3, 4:3:0:0:1, 3:1:0:0:0, 3:0:2:0:5, 7:3:0:0:2, 6:7:0:0:4, 4:1:0:0:0, 2:0:0:0:0, 4:3:0:0:0, 3:2:0:0:0, 4:0:0:0:0, 4:2:0:0:0, 4:0:0:0:1, 4:2:0:0:0, 2:0:0:0:0, 1:0:0:0:0, 4:3:0:0:3, 3:2:0:0:1, 3:1:0:0:0, 1:0:0:0:0, 4:3:0:0:2, 5:3:0:0:2, 2:0:0:0:0, 1:0:0:0:0, 3:3:0:0:0, 4:1:0:0:0, 2:0:0:0:0, 1:0:0:0:0, 3:1:0:0:0, 4:1:0:0:0, 3:0:0:0:0, 1:0:0:0:0, 5:3:0:0:3, 5:4:0:0:2, 4:2:0:0:0,  , 5:4:0:0:2, 5:6:0:0:3, 2:0:0:0:0, 1:0:0:0:0, 3:2:0:0:0, 4:3:0:0:0, 6:1:0:0:1, 4:3:0:0:0, 3:0:0:0:0, 4:2:0:0:0, 2:0:0:0:0, 4:1:0:0:0, 6:4:0:0:5, 4:4:0:0:2, 3:1:0:0:0, 2:0:0:0:1, 6:4:0:0:2, 6:6:0:0:3, 3:0:0:0:0, 3:0:1:0:1, 4:2:0:0:0, 4:1:0:0:0, 4:0:0:0:1, 5:0:0:0:1, 3:2:0:0:0, 4:1:0:0:0, 2:0:0:0:0, 2:0:0:0:0, 4:2:0:0:2, 3:2:0:0:1, 3:2:0:0:0, 2:0:0:0:1, 5:4:0:0:2, 4:3:0:0:2, 2:0:0:0:0, 1:0:0:0:0, 3:3:0:0:0, 3:2:0:0:0, 6:0:0:0:0, 4:2:0:0:0, 3:0:0:0:0, 4:2:0:0:0, 3:0:0:0:0, 2:0:0:0:0, 5:5:0:0:5, 5:4:0:0:1, 3:2:0:0:0, 3:0:0:0:0, 6:4:0:0:2, 6:8:0:0:5, 3:0:0:0:0, 3:0:0:0:1, 3:2:0:0:0, 3:2:0:0:0, 4:0:0:0:0, 4:0:0:0:0, 4:2:0:0:0, 6:2:0:0:0, 2:0:0:0:0, 3:0:0:0:1, 5:2:0:0:3, 5:4:0:0:1, 4:1:0:0:0, 1:0:0:0:1, 5:3:0:0:2, 7:5:0:0:3, 2:0:0:0:0, 3:0:0:0:1, 4:1:0:0:0, 5:3:0:0:0, 4:0:0:0:0, 4:2:0:0:0, 2:0:0:0:0, 4:2:0:0:0, 2:0:0:0:0, 2:0:0:0:0, 4:3:0:0:3, 4:2:0:0:1, 3:1:0:0:0, 2:0:0:0:1, 4:3:0:0:2, 5:5:0:0:3, 2:0:0:0:0, 1:0:0:0:0, 6:3:1:0:1, 6:2:0:0:1, 3:0:0:0:0, 2:0:0:0:0, 4:2:0:0:0, 4:1:0:0:0, 2:0:0:0:0, 4:0:0:0:1, 5:2:0:0:2, 5:5:0:0:3, 4:2:0:0:0, 3:2:0:0:0, 9:5:0:0:3, 5:7:0:0:5, 2:0:0:0:0, 4:0:0:0:0, 4:1:0:0:0, 2:2:0:0:0, 5:0:0:0:0, 4:2:0:0:0, 2:0:0:0:0, 4:2:0:0:0, 2:0:0:0:0, 1:0:0:0:0, 4:2:0:0:2, 4:3:0:0:1, 3:2:0:0:0, 0:0:0:0:0, 5:3:0:0:2, 4:3:0:0:2, 2:0:0:0:0, 1:0:0:0:0, 3:2:0:0:0, 3:1:0:0:0, 2:0:0:0:0, 1:0:0:0:0, 3:2:0:0:0, 5:1:0:0:0, 2:0:0:0:0, 0:0:0:0:0, 5:5:2:0:5, 3:2:0:0:1, 3:3:0:0:0,  , 8:6:0:0:2, 5:4:0:0:2, 2:0:0:0:0, 4:1:0:0:0, 4:1:0:0:0, 2:3:0:0:0, 4:0:0:0:0, 4:2:0:0:0, 2:0:0:0:0, 4:2:0:0:0, 3:0:0:0:0, 4:1:0:0:0, 5:3:0:0:3, 6:4:0:0:2, 3:1:0:0:0, 3:2:0:0:0, 6:4:1:0:3, 5:3:0:0:2, 2:0:0:0:0, 2:0:0:0:1, 3:3:0:0:0, 3:1:0:0:0, 3:0:0:0:0, 6:1:0:0:0, 4:1:0:0:0, 4:2:0:0:0, 3:0:0:0:0, 2:0:0:0:0, 4:2:0:0:2, 7:4:0:0:2, 4:6:0:0:2, 4:0:0:0:1, 4:3:0:0:2, 6:3:0:0:2, 3:0:0:0:0, 4:0:0:0:1, 3:4:0:0:0, 3:2:0:0:0, 7:0:0:0:0, 4:3:0:0:0, 4:1:0:0:0, 4:2:0:0:2, 1:0:0:0:0, 1:0:0:0:0, 1:0:0:0:0, 1:0:0:0:0, 1234:542:9:0:237
Eb dorian (3b), 1:0:0:0:1, 2:0:0:0:3, 1:0:1:0:0, 0:0:0:0:0, 1:0:0:0:1, 1:0:0:0:0, 2:0:0:0:0, 1:0:0:0:0, 3:0:0:0:1, 3:0:0:0:1, 5:4:0:0:5, 1:0:0:0:0, 2:0:0:0:1, 3:0:0:0:1, 6:4:0:0:5, 3:0:0:0:0, 1:0:0:0:2, 2:0:0:0:3, 1:0:1:0:0, 0:0:0:0:0, 1:0:0:0:1, 1:0:0:0:0, 2:0:0:0:0, 1:0:0:0:0, 3:0:0:0:1, 3:0:0:0:1, 6:4:0:0:5, 1:0:0:0:0, 3:1:0:0:3, 7:4:0:0:5, 1:0:0:0:2, 2:0:0:0:1, 1:0:0:0:0, 3:0:0:0:2, 0:0:0:0:0, 0:0:0:0:0, 0:0:0:0:0, 0:0:0:0:0, 1:0:0:0:0, 1:0:0:0:0, 2:0:0:0:0, 3:0:0:0:1, 6:3:0:0:4, 0:0:0:0:0, 2:0:0:0:1, 2:0:0:0:1, 4:3:0:0:4, 1:0:0:0:0, 1:0:0:0:1, 2:0:0:0:4, 1:0:1:0:0, 0:0:0:0:0, 0:0:0:0:0, 1:0:0:0:0, 2:0:0:0:0, 1:0:0:0:0, 3:0:0:0:1, 2:0:0:0:1, 6:4:0:0:5, 1:0:0:0:0, 4:1:0:0:3, 6:3:0:0:4, 1:0:0:0:1, 2:0:0:0:1, 2:0:0:0:1, 2:0:0:0:1, 1:0:0:0:0, 0:0:0:0:0, 0:0:0:0:0, 1:0:0:0:0, 1:0:0:0:0, 1:0:0:0:0, 2:0:0:0:1, 2:0:0:0:2, 5:3:0:0:5, 0:0:0:0:0, 2:0:0:0:1, 2:0:0:0:1, 6:3:0:0:4, 0:0:0:0:0, 1:0:0:0:1, 2:0:0:0:1, 1:0:0:0:0, 3:0:0:0:3, 3:0:0:0:1, 1:0:0:0:0, 1:0:0:0:0, 2:0:0:0:2, 1:0:0:0:0, 2:0:0:0:1, 4:3:0:0:4, 2:0:0:0:0, 4:3:1:0:5, 5:3:0:0:4, 1:0:0:0:1, 2:0:0:0:1, 1:0:0:0:1, 2:0:0:0:1, 1:0:0:0:0, 0:0:0:0:0, 2:0:0:0:0, 0:0:0:0:0, 0:0:0:0:0, 1:0:0:0:0, 1:0:0:0:0, 2:0:0:0:1, 4:3:0:0:5, 0:0:0:0:0, 1:0:0:0:3, 2:0:0:0:1, 6:3:0:0:5, 0:0:0:0:0, 2:0:0:0:2, 2:0:0:0:3, 2:0:0:0:2, 0:0:0:0:0, 0:0:0:0:0, 0:0:0:0:0, 2:1:0:0:1, 3:0:0:0:0, 2:0:0:0:0, 2:0:0:0:2, 5:3:0:0:5, 0:0:0:0:0, 4:1:0:0:4, 8:3:0:0:5, 2:0:0:0:2, 2:0:0:0:4, 1:0:0:0:2, 2:0:0:0:1, 1:0:0:0:0, 1:0:0:0:1, 0:0:0:0:0, 0:0:0:0:0,  , 1:0:0:0:0, 1:0:0:0:0, 2:0:0:0:1, 4:3:0:0:4, 1:0:0:0:0, 2:0:0:0:3, 2:0:0:0:3, 5:4:0:0:5, 1:0:0:0:0, 1:0:0:0:2, 3:1:0:0:2, 2:0:0:0:2, 0:0:0:0:0, 0:0:0:0:0, 0:0:0:0:0, 1:0:0:0:0, 3:0:0:0:1, 1:0:0:0:0, 3:1:0:0:2, 5:3:0:0:5, 1:0:0:0:0, 3:1:0:0:5, 5:3:0:0:4, 1:0:0:0:1, 2:0:0:0:2, 1:0:0:0:1, 2:0:0:0:2, 1:0:0:0:2, 0:0:0:0:0, 0:0:0:0:0, 0:0:0:0:0, 0:0:0:0:0, 1:0:0:0:0, 1:0:0:0:0, 2:0:0:0:1, 4:3:0:0:5, 0:0:0:0:0, 1:0:0:0:3, 2:0:0:0:2, 4:4:0:0:5, 0:0:0:0:0, 1:0:0:0:3, 2:0:0:0:2, 1:0:0:0:0, 0:0:0:0:0, 0:0:0:0:0, 0:0:0:0:0,  , 1:0:0:0:0, 1:0:0:0:0, 2:0:0:0:2, 4:4:0:0:5, 1:0:0:0:0, 3:2:0:0:6, 8:3:0:0:5, 2:0:0:0:3, 2:0:0:0:2, 1:0:0:0:1, 2:0:0:0:1, 2:0:0:0:1, 0:0:0:0:0, 0:0:0:0:0, 0:0:0:0:0, 2:1:0:0:1, 1:0:0:0:0, 1:0:0:0:0, 4:1:0:0:5, 6:4:0:0:5, 1:0:0:0:1, 1:0:0:0:3, 3:0:0:0:2, 9:3:0:0:5, 1:0:0:0:0, 1:0:0:0:3, 2:0:0:0:1, 0:0:0:0:0, 0:0:0:0:0, 0:0:0:0:0, 0:0:0:0:0, 0:0:0:0:0, 2:0:0:0:1, 1:0:0:0:0, 2:0:0:0:3, 4:3:0:0:6, 0:0:0:0:0, 3:2:0:0:6, 8:3:0:0:5, 1:0:0:0:1, 2:0:0:0:2, 1:0:0:0:1, 2:0:0:0:2, 1:0:0:0:1, 0:0:0:0:0, 2:0:0:0:0, 0:0:0:0:0, 0:0:0:0:0, 1:0:0:0:0, 1:0:0:0:0, 2:0:0:0:3, 5:4:0:0:5, 1:0:0:0:0, 2:0:0:0:3, 3:0:0:0:3, 7:4:0:0:6, 2:0:0:0:1, 2:0:0:0:3, 2:0:0:0:1, 0:0:0:0:0, 0:0:0:0:0, 1:0:0:0:0, 0:0:0:0:0, 0:0:0:0:0, 1:0:0:0:0, 1:0:0:0:0, 2:0:0:0:2, 6:4:0:0:6, 2:0:0:0:1, 3:1:0:0:4, 6:3:0:0:5, 1:0:0:0:1, 2:0:0:0:1, 2:0:0:0:1, 2:0:0:0:1, 0:0:0:0:0, 0:0:0:0:0, 0:0:0:0:0, 1:0:0:0:1, 0:0:0:0:0, 1:0:0:0:0, 1:0:0:0:0, 2:0:0:0:1, 5:3:0:0:4, 3:0:1:0:0, 2:1:0:0:5, 2:0:0:0:1, 5:4:0:0:5, 2:1:0:0:1, 1:0:0:0:4, 2:0:0:0:2, 2:0:0:0:1, 0:0:0:0:0, 0:0:0:0:0, 2:0:0:0:2, 1:0:0:0:0, 3:0:0:0:0, 1:0:0:0:0, 2:0:0:0:2, 8:3:0:0:7, 2:1:0:0:1, 3:1:0:0:3, 6:4:0:0:5, 1:0:0:0:2, 2:0:0:0:1, 1:0:0:0:1, 2:0:0:0:1, 0:0:0:0:0, 0:0:0:0:0, 0:0:0:0:0, 0:0:0:0:0, 0:0:0:0:0, 1:0:0:0:0, 1:0:0:0:0, 2:0:0:0:1, 4:3:0:0:4, 0:0:0:0:0, 2:0:0:0:1, 2:0:0:0:1, 4:3:0:0:5, 0:0:0:0:0, 2:1:0:0:5, 2:0:0:0:3, 1:0:0:0:1, 1:0:2:0:0, 0:0:0:0:0, 1:0:0:0:0,  , 3:0:0:0:0, 1:0:0:0:0, 2:0:0:0:1, 9:3:0:0:6, 1:0:0:0:1, 3:2:0:0:4, 5:3:0:0:4, 1:0:0:0:3, 2:0:0:0:1, 1:0:0:0:1, 2:0:0:0:2, 2:0:0:0:1, 0:0:0:0:0, 0:0:0:0:0, 0:0:0:0:0, 1:0:0:0:0, 1:0:0:0:0, 1:0:0:0:0, 2:0:0:0:2, 6:3:0:0:5, 1:0:0:0:0, 1:0:0:0:3, 2:0:0:0:2, 9:4:0:0:5, 0:0:0:0:0, 2:0:0:0:3, 2:0:0:0:4, 0:0:0:0:0, 0:0:0:0:0, 1:0:0:0:0, 0:0:0:0:0, 0:0:0:0:0, 1:0:0:0:0, 2:0:0:0:1, 3:0:0:0:2, 6:3:0:0:5, 0:0:0:0:0, 3:1:0:0:4, 9:3:0:0:5, 2:0:0:0:3, 2:0:0:0:3, 2:0:0:0:0, 0:0:0:0:0, 0:0:0:0:0, 0:0:0:0:0, 0:0:0:0:0, 652:172:7:0:505
A dorian (3#), 1:0:0:0:0, 2:0:0:0:0, 4:0:0:0:0, 4:3:0:0:3, 4:2:0:0:1, 3:1:0:0:0, 5:1:0:0:0, 4:3:0:0:2, 5:4:0:0:2, 4:0:0:0:0, 2:0:0:0:0, 4:2:0:0:0, 3:2:0:0:0, 4:0:0:0:0, 2:0:0:0:0, 4:2:0:0:0, 3:1:0:0:0, 2:0:0:0:0, 4:0:0:0:0, 4:3:0:0:3, 4:2:0:0:1, 3:1:0:0:0, 5:1:0:0:0, 4:3:0:0:2, 5:4:0:0:2, 4:0:0:0:0, 2:0:0:0:0, 4:2:0:0:0, 2:3:0:0:0, 6:0:0:0:0, 4:3:0:0:0, 2:0:0:0:0, 1:0:0:0:0, 3:0:0:0:0, 1:0:0:0:0, 5:3:0:0:3, 4:2:0:0:1, 3:1:0:0:0, 2:0:0:0:0, 5:3:0:0:2, 7:5:0:0:4, 3:0:1:0:1, 3:0:0:0:0, 3:1:0:0:0, 3:1:0:0:0, 2:0:0:0:0, 1:0:0:0:0, 3:1:0:0:0, 3:1:0:0:0, 2:0:0:0:0, 4:0:0:0:0, 4:3:0:0:3, 5:2:0:0:1, 3:1:0:0:0, 5:1:0:0:0, 4:3:0:0:2, 6:3:0:0:2, 3:0:0:0:0, 2:0:0:0:0, 4:2:0:0:0, 3:2:0:0:0, 5:0:0:0:0, 4:3:0:0:0, 2:0:0:0:0, 4:2:0:0:0, 3:0:0:0:0, 4:1:0:0:0, 5:3:0:0:3, 4:3:0:0:1, 3:1:0:0:0, 2:0:0:0:0, 4:4:0:0:2, 7:5:0:0:4, 2:0:0:0:0, 2:0:0:0:1, 3:1:0:0:0, 3:1:0:0:0, 2:0:0:0:0, 2:0:0:0:0, 4:1:0:0:0, 3:1:0:0:0, 2:0:0:0:0, 0:0:0:0:0, 6:2:0:0:2, 5:2:0:0:1, 3:3:0:0:0, 1:0:0:0:0, 6:3:0:0:2, 5:4:0:0:3, 2:0:0:0:0, 1:0:0:0:0, 4:1:0:0:0, 4:2:0:0:0, 4:0:0:0:0, 4:2:0:0:0, 2:0:0:0:0, 4:2:0:0:0, 2:0:0:0:0, 2:0:0:0:0, 4:2:0:0:2, 5:4:0:0:1, 3:1:0:0:0, 1:0:0:0:0, 4:4:0:0:2, 6:8:0:0:5, 2:0:0:0:0, 1:0:0:0:0, 3:2:0:0:0, 3:1:0:0:0, 2:0:0:0:0, 3:0:0:0:0, 4:2:0:0:0, 4:2:0:0:0, 3:0:0:0:0, 3:0:0:0:0, 5:2:0:0:2, 6:4:0:0:2, 3:1:0:0:0, 3:0:0:0:1, 6:5:0:0:2, 5:5:0:0:3, 2:0:0:0:0, 2:0:0:0:0, 3:2:0:0:0, 3:4:0:0:0, 6:0:0:0:0, 4:3:0:0:0, 3:0:0:0:0, 4:2:0:0:0, 2:0:0:0:0, 2:0:0:0:0, 4:2:0:0:2, 4:4:0:0:1, 3:2:0:0:0,  , 6:3:0:0:2, 6:7:0:0:4, 2:0:0:0:0, 1:0:0:0:0, 4:3:0:0:0, 4:1:1:0:1, 2:0:0:0:0, 3:0:0:0:0, 4:3:0:0:0, 4:2:0:0:0, 3:3:0:0:0, 2:0:0:0:0, 5:3:0:0:3, 4:3:0:0:1, 3:1:0:0:0, 3:0:2:0:5, 7:3:0:0:2, 6:7:0:0:4, 4:1:0:0:0, 2:0:0:0:0, 4:3:0:0:0, 3:2:0:0:0, 4:0:0:0:0, 4:2:0:0:0, 4:0:0:0:1, 4:2:0:0:0, 2:0:0:0:0, 1:0:0:0:0, 4:3:0:0:3, 3:2:0:0:1, 3:1:0:0:0, 1:0:0:0:0, 4:3:0:0:2, 5:3:0:0:2, 2:0:0:0:0, 1:0:0:0:0, 3:3:0:0:0, 4:1:0:0:0, 2:0:0:0:0, 1:0:0:0:0, 3:1:0:0:0, 4:1:0:0:0, 3:0:0:0:0, 1:0:0:0:0, 5:3:0:0:3, 5:4:0:0:2, 4:2:0:0:0,  , 5:4:0:0:2, 5:6:0:0:3, 2:0:0:0:0, 1:0:0:0:0, 3:2:0:0:0, 4:3:0:0:0, 6:1:0:0:1, 4:3:0:0:0, 3:0:0:0:0, 4:2:0:0:0, 2:0:0:0:0, 4:1:0:0:0, 6:4:0:0:5, 4:4:0:0:2, 3:1:0:0:0, 2:0:0:0:1, 6:4:0:0:2, 6:6:0:0:3, 3:0:0:0:0, 3:0:1:0:1, 4:2:0:0:0, 4:1:0:0:0, 4:0:0:0:1, 5:0:0:0:1, 3:2:0:0:0, 4:1:0:0:0, 2:0:0:0:0, 2:0:0:0:0, 4:2:0:0:2, 3:2:0:0:1, 3:2:0:0:0, 2:0:0:0:1, 5:4:0:0:2, 4:3:0:0:2, 2:0:0:0:0, 1:0:0:0:0, 3:3:0:0:0, 3:2:0:0:0, 6:0:0:0:0, 4:2:0:0:0, 3:0:0:0:0, 4:2:0:0:0, 3:0:0:0:0, 2:0:0:0:0, 5:5:0:0:5, 5:4:0:0:1, 3:2:0:0:0, 3:0:0:0:0, 6:4:0:0:2, 6:8:0:0:5, 3:0:0:0:0, 3:0:0:0:1, 3:2:0:0:0, 3:2:0:0:0, 4:0:0:0:0, 4:0:0:0:0, 4:2:0:0:0, 6:2:0:0:0, 2:0:0:0:0, 3:0:0:0:1, 5:2:0:0:3, 5:4:0:0:1, 4:1:0:0:0, 1:0:0:0:1, 5:3:0:0:2, 7:5:0:0:3, 2:0:0:0:0, 3:0:0:0:1, 4:1:0:0:0, 5:3:0:0:0, 4:0:0:0:0, 4:2:0:0:0, 2:0:0:0:0, 4:2:0:0:0, 2:0:0:0:0, 2:0:0:0:0, 4:3:0:0:3, 4:2:0:0:1, 3:1:0:0:0, 2:0:0:0:1, 4:3:0:0:2, 5:5:0:0:3, 2:0:0:0:0, 1:0:0:0:0, 6:3:1:0:1, 6:2:0:0:1, 3:0:0:0:0, 2:0:0:0:0, 4:2:0:0:0, 4:1:0:0:0, 2:0:0:0:0, 4:0:0:0:1, 5:2:0:0:2, 5:5:0:0:3, 4:2:0:0:0, 3:2:0:0:0, 9:5:0:0:3, 5:7:0:0:5, 2:0:0:0:0, 4:0:0:0:0, 4:1:0:0:0, 2:2:0:0:0, 5:0:0:0:0, 4:2:0:0:0, 2:0:0:0:0, 4:2:0:0:0, 2:0:0:0:0, 1:0:0:0:0, 4:2:0:0:2, 4:3:0:0:1, 3:2:0:0:0, 0:0:0:0:0, 5:3:0:0:2, 4:3:0:0:2, 2:0:0:0:0, 1:0:0:0:0, 3:2:0:0:0, 3:1:0:0:0, 2:0:0:0:0, 1:0:0:0:0, 3:2:0:0:0, 5:1:0:0:0, 2:0:0:0:0, 0:0:0:0:0, 5:5:2:0:5, 3:2:0:0:1, 3:3:0:0:0,  , 8:6:0:0:2, 5:4:0:0:2, 2:0:0:0:0, 4:1:0:0:0, 4:1:0:0:0, 2:3:0:0:0, 4:0:0:0:0, 4:2:0:0:0, 2:0:0:0:0, 4:2:0:0:0, 3:0:0:0:0, 4:1:0:0:0, 5:3:0:0:3, 6:4:0:0:2, 3:1:0:0:0, 3:2:0:0:0, 6:4:1:0:3, 5:3:0:0:2, 2:0:0:0:0, 2:0:0:0:1, 3:3:0:0:0, 3:1:0:0:0, 3:0:0:0:0, 6:1:0:0:0, 4:1:0:0:0, 4:2:0:0:0, 3:0:0:0:0, 2:0:0:0:0, 4:2:0:0:2, 7:4:0:0:2, 4:6:0:0:2, 4:0:0:0:1, 4:3:0:0:2, 6:3:0:0:2, 3:0:0:0:0, 4:0:0:0:1, 3:4:0:0:0, 3:2:0:0:0, 7:0:0:0:0, 4:3:0:0:0, 4:1:0:0:0, 4:2:0:0:2, 1:0:0:0:0, 1:0:0:0:0, 1:0:0:0:0, 1:0:0:0:0, 1234:542:9:0:237
Eb phrygian (3b), 1:0:0:0:1, 2:0:0:0:3, 1:0:1:0:0, 0:0:0:0:0, 1:0:0:0:1, 1:0:0:0:0, 2:0:0:0:0, 1:0:0:0:0, 3:0:0:0:1, 3:0:0:0:1, 5:4:0:0:5, 1:0:0:0:0, 2:0:0:0:1, 3:0:0:0:1, 6:4:0:0:5, 3:0:0:0:0, 1:0:0:0:2, 2:0:0:0:3, 1:0:1:0:0, 0:0:0:0:0, 1:0:0:0:1, 1:0:0:0:0, 2:0:0:0:0, 1:0:0:0:0, 3:0:0:0:1, 3:0:0:0:1, 6:4:0:0:5, 1:0:0:0:0, 3:1:0:0:3, 7:4:0:0:5, 1:0:0:0:2, 2:0:0:0:1, 1:0:0:0:0, 3:0:0:0:2, 0:0:0:0:0, 0:0:0:0:0, 0:0:0:0:0, 0:0:0:0:0, 1:0:0:0:0, 1:0:0:0:0, 2:0:0:0:0, 3:0:0:0:1, 6:3:0:0:4, 0:0:0:0:0, 2:0:0:0:1, 2:0:0:0:1, 4:3:0:0:4, 1:0:0:0:0, 1:0:0:0:1, 2:0:0:0:4, 1:0:1:0:0, 0:0:0:0:0, 0:0:0:0:0, 1:0:0:0:0, 2:0:0:0:0, 1:0:0:0:0, 3:0:0:0:1, 2:0:0:0:1, 6:4:0:0:5, 1:0:0:0:0, 4:1:0:0:3, 6:3:0:0:4, 1:0:0:0:1, 2:0:0:0:1, 2:0:0:0:1, 2:0:0:0:1, 1:0:0:0:0, 0:0:0:0:0, 0:0:0:0:0, 1:0:0:0:0, 1:0:0:0:0, 1:0:0:0:0, 2:0:0:0:1, 2:0:0:0:2, 5:3:0:0:5, 0:0:0:0:0, 2:0:0:0:1, 2:0:0:0:1, 6:3:0:0:4, 0:0:0:0:0, 1:0:0:0:1, 2:0:0:0:1, 1:0:0:0:0, 3:0:0:0:3, 3:0:0:0:1, 1:0:0:0:0, 1:0:0:0:0, 2:0:0:0:2, 1:0:0:0:0, 2:0:0:0:1, 4:3:0:0:4, 2:0:0:0:0, 4:3:1:0:5, 5:3:0:0:4, 1:0:0:0:1, 2:0:0:0:1, 1:0:0:0:1, 2:0:0:0:1, 1:0:0:0:0, 0:0:0:0:0, 2:0:0:0:0, 0:0:0:0:0, 0:0:0:0:0, 1:0:0:0:0, 1:0:0:0:0, 2:0:0:0:1, 4:3:0:0:5, 0:0:0:0:0, 1:0:0:0:3, 2:0:0:0:1, 6:3:0:0:5, 0:0:0:0:0, 2:0:0:0:2, 2:0:0:0:3, 2:0:0:0:2, 0:0:0:0:0, 0:0:0:0:0, 0:0:0:0:0, 2:1:0:0:1, 3:0:0:0:0, 2:0:0:0:0, 2:0:0:0:2, 5:3:0:0:5, 0:0:0:0:0, 4:1:0:0:4, 8:3:0:0:5, 2:0:0:0:2, 2:0:0:0:4, 1:0:0:0:2, 2:0:0:0:1, 1:0:0:0:0, 1:0:0:0:1, 0:0:0:0:0, 0:0:0:0:0,  , 1:0:0:0:0, 1:0:0:0:0, 2:0:0:0:1, 4:3:0:0:4, 1:0:0:0:0, 2:0:0:0:3, 2:0:0:0:3, 5:4:0:0:5, 1:0:0:0:0, 1:0:0:0:2, 3:1:0:0:2, 2:0:0:0:2, 0:0:0:0:0, 0:0:0:0:0, 0:0:0:0:0, 1:0:0:0:0, 3:0:0:0:1, 1:0:0:0:0, 3:1:0:0:2, 5:3:0:0:5, 1:0:0:0:0, 3:1:0:0:5, 5:3:0:0:4, 1:0:0:0:1, 2:0:0:0:2, 1:0:0:0:1, 2:0:0:0:2, 1:0:0:0:2, 0:0:0:0:0, 0:0:0:0:0, 0:0:0:0:0, 0:0:0:0:0, 1:0:0:0:0, 1:0:0:0:0, 2:0:0:0:1, 4:3:0:0:5, 0:0:0:0:0, 1:0:0:0:3, 2:0:0:0:2, 4:4:0:0:5, 0:0:0:0:0, 1:0:0:0:3, 2:0:0:0:2, 1:0:0:0:0, 0:0:0:0:0, 0:0:0:0:0, 0:0:0:0:0,  , 1:0:0:0:0, 1:0:0:0:0, 2:0:0:0:2, 4:4:0:0:5, 1:0:0:0:0, 3:2:0:0:6, 8:3:0:0:5, 2:0:0:0:3, 2:0:0:0:2, 1:0:0:0:1, 2:0:0:0:1, 2:0:0:0:1, 0:0:0:0:0, 0:0:0:0:0, 0:0:0:0:0, 2:1:0:0:1, 1:0:0:0:0, 1:0:0:0:0, 4:1:0:0:5, 6:4:0:0:5, 1:0:0:0:1, 1:0:0:0:3, 3:0:0:0:2, 9:3:0:0:5, 1:0:0:0:0, 1:0:0:0:3, 2:0:0:0:1, 0:0:0:0:0, 0:0:0:0:0, 0:0:0:0:0, 0:0:0:0:0, 0:0:0:0:0, 2:0:0:0:1, 1:0:0:0:0, 2:0:0:0:3, 4:3:0:0:6, 0:0:0:0:0, 3:2:0:0:6, 8:3:0:0:5, 1:0:0:0:1, 2:0:0:0:2, 1:0:0:0:1, 2:0:0:0:2, 1:0:0:0:1, 0:0:0:0:0, 2:0:0:0:0, 0:0:0:0:0, 0:0:0:0:0, 1:0:0:0:0, 1:0:0:0:0, 2:0:0:0:3, 5:4:0:0:5, 1:0:0:0:0, 2:0:0:0:3, 3:0:0:0:3, 7:4:0:0:6, 2:0:0:0:1, 2:0:0:0:3, 2:0:0:0:1, 0:0:0:0:0, 0:0:0:0:0, 1:0:0:0:0, 0:0:0:0:0, 0:0:0:0:0, 1:0:0:0:0, 1:0:0:0:0, 2:0:0:0:2, 6:4:0:0:6, 2:0:0:0:1, 3:1:0:0:4, 6:3:0:0:5, 1:0:0:0:1, 2:0:0:0:1, 2:0:0:0:1, 2:0:0:0:1, 0:0:0:0:0, 0:0:0:0:0, 0:0:0:0:0, 1:0:0:0:1, 0:0:0:0:0, 1:0:0:0:0, 1:0:0:0:0, 2:0:0:0:1, 5:3:0:0:4, 3:0:1:0:0, 2:1:0:0:5, 2:0:0:0:1, 5:4:0:0:5, 2:1:0:0:1, 1:0:0:0:4, 2:0:0:0:2, 2:0:0:0:1, 0:0:0:0:0, 0:0:0:0:0, 2:0:0:0:2, 1:0:0:0:0, 3:0:0:0:0, 1:0:0:0:0, 2:0:0:0:2, 8:3:0:0:7, 2:1:0:0:1, 3:1:0:0:3, 6:4:0:0:5, 1:0:0:0:2, 2:0:0:0:1, 1:0:0:0:1, 2:0:0:0:1, 0:0:0:0:0, 0:0:0:0:0, 0:0:0:0:0, 0:0:0:0:0, 0:0:0:0:0, 1:0:0:0:0, 1:0:0:0:0, 2:0:0:0:1, 4:3:0:0:4, 0:0:0:0:0, 2:0:0:0:1, 2:0:0:0:1, 4:3:0:0:5, 0:0:0:0:0, 2:1:0:0:5, 2:0:0:0:3, 1:0:0:0:1, 1:0:2:0:0, 0:0:0:0:0, 1:0:0:0:0,  , 3:0:0:0:0, 1:0:0:0:0, 2:0:0:0:1, 9:3:0:0:6, 1:0:0:0:1, 3:2:0:0:4, 5:3:0:0:4, 1:0:0:0:3, 2:0:0:0:1, 1:0:0:0:1, 2:0:0:0:2, 2:0:0:0:1, 0:0:0:0:0, 0:0:0:0:0, 0:0:0:0:0, 1:0:0:0:0, 1:0:0:0:0, 1:0:0:0:0, 2:0:0:0:2, 6:3:0:0:5, 1:0:0:0:0, 1:0:0:0:3, 2:0:0:0:2, 9:4:0:0:5, 0:0:0:0:0, 2:0:0:0:3, 2:0:0:0:4, 0:0:0:0:0, 0:0:0:0:0, 1:0:0:0:0, 0:0:0:0:0, 0:0:0:0:0, 1:0:0:0:0, 2:0:0:0:1, 3:0:0:0:2, 6:3:0:0:5, 0:0:0:0:0, 3:1:0:0:4, 9:3:0:0:5, 2:0:0:0:3, 2:0:0:0:3, 2:0:0:0:0, 0:0:0:0:0, 0:0:0:0:0, 0:0:0:0:0, 0:0:0:0:0, 652:172:7:0:505
A phrygian (3#), 1:0:0:0:0, 2:0:0:0:0, 4:0:0:0:0, 4:3:0:0:3, 4:2:0:0:1, 3:1:0:0:0, 5:1:0:0:0, 4:3:0:0:2, 5:4:0:0:2, 4:0:0:0:0, 2:0:0:0:0, 4:2:0:0:0, 3:2:0:0:0, 4:0:0:0:0, 2:0:0:0:0, 4:2:0:0:0, 3:1:0:0:0, 2:0:0:0:0, 4:0:0:0:0, 4:3:0:0:3, 4:2:0:0:1, 3:1:0:0:0, 5:1:0:0:0, 4:3:0:0:2, 5:4:0:0:2, 4:0:0:0:0, 2:0:0:0:0, 4:2:0:0:0, 2:3:0:0:0, 6:0:0:0:0, 4:3:0:0:0, 2:0:0:0:0, 1:0:0:0:0, 3:0:0:0:0, 1:0:0:0:0, 5:3:0:0:3, 4:2:0:0:1, 3:1:0:0:0, 2:0:0:0:0, 5:3:0:0:2, 7:5:0:0:4, 3:0:1:0:1, 3:0:0:0:0, 3:1:0:0:0, 3:1:0:0:0, 2:0:0:0:0, 1:0:0:0:0, 3:1:0:0:0, 3:1:0:0:0, 2:0:0:0:0, 4:0:0:0:0, 4:3:0:0:3, 5:2:0:0:1, 3:1:0:0:0, 5:1:0:0:0, 4:3:0:0:2, 6:3:0:0:2, 3:0:0:0:0, 2:0:0:0:0, 4:2:0:0:0, 3:2:0:0:0, 5:0:0:0:0, 4:3:0:0:0, 2:0:0:0:0, 4:2:0:0:0, 3:0:0:0:0, 4:1:0:0:0, 5:3:0:0:3, 4:3:0:0:1, 3:1:0:0:0, 2:0:0:0:0, 4:4:0:0:2, 7:5:0:0:4, 2:0:0:0:0, 2:0:0:0:1, 3:1:0:0:0, 3:1:0:0:0, 2:0:0:0:0, 2:0:0:0:0, 4:1:0:0:0, 3:1:0:0:0, 2:0:0:0:0, 0:0:0:0:0, 6:2:0:0:2, 5:2:0:0:1, 3:3:0:0:0, 1:0:0:0:0, 6:3:0:0:2, 5:4:0:0:3, 2:0:0:0:0, 1:0:0:0:0, 4:1:0:0:0, 4:2:0:0:0, 4:0:0:0:0, 4:2:0:0:0, 2:0:0:0:0, 4:2:0:0:0, 2:0:0:0:0, 2:0:0:0:0, 4:2:0:0:2, 5:4:0:0:1, 3:1:0:0:0, 1:0:0:0:0, 4:4:0:0:2, 6:8:0:0:5, 2:0:0:0:0, 1:0:0:0:0, 3:2:0:0:0, 3:1:0:0:0, 2:0:0:0:0, 3:0:0:0:0, 4:2:0:0:0, 4:2:0:0:0, 3:0:0:0:0, 3:0:0:0:0, 5:2:0:0:2, 6:4:0:0:2, 3:1:0:0:0, 3:0:0:0:1, 6:5:0:0:2, 5:5:0:0:3, 2:0:0:0:0, 2:0:0:0:0, 3:2:0:0:0, 3:4:0:0:0, 6:0:0:0:0, 4:3:0:0:0, 3:0:0:0:0, 4:2:0:0:0, 2:0:0:0:0, 2:0:0:0:0, 4:2:0:0:2, 4:4:0:0:1, 3:2:0:0:0,  , 6:3:0:0:2, 6:7:0:0:4, 2:0:0:0:0, 1:0:0:0:0, 4:3:0:0:0, 4:1:1:0:1, 2:0:0:0:0, 3:0:0:0:0, 4:3:0:0:0, 4:2:0:0:0, 3:3:0:0:0, 2:0:0:0:0, 5:3:0:0:3, 4:3:0:0:1, 3:1:0:0:0, 3:0:2:0:5, 7:3:0:0:2, 6:7:0:0:4, 4:1:0:0:0, 2:0:0:0:0, 4:3:0:0:0, 3:2:0:0:0, 4:0:0:0:0, 4:2:0:0:0, 4:0:0:0:1, 4:2:0:0:0, 2:0:0:0:0, 1:0:0:0:0, 4:3:0:0:3, 3:2:0:0:1, 3:1:0:0:0, 1:0:0:0:0, 4:3:0:0:2, 5:3:0:0:2, 2:0:0:0:0, 1:0:0:0:0, 3:3:0:0:0, 4:1:0:0:0, 2:0:0:0:0, 1:0:0:0:0, 3:1:0:0:0, 4:1:0:0:0, 3:0:0:0:0, 1:0:0:0:0, 5:3:0:0:3, 5:4:0:0:2, 4:2:0:0:0,  , 5:4:0:0:2, 5:6:0:0:3, 2:0:0:0:0, 1:0:0:0:0, 3:2:0:0:0, 4:3:0:0:0, 6:1:0:0:1, 4:3:0:0:0, 3:0:0:0:0, 4:2:0:0:0, 2:0:0:0:0, 4:1:0:0:0, 6:4:0:0:5, 4:4:0:0:2, 3:1:0:0:0, 2:0:0:0:1, 6:4:0:0:2, 6:6:0:0:3, 3:0:0:0:0, 3:0:1:0:1, 4:2:0:0:0, 4:1:0:0:0, 4:0:0:0:1, 5:0:0:0:1, 3:2:0:0:0, 4:1:0:0:0, 2:0:0:0:0, 2:0:0:0:0, 4:2:0:0:2, 3:2:0:0:1, 3:2:0:0:0, 2:0:0:0:1, 5:4:0:0:2, 4:3:0:0:2, 2:0:0:0:0, 1:0:0:0:0, 3:3:0:0:0, 3:2:0:0:0, 6:0:0:0:0, 4:2:0:0:0, 3:0:0:0:0, 4:2:0:0:0, 3:0:0:0:0, 2:0:0:0:0, 5:5:0:0:5, 5:4:0:0:1, 3:2:0:0:0, 3:0:0:0:0, 6:4:0:0:2, 6:8:0:0:5, 3:0:0:0:0, 3:0:0:0:1, 3:2:0:0:0, 3:2:0:0:0, 4:0:0:0:0, 4:0:0:0:0, 4:2:0:0:0, 6:2:0:0:0, 2:0:0:0:0, 3:0:0:0:1, 5:2:0:0:3, 5:4:0:0:1, 4:1:0:0:0, 1:0:0:0:1, 5:3:0:0:2, 7:5:0:0:3, 2:0:0:0:0, 3:0:0:0:1, 4:1:0:0:0, 5:3:0:0:0, 4:0:0:0:0, 4:2:0:0:0, 2:0:0:0:0, 4:2:0:0:0, 2:0:0:0:0, 2:0:0:0:0, 4:3:0:0:3, 4:2:0:0:1, 3:1:0:0:0, 2:0:0:0:1, 4:3:0:0:2, 5:5:0:0:3, 2:0:0:0:0, 1:0:0:0:0, 6:3:1:0:1, 6:2:0:0:1, 3:0:0:0:0, 2:0:0:0:0, 4:2:0:0:0, 4:1:0:0:0, 2:0:0:0:0, 4:0:0:0:1, 5:2:0:0:2, 5:5:0:0:3, 4:2:0:0:0, 3:2:0:0:0, 9:5:0:0:3, 5:7:0:0:5, 2:0:0:0:0, 4:0:0:0:0, 4:1:0:0:0, 2:2:0:0:0, 5:0:0:0:0, 4:2:0:0:0, 2:0:0:0:0, 4:2:0:0:0, 2:0:0:0:0, 1:0:0:0:0, 4:2:0:0:2, 4:3:0:0:1, 3:2:0:0:0, 0:0:0:0:0, 5:3:0:0:2, 4:3:0:0:2, 2:0:0:0:0, 1:0:0:0:0, 3:2:0:0:0, 3:1:0:0:0, 2:0:0:0:0, 1:0:0:0:0, 3:2:0:0:0, 5:1:0:0:0, 2:0:0:0:0, 0:0:0:0:0, 5:5:2:0:5, 3:2:0:0:1, 3:3:0:0:0,  , 8:6:0:0:2, 5:4:0:0:2, 2:0:0:0:0, 4:1:0:0:0, 4:1:0:0:0, 2:3:0:0:0, 4:0:0:0:0, 4:2:0:0:0, 2:0:0:0:0, 4:2:0:0:0, 3:0:0:0:0, 4:1:0:0:0, 5:3:0:0:3, 6:4:0:0:2, 3:1:0:0:0, 3:2:0:0:0, 6:4:1:0:3, 5:3:0:0:2, 2:0:0:0:0, 2:0:0:0:1, 3:3:0:0:0, 3:1:0:0:0, 3:0:0:0:0, 6:1:0:0:0, 4:1:0:0:0, 4:2:0:0:0, 3:0:0:0:0, 2:0:0:0:0, 4:2:0:0:2, 7:4:0:0:2, 4:6:0:0:2, 4:0:0:0:1, 4:3:0:0:2, 6:3:0:0:2, 3:0:0:0:0, 4:0:0:0:1, 3:4:0:0:0, 3:2:0:0:0, 7:0:0:0:0, 4:3:0:0:0, 4:1:0:0:0, 4:2:0:0:2, 1:0:0:0:0, 1:0:0:0:0, 1:0:0:0:0, 1:0:0:0:0, 1234:542:9:0:237
Eb lydian (3b), 1:0:0:0:1, 2:0:0:0:3, 1:0:1:0:0, 0:0:0:0:0, 1:0:0:0:1, 1:0:0:0:0, 2:0:0:0:0, 1:0:0:0:0, 3:0:0:0:1, 3:0:0:0:1, 5:4:0:0:5, 1:0:0:0:0, 2:0:0:0:1, 3:0:0:0:1, 6:4:0:0:5, 3:0:0:0:0, 1:0:0:0:2, 2:0:0:0:3, 1:0:1:0:0, 0:0:0:0:0, 1:0:0:0:1, 1:0:0:0:0, 2:0:0:0:0, 1:0:0:0:0, 3:0:0:0:1, 3:0:0:0:1, 6:4:0:0:5, 1:0:0:0:0, 3:1:0:0:3, 7:4:0:0:5, 1:0:0:0:2, 2:0:0:0:1, 1:0:0:0:0, 3:0:0:0:2, 0:0:0:0:0, 0:0:0:0:0, 0:0:0:0:0, 0:0:0:0:0, 1:0:0:0:0, 1:0:0:0:0, 2:0:0:0:0, 3:0:0:0:1, 6:3:0:0:4, 0:0:0:0:0, 2:0:0:0:1, 2:0:0:0:1, 4:3:0:0:4, 1:0:0:0:0, 1:0:0:0:1, 2:0:0:0:4, 1:0:1:0:0, 0:0:0:0:0, 0:0:0:0:0, 1:0:0:0:0, 2:0:0:0:0, 1:0:0:0:0, 3:0:0:0:1, 2:0:0:0:1, 6:4:0:0:5, 1:0:0:0:0, 4:1:0:0:3, 6:3:0:0:4, 1:0:0:0:1, 2:0:0:0:1, 2:0:0:0:1, 2:0:0:0:1, 1:0:0:0:0, 0:0:0:0:0, 0:0:0:0:0, 1:0:0:0:0, 1:0:0:0:0, 1:0:0:0:0, 2:0:0:0:1, 2:0:0:0:2, 5:3:0:0:5, 0:0:0:0:0, 2:0:0:0:1, 2:0:0:0:1, 6:3:0:0:4, 0:0:0:0:0, 1:0:0:0:1, 2:0:0:0:1, 1:0:0:0:0, 3:0:0:0:3, 3:0:0:0:1, 1:0:0:0:0, 1:0:0:0:0, 2:0:0:0:2, 1:0:0:0:0, 2:0:0:0:1, 4:3:0:0:4, 2:0:0:0:0, 4:3:1:0:5, 5:3:0:0:4, 1:0:0:0:1, 2:0:0:0:1, 1:0:0:0:1, 2:0:0:0:1, 1:0:0:0:0, 0:0:0:0:0, 2:0:0:0:0, 0:0:0:0:0, 0:0:0:0:0, 1:0:0:0:0, 1:0:0:0:0, 2:0:0:0:1, 4:3:0:0:5, 0:0:0:0:0, 1:0:0:0:3, 2:0:0:0:1, 6:3:0:0:5, 0:0:0:0:0, 2:0:0:0:2, 2:0:0:0:3, 2:0:0:0:2, 0:0:0:0:0, 0:0:0:0:0, 0:0:0:0:0, 2:1:0:0:1, 3:0:0:0:0, 2:0:0:0:0, 2:0:0:0:2, 5:3:0:0:5, 0:0:0:0:0, 4:1:0:0:4, 8:3:0:0:5, 2:0:0:0:2, 2:0:0:0:4, 1:0:0:0:2, 2:0:0:0:1, 1:0:0:0:0, 1:0:0:0:1, 0:0:0:0:0, 0:0:0:0:0,  , 1:0:0:0:0, 1:0:0:0:0, 2:0:0:0:1, 4:3:0:0:4, 1:0:0:0:0, 2:0:0:0:3, 2:0:0:0:3, 5:4:0:0:5, 1:0:0:0:0, 1:0:0:0:2, 3:1:0:0:2, 2:0:0:0:2, 0:0:0:0:0, 0:0:0:0:0, 0:0:0:0:0, 1:0:0:0:0, 3:0:0:0:1, 1:0:0:0:0, 3:1:0:0:2, 5:3:0:0:5, 1:0:0:0:0, 3:1:0:0:5, 5:3:0:0:4, 1:0:0:0:1, 2:0:0:0:2, 1:0:0:0:1, 2:0:0:0:2, 1:0:0:0:2, 0:0:0:0:0, 0:0:0:0:0, 0:0:0:0:0, 0:0:0:0:0, 1:0:0:0:0, 1:0:0:0:0, 2:0:0:0:1, 4:3:0:0:5, 0:0:0:0:0, 1:0:0:0:3, 2:0:0:0:2, 4:4:0:0:5, 0:0:0:0:0, 1:0:0:0:3, 2:0:0:0:2, 1:0:0:0:0, 0:0:0:0:0, 0:0:0:0:0, 0:0:0:0:0,  , 1:0:0:0:0, 1:0:0:0:0, 2:0:0:0:2, 4:4:0:0:5, 1:0:0:0:0, 3:2:0:0:6, 8:3:0:0:5, 2:0:0:0:3, 2:0:0:0:2, 1:0:0:0:1, 2:0:0:0:1, 2:0:0:0:1, 0:0:0:0:0, 0:0:0:0:0, 0:0:0:0:0, 2:1:0:0:1, 1:0:0:0:0, 1:0:0:0:0, 4:1:0:0:5, 6:4:0:0:5, 1:0:0:0:1, 1:0:0:0:3, 3:0:0:0:2, 9:3:0:0:5, 1:0:0:0:0, 1:0:0:0:3, 2:0:0:0:1, 0:0:0:0:0, 0:0:0:0:0, 0:0:0:0:0, 0:0:0:0:0, 0:0:0:0:0, 2:0:0:0:1, 1:0:0:0:0, 2:0:0:0:3, 4:3:0:0:6, 0:0:0:0:0, 3:2:0:0:6, 8:3:0:0:5, 1:0:0:0:1, 2:0:0:0:2, 1:0:0:0:1, 2:0:0:0:2, 1:0:0:0:1, 0:0:0:0:0, 2:0:0:0:0, 0:0:0:0:0, 0:0:0:0:0, 1:0:0:0:0, 1:0:0:0:0, 2:0:0:0:3, 5:4:0:0:5, 1:0:0:0:0, 2:0:0:0:3, 3:0:0:0:3, 7:4:0:0:6, 2:0:0:0:1, 2:0:0:0:3, 2:0:0:0:1, 0:0:0:0:0, 0:0:0:0:0, 1:0:0:0:0, 0:0:0:0:0, 0:0:0:0:0, 1:0:0:0:0, 1:0:0:0:0, 2:0:0:0:2, 6:4:0:0:6, 2:0:0:0:1, 3:1:0:0:4, 6:3:0:0:5, 1:0:0:0:1, 2:0:0:0:1, 2:0:0:0:1, 2:0:0:0:1, 0:0:0:0:0, 0:0:0:0:0, 0:0:0:0:0, 1:0:0:0:1, 0:0:0:0:0, 1:0:0:0:0, 1:0:0:0:0, 2:0:0:0:1, 5:3:0:0:4, 3:0:1:0:0, 2:1:0:0:5, 2:0:0:0:1, 5:4:0:0:5, 2:1:0:0:1, 1:0:0:0:4, 2:0:0:0:2, 2:0:0:0:1, 0:0:0:0:0, 0:0:0:0:0, 2:0:0:0:2, 1:0:0:0:0, 3:0:0:0:0, 1:0:0:0:0, 2:0:0:0:2, 8:3:0:0:7, 2:1:0:0:1, 3:1:0:0:3, 6:4:0:0:5, 1:0:0:0:2, 2:0:0:0:1, 1:0:0:0:1, 2:0:0:0:1, 0:0:0:0:0, 0:0:0:0:0, 0:0:0:0:0, 0:0:0:0:0, 0:0:0:0:0, 1:0:0:0:0, 1:0:0:0:0, 2:0:0:0:1, 4:3:0:0:4, 0:0:0:0:0, 2:0:0:0:1, 2:0:0:0:1, 4:3:0:0:5, 0:0:0:0:0, 2:1:0:0:5, 2:0:0:0:3, 1:0:0:0:1, 1:0:2:0:0, 0:0:0:0:0, 1:0:0:0:0,  , 3:0:0:0:0, 1:0:0:0:0, 2:0:0:0:1, 9:3:0:0:6, 1:0:0:0:1, 3:2:0:0:4, 5:3:0:0:4, 1:0:0:0:3, 2:0:0:0:1, 1:0:0:0:1, 2:0:0:0:2, 2:0:0:0:1, 0:0:0:0:0, 0:0:0:0:0, 0:0:0:0:0, 1:0:0:0:0, 1:0:0:0:0, 1:0:0:0:0, 2:0:0:0:2, 6:3:0:0:5, 1:0:0:0:0, 1:0:0:0:3, 2:0:0:0:2, 9:4:0:0:5, 0:0:0:0:0, 2:0:0:0:3, 2:0:0:0:4, 0:0:0:0:0, 0:0:0:0:0, 1:0:0:0:0, 0:0:0:0:0, 0:0:0:0:0, 1:0:0:0:0, 2:0:0:0:1, 3:0:0:0:2, 6:3:0:0:5, 0:0:0:0:0, 3:1:0:0:4, 9:3:0:0:5, 2:0:0:0:3, 2:0:0:0:3, 2:0:0:0:0, 0:0:0:0:0, 0:0:0:0:0, 0:0:0:0:0, 0:0:0:0:0, 652:172:7:0:505
A lydian (3#), 1:0:0:0:0, 2:0:0:0:0, 4:0:0:0:0, 4:3:0:0:3, 4:2:0:0:1, 3:1:0:0:0, 5:1:0:0:0, 4:3:0:0:2, 5:4:0:0:2, 4:0:0:0:0, 2:0:0:0:0, 4:2:0:0:0, 3:2:0:0:0, 4:0:0:0:0, 2:0:0:0:0, 4:2:0:0:0, 3:1:0:0:0, 2:0:0:0:0, 4:0:0:0:0, 4:3:0:0:3, 4:2:0:0:1, 3:1:0:0:0, 5:1:0:0:0, 4:3:0:0:2, 5:4:0:0:2, 4:0:0:0:0, 2:0:0:0:0, 4:2:0:0:0, 2:3:0:0:0, 6:0:0:0:0, 4:3:0:0:0, 2:0:0:0:0, 1:0:0:0:0, 3:0:0:0:0, 1:0:0:0:0, 5:3:0:0:3, 4:2:0:0:1, 3:1:0:0:0, 2:0:0:0:0, 5:3:0:0:2, 7:5:0:0:4, 3:0:1:0:1, 3:0:0:0:0, 3:1:0:0:0, 3:1:0:0:0, 2:0:0:0:0, 1:0:0:0:0, 3:1:0:0:0, 3:1:0:0:0, 2:0:0:0:0, 4:0:0:0:0, 4:3:0:0:3, 5:2:0:0:1, 3:1:0:0:0, 5:1:0:0:0, 4:3:0:0:2, 6:3:0:0:2, 3:0:0:0:0, 2:0:0:0:0, 4:2:0:0:0, 3:2:0:0:0, 5:0:0:0:0, 4:3:0:0:0, 2:0:0:0:0, 4:2:0:0:0, 3:0:0:0:0, 4:1:0:0:0, 5:3:0:0:3, 4:3:0:0:1, 3:1:0:0:0, 2:0:0:0:0, 4:4:0:0:2, 7:5:0:0:4, 2:0:0:0:0, 2:0:0:0:1, 3:1:0:0:0, 3:1:0:0:0, 2:0:0:0:0, 2:0:0:0:0, 4:1:0:0:0, 3:1:0:0:0, 2:0:0:0:0, 0:0:0:0:0, 6:2:0:0:2, 5:2:0:0:1, 3:3:0:0:0, 1:0:0:0:0, 6:3:0:0:2, 5:4:0:0:3, 2:0:0:0:0, 1:0:0:0:0, 4:1:0:0:0, 4:2:0:0:0, 4:0:0:0:0, 4:2:0:0:0, 2:0:0:0:0, 4:2:0:0:0, 2:0:0:0:0, 2:0:0:0:0, 4:2:0:0:2, 5:4:0:0:1, 3:1:0:0:0, 1:0:0:0:0, 4:4:0:0:2, 6:8:0:0:5, 2:0:0:0:0, 1:0:0:0:0, 3:2:0:0:0, 3:1:0:0:0, 2:0:0:0:0, 3:0:0:0:0, 4:2:0:0:0, 4:2:0:0:0, 3:0:0:0:0, 3:0:0:0:0, 5:2:0:0:2, 6:4:0:0:2, 3:1:0:0:0, 3:0:0:0:1, 6:5:0:0:2, 5:5:0:0:3, 2:0:0:0:0, 2:0:0:0:0, 3:2:0:0:0, 3:4:0:0:0, 6:0:0:0:0, 4:3:0:0:0, 3:0:0:0:0, 4:2:0:0:0, 2:0:0:0:0, 2:0:0:0:0, 4:2:0:0:2, 4:4:0:0:1, 3:2:0:0:0,  , 6:3:0:0:2, 6:7:0:0:4, 2:0:0:0:0, 1:0:0:0:0, 4:3:0:0:0, 4:1:1:0:1, 2:0:0:0:0, 3:0:0:0:0, 4:3:0:0:0, 4:2:0:0:0, 3:3:0:0:0, 2:0:0:0:0, 5:3:0:0:3, 4:3:0:0:1, 3:1:0:0:0, 3:0:2:0:5, 7:3:0:0:2, 6:7:0:0:4, 4:1:0:0:0, 2:0:0:0:0, 4:3:0:0:0, 3:2:0:0:0, 4:0:0:0:0, 4:2:0:0:0, 4:0:0:0:1, 4:2:0:0:0, 2:0:0:0:0, 1:0:0:0:0, 4:3:0:0:3, 3:2:0:0:1, 3:1:0:0:0, 1:0:0:0:0, 4:3:0:0:2, 5:3:0:0:2, 2:0:0:0:0, 1:0:0:0:0, 3:3:0:0:0, 4:1:0:0:0, 2:0:0:0:0, 1:0:0:0:0, 3:1:0:0:0, 4:1:0:0:0, 3:0:0:0:0, 1:0:0:0:0, 5:3:0:0:3, 5:4:0:0:2, 4:2:0:0:0,  , 5:4:0:0:2, 5:6:0:0:3, 2:0:0:0:0, 1:0:0:0:0, 3:2:0:0:0, 4:3:0:0:0, 6:1:0:0:1, 4:3:0:0:0, 3:0:0:0:0, 4:2:0:0:0, 2:0:0:0:0, 4:1:0:0:0, 6:4:0:0:5, 4:4:0:0:2, 3:1:0:0:0, 2:0:0:0:1, 6:4:0:0:2, 6:6:0:0:3, 3:0:0:0:0, 3:0:1:0:1, 4:2:0:0:0, 4:1:0:0:0, 4:0:0:0:1, 5:0:0:0:1, 3:2:0:0:0, 4:1:0:0:0, 2:0:0:0:0, 2:0:0:0:0, 4:2:0:0:2, 3:2:0:0:1, 3:2:0:0:0, 2:0:0:0:1, 5:4:0:0:2, 4:3:0:0:2, 2:0:0:0:0, 1:0:0:0:0, 3:3:0:0:0, 3:2:0:0:0, 6:0:0:0:0, 4:2:0:0:0, 3:0:0:0:0, 4:2:0:0:0, 3:0:0:0:0, 2:0:0:0:0, 5:5:0:0:5, 5:4:0:0:1, 3:2:0:0:0, 3:0:0:0:0, 6:4:0:0:2, 6:8:0:0:5, 3:0:0:0:0, 3:0:0:0:1, 3:2:0:0:0, 3:2:0:0:0, 4:0:0:0:0, 4:0:0:0:0, 4:2:0:0:0, 6:2:0:0:0, 2:0:0:0:0, 3:0:0:0:1, 5:2:0:0:3, 5:4:0:0:1, 4:1:0:0:0, 1:0:0:0:1, 5:3:0:0:2, 7:5:0:0:3, 2:0:0:0:0, 3:0:0:0:1, 4:1:0:0:0, 5:3:0:0:0, 4:0:0:0:0, 4:2:0:0:0, 2:0:0:0:0, 4:2:0:0:0, 2:0:0:0:0, 2:0:0:0:0, 4:3:0:0:3, 4:2:0:0:1, 3:1:0:0:0, 2:0:0:0:1, 4:3:0:0:2, 5:5:0:0:3, 2:0:0:0:0, 1:0:0:0:0, 6:3:1:0:1, 6:2:0:0:1, 3:0:0:0:0, 2:0:0:0:0, 4:2:0:0:0, 4:1:0:0:0, 2:0:0:0:0, 4:0:0:0:1, 5:2:0:0:2, 5:5:0:0:3, 4:2:0:0:0, 3:2:0:0:0, 9:5:0:0:3, 5:7:0:0:5, 2:0:0:0:0, 4:0:0:0:0, 4:1:0:0:0, 2:2:0:0:0, 5:0:0:0:0, 4:2:0:0:0, 2:0:0:0:0, 4:2:0:0:0, 2:0:0:0:0, 1:0:0:0:0, 4:2:0:0:2, 4:3:0:0:1, 3:2:0:0:0, 0:0:0:0:0, 5:3:0:0:2, 4:3:0:0:2, 2:0:0:0:0, 1:0:0:0:0, 3:2:0:0:0, 3:1:0:0:0, 2:0:0:0:0, 1:0:0:0:0, 3:2:0:0:0, 5:1:0:0:0, 2:0:0:0:0, 0:0:0:0:0, 5:5:2:0:5, 3:2:0:0:1, 3:3:0:0:0,  , 8:6:0:0:2, 5:4:0:0:2, 2:0:0:0:0, 4:1:0:0:0, 4:1:0:0:0, 2:3:0:0:0, 4:0:0:0:0, 4:2:0:0:0, 2:0:0:0:0, 4:2:0:0:0, 3:0:0:0:0, 4:1:0:0:0, 5:3:0:0:3, 6:4:0:0:2, 3:1:0:0:0, 3:2:0:0:0, 6:4:1:0:3, 5:3:0:0:2, 2:0:0:0:0, 2:0:0:0:1, 3:3:0:0:0, 3:1:0:0:0, 3:0:0:0:0, 6:1:0:0:0, 4:1:0:0:0, 4:2:0:0:0, 3:0:0:0:0, 2:0:0:0:0, 4:2:0:0:2, 7:4:0:0:2, 4:6:0:0:2, 4:0:0:0:1, 4:3:0:0:2, 6:3:0:0:2, 3:0:0:0:0, 4:0:0:0:1, 3:4:0:0:0, 3:2:0:0:0, 7:0:0:0:0, 4:3:0:0:0, 4:1:0:0:0, 4:2:0:0:2, 1:0:0:0:0, 1:0:0:0:0, 1:0:0:0:0, 1:0:0:0:0, 1234:542:9:0:237
Eb mixolydian (3b), 1:0:0:0:1, 2:0:0:0:3, 1:0:1:0:0, 0:0:0:0:0, 1:0:0:0:1, 1:0:0:0:0, 2:0:0:0:0, 1:0:0:0:0, 3:0:0:0:1, 3:0:0:0:1, 5:4:0:0:5, 1:0:0:0:0, 2:0:0:0:1, 3:0:0:0:1, 6:4:0:0:5, 3:0:0:0:0, 1:0:0:0:2, 2:0:0:0:3, 1:0:1:0:0, 0:0:0:0:0, 1:0:0:0:1, 1:0:0:0:0, 2:0:0:0:0, 1:0:0:0:0, 3:0:0:0:1, 3:0:0:0:1, 6:4:0:0:5, 1:0:0:0:0, 3:1:0:0:3, 7:4:0:0:5, 1:0:0:0:2, 2:0:0:0:1, 1:0:0:0:0, 3:0:0:0:2, 0:0:0:0:0, 0:0:0:0:0, 0:0:0:0:0, 0:0:0:0:0, 1:0:0:0:0, 1:0:0:0:0, 2:0:0:0:0, 3:0:0:0:1, 6:3:0:0:4, 0:0:0:0:0, 2:0:0:0:1, 2:0:0:0:1, 4:3:0:0:4, 1:0:0:0:0, 1:0:0:0:1, 2:0:0:0:4, 1:0:1:0:0, 0:0:0:0:0, 0:0:0:0:0, 1:0:0:0:0, 2:0:0:0:0, 1:0:0:0:0, 3:0:0:0:1, 2:0:0:0:1, 6:4:0:0:5, 1:0:0:0:0, 4:1:0:0:3, 6:3:0:0:4, 1:0:0:0:1, 2:0:0:0:1, 2:0:0:0:1, 2:0:0:0:1, 1:0:0:0:0, 0:0:0:0:0, 0:0:0:0:0, 1:0:0:0:0, 1:0:0:0:0, 1:0:0:0:0, 2:0:0:0:1, 2:0:0:0:2, 5:3:0:0:5, 0:0:0:0:0, 2:0:0:0:1, 2:0:0:0:1, 6:3:0:0:4, 0:0:0:0:0, 1:0:0:0:1, 2:0:0:0:1, 1:0:0:0:0, 3:0:0:0:3, 3:0:0:0:1, 1:0:0:0:0, 1:0:0:0:0, 2:0:0:0:2, 1:0:0:0:0, 2:0:0:0:1, 4:3:0:0:4, 2:0:0:0:0, 4:3:1:0:5, 5:3:0:0:4, 1:0:0:0:1, 2:0:0:0:1, 1:0:0:0:1, 2:0:0:0:1, 1:0:0:0:0, 0:0:0:0:0, 2:0:0:0:0, 0:0:0:0:0, 0:0:0:0:0, 1:0:0:0:0, 1:0:0:0:0, 2:0:0:0:1, 4:3:0:0:5, 0:0:0:0:0, 1:0:0:0:3, 2:0:0:0:1, 6:3:0:0:5, 0:0:0:0:0, 2:0:0:0:2, 2:0:0:0:3, 2:0:0:0:2, 0:0:0:0:0, 0:0:0:0:0, 0:0:0:0:0, 2:1:0:0:1, 3:0:0:0:0, 2:0:0:0:0, 2:0:0:0:2, 5:3:0:0:5, 0:0:0:0:0, 4:1:0:0:4, 8:3:0:0:5, 2:0:0:0:2, 2:0:0:0:4, 1:0:0:0:2, 2:0:0:0:1, 1:0:0:0:0, 1:0:0:0:1, 0:0:0:0:0, 0:0:0:0:0,  , 1:0:0:0:0, 1:0:0:0:0, 2:0:0:0:1, 4:3:0:0:4, 1:0:0:0:0, 2:0:0:0:3, 2:0:0:0:3, 5:4:0:0:5, 1:0:0:0:0, 1:0:0:0:2, 3:1:0:0:2, 2:0:0:0:2, 0:0:0:0:0, 0:0:0:0:0, 0:0:0:0:0, 1:0:0:0:0, 3:0:0:0:1, 1:0:0:0:0, 3:1:0:0:2, 5:3:0:0:5, 1:0:0:0:0, 3:1:0:0:5, 5:3:0:0:4, 1:0:0:0:1, 2:0:0:0:2, 1:0:0:0:1, 2:0:0:0:2, 1:0:0:0:2, 0:0:0:0:0, 0:0:0:0:0, 0:0:0:0:0, 0:0:0:0:0, 1:0:0:0:0, 1:0:0:0:0, 2:0:0:0:1, 4:3:0:0:5, 0:0:0:0:0, 1:0:0:0:3, 2:0:0:0:2, 4:4:0:0:5, 0:0:0:0:0, 1:0:0:0:3, 2:0:0:0:2, 1:0:0:0:0, 0:0:0:0:0, 0:0:0:0:0, 0:0:0:0:0,  , 1:0:0:0:0, 1:0:0:0:0, 2:0:0:0:2, 4:4:0:0:5, 1:0:0:0:0, 3:2:0:0:6, 8:3:0:0:5, 2:0:0:0:3, 2:0:0:0:2, 1:0:0:0:1, 2:0:0:0:1, 2:0:0:0:1, 0:0:0:0:0, 0:0:0:0:0, 0:0:0:0:0, 2:1:0:0:1, 1:0:0:0:0, 1:0:0:0:0, 4:1:0:0:5, 6:4:0:0:5, 1:0:0:0:1, 1:0:0:0:3, 3:0:0:0:2, 9:3:0:0:5, 1:0:0:0:0, 1:0:0:0:3, 2:0:0:0:1, 0:0:0:0:0, 0:0:0:0:0, 0:0:0:0:0, 0:0:0:0:0, 0:0:0:0:0, 2:0:0:0:1, 1:0:0:0:0, 2:0:0:0:3, 4:3:0:0:6, 0:0:0:0:0, 3:2:0:0:6, 8:3:0:0:5, 1:0:0:0:1, 2:0:0:0:2, 1:0:0:0:1, 2:0:0:0:2, 1:0:0:0:1, 0:0:0:0:0, 2:0:0:0:0, 0:0:0:0:0, 0:0:0:0:0, 1:0:0:0:0, 1:0:0:0:0, 2:0:0:0:3, 5:4:0:0:5, 1:0:0:0:0, 2:0:0:0:3, 3:0:0:0:3, 7:4:0:0:6, 2:0:0:0:1, 2:0:0:0:3, 2:0:0:0:1, 0:0:0:0:0, 0:0:0:0:0, 1:0:0:0:0, 0:0:0:0:0, 0:0:0:0:0, 1:0:0:0:0, 1:0:0:0:0, 2:0:0:0:2, 6:4:0:0:6, 2:0:0:0:1, 3:1:0:0:4, 6:3:0:0:5, 1:0:0:0:1, 2:0:0:0:1, 2:0:0:0:1, 2:0:0:0:1, 0:0:0:0:0, 0:0:0:0:0, 0:0:0:0:0, 1:0:0:0:1, 0:0:0:0:0, 1:0:0:0:0, 1:0:0:0:0, 2:0:0:0:1, 5:3:0:0:4, 3:0:1:0:0, 2:1:0:0:5, 2:0:0:0:1, 5:4:0:0:5, 2:1:0:0:1, 1:0:0:0:4, 2:0:0:0:2, 2:0:0:0:1, 0:0:0:0:0, 0:0:0:0:0, 2:0:0:0:2, 1:0:0:0:0, 3:0:0:0:0, 1:0:0:0:0, 2:0:0:0:2, 8:3:0:0:7, 2:1:0:0:1, 3:1:0:0:3, 6:4:0:0:5, 1:0:0:0:2, 2:0:0:0:1, 1:0:0:0:1, 2:0:0:0:1, 0:0:0:0:0, 0:0:0:0:0, 0:0:0:0:0, 0:0:0:0:0, 0:0:0:0:0, 1:0:0:0:0, 1:0:0:0:0, 2:0:0:0:1, 4:3:0:0:4, 0:0:0:0:0, 2:0:0:0:1, 2:0:0:0:1, 4:3:0:0:5, 0:0:0:0:0, 2:1:0:0:5, 2:0:0:0:3, 1:0:0:0:1, 1:0:2:0:0, 0:0:0:0:0, 1:0:0:0:0,  , 3:0:0:0:0, 1:0:0:0:0, 2:0:0:0:1, 9:3:0:0:6, 1:0:0:0:1, 3:2:0:0:4, 5:3:0:0:4, 1:0:0:0:3, 2:0:0:0:1, 1:0:0:0:1, 2:0:0:0:2, 2:0:0:0:1, 0:0:0:0:0, 0:0:0:0:0, 0:0:0:0:0, 1:0:0:0:0, 1:0:0:0:0, 1:0:0:0:0, 2:0:0:0:2, 6:3:0:0:5, 1:0:0:0:0, 1:0:0:0:3, 2:0:0:0:2, 9:4:0:0:5, 0:0:0:0:0, 2:0:0:0:3, 2:0:0:0:4, 0:0:0:0:0, 0:0:0:0:0, 1:0:0:0:0, 0:0:0:0:0, 0:0:0:0:0, 1:0:0:0:0, 2:0:0:0:1, 3:0:0:0:2, 6:3:0:0:5, 0:0:0:0:0, 3:1:0:0:4, 9:3:0:0:5, 2:0:0:0:3, 2:0:0:0:3, 2:0:0:0:0, 0:0:0:0:0, 0:0:0:0:0, 0:0:0:0:0, 0:0:0:0:0, 652:172:7:0:505
A mixolydian (3#), 1:0:0:0:0, 2:0:0:0:0, 4:0:0:0:0, 4:3:0:0:3, 4:2:0:0:1, 3:1:0:0:0, 5:1:0:0:0, 4:3:0:0:2, 5:4:0:0:2, 4:0:0:0:0, 2:0:0:0:0, 4:2:0:0:0, 3:2:0:0:0, 4:0:0:0:0, 2:0:0:0:0, 4:2:0:0:0, 3:1:0:0:0, 2:0:0:0:0, 4:0:0:0:0, 4:3:0:0:3, 4:2:0:0:1, 3:1:0:0:0, 5:1:0:0:0, 4:3:0:0:2, 5:4:0:0:2, 4:0:0:0:0, 2:0:0:0:0, 4:2:0:0:0, 2:3:0:0:0, 6:0:0:0:0, 4:3:0:0:0, 2:0:0:0:0, 1:0:0:0:0, 3:0:0:0:0, 1:0:0:0:0, 5:3:0:0:3, 4:2:0:0:1, 3:1:0:0:0, 2:0:0:0:0, 5:3:0:0:2, 7:5:0:0:4, 3:0:1:0:1, 3:0:0:0:0, 3:1:0:0:0, 3:1:0:0:0, 2:0:0:0:0, 1:0:0:0:0, 3:1:0:0:0, 3:1:0:0:0, 2:0:0:0:0, 4:0:0:0:0, 4:3:0:0:3, 5:2:0:0:1, 3:1:0:0:0, 5:1:0:0:0, 4:3:0:0:2, 6:3:0:0:2, 3:0:0:0:0, 2:0:0:0:0, 4:2:0:0:0, 3:2:0:0:0, 5:0:0:0:0, 4:3:0:0:0, 2:0:0:0:0, 4:2:0:0:0, 3:0:0:0:0, 4:1:0:0:0, 5:3:0:0:3, 4:3:0:0:1, 3:1:0:0:0, 2:0:0:0:0, 4:4:0:0:2, 7:5:0:0:4, 2:0:0:0:0, 2:0:0:0:1, 3:1:0:0:0, 3:1:0:0:0, 2:0:0:0:0, 2:0:0:0:0, 4:1:0:0:0, 3:1:0:0:0, 2:0:0:0:0, 0:0:0:0:0, 6:2:0:0:2, 5:2:0:0:1, 3:3:0:0:0, 1:0:0:0:0, 6:3:0:0:2, 5:4:0:0:3, 2:0:0:0:0, 1:0:0:0:0, 4:1:0:0:0, 4:2:0:0:0, 4:0:0:0:0, 4:2:0:0:0, 2:0:0:0:0, 4:2:0:0:0, 2:0:0:0:0, 2:0:0:0:0, 4:2:0:0:2, 5:4:0:0:1, 3:1:0:0:0, 1:0:0:0:0, 4:4:0:0:2, 6:8:0:0:5, 2:0:0:0:0, 1:0:0:0:0, 3:2:0:0:0, 3:1:0:0:0, 2:0:0:0:0, 3:0:0:0:0, 4:2:0:0:0, 4:2:0:0:0, 3:0:0:0:0, 3:0:0:0:0, 5:2:0:0:2, 6:4:0:0:2, 3:1:0:0:0, 3:0:0:0:1, 6:5:0:0:2, 5:5:0:0:3, 2:0:0:0:0, 2:0:0:0:0, 3:2:0:0:0, 3:4:0:0:0, 6:0:0:0:0, 4:3:0:0:0, 3:0:0:0:0, 4:2:0:0:0, 2:0:0:0:0, 2:0:0:0:0, 4:2:0:0:2, 4:4:0:0:1, 3:2:0:0:0,  , 6:3:0:0:2, 6:7:0:0:4, 2:0:0:0:0, 1:0:0:0:0, 4:3:0:0:0, 4:1:1:0:1, 2:0:0:0:0, 3:0:0:0:0, 4:3:0:0:0, 4:2:0:0:0, 3:3:0:0:0, 2:0:0:0:0, 5:3:0:0:3, 4:3:0:0:1, 3:1:0:0:0, 3:0:2:0:5, 7:3:0:0:2, 6:7:0:0:4, 4:1:0:0:0, 2:0:0:0:0, 4:3:0:0:0, 3:2:0:0:0, 4:0:0:0:0, 4:2:0:0:0, 4:0:0:0:1, 4:2:0:0:0, 2:0:0:0:0, 1:0:0:0:0, 4:3:0:0:3, 3:2:0:0:1, 3:1:0:0:0, 1:0:0:0:0, 4:3:0:0:2, 5:3:0:0:2, 2:0:0:0:0, 1:0:0:0:0, 3:3:0:0:0, 4:1:0:0:0, 2:0:0:0:0, 1:0:0:0:0, 3:1:0:0:0, 4:1:0:0:0, 3:0:0:0:0, 1:0:0:0:0, 5:3:0:0:3, 5:4:0:0:2, 4:2:0:0:0,  , 5:4:0:0:2, 5:6:0:0:3, 2:0:0:0:0, 1:0:0:0:0, 3:2:0:0:0, 4:3:0:0:0, 6:1:0:0:1, 4:3:0:0:0, 3:0:0:0:0, 4:2:0:0:0, 2:0:0:0:0, 4:1:0:0:0, 6:4:0:0:5, 4:4:0:0:2, 3:1:0:0:0, 2:0:0:0:1, 6:4:0:0:2, 6:6:0:0:3, 3:0:0:0:0, 3:0:1:0:1, 4:2:0:0:0, 4:1:0:0:0, 4:0:0:0:1, 5:0:0:0:1, 3:2:0:0:0, 4:1:0:0:0, 2:0:0:0:0, 2:0:0:0:0, 4:2:0:0:2, 3:2:0:0:1, 3:2:0:0:0, 2:0:0:0:1, 5:4:0:0:2, 4:3:0:0:2, 2:0:0:0:0, 1:0:0:0:0, 3:3:0:0:0, 3:2:0:0:0, 6:0:0:0:0, 4:2:0:0:0, 3:0:0:0:0, 4:2:0:0:0, 3:0:0:0:0, 2:0:0:0:0, 5:5:0:0:5, 5:4:0:0:1, 3:2:0:0:0, 3:0:0:0:0, 6:4:0:0:2, 6:8:0:0:5, 3:0:0:0:0, 3:0:0:0:1, 3:2:0:0:0, 3:2:0:0:0, 4:0:0:0:0, 4:0:0:0:0, 4:2:0:0:0, 6:2:0:0:0, 2:0:0:0:0, 3:0:0:0:1, 5:2:0:0:3, 5:4:0:0:1, 4:1:0:0:0, 1:0:0:0:1, 5:3:0:0:2, 7:5:0:0:3, 2:0:0:0:0, 3:0:0:0:1, 4:1:0:0:0, 5:3:0:0:0, 4:0:0:0:0, 4:2:0:0:0, 2:0:0:0:0, 4:2:0:0:0, 2:0:0:0:0, 2:0:0:0:0, 4:3:0:0:3, 4:2:0:0:1, 3:1:0:0:0, 2:0:0:0:1, 4:3:0:0:2, 5:5:0:0:3, 2:0:0:0:0, 1:0:0:0:0, 6:3:1:0:1, 6:2:0:0:1, 3:0:0:0:0, 2:0:0:0:0, 4:2:0:0:0, 4:1:0:0:0, 2:0:0:0:0, 4:0:0:0:1, 5:2:0:0:2, 5:5:0:0:3, 4:2:0:0:0, 3:2:0:0:0, 9:5:0:0:3, 5:7:0:0:5, 2:0:0:0:0, 4:0:0:0:0, 4:1:0:0:0, 2:2:0:0:0, 5:0:0:0:0, 4:2:0:0:0, 2:0:0:0:0, 4:2:0:0:0, 2:0:0:0:0, 1:0:0:0:0, 4:2:0:0:2, 4:3:0:0:1, 3:2:0:0:0, 0:0:0:0:0, 5:3:0:0:2, 4:3:0:0:2, 2:0:0:0:0, 1:0:0:0:0, 3:2:0:0:0, 3:1:0:0:0, 2:0:0:0:0, 1:0:0:0:0, 3:2:0:0:0, 5:1:0:0:0, 2:0:0:0:0, 0:0:0:0:0, 5:5:2:0:5, 3:2:0:0:1, 3:3:0:0:0,  , 8:6:0:0:2, 5:4:0:0:2, 2:0:0:0:0, 4:1:0:0:0, 4:1:0:0:0, 2:3:0:0:0, 4:0:0:0:0, 4:2:0:0:0, 2:0:0:0:0, 4:2:0:0:0, 3:0:0:0:0, 4:1:0:0:0, 5:3:0:0:3, 6:4:0:0:2, 3:1:0:0:0, 3:2:0:0:0, 6:4:1:0:3, 5:3:0:0:2, 2:0:0:0:0, 2:0:0:0:1, 3:3:0:0:0, 3:1:0:0:0, 3:0:0:0:0, 6:1:0:0:0, 4:1:0:0:0, 4:2:0:0:0, 3:0:0:0:0, 2:0:0:0:0, 4:2:0:0:2, 7:4:0:0:2, 4:6:0:0:2, 4:0:0:0:1, 4:3:0:0:2, 6:3:0:0:2, 3:0:0:0:0, 4:0:0:0:1, 3:4:0:0:0, 3:2:0:0:0, 7:0:0:0:0, 4:3:0:0:0, 4:1:0:0:0, 4:2:0:0:2, 1:0:0:0:0, 1:0:0:0:0, 1:0:0:0:0, 1:0:0:0:0, 1234:542:9:0:237
Eb aeolian (3b), 1:0:0:0:1, 2:0:0:0:3, 1:0:1:0:0, 0:0:0:0:0, 1:0:0:0:1, 1:0:0:0:0, 2:0:0:0:0, 1:0:0:0:0, 3:0:0:0:1, 3:0:0:0:1, 5:4:0:0:5, 1:0:0:0:0, 2:0:0:0:1, 3:0:0:0:1, 6:4:0:0:5, 3:0:0:0:0, 1:0:0:0:2, 2:0:0:0:3, 1:0:1:0:0, 0:0:0:0:0, 1:0:0:0:1, 1:0:0:0:0, 2:0:0:0:0, 1:0:0:0:0, 3:0:0:0:1, 3:0:0:0:1, 6:4:0:0:5, 1:0:0:0:0, 3:1:0:0:3, 7:4:0:0:5, 1:0:0:0:2, 2:0:0:0:1, 1:0:0:0:0, 3:0:0:0:2, 0:0:0:0:0, 0:0:0:0:0, 0:0:0:0:0, 0:0:0:0:0, 1:0:0:0:0, 1:0:0:0:0, 2:0:0:0:0, 3:0:0:0:1, 6:3:0:0:4, 0:0:0:0:0, 2:0:0:0:1, 2:0:0:0:1, 4:3:0:0:4, 1:0:0:0:0, 1:0:0:0:1, 2:0:0:0:4, 1:0:1:0:0, 0:0:0:0:0, 0:0:0:0:0, 1:0:0:0:0, 2:0:0:0:0, 1:0:0:0:0, 3:0:0:0:1, 2:0:0:0:1, 6:4:0:0:5, 1:0:0:0:0, 4:1:0:0:3, 6:3:0:0:4, 1:0:0:0:1, 2:0:0:0:1, 2:0:0:0:1, 2:0:0:0:1, 1:0:0:0:0, 0:0:0:0:0, 0:0:0:0:0, 1:0:0:0:0, 1:0:0:0:0, 1:0:0:0:0, 2:0:0:0:1, 2:0:0:0:2, 5:3:0:0:5, 0:0:0:0:0, 2:0:0:0:1, 2:0:0:0:1, 6:3:0:0:4, 0:0:0:0:0, 1:0:0:0:1, 2:0:0:0:1, 1:0:0:0:0, 3:0:0:0:3, 3:0:0:0:1, 1:0:0:0:0, 1:0:0:0:0, 2:0:0:0:2, 1:0:0:0:0, 2:0:0:0:1, 4:3:0:0:4, 2:0:0:0:0, 4:3:1:0:5, 5:3:0:0:4, 1:0:0:0:1, 2:0:0:0:1, 1:0:0:0:1, 2:0:0:0:1, 1:0:0:0:0, 0:0:0:0:0, 2:0:0:0:0, 0:0:0:0:0, 0:0:0:0:0, 1:0:0:0:0, 1:0:0:0:0, 2:0:0:0:1, 4:3:0:0:5, 0:0:0:0:0, 1:0:0:0:3, 2:0:0:0:1, 6:3:0:0:5, 0:0:0:0:0, 2:0:0:0:2, 2:0:0:0:3, 2:0:0:0:2, 0:0:0:0:0, 0:0:0:0:0, 0:0:0:0:0, 2:1:0:0:1, 3:0:0:0:0, 2:0:0:0:0, 2:0:0:0:2, 5:3:0:0:5, 0:0:0:0:0, 4:1:0:0:4, 8:3:0:0:5, 2:0:0:0:2, 2:0:0:0:4, 1:0:0:0:2, 2:0:0:0:1, 1:0:0:0:0, 1:0:0:0:1, 0:0:0:0:0, 0:0:0:0:0,  , 1:0:0:0:0, 1:0:0:0:0, 2:0:0:0:1, 4:3:0:0:4, 1:0:0:0:0, 2:0:0:0:3, 2:0:0:0:3, 5:4:0:0:5, 1:0:0:0:0, 1:0:0:0:2, 3:1:0:0:2, 2:0:0:0:2, 0:0:0:0:0, 0:0:0:0:0, 0:0:0:0:0, 1:0:0:0:0, 3:0:0:0:1, 1:0:0:0:0, 3:1:0:0:2, 5:3:0:0:5, 1:0:0:0:0, 3:1:0:0:5, 5:3:0:0:4, 1:0:0:0:1, 2:0:0:0:2, 1:0:0:0:1, 2:0:0:0:2, 1:0:0:0:2, 0:0:0:0:0, 0:0:0:0:0, 0:0:0:0:0, 0:0:0:0:0, 1:0:0:0:0, 1:0:0:0:0, 2:0:0:0:1, 4:3:0:0:5, 0:0:0:0:0, 1:0:0:0:3, 2:0:0:0:2, 4:4:0:0:5, 0:0:0:0:0, 1:0:0:0:3, 2:0:0:0:2, 1:0:0:0:0, 0:0:0:0:0, 0:0:0:0:0, 0:0:0:0:0,  , 1:0:0:0:0, 1:0:0:0:0, 2:0:0:0:2, 4:4:0:0:5, 1:0:0:0:0, 3:2:0:0:6, 8:3:0:0:5, 2:0:0:0:3, 2:0:0:0:2, 1:0:0:0:1, 2:0:0:0:1, 2:0:0:0:1, 0:0:0:0:0, 0:0:0:0:0, 0:0:0:0:0, 2:1:0:0:1, 1:0:0:0:0, 1:0:0:0:0, 4:1:0:0:5, 6:4:0:0:5, 1:0:0:0:1, 1:0:0:0:3, 3:0:0:0:2, 9:3:0:0:5, 1:0:0:0:0, 1:0:0:0:3, 2:0:0:0:1, 0:0:0:0:0, 0:0:0:0:0, 0:0:0:0:0, 0:0:0:0:0, 0:0:0:0:0, 2:0:0:0:1, 1:0:0:0:0, 2:0:0:0:3, 4:3:0:0:6, 0:0:0:0:0, 3:2:0:0:6, 8:3:0:0:5, 1:0:0:0:1, 2:0:0:0:2, 1:0:0:0:1, 2:0:0:0:2, 1:0:0:0:1, 0:0:0:0:0, 2:0:0:0:0, 0:0:0:0:0, 0:0:0:0:0, 1:0:0:0:0, 1:0:0:0:0, 2:0:0:0:3, 5:4:0:0:5, 1:0:0:0:0, 2:0:0:0:3, 3:0:0:0:3, 7:4:0:0:6, 2:0:0:0:1, 2:0:0:0:3, 2:0:0:0:1, 0:0:0:0:0, 0:0:0:0:0, 1:0:0:0:0, 0:0:0:0:0, 0:0:0:0:0, 1:0:0:0:0, 1:0:0:0:0, 2:0:0:0:2, 6:4:0:0:6, 2:0:0:0:1, 3:1:0:0:4, 6:3:0:0:5, 1:0:0:0:1, 2:0:0:0:1, 2:0:0:0:1, 2:0:0:0:1, 0:0:0:0:0, 0:0:0:0:0, 0:0:0:0:0, 1:0:0:0:1, 0:0:0:0:0, 1:0:0:0:0, 1:0:0:0:0, 2:0:0:0:1, 5:3:0:0:4, 3:0:1:0:0, 2:1:0:0:5, 2:0:0:0:1, 5:4:0:0:5, 2:1:0:0:1, 1:0:0:0:4, 2:0:0:0:2, 2:0:0:0:1, 0:0:0:0:0, 0:0:0:0:0, 2:0:0:0:2, 1:0:0:0:0, 3:0:0:0:0, 1:0:0:0:0, 2:0:0:0:2, 8:3:0:0:7, 2:1:0:0:1, 3:1:0:0:3, 6:4:0:0:5, 1:0:0:0:2, 2:0:0:0:1, 1:0:0:0:1, 2:0:0:0:1, 0:0:0:0:0, 0:0:0:0:0, 0:0:0:0:0, 0:0:0:0:0, 0:0:0:0:0, 1:0:0:0:0, 1:0:0:0:0, 2:0:0:0:1, 4:3:0:0:4, 0:0:0:0:0, 2:0:0:0:1, 2:0:0:0:1, 4:3:0:0:5, 0:0:0:0:0, 2:1:0:0:5, 2:0:0:0:3, 1:0:0:0:1, 1:0:2:0:0, 0:0:0:0:0, 1:0:0:0:0,  , 3:0:0:0:0, 1:0:0:0:0, 2:0:0:0:1, 9:3:0:0:6, 1:0:0:0:1, 3:2:0:0:4, 5:3:0:0:4, 1:0:0:0:3, 2:0:0:0:1, 1:0:0:0:1, 2:0:0:0:2, 2:0:0:0:1, 0:0:0:0:0, 0:0:0:0:0, 0:0:0:0:0, 1:0:0:0:0, 1:0:0:0:0, 1:0:0:0:0, 2:0:0:0:2, 6:3:0:0:5, 1:0:0:0:0, 1:0:0:0:3, 2:0:0:0:2, 9:4:0:0:5, 0:0:0:0:0, 2:0:0:0:3, 2:0:0:0:4, 0:0:0:0:0, 0:0:0:0:0, 1:0:0:0:0, 0:0:0:0:0, 0:0:0:0:0, 1:0:0:0:0, 2:0:0:0:1, 3:0:0:0:2, 6:3:0:0:5, 0:0:0:0:0, 3:1:0:0:4, 9:3:0:0:5, 2:0:0:0:3, 2:0:0:0:3, 2:0:0:0:0, 0:0:0:0:0, 0:0:0:0:0, 0:0:0:0:0, 0:0:0:0:0, 652:172:7:0:505
A aeolian (3#), 1:0:0:0:0, 2:0:0:0:0, 4:0:0:0:0, 4:3:0:0:3, 4:2:0:0:1, 3:1:0:0:0, 5:1:0:0:0, 4:3:0:0:2, 5:4:0:0:2, 4:0:0:0:0, 2:0:0:0:0, 4:2:0:0:0, 3:2:0:0:0, 4:0:0:0:0, 2:0:0:0:0, 4:2:0:0:0, 3:1:0:0:0, 2:0:0:0:0, 4:0:0:0:0, 4:3:0:0:3, 4:2:0:0:1, 3:1:0:0:0, 5:1:0:0:0, 4:3:0:0:2, 5:4:0:0:2, 4:0:0:0:0, 2:0:0:0:0, 4:2:0:0:0, 2:3:0:0:0, 6:0:0:0:0, 4:3:0:0:0, 2:0:0:0:0, 1:0:0:0:0, 3:0:0:0:0, 1:0:0:0:0, 5:3:0:0:3, 4:2:0:0:1, 3:1:0:0:0, 2:0:0:0:0, 5:3:0:0:2, 7:5:0:0:4, 3:0:1:0:1, 3:0:0:0:0, 3:1:0:0:0, 3:1:0:0:0, 2:0:0:0:0, 1:0:0:0:0, 3:1:0:0:0, 3:1:0:0:0, 2:0:0:0:0, 4:0:0:0:0, 4:3:0:0:3, 5:2:0:0:1, 3:1:0:0:0, 5:1:0:0:0, 4:3:0:0:2, 6:3:0:0:2, 3:0:0:0:0, 2:0:0:0:0, 4:2:0:0:0, 3:2:0:0:0, 5:0:0:0:0, 4:3:0:0:0, 2:0:0:0:0, 4:2:0:0:0, 3:0:0:0:0, 4:1:0:0:0, 5:3:0:0:3, 4:3:0:0:1, 3:1:0:0:0, 2:0:0:0:0, 4:4:0:0:2, 7:5:0:0:4, 2:0:0:0:0, 2:0:0:0:1, 3:1:0:0:0, 3:1:0:0:0, 2:0:0:0:0, 2:0:0:0:0, 4:1:0:0:0, 3:1:0:0:0, 2:0:0:0:0, 0:0:0:0:0, 6:2:0:0:2, 5:2:0:0:1, 3:3:0:0:0, 1:0:0:0:0, 6:3:0:0:2, 5:4:0:0:3, 2:0:0:0:0, 1:0:0:0:0, 4:1:0:0:0, 4:2:0:0:0, 4:0:0:0:0, 4:2:0:0:0, 2:0:0:0:0, 4:2:0:0:0, 2:0:0:0:0, 2:0:0:0:0, 4:2:0:0:2, 5:4:0:0:1, 3:1:0:0:0, 1:0:0:0:0, 4:4:0:0:2, 6:8:0:0:5, 2:0:0:0:0, 1:0:0:0:0, 3:2:0:0:0, 3:1:0:0:0, 2:0:0:0:0, 3:0:0:0:0, 4:2:0:0:0, 4:2:0:0:0, 3:0:0:0:0, 3:0:0:0:0, 5:2:0:0:2, 6:4:0:0:2, 3:1:0:0:0, 3:0:0:0:1, 6:5:0:0:2, 5:5:0:0:3, 2:0:0:0:0, 2:0:0:0:0, 3:2:0:0:0, 3:4:0:0:0, 6:0:0:0:0, 4:3:0:0:0, 3:0:0:0:0, 4:2:0:0:0, 2:0:0:0:0, 2:0:0:0:0, 4:2:0:0:2, 4:4:0:0:1, 3:2:0:0:0,  , 6:3:0:0:2, 6:7:0:0:4, 2:0:0:0:0, 1:0:0:0:0, 4:3:0:0:0, 4:1:1:0:1, 2:0:0:0:0, 3:0:0:0:0, 4:3:0:0:0, 4:2:0:0:0, 3:3:0:0:0, 2:0:0:0:0, 5:3:0:0:3, 4:3:0:0:1, 3:1:0:0:0, 3:0:2:0:5, 7:3:0:0:2, 6:7:0:0:4, 4:1:0:0:0, 2:0:0:0:0, 4:3:0:0:0, 3:2:0:0:0, 4:0:0:0:0, 4:2:0:0:0, 4:0:0:0:1, 4:2:0:0:0, 2:0:0:0:0, 1:0:0:0:0, 4:3:0:0:3, 3:2:0:0:1, 3:1:0:0:0, 1:0:0:0:0, 4:3:0:0:2, 5:3:0:0:2, 2:0:0:0:0, 1:0:0:0:0, 3:3:0:0:0, 4:1:0:0:0, 2:0:0:0:0, 1:0:0:0:0, 3:1:0:0:0, 4:1:0:0:0, 3:0:0:0:0, 1:0:0:0:0, 5:3:0:0:3, 5:4:0:0:2, 4:2:0:0:0,  , 5:4:0:0:2, 5:6:0:0:3, 2:0:0:0:0, 1:0:0:0:0, 3:2:0:0:0, 4:3:0:0:0, 6:1:0:0:1, 4:3:0:0:0, 3:0:0:0:0, 4:2:0:0:0, 2:0:0:0:0, 4:1:0:0:0, 6:4:0:0:5, 4:4:0:0:2, 3:1:0:0:0, 2:0:0:0:1, 6:4:0:0:2, 6:6:0:0:3, 3:0:0:0:0, 3:0:1:0:1, 4:2:0:0:0, 4:1:0:0:0, 4:0:0:0:1, 5:0:0:0:1, 3:2:0:0:0, 4:1:0:0:0, 2:0:0:0:0, 2:0:0:0:0, 4:2:0:0:2, 3:2:0:0:1, 3:2:0:0:0, 2:0:0:0:1, 5:4:0:0:2, 4:3:0:0:2, 2:0:0:0:0, 1:0:0:0:0, 3:3:0:0:0, 3:2:0:0:0, 6:0:0:0:0, 4:2:0:0:0, 3:0:0:0:0, 4:2:0:0:0, 3:0:0:0:0, 2:0:0:0:0, 5:5:0:0:5, 5:4:0:0:1, 3:2:0:0:0, 3:0:0:0:0, 6:4:0:0:2, 6:8:0:0:5, 3:0:0:0:0, 3:0:0:0:1, 3:2:0:0:0, 3:2:0:0:0, 4:0:0:0:0, 4:0:0:0:0, 4:2:0:0:0, 6:2:0:0:0, 2:0:0:0:0, 3:0:0:0:1, 5:2:0:0:3, 5:4:0:0:1, 4:1:0:0:0, 1:0:0:0:1, 5:3:0:0:2, 7:5:0:0:3, 2:0:0:0:0, 3:0:0:0:1, 4:1:0:0:0, 5:3:0:0:0, 4:0:0:0:0, 4:2:0:0:0, 2:0:0:0:0, 4:2:0:0:0, 2:0:0:0:0, 2:0:0:0:0, 4:3:0:0:3, 4:2:0:0:1, 3:1:0:0:0, 2:0:0:0:1, 4:3:0:0:2, 5:5:0:0:3, 2:0:0:0:0, 1:0:0:0:0, 6:3:1:0:1, 6:2:0:0:1, 3:0:0:0:0, 2:0:0:0:0, 4:2:0:0:0, 4:1:0:0:0, 2:0:0:0:0, 4:0:0:0:1, 5:2:0:0:2, 5:5:0:0:3, 4:2:0:0:0, 3:2:0:0:0, 9:5:0:0:3, 5:7:0:0:5, 2:0:0:0:0, 4:0:0:0:0, 4:1:0:0:0, 2:2:0:0:0, 5:0:0:0:0, 4:2:0:0:0, 2:0:0:0:0, 4:2:0:0:0, 2:0:0:0:0, 1:0:0:0:0, 4:2:0:0:2, 4:3:0:0:1, 3:2:0:0:0, 0:0:0:0:0, 5:3:0:0:2, 4:3:0:0:2, 2:0:0:0:0, 1:0:0:0:0, 3:2:0:0:0, 3:1:0:0:0, 2:0:0:0:0, 1:0:0:0:0, 3:2:0:0:0, 5:1:0:0:0, 2:0:0:0:0, 0:0:0:0:0, 5:5:2:0:5, 3:2:0:0:1, 3:3:0:0:0,  , 8:6:0:0:2, 5:4:0:0:2, 2:0:0:0:0, 4:1:0:0:0, 4:1:0:0:0, 2:3:0:0:0, 4:0:0:0:0, 4:2:0:0:0, 2:0:0:0:0, 4:2:0:0:0, 3:0:0:0:0, 4:1:0:0:0, 5:3:0:0:3, 6:4:0:0:2, 3:1:0:0:0, 3:2:0:0:0, 6:4:1:0:3, 5:3:0:0:2, 2:0:0:0:0, 2:0:0:0:1, 3:3:0:0:0, 3:1:0:0:0, 3:0:0:0:0, 6:1:0:0:0, 4:1:0:0:0, 4:2:0:0:0, 3:0:0:0:0, 2:0:0:0:0, 4:2:0:0:2, 7:4:0:0:2, 4:6:0:0:2, 4:0:0:0:1, 4:3:0:0:2, 6:3:0:0:2, 3:0:0:0:0, 4:0:0:0:1, 3:4:0:0:0, 3:2:0:0:0, 7:0:0:0:0, 4:3:0:0:0, 4:1:0:0:0, 4:2:0:0:2, 1:0:0:0:0, 1:0:0:0:0, 1:0:0:0:0, 1:0:0:0:0, 1234:542:9:0:237
Eb locrian (3b), 1:0:0:0:1, 2:0:0:0:3, 1:0:1:0:0, 0:0:0:0:0, 1:0:0:0:1, 1:0:0:0:0, 2:0:0:0:0, 1:0:0:0:0, 3:0:0:0:1, 3:0:0:0:1, 5:4:0:0:5, 1:0:0:0:0, 2:0:0:0:1, 3:0:0:0:1, 6:4:0:0:5, 3:0:0:0:0, 1:0:0:0:2, 2:0:0:0:3, 1:0:1:0:0, 0:0:0:0:0, 1:0:0:0:1, 1:0:0:0:0, 2:0:0:0:0, 1:0:0:0:0, 3:0:0:0:1, 3:0:0:0:1, 6:4:0:0:5, 1:0:0:0:0, 3:1:0:0:3, 7:4:0:0:5, 1:0:0:0:2, 2:0:0:0:1, 1:0:0:0:0, 3:0:0:0:2, 0:0:0:0:0, 0:0:0:0:0, 0:0:0:0:0, 0:0:0:0:0, 1:0:0:0:0, 1:0:0:0:0, 2:0:0:0:0, 3:0:0:0:1, 6:3:0:0:4, 0:0:0:0:0, 2:0:0:0:1, 2:0:0:0:1, 4:3:0:0:4, 1:0:0:0:0, 1:0:0:0:1, 2:0:0:0:4, 1:0:1:0:0, 0:0:0:0:0, 0:0:0:0:0, 1:0:0:0:0, 2:0:0:0:0, 1:0:0:0:0, 3:0:0:0:1, 2:0:0:0:1, 6:4:0:0:5, 1:0:0:0:0, 4:1:0:0:3, 6:3:0:0:4, 1:0:0:0:1, 2:0:0:0:1, 2:0:0:0:1, 2:0:0:0:1, 1:0:0:0:0, 0:0:0:0:0, 0:0:0:0:0, 1:0:0:0:0, 1:0:0:0:0, 1:0:0:0:0, 2:0:0:0:1, 2:0:0:0:2, 5:3:0:0:5, 0:0:0:0:0, 2:0:0:0:1, 2:0:0:0:1, 6:3:0:0:4, 0:0:0:0:0, 1:0:0:0:1, 2:0:0:0:1, 1:0:0:0:0, 3:0:0:0:3, 3:0:0:0:1, 1:0:0:0:0, 1:0:0:0:0, 2:0:0:0:2, 1:0:0:0:0, 2:0:0:0:1, 4:3:0:0:4, 2:0:0:0:0, 4:3:1:0:5, 5:3:0:0:4, 1:0:0:0:1, 2:0:0:0:1, 1:0:0:0:1, 2:0:0:0:1, 1:0:0:0:0, 0:0:0:0:0, 2:0:0:0:0, 0:0:0:0:0, 0:0:0:0:0, 1:0:0:0:0, 1:0:0:0:0, 2:0:0:0:1, 4:3:0:0:5, 0:0:0:0:0, 1:0:0:0:3, 2:0:0:0:1, 6:3:0:0:5, 0:0:0:0:0, 2:0:0:0:2, 2:0:0:0:3, 2:0:0:0:2, 0:0:0:0:0, 0:0:0:0:0, 0:0:0:0:0, 2:1:0:0:1, 3:0:0:0:0, 2:0:0:0:0, 2:0:0:0:2, 5:3:0:0:5, 0:0:0:0:0, 4:1:0:0:4, 8:3:0:0:5, 2:0:0:0:2, 2:0:0:0:4, 1:0:0:0:2, 2:0:0:0:1, 1:0:0:0:0, 1:0:0:0:1, 0:0:0:0:0, 0:0:0:0:0,  , 1:0:0:0:0, 1:0:0:0:0, 2:0:0:0:1, 4:3:0:0:4, 1:0:0:0:0, 2:0:0:0:3, 2:0:0:0:3, 5:4:0:0:5, 1:0:0:0:0, 1:0:0:0:2, 3:1:0:0:2, 2:0:0:0:2, 0:0:0:0:0, 0:0:0:0:0, 0:0:0:0:0, 1:0:0:0:0, 3:0:0:0:1, 1:0:0:0:0, 3:1:0:0:2, 5:3:0:0:5, 1:0:0:0:0, 3:1:0:0:5, 5:3:0:0:4, 1:0:0:0:1, 2:0:0:0:2, 1:0:0:0:1, 2:0:0:0:2, 1:0:0:0:2, 0:0:0:0:0, 0:0:0:0:0, 0:0:0:0:0, 0:0:0:0:0, 1:0:0:0:0, 1:0:0:0:0, 2:0:0:0:1, 4:3:0:0:5, 0:0:0:0:0, 1:0:0:0:3, 2:0:0:0:2, 4:4:0:0:5, 0:0:0:0:0, 1:0:0:0:3, 2:0:0:0:2, 1:0:0:0:0, 0:0:0:0:0, 0:0:0:0:0, 0:0:0:0:0,  , 1:0:0:0:0, 1:0:0:0:0, 2:0:0:0:2, 4:4:0:0:5, 1:0:0:0:0, 3:2:0:0:6, 8:3:0:0:5, 2:0:0:0:3, 2:0:0:0:2, 1:0:0:0:1, 2:0:0:0:1, 2:0:0:0:1, 0:0:0:0:0, 0:0:0:0:0, 0:0:0:0:0, 2:1:0:0:1, 1:0:0:0:0, 1:0:0:0:0, 4:1:0:0:5, 6:4:0:0:5, 1:0:0:0:1, 1:0:0:0:3, 3:0:0:0:2, 9:3:0:0:5, 1:0:0:0:0, 1:0:0:0:3, 2:0:0:0:1, 0:0:0:0:0, 0:0:0:0:0, 0:0:0:0:0, 0:0:0:0:0, 0:0:0:0:0, 2:0:0:0:1, 1:0:0:0:0, 2:0:0:0:3, 4:3:0:0:6, 0:0:0:0:0, 3:2:0:0:6, 8:3:0:0:5, 1:0:0:0:1, 2:0:0:0:2, 1:0:0:0:1, 2:0:0:0:2, 1:0:0:0:1, 0:0:0:0:0, 2:0:0:0:0, 0:0:0:0:0, 0:0:0:0:0, 1:0:0:0:0, 1:0:0:0:0, 2:0:0:0:3, 5:4:0:0:5, 1:0:0:0:0, 2:0:0:0:3, 3:0:0:0:3, 7:4:0:0:6, 2:0:0:0:1, 2:0:0:0:3, 2:0:0:0:1, 0:0:0:0:0, 0:0:0:0:0, 1:0:0:0:0, 0:0:0:0:0, 0:0:0:0:0, 1:0:0:0:0, 1:0:0:0:0, 2:0:0:0:2, 6:4:0:0:6, 2:0:0:0:1, 3:1:0:0:4, 6:3:0:0:5, 1:0:0:0:1, 2:0:0:0:1, 2:0:0:0:1, 2:0:0:0:1, 0:0:0:0:0, 0:0:0:0:0, 0:0:0:0:0, 1:0:0:0:1, 0:0:0:0:0, 1:0:0:0:0, 1:0:0:0:0, 2:0:0:0:1, 5:3:0:0:4, 3:0:1:0:0, 2:1:0:0:5, 2:0:0:0:1, 5:4:0:0:5, 2:1:0:0:1, 1:0:0:0:4, 2:0:0:0:2, 2:0:0:0:1, 0:0:0:0:0, 0:0:0:0:0, 2:0:0:0:2, 1:0:0:0:0, 3:0:0:0:0, 1:0:0:0:0, 2:0:0:0:2, 8:3:0:0:7, 2:1:0:0:1, 3:1:0:0:3, 6:4:0:0:5, 1:0:0:0:2, 2:0:0:0:1, 1:0:0:0:1, 2:0:0:0:1, 0:0:0:0:0, 0:0:0:0:0, 0:0:0:0:0, 0:0:0:0:0, 0:0:0:0:0, 1:0:0:0:0, 1:0:0:0:0, 2:0:0:0:1, 4:3:0:0:4, 0:0:0:0:0, 2:0:0:0:1, 2:0:0:0:1, 4:3:0:0:5, 0:0:0:0:0, 2:1:0:0:5, 2:0:0:0:3, 1:0:0:0:1, 1:0:2:0:0, 0:0:0:0:0, 1:0:0:0:0,  , 3:0:0:0:0, 1:0:0:0:0, 2:0:0:0:1, 9:3:0:0:6, 1:0:0:0:1, 3:2:0:0:4, 5:3:0:0:4, 1:0:0:0:3, 2:0:0:0:1, 1:0:0:0:1, 2:0:0:0:2, 2:0:0:0:1, 0:0:0:0:0, 0:0:0:0:0, 0:0:0:0:0, 1:0:0:0:0, 1:0:0:0:0, 1:0:0:0:0, 2:0:0:0:2, 6:3:0:0:5, 1:0:0:0:0, 1:0:0:0:3, 2:0:0:0:2, 9:4:0:0:5, 0:0:0:0:0, 2:0:0:0:3, 2:0:0:0:4, 0:0:0:0:0, 0:0:0:0:0, 1:0:0:0:0, 0:0:0:0:0, 0:0:0:0:0, 1:0:0:0:0, 2:0:0:0:1, 3:0:0:0:2, 6:3:0:0:5, 0:0:0:0:0, 3:1:0:0:4, 9:3:0:0:5, 2:0:0:0:3, 2:0:0:0:3, 2:0:0:0:0, 0:0:0:0:0, 0:0:0:0:0, 0:0:0:0:0, 0:0:0:0:0, 652:172:7:0:505
A locrian (3#), 1:0:0:0:0, 2:0:0:0:0, 4:0:0:0:0, 4:3:0:0:3, 4:2:0:0:1, 3:1:0:0:0, 5:1:0:0:0, 4:3:0:0:2, 5:4:0:0:2, 4:0:0:0:0, 2:0:0:0:0, 4:2:0:0:0, 3:2:0:0:0, 4:0:0:0:0, 2:0:0:0:0, 4:2:0:0:0, 3:1:0:0:0, 2:0:0:0:0, 4:0:0:0:0, 4:3:0:0:3, 4:2:0:0:1, 3:1:0:0:0, 5:1:0:0:0, 4:3:0:0:2, 5:4:0:0:2, 4:0:0:0:0, 2:0:0:0:0, 4:2:0:0:0, 2:3:0:0:0, 6:0:0:0:0, 4:3:0:0:0, 2:0:0:0:0, 1:0:0:0:0, 3:0:0:0:0, 1:0:0:0:0, 5:3:0:0:3, 4:2:0:0:1, 3:1:0:0:0, 2:0:0:0:0, 5:3:0:0:2, 7:5:0:0:4, 3:0:1:0:1, 3:0:0:0:0, 3:1:0:0:0, 3:1:0:0:0, 2:0:0:0:0, 1:0:0:0:0, 3:1:0:0:0, 3:1:0:0:0, 2:0:0:0:0, 4:0:0:0:0, 4:3:0:0:3, 5:2:0:0:1, 3:1:0:0:0, 5:1:0:0:0, 4:3:0:0:2, 6:3:0:0:2, 3:0:0:0:0, 2:0:0:0:0, 4:2:0:0:0, 3:2:0:0:0, 5:0:0:0:0, 4:3:0:0:0, 2:0:0:0:0, 4:2:0:0:0, 3:0:0:0:0, 4:1:0:0:0, 5:3:0:0:3, 4:3:0:0:1, 3:1:0:0:0, 2:0:0:0:0, 4:4:0:0:2, 7:5:0:0:4, 2:0:0:0:0, 2:0:0:0:1, 3:1:0:0:0, 3:1:0:0:0, 2:0:0:0:0, 2:0:0:0:0, 4:1:0:0:0, 3:1:0:0:0, 2:0:0:0:0, 0:0:0:0:0, 6:2:0:0:2, 5:2:0:0:1, 3:3:0:0:0, 1:0:0:0:0, 6:3:0:0:2, 5:4:0:0:3, 2:0:0:0:0, 1:0:0:0:0, 4:1:0:0:0, 4:2:0:0:0, 4:0:0:0:0, 4:2:0:0:0, 2:0:0:0:0, 4:2:0:0:0, 2:0:0:0:0, 2:0:0:0:0, 4:2:0:0:2, 5:4:0:0:1, 3:1:0:0:0, 1:0:0:0:0, 4:4:0:0:2, 6:8:0:0:5, 2:0:0:0:0, 1:0:0:0:0, 3:2:0:0:0, 3:1:0:0:0, 2:0:0:0:0, 3:0:0:0:0, 4:2:0:0:0, 4:2:0:0:0, 3:0:0:0:0, 3:0:0:0:0, 5:2:0:0:2, 6:4:0:0:2, 3:1:0:0:0, 3:0:0:0:1, 6:5:0:0:2, 5:5:0:0:3, 2:0:0:0:0, 2:0:0:0:0, 3:2:0:0:0, 3:4:0:0:0, 6:0:0:0:0, 4:3:0:0:0, 3:0:0:0:0, 4:2:0:0:0, 2:0:0:0:0, 2:0:0:0:0, 4:2:0:0:2, 4:4:0:0:1, 3:2:0:0:0,  , 6:3:0:0:2, 6:7:0:0:4, 2:0:0:0:0, 1:0:0:0:0, 4:3:0:0:0, 4:1:1:0:1, 2:0:0:0:0, 3:0:0:0:0, 4:3:0:0:0, 4:2:0:0:0, 3:3:0:0:0, 2:0:0:0:0, 5:3:0:0:3, 4:3:0:0:1, 3:1:0:0:0, 3:0:2:0:5, 7:3:0:0:2, 6:7:0:0:4, 4:1:0:0:0, 2:0:0:0:0, 4:3:0:0:0, 3:2:0:0:0, 4:0:0:0:0, 4:2:0:0:0, 4:0:0:0:1, 4:2:0:0:0, 2:0:0:0:0, 1:0:0:0:0, 4:3:0:0:3, 3:2:0:0:1, 3:1:0:0:0, 1:0:0:0:0, 4:3:0:0:2, 5:3:0:0:2, 2:0:0:0:0, 1:0:0:0:0, 3:3:0:0:0, 4:1:0:0:0, 2:0:0:0:0, 1:0:0:0:0, 3:1:0:0:0, 4:1:0:0:0, 3:0:0:0:0, 1:0:0:0:0, 5:3:0:0:3, 5:4:0:0:2, 4:2:0:0:0,  , 5:4:0:0:2, 5:6:0:0:3, 2:0:0:0:0, 1:0:0:0:0, 3:2:0:0:0, 4:3:0:0:0, 6:1:0:0:1, 4:3:0:0:0, 3:0:0:0:0, 4:2:0:0:0, 2:0:0:0:0, 4:1:0:0:0, 6:4:0:0:5, 4:4:0:0:2, 3:1:0:0:0, 2:0:0:0:1, 6:4:0:0:2, 6:6:0:0:3, 3:0:0:0:0, 3:0:1:0:1, 4:2:0:0:0, 4:1:0:0:0, 4:0:0:0:1, 5:0:0:0:1, 3:2:0:0:0, 4:1:0:0:0, 2:0:0:0:0, 2:0:0:0:0, 4:2:0:0:2, 3:2:0:0:1, 3:2:0:0:0, 2:0:0:0:1, 5:4:0:0:2, 4:3:0:0:2, 2:0:0:0:0, 1:0:0:0:0, 3:3:0:0:0, 3:2:0:0:0, 6:0:0:0:0, 4:2:0:0:0, 3:0:0:0:0, 4:2:0:0:0, 3:0:0:0:0, 2:0:0:0:0, 5:5:0:0:5, 5:4:0:0:1, 3:2:0:0:0, 3:0:0:0:0, 6:4:0:0:2, 6:8:0:0:5, 3:0:0:0:0, 3:0:0:0:1, 3:2:0:0:0, 3:2:0:0:0, 4:0:0:0:0, 4:0:0:0:0, 4:2:0:0:0, 6:2:0:0:0, 2:0:0:0:0, 3:0:0:0:1, 5:2:0:0:3, 5:4:0:0:1, 4:1:0:0:0, 1:0:0:0:1, 5:3:0:0:2, 7:5:0:0:3, 2:0:0:0:0, 3:0:0:0:1, 4:1:0:0:0, 5:3:0:0:0, 4:0:0:0:0, 4:2:0:0:0, 2:0:0:0:0, 4:2:0:0:0, 2:0:0:0:0, 2:0:0:0:0, 4:3:0:0:3, 4:2:0:0:1, 3:1:0:0:0, 2:0:0:0:1, 4:3:0:0:2, 5:5:0:0:3, 2:0:0:0:0, 1:0:0:0:0, 6:3:1:0:1, 6:2:0:0:1, 3:0:0:0:0, 2:0:0:0:0, 4:2:0:0:0, 4:1:0:0:0, 2:0:0:0:0, 4:0:0:0:1, 5:2:0:0:2, 5:5:0:0:3, 4:2:0:0:0, 3:2:0:0:0, 9:5:0:0:3, 5:7:0:0:5, 2:0:0:0:0, 4:0:0:0:0, 4:1:0:0:0, 2:2:0:0:0, 5:0:0:0:0, 4:2:0:0:0, 2:0:0:0:0, 4:2:0:0:0, 2:0:0:0:0, 1:0:0:0:0, 4:2:0:0:2, 4:3:0:0:1, 3:2:0:0:0, 0:0:0:0:0, 5:3:0:0:2, 4:3:0:0:2, 2:0:0:0:0, 1:0:0:0:0, 3:2:0:0:0, 3:1:0:0:0, 2:0:0:0:0, 1:0:0:0:0, 3:2:0:0:0, 5:1:0:0:0, 2:0:0:0:0, 0:0:0:0:0, 5:5:2:0:5, 3:2:0:0:1, 3:3:0:0:0,  , 8:6:0:0:2, 5:4:0:0:2, 2:0:0:0:0, 4:1:0:0:0, 4:1:0:0:0, 2:3:0:0:0, 4:0:0:0:0, 4:2:0:0:0, 2:0:0:0:0, 4:2:0:0:0, 3:0:0:0:0, 4:1:0:0:0, 5:3:0:0:3, 6:4:0:0:2, 3:1:0:0:0, 3:2:0:0:0, 6:4:1:0:3, 5:3:0:0:2, 2:0:0:0:0, 2:0:0:0:1, 3:3:0:0:0, 3:1:0:0:0, 3:0:0:0:0, 6:1:0:0:0, 4:1:0:0:0, 4:2:0:0:0, 3:0:0:0:0, 2:0:0:0:0, 4:2:0:0:2, 7:4:0:0:2, 4:6:0:0:2, 4:0:0:0:1, 4:3:0:0:2, 6:3:0:0:2, 3:0:0:0:0, 4:0:0:0:1, 3:4:0:0:0, 3:2:0:0:0, 7:0:0:0:0, 4:3:0:0:0, 4:1:0:0:0, 4:2:0:0:2, 1:0:0:0:0, 1:0:0:0:0, 1:0:0:0:0, 1:0:0:0:0, 1234:542:9:0:237
Ab major (4b), 2:0:0:0:1, 3:0:0:0:4, 2:0:1:0:0, 0:0:0:0:0, 2:0:0:0:1, 2:0:0:0:3, 2:0:0:0:1, 0:0:0:0:0, 2:0:0:0:2, 2:0:0:0:3, 5:4:0:0:5, 2:0:0:0:1, 2:0:0:0:3, 2:0:0:0:3, 6:4:0:0:5, 4:0:0:0:1, 2:0:0:0:2, 3:0:0:0:4, 2:0:1:0:0, 0:0:0:0:0, 2:0:0:0:1, 2:0:0:0:3, 2:0:0:0:1, 0:0:0:0:0, 2:0:0:0:2, 2:0:0:0:3, 6:4:0:0:5, 2:0:0:0:1, 4:1:0:0:6, 8:4:0:0:7, 2:0:0:0:2, 3:0:0:0:2, 2:0:0:0:1, 3:0:0:0:5, 0:0:0:0:0, 0:0:0:0:0, 1:0:0:0:0, 1:0:0:0:0, 0:0:0:0:0, 0:0:0:0:0, 1:0:0:0:0, 4:0:0:0:2, 6:3:0:0:4, 1:0:0:0:0, 2:0:0:0:2, 3:0:0:0:2, 4:3:0:0:4, 2:0:0:0:1, 1:0:0:0:1, 3:0:0:0:5, 2:0:1:0:0, 0:0:0:0:0, 1:0:0:0:0, 2:0:0:0:3, 2:0:0:0:1, 0:0:0:0:0, 2:0:0:0:2, 2:0:0:0:3, 6:4:0:0:5, 2:0:0:0:1, 5:1:0:0:6, 7:3:0:0:7, 2:0:0:0:1, 2:0:0:0:2, 3:0:0:0:2, 3:0:0:0:5, 1:0:0:0:2, 0:0:0:0:0, 1:0:0:0:0, 2:0:0:0:1, 1:0:0:0:2, 0:0:0:0:0, 1:0:0:0:1, 2:0:0:0:4, 5:3:0:0:5, 1:0:0:0:0, 2:0:0:0:2, 3:0:0:0:2, 6:3:0:0:5, 1:0:0:0:0, 1:0:0:0:1, 2:0:0:0:2, 2:0:0:0:1, 3:0:0:0:4, 4:0:0:0:1, 2:0:0:0:0, 1:0:0:0:2, 1:0:0:0:2, 0:0:0:0:0, 3:0:0:0:2, 4:3:0:0:4, 3:0:0:0:1, 5:3:1:0:7, 6:3:0:0:5, 2:0:0:0:1, 2:0:0:0:2, 2:0:0:0:1, 2:0:0:0:2, 1:0:0:0:1, 0:0:0:0:0, 3:0:0:0:1, 1:0:0:0:0, 0:0:0:0:0, 0:0:0:0:0, 0:0:0:0:0, 2:0:0:0:4, 4:3:0:0:5, 1:0:0:0:0, 1:0:0:0:3, 2:0:0:0:3, 6:3:0:0:5, 1:0:0:0:0, 3:0:0:0:4, 2:0:0:0:4, 2:0:0:0:3, 0:0:0:0:0, 1:0:0:0:0, 1:0:0:0:0, 2:1:0:0:2, 2:0:0:0:0, 1:0:0:0:1, 2:0:0:0:5, 5:3:0:0:5, 1:0:0:0:0, 5:1:0:0:5, 9:3:0:0:7, 3:0:0:0:3, 2:0:0:0:6, 2:0:0:0:2, 2:0:0:0:4, 1:0:0:0:2, 1:0:0:0:1, 1:0:0:0:0, 1:0:0:0:0,  , 0:0:0:0:0, 0:0:0:0:0, 2:0:0:0:3, 4:3:0:0:4, 2:0:0:0:2, 3:0:0:0:3, 2:0:0:0:6, 5:4:0:0:5, 2:0:0:0:2, 2:0:0:0:2, 4:1:0:0:5, 2:0:0:0:3, 0:0:0:0:0, 1:0:0:0:0, 1:0:0:0:0, 0:0:0:0:0, 2:0:0:0:2, 0:0:0:0:0, 3:1:0:0:4, 5:3:0:0:5, 2:0:0:0:2, 4:1:0:0:6, 6:3:0:0:5, 2:0:0:0:1, 2:0:0:0:4, 2:0:0:0:1, 2:0:0:0:3, 1:0:0:0:2, 0:0:0:0:0, 1:0:0:0:0, 1:0:0:0:0, 1:0:0:0:0, 0:0:0:0:0, 0:0:0:0:0, 2:0:0:0:3, 4:3:0:0:5, 1:0:0:0:0, 1:0:0:0:3, 2:0:0:0:4, 4:4:0:0:5, 1:0:0:0:0, 1:0:0:0:3, 2:0:0:0:3, 1:0:0:0:1, 0:0:0:0:0, 1:0:0:0:0, 1:0:0:0:0,  , 0:0:0:0:0, 0:0:0:0:0, 2:0:0:0:4, 4:4:0:0:5, 2:0:0:0:1, 4:2:0:0:8, 9:3:0:0:8, 3:0:0:0:4, 2:0:0:0:4, 2:0:0:0:1, 2:0:0:0:2, 3:0:0:0:2, 1:0:0:0:0, 1:0:0:0:0, 1:0:0:0:0, 2:1:0:0:2, 0:0:0:0:0, 0:0:0:0:0, 4:1:0:0:9, 6:4:0:0:5, 2:0:0:0:1, 2:0:0:0:3, 3:0:0:0:3, 9:3:0:0:6, 2:0:0:0:1, 1:0:0:0:3, 2:0:0:0:2, 0:0:0:0:0, 0:0:0:0:0, 1:0:0:0:0, 1:0:0:0:0, 1:0:0:0:0, 1:0:0:0:1, 0:0:0:0:0, 2:0:0:0:5, 4:3:0:0:6, 1:0:0:0:0, 4:2:0:0:7, 9:3:0:0:6, 2:0:0:0:1, 3:0:0:0:3, 2:0:0:0:1, 3:0:0:0:4, 2:0:0:0:1, 0:0:0:0:0, 3:0:0:0:1, 1:0:0:0:0, 1:0:0:0:0, 0:0:0:0:0, 0:0:0:0:0, 2:0:0:0:5, 5:4:0:0:5, 2:0:0:0:1, 3:0:0:0:4, 3:0:0:0:5, 7:4:0:0:7, 3:0:0:0:2, 2:0:0:0:4, 2:0:0:0:2, 0:0:0:0:0, 0:0:0:0:0, 2:0:0:0:0, 1:0:0:0:0, 0:0:0:0:0, 0:0:0:0:0, 0:0:0:0:0, 2:0:0:0:4, 6:4:0:0:7, 3:0:0:0:2, 4:1:0:0:6, 7:3:0:0:6, 2:0:0:0:1, 2:0:0:0:2, 3:0:0:0:3, 2:0:0:0:2, 0:0:0:0:0, 1:0:0:0:0, 1:0:0:0:0, 2:0:0:0:1, 1:0:0:0:0, 0:0:0:0:0, 0:0:0:0:0, 2:0:0:0:3, 5:3:0:0:5, 4:0:1:0:1, 2:1:0:0:5, 3:0:0:0:2, 5:4:0:0:8, 3:1:0:0:3, 2:0:0:0:4, 2:0:0:0:3, 3:0:0:0:2, 0:0:0:0:0, 1:0:0:0:0, 3:0:0:0:3, 2:0:0:0:1, 2:0:0:0:0, 0:0:0:0:0, 2:0:0:0:3, 8:3:0:0:8, 3:1:0:0:2, 4:1:0:0:4, 7:4:0:0:6, 2:0:0:0:2, 2:0:0:0:2, 2:0:0:0:1, 2:0:0:0:2, 0:0:0:0:0, 0:0:0:0:0, 1:0:0:0:0, 1:0:0:0:0, 0:0:0:0:0, 0:0:0:0:0, 0:0:0:0:0, 2:0:0:0:3, 4:3:0:0:4, 1:0:0:0:0, 2:0:0:0:2, 2:0:0:0:4, 4:3:0:0:5, 1:0:0:0:0, 2:1:0:0:5, 3:0:0:0:4, 1:0:0:0:1, 2:0:2:0:0, 1:0:0:0:0, 2:0:0:0:1,  , 2:0:0:0:1, 0:0:0:0:0, 2:0:0:0:3, 9:3:0:0:7, 2:0:0:0:1, 4:2:0:0:6, 6:3:0:0:5, 2:0:0:0:3, 2:0:0:0:2, 2:0:0:0:1, 2:0:0:0:4, 3:0:0:0:2, 0:0:0:0:0, 1:0:0:0:0, 1:0:0:0:0, 1:0:0:0:2, 0:0:0:0:0, 0:0:0:0:0, 2:0:0:0:4, 6:3:0:0:6, 2:0:0:0:1, 2:0:0:0:3, 2:0:0:0:4, 9:4:0:0:8, 1:0:0:0:0, 3:0:0:0:4, 2:0:0:0:6, 0:0:0:0:0, 0:0:0:0:0, 2:0:0:0:0, 1:0:0:0:0, 1:0:0:0:0, 0:0:0:0:0, 1:0:0:0:1, 3:0:0:0:4, 6:3:0:0:5, 1:0:0:0:0, 4:1:0:0:5, 10:3:0:0:6, 3:0:0:0:4, 2:0:0:0:5, 3:0:0:0:1, 0:0:0:0:0, 0:0:0:0:0, 0:0:0:0:0, 0:0:0:0:0, 765:172:7:0:754
E major (4#), 2:0:0:0:0, 3:0:0:0:0, 5:0:0:0:0, 4:2:0:0:2, 5:2:0:0:2, 4:1:0:0:1, 5:1:0:0:1, 4:3:0:0:3, 5:4:0:0:4, 4:0:0:0:0, 1:0:0:0:0, 5:2:0:0:2, 3:2:0:0:2, 4:0:0:0:0, 1:0:0:0:0, 5:2:0:0:2, 4:1:0:0:1, 3:0:0:0:0, 5:0:0:0:0, 4:2:0:0:2, 5:2:0:0:2, 4:1:0:0:1, 5:1:0:0:1, 4:3:0:0:3, 5:4:0:0:4, 4:0:0:0:0, 1:0:0:0:0, 5:2:0:0:2, 3:3:0:0:3, 7:0:0:0:0, 5:3:0:0:3, 3:0:0:0:0, 2:0:0:0:0, 3:0:0:0:0, 1:0:0:0:0, 5:3:0:0:3, 5:2:0:0:2, 4:1:0:0:1, 2:0:0:0:0, 5:3:0:0:3, 7:5:0:0:5, 4:0:1:0:1, 2:0:0:0:0, 4:1:0:0:1, 3:1:0:0:1, 3:0:0:0:0, 0:0:0:0:0, 4:1:0:0:1, 3:1:0:0:1, 3:0:0:0:0, 5:0:0:0:0, 4:2:0:0:2, 6:2:0:0:2, 4:1:0:0:1, 5:1:0:0:1, 4:3:0:0:3, 6:3:0:0:3, 3:0:0:0:0, 1:0:0:0:0, 5:2:0:0:2, 4:2:0:0:2, 6:0:0:0:0, 5:3:0:0:3, 2:0:0:0:0, 5:2:0:0:2, 4:0:0:0:0, 4:1:0:0:1, 5:3:0:0:3, 5:3:0:0:3, 4:1:0:0:1, 2:0:0:0:0, 4:4:0:0:4, 7:5:0:0:5, 2:0:0:0:0, 1:0:0:0:0, 4:1:0:0:1, 3:1:0:0:1, 3:0:0:0:0, 1:0:0:0:0, 5:1:0:0:1, 3:1:0:0:1, 2:0:0:0:0, 1:0:0:0:0, 6:2:0:0:2, 6:2:0:0:2, 4:3:0:0:3, 1:0:0:0:0, 6:3:0:0:3, 5:4:0:0:4, 3:0:0:0:0, 0:0:0:0:0, 5:1:0:0:1, 5:2:0:0:2, 5:0:0:0:0, 5:2:0:0:2, 2:0:0:0:0, 5:2:0:0:2, 2:0:0:0:0, 2:0:0:0:0, 4:2:0:0:2, 6:4:0:0:4, 4:1:0:0:1, 1:0:0:0:0, 4:4:0:0:4, 6:8:0:0:8, 2:0:0:0:0, 0:0:0:0:0, 4:2:0:0:2, 3:1:0:0:1, 2:0:0:0:0, 2:0:0:0:0, 5:2:0:0:2, 5:2:0:0:2, 3:0:0:0:0, 3:0:0:0:0, 5:2:0:0:2, 7:4:0:0:4, 4:1:0:0:1, 3:0:0:0:0, 6:5:0:0:5, 5:5:0:0:5, 2:0:0:0:0, 1:0:0:0:0, 4:2:0:0:2, 4:4:0:0:4, 7:0:0:0:0, 5:3:0:0:3, 3:0:0:0:0, 5:2:0:0:2, 2:0:0:0:0, 2:0:0:0:0, 4:2:0:0:2, 5:4:0:0:4, 4:2:0:0:2,  , 6:3:0:0:3, 6:7:0:0:7, 2:0:0:0:0, 0:0:0:0:0, 5:3:0:0:3, 5:1:1:0:2, 2:0:0:0:0, 2:0:0:0:0, 5:3:0:0:3, 5:2:0:0:2, 4:3:0:0:3, 2:0:0:0:0, 5:3:0:0:3, 5:3:0:0:3, 4:1:0:0:1, 2:0:2:0:2, 7:3:0:0:3, 6:7:0:0:7, 4:1:0:0:1, 1:0:0:0:0, 5:3:0:0:3, 4:2:0:0:2, 5:0:0:0:0, 5:2:0:0:2, 4:0:0:0:0, 5:2:0:0:2, 2:0:0:0:0, 1:0:0:0:0, 4:2:0:0:2, 4:2:0:0:2, 4:1:0:0:1, 2:0:0:0:0, 4:3:0:0:3, 5:3:0:0:3, 2:0:0:0:0, 0:0:0:0:0, 4:3:0:0:3, 4:1:0:0:1, 2:0:0:0:0, 0:0:0:0:0, 4:1:0:0:1, 4:1:0:0:1, 3:0:0:0:0, 1:0:0:0:0, 5:3:0:0:3, 6:4:0:0:4, 5:2:0:0:2,  , 5:4:0:0:4, 5:6:0:0:6, 2:0:0:0:0, 0:0:0:0:0, 4:2:0:0:2, 5:3:0:0:3, 7:1:0:0:1, 5:3:0:0:3, 3:0:0:0:0, 5:2:0:0:2, 2:0:0:0:0, 5:1:0:0:1, 7:4:0:0:4, 5:4:0:0:4, 4:1:0:0:1, 2:0:0:0:0, 6:4:0:0:4, 6:6:0:0:6, 3:0:0:0:0, 2:0:1:0:1, 5:2:0:0:2, 5:1:0:0:1, 4:0:0:0:0, 4:0:0:0:0, 4:2:0:0:2, 4:1:0:0:1, 2:0:0:0:0, 2:0:0:0:0, 4:2:0:0:2, 4:2:0:0:2, 4:2:0:0:2, 3:0:0:0:0, 5:4:0:0:4, 4:3:0:0:3, 2:0:0:0:0, 0:0:0:0:0, 4:3:0:0:3, 4:2:0:0:2, 7:0:0:0:0, 5:2:0:0:2, 4:0:0:0:0, 5:2:0:0:2, 4:0:0:0:0, 3:0:0:0:0, 5:3:0:0:3, 6:4:0:0:4, 4:2:0:0:2, 4:0:0:0:0, 6:4:0:0:4, 6:8:0:0:8, 3:0:0:0:0, 2:0:0:0:0, 4:2:0:0:2, 4:2:0:0:2, 3:0:0:0:0, 3:0:0:0:0, 5:2:0:0:2, 6:2:0:0:2, 2:0:0:0:0, 3:0:0:0:0, 5:2:0:0:2, 6:4:0:0:4, 5:1:0:0:1, 1:0:0:0:0, 5:3:0:0:3, 7:5:0:0:5, 2:0:0:0:0, 2:0:0:0:0, 5:1:0:0:1, 6:3:0:0:3, 5:0:0:0:0, 5:2:0:0:2, 2:0:0:0:0, 5:2:0:0:2, 2:0:0:0:0, 2:0:0:0:0, 5:3:0:0:3, 5:2:0:0:2, 4:1:0:0:1, 3:0:0:0:0, 4:3:0:0:3, 5:5:0:0:5, 2:0:0:0:0, 0:0:0:0:0, 7:3:1:0:3, 6:2:0:0:2, 4:0:0:0:0, 1:0:0:0:0, 5:2:0:0:2, 5:1:0:0:1, 2:0:0:0:0, 5:0:0:0:0, 5:2:0:0:2, 6:5:0:0:5, 5:2:0:0:2, 4:2:0:0:2, 9:3:2:0:5, 5:7:0:0:7, 2:0:0:0:0, 3:0:0:0:0, 5:1:0:0:1, 3:2:0:0:2, 6:0:0:0:0, 5:2:0:0:2, 2:0:0:0:0, 5:2:0:0:2, 2:0:0:0:0, 1:0:0:0:0, 4:2:0:0:2, 5:3:0:0:3, 4:2:0:0:2, 0:0:0:0:0, 5:3:0:0:3, 4:3:0:0:3, 2:0:0:0:0, 0:0:0:0:0, 4:2:0:0:2, 3:1:0:0:1, 2:0:0:0:0, 0:0:0:0:0, 4:2:0:0:2, 5:1:0:0:1, 3:0:0:0:0, 0:0:0:0:0, 6:5:2:0:5, 4:2:0:0:2, 4:3:0:0:3,  , 8:6:0:0:6, 5:4:0:0:4, 2:0:0:0:0, 3:1:0:0:1, 5:1:0:0:1, 3:3:0:0:3, 5:0:0:0:0, 5:2:0:0:2, 2:0:0:0:0, 5:2:0:0:2, 3:0:0:0:0, 5:1:0:0:1, 5:2:0:0:2, 7:4:0:0:4, 4:1:0:0:1, 3:2:0:0:2, 6:4:1:0:5, 5:3:0:0:3, 2:0:0:0:0, 1:0:0:0:0, 4:3:0:0:3, 4:1:0:0:1, 3:0:0:0:0, 5:1:0:0:1, 5:1:0:0:1, 5:2:0:0:2, 3:0:0:0:0, 2:0:0:0:0, 4:2:0:0:2, 8:2:2:0:4, 5:6:0:0:6, 5:0:0:0:0, 4:3:0:0:3, 6:3:0:0:3, 3:0:0:0:0, 3:0:0:0:0, 4:4:0:0:4, 4:2:0:0:2, 8:0:0:0:0, 5:3:0:0:3, 4:1:0:0:1, 5:2:0:0:2, 1:0:0:0:0, 1:0:0:0:0, 1:0:0:0:0, 1:0:0:0:0, 1361:531:13:0:541
F minor (4b), 2:0:0:0:1, 3:0:0:0:4, 2:0:1:0:0, 0:0:0:0:0, 2:0:0:0:1, 2:0:0:0:3, 2:0:0:0:1, 0:0:0:0:0, 2:0:0:0:2, 2:0:0:0:3, 5:4:0:0:5, 2:0:0:0:1, 2:0:0:0:3, 2:0:0:0:3, 6:4:0:0:5, 4:0:0:0:1, 2:0:0:0:2, 3:0:0:0:4, 2:0:1:0:0, 0:0:0:0:0, 2:0:0:0:1, 2:0:0:0:3, 2:0:0:0:1, 0:0:0:0:0, 2:0:0:0:2, 2:0:0:0:3, 6:4:0:0:5, 2:0:0:0:1, 4:1:0:0:6, 8:4:0:0:7, 2:0:0:0:2, 3:0:0:0:2, 2:0:0:0:1, 3:0:0:0:5, 0:0:0:0:0, 0:0:0:0:0, 1:0:0:0:0, 1:0:0:0:0, 0:0:0:0:0, 0:0:0:0:0, 1:0:0:0:0, 4:0:0:0:2, 6:3:0:0:4, 1:0:0:0:0, 2:0:0:0:2, 3:0:0:0:2, 4:3:0:0:4, 2:0:0:0:1, 1:0:0:0:1, 3:0:0:0:5, 2:0:1:0:0, 0:0:0:0:0, 1:0:0:0:0, 2:0:0:0:3, 2:0:0:0:1, 0:0:0:0:0, 2:0:0:0:2, 2:0:0:0:3, 6:4:0:0:5, 2:0:0:0:1, 5:1:0:0:6, 7:3:0:0:7, 2:0:0:0:1, 2:0:0:0:2, 3:0:0:0:2, 3:0:0:0:5, 1:0:0:0:2, 0:0:0:0:0, 1:0:0:0:0, 2:0:0:0:1, 1:0:0:0:2, 0:0:0:0:0, 1:0:0:0:1, 2:0:0:0:4, 5:3:0:0:5, 1:0:0:0:0, 2:0:0:0:2, 3:0:0:0:2, 6:3:0:0:5, 1:0:0:0:0, 1:0:0:0:1, 2:0:0:0:2, 2:0:0:0:1, 3:0:0:0:4, 4:0:0:0:1, 2:0:0:0:0, 1:0:0:0:2, 1:0:0:0:2, 0:0:0:0:0, 3:0:0:0:2, 4:3:0:0:4, 3:0:0:0:1, 5:3:1:0:7, 6:3:0:0:5, 2:0:0:0:1, 2:0:0:0:2, 2:0:0:0:1, 2:0:0:0:2, 1:0:0:0:1, 0:0:0:0:0, 3:0:0:0:1, 1:0:0:0:0, 0:0:0:0:0, 0:0:0:0:0, 0:0:0:0:0, 2:0:0:0:4, 4:3:0:0:5, 1:0:0:0:0, 1:0:0:0:3, 2:0:0:0:3, 6:3:0:0:5, 1:0:0:0:0, 3:0:0:0:4, 2:0:0:0:4, 2:0:0:0:3, 0:0:0:0:0, 1:0:0:0:0, 1:0:0:0:0, 2:1:0:0:2, 2:0:0:0:0, 1:0:0:0:1, 2:0:0:0:5, 5:3:0:0:5, 1:0:0:0:0, 5:1:0:0:5, 9:3:0:0:7, 3:0:0:0:3, 2:0:0:0:6, 2:0:0:0:2, 2:0:0:0:4, 1:0:0:0:2, 1:0:0:0:1, 1:0:0:0:0, 1:0:0:0:0,  , 0:0:0:0:0, 0:0:0:0:0, 2:0:0:0:3, 4:3:0:0:4, 2:0:0:0:2, 3:0:0:0:3, 2:0:0:0:6, 5:4:0:0:5, 2:0:0:0:2, 2:0:0:0:2, 4:1:0:0:5, 2:0:0:0:3, 0:0:0:0:0, 1:0:0:0:0, 1:0:0:0:0, 0:0:0:0:0, 2:0:0:0:2, 0:0:0:0:0, 3:1:0:0:4, 5:3:0:0:5, 2:0:0:0:2, 4:1:0:0:6, 6:3:0:0:5, 2:0:0:0:1, 2:0:0:0:4, 2:0:0:0:1, 2:0:0:0:3, 1:0:0:0:2, 0:0:0:0:0, 1:0:0:0:0, 1:0:0:0:0, 1:0:0:0:0, 0:0:0:0:0, 0:0:0:0:0, 2:0:0:0:3, 4:3:0:0:5, 1:0:0:0:0, 1:0:0:0:3, 2:0:0:0:4, 4:4:0:0:5, 1:0:0:0:0, 1:0:0:0:3, 2:0:0:0:3, 1:0:0:0:1, 0:0:0:0:0, 1:0:0:0:0, 1:0:0:0:0,  , 0:0:0:0:0, 0:0:0:0:0, 2:0:0:0:4, 4:4:0:0:5, 2:0:0:0:1, 4:2:0:0:8, 9:3:0:0:8, 3:0:0:0:4, 2:0:0:0:4, 2:0:0:0:1, 2:0:0:0:2, 3:0:0:0:2, 1:0:0:0:0, 1:0:0:0:0, 1:0:0:0:0, 2:1:0:0:2, 0:0:0:0:0, 0:0:0:0:0, 4:1:0:0:9, 6:4:0:0:5, 2:0:0:0:1, 2:0:0:0:3, 3:0:0:0:3, 9:3:0:0:6, 2:0:0:0:1, 1:0:0:0:3, 2:0:0:0:2, 0:0:0:0:0, 0:0:0:0:0, 1:0:0:0:0, 1:0:0:0:0, 1:0:0:0:0, 1:0:0:0:1, 0:0:0:0:0, 2:0:0:0:5, 4:3:0:0:6, 1:0:0:0:0, 4:2:0:0:7, 9:3:0:0:6, 2:0:0:0:1, 3:0:0:0:3, 2:0:0:0:1, 3:0:0:0:4, 2:0:0:0:1, 0:0:0:0:0, 3:0:0:0:1, 1:0:0:0:0, 1:0:0:0:0, 0:0:0:0:0, 0:0:0:0:0, 2:0:0:0:5, 5:4:0:0:5, 2:0:0:0:1, 3:0:0:0:4, 3:0:0:0:5, 7:4:0:0:7, 3:0:0:0:2, 2:0:0:0:4, 2:0:0:0:2, 0:0:0:0:0, 0:0:0:0:0, 2:0:0:0:0, 1:0:0:0:0, 0:0:0:0:0, 0:0:0:0:0, 0:0:0:0:0, 2:0:0:0:4, 6:4:0:0:7, 3:0:0:0:2, 4:1:0:0:6, 7:3:0:0:6, 2:0:0:0:1, 2:0:0:0:2, 3:0:0:0:3, 2:0:0:0:2, 0:0:0:0:0, 1:0:0:0:0, 1:0:0:0:0, 2:0:0:0:1, 1:0:0:0:0, 0:0:0:0:0, 0:0:0:0:0, 2:0:0:0:3, 5:3:0:0:5, 4:0:1:0:1, 2:1:0:0:5, 3:0:0:0:2, 5:4:0:0:8, 3:1:0:0:3, 2:0:0:0:4, 2:0:0:0:3, 3:0:0:0:2, 0:0:0:0:0, 1:0:0:0:0, 3:0:0:0:3, 2:0:0:0:1, 2:0:0:0:0, 0:0:0:0:0, 2:0:0:0:3, 8:3:0:0:8, 3:1:0:0:2, 4:1:0:0:4, 7:4:0:0:6, 2:0:0:0:2, 2:0:0:0:2, 2:0:0:0:1, 2:0:0:0:2, 0:0:0:0:0, 0:0:0:0:0, 1:0:0:0:0, 1:0:0:0:0, 0:0:0:0:0, 0:0:0:0:0, 0:0:0:0:0, 2:0:0:0:3, 4:3:0:0:4, 1:0:0:0:0, 2:0:0:0:2, 2:0:0:0:4, 4:3:0:0:5, 1:0:0:0:0, 2:1:0:0:5, 3:0:0:0:4, 1:0:0:0:1, 2:0:2:0:0, 1:0:0:0:0, 2:0:0:0:1,  , 2:0:0:0:1, 0:0:0:0:0, 2:0:0:0:3, 9:3:0:0:7, 2:0:0:0:1, 4:2:0:0:6, 6:3:0:0:5, 2:0:0:0:3, 2:0:0:0:2, 2:0:0:0:1, 2:0:0:0:4, 3:0:0:0:2, 0:0:0:0:0, 1:0:0:0:0, 1:0:0:0:0, 1:0:0:0:2, 0:0:0:0:0, 0:0:0:0:0, 2:0:0:0:4, 6:3:0:0:6, 2:0:0:0:1, 2:0:0:0:3, 2:0:0:0:4, 9:4:0:0:8, 1:0:0:0:0, 3:0:0:0:4, 2:0:0:0:6, 0:0:0:0:0, 0:0:0:0:0, 2:0:0:0:0, 1:0:0:0:0, 1:0:0:0:0, 0:0:0:0:0, 1:0:0:0:1, 3:0:0:0:4, 6:3:0:0:5, 1:0:0:0:0, 4:1:0:0:5, 10:3:0:0:6, 3:0:0:0:4, 2:0:0:0:5, 3:0:0:0:1, 0:0:0:0:0, 0:0:0:0:0, 0:0:0:0:0, 0:0:0:0:0, 765:172:7:0:754
C# minor (4#), 2:0:0:0:0, 3:0:0:0:0, 5:0:0:0:0, 4:2:0:0:2, 5:2:0:0:2, 4:1:0:0:1, 5:1:0:0:1, 4:3:0:0:3, 5:4:0:0:4, 4:0:0:0:0, 1:0:0:0:0, 5:2:0:0:2, 3:2:0:0:2, 4:0:0:0:0, 1:0:0:0:0, 5:2:0:0:2, 4:1:0:0:1, 3:0:0:0:0, 5:0:0:0:0, 4:2:0:0:2, 5:2:0:0:2, 4:1:0:0:1, 5:1:0:0:1, 4:3:0:0:3, 5:4:0:0:4, 4:0:0:0:0, 1:0:0:0:0, 5:2:0:0:2, 3:3:0:0:3, 7:0:0:0:0, 5:3:0:0:3, 3:0:0:0:0, 2:0:0:0:0, 3:0:0:0:0, 1:0:0:0:0, 5:3:0:0:3, 5:2:0:0:2, 4:1:0:0:1, 2:0:0:0:0, 5:3:0:0:3, 7:5:0:0:5, 4:0:1:0:1, 2:0:0:0:0, 4:1:0:0:1, 3:1:0:0:1, 3:0:0:0:0, 0:0:0:0:0, 4:1:0:0:1, 3:1:0:0:1, 3:0:0:0:0, 5:0:0:0:0, 4:2:0:0:2, 6:2:0:0:2, 4:1:0:0:1, 5:1:0:0:1, 4:3:0:0:3, 6:3:0:0:3, 3:0:0:0:0, 1:0:0:0:0, 5:2:0:0:2, 4:2:0:0:2, 6:0:0:0:0, 5:3:0:0:3, 2:0:0:0:0, 5:2:0:0:2, 4:0:0:0:0, 4:1:0:0:1, 5:3:0:0:3, 5:3:0:0:3, 4:1:0:0:1, 2:0:0:0:0, 4:4:0:0:4, 7:5:0:0:5, 2:0:0:0:0, 1:0:0:0:0, 4:1:0:0:1, 3:1:0:0:1, 3:0:0:0:0, 1:0:0:0:0, 5:1:0:0:1, 3:1:0:0:1, 2:0:0:0:0, 1:0:0:0:0, 6:2:0:0:2, 6:2:0:0:2, 4:3:0:0:3, 1:0:0:0:0, 6:3:0:0:3, 5:4:0:0:4, 3:0:0:0:0, 0:0:0:0:0, 5:1:0:0:1, 5:2:0:0:2, 5:0:0:0:0, 5:2:0:0:2, 2:0:0:0:0, 5:2:0:0:2, 2:0:0:0:0, 2:0:0:0:0, 4:2:0:0:2, 6:4:0:0:4, 4:1:0:0:1, 1:0:0:0:0, 4:4:0:0:4, 6:8:0:0:8, 2:0:0:0:0, 0:0:0:0:0, 4:2:0:0:2, 3:1:0:0:1, 2:0:0:0:0, 2:0:0:0:0, 5:2:0:0:2, 5:2:0:0:2, 3:0:0:0:0, 3:0:0:0:0, 5:2:0:0:2, 7:4:0:0:4, 4:1:0:0:1, 3:0:0:0:0, 6:5:0:0:5, 5:5:0:0:5, 2:0:0:0:0, 1:0:0:0:0, 4:2:0:0:2, 4:4:0:0:4, 7:0:0:0:0, 5:3:0:0:3, 3:0:0:0:0, 5:2:0:0:2, 2:0:0:0:0, 2:0:0:0:0, 4:2:0:0:2, 5:4:0:0:4, 4:2:0:0:2,  , 6:3:0:0:3, 6:7:0:0:7, 2:0:0:0:0, 0:0:0:0:0, 5:3:0:0:3, 5:1:1:0:2, 2:0:0:0:0, 2:0:0:0:0, 5:3:0:0:3, 5:2:0:0:2, 4:3:0:0:3, 2:0:0:0:0, 5:3:0:0:3, 5:3:0:0:3, 4:1:0:0:1, 2:0:2:0:2, 7:3:0:0:3, 6:7:0:0:7, 4:1:0:0:1, 1:0:0:0:0, 5:3:0:0:3, 4:2:0:0:2, 5:0:0:0:0, 5:2:0:0:2, 4:0:0:0:0, 5:2:0:0:2, 2:0:0:0:0, 1:0:0:0:0, 4:2:0:0:2, 4:2:0:0:2, 4:1:0:0:1, 2:0:0:0:0, 4:3:0:0:3, 5:3:0:0:3, 2:0:0:0:0, 0:0:0:0:0, 4:3:0:0:3, 4:1:0:0:1, 2:0:0:0:0, 0:0:0:0:0, 4:1:0:0:1, 4:1:0:0:1, 3:0:0:0:0, 1:0:0:0:0, 5:3:0:0:3, 6:4:0:0:4, 5:2:0:0:2,  , 5:4:0:0:4, 5:6:0:0:6, 2:0:0:0:0, 0:0:0:0:0, 4:2:0:0:2, 5:3:0:0:3, 7:1:0:0:1, 5:3:0:0:3, 3:0:0:0:0, 5:2:0:0:2, 2:0:0:0:0, 5:1:0:0:1, 7:4:0:0:4, 5:4:0:0:4, 4:1:0:0:1, 2:0:0:0:0, 6:4:0:0:4, 6:6:0:0:6, 3:0:0:0:0, 2:0:1:0:1, 5:2:0:0:2, 5:1:0:0:1, 4:0:0:0:0, 4:0:0:0:0, 4:2:0:0:2, 4:1:0:0:1, 2:0:0:0:0, 2:0:0:0:0, 4:2:0:0:2, 4:2:0:0:2, 4:2:0:0:2, 3:0:0:0:0, 5:4:0:0:4, 4:3:0:0:3, 2:0:0:0:0, 0:0:0:0:0, 4:3:0:0:3, 4:2:0:0:2, 7:0:0:0:0, 5:2:0:0:2, 4:0:0:0:0, 5:2:0:0:2, 4:0:0:0:0, 3:0:0:0:0, 5:3:0:0:3, 6:4:0:0:4, 4:2:0:0:2, 4:0:0:0:0, 6:4:0:0:4, 6:8:0:0:8, 3:0:0:0:0, 2:0:0:0:0, 4:2:0:0:2, 4:2:0:0:2, 3:0:0:0:0, 3:0:0:0:0, 5:2:0:0:2, 6:2:0:0:2, 2:0:0:0:0, 3:0:0:0:0, 5:2:0:0:2, 6:4:0:0:4, 5:1:0:0:1, 1:0:0:0:0, 5:3:0:0:3, 7:5:0:0:5, 2:0:0:0:0, 2:0:0:0:0, 5:1:0:0:1, 6:3:0:0:3, 5:0:0:0:0, 5:2:0:0:2, 2:0:0:0:0, 5:2:0:0:2, 2:0:0:0:0, 2:0:0:0:0, 5:3:0:0:3, 5:2:0:0:2, 4:1:0:0:1, 3:0:0:0:0, 4:3:0:0:3, 5:5:0:0:5, 2:0:0:0:0, 0:0:0:0:0, 7:3:1:0:3, 6:2:0:0:2, 4:0:0:0:0, 1:0:0:0:0, 5:2:0:0:2, 5:1:0:0:1, 2:0:0:0:0, 5:0:0:0:0, 5:2:0:0:2, 6:5:0:0:5, 5:2:0:0:2, 4:2:0:0:2, 9:3:2:0:5, 5:7:0:0:7, 2:0:0:0:0, 3:0:0:0:0, 5:1:0:0:1, 3:2:0:0:2, 6:0:0:0:0, 5:2:0:0:2, 2:0:0:0:0, 5:2:0:0:2, 2:0:0:0:0, 1:0:0:0:0, 4:2:0:0:2, 5:3:0:0:3, 4:2:0:0:2, 0:0:0:0:0, 5:3:0:0:3, 4:3:0:0:3, 2:0:0:0:0, 0:0:0:0:0, 4:2:0:0:2, 3:1:0:0:1, 2:0:0:0:0, 0:0:0:0:0, 4:2:0:0:2, 5:1:0:0:1, 3:0:0:0:0, 0:0:0:0:0, 6:5:2:0:5, 4:2:0:0:2, 4:3:0:0:3,  , 8:6:0:0:6, 5:4:0:0:4, 2:0:0:0:0, 3:1:0:0:1, 5:1:0:0:1, 3:3:0:0:3, 5:0:0:0:0, 5:2:0:0:2, 2:0:0:0:0, 5:2:0:0:2, 3:0:0:0:0, 5:1:0:0:1, 5:2:0:0:2, 7:4:0:0:4, 4:1:0:0:1, 3:2:0:0:2, 6:4:1:0:5, 5:3:0:0:3, 2:0:0:0:0, 1:0:0:0:0, 4:3:0:0:3, 4:1:0:0:1, 3:0:0:0:0, 5:1:0:0:1, 5:1:0:0:1, 5:2:0:0:2, 3:0:0:0:0, 2:0:0:0:0, 4:2:0:0:2, 8:2:2:0:4, 5:6:0:0:6, 5:0:0:0:0, 4:3:0:0:3, 6:3:0:0:3, 3:0:0:0:0, 3:0:0:0:0, 4:4:0:0:4, 4:2:0:0:2, 8:0:0:0:0, 5:3:0:0:3, 4:1:0:0:1, 5:2:0:0:2, 1:0:0:0:0, 1:0:0:0:0, 1:0:0:0:0, 1:0:0:0:0, 1361:531:13:0:541
F minor mel (4b), 2:0:0:0:1, 3:0:0:0:4, 2:0:1:0:0, 0:0:0:0:0, 2:0:0:0:1, 2:0:0:0:3, 2:0:0:0:1, 0:0:0:0:0, 2:0:0:0:2, 2:0:0:0:3, 5:4:0:0:5, 2:0:0:0:1, 2:0:0:0:3, 2:0:0:0:3, 6:4:0:0:5, 4:0:0:0:1, 2:0:0:0:2, 3:0:0:0:4, 2:0:1:0:0, 0:0:0:0:0, 2:0:0:0:1, 2:0:0:0:3, 2:0:0:0:1, 0:0:0:0:0, 2:0:0:0:2, 2:0:0:0:3, 6:4:0:0:5, 2:0:0:0:1, 4:1:0:0:6, 8:4:0:0:7, 2:0:0:0:2, 3:0:0:0:2, 2:0:0:0:1, 3:0:0:0:5, 0:0:0:0:0, 0:0:0:0:0, 1:0:0:0:0, 1:0:0:0:0, 0:0:0:0:0, 0:0:0:0:0, 1:0:0:0:0, 4:0:0:0:2, 6:3:0:0:4, 1:0:0:0:0, 2:0:0:0:2, 3:0:0:0:2, 4:3:0:0:4, 2:0:0:0:1, 1:0:0:0:1, 3:0:0:0:5, 2:0:1:0:0, 0:0:0:0:0, 1:0:0:0:0, 2:0:0:0:3, 2:0:0:0:1, 0:0:0:0:0, 2:0:0:0:2, 2:0:0:0:3, 6:4:0:0:5, 2:0:0:0:1, 5:1:0:0:6, 7:3:0:0:7, 2:0:0:0:1, 2:0:0:0:2, 3:0:0:0:2, 3:0:0:0:5, 1:0:0:0:2, 0:0:0:0:0, 1:0:0:0:0, 2:0:0:0:1, 1:0:0:0:2, 0:0:0:0:0, 1:0:0:0:1, 2:0:0:0:4, 5:3:0:0:5, 1:0:0:0:0, 2:0:0:0:2, 3:0:0:0:2, 6:3:0:0:5, 1:0:0:0:0, 1:0:0:0:1, 2:0:0:0:2, 2:0:0:0:1, 3:0:0:0:4, 4:0:0:0:1, 2:0:0:0:0, 1:0:0:0:2, 1:0:0:0:2, 0:0:0:0:0, 3:0:0:0:2, 4:3:0:0:4, 3:0:0:0:1, 5:3:1:0:7, 6:3:0:0:5, 2:0:0:0:1, 2:0:0:0:2, 2:0:0:0:1, 2:0:0:0:2, 1:0:0:0:1, 0:0:0:0:0, 3:0:0:0:1, 1:0:0:0:0, 0:0:0:0:0, 0:0:0:0:0, 0:0:0:0:0, 2:0:0:0:4, 4:3:0:0:5, 1:0:0:0:0, 1:0:0:0:3, 2:0:0:0:3, 6:3:0:0:5, 1:0:0:0:0, 3:0:0:0:4, 2:0:0:0:4, 2:0:0:0:3, 0:0:0:0:0, 1:0:0:0:0, 1:0:0:0:0, 2:1:0:0:2, 2:0:0:0:0, 1:0:0:0:1, 2:0:0:0:5, 5:3:0:0:5, 1:0:0:0:0, 5:1:0:0:5, 9:3:0:0:7, 3:0:0:0:3, 2:0:0:0:6, 2:0:0:0:2, 2:0:0:0:4, 1:0:0:0:2, 1:0:0:0:1, 1:0:0:0:0, 1:0:0:0:0,  , 0:0:0:0:0, 0:0:0:0:0, 2:0:0:0:3, 4:3:0:0:4, 2:0:0:0:2, 3:0:0:0:3, 2:0:0:0:6, 5:4:0:0:5, 2:0:0:0:2, 2:0:0:0:2, 4:1:0:0:5, 2:0:0:0:3, 0:0:0:0:0, 1:0:0:0:0, 1:0:0:0:0, 0:0:0:0:0, 2:0:0:0:2, 0:0:0:0:0, 3:1:0:0:4, 5:3:0:0:5, 2:0:0:0:2, 4:1:0:0:6, 6:3:0:0:5, 2:0:0:0:1, 2:0:0:0:4, 2:0:0:0:1, 2:0:0:0:3, 1:0:0:0:2, 0:0:0:0:0, 1:0:0:0:0, 1:0:0:0:0, 1:0:0:0:0, 0:0:0:0:0, 0:0:0:0:0, 2:0:0:0:3, 4:3:0:0:5, 1:0:0:0:0, 1:0:0:0:3, 2:0:0:0:4, 4:4:0:0:5, 1:0:0:0:0, 1:0:0:0:3, 2:0:0:0:3, 1:0:0:0:1, 0:0:0:0:0, 1:0:0:0:0, 1:0:0:0:0,  , 0:0:0:0:0, 0:0:0:0:0, 2:0:0:0:4, 4:4:0:0:5, 2:0:0:0:1, 4:2:0:0:8, 9:3:0:0:8, 3:0:0:0:4, 2:0:0:0:4, 2:0:0:0:1, 2:0:0:0:2, 3:0:0:0:2, 1:0:0:0:0, 1:0:0:0:0, 1:0:0:0:0, 2:1:0:0:2, 0:0:0:0:0, 0:0:0:0:0, 4:1:0:0:9, 6:4:0:0:5, 2:0:0:0:1, 2:0:0:0:3, 3:0:0:0:3, 9:3:0:0:6, 2:0:0:0:1, 1:0:0:0:3, 2:0:0:0:2, 0:0:0:0:0, 0:0:0:0:0, 1:0:0:0:0, 1:0:0:0:0, 1:0:0:0:0, 1:0:0:0:1, 0:0:0:0:0, 2:0:0:0:5, 4:3:0:0:6, 1:0:0:0:0, 4:2:0:0:7, 9:3:0:0:6, 2:0:0:0:1, 3:0:0:0:3, 2:0:0:0:1, 3:0:0:0:4, 2:0:0:0:1, 0:0:0:0:0, 3:0:0:0:1, 1:0:0:0:0, 1:0:0:0:0, 0:0:0:0:0, 0:0:0:0:0, 2:0:0:0:5, 5:4:0:0:5, 2:0:0:0:1, 3:0:0:0:4, 3:0:0:0:5, 7:4:0:0:7, 3:0:0:0:2, 2:0:0:0:4, 2:0:0:0:2, 0:0:0:0:0, 0:0:0:0:0, 2:0:0:0:0, 1:0:0:0:0, 0:0:0:0:0, 0:0:0:0:0, 0:0:0:0:0, 2:0:0:0:4, 6:4:0:0:7, 3:0:0:0:2, 4:1:0:0:6, 7:3:0:0:6, 2:0:0:0:1, 2:0:0:0:2, 3:0:0:0:3, 2:0:0:0:2, 0:0:0:0:0, 1:0:0:0:0, 1:0:0:0:0, 2:0:0:0:1, 1:0:0:0:0, 0:0:0:0:0, 0:0:0:0:0, 2:0:0:0:3, 5:3:0:0:5, 4:0:1:0:1, 2:1:0:0:5, 3:0:0:0:2, 5:4:0:0:8, 3:1:0:0:3, 2:0:0:0:4, 2:0:0:0:3, 3:0:0:0:2, 0:0:0:0:0, 1:0:0:0:0, 3:0:0:0:3, 2:0:0:0:1, 2:0:0:0:0, 0:0:0:0:0, 2:0:0:0:3, 8:3:0:0:8, 3:1:0:0:2, 4:1:0:0:4, 7:4:0:0:6, 2:0:0:0:2, 2:0:0:0:2, 2:0:0:0:1, 2:0:0:0:2, 0:0:0:0:0, 0:0:0:0:0, 1:0:0:0:0, 1:0:0:0:0, 0:0:0:0:0, 0:0:0:0:0, 0:0:0:0:0, 2:0:0:0:3, 4:3:0:0:4, 1:0:0:0:0, 2:0:0:0:2, 2:0:0:0:4, 4:3:0:0:5, 1:0:0:0:0, 2:1:0:0:5, 3:0:0:0:4, 1:0:0:0:1, 2:0:2:0:0, 1:0:0:0:0, 2:0:0:0:1,  , 2:0:0:0:1, 0:0:0:0:0, 2:0:0:0:3, 9:3:0:0:7, 2:0:0:0:1, 4:2:0:0:6, 6:3:0:0:5, 2:0:0:0:3, 2:0:0:0:2, 2:0:0:0:1, 2:0:0:0:4, 3:0:0:0:2, 0:0:0:0:0, 1:0:0:0:0, 1:0:0:0:0, 1:0:0:0:2, 0:0:0:0:0, 0:0:0:0:0, 2:0:0:0:4, 6:3:0:0:6, 2:0:0:0:1, 2:0:0:0:3, 2:0:0:0:4, 9:4:0:0:8, 1:0:0:0:0, 3:0:0:0:4, 2:0:0:0:6, 0:0:0:0:0, 0:0:0:0:0, 2:0:0:0:0, 1:0:0:0:0, 1:0:0:0:0, 0:0:0:0:0, 1:0:0:0:1, 3:0:0:0:4, 6:3:0:0:5, 1:0:0:0:0, 4:1:0:0:5, 10:3:0:0:6, 3:0:0:0:4, 2:0:0:0:5, 3:0:0:0:1, 0:0:0:0:0, 0:0:0:0:0, 0:0:0:0:0, 0:0:0:0:0, 765:172:7:0:754
C# minor mel (4#), 2:0:0:0:0, 3:0:0:0:0, 5:0:0:0:0, 4:2:0:0:2, 5:2:0:0:2, 4:1:0:0:1, 5:1:0:0:1, 4:3:0:0:3, 5:4:0:0:4, 4:0:0:0:0, 1:0:0:0:0, 5:2:0:0:2, 3:2:0:0:2, 4:0:0:0:0, 1:0:0:0:0, 5:2:0:0:2, 4:1:0:0:1, 3:0:0:0:0, 5:0:0:0:0, 4:2:0:0:2, 5:2:0:0:2, 4:1:0:0:1, 5:1:0:0:1, 4:3:0:0:3, 5:4:0:0:4, 4:0:0:0:0, 1:0:0:0:0, 5:2:0:0:2, 3:3:0:0:3, 7:0:0:0:0, 5:3:0:0:3, 3:0:0:0:0, 2:0:0:0:0, 3:0:0:0:0, 1:0:0:0:0, 5:3:0:0:3, 5:2:0:0:2, 4:1:0:0:1, 2:0:0:0:0, 5:3:0:0:3, 7:5:0:0:5, 4:0:1:0:1, 2:0:0:0:0, 4:1:0:0:1, 3:1:0:0:1, 3:0:0:0:0, 0:0:0:0:0, 4:1:0:0:1, 3:1:0:0:1, 3:0:0:0:0, 5:0:0:0:0, 4:2:0:0:2, 6:2:0:0:2, 4:1:0:0:1, 5:1:0:0:1, 4:3:0:0:3, 6:3:0:0:3, 3:0:0:0:0, 1:0:0:0:0, 5:2:0:0:2, 4:2:0:0:2, 6:0:0:0:0, 5:3:0:0:3, 2:0:0:0:0, 5:2:0:0:2, 4:0:0:0:0, 4:1:0:0:1, 5:3:0:0:3, 5:3:0:0:3, 4:1:0:0:1, 2:0:0:0:0, 4:4:0:0:4, 7:5:0:0:5, 2:0:0:0:0, 1:0:0:0:0, 4:1:0:0:1, 3:1:0:0:1, 3:0:0:0:0, 1:0:0:0:0, 5:1:0:0:1, 3:1:0:0:1, 2:0:0:0:0, 1:0:0:0:0, 6:2:0:0:2, 6:2:0:0:2, 4:3:0:0:3, 1:0:0:0:0, 6:3:0:0:3, 5:4:0:0:4, 3:0:0:0:0, 0:0:0:0:0, 5:1:0:0:1, 5:2:0:0:2, 5:0:0:0:0, 5:2:0:0:2, 2:0:0:0:0, 5:2:0:0:2, 2:0:0:0:0, 2:0:0:0:0, 4:2:0:0:2, 6:4:0:0:4, 4:1:0:0:1, 1:0:0:0:0, 4:4:0:0:4, 6:8:0:0:8, 2:0:0:0:0, 0:0:0:0:0, 4:2:0:0:2, 3:1:0:0:1, 2:0:0:0:0, 2:0:0:0:0, 5:2:0:0:2, 5:2:0:0:2, 3:0:0:0:0, 3:0:0:0:0, 5:2:0:0:2, 7:4:0:0:4, 4:1:0:0:1, 3:0:0:0:0, 6:5:0:0:5, 5:5:0:0:5, 2:0:0:0:0, 1:0:0:0:0, 4:2:0:0:2, 4:4:0:0:4, 7:0:0:0:0, 5:3:0:0:3, 3:0:0:0:0, 5:2:0:0:2, 2:0:0:0:0, 2:0:0:0:0, 4:2:0:0:2, 5:4:0:0:4, 4:2:0:0:2,  , 6:3:0:0:3, 6:7:0:0:7, 2:0:0:0:0, 0:0:0:0:0, 5:3:0:0:3, 5:1:1:0:2, 2:0:0:0:0, 2:0:0:0:0, 5:3:0:0:3, 5:2:0:0:2, 4:3:0:0:3, 2:0:0:0:0, 5:3:0:0:3, 5:3:0:0:3, 4:1:0:0:1, 2:0:2:0:2, 7:3:0:0:3, 6:7:0:0:7, 4:1:0:0:1, 1:0:0:0:0, 5:3:0:0:3, 4:2:0:0:2, 5:0:0:0:0, 5:2:0:0:2, 4:0:0:0:0, 5:2:0:0:2, 2:0:0:0:0, 1:0:0:0:0, 4:2:0:0:2, 4:2:0:0:2, 4:1:0:0:1, 2:0:0:0:0, 4:3:0:0:3, 5:3:0:0:3, 2:0:0:0:0, 0:0:0:0:0, 4:3:0:0:3, 4:1:0:0:1, 2:0:0:0:0, 0:0:0:0:0, 4:1:0:0:1, 4:1:0:0:1, 3:0:0:0:0, 1:0:0:0:0, 5:3:0:0:3, 6:4:0:0:4, 5:2:0:0:2,  , 5:4:0:0:4, 5:6:0:0:6, 2:0:0:0:0, 0:0:0:0:0, 4:2:0:0:2, 5:3:0:0:3, 7:1:0:0:1, 5:3:0:0:3, 3:0:0:0:0, 5:2:0:0:2, 2:0:0:0:0, 5:1:0:0:1, 7:4:0:0:4, 5:4:0:0:4, 4:1:0:0:1, 2:0:0:0:0, 6:4:0:0:4, 6:6:0:0:6, 3:0:0:0:0, 2:0:1:0:1, 5:2:0:0:2, 5:1:0:0:1, 4:0:0:0:0, 4:0:0:0:0, 4:2:0:0:2, 4:1:0:0:1, 2:0:0:0:0, 2:0:0:0:0, 4:2:0:0:2, 4:2:0:0:2, 4:2:0:0:2, 3:0:0:0:0, 5:4:0:0:4, 4:3:0:0:3, 2:0:0:0:0, 0:0:0:0:0, 4:3:0:0:3, 4:2:0:0:2, 7:0:0:0:0, 5:2:0:0:2, 4:0:0:0:0, 5:2:0:0:2, 4:0:0:0:0, 3:0:0:0:0, 5:3:0:0:3, 6:4:0:0:4, 4:2:0:0:2, 4:0:0:0:0, 6:4:0:0:4, 6:8:0:0:8, 3:0:0:0:0, 2:0:0:0:0, 4:2:0:0:2, 4:2:0:0:2, 3:0:0:0:0, 3:0:0:0:0, 5:2:0:0:2, 6:2:0:0:2, 2:0:0:0:0, 3:0:0:0:0, 5:2:0:0:2, 6:4:0:0:4, 5:1:0:0:1, 1:0:0:0:0, 5:3:0:0:3, 7:5:0:0:5, 2:0:0:0:0, 2:0:0:0:0, 5:1:0:0:1, 6:3:0:0:3, 5:0:0:0:0, 5:2:0:0:2, 2:0:0:0:0, 5:2:0:0:2, 2:0:0:0:0, 2:0:0:0:0, 5:3:0:0:3, 5:2:0:0:2, 4:1:0:0:1, 3:0:0:0:0, 4:3:0:0:3, 5:5:0:0:5, 2:0:0:0:0, 0:0:0:0:0, 7:3:1:0:3, 6:2:0:0:2, 4:0:0:0:0, 1:0:0:0:0, 5:2:0:0:2, 5:1:0:0:1, 2:0:0:0:0, 5:0:0:0:0, 5:2:0:0:2, 6:5:0:0:5, 5:2:0:0:2, 4:2:0:0:2, 9:3:2:0:5, 5:7:0:0:7, 2:0:0:0:0, 3:0:0:0:0, 5:1:0:0:1, 3:2:0:0:2, 6:0:0:0:0, 5:2:0:0:2, 2:0:0:0:0, 5:2:0:0:2, 2:0:0:0:0, 1:0:0:0:0, 4:2:0:0:2, 5:3:0:0:3, 4:2:0:0:2, 0:0:0:0:0, 5:3:0:0:3, 4:3:0:0:3, 2:0:0:0:0, 0:0:0:0:0, 4:2:0:0:2, 3:1:0:0:1, 2:0:0:0:0, 0:0:0:0:0, 4:2:0:0:2, 5:1:0:0:1, 3:0:0:0:0, 0:0:0:0:0, 6:5:2:0:5, 4:2:0:0:2, 4:3:0:0:3,  , 8:6:0:0:6, 5:4:0:0:4, 2:0:0:0:0, 3:1:0:0:1, 5:1:0:0:1, 3:3:0:0:3, 5:0:0:0:0, 5:2:0:0:2, 2:0:0:0:0, 5:2:0:0:2, 3:0:0:0:0, 5:1:0:0:1, 5:2:0:0:2, 7:4:0:0:4, 4:1:0:0:1, 3:2:0:0:2, 6:4:1:0:5, 5:3:0:0:3, 2:0:0:0:0, 1:0:0:0:0, 4:3:0:0:3, 4:1:0:0:1, 3:0:0:0:0, 5:1:0:0:1, 5:1:0:0:1, 5:2:0:0:2, 3:0:0:0:0, 2:0:0:0:0, 4:2:0:0:2, 8:2:2:0:4, 5:6:0:0:6, 5:0:0:0:0, 4:3:0:0:3, 6:3:0:0:3, 3:0:0:0:0, 3:0:0:0:0, 4:4:0:0:4, 4:2:0:0:2, 8:0:0:0:0, 5:3:0:0:3, 4:1:0:0:1, 5:2:0:0:2, 1:0:0:0:0, 1:0:0:0:0, 1:0:0:0:0, 1:0:0:0:0, 1361:531:13:0:541
Ab major blues (4b), 2:0:0:0:1, 3:0:0:0:4, 2:0:1:0:0, 0:0:0:0:0, 2:0:0:0:1, 2:0:0:0:3, 2:0:0:0:1, 0:0:0:0:0, 2:0:0:0:2, 2:0:0:0:3, 5:4:0:0:5, 2:0:0:0:1, 2:0:0:0:3, 2:0:0:0:3, 6:4:0:0:5, 4:0:0:0:1, 2:0:0:0:2, 3:0:0:0:4, 2:0:1:0:0, 0:0:0:0:0, 2:0:0:0:1, 2:0:0:0:3, 2:0:0:0:1, 0:0:0:0:0, 2:0:0:0:2, 2:0:0:0:3, 6:4:0:0:5, 2:0:0:0:1, 4:1:0:0:6, 8:4:0:0:7, 2:0:0:0:2, 3:0:0:0:2, 2:0:0:0:1, 3:0:0:0:5, 0:0:0:0:0, 0:0:0:0:0, 1:0:0:0:0, 1:0:0:0:0, 0:0:0:0:0, 0:0:0:0:0, 1:0:0:0:0, 4:0:0:0:2, 6:3:0:0:4, 1:0:0:0:0, 2:0:0:0:2, 3:0:0:0:2, 4:3:0:0:4, 2:0:0:0:1, 1:0:0:0:1, 3:0:0:0:5, 2:0:1:0:0, 0:0:0:0:0, 1:0:0:0:0, 2:0:0:0:3, 2:0:0:0:1, 0:0:0:0:0, 2:0:0:0:2, 2:0:0:0:3, 6:4:0:0:5, 2:0:0:0:1, 5:1:0:0:6, 7:3:0:0:7, 2:0:0:0:1, 2:0:0:0:2, 3:0:0:0:2, 3:0:0:0:5, 1:0:0:0:2, 0:0:0:0:0, 1:0:0:0:0, 2:0:0:0:1, 1:0:0:0:2, 0:0:0:0:0, 1:0:0:0:1, 2:0:0:0:4, 5:3:0:0:5, 1:0:0:0:0, 2:0:0:0:2, 3:0:0:0:2, 6:3:0:0:5, 1:0:0:0:0, 1:0:0:0:1, 2:0:0:0:2, 2:0:0:0:1, 3:0:0:0:4, 4:0:0:0:1, 2:0:0:0:0, 1:0:0:0:2, 1:0:0:0:2, 0:0:0:0:0, 3:0:0:0:2, 4:3:0:0:4, 3:0:0:0:1, 5:3:1:0:7, 6:3:0:0:5, 2:0:0:0:1, 2:0:0:0:2, 2:0:0:0:1, 2:0:0:0:2, 1:0:0:0:1, 0:0:0:0:0, 3:0:0:0:1, 1:0:0:0:0, 0:0:0:0:0, 0:0:0:0:0, 0:0:0:0:0, 2:0:0:0:4, 4:3:0:0:5, 1:0:0:0:0, 1:0:0:0:3, 2:0:0:0:3, 6:3:0:0:5, 1:0:0:0:0, 3:0:0:0:4, 2:0:0:0:4, 2:0:0:0:3, 0:0:0:0:0, 1:0:0:0:0, 1:0:0:0:0, 2:1:0:0:2, 2:0:0:0:0, 1:0:0:0:1, 2:0:0:0:5, 5:3:0:0:5, 1:0:0:0:0, 5:1:0:0:5, 9:3:0:0:7, 3:0:0:0:3, 2:0:0:0:6, 2:0:0:0:2, 2:0:0:0:4, 1:0:0:0:2, 1:0:0:0:1, 1:0:0:0:0, 1:0:0:0:0,  , 0:0:0:0:0, 0:0:0:0:0, 2:0:0:0:3, 4:3:0:0:4, 2:0:0:0:2, 3:0:0:0:3, 2:0:0:0:6, 5:4:0:0:5, 2:0:0:0:2, 2:0:0:0:2, 4:1:0:0:5, 2:0:0:0:3, 0:0:0:0:0, 1:0:0:0:0, 1:0:0:0:0, 0:0:0:0:0, 2:0:0:0:2, 0:0:0:0:0, 3:1:0:0:4, 5:3:0:0:5, 2:0:0:0:2, 4:1:0:0:6, 6:3:0:0:5, 2:0:0:0:1, 2:0:0:0:4, 2:0:0:0:1, 2:0:0:0:3, 1:0:0:0:2, 0:0:0:0:0, 1:0:0:0:0, 1:0:0:0:0, 1:0:0:0:0, 0:0:0:0:0, 0:0:0:0:0, 2:0:0:0:3, 4:3:0:0:5, 1:0:0:0:0, 1:0:0:0:3, 2:0:0:0:4, 4:4:0:0:5, 1:0:0:0:0, 1:0:0:0:3, 2:0:0:0:3, 1:0:0:0:1, 0:0:0:0:0, 1:0:0:0:0, 1:0:0:0:0,  , 0:0:0:0:0, 0:0:0:0:0, 2:0:0:0:4, 4:4:0:0:5, 2:0:0:0:1, 4:2:0:0:8, 9:3:0:0:8, 3:0:0:0:4, 2:0:0:0:4, 2:0:0:0:1, 2:0:0:0:2, 3:0:0:0:2, 1:0:0:0:0, 1:0:0:0:0, 1:0:0:0:0, 2:1:0:0:2, 0:0:0:0:0, 0:0:0:0:0, 4:1:0:0:9, 6:4:0:0:5, 2:0:0:0:1, 2:0:0:0:3, 3:0:0:0:3, 9:3:0:0:6, 2:0:0:0:1, 1:0:0:0:3, 2:0:0:0:2, 0:0:0:0:0, 0:0:0:0:0, 1:0:0:0:0, 1:0:0:0:0, 1:0:0:0:0, 1:0:0:0:1, 0:0:0:0:0, 2:0:0:0:5, 4:3:0:0:6, 1:0:0:0:0, 4:2:0:0:7, 9:3:0:0:6, 2:0:0:0:1, 3:0:0:0:3, 2:0:0:0:1, 3:0:0:0:4, 2:0:0:0:1, 0:0:0:0:0, 3:0:0:0:1, 1:0:0:0:0, 1:0:0:0:0, 0:0:0:0:0, 0:0:0:0:0, 2:0:0:0:5, 5:4:0:0:5, 2:0:0:0:1, 3:0:0:0:4, 3:0:0:0:5, 7:4:0:0:7, 3:0:0:0:2, 2:0:0:0:4, 2:0:0:0:2, 0:0:0:0:0, 0:0:0:0:0, 2:0:0:0:0, 1:0:0:0:0, 0:0:0:0:0, 0:0:0:0:0, 0:0:0:0:0, 2:0:0:0:4, 6:4:0:0:7, 3:0:0:0:2, 4:1:0:0:6, 7:3:0:0:6, 2:0:0:0:1, 2:0:0:0:2, 3:0:0:0:3, 2:0:0:0:2, 0:0:0:0:0, 1:0:0:0:0, 1:0:0:0:0, 2:0:0:0:1, 1:0:0:0:0, 0:0:0:0:0, 0:0:0:0:0, 2:0:0:0:3, 5:3:0:0:5, 4:0:1:0:1, 2:1:0:0:5, 3:0:0:0:2, 5:4:0:0:8, 3:1:0:0:3, 2:0:0:0:4, 2:0:0:0:3, 3:0:0:0:2, 0:0:0:0:0, 1:0:0:0:0, 3:0:0:0:3, 2:0:0:0:1, 2:0:0:0:0, 0:0:0:0:0, 2:0:0:0:3, 8:3:0:0:8, 3:1:0:0:2, 4:1:0:0:4, 7:4:0:0:6, 2:0:0:0:2, 2:0:0:0:2, 2:0:0:0:1, 2:0:0:0:2, 0:0:0:0:0, 0:0:0:0:0, 1:0:0:0:0, 1:0:0:0:0, 0:0:0:0:0, 0:0:0:0:0, 0:0:0:0:0, 2:0:0:0:3, 4:3:0:0:4, 1:0:0:0:0, 2:0:0:0:2, 2:0:0:0:4, 4:3:0:0:5, 1:0:0:0:0, 2:1:0:0:5, 3:0:0:0:4, 1:0:0:0:1, 2:0:2:0:0, 1:0:0:0:0, 2:0:0:0:1,  , 2:0:0:0:1, 0:0:0:0:0, 2:0:0:0:3, 9:3:0:0:7, 2:0:0:0:1, 4:2:0:0:6, 6:3:0:0:5, 2:0:0:0:3, 2:0:0:0:2, 2:0:0:0:1, 2:0:0:0:4, 3:0:0:0:2, 0:0:0:0:0, 1:0:0:0:0, 1:0:0:0:0, 1:0:0:0:2, 0:0:0:0:0, 0:0:0:0:0, 2:0:0:0:4, 6:3:0:0:6, 2:0:0:0:1, 2:0:0:0:3, 2:0:0:0:4, 9:4:0:0:8, 1:0:0:0:0, 3:0:0:0:4, 2:0:0:0:6, 0:0:0:0:0, 0:0:0:0:0, 2:0:0:0:0, 1:0:0:0:0, 1:0:0:0:0, 0:0:0:0:0, 1:0:0:0:1, 3:0:0:0:4, 6:3:0:0:5, 1:0:0:0:0, 4:1:0:0:5, 10:3:0:0:6, 3:0:0:0:4, 2:0:0:0:5, 3:0:0:0:1, 0:0:0:0:0, 0:0:0:0:0, 0:0:0:0:0, 0:0:0:0:0, 765:172:7:0:754
E major blues (4#), 2:0:0:0:0, 3:0:0:0:0, 5:0:0:0:0, 4:2:0:0:2, 5:2:0:0:2, 4:1:0:0:1, 5:1:0:0:1, 4:3:0:0:3, 5:4:0:0:4, 4:0:0:0:0, 1:0:0:0:0, 5:2:0:0:2, 3:2:0:0:2, 4:0:0:0:0, 1:0:0:0:0, 5:2:0:0:2, 4:1:0:0:1, 3:0:0:0:0, 5:0:0:0:0, 4:2:0:0:2, 5:2:0:0:2, 4:1:0:0:1, 5:1:0:0:1, 4:3:0:0:3, 5:4:0:0:4, 4:0:0:0:0, 1:0:0:0:0, 5:2:0:0:2, 3:3:0:0:3, 7:0:0:0:0, 5:3:0:0:3, 3:0:0:0:0, 2:0:0:0:0, 3:0:0:0:0, 1:0:0:0:0, 5:3:0:0:3, 5:2:0:0:2, 4:1:0:0:1, 2:0:0:0:0, 5:3:0:0:3, 7:5:0:0:5, 4:0:1:0:1, 2:0:0:0:0, 4:1:0:0:1, 3:1:0:0:1, 3:0:0:0:0, 0:0:0:0:0, 4:1:0:0:1, 3:1:0:0:1, 3:0:0:0:0, 5:0:0:0:0, 4:2:0:0:2, 6:2:0:0:2, 4:1:0:0:1, 5:1:0:0:1, 4:3:0:0:3, 6:3:0:0:3, 3:0:0:0:0, 1:0:0:0:0, 5:2:0:0:2, 4:2:0:0:2, 6:0:0:0:0, 5:3:0:0:3, 2:0:0:0:0, 5:2:0:0:2, 4:0:0:0:0, 4:1:0:0:1, 5:3:0:0:3, 5:3:0:0:3, 4:1:0:0:1, 2:0:0:0:0, 4:4:0:0:4, 7:5:0:0:5, 2:0:0:0:0, 1:0:0:0:0, 4:1:0:0:1, 3:1:0:0:1, 3:0:0:0:0, 1:0:0:0:0, 5:1:0:0:1, 3:1:0:0:1, 2:0:0:0:0, 1:0:0:0:0, 6:2:0:0:2, 6:2:0:0:2, 4:3:0:0:3, 1:0:0:0:0, 6:3:0:0:3, 5:4:0:0:4, 3:0:0:0:0, 0:0:0:0:0, 5:1:0:0:1, 5:2:0:0:2, 5:0:0:0:0, 5:2:0:0:2, 2:0:0:0:0, 5:2:0:0:2, 2:0:0:0:0, 2:0:0:0:0, 4:2:0:0:2, 6:4:0:0:4, 4:1:0:0:1, 1:0:0:0:0, 4:4:0:0:4, 6:8:0:0:8, 2:0:0:0:0, 0:0:0:0:0, 4:2:0:0:2, 3:1:0:0:1, 2:0:0:0:0, 2:0:0:0:0, 5:2:0:0:2, 5:2:0:0:2, 3:0:0:0:0, 3:0:0:0:0, 5:2:0:0:2, 7:4:0:0:4, 4:1:0:0:1, 3:0:0:0:0, 6:5:0:0:5, 5:5:0:0:5, 2:0:0:0:0, 1:0:0:0:0, 4:2:0:0:2, 4:4:0:0:4, 7:0:0:0:0, 5:3:0:0:3, 3:0:0:0:0, 5:2:0:0:2, 2:0:0:0:0, 2:0:0:0:0, 4:2:0:0:2, 5:4:0:0:4, 4:2:0:0:2,  , 6:3:0:0:3, 6:7:0:0:7, 2:0:0:0:0, 0:0:0:0:0, 5:3:0:0:3, 5:1:1:0:2, 2:0:0:0:0, 2:0:0:0:0, 5:3:0:0:3, 5:2:0:0:2, 4:3:0:0:3, 2:0:0:0:0, 5:3:0:0:3, 5:3:0:0:3, 4:1:0:0:1, 2:0:2:0:2, 7:3:0:0:3, 6:7:0:0:7, 4:1:0:0:1, 1:0:0:0:0, 5:3:0:0:3, 4:2:0:0:2, 5:0:0:0:0, 5:2:0:0:2, 4:0:0:0:0, 5:2:0:0:2, 2:0:0:0:0, 1:0:0:0:0, 4:2:0:0:2, 4:2:0:0:2, 4:1:0:0:1, 2:0:0:0:0, 4:3:0:0:3, 5:3:0:0:3, 2:0:0:0:0, 0:0:0:0:0, 4:3:0:0:3, 4:1:0:0:1, 2:0:0:0:0, 0:0:0:0:0, 4:1:0:0:1, 4:1:0:0:1, 3:0:0:0:0, 1:0:0:0:0, 5:3:0:0:3, 6:4:0:0:4, 5:2:0:0:2,  , 5:4:0:0:4, 5:6:0:0:6, 2:0:0:0:0, 0:0:0:0:0, 4:2:0:0:2, 5:3:0:0:3, 7:1:0:0:1, 5:3:0:0:3, 3:0:0:0:0, 5:2:0:0:2, 2:0:0:0:0, 5:1:0:0:1, 7:4:0:0:4, 5:4:0:0:4, 4:1:0:0:1, 2:0:0:0:0, 6:4:0:0:4, 6:6:0:0:6, 3:0:0:0:0, 2:0:1:0:1, 5:2:0:0:2, 5:1:0:0:1, 4:0:0:0:0, 4:0:0:0:0, 4:2:0:0:2, 4:1:0:0:1, 2:0:0:0:0, 2:0:0:0:0, 4:2:0:0:2, 4:2:0:0:2, 4:2:0:0:2, 3:0:0:0:0, 5:4:0:0:4, 4:3:0:0:3, 2:0:0:0:0, 0:0:0:0:0, 4:3:0:0:3, 4:2:0:0:2, 7:0:0:0:0, 5:2:0:0:2, 4:0:0:0:0, 5:2:0:0:2, 4:0:0:0:0, 3:0:0:0:0, 5:3:0:0:3, 6:4:0:0:4, 4:2:0:0:2, 4:0:0:0:0, 6:4:0:0:4, 6:8:0:0:8, 3:0:0:0:0, 2:0:0:0:0, 4:2:0:0:2, 4:2:0:0:2, 3:0:0:0:0, 3:0:0:0:0, 5:2:0:0:2, 6:2:0:0:2, 2:0:0:0:0, 3:0:0:0:0, 5:2:0:0:2, 6:4:0:0:4, 5:1:0:0:1, 1:0:0:0:0, 5:3:0:0:3, 7:5:0:0:5, 2:0:0:0:0, 2:0:0:0:0, 5:1:0:0:1, 6:3:0:0:3, 5:0:0:0:0, 5:2:0:0:2, 2:0:0:0:0, 5:2:0:0:2, 2:0:0:0:0, 2:0:0:0:0, 5:3:0:0:3, 5:2:0:0:2, 4:1:0:0:1, 3:0:0:0:0, 4:3:0:0:3, 5:5:0:0:5, 2:0:0:0:0, 0:0:0:0:0, 7:3:1:0:3, 6:2:0:0:2, 4:0:0:0:0, 1:0:0:0:0, 5:2:0:0:2, 5:1:0:0:1, 2:0:0:0:0, 5:0:0:0:0, 5:2:0:0:2, 6:5:0:0:5, 5:2:0:0:2, 4:2:0:0:2, 9:3:2:0:5, 5:7:0:0:7, 2:0:0:0:0, 3:0:0:0:0, 5:1:0:0:1, 3:2:0:0:2, 6:0:0:0:0, 5:2:0:0:2, 2:0:0:0:0, 5:2:0:0:2, 2:0:0:0:0, 1:0:0:0:0, 4:2:0:0:2, 5:3:0:0:3, 4:2:0:0:2, 0:0:0:0:0, 5:3:0:0:3, 4:3:0:0:3, 2:0:0:0:0, 0:0:0:0:0, 4:2:0:0:2, 3:1:0:0:1, 2:0:0:0:0, 0:0:0:0:0, 4:2:0:0:2, 5:1:0:0:1, 3:0:0:0:0, 0:0:0:0:0, 6:5:2:0:5, 4:2:0:0:2, 4:3:0:0:3,  , 8:6:0:0:6, 5:4:0:0:4, 2:0:0:0:0, 3:1:0:0:1, 5:1:0:0:1, 3:3:0:0:3, 5:0:0:0:0, 5:2:0:0:2, 2:0:0:0:0, 5:2:0:0:2, 3:0:0:0:0, 5:1:0:0:1, 5:2:0:0:2, 7:4:0:0:4, 4:1:0:0:1, 3:2:0:0:2, 6:4:1:0:5, 5:3:0:0:3, 2:0:0:0:0, 1:0:0:0:0, 4:3:0:0:3, 4:1:0:0:1, 3:0:0:0:0, 5:1:0:0:1, 5:1:0:0:1, 5:2:0:0:2, 3:0:0:0:0, 2:0:0:0:0, 4:2:0:0:2, 8:2:2:0:4, 5:6:0:0:6, 5:0:0:0:0, 4:3:0:0:3, 6:3:0:0:3, 3:0:0:0:0, 3:0:0:0:0, 4:4:0:0:4, 4:2:0:0:2, 8:0:0:0:0, 5:3:0:0:3, 4:1:0:0:1, 5:2:0:0:2, 1:0:0:0:0, 1:0:0:0:0, 1:0:0:0:0, 1:0:0:0:0, 1361:531:13:0:541
F minor blues (4b), 2:0:0:0:1, 3:0:0:0:4, 2:0:1:0:0, 0:0:0:0:0, 2:0:0:0:1, 2:0:0:0:3, 2:0:0:0:1, 0:0:0:0:0, 2:0:0:0:2, 2:0:0:0:3, 5:4:0:0:5, 2:0:0:0:1, 2:0:0:0:3, 2:0:0:0:3, 6:4:0:0:5, 4:0:0:0:1, 2:0:0:0:2, 3:0:0:0:4, 2:0:1:0:0, 0:0:0:0:0, 2:0:0:0:1, 2:0:0:0:3, 2:0:0:0:1, 0:0:0:0:0, 2:0:0:0:2, 2:0:0:0:3, 6:4:0:0:5, 2:0:0:0:1, 4:1:0:0:6, 8:4:0:0:7, 2:0:0:0:2, 3:0:0:0:2, 2:0:0:0:1, 3:0:0:0:5, 0:0:0:0:0, 0:0:0:0:0, 1:0:0:0:0, 1:0:0:0:0, 0:0:0:0:0, 0:0:0:0:0, 1:0:0:0:0, 4:0:0:0:2, 6:3:0:0:4, 1:0:0:0:0, 2:0:0:0:2, 3:0:0:0:2, 4:3:0:0:4, 2:0:0:0:1, 1:0:0:0:1, 3:0:0:0:5, 2:0:1:0:0, 0:0:0:0:0, 1:0:0:0:0, 2:0:0:0:3, 2:0:0:0:1, 0:0:0:0:0, 2:0:0:0:2, 2:0:0:0:3, 6:4:0:0:5, 2:0:0:0:1, 5:1:0:0:6, 7:3:0:0:7, 2:0:0:0:1, 2:0:0:0:2, 3:0:0:0:2, 3:0:0:0:5, 1:0:0:0:2, 0:0:0:0:0, 1:0:0:0:0, 2:0:0:0:1, 1:0:0:0:2, 0:0:0:0:0, 1:0:0:0:1, 2:0:0:0:4, 5:3:0:0:5, 1:0:0:0:0, 2:0:0:0:2, 3:0:0:0:2, 6:3:0:0:5, 1:0:0:0:0, 1:0:0:0:1, 2:0:0:0:2, 2:0:0:0:1, 3:0:0:0:4, 4:0:0:0:1, 2:0:0:0:0, 1:0:0:0:2, 1:0:0:0:2, 0:0:0:0:0, 3:0:0:0:2, 4:3:0:0:4, 3:0:0:0:1, 5:3:1:0:7, 6:3:0:0:5, 2:0:0:0:1, 2:0:0:0:2, 2:0:0:0:1, 2:0:0:0:2, 1:0:0:0:1, 0:0:0:0:0, 3:0:0:0:1, 1:0:0:0:0, 0:0:0:0:0, 0:0:0:0:0, 0:0:0:0:0, 2:0:0:0:4, 4:3:0:0:5, 1:0:0:0:0, 1:0:0:0:3, 2:0:0:0:3, 6:3:0:0:5, 1:0:0:0:0, 3:0:0:0:4, 2:0:0:0:4, 2:0:0:0:3, 0:0:0:0:0, 1:0:0:0:0, 1:0:0:0:0, 2:1:0:0:2, 2:0:0:0:0, 1:0:0:0:1, 2:0:0:0:5, 5:3:0:0:5, 1:0:0:0:0, 5:1:0:0:5, 9:3:0:0:7, 3:0:0:0:3, 2:0:0:0:6, 2:0:0:0:2, 2:0:0:0:4, 1:0:0:0:2, 1:0:0:0:1, 1:0:0:0:0, 1:0:0:0:0,  , 0:0:0:0:0, 0:0:0:0:0, 2:0:0:0:3, 4:3:0:0:4, 2:0:0:0:2, 3:0:0:0:3, 2:0:0:0:6, 5:4:0:0:5, 2:0:0:0:2, 2:0:0:0:2, 4:1:0:0:5, 2:0:0:0:3, 0:0:0:0:0, 1:0:0:0:0, 1:0:0:0:0, 0:0:0:0:0, 2:0:0:0:2, 0:0:0:0:0, 3:1:0:0:4, 5:3:0:0:5, 2:0:0:0:2, 4:1:0:0:6, 6:3:0:0:5, 2:0:0:0:1, 2:0:0:0:4, 2:0:0:0:1, 2:0:0:0:3, 1:0:0:0:2, 0:0:0:0:0, 1:0:0:0:0, 1:0:0:0:0, 1:0:0:0:0, 0:0:0:0:0, 0:0:0:0:0, 2:0:0:0:3, 4:3:0:0:5, 1:0:0:0:0, 1:0:0:0:3, 2:0:0:0:4, 4:4:0:0:5, 1:0:0:0:0, 1:0:0:0:3, 2:0:0:0:3, 1:0:0:0:1, 0:0:0:0:0, 1:0:0:0:0, 1:0:0:0:0,  , 0:0:0:0:0, 0:0:0:0:0, 2:0:0:0:4, 4:4:0:0:5, 2:0:0:0:1, 4:2:0:0:8, 9:3:0:0:8, 3:0:0:0:4, 2:0:0:0:4, 2:0:0:0:1, 2:0:0:0:2, 3:0:0:0:2, 1:0:0:0:0, 1:0:0:0:0, 1:0:0:0:0, 2:1:0:0:2, 0:0:0:0:0, 0:0:0:0:0, 4:1:0:0:9, 6:4:0:0:5, 2:0:0:0:1, 2:0:0:0:3, 3:0:0:0:3, 9:3:0:0:6, 2:0:0:0:1, 1:0:0:0:3, 2:0:0:0:2, 0:0:0:0:0, 0:0:0:0:0, 1:0:0:0:0, 1:0:0:0:0, 1:0:0:0:0, 1:0:0:0:1, 0:0:0:0:0, 2:0:0:0:5, 4:3:0:0:6, 1:0:0:0:0, 4:2:0:0:7, 9:3:0:0:6, 2:0:0:0:1, 3:0:0:0:3, 2:0:0:0:1, 3:0:0:0:4, 2:0:0:0:1, 0:0:0:0:0, 3:0:0:0:1, 1:0:0:0:0, 1:0:0:0:0, 0:0:0:0:0, 0:0:0:0:0, 2:0:0:0:5, 5:4:0:0:5, 2:0:0:0:1, 3:0:0:0:4, 3:0:0:0:5, 7:4:0:0:7, 3:0:0:0:2, 2:0:0:0:4, 2:0:0:0:2, 0:0:0:0:0, 0:0:0:0:0, 2:0:0:0:0, 1:0:0:0:0, 0:0:0:0:0, 0:0:0:0:0, 0:0:0:0:0, 2:0:0:0:4, 6:4:0:0:7, 3:0:0:0:2, 4:1:0:0:6, 7:3:0:0:6, 2:0:0:0:1, 2:0:0:0:2, 3:0:0:0:3, 2:0:0:0:2, 0:0:0:0:0, 1:0:0:0:0, 1:0:0:0:0, 2:0:0:0:1, 1:0:0:0:0, 0:0:0:0:0, 0:0:0:0:0, 2:0:0:0:3, 5:3:0:0:5, 4:0:1:0:1, 2:1:0:0:5, 3:0:0:0:2, 5:4:0:0:8, 3:1:0:0:3, 2:0:0:0:4, 2:0:0:0:3, 3:0:0:0:2, 0:0:0:0:0, 1:0:0:0:0, 3:0:0:0:3, 2:0:0:0:1, 2:0:0:0:0, 0:0:0:0:0, 2:0:0:0:3, 8:3:0:0:8, 3:1:0:0:2, 4:1:0:0:4, 7:4:0:0:6, 2:0:0:0:2, 2:0:0:0:2, 2:0:0:0:1, 2:0:0:0:2, 0:0:0:0:0, 0:0:0:0:0, 1:0:0:0:0, 1:0:0:0:0, 0:0:0:0:0, 0:0:0:0:0, 0:0:0:0:0, 2:0:0:0:3, 4:3:0:0:4, 1:0:0:0:0, 2:0:0:0:2, 2:0:0:0:4, 4:3:0:0:5, 1:0:0:0:0, 2:1:0:0:5, 3:0:0:0:4, 1:0:0:0:1, 2:0:2:0:0, 1:0:0:0:0, 2:0:0:0:1,  , 2:0:0:0:1, 0:0:0:0:0, 2:0:0:0:3, 9:3:0:0:7, 2:0:0:0:1, 4:2:0:0:6, 6:3:0:0:5, 2:0:0:0:3, 2:0:0:0:2, 2:0:0:0:1, 2:0:0:0:4, 3:0:0:0:2, 0:0:0:0:0, 1:0:0:0:0, 1:0:0:0:0, 1:0:0:0:2, 0:0:0:0:0, 0:0:0:0:0, 2:0:0:0:4, 6:3:0:0:6, 2:0:0:0:1, 2:0:0:0:3, 2:0:0:0:4, 9:4:0:0:8, 1:0:0:0:0, 3:0:0:0:4, 2:0:0:0:6, 0:0:0:0:0, 0:0:0:0:0, 2:0:0:0:0, 1:0:0:0:0, 1:0:0:0:0, 0:0:0:0:0, 1:0:0:0:1, 3:0:0:0:4, 6:3:0:0:5, 1:0:0:0:0, 4:1:0:0:5, 10:3:0:0:6, 3:0:0:0:4, 2:0:0:0:5, 3:0:0:0:1, 0:0:0:0:0, 0:0:0:0:0, 0:0:0:0:0, 0:0:0:0:0, 765:172:7:0:754
C# minor blues (4#), 2:0:0:0:0, 3:0:0:0:0, 5:0:0:0:0, 4:2:0:0:2, 5:2:0:0:2, 4:1:0:0:1, 5:1:0:0:1, 4:3:0:0:3, 5:4:0:0:4, 4:0:0:0:0, 1:0:0:0:0, 5:2:0:0:2, 3:2:0:0:2, 4:0:0:0:0, 1:0:0:0:0, 5:2:0:0:2, 4:1:0:0:1, 3:0:0:0:0, 5:0:0:0:0, 4:2:0:0:2, 5:2:0:0:2, 4:1:0:0:1, 5:1:0:0:1, 4:3:0:0:3, 5:4:0:0:4, 4:0:0:0:0, 1:0:0:0:0, 5:2:0:0:2, 3:3:0:0:3, 7:0:0:0:0, 5:3:0:0:3, 3:0:0:0:0, 2:0:0:0:0, 3:0:0:0:0, 1:0:0:0:0, 5:3:0:0:3, 5:2:0:0:2, 4:1:0:0:1, 2:0:0:0:0, 5:3:0:0:3, 7:5:0:0:5, 4:0:1:0:1, 2:0:0:0:0, 4:1:0:0:1, 3:1:0:0:1, 3:0:0:0:0, 0:0:0:0:0, 4:1:0:0:1, 3:1:0:0:1, 3:0:0:0:0, 5:0:0:0:0, 4:2:0:0:2, 6:2:0:0:2, 4:1:0:0:1, 5:1:0:0:1, 4:3:0:0:3, 6:3:0:0:3, 3:0:0:0:0, 1:0:0:0:0, 5:2:0:0:2, 4:2:0:0:2, 6:0:0:0:0, 5:3:0:0:3, 2:0:0:0:0, 5:2:0:0:2, 4:0:0:0:0, 4:1:0:0:1, 5:3:0:0:3, 5:3:0:0:3, 4:1:0:0:1, 2:0:0:0:0, 4:4:0:0:4, 7:5:0:0:5, 2:0:0:0:0, 1:0:0:0:0, 4:1:0:0:1, 3:1:0:0:1, 3:0:0:0:0, 1:0:0:0:0, 5:1:0:0:1, 3:1:0:0:1, 2:0:0:0:0, 1:0:0:0:0, 6:2:0:0:2, 6:2:0:0:2, 4:3:0:0:3, 1:0:0:0:0, 6:3:0:0:3, 5:4:0:0:4, 3:0:0:0:0, 0:0:0:0:0, 5:1:0:0:1, 5:2:0:0:2, 5:0:0:0:0, 5:2:0:0:2, 2:0:0:0:0, 5:2:0:0:2, 2:0:0:0:0, 2:0:0:0:0, 4:2:0:0:2, 6:4:0:0:4, 4:1:0:0:1, 1:0:0:0:0, 4:4:0:0:4, 6:8:0:0:8, 2:0:0:0:0, 0:0:0:0:0, 4:2:0:0:2, 3:1:0:0:1, 2:0:0:0:0, 2:0:0:0:0, 5:2:0:0:2, 5:2:0:0:2, 3:0:0:0:0, 3:0:0:0:0, 5:2:0:0:2, 7:4:0:0:4, 4:1:0:0:1, 3:0:0:0:0, 6:5:0:0:5, 5:5:0:0:5, 2:0:0:0:0, 1:0:0:0:0, 4:2:0:0:2, 4:4:0:0:4, 7:0:0:0:0, 5:3:0:0:3, 3:0:0:0:0, 5:2:0:0:2, 2:0:0:0:0, 2:0:0:0:0, 4:2:0:0:2, 5:4:0:0:4, 4:2:0:0:2,  , 6:3:0:0:3, 6:7:0:0:7, 2:0:0:0:0, 0:0:0:0:0, 5:3:0:0:3, 5:1:1:0:2, 2:0:0:0:0, 2:0:0:0:0, 5:3:0:0:3, 5:2:0:0:2, 4:3:0:0:3, 2:0:0:0:0, 5:3:0:0:3, 5:3:0:0:3, 4:1:0:0:1, 2:0:2:0:2, 7:3:0:0:3, 6:7:0:0:7, 4:1:0:0:1, 1:0:0:0:0, 5:3:0:0:3, 4:2:0:0:2, 5:0:0:0:0, 5:2:0:0:2, 4:0:0:0:0, 5:2:0:0:2, 2:0:0:0:0, 1:0:0:0:0, 4:2:0:0:2, 4:2:0:0:2, 4:1:0:0:1, 2:0:0:0:0, 4:3:0:0:3, 5:3:0:0:3, 2:0:0:0:0, 0:0:0:0:0, 4:3:0:0:3, 4:1:0:0:1, 2:0:0:0:0, 0:0:0:0:0, 4:1:0:0:1, 4:1:0:0:1, 3:0:0:0:0, 1:0:0:0:0, 5:3:0:0:3, 6:4:0:0:4, 5:2:0:0:2,  , 5:4:0:0:4, 5:6:0:0:6, 2:0:0:0:0, 0:0:0:0:0, 4:2:0:0:2, 5:3:0:0:3, 7:1:0:0:1, 5:3:0:0:3, 3:0:0:0:0, 5:2:0:0:2, 2:0:0:0:0, 5:1:0:0:1, 7:4:0:0:4, 5:4:0:0:4, 4:1:0:0:1, 2:0:0:0:0, 6:4:0:0:4, 6:6:0:0:6, 3:0:0:0:0, 2:0:1:0:1, 5:2:0:0:2, 5:1:0:0:1, 4:0:0:0:0, 4:0:0:0:0, 4:2:0:0:2, 4:1:0:0:1, 2:0:0:0:0, 2:0:0:0:0, 4:2:0:0:2, 4:2:0:0:2, 4:2:0:0:2, 3:0:0:0:0, 5:4:0:0:4, 4:3:0:0:3, 2:0:0:0:0, 0:0:0:0:0, 4:3:0:0:3, 4:2:0:0:2, 7:0:0:0:0, 5:2:0:0:2, 4:0:0:0:0, 5:2:0:0:2, 4:0:0:0:0, 3:0:0:0:0, 5:3:0:0:3, 6:4:0:0:4, 4:2:0:0:2, 4:0:0:0:0, 6:4:0:0:4, 6:8:0:0:8, 3:0:0:0:0, 2:0:0:0:0, 4:2:0:0:2, 4:2:0:0:2, 3:0:0:0:0, 3:0:0:0:0, 5:2:0:0:2, 6:2:0:0:2, 2:0:0:0:0, 3:0:0:0:0, 5:2:0:0:2, 6:4:0:0:4, 5:1:0:0:1, 1:0:0:0:0, 5:3:0:0:3, 7:5:0:0:5, 2:0:0:0:0, 2:0:0:0:0, 5:1:0:0:1, 6:3:0:0:3, 5:0:0:0:0, 5:2:0:0:2, 2:0:0:0:0, 5:2:0:0:2, 2:0:0:0:0, 2:0:0:0:0, 5:3:0:0:3, 5:2:0:0:2, 4:1:0:0:1, 3:0:0:0:0, 4:3:0:0:3, 5:5:0:0:5, 2:0:0:0:0, 0:0:0:0:0, 7:3:1:0:3, 6:2:0:0:2, 4:0:0:0:0, 1:0:0:0:0, 5:2:0:0:2, 5:1:0:0:1, 2:0:0:0:0, 5:0:0:0:0, 5:2:0:0:2, 6:5:0:0:5, 5:2:0:0:2, 4:2:0:0:2, 9:3:2:0:5, 5:7:0:0:7, 2:0:0:0:0, 3:0:0:0:0, 5:1:0:0:1, 3:2:0:0:2, 6:0:0:0:0, 5:2:0:0:2, 2:0:0:0:0, 5:2:0:0:2, 2:0:0:0:0, 1:0:0:0:0, 4:2:0:0:2, 5:3:0:0:3, 4:2:0:0:2, 0:0:0:0:0, 5:3:0:0:3, 4:3:0:0:3, 2:0:0:0:0, 0:0:0:0:0, 4:2:0:0:2, 3:1:0:0:1, 2:0:0:0:0, 0:0:0:0:0, 4:2:0:0:2, 5:1:0:0:1, 3:0:0:0:0, 0:0:0:0:0, 6:5:2:0:5, 4:2:0:0:2, 4:3:0:0:3,  , 8:6:0:0:6, 5:4:0:0:4, 2:0:0:0:0, 3:1:0:0:1, 5:1:0:0:1, 3:3:0:0:3, 5:0:0:0:0, 5:2:0:0:2, 2:0:0:0:0, 5:2:0:0:2, 3:0:0:0:0, 5:1:0:0:1, 5:2:0:0:2, 7:4:0:0:4, 4:1:0:0:1, 3:2:0:0:2, 6:4:1:0:5, 5:3:0:0:3, 2:0:0:0:0, 1:0:0:0:0, 4:3:0:0:3, 4:1:0:0:1, 3:0:0:0:0, 5:1:0:0:1, 5:1:0:0:1, 5:2:0:0:2, 3:0:0:0:0, 2:0:0:0:0, 4:2:0:0:2, 8:2:2:0:4, 5:6:0:0:6, 5:0:0:0:0, 4:3:0:0:3, 6:3:0:0:3, 3:0:0:0:0, 3:0:0:0:0, 4:4:0:0:4, 4:2:0:0:2, 8:0:0:0:0, 5:3:0:0:3, 4:1:0:0:1, 5:2:0:0:2, 1:0:0:0:0, 1:0:0:0:0, 1:0:0:0:0, 1:0:0:0:0, 1361:531:13:0:541
Ab dorian (4b), 2:0:0:0:1, 3:0:0:0:4, 2:0:1:0:0, 0:0:0:0:0, 2:0:0:0:1, 2:0:0:0:3, 2:0:0:0:1, 0:0:0:0:0, 2:0:0:0:2, 2:0:0:0:3, 5:4:0:0:5, 2:0:0:0:1, 2:0:0:0:3, 2:0:0:0:3, 6:4:0:0:5, 4:0:0:0:1, 2:0:0:0:2, 3:0:0:0:4, 2:0:1:0:0, 0:0:0:0:0, 2:0:0:0:1, 2:0:0:0:3, 2:0:0:0:1, 0:0:0:0:0, 2:0:0:0:2, 2:0:0:0:3, 6:4:0:0:5, 2:0:0:0:1, 4:1:0:0:6, 8:4:0:0:7, 2:0:0:0:2, 3:0:0:0:2, 2:0:0:0:1, 3:0:0:0:5, 0:0:0:0:0, 0:0:0:0:0, 1:0:0:0:0, 1:0:0:0:0, 0:0:0:0:0, 0:0:0:0:0, 1:0:0:0:0, 4:0:0:0:2, 6:3:0:0:4, 1:0:0:0:0, 2:0:0:0:2, 3:0:0:0:2, 4:3:0:0:4, 2:0:0:0:1, 1:0:0:0:1, 3:0:0:0:5, 2:0:1:0:0, 0:0:0:0:0, 1:0:0:0:0, 2:0:0:0:3, 2:0:0:0:1, 0:0:0:0:0, 2:0:0:0:2, 2:0:0:0:3, 6:4:0:0:5, 2:0:0:0:1, 5:1:0:0:6, 7:3:0:0:7, 2:0:0:0:1, 2:0:0:0:2, 3:0:0:0:2, 3:0:0:0:5, 1:0:0:0:2, 0:0:0:0:0, 1:0:0:0:0, 2:0:0:0:1, 1:0:0:0:2, 0:0:0:0:0, 1:0:0:0:1, 2:0:0:0:4, 5:3:0:0:5, 1:0:0:0:0, 2:0:0:0:2, 3:0:0:0:2, 6:3:0:0:5, 1:0:0:0:0, 1:0:0:0:1, 2:0:0:0:2, 2:0:0:0:1, 3:0:0:0:4, 4:0:0:0:1, 2:0:0:0:0, 1:0:0:0:2, 1:0:0:0:2, 0:0:0:0:0, 3:0:0:0:2, 4:3:0:0:4, 3:0:0:0:1, 5:3:1:0:7, 6:3:0:0:5, 2:0:0:0:1, 2:0:0:0:2, 2:0:0:0:1, 2:0:0:0:2, 1:0:0:0:1, 0:0:0:0:0, 3:0:0:0:1, 1:0:0:0:0, 0:0:0:0:0, 0:0:0:0:0, 0:0:0:0:0, 2:0:0:0:4, 4:3:0:0:5, 1:0:0:0:0, 1:0:0:0:3, 2:0:0:0:3, 6:3:0:0:5, 1:0:0:0:0, 3:0:0:0:4, 2:0:0:0:4, 2:0:0:0:3, 0:0:0:0:0, 1:0:0:0:0, 1:0:0:0:0, 2:1:0:0:2, 2:0:0:0:0, 1:0:0:0:1, 2:0:0:0:5, 5:3:0:0:5, 1:0:0:0:0, 5:1:0:0:5, 9:3:0:0:7, 3:0:0:0:3, 2:0:0:0:6, 2:0:0:0:2, 2:0:0:0:4, 1:0:0:0:2, 1:0:0:0:1, 1:0:0:0:0, 1:0:0:0:0,  , 0:0:0:0:0, 0:0:0:0:0, 2:0:0:0:3, 4:3:0:0:4, 2:0:0:0:2, 3:0:0:0:3, 2:0:0:0:6, 5:4:0:0:5, 2:0:0:0:2, 2:0:0:0:2, 4:1:0:0:5, 2:0:0:0:3, 0:0:0:0:0, 1:0:0:0:0, 1:0:0:0:0, 0:0:0:0:0, 2:0:0:0:2, 0:0:0:0:0, 3:1:0:0:4, 5:3:0:0:5, 2:0:0:0:2, 4:1:0:0:6, 6:3:0:0:5, 2:0:0:0:1, 2:0:0:0:4, 2:0:0:0:1, 2:0:0:0:3, 1:0:0:0:2, 0:0:0:0:0, 1:0:0:0:0, 1:0:0:0:0, 1:0:0:0:0, 0:0:0:0:0, 0:0:0:0:0, 2:0:0:0:3, 4:3:0:0:5, 1:0:0:0:0, 1:0:0:0:3, 2:0:0:0:4, 4:4:0:0:5, 1:0:0:0:0, 1:0:0:0:3, 2:0:0:0:3, 1:0:0:0:1, 0:0:0:0:0, 1:0:0:0:0, 1:0:0:0:0,  , 0:0:0:0:0, 0:0:0:0:0, 2:0:0:0:4, 4:4:0:0:5, 2:0:0:0:1, 4:2:0:0:8, 9:3:0:0:8, 3:0:0:0:4, 2:0:0:0:4, 2:0:0:0:1, 2:0:0:0:2, 3:0:0:0:2, 1:0:0:0:0, 1:0:0:0:0, 1:0:0:0:0, 2:1:0:0:2, 0:0:0:0:0, 0:0:0:0:0, 4:1:0:0:9, 6:4:0:0:5, 2:0:0:0:1, 2:0:0:0:3, 3:0:0:0:3, 9:3:0:0:6, 2:0:0:0:1, 1:0:0:0:3, 2:0:0:0:2, 0:0:0:0:0, 0:0:0:0:0, 1:0:0:0:0, 1:0:0:0:0, 1:0:0:0:0, 1:0:0:0:1, 0:0:0:0:0, 2:0:0:0:5, 4:3:0:0:6, 1:0:0:0:0, 4:2:0:0:7, 9:3:0:0:6, 2:0:0:0:1, 3:0:0:0:3, 2:0:0:0:1, 3:0:0:0:4, 2:0:0:0:1, 0:0:0:0:0, 3:0:0:0:1, 1:0:0:0:0, 1:0:0:0:0, 0:0:0:0:0, 0:0:0:0:0, 2:0:0:0:5, 5:4:0:0:5, 2:0:0:0:1, 3:0:0:0:4, 3:0:0:0:5, 7:4:0:0:7, 3:0:0:0:2, 2:0:0:0:4, 2:0:0:0:2, 0:0:0:0:0, 0:0:0:0:0, 2:0:0:0:0, 1:0:0:0:0, 0:0:0:0:0, 0:0:0:0:0, 0:0:0:0:0, 2:0:0:0:4, 6:4:0:0:7, 3:0:0:0:2, 4:1:0:0:6, 7:3:0:0:6, 2:0:0:0:1, 2:0:0:0:2, 3:0:0:0:3, 2:0:0:0:2, 0:0:0:0:0, 1:0:0:0:0, 1:0:0:0:0, 2:0:0:0:1, 1:0:0:0:0, 0:0:0:0:0, 0:0:0:0:0, 2:0:0:0:3, 5:3:0:0:5, 4:0:1:0:1, 2:1:0:0:5, 3:0:0:0:2, 5:4:0:0:8, 3:1:0:0:3, 2:0:0:0:4, 2:0:0:0:3, 3:0:0:0:2, 0:0:0:0:0, 1:0:0:0:0, 3:0:0:0:3, 2:0:0:0:1, 2:0:0:0:0, 0:0:0:0:0, 2:0:0:0:3, 8:3:0:0:8, 3:1:0:0:2, 4:1:0:0:4, 7:4:0:0:6, 2:0:0:0:2, 2:0:0:0:2, 2:0:0:0:1, 2:0:0:0:2, 0:0:0:0:0, 0:0:0:0:0, 1:0:0:0:0, 1:0:0:0:0, 0:0:0:0:0, 0:0:0:0:0, 0:0:0:0:0, 2:0:0:0:3, 4:3:0:0:4, 1:0:0:0:0, 2:0:0:0:2, 2:0:0:0:4, 4:3:0:0:5, 1:0:0:0:0, 2:1:0:0:5, 3:0:0:0:4, 1:0:0:0:1, 2:0:2:0:0, 1:0:0:0:0, 2:0:0:0:1,  , 2:0:0:0:1, 0:0:0:0:0, 2:0:0:0:3, 9:3:0:0:7, 2:0:0:0:1, 4:2:0:0:6, 6:3:0:0:5, 2:0:0:0:3, 2:0:0:0:2, 2:0:0:0:1, 2:0:0:0:4, 3:0:0:0:2, 0:0:0:0:0, 1:0:0:0:0, 1:0:0:0:0, 1:0:0:0:2, 0:0:0:0:0, 0:0:0:0:0, 2:0:0:0:4, 6:3:0:0:6, 2:0:0:0:1, 2:0:0:0:3, 2:0:0:0:4, 9:4:0:0:8, 1:0:0:0:0, 3:0:0:0:4, 2:0:0:0:6, 0:0:0:0:0, 0:0:0:0:0, 2:0:0:0:0, 1:0:0:0:0, 1:0:0:0:0, 0:0:0:0:0, 1:0:0:0:1, 3:0:0:0:4, 6:3:0:0:5, 1:0:0:0:0, 4:1:0:0:5, 10:3:0:0:6, 3:0:0:0:4, 2:0:0:0:5, 3:0:0:0:1, 0:0:0:0:0, 0:0:0:0:0, 0:0:0:0:0, 0:0:0:0:0, 765:172:7:0:754
E dorian (4#), 2:0:0:0:0, 3:0:0:0:0, 5:0:0:0:0, 4:2:0:0:2, 5:2:0:0:2, 4:1:0:0:1, 5:1:0:0:1, 4:3:0:0:3, 5:4:0:0:4, 4:0:0:0:0, 1:0:0:0:0, 5:2:0:0:2, 3:2:0:0:2, 4:0:0:0:0, 1:0:0:0:0, 5:2:0:0:2, 4:1:0:0:1, 3:0:0:0:0, 5:0:0:0:0, 4:2:0:0:2, 5:2:0:0:2, 4:1:0:0:1, 5:1:0:0:1, 4:3:0:0:3, 5:4:0:0:4, 4:0:0:0:0, 1:0:0:0:0, 5:2:0:0:2, 3:3:0:0:3, 7:0:0:0:0, 5:3:0:0:3, 3:0:0:0:0, 2:0:0:0:0, 3:0:0:0:0, 1:0:0:0:0, 5:3:0:0:3, 5:2:0:0:2, 4:1:0:0:1, 2:0:0:0:0, 5:3:0:0:3, 7:5:0:0:5, 4:0:1:0:1, 2:0:0:0:0, 4:1:0:0:1, 3:1:0:0:1, 3:0:0:0:0, 0:0:0:0:0, 4:1:0:0:1, 3:1:0:0:1, 3:0:0:0:0, 5:0:0:0:0, 4:2:0:0:2, 6:2:0:0:2, 4:1:0:0:1, 5:1:0:0:1, 4:3:0:0:3, 6:3:0:0:3, 3:0:0:0:0, 1:0:0:0:0, 5:2:0:0:2, 4:2:0:0:2, 6:0:0:0:0, 5:3:0:0:3, 2:0:0:0:0, 5:2:0:0:2, 4:0:0:0:0, 4:1:0:0:1, 5:3:0:0:3, 5:3:0:0:3, 4:1:0:0:1, 2:0:0:0:0, 4:4:0:0:4, 7:5:0:0:5, 2:0:0:0:0, 1:0:0:0:0, 4:1:0:0:1, 3:1:0:0:1, 3:0:0:0:0, 1:0:0:0:0, 5:1:0:0:1, 3:1:0:0:1, 2:0:0:0:0, 1:0:0:0:0, 6:2:0:0:2, 6:2:0:0:2, 4:3:0:0:3, 1:0:0:0:0, 6:3:0:0:3, 5:4:0:0:4, 3:0:0:0:0, 0:0:0:0:0, 5:1:0:0:1, 5:2:0:0:2, 5:0:0:0:0, 5:2:0:0:2, 2:0:0:0:0, 5:2:0:0:2, 2:0:0:0:0, 2:0:0:0:0, 4:2:0:0:2, 6:4:0:0:4, 4:1:0:0:1, 1:0:0:0:0, 4:4:0:0:4, 6:8:0:0:8, 2:0:0:0:0, 0:0:0:0:0, 4:2:0:0:2, 3:1:0:0:1, 2:0:0:0:0, 2:0:0:0:0, 5:2:0:0:2, 5:2:0:0:2, 3:0:0:0:0, 3:0:0:0:0, 5:2:0:0:2, 7:4:0:0:4, 4:1:0:0:1, 3:0:0:0:0, 6:5:0:0:5, 5:5:0:0:5, 2:0:0:0:0, 1:0:0:0:0, 4:2:0:0:2, 4:4:0:0:4, 7:0:0:0:0, 5:3:0:0:3, 3:0:0:0:0, 5:2:0:0:2, 2:0:0:0:0, 2:0:0:0:0, 4:2:0:0:2, 5:4:0:0:4, 4:2:0:0:2,  , 6:3:0:0:3, 6:7:0:0:7, 2:0:0:0:0, 0:0:0:0:0, 5:3:0:0:3, 5:1:1:0:2, 2:0:0:0:0, 2:0:0:0:0, 5:3:0:0:3, 5:2:0:0:2, 4:3:0:0:3, 2:0:0:0:0, 5:3:0:0:3, 5:3:0:0:3, 4:1:0:0:1, 2:0:2:0:2, 7:3:0:0:3, 6:7:0:0:7, 4:1:0:0:1, 1:0:0:0:0, 5:3:0:0:3, 4:2:0:0:2, 5:0:0:0:0, 5:2:0:0:2, 4:0:0:0:0, 5:2:0:0:2, 2:0:0:0:0, 1:0:0:0:0, 4:2:0:0:2, 4:2:0:0:2, 4:1:0:0:1, 2:0:0:0:0, 4:3:0:0:3, 5:3:0:0:3, 2:0:0:0:0, 0:0:0:0:0, 4:3:0:0:3, 4:1:0:0:1, 2:0:0:0:0, 0:0:0:0:0, 4:1:0:0:1, 4:1:0:0:1, 3:0:0:0:0, 1:0:0:0:0, 5:3:0:0:3, 6:4:0:0:4, 5:2:0:0:2,  , 5:4:0:0:4, 5:6:0:0:6, 2:0:0:0:0, 0:0:0:0:0, 4:2:0:0:2, 5:3:0:0:3, 7:1:0:0:1, 5:3:0:0:3, 3:0:0:0:0, 5:2:0:0:2, 2:0:0:0:0, 5:1:0:0:1, 7:4:0:0:4, 5:4:0:0:4, 4:1:0:0:1, 2:0:0:0:0, 6:4:0:0:4, 6:6:0:0:6, 3:0:0:0:0, 2:0:1:0:1, 5:2:0:0:2, 5:1:0:0:1, 4:0:0:0:0, 4:0:0:0:0, 4:2:0:0:2, 4:1:0:0:1, 2:0:0:0:0, 2:0:0:0:0, 4:2:0:0:2, 4:2:0:0:2, 4:2:0:0:2, 3:0:0:0:0, 5:4:0:0:4, 4:3:0:0:3, 2:0:0:0:0, 0:0:0:0:0, 4:3:0:0:3, 4:2:0:0:2, 7:0:0:0:0, 5:2:0:0:2, 4:0:0:0:0, 5:2:0:0:2, 4:0:0:0:0, 3:0:0:0:0, 5:3:0:0:3, 6:4:0:0:4, 4:2:0:0:2, 4:0:0:0:0, 6:4:0:0:4, 6:8:0:0:8, 3:0:0:0:0, 2:0:0:0:0, 4:2:0:0:2, 4:2:0:0:2, 3:0:0:0:0, 3:0:0:0:0, 5:2:0:0:2, 6:2:0:0:2, 2:0:0:0:0, 3:0:0:0:0, 5:2:0:0:2, 6:4:0:0:4, 5:1:0:0:1, 1:0:0:0:0, 5:3:0:0:3, 7:5:0:0:5, 2:0:0:0:0, 2:0:0:0:0, 5:1:0:0:1, 6:3:0:0:3, 5:0:0:0:0, 5:2:0:0:2, 2:0:0:0:0, 5:2:0:0:2, 2:0:0:0:0, 2:0:0:0:0, 5:3:0:0:3, 5:2:0:0:2, 4:1:0:0:1, 3:0:0:0:0, 4:3:0:0:3, 5:5:0:0:5, 2:0:0:0:0, 0:0:0:0:0, 7:3:1:0:3, 6:2:0:0:2, 4:0:0:0:0, 1:0:0:0:0, 5:2:0:0:2, 5:1:0:0:1, 2:0:0:0:0, 5:0:0:0:0, 5:2:0:0:2, 6:5:0:0:5, 5:2:0:0:2, 4:2:0:0:2, 9:3:2:0:5, 5:7:0:0:7, 2:0:0:0:0, 3:0:0:0:0, 5:1:0:0:1, 3:2:0:0:2, 6:0:0:0:0, 5:2:0:0:2, 2:0:0:0:0, 5:2:0:0:2, 2:0:0:0:0, 1:0:0:0:0, 4:2:0:0:2, 5:3:0:0:3, 4:2:0:0:2, 0:0:0:0:0, 5:3:0:0:3, 4:3:0:0:3, 2:0:0:0:0, 0:0:0:0:0, 4:2:0:0:2, 3:1:0:0:1, 2:0:0:0:0, 0:0:0:0:0, 4:2:0:0:2, 5:1:0:0:1, 3:0:0:0:0, 0:0:0:0:0, 6:5:2:0:5, 4:2:0:0:2, 4:3:0:0:3,  , 8:6:0:0:6, 5:4:0:0:4, 2:0:0:0:0, 3:1:0:0:1, 5:1:0:0:1, 3:3:0:0:3, 5:0:0:0:0, 5:2:0:0:2, 2:0:0:0:0, 5:2:0:0:2, 3:0:0:0:0, 5:1:0:0:1, 5:2:0:0:2, 7:4:0:0:4, 4:1:0:0:1, 3:2:0:0:2, 6:4:1:0:5, 5:3:0:0:3, 2:0:0:0:0, 1:0:0:0:0, 4:3:0:0:3, 4:1:0:0:1, 3:0:0:0:0, 5:1:0:0:1, 5:1:0:0:1, 5:2:0:0:2, 3:0:0:0:0, 2:0:0:0:0, 4:2:0:0:2, 8:2:2:0:4, 5:6:0:0:6, 5:0:0:0:0, 4:3:0:0:3, 6:3:0:0:3, 3:0:0:0:0, 3:0:0:0:0, 4:4:0:0:4, 4:2:0:0:2, 8:0:0:0:0, 5:3:0:0:3, 4:1:0:0:1, 5:2:0:0:2, 1:0:0:0:0, 1:0:0:0:0, 1:0:0:0:0, 1:0:0:0:0, 1361:531:13:0:541
Ab phrygian (4b), 2:0:0:0:1, 3:0:0:0:4, 2:0:1:0:0, 0:0:0:0:0, 2:0:0:0:1, 2:0:0:0:3, 2:0:0:0:1, 0:0:0:0:0, 2:0:0:0:2, 2:0:0:0:3, 5:4:0:0:5, 2:0:0:0:1, 2:0:0:0:3, 2:0:0:0:3, 6:4:0:0:5, 4:0:0:0:1, 2:0:0:0:2, 3:0:0:0:4, 2:0:1:0:0, 0:0:0:0:0, 2:0:0:0:1, 2:0:0:0:3, 2:0:0:0:1, 0:0:0:0:0, 2:0:0:0:2, 2:0:0:0:3, 6:4:0:0:5, 2:0:0:0:1, 4:1:0:0:6, 8:4:0:0:7, 2:0:0:0:2, 3:0:0:0:2, 2:0:0:0:1, 3:0:0:0:5, 0:0:0:0:0, 0:0:0:0:0, 1:0:0:0:0, 1:0:0:0:0, 0:0:0:0:0, 0:0:0:0:0, 1:0:0:0:0, 4:0:0:0:2, 6:3:0:0:4, 1:0:0:0:0, 2:0:0:0:2, 3:0:0:0:2, 4:3:0:0:4, 2:0:0:0:1, 1:0:0:0:1, 3:0:0:0:5, 2:0:1:0:0, 0:0:0:0:0, 1:0:0:0:0, 2:0:0:0:3, 2:0:0:0:1, 0:0:0:0:0, 2:0:0:0:2, 2:0:0:0:3, 6:4:0:0:5, 2:0:0:0:1, 5:1:0:0:6, 7:3:0:0:7, 2:0:0:0:1, 2:0:0:0:2, 3:0:0:0:2, 3:0:0:0:5, 1:0:0:0:2, 0:0:0:0:0, 1:0:0:0:0, 2:0:0:0:1, 1:0:0:0:2, 0:0:0:0:0, 1:0:0:0:1, 2:0:0:0:4, 5:3:0:0:5, 1:0:0:0:0, 2:0:0:0:2, 3:0:0:0:2, 6:3:0:0:5, 1:0:0:0:0, 1:0:0:0:1, 2:0:0:0:2, 2:0:0:0:1, 3:0:0:0:4, 4:0:0:0:1, 2:0:0:0:0, 1:0:0:0:2, 1:0:0:0:2, 0:0:0:0:0, 3:0:0:0:2, 4:3:0:0:4, 3:0:0:0:1, 5:3:1:0:7, 6:3:0:0:5, 2:0:0:0:1, 2:0:0:0:2, 2:0:0:0:1, 2:0:0:0:2, 1:0:0:0:1, 0:0:0:0:0, 3:0:0:0:1, 1:0:0:0:0, 0:0:0:0:0, 0:0:0:0:0, 0:0:0:0:0, 2:0:0:0:4, 4:3:0:0:5, 1:0:0:0:0, 1:0:0:0:3, 2:0:0:0:3, 6:3:0:0:5, 1:0:0:0:0, 3:0:0:0:4, 2:0:0:0:4, 2:0:0:0:3, 0:0:0:0:0, 1:0:0:0:0, 1:0:0:0:0, 2:1:0:0:2, 2:0:0:0:0, 1:0:0:0:1, 2:0:0:0:5, 5:3:0:0:5, 1:0:0:0:0, 5:1:0:0:5, 9:3:0:0:7, 3:0:0:0:3, 2:0:0:0:6, 2:0:0:0:2, 2:0:0:0:4, 1:0:0:0:2, 1:0:0:0:1, 1:0:0:0:0, 1:0:0:0:0,  , 0:0:0:0:0, 0:0:0:0:0, 2:0:0:0:3, 4:3:0:0:4, 2:0:0:0:2, 3:0:0:0:3, 2:0:0:0:6, 5:4:0:0:5, 2:0:0:0:2, 2:0:0:0:2, 4:1:0:0:5, 2:0:0:0:3, 0:0:0:0:0, 1:0:0:0:0, 1:0:0:0:0, 0:0:0:0:0, 2:0:0:0:2, 0:0:0:0:0, 3:1:0:0:4, 5:3:0:0:5, 2:0:0:0:2, 4:1:0:0:6, 6:3:0:0:5, 2:0:0:0:1, 2:0:0:0:4, 2:0:0:0:1, 2:0:0:0:3, 1:0:0:0:2, 0:0:0:0:0, 1:0:0:0:0, 1:0:0:0:0, 1:0:0:0:0, 0:0:0:0:0, 0:0:0:0:0, 2:0:0:0:3, 4:3:0:0:5, 1:0:0:0:0, 1:0:0:0:3, 2:0:0:0:4, 4:4:0:0:5, 1:0:0:0:0, 1:0:0:0:3, 2:0:0:0:3, 1:0:0:0:1, 0:0:0:0:0, 1:0:0:0:0, 1:0:0:0:0,  , 0:0:0:0:0, 0:0:0:0:0, 2:0:0:0:4, 4:4:0:0:5, 2:0:0:0:1, 4:2:0:0:8, 9:3:0:0:8, 3:0:0:0:4, 2:0:0:0:4, 2:0:0:0:1, 2:0:0:0:2, 3:0:0:0:2, 1:0:0:0:0, 1:0:0:0:0, 1:0:0:0:0, 2:1:0:0:2, 0:0:0:0:0, 0:0:0:0:0, 4:1:0:0:9, 6:4:0:0:5, 2:0:0:0:1, 2:0:0:0:3, 3:0:0:0:3, 9:3:0:0:6, 2:0:0:0:1, 1:0:0:0:3, 2:0:0:0:2, 0:0:0:0:0, 0:0:0:0:0, 1:0:0:0:0, 1:0:0:0:0, 1:0:0:0:0, 1:0:0:0:1, 0:0:0:0:0, 2:0:0:0:5, 4:3:0:0:6, 1:0:0:0:0, 4:2:0:0:7, 9:3:0:0:6, 2:0:0:0:1, 3:0:0:0:3, 2:0:0:0:1, 3:0:0:0:4, 2:0:0:0:1, 0:0:0:0:0, 3:0:0:0:1, 1:0:0:0:0, 1:0:0:0:0, 0:0:0:0:0, 0:0:0:0:0, 2:0:0:0:5, 5:4:0:0:5, 2:0:0:0:1, 3:0:0:0:4, 3:0:0:0:5, 7:4:0:0:7, 3:0:0:0:2, 2:0:0:0:4, 2:0:0:0:2, 0:0:0:0:0, 0:0:0:0:0, 2:0:0:0:0, 1:0:0:0:0, 0:0:0:0:0, 0:0:0:0:0, 0:0:0:0:0, 2:0:0:0:4, 6:4:0:0:7, 3:0:0:0:2, 4:1:0:0:6, 7:3:0:0:6, 2:0:0:0:1, 2:0:0:0:2, 3:0:0:0:3, 2:0:0:0:2, 0:0:0:0:0, 1:0:0:0:0, 1:0:0:0:0, 2:0:0:0:1, 1:0:0:0:0, 0:0:0:0:0, 0:0:0:0:0, 2:0:0:0:3, 5:3:0:0:5, 4:0:1:0:1, 2:1:0:0:5, 3:0:0:0:2, 5:4:0:0:8, 3:1:0:0:3, 2:0:0:0:4, 2:0:0:0:3, 3:0:0:0:2, 0:0:0:0:0, 1:0:0:0:0, 3:0:0:0:3, 2:0:0:0:1, 2:0:0:0:0, 0:0:0:0:0, 2:0:0:0:3, 8:3:0:0:8, 3:1:0:0:2, 4:1:0:0:4, 7:4:0:0:6, 2:0:0:0:2, 2:0:0:0:2, 2:0:0:0:1, 2:0:0:0:2, 0:0:0:0:0, 0:0:0:0:0, 1:0:0:0:0, 1:0:0:0:0, 0:0:0:0:0, 0:0:0:0:0, 0:0:0:0:0, 2:0:0:0:3, 4:3:0:0:4, 1:0:0:0:0, 2:0:0:0:2, 2:0:0:0:4, 4:3:0:0:5, 1:0:0:0:0, 2:1:0:0:5, 3:0:0:0:4, 1:0:0:0:1, 2:0:2:0:0, 1:0:0:0:0, 2:0:0:0:1,  , 2:0:0:0:1, 0:0:0:0:0, 2:0:0:0:3, 9:3:0:0:7, 2:0:0:0:1, 4:2:0:0:6, 6:3:0:0:5, 2:0:0:0:3, 2:0:0:0:2, 2:0:0:0:1, 2:0:0:0:4, 3:0:0:0:2, 0:0:0:0:0, 1:0:0:0:0, 1:0:0:0:0, 1:0:0:0:2, 0:0:0:0:0, 0:0:0:0:0, 2:0:0:0:4, 6:3:0:0:6, 2:0:0:0:1, 2:0:0:0:3, 2:0:0:0:4, 9:4:0:0:8, 1:0:0:0:0, 3:0:0:0:4, 2:0:0:0:6, 0:0:0:0:0, 0:0:0:0:0, 2:0:0:0:0, 1:0:0:0:0, 1:0:0:0:0, 0:0:0:0:0, 1:0:0:0:1, 3:0:0:0:4, 6:3:0:0:5, 1:0:0:0:0, 4:1:0:0:5, 10:3:0:0:6, 3:0:0:0:4, 2:0:0:0:5, 3:0:0:0:1, 0:0:0:0:0, 0:0:0:0:0, 0:0:0:0:0, 0:0:0:0:0, 765:172:7:0:754
E phrygian (4#), 2:0:0:0:0, 3:0:0:0:0, 5:0:0:0:0, 4:2:0:0:2, 5:2:0:0:2, 4:1:0:0:1, 5:1:0:0:1, 4:3:0:0:3, 5:4:0:0:4, 4:0:0:0:0, 1:0:0:0:0, 5:2:0:0:2, 3:2:0:0:2, 4:0:0:0:0, 1:0:0:0:0, 5:2:0:0:2, 4:1:0:0:1, 3:0:0:0:0, 5:0:0:0:0, 4:2:0:0:2, 5:2:0:0:2, 4:1:0:0:1, 5:1:0:0:1, 4:3:0:0:3, 5:4:0:0:4, 4:0:0:0:0, 1:0:0:0:0, 5:2:0:0:2, 3:3:0:0:3, 7:0:0:0:0, 5:3:0:0:3, 3:0:0:0:0, 2:0:0:0:0, 3:0:0:0:0, 1:0:0:0:0, 5:3:0:0:3, 5:2:0:0:2, 4:1:0:0:1, 2:0:0:0:0, 5:3:0:0:3, 7:5:0:0:5, 4:0:1:0:1, 2:0:0:0:0, 4:1:0:0:1, 3:1:0:0:1, 3:0:0:0:0, 0:0:0:0:0, 4:1:0:0:1, 3:1:0:0:1, 3:0:0:0:0, 5:0:0:0:0, 4:2:0:0:2, 6:2:0:0:2, 4:1:0:0:1, 5:1:0:0:1, 4:3:0:0:3, 6:3:0:0:3, 3:0:0:0:0, 1:0:0:0:0, 5:2:0:0:2, 4:2:0:0:2, 6:0:0:0:0, 5:3:0:0:3, 2:0:0:0:0, 5:2:0:0:2, 4:0:0:0:0, 4:1:0:0:1, 5:3:0:0:3, 5:3:0:0:3, 4:1:0:0:1, 2:0:0:0:0, 4:4:0:0:4, 7:5:0:0:5, 2:0:0:0:0, 1:0:0:0:0, 4:1:0:0:1, 3:1:0:0:1, 3:0:0:0:0, 1:0:0:0:0, 5:1:0:0:1, 3:1:0:0:1, 2:0:0:0:0, 1:0:0:0:0, 6:2:0:0:2, 6:2:0:0:2, 4:3:0:0:3, 1:0:0:0:0, 6:3:0:0:3, 5:4:0:0:4, 3:0:0:0:0, 0:0:0:0:0, 5:1:0:0:1, 5:2:0:0:2, 5:0:0:0:0, 5:2:0:0:2, 2:0:0:0:0, 5:2:0:0:2, 2:0:0:0:0, 2:0:0:0:0, 4:2:0:0:2, 6:4:0:0:4, 4:1:0:0:1, 1:0:0:0:0, 4:4:0:0:4, 6:8:0:0:8, 2:0:0:0:0, 0:0:0:0:0, 4:2:0:0:2, 3:1:0:0:1, 2:0:0:0:0, 2:0:0:0:0, 5:2:0:0:2, 5:2:0:0:2, 3:0:0:0:0, 3:0:0:0:0, 5:2:0:0:2, 7:4:0:0:4, 4:1:0:0:1, 3:0:0:0:0, 6:5:0:0:5, 5:5:0:0:5, 2:0:0:0:0, 1:0:0:0:0, 4:2:0:0:2, 4:4:0:0:4, 7:0:0:0:0, 5:3:0:0:3, 3:0:0:0:0, 5:2:0:0:2, 2:0:0:0:0, 2:0:0:0:0, 4:2:0:0:2, 5:4:0:0:4, 4:2:0:0:2,  , 6:3:0:0:3, 6:7:0:0:7, 2:0:0:0:0, 0:0:0:0:0, 5:3:0:0:3, 5:1:1:0:2, 2:0:0:0:0, 2:0:0:0:0, 5:3:0:0:3, 5:2:0:0:2, 4:3:0:0:3, 2:0:0:0:0, 5:3:0:0:3, 5:3:0:0:3, 4:1:0:0:1, 2:0:2:0:2, 7:3:0:0:3, 6:7:0:0:7, 4:1:0:0:1, 1:0:0:0:0, 5:3:0:0:3, 4:2:0:0:2, 5:0:0:0:0, 5:2:0:0:2, 4:0:0:0:0, 5:2:0:0:2, 2:0:0:0:0, 1:0:0:0:0, 4:2:0:0:2, 4:2:0:0:2, 4:1:0:0:1, 2:0:0:0:0, 4:3:0:0:3, 5:3:0:0:3, 2:0:0:0:0, 0:0:0:0:0, 4:3:0:0:3, 4:1:0:0:1, 2:0:0:0:0, 0:0:0:0:0, 4:1:0:0:1, 4:1:0:0:1, 3:0:0:0:0, 1:0:0:0:0, 5:3:0:0:3, 6:4:0:0:4, 5:2:0:0:2,  , 5:4:0:0:4, 5:6:0:0:6, 2:0:0:0:0, 0:0:0:0:0, 4:2:0:0:2, 5:3:0:0:3, 7:1:0:0:1, 5:3:0:0:3, 3:0:0:0:0, 5:2:0:0:2, 2:0:0:0:0, 5:1:0:0:1, 7:4:0:0:4, 5:4:0:0:4, 4:1:0:0:1, 2:0:0:0:0, 6:4:0:0:4, 6:6:0:0:6, 3:0:0:0:0, 2:0:1:0:1, 5:2:0:0:2, 5:1:0:0:1, 4:0:0:0:0, 4:0:0:0:0, 4:2:0:0:2, 4:1:0:0:1, 2:0:0:0:0, 2:0:0:0:0, 4:2:0:0:2, 4:2:0:0:2, 4:2:0:0:2, 3:0:0:0:0, 5:4:0:0:4, 4:3:0:0:3, 2:0:0:0:0, 0:0:0:0:0, 4:3:0:0:3, 4:2:0:0:2, 7:0:0:0:0, 5:2:0:0:2, 4:0:0:0:0, 5:2:0:0:2, 4:0:0:0:0, 3:0:0:0:0, 5:3:0:0:3, 6:4:0:0:4, 4:2:0:0:2, 4:0:0:0:0, 6:4:0:0:4, 6:8:0:0:8, 3:0:0:0:0, 2:0:0:0:0, 4:2:0:0:2, 4:2:0:0:2, 3:0:0:0:0, 3:0:0:0:0, 5:2:0:0:2, 6:2:0:0:2, 2:0:0:0:0, 3:0:0:0:0, 5:2:0:0:2, 6:4:0:0:4, 5:1:0:0:1, 1:0:0:0:0, 5:3:0:0:3, 7:5:0:0:5, 2:0:0:0:0, 2:0:0:0:0, 5:1:0:0:1, 6:3:0:0:3, 5:0:0:0:0, 5:2:0:0:2, 2:0:0:0:0, 5:2:0:0:2, 2:0:0:0:0, 2:0:0:0:0, 5:3:0:0:3, 5:2:0:0:2, 4:1:0:0:1, 3:0:0:0:0, 4:3:0:0:3, 5:5:0:0:5, 2:0:0:0:0, 0:0:0:0:0, 7:3:1:0:3, 6:2:0:0:2, 4:0:0:0:0, 1:0:0:0:0, 5:2:0:0:2, 5:1:0:0:1, 2:0:0:0:0, 5:0:0:0:0, 5:2:0:0:2, 6:5:0:0:5, 5:2:0:0:2, 4:2:0:0:2, 9:3:2:0:5, 5:7:0:0:7, 2:0:0:0:0, 3:0:0:0:0, 5:1:0:0:1, 3:2:0:0:2, 6:0:0:0:0, 5:2:0:0:2, 2:0:0:0:0, 5:2:0:0:2, 2:0:0:0:0, 1:0:0:0:0, 4:2:0:0:2, 5:3:0:0:3, 4:2:0:0:2, 0:0:0:0:0, 5:3:0:0:3, 4:3:0:0:3, 2:0:0:0:0, 0:0:0:0:0, 4:2:0:0:2, 3:1:0:0:1, 2:0:0:0:0, 0:0:0:0:0, 4:2:0:0:2, 5:1:0:0:1, 3:0:0:0:0, 0:0:0:0:0, 6:5:2:0:5, 4:2:0:0:2, 4:3:0:0:3,  , 8:6:0:0:6, 5:4:0:0:4, 2:0:0:0:0, 3:1:0:0:1, 5:1:0:0:1, 3:3:0:0:3, 5:0:0:0:0, 5:2:0:0:2, 2:0:0:0:0, 5:2:0:0:2, 3:0:0:0:0, 5:1:0:0:1, 5:2:0:0:2, 7:4:0:0:4, 4:1:0:0:1, 3:2:0:0:2, 6:4:1:0:5, 5:3:0:0:3, 2:0:0:0:0, 1:0:0:0:0, 4:3:0:0:3, 4:1:0:0:1, 3:0:0:0:0, 5:1:0:0:1, 5:1:0:0:1, 5:2:0:0:2, 3:0:0:0:0, 2:0:0:0:0, 4:2:0:0:2, 8:2:2:0:4, 5:6:0:0:6, 5:0:0:0:0, 4:3:0:0:3, 6:3:0:0:3, 3:0:0:0:0, 3:0:0:0:0, 4:4:0:0:4, 4:2:0:0:2, 8:0:0:0:0, 5:3:0:0:3, 4:1:0:0:1, 5:2:0:0:2, 1:0:0:0:0, 1:0:0:0:0, 1:0:0:0:0, 1:0:0:0:0, 1361:531:13:0:541
Ab lydian (4b), 2:0:0:0:1, 3:0:0:0:4, 2:0:1:0:0, 0:0:0:0:0, 2:0:0:0:1, 2:0:0:0:3, 2:0:0:0:1, 0:0:0:0:0, 2:0:0:0:2, 2:0:0:0:3, 5:4:0:0:5, 2:0:0:0:1, 2:0:0:0:3, 2:0:0:0:3, 6:4:0:0:5, 4:0:0:0:1, 2:0:0:0:2, 3:0:0:0:4, 2:0:1:0:0, 0:0:0:0:0, 2:0:0:0:1, 2:0:0:0:3, 2:0:0:0:1, 0:0:0:0:0, 2:0:0:0:2, 2:0:0:0:3, 6:4:0:0:5, 2:0:0:0:1, 4:1:0:0:6, 8:4:0:0:7, 2:0:0:0:2, 3:0:0:0:2, 2:0:0:0:1, 3:0:0:0:5, 0:0:0:0:0, 0:0:0:0:0, 1:0:0:0:0, 1:0:0:0:0, 0:0:0:0:0, 0:0:0:0:0, 1:0:0:0:0, 4:0:0:0:2, 6:3:0:0:4, 1:0:0:0:0, 2:0:0:0:2, 3:0:0:0:2, 4:3:0:0:4, 2:0:0:0:1, 1:0:0:0:1, 3:0:0:0:5, 2:0:1:0:0, 0:0:0:0:0, 1:0:0:0:0, 2:0:0:0:3, 2:0:0:0:1, 0:0:0:0:0, 2:0:0:0:2, 2:0:0:0:3, 6:4:0:0:5, 2:0:0:0:1, 5:1:0:0:6, 7:3:0:0:7, 2:0:0:0:1, 2:0:0:0:2, 3:0:0:0:2, 3:0:0:0:5, 1:0:0:0:2, 0:0:0:0:0, 1:0:0:0:0, 2:0:0:0:1, 1:0:0:0:2, 0:0:0:0:0, 1:0:0:0:1, 2:0:0:0:4, 5:3:0:0:5, 1:0:0:0:0, 2:0:0:0:2, 3:0:0:0:2, 6:3:0:0:5, 1:0:0:0:0, 1:0:0:0:1, 2:0:0:0:2, 2:0:0:0:1, 3:0:0:0:4, 4:0:0:0:1, 2:0:0:0:0, 1:0:0:0:2, 1:0:0:0:2, 0:0:0:0:0, 3:0:0:0:2, 4:3:0:0:4, 3:0:0:0:1, 5:3:1:0:7, 6:3:0:0:5, 2:0:0:0:1, 2:0:0:0:2, 2:0:0:0:1, 2:0:0:0:2, 1:0:0:0:1, 0:0:0:0:0, 3:0:0:0:1, 1:0:0:0:0, 0:0:0:0:0, 0:0:0:0:0, 0:0:0:0:0, 2:0:0:0:4, 4:3:0:0:5, 1:0:0:0:0, 1:0:0:0:3, 2:0:0:0:3, 6:3:0:0:5, 1:0:0:0:0, 3:0:0:0:4, 2:0:0:0:4, 2:0:0:0:3, 0:0:0:0:0, 1:0:0:0:0, 1:0:0:0:0, 2:1:0:0:2, 2:0:0:0:0, 1:0:0:0:1, 2:0:0:0:5, 5:3:0:0:5, 1:0:0:0:0, 5:1:0:0:5, 9:3:0:0:7, 3:0:0:0:3, 2:0:0:0:6, 2:0:0:0:2, 2:0:0:0:4, 1:0:0:0:2, 1:0:0:0:1, 1:0:0:0:0, 1:0:0:0:0,  , 0:0:0:0:0, 0:0:0:0:0, 2:0:0:0:3, 4:3:0:0:4, 2:0:0:0:2, 3:0:0:0:3, 2:0:0:0:6, 5:4:0:0:5, 2:0:0:0:2, 2:0:0:0:2, 4:1:0:0:5, 2:0:0:0:3, 0:0:0:0:0, 1:0:0:0:0, 1:0:0:0:0, 0:0:0:0:0, 2:0:0:0:2, 0:0:0:0:0, 3:1:0:0:4, 5:3:0:0:5, 2:0:0:0:2, 4:1:0:0:6, 6:3:0:0:5, 2:0:0:0:1, 2:0:0:0:4, 2:0:0:0:1, 2:0:0:0:3, 1:0:0:0:2, 0:0:0:0:0, 1:0:0:0:0, 1:0:0:0:0, 1:0:0:0:0, 0:0:0:0:0, 0:0:0:0:0, 2:0:0:0:3, 4:3:0:0:5, 1:0:0:0:0, 1:0:0:0:3, 2:0:0:0:4, 4:4:0:0:5, 1:0:0:0:0, 1:0:0:0:3, 2:0:0:0:3, 1:0:0:0:1, 0:0:0:0:0, 1:0:0:0:0, 1:0:0:0:0,  , 0:0:0:0:0, 0:0:0:0:0, 2:0:0:0:4, 4:4:0:0:5, 2:0:0:0:1, 4:2:0:0:8, 9:3:0:0:8, 3:0:0:0:4, 2:0:0:0:4, 2:0:0:0:1, 2:0:0:0:2, 3:0:0:0:2, 1:0:0:0:0, 1:0:0:0:0, 1:0:0:0:0, 2:1:0:0:2, 0:0:0:0:0, 0:0:0:0:0, 4:1:0:0:9, 6:4:0:0:5, 2:0:0:0:1, 2:0:0:0:3, 3:0:0:0:3, 9:3:0:0:6, 2:0:0:0:1, 1:0:0:0:3, 2:0:0:0:2, 0:0:0:0:0, 0:0:0:0:0, 1:0:0:0:0, 1:0:0:0:0, 1:0:0:0:0, 1:0:0:0:1, 0:0:0:0:0, 2:0:0:0:5, 4:3:0:0:6, 1:0:0:0:0, 4:2:0:0:7, 9:3:0:0:6, 2:0:0:0:1, 3:0:0:0:3, 2:0:0:0:1, 3:0:0:0:4, 2:0:0:0:1, 0:0:0:0:0, 3:0:0:0:1, 1:0:0:0:0, 1:0:0:0:0, 0:0:0:0:0, 0:0:0:0:0, 2:0:0:0:5, 5:4:0:0:5, 2:0:0:0:1, 3:0:0:0:4, 3:0:0:0:5, 7:4:0:0:7, 3:0:0:0:2, 2:0:0:0:4, 2:0:0:0:2, 0:0:0:0:0, 0:0:0:0:0, 2:0:0:0:0, 1:0:0:0:0, 0:0:0:0:0, 0:0:0:0:0, 0:0:0:0:0, 2:0:0:0:4, 6:4:0:0:7, 3:0:0:0:2, 4:1:0:0:6, 7:3:0:0:6, 2:0:0:0:1, 2:0:0:0:2, 3:0:0:0:3, 2:0:0:0:2, 0:0:0:0:0, 1:0:0:0:0, 1:0:0:0:0, 2:0:0:0:1, 1:0:0:0:0, 0:0:0:0:0, 0:0:0:0:0, 2:0:0:0:3, 5:3:0:0:5, 4:0:1:0:1, 2:1:0:0:5, 3:0:0:0:2, 5:4:0:0:8, 3:1:0:0:3, 2:0:0:0:4, 2:0:0:0:3, 3:0:0:0:2, 0:0:0:0:0, 1:0:0:0:0, 3:0:0:0:3, 2:0:0:0:1, 2:0:0:0:0, 0:0:0:0:0, 2:0:0:0:3, 8:3:0:0:8, 3:1:0:0:2, 4:1:0:0:4, 7:4:0:0:6, 2:0:0:0:2, 2:0:0:0:2, 2:0:0:0:1, 2:0:0:0:2, 0:0:0:0:0, 0:0:0:0:0, 1:0:0:0:0, 1:0:0:0:0, 0:0:0:0:0, 0:0:0:0:0, 0:0:0:0:0, 2:0:0:0:3, 4:3:0:0:4, 1:0:0:0:0, 2:0:0:0:2, 2:0:0:0:4, 4:3:0:0:5, 1:0:0:0:0, 2:1:0:0:5, 3:0:0:0:4, 1:0:0:0:1, 2:0:2:0:0, 1:0:0:0:0, 2:0:0:0:1,  , 2:0:0:0:1, 0:0:0:0:0, 2:0:0:0:3, 9:3:0:0:7, 2:0:0:0:1, 4:2:0:0:6, 6:3:0:0:5, 2:0:0:0:3, 2:0:0:0:2, 2:0:0:0:1, 2:0:0:0:4, 3:0:0:0:2, 0:0:0:0:0, 1:0:0:0:0, 1:0:0:0:0, 1:0:0:0:2, 0:0:0:0:0, 0:0:0:0:0, 2:0:0:0:4, 6:3:0:0:6, 2:0:0:0:1, 2:0:0:0:3, 2:0:0:0:4, 9:4:0:0:8, 1:0:0:0:0, 3:0:0:0:4, 2:0:0:0:6, 0:0:0:0:0, 0:0:0:0:0, 2:0:0:0:0, 1:0:0:0:0, 1:0:0:0:0, 0:0:0:0:0, 1:0:0:0:1, 3:0:0:0:4, 6:3:0:0:5, 1:0:0:0:0, 4:1:0:0:5, 10:3:0:0:6, 3:0:0:0:4, 2:0:0:0:5, 3:0:0:0:1, 0:0:0:0:0, 0:0:0:0:0, 0:0:0:0:0, 0:0:0:0:0, 765:172:7:0:754
E lydian (4#), 2:0:0:0:0, 3:0:0:0:0, 5:0:0:0:0, 4:2:0:0:2, 5:2:0:0:2, 4:1:0:0:1, 5:1:0:0:1, 4:3:0:0:3, 5:4:0:0:4, 4:0:0:0:0, 1:0:0:0:0, 5:2:0:0:2, 3:2:0:0:2, 4:0:0:0:0, 1:0:0:0:0, 5:2:0:0:2, 4:1:0:0:1, 3:0:0:0:0, 5:0:0:0:0, 4:2:0:0:2, 5:2:0:0:2, 4:1:0:0:1, 5:1:0:0:1, 4:3:0:0:3, 5:4:0:0:4, 4:0:0:0:0, 1:0:0:0:0, 5:2:0:0:2, 3:3:0:0:3, 7:0:0:0:0, 5:3:0:0:3, 3:0:0:0:0, 2:0:0:0:0, 3:0:0:0:0, 1:0:0:0:0, 5:3:0:0:3, 5:2:0:0:2, 4:1:0:0:1, 2:0:0:0:0, 5:3:0:0:3, 7:5:0:0:5, 4:0:1:0:1, 2:0:0:0:0, 4:1:0:0:1, 3:1:0:0:1, 3:0:0:0:0, 0:0:0:0:0, 4:1:0:0:1, 3:1:0:0:1, 3:0:0:0:0, 5:0:0:0:0, 4:2:0:0:2, 6:2:0:0:2, 4:1:0:0:1, 5:1:0:0:1, 4:3:0:0:3, 6:3:0:0:3, 3:0:0:0:0, 1:0:0:0:0, 5:2:0:0:2, 4:2:0:0:2, 6:0:0:0:0, 5:3:0:0:3, 2:0:0:0:0, 5:2:0:0:2, 4:0:0:0:0, 4:1:0:0:1, 5:3:0:0:3, 5:3:0:0:3, 4:1:0:0:1, 2:0:0:0:0, 4:4:0:0:4, 7:5:0:0:5, 2:0:0:0:0, 1:0:0:0:0, 4:1:0:0:1, 3:1:0:0:1, 3:0:0:0:0, 1:0:0:0:0, 5:1:0:0:1, 3:1:0:0:1, 2:0:0:0:0, 1:0:0:0:0, 6:2:0:0:2, 6:2:0:0:2, 4:3:0:0:3, 1:0:0:0:0, 6:3:0:0:3, 5:4:0:0:4, 3:0:0:0:0, 0:0:0:0:0, 5:1:0:0:1, 5:2:0:0:2, 5:0:0:0:0, 5:2:0:0:2, 2:0:0:0:0, 5:2:0:0:2, 2:0:0:0:0, 2:0:0:0:0, 4:2:0:0:2, 6:4:0:0:4, 4:1:0:0:1, 1:0:0:0:0, 4:4:0:0:4, 6:8:0:0:8, 2:0:0:0:0, 0:0:0:0:0, 4:2:0:0:2, 3:1:0:0:1, 2:0:0:0:0, 2:0:0:0:0, 5:2:0:0:2, 5:2:0:0:2, 3:0:0:0:0, 3:0:0:0:0, 5:2:0:0:2, 7:4:0:0:4, 4:1:0:0:1, 3:0:0:0:0, 6:5:0:0:5, 5:5:0:0:5, 2:0:0:0:0, 1:0:0:0:0, 4:2:0:0:2, 4:4:0:0:4, 7:0:0:0:0, 5:3:0:0:3, 3:0:0:0:0, 5:2:0:0:2, 2:0:0:0:0, 2:0:0:0:0, 4:2:0:0:2, 5:4:0:0:4, 4:2:0:0:2,  , 6:3:0:0:3, 6:7:0:0:7, 2:0:0:0:0, 0:0:0:0:0, 5:3:0:0:3, 5:1:1:0:2, 2:0:0:0:0, 2:0:0:0:0, 5:3:0:0:3, 5:2:0:0:2, 4:3:0:0:3, 2:0:0:0:0, 5:3:0:0:3, 5:3:0:0:3, 4:1:0:0:1, 2:0:2:0:2, 7:3:0:0:3, 6:7:0:0:7, 4:1:0:0:1, 1:0:0:0:0, 5:3:0:0:3, 4:2:0:0:2, 5:0:0:0:0, 5:2:0:0:2, 4:0:0:0:0, 5:2:0:0:2, 2:0:0:0:0, 1:0:0:0:0, 4:2:0:0:2, 4:2:0:0:2, 4:1:0:0:1, 2:0:0:0:0, 4:3:0:0:3, 5:3:0:0:3, 2:0:0:0:0, 0:0:0:0:0, 4:3:0:0:3, 4:1:0:0:1, 2:0:0:0:0, 0:0:0:0:0, 4:1:0:0:1, 4:1:0:0:1, 3:0:0:0:0, 1:0:0:0:0, 5:3:0:0:3, 6:4:0:0:4, 5:2:0:0:2,  , 5:4:0:0:4, 5:6:0:0:6, 2:0:0:0:0, 0:0:0:0:0, 4:2:0:0:2, 5:3:0:0:3, 7:1:0:0:1, 5:3:0:0:3, 3:0:0:0:0, 5:2:0:0:2, 2:0:0:0:0, 5:1:0:0:1, 7:4:0:0:4, 5:4:0:0:4, 4:1:0:0:1, 2:0:0:0:0, 6:4:0:0:4, 6:6:0:0:6, 3:0:0:0:0, 2:0:1:0:1, 5:2:0:0:2, 5:1:0:0:1, 4:0:0:0:0, 4:0:0:0:0, 4:2:0:0:2, 4:1:0:0:1, 2:0:0:0:0, 2:0:0:0:0, 4:2:0:0:2, 4:2:0:0:2, 4:2:0:0:2, 3:0:0:0:0, 5:4:0:0:4, 4:3:0:0:3, 2:0:0:0:0, 0:0:0:0:0, 4:3:0:0:3, 4:2:0:0:2, 7:0:0:0:0, 5:2:0:0:2, 4:0:0:0:0, 5:2:0:0:2, 4:0:0:0:0, 3:0:0:0:0, 5:3:0:0:3, 6:4:0:0:4, 4:2:0:0:2, 4:0:0:0:0, 6:4:0:0:4, 6:8:0:0:8, 3:0:0:0:0, 2:0:0:0:0, 4:2:0:0:2, 4:2:0:0:2, 3:0:0:0:0, 3:0:0:0:0, 5:2:0:0:2, 6:2:0:0:2, 2:0:0:0:0, 3:0:0:0:0, 5:2:0:0:2, 6:4:0:0:4, 5:1:0:0:1, 1:0:0:0:0, 5:3:0:0:3, 7:5:0:0:5, 2:0:0:0:0, 2:0:0:0:0, 5:1:0:0:1, 6:3:0:0:3, 5:0:0:0:0, 5:2:0:0:2, 2:0:0:0:0, 5:2:0:0:2, 2:0:0:0:0, 2:0:0:0:0, 5:3:0:0:3, 5:2:0:0:2, 4:1:0:0:1, 3:0:0:0:0, 4:3:0:0:3, 5:5:0:0:5, 2:0:0:0:0, 0:0:0:0:0, 7:3:1:0:3, 6:2:0:0:2, 4:0:0:0:0, 1:0:0:0:0, 5:2:0:0:2, 5:1:0:0:1, 2:0:0:0:0, 5:0:0:0:0, 5:2:0:0:2, 6:5:0:0:5, 5:2:0:0:2, 4:2:0:0:2, 9:3:2:0:5, 5:7:0:0:7, 2:0:0:0:0, 3:0:0:0:0, 5:1:0:0:1, 3:2:0:0:2, 6:0:0:0:0, 5:2:0:0:2, 2:0:0:0:0, 5:2:0:0:2, 2:0:0:0:0, 1:0:0:0:0, 4:2:0:0:2, 5:3:0:0:3, 4:2:0:0:2, 0:0:0:0:0, 5:3:0:0:3, 4:3:0:0:3, 2:0:0:0:0, 0:0:0:0:0, 4:2:0:0:2, 3:1:0:0:1, 2:0:0:0:0, 0:0:0:0:0, 4:2:0:0:2, 5:1:0:0:1, 3:0:0:0:0, 0:0:0:0:0, 6:5:2:0:5, 4:2:0:0:2, 4:3:0:0:3,  , 8:6:0:0:6, 5:4:0:0:4, 2:0:0:0:0, 3:1:0:0:1, 5:1:0:0:1, 3:3:0:0:3, 5:0:0:0:0, 5:2:0:0:2, 2:0:0:0:0, 5:2:0:0:2, 3:0:0:0:0, 5:1:0:0:1, 5:2:0:0:2, 7:4:0:0:4, 4:1:0:0:1, 3:2:0:0:2, 6:4:1:0:5, 5:3:0:0:3, 2:0:0:0:0, 1:0:0:0:0, 4:3:0:0:3, 4:1:0:0:1, 3:0:0:0:0, 5:1:0:0:1, 5:1:0:0:1, 5:2:0:0:2, 3:0:0:0:0, 2:0:0:0:0, 4:2:0:0:2, 8:2:2:0:4, 5:6:0:0:6, 5:0:0:0:0, 4:3:0:0:3, 6:3:0:0:3, 3:0:0:0:0, 3:0:0:0:0, 4:4:0:0:4, 4:2:0:0:2, 8:0:0:0:0, 5:3:0:0:3, 4:1:0:0:1, 5:2:0:0:2, 1:0:0:0:0, 1:0:0:0:0, 1:0:0:0:0, 1:0:0:0:0, 1361:531:13:0:541
Ab mixolydian (4b), 2:0:0:0:1, 3:0:0:0:4, 2:0:1:0:0, 0:0:0:0:0, 2:0:0:0:1, 2:0:0:0:3, 2:0:0:0:1, 0:0:0:0:0, 2:0:0:0:2, 2:0:0:0:3, 5:4:0:0:5, 2:0:0:0:1, 2:0:0:0:3, 2:0:0:0:3, 6:4:0:0:5, 4:0:0:0:1, 2:0:0:0:2, 3:0:0:0:4, 2:0:1:0:0, 0:0:0:0:0, 2:0:0:0:1, 2:0:0:0:3, 2:0:0:0:1, 0:0:0:0:0, 2:0:0:0:2, 2:0:0:0:3, 6:4:0:0:5, 2:0:0:0:1, 4:1:0:0:6, 8:4:0:0:7, 2:0:0:0:2, 3:0:0:0:2, 2:0:0:0:1, 3:0:0:0:5, 0:0:0:0:0, 0:0:0:0:0, 1:0:0:0:0, 1:0:0:0:0, 0:0:0:0:0, 0:0:0:0:0, 1:0:0:0:0, 4:0:0:0:2, 6:3:0:0:4, 1:0:0:0:0, 2:0:0:0:2, 3:0:0:0:2, 4:3:0:0:4, 2:0:0:0:1, 1:0:0:0:1, 3:0:0:0:5, 2:0:1:0:0, 0:0:0:0:0, 1:0:0:0:0, 2:0:0:0:3, 2:0:0:0:1, 0:0:0:0:0, 2:0:0:0:2, 2:0:0:0:3, 6:4:0:0:5, 2:0:0:0:1, 5:1:0:0:6, 7:3:0:0:7, 2:0:0:0:1, 2:0:0:0:2, 3:0:0:0:2, 3:0:0:0:5, 1:0:0:0:2, 0:0:0:0:0, 1:0:0:0:0, 2:0:0:0:1, 1:0:0:0:2, 0:0:0:0:0, 1:0:0:0:1, 2:0:0:0:4, 5:3:0:0:5, 1:0:0:0:0, 2:0:0:0:2, 3:0:0:0:2, 6:3:0:0:5, 1:0:0:0:0, 1:0:0:0:1, 2:0:0:0:2, 2:0:0:0:1, 3:0:0:0:4, 4:0:0:0:1, 2:0:0:0:0, 1:0:0:0:2, 1:0:0:0:2, 0:0:0:0:0, 3:0:0:0:2, 4:3:0:0:4, 3:0:0:0:1, 5:3:1:0:7, 6:3:0:0:5, 2:0:0:0:1, 2:0:0:0:2, 2:0:0:0:1, 2:0:0:0:2, 1:0:0:0:1, 0:0:0:0:0, 3:0:0:0:1, 1:0:0:0:0, 0:0:0:0:0, 0:0:0:0:0, 0:0:0:0:0, 2:0:0:0:4, 4:3:0:0:5, 1:0:0:0:0, 1:0:0:0:3, 2:0:0:0:3, 6:3:0:0:5, 1:0:0:0:0, 3:0:0:0:4, 2:0:0:0:4, 2:0:0:0:3, 0:0:0:0:0, 1:0:0:0:0, 1:0:0:0:0, 2:1:0:0:2, 2:0:0:0:0, 1:0:0:0:1, 2:0:0:0:5, 5:3:0:0:5, 1:0:0:0:0, 5:1:0:0:5, 9:3:0:0:7, 3:0:0:0:3, 2:0:0:0:6, 2:0:0:0:2, 2:0:0:0:4, 1:0:0:0:2, 1:0:0:0:1, 1:0:0:0:0, 1:0:0:0:0,  , 0:0:0:0:0, 0:0:0:0:0, 2:0:0:0:3, 4:3:0:0:4, 2:0:0:0:2, 3:0:0:0:3, 2:0:0:0:6, 5:4:0:0:5, 2:0:0:0:2, 2:0:0:0:2, 4:1:0:0:5, 2:0:0:0:3, 0:0:0:0:0, 1:0:0:0:0, 1:0:0:0:0, 0:0:0:0:0, 2:0:0:0:2, 0:0:0:0:0, 3:1:0:0:4, 5:3:0:0:5, 2:0:0:0:2, 4:1:0:0:6, 6:3:0:0:5, 2:0:0:0:1, 2:0:0:0:4, 2:0:0:0:1, 2:0:0:0:3, 1:0:0:0:2, 0:0:0:0:0, 1:0:0:0:0, 1:0:0:0:0, 1:0:0:0:0, 0:0:0:0:0, 0:0:0:0:0, 2:0:0:0:3, 4:3:0:0:5, 1:0:0:0:0, 1:0:0:0:3, 2:0:0:0:4, 4:4:0:0:5, 1:0:0:0:0, 1:0:0:0:3, 2:0:0:0:3, 1:0:0:0:1, 0:0:0:0:0, 1:0:0:0:0, 1:0:0:0:0,  , 0:0:0:0:0, 0:0:0:0:0, 2:0:0:0:4, 4:4:0:0:5, 2:0:0:0:1, 4:2:0:0:8, 9:3:0:0:8, 3:0:0:0:4, 2:0:0:0:4, 2:0:0:0:1, 2:0:0:0:2, 3:0:0:0:2, 1:0:0:0:0, 1:0:0:0:0, 1:0:0:0:0, 2:1:0:0:2, 0:0:0:0:0, 0:0:0:0:0, 4:1:0:0:9, 6:4:0:0:5, 2:0:0:0:1, 2:0:0:0:3, 3:0:0:0:3, 9:3:0:0:6, 2:0:0:0:1, 1:0:0:0:3, 2:0:0:0:2, 0:0:0:0:0, 0:0:0:0:0, 1:0:0:0:0, 1:0:0:0:0, 1:0:0:0:0, 1:0:0:0:1, 0:0:0:0:0, 2:0:0:0:5, 4:3:0:0:6, 1:0:0:0:0, 4:2:0:0:7, 9:3:0:0:6, 2:0:0:0:1, 3:0:0:0:3, 2:0:0:0:1, 3:0:0:0:4, 2:0:0:0:1, 0:0:0:0:0, 3:0:0:0:1, 1:0:0:0:0, 1:0:0:0:0, 0:0:0:0:0, 0:0:0:0:0, 2:0:0:0:5, 5:4:0:0:5, 2:0:0:0:1, 3:0:0:0:4, 3:0:0:0:5, 7:4:0:0:7, 3:0:0:0:2, 2:0:0:0:4, 2:0:0:0:2, 0:0:0:0:0, 0:0:0:0:0, 2:0:0:0:0, 1:0:0:0:0, 0:0:0:0:0, 0:0:0:0:0, 0:0:0:0:0, 2:0:0:0:4, 6:4:0:0:7, 3:0:0:0:2, 4:1:0:0:6, 7:3:0:0:6, 2:0:0:0:1, 2:0:0:0:2, 3:0:0:0:3, 2:0:0:0:2, 0:0:0:0:0, 1:0:0:0:0, 1:0:0:0:0, 2:0:0:0:1, 1:0:0:0:0, 0:0:0:0:0, 0:0:0:0:0, 2:0:0:0:3, 5:3:0:0:5, 4:0:1:0:1, 2:1:0:0:5, 3:0:0:0:2, 5:4:0:0:8, 3:1:0:0:3, 2:0:0:0:4, 2:0:0:0:3, 3:0:0:0:2, 0:0:0:0:0, 1:0:0:0:0, 3:0:0:0:3, 2:0:0:0:1, 2:0:0:0:0, 0:0:0:0:0, 2:0:0:0:3, 8:3:0:0:8, 3:1:0:0:2, 4:1:0:0:4, 7:4:0:0:6, 2:0:0:0:2, 2:0:0:0:2, 2:0:0:0:1, 2:0:0:0:2, 0:0:0:0:0, 0:0:0:0:0, 1:0:0:0:0, 1:0:0:0:0, 0:0:0:0:0, 0:0:0:0:0, 0:0:0:0:0, 2:0:0:0:3, 4:3:0:0:4, 1:0:0:0:0, 2:0:0:0:2, 2:0:0:0:4, 4:3:0:0:5, 1:0:0:0:0, 2:1:0:0:5, 3:0:0:0:4, 1:0:0:0:1, 2:0:2:0:0, 1:0:0:0:0, 2:0:0:0:1,  , 2:0:0:0:1, 0:0:0:0:0, 2:0:0:0:3, 9:3:0:0:7, 2:0:0:0:1, 4:2:0:0:6, 6:3:0:0:5, 2:0:0:0:3, 2:0:0:0:2, 2:0:0:0:1, 2:0:0:0:4, 3:0:0:0:2, 0:0:0:0:0, 1:0:0:0:0, 1:0:0:0:0, 1:0:0:0:2, 0:0:0:0:0, 0:0:0:0:0, 2:0:0:0:4, 6:3:0:0:6, 2:0:0:0:1, 2:0:0:0:3, 2:0:0:0:4, 9:4:0:0:8, 1:0:0:0:0, 3:0:0:0:4, 2:0:0:0:6, 0:0:0:0:0, 0:0:0:0:0, 2:0:0:0:0, 1:0:0:0:0, 1:0:0:0:0, 0:0:0:0:0, 1:0:0:0:1, 3:0:0:0:4, 6:3:0:0:5, 1:0:0:0:0, 4:1:0:0:5, 10:3:0:0:6, 3:0:0:0:4, 2:0:0:0:5, 3:0:0:0:1, 0:0:0:0:0, 0:0:0:0:0, 0:0:0:0:0, 0:0:0:0:0, 765:172:7:0:754
E mixolydian (4#), 2:0:0:0:0, 3:0:0:0:0, 5:0:0:0:0, 4:2:0:0:2, 5:2:0:0:2, 4:1:0:0:1, 5:1:0:0:1, 4:3:0:0:3, 5:4:0:0:4, 4:0:0:0:0, 1:0:0:0:0, 5:2:0:0:2, 3:2:0:0:2, 4:0:0:0:0, 1:0:0:0:0, 5:2:0:0:2, 4:1:0:0:1, 3:0:0:0:0, 5:0:0:0:0, 4:2:0:0:2, 5:2:0:0:2, 4:1:0:0:1, 5:1:0:0:1, 4:3:0:0:3, 5:4:0:0:4, 4:0:0:0:0, 1:0:0:0:0, 5:2:0:0:2, 3:3:0:0:3, 7:0:0:0:0, 5:3:0:0:3, 3:0:0:0:0, 2:0:0:0:0, 3:0:0:0:0, 1:0:0:0:0, 5:3:0:0:3, 5:2:0:0:2, 4:1:0:0:1, 2:0:0:0:0, 5:3:0:0:3, 7:5:0:0:5, 4:0:1:0:1, 2:0:0:0:0, 4:1:0:0:1, 3:1:0:0:1, 3:0:0:0:0, 0:0:0:0:0, 4:1:0:0:1, 3:1:0:0:1, 3:0:0:0:0, 5:0:0:0:0, 4:2:0:0:2, 6:2:0:0:2, 4:1:0:0:1, 5:1:0:0:1, 4:3:0:0:3, 6:3:0:0:3, 3:0:0:0:0, 1:0:0:0:0, 5:2:0:0:2, 4:2:0:0:2, 6:0:0:0:0, 5:3:0:0:3, 2:0:0:0:0, 5:2:0:0:2, 4:0:0:0:0, 4:1:0:0:1, 5:3:0:0:3, 5:3:0:0:3, 4:1:0:0:1, 2:0:0:0:0, 4:4:0:0:4, 7:5:0:0:5, 2:0:0:0:0, 1:0:0:0:0, 4:1:0:0:1, 3:1:0:0:1, 3:0:0:0:0, 1:0:0:0:0, 5:1:0:0:1, 3:1:0:0:1, 2:0:0:0:0, 1:0:0:0:0, 6:2:0:0:2, 6:2:0:0:2, 4:3:0:0:3, 1:0:0:0:0, 6:3:0:0:3, 5:4:0:0:4, 3:0:0:0:0, 0:0:0:0:0, 5:1:0:0:1, 5:2:0:0:2, 5:0:0:0:0, 5:2:0:0:2, 2:0:0:0:0, 5:2:0:0:2, 2:0:0:0:0, 2:0:0:0:0, 4:2:0:0:2, 6:4:0:0:4, 4:1:0:0:1, 1:0:0:0:0, 4:4:0:0:4, 6:8:0:0:8, 2:0:0:0:0, 0:0:0:0:0, 4:2:0:0:2, 3:1:0:0:1, 2:0:0:0:0, 2:0:0:0:0, 5:2:0:0:2, 5:2:0:0:2, 3:0:0:0:0, 3:0:0:0:0, 5:2:0:0:2, 7:4:0:0:4, 4:1:0:0:1, 3:0:0:0:0, 6:5:0:0:5, 5:5:0:0:5, 2:0:0:0:0, 1:0:0:0:0, 4:2:0:0:2, 4:4:0:0:4, 7:0:0:0:0, 5:3:0:0:3, 3:0:0:0:0, 5:2:0:0:2, 2:0:0:0:0, 2:0:0:0:0, 4:2:0:0:2, 5:4:0:0:4, 4:2:0:0:2,  , 6:3:0:0:3, 6:7:0:0:7, 2:0:0:0:0, 0:0:0:0:0, 5:3:0:0:3, 5:1:1:0:2, 2:0:0:0:0, 2:0:0:0:0, 5:3:0:0:3, 5:2:0:0:2, 4:3:0:0:3, 2:0:0:0:0, 5:3:0:0:3, 5:3:0:0:3, 4:1:0:0:1, 2:0:2:0:2, 7:3:0:0:3, 6:7:0:0:7, 4:1:0:0:1, 1:0:0:0:0, 5:3:0:0:3, 4:2:0:0:2, 5:0:0:0:0, 5:2:0:0:2, 4:0:0:0:0, 5:2:0:0:2, 2:0:0:0:0, 1:0:0:0:0, 4:2:0:0:2, 4:2:0:0:2, 4:1:0:0:1, 2:0:0:0:0, 4:3:0:0:3, 5:3:0:0:3, 2:0:0:0:0, 0:0:0:0:0, 4:3:0:0:3, 4:1:0:0:1, 2:0:0:0:0, 0:0:0:0:0, 4:1:0:0:1, 4:1:0:0:1, 3:0:0:0:0, 1:0:0:0:0, 5:3:0:0:3, 6:4:0:0:4, 5:2:0:0:2,  , 5:4:0:0:4, 5:6:0:0:6, 2:0:0:0:0, 0:0:0:0:0, 4:2:0:0:2, 5:3:0:0:3, 7:1:0:0:1, 5:3:0:0:3, 3:0:0:0:0, 5:2:0:0:2, 2:0:0:0:0, 5:1:0:0:1, 7:4:0:0:4, 5:4:0:0:4, 4:1:0:0:1, 2:0:0:0:0, 6:4:0:0:4, 6:6:0:0:6, 3:0:0:0:0, 2:0:1:0:1, 5:2:0:0:2, 5:1:0:0:1, 4:0:0:0:0, 4:0:0:0:0, 4:2:0:0:2, 4:1:0:0:1, 2:0:0:0:0, 2:0:0:0:0, 4:2:0:0:2, 4:2:0:0:2, 4:2:0:0:2, 3:0:0:0:0, 5:4:0:0:4, 4:3:0:0:3, 2:0:0:0:0, 0:0:0:0:0, 4:3:0:0:3, 4:2:0:0:2, 7:0:0:0:0, 5:2:0:0:2, 4:0:0:0:0, 5:2:0:0:2, 4:0:0:0:0, 3:0:0:0:0, 5:3:0:0:3, 6:4:0:0:4, 4:2:0:0:2, 4:0:0:0:0, 6:4:0:0:4, 6:8:0:0:8, 3:0:0:0:0, 2:0:0:0:0, 4:2:0:0:2, 4:2:0:0:2, 3:0:0:0:0, 3:0:0:0:0, 5:2:0:0:2, 6:2:0:0:2, 2:0:0:0:0, 3:0:0:0:0, 5:2:0:0:2, 6:4:0:0:4, 5:1:0:0:1, 1:0:0:0:0, 5:3:0:0:3, 7:5:0:0:5, 2:0:0:0:0, 2:0:0:0:0, 5:1:0:0:1, 6:3:0:0:3, 5:0:0:0:0, 5:2:0:0:2, 2:0:0:0:0, 5:2:0:0:2, 2:0:0:0:0, 2:0:0:0:0, 5:3:0:0:3, 5:2:0:0:2, 4:1:0:0:1, 3:0:0:0:0, 4:3:0:0:3, 5:5:0:0:5, 2:0:0:0:0, 0:0:0:0:0, 7:3:1:0:3, 6:2:0:0:2, 4:0:0:0:0, 1:0:0:0:0, 5:2:0:0:2, 5:1:0:0:1, 2:0:0:0:0, 5:0:0:0:0, 5:2:0:0:2, 6:5:0:0:5, 5:2:0:0:2, 4:2:0:0:2, 9:3:2:0:5, 5:7:0:0:7, 2:0:0:0:0, 3:0:0:0:0, 5:1:0:0:1, 3:2:0:0:2, 6:0:0:0:0, 5:2:0:0:2, 2:0:0:0:0, 5:2:0:0:2, 2:0:0:0:0, 1:0:0:0:0, 4:2:0:0:2, 5:3:0:0:3, 4:2:0:0:2, 0:0:0:0:0, 5:3:0:0:3, 4:3:0:0:3, 2:0:0:0:0, 0:0:0:0:0, 4:2:0:0:2, 3:1:0:0:1, 2:0:0:0:0, 0:0:0:0:0, 4:2:0:0:2, 5:1:0:0:1, 3:0:0:0:0, 0:0:0:0:0, 6:5:2:0:5, 4:2:0:0:2, 4:3:0:0:3,  , 8:6:0:0:6, 5:4:0:0:4, 2:0:0:0:0, 3:1:0:0:1, 5:1:0:0:1, 3:3:0:0:3, 5:0:0:0:0, 5:2:0:0:2, 2:0:0:0:0, 5:2:0:0:2, 3:0:0:0:0, 5:1:0:0:1, 5:2:0:0:2, 7:4:0:0:4, 4:1:0:0:1, 3:2:0:0:2, 6:4:1:0:5, 5:3:0:0:3, 2:0:0:0:0, 1:0:0:0:0, 4:3:0:0:3, 4:1:0:0:1, 3:0:0:0:0, 5:1:0:0:1, 5:1:0:0:1, 5:2:0:0:2, 3:0:0:0:0, 2:0:0:0:0, 4:2:0:0:2, 8:2:2:0:4, 5:6:0:0:6, 5:0:0:0:0, 4:3:0:0:3, 6:3:0:0:3, 3:0:0:0:0, 3:0:0:0:0, 4:4:0:0:4, 4:2:0:0:2, 8:0:0:0:0, 5:3:0:0:3, 4:1:0:0:1, 5:2:0:0:2, 1:0:0:0:0, 1:0:0:0:0, 1:0:0:0:0, 1:0:0:0:0, 1361:531:13:0:541
Ab aeolian (4b), 2:0:0:0:1, 3:0:0:0:4, 2:0:1:0:0, 0:0:0:0:0, 2:0:0:0:1, 2:0:0:0:3, 2:0:0:0:1, 0:0:0:0:0, 2:0:0:0:2, 2:0:0:0:3, 5:4:0:0:5, 2:0:0:0:1, 2:0:0:0:3, 2:0:0:0:3, 6:4:0:0:5, 4:0:0:0:1, 2:0:0:0:2, 3:0:0:0:4, 2:0:1:0:0, 0:0:0:0:0, 2:0:0:0:1, 2:0:0:0:3, 2:0:0:0:1, 0:0:0:0:0, 2:0:0:0:2, 2:0:0:0:3, 6:4:0:0:5, 2:0:0:0:1, 4:1:0:0:6, 8:4:0:0:7, 2:0:0:0:2, 3:0:0:0:2, 2:0:0:0:1, 3:0:0:0:5, 0:0:0:0:0, 0:0:0:0:0, 1:0:0:0:0, 1:0:0:0:0, 0:0:0:0:0, 0:0:0:0:0, 1:0:0:0:0, 4:0:0:0:2, 6:3:0:0:4, 1:0:0:0:0, 2:0:0:0:2, 3:0:0:0:2, 4:3:0:0:4, 2:0:0:0:1, 1:0:0:0:1, 3:0:0:0:5, 2:0:1:0:0, 0:0:0:0:0, 1:0:0:0:0, 2:0:0:0:3, 2:0:0:0:1, 0:0:0:0:0, 2:0:0:0:2, 2:0:0:0:3, 6:4:0:0:5, 2:0:0:0:1, 5:1:0:0:6, 7:3:0:0:7, 2:0:0:0:1, 2:0:0:0:2, 3:0:0:0:2, 3:0:0:0:5, 1:0:0:0:2, 0:0:0:0:0, 1:0:0:0:0, 2:0:0:0:1, 1:0:0:0:2, 0:0:0:0:0, 1:0:0:0:1, 2:0:0:0:4, 5:3:0:0:5, 1:0:0:0:0, 2:0:0:0:2, 3:0:0:0:2, 6:3:0:0:5, 1:0:0:0:0, 1:0:0:0:1, 2:0:0:0:2, 2:0:0:0:1, 3:0:0:0:4, 4:0:0:0:1, 2:0:0:0:0, 1:0:0:0:2, 1:0:0:0:2, 0:0:0:0:0, 3:0:0:0:2, 4:3:0:0:4, 3:0:0:0:1, 5:3:1:0:7, 6:3:0:0:5, 2:0:0:0:1, 2:0:0:0:2, 2:0:0:0:1, 2:0:0:0:2, 1:0:0:0:1, 0:0:0:0:0, 3:0:0:0:1, 1:0:0:0:0, 0:0:0:0:0, 0:0:0:0:0, 0:0:0:0:0, 2:0:0:0:4, 4:3:0:0:5, 1:0:0:0:0, 1:0:0:0:3, 2:0:0:0:3, 6:3:0:0:5, 1:0:0:0:0, 3:0:0:0:4, 2:0:0:0:4, 2:0:0:0:3, 0:0:0:0:0, 1:0:0:0:0, 1:0:0:0:0, 2:1:0:0:2, 2:0:0:0:0, 1:0:0:0:1, 2:0:0:0:5, 5:3:0:0:5, 1:0:0:0:0, 5:1:0:0:5, 9:3:0:0:7, 3:0:0:0:3, 2:0:0:0:6, 2:0:0:0:2, 2:0:0:0:4, 1:0:0:0:2, 1:0:0:0:1, 1:0:0:0:0, 1:0:0:0:0,  , 0:0:0:0:0, 0:0:0:0:0, 2:0:0:0:3, 4:3:0:0:4, 2:0:0:0:2, 3:0:0:0:3, 2:0:0:0:6, 5:4:0:0:5, 2:0:0:0:2, 2:0:0:0:2, 4:1:0:0:5, 2:0:0:0:3, 0:0:0:0:0, 1:0:0:0:0, 1:0:0:0:0, 0:0:0:0:0, 2:0:0:0:2, 0:0:0:0:0, 3:1:0:0:4, 5:3:0:0:5, 2:0:0:0:2, 4:1:0:0:6, 6:3:0:0:5, 2:0:0:0:1, 2:0:0:0:4, 2:0:0:0:1, 2:0:0:0:3, 1:0:0:0:2, 0:0:0:0:0, 1:0:0:0:0, 1:0:0:0:0, 1:0:0:0:0, 0:0:0:0:0, 0:0:0:0:0, 2:0:0:0:3, 4:3:0:0:5, 1:0:0:0:0, 1:0:0:0:3, 2:0:0:0:4, 4:4:0:0:5, 1:0:0:0:0, 1:0:0:0:3, 2:0:0:0:3, 1:0:0:0:1, 0:0:0:0:0, 1:0:0:0:0, 1:0:0:0:0,  , 0:0:0:0:0, 0:0:0:0:0, 2:0:0:0:4, 4:4:0:0:5, 2:0:0:0:1, 4:2:0:0:8, 9:3:0:0:8, 3:0:0:0:4, 2:0:0:0:4, 2:0:0:0:1, 2:0:0:0:2, 3:0:0:0:2, 1:0:0:0:0, 1:0:0:0:0, 1:0:0:0:0, 2:1:0:0:2, 0:0:0:0:0, 0:0:0:0:0, 4:1:0:0:9, 6:4:0:0:5, 2:0:0:0:1, 2:0:0:0:3, 3:0:0:0:3, 9:3:0:0:6, 2:0:0:0:1, 1:0:0:0:3, 2:0:0:0:2, 0:0:0:0:0, 0:0:0:0:0, 1:0:0:0:0, 1:0:0:0:0, 1:0:0:0:0, 1:0:0:0:1, 0:0:0:0:0, 2:0:0:0:5, 4:3:0:0:6, 1:0:0:0:0, 4:2:0:0:7, 9:3:0:0:6, 2:0:0:0:1, 3:0:0:0:3, 2:0:0:0:1, 3:0:0:0:4, 2:0:0:0:1, 0:0:0:0:0, 3:0:0:0:1, 1:0:0:0:0, 1:0:0:0:0, 0:0:0:0:0, 0:0:0:0:0, 2:0:0:0:5, 5:4:0:0:5, 2:0:0:0:1, 3:0:0:0:4, 3:0:0:0:5, 7:4:0:0:7, 3:0:0:0:2, 2:0:0:0:4, 2:0:0:0:2, 0:0:0:0:0, 0:0:0:0:0, 2:0:0:0:0, 1:0:0:0:0, 0:0:0:0:0, 0:0:0:0:0, 0:0:0:0:0, 2:0:0:0:4, 6:4:0:0:7, 3:0:0:0:2, 4:1:0:0:6, 7:3:0:0:6, 2:0:0:0:1, 2:0:0:0:2, 3:0:0:0:3, 2:0:0:0:2, 0:0:0:0:0, 1:0:0:0:0, 1:0:0:0:0, 2:0:0:0:1, 1:0:0:0:0, 0:0:0:0:0, 0:0:0:0:0, 2:0:0:0:3, 5:3:0:0:5, 4:0:1:0:1, 2:1:0:0:5, 3:0:0:0:2, 5:4:0:0:8, 3:1:0:0:3, 2:0:0:0:4, 2:0:0:0:3, 3:0:0:0:2, 0:0:0:0:0, 1:0:0:0:0, 3:0:0:0:3, 2:0:0:0:1, 2:0:0:0:0, 0:0:0:0:0, 2:0:0:0:3, 8:3:0:0:8, 3:1:0:0:2, 4:1:0:0:4, 7:4:0:0:6, 2:0:0:0:2, 2:0:0:0:2, 2:0:0:0:1, 2:0:0:0:2, 0:0:0:0:0, 0:0:0:0:0, 1:0:0:0:0, 1:0:0:0:0, 0:0:0:0:0, 0:0:0:0:0, 0:0:0:0:0, 2:0:0:0:3, 4:3:0:0:4, 1:0:0:0:0, 2:0:0:0:2, 2:0:0:0:4, 4:3:0:0:5, 1:0:0:0:0, 2:1:0:0:5, 3:0:0:0:4, 1:0:0:0:1, 2:0:2:0:0, 1:0:0:0:0, 2:0:0:0:1,  , 2:0:0:0:1, 0:0:0:0:0, 2:0:0:0:3, 9:3:0:0:7, 2:0:0:0:1, 4:2:0:0:6, 6:3:0:0:5, 2:0:0:0:3, 2:0:0:0:2, 2:0:0:0:1, 2:0:0:0:4, 3:0:0:0:2, 0:0:0:0:0, 1:0:0:0:0, 1:0:0:0:0, 1:0:0:0:2, 0:0:0:0:0, 0:0:0:0:0, 2:0:0:0:4, 6:3:0:0:6, 2:0:0:0:1, 2:0:0:0:3, 2:0:0:0:4, 9:4:0:0:8, 1:0:0:0:0, 3:0:0:0:4, 2:0:0:0:6, 0:0:0:0:0, 0:0:0:0:0, 2:0:0:0:0, 1:0:0:0:0, 1:0:0:0:0, 0:0:0:0:0, 1:0:0:0:1, 3:0:0:0:4, 6:3:0:0:5, 1:0:0:0:0, 4:1:0:0:5, 10:3:0:0:6, 3:0:0:0:4, 2:0:0:0:5, 3:0:0:0:1, 0:0:0:0:0, 0:0:0:0:0, 0:0:0:0:0, 0:0:0:0:0, 765:172:7:0:754
E aeolian (4#), 2:0:0:0:0, 3:0:0:0:0, 5:0:0:0:0, 4:2:0:0:2, 5:2:0:0:2, 4:1:0:0:1, 5:1:0:0:1, 4:3:0:0:3, 5:4:0:0:4, 4:0:0:0:0, 1:0:0:0:0, 5:2:0:0:2, 3:2:0:0:2, 4:0:0:0:0, 1:0:0:0:0, 5:2:0:0:2, 4:1:0:0:1, 3:0:0:0:0, 5:0:0:0:0, 4:2:0:0:2, 5:2:0:0:2, 4:1:0:0:1, 5:1:0:0:1, 4:3:0:0:3, 5:4:0:0:4, 4:0:0:0:0, 1:0:0:0:0, 5:2:0:0:2, 3:3:0:0:3, 7:0:0:0:0, 5:3:0:0:3, 3:0:0:0:0, 2:0:0:0:0, 3:0:0:0:0, 1:0:0:0:0, 5:3:0:0:3, 5:2:0:0:2, 4:1:0:0:1, 2:0:0:0:0, 5:3:0:0:3, 7:5:0:0:5, 4:0:1:0:1, 2:0:0:0:0, 4:1:0:0:1, 3:1:0:0:1, 3:0:0:0:0, 0:0:0:0:0, 4:1:0:0:1, 3:1:0:0:1, 3:0:0:0:0, 5:0:0:0:0, 4:2:0:0:2, 6:2:0:0:2, 4:1:0:0:1, 5:1:0:0:1, 4:3:0:0:3, 6:3:0:0:3, 3:0:0:0:0, 1:0:0:0:0, 5:2:0:0:2, 4:2:0:0:2, 6:0:0:0:0, 5:3:0:0:3, 2:0:0:0:0, 5:2:0:0:2, 4:0:0:0:0, 4:1:0:0:1, 5:3:0:0:3, 5:3:0:0:3, 4:1:0:0:1, 2:0:0:0:0, 4:4:0:0:4, 7:5:0:0:5, 2:0:0:0:0, 1:0:0:0:0, 4:1:0:0:1, 3:1:0:0:1, 3:0:0:0:0, 1:0:0:0:0, 5:1:0:0:1, 3:1:0:0:1, 2:0:0:0:0, 1:0:0:0:0, 6:2:0:0:2, 6:2:0:0:2, 4:3:0:0:3, 1:0:0:0:0, 6:3:0:0:3, 5:4:0:0:4, 3:0:0:0:0, 0:0:0:0:0, 5:1:0:0:1, 5:2:0:0:2, 5:0:0:0:0, 5:2:0:0:2, 2:0:0:0:0, 5:2:0:0:2, 2:0:0:0:0, 2:0:0:0:0, 4:2:0:0:2, 6:4:0:0:4, 4:1:0:0:1, 1:0:0:0:0, 4:4:0:0:4, 6:8:0:0:8, 2:0:0:0:0, 0:0:0:0:0, 4:2:0:0:2, 3:1:0:0:1, 2:0:0:0:0, 2:0:0:0:0, 5:2:0:0:2, 5:2:0:0:2, 3:0:0:0:0, 3:0:0:0:0, 5:2:0:0:2, 7:4:0:0:4, 4:1:0:0:1, 3:0:0:0:0, 6:5:0:0:5, 5:5:0:0:5, 2:0:0:0:0, 1:0:0:0:0, 4:2:0:0:2, 4:4:0:0:4, 7:0:0:0:0, 5:3:0:0:3, 3:0:0:0:0, 5:2:0:0:2, 2:0:0:0:0, 2:0:0:0:0, 4:2:0:0:2, 5:4:0:0:4, 4:2:0:0:2,  , 6:3:0:0:3, 6:7:0:0:7, 2:0:0:0:0, 0:0:0:0:0, 5:3:0:0:3, 5:1:1:0:2, 2:0:0:0:0, 2:0:0:0:0, 5:3:0:0:3, 5:2:0:0:2, 4:3:0:0:3, 2:0:0:0:0, 5:3:0:0:3, 5:3:0:0:3, 4:1:0:0:1, 2:0:2:0:2, 7:3:0:0:3, 6:7:0:0:7, 4:1:0:0:1, 1:0:0:0:0, 5:3:0:0:3, 4:2:0:0:2, 5:0:0:0:0, 5:2:0:0:2, 4:0:0:0:0, 5:2:0:0:2, 2:0:0:0:0, 1:0:0:0:0, 4:2:0:0:2, 4:2:0:0:2, 4:1:0:0:1, 2:0:0:0:0, 4:3:0:0:3, 5:3:0:0:3, 2:0:0:0:0, 0:0:0:0:0, 4:3:0:0:3, 4:1:0:0:1, 2:0:0:0:0, 0:0:0:0:0, 4:1:0:0:1, 4:1:0:0:1, 3:0:0:0:0, 1:0:0:0:0, 5:3:0:0:3, 6:4:0:0:4, 5:2:0:0:2,  , 5:4:0:0:4, 5:6:0:0:6, 2:0:0:0:0, 0:0:0:0:0, 4:2:0:0:2, 5:3:0:0:3, 7:1:0:0:1, 5:3:0:0:3, 3:0:0:0:0, 5:2:0:0:2, 2:0:0:0:0, 5:1:0:0:1, 7:4:0:0:4, 5:4:0:0:4, 4:1:0:0:1, 2:0:0:0:0, 6:4:0:0:4, 6:6:0:0:6, 3:0:0:0:0, 2:0:1:0:1, 5:2:0:0:2, 5:1:0:0:1, 4:0:0:0:0, 4:0:0:0:0, 4:2:0:0:2, 4:1:0:0:1, 2:0:0:0:0, 2:0:0:0:0, 4:2:0:0:2, 4:2:0:0:2, 4:2:0:0:2, 3:0:0:0:0, 5:4:0:0:4, 4:3:0:0:3, 2:0:0:0:0, 0:0:0:0:0, 4:3:0:0:3, 4:2:0:0:2, 7:0:0:0:0, 5:2:0:0:2, 4:0:0:0:0, 5:2:0:0:2, 4:0:0:0:0, 3:0:0:0:0, 5:3:0:0:3, 6:4:0:0:4, 4:2:0:0:2, 4:0:0:0:0, 6:4:0:0:4, 6:8:0:0:8, 3:0:0:0:0, 2:0:0:0:0, 4:2:0:0:2, 4:2:0:0:2, 3:0:0:0:0, 3:0:0:0:0, 5:2:0:0:2, 6:2:0:0:2, 2:0:0:0:0, 3:0:0:0:0, 5:2:0:0:2, 6:4:0:0:4, 5:1:0:0:1, 1:0:0:0:0, 5:3:0:0:3, 7:5:0:0:5, 2:0:0:0:0, 2:0:0:0:0, 5:1:0:0:1, 6:3:0:0:3, 5:0:0:0:0, 5:2:0:0:2, 2:0:0:0:0, 5:2:0:0:2, 2:0:0:0:0, 2:0:0:0:0, 5:3:0:0:3, 5:2:0:0:2, 4:1:0:0:1, 3:0:0:0:0, 4:3:0:0:3, 5:5:0:0:5, 2:0:0:0:0, 0:0:0:0:0, 7:3:1:0:3, 6:2:0:0:2, 4:0:0:0:0, 1:0:0:0:0, 5:2:0:0:2, 5:1:0:0:1, 2:0:0:0:0, 5:0:0:0:0, 5:2:0:0:2, 6:5:0:0:5, 5:2:0:0:2, 4:2:0:0:2, 9:3:2:0:5, 5:7:0:0:7, 2:0:0:0:0, 3:0:0:0:0, 5:1:0:0:1, 3:2:0:0:2, 6:0:0:0:0, 5:2:0:0:2, 2:0:0:0:0, 5:2:0:0:2, 2:0:0:0:0, 1:0:0:0:0, 4:2:0:0:2, 5:3:0:0:3, 4:2:0:0:2, 0:0:0:0:0, 5:3:0:0:3, 4:3:0:0:3, 2:0:0:0:0, 0:0:0:0:0, 4:2:0:0:2, 3:1:0:0:1, 2:0:0:0:0, 0:0:0:0:0, 4:2:0:0:2, 5:1:0:0:1, 3:0:0:0:0, 0:0:0:0:0, 6:5:2:0:5, 4:2:0:0:2, 4:3:0:0:3,  , 8:6:0:0:6, 5:4:0:0:4, 2:0:0:0:0, 3:1:0:0:1, 5:1:0:0:1, 3:3:0:0:3, 5:0:0:0:0, 5:2:0:0:2, 2:0:0:0:0, 5:2:0:0:2, 3:0:0:0:0, 5:1:0:0:1, 5:2:0:0:2, 7:4:0:0:4, 4:1:0:0:1, 3:2:0:0:2, 6:4:1:0:5, 5:3:0:0:3, 2:0:0:0:0, 1:0:0:0:0, 4:3:0:0:3, 4:1:0:0:1, 3:0:0:0:0, 5:1:0:0:1, 5:1:0:0:1, 5:2:0:0:2, 3:0:0:0:0, 2:0:0:0:0, 4:2:0:0:2, 8:2:2:0:4, 5:6:0:0:6, 5:0:0:0:0, 4:3:0:0:3, 6:3:0:0:3, 3:0:0:0:0, 3:0:0:0:0, 4:4:0:0:4, 4:2:0:0:2, 8:0:0:0:0, 5:3:0:0:3, 4:1:0:0:1, 5:2:0:0:2, 1:0:0:0:0, 1:0:0:0:0, 1:0:0:0:0, 1:0:0:0:0, 1361:531:13:0:541
Ab locrian (4b), 2:0:0:0:1, 3:0:0:0:4, 2:0:1:0:0, 0:0:0:0:0, 2:0:0:0:1, 2:0:0:0:3, 2:0:0:0:1, 0:0:0:0:0, 2:0:0:0:2, 2:0:0:0:3, 5:4:0:0:5, 2:0:0:0:1, 2:0:0:0:3, 2:0:0:0:3, 6:4:0:0:5, 4:0:0:0:1, 2:0:0:0:2, 3:0:0:0:4, 2:0:1:0:0, 0:0:0:0:0, 2:0:0:0:1, 2:0:0:0:3, 2:0:0:0:1, 0:0:0:0:0, 2:0:0:0:2, 2:0:0:0:3, 6:4:0:0:5, 2:0:0:0:1, 4:1:0:0:6, 8:4:0:0:7, 2:0:0:0:2, 3:0:0:0:2, 2:0:0:0:1, 3:0:0:0:5, 0:0:0:0:0, 0:0:0:0:0, 1:0:0:0:0, 1:0:0:0:0, 0:0:0:0:0, 0:0:0:0:0, 1:0:0:0:0, 4:0:0:0:2, 6:3:0:0:4, 1:0:0:0:0, 2:0:0:0:2, 3:0:0:0:2, 4:3:0:0:4, 2:0:0:0:1, 1:0:0:0:1, 3:0:0:0:5, 2:0:1:0:0, 0:0:0:0:0, 1:0:0:0:0, 2:0:0:0:3, 2:0:0:0:1, 0:0:0:0:0, 2:0:0:0:2, 2:0:0:0:3, 6:4:0:0:5, 2:0:0:0:1, 5:1:0:0:6, 7:3:0:0:7, 2:0:0:0:1, 2:0:0:0:2, 3:0:0:0:2, 3:0:0:0:5, 1:0:0:0:2, 0:0:0:0:0, 1:0:0:0:0, 2:0:0:0:1, 1:0:0:0:2, 0:0:0:0:0, 1:0:0:0:1, 2:0:0:0:4, 5:3:0:0:5, 1:0:0:0:0, 2:0:0:0:2, 3:0:0:0:2, 6:3:0:0:5, 1:0:0:0:0, 1:0:0:0:1, 2:0:0:0:2, 2:0:0:0:1, 3:0:0:0:4, 4:0:0:0:1, 2:0:0:0:0, 1:0:0:0:2, 1:0:0:0:2, 0:0:0:0:0, 3:0:0:0:2, 4:3:0:0:4, 3:0:0:0:1, 5:3:1:0:7, 6:3:0:0:5, 2:0:0:0:1, 2:0:0:0:2, 2:0:0:0:1, 2:0:0:0:2, 1:0:0:0:1, 0:0:0:0:0, 3:0:0:0:1, 1:0:0:0:0, 0:0:0:0:0, 0:0:0:0:0, 0:0:0:0:0, 2:0:0:0:4, 4:3:0:0:5, 1:0:0:0:0, 1:0:0:0:3, 2:0:0:0:3, 6:3:0:0:5, 1:0:0:0:0, 3:0:0:0:4, 2:0:0:0:4, 2:0:0:0:3, 0:0:0:0:0, 1:0:0:0:0, 1:0:0:0:0, 2:1:0:0:2, 2:0:0:0:0, 1:0:0:0:1, 2:0:0:0:5, 5:3:0:0:5, 1:0:0:0:0, 5:1:0:0:5, 9:3:0:0:7, 3:0:0:0:3, 2:0:0:0:6, 2:0:0:0:2, 2:0:0:0:4, 1:0:0:0:2, 1:0:0:0:1, 1:0:0:0:0, 1:0:0:0:0,  , 0:0:0:0:0, 0:0:0:0:0, 2:0:0:0:3, 4:3:0:0:4, 2:0:0:0:2, 3:0:0:0:3, 2:0:0:0:6, 5:4:0:0:5, 2:0:0:0:2, 2:0:0:0:2, 4:1:0:0:5, 2:0:0:0:3, 0:0:0:0:0, 1:0:0:0:0, 1:0:0:0:0, 0:0:0:0:0, 2:0:0:0:2, 0:0:0:0:0, 3:1:0:0:4, 5:3:0:0:5, 2:0:0:0:2, 4:1:0:0:6, 6:3:0:0:5, 2:0:0:0:1, 2:0:0:0:4, 2:0:0:0:1, 2:0:0:0:3, 1:0:0:0:2, 0:0:0:0:0, 1:0:0:0:0, 1:0:0:0:0, 1:0:0:0:0, 0:0:0:0:0, 0:0:0:0:0, 2:0:0:0:3, 4:3:0:0:5, 1:0:0:0:0, 1:0:0:0:3, 2:0:0:0:4, 4:4:0:0:5, 1:0:0:0:0, 1:0:0:0:3, 2:0:0:0:3, 1:0:0:0:1, 0:0:0:0:0, 1:0:0:0:0, 1:0:0:0:0,  , 0:0:0:0:0, 0:0:0:0:0, 2:0:0:0:4, 4:4:0:0:5, 2:0:0:0:1, 4:2:0:0:8, 9:3:0:0:8, 3:0:0:0:4, 2:0:0:0:4, 2:0:0:0:1, 2:0:0:0:2, 3:0:0:0:2, 1:0:0:0:0, 1:0:0:0:0, 1:0:0:0:0, 2:1:0:0:2, 0:0:0:0:0, 0:0:0:0:0, 4:1:0:0:9, 6:4:0:0:5, 2:0:0:0:1, 2:0:0:0:3, 3:0:0:0:3, 9:3:0:0:6, 2:0:0:0:1, 1:0:0:0:3, 2:0:0:0:2, 0:0:0:0:0, 0:0:0:0:0, 1:0:0:0:0, 1:0:0:0:0, 1:0:0:0:0, 1:0:0:0:1, 0:0:0:0:0, 2:0:0:0:5, 4:3:0:0:6, 1:0:0:0:0, 4:2:0:0:7, 9:3:0:0:6, 2:0:0:0:1, 3:0:0:0:3, 2:0:0:0:1, 3:0:0:0:4, 2:0:0:0:1, 0:0:0:0:0, 3:0:0:0:1, 1:0:0:0:0, 1:0:0:0:0, 0:0:0:0:0, 0:0:0:0:0, 2:0:0:0:5, 5:4:0:0:5, 2:0:0:0:1, 3:0:0:0:4, 3:0:0:0:5, 7:4:0:0:7, 3:0:0:0:2, 2:0:0:0:4, 2:0:0:0:2, 0:0:0:0:0, 0:0:0:0:0, 2:0:0:0:0, 1:0:0:0:0, 0:0:0:0:0, 0:0:0:0:0, 0:0:0:0:0, 2:0:0:0:4, 6:4:0:0:7, 3:0:0:0:2, 4:1:0:0:6, 7:3:0:0:6, 2:0:0:0:1, 2:0:0:0:2, 3:0:0:0:3, 2:0:0:0:2, 0:0:0:0:0, 1:0:0:0:0, 1:0:0:0:0, 2:0:0:0:1, 1:0:0:0:0, 0:0:0:0:0, 0:0:0:0:0, 2:0:0:0:3, 5:3:0:0:5, 4:0:1:0:1, 2:1:0:0:5, 3:0:0:0:2, 5:4:0:0:8, 3:1:0:0:3, 2:0:0:0:4, 2:0:0:0:3, 3:0:0:0:2, 0:0:0:0:0, 1:0:0:0:0, 3:0:0:0:3, 2:0:0:0:1, 2:0:0:0:0, 0:0:0:0:0, 2:0:0:0:3, 8:3:0:0:8, 3:1:0:0:2, 4:1:0:0:4, 7:4:0:0:6, 2:0:0:0:2, 2:0:0:0:2, 2:0:0:0:1, 2:0:0:0:2, 0:0:0:0:0, 0:0:0:0:0, 1:0:0:0:0, 1:0:0:0:0, 0:0:0:0:0, 0:0:0:0:0, 0:0:0:0:0, 2:0:0:0:3, 4:3:0:0:4, 1:0:0:0:0, 2:0:0:0:2, 2:0:0:0:4, 4:3:0:0:5, 1:0:0:0:0, 2:1:0:0:5, 3:0:0:0:4, 1:0:0:0:1, 2:0:2:0:0, 1:0:0:0:0, 2:0:0:0:1,  , 2:0:0:0:1, 0:0:0:0:0, 2:0:0:0:3, 9:3:0:0:7, 2:0:0:0:1, 4:2:0:0:6, 6:3:0:0:5, 2:0:0:0:3, 2:0:0:0:2, 2:0:0:0:1, 2:0:0:0:4, 3:0:0:0:2, 0:0:0:0:0, 1:0:0:0:0, 1:0:0:0:0, 1:0:0:0:2, 0:0:0:0:0, 0:0:0:0:0, 2:0:0:0:4, 6:3:0:0:6, 2:0:0:0:1, 2:0:0:0:3, 2:0:0:0:4, 9:4:0:0:8, 1:0:0:0:0, 3:0:0:0:4, 2:0:0:0:6, 0:0:0:0:0, 0:0:0:0:0, 2:0:0:0:0, 1:0:0:0:0, 1:0:0:0:0, 0:0:0:0:0, 1:0:0:0:1, 3:0:0:0:4, 6:3:0:0:5, 1:0:0:0:0, 4:1:0:0:5, 10:3:0:0:6, 3:0:0:0:4, 2:0:0:0:5, 3:0:0:0:1, 0:0:0:0:0, 0:0:0:0:0, 0:0:0:0:0, 0:0:0:0:0, 765:172:7:0:754
E locrian (4#), 2:0:0:0:0, 3:0:0:0:0, 5:0:0:0:0, 4:2:0:0:2, 5:2:0:0:2, 4:1:0:0:1, 5:1:0:0:1, 4:3:0:0:3, 5:4:0:0:4, 4:0:0:0:0, 1:0:0:0:0, 5:2:0:0:2, 3:2:0:0:2, 4:0:0:0:0, 1:0:0:0:0, 5:2:0:0:2, 4:1:0:0:1, 3:0:0:0:0, 5:0:0:0:0, 4:2:0:0:2, 5:2:0:0:2, 4:1:0:0:1, 5:1:0:0:1, 4:3:0:0:3, 5:4:0:0:4, 4:0:0:0:0, 1:0:0:0:0, 5:2:0:0:2, 3:3:0:0:3, 7:0:0:0:0, 5:3:0:0:3, 3:0:0:0:0, 2:0:0:0:0, 3:0:0:0:0, 1:0:0:0:0, 5:3:0:0:3, 5:2:0:0:2, 4:1:0:0:1, 2:0:0:0:0, 5:3:0:0:3, 7:5:0:0:5, 4:0:1:0:1, 2:0:0:0:0, 4:1:0:0:1, 3:1:0:0:1, 3:0:0:0:0, 0:0:0:0:0, 4:1:0:0:1, 3:1:0:0:1, 3:0:0:0:0, 5:0:0:0:0, 4:2:0:0:2, 6:2:0:0:2, 4:1:0:0:1, 5:1:0:0:1, 4:3:0:0:3, 6:3:0:0:3, 3:0:0:0:0, 1:0:0:0:0, 5:2:0:0:2, 4:2:0:0:2, 6:0:0:0:0, 5:3:0:0:3, 2:0:0:0:0, 5:2:0:0:2, 4:0:0:0:0, 4:1:0:0:1, 5:3:0:0:3, 5:3:0:0:3, 4:1:0:0:1, 2:0:0:0:0, 4:4:0:0:4, 7:5:0:0:5, 2:0:0:0:0, 1:0:0:0:0, 4:1:0:0:1, 3:1:0:0:1, 3:0:0:0:0, 1:0:0:0:0, 5:1:0:0:1, 3:1:0:0:1, 2:0:0:0:0, 1:0:0:0:0, 6:2:0:0:2, 6:2:0:0:2, 4:3:0:0:3, 1:0:0:0:0, 6:3:0:0:3, 5:4:0:0:4, 3:0:0:0:0, 0:0:0:0:0, 5:1:0:0:1, 5:2:0:0:2, 5:0:0:0:0, 5:2:0:0:2, 2:0:0:0:0, 5:2:0:0:2, 2:0:0:0:0, 2:0:0:0:0, 4:2:0:0:2, 6:4:0:0:4, 4:1:0:0:1, 1:0:0:0:0, 4:4:0:0:4, 6:8:0:0:8, 2:0:0:0:0, 0:0:0:0:0, 4:2:0:0:2, 3:1:0:0:1, 2:0:0:0:0, 2:0:0:0:0, 5:2:0:0:2, 5:2:0:0:2, 3:0:0:0:0, 3:0:0:0:0, 5:2:0:0:2, 7:4:0:0:4, 4:1:0:0:1, 3:0:0:0:0, 6:5:0:0:5, 5:5:0:0:5, 2:0:0:0:0, 1:0:0:0:0, 4:2:0:0:2, 4:4:0:0:4, 7:0:0:0:0, 5:3:0:0:3, 3:0:0:0:0, 5:2:0:0:2, 2:0:0:0:0, 2:0:0:0:0, 4:2:0:0:2, 5:4:0:0:4, 4:2:0:0:2,  , 6:3:0:0:3, 6:7:0:0:7, 2:0:0:0:0, 0:0:0:0:0, 5:3:0:0:3, 5:1:1:0:2, 2:0:0:0:0, 2:0:0:0:0, 5:3:0:0:3, 5:2:0:0:2, 4:3:0:0:3, 2:0:0:0:0, 5:3:0:0:3, 5:3:0:0:3, 4:1:0:0:1, 2:0:2:0:2, 7:3:0:0:3, 6:7:0:0:7, 4:1:0:0:1, 1:0:0:0:0, 5:3:0:0:3, 4:2:0:0:2, 5:0:0:0:0, 5:2:0:0:2, 4:0:0:0:0, 5:2:0:0:2, 2:0:0:0:0, 1:0:0:0:0, 4:2:0:0:2, 4:2:0:0:2, 4:1:0:0:1, 2:0:0:0:0, 4:3:0:0:3, 5:3:0:0:3, 2:0:0:0:0, 0:0:0:0:0, 4:3:0:0:3, 4:1:0:0:1, 2:0:0:0:0, 0:0:0:0:0, 4:1:0:0:1, 4:1:0:0:1, 3:0:0:0:0, 1:0:0:0:0, 5:3:0:0:3, 6:4:0:0:4, 5:2:0:0:2,  , 5:4:0:0:4, 5:6:0:0:6, 2:0:0:0:0, 0:0:0:0:0, 4:2:0:0:2, 5:3:0:0:3, 7:1:0:0:1, 5:3:0:0:3, 3:0:0:0:0, 5:2:0:0:2, 2:0:0:0:0, 5:1:0:0:1, 7:4:0:0:4, 5:4:0:0:4, 4:1:0:0:1, 2:0:0:0:0, 6:4:0:0:4, 6:6:0:0:6, 3:0:0:0:0, 2:0:1:0:1, 5:2:0:0:2, 5:1:0:0:1, 4:0:0:0:0, 4:0:0:0:0, 4:2:0:0:2, 4:1:0:0:1, 2:0:0:0:0, 2:0:0:0:0, 4:2:0:0:2, 4:2:0:0:2, 4:2:0:0:2, 3:0:0:0:0, 5:4:0:0:4, 4:3:0:0:3, 2:0:0:0:0, 0:0:0:0:0, 4:3:0:0:3, 4:2:0:0:2, 7:0:0:0:0, 5:2:0:0:2, 4:0:0:0:0, 5:2:0:0:2, 4:0:0:0:0, 3:0:0:0:0, 5:3:0:0:3, 6:4:0:0:4, 4:2:0:0:2, 4:0:0:0:0, 6:4:0:0:4, 6:8:0:0:8, 3:0:0:0:0, 2:0:0:0:0, 4:2:0:0:2, 4:2:0:0:2, 3:0:0:0:0, 3:0:0:0:0, 5:2:0:0:2, 6:2:0:0:2, 2:0:0:0:0, 3:0:0:0:0, 5:2:0:0:2, 6:4:0:0:4, 5:1:0:0:1, 1:0:0:0:0, 5:3:0:0:3, 7:5:0:0:5, 2:0:0:0:0, 2:0:0:0:0, 5:1:0:0:1, 6:3:0:0:3, 5:0:0:0:0, 5:2:0:0:2, 2:0:0:0:0, 5:2:0:0:2, 2:0:0:0:0, 2:0:0:0:0, 5:3:0:0:3, 5:2:0:0:2, 4:1:0:0:1, 3:0:0:0:0, 4:3:0:0:3, 5:5:0:0:5, 2:0:0:0:0, 0:0:0:0:0, 7:3:1:0:3, 6:2:0:0:2, 4:0:0:0:0, 1:0:0:0:0, 5:2:0:0:2, 5:1:0:0:1, 2:0:0:0:0, 5:0:0:0:0, 5:2:0:0:2, 6:5:0:0:5, 5:2:0:0:2, 4:2:0:0:2, 9:3:2:0:5, 5:7:0:0:7, 2:0:0:0:0, 3:0:0:0:0, 5:1:0:0:1, 3:2:0:0:2, 6:0:0:0:0, 5:2:0:0:2, 2:0:0:0:0, 5:2:0:0:2, 2:0:0:0:0, 1:0:0:0:0, 4:2:0:0:2, 5:3:0:0:3, 4:2:0:0:2, 0:0:0:0:0, 5:3:0:0:3, 4:3:0:0:3, 2:0:0:0:0, 0:0:0:0:0, 4:2:0:0:2, 3:1:0:0:1, 2:0:0:0:0, 0:0:0:0:0, 4:2:0:0:2, 5:1:0:0:1, 3:0:0:0:0, 0:0:0:0:0, 6:5:2:0:5, 4:2:0:0:2, 4:3:0:0:3,  , 8:6:0:0:6, 5:4:0:0:4, 2:0:0:0:0, 3:1:0:0:1, 5:1:0:0:1, 3:3:0:0:3, 5:0:0:0:0, 5:2:0:0:2, 2:0:0:0:0, 5:2:0:0:2, 3:0:0:0:0, 5:1:0:0:1, 5:2:0:0:2, 7:4:0:0:4, 4:1:0:0:1, 3:2:0:0:2, 6:4:1:0:5, 5:3:0:0:3, 2:0:0:0:0, 1:0:0:0:0, 4:3:0:0:3, 4:1:0:0:1, 3:0:0:0:0, 5:1:0:0:1, 5:1:0:0:1, 5:2:0:0:2, 3:0:0:0:0, 2:0:0:0:0, 4:2:0:0:2, 8:2:2:0:4, 5:6:0:0:6, 5:0:0:0:0, 4:3:0:0:3, 6:3:0:0:3, 3:0:0:0:0, 3:0:0:0:0, 4:4:0:0:4, 4:2:0:0:2, 8:0:0:0:0, 5:3:0:0:3, 4:1:0:0:1, 5:2:0:0:2, 1:0:0:0:0, 1:0:0:0:0, 1:0:0:0:0, 1:0:0:0:0, 1361:531:13:0:541
Db major (5b), 2:0:0:0:2, 3:0:0:0:6, 3:0:1:0:1, 0:0:0:0:0, 3:0:0:0:2, 3:0:0:0:4, 3:0:0:0:1, 0:0:0:0:0, 3:0:0:0:2, 3:0:0:0:3, 5:4:0:0:5, 3:0:0:0:3, 3:0:0:0:3, 3:0:0:0:3, 6:4:0:0:5, 5:0:0:0:3, 3:0:0:0:3, 3:0:0:0:6, 3:0:1:0:1, 0:0:0:0:0, 3:0:0:0:2, 3:0:0:0:4, 3:0:0:0:1, 0:0:0:0:0, 3:0:0:0:2, 3:0:0:0:3, 6:4:0:0:5, 3:0:0:0:3, 5:1:0:0:7, 8:4:0:0:8, 3:0:0:0:4, 3:0:0:0:4, 2:0:0:0:2, 4:0:0:0:5, 0:0:0:0:0, 1:0:0:0:0, 2:0:0:0:2, 2:0:0:0:1, 1:0:0:0:0, 1:0:0:0:0, 2:0:0:0:2, 5:0:0:0:3, 6:3:0:0:4, 2:0:0:0:1, 3:0:0:0:2, 4:0:0:0:3, 4:3:0:0:4, 3:0:0:0:2, 2:0:0:0:1, 3:0:0:0:7, 3:0:1:0:1, 0:0:0:0:0, 2:0:0:0:1, 3:0:0:0:4, 3:0:0:0:1, 0:0:0:0:0, 3:0:0:0:2, 3:0:0:0:3, 6:4:0:0:5, 3:0:0:0:3, 6:1:0:0:7, 7:3:0:0:8, 3:0:0:0:3, 2:0:0:0:2, 4:0:0:0:3, 4:0:0:0:6, 2:0:0:0:2, 1:0:0:0:0, 2:0:0:0:2, 3:0:0:0:2, 2:0:0:0:2, 0:0:0:0:0, 2:0:0:0:1, 3:0:0:0:4, 5:3:0:0:5, 2:0:0:0:1, 3:0:0:0:2, 4:0:0:0:4, 6:3:0:0:7, 2:0:0:0:1, 2:0:0:0:1, 2:0:0:0:2, 2:0:0:0:2, 3:0:0:0:4, 3:0:0:0:2, 3:0:0:0:1, 1:0:0:0:2, 1:0:0:0:2, 1:0:0:0:0, 4:0:0:0:4, 4:3:0:0:4, 4:0:0:0:4, 6:3:1:0:8, 6:3:0:0:6, 3:0:0:0:2, 2:0:0:0:2, 3:0:0:0:2, 2:0:0:0:2, 1:0:0:0:1, 0:0:0:0:0, 4:0:0:0:2, 2:0:0:0:1, 0:0:0:0:0, 0:0:0:0:0, 1:0:0:0:0, 3:0:0:0:4, 4:3:0:0:5, 2:0:0:0:1, 2:0:0:0:3, 3:0:0:0:3, 6:3:0:0:5, 2:0:0:0:1, 4:0:0:0:5, 3:0:0:0:4, 3:0:0:0:3, 1:0:0:0:0, 2:0:0:0:1, 2:0:0:0:1, 3:1:0:0:2, 2:0:0:0:1, 2:0:0:0:1, 3:0:0:0:5, 5:3:0:0:5, 2:0:0:0:1, 6:1:0:0:6, 9:3:0:0:8, 4:0:0:0:5, 3:0:0:0:6, 3:0:0:0:3, 2:0:0:0:4, 1:0:0:0:2, 1:0:0:0:1, 1:0:0:0:1, 2:0:0:0:1,  , 1:0:0:0:0, 1:0:0:0:0, 3:0:0:0:3, 4:3:0:0:4, 3:0:0:0:3, 4:0:0:0:4, 3:0:0:0:6, 5:4:0:0:6, 3:0:0:0:3, 3:0:0:0:4, 4:1:0:0:6, 3:0:0:0:3, 1:0:0:0:0, 1:0:0:0:1, 2:0:0:0:1, 0:0:0:0:0, 3:0:0:0:2, 1:0:0:0:0, 4:1:0:0:4, 5:3:0:0:5, 3:0:0:0:3, 5:1:0:0:9, 6:3:0:0:6, 3:0:0:0:2, 3:0:0:0:4, 3:0:0:0:2, 2:0:0:0:3, 1:0:0:0:2, 0:0:0:0:0, 1:0:0:0:2, 2:0:0:0:2, 1:0:0:0:2, 0:0:0:0:0, 1:0:0:0:0, 3:0:0:0:3, 4:3:0:0:5, 2:0:0:0:1, 2:0:0:0:3, 3:0:0:0:4, 4:4:0:0:5, 2:0:0:0:2, 2:0:0:0:3, 3:0:0:0:3, 1:0:0:0:1, 1:0:0:0:0, 1:0:0:0:2, 2:0:0:0:1,  , 0:0:0:0:0, 1:0:0:0:0, 3:0:0:0:4, 4:4:0:0:5, 3:0:0:0:2, 5:2:0:0:9, 9:3:0:0:11, 4:0:0:0:5, 3:0:0:0:4, 3:0:0:0:3, 2:0:0:0:2, 4:0:0:0:3, 2:0:0:0:1, 2:0:0:0:1, 2:0:0:0:1, 3:1:0:0:2, 0:0:0:0:0, 1:0:0:0:0, 5:1:0:0:9, 6:4:0:0:5, 3:0:0:0:2, 3:0:0:0:4, 4:0:0:0:3, 9:3:0:0:7, 3:0:0:0:2, 2:0:0:0:3, 2:0:0:0:2, 0:0:0:0:0, 0:0:0:0:0, 1:0:0:0:1, 2:0:0:0:2, 1:0:0:0:1, 1:0:0:0:1, 1:0:0:0:0, 3:0:0:0:5, 4:3:0:0:6, 2:0:0:0:2, 5:2:0:0:9, 9:3:0:0:8, 3:0:0:0:2, 4:0:0:0:4, 3:0:0:0:2, 4:0:0:0:5, 3:0:0:0:2, 1:0:0:0:0, 4:0:0:0:2, 2:0:0:0:1, 2:0:0:0:1, 0:0:0:0:0, 1:0:0:0:0, 3:0:0:0:5, 5:4:0:0:5, 3:0:0:0:2, 4:0:0:0:5, 4:0:0:0:5, 7:4:0:0:8, 4:0:0:0:4, 3:0:0:0:4, 2:0:0:0:2, 1:0:0:0:0, 0:0:0:0:0, 2:0:0:0:1, 2:0:0:0:1, 0:0:0:0:0, 0:0:0:0:0, 1:0:0:0:0, 3:0:0:0:4, 6:4:0:0:7, 4:0:0:0:5, 5:1:0:0:7, 7:3:0:0:8, 3:0:0:0:2, 2:0:0:0:2, 4:0:0:0:4, 2:0:0:0:2, 0:0:0:0:0, 1:0:0:0:1, 1:0:0:0:1, 3:0:0:0:2, 1:0:0:0:2, 0:0:0:0:0, 1:0:0:0:0, 3:0:0:0:3, 5:3:0:0:5, 5:0:1:0:2, 3:1:0:0:5, 4:0:0:0:3, 5:4:0:0:8, 4:1:0:0:5, 3:0:0:0:6, 2:0:0:0:3, 4:0:0:0:3, 1:0:0:0:0, 1:0:0:0:2, 4:0:0:0:4, 2:0:0:0:2, 3:0:0:0:1, 1:0:0:0:0, 3:0:0:0:3, 8:3:0:0:9, 4:1:0:0:3, 5:1:0:0:5, 7:4:0:0:8, 3:0:0:0:3, 2:0:0:0:2, 3:0:0:0:2, 2:0:0:0:2, 0:0:0:0:0, 0:0:0:0:0, 1:0:0:0:1, 2:0:0:0:1, 0:0:0:0:0, 1:0:0:0:0, 1:0:0:0:0, 3:0:0:0:3, 4:3:0:0:4, 2:0:0:0:1, 3:0:0:0:2, 3:0:0:0:4, 4:3:0:0:5, 2:0:0:0:1, 3:1:0:0:5, 3:0:0:0:5, 1:0:0:0:1, 2:0:2:0:2, 1:0:0:0:1, 3:0:0:0:2,  , 3:0:0:0:1, 1:0:0:0:0, 3:0:0:0:3, 9:3:0:0:7, 3:0:0:0:2, 5:2:0:0:8, 6:3:0:0:6, 3:0:0:0:4, 2:0:0:0:2, 3:0:0:0:2, 3:0:0:0:4, 4:0:0:0:3, 1:0:0:0:0, 2:0:0:0:2, 2:0:0:0:1, 2:0:0:0:2, 0:0:0:0:0, 1:0:0:0:0, 3:0:0:0:4, 6:3:0:0:6, 3:0:0:0:3, 3:0:0:0:4, 3:0:0:0:4, 9:4:0:0:9, 2:0:0:0:2, 4:0:0:0:5, 3:0:0:0:6, 0:0:0:0:0, 0:0:0:0:0, 3:0:0:0:1, 2:0:0:0:1, 2:0:0:0:1, 0:0:0:0:0, 2:0:0:0:1, 4:0:0:0:4, 6:3:0:0:5, 2:0:0:0:2, 5:1:0:0:7, 10:3:0:0:9, 4:0:0:0:6, 3:0:0:0:5, 2:0:0:0:2, 0:0:0:0:0, 0:0:0:0:0, 0:0:0:0:0, 0:0:0:0:0, 985:172:7:0:978
B major (5#), 2:0:0:0:0, 4:0:0:0:1, 5:0:0:0:1, 4:2:0:0:3, 5:2:0:0:5, 5:1:0:0:4, 5:0:0:0:1, 4:3:0:0:4, 6:4:0:0:4, 5:0:0:0:1, 1:0:0:0:2, 6:1:0:0:2, 4:2:0:0:2, 5:0:0:0:1, 1:0:0:0:2, 6:1:0:0:2, 4:1:0:0:1, 4:0:0:0:1, 5:0:0:0:1, 4:2:0:0:3, 5:2:0:0:5, 5:1:0:0:4, 5:0:0:0:1, 4:3:0:0:4, 6:4:0:0:4, 5:0:0:0:1, 1:0:0:0:2, 6:1:0:0:2, 4:3:0:0:3, 8:0:0:0:2, 5:2:0:0:4, 4:0:0:0:2, 3:0:0:0:0, 4:0:0:0:1, 1:0:0:0:1, 5:3:0:0:4, 5:2:0:0:6, 4:1:0:0:2, 2:0:0:0:3, 5:3:0:0:5, 7:5:0:0:7, 5:0:1:0:0, 2:0:0:0:1, 4:1:0:0:3, 4:1:0:0:1, 4:0:0:0:0, 0:0:0:0:0, 5:1:0:0:3, 3:1:0:0:1, 4:0:0:0:1, 5:0:0:0:1, 4:2:0:0:3, 6:2:0:0:4, 5:1:0:0:4, 5:0:0:0:1, 4:3:0:0:4, 7:3:0:0:4, 4:0:0:0:1, 1:0:0:0:2, 6:1:0:0:2, 5:2:0:0:2, 7:0:0:0:1, 5:2:0:0:3, 3:0:0:0:3, 6:2:0:0:4, 5:0:0:0:2, 4:0:0:0:1, 5:3:0:0:4, 5:3:0:0:6, 5:1:0:0:3, 3:0:0:0:1, 4:4:0:0:6, 7:5:0:0:7, 3:0:0:0:0, 0:0:0:0:0, 4:1:0:0:2, 4:1:0:0:1, 4:0:0:0:0, 2:0:0:0:0, 5:1:0:0:2, 3:1:0:0:1, 3:0:0:0:1, 2:0:0:0:0, 6:2:0:0:3, 6:2:0:0:3, 4:1:0:0:2, 2:0:0:0:1, 6:3:0:0:5, 5:4:0:0:4, 4:0:0:0:0, 0:0:0:0:0, 6:1:0:0:3, 6:2:0:0:2, 6:0:0:0:1, 5:2:0:0:3, 3:0:0:0:1, 5:2:0:0:3, 3:0:0:0:1, 3:0:0:0:1, 4:2:0:0:3, 6:4:0:0:5, 4:1:0:0:3, 1:0:0:0:1, 4:4:0:0:5, 6:7:0:0:7, 3:0:0:0:0, 0:0:0:0:0, 4:1:0:0:2, 3:1:0:0:1, 3:0:0:0:0, 2:0:0:0:0, 5:1:0:0:2, 6:2:0:0:3, 4:0:0:0:1, 4:0:0:0:2, 5:2:0:0:4, 7:4:0:0:6, 4:1:0:0:2, 4:0:0:0:0, 6:5:0:0:6, 6:4:0:0:4, 3:0:0:0:0, 1:0:0:0:0, 4:1:0:0:3, 5:3:0:0:3, 8:0:0:0:3, 6:2:0:0:5, 4:0:0:0:3, 5:2:0:0:4, 3:0:0:0:1, 3:0:0:0:2, 4:2:0:0:4, 5:4:0:0:6, 4:1:0:0:3,  , 6:3:0:0:5, 6:6:0:0:6, 3:0:0:0:0, 0:0:0:0:0, 6:2:0:0:3, 5:1:1:0:1, 3:0:0:0:0, 2:0:0:0:0, 6:2:0:0:3, 5:1:0:0:2, 5:3:0:0:4, 3:0:0:0:1, 5:3:0:0:4, 5:3:0:0:4, 4:1:0:0:2, 1:0:2:0:2, 7:3:0:0:5, 6:6:0:0:6, 5:1:0:0:1, 1:0:0:0:0, 6:2:0:0:4, 5:2:0:0:3, 6:0:0:0:2, 5:2:0:0:3, 5:0:0:0:3, 5:2:0:0:3, 3:0:0:0:2, 1:0:0:0:2, 4:2:0:0:4, 4:2:0:0:4, 4:1:0:0:3, 2:0:0:0:2, 4:3:0:0:5, 5:3:0:0:4, 3:0:0:0:0, 0:0:0:0:0, 4:1:0:0:3, 4:1:0:0:2, 3:0:0:0:0, 0:0:0:0:0, 4:1:0:0:3, 4:1:0:0:2, 4:0:0:0:2, 2:0:0:0:0, 5:3:0:0:5, 6:4:0:0:5, 5:1:0:0:2,  , 5:4:0:0:5, 5:5:0:0:5, 3:0:0:0:0, 0:0:0:0:0, 5:1:0:0:2, 6:3:0:0:3, 8:1:0:0:3, 6:2:0:0:5, 4:0:0:0:3, 5:2:0:0:4, 3:0:0:0:1, 5:0:0:0:1, 7:4:0:0:6, 5:4:0:0:6, 4:1:0:0:2, 3:0:0:0:0, 6:4:0:0:5, 6:4:0:0:4, 4:0:0:0:0, 2:0:1:0:2, 5:1:0:0:2, 5:1:0:0:2, 5:0:0:0:0, 5:0:0:0:1, 5:1:0:0:3, 4:1:0:0:3, 3:0:0:0:2, 2:0:0:0:2, 4:2:0:0:3, 4:2:0:0:3, 4:1:0:0:2, 2:0:0:0:2, 5:4:0:0:6, 4:3:0:0:3, 3:0:0:0:0, 0:0:0:0:0, 4:1:0:0:3, 5:2:0:0:3, 8:0:0:0:1, 5:2:0:0:3, 5:0:0:0:4, 5:2:0:0:3, 5:0:0:0:4, 3:0:0:0:4, 5:3:0:0:7, 6:4:0:0:5, 4:1:0:0:3, 4:0:0:0:1, 6:4:0:0:6, 6:7:0:0:7, 4:0:0:0:1, 1:0:0:0:0, 5:1:0:0:2, 5:2:0:0:2, 4:0:0:0:2, 4:0:0:0:0, 6:1:0:0:3, 6:2:0:0:3, 3:0:0:0:2, 2:0:0:0:2, 5:2:0:0:3, 6:4:0:0:5, 5:1:0:0:4, 0:0:0:0:0, 5:3:0:0:4, 7:4:0:0:5, 3:0:0:0:0, 3:0:0:0:0, 6:1:0:0:3, 6:3:0:0:5, 6:0:0:0:2, 5:2:0:0:3, 3:0:0:0:1, 6:2:0:0:5, 3:0:0:0:2, 2:0:0:0:3, 5:3:0:0:5, 5:2:0:0:3, 4:1:0:0:3, 2:0:0:0:2, 4:3:0:0:5, 5:4:0:0:5, 3:0:0:0:0, 1:0:0:0:0, 8:1:0:0:2, 6:2:0:0:3, 5:0:0:0:1, 2:0:0:0:0, 6:2:0:0:3, 5:1:0:0:3, 3:0:0:0:2, 6:0:0:0:1, 5:2:0:0:4, 6:5:0:0:6, 6:1:0:0:3, 5:0:0:0:1, 9:3:2:0:7, 5:7:0:0:7, 3:0:0:0:0, 4:0:0:0:0, 6:1:0:0:2, 4:2:0:0:2, 7:0:0:0:1, 5:2:0:0:4, 3:0:0:0:2, 5:2:0:0:3, 3:0:0:0:1, 1:0:0:0:0, 4:2:0:0:3, 5:3:0:0:4, 4:1:0:0:2, 0:0:0:0:0, 5:3:0:0:4, 4:3:0:0:3, 3:0:0:0:0, 0:0:0:0:0, 4:1:0:0:2, 4:1:0:0:1, 3:0:0:0:0, 0:0:0:0:0, 4:1:0:0:2, 5:1:0:0:2, 4:0:0:0:1, 0:0:0:0:0, 6:5:2:0:6, 4:2:0:0:3, 5:2:0:0:3,  , 8:6:0:0:7, 5:3:0:0:3, 3:0:0:0:0, 3:0:0:0:3, 5:1:0:0:4, 4:2:0:0:2, 6:0:0:0:1, 5:2:0:0:4, 3:0:0:0:2, 5:2:0:0:3, 4:0:0:0:1, 5:0:0:0:2, 5:2:0:0:4, 7:4:0:0:7, 4:1:0:0:2, 4:1:0:0:1, 6:4:1:0:7, 5:3:0:0:4, 3:0:0:0:0, 2:0:0:0:0, 5:1:0:0:3, 4:1:0:0:1, 4:0:0:0:1, 6:1:0:0:2, 5:1:0:0:4, 6:1:0:0:2, 4:0:0:0:2, 2:0:0:0:1, 4:2:0:0:3, 8:2:2:0:6, 5:5:0:0:6, 4:0:0:0:1, 4:3:0:0:4, 6:3:0:0:4, 4:0:0:0:0, 2:0:0:0:0, 4:1:0:0:2, 5:2:0:0:3, 9:0:0:0:3, 6:2:0:0:4, 5:1:0:0:5, 6:2:0:0:3, 1:0:0:0:0, 1:0:0:0:0, 1:0:0:0:0, 1:0:0:0:0, 1503:463:12:0:875
Bb minor (5b), 2:0:0:0:2, 3:0:0:0:6, 3:0:1:0:1, 0:0:0:0:0, 3:0:0:0:2, 3:0:0:0:4, 3:0:0:0:1, 0:0:0:0:0, 3:0:0:0:2, 3:0:0:0:3, 5:4:0:0:5, 3:0:0:0:3, 3:0:0:0:3, 3:0:0:0:3, 6:4:0:0:5, 5:0:0:0:3, 3:0:0:0:3, 3:0:0:0:6, 3:0:1:0:1, 0:0:0:0:0, 3:0:0:0:2, 3:0:0:0:4, 3:0:0:0:1, 0:0:0:0:0, 3:0:0:0:2, 3:0:0:0:3, 6:4:0:0:5, 3:0:0:0:3, 5:1:0:0:7, 8:4:0:0:8, 3:0:0:0:4, 3:0:0:0:4, 2:0:0:0:2, 4:0:0:0:5, 0:0:0:0:0, 1:0:0:0:0, 2:0:0:0:2, 2:0:0:0:1, 1:0:0:0:0, 1:0:0:0:0, 2:0:0:0:2, 5:0:0:0:3, 6:3:0:0:4, 2:0:0:0:1, 3:0:0:0:2, 4:0:0:0:3, 4:3:0:0:4, 3:0:0:0:2, 2:0:0:0:1, 3:0:0:0:7, 3:0:1:0:1, 0:0:0:0:0, 2:0:0:0:1, 3:0:0:0:4, 3:0:0:0:1, 0:0:0:0:0, 3:0:0:0:2, 3:0:0:0:3, 6:4:0:0:5, 3:0:0:0:3, 6:1:0:0:7, 7:3:0:0:8, 3:0:0:0:3, 2:0:0:0:2, 4:0:0:0:3, 4:0:0:0:6, 2:0:0:0:2, 1:0:0:0:0, 2:0:0:0:2, 3:0:0:0:2, 2:0:0:0:2, 0:0:0:0:0, 2:0:0:0:1, 3:0:0:0:4, 5:3:0:0:5, 2:0:0:0:1, 3:0:0:0:2, 4:0:0:0:4, 6:3:0:0:7, 2:0:0:0:1, 2:0:0:0:1, 2:0:0:0:2, 2:0:0:0:2, 3:0:0:0:4, 3:0:0:0:2, 3:0:0:0:1, 1:0:0:0:2, 1:0:0:0:2, 1:0:0:0:0, 4:0:0:0:4, 4:3:0:0:4, 4:0:0:0:4, 6:3:1:0:8, 6:3:0:0:6, 3:0:0:0:2, 2:0:0:0:2, 3:0:0:0:2, 2:0:0:0:2, 1:0:0:0:1, 0:0:0:0:0, 4:0:0:0:2, 2:0:0:0:1, 0:0:0:0:0, 0:0:0:0:0, 1:0:0:0:0, 3:0:0:0:4, 4:3:0:0:5, 2:0:0:0:1, 2:0:0:0:3, 3:0:0:0:3, 6:3:0:0:5, 2:0:0:0:1, 4:0:0:0:5, 3:0:0:0:4, 3:0:0:0:3, 1:0:0:0:0, 2:0:0:0:1, 2:0:0:0:1, 3:1:0:0:2, 2:0:0:0:1, 2:0:0:0:1, 3:0:0:0:5, 5:3:0:0:5, 2:0:0:0:1, 6:1:0:0:6, 9:3:0:0:8, 4:0:0:0:5, 3:0:0:0:6, 3:0:0:0:3, 2:0:0:0:4, 1:0:0:0:2, 1:0:0:0:1, 1:0:0:0:1, 2:0:0:0:1,  , 1:0:0:0:0, 1:0:0:0:0, 3:0:0:0:3, 4:3:0:0:4, 3:0:0:0:3, 4:0:0:0:4, 3:0:0:0:6, 5:4:0:0:6, 3:0:0:0:3, 3:0:0:0:4, 4:1:0:0:6, 3:0:0:0:3, 1:0:0:0:0, 1:0:0:0:1, 2:0:0:0:1, 0:0:0:0:0, 3:0:0:0:2, 1:0:0:0:0, 4:1:0:0:4, 5:3:0:0:5, 3:0:0:0:3, 5:1:0:0:9, 6:3:0:0:6, 3:0:0:0:2, 3:0:0:0:4, 3:0:0:0:2, 2:0:0:0:3, 1:0:0:0:2, 0:0:0:0:0, 1:0:0:0:2, 2:0:0:0:2, 1:0:0:0:2, 0:0:0:0:0, 1:0:0:0:0, 3:0:0:0:3, 4:3:0:0:5, 2:0:0:0:1, 2:0:0:0:3, 3:0:0:0:4, 4:4:0:0:5, 2:0:0:0:2, 2:0:0:0:3, 3:0:0:0:3, 1:0:0:0:1, 1:0:0:0:0, 1:0:0:0:2, 2:0:0:0:1,  , 0:0:0:0:0, 1:0:0:0:0, 3:0:0:0:4, 4:4:0:0:5, 3:0:0:0:2, 5:2:0:0:9, 9:3:0:0:11, 4:0:0:0:5, 3:0:0:0:4, 3:0:0:0:3, 2:0:0:0:2, 4:0:0:0:3, 2:0:0:0:1, 2:0:0:0:1, 2:0:0:0:1, 3:1:0:0:2, 0:0:0:0:0, 1:0:0:0:0, 5:1:0:0:9, 6:4:0:0:5, 3:0:0:0:2, 3:0:0:0:4, 4:0:0:0:3, 9:3:0:0:7, 3:0:0:0:2, 2:0:0:0:3, 2:0:0:0:2, 0:0:0:0:0, 0:0:0:0:0, 1:0:0:0:1, 2:0:0:0:2, 1:0:0:0:1, 1:0:0:0:1, 1:0:0:0:0, 3:0:0:0:5, 4:3:0:0:6, 2:0:0:0:2, 5:2:0:0:9, 9:3:0:0:8, 3:0:0:0:2, 4:0:0:0:4, 3:0:0:0:2, 4:0:0:0:5, 3:0:0:0:2, 1:0:0:0:0, 4:0:0:0:2, 2:0:0:0:1, 2:0:0:0:1, 0:0:0:0:0, 1:0:0:0:0, 3:0:0:0:5, 5:4:0:0:5, 3:0:0:0:2, 4:0:0:0:5, 4:0:0:0:5, 7:4:0:0:8, 4:0:0:0:4, 3:0:0:0:4, 2:0:0:0:2, 1:0:0:0:0, 0:0:0:0:0, 2:0:0:0:1, 2:0:0:0:1, 0:0:0:0:0, 0:0:0:0:0, 1:0:0:0:0, 3:0:0:0:4, 6:4:0:0:7, 4:0:0:0:5, 5:1:0:0:7, 7:3:0:0:8, 3:0:0:0:2, 2:0:0:0:2, 4:0:0:0:4, 2:0:0:0:2, 0:0:0:0:0, 1:0:0:0:1, 1:0:0:0:1, 3:0:0:0:2, 1:0:0:0:2, 0:0:0:0:0, 1:0:0:0:0, 3:0:0:0:3, 5:3:0:0:5, 5:0:1:0:2, 3:1:0:0:5, 4:0:0:0:3, 5:4:0:0:8, 4:1:0:0:5, 3:0:0:0:6, 2:0:0:0:3, 4:0:0:0:3, 1:0:0:0:0, 1:0:0:0:2, 4:0:0:0:4, 2:0:0:0:2, 3:0:0:0:1, 1:0:0:0:0, 3:0:0:0:3, 8:3:0:0:9, 4:1:0:0:3, 5:1:0:0:5, 7:4:0:0:8, 3:0:0:0:3, 2:0:0:0:2, 3:0:0:0:2, 2:0:0:0:2, 0:0:0:0:0, 0:0:0:0:0, 1:0:0:0:1, 2:0:0:0:1, 0:0:0:0:0, 1:0:0:0:0, 1:0:0:0:0, 3:0:0:0:3, 4:3:0:0:4, 2:0:0:0:1, 3:0:0:0:2, 3:0:0:0:4, 4:3:0:0:5, 2:0:0:0:1, 3:1:0:0:5, 3:0:0:0:5, 1:0:0:0:1, 2:0:2:0:2, 1:0:0:0:1, 3:0:0:0:2,  , 3:0:0:0:1, 1:0:0:0:0, 3:0:0:0:3, 9:3:0:0:7, 3:0:0:0:2, 5:2:0:0:8, 6:3:0:0:6, 3:0:0:0:4, 2:0:0:0:2, 3:0:0:0:2, 3:0:0:0:4, 4:0:0:0:3, 1:0:0:0:0, 2:0:0:0:2, 2:0:0:0:1, 2:0:0:0:2, 0:0:0:0:0, 1:0:0:0:0, 3:0:0:0:4, 6:3:0:0:6, 3:0:0:0:3, 3:0:0:0:4, 3:0:0:0:4, 9:4:0:0:9, 2:0:0:0:2, 4:0:0:0:5, 3:0:0:0:6, 0:0:0:0:0, 0:0:0:0:0, 3:0:0:0:1, 2:0:0:0:1, 2:0:0:0:1, 0:0:0:0:0, 2:0:0:0:1, 4:0:0:0:4, 6:3:0:0:5, 2:0:0:0:2, 5:1:0:0:7, 10:3:0:0:9, 4:0:0:0:6, 3:0:0:0:5, 2:0:0:0:2, 0:0:0:0:0, 0:0:0:0:0, 0:0:0:0:0, 0:0:0:0:0, 985:172:7:0:978
G# minor (5#), 2:0:0:0:0, 4:0:0:0:1, 5:0:0:0:1, 4:2:0:0:3, 5:2:0:0:5, 5:1:0:0:4, 5:0:0:0:1, 4:3:0:0:4, 6:4:0:0:4, 5:0:0:0:1, 1:0:0:0:2, 6:1:0:0:2, 4:2:0:0:2, 5:0:0:0:1, 1:0:0:0:2, 6:1:0:0:2, 4:1:0:0:1, 4:0:0:0:1, 5:0:0:0:1, 4:2:0:0:3, 5:2:0:0:5, 5:1:0:0:4, 5:0:0:0:1, 4:3:0:0:4, 6:4:0:0:4, 5:0:0:0:1, 1:0:0:0:2, 6:1:0:0:2, 4:3:0:0:3, 8:0:0:0:2, 5:2:0:0:4, 4:0:0:0:2, 3:0:0:0:0, 4:0:0:0:1, 1:0:0:0:1, 5:3:0:0:4, 5:2:0:0:6, 4:1:0:0:2, 2:0:0:0:3, 5:3:0:0:5, 7:5:0:0:7, 5:0:1:0:0, 2:0:0:0:1, 4:1:0:0:3, 4:1:0:0:1, 4:0:0:0:0, 0:0:0:0:0, 5:1:0:0:3, 3:1:0:0:1, 4:0:0:0:1, 5:0:0:0:1, 4:2:0:0:3, 6:2:0:0:4, 5:1:0:0:4, 5:0:0:0:1, 4:3:0:0:4, 7:3:0:0:4, 4:0:0:0:1, 1:0:0:0:2, 6:1:0:0:2, 5:2:0:0:2, 7:0:0:0:1, 5:2:0:0:3, 3:0:0:0:3, 6:2:0:0:4, 5:0:0:0:2, 4:0:0:0:1, 5:3:0:0:4, 5:3:0:0:6, 5:1:0:0:3, 3:0:0:0:1, 4:4:0:0:6, 7:5:0:0:7, 3:0:0:0:0, 0:0:0:0:0, 4:1:0:0:2, 4:1:0:0:1, 4:0:0:0:0, 2:0:0:0:0, 5:1:0:0:2, 3:1:0:0:1, 3:0:0:0:1, 2:0:0:0:0, 6:2:0:0:3, 6:2:0:0:3, 4:1:0:0:2, 2:0:0:0:1, 6:3:0:0:5, 5:4:0:0:4, 4:0:0:0:0, 0:0:0:0:0, 6:1:0:0:3, 6:2:0:0:2, 6:0:0:0:1, 5:2:0:0:3, 3:0:0:0:1, 5:2:0:0:3, 3:0:0:0:1, 3:0:0:0:1, 4:2:0:0:3, 6:4:0:0:5, 4:1:0:0:3, 1:0:0:0:1, 4:4:0:0:5, 6:7:0:0:7, 3:0:0:0:0, 0:0:0:0:0, 4:1:0:0:2, 3:1:0:0:1, 3:0:0:0:0, 2:0:0:0:0, 5:1:0:0:2, 6:2:0:0:3, 4:0:0:0:1, 4:0:0:0:2, 5:2:0:0:4, 7:4:0:0:6, 4:1:0:0:2, 4:0:0:0:0, 6:5:0:0:6, 6:4:0:0:4, 3:0:0:0:0, 1:0:0:0:0, 4:1:0:0:3, 5:3:0:0:3, 8:0:0:0:3, 6:2:0:0:5, 4:0:0:0:3, 5:2:0:0:4, 3:0:0:0:1, 3:0:0:0:2, 4:2:0:0:4, 5:4:0:0:6, 4:1:0:0:3,  , 6:3:0:0:5, 6:6:0:0:6, 3:0:0:0:0, 0:0:0:0:0, 6:2:0:0:3, 5:1:1:0:1, 3:0:0:0:0, 2:0:0:0:0, 6:2:0:0:3, 5:1:0:0:2, 5:3:0:0:4, 3:0:0:0:1, 5:3:0:0:4, 5:3:0:0:4, 4:1:0:0:2, 1:0:2:0:2, 7:3:0:0:5, 6:6:0:0:6, 5:1:0:0:1, 1:0:0:0:0, 6:2:0:0:4, 5:2:0:0:3, 6:0:0:0:2, 5:2:0:0:3, 5:0:0:0:3, 5:2:0:0:3, 3:0:0:0:2, 1:0:0:0:2, 4:2:0:0:4, 4:2:0:0:4, 4:1:0:0:3, 2:0:0:0:2, 4:3:0:0:5, 5:3:0:0:4, 3:0:0:0:0, 0:0:0:0:0, 4:1:0:0:3, 4:1:0:0:2, 3:0:0:0:0, 0:0:0:0:0, 4:1:0:0:3, 4:1:0:0:2, 4:0:0:0:2, 2:0:0:0:0, 5:3:0:0:5, 6:4:0:0:5, 5:1:0:0:2,  , 5:4:0:0:5, 5:5:0:0:5, 3:0:0:0:0, 0:0:0:0:0, 5:1:0:0:2, 6:3:0:0:3, 8:1:0:0:3, 6:2:0:0:5, 4:0:0:0:3, 5:2:0:0:4, 3:0:0:0:1, 5:0:0:0:1, 7:4:0:0:6, 5:4:0:0:6, 4:1:0:0:2, 3:0:0:0:0, 6:4:0:0:5, 6:4:0:0:4, 4:0:0:0:0, 2:0:1:0:2, 5:1:0:0:2, 5:1:0:0:2, 5:0:0:0:0, 5:0:0:0:1, 5:1:0:0:3, 4:1:0:0:3, 3:0:0:0:2, 2:0:0:0:2, 4:2:0:0:3, 4:2:0:0:3, 4:1:0:0:2, 2:0:0:0:2, 5:4:0:0:6, 4:3:0:0:3, 3:0:0:0:0, 0:0:0:0:0, 4:1:0:0:3, 5:2:0:0:3, 8:0:0:0:1, 5:2:0:0:3, 5:0:0:0:4, 5:2:0:0:3, 5:0:0:0:4, 3:0:0:0:4, 5:3:0:0:7, 6:4:0:0:5, 4:1:0:0:3, 4:0:0:0:1, 6:4:0:0:6, 6:7:0:0:7, 4:0:0:0:1, 1:0:0:0:0, 5:1:0:0:2, 5:2:0:0:2, 4:0:0:0:2, 4:0:0:0:0, 6:1:0:0:3, 6:2:0:0:3, 3:0:0:0:2, 2:0:0:0:2, 5:2:0:0:3, 6:4:0:0:5, 5:1:0:0:4, 0:0:0:0:0, 5:3:0:0:4, 7:4:0:0:5, 3:0:0:0:0, 3:0:0:0:0, 6:1:0:0:3, 6:3:0:0:5, 6:0:0:0:2, 5:2:0:0:3, 3:0:0:0:1, 6:2:0:0:5, 3:0:0:0:2, 2:0:0:0:3, 5:3:0:0:5, 5:2:0:0:3, 4:1:0:0:3, 2:0:0:0:2, 4:3:0:0:5, 5:4:0:0:5, 3:0:0:0:0, 1:0:0:0:0, 8:1:0:0:2, 6:2:0:0:3, 5:0:0:0:1, 2:0:0:0:0, 6:2:0:0:3, 5:1:0:0:3, 3:0:0:0:2, 6:0:0:0:1, 5:2:0:0:4, 6:5:0:0:6, 6:1:0:0:3, 5:0:0:0:1, 9:3:2:0:7, 5:7:0:0:7, 3:0:0:0:0, 4:0:0:0:0, 6:1:0:0:2, 4:2:0:0:2, 7:0:0:0:1, 5:2:0:0:4, 3:0:0:0:2, 5:2:0:0:3, 3:0:0:0:1, 1:0:0:0:0, 4:2:0:0:3, 5:3:0:0:4, 4:1:0:0:2, 0:0:0:0:0, 5:3:0:0:4, 4:3:0:0:3, 3:0:0:0:0, 0:0:0:0:0, 4:1:0:0:2, 4:1:0:0:1, 3:0:0:0:0, 0:0:0:0:0, 4:1:0:0:2, 5:1:0:0:2, 4:0:0:0:1, 0:0:0:0:0, 6:5:2:0:6, 4:2:0:0:3, 5:2:0:0:3,  , 8:6:0:0:7, 5:3:0:0:3, 3:0:0:0:0, 3:0:0:0:3, 5:1:0:0:4, 4:2:0:0:2, 6:0:0:0:1, 5:2:0:0:4, 3:0:0:0:2, 5:2:0:0:3, 4:0:0:0:1, 5:0:0:0:2, 5:2:0:0:4, 7:4:0:0:7, 4:1:0:0:2, 4:1:0:0:1, 6:4:1:0:7, 5:3:0:0:4, 3:0:0:0:0, 2:0:0:0:0, 5:1:0:0:3, 4:1:0:0:1, 4:0:0:0:1, 6:1:0:0:2, 5:1:0:0:4, 6:1:0:0:2, 4:0:0:0:2, 2:0:0:0:1, 4:2:0:0:3, 8:2:2:0:6, 5:5:0:0:6, 4:0:0:0:1, 4:3:0:0:4, 6:3:0:0:4, 4:0:0:0:0, 2:0:0:0:0, 4:1:0:0:2, 5:2:0:0:3, 9:0:0:0:3, 6:2:0:0:4, 5:1:0:0:5, 6:2:0:0:3, 1:0:0:0:0, 1:0:0:0:0, 1:0:0:0:0, 1:0:0:0:0, 1503:463:12:0:875
Bb minor mel (5b), 2:0:0:0:2, 3:0:0:0:6, 3:0:1:0:1, 0:0:0:0:0, 3:0:0:0:2, 3:0:0:0:4, 3:0:0:0:1, 0:0:0:0:0, 3:0:0:0:2, 3:0:0:0:3, 5:4:0:0:5, 3:0:0:0:3, 3:0:0:0:3, 3:0:0:0:3, 6:4:0:0:5, 5:0:0:0:3, 3:0:0:0:3, 3:0:0:0:6, 3:0:1:0:1, 0:0:0:0:0, 3:0:0:0:2, 3:0:0:0:4, 3:0:0:0:1, 0:0:0:0:0, 3:0:0:0:2, 3:0:0:0:3, 6:4:0:0:5, 3:0:0:0:3, 5:1:0:0:7, 8:4:0:0:8, 3:0:0:0:4, 3:0:0:0:4, 2:0:0:0:2, 4:0:0:0:5, 0:0:0:0:0, 1:0:0:0:0, 2:0:0:0:2, 2:0:0:0:1, 1:0:0:0:0, 1:0:0:0:0, 2:0:0:0:2, 5:0:0:0:3, 6:3:0:0:4, 2:0:0:0:1, 3:0:0:0:2, 4:0:0:0:3, 4:3:0:0:4, 3:0:0:0:2, 2:0:0:0:1, 3:0:0:0:7, 3:0:1:0:1, 0:0:0:0:0, 2:0:0:0:1, 3:0:0:0:4, 3:0:0:0:1, 0:0:0:0:0, 3:0:0:0:2, 3:0:0:0:3, 6:4:0:0:5, 3:0:0:0:3, 6:1:0:0:7, 7:3:0:0:8, 3:0:0:0:3, 2:0:0:0:2, 4:0:0:0:3, 4:0:0:0:6, 2:0:0:0:2, 1:0:0:0:0, 2:0:0:0:2, 3:0:0:0:2, 2:0:0:0:2, 0:0:0:0:0, 2:0:0:0:1, 3:0:0:0:4, 5:3:0:0:5, 2:0:0:0:1, 3:0:0:0:2, 4:0:0:0:4, 6:3:0:0:7, 2:0:0:0:1, 2:0:0:0:1, 2:0:0:0:2, 2:0:0:0:2, 3:0:0:0:4, 3:0:0:0:2, 3:0:0:0:1, 1:0:0:0:2, 1:0:0:0:2, 1:0:0:0:0, 4:0:0:0:4, 4:3:0:0:4, 4:0:0:0:4, 6:3:1:0:8, 6:3:0:0:6, 3:0:0:0:2, 2:0:0:0:2, 3:0:0:0:2, 2:0:0:0:2, 1:0:0:0:1, 0:0:0:0:0, 4:0:0:0:2, 2:0:0:0:1, 0:0:0:0:0, 0:0:0:0:0, 1:0:0:0:0, 3:0:0:0:4, 4:3:0:0:5, 2:0:0:0:1, 2:0:0:0:3, 3:0:0:0:3, 6:3:0:0:5, 2:0:0:0:1, 4:0:0:0:5, 3:0:0:0:4, 3:0:0:0:3, 1:0:0:0:0, 2:0:0:0:1, 2:0:0:0:1, 3:1:0:0:2, 2:0:0:0:1, 2:0:0:0:1, 3:0:0:0:5, 5:3:0:0:5, 2:0:0:0:1, 6:1:0:0:6, 9:3:0:0:8, 4:0:0:0:5, 3:0:0:0:6, 3:0:0:0:3, 2:0:0:0:4, 1:0:0:0:2, 1:0:0:0:1, 1:0:0:0:1, 2:0:0:0:1,  , 1:0:0:0:0, 1:0:0:0:0, 3:0:0:0:3, 4:3:0:0:4, 3:0:0:0:3, 4:0:0:0:4, 3:0:0:0:6, 5:4:0:0:6, 3:0:0:0:3, 3:0:0:0:4, 4:1:0:0:6, 3:0:0:0:3, 1:0:0:0:0, 1:0:0:0:1, 2:0:0:0:1, 0:0:0:0:0, 3:0:0:0:2, 1:0:0:0:0, 4:1:0:0:4, 5:3:0:0:5, 3:0:0:0:3, 5:1:0:0:9, 6:3:0:0:6, 3:0:0:0:2, 3:0:0:0:4, 3:0:0:0:2, 2:0:0:0:3, 1:0:0:0:2, 0:0:0:0:0, 1:0:0:0:2, 2:0:0:0:2, 1:0:0:0:2, 0:0:0:0:0, 1:0:0:0:0, 3:0:0:0:3, 4:3:0:0:5, 2:0:0:0:1, 2:0:0:0:3, 3:0:0:0:4, 4:4:0:0:5, 2:0:0:0:2, 2:0:0:0:3, 3:0:0:0:3, 1:0:0:0:1, 1:0:0:0:0, 1:0:0:0:2, 2:0:0:0:1,  , 0:0:0:0:0, 1:0:0:0:0, 3:0:0:0:4, 4:4:0:0:5, 3:0:0:0:2, 5:2:0:0:9, 9:3:0:0:11, 4:0:0:0:5, 3:0:0:0:4, 3:0:0:0:3, 2:0:0:0:2, 4:0:0:0:3, 2:0:0:0:1, 2:0:0:0:1, 2:0:0:0:1, 3:1:0:0:2, 0:0:0:0:0, 1:0:0:0:0, 5:1:0:0:9, 6:4:0:0:5, 3:0:0:0:2, 3:0:0:0:4, 4:0:0:0:3, 9:3:0:0:7, 3:0:0:0:2, 2:0:0:0:3, 2:0:0:0:2, 0:0:0:0:0, 0:0:0:0:0, 1:0:0:0:1, 2:0:0:0:2, 1:0:0:0:1, 1:0:0:0:1, 1:0:0:0:0, 3:0:0:0:5, 4:3:0:0:6, 2:0:0:0:2, 5:2:0:0:9, 9:3:0:0:8, 3:0:0:0:2, 4:0:0:0:4, 3:0:0:0:2, 4:0:0:0:5, 3:0:0:0:2, 1:0:0:0:0, 4:0:0:0:2, 2:0:0:0:1, 2:0:0:0:1, 0:0:0:0:0, 1:0:0:0:0, 3:0:0:0:5, 5:4:0:0:5, 3:0:0:0:2, 4:0:0:0:5, 4:0:0:0:5, 7:4:0:0:8, 4:0:0:0:4, 3:0:0:0:4, 2:0:0:0:2, 1:0:0:0:0, 0:0:0:0:0, 2:0:0:0:1, 2:0:0:0:1, 0:0:0:0:0, 0:0:0:0:0, 1:0:0:0:0, 3:0:0:0:4, 6:4:0:0:7, 4:0:0:0:5, 5:1:0:0:7, 7:3:0:0:8, 3:0:0:0:2, 2:0:0:0:2, 4:0:0:0:4, 2:0:0:0:2, 0:0:0:0:0, 1:0:0:0:1, 1:0:0:0:1, 3:0:0:0:2, 1:0:0:0:2, 0:0:0:0:0, 1:0:0:0:0, 3:0:0:0:3, 5:3:0:0:5, 5:0:1:0:2, 3:1:0:0:5, 4:0:0:0:3, 5:4:0:0:8, 4:1:0:0:5, 3:0:0:0:6, 2:0:0:0:3, 4:0:0:0:3, 1:0:0:0:0, 1:0:0:0:2, 4:0:0:0:4, 2:0:0:0:2, 3:0:0:0:1, 1:0:0:0:0, 3:0:0:0:3, 8:3:0:0:9, 4:1:0:0:3, 5:1:0:0:5, 7:4:0:0:8, 3:0:0:0:3, 2:0:0:0:2, 3:0:0:0:2, 2:0:0:0:2, 0:0:0:0:0, 0:0:0:0:0, 1:0:0:0:1, 2:0:0:0:1, 0:0:0:0:0, 1:0:0:0:0, 1:0:0:0:0, 3:0:0:0:3, 4:3:0:0:4, 2:0:0:0:1, 3:0:0:0:2, 3:0:0:0:4, 4:3:0:0:5, 2:0:0:0:1, 3:1:0:0:5, 3:0:0:0:5, 1:0:0:0:1, 2:0:2:0:2, 1:0:0:0:1, 3:0:0:0:2,  , 3:0:0:0:1, 1:0:0:0:0, 3:0:0:0:3, 9:3:0:0:7, 3:0:0:0:2, 5:2:0:0:8, 6:3:0:0:6, 3:0:0:0:4, 2:0:0:0:2, 3:0:0:0:2, 3:0:0:0:4, 4:0:0:0:3, 1:0:0:0:0, 2:0:0:0:2, 2:0:0:0:1, 2:0:0:0:2, 0:0:0:0:0, 1:0:0:0:0, 3:0:0:0:4, 6:3:0:0:6, 3:0:0:0:3, 3:0:0:0:4, 3:0:0:0:4, 9:4:0:0:9, 2:0:0:0:2, 4:0:0:0:5, 3:0:0:0:6, 0:0:0:0:0, 0:0:0:0:0, 3:0:0:0:1, 2:0:0:0:1, 2:0:0:0:1, 0:0:0:0:0, 2:0:0:0:1, 4:0:0:0:4, 6:3:0:0:5, 2:0:0:0:2, 5:1:0:0:7, 10:3:0:0:9, 4:0:0:0:6, 3:0:0:0:5, 2:0:0:0:2, 0:0:0:0:0, 0:0:0:0:0, 0:0:0:0:0, 0:0:0:0:0, 985:172:7:0:978
G# minor mel (5#), 2:0:0:0:0, 4:0:0:0:1, 5:0:0:0:1, 4:2:0:0:3, 5:2:0:0:5, 5:1:0:0:4, 5:0:0:0:1, 4:3:0:0:4, 6:4:0:0:4, 5:0:0:0:1, 1:0:0:0:2, 6:1:0:0:2, 4:2:0:0:2, 5:0:0:0:1, 1:0:0:0:2, 6:1:0:0:2, 4:1:0:0:1, 4:0:0:0:1, 5:0:0:0:1, 4:2:0:0:3, 5:2:0:0:5, 5:1:0:0:4, 5:0:0:0:1, 4:3:0:0:4, 6:4:0:0:4, 5:0:0:0:1, 1:0:0:0:2, 6:1:0:0:2, 4:3:0:0:3, 8:0:0:0:2, 5:2:0:0:4, 4:0:0:0:2, 3:0:0:0:0, 4:0:0:0:1, 1:0:0:0:1, 5:3:0:0:4, 5:2:0:0:6, 4:1:0:0:2, 2:0:0:0:3, 5:3:0:0:5, 7:5:0:0:7, 5:0:1:0:0, 2:0:0:0:1, 4:1:0:0:3, 4:1:0:0:1, 4:0:0:0:0, 0:0:0:0:0, 5:1:0:0:3, 3:1:0:0:1, 4:0:0:0:1, 5:0:0:0:1, 4:2:0:0:3, 6:2:0:0:4, 5:1:0:0:4, 5:0:0:0:1, 4:3:0:0:4, 7:3:0:0:4, 4:0:0:0:1, 1:0:0:0:2, 6:1:0:0:2, 5:2:0:0:2, 7:0:0:0:1, 5:2:0:0:3, 3:0:0:0:3, 6:2:0:0:4, 5:0:0:0:2, 4:0:0:0:1, 5:3:0:0:4, 5:3:0:0:6, 5:1:0:0:3, 3:0:0:0:1, 4:4:0:0:6, 7:5:0:0:7, 3:0:0:0:0, 0:0:0:0:0, 4:1:0:0:2, 4:1:0:0:1, 4:0:0:0:0, 2:0:0:0:0, 5:1:0:0:2, 3:1:0:0:1, 3:0:0:0:1, 2:0:0:0:0, 6:2:0:0:3, 6:2:0:0:3, 4:1:0:0:2, 2:0:0:0:1, 6:3:0:0:5, 5:4:0:0:4, 4:0:0:0:0, 0:0:0:0:0, 6:1:0:0:3, 6:2:0:0:2, 6:0:0:0:1, 5:2:0:0:3, 3:0:0:0:1, 5:2:0:0:3, 3:0:0:0:1, 3:0:0:0:1, 4:2:0:0:3, 6:4:0:0:5, 4:1:0:0:3, 1:0:0:0:1, 4:4:0:0:5, 6:7:0:0:7, 3:0:0:0:0, 0:0:0:0:0, 4:1:0:0:2, 3:1:0:0:1, 3:0:0:0:0, 2:0:0:0:0, 5:1:0:0:2, 6:2:0:0:3, 4:0:0:0:1, 4:0:0:0:2, 5:2:0:0:4, 7:4:0:0:6, 4:1:0:0:2, 4:0:0:0:0, 6:5:0:0:6, 6:4:0:0:4, 3:0:0:0:0, 1:0:0:0:0, 4:1:0:0:3, 5:3:0:0:3, 8:0:0:0:3, 6:2:0:0:5, 4:0:0:0:3, 5:2:0:0:4, 3:0:0:0:1, 3:0:0:0:2, 4:2:0:0:4, 5:4:0:0:6, 4:1:0:0:3,  , 6:3:0:0:5, 6:6:0:0:6, 3:0:0:0:0, 0:0:0:0:0, 6:2:0:0:3, 5:1:1:0:1, 3:0:0:0:0, 2:0:0:0:0, 6:2:0:0:3, 5:1:0:0:2, 5:3:0:0:4, 3:0:0:0:1, 5:3:0:0:4, 5:3:0:0:4, 4:1:0:0:2, 1:0:2:0:2, 7:3:0:0:5, 6:6:0:0:6, 5:1:0:0:1, 1:0:0:0:0, 6:2:0:0:4, 5:2:0:0:3, 6:0:0:0:2, 5:2:0:0:3, 5:0:0:0:3, 5:2:0:0:3, 3:0:0:0:2, 1:0:0:0:2, 4:2:0:0:4, 4:2:0:0:4, 4:1:0:0:3, 2:0:0:0:2, 4:3:0:0:5, 5:3:0:0:4, 3:0:0:0:0, 0:0:0:0:0, 4:1:0:0:3, 4:1:0:0:2, 3:0:0:0:0, 0:0:0:0:0, 4:1:0:0:3, 4:1:0:0:2, 4:0:0:0:2, 2:0:0:0:0, 5:3:0:0:5, 6:4:0:0:5, 5:1:0:0:2,  , 5:4:0:0:5, 5:5:0:0:5, 3:0:0:0:0, 0:0:0:0:0, 5:1:0:0:2, 6:3:0:0:3, 8:1:0:0:3, 6:2:0:0:5, 4:0:0:0:3, 5:2:0:0:4, 3:0:0:0:1, 5:0:0:0:1, 7:4:0:0:6, 5:4:0:0:6, 4:1:0:0:2, 3:0:0:0:0, 6:4:0:0:5, 6:4:0:0:4, 4:0:0:0:0, 2:0:1:0:2, 5:1:0:0:2, 5:1:0:0:2, 5:0:0:0:0, 5:0:0:0:1, 5:1:0:0:3, 4:1:0:0:3, 3:0:0:0:2, 2:0:0:0:2, 4:2:0:0:3, 4:2:0:0:3, 4:1:0:0:2, 2:0:0:0:2, 5:4:0:0:6, 4:3:0:0:3, 3:0:0:0:0, 0:0:0:0:0, 4:1:0:0:3, 5:2:0:0:3, 8:0:0:0:1, 5:2:0:0:3, 5:0:0:0:4, 5:2:0:0:3, 5:0:0:0:4, 3:0:0:0:4, 5:3:0:0:7, 6:4:0:0:5, 4:1:0:0:3, 4:0:0:0:1, 6:4:0:0:6, 6:7:0:0:7, 4:0:0:0:1, 1:0:0:0:0, 5:1:0:0:2, 5:2:0:0:2, 4:0:0:0:2, 4:0:0:0:0, 6:1:0:0:3, 6:2:0:0:3, 3:0:0:0:2, 2:0:0:0:2, 5:2:0:0:3, 6:4:0:0:5, 5:1:0:0:4, 0:0:0:0:0, 5:3:0:0:4, 7:4:0:0:5, 3:0:0:0:0, 3:0:0:0:0, 6:1:0:0:3, 6:3:0:0:5, 6:0:0:0:2, 5:2:0:0:3, 3:0:0:0:1, 6:2:0:0:5, 3:0:0:0:2, 2:0:0:0:3, 5:3:0:0:5, 5:2:0:0:3, 4:1:0:0:3, 2:0:0:0:2, 4:3:0:0:5, 5:4:0:0:5, 3:0:0:0:0, 1:0:0:0:0, 8:1:0:0:2, 6:2:0:0:3, 5:0:0:0:1, 2:0:0:0:0, 6:2:0:0:3, 5:1:0:0:3, 3:0:0:0:2, 6:0:0:0:1, 5:2:0:0:4, 6:5:0:0:6, 6:1:0:0:3, 5:0:0:0:1, 9:3:2:0:7, 5:7:0:0:7, 3:0:0:0:0, 4:0:0:0:0, 6:1:0:0:2, 4:2:0:0:2, 7:0:0:0:1, 5:2:0:0:4, 3:0:0:0:2, 5:2:0:0:3, 3:0:0:0:1, 1:0:0:0:0, 4:2:0:0:3, 5:3:0:0:4, 4:1:0:0:2, 0:0:0:0:0, 5:3:0:0:4, 4:3:0:0:3, 3:0:0:0:0, 0:0:0:0:0, 4:1:0:0:2, 4:1:0:0:1, 3:0:0:0:0, 0:0:0:0:0, 4:1:0:0:2, 5:1:0:0:2, 4:0:0:0:1, 0:0:0:0:0, 6:5:2:0:6, 4:2:0:0:3, 5:2:0:0:3,  , 8:6:0:0:7, 5:3:0:0:3, 3:0:0:0:0, 3:0:0:0:3, 5:1:0:0:4, 4:2:0:0:2, 6:0:0:0:1, 5:2:0:0:4, 3:0:0:0:2, 5:2:0:0:3, 4:0:0:0:1, 5:0:0:0:2, 5:2:0:0:4, 7:4:0:0:7, 4:1:0:0:2, 4:1:0:0:1, 6:4:1:0:7, 5:3:0:0:4, 3:0:0:0:0, 2:0:0:0:0, 5:1:0:0:3, 4:1:0:0:1, 4:0:0:0:1, 6:1:0:0:2, 5:1:0:0:4, 6:1:0:0:2, 4:0:0:0:2, 2:0:0:0:1, 4:2:0:0:3, 8:2:2:0:6, 5:5:0:0:6, 4:0:0:0:1, 4:3:0:0:4, 6:3:0:0:4, 4:0:0:0:0, 2:0:0:0:0, 4:1:0:0:2, 5:2:0:0:3, 9:0:0:0:3, 6:2:0:0:4, 5:1:0:0:5, 6:2:0:0:3, 1:0:0:0:0, 1:0:0:0:0, 1:0:0:0:0, 1:0:0:0:0, 1503:463:12:0:875
Db major blues (5b), 2:0:0:0:2, 3:0:0:0:6, 3:0:1:0:1, 0:0:0:0:0, 3:0:0:0:2, 3:0:0:0:4, 3:0:0:0:1, 0:0:0:0:0, 3:0:0:0:2, 3:0:0:0:3, 5:4:0:0:5, 3:0:0:0:3, 3:0:0:0:3, 3:0:0:0:3, 6:4:0:0:5, 5:0:0:0:3, 3:0:0:0:3, 3:0:0:0:6, 3:0:1:0:1, 0:0:0:0:0, 3:0:0:0:2, 3:0:0:0:4, 3:0:0:0:1, 0:0:0:0:0, 3:0:0:0:2, 3:0:0:0:3, 6:4:0:0:5, 3:0:0:0:3, 5:1:0:0:7, 8:4:0:0:8, 3:0:0:0:4, 3:0:0:0:4, 2:0:0:0:2, 4:0:0:0:5, 0:0:0:0:0, 1:0:0:0:0, 2:0:0:0:2, 2:0:0:0:1, 1:0:0:0:0, 1:0:0:0:0, 2:0:0:0:2, 5:0:0:0:3, 6:3:0:0:4, 2:0:0:0:1, 3:0:0:0:2, 4:0:0:0:3, 4:3:0:0:4, 3:0:0:0:2, 2:0:0:0:1, 3:0:0:0:7, 3:0:1:0:1, 0:0:0:0:0, 2:0:0:0:1, 3:0:0:0:4, 3:0:0:0:1, 0:0:0:0:0, 3:0:0:0:2, 3:0:0:0:3, 6:4:0:0:5, 3:0:0:0:3, 6:1:0:0:7, 7:3:0:0:8, 3:0:0:0:3, 2:0:0:0:2, 4:0:0:0:3, 4:0:0:0:6, 2:0:0:0:2, 1:0:0:0:0, 2:0:0:0:2, 3:0:0:0:2, 2:0:0:0:2, 0:0:0:0:0, 2:0:0:0:1, 3:0:0:0:4, 5:3:0:0:5, 2:0:0:0:1, 3:0:0:0:2, 4:0:0:0:4, 6:3:0:0:7, 2:0:0:0:1, 2:0:0:0:1, 2:0:0:0:2, 2:0:0:0:2, 3:0:0:0:4, 3:0:0:0:2, 3:0:0:0:1, 1:0:0:0:2, 1:0:0:0:2, 1:0:0:0:0, 4:0:0:0:4, 4:3:0:0:4, 4:0:0:0:4, 6:3:1:0:8, 6:3:0:0:6, 3:0:0:0:2, 2:0:0:0:2, 3:0:0:0:2, 2:0:0:0:2, 1:0:0:0:1, 0:0:0:0:0, 4:0:0:0:2, 2:0:0:0:1, 0:0:0:0:0, 0:0:0:0:0, 1:0:0:0:0, 3:0:0:0:4, 4:3:0:0:5, 2:0:0:0:1, 2:0:0:0:3, 3:0:0:0:3, 6:3:0:0:5, 2:0:0:0:1, 4:0:0:0:5, 3:0:0:0:4, 3:0:0:0:3, 1:0:0:0:0, 2:0:0:0:1, 2:0:0:0:1, 3:1:0:0:2, 2:0:0:0:1, 2:0:0:0:1, 3:0:0:0:5, 5:3:0:0:5, 2:0:0:0:1, 6:1:0:0:6, 9:3:0:0:8, 4:0:0:0:5, 3:0:0:0:6, 3:0:0:0:3, 2:0:0:0:4, 1:0:0:0:2, 1:0:0:0:1, 1:0:0:0:1, 2:0:0:0:1,  , 1:0:0:0:0, 1:0:0:0:0, 3:0:0:0:3, 4:3:0:0:4, 3:0:0:0:3, 4:0:0:0:4, 3:0:0:0:6, 5:4:0:0:6, 3:0:0:0:3, 3:0:0:0:4, 4:1:0:0:6, 3:0:0:0:3, 1:0:0:0:0, 1:0:0:0:1, 2:0:0:0:1, 0:0:0:0:0, 3:0:0:0:2, 1:0:0:0:0, 4:1:0:0:4, 5:3:0:0:5, 3:0:0:0:3, 5:1:0:0:9, 6:3:0:0:6, 3:0:0:0:2, 3:0:0:0:4, 3:0:0:0:2, 2:0:0:0:3, 1:0:0:0:2, 0:0:0:0:0, 1:0:0:0:2, 2:0:0:0:2, 1:0:0:0:2, 0:0:0:0:0, 1:0:0:0:0, 3:0:0:0:3, 4:3:0:0:5, 2:0:0:0:1, 2:0:0:0:3, 3:0:0:0:4, 4:4:0:0:5, 2:0:0:0:2, 2:0:0:0:3, 3:0:0:0:3, 1:0:0:0:1, 1:0:0:0:0, 1:0:0:0:2, 2:0:0:0:1,  , 0:0:0:0:0, 1:0:0:0:0, 3:0:0:0:4, 4:4:0:0:5, 3:0:0:0:2, 5:2:0:0:9, 9:3:0:0:11, 4:0:0:0:5, 3:0:0:0:4, 3:0:0:0:3, 2:0:0:0:2, 4:0:0:0:3, 2:0:0:0:1, 2:0:0:0:1, 2:0:0:0:1, 3:1:0:0:2, 0:0:0:0:0, 1:0:0:0:0, 5:1:0:0:9, 6:4:0:0:5, 3:0:0:0:2, 3:0:0:0:4, 4:0:0:0:3, 9:3:0:0:7, 3:0:0:0:2, 2:0:0:0:3, 2:0:0:0:2, 0:0:0:0:0, 0:0:0:0:0, 1:0:0:0:1, 2:0:0:0:2, 1:0:0:0:1, 1:0:0:0:1, 1:0:0:0:0, 3:0:0:0:5, 4:3:0:0:6, 2:0:0:0:2, 5:2:0:0:9, 9:3:0:0:8, 3:0:0:0:2, 4:0:0:0:4, 3:0:0:0:2, 4:0:0:0:5, 3:0:0:0:2, 1:0:0:0:0, 4:0:0:0:2, 2:0:0:0:1, 2:0:0:0:1, 0:0:0:0:0, 1:0:0:0:0, 3:0:0:0:5, 5:4:0:0:5, 3:0:0:0:2, 4:0:0:0:5, 4:0:0:0:5, 7:4:0:0:8, 4:0:0:0:4, 3:0:0:0:4, 2:0:0:0:2, 1:0:0:0:0, 0:0:0:0:0, 2:0:0:0:1, 2:0:0:0:1, 0:0:0:0:0, 0:0:0:0:0, 1:0:0:0:0, 3:0:0:0:4, 6:4:0:0:7, 4:0:0:0:5, 5:1:0:0:7, 7:3:0:0:8, 3:0:0:0:2, 2:0:0:0:2, 4:0:0:0:4, 2:0:0:0:2, 0:0:0:0:0, 1:0:0:0:1, 1:0:0:0:1, 3:0:0:0:2, 1:0:0:0:2, 0:0:0:0:0, 1:0:0:0:0, 3:0:0:0:3, 5:3:0:0:5, 5:0:1:0:2, 3:1:0:0:5, 4:0:0:0:3, 5:4:0:0:8, 4:1:0:0:5, 3:0:0:0:6, 2:0:0:0:3, 4:0:0:0:3, 1:0:0:0:0, 1:0:0:0:2, 4:0:0:0:4, 2:0:0:0:2, 3:0:0:0:1, 1:0:0:0:0, 3:0:0:0:3, 8:3:0:0:9, 4:1:0:0:3, 5:1:0:0:5, 7:4:0:0:8, 3:0:0:0:3, 2:0:0:0:2, 3:0:0:0:2, 2:0:0:0:2, 0:0:0:0:0, 0:0:0:0:0, 1:0:0:0:1, 2:0:0:0:1, 0:0:0:0:0, 1:0:0:0:0, 1:0:0:0:0, 3:0:0:0:3, 4:3:0:0:4, 2:0:0:0:1, 3:0:0:0:2, 3:0:0:0:4, 4:3:0:0:5, 2:0:0:0:1, 3:1:0:0:5, 3:0:0:0:5, 1:0:0:0:1, 2:0:2:0:2, 1:0:0:0:1, 3:0:0:0:2,  , 3:0:0:0:1, 1:0:0:0:0, 3:0:0:0:3, 9:3:0:0:7, 3:0:0:0:2, 5:2:0:0:8, 6:3:0:0:6, 3:0:0:0:4, 2:0:0:0:2, 3:0:0:0:2, 3:0:0:0:4, 4:0:0:0:3, 1:0:0:0:0, 2:0:0:0:2, 2:0:0:0:1, 2:0:0:0:2, 0:0:0:0:0, 1:0:0:0:0, 3:0:0:0:4, 6:3:0:0:6, 3:0:0:0:3, 3:0:0:0:4, 3:0:0:0:4, 9:4:0:0:9, 2:0:0:0:2, 4:0:0:0:5, 3:0:0:0:6, 0:0:0:0:0, 0:0:0:0:0, 3:0:0:0:1, 2:0:0:0:1, 2:0:0:0:1, 0:0:0:0:0, 2:0:0:0:1, 4:0:0:0:4, 6:3:0:0:5, 2:0:0:0:2, 5:1:0:0:7, 10:3:0:0:9, 4:0:0:0:6, 3:0:0:0:5, 2:0:0:0:2, 0:0:0:0:0, 0:0:0:0:0, 0:0:0:0:0, 0:0:0:0:0, 985:172:7:0:978
B major blues (5#), 2:0:0:0:0, 4:0:0:0:1, 5:0:0:0:1, 4:2:0:0:3, 5:2:0:0:5, 5:1:0:0:4, 5:0:0:0:1, 4:3:0:0:4, 6:4:0:0:4, 5:0:0:0:1, 1:0:0:0:2, 6:1:0:0:2, 4:2:0:0:2, 5:0:0:0:1, 1:0:0:0:2, 6:1:0:0:2, 4:1:0:0:1, 4:0:0:0:1, 5:0:0:0:1, 4:2:0:0:3, 5:2:0:0:5, 5:1:0:0:4, 5:0:0:0:1, 4:3:0:0:4, 6:4:0:0:4, 5:0:0:0:1, 1:0:0:0:2, 6:1:0:0:2, 4:3:0:0:3, 8:0:0:0:2, 5:2:0:0:4, 4:0:0:0:2, 3:0:0:0:0, 4:0:0:0:1, 1:0:0:0:1, 5:3:0:0:4, 5:2:0:0:6, 4:1:0:0:2, 2:0:0:0:3, 5:3:0:0:5, 7:5:0:0:7, 5:0:1:0:0, 2:0:0:0:1, 4:1:0:0:3, 4:1:0:0:1, 4:0:0:0:0, 0:0:0:0:0, 5:1:0:0:3, 3:1:0:0:1, 4:0:0:0:1, 5:0:0:0:1, 4:2:0:0:3, 6:2:0:0:4, 5:1:0:0:4, 5:0:0:0:1, 4:3:0:0:4, 7:3:0:0:4, 4:0:0:0:1, 1:0:0:0:2, 6:1:0:0:2, 5:2:0:0:2, 7:0:0:0:1, 5:2:0:0:3, 3:0:0:0:3, 6:2:0:0:4, 5:0:0:0:2, 4:0:0:0:1, 5:3:0:0:4, 5:3:0:0:6, 5:1:0:0:3, 3:0:0:0:1, 4:4:0:0:6, 7:5:0:0:7, 3:0:0:0:0, 0:0:0:0:0, 4:1:0:0:2, 4:1:0:0:1, 4:0:0:0:0, 2:0:0:0:0, 5:1:0:0:2, 3:1:0:0:1, 3:0:0:0:1, 2:0:0:0:0, 6:2:0:0:3, 6:2:0:0:3, 4:1:0:0:2, 2:0:0:0:1, 6:3:0:0:5, 5:4:0:0:4, 4:0:0:0:0, 0:0:0:0:0, 6:1:0:0:3, 6:2:0:0:2, 6:0:0:0:1, 5:2:0:0:3, 3:0:0:0:1, 5:2:0:0:3, 3:0:0:0:1, 3:0:0:0:1, 4:2:0:0:3, 6:4:0:0:5, 4:1:0:0:3, 1:0:0:0:1, 4:4:0:0:5, 6:7:0:0:7, 3:0:0:0:0, 0:0:0:0:0, 4:1:0:0:2, 3:1:0:0:1, 3:0:0:0:0, 2:0:0:0:0, 5:1:0:0:2, 6:2:0:0:3, 4:0:0:0:1, 4:0:0:0:2, 5:2:0:0:4, 7:4:0:0:6, 4:1:0:0:2, 4:0:0:0:0, 6:5:0:0:6, 6:4:0:0:4, 3:0:0:0:0, 1:0:0:0:0, 4:1:0:0:3, 5:3:0:0:3, 8:0:0:0:3, 6:2:0:0:5, 4:0:0:0:3, 5:2:0:0:4, 3:0:0:0:1, 3:0:0:0:2, 4:2:0:0:4, 5:4:0:0:6, 4:1:0:0:3,  , 6:3:0:0:5, 6:6:0:0:6, 3:0:0:0:0, 0:0:0:0:0, 6:2:0:0:3, 5:1:1:0:1, 3:0:0:0:0, 2:0:0:0:0, 6:2:0:0:3, 5:1:0:0:2, 5:3:0:0:4, 3:0:0:0:1, 5:3:0:0:4, 5:3:0:0:4, 4:1:0:0:2, 1:0:2:0:2, 7:3:0:0:5, 6:6:0:0:6, 5:1:0:0:1, 1:0:0:0:0, 6:2:0:0:4, 5:2:0:0:3, 6:0:0:0:2, 5:2:0:0:3, 5:0:0:0:3, 5:2:0:0:3, 3:0:0:0:2, 1:0:0:0:2, 4:2:0:0:4, 4:2:0:0:4, 4:1:0:0:3, 2:0:0:0:2, 4:3:0:0:5, 5:3:0:0:4, 3:0:0:0:0, 0:0:0:0:0, 4:1:0:0:3, 4:1:0:0:2, 3:0:0:0:0, 0:0:0:0:0, 4:1:0:0:3, 4:1:0:0:2, 4:0:0:0:2, 2:0:0:0:0, 5:3:0:0:5, 6:4:0:0:5, 5:1:0:0:2,  , 5:4:0:0:5, 5:5:0:0:5, 3:0:0:0:0, 0:0:0:0:0, 5:1:0:0:2, 6:3:0:0:3, 8:1:0:0:3, 6:2:0:0:5, 4:0:0:0:3, 5:2:0:0:4, 3:0:0:0:1, 5:0:0:0:1, 7:4:0:0:6, 5:4:0:0:6, 4:1:0:0:2, 3:0:0:0:0, 6:4:0:0:5, 6:4:0:0:4, 4:0:0:0:0, 2:0:1:0:2, 5:1:0:0:2, 5:1:0:0:2, 5:0:0:0:0, 5:0:0:0:1, 5:1:0:0:3, 4:1:0:0:3, 3:0:0:0:2, 2:0:0:0:2, 4:2:0:0:3, 4:2:0:0:3, 4:1:0:0:2, 2:0:0:0:2, 5:4:0:0:6, 4:3:0:0:3, 3:0:0:0:0, 0:0:0:0:0, 4:1:0:0:3, 5:2:0:0:3, 8:0:0:0:1, 5:2:0:0:3, 5:0:0:0:4, 5:2:0:0:3, 5:0:0:0:4, 3:0:0:0:4, 5:3:0:0:7, 6:4:0:0:5, 4:1:0:0:3, 4:0:0:0:1, 6:4:0:0:6, 6:7:0:0:7, 4:0:0:0:1, 1:0:0:0:0, 5:1:0:0:2, 5:2:0:0:2, 4:0:0:0:2, 4:0:0:0:0, 6:1:0:0:3, 6:2:0:0:3, 3:0:0:0:2, 2:0:0:0:2, 5:2:0:0:3, 6:4:0:0:5, 5:1:0:0:4, 0:0:0:0:0, 5:3:0:0:4, 7:4:0:0:5, 3:0:0:0:0, 3:0:0:0:0, 6:1:0:0:3, 6:3:0:0:5, 6:0:0:0:2, 5:2:0:0:3, 3:0:0:0:1, 6:2:0:0:5, 3:0:0:0:2, 2:0:0:0:3, 5:3:0:0:5, 5:2:0:0:3, 4:1:0:0:3, 2:0:0:0:2, 4:3:0:0:5, 5:4:0:0:5, 3:0:0:0:0, 1:0:0:0:0, 8:1:0:0:2, 6:2:0:0:3, 5:0:0:0:1, 2:0:0:0:0, 6:2:0:0:3, 5:1:0:0:3, 3:0:0:0:2, 6:0:0:0:1, 5:2:0:0:4, 6:5:0:0:6, 6:1:0:0:3, 5:0:0:0:1, 9:3:2:0:7, 5:7:0:0:7, 3:0:0:0:0, 4:0:0:0:0, 6:1:0:0:2, 4:2:0:0:2, 7:0:0:0:1, 5:2:0:0:4, 3:0:0:0:2, 5:2:0:0:3, 3:0:0:0:1, 1:0:0:0:0, 4:2:0:0:3, 5:3:0:0:4, 4:1:0:0:2, 0:0:0:0:0, 5:3:0:0:4, 4:3:0:0:3, 3:0:0:0:0, 0:0:0:0:0, 4:1:0:0:2, 4:1:0:0:1, 3:0:0:0:0, 0:0:0:0:0, 4:1:0:0:2, 5:1:0:0:2, 4:0:0:0:1, 0:0:0:0:0, 6:5:2:0:6, 4:2:0:0:3, 5:2:0:0:3,  , 8:6:0:0:7, 5:3:0:0:3, 3:0:0:0:0, 3:0:0:0:3, 5:1:0:0:4, 4:2:0:0:2, 6:0:0:0:1, 5:2:0:0:4, 3:0:0:0:2, 5:2:0:0:3, 4:0:0:0:1, 5:0:0:0:2, 5:2:0:0:4, 7:4:0:0:7, 4:1:0:0:2, 4:1:0:0:1, 6:4:1:0:7, 5:3:0:0:4, 3:0:0:0:0, 2:0:0:0:0, 5:1:0:0:3, 4:1:0:0:1, 4:0:0:0:1, 6:1:0:0:2, 5:1:0:0:4, 6:1:0:0:2, 4:0:0:0:2, 2:0:0:0:1, 4:2:0:0:3, 8:2:2:0:6, 5:5:0:0:6, 4:0:0:0:1, 4:3:0:0:4, 6:3:0:0:4, 4:0:0:0:0, 2:0:0:0:0, 4:1:0:0:2, 5:2:0:0:3, 9:0:0:0:3, 6:2:0:0:4, 5:1:0:0:5, 6:2:0:0:3, 1:0:0:0:0, 1:0:0:0:0, 1:0:0:0:0, 1:0:0:0:0, 1503:463:12:0:875
Bb minor blues (5b), 2:0:0:0:2, 3:0:0:0:6, 3:0:1:0:1, 0:0:0:0:0, 3:0:0:0:2, 3:0:0:0:4, 3:0:0:0:1, 0:0:0:0:0, 3:0:0:0:2, 3:0:0:0:3, 5:4:0:0:5, 3:0:0:0:3, 3:0:0:0:3, 3:0:0:0:3, 6:4:0:0:5, 5:0:0:0:3, 3:0:0:0:3, 3:0:0:0:6, 3:0:1:0:1, 0:0:0:0:0, 3:0:0:0:2, 3:0:0:0:4, 3:0:0:0:1, 0:0:0:0:0, 3:0:0:0:2, 3:0:0:0:3, 6:4:0:0:5, 3:0:0:0:3, 5:1:0:0:7, 8:4:0:0:8, 3:0:0:0:4, 3:0:0:0:4, 2:0:0:0:2, 4:0:0:0:5, 0:0:0:0:0, 1:0:0:0:0, 2:0:0:0:2, 2:0:0:0:1, 1:0:0:0:0, 1:0:0:0:0, 2:0:0:0:2, 5:0:0:0:3, 6:3:0:0:4, 2:0:0:0:1, 3:0:0:0:2, 4:0:0:0:3, 4:3:0:0:4, 3:0:0:0:2, 2:0:0:0:1, 3:0:0:0:7, 3:0:1:0:1, 0:0:0:0:0, 2:0:0:0:1, 3:0:0:0:4, 3:0:0:0:1, 0:0:0:0:0, 3:0:0:0:2, 3:0:0:0:3, 6:4:0:0:5, 3:0:0:0:3, 6:1:0:0:7, 7:3:0:0:8, 3:0:0:0:3, 2:0:0:0:2, 4:0:0:0:3, 4:0:0:0:6, 2:0:0:0:2, 1:0:0:0:0, 2:0:0:0:2, 3:0:0:0:2, 2:0:0:0:2, 0:0:0:0:0, 2:0:0:0:1, 3:0:0:0:4, 5:3:0:0:5, 2:0:0:0:1, 3:0:0:0:2, 4:0:0:0:4, 6:3:0:0:7, 2:0:0:0:1, 2:0:0:0:1, 2:0:0:0:2, 2:0:0:0:2, 3:0:0:0:4, 3:0:0:0:2, 3:0:0:0:1, 1:0:0:0:2, 1:0:0:0:2, 1:0:0:0:0, 4:0:0:0:4, 4:3:0:0:4, 4:0:0:0:4, 6:3:1:0:8, 6:3:0:0:6, 3:0:0:0:2, 2:0:0:0:2, 3:0:0:0:2, 2:0:0:0:2, 1:0:0:0:1, 0:0:0:0:0, 4:0:0:0:2, 2:0:0:0:1, 0:0:0:0:0, 0:0:0:0:0, 1:0:0:0:0, 3:0:0:0:4, 4:3:0:0:5, 2:0:0:0:1, 2:0:0:0:3, 3:0:0:0:3, 6:3:0:0:5, 2:0:0:0:1, 4:0:0:0:5, 3:0:0:0:4, 3:0:0:0:3, 1:0:0:0:0, 2:0:0:0:1, 2:0:0:0:1, 3:1:0:0:2, 2:0:0:0:1, 2:0:0:0:1, 3:0:0:0:5, 5:3:0:0:5, 2:0:0:0:1, 6:1:0:0:6, 9:3:0:0:8, 4:0:0:0:5, 3:0:0:0:6, 3:0:0:0:3, 2:0:0:0:4, 1:0:0:0:2, 1:0:0:0:1, 1:0:0:0:1, 2:0:0:0:1,  , 1:0:0:0:0, 1:0:0:0:0, 3:0:0:0:3, 4:3:0:0:4, 3:0:0:0:3, 4:0:0:0:4, 3:0:0:0:6, 5:4:0:0:6, 3:0:0:0:3, 3:0:0:0:4, 4:1:0:0:6, 3:0:0:0:3, 1:0:0:0:0, 1:0:0:0:1, 2:0:0:0:1, 0:0:0:0:0, 3:0:0:0:2, 1:0:0:0:0, 4:1:0:0:4, 5:3:0:0:5, 3:0:0:0:3, 5:1:0:0:9, 6:3:0:0:6, 3:0:0:0:2, 3:0:0:0:4, 3:0:0:0:2, 2:0:0:0:3, 1:0:0:0:2, 0:0:0:0:0, 1:0:0:0:2, 2:0:0:0:2, 1:0:0:0:2, 0:0:0:0:0, 1:0:0:0:0, 3:0:0:0:3, 4:3:0:0:5, 2:0:0:0:1, 2:0:0:0:3, 3:0:0:0:4, 4:4:0:0:5, 2:0:0:0:2, 2:0:0:0:3, 3:0:0:0:3, 1:0:0:0:1, 1:0:0:0:0, 1:0:0:0:2, 2:0:0:0:1,  , 0:0:0:0:0, 1:0:0:0:0, 3:0:0:0:4, 4:4:0:0:5, 3:0:0:0:2, 5:2:0:0:9, 9:3:0:0:11, 4:0:0:0:5, 3:0:0:0:4, 3:0:0:0:3, 2:0:0:0:2, 4:0:0:0:3, 2:0:0:0:1, 2:0:0:0:1, 2:0:0:0:1, 3:1:0:0:2, 0:0:0:0:0, 1:0:0:0:0, 5:1:0:0:9, 6:4:0:0:5, 3:0:0:0:2, 3:0:0:0:4, 4:0:0:0:3, 9:3:0:0:7, 3:0:0:0:2, 2:0:0:0:3, 2:0:0:0:2, 0:0:0:0:0, 0:0:0:0:0, 1:0:0:0:1, 2:0:0:0:2, 1:0:0:0:1, 1:0:0:0:1, 1:0:0:0:0, 3:0:0:0:5, 4:3:0:0:6, 2:0:0:0:2, 5:2:0:0:9, 9:3:0:0:8, 3:0:0:0:2, 4:0:0:0:4, 3:0:0:0:2, 4:0:0:0:5, 3:0:0:0:2, 1:0:0:0:0, 4:0:0:0:2, 2:0:0:0:1, 2:0:0:0:1, 0:0:0:0:0, 1:0:0:0:0, 3:0:0:0:5, 5:4:0:0:5, 3:0:0:0:2, 4:0:0:0:5, 4:0:0:0:5, 7:4:0:0:8, 4:0:0:0:4, 3:0:0:0:4, 2:0:0:0:2, 1:0:0:0:0, 0:0:0:0:0, 2:0:0:0:1, 2:0:0:0:1, 0:0:0:0:0, 0:0:0:0:0, 1:0:0:0:0, 3:0:0:0:4, 6:4:0:0:7, 4:0:0:0:5, 5:1:0:0:7, 7:3:0:0:8, 3:0:0:0:2, 2:0:0:0:2, 4:0:0:0:4, 2:0:0:0:2, 0:0:0:0:0, 1:0:0:0:1, 1:0:0:0:1, 3:0:0:0:2, 1:0:0:0:2, 0:0:0:0:0, 1:0:0:0:0, 3:0:0:0:3, 5:3:0:0:5, 5:0:1:0:2, 3:1:0:0:5, 4:0:0:0:3, 5:4:0:0:8, 4:1:0:0:5, 3:0:0:0:6, 2:0:0:0:3, 4:0:0:0:3, 1:0:0:0:0, 1:0:0:0:2, 4:0:0:0:4, 2:0:0:0:2, 3:0:0:0:1, 1:0:0:0:0, 3:0:0:0:3, 8:3:0:0:9, 4:1:0:0:3, 5:1:0:0:5, 7:4:0:0:8, 3:0:0:0:3, 2:0:0:0:2, 3:0:0:0:2, 2:0:0:0:2, 0:0:0:0:0, 0:0:0:0:0, 1:0:0:0:1, 2:0:0:0:1, 0:0:0:0:0, 1:0:0:0:0, 1:0:0:0:0, 3:0:0:0:3, 4:3:0:0:4, 2:0:0:0:1, 3:0:0:0:2, 3:0:0:0:4, 4:3:0:0:5, 2:0:0:0:1, 3:1:0:0:5, 3:0:0:0:5, 1:0:0:0:1, 2:0:2:0:2, 1:0:0:0:1, 3:0:0:0:2,  , 3:0:0:0:1, 1:0:0:0:0, 3:0:0:0:3, 9:3:0:0:7, 3:0:0:0:2, 5:2:0:0:8, 6:3:0:0:6, 3:0:0:0:4, 2:0:0:0:2, 3:0:0:0:2, 3:0:0:0:4, 4:0:0:0:3, 1:0:0:0:0, 2:0:0:0:2, 2:0:0:0:1, 2:0:0:0:2, 0:0:0:0:0, 1:0:0:0:0, 3:0:0:0:4, 6:3:0:0:6, 3:0:0:0:3, 3:0:0:0:4, 3:0:0:0:4, 9:4:0:0:9, 2:0:0:0:2, 4:0:0:0:5, 3:0:0:0:6, 0:0:0:0:0, 0:0:0:0:0, 3:0:0:0:1, 2:0:0:0:1, 2:0:0:0:1, 0:0:0:0:0, 2:0:0:0:1, 4:0:0:0:4, 6:3:0:0:5, 2:0:0:0:2, 5:1:0:0:7, 10:3:0:0:9, 4:0:0:0:6, 3:0:0:0:5, 2:0:0:0:2, 0:0:0:0:0, 0:0:0:0:0, 0:0:0:0:0, 0:0:0:0:0, 985:172:7:0:978
G# minor blues (5#), 2:0:0:0:0, 4:0:0:0:1, 5:0:0:0:1, 4:2:0:0:3, 5:2:0:0:5, 5:1:0:0:4, 5:0:0:0:1, 4:3:0:0:4, 6:4:0:0:4, 5:0:0:0:1, 1:0:0:0:2, 6:1:0:0:2, 4:2:0:0:2, 5:0:0:0:1, 1:0:0:0:2, 6:1:0:0:2, 4:1:0:0:1, 4:0:0:0:1, 5:0:0:0:1, 4:2:0:0:3, 5:2:0:0:5, 5:1:0:0:4, 5:0:0:0:1, 4:3:0:0:4, 6:4:0:0:4, 5:0:0:0:1, 1:0:0:0:2, 6:1:0:0:2, 4:3:0:0:3, 8:0:0:0:2, 5:2:0:0:4, 4:0:0:0:2, 3:0:0:0:0, 4:0:0:0:1, 1:0:0:0:1, 5:3:0:0:4, 5:2:0:0:6, 4:1:0:0:2, 2:0:0:0:3, 5:3:0:0:5, 7:5:0:0:7, 5:0:1:0:0, 2:0:0:0:1, 4:1:0:0:3, 4:1:0:0:1, 4:0:0:0:0, 0:0:0:0:0, 5:1:0:0:3, 3:1:0:0:1, 4:0:0:0:1, 5:0:0:0:1, 4:2:0:0:3, 6:2:0:0:4, 5:1:0:0:4, 5:0:0:0:1, 4:3:0:0:4, 7:3:0:0:4, 4:0:0:0:1, 1:0:0:0:2, 6:1:0:0:2, 5:2:0:0:2, 7:0:0:0:1, 5:2:0:0:3, 3:0:0:0:3, 6:2:0:0:4, 5:0:0:0:2, 4:0:0:0:1, 5:3:0:0:4, 5:3:0:0:6, 5:1:0:0:3, 3:0:0:0:1, 4:4:0:0:6, 7:5:0:0:7, 3:0:0:0:0, 0:0:0:0:0, 4:1:0:0:2, 4:1:0:0:1, 4:0:0:0:0, 2:0:0:0:0, 5:1:0:0:2, 3:1:0:0:1, 3:0:0:0:1, 2:0:0:0:0, 6:2:0:0:3, 6:2:0:0:3, 4:1:0:0:2, 2:0:0:0:1, 6:3:0:0:5, 5:4:0:0:4, 4:0:0:0:0, 0:0:0:0:0, 6:1:0:0:3, 6:2:0:0:2, 6:0:0:0:1, 5:2:0:0:3, 3:0:0:0:1, 5:2:0:0:3, 3:0:0:0:1, 3:0:0:0:1, 4:2:0:0:3, 6:4:0:0:5, 4:1:0:0:3, 1:0:0:0:1, 4:4:0:0:5, 6:7:0:0:7, 3:0:0:0:0, 0:0:0:0:0, 4:1:0:0:2, 3:1:0:0:1, 3:0:0:0:0, 2:0:0:0:0, 5:1:0:0:2, 6:2:0:0:3, 4:0:0:0:1, 4:0:0:0:2, 5:2:0:0:4, 7:4:0:0:6, 4:1:0:0:2, 4:0:0:0:0, 6:5:0:0:6, 6:4:0:0:4, 3:0:0:0:0, 1:0:0:0:0, 4:1:0:0:3, 5:3:0:0:3, 8:0:0:0:3, 6:2:0:0:5, 4:0:0:0:3, 5:2:0:0:4, 3:0:0:0:1, 3:0:0:0:2, 4:2:0:0:4, 5:4:0:0:6, 4:1:0:0:3,  , 6:3:0:0:5, 6:6:0:0:6, 3:0:0:0:0, 0:0:0:0:0, 6:2:0:0:3, 5:1:1:0:1, 3:0:0:0:0, 2:0:0:0:0, 6:2:0:0:3, 5:1:0:0:2, 5:3:0:0:4, 3:0:0:0:1, 5:3:0:0:4, 5:3:0:0:4, 4:1:0:0:2, 1:0:2:0:2, 7:3:0:0:5, 6:6:0:0:6, 5:1:0:0:1, 1:0:0:0:0, 6:2:0:0:4, 5:2:0:0:3, 6:0:0:0:2, 5:2:0:0:3, 5:0:0:0:3, 5:2:0:0:3, 3:0:0:0:2, 1:0:0:0:2, 4:2:0:0:4, 4:2:0:0:4, 4:1:0:0:3, 2:0:0:0:2, 4:3:0:0:5, 5:3:0:0:4, 3:0:0:0:0, 0:0:0:0:0, 4:1:0:0:3, 4:1:0:0:2, 3:0:0:0:0, 0:0:0:0:0, 4:1:0:0:3, 4:1:0:0:2, 4:0:0:0:2, 2:0:0:0:0, 5:3:0:0:5, 6:4:0:0:5, 5:1:0:0:2,  , 5:4:0:0:5, 5:5:0:0:5, 3:0:0:0:0, 0:0:0:0:0, 5:1:0:0:2, 6:3:0:0:3, 8:1:0:0:3, 6:2:0:0:5, 4:0:0:0:3, 5:2:0:0:4, 3:0:0:0:1, 5:0:0:0:1, 7:4:0:0:6, 5:4:0:0:6, 4:1:0:0:2, 3:0:0:0:0, 6:4:0:0:5, 6:4:0:0:4, 4:0:0:0:0, 2:0:1:0:2, 5:1:0:0:2, 5:1:0:0:2, 5:0:0:0:0, 5:0:0:0:1, 5:1:0:0:3, 4:1:0:0:3, 3:0:0:0:2, 2:0:0:0:2, 4:2:0:0:3, 4:2:0:0:3, 4:1:0:0:2, 2:0:0:0:2, 5:4:0:0:6, 4:3:0:0:3, 3:0:0:0:0, 0:0:0:0:0, 4:1:0:0:3, 5:2:0:0:3, 8:0:0:0:1, 5:2:0:0:3, 5:0:0:0:4, 5:2:0:0:3, 5:0:0:0:4, 3:0:0:0:4, 5:3:0:0:7, 6:4:0:0:5, 4:1:0:0:3, 4:0:0:0:1, 6:4:0:0:6, 6:7:0:0:7, 4:0:0:0:1, 1:0:0:0:0, 5:1:0:0:2, 5:2:0:0:2, 4:0:0:0:2, 4:0:0:0:0, 6:1:0:0:3, 6:2:0:0:3, 3:0:0:0:2, 2:0:0:0:2, 5:2:0:0:3, 6:4:0:0:5, 5:1:0:0:4, 0:0:0:0:0, 5:3:0:0:4, 7:4:0:0:5, 3:0:0:0:0, 3:0:0:0:0, 6:1:0:0:3, 6:3:0:0:5, 6:0:0:0:2, 5:2:0:0:3, 3:0:0:0:1, 6:2:0:0:5, 3:0:0:0:2, 2:0:0:0:3, 5:3:0:0:5, 5:2:0:0:3, 4:1:0:0:3, 2:0:0:0:2, 4:3:0:0:5, 5:4:0:0:5, 3:0:0:0:0, 1:0:0:0:0, 8:1:0:0:2, 6:2:0:0:3, 5:0:0:0:1, 2:0:0:0:0, 6:2:0:0:3, 5:1:0:0:3, 3:0:0:0:2, 6:0:0:0:1, 5:2:0:0:4, 6:5:0:0:6, 6:1:0:0:3, 5:0:0:0:1, 9:3:2:0:7, 5:7:0:0:7, 3:0:0:0:0, 4:0:0:0:0, 6:1:0:0:2, 4:2:0:0:2, 7:0:0:0:1, 5:2:0:0:4, 3:0:0:0:2, 5:2:0:0:3, 3:0:0:0:1, 1:0:0:0:0, 4:2:0:0:3, 5:3:0:0:4, 4:1:0:0:2, 0:0:0:0:0, 5:3:0:0:4, 4:3:0:0:3, 3:0:0:0:0, 0:0:0:0:0, 4:1:0:0:2, 4:1:0:0:1, 3:0:0:0:0, 0:0:0:0:0, 4:1:0:0:2, 5:1:0:0:2, 4:0:0:0:1, 0:0:0:0:0, 6:5:2:0:6, 4:2:0:0:3, 5:2:0:0:3,  , 8:6:0:0:7, 5:3:0:0:3, 3:0:0:0:0, 3:0:0:0:3, 5:1:0:0:4, 4:2:0:0:2, 6:0:0:0:1, 5:2:0:0:4, 3:0:0:0:2, 5:2:0:0:3, 4:0:0:0:1, 5:0:0:0:2, 5:2:0:0:4, 7:4:0:0:7, 4:1:0:0:2, 4:1:0:0:1, 6:4:1:0:7, 5:3:0:0:4, 3:0:0:0:0, 2:0:0:0:0, 5:1:0:0:3, 4:1:0:0:1, 4:0:0:0:1, 6:1:0:0:2, 5:1:0:0:4, 6:1:0:0:2, 4:0:0:0:2, 2:0:0:0:1, 4:2:0:0:3, 8:2:2:0:6, 5:5:0:0:6, 4:0:0:0:1, 4:3:0:0:4, 6:3:0:0:4, 4:0:0:0:0, 2:0:0:0:0, 4:1:0:0:2, 5:2:0:0:3, 9:0:0:0:3, 6:2:0:0:4, 5:1:0:0:5, 6:2:0:0:3, 1:0:0:0:0, 1:0:0:0:0, 1:0:0:0:0, 1:0:0:0:0, 1503:463:12:0:875
Db dorian (5b), 2:0:0:0:2, 3:0:0:0:6, 3:0:1:0:1, 0:0:0:0:0, 3:0:0:0:2, 3:0:0:0:4, 3:0:0:0:1, 0:0:0:0:0, 3:0:0:0:2, 3:0:0:0:3, 5:4:0:0:5, 3:0:0:0:3, 3:0:0:0:3, 3:0:0:0:3, 6:4:0:0:5, 5:0:0:0:3, 3:0:0:0:3, 3:0:0:0:6, 3:0:1:0:1, 0:0:0:0:0, 3:0:0:0:2, 3:0:0:0:4, 3:0:0:0:1, 0:0:0:0:0, 3:0:0:0:2, 3:0:0:0:3, 6:4:0:0:5, 3:0:0:0:3, 5:1:0:0:7, 8:4:0:0:8, 3:0:0:0:4, 3:0:0:0:4, 2:0:0:0:2, 4:0:0:0:5, 0:0:0:0:0, 1:0:0:0:0, 2:0:0:0:2, 2:0:0:0:1, 1:0:0:0:0, 1:0:0:0:0, 2:0:0:0:2, 5:0:0:0:3, 6:3:0:0:4, 2:0:0:0:1, 3:0:0:0:2, 4:0:0:0:3, 4:3:0:0:4, 3:0:0:0:2, 2:0:0:0:1, 3:0:0:0:7, 3:0:1:0:1, 0:0:0:0:0, 2:0:0:0:1, 3:0:0:0:4, 3:0:0:0:1, 0:0:0:0:0, 3:0:0:0:2, 3:0:0:0:3, 6:4:0:0:5, 3:0:0:0:3, 6:1:0:0:7, 7:3:0:0:8, 3:0:0:0:3, 2:0:0:0:2, 4:0:0:0:3, 4:0:0:0:6, 2:0:0:0:2, 1:0:0:0:0, 2:0:0:0:2, 3:0:0:0:2, 2:0:0:0:2, 0:0:0:0:0, 2:0:0:0:1, 3:0:0:0:4, 5:3:0:0:5, 2:0:0:0:1, 3:0:0:0:2, 4:0:0:0:4, 6:3:0:0:7, 2:0:0:0:1, 2:0:0:0:1, 2:0:0:0:2, 2:0:0:0:2, 3:0:0:0:4, 3:0:0:0:2, 3:0:0:0:1, 1:0:0:0:2, 1:0:0:0:2, 1:0:0:0:0, 4:0:0:0:4, 4:3:0:0:4, 4:0:0:0:4, 6:3:1:0:8, 6:3:0:0:6, 3:0:0:0:2, 2:0:0:0:2, 3:0:0:0:2, 2:0:0:0:2, 1:0:0:0:1, 0:0:0:0:0, 4:0:0:0:2, 2:0:0:0:1, 0:0:0:0:0, 0:0:0:0:0, 1:0:0:0:0, 3:0:0:0:4, 4:3:0:0:5, 2:0:0:0:1, 2:0:0:0:3, 3:0:0:0:3, 6:3:0:0:5, 2:0:0:0:1, 4:0:0:0:5, 3:0:0:0:4, 3:0:0:0:3, 1:0:0:0:0, 2:0:0:0:1, 2:0:0:0:1, 3:1:0:0:2, 2:0:0:0:1, 2:0:0:0:1, 3:0:0:0:5, 5:3:0:0:5, 2:0:0:0:1, 6:1:0:0:6, 9:3:0:0:8, 4:0:0:0:5, 3:0:0:0:6, 3:0:0:0:3, 2:0:0:0:4, 1:0:0:0:2, 1:0:0:0:1, 1:0:0:0:1, 2:0:0:0:1,  , 1:0:0:0:0, 1:0:0:0:0, 3:0:0:0:3, 4:3:0:0:4, 3:0:0:0:3, 4:0:0:0:4, 3:0:0:0:6, 5:4:0:0:6, 3:0:0:0:3, 3:0:0:0:4, 4:1:0:0:6, 3:0:0:0:3, 1:0:0:0:0, 1:0:0:0:1, 2:0:0:0:1, 0:0:0:0:0, 3:0:0:0:2, 1:0:0:0:0, 4:1:0:0:4, 5:3:0:0:5, 3:0:0:0:3, 5:1:0:0:9, 6:3:0:0:6, 3:0:0:0:2, 3:0:0:0:4, 3:0:0:0:2, 2:0:0:0:3, 1:0:0:0:2, 0:0:0:0:0, 1:0:0:0:2, 2:0:0:0:2, 1:0:0:0:2, 0:0:0:0:0, 1:0:0:0:0, 3:0:0:0:3, 4:3:0:0:5, 2:0:0:0:1, 2:0:0:0:3, 3:0:0:0:4, 4:4:0:0:5, 2:0:0:0:2, 2:0:0:0:3, 3:0:0:0:3, 1:0:0:0:1, 1:0:0:0:0, 1:0:0:0:2, 2:0:0:0:1,  , 0:0:0:0:0, 1:0:0:0:0, 3:0:0:0:4, 4:4:0:0:5, 3:0:0:0:2, 5:2:0:0:9, 9:3:0:0:11, 4:0:0:0:5, 3:0:0:0:4, 3:0:0:0:3, 2:0:0:0:2, 4:0:0:0:3, 2:0:0:0:1, 2:0:0:0:1, 2:0:0:0:1, 3:1:0:0:2, 0:0:0:0:0, 1:0:0:0:0, 5:1:0:0:9, 6:4:0:0:5, 3:0:0:0:2, 3:0:0:0:4, 4:0:0:0:3, 9:3:0:0:7, 3:0:0:0:2, 2:0:0:0:3, 2:0:0:0:2, 0:0:0:0:0, 0:0:0:0:0, 1:0:0:0:1, 2:0:0:0:2, 1:0:0:0:1, 1:0:0:0:1, 1:0:0:0:0, 3:0:0:0:5, 4:3:0:0:6, 2:0:0:0:2, 5:2:0:0:9, 9:3:0:0:8, 3:0:0:0:2, 4:0:0:0:4, 3:0:0:0:2, 4:0:0:0:5, 3:0:0:0:2, 1:0:0:0:0, 4:0:0:0:2, 2:0:0:0:1, 2:0:0:0:1, 0:0:0:0:0, 1:0:0:0:0, 3:0:0:0:5, 5:4:0:0:5, 3:0:0:0:2, 4:0:0:0:5, 4:0:0:0:5, 7:4:0:0:8, 4:0:0:0:4, 3:0:0:0:4, 2:0:0:0:2, 1:0:0:0:0, 0:0:0:0:0, 2:0:0:0:1, 2:0:0:0:1, 0:0:0:0:0, 0:0:0:0:0, 1:0:0:0:0, 3:0:0:0:4, 6:4:0:0:7, 4:0:0:0:5, 5:1:0:0:7, 7:3:0:0:8, 3:0:0:0:2, 2:0:0:0:2, 4:0:0:0:4, 2:0:0:0:2, 0:0:0:0:0, 1:0:0:0:1, 1:0:0:0:1, 3:0:0:0:2, 1:0:0:0:2, 0:0:0:0:0, 1:0:0:0:0, 3:0:0:0:3, 5:3:0:0:5, 5:0:1:0:2, 3:1:0:0:5, 4:0:0:0:3, 5:4:0:0:8, 4:1:0:0:5, 3:0:0:0:6, 2:0:0:0:3, 4:0:0:0:3, 1:0:0:0:0, 1:0:0:0:2, 4:0:0:0:4, 2:0:0:0:2, 3:0:0:0:1, 1:0:0:0:0, 3:0:0:0:3, 8:3:0:0:9, 4:1:0:0:3, 5:1:0:0:5, 7:4:0:0:8, 3:0:0:0:3, 2:0:0:0:2, 3:0:0:0:2, 2:0:0:0:2, 0:0:0:0:0, 0:0:0:0:0, 1:0:0:0:1, 2:0:0:0:1, 0:0:0:0:0, 1:0:0:0:0, 1:0:0:0:0, 3:0:0:0:3, 4:3:0:0:4, 2:0:0:0:1, 3:0:0:0:2, 3:0:0:0:4, 4:3:0:0:5, 2:0:0:0:1, 3:1:0:0:5, 3:0:0:0:5, 1:0:0:0:1, 2:0:2:0:2, 1:0:0:0:1, 3:0:0:0:2,  , 3:0:0:0:1, 1:0:0:0:0, 3:0:0:0:3, 9:3:0:0:7, 3:0:0:0:2, 5:2:0:0:8, 6:3:0:0:6, 3:0:0:0:4, 2:0:0:0:2, 3:0:0:0:2, 3:0:0:0:4, 4:0:0:0:3, 1:0:0:0:0, 2:0:0:0:2, 2:0:0:0:1, 2:0:0:0:2, 0:0:0:0:0, 1:0:0:0:0, 3:0:0:0:4, 6:3:0:0:6, 3:0:0:0:3, 3:0:0:0:4, 3:0:0:0:4, 9:4:0:0:9, 2:0:0:0:2, 4:0:0:0:5, 3:0:0:0:6, 0:0:0:0:0, 0:0:0:0:0, 3:0:0:0:1, 2:0:0:0:1, 2:0:0:0:1, 0:0:0:0:0, 2:0:0:0:1, 4:0:0:0:4, 6:3:0:0:5, 2:0:0:0:2, 5:1:0:0:7, 10:3:0:0:9, 4:0:0:0:6, 3:0:0:0:5, 2:0:0:0:2, 0:0:0:0:0, 0:0:0:0:0, 0:0:0:0:0, 0:0:0:0:0, 985:172:7:0:978
B dorian (5#), 2:0:0:0:0, 4:0:0:0:1, 5:0:0:0:1, 4:2:0:0:3, 5:2:0:0:5, 5:1:0:0:4, 5:0:0:0:1, 4:3:0:0:4, 6:4:0:0:4, 5:0:0:0:1, 1:0:0:0:2, 6:1:0:0:2, 4:2:0:0:2, 5:0:0:0:1, 1:0:0:0:2, 6:1:0:0:2, 4:1:0:0:1, 4:0:0:0:1, 5:0:0:0:1, 4:2:0:0:3, 5:2:0:0:5, 5:1:0:0:4, 5:0:0:0:1, 4:3:0:0:4, 6:4:0:0:4, 5:0:0:0:1, 1:0:0:0:2, 6:1:0:0:2, 4:3:0:0:3, 8:0:0:0:2, 5:2:0:0:4, 4:0:0:0:2, 3:0:0:0:0, 4:0:0:0:1, 1:0:0:0:1, 5:3:0:0:4, 5:2:0:0:6, 4:1:0:0:2, 2:0:0:0:3, 5:3:0:0:5, 7:5:0:0:7, 5:0:1:0:0, 2:0:0:0:1, 4:1:0:0:3, 4:1:0:0:1, 4:0:0:0:0, 0:0:0:0:0, 5:1:0:0:3, 3:1:0:0:1, 4:0:0:0:1, 5:0:0:0:1, 4:2:0:0:3, 6:2:0:0:4, 5:1:0:0:4, 5:0:0:0:1, 4:3:0:0:4, 7:3:0:0:4, 4:0:0:0:1, 1:0:0:0:2, 6:1:0:0:2, 5:2:0:0:2, 7:0:0:0:1, 5:2:0:0:3, 3:0:0:0:3, 6:2:0:0:4, 5:0:0:0:2, 4:0:0:0:1, 5:3:0:0:4, 5:3:0:0:6, 5:1:0:0:3, 3:0:0:0:1, 4:4:0:0:6, 7:5:0:0:7, 3:0:0:0:0, 0:0:0:0:0, 4:1:0:0:2, 4:1:0:0:1, 4:0:0:0:0, 2:0:0:0:0, 5:1:0:0:2, 3:1:0:0:1, 3:0:0:0:1, 2:0:0:0:0, 6:2:0:0:3, 6:2:0:0:3, 4:1:0:0:2, 2:0:0:0:1, 6:3:0:0:5, 5:4:0:0:4, 4:0:0:0:0, 0:0:0:0:0, 6:1:0:0:3, 6:2:0:0:2, 6:0:0:0:1, 5:2:0:0:3, 3:0:0:0:1, 5:2:0:0:3, 3:0:0:0:1, 3:0:0:0:1, 4:2:0:0:3, 6:4:0:0:5, 4:1:0:0:3, 1:0:0:0:1, 4:4:0:0:5, 6:7:0:0:7, 3:0:0:0:0, 0:0:0:0:0, 4:1:0:0:2, 3:1:0:0:1, 3:0:0:0:0, 2:0:0:0:0, 5:1:0:0:2, 6:2:0:0:3, 4:0:0:0:1, 4:0:0:0:2, 5:2:0:0:4, 7:4:0:0:6, 4:1:0:0:2, 4:0:0:0:0, 6:5:0:0:6, 6:4:0:0:4, 3:0:0:0:0, 1:0:0:0:0, 4:1:0:0:3, 5:3:0:0:3, 8:0:0:0:3, 6:2:0:0:5, 4:0:0:0:3, 5:2:0:0:4, 3:0:0:0:1, 3:0:0:0:2, 4:2:0:0:4, 5:4:0:0:6, 4:1:0:0:3,  , 6:3:0:0:5, 6:6:0:0:6, 3:0:0:0:0, 0:0:0:0:0, 6:2:0:0:3, 5:1:1:0:1, 3:0:0:0:0, 2:0:0:0:0, 6:2:0:0:3, 5:1:0:0:2, 5:3:0:0:4, 3:0:0:0:1, 5:3:0:0:4, 5:3:0:0:4, 4:1:0:0:2, 1:0:2:0:2, 7:3:0:0:5, 6:6:0:0:6, 5:1:0:0:1, 1:0:0:0:0, 6:2:0:0:4, 5:2:0:0:3, 6:0:0:0:2, 5:2:0:0:3, 5:0:0:0:3, 5:2:0:0:3, 3:0:0:0:2, 1:0:0:0:2, 4:2:0:0:4, 4:2:0:0:4, 4:1:0:0:3, 2:0:0:0:2, 4:3:0:0:5, 5:3:0:0:4, 3:0:0:0:0, 0:0:0:0:0, 4:1:0:0:3, 4:1:0:0:2, 3:0:0:0:0, 0:0:0:0:0, 4:1:0:0:3, 4:1:0:0:2, 4:0:0:0:2, 2:0:0:0:0, 5:3:0:0:5, 6:4:0:0:5, 5:1:0:0:2,  , 5:4:0:0:5, 5:5:0:0:5, 3:0:0:0:0, 0:0:0:0:0, 5:1:0:0:2, 6:3:0:0:3, 8:1:0:0:3, 6:2:0:0:5, 4:0:0:0:3, 5:2:0:0:4, 3:0:0:0:1, 5:0:0:0:1, 7:4:0:0:6, 5:4:0:0:6, 4:1:0:0:2, 3:0:0:0:0, 6:4:0:0:5, 6:4:0:0:4, 4:0:0:0:0, 2:0:1:0:2, 5:1:0:0:2, 5:1:0:0:2, 5:0:0:0:0, 5:0:0:0:1, 5:1:0:0:3, 4:1:0:0:3, 3:0:0:0:2, 2:0:0:0:2, 4:2:0:0:3, 4:2:0:0:3, 4:1:0:0:2, 2:0:0:0:2, 5:4:0:0:6, 4:3:0:0:3, 3:0:0:0:0, 0:0:0:0:0, 4:1:0:0:3, 5:2:0:0:3, 8:0:0:0:1, 5:2:0:0:3, 5:0:0:0:4, 5:2:0:0:3, 5:0:0:0:4, 3:0:0:0:4, 5:3:0:0:7, 6:4:0:0:5, 4:1:0:0:3, 4:0:0:0:1, 6:4:0:0:6, 6:7:0:0:7, 4:0:0:0:1, 1:0:0:0:0, 5:1:0:0:2, 5:2:0:0:2, 4:0:0:0:2, 4:0:0:0:0, 6:1:0:0:3, 6:2:0:0:3, 3:0:0:0:2, 2:0:0:0:2, 5:2:0:0:3, 6:4:0:0:5, 5:1:0:0:4, 0:0:0:0:0, 5:3:0:0:4, 7:4:0:0:5, 3:0:0:0:0, 3:0:0:0:0, 6:1:0:0:3, 6:3:0:0:5, 6:0:0:0:2, 5:2:0:0:3, 3:0:0:0:1, 6:2:0:0:5, 3:0:0:0:2, 2:0:0:0:3, 5:3:0:0:5, 5:2:0:0:3, 4:1:0:0:3, 2:0:0:0:2, 4:3:0:0:5, 5:4:0:0:5, 3:0:0:0:0, 1:0:0:0:0, 8:1:0:0:2, 6:2:0:0:3, 5:0:0:0:1, 2:0:0:0:0, 6:2:0:0:3, 5:1:0:0:3, 3:0:0:0:2, 6:0:0:0:1, 5:2:0:0:4, 6:5:0:0:6, 6:1:0:0:3, 5:0:0:0:1, 9:3:2:0:7, 5:7:0:0:7, 3:0:0:0:0, 4:0:0:0:0, 6:1:0:0:2, 4:2:0:0:2, 7:0:0:0:1, 5:2:0:0:4, 3:0:0:0:2, 5:2:0:0:3, 3:0:0:0:1, 1:0:0:0:0, 4:2:0:0:3, 5:3:0:0:4, 4:1:0:0:2, 0:0:0:0:0, 5:3:0:0:4, 4:3:0:0:3, 3:0:0:0:0, 0:0:0:0:0, 4:1:0:0:2, 4:1:0:0:1, 3:0:0:0:0, 0:0:0:0:0, 4:1:0:0:2, 5:1:0:0:2, 4:0:0:0:1, 0:0:0:0:0, 6:5:2:0:6, 4:2:0:0:3, 5:2:0:0:3,  , 8:6:0:0:7, 5:3:0:0:3, 3:0:0:0:0, 3:0:0:0:3, 5:1:0:0:4, 4:2:0:0:2, 6:0:0:0:1, 5:2:0:0:4, 3:0:0:0:2, 5:2:0:0:3, 4:0:0:0:1, 5:0:0:0:2, 5:2:0:0:4, 7:4:0:0:7, 4:1:0:0:2, 4:1:0:0:1, 6:4:1:0:7, 5:3:0:0:4, 3:0:0:0:0, 2:0:0:0:0, 5:1:0:0:3, 4:1:0:0:1, 4:0:0:0:1, 6:1:0:0:2, 5:1:0:0:4, 6:1:0:0:2, 4:0:0:0:2, 2:0:0:0:1, 4:2:0:0:3, 8:2:2:0:6, 5:5:0:0:6, 4:0:0:0:1, 4:3:0:0:4, 6:3:0:0:4, 4:0:0:0:0, 2:0:0:0:0, 4:1:0:0:2, 5:2:0:0:3, 9:0:0:0:3, 6:2:0:0:4, 5:1:0:0:5, 6:2:0:0:3, 1:0:0:0:0, 1:0:0:0:0, 1:0:0:0:0, 1:0:0:0:0, 1503:463:12:0:875
Db phrygian (5b), 2:0:0:0:2, 3:0:0:0:6, 3:0:1:0:1, 0:0:0:0:0, 3:0:0:0:2, 3:0:0:0:4, 3:0:0:0:1, 0:0:0:0:0, 3:0:0:0:2, 3:0:0:0:3, 5:4:0:0:5, 3:0:0:0:3, 3:0:0:0:3, 3:0:0:0:3, 6:4:0:0:5, 5:0:0:0:3, 3:0:0:0:3, 3:0:0:0:6, 3:0:1:0:1, 0:0:0:0:0, 3:0:0:0:2, 3:0:0:0:4, 3:0:0:0:1, 0:0:0:0:0, 3:0:0:0:2, 3:0:0:0:3, 6:4:0:0:5, 3:0:0:0:3, 5:1:0:0:7, 8:4:0:0:8, 3:0:0:0:4, 3:0:0:0:4, 2:0:0:0:2, 4:0:0:0:5, 0:0:0:0:0, 1:0:0:0:0, 2:0:0:0:2, 2:0:0:0:1, 1:0:0:0:0, 1:0:0:0:0, 2:0:0:0:2, 5:0:0:0:3, 6:3:0:0:4, 2:0:0:0:1, 3:0:0:0:2, 4:0:0:0:3, 4:3:0:0:4, 3:0:0:0:2, 2:0:0:0:1, 3:0:0:0:7, 3:0:1:0:1, 0:0:0:0:0, 2:0:0:0:1, 3:0:0:0:4, 3:0:0:0:1, 0:0:0:0:0, 3:0:0:0:2, 3:0:0:0:3, 6:4:0:0:5, 3:0:0:0:3, 6:1:0:0:7, 7:3:0:0:8, 3:0:0:0:3, 2:0:0:0:2, 4:0:0:0:3, 4:0:0:0:6, 2:0:0:0:2, 1:0:0:0:0, 2:0:0:0:2, 3:0:0:0:2, 2:0:0:0:2, 0:0:0:0:0, 2:0:0:0:1, 3:0:0:0:4, 5:3:0:0:5, 2:0:0:0:1, 3:0:0:0:2, 4:0:0:0:4, 6:3:0:0:7, 2:0:0:0:1, 2:0:0:0:1, 2:0:0:0:2, 2:0:0:0:2, 3:0:0:0:4, 3:0:0:0:2, 3:0:0:0:1, 1:0:0:0:2, 1:0:0:0:2, 1:0:0:0:0, 4:0:0:0:4, 4:3:0:0:4, 4:0:0:0:4, 6:3:1:0:8, 6:3:0:0:6, 3:0:0:0:2, 2:0:0:0:2, 3:0:0:0:2, 2:0:0:0:2, 1:0:0:0:1, 0:0:0:0:0, 4:0:0:0:2, 2:0:0:0:1, 0:0:0:0:0, 0:0:0:0:0, 1:0:0:0:0, 3:0:0:0:4, 4:3:0:0:5, 2:0:0:0:1, 2:0:0:0:3, 3:0:0:0:3, 6:3:0:0:5, 2:0:0:0:1, 4:0:0:0:5, 3:0:0:0:4, 3:0:0:0:3, 1:0:0:0:0, 2:0:0:0:1, 2:0:0:0:1, 3:1:0:0:2, 2:0:0:0:1, 2:0:0:0:1, 3:0:0:0:5, 5:3:0:0:5, 2:0:0:0:1, 6:1:0:0:6, 9:3:0:0:8, 4:0:0:0:5, 3:0:0:0:6, 3:0:0:0:3, 2:0:0:0:4, 1:0:0:0:2, 1:0:0:0:1, 1:0:0:0:1, 2:0:0:0:1,  , 1:0:0:0:0, 1:0:0:0:0, 3:0:0:0:3, 4:3:0:0:4, 3:0:0:0:3, 4:0:0:0:4, 3:0:0:0:6, 5:4:0:0:6, 3:0:0:0:3, 3:0:0:0:4, 4:1:0:0:6, 3:0:0:0:3, 1:0:0:0:0, 1:0:0:0:1, 2:0:0:0:1, 0:0:0:0:0, 3:0:0:0:2, 1:0:0:0:0, 4:1:0:0:4, 5:3:0:0:5, 3:0:0:0:3, 5:1:0:0:9, 6:3:0:0:6, 3:0:0:0:2, 3:0:0:0:4, 3:0:0:0:2, 2:0:0:0:3, 1:0:0:0:2, 0:0:0:0:0, 1:0:0:0:2, 2:0:0:0:2, 1:0:0:0:2, 0:0:0:0:0, 1:0:0:0:0, 3:0:0:0:3, 4:3:0:0:5, 2:0:0:0:1, 2:0:0:0:3, 3:0:0:0:4, 4:4:0:0:5, 2:0:0:0:2, 2:0:0:0:3, 3:0:0:0:3, 1:0:0:0:1, 1:0:0:0:0, 1:0:0:0:2, 2:0:0:0:1,  , 0:0:0:0:0, 1:0:0:0:0, 3:0:0:0:4, 4:4:0:0:5, 3:0:0:0:2, 5:2:0:0:9, 9:3:0:0:11, 4:0:0:0:5, 3:0:0:0:4, 3:0:0:0:3, 2:0:0:0:2, 4:0:0:0:3, 2:0:0:0:1, 2:0:0:0:1, 2:0:0:0:1, 3:1:0:0:2, 0:0:0:0:0, 1:0:0:0:0, 5:1:0:0:9, 6:4:0:0:5, 3:0:0:0:2, 3:0:0:0:4, 4:0:0:0:3, 9:3:0:0:7, 3:0:0:0:2, 2:0:0:0:3, 2:0:0:0:2, 0:0:0:0:0, 0:0:0:0:0, 1:0:0:0:1, 2:0:0:0:2, 1:0:0:0:1, 1:0:0:0:1, 1:0:0:0:0, 3:0:0:0:5, 4:3:0:0:6, 2:0:0:0:2, 5:2:0:0:9, 9:3:0:0:8, 3:0:0:0:2, 4:0:0:0:4, 3:0:0:0:2, 4:0:0:0:5, 3:0:0:0:2, 1:0:0:0:0, 4:0:0:0:2, 2:0:0:0:1, 2:0:0:0:1, 0:0:0:0:0, 1:0:0:0:0, 3:0:0:0:5, 5:4:0:0:5, 3:0:0:0:2, 4:0:0:0:5, 4:0:0:0:5, 7:4:0:0:8, 4:0:0:0:4, 3:0:0:0:4, 2:0:0:0:2, 1:0:0:0:0, 0:0:0:0:0, 2:0:0:0:1, 2:0:0:0:1, 0:0:0:0:0, 0:0:0:0:0, 1:0:0:0:0, 3:0:0:0:4, 6:4:0:0:7, 4:0:0:0:5, 5:1:0:0:7, 7:3:0:0:8, 3:0:0:0:2, 2:0:0:0:2, 4:0:0:0:4, 2:0:0:0:2, 0:0:0:0:0, 1:0:0:0:1, 1:0:0:0:1, 3:0:0:0:2, 1:0:0:0:2, 0:0:0:0:0, 1:0:0:0:0, 3:0:0:0:3, 5:3:0:0:5, 5:0:1:0:2, 3:1:0:0:5, 4:0:0:0:3, 5:4:0:0:8, 4:1:0:0:5, 3:0:0:0:6, 2:0:0:0:3, 4:0:0:0:3, 1:0:0:0:0, 1:0:0:0:2, 4:0:0:0:4, 2:0:0:0:2, 3:0:0:0:1, 1:0:0:0:0, 3:0:0:0:3, 8:3:0:0:9, 4:1:0:0:3, 5:1:0:0:5, 7:4:0:0:8, 3:0:0:0:3, 2:0:0:0:2, 3:0:0:0:2, 2:0:0:0:2, 0:0:0:0:0, 0:0:0:0:0, 1:0:0:0:1, 2:0:0:0:1, 0:0:0:0:0, 1:0:0:0:0, 1:0:0:0:0, 3:0:0:0:3, 4:3:0:0:4, 2:0:0:0:1, 3:0:0:0:2, 3:0:0:0:4, 4:3:0:0:5, 2:0:0:0:1, 3:1:0:0:5, 3:0:0:0:5, 1:0:0:0:1, 2:0:2:0:2, 1:0:0:0:1, 3:0:0:0:2,  , 3:0:0:0:1, 1:0:0:0:0, 3:0:0:0:3, 9:3:0:0:7, 3:0:0:0:2, 5:2:0:0:8, 6:3:0:0:6, 3:0:0:0:4, 2:0:0:0:2, 3:0:0:0:2, 3:0:0:0:4, 4:0:0:0:3, 1:0:0:0:0, 2:0:0:0:2, 2:0:0:0:1, 2:0:0:0:2, 0:0:0:0:0, 1:0:0:0:0, 3:0:0:0:4, 6:3:0:0:6, 3:0:0:0:3, 3:0:0:0:4, 3:0:0:0:4, 9:4:0:0:9, 2:0:0:0:2, 4:0:0:0:5, 3:0:0:0:6, 0:0:0:0:0, 0:0:0:0:0, 3:0:0:0:1, 2:0:0:0:1, 2:0:0:0:1, 0:0:0:0:0, 2:0:0:0:1, 4:0:0:0:4, 6:3:0:0:5, 2:0:0:0:2, 5:1:0:0:7, 10:3:0:0:9, 4:0:0:0:6, 3:0:0:0:5, 2:0:0:0:2, 0:0:0:0:0, 0:0:0:0:0, 0:0:0:0:0, 0:0:0:0:0, 985:172:7:0:978
B phrygian (5#), 2:0:0:0:0, 4:0:0:0:1, 5:0:0:0:1, 4:2:0:0:3, 5:2:0:0:5, 5:1:0:0:4, 5:0:0:0:1, 4:3:0:0:4, 6:4:0:0:4, 5:0:0:0:1, 1:0:0:0:2, 6:1:0:0:2, 4:2:0:0:2, 5:0:0:0:1, 1:0:0:0:2, 6:1:0:0:2, 4:1:0:0:1, 4:0:0:0:1, 5:0:0:0:1, 4:2:0:0:3, 5:2:0:0:5, 5:1:0:0:4, 5:0:0:0:1, 4:3:0:0:4, 6:4:0:0:4, 5:0:0:0:1, 1:0:0:0:2, 6:1:0:0:2, 4:3:0:0:3, 8:0:0:0:2, 5:2:0:0:4, 4:0:0:0:2, 3:0:0:0:0, 4:0:0:0:1, 1:0:0:0:1, 5:3:0:0:4, 5:2:0:0:6, 4:1:0:0:2, 2:0:0:0:3, 5:3:0:0:5, 7:5:0:0:7, 5:0:1:0:0, 2:0:0:0:1, 4:1:0:0:3, 4:1:0:0:1, 4:0:0:0:0, 0:0:0:0:0, 5:1:0:0:3, 3:1:0:0:1, 4:0:0:0:1, 5:0:0:0:1, 4:2:0:0:3, 6:2:0:0:4, 5:1:0:0:4, 5:0:0:0:1, 4:3:0:0:4, 7:3:0:0:4, 4:0:0:0:1, 1:0:0:0:2, 6:1:0:0:2, 5:2:0:0:2, 7:0:0:0:1, 5:2:0:0:3, 3:0:0:0:3, 6:2:0:0:4, 5:0:0:0:2, 4:0:0:0:1, 5:3:0:0:4, 5:3:0:0:6, 5:1:0:0:3, 3:0:0:0:1, 4:4:0:0:6, 7:5:0:0:7, 3:0:0:0:0, 0:0:0:0:0, 4:1:0:0:2, 4:1:0:0:1, 4:0:0:0:0, 2:0:0:0:0, 5:1:0:0:2, 3:1:0:0:1, 3:0:0:0:1, 2:0:0:0:0, 6:2:0:0:3, 6:2:0:0:3, 4:1:0:0:2, 2:0:0:0:1, 6:3:0:0:5, 5:4:0:0:4, 4:0:0:0:0, 0:0:0:0:0, 6:1:0:0:3, 6:2:0:0:2, 6:0:0:0:1, 5:2:0:0:3, 3:0:0:0:1, 5:2:0:0:3, 3:0:0:0:1, 3:0:0:0:1, 4:2:0:0:3, 6:4:0:0:5, 4:1:0:0:3, 1:0:0:0:1, 4:4:0:0:5, 6:7:0:0:7, 3:0:0:0:0, 0:0:0:0:0, 4:1:0:0:2, 3:1:0:0:1, 3:0:0:0:0, 2:0:0:0:0, 5:1:0:0:2, 6:2:0:0:3, 4:0:0:0:1, 4:0:0:0:2, 5:2:0:0:4, 7:4:0:0:6, 4:1:0:0:2, 4:0:0:0:0, 6:5:0:0:6, 6:4:0:0:4, 3:0:0:0:0, 1:0:0:0:0, 4:1:0:0:3, 5:3:0:0:3, 8:0:0:0:3, 6:2:0:0:5, 4:0:0:0:3, 5:2:0:0:4, 3:0:0:0:1, 3:0:0:0:2, 4:2:0:0:4, 5:4:0:0:6, 4:1:0:0:3,  , 6:3:0:0:5, 6:6:0:0:6, 3:0:0:0:0, 0:0:0:0:0, 6:2:0:0:3, 5:1:1:0:1, 3:0:0:0:0, 2:0:0:0:0, 6:2:0:0:3, 5:1:0:0:2, 5:3:0:0:4, 3:0:0:0:1, 5:3:0:0:4, 5:3:0:0:4, 4:1:0:0:2, 1:0:2:0:2, 7:3:0:0:5, 6:6:0:0:6, 5:1:0:0:1, 1:0:0:0:0, 6:2:0:0:4, 5:2:0:0:3, 6:0:0:0:2, 5:2:0:0:3, 5:0:0:0:3, 5:2:0:0:3, 3:0:0:0:2, 1:0:0:0:2, 4:2:0:0:4, 4:2:0:0:4, 4:1:0:0:3, 2:0:0:0:2, 4:3:0:0:5, 5:3:0:0:4, 3:0:0:0:0, 0:0:0:0:0, 4:1:0:0:3, 4:1:0:0:2, 3:0:0:0:0, 0:0:0:0:0, 4:1:0:0:3, 4:1:0:0:2, 4:0:0:0:2, 2:0:0:0:0, 5:3:0:0:5, 6:4:0:0:5, 5:1:0:0:2,  , 5:4:0:0:5, 5:5:0:0:5, 3:0:0:0:0, 0:0:0:0:0, 5:1:0:0:2, 6:3:0:0:3, 8:1:0:0:3, 6:2:0:0:5, 4:0:0:0:3, 5:2:0:0:4, 3:0:0:0:1, 5:0:0:0:1, 7:4:0:0:6, 5:4:0:0:6, 4:1:0:0:2, 3:0:0:0:0, 6:4:0:0:5, 6:4:0:0:4, 4:0:0:0:0, 2:0:1:0:2, 5:1:0:0:2, 5:1:0:0:2, 5:0:0:0:0, 5:0:0:0:1, 5:1:0:0:3, 4:1:0:0:3, 3:0:0:0:2, 2:0:0:0:2, 4:2:0:0:3, 4:2:0:0:3, 4:1:0:0:2, 2:0:0:0:2, 5:4:0:0:6, 4:3:0:0:3, 3:0:0:0:0, 0:0:0:0:0, 4:1:0:0:3, 5:2:0:0:3, 8:0:0:0:1, 5:2:0:0:3, 5:0:0:0:4, 5:2:0:0:3, 5:0:0:0:4, 3:0:0:0:4, 5:3:0:0:7, 6:4:0:0:5, 4:1:0:0:3, 4:0:0:0:1, 6:4:0:0:6, 6:7:0:0:7, 4:0:0:0:1, 1:0:0:0:0, 5:1:0:0:2, 5:2:0:0:2, 4:0:0:0:2, 4:0:0:0:0, 6:1:0:0:3, 6:2:0:0:3, 3:0:0:0:2, 2:0:0:0:2, 5:2:0:0:3, 6:4:0:0:5, 5:1:0:0:4, 0:0:0:0:0, 5:3:0:0:4, 7:4:0:0:5, 3:0:0:0:0, 3:0:0:0:0, 6:1:0:0:3, 6:3:0:0:5, 6:0:0:0:2, 5:2:0:0:3, 3:0:0:0:1, 6:2:0:0:5, 3:0:0:0:2, 2:0:0:0:3, 5:3:0:0:5, 5:2:0:0:3, 4:1:0:0:3, 2:0:0:0:2, 4:3:0:0:5, 5:4:0:0:5, 3:0:0:0:0, 1:0:0:0:0, 8:1:0:0:2, 6:2:0:0:3, 5:0:0:0:1, 2:0:0:0:0, 6:2:0:0:3, 5:1:0:0:3, 3:0:0:0:2, 6:0:0:0:1, 5:2:0:0:4, 6:5:0:0:6, 6:1:0:0:3, 5:0:0:0:1, 9:3:2:0:7, 5:7:0:0:7, 3:0:0:0:0, 4:0:0:0:0, 6:1:0:0:2, 4:2:0:0:2, 7:0:0:0:1, 5:2:0:0:4, 3:0:0:0:2, 5:2:0:0:3, 3:0:0:0:1, 1:0:0:0:0, 4:2:0:0:3, 5:3:0:0:4, 4:1:0:0:2, 0:0:0:0:0, 5:3:0:0:4, 4:3:0:0:3, 3:0:0:0:0, 0:0:0:0:0, 4:1:0:0:2, 4:1:0:0:1, 3:0:0:0:0, 0:0:0:0:0, 4:1:0:0:2, 5:1:0:0:2, 4:0:0:0:1, 0:0:0:0:0, 6:5:2:0:6, 4:2:0:0:3, 5:2:0:0:3,  , 8:6:0:0:7, 5:3:0:0:3, 3:0:0:0:0, 3:0:0:0:3, 5:1:0:0:4, 4:2:0:0:2, 6:0:0:0:1, 5:2:0:0:4, 3:0:0:0:2, 5:2:0:0:3, 4:0:0:0:1, 5:0:0:0:2, 5:2:0:0:4, 7:4:0:0:7, 4:1:0:0:2, 4:1:0:0:1, 6:4:1:0:7, 5:3:0:0:4, 3:0:0:0:0, 2:0:0:0:0, 5:1:0:0:3, 4:1:0:0:1, 4:0:0:0:1, 6:1:0:0:2, 5:1:0:0:4, 6:1:0:0:2, 4:0:0:0:2, 2:0:0:0:1, 4:2:0:0:3, 8:2:2:0:6, 5:5:0:0:6, 4:0:0:0:1, 4:3:0:0:4, 6:3:0:0:4, 4:0:0:0:0, 2:0:0:0:0, 4:1:0:0:2, 5:2:0:0:3, 9:0:0:0:3, 6:2:0:0:4, 5:1:0:0:5, 6:2:0:0:3, 1:0:0:0:0, 1:0:0:0:0, 1:0:0:0:0, 1:0:0:0:0, 1503:463:12:0:875
Db lydian (5b), 2:0:0:0:2, 3:0:0:0:6, 3:0:1:0:1, 0:0:0:0:0, 3:0:0:0:2, 3:0:0:0:4, 3:0:0:0:1, 0:0:0:0:0, 3:0:0:0:2, 3:0:0:0:3, 5:4:0:0:5, 3:0:0:0:3, 3:0:0:0:3, 3:0:0:0:3, 6:4:0:0:5, 5:0:0:0:3, 3:0:0:0:3, 3:0:0:0:6, 3:0:1:0:1, 0:0:0:0:0, 3:0:0:0:2, 3:0:0:0:4, 3:0:0:0:1, 0:0:0:0:0, 3:0:0:0:2, 3:0:0:0:3, 6:4:0:0:5, 3:0:0:0:3, 5:1:0:0:7, 8:4:0:0:8, 3:0:0:0:4, 3:0:0:0:4, 2:0:0:0:2, 4:0:0:0:5, 0:0:0:0:0, 1:0:0:0:0, 2:0:0:0:2, 2:0:0:0:1, 1:0:0:0:0, 1:0:0:0:0, 2:0:0:0:2, 5:0:0:0:3, 6:3:0:0:4, 2:0:0:0:1, 3:0:0:0:2, 4:0:0:0:3, 4:3:0:0:4, 3:0:0:0:2, 2:0:0:0:1, 3:0:0:0:7, 3:0:1:0:1, 0:0:0:0:0, 2:0:0:0:1, 3:0:0:0:4, 3:0:0:0:1, 0:0:0:0:0, 3:0:0:0:2, 3:0:0:0:3, 6:4:0:0:5, 3:0:0:0:3, 6:1:0:0:7, 7:3:0:0:8, 3:0:0:0:3, 2:0:0:0:2, 4:0:0:0:3, 4:0:0:0:6, 2:0:0:0:2, 1:0:0:0:0, 2:0:0:0:2, 3:0:0:0:2, 2:0:0:0:2, 0:0:0:0:0, 2:0:0:0:1, 3:0:0:0:4, 5:3:0:0:5, 2:0:0:0:1, 3:0:0:0:2, 4:0:0:0:4, 6:3:0:0:7, 2:0:0:0:1, 2:0:0:0:1, 2:0:0:0:2, 2:0:0:0:2, 3:0:0:0:4, 3:0:0:0:2, 3:0:0:0:1, 1:0:0:0:2, 1:0:0:0:2, 1:0:0:0:0, 4:0:0:0:4, 4:3:0:0:4, 4:0:0:0:4, 6:3:1:0:8, 6:3:0:0:6, 3:0:0:0:2, 2:0:0:0:2, 3:0:0:0:2, 2:0:0:0:2, 1:0:0:0:1, 0:0:0:0:0, 4:0:0:0:2, 2:0:0:0:1, 0:0:0:0:0, 0:0:0:0:0, 1:0:0:0:0, 3:0:0:0:4, 4:3:0:0:5, 2:0:0:0:1, 2:0:0:0:3, 3:0:0:0:3, 6:3:0:0:5, 2:0:0:0:1, 4:0:0:0:5, 3:0:0:0:4, 3:0:0:0:3, 1:0:0:0:0, 2:0:0:0:1, 2:0:0:0:1, 3:1:0:0:2, 2:0:0:0:1, 2:0:0:0:1, 3:0:0:0:5, 5:3:0:0:5, 2:0:0:0:1, 6:1:0:0:6, 9:3:0:0:8, 4:0:0:0:5, 3:0:0:0:6, 3:0:0:0:3, 2:0:0:0:4, 1:0:0:0:2, 1:0:0:0:1, 1:0:0:0:1, 2:0:0:0:1,  , 1:0:0:0:0, 1:0:0:0:0, 3:0:0:0:3, 4:3:0:0:4, 3:0:0:0:3, 4:0:0:0:4, 3:0:0:0:6, 5:4:0:0:6, 3:0:0:0:3, 3:0:0:0:4, 4:1:0:0:6, 3:0:0:0:3, 1:0:0:0:0, 1:0:0:0:1, 2:0:0:0:1, 0:0:0:0:0, 3:0:0:0:2, 1:0:0:0:0, 4:1:0:0:4, 5:3:0:0:5, 3:0:0:0:3, 5:1:0:0:9, 6:3:0:0:6, 3:0:0:0:2, 3:0:0:0:4, 3:0:0:0:2, 2:0:0:0:3, 1:0:0:0:2, 0:0:0:0:0, 1:0:0:0:2, 2:0:0:0:2, 1:0:0:0:2, 0:0:0:0:0, 1:0:0:0:0, 3:0:0:0:3, 4:3:0:0:5, 2:0:0:0:1, 2:0:0:0:3, 3:0:0:0:4, 4:4:0:0:5, 2:0:0:0:2, 2:0:0:0:3, 3:0:0:0:3, 1:0:0:0:1, 1:0:0:0:0, 1:0:0:0:2, 2:0:0:0:1,  , 0:0:0:0:0, 1:0:0:0:0, 3:0:0:0:4, 4:4:0:0:5, 3:0:0:0:2, 5:2:0:0:9, 9:3:0:0:11, 4:0:0:0:5, 3:0:0:0:4, 3:0:0:0:3, 2:0:0:0:2, 4:0:0:0:3, 2:0:0:0:1, 2:0:0:0:1, 2:0:0:0:1, 3:1:0:0:2, 0:0:0:0:0, 1:0:0:0:0, 5:1:0:0:9, 6:4:0:0:5, 3:0:0:0:2, 3:0:0:0:4, 4:0:0:0:3, 9:3:0:0:7, 3:0:0:0:2, 2:0:0:0:3, 2:0:0:0:2, 0:0:0:0:0, 0:0:0:0:0, 1:0:0:0:1, 2:0:0:0:2, 1:0:0:0:1, 1:0:0:0:1, 1:0:0:0:0, 3:0:0:0:5, 4:3:0:0:6, 2:0:0:0:2, 5:2:0:0:9, 9:3:0:0:8, 3:0:0:0:2, 4:0:0:0:4, 3:0:0:0:2, 4:0:0:0:5, 3:0:0:0:2, 1:0:0:0:0, 4:0:0:0:2, 2:0:0:0:1, 2:0:0:0:1, 0:0:0:0:0, 1:0:0:0:0, 3:0:0:0:5, 5:4:0:0:5, 3:0:0:0:2, 4:0:0:0:5, 4:0:0:0:5, 7:4:0:0:8, 4:0:0:0:4, 3:0:0:0:4, 2:0:0:0:2, 1:0:0:0:0, 0:0:0:0:0, 2:0:0:0:1, 2:0:0:0:1, 0:0:0:0:0, 0:0:0:0:0, 1:0:0:0:0, 3:0:0:0:4, 6:4:0:0:7, 4:0:0:0:5, 5:1:0:0:7, 7:3:0:0:8, 3:0:0:0:2, 2:0:0:0:2, 4:0:0:0:4, 2:0:0:0:2, 0:0:0:0:0, 1:0:0:0:1, 1:0:0:0:1, 3:0:0:0:2, 1:0:0:0:2, 0:0:0:0:0, 1:0:0:0:0, 3:0:0:0:3, 5:3:0:0:5, 5:0:1:0:2, 3:1:0:0:5, 4:0:0:0:3, 5:4:0:0:8, 4:1:0:0:5, 3:0:0:0:6, 2:0:0:0:3, 4:0:0:0:3, 1:0:0:0:0, 1:0:0:0:2, 4:0:0:0:4, 2:0:0:0:2, 3:0:0:0:1, 1:0:0:0:0, 3:0:0:0:3, 8:3:0:0:9, 4:1:0:0:3, 5:1:0:0:5, 7:4:0:0:8, 3:0:0:0:3, 2:0:0:0:2, 3:0:0:0:2, 2:0:0:0:2, 0:0:0:0:0, 0:0:0:0:0, 1:0:0:0:1, 2:0:0:0:1, 0:0:0:0:0, 1:0:0:0:0, 1:0:0:0:0, 3:0:0:0:3, 4:3:0:0:4, 2:0:0:0:1, 3:0:0:0:2, 3:0:0:0:4, 4:3:0:0:5, 2:0:0:0:1, 3:1:0:0:5, 3:0:0:0:5, 1:0:0:0:1, 2:0:2:0:2, 1:0:0:0:1, 3:0:0:0:2,  , 3:0:0:0:1, 1:0:0:0:0, 3:0:0:0:3, 9:3:0:0:7, 3:0:0:0:2, 5:2:0:0:8, 6:3:0:0:6, 3:0:0:0:4, 2:0:0:0:2, 3:0:0:0:2, 3:0:0:0:4, 4:0:0:0:3, 1:0:0:0:0, 2:0:0:0:2, 2:0:0:0:1, 2:0:0:0:2, 0:0:0:0:0, 1:0:0:0:0, 3:0:0:0:4, 6:3:0:0:6, 3:0:0:0:3, 3:0:0:0:4, 3:0:0:0:4, 9:4:0:0:9, 2:0:0:0:2, 4:0:0:0:5, 3:0:0:0:6, 0:0:0:0:0, 0:0:0:0:0, 3:0:0:0:1, 2:0:0:0:1, 2:0:0:0:1, 0:0:0:0:0, 2:0:0:0:1, 4:0:0:0:4, 6:3:0:0:5, 2:0:0:0:2, 5:1:0:0:7, 10:3:0:0:9, 4:0:0:0:6, 3:0:0:0:5, 2:0:0:0:2, 0:0:0:0:0, 0:0:0:0:0, 0:0:0:0:0, 0:0:0:0:0, 985:172:7:0:978
B lydian (5#), 2:0:0:0:0, 4:0:0:0:1, 5:0:0:0:1, 4:2:0:0:3, 5:2:0:0:5, 5:1:0:0:4, 5:0:0:0:1, 4:3:0:0:4, 6:4:0:0:4, 5:0:0:0:1, 1:0:0:0:2, 6:1:0:0:2, 4:2:0:0:2, 5:0:0:0:1, 1:0:0:0:2, 6:1:0:0:2, 4:1:0:0:1, 4:0:0:0:1, 5:0:0:0:1, 4:2:0:0:3, 5:2:0:0:5, 5:1:0:0:4, 5:0:0:0:1, 4:3:0:0:4, 6:4:0:0:4, 5:0:0:0:1, 1:0:0:0:2, 6:1:0:0:2, 4:3:0:0:3, 8:0:0:0:2, 5:2:0:0:4, 4:0:0:0:2, 3:0:0:0:0, 4:0:0:0:1, 1:0:0:0:1, 5:3:0:0:4, 5:2:0:0:6, 4:1:0:0:2, 2:0:0:0:3, 5:3:0:0:5, 7:5:0:0:7, 5:0:1:0:0, 2:0:0:0:1, 4:1:0:0:3, 4:1:0:0:1, 4:0:0:0:0, 0:0:0:0:0, 5:1:0:0:3, 3:1:0:0:1, 4:0:0:0:1, 5:0:0:0:1, 4:2:0:0:3, 6:2:0:0:4, 5:1:0:0:4, 5:0:0:0:1, 4:3:0:0:4, 7:3:0:0:4, 4:0:0:0:1, 1:0:0:0:2, 6:1:0:0:2, 5:2:0:0:2, 7:0:0:0:1, 5:2:0:0:3, 3:0:0:0:3, 6:2:0:0:4, 5:0:0:0:2, 4:0:0:0:1, 5:3:0:0:4, 5:3:0:0:6, 5:1:0:0:3, 3:0:0:0:1, 4:4:0:0:6, 7:5:0:0:7, 3:0:0:0:0, 0:0:0:0:0, 4:1:0:0:2, 4:1:0:0:1, 4:0:0:0:0, 2:0:0:0:0, 5:1:0:0:2, 3:1:0:0:1, 3:0:0:0:1, 2:0:0:0:0, 6:2:0:0:3, 6:2:0:0:3, 4:1:0:0:2, 2:0:0:0:1, 6:3:0:0:5, 5:4:0:0:4, 4:0:0:0:0, 0:0:0:0:0, 6:1:0:0:3, 6:2:0:0:2, 6:0:0:0:1, 5:2:0:0:3, 3:0:0:0:1, 5:2:0:0:3, 3:0:0:0:1, 3:0:0:0:1, 4:2:0:0:3, 6:4:0:0:5, 4:1:0:0:3, 1:0:0:0:1, 4:4:0:0:5, 6:7:0:0:7, 3:0:0:0:0, 0:0:0:0:0, 4:1:0:0:2, 3:1:0:0:1, 3:0:0:0:0, 2:0:0:0:0, 5:1:0:0:2, 6:2:0:0:3, 4:0:0:0:1, 4:0:0:0:2, 5:2:0:0:4, 7:4:0:0:6, 4:1:0:0:2, 4:0:0:0:0, 6:5:0:0:6, 6:4:0:0:4, 3:0:0:0:0, 1:0:0:0:0, 4:1:0:0:3, 5:3:0:0:3, 8:0:0:0:3, 6:2:0:0:5, 4:0:0:0:3, 5:2:0:0:4, 3:0:0:0:1, 3:0:0:0:2, 4:2:0:0:4, 5:4:0:0:6, 4:1:0:0:3,  , 6:3:0:0:5, 6:6:0:0:6, 3:0:0:0:0, 0:0:0:0:0, 6:2:0:0:3, 5:1:1:0:1, 3:0:0:0:0, 2:0:0:0:0, 6:2:0:0:3, 5:1:0:0:2, 5:3:0:0:4, 3:0:0:0:1, 5:3:0:0:4, 5:3:0:0:4, 4:1:0:0:2, 1:0:2:0:2, 7:3:0:0:5, 6:6:0:0:6, 5:1:0:0:1, 1:0:0:0:0, 6:2:0:0:4, 5:2:0:0:3, 6:0:0:0:2, 5:2:0:0:3, 5:0:0:0:3, 5:2:0:0:3, 3:0:0:0:2, 1:0:0:0:2, 4:2:0:0:4, 4:2:0:0:4, 4:1:0:0:3, 2:0:0:0:2, 4:3:0:0:5, 5:3:0:0:4, 3:0:0:0:0, 0:0:0:0:0, 4:1:0:0:3, 4:1:0:0:2, 3:0:0:0:0, 0:0:0:0:0, 4:1:0:0:3, 4:1:0:0:2, 4:0:0:0:2, 2:0:0:0:0, 5:3:0:0:5, 6:4:0:0:5, 5:1:0:0:2,  , 5:4:0:0:5, 5:5:0:0:5, 3:0:0:0:0, 0:0:0:0:0, 5:1:0:0:2, 6:3:0:0:3, 8:1:0:0:3, 6:2:0:0:5, 4:0:0:0:3, 5:2:0:0:4, 3:0:0:0:1, 5:0:0:0:1, 7:4:0:0:6, 5:4:0:0:6, 4:1:0:0:2, 3:0:0:0:0, 6:4:0:0:5, 6:4:0:0:4, 4:0:0:0:0, 2:0:1:0:2, 5:1:0:0:2, 5:1:0:0:2, 5:0:0:0:0, 5:0:0:0:1, 5:1:0:0:3, 4:1:0:0:3, 3:0:0:0:2, 2:0:0:0:2, 4:2:0:0:3, 4:2:0:0:3, 4:1:0:0:2, 2:0:0:0:2, 5:4:0:0:6, 4:3:0:0:3, 3:0:0:0:0, 0:0:0:0:0, 4:1:0:0:3, 5:2:0:0:3, 8:0:0:0:1, 5:2:0:0:3, 5:0:0:0:4, 5:2:0:0:3, 5:0:0:0:4, 3:0:0:0:4, 5:3:0:0:7, 6:4:0:0:5, 4:1:0:0:3, 4:0:0:0:1, 6:4:0:0:6, 6:7:0:0:7, 4:0:0:0:1, 1:0:0:0:0, 5:1:0:0:2, 5:2:0:0:2, 4:0:0:0:2, 4:0:0:0:0, 6:1:0:0:3, 6:2:0:0:3, 3:0:0:0:2, 2:0:0:0:2, 5:2:0:0:3, 6:4:0:0:5, 5:1:0:0:4, 0:0:0:0:0, 5:3:0:0:4, 7:4:0:0:5, 3:0:0:0:0, 3:0:0:0:0, 6:1:0:0:3, 6:3:0:0:5, 6:0:0:0:2, 5:2:0:0:3, 3:0:0:0:1, 6:2:0:0:5, 3:0:0:0:2, 2:0:0:0:3, 5:3:0:0:5, 5:2:0:0:3, 4:1:0:0:3, 2:0:0:0:2, 4:3:0:0:5, 5:4:0:0:5, 3:0:0:0:0, 1:0:0:0:0, 8:1:0:0:2, 6:2:0:0:3, 5:0:0:0:1, 2:0:0:0:0, 6:2:0:0:3, 5:1:0:0:3, 3:0:0:0:2, 6:0:0:0:1, 5:2:0:0:4, 6:5:0:0:6, 6:1:0:0:3, 5:0:0:0:1, 9:3:2:0:7, 5:7:0:0:7, 3:0:0:0:0, 4:0:0:0:0, 6:1:0:0:2, 4:2:0:0:2, 7:0:0:0:1, 5:2:0:0:4, 3:0:0:0:2, 5:2:0:0:3, 3:0:0:0:1, 1:0:0:0:0, 4:2:0:0:3, 5:3:0:0:4, 4:1:0:0:2, 0:0:0:0:0, 5:3:0:0:4, 4:3:0:0:3, 3:0:0:0:0, 0:0:0:0:0, 4:1:0:0:2, 4:1:0:0:1, 3:0:0:0:0, 0:0:0:0:0, 4:1:0:0:2, 5:1:0:0:2, 4:0:0:0:1, 0:0:0:0:0, 6:5:2:0:6, 4:2:0:0:3, 5:2:0:0:3,  , 8:6:0:0:7, 5:3:0:0:3, 3:0:0:0:0, 3:0:0:0:3, 5:1:0:0:4, 4:2:0:0:2, 6:0:0:0:1, 5:2:0:0:4, 3:0:0:0:2, 5:2:0:0:3, 4:0:0:0:1, 5:0:0:0:2, 5:2:0:0:4, 7:4:0:0:7, 4:1:0:0:2, 4:1:0:0:1, 6:4:1:0:7, 5:3:0:0:4, 3:0:0:0:0, 2:0:0:0:0, 5:1:0:0:3, 4:1:0:0:1, 4:0:0:0:1, 6:1:0:0:2, 5:1:0:0:4, 6:1:0:0:2, 4:0:0:0:2, 2:0:0:0:1, 4:2:0:0:3, 8:2:2:0:6, 5:5:0:0:6, 4:0:0:0:1, 4:3:0:0:4, 6:3:0:0:4, 4:0:0:0:0, 2:0:0:0:0, 4:1:0:0:2, 5:2:0:0:3, 9:0:0:0:3, 6:2:0:0:4, 5:1:0:0:5, 6:2:0:0:3, 1:0:0:0:0, 1:0:0:0:0, 1:0:0:0:0, 1:0:0:0:0, 1503:463:12:0:875
Db mixolydian (5b), 2:0:0:0:2, 3:0:0:0:6, 3:0:1:0:1, 0:0:0:0:0, 3:0:0:0:2, 3:0:0:0:4, 3:0:0:0:1, 0:0:0:0:0, 3:0:0:0:2, 3:0:0:0:3, 5:4:0:0:5, 3:0:0:0:3, 3:0:0:0:3, 3:0:0:0:3, 6:4:0:0:5, 5:0:0:0:3, 3:0:0:0:3, 3:0:0:0:6, 3:0:1:0:1, 0:0:0:0:0, 3:0:0:0:2, 3:0:0:0:4, 3:0:0:0:1, 0:0:0:0:0, 3:0:0:0:2, 3:0:0:0:3, 6:4:0:0:5, 3:0:0:0:3, 5:1:0:0:7, 8:4:0:0:8, 3:0:0:0:4, 3:0:0:0:4, 2:0:0:0:2, 4:0:0:0:5, 0:0:0:0:0, 1:0:0:0:0, 2:0:0:0:2, 2:0:0:0:1, 1:0:0:0:0, 1:0:0:0:0, 2:0:0:0:2, 5:0:0:0:3, 6:3:0:0:4, 2:0:0:0:1, 3:0:0:0:2, 4:0:0:0:3, 4:3:0:0:4, 3:0:0:0:2, 2:0:0:0:1, 3:0:0:0:7, 3:0:1:0:1, 0:0:0:0:0, 2:0:0:0:1, 3:0:0:0:4, 3:0:0:0:1, 0:0:0:0:0, 3:0:0:0:2, 3:0:0:0:3, 6:4:0:0:5, 3:0:0:0:3, 6:1:0:0:7, 7:3:0:0:8, 3:0:0:0:3, 2:0:0:0:2, 4:0:0:0:3, 4:0:0:0:6, 2:0:0:0:2, 1:0:0:0:0, 2:0:0:0:2, 3:0:0:0:2, 2:0:0:0:2, 0:0:0:0:0, 2:0:0:0:1, 3:0:0:0:4, 5:3:0:0:5, 2:0:0:0:1, 3:0:0:0:2, 4:0:0:0:4, 6:3:0:0:7, 2:0:0:0:1, 2:0:0:0:1, 2:0:0:0:2, 2:0:0:0:2, 3:0:0:0:4, 3:0:0:0:2, 3:0:0:0:1, 1:0:0:0:2, 1:0:0:0:2, 1:0:0:0:0, 4:0:0:0:4, 4:3:0:0:4, 4:0:0:0:4, 6:3:1:0:8, 6:3:0:0:6, 3:0:0:0:2, 2:0:0:0:2, 3:0:0:0:2, 2:0:0:0:2, 1:0:0:0:1, 0:0:0:0:0, 4:0:0:0:2, 2:0:0:0:1, 0:0:0:0:0, 0:0:0:0:0, 1:0:0:0:0, 3:0:0:0:4, 4:3:0:0:5, 2:0:0:0:1, 2:0:0:0:3, 3:0:0:0:3, 6:3:0:0:5, 2:0:0:0:1, 4:0:0:0:5, 3:0:0:0:4, 3:0:0:0:3, 1:0:0:0:0, 2:0:0:0:1, 2:0:0:0:1, 3:1:0:0:2, 2:0:0:0:1, 2:0:0:0:1, 3:0:0:0:5, 5:3:0:0:5, 2:0:0:0:1, 6:1:0:0:6, 9:3:0:0:8, 4:0:0:0:5, 3:0:0:0:6, 3:0:0:0:3, 2:0:0:0:4, 1:0:0:0:2, 1:0:0:0:1, 1:0:0:0:1, 2:0:0:0:1,  , 1:0:0:0:0, 1:0:0:0:0, 3:0:0:0:3, 4:3:0:0:4, 3:0:0:0:3, 4:0:0:0:4, 3:0:0:0:6, 5:4:0:0:6, 3:0:0:0:3, 3:0:0:0:4, 4:1:0:0:6, 3:0:0:0:3, 1:0:0:0:0, 1:0:0:0:1, 2:0:0:0:1, 0:0:0:0:0, 3:0:0:0:2, 1:0:0:0:0, 4:1:0:0:4, 5:3:0:0:5, 3:0:0:0:3, 5:1:0:0:9, 6:3:0:0:6, 3:0:0:0:2, 3:0:0:0:4, 3:0:0:0:2, 2:0:0:0:3, 1:0:0:0:2, 0:0:0:0:0, 1:0:0:0:2, 2:0:0:0:2, 1:0:0:0:2, 0:0:0:0:0, 1:0:0:0:0, 3:0:0:0:3, 4:3:0:0:5, 2:0:0:0:1, 2:0:0:0:3, 3:0:0:0:4, 4:4:0:0:5, 2:0:0:0:2, 2:0:0:0:3, 3:0:0:0:3, 1:0:0:0:1, 1:0:0:0:0, 1:0:0:0:2, 2:0:0:0:1,  , 0:0:0:0:0, 1:0:0:0:0, 3:0:0:0:4, 4:4:0:0:5, 3:0:0:0:2, 5:2:0:0:9, 9:3:0:0:11, 4:0:0:0:5, 3:0:0:0:4, 3:0:0:0:3, 2:0:0:0:2, 4:0:0:0:3, 2:0:0:0:1, 2:0:0:0:1, 2:0:0:0:1, 3:1:0:0:2, 0:0:0:0:0, 1:0:0:0:0, 5:1:0:0:9, 6:4:0:0:5, 3:0:0:0:2, 3:0:0:0:4, 4:0:0:0:3, 9:3:0:0:7, 3:0:0:0:2, 2:0:0:0:3, 2:0:0:0:2, 0:0:0:0:0, 0:0:0:0:0, 1:0:0:0:1, 2:0:0:0:2, 1:0:0:0:1, 1:0:0:0:1, 1:0:0:0:0, 3:0:0:0:5, 4:3:0:0:6, 2:0:0:0:2, 5:2:0:0:9, 9:3:0:0:8, 3:0:0:0:2, 4:0:0:0:4, 3:0:0:0:2, 4:0:0:0:5, 3:0:0:0:2, 1:0:0:0:0, 4:0:0:0:2, 2:0:0:0:1, 2:0:0:0:1, 0:0:0:0:0, 1:0:0:0:0, 3:0:0:0:5, 5:4:0:0:5, 3:0:0:0:2, 4:0:0:0:5, 4:0:0:0:5, 7:4:0:0:8, 4:0:0:0:4, 3:0:0:0:4, 2:0:0:0:2, 1:0:0:0:0, 0:0:0:0:0, 2:0:0:0:1, 2:0:0:0:1, 0:0:0:0:0, 0:0:0:0:0, 1:0:0:0:0, 3:0:0:0:4, 6:4:0:0:7, 4:0:0:0:5, 5:1:0:0:7, 7:3:0:0:8, 3:0:0:0:2, 2:0:0:0:2, 4:0:0:0:4, 2:0:0:0:2, 0:0:0:0:0, 1:0:0:0:1, 1:0:0:0:1, 3:0:0:0:2, 1:0:0:0:2, 0:0:0:0:0, 1:0:0:0:0, 3:0:0:0:3, 5:3:0:0:5, 5:0:1:0:2, 3:1:0:0:5, 4:0:0:0:3, 5:4:0:0:8, 4:1:0:0:5, 3:0:0:0:6, 2:0:0:0:3, 4:0:0:0:3, 1:0:0:0:0, 1:0:0:0:2, 4:0:0:0:4, 2:0:0:0:2, 3:0:0:0:1, 1:0:0:0:0, 3:0:0:0:3, 8:3:0:0:9, 4:1:0:0:3, 5:1:0:0:5, 7:4:0:0:8, 3:0:0:0:3, 2:0:0:0:2, 3:0:0:0:2, 2:0:0:0:2, 0:0:0:0:0, 0:0:0:0:0, 1:0:0:0:1, 2:0:0:0:1, 0:0:0:0:0, 1:0:0:0:0, 1:0:0:0:0, 3:0:0:0:3, 4:3:0:0:4, 2:0:0:0:1, 3:0:0:0:2, 3:0:0:0:4, 4:3:0:0:5, 2:0:0:0:1, 3:1:0:0:5, 3:0:0:0:5, 1:0:0:0:1, 2:0:2:0:2, 1:0:0:0:1, 3:0:0:0:2,  , 3:0:0:0:1, 1:0:0:0:0, 3:0:0:0:3, 9:3:0:0:7, 3:0:0:0:2, 5:2:0:0:8, 6:3:0:0:6, 3:0:0:0:4, 2:0:0:0:2, 3:0:0:0:2, 3:0:0:0:4, 4:0:0:0:3, 1:0:0:0:0, 2:0:0:0:2, 2:0:0:0:1, 2:0:0:0:2, 0:0:0:0:0, 1:0:0:0:0, 3:0:0:0:4, 6:3:0:0:6, 3:0:0:0:3, 3:0:0:0:4, 3:0:0:0:4, 9:4:0:0:9, 2:0:0:0:2, 4:0:0:0:5, 3:0:0:0:6, 0:0:0:0:0, 0:0:0:0:0, 3:0:0:0:1, 2:0:0:0:1, 2:0:0:0:1, 0:0:0:0:0, 2:0:0:0:1, 4:0:0:0:4, 6:3:0:0:5, 2:0:0:0:2, 5:1:0:0:7, 10:3:0:0:9, 4:0:0:0:6, 3:0:0:0:5, 2:0:0:0:2, 0:0:0:0:0, 0:0:0:0:0, 0:0:0:0:0, 0:0:0:0:0, 985:172:7:0:978
B mixolydian (5#), 2:0:0:0:0, 4:0:0:0:1, 5:0:0:0:1, 4:2:0:0:3, 5:2:0:0:5, 5:1:0:0:4, 5:0:0:0:1, 4:3:0:0:4, 6:4:0:0:4, 5:0:0:0:1, 1:0:0:0:2, 6:1:0:0:2, 4:2:0:0:2, 5:0:0:0:1, 1:0:0:0:2, 6:1:0:0:2, 4:1:0:0:1, 4:0:0:0:1, 5:0:0:0:1, 4:2:0:0:3, 5:2:0:0:5, 5:1:0:0:4, 5:0:0:0:1, 4:3:0:0:4, 6:4:0:0:4, 5:0:0:0:1, 1:0:0:0:2, 6:1:0:0:2, 4:3:0:0:3, 8:0:0:0:2, 5:2:0:0:4, 4:0:0:0:2, 3:0:0:0:0, 4:0:0:0:1, 1:0:0:0:1, 5:3:0:0:4, 5:2:0:0:6, 4:1:0:0:2, 2:0:0:0:3, 5:3:0:0:5, 7:5:0:0:7, 5:0:1:0:0, 2:0:0:0:1, 4:1:0:0:3, 4:1:0:0:1, 4:0:0:0:0, 0:0:0:0:0, 5:1:0:0:3, 3:1:0:0:1, 4:0:0:0:1, 5:0:0:0:1, 4:2:0:0:3, 6:2:0:0:4, 5:1:0:0:4, 5:0:0:0:1, 4:3:0:0:4, 7:3:0:0:4, 4:0:0:0:1, 1:0:0:0:2, 6:1:0:0:2, 5:2:0:0:2, 7:0:0:0:1, 5:2:0:0:3, 3:0:0:0:3, 6:2:0:0:4, 5:0:0:0:2, 4:0:0:0:1, 5:3:0:0:4, 5:3:0:0:6, 5:1:0:0:3, 3:0:0:0:1, 4:4:0:0:6, 7:5:0:0:7, 3:0:0:0:0, 0:0:0:0:0, 4:1:0:0:2, 4:1:0:0:1, 4:0:0:0:0, 2:0:0:0:0, 5:1:0:0:2, 3:1:0:0:1, 3:0:0:0:1, 2:0:0:0:0, 6:2:0:0:3, 6:2:0:0:3, 4:1:0:0:2, 2:0:0:0:1, 6:3:0:0:5, 5:4:0:0:4, 4:0:0:0:0, 0:0:0:0:0, 6:1:0:0:3, 6:2:0:0:2, 6:0:0:0:1, 5:2:0:0:3, 3:0:0:0:1, 5:2:0:0:3, 3:0:0:0:1, 3:0:0:0:1, 4:2:0:0:3, 6:4:0:0:5, 4:1:0:0:3, 1:0:0:0:1, 4:4:0:0:5, 6:7:0:0:7, 3:0:0:0:0, 0:0:0:0:0, 4:1:0:0:2, 3:1:0:0:1, 3:0:0:0:0, 2:0:0:0:0, 5:1:0:0:2, 6:2:0:0:3, 4:0:0:0:1, 4:0:0:0:2, 5:2:0:0:4, 7:4:0:0:6, 4:1:0:0:2, 4:0:0:0:0, 6:5:0:0:6, 6:4:0:0:4, 3:0:0:0:0, 1:0:0:0:0, 4:1:0:0:3, 5:3:0:0:3, 8:0:0:0:3, 6:2:0:0:5, 4:0:0:0:3, 5:2:0:0:4, 3:0:0:0:1, 3:0:0:0:2, 4:2:0:0:4, 5:4:0:0:6, 4:1:0:0:3,  , 6:3:0:0:5, 6:6:0:0:6, 3:0:0:0:0, 0:0:0:0:0, 6:2:0:0:3, 5:1:1:0:1, 3:0:0:0:0, 2:0:0:0:0, 6:2:0:0:3, 5:1:0:0:2, 5:3:0:0:4, 3:0:0:0:1, 5:3:0:0:4, 5:3:0:0:4, 4:1:0:0:2, 1:0:2:0:2, 7:3:0:0:5, 6:6:0:0:6, 5:1:0:0:1, 1:0:0:0:0, 6:2:0:0:4, 5:2:0:0:3, 6:0:0:0:2, 5:2:0:0:3, 5:0:0:0:3, 5:2:0:0:3, 3:0:0:0:2, 1:0:0:0:2, 4:2:0:0:4, 4:2:0:0:4, 4:1:0:0:3, 2:0:0:0:2, 4:3:0:0:5, 5:3:0:0:4, 3:0:0:0:0, 0:0:0:0:0, 4:1:0:0:3, 4:1:0:0:2, 3:0:0:0:0, 0:0:0:0:0, 4:1:0:0:3, 4:1:0:0:2, 4:0:0:0:2, 2:0:0:0:0, 5:3:0:0:5, 6:4:0:0:5, 5:1:0:0:2,  , 5:4:0:0:5, 5:5:0:0:5, 3:0:0:0:0, 0:0:0:0:0, 5:1:0:0:2, 6:3:0:0:3, 8:1:0:0:3, 6:2:0:0:5, 4:0:0:0:3, 5:2:0:0:4, 3:0:0:0:1, 5:0:0:0:1, 7:4:0:0:6, 5:4:0:0:6, 4:1:0:0:2, 3:0:0:0:0, 6:4:0:0:5, 6:4:0:0:4, 4:0:0:0:0, 2:0:1:0:2, 5:1:0:0:2, 5:1:0:0:2, 5:0:0:0:0, 5:0:0:0:1, 5:1:0:0:3, 4:1:0:0:3, 3:0:0:0:2, 2:0:0:0:2, 4:2:0:0:3, 4:2:0:0:3, 4:1:0:0:2, 2:0:0:0:2, 5:4:0:0:6, 4:3:0:0:3, 3:0:0:0:0, 0:0:0:0:0, 4:1:0:0:3, 5:2:0:0:3, 8:0:0:0:1, 5:2:0:0:3, 5:0:0:0:4, 5:2:0:0:3, 5:0:0:0:4, 3:0:0:0:4, 5:3:0:0:7, 6:4:0:0:5, 4:1:0:0:3, 4:0:0:0:1, 6:4:0:0:6, 6:7:0:0:7, 4:0:0:0:1, 1:0:0:0:0, 5:1:0:0:2, 5:2:0:0:2, 4:0:0:0:2, 4:0:0:0:0, 6:1:0:0:3, 6:2:0:0:3, 3:0:0:0:2, 2:0:0:0:2, 5:2:0:0:3, 6:4:0:0:5, 5:1:0:0:4, 0:0:0:0:0, 5:3:0:0:4, 7:4:0:0:5, 3:0:0:0:0, 3:0:0:0:0, 6:1:0:0:3, 6:3:0:0:5, 6:0:0:0:2, 5:2:0:0:3, 3:0:0:0:1, 6:2:0:0:5, 3:0:0:0:2, 2:0:0:0:3, 5:3:0:0:5, 5:2:0:0:3, 4:1:0:0:3, 2:0:0:0:2, 4:3:0:0:5, 5:4:0:0:5, 3:0:0:0:0, 1:0:0:0:0, 8:1:0:0:2, 6:2:0:0:3, 5:0:0:0:1, 2:0:0:0:0, 6:2:0:0:3, 5:1:0:0:3, 3:0:0:0:2, 6:0:0:0:1, 5:2:0:0:4, 6:5:0:0:6, 6:1:0:0:3, 5:0:0:0:1, 9:3:2:0:7, 5:7:0:0:7, 3:0:0:0:0, 4:0:0:0:0, 6:1:0:0:2, 4:2:0:0:2, 7:0:0:0:1, 5:2:0:0:4, 3:0:0:0:2, 5:2:0:0:3, 3:0:0:0:1, 1:0:0:0:0, 4:2:0:0:3, 5:3:0:0:4, 4:1:0:0:2, 0:0:0:0:0, 5:3:0:0:4, 4:3:0:0:3, 3:0:0:0:0, 0:0:0:0:0, 4:1:0:0:2, 4:1:0:0:1, 3:0:0:0:0, 0:0:0:0:0, 4:1:0:0:2, 5:1:0:0:2, 4:0:0:0:1, 0:0:0:0:0, 6:5:2:0:6, 4:2:0:0:3, 5:2:0:0:3,  , 8:6:0:0:7, 5:3:0:0:3, 3:0:0:0:0, 3:0:0:0:3, 5:1:0:0:4, 4:2:0:0:2, 6:0:0:0:1, 5:2:0:0:4, 3:0:0:0:2, 5:2:0:0:3, 4:0:0:0:1, 5:0:0:0:2, 5:2:0:0:4, 7:4:0:0:7, 4:1:0:0:2, 4:1:0:0:1, 6:4:1:0:7, 5:3:0:0:4, 3:0:0:0:0, 2:0:0:0:0, 5:1:0:0:3, 4:1:0:0:1, 4:0:0:0:1, 6:1:0:0:2, 5:1:0:0:4, 6:1:0:0:2, 4:0:0:0:2, 2:0:0:0:1, 4:2:0:0:3, 8:2:2:0:6, 5:5:0:0:6, 4:0:0:0:1, 4:3:0:0:4, 6:3:0:0:4, 4:0:0:0:0, 2:0:0:0:0, 4:1:0:0:2, 5:2:0:0:3, 9:0:0:0:3, 6:2:0:0:4, 5:1:0:0:5, 6:2:0:0:3, 1:0:0:0:0, 1:0:0:0:0, 1:0:0:0:0, 1:0:0:0:0, 1503:463:12:0:875
Db aeolian (5b), 2:0:0:0:2, 3:0:0:0:6, 3:0:1:0:1, 0:0:0:0:0, 3:0:0:0:2, 3:0:0:0:4, 3:0:0:0:1, 0:0:0:0:0, 3:0:0:0:2, 3:0:0:0:3, 5:4:0:0:5, 3:0:0:0:3, 3:0:0:0:3, 3:0:0:0:3, 6:4:0:0:5, 5:0:0:0:3, 3:0:0:0:3, 3:0:0:0:6, 3:0:1:0:1, 0:0:0:0:0, 3:0:0:0:2, 3:0:0:0:4, 3:0:0:0:1, 0:0:0:0:0, 3:0:0:0:2, 3:0:0:0:3, 6:4:0:0:5, 3:0:0:0:3, 5:1:0:0:7, 8:4:0:0:8, 3:0:0:0:4, 3:0:0:0:4, 2:0:0:0:2, 4:0:0:0:5, 0:0:0:0:0, 1:0:0:0:0, 2:0:0:0:2, 2:0:0:0:1, 1:0:0:0:0, 1:0:0:0:0, 2:0:0:0:2, 5:0:0:0:3, 6:3:0:0:4, 2:0:0:0:1, 3:0:0:0:2, 4:0:0:0:3, 4:3:0:0:4, 3:0:0:0:2, 2:0:0:0:1, 3:0:0:0:7, 3:0:1:0:1, 0:0:0:0:0, 2:0:0:0:1, 3:0:0:0:4, 3:0:0:0:1, 0:0:0:0:0, 3:0:0:0:2, 3:0:0:0:3, 6:4:0:0:5, 3:0:0:0:3, 6:1:0:0:7, 7:3:0:0:8, 3:0:0:0:3, 2:0:0:0:2, 4:0:0:0:3, 4:0:0:0:6, 2:0:0:0:2, 1:0:0:0:0, 2:0:0:0:2, 3:0:0:0:2, 2:0:0:0:2, 0:0:0:0:0, 2:0:0:0:1, 3:0:0:0:4, 5:3:0:0:5, 2:0:0:0:1, 3:0:0:0:2, 4:0:0:0:4, 6:3:0:0:7, 2:0:0:0:1, 2:0:0:0:1, 2:0:0:0:2, 2:0:0:0:2, 3:0:0:0:4, 3:0:0:0:2, 3:0:0:0:1, 1:0:0:0:2, 1:0:0:0:2, 1:0:0:0:0, 4:0:0:0:4, 4:3:0:0:4, 4:0:0:0:4, 6:3:1:0:8, 6:3:0:0:6, 3:0:0:0:2, 2:0:0:0:2, 3:0:0:0:2, 2:0:0:0:2, 1:0:0:0:1, 0:0:0:0:0, 4:0:0:0:2, 2:0:0:0:1, 0:0:0:0:0, 0:0:0:0:0, 1:0:0:0:0, 3:0:0:0:4, 4:3:0:0:5, 2:0:0:0:1, 2:0:0:0:3, 3:0:0:0:3, 6:3:0:0:5, 2:0:0:0:1, 4:0:0:0:5, 3:0:0:0:4, 3:0:0:0:3, 1:0:0:0:0, 2:0:0:0:1, 2:0:0:0:1, 3:1:0:0:2, 2:0:0:0:1, 2:0:0:0:1, 3:0:0:0:5, 5:3:0:0:5, 2:0:0:0:1, 6:1:0:0:6, 9:3:0:0:8, 4:0:0:0:5, 3:0:0:0:6, 3:0:0:0:3, 2:0:0:0:4, 1:0:0:0:2, 1:0:0:0:1, 1:0:0:0:1, 2:0:0:0:1,  , 1:0:0:0:0, 1:0:0:0:0, 3:0:0:0:3, 4:3:0:0:4, 3:0:0:0:3, 4:0:0:0:4, 3:0:0:0:6, 5:4:0:0:6, 3:0:0:0:3, 3:0:0:0:4, 4:1:0:0:6, 3:0:0:0:3, 1:0:0:0:0, 1:0:0:0:1, 2:0:0:0:1, 0:0:0:0:0, 3:0:0:0:2, 1:0:0:0:0, 4:1:0:0:4, 5:3:0:0:5, 3:0:0:0:3, 5:1:0:0:9, 6:3:0:0:6, 3:0:0:0:2, 3:0:0:0:4, 3:0:0:0:2, 2:0:0:0:3, 1:0:0:0:2, 0:0:0:0:0, 1:0:0:0:2, 2:0:0:0:2, 1:0:0:0:2, 0:0:0:0:0, 1:0:0:0:0, 3:0:0:0:3, 4:3:0:0:5, 2:0:0:0:1, 2:0:0:0:3, 3:0:0:0:4, 4:4:0:0:5, 2:0:0:0:2, 2:0:0:0:3, 3:0:0:0:3, 1:0:0:0:1, 1:0:0:0:0, 1:0:0:0:2, 2:0:0:0:1,  , 0:0:0:0:0, 1:0:0:0:0, 3:0:0:0:4, 4:4:0:0:5, 3:0:0:0:2, 5:2:0:0:9, 9:3:0:0:11, 4:0:0:0:5, 3:0:0:0:4, 3:0:0:0:3, 2:0:0:0:2, 4:0:0:0:3, 2:0:0:0:1, 2:0:0:0:1, 2:0:0:0:1, 3:1:0:0:2, 0:0:0:0:0, 1:0:0:0:0, 5:1:0:0:9, 6:4:0:0:5, 3:0:0:0:2, 3:0:0:0:4, 4:0:0:0:3, 9:3:0:0:7, 3:0:0:0:2, 2:0:0:0:3, 2:0:0:0:2, 0:0:0:0:0, 0:0:0:0:0, 1:0:0:0:1, 2:0:0:0:2, 1:0:0:0:1, 1:0:0:0:1, 1:0:0:0:0, 3:0:0:0:5, 4:3:0:0:6, 2:0:0:0:2, 5:2:0:0:9, 9:3:0:0:8, 3:0:0:0:2, 4:0:0:0:4, 3:0:0:0:2, 4:0:0:0:5, 3:0:0:0:2, 1:0:0:0:0, 4:0:0:0:2, 2:0:0:0:1, 2:0:0:0:1, 0:0:0:0:0, 1:0:0:0:0, 3:0:0:0:5, 5:4:0:0:5, 3:0:0:0:2, 4:0:0:0:5, 4:0:0:0:5, 7:4:0:0:8, 4:0:0:0:4, 3:0:0:0:4, 2:0:0:0:2, 1:0:0:0:0, 0:0:0:0:0, 2:0:0:0:1, 2:0:0:0:1, 0:0:0:0:0, 0:0:0:0:0, 1:0:0:0:0, 3:0:0:0:4, 6:4:0:0:7, 4:0:0:0:5, 5:1:0:0:7, 7:3:0:0:8, 3:0:0:0:2, 2:0:0:0:2, 4:0:0:0:4, 2:0:0:0:2, 0:0:0:0:0, 1:0:0:0:1, 1:0:0:0:1, 3:0:0:0:2, 1:0:0:0:2, 0:0:0:0:0, 1:0:0:0:0, 3:0:0:0:3, 5:3:0:0:5, 5:0:1:0:2, 3:1:0:0:5, 4:0:0:0:3, 5:4:0:0:8, 4:1:0:0:5, 3:0:0:0:6, 2:0:0:0:3, 4:0:0:0:3, 1:0:0:0:0, 1:0:0:0:2, 4:0:0:0:4, 2:0:0:0:2, 3:0:0:0:1, 1:0:0:0:0, 3:0:0:0:3, 8:3:0:0:9, 4:1:0:0:3, 5:1:0:0:5, 7:4:0:0:8, 3:0:0:0:3, 2:0:0:0:2, 3:0:0:0:2, 2:0:0:0:2, 0:0:0:0:0, 0:0:0:0:0, 1:0:0:0:1, 2:0:0:0:1, 0:0:0:0:0, 1:0:0:0:0, 1:0:0:0:0, 3:0:0:0:3, 4:3:0:0:4, 2:0:0:0:1, 3:0:0:0:2, 3:0:0:0:4, 4:3:0:0:5, 2:0:0:0:1, 3:1:0:0:5, 3:0:0:0:5, 1:0:0:0:1, 2:0:2:0:2, 1:0:0:0:1, 3:0:0:0:2,  , 3:0:0:0:1, 1:0:0:0:0, 3:0:0:0:3, 9:3:0:0:7, 3:0:0:0:2, 5:2:0:0:8, 6:3:0:0:6, 3:0:0:0:4, 2:0:0:0:2, 3:0:0:0:2, 3:0:0:0:4, 4:0:0:0:3, 1:0:0:0:0, 2:0:0:0:2, 2:0:0:0:1, 2:0:0:0:2, 0:0:0:0:0, 1:0:0:0:0, 3:0:0:0:4, 6:3:0:0:6, 3:0:0:0:3, 3:0:0:0:4, 3:0:0:0:4, 9:4:0:0:9, 2:0:0:0:2, 4:0:0:0:5, 3:0:0:0:6, 0:0:0:0:0, 0:0:0:0:0, 3:0:0:0:1, 2:0:0:0:1, 2:0:0:0:1, 0:0:0:0:0, 2:0:0:0:1, 4:0:0:0:4, 6:3:0:0:5, 2:0:0:0:2, 5:1:0:0:7, 10:3:0:0:9, 4:0:0:0:6, 3:0:0:0:5, 2:0:0:0:2, 0:0:0:0:0, 0:0:0:0:0, 0:0:0:0:0, 0:0:0:0:0, 985:172:7:0:978
B aeolian (5#), 2:0:0:0:0, 4:0:0:0:1, 5:0:0:0:1, 4:2:0:0:3, 5:2:0:0:5, 5:1:0:0:4, 5:0:0:0:1, 4:3:0:0:4, 6:4:0:0:4, 5:0:0:0:1, 1:0:0:0:2, 6:1:0:0:2, 4:2:0:0:2, 5:0:0:0:1, 1:0:0:0:2, 6:1:0:0:2, 4:1:0:0:1, 4:0:0:0:1, 5:0:0:0:1, 4:2:0:0:3, 5:2:0:0:5, 5:1:0:0:4, 5:0:0:0:1, 4:3:0:0:4, 6:4:0:0:4, 5:0:0:0:1, 1:0:0:0:2, 6:1:0:0:2, 4:3:0:0:3, 8:0:0:0:2, 5:2:0:0:4, 4:0:0:0:2, 3:0:0:0:0, 4:0:0:0:1, 1:0:0:0:1, 5:3:0:0:4, 5:2:0:0:6, 4:1:0:0:2, 2:0:0:0:3, 5:3:0:0:5, 7:5:0:0:7, 5:0:1:0:0, 2:0:0:0:1, 4:1:0:0:3, 4:1:0:0:1, 4:0:0:0:0, 0:0:0:0:0, 5:1:0:0:3, 3:1:0:0:1, 4:0:0:0:1, 5:0:0:0:1, 4:2:0:0:3, 6:2:0:0:4, 5:1:0:0:4, 5:0:0:0:1, 4:3:0:0:4, 7:3:0:0:4, 4:0:0:0:1, 1:0:0:0:2, 6:1:0:0:2, 5:2:0:0:2, 7:0:0:0:1, 5:2:0:0:3, 3:0:0:0:3, 6:2:0:0:4, 5:0:0:0:2, 4:0:0:0:1, 5:3:0:0:4, 5:3:0:0:6, 5:1:0:0:3, 3:0:0:0:1, 4:4:0:0:6, 7:5:0:0:7, 3:0:0:0:0, 0:0:0:0:0, 4:1:0:0:2, 4:1:0:0:1, 4:0:0:0:0, 2:0:0:0:0, 5:1:0:0:2, 3:1:0:0:1, 3:0:0:0:1, 2:0:0:0:0, 6:2:0:0:3, 6:2:0:0:3, 4:1:0:0:2, 2:0:0:0:1, 6:3:0:0:5, 5:4:0:0:4, 4:0:0:0:0, 0:0:0:0:0, 6:1:0:0:3, 6:2:0:0:2, 6:0:0:0:1, 5:2:0:0:3, 3:0:0:0:1, 5:2:0:0:3, 3:0:0:0:1, 3:0:0:0:1, 4:2:0:0:3, 6:4:0:0:5, 4:1:0:0:3, 1:0:0:0:1, 4:4:0:0:5, 6:7:0:0:7, 3:0:0:0:0, 0:0:0:0:0, 4:1:0:0:2, 3:1:0:0:1, 3:0:0:0:0, 2:0:0:0:0, 5:1:0:0:2, 6:2:0:0:3, 4:0:0:0:1, 4:0:0:0:2, 5:2:0:0:4, 7:4:0:0:6, 4:1:0:0:2, 4:0:0:0:0, 6:5:0:0:6, 6:4:0:0:4, 3:0:0:0:0, 1:0:0:0:0, 4:1:0:0:3, 5:3:0:0:3, 8:0:0:0:3, 6:2:0:0:5, 4:0:0:0:3, 5:2:0:0:4, 3:0:0:0:1, 3:0:0:0:2, 4:2:0:0:4, 5:4:0:0:6, 4:1:0:0:3,  , 6:3:0:0:5, 6:6:0:0:6, 3:0:0:0:0, 0:0:0:0:0, 6:2:0:0:3, 5:1:1:0:1, 3:0:0:0:0, 2:0:0:0:0, 6:2:0:0:3, 5:1:0:0:2, 5:3:0:0:4, 3:0:0:0:1, 5:3:0:0:4, 5:3:0:0:4, 4:1:0:0:2, 1:0:2:0:2, 7:3:0:0:5, 6:6:0:0:6, 5:1:0:0:1, 1:0:0:0:0, 6:2:0:0:4, 5:2:0:0:3, 6:0:0:0:2, 5:2:0:0:3, 5:0:0:0:3, 5:2:0:0:3, 3:0:0:0:2, 1:0:0:0:2, 4:2:0:0:4, 4:2:0:0:4, 4:1:0:0:3, 2:0:0:0:2, 4:3:0:0:5, 5:3:0:0:4, 3:0:0:0:0, 0:0:0:0:0, 4:1:0:0:3, 4:1:0:0:2, 3:0:0:0:0, 0:0:0:0:0, 4:1:0:0:3, 4:1:0:0:2, 4:0:0:0:2, 2:0:0:0:0, 5:3:0:0:5, 6:4:0:0:5, 5:1:0:0:2,  , 5:4:0:0:5, 5:5:0:0:5, 3:0:0:0:0, 0:0:0:0:0, 5:1:0:0:2, 6:3:0:0:3, 8:1:0:0:3, 6:2:0:0:5, 4:0:0:0:3, 5:2:0:0:4, 3:0:0:0:1, 5:0:0:0:1, 7:4:0:0:6, 5:4:0:0:6, 4:1:0:0:2, 3:0:0:0:0, 6:4:0:0:5, 6:4:0:0:4, 4:0:0:0:0, 2:0:1:0:2, 5:1:0:0:2, 5:1:0:0:2, 5:0:0:0:0, 5:0:0:0:1, 5:1:0:0:3, 4:1:0:0:3, 3:0:0:0:2, 2:0:0:0:2, 4:2:0:0:3, 4:2:0:0:3, 4:1:0:0:2, 2:0:0:0:2, 5:4:0:0:6, 4:3:0:0:3, 3:0:0:0:0, 0:0:0:0:0, 4:1:0:0:3, 5:2:0:0:3, 8:0:0:0:1, 5:2:0:0:3, 5:0:0:0:4, 5:2:0:0:3, 5:0:0:0:4, 3:0:0:0:4, 5:3:0:0:7, 6:4:0:0:5, 4:1:0:0:3, 4:0:0:0:1, 6:4:0:0:6, 6:7:0:0:7, 4:0:0:0:1, 1:0:0:0:0, 5:1:0:0:2, 5:2:0:0:2, 4:0:0:0:2, 4:0:0:0:0, 6:1:0:0:3, 6:2:0:0:3, 3:0:0:0:2, 2:0:0:0:2, 5:2:0:0:3, 6:4:0:0:5, 5:1:0:0:4, 0:0:0:0:0, 5:3:0:0:4, 7:4:0:0:5, 3:0:0:0:0, 3:0:0:0:0, 6:1:0:0:3, 6:3:0:0:5, 6:0:0:0:2, 5:2:0:0:3, 3:0:0:0:1, 6:2:0:0:5, 3:0:0:0:2, 2:0:0:0:3, 5:3:0:0:5, 5:2:0:0:3, 4:1:0:0:3, 2:0:0:0:2, 4:3:0:0:5, 5:4:0:0:5, 3:0:0:0:0, 1:0:0:0:0, 8:1:0:0:2, 6:2:0:0:3, 5:0:0:0:1, 2:0:0:0:0, 6:2:0:0:3, 5:1:0:0:3, 3:0:0:0:2, 6:0:0:0:1, 5:2:0:0:4, 6:5:0:0:6, 6:1:0:0:3, 5:0:0:0:1, 9:3:2:0:7, 5:7:0:0:7, 3:0:0:0:0, 4:0:0:0:0, 6:1:0:0:2, 4:2:0:0:2, 7:0:0:0:1, 5:2:0:0:4, 3:0:0:0:2, 5:2:0:0:3, 3:0:0:0:1, 1:0:0:0:0, 4:2:0:0:3, 5:3:0:0:4, 4:1:0:0:2, 0:0:0:0:0, 5:3:0:0:4, 4:3:0:0:3, 3:0:0:0:0, 0:0:0:0:0, 4:1:0:0:2, 4:1:0:0:1, 3:0:0:0:0, 0:0:0:0:0, 4:1:0:0:2, 5:1:0:0:2, 4:0:0:0:1, 0:0:0:0:0, 6:5:2:0:6, 4:2:0:0:3, 5:2:0:0:3,  , 8:6:0:0:7, 5:3:0:0:3, 3:0:0:0:0, 3:0:0:0:3, 5:1:0:0:4, 4:2:0:0:2, 6:0:0:0:1, 5:2:0:0:4, 3:0:0:0:2, 5:2:0:0:3, 4:0:0:0:1, 5:0:0:0:2, 5:2:0:0:4, 7:4:0:0:7, 4:1:0:0:2, 4:1:0:0:1, 6:4:1:0:7, 5:3:0:0:4, 3:0:0:0:0, 2:0:0:0:0, 5:1:0:0:3, 4:1:0:0:1, 4:0:0:0:1, 6:1:0:0:2, 5:1:0:0:4, 6:1:0:0:2, 4:0:0:0:2, 2:0:0:0:1, 4:2:0:0:3, 8:2:2:0:6, 5:5:0:0:6, 4:0:0:0:1, 4:3:0:0:4, 6:3:0:0:4, 4:0:0:0:0, 2:0:0:0:0, 4:1:0:0:2, 5:2:0:0:3, 9:0:0:0:3, 6:2:0:0:4, 5:1:0:0:5, 6:2:0:0:3, 1:0:0:0:0, 1:0:0:0:0, 1:0:0:0:0, 1:0:0:0:0, 1503:463:12:0:875
Db locrian (5b), 2:0:0:0:2, 3:0:0:0:6, 3:0:1:0:1, 0:0:0:0:0, 3:0:0:0:2, 3:0:0:0:4, 3:0:0:0:1, 0:0:0:0:0, 3:0:0:0:2, 3:0:0:0:3, 5:4:0:0:5, 3:0:0:0:3, 3:0:0:0:3, 3:0:0:0:3, 6:4:0:0:5, 5:0:0:0:3, 3:0:0:0:3, 3:0:0:0:6, 3:0:1:0:1, 0:0:0:0:0, 3:0:0:0:2, 3:0:0:0:4, 3:0:0:0:1, 0:0:0:0:0, 3:0:0:0:2, 3:0:0:0:3, 6:4:0:0:5, 3:0:0:0:3, 5:1:0:0:7, 8:4:0:0:8, 3:0:0:0:4, 3:0:0:0:4, 2:0:0:0:2, 4:0:0:0:5, 0:0:0:0:0, 1:0:0:0:0, 2:0:0:0:2, 2:0:0:0:1, 1:0:0:0:0, 1:0:0:0:0, 2:0:0:0:2, 5:0:0:0:3, 6:3:0:0:4, 2:0:0:0:1, 3:0:0:0:2, 4:0:0:0:3, 4:3:0:0:4, 3:0:0:0:2, 2:0:0:0:1, 3:0:0:0:7, 3:0:1:0:1, 0:0:0:0:0, 2:0:0:0:1, 3:0:0:0:4, 3:0:0:0:1, 0:0:0:0:0, 3:0:0:0:2, 3:0:0:0:3, 6:4:0:0:5, 3:0:0:0:3, 6:1:0:0:7, 7:3:0:0:8, 3:0:0:0:3, 2:0:0:0:2, 4:0:0:0:3, 4:0:0:0:6, 2:0:0:0:2, 1:0:0:0:0, 2:0:0:0:2, 3:0:0:0:2, 2:0:0:0:2, 0:0:0:0:0, 2:0:0:0:1, 3:0:0:0:4, 5:3:0:0:5, 2:0:0:0:1, 3:0:0:0:2, 4:0:0:0:4, 6:3:0:0:7, 2:0:0:0:1, 2:0:0:0:1, 2:0:0:0:2, 2:0:0:0:2, 3:0:0:0:4, 3:0:0:0:2, 3:0:0:0:1, 1:0:0:0:2, 1:0:0:0:2, 1:0:0:0:0, 4:0:0:0:4, 4:3:0:0:4, 4:0:0:0:4, 6:3:1:0:8, 6:3:0:0:6, 3:0:0:0:2, 2:0:0:0:2, 3:0:0:0:2, 2:0:0:0:2, 1:0:0:0:1, 0:0:0:0:0, 4:0:0:0:2, 2:0:0:0:1, 0:0:0:0:0, 0:0:0:0:0, 1:0:0:0:0, 3:0:0:0:4, 4:3:0:0:5, 2:0:0:0:1, 2:0:0:0:3, 3:0:0:0:3, 6:3:0:0:5, 2:0:0:0:1, 4:0:0:0:5, 3:0:0:0:4, 3:0:0:0:3, 1:0:0:0:0, 2:0:0:0:1, 2:0:0:0:1, 3:1:0:0:2, 2:0:0:0:1, 2:0:0:0:1, 3:0:0:0:5, 5:3:0:0:5, 2:0:0:0:1, 6:1:0:0:6, 9:3:0:0:8, 4:0:0:0:5, 3:0:0:0:6, 3:0:0:0:3, 2:0:0:0:4, 1:0:0:0:2, 1:0:0:0:1, 1:0:0:0:1, 2:0:0:0:1,  , 1:0:0:0:0, 1:0:0:0:0, 3:0:0:0:3, 4:3:0:0:4, 3:0:0:0:3, 4:0:0:0:4, 3:0:0:0:6, 5:4:0:0:6, 3:0:0:0:3, 3:0:0:0:4, 4:1:0:0:6, 3:0:0:0:3, 1:0:0:0:0, 1:0:0:0:1, 2:0:0:0:1, 0:0:0:0:0, 3:0:0:0:2, 1:0:0:0:0, 4:1:0:0:4, 5:3:0:0:5, 3:0:0:0:3, 5:1:0:0:9, 6:3:0:0:6, 3:0:0:0:2, 3:0:0:0:4, 3:0:0:0:2, 2:0:0:0:3, 1:0:0:0:2, 0:0:0:0:0, 1:0:0:0:2, 2:0:0:0:2, 1:0:0:0:2, 0:0:0:0:0, 1:0:0:0:0, 3:0:0:0:3, 4:3:0:0:5, 2:0:0:0:1, 2:0:0:0:3, 3:0:0:0:4, 4:4:0:0:5, 2:0:0:0:2, 2:0:0:0:3, 3:0:0:0:3, 1:0:0:0:1, 1:0:0:0:0, 1:0:0:0:2, 2:0:0:0:1,  , 0:0:0:0:0, 1:0:0:0:0, 3:0:0:0:4, 4:4:0:0:5, 3:0:0:0:2, 5:2:0:0:9, 9:3:0:0:11, 4:0:0:0:5, 3:0:0:0:4, 3:0:0:0:3, 2:0:0:0:2, 4:0:0:0:3, 2:0:0:0:1, 2:0:0:0:1, 2:0:0:0:1, 3:1:0:0:2, 0:0:0:0:0, 1:0:0:0:0, 5:1:0:0:9, 6:4:0:0:5, 3:0:0:0:2, 3:0:0:0:4, 4:0:0:0:3, 9:3:0:0:7, 3:0:0:0:2, 2:0:0:0:3, 2:0:0:0:2, 0:0:0:0:0, 0:0:0:0:0, 1:0:0:0:1, 2:0:0:0:2, 1:0:0:0:1, 1:0:0:0:1, 1:0:0:0:0, 3:0:0:0:5, 4:3:0:0:6, 2:0:0:0:2, 5:2:0:0:9, 9:3:0:0:8, 3:0:0:0:2, 4:0:0:0:4, 3:0:0:0:2, 4:0:0:0:5, 3:0:0:0:2, 1:0:0:0:0, 4:0:0:0:2, 2:0:0:0:1, 2:0:0:0:1, 0:0:0:0:0, 1:0:0:0:0, 3:0:0:0:5, 5:4:0:0:5, 3:0:0:0:2, 4:0:0:0:5, 4:0:0:0:5, 7:4:0:0:8, 4:0:0:0:4, 3:0:0:0:4, 2:0:0:0:2, 1:0:0:0:0, 0:0:0:0:0, 2:0:0:0:1, 2:0:0:0:1, 0:0:0:0:0, 0:0:0:0:0, 1:0:0:0:0, 3:0:0:0:4, 6:4:0:0:7, 4:0:0:0:5, 5:1:0:0:7, 7:3:0:0:8, 3:0:0:0:2, 2:0:0:0:2, 4:0:0:0:4, 2:0:0:0:2, 0:0:0:0:0, 1:0:0:0:1, 1:0:0:0:1, 3:0:0:0:2, 1:0:0:0:2, 0:0:0:0:0, 1:0:0:0:0, 3:0:0:0:3, 5:3:0:0:5, 5:0:1:0:2, 3:1:0:0:5, 4:0:0:0:3, 5:4:0:0:8, 4:1:0:0:5, 3:0:0:0:6, 2:0:0:0:3, 4:0:0:0:3, 1:0:0:0:0, 1:0:0:0:2, 4:0:0:0:4, 2:0:0:0:2, 3:0:0:0:1, 1:0:0:0:0, 3:0:0:0:3, 8:3:0:0:9, 4:1:0:0:3, 5:1:0:0:5, 7:4:0:0:8, 3:0:0:0:3, 2:0:0:0:2, 3:0:0:0:2, 2:0:0:0:2, 0:0:0:0:0, 0:0:0:0:0, 1:0:0:0:1, 2:0:0:0:1, 0:0:0:0:0, 1:0:0:0:0, 1:0:0:0:0, 3:0:0:0:3, 4:3:0:0:4, 2:0:0:0:1, 3:0:0:0:2, 3:0:0:0:4, 4:3:0:0:5, 2:0:0:0:1, 3:1:0:0:5, 3:0:0:0:5, 1:0:0:0:1, 2:0:2:0:2, 1:0:0:0:1, 3:0:0:0:2,  , 3:0:0:0:1, 1:0:0:0:0, 3:0:0:0:3, 9:3:0:0:7, 3:0:0:0:2, 5:2:0:0:8, 6:3:0:0:6, 3:0:0:0:4, 2:0:0:0:2, 3:0:0:0:2, 3:0:0:0:4, 4:0:0:0:3, 1:0:0:0:0, 2:0:0:0:2, 2:0:0:0:1, 2:0:0:0:2, 0:0:0:0:0, 1:0:0:0:0, 3:0:0:0:4, 6:3:0:0:6, 3:0:0:0:3, 3:0:0:0:4, 3:0:0:0:4, 9:4:0:0:9, 2:0:0:0:2, 4:0:0:0:5, 3:0:0:0:6, 0:0:0:0:0, 0:0:0:0:0, 3:0:0:0:1, 2:0:0:0:1, 2:0:0:0:1, 0:0:0:0:0, 2:0:0:0:1, 4:0:0:0:4, 6:3:0:0:5, 2:0:0:0:2, 5:1:0:0:7, 10:3:0:0:9, 4:0:0:0:6, 3:0:0:0:5, 2:0:0:0:2, 0:0:0:0:0, 0:0:0:0:0, 0:0:0:0:0, 0:0:0:0:0, 985:172:7:0:978
B locrian (5#), 2:0:0:0:0, 4:0:0:0:1, 5:0:0:0:1, 4:2:0:0:3, 5:2:0:0:5, 5:1:0:0:4, 5:0:0:0:1, 4:3:0:0:4, 6:4:0:0:4, 5:0:0:0:1, 1:0:0:0:2, 6:1:0:0:2, 4:2:0:0:2, 5:0:0:0:1, 1:0:0:0:2, 6:1:0:0:2, 4:1:0:0:1, 4:0:0:0:1, 5:0:0:0:1, 4:2:0:0:3, 5:2:0:0:5, 5:1:0:0:4, 5:0:0:0:1, 4:3:0:0:4, 6:4:0:0:4, 5:0:0:0:1, 1:0:0:0:2, 6:1:0:0:2, 4:3:0:0:3, 8:0:0:0:2, 5:2:0:0:4, 4:0:0:0:2, 3:0:0:0:0, 4:0:0:0:1, 1:0:0:0:1, 5:3:0:0:4, 5:2:0:0:6, 4:1:0:0:2, 2:0:0:0:3, 5:3:0:0:5, 7:5:0:0:7, 5:0:1:0:0, 2:0:0:0:1, 4:1:0:0:3, 4:1:0:0:1, 4:0:0:0:0, 0:0:0:0:0, 5:1:0:0:3, 3:1:0:0:1, 4:0:0:0:1, 5:0:0:0:1, 4:2:0:0:3, 6:2:0:0:4, 5:1:0:0:4, 5:0:0:0:1, 4:3:0:0:4, 7:3:0:0:4, 4:0:0:0:1, 1:0:0:0:2, 6:1:0:0:2, 5:2:0:0:2, 7:0:0:0:1, 5:2:0:0:3, 3:0:0:0:3, 6:2:0:0:4, 5:0:0:0:2, 4:0:0:0:1, 5:3:0:0:4, 5:3:0:0:6, 5:1:0:0:3, 3:0:0:0:1, 4:4:0:0:6, 7:5:0:0:7, 3:0:0:0:0, 0:0:0:0:0, 4:1:0:0:2, 4:1:0:0:1, 4:0:0:0:0, 2:0:0:0:0, 5:1:0:0:2, 3:1:0:0:1, 3:0:0:0:1, 2:0:0:0:0, 6:2:0:0:3, 6:2:0:0:3, 4:1:0:0:2, 2:0:0:0:1, 6:3:0:0:5, 5:4:0:0:4, 4:0:0:0:0, 0:0:0:0:0, 6:1:0:0:3, 6:2:0:0:2, 6:0:0:0:1, 5:2:0:0:3, 3:0:0:0:1, 5:2:0:0:3, 3:0:0:0:1, 3:0:0:0:1, 4:2:0:0:3, 6:4:0:0:5, 4:1:0:0:3, 1:0:0:0:1, 4:4:0:0:5, 6:7:0:0:7, 3:0:0:0:0, 0:0:0:0:0, 4:1:0:0:2, 3:1:0:0:1, 3:0:0:0:0, 2:0:0:0:0, 5:1:0:0:2, 6:2:0:0:3, 4:0:0:0:1, 4:0:0:0:2, 5:2:0:0:4, 7:4:0:0:6, 4:1:0:0:2, 4:0:0:0:0, 6:5:0:0:6, 6:4:0:0:4, 3:0:0:0:0, 1:0:0:0:0, 4:1:0:0:3, 5:3:0:0:3, 8:0:0:0:3, 6:2:0:0:5, 4:0:0:0:3, 5:2:0:0:4, 3:0:0:0:1, 3:0:0:0:2, 4:2:0:0:4, 5:4:0:0:6, 4:1:0:0:3,  , 6:3:0:0:5, 6:6:0:0:6, 3:0:0:0:0, 0:0:0:0:0, 6:2:0:0:3, 5:1:1:0:1, 3:0:0:0:0, 2:0:0:0:0, 6:2:0:0:3, 5:1:0:0:2, 5:3:0:0:4, 3:0:0:0:1, 5:3:0:0:4, 5:3:0:0:4, 4:1:0:0:2, 1:0:2:0:2, 7:3:0:0:5, 6:6:0:0:6, 5:1:0:0:1, 1:0:0:0:0, 6:2:0:0:4, 5:2:0:0:3, 6:0:0:0:2, 5:2:0:0:3, 5:0:0:0:3, 5:2:0:0:3, 3:0:0:0:2, 1:0:0:0:2, 4:2:0:0:4, 4:2:0:0:4, 4:1:0:0:3, 2:0:0:0:2, 4:3:0:0:5, 5:3:0:0:4, 3:0:0:0:0, 0:0:0:0:0, 4:1:0:0:3, 4:1:0:0:2, 3:0:0:0:0, 0:0:0:0:0, 4:1:0:0:3, 4:1:0:0:2, 4:0:0:0:2, 2:0:0:0:0, 5:3:0:0:5, 6:4:0:0:5, 5:1:0:0:2,  , 5:4:0:0:5, 5:5:0:0:5, 3:0:0:0:0, 0:0:0:0:0, 5:1:0:0:2, 6:3:0:0:3, 8:1:0:0:3, 6:2:0:0:5, 4:0:0:0:3, 5:2:0:0:4, 3:0:0:0:1, 5:0:0:0:1, 7:4:0:0:6, 5:4:0:0:6, 4:1:0:0:2, 3:0:0:0:0, 6:4:0:0:5, 6:4:0:0:4, 4:0:0:0:0, 2:0:1:0:2, 5:1:0:0:2, 5:1:0:0:2, 5:0:0:0:0, 5:0:0:0:1, 5:1:0:0:3, 4:1:0:0:3, 3:0:0:0:2, 2:0:0:0:2, 4:2:0:0:3, 4:2:0:0:3, 4:1:0:0:2, 2:0:0:0:2, 5:4:0:0:6, 4:3:0:0:3, 3:0:0:0:0, 0:0:0:0:0, 4:1:0:0:3, 5:2:0:0:3, 8:0:0:0:1, 5:2:0:0:3, 5:0:0:0:4, 5:2:0:0:3, 5:0:0:0:4, 3:0:0:0:4, 5:3:0:0:7, 6:4:0:0:5, 4:1:0:0:3, 4:0:0:0:1, 6:4:0:0:6, 6:7:0:0:7, 4:0:0:0:1, 1:0:0:0:0, 5:1:0:0:2, 5:2:0:0:2, 4:0:0:0:2, 4:0:0:0:0, 6:1:0:0:3, 6:2:0:0:3, 3:0:0:0:2, 2:0:0:0:2, 5:2:0:0:3, 6:4:0:0:5, 5:1:0:0:4, 0:0:0:0:0, 5:3:0:0:4, 7:4:0:0:5, 3:0:0:0:0, 3:0:0:0:0, 6:1:0:0:3, 6:3:0:0:5, 6:0:0:0:2, 5:2:0:0:3, 3:0:0:0:1, 6:2:0:0:5, 3:0:0:0:2, 2:0:0:0:3, 5:3:0:0:5, 5:2:0:0:3, 4:1:0:0:3, 2:0:0:0:2, 4:3:0:0:5, 5:4:0:0:5, 3:0:0:0:0, 1:0:0:0:0, 8:1:0:0:2, 6:2:0:0:3, 5:0:0:0:1, 2:0:0:0:0, 6:2:0:0:3, 5:1:0:0:3, 3:0:0:0:2, 6:0:0:0:1, 5:2:0:0:4, 6:5:0:0:6, 6:1:0:0:3, 5:0:0:0:1, 9:3:2:0:7, 5:7:0:0:7, 3:0:0:0:0, 4:0:0:0:0, 6:1:0:0:2, 4:2:0:0:2, 7:0:0:0:1, 5:2:0:0:4, 3:0:0:0:2, 5:2:0:0:3, 3:0:0:0:1, 1:0:0:0:0, 4:2:0:0:3, 5:3:0:0:4, 4:1:0:0:2, 0:0:0:0:0, 5:3:0:0:4, 4:3:0:0:3, 3:0:0:0:0, 0:0:0:0:0, 4:1:0:0:2, 4:1:0:0:1, 3:0:0:0:0, 0:0:0:0:0, 4:1:0:0:2, 5:1:0:0:2, 4:0:0:0:1, 0:0:0:0:0, 6:5:2:0:6, 4:2:0:0:3, 5:2:0:0:3,  , 8:6:0:0:7, 5:3:0:0:3, 3:0:0:0:0, 3:0:0:0:3, 5:1:0:0:4, 4:2:0:0:2, 6:0:0:0:1, 5:2:0:0:4, 3:0:0:0:2, 5:2:0:0:3, 4:0:0:0:1, 5:0:0:0:2, 5:2:0:0:4, 7:4:0:0:7, 4:1:0:0:2, 4:1:0:0:1, 6:4:1:0:7, 5:3:0:0:4, 3:0:0:0:0, 2:0:0:0:0, 5:1:0:0:3, 4:1:0:0:1, 4:0:0:0:1, 6:1:0:0:2, 5:1:0:0:4, 6:1:0:0:2, 4:0:0:0:2, 2:0:0:0:1, 4:2:0:0:3, 8:2:2:0:6, 5:5:0:0:6, 4:0:0:0:1, 4:3:0:0:4, 6:3:0:0:4, 4:0:0:0:0, 2:0:0:0:0, 4:1:0:0:2, 5:2:0:0:3, 9:0:0:0:3, 6:2:0:0:4, 5:1:0:0:5, 6:2:0:0:3, 1:0:0:0:0, 1:0:0:0:0, 1:0:0:0:0, 1:0:0:0:0, 1503:463:12:0:875
Gb major (6b), 3:0:0:0:2, 4:0:0:0:6, 4:0:1:0:2, 1:0:0:0:0, 3:0:0:0:3, 3:0:0:0:7, 4:0:0:0:2, 0:0:0:0:0, 2:0:0:0:3, 4:0:0:0:4, 5:4:0:0:5, 4:0:0:0:4, 4:0:0:0:5, 4:0:0:0:4, 6:4:0:0:5, 5:1:0:0:5, 4:0:0:0:4, 4:0:0:0:6, 4:0:1:0:2, 1:0:0:0:0, 3:0:0:0:3, 3:0:0:0:7, 4:0:0:0:2, 0:0:0:0:0, 2:0:0:0:3, 4:0:0:0:4, 6:4:0:0:5, 4:0:0:0:4, 5:1:0:0:10, 9:4:0:0:8, 4:0:0:0:7, 4:0:0:0:4, 3:0:0:0:2, 5:0:0:0:5, 0:0:0:0:0, 2:0:0:0:1, 2:0:0:0:3, 2:0:0:0:3, 1:0:0:0:1, 1:0:0:0:1, 2:0:0:0:5, 6:0:0:0:4, 6:3:0:0:5, 2:0:0:0:2, 4:0:0:0:4, 5:0:0:0:4, 4:3:0:0:4, 3:0:0:0:3, 3:0:0:0:2, 4:0:0:0:7, 4:0:1:0:2, 1:0:0:0:0, 3:0:0:0:2, 3:0:0:0:7, 4:0:0:0:2, 0:0:0:0:0, 3:0:0:0:4, 4:0:0:0:5, 6:4:0:0:5, 4:0:0:0:4, 6:1:0:0:10, 8:3:0:0:8, 4:0:0:0:5, 3:0:0:0:2, 5:0:0:0:5, 5:0:0:0:7, 3:0:0:0:3, 2:0:0:0:2, 2:0:0:0:3, 3:0:0:0:3, 2:0:0:0:3, 0:0:0:0:0, 2:0:0:0:3, 4:0:0:0:5, 5:3:0:0:4, 2:0:0:0:2, 4:0:0:0:3, 5:0:0:0:6, 6:3:0:0:7, 3:0:0:0:2, 3:0:0:0:2, 3:0:0:0:2, 2:0:0:0:2, 4:0:0:0:3, 2:0:0:0:1, 3:0:0:0:2, 1:0:0:0:2, 0:0:0:0:0, 1:0:0:0:1, 5:0:0:0:6, 4:3:0:0:4, 4:0:0:0:5, 5:3:0:0:12, 7:3:0:0:6, 4:0:0:0:4, 3:0:0:0:2, 4:0:0:0:4, 3:0:0:0:2, 2:0:0:0:1, 1:0:0:0:0, 4:0:0:0:3, 2:0:0:0:3, 0:0:0:0:0, 0:0:0:0:0, 2:0:0:0:2, 4:0:0:0:5, 4:3:0:0:4, 2:0:0:0:4, 3:0:0:0:5, 4:0:0:0:4, 6:3:0:0:6, 2:0:0:0:2, 5:0:0:0:7, 4:0:0:0:6, 4:0:0:0:5, 2:0:0:0:1, 3:0:0:0:2, 2:0:0:0:3, 4:1:0:0:4, 3:0:0:0:1, 3:0:0:0:2, 4:0:0:0:6, 5:3:0:0:5, 2:0:0:0:4, 6:1:0:0:8, 10:3:0:0:9, 5:0:0:0:9, 4:0:0:0:7, 4:0:0:0:6, 3:0:0:0:4, 2:0:0:0:2, 2:0:0:0:1, 2:0:0:0:1, 2:0:0:0:3,  , 1:0:0:0:1, 2:0:0:0:2, 4:0:0:0:4, 4:3:0:0:4, 4:0:0:0:6, 5:0:0:0:6, 4:0:0:0:8, 6:4:0:0:6, 4:0:0:0:5, 4:0:0:0:5, 5:1:0:0:6, 3:0:0:0:5, 2:0:0:0:1, 2:0:0:0:1, 2:0:0:0:2, 1:0:0:0:0, 4:0:0:0:3, 2:0:0:0:2, 5:1:0:0:5, 5:3:0:0:5, 4:0:0:0:6, 5:1:0:0:11, 7:3:0:0:6, 4:0:0:0:4, 4:0:0:0:5, 4:0:0:0:4, 3:0:0:0:3, 1:0:0:0:2, 1:0:0:0:0, 1:0:0:0:2, 2:0:0:0:3, 1:0:0:0:2, 0:0:0:0:0, 1:0:0:0:1, 4:0:0:0:4, 4:3:0:0:4, 2:0:0:0:2, 3:0:0:0:4, 4:0:0:0:6, 4:4:0:0:5, 2:0:0:0:3, 3:0:0:0:4, 4:0:0:0:5, 2:0:0:0:1, 2:0:0:0:2, 2:0:0:0:2, 3:0:0:0:2,  , 1:0:0:0:0, 1:0:0:0:2, 4:0:0:0:6, 4:4:0:0:5, 3:0:0:0:5, 6:2:0:0:12, 10:3:0:0:11, 5:0:0:0:9, 4:0:0:0:5, 4:0:0:0:5, 3:0:0:0:2, 5:0:0:0:4, 3:0:0:0:3, 2:0:0:0:2, 2:0:0:0:2, 3:1:0:0:4, 1:0:0:0:0, 2:0:0:0:1, 6:1:0:0:8, 7:4:0:0:5, 4:0:0:0:3, 4:0:0:0:6, 5:0:0:0:5, 10:3:0:0:7, 3:0:0:0:4, 3:0:0:0:6, 3:0:0:0:2, 1:0:0:0:0, 1:0:0:0:0, 1:0:0:0:1, 2:0:0:0:3, 1:0:0:0:1, 1:0:0:0:1, 1:0:0:0:1, 4:0:0:0:6, 4:3:0:0:4, 2:0:0:0:4, 5:2:0:0:12, 10:3:0:0:8, 4:0:0:0:4, 5:0:0:0:5, 4:0:0:0:4, 5:0:0:0:6, 3:0:0:0:3, 2:0:0:0:1, 4:0:0:0:3, 2:0:0:0:4, 3:0:0:0:3, 1:0:0:0:0, 2:0:0:0:2, 4:0:0:0:8, 6:4:0:0:5, 3:0:0:0:4, 5:0:0:0:8, 5:0:0:0:6, 8:4:0:0:9, 5:0:0:0:8, 4:0:0:0:7, 3:0:0:0:2, 1:0:0:0:1, 1:0:0:0:0, 3:0:0:0:1, 2:0:0:0:3, 0:0:0:0:0, 1:0:0:0:0, 2:0:0:0:2, 4:0:0:0:6, 7:4:0:0:7, 5:0:0:0:7, 5:1:0:0:11, 8:3:0:0:8, 4:0:0:0:4, 3:0:0:0:2, 5:0:0:0:7, 3:0:0:0:2, 1:0:0:0:0, 2:0:0:0:1, 1:0:0:0:1, 3:0:0:0:3, 1:0:0:0:2, 0:0:0:0:0, 1:0:0:0:1, 4:0:0:0:4, 5:3:0:0:5, 4:0:0:0:3, 4:1:0:0:9, 5:0:0:0:4, 6:4:0:0:8, 4:1:0:0:7, 4:0:0:0:7, 3:0:0:0:3, 5:0:0:0:5, 2:0:0:0:1, 2:0:0:0:2, 5:0:0:0:7, 3:0:0:0:2, 4:0:0:0:2, 1:0:0:0:3, 4:0:0:0:5, 9:3:0:0:8, 4:1:0:0:5, 5:1:0:0:7, 8:4:0:0:9, 4:0:0:0:6, 3:0:0:0:2, 4:0:0:0:4, 3:0:0:0:2, 1:0:0:0:0, 1:0:0:0:0, 2:0:0:0:1, 2:0:0:0:2, 0:0:0:0:0, 1:0:0:0:1, 1:0:0:0:2, 4:0:0:0:4, 4:3:0:0:4, 2:0:0:0:2, 4:0:0:0:3, 4:0:0:0:5, 4:3:0:0:4, 2:0:0:0:5, 4:1:0:0:7, 4:0:0:0:5, 1:0:0:0:1, 3:0:2:0:2, 1:0:0:0:1, 3:0:0:0:4,  , 4:0:0:0:2, 2:0:0:0:1, 4:0:0:0:4, 9:3:0:0:8, 4:0:0:0:3, 5:2:0:0:10, 7:3:0:0:6, 4:0:0:0:7, 3:0:0:0:2, 4:0:0:0:4, 4:0:0:0:5, 5:0:0:0:4, 2:0:0:0:1, 3:0:0:0:3, 2:0:0:0:3, 3:0:0:0:4, 1:0:0:0:0, 1:0:0:0:1, 4:0:0:0:5, 6:3:0:0:5, 3:0:0:0:5, 4:0:0:0:6, 4:0:0:0:6, 10:4:0:0:10, 2:0:0:0:3, 5:0:0:0:7, 4:0:0:0:8, 1:0:0:0:0, 1:0:0:0:0, 4:0:0:0:2, 2:0:0:0:4, 3:0:0:0:2, 0:0:0:0:0, 2:0:0:0:3, 5:0:0:0:6, 7:3:0:0:6, 2:0:0:0:5, 5:1:0:0:9, 11:3:0:0:10, 5:0:0:0:9, 4:0:0:0:6, 3:0:0:0:2, 1:0:0:0:0, 1:0:0:0:0, 1:0:0:0:0, 1:0:0:0:0, 1202:173:5:0:1347
F# major (6#), 3:0:0:0:1, 5:0:0:0:4, 5:0:0:0:1, 4:2:0:0:4, 6:2:0:0:4, 5:1:0:0:2, 4:0:0:0:1, 4:3:0:0:4, 6:4:0:0:4, 6:0:0:0:3, 0:0:0:0:0, 6:1:0:0:3, 5:2:0:0:3, 6:0:0:0:3, 0:0:0:0:0, 6:1:0:0:3, 5:1:0:0:3, 5:0:0:0:4, 5:0:0:0:1, 4:2:0:0:4, 6:2:0:0:4, 5:1:0:0:2, 4:0:0:0:1, 4:3:0:0:4, 6:4:0:0:4, 6:0:0:0:3, 0:0:0:0:0, 6:1:0:0:3, 5:3:0:0:3, 7:0:0:0:4, 6:2:0:0:6, 5:0:0:0:3, 3:0:0:0:3, 5:0:0:0:3, 0:0:0:0:0, 5:3:0:0:5, 5:2:0:0:3, 4:1:0:0:2, 1:0:0:0:0, 5:3:0:0:4, 7:5:0:0:5, 6:0:0:0:1, 1:0:0:0:0, 4:1:0:0:2, 5:1:0:0:2, 5:0:0:0:1, 0:0:0:0:0, 5:1:0:0:2, 4:1:0:0:2, 5:0:0:0:4, 5:0:0:0:1, 4:2:0:0:4, 6:2:0:0:4, 5:1:0:0:2, 4:0:0:0:1, 4:3:0:0:4, 7:3:0:0:3, 5:0:0:0:2, 0:0:0:0:0, 6:1:0:0:3, 6:2:0:0:3, 7:0:0:0:3, 6:2:0:0:4, 4:0:0:0:5, 7:2:0:0:6, 6:0:0:0:4, 3:0:0:0:3, 5:3:0:0:5, 5:3:0:0:4, 5:1:0:0:2, 2:0:0:0:0, 4:4:0:0:5, 7:5:0:0:5, 4:0:0:0:2, 0:0:0:0:0, 4:1:0:0:2, 5:1:0:0:2, 5:0:0:0:1, 2:0:0:0:0, 5:1:0:0:3, 4:1:0:0:2, 4:0:0:0:2, 2:0:0:0:0, 6:2:0:0:4, 6:2:0:0:3, 4:1:0:0:2, 1:0:0:0:0, 6:3:0:0:4, 5:4:0:0:4, 5:0:0:0:1, 0:0:0:0:0, 6:1:0:0:2, 7:2:0:0:2, 6:0:0:0:2, 6:2:0:0:4, 4:0:0:0:2, 6:2:0:0:4, 4:0:0:0:3, 2:0:0:0:1, 4:2:0:0:4, 6:4:0:0:5, 4:1:0:0:2, 0:0:0:0:0, 4:4:0:0:5, 6:7:0:0:8, 4:0:0:0:1, 0:0:0:0:0, 4:1:0:0:2, 4:1:0:0:2, 4:0:0:0:2, 3:0:0:0:0, 5:1:0:0:2, 7:2:0:0:5, 5:0:0:0:2, 4:2:2:0:3, 5:2:0:0:5, 7:4:0:0:6, 4:1:0:0:2, 4:0:0:0:1, 6:5:0:0:7, 6:4:0:0:5, 4:0:0:0:2, 1:0:0:0:0, 4:1:0:0:2, 6:3:0:0:3, 8:1:1:0:3, 7:2:0:0:6, 5:0:0:0:5, 6:2:0:0:6, 4:0:0:0:4, 2:0:0:0:2, 4:2:0:0:8, 5:4:0:0:8, 4:1:0:0:2,  , 6:3:0:0:4, 6:6:0:0:7, 4:0:0:0:1, 0:0:0:0:0, 6:2:0:0:4, 6:1:0:0:2, 4:0:0:0:2, 2:0:0:0:2, 6:2:0:0:4, 6:1:0:0:5, 6:3:0:0:6, 3:2:2:0:2, 5:3:0:0:7, 5:3:0:0:6, 4:1:0:0:2, 1:0:2:0:0, 8:3:0:0:5, 6:6:0:0:7, 6:1:0:0:2, 1:0:0:0:0, 6:2:0:0:4, 6:2:0:0:3, 6:0:0:0:2, 6:2:0:0:4, 6:0:0:0:4, 6:2:0:0:5, 4:0:0:0:3, 1:2:2:0:2, 4:2:0:0:5, 4:2:0:0:3, 4:1:0:0:2, 1:0:0:0:0, 4:3:0:0:4, 5:3:0:0:3, 4:0:0:0:3, 0:0:0:0:0, 4:1:0:0:2, 5:1:0:0:3, 4:0:0:0:2, 0:0:0:0:0, 4:1:0:0:2, 5:1:0:0:3, 5:0:0:0:3, 2:0:0:0:2, 5:3:0:0:6, 6:4:0:0:6, 5:1:0:0:3,  , 5:4:0:0:6, 5:5:0:0:5, 4:0:0:0:1, 0:0:0:0:0, 5:1:0:0:2, 7:3:0:0:5, 9:1:0:0:4, 7:2:0:0:5, 5:0:0:0:5, 6:2:0:0:4, 4:0:0:0:2, 5:0:0:0:1, 7:4:0:0:8, 5:4:0:0:5, 4:1:0:0:2, 3:0:0:0:0, 6:4:0:0:6, 6:4:0:0:5, 5:0:0:0:2, 1:0:1:0:0, 6:1:0:0:3, 6:1:0:0:3, 6:0:0:0:2, 5:0:0:0:3, 5:1:0:0:2, 5:1:0:0:4, 4:0:0:0:6, 1:0:0:0:4, 4:2:0:0:6, 4:2:0:0:3, 4:1:0:0:2, 1:0:0:0:0, 6:4:0:0:6, 4:3:0:0:3, 4:0:0:0:3, 0:0:0:0:0, 4:1:0:0:2, 6:2:0:0:3, 9:0:0:0:2, 6:2:0:0:4, 6:0:0:0:5, 6:2:0:0:4, 6:0:0:0:6, 3:1:1:0:1, 5:3:0:0:9, 6:4:0:0:5, 4:1:0:0:2, 3:0:0:0:1, 6:4:0:0:6, 6:7:0:0:8, 5:0:0:0:2, 1:0:0:0:1, 5:1:0:0:2, 6:2:0:0:4, 5:0:0:0:4, 4:0:0:0:1, 7:1:0:0:3, 7:2:0:0:4, 4:0:0:0:3, 1:0:0:0:0, 5:2:0:0:4, 6:4:0:0:6, 5:1:0:0:2, 0:0:0:0:0, 5:3:0:0:5, 7:4:0:0:5, 4:0:0:0:2, 3:0:0:0:1, 7:1:0:0:4, 7:3:0:0:5, 7:0:0:0:3, 6:2:0:0:4, 4:0:0:0:2, 7:2:0:0:8, 4:0:0:0:3, 1:0:0:0:2, 5:3:0:0:8, 5:2:0:0:3, 5:1:0:0:3, 1:0:0:0:0, 4:3:0:0:4, 5:4:0:0:5, 4:0:0:0:2, 1:0:0:0:0, 8:1:0:0:2, 7:2:0:0:3, 6:0:0:0:1, 2:0:0:0:1, 6:2:0:0:3, 6:1:0:0:4, 4:0:0:0:3, 6:1:1:0:2, 5:2:0:0:5, 6:5:0:0:7, 7:1:0:0:3, 4:0:0:0:1, 9:3:2:0:4, 5:7:0:0:7, 4:0:0:0:2, 5:0:0:0:1, 6:1:0:0:2, 5:2:0:0:2, 7:0:0:0:2, 6:2:0:0:4, 4:0:0:0:6, 6:2:0:0:4, 4:0:0:0:3, 1:0:0:0:2, 4:2:0:0:5, 5:3:0:0:5, 4:1:0:0:2, 0:0:0:0:0, 5:3:0:0:4, 4:3:0:0:3, 4:0:0:0:1, 0:0:0:0:0, 4:1:0:0:2, 5:1:0:0:3, 4:0:0:0:1, 0:0:0:0:0, 4:1:0:0:2, 6:1:0:0:2, 5:0:0:0:3, 1:0:0:0:0, 6:5:2:0:9, 4:2:0:0:3, 5:2:0:0:3,  , 8:6:0:0:8, 5:3:0:0:4, 4:0:0:0:2, 3:2:2:0:2, 6:1:0:0:3, 5:2:0:0:2, 6:0:0:0:2, 6:2:0:0:5, 4:0:0:0:3, 6:2:0:0:4, 5:0:0:0:3, 5:1:1:0:2, 5:2:0:0:5, 7:4:0:0:6, 4:1:0:0:2, 4:1:0:0:2, 6:4:1:0:5, 5:3:0:0:3, 4:0:0:0:2, 2:0:0:0:0, 5:1:0:0:2, 5:1:0:0:2, 5:0:0:0:3, 5:1:0:0:2, 5:1:0:0:2, 7:1:0:0:4, 5:0:0:0:4, 1:0:0:0:1, 4:2:0:0:4, 8:2:2:0:3, 5:5:0:0:6, 3:0:0:0:1, 4:3:0:0:4, 6:3:0:0:3, 5:0:0:0:2, 2:0:0:0:1, 4:1:0:0:2, 6:2:0:0:3, 9:1:1:0:3, 7:2:0:0:6, 6:1:0:0:8, 6:2:0:0:5, 1:0:0:0:1, 1:0:0:0:1, 1:0:0:0:1, 1:0:0:0:1, 1610:476:23:0:1063
Eb minor (6b), 3:0:0:0:2, 4:0:0:0:6, 4:0:1:0:2, 1:0:0:0:0, 3:0:0:0:3, 3:0:0:0:7, 4:0:0:0:2, 0:0:0:0:0, 2:0:0:0:3, 4:0:0:0:4, 5:4:0:0:5, 4:0:0:0:4, 4:0:0:0:5, 4:0:0:0:4, 6:4:0:0:5, 5:1:0:0:5, 4:0:0:0:4, 4:0:0:0:6, 4:0:1:0:2, 1:0:0:0:0, 3:0:0:0:3, 3:0:0:0:7, 4:0:0:0:2, 0:0:0:0:0, 2:0:0:0:3, 4:0:0:0:4, 6:4:0:0:5, 4:0:0:0:4, 5:1:0:0:10, 9:4:0:0:8, 4:0:0:0:7, 4:0:0:0:4, 3:0:0:0:2, 5:0:0:0:5, 0:0:0:0:0, 2:0:0:0:1, 2:0:0:0:3, 2:0:0:0:3, 1:0:0:0:1, 1:0:0:0:1, 2:0:0:0:5, 6:0:0:0:4, 6:3:0:0:5, 2:0:0:0:2, 4:0:0:0:4, 5:0:0:0:4, 4:3:0:0:4, 3:0:0:0:3, 3:0:0:0:2, 4:0:0:0:7, 4:0:1:0:2, 1:0:0:0:0, 3:0:0:0:2, 3:0:0:0:7, 4:0:0:0:2, 0:0:0:0:0, 3:0:0:0:4, 4:0:0:0:5, 6:4:0:0:5, 4:0:0:0:4, 6:1:0:0:10, 8:3:0:0:8, 4:0:0:0:5, 3:0:0:0:2, 5:0:0:0:5, 5:0:0:0:7, 3:0:0:0:3, 2:0:0:0:2, 2:0:0:0:3, 3:0:0:0:3, 2:0:0:0:3, 0:0:0:0:0, 2:0:0:0:3, 4:0:0:0:5, 5:3:0:0:4, 2:0:0:0:2, 4:0:0:0:3, 5:0:0:0:6, 6:3:0:0:7, 3:0:0:0:2, 3:0:0:0:2, 3:0:0:0:2, 2:0:0:0:2, 4:0:0:0:3, 2:0:0:0:1, 3:0:0:0:2, 1:0:0:0:2, 0:0:0:0:0, 1:0:0:0:1, 5:0:0:0:6, 4:3:0:0:4, 4:0:0:0:5, 5:3:0:0:12, 7:3:0:0:6, 4:0:0:0:4, 3:0:0:0:2, 4:0:0:0:4, 3:0:0:0:2, 2:0:0:0:1, 1:0:0:0:0, 4:0:0:0:3, 2:0:0:0:3, 0:0:0:0:0, 0:0:0:0:0, 2:0:0:0:2, 4:0:0:0:5, 4:3:0:0:4, 2:0:0:0:4, 3:0:0:0:5, 4:0:0:0:4, 6:3:0:0:6, 2:0:0:0:2, 5:0:0:0:7, 4:0:0:0:6, 4:0:0:0:5, 2:0:0:0:1, 3:0:0:0:2, 2:0:0:0:3, 4:1:0:0:4, 3:0:0:0:1, 3:0:0:0:2, 4:0:0:0:6, 5:3:0:0:5, 2:0:0:0:4, 6:1:0:0:8, 10:3:0:0:9, 5:0:0:0:9, 4:0:0:0:7, 4:0:0:0:6, 3:0:0:0:4, 2:0:0:0:2, 2:0:0:0:1, 2:0:0:0:1, 2:0:0:0:3,  , 1:0:0:0:1, 2:0:0:0:2, 4:0:0:0:4, 4:3:0:0:4, 4:0:0:0:6, 5:0:0:0:6, 4:0:0:0:8, 6:4:0:0:6, 4:0:0:0:5, 4:0:0:0:5, 5:1:0:0:6, 3:0:0:0:5, 2:0:0:0:1, 2:0:0:0:1, 2:0:0:0:2, 1:0:0:0:0, 4:0:0:0:3, 2:0:0:0:2, 5:1:0:0:5, 5:3:0:0:5, 4:0:0:0:6, 5:1:0:0:11, 7:3:0:0:6, 4:0:0:0:4, 4:0:0:0:5, 4:0:0:0:4, 3:0:0:0:3, 1:0:0:0:2, 1:0:0:0:0, 1:0:0:0:2, 2:0:0:0:3, 1:0:0:0:2, 0:0:0:0:0, 1:0:0:0:1, 4:0:0:0:4, 4:3:0:0:4, 2:0:0:0:2, 3:0:0:0:4, 4:0:0:0:6, 4:4:0:0:5, 2:0:0:0:3, 3:0:0:0:4, 4:0:0:0:5, 2:0:0:0:1, 2:0:0:0:2, 2:0:0:0:2, 3:0:0:0:2,  , 1:0:0:0:0, 1:0:0:0:2, 4:0:0:0:6, 4:4:0:0:5, 3:0:0:0:5, 6:2:0:0:12, 10:3:0:0:11, 5:0:0:0:9, 4:0:0:0:5, 4:0:0:0:5, 3:0:0:0:2, 5:0:0:0:4, 3:0:0:0:3, 2:0:0:0:2, 2:0:0:0:2, 3:1:0:0:4, 1:0:0:0:0, 2:0:0:0:1, 6:1:0:0:8, 7:4:0:0:5, 4:0:0:0:3, 4:0:0:0:6, 5:0:0:0:5, 10:3:0:0:7, 3:0:0:0:4, 3:0:0:0:6, 3:0:0:0:2, 1:0:0:0:0, 1:0:0:0:0, 1:0:0:0:1, 2:0:0:0:3, 1:0:0:0:1, 1:0:0:0:1, 1:0:0:0:1, 4:0:0:0:6, 4:3:0:0:4, 2:0:0:0:4, 5:2:0:0:12, 10:3:0:0:8, 4:0:0:0:4, 5:0:0:0:5, 4:0:0:0:4, 5:0:0:0:6, 3:0:0:0:3, 2:0:0:0:1, 4:0:0:0:3, 2:0:0:0:4, 3:0:0:0:3, 1:0:0:0:0, 2:0:0:0:2, 4:0:0:0:8, 6:4:0:0:5, 3:0:0:0:4, 5:0:0:0:8, 5:0:0:0:6, 8:4:0:0:9, 5:0:0:0:8, 4:0:0:0:7, 3:0:0:0:2, 1:0:0:0:1, 1:0:0:0:0, 3:0:0:0:1, 2:0:0:0:3, 0:0:0:0:0, 1:0:0:0:0, 2:0:0:0:2, 4:0:0:0:6, 7:4:0:0:7, 5:0:0:0:7, 5:1:0:0:11, 8:3:0:0:8, 4:0:0:0:4, 3:0:0:0:2, 5:0:0:0:7, 3:0:0:0:2, 1:0:0:0:0, 2:0:0:0:1, 1:0:0:0:1, 3:0:0:0:3, 1:0:0:0:2, 0:0:0:0:0, 1:0:0:0:1, 4:0:0:0:4, 5:3:0:0:5, 4:0:0:0:3, 4:1:0:0:9, 5:0:0:0:4, 6:4:0:0:8, 4:1:0:0:7, 4:0:0:0:7, 3:0:0:0:3, 5:0:0:0:5, 2:0:0:0:1, 2:0:0:0:2, 5:0:0:0:7, 3:0:0:0:2, 4:0:0:0:2, 1:0:0:0:3, 4:0:0:0:5, 9:3:0:0:8, 4:1:0:0:5, 5:1:0:0:7, 8:4:0:0:9, 4:0:0:0:6, 3:0:0:0:2, 4:0:0:0:4, 3:0:0:0:2, 1:0:0:0:0, 1:0:0:0:0, 2:0:0:0:1, 2:0:0:0:2, 0:0:0:0:0, 1:0:0:0:1, 1:0:0:0:2, 4:0:0:0:4, 4:3:0:0:4, 2:0:0:0:2, 4:0:0:0:3, 4:0:0:0:5, 4:3:0:0:4, 2:0:0:0:5, 4:1:0:0:7, 4:0:0:0:5, 1:0:0:0:1, 3:0:2:0:2, 1:0:0:0:1, 3:0:0:0:4,  , 4:0:0:0:2, 2:0:0:0:1, 4:0:0:0:4, 9:3:0:0:8, 4:0:0:0:3, 5:2:0:0:10, 7:3:0:0:6, 4:0:0:0:7, 3:0:0:0:2, 4:0:0:0:4, 4:0:0:0:5, 5:0:0:0:4, 2:0:0:0:1, 3:0:0:0:3, 2:0:0:0:3, 3:0:0:0:4, 1:0:0:0:0, 1:0:0:0:1, 4:0:0:0:5, 6:3:0:0:5, 3:0:0:0:5, 4:0:0:0:6, 4:0:0:0:6, 10:4:0:0:10, 2:0:0:0:3, 5:0:0:0:7, 4:0:0:0:8, 1:0:0:0:0, 1:0:0:0:0, 4:0:0:0:2, 2:0:0:0:4, 3:0:0:0:2, 0:0:0:0:0, 2:0:0:0:3, 5:0:0:0:6, 7:3:0:0:6, 2:0:0:0:5, 5:1:0:0:9, 11:3:0:0:10, 5:0:0:0:9, 4:0:0:0:6, 3:0:0:0:2, 1:0:0:0:0, 1:0:0:0:0, 1:0:0:0:0, 1:0:0:0:0, 1202:173:5:0:1347
D# minor (6#), 3:0:0:0:1, 5:0:0:0:4, 5:0:0:0:1, 4:2:0:0:4, 6:2:0:0:4, 5:1:0:0:2, 4:0:0:0:1, 4:3:0:0:4, 6:4:0:0:4, 6:0:0:0:3, 0:0:0:0:0, 6:1:0:0:3, 5:2:0:0:3, 6:0:0:0:3, 0:0:0:0:0, 6:1:0:0:3, 5:1:0:0:3, 5:0:0:0:4, 5:0:0:0:1, 4:2:0:0:4, 6:2:0:0:4, 5:1:0:0:2, 4:0:0:0:1, 4:3:0:0:4, 6:4:0:0:4, 6:0:0:0:3, 0:0:0:0:0, 6:1:0:0:3, 5:3:0:0:3, 7:0:0:0:4, 6:2:0:0:6, 5:0:0:0:3, 3:0:0:0:3, 5:0:0:0:3, 0:0:0:0:0, 5:3:0:0:5, 5:2:0:0:3, 4:1:0:0:2, 1:0:0:0:0, 5:3:0:0:4, 7:5:0:0:5, 6:0:0:0:1, 1:0:0:0:0, 4:1:0:0:2, 5:1:0:0:2, 5:0:0:0:1, 0:0:0:0:0, 5:1:0:0:2, 4:1:0:0:2, 5:0:0:0:4, 5:0:0:0:1, 4:2:0:0:4, 6:2:0:0:4, 5:1:0:0:2, 4:0:0:0:1, 4:3:0:0:4, 7:3:0:0:3, 5:0:0:0:2, 0:0:0:0:0, 6:1:0:0:3, 6:2:0:0:3, 7:0:0:0:3, 6:2:0:0:4, 4:0:0:0:5, 7:2:0:0:6, 6:0:0:0:4, 3:0:0:0:3, 5:3:0:0:5, 5:3:0:0:4, 5:1:0:0:2, 2:0:0:0:0, 4:4:0:0:5, 7:5:0:0:5, 4:0:0:0:2, 0:0:0:0:0, 4:1:0:0:2, 5:1:0:0:2, 5:0:0:0:1, 2:0:0:0:0, 5:1:0:0:3, 4:1:0:0:2, 4:0:0:0:2, 2:0:0:0:0, 6:2:0:0:4, 6:2:0:0:3, 4:1:0:0:2, 1:0:0:0:0, 6:3:0:0:4, 5:4:0:0:4, 5:0:0:0:1, 0:0:0:0:0, 6:1:0:0:2, 7:2:0:0:2, 6:0:0:0:2, 6:2:0:0:4, 4:0:0:0:2, 6:2:0:0:4, 4:0:0:0:3, 2:0:0:0:1, 4:2:0:0:4, 6:4:0:0:5, 4:1:0:0:2, 0:0:0:0:0, 4:4:0:0:5, 6:7:0:0:8, 4:0:0:0:1, 0:0:0:0:0, 4:1:0:0:2, 4:1:0:0:2, 4:0:0:0:2, 3:0:0:0:0, 5:1:0:0:2, 7:2:0:0:5, 5:0:0:0:2, 4:2:2:0:3, 5:2:0:0:5, 7:4:0:0:6, 4:1:0:0:2, 4:0:0:0:1, 6:5:0:0:7, 6:4:0:0:5, 4:0:0:0:2, 1:0:0:0:0, 4:1:0:0:2, 6:3:0:0:3, 8:1:1:0:3, 7:2:0:0:6, 5:0:0:0:5, 6:2:0:0:6, 4:0:0:0:4, 2:0:0:0:2, 4:2:0:0:8, 5:4:0:0:8, 4:1:0:0:2,  , 6:3:0:0:4, 6:6:0:0:7, 4:0:0:0:1, 0:0:0:0:0, 6:2:0:0:4, 6:1:0:0:2, 4:0:0:0:2, 2:0:0:0:2, 6:2:0:0:4, 6:1:0:0:5, 6:3:0:0:6, 3:2:2:0:2, 5:3:0:0:7, 5:3:0:0:6, 4:1:0:0:2, 1:0:2:0:0, 8:3:0:0:5, 6:6:0:0:7, 6:1:0:0:2, 1:0:0:0:0, 6:2:0:0:4, 6:2:0:0:3, 6:0:0:0:2, 6:2:0:0:4, 6:0:0:0:4, 6:2:0:0:5, 4:0:0:0:3, 1:2:2:0:2, 4:2:0:0:5, 4:2:0:0:3, 4:1:0:0:2, 1:0:0:0:0, 4:3:0:0:4, 5:3:0:0:3, 4:0:0:0:3, 0:0:0:0:0, 4:1:0:0:2, 5:1:0:0:3, 4:0:0:0:2, 0:0:0:0:0, 4:1:0:0:2, 5:1:0:0:3, 5:0:0:0:3, 2:0:0:0:2, 5:3:0:0:6, 6:4:0:0:6, 5:1:0:0:3,  , 5:4:0:0:6, 5:5:0:0:5, 4:0:0:0:1, 0:0:0:0:0, 5:1:0:0:2, 7:3:0:0:5, 9:1:0:0:4, 7:2:0:0:5, 5:0:0:0:5, 6:2:0:0:4, 4:0:0:0:2, 5:0:0:0:1, 7:4:0:0:8, 5:4:0:0:5, 4:1:0:0:2, 3:0:0:0:0, 6:4:0:0:6, 6:4:0:0:5, 5:0:0:0:2, 1:0:1:0:0, 6:1:0:0:3, 6:1:0:0:3, 6:0:0:0:2, 5:0:0:0:3, 5:1:0:0:2, 5:1:0:0:4, 4:0:0:0:6, 1:0:0:0:4, 4:2:0:0:6, 4:2:0:0:3, 4:1:0:0:2, 1:0:0:0:0, 6:4:0:0:6, 4:3:0:0:3, 4:0:0:0:3, 0:0:0:0:0, 4:1:0:0:2, 6:2:0:0:3, 9:0:0:0:2, 6:2:0:0:4, 6:0:0:0:5, 6:2:0:0:4, 6:0:0:0:6, 3:1:1:0:1, 5:3:0:0:9, 6:4:0:0:5, 4:1:0:0:2, 3:0:0:0:1, 6:4:0:0:6, 6:7:0:0:8, 5:0:0:0:2, 1:0:0:0:1, 5:1:0:0:2, 6:2:0:0:4, 5:0:0:0:4, 4:0:0:0:1, 7:1:0:0:3, 7:2:0:0:4, 4:0:0:0:3, 1:0:0:0:0, 5:2:0:0:4, 6:4:0:0:6, 5:1:0:0:2, 0:0:0:0:0, 5:3:0:0:5, 7:4:0:0:5, 4:0:0:0:2, 3:0:0:0:1, 7:1:0:0:4, 7:3:0:0:5, 7:0:0:0:3, 6:2:0:0:4, 4:0:0:0:2, 7:2:0:0:8, 4:0:0:0:3, 1:0:0:0:2, 5:3:0:0:8, 5:2:0:0:3, 5:1:0:0:3, 1:0:0:0:0, 4:3:0:0:4, 5:4:0:0:5, 4:0:0:0:2, 1:0:0:0:0, 8:1:0:0:2, 7:2:0:0:3, 6:0:0:0:1, 2:0:0:0:1, 6:2:0:0:3, 6:1:0:0:4, 4:0:0:0:3, 6:1:1:0:2, 5:2:0:0:5, 6:5:0:0:7, 7:1:0:0:3, 4:0:0:0:1, 9:3:2:0:4, 5:7:0:0:7, 4:0:0:0:2, 5:0:0:0:1, 6:1:0:0:2, 5:2:0:0:2, 7:0:0:0:2, 6:2:0:0:4, 4:0:0:0:6, 6:2:0:0:4, 4:0:0:0:3, 1:0:0:0:2, 4:2:0:0:5, 5:3:0:0:5, 4:1:0:0:2, 0:0:0:0:0, 5:3:0:0:4, 4:3:0:0:3, 4:0:0:0:1, 0:0:0:0:0, 4:1:0:0:2, 5:1:0:0:3, 4:0:0:0:1, 0:0:0:0:0, 4:1:0:0:2, 6:1:0:0:2, 5:0:0:0:3, 1:0:0:0:0, 6:5:2:0:9, 4:2:0:0:3, 5:2:0:0:3,  , 8:6:0:0:8, 5:3:0:0:4, 4:0:0:0:2, 3:2:2:0:2, 6:1:0:0:3, 5:2:0:0:2, 6:0:0:0:2, 6:2:0:0:5, 4:0:0:0:3, 6:2:0:0:4, 5:0:0:0:3, 5:1:1:0:2, 5:2:0:0:5, 7:4:0:0:6, 4:1:0:0:2, 4:1:0:0:2, 6:4:1:0:5, 5:3:0:0:3, 4:0:0:0:2, 2:0:0:0:0, 5:1:0:0:2, 5:1:0:0:2, 5:0:0:0:3, 5:1:0:0:2, 5:1:0:0:2, 7:1:0:0:4, 5:0:0:0:4, 1:0:0:0:1, 4:2:0:0:4, 8:2:2:0:3, 5:5:0:0:6, 3:0:0:0:1, 4:3:0:0:4, 6:3:0:0:3, 5:0:0:0:2, 2:0:0:0:1, 4:1:0:0:2, 6:2:0:0:3, 9:1:1:0:3, 7:2:0:0:6, 6:1:0:0:8, 6:2:0:0:5, 1:0:0:0:1, 1:0:0:0:1, 1:0:0:0:1, 1:0:0:0:1, 1610:476:23:0:1063
Eb minor mel (6b), 3:0:0:0:2, 4:0:0:0:6, 4:0:1:0:2, 1:0:0:0:0, 3:0:0:0:3, 3:0:0:0:7, 4:0:0:0:2, 0:0:0:0:0, 2:0:0:0:3, 4:0:0:0:4, 5:4:0:0:5, 4:0:0:0:4, 4:0:0:0:5, 4:0:0:0:4, 6:4:0:0:5, 5:1:0:0:5, 4:0:0:0:4, 4:0:0:0:6, 4:0:1:0:2, 1:0:0:0:0, 3:0:0:0:3, 3:0:0:0:7, 4:0:0:0:2, 0:0:0:0:0, 2:0:0:0:3, 4:0:0:0:4, 6:4:0:0:5, 4:0:0:0:4, 5:1:0:0:10, 9:4:0:0:8, 4:0:0:0:7, 4:0:0:0:4, 3:0:0:0:2, 5:0:0:0:5, 0:0:0:0:0, 2:0:0:0:1, 2:0:0:0:3, 2:0:0:0:3, 1:0:0:0:1, 1:0:0:0:1, 2:0:0:0:5, 6:0:0:0:4, 6:3:0:0:5, 2:0:0:0:2, 4:0:0:0:4, 5:0:0:0:4, 4:3:0:0:4, 3:0:0:0:3, 3:0:0:0:2, 4:0:0:0:7, 4:0:1:0:2, 1:0:0:0:0, 3:0:0:0:2, 3:0:0:0:7, 4:0:0:0:2, 0:0:0:0:0, 3:0:0:0:4, 4:0:0:0:5, 6:4:0:0:5, 4:0:0:0:4, 6:1:0:0:10, 8:3:0:0:8, 4:0:0:0:5, 3:0:0:0:2, 5:0:0:0:5, 5:0:0:0:7, 3:0:0:0:3, 2:0:0:0:2, 2:0:0:0:3, 3:0:0:0:3, 2:0:0:0:3, 0:0:0:0:0, 2:0:0:0:3, 4:0:0:0:5, 5:3:0:0:4, 2:0:0:0:2, 4:0:0:0:3, 5:0:0:0:6, 6:3:0:0:7, 3:0:0:0:2, 3:0:0:0:2, 3:0:0:0:2, 2:0:0:0:2, 4:0:0:0:3, 2:0:0:0:1, 3:0:0:0:2, 1:0:0:0:2, 0:0:0:0:0, 1:0:0:0:1, 5:0:0:0:6, 4:3:0:0:4, 4:0:0:0:5, 5:3:0:0:12, 7:3:0:0:6, 4:0:0:0:4, 3:0:0:0:2, 4:0:0:0:4, 3:0:0:0:2, 2:0:0:0:1, 1:0:0:0:0, 4:0:0:0:3, 2:0:0:0:3, 0:0:0:0:0, 0:0:0:0:0, 2:0:0:0:2, 4:0:0:0:5, 4:3:0:0:4, 2:0:0:0:4, 3:0:0:0:5, 4:0:0:0:4, 6:3:0:0:6, 2:0:0:0:2, 5:0:0:0:7, 4:0:0:0:6, 4:0:0:0:5, 2:0:0:0:1, 3:0:0:0:2, 2:0:0:0:3, 4:1:0:0:4, 3:0:0:0:1, 3:0:0:0:2, 4:0:0:0:6, 5:3:0:0:5, 2:0:0:0:4, 6:1:0:0:8, 10:3:0:0:9, 5:0:0:0:9, 4:0:0:0:7, 4:0:0:0:6, 3:0:0:0:4, 2:0:0:0:2, 2:0:0:0:1, 2:0:0:0:1, 2:0:0:0:3,  , 1:0:0:0:1, 2:0:0:0:2, 4:0:0:0:4, 4:3:0:0:4, 4:0:0:0:6, 5:0:0:0:6, 4:0:0:0:8, 6:4:0:0:6, 4:0:0:0:5, 4:0:0:0:5, 5:1:0:0:6, 3:0:0:0:5, 2:0:0:0:1, 2:0:0:0:1, 2:0:0:0:2, 1:0:0:0:0, 4:0:0:0:3, 2:0:0:0:2, 5:1:0:0:5, 5:3:0:0:5, 4:0:0:0:6, 5:1:0:0:11, 7:3:0:0:6, 4:0:0:0:4, 4:0:0:0:5, 4:0:0:0:4, 3:0:0:0:3, 1:0:0:0:2, 1:0:0:0:0, 1:0:0:0:2, 2:0:0:0:3, 1:0:0:0:2, 0:0:0:0:0, 1:0:0:0:1, 4:0:0:0:4, 4:3:0:0:4, 2:0:0:0:2, 3:0:0:0:4, 4:0:0:0:6, 4:4:0:0:5, 2:0:0:0:3, 3:0:0:0:4, 4:0:0:0:5, 2:0:0:0:1, 2:0:0:0:2, 2:0:0:0:2, 3:0:0:0:2,  , 1:0:0:0:0, 1:0:0:0:2, 4:0:0:0:6, 4:4:0:0:5, 3:0:0:0:5, 6:2:0:0:12, 10:3:0:0:11, 5:0:0:0:9, 4:0:0:0:5, 4:0:0:0:5, 3:0:0:0:2, 5:0:0:0:4, 3:0:0:0:3, 2:0:0:0:2, 2:0:0:0:2, 3:1:0:0:4, 1:0:0:0:0, 2:0:0:0:1, 6:1:0:0:8, 7:4:0:0:5, 4:0:0:0:3, 4:0:0:0:6, 5:0:0:0:5, 10:3:0:0:7, 3:0:0:0:4, 3:0:0:0:6, 3:0:0:0:2, 1:0:0:0:0, 1:0:0:0:0, 1:0:0:0:1, 2:0:0:0:3, 1:0:0:0:1, 1:0:0:0:1, 1:0:0:0:1, 4:0:0:0:6, 4:3:0:0:4, 2:0:0:0:4, 5:2:0:0:12, 10:3:0:0:8, 4:0:0:0:4, 5:0:0:0:5, 4:0:0:0:4, 5:0:0:0:6, 3:0:0:0:3, 2:0:0:0:1, 4:0:0:0:3, 2:0:0:0:4, 3:0:0:0:3, 1:0:0:0:0, 2:0:0:0:2, 4:0:0:0:8, 6:4:0:0:5, 3:0:0:0:4, 5:0:0:0:8, 5:0:0:0:6, 8:4:0:0:9, 5:0:0:0:8, 4:0:0:0:7, 3:0:0:0:2, 1:0:0:0:1, 1:0:0:0:0, 3:0:0:0:1, 2:0:0:0:3, 0:0:0:0:0, 1:0:0:0:0, 2:0:0:0:2, 4:0:0:0:6, 7:4:0:0:7, 5:0:0:0:7, 5:1:0:0:11, 8:3:0:0:8, 4:0:0:0:4, 3:0:0:0:2, 5:0:0:0:7, 3:0:0:0:2, 1:0:0:0:0, 2:0:0:0:1, 1:0:0:0:1, 3:0:0:0:3, 1:0:0:0:2, 0:0:0:0:0, 1:0:0:0:1, 4:0:0:0:4, 5:3:0:0:5, 4:0:0:0:3, 4:1:0:0:9, 5:0:0:0:4, 6:4:0:0:8, 4:1:0:0:7, 4:0:0:0:7, 3:0:0:0:3, 5:0:0:0:5, 2:0:0:0:1, 2:0:0:0:2, 5:0:0:0:7, 3:0:0:0:2, 4:0:0:0:2, 1:0:0:0:3, 4:0:0:0:5, 9:3:0:0:8, 4:1:0:0:5, 5:1:0:0:7, 8:4:0:0:9, 4:0:0:0:6, 3:0:0:0:2, 4:0:0:0:4, 3:0:0:0:2, 1:0:0:0:0, 1:0:0:0:0, 2:0:0:0:1, 2:0:0:0:2, 0:0:0:0:0, 1:0:0:0:1, 1:0:0:0:2, 4:0:0:0:4, 4:3:0:0:4, 2:0:0:0:2, 4:0:0:0:3, 4:0:0:0:5, 4:3:0:0:4, 2:0:0:0:5, 4:1:0:0:7, 4:0:0:0:5, 1:0:0:0:1, 3:0:2:0:2, 1:0:0:0:1, 3:0:0:0:4,  , 4:0:0:0:2, 2:0:0:0:1, 4:0:0:0:4, 9:3:0:0:8, 4:0:0:0:3, 5:2:0:0:10, 7:3:0:0:6, 4:0:0:0:7, 3:0:0:0:2, 4:0:0:0:4, 4:0:0:0:5, 5:0:0:0:4, 2:0:0:0:1, 3:0:0:0:3, 2:0:0:0:3, 3:0:0:0:4, 1:0:0:0:0, 1:0:0:0:1, 4:0:0:0:5, 6:3:0:0:5, 3:0:0:0:5, 4:0:0:0:6, 4:0:0:0:6, 10:4:0:0:10, 2:0:0:0:3, 5:0:0:0:7, 4:0:0:0:8, 1:0:0:0:0, 1:0:0:0:0, 4:0:0:0:2, 2:0:0:0:4, 3:0:0:0:2, 0:0:0:0:0, 2:0:0:0:3, 5:0:0:0:6, 7:3:0:0:6, 2:0:0:0:5, 5:1:0:0:9, 11:3:0:0:10, 5:0:0:0:9, 4:0:0:0:6, 3:0:0:0:2, 1:0:0:0:0, 1:0:0:0:0, 1:0:0:0:0, 1:0:0:0:0, 1202:173:5:0:1347
D# minor mel (6#), 3:0:0:0:1, 5:0:0:0:4, 5:0:0:0:1, 4:2:0:0:4, 6:2:0:0:4, 5:1:0:0:2, 4:0:0:0:1, 4:3:0:0:4, 6:4:0:0:4, 6:0:0:0:3, 0:0:0:0:0, 6:1:0:0:3, 5:2:0:0:3, 6:0:0:0:3, 0:0:0:0:0, 6:1:0:0:3, 5:1:0:0:3, 5:0:0:0:4, 5:0:0:0:1, 4:2:0:0:4, 6:2:0:0:4, 5:1:0:0:2, 4:0:0:0:1, 4:3:0:0:4, 6:4:0:0:4, 6:0:0:0:3, 0:0:0:0:0, 6:1:0:0:3, 5:3:0:0:3, 7:0:0:0:4, 6:2:0:0:6, 5:0:0:0:3, 3:0:0:0:3, 5:0:0:0:3, 0:0:0:0:0, 5:3:0:0:5, 5:2:0:0:3, 4:1:0:0:2, 1:0:0:0:0, 5:3:0:0:4, 7:5:0:0:5, 6:0:0:0:1, 1:0:0:0:0, 4:1:0:0:2, 5:1:0:0:2, 5:0:0:0:1, 0:0:0:0:0, 5:1:0:0:2, 4:1:0:0:2, 5:0:0:0:4, 5:0:0:0:1, 4:2:0:0:4, 6:2:0:0:4, 5:1:0:0:2, 4:0:0:0:1, 4:3:0:0:4, 7:3:0:0:3, 5:0:0:0:2, 0:0:0:0:0, 6:1:0:0:3, 6:2:0:0:3, 7:0:0:0:3, 6:2:0:0:4, 4:0:0:0:5, 7:2:0:0:6, 6:0:0:0:4, 3:0:0:0:3, 5:3:0:0:5, 5:3:0:0:4, 5:1:0:0:2, 2:0:0:0:0, 4:4:0:0:5, 7:5:0:0:5, 4:0:0:0:2, 0:0:0:0:0, 4:1:0:0:2, 5:1:0:0:2, 5:0:0:0:1, 2:0:0:0:0, 5:1:0:0:3, 4:1:0:0:2, 4:0:0:0:2, 2:0:0:0:0, 6:2:0:0:4, 6:2:0:0:3, 4:1:0:0:2, 1:0:0:0:0, 6:3:0:0:4, 5:4:0:0:4, 5:0:0:0:1, 0:0:0:0:0, 6:1:0:0:2, 7:2:0:0:2, 6:0:0:0:2, 6:2:0:0:4, 4:0:0:0:2, 6:2:0:0:4, 4:0:0:0:3, 2:0:0:0:1, 4:2:0:0:4, 6:4:0:0:5, 4:1:0:0:2, 0:0:0:0:0, 4:4:0:0:5, 6:7:0:0:8, 4:0:0:0:1, 0:0:0:0:0, 4:1:0:0:2, 4:1:0:0:2, 4:0:0:0:2, 3:0:0:0:0, 5:1:0:0:2, 7:2:0:0:5, 5:0:0:0:2, 4:2:2:0:3, 5:2:0:0:5, 7:4:0:0:6, 4:1:0:0:2, 4:0:0:0:1, 6:5:0:0:7, 6:4:0:0:5, 4:0:0:0:2, 1:0:0:0:0, 4:1:0:0:2, 6:3:0:0:3, 8:1:1:0:3, 7:2:0:0:6, 5:0:0:0:5, 6:2:0:0:6, 4:0:0:0:4, 2:0:0:0:2, 4:2:0:0:8, 5:4:0:0:8, 4:1:0:0:2,  , 6:3:0:0:4, 6:6:0:0:7, 4:0:0:0:1, 0:0:0:0:0, 6:2:0:0:4, 6:1:0:0:2, 4:0:0:0:2, 2:0:0:0:2, 6:2:0:0:4, 6:1:0:0:5, 6:3:0:0:6, 3:2:2:0:2, 5:3:0:0:7, 5:3:0:0:6, 4:1:0:0:2, 1:0:2:0:0, 8:3:0:0:5, 6:6:0:0:7, 6:1:0:0:2, 1:0:0:0:0, 6:2:0:0:4, 6:2:0:0:3, 6:0:0:0:2, 6:2:0:0:4, 6:0:0:0:4, 6:2:0:0:5, 4:0:0:0:3, 1:2:2:0:2, 4:2:0:0:5, 4:2:0:0:3, 4:1:0:0:2, 1:0:0:0:0, 4:3:0:0:4, 5:3:0:0:3, 4:0:0:0:3, 0:0:0:0:0, 4:1:0:0:2, 5:1:0:0:3, 4:0:0:0:2, 0:0:0:0:0, 4:1:0:0:2, 5:1:0:0:3, 5:0:0:0:3, 2:0:0:0:2, 5:3:0:0:6, 6:4:0:0:6, 5:1:0:0:3,  , 5:4:0:0:6, 5:5:0:0:5, 4:0:0:0:1, 0:0:0:0:0, 5:1:0:0:2, 7:3:0:0:5, 9:1:0:0:4, 7:2:0:0:5, 5:0:0:0:5, 6:2:0:0:4, 4:0:0:0:2, 5:0:0:0:1, 7:4:0:0:8, 5:4:0:0:5, 4:1:0:0:2, 3:0:0:0:0, 6:4:0:0:6, 6:4:0:0:5, 5:0:0:0:2, 1:0:1:0:0, 6:1:0:0:3, 6:1:0:0:3, 6:0:0:0:2, 5:0:0:0:3, 5:1:0:0:2, 5:1:0:0:4, 4:0:0:0:6, 1:0:0:0:4, 4:2:0:0:6, 4:2:0:0:3, 4:1:0:0:2, 1:0:0:0:0, 6:4:0:0:6, 4:3:0:0:3, 4:0:0:0:3, 0:0:0:0:0, 4:1:0:0:2, 6:2:0:0:3, 9:0:0:0:2, 6:2:0:0:4, 6:0:0:0:5, 6:2:0:0:4, 6:0:0:0:6, 3:1:1:0:1, 5:3:0:0:9, 6:4:0:0:5, 4:1:0:0:2, 3:0:0:0:1, 6:4:0:0:6, 6:7:0:0:8, 5:0:0:0:2, 1:0:0:0:1, 5:1:0:0:2, 6:2:0:0:4, 5:0:0:0:4, 4:0:0:0:1, 7:1:0:0:3, 7:2:0:0:4, 4:0:0:0:3, 1:0:0:0:0, 5:2:0:0:4, 6:4:0:0:6, 5:1:0:0:2, 0:0:0:0:0, 5:3:0:0:5, 7:4:0:0:5, 4:0:0:0:2, 3:0:0:0:1, 7:1:0:0:4, 7:3:0:0:5, 7:0:0:0:3, 6:2:0:0:4, 4:0:0:0:2, 7:2:0:0:8, 4:0:0:0:3, 1:0:0:0:2, 5:3:0:0:8, 5:2:0:0:3, 5:1:0:0:3, 1:0:0:0:0, 4:3:0:0:4, 5:4:0:0:5, 4:0:0:0:2, 1:0:0:0:0, 8:1:0:0:2, 7:2:0:0:3, 6:0:0:0:1, 2:0:0:0:1, 6:2:0:0:3, 6:1:0:0:4, 4:0:0:0:3, 6:1:1:0:2, 5:2:0:0:5, 6:5:0:0:7, 7:1:0:0:3, 4:0:0:0:1, 9:3:2:0:4, 5:7:0:0:7, 4:0:0:0:2, 5:0:0:0:1, 6:1:0:0:2, 5:2:0:0:2, 7:0:0:0:2, 6:2:0:0:4, 4:0:0:0:6, 6:2:0:0:4, 4:0:0:0:3, 1:0:0:0:2, 4:2:0:0:5, 5:3:0:0:5, 4:1:0:0:2, 0:0:0:0:0, 5:3:0:0:4, 4:3:0:0:3, 4:0:0:0:1, 0:0:0:0:0, 4:1:0:0:2, 5:1:0:0:3, 4:0:0:0:1, 0:0:0:0:0, 4:1:0:0:2, 6:1:0:0:2, 5:0:0:0:3, 1:0:0:0:0, 6:5:2:0:9, 4:2:0:0:3, 5:2:0:0:3,  , 8:6:0:0:8, 5:3:0:0:4, 4:0:0:0:2, 3:2:2:0:2, 6:1:0:0:3, 5:2:0:0:2, 6:0:0:0:2, 6:2:0:0:5, 4:0:0:0:3, 6:2:0:0:4, 5:0:0:0:3, 5:1:1:0:2, 5:2:0:0:5, 7:4:0:0:6, 4:1:0:0:2, 4:1:0:0:2, 6:4:1:0:5, 5:3:0:0:3, 4:0:0:0:2, 2:0:0:0:0, 5:1:0:0:2, 5:1:0:0:2, 5:0:0:0:3, 5:1:0:0:2, 5:1:0:0:2, 7:1:0:0:4, 5:0:0:0:4, 1:0:0:0:1, 4:2:0:0:4, 8:2:2:0:3, 5:5:0:0:6, 3:0:0:0:1, 4:3:0:0:4, 6:3:0:0:3, 5:0:0:0:2, 2:0:0:0:1, 4:1:0:0:2, 6:2:0:0:3, 9:1:1:0:3, 7:2:0:0:6, 6:1:0:0:8, 6:2:0:0:5, 1:0:0:0:1, 1:0:0:0:1, 1:0:0:0:1, 1:0:0:0:1, 1610:476:23:0:1063
Gb major blues (6b), 3:0:0:0:2, 4:0:0:0:6, 4:0:1:0:2, 1:0:0:0:0, 3:0:0:0:3, 3:0:0:0:7, 4:0:0:0:2, 0:0:0:0:0, 2:0:0:0:3, 4:0:0:0:4, 5:4:0:0:5, 4:0:0:0:4, 4:0:0:0:5, 4:0:0:0:4, 6:4:0:0:5, 5:1:0:0:5, 4:0:0:0:4, 4:0:0:0:6, 4:0:1:0:2, 1:0:0:0:0, 3:0:0:0:3, 3:0:0:0:7, 4:0:0:0:2, 0:0:0:0:0, 2:0:0:0:3, 4:0:0:0:4, 6:4:0:0:5, 4:0:0:0:4, 5:1:0:0:10, 9:4:0:0:8, 4:0:0:0:7, 4:0:0:0:4, 3:0:0:0:2, 5:0:0:0:5, 0:0:0:0:0, 2:0:0:0:1, 2:0:0:0:3, 2:0:0:0:3, 1:0:0:0:1, 1:0:0:0:1, 2:0:0:0:5, 6:0:0:0:4, 6:3:0:0:5, 2:0:0:0:2, 4:0:0:0:4, 5:0:0:0:4, 4:3:0:0:4, 3:0:0:0:3, 3:0:0:0:2, 4:0:0:0:7, 4:0:1:0:2, 1:0:0:0:0, 3:0:0:0:2, 3:0:0:0:7, 4:0:0:0:2, 0:0:0:0:0, 3:0:0:0:4, 4:0:0:0:5, 6:4:0:0:5, 4:0:0:0:4, 6:1:0:0:10, 8:3:0:0:8, 4:0:0:0:5, 3:0:0:0:2, 5:0:0:0:5, 5:0:0:0:7, 3:0:0:0:3, 2:0:0:0:2, 2:0:0:0:3, 3:0:0:0:3, 2:0:0:0:3, 0:0:0:0:0, 2:0:0:0:3, 4:0:0:0:5, 5:3:0:0:4, 2:0:0:0:2, 4:0:0:0:3, 5:0:0:0:6, 6:3:0:0:7, 3:0:0:0:2, 3:0:0:0:2, 3:0:0:0:2, 2:0:0:0:2, 4:0:0:0:3, 2:0:0:0:1, 3:0:0:0:2, 1:0:0:0:2, 0:0:0:0:0, 1:0:0:0:1, 5:0:0:0:6, 4:3:0:0:4, 4:0:0:0:5, 5:3:0:0:12, 7:3:0:0:6, 4:0:0:0:4, 3:0:0:0:2, 4:0:0:0:4, 3:0:0:0:2, 2:0:0:0:1, 1:0:0:0:0, 4:0:0:0:3, 2:0:0:0:3, 0:0:0:0:0, 0:0:0:0:0, 2:0:0:0:2, 4:0:0:0:5, 4:3:0:0:4, 2:0:0:0:4, 3:0:0:0:5, 4:0:0:0:4, 6:3:0:0:6, 2:0:0:0:2, 5:0:0:0:7, 4:0:0:0:6, 4:0:0:0:5, 2:0:0:0:1, 3:0:0:0:2, 2:0:0:0:3, 4:1:0:0:4, 3:0:0:0:1, 3:0:0:0:2, 4:0:0:0:6, 5:3:0:0:5, 2:0:0:0:4, 6:1:0:0:8, 10:3:0:0:9, 5:0:0:0:9, 4:0:0:0:7, 4:0:0:0:6, 3:0:0:0:4, 2:0:0:0:2, 2:0:0:0:1, 2:0:0:0:1, 2:0:0:0:3,  , 1:0:0:0:1, 2:0:0:0:2, 4:0:0:0:4, 4:3:0:0:4, 4:0:0:0:6, 5:0:0:0:6, 4:0:0:0:8, 6:4:0:0:6, 4:0:0:0:5, 4:0:0:0:5, 5:1:0:0:6, 3:0:0:0:5, 2:0:0:0:1, 2:0:0:0:1, 2:0:0:0:2, 1:0:0:0:0, 4:0:0:0:3, 2:0:0:0:2, 5:1:0:0:5, 5:3:0:0:5, 4:0:0:0:6, 5:1:0:0:11, 7:3:0:0:6, 4:0:0:0:4, 4:0:0:0:5, 4:0:0:0:4, 3:0:0:0:3, 1:0:0:0:2, 1:0:0:0:0, 1:0:0:0:2, 2:0:0:0:3, 1:0:0:0:2, 0:0:0:0:0, 1:0:0:0:1, 4:0:0:0:4, 4:3:0:0:4, 2:0:0:0:2, 3:0:0:0:4, 4:0:0:0:6, 4:4:0:0:5, 2:0:0:0:3, 3:0:0:0:4, 4:0:0:0:5, 2:0:0:0:1, 2:0:0:0:2, 2:0:0:0:2, 3:0:0:0:2,  , 1:0:0:0:0, 1:0:0:0:2, 4:0:0:0:6, 4:4:0:0:5, 3:0:0:0:5, 6:2:0:0:12, 10:3:0:0:11, 5:0:0:0:9, 4:0:0:0:5, 4:0:0:0:5, 3:0:0:0:2, 5:0:0:0:4, 3:0:0:0:3, 2:0:0:0:2, 2:0:0:0:2, 3:1:0:0:4, 1:0:0:0:0, 2:0:0:0:1, 6:1:0:0:8, 7:4:0:0:5, 4:0:0:0:3, 4:0:0:0:6, 5:0:0:0:5, 10:3:0:0:7, 3:0:0:0:4, 3:0:0:0:6, 3:0:0:0:2, 1:0:0:0:0, 1:0:0:0:0, 1:0:0:0:1, 2:0:0:0:3, 1:0:0:0:1, 1:0:0:0:1, 1:0:0:0:1, 4:0:0:0:6, 4:3:0:0:4, 2:0:0:0:4, 5:2:0:0:12, 10:3:0:0:8, 4:0:0:0:4, 5:0:0:0:5, 4:0:0:0:4, 5:0:0:0:6, 3:0:0:0:3, 2:0:0:0:1, 4:0:0:0:3, 2:0:0:0:4, 3:0:0:0:3, 1:0:0:0:0, 2:0:0:0:2, 4:0:0:0:8, 6:4:0:0:5, 3:0:0:0:4, 5:0:0:0:8, 5:0:0:0:6, 8:4:0:0:9, 5:0:0:0:8, 4:0:0:0:7, 3:0:0:0:2, 1:0:0:0:1, 1:0:0:0:0, 3:0:0:0:1, 2:0:0:0:3, 0:0:0:0:0, 1:0:0:0:0, 2:0:0:0:2, 4:0:0:0:6, 7:4:0:0:7, 5:0:0:0:7, 5:1:0:0:11, 8:3:0:0:8, 4:0:0:0:4, 3:0:0:0:2, 5:0:0:0:7, 3:0:0:0:2, 1:0:0:0:0, 2:0:0:0:1, 1:0:0:0:1, 3:0:0:0:3, 1:0:0:0:2, 0:0:0:0:0, 1:0:0:0:1, 4:0:0:0:4, 5:3:0:0:5, 4:0:0:0:3, 4:1:0:0:9, 5:0:0:0:4, 6:4:0:0:8, 4:1:0:0:7, 4:0:0:0:7, 3:0:0:0:3, 5:0:0:0:5, 2:0:0:0:1, 2:0:0:0:2, 5:0:0:0:7, 3:0:0:0:2, 4:0:0:0:2, 1:0:0:0:3, 4:0:0:0:5, 9:3:0:0:8, 4:1:0:0:5, 5:1:0:0:7, 8:4:0:0:9, 4:0:0:0:6, 3:0:0:0:2, 4:0:0:0:4, 3:0:0:0:2, 1:0:0:0:0, 1:0:0:0:0, 2:0:0:0:1, 2:0:0:0:2, 0:0:0:0:0, 1:0:0:0:1, 1:0:0:0:2, 4:0:0:0:4, 4:3:0:0:4, 2:0:0:0:2, 4:0:0:0:3, 4:0:0:0:5, 4:3:0:0:4, 2:0:0:0:5, 4:1:0:0:7, 4:0:0:0:5, 1:0:0:0:1, 3:0:2:0:2, 1:0:0:0:1, 3:0:0:0:4,  , 4:0:0:0:2, 2:0:0:0:1, 4:0:0:0:4, 9:3:0:0:8, 4:0:0:0:3, 5:2:0:0:10, 7:3:0:0:6, 4:0:0:0:7, 3:0:0:0:2, 4:0:0:0:4, 4:0:0:0:5, 5:0:0:0:4, 2:0:0:0:1, 3:0:0:0:3, 2:0:0:0:3, 3:0:0:0:4, 1:0:0:0:0, 1:0:0:0:1, 4:0:0:0:5, 6:3:0:0:5, 3:0:0:0:5, 4:0:0:0:6, 4:0:0:0:6, 10:4:0:0:10, 2:0:0:0:3, 5:0:0:0:7, 4:0:0:0:8, 1:0:0:0:0, 1:0:0:0:0, 4:0:0:0:2, 2:0:0:0:4, 3:0:0:0:2, 0:0:0:0:0, 2:0:0:0:3, 5:0:0:0:6, 7:3:0:0:6, 2:0:0:0:5, 5:1:0:0:9, 11:3:0:0:10, 5:0:0:0:9, 4:0:0:0:6, 3:0:0:0:2, 1:0:0:0:0, 1:0:0:0:0, 1:0:0:0:0, 1:0:0:0:0, 1202:173:5:0:1347
F# major blues (6#), 3:0:0:0:1, 5:0:0:0:4, 5:0:0:0:1, 4:2:0:0:4, 6:2:0:0:4, 5:1:0:0:2, 4:0:0:0:1, 4:3:0:0:4, 6:4:0:0:4, 6:0:0:0:3, 0:0:0:0:0, 6:1:0:0:3, 5:2:0:0:3, 6:0:0:0:3, 0:0:0:0:0, 6:1:0:0:3, 5:1:0:0:3, 5:0:0:0:4, 5:0:0:0:1, 4:2:0:0:4, 6:2:0:0:4, 5:1:0:0:2, 4:0:0:0:1, 4:3:0:0:4, 6:4:0:0:4, 6:0:0:0:3, 0:0:0:0:0, 6:1:0:0:3, 5:3:0:0:3, 7:0:0:0:4, 6:2:0:0:6, 5:0:0:0:3, 3:0:0:0:3, 5:0:0:0:3, 0:0:0:0:0, 5:3:0:0:5, 5:2:0:0:3, 4:1:0:0:2, 1:0:0:0:0, 5:3:0:0:4, 7:5:0:0:5, 6:0:0:0:1, 1:0:0:0:0, 4:1:0:0:2, 5:1:0:0:2, 5:0:0:0:1, 0:0:0:0:0, 5:1:0:0:2, 4:1:0:0:2, 5:0:0:0:4, 5:0:0:0:1, 4:2:0:0:4, 6:2:0:0:4, 5:1:0:0:2, 4:0:0:0:1, 4:3:0:0:4, 7:3:0:0:3, 5:0:0:0:2, 0:0:0:0:0, 6:1:0:0:3, 6:2:0:0:3, 7:0:0:0:3, 6:2:0:0:4, 4:0:0:0:5, 7:2:0:0:6, 6:0:0:0:4, 3:0:0:0:3, 5:3:0:0:5, 5:3:0:0:4, 5:1:0:0:2, 2:0:0:0:0, 4:4:0:0:5, 7:5:0:0:5, 4:0:0:0:2, 0:0:0:0:0, 4:1:0:0:2, 5:1:0:0:2, 5:0:0:0:1, 2:0:0:0:0, 5:1:0:0:3, 4:1:0:0:2, 4:0:0:0:2, 2:0:0:0:0, 6:2:0:0:4, 6:2:0:0:3, 4:1:0:0:2, 1:0:0:0:0, 6:3:0:0:4, 5:4:0:0:4, 5:0:0:0:1, 0:0:0:0:0, 6:1:0:0:2, 7:2:0:0:2, 6:0:0:0:2, 6:2:0:0:4, 4:0:0:0:2, 6:2:0:0:4, 4:0:0:0:3, 2:0:0:0:1, 4:2:0:0:4, 6:4:0:0:5, 4:1:0:0:2, 0:0:0:0:0, 4:4:0:0:5, 6:7:0:0:8, 4:0:0:0:1, 0:0:0:0:0, 4:1:0:0:2, 4:1:0:0:2, 4:0:0:0:2, 3:0:0:0:0, 5:1:0:0:2, 7:2:0:0:5, 5:0:0:0:2, 4:2:2:0:3, 5:2:0:0:5, 7:4:0:0:6, 4:1:0:0:2, 4:0:0:0:1, 6:5:0:0:7, 6:4:0:0:5, 4:0:0:0:2, 1:0:0:0:0, 4:1:0:0:2, 6:3:0:0:3, 8:1:1:0:3, 7:2:0:0:6, 5:0:0:0:5, 6:2:0:0:6, 4:0:0:0:4, 2:0:0:0:2, 4:2:0:0:8, 5:4:0:0:8, 4:1:0:0:2,  , 6:3:0:0:4, 6:6:0:0:7, 4:0:0:0:1, 0:0:0:0:0, 6:2:0:0:4, 6:1:0:0:2, 4:0:0:0:2, 2:0:0:0:2, 6:2:0:0:4, 6:1:0:0:5, 6:3:0:0:6, 3:2:2:0:2, 5:3:0:0:7, 5:3:0:0:6, 4:1:0:0:2, 1:0:2:0:0, 8:3:0:0:5, 6:6:0:0:7, 6:1:0:0:2, 1:0:0:0:0, 6:2:0:0:4, 6:2:0:0:3, 6:0:0:0:2, 6:2:0:0:4, 6:0:0:0:4, 6:2:0:0:5, 4:0:0:0:3, 1:2:2:0:2, 4:2:0:0:5, 4:2:0:0:3, 4:1:0:0:2, 1:0:0:0:0, 4:3:0:0:4, 5:3:0:0:3, 4:0:0:0:3, 0:0:0:0:0, 4:1:0:0:2, 5:1:0:0:3, 4:0:0:0:2, 0:0:0:0:0, 4:1:0:0:2, 5:1:0:0:3, 5:0:0:0:3, 2:0:0:0:2, 5:3:0:0:6, 6:4:0:0:6, 5:1:0:0:3,  , 5:4:0:0:6, 5:5:0:0:5, 4:0:0:0:1, 0:0:0:0:0, 5:1:0:0:2, 7:3:0:0:5, 9:1:0:0:4, 7:2:0:0:5, 5:0:0:0:5, 6:2:0:0:4, 4:0:0:0:2, 5:0:0:0:1, 7:4:0:0:8, 5:4:0:0:5, 4:1:0:0:2, 3:0:0:0:0, 6:4:0:0:6, 6:4:0:0:5, 5:0:0:0:2, 1:0:1:0:0, 6:1:0:0:3, 6:1:0:0:3, 6:0:0:0:2, 5:0:0:0:3, 5:1:0:0:2, 5:1:0:0:4, 4:0:0:0:6, 1:0:0:0:4, 4:2:0:0:6, 4:2:0:0:3, 4:1:0:0:2, 1:0:0:0:0, 6:4:0:0:6, 4:3:0:0:3, 4:0:0:0:3, 0:0:0:0:0, 4:1:0:0:2, 6:2:0:0:3, 9:0:0:0:2, 6:2:0:0:4, 6:0:0:0:5, 6:2:0:0:4, 6:0:0:0:6, 3:1:1:0:1, 5:3:0:0:9, 6:4:0:0:5, 4:1:0:0:2, 3:0:0:0:1, 6:4:0:0:6, 6:7:0:0:8, 5:0:0:0:2, 1:0:0:0:1, 5:1:0:0:2, 6:2:0:0:4, 5:0:0:0:4, 4:0:0:0:1, 7:1:0:0:3, 7:2:0:0:4, 4:0:0:0:3, 1:0:0:0:0, 5:2:0:0:4, 6:4:0:0:6, 5:1:0:0:2, 0:0:0:0:0, 5:3:0:0:5, 7:4:0:0:5, 4:0:0:0:2, 3:0:0:0:1, 7:1:0:0:4, 7:3:0:0:5, 7:0:0:0:3, 6:2:0:0:4, 4:0:0:0:2, 7:2:0:0:8, 4:0:0:0:3, 1:0:0:0:2, 5:3:0:0:8, 5:2:0:0:3, 5:1:0:0:3, 1:0:0:0:0, 4:3:0:0:4, 5:4:0:0:5, 4:0:0:0:2, 1:0:0:0:0, 8:1:0:0:2, 7:2:0:0:3, 6:0:0:0:1, 2:0:0:0:1, 6:2:0:0:3, 6:1:0:0:4, 4:0:0:0:3, 6:1:1:0:2, 5:2:0:0:5, 6:5:0:0:7, 7:1:0:0:3, 4:0:0:0:1, 9:3:2:0:4, 5:7:0:0:7, 4:0:0:0:2, 5:0:0:0:1, 6:1:0:0:2, 5:2:0:0:2, 7:0:0:0:2, 6:2:0:0:4, 4:0:0:0:6, 6:2:0:0:4, 4:0:0:0:3, 1:0:0:0:2, 4:2:0:0:5, 5:3:0:0:5, 4:1:0:0:2, 0:0:0:0:0, 5:3:0:0:4, 4:3:0:0:3, 4:0:0:0:1, 0:0:0:0:0, 4:1:0:0:2, 5:1:0:0:3, 4:0:0:0:1, 0:0:0:0:0, 4:1:0:0:2, 6:1:0:0:2, 5:0:0:0:3, 1:0:0:0:0, 6:5:2:0:9, 4:2:0:0:3, 5:2:0:0:3,  , 8:6:0:0:8, 5:3:0:0:4, 4:0:0:0:2, 3:2:2:0:2, 6:1:0:0:3, 5:2:0:0:2, 6:0:0:0:2, 6:2:0:0:5, 4:0:0:0:3, 6:2:0:0:4, 5:0:0:0:3, 5:1:1:0:2, 5:2:0:0:5, 7:4:0:0:6, 4:1:0:0:2, 4:1:0:0:2, 6:4:1:0:5, 5:3:0:0:3, 4:0:0:0:2, 2:0:0:0:0, 5:1:0:0:2, 5:1:0:0:2, 5:0:0:0:3, 5:1:0:0:2, 5:1:0:0:2, 7:1:0:0:4, 5:0:0:0:4, 1:0:0:0:1, 4:2:0:0:4, 8:2:2:0:3, 5:5:0:0:6, 3:0:0:0:1, 4:3:0:0:4, 6:3:0:0:3, 5:0:0:0:2, 2:0:0:0:1, 4:1:0:0:2, 6:2:0:0:3, 9:1:1:0:3, 7:2:0:0:6, 6:1:0:0:8, 6:2:0:0:5, 1:0:0:0:1, 1:0:0:0:1, 1:0:0:0:1, 1:0:0:0:1, 1610:476:23:0:1063
Eb minor blues (6b), 3:0:0:0:2, 4:0:0:0:6, 4:0:1:0:2, 1:0:0:0:0, 3:0:0:0:3, 3:0:0:0:7, 4:0:0:0:2, 0:0:0:0:0, 2:0:0:0:3, 4:0:0:0:4, 5:4:0:0:5, 4:0:0:0:4, 4:0:0:0:5, 4:0:0:0:4, 6:4:0:0:5, 5:1:0:0:5, 4:0:0:0:4, 4:0:0:0:6, 4:0:1:0:2, 1:0:0:0:0, 3:0:0:0:3, 3:0:0:0:7, 4:0:0:0:2, 0:0:0:0:0, 2:0:0:0:3, 4:0:0:0:4, 6:4:0:0:5, 4:0:0:0:4, 5:1:0:0:10, 9:4:0:0:8, 4:0:0:0:7, 4:0:0:0:4, 3:0:0:0:2, 5:0:0:0:5, 0:0:0:0:0, 2:0:0:0:1, 2:0:0:0:3, 2:0:0:0:3, 1:0:0:0:1, 1:0:0:0:1, 2:0:0:0:5, 6:0:0:0:4, 6:3:0:0:5, 2:0:0:0:2, 4:0:0:0:4, 5:0:0:0:4, 4:3:0:0:4, 3:0:0:0:3, 3:0:0:0:2, 4:0:0:0:7, 4:0:1:0:2, 1:0:0:0:0, 3:0:0:0:2, 3:0:0:0:7, 4:0:0:0:2, 0:0:0:0:0, 3:0:0:0:4, 4:0:0:0:5, 6:4:0:0:5, 4:0:0:0:4, 6:1:0:0:10, 8:3:0:0:8, 4:0:0:0:5, 3:0:0:0:2, 5:0:0:0:5, 5:0:0:0:7, 3:0:0:0:3, 2:0:0:0:2, 2:0:0:0:3, 3:0:0:0:3, 2:0:0:0:3, 0:0:0:0:0, 2:0:0:0:3, 4:0:0:0:5, 5:3:0:0:4, 2:0:0:0:2, 4:0:0:0:3, 5:0:0:0:6, 6:3:0:0:7, 3:0:0:0:2, 3:0:0:0:2, 3:0:0:0:2, 2:0:0:0:2, 4:0:0:0:3, 2:0:0:0:1, 3:0:0:0:2, 1:0:0:0:2, 0:0:0:0:0, 1:0:0:0:1, 5:0:0:0:6, 4:3:0:0:4, 4:0:0:0:5, 5:3:0:0:12, 7:3:0:0:6, 4:0:0:0:4, 3:0:0:0:2, 4:0:0:0:4, 3:0:0:0:2, 2:0:0:0:1, 1:0:0:0:0, 4:0:0:0:3, 2:0:0:0:3, 0:0:0:0:0, 0:0:0:0:0, 2:0:0:0:2, 4:0:0:0:5, 4:3:0:0:4, 2:0:0:0:4, 3:0:0:0:5, 4:0:0:0:4, 6:3:0:0:6, 2:0:0:0:2, 5:0:0:0:7, 4:0:0:0:6, 4:0:0:0:5, 2:0:0:0:1, 3:0:0:0:2, 2:0:0:0:3, 4:1:0:0:4, 3:0:0:0:1, 3:0:0:0:2, 4:0:0:0:6, 5:3:0:0:5, 2:0:0:0:4, 6:1:0:0:8, 10:3:0:0:9, 5:0:0:0:9, 4:0:0:0:7, 4:0:0:0:6, 3:0:0:0:4, 2:0:0:0:2, 2:0:0:0:1, 2:0:0:0:1, 2:0:0:0:3,  , 1:0:0:0:1, 2:0:0:0:2, 4:0:0:0:4, 4:3:0:0:4, 4:0:0:0:6, 5:0:0:0:6, 4:0:0:0:8, 6:4:0:0:6, 4:0:0:0:5, 4:0:0:0:5, 5:1:0:0:6, 3:0:0:0:5, 2:0:0:0:1, 2:0:0:0:1, 2:0:0:0:2, 1:0:0:0:0, 4:0:0:0:3, 2:0:0:0:2, 5:1:0:0:5, 5:3:0:0:5, 4:0:0:0:6, 5:1:0:0:11, 7:3:0:0:6, 4:0:0:0:4, 4:0:0:0:5, 4:0:0:0:4, 3:0:0:0:3, 1:0:0:0:2, 1:0:0:0:0, 1:0:0:0:2, 2:0:0:0:3, 1:0:0:0:2, 0:0:0:0:0, 1:0:0:0:1, 4:0:0:0:4, 4:3:0:0:4, 2:0:0:0:2, 3:0:0:0:4, 4:0:0:0:6, 4:4:0:0:5, 2:0:0:0:3, 3:0:0:0:4, 4:0:0:0:5, 2:0:0:0:1, 2:0:0:0:2, 2:0:0:0:2, 3:0:0:0:2,  , 1:0:0:0:0, 1:0:0:0:2, 4:0:0:0:6, 4:4:0:0:5, 3:0:0:0:5, 6:2:0:0:12, 10:3:0:0:11, 5:0:0:0:9, 4:0:0:0:5, 4:0:0:0:5, 3:0:0:0:2, 5:0:0:0:4, 3:0:0:0:3, 2:0:0:0:2, 2:0:0:0:2, 3:1:0:0:4, 1:0:0:0:0, 2:0:0:0:1, 6:1:0:0:8, 7:4:0:0:5, 4:0:0:0:3, 4:0:0:0:6, 5:0:0:0:5, 10:3:0:0:7, 3:0:0:0:4, 3:0:0:0:6, 3:0:0:0:2, 1:0:0:0:0, 1:0:0:0:0, 1:0:0:0:1, 2:0:0:0:3, 1:0:0:0:1, 1:0:0:0:1, 1:0:0:0:1, 4:0:0:0:6, 4:3:0:0:4, 2:0:0:0:4, 5:2:0:0:12, 10:3:0:0:8, 4:0:0:0:4, 5:0:0:0:5, 4:0:0:0:4, 5:0:0:0:6, 3:0:0:0:3, 2:0:0:0:1, 4:0:0:0:3, 2:0:0:0:4, 3:0:0:0:3, 1:0:0:0:0, 2:0:0:0:2, 4:0:0:0:8, 6:4:0:0:5, 3:0:0:0:4, 5:0:0:0:8, 5:0:0:0:6, 8:4:0:0:9, 5:0:0:0:8, 4:0:0:0:7, 3:0:0:0:2, 1:0:0:0:1, 1:0:0:0:0, 3:0:0:0:1, 2:0:0:0:3, 0:0:0:0:0, 1:0:0:0:0, 2:0:0:0:2, 4:0:0:0:6, 7:4:0:0:7, 5:0:0:0:7, 5:1:0:0:11, 8:3:0:0:8, 4:0:0:0:4, 3:0:0:0:2, 5:0:0:0:7, 3:0:0:0:2, 1:0:0:0:0, 2:0:0:0:1, 1:0:0:0:1, 3:0:0:0:3, 1:0:0:0:2, 0:0:0:0:0, 1:0:0:0:1, 4:0:0:0:4, 5:3:0:0:5, 4:0:0:0:3, 4:1:0:0:9, 5:0:0:0:4, 6:4:0:0:8, 4:1:0:0:7, 4:0:0:0:7, 3:0:0:0:3, 5:0:0:0:5, 2:0:0:0:1, 2:0:0:0:2, 5:0:0:0:7, 3:0:0:0:2, 4:0:0:0:2, 1:0:0:0:3, 4:0:0:0:5, 9:3:0:0:8, 4:1:0:0:5, 5:1:0:0:7, 8:4:0:0:9, 4:0:0:0:6, 3:0:0:0:2, 4:0:0:0:4, 3:0:0:0:2, 1:0:0:0:0, 1:0:0:0:0, 2:0:0:0:1, 2:0:0:0:2, 0:0:0:0:0, 1:0:0:0:1, 1:0:0:0:2, 4:0:0:0:4, 4:3:0:0:4, 2:0:0:0:2, 4:0:0:0:3, 4:0:0:0:5, 4:3:0:0:4, 2:0:0:0:5, 4:1:0:0:7, 4:0:0:0:5, 1:0:0:0:1, 3:0:2:0:2, 1:0:0:0:1, 3:0:0:0:4,  , 4:0:0:0:2, 2:0:0:0:1, 4:0:0:0:4, 9:3:0:0:8, 4:0:0:0:3, 5:2:0:0:10, 7:3:0:0:6, 4:0:0:0:7, 3:0:0:0:2, 4:0:0:0:4, 4:0:0:0:5, 5:0:0:0:4, 2:0:0:0:1, 3:0:0:0:3, 2:0:0:0:3, 3:0:0:0:4, 1:0:0:0:0, 1:0:0:0:1, 4:0:0:0:5, 6:3:0:0:5, 3:0:0:0:5, 4:0:0:0:6, 4:0:0:0:6, 10:4:0:0:10, 2:0:0:0:3, 5:0:0:0:7, 4:0:0:0:8, 1:0:0:0:0, 1:0:0:0:0, 4:0:0:0:2, 2:0:0:0:4, 3:0:0:0:2, 0:0:0:0:0, 2:0:0:0:3, 5:0:0:0:6, 7:3:0:0:6, 2:0:0:0:5, 5:1:0:0:9, 11:3:0:0:10, 5:0:0:0:9, 4:0:0:0:6, 3:0:0:0:2, 1:0:0:0:0, 1:0:0:0:0, 1:0:0:0:0, 1:0:0:0:0, 1202:173:5:0:1347
D# minor blues (6#), 3:0:0:0:1, 5:0:0:0:4, 5:0:0:0:1, 4:2:0:0:4, 6:2:0:0:4, 5:1:0:0:2, 4:0:0:0:1, 4:3:0:0:4, 6:4:0:0:4, 6:0:0:0:3, 0:0:0:0:0, 6:1:0:0:3, 5:2:0:0:3, 6:0:0:0:3, 0:0:0:0:0, 6:1:0:0:3, 5:1:0:0:3, 5:0:0:0:4, 5:0:0:0:1, 4:2:0:0:4, 6:2:0:0:4, 5:1:0:0:2, 4:0:0:0:1, 4:3:0:0:4, 6:4:0:0:4, 6:0:0:0:3, 0:0:0:0:0, 6:1:0:0:3, 5:3:0:0:3, 7:0:0:0:4, 6:2:0:0:6, 5:0:0:0:3, 3:0:0:0:3, 5:0:0:0:3, 0:0:0:0:0, 5:3:0:0:5, 5:2:0:0:3, 4:1:0:0:2, 1:0:0:0:0, 5:3:0:0:4, 7:5:0:0:5, 6:0:0:0:1, 1:0:0:0:0, 4:1:0:0:2, 5:1:0:0:2, 5:0:0:0:1, 0:0:0:0:0, 5:1:0:0:2, 4:1:0:0:2, 5:0:0:0:4, 5:0:0:0:1, 4:2:0:0:4, 6:2:0:0:4, 5:1:0:0:2, 4:0:0:0:1, 4:3:0:0:4, 7:3:0:0:3, 5:0:0:0:2, 0:0:0:0:0, 6:1:0:0:3, 6:2:0:0:3, 7:0:0:0:3, 6:2:0:0:4, 4:0:0:0:5, 7:2:0:0:6, 6:0:0:0:4, 3:0:0:0:3, 5:3:0:0:5, 5:3:0:0:4, 5:1:0:0:2, 2:0:0:0:0, 4:4:0:0:5, 7:5:0:0:5, 4:0:0:0:2, 0:0:0:0:0, 4:1:0:0:2, 5:1:0:0:2, 5:0:0:0:1, 2:0:0:0:0, 5:1:0:0:3, 4:1:0:0:2, 4:0:0:0:2, 2:0:0:0:0, 6:2:0:0:4, 6:2:0:0:3, 4:1:0:0:2, 1:0:0:0:0, 6:3:0:0:4, 5:4:0:0:4, 5:0:0:0:1, 0:0:0:0:0, 6:1:0:0:2, 7:2:0:0:2, 6:0:0:0:2, 6:2:0:0:4, 4:0:0:0:2, 6:2:0:0:4, 4:0:0:0:3, 2:0:0:0:1, 4:2:0:0:4, 6:4:0:0:5, 4:1:0:0:2, 0:0:0:0:0, 4:4:0:0:5, 6:7:0:0:8, 4:0:0:0:1, 0:0:0:0:0, 4:1:0:0:2, 4:1:0:0:2, 4:0:0:0:2, 3:0:0:0:0, 5:1:0:0:2, 7:2:0:0:5, 5:0:0:0:2, 4:2:2:0:3, 5:2:0:0:5, 7:4:0:0:6, 4:1:0:0:2, 4:0:0:0:1, 6:5:0:0:7, 6:4:0:0:5, 4:0:0:0:2, 1:0:0:0:0, 4:1:0:0:2, 6:3:0:0:3, 8:1:1:0:3, 7:2:0:0:6, 5:0:0:0:5, 6:2:0:0:6, 4:0:0:0:4, 2:0:0:0:2, 4:2:0:0:8, 5:4:0:0:8, 4:1:0:0:2,  , 6:3:0:0:4, 6:6:0:0:7, 4:0:0:0:1, 0:0:0:0:0, 6:2:0:0:4, 6:1:0:0:2, 4:0:0:0:2, 2:0:0:0:2, 6:2:0:0:4, 6:1:0:0:5, 6:3:0:0:6, 3:2:2:0:2, 5:3:0:0:7, 5:3:0:0:6, 4:1:0:0:2, 1:0:2:0:0, 8:3:0:0:5, 6:6:0:0:7, 6:1:0:0:2, 1:0:0:0:0, 6:2:0:0:4, 6:2:0:0:3, 6:0:0:0:2, 6:2:0:0:4, 6:0:0:0:4, 6:2:0:0:5, 4:0:0:0:3, 1:2:2:0:2, 4:2:0:0:5, 4:2:0:0:3, 4:1:0:0:2, 1:0:0:0:0, 4:3:0:0:4, 5:3:0:0:3, 4:0:0:0:3, 0:0:0:0:0, 4:1:0:0:2, 5:1:0:0:3, 4:0:0:0:2, 0:0:0:0:0, 4:1:0:0:2, 5:1:0:0:3, 5:0:0:0:3, 2:0:0:0:2, 5:3:0:0:6, 6:4:0:0:6, 5:1:0:0:3,  , 5:4:0:0:6, 5:5:0:0:5, 4:0:0:0:1, 0:0:0:0:0, 5:1:0:0:2, 7:3:0:0:5, 9:1:0:0:4, 7:2:0:0:5, 5:0:0:0:5, 6:2:0:0:4, 4:0:0:0:2, 5:0:0:0:1, 7:4:0:0:8, 5:4:0:0:5, 4:1:0:0:2, 3:0:0:0:0, 6:4:0:0:6, 6:4:0:0:5, 5:0:0:0:2, 1:0:1:0:0, 6:1:0:0:3, 6:1:0:0:3, 6:0:0:0:2, 5:0:0:0:3, 5:1:0:0:2, 5:1:0:0:4, 4:0:0:0:6, 1:0:0:0:4, 4:2:0:0:6, 4:2:0:0:3, 4:1:0:0:2, 1:0:0:0:0, 6:4:0:0:6, 4:3:0:0:3, 4:0:0:0:3, 0:0:0:0:0, 4:1:0:0:2, 6:2:0:0:3, 9:0:0:0:2, 6:2:0:0:4, 6:0:0:0:5, 6:2:0:0:4, 6:0:0:0:6, 3:1:1:0:1, 5:3:0:0:9, 6:4:0:0:5, 4:1:0:0:2, 3:0:0:0:1, 6:4:0:0:6, 6:7:0:0:8, 5:0:0:0:2, 1:0:0:0:1, 5:1:0:0:2, 6:2:0:0:4, 5:0:0:0:4, 4:0:0:0:1, 7:1:0:0:3, 7:2:0:0:4, 4:0:0:0:3, 1:0:0:0:0, 5:2:0:0:4, 6:4:0:0:6, 5:1:0:0:2, 0:0:0:0:0, 5:3:0:0:5, 7:4:0:0:5, 4:0:0:0:2, 3:0:0:0:1, 7:1:0:0:4, 7:3:0:0:5, 7:0:0:0:3, 6:2:0:0:4, 4:0:0:0:2, 7:2:0:0:8, 4:0:0:0:3, 1:0:0:0:2, 5:3:0:0:8, 5:2:0:0:3, 5:1:0:0:3, 1:0:0:0:0, 4:3:0:0:4, 5:4:0:0:5, 4:0:0:0:2, 1:0:0:0:0, 8:1:0:0:2, 7:2:0:0:3, 6:0:0:0:1, 2:0:0:0:1, 6:2:0:0:3, 6:1:0:0:4, 4:0:0:0:3, 6:1:1:0:2, 5:2:0:0:5, 6:5:0:0:7, 7:1:0:0:3, 4:0:0:0:1, 9:3:2:0:4, 5:7:0:0:7, 4:0:0:0:2, 5:0:0:0:1, 6:1:0:0:2, 5:2:0:0:2, 7:0:0:0:2, 6:2:0:0:4, 4:0:0:0:6, 6:2:0:0:4, 4:0:0:0:3, 1:0:0:0:2, 4:2:0:0:5, 5:3:0:0:5, 4:1:0:0:2, 0:0:0:0:0, 5:3:0:0:4, 4:3:0:0:3, 4:0:0:0:1, 0:0:0:0:0, 4:1:0:0:2, 5:1:0:0:3, 4:0:0:0:1, 0:0:0:0:0, 4:1:0:0:2, 6:1:0:0:2, 5:0:0:0:3, 1:0:0:0:0, 6:5:2:0:9, 4:2:0:0:3, 5:2:0:0:3,  , 8:6:0:0:8, 5:3:0:0:4, 4:0:0:0:2, 3:2:2:0:2, 6:1:0:0:3, 5:2:0:0:2, 6:0:0:0:2, 6:2:0:0:5, 4:0:0:0:3, 6:2:0:0:4, 5:0:0:0:3, 5:1:1:0:2, 5:2:0:0:5, 7:4:0:0:6, 4:1:0:0:2, 4:1:0:0:2, 6:4:1:0:5, 5:3:0:0:3, 4:0:0:0:2, 2:0:0:0:0, 5:1:0:0:2, 5:1:0:0:2, 5:0:0:0:3, 5:1:0:0:2, 5:1:0:0:2, 7:1:0:0:4, 5:0:0:0:4, 1:0:0:0:1, 4:2:0:0:4, 8:2:2:0:3, 5:5:0:0:6, 3:0:0:0:1, 4:3:0:0:4, 6:3:0:0:3, 5:0:0:0:2, 2:0:0:0:1, 4:1:0:0:2, 6:2:0:0:3, 9:1:1:0:3, 7:2:0:0:6, 6:1:0:0:8, 6:2:0:0:5, 1:0:0:0:1, 1:0:0:0:1, 1:0:0:0:1, 1:0:0:0:1, 1610:476:23:0:1063
Gb dorian (6b), 3:0:0:0:2, 4:0:0:0:6, 4:0:1:0:2, 1:0:0:0:0, 3:0:0:0:3, 3:0:0:0:7, 4:0:0:0:2, 0:0:0:0:0, 2:0:0:0:3, 4:0:0:0:4, 5:4:0:0:5, 4:0:0:0:4, 4:0:0:0:5, 4:0:0:0:4, 6:4:0:0:5, 5:1:0:0:5, 4:0:0:0:4, 4:0:0:0:6, 4:0:1:0:2, 1:0:0:0:0, 3:0:0:0:3, 3:0:0:0:7, 4:0:0:0:2, 0:0:0:0:0, 2:0:0:0:3, 4:0:0:0:4, 6:4:0:0:5, 4:0:0:0:4, 5:1:0:0:10, 9:4:0:0:8, 4:0:0:0:7, 4:0:0:0:4, 3:0:0:0:2, 5:0:0:0:5, 0:0:0:0:0, 2:0:0:0:1, 2:0:0:0:3, 2:0:0:0:3, 1:0:0:0:1, 1:0:0:0:1, 2:0:0:0:5, 6:0:0:0:4, 6:3:0:0:5, 2:0:0:0:2, 4:0:0:0:4, 5:0:0:0:4, 4:3:0:0:4, 3:0:0:0:3, 3:0:0:0:2, 4:0:0:0:7, 4:0:1:0:2, 1:0:0:0:0, 3:0:0:0:2, 3:0:0:0:7, 4:0:0:0:2, 0:0:0:0:0, 3:0:0:0:4, 4:0:0:0:5, 6:4:0:0:5, 4:0:0:0:4, 6:1:0:0:10, 8:3:0:0:8, 4:0:0:0:5, 3:0:0:0:2, 5:0:0:0:5, 5:0:0:0:7, 3:0:0:0:3, 2:0:0:0:2, 2:0:0:0:3, 3:0:0:0:3, 2:0:0:0:3, 0:0:0:0:0, 2:0:0:0:3, 4:0:0:0:5, 5:3:0:0:4, 2:0:0:0:2, 4:0:0:0:3, 5:0:0:0:6, 6:3:0:0:7, 3:0:0:0:2, 3:0:0:0:2, 3:0:0:0:2, 2:0:0:0:2, 4:0:0:0:3, 2:0:0:0:1, 3:0:0:0:2, 1:0:0:0:2, 0:0:0:0:0, 1:0:0:0:1, 5:0:0:0:6, 4:3:0:0:4, 4:0:0:0:5, 5:3:0:0:12, 7:3:0:0:6, 4:0:0:0:4, 3:0:0:0:2, 4:0:0:0:4, 3:0:0:0:2, 2:0:0:0:1, 1:0:0:0:0, 4:0:0:0:3, 2:0:0:0:3, 0:0:0:0:0, 0:0:0:0:0, 2:0:0:0:2, 4:0:0:0:5, 4:3:0:0:4, 2:0:0:0:4, 3:0:0:0:5, 4:0:0:0:4, 6:3:0:0:6, 2:0:0:0:2, 5:0:0:0:7, 4:0:0:0:6, 4:0:0:0:5, 2:0:0:0:1, 3:0:0:0:2, 2:0:0:0:3, 4:1:0:0:4, 3:0:0:0:1, 3:0:0:0:2, 4:0:0:0:6, 5:3:0:0:5, 2:0:0:0:4, 6:1:0:0:8, 10:3:0:0:9, 5:0:0:0:9, 4:0:0:0:7, 4:0:0:0:6, 3:0:0:0:4, 2:0:0:0:2, 2:0:0:0:1, 2:0:0:0:1, 2:0:0:0:3,  , 1:0:0:0:1, 2:0:0:0:2, 4:0:0:0:4, 4:3:0:0:4, 4:0:0:0:6, 5:0:0:0:6, 4:0:0:0:8, 6:4:0:0:6, 4:0:0:0:5, 4:0:0:0:5, 5:1:0:0:6, 3:0:0:0:5, 2:0:0:0:1, 2:0:0:0:1, 2:0:0:0:2, 1:0:0:0:0, 4:0:0:0:3, 2:0:0:0:2, 5:1:0:0:5, 5:3:0:0:5, 4:0:0:0:6, 5:1:0:0:11, 7:3:0:0:6, 4:0:0:0:4, 4:0:0:0:5, 4:0:0:0:4, 3:0:0:0:3, 1:0:0:0:2, 1:0:0:0:0, 1:0:0:0:2, 2:0:0:0:3, 1:0:0:0:2, 0:0:0:0:0, 1:0:0:0:1, 4:0:0:0:4, 4:3:0:0:4, 2:0:0:0:2, 3:0:0:0:4, 4:0:0:0:6, 4:4:0:0:5, 2:0:0:0:3, 3:0:0:0:4, 4:0:0:0:5, 2:0:0:0:1, 2:0:0:0:2, 2:0:0:0:2, 3:0:0:0:2,  , 1:0:0:0:0, 1:0:0:0:2, 4:0:0:0:6, 4:4:0:0:5, 3:0:0:0:5, 6:2:0:0:12, 10:3:0:0:11, 5:0:0:0:9, 4:0:0:0:5, 4:0:0:0:5, 3:0:0:0:2, 5:0:0:0:4, 3:0:0:0:3, 2:0:0:0:2, 2:0:0:0:2, 3:1:0:0:4, 1:0:0:0:0, 2:0:0:0:1, 6:1:0:0:8, 7:4:0:0:5, 4:0:0:0:3, 4:0:0:0:6, 5:0:0:0:5, 10:3:0:0:7, 3:0:0:0:4, 3:0:0:0:6, 3:0:0:0:2, 1:0:0:0:0, 1:0:0:0:0, 1:0:0:0:1, 2:0:0:0:3, 1:0:0:0:1, 1:0:0:0:1, 1:0:0:0:1, 4:0:0:0:6, 4:3:0:0:4, 2:0:0:0:4, 5:2:0:0:12, 10:3:0:0:8, 4:0:0:0:4, 5:0:0:0:5, 4:0:0:0:4, 5:0:0:0:6, 3:0:0:0:3, 2:0:0:0:1, 4:0:0:0:3, 2:0:0:0:4, 3:0:0:0:3, 1:0:0:0:0, 2:0:0:0:2, 4:0:0:0:8, 6:4:0:0:5, 3:0:0:0:4, 5:0:0:0:8, 5:0:0:0:6, 8:4:0:0:9, 5:0:0:0:8, 4:0:0:0:7, 3:0:0:0:2, 1:0:0:0:1, 1:0:0:0:0, 3:0:0:0:1, 2:0:0:0:3, 0:0:0:0:0, 1:0:0:0:0, 2:0:0:0:2, 4:0:0:0:6, 7:4:0:0:7, 5:0:0:0:7, 5:1:0:0:11, 8:3:0:0:8, 4:0:0:0:4, 3:0:0:0:2, 5:0:0:0:7, 3:0:0:0:2, 1:0:0:0:0, 2:0:0:0:1, 1:0:0:0:1, 3:0:0:0:3, 1:0:0:0:2, 0:0:0:0:0, 1:0:0:0:1, 4:0:0:0:4, 5:3:0:0:5, 4:0:0:0:3, 4:1:0:0:9, 5:0:0:0:4, 6:4:0:0:8, 4:1:0:0:7, 4:0:0:0:7, 3:0:0:0:3, 5:0:0:0:5, 2:0:0:0:1, 2:0:0:0:2, 5:0:0:0:7, 3:0:0:0:2, 4:0:0:0:2, 1:0:0:0:3, 4:0:0:0:5, 9:3:0:0:8, 4:1:0:0:5, 5:1:0:0:7, 8:4:0:0:9, 4:0:0:0:6, 3:0:0:0:2, 4:0:0:0:4, 3:0:0:0:2, 1:0:0:0:0, 1:0:0:0:0, 2:0:0:0:1, 2:0:0:0:2, 0:0:0:0:0, 1:0:0:0:1, 1:0:0:0:2, 4:0:0:0:4, 4:3:0:0:4, 2:0:0:0:2, 4:0:0:0:3, 4:0:0:0:5, 4:3:0:0:4, 2:0:0:0:5, 4:1:0:0:7, 4:0:0:0:5, 1:0:0:0:1, 3:0:2:0:2, 1:0:0:0:1, 3:0:0:0:4,  , 4:0:0:0:2, 2:0:0:0:1, 4:0:0:0:4, 9:3:0:0:8, 4:0:0:0:3, 5:2:0:0:10, 7:3:0:0:6, 4:0:0:0:7, 3:0:0:0:2, 4:0:0:0:4, 4:0:0:0:5, 5:0:0:0:4, 2:0:0:0:1, 3:0:0:0:3, 2:0:0:0:3, 3:0:0:0:4, 1:0:0:0:0, 1:0:0:0:1, 4:0:0:0:5, 6:3:0:0:5, 3:0:0:0:5, 4:0:0:0:6, 4:0:0:0:6, 10:4:0:0:10, 2:0:0:0:3, 5:0:0:0:7, 4:0:0:0:8, 1:0:0:0:0, 1:0:0:0:0, 4:0:0:0:2, 2:0:0:0:4, 3:0:0:0:2, 0:0:0:0:0, 2:0:0:0:3, 5:0:0:0:6, 7:3:0:0:6, 2:0:0:0:5, 5:1:0:0:9, 11:3:0:0:10, 5:0:0:0:9, 4:0:0:0:6, 3:0:0:0:2, 1:0:0:0:0, 1:0:0:0:0, 1:0:0:0:0, 1:0:0:0:0, 1202:173:5:0:1347
F# dorian (6#), 3:0:0:0:1, 5:0:0:0:4, 5:0:0:0:1, 4:2:0:0:4, 6:2:0:0:4, 5:1:0:0:2, 4:0:0:0:1, 4:3:0:0:4, 6:4:0:0:4, 6:0:0:0:3, 0:0:0:0:0, 6:1:0:0:3, 5:2:0:0:3, 6:0:0:0:3, 0:0:0:0:0, 6:1:0:0:3, 5:1:0:0:3, 5:0:0:0:4, 5:0:0:0:1, 4:2:0:0:4, 6:2:0:0:4, 5:1:0:0:2, 4:0:0:0:1, 4:3:0:0:4, 6:4:0:0:4, 6:0:0:0:3, 0:0:0:0:0, 6:1:0:0:3, 5:3:0:0:3, 7:0:0:0:4, 6:2:0:0:6, 5:0:0:0:3, 3:0:0:0:3, 5:0:0:0:3, 0:0:0:0:0, 5:3:0:0:5, 5:2:0:0:3, 4:1:0:0:2, 1:0:0:0:0, 5:3:0:0:4, 7:5:0:0:5, 6:0:0:0:1, 1:0:0:0:0, 4:1:0:0:2, 5:1:0:0:2, 5:0:0:0:1, 0:0:0:0:0, 5:1:0:0:2, 4:1:0:0:2, 5:0:0:0:4, 5:0:0:0:1, 4:2:0:0:4, 6:2:0:0:4, 5:1:0:0:2, 4:0:0:0:1, 4:3:0:0:4, 7:3:0:0:3, 5:0:0:0:2, 0:0:0:0:0, 6:1:0:0:3, 6:2:0:0:3, 7:0:0:0:3, 6:2:0:0:4, 4:0:0:0:5, 7:2:0:0:6, 6:0:0:0:4, 3:0:0:0:3, 5:3:0:0:5, 5:3:0:0:4, 5:1:0:0:2, 2:0:0:0:0, 4:4:0:0:5, 7:5:0:0:5, 4:0:0:0:2, 0:0:0:0:0, 4:1:0:0:2, 5:1:0:0:2, 5:0:0:0:1, 2:0:0:0:0, 5:1:0:0:3, 4:1:0:0:2, 4:0:0:0:2, 2:0:0:0:0, 6:2:0:0:4, 6:2:0:0:3, 4:1:0:0:2, 1:0:0:0:0, 6:3:0:0:4, 5:4:0:0:4, 5:0:0:0:1, 0:0:0:0:0, 6:1:0:0:2, 7:2:0:0:2, 6:0:0:0:2, 6:2:0:0:4, 4:0:0:0:2, 6:2:0:0:4, 4:0:0:0:3, 2:0:0:0:1, 4:2:0:0:4, 6:4:0:0:5, 4:1:0:0:2, 0:0:0:0:0, 4:4:0:0:5, 6:7:0:0:8, 4:0:0:0:1, 0:0:0:0:0, 4:1:0:0:2, 4:1:0:0:2, 4:0:0:0:2, 3:0:0:0:0, 5:1:0:0:2, 7:2:0:0:5, 5:0:0:0:2, 4:2:2:0:3, 5:2:0:0:5, 7:4:0:0:6, 4:1:0:0:2, 4:0:0:0:1, 6:5:0:0:7, 6:4:0:0:5, 4:0:0:0:2, 1:0:0:0:0, 4:1:0:0:2, 6:3:0:0:3, 8:1:1:0:3, 7:2:0:0:6, 5:0:0:0:5, 6:2:0:0:6, 4:0:0:0:4, 2:0:0:0:2, 4:2:0:0:8, 5:4:0:0:8, 4:1:0:0:2,  , 6:3:0:0:4, 6:6:0:0:7, 4:0:0:0:1, 0:0:0:0:0, 6:2:0:0:4, 6:1:0:0:2, 4:0:0:0:2, 2:0:0:0:2, 6:2:0:0:4, 6:1:0:0:5, 6:3:0:0:6, 3:2:2:0:2, 5:3:0:0:7, 5:3:0:0:6, 4:1:0:0:2, 1:0:2:0:0, 8:3:0:0:5, 6:6:0:0:7, 6:1:0:0:2, 1:0:0:0:0, 6:2:0:0:4, 6:2:0:0:3, 6:0:0:0:2, 6:2:0:0:4, 6:0:0:0:4, 6:2:0:0:5, 4:0:0:0:3, 1:2:2:0:2, 4:2:0:0:5, 4:2:0:0:3, 4:1:0:0:2, 1:0:0:0:0, 4:3:0:0:4, 5:3:0:0:3, 4:0:0:0:3, 0:0:0:0:0, 4:1:0:0:2, 5:1:0:0:3, 4:0:0:0:2, 0:0:0:0:0, 4:1:0:0:2, 5:1:0:0:3, 5:0:0:0:3, 2:0:0:0:2, 5:3:0:0:6, 6:4:0:0:6, 5:1:0:0:3,  , 5:4:0:0:6, 5:5:0:0:5, 4:0:0:0:1, 0:0:0:0:0, 5:1:0:0:2, 7:3:0:0:5, 9:1:0:0:4, 7:2:0:0:5, 5:0:0:0:5, 6:2:0:0:4, 4:0:0:0:2, 5:0:0:0:1, 7:4:0:0:8, 5:4:0:0:5, 4:1:0:0:2, 3:0:0:0:0, 6:4:0:0:6, 6:4:0:0:5, 5:0:0:0:2, 1:0:1:0:0, 6:1:0:0:3, 6:1:0:0:3, 6:0:0:0:2, 5:0:0:0:3, 5:1:0:0:2, 5:1:0:0:4, 4:0:0:0:6, 1:0:0:0:4, 4:2:0:0:6, 4:2:0:0:3, 4:1:0:0:2, 1:0:0:0:0, 6:4:0:0:6, 4:3:0:0:3, 4:0:0:0:3, 0:0:0:0:0, 4:1:0:0:2, 6:2:0:0:3, 9:0:0:0:2, 6:2:0:0:4, 6:0:0:0:5, 6:2:0:0:4, 6:0:0:0:6, 3:1:1:0:1, 5:3:0:0:9, 6:4:0:0:5, 4:1:0:0:2, 3:0:0:0:1, 6:4:0:0:6, 6:7:0:0:8, 5:0:0:0:2, 1:0:0:0:1, 5:1:0:0:2, 6:2:0:0:4, 5:0:0:0:4, 4:0:0:0:1, 7:1:0:0:3, 7:2:0:0:4, 4:0:0:0:3, 1:0:0:0:0, 5:2:0:0:4, 6:4:0:0:6, 5:1:0:0:2, 0:0:0:0:0, 5:3:0:0:5, 7:4:0:0:5, 4:0:0:0:2, 3:0:0:0:1, 7:1:0:0:4, 7:3:0:0:5, 7:0:0:0:3, 6:2:0:0:4, 4:0:0:0:2, 7:2:0:0:8, 4:0:0:0:3, 1:0:0:0:2, 5:3:0:0:8, 5:2:0:0:3, 5:1:0:0:3, 1:0:0:0:0, 4:3:0:0:4, 5:4:0:0:5, 4:0:0:0:2, 1:0:0:0:0, 8:1:0:0:2, 7:2:0:0:3, 6:0:0:0:1, 2:0:0:0:1, 6:2:0:0:3, 6:1:0:0:4, 4:0:0:0:3, 6:1:1:0:2, 5:2:0:0:5, 6:5:0:0:7, 7:1:0:0:3, 4:0:0:0:1, 9:3:2:0:4, 5:7:0:0:7, 4:0:0:0:2, 5:0:0:0:1, 6:1:0:0:2, 5:2:0:0:2, 7:0:0:0:2, 6:2:0:0:4, 4:0:0:0:6, 6:2:0:0:4, 4:0:0:0:3, 1:0:0:0:2, 4:2:0:0:5, 5:3:0:0:5, 4:1:0:0:2, 0:0:0:0:0, 5:3:0:0:4, 4:3:0:0:3, 4:0:0:0:1, 0:0:0:0:0, 4:1:0:0:2, 5:1:0:0:3, 4:0:0:0:1, 0:0:0:0:0, 4:1:0:0:2, 6:1:0:0:2, 5:0:0:0:3, 1:0:0:0:0, 6:5:2:0:9, 4:2:0:0:3, 5:2:0:0:3,  , 8:6:0:0:8, 5:3:0:0:4, 4:0:0:0:2, 3:2:2:0:2, 6:1:0:0:3, 5:2:0:0:2, 6:0:0:0:2, 6:2:0:0:5, 4:0:0:0:3, 6:2:0:0:4, 5:0:0:0:3, 5:1:1:0:2, 5:2:0:0:5, 7:4:0:0:6, 4:1:0:0:2, 4:1:0:0:2, 6:4:1:0:5, 5:3:0:0:3, 4:0:0:0:2, 2:0:0:0:0, 5:1:0:0:2, 5:1:0:0:2, 5:0:0:0:3, 5:1:0:0:2, 5:1:0:0:2, 7:1:0:0:4, 5:0:0:0:4, 1:0:0:0:1, 4:2:0:0:4, 8:2:2:0:3, 5:5:0:0:6, 3:0:0:0:1, 4:3:0:0:4, 6:3:0:0:3, 5:0:0:0:2, 2:0:0:0:1, 4:1:0:0:2, 6:2:0:0:3, 9:1:1:0:3, 7:2:0:0:6, 6:1:0:0:8, 6:2:0:0:5, 1:0:0:0:1, 1:0:0:0:1, 1:0:0:0:1, 1:0:0:0:1, 1610:476:23:0:1063
Gb phrygian (6b), 3:0:0:0:2, 4:0:0:0:6, 4:0:1:0:2, 1:0:0:0:0, 3:0:0:0:3, 3:0:0:0:7, 4:0:0:0:2, 0:0:0:0:0, 2:0:0:0:3, 4:0:0:0:4, 5:4:0:0:5, 4:0:0:0:4, 4:0:0:0:5, 4:0:0:0:4, 6:4:0:0:5, 5:1:0:0:5, 4:0:0:0:4, 4:0:0:0:6, 4:0:1:0:2, 1:0:0:0:0, 3:0:0:0:3, 3:0:0:0:7, 4:0:0:0:2, 0:0:0:0:0, 2:0:0:0:3, 4:0:0:0:4, 6:4:0:0:5, 4:0:0:0:4, 5:1:0:0:10, 9:4:0:0:8, 4:0:0:0:7, 4:0:0:0:4, 3:0:0:0:2, 5:0:0:0:5, 0:0:0:0:0, 2:0:0:0:1, 2:0:0:0:3, 2:0:0:0:3, 1:0:0:0:1, 1:0:0:0:1, 2:0:0:0:5, 6:0:0:0:4, 6:3:0:0:5, 2:0:0:0:2, 4:0:0:0:4, 5:0:0:0:4, 4:3:0:0:4, 3:0:0:0:3, 3:0:0:0:2, 4:0:0:0:7, 4:0:1:0:2, 1:0:0:0:0, 3:0:0:0:2, 3:0:0:0:7, 4:0:0:0:2, 0:0:0:0:0, 3:0:0:0:4, 4:0:0:0:5, 6:4:0:0:5, 4:0:0:0:4, 6:1:0:0:10, 8:3:0:0:8, 4:0:0:0:5, 3:0:0:0:2, 5:0:0:0:5, 5:0:0:0:7, 3:0:0:0:3, 2:0:0:0:2, 2:0:0:0:3, 3:0:0:0:3, 2:0:0:0:3, 0:0:0:0:0, 2:0:0:0:3, 4:0:0:0:5, 5:3:0:0:4, 2:0:0:0:2, 4:0:0:0:3, 5:0:0:0:6, 6:3:0:0:7, 3:0:0:0:2, 3:0:0:0:2, 3:0:0:0:2, 2:0:0:0:2, 4:0:0:0:3, 2:0:0:0:1, 3:0:0:0:2, 1:0:0:0:2, 0:0:0:0:0, 1:0:0:0:1, 5:0:0:0:6, 4:3:0:0:4, 4:0:0:0:5, 5:3:0:0:12, 7:3:0:0:6, 4:0:0:0:4, 3:0:0:0:2, 4:0:0:0:4, 3:0:0:0:2, 2:0:0:0:1, 1:0:0:0:0, 4:0:0:0:3, 2:0:0:0:3, 0:0:0:0:0, 0:0:0:0:0, 2:0:0:0:2, 4:0:0:0:5, 4:3:0:0:4, 2:0:0:0:4, 3:0:0:0:5, 4:0:0:0:4, 6:3:0:0:6, 2:0:0:0:2, 5:0:0:0:7, 4:0:0:0:6, 4:0:0:0:5, 2:0:0:0:1, 3:0:0:0:2, 2:0:0:0:3, 4:1:0:0:4, 3:0:0:0:1, 3:0:0:0:2, 4:0:0:0:6, 5:3:0:0:5, 2:0:0:0:4, 6:1:0:0:8, 10:3:0:0:9, 5:0:0:0:9, 4:0:0:0:7, 4:0:0:0:6, 3:0:0:0:4, 2:0:0:0:2, 2:0:0:0:1, 2:0:0:0:1, 2:0:0:0:3,  , 1:0:0:0:1, 2:0:0:0:2, 4:0:0:0:4, 4:3:0:0:4, 4:0:0:0:6, 5:0:0:0:6, 4:0:0:0:8, 6:4:0:0:6, 4:0:0:0:5, 4:0:0:0:5, 5:1:0:0:6, 3:0:0:0:5, 2:0:0:0:1, 2:0:0:0:1, 2:0:0:0:2, 1:0:0:0:0, 4:0:0:0:3, 2:0:0:0:2, 5:1:0:0:5, 5:3:0:0:5, 4:0:0:0:6, 5:1:0:0:11, 7:3:0:0:6, 4:0:0:0:4, 4:0:0:0:5, 4:0:0:0:4, 3:0:0:0:3, 1:0:0:0:2, 1:0:0:0:0, 1:0:0:0:2, 2:0:0:0:3, 1:0:0:0:2, 0:0:0:0:0, 1:0:0:0:1, 4:0:0:0:4, 4:3:0:0:4, 2:0:0:0:2, 3:0:0:0:4, 4:0:0:0:6, 4:4:0:0:5, 2:0:0:0:3, 3:0:0:0:4, 4:0:0:0:5, 2:0:0:0:1, 2:0:0:0:2, 2:0:0:0:2, 3:0:0:0:2,  , 1:0:0:0:0, 1:0:0:0:2, 4:0:0:0:6, 4:4:0:0:5, 3:0:0:0:5, 6:2:0:0:12, 10:3:0:0:11, 5:0:0:0:9, 4:0:0:0:5, 4:0:0:0:5, 3:0:0:0:2, 5:0:0:0:4, 3:0:0:0:3, 2:0:0:0:2, 2:0:0:0:2, 3:1:0:0:4, 1:0:0:0:0, 2:0:0:0:1, 6:1:0:0:8, 7:4:0:0:5, 4:0:0:0:3, 4:0:0:0:6, 5:0:0:0:5, 10:3:0:0:7, 3:0:0:0:4, 3:0:0:0:6, 3:0:0:0:2, 1:0:0:0:0, 1:0:0:0:0, 1:0:0:0:1, 2:0:0:0:3, 1:0:0:0:1, 1:0:0:0:1, 1:0:0:0:1, 4:0:0:0:6, 4:3:0:0:4, 2:0:0:0:4, 5:2:0:0:12, 10:3:0:0:8, 4:0:0:0:4, 5:0:0:0:5, 4:0:0:0:4, 5:0:0:0:6, 3:0:0:0:3, 2:0:0:0:1, 4:0:0:0:3, 2:0:0:0:4, 3:0:0:0:3, 1:0:0:0:0, 2:0:0:0:2, 4:0:0:0:8, 6:4:0:0:5, 3:0:0:0:4, 5:0:0:0:8, 5:0:0:0:6, 8:4:0:0:9, 5:0:0:0:8, 4:0:0:0:7, 3:0:0:0:2, 1:0:0:0:1, 1:0:0:0:0, 3:0:0:0:1, 2:0:0:0:3, 0:0:0:0:0, 1:0:0:0:0, 2:0:0:0:2, 4:0:0:0:6, 7:4:0:0:7, 5:0:0:0:7, 5:1:0:0:11, 8:3:0:0:8, 4:0:0:0:4, 3:0:0:0:2, 5:0:0:0:7, 3:0:0:0:2, 1:0:0:0:0, 2:0:0:0:1, 1:0:0:0:1, 3:0:0:0:3, 1:0:0:0:2, 0:0:0:0:0, 1:0:0:0:1, 4:0:0:0:4, 5:3:0:0:5, 4:0:0:0:3, 4:1:0:0:9, 5:0:0:0:4, 6:4:0:0:8, 4:1:0:0:7, 4:0:0:0:7, 3:0:0:0:3, 5:0:0:0:5, 2:0:0:0:1, 2:0:0:0:2, 5:0:0:0:7, 3:0:0:0:2, 4:0:0:0:2, 1:0:0:0:3, 4:0:0:0:5, 9:3:0:0:8, 4:1:0:0:5, 5:1:0:0:7, 8:4:0:0:9, 4:0:0:0:6, 3:0:0:0:2, 4:0:0:0:4, 3:0:0:0:2, 1:0:0:0:0, 1:0:0:0:0, 2:0:0:0:1, 2:0:0:0:2, 0:0:0:0:0, 1:0:0:0:1, 1:0:0:0:2, 4:0:0:0:4, 4:3:0:0:4, 2:0:0:0:2, 4:0:0:0:3, 4:0:0:0:5, 4:3:0:0:4, 2:0:0:0:5, 4:1:0:0:7, 4:0:0:0:5, 1:0:0:0:1, 3:0:2:0:2, 1:0:0:0:1, 3:0:0:0:4,  , 4:0:0:0:2, 2:0:0:0:1, 4:0:0:0:4, 9:3:0:0:8, 4:0:0:0:3, 5:2:0:0:10, 7:3:0:0:6, 4:0:0:0:7, 3:0:0:0:2, 4:0:0:0:4, 4:0:0:0:5, 5:0:0:0:4, 2:0:0:0:1, 3:0:0:0:3, 2:0:0:0:3, 3:0:0:0:4, 1:0:0:0:0, 1:0:0:0:1, 4:0:0:0:5, 6:3:0:0:5, 3:0:0:0:5, 4:0:0:0:6, 4:0:0:0:6, 10:4:0:0:10, 2:0:0:0:3, 5:0:0:0:7, 4:0:0:0:8, 1:0:0:0:0, 1:0:0:0:0, 4:0:0:0:2, 2:0:0:0:4, 3:0:0:0:2, 0:0:0:0:0, 2:0:0:0:3, 5:0:0:0:6, 7:3:0:0:6, 2:0:0:0:5, 5:1:0:0:9, 11:3:0:0:10, 5:0:0:0:9, 4:0:0:0:6, 3:0:0:0:2, 1:0:0:0:0, 1:0:0:0:0, 1:0:0:0:0, 1:0:0:0:0, 1202:173:5:0:1347
F# phrygian (6#), 3:0:0:0:1, 5:0:0:0:4, 5:0:0:0:1, 4:2:0:0:4, 6:2:0:0:4, 5:1:0:0:2, 4:0:0:0:1, 4:3:0:0:4, 6:4:0:0:4, 6:0:0:0:3, 0:0:0:0:0, 6:1:0:0:3, 5:2:0:0:3, 6:0:0:0:3, 0:0:0:0:0, 6:1:0:0:3, 5:1:0:0:3, 5:0:0:0:4, 5:0:0:0:1, 4:2:0:0:4, 6:2:0:0:4, 5:1:0:0:2, 4:0:0:0:1, 4:3:0:0:4, 6:4:0:0:4, 6:0:0:0:3, 0:0:0:0:0, 6:1:0:0:3, 5:3:0:0:3, 7:0:0:0:4, 6:2:0:0:6, 5:0:0:0:3, 3:0:0:0:3, 5:0:0:0:3, 0:0:0:0:0, 5:3:0:0:5, 5:2:0:0:3, 4:1:0:0:2, 1:0:0:0:0, 5:3:0:0:4, 7:5:0:0:5, 6:0:0:0:1, 1:0:0:0:0, 4:1:0:0:2, 5:1:0:0:2, 5:0:0:0:1, 0:0:0:0:0, 5:1:0:0:2, 4:1:0:0:2, 5:0:0:0:4, 5:0:0:0:1, 4:2:0:0:4, 6:2:0:0:4, 5:1:0:0:2, 4:0:0:0:1, 4:3:0:0:4, 7:3:0:0:3, 5:0:0:0:2, 0:0:0:0:0, 6:1:0:0:3, 6:2:0:0:3, 7:0:0:0:3, 6:2:0:0:4, 4:0:0:0:5, 7:2:0:0:6, 6:0:0:0:4, 3:0:0:0:3, 5:3:0:0:5, 5:3:0:0:4, 5:1:0:0:2, 2:0:0:0:0, 4:4:0:0:5, 7:5:0:0:5, 4:0:0:0:2, 0:0:0:0:0, 4:1:0:0:2, 5:1:0:0:2, 5:0:0:0:1, 2:0:0:0:0, 5:1:0:0:3, 4:1:0:0:2, 4:0:0:0:2, 2:0:0:0:0, 6:2:0:0:4, 6:2:0:0:3, 4:1:0:0:2, 1:0:0:0:0, 6:3:0:0:4, 5:4:0:0:4, 5:0:0:0:1, 0:0:0:0:0, 6:1:0:0:2, 7:2:0:0:2, 6:0:0:0:2, 6:2:0:0:4, 4:0:0:0:2, 6:2:0:0:4, 4:0:0:0:3, 2:0:0:0:1, 4:2:0:0:4, 6:4:0:0:5, 4:1:0:0:2, 0:0:0:0:0, 4:4:0:0:5, 6:7:0:0:8, 4:0:0:0:1, 0:0:0:0:0, 4:1:0:0:2, 4:1:0:0:2, 4:0:0:0:2, 3:0:0:0:0, 5:1:0:0:2, 7:2:0:0:5, 5:0:0:0:2, 4:2:2:0:3, 5:2:0:0:5, 7:4:0:0:6, 4:1:0:0:2, 4:0:0:0:1, 6:5:0:0:7, 6:4:0:0:5, 4:0:0:0:2, 1:0:0:0:0, 4:1:0:0:2, 6:3:0:0:3, 8:1:1:0:3, 7:2:0:0:6, 5:0:0:0:5, 6:2:0:0:6, 4:0:0:0:4, 2:0:0:0:2, 4:2:0:0:8, 5:4:0:0:8, 4:1:0:0:2,  , 6:3:0:0:4, 6:6:0:0:7, 4:0:0:0:1, 0:0:0:0:0, 6:2:0:0:4, 6:1:0:0:2, 4:0:0:0:2, 2:0:0:0:2, 6:2:0:0:4, 6:1:0:0:5, 6:3:0:0:6, 3:2:2:0:2, 5:3:0:0:7, 5:3:0:0:6, 4:1:0:0:2, 1:0:2:0:0, 8:3:0:0:5, 6:6:0:0:7, 6:1:0:0:2, 1:0:0:0:0, 6:2:0:0:4, 6:2:0:0:3, 6:0:0:0:2, 6:2:0:0:4, 6:0:0:0:4, 6:2:0:0:5, 4:0:0:0:3, 1:2:2:0:2, 4:2:0:0:5, 4:2:0:0:3, 4:1:0:0:2, 1:0:0:0:0, 4:3:0:0:4, 5:3:0:0:3, 4:0:0:0:3, 0:0:0:0:0, 4:1:0:0:2, 5:1:0:0:3, 4:0:0:0:2, 0:0:0:0:0, 4:1:0:0:2, 5:1:0:0:3, 5:0:0:0:3, 2:0:0:0:2, 5:3:0:0:6, 6:4:0:0:6, 5:1:0:0:3,  , 5:4:0:0:6, 5:5:0:0:5, 4:0:0:0:1, 0:0:0:0:0, 5:1:0:0:2, 7:3:0:0:5, 9:1:0:0:4, 7:2:0:0:5, 5:0:0:0:5, 6:2:0:0:4, 4:0:0:0:2, 5:0:0:0:1, 7:4:0:0:8, 5:4:0:0:5, 4:1:0:0:2, 3:0:0:0:0, 6:4:0:0:6, 6:4:0:0:5, 5:0:0:0:2, 1:0:1:0:0, 6:1:0:0:3, 6:1:0:0:3, 6:0:0:0:2, 5:0:0:0:3, 5:1:0:0:2, 5:1:0:0:4, 4:0:0:0:6, 1:0:0:0:4, 4:2:0:0:6, 4:2:0:0:3, 4:1:0:0:2, 1:0:0:0:0, 6:4:0:0:6, 4:3:0:0:3, 4:0:0:0:3, 0:0:0:0:0, 4:1:0:0:2, 6:2:0:0:3, 9:0:0:0:2, 6:2:0:0:4, 6:0:0:0:5, 6:2:0:0:4, 6:0:0:0:6, 3:1:1:0:1, 5:3:0:0:9, 6:4:0:0:5, 4:1:0:0:2, 3:0:0:0:1, 6:4:0:0:6, 6:7:0:0:8, 5:0:0:0:2, 1:0:0:0:1, 5:1:0:0:2, 6:2:0:0:4, 5:0:0:0:4, 4:0:0:0:1, 7:1:0:0:3, 7:2:0:0:4, 4:0:0:0:3, 1:0:0:0:0, 5:2:0:0:4, 6:4:0:0:6, 5:1:0:0:2, 0:0:0:0:0, 5:3:0:0:5, 7:4:0:0:5, 4:0:0:0:2, 3:0:0:0:1, 7:1:0:0:4, 7:3:0:0:5, 7:0:0:0:3, 6:2:0:0:4, 4:0:0:0:2, 7:2:0:0:8, 4:0:0:0:3, 1:0:0:0:2, 5:3:0:0:8, 5:2:0:0:3, 5:1:0:0:3, 1:0:0:0:0, 4:3:0:0:4, 5:4:0:0:5, 4:0:0:0:2, 1:0:0:0:0, 8:1:0:0:2, 7:2:0:0:3, 6:0:0:0:1, 2:0:0:0:1, 6:2:0:0:3, 6:1:0:0:4, 4:0:0:0:3, 6:1:1:0:2, 5:2:0:0:5, 6:5:0:0:7, 7:1:0:0:3, 4:0:0:0:1, 9:3:2:0:4, 5:7:0:0:7, 4:0:0:0:2, 5:0:0:0:1, 6:1:0:0:2, 5:2:0:0:2, 7:0:0:0:2, 6:2:0:0:4, 4:0:0:0:6, 6:2:0:0:4, 4:0:0:0:3, 1:0:0:0:2, 4:2:0:0:5, 5:3:0:0:5, 4:1:0:0:2, 0:0:0:0:0, 5:3:0:0:4, 4:3:0:0:3, 4:0:0:0:1, 0:0:0:0:0, 4:1:0:0:2, 5:1:0:0:3, 4:0:0:0:1, 0:0:0:0:0, 4:1:0:0:2, 6:1:0:0:2, 5:0:0:0:3, 1:0:0:0:0, 6:5:2:0:9, 4:2:0:0:3, 5:2:0:0:3,  , 8:6:0:0:8, 5:3:0:0:4, 4:0:0:0:2, 3:2:2:0:2, 6:1:0:0:3, 5:2:0:0:2, 6:0:0:0:2, 6:2:0:0:5, 4:0:0:0:3, 6:2:0:0:4, 5:0:0:0:3, 5:1:1:0:2, 5:2:0:0:5, 7:4:0:0:6, 4:1:0:0:2, 4:1:0:0:2, 6:4:1:0:5, 5:3:0:0:3, 4:0:0:0:2, 2:0:0:0:0, 5:1:0:0:2, 5:1:0:0:2, 5:0:0:0:3, 5:1:0:0:2, 5:1:0:0:2, 7:1:0:0:4, 5:0:0:0:4, 1:0:0:0:1, 4:2:0:0:4, 8:2:2:0:3, 5:5:0:0:6, 3:0:0:0:1, 4:3:0:0:4, 6:3:0:0:3, 5:0:0:0:2, 2:0:0:0:1, 4:1:0:0:2, 6:2:0:0:3, 9:1:1:0:3, 7:2:0:0:6, 6:1:0:0:8, 6:2:0:0:5, 1:0:0:0:1, 1:0:0:0:1, 1:0:0:0:1, 1:0:0:0:1, 1610:476:23:0:1063
Gb lydian (6b), 3:0:0:0:2, 4:0:0:0:6, 4:0:1:0:2, 1:0:0:0:0, 3:0:0:0:3, 3:0:0:0:7, 4:0:0:0:2, 0:0:0:0:0, 2:0:0:0:3, 4:0:0:0:4, 5:4:0:0:5, 4:0:0:0:4, 4:0:0:0:5, 4:0:0:0:4, 6:4:0:0:5, 5:1:0:0:5, 4:0:0:0:4, 4:0:0:0:6, 4:0:1:0:2, 1:0:0:0:0, 3:0:0:0:3, 3:0:0:0:7, 4:0:0:0:2, 0:0:0:0:0, 2:0:0:0:3, 4:0:0:0:4, 6:4:0:0:5, 4:0:0:0:4, 5:1:0:0:10, 9:4:0:0:8, 4:0:0:0:7, 4:0:0:0:4, 3:0:0:0:2, 5:0:0:0:5, 0:0:0:0:0, 2:0:0:0:1, 2:0:0:0:3, 2:0:0:0:3, 1:0:0:0:1, 1:0:0:0:1, 2:0:0:0:5, 6:0:0:0:4, 6:3:0:0:5, 2:0:0:0:2, 4:0:0:0:4, 5:0:0:0:4, 4:3:0:0:4, 3:0:0:0:3, 3:0:0:0:2, 4:0:0:0:7, 4:0:1:0:2, 1:0:0:0:0, 3:0:0:0:2, 3:0:0:0:7, 4:0:0:0:2, 0:0:0:0:0, 3:0:0:0:4, 4:0:0:0:5, 6:4:0:0:5, 4:0:0:0:4, 6:1:0:0:10, 8:3:0:0:8, 4:0:0:0:5, 3:0:0:0:2, 5:0:0:0:5, 5:0:0:0:7, 3:0:0:0:3, 2:0:0:0:2, 2:0:0:0:3, 3:0:0:0:3, 2:0:0:0:3, 0:0:0:0:0, 2:0:0:0:3, 4:0:0:0:5, 5:3:0:0:4, 2:0:0:0:2, 4:0:0:0:3, 5:0:0:0:6, 6:3:0:0:7, 3:0:0:0:2, 3:0:0:0:2, 3:0:0:0:2, 2:0:0:0:2, 4:0:0:0:3, 2:0:0:0:1, 3:0:0:0:2, 1:0:0:0:2, 0:0:0:0:0, 1:0:0:0:1, 5:0:0:0:6, 4:3:0:0:4, 4:0:0:0:5, 5:3:0:0:12, 7:3:0:0:6, 4:0:0:0:4, 3:0:0:0:2, 4:0:0:0:4, 3:0:0:0:2, 2:0:0:0:1, 1:0:0:0:0, 4:0:0:0:3, 2:0:0:0:3, 0:0:0:0:0, 0:0:0:0:0, 2:0:0:0:2, 4:0:0:0:5, 4:3:0:0:4, 2:0:0:0:4, 3:0:0:0:5, 4:0:0:0:4, 6:3:0:0:6, 2:0:0:0:2, 5:0:0:0:7, 4:0:0:0:6, 4:0:0:0:5, 2:0:0:0:1, 3:0:0:0:2, 2:0:0:0:3, 4:1:0:0:4, 3:0:0:0:1, 3:0:0:0:2, 4:0:0:0:6, 5:3:0:0:5, 2:0:0:0:4, 6:1:0:0:8, 10:3:0:0:9, 5:0:0:0:9, 4:0:0:0:7, 4:0:0:0:6, 3:0:0:0:4, 2:0:0:0:2, 2:0:0:0:1, 2:0:0:0:1, 2:0:0:0:3,  , 1:0:0:0:1, 2:0:0:0:2, 4:0:0:0:4, 4:3:0:0:4, 4:0:0:0:6, 5:0:0:0:6, 4:0:0:0:8, 6:4:0:0:6, 4:0:0:0:5, 4:0:0:0:5, 5:1:0:0:6, 3:0:0:0:5, 2:0:0:0:1, 2:0:0:0:1, 2:0:0:0:2, 1:0:0:0:0, 4:0:0:0:3, 2:0:0:0:2, 5:1:0:0:5, 5:3:0:0:5, 4:0:0:0:6, 5:1:0:0:11, 7:3:0:0:6, 4:0:0:0:4, 4:0:0:0:5, 4:0:0:0:4, 3:0:0:0:3, 1:0:0:0:2, 1:0:0:0:0, 1:0:0:0:2, 2:0:0:0:3, 1:0:0:0:2, 0:0:0:0:0, 1:0:0:0:1, 4:0:0:0:4, 4:3:0:0:4, 2:0:0:0:2, 3:0:0:0:4, 4:0:0:0:6, 4:4:0:0:5, 2:0:0:0:3, 3:0:0:0:4, 4:0:0:0:5, 2:0:0:0:1, 2:0:0:0:2, 2:0:0:0:2, 3:0:0:0:2,  , 1:0:0:0:0, 1:0:0:0:2, 4:0:0:0:6, 4:4:0:0:5, 3:0:0:0:5, 6:2:0:0:12, 10:3:0:0:11, 5:0:0:0:9, 4:0:0:0:5, 4:0:0:0:5, 3:0:0:0:2, 5:0:0:0:4, 3:0:0:0:3, 2:0:0:0:2, 2:0:0:0:2, 3:1:0:0:4, 1:0:0:0:0, 2:0:0:0:1, 6:1:0:0:8, 7:4:0:0:5, 4:0:0:0:3, 4:0:0:0:6, 5:0:0:0:5, 10:3:0:0:7, 3:0:0:0:4, 3:0:0:0:6, 3:0:0:0:2, 1:0:0:0:0, 1:0:0:0:0, 1:0:0:0:1, 2:0:0:0:3, 1:0:0:0:1, 1:0:0:0:1, 1:0:0:0:1, 4:0:0:0:6, 4:3:0:0:4, 2:0:0:0:4, 5:2:0:0:12, 10:3:0:0:8, 4:0:0:0:4, 5:0:0:0:5, 4:0:0:0:4, 5:0:0:0:6, 3:0:0:0:3, 2:0:0:0:1, 4:0:0:0:3, 2:0:0:0:4, 3:0:0:0:3, 1:0:0:0:0, 2:0:0:0:2, 4:0:0:0:8, 6:4:0:0:5, 3:0:0:0:4, 5:0:0:0:8, 5:0:0:0:6, 8:4:0:0:9, 5:0:0:0:8, 4:0:0:0:7, 3:0:0:0:2, 1:0:0:0:1, 1:0:0:0:0, 3:0:0:0:1, 2:0:0:0:3, 0:0:0:0:0, 1:0:0:0:0, 2:0:0:0:2, 4:0:0:0:6, 7:4:0:0:7, 5:0:0:0:7, 5:1:0:0:11, 8:3:0:0:8, 4:0:0:0:4, 3:0:0:0:2, 5:0:0:0:7, 3:0:0:0:2, 1:0:0:0:0, 2:0:0:0:1, 1:0:0:0:1, 3:0:0:0:3, 1:0:0:0:2, 0:0:0:0:0, 1:0:0:0:1, 4:0:0:0:4, 5:3:0:0:5, 4:0:0:0:3, 4:1:0:0:9, 5:0:0:0:4, 6:4:0:0:8, 4:1:0:0:7, 4:0:0:0:7, 3:0:0:0:3, 5:0:0:0:5, 2:0:0:0:1, 2:0:0:0:2, 5:0:0:0:7, 3:0:0:0:2, 4:0:0:0:2, 1:0:0:0:3, 4:0:0:0:5, 9:3:0:0:8, 4:1:0:0:5, 5:1:0:0:7, 8:4:0:0:9, 4:0:0:0:6, 3:0:0:0:2, 4:0:0:0:4, 3:0:0:0:2, 1:0:0:0:0, 1:0:0:0:0, 2:0:0:0:1, 2:0:0:0:2, 0:0:0:0:0, 1:0:0:0:1, 1:0:0:0:2, 4:0:0:0:4, 4:3:0:0:4, 2:0:0:0:2, 4:0:0:0:3, 4:0:0:0:5, 4:3:0:0:4, 2:0:0:0:5, 4:1:0:0:7, 4:0:0:0:5, 1:0:0:0:1, 3:0:2:0:2, 1:0:0:0:1, 3:0:0:0:4,  , 4:0:0:0:2, 2:0:0:0:1, 4:0:0:0:4, 9:3:0:0:8, 4:0:0:0:3, 5:2:0:0:10, 7:3:0:0:6, 4:0:0:0:7, 3:0:0:0:2, 4:0:0:0:4, 4:0:0:0:5, 5:0:0:0:4, 2:0:0:0:1, 3:0:0:0:3, 2:0:0:0:3, 3:0:0:0:4, 1:0:0:0:0, 1:0:0:0:1, 4:0:0:0:5, 6:3:0:0:5, 3:0:0:0:5, 4:0:0:0:6, 4:0:0:0:6, 10:4:0:0:10, 2:0:0:0:3, 5:0:0:0:7, 4:0:0:0:8, 1:0:0:0:0, 1:0:0:0:0, 4:0:0:0:2, 2:0:0:0:4, 3:0:0:0:2, 0:0:0:0:0, 2:0:0:0:3, 5:0:0:0:6, 7:3:0:0:6, 2:0:0:0:5, 5:1:0:0:9, 11:3:0:0:10, 5:0:0:0:9, 4:0:0:0:6, 3:0:0:0:2, 1:0:0:0:0, 1:0:0:0:0, 1:0:0:0:0, 1:0:0:0:0, 1202:173:5:0:1347
F# lydian (6#), 3:0:0:0:1, 5:0:0:0:4, 5:0:0:0:1, 4:2:0:0:4, 6:2:0:0:4, 5:1:0:0:2, 4:0:0:0:1, 4:3:0:0:4, 6:4:0:0:4, 6:0:0:0:3, 0:0:0:0:0, 6:1:0:0:3, 5:2:0:0:3, 6:0:0:0:3, 0:0:0:0:0, 6:1:0:0:3, 5:1:0:0:3, 5:0:0:0:4, 5:0:0:0:1, 4:2:0:0:4, 6:2:0:0:4, 5:1:0:0:2, 4:0:0:0:1, 4:3:0:0:4, 6:4:0:0:4, 6:0:0:0:3, 0:0:0:0:0, 6:1:0:0:3, 5:3:0:0:3, 7:0:0:0:4, 6:2:0:0:6, 5:0:0:0:3, 3:0:0:0:3, 5:0:0:0:3, 0:0:0:0:0, 5:3:0:0:5, 5:2:0:0:3, 4:1:0:0:2, 1:0:0:0:0, 5:3:0:0:4, 7:5:0:0:5, 6:0:0:0:1, 1:0:0:0:0, 4:1:0:0:2, 5:1:0:0:2, 5:0:0:0:1, 0:0:0:0:0, 5:1:0:0:2, 4:1:0:0:2, 5:0:0:0:4, 5:0:0:0:1, 4:2:0:0:4, 6:2:0:0:4, 5:1:0:0:2, 4:0:0:0:1, 4:3:0:0:4, 7:3:0:0:3, 5:0:0:0:2, 0:0:0:0:0, 6:1:0:0:3, 6:2:0:0:3, 7:0:0:0:3, 6:2:0:0:4, 4:0:0:0:5, 7:2:0:0:6, 6:0:0:0:4, 3:0:0:0:3, 5:3:0:0:5, 5:3:0:0:4, 5:1:0:0:2, 2:0:0:0:0, 4:4:0:0:5, 7:5:0:0:5, 4:0:0:0:2, 0:0:0:0:0, 4:1:0:0:2, 5:1:0:0:2, 5:0:0:0:1, 2:0:0:0:0, 5:1:0:0:3, 4:1:0:0:2, 4:0:0:0:2, 2:0:0:0:0, 6:2:0:0:4, 6:2:0:0:3, 4:1:0:0:2, 1:0:0:0:0, 6:3:0:0:4, 5:4:0:0:4, 5:0:0:0:1, 0:0:0:0:0, 6:1:0:0:2, 7:2:0:0:2, 6:0:0:0:2, 6:2:0:0:4, 4:0:0:0:2, 6:2:0:0:4, 4:0:0:0:3, 2:0:0:0:1, 4:2:0:0:4, 6:4:0:0:5, 4:1:0:0:2, 0:0:0:0:0, 4:4:0:0:5, 6:7:0:0:8, 4:0:0:0:1, 0:0:0:0:0, 4:1:0:0:2, 4:1:0:0:2, 4:0:0:0:2, 3:0:0:0:0, 5:1:0:0:2, 7:2:0:0:5, 5:0:0:0:2, 4:2:2:0:3, 5:2:0:0:5, 7:4:0:0:6, 4:1:0:0:2, 4:0:0:0:1, 6:5:0:0:7, 6:4:0:0:5, 4:0:0:0:2, 1:0:0:0:0, 4:1:0:0:2, 6:3:0:0:3, 8:1:1:0:3, 7:2:0:0:6, 5:0:0:0:5, 6:2:0:0:6, 4:0:0:0:4, 2:0:0:0:2, 4:2:0:0:8, 5:4:0:0:8, 4:1:0:0:2,  , 6:3:0:0:4, 6:6:0:0:7, 4:0:0:0:1, 0:0:0:0:0, 6:2:0:0:4, 6:1:0:0:2, 4:0:0:0:2, 2:0:0:0:2, 6:2:0:0:4, 6:1:0:0:5, 6:3:0:0:6, 3:2:2:0:2, 5:3:0:0:7, 5:3:0:0:6, 4:1:0:0:2, 1:0:2:0:0, 8:3:0:0:5, 6:6:0:0:7, 6:1:0:0:2, 1:0:0:0:0, 6:2:0:0:4, 6:2:0:0:3, 6:0:0:0:2, 6:2:0:0:4, 6:0:0:0:4, 6:2:0:0:5, 4:0:0:0:3, 1:2:2:0:2, 4:2:0:0:5, 4:2:0:0:3, 4:1:0:0:2, 1:0:0:0:0, 4:3:0:0:4, 5:3:0:0:3, 4:0:0:0:3, 0:0:0:0:0, 4:1:0:0:2, 5:1:0:0:3, 4:0:0:0:2, 0:0:0:0:0, 4:1:0:0:2, 5:1:0:0:3, 5:0:0:0:3, 2:0:0:0:2, 5:3:0:0:6, 6:4:0:0:6, 5:1:0:0:3,  , 5:4:0:0:6, 5:5:0:0:5, 4:0:0:0:1, 0:0:0:0:0, 5:1:0:0:2, 7:3:0:0:5, 9:1:0:0:4, 7:2:0:0:5, 5:0:0:0:5, 6:2:0:0:4, 4:0:0:0:2, 5:0:0:0:1, 7:4:0:0:8, 5:4:0:0:5, 4:1:0:0:2, 3:0:0:0:0, 6:4:0:0:6, 6:4:0:0:5, 5:0:0:0:2, 1:0:1:0:0, 6:1:0:0:3, 6:1:0:0:3, 6:0:0:0:2, 5:0:0:0:3, 5:1:0:0:2, 5:1:0:0:4, 4:0:0:0:6, 1:0:0:0:4, 4:2:0:0:6, 4:2:0:0:3, 4:1:0:0:2, 1:0:0:0:0, 6:4:0:0:6, 4:3:0:0:3, 4:0:0:0:3, 0:0:0:0:0, 4:1:0:0:2, 6:2:0:0:3, 9:0:0:0:2, 6:2:0:0:4, 6:0:0:0:5, 6:2:0:0:4, 6:0:0:0:6, 3:1:1:0:1, 5:3:0:0:9, 6:4:0:0:5, 4:1:0:0:2, 3:0:0:0:1, 6:4:0:0:6, 6:7:0:0:8, 5:0:0:0:2, 1:0:0:0:1, 5:1:0:0:2, 6:2:0:0:4, 5:0:0:0:4, 4:0:0:0:1, 7:1:0:0:3, 7:2:0:0:4, 4:0:0:0:3, 1:0:0:0:0, 5:2:0:0:4, 6:4:0:0:6, 5:1:0:0:2, 0:0:0:0:0, 5:3:0:0:5, 7:4:0:0:5, 4:0:0:0:2, 3:0:0:0:1, 7:1:0:0:4, 7:3:0:0:5, 7:0:0:0:3, 6:2:0:0:4, 4:0:0:0:2, 7:2:0:0:8, 4:0:0:0:3, 1:0:0:0:2, 5:3:0:0:8, 5:2:0:0:3, 5:1:0:0:3, 1:0:0:0:0, 4:3:0:0:4, 5:4:0:0:5, 4:0:0:0:2, 1:0:0:0:0, 8:1:0:0:2, 7:2:0:0:3, 6:0:0:0:1, 2:0:0:0:1, 6:2:0:0:3, 6:1:0:0:4, 4:0:0:0:3, 6:1:1:0:2, 5:2:0:0:5, 6:5:0:0:7, 7:1:0:0:3, 4:0:0:0:1, 9:3:2:0:4, 5:7:0:0:7, 4:0:0:0:2, 5:0:0:0:1, 6:1:0:0:2, 5:2:0:0:2, 7:0:0:0:2, 6:2:0:0:4, 4:0:0:0:6, 6:2:0:0:4, 4:0:0:0:3, 1:0:0:0:2, 4:2:0:0:5, 5:3:0:0:5, 4:1:0:0:2, 0:0:0:0:0, 5:3:0:0:4, 4:3:0:0:3, 4:0:0:0:1, 0:0:0:0:0, 4:1:0:0:2, 5:1:0:0:3, 4:0:0:0:1, 0:0:0:0:0, 4:1:0:0:2, 6:1:0:0:2, 5:0:0:0:3, 1:0:0:0:0, 6:5:2:0:9, 4:2:0:0:3, 5:2:0:0:3,  , 8:6:0:0:8, 5:3:0:0:4, 4:0:0:0:2, 3:2:2:0:2, 6:1:0:0:3, 5:2:0:0:2, 6:0:0:0:2, 6:2:0:0:5, 4:0:0:0:3, 6:2:0:0:4, 5:0:0:0:3, 5:1:1:0:2, 5:2:0:0:5, 7:4:0:0:6, 4:1:0:0:2, 4:1:0:0:2, 6:4:1:0:5, 5:3:0:0:3, 4:0:0:0:2, 2:0:0:0:0, 5:1:0:0:2, 5:1:0:0:2, 5:0:0:0:3, 5:1:0:0:2, 5:1:0:0:2, 7:1:0:0:4, 5:0:0:0:4, 1:0:0:0:1, 4:2:0:0:4, 8:2:2:0:3, 5:5:0:0:6, 3:0:0:0:1, 4:3:0:0:4, 6:3:0:0:3, 5:0:0:0:2, 2:0:0:0:1, 4:1:0:0:2, 6:2:0:0:3, 9:1:1:0:3, 7:2:0:0:6, 6:1:0:0:8, 6:2:0:0:5, 1:0:0:0:1, 1:0:0:0:1, 1:0:0:0:1, 1:0:0:0:1, 1610:476:23:0:1063
Gb mixolydian (6b), 3:0:0:0:2, 4:0:0:0:6, 4:0:1:0:2, 1:0:0:0:0, 3:0:0:0:3, 3:0:0:0:7, 4:0:0:0:2, 0:0:0:0:0, 2:0:0:0:3, 4:0:0:0:4, 5:4:0:0:5, 4:0:0:0:4, 4:0:0:0:5, 4:0:0:0:4, 6:4:0:0:5, 5:1:0:0:5, 4:0:0:0:4, 4:0:0:0:6, 4:0:1:0:2, 1:0:0:0:0, 3:0:0:0:3, 3:0:0:0:7, 4:0:0:0:2, 0:0:0:0:0, 2:0:0:0:3, 4:0:0:0:4, 6:4:0:0:5, 4:0:0:0:4, 5:1:0:0:10, 9:4:0:0:8, 4:0:0:0:7, 4:0:0:0:4, 3:0:0:0:2, 5:0:0:0:5, 0:0:0:0:0, 2:0:0:0:1, 2:0:0:0:3, 2:0:0:0:3, 1:0:0:0:1, 1:0:0:0:1, 2:0:0:0:5, 6:0:0:0:4, 6:3:0:0:5, 2:0:0:0:2, 4:0:0:0:4, 5:0:0:0:4, 4:3:0:0:4, 3:0:0:0:3, 3:0:0:0:2, 4:0:0:0:7, 4:0:1:0:2, 1:0:0:0:0, 3:0:0:0:2, 3:0:0:0:7, 4:0:0:0:2, 0:0:0:0:0, 3:0:0:0:4, 4:0:0:0:5, 6:4:0:0:5, 4:0:0:0:4, 6:1:0:0:10, 8:3:0:0:8, 4:0:0:0:5, 3:0:0:0:2, 5:0:0:0:5, 5:0:0:0:7, 3:0:0:0:3, 2:0:0:0:2, 2:0:0:0:3, 3:0:0:0:3, 2:0:0:0:3, 0:0:0:0:0, 2:0:0:0:3, 4:0:0:0:5, 5:3:0:0:4, 2:0:0:0:2, 4:0:0:0:3, 5:0:0:0:6, 6:3:0:0:7, 3:0:0:0:2, 3:0:0:0:2, 3:0:0:0:2, 2:0:0:0:2, 4:0:0:0:3, 2:0:0:0:1, 3:0:0:0:2, 1:0:0:0:2, 0:0:0:0:0, 1:0:0:0:1, 5:0:0:0:6, 4:3:0:0:4, 4:0:0:0:5, 5:3:0:0:12, 7:3:0:0:6, 4:0:0:0:4, 3:0:0:0:2, 4:0:0:0:4, 3:0:0:0:2, 2:0:0:0:1, 1:0:0:0:0, 4:0:0:0:3, 2:0:0:0:3, 0:0:0:0:0, 0:0:0:0:0, 2:0:0:0:2, 4:0:0:0:5, 4:3:0:0:4, 2:0:0:0:4, 3:0:0:0:5, 4:0:0:0:4, 6:3:0:0:6, 2:0:0:0:2, 5:0:0:0:7, 4:0:0:0:6, 4:0:0:0:5, 2:0:0:0:1, 3:0:0:0:2, 2:0:0:0:3, 4:1:0:0:4, 3:0:0:0:1, 3:0:0:0:2, 4:0:0:0:6, 5:3:0:0:5, 2:0:0:0:4, 6:1:0:0:8, 10:3:0:0:9, 5:0:0:0:9, 4:0:0:0:7, 4:0:0:0:6, 3:0:0:0:4, 2:0:0:0:2, 2:0:0:0:1, 2:0:0:0:1, 2:0:0:0:3,  , 1:0:0:0:1, 2:0:0:0:2, 4:0:0:0:4, 4:3:0:0:4, 4:0:0:0:6, 5:0:0:0:6, 4:0:0:0:8, 6:4:0:0:6, 4:0:0:0:5, 4:0:0:0:5, 5:1:0:0:6, 3:0:0:0:5, 2:0:0:0:1, 2:0:0:0:1, 2:0:0:0:2, 1:0:0:0:0, 4:0:0:0:3, 2:0:0:0:2, 5:1:0:0:5, 5:3:0:0:5, 4:0:0:0:6, 5:1:0:0:11, 7:3:0:0:6, 4:0:0:0:4, 4:0:0:0:5, 4:0:0:0:4, 3:0:0:0:3, 1:0:0:0:2, 1:0:0:0:0, 1:0:0:0:2, 2:0:0:0:3, 1:0:0:0:2, 0:0:0:0:0, 1:0:0:0:1, 4:0:0:0:4, 4:3:0:0:4, 2:0:0:0:2, 3:0:0:0:4, 4:0:0:0:6, 4:4:0:0:5, 2:0:0:0:3, 3:0:0:0:4, 4:0:0:0:5, 2:0:0:0:1, 2:0:0:0:2, 2:0:0:0:2, 3:0:0:0:2,  , 1:0:0:0:0, 1:0:0:0:2, 4:0:0:0:6, 4:4:0:0:5, 3:0:0:0:5, 6:2:0:0:12, 10:3:0:0:11, 5:0:0:0:9, 4:0:0:0:5, 4:0:0:0:5, 3:0:0:0:2, 5:0:0:0:4, 3:0:0:0:3, 2:0:0:0:2, 2:0:0:0:2, 3:1:0:0:4, 1:0:0:0:0, 2:0:0:0:1, 6:1:0:0:8, 7:4:0:0:5, 4:0:0:0:3, 4:0:0:0:6, 5:0:0:0:5, 10:3:0:0:7, 3:0:0:0:4, 3:0:0:0:6, 3:0:0:0:2, 1:0:0:0:0, 1:0:0:0:0, 1:0:0:0:1, 2:0:0:0:3, 1:0:0:0:1, 1:0:0:0:1, 1:0:0:0:1, 4:0:0:0:6, 4:3:0:0:4, 2:0:0:0:4, 5:2:0:0:12, 10:3:0:0:8, 4:0:0:0:4, 5:0:0:0:5, 4:0:0:0:4, 5:0:0:0:6, 3:0:0:0:3, 2:0:0:0:1, 4:0:0:0:3, 2:0:0:0:4, 3:0:0:0:3, 1:0:0:0:0, 2:0:0:0:2, 4:0:0:0:8, 6:4:0:0:5, 3:0:0:0:4, 5:0:0:0:8, 5:0:0:0:6, 8:4:0:0:9, 5:0:0:0:8, 4:0:0:0:7, 3:0:0:0:2, 1:0:0:0:1, 1:0:0:0:0, 3:0:0:0:1, 2:0:0:0:3, 0:0:0:0:0, 1:0:0:0:0, 2:0:0:0:2, 4:0:0:0:6, 7:4:0:0:7, 5:0:0:0:7, 5:1:0:0:11, 8:3:0:0:8, 4:0:0:0:4, 3:0:0:0:2, 5:0:0:0:7, 3:0:0:0:2, 1:0:0:0:0, 2:0:0:0:1, 1:0:0:0:1, 3:0:0:0:3, 1:0:0:0:2, 0:0:0:0:0, 1:0:0:0:1, 4:0:0:0:4, 5:3:0:0:5, 4:0:0:0:3, 4:1:0:0:9, 5:0:0:0:4, 6:4:0:0:8, 4:1:0:0:7, 4:0:0:0:7, 3:0:0:0:3, 5:0:0:0:5, 2:0:0:0:1, 2:0:0:0:2, 5:0:0:0:7, 3:0:0:0:2, 4:0:0:0:2, 1:0:0:0:3, 4:0:0:0:5, 9:3:0:0:8, 4:1:0:0:5, 5:1:0:0:7, 8:4:0:0:9, 4:0:0:0:6, 3:0:0:0:2, 4:0:0:0:4, 3:0:0:0:2, 1:0:0:0:0, 1:0:0:0:0, 2:0:0:0:1, 2:0:0:0:2, 0:0:0:0:0, 1:0:0:0:1, 1:0:0:0:2, 4:0:0:0:4, 4:3:0:0:4, 2:0:0:0:2, 4:0:0:0:3, 4:0:0:0:5, 4:3:0:0:4, 2:0:0:0:5, 4:1:0:0:7, 4:0:0:0:5, 1:0:0:0:1, 3:0:2:0:2, 1:0:0:0:1, 3:0:0:0:4,  , 4:0:0:0:2, 2:0:0:0:1, 4:0:0:0:4, 9:3:0:0:8, 4:0:0:0:3, 5:2:0:0:10, 7:3:0:0:6, 4:0:0:0:7, 3:0:0:0:2, 4:0:0:0:4, 4:0:0:0:5, 5:0:0:0:4, 2:0:0:0:1, 3:0:0:0:3, 2:0:0:0:3, 3:0:0:0:4, 1:0:0:0:0, 1:0:0:0:1, 4:0:0:0:5, 6:3:0:0:5, 3:0:0:0:5, 4:0:0:0:6, 4:0:0:0:6, 10:4:0:0:10, 2:0:0:0:3, 5:0:0:0:7, 4:0:0:0:8, 1:0:0:0:0, 1:0:0:0:0, 4:0:0:0:2, 2:0:0:0:4, 3:0:0:0:2, 0:0:0:0:0, 2:0:0:0:3, 5:0:0:0:6, 7:3:0:0:6, 2:0:0:0:5, 5:1:0:0:9, 11:3:0:0:10, 5:0:0:0:9, 4:0:0:0:6, 3:0:0:0:2, 1:0:0:0:0, 1:0:0:0:0, 1:0:0:0:0, 1:0:0:0:0, 1202:173:5:0:1347
F# mixolydian (6#), 3:0:0:0:1, 5:0:0:0:4, 5:0:0:0:1, 4:2:0:0:4, 6:2:0:0:4, 5:1:0:0:2, 4:0:0:0:1, 4:3:0:0:4, 6:4:0:0:4, 6:0:0:0:3, 0:0:0:0:0, 6:1:0:0:3, 5:2:0:0:3, 6:0:0:0:3, 0:0:0:0:0, 6:1:0:0:3, 5:1:0:0:3, 5:0:0:0:4, 5:0:0:0:1, 4:2:0:0:4, 6:2:0:0:4, 5:1:0:0:2, 4:0:0:0:1, 4:3:0:0:4, 6:4:0:0:4, 6:0:0:0:3, 0:0:0:0:0, 6:1:0:0:3, 5:3:0:0:3, 7:0:0:0:4, 6:2:0:0:6, 5:0:0:0:3, 3:0:0:0:3, 5:0:0:0:3, 0:0:0:0:0, 5:3:0:0:5, 5:2:0:0:3, 4:1:0:0:2, 1:0:0:0:0, 5:3:0:0:4, 7:5:0:0:5, 6:0:0:0:1, 1:0:0:0:0, 4:1:0:0:2, 5:1:0:0:2, 5:0:0:0:1, 0:0:0:0:0, 5:1:0:0:2, 4:1:0:0:2, 5:0:0:0:4, 5:0:0:0:1, 4:2:0:0:4, 6:2:0:0:4, 5:1:0:0:2, 4:0:0:0:1, 4:3:0:0:4, 7:3:0:0:3, 5:0:0:0:2, 0:0:0:0:0, 6:1:0:0:3, 6:2:0:0:3, 7:0:0:0:3, 6:2:0:0:4, 4:0:0:0:5, 7:2:0:0:6, 6:0:0:0:4, 3:0:0:0:3, 5:3:0:0:5, 5:3:0:0:4, 5:1:0:0:2, 2:0:0:0:0, 4:4:0:0:5, 7:5:0:0:5, 4:0:0:0:2, 0:0:0:0:0, 4:1:0:0:2, 5:1:0:0:2, 5:0:0:0:1, 2:0:0:0:0, 5:1:0:0:3, 4:1:0:0:2, 4:0:0:0:2, 2:0:0:0:0, 6:2:0:0:4, 6:2:0:0:3, 4:1:0:0:2, 1:0:0:0:0, 6:3:0:0:4, 5:4:0:0:4, 5:0:0:0:1, 0:0:0:0:0, 6:1:0:0:2, 7:2:0:0:2, 6:0:0:0:2, 6:2:0:0:4, 4:0:0:0:2, 6:2:0:0:4, 4:0:0:0:3, 2:0:0:0:1, 4:2:0:0:4, 6:4:0:0:5, 4:1:0:0:2, 0:0:0:0:0, 4:4:0:0:5, 6:7:0:0:8, 4:0:0:0:1, 0:0:0:0:0, 4:1:0:0:2, 4:1:0:0:2, 4:0:0:0:2, 3:0:0:0:0, 5:1:0:0:2, 7:2:0:0:5, 5:0:0:0:2, 4:2:2:0:3, 5:2:0:0:5, 7:4:0:0:6, 4:1:0:0:2, 4:0:0:0:1, 6:5:0:0:7, 6:4:0:0:5, 4:0:0:0:2, 1:0:0:0:0, 4:1:0:0:2, 6:3:0:0:3, 8:1:1:0:3, 7:2:0:0:6, 5:0:0:0:5, 6:2:0:0:6, 4:0:0:0:4, 2:0:0:0:2, 4:2:0:0:8, 5:4:0:0:8, 4:1:0:0:2,  , 6:3:0:0:4, 6:6:0:0:7, 4:0:0:0:1, 0:0:0:0:0, 6:2:0:0:4, 6:1:0:0:2, 4:0:0:0:2, 2:0:0:0:2, 6:2:0:0:4, 6:1:0:0:5, 6:3:0:0:6, 3:2:2:0:2, 5:3:0:0:7, 5:3:0:0:6, 4:1:0:0:2, 1:0:2:0:0, 8:3:0:0:5, 6:6:0:0:7, 6:1:0:0:2, 1:0:0:0:0, 6:2:0:0:4, 6:2:0:0:3, 6:0:0:0:2, 6:2:0:0:4, 6:0:0:0:4, 6:2:0:0:5, 4:0:0:0:3, 1:2:2:0:2, 4:2:0:0:5, 4:2:0:0:3, 4:1:0:0:2, 1:0:0:0:0, 4:3:0:0:4, 5:3:0:0:3, 4:0:0:0:3, 0:0:0:0:0, 4:1:0:0:2, 5:1:0:0:3, 4:0:0:0:2, 0:0:0:0:0, 4:1:0:0:2, 5:1:0:0:3, 5:0:0:0:3, 2:0:0:0:2, 5:3:0:0:6, 6:4:0:0:6, 5:1:0:0:3,  , 5:4:0:0:6, 5:5:0:0:5, 4:0:0:0:1, 0:0:0:0:0, 5:1:0:0:2, 7:3:0:0:5, 9:1:0:0:4, 7:2:0:0:5, 5:0:0:0:5, 6:2:0:0:4, 4:0:0:0:2, 5:0:0:0:1, 7:4:0:0:8, 5:4:0:0:5, 4:1:0:0:2, 3:0:0:0:0, 6:4:0:0:6, 6:4:0:0:5, 5:0:0:0:2, 1:0:1:0:0, 6:1:0:0:3, 6:1:0:0:3, 6:0:0:0:2, 5:0:0:0:3, 5:1:0:0:2, 5:1:0:0:4, 4:0:0:0:6, 1:0:0:0:4, 4:2:0:0:6, 4:2:0:0:3, 4:1:0:0:2, 1:0:0:0:0, 6:4:0:0:6, 4:3:0:0:3, 4:0:0:0:3, 0:0:0:0:0, 4:1:0:0:2, 6:2:0:0:3, 9:0:0:0:2, 6:2:0:0:4, 6:0:0:0:5, 6:2:0:0:4, 6:0:0:0:6, 3:1:1:0:1, 5:3:0:0:9, 6:4:0:0:5, 4:1:0:0:2, 3:0:0:0:1, 6:4:0:0:6, 6:7:0:0:8, 5:0:0:0:2, 1:0:0:0:1, 5:1:0:0:2, 6:2:0:0:4, 5:0:0:0:4, 4:0:0:0:1, 7:1:0:0:3, 7:2:0:0:4, 4:0:0:0:3, 1:0:0:0:0, 5:2:0:0:4, 6:4:0:0:6, 5:1:0:0:2, 0:0:0:0:0, 5:3:0:0:5, 7:4:0:0:5, 4:0:0:0:2, 3:0:0:0:1, 7:1:0:0:4, 7:3:0:0:5, 7:0:0:0:3, 6:2:0:0:4, 4:0:0:0:2, 7:2:0:0:8, 4:0:0:0:3, 1:0:0:0:2, 5:3:0:0:8, 5:2:0:0:3, 5:1:0:0:3, 1:0:0:0:0, 4:3:0:0:4, 5:4:0:0:5, 4:0:0:0:2, 1:0:0:0:0, 8:1:0:0:2, 7:2:0:0:3, 6:0:0:0:1, 2:0:0:0:1, 6:2:0:0:3, 6:1:0:0:4, 4:0:0:0:3, 6:1:1:0:2, 5:2:0:0:5, 6:5:0:0:7, 7:1:0:0:3, 4:0:0:0:1, 9:3:2:0:4, 5:7:0:0:7, 4:0:0:0:2, 5:0:0:0:1, 6:1:0:0:2, 5:2:0:0:2, 7:0:0:0:2, 6:2:0:0:4, 4:0:0:0:6, 6:2:0:0:4, 4:0:0:0:3, 1:0:0:0:2, 4:2:0:0:5, 5:3:0:0:5, 4:1:0:0:2, 0:0:0:0:0, 5:3:0:0:4, 4:3:0:0:3, 4:0:0:0:1, 0:0:0:0:0, 4:1:0:0:2, 5:1:0:0:3, 4:0:0:0:1, 0:0:0:0:0, 4:1:0:0:2, 6:1:0:0:2, 5:0:0:0:3, 1:0:0:0:0, 6:5:2:0:9, 4:2:0:0:3, 5:2:0:0:3,  , 8:6:0:0:8, 5:3:0:0:4, 4:0:0:0:2, 3:2:2:0:2, 6:1:0:0:3, 5:2:0:0:2, 6:0:0:0:2, 6:2:0:0:5, 4:0:0:0:3, 6:2:0:0:4, 5:0:0:0:3, 5:1:1:0:2, 5:2:0:0:5, 7:4:0:0:6, 4:1:0:0:2, 4:1:0:0:2, 6:4:1:0:5, 5:3:0:0:3, 4:0:0:0:2, 2:0:0:0:0, 5:1:0:0:2, 5:1:0:0:2, 5:0:0:0:3, 5:1:0:0:2, 5:1:0:0:2, 7:1:0:0:4, 5:0:0:0:4, 1:0:0:0:1, 4:2:0:0:4, 8:2:2:0:3, 5:5:0:0:6, 3:0:0:0:1, 4:3:0:0:4, 6:3:0:0:3, 5:0:0:0:2, 2:0:0:0:1, 4:1:0:0:2, 6:2:0:0:3, 9:1:1:0:3, 7:2:0:0:6, 6:1:0:0:8, 6:2:0:0:5, 1:0:0:0:1, 1:0:0:0:1, 1:0:0:0:1, 1:0:0:0:1, 1610:476:23:0:1063
Gb aeolian (6b), 3:0:0:0:2, 4:0:0:0:6, 4:0:1:0:2, 1:0:0:0:0, 3:0:0:0:3, 3:0:0:0:7, 4:0:0:0:2, 0:0:0:0:0, 2:0:0:0:3, 4:0:0:0:4, 5:4:0:0:5, 4:0:0:0:4, 4:0:0:0:5, 4:0:0:0:4, 6:4:0:0:5, 5:1:0:0:5, 4:0:0:0:4, 4:0:0:0:6, 4:0:1:0:2, 1:0:0:0:0, 3:0:0:0:3, 3:0:0:0:7, 4:0:0:0:2, 0:0:0:0:0, 2:0:0:0:3, 4:0:0:0:4, 6:4:0:0:5, 4:0:0:0:4, 5:1:0:0:10, 9:4:0:0:8, 4:0:0:0:7, 4:0:0:0:4, 3:0:0:0:2, 5:0:0:0:5, 0:0:0:0:0, 2:0:0:0:1, 2:0:0:0:3, 2:0:0:0:3, 1:0:0:0:1, 1:0:0:0:1, 2:0:0:0:5, 6:0:0:0:4, 6:3:0:0:5, 2:0:0:0:2, 4:0:0:0:4, 5:0:0:0:4, 4:3:0:0:4, 3:0:0:0:3, 3:0:0:0:2, 4:0:0:0:7, 4:0:1:0:2, 1:0:0:0:0, 3:0:0:0:2, 3:0:0:0:7, 4:0:0:0:2, 0:0:0:0:0, 3:0:0:0:4, 4:0:0:0:5, 6:4:0:0:5, 4:0:0:0:4, 6:1:0:0:10, 8:3:0:0:8, 4:0:0:0:5, 3:0:0:0:2, 5:0:0:0:5, 5:0:0:0:7, 3:0:0:0:3, 2:0:0:0:2, 2:0:0:0:3, 3:0:0:0:3, 2:0:0:0:3, 0:0:0:0:0, 2:0:0:0:3, 4:0:0:0:5, 5:3:0:0:4, 2:0:0:0:2, 4:0:0:0:3, 5:0:0:0:6, 6:3:0:0:7, 3:0:0:0:2, 3:0:0:0:2, 3:0:0:0:2, 2:0:0:0:2, 4:0:0:0:3, 2:0:0:0:1, 3:0:0:0:2, 1:0:0:0:2, 0:0:0:0:0, 1:0:0:0:1, 5:0:0:0:6, 4:3:0:0:4, 4:0:0:0:5, 5:3:0:0:12, 7:3:0:0:6, 4:0:0:0:4, 3:0:0:0:2, 4:0:0:0:4, 3:0:0:0:2, 2:0:0:0:1, 1:0:0:0:0, 4:0:0:0:3, 2:0:0:0:3, 0:0:0:0:0, 0:0:0:0:0, 2:0:0:0:2, 4:0:0:0:5, 4:3:0:0:4, 2:0:0:0:4, 3:0:0:0:5, 4:0:0:0:4, 6:3:0:0:6, 2:0:0:0:2, 5:0:0:0:7, 4:0:0:0:6, 4:0:0:0:5, 2:0:0:0:1, 3:0:0:0:2, 2:0:0:0:3, 4:1:0:0:4, 3:0:0:0:1, 3:0:0:0:2, 4:0:0:0:6, 5:3:0:0:5, 2:0:0:0:4, 6:1:0:0:8, 10:3:0:0:9, 5:0:0:0:9, 4:0:0:0:7, 4:0:0:0:6, 3:0:0:0:4, 2:0:0:0:2, 2:0:0:0:1, 2:0:0:0:1, 2:0:0:0:3,  , 1:0:0:0:1, 2:0:0:0:2, 4:0:0:0:4, 4:3:0:0:4, 4:0:0:0:6, 5:0:0:0:6, 4:0:0:0:8, 6:4:0:0:6, 4:0:0:0:5, 4:0:0:0:5, 5:1:0:0:6, 3:0:0:0:5, 2:0:0:0:1, 2:0:0:0:1, 2:0:0:0:2, 1:0:0:0:0, 4:0:0:0:3, 2:0:0:0:2, 5:1:0:0:5, 5:3:0:0:5, 4:0:0:0:6, 5:1:0:0:11, 7:3:0:0:6, 4:0:0:0:4, 4:0:0:0:5, 4:0:0:0:4, 3:0:0:0:3, 1:0:0:0:2, 1:0:0:0:0, 1:0:0:0:2, 2:0:0:0:3, 1:0:0:0:2, 0:0:0:0:0, 1:0:0:0:1, 4:0:0:0:4, 4:3:0:0:4, 2:0:0:0:2, 3:0:0:0:4, 4:0:0:0:6, 4:4:0:0:5, 2:0:0:0:3, 3:0:0:0:4, 4:0:0:0:5, 2:0:0:0:1, 2:0:0:0:2, 2:0:0:0:2, 3:0:0:0:2,  , 1:0:0:0:0, 1:0:0:0:2, 4:0:0:0:6, 4:4:0:0:5, 3:0:0:0:5, 6:2:0:0:12, 10:3:0:0:11, 5:0:0:0:9, 4:0:0:0:5, 4:0:0:0:5, 3:0:0:0:2, 5:0:0:0:4, 3:0:0:0:3, 2:0:0:0:2, 2:0:0:0:2, 3:1:0:0:4, 1:0:0:0:0, 2:0:0:0:1, 6:1:0:0:8, 7:4:0:0:5, 4:0:0:0:3, 4:0:0:0:6, 5:0:0:0:5, 10:3:0:0:7, 3:0:0:0:4, 3:0:0:0:6, 3:0:0:0:2, 1:0:0:0:0, 1:0:0:0:0, 1:0:0:0:1, 2:0:0:0:3, 1:0:0:0:1, 1:0:0:0:1, 1:0:0:0:1, 4:0:0:0:6, 4:3:0:0:4, 2:0:0:0:4, 5:2:0:0:12, 10:3:0:0:8, 4:0:0:0:4, 5:0:0:0:5, 4:0:0:0:4, 5:0:0:0:6, 3:0:0:0:3, 2:0:0:0:1, 4:0:0:0:3, 2:0:0:0:4, 3:0:0:0:3, 1:0:0:0:0, 2:0:0:0:2, 4:0:0:0:8, 6:4:0:0:5, 3:0:0:0:4, 5:0:0:0:8, 5:0:0:0:6, 8:4:0:0:9, 5:0:0:0:8, 4:0:0:0:7, 3:0:0:0:2, 1:0:0:0:1, 1:0:0:0:0, 3:0:0:0:1, 2:0:0:0:3, 0:0:0:0:0, 1:0:0:0:0, 2:0:0:0:2, 4:0:0:0:6, 7:4:0:0:7, 5:0:0:0:7, 5:1:0:0:11, 8:3:0:0:8, 4:0:0:0:4, 3:0:0:0:2, 5:0:0:0:7, 3:0:0:0:2, 1:0:0:0:0, 2:0:0:0:1, 1:0:0:0:1, 3:0:0:0:3, 1:0:0:0:2, 0:0:0:0:0, 1:0:0:0:1, 4:0:0:0:4, 5:3:0:0:5, 4:0:0:0:3, 4:1:0:0:9, 5:0:0:0:4, 6:4:0:0:8, 4:1:0:0:7, 4:0:0:0:7, 3:0:0:0:3, 5:0:0:0:5, 2:0:0:0:1, 2:0:0:0:2, 5:0:0:0:7, 3:0:0:0:2, 4:0:0:0:2, 1:0:0:0:3, 4:0:0:0:5, 9:3:0:0:8, 4:1:0:0:5, 5:1:0:0:7, 8:4:0:0:9, 4:0:0:0:6, 3:0:0:0:2, 4:0:0:0:4, 3:0:0:0:2, 1:0:0:0:0, 1:0:0:0:0, 2:0:0:0:1, 2:0:0:0:2, 0:0:0:0:0, 1:0:0:0:1, 1:0:0:0:2, 4:0:0:0:4, 4:3:0:0:4, 2:0:0:0:2, 4:0:0:0:3, 4:0:0:0:5, 4:3:0:0:4, 2:0:0:0:5, 4:1:0:0:7, 4:0:0:0:5, 1:0:0:0:1, 3:0:2:0:2, 1:0:0:0:1, 3:0:0:0:4,  , 4:0:0:0:2, 2:0:0:0:1, 4:0:0:0:4, 9:3:0:0:8, 4:0:0:0:3, 5:2:0:0:10, 7:3:0:0:6, 4:0:0:0:7, 3:0:0:0:2, 4:0:0:0:4, 4:0:0:0:5, 5:0:0:0:4, 2:0:0:0:1, 3:0:0:0:3, 2:0:0:0:3, 3:0:0:0:4, 1:0:0:0:0, 1:0:0:0:1, 4:0:0:0:5, 6:3:0:0:5, 3:0:0:0:5, 4:0:0:0:6, 4:0:0:0:6, 10:4:0:0:10, 2:0:0:0:3, 5:0:0:0:7, 4:0:0:0:8, 1:0:0:0:0, 1:0:0:0:0, 4:0:0:0:2, 2:0:0:0:4, 3:0:0:0:2, 0:0:0:0:0, 2:0:0:0:3, 5:0:0:0:6, 7:3:0:0:6, 2:0:0:0:5, 5:1:0:0:9, 11:3:0:0:10, 5:0:0:0:9, 4:0:0:0:6, 3:0:0:0:2, 1:0:0:0:0, 1:0:0:0:0, 1:0:0:0:0, 1:0:0:0:0, 1202:173:5:0:1347
F# aeolian (6#), 3:0:0:0:1, 5:0:0:0:4, 5:0:0:0:1, 4:2:0:0:4, 6:2:0:0:4, 5:1:0:0:2, 4:0:0:0:1, 4:3:0:0:4, 6:4:0:0:4, 6:0:0:0:3, 0:0:0:0:0, 6:1:0:0:3, 5:2:0:0:3, 6:0:0:0:3, 0:0:0:0:0, 6:1:0:0:3, 5:1:0:0:3, 5:0:0:0:4, 5:0:0:0:1, 4:2:0:0:4, 6:2:0:0:4, 5:1:0:0:2, 4:0:0:0:1, 4:3:0:0:4, 6:4:0:0:4, 6:0:0:0:3, 0:0:0:0:0, 6:1:0:0:3, 5:3:0:0:3, 7:0:0:0:4, 6:2:0:0:6, 5:0:0:0:3, 3:0:0:0:3, 5:0:0:0:3, 0:0:0:0:0, 5:3:0:0:5, 5:2:0:0:3, 4:1:0:0:2, 1:0:0:0:0, 5:3:0:0:4, 7:5:0:0:5, 6:0:0:0:1, 1:0:0:0:0, 4:1:0:0:2, 5:1:0:0:2, 5:0:0:0:1, 0:0:0:0:0, 5:1:0:0:2, 4:1:0:0:2, 5:0:0:0:4, 5:0:0:0:1, 4:2:0:0:4, 6:2:0:0:4, 5:1:0:0:2, 4:0:0:0:1, 4:3:0:0:4, 7:3:0:0:3, 5:0:0:0:2, 0:0:0:0:0, 6:1:0:0:3, 6:2:0:0:3, 7:0:0:0:3, 6:2:0:0:4, 4:0:0:0:5, 7:2:0:0:6, 6:0:0:0:4, 3:0:0:0:3, 5:3:0:0:5, 5:3:0:0:4, 5:1:0:0:2, 2:0:0:0:0, 4:4:0:0:5, 7:5:0:0:5, 4:0:0:0:2, 0:0:0:0:0, 4:1:0:0:2, 5:1:0:0:2, 5:0:0:0:1, 2:0:0:0:0, 5:1:0:0:3, 4:1:0:0:2, 4:0:0:0:2, 2:0:0:0:0, 6:2:0:0:4, 6:2:0:0:3, 4:1:0:0:2, 1:0:0:0:0, 6:3:0:0:4, 5:4:0:0:4, 5:0:0:0:1, 0:0:0:0:0, 6:1:0:0:2, 7:2:0:0:2, 6:0:0:0:2, 6:2:0:0:4, 4:0:0:0:2, 6:2:0:0:4, 4:0:0:0:3, 2:0:0:0:1, 4:2:0:0:4, 6:4:0:0:5, 4:1:0:0:2, 0:0:0:0:0, 4:4:0:0:5, 6:7:0:0:8, 4:0:0:0:1, 0:0:0:0:0, 4:1:0:0:2, 4:1:0:0:2, 4:0:0:0:2, 3:0:0:0:0, 5:1:0:0:2, 7:2:0:0:5, 5:0:0:0:2, 4:2:2:0:3, 5:2:0:0:5, 7:4:0:0:6, 4:1:0:0:2, 4:0:0:0:1, 6:5:0:0:7, 6:4:0:0:5, 4:0:0:0:2, 1:0:0:0:0, 4:1:0:0:2, 6:3:0:0:3, 8:1:1:0:3, 7:2:0:0:6, 5:0:0:0:5, 6:2:0:0:6, 4:0:0:0:4, 2:0:0:0:2, 4:2:0:0:8, 5:4:0:0:8, 4:1:0:0:2,  , 6:3:0:0:4, 6:6:0:0:7, 4:0:0:0:1, 0:0:0:0:0, 6:2:0:0:4, 6:1:0:0:2, 4:0:0:0:2, 2:0:0:0:2, 6:2:0:0:4, 6:1:0:0:5, 6:3:0:0:6, 3:2:2:0:2, 5:3:0:0:7, 5:3:0:0:6, 4:1:0:0:2, 1:0:2:0:0, 8:3:0:0:5, 6:6:0:0:7, 6:1:0:0:2, 1:0:0:0:0, 6:2:0:0:4, 6:2:0:0:3, 6:0:0:0:2, 6:2:0:0:4, 6:0:0:0:4, 6:2:0:0:5, 4:0:0:0:3, 1:2:2:0:2, 4:2:0:0:5, 4:2:0:0:3, 4:1:0:0:2, 1:0:0:0:0, 4:3:0:0:4, 5:3:0:0:3, 4:0:0:0:3, 0:0:0:0:0, 4:1:0:0:2, 5:1:0:0:3, 4:0:0:0:2, 0:0:0:0:0, 4:1:0:0:2, 5:1:0:0:3, 5:0:0:0:3, 2:0:0:0:2, 5:3:0:0:6, 6:4:0:0:6, 5:1:0:0:3,  , 5:4:0:0:6, 5:5:0:0:5, 4:0:0:0:1, 0:0:0:0:0, 5:1:0:0:2, 7:3:0:0:5, 9:1:0:0:4, 7:2:0:0:5, 5:0:0:0:5, 6:2:0:0:4, 4:0:0:0:2, 5:0:0:0:1, 7:4:0:0:8, 5:4:0:0:5, 4:1:0:0:2, 3:0:0:0:0, 6:4:0:0:6, 6:4:0:0:5, 5:0:0:0:2, 1:0:1:0:0, 6:1:0:0:3, 6:1:0:0:3, 6:0:0:0:2, 5:0:0:0:3, 5:1:0:0:2, 5:1:0:0:4, 4:0:0:0:6, 1:0:0:0:4, 4:2:0:0:6, 4:2:0:0:3, 4:1:0:0:2, 1:0:0:0:0, 6:4:0:0:6, 4:3:0:0:3, 4:0:0:0:3, 0:0:0:0:0, 4:1:0:0:2, 6:2:0:0:3, 9:0:0:0:2, 6:2:0:0:4, 6:0:0:0:5, 6:2:0:0:4, 6:0:0:0:6, 3:1:1:0:1, 5:3:0:0:9, 6:4:0:0:5, 4:1:0:0:2, 3:0:0:0:1, 6:4:0:0:6, 6:7:0:0:8, 5:0:0:0:2, 1:0:0:0:1, 5:1:0:0:2, 6:2:0:0:4, 5:0:0:0:4, 4:0:0:0:1, 7:1:0:0:3, 7:2:0:0:4, 4:0:0:0:3, 1:0:0:0:0, 5:2:0:0:4, 6:4:0:0:6, 5:1:0:0:2, 0:0:0:0:0, 5:3:0:0:5, 7:4:0:0:5, 4:0:0:0:2, 3:0:0:0:1, 7:1:0:0:4, 7:3:0:0:5, 7:0:0:0:3, 6:2:0:0:4, 4:0:0:0:2, 7:2:0:0:8, 4:0:0:0:3, 1:0:0:0:2, 5:3:0:0:8, 5:2:0:0:3, 5:1:0:0:3, 1:0:0:0:0, 4:3:0:0:4, 5:4:0:0:5, 4:0:0:0:2, 1:0:0:0:0, 8:1:0:0:2, 7:2:0:0:3, 6:0:0:0:1, 2:0:0:0:1, 6:2:0:0:3, 6:1:0:0:4, 4:0:0:0:3, 6:1:1:0:2, 5:2:0:0:5, 6:5:0:0:7, 7:1:0:0:3, 4:0:0:0:1, 9:3:2:0:4, 5:7:0:0:7, 4:0:0:0:2, 5:0:0:0:1, 6:1:0:0:2, 5:2:0:0:2, 7:0:0:0:2, 6:2:0:0:4, 4:0:0:0:6, 6:2:0:0:4, 4:0:0:0:3, 1:0:0:0:2, 4:2:0:0:5, 5:3:0:0:5, 4:1:0:0:2, 0:0:0:0:0, 5:3:0:0:4, 4:3:0:0:3, 4:0:0:0:1, 0:0:0:0:0, 4:1:0:0:2, 5:1:0:0:3, 4:0:0:0:1, 0:0:0:0:0, 4:1:0:0:2, 6:1:0:0:2, 5:0:0:0:3, 1:0:0:0:0, 6:5:2:0:9, 4:2:0:0:3, 5:2:0:0:3,  , 8:6:0:0:8, 5:3:0:0:4, 4:0:0:0:2, 3:2:2:0:2, 6:1:0:0:3, 5:2:0:0:2, 6:0:0:0:2, 6:2:0:0:5, 4:0:0:0:3, 6:2:0:0:4, 5:0:0:0:3, 5:1:1:0:2, 5:2:0:0:5, 7:4:0:0:6, 4:1:0:0:2, 4:1:0:0:2, 6:4:1:0:5, 5:3:0:0:3, 4:0:0:0:2, 2:0:0:0:0, 5:1:0:0:2, 5:1:0:0:2, 5:0:0:0:3, 5:1:0:0:2, 5:1:0:0:2, 7:1:0:0:4, 5:0:0:0:4, 1:0:0:0:1, 4:2:0:0:4, 8:2:2:0:3, 5:5:0:0:6, 3:0:0:0:1, 4:3:0:0:4, 6:3:0:0:3, 5:0:0:0:2, 2:0:0:0:1, 4:1:0:0:2, 6:2:0:0:3, 9:1:1:0:3, 7:2:0:0:6, 6:1:0:0:8, 6:2:0:0:5, 1:0:0:0:1, 1:0:0:0:1, 1:0:0:0:1, 1:0:0:0:1, 1610:476:23:0:1063
Gb locrian (6b), 3:0:0:0:2, 4:0:0:0:6, 4:0:1:0:2, 1:0:0:0:0, 3:0:0:0:3, 3:0:0:0:7, 4:0:0:0:2, 0:0:0:0:0, 2:0:0:0:3, 4:0:0:0:4, 5:4:0:0:5, 4:0:0:0:4, 4:0:0:0:5, 4:0:0:0:4, 6:4:0:0:5, 5:1:0:0:5, 4:0:0:0:4, 4:0:0:0:6, 4:0:1:0:2, 1:0:0:0:0, 3:0:0:0:3, 3:0:0:0:7, 4:0:0:0:2, 0:0:0:0:0, 2:0:0:0:3, 4:0:0:0:4, 6:4:0:0:5, 4:0:0:0:4, 5:1:0:0:10, 9:4:0:0:8, 4:0:0:0:7, 4:0:0:0:4, 3:0:0:0:2, 5:0:0:0:5, 0:0:0:0:0, 2:0:0:0:1, 2:0:0:0:3, 2:0:0:0:3, 1:0:0:0:1, 1:0:0:0:1, 2:0:0:0:5, 6:0:0:0:4, 6:3:0:0:5, 2:0:0:0:2, 4:0:0:0:4, 5:0:0:0:4, 4:3:0:0:4, 3:0:0:0:3, 3:0:0:0:2, 4:0:0:0:7, 4:0:1:0:2, 1:0:0:0:0, 3:0:0:0:2, 3:0:0:0:7, 4:0:0:0:2, 0:0:0:0:0, 3:0:0:0:4, 4:0:0:0:5, 6:4:0:0:5, 4:0:0:0:4, 6:1:0:0:10, 8:3:0:0:8, 4:0:0:0:5, 3:0:0:0:2, 5:0:0:0:5, 5:0:0:0:7, 3:0:0:0:3, 2:0:0:0:2, 2:0:0:0:3, 3:0:0:0:3, 2:0:0:0:3, 0:0:0:0:0, 2:0:0:0:3, 4:0:0:0:5, 5:3:0:0:4, 2:0:0:0:2, 4:0:0:0:3, 5:0:0:0:6, 6:3:0:0:7, 3:0:0:0:2, 3:0:0:0:2, 3:0:0:0:2, 2:0:0:0:2, 4:0:0:0:3, 2:0:0:0:1, 3:0:0:0:2, 1:0:0:0:2, 0:0:0:0:0, 1:0:0:0:1, 5:0:0:0:6, 4:3:0:0:4, 4:0:0:0:5, 5:3:0:0:12, 7:3:0:0:6, 4:0:0:0:4, 3:0:0:0:2, 4:0:0:0:4, 3:0:0:0:2, 2:0:0:0:1, 1:0:0:0:0, 4:0:0:0:3, 2:0:0:0:3, 0:0:0:0:0, 0:0:0:0:0, 2:0:0:0:2, 4:0:0:0:5, 4:3:0:0:4, 2:0:0:0:4, 3:0:0:0:5, 4:0:0:0:4, 6:3:0:0:6, 2:0:0:0:2, 5:0:0:0:7, 4:0:0:0:6, 4:0:0:0:5, 2:0:0:0:1, 3:0:0:0:2, 2:0:0:0:3, 4:1:0:0:4, 3:0:0:0:1, 3:0:0:0:2, 4:0:0:0:6, 5:3:0:0:5, 2:0:0:0:4, 6:1:0:0:8, 10:3:0:0:9, 5:0:0:0:9, 4:0:0:0:7, 4:0:0:0:6, 3:0:0:0:4, 2:0:0:0:2, 2:0:0:0:1, 2:0:0:0:1, 2:0:0:0:3,  , 1:0:0:0:1, 2:0:0:0:2, 4:0:0:0:4, 4:3:0:0:4, 4:0:0:0:6, 5:0:0:0:6, 4:0:0:0:8, 6:4:0:0:6, 4:0:0:0:5, 4:0:0:0:5, 5:1:0:0:6, 3:0:0:0:5, 2:0:0:0:1, 2:0:0:0:1, 2:0:0:0:2, 1:0:0:0:0, 4:0:0:0:3, 2:0:0:0:2, 5:1:0:0:5, 5:3:0:0:5, 4:0:0:0:6, 5:1:0:0:11, 7:3:0:0:6, 4:0:0:0:4, 4:0:0:0:5, 4:0:0:0:4, 3:0:0:0:3, 1:0:0:0:2, 1:0:0:0:0, 1:0:0:0:2, 2:0:0:0:3, 1:0:0:0:2, 0:0:0:0:0, 1:0:0:0:1, 4:0:0:0:4, 4:3:0:0:4, 2:0:0:0:2, 3:0:0:0:4, 4:0:0:0:6, 4:4:0:0:5, 2:0:0:0:3, 3:0:0:0:4, 4:0:0:0:5, 2:0:0:0:1, 2:0:0:0:2, 2:0:0:0:2, 3:0:0:0:2,  , 1:0:0:0:0, 1:0:0:0:2, 4:0:0:0:6, 4:4:0:0:5, 3:0:0:0:5, 6:2:0:0:12, 10:3:0:0:11, 5:0:0:0:9, 4:0:0:0:5, 4:0:0:0:5, 3:0:0:0:2, 5:0:0:0:4, 3:0:0:0:3, 2:0:0:0:2, 2:0:0:0:2, 3:1:0:0:4, 1:0:0:0:0, 2:0:0:0:1, 6:1:0:0:8, 7:4:0:0:5, 4:0:0:0:3, 4:0:0:0:6, 5:0:0:0:5, 10:3:0:0:7, 3:0:0:0:4, 3:0:0:0:6, 3:0:0:0:2, 1:0:0:0:0, 1:0:0:0:0, 1:0:0:0:1, 2:0:0:0:3, 1:0:0:0:1, 1:0:0:0:1, 1:0:0:0:1, 4:0:0:0:6, 4:3:0:0:4, 2:0:0:0:4, 5:2:0:0:12, 10:3:0:0:8, 4:0:0:0:4, 5:0:0:0:5, 4:0:0:0:4, 5:0:0:0:6, 3:0:0:0:3, 2:0:0:0:1, 4:0:0:0:3, 2:0:0:0:4, 3:0:0:0:3, 1:0:0:0:0, 2:0:0:0:2, 4:0:0:0:8, 6:4:0:0:5, 3:0:0:0:4, 5:0:0:0:8, 5:0:0:0:6, 8:4:0:0:9, 5:0:0:0:8, 4:0:0:0:7, 3:0:0:0:2, 1:0:0:0:1, 1:0:0:0:0, 3:0:0:0:1, 2:0:0:0:3, 0:0:0:0:0, 1:0:0:0:0, 2:0:0:0:2, 4:0:0:0:6, 7:4:0:0:7, 5:0:0:0:7, 5:1:0:0:11, 8:3:0:0:8, 4:0:0:0:4, 3:0:0:0:2, 5:0:0:0:7, 3:0:0:0:2, 1:0:0:0:0, 2:0:0:0:1, 1:0:0:0:1, 3:0:0:0:3, 1:0:0:0:2, 0:0:0:0:0, 1:0:0:0:1, 4:0:0:0:4, 5:3:0:0:5, 4:0:0:0:3, 4:1:0:0:9, 5:0:0:0:4, 6:4:0:0:8, 4:1:0:0:7, 4:0:0:0:7, 3:0:0:0:3, 5:0:0:0:5, 2:0:0:0:1, 2:0:0:0:2, 5:0:0:0:7, 3:0:0:0:2, 4:0:0:0:2, 1:0:0:0:3, 4:0:0:0:5, 9:3:0:0:8, 4:1:0:0:5, 5:1:0:0:7, 8:4:0:0:9, 4:0:0:0:6, 3:0:0:0:2, 4:0:0:0:4, 3:0:0:0:2, 1:0:0:0:0, 1:0:0:0:0, 2:0:0:0:1, 2:0:0:0:2, 0:0:0:0:0, 1:0:0:0:1, 1:0:0:0:2, 4:0:0:0:4, 4:3:0:0:4, 2:0:0:0:2, 4:0:0:0:3, 4:0:0:0:5, 4:3:0:0:4, 2:0:0:0:5, 4:1:0:0:7, 4:0:0:0:5, 1:0:0:0:1, 3:0:2:0:2, 1:0:0:0:1, 3:0:0:0:4,  , 4:0:0:0:2, 2:0:0:0:1, 4:0:0:0:4, 9:3:0:0:8, 4:0:0:0:3, 5:2:0:0:10, 7:3:0:0:6, 4:0:0:0:7, 3:0:0:0:2, 4:0:0:0:4, 4:0:0:0:5, 5:0:0:0:4, 2:0:0:0:1, 3:0:0:0:3, 2:0:0:0:3, 3:0:0:0:4, 1:0:0:0:0, 1:0:0:0:1, 4:0:0:0:5, 6:3:0:0:5, 3:0:0:0:5, 4:0:0:0:6, 4:0:0:0:6, 10:4:0:0:10, 2:0:0:0:3, 5:0:0:0:7, 4:0:0:0:8, 1:0:0:0:0, 1:0:0:0:0, 4:0:0:0:2, 2:0:0:0:4, 3:0:0:0:2, 0:0:0:0:0, 2:0:0:0:3, 5:0:0:0:6, 7:3:0:0:6, 2:0:0:0:5, 5:1:0:0:9, 11:3:0:0:10, 5:0:0:0:9, 4:0:0:0:6, 3:0:0:0:2, 1:0:0:0:0, 1:0:0:0:0, 1:0:0:0:0, 1:0:0:0:0, 1202:173:5:0:1347
F# locrian (6#), 3:0:0:0:1, 5:0:0:0:4, 5:0:0:0:1, 4:2:0:0:4, 6:2:0:0:4, 5:1:0:0:2, 4:0:0:0:1, 4:3:0:0:4, 6:4:0:0:4, 6:0:0:0:3, 0:0:0:0:0, 6:1:0:0:3, 5:2:0:0:3, 6:0:0:0:3, 0:0:0:0:0, 6:1:0:0:3, 5:1:0:0:3, 5:0:0:0:4, 5:0:0:0:1, 4:2:0:0:4, 6:2:0:0:4, 5:1:0:0:2, 4:0:0:0:1, 4:3:0:0:4, 6:4:0:0:4, 6:0:0:0:3, 0:0:0:0:0, 6:1:0:0:3, 5:3:0:0:3, 7:0:0:0:4, 6:2:0:0:6, 5:0:0:0:3, 3:0:0:0:3, 5:0:0:0:3, 0:0:0:0:0, 5:3:0:0:5, 5:2:0:0:3, 4:1:0:0:2, 1:0:0:0:0, 5:3:0:0:4, 7:5:0:0:5, 6:0:0:0:1, 1:0:0:0:0, 4:1:0:0:2, 5:1:0:0:2, 5:0:0:0:1, 0:0:0:0:0, 5:1:0:0:2, 4:1:0:0:2, 5:0:0:0:4, 5:0:0:0:1, 4:2:0:0:4, 6:2:0:0:4, 5:1:0:0:2, 4:0:0:0:1, 4:3:0:0:4, 7:3:0:0:3, 5:0:0:0:2, 0:0:0:0:0, 6:1:0:0:3, 6:2:0:0:3, 7:0:0:0:3, 6:2:0:0:4, 4:0:0:0:5, 7:2:0:0:6, 6:0:0:0:4, 3:0:0:0:3, 5:3:0:0:5, 5:3:0:0:4, 5:1:0:0:2, 2:0:0:0:0, 4:4:0:0:5, 7:5:0:0:5, 4:0:0:0:2, 0:0:0:0:0, 4:1:0:0:2, 5:1:0:0:2, 5:0:0:0:1, 2:0:0:0:0, 5:1:0:0:3, 4:1:0:0:2, 4:0:0:0:2, 2:0:0:0:0, 6:2:0:0:4, 6:2:0:0:3, 4:1:0:0:2, 1:0:0:0:0, 6:3:0:0:4, 5:4:0:0:4, 5:0:0:0:1, 0:0:0:0:0, 6:1:0:0:2, 7:2:0:0:2, 6:0:0:0:2, 6:2:0:0:4, 4:0:0:0:2, 6:2:0:0:4, 4:0:0:0:3, 2:0:0:0:1, 4:2:0:0:4, 6:4:0:0:5, 4:1:0:0:2, 0:0:0:0:0, 4:4:0:0:5, 6:7:0:0:8, 4:0:0:0:1, 0:0:0:0:0, 4:1:0:0:2, 4:1:0:0:2, 4:0:0:0:2, 3:0:0:0:0, 5:1:0:0:2, 7:2:0:0:5, 5:0:0:0:2, 4:2:2:0:3, 5:2:0:0:5, 7:4:0:0:6, 4:1:0:0:2, 4:0:0:0:1, 6:5:0:0:7, 6:4:0:0:5, 4:0:0:0:2, 1:0:0:0:0, 4:1:0:0:2, 6:3:0:0:3, 8:1:1:0:3, 7:2:0:0:6, 5:0:0:0:5, 6:2:0:0:6, 4:0:0:0:4, 2:0:0:0:2, 4:2:0:0:8, 5:4:0:0:8, 4:1:0:0:2,  , 6:3:0:0:4, 6:6:0:0:7, 4:0:0:0:1, 0:0:0:0:0, 6:2:0:0:4, 6:1:0:0:2, 4:0:0:0:2, 2:0:0:0:2, 6:2:0:0:4, 6:1:0:0:5, 6:3:0:0:6, 3:2:2:0:2, 5:3:0:0:7, 5:3:0:0:6, 4:1:0:0:2, 1:0:2:0:0, 8:3:0:0:5, 6:6:0:0:7, 6:1:0:0:2, 1:0:0:0:0, 6:2:0:0:4, 6:2:0:0:3, 6:0:0:0:2, 6:2:0:0:4, 6:0:0:0:4, 6:2:0:0:5, 4:0:0:0:3, 1:2:2:0:2, 4:2:0:0:5, 4:2:0:0:3, 4:1:0:0:2, 1:0:0:0:0, 4:3:0:0:4, 5:3:0:0:3, 4:0:0:0:3, 0:0:0:0:0, 4:1:0:0:2, 5:1:0:0:3, 4:0:0:0:2, 0:0:0:0:0, 4:1:0:0:2, 5:1:0:0:3, 5:0:0:0:3, 2:0:0:0:2, 5:3:0:0:6, 6:4:0:0:6, 5:1:0:0:3,  , 5:4:0:0:6, 5:5:0:0:5, 4:0:0:0:1, 0:0:0:0:0, 5:1:0:0:2, 7:3:0:0:5, 9:1:0:0:4, 7:2:0:0:5, 5:0:0:0:5, 6:2:0:0:4, 4:0:0:0:2, 5:0:0:0:1, 7:4:0:0:8, 5:4:0:0:5, 4:1:0:0:2, 3:0:0:0:0, 6:4:0:0:6, 6:4:0:0:5, 5:0:0:0:2, 1:0:1:0:0, 6:1:0:0:3, 6:1:0:0:3, 6:0:0:0:2, 5:0:0:0:3, 5:1:0:0:2, 5:1:0:0:4, 4:0:0:0:6, 1:0:0:0:4, 4:2:0:0:6, 4:2:0:0:3, 4:1:0:0:2, 1:0:0:0:0, 6:4:0:0:6, 4:3:0:0:3, 4:0:0:0:3, 0:0:0:0:0, 4:1:0:0:2, 6:2:0:0:3, 9:0:0:0:2, 6:2:0:0:4, 6:0:0:0:5, 6:2:0:0:4, 6:0:0:0:6, 3:1:1:0:1, 5:3:0:0:9, 6:4:0:0:5, 4:1:0:0:2, 3:0:0:0:1, 6:4:0:0:6, 6:7:0:0:8, 5:0:0:0:2, 1:0:0:0:1, 5:1:0:0:2, 6:2:0:0:4, 5:0:0:0:4, 4:0:0:0:1, 7:1:0:0:3, 7:2:0:0:4, 4:0:0:0:3, 1:0:0:0:0, 5:2:0:0:4, 6:4:0:0:6, 5:1:0:0:2, 0:0:0:0:0, 5:3:0:0:5, 7:4:0:0:5, 4:0:0:0:2, 3:0:0:0:1, 7:1:0:0:4, 7:3:0:0:5, 7:0:0:0:3, 6:2:0:0:4, 4:0:0:0:2, 7:2:0:0:8, 4:0:0:0:3, 1:0:0:0:2, 5:3:0:0:8, 5:2:0:0:3, 5:1:0:0:3, 1:0:0:0:0, 4:3:0:0:4, 5:4:0:0:5, 4:0:0:0:2, 1:0:0:0:0, 8:1:0:0:2, 7:2:0:0:3, 6:0:0:0:1, 2:0:0:0:1, 6:2:0:0:3, 6:1:0:0:4, 4:0:0:0:3, 6:1:1:0:2, 5:2:0:0:5, 6:5:0:0:7, 7:1:0:0:3, 4:0:0:0:1, 9:3:2:0:4, 5:7:0:0:7, 4:0:0:0:2, 5:0:0:0:1, 6:1:0:0:2, 5:2:0:0:2, 7:0:0:0:2, 6:2:0:0:4, 4:0:0:0:6, 6:2:0:0:4, 4:0:0:0:3, 1:0:0:0:2, 4:2:0:0:5, 5:3:0:0:5, 4:1:0:0:2, 0:0:0:0:0, 5:3:0:0:4, 4:3:0:0:3, 4:0:0:0:1, 0:0:0:0:0, 4:1:0:0:2, 5:1:0:0:3, 4:0:0:0:1, 0:0:0:0:0, 4:1:0:0:2, 6:1:0:0:2, 5:0:0:0:3, 1:0:0:0:0, 6:5:2:0:9, 4:2:0:0:3, 5:2:0:0:3,  , 8:6:0:0:8, 5:3:0:0:4, 4:0:0:0:2, 3:2:2:0:2, 6:1:0:0:3, 5:2:0:0:2, 6:0:0:0:2, 6:2:0:0:5, 4:0:0:0:3, 6:2:0:0:4, 5:0:0:0:3, 5:1:1:0:2, 5:2:0:0:5, 7:4:0:0:6, 4:1:0:0:2, 4:1:0:0:2, 6:4:1:0:5, 5:3:0:0:3, 4:0:0:0:2, 2:0:0:0:0, 5:1:0:0:2, 5:1:0:0:2, 5:0:0:0:3, 5:1:0:0:2, 5:1:0:0:2, 7:1:0:0:4, 5:0:0:0:4, 1:0:0:0:1, 4:2:0:0:4, 8:2:2:0:3, 5:5:0:0:6, 3:0:0:0:1, 4:3:0:0:4, 6:3:0:0:3, 5:0:0:0:2, 2:0:0:0:1, 4:1:0:0:2, 6:2:0:0:3, 9:1:1:0:3, 7:2:0:0:6, 6:1:0:0:8, 6:2:0:0:5, 1:0:0:0:1, 1:0:0:0:1, 1:0:0:0:1, 1:0:0:0:1, 1610:476:23:0:1063
Cb major (7b), 2:0:0:0:2, 5:0:0:0:9, 5:0:0:0:3, 2:0:0:0:1, 4:0:0:0:3, 4:0:0:0:7, 5:0:0:0:3, 1:0:0:0:0, 2:0:0:0:3, 5:0:0:0:7, 5:4:0:0:5, 5:0:0:0:5, 4:0:0:0:6, 5:0:0:0:7, 6:4:0:0:5, 6:1:0:0:6, 4:0:0:0:5, 5:0:0:0:9, 5:0:0:0:3, 2:0:0:0:1, 4:0:0:0:3, 4:0:0:0:7, 5:0:0:0:3, 1:0:0:0:0, 2:0:0:0:3, 5:0:0:0:7, 6:4:0:0:5, 5:0:0:0:5, 5:1:0:0:10, 10:4:0:0:11, 5:0:0:0:9, 5:0:0:0:5, 3:0:0:0:5, 6:0:0:0:7, 1:0:0:0:0, 3:0:0:0:2, 3:0:0:0:3, 3:0:0:0:3, 2:0:0:0:1, 2:0:0:0:1, 3:0:0:0:5, 7:0:0:0:5, 6:3:0:0:5, 3:0:0:0:2, 4:0:0:0:5, 5:0:0:0:5, 4:3:0:0:4, 4:0:0:0:3, 3:0:0:0:3, 5:0:0:0:10, 5:0:0:0:3, 2:0:0:0:1, 4:0:0:0:3, 4:0:0:0:7, 5:0:0:0:3, 1:0:0:0:0, 3:0:0:0:3, 5:0:0:0:7, 6:4:0:0:5, 5:0:0:0:5, 6:1:0:0:11, 9:3:0:0:10, 5:0:0:0:6, 4:0:0:0:4, 6:0:0:0:7, 6:0:0:0:9, 4:0:0:0:6, 3:0:0:0:3, 3:0:0:0:3, 4:0:0:0:3, 3:0:0:0:3, 1:0:0:0:0, 2:2:2:0:4, 4:0:0:0:6, 5:3:0:0:4, 3:0:0:0:2, 4:0:0:0:4, 5:0:0:0:7, 6:3:0:0:7, 4:0:0:0:3, 3:0:0:0:3, 4:0:0:0:3, 2:0:0:0:2, 5:0:0:0:2, 3:0:0:0:1, 4:0:0:0:2, 2:0:0:0:2, 1:0:0:0:0, 1:0:0:0:1, 5:0:0:0:7, 4:3:0:0:4, 5:0:0:0:5, 5:3:0:0:12, 8:3:0:0:7, 5:0:0:0:5, 4:0:0:0:3, 5:0:0:0:5, 4:0:0:0:4, 3:0:0:0:2, 2:0:0:0:1, 5:0:0:0:3, 3:0:0:0:3, 1:0:0:0:0, 1:0:0:0:0, 2:0:0:0:3, 4:0:0:0:6, 4:3:0:0:4, 3:0:0:0:4, 3:0:0:0:4, 4:0:0:0:6, 6:3:0:0:5, 3:0:0:0:2, 6:0:0:0:9, 5:0:0:0:7, 4:2:2:0:6, 3:0:0:0:2, 4:0:0:0:3, 3:0:0:0:3, 4:1:0:0:5, 4:0:0:0:2, 3:0:0:0:3, 4:0:0:0:7, 5:3:0:0:5, 3:0:0:0:4, 6:1:0:0:7, 11:3:0:0:9, 6:0:0:0:11, 5:0:0:0:9, 5:0:0:0:8, 4:0:0:0:7, 3:0:0:0:4, 3:0:0:0:5, 3:0:0:0:4, 3:0:0:0:3,  , 2:0:0:0:1, 2:0:0:0:3, 4:0:0:0:5, 4:3:0:0:4, 5:0:0:0:7, 6:0:0:0:5, 4:0:0:0:8, 6:4:0:0:8, 5:0:0:0:6, 5:0:0:0:8, 6:1:0:0:8, 3:0:0:0:3, 3:0:0:0:4, 3:0:0:0:3, 3:0:0:0:2, 1:0:0:0:2, 5:0:0:0:3, 2:0:0:0:3, 5:1:0:0:6, 5:3:0:0:5, 5:0:0:0:7, 6:1:0:0:11, 8:3:0:0:7, 5:0:0:0:5, 5:0:0:0:6, 5:0:0:0:6, 4:0:0:0:4, 1:2:2:0:2, 2:0:0:0:1, 2:0:0:0:2, 3:0:0:0:3, 2:0:0:0:2, 1:0:0:0:0, 2:0:0:0:1, 4:0:0:0:7, 4:3:0:0:4, 3:0:0:0:2, 4:0:0:0:5, 4:0:0:0:7, 4:4:0:0:5, 3:0:0:0:3, 4:0:0:0:5, 5:0:0:0:6, 2:0:0:0:3, 3:0:0:0:3, 3:0:0:0:3, 4:0:0:0:3,  , 2:0:0:0:1, 1:0:0:0:2, 4:0:0:0:6, 4:4:0:0:5, 4:0:0:0:5, 6:2:0:0:12, 11:3:0:0:12, 6:0:0:0:10, 5:0:0:0:7, 5:0:0:0:6, 4:0:0:0:3, 5:1:1:0:5, 4:0:0:0:5, 3:0:0:0:2, 3:0:0:0:2, 3:1:0:0:4, 2:0:0:0:1, 2:0:0:0:2, 6:1:0:0:9, 7:4:0:0:6, 5:0:0:0:3, 5:0:0:0:6, 5:0:0:0:6, 10:3:0:0:9, 4:0:0:0:4, 4:0:0:0:7, 4:0:0:0:6, 2:0:0:0:4, 2:0:0:0:3, 2:0:0:0:1, 3:0:0:0:3, 2:0:0:0:1, 2:0:0:0:1, 1:0:0:0:1, 4:0:0:0:7, 4:3:0:0:4, 3:0:0:0:4, 6:2:0:0:11, 11:3:0:0:8, 5:0:0:0:5, 6:0:0:0:6, 5:0:0:0:5, 6:0:0:0:8, 3:4:4:0:6, 3:0:0:0:3, 5:0:0:0:3, 3:0:0:0:4, 4:0:0:0:4, 2:0:0:0:1, 2:0:0:0:3, 5:0:0:0:8, 6:4:0:0:6, 4:0:0:0:4, 5:0:0:0:8, 6:0:0:0:8, 8:4:0:0:10, 6:0:0:0:8, 5:0:0:0:8, 4:0:0:0:3, 2:0:0:0:1, 2:0:0:0:1, 4:0:0:0:2, 3:0:0:0:3, 0:0:0:0:0, 2:0:0:0:1, 3:0:0:0:3, 4:0:0:0:7, 7:4:0:0:8, 6:0:0:0:8, 6:1:0:0:11, 9:3:0:0:9, 5:0:0:0:5, 4:0:0:0:3, 6:0:0:0:10, 4:0:0:0:3, 2:0:0:0:2, 3:0:0:0:4, 2:0:0:0:1, 4:0:0:0:3, 2:0:0:0:2, 1:0:0:0:0, 2:0:0:0:1, 4:0:0:0:6, 5:3:0:0:5, 5:0:0:0:3, 5:1:0:0:10, 6:0:0:0:5, 6:4:0:0:9, 5:1:0:0:7, 5:0:0:0:8, 4:0:0:0:4, 5:0:0:0:5, 3:0:0:0:2, 3:0:0:0:3, 6:0:0:0:6, 4:0:0:0:3, 5:0:0:0:4, 1:0:0:0:3, 4:0:0:0:6, 9:3:0:0:8, 5:1:0:0:5, 5:1:0:0:7, 9:4:0:0:10, 5:0:0:0:7, 4:0:0:0:6, 5:0:0:0:5, 4:0:0:0:4, 1:0:0:0:2, 2:0:0:0:2, 3:0:0:0:2, 3:0:0:0:2, 0:0:0:0:0, 2:0:0:0:1, 1:0:0:0:2, 4:0:0:0:5, 4:3:0:0:4, 3:0:0:0:2, 4:0:0:0:5, 4:0:0:0:6, 4:3:0:0:4, 3:0:0:0:5, 5:1:0:0:7, 5:0:0:0:7, 0:0:0:0:0, 4:0:0:0:5, 2:0:0:0:1, 4:0:0:0:4,  , 5:0:0:0:3, 2:0:0:0:2, 4:0:0:0:6, 9:3:0:0:8, 5:0:0:0:3, 5:2:0:0:10, 8:3:0:0:7, 5:0:0:0:8, 4:0:0:0:3, 5:0:0:0:5, 5:0:0:0:7, 5:2:2:0:6, 3:0:0:0:2, 4:0:0:0:4, 3:0:0:0:3, 3:0:0:0:5, 2:0:0:0:1, 2:0:0:0:1, 4:0:0:0:6, 6:3:0:0:5, 4:0:0:0:5, 4:0:0:0:5, 5:0:0:0:8, 10:4:0:0:11, 3:0:0:0:3, 6:0:0:0:8, 5:0:0:0:10, 2:0:0:0:1, 2:0:0:0:1, 5:0:0:0:4, 3:0:0:0:4, 4:0:0:0:3, 1:0:0:0:0, 2:0:0:0:2, 5:0:0:0:7, 7:3:0:0:7, 3:0:0:0:5, 6:1:0:0:9, 12:3:0:0:10, 6:0:0:0:11, 5:0:0:0:9, 4:0:0:0:4, 1:0:0:0:1, 1:0:0:0:1, 1:0:0:0:1, 1:0:0:0:1, 1440:186:13:0:1633
C# major (7#), 2:0:0:0:0, 5:0:0:0:2, 4:0:0:0:1, 4:2:0:0:4, 6:2:0:0:5, 5:1:0:0:5, 3:0:0:0:1, 4:3:0:0:4, 6:4:0:0:6, 6:0:0:0:2, 1:0:0:0:0, 6:1:0:0:3, 5:2:0:0:5, 6:0:0:0:2, 1:0:0:0:0, 6:1:0:0:3, 5:1:0:0:4, 5:0:0:0:2, 4:0:0:0:1, 4:2:0:0:4, 6:2:0:0:5, 5:1:0:0:5, 3:0:0:0:1, 4:3:0:0:4, 6:4:0:0:6, 6:0:0:0:2, 1:0:0:0:0, 6:1:0:0:3, 5:3:0:0:6, 8:0:0:0:2, 6:2:0:0:9, 5:0:0:0:3, 2:0:0:0:0, 6:0:0:0:3, 0:0:0:0:0, 5:3:0:0:6, 5:2:0:0:4, 4:1:0:0:4, 1:0:0:0:1, 5:3:0:0:5, 7:5:0:0:8, 6:0:0:0:2, 2:0:0:0:1, 4:1:0:0:3, 5:1:0:0:4, 5:0:0:0:2, 1:0:0:0:0, 5:1:0:0:3, 4:1:0:0:3, 5:0:0:0:2, 4:0:0:0:1, 4:2:0:0:4, 6:2:0:0:4, 5:1:0:0:5, 3:0:0:0:1, 4:3:0:0:4, 7:3:0:0:5, 5:0:0:0:3, 1:0:0:0:0, 6:1:0:0:3, 6:2:0:0:5, 8:0:0:0:2, 6:2:0:0:6, 4:0:0:0:4, 7:2:0:0:8, 6:0:0:0:4, 2:0:0:0:1, 5:3:0:0:7, 5:3:0:0:5, 5:1:0:0:3, 2:0:0:0:1, 4:4:0:0:5, 7:5:0:0:7, 4:0:0:0:2, 1:0:0:0:0, 4:1:0:0:3, 5:1:0:0:3, 5:0:0:0:3, 3:0:0:0:0, 5:1:0:0:3, 4:1:0:0:3, 4:0:0:0:2, 2:0:0:0:0, 7:2:0:0:4, 6:2:0:0:3, 4:1:0:0:3, 1:0:0:0:0, 6:3:0:0:4, 5:4:0:0:5, 5:0:0:0:3, 1:0:0:0:0, 6:1:0:0:3, 7:2:0:0:6, 7:0:0:0:2, 6:2:0:0:6, 4:0:0:0:2, 6:2:0:0:6, 4:0:0:0:2, 1:0:0:0:0, 4:2:0:0:4, 6:4:0:0:6, 4:1:0:0:4, 0:0:0:0:0, 4:4:0:0:5, 6:7:0:0:10, 4:0:0:0:2, 1:0:0:0:0, 4:1:0:0:5, 4:1:0:0:4, 4:0:0:0:2, 4:0:0:0:1, 5:1:0:0:3, 7:2:0:0:7, 5:0:0:0:4, 3:2:2:0:4, 5:2:0:0:6, 7:4:0:0:7, 4:1:0:0:4, 3:0:0:0:2, 6:5:0:0:7, 6:4:0:0:5, 4:0:0:0:2, 2:0:0:0:1, 4:1:0:0:5, 6:3:0:0:5, 9:1:1:0:4, 7:2:0:0:10, 5:0:0:0:5, 6:2:0:0:9, 4:0:0:0:2, 1:0:0:0:0, 5:2:0:0:7, 5:4:0:0:8, 4:1:0:0:4,  , 6:3:0:0:5, 6:6:0:0:9, 4:0:0:0:2, 1:0:0:0:0, 6:2:0:0:6, 6:1:0:0:4, 4:0:0:0:3, 3:0:0:0:0, 6:2:0:0:5, 6:1:0:0:6, 6:3:0:0:6, 3:2:2:0:4, 5:3:0:0:6, 5:3:0:0:6, 4:1:0:0:3, 0:0:0:0:0, 8:3:0:0:5, 6:6:0:0:9, 6:1:0:0:3, 2:0:0:0:1, 6:2:0:0:7, 6:2:0:0:5, 7:0:0:0:2, 6:2:0:0:6, 6:0:0:0:5, 6:2:0:0:7, 4:0:0:0:3, 1:2:2:0:2, 4:2:0:0:5, 4:2:0:0:3, 4:1:0:0:3, 1:0:0:0:0, 4:3:0:0:4, 5:3:0:0:4, 4:0:0:0:2, 1:0:0:0:0, 4:1:0:0:3, 5:1:0:0:4, 4:0:0:0:3, 1:0:0:0:0, 4:1:0:0:3, 5:1:0:0:4, 5:0:0:0:5, 1:0:0:0:0, 5:3:0:0:8, 6:4:0:0:5, 5:1:0:0:3,  , 5:4:0:0:5, 5:5:0:0:7, 4:0:0:0:3, 1:0:0:0:0, 5:1:0:0:5, 7:3:0:0:8, 10:1:0:0:4, 7:2:0:0:9, 5:0:0:0:5, 6:2:0:0:6, 4:0:0:0:2, 4:0:0:0:1, 7:4:0:0:9, 5:4:0:0:6, 4:1:0:0:3, 3:0:0:0:2, 6:4:0:0:5, 6:4:0:0:5, 6:0:0:0:2, 2:0:0:0:0, 6:1:0:0:3, 6:1:0:0:5, 6:0:0:0:3, 6:0:0:0:0, 5:1:0:0:4, 5:1:0:0:7, 4:0:0:0:3, 0:0:0:0:0, 4:2:0:0:4, 4:2:0:0:3, 4:1:0:0:3, 1:0:0:0:0, 6:4:0:0:6, 4:3:0:0:4, 4:0:0:0:2, 1:0:0:0:0, 4:1:0:0:4, 6:2:0:0:6, 10:0:0:0:2, 6:2:0:0:6, 6:0:0:0:6, 6:2:0:0:6, 6:0:0:0:6, 3:1:1:0:2, 5:3:0:0:9, 6:4:0:0:6, 4:1:0:0:5, 2:0:0:0:2, 6:4:0:0:5, 6:7:0:0:10, 5:0:0:0:4, 2:0:0:0:0, 5:1:0:0:4, 6:2:0:0:7, 5:0:0:0:4, 5:0:0:0:2, 7:1:0:0:6, 7:2:0:0:7, 4:0:0:0:3, 1:0:0:0:1, 5:2:0:0:4, 6:4:0:0:6, 5:1:0:0:4, 0:0:0:0:0, 5:3:0:0:4, 7:4:0:0:6, 4:0:0:0:3, 4:0:0:0:1, 7:1:0:0:4, 7:3:0:0:9, 8:0:0:0:3, 6:2:0:0:6, 4:0:0:0:2, 7:2:0:0:11, 4:0:0:0:3, 0:0:0:0:0, 5:3:0:0:6, 5:2:0:0:3, 5:1:0:0:4, 1:0:0:0:0, 4:3:0:0:4, 5:4:0:0:6, 4:0:0:0:2, 2:0:0:0:0, 8:1:0:0:3, 7:2:0:0:7, 6:0:0:0:2, 3:0:0:0:0, 6:2:0:0:5, 6:1:0:0:5, 4:0:0:0:3, 5:1:1:0:3, 5:2:0:0:6, 6:5:0:0:6, 7:1:0:0:5, 3:0:0:0:0, 9:3:0:0:5, 5:7:0:0:10, 4:0:0:0:3, 6:0:0:0:1, 6:1:0:0:4, 5:2:0:0:4, 8:0:0:0:3, 6:2:0:0:7, 4:0:0:0:3, 6:2:0:0:6, 4:0:0:0:2, 0:0:0:0:0, 4:2:0:0:4, 5:3:0:0:5, 4:1:0:0:3, 0:0:0:0:0, 5:3:0:0:5, 4:3:0:0:5, 4:0:0:0:2, 1:0:0:0:0, 4:1:0:0:3, 5:1:0:0:4, 4:0:0:0:2, 1:0:0:0:0, 4:1:0:0:6, 6:1:0:0:4, 5:0:0:0:2, 1:0:0:0:0, 6:5:2:0:7, 4:2:0:0:3, 5:2:0:0:5,  , 8:6:0:0:8, 5:3:0:0:4, 4:0:0:0:2, 4:2:2:0:3, 6:1:0:0:3, 5:2:0:0:4, 7:0:0:0:2, 6:2:0:0:8, 4:0:0:0:3, 6:2:0:0:6, 5:0:0:0:3, 4:1:1:0:2, 5:2:0:0:6, 7:4:0:0:6, 4:1:0:0:4, 3:1:0:0:3, 6:4:0:0:5, 5:3:0:0:4, 4:0:0:0:2, 3:0:0:0:0, 5:1:0:0:4, 5:1:0:0:4, 5:0:0:0:4, 6:1:0:0:2, 5:1:0:0:3, 7:1:0:0:6, 5:0:0:0:5, 0:0:0:0:0, 4:2:0:0:4, 8:2:0:0:4, 5:5:0:0:9, 2:0:0:0:1, 4:3:0:0:4, 6:3:0:0:5, 5:0:0:0:3, 3:0:0:0:2, 4:1:0:0:5, 6:2:0:0:5, 10:1:1:0:4, 7:2:0:0:9, 6:1:0:0:9, 6:2:0:0:4, 0:0:0:0:0, 0:0:0:0:0, 0:0:0:0:0, 0:0:0:0:0, 1628:476:15:0:1305
Ab minor (7b), 2:0:0:0:2, 5:0:0:0:9, 5:0:0:0:3, 2:0:0:0:1, 4:0:0:0:3, 4:0:0:0:7, 5:0:0:0:3, 1:0:0:0:0, 2:0:0:0:3, 5:0:0:0:7, 5:4:0:0:5, 5:0:0:0:5, 4:0:0:0:6, 5:0:0:0:7, 6:4:0:0:5, 6:1:0:0:6, 4:0:0:0:5, 5:0:0:0:9, 5:0:0:0:3, 2:0:0:0:1, 4:0:0:0:3, 4:0:0:0:7, 5:0:0:0:3, 1:0:0:0:0, 2:0:0:0:3, 5:0:0:0:7, 6:4:0:0:5, 5:0:0:0:5, 5:1:0:0:10, 10:4:0:0:11, 5:0:0:0:9, 5:0:0:0:5, 3:0:0:0:5, 6:0:0:0:7, 1:0:0:0:0, 3:0:0:0:2, 3:0:0:0:3, 3:0:0:0:3, 2:0:0:0:1, 2:0:0:0:1, 3:0:0:0:5, 7:0:0:0:5, 6:3:0:0:5, 3:0:0:0:2, 4:0:0:0:5, 5:0:0:0:5, 4:3:0:0:4, 4:0:0:0:3, 3:0:0:0:3, 5:0:0:0:10, 5:0:0:0:3, 2:0:0:0:1, 4:0:0:0:3, 4:0:0:0:7, 5:0:0:0:3, 1:0:0:0:0, 3:0:0:0:3, 5:0:0:0:7, 6:4:0:0:5, 5:0:0:0:5, 6:1:0:0:11, 9:3:0:0:10, 5:0:0:0:6, 4:0:0:0:4, 6:0:0:0:7, 6:0:0:0:9, 4:0:0:0:6, 3:0:0:0:3, 3:0:0:0:3, 4:0:0:0:3, 3:0:0:0:3, 1:0:0:0:0, 2:2:2:0:4, 4:0:0:0:6, 5:3:0:0:4, 3:0:0:0:2, 4:0:0:0:4, 5:0:0:0:7, 6:3:0:0:7, 4:0:0:0:3, 3:0:0:0:3, 4:0:0:0:3, 2:0:0:0:2, 5:0:0:0:2, 3:0:0:0:1, 4:0:0:0:2, 2:0:0:0:2, 1:0:0:0:0, 1:0:0:0:1, 5:0:0:0:7, 4:3:0:0:4, 5:0:0:0:5, 5:3:0:0:12, 8:3:0:0:7, 5:0:0:0:5, 4:0:0:0:3, 5:0:0:0:5, 4:0:0:0:4, 3:0:0:0:2, 2:0:0:0:1, 5:0:0:0:3, 3:0:0:0:3, 1:0:0:0:0, 1:0:0:0:0, 2:0:0:0:3, 4:0:0:0:6, 4:3:0:0:4, 3:0:0:0:4, 3:0:0:0:4, 4:0:0:0:6, 6:3:0:0:5, 3:0:0:0:2, 6:0:0:0:9, 5:0:0:0:7, 4:2:2:0:6, 3:0:0:0:2, 4:0:0:0:3, 3:0:0:0:3, 4:1:0:0:5, 4:0:0:0:2, 3:0:0:0:3, 4:0:0:0:7, 5:3:0:0:5, 3:0:0:0:4, 6:1:0:0:7, 11:3:0:0:9, 6:0:0:0:11, 5:0:0:0:9, 5:0:0:0:8, 4:0:0:0:7, 3:0:0:0:4, 3:0:0:0:5, 3:0:0:0:4, 3:0:0:0:3,  , 2:0:0:0:1, 2:0:0:0:3, 4:0:0:0:5, 4:3:0:0:4, 5:0:0:0:7, 6:0:0:0:5, 4:0:0:0:8, 6:4:0:0:8, 5:0:0:0:6, 5:0:0:0:8, 6:1:0:0:8, 3:0:0:0:3, 3:0:0:0:4, 3:0:0:0:3, 3:0:0:0:2, 1:0:0:0:2, 5:0:0:0:3, 2:0:0:0:3, 5:1:0:0:6, 5:3:0:0:5, 5:0:0:0:7, 6:1:0:0:11, 8:3:0:0:7, 5:0:0:0:5, 5:0:0:0:6, 5:0:0:0:6, 4:0:0:0:4, 1:2:2:0:2, 2:0:0:0:1, 2:0:0:0:2, 3:0:0:0:3, 2:0:0:0:2, 1:0:0:0:0, 2:0:0:0:1, 4:0:0:0:7, 4:3:0:0:4, 3:0:0:0:2, 4:0:0:0:5, 4:0:0:0:7, 4:4:0:0:5, 3:0:0:0:3, 4:0:0:0:5, 5:0:0:0:6, 2:0:0:0:3, 3:0:0:0:3, 3:0:0:0:3, 4:0:0:0:3,  , 2:0:0:0:1, 1:0:0:0:2, 4:0:0:0:6, 4:4:0:0:5, 4:0:0:0:5, 6:2:0:0:12, 11:3:0:0:12, 6:0:0:0:10, 5:0:0:0:7, 5:0:0:0:6, 4:0:0:0:3, 5:1:1:0:5, 4:0:0:0:5, 3:0:0:0:2, 3:0:0:0:2, 3:1:0:0:4, 2:0:0:0:1, 2:0:0:0:2, 6:1:0:0:9, 7:4:0:0:6, 5:0:0:0:3, 5:0:0:0:6, 5:0:0:0:6, 10:3:0:0:9, 4:0:0:0:4, 4:0:0:0:7, 4:0:0:0:6, 2:0:0:0:4, 2:0:0:0:3, 2:0:0:0:1, 3:0:0:0:3, 2:0:0:0:1, 2:0:0:0:1, 1:0:0:0:1, 4:0:0:0:7, 4:3:0:0:4, 3:0:0:0:4, 6:2:0:0:11, 11:3:0:0:8, 5:0:0:0:5, 6:0:0:0:6, 5:0:0:0:5, 6:0:0:0:8, 3:4:4:0:6, 3:0:0:0:3, 5:0:0:0:3, 3:0:0:0:4, 4:0:0:0:4, 2:0:0:0:1, 2:0:0:0:3, 5:0:0:0:8, 6:4:0:0:6, 4:0:0:0:4, 5:0:0:0:8, 6:0:0:0:8, 8:4:0:0:10, 6:0:0:0:8, 5:0:0:0:8, 4:0:0:0:3, 2:0:0:0:1, 2:0:0:0:1, 4:0:0:0:2, 3:0:0:0:3, 0:0:0:0:0, 2:0:0:0:1, 3:0:0:0:3, 4:0:0:0:7, 7:4:0:0:8, 6:0:0:0:8, 6:1:0:0:11, 9:3:0:0:9, 5:0:0:0:5, 4:0:0:0:3, 6:0:0:0:10, 4:0:0:0:3, 2:0:0:0:2, 3:0:0:0:4, 2:0:0:0:1, 4:0:0:0:3, 2:0:0:0:2, 1:0:0:0:0, 2:0:0:0:1, 4:0:0:0:6, 5:3:0:0:5, 5:0:0:0:3, 5:1:0:0:10, 6:0:0:0:5, 6:4:0:0:9, 5:1:0:0:7, 5:0:0:0:8, 4:0:0:0:4, 5:0:0:0:5, 3:0:0:0:2, 3:0:0:0:3, 6:0:0:0:6, 4:0:0:0:3, 5:0:0:0:4, 1:0:0:0:3, 4:0:0:0:6, 9:3:0:0:8, 5:1:0:0:5, 5:1:0:0:7, 9:4:0:0:10, 5:0:0:0:7, 4:0:0:0:6, 5:0:0:0:5, 4:0:0:0:4, 1:0:0:0:2, 2:0:0:0:2, 3:0:0:0:2, 3:0:0:0:2, 0:0:0:0:0, 2:0:0:0:1, 1:0:0:0:2, 4:0:0:0:5, 4:3:0:0:4, 3:0:0:0:2, 4:0:0:0:5, 4:0:0:0:6, 4:3:0:0:4, 3:0:0:0:5, 5:1:0:0:7, 5:0:0:0:7, 0:0:0:0:0, 4:0:0:0:5, 2:0:0:0:1, 4:0:0:0:4,  , 5:0:0:0:3, 2:0:0:0:2, 4:0:0:0:6, 9:3:0:0:8, 5:0:0:0:3, 5:2:0:0:10, 8:3:0:0:7, 5:0:0:0:8, 4:0:0:0:3, 5:0:0:0:5, 5:0:0:0:7, 5:2:2:0:6, 3:0:0:0:2, 4:0:0:0:4, 3:0:0:0:3, 3:0:0:0:5, 2:0:0:0:1, 2:0:0:0:1, 4:0:0:0:6, 6:3:0:0:5, 4:0:0:0:5, 4:0:0:0:5, 5:0:0:0:8, 10:4:0:0:11, 3:0:0:0:3, 6:0:0:0:8, 5:0:0:0:10, 2:0:0:0:1, 2:0:0:0:1, 5:0:0:0:4, 3:0:0:0:4, 4:0:0:0:3, 1:0:0:0:0, 2:0:0:0:2, 5:0:0:0:7, 7:3:0:0:7, 3:0:0:0:5, 6:1:0:0:9, 12:3:0:0:10, 6:0:0:0:11, 5:0:0:0:9, 4:0:0:0:4, 1:0:0:0:1, 1:0:0:0:1, 1:0:0:0:1, 1:0:0:0:1, 1440:186:13:0:1633
A# minor (7#), 2:0:0:0:0, 5:0:0:0:2, 4:0:0:0:1, 4:2:0:0:4, 6:2:0:0:5, 5:1:0:0:5, 3:0:0:0:1, 4:3:0:0:4, 6:4:0:0:6, 6:0:0:0:2, 1:0:0:0:0, 6:1:0:0:3, 5:2:0:0:5, 6:0:0:0:2, 1:0:0:0:0, 6:1:0:0:3, 5:1:0:0:4, 5:0:0:0:2, 4:0:0:0:1, 4:2:0:0:4, 6:2:0:0:5, 5:1:0:0:5, 3:0:0:0:1, 4:3:0:0:4, 6:4:0:0:6, 6:0:0:0:2, 1:0:0:0:0, 6:1:0:0:3, 5:3:0:0:6, 8:0:0:0:2, 6:2:0:0:9, 5:0:0:0:3, 2:0:0:0:0, 6:0:0:0:3, 0:0:0:0:0, 5:3:0:0:6, 5:2:0:0:4, 4:1:0:0:4, 1:0:0:0:1, 5:3:0:0:5, 7:5:0:0:8, 6:0:0:0:2, 2:0:0:0:1, 4:1:0:0:3, 5:1:0:0:4, 5:0:0:0:2, 1:0:0:0:0, 5:1:0:0:3, 4:1:0:0:3, 5:0:0:0:2, 4:0:0:0:1, 4:2:0:0:4, 6:2:0:0:4, 5:1:0:0:5, 3:0:0:0:1, 4:3:0:0:4, 7:3:0:0:5, 5:0:0:0:3, 1:0:0:0:0, 6:1:0:0:3, 6:2:0:0:5, 8:0:0:0:2, 6:2:0:0:6, 4:0:0:0:4, 7:2:0:0:8, 6:0:0:0:4, 2:0:0:0:1, 5:3:0:0:7, 5:3:0:0:5, 5:1:0:0:3, 2:0:0:0:1, 4:4:0:0:5, 7:5:0:0:7, 4:0:0:0:2, 1:0:0:0:0, 4:1:0:0:3, 5:1:0:0:3, 5:0:0:0:3, 3:0:0:0:0, 5:1:0:0:3, 4:1:0:0:3, 4:0:0:0:2, 2:0:0:0:0, 7:2:0:0:4, 6:2:0:0:3, 4:1:0:0:3, 1:0:0:0:0, 6:3:0:0:4, 5:4:0:0:5, 5:0:0:0:3, 1:0:0:0:0, 6:1:0:0:3, 7:2:0:0:6, 7:0:0:0:2, 6:2:0:0:6, 4:0:0:0:2, 6:2:0:0:6, 4:0:0:0:2, 1:0:0:0:0, 4:2:0:0:4, 6:4:0:0:6, 4:1:0:0:4, 0:0:0:0:0, 4:4:0:0:5, 6:7:0:0:10, 4:0:0:0:2, 1:0:0:0:0, 4:1:0:0:5, 4:1:0:0:4, 4:0:0:0:2, 4:0:0:0:1, 5:1:0:0:3, 7:2:0:0:7, 5:0:0:0:4, 3:2:2:0:4, 5:2:0:0:6, 7:4:0:0:7, 4:1:0:0:4, 3:0:0:0:2, 6:5:0:0:7, 6:4:0:0:5, 4:0:0:0:2, 2:0:0:0:1, 4:1:0:0:5, 6:3:0:0:5, 9:1:1:0:4, 7:2:0:0:10, 5:0:0:0:5, 6:2:0:0:9, 4:0:0:0:2, 1:0:0:0:0, 5:2:0:0:7, 5:4:0:0:8, 4:1:0:0:4,  , 6:3:0:0:5, 6:6:0:0:9, 4:0:0:0:2, 1:0:0:0:0, 6:2:0:0:6, 6:1:0:0:4, 4:0:0:0:3, 3:0:0:0:0, 6:2:0:0:5, 6:1:0:0:6, 6:3:0:0:6, 3:2:2:0:4, 5:3:0:0:6, 5:3:0:0:6, 4:1:0:0:3, 0:0:0:0:0, 8:3:0:0:5, 6:6:0:0:9, 6:1:0:0:3, 2:0:0:0:1, 6:2:0:0:7, 6:2:0:0:5, 7:0:0:0:2, 6:2:0:0:6, 6:0:0:0:5, 6:2:0:0:7, 4:0:0:0:3, 1:2:2:0:2, 4:2:0:0:5, 4:2:0:0:3, 4:1:0:0:3, 1:0:0:0:0, 4:3:0:0:4, 5:3:0:0:4, 4:0:0:0:2, 1:0:0:0:0, 4:1:0:0:3, 5:1:0:0:4, 4:0:0:0:3, 1:0:0:0:0, 4:1:0:0:3, 5:1:0:0:4, 5:0:0:0:5, 1:0:0:0:0, 5:3:0:0:8, 6:4:0:0:5, 5:1:0:0:3,  , 5:4:0:0:5, 5:5:0:0:7, 4:0:0:0:3, 1:0:0:0:0, 5:1:0:0:5, 7:3:0:0:8, 10:1:0:0:4, 7:2:0:0:9, 5:0:0:0:5, 6:2:0:0:6, 4:0:0:0:2, 4:0:0:0:1, 7:4:0:0:9, 5:4:0:0:6, 4:1:0:0:3, 3:0:0:0:2, 6:4:0:0:5, 6:4:0:0:5, 6:0:0:0:2, 2:0:0:0:0, 6:1:0:0:3, 6:1:0:0:5, 6:0:0:0:3, 6:0:0:0:0, 5:1:0:0:4, 5:1:0:0:7, 4:0:0:0:3, 0:0:0:0:0, 4:2:0:0:4, 4:2:0:0:3, 4:1:0:0:3, 1:0:0:0:0, 6:4:0:0:6, 4:3:0:0:4, 4:0:0:0:2, 1:0:0:0:0, 4:1:0:0:4, 6:2:0:0:6, 10:0:0:0:2, 6:2:0:0:6, 6:0:0:0:6, 6:2:0:0:6, 6:0:0:0:6, 3:1:1:0:2, 5:3:0:0:9, 6:4:0:0:6, 4:1:0:0:5, 2:0:0:0:2, 6:4:0:0:5, 6:7:0:0:10, 5:0:0:0:4, 2:0:0:0:0, 5:1:0:0:4, 6:2:0:0:7, 5:0:0:0:4, 5:0:0:0:2, 7:1:0:0:6, 7:2:0:0:7, 4:0:0:0:3, 1:0:0:0:1, 5:2:0:0:4, 6:4:0:0:6, 5:1:0:0:4, 0:0:0:0:0, 5:3:0:0:4, 7:4:0:0:6, 4:0:0:0:3, 4:0:0:0:1, 7:1:0:0:4, 7:3:0:0:9, 8:0:0:0:3, 6:2:0:0:6, 4:0:0:0:2, 7:2:0:0:11, 4:0:0:0:3, 0:0:0:0:0, 5:3:0:0:6, 5:2:0:0:3, 5:1:0:0:4, 1:0:0:0:0, 4:3:0:0:4, 5:4:0:0:6, 4:0:0:0:2, 2:0:0:0:0, 8:1:0:0:3, 7:2:0:0:7, 6:0:0:0:2, 3:0:0:0:0, 6:2:0:0:5, 6:1:0:0:5, 4:0:0:0:3, 5:1:1:0:3, 5:2:0:0:6, 6:5:0:0:6, 7:1:0:0:5, 3:0:0:0:0, 9:3:0:0:5, 5:7:0:0:10, 4:0:0:0:3, 6:0:0:0:1, 6:1:0:0:4, 5:2:0:0:4, 8:0:0:0:3, 6:2:0:0:7, 4:0:0:0:3, 6:2:0:0:6, 4:0:0:0:2, 0:0:0:0:0, 4:2:0:0:4, 5:3:0:0:5, 4:1:0:0:3, 0:0:0:0:0, 5:3:0:0:5, 4:3:0:0:5, 4:0:0:0:2, 1:0:0:0:0, 4:1:0:0:3, 5:1:0:0:4, 4:0:0:0:2, 1:0:0:0:0, 4:1:0:0:6, 6:1:0:0:4, 5:0:0:0:2, 1:0:0:0:0, 6:5:2:0:7, 4:2:0:0:3, 5:2:0:0:5,  , 8:6:0:0:8, 5:3:0:0:4, 4:0:0:0:2, 4:2:2:0:3, 6:1:0:0:3, 5:2:0:0:4, 7:0:0:0:2, 6:2:0:0:8, 4:0:0:0:3, 6:2:0:0:6, 5:0:0:0:3, 4:1:1:0:2, 5:2:0:0:6, 7:4:0:0:6, 4:1:0:0:4, 3:1:0:0:3, 6:4:0:0:5, 5:3:0:0:4, 4:0:0:0:2, 3:0:0:0:0, 5:1:0:0:4, 5:1:0:0:4, 5:0:0:0:4, 6:1:0:0:2, 5:1:0:0:3, 7:1:0:0:6, 5:0:0:0:5, 0:0:0:0:0, 4:2:0:0:4, 8:2:0:0:4, 5:5:0:0:9, 2:0:0:0:1, 4:3:0:0:4, 6:3:0:0:5, 5:0:0:0:3, 3:0:0:0:2, 4:1:0:0:5, 6:2:0:0:5, 10:1:1:0:4, 7:2:0:0:9, 6:1:0:0:9, 6:2:0:0:4, 0:0:0:0:0, 0:0:0:0:0, 0:0:0:0:0, 0:0:0:0:0, 1628:476:15:0:1305
Ab minor mel (7b), 2:0:0:0:2, 5:0:0:0:9, 5:0:0:0:3, 2:0:0:0:1, 4:0:0:0:3, 4:0:0:0:7, 5:0:0:0:3, 1:0:0:0:0, 2:0:0:0:3, 5:0:0:0:7, 5:4:0:0:5, 5:0:0:0:5, 4:0:0:0:6, 5:0:0:0:7, 6:4:0:0:5, 6:1:0:0:6, 4:0:0:0:5, 5:0:0:0:9, 5:0:0:0:3, 2:0:0:0:1, 4:0:0:0:3, 4:0:0:0:7, 5:0:0:0:3, 1:0:0:0:0, 2:0:0:0:3, 5:0:0:0:7, 6:4:0:0:5, 5:0:0:0:5, 5:1:0:0:10, 10:4:0:0:11, 5:0:0:0:9, 5:0:0:0:5, 3:0:0:0:5, 6:0:0:0:7, 1:0:0:0:0, 3:0:0:0:2, 3:0:0:0:3, 3:0:0:0:3, 2:0:0:0:1, 2:0:0:0:1, 3:0:0:0:5, 7:0:0:0:5, 6:3:0:0:5, 3:0:0:0:2, 4:0:0:0:5, 5:0:0:0:5, 4:3:0:0:4, 4:0:0:0:3, 3:0:0:0:3, 5:0:0:0:10, 5:0:0:0:3, 2:0:0:0:1, 4:0:0:0:3, 4:0:0:0:7, 5:0:0:0:3, 1:0:0:0:0, 3:0:0:0:3, 5:0:0:0:7, 6:4:0:0:5, 5:0:0:0:5, 6:1:0:0:11, 9:3:0:0:10, 5:0:0:0:6, 4:0:0:0:4, 6:0:0:0:7, 6:0:0:0:9, 4:0:0:0:6, 3:0:0:0:3, 3:0:0:0:3, 4:0:0:0:3, 3:0:0:0:3, 1:0:0:0:0, 2:2:2:0:4, 4:0:0:0:6, 5:3:0:0:4, 3:0:0:0:2, 4:0:0:0:4, 5:0:0:0:7, 6:3:0:0:7, 4:0:0:0:3, 3:0:0:0:3, 4:0:0:0:3, 2:0:0:0:2, 5:0:0:0:2, 3:0:0:0:1, 4:0:0:0:2, 2:0:0:0:2, 1:0:0:0:0, 1:0:0:0:1, 5:0:0:0:7, 4:3:0:0:4, 5:0:0:0:5, 5:3:0:0:12, 8:3:0:0:7, 5:0:0:0:5, 4:0:0:0:3, 5:0:0:0:5, 4:0:0:0:4, 3:0:0:0:2, 2:0:0:0:1, 5:0:0:0:3, 3:0:0:0:3, 1:0:0:0:0, 1:0:0:0:0, 2:0:0:0:3, 4:0:0:0:6, 4:3:0:0:4, 3:0:0:0:4, 3:0:0:0:4, 4:0:0:0:6, 6:3:0:0:5, 3:0:0:0:2, 6:0:0:0:9, 5:0:0:0:7, 4:2:2:0:6, 3:0:0:0:2, 4:0:0:0:3, 3:0:0:0:3, 4:1:0:0:5, 4:0:0:0:2, 3:0:0:0:3, 4:0:0:0:7, 5:3:0:0:5, 3:0:0:0:4, 6:1:0:0:7, 11:3:0:0:9, 6:0:0:0:11, 5:0:0:0:9, 5:0:0:0:8, 4:0:0:0:7, 3:0:0:0:4, 3:0:0:0:5, 3:0:0:0:4, 3:0:0:0:3,  , 2:0:0:0:1, 2:0:0:0:3, 4:0:0:0:5, 4:3:0:0:4, 5:0:0:0:7, 6:0:0:0:5, 4:0:0:0:8, 6:4:0:0:8, 5:0:0:0:6, 5:0:0:0:8, 6:1:0:0:8, 3:0:0:0:3, 3:0:0:0:4, 3:0:0:0:3, 3:0:0:0:2, 1:0:0:0:2, 5:0:0:0:3, 2:0:0:0:3, 5:1:0:0:6, 5:3:0:0:5, 5:0:0:0:7, 6:1:0:0:11, 8:3:0:0:7, 5:0:0:0:5, 5:0:0:0:6, 5:0:0:0:6, 4:0:0:0:4, 1:2:2:0:2, 2:0:0:0:1, 2:0:0:0:2, 3:0:0:0:3, 2:0:0:0:2, 1:0:0:0:0, 2:0:0:0:1, 4:0:0:0:7, 4:3:0:0:4, 3:0:0:0:2, 4:0:0:0:5, 4:0:0:0:7, 4:4:0:0:5, 3:0:0:0:3, 4:0:0:0:5, 5:0:0:0:6, 2:0:0:0:3, 3:0:0:0:3, 3:0:0:0:3, 4:0:0:0:3,  , 2:0:0:0:1, 1:0:0:0:2, 4:0:0:0:6, 4:4:0:0:5, 4:0:0:0:5, 6:2:0:0:12, 11:3:0:0:12, 6:0:0:0:10, 5:0:0:0:7, 5:0:0:0:6, 4:0:0:0:3, 5:1:1:0:5, 4:0:0:0:5, 3:0:0:0:2, 3:0:0:0:2, 3:1:0:0:4, 2:0:0:0:1, 2:0:0:0:2, 6:1:0:0:9, 7:4:0:0:6, 5:0:0:0:3, 5:0:0:0:6, 5:0:0:0:6, 10:3:0:0:9, 4:0:0:0:4, 4:0:0:0:7, 4:0:0:0:6, 2:0:0:0:4, 2:0:0:0:3, 2:0:0:0:1, 3:0:0:0:3, 2:0:0:0:1, 2:0:0:0:1, 1:0:0:0:1, 4:0:0:0:7, 4:3:0:0:4, 3:0:0:0:4, 6:2:0:0:11, 11:3:0:0:8, 5:0:0:0:5, 6:0:0:0:6, 5:0:0:0:5, 6:0:0:0:8, 3:4:4:0:6, 3:0:0:0:3, 5:0:0:0:3, 3:0:0:0:4, 4:0:0:0:4, 2:0:0:0:1, 2:0:0:0:3, 5:0:0:0:8, 6:4:0:0:6, 4:0:0:0:4, 5:0:0:0:8, 6:0:0:0:8, 8:4:0:0:10, 6:0:0:0:8, 5:0:0:0:8, 4:0:0:0:3, 2:0:0:0:1, 2:0:0:0:1, 4:0:0:0:2, 3:0:0:0:3, 0:0:0:0:0, 2:0:0:0:1, 3:0:0:0:3, 4:0:0:0:7, 7:4:0:0:8, 6:0:0:0:8, 6:1:0:0:11, 9:3:0:0:9, 5:0:0:0:5, 4:0:0:0:3, 6:0:0:0:10, 4:0:0:0:3, 2:0:0:0:2, 3:0:0:0:4, 2:0:0:0:1, 4:0:0:0:3, 2:0:0:0:2, 1:0:0:0:0, 2:0:0:0:1, 4:0:0:0:6, 5:3:0:0:5, 5:0:0:0:3, 5:1:0:0:10, 6:0:0:0:5, 6:4:0:0:9, 5:1:0:0:7, 5:0:0:0:8, 4:0:0:0:4, 5:0:0:0:5, 3:0:0:0:2, 3:0:0:0:3, 6:0:0:0:6, 4:0:0:0:3, 5:0:0:0:4, 1:0:0:0:3, 4:0:0:0:6, 9:3:0:0:8, 5:1:0:0:5, 5:1:0:0:7, 9:4:0:0:10, 5:0:0:0:7, 4:0:0:0:6, 5:0:0:0:5, 4:0:0:0:4, 1:0:0:0:2, 2:0:0:0:2, 3:0:0:0:2, 3:0:0:0:2, 0:0:0:0:0, 2:0:0:0:1, 1:0:0:0:2, 4:0:0:0:5, 4:3:0:0:4, 3:0:0:0:2, 4:0:0:0:5, 4:0:0:0:6, 4:3:0:0:4, 3:0:0:0:5, 5:1:0:0:7, 5:0:0:0:7, 0:0:0:0:0, 4:0:0:0:5, 2:0:0:0:1, 4:0:0:0:4,  , 5:0:0:0:3, 2:0:0:0:2, 4:0:0:0:6, 9:3:0:0:8, 5:0:0:0:3, 5:2:0:0:10, 8:3:0:0:7, 5:0:0:0:8, 4:0:0:0:3, 5:0:0:0:5, 5:0:0:0:7, 5:2:2:0:6, 3:0:0:0:2, 4:0:0:0:4, 3:0:0:0:3, 3:0:0:0:5, 2:0:0:0:1, 2:0:0:0:1, 4:0:0:0:6, 6:3:0:0:5, 4:0:0:0:5, 4:0:0:0:5, 5:0:0:0:8, 10:4:0:0:11, 3:0:0:0:3, 6:0:0:0:8, 5:0:0:0:10, 2:0:0:0:1, 2:0:0:0:1, 5:0:0:0:4, 3:0:0:0:4, 4:0:0:0:3, 1:0:0:0:0, 2:0:0:0:2, 5:0:0:0:7, 7:3:0:0:7, 3:0:0:0:5, 6:1:0:0:9, 12:3:0:0:10, 6:0:0:0:11, 5:0:0:0:9, 4:0:0:0:4, 1:0:0:0:1, 1:0:0:0:1, 1:0:0:0:1, 1:0:0:0:1, 1440:186:13:0:1633
A# minor mel (7#), 2:0:0:0:0, 5:0:0:0:2, 4:0:0:0:1, 4:2:0:0:4, 6:2:0:0:5, 5:1:0:0:5, 3:0:0:0:1, 4:3:0:0:4, 6:4:0:0:6, 6:0:0:0:2, 1:0:0:0:0, 6:1:0:0:3, 5:2:0:0:5, 6:0:0:0:2, 1:0:0:0:0, 6:1:0:0:3, 5:1:0:0:4, 5:0:0:0:2, 4:0:0:0:1, 4:2:0:0:4, 6:2:0:0:5, 5:1:0:0:5, 3:0:0:0:1, 4:3:0:0:4, 6:4:0:0:6, 6:0:0:0:2, 1:0:0:0:0, 6:1:0:0:3, 5:3:0:0:6, 8:0:0:0:2, 6:2:0:0:9, 5:0:0:0:3, 2:0:0:0:0, 6:0:0:0:3, 0:0:0:0:0, 5:3:0:0:6, 5:2:0:0:4, 4:1:0:0:4, 1:0:0:0:1, 5:3:0:0:5, 7:5:0:0:8, 6:0:0:0:2, 2:0:0:0:1, 4:1:0:0:3, 5:1:0:0:4, 5:0:0:0:2, 1:0:0:0:0, 5:1:0:0:3, 4:1:0:0:3, 5:0:0:0:2, 4:0:0:0:1, 4:2:0:0:4, 6:2:0:0:4, 5:1:0:0:5, 3:0:0:0:1, 4:3:0:0:4, 7:3:0:0:5, 5:0:0:0:3, 1:0:0:0:0, 6:1:0:0:3, 6:2:0:0:5, 8:0:0:0:2, 6:2:0:0:6, 4:0:0:0:4, 7:2:0:0:8, 6:0:0:0:4, 2:0:0:0:1, 5:3:0:0:7, 5:3:0:0:5, 5:1:0:0:3, 2:0:0:0:1, 4:4:0:0:5, 7:5:0:0:7, 4:0:0:0:2, 1:0:0:0:0, 4:1:0:0:3, 5:1:0:0:3, 5:0:0:0:3, 3:0:0:0:0, 5:1:0:0:3, 4:1:0:0:3, 4:0:0:0:2, 2:0:0:0:0, 7:2:0:0:4, 6:2:0:0:3, 4:1:0:0:3, 1:0:0:0:0, 6:3:0:0:4, 5:4:0:0:5, 5:0:0:0:3, 1:0:0:0:0, 6:1:0:0:3, 7:2:0:0:6, 7:0:0:0:2, 6:2:0:0:6, 4:0:0:0:2, 6:2:0:0:6, 4:0:0:0:2, 1:0:0:0:0, 4:2:0:0:4, 6:4:0:0:6, 4:1:0:0:4, 0:0:0:0:0, 4:4:0:0:5, 6:7:0:0:10, 4:0:0:0:2, 1:0:0:0:0, 4:1:0:0:5, 4:1:0:0:4, 4:0:0:0:2, 4:0:0:0:1, 5:1:0:0:3, 7:2:0:0:7, 5:0:0:0:4, 3:2:2:0:4, 5:2:0:0:6, 7:4:0:0:7, 4:1:0:0:4, 3:0:0:0:2, 6:5:0:0:7, 6:4:0:0:5, 4:0:0:0:2, 2:0:0:0:1, 4:1:0:0:5, 6:3:0:0:5, 9:1:1:0:4, 7:2:0:0:10, 5:0:0:0:5, 6:2:0:0:9, 4:0:0:0:2, 1:0:0:0:0, 5:2:0:0:7, 5:4:0:0:8, 4:1:0:0:4,  , 6:3:0:0:5, 6:6:0:0:9, 4:0:0:0:2, 1:0:0:0:0, 6:2:0:0:6, 6:1:0:0:4, 4:0:0:0:3, 3:0:0:0:0, 6:2:0:0:5, 6:1:0:0:6, 6:3:0:0:6, 3:2:2:0:4, 5:3:0:0:6, 5:3:0:0:6, 4:1:0:0:3, 0:0:0:0:0, 8:3:0:0:5, 6:6:0:0:9, 6:1:0:0:3, 2:0:0:0:1, 6:2:0:0:7, 6:2:0:0:5, 7:0:0:0:2, 6:2:0:0:6, 6:0:0:0:5, 6:2:0:0:7, 4:0:0:0:3, 1:2:2:0:2, 4:2:0:0:5, 4:2:0:0:3, 4:1:0:0:3, 1:0:0:0:0, 4:3:0:0:4, 5:3:0:0:4, 4:0:0:0:2, 1:0:0:0:0, 4:1:0:0:3, 5:1:0:0:4, 4:0:0:0:3, 1:0:0:0:0, 4:1:0:0:3, 5:1:0:0:4, 5:0:0:0:5, 1:0:0:0:0, 5:3:0:0:8, 6:4:0:0:5, 5:1:0:0:3,  , 5:4:0:0:5, 5:5:0:0:7, 4:0:0:0:3, 1:0:0:0:0, 5:1:0:0:5, 7:3:0:0:8, 10:1:0:0:4, 7:2:0:0:9, 5:0:0:0:5, 6:2:0:0:6, 4:0:0:0:2, 4:0:0:0:1, 7:4:0:0:9, 5:4:0:0:6, 4:1:0:0:3, 3:0:0:0:2, 6:4:0:0:5, 6:4:0:0:5, 6:0:0:0:2, 2:0:0:0:0, 6:1:0:0:3, 6:1:0:0:5, 6:0:0:0:3, 6:0:0:0:0, 5:1:0:0:4, 5:1:0:0:7, 4:0:0:0:3, 0:0:0:0:0, 4:2:0:0:4, 4:2:0:0:3, 4:1:0:0:3, 1:0:0:0:0, 6:4:0:0:6, 4:3:0:0:4, 4:0:0:0:2, 1:0:0:0:0, 4:1:0:0:4, 6:2:0:0:6, 10:0:0:0:2, 6:2:0:0:6, 6:0:0:0:6, 6:2:0:0:6, 6:0:0:0:6, 3:1:1:0:2, 5:3:0:0:9, 6:4:0:0:6, 4:1:0:0:5, 2:0:0:0:2, 6:4:0:0:5, 6:7:0:0:10, 5:0:0:0:4, 2:0:0:0:0, 5:1:0:0:4, 6:2:0:0:7, 5:0:0:0:4, 5:0:0:0:2, 7:1:0:0:6, 7:2:0:0:7, 4:0:0:0:3, 1:0:0:0:1, 5:2:0:0:4, 6:4:0:0:6, 5:1:0:0:4, 0:0:0:0:0, 5:3:0:0:4, 7:4:0:0:6, 4:0:0:0:3, 4:0:0:0:1, 7:1:0:0:4, 7:3:0:0:9, 8:0:0:0:3, 6:2:0:0:6, 4:0:0:0:2, 7:2:0:0:11, 4:0:0:0:3, 0:0:0:0:0, 5:3:0:0:6, 5:2:0:0:3, 5:1:0:0:4, 1:0:0:0:0, 4:3:0:0:4, 5:4:0:0:6, 4:0:0:0:2, 2:0:0:0:0, 8:1:0:0:3, 7:2:0:0:7, 6:0:0:0:2, 3:0:0:0:0, 6:2:0:0:5, 6:1:0:0:5, 4:0:0:0:3, 5:1:1:0:3, 5:2:0:0:6, 6:5:0:0:6, 7:1:0:0:5, 3:0:0:0:0, 9:3:0:0:5, 5:7:0:0:10, 4:0:0:0:3, 6:0:0:0:1, 6:1:0:0:4, 5:2:0:0:4, 8:0:0:0:3, 6:2:0:0:7, 4:0:0:0:3, 6:2:0:0:6, 4:0:0:0:2, 0:0:0:0:0, 4:2:0:0:4, 5:3:0:0:5, 4:1:0:0:3, 0:0:0:0:0, 5:3:0:0:5, 4:3:0:0:5, 4:0:0:0:2, 1:0:0:0:0, 4:1:0:0:3, 5:1:0:0:4, 4:0:0:0:2, 1:0:0:0:0, 4:1:0:0:6, 6:1:0:0:4, 5:0:0:0:2, 1:0:0:0:0, 6:5:2:0:7, 4:2:0:0:3, 5:2:0:0:5,  , 8:6:0:0:8, 5:3:0:0:4, 4:0:0:0:2, 4:2:2:0:3, 6:1:0:0:3, 5:2:0:0:4, 7:0:0:0:2, 6:2:0:0:8, 4:0:0:0:3, 6:2:0:0:6, 5:0:0:0:3, 4:1:1:0:2, 5:2:0:0:6, 7:4:0:0:6, 4:1:0:0:4, 3:1:0:0:3, 6:4:0:0:5, 5:3:0:0:4, 4:0:0:0:2, 3:0:0:0:0, 5:1:0:0:4, 5:1:0:0:4, 5:0:0:0:4, 6:1:0:0:2, 5:1:0:0:3, 7:1:0:0:6, 5:0:0:0:5, 0:0:0:0:0, 4:2:0:0:4, 8:2:0:0:4, 5:5:0:0:9, 2:0:0:0:1, 4:3:0:0:4, 6:3:0:0:5, 5:0:0:0:3, 3:0:0:0:2, 4:1:0:0:5, 6:2:0:0:5, 10:1:1:0:4, 7:2:0:0:9, 6:1:0:0:9, 6:2:0:0:4, 0:0:0:0:0, 0:0:0:0:0, 0:0:0:0:0, 0:0:0:0:0, 1628:476:15:0:1305
Cb major blues (7b), 2:0:0:0:2, 5:0:0:0:9, 5:0:0:0:3, 2:0:0:0:1, 4:0:0:0:3, 4:0:0:0:7, 5:0:0:0:3, 1:0:0:0:0, 2:0:0:0:3, 5:0:0:0:7, 5:4:0:0:5, 5:0:0:0:5, 4:0:0:0:6, 5:0:0:0:7, 6:4:0:0:5, 6:1:0:0:6, 4:0:0:0:5, 5:0:0:0:9, 5:0:0:0:3, 2:0:0:0:1, 4:0:0:0:3, 4:0:0:0:7, 5:0:0:0:3, 1:0:0:0:0, 2:0:0:0:3, 5:0:0:0:7, 6:4:0:0:5, 5:0:0:0:5, 5:1:0:0:10, 10:4:0:0:11, 5:0:0:0:9, 5:0:0:0:5, 3:0:0:0:5, 6:0:0:0:7, 1:0:0:0:0, 3:0:0:0:2, 3:0:0:0:3, 3:0:0:0:3, 2:0:0:0:1, 2:0:0:0:1, 3:0:0:0:5, 7:0:0:0:5, 6:3:0:0:5, 3:0:0:0:2, 4:0:0:0:5, 5:0:0:0:5, 4:3:0:0:4, 4:0:0:0:3, 3:0:0:0:3, 5:0:0:0:10, 5:0:0:0:3, 2:0:0:0:1, 4:0:0:0:3, 4:0:0:0:7, 5:0:0:0:3, 1:0:0:0:0, 3:0:0:0:3, 5:0:0:0:7, 6:4:0:0:5, 5:0:0:0:5, 6:1:0:0:11, 9:3:0:0:10, 5:0:0:0:6, 4:0:0:0:4, 6:0:0:0:7, 6:0:0:0:9, 4:0:0:0:6, 3:0:0:0:3, 3:0:0:0:3, 4:0:0:0:3, 3:0:0:0:3, 1:0:0:0:0, 2:2:2:0:4, 4:0:0:0:6, 5:3:0:0:4, 3:0:0:0:2, 4:0:0:0:4, 5:0:0:0:7, 6:3:0:0:7, 4:0:0:0:3, 3:0:0:0:3, 4:0:0:0:3, 2:0:0:0:2, 5:0:0:0:2, 3:0:0:0:1, 4:0:0:0:2, 2:0:0:0:2, 1:0:0:0:0, 1:0:0:0:1, 5:0:0:0:7, 4:3:0:0:4, 5:0:0:0:5, 5:3:0:0:12, 8:3:0:0:7, 5:0:0:0:5, 4:0:0:0:3, 5:0:0:0:5, 4:0:0:0:4, 3:0:0:0:2, 2:0:0:0:1, 5:0:0:0:3, 3:0:0:0:3, 1:0:0:0:0, 1:0:0:0:0, 2:0:0:0:3, 4:0:0:0:6, 4:3:0:0:4, 3:0:0:0:4, 3:0:0:0:4, 4:0:0:0:6, 6:3:0:0:5, 3:0:0:0:2, 6:0:0:0:9, 5:0:0:0:7, 4:2:2:0:6, 3:0:0:0:2, 4:0:0:0:3, 3:0:0:0:3, 4:1:0:0:5, 4:0:0:0:2, 3:0:0:0:3, 4:0:0:0:7, 5:3:0:0:5, 3:0:0:0:4, 6:1:0:0:7, 11:3:0:0:9, 6:0:0:0:11, 5:0:0:0:9, 5:0:0:0:8, 4:0:0:0:7, 3:0:0:0:4, 3:0:0:0:5, 3:0:0:0:4, 3:0:0:0:3,  , 2:0:0:0:1, 2:0:0:0:3, 4:0:0:0:5, 4:3:0:0:4, 5:0:0:0:7, 6:0:0:0:5, 4:0:0:0:8, 6:4:0:0:8, 5:0:0:0:6, 5:0:0:0:8, 6:1:0:0:8, 3:0:0:0:3, 3:0:0:0:4, 3:0:0:0:3, 3:0:0:0:2, 1:0:0:0:2, 5:0:0:0:3, 2:0:0:0:3, 5:1:0:0:6, 5:3:0:0:5, 5:0:0:0:7, 6:1:0:0:11, 8:3:0:0:7, 5:0:0:0:5, 5:0:0:0:6, 5:0:0:0:6, 4:0:0:0:4, 1:2:2:0:2, 2:0:0:0:1, 2:0:0:0:2, 3:0:0:0:3, 2:0:0:0:2, 1:0:0:0:0, 2:0:0:0:1, 4:0:0:0:7, 4:3:0:0:4, 3:0:0:0:2, 4:0:0:0:5, 4:0:0:0:7, 4:4:0:0:5, 3:0:0:0:3, 4:0:0:0:5, 5:0:0:0:6, 2:0:0:0:3, 3:0:0:0:3, 3:0:0:0:3, 4:0:0:0:3,  , 2:0:0:0:1, 1:0:0:0:2, 4:0:0:0:6, 4:4:0:0:5, 4:0:0:0:5, 6:2:0:0:12, 11:3:0:0:12, 6:0:0:0:10, 5:0:0:0:7, 5:0:0:0:6, 4:0:0:0:3, 5:1:1:0:5, 4:0:0:0:5, 3:0:0:0:2, 3:0:0:0:2, 3:1:0:0:4, 2:0:0:0:1, 2:0:0:0:2, 6:1:0:0:9, 7:4:0:0:6, 5:0:0:0:3, 5:0:0:0:6, 5:0:0:0:6, 10:3:0:0:9, 4:0:0:0:4, 4:0:0:0:7, 4:0:0:0:6, 2:0:0:0:4, 2:0:0:0:3, 2:0:0:0:1, 3:0:0:0:3, 2:0:0:0:1, 2:0:0:0:1, 1:0:0:0:1, 4:0:0:0:7, 4:3:0:0:4, 3:0:0:0:4, 6:2:0:0:11, 11:3:0:0:8, 5:0:0:0:5, 6:0:0:0:6, 5:0:0:0:5, 6:0:0:0:8, 3:4:4:0:6, 3:0:0:0:3, 5:0:0:0:3, 3:0:0:0:4, 4:0:0:0:4, 2:0:0:0:1, 2:0:0:0:3, 5:0:0:0:8, 6:4:0:0:6, 4:0:0:0:4, 5:0:0:0:8, 6:0:0:0:8, 8:4:0:0:10, 6:0:0:0:8, 5:0:0:0:8, 4:0:0:0:3, 2:0:0:0:1, 2:0:0:0:1, 4:0:0:0:2, 3:0:0:0:3, 0:0:0:0:0, 2:0:0:0:1, 3:0:0:0:3, 4:0:0:0:7, 7:4:0:0:8, 6:0:0:0:8, 6:1:0:0:11, 9:3:0:0:9, 5:0:0:0:5, 4:0:0:0:3, 6:0:0:0:10, 4:0:0:0:3, 2:0:0:0:2, 3:0:0:0:4, 2:0:0:0:1, 4:0:0:0:3, 2:0:0:0:2, 1:0:0:0:0, 2:0:0:0:1, 4:0:0:0:6, 5:3:0:0:5, 5:0:0:0:3, 5:1:0:0:10, 6:0:0:0:5, 6:4:0:0:9, 5:1:0:0:7, 5:0:0:0:8, 4:0:0:0:4, 5:0:0:0:5, 3:0:0:0:2, 3:0:0:0:3, 6:0:0:0:6, 4:0:0:0:3, 5:0:0:0:4, 1:0:0:0:3, 4:0:0:0:6, 9:3:0:0:8, 5:1:0:0:5, 5:1:0:0:7, 9:4:0:0:10, 5:0:0:0:7, 4:0:0:0:6, 5:0:0:0:5, 4:0:0:0:4, 1:0:0:0:2, 2:0:0:0:2, 3:0:0:0:2, 3:0:0:0:2, 0:0:0:0:0, 2:0:0:0:1, 1:0:0:0:2, 4:0:0:0:5, 4:3:0:0:4, 3:0:0:0:2, 4:0:0:0:5, 4:0:0:0:6, 4:3:0:0:4, 3:0:0:0:5, 5:1:0:0:7, 5:0:0:0:7, 0:0:0:0:0, 4:0:0:0:5, 2:0:0:0:1, 4:0:0:0:4,  , 5:0:0:0:3, 2:0:0:0:2, 4:0:0:0:6, 9:3:0:0:8, 5:0:0:0:3, 5:2:0:0:10, 8:3:0:0:7, 5:0:0:0:8, 4:0:0:0:3, 5:0:0:0:5, 5:0:0:0:7, 5:2:2:0:6, 3:0:0:0:2, 4:0:0:0:4, 3:0:0:0:3, 3:0:0:0:5, 2:0:0:0:1, 2:0:0:0:1, 4:0:0:0:6, 6:3:0:0:5, 4:0:0:0:5, 4:0:0:0:5, 5:0:0:0:8, 10:4:0:0:11, 3:0:0:0:3, 6:0:0:0:8, 5:0:0:0:10, 2:0:0:0:1, 2:0:0:0:1, 5:0:0:0:4, 3:0:0:0:4, 4:0:0:0:3, 1:0:0:0:0, 2:0:0:0:2, 5:0:0:0:7, 7:3:0:0:7, 3:0:0:0:5, 6:1:0:0:9, 12:3:0:0:10, 6:0:0:0:11, 5:0:0:0:9, 4:0:0:0:4, 1:0:0:0:1, 1:0:0:0:1, 1:0:0:0:1, 1:0:0:0:1, 1440:186:13:0:1633
C# major blues (7#), 2:0:0:0:0, 5:0:0:0:2, 4:0:0:0:1, 4:2:0:0:4, 6:2:0:0:5, 5:1:0:0:5, 3:0:0:0:1, 4:3:0:0:4, 6:4:0:0:6, 6:0:0:0:2, 1:0:0:0:0, 6:1:0:0:3, 5:2:0:0:5, 6:0:0:0:2, 1:0:0:0:0, 6:1:0:0:3, 5:1:0:0:4, 5:0:0:0:2, 4:0:0:0:1, 4:2:0:0:4, 6:2:0:0:5, 5:1:0:0:5, 3:0:0:0:1, 4:3:0:0:4, 6:4:0:0:6, 6:0:0:0:2, 1:0:0:0:0, 6:1:0:0:3, 5:3:0:0:6, 8:0:0:0:2, 6:2:0:0:9, 5:0:0:0:3, 2:0:0:0:0, 6:0:0:0:3, 0:0:0:0:0, 5:3:0:0:6, 5:2:0:0:4, 4:1:0:0:4, 1:0:0:0:1, 5:3:0:0:5, 7:5:0:0:8, 6:0:0:0:2, 2:0:0:0:1, 4:1:0:0:3, 5:1:0:0:4, 5:0:0:0:2, 1:0:0:0:0, 5:1:0:0:3, 4:1:0:0:3, 5:0:0:0:2, 4:0:0:0:1, 4:2:0:0:4, 6:2:0:0:4, 5:1:0:0:5, 3:0:0:0:1, 4:3:0:0:4, 7:3:0:0:5, 5:0:0:0:3, 1:0:0:0:0, 6:1:0:0:3, 6:2:0:0:5, 8:0:0:0:2, 6:2:0:0:6, 4:0:0:0:4, 7:2:0:0:8, 6:0:0:0:4, 2:0:0:0:1, 5:3:0:0:7, 5:3:0:0:5, 5:1:0:0:3, 2:0:0:0:1, 4:4:0:0:5, 7:5:0:0:7, 4:0:0:0:2, 1:0:0:0:0, 4:1:0:0:3, 5:1:0:0:3, 5:0:0:0:3, 3:0:0:0:0, 5:1:0:0:3, 4:1:0:0:3, 4:0:0:0:2, 2:0:0:0:0, 7:2:0:0:4, 6:2:0:0:3, 4:1:0:0:3, 1:0:0:0:0, 6:3:0:0:4, 5:4:0:0:5, 5:0:0:0:3, 1:0:0:0:0, 6:1:0:0:3, 7:2:0:0:6, 7:0:0:0:2, 6:2:0:0:6, 4:0:0:0:2, 6:2:0:0:6, 4:0:0:0:2, 1:0:0:0:0, 4:2:0:0:4, 6:4:0:0:6, 4:1:0:0:4, 0:0:0:0:0, 4:4:0:0:5, 6:7:0:0:10, 4:0:0:0:2, 1:0:0:0:0, 4:1:0:0:5, 4:1:0:0:4, 4:0:0:0:2, 4:0:0:0:1, 5:1:0:0:3, 7:2:0:0:7, 5:0:0:0:4, 3:2:2:0:4, 5:2:0:0:6, 7:4:0:0:7, 4:1:0:0:4, 3:0:0:0:2, 6:5:0:0:7, 6:4:0:0:5, 4:0:0:0:2, 2:0:0:0:1, 4:1:0:0:5, 6:3:0:0:5, 9:1:1:0:4, 7:2:0:0:10, 5:0:0:0:5, 6:2:0:0:9, 4:0:0:0:2, 1:0:0:0:0, 5:2:0:0:7, 5:4:0:0:8, 4:1:0:0:4,  , 6:3:0:0:5, 6:6:0:0:9, 4:0:0:0:2, 1:0:0:0:0, 6:2:0:0:6, 6:1:0:0:4, 4:0:0:0:3, 3:0:0:0:0, 6:2:0:0:5, 6:1:0:0:6, 6:3:0:0:6, 3:2:2:0:4, 5:3:0:0:6, 5:3:0:0:6, 4:1:0:0:3, 0:0:0:0:0, 8:3:0:0:5, 6:6:0:0:9, 6:1:0:0:3, 2:0:0:0:1, 6:2:0:0:7, 6:2:0:0:5, 7:0:0:0:2, 6:2:0:0:6, 6:0:0:0:5, 6:2:0:0:7, 4:0:0:0:3, 1:2:2:0:2, 4:2:0:0:5, 4:2:0:0:3, 4:1:0:0:3, 1:0:0:0:0, 4:3:0:0:4, 5:3:0:0:4, 4:0:0:0:2, 1:0:0:0:0, 4:1:0:0:3, 5:1:0:0:4, 4:0:0:0:3, 1:0:0:0:0, 4:1:0:0:3, 5:1:0:0:4, 5:0:0:0:5, 1:0:0:0:0, 5:3:0:0:8, 6:4:0:0:5, 5:1:0:0:3,  , 5:4:0:0:5, 5:5:0:0:7, 4:0:0:0:3, 1:0:0:0:0, 5:1:0:0:5, 7:3:0:0:8, 10:1:0:0:4, 7:2:0:0:9, 5:0:0:0:5, 6:2:0:0:6, 4:0:0:0:2, 4:0:0:0:1, 7:4:0:0:9, 5:4:0:0:6, 4:1:0:0:3, 3:0:0:0:2, 6:4:0:0:5, 6:4:0:0:5, 6:0:0:0:2, 2:0:0:0:0, 6:1:0:0:3, 6:1:0:0:5, 6:0:0:0:3, 6:0:0:0:0, 5:1:0:0:4, 5:1:0:0:7, 4:0:0:0:3, 0:0:0:0:0, 4:2:0:0:4, 4:2:0:0:3, 4:1:0:0:3, 1:0:0:0:0, 6:4:0:0:6, 4:3:0:0:4, 4:0:0:0:2, 1:0:0:0:0, 4:1:0:0:4, 6:2:0:0:6, 10:0:0:0:2, 6:2:0:0:6, 6:0:0:0:6, 6:2:0:0:6, 6:0:0:0:6, 3:1:1:0:2, 5:3:0:0:9, 6:4:0:0:6, 4:1:0:0:5, 2:0:0:0:2, 6:4:0:0:5, 6:7:0:0:10, 5:0:0:0:4, 2:0:0:0:0, 5:1:0:0:4, 6:2:0:0:7, 5:0:0:0:4, 5:0:0:0:2, 7:1:0:0:6, 7:2:0:0:7, 4:0:0:0:3, 1:0:0:0:1, 5:2:0:0:4, 6:4:0:0:6, 5:1:0:0:4, 0:0:0:0:0, 5:3:0:0:4, 7:4:0:0:6, 4:0:0:0:3, 4:0:0:0:1, 7:1:0:0:4, 7:3:0:0:9, 8:0:0:0:3, 6:2:0:0:6, 4:0:0:0:2, 7:2:0:0:11, 4:0:0:0:3, 0:0:0:0:0, 5:3:0:0:6, 5:2:0:0:3, 5:1:0:0:4, 1:0:0:0:0, 4:3:0:0:4, 5:4:0:0:6, 4:0:0:0:2, 2:0:0:0:0, 8:1:0:0:3, 7:2:0:0:7, 6:0:0:0:2, 3:0:0:0:0, 6:2:0:0:5, 6:1:0:0:5, 4:0:0:0:3, 5:1:1:0:3, 5:2:0:0:6, 6:5:0:0:6, 7:1:0:0:5, 3:0:0:0:0, 9:3:0:0:5, 5:7:0:0:10, 4:0:0:0:3, 6:0:0:0:1, 6:1:0:0:4, 5:2:0:0:4, 8:0:0:0:3, 6:2:0:0:7, 4:0:0:0:3, 6:2:0:0:6, 4:0:0:0:2, 0:0:0:0:0, 4:2:0:0:4, 5:3:0:0:5, 4:1:0:0:3, 0:0:0:0:0, 5:3:0:0:5, 4:3:0:0:5, 4:0:0:0:2, 1:0:0:0:0, 4:1:0:0:3, 5:1:0:0:4, 4:0:0:0:2, 1:0:0:0:0, 4:1:0:0:6, 6:1:0:0:4, 5:0:0:0:2, 1:0:0:0:0, 6:5:2:0:7, 4:2:0:0:3, 5:2:0:0:5,  , 8:6:0:0:8, 5:3:0:0:4, 4:0:0:0:2, 4:2:2:0:3, 6:1:0:0:3, 5:2:0:0:4, 7:0:0:0:2, 6:2:0:0:8, 4:0:0:0:3, 6:2:0:0:6, 5:0:0:0:3, 4:1:1:0:2, 5:2:0:0:6, 7:4:0:0:6, 4:1:0:0:4, 3:1:0:0:3, 6:4:0:0:5, 5:3:0:0:4, 4:0:0:0:2, 3:0:0:0:0, 5:1:0:0:4, 5:1:0:0:4, 5:0:0:0:4, 6:1:0:0:2, 5:1:0:0:3, 7:1:0:0:6, 5:0:0:0:5, 0:0:0:0:0, 4:2:0:0:4, 8:2:0:0:4, 5:5:0:0:9, 2:0:0:0:1, 4:3:0:0:4, 6:3:0:0:5, 5:0:0:0:3, 3:0:0:0:2, 4:1:0:0:5, 6:2:0:0:5, 10:1:1:0:4, 7:2:0:0:9, 6:1:0:0:9, 6:2:0:0:4, 0:0:0:0:0, 0:0:0:0:0, 0:0:0:0:0, 0:0:0:0:0, 1628:476:15:0:1305
Ab minor blues (7b), 2:0:0:0:2, 5:0:0:0:9, 5:0:0:0:3, 2:0:0:0:1, 4:0:0:0:3, 4:0:0:0:7, 5:0:0:0:3, 1:0:0:0:0, 2:0:0:0:3, 5:0:0:0:7, 5:4:0:0:5, 5:0:0:0:5, 4:0:0:0:6, 5:0:0:0:7, 6:4:0:0:5, 6:1:0:0:6, 4:0:0:0:5, 5:0:0:0:9, 5:0:0:0:3, 2:0:0:0:1, 4:0:0:0:3, 4:0:0:0:7, 5:0:0:0:3, 1:0:0:0:0, 2:0:0:0:3, 5:0:0:0:7, 6:4:0:0:5, 5:0:0:0:5, 5:1:0:0:10, 10:4:0:0:11, 5:0:0:0:9, 5:0:0:0:5, 3:0:0:0:5, 6:0:0:0:7, 1:0:0:0:0, 3:0:0:0:2, 3:0:0:0:3, 3:0:0:0:3, 2:0:0:0:1, 2:0:0:0:1, 3:0:0:0:5, 7:0:0:0:5, 6:3:0:0:5, 3:0:0:0:2, 4:0:0:0:5, 5:0:0:0:5, 4:3:0:0:4, 4:0:0:0:3, 3:0:0:0:3, 5:0:0:0:10, 5:0:0:0:3, 2:0:0:0:1, 4:0:0:0:3, 4:0:0:0:7, 5:0:0:0:3, 1:0:0:0:0, 3:0:0:0:3, 5:0:0:0:7, 6:4:0:0:5, 5:0:0:0:5, 6:1:0:0:11, 9:3:0:0:10, 5:0:0:0:6, 4:0:0:0:4, 6:0:0:0:7, 6:0:0:0:9, 4:0:0:0:6, 3:0:0:0:3, 3:0:0:0:3, 4:0:0:0:3, 3:0:0:0:3, 1:0:0:0:0, 2:2:2:0:4, 4:0:0:0:6, 5:3:0:0:4, 3:0:0:0:2, 4:0:0:0:4, 5:0:0:0:7, 6:3:0:0:7, 4:0:0:0:3, 3:0:0:0:3, 4:0:0:0:3, 2:0:0:0:2, 5:0:0:0:2, 3:0:0:0:1, 4:0:0:0:2, 2:0:0:0:2, 1:0:0:0:0, 1:0:0:0:1, 5:0:0:0:7, 4:3:0:0:4, 5:0:0:0:5, 5:3:0:0:12, 8:3:0:0:7, 5:0:0:0:5, 4:0:0:0:3, 5:0:0:0:5, 4:0:0:0:4, 3:0:0:0:2, 2:0:0:0:1, 5:0:0:0:3, 3:0:0:0:3, 1:0:0:0:0, 1:0:0:0:0, 2:0:0:0:3, 4:0:0:0:6, 4:3:0:0:4, 3:0:0:0:4, 3:0:0:0:4, 4:0:0:0:6, 6:3:0:0:5, 3:0:0:0:2, 6:0:0:0:9, 5:0:0:0:7, 4:2:2:0:6, 3:0:0:0:2, 4:0:0:0:3, 3:0:0:0:3, 4:1:0:0:5, 4:0:0:0:2, 3:0:0:0:3, 4:0:0:0:7, 5:3:0:0:5, 3:0:0:0:4, 6:1:0:0:7, 11:3:0:0:9, 6:0:0:0:11, 5:0:0:0:9, 5:0:0:0:8, 4:0:0:0:7, 3:0:0:0:4, 3:0:0:0:5, 3:0:0:0:4, 3:0:0:0:3,  , 2:0:0:0:1, 2:0:0:0:3, 4:0:0:0:5, 4:3:0:0:4, 5:0:0:0:7, 6:0:0:0:5, 4:0:0:0:8, 6:4:0:0:8, 5:0:0:0:6, 5:0:0:0:8, 6:1:0:0:8, 3:0:0:0:3, 3:0:0:0:4, 3:0:0:0:3, 3:0:0:0:2, 1:0:0:0:2, 5:0:0:0:3, 2:0:0:0:3, 5:1:0:0:6, 5:3:0:0:5, 5:0:0:0:7, 6:1:0:0:11, 8:3:0:0:7, 5:0:0:0:5, 5:0:0:0:6, 5:0:0:0:6, 4:0:0:0:4, 1:2:2:0:2, 2:0:0:0:1, 2:0:0:0:2, 3:0:0:0:3, 2:0:0:0:2, 1:0:0:0:0, 2:0:0:0:1, 4:0:0:0:7, 4:3:0:0:4, 3:0:0:0:2, 4:0:0:0:5, 4:0:0:0:7, 4:4:0:0:5, 3:0:0:0:3, 4:0:0:0:5, 5:0:0:0:6, 2:0:0:0:3, 3:0:0:0:3, 3:0:0:0:3, 4:0:0:0:3,  , 2:0:0:0:1, 1:0:0:0:2, 4:0:0:0:6, 4:4:0:0:5, 4:0:0:0:5, 6:2:0:0:12, 11:3:0:0:12, 6:0:0:0:10, 5:0:0:0:7, 5:0:0:0:6, 4:0:0:0:3, 5:1:1:0:5, 4:0:0:0:5, 3:0:0:0:2, 3:0:0:0:2, 3:1:0:0:4, 2:0:0:0:1, 2:0:0:0:2, 6:1:0:0:9, 7:4:0:0:6, 5:0:0:0:3, 5:0:0:0:6, 5:0:0:0:6, 10:3:0:0:9, 4:0:0:0:4, 4:0:0:0:7, 4:0:0:0:6, 2:0:0:0:4, 2:0:0:0:3, 2:0:0:0:1, 3:0:0:0:3, 2:0:0:0:1, 2:0:0:0:1, 1:0:0:0:1, 4:0:0:0:7, 4:3:0:0:4, 3:0:0:0:4, 6:2:0:0:11, 11:3:0:0:8, 5:0:0:0:5, 6:0:0:0:6, 5:0:0:0:5, 6:0:0:0:8, 3:4:4:0:6, 3:0:0:0:3, 5:0:0:0:3, 3:0:0:0:4, 4:0:0:0:4, 2:0:0:0:1, 2:0:0:0:3, 5:0:0:0:8, 6:4:0:0:6, 4:0:0:0:4, 5:0:0:0:8, 6:0:0:0:8, 8:4:0:0:10, 6:0:0:0:8, 5:0:0:0:8, 4:0:0:0:3, 2:0:0:0:1, 2:0:0:0:1, 4:0:0:0:2, 3:0:0:0:3, 0:0:0:0:0, 2:0:0:0:1, 3:0:0:0:3, 4:0:0:0:7, 7:4:0:0:8, 6:0:0:0:8, 6:1:0:0:11, 9:3:0:0:9, 5:0:0:0:5, 4:0:0:0:3, 6:0:0:0:10, 4:0:0:0:3, 2:0:0:0:2, 3:0:0:0:4, 2:0:0:0:1, 4:0:0:0:3, 2:0:0:0:2, 1:0:0:0:0, 2:0:0:0:1, 4:0:0:0:6, 5:3:0:0:5, 5:0:0:0:3, 5:1:0:0:10, 6:0:0:0:5, 6:4:0:0:9, 5:1:0:0:7, 5:0:0:0:8, 4:0:0:0:4, 5:0:0:0:5, 3:0:0:0:2, 3:0:0:0:3, 6:0:0:0:6, 4:0:0:0:3, 5:0:0:0:4, 1:0:0:0:3, 4:0:0:0:6, 9:3:0:0:8, 5:1:0:0:5, 5:1:0:0:7, 9:4:0:0:10, 5:0:0:0:7, 4:0:0:0:6, 5:0:0:0:5, 4:0:0:0:4, 1:0:0:0:2, 2:0:0:0:2, 3:0:0:0:2, 3:0:0:0:2, 0:0:0:0:0, 2:0:0:0:1, 1:0:0:0:2, 4:0:0:0:5, 4:3:0:0:4, 3:0:0:0:2, 4:0:0:0:5, 4:0:0:0:6, 4:3:0:0:4, 3:0:0:0:5, 5:1:0:0:7, 5:0:0:0:7, 0:0:0:0:0, 4:0:0:0:5, 2:0:0:0:1, 4:0:0:0:4,  , 5:0:0:0:3, 2:0:0:0:2, 4:0:0:0:6, 9:3:0:0:8, 5:0:0:0:3, 5:2:0:0:10, 8:3:0:0:7, 5:0:0:0:8, 4:0:0:0:3, 5:0:0:0:5, 5:0:0:0:7, 5:2:2:0:6, 3:0:0:0:2, 4:0:0:0:4, 3:0:0:0:3, 3:0:0:0:5, 2:0:0:0:1, 2:0:0:0:1, 4:0:0:0:6, 6:3:0:0:5, 4:0:0:0:5, 4:0:0:0:5, 5:0:0:0:8, 10:4:0:0:11, 3:0:0:0:3, 6:0:0:0:8, 5:0:0:0:10, 2:0:0:0:1, 2:0:0:0:1, 5:0:0:0:4, 3:0:0:0:4, 4:0:0:0:3, 1:0:0:0:0, 2:0:0:0:2, 5:0:0:0:7, 7:3:0:0:7, 3:0:0:0:5, 6:1:0:0:9, 12:3:0:0:10, 6:0:0:0:11, 5:0:0:0:9, 4:0:0:0:4, 1:0:0:0:1, 1:0:0:0:1, 1:0:0:0:1, 1:0:0:0:1, 1440:186:13:0:1633
A# minor blues (7#), 2:0:0:0:0, 5:0:0:0:2, 4:0:0:0:1, 4:2:0:0:4, 6:2:0:0:5, 5:1:0:0:5, 3:0:0:0:1, 4:3:0:0:4, 6:4:0:0:6, 6:0:0:0:2, 1:0:0:0:0, 6:1:0:0:3, 5:2:0:0:5, 6:0:0:0:2, 1:0:0:0:0, 6:1:0:0:3, 5:1:0:0:4, 5:0:0:0:2, 4:0:0:0:1, 4:2:0:0:4, 6:2:0:0:5, 5:1:0:0:5, 3:0:0:0:1, 4:3:0:0:4, 6:4:0:0:6, 6:0:0:0:2, 1:0:0:0:0, 6:1:0:0:3, 5:3:0:0:6, 8:0:0:0:2, 6:2:0:0:9, 5:0:0:0:3, 2:0:0:0:0, 6:0:0:0:3, 0:0:0:0:0, 5:3:0:0:6, 5:2:0:0:4, 4:1:0:0:4, 1:0:0:0:1, 5:3:0:0:5, 7:5:0:0:8, 6:0:0:0:2, 2:0:0:0:1, 4:1:0:0:3, 5:1:0:0:4, 5:0:0:0:2, 1:0:0:0:0, 5:1:0:0:3, 4:1:0:0:3, 5:0:0:0:2, 4:0:0:0:1, 4:2:0:0:4, 6:2:0:0:4, 5:1:0:0:5, 3:0:0:0:1, 4:3:0:0:4, 7:3:0:0:5, 5:0:0:0:3, 1:0:0:0:0, 6:1:0:0:3, 6:2:0:0:5, 8:0:0:0:2, 6:2:0:0:6, 4:0:0:0:4, 7:2:0:0:8, 6:0:0:0:4, 2:0:0:0:1, 5:3:0:0:7, 5:3:0:0:5, 5:1:0:0:3, 2:0:0:0:1, 4:4:0:0:5, 7:5:0:0:7, 4:0:0:0:2, 1:0:0:0:0, 4:1:0:0:3, 5:1:0:0:3, 5:0:0:0:3, 3:0:0:0:0, 5:1:0:0:3, 4:1:0:0:3, 4:0:0:0:2, 2:0:0:0:0, 7:2:0:0:4, 6:2:0:0:3, 4:1:0:0:3, 1:0:0:0:0, 6:3:0:0:4, 5:4:0:0:5, 5:0:0:0:3, 1:0:0:0:0, 6:1:0:0:3, 7:2:0:0:6, 7:0:0:0:2, 6:2:0:0:6, 4:0:0:0:2, 6:2:0:0:6, 4:0:0:0:2, 1:0:0:0:0, 4:2:0:0:4, 6:4:0:0:6, 4:1:0:0:4, 0:0:0:0:0, 4:4:0:0:5, 6:7:0:0:10, 4:0:0:0:2, 1:0:0:0:0, 4:1:0:0:5, 4:1:0:0:4, 4:0:0:0:2, 4:0:0:0:1, 5:1:0:0:3, 7:2:0:0:7, 5:0:0:0:4, 3:2:2:0:4, 5:2:0:0:6, 7:4:0:0:7, 4:1:0:0:4, 3:0:0:0:2, 6:5:0:0:7, 6:4:0:0:5, 4:0:0:0:2, 2:0:0:0:1, 4:1:0:0:5, 6:3:0:0:5, 9:1:1:0:4, 7:2:0:0:10, 5:0:0:0:5, 6:2:0:0:9, 4:0:0:0:2, 1:0:0:0:0, 5:2:0:0:7, 5:4:0:0:8, 4:1:0:0:4,  , 6:3:0:0:5, 6:6:0:0:9, 4:0:0:0:2, 1:0:0:0:0, 6:2:0:0:6, 6:1:0:0:4, 4:0:0:0:3, 3:0:0:0:0, 6:2:0:0:5, 6:1:0:0:6, 6:3:0:0:6, 3:2:2:0:4, 5:3:0:0:6, 5:3:0:0:6, 4:1:0:0:3, 0:0:0:0:0, 8:3:0:0:5, 6:6:0:0:9, 6:1:0:0:3, 2:0:0:0:1, 6:2:0:0:7, 6:2:0:0:5, 7:0:0:0:2, 6:2:0:0:6, 6:0:0:0:5, 6:2:0:0:7, 4:0:0:0:3, 1:2:2:0:2, 4:2:0:0:5, 4:2:0:0:3, 4:1:0:0:3, 1:0:0:0:0, 4:3:0:0:4, 5:3:0:0:4, 4:0:0:0:2, 1:0:0:0:0, 4:1:0:0:3, 5:1:0:0:4, 4:0:0:0:3, 1:0:0:0:0, 4:1:0:0:3, 5:1:0:0:4, 5:0:0:0:5, 1:0:0:0:0, 5:3:0:0:8, 6:4:0:0:5, 5:1:0:0:3,  , 5:4:0:0:5, 5:5:0:0:7, 4:0:0:0:3, 1:0:0:0:0, 5:1:0:0:5, 7:3:0:0:8, 10:1:0:0:4, 7:2:0:0:9, 5:0:0:0:5, 6:2:0:0:6, 4:0:0:0:2, 4:0:0:0:1, 7:4:0:0:9, 5:4:0:0:6, 4:1:0:0:3, 3:0:0:0:2, 6:4:0:0:5, 6:4:0:0:5, 6:0:0:0:2, 2:0:0:0:0, 6:1:0:0:3, 6:1:0:0:5, 6:0:0:0:3, 6:0:0:0:0, 5:1:0:0:4, 5:1:0:0:7, 4:0:0:0:3, 0:0:0:0:0, 4:2:0:0:4, 4:2:0:0:3, 4:1:0:0:3, 1:0:0:0:0, 6:4:0:0:6, 4:3:0:0:4, 4:0:0:0:2, 1:0:0:0:0, 4:1:0:0:4, 6:2:0:0:6, 10:0:0:0:2, 6:2:0:0:6, 6:0:0:0:6, 6:2:0:0:6, 6:0:0:0:6, 3:1:1:0:2, 5:3:0:0:9, 6:4:0:0:6, 4:1:0:0:5, 2:0:0:0:2, 6:4:0:0:5, 6:7:0:0:10, 5:0:0:0:4, 2:0:0:0:0, 5:1:0:0:4, 6:2:0:0:7, 5:0:0:0:4, 5:0:0:0:2, 7:1:0:0:6, 7:2:0:0:7, 4:0:0:0:3, 1:0:0:0:1, 5:2:0:0:4, 6:4:0:0:6, 5:1:0:0:4, 0:0:0:0:0, 5:3:0:0:4, 7:4:0:0:6, 4:0:0:0:3, 4:0:0:0:1, 7:1:0:0:4, 7:3:0:0:9, 8:0:0:0:3, 6:2:0:0:6, 4:0:0:0:2, 7:2:0:0:11, 4:0:0:0:3, 0:0:0:0:0, 5:3:0:0:6, 5:2:0:0:3, 5:1:0:0:4, 1:0:0:0:0, 4:3:0:0:4, 5:4:0:0:6, 4:0:0:0:2, 2:0:0:0:0, 8:1:0:0:3, 7:2:0:0:7, 6:0:0:0:2, 3:0:0:0:0, 6:2:0:0:5, 6:1:0:0:5, 4:0:0:0:3, 5:1:1:0:3, 5:2:0:0:6, 6:5:0:0:6, 7:1:0:0:5, 3:0:0:0:0, 9:3:0:0:5, 5:7:0:0:10, 4:0:0:0:3, 6:0:0:0:1, 6:1:0:0:4, 5:2:0:0:4, 8:0:0:0:3, 6:2:0:0:7, 4:0:0:0:3, 6:2:0:0:6, 4:0:0:0:2, 0:0:0:0:0, 4:2:0:0:4, 5:3:0:0:5, 4:1:0:0:3, 0:0:0:0:0, 5:3:0:0:5, 4:3:0:0:5, 4:0:0:0:2, 1:0:0:0:0, 4:1:0:0:3, 5:1:0:0:4, 4:0:0:0:2, 1:0:0:0:0, 4:1:0:0:6, 6:1:0:0:4, 5:0:0:0:2, 1:0:0:0:0, 6:5:2:0:7, 4:2:0:0:3, 5:2:0:0:5,  , 8:6:0:0:8, 5:3:0:0:4, 4:0:0:0:2, 4:2:2:0:3, 6:1:0:0:3, 5:2:0:0:4, 7:0:0:0:2, 6:2:0:0:8, 4:0:0:0:3, 6:2:0:0:6, 5:0:0:0:3, 4:1:1:0:2, 5:2:0:0:6, 7:4:0:0:6, 4:1:0:0:4, 3:1:0:0:3, 6:4:0:0:5, 5:3:0:0:4, 4:0:0:0:2, 3:0:0:0:0, 5:1:0:0:4, 5:1:0:0:4, 5:0:0:0:4, 6:1:0:0:2, 5:1:0:0:3, 7:1:0:0:6, 5:0:0:0:5, 0:0:0:0:0, 4:2:0:0:4, 8:2:0:0:4, 5:5:0:0:9, 2:0:0:0:1, 4:3:0:0:4, 6:3:0:0:5, 5:0:0:0:3, 3:0:0:0:2, 4:1:0:0:5, 6:2:0:0:5, 10:1:1:0:4, 7:2:0:0:9, 6:1:0:0:9, 6:2:0:0:4, 0:0:0:0:0, 0:0:0:0:0, 0:0:0:0:0, 0:0:0:0:0, 1628:476:15:0:1305
Cb dorian (7b), 2:0:0:0:2, 5:0:0:0:9, 5:0:0:0:3, 2:0:0:0:1, 4:0:0:0:3, 4:0:0:0:7, 5:0:0:0:3, 1:0:0:0:0, 2:0:0:0:3, 5:0:0:0:7, 5:4:0:0:5, 5:0:0:0:5, 4:0:0:0:6, 5:0:0:0:7, 6:4:0:0:5, 6:1:0:0:6, 4:0:0:0:5, 5:0:0:0:9, 5:0:0:0:3, 2:0:0:0:1, 4:0:0:0:3, 4:0:0:0:7, 5:0:0:0:3, 1:0:0:0:0, 2:0:0:0:3, 5:0:0:0:7, 6:4:0:0:5, 5:0:0:0:5, 5:1:0:0:10, 10:4:0:0:11, 5:0:0:0:9, 5:0:0:0:5, 3:0:0:0:5, 6:0:0:0:7, 1:0:0:0:0, 3:0:0:0:2, 3:0:0:0:3, 3:0:0:0:3, 2:0:0:0:1, 2:0:0:0:1, 3:0:0:0:5, 7:0:0:0:5, 6:3:0:0:5, 3:0:0:0:2, 4:0:0:0:5, 5:0:0:0:5, 4:3:0:0:4, 4:0:0:0:3, 3:0:0:0:3, 5:0:0:0:10, 5:0:0:0:3, 2:0:0:0:1, 4:0:0:0:3, 4:0:0:0:7, 5:0:0:0:3, 1:0:0:0:0, 3:0:0:0:3, 5:0:0:0:7, 6:4:0:0:5, 5:0:0:0:5, 6:1:0:0:11, 9:3:0:0:10, 5:0:0:0:6, 4:0:0:0:4, 6:0:0:0:7, 6:0:0:0:9, 4:0:0:0:6, 3:0:0:0:3, 3:0:0:0:3, 4:0:0:0:3, 3:0:0:0:3, 1:0:0:0:0, 2:2:2:0:4, 4:0:0:0:6, 5:3:0:0:4, 3:0:0:0:2, 4:0:0:0:4, 5:0:0:0:7, 6:3:0:0:7, 4:0:0:0:3, 3:0:0:0:3, 4:0:0:0:3, 2:0:0:0:2, 5:0:0:0:2, 3:0:0:0:1, 4:0:0:0:2, 2:0:0:0:2, 1:0:0:0:0, 1:0:0:0:1, 5:0:0:0:7, 4:3:0:0:4, 5:0:0:0:5, 5:3:0:0:12, 8:3:0:0:7, 5:0:0:0:5, 4:0:0:0:3, 5:0:0:0:5, 4:0:0:0:4, 3:0:0:0:2, 2:0:0:0:1, 5:0:0:0:3, 3:0:0:0:3, 1:0:0:0:0, 1:0:0:0:0, 2:0:0:0:3, 4:0:0:0:6, 4:3:0:0:4, 3:0:0:0:4, 3:0:0:0:4, 4:0:0:0:6, 6:3:0:0:5, 3:0:0:0:2, 6:0:0:0:9, 5:0:0:0:7, 4:2:2:0:6, 3:0:0:0:2, 4:0:0:0:3, 3:0:0:0:3, 4:1:0:0:5, 4:0:0:0:2, 3:0:0:0:3, 4:0:0:0:7, 5:3:0:0:5, 3:0:0:0:4, 6:1:0:0:7, 11:3:0:0:9, 6:0:0:0:11, 5:0:0:0:9, 5:0:0:0:8, 4:0:0:0:7, 3:0:0:0:4, 3:0:0:0:5, 3:0:0:0:4, 3:0:0:0:3,  , 2:0:0:0:1, 2:0:0:0:3, 4:0:0:0:5, 4:3:0:0:4, 5:0:0:0:7, 6:0:0:0:5, 4:0:0:0:8, 6:4:0:0:8, 5:0:0:0:6, 5:0:0:0:8, 6:1:0:0:8, 3:0:0:0:3, 3:0:0:0:4, 3:0:0:0:3, 3:0:0:0:2, 1:0:0:0:2, 5:0:0:0:3, 2:0:0:0:3, 5:1:0:0:6, 5:3:0:0:5, 5:0:0:0:7, 6:1:0:0:11, 8:3:0:0:7, 5:0:0:0:5, 5:0:0:0:6, 5:0:0:0:6, 4:0:0:0:4, 1:2:2:0:2, 2:0:0:0:1, 2:0:0:0:2, 3:0:0:0:3, 2:0:0:0:2, 1:0:0:0:0, 2:0:0:0:1, 4:0:0:0:7, 4:3:0:0:4, 3:0:0:0:2, 4:0:0:0:5, 4:0:0:0:7, 4:4:0:0:5, 3:0:0:0:3, 4:0:0:0:5, 5:0:0:0:6, 2:0:0:0:3, 3:0:0:0:3, 3:0:0:0:3, 4:0:0:0:3,  , 2:0:0:0:1, 1:0:0:0:2, 4:0:0:0:6, 4:4:0:0:5, 4:0:0:0:5, 6:2:0:0:12, 11:3:0:0:12, 6:0:0:0:10, 5:0:0:0:7, 5:0:0:0:6, 4:0:0:0:3, 5:1:1:0:5, 4:0:0:0:5, 3:0:0:0:2, 3:0:0:0:2, 3:1:0:0:4, 2:0:0:0:1, 2:0:0:0:2, 6:1:0:0:9, 7:4:0:0:6, 5:0:0:0:3, 5:0:0:0:6, 5:0:0:0:6, 10:3:0:0:9, 4:0:0:0:4, 4:0:0:0:7, 4:0:0:0:6, 2:0:0:0:4, 2:0:0:0:3, 2:0:0:0:1, 3:0:0:0:3, 2:0:0:0:1, 2:0:0:0:1, 1:0:0:0:1, 4:0:0:0:7, 4:3:0:0:4, 3:0:0:0:4, 6:2:0:0:11, 11:3:0:0:8, 5:0:0:0:5, 6:0:0:0:6, 5:0:0:0:5, 6:0:0:0:8, 3:4:4:0:6, 3:0:0:0:3, 5:0:0:0:3, 3:0:0:0:4, 4:0:0:0:4, 2:0:0:0:1, 2:0:0:0:3, 5:0:0:0:8, 6:4:0:0:6, 4:0:0:0:4, 5:0:0:0:8, 6:0:0:0:8, 8:4:0:0:10, 6:0:0:0:8, 5:0:0:0:8, 4:0:0:0:3, 2:0:0:0:1, 2:0:0:0:1, 4:0:0:0:2, 3:0:0:0:3, 0:0:0:0:0, 2:0:0:0:1, 3:0:0:0:3, 4:0:0:0:7, 7:4:0:0:8, 6:0:0:0:8, 6:1:0:0:11, 9:3:0:0:9, 5:0:0:0:5, 4:0:0:0:3, 6:0:0:0:10, 4:0:0:0:3, 2:0:0:0:2, 3:0:0:0:4, 2:0:0:0:1, 4:0:0:0:3, 2:0:0:0:2, 1:0:0:0:0, 2:0:0:0:1, 4:0:0:0:6, 5:3:0:0:5, 5:0:0:0:3, 5:1:0:0:10, 6:0:0:0:5, 6:4:0:0:9, 5:1:0:0:7, 5:0:0:0:8, 4:0:0:0:4, 5:0:0:0:5, 3:0:0:0:2, 3:0:0:0:3, 6:0:0:0:6, 4:0:0:0:3, 5:0:0:0:4, 1:0:0:0:3, 4:0:0:0:6, 9:3:0:0:8, 5:1:0:0:5, 5:1:0:0:7, 9:4:0:0:10, 5:0:0:0:7, 4:0:0:0:6, 5:0:0:0:5, 4:0:0:0:4, 1:0:0:0:2, 2:0:0:0:2, 3:0:0:0:2, 3:0:0:0:2, 0:0:0:0:0, 2:0:0:0:1, 1:0:0:0:2, 4:0:0:0:5, 4:3:0:0:4, 3:0:0:0:2, 4:0:0:0:5, 4:0:0:0:6, 4:3:0:0:4, 3:0:0:0:5, 5:1:0:0:7, 5:0:0:0:7, 0:0:0:0:0, 4:0:0:0:5, 2:0:0:0:1, 4:0:0:0:4,  , 5:0:0:0:3, 2:0:0:0:2, 4:0:0:0:6, 9:3:0:0:8, 5:0:0:0:3, 5:2:0:0:10, 8:3:0:0:7, 5:0:0:0:8, 4:0:0:0:3, 5:0:0:0:5, 5:0:0:0:7, 5:2:2:0:6, 3:0:0:0:2, 4:0:0:0:4, 3:0:0:0:3, 3:0:0:0:5, 2:0:0:0:1, 2:0:0:0:1, 4:0:0:0:6, 6:3:0:0:5, 4:0:0:0:5, 4:0:0:0:5, 5:0:0:0:8, 10:4:0:0:11, 3:0:0:0:3, 6:0:0:0:8, 5:0:0:0:10, 2:0:0:0:1, 2:0:0:0:1, 5:0:0:0:4, 3:0:0:0:4, 4:0:0:0:3, 1:0:0:0:0, 2:0:0:0:2, 5:0:0:0:7, 7:3:0:0:7, 3:0:0:0:5, 6:1:0:0:9, 12:3:0:0:10, 6:0:0:0:11, 5:0:0:0:9, 4:0:0:0:4, 1:0:0:0:1, 1:0:0:0:1, 1:0:0:0:1, 1:0:0:0:1, 1440:186:13:0:1633
C# dorian (7#), 2:0:0:0:0, 5:0:0:0:2, 4:0:0:0:1, 4:2:0:0:4, 6:2:0:0:5, 5:1:0:0:5, 3:0:0:0:1, 4:3:0:0:4, 6:4:0:0:6, 6:0:0:0:2, 1:0:0:0:0, 6:1:0:0:3, 5:2:0:0:5, 6:0:0:0:2, 1:0:0:0:0, 6:1:0:0:3, 5:1:0:0:4, 5:0:0:0:2, 4:0:0:0:1, 4:2:0:0:4, 6:2:0:0:5, 5:1:0:0:5, 3:0:0:0:1, 4:3:0:0:4, 6:4:0:0:6, 6:0:0:0:2, 1:0:0:0:0, 6:1:0:0:3, 5:3:0:0:6, 8:0:0:0:2, 6:2:0:0:9, 5:0:0:0:3, 2:0:0:0:0, 6:0:0:0:3, 0:0:0:0:0, 5:3:0:0:6, 5:2:0:0:4, 4:1:0:0:4, 1:0:0:0:1, 5:3:0:0:5, 7:5:0:0:8, 6:0:0:0:2, 2:0:0:0:1, 4:1:0:0:3, 5:1:0:0:4, 5:0:0:0:2, 1:0:0:0:0, 5:1:0:0:3, 4:1:0:0:3, 5:0:0:0:2, 4:0:0:0:1, 4:2:0:0:4, 6:2:0:0:4, 5:1:0:0:5, 3:0:0:0:1, 4:3:0:0:4, 7:3:0:0:5, 5:0:0:0:3, 1:0:0:0:0, 6:1:0:0:3, 6:2:0:0:5, 8:0:0:0:2, 6:2:0:0:6, 4:0:0:0:4, 7:2:0:0:8, 6:0:0:0:4, 2:0:0:0:1, 5:3:0:0:7, 5:3:0:0:5, 5:1:0:0:3, 2:0:0:0:1, 4:4:0:0:5, 7:5:0:0:7, 4:0:0:0:2, 1:0:0:0:0, 4:1:0:0:3, 5:1:0:0:3, 5:0:0:0:3, 3:0:0:0:0, 5:1:0:0:3, 4:1:0:0:3, 4:0:0:0:2, 2:0:0:0:0, 7:2:0:0:4, 6:2:0:0:3, 4:1:0:0:3, 1:0:0:0:0, 6:3:0:0:4, 5:4:0:0:5, 5:0:0:0:3, 1:0:0:0:0, 6:1:0:0:3, 7:2:0:0:6, 7:0:0:0:2, 6:2:0:0:6, 4:0:0:0:2, 6:2:0:0:6, 4:0:0:0:2, 1:0:0:0:0, 4:2:0:0:4, 6:4:0:0:6, 4:1:0:0:4, 0:0:0:0:0, 4:4:0:0:5, 6:7:0:0:10, 4:0:0:0:2, 1:0:0:0:0, 4:1:0:0:5, 4:1:0:0:4, 4:0:0:0:2, 4:0:0:0:1, 5:1:0:0:3, 7:2:0:0:7, 5:0:0:0:4, 3:2:2:0:4, 5:2:0:0:6, 7:4:0:0:7, 4:1:0:0:4, 3:0:0:0:2, 6:5:0:0:7, 6:4:0:0:5, 4:0:0:0:2, 2:0:0:0:1, 4:1:0:0:5, 6:3:0:0:5, 9:1:1:0:4, 7:2:0:0:10, 5:0:0:0:5, 6:2:0:0:9, 4:0:0:0:2, 1:0:0:0:0, 5:2:0:0:7, 5:4:0:0:8, 4:1:0:0:4,  , 6:3:0:0:5, 6:6:0:0:9, 4:0:0:0:2, 1:0:0:0:0, 6:2:0:0:6, 6:1:0:0:4, 4:0:0:0:3, 3:0:0:0:0, 6:2:0:0:5, 6:1:0:0:6, 6:3:0:0:6, 3:2:2:0:4, 5:3:0:0:6, 5:3:0:0:6, 4:1:0:0:3, 0:0:0:0:0, 8:3:0:0:5, 6:6:0:0:9, 6:1:0:0:3, 2:0:0:0:1, 6:2:0:0:7, 6:2:0:0:5, 7:0:0:0:2, 6:2:0:0:6, 6:0:0:0:5, 6:2:0:0:7, 4:0:0:0:3, 1:2:2:0:2, 4:2:0:0:5, 4:2:0:0:3, 4:1:0:0:3, 1:0:0:0:0, 4:3:0:0:4, 5:3:0:0:4, 4:0:0:0:2, 1:0:0:0:0, 4:1:0:0:3, 5:1:0:0:4, 4:0:0:0:3, 1:0:0:0:0, 4:1:0:0:3, 5:1:0:0:4, 5:0:0:0:5, 1:0:0:0:0, 5:3:0:0:8, 6:4:0:0:5, 5:1:0:0:3,  , 5:4:0:0:5, 5:5:0:0:7, 4:0:0:0:3, 1:0:0:0:0, 5:1:0:0:5, 7:3:0:0:8, 10:1:0:0:4, 7:2:0:0:9, 5:0:0:0:5, 6:2:0:0:6, 4:0:0:0:2, 4:0:0:0:1, 7:4:0:0:9, 5:4:0:0:6, 4:1:0:0:3, 3:0:0:0:2, 6:4:0:0:5, 6:4:0:0:5, 6:0:0:0:2, 2:0:0:0:0, 6:1:0:0:3, 6:1:0:0:5, 6:0:0:0:3, 6:0:0:0:0, 5:1:0:0:4, 5:1:0:0:7, 4:0:0:0:3, 0:0:0:0:0, 4:2:0:0:4, 4:2:0:0:3, 4:1:0:0:3, 1:0:0:0:0, 6:4:0:0:6, 4:3:0:0:4, 4:0:0:0:2, 1:0:0:0:0, 4:1:0:0:4, 6:2:0:0:6, 10:0:0:0:2, 6:2:0:0:6, 6:0:0:0:6, 6:2:0:0:6, 6:0:0:0:6, 3:1:1:0:2, 5:3:0:0:9, 6:4:0:0:6, 4:1:0:0:5, 2:0:0:0:2, 6:4:0:0:5, 6:7:0:0:10, 5:0:0:0:4, 2:0:0:0:0, 5:1:0:0:4, 6:2:0:0:7, 5:0:0:0:4, 5:0:0:0:2, 7:1:0:0:6, 7:2:0:0:7, 4:0:0:0:3, 1:0:0:0:1, 5:2:0:0:4, 6:4:0:0:6, 5:1:0:0:4, 0:0:0:0:0, 5:3:0:0:4, 7:4:0:0:6, 4:0:0:0:3, 4:0:0:0:1, 7:1:0:0:4, 7:3:0:0:9, 8:0:0:0:3, 6:2:0:0:6, 4:0:0:0:2, 7:2:0:0:11, 4:0:0:0:3, 0:0:0:0:0, 5:3:0:0:6, 5:2:0:0:3, 5:1:0:0:4, 1:0:0:0:0, 4:3:0:0:4, 5:4:0:0:6, 4:0:0:0:2, 2:0:0:0:0, 8:1:0:0:3, 7:2:0:0:7, 6:0:0:0:2, 3:0:0:0:0, 6:2:0:0:5, 6:1:0:0:5, 4:0:0:0:3, 5:1:1:0:3, 5:2:0:0:6, 6:5:0:0:6, 7:1:0:0:5, 3:0:0:0:0, 9:3:0:0:5, 5:7:0:0:10, 4:0:0:0:3, 6:0:0:0:1, 6:1:0:0:4, 5:2:0:0:4, 8:0:0:0:3, 6:2:0:0:7, 4:0:0:0:3, 6:2:0:0:6, 4:0:0:0:2, 0:0:0:0:0, 4:2:0:0:4, 5:3:0:0:5, 4:1:0:0:3, 0:0:0:0:0, 5:3:0:0:5, 4:3:0:0:5, 4:0:0:0:2, 1:0:0:0:0, 4:1:0:0:3, 5:1:0:0:4, 4:0:0:0:2, 1:0:0:0:0, 4:1:0:0:6, 6:1:0:0:4, 5:0:0:0:2, 1:0:0:0:0, 6:5:2:0:7, 4:2:0:0:3, 5:2:0:0:5,  , 8:6:0:0:8, 5:3:0:0:4, 4:0:0:0:2, 4:2:2:0:3, 6:1:0:0:3, 5:2:0:0:4, 7:0:0:0:2, 6:2:0:0:8, 4:0:0:0:3, 6:2:0:0:6, 5:0:0:0:3, 4:1:1:0:2, 5:2:0:0:6, 7:4:0:0:6, 4:1:0:0:4, 3:1:0:0:3, 6:4:0:0:5, 5:3:0:0:4, 4:0:0:0:2, 3:0:0:0:0, 5:1:0:0:4, 5:1:0:0:4, 5:0:0:0:4, 6:1:0:0:2, 5:1:0:0:3, 7:1:0:0:6, 5:0:0:0:5, 0:0:0:0:0, 4:2:0:0:4, 8:2:0:0:4, 5:5:0:0:9, 2:0:0:0:1, 4:3:0:0:4, 6:3:0:0:5, 5:0:0:0:3, 3:0:0:0:2, 4:1:0:0:5, 6:2:0:0:5, 10:1:1:0:4, 7:2:0:0:9, 6:1:0:0:9, 6:2:0:0:4, 0:0:0:0:0, 0:0:0:0:0, 0:0:0:0:0, 0:0:0:0:0, 1628:476:15:0:1305
Cb phrygian (7b), 2:0:0:0:2, 5:0:0:0:9, 5:0:0:0:3, 2:0:0:0:1, 4:0:0:0:3, 4:0:0:0:7, 5:0:0:0:3, 1:0:0:0:0, 2:0:0:0:3, 5:0:0:0:7, 5:4:0:0:5, 5:0:0:0:5, 4:0:0:0:6, 5:0:0:0:7, 6:4:0:0:5, 6:1:0:0:6, 4:0:0:0:5, 5:0:0:0:9, 5:0:0:0:3, 2:0:0:0:1, 4:0:0:0:3, 4:0:0:0:7, 5:0:0:0:3, 1:0:0:0:0, 2:0:0:0:3, 5:0:0:0:7, 6:4:0:0:5, 5:0:0:0:5, 5:1:0:0:10, 10:4:0:0:11, 5:0:0:0:9, 5:0:0:0:5, 3:0:0:0:5, 6:0:0:0:7, 1:0:0:0:0, 3:0:0:0:2, 3:0:0:0:3, 3:0:0:0:3, 2:0:0:0:1, 2:0:0:0:1, 3:0:0:0:5, 7:0:0:0:5, 6:3:0:0:5, 3:0:0:0:2, 4:0:0:0:5, 5:0:0:0:5, 4:3:0:0:4, 4:0:0:0:3, 3:0:0:0:3, 5:0:0:0:10, 5:0:0:0:3, 2:0:0:0:1, 4:0:0:0:3, 4:0:0:0:7, 5:0:0:0:3, 1:0:0:0:0, 3:0:0:0:3, 5:0:0:0:7, 6:4:0:0:5, 5:0:0:0:5, 6:1:0:0:11, 9:3:0:0:10, 5:0:0:0:6, 4:0:0:0:4, 6:0:0:0:7, 6:0:0:0:9, 4:0:0:0:6, 3:0:0:0:3, 3:0:0:0:3, 4:0:0:0:3, 3:0:0:0:3, 1:0:0:0:0, 2:2:2:0:4, 4:0:0:0:6, 5:3:0:0:4, 3:0:0:0:2, 4:0:0:0:4, 5:0:0:0:7, 6:3:0:0:7, 4:0:0:0:3, 3:0:0:0:3, 4:0:0:0:3, 2:0:0:0:2, 5:0:0:0:2, 3:0:0:0:1, 4:0:0:0:2, 2:0:0:0:2, 1:0:0:0:0, 1:0:0:0:1, 5:0:0:0:7, 4:3:0:0:4, 5:0:0:0:5, 5:3:0:0:12, 8:3:0:0:7, 5:0:0:0:5, 4:0:0:0:3, 5:0:0:0:5, 4:0:0:0:4, 3:0:0:0:2, 2:0:0:0:1, 5:0:0:0:3, 3:0:0:0:3, 1:0:0:0:0, 1:0:0:0:0, 2:0:0:0:3, 4:0:0:0:6, 4:3:0:0:4, 3:0:0:0:4, 3:0:0:0:4, 4:0:0:0:6, 6:3:0:0:5, 3:0:0:0:2, 6:0:0:0:9, 5:0:0:0:7, 4:2:2:0:6, 3:0:0:0:2, 4:0:0:0:3, 3:0:0:0:3, 4:1:0:0:5, 4:0:0:0:2, 3:0:0:0:3, 4:0:0:0:7, 5:3:0:0:5, 3:0:0:0:4, 6:1:0:0:7, 11:3:0:0:9, 6:0:0:0:11, 5:0:0:0:9, 5:0:0:0:8, 4:0:0:0:7, 3:0:0:0:4, 3:0:0:0:5, 3:0:0:0:4, 3:0:0:0:3,  , 2:0:0:0:1, 2:0:0:0:3, 4:0:0:0:5, 4:3:0:0:4, 5:0:0:0:7, 6:0:0:0:5, 4:0:0:0:8, 6:4:0:0:8, 5:0:0:0:6, 5:0:0:0:8, 6:1:0:0:8, 3:0:0:0:3, 3:0:0:0:4, 3:0:0:0:3, 3:0:0:0:2, 1:0:0:0:2, 5:0:0:0:3, 2:0:0:0:3, 5:1:0:0:6, 5:3:0:0:5, 5:0:0:0:7, 6:1:0:0:11, 8:3:0:0:7, 5:0:0:0:5, 5:0:0:0:6, 5:0:0:0:6, 4:0:0:0:4, 1:2:2:0:2, 2:0:0:0:1, 2:0:0:0:2, 3:0:0:0:3, 2:0:0:0:2, 1:0:0:0:0, 2:0:0:0:1, 4:0:0:0:7, 4:3:0:0:4, 3:0:0:0:2, 4:0:0:0:5, 4:0:0:0:7, 4:4:0:0:5, 3:0:0:0:3, 4:0:0:0:5, 5:0:0:0:6, 2:0:0:0:3, 3:0:0:0:3, 3:0:0:0:3, 4:0:0:0:3,  , 2:0:0:0:1, 1:0:0:0:2, 4:0:0:0:6, 4:4:0:0:5, 4:0:0:0:5, 6:2:0:0:12, 11:3:0:0:12, 6:0:0:0:10, 5:0:0:0:7, 5:0:0:0:6, 4:0:0:0:3, 5:1:1:0:5, 4:0:0:0:5, 3:0:0:0:2, 3:0:0:0:2, 3:1:0:0:4, 2:0:0:0:1, 2:0:0:0:2, 6:1:0:0:9, 7:4:0:0:6, 5:0:0:0:3, 5:0:0:0:6, 5:0:0:0:6, 10:3:0:0:9, 4:0:0:0:4, 4:0:0:0:7, 4:0:0:0:6, 2:0:0:0:4, 2:0:0:0:3, 2:0:0:0:1, 3:0:0:0:3, 2:0:0:0:1, 2:0:0:0:1, 1:0:0:0:1, 4:0:0:0:7, 4:3:0:0:4, 3:0:0:0:4, 6:2:0:0:11, 11:3:0:0:8, 5:0:0:0:5, 6:0:0:0:6, 5:0:0:0:5, 6:0:0:0:8, 3:4:4:0:6, 3:0:0:0:3, 5:0:0:0:3, 3:0:0:0:4, 4:0:0:0:4, 2:0:0:0:1, 2:0:0:0:3, 5:0:0:0:8, 6:4:0:0:6, 4:0:0:0:4, 5:0:0:0:8, 6:0:0:0:8, 8:4:0:0:10, 6:0:0:0:8, 5:0:0:0:8, 4:0:0:0:3, 2:0:0:0:1, 2:0:0:0:1, 4:0:0:0:2, 3:0:0:0:3, 0:0:0:0:0, 2:0:0:0:1, 3:0:0:0:3, 4:0:0:0:7, 7:4:0:0:8, 6:0:0:0:8, 6:1:0:0:11, 9:3:0:0:9, 5:0:0:0:5, 4:0:0:0:3, 6:0:0:0:10, 4:0:0:0:3, 2:0:0:0:2, 3:0:0:0:4, 2:0:0:0:1, 4:0:0:0:3, 2:0:0:0:2, 1:0:0:0:0, 2:0:0:0:1, 4:0:0:0:6, 5:3:0:0:5, 5:0:0:0:3, 5:1:0:0:10, 6:0:0:0:5, 6:4:0:0:9, 5:1:0:0:7, 5:0:0:0:8, 4:0:0:0:4, 5:0:0:0:5, 3:0:0:0:2, 3:0:0:0:3, 6:0:0:0:6, 4:0:0:0:3, 5:0:0:0:4, 1:0:0:0:3, 4:0:0:0:6, 9:3:0:0:8, 5:1:0:0:5, 5:1:0:0:7, 9:4:0:0:10, 5:0:0:0:7, 4:0:0:0:6, 5:0:0:0:5, 4:0:0:0:4, 1:0:0:0:2, 2:0:0:0:2, 3:0:0:0:2, 3:0:0:0:2, 0:0:0:0:0, 2:0:0:0:1, 1:0:0:0:2, 4:0:0:0:5, 4:3:0:0:4, 3:0:0:0:2, 4:0:0:0:5, 4:0:0:0:6, 4:3:0:0:4, 3:0:0:0:5, 5:1:0:0:7, 5:0:0:0:7, 0:0:0:0:0, 4:0:0:0:5, 2:0:0:0:1, 4:0:0:0:4,  , 5:0:0:0:3, 2:0:0:0:2, 4:0:0:0:6, 9:3:0:0:8, 5:0:0:0:3, 5:2:0:0:10, 8:3:0:0:7, 5:0:0:0:8, 4:0:0:0:3, 5:0:0:0:5, 5:0:0:0:7, 5:2:2:0:6, 3:0:0:0:2, 4:0:0:0:4, 3:0:0:0:3, 3:0:0:0:5, 2:0:0:0:1, 2:0:0:0:1, 4:0:0:0:6, 6:3:0:0:5, 4:0:0:0:5, 4:0:0:0:5, 5:0:0:0:8, 10:4:0:0:11, 3:0:0:0:3, 6:0:0:0:8, 5:0:0:0:10, 2:0:0:0:1, 2:0:0:0:1, 5:0:0:0:4, 3:0:0:0:4, 4:0:0:0:3, 1:0:0:0:0, 2:0:0:0:2, 5:0:0:0:7, 7:3:0:0:7, 3:0:0:0:5, 6:1:0:0:9, 12:3:0:0:10, 6:0:0:0:11, 5:0:0:0:9, 4:0:0:0:4, 1:0:0:0:1, 1:0:0:0:1, 1:0:0:0:1, 1:0:0:0:1, 1440:186:13:0:1633
C# phrygian (7#), 2:0:0:0:0, 5:0:0:0:2, 4:0:0:0:1, 4:2:0:0:4, 6:2:0:0:5, 5:1:0:0:5, 3:0:0:0:1, 4:3:0:0:4, 6:4:0:0:6, 6:0:0:0:2, 1:0:0:0:0, 6:1:0:0:3, 5:2:0:0:5, 6:0:0:0:2, 1:0:0:0:0, 6:1:0:0:3, 5:1:0:0:4, 5:0:0:0:2, 4:0:0:0:1, 4:2:0:0:4, 6:2:0:0:5, 5:1:0:0:5, 3:0:0:0:1, 4:3:0:0:4, 6:4:0:0:6, 6:0:0:0:2, 1:0:0:0:0, 6:1:0:0:3, 5:3:0:0:6, 8:0:0:0:2, 6:2:0:0:9, 5:0:0:0:3, 2:0:0:0:0, 6:0:0:0:3, 0:0:0:0:0, 5:3:0:0:6, 5:2:0:0:4, 4:1:0:0:4, 1:0:0:0:1, 5:3:0:0:5, 7:5:0:0:8, 6:0:0:0:2, 2:0:0:0:1, 4:1:0:0:3, 5:1:0:0:4, 5:0:0:0:2, 1:0:0:0:0, 5:1:0:0:3, 4:1:0:0:3, 5:0:0:0:2, 4:0:0:0:1, 4:2:0:0:4, 6:2:0:0:4, 5:1:0:0:5, 3:0:0:0:1, 4:3:0:0:4, 7:3:0:0:5, 5:0:0:0:3, 1:0:0:0:0, 6:1:0:0:3, 6:2:0:0:5, 8:0:0:0:2, 6:2:0:0:6, 4:0:0:0:4, 7:2:0:0:8, 6:0:0:0:4, 2:0:0:0:1, 5:3:0:0:7, 5:3:0:0:5, 5:1:0:0:3, 2:0:0:0:1, 4:4:0:0:5, 7:5:0:0:7, 4:0:0:0:2, 1:0:0:0:0, 4:1:0:0:3, 5:1:0:0:3, 5:0:0:0:3, 3:0:0:0:0, 5:1:0:0:3, 4:1:0:0:3, 4:0:0:0:2, 2:0:0:0:0, 7:2:0:0:4, 6:2:0:0:3, 4:1:0:0:3, 1:0:0:0:0, 6:3:0:0:4, 5:4:0:0:5, 5:0:0:0:3, 1:0:0:0:0, 6:1:0:0:3, 7:2:0:0:6, 7:0:0:0:2, 6:2:0:0:6, 4:0:0:0:2, 6:2:0:0:6, 4:0:0:0:2, 1:0:0:0:0, 4:2:0:0:4, 6:4:0:0:6, 4:1:0:0:4, 0:0:0:0:0, 4:4:0:0:5, 6:7:0:0:10, 4:0:0:0:2, 1:0:0:0:0, 4:1:0:0:5, 4:1:0:0:4, 4:0:0:0:2, 4:0:0:0:1, 5:1:0:0:3, 7:2:0:0:7, 5:0:0:0:4, 3:2:2:0:4, 5:2:0:0:6, 7:4:0:0:7, 4:1:0:0:4, 3:0:0:0:2, 6:5:0:0:7, 6:4:0:0:5, 4:0:0:0:2, 2:0:0:0:1, 4:1:0:0:5, 6:3:0:0:5, 9:1:1:0:4, 7:2:0:0:10, 5:0:0:0:5, 6:2:0:0:9, 4:0:0:0:2, 1:0:0:0:0, 5:2:0:0:7, 5:4:0:0:8, 4:1:0:0:4,  , 6:3:0:0:5, 6:6:0:0:9, 4:0:0:0:2, 1:0:0:0:0, 6:2:0:0:6, 6:1:0:0:4, 4:0:0:0:3, 3:0:0:0:0, 6:2:0:0:5, 6:1:0:0:6, 6:3:0:0:6, 3:2:2:0:4, 5:3:0:0:6, 5:3:0:0:6, 4:1:0:0:3, 0:0:0:0:0, 8:3:0:0:5, 6:6:0:0:9, 6:1:0:0:3, 2:0:0:0:1, 6:2:0:0:7, 6:2:0:0:5, 7:0:0:0:2, 6:2:0:0:6, 6:0:0:0:5, 6:2:0:0:7, 4:0:0:0:3, 1:2:2:0:2, 4:2:0:0:5, 4:2:0:0:3, 4:1:0:0:3, 1:0:0:0:0, 4:3:0:0:4, 5:3:0:0:4, 4:0:0:0:2, 1:0:0:0:0, 4:1:0:0:3, 5:1:0:0:4, 4:0:0:0:3, 1:0:0:0:0, 4:1:0:0:3, 5:1:0:0:4, 5:0:0:0:5, 1:0:0:0:0, 5:3:0:0:8, 6:4:0:0:5, 5:1:0:0:3,  , 5:4:0:0:5, 5:5:0:0:7, 4:0:0:0:3, 1:0:0:0:0, 5:1:0:0:5, 7:3:0:0:8, 10:1:0:0:4, 7:2:0:0:9, 5:0:0:0:5, 6:2:0:0:6, 4:0:0:0:2, 4:0:0:0:1, 7:4:0:0:9, 5:4:0:0:6, 4:1:0:0:3, 3:0:0:0:2, 6:4:0:0:5, 6:4:0:0:5, 6:0:0:0:2, 2:0:0:0:0, 6:1:0:0:3, 6:1:0:0:5, 6:0:0:0:3, 6:0:0:0:0, 5:1:0:0:4, 5:1:0:0:7, 4:0:0:0:3, 0:0:0:0:0, 4:2:0:0:4, 4:2:0:0:3, 4:1:0:0:3, 1:0:0:0:0, 6:4:0:0:6, 4:3:0:0:4, 4:0:0:0:2, 1:0:0:0:0, 4:1:0:0:4, 6:2:0:0:6, 10:0:0:0:2, 6:2:0:0:6, 6:0:0:0:6, 6:2:0:0:6, 6:0:0:0:6, 3:1:1:0:2, 5:3:0:0:9, 6:4:0:0:6, 4:1:0:0:5, 2:0:0:0:2, 6:4:0:0:5, 6:7:0:0:10, 5:0:0:0:4, 2:0:0:0:0, 5:1:0:0:4, 6:2:0:0:7, 5:0:0:0:4, 5:0:0:0:2, 7:1:0:0:6, 7:2:0:0:7, 4:0:0:0:3, 1:0:0:0:1, 5:2:0:0:4, 6:4:0:0:6, 5:1:0:0:4, 0:0:0:0:0, 5:3:0:0:4, 7:4:0:0:6, 4:0:0:0:3, 4:0:0:0:1, 7:1:0:0:4, 7:3:0:0:9, 8:0:0:0:3, 6:2:0:0:6, 4:0:0:0:2, 7:2:0:0:11, 4:0:0:0:3, 0:0:0:0:0, 5:3:0:0:6, 5:2:0:0:3, 5:1:0:0:4, 1:0:0:0:0, 4:3:0:0:4, 5:4:0:0:6, 4:0:0:0:2, 2:0:0:0:0, 8:1:0:0:3, 7:2:0:0:7, 6:0:0:0:2, 3:0:0:0:0, 6:2:0:0:5, 6:1:0:0:5, 4:0:0:0:3, 5:1:1:0:3, 5:2:0:0:6, 6:5:0:0:6, 7:1:0:0:5, 3:0:0:0:0, 9:3:0:0:5, 5:7:0:0:10, 4:0:0:0:3, 6:0:0:0:1, 6:1:0:0:4, 5:2:0:0:4, 8:0:0:0:3, 6:2:0:0:7, 4:0:0:0:3, 6:2:0:0:6, 4:0:0:0:2, 0:0:0:0:0, 4:2:0:0:4, 5:3:0:0:5, 4:1:0:0:3, 0:0:0:0:0, 5:3:0:0:5, 4:3:0:0:5, 4:0:0:0:2, 1:0:0:0:0, 4:1:0:0:3, 5:1:0:0:4, 4:0:0:0:2, 1:0:0:0:0, 4:1:0:0:6, 6:1:0:0:4, 5:0:0:0:2, 1:0:0:0:0, 6:5:2:0:7, 4:2:0:0:3, 5:2:0:0:5,  , 8:6:0:0:8, 5:3:0:0:4, 4:0:0:0:2, 4:2:2:0:3, 6:1:0:0:3, 5:2:0:0:4, 7:0:0:0:2, 6:2:0:0:8, 4:0:0:0:3, 6:2:0:0:6, 5:0:0:0:3, 4:1:1:0:2, 5:2:0:0:6, 7:4:0:0:6, 4:1:0:0:4, 3:1:0:0:3, 6:4:0:0:5, 5:3:0:0:4, 4:0:0:0:2, 3:0:0:0:0, 5:1:0:0:4, 5:1:0:0:4, 5:0:0:0:4, 6:1:0:0:2, 5:1:0:0:3, 7:1:0:0:6, 5:0:0:0:5, 0:0:0:0:0, 4:2:0:0:4, 8:2:0:0:4, 5:5:0:0:9, 2:0:0:0:1, 4:3:0:0:4, 6:3:0:0:5, 5:0:0:0:3, 3:0:0:0:2, 4:1:0:0:5, 6:2:0:0:5, 10:1:1:0:4, 7:2:0:0:9, 6:1:0:0:9, 6:2:0:0:4, 0:0:0:0:0, 0:0:0:0:0, 0:0:0:0:0, 0:0:0:0:0, 1628:476:15:0:1305
Cb lydian (7b), 2:0:0:0:2, 5:0:0:0:9, 5:0:0:0:3, 2:0:0:0:1, 4:0:0:0:3, 4:0:0:0:7, 5:0:0:0:3, 1:0:0:0:0, 2:0:0:0:3, 5:0:0:0:7, 5:4:0:0:5, 5:0:0:0:5, 4:0:0:0:6, 5:0:0:0:7, 6:4:0:0:5, 6:1:0:0:6, 4:0:0:0:5, 5:0:0:0:9, 5:0:0:0:3, 2:0:0:0:1, 4:0:0:0:3, 4:0:0:0:7, 5:0:0:0:3, 1:0:0:0:0, 2:0:0:0:3, 5:0:0:0:7, 6:4:0:0:5, 5:0:0:0:5, 5:1:0:0:10, 10:4:0:0:11, 5:0:0:0:9, 5:0:0:0:5, 3:0:0:0:5, 6:0:0:0:7, 1:0:0:0:0, 3:0:0:0:2, 3:0:0:0:3, 3:0:0:0:3, 2:0:0:0:1, 2:0:0:0:1, 3:0:0:0:5, 7:0:0:0:5, 6:3:0:0:5, 3:0:0:0:2, 4:0:0:0:5, 5:0:0:0:5, 4:3:0:0:4, 4:0:0:0:3, 3:0:0:0:3, 5:0:0:0:10, 5:0:0:0:3, 2:0:0:0:1, 4:0:0:0:3, 4:0:0:0:7, 5:0:0:0:3, 1:0:0:0:0, 3:0:0:0:3, 5:0:0:0:7, 6:4:0:0:5, 5:0:0:0:5, 6:1:0:0:11, 9:3:0:0:10, 5:0:0:0:6, 4:0:0:0:4, 6:0:0:0:7, 6:0:0:0:9, 4:0:0:0:6, 3:0:0:0:3, 3:0:0:0:3, 4:0:0:0:3, 3:0:0:0:3, 1:0:0:0:0, 2:2:2:0:4, 4:0:0:0:6, 5:3:0:0:4, 3:0:0:0:2, 4:0:0:0:4, 5:0:0:0:7, 6:3:0:0:7, 4:0:0:0:3, 3:0:0:0:3, 4:0:0:0:3, 2:0:0:0:2, 5:0:0:0:2, 3:0:0:0:1, 4:0:0:0:2, 2:0:0:0:2, 1:0:0:0:0, 1:0:0:0:1, 5:0:0:0:7, 4:3:0:0:4, 5:0:0:0:5, 5:3:0:0:12, 8:3:0:0:7, 5:0:0:0:5, 4:0:0:0:3, 5:0:0:0:5, 4:0:0:0:4, 3:0:0:0:2, 2:0:0:0:1, 5:0:0:0:3, 3:0:0:0:3, 1:0:0:0:0, 1:0:0:0:0, 2:0:0:0:3, 4:0:0:0:6, 4:3:0:0:4, 3:0:0:0:4, 3:0:0:0:4, 4:0:0:0:6, 6:3:0:0:5, 3:0:0:0:2, 6:0:0:0:9, 5:0:0:0:7, 4:2:2:0:6, 3:0:0:0:2, 4:0:0:0:3, 3:0:0:0:3, 4:1:0:0:5, 4:0:0:0:2, 3:0:0:0:3, 4:0:0:0:7, 5:3:0:0:5, 3:0:0:0:4, 6:1:0:0:7, 11:3:0:0:9, 6:0:0:0:11, 5:0:0:0:9, 5:0:0:0:8, 4:0:0:0:7, 3:0:0:0:4, 3:0:0:0:5, 3:0:0:0:4, 3:0:0:0:3,  , 2:0:0:0:1, 2:0:0:0:3, 4:0:0:0:5, 4:3:0:0:4, 5:0:0:0:7, 6:0:0:0:5, 4:0:0:0:8, 6:4:0:0:8, 5:0:0:0:6, 5:0:0:0:8, 6:1:0:0:8, 3:0:0:0:3, 3:0:0:0:4, 3:0:0:0:3, 3:0:0:0:2, 1:0:0:0:2, 5:0:0:0:3, 2:0:0:0:3, 5:1:0:0:6, 5:3:0:0:5, 5:0:0:0:7, 6:1:0:0:11, 8:3:0:0:7, 5:0:0:0:5, 5:0:0:0:6, 5:0:0:0:6, 4:0:0:0:4, 1:2:2:0:2, 2:0:0:0:1, 2:0:0:0:2, 3:0:0:0:3, 2:0:0:0:2, 1:0:0:0:0, 2:0:0:0:1, 4:0:0:0:7, 4:3:0:0:4, 3:0:0:0:2, 4:0:0:0:5, 4:0:0:0:7, 4:4:0:0:5, 3:0:0:0:3, 4:0:0:0:5, 5:0:0:0:6, 2:0:0:0:3, 3:0:0:0:3, 3:0:0:0:3, 4:0:0:0:3,  , 2:0:0:0:1, 1:0:0:0:2, 4:0:0:0:6, 4:4:0:0:5, 4:0:0:0:5, 6:2:0:0:12, 11:3:0:0:12, 6:0:0:0:10, 5:0:0:0:7, 5:0:0:0:6, 4:0:0:0:3, 5:1:1:0:5, 4:0:0:0:5, 3:0:0:0:2, 3:0:0:0:2, 3:1:0:0:4, 2:0:0:0:1, 2:0:0:0:2, 6:1:0:0:9, 7:4:0:0:6, 5:0:0:0:3, 5:0:0:0:6, 5:0:0:0:6, 10:3:0:0:9, 4:0:0:0:4, 4:0:0:0:7, 4:0:0:0:6, 2:0:0:0:4, 2:0:0:0:3, 2:0:0:0:1, 3:0:0:0:3, 2:0:0:0:1, 2:0:0:0:1, 1:0:0:0:1, 4:0:0:0:7, 4:3:0:0:4, 3:0:0:0:4, 6:2:0:0:11, 11:3:0:0:8, 5:0:0:0:5, 6:0:0:0:6, 5:0:0:0:5, 6:0:0:0:8, 3:4:4:0:6, 3:0:0:0:3, 5:0:0:0:3, 3:0:0:0:4, 4:0:0:0:4, 2:0:0:0:1, 2:0:0:0:3, 5:0:0:0:8, 6:4:0:0:6, 4:0:0:0:4, 5:0:0:0:8, 6:0:0:0:8, 8:4:0:0:10, 6:0:0:0:8, 5:0:0:0:8, 4:0:0:0:3, 2:0:0:0:1, 2:0:0:0:1, 4:0:0:0:2, 3:0:0:0:3, 0:0:0:0:0, 2:0:0:0:1, 3:0:0:0:3, 4:0:0:0:7, 7:4:0:0:8, 6:0:0:0:8, 6:1:0:0:11, 9:3:0:0:9, 5:0:0:0:5, 4:0:0:0:3, 6:0:0:0:10, 4:0:0:0:3, 2:0:0:0:2, 3:0:0:0:4, 2:0:0:0:1, 4:0:0:0:3, 2:0:0:0:2, 1:0:0:0:0, 2:0:0:0:1, 4:0:0:0:6, 5:3:0:0:5, 5:0:0:0:3, 5:1:0:0:10, 6:0:0:0:5, 6:4:0:0:9, 5:1:0:0:7, 5:0:0:0:8, 4:0:0:0:4, 5:0:0:0:5, 3:0:0:0:2, 3:0:0:0:3, 6:0:0:0:6, 4:0:0:0:3, 5:0:0:0:4, 1:0:0:0:3, 4:0:0:0:6, 9:3:0:0:8, 5:1:0:0:5, 5:1:0:0:7, 9:4:0:0:10, 5:0:0:0:7, 4:0:0:0:6, 5:0:0:0:5, 4:0:0:0:4, 1:0:0:0:2, 2:0:0:0:2, 3:0:0:0:2, 3:0:0:0:2, 0:0:0:0:0, 2:0:0:0:1, 1:0:0:0:2, 4:0:0:0:5, 4:3:0:0:4, 3:0:0:0:2, 4:0:0:0:5, 4:0:0:0:6, 4:3:0:0:4, 3:0:0:0:5, 5:1:0:0:7, 5:0:0:0:7, 0:0:0:0:0, 4:0:0:0:5, 2:0:0:0:1, 4:0:0:0:4,  , 5:0:0:0:3, 2:0:0:0:2, 4:0:0:0:6, 9:3:0:0:8, 5:0:0:0:3, 5:2:0:0:10, 8:3:0:0:7, 5:0:0:0:8, 4:0:0:0:3, 5:0:0:0:5, 5:0:0:0:7, 5:2:2:0:6, 3:0:0:0:2, 4:0:0:0:4, 3:0:0:0:3, 3:0:0:0:5, 2:0:0:0:1, 2:0:0:0:1, 4:0:0:0:6, 6:3:0:0:5, 4:0:0:0:5, 4:0:0:0:5, 5:0:0:0:8, 10:4:0:0:11, 3:0:0:0:3, 6:0:0:0:8, 5:0:0:0:10, 2:0:0:0:1, 2:0:0:0:1, 5:0:0:0:4, 3:0:0:0:4, 4:0:0:0:3, 1:0:0:0:0, 2:0:0:0:2, 5:0:0:0:7, 7:3:0:0:7, 3:0:0:0:5, 6:1:0:0:9, 12:3:0:0:10, 6:0:0:0:11, 5:0:0:0:9, 4:0:0:0:4, 1:0:0:0:1, 1:0:0:0:1, 1:0:0:0:1, 1:0:0:0:1, 1440:186:13:0:1633
C# lydian (7#), 2:0:0:0:0, 5:0:0:0:2, 4:0:0:0:1, 4:2:0:0:4, 6:2:0:0:5, 5:1:0:0:5, 3:0:0:0:1, 4:3:0:0:4, 6:4:0:0:6, 6:0:0:0:2, 1:0:0:0:0, 6:1:0:0:3, 5:2:0:0:5, 6:0:0:0:2, 1:0:0:0:0, 6:1:0:0:3, 5:1:0:0:4, 5:0:0:0:2, 4:0:0:0:1, 4:2:0:0:4, 6:2:0:0:5, 5:1:0:0:5, 3:0:0:0:1, 4:3:0:0:4, 6:4:0:0:6, 6:0:0:0:2, 1:0:0:0:0, 6:1:0:0:3, 5:3:0:0:6, 8:0:0:0:2, 6:2:0:0:9, 5:0:0:0:3, 2:0:0:0:0, 6:0:0:0:3, 0:0:0:0:0, 5:3:0:0:6, 5:2:0:0:4, 4:1:0:0:4, 1:0:0:0:1, 5:3:0:0:5, 7:5:0:0:8, 6:0:0:0:2, 2:0:0:0:1, 4:1:0:0:3, 5:1:0:0:4, 5:0:0:0:2, 1:0:0:0:0, 5:1:0:0:3, 4:1:0:0:3, 5:0:0:0:2, 4:0:0:0:1, 4:2:0:0:4, 6:2:0:0:4, 5:1:0:0:5, 3:0:0:0:1, 4:3:0:0:4, 7:3:0:0:5, 5:0:0:0:3, 1:0:0:0:0, 6:1:0:0:3, 6:2:0:0:5, 8:0:0:0:2, 6:2:0:0:6, 4:0:0:0:4, 7:2:0:0:8, 6:0:0:0:4, 2:0:0:0:1, 5:3:0:0:7, 5:3:0:0:5, 5:1:0:0:3, 2:0:0:0:1, 4:4:0:0:5, 7:5:0:0:7, 4:0:0:0:2, 1:0:0:0:0, 4:1:0:0:3, 5:1:0:0:3, 5:0:0:0:3, 3:0:0:0:0, 5:1:0:0:3, 4:1:0:0:3, 4:0:0:0:2, 2:0:0:0:0, 7:2:0:0:4, 6:2:0:0:3, 4:1:0:0:3, 1:0:0:0:0, 6:3:0:0:4, 5:4:0:0:5, 5:0:0:0:3, 1:0:0:0:0, 6:1:0:0:3, 7:2:0:0:6, 7:0:0:0:2, 6:2:0:0:6, 4:0:0:0:2, 6:2:0:0:6, 4:0:0:0:2, 1:0:0:0:0, 4:2:0:0:4, 6:4:0:0:6, 4:1:0:0:4, 0:0:0:0:0, 4:4:0:0:5, 6:7:0:0:10, 4:0:0:0:2, 1:0:0:0:0, 4:1:0:0:5, 4:1:0:0:4, 4:0:0:0:2, 4:0:0:0:1, 5:1:0:0:3, 7:2:0:0:7, 5:0:0:0:4, 3:2:2:0:4, 5:2:0:0:6, 7:4:0:0:7, 4:1:0:0:4, 3:0:0:0:2, 6:5:0:0:7, 6:4:0:0:5, 4:0:0:0:2, 2:0:0:0:1, 4:1:0:0:5, 6:3:0:0:5, 9:1:1:0:4, 7:2:0:0:10, 5:0:0:0:5, 6:2:0:0:9, 4:0:0:0:2, 1:0:0:0:0, 5:2:0:0:7, 5:4:0:0:8, 4:1:0:0:4,  , 6:3:0:0:5, 6:6:0:0:9, 4:0:0:0:2, 1:0:0:0:0, 6:2:0:0:6, 6:1:0:0:4, 4:0:0:0:3, 3:0:0:0:0, 6:2:0:0:5, 6:1:0:0:6, 6:3:0:0:6, 3:2:2:0:4, 5:3:0:0:6, 5:3:0:0:6, 4:1:0:0:3, 0:0:0:0:0, 8:3:0:0:5, 6:6:0:0:9, 6:1:0:0:3, 2:0:0:0:1, 6:2:0:0:7, 6:2:0:0:5, 7:0:0:0:2, 6:2:0:0:6, 6:0:0:0:5, 6:2:0:0:7, 4:0:0:0:3, 1:2:2:0:2, 4:2:0:0:5, 4:2:0:0:3, 4:1:0:0:3, 1:0:0:0:0, 4:3:0:0:4, 5:3:0:0:4, 4:0:0:0:2, 1:0:0:0:0, 4:1:0:0:3, 5:1:0:0:4, 4:0:0:0:3, 1:0:0:0:0, 4:1:0:0:3, 5:1:0:0:4, 5:0:0:0:5, 1:0:0:0:0, 5:3:0:0:8, 6:4:0:0:5, 5:1:0:0:3,  , 5:4:0:0:5, 5:5:0:0:7, 4:0:0:0:3, 1:0:0:0:0, 5:1:0:0:5, 7:3:0:0:8, 10:1:0:0:4, 7:2:0:0:9, 5:0:0:0:5, 6:2:0:0:6, 4:0:0:0:2, 4:0:0:0:1, 7:4:0:0:9, 5:4:0:0:6, 4:1:0:0:3, 3:0:0:0:2, 6:4:0:0:5, 6:4:0:0:5, 6:0:0:0:2, 2:0:0:0:0, 6:1:0:0:3, 6:1:0:0:5, 6:0:0:0:3, 6:0:0:0:0, 5:1:0:0:4, 5:1:0:0:7, 4:0:0:0:3, 0:0:0:0:0, 4:2:0:0:4, 4:2:0:0:3, 4:1:0:0:3, 1:0:0:0:0, 6:4:0:0:6, 4:3:0:0:4, 4:0:0:0:2, 1:0:0:0:0, 4:1:0:0:4, 6:2:0:0:6, 10:0:0:0:2, 6:2:0:0:6, 6:0:0:0:6, 6:2:0:0:6, 6:0:0:0:6, 3:1:1:0:2, 5:3:0:0:9, 6:4:0:0:6, 4:1:0:0:5, 2:0:0:0:2, 6:4:0:0:5, 6:7:0:0:10, 5:0:0:0:4, 2:0:0:0:0, 5:1:0:0:4, 6:2:0:0:7, 5:0:0:0:4, 5:0:0:0:2, 7:1:0:0:6, 7:2:0:0:7, 4:0:0:0:3, 1:0:0:0:1, 5:2:0:0:4, 6:4:0:0:6, 5:1:0:0:4, 0:0:0:0:0, 5:3:0:0:4, 7:4:0:0:6, 4:0:0:0:3, 4:0:0:0:1, 7:1:0:0:4, 7:3:0:0:9, 8:0:0:0:3, 6:2:0:0:6, 4:0:0:0:2, 7:2:0:0:11, 4:0:0:0:3, 0:0:0:0:0, 5:3:0:0:6, 5:2:0:0:3, 5:1:0:0:4, 1:0:0:0:0, 4:3:0:0:4, 5:4:0:0:6, 4:0:0:0:2, 2:0:0:0:0, 8:1:0:0:3, 7:2:0:0:7, 6:0:0:0:2, 3:0:0:0:0, 6:2:0:0:5, 6:1:0:0:5, 4:0:0:0:3, 5:1:1:0:3, 5:2:0:0:6, 6:5:0:0:6, 7:1:0:0:5, 3:0:0:0:0, 9:3:0:0:5, 5:7:0:0:10, 4:0:0:0:3, 6:0:0:0:1, 6:1:0:0:4, 5:2:0:0:4, 8:0:0:0:3, 6:2:0:0:7, 4:0:0:0:3, 6:2:0:0:6, 4:0:0:0:2, 0:0:0:0:0, 4:2:0:0:4, 5:3:0:0:5, 4:1:0:0:3, 0:0:0:0:0, 5:3:0:0:5, 4:3:0:0:5, 4:0:0:0:2, 1:0:0:0:0, 4:1:0:0:3, 5:1:0:0:4, 4:0:0:0:2, 1:0:0:0:0, 4:1:0:0:6, 6:1:0:0:4, 5:0:0:0:2, 1:0:0:0:0, 6:5:2:0:7, 4:2:0:0:3, 5:2:0:0:5,  , 8:6:0:0:8, 5:3:0:0:4, 4:0:0:0:2, 4:2:2:0:3, 6:1:0:0:3, 5:2:0:0:4, 7:0:0:0:2, 6:2:0:0:8, 4:0:0:0:3, 6:2:0:0:6, 5:0:0:0:3, 4:1:1:0:2, 5:2:0:0:6, 7:4:0:0:6, 4:1:0:0:4, 3:1:0:0:3, 6:4:0:0:5, 5:3:0:0:4, 4:0:0:0:2, 3:0:0:0:0, 5:1:0:0:4, 5:1:0:0:4, 5:0:0:0:4, 6:1:0:0:2, 5:1:0:0:3, 7:1:0:0:6, 5:0:0:0:5, 0:0:0:0:0, 4:2:0:0:4, 8:2:0:0:4, 5:5:0:0:9, 2:0:0:0:1, 4:3:0:0:4, 6:3:0:0:5, 5:0:0:0:3, 3:0:0:0:2, 4:1:0:0:5, 6:2:0:0:5, 10:1:1:0:4, 7:2:0:0:9, 6:1:0:0:9, 6:2:0:0:4, 0:0:0:0:0, 0:0:0:0:0, 0:0:0:0:0, 0:0:0:0:0, 1628:476:15:0:1305
Cb mixolydian (7b), 2:0:0:0:2, 5:0:0:0:9, 5:0:0:0:3, 2:0:0:0:1, 4:0:0:0:3, 4:0:0:0:7, 5:0:0:0:3, 1:0:0:0:0, 2:0:0:0:3, 5:0:0:0:7, 5:4:0:0:5, 5:0:0:0:5, 4:0:0:0:6, 5:0:0:0:7, 6:4:0:0:5, 6:1:0:0:6, 4:0:0:0:5, 5:0:0:0:9, 5:0:0:0:3, 2:0:0:0:1, 4:0:0:0:3, 4:0:0:0:7, 5:0:0:0:3, 1:0:0:0:0, 2:0:0:0:3, 5:0:0:0:7, 6:4:0:0:5, 5:0:0:0:5, 5:1:0:0:10, 10:4:0:0:11, 5:0:0:0:9, 5:0:0:0:5, 3:0:0:0:5, 6:0:0:0:7, 1:0:0:0:0, 3:0:0:0:2, 3:0:0:0:3, 3:0:0:0:3, 2:0:0:0:1, 2:0:0:0:1, 3:0:0:0:5, 7:0:0:0:5, 6:3:0:0:5, 3:0:0:0:2, 4:0:0:0:5, 5:0:0:0:5, 4:3:0:0:4, 4:0:0:0:3, 3:0:0:0:3, 5:0:0:0:10, 5:0:0:0:3, 2:0:0:0:1, 4:0:0:0:3, 4:0:0:0:7, 5:0:0:0:3, 1:0:0:0:0, 3:0:0:0:3, 5:0:0:0:7, 6:4:0:0:5, 5:0:0:0:5, 6:1:0:0:11, 9:3:0:0:10, 5:0:0:0:6, 4:0:0:0:4, 6:0:0:0:7, 6:0:0:0:9, 4:0:0:0:6, 3:0:0:0:3, 3:0:0:0:3, 4:0:0:0:3, 3:0:0:0:3, 1:0:0:0:0, 2:2:2:0:4, 4:0:0:0:6, 5:3:0:0:4, 3:0:0:0:2, 4:0:0:0:4, 5:0:0:0:7, 6:3:0:0:7, 4:0:0:0:3, 3:0:0:0:3, 4:0:0:0:3, 2:0:0:0:2, 5:0:0:0:2, 3:0:0:0:1, 4:0:0:0:2, 2:0:0:0:2, 1:0:0:0:0, 1:0:0:0:1, 5:0:0:0:7, 4:3:0:0:4, 5:0:0:0:5, 5:3:0:0:12, 8:3:0:0:7, 5:0:0:0:5, 4:0:0:0:3, 5:0:0:0:5, 4:0:0:0:4, 3:0:0:0:2, 2:0:0:0:1, 5:0:0:0:3, 3:0:0:0:3, 1:0:0:0:0, 1:0:0:0:0, 2:0:0:0:3, 4:0:0:0:6, 4:3:0:0:4, 3:0:0:0:4, 3:0:0:0:4, 4:0:0:0:6, 6:3:0:0:5, 3:0:0:0:2, 6:0:0:0:9, 5:0:0:0:7, 4:2:2:0:6, 3:0:0:0:2, 4:0:0:0:3, 3:0:0:0:3, 4:1:0:0:5, 4:0:0:0:2, 3:0:0:0:3, 4:0:0:0:7, 5:3:0:0:5, 3:0:0:0:4, 6:1:0:0:7, 11:3:0:0:9, 6:0:0:0:11, 5:0:0:0:9, 5:0:0:0:8, 4:0:0:0:7, 3:0:0:0:4, 3:0:0:0:5, 3:0:0:0:4, 3:0:0:0:3,  , 2:0:0:0:1, 2:0:0:0:3, 4:0:0:0:5, 4:3:0:0:4, 5:0:0:0:7, 6:0:0:0:5, 4:0:0:0:8, 6:4:0:0:8, 5:0:0:0:6, 5:0:0:0:8, 6:1:0:0:8, 3:0:0:0:3, 3:0:0:0:4, 3:0:0:0:3, 3:0:0:0:2, 1:0:0:0:2, 5:0:0:0:3, 2:0:0:0:3, 5:1:0:0:6, 5:3:0:0:5, 5:0:0:0:7, 6:1:0:0:11, 8:3:0:0:7, 5:0:0:0:5, 5:0:0:0:6, 5:0:0:0:6, 4:0:0:0:4, 1:2:2:0:2, 2:0:0:0:1, 2:0:0:0:2, 3:0:0:0:3, 2:0:0:0:2, 1:0:0:0:0, 2:0:0:0:1, 4:0:0:0:7, 4:3:0:0:4, 3:0:0:0:2, 4:0:0:0:5, 4:0:0:0:7, 4:4:0:0:5, 3:0:0:0:3, 4:0:0:0:5, 5:0:0:0:6, 2:0:0:0:3, 3:0:0:0:3, 3:0:0:0:3, 4:0:0:0:3,  , 2:0:0:0:1, 1:0:0:0:2, 4:0:0:0:6, 4:4:0:0:5, 4:0:0:0:5, 6:2:0:0:12, 11:3:0:0:12, 6:0:0:0:10, 5:0:0:0:7, 5:0:0:0:6, 4:0:0:0:3, 5:1:1:0:5, 4:0:0:0:5, 3:0:0:0:2, 3:0:0:0:2, 3:1:0:0:4, 2:0:0:0:1, 2:0:0:0:2, 6:1:0:0:9, 7:4:0:0:6, 5:0:0:0:3, 5:0:0:0:6, 5:0:0:0:6, 10:3:0:0:9, 4:0:0:0:4, 4:0:0:0:7, 4:0:0:0:6, 2:0:0:0:4, 2:0:0:0:3, 2:0:0:0:1, 3:0:0:0:3, 2:0:0:0:1, 2:0:0:0:1, 1:0:0:0:1, 4:0:0:0:7, 4:3:0:0:4, 3:0:0:0:4, 6:2:0:0:11, 11:3:0:0:8, 5:0:0:0:5, 6:0:0:0:6, 5:0:0:0:5, 6:0:0:0:8, 3:4:4:0:6, 3:0:0:0:3, 5:0:0:0:3, 3:0:0:0:4, 4:0:0:0:4, 2:0:0:0:1, 2:0:0:0:3, 5:0:0:0:8, 6:4:0:0:6, 4:0:0:0:4, 5:0:0:0:8, 6:0:0:0:8, 8:4:0:0:10, 6:0:0:0:8, 5:0:0:0:8, 4:0:0:0:3, 2:0:0:0:1, 2:0:0:0:1, 4:0:0:0:2, 3:0:0:0:3, 0:0:0:0:0, 2:0:0:0:1, 3:0:0:0:3, 4:0:0:0:7, 7:4:0:0:8, 6:0:0:0:8, 6:1:0:0:11, 9:3:0:0:9, 5:0:0:0:5, 4:0:0:0:3, 6:0:0:0:10, 4:0:0:0:3, 2:0:0:0:2, 3:0:0:0:4, 2:0:0:0:1, 4:0:0:0:3, 2:0:0:0:2, 1:0:0:0:0, 2:0:0:0:1, 4:0:0:0:6, 5:3:0:0:5, 5:0:0:0:3, 5:1:0:0:10, 6:0:0:0:5, 6:4:0:0:9, 5:1:0:0:7, 5:0:0:0:8, 4:0:0:0:4, 5:0:0:0:5, 3:0:0:0:2, 3:0:0:0:3, 6:0:0:0:6, 4:0:0:0:3, 5:0:0:0:4, 1:0:0:0:3, 4:0:0:0:6, 9:3:0:0:8, 5:1:0:0:5, 5:1:0:0:7, 9:4:0:0:10, 5:0:0:0:7, 4:0:0:0:6, 5:0:0:0:5, 4:0:0:0:4, 1:0:0:0:2, 2:0:0:0:2, 3:0:0:0:2, 3:0:0:0:2, 0:0:0:0:0, 2:0:0:0:1, 1:0:0:0:2, 4:0:0:0:5, 4:3:0:0:4, 3:0:0:0:2, 4:0:0:0:5, 4:0:0:0:6, 4:3:0:0:4, 3:0:0:0:5, 5:1:0:0:7, 5:0:0:0:7, 0:0:0:0:0, 4:0:0:0:5, 2:0:0:0:1, 4:0:0:0:4,  , 5:0:0:0:3, 2:0:0:0:2, 4:0:0:0:6, 9:3:0:0:8, 5:0:0:0:3, 5:2:0:0:10, 8:3:0:0:7, 5:0:0:0:8, 4:0:0:0:3, 5:0:0:0:5, 5:0:0:0:7, 5:2:2:0:6, 3:0:0:0:2, 4:0:0:0:4, 3:0:0:0:3, 3:0:0:0:5, 2:0:0:0:1, 2:0:0:0:1, 4:0:0:0:6, 6:3:0:0:5, 4:0:0:0:5, 4:0:0:0:5, 5:0:0:0:8, 10:4:0:0:11, 3:0:0:0:3, 6:0:0:0:8, 5:0:0:0:10, 2:0:0:0:1, 2:0:0:0:1, 5:0:0:0:4, 3:0:0:0:4, 4:0:0:0:3, 1:0:0:0:0, 2:0:0:0:2, 5:0:0:0:7, 7:3:0:0:7, 3:0:0:0:5, 6:1:0:0:9, 12:3:0:0:10, 6:0:0:0:11, 5:0:0:0:9, 4:0:0:0:4, 1:0:0:0:1, 1:0:0:0:1, 1:0:0:0:1, 1:0:0:0:1, 1440:186:13:0:1633
C# mixolydian (7#), 2:0:0:0:0, 5:0:0:0:2, 4:0:0:0:1, 4:2:0:0:4, 6:2:0:0:5, 5:1:0:0:5, 3:0:0:0:1, 4:3:0:0:4, 6:4:0:0:6, 6:0:0:0:2, 1:0:0:0:0, 6:1:0:0:3, 5:2:0:0:5, 6:0:0:0:2, 1:0:0:0:0, 6:1:0:0:3, 5:1:0:0:4, 5:0:0:0:2, 4:0:0:0:1, 4:2:0:0:4, 6:2:0:0:5, 5:1:0:0:5, 3:0:0:0:1, 4:3:0:0:4, 6:4:0:0:6, 6:0:0:0:2, 1:0:0:0:0, 6:1:0:0:3, 5:3:0:0:6, 8:0:0:0:2, 6:2:0:0:9, 5:0:0:0:3, 2:0:0:0:0, 6:0:0:0:3, 0:0:0:0:0, 5:3:0:0:6, 5:2:0:0:4, 4:1:0:0:4, 1:0:0:0:1, 5:3:0:0:5, 7:5:0:0:8, 6:0:0:0:2, 2:0:0:0:1, 4:1:0:0:3, 5:1:0:0:4, 5:0:0:0:2, 1:0:0:0:0, 5:1:0:0:3, 4:1:0:0:3, 5:0:0:0:2, 4:0:0:0:1, 4:2:0:0:4, 6:2:0:0:4, 5:1:0:0:5, 3:0:0:0:1, 4:3:0:0:4, 7:3:0:0:5, 5:0:0:0:3, 1:0:0:0:0, 6:1:0:0:3, 6:2:0:0:5, 8:0:0:0:2, 6:2:0:0:6, 4:0:0:0:4, 7:2:0:0:8, 6:0:0:0:4, 2:0:0:0:1, 5:3:0:0:7, 5:3:0:0:5, 5:1:0:0:3, 2:0:0:0:1, 4:4:0:0:5, 7:5:0:0:7, 4:0:0:0:2, 1:0:0:0:0, 4:1:0:0:3, 5:1:0:0:3, 5:0:0:0:3, 3:0:0:0:0, 5:1:0:0:3, 4:1:0:0:3, 4:0:0:0:2, 2:0:0:0:0, 7:2:0:0:4, 6:2:0:0:3, 4:1:0:0:3, 1:0:0:0:0, 6:3:0:0:4, 5:4:0:0:5, 5:0:0:0:3, 1:0:0:0:0, 6:1:0:0:3, 7:2:0:0:6, 7:0:0:0:2, 6:2:0:0:6, 4:0:0:0:2, 6:2:0:0:6, 4:0:0:0:2, 1:0:0:0:0, 4:2:0:0:4, 6:4:0:0:6, 4:1:0:0:4, 0:0:0:0:0, 4:4:0:0:5, 6:7:0:0:10, 4:0:0:0:2, 1:0:0:0:0, 4:1:0:0:5, 4:1:0:0:4, 4:0:0:0:2, 4:0:0:0:1, 5:1:0:0:3, 7:2:0:0:7, 5:0:0:0:4, 3:2:2:0:4, 5:2:0:0:6, 7:4:0:0:7, 4:1:0:0:4, 3:0:0:0:2, 6:5:0:0:7, 6:4:0:0:5, 4:0:0:0:2, 2:0:0:0:1, 4:1:0:0:5, 6:3:0:0:5, 9:1:1:0:4, 7:2:0:0:10, 5:0:0:0:5, 6:2:0:0:9, 4:0:0:0:2, 1:0:0:0:0, 5:2:0:0:7, 5:4:0:0:8, 4:1:0:0:4,  , 6:3:0:0:5, 6:6:0:0:9, 4:0:0:0:2, 1:0:0:0:0, 6:2:0:0:6, 6:1:0:0:4, 4:0:0:0:3, 3:0:0:0:0, 6:2:0:0:5, 6:1:0:0:6, 6:3:0:0:6, 3:2:2:0:4, 5:3:0:0:6, 5:3:0:0:6, 4:1:0:0:3, 0:0:0:0:0, 8:3:0:0:5, 6:6:0:0:9, 6:1:0:0:3, 2:0:0:0:1, 6:2:0:0:7, 6:2:0:0:5, 7:0:0:0:2, 6:2:0:0:6, 6:0:0:0:5, 6:2:0:0:7, 4:0:0:0:3, 1:2:2:0:2, 4:2:0:0:5, 4:2:0:0:3, 4:1:0:0:3, 1:0:0:0:0, 4:3:0:0:4, 5:3:0:0:4, 4:0:0:0:2, 1:0:0:0:0, 4:1:0:0:3, 5:1:0:0:4, 4:0:0:0:3, 1:0:0:0:0, 4:1:0:0:3, 5:1:0:0:4, 5:0:0:0:5, 1:0:0:0:0, 5:3:0:0:8, 6:4:0:0:5, 5:1:0:0:3,  , 5:4:0:0:5, 5:5:0:0:7, 4:0:0:0:3, 1:0:0:0:0, 5:1:0:0:5, 7:3:0:0:8, 10:1:0:0:4, 7:2:0:0:9, 5:0:0:0:5, 6:2:0:0:6, 4:0:0:0:2, 4:0:0:0:1, 7:4:0:0:9, 5:4:0:0:6, 4:1:0:0:3, 3:0:0:0:2, 6:4:0:0:5, 6:4:0:0:5, 6:0:0:0:2, 2:0:0:0:0, 6:1:0:0:3, 6:1:0:0:5, 6:0:0:0:3, 6:0:0:0:0, 5:1:0:0:4, 5:1:0:0:7, 4:0:0:0:3, 0:0:0:0:0, 4:2:0:0:4, 4:2:0:0:3, 4:1:0:0:3, 1:0:0:0:0, 6:4:0:0:6, 4:3:0:0:4, 4:0:0:0:2, 1:0:0:0:0, 4:1:0:0:4, 6:2:0:0:6, 10:0:0:0:2, 6:2:0:0:6, 6:0:0:0:6, 6:2:0:0:6, 6:0:0:0:6, 3:1:1:0:2, 5:3:0:0:9, 6:4:0:0:6, 4:1:0:0:5, 2:0:0:0:2, 6:4:0:0:5, 6:7:0:0:10, 5:0:0:0:4, 2:0:0:0:0, 5:1:0:0:4, 6:2:0:0:7, 5:0:0:0:4, 5:0:0:0:2, 7:1:0:0:6, 7:2:0:0:7, 4:0:0:0:3, 1:0:0:0:1, 5:2:0:0:4, 6:4:0:0:6, 5:1:0:0:4, 0:0:0:0:0, 5:3:0:0:4, 7:4:0:0:6, 4:0:0:0:3, 4:0:0:0:1, 7:1:0:0:4, 7:3:0:0:9, 8:0:0:0:3, 6:2:0:0:6, 4:0:0:0:2, 7:2:0:0:11, 4:0:0:0:3, 0:0:0:0:0, 5:3:0:0:6, 5:2:0:0:3, 5:1:0:0:4, 1:0:0:0:0, 4:3:0:0:4, 5:4:0:0:6, 4:0:0:0:2, 2:0:0:0:0, 8:1:0:0:3, 7:2:0:0:7, 6:0:0:0:2, 3:0:0:0:0, 6:2:0:0:5, 6:1:0:0:5, 4:0:0:0:3, 5:1:1:0:3, 5:2:0:0:6, 6:5:0:0:6, 7:1:0:0:5, 3:0:0:0:0, 9:3:0:0:5, 5:7:0:0:10, 4:0:0:0:3, 6:0:0:0:1, 6:1:0:0:4, 5:2:0:0:4, 8:0:0:0:3, 6:2:0:0:7, 4:0:0:0:3, 6:2:0:0:6, 4:0:0:0:2, 0:0:0:0:0, 4:2:0:0:4, 5:3:0:0:5, 4:1:0:0:3, 0:0:0:0:0, 5:3:0:0:5, 4:3:0:0:5, 4:0:0:0:2, 1:0:0:0:0, 4:1:0:0:3, 5:1:0:0:4, 4:0:0:0:2, 1:0:0:0:0, 4:1:0:0:6, 6:1:0:0:4, 5:0:0:0:2, 1:0:0:0:0, 6:5:2:0:7, 4:2:0:0:3, 5:2:0:0:5,  , 8:6:0:0:8, 5:3:0:0:4, 4:0:0:0:2, 4:2:2:0:3, 6:1:0:0:3, 5:2:0:0:4, 7:0:0:0:2, 6:2:0:0:8, 4:0:0:0:3, 6:2:0:0:6, 5:0:0:0:3, 4:1:1:0:2, 5:2:0:0:6, 7:4:0:0:6, 4:1:0:0:4, 3:1:0:0:3, 6:4:0:0:5, 5:3:0:0:4, 4:0:0:0:2, 3:0:0:0:0, 5:1:0:0:4, 5:1:0:0:4, 5:0:0:0:4, 6:1:0:0:2, 5:1:0:0:3, 7:1:0:0:6, 5:0:0:0:5, 0:0:0:0:0, 4:2:0:0:4, 8:2:0:0:4, 5:5:0:0:9, 2:0:0:0:1, 4:3:0:0:4, 6:3:0:0:5, 5:0:0:0:3, 3:0:0:0:2, 4:1:0:0:5, 6:2:0:0:5, 10:1:1:0:4, 7:2:0:0:9, 6:1:0:0:9, 6:2:0:0:4, 0:0:0:0:0, 0:0:0:0:0, 0:0:0:0:0, 0:0:0:0:0, 1628:476:15:0:1305
Cb aeolian (7b), 2:0:0:0:2, 5:0:0:0:9, 5:0:0:0:3, 2:0:0:0:1, 4:0:0:0:3, 4:0:0:0:7, 5:0:0:0:3, 1:0:0:0:0, 2:0:0:0:3, 5:0:0:0:7, 5:4:0:0:5, 5:0:0:0:5, 4:0:0:0:6, 5:0:0:0:7, 6:4:0:0:5, 6:1:0:0:6, 4:0:0:0:5, 5:0:0:0:9, 5:0:0:0:3, 2:0:0:0:1, 4:0:0:0:3, 4:0:0:0:7, 5:0:0:0:3, 1:0:0:0:0, 2:0:0:0:3, 5:0:0:0:7, 6:4:0:0:5, 5:0:0:0:5, 5:1:0:0:10, 10:4:0:0:11, 5:0:0:0:9, 5:0:0:0:5, 3:0:0:0:5, 6:0:0:0:7, 1:0:0:0:0, 3:0:0:0:2, 3:0:0:0:3, 3:0:0:0:3, 2:0:0:0:1, 2:0:0:0:1, 3:0:0:0:5, 7:0:0:0:5, 6:3:0:0:5, 3:0:0:0:2, 4:0:0:0:5, 5:0:0:0:5, 4:3:0:0:4, 4:0:0:0:3, 3:0:0:0:3, 5:0:0:0:10, 5:0:0:0:3, 2:0:0:0:1, 4:0:0:0:3, 4:0:0:0:7, 5:0:0:0:3, 1:0:0:0:0, 3:0:0:0:3, 5:0:0:0:7, 6:4:0:0:5, 5:0:0:0:5, 6:1:0:0:11, 9:3:0:0:10, 5:0:0:0:6, 4:0:0:0:4, 6:0:0:0:7, 6:0:0:0:9, 4:0:0:0:6, 3:0:0:0:3, 3:0:0:0:3, 4:0:0:0:3, 3:0:0:0:3, 1:0:0:0:0, 2:2:2:0:4, 4:0:0:0:6, 5:3:0:0:4, 3:0:0:0:2, 4:0:0:0:4, 5:0:0:0:7, 6:3:0:0:7, 4:0:0:0:3, 3:0:0:0:3, 4:0:0:0:3, 2:0:0:0:2, 5:0:0:0:2, 3:0:0:0:1, 4:0:0:0:2, 2:0:0:0:2, 1:0:0:0:0, 1:0:0:0:1, 5:0:0:0:7, 4:3:0:0:4, 5:0:0:0:5, 5:3:0:0:12, 8:3:0:0:7, 5:0:0:0:5, 4:0:0:0:3, 5:0:0:0:5, 4:0:0:0:4, 3:0:0:0:2, 2:0:0:0:1, 5:0:0:0:3, 3:0:0:0:3, 1:0:0:0:0, 1:0:0:0:0, 2:0:0:0:3, 4:0:0:0:6, 4:3:0:0:4, 3:0:0:0:4, 3:0:0:0:4, 4:0:0:0:6, 6:3:0:0:5, 3:0:0:0:2, 6:0:0:0:9, 5:0:0:0:7, 4:2:2:0:6, 3:0:0:0:2, 4:0:0:0:3, 3:0:0:0:3, 4:1:0:0:5, 4:0:0:0:2, 3:0:0:0:3, 4:0:0:0:7, 5:3:0:0:5, 3:0:0:0:4, 6:1:0:0:7, 11:3:0:0:9, 6:0:0:0:11, 5:0:0:0:9, 5:0:0:0:8, 4:0:0:0:7, 3:0:0:0:4, 3:0:0:0:5, 3:0:0:0:4, 3:0:0:0:3,  , 2:0:0:0:1, 2:0:0:0:3, 4:0:0:0:5, 4:3:0:0:4, 5:0:0:0:7, 6:0:0:0:5, 4:0:0:0:8, 6:4:0:0:8, 5:0:0:0:6, 5:0:0:0:8, 6:1:0:0:8, 3:0:0:0:3, 3:0:0:0:4, 3:0:0:0:3, 3:0:0:0:2, 1:0:0:0:2, 5:0:0:0:3, 2:0:0:0:3, 5:1:0:0:6, 5:3:0:0:5, 5:0:0:0:7, 6:1:0:0:11, 8:3:0:0:7, 5:0:0:0:5, 5:0:0:0:6, 5:0:0:0:6, 4:0:0:0:4, 1:2:2:0:2, 2:0:0:0:1, 2:0:0:0:2, 3:0:0:0:3, 2:0:0:0:2, 1:0:0:0:0, 2:0:0:0:1, 4:0:0:0:7, 4:3:0:0:4, 3:0:0:0:2, 4:0:0:0:5, 4:0:0:0:7, 4:4:0:0:5, 3:0:0:0:3, 4:0:0:0:5, 5:0:0:0:6, 2:0:0:0:3, 3:0:0:0:3, 3:0:0:0:3, 4:0:0:0:3,  , 2:0:0:0:1, 1:0:0:0:2, 4:0:0:0:6, 4:4:0:0:5, 4:0:0:0:5, 6:2:0:0:12, 11:3:0:0:12, 6:0:0:0:10, 5:0:0:0:7, 5:0:0:0:6, 4:0:0:0:3, 5:1:1:0:5, 4:0:0:0:5, 3:0:0:0:2, 3:0:0:0:2, 3:1:0:0:4, 2:0:0:0:1, 2:0:0:0:2, 6:1:0:0:9, 7:4:0:0:6, 5:0:0:0:3, 5:0:0:0:6, 5:0:0:0:6, 10:3:0:0:9, 4:0:0:0:4, 4:0:0:0:7, 4:0:0:0:6, 2:0:0:0:4, 2:0:0:0:3, 2:0:0:0:1, 3:0:0:0:3, 2:0:0:0:1, 2:0:0:0:1, 1:0:0:0:1, 4:0:0:0:7, 4:3:0:0:4, 3:0:0:0:4, 6:2:0:0:11, 11:3:0:0:8, 5:0:0:0:5, 6:0:0:0:6, 5:0:0:0:5, 6:0:0:0:8, 3:4:4:0:6, 3:0:0:0:3, 5:0:0:0:3, 3:0:0:0:4, 4:0:0:0:4, 2:0:0:0:1, 2:0:0:0:3, 5:0:0:0:8, 6:4:0:0:6, 4:0:0:0:4, 5:0:0:0:8, 6:0:0:0:8, 8:4:0:0:10, 6:0:0:0:8, 5:0:0:0:8, 4:0:0:0:3, 2:0:0:0:1, 2:0:0:0:1, 4:0:0:0:2, 3:0:0:0:3, 0:0:0:0:0, 2:0:0:0:1, 3:0:0:0:3, 4:0:0:0:7, 7:4:0:0:8, 6:0:0:0:8, 6:1:0:0:11, 9:3:0:0:9, 5:0:0:0:5, 4:0:0:0:3, 6:0:0:0:10, 4:0:0:0:3, 2:0:0:0:2, 3:0:0:0:4, 2:0:0:0:1, 4:0:0:0:3, 2:0:0:0:2, 1:0:0:0:0, 2:0:0:0:1, 4:0:0:0:6, 5:3:0:0:5, 5:0:0:0:3, 5:1:0:0:10, 6:0:0:0:5, 6:4:0:0:9, 5:1:0:0:7, 5:0:0:0:8, 4:0:0:0:4, 5:0:0:0:5, 3:0:0:0:2, 3:0:0:0:3, 6:0:0:0:6, 4:0:0:0:3, 5:0:0:0:4, 1:0:0:0:3, 4:0:0:0:6, 9:3:0:0:8, 5:1:0:0:5, 5:1:0:0:7, 9:4:0:0:10, 5:0:0:0:7, 4:0:0:0:6, 5:0:0:0:5, 4:0:0:0:4, 1:0:0:0:2, 2:0:0:0:2, 3:0:0:0:2, 3:0:0:0:2, 0:0:0:0:0, 2:0:0:0:1, 1:0:0:0:2, 4:0:0:0:5, 4:3:0:0:4, 3:0:0:0:2, 4:0:0:0:5, 4:0:0:0:6, 4:3:0:0:4, 3:0:0:0:5, 5:1:0:0:7, 5:0:0:0:7, 0:0:0:0:0, 4:0:0:0:5, 2:0:0:0:1, 4:0:0:0:4,  , 5:0:0:0:3, 2:0:0:0:2, 4:0:0:0:6, 9:3:0:0:8, 5:0:0:0:3, 5:2:0:0:10, 8:3:0:0:7, 5:0:0:0:8, 4:0:0:0:3, 5:0:0:0:5, 5:0:0:0:7, 5:2:2:0:6, 3:0:0:0:2, 4:0:0:0:4, 3:0:0:0:3, 3:0:0:0:5, 2:0:0:0:1, 2:0:0:0:1, 4:0:0:0:6, 6:3:0:0:5, 4:0:0:0:5, 4:0:0:0:5, 5:0:0:0:8, 10:4:0:0:11, 3:0:0:0:3, 6:0:0:0:8, 5:0:0:0:10, 2:0:0:0:1, 2:0:0:0:1, 5:0:0:0:4, 3:0:0:0:4, 4:0:0:0:3, 1:0:0:0:0, 2:0:0:0:2, 5:0:0:0:7, 7:3:0:0:7, 3:0:0:0:5, 6:1:0:0:9, 12:3:0:0:10, 6:0:0:0:11, 5:0:0:0:9, 4:0:0:0:4, 1:0:0:0:1, 1:0:0:0:1, 1:0:0:0:1, 1:0:0:0:1, 1440:186:13:0:1633
C# aeolian (7#), 2:0:0:0:0, 5:0:0:0:2, 4:0:0:0:1, 4:2:0:0:4, 6:2:0:0:5, 5:1:0:0:5, 3:0:0:0:1, 4:3:0:0:4, 6:4:0:0:6, 6:0:0:0:2, 1:0:0:0:0, 6:1:0:0:3, 5:2:0:0:5, 6:0:0:0:2, 1:0:0:0:0, 6:1:0:0:3, 5:1:0:0:4, 5:0:0:0:2, 4:0:0:0:1, 4:2:0:0:4, 6:2:0:0:5, 5:1:0:0:5, 3:0:0:0:1, 4:3:0:0:4, 6:4:0:0:6, 6:0:0:0:2, 1:0:0:0:0, 6:1:0:0:3, 5:3:0:0:6, 8:0:0:0:2, 6:2:0:0:9, 5:0:0:0:3, 2:0:0:0:0, 6:0:0:0:3, 0:0:0:0:0, 5:3:0:0:6, 5:2:0:0:4, 4:1:0:0:4, 1:0:0:0:1, 5:3:0:0:5, 7:5:0:0:8, 6:0:0:0:2, 2:0:0:0:1, 4:1:0:0:3, 5:1:0:0:4, 5:0:0:0:2, 1:0:0:0:0, 5:1:0:0:3, 4:1:0:0:3, 5:0:0:0:2, 4:0:0:0:1, 4:2:0:0:4, 6:2:0:0:4, 5:1:0:0:5, 3:0:0:0:1, 4:3:0:0:4, 7:3:0:0:5, 5:0:0:0:3, 1:0:0:0:0, 6:1:0:0:3, 6:2:0:0:5, 8:0:0:0:2, 6:2:0:0:6, 4:0:0:0:4, 7:2:0:0:8, 6:0:0:0:4, 2:0:0:0:1, 5:3:0:0:7, 5:3:0:0:5, 5:1:0:0:3, 2:0:0:0:1, 4:4:0:0:5, 7:5:0:0:7, 4:0:0:0:2, 1:0:0:0:0, 4:1:0:0:3, 5:1:0:0:3, 5:0:0:0:3, 3:0:0:0:0, 5:1:0:0:3, 4:1:0:0:3, 4:0:0:0:2, 2:0:0:0:0, 7:2:0:0:4, 6:2:0:0:3, 4:1:0:0:3, 1:0:0:0:0, 6:3:0:0:4, 5:4:0:0:5, 5:0:0:0:3, 1:0:0:0:0, 6:1:0:0:3, 7:2:0:0:6, 7:0:0:0:2, 6:2:0:0:6, 4:0:0:0:2, 6:2:0:0:6, 4:0:0:0:2, 1:0:0:0:0, 4:2:0:0:4, 6:4:0:0:6, 4:1:0:0:4, 0:0:0:0:0, 4:4:0:0:5, 6:7:0:0:10, 4:0:0:0:2, 1:0:0:0:0, 4:1:0:0:5, 4:1:0:0:4, 4:0:0:0:2, 4:0:0:0:1, 5:1:0:0:3, 7:2:0:0:7, 5:0:0:0:4, 3:2:2:0:4, 5:2:0:0:6, 7:4:0:0:7, 4:1:0:0:4, 3:0:0:0:2, 6:5:0:0:7, 6:4:0:0:5, 4:0:0:0:2, 2:0:0:0:1, 4:1:0:0:5, 6:3:0:0:5, 9:1:1:0:4, 7:2:0:0:10, 5:0:0:0:5, 6:2:0:0:9, 4:0:0:0:2, 1:0:0:0:0, 5:2:0:0:7, 5:4:0:0:8, 4:1:0:0:4,  , 6:3:0:0:5, 6:6:0:0:9, 4:0:0:0:2, 1:0:0:0:0, 6:2:0:0:6, 6:1:0:0:4, 4:0:0:0:3, 3:0:0:0:0, 6:2:0:0:5, 6:1:0:0:6, 6:3:0:0:6, 3:2:2:0:4, 5:3:0:0:6, 5:3:0:0:6, 4:1:0:0:3, 0:0:0:0:0, 8:3:0:0:5, 6:6:0:0:9, 6:1:0:0:3, 2:0:0:0:1, 6:2:0:0:7, 6:2:0:0:5, 7:0:0:0:2, 6:2:0:0:6, 6:0:0:0:5, 6:2:0:0:7, 4:0:0:0:3, 1:2:2:0:2, 4:2:0:0:5, 4:2:0:0:3, 4:1:0:0:3, 1:0:0:0:0, 4:3:0:0:4, 5:3:0:0:4, 4:0:0:0:2, 1:0:0:0:0, 4:1:0:0:3, 5:1:0:0:4, 4:0:0:0:3, 1:0:0:0:0, 4:1:0:0:3, 5:1:0:0:4, 5:0:0:0:5, 1:0:0:0:0, 5:3:0:0:8, 6:4:0:0:5, 5:1:0:0:3,  , 5:4:0:0:5, 5:5:0:0:7, 4:0:0:0:3, 1:0:0:0:0, 5:1:0:0:5, 7:3:0:0:8, 10:1:0:0:4, 7:2:0:0:9, 5:0:0:0:5, 6:2:0:0:6, 4:0:0:0:2, 4:0:0:0:1, 7:4:0:0:9, 5:4:0:0:6, 4:1:0:0:3, 3:0:0:0:2, 6:4:0:0:5, 6:4:0:0:5, 6:0:0:0:2, 2:0:0:0:0, 6:1:0:0:3, 6:1:0:0:5, 6:0:0:0:3, 6:0:0:0:0, 5:1:0:0:4, 5:1:0:0:7, 4:0:0:0:3, 0:0:0:0:0, 4:2:0:0:4, 4:2:0:0:3, 4:1:0:0:3, 1:0:0:0:0, 6:4:0:0:6, 4:3:0:0:4, 4:0:0:0:2, 1:0:0:0:0, 4:1:0:0:4, 6:2:0:0:6, 10:0:0:0:2, 6:2:0:0:6, 6:0:0:0:6, 6:2:0:0:6, 6:0:0:0:6, 3:1:1:0:2, 5:3:0:0:9, 6:4:0:0:6, 4:1:0:0:5, 2:0:0:0:2, 6:4:0:0:5, 6:7:0:0:10, 5:0:0:0:4, 2:0:0:0:0, 5:1:0:0:4, 6:2:0:0:7, 5:0:0:0:4, 5:0:0:0:2, 7:1:0:0:6, 7:2:0:0:7, 4:0:0:0:3, 1:0:0:0:1, 5:2:0:0:4, 6:4:0:0:6, 5:1:0:0:4, 0:0:0:0:0, 5:3:0:0:4, 7:4:0:0:6, 4:0:0:0:3, 4:0:0:0:1, 7:1:0:0:4, 7:3:0:0:9, 8:0:0:0:3, 6:2:0:0:6, 4:0:0:0:2, 7:2:0:0:11, 4:0:0:0:3, 0:0:0:0:0, 5:3:0:0:6, 5:2:0:0:3, 5:1:0:0:4, 1:0:0:0:0, 4:3:0:0:4, 5:4:0:0:6, 4:0:0:0:2, 2:0:0:0:0, 8:1:0:0:3, 7:2:0:0:7, 6:0:0:0:2, 3:0:0:0:0, 6:2:0:0:5, 6:1:0:0:5, 4:0:0:0:3, 5:1:1:0:3, 5:2:0:0:6, 6:5:0:0:6, 7:1:0:0:5, 3:0:0:0:0, 9:3:0:0:5, 5:7:0:0:10, 4:0:0:0:3, 6:0:0:0:1, 6:1:0:0:4, 5:2:0:0:4, 8:0:0:0:3, 6:2:0:0:7, 4:0:0:0:3, 6:2:0:0:6, 4:0:0:0:2, 0:0:0:0:0, 4:2:0:0:4, 5:3:0:0:5, 4:1:0:0:3, 0:0:0:0:0, 5:3:0:0:5, 4:3:0:0:5, 4:0:0:0:2, 1:0:0:0:0, 4:1:0:0:3, 5:1:0:0:4, 4:0:0:0:2, 1:0:0:0:0, 4:1:0:0:6, 6:1:0:0:4, 5:0:0:0:2, 1:0:0:0:0, 6:5:2:0:7, 4:2:0:0:3, 5:2:0:0:5,  , 8:6:0:0:8, 5:3:0:0:4, 4:0:0:0:2, 4:2:2:0:3, 6:1:0:0:3, 5:2:0:0:4, 7:0:0:0:2, 6:2:0:0:8, 4:0:0:0:3, 6:2:0:0:6, 5:0:0:0:3, 4:1:1:0:2, 5:2:0:0:6, 7:4:0:0:6, 4:1:0:0:4, 3:1:0:0:3, 6:4:0:0:5, 5:3:0:0:4, 4:0:0:0:2, 3:0:0:0:0, 5:1:0:0:4, 5:1:0:0:4, 5:0:0:0:4, 6:1:0:0:2, 5:1:0:0:3, 7:1:0:0:6, 5:0:0:0:5, 0:0:0:0:0, 4:2:0:0:4, 8:2:0:0:4, 5:5:0:0:9, 2:0:0:0:1, 4:3:0:0:4, 6:3:0:0:5, 5:0:0:0:3, 3:0:0:0:2, 4:1:0:0:5, 6:2:0:0:5, 10:1:1:0:4, 7:2:0:0:9, 6:1:0:0:9, 6:2:0:0:4, 0:0:0:0:0, 0:0:0:0:0, 0:0:0:0:0, 0:0:0:0:0, 1628:476:15:0:1305
Cb locrian (7b), 2:0:0:0:2, 5:0:0:0:9, 5:0:0:0:3, 2:0:0:0:1, 4:0:0:0:3, 4:0:0:0:7, 5:0:0:0:3, 1:0:0:0:0, 2:0:0:0:3, 5:0:0:0:7, 5:4:0:0:5, 5:0:0:0:5, 4:0:0:0:6, 5:0:0:0:7, 6:4:0:0:5, 6:1:0:0:6, 4:0:0:0:5, 5:0:0:0:9, 5:0:0:0:3, 2:0:0:0:1, 4:0:0:0:3, 4:0:0:0:7, 5:0:0:0:3, 1:0:0:0:0, 2:0:0:0:3, 5:0:0:0:7, 6:4:0:0:5, 5:0:0:0:5, 5:1:0:0:10, 10:4:0:0:11, 5:0:0:0:9, 5:0:0:0:5, 3:0:0:0:5, 6:0:0:0:7, 1:0:0:0:0, 3:0:0:0:2, 3:0:0:0:3, 3:0:0:0:3, 2:0:0:0:1, 2:0:0:0:1, 3:0:0:0:5, 7:0:0:0:5, 6:3:0:0:5, 3:0:0:0:2, 4:0:0:0:5, 5:0:0:0:5, 4:3:0:0:4, 4:0:0:0:3, 3:0:0:0:3, 5:0:0:0:10, 5:0:0:0:3, 2:0:0:0:1, 4:0:0:0:3, 4:0:0:0:7, 5:0:0:0:3, 1:0:0:0:0, 3:0:0:0:3, 5:0:0:0:7, 6:4:0:0:5, 5:0:0:0:5, 6:1:0:0:11, 9:3:0:0:10, 5:0:0:0:6, 4:0:0:0:4, 6:0:0:0:7, 6:0:0:0:9, 4:0:0:0:6, 3:0:0:0:3, 3:0:0:0:3, 4:0:0:0:3, 3:0:0:0:3, 1:0:0:0:0, 2:2:2:0:4, 4:0:0:0:6, 5:3:0:0:4, 3:0:0:0:2, 4:0:0:0:4, 5:0:0:0:7, 6:3:0:0:7, 4:0:0:0:3, 3:0:0:0:3, 4:0:0:0:3, 2:0:0:0:2, 5:0:0:0:2, 3:0:0:0:1, 4:0:0:0:2, 2:0:0:0:2, 1:0:0:0:0, 1:0:0:0:1, 5:0:0:0:7, 4:3:0:0:4, 5:0:0:0:5, 5:3:0:0:12, 8:3:0:0:7, 5:0:0:0:5, 4:0:0:0:3, 5:0:0:0:5, 4:0:0:0:4, 3:0:0:0:2, 2:0:0:0:1, 5:0:0:0:3, 3:0:0:0:3, 1:0:0:0:0, 1:0:0:0:0, 2:0:0:0:3, 4:0:0:0:6, 4:3:0:0:4, 3:0:0:0:4, 3:0:0:0:4, 4:0:0:0:6, 6:3:0:0:5, 3:0:0:0:2, 6:0:0:0:9, 5:0:0:0:7, 4:2:2:0:6, 3:0:0:0:2, 4:0:0:0:3, 3:0:0:0:3, 4:1:0:0:5, 4:0:0:0:2, 3:0:0:0:3, 4:0:0:0:7, 5:3:0:0:5, 3:0:0:0:4, 6:1:0:0:7, 11:3:0:0:9, 6:0:0:0:11, 5:0:0:0:9, 5:0:0:0:8, 4:0:0:0:7, 3:0:0:0:4, 3:0:0:0:5, 3:0:0:0:4, 3:0:0:0:3,  , 2:0:0:0:1, 2:0:0:0:3, 4:0:0:0:5, 4:3:0:0:4, 5:0:0:0:7, 6:0:0:0:5, 4:0:0:0:8, 6:4:0:0:8, 5:0:0:0:6, 5:0:0:0:8, 6:1:0:0:8, 3:0:0:0:3, 3:0:0:0:4, 3:0:0:0:3, 3:0:0:0:2, 1:0:0:0:2, 5:0:0:0:3, 2:0:0:0:3, 5:1:0:0:6, 5:3:0:0:5, 5:0:0:0:7, 6:1:0:0:11, 8:3:0:0:7, 5:0:0:0:5, 5:0:0:0:6, 5:0:0:0:6, 4:0:0:0:4, 1:2:2:0:2, 2:0:0:0:1, 2:0:0:0:2, 3:0:0:0:3, 2:0:0:0:2, 1:0:0:0:0, 2:0:0:0:1, 4:0:0:0:7, 4:3:0:0:4, 3:0:0:0:2, 4:0:0:0:5, 4:0:0:0:7, 4:4:0:0:5, 3:0:0:0:3, 4:0:0:0:5, 5:0:0:0:6, 2:0:0:0:3, 3:0:0:0:3, 3:0:0:0:3, 4:0:0:0:3,  , 2:0:0:0:1, 1:0:0:0:2, 4:0:0:0:6, 4:4:0:0:5, 4:0:0:0:5, 6:2:0:0:12, 11:3:0:0:12, 6:0:0:0:10, 5:0:0:0:7, 5:0:0:0:6, 4:0:0:0:3, 5:1:1:0:5, 4:0:0:0:5, 3:0:0:0:2, 3:0:0:0:2, 3:1:0:0:4, 2:0:0:0:1, 2:0:0:0:2, 6:1:0:0:9, 7:4:0:0:6, 5:0:0:0:3, 5:0:0:0:6, 5:0:0:0:6, 10:3:0:0:9, 4:0:0:0:4, 4:0:0:0:7, 4:0:0:0:6, 2:0:0:0:4, 2:0:0:0:3, 2:0:0:0:1, 3:0:0:0:3, 2:0:0:0:1, 2:0:0:0:1, 1:0:0:0:1, 4:0:0:0:7, 4:3:0:0:4, 3:0:0:0:4, 6:2:0:0:11, 11:3:0:0:8, 5:0:0:0:5, 6:0:0:0:6, 5:0:0:0:5, 6:0:0:0:8, 3:4:4:0:6, 3:0:0:0:3, 5:0:0:0:3, 3:0:0:0:4, 4:0:0:0:4, 2:0:0:0:1, 2:0:0:0:3, 5:0:0:0:8, 6:4:0:0:6, 4:0:0:0:4, 5:0:0:0:8, 6:0:0:0:8, 8:4:0:0:10, 6:0:0:0:8, 5:0:0:0:8, 4:0:0:0:3, 2:0:0:0:1, 2:0:0:0:1, 4:0:0:0:2, 3:0:0:0:3, 0:0:0:0:0, 2:0:0:0:1, 3:0:0:0:3, 4:0:0:0:7, 7:4:0:0:8, 6:0:0:0:8, 6:1:0:0:11, 9:3:0:0:9, 5:0:0:0:5, 4:0:0:0:3, 6:0:0:0:10, 4:0:0:0:3, 2:0:0:0:2, 3:0:0:0:4, 2:0:0:0:1, 4:0:0:0:3, 2:0:0:0:2, 1:0:0:0:0, 2:0:0:0:1, 4:0:0:0:6, 5:3:0:0:5, 5:0:0:0:3, 5:1:0:0:10, 6:0:0:0:5, 6:4:0:0:9, 5:1:0:0:7, 5:0:0:0:8, 4:0:0:0:4, 5:0:0:0:5, 3:0:0:0:2, 3:0:0:0:3, 6:0:0:0:6, 4:0:0:0:3, 5:0:0:0:4, 1:0:0:0:3, 4:0:0:0:6, 9:3:0:0:8, 5:1:0:0:5, 5:1:0:0:7, 9:4:0:0:10, 5:0:0:0:7, 4:0:0:0:6, 5:0:0:0:5, 4:0:0:0:4, 1:0:0:0:2, 2:0:0:0:2, 3:0:0:0:2, 3:0:0:0:2, 0:0:0:0:0, 2:0:0:0:1, 1:0:0:0:2, 4:0:0:0:5, 4:3:0:0:4, 3:0:0:0:2, 4:0:0:0:5, 4:0:0:0:6, 4:3:0:0:4, 3:0:0:0:5, 5:1:0:0:7, 5:0:0:0:7, 0:0:0:0:0, 4:0:0:0:5, 2:0:0:0:1, 4:0:0:0:4,  , 5:0:0:0:3, 2:0:0:0:2, 4:0:0:0:6, 9:3:0:0:8, 5:0:0:0:3, 5:2:0:0:10, 8:3:0:0:7, 5:0:0:0:8, 4:0:0:0:3, 5:0:0:0:5, 5:0:0:0:7, 5:2:2:0:6, 3:0:0:0:2, 4:0:0:0:4, 3:0:0:0:3, 3:0:0:0:5, 2:0:0:0:1, 2:0:0:0:1, 4:0:0:0:6, 6:3:0:0:5, 4:0:0:0:5, 4:0:0:0:5, 5:0:0:0:8, 10:4:0:0:11, 3:0:0:0:3, 6:0:0:0:8, 5:0:0:0:10, 2:0:0:0:1, 2:0:0:0:1, 5:0:0:0:4, 3:0:0:0:4, 4:0:0:0:3, 1:0:0:0:0, 2:0:0:0:2, 5:0:0:0:7, 7:3:0:0:7, 3:0:0:0:5, 6:1:0:0:9, 12:3:0:0:10, 6:0:0:0:11, 5:0:0:0:9, 4:0:0:0:4, 1:0:0:0:1, 1:0:0:0:1, 1:0:0:0:1, 1:0:0:0:1, 1440:186:13:0:1633
C# locrian (7#), 2:0:0:0:0, 5:0:0:0:2, 4:0:0:0:1, 4:2:0:0:4, 6:2:0:0:5, 5:1:0:0:5, 3:0:0:0:1, 4:3:0:0:4, 6:4:0:0:6, 6:0:0:0:2, 1:0:0:0:0, 6:1:0:0:3, 5:2:0:0:5, 6:0:0:0:2, 1:0:0:0:0, 6:1:0:0:3, 5:1:0:0:4, 5:0:0:0:2, 4:0:0:0:1, 4:2:0:0:4, 6:2:0:0:5, 5:1:0:0:5, 3:0:0:0:1, 4:3:0:0:4, 6:4:0:0:6, 6:0:0:0:2, 1:0:0:0:0, 6:1:0:0:3, 5:3:0:0:6, 8:0:0:0:2, 6:2:0:0:9, 5:0:0:0:3, 2:0:0:0:0, 6:0:0:0:3, 0:0:0:0:0, 5:3:0:0:6, 5:2:0:0:4, 4:1:0:0:4, 1:0:0:0:1, 5:3:0:0:5, 7:5:0:0:8, 6:0:0:0:2, 2:0:0:0:1, 4:1:0:0:3, 5:1:0:0:4, 5:0:0:0:2, 1:0:0:0:0, 5:1:0:0:3, 4:1:0:0:3, 5:0:0:0:2, 4:0:0:0:1, 4:2:0:0:4, 6:2:0:0:4, 5:1:0:0:5, 3:0:0:0:1, 4:3:0:0:4, 7:3:0:0:5, 5:0:0:0:3, 1:0:0:0:0, 6:1:0:0:3, 6:2:0:0:5, 8:0:0:0:2, 6:2:0:0:6, 4:0:0:0:4, 7:2:0:0:8, 6:0:0:0:4, 2:0:0:0:1, 5:3:0:0:7, 5:3:0:0:5, 5:1:0:0:3, 2:0:0:0:1, 4:4:0:0:5, 7:5:0:0:7, 4:0:0:0:2, 1:0:0:0:0, 4:1:0:0:3, 5:1:0:0:3, 5:0:0:0:3, 3:0:0:0:0, 5:1:0:0:3, 4:1:0:0:3, 4:0:0:0:2, 2:0:0:0:0, 7:2:0:0:4, 6:2:0:0:3, 4:1:0:0:3, 1:0:0:0:0, 6:3:0:0:4, 5:4:0:0:5, 5:0:0:0:3, 1:0:0:0:0, 6:1:0:0:3, 7:2:0:0:6, 7:0:0:0:2, 6:2:0:0:6, 4:0:0:0:2, 6:2:0:0:6, 4:0:0:0:2, 1:0:0:0:0, 4:2:0:0:4, 6:4:0:0:6, 4:1:0:0:4, 0:0:0:0:0, 4:4:0:0:5, 6:7:0:0:10, 4:0:0:0:2, 1:0:0:0:0, 4:1:0:0:5, 4:1:0:0:4, 4:0:0:0:2, 4:0:0:0:1, 5:1:0:0:3, 7:2:0:0:7, 5:0:0:0:4, 3:2:2:0:4, 5:2:0:0:6, 7:4:0:0:7, 4:1:0:0:4, 3:0:0:0:2, 6:5:0:0:7, 6:4:0:0:5, 4:0:0:0:2, 2:0:0:0:1, 4:1:0:0:5, 6:3:0:0:5, 9:1:1:0:4, 7:2:0:0:10, 5:0:0:0:5, 6:2:0:0:9, 4:0:0:0:2, 1:0:0:0:0, 5:2:0:0:7, 5:4:0:0:8, 4:1:0:0:4,  , 6:3:0:0:5, 6:6:0:0:9, 4:0:0:0:2, 1:0:0:0:0, 6:2:0:0:6, 6:1:0:0:4, 4:0:0:0:3, 3:0:0:0:0, 6:2:0:0:5, 6:1:0:0:6, 6:3:0:0:6, 3:2:2:0:4, 5:3:0:0:6, 5:3:0:0:6, 4:1:0:0:3, 0:0:0:0:0, 8:3:0:0:5, 6:6:0:0:9, 6:1:0:0:3, 2:0:0:0:1, 6:2:0:0:7, 6:2:0:0:5, 7:0:0:0:2, 6:2:0:0:6, 6:0:0:0:5, 6:2:0:0:7, 4:0:0:0:3, 1:2:2:0:2, 4:2:0:0:5, 4:2:0:0:3, 4:1:0:0:3, 1:0:0:0:0, 4:3:0:0:4, 5:3:0:0:4, 4:0:0:0:2, 1:0:0:0:0, 4:1:0:0:3, 5:1:0:0:4, 4:0:0:0:3, 1:0:0:0:0, 4:1:0:0:3, 5:1:0:0:4, 5:0:0:0:5, 1:0:0:0:0, 5:3:0:0:8, 6:4:0:0:5, 5:1:0:0:3,  , 5:4:0:0:5, 5:5:0:0:7, 4:0:0:0:3, 1:0:0:0:0, 5:1:0:0:5, 7:3:0:0:8, 10:1:0:0:4, 7:2:0:0:9, 5:0:0:0:5, 6:2:0:0:6, 4:0:0:0:2, 4:0:0:0:1, 7:4:0:0:9, 5:4:0:0:6, 4:1:0:0:3, 3:0:0:0:2, 6:4:0:0:5, 6:4:0:0:5, 6:0:0:0:2, 2:0:0:0:0, 6:1:0:0:3, 6:1:0:0:5, 6:0:0:0:3, 6:0:0:0:0, 5:1:0:0:4, 5:1:0:0:7, 4:0:0:0:3, 0:0:0:0:0, 4:2:0:0:4, 4:2:0:0:3, 4:1:0:0:3, 1:0:0:0:0, 6:4:0:0:6, 4:3:0:0:4, 4:0:0:0:2, 1:0:0:0:0, 4:1:0:0:4, 6:2:0:0:6, 10:0:0:0:2, 6:2:0:0:6, 6:0:0:0:6, 6:2:0:0:6, 6:0:0:0:6, 3:1:1:0:2, 5:3:0:0:9, 6:4:0:0:6, 4:1:0:0:5, 2:0:0:0:2, 6:4:0:0:5, 6:7:0:0:10, 5:0:0:0:4, 2:0:0:0:0, 5:1:0:0:4, 6:2:0:0:7, 5:0:0:0:4, 5:0:0:0:2, 7:1:0:0:6, 7:2:0:0:7, 4:0:0:0:3, 1:0:0:0:1, 5:2:0:0:4, 6:4:0:0:6, 5:1:0:0:4, 0:0:0:0:0, 5:3:0:0:4, 7:4:0:0:6, 4:0:0:0:3, 4:0:0:0:1, 7:1:0:0:4, 7:3:0:0:9, 8:0:0:0:3, 6:2:0:0:6, 4:0:0:0:2, 7:2:0:0:11, 4:0:0:0:3, 0:0:0:0:0, 5:3:0:0:6, 5:2:0:0:3, 5:1:0:0:4, 1:0:0:0:0, 4:3:0:0:4, 5:4:0:0:6, 4:0:0:0:2, 2:0:0:0:0, 8:1:0:0:3, 7:2:0:0:7, 6:0:0:0:2, 3:0:0:0:0, 6:2:0:0:5, 6:1:0:0:5, 4:0:0:0:3, 5:1:1:0:3, 5:2:0:0:6, 6:5:0:0:6, 7:1:0:0:5, 3:0:0:0:0, 9:3:0:0:5, 5:7:0:0:10, 4:0:0:0:3, 6:0:0:0:1, 6:1:0:0:4, 5:2:0:0:4, 8:0:0:0:3, 6:2:0:0:7, 4:0:0:0:3, 6:2:0:0:6, 4:0:0:0:2, 0:0:0:0:0, 4:2:0:0:4, 5:3:0:0:5, 4:1:0:0:3, 0:0:0:0:0, 5:3:0:0:5, 4:3:0:0:5, 4:0:0:0:2, 1:0:0:0:0, 4:1:0:0:3, 5:1:0:0:4, 4:0:0:0:2, 1:0:0:0:0, 4:1:0:0:6, 6:1:0:0:4, 5:0:0:0:2, 1:0:0:0:0, 6:5:2:0:7, 4:2:0:0:3, 5:2:0:0:5,  , 8:6:0:0:8, 5:3:0:0:4, 4:0:0:0:2, 4:2:2:0:3, 6:1:0:0:3, 5:2:0:0:4, 7:0:0:0:2, 6:2:0:0:8, 4:0:0:0:3, 6:2:0:0:6, 5:0:0:0:3, 4:1:1:0:2, 5:2:0:0:6, 7:4:0:0:6, 4:1:0:0:4, 3:1:0:0:3, 6:4:0:0:5, 5:3:0:0:4, 4:0:0:0:2, 3:0:0:0:0, 5:1:0:0:4, 5:1:0:0:4, 5:0:0:0:4, 6:1:0:0:2, 5:1:0:0:3, 7:1:0:0:6, 5:0:0:0:5, 0:0:0:0:0, 4:2:0:0:4, 8:2:0:0:4, 5:5:0:0:9, 2:0:0:0:1, 4:3:0:0:4, 6:3:0:0:5, 5:0:0:0:3, 3:0:0:0:2, 4:1:0:0:5, 6:2:0:0:5, 10:1:1:0:4, 7:2:0:0:9, 6:1:0:0:9, 6:2:0:0:4, 0:0:0:0:0, 0:0:0:0:0, 0:0:0:0:0, 0:0:0:0:0, 1628:476:15:0:1305
