 , 0, 1, 2, 3, 4, 5, 6, 7, 8, 9, 10, 11, 12, 13, 14, 15, 16, 17, 18, 19, 20, 21, 22, 23, 24, 25, 26, 27, 28, 29, 30, 31, 32, 33, 34, 35, 36, 37, 38, 39, 40, 41, 42, 43, 44, 45, 46, 47, 48, 49, 50, 51, 52, 53, 54, 55, 56, 57, 58, 59, 60, 61, 62, 63, 64, 65, 66, 67, 68, 69, 70, 71, 72, 73, 74, 75, 76, 77, 78, 79, 80, 81, 82, 83, 84, 85, 86, 87, 88, 89, 90, 91, 92, 93, 94, 95, 96, 97, 98, 99, 100, 101, 102, 103, 104, 105, 106, 107, 108, 109, 110, 111, 112, 113, 114, 115, 116, 117, 118, 119, 120, 121, 122, 123, 124, 125, 126, 127, 128, 129, 130, 131, 132, 133, 134, 135, 136, 137, 138, 139, 140, 141, 142, 143, 144, 145, 146, 147, 148, 149, 150, 151, 152, 153, 154, 155, 156, 157, 158, 159, 160, 161, 162, 163, 164, 165, 166, 167, 168, 169, 170, 171, 172, 173, 174, 175, 176, 177, 178, 179, 180, 181, 182, 183, 184, 185, 186, 187, 188, 189, 190, 191, 192, 193, 194, 195, 196, 197, 198, 199, 200, 201, 202, 203, 204, 205, 206, 207, 208, 209, 210, 211, 212, 213, 214, 215, 216, 217, 218, 219, 220, 221, 222, 223, 224, 225, 226, 227, 228, 229, 230, 231, 232, 233, 234, 235, 236, 237, 238, 239, 240, 241, 242, 243, 244, 245, 246, 247, 248, 249, 250, 251, 252, 253, 254, 255, 256, 257, 258, 259, 260, 261, 262, 263, 264, 265, 266, 267, 268, 269, 270, 271, 272, 273, 274, 275, 276, 277, 278, 279, 280, 281, 282, 283, 284, 285, 286, 287, 288, 289, 290, 291, 292, 293, 294, 295, 296, 297, 298, 299, 300, 301, 302, 303, 304, 305, 306, 307, 308, 309, 310, 311, 312, 313, 314, 315, 316, 317, 318, 319, 320, 321, 322, 323, rowcost
C major (0), 1:0:0:0:0, 1:0:0:0:0, 1:0:0:0:0, 2:0:0:0:1, 1:0:0:0:0, 1:0:0:0:0, 1:0:0:0:0, 2:0:0:0:1, 1:0:0:0:0, 1:0:0:0:0, 1:0:0:0:0, 2:0:0:0:1, 1:0:0:0:0, 1:0:0:0:0, 1:0:0:0:0, 1:0:0:0:0, 3:0:0:0:3, 5:0:0:0:4, 5:0:0:0:8, 5:0:0:0:10, 4:0:0:0:1, 2:0:0:0:2, 3:0:0:0:1, 1:0:0:0:0, 2:0:0:0:0, 1:0:0:0:0, 1:0:0:0:0, 2:0:0:0:1, 1:0:0:0:0, 1:0:0:0:0, 1:0:0:0:0, 2:0:0:0:1, 1:0:0:0:0, 2:0:0:0:0, 1:0:0:0:1, 4:0:0:0:2, 2:0:0:0:0, 2:0:0:0:2, 0:0:0:0:0, 2:0:0:0:1, 1:0:0:0:0, 1:0:0:0:0, 1:0:0:0:0, 3:0:0:0:1, 5:0:0:0:1, 3:0:0:0:0, 2:0:0:0:0, 2:0:0:0:0, 5:0:0:0:4, 4:0:0:0:5, 5:0:0:0:5, 5:0:0:0:6, 4:0:0:0:1, 6:0:0:0:1, 2:0:0:0:2, 0:0:0:0:0, 2:0:0:0:1, 2:0:0:0:1, 0:0:0:0:0, 2:0:0:0:1, 1:0:0:0:0, 2:0:0:0:1, 0:0:0:0:0, 3:0:0:0:1, 1:0:0:0:0, 1:0:0:0:0, 0:0:0:0:0, 3:0:0:0:2, 3:0:0:0:0, 1:0:0:0:0, 0:0:0:0:0, 2:0:0:0:1, 3:0:0:0:1, 3:0:1:0:1, 1:0:0:0:0, 2:0:0:0:2, 1:0:0:0:0, 1:0:0:0:0, 2:0:0:0:0, 1:0:0:0:0, 3:0:0:0:2, 3:0:0:0:3, 4:0:0:0:5, 5:0:0:0:5, 7:0:0:0:3, 3:0:1:0:3, 2:0:0:0:2, 1:0:0:0:0, 2:0:0:0:1, 2:0:0:0:0, 0:0:0:0:0, 4:0:0:0:2, 3:0:0:0:0, 1:0:0:0:0, 1:0:0:0:0, 2:0:0:0:1, 1:0:0:0:0, 1:0:0:0:0, 0:0:0:0:0, 2:0:0:0:1, 2:0:0:0:0, 1:0:0:0:0, 0:0:0:0:0, 2:0:0:0:1, 1:0:0:0:0, 1:0:0:0:0, 1:0:0:0:0, 2:0:0:0:1, 3:0:0:0:0, 1:0:0:0:0, 0:0:0:0:0, 1:0:0:0:0, 3:0:0:0:2, 3:0:0:0:4, 5:0:0:0:9, 5:0:0:0:6, 3:0:0:0:1, 2:0:0:0:1, 1:0:0:0:3, 2:0:0:0:0, 4:0:0:0:1, 1:0:0:0:0, 0:0:0:0:0, 2:0:0:0:1, 1:0:0:0:0, 1:0:0:0:0, 3:0:0:0:0, 3:0:0:0:1, 1:0:0:0:0, 2:0:0:0:1, 0:0:0:0:0, 2:0:0:0:1, 2:0:0:0:0, 1:0:0:0:0, 1:0:0:0:0, 2:0:0:0:1, 1:0:0:0:0, 1:0:0:0:0, 2:0:0:0:0, 2:0:0:0:1, 2:0:0:0:0, 1:0:0:0:0, 1:0:0:0:1, 1:0:0:0:0, 3:0:0:0:4, 4:0:0:0:8, 5:0:0:0:8, 5:0:0:0:9, 7:0:0:0:3, 3:0:0:0:1, 1:0:0:0:1, 0:0:0:0:0, 4:0:0:0:1, 1:0:0:0:0, 3:0:0:0:0, 3:0:0:0:2, 3:0:0:0:0, 1:0:0:0:0, 0:0:0:0:0, 3:0:0:0:2, 4:0:0:0:0, 2:0:0:0:1, 1:0:0:0:1, 3:0:0:0:3, 2:0:0:0:1, 1:0:0:0:0, 1:0:0:0:0, 2:0:0:0:1, 1:0:0:0:0, 1:0:0:0:0, 1:0:0:0:0, 2:0:0:0:2, 1:0:0:0:0, 1:0:0:0:0, 0:0:0:0:0, 1:0:0:0:0, 3:0:0:0:2, 3:0:0:0:3, 5:0:0:0:9, 5:0:0:0:7, 8:0:1:0:5, 2:0:0:0:3, 3:0:0:0:1, 0:0:0:0:0, 3:0:0:0:1, 1:0:0:0:0, 1:0:0:0:0, 2:0:0:0:1, 1:0:0:0:0, 1:0:0:0:0, 0:0:0:0:0, 2:0:0:0:1, 1:0:0:0:0, 2:0:0:0:1, 0:0:0:0:0, 2:0:0:0:1, 1:0:0:0:0, 1:0:0:0:0, 0:0:0:0:0, 2:0:0:0:1, 1:0:0:0:0, 2:0:0:0:1, 0:0:0:0:0, 2:0:0:0:1, 1:0:0:0:0, 2:0:0:0:1, 0:0:0:0:0, 1:0:0:0:0, 3:0:0:0:4, 3:0:0:0:2, 5:0:0:0:6, 4:0:0:0:5, 3:0:0:0:1, 2:0:0:0:1, 1:0:0:0:3, 0:0:0:0:0, 2:0:0:0:1, 1:0:0:0:0, 0:0:0:0:0, 2:0:0:0:3, 2:0:0:0:0, 2:0:1:0:1, 0:0:0:0:0, 2:0:0:0:1, 1:0:0:0:0, 1:0:0:0:0, 1:0:0:0:0, 2:0:0:0:1, 1:0:0:0:0, 1:0:0:0:0, 2:0:0:0:0, 2:0:0:0:1, 1:0:0:0:0, 1:0:0:0:0, 3:0:0:0:0, 2:0:0:0:3, 1:0:0:0:0, 3:0:1:0:1, 0:0:0:0:0, 1:0:0:0:0, 4:0:0:0:2, 4:0:0:0:4, 4:0:0:0:4, 4:0:0:0:6, 4:0:0:0:1, 2:0:0:0:1, 2:0:0:0:1, 1:0:0:0:1, 2:0:0:0:1, 1:0:0:0:0, 0:0:0:0:0, 3:0:0:0:1, 1:0:0:0:0, 1:0:0:0:0, 1:0:0:0:0, 3:0:0:0:1, 1:0:0:0:0, 2:0:0:0:0, 0:0:0:0:0, 2:0:0:0:1, 1:0:0:0:0, 1:0:0:0:0, 0:0:0:0:0, 2:0:0:0:1, 2:0:0:0:0, 1:0:0:0:0, 1:0:0:0:0, 2:0:0:0:1, 1:0:0:0:0, 1:0:0:0:0, 1:0:0:0:0, 1:0:0:0:0, 5:0:0:0:4, 4:0:0:0:4, 5:0:0:0:8, 7:0:0:0:7, 3:0:0:0:2, 5:0:0:0:2, 2:0:0:0:1, 1:0:0:0:2, 3:0:0:0:1, 2:0:0:0:1, 3:0:0:0:0, 2:0:0:0:4, 1:0:0:0:0, 1:0:0:0:0, 0:0:0:0:0, 3:0:0:0:1, 1:0:0:0:0, 2:0:0:0:1, 1:0:0:0:1, 2:0:0:0:1, 1:0:0:0:0, 1:0:0:0:0, 0:0:0:0:0, 3:0:0:0:1, 1:0:0:0:0, 1:0:0:0:0, 1:0:0:0:0, 2:0:0:0:1, 2:0:0:0:1, 1:0:0:0:0, 1:0:0:0:0, 1:0:0:0:0, 3:0:0:0:2, 4:0:0:0:4, 8:0:1:0:6, 5:0:0:0:6, 3:0:0:0:1, 3:0:1:0:3, 2:0:0:0:2, 1:0:0:0:1, 2:0:0:0:1, 1:0:0:0:0, 2:0:0:0:4, 2:0:0:0:1, 1:0:0:0:0, 1:0:0:0:0, 0:0:0:0:0, 3:0:0:0:0, 1:0:0:0:1, 0:0:0:0:0, 0:0:0:0:0, 0:0:0:0:0, 630:0:7:0:364
A minor (0), 1:0:0:0:0, 1:0:0:0:0, 1:0:0:0:0, 2:0:0:0:1, 1:0:0:0:0, 1:0:0:0:0, 1:0:0:0:0, 2:0:0:0:1, 1:0:0:0:0, 1:0:0:0:0, 1:0:0:0:0, 2:0:0:0:1, 1:0:0:0:0, 1:0:0:0:0, 1:0:0:0:0, 1:0:0:0:0, 3:0:0:0:3, 5:0:0:0:4, 5:0:0:0:8, 5:0:0:0:10, 4:0:0:0:1, 2:0:0:0:2, 3:0:0:0:1, 1:0:0:0:0, 2:0:0:0:0, 1:0:0:0:0, 1:0:0:0:0, 2:0:0:0:1, 1:0:0:0:0, 1:0:0:0:0, 1:0:0:0:0, 2:0:0:0:1, 1:0:0:0:0, 2:0:0:0:0, 1:0:0:0:1, 4:0:0:0:2, 2:0:0:0:0, 2:0:0:0:2, 0:0:0:0:0, 2:0:0:0:1, 1:0:0:0:0, 1:0:0:0:0, 1:0:0:0:0, 3:0:0:0:1, 5:0:0:0:1, 3:0:0:0:0, 2:0:0:0:0, 2:0:0:0:0, 5:0:0:0:4, 4:0:0:0:5, 5:0:0:0:5, 5:0:0:0:6, 4:0:0:0:1, 6:0:0:0:1, 2:0:0:0:2, 0:0:0:0:0, 2:0:0:0:1, 2:0:0:0:1, 0:0:0:0:0, 2:0:0:0:1, 1:0:0:0:0, 2:0:0:0:1, 0:0:0:0:0, 3:0:0:0:1, 1:0:0:0:0, 1:0:0:0:0, 0:0:0:0:0, 3:0:0:0:2, 3:0:0:0:0, 1:0:0:0:0, 0:0:0:0:0, 2:0:0:0:1, 3:0:0:0:1, 3:0:1:0:1, 1:0:0:0:0, 2:0:0:0:2, 1:0:0:0:0, 1:0:0:0:0, 2:0:0:0:0, 1:0:0:0:0, 3:0:0:0:2, 3:0:0:0:3, 4:0:0:0:5, 5:0:0:0:5, 7:0:0:0:3, 3:0:1:0:3, 2:0:0:0:2, 1:0:0:0:0, 2:0:0:0:1, 2:0:0:0:0, 0:0:0:0:0, 4:0:0:0:2, 3:0:0:0:0, 1:0:0:0:0, 1:0:0:0:0, 2:0:0:0:1, 1:0:0:0:0, 1:0:0:0:0, 0:0:0:0:0, 2:0:0:0:1, 2:0:0:0:0, 1:0:0:0:0, 0:0:0:0:0, 2:0:0:0:1, 1:0:0:0:0, 1:0:0:0:0, 1:0:0:0:0, 2:0:0:0:1, 3:0:0:0:0, 1:0:0:0:0, 0:0:0:0:0, 1:0:0:0:0, 3:0:0:0:2, 3:0:0:0:4, 5:0:0:0:9, 5:0:0:0:6, 3:0:0:0:1, 2:0:0:0:1, 1:0:0:0:3, 2:0:0:0:0, 4:0:0:0:1, 1:0:0:0:0, 0:0:0:0:0, 2:0:0:0:1, 1:0:0:0:0, 1:0:0:0:0, 3:0:0:0:0, 3:0:0:0:1, 1:0:0:0:0, 2:0:0:0:1, 0:0:0:0:0, 2:0:0:0:1, 2:0:0:0:0, 1:0:0:0:0, 1:0:0:0:0, 2:0:0:0:1, 1:0:0:0:0, 1:0:0:0:0, 2:0:0:0:0, 2:0:0:0:1, 2:0:0:0:0, 1:0:0:0:0, 1:0:0:0:1, 1:0:0:0:0, 3:0:0:0:4, 4:0:0:0:8, 5:0:0:0:8, 5:0:0:0:9, 7:0:0:0:3, 3:0:0:0:1, 1:0:0:0:1, 0:0:0:0:0, 4:0:0:0:1, 1:0:0:0:0, 3:0:0:0:0, 3:0:0:0:2, 3:0:0:0:0, 1:0:0:0:0, 0:0:0:0:0, 3:0:0:0:2, 4:0:0:0:0, 2:0:0:0:1, 1:0:0:0:1, 3:0:0:0:3, 2:0:0:0:1, 1:0:0:0:0, 1:0:0:0:0, 2:0:0:0:1, 1:0:0:0:0, 1:0:0:0:0, 1:0:0:0:0, 2:0:0:0:2, 1:0:0:0:0, 1:0:0:0:0, 0:0:0:0:0, 1:0:0:0:0, 3:0:0:0:2, 3:0:0:0:3, 5:0:0:0:9, 5:0:0:0:7, 8:0:1:0:5, 2:0:0:0:3, 3:0:0:0:1, 0:0:0:0:0, 3:0:0:0:1, 1:0:0:0:0, 1:0:0:0:0, 2:0:0:0:1, 1:0:0:0:0, 1:0:0:0:0, 0:0:0:0:0, 2:0:0:0:1, 1:0:0:0:0, 2:0:0:0:1, 0:0:0:0:0, 2:0:0:0:1, 1:0:0:0:0, 1:0:0:0:0, 0:0:0:0:0, 2:0:0:0:1, 1:0:0:0:0, 2:0:0:0:1, 0:0:0:0:0, 2:0:0:0:1, 1:0:0:0:0, 2:0:0:0:1, 0:0:0:0:0, 1:0:0:0:0, 3:0:0:0:4, 3:0:0:0:2, 5:0:0:0:6, 4:0:0:0:5, 3:0:0:0:1, 2:0:0:0:1, 1:0:0:0:3, 0:0:0:0:0, 2:0:0:0:1, 1:0:0:0:0, 0:0:0:0:0, 2:0:0:0:3, 2:0:0:0:0, 2:0:1:0:1, 0:0:0:0:0, 2:0:0:0:1, 1:0:0:0:0, 1:0:0:0:0, 1:0:0:0:0, 2:0:0:0:1, 1:0:0:0:0, 1:0:0:0:0, 2:0:0:0:0, 2:0:0:0:1, 1:0:0:0:0, 1:0:0:0:0, 3:0:0:0:0, 2:0:0:0:3, 1:0:0:0:0, 3:0:1:0:1, 0:0:0:0:0, 1:0:0:0:0, 4:0:0:0:2, 4:0:0:0:4, 4:0:0:0:4, 4:0:0:0:6, 4:0:0:0:1, 2:0:0:0:1, 2:0:0:0:1, 1:0:0:0:1, 2:0:0:0:1, 1:0:0:0:0, 0:0:0:0:0, 3:0:0:0:1, 1:0:0:0:0, 1:0:0:0:0, 1:0:0:0:0, 3:0:0:0:1, 1:0:0:0:0, 2:0:0:0:0, 0:0:0:0:0, 2:0:0:0:1, 1:0:0:0:0, 1:0:0:0:0, 0:0:0:0:0, 2:0:0:0:1, 2:0:0:0:0, 1:0:0:0:0, 1:0:0:0:0, 2:0:0:0:1, 1:0:0:0:0, 1:0:0:0:0, 1:0:0:0:0, 1:0:0:0:0, 5:0:0:0:4, 4:0:0:0:4, 5:0:0:0:8, 7:0:0:0:7, 3:0:0:0:2, 5:0:0:0:2, 2:0:0:0:1, 1:0:0:0:2, 3:0:0:0:1, 2:0:0:0:1, 3:0:0:0:0, 2:0:0:0:4, 1:0:0:0:0, 1:0:0:0:0, 0:0:0:0:0, 3:0:0:0:1, 1:0:0:0:0, 2:0:0:0:1, 1:0:0:0:1, 2:0:0:0:1, 1:0:0:0:0, 1:0:0:0:0, 0:0:0:0:0, 3:0:0:0:1, 1:0:0:0:0, 1:0:0:0:0, 1:0:0:0:0, 2:0:0:0:1, 2:0:0:0:1, 1:0:0:0:0, 1:0:0:0:0, 1:0:0:0:0, 3:0:0:0:2, 4:0:0:0:4, 8:0:1:0:6, 5:0:0:0:6, 3:0:0:0:1, 3:0:1:0:3, 2:0:0:0:2, 1:0:0:0:1, 2:0:0:0:1, 1:0:0:0:0, 2:0:0:0:4, 2:0:0:0:1, 1:0:0:0:0, 1:0:0:0:0, 0:0:0:0:0, 3:0:0:0:0, 1:0:0:0:1, 0:0:0:0:0, 0:0:0:0:0, 0:0:0:0:0, 630:0:7:0:364
F major (1b), 1:0:0:0:0, 2:3:0:0:3, 2:0:0:0:0, 3:2:0:0:2, 2:3:0:0:3, 2:3:0:0:3, 2:0:0:0:0, 3:2:0:0:2, 1:2:0:0:2, 2:3:0:0:3, 2:0:0:0:0, 3:2:0:0:2, 2:3:0:0:3, 2:3:0:0:3, 2:0:0:0:0, 2:1:0:0:1, 4:4:0:0:4, 6:6:0:0:6, 6:11:0:0:11, 6:13:0:0:13, 3:5:0:0:5, 3:4:0:0:4, 4:3:0:0:3, 2:0:0:0:0, 2:2:0:0:2, 2:3:0:0:3, 2:0:0:0:0, 3:2:0:0:2, 2:3:0:0:3, 2:3:0:0:3, 2:0:0:0:0, 3:2:0:0:2, 1:1:0:0:1, 3:1:0:0:1, 2:1:0:0:1, 5:4:0:0:4, 1:1:0:0:1, 3:3:0:0:3, 0:0:0:0:0, 3:2:0:0:2, 2:3:0:0:3, 2:1:0:0:1, 1:1:0:0:1, 4:2:0:0:2, 6:2:0:0:2, 4:1:0:0:1, 1:1:0:0:1, 3:2:0:0:2, 5:7:0:0:7, 5:8:0:0:8, 6:7:0:0:7, 6:10:0:0:10, 3:4:0:0:4, 5:5:0:0:5, 3:3:0:0:3, 0:0:0:0:0, 2:2:0:0:2, 3:2:0:0:2, 0:0:0:0:0, 3:3:0:0:3, 2:1:0:0:1, 3:2:0:0:2, 0:0:0:0:0, 4:2:0:0:2, 1:1:0:0:1, 2:1:0:0:1, 1:0:0:0:0, 4:3:0:0:3, 4:2:0:0:2, 2:3:0:0:3, 0:0:0:0:0, 3:2:0:0:2, 4:2:0:0:2, 4:3:1:0:3, 2:2:0:0:2, 3:5:0:0:5, 2:3:0:0:3, 2:1:0:0:1, 1:0:0:0:0, 2:1:0:0:1, 3:3:0:0:3, 4:5:0:0:5, 5:8:0:0:8, 6:9:0:0:9, 6:5:0:0:5, 4:4:1:0:4, 3:2:0:0:2, 1:0:0:0:0, 2:2:0:0:2, 3:2:0:0:2, 1:0:0:0:0, 5:3:0:0:3, 4:2:0:0:2, 2:1:0:0:1, 1:1:0:0:1, 3:2:0:0:2, 1:1:0:0:1, 2:1:0:0:1, 0:0:0:0:0, 3:2:0:0:2, 2:1:0:0:1, 2:1:0:0:1, 0:0:0:0:0, 3:2:0:0:2, 1:1:0:0:1, 2:1:0:0:1, 1:0:0:0:0, 3:4:0:0:4, 4:2:0:0:2, 2:3:0:0:3, 0:0:0:0:0, 2:2:0:0:2, 3:3:0:0:3, 4:8:0:0:8, 6:11:0:0:11, 6:9:0:0:9, 2:2:0:0:2, 2:4:0:0:4, 2:3:0:0:3, 3:0:0:0:0, 4:3:0:0:3, 2:1:0:0:1, 1:0:0:0:0, 3:3:0:0:3, 1:1:0:0:1, 2:2:0:0:2, 2:0:0:0:0, 4:4:0:0:4, 1:1:0:0:1, 3:2:0:0:2, 0:0:0:0:0, 3:2:0:0:2, 1:2:0:0:2, 2:1:0:0:1, 1:0:0:0:0, 3:2:0:0:2, 1:1:0:0:1, 2:1:0:0:1, 1:0:0:0:0, 3:2:0:0:2, 3:1:0:0:1, 2:2:0:0:2, 1:0:0:0:0, 2:2:0:0:2, 3:5:0:0:5, 5:9:0:0:9, 6:11:0:0:11, 6:12:0:0:12, 6:2:1:0:3, 2:4:0:0:4, 2:1:0:0:1, 1:0:0:0:0, 3:3:0:0:3, 2:3:0:0:3, 2:0:0:0:0, 4:3:0:0:3, 3:2:0:0:2, 2:1:0:0:1, 0:0:0:0:0, 4:3:0:0:3, 4:1:3:0:4, 3:2:0:0:2, 2:1:0:0:1, 4:4:0:0:4, 3:2:0:0:2, 2:2:0:0:2, 1:1:0:0:1, 3:2:0:0:2, 1:1:0:0:1, 2:3:0:0:3, 2:0:0:0:0, 3:5:0:0:5, 2:1:0:0:1, 2:3:0:0:3, 0:0:0:0:0, 2:2:0:0:2, 3:3:0:0:3, 4:5:0:0:5, 6:12:0:0:12, 6:11:0:0:11, 7:5:1:0:6, 2:5:0:0:5, 4:1:0:0:1, 0:0:0:0:0, 3:3:0:0:3, 2:1:0:0:1, 1:1:0:0:1, 3:2:0:0:2, 1:1:0:0:1, 2:1:0:0:1, 0:0:0:0:0, 3:2:0:0:2, 1:1:0:0:1, 3:2:0:0:2, 0:0:0:0:0, 3:2:0:0:2, 1:1:0:0:1, 2:1:0:0:1, 0:0:0:0:0, 3:2:0:0:2, 1:1:0:0:1, 3:2:0:0:2, 1:0:0:0:0, 3:2:0:0:2, 1:1:0:0:1, 3:2:0:0:2, 1:0:0:0:0, 2:1:0:0:1, 4:4:0:0:4, 4:4:0:0:4, 6:8:0:0:8, 5:7:0:0:7, 2:3:0:0:3, 2:3:0:0:3, 2:3:0:0:3, 0:0:0:0:0, 2:2:0:0:2, 2:1:0:0:1, 1:0:0:0:0, 3:4:0:0:4, 2:3:0:0:3, 3:3:1:0:3, 0:0:0:0:0, 3:2:0:0:2, 1:1:0:0:1, 2:2:0:0:2, 2:1:0:0:1, 3:2:0:0:2, 1:1:0:0:1, 2:1:0:0:1, 1:0:0:0:0, 3:2:0:0:2, 1:1:0:0:1, 2:2:0:0:2, 2:0:0:0:0, 3:4:0:0:4, 1:2:0:0:2, 4:3:1:0:3, 0:0:0:0:0, 2:2:0:0:2, 4:4:0:0:4, 5:5:0:0:5, 5:5:0:0:5, 5:9:0:0:9, 3:2:0:0:2, 2:3:0:0:3, 3:2:0:0:2, 1:1:0:0:1, 2:2:0:0:2, 2:2:0:0:2, 0:0:0:0:0, 4:3:0:0:3, 1:2:0:0:2, 2:1:0:0:1, 1:1:0:0:1, 4:3:0:0:3, 1:2:0:0:2, 3:1:0:0:1, 1:0:0:0:0, 3:2:0:0:2, 2:1:0:0:1, 2:1:0:0:1, 0:0:0:0:0, 3:2:0:0:2, 2:3:0:0:3, 2:1:0:0:1, 1:0:0:0:0, 3:2:0:0:2, 1:1:0:0:1, 2:3:0:0:3, 2:1:0:0:1, 2:3:0:0:3, 6:6:0:0:6, 5:5:0:0:5, 6:11:0:0:11, 8:10:0:0:10, 2:3:0:0:3, 4:4:0:0:4, 3:2:0:0:2, 1:2:0:0:2, 3:3:0:0:3, 3:2:0:0:2, 2:0:0:0:0, 3:5:0:0:5, 2:2:0:0:2, 2:1:0:0:1, 0:0:0:0:0, 4:4:0:0:4, 1:3:0:0:3, 3:2:0:0:2, 1:1:0:0:1, 3:2:0:0:2, 1:1:0:0:1, 2:2:0:0:2, 1:0:0:0:0, 4:2:0:0:2, 1:1:0:0:1, 2:2:0:0:2, 1:0:0:0:0, 3:2:0:0:2, 3:2:0:0:2, 2:3:0:0:3, 2:0:0:0:0, 2:2:0:0:2, 3:4:0:0:4, 5:5:0:0:5, 9:7:1:0:7, 6:9:0:0:9, 2:2:0:0:2, 3:5:1:0:5, 3:2:0:0:2, 1:1:0:0:1, 2:2:0:0:2, 2:1:0:0:1, 2:4:0:0:4, 3:2:0:0:2, 1:1:0:0:1, 2:2:0:0:2, 0:0:0:0:0, 4:1:0:0:1, 2:1:0:0:1, 0:0:0:0:0, 0:0:0:0:0, 0:0:0:0:0, 813:775:11:0:780
G major (1#), 0:0:0:0:0, 0:0:0:0:0, 0:0:0:0:0, 1:0:0:0:1, 0:0:0:0:0, 0:0:0:0:0, 0:0:0:0:0, 1:0:0:0:1, 0:0:0:0:0, 0:0:0:0:0, 0:0:0:0:0, 1:0:0:0:1, 0:0:0:0:0, 0:0:0:0:0, 0:0:0:0:0, 0:0:0:0:0, 2:0:0:0:1, 4:0:0:0:4, 4:0:0:0:4, 4:0:0:0:8, 3:2:0:0:1, 1:0:0:0:0, 2:0:0:0:0, 0:0:0:0:0, 1:0:0:0:1, 0:0:0:0:0, 0:0:0:0:0, 1:0:0:0:1, 0:0:0:0:0, 0:0:0:0:0, 0:0:0:0:0, 1:0:0:0:1, 0:0:0:0:0, 1:1:0:0:0, 1:0:0:0:0, 3:2:0:0:1, 1:0:0:0:1, 1:0:0:0:0, 1:0:0:0:0, 1:0:0:0:1, 0:0:0:0:0, 0:0:0:0:0, 0:0:0:0:0, 2:0:0:0:1, 4:1:0:0:3, 2:0:0:0:0, 1:2:0:0:0, 1:0:0:0:0, 4:1:0:0:3, 3:0:0:0:5, 4:0:0:0:3, 4:0:0:0:5, 3:4:0:0:0, 5:0:0:0:2, 1:0:0:0:0, 0:0:0:0:0, 1:0:0:0:1, 1:0:0:0:1, 0:0:0:0:0, 1:0:0:0:1, 0:0:0:0:0, 1:0:0:0:1, 0:0:0:0:0, 2:0:0:0:1, 0:0:0:0:0, 0:0:0:0:0, 0:0:0:0:0, 2:0:0:0:2, 2:0:0:0:1, 0:0:0:0:0, 0:0:0:0:0, 1:0:0:0:1, 2:1:0:0:1, 2:1:1:0:1, 0:0:0:0:0, 1:0:0:0:2, 0:0:0:0:0, 0:0:0:0:0, 2:0:0:0:1, 0:0:0:0:0, 2:0:0:0:1, 2:0:0:0:3, 3:0:0:0:3, 4:0:0:0:5, 6:2:0:0:2, 2:0:1:0:1, 1:0:0:0:0, 0:0:0:0:0, 1:0:0:0:1, 1:0:0:0:1, 0:0:0:0:0, 3:0:0:0:3, 2:0:0:0:2, 0:0:0:0:0, 0:0:0:0:0, 1:0:0:0:1, 0:0:0:0:0, 0:0:0:0:0, 0:0:0:0:0, 1:0:0:0:1, 1:1:0:0:0, 0:0:0:0:0, 0:0:0:0:0, 1:0:0:0:1, 0:0:0:0:0, 0:0:0:0:0, 0:0:0:0:0, 1:0:0:0:1, 2:0:0:0:2, 0:0:0:0:0, 0:0:0:0:0, 0:0:0:0:0, 2:0:0:0:1, 2:0:0:0:4, 4:0:0:0:6, 4:0:0:0:6, 2:2:0:0:0, 1:0:0:0:0, 1:0:0:0:0, 2:0:0:0:1, 3:1:0:0:1, 0:0:0:0:0, 0:0:0:0:0, 1:0:0:0:1, 0:0:0:0:0, 0:0:0:0:0, 3:0:0:0:2, 2:0:0:0:1, 0:0:0:0:0, 1:0:0:0:1, 0:0:0:0:0, 1:0:0:0:1, 1:0:0:0:1, 0:0:0:0:0, 1:0:0:0:0, 1:0:0:0:1, 0:0:0:0:0, 0:0:0:0:0, 2:0:0:0:1, 1:0:0:0:1, 1:0:0:0:1, 0:0:0:0:0, 1:0:0:0:1, 0:0:0:0:0, 2:0:0:0:2, 3:0:0:0:5, 4:0:0:0:5, 4:0:0:0:8, 6:3:0:0:2, 2:1:0:0:0, 1:0:0:0:0, 0:0:0:0:0, 3:2:0:0:1, 0:0:0:0:0, 3:0:0:0:2, 2:0:0:0:2, 2:1:0:0:0, 0:0:0:0:0, 0:0:0:0:0, 2:0:0:0:2, 3:0:0:0:2, 1:0:0:0:1, 1:0:0:0:1, 2:0:0:0:3, 1:0:0:0:1, 0:0:0:0:0, 0:0:0:0:0, 1:0:0:0:1, 0:0:0:0:0, 0:0:0:0:0, 1:0:0:0:1, 1:0:0:0:2, 2:0:0:0:0, 0:0:0:0:0, 0:0:0:0:0, 0:0:0:0:0, 2:0:0:0:1, 2:0:0:0:3, 4:0:0:0:6, 4:0:0:0:6, 7:4:1:0:4, 1:0:0:0:0, 3:0:0:0:1, 0:0:0:0:0, 2:0:0:0:1, 0:0:0:0:0, 0:0:0:0:0, 1:0:0:0:1, 0:0:0:0:0, 0:0:0:0:0, 0:0:0:0:0, 1:0:0:0:1, 0:0:0:0:0, 1:0:0:0:1, 0:0:0:0:0, 1:0:0:0:1, 0:0:0:0:0, 0:0:0:0:0, 0:0:0:0:0, 1:0:0:0:1, 0:0:0:0:0, 1:0:0:0:1, 0:0:0:0:0, 1:0:0:0:1, 0:0:0:0:0, 1:0:0:0:1, 0:0:0:0:0, 0:0:0:0:0, 2:0:0:0:2, 2:0:0:0:2, 4:0:0:0:5, 3:0:0:0:5, 2:3:0:0:0, 1:0:0:0:0, 1:0:0:0:0, 0:0:0:0:0, 1:0:0:0:1, 0:0:0:0:0, 0:0:0:0:0, 1:0:0:0:3, 1:1:0:0:0, 1:0:1:0:1, 0:0:0:0:0, 1:0:0:0:1, 0:0:0:0:0, 0:0:0:0:0, 0:0:0:0:0, 1:0:0:0:1, 0:0:0:0:0, 0:0:0:0:0, 1:0:0:0:1, 1:0:0:0:1, 0:0:0:0:0, 0:0:0:0:0, 3:0:0:0:2, 1:0:0:0:3, 0:0:0:0:0, 2:1:1:0:1, 0:0:0:0:0, 0:0:0:0:0, 3:0:0:0:1, 3:0:0:0:4, 3:0:0:0:2, 3:0:0:0:6, 3:3:0:0:1, 1:0:0:0:0, 1:0:0:0:0, 1:0:0:0:0, 1:0:0:0:1, 0:0:0:0:0, 0:0:0:0:0, 2:0:0:0:1, 0:0:0:0:0, 0:0:0:0:0, 0:0:0:0:0, 2:0:0:0:1, 0:0:0:0:0, 1:0:0:0:1, 0:0:0:0:0, 1:0:0:0:1, 0:0:0:0:0, 0:0:0:0:0, 0:0:0:0:0, 1:0:0:0:1, 1:2:0:0:0, 0:0:0:0:0, 1:3:0:0:3, 1:0:0:0:1, 0:0:0:0:0, 0:0:0:0:0, 0:0:0:0:0, 0:0:0:0:0, 4:0:0:0:4, 3:2:0:0:6, 4:0:0:0:6, 6:0:0:0:6, 2:3:0:0:0, 4:1:0:0:1, 3:0:0:0:0, 1:0:0:0:0, 2:0:0:0:1, 1:0:0:0:1, 2:0:0:0:1, 1:0:0:0:4, 0:0:0:0:0, 0:0:0:0:0, 0:0:0:0:0, 2:0:0:0:1, 1:0:1:0:1, 1:0:0:0:1, 1:0:0:0:0, 1:0:0:0:1, 0:0:0:0:0, 0:0:0:0:0, 0:0:0:0:0, 2:0:0:0:1, 0:0:0:0:0, 0:0:0:0:0, 0:0:0:0:0, 1:0:0:0:1, 1:0:0:0:1, 0:0:0:0:0, 0:0:0:0:0, 0:0:0:0:0, 2:0:0:0:1, 3:0:0:0:4, 7:0:1:0:5, 4:0:0:0:5, 2:3:0:0:0, 2:0:1:0:1, 1:0:0:0:0, 1:0:0:0:0, 1:0:0:0:1, 0:0:0:0:0, 2:0:0:0:1, 1:0:0:0:1, 0:0:0:0:0, 0:0:0:0:0, 0:0:0:0:0, 2:0:0:0:1, 2:0:0:0:0, 0:0:0:0:0, 0:0:0:0:0, 0:0:0:0:0, 369:54:8:0:303
D minor (1b), 1:0:0:0:0, 2:3:0:0:3, 2:0:0:0:0, 3:2:0:0:2, 2:3:0:0:3, 2:3:0:0:3, 2:0:0:0:0, 3:2:0:0:2, 1:2:0:0:2, 2:3:0:0:3, 2:0:0:0:0, 3:2:0:0:2, 2:3:0:0:3, 2:3:0:0:3, 2:0:0:0:0, 2:1:0:0:1, 4:4:0:0:4, 6:6:0:0:6, 6:11:0:0:11, 6:13:0:0:13, 3:5:0:0:5, 3:4:0:0:4, 4:3:0:0:3, 2:0:0:0:0, 2:2:0:0:2, 2:3:0:0:3, 2:0:0:0:0, 3:2:0:0:2, 2:3:0:0:3, 2:3:0:0:3, 2:0:0:0:0, 3:2:0:0:2, 1:1:0:0:1, 3:1:0:0:1, 2:1:0:0:1, 5:4:0:0:4, 1:1:0:0:1, 3:3:0:0:3, 0:0:0:0:0, 3:2:0:0:2, 2:3:0:0:3, 2:1:0:0:1, 1:1:0:0:1, 4:2:0:0:2, 6:2:0:0:2, 4:1:0:0:1, 1:1:0:0:1, 3:2:0:0:2, 5:7:0:0:7, 5:8:0:0:8, 6:7:0:0:7, 6:10:0:0:10, 3:4:0:0:4, 5:5:0:0:5, 3:3:0:0:3, 0:0:0:0:0, 2:2:0:0:2, 3:2:0:0:2, 0:0:0:0:0, 3:3:0:0:3, 2:1:0:0:1, 3:2:0:0:2, 0:0:0:0:0, 4:2:0:0:2, 1:1:0:0:1, 2:1:0:0:1, 1:0:0:0:0, 4:3:0:0:3, 4:2:0:0:2, 2:3:0:0:3, 0:0:0:0:0, 3:2:0:0:2, 4:2:0:0:2, 4:3:1:0:3, 2:2:0:0:2, 3:5:0:0:5, 2:3:0:0:3, 2:1:0:0:1, 1:0:0:0:0, 2:1:0:0:1, 3:3:0:0:3, 4:5:0:0:5, 5:8:0:0:8, 6:9:0:0:9, 6:5:0:0:5, 4:4:1:0:4, 3:2:0:0:2, 1:0:0:0:0, 2:2:0:0:2, 3:2:0:0:2, 1:0:0:0:0, 5:3:0:0:3, 4:2:0:0:2, 2:1:0:0:1, 1:1:0:0:1, 3:2:0:0:2, 1:1:0:0:1, 2:1:0:0:1, 0:0:0:0:0, 3:2:0:0:2, 2:1:0:0:1, 2:1:0:0:1, 0:0:0:0:0, 3:2:0:0:2, 1:1:0:0:1, 2:1:0:0:1, 1:0:0:0:0, 3:4:0:0:4, 4:2:0:0:2, 2:3:0:0:3, 0:0:0:0:0, 2:2:0:0:2, 3:3:0:0:3, 4:8:0:0:8, 6:11:0:0:11, 6:9:0:0:9, 2:2:0:0:2, 2:4:0:0:4, 2:3:0:0:3, 3:0:0:0:0, 4:3:0:0:3, 2:1:0:0:1, 1:0:0:0:0, 3:3:0:0:3, 1:1:0:0:1, 2:2:0:0:2, 2:0:0:0:0, 4:4:0:0:4, 1:1:0:0:1, 3:2:0:0:2, 0:0:0:0:0, 3:2:0:0:2, 1:2:0:0:2, 2:1:0:0:1, 1:0:0:0:0, 3:2:0:0:2, 1:1:0:0:1, 2:1:0:0:1, 1:0:0:0:0, 3:2:0:0:2, 3:1:0:0:1, 2:2:0:0:2, 1:0:0:0:0, 2:2:0:0:2, 3:5:0:0:5, 5:9:0:0:9, 6:11:0:0:11, 6:12:0:0:12, 6:2:1:0:3, 2:4:0:0:4, 2:1:0:0:1, 1:0:0:0:0, 3:3:0:0:3, 2:3:0:0:3, 2:0:0:0:0, 4:3:0:0:3, 3:2:0:0:2, 2:1:0:0:1, 0:0:0:0:0, 4:3:0:0:3, 4:1:3:0:4, 3:2:0:0:2, 2:1:0:0:1, 4:4:0:0:4, 3:2:0:0:2, 2:2:0:0:2, 1:1:0:0:1, 3:2:0:0:2, 1:1:0:0:1, 2:3:0:0:3, 2:0:0:0:0, 3:5:0:0:5, 2:1:0:0:1, 2:3:0:0:3, 0:0:0:0:0, 2:2:0:0:2, 3:3:0:0:3, 4:5:0:0:5, 6:12:0:0:12, 6:11:0:0:11, 7:5:1:0:6, 2:5:0:0:5, 4:1:0:0:1, 0:0:0:0:0, 3:3:0:0:3, 2:1:0:0:1, 1:1:0:0:1, 3:2:0:0:2, 1:1:0:0:1, 2:1:0:0:1, 0:0:0:0:0, 3:2:0:0:2, 1:1:0:0:1, 3:2:0:0:2, 0:0:0:0:0, 3:2:0:0:2, 1:1:0:0:1, 2:1:0:0:1, 0:0:0:0:0, 3:2:0:0:2, 1:1:0:0:1, 3:2:0:0:2, 1:0:0:0:0, 3:2:0:0:2, 1:1:0:0:1, 3:2:0:0:2, 1:0:0:0:0, 2:1:0:0:1, 4:4:0:0:4, 4:4:0:0:4, 6:8:0:0:8, 5:7:0:0:7, 2:3:0:0:3, 2:3:0:0:3, 2:3:0:0:3, 0:0:0:0:0, 2:2:0:0:2, 2:1:0:0:1, 1:0:0:0:0, 3:4:0:0:4, 2:3:0:0:3, 3:3:1:0:3, 0:0:0:0:0, 3:2:0:0:2, 1:1:0:0:1, 2:2:0:0:2, 2:1:0:0:1, 3:2:0:0:2, 1:1:0:0:1, 2:1:0:0:1, 1:0:0:0:0, 3:2:0:0:2, 1:1:0:0:1, 2:2:0:0:2, 2:0:0:0:0, 3:4:0:0:4, 1:2:0:0:2, 4:3:1:0:3, 0:0:0:0:0, 2:2:0:0:2, 4:4:0:0:4, 5:5:0:0:5, 5:5:0:0:5, 5:9:0:0:9, 3:2:0:0:2, 2:3:0:0:3, 3:2:0:0:2, 1:1:0:0:1, 2:2:0:0:2, 2:2:0:0:2, 0:0:0:0:0, 4:3:0:0:3, 1:2:0:0:2, 2:1:0:0:1, 1:1:0:0:1, 4:3:0:0:3, 1:2:0:0:2, 3:1:0:0:1, 1:0:0:0:0, 3:2:0:0:2, 2:1:0:0:1, 2:1:0:0:1, 0:0:0:0:0, 3:2:0:0:2, 2:3:0:0:3, 2:1:0:0:1, 1:0:0:0:0, 3:2:0:0:2, 1:1:0:0:1, 2:3:0:0:3, 2:1:0:0:1, 2:3:0:0:3, 6:6:0:0:6, 5:5:0:0:5, 6:11:0:0:11, 8:10:0:0:10, 2:3:0:0:3, 4:4:0:0:4, 3:2:0:0:2, 1:2:0:0:2, 3:3:0:0:3, 3:2:0:0:2, 2:0:0:0:0, 3:5:0:0:5, 2:2:0:0:2, 2:1:0:0:1, 0:0:0:0:0, 4:4:0:0:4, 1:3:0:0:3, 3:2:0:0:2, 1:1:0:0:1, 3:2:0:0:2, 1:1:0:0:1, 2:2:0:0:2, 1:0:0:0:0, 4:2:0:0:2, 1:1:0:0:1, 2:2:0:0:2, 1:0:0:0:0, 3:2:0:0:2, 3:2:0:0:2, 2:3:0:0:3, 2:0:0:0:0, 2:2:0:0:2, 3:4:0:0:4, 5:5:0:0:5, 9:7:1:0:7, 6:9:0:0:9, 2:2:0:0:2, 3:5:1:0:5, 3:2:0:0:2, 1:1:0:0:1, 2:2:0:0:2, 2:1:0:0:1, 2:4:0:0:4, 3:2:0:0:2, 1:1:0:0:1, 2:2:0:0:2, 0:0:0:0:0, 4:1:0:0:1, 2:1:0:0:1, 0:0:0:0:0, 0:0:0:0:0, 0:0:0:0:0, 813:775:11:0:780
E minor (1#), 0:0:0:0:0, 0:0:0:0:0, 0:0:0:0:0, 1:0:0:0:1, 0:0:0:0:0, 0:0:0:0:0, 0:0:0:0:0, 1:0:0:0:1, 0:0:0:0:0, 0:0:0:0:0, 0:0:0:0:0, 1:0:0:0:1, 0:0:0:0:0, 0:0:0:0:0, 0:0:0:0:0, 0:0:0:0:0, 2:0:0:0:1, 4:0:0:0:4, 4:0:0:0:4, 4:0:0:0:8, 3:2:0:0:1, 1:0:0:0:0, 2:0:0:0:0, 0:0:0:0:0, 1:0:0:0:1, 0:0:0:0:0, 0:0:0:0:0, 1:0:0:0:1, 0:0:0:0:0, 0:0:0:0:0, 0:0:0:0:0, 1:0:0:0:1, 0:0:0:0:0, 1:1:0:0:0, 1:0:0:0:0, 3:2:0:0:1, 1:0:0:0:1, 1:0:0:0:0, 1:0:0:0:0, 1:0:0:0:1, 0:0:0:0:0, 0:0:0:0:0, 0:0:0:0:0, 2:0:0:0:1, 4:1:0:0:3, 2:0:0:0:0, 1:2:0:0:0, 1:0:0:0:0, 4:1:0:0:3, 3:0:0:0:5, 4:0:0:0:3, 4:0:0:0:5, 3:4:0:0:0, 5:0:0:0:2, 1:0:0:0:0, 0:0:0:0:0, 1:0:0:0:1, 1:0:0:0:1, 0:0:0:0:0, 1:0:0:0:1, 0:0:0:0:0, 1:0:0:0:1, 0:0:0:0:0, 2:0:0:0:1, 0:0:0:0:0, 0:0:0:0:0, 0:0:0:0:0, 2:0:0:0:2, 2:0:0:0:1, 0:0:0:0:0, 0:0:0:0:0, 1:0:0:0:1, 2:1:0:0:1, 2:1:1:0:1, 0:0:0:0:0, 1:0:0:0:2, 0:0:0:0:0, 0:0:0:0:0, 2:0:0:0:1, 0:0:0:0:0, 2:0:0:0:1, 2:0:0:0:3, 3:0:0:0:3, 4:0:0:0:5, 6:2:0:0:2, 2:0:1:0:1, 1:0:0:0:0, 0:0:0:0:0, 1:0:0:0:1, 1:0:0:0:1, 0:0:0:0:0, 3:0:0:0:3, 2:0:0:0:2, 0:0:0:0:0, 0:0:0:0:0, 1:0:0:0:1, 0:0:0:0:0, 0:0:0:0:0, 0:0:0:0:0, 1:0:0:0:1, 1:1:0:0:0, 0:0:0:0:0, 0:0:0:0:0, 1:0:0:0:1, 0:0:0:0:0, 0:0:0:0:0, 0:0:0:0:0, 1:0:0:0:1, 2:0:0:0:2, 0:0:0:0:0, 0:0:0:0:0, 0:0:0:0:0, 2:0:0:0:1, 2:0:0:0:4, 4:0:0:0:6, 4:0:0:0:6, 2:2:0:0:0, 1:0:0:0:0, 1:0:0:0:0, 2:0:0:0:1, 3:1:0:0:1, 0:0:0:0:0, 0:0:0:0:0, 1:0:0:0:1, 0:0:0:0:0, 0:0:0:0:0, 3:0:0:0:2, 2:0:0:0:1, 0:0:0:0:0, 1:0:0:0:1, 0:0:0:0:0, 1:0:0:0:1, 1:0:0:0:1, 0:0:0:0:0, 1:0:0:0:0, 1:0:0:0:1, 0:0:0:0:0, 0:0:0:0:0, 2:0:0:0:1, 1:0:0:0:1, 1:0:0:0:1, 0:0:0:0:0, 1:0:0:0:1, 0:0:0:0:0, 2:0:0:0:2, 3:0:0:0:5, 4:0:0:0:5, 4:0:0:0:8, 6:3:0:0:2, 2:1:0:0:0, 1:0:0:0:0, 0:0:0:0:0, 3:2:0:0:1, 0:0:0:0:0, 3:0:0:0:2, 2:0:0:0:2, 2:1:0:0:0, 0:0:0:0:0, 0:0:0:0:0, 2:0:0:0:2, 3:0:0:0:2, 1:0:0:0:1, 1:0:0:0:1, 2:0:0:0:3, 1:0:0:0:1, 0:0:0:0:0, 0:0:0:0:0, 1:0:0:0:1, 0:0:0:0:0, 0:0:0:0:0, 1:0:0:0:1, 1:0:0:0:2, 2:0:0:0:0, 0:0:0:0:0, 0:0:0:0:0, 0:0:0:0:0, 2:0:0:0:1, 2:0:0:0:3, 4:0:0:0:6, 4:0:0:0:6, 7:4:1:0:4, 1:0:0:0:0, 3:0:0:0:1, 0:0:0:0:0, 2:0:0:0:1, 0:0:0:0:0, 0:0:0:0:0, 1:0:0:0:1, 0:0:0:0:0, 0:0:0:0:0, 0:0:0:0:0, 1:0:0:0:1, 0:0:0:0:0, 1:0:0:0:1, 0:0:0:0:0, 1:0:0:0:1, 0:0:0:0:0, 0:0:0:0:0, 0:0:0:0:0, 1:0:0:0:1, 0:0:0:0:0, 1:0:0:0:1, 0:0:0:0:0, 1:0:0:0:1, 0:0:0:0:0, 1:0:0:0:1, 0:0:0:0:0, 0:0:0:0:0, 2:0:0:0:2, 2:0:0:0:2, 4:0:0:0:5, 3:0:0:0:5, 2:3:0:0:0, 1:0:0:0:0, 1:0:0:0:0, 0:0:0:0:0, 1:0:0:0:1, 0:0:0:0:0, 0:0:0:0:0, 1:0:0:0:3, 1:1:0:0:0, 1:0:1:0:1, 0:0:0:0:0, 1:0:0:0:1, 0:0:0:0:0, 0:0:0:0:0, 0:0:0:0:0, 1:0:0:0:1, 0:0:0:0:0, 0:0:0:0:0, 1:0:0:0:1, 1:0:0:0:1, 0:0:0:0:0, 0:0:0:0:0, 3:0:0:0:2, 1:0:0:0:3, 0:0:0:0:0, 2:1:1:0:1, 0:0:0:0:0, 0:0:0:0:0, 3:0:0:0:1, 3:0:0:0:4, 3:0:0:0:2, 3:0:0:0:6, 3:3:0:0:1, 1:0:0:0:0, 1:0:0:0:0, 1:0:0:0:0, 1:0:0:0:1, 0:0:0:0:0, 0:0:0:0:0, 2:0:0:0:1, 0:0:0:0:0, 0:0:0:0:0, 0:0:0:0:0, 2:0:0:0:1, 0:0:0:0:0, 1:0:0:0:1, 0:0:0:0:0, 1:0:0:0:1, 0:0:0:0:0, 0:0:0:0:0, 0:0:0:0:0, 1:0:0:0:1, 1:2:0:0:0, 0:0:0:0:0, 1:3:0:0:3, 1:0:0:0:1, 0:0:0:0:0, 0:0:0:0:0, 0:0:0:0:0, 0:0:0:0:0, 4:0:0:0:4, 3:2:0:0:6, 4:0:0:0:6, 6:0:0:0:6, 2:3:0:0:0, 4:1:0:0:1, 3:0:0:0:0, 1:0:0:0:0, 2:0:0:0:1, 1:0:0:0:1, 2:0:0:0:1, 1:0:0:0:4, 0:0:0:0:0, 0:0:0:0:0, 0:0:0:0:0, 2:0:0:0:1, 1:0:1:0:1, 1:0:0:0:1, 1:0:0:0:0, 1:0:0:0:1, 0:0:0:0:0, 0:0:0:0:0, 0:0:0:0:0, 2:0:0:0:1, 0:0:0:0:0, 0:0:0:0:0, 0:0:0:0:0, 1:0:0:0:1, 1:0:0:0:1, 0:0:0:0:0, 0:0:0:0:0, 0:0:0:0:0, 2:0:0:0:1, 3:0:0:0:4, 7:0:1:0:5, 4:0:0:0:5, 2:3:0:0:0, 2:0:1:0:1, 1:0:0:0:0, 1:0:0:0:0, 1:0:0:0:1, 0:0:0:0:0, 2:0:0:0:1, 1:0:0:0:1, 0:0:0:0:0, 0:0:0:0:0, 0:0:0:0:0, 2:0:0:0:1, 2:0:0:0:0, 0:0:0:0:0, 0:0:0:0:0, 0:0:0:0:0, 369:54:8:0:303
Bb major (2b), 2:0:0:0:0, 3:3:0:0:6, 3:0:0:0:1, 4:2:0:0:4, 3:3:0:0:4, 3:3:0:0:6, 3:0:0:0:1, 4:2:0:0:4, 2:2:0:0:2, 3:3:0:0:6, 3:0:0:0:1, 4:2:0:0:4, 3:3:0:0:4, 3:3:0:0:6, 3:0:0:0:1, 2:1:0:0:2, 5:4:0:0:5, 7:6:0:0:8, 7:11:0:0:12, 6:11:0:0:15, 4:5:0:0:5, 4:4:0:0:5, 5:3:0:0:4, 3:0:0:0:2, 3:2:0:0:2, 3:3:0:0:6, 3:0:0:0:1, 4:2:0:0:4, 3:3:0:0:4, 3:3:0:0:6, 3:0:0:0:1, 4:2:0:0:4, 2:1:0:0:1, 3:1:1:0:3, 3:1:0:0:2, 6:4:0:0:6, 2:1:0:0:1, 3:3:0:0:4, 1:0:0:0:0, 4:2:0:0:5, 3:3:0:0:6, 3:1:0:0:3, 2:1:0:0:1, 5:2:0:0:4, 7:2:0:0:5, 5:1:0:0:4, 2:1:0:0:1, 3:2:0:0:4, 6:7:0:0:7, 6:7:0:0:9, 7:7:0:0:9, 6:10:0:0:12, 4:4:0:0:4, 6:3:1:0:5, 4:3:0:0:5, 1:0:0:0:0, 2:2:0:0:2, 3:2:0:0:4, 1:0:0:0:0, 4:3:0:0:5, 3:1:0:0:2, 3:2:0:0:4, 1:0:0:0:0, 5:2:0:0:7, 2:1:0:0:1, 2:1:0:0:4, 2:0:0:0:1, 5:3:0:0:6, 5:2:0:0:3, 2:3:0:0:4, 1:0:0:0:0, 4:2:0:0:4, 5:2:0:0:4, 5:1:2:0:4, 3:2:0:0:4, 4:5:0:0:7, 3:3:0:0:4, 2:1:0:0:2, 2:0:0:0:1, 2:1:0:0:2, 4:3:0:0:3, 4:5:0:0:8, 6:8:0:0:9, 6:8:0:0:11, 7:5:0:0:7, 5:4:1:0:5, 4:2:0:0:4, 2:0:0:0:0, 2:2:0:0:2, 3:2:0:0:3, 2:0:0:0:1, 6:3:0:0:7, 5:2:0:0:3, 2:1:0:0:2, 2:1:0:0:1, 4:2:0:0:4, 2:1:0:0:1, 2:1:0:0:3, 1:0:0:0:0, 4:2:0:0:4, 3:1:0:0:1, 2:1:0:0:3, 1:0:0:0:0, 4:2:0:0:4, 2:1:0:0:1, 3:1:0:0:4, 2:0:0:0:0, 4:4:0:0:7, 5:2:0:0:3, 2:3:0:0:4, 1:0:0:0:0, 2:2:0:0:3, 4:3:0:0:3, 5:8:0:0:9, 7:11:0:0:13, 6:8:0:0:10, 3:2:0:0:2, 3:4:0:0:4, 3:3:0:0:5, 4:0:0:0:1, 4:3:1:0:4, 2:1:0:0:3, 2:0:0:0:1, 4:3:0:0:5, 2:1:0:0:1, 2:2:0:0:3, 3:0:0:0:0, 5:4:0:0:8, 2:1:0:0:1, 3:2:0:0:4, 1:0:0:0:0, 4:2:0:0:5, 2:2:0:0:2, 2:1:0:0:4, 2:0:0:0:0, 4:2:0:0:5, 2:1:0:0:1, 2:1:0:0:2, 2:0:0:0:1, 4:2:0:0:4, 4:1:0:0:2, 2:2:0:0:3, 2:0:0:0:1, 2:2:0:0:3, 4:5:0:0:5, 6:5:1:0:8, 7:11:0:0:13, 7:12:0:0:15, 7:2:1:0:2, 2:4:0:0:4, 3:1:0:0:2, 2:0:0:0:1, 2:3:0:0:3, 2:3:0:0:4, 3:0:0:0:0, 5:3:0:0:7, 4:2:0:0:2, 2:1:0:0:3, 1:0:0:0:0, 5:3:0:0:7, 5:1:3:0:1, 3:2:0:0:6, 3:1:0:0:4, 5:4:0:0:9, 4:2:0:0:5, 2:2:0:0:4, 2:1:0:0:1, 4:2:0:0:4, 2:1:0:0:1, 3:3:0:0:4, 3:0:0:0:1, 4:5:0:0:9, 3:1:0:0:2, 2:3:0:0:4, 1:0:0:0:0, 2:2:0:0:3, 4:3:0:0:3, 5:5:0:0:6, 7:12:0:0:13, 7:10:0:0:13, 8:5:1:0:5, 3:5:0:0:5, 5:1:0:0:3, 1:0:0:0:0, 3:3:0:0:3, 2:1:0:0:2, 2:1:0:0:1, 4:2:0:0:4, 2:1:0:0:1, 2:1:0:0:2, 1:0:0:0:0, 4:2:0:0:4, 2:1:0:0:1, 3:2:0:0:4, 1:0:0:0:0, 4:2:0:0:5, 2:1:0:0:1, 2:1:0:0:3, 1:0:0:0:0, 4:2:0:0:4, 2:1:0:0:1, 3:2:0:0:4, 2:0:0:0:1, 4:2:0:0:5, 2:1:0:0:1, 3:2:0:0:4, 2:0:0:0:1, 2:1:0:0:3, 5:4:0:0:5, 4:4:0:0:5, 7:8:0:0:9, 5:6:0:0:8, 3:3:0:0:3, 2:3:0:0:3, 3:3:0:0:5, 1:0:0:0:0, 2:2:0:0:2, 2:1:0:0:3, 2:0:0:0:1, 4:4:0:0:9, 3:3:0:0:3, 3:3:1:0:5, 1:0:0:0:0, 4:2:0:0:7, 2:1:0:0:1, 3:2:0:0:3, 3:1:0:0:2, 4:2:0:0:5, 2:1:0:0:1, 3:1:0:0:3, 2:0:0:0:0, 4:2:0:0:5, 2:1:0:0:1, 2:2:0:0:3, 3:0:0:0:0, 4:4:0:0:9, 2:2:0:0:2, 3:3:1:0:5, 1:0:0:0:0, 2:2:0:0:3, 5:4:0:0:4, 5:5:0:0:6, 6:5:0:0:7, 5:7:0:0:9, 4:2:0:0:2, 2:3:0:0:3, 4:2:0:0:3, 2:1:0:0:1, 2:2:0:0:2, 2:2:0:0:3, 1:0:0:0:0, 5:3:0:0:5, 2:2:0:0:2, 3:1:0:0:2, 2:1:0:0:1, 5:3:0:0:5, 2:2:0:0:2, 3:1:1:0:3, 2:0:0:0:1, 4:2:0:0:4, 3:1:0:0:2, 2:1:0:0:2, 1:0:0:0:0, 4:2:0:0:4, 3:3:0:0:3, 2:1:0:0:3, 2:0:0:0:0, 4:2:0:0:5, 2:1:0:0:1, 3:3:0:0:4, 3:1:0:0:2, 2:3:0:0:5, 7:6:0:0:7, 5:5:0:0:9, 7:11:0:0:12, 8:10:0:0:14, 3:3:0:0:3, 5:4:0:0:4, 4:2:0:0:3, 2:2:0:0:2, 3:3:0:0:3, 3:1:2:0:4, 3:0:0:0:1, 4:5:0:0:9, 3:2:0:0:3, 2:1:0:0:3, 1:0:0:0:0, 5:4:0:0:7, 2:3:0:0:3, 3:2:0:0:4, 2:1:0:0:1, 4:2:0:0:4, 2:1:0:0:1, 3:2:0:0:3, 2:0:0:0:3, 5:2:0:0:5, 2:1:0:0:1, 2:2:0:0:3, 2:0:0:0:0, 4:2:0:0:5, 4:2:0:0:3, 2:3:0:0:4, 3:0:0:0:1, 2:2:0:0:3, 4:4:0:0:4, 5:4:0:0:6, 10:7:1:0:8, 6:9:0:0:12, 3:2:0:0:2, 3:5:1:0:5, 4:2:0:0:3, 2:1:0:0:1, 2:2:0:0:2, 2:1:0:0:3, 3:4:0:0:4, 4:2:0:0:4, 2:1:0:0:1, 2:2:0:0:3, 1:0:0:0:0, 4:1:0:0:4, 2:1:0:0:2, 0:0:0:0:0, 0:0:0:0:0, 0:0:0:0:0, 1050:756:19:0:1166
D major (2#), 0:0:0:0:0, 1:0:0:0:0, 1:0:0:0:0, 1:0:0:0:0, 1:0:0:0:0, 1:0:0:0:0, 1:0:0:0:0, 1:0:0:0:0, 1:0:0:0:0, 1:0:0:0:0, 1:0:0:0:0, 1:0:0:0:0, 1:0:0:0:0, 1:0:0:0:0, 1:0:0:0:0, 0:0:0:0:0, 1:0:0:0:1, 3:0:0:0:3, 3:0:0:0:3, 3:0:0:0:7, 4:2:0:0:0, 0:0:0:0:0, 1:0:0:0:0, 1:0:0:0:0, 2:0:0:0:0, 1:0:0:0:0, 1:0:0:0:0, 1:0:0:0:0, 1:0:0:0:0, 1:0:0:0:0, 1:0:0:0:0, 1:0:0:0:0, 1:0:0:0:0, 1:1:0:0:0, 2:0:0:0:0, 2:2:0:0:0, 2:0:0:0:1, 0:0:0:0:0, 2:0:0:0:0, 2:0:0:0:0, 1:0:0:0:0, 1:0:0:0:0, 1:0:0:0:0, 2:0:0:0:0, 5:1:0:0:3, 3:0:0:0:0, 2:2:0:0:0, 0:0:0:0:0, 3:1:0:0:4, 3:0:0:0:4, 3:0:0:0:2, 3:0:0:0:4, 4:4:0:0:0, 4:0:0:0:2, 0:0:0:0:0, 1:0:0:0:0, 2:0:0:0:0, 1:0:0:0:1, 1:0:0:0:0, 1:0:0:0:0, 1:0:0:0:0, 1:0:0:0:1, 1:0:0:0:0, 3:0:0:0:0, 1:0:0:0:0, 0:0:0:0:0, 1:0:0:0:0, 3:0:0:0:0, 3:0:0:0:0, 0:0:0:0:0, 1:0:0:0:0, 1:0:0:0:0, 3:1:0:0:0, 3:1:1:0:1, 1:0:0:0:0, 2:0:0:0:0, 1:0:0:0:0, 0:0:0:0:0, 3:0:0:0:1, 0:0:0:0:0, 1:0:0:0:1, 2:0:0:0:3, 2:0:0:0:1, 4:0:0:0:4, 7:2:0:0:1, 1:0:1:0:1, 0:0:0:0:0, 1:0:0:0:0, 2:0:0:0:0, 2:0:0:0:1, 1:0:0:0:0, 4:0:0:0:1, 3:0:0:0:0, 0:0:0:0:0, 1:0:0:0:0, 1:0:0:0:0, 1:0:0:0:0, 0:0:0:0:0, 1:0:0:0:0, 1:0:0:0:0, 2:1:0:0:0, 0:0:0:0:0, 1:0:0:0:0, 1:0:0:0:0, 1:0:0:0:0, 0:0:0:0:0, 1:0:0:0:0, 1:0:0:0:0, 3:0:0:0:0, 0:0:0:0:0, 1:0:0:0:0, 0:0:0:0:0, 1:0:0:0:1, 2:0:0:0:4, 3:0:0:0:4, 3:0:0:0:5, 3:2:0:0:0, 0:0:0:0:0, 0:0:0:0:0, 3:0:0:0:0, 4:1:0:0:0, 0:0:0:0:0, 1:0:0:0:0, 1:0:0:0:0, 1:0:0:0:0, 1:0:0:0:0, 4:0:0:0:2, 3:0:0:0:0, 1:0:0:0:0, 1:0:0:0:1, 1:0:0:0:0, 2:0:0:0:0, 2:0:0:0:1, 0:0:0:0:0, 2:0:0:0:0, 1:0:0:0:0, 1:0:0:0:0, 1:0:0:0:0, 3:0:0:0:1, 1:0:0:0:0, 2:0:0:0:0, 1:0:0:0:0, 2:0:0:0:1, 0:0:0:0:0, 1:0:0:0:2, 2:0:0:0:5, 3:0:0:0:2, 3:0:0:0:7, 7:3:0:0:0, 1:1:0:0:0, 0:0:0:0:0, 1:0:0:0:0, 4:2:0:0:0, 1:0:0:0:0, 4:0:0:0:2, 3:0:0:0:0, 3:1:0:0:0, 0:0:0:0:0, 1:0:0:0:0, 2:0:0:0:1, 4:0:0:0:2, 1:0:0:0:1, 2:0:0:0:1, 2:0:0:0:2, 2:0:0:0:1, 1:0:0:0:0, 1:0:0:0:0, 1:0:0:0:0, 1:0:0:0:0, 0:0:0:0:0, 2:0:0:0:1, 2:0:0:0:0, 3:0:0:0:0, 0:0:0:0:0, 1:0:0:0:0, 0:0:0:0:0, 1:0:0:0:1, 2:0:0:0:3, 3:0:0:0:4, 3:0:0:0:4, 8:4:1:0:2, 0:0:0:0:0, 2:0:0:0:1, 1:0:0:0:0, 3:0:0:0:0, 0:0:0:0:0, 1:0:0:0:0, 1:0:0:0:0, 1:0:0:0:0, 0:0:0:0:0, 1:0:0:0:0, 1:0:0:0:0, 1:0:0:0:0, 1:0:0:0:1, 1:0:0:0:0, 1:0:0:0:0, 1:0:0:0:0, 0:0:0:0:0, 1:0:0:0:0, 1:0:0:0:0, 1:0:0:0:0, 1:0:0:0:1, 1:0:0:0:0, 1:0:0:0:0, 1:0:0:0:0, 1:0:0:0:1, 1:0:0:0:0, 0:0:0:0:0, 1:0:0:0:2, 2:0:0:0:2, 3:0:0:0:2, 3:0:0:0:4, 3:3:0:0:0, 0:0:0:0:0, 0:0:0:0:0, 1:0:0:0:0, 2:0:0:0:0, 1:0:0:0:0, 1:0:0:0:0, 2:0:0:0:0, 2:1:0:0:0, 1:0:1:0:1, 1:0:0:0:0, 1:0:0:0:0, 1:0:0:0:0, 0:0:0:0:0, 1:0:0:0:0, 1:0:0:0:0, 1:0:0:0:0, 0:0:0:0:0, 2:0:0:0:1, 1:0:0:0:0, 1:0:0:0:0, 1:0:0:0:0, 4:0:0:0:2, 2:0:0:0:0, 1:0:0:0:0, 3:1:1:0:1, 1:0:0:0:0, 0:0:0:0:0, 2:0:0:0:1, 2:0:0:0:4, 2:0:0:0:1, 3:0:0:0:5, 4:3:0:0:0, 0:0:0:0:0, 0:0:0:0:0, 2:0:0:0:0, 2:0:0:0:0, 0:0:0:0:0, 1:0:0:0:0, 2:0:0:0:0, 1:0:0:0:0, 0:0:0:0:0, 1:0:0:0:0, 2:0:0:0:0, 1:0:0:0:0, 2:0:0:0:1, 1:0:0:0:0, 1:0:0:0:0, 1:0:0:0:0, 0:0:0:0:0, 1:0:0:0:0, 1:0:0:0:0, 2:2:0:0:0, 1:0:0:0:0, 2:3:0:0:3, 1:0:0:0:0, 1:0:0:0:0, 0:0:0:0:0, 1:0:0:0:0, 0:0:0:0:0, 3:0:0:0:3, 3:0:0:0:4, 3:0:0:0:4, 5:0:0:0:5, 3:3:0:0:0, 3:1:0:0:0, 2:0:0:0:0, 2:0:0:0:0, 3:0:0:0:0, 2:0:0:0:1, 3:0:0:0:1, 2:0:0:0:0, 1:0:0:0:0, 0:0:0:0:0, 1:0:0:0:0, 3:0:0:0:0, 2:0:1:0:1, 1:0:0:0:1, 2:0:0:0:0, 1:0:0:0:0, 1:0:0:0:0, 0:0:0:0:0, 1:0:0:0:0, 2:0:0:0:0, 1:0:0:0:0, 0:0:0:0:0, 1:0:0:0:0, 2:0:0:0:0, 2:0:0:0:0, 0:0:0:0:0, 1:0:0:0:0, 0:0:0:0:0, 1:0:0:0:1, 4:0:0:0:4, 6:0:1:0:3, 3:0:0:0:4, 3:3:0:0:0, 1:0:1:0:1, 0:0:0:0:0, 2:0:0:0:0, 2:0:0:0:0, 0:0:0:0:0, 3:0:0:0:1, 1:0:0:0:0, 1:0:0:0:0, 0:0:0:0:0, 1:0:0:0:0, 2:0:0:0:1, 1:0:0:0:0, 0:0:0:0:0, 0:0:0:0:0, 0:0:0:0:0, 490:52:8:0:181
G minor (2b), 2:0:0:0:0, 3:3:0:0:6, 3:0:0:0:1, 4:2:0:0:4, 3:3:0:0:4, 3:3:0:0:6, 3:0:0:0:1, 4:2:0:0:4, 2:2:0:0:2, 3:3:0:0:6, 3:0:0:0:1, 4:2:0:0:4, 3:3:0:0:4, 3:3:0:0:6, 3:0:0:0:1, 2:1:0:0:2, 5:4:0:0:5, 7:6:0:0:8, 7:11:0:0:12, 6:11:0:0:15, 4:5:0:0:5, 4:4:0:0:5, 5:3:0:0:4, 3:0:0:0:2, 3:2:0:0:2, 3:3:0:0:6, 3:0:0:0:1, 4:2:0:0:4, 3:3:0:0:4, 3:3:0:0:6, 3:0:0:0:1, 4:2:0:0:4, 2:1:0:0:1, 3:1:1:0:3, 3:1:0:0:2, 6:4:0:0:6, 2:1:0:0:1, 3:3:0:0:4, 1:0:0:0:0, 4:2:0:0:5, 3:3:0:0:6, 3:1:0:0:3, 2:1:0:0:1, 5:2:0:0:4, 7:2:0:0:5, 5:1:0:0:4, 2:1:0:0:1, 3:2:0:0:4, 6:7:0:0:7, 6:7:0:0:9, 7:7:0:0:9, 6:10:0:0:12, 4:4:0:0:4, 6:3:1:0:5, 4:3:0:0:5, 1:0:0:0:0, 2:2:0:0:2, 3:2:0:0:4, 1:0:0:0:0, 4:3:0:0:5, 3:1:0:0:2, 3:2:0:0:4, 1:0:0:0:0, 5:2:0:0:7, 2:1:0:0:1, 2:1:0:0:4, 2:0:0:0:1, 5:3:0:0:6, 5:2:0:0:3, 2:3:0:0:4, 1:0:0:0:0, 4:2:0:0:4, 5:2:0:0:4, 5:1:2:0:4, 3:2:0:0:4, 4:5:0:0:7, 3:3:0:0:4, 2:1:0:0:2, 2:0:0:0:1, 2:1:0:0:2, 4:3:0:0:3, 4:5:0:0:8, 6:8:0:0:9, 6:8:0:0:11, 7:5:0:0:7, 5:4:1:0:5, 4:2:0:0:4, 2:0:0:0:0, 2:2:0:0:2, 3:2:0:0:3, 2:0:0:0:1, 6:3:0:0:7, 5:2:0:0:3, 2:1:0:0:2, 2:1:0:0:1, 4:2:0:0:4, 2:1:0:0:1, 2:1:0:0:3, 1:0:0:0:0, 4:2:0:0:4, 3:1:0:0:1, 2:1:0:0:3, 1:0:0:0:0, 4:2:0:0:4, 2:1:0:0:1, 3:1:0:0:4, 2:0:0:0:0, 4:4:0:0:7, 5:2:0:0:3, 2:3:0:0:4, 1:0:0:0:0, 2:2:0:0:3, 4:3:0:0:3, 5:8:0:0:9, 7:11:0:0:13, 6:8:0:0:10, 3:2:0:0:2, 3:4:0:0:4, 3:3:0:0:5, 4:0:0:0:1, 4:3:1:0:4, 2:1:0:0:3, 2:0:0:0:1, 4:3:0:0:5, 2:1:0:0:1, 2:2:0:0:3, 3:0:0:0:0, 5:4:0:0:8, 2:1:0:0:1, 3:2:0:0:4, 1:0:0:0:0, 4:2:0:0:5, 2:2:0:0:2, 2:1:0:0:4, 2:0:0:0:0, 4:2:0:0:5, 2:1:0:0:1, 2:1:0:0:2, 2:0:0:0:1, 4:2:0:0:4, 4:1:0:0:2, 2:2:0:0:3, 2:0:0:0:1, 2:2:0:0:3, 4:5:0:0:5, 6:5:1:0:8, 7:11:0:0:13, 7:12:0:0:15, 7:2:1:0:2, 2:4:0:0:4, 3:1:0:0:2, 2:0:0:0:1, 2:3:0:0:3, 2:3:0:0:4, 3:0:0:0:0, 5:3:0:0:7, 4:2:0:0:2, 2:1:0:0:3, 1:0:0:0:0, 5:3:0:0:7, 5:1:3:0:1, 3:2:0:0:6, 3:1:0:0:4, 5:4:0:0:9, 4:2:0:0:5, 2:2:0:0:4, 2:1:0:0:1, 4:2:0:0:4, 2:1:0:0:1, 3:3:0:0:4, 3:0:0:0:1, 4:5:0:0:9, 3:1:0:0:2, 2:3:0:0:4, 1:0:0:0:0, 2:2:0:0:3, 4:3:0:0:3, 5:5:0:0:6, 7:12:0:0:13, 7:10:0:0:13, 8:5:1:0:5, 3:5:0:0:5, 5:1:0:0:3, 1:0:0:0:0, 3:3:0:0:3, 2:1:0:0:2, 2:1:0:0:1, 4:2:0:0:4, 2:1:0:0:1, 2:1:0:0:2, 1:0:0:0:0, 4:2:0:0:4, 2:1:0:0:1, 3:2:0:0:4, 1:0:0:0:0, 4:2:0:0:5, 2:1:0:0:1, 2:1:0:0:3, 1:0:0:0:0, 4:2:0:0:4, 2:1:0:0:1, 3:2:0:0:4, 2:0:0:0:1, 4:2:0:0:5, 2:1:0:0:1, 3:2:0:0:4, 2:0:0:0:1, 2:1:0:0:3, 5:4:0:0:5, 4:4:0:0:5, 7:8:0:0:9, 5:6:0:0:8, 3:3:0:0:3, 2:3:0:0:3, 3:3:0:0:5, 1:0:0:0:0, 2:2:0:0:2, 2:1:0:0:3, 2:0:0:0:1, 4:4:0:0:9, 3:3:0:0:3, 3:3:1:0:5, 1:0:0:0:0, 4:2:0:0:7, 2:1:0:0:1, 3:2:0:0:3, 3:1:0:0:2, 4:2:0:0:5, 2:1:0:0:1, 3:1:0:0:3, 2:0:0:0:0, 4:2:0:0:5, 2:1:0:0:1, 2:2:0:0:3, 3:0:0:0:0, 4:4:0:0:9, 2:2:0:0:2, 3:3:1:0:5, 1:0:0:0:0, 2:2:0:0:3, 5:4:0:0:4, 5:5:0:0:6, 6:5:0:0:7, 5:7:0:0:9, 4:2:0:0:2, 2:3:0:0:3, 4:2:0:0:3, 2:1:0:0:1, 2:2:0:0:2, 2:2:0:0:3, 1:0:0:0:0, 5:3:0:0:5, 2:2:0:0:2, 3:1:0:0:2, 2:1:0:0:1, 5:3:0:0:5, 2:2:0:0:2, 3:1:1:0:3, 2:0:0:0:1, 4:2:0:0:4, 3:1:0:0:2, 2:1:0:0:2, 1:0:0:0:0, 4:2:0:0:4, 3:3:0:0:3, 2:1:0:0:3, 2:0:0:0:0, 4:2:0:0:5, 2:1:0:0:1, 3:3:0:0:4, 3:1:0:0:2, 2:3:0:0:5, 7:6:0:0:7, 5:5:0:0:9, 7:11:0:0:12, 8:10:0:0:14, 3:3:0:0:3, 5:4:0:0:4, 4:2:0:0:3, 2:2:0:0:2, 3:3:0:0:3, 3:1:2:0:4, 3:0:0:0:1, 4:5:0:0:9, 3:2:0:0:3, 2:1:0:0:3, 1:0:0:0:0, 5:4:0:0:7, 2:3:0:0:3, 3:2:0:0:4, 2:1:0:0:1, 4:2:0:0:4, 2:1:0:0:1, 3:2:0:0:3, 2:0:0:0:3, 5:2:0:0:5, 2:1:0:0:1, 2:2:0:0:3, 2:0:0:0:0, 4:2:0:0:5, 4:2:0:0:3, 2:3:0:0:4, 3:0:0:0:1, 2:2:0:0:3, 4:4:0:0:4, 5:4:0:0:6, 10:7:1:0:8, 6:9:0:0:12, 3:2:0:0:2, 3:5:1:0:5, 4:2:0:0:3, 2:1:0:0:1, 2:2:0:0:2, 2:1:0:0:3, 3:4:0:0:4, 4:2:0:0:4, 2:1:0:0:1, 2:2:0:0:3, 1:0:0:0:0, 4:1:0:0:4, 2:1:0:0:2, 0:0:0:0:0, 0:0:0:0:0, 0:0:0:0:0, 1050:756:19:0:1166
B minor (2#), 0:0:0:0:0, 1:0:0:0:0, 1:0:0:0:0, 1:0:0:0:0, 1:0:0:0:0, 1:0:0:0:0, 1:0:0:0:0, 1:0:0:0:0, 1:0:0:0:0, 1:0:0:0:0, 1:0:0:0:0, 1:0:0:0:0, 1:0:0:0:0, 1:0:0:0:0, 1:0:0:0:0, 0:0:0:0:0, 1:0:0:0:1, 3:0:0:0:3, 3:0:0:0:3, 3:0:0:0:7, 4:2:0:0:0, 0:0:0:0:0, 1:0:0:0:0, 1:0:0:0:0, 2:0:0:0:0, 1:0:0:0:0, 1:0:0:0:0, 1:0:0:0:0, 1:0:0:0:0, 1:0:0:0:0, 1:0:0:0:0, 1:0:0:0:0, 1:0:0:0:0, 1:1:0:0:0, 2:0:0:0:0, 2:2:0:0:0, 2:0:0:0:1, 0:0:0:0:0, 2:0:0:0:0, 2:0:0:0:0, 1:0:0:0:0, 1:0:0:0:0, 1:0:0:0:0, 2:0:0:0:0, 5:1:0:0:3, 3:0:0:0:0, 2:2:0:0:0, 0:0:0:0:0, 3:1:0:0:4, 3:0:0:0:4, 3:0:0:0:2, 3:0:0:0:4, 4:4:0:0:0, 4:0:0:0:2, 0:0:0:0:0, 1:0:0:0:0, 2:0:0:0:0, 1:0:0:0:1, 1:0:0:0:0, 1:0:0:0:0, 1:0:0:0:0, 1:0:0:0:1, 1:0:0:0:0, 3:0:0:0:0, 1:0:0:0:0, 0:0:0:0:0, 1:0:0:0:0, 3:0:0:0:0, 3:0:0:0:0, 0:0:0:0:0, 1:0:0:0:0, 1:0:0:0:0, 3:1:0:0:0, 3:1:1:0:1, 1:0:0:0:0, 2:0:0:0:0, 1:0:0:0:0, 0:0:0:0:0, 3:0:0:0:1, 0:0:0:0:0, 1:0:0:0:1, 2:0:0:0:3, 2:0:0:0:1, 4:0:0:0:4, 7:2:0:0:1, 1:0:1:0:1, 0:0:0:0:0, 1:0:0:0:0, 2:0:0:0:0, 2:0:0:0:1, 1:0:0:0:0, 4:0:0:0:1, 3:0:0:0:0, 0:0:0:0:0, 1:0:0:0:0, 1:0:0:0:0, 1:0:0:0:0, 0:0:0:0:0, 1:0:0:0:0, 1:0:0:0:0, 2:1:0:0:0, 0:0:0:0:0, 1:0:0:0:0, 1:0:0:0:0, 1:0:0:0:0, 0:0:0:0:0, 1:0:0:0:0, 1:0:0:0:0, 3:0:0:0:0, 0:0:0:0:0, 1:0:0:0:0, 0:0:0:0:0, 1:0:0:0:1, 2:0:0:0:4, 3:0:0:0:4, 3:0:0:0:5, 3:2:0:0:0, 0:0:0:0:0, 0:0:0:0:0, 3:0:0:0:0, 4:1:0:0:0, 0:0:0:0:0, 1:0:0:0:0, 1:0:0:0:0, 1:0:0:0:0, 1:0:0:0:0, 4:0:0:0:2, 3:0:0:0:0, 1:0:0:0:0, 1:0:0:0:1, 1:0:0:0:0, 2:0:0:0:0, 2:0:0:0:1, 0:0:0:0:0, 2:0:0:0:0, 1:0:0:0:0, 1:0:0:0:0, 1:0:0:0:0, 3:0:0:0:1, 1:0:0:0:0, 2:0:0:0:0, 1:0:0:0:0, 2:0:0:0:1, 0:0:0:0:0, 1:0:0:0:2, 2:0:0:0:5, 3:0:0:0:2, 3:0:0:0:7, 7:3:0:0:0, 1:1:0:0:0, 0:0:0:0:0, 1:0:0:0:0, 4:2:0:0:0, 1:0:0:0:0, 4:0:0:0:2, 3:0:0:0:0, 3:1:0:0:0, 0:0:0:0:0, 1:0:0:0:0, 2:0:0:0:1, 4:0:0:0:2, 1:0:0:0:1, 2:0:0:0:1, 2:0:0:0:2, 2:0:0:0:1, 1:0:0:0:0, 1:0:0:0:0, 1:0:0:0:0, 1:0:0:0:0, 0:0:0:0:0, 2:0:0:0:1, 2:0:0:0:0, 3:0:0:0:0, 0:0:0:0:0, 1:0:0:0:0, 0:0:0:0:0, 1:0:0:0:1, 2:0:0:0:3, 3:0:0:0:4, 3:0:0:0:4, 8:4:1:0:2, 0:0:0:0:0, 2:0:0:0:1, 1:0:0:0:0, 3:0:0:0:0, 0:0:0:0:0, 1:0:0:0:0, 1:0:0:0:0, 1:0:0:0:0, 0:0:0:0:0, 1:0:0:0:0, 1:0:0:0:0, 1:0:0:0:0, 1:0:0:0:1, 1:0:0:0:0, 1:0:0:0:0, 1:0:0:0:0, 0:0:0:0:0, 1:0:0:0:0, 1:0:0:0:0, 1:0:0:0:0, 1:0:0:0:1, 1:0:0:0:0, 1:0:0:0:0, 1:0:0:0:0, 1:0:0:0:1, 1:0:0:0:0, 0:0:0:0:0, 1:0:0:0:2, 2:0:0:0:2, 3:0:0:0:2, 3:0:0:0:4, 3:3:0:0:0, 0:0:0:0:0, 0:0:0:0:0, 1:0:0:0:0, 2:0:0:0:0, 1:0:0:0:0, 1:0:0:0:0, 2:0:0:0:0, 2:1:0:0:0, 1:0:1:0:1, 1:0:0:0:0, 1:0:0:0:0, 1:0:0:0:0, 0:0:0:0:0, 1:0:0:0:0, 1:0:0:0:0, 1:0:0:0:0, 0:0:0:0:0, 2:0:0:0:1, 1:0:0:0:0, 1:0:0:0:0, 1:0:0:0:0, 4:0:0:0:2, 2:0:0:0:0, 1:0:0:0:0, 3:1:1:0:1, 1:0:0:0:0, 0:0:0:0:0, 2:0:0:0:1, 2:0:0:0:4, 2:0:0:0:1, 3:0:0:0:5, 4:3:0:0:0, 0:0:0:0:0, 0:0:0:0:0, 2:0:0:0:0, 2:0:0:0:0, 0:0:0:0:0, 1:0:0:0:0, 2:0:0:0:0, 1:0:0:0:0, 0:0:0:0:0, 1:0:0:0:0, 2:0:0:0:0, 1:0:0:0:0, 2:0:0:0:1, 1:0:0:0:0, 1:0:0:0:0, 1:0:0:0:0, 0:0:0:0:0, 1:0:0:0:0, 1:0:0:0:0, 2:2:0:0:0, 1:0:0:0:0, 2:3:0:0:3, 1:0:0:0:0, 1:0:0:0:0, 0:0:0:0:0, 1:0:0:0:0, 0:0:0:0:0, 3:0:0:0:3, 3:0:0:0:4, 3:0:0:0:4, 5:0:0:0:5, 3:3:0:0:0, 3:1:0:0:0, 2:0:0:0:0, 2:0:0:0:0, 3:0:0:0:0, 2:0:0:0:1, 3:0:0:0:1, 2:0:0:0:0, 1:0:0:0:0, 0:0:0:0:0, 1:0:0:0:0, 3:0:0:0:0, 2:0:1:0:1, 1:0:0:0:1, 2:0:0:0:0, 1:0:0:0:0, 1:0:0:0:0, 0:0:0:0:0, 1:0:0:0:0, 2:0:0:0:0, 1:0:0:0:0, 0:0:0:0:0, 1:0:0:0:0, 2:0:0:0:0, 2:0:0:0:0, 0:0:0:0:0, 1:0:0:0:0, 0:0:0:0:0, 1:0:0:0:1, 4:0:0:0:4, 6:0:1:0:3, 3:0:0:0:4, 3:3:0:0:0, 1:0:1:0:1, 0:0:0:0:0, 2:0:0:0:0, 2:0:0:0:0, 0:0:0:0:0, 3:0:0:0:1, 1:0:0:0:0, 1:0:0:0:0, 0:0:0:0:0, 1:0:0:0:0, 2:0:0:0:1, 1:0:0:0:0, 0:0:0:0:0, 0:0:0:0:0, 0:0:0:0:0, 490:52:8:0:181
Eb major (3b), 2:0:0:0:1, 4:3:0:0:9, 4:0:0:0:4, 4:2:0:0:6, 4:3:0:0:7, 4:3:0:0:9, 4:0:0:0:4, 4:2:0:0:5, 3:2:0:0:4, 4:3:0:0:9, 4:0:0:0:4, 4:2:0:0:6, 4:3:0:0:7, 4:3:0:0:9, 4:0:0:0:4, 2:1:0:0:2, 5:4:0:0:7, 7:6:0:0:9, 7:11:0:0:16, 6:11:0:0:15, 5:5:0:0:7, 5:4:0:0:6, 6:3:0:0:7, 4:0:0:0:3, 4:2:0:0:3, 4:3:0:0:9, 4:0:0:0:4, 4:2:0:0:6, 4:3:0:0:7, 4:3:0:0:9, 4:0:0:0:4, 4:2:0:0:5, 3:1:0:0:2, 3:1:1:0:2, 4:1:0:0:4, 7:4:0:0:8, 3:1:0:0:2, 3:3:0:0:4, 2:0:0:0:1, 4:2:0:0:6, 4:3:0:0:9, 3:1:0:0:4, 3:1:0:0:5, 6:2:0:0:5, 8:2:0:0:7, 6:1:0:0:6, 3:1:0:0:4, 4:2:0:0:4, 5:7:0:0:9, 6:7:0:0:10, 7:7:0:0:13, 6:10:0:0:12, 5:4:0:0:6, 7:3:1:0:4, 5:3:0:0:7, 2:0:0:0:1, 3:2:0:0:2, 3:2:0:0:4, 2:0:0:0:2, 5:3:0:0:6, 4:1:0:0:4, 3:2:0:0:4, 2:0:0:0:1, 6:2:0:0:8, 3:1:0:0:2, 2:1:0:0:4, 3:0:0:0:3, 6:3:0:0:9, 6:2:0:0:4, 3:3:0:0:4, 2:0:0:0:2, 4:2:0:0:5, 6:2:0:0:5, 5:1:2:0:2, 4:2:0:0:5, 5:5:0:0:9, 4:3:0:0:5, 2:1:0:0:2, 3:0:0:0:2, 2:1:0:0:2, 4:3:0:0:4, 4:5:0:0:8, 6:7:0:0:11, 6:8:0:0:11, 6:5:0:0:10, 6:4:1:0:6, 5:2:0:0:6, 3:0:0:0:1, 3:2:0:0:2, 4:2:0:0:3, 3:0:0:0:2, 7:3:0:0:9, 6:2:0:0:4, 2:1:0:0:2, 3:1:0:0:3, 4:2:0:0:5, 3:1:0:0:2, 2:1:0:0:3, 2:0:0:0:1, 5:2:0:0:5, 4:1:0:0:2, 2:1:0:0:3, 2:0:0:0:1, 4:2:0:0:5, 3:1:0:0:2, 4:1:0:0:5, 3:0:0:0:3, 5:4:0:0:8, 6:2:0:0:5, 3:3:0:0:4, 2:0:0:0:1, 3:2:0:0:3, 4:3:0:0:4, 5:8:0:0:11, 7:10:0:0:14, 6:8:0:0:10, 4:2:0:0:4, 4:4:0:0:5, 4:3:0:0:8, 5:0:0:0:4, 5:3:1:0:3, 2:1:0:0:3, 3:0:0:0:3, 5:3:0:0:6, 3:1:0:0:2, 3:2:0:0:3, 4:0:0:0:2, 6:4:0:0:9, 3:1:0:0:2, 3:2:0:0:4, 2:0:0:0:1, 5:2:0:0:7, 3:2:0:0:4, 2:1:0:0:4, 3:0:0:0:2, 4:2:0:0:6, 3:1:0:0:2, 2:1:0:0:2, 3:0:0:0:2, 5:2:0:0:5, 5:1:0:0:3, 3:2:0:0:3, 3:0:0:0:2, 3:2:0:0:3, 4:5:0:0:6, 6:5:1:0:7, 7:11:0:0:16, 7:11:1:0:14, 6:2:1:0:5, 3:4:0:0:4, 4:1:0:0:4, 3:0:0:0:4, 3:3:0:0:3, 3:3:0:0:4, 4:0:0:0:2, 6:3:0:0:10, 5:2:0:0:3, 2:1:0:0:3, 2:0:0:0:1, 5:3:0:0:8, 6:1:3:0:2, 3:2:0:0:6, 4:1:0:0:5, 6:4:0:0:10, 5:2:0:0:6, 3:2:0:0:4, 3:1:0:0:3, 4:2:0:0:6, 3:1:0:0:2, 4:3:0:0:5, 4:0:0:0:3, 5:5:0:0:10, 4:1:0:0:4, 3:3:0:0:4, 2:0:0:0:1, 3:2:0:0:3, 4:3:0:0:4, 5:4:1:0:5, 7:12:0:0:16, 7:10:0:0:15, 7:5:1:0:7, 4:5:0:0:7, 5:2:0:0:6, 2:0:0:0:1, 4:3:0:0:3, 2:1:0:0:2, 3:1:0:0:2, 5:2:0:0:6, 3:1:0:0:2, 2:1:0:0:2, 2:0:0:0:1, 4:2:0:0:5, 3:1:0:0:2, 3:2:0:0:4, 2:0:0:0:1, 5:2:0:0:6, 3:1:0:0:2, 3:1:0:0:3, 2:0:0:0:2, 4:2:0:0:5, 3:1:0:0:2, 3:2:0:0:4, 3:0:0:0:2, 5:2:0:0:6, 3:1:0:0:2, 3:2:0:0:4, 3:0:0:0:3, 2:1:0:0:3, 5:4:0:0:6, 4:4:0:0:5, 7:6:0:0:10, 5:6:0:0:8, 4:3:0:0:5, 3:3:0:0:3, 4:3:0:0:8, 2:0:0:0:1, 3:2:0:0:2, 3:1:0:0:3, 3:0:0:0:3, 5:4:0:0:10, 4:3:0:0:5, 4:3:1:0:5, 2:0:0:0:1, 5:2:0:0:8, 3:1:0:0:2, 3:2:0:0:4, 4:1:0:0:5, 5:2:0:0:6, 3:1:0:0:2, 3:1:0:0:4, 3:0:0:0:2, 4:2:0:0:6, 3:1:0:0:3, 3:2:0:0:3, 4:0:0:0:2, 5:4:0:0:10, 3:2:0:0:5, 4:3:1:0:5, 2:0:0:0:1, 3:2:0:0:3, 5:4:0:0:5, 5:5:0:0:6, 6:5:0:0:10, 5:7:0:0:9, 5:2:0:0:5, 3:3:0:0:3, 5:2:0:0:6, 3:1:0:0:3, 3:2:0:0:2, 3:2:0:0:3, 2:0:0:0:2, 6:3:0:0:7, 3:2:0:0:3, 3:1:0:0:3, 3:1:0:0:3, 6:3:0:0:7, 3:2:0:0:3, 4:1:1:0:2, 3:0:0:0:2, 5:2:0:0:7, 4:1:0:0:3, 3:1:0:0:2, 2:0:0:0:1, 4:2:0:0:5, 4:3:0:0:4, 3:1:0:0:3, 3:0:0:0:2, 5:2:0:0:6, 3:1:0:0:2, 4:3:0:0:5, 4:1:0:0:4, 3:3:0:0:5, 7:6:0:0:9, 5:5:0:0:9, 7:11:0:0:16, 8:10:0:0:14, 4:3:0:0:6, 6:4:0:0:5, 5:2:0:0:7, 3:2:0:0:4, 4:3:0:0:3, 4:1:2:0:2, 4:0:0:0:2, 5:5:0:0:11, 4:2:0:0:5, 2:1:0:0:3, 2:0:0:0:1, 6:4:0:0:10, 3:3:0:0:5, 3:2:0:0:4, 3:1:0:0:3, 5:2:0:0:5, 3:1:0:0:2, 3:2:0:0:4, 3:0:0:0:4, 5:2:0:0:6, 3:1:0:0:2, 3:2:0:0:3, 3:0:0:0:2, 5:2:0:0:7, 5:2:0:0:4, 3:3:0:0:4, 4:0:0:0:2, 3:2:0:0:3, 4:4:0:0:6, 5:4:0:0:6, 10:7:1:0:11, 6:9:0:0:12, 4:2:0:0:5, 4:5:1:0:5, 5:2:0:0:7, 3:1:0:0:3, 3:2:0:0:2, 2:1:0:0:3, 4:4:0:0:6, 5:2:0:0:5, 3:1:0:0:2, 2:2:0:0:3, 2:0:0:0:3, 4:2:0:0:5, 3:1:0:0:2, 1:0:0:0:0, 1:0:0:0:0, 1:0:0:0:0, 1274:752:21:0:1556
A major (3#), 0:0:0:0:0, 2:0:0:0:0, 2:0:0:0:0, 2:0:0:0:0, 2:0:0:0:0, 2:0:0:0:0, 2:0:0:0:0, 2:0:0:0:0, 2:0:0:0:0, 2:0:0:0:0, 2:0:0:0:0, 2:0:0:0:0, 2:0:0:0:0, 2:0:0:0:0, 2:0:0:0:0, 1:0:0:0:0, 2:0:0:0:1, 2:0:0:0:2, 2:0:0:0:1, 2:0:0:0:3, 5:2:0:0:0, 0:0:0:0:0, 2:0:0:0:0, 2:0:0:0:0, 1:0:0:0:0, 2:0:0:0:0, 2:0:0:0:0, 2:0:0:0:0, 2:0:0:0:0, 2:0:0:0:0, 2:0:0:0:0, 2:0:0:0:0, 2:0:0:0:0, 2:1:0:0:1, 3:0:0:0:0, 1:2:0:0:2, 3:0:0:0:1, 1:0:0:0:0, 3:0:0:0:0, 3:0:0:0:0, 2:0:0:0:0, 2:0:0:0:0, 2:0:0:0:0, 1:0:0:0:0, 6:1:0:0:3, 4:0:0:0:0, 3:2:0:0:0, 1:0:0:0:0, 3:0:0:0:2, 2:0:0:0:2, 2:0:0:0:1, 2:0:0:0:2, 5:4:0:0:0, 5:0:0:0:1, 1:0:0:0:0, 2:0:0:0:0, 1:0:0:0:0, 2:0:0:0:1, 2:0:0:0:0, 0:0:0:0:0, 2:0:0:0:0, 2:0:0:0:1, 2:0:0:0:0, 4:0:0:0:0, 2:0:0:0:0, 1:0:0:0:0, 2:0:0:0:0, 2:0:0:0:0, 4:0:0:0:0, 1:0:0:0:0, 2:0:0:0:0, 2:0:0:0:0, 4:1:0:0:1, 4:1:1:0:2, 2:0:0:0:0, 1:0:0:0:0, 2:0:0:0:0, 1:0:0:0:0, 4:0:0:0:1, 1:0:0:0:0, 2:0:0:0:1, 2:0:0:0:2, 1:0:0:0:1, 3:0:0:0:1, 8:2:0:0:0, 1:0:1:0:1, 1:0:0:0:0, 2:0:0:0:0, 1:0:0:0:0, 3:0:0:0:1, 2:0:0:0:0, 3:0:0:0:0, 4:0:0:0:0, 1:0:0:0:0, 2:0:0:0:0, 2:0:0:0:0, 2:0:0:0:0, 1:0:0:0:0, 2:0:0:0:0, 0:0:0:0:0, 3:1:0:0:1, 1:0:0:0:0, 2:0:0:0:0, 2:0:0:0:0, 2:0:0:0:0, 1:0:0:0:0, 2:0:0:0:0, 0:0:0:0:0, 4:0:0:0:0, 1:0:0:0:0, 2:0:0:0:0, 1:0:0:0:0, 2:0:0:0:1, 2:0:0:0:1, 2:0:0:0:3, 2:0:0:0:2, 4:2:0:0:0, 0:0:0:0:0, 1:0:0:0:0, 4:0:0:0:0, 3:1:0:0:1, 1:0:0:0:0, 2:0:0:0:0, 0:0:0:0:0, 2:0:0:0:0, 2:0:0:0:0, 5:0:0:0:1, 4:0:0:0:0, 2:0:0:0:0, 2:0:0:0:1, 2:0:0:0:0, 1:0:0:0:0, 3:0:0:0:1, 1:0:0:0:0, 3:0:0:0:0, 2:0:0:0:0, 2:0:0:0:0, 2:0:0:0:0, 4:0:0:0:1, 0:0:0:0:0, 3:0:0:0:0, 2:0:0:0:0, 3:0:0:0:1, 1:0:0:0:0, 2:0:0:0:2, 2:0:0:0:3, 2:0:0:0:1, 2:0:0:0:4, 8:3:0:0:0, 2:1:0:0:0, 1:0:0:0:0, 2:0:0:0:0, 3:2:0:0:1, 2:0:0:0:0, 5:0:0:0:1, 2:0:0:0:0, 4:1:0:0:1, 1:0:0:0:0, 2:0:0:0:0, 3:0:0:0:1, 5:0:0:0:2, 2:0:0:0:1, 3:0:0:0:1, 1:0:0:0:2, 3:0:0:0:1, 2:0:0:0:0, 2:0:0:0:0, 2:0:0:0:0, 2:0:0:0:0, 1:0:0:0:0, 3:0:0:0:0, 1:0:0:0:0, 4:0:0:0:0, 1:0:0:0:0, 2:0:0:0:0, 1:0:0:0:0, 2:0:0:0:1, 2:0:0:0:1, 2:0:0:0:3, 2:0:0:0:1, 9:4:1:0:1, 1:0:0:0:0, 3:0:0:0:1, 2:0:0:0:0, 2:0:0:0:0, 1:0:0:0:0, 2:0:0:0:0, 0:0:0:0:0, 2:0:0:0:0, 1:0:0:0:0, 2:0:0:0:0, 2:0:0:0:0, 2:0:0:0:0, 2:0:0:0:1, 2:0:0:0:0, 2:0:0:0:0, 2:0:0:0:0, 1:0:0:0:0, 2:0:0:0:0, 2:0:0:0:0, 2:0:0:0:0, 2:0:0:0:1, 2:0:0:0:0, 2:0:0:0:0, 2:0:0:0:0, 2:0:0:0:1, 2:0:0:0:0, 1:0:0:0:0, 2:0:0:0:2, 2:0:0:0:1, 2:0:0:0:1, 2:0:0:0:1, 4:3:0:0:0, 0:0:0:0:0, 1:0:0:0:0, 2:0:0:0:0, 1:0:0:0:0, 2:0:0:0:0, 2:0:0:0:0, 1:0:0:0:0, 3:1:0:0:1, 2:0:1:0:1, 2:0:0:0:0, 2:0:0:0:0, 2:0:0:0:0, 1:0:0:0:0, 2:0:0:0:0, 0:0:0:0:0, 2:0:0:0:0, 1:0:0:0:0, 3:0:0:0:1, 2:0:0:0:0, 2:0:0:0:0, 2:0:0:0:0, 5:0:0:0:1, 1:0:0:0:0, 2:0:0:0:0, 4:1:1:0:2, 2:0:0:0:0, 1:0:0:0:0, 3:0:0:0:1, 2:0:0:0:3, 1:0:0:0:1, 2:0:0:0:1, 5:3:0:0:0, 0:0:0:0:0, 1:0:0:0:0, 3:0:0:0:0, 1:0:0:0:0, 1:0:0:0:0, 2:0:0:0:0, 1:0:0:0:0, 2:0:0:0:0, 1:0:0:0:0, 2:0:0:0:0, 3:0:0:0:0, 2:0:0:0:0, 3:0:0:0:0, 2:0:0:0:0, 0:0:0:0:0, 2:0:0:0:0, 1:0:0:0:0, 2:0:0:0:0, 2:0:0:0:0, 3:2:0:0:2, 2:0:0:0:0, 3:3:0:0:3, 0:0:0:0:0, 2:0:0:0:0, 1:0:0:0:0, 2:0:0:0:0, 1:0:0:0:0, 4:0:0:0:2, 3:0:0:0:3, 2:0:0:0:2, 4:0:0:0:3, 4:3:0:0:0, 2:1:0:0:0, 3:0:0:0:0, 3:0:0:0:0, 2:0:0:0:0, 3:0:0:0:0, 4:0:0:0:1, 1:0:0:0:0, 2:0:0:0:0, 1:0:0:0:0, 2:0:0:0:0, 4:0:0:0:0, 3:0:1:0:1, 2:0:0:0:1, 3:0:0:0:0, 0:0:0:0:0, 2:0:0:0:0, 1:0:0:0:0, 2:0:0:0:0, 3:0:0:0:0, 2:0:0:0:0, 1:0:0:0:0, 2:0:0:0:0, 1:0:0:0:0, 3:0:0:0:0, 1:0:0:0:0, 2:0:0:0:0, 1:0:0:0:0, 2:0:0:0:1, 4:0:0:0:2, 5:0:1:0:2, 2:0:0:0:2, 4:3:0:0:0, 1:0:1:0:1, 1:0:0:0:0, 3:0:0:0:0, 1:0:0:0:0, 1:0:0:0:0, 4:0:0:0:0, 0:0:0:0:0, 2:0:0:0:0, 1:0:0:0:0, 2:0:0:0:0, 3:0:0:0:1, 2:0:0:0:0, 0:0:0:0:0, 0:0:0:0:0, 0:0:0:0:0, 679:51:8:0:125
C minor (3b), 2:0:0:0:1, 4:3:0:0:9, 4:0:0:0:4, 4:2:0:0:6, 4:3:0:0:7, 4:3:0:0:9, 4:0:0:0:4, 4:2:0:0:5, 3:2:0:0:4, 4:3:0:0:9, 4:0:0:0:4, 4:2:0:0:6, 4:3:0:0:7, 4:3:0:0:9, 4:0:0:0:4, 2:1:0:0:2, 5:4:0:0:7, 7:6:0:0:9, 7:11:0:0:16, 6:11:0:0:15, 5:5:0:0:7, 5:4:0:0:6, 6:3:0:0:7, 4:0:0:0:3, 4:2:0:0:3, 4:3:0:0:9, 4:0:0:0:4, 4:2:0:0:6, 4:3:0:0:7, 4:3:0:0:9, 4:0:0:0:4, 4:2:0:0:5, 3:1:0:0:2, 3:1:1:0:2, 4:1:0:0:4, 7:4:0:0:8, 3:1:0:0:2, 3:3:0:0:4, 2:0:0:0:1, 4:2:0:0:6, 4:3:0:0:9, 3:1:0:0:4, 3:1:0:0:5, 6:2:0:0:5, 8:2:0:0:7, 6:1:0:0:6, 3:1:0:0:4, 4:2:0:0:4, 5:7:0:0:9, 6:7:0:0:10, 7:7:0:0:13, 6:10:0:0:12, 5:4:0:0:6, 7:3:1:0:4, 5:3:0:0:7, 2:0:0:0:1, 3:2:0:0:2, 3:2:0:0:4, 2:0:0:0:2, 5:3:0:0:6, 4:1:0:0:4, 3:2:0:0:4, 2:0:0:0:1, 6:2:0:0:8, 3:1:0:0:2, 2:1:0:0:4, 3:0:0:0:3, 6:3:0:0:9, 6:2:0:0:4, 3:3:0:0:4, 2:0:0:0:2, 4:2:0:0:5, 6:2:0:0:5, 5:1:2:0:2, 4:2:0:0:5, 5:5:0:0:9, 4:3:0:0:5, 2:1:0:0:2, 3:0:0:0:2, 2:1:0:0:2, 4:3:0:0:4, 4:5:0:0:8, 6:7:0:0:11, 6:8:0:0:11, 6:5:0:0:10, 6:4:1:0:6, 5:2:0:0:6, 3:0:0:0:1, 3:2:0:0:2, 4:2:0:0:3, 3:0:0:0:2, 7:3:0:0:9, 6:2:0:0:4, 2:1:0:0:2, 3:1:0:0:3, 4:2:0:0:5, 3:1:0:0:2, 2:1:0:0:3, 2:0:0:0:1, 5:2:0:0:5, 4:1:0:0:2, 2:1:0:0:3, 2:0:0:0:1, 4:2:0:0:5, 3:1:0:0:2, 4:1:0:0:5, 3:0:0:0:3, 5:4:0:0:8, 6:2:0:0:5, 3:3:0:0:4, 2:0:0:0:1, 3:2:0:0:3, 4:3:0:0:4, 5:8:0:0:11, 7:10:0:0:14, 6:8:0:0:10, 4:2:0:0:4, 4:4:0:0:5, 4:3:0:0:8, 5:0:0:0:4, 5:3:1:0:3, 2:1:0:0:3, 3:0:0:0:3, 5:3:0:0:6, 3:1:0:0:2, 3:2:0:0:3, 4:0:0:0:2, 6:4:0:0:9, 3:1:0:0:2, 3:2:0:0:4, 2:0:0:0:1, 5:2:0:0:7, 3:2:0:0:4, 2:1:0:0:4, 3:0:0:0:2, 4:2:0:0:6, 3:1:0:0:2, 2:1:0:0:2, 3:0:0:0:2, 5:2:0:0:5, 5:1:0:0:3, 3:2:0:0:3, 3:0:0:0:2, 3:2:0:0:3, 4:5:0:0:6, 6:5:1:0:7, 7:11:0:0:16, 7:11:1:0:14, 6:2:1:0:5, 3:4:0:0:4, 4:1:0:0:4, 3:0:0:0:4, 3:3:0:0:3, 3:3:0:0:4, 4:0:0:0:2, 6:3:0:0:10, 5:2:0:0:3, 2:1:0:0:3, 2:0:0:0:1, 5:3:0:0:8, 6:1:3:0:2, 3:2:0:0:6, 4:1:0:0:5, 6:4:0:0:10, 5:2:0:0:6, 3:2:0:0:4, 3:1:0:0:3, 4:2:0:0:6, 3:1:0:0:2, 4:3:0:0:5, 4:0:0:0:3, 5:5:0:0:10, 4:1:0:0:4, 3:3:0:0:4, 2:0:0:0:1, 3:2:0:0:3, 4:3:0:0:4, 5:4:1:0:5, 7:12:0:0:16, 7:10:0:0:15, 7:5:1:0:7, 4:5:0:0:7, 5:2:0:0:6, 2:0:0:0:1, 4:3:0:0:3, 2:1:0:0:2, 3:1:0:0:2, 5:2:0:0:6, 3:1:0:0:2, 2:1:0:0:2, 2:0:0:0:1, 4:2:0:0:5, 3:1:0:0:2, 3:2:0:0:4, 2:0:0:0:1, 5:2:0:0:6, 3:1:0:0:2, 3:1:0:0:3, 2:0:0:0:2, 4:2:0:0:5, 3:1:0:0:2, 3:2:0:0:4, 3:0:0:0:2, 5:2:0:0:6, 3:1:0:0:2, 3:2:0:0:4, 3:0:0:0:3, 2:1:0:0:3, 5:4:0:0:6, 4:4:0:0:5, 7:6:0:0:10, 5:6:0:0:8, 4:3:0:0:5, 3:3:0:0:3, 4:3:0:0:8, 2:0:0:0:1, 3:2:0:0:2, 3:1:0:0:3, 3:0:0:0:3, 5:4:0:0:10, 4:3:0:0:5, 4:3:1:0:5, 2:0:0:0:1, 5:2:0:0:8, 3:1:0:0:2, 3:2:0:0:4, 4:1:0:0:5, 5:2:0:0:6, 3:1:0:0:2, 3:1:0:0:4, 3:0:0:0:2, 4:2:0:0:6, 3:1:0:0:3, 3:2:0:0:3, 4:0:0:0:2, 5:4:0:0:10, 3:2:0:0:5, 4:3:1:0:5, 2:0:0:0:1, 3:2:0:0:3, 5:4:0:0:5, 5:5:0:0:6, 6:5:0:0:10, 5:7:0:0:9, 5:2:0:0:5, 3:3:0:0:3, 5:2:0:0:6, 3:1:0:0:3, 3:2:0:0:2, 3:2:0:0:3, 2:0:0:0:2, 6:3:0:0:7, 3:2:0:0:3, 3:1:0:0:3, 3:1:0:0:3, 6:3:0:0:7, 3:2:0:0:3, 4:1:1:0:2, 3:0:0:0:2, 5:2:0:0:7, 4:1:0:0:3, 3:1:0:0:2, 2:0:0:0:1, 4:2:0:0:5, 4:3:0:0:4, 3:1:0:0:3, 3:0:0:0:2, 5:2:0:0:6, 3:1:0:0:2, 4:3:0:0:5, 4:1:0:0:4, 3:3:0:0:5, 7:6:0:0:9, 5:5:0:0:9, 7:11:0:0:16, 8:10:0:0:14, 4:3:0:0:6, 6:4:0:0:5, 5:2:0:0:7, 3:2:0:0:4, 4:3:0:0:3, 4:1:2:0:2, 4:0:0:0:2, 5:5:0:0:11, 4:2:0:0:5, 2:1:0:0:3, 2:0:0:0:1, 6:4:0:0:10, 3:3:0:0:5, 3:2:0:0:4, 3:1:0:0:3, 5:2:0:0:5, 3:1:0:0:2, 3:2:0:0:4, 3:0:0:0:4, 5:2:0:0:6, 3:1:0:0:2, 3:2:0:0:3, 3:0:0:0:2, 5:2:0:0:7, 5:2:0:0:4, 3:3:0:0:4, 4:0:0:0:2, 3:2:0:0:3, 4:4:0:0:6, 5:4:0:0:6, 10:7:1:0:11, 6:9:0:0:12, 4:2:0:0:5, 4:5:1:0:5, 5:2:0:0:7, 3:1:0:0:3, 3:2:0:0:2, 2:1:0:0:3, 4:4:0:0:6, 5:2:0:0:5, 3:1:0:0:2, 2:2:0:0:3, 2:0:0:0:3, 4:2:0:0:5, 3:1:0:0:2, 1:0:0:0:0, 1:0:0:0:0, 1:0:0:0:0, 1274:752:21:0:1556
F# minor (3#), 0:0:0:0:0, 2:0:0:0:0, 2:0:0:0:0, 2:0:0:0:0, 2:0:0:0:0, 2:0:0:0:0, 2:0:0:0:0, 2:0:0:0:0, 2:0:0:0:0, 2:0:0:0:0, 2:0:0:0:0, 2:0:0:0:0, 2:0:0:0:0, 2:0:0:0:0, 2:0:0:0:0, 1:0:0:0:0, 2:0:0:0:1, 2:0:0:0:2, 2:0:0:0:1, 2:0:0:0:3, 5:2:0:0:0, 0:0:0:0:0, 2:0:0:0:0, 2:0:0:0:0, 1:0:0:0:0, 2:0:0:0:0, 2:0:0:0:0, 2:0:0:0:0, 2:0:0:0:0, 2:0:0:0:0, 2:0:0:0:0, 2:0:0:0:0, 2:0:0:0:0, 2:1:0:0:1, 3:0:0:0:0, 1:2:0:0:2, 3:0:0:0:1, 1:0:0:0:0, 3:0:0:0:0, 3:0:0:0:0, 2:0:0:0:0, 2:0:0:0:0, 2:0:0:0:0, 1:0:0:0:0, 6:1:0:0:3, 4:0:0:0:0, 3:2:0:0:0, 1:0:0:0:0, 3:0:0:0:2, 2:0:0:0:2, 2:0:0:0:1, 2:0:0:0:2, 5:4:0:0:0, 5:0:0:0:1, 1:0:0:0:0, 2:0:0:0:0, 1:0:0:0:0, 2:0:0:0:1, 2:0:0:0:0, 0:0:0:0:0, 2:0:0:0:0, 2:0:0:0:1, 2:0:0:0:0, 4:0:0:0:0, 2:0:0:0:0, 1:0:0:0:0, 2:0:0:0:0, 2:0:0:0:0, 4:0:0:0:0, 1:0:0:0:0, 2:0:0:0:0, 2:0:0:0:0, 4:1:0:0:1, 4:1:1:0:2, 2:0:0:0:0, 1:0:0:0:0, 2:0:0:0:0, 1:0:0:0:0, 4:0:0:0:1, 1:0:0:0:0, 2:0:0:0:1, 2:0:0:0:2, 1:0:0:0:1, 3:0:0:0:1, 8:2:0:0:0, 1:0:1:0:1, 1:0:0:0:0, 2:0:0:0:0, 1:0:0:0:0, 3:0:0:0:1, 2:0:0:0:0, 3:0:0:0:0, 4:0:0:0:0, 1:0:0:0:0, 2:0:0:0:0, 2:0:0:0:0, 2:0:0:0:0, 1:0:0:0:0, 2:0:0:0:0, 0:0:0:0:0, 3:1:0:0:1, 1:0:0:0:0, 2:0:0:0:0, 2:0:0:0:0, 2:0:0:0:0, 1:0:0:0:0, 2:0:0:0:0, 0:0:0:0:0, 4:0:0:0:0, 1:0:0:0:0, 2:0:0:0:0, 1:0:0:0:0, 2:0:0:0:1, 2:0:0:0:1, 2:0:0:0:3, 2:0:0:0:2, 4:2:0:0:0, 0:0:0:0:0, 1:0:0:0:0, 4:0:0:0:0, 3:1:0:0:1, 1:0:0:0:0, 2:0:0:0:0, 0:0:0:0:0, 2:0:0:0:0, 2:0:0:0:0, 5:0:0:0:1, 4:0:0:0:0, 2:0:0:0:0, 2:0:0:0:1, 2:0:0:0:0, 1:0:0:0:0, 3:0:0:0:1, 1:0:0:0:0, 3:0:0:0:0, 2:0:0:0:0, 2:0:0:0:0, 2:0:0:0:0, 4:0:0:0:1, 0:0:0:0:0, 3:0:0:0:0, 2:0:0:0:0, 3:0:0:0:1, 1:0:0:0:0, 2:0:0:0:2, 2:0:0:0:3, 2:0:0:0:1, 2:0:0:0:4, 8:3:0:0:0, 2:1:0:0:0, 1:0:0:0:0, 2:0:0:0:0, 3:2:0:0:1, 2:0:0:0:0, 5:0:0:0:1, 2:0:0:0:0, 4:1:0:0:1, 1:0:0:0:0, 2:0:0:0:0, 3:0:0:0:1, 5:0:0:0:2, 2:0:0:0:1, 3:0:0:0:1, 1:0:0:0:2, 3:0:0:0:1, 2:0:0:0:0, 2:0:0:0:0, 2:0:0:0:0, 2:0:0:0:0, 1:0:0:0:0, 3:0:0:0:0, 1:0:0:0:0, 4:0:0:0:0, 1:0:0:0:0, 2:0:0:0:0, 1:0:0:0:0, 2:0:0:0:1, 2:0:0:0:1, 2:0:0:0:3, 2:0:0:0:1, 9:4:1:0:1, 1:0:0:0:0, 3:0:0:0:1, 2:0:0:0:0, 2:0:0:0:0, 1:0:0:0:0, 2:0:0:0:0, 0:0:0:0:0, 2:0:0:0:0, 1:0:0:0:0, 2:0:0:0:0, 2:0:0:0:0, 2:0:0:0:0, 2:0:0:0:1, 2:0:0:0:0, 2:0:0:0:0, 2:0:0:0:0, 1:0:0:0:0, 2:0:0:0:0, 2:0:0:0:0, 2:0:0:0:0, 2:0:0:0:1, 2:0:0:0:0, 2:0:0:0:0, 2:0:0:0:0, 2:0:0:0:1, 2:0:0:0:0, 1:0:0:0:0, 2:0:0:0:2, 2:0:0:0:1, 2:0:0:0:1, 2:0:0:0:1, 4:3:0:0:0, 0:0:0:0:0, 1:0:0:0:0, 2:0:0:0:0, 1:0:0:0:0, 2:0:0:0:0, 2:0:0:0:0, 1:0:0:0:0, 3:1:0:0:1, 2:0:1:0:1, 2:0:0:0:0, 2:0:0:0:0, 2:0:0:0:0, 1:0:0:0:0, 2:0:0:0:0, 0:0:0:0:0, 2:0:0:0:0, 1:0:0:0:0, 3:0:0:0:1, 2:0:0:0:0, 2:0:0:0:0, 2:0:0:0:0, 5:0:0:0:1, 1:0:0:0:0, 2:0:0:0:0, 4:1:1:0:2, 2:0:0:0:0, 1:0:0:0:0, 3:0:0:0:1, 2:0:0:0:3, 1:0:0:0:1, 2:0:0:0:1, 5:3:0:0:0, 0:0:0:0:0, 1:0:0:0:0, 3:0:0:0:0, 1:0:0:0:0, 1:0:0:0:0, 2:0:0:0:0, 1:0:0:0:0, 2:0:0:0:0, 1:0:0:0:0, 2:0:0:0:0, 3:0:0:0:0, 2:0:0:0:0, 3:0:0:0:0, 2:0:0:0:0, 0:0:0:0:0, 2:0:0:0:0, 1:0:0:0:0, 2:0:0:0:0, 2:0:0:0:0, 3:2:0:0:2, 2:0:0:0:0, 3:3:0:0:3, 0:0:0:0:0, 2:0:0:0:0, 1:0:0:0:0, 2:0:0:0:0, 1:0:0:0:0, 4:0:0:0:2, 3:0:0:0:3, 2:0:0:0:2, 4:0:0:0:3, 4:3:0:0:0, 2:1:0:0:0, 3:0:0:0:0, 3:0:0:0:0, 2:0:0:0:0, 3:0:0:0:0, 4:0:0:0:1, 1:0:0:0:0, 2:0:0:0:0, 1:0:0:0:0, 2:0:0:0:0, 4:0:0:0:0, 3:0:1:0:1, 2:0:0:0:1, 3:0:0:0:0, 0:0:0:0:0, 2:0:0:0:0, 1:0:0:0:0, 2:0:0:0:0, 3:0:0:0:0, 2:0:0:0:0, 1:0:0:0:0, 2:0:0:0:0, 1:0:0:0:0, 3:0:0:0:0, 1:0:0:0:0, 2:0:0:0:0, 1:0:0:0:0, 2:0:0:0:1, 4:0:0:0:2, 5:0:1:0:2, 2:0:0:0:2, 4:3:0:0:0, 1:0:1:0:1, 1:0:0:0:0, 3:0:0:0:0, 1:0:0:0:0, 1:0:0:0:0, 4:0:0:0:0, 0:0:0:0:0, 2:0:0:0:0, 1:0:0:0:0, 2:0:0:0:0, 3:0:0:0:1, 2:0:0:0:0, 0:0:0:0:0, 0:0:0:0:0, 0:0:0:0:0, 679:51:8:0:125
Ab major (4b), 3:0:0:0:1, 5:3:0:0:12, 5:0:0:0:6, 5:2:0:0:6, 5:3:0:0:10, 5:3:0:0:12, 5:0:0:0:6, 5:2:0:0:5, 4:2:0:0:6, 5:3:0:0:12, 5:0:0:0:6, 5:2:0:0:6, 5:3:0:0:10, 5:3:0:0:12, 5:0:0:0:6, 3:1:0:0:2, 5:4:0:0:7, 7:6:0:0:9, 7:10:0:0:15, 6:11:0:0:15, 5:5:0:0:10, 6:4:0:0:8, 7:3:0:0:10, 5:0:0:0:6, 5:2:0:0:4, 5:3:0:0:12, 5:0:0:0:6, 5:2:0:0:6, 5:3:0:0:10, 5:3:0:0:12, 5:0:0:0:6, 5:2:0:0:5, 4:1:0:0:4, 4:1:1:0:2, 4:0:0:0:5, 8:4:0:0:10, 4:1:0:0:4, 4:3:0:0:4, 3:0:0:0:2, 5:2:0:0:6, 5:3:0:0:13, 4:1:0:0:4, 4:1:0:0:7, 7:2:0:0:7, 9:2:0:0:9, 7:1:0:0:9, 4:1:0:0:8, 5:2:0:0:6, 5:6:0:0:8, 6:7:0:0:10, 7:6:0:0:12, 6:10:0:0:12, 5:4:0:0:10, 8:3:1:0:7, 6:3:0:0:10, 3:0:0:0:2, 4:2:0:0:3, 4:2:0:0:4, 2:0:0:0:4, 6:3:0:0:8, 5:1:0:0:6, 4:2:0:0:4, 2:0:0:0:2, 7:2:0:0:9, 4:1:0:0:4, 3:1:0:0:4, 4:0:0:0:4, 7:3:0:0:11, 7:2:0:0:8, 4:3:0:0:6, 2:0:0:0:3, 5:2:0:0:5, 7:2:0:0:8, 6:1:2:0:2, 4:2:0:0:8, 6:5:0:0:11, 5:3:0:0:9, 3:1:0:0:2, 3:0:0:0:4, 3:1:0:0:2, 4:3:0:0:4, 4:5:0:0:8, 6:7:0:0:11, 6:8:0:0:12, 6:5:0:0:12, 7:4:1:0:7, 6:2:0:0:8, 4:0:0:0:3, 4:2:0:0:3, 5:2:0:0:4, 4:0:0:0:3, 8:3:0:0:11, 7:2:0:0:8, 3:1:0:0:2, 3:1:0:0:5, 5:2:0:0:5, 4:1:0:0:4, 3:1:0:0:3, 2:0:0:0:2, 6:2:0:0:6, 5:1:0:0:4, 3:1:0:0:3, 2:0:0:0:2, 5:2:0:0:5, 4:1:0:0:4, 5:1:0:0:7, 4:0:0:0:4, 6:4:0:0:10, 7:2:0:0:8, 4:3:0:0:5, 2:0:0:0:2, 4:2:0:0:4, 4:3:0:0:4, 5:8:0:0:11, 7:8:0:0:12, 6:8:0:0:10, 4:2:0:0:5, 5:4:0:0:6, 5:3:0:0:10, 5:0:0:0:7, 6:3:1:0:5, 3:1:0:0:3, 3:0:0:0:6, 6:3:0:0:7, 4:1:0:0:4, 4:2:0:0:5, 4:1:0:0:6, 7:4:0:0:11, 4:1:0:0:4, 4:2:0:0:4, 2:0:0:0:3, 6:2:0:0:9, 4:2:0:0:8, 3:1:0:0:4, 2:0:0:0:3, 5:2:0:0:6, 4:1:0:0:4, 3:1:0:0:2, 4:0:0:0:5, 6:2:0:0:6, 6:1:0:0:5, 4:2:0:0:6, 4:0:0:0:3, 4:2:0:0:4, 5:5:0:0:6, 6:5:1:0:7, 7:10:0:0:15, 7:11:1:0:14, 5:2:1:0:7, 4:4:0:0:6, 5:1:0:0:5, 4:0:0:0:6, 4:3:0:0:6, 4:3:0:0:6, 4:1:0:0:5, 7:3:0:0:12, 6:2:0:0:6, 3:1:0:0:3, 2:0:0:0:2, 6:3:0:0:8, 7:1:3:0:4, 4:2:0:0:6, 4:1:0:0:6, 7:4:0:0:11, 6:2:0:0:8, 4:2:0:0:6, 3:1:0:0:5, 5:2:0:0:6, 4:1:0:0:4, 5:3:0:0:6, 4:0:0:0:5, 6:5:0:0:12, 5:1:0:0:8, 4:3:0:0:5, 2:0:0:0:2, 4:2:0:0:4, 4:3:0:0:4, 5:4:1:0:5, 7:12:0:0:16, 7:10:0:0:15, 7:5:1:0:9, 5:5:0:0:9, 6:2:0:0:8, 2:0:0:0:2, 5:3:0:0:7, 3:1:0:0:2, 3:1:0:0:4, 6:2:0:0:7, 4:1:0:0:4, 3:1:0:0:2, 2:0:0:0:2, 5:2:0:0:5, 4:1:0:0:4, 4:2:0:0:4, 2:0:0:0:2, 6:2:0:0:7, 4:1:0:0:4, 4:1:0:0:4, 2:0:0:0:3, 5:2:0:0:5, 4:1:0:0:4, 4:2:0:0:4, 3:0:0:0:3, 6:2:0:0:7, 4:1:0:0:4, 4:2:0:0:4, 3:0:0:0:4, 3:1:0:0:3, 5:3:0:0:5, 4:4:0:0:5, 7:6:0:0:10, 5:6:0:0:8, 4:3:0:0:7, 4:3:0:0:4, 5:3:0:0:10, 3:0:0:0:3, 4:2:0:0:3, 4:1:0:0:4, 4:0:0:0:4, 6:4:0:0:13, 5:3:0:0:8, 5:3:1:0:8, 2:0:0:0:2, 6:2:0:0:9, 4:1:0:0:4, 4:2:0:0:4, 4:1:0:0:7, 6:2:0:0:7, 4:1:0:0:4, 4:1:0:0:4, 4:0:0:0:5, 5:2:0:0:6, 4:1:0:0:5, 4:2:0:0:5, 4:1:0:0:6, 6:4:0:0:13, 4:2:0:0:9, 5:3:1:0:6, 2:0:0:0:2, 4:2:0:0:4, 6:4:0:0:6, 5:5:0:0:6, 7:5:0:0:10, 5:7:0:0:9, 5:2:0:0:6, 4:3:0:0:6, 6:2:0:0:7, 3:0:0:0:4, 4:2:0:0:3, 4:2:0:0:4, 3:0:0:0:3, 7:3:0:0:9, 4:2:0:0:6, 4:1:0:0:3, 3:1:0:0:5, 7:3:0:0:8, 4:2:0:0:6, 5:1:1:0:3, 4:0:0:0:3, 6:2:0:0:8, 5:1:0:0:5, 4:1:0:0:3, 2:0:0:0:2, 5:2:0:0:5, 5:3:0:0:8, 4:1:0:0:4, 2:0:0:0:3, 6:2:0:0:7, 4:1:0:0:4, 5:3:0:0:6, 5:1:0:0:7, 4:3:0:0:6, 7:4:1:0:6, 5:5:0:0:9, 7:11:0:0:16, 8:10:0:0:15, 4:2:0:0:7, 7:4:0:0:7, 6:2:0:0:8, 4:1:0:0:5, 5:3:0:0:4, 5:1:2:0:4, 5:0:0:0:5, 6:5:0:0:14, 5:2:0:0:8, 3:1:0:0:3, 2:0:0:0:2, 7:4:0:0:11, 4:3:0:0:8, 4:2:0:0:4, 3:0:0:0:3, 6:2:0:0:6, 4:1:0:0:4, 4:2:0:0:4, 4:0:0:0:5, 6:2:0:0:6, 4:1:0:0:4, 4:2:0:0:4, 4:0:0:0:3, 6:2:0:0:8, 6:2:0:0:8, 4:3:0:0:5, 5:0:0:0:3, 4:2:0:0:5, 4:4:0:0:6, 5:4:0:0:6, 10:6:1:0:10, 6:9:0:0:12, 4:2:0:0:7, 5:5:1:0:7, 6:2:0:0:8, 3:0:0:0:4, 4:2:0:0:3, 3:1:0:0:3, 5:1:0:0:4, 6:2:0:0:7, 4:1:0:0:4, 3:2:0:0:3, 3:0:0:0:4, 5:2:0:0:7, 4:1:0:0:3, 1:0:0:0:1, 1:0:0:0:1, 1:0:0:0:1, 1506:736:22:0:1981
E major (4#), 1:0:0:0:0, 3:0:0:0:0, 3:0:0:0:0, 3:0:0:0:0, 3:0:0:0:0, 3:0:0:0:0, 3:0:0:0:0, 3:0:0:0:0, 3:0:0:0:0, 3:0:0:0:0, 3:0:0:0:0, 3:0:0:0:0, 3:0:0:0:0, 3:0:0:0:0, 3:0:0:0:0, 2:0:0:0:0, 2:0:0:0:0, 1:0:0:0:0, 1:0:0:0:0, 1:0:0:0:0, 5:2:0:0:2, 1:0:0:0:0, 3:0:0:0:0, 3:0:0:0:0, 2:0:0:0:0, 3:0:0:0:0, 3:0:0:0:0, 3:0:0:0:0, 3:0:0:0:0, 3:0:0:0:0, 3:0:0:0:0, 3:0:0:0:0, 3:0:0:0:0, 3:1:0:0:1, 4:0:0:0:0, 2:2:0:0:2, 4:0:0:0:0, 2:0:0:0:0, 4:0:0:0:0, 4:0:0:0:0, 3:0:0:0:0, 3:0:0:0:0, 3:0:0:0:0, 2:0:0:0:0, 7:1:0:0:1, 5:0:0:0:0, 4:2:0:0:2, 2:0:0:0:0, 2:0:0:0:0, 1:0:0:0:0, 1:0:0:0:0, 1:0:0:0:0, 5:4:0:0:4, 6:0:0:0:0, 2:0:0:0:0, 3:0:0:0:0, 2:0:0:0:0, 3:0:0:0:0, 2:0:0:0:0, 1:0:0:0:0, 3:0:0:0:0, 3:0:0:0:0, 2:0:0:0:0, 5:0:0:0:0, 3:0:0:0:0, 2:0:0:0:0, 3:0:0:0:0, 3:0:0:0:0, 5:0:0:0:0, 2:0:0:0:0, 2:0:0:0:0, 3:0:0:0:0, 4:0:0:0:0, 5:1:1:0:2, 2:0:0:0:0, 2:0:0:0:0, 3:0:0:0:0, 2:0:0:0:0, 4:0:0:0:0, 2:0:0:0:0, 2:0:0:0:0, 1:0:0:0:0, 1:0:0:0:0, 2:0:0:0:0, 7:2:0:0:2, 2:0:1:0:1, 2:0:0:0:0, 3:0:0:0:0, 2:0:0:0:0, 4:0:0:0:0, 3:0:0:0:0, 4:0:0:0:0, 5:0:0:0:0, 2:0:0:0:0, 2:0:0:0:0, 3:0:0:0:0, 3:0:0:0:0, 2:0:0:0:0, 2:0:0:0:0, 1:0:0:0:0, 3:0:0:0:0, 2:0:0:0:0, 2:0:0:0:0, 3:0:0:0:0, 3:0:0:0:0, 2:0:0:0:0, 3:0:0:0:0, 1:0:0:0:0, 5:0:0:0:0, 2:0:0:0:0, 2:0:0:0:0, 2:0:0:0:0, 2:0:0:0:0, 1:0:0:0:0, 1:0:0:0:0, 1:0:0:0:0, 4:2:0:0:2, 1:0:0:0:0, 2:0:0:0:0, 4:0:0:0:0, 4:1:0:0:1, 2:0:0:0:0, 2:0:0:0:0, 1:0:0:0:0, 3:0:0:0:0, 3:0:0:0:0, 4:0:0:0:0, 5:0:0:0:0, 3:0:0:0:0, 3:0:0:0:0, 2:0:0:0:0, 2:0:0:0:0, 4:0:0:0:0, 2:0:0:0:0, 3:0:0:0:0, 3:0:0:0:0, 3:0:0:0:0, 3:0:0:0:0, 5:0:0:0:0, 1:0:0:0:0, 4:0:0:0:0, 3:0:0:0:0, 4:0:0:0:0, 2:0:0:0:0, 3:0:0:0:0, 1:0:0:0:0, 1:0:0:0:0, 1:0:0:0:0, 8:3:0:0:3, 3:1:0:0:1, 2:0:0:0:0, 3:0:0:0:0, 4:2:0:0:2, 3:0:0:0:0, 4:0:0:0:0, 3:0:0:0:0, 5:1:0:0:1, 2:0:0:0:0, 2:0:0:0:0, 4:0:0:0:0, 6:0:0:0:0, 3:0:0:0:0, 3:0:0:0:0, 2:0:0:0:0, 4:0:0:0:0, 3:0:0:0:0, 2:0:0:0:0, 3:0:0:0:0, 3:0:0:0:0, 2:0:0:0:0, 2:0:0:0:0, 2:0:0:0:0, 5:0:0:0:0, 2:0:0:0:0, 2:0:0:0:0, 2:0:0:0:0, 2:0:0:0:0, 1:0:0:0:0, 1:0:0:0:0, 1:0:0:0:0, 8:4:1:0:4, 2:0:0:0:0, 4:0:0:0:0, 2:0:0:0:0, 3:0:0:0:0, 2:0:0:0:0, 2:0:0:0:0, 1:0:0:0:0, 3:0:0:0:0, 2:0:0:0:0, 2:0:0:0:0, 3:0:0:0:0, 3:0:0:0:0, 3:0:0:0:0, 2:0:0:0:0, 3:0:0:0:0, 3:0:0:0:0, 2:0:0:0:0, 2:0:0:0:0, 3:0:0:0:0, 3:0:0:0:0, 3:0:0:0:0, 2:0:0:0:0, 3:0:0:0:0, 3:0:0:0:0, 3:0:0:0:0, 2:0:0:0:0, 2:0:0:0:0, 2:0:0:0:0, 1:0:0:0:0, 1:0:0:0:0, 1:0:0:0:0, 4:3:0:0:3, 1:0:0:0:0, 2:0:0:0:0, 3:0:0:0:0, 2:0:0:0:0, 3:0:0:0:0, 3:0:0:0:0, 2:0:0:0:0, 4:1:0:0:1, 3:0:1:0:1, 2:0:0:0:0, 3:0:0:0:0, 3:0:0:0:0, 2:0:0:0:0, 2:0:0:0:0, 1:0:0:0:0, 3:0:0:0:0, 2:0:0:0:0, 4:0:0:0:0, 3:0:0:0:0, 3:0:0:0:0, 3:0:0:0:0, 4:0:0:0:0, 2:0:0:0:0, 3:0:0:0:0, 5:1:1:0:2, 2:0:0:0:0, 2:0:0:0:0, 4:0:0:0:0, 1:0:0:0:0, 2:0:0:0:0, 1:0:0:0:0, 5:3:0:0:3, 1:0:0:0:0, 2:0:0:0:0, 4:0:0:0:0, 2:0:0:0:0, 2:0:0:0:0, 3:0:0:0:0, 2:0:0:0:0, 3:0:0:0:0, 2:0:0:0:0, 2:0:0:0:0, 4:0:0:0:0, 3:0:0:0:0, 4:0:0:0:0, 3:0:0:0:0, 1:0:0:0:0, 3:0:0:0:0, 2:0:0:0:0, 2:0:0:0:0, 3:0:0:0:0, 4:0:0:0:0, 3:0:0:0:0, 3:3:0:0:3, 1:0:0:0:0, 3:0:0:0:0, 2:0:0:0:0, 3:0:0:0:0, 2:0:0:0:0, 3:0:0:0:0, 2:0:0:0:0, 1:0:0:0:0, 3:0:0:0:0, 4:3:0:0:3, 3:1:0:0:1, 4:0:0:0:0, 4:0:0:0:0, 3:0:0:0:0, 4:0:0:0:0, 5:0:0:0:0, 2:0:0:0:0, 3:0:0:0:0, 2:0:0:0:0, 2:0:0:0:0, 5:0:0:0:0, 4:0:1:0:1, 3:0:0:0:0, 4:0:0:0:0, 1:0:0:0:0, 3:0:0:0:0, 2:0:0:0:0, 3:0:0:0:0, 4:0:0:0:0, 3:0:0:0:0, 2:0:0:0:0, 3:0:0:0:0, 2:0:0:0:0, 4:0:0:0:0, 2:0:0:0:0, 3:0:0:0:0, 2:0:0:0:0, 2:0:0:0:0, 3:0:0:0:0, 4:0:1:0:1, 1:0:0:0:0, 4:3:0:0:3, 2:0:1:0:1, 2:0:0:0:0, 4:0:0:0:0, 2:0:0:0:0, 2:0:0:0:0, 5:0:0:0:0, 1:0:0:0:0, 3:0:0:0:0, 2:0:0:0:0, 3:0:0:0:0, 4:0:0:0:0, 3:0:0:0:0, 0:0:0:0:0, 0:0:0:0:0, 0:0:0:0:0, 880:47:8:0:54
F minor (4b), 3:0:0:0:1, 5:3:0:0:12, 5:0:0:0:6, 5:2:0:0:6, 5:3:0:0:10, 5:3:0:0:12, 5:0:0:0:6, 5:2:0:0:5, 4:2:0:0:6, 5:3:0:0:12, 5:0:0:0:6, 5:2:0:0:6, 5:3:0:0:10, 5:3:0:0:12, 5:0:0:0:6, 3:1:0:0:2, 5:4:0:0:7, 7:6:0:0:9, 7:10:0:0:15, 6:11:0:0:15, 5:5:0:0:10, 6:4:0:0:8, 7:3:0:0:10, 5:0:0:0:6, 5:2:0:0:4, 5:3:0:0:12, 5:0:0:0:6, 5:2:0:0:6, 5:3:0:0:10, 5:3:0:0:12, 5:0:0:0:6, 5:2:0:0:5, 4:1:0:0:4, 4:1:1:0:2, 4:0:0:0:5, 8:4:0:0:10, 4:1:0:0:4, 4:3:0:0:4, 3:0:0:0:2, 5:2:0:0:6, 5:3:0:0:13, 4:1:0:0:4, 4:1:0:0:7, 7:2:0:0:7, 9:2:0:0:9, 7:1:0:0:9, 4:1:0:0:8, 5:2:0:0:6, 5:6:0:0:8, 6:7:0:0:10, 7:6:0:0:12, 6:10:0:0:12, 5:4:0:0:10, 8:3:1:0:7, 6:3:0:0:10, 3:0:0:0:2, 4:2:0:0:3, 4:2:0:0:4, 2:0:0:0:4, 6:3:0:0:8, 5:1:0:0:6, 4:2:0:0:4, 2:0:0:0:2, 7:2:0:0:9, 4:1:0:0:4, 3:1:0:0:4, 4:0:0:0:4, 7:3:0:0:11, 7:2:0:0:8, 4:3:0:0:6, 2:0:0:0:3, 5:2:0:0:5, 7:2:0:0:8, 6:1:2:0:2, 4:2:0:0:8, 6:5:0:0:11, 5:3:0:0:9, 3:1:0:0:2, 3:0:0:0:4, 3:1:0:0:2, 4:3:0:0:4, 4:5:0:0:8, 6:7:0:0:11, 6:8:0:0:12, 6:5:0:0:12, 7:4:1:0:7, 6:2:0:0:8, 4:0:0:0:3, 4:2:0:0:3, 5:2:0:0:4, 4:0:0:0:3, 8:3:0:0:11, 7:2:0:0:8, 3:1:0:0:2, 3:1:0:0:5, 5:2:0:0:5, 4:1:0:0:4, 3:1:0:0:3, 2:0:0:0:2, 6:2:0:0:6, 5:1:0:0:4, 3:1:0:0:3, 2:0:0:0:2, 5:2:0:0:5, 4:1:0:0:4, 5:1:0:0:7, 4:0:0:0:4, 6:4:0:0:10, 7:2:0:0:8, 4:3:0:0:5, 2:0:0:0:2, 4:2:0:0:4, 4:3:0:0:4, 5:8:0:0:11, 7:8:0:0:12, 6:8:0:0:10, 4:2:0:0:5, 5:4:0:0:6, 5:3:0:0:10, 5:0:0:0:7, 6:3:1:0:5, 3:1:0:0:3, 3:0:0:0:6, 6:3:0:0:7, 4:1:0:0:4, 4:2:0:0:5, 4:1:0:0:6, 7:4:0:0:11, 4:1:0:0:4, 4:2:0:0:4, 2:0:0:0:3, 6:2:0:0:9, 4:2:0:0:8, 3:1:0:0:4, 2:0:0:0:3, 5:2:0:0:6, 4:1:0:0:4, 3:1:0:0:2, 4:0:0:0:5, 6:2:0:0:6, 6:1:0:0:5, 4:2:0:0:6, 4:0:0:0:3, 4:2:0:0:4, 5:5:0:0:6, 6:5:1:0:7, 7:10:0:0:15, 7:11:1:0:14, 5:2:1:0:7, 4:4:0:0:6, 5:1:0:0:5, 4:0:0:0:6, 4:3:0:0:6, 4:3:0:0:6, 4:1:0:0:5, 7:3:0:0:12, 6:2:0:0:6, 3:1:0:0:3, 2:0:0:0:2, 6:3:0:0:8, 7:1:3:0:4, 4:2:0:0:6, 4:1:0:0:6, 7:4:0:0:11, 6:2:0:0:8, 4:2:0:0:6, 3:1:0:0:5, 5:2:0:0:6, 4:1:0:0:4, 5:3:0:0:6, 4:0:0:0:5, 6:5:0:0:12, 5:1:0:0:8, 4:3:0:0:5, 2:0:0:0:2, 4:2:0:0:4, 4:3:0:0:4, 5:4:1:0:5, 7:12:0:0:16, 7:10:0:0:15, 7:5:1:0:9, 5:5:0:0:9, 6:2:0:0:8, 2:0:0:0:2, 5:3:0:0:7, 3:1:0:0:2, 3:1:0:0:4, 6:2:0:0:7, 4:1:0:0:4, 3:1:0:0:2, 2:0:0:0:2, 5:2:0:0:5, 4:1:0:0:4, 4:2:0:0:4, 2:0:0:0:2, 6:2:0:0:7, 4:1:0:0:4, 4:1:0:0:4, 2:0:0:0:3, 5:2:0:0:5, 4:1:0:0:4, 4:2:0:0:4, 3:0:0:0:3, 6:2:0:0:7, 4:1:0:0:4, 4:2:0:0:4, 3:0:0:0:4, 3:1:0:0:3, 5:3:0:0:5, 4:4:0:0:5, 7:6:0:0:10, 5:6:0:0:8, 4:3:0:0:7, 4:3:0:0:4, 5:3:0:0:10, 3:0:0:0:3, 4:2:0:0:3, 4:1:0:0:4, 4:0:0:0:4, 6:4:0:0:13, 5:3:0:0:8, 5:3:1:0:8, 2:0:0:0:2, 6:2:0:0:9, 4:1:0:0:4, 4:2:0:0:4, 4:1:0:0:7, 6:2:0:0:7, 4:1:0:0:4, 4:1:0:0:4, 4:0:0:0:5, 5:2:0:0:6, 4:1:0:0:5, 4:2:0:0:5, 4:1:0:0:6, 6:4:0:0:13, 4:2:0:0:9, 5:3:1:0:6, 2:0:0:0:2, 4:2:0:0:4, 6:4:0:0:6, 5:5:0:0:6, 7:5:0:0:10, 5:7:0:0:9, 5:2:0:0:6, 4:3:0:0:6, 6:2:0:0:7, 3:0:0:0:4, 4:2:0:0:3, 4:2:0:0:4, 3:0:0:0:3, 7:3:0:0:9, 4:2:0:0:6, 4:1:0:0:3, 3:1:0:0:5, 7:3:0:0:8, 4:2:0:0:6, 5:1:1:0:3, 4:0:0:0:3, 6:2:0:0:8, 5:1:0:0:5, 4:1:0:0:3, 2:0:0:0:2, 5:2:0:0:5, 5:3:0:0:8, 4:1:0:0:4, 2:0:0:0:3, 6:2:0:0:7, 4:1:0:0:4, 5:3:0:0:6, 5:1:0:0:7, 4:3:0:0:6, 7:4:1:0:6, 5:5:0:0:9, 7:11:0:0:16, 8:10:0:0:15, 4:2:0:0:7, 7:4:0:0:7, 6:2:0:0:8, 4:1:0:0:5, 5:3:0:0:4, 5:1:2:0:4, 5:0:0:0:5, 6:5:0:0:14, 5:2:0:0:8, 3:1:0:0:3, 2:0:0:0:2, 7:4:0:0:11, 4:3:0:0:8, 4:2:0:0:4, 3:0:0:0:3, 6:2:0:0:6, 4:1:0:0:4, 4:2:0:0:4, 4:0:0:0:5, 6:2:0:0:6, 4:1:0:0:4, 4:2:0:0:4, 4:0:0:0:3, 6:2:0:0:8, 6:2:0:0:8, 4:3:0:0:5, 5:0:0:0:3, 4:2:0:0:5, 4:4:0:0:6, 5:4:0:0:6, 10:6:1:0:10, 6:9:0:0:12, 4:2:0:0:7, 5:5:1:0:7, 6:2:0:0:8, 3:0:0:0:4, 4:2:0:0:3, 3:1:0:0:3, 5:1:0:0:4, 6:2:0:0:7, 4:1:0:0:4, 3:2:0:0:3, 3:0:0:0:4, 5:2:0:0:7, 4:1:0:0:3, 1:0:0:0:1, 1:0:0:0:1, 1:0:0:0:1, 1506:736:22:0:1981
C# minor (4#), 1:0:0:0:0, 3:0:0:0:0, 3:0:0:0:0, 3:0:0:0:0, 3:0:0:0:0, 3:0:0:0:0, 3:0:0:0:0, 3:0:0:0:0, 3:0:0:0:0, 3:0:0:0:0, 3:0:0:0:0, 3:0:0:0:0, 3:0:0:0:0, 3:0:0:0:0, 3:0:0:0:0, 2:0:0:0:0, 2:0:0:0:0, 1:0:0:0:0, 1:0:0:0:0, 1:0:0:0:0, 5:2:0:0:2, 1:0:0:0:0, 3:0:0:0:0, 3:0:0:0:0, 2:0:0:0:0, 3:0:0:0:0, 3:0:0:0:0, 3:0:0:0:0, 3:0:0:0:0, 3:0:0:0:0, 3:0:0:0:0, 3:0:0:0:0, 3:0:0:0:0, 3:1:0:0:1, 4:0:0:0:0, 2:2:0:0:2, 4:0:0:0:0, 2:0:0:0:0, 4:0:0:0:0, 4:0:0:0:0, 3:0:0:0:0, 3:0:0:0:0, 3:0:0:0:0, 2:0:0:0:0, 7:1:0:0:1, 5:0:0:0:0, 4:2:0:0:2, 2:0:0:0:0, 2:0:0:0:0, 1:0:0:0:0, 1:0:0:0:0, 1:0:0:0:0, 5:4:0:0:4, 6:0:0:0:0, 2:0:0:0:0, 3:0:0:0:0, 2:0:0:0:0, 3:0:0:0:0, 2:0:0:0:0, 1:0:0:0:0, 3:0:0:0:0, 3:0:0:0:0, 2:0:0:0:0, 5:0:0:0:0, 3:0:0:0:0, 2:0:0:0:0, 3:0:0:0:0, 3:0:0:0:0, 5:0:0:0:0, 2:0:0:0:0, 2:0:0:0:0, 3:0:0:0:0, 4:0:0:0:0, 5:1:1:0:2, 2:0:0:0:0, 2:0:0:0:0, 3:0:0:0:0, 2:0:0:0:0, 4:0:0:0:0, 2:0:0:0:0, 2:0:0:0:0, 1:0:0:0:0, 1:0:0:0:0, 2:0:0:0:0, 7:2:0:0:2, 2:0:1:0:1, 2:0:0:0:0, 3:0:0:0:0, 2:0:0:0:0, 4:0:0:0:0, 3:0:0:0:0, 4:0:0:0:0, 5:0:0:0:0, 2:0:0:0:0, 2:0:0:0:0, 3:0:0:0:0, 3:0:0:0:0, 2:0:0:0:0, 2:0:0:0:0, 1:0:0:0:0, 3:0:0:0:0, 2:0:0:0:0, 2:0:0:0:0, 3:0:0:0:0, 3:0:0:0:0, 2:0:0:0:0, 3:0:0:0:0, 1:0:0:0:0, 5:0:0:0:0, 2:0:0:0:0, 2:0:0:0:0, 2:0:0:0:0, 2:0:0:0:0, 1:0:0:0:0, 1:0:0:0:0, 1:0:0:0:0, 4:2:0:0:2, 1:0:0:0:0, 2:0:0:0:0, 4:0:0:0:0, 4:1:0:0:1, 2:0:0:0:0, 2:0:0:0:0, 1:0:0:0:0, 3:0:0:0:0, 3:0:0:0:0, 4:0:0:0:0, 5:0:0:0:0, 3:0:0:0:0, 3:0:0:0:0, 2:0:0:0:0, 2:0:0:0:0, 4:0:0:0:0, 2:0:0:0:0, 3:0:0:0:0, 3:0:0:0:0, 3:0:0:0:0, 3:0:0:0:0, 5:0:0:0:0, 1:0:0:0:0, 4:0:0:0:0, 3:0:0:0:0, 4:0:0:0:0, 2:0:0:0:0, 3:0:0:0:0, 1:0:0:0:0, 1:0:0:0:0, 1:0:0:0:0, 8:3:0:0:3, 3:1:0:0:1, 2:0:0:0:0, 3:0:0:0:0, 4:2:0:0:2, 3:0:0:0:0, 4:0:0:0:0, 3:0:0:0:0, 5:1:0:0:1, 2:0:0:0:0, 2:0:0:0:0, 4:0:0:0:0, 6:0:0:0:0, 3:0:0:0:0, 3:0:0:0:0, 2:0:0:0:0, 4:0:0:0:0, 3:0:0:0:0, 2:0:0:0:0, 3:0:0:0:0, 3:0:0:0:0, 2:0:0:0:0, 2:0:0:0:0, 2:0:0:0:0, 5:0:0:0:0, 2:0:0:0:0, 2:0:0:0:0, 2:0:0:0:0, 2:0:0:0:0, 1:0:0:0:0, 1:0:0:0:0, 1:0:0:0:0, 8:4:1:0:4, 2:0:0:0:0, 4:0:0:0:0, 2:0:0:0:0, 3:0:0:0:0, 2:0:0:0:0, 2:0:0:0:0, 1:0:0:0:0, 3:0:0:0:0, 2:0:0:0:0, 2:0:0:0:0, 3:0:0:0:0, 3:0:0:0:0, 3:0:0:0:0, 2:0:0:0:0, 3:0:0:0:0, 3:0:0:0:0, 2:0:0:0:0, 2:0:0:0:0, 3:0:0:0:0, 3:0:0:0:0, 3:0:0:0:0, 2:0:0:0:0, 3:0:0:0:0, 3:0:0:0:0, 3:0:0:0:0, 2:0:0:0:0, 2:0:0:0:0, 2:0:0:0:0, 1:0:0:0:0, 1:0:0:0:0, 1:0:0:0:0, 4:3:0:0:3, 1:0:0:0:0, 2:0:0:0:0, 3:0:0:0:0, 2:0:0:0:0, 3:0:0:0:0, 3:0:0:0:0, 2:0:0:0:0, 4:1:0:0:1, 3:0:1:0:1, 2:0:0:0:0, 3:0:0:0:0, 3:0:0:0:0, 2:0:0:0:0, 2:0:0:0:0, 1:0:0:0:0, 3:0:0:0:0, 2:0:0:0:0, 4:0:0:0:0, 3:0:0:0:0, 3:0:0:0:0, 3:0:0:0:0, 4:0:0:0:0, 2:0:0:0:0, 3:0:0:0:0, 5:1:1:0:2, 2:0:0:0:0, 2:0:0:0:0, 4:0:0:0:0, 1:0:0:0:0, 2:0:0:0:0, 1:0:0:0:0, 5:3:0:0:3, 1:0:0:0:0, 2:0:0:0:0, 4:0:0:0:0, 2:0:0:0:0, 2:0:0:0:0, 3:0:0:0:0, 2:0:0:0:0, 3:0:0:0:0, 2:0:0:0:0, 2:0:0:0:0, 4:0:0:0:0, 3:0:0:0:0, 4:0:0:0:0, 3:0:0:0:0, 1:0:0:0:0, 3:0:0:0:0, 2:0:0:0:0, 2:0:0:0:0, 3:0:0:0:0, 4:0:0:0:0, 3:0:0:0:0, 3:3:0:0:3, 1:0:0:0:0, 3:0:0:0:0, 2:0:0:0:0, 3:0:0:0:0, 2:0:0:0:0, 3:0:0:0:0, 2:0:0:0:0, 1:0:0:0:0, 3:0:0:0:0, 4:3:0:0:3, 3:1:0:0:1, 4:0:0:0:0, 4:0:0:0:0, 3:0:0:0:0, 4:0:0:0:0, 5:0:0:0:0, 2:0:0:0:0, 3:0:0:0:0, 2:0:0:0:0, 2:0:0:0:0, 5:0:0:0:0, 4:0:1:0:1, 3:0:0:0:0, 4:0:0:0:0, 1:0:0:0:0, 3:0:0:0:0, 2:0:0:0:0, 3:0:0:0:0, 4:0:0:0:0, 3:0:0:0:0, 2:0:0:0:0, 3:0:0:0:0, 2:0:0:0:0, 4:0:0:0:0, 2:0:0:0:0, 3:0:0:0:0, 2:0:0:0:0, 2:0:0:0:0, 3:0:0:0:0, 4:0:1:0:1, 1:0:0:0:0, 4:3:0:0:3, 2:0:1:0:1, 2:0:0:0:0, 4:0:0:0:0, 2:0:0:0:0, 2:0:0:0:0, 5:0:0:0:0, 1:0:0:0:0, 3:0:0:0:0, 2:0:0:0:0, 3:0:0:0:0, 4:0:0:0:0, 3:0:0:0:0, 0:0:0:0:0, 0:0:0:0:0, 0:0:0:0:0, 880:47:8:0:54
Db major (5b), 2:0:0:0:2, 6:3:0:0:15, 6:0:0:0:8, 6:2:0:0:8, 6:3:0:0:13, 6:3:0:0:15, 6:0:0:0:8, 6:2:0:0:7, 5:2:0:0:8, 6:3:0:0:15, 6:0:0:0:8, 6:2:0:0:8, 6:3:0:0:13, 6:3:0:0:15, 6:0:0:0:8, 4:1:0:0:3, 6:4:0:0:7, 7:5:0:0:8, 7:10:0:0:15, 6:11:0:0:15, 6:5:0:0:10, 6:3:0:0:9, 8:3:0:0:11, 6:0:0:0:7, 5:1:0:0:6, 6:3:0:0:15, 6:0:0:0:8, 6:2:0:0:8, 6:3:0:0:13, 6:3:0:0:15, 6:0:0:0:8, 6:2:0:0:7, 5:1:0:0:5, 5:1:1:0:6, 5:0:0:0:7, 8:3:0:0:15, 5:1:0:0:6, 5:3:0:0:7, 4:0:0:0:4, 6:2:0:0:9, 6:3:0:0:14, 5:1:0:0:8, 5:1:0:0:8, 7:2:0:0:11, 10:2:0:0:11, 8:1:0:0:11, 5:1:0:0:9, 6:2:0:0:8, 6:5:0:0:7, 6:5:0:0:8, 7:6:0:0:12, 6:9:0:0:11, 6:4:0:0:10, 9:3:1:0:8, 7:3:0:0:13, 4:0:0:0:3, 4:2:0:0:4, 5:2:0:0:5, 3:0:0:0:4, 6:2:0:0:11, 6:1:0:0:7, 5:2:0:0:6, 3:0:0:0:2, 8:2:0:0:11, 5:1:0:0:5, 4:1:0:0:6, 5:0:0:0:5, 7:3:0:0:14, 8:2:0:0:9, 5:3:0:0:7, 3:0:0:0:3, 6:2:0:0:7, 8:2:0:0:10, 7:1:2:0:4, 5:2:0:0:8, 6:3:0:0:11, 6:3:0:0:10, 4:1:0:0:4, 4:0:0:0:4, 4:1:0:0:4, 5:3:0:0:4, 4:4:0:0:7, 6:7:0:0:11, 6:7:0:0:11, 7:5:0:0:12, 7:4:1:0:9, 7:2:0:0:9, 5:0:0:0:5, 4:2:0:0:4, 6:2:0:0:6, 5:0:0:0:4, 8:3:0:0:13, 8:2:0:0:9, 4:1:0:0:5, 4:1:0:0:5, 6:2:0:0:7, 5:1:0:0:6, 4:1:0:0:4, 3:0:0:0:2, 6:2:0:0:9, 6:1:0:0:6, 4:1:0:0:4, 3:0:0:0:2, 6:2:0:0:7, 5:1:0:0:5, 6:1:0:0:8, 5:0:0:0:5, 6:4:0:0:13, 8:2:0:0:9, 5:3:0:0:7, 3:0:0:0:2, 5:2:0:0:6, 5:3:0:0:4, 5:3:2:0:4, 7:8:0:0:12, 6:7:0:0:9, 5:2:0:0:5, 5:2:0:0:7, 6:3:0:0:12, 6:0:0:0:7, 6:3:1:0:7, 4:1:0:0:4, 4:0:0:0:6, 6:2:0:0:9, 5:1:0:0:5, 5:2:0:0:7, 5:1:0:0:7, 8:4:0:0:13, 5:1:0:0:6, 5:2:0:0:6, 3:0:0:0:3, 6:2:0:0:11, 5:2:0:0:10, 4:1:0:0:8, 3:0:0:0:3, 6:2:0:0:9, 5:1:0:0:5, 4:1:0:0:5, 5:0:0:0:6, 6:2:0:0:8, 7:1:0:0:6, 5:2:0:0:8, 5:0:0:0:4, 5:2:0:0:6, 6:5:0:0:7, 6:5:1:0:7, 7:10:0:0:15, 7:11:1:0:14, 6:2:1:0:7, 5:4:0:0:8, 6:1:0:0:6, 5:0:0:0:7, 4:3:0:0:8, 5:3:0:0:8, 5:1:0:0:6, 7:3:0:0:14, 7:2:0:0:8, 4:1:0:0:4, 3:0:0:0:2, 7:3:0:0:11, 8:1:3:0:6, 5:2:0:0:9, 5:1:0:0:6, 7:4:0:0:14, 7:2:0:0:10, 5:2:0:0:7, 4:1:0:0:5, 6:2:0:0:10, 5:1:0:0:6, 6:3:0:0:8, 5:0:0:0:5, 6:4:0:0:14, 6:1:0:0:11, 5:3:0:0:7, 3:0:0:0:2, 5:2:0:0:6, 5:3:0:0:4, 5:3:1:0:4, 7:12:0:0:16, 7:10:0:0:15, 8:5:1:0:9, 6:5:0:0:11, 7:2:0:0:9, 3:0:0:0:2, 5:3:0:0:8, 4:1:0:0:5, 4:1:0:0:4, 6:2:0:0:10, 5:1:0:0:6, 4:1:0:0:3, 3:0:0:0:2, 6:2:0:0:8, 5:1:0:0:5, 5:2:0:0:5, 3:0:0:0:2, 7:2:0:0:9, 5:1:0:0:6, 5:1:0:0:5, 3:0:0:0:3, 6:2:0:0:8, 5:1:0:0:5, 5:2:0:0:5, 4:0:0:0:3, 7:2:0:0:9, 5:1:0:0:6, 5:2:0:0:5, 4:0:0:0:4, 4:1:0:0:5, 6:3:0:0:5, 4:3:0:0:4, 7:6:0:0:10, 5:6:0:0:8, 5:3:0:0:7, 4:2:0:0:5, 6:3:0:0:11, 4:0:0:0:4, 4:2:0:0:4, 5:1:0:0:5, 5:0:0:0:5, 6:4:0:0:15, 6:3:0:0:10, 6:3:1:0:9, 3:0:0:0:2, 7:2:0:0:12, 5:1:0:0:5, 5:2:0:0:7, 5:1:0:0:7, 6:2:0:0:10, 5:1:0:0:5, 5:1:0:0:6, 5:0:0:0:6, 6:2:0:0:11, 5:1:0:0:6, 5:2:0:0:7, 5:1:0:0:7, 6:4:0:0:15, 5:2:0:0:10, 6:3:1:0:9, 3:0:0:0:2, 5:2:0:0:6, 7:4:0:0:7, 5:5:0:0:6, 7:5:0:0:11, 5:7:0:0:9, 6:2:0:0:6, 4:2:0:0:6, 7:2:0:0:9, 4:0:0:0:5, 4:2:0:0:4, 5:2:0:0:5, 4:0:0:0:4, 7:2:0:0:10, 5:2:0:0:8, 5:1:0:0:5, 4:1:0:0:5, 8:3:0:0:12, 5:2:0:0:7, 6:1:1:0:4, 5:0:0:0:5, 6:2:0:0:11, 6:1:0:0:7, 5:1:0:0:4, 3:0:0:0:2, 6:2:0:0:7, 6:3:0:0:9, 5:1:0:0:6, 3:0:0:0:3, 6:2:0:0:10, 5:1:0:0:5, 6:3:0:0:7, 6:1:0:0:8, 5:3:0:0:7, 8:4:1:0:6, 5:5:0:0:9, 7:11:0:0:16, 8:10:0:0:15, 5:2:0:0:7, 7:5:0:0:10, 7:2:0:0:10, 5:1:0:0:7, 5:3:0:0:6, 6:1:2:0:5, 6:0:0:0:7, 6:5:0:0:16, 6:2:0:0:10, 4:1:0:0:5, 3:0:0:0:2, 8:4:0:0:13, 5:3:0:0:10, 5:2:0:0:5, 4:0:0:0:4, 6:2:0:0:8, 5:1:0:0:6, 5:2:0:0:6, 5:0:0:0:6, 7:2:0:0:9, 5:1:0:0:5, 5:2:0:0:5, 5:0:0:0:4, 6:2:0:0:11, 7:2:0:0:9, 5:3:0:0:6, 6:0:0:0:4, 5:2:0:0:6, 5:4:0:0:6, 5:4:0:0:6, 10:6:1:0:10, 6:9:0:0:12, 5:2:0:0:7, 5:4:1:0:7, 7:2:0:0:10, 4:0:0:0:5, 4:2:0:0:4, 4:1:0:0:4, 6:1:0:0:5, 6:2:0:0:10, 5:1:0:0:6, 4:2:0:0:4, 4:0:0:0:5, 6:2:0:0:9, 5:1:0:0:4, 1:0:0:0:1, 1:0:0:0:1, 1:0:0:0:1, 1753:708:24:0:2399
B major (5#), 1:0:0:0:0, 4:0:0:0:0, 4:0:0:0:0, 3:0:0:0:0, 4:0:0:0:0, 4:0:0:0:0, 4:0:0:0:0, 3:0:0:0:0, 4:0:0:0:0, 4:0:0:0:0, 4:0:0:0:0, 3:0:0:0:0, 4:0:0:0:0, 4:0:0:0:0, 4:0:0:0:0, 2:0:0:0:0, 1:0:0:0:0, 0:0:0:0:0, 0:0:0:0:0, 0:0:0:0:0, 6:2:0:0:2, 2:0:0:0:0, 4:0:0:0:1, 4:0:0:0:0, 3:0:0:0:0, 4:0:0:0:0, 4:0:0:0:0, 3:0:0:0:0, 4:0:0:0:0, 4:0:0:0:0, 4:0:0:0:0, 3:0:0:0:0, 4:0:0:0:0, 3:1:0:0:1, 5:0:0:0:0, 3:2:0:0:2, 5:0:0:0:0, 2:0:0:0:0, 5:0:0:0:2, 4:0:0:0:0, 4:0:0:0:0, 3:0:0:0:0, 4:0:0:0:0, 3:0:0:0:0, 8:1:0:0:1, 6:0:0:0:2, 5:2:0:0:2, 3:0:0:0:0, 1:0:0:0:0, 0:0:0:0:0, 0:0:0:0:0, 0:0:0:0:0, 6:4:0:0:4, 7:0:0:0:0, 3:0:0:0:0, 4:0:0:0:0, 3:0:0:0:0, 2:0:0:0:0, 3:0:0:0:0, 2:0:0:0:0, 4:0:0:0:0, 2:0:0:0:0, 3:0:0:0:0, 6:0:0:0:0, 4:0:0:0:0, 2:0:0:0:0, 4:0:0:0:0, 4:0:0:0:1, 6:0:0:0:0, 3:0:0:0:0, 3:0:0:0:0, 3:0:0:0:0, 5:0:0:0:0, 5:1:1:0:1, 3:0:0:0:0, 3:0:0:0:0, 4:0:0:0:0, 2:0:0:0:0, 5:0:0:0:0, 2:0:0:0:0, 1:0:0:0:0, 0:0:0:0:0, 0:0:0:0:0, 1:0:0:0:0, 7:3:0:0:3, 3:0:1:0:1, 3:0:0:0:0, 4:0:0:0:0, 3:0:0:0:0, 5:0:0:0:0, 4:0:0:0:0, 5:0:0:0:1, 6:0:0:0:0, 2:0:0:0:0, 3:0:0:0:0, 3:0:0:0:0, 4:0:0:0:0, 2:0:0:0:0, 3:0:0:0:0, 2:0:0:0:0, 4:0:0:0:0, 2:0:0:0:0, 3:0:0:0:0, 3:0:0:0:0, 4:0:0:0:0, 3:0:0:0:0, 4:0:0:0:0, 2:0:0:0:0, 6:0:0:0:0, 3:0:0:0:0, 3:0:0:0:0, 3:0:0:0:0, 1:0:0:0:0, 0:0:0:0:0, 0:0:0:0:0, 0:0:0:0:0, 5:2:0:0:2, 2:0:0:0:0, 3:0:0:0:0, 5:0:0:0:0, 5:1:0:0:2, 2:0:0:0:0, 3:0:0:0:0, 2:0:0:0:0, 4:0:0:0:0, 4:0:0:0:0, 5:0:0:0:0, 6:0:0:0:0, 4:0:0:0:0, 2:0:0:0:0, 3:0:0:0:0, 3:0:0:0:0, 5:0:0:0:0, 2:0:0:0:0, 4:0:0:0:0, 3:0:0:0:0, 4:0:0:0:0, 3:0:0:0:0, 6:0:0:0:0, 2:0:0:0:0, 5:0:0:0:0, 4:0:0:0:0, 5:0:0:0:0, 3:0:0:0:0, 2:0:0:0:0, 0:0:0:0:0, 0:0:0:0:0, 0:0:0:0:0, 8:5:0:0:5, 4:1:0:0:1, 3:0:0:0:0, 4:0:0:0:0, 5:2:0:0:2, 4:0:0:0:0, 5:0:0:0:0, 4:0:0:0:0, 6:1:0:0:2, 2:0:0:0:0, 3:0:0:0:0, 3:0:0:0:0, 7:0:0:0:0, 2:0:0:0:0, 4:0:0:0:0, 3:0:0:0:0, 5:0:0:0:0, 4:0:0:0:0, 3:0:0:0:0, 3:0:0:0:0, 4:0:0:0:0, 3:0:0:0:0, 3:0:0:0:0, 3:0:0:0:0, 6:0:0:0:1, 3:0:0:0:0, 3:0:0:0:0, 3:0:0:0:0, 1:0:0:0:0, 0:0:0:0:0, 0:0:0:0:0, 0:0:0:0:0, 8:5:1:0:5, 3:0:0:0:0, 3:0:0:0:0, 3:0:0:0:0, 4:0:0:0:0, 2:0:0:0:0, 3:0:0:0:0, 2:0:0:0:0, 4:0:0:0:0, 2:0:0:0:0, 3:0:0:0:0, 3:0:0:0:0, 4:0:0:0:0, 2:0:0:0:0, 3:0:0:0:0, 4:0:0:0:0, 4:0:0:0:0, 3:0:0:0:0, 3:0:0:0:0, 3:0:0:0:0, 4:0:0:0:0, 2:0:0:0:0, 3:0:0:0:0, 4:0:0:0:0, 4:0:0:0:0, 2:0:0:0:0, 3:0:0:0:0, 2:0:0:0:0, 1:0:0:0:0, 0:0:0:0:0, 0:0:0:0:0, 0:0:0:0:0, 5:3:0:0:3, 2:0:0:0:0, 3:0:0:0:0, 4:0:0:0:0, 3:0:0:0:0, 4:0:0:0:0, 4:0:0:0:0, 3:0:0:0:0, 5:1:0:0:1, 4:0:1:0:0, 3:0:0:0:0, 4:0:0:0:0, 4:0:0:0:0, 2:0:0:0:0, 3:0:0:0:0, 2:0:0:0:0, 4:0:0:0:0, 2:0:0:0:0, 5:0:0:0:0, 3:0:0:0:0, 4:0:0:0:0, 4:0:0:0:0, 5:0:0:0:0, 3:0:0:0:0, 4:0:0:0:0, 6:1:1:0:1, 3:0:0:0:0, 3:0:0:0:0, 3:0:0:0:0, 0:0:0:0:0, 1:0:0:0:0, 0:0:0:0:0, 6:3:0:0:3, 2:0:0:0:0, 3:0:0:0:0, 5:0:0:0:0, 3:0:0:0:0, 3:0:0:0:0, 4:0:0:0:0, 3:0:0:0:0, 4:0:0:0:0, 2:0:0:0:0, 3:0:0:0:0, 5:0:0:0:0, 4:0:0:0:0, 5:0:0:0:0, 4:0:0:0:0, 2:0:0:0:0, 4:0:0:0:0, 3:0:0:0:0, 3:0:0:0:0, 3:0:0:0:0, 5:0:0:0:0, 4:0:0:0:0, 4:3:0:0:3, 2:0:0:0:0, 4:0:0:0:0, 3:0:0:0:0, 4:0:0:0:0, 3:0:0:0:0, 2:0:0:0:0, 1:0:0:0:0, 0:0:0:0:0, 2:0:0:0:0, 5:3:0:0:3, 4:1:0:0:1, 5:0:0:0:1, 5:0:0:0:0, 4:0:0:0:0, 5:0:0:0:0, 6:0:0:0:0, 3:0:0:0:0, 4:0:0:0:0, 2:0:0:0:0, 3:0:0:0:0, 6:0:0:0:0, 5:0:1:0:0, 2:0:0:0:0, 5:0:0:0:0, 2:0:0:0:0, 4:0:0:0:0, 2:0:0:0:0, 4:0:0:0:0, 4:0:0:0:0, 4:0:0:0:0, 3:0:0:0:0, 4:0:0:0:0, 3:0:0:0:0, 5:0:0:0:0, 3:0:0:0:0, 4:0:0:0:0, 3:0:0:0:0, 1:0:0:0:0, 2:0:0:0:0, 3:0:1:0:1, 0:0:0:0:0, 5:3:0:0:3, 3:0:1:0:1, 3:0:0:0:0, 5:0:0:0:0, 3:0:0:0:0, 2:0:0:0:0, 6:0:0:0:0, 2:0:0:0:0, 4:0:0:0:0, 2:0:0:0:0, 4:0:0:0:0, 3:0:0:0:0, 4:0:0:0:1, 1:0:0:0:0, 1:0:0:0:0, 1:0:0:0:0, 1057:51:8:0:66
Bb minor (5b), 2:0:0:0:2, 6:3:0:0:15, 6:0:0:0:8, 6:2:0:0:8, 6:3:0:0:13, 6:3:0:0:15, 6:0:0:0:8, 6:2:0:0:7, 5:2:0:0:8, 6:3:0:0:15, 6:0:0:0:8, 6:2:0:0:8, 6:3:0:0:13, 6:3:0:0:15, 6:0:0:0:8, 4:1:0:0:3, 6:4:0:0:7, 7:5:0:0:8, 7:10:0:0:15, 6:11:0:0:15, 6:5:0:0:10, 6:3:0:0:9, 8:3:0:0:11, 6:0:0:0:7, 5:1:0:0:6, 6:3:0:0:15, 6:0:0:0:8, 6:2:0:0:8, 6:3:0:0:13, 6:3:0:0:15, 6:0:0:0:8, 6:2:0:0:7, 5:1:0:0:5, 5:1:1:0:6, 5:0:0:0:7, 8:3:0:0:15, 5:1:0:0:6, 5:3:0:0:7, 4:0:0:0:4, 6:2:0:0:9, 6:3:0:0:14, 5:1:0:0:8, 5:1:0:0:8, 7:2:0:0:11, 10:2:0:0:11, 8:1:0:0:11, 5:1:0:0:9, 6:2:0:0:8, 6:5:0:0:7, 6:5:0:0:8, 7:6:0:0:12, 6:9:0:0:11, 6:4:0:0:10, 9:3:1:0:8, 7:3:0:0:13, 4:0:0:0:3, 4:2:0:0:4, 5:2:0:0:5, 3:0:0:0:4, 6:2:0:0:11, 6:1:0:0:7, 5:2:0:0:6, 3:0:0:0:2, 8:2:0:0:11, 5:1:0:0:5, 4:1:0:0:6, 5:0:0:0:5, 7:3:0:0:14, 8:2:0:0:9, 5:3:0:0:7, 3:0:0:0:3, 6:2:0:0:7, 8:2:0:0:10, 7:1:2:0:4, 5:2:0:0:8, 6:3:0:0:11, 6:3:0:0:10, 4:1:0:0:4, 4:0:0:0:4, 4:1:0:0:4, 5:3:0:0:4, 4:4:0:0:7, 6:7:0:0:11, 6:7:0:0:11, 7:5:0:0:12, 7:4:1:0:9, 7:2:0:0:9, 5:0:0:0:5, 4:2:0:0:4, 6:2:0:0:6, 5:0:0:0:4, 8:3:0:0:13, 8:2:0:0:9, 4:1:0:0:5, 4:1:0:0:5, 6:2:0:0:7, 5:1:0:0:6, 4:1:0:0:4, 3:0:0:0:2, 6:2:0:0:9, 6:1:0:0:6, 4:1:0:0:4, 3:0:0:0:2, 6:2:0:0:7, 5:1:0:0:5, 6:1:0:0:8, 5:0:0:0:5, 6:4:0:0:13, 8:2:0:0:9, 5:3:0:0:7, 3:0:0:0:2, 5:2:0:0:6, 5:3:0:0:4, 5:3:2:0:4, 7:8:0:0:12, 6:7:0:0:9, 5:2:0:0:5, 5:2:0:0:7, 6:3:0:0:12, 6:0:0:0:7, 6:3:1:0:7, 4:1:0:0:4, 4:0:0:0:6, 6:2:0:0:9, 5:1:0:0:5, 5:2:0:0:7, 5:1:0:0:7, 8:4:0:0:13, 5:1:0:0:6, 5:2:0:0:6, 3:0:0:0:3, 6:2:0:0:11, 5:2:0:0:10, 4:1:0:0:8, 3:0:0:0:3, 6:2:0:0:9, 5:1:0:0:5, 4:1:0:0:5, 5:0:0:0:6, 6:2:0:0:8, 7:1:0:0:6, 5:2:0:0:8, 5:0:0:0:4, 5:2:0:0:6, 6:5:0:0:7, 6:5:1:0:7, 7:10:0:0:15, 7:11:1:0:14, 6:2:1:0:7, 5:4:0:0:8, 6:1:0:0:6, 5:0:0:0:7, 4:3:0:0:8, 5:3:0:0:8, 5:1:0:0:6, 7:3:0:0:14, 7:2:0:0:8, 4:1:0:0:4, 3:0:0:0:2, 7:3:0:0:11, 8:1:3:0:6, 5:2:0:0:9, 5:1:0:0:6, 7:4:0:0:14, 7:2:0:0:10, 5:2:0:0:7, 4:1:0:0:5, 6:2:0:0:10, 5:1:0:0:6, 6:3:0:0:8, 5:0:0:0:5, 6:4:0:0:14, 6:1:0:0:11, 5:3:0:0:7, 3:0:0:0:2, 5:2:0:0:6, 5:3:0:0:4, 5:3:1:0:4, 7:12:0:0:16, 7:10:0:0:15, 8:5:1:0:9, 6:5:0:0:11, 7:2:0:0:9, 3:0:0:0:2, 5:3:0:0:8, 4:1:0:0:5, 4:1:0:0:4, 6:2:0:0:10, 5:1:0:0:6, 4:1:0:0:3, 3:0:0:0:2, 6:2:0:0:8, 5:1:0:0:5, 5:2:0:0:5, 3:0:0:0:2, 7:2:0:0:9, 5:1:0:0:6, 5:1:0:0:5, 3:0:0:0:3, 6:2:0:0:8, 5:1:0:0:5, 5:2:0:0:5, 4:0:0:0:3, 7:2:0:0:9, 5:1:0:0:6, 5:2:0:0:5, 4:0:0:0:4, 4:1:0:0:5, 6:3:0:0:5, 4:3:0:0:4, 7:6:0:0:10, 5:6:0:0:8, 5:3:0:0:7, 4:2:0:0:5, 6:3:0:0:11, 4:0:0:0:4, 4:2:0:0:4, 5:1:0:0:5, 5:0:0:0:5, 6:4:0:0:15, 6:3:0:0:10, 6:3:1:0:9, 3:0:0:0:2, 7:2:0:0:12, 5:1:0:0:5, 5:2:0:0:7, 5:1:0:0:7, 6:2:0:0:10, 5:1:0:0:5, 5:1:0:0:6, 5:0:0:0:6, 6:2:0:0:11, 5:1:0:0:6, 5:2:0:0:7, 5:1:0:0:7, 6:4:0:0:15, 5:2:0:0:10, 6:3:1:0:9, 3:0:0:0:2, 5:2:0:0:6, 7:4:0:0:7, 5:5:0:0:6, 7:5:0:0:11, 5:7:0:0:9, 6:2:0:0:6, 4:2:0:0:6, 7:2:0:0:9, 4:0:0:0:5, 4:2:0:0:4, 5:2:0:0:5, 4:0:0:0:4, 7:2:0:0:10, 5:2:0:0:8, 5:1:0:0:5, 4:1:0:0:5, 8:3:0:0:12, 5:2:0:0:7, 6:1:1:0:4, 5:0:0:0:5, 6:2:0:0:11, 6:1:0:0:7, 5:1:0:0:4, 3:0:0:0:2, 6:2:0:0:7, 6:3:0:0:9, 5:1:0:0:6, 3:0:0:0:3, 6:2:0:0:10, 5:1:0:0:5, 6:3:0:0:7, 6:1:0:0:8, 5:3:0:0:7, 8:4:1:0:6, 5:5:0:0:9, 7:11:0:0:16, 8:10:0:0:15, 5:2:0:0:7, 7:5:0:0:10, 7:2:0:0:10, 5:1:0:0:7, 5:3:0:0:6, 6:1:2:0:5, 6:0:0:0:7, 6:5:0:0:16, 6:2:0:0:10, 4:1:0:0:5, 3:0:0:0:2, 8:4:0:0:13, 5:3:0:0:10, 5:2:0:0:5, 4:0:0:0:4, 6:2:0:0:8, 5:1:0:0:6, 5:2:0:0:6, 5:0:0:0:6, 7:2:0:0:9, 5:1:0:0:5, 5:2:0:0:5, 5:0:0:0:4, 6:2:0:0:11, 7:2:0:0:9, 5:3:0:0:6, 6:0:0:0:4, 5:2:0:0:6, 5:4:0:0:6, 5:4:0:0:6, 10:6:1:0:10, 6:9:0:0:12, 5:2:0:0:7, 5:4:1:0:7, 7:2:0:0:10, 4:0:0:0:5, 4:2:0:0:4, 4:1:0:0:4, 6:1:0:0:5, 6:2:0:0:10, 5:1:0:0:6, 4:2:0:0:4, 4:0:0:0:5, 6:2:0:0:9, 5:1:0:0:4, 1:0:0:0:1, 1:0:0:0:1, 1:0:0:0:1, 1753:708:24:0:2399
G# minor (5#), 1:0:0:0:0, 4:0:0:0:0, 4:0:0:0:0, 3:0:0:0:0, 4:0:0:0:0, 4:0:0:0:0, 4:0:0:0:0, 3:0:0:0:0, 4:0:0:0:0, 4:0:0:0:0, 4:0:0:0:0, 3:0:0:0:0, 4:0:0:0:0, 4:0:0:0:0, 4:0:0:0:0, 2:0:0:0:0, 1:0:0:0:0, 0:0:0:0:0, 0:0:0:0:0, 0:0:0:0:0, 6:2:0:0:2, 2:0:0:0:0, 4:0:0:0:1, 4:0:0:0:0, 3:0:0:0:0, 4:0:0:0:0, 4:0:0:0:0, 3:0:0:0:0, 4:0:0:0:0, 4:0:0:0:0, 4:0:0:0:0, 3:0:0:0:0, 4:0:0:0:0, 3:1:0:0:1, 5:0:0:0:0, 3:2:0:0:2, 5:0:0:0:0, 2:0:0:0:0, 5:0:0:0:2, 4:0:0:0:0, 4:0:0:0:0, 3:0:0:0:0, 4:0:0:0:0, 3:0:0:0:0, 8:1:0:0:1, 6:0:0:0:2, 5:2:0:0:2, 3:0:0:0:0, 1:0:0:0:0, 0:0:0:0:0, 0:0:0:0:0, 0:0:0:0:0, 6:4:0:0:4, 7:0:0:0:0, 3:0:0:0:0, 4:0:0:0:0, 3:0:0:0:0, 2:0:0:0:0, 3:0:0:0:0, 2:0:0:0:0, 4:0:0:0:0, 2:0:0:0:0, 3:0:0:0:0, 6:0:0:0:0, 4:0:0:0:0, 2:0:0:0:0, 4:0:0:0:0, 4:0:0:0:1, 6:0:0:0:0, 3:0:0:0:0, 3:0:0:0:0, 3:0:0:0:0, 5:0:0:0:0, 5:1:1:0:1, 3:0:0:0:0, 3:0:0:0:0, 4:0:0:0:0, 2:0:0:0:0, 5:0:0:0:0, 2:0:0:0:0, 1:0:0:0:0, 0:0:0:0:0, 0:0:0:0:0, 1:0:0:0:0, 7:3:0:0:3, 3:0:1:0:1, 3:0:0:0:0, 4:0:0:0:0, 3:0:0:0:0, 5:0:0:0:0, 4:0:0:0:0, 5:0:0:0:1, 6:0:0:0:0, 2:0:0:0:0, 3:0:0:0:0, 3:0:0:0:0, 4:0:0:0:0, 2:0:0:0:0, 3:0:0:0:0, 2:0:0:0:0, 4:0:0:0:0, 2:0:0:0:0, 3:0:0:0:0, 3:0:0:0:0, 4:0:0:0:0, 3:0:0:0:0, 4:0:0:0:0, 2:0:0:0:0, 6:0:0:0:0, 3:0:0:0:0, 3:0:0:0:0, 3:0:0:0:0, 1:0:0:0:0, 0:0:0:0:0, 0:0:0:0:0, 0:0:0:0:0, 5:2:0:0:2, 2:0:0:0:0, 3:0:0:0:0, 5:0:0:0:0, 5:1:0:0:2, 2:0:0:0:0, 3:0:0:0:0, 2:0:0:0:0, 4:0:0:0:0, 4:0:0:0:0, 5:0:0:0:0, 6:0:0:0:0, 4:0:0:0:0, 2:0:0:0:0, 3:0:0:0:0, 3:0:0:0:0, 5:0:0:0:0, 2:0:0:0:0, 4:0:0:0:0, 3:0:0:0:0, 4:0:0:0:0, 3:0:0:0:0, 6:0:0:0:0, 2:0:0:0:0, 5:0:0:0:0, 4:0:0:0:0, 5:0:0:0:0, 3:0:0:0:0, 2:0:0:0:0, 0:0:0:0:0, 0:0:0:0:0, 0:0:0:0:0, 8:5:0:0:5, 4:1:0:0:1, 3:0:0:0:0, 4:0:0:0:0, 5:2:0:0:2, 4:0:0:0:0, 5:0:0:0:0, 4:0:0:0:0, 6:1:0:0:2, 2:0:0:0:0, 3:0:0:0:0, 3:0:0:0:0, 7:0:0:0:0, 2:0:0:0:0, 4:0:0:0:0, 3:0:0:0:0, 5:0:0:0:0, 4:0:0:0:0, 3:0:0:0:0, 3:0:0:0:0, 4:0:0:0:0, 3:0:0:0:0, 3:0:0:0:0, 3:0:0:0:0, 6:0:0:0:1, 3:0:0:0:0, 3:0:0:0:0, 3:0:0:0:0, 1:0:0:0:0, 0:0:0:0:0, 0:0:0:0:0, 0:0:0:0:0, 8:5:1:0:5, 3:0:0:0:0, 3:0:0:0:0, 3:0:0:0:0, 4:0:0:0:0, 2:0:0:0:0, 3:0:0:0:0, 2:0:0:0:0, 4:0:0:0:0, 2:0:0:0:0, 3:0:0:0:0, 3:0:0:0:0, 4:0:0:0:0, 2:0:0:0:0, 3:0:0:0:0, 4:0:0:0:0, 4:0:0:0:0, 3:0:0:0:0, 3:0:0:0:0, 3:0:0:0:0, 4:0:0:0:0, 2:0:0:0:0, 3:0:0:0:0, 4:0:0:0:0, 4:0:0:0:0, 2:0:0:0:0, 3:0:0:0:0, 2:0:0:0:0, 1:0:0:0:0, 0:0:0:0:0, 0:0:0:0:0, 0:0:0:0:0, 5:3:0:0:3, 2:0:0:0:0, 3:0:0:0:0, 4:0:0:0:0, 3:0:0:0:0, 4:0:0:0:0, 4:0:0:0:0, 3:0:0:0:0, 5:1:0:0:1, 4:0:1:0:0, 3:0:0:0:0, 4:0:0:0:0, 4:0:0:0:0, 2:0:0:0:0, 3:0:0:0:0, 2:0:0:0:0, 4:0:0:0:0, 2:0:0:0:0, 5:0:0:0:0, 3:0:0:0:0, 4:0:0:0:0, 4:0:0:0:0, 5:0:0:0:0, 3:0:0:0:0, 4:0:0:0:0, 6:1:1:0:1, 3:0:0:0:0, 3:0:0:0:0, 3:0:0:0:0, 0:0:0:0:0, 1:0:0:0:0, 0:0:0:0:0, 6:3:0:0:3, 2:0:0:0:0, 3:0:0:0:0, 5:0:0:0:0, 3:0:0:0:0, 3:0:0:0:0, 4:0:0:0:0, 3:0:0:0:0, 4:0:0:0:0, 2:0:0:0:0, 3:0:0:0:0, 5:0:0:0:0, 4:0:0:0:0, 5:0:0:0:0, 4:0:0:0:0, 2:0:0:0:0, 4:0:0:0:0, 3:0:0:0:0, 3:0:0:0:0, 3:0:0:0:0, 5:0:0:0:0, 4:0:0:0:0, 4:3:0:0:3, 2:0:0:0:0, 4:0:0:0:0, 3:0:0:0:0, 4:0:0:0:0, 3:0:0:0:0, 2:0:0:0:0, 1:0:0:0:0, 0:0:0:0:0, 2:0:0:0:0, 5:3:0:0:3, 4:1:0:0:1, 5:0:0:0:1, 5:0:0:0:0, 4:0:0:0:0, 5:0:0:0:0, 6:0:0:0:0, 3:0:0:0:0, 4:0:0:0:0, 2:0:0:0:0, 3:0:0:0:0, 6:0:0:0:0, 5:0:1:0:0, 2:0:0:0:0, 5:0:0:0:0, 2:0:0:0:0, 4:0:0:0:0, 2:0:0:0:0, 4:0:0:0:0, 4:0:0:0:0, 4:0:0:0:0, 3:0:0:0:0, 4:0:0:0:0, 3:0:0:0:0, 5:0:0:0:0, 3:0:0:0:0, 4:0:0:0:0, 3:0:0:0:0, 1:0:0:0:0, 2:0:0:0:0, 3:0:1:0:1, 0:0:0:0:0, 5:3:0:0:3, 3:0:1:0:1, 3:0:0:0:0, 5:0:0:0:0, 3:0:0:0:0, 2:0:0:0:0, 6:0:0:0:0, 2:0:0:0:0, 4:0:0:0:0, 2:0:0:0:0, 4:0:0:0:0, 3:0:0:0:0, 4:0:0:0:1, 1:0:0:0:0, 1:0:0:0:0, 1:0:0:0:0, 1057:51:8:0:66
Gb major (6b), 2:0:0:0:2, 7:3:0:0:18, 7:0:0:0:9, 6:2:0:0:9, 7:3:0:0:15, 7:3:0:0:18, 7:0:0:0:9, 6:2:0:0:9, 6:2:0:0:9, 7:3:0:0:18, 7:0:0:0:9, 6:2:0:0:9, 7:3:0:0:15, 7:3:0:0:18, 7:0:0:0:9, 4:1:0:0:5, 6:4:0:0:9, 7:5:0:0:7, 7:10:0:0:15, 6:11:0:0:15, 7:5:0:0:12, 6:3:0:0:9, 8:3:0:0:15, 7:0:0:0:8, 6:1:0:0:6, 7:3:0:0:18, 7:0:0:0:9, 6:2:0:0:9, 7:3:0:0:15, 7:3:0:0:18, 7:0:0:0:9, 6:2:0:0:9, 6:1:0:0:6, 5:1:1:0:7, 6:0:0:0:7, 8:3:0:0:15, 6:1:0:0:8, 5:3:0:0:8, 5:0:0:0:7, 7:2:0:0:9, 7:3:0:0:18, 6:1:0:0:8, 6:1:0:0:10, 7:2:0:0:12, 11:2:0:0:12, 9:1:0:0:11, 6:1:0:0:12, 6:2:0:0:10, 6:5:0:0:9, 6:5:0:0:7, 7:6:0:0:12, 6:9:0:0:11, 7:4:0:0:13, 9:3:1:0:9, 7:3:0:0:16, 5:0:0:0:4, 5:2:0:0:4, 5:1:0:0:5, 4:0:0:0:6, 6:2:0:0:11, 7:1:0:0:8, 5:1:0:0:5, 4:0:0:0:3, 9:2:0:0:11, 6:1:0:0:6, 4:1:0:0:6, 6:0:0:0:5, 8:3:0:0:14, 9:2:0:0:11, 5:3:0:0:9, 4:0:0:0:5, 6:2:0:0:8, 9:2:0:0:11, 8:1:2:0:6, 6:2:0:0:10, 7:3:0:0:11, 7:3:0:0:12, 4:1:0:0:6, 5:0:0:0:4, 4:1:0:0:6, 5:3:0:0:5, 4:4:0:0:5, 6:7:0:0:11, 6:7:0:0:10, 8:5:0:0:12, 7:4:1:0:9, 7:2:0:0:12, 6:0:0:0:6, 5:2:0:0:4, 7:2:0:0:10, 6:0:0:0:5, 9:3:0:0:12, 9:2:0:0:11, 4:1:0:0:7, 5:1:0:0:9, 6:2:0:0:9, 6:1:0:0:7, 4:1:0:0:4, 4:0:0:0:3, 6:2:0:0:9, 7:1:0:0:7, 4:1:0:0:7, 4:0:0:0:3, 6:2:0:0:8, 6:1:0:0:6, 6:1:0:0:8, 6:0:0:0:8, 6:4:0:0:12, 9:2:0:0:10, 5:3:0:0:10, 4:0:0:0:3, 5:2:0:0:9, 5:3:0:0:6, 5:3:2:0:4, 7:8:0:0:12, 6:7:0:0:9, 6:2:0:0:7, 5:2:0:0:7, 6:3:0:0:14, 7:0:0:0:8, 7:3:1:0:7, 4:1:0:0:5, 5:0:0:0:7, 6:2:0:0:9, 6:1:0:0:6, 6:2:0:0:10, 6:1:0:0:8, 9:4:0:0:14, 6:1:0:0:8, 5:1:0:0:7, 4:0:0:0:5, 7:2:0:0:11, 6:2:0:0:12, 4:1:0:0:7, 4:0:0:0:4, 6:2:0:0:9, 6:1:0:0:6, 5:1:0:0:6, 6:0:0:0:6, 6:2:0:0:8, 8:1:0:0:6, 6:2:0:0:11, 6:0:0:0:4, 5:2:0:0:9, 6:5:0:0:10, 6:5:1:0:6, 7:10:0:0:15, 7:11:1:0:14, 7:2:0:0:9, 5:4:0:0:9, 6:1:0:0:8, 6:0:0:0:9, 5:3:0:0:8, 6:3:0:0:11, 6:1:0:0:7, 8:3:0:0:14, 8:2:0:0:9, 4:1:0:0:5, 4:0:0:0:3, 7:3:0:0:10, 9:1:0:0:7, 5:1:0:0:6, 6:0:0:0:3, 7:4:0:0:11, 8:2:0:0:11, 6:2:0:0:9, 5:1:0:0:8, 6:2:0:0:11, 6:1:0:0:7, 6:3:0:0:12, 6:0:0:0:7, 7:4:0:0:14, 7:1:0:0:11, 5:3:0:0:10, 4:0:0:0:3, 5:2:0:0:9, 5:3:0:0:5, 5:3:1:0:4, 7:12:0:0:16, 7:10:0:0:14, 9:5:0:0:11, 6:5:0:0:12, 7:1:0:0:9, 4:0:0:0:3, 6:3:0:0:9, 4:1:0:0:7, 5:1:0:0:8, 6:2:0:0:10, 6:1:0:0:7, 4:1:0:0:6, 4:0:0:0:4, 6:2:0:0:10, 6:1:0:0:6, 5:1:0:0:4, 4:0:0:0:3, 7:2:0:0:9, 6:1:0:0:7, 5:1:0:0:5, 4:0:0:0:4, 6:2:0:0:9, 6:1:0:0:7, 5:1:0:0:4, 5:0:0:0:4, 7:2:0:0:9, 6:1:0:0:7, 5:1:0:0:4, 5:0:0:0:5, 4:1:0:0:5, 6:3:0:0:5, 4:3:0:0:4, 7:6:0:0:10, 5:6:0:0:8, 6:3:0:0:10, 4:2:0:0:5, 6:3:0:0:13, 5:0:0:0:5, 5:2:0:0:4, 6:1:0:0:6, 6:0:0:0:6, 7:4:0:0:14, 7:3:0:0:12, 6:3:1:0:10, 4:0:0:0:3, 7:2:0:0:11, 6:1:0:0:6, 5:2:0:0:8, 6:1:0:0:9, 6:2:0:0:9, 6:1:0:0:6, 5:1:0:0:7, 6:0:0:0:7, 6:2:0:0:11, 6:1:0:0:7, 6:2:0:0:11, 6:1:0:0:8, 7:4:0:0:14, 6:2:0:0:12, 7:3:1:0:10, 4:0:0:0:4, 5:2:0:0:7, 7:4:0:0:9, 5:5:0:0:6, 7:5:0:0:11, 5:7:0:0:9, 7:2:0:0:8, 4:2:0:0:6, 7:2:0:0:12, 5:0:0:0:6, 5:2:0:0:4, 5:2:0:0:7, 5:0:0:0:7, 7:2:0:0:11, 6:2:0:0:10, 5:1:0:0:8, 5:1:0:0:7, 8:3:0:0:15, 6:2:0:0:9, 7:1:1:0:6, 6:0:0:0:5, 6:2:0:0:11, 7:1:0:0:7, 5:1:0:0:6, 4:0:0:0:3, 6:2:0:0:8, 7:3:0:0:10, 6:1:0:0:7, 4:0:0:0:4, 6:2:0:0:9, 6:1:0:0:6, 6:3:0:0:12, 7:1:0:0:10, 5:3:0:0:7, 7:4:0:0:7, 6:5:0:0:6, 7:11:0:0:16, 8:10:0:0:14, 6:2:0:0:10, 7:5:0:0:11, 7:2:0:0:13, 6:1:0:0:8, 6:3:0:0:7, 7:1:2:0:7, 7:0:0:0:7, 7:5:0:0:15, 7:2:0:0:11, 4:1:0:0:5, 4:0:0:0:3, 9:4:0:0:16, 6:3:0:0:12, 5:1:0:0:5, 5:0:0:0:5, 6:2:0:0:8, 6:1:0:0:7, 5:2:0:0:8, 6:0:0:0:7, 7:2:0:0:11, 6:1:0:0:6, 5:2:0:0:8, 6:0:0:0:6, 7:2:0:0:11, 8:2:0:0:9, 5:3:0:0:8, 7:0:0:0:5, 5:2:0:0:8, 5:4:0:0:8, 6:4:0:0:6, 10:6:1:0:11, 6:9:0:0:12, 6:2:0:0:10, 5:4:1:0:7, 7:2:0:0:13, 5:0:0:0:6, 5:2:0:0:4, 4:1:0:0:5, 7:1:0:0:6, 6:2:0:0:10, 6:1:0:0:7, 4:2:0:0:7, 5:0:0:0:6, 6:1:0:0:8, 5:1:0:0:5, 1:0:0:0:1, 1:0:0:0:1, 1:0:0:0:1, 1928:697:18:0:2736
F# major (6#), 2:0:0:0:0, 5:0:0:0:2, 5:0:0:0:2, 4:0:0:0:0, 5:0:0:0:3, 5:0:0:0:2, 5:0:0:0:2, 4:0:0:0:0, 5:0:0:0:2, 5:0:0:0:2, 5:0:0:0:2, 4:0:0:0:0, 5:0:0:0:3, 5:0:0:0:2, 5:0:0:0:2, 2:0:0:0:0, 2:0:0:0:0, 1:0:0:0:0, 1:0:0:0:0, 0:0:0:0:0, 7:2:0:0:3, 3:0:0:0:0, 5:0:0:0:0, 5:0:0:0:4, 4:0:0:0:1, 5:0:0:0:2, 5:0:0:0:2, 4:0:0:0:0, 5:0:0:0:3, 5:0:0:0:2, 5:0:0:0:2, 4:0:0:0:0, 5:0:0:0:2, 4:1:0:0:1, 6:0:0:0:1, 4:2:0:0:2, 6:0:0:0:3, 2:0:0:0:0, 6:0:0:0:2, 5:0:0:0:1, 5:0:0:0:2, 4:0:0:0:1, 5:0:0:0:2, 4:0:0:0:0, 9:1:0:0:5, 6:0:0:2:3, 6:2:0:0:6, 3:0:0:0:0, 2:0:0:0:0, 1:0:0:0:0, 1:0:0:0:0, 0:0:0:0:0, 7:4:0:0:6, 8:0:0:0:1, 4:0:0:0:0, 5:0:0:0:1, 3:0:0:0:1, 2:0:0:0:0, 4:0:0:0:1, 3:0:0:0:0, 5:0:0:0:5, 2:0:0:0:0, 4:0:0:0:1, 7:0:0:0:1, 5:0:0:0:2, 2:0:0:0:0, 5:0:0:0:2, 5:0:0:0:2, 7:0:0:0:3, 3:0:0:0:0, 4:0:0:0:1, 4:0:0:0:0, 6:0:0:0:3, 6:1:0:0:2, 4:0:0:0:2, 4:0:0:0:1, 5:0:0:0:2, 2:0:0:0:0, 6:0:0:0:1, 2:0:0:0:0, 2:0:0:0:0, 0:0:0:0:0, 1:0:0:0:0, 1:0:0:0:0, 8:3:0:0:4, 4:0:1:0:0, 4:0:0:0:0, 5:0:0:0:1, 3:0:0:0:1, 5:0:0:0:1, 5:0:0:0:2, 6:0:0:0:2, 7:0:0:0:3, 2:0:0:0:0, 4:0:0:0:1, 4:0:0:0:0, 5:0:0:0:2, 2:0:0:0:0, 4:0:0:0:2, 3:0:0:0:0, 5:0:0:0:3, 2:0:0:0:0, 4:0:0:0:1, 4:0:0:0:0, 5:0:0:0:2, 4:0:0:0:0, 5:0:0:0:2, 3:0:0:0:0, 7:0:0:0:3, 3:0:0:0:0, 4:0:0:0:1, 3:0:0:0:0, 2:0:0:0:0, 1:0:0:0:0, 1:0:0:0:0, 0:0:0:0:0, 6:2:0:0:3, 3:0:0:0:0, 4:0:0:0:0, 6:0:0:0:2, 6:1:0:0:4, 2:0:0:0:0, 4:0:0:0:2, 3:0:0:0:0, 5:0:0:0:2, 4:0:0:0:1, 6:0:0:0:3, 7:0:0:0:1, 5:0:0:0:2, 2:0:0:0:0, 4:0:0:0:1, 4:0:0:0:1, 6:0:0:0:3, 2:0:0:0:0, 5:0:0:0:3, 4:0:0:0:0, 5:0:0:0:2, 3:0:0:0:2, 7:0:0:0:1, 3:0:0:0:0, 6:0:0:0:2, 4:0:0:0:1, 6:0:0:0:1, 3:0:0:0:0, 3:0:0:0:0, 1:0:0:0:0, 1:0:0:0:0, 1:0:0:0:0, 9:5:0:0:6, 4:1:0:0:1, 4:0:0:0:0, 5:0:0:0:2, 5:2:0:0:5, 4:0:0:0:1, 6:0:0:0:3, 5:0:0:0:1, 7:1:0:0:6, 2:0:0:0:0, 4:0:0:0:1, 4:0:0:0:0, 8:0:0:0:2, 2:0:0:0:0, 5:0:0:0:2, 4:0:0:0:0, 6:0:0:0:3, 4:0:0:0:1, 4:0:0:0:1, 4:0:0:0:0, 5:0:0:0:2, 4:0:0:0:0, 4:0:0:0:4, 4:0:0:0:1, 7:0:0:0:3, 3:0:0:0:0, 4:0:0:0:1, 3:0:0:0:0, 2:0:0:0:0, 1:0:0:0:0, 1:0:0:0:0, 1:0:0:0:0, 9:5:1:0:6, 4:0:0:0:0, 4:0:0:0:0, 4:0:0:0:1, 4:0:0:0:1, 2:0:0:0:0, 4:0:0:0:1, 3:0:0:0:0, 5:0:0:0:2, 2:0:0:0:0, 4:0:0:0:1, 4:0:0:0:0, 5:0:0:0:2, 2:0:0:0:0, 4:0:0:0:2, 5:0:0:0:0, 5:0:0:0:2, 3:0:0:0:0, 4:0:0:0:3, 4:0:0:0:0, 5:0:0:0:2, 2:0:0:0:0, 4:0:0:0:2, 5:0:0:0:0, 5:0:0:0:2, 2:0:0:0:0, 4:0:0:0:3, 2:0:0:0:0, 2:0:0:0:0, 0:0:0:0:0, 1:0:0:0:0, 0:0:0:0:0, 6:3:0:0:4, 2:0:0:0:0, 4:0:0:0:0, 5:0:0:0:1, 3:0:0:0:1, 4:0:0:0:1, 5:0:0:0:2, 4:0:0:0:1, 6:1:0:0:4, 3:0:0:0:0, 4:0:0:0:1, 5:0:0:0:0, 5:0:0:0:2, 3:0:0:0:0, 4:0:0:0:3, 3:0:0:0:0, 5:0:0:0:2, 3:0:0:0:0, 6:0:0:0:3, 4:0:0:0:0, 5:0:0:0:2, 4:0:0:0:1, 6:0:0:0:3, 4:0:0:0:1, 5:0:0:0:3, 6:0:0:0:1, 4:0:0:0:1, 3:0:0:0:0, 4:0:0:0:0, 0:0:0:0:0, 2:0:0:0:0, 0:0:0:0:0, 7:3:0:0:4, 2:0:0:0:0, 4:0:0:0:0, 6:0:0:0:2, 3:0:0:0:1, 3:0:0:0:0, 5:0:0:0:1, 4:0:0:0:0, 5:0:0:0:2, 3:0:0:0:0, 4:0:0:0:1, 6:0:0:0:0, 5:0:0:0:2, 6:0:0:0:1, 5:0:0:0:3, 3:0:0:0:0, 5:0:0:0:4, 3:0:0:0:0, 4:0:0:0:1, 4:0:0:0:0, 6:0:0:0:3, 4:0:0:0:1, 5:3:0:0:5, 3:0:0:0:0, 5:0:0:0:2, 4:0:0:0:0, 5:0:0:0:3, 3:0:0:0:0, 3:0:0:0:0, 1:0:0:0:1, 1:0:0:0:0, 2:0:0:0:0, 6:3:0:0:4, 5:1:0:0:1, 6:0:0:0:0, 6:0:0:0:1, 4:0:0:0:1, 6:0:0:0:2, 7:0:0:0:2, 4:0:0:0:1, 5:0:0:0:3, 2:0:0:0:0, 4:0:0:0:1, 7:0:0:0:1, 6:0:0:0:2, 2:0:0:0:0, 6:0:0:0:3, 3:0:0:0:0, 5:0:0:0:2, 3:0:0:0:0, 5:0:0:0:3, 5:0:0:0:0, 5:0:0:0:2, 3:0:0:0:0, 5:0:0:0:1, 4:0:0:0:1, 6:0:0:0:2, 3:0:0:0:0, 5:0:0:0:1, 3:0:0:0:0, 2:0:0:0:0, 2:0:0:0:1, 4:0:1:0:0, 0:0:0:0:0, 6:3:0:0:4, 3:0:1:0:0, 4:0:0:0:0, 6:0:0:0:1, 3:0:0:0:1, 2:0:0:0:0, 7:0:0:0:3, 3:0:0:0:0, 5:0:0:0:2, 2:0:0:0:0, 5:0:0:0:2, 3:0:0:0:0, 4:0:0:0:1, 1:0:0:0:0, 1:0:0:0:0, 1:0:0:0:0, 1298:50:4:2:379
Eb minor (6b), 2:0:0:0:2, 7:3:0:0:18, 7:0:0:0:9, 6:2:0:0:9, 7:3:0:0:15, 7:3:0:0:18, 7:0:0:0:9, 6:2:0:0:9, 6:2:0:0:9, 7:3:0:0:18, 7:0:0:0:9, 6:2:0:0:9, 7:3:0:0:15, 7:3:0:0:18, 7:0:0:0:9, 4:1:0:0:5, 6:4:0:0:9, 7:5:0:0:7, 7:10:0:0:15, 6:11:0:0:15, 7:5:0:0:12, 6:3:0:0:9, 8:3:0:0:15, 7:0:0:0:8, 6:1:0:0:6, 7:3:0:0:18, 7:0:0:0:9, 6:2:0:0:9, 7:3:0:0:15, 7:3:0:0:18, 7:0:0:0:9, 6:2:0:0:9, 6:1:0:0:6, 5:1:1:0:7, 6:0:0:0:7, 8:3:0:0:15, 6:1:0:0:8, 5:3:0:0:8, 5:0:0:0:7, 7:2:0:0:9, 7:3:0:0:18, 6:1:0:0:8, 6:1:0:0:10, 7:2:0:0:12, 11:2:0:0:12, 9:1:0:0:11, 6:1:0:0:12, 6:2:0:0:10, 6:5:0:0:9, 6:5:0:0:7, 7:6:0:0:12, 6:9:0:0:11, 7:4:0:0:13, 9:3:1:0:9, 7:3:0:0:16, 5:0:0:0:4, 5:2:0:0:4, 5:1:0:0:5, 4:0:0:0:6, 6:2:0:0:11, 7:1:0:0:8, 5:1:0:0:5, 4:0:0:0:3, 9:2:0:0:11, 6:1:0:0:6, 4:1:0:0:6, 6:0:0:0:5, 8:3:0:0:14, 9:2:0:0:11, 5:3:0:0:9, 4:0:0:0:5, 6:2:0:0:8, 9:2:0:0:11, 8:1:2:0:6, 6:2:0:0:10, 7:3:0:0:11, 7:3:0:0:12, 4:1:0:0:6, 5:0:0:0:4, 4:1:0:0:6, 5:3:0:0:5, 4:4:0:0:5, 6:7:0:0:11, 6:7:0:0:10, 8:5:0:0:12, 7:4:1:0:9, 7:2:0:0:12, 6:0:0:0:6, 5:2:0:0:4, 7:2:0:0:10, 6:0:0:0:5, 9:3:0:0:12, 9:2:0:0:11, 4:1:0:0:7, 5:1:0:0:9, 6:2:0:0:9, 6:1:0:0:7, 4:1:0:0:4, 4:0:0:0:3, 6:2:0:0:9, 7:1:0:0:7, 4:1:0:0:7, 4:0:0:0:3, 6:2:0:0:8, 6:1:0:0:6, 6:1:0:0:8, 6:0:0:0:8, 6:4:0:0:12, 9:2:0:0:10, 5:3:0:0:10, 4:0:0:0:3, 5:2:0:0:9, 5:3:0:0:6, 5:3:2:0:4, 7:8:0:0:12, 6:7:0:0:9, 6:2:0:0:7, 5:2:0:0:7, 6:3:0:0:14, 7:0:0:0:8, 7:3:1:0:7, 4:1:0:0:5, 5:0:0:0:7, 6:2:0:0:9, 6:1:0:0:6, 6:2:0:0:10, 6:1:0:0:8, 9:4:0:0:14, 6:1:0:0:8, 5:1:0:0:7, 4:0:0:0:5, 7:2:0:0:11, 6:2:0:0:12, 4:1:0:0:7, 4:0:0:0:4, 6:2:0:0:9, 6:1:0:0:6, 5:1:0:0:6, 6:0:0:0:6, 6:2:0:0:8, 8:1:0:0:6, 6:2:0:0:11, 6:0:0:0:4, 5:2:0:0:9, 6:5:0:0:10, 6:5:1:0:6, 7:10:0:0:15, 7:11:1:0:14, 7:2:0:0:9, 5:4:0:0:9, 6:1:0:0:8, 6:0:0:0:9, 5:3:0:0:8, 6:3:0:0:11, 6:1:0:0:7, 8:3:0:0:14, 8:2:0:0:9, 4:1:0:0:5, 4:0:0:0:3, 7:3:0:0:10, 9:1:0:0:7, 5:1:0:0:6, 6:0:0:0:3, 7:4:0:0:11, 8:2:0:0:11, 6:2:0:0:9, 5:1:0:0:8, 6:2:0:0:11, 6:1:0:0:7, 6:3:0:0:12, 6:0:0:0:7, 7:4:0:0:14, 7:1:0:0:11, 5:3:0:0:10, 4:0:0:0:3, 5:2:0:0:9, 5:3:0:0:5, 5:3:1:0:4, 7:12:0:0:16, 7:10:0:0:14, 9:5:0:0:11, 6:5:0:0:12, 7:1:0:0:9, 4:0:0:0:3, 6:3:0:0:9, 4:1:0:0:7, 5:1:0:0:8, 6:2:0:0:10, 6:1:0:0:7, 4:1:0:0:6, 4:0:0:0:4, 6:2:0:0:10, 6:1:0:0:6, 5:1:0:0:4, 4:0:0:0:3, 7:2:0:0:9, 6:1:0:0:7, 5:1:0:0:5, 4:0:0:0:4, 6:2:0:0:9, 6:1:0:0:7, 5:1:0:0:4, 5:0:0:0:4, 7:2:0:0:9, 6:1:0:0:7, 5:1:0:0:4, 5:0:0:0:5, 4:1:0:0:5, 6:3:0:0:5, 4:3:0:0:4, 7:6:0:0:10, 5:6:0:0:8, 6:3:0:0:10, 4:2:0:0:5, 6:3:0:0:13, 5:0:0:0:5, 5:2:0:0:4, 6:1:0:0:6, 6:0:0:0:6, 7:4:0:0:14, 7:3:0:0:12, 6:3:1:0:10, 4:0:0:0:3, 7:2:0:0:11, 6:1:0:0:6, 5:2:0:0:8, 6:1:0:0:9, 6:2:0:0:9, 6:1:0:0:6, 5:1:0:0:7, 6:0:0:0:7, 6:2:0:0:11, 6:1:0:0:7, 6:2:0:0:11, 6:1:0:0:8, 7:4:0:0:14, 6:2:0:0:12, 7:3:1:0:10, 4:0:0:0:4, 5:2:0:0:7, 7:4:0:0:9, 5:5:0:0:6, 7:5:0:0:11, 5:7:0:0:9, 7:2:0:0:8, 4:2:0:0:6, 7:2:0:0:12, 5:0:0:0:6, 5:2:0:0:4, 5:2:0:0:7, 5:0:0:0:7, 7:2:0:0:11, 6:2:0:0:10, 5:1:0:0:8, 5:1:0:0:7, 8:3:0:0:15, 6:2:0:0:9, 7:1:1:0:6, 6:0:0:0:5, 6:2:0:0:11, 7:1:0:0:7, 5:1:0:0:6, 4:0:0:0:3, 6:2:0:0:8, 7:3:0:0:10, 6:1:0:0:7, 4:0:0:0:4, 6:2:0:0:9, 6:1:0:0:6, 6:3:0:0:12, 7:1:0:0:10, 5:3:0:0:7, 7:4:0:0:7, 6:5:0:0:6, 7:11:0:0:16, 8:10:0:0:14, 6:2:0:0:10, 7:5:0:0:11, 7:2:0:0:13, 6:1:0:0:8, 6:3:0:0:7, 7:1:2:0:7, 7:0:0:0:7, 7:5:0:0:15, 7:2:0:0:11, 4:1:0:0:5, 4:0:0:0:3, 9:4:0:0:16, 6:3:0:0:12, 5:1:0:0:5, 5:0:0:0:5, 6:2:0:0:8, 6:1:0:0:7, 5:2:0:0:8, 6:0:0:0:7, 7:2:0:0:11, 6:1:0:0:6, 5:2:0:0:8, 6:0:0:0:6, 7:2:0:0:11, 8:2:0:0:9, 5:3:0:0:8, 7:0:0:0:5, 5:2:0:0:8, 5:4:0:0:8, 6:4:0:0:6, 10:6:1:0:11, 6:9:0:0:12, 6:2:0:0:10, 5:4:1:0:7, 7:2:0:0:13, 5:0:0:0:6, 5:2:0:0:4, 4:1:0:0:5, 7:1:0:0:6, 6:2:0:0:10, 6:1:0:0:7, 4:2:0:0:7, 5:0:0:0:6, 6:1:0:0:8, 5:1:0:0:5, 1:0:0:0:1, 1:0:0:0:1, 1:0:0:0:1, 1928:697:18:0:2736
D# minor (6#), 2:0:0:0:0, 5:0:0:0:2, 5:0:0:0:2, 4:0:0:0:0, 5:0:0:0:3, 5:0:0:0:2, 5:0:0:0:2, 4:0:0:0:0, 5:0:0:0:2, 5:0:0:0:2, 5:0:0:0:2, 4:0:0:0:0, 5:0:0:0:3, 5:0:0:0:2, 5:0:0:0:2, 2:0:0:0:0, 2:0:0:0:0, 1:0:0:0:0, 1:0:0:0:0, 0:0:0:0:0, 7:2:0:0:3, 3:0:0:0:0, 5:0:0:0:0, 5:0:0:0:4, 4:0:0:0:1, 5:0:0:0:2, 5:0:0:0:2, 4:0:0:0:0, 5:0:0:0:3, 5:0:0:0:2, 5:0:0:0:2, 4:0:0:0:0, 5:0:0:0:2, 4:1:0:0:1, 6:0:0:0:1, 4:2:0:0:2, 6:0:0:0:3, 2:0:0:0:0, 6:0:0:0:2, 5:0:0:0:1, 5:0:0:0:2, 4:0:0:0:1, 5:0:0:0:2, 4:0:0:0:0, 9:1:0:0:5, 6:0:0:2:3, 6:2:0:0:6, 3:0:0:0:0, 2:0:0:0:0, 1:0:0:0:0, 1:0:0:0:0, 0:0:0:0:0, 7:4:0:0:6, 8:0:0:0:1, 4:0:0:0:0, 5:0:0:0:1, 3:0:0:0:1, 2:0:0:0:0, 4:0:0:0:1, 3:0:0:0:0, 5:0:0:0:5, 2:0:0:0:0, 4:0:0:0:1, 7:0:0:0:1, 5:0:0:0:2, 2:0:0:0:0, 5:0:0:0:2, 5:0:0:0:2, 7:0:0:0:3, 3:0:0:0:0, 4:0:0:0:1, 4:0:0:0:0, 6:0:0:0:3, 6:1:0:0:2, 4:0:0:0:2, 4:0:0:0:1, 5:0:0:0:2, 2:0:0:0:0, 6:0:0:0:1, 2:0:0:0:0, 2:0:0:0:0, 0:0:0:0:0, 1:0:0:0:0, 1:0:0:0:0, 8:3:0:0:4, 4:0:1:0:0, 4:0:0:0:0, 5:0:0:0:1, 3:0:0:0:1, 5:0:0:0:1, 5:0:0:0:2, 6:0:0:0:2, 7:0:0:0:3, 2:0:0:0:0, 4:0:0:0:1, 4:0:0:0:0, 5:0:0:0:2, 2:0:0:0:0, 4:0:0:0:2, 3:0:0:0:0, 5:0:0:0:3, 2:0:0:0:0, 4:0:0:0:1, 4:0:0:0:0, 5:0:0:0:2, 4:0:0:0:0, 5:0:0:0:2, 3:0:0:0:0, 7:0:0:0:3, 3:0:0:0:0, 4:0:0:0:1, 3:0:0:0:0, 2:0:0:0:0, 1:0:0:0:0, 1:0:0:0:0, 0:0:0:0:0, 6:2:0:0:3, 3:0:0:0:0, 4:0:0:0:0, 6:0:0:0:2, 6:1:0:0:4, 2:0:0:0:0, 4:0:0:0:2, 3:0:0:0:0, 5:0:0:0:2, 4:0:0:0:1, 6:0:0:0:3, 7:0:0:0:1, 5:0:0:0:2, 2:0:0:0:0, 4:0:0:0:1, 4:0:0:0:1, 6:0:0:0:3, 2:0:0:0:0, 5:0:0:0:3, 4:0:0:0:0, 5:0:0:0:2, 3:0:0:0:2, 7:0:0:0:1, 3:0:0:0:0, 6:0:0:0:2, 4:0:0:0:1, 6:0:0:0:1, 3:0:0:0:0, 3:0:0:0:0, 1:0:0:0:0, 1:0:0:0:0, 1:0:0:0:0, 9:5:0:0:6, 4:1:0:0:1, 4:0:0:0:0, 5:0:0:0:2, 5:2:0:0:5, 4:0:0:0:1, 6:0:0:0:3, 5:0:0:0:1, 7:1:0:0:6, 2:0:0:0:0, 4:0:0:0:1, 4:0:0:0:0, 8:0:0:0:2, 2:0:0:0:0, 5:0:0:0:2, 4:0:0:0:0, 6:0:0:0:3, 4:0:0:0:1, 4:0:0:0:1, 4:0:0:0:0, 5:0:0:0:2, 4:0:0:0:0, 4:0:0:0:4, 4:0:0:0:1, 7:0:0:0:3, 3:0:0:0:0, 4:0:0:0:1, 3:0:0:0:0, 2:0:0:0:0, 1:0:0:0:0, 1:0:0:0:0, 1:0:0:0:0, 9:5:1:0:6, 4:0:0:0:0, 4:0:0:0:0, 4:0:0:0:1, 4:0:0:0:1, 2:0:0:0:0, 4:0:0:0:1, 3:0:0:0:0, 5:0:0:0:2, 2:0:0:0:0, 4:0:0:0:1, 4:0:0:0:0, 5:0:0:0:2, 2:0:0:0:0, 4:0:0:0:2, 5:0:0:0:0, 5:0:0:0:2, 3:0:0:0:0, 4:0:0:0:3, 4:0:0:0:0, 5:0:0:0:2, 2:0:0:0:0, 4:0:0:0:2, 5:0:0:0:0, 5:0:0:0:2, 2:0:0:0:0, 4:0:0:0:3, 2:0:0:0:0, 2:0:0:0:0, 0:0:0:0:0, 1:0:0:0:0, 0:0:0:0:0, 6:3:0:0:4, 2:0:0:0:0, 4:0:0:0:0, 5:0:0:0:1, 3:0:0:0:1, 4:0:0:0:1, 5:0:0:0:2, 4:0:0:0:1, 6:1:0:0:4, 3:0:0:0:0, 4:0:0:0:1, 5:0:0:0:0, 5:0:0:0:2, 3:0:0:0:0, 4:0:0:0:3, 3:0:0:0:0, 5:0:0:0:2, 3:0:0:0:0, 6:0:0:0:3, 4:0:0:0:0, 5:0:0:0:2, 4:0:0:0:1, 6:0:0:0:3, 4:0:0:0:1, 5:0:0:0:3, 6:0:0:0:1, 4:0:0:0:1, 3:0:0:0:0, 4:0:0:0:0, 0:0:0:0:0, 2:0:0:0:0, 0:0:0:0:0, 7:3:0:0:4, 2:0:0:0:0, 4:0:0:0:0, 6:0:0:0:2, 3:0:0:0:1, 3:0:0:0:0, 5:0:0:0:1, 4:0:0:0:0, 5:0:0:0:2, 3:0:0:0:0, 4:0:0:0:1, 6:0:0:0:0, 5:0:0:0:2, 6:0:0:0:1, 5:0:0:0:3, 3:0:0:0:0, 5:0:0:0:4, 3:0:0:0:0, 4:0:0:0:1, 4:0:0:0:0, 6:0:0:0:3, 4:0:0:0:1, 5:3:0:0:5, 3:0:0:0:0, 5:0:0:0:2, 4:0:0:0:0, 5:0:0:0:3, 3:0:0:0:0, 3:0:0:0:0, 1:0:0:0:1, 1:0:0:0:0, 2:0:0:0:0, 6:3:0:0:4, 5:1:0:0:1, 6:0:0:0:0, 6:0:0:0:1, 4:0:0:0:1, 6:0:0:0:2, 7:0:0:0:2, 4:0:0:0:1, 5:0:0:0:3, 2:0:0:0:0, 4:0:0:0:1, 7:0:0:0:1, 6:0:0:0:2, 2:0:0:0:0, 6:0:0:0:3, 3:0:0:0:0, 5:0:0:0:2, 3:0:0:0:0, 5:0:0:0:3, 5:0:0:0:0, 5:0:0:0:2, 3:0:0:0:0, 5:0:0:0:1, 4:0:0:0:1, 6:0:0:0:2, 3:0:0:0:0, 5:0:0:0:1, 3:0:0:0:0, 2:0:0:0:0, 2:0:0:0:1, 4:0:1:0:0, 0:0:0:0:0, 6:3:0:0:4, 3:0:1:0:0, 4:0:0:0:0, 6:0:0:0:1, 3:0:0:0:1, 2:0:0:0:0, 7:0:0:0:3, 3:0:0:0:0, 5:0:0:0:2, 2:0:0:0:0, 5:0:0:0:2, 3:0:0:0:0, 4:0:0:0:1, 1:0:0:0:0, 1:0:0:0:0, 1:0:0:0:0, 1298:50:4:2:379
Cb major (7b), 1:0:0:0:1, 7:3:0:0:20, 7:0:0:0:9, 6:2:0:0:9, 7:3:0:0:17, 7:3:0:0:20, 7:0:0:0:9, 6:2:0:0:9, 6:2:0:0:11, 7:3:0:0:20, 7:0:0:0:9, 6:2:0:0:9, 7:3:0:0:17, 7:3:0:0:20, 7:0:0:0:9, 4:1:0:0:5, 6:4:0:0:9, 7:5:0:0:6, 7:10:0:0:14, 6:11:0:0:15, 7:5:0:0:13, 6:3:0:0:8, 8:3:0:0:14, 7:0:0:0:12, 6:1:0:0:6, 7:3:0:0:20, 7:0:0:0:9, 6:2:0:0:9, 7:3:0:0:17, 7:3:0:0:20, 7:0:0:0:9, 6:2:0:0:9, 6:1:0:0:8, 5:1:0:0:7, 6:0:0:0:7, 8:3:0:0:15, 6:1:0:0:11, 5:3:0:0:8, 6:0:0:0:9, 7:2:0:0:10, 7:3:0:0:19, 6:1:0:0:8, 6:1:0:0:9, 7:2:0:0:12, 11:2:0:0:15, 9:1:0:0:12, 6:1:0:0:14, 6:2:0:0:10, 6:5:0:0:9, 6:5:0:0:6, 7:6:0:0:12, 6:9:0:0:11, 7:4:0:0:15, 9:3:0:0:10, 7:3:0:0:16, 5:0:0:0:5, 5:2:0:0:5, 5:1:0:0:5, 4:0:0:0:6, 6:2:0:0:11, 7:1:0:0:13, 5:1:0:0:5, 4:0:0:0:4, 9:2:0:0:12, 6:1:0:0:8, 4:1:0:0:6, 6:0:0:0:6, 8:3:0:0:15, 9:2:0:0:14, 5:3:0:0:9, 4:0:0:0:5, 6:2:0:0:8, 9:2:0:0:14, 8:1:0:0:7, 6:2:0:0:12, 7:3:0:0:12, 7:3:0:0:14, 4:1:0:0:6, 5:0:0:0:5, 4:1:0:0:6, 5:3:0:0:5, 4:4:0:0:5, 6:7:0:0:10, 6:7:0:0:10, 8:5:0:0:13, 7:4:1:0:8, 7:2:0:0:12, 6:0:0:0:7, 5:2:0:0:5, 7:2:0:0:11, 6:0:0:0:7, 9:3:0:0:13, 9:2:0:0:14, 4:1:0:0:7, 5:1:0:0:9, 6:2:0:0:9, 6:1:0:0:9, 4:1:0:0:4, 4:0:0:0:5, 6:2:0:0:9, 7:1:0:0:10, 4:1:0:0:7, 4:0:0:0:4, 6:2:0:0:8, 6:1:0:0:8, 6:1:0:0:7, 6:0:0:0:8, 6:4:0:0:12, 9:2:0:0:12, 5:3:0:0:10, 4:0:0:0:4, 5:2:0:0:9, 5:3:0:0:6, 5:3:0:0:4, 7:8:0:0:12, 6:7:0:0:9, 6:2:0:0:8, 5:2:0:0:6, 6:3:0:0:13, 7:0:0:0:8, 7:3:0:0:10, 4:1:0:0:5, 5:0:0:0:8, 6:2:0:0:9, 6:1:0:0:8, 6:2:0:0:11, 6:0:0:0:9, 9:4:0:0:15, 6:1:0:0:10, 5:1:0:0:7, 4:0:0:0:6, 7:2:0:0:12, 6:2:0:0:15, 4:1:0:0:7, 4:0:0:0:6, 6:2:0:0:9, 6:1:0:0:8, 5:1:0:0:8, 6:0:0:0:7, 6:2:0:0:8, 8:1:0:0:8, 6:2:0:0:12, 6:0:0:0:5, 5:2:0:0:9, 6:5:0:0:10, 6:5:0:0:6, 7:10:0:0:15, 7:11:0:0:14, 7:2:0:0:10, 5:4:0:0:9, 6:1:0:0:8, 6:0:0:0:9, 5:3:0:0:11, 6:3:0:0:12, 6:0:0:0:8, 8:3:0:0:15, 8:2:0:0:14, 4:1:0:0:5, 4:0:0:0:4, 7:3:0:0:10, 9:1:0:0:9, 5:1:0:0:6, 6:0:0:0:5, 7:4:0:0:11, 8:2:0:0:14, 6:2:0:0:10, 5:1:0:0:9, 6:2:0:0:11, 6:1:0:0:9, 6:3:0:0:12, 6:0:0:0:10, 7:4:0:0:15, 8:1:0:0:14, 5:3:0:0:10, 4:0:0:0:4, 5:2:0:0:9, 5:3:0:0:5, 5:3:0:0:4, 7:12:0:0:16, 7:10:0:0:14, 9:5:0:0:12, 6:5:0:0:12, 7:1:0:0:9, 4:0:0:0:4, 6:3:0:0:10, 4:1:0:0:7, 5:1:0:0:9, 6:2:0:0:10, 6:1:0:0:9, 4:1:0:0:6, 4:0:0:0:5, 6:2:0:0:10, 6:1:0:0:8, 5:1:0:0:4, 4:0:0:0:5, 7:2:0:0:9, 6:1:0:0:9, 5:1:0:0:5, 4:0:0:0:6, 6:2:0:0:9, 6:1:0:0:9, 5:1:0:0:4, 5:0:0:0:6, 7:2:0:0:9, 6:1:0:0:9, 5:1:0:0:4, 5:0:0:0:7, 4:1:0:0:5, 6:3:0:0:5, 4:3:0:0:4, 7:6:0:0:10, 5:6:0:0:8, 6:3:0:0:11, 4:2:0:0:5, 6:3:0:0:12, 5:0:0:0:6, 5:2:0:0:5, 6:1:0:0:7, 6:0:0:0:7, 7:4:0:0:15, 7:3:0:0:15, 6:3:1:0:10, 4:0:0:0:4, 7:2:0:0:11, 6:1:0:0:8, 5:2:0:0:8, 6:1:0:0:11, 6:2:0:0:9, 6:1:0:0:8, 5:1:0:0:6, 6:0:0:0:9, 6:2:0:0:11, 6:1:0:0:9, 6:2:0:0:12, 6:0:0:0:9, 7:4:0:0:15, 6:2:0:0:14, 7:3:1:0:11, 4:0:0:0:5, 5:2:0:0:7, 7:4:0:0:9, 5:5:0:0:6, 7:5:0:0:11, 5:7:0:0:9, 7:2:0:0:9, 4:2:0:0:6, 7:2:0:0:12, 5:0:0:0:7, 5:2:0:0:5, 5:2:0:0:7, 5:0:0:0:7, 7:2:0:0:11, 6:2:0:0:12, 5:1:0:0:7, 5:1:0:0:8, 8:3:0:0:15, 6:2:0:0:11, 7:1:0:0:7, 6:0:0:0:8, 6:2:0:0:11, 7:1:0:0:11, 5:1:0:0:6, 4:0:0:0:4, 6:2:0:0:8, 7:3:0:0:13, 6:1:0:0:8, 4:0:0:0:5, 6:2:0:0:9, 6:1:0:0:8, 6:3:0:0:12, 7:1:0:0:12, 5:3:0:0:7, 7:4:0:0:7, 6:5:0:0:7, 7:11:0:0:15, 8:10:0:0:14, 6:2:0:0:11, 7:5:0:0:10, 8:2:0:0:12, 6:1:0:0:8, 6:3:0:0:8, 7:1:0:0:9, 7:0:0:0:9, 7:5:0:0:16, 7:2:0:0:14, 4:1:0:0:5, 4:0:0:0:4, 9:4:0:0:17, 7:3:0:0:13, 5:1:0:0:5, 5:0:0:0:7, 6:2:0:0:8, 6:1:0:0:9, 5:2:0:0:7, 6:0:0:0:10, 7:2:0:0:11, 6:1:0:0:8, 5:2:0:0:8, 6:0:0:0:6, 7:2:0:0:12, 8:2:0:0:11, 5:3:0:0:8, 7:0:0:0:6, 5:2:0:0:8, 5:4:0:0:8, 6:4:0:0:7, 10:6:1:0:10, 6:9:0:0:12, 6:2:0:0:11, 5:4:1:0:7, 7:2:0:0:11, 5:0:0:0:6, 5:2:0:0:5, 4:1:0:0:5, 7:0:0:0:7, 6:2:0:0:10, 6:1:0:0:9, 4:2:0:0:7, 5:0:0:0:6, 6:1:0:0:8, 6:1:0:0:5, 1:0:0:0:1, 1:0:0:0:1, 1:0:0:0:1, 1932:693:5:0:2975
C# major (7#), 2:0:0:0:0, 6:0:0:0:5, 6:0:0:0:3, 5:0:0:0:1, 6:0:0:0:5, 6:0:0:0:5, 6:0:0:0:3, 5:0:0:0:2, 5:0:0:0:3, 6:0:0:0:5, 6:0:0:0:3, 5:0:0:0:1, 6:0:0:0:5, 6:0:0:0:5, 6:0:0:0:3, 3:0:0:0:2, 3:0:0:0:2, 2:0:0:0:0, 2:0:0:0:0, 1:0:0:0:0, 7:2:0:0:5, 4:0:0:0:0, 6:0:0:0:4, 6:0:0:0:5, 4:0:0:0:1, 6:0:0:0:5, 6:0:0:0:3, 5:0:0:0:1, 6:0:0:0:5, 6:0:0:0:5, 6:0:0:0:3, 5:0:0:0:2, 5:0:0:0:3, 5:1:0:0:2, 7:0:0:0:2, 5:2:0:0:2, 6:0:0:0:4, 3:0:0:0:1, 6:0:0:0:4, 6:0:0:0:2, 6:0:0:0:6, 5:0:0:0:1, 5:0:0:0:3, 5:0:0:0:1, 10:1:0:0:6, 7:0:0:2:4, 6:2:0:0:8, 4:0:0:0:3, 2:0:0:0:2, 2:0:0:0:0, 2:0:0:0:0, 1:0:0:0:0, 7:4:0:0:8, 8:0:0:0:2, 5:0:0:0:3, 5:0:0:0:2, 3:0:0:0:1, 3:0:0:0:2, 4:0:0:0:3, 4:0:0:0:0, 6:0:0:0:5, 3:0:0:0:1, 4:0:0:0:2, 8:0:0:0:3, 5:0:0:0:3, 3:0:0:0:2, 6:0:0:0:2, 6:0:0:0:2, 8:0:0:0:4, 4:0:0:0:2, 4:0:0:0:3, 5:0:0:0:1, 7:0:0:0:4, 7:1:0:0:3, 5:0:0:0:4, 5:0:0:0:0, 6:0:0:0:4, 3:0:0:0:2, 6:1:0:0:3, 3:0:0:0:2, 2:0:0:0:1, 1:0:0:0:0, 2:0:0:0:0, 2:0:0:0:0, 8:3:0:0:6, 5:0:0:0:0, 5:0:0:0:3, 5:0:0:0:2, 3:0:0:0:1, 6:0:0:0:4, 6:0:0:0:3, 7:0:0:0:2, 8:0:0:0:4, 3:0:0:0:2, 4:0:0:0:5, 5:0:0:0:2, 5:0:0:0:3, 3:0:0:0:1, 4:0:0:0:2, 4:0:0:0:0, 5:0:0:0:3, 3:0:0:0:4, 4:0:0:0:2, 5:0:0:0:1, 5:0:0:0:3, 5:0:0:0:2, 5:0:0:0:4, 4:0:0:0:0, 8:0:0:0:4, 4:0:0:0:3, 4:0:0:0:2, 4:0:0:0:3, 2:0:0:0:2, 2:0:0:0:0, 2:0:0:0:0, 1:0:0:0:0, 6:2:0:0:5, 3:0:0:0:0, 5:0:0:0:3, 7:0:0:0:3, 6:1:0:0:2, 3:0:0:0:2, 5:0:0:0:3, 4:0:0:0:0, 5:0:0:0:3, 5:0:0:0:3, 6:0:0:0:2, 8:0:0:0:3, 5:0:0:0:4, 3:0:0:0:3, 4:0:0:0:3, 5:0:0:0:1, 6:0:0:0:4, 3:0:0:0:1, 5:0:0:0:2, 5:0:0:0:1, 5:0:0:0:3, 4:0:0:0:1, 7:1:0:0:3, 4:0:0:0:0, 7:0:0:0:3, 5:0:0:0:3, 7:0:0:0:2, 4:0:0:0:3, 3:0:0:0:3, 2:0:0:0:0, 2:0:0:0:0, 2:0:0:0:0, 9:5:0:0:8, 4:1:0:0:2, 5:0:0:0:2, 6:0:0:0:4, 5:2:0:0:3, 5:0:0:0:3, 6:0:0:0:2, 6:0:0:0:2, 7:1:0:0:4, 3:0:0:0:2, 4:0:0:0:2, 5:0:0:0:1, 9:0:0:0:3, 3:0:0:0:1, 6:0:0:0:3, 5:0:0:0:0, 7:0:0:0:4, 5:0:0:0:3, 4:0:0:0:4, 5:0:0:0:1, 5:0:0:0:3, 5:0:0:0:4, 5:0:0:0:6, 5:0:0:0:1, 8:0:0:0:3, 4:0:0:0:3, 4:0:0:0:2, 4:0:0:0:3, 2:0:0:0:1, 2:0:0:0:0, 2:0:0:0:0, 2:0:0:0:0, 9:5:1:0:8, 4:0:0:0:1, 5:0:0:0:2, 4:0:0:0:2, 4:0:0:0:2, 3:0:0:0:2, 4:0:0:0:5, 4:0:0:0:0, 5:0:0:0:3, 3:0:0:0:3, 4:0:0:0:3, 5:0:0:0:2, 5:0:0:0:3, 3:0:0:0:1, 4:0:0:0:2, 6:0:0:0:1, 5:0:0:0:3, 4:0:0:0:1, 4:0:0:0:2, 5:0:0:0:1, 5:0:0:0:4, 3:0:0:0:1, 5:0:0:0:3, 6:0:0:0:1, 5:0:0:0:3, 3:0:0:0:1, 5:0:0:0:4, 3:0:0:0:1, 3:0:0:0:1, 1:0:0:0:0, 2:0:0:0:0, 1:0:0:0:0, 6:3:0:0:7, 2:0:0:0:0, 5:0:0:0:2, 5:0:0:0:2, 3:0:0:0:1, 5:0:0:0:2, 6:0:0:0:3, 5:0:0:0:1, 6:1:0:0:5, 4:0:0:0:2, 4:0:0:0:2, 6:0:0:0:2, 5:0:0:0:3, 4:0:0:0:1, 5:0:0:0:5, 4:0:0:0:0, 5:0:0:0:3, 4:0:0:0:2, 6:0:0:0:2, 5:0:0:0:1, 5:0:0:0:3, 5:0:0:0:4, 6:0:0:0:2, 5:0:0:0:1, 5:0:0:0:4, 7:0:0:0:2, 4:0:0:0:3, 4:0:0:0:1, 4:0:0:0:2, 1:0:0:0:0, 3:0:0:0:0, 1:0:0:0:0, 7:3:0:0:6, 2:0:0:0:0, 5:0:0:0:3, 6:0:0:0:2, 3:0:0:0:1, 4:0:0:0:2, 5:0:0:0:4, 5:0:0:0:1, 5:0:0:0:4, 4:0:0:0:3, 4:0:0:0:3, 7:0:0:0:3, 5:0:0:0:4, 7:0:0:0:2, 6:0:0:0:2, 4:0:0:0:0, 6:0:0:0:3, 4:0:0:0:2, 4:0:0:0:2, 5:0:0:0:1, 6:0:0:0:3, 5:0:0:0:2, 5:0:0:0:2, 4:0:0:0:0, 5:0:0:0:3, 5:0:0:0:5, 6:0:0:0:5, 4:0:0:0:1, 4:0:0:0:1, 2:0:0:0:0, 2:0:0:0:0, 3:0:0:0:0, 6:3:0:0:7, 5:1:0:0:2, 7:0:0:0:3, 6:0:0:0:2, 4:0:0:0:2, 7:0:0:0:2, 7:1:0:0:3, 5:0:0:0:1, 6:0:0:0:4, 3:0:0:0:1, 4:0:0:0:2, 8:0:0:0:4, 6:0:0:0:4, 3:0:0:0:2, 6:0:0:0:2, 4:0:0:0:0, 5:0:0:0:3, 4:0:0:0:2, 6:0:0:0:4, 6:0:0:0:3, 5:0:0:0:3, 4:0:0:0:3, 5:0:0:0:3, 5:0:0:0:1, 7:0:0:0:3, 4:0:0:0:2, 6:0:0:0:3, 4:0:0:0:2, 2:0:0:0:2, 3:0:0:0:0, 5:0:0:0:1, 1:0:0:0:0, 6:3:0:0:7, 2:0:0:0:0, 5:0:0:0:3, 6:0:0:0:2, 3:0:0:0:1, 3:0:0:0:2, 7:0:0:0:2, 4:0:0:0:0, 5:0:0:0:3, 3:0:0:0:3, 5:0:0:0:2, 4:0:0:0:2, 5:0:0:0:2, 1:0:0:0:0, 1:0:0:0:0, 1:0:0:0:0, 1506:50:1:2:751
Ab minor (7b), 1:0:0:0:1, 7:3:0:0:20, 7:0:0:0:9, 6:2:0:0:9, 7:3:0:0:17, 7:3:0:0:20, 7:0:0:0:9, 6:2:0:0:9, 6:2:0:0:11, 7:3:0:0:20, 7:0:0:0:9, 6:2:0:0:9, 7:3:0:0:17, 7:3:0:0:20, 7:0:0:0:9, 4:1:0:0:5, 6:4:0:0:9, 7:5:0:0:6, 7:10:0:0:14, 6:11:0:0:15, 7:5:0:0:13, 6:3:0:0:8, 8:3:0:0:14, 7:0:0:0:12, 6:1:0:0:6, 7:3:0:0:20, 7:0:0:0:9, 6:2:0:0:9, 7:3:0:0:17, 7:3:0:0:20, 7:0:0:0:9, 6:2:0:0:9, 6:1:0:0:8, 5:1:0:0:7, 6:0:0:0:7, 8:3:0:0:15, 6:1:0:0:11, 5:3:0:0:8, 6:0:0:0:9, 7:2:0:0:10, 7:3:0:0:19, 6:1:0:0:8, 6:1:0:0:9, 7:2:0:0:12, 11:2:0:0:15, 9:1:0:0:12, 6:1:0:0:14, 6:2:0:0:10, 6:5:0:0:9, 6:5:0:0:6, 7:6:0:0:12, 6:9:0:0:11, 7:4:0:0:15, 9:3:0:0:10, 7:3:0:0:16, 5:0:0:0:5, 5:2:0:0:5, 5:1:0:0:5, 4:0:0:0:6, 6:2:0:0:11, 7:1:0:0:13, 5:1:0:0:5, 4:0:0:0:4, 9:2:0:0:12, 6:1:0:0:8, 4:1:0:0:6, 6:0:0:0:6, 8:3:0:0:15, 9:2:0:0:14, 5:3:0:0:9, 4:0:0:0:5, 6:2:0:0:8, 9:2:0:0:14, 8:1:0:0:7, 6:2:0:0:12, 7:3:0:0:12, 7:3:0:0:14, 4:1:0:0:6, 5:0:0:0:5, 4:1:0:0:6, 5:3:0:0:5, 4:4:0:0:5, 6:7:0:0:10, 6:7:0:0:10, 8:5:0:0:13, 7:4:1:0:8, 7:2:0:0:12, 6:0:0:0:7, 5:2:0:0:5, 7:2:0:0:11, 6:0:0:0:7, 9:3:0:0:13, 9:2:0:0:14, 4:1:0:0:7, 5:1:0:0:9, 6:2:0:0:9, 6:1:0:0:9, 4:1:0:0:4, 4:0:0:0:5, 6:2:0:0:9, 7:1:0:0:10, 4:1:0:0:7, 4:0:0:0:4, 6:2:0:0:8, 6:1:0:0:8, 6:1:0:0:7, 6:0:0:0:8, 6:4:0:0:12, 9:2:0:0:12, 5:3:0:0:10, 4:0:0:0:4, 5:2:0:0:9, 5:3:0:0:6, 5:3:0:0:4, 7:8:0:0:12, 6:7:0:0:9, 6:2:0:0:8, 5:2:0:0:6, 6:3:0:0:13, 7:0:0:0:8, 7:3:0:0:10, 4:1:0:0:5, 5:0:0:0:8, 6:2:0:0:9, 6:1:0:0:8, 6:2:0:0:11, 6:0:0:0:9, 9:4:0:0:15, 6:1:0:0:10, 5:1:0:0:7, 4:0:0:0:6, 7:2:0:0:12, 6:2:0:0:15, 4:1:0:0:7, 4:0:0:0:6, 6:2:0:0:9, 6:1:0:0:8, 5:1:0:0:8, 6:0:0:0:7, 6:2:0:0:8, 8:1:0:0:8, 6:2:0:0:12, 6:0:0:0:5, 5:2:0:0:9, 6:5:0:0:10, 6:5:0:0:6, 7:10:0:0:15, 7:11:0:0:14, 7:2:0:0:10, 5:4:0:0:9, 6:1:0:0:8, 6:0:0:0:9, 5:3:0:0:11, 6:3:0:0:12, 6:0:0:0:8, 8:3:0:0:15, 8:2:0:0:14, 4:1:0:0:5, 4:0:0:0:4, 7:3:0:0:10, 9:1:0:0:9, 5:1:0:0:6, 6:0:0:0:5, 7:4:0:0:11, 8:2:0:0:14, 6:2:0:0:10, 5:1:0:0:9, 6:2:0:0:11, 6:1:0:0:9, 6:3:0:0:12, 6:0:0:0:10, 7:4:0:0:15, 8:1:0:0:14, 5:3:0:0:10, 4:0:0:0:4, 5:2:0:0:9, 5:3:0:0:5, 5:3:0:0:4, 7:12:0:0:16, 7:10:0:0:14, 9:5:0:0:12, 6:5:0:0:12, 7:1:0:0:9, 4:0:0:0:4, 6:3:0:0:10, 4:1:0:0:7, 5:1:0:0:9, 6:2:0:0:10, 6:1:0:0:9, 4:1:0:0:6, 4:0:0:0:5, 6:2:0:0:10, 6:1:0:0:8, 5:1:0:0:4, 4:0:0:0:5, 7:2:0:0:9, 6:1:0:0:9, 5:1:0:0:5, 4:0:0:0:6, 6:2:0:0:9, 6:1:0:0:9, 5:1:0:0:4, 5:0:0:0:6, 7:2:0:0:9, 6:1:0:0:9, 5:1:0:0:4, 5:0:0:0:7, 4:1:0:0:5, 6:3:0:0:5, 4:3:0:0:4, 7:6:0:0:10, 5:6:0:0:8, 6:3:0:0:11, 4:2:0:0:5, 6:3:0:0:12, 5:0:0:0:6, 5:2:0:0:5, 6:1:0:0:7, 6:0:0:0:7, 7:4:0:0:15, 7:3:0:0:15, 6:3:1:0:10, 4:0:0:0:4, 7:2:0:0:11, 6:1:0:0:8, 5:2:0:0:8, 6:1:0:0:11, 6:2:0:0:9, 6:1:0:0:8, 5:1:0:0:6, 6:0:0:0:9, 6:2:0:0:11, 6:1:0:0:9, 6:2:0:0:12, 6:0:0:0:9, 7:4:0:0:15, 6:2:0:0:14, 7:3:1:0:11, 4:0:0:0:5, 5:2:0:0:7, 7:4:0:0:9, 5:5:0:0:6, 7:5:0:0:11, 5:7:0:0:9, 7:2:0:0:9, 4:2:0:0:6, 7:2:0:0:12, 5:0:0:0:7, 5:2:0:0:5, 5:2:0:0:7, 5:0:0:0:7, 7:2:0:0:11, 6:2:0:0:12, 5:1:0:0:7, 5:1:0:0:8, 8:3:0:0:15, 6:2:0:0:11, 7:1:0:0:7, 6:0:0:0:8, 6:2:0:0:11, 7:1:0:0:11, 5:1:0:0:6, 4:0:0:0:4, 6:2:0:0:8, 7:3:0:0:13, 6:1:0:0:8, 4:0:0:0:5, 6:2:0:0:9, 6:1:0:0:8, 6:3:0:0:12, 7:1:0:0:12, 5:3:0:0:7, 7:4:0:0:7, 6:5:0:0:7, 7:11:0:0:15, 8:10:0:0:14, 6:2:0:0:11, 7:5:0:0:10, 8:2:0:0:12, 6:1:0:0:8, 6:3:0:0:8, 7:1:0:0:9, 7:0:0:0:9, 7:5:0:0:16, 7:2:0:0:14, 4:1:0:0:5, 4:0:0:0:4, 9:4:0:0:17, 7:3:0:0:13, 5:1:0:0:5, 5:0:0:0:7, 6:2:0:0:8, 6:1:0:0:9, 5:2:0:0:7, 6:0:0:0:10, 7:2:0:0:11, 6:1:0:0:8, 5:2:0:0:8, 6:0:0:0:6, 7:2:0:0:12, 8:2:0:0:11, 5:3:0:0:8, 7:0:0:0:6, 5:2:0:0:8, 5:4:0:0:8, 6:4:0:0:7, 10:6:1:0:10, 6:9:0:0:12, 6:2:0:0:11, 5:4:1:0:7, 7:2:0:0:11, 5:0:0:0:6, 5:2:0:0:5, 4:1:0:0:5, 7:0:0:0:7, 6:2:0:0:10, 6:1:0:0:9, 4:2:0:0:7, 5:0:0:0:6, 6:1:0:0:8, 6:1:0:0:5, 1:0:0:0:1, 1:0:0:0:1, 1:0:0:0:1, 1932:693:5:0:2975
A# minor (7#), 2:0:0:0:0, 6:0:0:0:5, 6:0:0:0:3, 5:0:0:0:1, 6:0:0:0:5, 6:0:0:0:5, 6:0:0:0:3, 5:0:0:0:2, 5:0:0:0:3, 6:0:0:0:5, 6:0:0:0:3, 5:0:0:0:1, 6:0:0:0:5, 6:0:0:0:5, 6:0:0:0:3, 3:0:0:0:2, 3:0:0:0:2, 2:0:0:0:0, 2:0:0:0:0, 1:0:0:0:0, 7:2:0:0:5, 4:0:0:0:0, 6:0:0:0:4, 6:0:0:0:5, 4:0:0:0:1, 6:0:0:0:5, 6:0:0:0:3, 5:0:0:0:1, 6:0:0:0:5, 6:0:0:0:5, 6:0:0:0:3, 5:0:0:0:2, 5:0:0:0:3, 5:1:0:0:2, 7:0:0:0:2, 5:2:0:0:2, 6:0:0:0:4, 3:0:0:0:1, 6:0:0:0:4, 6:0:0:0:2, 6:0:0:0:6, 5:0:0:0:1, 5:0:0:0:3, 5:0:0:0:1, 10:1:0:0:6, 7:0:0:2:4, 6:2:0:0:8, 4:0:0:0:3, 2:0:0:0:2, 2:0:0:0:0, 2:0:0:0:0, 1:0:0:0:0, 7:4:0:0:8, 8:0:0:0:2, 5:0:0:0:3, 5:0:0:0:2, 3:0:0:0:1, 3:0:0:0:2, 4:0:0:0:3, 4:0:0:0:0, 6:0:0:0:5, 3:0:0:0:1, 4:0:0:0:2, 8:0:0:0:3, 5:0:0:0:3, 3:0:0:0:2, 6:0:0:0:2, 6:0:0:0:2, 8:0:0:0:4, 4:0:0:0:2, 4:0:0:0:3, 5:0:0:0:1, 7:0:0:0:4, 7:1:0:0:3, 5:0:0:0:4, 5:0:0:0:0, 6:0:0:0:4, 3:0:0:0:2, 6:1:0:0:3, 3:0:0:0:2, 2:0:0:0:1, 1:0:0:0:0, 2:0:0:0:0, 2:0:0:0:0, 8:3:0:0:6, 5:0:0:0:0, 5:0:0:0:3, 5:0:0:0:2, 3:0:0:0:1, 6:0:0:0:4, 6:0:0:0:3, 7:0:0:0:2, 8:0:0:0:4, 3:0:0:0:2, 4:0:0:0:5, 5:0:0:0:2, 5:0:0:0:3, 3:0:0:0:1, 4:0:0:0:2, 4:0:0:0:0, 5:0:0:0:3, 3:0:0:0:4, 4:0:0:0:2, 5:0:0:0:1, 5:0:0:0:3, 5:0:0:0:2, 5:0:0:0:4, 4:0:0:0:0, 8:0:0:0:4, 4:0:0:0:3, 4:0:0:0:2, 4:0:0:0:3, 2:0:0:0:2, 2:0:0:0:0, 2:0:0:0:0, 1:0:0:0:0, 6:2:0:0:5, 3:0:0:0:0, 5:0:0:0:3, 7:0:0:0:3, 6:1:0:0:2, 3:0:0:0:2, 5:0:0:0:3, 4:0:0:0:0, 5:0:0:0:3, 5:0:0:0:3, 6:0:0:0:2, 8:0:0:0:3, 5:0:0:0:4, 3:0:0:0:3, 4:0:0:0:3, 5:0:0:0:1, 6:0:0:0:4, 3:0:0:0:1, 5:0:0:0:2, 5:0:0:0:1, 5:0:0:0:3, 4:0:0:0:1, 7:1:0:0:3, 4:0:0:0:0, 7:0:0:0:3, 5:0:0:0:3, 7:0:0:0:2, 4:0:0:0:3, 3:0:0:0:3, 2:0:0:0:0, 2:0:0:0:0, 2:0:0:0:0, 9:5:0:0:8, 4:1:0:0:2, 5:0:0:0:2, 6:0:0:0:4, 5:2:0:0:3, 5:0:0:0:3, 6:0:0:0:2, 6:0:0:0:2, 7:1:0:0:4, 3:0:0:0:2, 4:0:0:0:2, 5:0:0:0:1, 9:0:0:0:3, 3:0:0:0:1, 6:0:0:0:3, 5:0:0:0:0, 7:0:0:0:4, 5:0:0:0:3, 4:0:0:0:4, 5:0:0:0:1, 5:0:0:0:3, 5:0:0:0:4, 5:0:0:0:6, 5:0:0:0:1, 8:0:0:0:3, 4:0:0:0:3, 4:0:0:0:2, 4:0:0:0:3, 2:0:0:0:1, 2:0:0:0:0, 2:0:0:0:0, 2:0:0:0:0, 9:5:1:0:8, 4:0:0:0:1, 5:0:0:0:2, 4:0:0:0:2, 4:0:0:0:2, 3:0:0:0:2, 4:0:0:0:5, 4:0:0:0:0, 5:0:0:0:3, 3:0:0:0:3, 4:0:0:0:3, 5:0:0:0:2, 5:0:0:0:3, 3:0:0:0:1, 4:0:0:0:2, 6:0:0:0:1, 5:0:0:0:3, 4:0:0:0:1, 4:0:0:0:2, 5:0:0:0:1, 5:0:0:0:4, 3:0:0:0:1, 5:0:0:0:3, 6:0:0:0:1, 5:0:0:0:3, 3:0:0:0:1, 5:0:0:0:4, 3:0:0:0:1, 3:0:0:0:1, 1:0:0:0:0, 2:0:0:0:0, 1:0:0:0:0, 6:3:0:0:7, 2:0:0:0:0, 5:0:0:0:2, 5:0:0:0:2, 3:0:0:0:1, 5:0:0:0:2, 6:0:0:0:3, 5:0:0:0:1, 6:1:0:0:5, 4:0:0:0:2, 4:0:0:0:2, 6:0:0:0:2, 5:0:0:0:3, 4:0:0:0:1, 5:0:0:0:5, 4:0:0:0:0, 5:0:0:0:3, 4:0:0:0:2, 6:0:0:0:2, 5:0:0:0:1, 5:0:0:0:3, 5:0:0:0:4, 6:0:0:0:2, 5:0:0:0:1, 5:0:0:0:4, 7:0:0:0:2, 4:0:0:0:3, 4:0:0:0:1, 4:0:0:0:2, 1:0:0:0:0, 3:0:0:0:0, 1:0:0:0:0, 7:3:0:0:6, 2:0:0:0:0, 5:0:0:0:3, 6:0:0:0:2, 3:0:0:0:1, 4:0:0:0:2, 5:0:0:0:4, 5:0:0:0:1, 5:0:0:0:4, 4:0:0:0:3, 4:0:0:0:3, 7:0:0:0:3, 5:0:0:0:4, 7:0:0:0:2, 6:0:0:0:2, 4:0:0:0:0, 6:0:0:0:3, 4:0:0:0:2, 4:0:0:0:2, 5:0:0:0:1, 6:0:0:0:3, 5:0:0:0:2, 5:0:0:0:2, 4:0:0:0:0, 5:0:0:0:3, 5:0:0:0:5, 6:0:0:0:5, 4:0:0:0:1, 4:0:0:0:1, 2:0:0:0:0, 2:0:0:0:0, 3:0:0:0:0, 6:3:0:0:7, 5:1:0:0:2, 7:0:0:0:3, 6:0:0:0:2, 4:0:0:0:2, 7:0:0:0:2, 7:1:0:0:3, 5:0:0:0:1, 6:0:0:0:4, 3:0:0:0:1, 4:0:0:0:2, 8:0:0:0:4, 6:0:0:0:4, 3:0:0:0:2, 6:0:0:0:2, 4:0:0:0:0, 5:0:0:0:3, 4:0:0:0:2, 6:0:0:0:4, 6:0:0:0:3, 5:0:0:0:3, 4:0:0:0:3, 5:0:0:0:3, 5:0:0:0:1, 7:0:0:0:3, 4:0:0:0:2, 6:0:0:0:3, 4:0:0:0:2, 2:0:0:0:2, 3:0:0:0:0, 5:0:0:0:1, 1:0:0:0:0, 6:3:0:0:7, 2:0:0:0:0, 5:0:0:0:3, 6:0:0:0:2, 3:0:0:0:1, 3:0:0:0:2, 7:0:0:0:2, 4:0:0:0:0, 5:0:0:0:3, 3:0:0:0:3, 5:0:0:0:2, 4:0:0:0:2, 5:0:0:0:2, 1:0:0:0:0, 1:0:0:0:0, 1:0:0:0:0, 1506:50:1:2:751
