 , 0, 1, 2, 3, 4, 5, 6, 7, 8, 9, 10, 11, 12, 13, 14, 15, 16, 17, 18, 19, 20, 21, 22, 23, 24, 25, 26, 27, 28, 29, 30, 31, 32, 33, 34, 35, 36, 37, 38, 39, 40, 41, 42, 43, 44, 45, 46, 47, 48, 49, 50, 51, 52, 53, 54, 55, 56, 57, 58, 59, 60, 61, 62, 63, 64, 65, 66, 67, 68, 69, 70, 71, 72, 73, 74, 75, 76, 77, 78, 79, 80, 81, 82, 83, 84, 85, 86, 87, 88, 89, 90, 91, 92, 93, 94, 95, 96, rowcost
C major (0), 1:1:0:0:0, 3:3:0:0:0, 3:3:0:0:1, 0:0:0:0:0, 4:4:0:0:0, 3:3:0:0:0, 3:3:0:0:0, 3:3:0:0:1, 3:3:0:0:0, 3:3:0:0:2, 4:3:0:0:1, 3:3:0:0:1, 3:3:0:0:0, 1:1:0:0:1, 4:4:0:0:0, 4:4:0:0:0, 1:1:0:0:0, 3:3:0:0:0, 3:3:0:0:1, 0:0:0:0:0, 1:1:0:0:0, 5:4:0:0:0, 0:0:0:0:0, 0:0:0:0:0, 2:2:0:0:1, 4:3:0:0:1, 2:2:0:0:0, 1:1:0:0:0, 4:4:0:0:1, 3:3:0:0:0, 2:2:0:0:0, 4:3:0:0:0, 2:2:0:0:0, 0:0:0:0:0, 1:1:0:0:0,  , 5:4:0:1:1, 3:3:0:0:1, 2:2:0:0:0, 3:3:0:0:0, 3:3:0:0:0, 3:3:0:0:0, 1:1:0:0:0, 3:3:0:0:0, 3:3:0:0:1, 2:2:0:0:0, 3:3:0:0:0, 3:3:0:0:2, 3:3:0:0:0, 2:2:0:0:1, 1:1:0:0:0,  , 2:2:0:0:0, 2:2:0:0:0, 3:3:0:0:0, 4:4:0:0:0, 3:3:0:0:0, 2:2:0:0:0, 2:2:0:0:0,  , 2:2:0:0:0, 1:1:0:0:0, 2:2:0:0:0, 2:2:0:0:0, 1:1:0:0:0, 5:4:0:0:0, 2:2:0:0:0,  , 5:4:0:1:1, 3:3:0:0:1, 3:3:0:0:0, 4:4:0:0:0, 3:2:0:0:0, 0:0:0:0:0, 1:1:0:0:0, 3:3:0:0:0, 3:3:0:0:1, 3:2:0:0:0, 3:3:0:0:0, 2:2:0:0:2, 1:1:0:0:0, 2:2:0:0:0, 3:3:0:0:1, 0:0:0:0:0, 1:1:0:0:0, 2:2:0:0:0, 1:1:0:0:0,  , 3:3:0:0:0, 2:2:0:0:0, 2:2:0:0:0, 3:3:0:0:0, 5:4:0:0:0, 3:3:0:0:1, 3:3:0:0:0, 2:2:0:0:0, 1:1:0:0:0, 223:213:0:2:24
A minor (0), 1:1:0:0:0, 3:3:0:0:0, 3:3:0:0:1, 0:0:0:0:0, 4:4:0:0:0, 3:3:0:0:0, 3:3:0:0:0, 3:3:0:0:1, 3:3:0:0:0, 3:3:0:0:2, 4:3:0:0:1, 3:3:0:0:1, 3:3:0:0:0, 1:1:0:0:1, 4:4:0:0:0, 4:4:0:0:0, 1:1:0:0:0, 3:3:0:0:0, 3:3:0:0:1, 0:0:0:0:0, 1:1:0:0:0, 5:4:0:0:0, 0:0:0:0:0, 0:0:0:0:0, 2:2:0:0:1, 4:3:0:0:1, 2:2:0:0:0, 1:1:0:0:0, 4:4:0:0:1, 3:3:0:0:0, 2:2:0:0:0, 4:3:0:0:0, 2:2:0:0:0, 0:0:0:0:0, 1:1:0:0:0,  , 5:4:0:1:1, 3:3:0:0:1, 2:2:0:0:0, 3:3:0:0:0, 3:3:0:0:0, 3:3:0:0:0, 1:1:0:0:0, 3:3:0:0:0, 3:3:0:0:1, 2:2:0:0:0, 3:3:0:0:0, 3:3:0:0:2, 3:3:0:0:0, 2:2:0:0:1, 1:1:0:0:0,  , 2:2:0:0:0, 2:2:0:0:0, 3:3:0:0:0, 4:4:0:0:0, 3:3:0:0:0, 2:2:0:0:0, 2:2:0:0:0,  , 2:2:0:0:0, 1:1:0:0:0, 2:2:0:0:0, 2:2:0:0:0, 1:1:0:0:0, 5:4:0:0:0, 2:2:0:0:0,  , 5:4:0:1:1, 3:3:0:0:1, 3:3:0:0:0, 4:4:0:0:0, 3:2:0:0:0, 0:0:0:0:0, 1:1:0:0:0, 3:3:0:0:0, 3:3:0:0:1, 3:2:0:0:0, 3:3:0:0:0, 2:2:0:0:2, 1:1:0:0:0, 2:2:0:0:0, 3:3:0:0:1, 0:0:0:0:0, 1:1:0:0:0, 2:2:0:0:0, 1:1:0:0:0,  , 3:3:0:0:0, 2:2:0:0:0, 2:2:0:0:0, 3:3:0:0:0, 5:4:0:0:0, 3:3:0:0:1, 3:3:0:0:0, 2:2:0:0:0, 1:1:0:0:0, 223:213:0:2:24
A minor mel (0), 1:1:0:0:0, 3:3:0:0:0, 3:3:0:0:1, 0:0:0:0:0, 4:4:0:0:0, 3:3:0:0:0, 3:3:0:0:0, 3:3:0:0:1, 3:3:0:0:0, 3:3:0:0:2, 4:3:0:0:1, 3:3:0:0:1, 3:3:0:0:0, 1:1:0:0:1, 4:4:0:0:0, 4:4:0:0:0, 1:1:0:0:0, 3:3:0:0:0, 3:3:0:0:1, 0:0:0:0:0, 1:1:0:0:0, 5:4:0:0:0, 0:0:0:0:0, 0:0:0:0:0, 2:2:0:0:1, 4:3:0:0:1, 2:2:0:0:0, 1:1:0:0:0, 4:4:0:0:1, 3:3:0:0:0, 2:2:0:0:0, 4:3:0:0:0, 2:2:0:0:0, 0:0:0:0:0, 1:1:0:0:0,  , 5:4:0:1:1, 3:3:0:0:1, 2:2:0:0:0, 3:3:0:0:0, 3:3:0:0:0, 3:3:0:0:0, 1:1:0:0:0, 3:3:0:0:0, 3:3:0:0:1, 2:2:0:0:0, 3:3:0:0:0, 3:3:0:0:2, 3:3:0:0:0, 2:2:0:0:1, 1:1:0:0:0,  , 2:2:0:0:0, 2:2:0:0:0, 3:3:0:0:0, 4:4:0:0:0, 3:3:0:0:0, 2:2:0:0:0, 2:2:0:0:0,  , 2:2:0:0:0, 1:1:0:0:0, 2:2:0:0:0, 2:2:0:0:0, 1:1:0:0:0, 5:4:0:0:0, 2:2:0:0:0,  , 5:4:0:1:1, 3:3:0:0:1, 3:3:0:0:0, 4:4:0:0:0, 3:2:0:0:0, 0:0:0:0:0, 1:1:0:0:0, 3:3:0:0:0, 3:3:0:0:1, 3:2:0:0:0, 3:3:0:0:0, 2:2:0:0:2, 1:1:0:0:0, 2:2:0:0:0, 3:3:0:0:1, 0:0:0:0:0, 1:1:0:0:0, 2:2:0:0:0, 1:1:0:0:0,  , 3:3:0:0:0, 2:2:0:0:0, 2:2:0:0:0, 3:3:0:0:0, 5:4:0:0:0, 3:3:0:0:1, 3:3:0:0:0, 2:2:0:0:0, 1:1:0:0:0, 223:213:0:2:24
C major blues (0), 1:1:0:0:0, 3:3:0:0:0, 3:3:0:0:1, 0:0:0:0:0, 4:4:0:0:0, 3:3:0:0:0, 3:3:0:0:0, 3:3:0:0:1, 3:3:0:0:0, 3:3:0:0:2, 4:3:0:0:1, 3:3:0:0:1, 3:3:0:0:0, 1:1:0:0:1, 4:4:0:0:0, 4:4:0:0:0, 1:1:0:0:0, 3:3:0:0:0, 3:3:0:0:1, 0:0:0:0:0, 1:1:0:0:0, 5:4:0:0:0, 0:0:0:0:0, 0:0:0:0:0, 2:2:0:0:1, 4:3:0:0:1, 2:2:0:0:0, 1:1:0:0:0, 4:4:0:0:1, 3:3:0:0:0, 2:2:0:0:0, 4:3:0:0:0, 2:2:0:0:0, 0:0:0:0:0, 1:1:0:0:0,  , 5:4:0:1:1, 3:3:0:0:1, 2:2:0:0:0, 3:3:0:0:0, 3:3:0:0:0, 3:3:0:0:0, 1:1:0:0:0, 3:3:0:0:0, 3:3:0:0:1, 2:2:0:0:0, 3:3:0:0:0, 3:3:0:0:2, 3:3:0:0:0, 2:2:0:0:1, 1:1:0:0:0,  , 2:2:0:0:0, 2:2:0:0:0, 3:3:0:0:0, 4:4:0:0:0, 3:3:0:0:0, 2:2:0:0:0, 2:2:0:0:0,  , 2:2:0:0:0, 1:1:0:0:0, 2:2:0:0:0, 2:2:0:0:0, 1:1:0:0:0, 5:4:0:0:0, 2:2:0:0:0,  , 5:4:0:1:1, 3:3:0:0:1, 3:3:0:0:0, 4:4:0:0:0, 3:2:0:0:0, 0:0:0:0:0, 1:1:0:0:0, 3:3:0:0:0, 3:3:0:0:1, 3:2:0:0:0, 3:3:0:0:0, 2:2:0:0:2, 1:1:0:0:0, 2:2:0:0:0, 3:3:0:0:1, 0:0:0:0:0, 1:1:0:0:0, 2:2:0:0:0, 1:1:0:0:0,  , 3:3:0:0:0, 2:2:0:0:0, 2:2:0:0:0, 3:3:0:0:0, 5:4:0:0:0, 3:3:0:0:1, 3:3:0:0:0, 2:2:0:0:0, 1:1:0:0:0, 223:213:0:2:24
A minor blues (0), 1:1:0:0:0, 3:3:0:0:0, 3:3:0:0:1, 0:0:0:0:0, 4:4:0:0:0, 3:3:0:0:0, 3:3:0:0:0, 3:3:0:0:1, 3:3:0:0:0, 3:3:0:0:2, 4:3:0:0:1, 3:3:0:0:1, 3:3:0:0:0, 1:1:0:0:1, 4:4:0:0:0, 4:4:0:0:0, 1:1:0:0:0, 3:3:0:0:0, 3:3:0:0:1, 0:0:0:0:0, 1:1:0:0:0, 5:4:0:0:0, 0:0:0:0:0, 0:0:0:0:0, 2:2:0:0:1, 4:3:0:0:1, 2:2:0:0:0, 1:1:0:0:0, 4:4:0:0:1, 3:3:0:0:0, 2:2:0:0:0, 4:3:0:0:0, 2:2:0:0:0, 0:0:0:0:0, 1:1:0:0:0,  , 5:4:0:1:1, 3:3:0:0:1, 2:2:0:0:0, 3:3:0:0:0, 3:3:0:0:0, 3:3:0:0:0, 1:1:0:0:0, 3:3:0:0:0, 3:3:0:0:1, 2:2:0:0:0, 3:3:0:0:0, 3:3:0:0:2, 3:3:0:0:0, 2:2:0:0:1, 1:1:0:0:0,  , 2:2:0:0:0, 2:2:0:0:0, 3:3:0:0:0, 4:4:0:0:0, 3:3:0:0:0, 2:2:0:0:0, 2:2:0:0:0,  , 2:2:0:0:0, 1:1:0:0:0, 2:2:0:0:0, 2:2:0:0:0, 1:1:0:0:0, 5:4:0:0:0, 2:2:0:0:0,  , 5:4:0:1:1, 3:3:0:0:1, 3:3:0:0:0, 4:4:0:0:0, 3:2:0:0:0, 0:0:0:0:0, 1:1:0:0:0, 3:3:0:0:0, 3:3:0:0:1, 3:2:0:0:0, 3:3:0:0:0, 2:2:0:0:2, 1:1:0:0:0, 2:2:0:0:0, 3:3:0:0:1, 0:0:0:0:0, 1:1:0:0:0, 2:2:0:0:0, 1:1:0:0:0,  , 3:3:0:0:0, 2:2:0:0:0, 2:2:0:0:0, 3:3:0:0:0, 5:4:0:0:0, 3:3:0:0:1, 3:3:0:0:0, 2:2:0:0:0, 1:1:0:0:0, 223:213:0:2:24
C dorian (0), 1:1:0:0:0, 3:3:0:0:0, 3:3:0:0:1, 0:0:0:0:0, 4:4:0:0:0, 3:3:0:0:0, 3:3:0:0:0, 3:3:0:0:1, 3:3:0:0:0, 3:3:0:0:2, 4:3:0:0:1, 3:3:0:0:1, 3:3:0:0:0, 1:1:0:0:1, 4:4:0:0:0, 4:4:0:0:0, 1:1:0:0:0, 3:3:0:0:0, 3:3:0:0:1, 0:0:0:0:0, 1:1:0:0:0, 5:4:0:0:0, 0:0:0:0:0, 0:0:0:0:0, 2:2:0:0:1, 4:3:0:0:1, 2:2:0:0:0, 1:1:0:0:0, 4:4:0:0:1, 3:3:0:0:0, 2:2:0:0:0, 4:3:0:0:0, 2:2:0:0:0, 0:0:0:0:0, 1:1:0:0:0,  , 5:4:0:1:1, 3:3:0:0:1, 2:2:0:0:0, 3:3:0:0:0, 3:3:0:0:0, 3:3:0:0:0, 1:1:0:0:0, 3:3:0:0:0, 3:3:0:0:1, 2:2:0:0:0, 3:3:0:0:0, 3:3:0:0:2, 3:3:0:0:0, 2:2:0:0:1, 1:1:0:0:0,  , 2:2:0:0:0, 2:2:0:0:0, 3:3:0:0:0, 4:4:0:0:0, 3:3:0:0:0, 2:2:0:0:0, 2:2:0:0:0,  , 2:2:0:0:0, 1:1:0:0:0, 2:2:0:0:0, 2:2:0:0:0, 1:1:0:0:0, 5:4:0:0:0, 2:2:0:0:0,  , 5:4:0:1:1, 3:3:0:0:1, 3:3:0:0:0, 4:4:0:0:0, 3:2:0:0:0, 0:0:0:0:0, 1:1:0:0:0, 3:3:0:0:0, 3:3:0:0:1, 3:2:0:0:0, 3:3:0:0:0, 2:2:0:0:2, 1:1:0:0:0, 2:2:0:0:0, 3:3:0:0:1, 0:0:0:0:0, 1:1:0:0:0, 2:2:0:0:0, 1:1:0:0:0,  , 3:3:0:0:0, 2:2:0:0:0, 2:2:0:0:0, 3:3:0:0:0, 5:4:0:0:0, 3:3:0:0:1, 3:3:0:0:0, 2:2:0:0:0, 1:1:0:0:0, 223:213:0:2:24
C phrygian (0), 1:1:0:0:0, 3:3:0:0:0, 3:3:0:0:1, 0:0:0:0:0, 4:4:0:0:0, 3:3:0:0:0, 3:3:0:0:0, 3:3:0:0:1, 3:3:0:0:0, 3:3:0:0:2, 4:3:0:0:1, 3:3:0:0:1, 3:3:0:0:0, 1:1:0:0:1, 4:4:0:0:0, 4:4:0:0:0, 1:1:0:0:0, 3:3:0:0:0, 3:3:0:0:1, 0:0:0:0:0, 1:1:0:0:0, 5:4:0:0:0, 0:0:0:0:0, 0:0:0:0:0, 2:2:0:0:1, 4:3:0:0:1, 2:2:0:0:0, 1:1:0:0:0, 4:4:0:0:1, 3:3:0:0:0, 2:2:0:0:0, 4:3:0:0:0, 2:2:0:0:0, 0:0:0:0:0, 1:1:0:0:0,  , 5:4:0:1:1, 3:3:0:0:1, 2:2:0:0:0, 3:3:0:0:0, 3:3:0:0:0, 3:3:0:0:0, 1:1:0:0:0, 3:3:0:0:0, 3:3:0:0:1, 2:2:0:0:0, 3:3:0:0:0, 3:3:0:0:2, 3:3:0:0:0, 2:2:0:0:1, 1:1:0:0:0,  , 2:2:0:0:0, 2:2:0:0:0, 3:3:0:0:0, 4:4:0:0:0, 3:3:0:0:0, 2:2:0:0:0, 2:2:0:0:0,  , 2:2:0:0:0, 1:1:0:0:0, 2:2:0:0:0, 2:2:0:0:0, 1:1:0:0:0, 5:4:0:0:0, 2:2:0:0:0,  , 5:4:0:1:1, 3:3:0:0:1, 3:3:0:0:0, 4:4:0:0:0, 3:2:0:0:0, 0:0:0:0:0, 1:1:0:0:0, 3:3:0:0:0, 3:3:0:0:1, 3:2:0:0:0, 3:3:0:0:0, 2:2:0:0:2, 1:1:0:0:0, 2:2:0:0:0, 3:3:0:0:1, 0:0:0:0:0, 1:1:0:0:0, 2:2:0:0:0, 1:1:0:0:0,  , 3:3:0:0:0, 2:2:0:0:0, 2:2:0:0:0, 3:3:0:0:0, 5:4:0:0:0, 3:3:0:0:1, 3:3:0:0:0, 2:2:0:0:0, 1:1:0:0:0, 223:213:0:2:24
C lydian (0), 1:1:0:0:0, 3:3:0:0:0, 3:3:0:0:1, 0:0:0:0:0, 4:4:0:0:0, 3:3:0:0:0, 3:3:0:0:0, 3:3:0:0:1, 3:3:0:0:0, 3:3:0:0:2, 4:3:0:0:1, 3:3:0:0:1, 3:3:0:0:0, 1:1:0:0:1, 4:4:0:0:0, 4:4:0:0:0, 1:1:0:0:0, 3:3:0:0:0, 3:3:0:0:1, 0:0:0:0:0, 1:1:0:0:0, 5:4:0:0:0, 0:0:0:0:0, 0:0:0:0:0, 2:2:0:0:1, 4:3:0:0:1, 2:2:0:0:0, 1:1:0:0:0, 4:4:0:0:1, 3:3:0:0:0, 2:2:0:0:0, 4:3:0:0:0, 2:2:0:0:0, 0:0:0:0:0, 1:1:0:0:0,  , 5:4:0:1:1, 3:3:0:0:1, 2:2:0:0:0, 3:3:0:0:0, 3:3:0:0:0, 3:3:0:0:0, 1:1:0:0:0, 3:3:0:0:0, 3:3:0:0:1, 2:2:0:0:0, 3:3:0:0:0, 3:3:0:0:2, 3:3:0:0:0, 2:2:0:0:1, 1:1:0:0:0,  , 2:2:0:0:0, 2:2:0:0:0, 3:3:0:0:0, 4:4:0:0:0, 3:3:0:0:0, 2:2:0:0:0, 2:2:0:0:0,  , 2:2:0:0:0, 1:1:0:0:0, 2:2:0:0:0, 2:2:0:0:0, 1:1:0:0:0, 5:4:0:0:0, 2:2:0:0:0,  , 5:4:0:1:1, 3:3:0:0:1, 3:3:0:0:0, 4:4:0:0:0, 3:2:0:0:0, 0:0:0:0:0, 1:1:0:0:0, 3:3:0:0:0, 3:3:0:0:1, 3:2:0:0:0, 3:3:0:0:0, 2:2:0:0:2, 1:1:0:0:0, 2:2:0:0:0, 3:3:0:0:1, 0:0:0:0:0, 1:1:0:0:0, 2:2:0:0:0, 1:1:0:0:0,  , 3:3:0:0:0, 2:2:0:0:0, 2:2:0:0:0, 3:3:0:0:0, 5:4:0:0:0, 3:3:0:0:1, 3:3:0:0:0, 2:2:0:0:0, 1:1:0:0:0, 223:213:0:2:24
C mixolydian (0), 1:1:0:0:0, 3:3:0:0:0, 3:3:0:0:1, 0:0:0:0:0, 4:4:0:0:0, 3:3:0:0:0, 3:3:0:0:0, 3:3:0:0:1, 3:3:0:0:0, 3:3:0:0:2, 4:3:0:0:1, 3:3:0:0:1, 3:3:0:0:0, 1:1:0:0:1, 4:4:0:0:0, 4:4:0:0:0, 1:1:0:0:0, 3:3:0:0:0, 3:3:0:0:1, 0:0:0:0:0, 1:1:0:0:0, 5:4:0:0:0, 0:0:0:0:0, 0:0:0:0:0, 2:2:0:0:1, 4:3:0:0:1, 2:2:0:0:0, 1:1:0:0:0, 4:4:0:0:1, 3:3:0:0:0, 2:2:0:0:0, 4:3:0:0:0, 2:2:0:0:0, 0:0:0:0:0, 1:1:0:0:0,  , 5:4:0:1:1, 3:3:0:0:1, 2:2:0:0:0, 3:3:0:0:0, 3:3:0:0:0, 3:3:0:0:0, 1:1:0:0:0, 3:3:0:0:0, 3:3:0:0:1, 2:2:0:0:0, 3:3:0:0:0, 3:3:0:0:2, 3:3:0:0:0, 2:2:0:0:1, 1:1:0:0:0,  , 2:2:0:0:0, 2:2:0:0:0, 3:3:0:0:0, 4:4:0:0:0, 3:3:0:0:0, 2:2:0:0:0, 2:2:0:0:0,  , 2:2:0:0:0, 1:1:0:0:0, 2:2:0:0:0, 2:2:0:0:0, 1:1:0:0:0, 5:4:0:0:0, 2:2:0:0:0,  , 5:4:0:1:1, 3:3:0:0:1, 3:3:0:0:0, 4:4:0:0:0, 3:2:0:0:0, 0:0:0:0:0, 1:1:0:0:0, 3:3:0:0:0, 3:3:0:0:1, 3:2:0:0:0, 3:3:0:0:0, 2:2:0:0:2, 1:1:0:0:0, 2:2:0:0:0, 3:3:0:0:1, 0:0:0:0:0, 1:1:0:0:0, 2:2:0:0:0, 1:1:0:0:0,  , 3:3:0:0:0, 2:2:0:0:0, 2:2:0:0:0, 3:3:0:0:0, 5:4:0:0:0, 3:3:0:0:1, 3:3:0:0:0, 2:2:0:0:0, 1:1:0:0:0, 223:213:0:2:24
C aeolian (0), 1:1:0:0:0, 3:3:0:0:0, 3:3:0:0:1, 0:0:0:0:0, 4:4:0:0:0, 3:3:0:0:0, 3:3:0:0:0, 3:3:0:0:1, 3:3:0:0:0, 3:3:0:0:2, 4:3:0:0:1, 3:3:0:0:1, 3:3:0:0:0, 1:1:0:0:1, 4:4:0:0:0, 4:4:0:0:0, 1:1:0:0:0, 3:3:0:0:0, 3:3:0:0:1, 0:0:0:0:0, 1:1:0:0:0, 5:4:0:0:0, 0:0:0:0:0, 0:0:0:0:0, 2:2:0:0:1, 4:3:0:0:1, 2:2:0:0:0, 1:1:0:0:0, 4:4:0:0:1, 3:3:0:0:0, 2:2:0:0:0, 4:3:0:0:0, 2:2:0:0:0, 0:0:0:0:0, 1:1:0:0:0,  , 5:4:0:1:1, 3:3:0:0:1, 2:2:0:0:0, 3:3:0:0:0, 3:3:0:0:0, 3:3:0:0:0, 1:1:0:0:0, 3:3:0:0:0, 3:3:0:0:1, 2:2:0:0:0, 3:3:0:0:0, 3:3:0:0:2, 3:3:0:0:0, 2:2:0:0:1, 1:1:0:0:0,  , 2:2:0:0:0, 2:2:0:0:0, 3:3:0:0:0, 4:4:0:0:0, 3:3:0:0:0, 2:2:0:0:0, 2:2:0:0:0,  , 2:2:0:0:0, 1:1:0:0:0, 2:2:0:0:0, 2:2:0:0:0, 1:1:0:0:0, 5:4:0:0:0, 2:2:0:0:0,  , 5:4:0:1:1, 3:3:0:0:1, 3:3:0:0:0, 4:4:0:0:0, 3:2:0:0:0, 0:0:0:0:0, 1:1:0:0:0, 3:3:0:0:0, 3:3:0:0:1, 3:2:0:0:0, 3:3:0:0:0, 2:2:0:0:2, 1:1:0:0:0, 2:2:0:0:0, 3:3:0:0:1, 0:0:0:0:0, 1:1:0:0:0, 2:2:0:0:0, 1:1:0:0:0,  , 3:3:0:0:0, 2:2:0:0:0, 2:2:0:0:0, 3:3:0:0:0, 5:4:0:0:0, 3:3:0:0:1, 3:3:0:0:0, 2:2:0:0:0, 1:1:0:0:0, 223:213:0:2:24
C locrian (0), 1:1:0:0:0, 3:3:0:0:0, 3:3:0:0:1, 0:0:0:0:0, 4:4:0:0:0, 3:3:0:0:0, 3:3:0:0:0, 3:3:0:0:1, 3:3:0:0:0, 3:3:0:0:2, 4:3:0:0:1, 3:3:0:0:1, 3:3:0:0:0, 1:1:0:0:1, 4:4:0:0:0, 4:4:0:0:0, 1:1:0:0:0, 3:3:0:0:0, 3:3:0:0:1, 0:0:0:0:0, 1:1:0:0:0, 5:4:0:0:0, 0:0:0:0:0, 0:0:0:0:0, 2:2:0:0:1, 4:3:0:0:1, 2:2:0:0:0, 1:1:0:0:0, 4:4:0:0:1, 3:3:0:0:0, 2:2:0:0:0, 4:3:0:0:0, 2:2:0:0:0, 0:0:0:0:0, 1:1:0:0:0,  , 5:4:0:1:1, 3:3:0:0:1, 2:2:0:0:0, 3:3:0:0:0, 3:3:0:0:0, 3:3:0:0:0, 1:1:0:0:0, 3:3:0:0:0, 3:3:0:0:1, 2:2:0:0:0, 3:3:0:0:0, 3:3:0:0:2, 3:3:0:0:0, 2:2:0:0:1, 1:1:0:0:0,  , 2:2:0:0:0, 2:2:0:0:0, 3:3:0:0:0, 4:4:0:0:0, 3:3:0:0:0, 2:2:0:0:0, 2:2:0:0:0,  , 2:2:0:0:0, 1:1:0:0:0, 2:2:0:0:0, 2:2:0:0:0, 1:1:0:0:0, 5:4:0:0:0, 2:2:0:0:0,  , 5:4:0:1:1, 3:3:0:0:1, 3:3:0:0:0, 4:4:0:0:0, 3:2:0:0:0, 0:0:0:0:0, 1:1:0:0:0, 3:3:0:0:0, 3:3:0:0:1, 3:2:0:0:0, 3:3:0:0:0, 2:2:0:0:2, 1:1:0:0:0, 2:2:0:0:0, 3:3:0:0:1, 0:0:0:0:0, 1:1:0:0:0, 2:2:0:0:0, 1:1:0:0:0,  , 3:3:0:0:0, 2:2:0:0:0, 2:2:0:0:0, 3:3:0:0:0, 5:4:0:0:0, 3:3:0:0:1, 3:3:0:0:0, 2:2:0:0:0, 1:1:0:0:0, 223:213:0:2:24
F major (1b), 1:0:0:0:0, 2:0:0:0:0, 3:0:0:0:0, 0:0:0:0:0, 3:0:0:0:0, 4:0:0:0:0, 2:0:0:0:0, 2:0:0:0:0, 2:0:0:0:0, 3:2:0:0:2, 3:1:0:0:1, 3:0:0:0:0, 4:0:0:0:0, 1:0:0:0:0, 3:0:0:0:0, 3:0:0:0:0, 1:0:0:0:0, 2:0:0:0:0, 3:0:0:0:0, 0:0:0:0:0, 0:0:0:0:0, 4:0:0:0:0, 0:0:0:0:0, 0:0:0:0:0, 3:1:0:0:1, 3:0:0:1:1, 1:0:0:0:0, 2:0:0:0:0, 3:0:0:0:0, 2:0:0:0:0, 2:0:0:0:0, 4:0:0:0:0, 2:0:0:0:0, 0:0:0:0:0, 0:0:0:0:0,  , 4:1:0:1:1, 2:0:0:0:0, 2:0:0:0:0, 2:0:0:0:0, 3:0:0:0:0, 4:0:0:0:0, 1:0:0:0:0, 2:0:0:0:0, 3:0:0:0:0, 1:0:0:0:0, 2:0:0:0:0, 2:1:0:0:1, 2:0:0:0:0, 2:0:0:0:0, 0:0:0:0:0,  , 1:0:0:0:0, 1:0:0:0:0, 2:0:0:0:0, 5:0:0:0:0, 2:0:0:0:0, 1:0:0:0:0, 1:0:0:0:0,  , 3:0:0:0:0, 2:0:0:0:0, 2:0:0:0:0, 3:0:0:0:0, 1:0:0:0:0, 4:0:0:0:0, 1:0:0:0:0,  , 4:1:0:1:1, 2:0:0:0:0, 4:0:0:0:0, 5:0:0:0:0, 3:0:0:0:0, 0:0:0:0:0, 2:0:0:0:0, 2:0:0:0:0, 3:0:0:0:0, 2:0:0:0:0, 2:0:0:0:0, 2:1:0:0:1, 1:0:0:0:0, 2:0:0:0:0, 2:0:0:0:0, 0:0:0:0:0, 0:0:0:0:0, 1:0:0:0:0, 1:0:0:0:0,  , 4:0:0:0:0, 1:0:0:0:0, 1:0:0:0:0, 4:0:0:0:0, 4:0:0:0:0, 2:1:0:0:1, 4:0:0:0:0, 1:0:0:0:0, 0:0:0:0:0, 191:9:0:3:10
G major (1#), 2:1:0:0:0, 4:3:0:0:1, 3:1:0:0:1, 1:0:0:0:0, 5:2:0:0:3, 4:2:0:0:2, 4:0:0:0:3, 3:1:0:0:2, 3:1:0:0:3, 2:0:0:0:1, 4:0:0:0:2, 3:0:1:0:3, 3:0:0:0:3, 1:0:0:0:0, 5:1:0:0:4, 3:0:0:0:2, 2:1:0:0:0, 4:3:0:0:1, 3:1:0:0:1, 1:0:0:0:0, 2:1:0:0:0, 5:2:0:0:1, 1:0:0:0:0, 0:0:0:0:0, 2:0:0:0:1, 4:1:0:0:3, 3:2:0:0:0, 2:1:0:0:0, 4:3:0:0:1, 4:3:0:0:1, 3:1:0:0:1, 5:2:0:0:2, 2:0:0:0:1, 0:0:0:0:0, 2:0:0:0:1,  , 6:1:0:1:3, 3:2:0:0:0, 2:1:0:0:2, 2:0:0:0:2, 4:0:0:0:2, 2:0:0:0:2, 1:1:0:0:1, 3:3:0:0:1, 3:1:0:0:1, 3:0:0:0:2, 4:0:0:0:2, 4:0:1:0:3, 3:2:0:0:2, 2:1:0:0:0, 2:0:0:0:1,  , 3:1:0:0:2, 3:1:0:0:1, 3:1:0:0:3, 3:0:0:0:2, 4:1:0:0:2, 2:1:0:0:2, 3:0:0:0:2,  , 3:1:0:0:1, 2:1:0:0:0, 3:1:0:0:1, 3:1:0:0:1, 2:1:0:0:0, 4:1:0:0:1, 3:0:0:0:2,  , 6:1:0:1:3, 3:2:0:0:0, 2:0:0:0:2, 3:1:0:0:3, 4:0:0:1:2, 0:0:0:0:0, 1:0:0:0:1, 4:1:0:0:3, 3:0:0:0:2, 4:1:0:0:1, 3:0:0:0:2, 2:0:0:0:0, 1:0:0:0:1, 3:0:0:0:1, 3:1:0:0:1, 0:0:0:0:0, 2:0:0:0:1, 2:1:0:0:2, 2:0:0:0:1,  , 4:1:0:0:2, 2:1:0:0:2, 3:0:0:0:2, 4:1:0:0:2, 4:1:0:0:1, 4:1:0:0:1, 3:0:0:0:3, 2:0:0:0:2, 1:0:0:0:1, 259:69:2:3:130
D minor (1b), 1:0:0:0:0, 2:0:0:0:0, 3:0:0:0:0, 0:0:0:0:0, 3:0:0:0:0, 4:0:0:0:0, 2:0:0:0:0, 2:0:0:0:0, 2:0:0:0:0, 3:2:0:0:2, 3:1:0:0:1, 3:0:0:0:0, 4:0:0:0:0, 1:0:0:0:0, 3:0:0:0:0, 3:0:0:0:0, 1:0:0:0:0, 2:0:0:0:0, 3:0:0:0:0, 0:0:0:0:0, 0:0:0:0:0, 4:0:0:0:0, 0:0:0:0:0, 0:0:0:0:0, 3:1:0:0:1, 3:0:0:1:1, 1:0:0:0:0, 2:0:0:0:0, 3:0:0:0:0, 2:0:0:0:0, 2:0:0:0:0, 4:0:0:0:0, 2:0:0:0:0, 0:0:0:0:0, 0:0:0:0:0,  , 4:1:0:1:1, 2:0:0:0:0, 2:0:0:0:0, 2:0:0:0:0, 3:0:0:0:0, 4:0:0:0:0, 1:0:0:0:0, 2:0:0:0:0, 3:0:0:0:0, 1:0:0:0:0, 2:0:0:0:0, 2:1:0:0:1, 2:0:0:0:0, 2:0:0:0:0, 0:0:0:0:0,  , 1:0:0:0:0, 1:0:0:0:0, 2:0:0:0:0, 5:0:0:0:0, 2:0:0:0:0, 1:0:0:0:0, 1:0:0:0:0,  , 3:0:0:0:0, 2:0:0:0:0, 2:0:0:0:0, 3:0:0:0:0, 1:0:0:0:0, 4:0:0:0:0, 1:0:0:0:0,  , 4:1:0:1:1, 2:0:0:0:0, 4:0:0:0:0, 5:0:0:0:0, 3:0:0:0:0, 0:0:0:0:0, 2:0:0:0:0, 2:0:0:0:0, 3:0:0:0:0, 2:0:0:0:0, 2:0:0:0:0, 2:1:0:0:1, 1:0:0:0:0, 2:0:0:0:0, 2:0:0:0:0, 0:0:0:0:0, 0:0:0:0:0, 1:0:0:0:0, 1:0:0:0:0,  , 4:0:0:0:0, 1:0:0:0:0, 1:0:0:0:0, 4:0:0:0:0, 4:0:0:0:0, 2:1:0:0:1, 4:0:0:0:0, 1:0:0:0:0, 0:0:0:0:0, 191:9:0:3:10
E minor (1#), 2:1:0:0:0, 4:3:0:0:1, 3:1:0:0:1, 1:0:0:0:0, 5:2:0:0:3, 4:2:0:0:2, 4:0:0:0:3, 3:1:0:0:2, 3:1:0:0:3, 2:0:0:0:1, 4:0:0:0:2, 3:0:1:0:3, 3:0:0:0:3, 1:0:0:0:0, 5:1:0:0:4, 3:0:0:0:2, 2:1:0:0:0, 4:3:0:0:1, 3:1:0:0:1, 1:0:0:0:0, 2:1:0:0:0, 5:2:0:0:1, 1:0:0:0:0, 0:0:0:0:0, 2:0:0:0:1, 4:1:0:0:3, 3:2:0:0:0, 2:1:0:0:0, 4:3:0:0:1, 4:3:0:0:1, 3:1:0:0:1, 5:2:0:0:2, 2:0:0:0:1, 0:0:0:0:0, 2:0:0:0:1,  , 6:1:0:1:3, 3:2:0:0:0, 2:1:0:0:2, 2:0:0:0:2, 4:0:0:0:2, 2:0:0:0:2, 1:1:0:0:1, 3:3:0:0:1, 3:1:0:0:1, 3:0:0:0:2, 4:0:0:0:2, 4:0:1:0:3, 3:2:0:0:2, 2:1:0:0:0, 2:0:0:0:1,  , 3:1:0:0:2, 3:1:0:0:1, 3:1:0:0:3, 3:0:0:0:2, 4:1:0:0:2, 2:1:0:0:2, 3:0:0:0:2,  , 3:1:0:0:1, 2:1:0:0:0, 3:1:0:0:1, 3:1:0:0:1, 2:1:0:0:0, 4:1:0:0:1, 3:0:0:0:2,  , 6:1:0:1:3, 3:2:0:0:0, 2:0:0:0:2, 3:1:0:0:3, 4:0:0:1:2, 0:0:0:0:0, 1:0:0:0:1, 4:1:0:0:3, 3:0:0:0:2, 4:1:0:0:1, 3:0:0:0:2, 2:0:0:0:0, 1:0:0:0:1, 3:0:0:0:1, 3:1:0:0:1, 0:0:0:0:0, 2:0:0:0:1, 2:1:0:0:2, 2:0:0:0:1,  , 4:1:0:0:2, 2:1:0:0:2, 3:0:0:0:2, 4:1:0:0:2, 4:1:0:0:1, 4:1:0:0:1, 3:0:0:0:3, 2:0:0:0:2, 1:0:0:0:1, 259:69:2:3:130
D minor mel (1b), 1:0:0:0:0, 2:0:0:0:0, 3:0:0:0:0, 0:0:0:0:0, 3:0:0:0:0, 4:0:0:0:0, 2:0:0:0:0, 2:0:0:0:0, 2:0:0:0:0, 3:2:0:0:2, 3:1:0:0:1, 3:0:0:0:0, 4:0:0:0:0, 1:0:0:0:0, 3:0:0:0:0, 3:0:0:0:0, 1:0:0:0:0, 2:0:0:0:0, 3:0:0:0:0, 0:0:0:0:0, 0:0:0:0:0, 4:0:0:0:0, 0:0:0:0:0, 0:0:0:0:0, 3:1:0:0:1, 3:0:0:1:1, 1:0:0:0:0, 2:0:0:0:0, 3:0:0:0:0, 2:0:0:0:0, 2:0:0:0:0, 4:0:0:0:0, 2:0:0:0:0, 0:0:0:0:0, 0:0:0:0:0,  , 4:1:0:1:1, 2:0:0:0:0, 2:0:0:0:0, 2:0:0:0:0, 3:0:0:0:0, 4:0:0:0:0, 1:0:0:0:0, 2:0:0:0:0, 3:0:0:0:0, 1:0:0:0:0, 2:0:0:0:0, 2:1:0:0:1, 2:0:0:0:0, 2:0:0:0:0, 0:0:0:0:0,  , 1:0:0:0:0, 1:0:0:0:0, 2:0:0:0:0, 5:0:0:0:0, 2:0:0:0:0, 1:0:0:0:0, 1:0:0:0:0,  , 3:0:0:0:0, 2:0:0:0:0, 2:0:0:0:0, 3:0:0:0:0, 1:0:0:0:0, 4:0:0:0:0, 1:0:0:0:0,  , 4:1:0:1:1, 2:0:0:0:0, 4:0:0:0:0, 5:0:0:0:0, 3:0:0:0:0, 0:0:0:0:0, 2:0:0:0:0, 2:0:0:0:0, 3:0:0:0:0, 2:0:0:0:0, 2:0:0:0:0, 2:1:0:0:1, 1:0:0:0:0, 2:0:0:0:0, 2:0:0:0:0, 0:0:0:0:0, 0:0:0:0:0, 1:0:0:0:0, 1:0:0:0:0,  , 4:0:0:0:0, 1:0:0:0:0, 1:0:0:0:0, 4:0:0:0:0, 4:0:0:0:0, 2:1:0:0:1, 4:0:0:0:0, 1:0:0:0:0, 0:0:0:0:0, 191:9:0:3:10
E minor mel (1#), 2:1:0:0:0, 4:3:0:0:1, 3:1:0:0:1, 1:0:0:0:0, 5:2:0:0:3, 4:2:0:0:2, 4:0:0:0:3, 3:1:0:0:2, 3:1:0:0:3, 2:0:0:0:1, 4:0:0:0:2, 3:0:1:0:3, 3:0:0:0:3, 1:0:0:0:0, 5:1:0:0:4, 3:0:0:0:2, 2:1:0:0:0, 4:3:0:0:1, 3:1:0:0:1, 1:0:0:0:0, 2:1:0:0:0, 5:2:0:0:1, 1:0:0:0:0, 0:0:0:0:0, 2:0:0:0:1, 4:1:0:0:3, 3:2:0:0:0, 2:1:0:0:0, 4:3:0:0:1, 4:3:0:0:1, 3:1:0:0:1, 5:2:0:0:2, 2:0:0:0:1, 0:0:0:0:0, 2:0:0:0:1,  , 6:1:0:1:3, 3:2:0:0:0, 2:1:0:0:2, 2:0:0:0:2, 4:0:0:0:2, 2:0:0:0:2, 1:1:0:0:1, 3:3:0:0:1, 3:1:0:0:1, 3:0:0:0:2, 4:0:0:0:2, 4:0:1:0:3, 3:2:0:0:2, 2:1:0:0:0, 2:0:0:0:1,  , 3:1:0:0:2, 3:1:0:0:1, 3:1:0:0:3, 3:0:0:0:2, 4:1:0:0:2, 2:1:0:0:2, 3:0:0:0:2,  , 3:1:0:0:1, 2:1:0:0:0, 3:1:0:0:1, 3:1:0:0:1, 2:1:0:0:0, 4:1:0:0:1, 3:0:0:0:2,  , 6:1:0:1:3, 3:2:0:0:0, 2:0:0:0:2, 3:1:0:0:3, 4:0:0:1:2, 0:0:0:0:0, 1:0:0:0:1, 4:1:0:0:3, 3:0:0:0:2, 4:1:0:0:1, 3:0:0:0:2, 2:0:0:0:0, 1:0:0:0:1, 3:0:0:0:1, 3:1:0:0:1, 0:0:0:0:0, 2:0:0:0:1, 2:1:0:0:2, 2:0:0:0:1,  , 4:1:0:0:2, 2:1:0:0:2, 3:0:0:0:2, 4:1:0:0:2, 4:1:0:0:1, 4:1:0:0:1, 3:0:0:0:3, 2:0:0:0:2, 1:0:0:0:1, 259:69:2:3:130
F major blues (1b), 1:0:0:0:0, 2:0:0:0:0, 3:0:0:0:0, 0:0:0:0:0, 3:0:0:0:0, 4:0:0:0:0, 2:0:0:0:0, 2:0:0:0:0, 2:0:0:0:0, 3:2:0:0:2, 3:1:0:0:1, 3:0:0:0:0, 4:0:0:0:0, 1:0:0:0:0, 3:0:0:0:0, 3:0:0:0:0, 1:0:0:0:0, 2:0:0:0:0, 3:0:0:0:0, 0:0:0:0:0, 0:0:0:0:0, 4:0:0:0:0, 0:0:0:0:0, 0:0:0:0:0, 3:1:0:0:1, 3:0:0:1:1, 1:0:0:0:0, 2:0:0:0:0, 3:0:0:0:0, 2:0:0:0:0, 2:0:0:0:0, 4:0:0:0:0, 2:0:0:0:0, 0:0:0:0:0, 0:0:0:0:0,  , 4:1:0:1:1, 2:0:0:0:0, 2:0:0:0:0, 2:0:0:0:0, 3:0:0:0:0, 4:0:0:0:0, 1:0:0:0:0, 2:0:0:0:0, 3:0:0:0:0, 1:0:0:0:0, 2:0:0:0:0, 2:1:0:0:1, 2:0:0:0:0, 2:0:0:0:0, 0:0:0:0:0,  , 1:0:0:0:0, 1:0:0:0:0, 2:0:0:0:0, 5:0:0:0:0, 2:0:0:0:0, 1:0:0:0:0, 1:0:0:0:0,  , 3:0:0:0:0, 2:0:0:0:0, 2:0:0:0:0, 3:0:0:0:0, 1:0:0:0:0, 4:0:0:0:0, 1:0:0:0:0,  , 4:1:0:1:1, 2:0:0:0:0, 4:0:0:0:0, 5:0:0:0:0, 3:0:0:0:0, 0:0:0:0:0, 2:0:0:0:0, 2:0:0:0:0, 3:0:0:0:0, 2:0:0:0:0, 2:0:0:0:0, 2:1:0:0:1, 1:0:0:0:0, 2:0:0:0:0, 2:0:0:0:0, 0:0:0:0:0, 0:0:0:0:0, 1:0:0:0:0, 1:0:0:0:0,  , 4:0:0:0:0, 1:0:0:0:0, 1:0:0:0:0, 4:0:0:0:0, 4:0:0:0:0, 2:1:0:0:1, 4:0:0:0:0, 1:0:0:0:0, 0:0:0:0:0, 191:9:0:3:10
G major blues (1#), 2:1:0:0:0, 4:3:0:0:1, 3:1:0:0:1, 1:0:0:0:0, 5:2:0:0:3, 4:2:0:0:2, 4:0:0:0:3, 3:1:0:0:2, 3:1:0:0:3, 2:0:0:0:1, 4:0:0:0:2, 3:0:1:0:3, 3:0:0:0:3, 1:0:0:0:0, 5:1:0:0:4, 3:0:0:0:2, 2:1:0:0:0, 4:3:0:0:1, 3:1:0:0:1, 1:0:0:0:0, 2:1:0:0:0, 5:2:0:0:1, 1:0:0:0:0, 0:0:0:0:0, 2:0:0:0:1, 4:1:0:0:3, 3:2:0:0:0, 2:1:0:0:0, 4:3:0:0:1, 4:3:0:0:1, 3:1:0:0:1, 5:2:0:0:2, 2:0:0:0:1, 0:0:0:0:0, 2:0:0:0:1,  , 6:1:0:1:3, 3:2:0:0:0, 2:1:0:0:2, 2:0:0:0:2, 4:0:0:0:2, 2:0:0:0:2, 1:1:0:0:1, 3:3:0:0:1, 3:1:0:0:1, 3:0:0:0:2, 4:0:0:0:2, 4:0:1:0:3, 3:2:0:0:2, 2:1:0:0:0, 2:0:0:0:1,  , 3:1:0:0:2, 3:1:0:0:1, 3:1:0:0:3, 3:0:0:0:2, 4:1:0:0:2, 2:1:0:0:2, 3:0:0:0:2,  , 3:1:0:0:1, 2:1:0:0:0, 3:1:0:0:1, 3:1:0:0:1, 2:1:0:0:0, 4:1:0:0:1, 3:0:0:0:2,  , 6:1:0:1:3, 3:2:0:0:0, 2:0:0:0:2, 3:1:0:0:3, 4:0:0:1:2, 0:0:0:0:0, 1:0:0:0:1, 4:1:0:0:3, 3:0:0:0:2, 4:1:0:0:1, 3:0:0:0:2, 2:0:0:0:0, 1:0:0:0:1, 3:0:0:0:1, 3:1:0:0:1, 0:0:0:0:0, 2:0:0:0:1, 2:1:0:0:2, 2:0:0:0:1,  , 4:1:0:0:2, 2:1:0:0:2, 3:0:0:0:2, 4:1:0:0:2, 4:1:0:0:1, 4:1:0:0:1, 3:0:0:0:3, 2:0:0:0:2, 1:0:0:0:1, 259:69:2:3:130
D minor blues (1b), 1:0:0:0:0, 2:0:0:0:0, 3:0:0:0:0, 0:0:0:0:0, 3:0:0:0:0, 4:0:0:0:0, 2:0:0:0:0, 2:0:0:0:0, 2:0:0:0:0, 3:2:0:0:2, 3:1:0:0:1, 3:0:0:0:0, 4:0:0:0:0, 1:0:0:0:0, 3:0:0:0:0, 3:0:0:0:0, 1:0:0:0:0, 2:0:0:0:0, 3:0:0:0:0, 0:0:0:0:0, 0:0:0:0:0, 4:0:0:0:0, 0:0:0:0:0, 0:0:0:0:0, 3:1:0:0:1, 3:0:0:1:1, 1:0:0:0:0, 2:0:0:0:0, 3:0:0:0:0, 2:0:0:0:0, 2:0:0:0:0, 4:0:0:0:0, 2:0:0:0:0, 0:0:0:0:0, 0:0:0:0:0,  , 4:1:0:1:1, 2:0:0:0:0, 2:0:0:0:0, 2:0:0:0:0, 3:0:0:0:0, 4:0:0:0:0, 1:0:0:0:0, 2:0:0:0:0, 3:0:0:0:0, 1:0:0:0:0, 2:0:0:0:0, 2:1:0:0:1, 2:0:0:0:0, 2:0:0:0:0, 0:0:0:0:0,  , 1:0:0:0:0, 1:0:0:0:0, 2:0:0:0:0, 5:0:0:0:0, 2:0:0:0:0, 1:0:0:0:0, 1:0:0:0:0,  , 3:0:0:0:0, 2:0:0:0:0, 2:0:0:0:0, 3:0:0:0:0, 1:0:0:0:0, 4:0:0:0:0, 1:0:0:0:0,  , 4:1:0:1:1, 2:0:0:0:0, 4:0:0:0:0, 5:0:0:0:0, 3:0:0:0:0, 0:0:0:0:0, 2:0:0:0:0, 2:0:0:0:0, 3:0:0:0:0, 2:0:0:0:0, 2:0:0:0:0, 2:1:0:0:1, 1:0:0:0:0, 2:0:0:0:0, 2:0:0:0:0, 0:0:0:0:0, 0:0:0:0:0, 1:0:0:0:0, 1:0:0:0:0,  , 4:0:0:0:0, 1:0:0:0:0, 1:0:0:0:0, 4:0:0:0:0, 4:0:0:0:0, 2:1:0:0:1, 4:0:0:0:0, 1:0:0:0:0, 0:0:0:0:0, 191:9:0:3:10
E minor blues (1#), 2:1:0:0:0, 4:3:0:0:1, 3:1:0:0:1, 1:0:0:0:0, 5:2:0:0:3, 4:2:0:0:2, 4:0:0:0:3, 3:1:0:0:2, 3:1:0:0:3, 2:0:0:0:1, 4:0:0:0:2, 3:0:1:0:3, 3:0:0:0:3, 1:0:0:0:0, 5:1:0:0:4, 3:0:0:0:2, 2:1:0:0:0, 4:3:0:0:1, 3:1:0:0:1, 1:0:0:0:0, 2:1:0:0:0, 5:2:0:0:1, 1:0:0:0:0, 0:0:0:0:0, 2:0:0:0:1, 4:1:0:0:3, 3:2:0:0:0, 2:1:0:0:0, 4:3:0:0:1, 4:3:0:0:1, 3:1:0:0:1, 5:2:0:0:2, 2:0:0:0:1, 0:0:0:0:0, 2:0:0:0:1,  , 6:1:0:1:3, 3:2:0:0:0, 2:1:0:0:2, 2:0:0:0:2, 4:0:0:0:2, 2:0:0:0:2, 1:1:0:0:1, 3:3:0:0:1, 3:1:0:0:1, 3:0:0:0:2, 4:0:0:0:2, 4:0:1:0:3, 3:2:0:0:2, 2:1:0:0:0, 2:0:0:0:1,  , 3:1:0:0:2, 3:1:0:0:1, 3:1:0:0:3, 3:0:0:0:2, 4:1:0:0:2, 2:1:0:0:2, 3:0:0:0:2,  , 3:1:0:0:1, 2:1:0:0:0, 3:1:0:0:1, 3:1:0:0:1, 2:1:0:0:0, 4:1:0:0:1, 3:0:0:0:2,  , 6:1:0:1:3, 3:2:0:0:0, 2:0:0:0:2, 3:1:0:0:3, 4:0:0:1:2, 0:0:0:0:0, 1:0:0:0:1, 4:1:0:0:3, 3:0:0:0:2, 4:1:0:0:1, 3:0:0:0:2, 2:0:0:0:0, 1:0:0:0:1, 3:0:0:0:1, 3:1:0:0:1, 0:0:0:0:0, 2:0:0:0:1, 2:1:0:0:2, 2:0:0:0:1,  , 4:1:0:0:2, 2:1:0:0:2, 3:0:0:0:2, 4:1:0:0:2, 4:1:0:0:1, 4:1:0:0:1, 3:0:0:0:3, 2:0:0:0:2, 1:0:0:0:1, 259:69:2:3:130
F dorian (1b), 1:0:0:0:0, 2:0:0:0:0, 3:0:0:0:0, 0:0:0:0:0, 3:0:0:0:0, 4:0:0:0:0, 2:0:0:0:0, 2:0:0:0:0, 2:0:0:0:0, 3:2:0:0:2, 3:1:0:0:1, 3:0:0:0:0, 4:0:0:0:0, 1:0:0:0:0, 3:0:0:0:0, 3:0:0:0:0, 1:0:0:0:0, 2:0:0:0:0, 3:0:0:0:0, 0:0:0:0:0, 0:0:0:0:0, 4:0:0:0:0, 0:0:0:0:0, 0:0:0:0:0, 3:1:0:0:1, 3:0:0:1:1, 1:0:0:0:0, 2:0:0:0:0, 3:0:0:0:0, 2:0:0:0:0, 2:0:0:0:0, 4:0:0:0:0, 2:0:0:0:0, 0:0:0:0:0, 0:0:0:0:0,  , 4:1:0:1:1, 2:0:0:0:0, 2:0:0:0:0, 2:0:0:0:0, 3:0:0:0:0, 4:0:0:0:0, 1:0:0:0:0, 2:0:0:0:0, 3:0:0:0:0, 1:0:0:0:0, 2:0:0:0:0, 2:1:0:0:1, 2:0:0:0:0, 2:0:0:0:0, 0:0:0:0:0,  , 1:0:0:0:0, 1:0:0:0:0, 2:0:0:0:0, 5:0:0:0:0, 2:0:0:0:0, 1:0:0:0:0, 1:0:0:0:0,  , 3:0:0:0:0, 2:0:0:0:0, 2:0:0:0:0, 3:0:0:0:0, 1:0:0:0:0, 4:0:0:0:0, 1:0:0:0:0,  , 4:1:0:1:1, 2:0:0:0:0, 4:0:0:0:0, 5:0:0:0:0, 3:0:0:0:0, 0:0:0:0:0, 2:0:0:0:0, 2:0:0:0:0, 3:0:0:0:0, 2:0:0:0:0, 2:0:0:0:0, 2:1:0:0:1, 1:0:0:0:0, 2:0:0:0:0, 2:0:0:0:0, 0:0:0:0:0, 0:0:0:0:0, 1:0:0:0:0, 1:0:0:0:0,  , 4:0:0:0:0, 1:0:0:0:0, 1:0:0:0:0, 4:0:0:0:0, 4:0:0:0:0, 2:1:0:0:1, 4:0:0:0:0, 1:0:0:0:0, 0:0:0:0:0, 191:9:0:3:10
G dorian (1#), 2:1:0:0:0, 4:3:0:0:1, 3:1:0:0:1, 1:0:0:0:0, 5:2:0:0:3, 4:2:0:0:2, 4:0:0:0:3, 3:1:0:0:2, 3:1:0:0:3, 2:0:0:0:1, 4:0:0:0:2, 3:0:1:0:3, 3:0:0:0:3, 1:0:0:0:0, 5:1:0:0:4, 3:0:0:0:2, 2:1:0:0:0, 4:3:0:0:1, 3:1:0:0:1, 1:0:0:0:0, 2:1:0:0:0, 5:2:0:0:1, 1:0:0:0:0, 0:0:0:0:0, 2:0:0:0:1, 4:1:0:0:3, 3:2:0:0:0, 2:1:0:0:0, 4:3:0:0:1, 4:3:0:0:1, 3:1:0:0:1, 5:2:0:0:2, 2:0:0:0:1, 0:0:0:0:0, 2:0:0:0:1,  , 6:1:0:1:3, 3:2:0:0:0, 2:1:0:0:2, 2:0:0:0:2, 4:0:0:0:2, 2:0:0:0:2, 1:1:0:0:1, 3:3:0:0:1, 3:1:0:0:1, 3:0:0:0:2, 4:0:0:0:2, 4:0:1:0:3, 3:2:0:0:2, 2:1:0:0:0, 2:0:0:0:1,  , 3:1:0:0:2, 3:1:0:0:1, 3:1:0:0:3, 3:0:0:0:2, 4:1:0:0:2, 2:1:0:0:2, 3:0:0:0:2,  , 3:1:0:0:1, 2:1:0:0:0, 3:1:0:0:1, 3:1:0:0:1, 2:1:0:0:0, 4:1:0:0:1, 3:0:0:0:2,  , 6:1:0:1:3, 3:2:0:0:0, 2:0:0:0:2, 3:1:0:0:3, 4:0:0:1:2, 0:0:0:0:0, 1:0:0:0:1, 4:1:0:0:3, 3:0:0:0:2, 4:1:0:0:1, 3:0:0:0:2, 2:0:0:0:0, 1:0:0:0:1, 3:0:0:0:1, 3:1:0:0:1, 0:0:0:0:0, 2:0:0:0:1, 2:1:0:0:2, 2:0:0:0:1,  , 4:1:0:0:2, 2:1:0:0:2, 3:0:0:0:2, 4:1:0:0:2, 4:1:0:0:1, 4:1:0:0:1, 3:0:0:0:3, 2:0:0:0:2, 1:0:0:0:1, 259:69:2:3:130
F phrygian (1b), 1:0:0:0:0, 2:0:0:0:0, 3:0:0:0:0, 0:0:0:0:0, 3:0:0:0:0, 4:0:0:0:0, 2:0:0:0:0, 2:0:0:0:0, 2:0:0:0:0, 3:2:0:0:2, 3:1:0:0:1, 3:0:0:0:0, 4:0:0:0:0, 1:0:0:0:0, 3:0:0:0:0, 3:0:0:0:0, 1:0:0:0:0, 2:0:0:0:0, 3:0:0:0:0, 0:0:0:0:0, 0:0:0:0:0, 4:0:0:0:0, 0:0:0:0:0, 0:0:0:0:0, 3:1:0:0:1, 3:0:0:1:1, 1:0:0:0:0, 2:0:0:0:0, 3:0:0:0:0, 2:0:0:0:0, 2:0:0:0:0, 4:0:0:0:0, 2:0:0:0:0, 0:0:0:0:0, 0:0:0:0:0,  , 4:1:0:1:1, 2:0:0:0:0, 2:0:0:0:0, 2:0:0:0:0, 3:0:0:0:0, 4:0:0:0:0, 1:0:0:0:0, 2:0:0:0:0, 3:0:0:0:0, 1:0:0:0:0, 2:0:0:0:0, 2:1:0:0:1, 2:0:0:0:0, 2:0:0:0:0, 0:0:0:0:0,  , 1:0:0:0:0, 1:0:0:0:0, 2:0:0:0:0, 5:0:0:0:0, 2:0:0:0:0, 1:0:0:0:0, 1:0:0:0:0,  , 3:0:0:0:0, 2:0:0:0:0, 2:0:0:0:0, 3:0:0:0:0, 1:0:0:0:0, 4:0:0:0:0, 1:0:0:0:0,  , 4:1:0:1:1, 2:0:0:0:0, 4:0:0:0:0, 5:0:0:0:0, 3:0:0:0:0, 0:0:0:0:0, 2:0:0:0:0, 2:0:0:0:0, 3:0:0:0:0, 2:0:0:0:0, 2:0:0:0:0, 2:1:0:0:1, 1:0:0:0:0, 2:0:0:0:0, 2:0:0:0:0, 0:0:0:0:0, 0:0:0:0:0, 1:0:0:0:0, 1:0:0:0:0,  , 4:0:0:0:0, 1:0:0:0:0, 1:0:0:0:0, 4:0:0:0:0, 4:0:0:0:0, 2:1:0:0:1, 4:0:0:0:0, 1:0:0:0:0, 0:0:0:0:0, 191:9:0:3:10
G phrygian (1#), 2:1:0:0:0, 4:3:0:0:1, 3:1:0:0:1, 1:0:0:0:0, 5:2:0:0:3, 4:2:0:0:2, 4:0:0:0:3, 3:1:0:0:2, 3:1:0:0:3, 2:0:0:0:1, 4:0:0:0:2, 3:0:1:0:3, 3:0:0:0:3, 1:0:0:0:0, 5:1:0:0:4, 3:0:0:0:2, 2:1:0:0:0, 4:3:0:0:1, 3:1:0:0:1, 1:0:0:0:0, 2:1:0:0:0, 5:2:0:0:1, 1:0:0:0:0, 0:0:0:0:0, 2:0:0:0:1, 4:1:0:0:3, 3:2:0:0:0, 2:1:0:0:0, 4:3:0:0:1, 4:3:0:0:1, 3:1:0:0:1, 5:2:0:0:2, 2:0:0:0:1, 0:0:0:0:0, 2:0:0:0:1,  , 6:1:0:1:3, 3:2:0:0:0, 2:1:0:0:2, 2:0:0:0:2, 4:0:0:0:2, 2:0:0:0:2, 1:1:0:0:1, 3:3:0:0:1, 3:1:0:0:1, 3:0:0:0:2, 4:0:0:0:2, 4:0:1:0:3, 3:2:0:0:2, 2:1:0:0:0, 2:0:0:0:1,  , 3:1:0:0:2, 3:1:0:0:1, 3:1:0:0:3, 3:0:0:0:2, 4:1:0:0:2, 2:1:0:0:2, 3:0:0:0:2,  , 3:1:0:0:1, 2:1:0:0:0, 3:1:0:0:1, 3:1:0:0:1, 2:1:0:0:0, 4:1:0:0:1, 3:0:0:0:2,  , 6:1:0:1:3, 3:2:0:0:0, 2:0:0:0:2, 3:1:0:0:3, 4:0:0:1:2, 0:0:0:0:0, 1:0:0:0:1, 4:1:0:0:3, 3:0:0:0:2, 4:1:0:0:1, 3:0:0:0:2, 2:0:0:0:0, 1:0:0:0:1, 3:0:0:0:1, 3:1:0:0:1, 0:0:0:0:0, 2:0:0:0:1, 2:1:0:0:2, 2:0:0:0:1,  , 4:1:0:0:2, 2:1:0:0:2, 3:0:0:0:2, 4:1:0:0:2, 4:1:0:0:1, 4:1:0:0:1, 3:0:0:0:3, 2:0:0:0:2, 1:0:0:0:1, 259:69:2:3:130
F lydian (1b), 1:0:0:0:0, 2:0:0:0:0, 3:0:0:0:0, 0:0:0:0:0, 3:0:0:0:0, 4:0:0:0:0, 2:0:0:0:0, 2:0:0:0:0, 2:0:0:0:0, 3:2:0:0:2, 3:1:0:0:1, 3:0:0:0:0, 4:0:0:0:0, 1:0:0:0:0, 3:0:0:0:0, 3:0:0:0:0, 1:0:0:0:0, 2:0:0:0:0, 3:0:0:0:0, 0:0:0:0:0, 0:0:0:0:0, 4:0:0:0:0, 0:0:0:0:0, 0:0:0:0:0, 3:1:0:0:1, 3:0:0:1:1, 1:0:0:0:0, 2:0:0:0:0, 3:0:0:0:0, 2:0:0:0:0, 2:0:0:0:0, 4:0:0:0:0, 2:0:0:0:0, 0:0:0:0:0, 0:0:0:0:0,  , 4:1:0:1:1, 2:0:0:0:0, 2:0:0:0:0, 2:0:0:0:0, 3:0:0:0:0, 4:0:0:0:0, 1:0:0:0:0, 2:0:0:0:0, 3:0:0:0:0, 1:0:0:0:0, 2:0:0:0:0, 2:1:0:0:1, 2:0:0:0:0, 2:0:0:0:0, 0:0:0:0:0,  , 1:0:0:0:0, 1:0:0:0:0, 2:0:0:0:0, 5:0:0:0:0, 2:0:0:0:0, 1:0:0:0:0, 1:0:0:0:0,  , 3:0:0:0:0, 2:0:0:0:0, 2:0:0:0:0, 3:0:0:0:0, 1:0:0:0:0, 4:0:0:0:0, 1:0:0:0:0,  , 4:1:0:1:1, 2:0:0:0:0, 4:0:0:0:0, 5:0:0:0:0, 3:0:0:0:0, 0:0:0:0:0, 2:0:0:0:0, 2:0:0:0:0, 3:0:0:0:0, 2:0:0:0:0, 2:0:0:0:0, 2:1:0:0:1, 1:0:0:0:0, 2:0:0:0:0, 2:0:0:0:0, 0:0:0:0:0, 0:0:0:0:0, 1:0:0:0:0, 1:0:0:0:0,  , 4:0:0:0:0, 1:0:0:0:0, 1:0:0:0:0, 4:0:0:0:0, 4:0:0:0:0, 2:1:0:0:1, 4:0:0:0:0, 1:0:0:0:0, 0:0:0:0:0, 191:9:0:3:10
G lydian (1#), 2:1:0:0:0, 4:3:0:0:1, 3:1:0:0:1, 1:0:0:0:0, 5:2:0:0:3, 4:2:0:0:2, 4:0:0:0:3, 3:1:0:0:2, 3:1:0:0:3, 2:0:0:0:1, 4:0:0:0:2, 3:0:1:0:3, 3:0:0:0:3, 1:0:0:0:0, 5:1:0:0:4, 3:0:0:0:2, 2:1:0:0:0, 4:3:0:0:1, 3:1:0:0:1, 1:0:0:0:0, 2:1:0:0:0, 5:2:0:0:1, 1:0:0:0:0, 0:0:0:0:0, 2:0:0:0:1, 4:1:0:0:3, 3:2:0:0:0, 2:1:0:0:0, 4:3:0:0:1, 4:3:0:0:1, 3:1:0:0:1, 5:2:0:0:2, 2:0:0:0:1, 0:0:0:0:0, 2:0:0:0:1,  , 6:1:0:1:3, 3:2:0:0:0, 2:1:0:0:2, 2:0:0:0:2, 4:0:0:0:2, 2:0:0:0:2, 1:1:0:0:1, 3:3:0:0:1, 3:1:0:0:1, 3:0:0:0:2, 4:0:0:0:2, 4:0:1:0:3, 3:2:0:0:2, 2:1:0:0:0, 2:0:0:0:1,  , 3:1:0:0:2, 3:1:0:0:1, 3:1:0:0:3, 3:0:0:0:2, 4:1:0:0:2, 2:1:0:0:2, 3:0:0:0:2,  , 3:1:0:0:1, 2:1:0:0:0, 3:1:0:0:1, 3:1:0:0:1, 2:1:0:0:0, 4:1:0:0:1, 3:0:0:0:2,  , 6:1:0:1:3, 3:2:0:0:0, 2:0:0:0:2, 3:1:0:0:3, 4:0:0:1:2, 0:0:0:0:0, 1:0:0:0:1, 4:1:0:0:3, 3:0:0:0:2, 4:1:0:0:1, 3:0:0:0:2, 2:0:0:0:0, 1:0:0:0:1, 3:0:0:0:1, 3:1:0:0:1, 0:0:0:0:0, 2:0:0:0:1, 2:1:0:0:2, 2:0:0:0:1,  , 4:1:0:0:2, 2:1:0:0:2, 3:0:0:0:2, 4:1:0:0:2, 4:1:0:0:1, 4:1:0:0:1, 3:0:0:0:3, 2:0:0:0:2, 1:0:0:0:1, 259:69:2:3:130
F mixolydian (1b), 1:0:0:0:0, 2:0:0:0:0, 3:0:0:0:0, 0:0:0:0:0, 3:0:0:0:0, 4:0:0:0:0, 2:0:0:0:0, 2:0:0:0:0, 2:0:0:0:0, 3:2:0:0:2, 3:1:0:0:1, 3:0:0:0:0, 4:0:0:0:0, 1:0:0:0:0, 3:0:0:0:0, 3:0:0:0:0, 1:0:0:0:0, 2:0:0:0:0, 3:0:0:0:0, 0:0:0:0:0, 0:0:0:0:0, 4:0:0:0:0, 0:0:0:0:0, 0:0:0:0:0, 3:1:0:0:1, 3:0:0:1:1, 1:0:0:0:0, 2:0:0:0:0, 3:0:0:0:0, 2:0:0:0:0, 2:0:0:0:0, 4:0:0:0:0, 2:0:0:0:0, 0:0:0:0:0, 0:0:0:0:0,  , 4:1:0:1:1, 2:0:0:0:0, 2:0:0:0:0, 2:0:0:0:0, 3:0:0:0:0, 4:0:0:0:0, 1:0:0:0:0, 2:0:0:0:0, 3:0:0:0:0, 1:0:0:0:0, 2:0:0:0:0, 2:1:0:0:1, 2:0:0:0:0, 2:0:0:0:0, 0:0:0:0:0,  , 1:0:0:0:0, 1:0:0:0:0, 2:0:0:0:0, 5:0:0:0:0, 2:0:0:0:0, 1:0:0:0:0, 1:0:0:0:0,  , 3:0:0:0:0, 2:0:0:0:0, 2:0:0:0:0, 3:0:0:0:0, 1:0:0:0:0, 4:0:0:0:0, 1:0:0:0:0,  , 4:1:0:1:1, 2:0:0:0:0, 4:0:0:0:0, 5:0:0:0:0, 3:0:0:0:0, 0:0:0:0:0, 2:0:0:0:0, 2:0:0:0:0, 3:0:0:0:0, 2:0:0:0:0, 2:0:0:0:0, 2:1:0:0:1, 1:0:0:0:0, 2:0:0:0:0, 2:0:0:0:0, 0:0:0:0:0, 0:0:0:0:0, 1:0:0:0:0, 1:0:0:0:0,  , 4:0:0:0:0, 1:0:0:0:0, 1:0:0:0:0, 4:0:0:0:0, 4:0:0:0:0, 2:1:0:0:1, 4:0:0:0:0, 1:0:0:0:0, 0:0:0:0:0, 191:9:0:3:10
G mixolydian (1#), 2:1:0:0:0, 4:3:0:0:1, 3:1:0:0:1, 1:0:0:0:0, 5:2:0:0:3, 4:2:0:0:2, 4:0:0:0:3, 3:1:0:0:2, 3:1:0:0:3, 2:0:0:0:1, 4:0:0:0:2, 3:0:1:0:3, 3:0:0:0:3, 1:0:0:0:0, 5:1:0:0:4, 3:0:0:0:2, 2:1:0:0:0, 4:3:0:0:1, 3:1:0:0:1, 1:0:0:0:0, 2:1:0:0:0, 5:2:0:0:1, 1:0:0:0:0, 0:0:0:0:0, 2:0:0:0:1, 4:1:0:0:3, 3:2:0:0:0, 2:1:0:0:0, 4:3:0:0:1, 4:3:0:0:1, 3:1:0:0:1, 5:2:0:0:2, 2:0:0:0:1, 0:0:0:0:0, 2:0:0:0:1,  , 6:1:0:1:3, 3:2:0:0:0, 2:1:0:0:2, 2:0:0:0:2, 4:0:0:0:2, 2:0:0:0:2, 1:1:0:0:1, 3:3:0:0:1, 3:1:0:0:1, 3:0:0:0:2, 4:0:0:0:2, 4:0:1:0:3, 3:2:0:0:2, 2:1:0:0:0, 2:0:0:0:1,  , 3:1:0:0:2, 3:1:0:0:1, 3:1:0:0:3, 3:0:0:0:2, 4:1:0:0:2, 2:1:0:0:2, 3:0:0:0:2,  , 3:1:0:0:1, 2:1:0:0:0, 3:1:0:0:1, 3:1:0:0:1, 2:1:0:0:0, 4:1:0:0:1, 3:0:0:0:2,  , 6:1:0:1:3, 3:2:0:0:0, 2:0:0:0:2, 3:1:0:0:3, 4:0:0:1:2, 0:0:0:0:0, 1:0:0:0:1, 4:1:0:0:3, 3:0:0:0:2, 4:1:0:0:1, 3:0:0:0:2, 2:0:0:0:0, 1:0:0:0:1, 3:0:0:0:1, 3:1:0:0:1, 0:0:0:0:0, 2:0:0:0:1, 2:1:0:0:2, 2:0:0:0:1,  , 4:1:0:0:2, 2:1:0:0:2, 3:0:0:0:2, 4:1:0:0:2, 4:1:0:0:1, 4:1:0:0:1, 3:0:0:0:3, 2:0:0:0:2, 1:0:0:0:1, 259:69:2:3:130
F aeolian (1b), 1:0:0:0:0, 2:0:0:0:0, 3:0:0:0:0, 0:0:0:0:0, 3:0:0:0:0, 4:0:0:0:0, 2:0:0:0:0, 2:0:0:0:0, 2:0:0:0:0, 3:2:0:0:2, 3:1:0:0:1, 3:0:0:0:0, 4:0:0:0:0, 1:0:0:0:0, 3:0:0:0:0, 3:0:0:0:0, 1:0:0:0:0, 2:0:0:0:0, 3:0:0:0:0, 0:0:0:0:0, 0:0:0:0:0, 4:0:0:0:0, 0:0:0:0:0, 0:0:0:0:0, 3:1:0:0:1, 3:0:0:1:1, 1:0:0:0:0, 2:0:0:0:0, 3:0:0:0:0, 2:0:0:0:0, 2:0:0:0:0, 4:0:0:0:0, 2:0:0:0:0, 0:0:0:0:0, 0:0:0:0:0,  , 4:1:0:1:1, 2:0:0:0:0, 2:0:0:0:0, 2:0:0:0:0, 3:0:0:0:0, 4:0:0:0:0, 1:0:0:0:0, 2:0:0:0:0, 3:0:0:0:0, 1:0:0:0:0, 2:0:0:0:0, 2:1:0:0:1, 2:0:0:0:0, 2:0:0:0:0, 0:0:0:0:0,  , 1:0:0:0:0, 1:0:0:0:0, 2:0:0:0:0, 5:0:0:0:0, 2:0:0:0:0, 1:0:0:0:0, 1:0:0:0:0,  , 3:0:0:0:0, 2:0:0:0:0, 2:0:0:0:0, 3:0:0:0:0, 1:0:0:0:0, 4:0:0:0:0, 1:0:0:0:0,  , 4:1:0:1:1, 2:0:0:0:0, 4:0:0:0:0, 5:0:0:0:0, 3:0:0:0:0, 0:0:0:0:0, 2:0:0:0:0, 2:0:0:0:0, 3:0:0:0:0, 2:0:0:0:0, 2:0:0:0:0, 2:1:0:0:1, 1:0:0:0:0, 2:0:0:0:0, 2:0:0:0:0, 0:0:0:0:0, 0:0:0:0:0, 1:0:0:0:0, 1:0:0:0:0,  , 4:0:0:0:0, 1:0:0:0:0, 1:0:0:0:0, 4:0:0:0:0, 4:0:0:0:0, 2:1:0:0:1, 4:0:0:0:0, 1:0:0:0:0, 0:0:0:0:0, 191:9:0:3:10
G aeolian (1#), 2:1:0:0:0, 4:3:0:0:1, 3:1:0:0:1, 1:0:0:0:0, 5:2:0:0:3, 4:2:0:0:2, 4:0:0:0:3, 3:1:0:0:2, 3:1:0:0:3, 2:0:0:0:1, 4:0:0:0:2, 3:0:1:0:3, 3:0:0:0:3, 1:0:0:0:0, 5:1:0:0:4, 3:0:0:0:2, 2:1:0:0:0, 4:3:0:0:1, 3:1:0:0:1, 1:0:0:0:0, 2:1:0:0:0, 5:2:0:0:1, 1:0:0:0:0, 0:0:0:0:0, 2:0:0:0:1, 4:1:0:0:3, 3:2:0:0:0, 2:1:0:0:0, 4:3:0:0:1, 4:3:0:0:1, 3:1:0:0:1, 5:2:0:0:2, 2:0:0:0:1, 0:0:0:0:0, 2:0:0:0:1,  , 6:1:0:1:3, 3:2:0:0:0, 2:1:0:0:2, 2:0:0:0:2, 4:0:0:0:2, 2:0:0:0:2, 1:1:0:0:1, 3:3:0:0:1, 3:1:0:0:1, 3:0:0:0:2, 4:0:0:0:2, 4:0:1:0:3, 3:2:0:0:2, 2:1:0:0:0, 2:0:0:0:1,  , 3:1:0:0:2, 3:1:0:0:1, 3:1:0:0:3, 3:0:0:0:2, 4:1:0:0:2, 2:1:0:0:2, 3:0:0:0:2,  , 3:1:0:0:1, 2:1:0:0:0, 3:1:0:0:1, 3:1:0:0:1, 2:1:0:0:0, 4:1:0:0:1, 3:0:0:0:2,  , 6:1:0:1:3, 3:2:0:0:0, 2:0:0:0:2, 3:1:0:0:3, 4:0:0:1:2, 0:0:0:0:0, 1:0:0:0:1, 4:1:0:0:3, 3:0:0:0:2, 4:1:0:0:1, 3:0:0:0:2, 2:0:0:0:0, 1:0:0:0:1, 3:0:0:0:1, 3:1:0:0:1, 0:0:0:0:0, 2:0:0:0:1, 2:1:0:0:2, 2:0:0:0:1,  , 4:1:0:0:2, 2:1:0:0:2, 3:0:0:0:2, 4:1:0:0:2, 4:1:0:0:1, 4:1:0:0:1, 3:0:0:0:3, 2:0:0:0:2, 1:0:0:0:1, 259:69:2:3:130
F locrian (1b), 1:0:0:0:0, 2:0:0:0:0, 3:0:0:0:0, 0:0:0:0:0, 3:0:0:0:0, 4:0:0:0:0, 2:0:0:0:0, 2:0:0:0:0, 2:0:0:0:0, 3:2:0:0:2, 3:1:0:0:1, 3:0:0:0:0, 4:0:0:0:0, 1:0:0:0:0, 3:0:0:0:0, 3:0:0:0:0, 1:0:0:0:0, 2:0:0:0:0, 3:0:0:0:0, 0:0:0:0:0, 0:0:0:0:0, 4:0:0:0:0, 0:0:0:0:0, 0:0:0:0:0, 3:1:0:0:1, 3:0:0:1:1, 1:0:0:0:0, 2:0:0:0:0, 3:0:0:0:0, 2:0:0:0:0, 2:0:0:0:0, 4:0:0:0:0, 2:0:0:0:0, 0:0:0:0:0, 0:0:0:0:0,  , 4:1:0:1:1, 2:0:0:0:0, 2:0:0:0:0, 2:0:0:0:0, 3:0:0:0:0, 4:0:0:0:0, 1:0:0:0:0, 2:0:0:0:0, 3:0:0:0:0, 1:0:0:0:0, 2:0:0:0:0, 2:1:0:0:1, 2:0:0:0:0, 2:0:0:0:0, 0:0:0:0:0,  , 1:0:0:0:0, 1:0:0:0:0, 2:0:0:0:0, 5:0:0:0:0, 2:0:0:0:0, 1:0:0:0:0, 1:0:0:0:0,  , 3:0:0:0:0, 2:0:0:0:0, 2:0:0:0:0, 3:0:0:0:0, 1:0:0:0:0, 4:0:0:0:0, 1:0:0:0:0,  , 4:1:0:1:1, 2:0:0:0:0, 4:0:0:0:0, 5:0:0:0:0, 3:0:0:0:0, 0:0:0:0:0, 2:0:0:0:0, 2:0:0:0:0, 3:0:0:0:0, 2:0:0:0:0, 2:0:0:0:0, 2:1:0:0:1, 1:0:0:0:0, 2:0:0:0:0, 2:0:0:0:0, 0:0:0:0:0, 0:0:0:0:0, 1:0:0:0:0, 1:0:0:0:0,  , 4:0:0:0:0, 1:0:0:0:0, 1:0:0:0:0, 4:0:0:0:0, 4:0:0:0:0, 2:1:0:0:1, 4:0:0:0:0, 1:0:0:0:0, 0:0:0:0:0, 191:9:0:3:10
G locrian (1#), 2:1:0:0:0, 4:3:0:0:1, 3:1:0:0:1, 1:0:0:0:0, 5:2:0:0:3, 4:2:0:0:2, 4:0:0:0:3, 3:1:0:0:2, 3:1:0:0:3, 2:0:0:0:1, 4:0:0:0:2, 3:0:1:0:3, 3:0:0:0:3, 1:0:0:0:0, 5:1:0:0:4, 3:0:0:0:2, 2:1:0:0:0, 4:3:0:0:1, 3:1:0:0:1, 1:0:0:0:0, 2:1:0:0:0, 5:2:0:0:1, 1:0:0:0:0, 0:0:0:0:0, 2:0:0:0:1, 4:1:0:0:3, 3:2:0:0:0, 2:1:0:0:0, 4:3:0:0:1, 4:3:0:0:1, 3:1:0:0:1, 5:2:0:0:2, 2:0:0:0:1, 0:0:0:0:0, 2:0:0:0:1,  , 6:1:0:1:3, 3:2:0:0:0, 2:1:0:0:2, 2:0:0:0:2, 4:0:0:0:2, 2:0:0:0:2, 1:1:0:0:1, 3:3:0:0:1, 3:1:0:0:1, 3:0:0:0:2, 4:0:0:0:2, 4:0:1:0:3, 3:2:0:0:2, 2:1:0:0:0, 2:0:0:0:1,  , 3:1:0:0:2, 3:1:0:0:1, 3:1:0:0:3, 3:0:0:0:2, 4:1:0:0:2, 2:1:0:0:2, 3:0:0:0:2,  , 3:1:0:0:1, 2:1:0:0:0, 3:1:0:0:1, 3:1:0:0:1, 2:1:0:0:0, 4:1:0:0:1, 3:0:0:0:2,  , 6:1:0:1:3, 3:2:0:0:0, 2:0:0:0:2, 3:1:0:0:3, 4:0:0:1:2, 0:0:0:0:0, 1:0:0:0:1, 4:1:0:0:3, 3:0:0:0:2, 4:1:0:0:1, 3:0:0:0:2, 2:0:0:0:0, 1:0:0:0:1, 3:0:0:0:1, 3:1:0:0:1, 0:0:0:0:0, 2:0:0:0:1, 2:1:0:0:2, 2:0:0:0:1,  , 4:1:0:0:2, 2:1:0:0:2, 3:0:0:0:2, 4:1:0:0:2, 4:1:0:0:1, 4:1:0:0:1, 3:0:0:0:3, 2:0:0:0:2, 1:0:0:0:1, 259:69:2:3:130
Bb major (2b), 2:0:0:0:0, 1:0:0:0:0, 2:0:0:0:0, 1:0:0:0:0, 2:0:0:0:0, 4:0:1:0:2, 1:0:0:0:0, 3:0:0:0:0, 1:0:0:0:0, 3:0:1:0:1, 2:1:0:0:1, 2:0:0:0:0, 3:0:0:0:1, 2:0:0:0:0, 2:0:0:0:0, 3:0:1:0:1, 2:0:0:0:0, 1:0:0:0:0, 2:0:0:0:0, 0:0:0:0:0, 1:0:0:0:0, 3:0:0:0:0, 0:0:0:0:0, 0:0:0:0:0, 2:1:0:0:2, 2:0:1:0:1, 1:0:0:0:0, 3:0:0:0:1, 2:0:0:0:0, 2:0:0:0:0, 1:0:0:0:0, 4:0:1:0:1, 1:0:0:0:0, 0:0:0:0:0, 0:0:0:0:0,  , 3:1:0:1:1, 3:0:0:0:0, 1:0:0:0:0, 1:0:0:0:0, 4:0:0:0:0, 4:0:1:0:2, 1:0:0:0:0, 1:0:0:0:0, 2:0:0:0:0, 1:0:0:0:0, 2:0:0:0:0, 2:0:0:0:0, 2:0:1:0:1, 1:0:0:0:0, 0:0:0:0:0,  , 2:0:0:0:0, 2:0:0:0:0, 2:0:0:0:0, 5:0:1:0:2, 1:0:0:0:0, 2:0:0:0:0, 1:0:0:0:0,  , 2:0:0:0:1, 2:0:0:0:1, 1:0:0:0:0, 2:0:0:0:1, 2:0:0:0:0, 3:0:0:0:0, 1:0:0:0:0,  , 3:1:0:1:1, 3:0:0:0:0, 3:0:0:0:1, 5:0:1:0:2, 2:0:0:0:0, 1:0:0:0:0, 1:0:0:0:1, 2:0:1:0:1, 2:0:0:0:0, 2:0:0:0:0, 2:0:0:0:0, 3:1:0:0:1, 0:0:0:0:0, 1:0:0:0:0, 1:0:0:0:0, 0:0:0:0:0, 1:0:0:0:0, 1:0:0:0:0, 1:0:0:0:0,  , 3:0:0:0:1, 2:0:0:0:0, 1:0:0:0:0, 3:0:0:0:1, 3:0:0:0:0, 3:1:0:0:1, 3:0:0:0:1, 0:0:0:0:0, 0:0:0:0:0, 169:6:10:2:31
D major (2#), 2:1:0:0:1, 4:1:0:0:1, 4:1:0:0:0, 1:0:0:0:0, 5:0:0:0:2, 5:0:0:0:1, 5:0:0:0:2, 3:0:0:0:1, 3:0:0:0:2, 1:0:0:0:1, 3:0:1:0:3, 4:0:1:0:2, 4:0:0:0:2, 1:0:0:0:0, 5:0:0:0:2, 2:0:0:0:2, 3:1:0:0:1, 4:1:0:0:1, 4:1:0:0:0, 1:0:0:0:0, 2:1:0:0:0, 4:2:0:0:2, 1:0:0:0:0, 0:0:0:0:0, 3:0:0:0:1, 4:0:0:0:2, 3:2:0:0:1, 2:1:0:0:1, 4:1:0:0:1, 4:2:0:0:1, 3:1:0:0:2, 4:2:1:0:2, 2:0:1:0:2, 1:0:0:0:0, 3:0:0:0:1,  , 5:1:1:0:2, 3:2:0:0:1, 2:0:0:0:1, 2:0:0:0:2, 4:0:1:0:2, 2:0:0:0:1, 1:0:0:0:0, 3:1:0:0:1, 4:1:0:0:0, 3:0:0:0:1, 3:0:0:0:1, 4:0:1:0:3, 3:0:1:0:3, 3:1:0:0:0, 3:0:0:0:1,  , 3:0:0:0:1, 4:1:0:0:2, 3:0:0:0:1, 2:0:0:0:1, 5:1:0:0:3, 2:0:0:0:1, 3:0:0:0:1,  , 4:1:0:0:2, 2:1:0:0:1, 4:1:0:0:2, 4:1:0:0:2, 2:1:0:0:1, 3:1:0:0:1, 4:0:0:0:1,  , 5:1:1:0:2, 3:2:0:0:1, 3:0:0:0:2, 3:0:0:0:1, 3:0:1:0:2, 0:0:0:0:0, 2:0:0:0:1, 4:0:0:0:2, 4:0:0:0:1, 5:1:0:0:2, 3:0:1:0:2, 1:0:0:0:0, 2:0:0:0:1, 3:0:1:0:2, 4:1:0:0:1, 0:0:0:0:0, 2:0:0:0:1, 2:0:0:0:1, 2:0:0:0:0,  , 5:1:0:0:3, 2:0:0:0:1, 3:0:0:0:1, 5:1:0:0:3, 3:1:0:0:1, 3:1:0:0:2, 4:0:0:0:2, 3:0:0:0:2, 1:0:0:0:1, 274:41:12:0:117
G minor (2b), 2:0:0:0:0, 1:0:0:0:0, 2:0:0:0:0, 1:0:0:0:0, 2:0:0:0:0, 4:0:1:0:2, 1:0:0:0:0, 3:0:0:0:0, 1:0:0:0:0, 3:0:1:0:1, 2:1:0:0:1, 2:0:0:0:0, 3:0:0:0:1, 2:0:0:0:0, 2:0:0:0:0, 3:0:1:0:1, 2:0:0:0:0, 1:0:0:0:0, 2:0:0:0:0, 0:0:0:0:0, 1:0:0:0:0, 3:0:0:0:0, 0:0:0:0:0, 0:0:0:0:0, 2:1:0:0:2, 2:0:1:0:1, 1:0:0:0:0, 3:0:0:0:1, 2:0:0:0:0, 2:0:0:0:0, 1:0:0:0:0, 4:0:1:0:1, 1:0:0:0:0, 0:0:0:0:0, 0:0:0:0:0,  , 3:1:0:1:1, 3:0:0:0:0, 1:0:0:0:0, 1:0:0:0:0, 4:0:0:0:0, 4:0:1:0:2, 1:0:0:0:0, 1:0:0:0:0, 2:0:0:0:0, 1:0:0:0:0, 2:0:0:0:0, 2:0:0:0:0, 2:0:1:0:1, 1:0:0:0:0, 0:0:0:0:0,  , 2:0:0:0:0, 2:0:0:0:0, 2:0:0:0:0, 5:0:1:0:2, 1:0:0:0:0, 2:0:0:0:0, 1:0:0:0:0,  , 2:0:0:0:1, 2:0:0:0:1, 1:0:0:0:0, 2:0:0:0:1, 2:0:0:0:0, 3:0:0:0:0, 1:0:0:0:0,  , 3:1:0:1:1, 3:0:0:0:0, 3:0:0:0:1, 5:0:1:0:2, 2:0:0:0:0, 1:0:0:0:0, 1:0:0:0:1, 2:0:1:0:1, 2:0:0:0:0, 2:0:0:0:0, 2:0:0:0:0, 3:1:0:0:1, 0:0:0:0:0, 1:0:0:0:0, 1:0:0:0:0, 0:0:0:0:0, 1:0:0:0:0, 1:0:0:0:0, 1:0:0:0:0,  , 3:0:0:0:1, 2:0:0:0:0, 1:0:0:0:0, 3:0:0:0:1, 3:0:0:0:0, 3:1:0:0:1, 3:0:0:0:1, 0:0:0:0:0, 0:0:0:0:0, 169:6:10:2:31
B minor (2#), 2:1:0:0:1, 4:1:0:0:1, 4:1:0:0:0, 1:0:0:0:0, 5:0:0:0:2, 5:0:0:0:1, 5:0:0:0:2, 3:0:0:0:1, 3:0:0:0:2, 1:0:0:0:1, 3:0:1:0:3, 4:0:1:0:2, 4:0:0:0:2, 1:0:0:0:0, 5:0:0:0:2, 2:0:0:0:2, 3:1:0:0:1, 4:1:0:0:1, 4:1:0:0:0, 1:0:0:0:0, 2:1:0:0:0, 4:2:0:0:2, 1:0:0:0:0, 0:0:0:0:0, 3:0:0:0:1, 4:0:0:0:2, 3:2:0:0:1, 2:1:0:0:1, 4:1:0:0:1, 4:2:0:0:1, 3:1:0:0:2, 4:2:1:0:2, 2:0:1:0:2, 1:0:0:0:0, 3:0:0:0:1,  , 5:1:1:0:2, 3:2:0:0:1, 2:0:0:0:1, 2:0:0:0:2, 4:0:1:0:2, 2:0:0:0:1, 1:0:0:0:0, 3:1:0:0:1, 4:1:0:0:0, 3:0:0:0:1, 3:0:0:0:1, 4:0:1:0:3, 3:0:1:0:3, 3:1:0:0:0, 3:0:0:0:1,  , 3:0:0:0:1, 4:1:0:0:2, 3:0:0:0:1, 2:0:0:0:1, 5:1:0:0:3, 2:0:0:0:1, 3:0:0:0:1,  , 4:1:0:0:2, 2:1:0:0:1, 4:1:0:0:2, 4:1:0:0:2, 2:1:0:0:1, 3:1:0:0:1, 4:0:0:0:1,  , 5:1:1:0:2, 3:2:0:0:1, 3:0:0:0:2, 3:0:0:0:1, 3:0:1:0:2, 0:0:0:0:0, 2:0:0:0:1, 4:0:0:0:2, 4:0:0:0:1, 5:1:0:0:2, 3:0:1:0:2, 1:0:0:0:0, 2:0:0:0:1, 3:0:1:0:2, 4:1:0:0:1, 0:0:0:0:0, 2:0:0:0:1, 2:0:0:0:1, 2:0:0:0:0,  , 5:1:0:0:3, 2:0:0:0:1, 3:0:0:0:1, 5:1:0:0:3, 3:1:0:0:1, 3:1:0:0:2, 4:0:0:0:2, 3:0:0:0:2, 1:0:0:0:1, 274:41:12:0:117
G minor mel (2b), 2:0:0:0:0, 1:0:0:0:0, 2:0:0:0:0, 1:0:0:0:0, 2:0:0:0:0, 4:0:1:0:2, 1:0:0:0:0, 3:0:0:0:0, 1:0:0:0:0, 3:0:1:0:1, 2:1:0:0:1, 2:0:0:0:0, 3:0:0:0:1, 2:0:0:0:0, 2:0:0:0:0, 3:0:1:0:1, 2:0:0:0:0, 1:0:0:0:0, 2:0:0:0:0, 0:0:0:0:0, 1:0:0:0:0, 3:0:0:0:0, 0:0:0:0:0, 0:0:0:0:0, 2:1:0:0:2, 2:0:1:0:1, 1:0:0:0:0, 3:0:0:0:1, 2:0:0:0:0, 2:0:0:0:0, 1:0:0:0:0, 4:0:1:0:1, 1:0:0:0:0, 0:0:0:0:0, 0:0:0:0:0,  , 3:1:0:1:1, 3:0:0:0:0, 1:0:0:0:0, 1:0:0:0:0, 4:0:0:0:0, 4:0:1:0:2, 1:0:0:0:0, 1:0:0:0:0, 2:0:0:0:0, 1:0:0:0:0, 2:0:0:0:0, 2:0:0:0:0, 2:0:1:0:1, 1:0:0:0:0, 0:0:0:0:0,  , 2:0:0:0:0, 2:0:0:0:0, 2:0:0:0:0, 5:0:1:0:2, 1:0:0:0:0, 2:0:0:0:0, 1:0:0:0:0,  , 2:0:0:0:1, 2:0:0:0:1, 1:0:0:0:0, 2:0:0:0:1, 2:0:0:0:0, 3:0:0:0:0, 1:0:0:0:0,  , 3:1:0:1:1, 3:0:0:0:0, 3:0:0:0:1, 5:0:1:0:2, 2:0:0:0:0, 1:0:0:0:0, 1:0:0:0:1, 2:0:1:0:1, 2:0:0:0:0, 2:0:0:0:0, 2:0:0:0:0, 3:1:0:0:1, 0:0:0:0:0, 1:0:0:0:0, 1:0:0:0:0, 0:0:0:0:0, 1:0:0:0:0, 1:0:0:0:0, 1:0:0:0:0,  , 3:0:0:0:1, 2:0:0:0:0, 1:0:0:0:0, 3:0:0:0:1, 3:0:0:0:0, 3:1:0:0:1, 3:0:0:0:1, 0:0:0:0:0, 0:0:0:0:0, 169:6:10:2:31
B minor mel (2#), 2:1:0:0:1, 4:1:0:0:1, 4:1:0:0:0, 1:0:0:0:0, 5:0:0:0:2, 5:0:0:0:1, 5:0:0:0:2, 3:0:0:0:1, 3:0:0:0:2, 1:0:0:0:1, 3:0:1:0:3, 4:0:1:0:2, 4:0:0:0:2, 1:0:0:0:0, 5:0:0:0:2, 2:0:0:0:2, 3:1:0:0:1, 4:1:0:0:1, 4:1:0:0:0, 1:0:0:0:0, 2:1:0:0:0, 4:2:0:0:2, 1:0:0:0:0, 0:0:0:0:0, 3:0:0:0:1, 4:0:0:0:2, 3:2:0:0:1, 2:1:0:0:1, 4:1:0:0:1, 4:2:0:0:1, 3:1:0:0:2, 4:2:1:0:2, 2:0:1:0:2, 1:0:0:0:0, 3:0:0:0:1,  , 5:1:1:0:2, 3:2:0:0:1, 2:0:0:0:1, 2:0:0:0:2, 4:0:1:0:2, 2:0:0:0:1, 1:0:0:0:0, 3:1:0:0:1, 4:1:0:0:0, 3:0:0:0:1, 3:0:0:0:1, 4:0:1:0:3, 3:0:1:0:3, 3:1:0:0:0, 3:0:0:0:1,  , 3:0:0:0:1, 4:1:0:0:2, 3:0:0:0:1, 2:0:0:0:1, 5:1:0:0:3, 2:0:0:0:1, 3:0:0:0:1,  , 4:1:0:0:2, 2:1:0:0:1, 4:1:0:0:2, 4:1:0:0:2, 2:1:0:0:1, 3:1:0:0:1, 4:0:0:0:1,  , 5:1:1:0:2, 3:2:0:0:1, 3:0:0:0:2, 3:0:0:0:1, 3:0:1:0:2, 0:0:0:0:0, 2:0:0:0:1, 4:0:0:0:2, 4:0:0:0:1, 5:1:0:0:2, 3:0:1:0:2, 1:0:0:0:0, 2:0:0:0:1, 3:0:1:0:2, 4:1:0:0:1, 0:0:0:0:0, 2:0:0:0:1, 2:0:0:0:1, 2:0:0:0:0,  , 5:1:0:0:3, 2:0:0:0:1, 3:0:0:0:1, 5:1:0:0:3, 3:1:0:0:1, 3:1:0:0:2, 4:0:0:0:2, 3:0:0:0:2, 1:0:0:0:1, 274:41:12:0:117
Bb major blues (2b), 2:0:0:0:0, 1:0:0:0:0, 2:0:0:0:0, 1:0:0:0:0, 2:0:0:0:0, 4:0:1:0:2, 1:0:0:0:0, 3:0:0:0:0, 1:0:0:0:0, 3:0:1:0:1, 2:1:0:0:1, 2:0:0:0:0, 3:0:0:0:1, 2:0:0:0:0, 2:0:0:0:0, 3:0:1:0:1, 2:0:0:0:0, 1:0:0:0:0, 2:0:0:0:0, 0:0:0:0:0, 1:0:0:0:0, 3:0:0:0:0, 0:0:0:0:0, 0:0:0:0:0, 2:1:0:0:2, 2:0:1:0:1, 1:0:0:0:0, 3:0:0:0:1, 2:0:0:0:0, 2:0:0:0:0, 1:0:0:0:0, 4:0:1:0:1, 1:0:0:0:0, 0:0:0:0:0, 0:0:0:0:0,  , 3:1:0:1:1, 3:0:0:0:0, 1:0:0:0:0, 1:0:0:0:0, 4:0:0:0:0, 4:0:1:0:2, 1:0:0:0:0, 1:0:0:0:0, 2:0:0:0:0, 1:0:0:0:0, 2:0:0:0:0, 2:0:0:0:0, 2:0:1:0:1, 1:0:0:0:0, 0:0:0:0:0,  , 2:0:0:0:0, 2:0:0:0:0, 2:0:0:0:0, 5:0:1:0:2, 1:0:0:0:0, 2:0:0:0:0, 1:0:0:0:0,  , 2:0:0:0:1, 2:0:0:0:1, 1:0:0:0:0, 2:0:0:0:1, 2:0:0:0:0, 3:0:0:0:0, 1:0:0:0:0,  , 3:1:0:1:1, 3:0:0:0:0, 3:0:0:0:1, 5:0:1:0:2, 2:0:0:0:0, 1:0:0:0:0, 1:0:0:0:1, 2:0:1:0:1, 2:0:0:0:0, 2:0:0:0:0, 2:0:0:0:0, 3:1:0:0:1, 0:0:0:0:0, 1:0:0:0:0, 1:0:0:0:0, 0:0:0:0:0, 1:0:0:0:0, 1:0:0:0:0, 1:0:0:0:0,  , 3:0:0:0:1, 2:0:0:0:0, 1:0:0:0:0, 3:0:0:0:1, 3:0:0:0:0, 3:1:0:0:1, 3:0:0:0:1, 0:0:0:0:0, 0:0:0:0:0, 169:6:10:2:31
D major blues (2#), 2:1:0:0:1, 4:1:0:0:1, 4:1:0:0:0, 1:0:0:0:0, 5:0:0:0:2, 5:0:0:0:1, 5:0:0:0:2, 3:0:0:0:1, 3:0:0:0:2, 1:0:0:0:1, 3:0:1:0:3, 4:0:1:0:2, 4:0:0:0:2, 1:0:0:0:0, 5:0:0:0:2, 2:0:0:0:2, 3:1:0:0:1, 4:1:0:0:1, 4:1:0:0:0, 1:0:0:0:0, 2:1:0:0:0, 4:2:0:0:2, 1:0:0:0:0, 0:0:0:0:0, 3:0:0:0:1, 4:0:0:0:2, 3:2:0:0:1, 2:1:0:0:1, 4:1:0:0:1, 4:2:0:0:1, 3:1:0:0:2, 4:2:1:0:2, 2:0:1:0:2, 1:0:0:0:0, 3:0:0:0:1,  , 5:1:1:0:2, 3:2:0:0:1, 2:0:0:0:1, 2:0:0:0:2, 4:0:1:0:2, 2:0:0:0:1, 1:0:0:0:0, 3:1:0:0:1, 4:1:0:0:0, 3:0:0:0:1, 3:0:0:0:1, 4:0:1:0:3, 3:0:1:0:3, 3:1:0:0:0, 3:0:0:0:1,  , 3:0:0:0:1, 4:1:0:0:2, 3:0:0:0:1, 2:0:0:0:1, 5:1:0:0:3, 2:0:0:0:1, 3:0:0:0:1,  , 4:1:0:0:2, 2:1:0:0:1, 4:1:0:0:2, 4:1:0:0:2, 2:1:0:0:1, 3:1:0:0:1, 4:0:0:0:1,  , 5:1:1:0:2, 3:2:0:0:1, 3:0:0:0:2, 3:0:0:0:1, 3:0:1:0:2, 0:0:0:0:0, 2:0:0:0:1, 4:0:0:0:2, 4:0:0:0:1, 5:1:0:0:2, 3:0:1:0:2, 1:0:0:0:0, 2:0:0:0:1, 3:0:1:0:2, 4:1:0:0:1, 0:0:0:0:0, 2:0:0:0:1, 2:0:0:0:1, 2:0:0:0:0,  , 5:1:0:0:3, 2:0:0:0:1, 3:0:0:0:1, 5:1:0:0:3, 3:1:0:0:1, 3:1:0:0:2, 4:0:0:0:2, 3:0:0:0:2, 1:0:0:0:1, 274:41:12:0:117
G minor blues (2b), 2:0:0:0:0, 1:0:0:0:0, 2:0:0:0:0, 1:0:0:0:0, 2:0:0:0:0, 4:0:1:0:2, 1:0:0:0:0, 3:0:0:0:0, 1:0:0:0:0, 3:0:1:0:1, 2:1:0:0:1, 2:0:0:0:0, 3:0:0:0:1, 2:0:0:0:0, 2:0:0:0:0, 3:0:1:0:1, 2:0:0:0:0, 1:0:0:0:0, 2:0:0:0:0, 0:0:0:0:0, 1:0:0:0:0, 3:0:0:0:0, 0:0:0:0:0, 0:0:0:0:0, 2:1:0:0:2, 2:0:1:0:1, 1:0:0:0:0, 3:0:0:0:1, 2:0:0:0:0, 2:0:0:0:0, 1:0:0:0:0, 4:0:1:0:1, 1:0:0:0:0, 0:0:0:0:0, 0:0:0:0:0,  , 3:1:0:1:1, 3:0:0:0:0, 1:0:0:0:0, 1:0:0:0:0, 4:0:0:0:0, 4:0:1:0:2, 1:0:0:0:0, 1:0:0:0:0, 2:0:0:0:0, 1:0:0:0:0, 2:0:0:0:0, 2:0:0:0:0, 2:0:1:0:1, 1:0:0:0:0, 0:0:0:0:0,  , 2:0:0:0:0, 2:0:0:0:0, 2:0:0:0:0, 5:0:1:0:2, 1:0:0:0:0, 2:0:0:0:0, 1:0:0:0:0,  , 2:0:0:0:1, 2:0:0:0:1, 1:0:0:0:0, 2:0:0:0:1, 2:0:0:0:0, 3:0:0:0:0, 1:0:0:0:0,  , 3:1:0:1:1, 3:0:0:0:0, 3:0:0:0:1, 5:0:1:0:2, 2:0:0:0:0, 1:0:0:0:0, 1:0:0:0:1, 2:0:1:0:1, 2:0:0:0:0, 2:0:0:0:0, 2:0:0:0:0, 3:1:0:0:1, 0:0:0:0:0, 1:0:0:0:0, 1:0:0:0:0, 0:0:0:0:0, 1:0:0:0:0, 1:0:0:0:0, 1:0:0:0:0,  , 3:0:0:0:1, 2:0:0:0:0, 1:0:0:0:0, 3:0:0:0:1, 3:0:0:0:0, 3:1:0:0:1, 3:0:0:0:1, 0:0:0:0:0, 0:0:0:0:0, 169:6:10:2:31
B minor blues (2#), 2:1:0:0:1, 4:1:0:0:1, 4:1:0:0:0, 1:0:0:0:0, 5:0:0:0:2, 5:0:0:0:1, 5:0:0:0:2, 3:0:0:0:1, 3:0:0:0:2, 1:0:0:0:1, 3:0:1:0:3, 4:0:1:0:2, 4:0:0:0:2, 1:0:0:0:0, 5:0:0:0:2, 2:0:0:0:2, 3:1:0:0:1, 4:1:0:0:1, 4:1:0:0:0, 1:0:0:0:0, 2:1:0:0:0, 4:2:0:0:2, 1:0:0:0:0, 0:0:0:0:0, 3:0:0:0:1, 4:0:0:0:2, 3:2:0:0:1, 2:1:0:0:1, 4:1:0:0:1, 4:2:0:0:1, 3:1:0:0:2, 4:2:1:0:2, 2:0:1:0:2, 1:0:0:0:0, 3:0:0:0:1,  , 5:1:1:0:2, 3:2:0:0:1, 2:0:0:0:1, 2:0:0:0:2, 4:0:1:0:2, 2:0:0:0:1, 1:0:0:0:0, 3:1:0:0:1, 4:1:0:0:0, 3:0:0:0:1, 3:0:0:0:1, 4:0:1:0:3, 3:0:1:0:3, 3:1:0:0:0, 3:0:0:0:1,  , 3:0:0:0:1, 4:1:0:0:2, 3:0:0:0:1, 2:0:0:0:1, 5:1:0:0:3, 2:0:0:0:1, 3:0:0:0:1,  , 4:1:0:0:2, 2:1:0:0:1, 4:1:0:0:2, 4:1:0:0:2, 2:1:0:0:1, 3:1:0:0:1, 4:0:0:0:1,  , 5:1:1:0:2, 3:2:0:0:1, 3:0:0:0:2, 3:0:0:0:1, 3:0:1:0:2, 0:0:0:0:0, 2:0:0:0:1, 4:0:0:0:2, 4:0:0:0:1, 5:1:0:0:2, 3:0:1:0:2, 1:0:0:0:0, 2:0:0:0:1, 3:0:1:0:2, 4:1:0:0:1, 0:0:0:0:0, 2:0:0:0:1, 2:0:0:0:1, 2:0:0:0:0,  , 5:1:0:0:3, 2:0:0:0:1, 3:0:0:0:1, 5:1:0:0:3, 3:1:0:0:1, 3:1:0:0:2, 4:0:0:0:2, 3:0:0:0:2, 1:0:0:0:1, 274:41:12:0:117
Bb dorian (2b), 2:0:0:0:0, 1:0:0:0:0, 2:0:0:0:0, 1:0:0:0:0, 2:0:0:0:0, 4:0:1:0:2, 1:0:0:0:0, 3:0:0:0:0, 1:0:0:0:0, 3:0:1:0:1, 2:1:0:0:1, 2:0:0:0:0, 3:0:0:0:1, 2:0:0:0:0, 2:0:0:0:0, 3:0:1:0:1, 2:0:0:0:0, 1:0:0:0:0, 2:0:0:0:0, 0:0:0:0:0, 1:0:0:0:0, 3:0:0:0:0, 0:0:0:0:0, 0:0:0:0:0, 2:1:0:0:2, 2:0:1:0:1, 1:0:0:0:0, 3:0:0:0:1, 2:0:0:0:0, 2:0:0:0:0, 1:0:0:0:0, 4:0:1:0:1, 1:0:0:0:0, 0:0:0:0:0, 0:0:0:0:0,  , 3:1:0:1:1, 3:0:0:0:0, 1:0:0:0:0, 1:0:0:0:0, 4:0:0:0:0, 4:0:1:0:2, 1:0:0:0:0, 1:0:0:0:0, 2:0:0:0:0, 1:0:0:0:0, 2:0:0:0:0, 2:0:0:0:0, 2:0:1:0:1, 1:0:0:0:0, 0:0:0:0:0,  , 2:0:0:0:0, 2:0:0:0:0, 2:0:0:0:0, 5:0:1:0:2, 1:0:0:0:0, 2:0:0:0:0, 1:0:0:0:0,  , 2:0:0:0:1, 2:0:0:0:1, 1:0:0:0:0, 2:0:0:0:1, 2:0:0:0:0, 3:0:0:0:0, 1:0:0:0:0,  , 3:1:0:1:1, 3:0:0:0:0, 3:0:0:0:1, 5:0:1:0:2, 2:0:0:0:0, 1:0:0:0:0, 1:0:0:0:1, 2:0:1:0:1, 2:0:0:0:0, 2:0:0:0:0, 2:0:0:0:0, 3:1:0:0:1, 0:0:0:0:0, 1:0:0:0:0, 1:0:0:0:0, 0:0:0:0:0, 1:0:0:0:0, 1:0:0:0:0, 1:0:0:0:0,  , 3:0:0:0:1, 2:0:0:0:0, 1:0:0:0:0, 3:0:0:0:1, 3:0:0:0:0, 3:1:0:0:1, 3:0:0:0:1, 0:0:0:0:0, 0:0:0:0:0, 169:6:10:2:31
D dorian (2#), 2:1:0:0:1, 4:1:0:0:1, 4:1:0:0:0, 1:0:0:0:0, 5:0:0:0:2, 5:0:0:0:1, 5:0:0:0:2, 3:0:0:0:1, 3:0:0:0:2, 1:0:0:0:1, 3:0:1:0:3, 4:0:1:0:2, 4:0:0:0:2, 1:0:0:0:0, 5:0:0:0:2, 2:0:0:0:2, 3:1:0:0:1, 4:1:0:0:1, 4:1:0:0:0, 1:0:0:0:0, 2:1:0:0:0, 4:2:0:0:2, 1:0:0:0:0, 0:0:0:0:0, 3:0:0:0:1, 4:0:0:0:2, 3:2:0:0:1, 2:1:0:0:1, 4:1:0:0:1, 4:2:0:0:1, 3:1:0:0:2, 4:2:1:0:2, 2:0:1:0:2, 1:0:0:0:0, 3:0:0:0:1,  , 5:1:1:0:2, 3:2:0:0:1, 2:0:0:0:1, 2:0:0:0:2, 4:0:1:0:2, 2:0:0:0:1, 1:0:0:0:0, 3:1:0:0:1, 4:1:0:0:0, 3:0:0:0:1, 3:0:0:0:1, 4:0:1:0:3, 3:0:1:0:3, 3:1:0:0:0, 3:0:0:0:1,  , 3:0:0:0:1, 4:1:0:0:2, 3:0:0:0:1, 2:0:0:0:1, 5:1:0:0:3, 2:0:0:0:1, 3:0:0:0:1,  , 4:1:0:0:2, 2:1:0:0:1, 4:1:0:0:2, 4:1:0:0:2, 2:1:0:0:1, 3:1:0:0:1, 4:0:0:0:1,  , 5:1:1:0:2, 3:2:0:0:1, 3:0:0:0:2, 3:0:0:0:1, 3:0:1:0:2, 0:0:0:0:0, 2:0:0:0:1, 4:0:0:0:2, 4:0:0:0:1, 5:1:0:0:2, 3:0:1:0:2, 1:0:0:0:0, 2:0:0:0:1, 3:0:1:0:2, 4:1:0:0:1, 0:0:0:0:0, 2:0:0:0:1, 2:0:0:0:1, 2:0:0:0:0,  , 5:1:0:0:3, 2:0:0:0:1, 3:0:0:0:1, 5:1:0:0:3, 3:1:0:0:1, 3:1:0:0:2, 4:0:0:0:2, 3:0:0:0:2, 1:0:0:0:1, 274:41:12:0:117
Bb phrygian (2b), 2:0:0:0:0, 1:0:0:0:0, 2:0:0:0:0, 1:0:0:0:0, 2:0:0:0:0, 4:0:1:0:2, 1:0:0:0:0, 3:0:0:0:0, 1:0:0:0:0, 3:0:1:0:1, 2:1:0:0:1, 2:0:0:0:0, 3:0:0:0:1, 2:0:0:0:0, 2:0:0:0:0, 3:0:1:0:1, 2:0:0:0:0, 1:0:0:0:0, 2:0:0:0:0, 0:0:0:0:0, 1:0:0:0:0, 3:0:0:0:0, 0:0:0:0:0, 0:0:0:0:0, 2:1:0:0:2, 2:0:1:0:1, 1:0:0:0:0, 3:0:0:0:1, 2:0:0:0:0, 2:0:0:0:0, 1:0:0:0:0, 4:0:1:0:1, 1:0:0:0:0, 0:0:0:0:0, 0:0:0:0:0,  , 3:1:0:1:1, 3:0:0:0:0, 1:0:0:0:0, 1:0:0:0:0, 4:0:0:0:0, 4:0:1:0:2, 1:0:0:0:0, 1:0:0:0:0, 2:0:0:0:0, 1:0:0:0:0, 2:0:0:0:0, 2:0:0:0:0, 2:0:1:0:1, 1:0:0:0:0, 0:0:0:0:0,  , 2:0:0:0:0, 2:0:0:0:0, 2:0:0:0:0, 5:0:1:0:2, 1:0:0:0:0, 2:0:0:0:0, 1:0:0:0:0,  , 2:0:0:0:1, 2:0:0:0:1, 1:0:0:0:0, 2:0:0:0:1, 2:0:0:0:0, 3:0:0:0:0, 1:0:0:0:0,  , 3:1:0:1:1, 3:0:0:0:0, 3:0:0:0:1, 5:0:1:0:2, 2:0:0:0:0, 1:0:0:0:0, 1:0:0:0:1, 2:0:1:0:1, 2:0:0:0:0, 2:0:0:0:0, 2:0:0:0:0, 3:1:0:0:1, 0:0:0:0:0, 1:0:0:0:0, 1:0:0:0:0, 0:0:0:0:0, 1:0:0:0:0, 1:0:0:0:0, 1:0:0:0:0,  , 3:0:0:0:1, 2:0:0:0:0, 1:0:0:0:0, 3:0:0:0:1, 3:0:0:0:0, 3:1:0:0:1, 3:0:0:0:1, 0:0:0:0:0, 0:0:0:0:0, 169:6:10:2:31
D phrygian (2#), 2:1:0:0:1, 4:1:0:0:1, 4:1:0:0:0, 1:0:0:0:0, 5:0:0:0:2, 5:0:0:0:1, 5:0:0:0:2, 3:0:0:0:1, 3:0:0:0:2, 1:0:0:0:1, 3:0:1:0:3, 4:0:1:0:2, 4:0:0:0:2, 1:0:0:0:0, 5:0:0:0:2, 2:0:0:0:2, 3:1:0:0:1, 4:1:0:0:1, 4:1:0:0:0, 1:0:0:0:0, 2:1:0:0:0, 4:2:0:0:2, 1:0:0:0:0, 0:0:0:0:0, 3:0:0:0:1, 4:0:0:0:2, 3:2:0:0:1, 2:1:0:0:1, 4:1:0:0:1, 4:2:0:0:1, 3:1:0:0:2, 4:2:1:0:2, 2:0:1:0:2, 1:0:0:0:0, 3:0:0:0:1,  , 5:1:1:0:2, 3:2:0:0:1, 2:0:0:0:1, 2:0:0:0:2, 4:0:1:0:2, 2:0:0:0:1, 1:0:0:0:0, 3:1:0:0:1, 4:1:0:0:0, 3:0:0:0:1, 3:0:0:0:1, 4:0:1:0:3, 3:0:1:0:3, 3:1:0:0:0, 3:0:0:0:1,  , 3:0:0:0:1, 4:1:0:0:2, 3:0:0:0:1, 2:0:0:0:1, 5:1:0:0:3, 2:0:0:0:1, 3:0:0:0:1,  , 4:1:0:0:2, 2:1:0:0:1, 4:1:0:0:2, 4:1:0:0:2, 2:1:0:0:1, 3:1:0:0:1, 4:0:0:0:1,  , 5:1:1:0:2, 3:2:0:0:1, 3:0:0:0:2, 3:0:0:0:1, 3:0:1:0:2, 0:0:0:0:0, 2:0:0:0:1, 4:0:0:0:2, 4:0:0:0:1, 5:1:0:0:2, 3:0:1:0:2, 1:0:0:0:0, 2:0:0:0:1, 3:0:1:0:2, 4:1:0:0:1, 0:0:0:0:0, 2:0:0:0:1, 2:0:0:0:1, 2:0:0:0:0,  , 5:1:0:0:3, 2:0:0:0:1, 3:0:0:0:1, 5:1:0:0:3, 3:1:0:0:1, 3:1:0:0:2, 4:0:0:0:2, 3:0:0:0:2, 1:0:0:0:1, 274:41:12:0:117
Bb lydian (2b), 2:0:0:0:0, 1:0:0:0:0, 2:0:0:0:0, 1:0:0:0:0, 2:0:0:0:0, 4:0:1:0:2, 1:0:0:0:0, 3:0:0:0:0, 1:0:0:0:0, 3:0:1:0:1, 2:1:0:0:1, 2:0:0:0:0, 3:0:0:0:1, 2:0:0:0:0, 2:0:0:0:0, 3:0:1:0:1, 2:0:0:0:0, 1:0:0:0:0, 2:0:0:0:0, 0:0:0:0:0, 1:0:0:0:0, 3:0:0:0:0, 0:0:0:0:0, 0:0:0:0:0, 2:1:0:0:2, 2:0:1:0:1, 1:0:0:0:0, 3:0:0:0:1, 2:0:0:0:0, 2:0:0:0:0, 1:0:0:0:0, 4:0:1:0:1, 1:0:0:0:0, 0:0:0:0:0, 0:0:0:0:0,  , 3:1:0:1:1, 3:0:0:0:0, 1:0:0:0:0, 1:0:0:0:0, 4:0:0:0:0, 4:0:1:0:2, 1:0:0:0:0, 1:0:0:0:0, 2:0:0:0:0, 1:0:0:0:0, 2:0:0:0:0, 2:0:0:0:0, 2:0:1:0:1, 1:0:0:0:0, 0:0:0:0:0,  , 2:0:0:0:0, 2:0:0:0:0, 2:0:0:0:0, 5:0:1:0:2, 1:0:0:0:0, 2:0:0:0:0, 1:0:0:0:0,  , 2:0:0:0:1, 2:0:0:0:1, 1:0:0:0:0, 2:0:0:0:1, 2:0:0:0:0, 3:0:0:0:0, 1:0:0:0:0,  , 3:1:0:1:1, 3:0:0:0:0, 3:0:0:0:1, 5:0:1:0:2, 2:0:0:0:0, 1:0:0:0:0, 1:0:0:0:1, 2:0:1:0:1, 2:0:0:0:0, 2:0:0:0:0, 2:0:0:0:0, 3:1:0:0:1, 0:0:0:0:0, 1:0:0:0:0, 1:0:0:0:0, 0:0:0:0:0, 1:0:0:0:0, 1:0:0:0:0, 1:0:0:0:0,  , 3:0:0:0:1, 2:0:0:0:0, 1:0:0:0:0, 3:0:0:0:1, 3:0:0:0:0, 3:1:0:0:1, 3:0:0:0:1, 0:0:0:0:0, 0:0:0:0:0, 169:6:10:2:31
D lydian (2#), 2:1:0:0:1, 4:1:0:0:1, 4:1:0:0:0, 1:0:0:0:0, 5:0:0:0:2, 5:0:0:0:1, 5:0:0:0:2, 3:0:0:0:1, 3:0:0:0:2, 1:0:0:0:1, 3:0:1:0:3, 4:0:1:0:2, 4:0:0:0:2, 1:0:0:0:0, 5:0:0:0:2, 2:0:0:0:2, 3:1:0:0:1, 4:1:0:0:1, 4:1:0:0:0, 1:0:0:0:0, 2:1:0:0:0, 4:2:0:0:2, 1:0:0:0:0, 0:0:0:0:0, 3:0:0:0:1, 4:0:0:0:2, 3:2:0:0:1, 2:1:0:0:1, 4:1:0:0:1, 4:2:0:0:1, 3:1:0:0:2, 4:2:1:0:2, 2:0:1:0:2, 1:0:0:0:0, 3:0:0:0:1,  , 5:1:1:0:2, 3:2:0:0:1, 2:0:0:0:1, 2:0:0:0:2, 4:0:1:0:2, 2:0:0:0:1, 1:0:0:0:0, 3:1:0:0:1, 4:1:0:0:0, 3:0:0:0:1, 3:0:0:0:1, 4:0:1:0:3, 3:0:1:0:3, 3:1:0:0:0, 3:0:0:0:1,  , 3:0:0:0:1, 4:1:0:0:2, 3:0:0:0:1, 2:0:0:0:1, 5:1:0:0:3, 2:0:0:0:1, 3:0:0:0:1,  , 4:1:0:0:2, 2:1:0:0:1, 4:1:0:0:2, 4:1:0:0:2, 2:1:0:0:1, 3:1:0:0:1, 4:0:0:0:1,  , 5:1:1:0:2, 3:2:0:0:1, 3:0:0:0:2, 3:0:0:0:1, 3:0:1:0:2, 0:0:0:0:0, 2:0:0:0:1, 4:0:0:0:2, 4:0:0:0:1, 5:1:0:0:2, 3:0:1:0:2, 1:0:0:0:0, 2:0:0:0:1, 3:0:1:0:2, 4:1:0:0:1, 0:0:0:0:0, 2:0:0:0:1, 2:0:0:0:1, 2:0:0:0:0,  , 5:1:0:0:3, 2:0:0:0:1, 3:0:0:0:1, 5:1:0:0:3, 3:1:0:0:1, 3:1:0:0:2, 4:0:0:0:2, 3:0:0:0:2, 1:0:0:0:1, 274:41:12:0:117
Bb mixolydian (2b), 2:0:0:0:0, 1:0:0:0:0, 2:0:0:0:0, 1:0:0:0:0, 2:0:0:0:0, 4:0:1:0:2, 1:0:0:0:0, 3:0:0:0:0, 1:0:0:0:0, 3:0:1:0:1, 2:1:0:0:1, 2:0:0:0:0, 3:0:0:0:1, 2:0:0:0:0, 2:0:0:0:0, 3:0:1:0:1, 2:0:0:0:0, 1:0:0:0:0, 2:0:0:0:0, 0:0:0:0:0, 1:0:0:0:0, 3:0:0:0:0, 0:0:0:0:0, 0:0:0:0:0, 2:1:0:0:2, 2:0:1:0:1, 1:0:0:0:0, 3:0:0:0:1, 2:0:0:0:0, 2:0:0:0:0, 1:0:0:0:0, 4:0:1:0:1, 1:0:0:0:0, 0:0:0:0:0, 0:0:0:0:0,  , 3:1:0:1:1, 3:0:0:0:0, 1:0:0:0:0, 1:0:0:0:0, 4:0:0:0:0, 4:0:1:0:2, 1:0:0:0:0, 1:0:0:0:0, 2:0:0:0:0, 1:0:0:0:0, 2:0:0:0:0, 2:0:0:0:0, 2:0:1:0:1, 1:0:0:0:0, 0:0:0:0:0,  , 2:0:0:0:0, 2:0:0:0:0, 2:0:0:0:0, 5:0:1:0:2, 1:0:0:0:0, 2:0:0:0:0, 1:0:0:0:0,  , 2:0:0:0:1, 2:0:0:0:1, 1:0:0:0:0, 2:0:0:0:1, 2:0:0:0:0, 3:0:0:0:0, 1:0:0:0:0,  , 3:1:0:1:1, 3:0:0:0:0, 3:0:0:0:1, 5:0:1:0:2, 2:0:0:0:0, 1:0:0:0:0, 1:0:0:0:1, 2:0:1:0:1, 2:0:0:0:0, 2:0:0:0:0, 2:0:0:0:0, 3:1:0:0:1, 0:0:0:0:0, 1:0:0:0:0, 1:0:0:0:0, 0:0:0:0:0, 1:0:0:0:0, 1:0:0:0:0, 1:0:0:0:0,  , 3:0:0:0:1, 2:0:0:0:0, 1:0:0:0:0, 3:0:0:0:1, 3:0:0:0:0, 3:1:0:0:1, 3:0:0:0:1, 0:0:0:0:0, 0:0:0:0:0, 169:6:10:2:31
D mixolydian (2#), 2:1:0:0:1, 4:1:0:0:1, 4:1:0:0:0, 1:0:0:0:0, 5:0:0:0:2, 5:0:0:0:1, 5:0:0:0:2, 3:0:0:0:1, 3:0:0:0:2, 1:0:0:0:1, 3:0:1:0:3, 4:0:1:0:2, 4:0:0:0:2, 1:0:0:0:0, 5:0:0:0:2, 2:0:0:0:2, 3:1:0:0:1, 4:1:0:0:1, 4:1:0:0:0, 1:0:0:0:0, 2:1:0:0:0, 4:2:0:0:2, 1:0:0:0:0, 0:0:0:0:0, 3:0:0:0:1, 4:0:0:0:2, 3:2:0:0:1, 2:1:0:0:1, 4:1:0:0:1, 4:2:0:0:1, 3:1:0:0:2, 4:2:1:0:2, 2:0:1:0:2, 1:0:0:0:0, 3:0:0:0:1,  , 5:1:1:0:2, 3:2:0:0:1, 2:0:0:0:1, 2:0:0:0:2, 4:0:1:0:2, 2:0:0:0:1, 1:0:0:0:0, 3:1:0:0:1, 4:1:0:0:0, 3:0:0:0:1, 3:0:0:0:1, 4:0:1:0:3, 3:0:1:0:3, 3:1:0:0:0, 3:0:0:0:1,  , 3:0:0:0:1, 4:1:0:0:2, 3:0:0:0:1, 2:0:0:0:1, 5:1:0:0:3, 2:0:0:0:1, 3:0:0:0:1,  , 4:1:0:0:2, 2:1:0:0:1, 4:1:0:0:2, 4:1:0:0:2, 2:1:0:0:1, 3:1:0:0:1, 4:0:0:0:1,  , 5:1:1:0:2, 3:2:0:0:1, 3:0:0:0:2, 3:0:0:0:1, 3:0:1:0:2, 0:0:0:0:0, 2:0:0:0:1, 4:0:0:0:2, 4:0:0:0:1, 5:1:0:0:2, 3:0:1:0:2, 1:0:0:0:0, 2:0:0:0:1, 3:0:1:0:2, 4:1:0:0:1, 0:0:0:0:0, 2:0:0:0:1, 2:0:0:0:1, 2:0:0:0:0,  , 5:1:0:0:3, 2:0:0:0:1, 3:0:0:0:1, 5:1:0:0:3, 3:1:0:0:1, 3:1:0:0:2, 4:0:0:0:2, 3:0:0:0:2, 1:0:0:0:1, 274:41:12:0:117
Bb aeolian (2b), 2:0:0:0:0, 1:0:0:0:0, 2:0:0:0:0, 1:0:0:0:0, 2:0:0:0:0, 4:0:1:0:2, 1:0:0:0:0, 3:0:0:0:0, 1:0:0:0:0, 3:0:1:0:1, 2:1:0:0:1, 2:0:0:0:0, 3:0:0:0:1, 2:0:0:0:0, 2:0:0:0:0, 3:0:1:0:1, 2:0:0:0:0, 1:0:0:0:0, 2:0:0:0:0, 0:0:0:0:0, 1:0:0:0:0, 3:0:0:0:0, 0:0:0:0:0, 0:0:0:0:0, 2:1:0:0:2, 2:0:1:0:1, 1:0:0:0:0, 3:0:0:0:1, 2:0:0:0:0, 2:0:0:0:0, 1:0:0:0:0, 4:0:1:0:1, 1:0:0:0:0, 0:0:0:0:0, 0:0:0:0:0,  , 3:1:0:1:1, 3:0:0:0:0, 1:0:0:0:0, 1:0:0:0:0, 4:0:0:0:0, 4:0:1:0:2, 1:0:0:0:0, 1:0:0:0:0, 2:0:0:0:0, 1:0:0:0:0, 2:0:0:0:0, 2:0:0:0:0, 2:0:1:0:1, 1:0:0:0:0, 0:0:0:0:0,  , 2:0:0:0:0, 2:0:0:0:0, 2:0:0:0:0, 5:0:1:0:2, 1:0:0:0:0, 2:0:0:0:0, 1:0:0:0:0,  , 2:0:0:0:1, 2:0:0:0:1, 1:0:0:0:0, 2:0:0:0:1, 2:0:0:0:0, 3:0:0:0:0, 1:0:0:0:0,  , 3:1:0:1:1, 3:0:0:0:0, 3:0:0:0:1, 5:0:1:0:2, 2:0:0:0:0, 1:0:0:0:0, 1:0:0:0:1, 2:0:1:0:1, 2:0:0:0:0, 2:0:0:0:0, 2:0:0:0:0, 3:1:0:0:1, 0:0:0:0:0, 1:0:0:0:0, 1:0:0:0:0, 0:0:0:0:0, 1:0:0:0:0, 1:0:0:0:0, 1:0:0:0:0,  , 3:0:0:0:1, 2:0:0:0:0, 1:0:0:0:0, 3:0:0:0:1, 3:0:0:0:0, 3:1:0:0:1, 3:0:0:0:1, 0:0:0:0:0, 0:0:0:0:0, 169:6:10:2:31
D aeolian (2#), 2:1:0:0:1, 4:1:0:0:1, 4:1:0:0:0, 1:0:0:0:0, 5:0:0:0:2, 5:0:0:0:1, 5:0:0:0:2, 3:0:0:0:1, 3:0:0:0:2, 1:0:0:0:1, 3:0:1:0:3, 4:0:1:0:2, 4:0:0:0:2, 1:0:0:0:0, 5:0:0:0:2, 2:0:0:0:2, 3:1:0:0:1, 4:1:0:0:1, 4:1:0:0:0, 1:0:0:0:0, 2:1:0:0:0, 4:2:0:0:2, 1:0:0:0:0, 0:0:0:0:0, 3:0:0:0:1, 4:0:0:0:2, 3:2:0:0:1, 2:1:0:0:1, 4:1:0:0:1, 4:2:0:0:1, 3:1:0:0:2, 4:2:1:0:2, 2:0:1:0:2, 1:0:0:0:0, 3:0:0:0:1,  , 5:1:1:0:2, 3:2:0:0:1, 2:0:0:0:1, 2:0:0:0:2, 4:0:1:0:2, 2:0:0:0:1, 1:0:0:0:0, 3:1:0:0:1, 4:1:0:0:0, 3:0:0:0:1, 3:0:0:0:1, 4:0:1:0:3, 3:0:1:0:3, 3:1:0:0:0, 3:0:0:0:1,  , 3:0:0:0:1, 4:1:0:0:2, 3:0:0:0:1, 2:0:0:0:1, 5:1:0:0:3, 2:0:0:0:1, 3:0:0:0:1,  , 4:1:0:0:2, 2:1:0:0:1, 4:1:0:0:2, 4:1:0:0:2, 2:1:0:0:1, 3:1:0:0:1, 4:0:0:0:1,  , 5:1:1:0:2, 3:2:0:0:1, 3:0:0:0:2, 3:0:0:0:1, 3:0:1:0:2, 0:0:0:0:0, 2:0:0:0:1, 4:0:0:0:2, 4:0:0:0:1, 5:1:0:0:2, 3:0:1:0:2, 1:0:0:0:0, 2:0:0:0:1, 3:0:1:0:2, 4:1:0:0:1, 0:0:0:0:0, 2:0:0:0:1, 2:0:0:0:1, 2:0:0:0:0,  , 5:1:0:0:3, 2:0:0:0:1, 3:0:0:0:1, 5:1:0:0:3, 3:1:0:0:1, 3:1:0:0:2, 4:0:0:0:2, 3:0:0:0:2, 1:0:0:0:1, 274:41:12:0:117
Bb locrian (2b), 2:0:0:0:0, 1:0:0:0:0, 2:0:0:0:0, 1:0:0:0:0, 2:0:0:0:0, 4:0:1:0:2, 1:0:0:0:0, 3:0:0:0:0, 1:0:0:0:0, 3:0:1:0:1, 2:1:0:0:1, 2:0:0:0:0, 3:0:0:0:1, 2:0:0:0:0, 2:0:0:0:0, 3:0:1:0:1, 2:0:0:0:0, 1:0:0:0:0, 2:0:0:0:0, 0:0:0:0:0, 1:0:0:0:0, 3:0:0:0:0, 0:0:0:0:0, 0:0:0:0:0, 2:1:0:0:2, 2:0:1:0:1, 1:0:0:0:0, 3:0:0:0:1, 2:0:0:0:0, 2:0:0:0:0, 1:0:0:0:0, 4:0:1:0:1, 1:0:0:0:0, 0:0:0:0:0, 0:0:0:0:0,  , 3:1:0:1:1, 3:0:0:0:0, 1:0:0:0:0, 1:0:0:0:0, 4:0:0:0:0, 4:0:1:0:2, 1:0:0:0:0, 1:0:0:0:0, 2:0:0:0:0, 1:0:0:0:0, 2:0:0:0:0, 2:0:0:0:0, 2:0:1:0:1, 1:0:0:0:0, 0:0:0:0:0,  , 2:0:0:0:0, 2:0:0:0:0, 2:0:0:0:0, 5:0:1:0:2, 1:0:0:0:0, 2:0:0:0:0, 1:0:0:0:0,  , 2:0:0:0:1, 2:0:0:0:1, 1:0:0:0:0, 2:0:0:0:1, 2:0:0:0:0, 3:0:0:0:0, 1:0:0:0:0,  , 3:1:0:1:1, 3:0:0:0:0, 3:0:0:0:1, 5:0:1:0:2, 2:0:0:0:0, 1:0:0:0:0, 1:0:0:0:1, 2:0:1:0:1, 2:0:0:0:0, 2:0:0:0:0, 2:0:0:0:0, 3:1:0:0:1, 0:0:0:0:0, 1:0:0:0:0, 1:0:0:0:0, 0:0:0:0:0, 1:0:0:0:0, 1:0:0:0:0, 1:0:0:0:0,  , 3:0:0:0:1, 2:0:0:0:0, 1:0:0:0:0, 3:0:0:0:1, 3:0:0:0:0, 3:1:0:0:1, 3:0:0:0:1, 0:0:0:0:0, 0:0:0:0:0, 169:6:10:2:31
D locrian (2#), 2:1:0:0:1, 4:1:0:0:1, 4:1:0:0:0, 1:0:0:0:0, 5:0:0:0:2, 5:0:0:0:1, 5:0:0:0:2, 3:0:0:0:1, 3:0:0:0:2, 1:0:0:0:1, 3:0:1:0:3, 4:0:1:0:2, 4:0:0:0:2, 1:0:0:0:0, 5:0:0:0:2, 2:0:0:0:2, 3:1:0:0:1, 4:1:0:0:1, 4:1:0:0:0, 1:0:0:0:0, 2:1:0:0:0, 4:2:0:0:2, 1:0:0:0:0, 0:0:0:0:0, 3:0:0:0:1, 4:0:0:0:2, 3:2:0:0:1, 2:1:0:0:1, 4:1:0:0:1, 4:2:0:0:1, 3:1:0:0:2, 4:2:1:0:2, 2:0:1:0:2, 1:0:0:0:0, 3:0:0:0:1,  , 5:1:1:0:2, 3:2:0:0:1, 2:0:0:0:1, 2:0:0:0:2, 4:0:1:0:2, 2:0:0:0:1, 1:0:0:0:0, 3:1:0:0:1, 4:1:0:0:0, 3:0:0:0:1, 3:0:0:0:1, 4:0:1:0:3, 3:0:1:0:3, 3:1:0:0:0, 3:0:0:0:1,  , 3:0:0:0:1, 4:1:0:0:2, 3:0:0:0:1, 2:0:0:0:1, 5:1:0:0:3, 2:0:0:0:1, 3:0:0:0:1,  , 4:1:0:0:2, 2:1:0:0:1, 4:1:0:0:2, 4:1:0:0:2, 2:1:0:0:1, 3:1:0:0:1, 4:0:0:0:1,  , 5:1:1:0:2, 3:2:0:0:1, 3:0:0:0:2, 3:0:0:0:1, 3:0:1:0:2, 0:0:0:0:0, 2:0:0:0:1, 4:0:0:0:2, 4:0:0:0:1, 5:1:0:0:2, 3:0:1:0:2, 1:0:0:0:0, 2:0:0:0:1, 3:0:1:0:2, 4:1:0:0:1, 0:0:0:0:0, 2:0:0:0:1, 2:0:0:0:1, 2:0:0:0:0,  , 5:1:0:0:3, 2:0:0:0:1, 3:0:0:0:1, 5:1:0:0:3, 3:1:0:0:1, 3:1:0:0:2, 4:0:0:0:2, 3:0:0:0:2, 1:0:0:0:1, 274:41:12:0:117
Eb major (3b), 1:0:0:0:1, 2:0:0:0:0, 1:0:0:0:0, 1:0:0:0:1, 3:0:0:0:0, 3:0:1:0:1, 0:0:0:0:0, 3:0:0:0:1, 1:0:0:0:0, 3:0:1:0:0, 2:1:0:0:1, 3:0:0:0:0, 4:0:0:0:1, 2:0:0:0:1, 1:0:0:0:0, 3:0:1:0:0, 1:0:0:0:1, 2:0:0:0:0, 1:0:0:0:0, 0:0:0:0:0, 2:0:0:0:1, 2:0:0:0:1, 0:0:0:0:0, 0:0:0:0:0, 2:1:0:0:2, 2:0:1:0:0, 0:0:0:0:0, 2:0:0:0:2, 3:0:0:0:0, 1:0:0:0:0, 0:0:0:0:0, 3:0:1:0:0, 1:0:0:0:0, 0:0:0:0:0, 0:0:0:0:0,  , 2:1:0:1:1, 4:0:0:0:1, 1:0:0:0:0, 1:0:0:0:0, 3:0:0:0:1, 3:0:1:0:1, 1:0:0:0:0, 2:0:0:0:0, 1:0:0:0:0, 0:0:0:0:0, 1:0:0:0:0, 2:0:0:0:1, 2:0:1:0:0, 2:0:0:0:0, 0:0:0:0:0,  , 2:0:0:0:1, 1:0:0:0:1, 1:0:0:0:0, 4:0:1:0:1, 0:0:0:0:0, 2:0:0:0:1, 0:0:0:0:0,  , 1:0:0:0:1, 1:0:0:0:1, 0:0:0:0:0, 1:0:0:0:1, 1:0:0:0:1, 4:0:0:0:1, 0:0:0:0:0,  , 2:1:0:1:1, 4:0:0:0:1, 3:0:0:0:1, 4:0:1:0:1, 2:0:0:0:1, 1:0:0:0:1, 1:0:0:0:1, 2:0:1:0:0, 3:0:0:0:0, 1:0:0:0:0, 1:0:0:0:0, 3:1:0:0:2, 0:0:0:0:0, 1:0:0:0:0, 2:0:0:0:0, 0:0:0:0:0, 1:0:0:0:1, 1:0:0:0:0, 0:0:0:0:0,  , 2:0:0:0:1, 2:0:0:0:1, 0:0:0:0:0, 2:0:0:0:1, 4:0:0:0:1, 2:1:0:0:2, 2:0:0:0:1, 0:0:0:0:0, 0:0:0:0:0, 144:6:10:2:45
A major (3#), 3:0:0:1:1, 4:1:0:0:0, 3:1:0:0:1, 2:0:0:0:0, 4:0:0:0:1, 4:0:0:0:0, 6:0:0:0:1, 3:0:0:0:1, 3:0:0:0:1, 1:0:0:0:0, 3:0:1:0:2, 3:0:1:0:1, 3:0:0:0:1, 2:0:0:0:0, 4:0:0:0:1, 3:0:0:0:1, 4:0:0:1:1, 4:1:0:0:0, 3:1:0:0:1, 2:0:0:0:0, 3:1:0:0:0, 4:0:0:0:1, 1:0:0:0:0, 1:0:0:0:0, 3:0:0:0:0, 4:0:0:0:1, 4:0:0:1:2, 2:0:0:0:0, 4:1:0:0:0, 4:0:0:0:1, 3:0:0:0:0, 4:1:1:0:2, 2:0:1:0:1, 1:0:0:0:0, 4:0:0:0:1,  , 4:1:1:0:3, 3:1:0:0:0, 2:0:0:0:0, 2:0:0:0:1, 3:0:1:0:1, 1:0:0:0:0, 1:0:0:0:0, 3:1:0:0:0, 3:1:0:0:1, 4:0:0:0:1, 2:0:0:0:1, 5:0:1:0:2, 3:0:1:0:2, 3:1:0:0:1, 4:0:0:0:1,  , 4:0:0:0:1, 4:0:0:0:1, 2:0:0:0:1, 1:0:0:0:0, 6:0:1:1:3, 3:0:0:0:1, 2:0:0:0:1,  , 5:0:1:1:2, 3:0:0:1:1, 5:0:1:1:2, 5:0:0:0:0, 3:1:0:0:1, 3:1:0:0:0, 3:0:0:0:1,  , 4:1:1:0:3, 3:1:0:0:0, 4:0:0:0:1, 2:0:0:0:0, 3:0:1:0:1, 0:0:0:0:0, 3:0:0:0:0, 5:0:0:0:1, 3:0:0:0:0, 5:0:0:1:2, 2:0:1:0:2, 1:0:0:0:0, 2:0:0:0:0, 4:0:1:0:1, 4:1:0:0:0, 1:0:0:0:0, 3:0:0:0:1, 3:0:0:0:1, 1:0:0:0:0,  , 6:0:0:1:2, 3:0:0:0:1, 4:0:0:0:1, 6:0:0:1:2, 3:1:0:0:0, 3:0:0:0:1, 5:0:0:0:1, 3:0:0:0:1, 1:0:0:0:1, 287:18:15:10:75
C minor (3b), 1:0:0:0:1, 2:0:0:0:0, 1:0:0:0:0, 1:0:0:0:1, 3:0:0:0:0, 3:0:1:0:1, 0:0:0:0:0, 3:0:0:0:1, 1:0:0:0:0, 3:0:1:0:0, 2:1:0:0:1, 3:0:0:0:0, 4:0:0:0:1, 2:0:0:0:1, 1:0:0:0:0, 3:0:1:0:0, 1:0:0:0:1, 2:0:0:0:0, 1:0:0:0:0, 0:0:0:0:0, 2:0:0:0:1, 2:0:0:0:1, 0:0:0:0:0, 0:0:0:0:0, 2:1:0:0:2, 2:0:1:0:0, 0:0:0:0:0, 2:0:0:0:2, 3:0:0:0:0, 1:0:0:0:0, 0:0:0:0:0, 3:0:1:0:0, 1:0:0:0:0, 0:0:0:0:0, 0:0:0:0:0,  , 2:1:0:1:1, 4:0:0:0:1, 1:0:0:0:0, 1:0:0:0:0, 3:0:0:0:1, 3:0:1:0:1, 1:0:0:0:0, 2:0:0:0:0, 1:0:0:0:0, 0:0:0:0:0, 1:0:0:0:0, 2:0:0:0:1, 2:0:1:0:0, 2:0:0:0:0, 0:0:0:0:0,  , 2:0:0:0:1, 1:0:0:0:1, 1:0:0:0:0, 4:0:1:0:1, 0:0:0:0:0, 2:0:0:0:1, 0:0:0:0:0,  , 1:0:0:0:1, 1:0:0:0:1, 0:0:0:0:0, 1:0:0:0:1, 1:0:0:0:1, 4:0:0:0:1, 0:0:0:0:0,  , 2:1:0:1:1, 4:0:0:0:1, 3:0:0:0:1, 4:0:1:0:1, 2:0:0:0:1, 1:0:0:0:1, 1:0:0:0:1, 2:0:1:0:0, 3:0:0:0:0, 1:0:0:0:0, 1:0:0:0:0, 3:1:0:0:2, 0:0:0:0:0, 1:0:0:0:0, 2:0:0:0:0, 0:0:0:0:0, 1:0:0:0:1, 1:0:0:0:0, 0:0:0:0:0,  , 2:0:0:0:1, 2:0:0:0:1, 0:0:0:0:0, 2:0:0:0:1, 4:0:0:0:1, 2:1:0:0:2, 2:0:0:0:1, 0:0:0:0:0, 0:0:0:0:0, 144:6:10:2:45
F# minor (3#), 3:0:0:1:1, 4:1:0:0:0, 3:1:0:0:1, 2:0:0:0:0, 4:0:0:0:1, 4:0:0:0:0, 6:0:0:0:1, 3:0:0:0:1, 3:0:0:0:1, 1:0:0:0:0, 3:0:1:0:2, 3:0:1:0:1, 3:0:0:0:1, 2:0:0:0:0, 4:0:0:0:1, 3:0:0:0:1, 4:0:0:1:1, 4:1:0:0:0, 3:1:0:0:1, 2:0:0:0:0, 3:1:0:0:0, 4:0:0:0:1, 1:0:0:0:0, 1:0:0:0:0, 3:0:0:0:0, 4:0:0:0:1, 4:0:0:1:2, 2:0:0:0:0, 4:1:0:0:0, 4:0:0:0:1, 3:0:0:0:0, 4:1:1:0:2, 2:0:1:0:1, 1:0:0:0:0, 4:0:0:0:1,  , 4:1:1:0:3, 3:1:0:0:0, 2:0:0:0:0, 2:0:0:0:1, 3:0:1:0:1, 1:0:0:0:0, 1:0:0:0:0, 3:1:0:0:0, 3:1:0:0:1, 4:0:0:0:1, 2:0:0:0:1, 5:0:1:0:2, 3:0:1:0:2, 3:1:0:0:1, 4:0:0:0:1,  , 4:0:0:0:1, 4:0:0:0:1, 2:0:0:0:1, 1:0:0:0:0, 6:0:1:1:3, 3:0:0:0:1, 2:0:0:0:1,  , 5:0:1:1:2, 3:0:0:1:1, 5:0:1:1:2, 5:0:0:0:0, 3:1:0:0:1, 3:1:0:0:0, 3:0:0:0:1,  , 4:1:1:0:3, 3:1:0:0:0, 4:0:0:0:1, 2:0:0:0:0, 3:0:1:0:1, 0:0:0:0:0, 3:0:0:0:0, 5:0:0:0:1, 3:0:0:0:0, 5:0:0:1:2, 2:0:1:0:2, 1:0:0:0:0, 2:0:0:0:0, 4:0:1:0:1, 4:1:0:0:0, 1:0:0:0:0, 3:0:0:0:1, 3:0:0:0:1, 1:0:0:0:0,  , 6:0:0:1:2, 3:0:0:0:1, 4:0:0:0:1, 6:0:0:1:2, 3:1:0:0:0, 3:0:0:0:1, 5:0:0:0:1, 3:0:0:0:1, 1:0:0:0:1, 287:18:15:10:75
C minor mel (3b), 1:0:0:0:1, 2:0:0:0:0, 1:0:0:0:0, 1:0:0:0:1, 3:0:0:0:0, 3:0:1:0:1, 0:0:0:0:0, 3:0:0:0:1, 1:0:0:0:0, 3:0:1:0:0, 2:1:0:0:1, 3:0:0:0:0, 4:0:0:0:1, 2:0:0:0:1, 1:0:0:0:0, 3:0:1:0:0, 1:0:0:0:1, 2:0:0:0:0, 1:0:0:0:0, 0:0:0:0:0, 2:0:0:0:1, 2:0:0:0:1, 0:0:0:0:0, 0:0:0:0:0, 2:1:0:0:2, 2:0:1:0:0, 0:0:0:0:0, 2:0:0:0:2, 3:0:0:0:0, 1:0:0:0:0, 0:0:0:0:0, 3:0:1:0:0, 1:0:0:0:0, 0:0:0:0:0, 0:0:0:0:0,  , 2:1:0:1:1, 4:0:0:0:1, 1:0:0:0:0, 1:0:0:0:0, 3:0:0:0:1, 3:0:1:0:1, 1:0:0:0:0, 2:0:0:0:0, 1:0:0:0:0, 0:0:0:0:0, 1:0:0:0:0, 2:0:0:0:1, 2:0:1:0:0, 2:0:0:0:0, 0:0:0:0:0,  , 2:0:0:0:1, 1:0:0:0:1, 1:0:0:0:0, 4:0:1:0:1, 0:0:0:0:0, 2:0:0:0:1, 0:0:0:0:0,  , 1:0:0:0:1, 1:0:0:0:1, 0:0:0:0:0, 1:0:0:0:1, 1:0:0:0:1, 4:0:0:0:1, 0:0:0:0:0,  , 2:1:0:1:1, 4:0:0:0:1, 3:0:0:0:1, 4:0:1:0:1, 2:0:0:0:1, 1:0:0:0:1, 1:0:0:0:1, 2:0:1:0:0, 3:0:0:0:0, 1:0:0:0:0, 1:0:0:0:0, 3:1:0:0:2, 0:0:0:0:0, 1:0:0:0:0, 2:0:0:0:0, 0:0:0:0:0, 1:0:0:0:1, 1:0:0:0:0, 0:0:0:0:0,  , 2:0:0:0:1, 2:0:0:0:1, 0:0:0:0:0, 2:0:0:0:1, 4:0:0:0:1, 2:1:0:0:2, 2:0:0:0:1, 0:0:0:0:0, 0:0:0:0:0, 144:6:10:2:45
F# minor mel (3#), 3:0:0:1:1, 4:1:0:0:0, 3:1:0:0:1, 2:0:0:0:0, 4:0:0:0:1, 4:0:0:0:0, 6:0:0:0:1, 3:0:0:0:1, 3:0:0:0:1, 1:0:0:0:0, 3:0:1:0:2, 3:0:1:0:1, 3:0:0:0:1, 2:0:0:0:0, 4:0:0:0:1, 3:0:0:0:1, 4:0:0:1:1, 4:1:0:0:0, 3:1:0:0:1, 2:0:0:0:0, 3:1:0:0:0, 4:0:0:0:1, 1:0:0:0:0, 1:0:0:0:0, 3:0:0:0:0, 4:0:0:0:1, 4:0:0:1:2, 2:0:0:0:0, 4:1:0:0:0, 4:0:0:0:1, 3:0:0:0:0, 4:1:1:0:2, 2:0:1:0:1, 1:0:0:0:0, 4:0:0:0:1,  , 4:1:1:0:3, 3:1:0:0:0, 2:0:0:0:0, 2:0:0:0:1, 3:0:1:0:1, 1:0:0:0:0, 1:0:0:0:0, 3:1:0:0:0, 3:1:0:0:1, 4:0:0:0:1, 2:0:0:0:1, 5:0:1:0:2, 3:0:1:0:2, 3:1:0:0:1, 4:0:0:0:1,  , 4:0:0:0:1, 4:0:0:0:1, 2:0:0:0:1, 1:0:0:0:0, 6:0:1:1:3, 3:0:0:0:1, 2:0:0:0:1,  , 5:0:1:1:2, 3:0:0:1:1, 5:0:1:1:2, 5:0:0:0:0, 3:1:0:0:1, 3:1:0:0:0, 3:0:0:0:1,  , 4:1:1:0:3, 3:1:0:0:0, 4:0:0:0:1, 2:0:0:0:0, 3:0:1:0:1, 0:0:0:0:0, 3:0:0:0:0, 5:0:0:0:1, 3:0:0:0:0, 5:0:0:1:2, 2:0:1:0:2, 1:0:0:0:0, 2:0:0:0:0, 4:0:1:0:1, 4:1:0:0:0, 1:0:0:0:0, 3:0:0:0:1, 3:0:0:0:1, 1:0:0:0:0,  , 6:0:0:1:2, 3:0:0:0:1, 4:0:0:0:1, 6:0:0:1:2, 3:1:0:0:0, 3:0:0:0:1, 5:0:0:0:1, 3:0:0:0:1, 1:0:0:0:1, 287:18:15:10:75
Eb major blues (3b), 1:0:0:0:1, 2:0:0:0:0, 1:0:0:0:0, 1:0:0:0:1, 3:0:0:0:0, 3:0:1:0:1, 0:0:0:0:0, 3:0:0:0:1, 1:0:0:0:0, 3:0:1:0:0, 2:1:0:0:1, 3:0:0:0:0, 4:0:0:0:1, 2:0:0:0:1, 1:0:0:0:0, 3:0:1:0:0, 1:0:0:0:1, 2:0:0:0:0, 1:0:0:0:0, 0:0:0:0:0, 2:0:0:0:1, 2:0:0:0:1, 0:0:0:0:0, 0:0:0:0:0, 2:1:0:0:2, 2:0:1:0:0, 0:0:0:0:0, 2:0:0:0:2, 3:0:0:0:0, 1:0:0:0:0, 0:0:0:0:0, 3:0:1:0:0, 1:0:0:0:0, 0:0:0:0:0, 0:0:0:0:0,  , 2:1:0:1:1, 4:0:0:0:1, 1:0:0:0:0, 1:0:0:0:0, 3:0:0:0:1, 3:0:1:0:1, 1:0:0:0:0, 2:0:0:0:0, 1:0:0:0:0, 0:0:0:0:0, 1:0:0:0:0, 2:0:0:0:1, 2:0:1:0:0, 2:0:0:0:0, 0:0:0:0:0,  , 2:0:0:0:1, 1:0:0:0:1, 1:0:0:0:0, 4:0:1:0:1, 0:0:0:0:0, 2:0:0:0:1, 0:0:0:0:0,  , 1:0:0:0:1, 1:0:0:0:1, 0:0:0:0:0, 1:0:0:0:1, 1:0:0:0:1, 4:0:0:0:1, 0:0:0:0:0,  , 2:1:0:1:1, 4:0:0:0:1, 3:0:0:0:1, 4:0:1:0:1, 2:0:0:0:1, 1:0:0:0:1, 1:0:0:0:1, 2:0:1:0:0, 3:0:0:0:0, 1:0:0:0:0, 1:0:0:0:0, 3:1:0:0:2, 0:0:0:0:0, 1:0:0:0:0, 2:0:0:0:0, 0:0:0:0:0, 1:0:0:0:1, 1:0:0:0:0, 0:0:0:0:0,  , 2:0:0:0:1, 2:0:0:0:1, 0:0:0:0:0, 2:0:0:0:1, 4:0:0:0:1, 2:1:0:0:2, 2:0:0:0:1, 0:0:0:0:0, 0:0:0:0:0, 144:6:10:2:45
A major blues (3#), 3:0:0:1:1, 4:1:0:0:0, 3:1:0:0:1, 2:0:0:0:0, 4:0:0:0:1, 4:0:0:0:0, 6:0:0:0:1, 3:0:0:0:1, 3:0:0:0:1, 1:0:0:0:0, 3:0:1:0:2, 3:0:1:0:1, 3:0:0:0:1, 2:0:0:0:0, 4:0:0:0:1, 3:0:0:0:1, 4:0:0:1:1, 4:1:0:0:0, 3:1:0:0:1, 2:0:0:0:0, 3:1:0:0:0, 4:0:0:0:1, 1:0:0:0:0, 1:0:0:0:0, 3:0:0:0:0, 4:0:0:0:1, 4:0:0:1:2, 2:0:0:0:0, 4:1:0:0:0, 4:0:0:0:1, 3:0:0:0:0, 4:1:1:0:2, 2:0:1:0:1, 1:0:0:0:0, 4:0:0:0:1,  , 4:1:1:0:3, 3:1:0:0:0, 2:0:0:0:0, 2:0:0:0:1, 3:0:1:0:1, 1:0:0:0:0, 1:0:0:0:0, 3:1:0:0:0, 3:1:0:0:1, 4:0:0:0:1, 2:0:0:0:1, 5:0:1:0:2, 3:0:1:0:2, 3:1:0:0:1, 4:0:0:0:1,  , 4:0:0:0:1, 4:0:0:0:1, 2:0:0:0:1, 1:0:0:0:0, 6:0:1:1:3, 3:0:0:0:1, 2:0:0:0:1,  , 5:0:1:1:2, 3:0:0:1:1, 5:0:1:1:2, 5:0:0:0:0, 3:1:0:0:1, 3:1:0:0:0, 3:0:0:0:1,  , 4:1:1:0:3, 3:1:0:0:0, 4:0:0:0:1, 2:0:0:0:0, 3:0:1:0:1, 0:0:0:0:0, 3:0:0:0:0, 5:0:0:0:1, 3:0:0:0:0, 5:0:0:1:2, 2:0:1:0:2, 1:0:0:0:0, 2:0:0:0:0, 4:0:1:0:1, 4:1:0:0:0, 1:0:0:0:0, 3:0:0:0:1, 3:0:0:0:1, 1:0:0:0:0,  , 6:0:0:1:2, 3:0:0:0:1, 4:0:0:0:1, 6:0:0:1:2, 3:1:0:0:0, 3:0:0:0:1, 5:0:0:0:1, 3:0:0:0:1, 1:0:0:0:1, 287:18:15:10:75
C minor blues (3b), 1:0:0:0:1, 2:0:0:0:0, 1:0:0:0:0, 1:0:0:0:1, 3:0:0:0:0, 3:0:1:0:1, 0:0:0:0:0, 3:0:0:0:1, 1:0:0:0:0, 3:0:1:0:0, 2:1:0:0:1, 3:0:0:0:0, 4:0:0:0:1, 2:0:0:0:1, 1:0:0:0:0, 3:0:1:0:0, 1:0:0:0:1, 2:0:0:0:0, 1:0:0:0:0, 0:0:0:0:0, 2:0:0:0:1, 2:0:0:0:1, 0:0:0:0:0, 0:0:0:0:0, 2:1:0:0:2, 2:0:1:0:0, 0:0:0:0:0, 2:0:0:0:2, 3:0:0:0:0, 1:0:0:0:0, 0:0:0:0:0, 3:0:1:0:0, 1:0:0:0:0, 0:0:0:0:0, 0:0:0:0:0,  , 2:1:0:1:1, 4:0:0:0:1, 1:0:0:0:0, 1:0:0:0:0, 3:0:0:0:1, 3:0:1:0:1, 1:0:0:0:0, 2:0:0:0:0, 1:0:0:0:0, 0:0:0:0:0, 1:0:0:0:0, 2:0:0:0:1, 2:0:1:0:0, 2:0:0:0:0, 0:0:0:0:0,  , 2:0:0:0:1, 1:0:0:0:1, 1:0:0:0:0, 4:0:1:0:1, 0:0:0:0:0, 2:0:0:0:1, 0:0:0:0:0,  , 1:0:0:0:1, 1:0:0:0:1, 0:0:0:0:0, 1:0:0:0:1, 1:0:0:0:1, 4:0:0:0:1, 0:0:0:0:0,  , 2:1:0:1:1, 4:0:0:0:1, 3:0:0:0:1, 4:0:1:0:1, 2:0:0:0:1, 1:0:0:0:1, 1:0:0:0:1, 2:0:1:0:0, 3:0:0:0:0, 1:0:0:0:0, 1:0:0:0:0, 3:1:0:0:2, 0:0:0:0:0, 1:0:0:0:0, 2:0:0:0:0, 0:0:0:0:0, 1:0:0:0:1, 1:0:0:0:0, 0:0:0:0:0,  , 2:0:0:0:1, 2:0:0:0:1, 0:0:0:0:0, 2:0:0:0:1, 4:0:0:0:1, 2:1:0:0:2, 2:0:0:0:1, 0:0:0:0:0, 0:0:0:0:0, 144:6:10:2:45
F# minor blues (3#), 3:0:0:1:1, 4:1:0:0:0, 3:1:0:0:1, 2:0:0:0:0, 4:0:0:0:1, 4:0:0:0:0, 6:0:0:0:1, 3:0:0:0:1, 3:0:0:0:1, 1:0:0:0:0, 3:0:1:0:2, 3:0:1:0:1, 3:0:0:0:1, 2:0:0:0:0, 4:0:0:0:1, 3:0:0:0:1, 4:0:0:1:1, 4:1:0:0:0, 3:1:0:0:1, 2:0:0:0:0, 3:1:0:0:0, 4:0:0:0:1, 1:0:0:0:0, 1:0:0:0:0, 3:0:0:0:0, 4:0:0:0:1, 4:0:0:1:2, 2:0:0:0:0, 4:1:0:0:0, 4:0:0:0:1, 3:0:0:0:0, 4:1:1:0:2, 2:0:1:0:1, 1:0:0:0:0, 4:0:0:0:1,  , 4:1:1:0:3, 3:1:0:0:0, 2:0:0:0:0, 2:0:0:0:1, 3:0:1:0:1, 1:0:0:0:0, 1:0:0:0:0, 3:1:0:0:0, 3:1:0:0:1, 4:0:0:0:1, 2:0:0:0:1, 5:0:1:0:2, 3:0:1:0:2, 3:1:0:0:1, 4:0:0:0:1,  , 4:0:0:0:1, 4:0:0:0:1, 2:0:0:0:1, 1:0:0:0:0, 6:0:1:1:3, 3:0:0:0:1, 2:0:0:0:1,  , 5:0:1:1:2, 3:0:0:1:1, 5:0:1:1:2, 5:0:0:0:0, 3:1:0:0:1, 3:1:0:0:0, 3:0:0:0:1,  , 4:1:1:0:3, 3:1:0:0:0, 4:0:0:0:1, 2:0:0:0:0, 3:0:1:0:1, 0:0:0:0:0, 3:0:0:0:0, 5:0:0:0:1, 3:0:0:0:0, 5:0:0:1:2, 2:0:1:0:2, 1:0:0:0:0, 2:0:0:0:0, 4:0:1:0:1, 4:1:0:0:0, 1:0:0:0:0, 3:0:0:0:1, 3:0:0:0:1, 1:0:0:0:0,  , 6:0:0:1:2, 3:0:0:0:1, 4:0:0:0:1, 6:0:0:1:2, 3:1:0:0:0, 3:0:0:0:1, 5:0:0:0:1, 3:0:0:0:1, 1:0:0:0:1, 287:18:15:10:75
Eb dorian (3b), 1:0:0:0:1, 2:0:0:0:0, 1:0:0:0:0, 1:0:0:0:1, 3:0:0:0:0, 3:0:1:0:1, 0:0:0:0:0, 3:0:0:0:1, 1:0:0:0:0, 3:0:1:0:0, 2:1:0:0:1, 3:0:0:0:0, 4:0:0:0:1, 2:0:0:0:1, 1:0:0:0:0, 3:0:1:0:0, 1:0:0:0:1, 2:0:0:0:0, 1:0:0:0:0, 0:0:0:0:0, 2:0:0:0:1, 2:0:0:0:1, 0:0:0:0:0, 0:0:0:0:0, 2:1:0:0:2, 2:0:1:0:0, 0:0:0:0:0, 2:0:0:0:2, 3:0:0:0:0, 1:0:0:0:0, 0:0:0:0:0, 3:0:1:0:0, 1:0:0:0:0, 0:0:0:0:0, 0:0:0:0:0,  , 2:1:0:1:1, 4:0:0:0:1, 1:0:0:0:0, 1:0:0:0:0, 3:0:0:0:1, 3:0:1:0:1, 1:0:0:0:0, 2:0:0:0:0, 1:0:0:0:0, 0:0:0:0:0, 1:0:0:0:0, 2:0:0:0:1, 2:0:1:0:0, 2:0:0:0:0, 0:0:0:0:0,  , 2:0:0:0:1, 1:0:0:0:1, 1:0:0:0:0, 4:0:1:0:1, 0:0:0:0:0, 2:0:0:0:1, 0:0:0:0:0,  , 1:0:0:0:1, 1:0:0:0:1, 0:0:0:0:0, 1:0:0:0:1, 1:0:0:0:1, 4:0:0:0:1, 0:0:0:0:0,  , 2:1:0:1:1, 4:0:0:0:1, 3:0:0:0:1, 4:0:1:0:1, 2:0:0:0:1, 1:0:0:0:1, 1:0:0:0:1, 2:0:1:0:0, 3:0:0:0:0, 1:0:0:0:0, 1:0:0:0:0, 3:1:0:0:2, 0:0:0:0:0, 1:0:0:0:0, 2:0:0:0:0, 0:0:0:0:0, 1:0:0:0:1, 1:0:0:0:0, 0:0:0:0:0,  , 2:0:0:0:1, 2:0:0:0:1, 0:0:0:0:0, 2:0:0:0:1, 4:0:0:0:1, 2:1:0:0:2, 2:0:0:0:1, 0:0:0:0:0, 0:0:0:0:0, 144:6:10:2:45
A dorian (3#), 3:0:0:1:1, 4:1:0:0:0, 3:1:0:0:1, 2:0:0:0:0, 4:0:0:0:1, 4:0:0:0:0, 6:0:0:0:1, 3:0:0:0:1, 3:0:0:0:1, 1:0:0:0:0, 3:0:1:0:2, 3:0:1:0:1, 3:0:0:0:1, 2:0:0:0:0, 4:0:0:0:1, 3:0:0:0:1, 4:0:0:1:1, 4:1:0:0:0, 3:1:0:0:1, 2:0:0:0:0, 3:1:0:0:0, 4:0:0:0:1, 1:0:0:0:0, 1:0:0:0:0, 3:0:0:0:0, 4:0:0:0:1, 4:0:0:1:2, 2:0:0:0:0, 4:1:0:0:0, 4:0:0:0:1, 3:0:0:0:0, 4:1:1:0:2, 2:0:1:0:1, 1:0:0:0:0, 4:0:0:0:1,  , 4:1:1:0:3, 3:1:0:0:0, 2:0:0:0:0, 2:0:0:0:1, 3:0:1:0:1, 1:0:0:0:0, 1:0:0:0:0, 3:1:0:0:0, 3:1:0:0:1, 4:0:0:0:1, 2:0:0:0:1, 5:0:1:0:2, 3:0:1:0:2, 3:1:0:0:1, 4:0:0:0:1,  , 4:0:0:0:1, 4:0:0:0:1, 2:0:0:0:1, 1:0:0:0:0, 6:0:1:1:3, 3:0:0:0:1, 2:0:0:0:1,  , 5:0:1:1:2, 3:0:0:1:1, 5:0:1:1:2, 5:0:0:0:0, 3:1:0:0:1, 3:1:0:0:0, 3:0:0:0:1,  , 4:1:1:0:3, 3:1:0:0:0, 4:0:0:0:1, 2:0:0:0:0, 3:0:1:0:1, 0:0:0:0:0, 3:0:0:0:0, 5:0:0:0:1, 3:0:0:0:0, 5:0:0:1:2, 2:0:1:0:2, 1:0:0:0:0, 2:0:0:0:0, 4:0:1:0:1, 4:1:0:0:0, 1:0:0:0:0, 3:0:0:0:1, 3:0:0:0:1, 1:0:0:0:0,  , 6:0:0:1:2, 3:0:0:0:1, 4:0:0:0:1, 6:0:0:1:2, 3:1:0:0:0, 3:0:0:0:1, 5:0:0:0:1, 3:0:0:0:1, 1:0:0:0:1, 287:18:15:10:75
Eb phrygian (3b), 1:0:0:0:1, 2:0:0:0:0, 1:0:0:0:0, 1:0:0:0:1, 3:0:0:0:0, 3:0:1:0:1, 0:0:0:0:0, 3:0:0:0:1, 1:0:0:0:0, 3:0:1:0:0, 2:1:0:0:1, 3:0:0:0:0, 4:0:0:0:1, 2:0:0:0:1, 1:0:0:0:0, 3:0:1:0:0, 1:0:0:0:1, 2:0:0:0:0, 1:0:0:0:0, 0:0:0:0:0, 2:0:0:0:1, 2:0:0:0:1, 0:0:0:0:0, 0:0:0:0:0, 2:1:0:0:2, 2:0:1:0:0, 0:0:0:0:0, 2:0:0:0:2, 3:0:0:0:0, 1:0:0:0:0, 0:0:0:0:0, 3:0:1:0:0, 1:0:0:0:0, 0:0:0:0:0, 0:0:0:0:0,  , 2:1:0:1:1, 4:0:0:0:1, 1:0:0:0:0, 1:0:0:0:0, 3:0:0:0:1, 3:0:1:0:1, 1:0:0:0:0, 2:0:0:0:0, 1:0:0:0:0, 0:0:0:0:0, 1:0:0:0:0, 2:0:0:0:1, 2:0:1:0:0, 2:0:0:0:0, 0:0:0:0:0,  , 2:0:0:0:1, 1:0:0:0:1, 1:0:0:0:0, 4:0:1:0:1, 0:0:0:0:0, 2:0:0:0:1, 0:0:0:0:0,  , 1:0:0:0:1, 1:0:0:0:1, 0:0:0:0:0, 1:0:0:0:1, 1:0:0:0:1, 4:0:0:0:1, 0:0:0:0:0,  , 2:1:0:1:1, 4:0:0:0:1, 3:0:0:0:1, 4:0:1:0:1, 2:0:0:0:1, 1:0:0:0:1, 1:0:0:0:1, 2:0:1:0:0, 3:0:0:0:0, 1:0:0:0:0, 1:0:0:0:0, 3:1:0:0:2, 0:0:0:0:0, 1:0:0:0:0, 2:0:0:0:0, 0:0:0:0:0, 1:0:0:0:1, 1:0:0:0:0, 0:0:0:0:0,  , 2:0:0:0:1, 2:0:0:0:1, 0:0:0:0:0, 2:0:0:0:1, 4:0:0:0:1, 2:1:0:0:2, 2:0:0:0:1, 0:0:0:0:0, 0:0:0:0:0, 144:6:10:2:45
A phrygian (3#), 3:0:0:1:1, 4:1:0:0:0, 3:1:0:0:1, 2:0:0:0:0, 4:0:0:0:1, 4:0:0:0:0, 6:0:0:0:1, 3:0:0:0:1, 3:0:0:0:1, 1:0:0:0:0, 3:0:1:0:2, 3:0:1:0:1, 3:0:0:0:1, 2:0:0:0:0, 4:0:0:0:1, 3:0:0:0:1, 4:0:0:1:1, 4:1:0:0:0, 3:1:0:0:1, 2:0:0:0:0, 3:1:0:0:0, 4:0:0:0:1, 1:0:0:0:0, 1:0:0:0:0, 3:0:0:0:0, 4:0:0:0:1, 4:0:0:1:2, 2:0:0:0:0, 4:1:0:0:0, 4:0:0:0:1, 3:0:0:0:0, 4:1:1:0:2, 2:0:1:0:1, 1:0:0:0:0, 4:0:0:0:1,  , 4:1:1:0:3, 3:1:0:0:0, 2:0:0:0:0, 2:0:0:0:1, 3:0:1:0:1, 1:0:0:0:0, 1:0:0:0:0, 3:1:0:0:0, 3:1:0:0:1, 4:0:0:0:1, 2:0:0:0:1, 5:0:1:0:2, 3:0:1:0:2, 3:1:0:0:1, 4:0:0:0:1,  , 4:0:0:0:1, 4:0:0:0:1, 2:0:0:0:1, 1:0:0:0:0, 6:0:1:1:3, 3:0:0:0:1, 2:0:0:0:1,  , 5:0:1:1:2, 3:0:0:1:1, 5:0:1:1:2, 5:0:0:0:0, 3:1:0:0:1, 3:1:0:0:0, 3:0:0:0:1,  , 4:1:1:0:3, 3:1:0:0:0, 4:0:0:0:1, 2:0:0:0:0, 3:0:1:0:1, 0:0:0:0:0, 3:0:0:0:0, 5:0:0:0:1, 3:0:0:0:0, 5:0:0:1:2, 2:0:1:0:2, 1:0:0:0:0, 2:0:0:0:0, 4:0:1:0:1, 4:1:0:0:0, 1:0:0:0:0, 3:0:0:0:1, 3:0:0:0:1, 1:0:0:0:0,  , 6:0:0:1:2, 3:0:0:0:1, 4:0:0:0:1, 6:0:0:1:2, 3:1:0:0:0, 3:0:0:0:1, 5:0:0:0:1, 3:0:0:0:1, 1:0:0:0:1, 287:18:15:10:75
Eb lydian (3b), 1:0:0:0:1, 2:0:0:0:0, 1:0:0:0:0, 1:0:0:0:1, 3:0:0:0:0, 3:0:1:0:1, 0:0:0:0:0, 3:0:0:0:1, 1:0:0:0:0, 3:0:1:0:0, 2:1:0:0:1, 3:0:0:0:0, 4:0:0:0:1, 2:0:0:0:1, 1:0:0:0:0, 3:0:1:0:0, 1:0:0:0:1, 2:0:0:0:0, 1:0:0:0:0, 0:0:0:0:0, 2:0:0:0:1, 2:0:0:0:1, 0:0:0:0:0, 0:0:0:0:0, 2:1:0:0:2, 2:0:1:0:0, 0:0:0:0:0, 2:0:0:0:2, 3:0:0:0:0, 1:0:0:0:0, 0:0:0:0:0, 3:0:1:0:0, 1:0:0:0:0, 0:0:0:0:0, 0:0:0:0:0,  , 2:1:0:1:1, 4:0:0:0:1, 1:0:0:0:0, 1:0:0:0:0, 3:0:0:0:1, 3:0:1:0:1, 1:0:0:0:0, 2:0:0:0:0, 1:0:0:0:0, 0:0:0:0:0, 1:0:0:0:0, 2:0:0:0:1, 2:0:1:0:0, 2:0:0:0:0, 0:0:0:0:0,  , 2:0:0:0:1, 1:0:0:0:1, 1:0:0:0:0, 4:0:1:0:1, 0:0:0:0:0, 2:0:0:0:1, 0:0:0:0:0,  , 1:0:0:0:1, 1:0:0:0:1, 0:0:0:0:0, 1:0:0:0:1, 1:0:0:0:1, 4:0:0:0:1, 0:0:0:0:0,  , 2:1:0:1:1, 4:0:0:0:1, 3:0:0:0:1, 4:0:1:0:1, 2:0:0:0:1, 1:0:0:0:1, 1:0:0:0:1, 2:0:1:0:0, 3:0:0:0:0, 1:0:0:0:0, 1:0:0:0:0, 3:1:0:0:2, 0:0:0:0:0, 1:0:0:0:0, 2:0:0:0:0, 0:0:0:0:0, 1:0:0:0:1, 1:0:0:0:0, 0:0:0:0:0,  , 2:0:0:0:1, 2:0:0:0:1, 0:0:0:0:0, 2:0:0:0:1, 4:0:0:0:1, 2:1:0:0:2, 2:0:0:0:1, 0:0:0:0:0, 0:0:0:0:0, 144:6:10:2:45
A lydian (3#), 3:0:0:1:1, 4:1:0:0:0, 3:1:0:0:1, 2:0:0:0:0, 4:0:0:0:1, 4:0:0:0:0, 6:0:0:0:1, 3:0:0:0:1, 3:0:0:0:1, 1:0:0:0:0, 3:0:1:0:2, 3:0:1:0:1, 3:0:0:0:1, 2:0:0:0:0, 4:0:0:0:1, 3:0:0:0:1, 4:0:0:1:1, 4:1:0:0:0, 3:1:0:0:1, 2:0:0:0:0, 3:1:0:0:0, 4:0:0:0:1, 1:0:0:0:0, 1:0:0:0:0, 3:0:0:0:0, 4:0:0:0:1, 4:0:0:1:2, 2:0:0:0:0, 4:1:0:0:0, 4:0:0:0:1, 3:0:0:0:0, 4:1:1:0:2, 2:0:1:0:1, 1:0:0:0:0, 4:0:0:0:1,  , 4:1:1:0:3, 3:1:0:0:0, 2:0:0:0:0, 2:0:0:0:1, 3:0:1:0:1, 1:0:0:0:0, 1:0:0:0:0, 3:1:0:0:0, 3:1:0:0:1, 4:0:0:0:1, 2:0:0:0:1, 5:0:1:0:2, 3:0:1:0:2, 3:1:0:0:1, 4:0:0:0:1,  , 4:0:0:0:1, 4:0:0:0:1, 2:0:0:0:1, 1:0:0:0:0, 6:0:1:1:3, 3:0:0:0:1, 2:0:0:0:1,  , 5:0:1:1:2, 3:0:0:1:1, 5:0:1:1:2, 5:0:0:0:0, 3:1:0:0:1, 3:1:0:0:0, 3:0:0:0:1,  , 4:1:1:0:3, 3:1:0:0:0, 4:0:0:0:1, 2:0:0:0:0, 3:0:1:0:1, 0:0:0:0:0, 3:0:0:0:0, 5:0:0:0:1, 3:0:0:0:0, 5:0:0:1:2, 2:0:1:0:2, 1:0:0:0:0, 2:0:0:0:0, 4:0:1:0:1, 4:1:0:0:0, 1:0:0:0:0, 3:0:0:0:1, 3:0:0:0:1, 1:0:0:0:0,  , 6:0:0:1:2, 3:0:0:0:1, 4:0:0:0:1, 6:0:0:1:2, 3:1:0:0:0, 3:0:0:0:1, 5:0:0:0:1, 3:0:0:0:1, 1:0:0:0:1, 287:18:15:10:75
Eb mixolydian (3b), 1:0:0:0:1, 2:0:0:0:0, 1:0:0:0:0, 1:0:0:0:1, 3:0:0:0:0, 3:0:1:0:1, 0:0:0:0:0, 3:0:0:0:1, 1:0:0:0:0, 3:0:1:0:0, 2:1:0:0:1, 3:0:0:0:0, 4:0:0:0:1, 2:0:0:0:1, 1:0:0:0:0, 3:0:1:0:0, 1:0:0:0:1, 2:0:0:0:0, 1:0:0:0:0, 0:0:0:0:0, 2:0:0:0:1, 2:0:0:0:1, 0:0:0:0:0, 0:0:0:0:0, 2:1:0:0:2, 2:0:1:0:0, 0:0:0:0:0, 2:0:0:0:2, 3:0:0:0:0, 1:0:0:0:0, 0:0:0:0:0, 3:0:1:0:0, 1:0:0:0:0, 0:0:0:0:0, 0:0:0:0:0,  , 2:1:0:1:1, 4:0:0:0:1, 1:0:0:0:0, 1:0:0:0:0, 3:0:0:0:1, 3:0:1:0:1, 1:0:0:0:0, 2:0:0:0:0, 1:0:0:0:0, 0:0:0:0:0, 1:0:0:0:0, 2:0:0:0:1, 2:0:1:0:0, 2:0:0:0:0, 0:0:0:0:0,  , 2:0:0:0:1, 1:0:0:0:1, 1:0:0:0:0, 4:0:1:0:1, 0:0:0:0:0, 2:0:0:0:1, 0:0:0:0:0,  , 1:0:0:0:1, 1:0:0:0:1, 0:0:0:0:0, 1:0:0:0:1, 1:0:0:0:1, 4:0:0:0:1, 0:0:0:0:0,  , 2:1:0:1:1, 4:0:0:0:1, 3:0:0:0:1, 4:0:1:0:1, 2:0:0:0:1, 1:0:0:0:1, 1:0:0:0:1, 2:0:1:0:0, 3:0:0:0:0, 1:0:0:0:0, 1:0:0:0:0, 3:1:0:0:2, 0:0:0:0:0, 1:0:0:0:0, 2:0:0:0:0, 0:0:0:0:0, 1:0:0:0:1, 1:0:0:0:0, 0:0:0:0:0,  , 2:0:0:0:1, 2:0:0:0:1, 0:0:0:0:0, 2:0:0:0:1, 4:0:0:0:1, 2:1:0:0:2, 2:0:0:0:1, 0:0:0:0:0, 0:0:0:0:0, 144:6:10:2:45
A mixolydian (3#), 3:0:0:1:1, 4:1:0:0:0, 3:1:0:0:1, 2:0:0:0:0, 4:0:0:0:1, 4:0:0:0:0, 6:0:0:0:1, 3:0:0:0:1, 3:0:0:0:1, 1:0:0:0:0, 3:0:1:0:2, 3:0:1:0:1, 3:0:0:0:1, 2:0:0:0:0, 4:0:0:0:1, 3:0:0:0:1, 4:0:0:1:1, 4:1:0:0:0, 3:1:0:0:1, 2:0:0:0:0, 3:1:0:0:0, 4:0:0:0:1, 1:0:0:0:0, 1:0:0:0:0, 3:0:0:0:0, 4:0:0:0:1, 4:0:0:1:2, 2:0:0:0:0, 4:1:0:0:0, 4:0:0:0:1, 3:0:0:0:0, 4:1:1:0:2, 2:0:1:0:1, 1:0:0:0:0, 4:0:0:0:1,  , 4:1:1:0:3, 3:1:0:0:0, 2:0:0:0:0, 2:0:0:0:1, 3:0:1:0:1, 1:0:0:0:0, 1:0:0:0:0, 3:1:0:0:0, 3:1:0:0:1, 4:0:0:0:1, 2:0:0:0:1, 5:0:1:0:2, 3:0:1:0:2, 3:1:0:0:1, 4:0:0:0:1,  , 4:0:0:0:1, 4:0:0:0:1, 2:0:0:0:1, 1:0:0:0:0, 6:0:1:1:3, 3:0:0:0:1, 2:0:0:0:1,  , 5:0:1:1:2, 3:0:0:1:1, 5:0:1:1:2, 5:0:0:0:0, 3:1:0:0:1, 3:1:0:0:0, 3:0:0:0:1,  , 4:1:1:0:3, 3:1:0:0:0, 4:0:0:0:1, 2:0:0:0:0, 3:0:1:0:1, 0:0:0:0:0, 3:0:0:0:0, 5:0:0:0:1, 3:0:0:0:0, 5:0:0:1:2, 2:0:1:0:2, 1:0:0:0:0, 2:0:0:0:0, 4:0:1:0:1, 4:1:0:0:0, 1:0:0:0:0, 3:0:0:0:1, 3:0:0:0:1, 1:0:0:0:0,  , 6:0:0:1:2, 3:0:0:0:1, 4:0:0:0:1, 6:0:0:1:2, 3:1:0:0:0, 3:0:0:0:1, 5:0:0:0:1, 3:0:0:0:1, 1:0:0:0:1, 287:18:15:10:75
Eb aeolian (3b), 1:0:0:0:1, 2:0:0:0:0, 1:0:0:0:0, 1:0:0:0:1, 3:0:0:0:0, 3:0:1:0:1, 0:0:0:0:0, 3:0:0:0:1, 1:0:0:0:0, 3:0:1:0:0, 2:1:0:0:1, 3:0:0:0:0, 4:0:0:0:1, 2:0:0:0:1, 1:0:0:0:0, 3:0:1:0:0, 1:0:0:0:1, 2:0:0:0:0, 1:0:0:0:0, 0:0:0:0:0, 2:0:0:0:1, 2:0:0:0:1, 0:0:0:0:0, 0:0:0:0:0, 2:1:0:0:2, 2:0:1:0:0, 0:0:0:0:0, 2:0:0:0:2, 3:0:0:0:0, 1:0:0:0:0, 0:0:0:0:0, 3:0:1:0:0, 1:0:0:0:0, 0:0:0:0:0, 0:0:0:0:0,  , 2:1:0:1:1, 4:0:0:0:1, 1:0:0:0:0, 1:0:0:0:0, 3:0:0:0:1, 3:0:1:0:1, 1:0:0:0:0, 2:0:0:0:0, 1:0:0:0:0, 0:0:0:0:0, 1:0:0:0:0, 2:0:0:0:1, 2:0:1:0:0, 2:0:0:0:0, 0:0:0:0:0,  , 2:0:0:0:1, 1:0:0:0:1, 1:0:0:0:0, 4:0:1:0:1, 0:0:0:0:0, 2:0:0:0:1, 0:0:0:0:0,  , 1:0:0:0:1, 1:0:0:0:1, 0:0:0:0:0, 1:0:0:0:1, 1:0:0:0:1, 4:0:0:0:1, 0:0:0:0:0,  , 2:1:0:1:1, 4:0:0:0:1, 3:0:0:0:1, 4:0:1:0:1, 2:0:0:0:1, 1:0:0:0:1, 1:0:0:0:1, 2:0:1:0:0, 3:0:0:0:0, 1:0:0:0:0, 1:0:0:0:0, 3:1:0:0:2, 0:0:0:0:0, 1:0:0:0:0, 2:0:0:0:0, 0:0:0:0:0, 1:0:0:0:1, 1:0:0:0:0, 0:0:0:0:0,  , 2:0:0:0:1, 2:0:0:0:1, 0:0:0:0:0, 2:0:0:0:1, 4:0:0:0:1, 2:1:0:0:2, 2:0:0:0:1, 0:0:0:0:0, 0:0:0:0:0, 144:6:10:2:45
A aeolian (3#), 3:0:0:1:1, 4:1:0:0:0, 3:1:0:0:1, 2:0:0:0:0, 4:0:0:0:1, 4:0:0:0:0, 6:0:0:0:1, 3:0:0:0:1, 3:0:0:0:1, 1:0:0:0:0, 3:0:1:0:2, 3:0:1:0:1, 3:0:0:0:1, 2:0:0:0:0, 4:0:0:0:1, 3:0:0:0:1, 4:0:0:1:1, 4:1:0:0:0, 3:1:0:0:1, 2:0:0:0:0, 3:1:0:0:0, 4:0:0:0:1, 1:0:0:0:0, 1:0:0:0:0, 3:0:0:0:0, 4:0:0:0:1, 4:0:0:1:2, 2:0:0:0:0, 4:1:0:0:0, 4:0:0:0:1, 3:0:0:0:0, 4:1:1:0:2, 2:0:1:0:1, 1:0:0:0:0, 4:0:0:0:1,  , 4:1:1:0:3, 3:1:0:0:0, 2:0:0:0:0, 2:0:0:0:1, 3:0:1:0:1, 1:0:0:0:0, 1:0:0:0:0, 3:1:0:0:0, 3:1:0:0:1, 4:0:0:0:1, 2:0:0:0:1, 5:0:1:0:2, 3:0:1:0:2, 3:1:0:0:1, 4:0:0:0:1,  , 4:0:0:0:1, 4:0:0:0:1, 2:0:0:0:1, 1:0:0:0:0, 6:0:1:1:3, 3:0:0:0:1, 2:0:0:0:1,  , 5:0:1:1:2, 3:0:0:1:1, 5:0:1:1:2, 5:0:0:0:0, 3:1:0:0:1, 3:1:0:0:0, 3:0:0:0:1,  , 4:1:1:0:3, 3:1:0:0:0, 4:0:0:0:1, 2:0:0:0:0, 3:0:1:0:1, 0:0:0:0:0, 3:0:0:0:0, 5:0:0:0:1, 3:0:0:0:0, 5:0:0:1:2, 2:0:1:0:2, 1:0:0:0:0, 2:0:0:0:0, 4:0:1:0:1, 4:1:0:0:0, 1:0:0:0:0, 3:0:0:0:1, 3:0:0:0:1, 1:0:0:0:0,  , 6:0:0:1:2, 3:0:0:0:1, 4:0:0:0:1, 6:0:0:1:2, 3:1:0:0:0, 3:0:0:0:1, 5:0:0:0:1, 3:0:0:0:1, 1:0:0:0:1, 287:18:15:10:75
Eb locrian (3b), 1:0:0:0:1, 2:0:0:0:0, 1:0:0:0:0, 1:0:0:0:1, 3:0:0:0:0, 3:0:1:0:1, 0:0:0:0:0, 3:0:0:0:1, 1:0:0:0:0, 3:0:1:0:0, 2:1:0:0:1, 3:0:0:0:0, 4:0:0:0:1, 2:0:0:0:1, 1:0:0:0:0, 3:0:1:0:0, 1:0:0:0:1, 2:0:0:0:0, 1:0:0:0:0, 0:0:0:0:0, 2:0:0:0:1, 2:0:0:0:1, 0:0:0:0:0, 0:0:0:0:0, 2:1:0:0:2, 2:0:1:0:0, 0:0:0:0:0, 2:0:0:0:2, 3:0:0:0:0, 1:0:0:0:0, 0:0:0:0:0, 3:0:1:0:0, 1:0:0:0:0, 0:0:0:0:0, 0:0:0:0:0,  , 2:1:0:1:1, 4:0:0:0:1, 1:0:0:0:0, 1:0:0:0:0, 3:0:0:0:1, 3:0:1:0:1, 1:0:0:0:0, 2:0:0:0:0, 1:0:0:0:0, 0:0:0:0:0, 1:0:0:0:0, 2:0:0:0:1, 2:0:1:0:0, 2:0:0:0:0, 0:0:0:0:0,  , 2:0:0:0:1, 1:0:0:0:1, 1:0:0:0:0, 4:0:1:0:1, 0:0:0:0:0, 2:0:0:0:1, 0:0:0:0:0,  , 1:0:0:0:1, 1:0:0:0:1, 0:0:0:0:0, 1:0:0:0:1, 1:0:0:0:1, 4:0:0:0:1, 0:0:0:0:0,  , 2:1:0:1:1, 4:0:0:0:1, 3:0:0:0:1, 4:0:1:0:1, 2:0:0:0:1, 1:0:0:0:1, 1:0:0:0:1, 2:0:1:0:0, 3:0:0:0:0, 1:0:0:0:0, 1:0:0:0:0, 3:1:0:0:2, 0:0:0:0:0, 1:0:0:0:0, 2:0:0:0:0, 0:0:0:0:0, 1:0:0:0:1, 1:0:0:0:0, 0:0:0:0:0,  , 2:0:0:0:1, 2:0:0:0:1, 0:0:0:0:0, 2:0:0:0:1, 4:0:0:0:1, 2:1:0:0:2, 2:0:0:0:1, 0:0:0:0:0, 0:0:0:0:0, 144:6:10:2:45
A locrian (3#), 3:0:0:1:1, 4:1:0:0:0, 3:1:0:0:1, 2:0:0:0:0, 4:0:0:0:1, 4:0:0:0:0, 6:0:0:0:1, 3:0:0:0:1, 3:0:0:0:1, 1:0:0:0:0, 3:0:1:0:2, 3:0:1:0:1, 3:0:0:0:1, 2:0:0:0:0, 4:0:0:0:1, 3:0:0:0:1, 4:0:0:1:1, 4:1:0:0:0, 3:1:0:0:1, 2:0:0:0:0, 3:1:0:0:0, 4:0:0:0:1, 1:0:0:0:0, 1:0:0:0:0, 3:0:0:0:0, 4:0:0:0:1, 4:0:0:1:2, 2:0:0:0:0, 4:1:0:0:0, 4:0:0:0:1, 3:0:0:0:0, 4:1:1:0:2, 2:0:1:0:1, 1:0:0:0:0, 4:0:0:0:1,  , 4:1:1:0:3, 3:1:0:0:0, 2:0:0:0:0, 2:0:0:0:1, 3:0:1:0:1, 1:0:0:0:0, 1:0:0:0:0, 3:1:0:0:0, 3:1:0:0:1, 4:0:0:0:1, 2:0:0:0:1, 5:0:1:0:2, 3:0:1:0:2, 3:1:0:0:1, 4:0:0:0:1,  , 4:0:0:0:1, 4:0:0:0:1, 2:0:0:0:1, 1:0:0:0:0, 6:0:1:1:3, 3:0:0:0:1, 2:0:0:0:1,  , 5:0:1:1:2, 3:0:0:1:1, 5:0:1:1:2, 5:0:0:0:0, 3:1:0:0:1, 3:1:0:0:0, 3:0:0:0:1,  , 4:1:1:0:3, 3:1:0:0:0, 4:0:0:0:1, 2:0:0:0:0, 3:0:1:0:1, 0:0:0:0:0, 3:0:0:0:0, 5:0:0:0:1, 3:0:0:0:0, 5:0:0:1:2, 2:0:1:0:2, 1:0:0:0:0, 2:0:0:0:0, 4:0:1:0:1, 4:1:0:0:0, 1:0:0:0:0, 3:0:0:0:1, 3:0:0:0:1, 1:0:0:0:0,  , 6:0:0:1:2, 3:0:0:0:1, 4:0:0:0:1, 6:0:0:1:2, 3:1:0:0:0, 3:0:0:0:1, 5:0:0:0:1, 3:0:0:0:1, 1:0:0:0:1, 287:18:15:10:75
Ab major (4b), 1:0:0:0:1, 1:0:0:0:1, 2:0:0:0:0, 2:0:0:0:1, 2:0:0:0:1, 2:0:1:0:1, 0:0:0:0:0, 2:0:0:0:1, 0:0:0:0:0, 2:0:1:0:0, 2:0:0:0:0, 3:0:0:0:1, 5:0:0:0:2, 2:0:0:0:1, 0:0:0:0:0, 2:0:1:0:0, 1:0:0:0:1, 1:0:0:0:1, 2:0:0:0:0, 0:0:0:0:0, 2:0:0:0:2, 1:0:0:0:1, 0:0:0:0:0, 0:0:0:0:0, 3:1:0:0:2, 3:0:1:0:0, 0:0:0:0:0, 3:0:0:0:2, 2:0:0:0:1, 0:0:0:0:0, 0:0:0:0:0, 2:0:1:0:0, 0:0:0:0:0, 0:0:0:0:0, 1:0:0:0:0,  , 2:0:0:0:0, 5:0:0:0:2, 0:0:0:0:0, 1:0:0:0:0, 2:0:0:0:1, 3:0:1:0:1, 0:0:0:0:0, 1:0:0:0:1, 2:0:0:0:0, 0:0:0:0:0, 0:0:0:0:0, 2:0:0:0:1, 1:0:1:0:0, 3:0:0:0:1, 1:0:0:0:0,  , 1:0:0:0:1, 1:0:0:0:1, 0:0:0:0:0, 3:0:1:0:1, 0:0:0:0:0, 1:0:0:0:1, 1:0:0:0:0,  , 1:0:0:0:1, 1:0:0:0:1, 0:0:0:0:0, 1:0:0:0:1, 1:0:0:0:1, 3:0:0:0:2, 1:0:0:0:0,  , 2:0:0:0:0, 5:0:0:0:2, 3:0:0:0:1, 3:0:1:0:1, 1:0:0:0:1, 1:0:0:0:1, 1:0:0:0:1, 1:0:1:0:0, 3:0:0:0:1, 2:0:0:0:1, 0:0:0:0:0, 3:0:0:0:1, 0:0:0:0:0, 0:0:0:0:0, 2:0:0:0:1, 1:0:0:0:0, 1:0:0:0:1, 0:0:0:0:0, 0:0:0:0:0,  , 2:0:0:0:1, 1:0:0:0:1, 0:0:0:0:0, 2:0:0:0:1, 3:0:0:0:2, 2:0:0:0:1, 2:0:0:0:1, 0:0:0:0:0, 0:0:0:0:0, 128:1:10:0:56
E major (4#), 3:0:0:1:1, 3:1:0:0:1, 3:0:0:0:0, 3:0:0:0:0, 3:0:0:0:0, 3:0:0:0:0, 5:0:0:0:0, 3:0:0:0:0, 2:0:0:0:0, 0:0:0:0:0, 4:0:1:0:1, 2:0:1:0:1, 4:0:0:0:0, 2:0:0:0:0, 3:0:0:0:0, 2:0:0:0:0, 4:0:0:1:1, 3:1:0:0:1, 3:0:0:0:0, 2:0:0:0:0, 3:1:0:0:1, 3:0:0:0:0, 1:0:0:0:0, 1:0:0:0:0, 4:0:0:0:0, 3:0:0:0:0, 4:0:0:1:1, 3:0:0:0:0, 3:1:0:0:1, 4:0:0:0:0, 2:0:0:0:0, 4:0:1:0:1, 1:0:1:0:1, 1:0:0:0:0, 5:0:0:0:0,  , 4:0:1:0:1, 4:1:0:0:1, 1:0:0:0:0, 1:0:0:0:0, 2:0:1:0:1, 0:0:0:0:0, 1:0:0:0:0, 2:1:0:0:1, 3:0:0:0:0, 4:0:0:0:0, 2:0:0:0:0, 4:0:1:0:1, 2:0:1:0:1, 3:0:0:0:0, 5:0:0:0:0,  , 4:0:0:0:0, 4:0:0:0:0, 2:0:0:0:0, 0:0:0:0:0, 5:0:1:1:2, 3:0:0:0:0, 3:0:0:0:0,  , 4:0:1:1:2, 3:0:0:1:1, 4:0:1:1:2, 4:0:0:0:0, 3:1:0:0:1, 2:1:0:0:1, 4:0:0:0:0,  , 4:0:1:0:1, 4:1:0:0:1, 3:0:0:0:0, 1:0:0:0:0, 2:0:1:0:1, 0:0:0:0:0, 2:0:0:0:0, 4:0:0:0:0, 2:0:0:0:0, 6:0:0:1:1, 2:0:1:0:1, 2:0:0:0:0, 1:0:0:0:0, 3:0:1:0:1, 3:1:0:0:1, 2:0:0:0:0, 3:0:0:0:0, 3:0:0:0:0, 1:0:0:0:0,  , 5:0:0:1:1, 3:0:0:0:0, 4:0:0:0:0, 5:0:0:1:1, 2:1:0:0:1, 4:0:0:0:0, 4:0:0:0:0, 2:0:0:0:0, 1:0:0:0:0, 260:11:15:10:36
F minor (4b), 1:0:0:0:1, 1:0:0:0:1, 2:0:0:0:0, 2:0:0:0:1, 2:0:0:0:1, 2:0:1:0:1, 0:0:0:0:0, 2:0:0:0:1, 0:0:0:0:0, 2:0:1:0:0, 2:0:0:0:0, 3:0:0:0:1, 5:0:0:0:2, 2:0:0:0:1, 0:0:0:0:0, 2:0:1:0:0, 1:0:0:0:1, 1:0:0:0:1, 2:0:0:0:0, 0:0:0:0:0, 2:0:0:0:2, 1:0:0:0:1, 0:0:0:0:0, 0:0:0:0:0, 3:1:0:0:2, 3:0:1:0:0, 0:0:0:0:0, 3:0:0:0:2, 2:0:0:0:1, 0:0:0:0:0, 0:0:0:0:0, 2:0:1:0:0, 0:0:0:0:0, 0:0:0:0:0, 1:0:0:0:0,  , 2:0:0:0:0, 5:0:0:0:2, 0:0:0:0:0, 1:0:0:0:0, 2:0:0:0:1, 3:0:1:0:1, 0:0:0:0:0, 1:0:0:0:1, 2:0:0:0:0, 0:0:0:0:0, 0:0:0:0:0, 2:0:0:0:1, 1:0:1:0:0, 3:0:0:0:1, 1:0:0:0:0,  , 1:0:0:0:1, 1:0:0:0:1, 0:0:0:0:0, 3:0:1:0:1, 0:0:0:0:0, 1:0:0:0:1, 1:0:0:0:0,  , 1:0:0:0:1, 1:0:0:0:1, 0:0:0:0:0, 1:0:0:0:1, 1:0:0:0:1, 3:0:0:0:2, 1:0:0:0:0,  , 2:0:0:0:0, 5:0:0:0:2, 3:0:0:0:1, 3:0:1:0:1, 1:0:0:0:1, 1:0:0:0:1, 1:0:0:0:1, 1:0:1:0:0, 3:0:0:0:1, 2:0:0:0:1, 0:0:0:0:0, 3:0:0:0:1, 0:0:0:0:0, 0:0:0:0:0, 2:0:0:0:1, 1:0:0:0:0, 1:0:0:0:1, 0:0:0:0:0, 0:0:0:0:0,  , 2:0:0:0:1, 1:0:0:0:1, 0:0:0:0:0, 2:0:0:0:1, 3:0:0:0:2, 2:0:0:0:1, 2:0:0:0:1, 0:0:0:0:0, 0:0:0:0:0, 128:1:10:0:56
C# minor (4#), 3:0:0:1:1, 3:1:0:0:1, 3:0:0:0:0, 3:0:0:0:0, 3:0:0:0:0, 3:0:0:0:0, 5:0:0:0:0, 3:0:0:0:0, 2:0:0:0:0, 0:0:0:0:0, 4:0:1:0:1, 2:0:1:0:1, 4:0:0:0:0, 2:0:0:0:0, 3:0:0:0:0, 2:0:0:0:0, 4:0:0:1:1, 3:1:0:0:1, 3:0:0:0:0, 2:0:0:0:0, 3:1:0:0:1, 3:0:0:0:0, 1:0:0:0:0, 1:0:0:0:0, 4:0:0:0:0, 3:0:0:0:0, 4:0:0:1:1, 3:0:0:0:0, 3:1:0:0:1, 4:0:0:0:0, 2:0:0:0:0, 4:0:1:0:1, 1:0:1:0:1, 1:0:0:0:0, 5:0:0:0:0,  , 4:0:1:0:1, 4:1:0:0:1, 1:0:0:0:0, 1:0:0:0:0, 2:0:1:0:1, 0:0:0:0:0, 1:0:0:0:0, 2:1:0:0:1, 3:0:0:0:0, 4:0:0:0:0, 2:0:0:0:0, 4:0:1:0:1, 2:0:1:0:1, 3:0:0:0:0, 5:0:0:0:0,  , 4:0:0:0:0, 4:0:0:0:0, 2:0:0:0:0, 0:0:0:0:0, 5:0:1:1:2, 3:0:0:0:0, 3:0:0:0:0,  , 4:0:1:1:2, 3:0:0:1:1, 4:0:1:1:2, 4:0:0:0:0, 3:1:0:0:1, 2:1:0:0:1, 4:0:0:0:0,  , 4:0:1:0:1, 4:1:0:0:1, 3:0:0:0:0, 1:0:0:0:0, 2:0:1:0:1, 0:0:0:0:0, 2:0:0:0:0, 4:0:0:0:0, 2:0:0:0:0, 6:0:0:1:1, 2:0:1:0:1, 2:0:0:0:0, 1:0:0:0:0, 3:0:1:0:1, 3:1:0:0:1, 2:0:0:0:0, 3:0:0:0:0, 3:0:0:0:0, 1:0:0:0:0,  , 5:0:0:1:1, 3:0:0:0:0, 4:0:0:0:0, 5:0:0:1:1, 2:1:0:0:1, 4:0:0:0:0, 4:0:0:0:0, 2:0:0:0:0, 1:0:0:0:0, 260:11:15:10:36
F minor mel (4b), 1:0:0:0:1, 1:0:0:0:1, 2:0:0:0:0, 2:0:0:0:1, 2:0:0:0:1, 2:0:1:0:1, 0:0:0:0:0, 2:0:0:0:1, 0:0:0:0:0, 2:0:1:0:0, 2:0:0:0:0, 3:0:0:0:1, 5:0:0:0:2, 2:0:0:0:1, 0:0:0:0:0, 2:0:1:0:0, 1:0:0:0:1, 1:0:0:0:1, 2:0:0:0:0, 0:0:0:0:0, 2:0:0:0:2, 1:0:0:0:1, 0:0:0:0:0, 0:0:0:0:0, 3:1:0:0:2, 3:0:1:0:0, 0:0:0:0:0, 3:0:0:0:2, 2:0:0:0:1, 0:0:0:0:0, 0:0:0:0:0, 2:0:1:0:0, 0:0:0:0:0, 0:0:0:0:0, 1:0:0:0:0,  , 2:0:0:0:0, 5:0:0:0:2, 0:0:0:0:0, 1:0:0:0:0, 2:0:0:0:1, 3:0:1:0:1, 0:0:0:0:0, 1:0:0:0:1, 2:0:0:0:0, 0:0:0:0:0, 0:0:0:0:0, 2:0:0:0:1, 1:0:1:0:0, 3:0:0:0:1, 1:0:0:0:0,  , 1:0:0:0:1, 1:0:0:0:1, 0:0:0:0:0, 3:0:1:0:1, 0:0:0:0:0, 1:0:0:0:1, 1:0:0:0:0,  , 1:0:0:0:1, 1:0:0:0:1, 0:0:0:0:0, 1:0:0:0:1, 1:0:0:0:1, 3:0:0:0:2, 1:0:0:0:0,  , 2:0:0:0:0, 5:0:0:0:2, 3:0:0:0:1, 3:0:1:0:1, 1:0:0:0:1, 1:0:0:0:1, 1:0:0:0:1, 1:0:1:0:0, 3:0:0:0:1, 2:0:0:0:1, 0:0:0:0:0, 3:0:0:0:1, 0:0:0:0:0, 0:0:0:0:0, 2:0:0:0:1, 1:0:0:0:0, 1:0:0:0:1, 0:0:0:0:0, 0:0:0:0:0,  , 2:0:0:0:1, 1:0:0:0:1, 0:0:0:0:0, 2:0:0:0:1, 3:0:0:0:2, 2:0:0:0:1, 2:0:0:0:1, 0:0:0:0:0, 0:0:0:0:0, 128:1:10:0:56
C# minor mel (4#), 3:0:0:1:1, 3:1:0:0:1, 3:0:0:0:0, 3:0:0:0:0, 3:0:0:0:0, 3:0:0:0:0, 5:0:0:0:0, 3:0:0:0:0, 2:0:0:0:0, 0:0:0:0:0, 4:0:1:0:1, 2:0:1:0:1, 4:0:0:0:0, 2:0:0:0:0, 3:0:0:0:0, 2:0:0:0:0, 4:0:0:1:1, 3:1:0:0:1, 3:0:0:0:0, 2:0:0:0:0, 3:1:0:0:1, 3:0:0:0:0, 1:0:0:0:0, 1:0:0:0:0, 4:0:0:0:0, 3:0:0:0:0, 4:0:0:1:1, 3:0:0:0:0, 3:1:0:0:1, 4:0:0:0:0, 2:0:0:0:0, 4:0:1:0:1, 1:0:1:0:1, 1:0:0:0:0, 5:0:0:0:0,  , 4:0:1:0:1, 4:1:0:0:1, 1:0:0:0:0, 1:0:0:0:0, 2:0:1:0:1, 0:0:0:0:0, 1:0:0:0:0, 2:1:0:0:1, 3:0:0:0:0, 4:0:0:0:0, 2:0:0:0:0, 4:0:1:0:1, 2:0:1:0:1, 3:0:0:0:0, 5:0:0:0:0,  , 4:0:0:0:0, 4:0:0:0:0, 2:0:0:0:0, 0:0:0:0:0, 5:0:1:1:2, 3:0:0:0:0, 3:0:0:0:0,  , 4:0:1:1:2, 3:0:0:1:1, 4:0:1:1:2, 4:0:0:0:0, 3:1:0:0:1, 2:1:0:0:1, 4:0:0:0:0,  , 4:0:1:0:1, 4:1:0:0:1, 3:0:0:0:0, 1:0:0:0:0, 2:0:1:0:1, 0:0:0:0:0, 2:0:0:0:0, 4:0:0:0:0, 2:0:0:0:0, 6:0:0:1:1, 2:0:1:0:1, 2:0:0:0:0, 1:0:0:0:0, 3:0:1:0:1, 3:1:0:0:1, 2:0:0:0:0, 3:0:0:0:0, 3:0:0:0:0, 1:0:0:0:0,  , 5:0:0:1:1, 3:0:0:0:0, 4:0:0:0:0, 5:0:0:1:1, 2:1:0:0:1, 4:0:0:0:0, 4:0:0:0:0, 2:0:0:0:0, 1:0:0:0:0, 260:11:15:10:36
Ab major blues (4b), 1:0:0:0:1, 1:0:0:0:1, 2:0:0:0:0, 2:0:0:0:1, 2:0:0:0:1, 2:0:1:0:1, 0:0:0:0:0, 2:0:0:0:1, 0:0:0:0:0, 2:0:1:0:0, 2:0:0:0:0, 3:0:0:0:1, 5:0:0:0:2, 2:0:0:0:1, 0:0:0:0:0, 2:0:1:0:0, 1:0:0:0:1, 1:0:0:0:1, 2:0:0:0:0, 0:0:0:0:0, 2:0:0:0:2, 1:0:0:0:1, 0:0:0:0:0, 0:0:0:0:0, 3:1:0:0:2, 3:0:1:0:0, 0:0:0:0:0, 3:0:0:0:2, 2:0:0:0:1, 0:0:0:0:0, 0:0:0:0:0, 2:0:1:0:0, 0:0:0:0:0, 0:0:0:0:0, 1:0:0:0:0,  , 2:0:0:0:0, 5:0:0:0:2, 0:0:0:0:0, 1:0:0:0:0, 2:0:0:0:1, 3:0:1:0:1, 0:0:0:0:0, 1:0:0:0:1, 2:0:0:0:0, 0:0:0:0:0, 0:0:0:0:0, 2:0:0:0:1, 1:0:1:0:0, 3:0:0:0:1, 1:0:0:0:0,  , 1:0:0:0:1, 1:0:0:0:1, 0:0:0:0:0, 3:0:1:0:1, 0:0:0:0:0, 1:0:0:0:1, 1:0:0:0:0,  , 1:0:0:0:1, 1:0:0:0:1, 0:0:0:0:0, 1:0:0:0:1, 1:0:0:0:1, 3:0:0:0:2, 1:0:0:0:0,  , 2:0:0:0:0, 5:0:0:0:2, 3:0:0:0:1, 3:0:1:0:1, 1:0:0:0:1, 1:0:0:0:1, 1:0:0:0:1, 1:0:1:0:0, 3:0:0:0:1, 2:0:0:0:1, 0:0:0:0:0, 3:0:0:0:1, 0:0:0:0:0, 0:0:0:0:0, 2:0:0:0:1, 1:0:0:0:0, 1:0:0:0:1, 0:0:0:0:0, 0:0:0:0:0,  , 2:0:0:0:1, 1:0:0:0:1, 0:0:0:0:0, 2:0:0:0:1, 3:0:0:0:2, 2:0:0:0:1, 2:0:0:0:1, 0:0:0:0:0, 0:0:0:0:0, 128:1:10:0:56
E major blues (4#), 3:0:0:1:1, 3:1:0:0:1, 3:0:0:0:0, 3:0:0:0:0, 3:0:0:0:0, 3:0:0:0:0, 5:0:0:0:0, 3:0:0:0:0, 2:0:0:0:0, 0:0:0:0:0, 4:0:1:0:1, 2:0:1:0:1, 4:0:0:0:0, 2:0:0:0:0, 3:0:0:0:0, 2:0:0:0:0, 4:0:0:1:1, 3:1:0:0:1, 3:0:0:0:0, 2:0:0:0:0, 3:1:0:0:1, 3:0:0:0:0, 1:0:0:0:0, 1:0:0:0:0, 4:0:0:0:0, 3:0:0:0:0, 4:0:0:1:1, 3:0:0:0:0, 3:1:0:0:1, 4:0:0:0:0, 2:0:0:0:0, 4:0:1:0:1, 1:0:1:0:1, 1:0:0:0:0, 5:0:0:0:0,  , 4:0:1:0:1, 4:1:0:0:1, 1:0:0:0:0, 1:0:0:0:0, 2:0:1:0:1, 0:0:0:0:0, 1:0:0:0:0, 2:1:0:0:1, 3:0:0:0:0, 4:0:0:0:0, 2:0:0:0:0, 4:0:1:0:1, 2:0:1:0:1, 3:0:0:0:0, 5:0:0:0:0,  , 4:0:0:0:0, 4:0:0:0:0, 2:0:0:0:0, 0:0:0:0:0, 5:0:1:1:2, 3:0:0:0:0, 3:0:0:0:0,  , 4:0:1:1:2, 3:0:0:1:1, 4:0:1:1:2, 4:0:0:0:0, 3:1:0:0:1, 2:1:0:0:1, 4:0:0:0:0,  , 4:0:1:0:1, 4:1:0:0:1, 3:0:0:0:0, 1:0:0:0:0, 2:0:1:0:1, 0:0:0:0:0, 2:0:0:0:0, 4:0:0:0:0, 2:0:0:0:0, 6:0:0:1:1, 2:0:1:0:1, 2:0:0:0:0, 1:0:0:0:0, 3:0:1:0:1, 3:1:0:0:1, 2:0:0:0:0, 3:0:0:0:0, 3:0:0:0:0, 1:0:0:0:0,  , 5:0:0:1:1, 3:0:0:0:0, 4:0:0:0:0, 5:0:0:1:1, 2:1:0:0:1, 4:0:0:0:0, 4:0:0:0:0, 2:0:0:0:0, 1:0:0:0:0, 260:11:15:10:36
F minor blues (4b), 1:0:0:0:1, 1:0:0:0:1, 2:0:0:0:0, 2:0:0:0:1, 2:0:0:0:1, 2:0:1:0:1, 0:0:0:0:0, 2:0:0:0:1, 0:0:0:0:0, 2:0:1:0:0, 2:0:0:0:0, 3:0:0:0:1, 5:0:0:0:2, 2:0:0:0:1, 0:0:0:0:0, 2:0:1:0:0, 1:0:0:0:1, 1:0:0:0:1, 2:0:0:0:0, 0:0:0:0:0, 2:0:0:0:2, 1:0:0:0:1, 0:0:0:0:0, 0:0:0:0:0, 3:1:0:0:2, 3:0:1:0:0, 0:0:0:0:0, 3:0:0:0:2, 2:0:0:0:1, 0:0:0:0:0, 0:0:0:0:0, 2:0:1:0:0, 0:0:0:0:0, 0:0:0:0:0, 1:0:0:0:0,  , 2:0:0:0:0, 5:0:0:0:2, 0:0:0:0:0, 1:0:0:0:0, 2:0:0:0:1, 3:0:1:0:1, 0:0:0:0:0, 1:0:0:0:1, 2:0:0:0:0, 0:0:0:0:0, 0:0:0:0:0, 2:0:0:0:1, 1:0:1:0:0, 3:0:0:0:1, 1:0:0:0:0,  , 1:0:0:0:1, 1:0:0:0:1, 0:0:0:0:0, 3:0:1:0:1, 0:0:0:0:0, 1:0:0:0:1, 1:0:0:0:0,  , 1:0:0:0:1, 1:0:0:0:1, 0:0:0:0:0, 1:0:0:0:1, 1:0:0:0:1, 3:0:0:0:2, 1:0:0:0:0,  , 2:0:0:0:0, 5:0:0:0:2, 3:0:0:0:1, 3:0:1:0:1, 1:0:0:0:1, 1:0:0:0:1, 1:0:0:0:1, 1:0:1:0:0, 3:0:0:0:1, 2:0:0:0:1, 0:0:0:0:0, 3:0:0:0:1, 0:0:0:0:0, 0:0:0:0:0, 2:0:0:0:1, 1:0:0:0:0, 1:0:0:0:1, 0:0:0:0:0, 0:0:0:0:0,  , 2:0:0:0:1, 1:0:0:0:1, 0:0:0:0:0, 2:0:0:0:1, 3:0:0:0:2, 2:0:0:0:1, 2:0:0:0:1, 0:0:0:0:0, 0:0:0:0:0, 128:1:10:0:56
C# minor blues (4#), 3:0:0:1:1, 3:1:0:0:1, 3:0:0:0:0, 3:0:0:0:0, 3:0:0:0:0, 3:0:0:0:0, 5:0:0:0:0, 3:0:0:0:0, 2:0:0:0:0, 0:0:0:0:0, 4:0:1:0:1, 2:0:1:0:1, 4:0:0:0:0, 2:0:0:0:0, 3:0:0:0:0, 2:0:0:0:0, 4:0:0:1:1, 3:1:0:0:1, 3:0:0:0:0, 2:0:0:0:0, 3:1:0:0:1, 3:0:0:0:0, 1:0:0:0:0, 1:0:0:0:0, 4:0:0:0:0, 3:0:0:0:0, 4:0:0:1:1, 3:0:0:0:0, 3:1:0:0:1, 4:0:0:0:0, 2:0:0:0:0, 4:0:1:0:1, 1:0:1:0:1, 1:0:0:0:0, 5:0:0:0:0,  , 4:0:1:0:1, 4:1:0:0:1, 1:0:0:0:0, 1:0:0:0:0, 2:0:1:0:1, 0:0:0:0:0, 1:0:0:0:0, 2:1:0:0:1, 3:0:0:0:0, 4:0:0:0:0, 2:0:0:0:0, 4:0:1:0:1, 2:0:1:0:1, 3:0:0:0:0, 5:0:0:0:0,  , 4:0:0:0:0, 4:0:0:0:0, 2:0:0:0:0, 0:0:0:0:0, 5:0:1:1:2, 3:0:0:0:0, 3:0:0:0:0,  , 4:0:1:1:2, 3:0:0:1:1, 4:0:1:1:2, 4:0:0:0:0, 3:1:0:0:1, 2:1:0:0:1, 4:0:0:0:0,  , 4:0:1:0:1, 4:1:0:0:1, 3:0:0:0:0, 1:0:0:0:0, 2:0:1:0:1, 0:0:0:0:0, 2:0:0:0:0, 4:0:0:0:0, 2:0:0:0:0, 6:0:0:1:1, 2:0:1:0:1, 2:0:0:0:0, 1:0:0:0:0, 3:0:1:0:1, 3:1:0:0:1, 2:0:0:0:0, 3:0:0:0:0, 3:0:0:0:0, 1:0:0:0:0,  , 5:0:0:1:1, 3:0:0:0:0, 4:0:0:0:0, 5:0:0:1:1, 2:1:0:0:1, 4:0:0:0:0, 4:0:0:0:0, 2:0:0:0:0, 1:0:0:0:0, 260:11:15:10:36
Ab dorian (4b), 1:0:0:0:1, 1:0:0:0:1, 2:0:0:0:0, 2:0:0:0:1, 2:0:0:0:1, 2:0:1:0:1, 0:0:0:0:0, 2:0:0:0:1, 0:0:0:0:0, 2:0:1:0:0, 2:0:0:0:0, 3:0:0:0:1, 5:0:0:0:2, 2:0:0:0:1, 0:0:0:0:0, 2:0:1:0:0, 1:0:0:0:1, 1:0:0:0:1, 2:0:0:0:0, 0:0:0:0:0, 2:0:0:0:2, 1:0:0:0:1, 0:0:0:0:0, 0:0:0:0:0, 3:1:0:0:2, 3:0:1:0:0, 0:0:0:0:0, 3:0:0:0:2, 2:0:0:0:1, 0:0:0:0:0, 0:0:0:0:0, 2:0:1:0:0, 0:0:0:0:0, 0:0:0:0:0, 1:0:0:0:0,  , 2:0:0:0:0, 5:0:0:0:2, 0:0:0:0:0, 1:0:0:0:0, 2:0:0:0:1, 3:0:1:0:1, 0:0:0:0:0, 1:0:0:0:1, 2:0:0:0:0, 0:0:0:0:0, 0:0:0:0:0, 2:0:0:0:1, 1:0:1:0:0, 3:0:0:0:1, 1:0:0:0:0,  , 1:0:0:0:1, 1:0:0:0:1, 0:0:0:0:0, 3:0:1:0:1, 0:0:0:0:0, 1:0:0:0:1, 1:0:0:0:0,  , 1:0:0:0:1, 1:0:0:0:1, 0:0:0:0:0, 1:0:0:0:1, 1:0:0:0:1, 3:0:0:0:2, 1:0:0:0:0,  , 2:0:0:0:0, 5:0:0:0:2, 3:0:0:0:1, 3:0:1:0:1, 1:0:0:0:1, 1:0:0:0:1, 1:0:0:0:1, 1:0:1:0:0, 3:0:0:0:1, 2:0:0:0:1, 0:0:0:0:0, 3:0:0:0:1, 0:0:0:0:0, 0:0:0:0:0, 2:0:0:0:1, 1:0:0:0:0, 1:0:0:0:1, 0:0:0:0:0, 0:0:0:0:0,  , 2:0:0:0:1, 1:0:0:0:1, 0:0:0:0:0, 2:0:0:0:1, 3:0:0:0:2, 2:0:0:0:1, 2:0:0:0:1, 0:0:0:0:0, 0:0:0:0:0, 128:1:10:0:56
E dorian (4#), 3:0:0:1:1, 3:1:0:0:1, 3:0:0:0:0, 3:0:0:0:0, 3:0:0:0:0, 3:0:0:0:0, 5:0:0:0:0, 3:0:0:0:0, 2:0:0:0:0, 0:0:0:0:0, 4:0:1:0:1, 2:0:1:0:1, 4:0:0:0:0, 2:0:0:0:0, 3:0:0:0:0, 2:0:0:0:0, 4:0:0:1:1, 3:1:0:0:1, 3:0:0:0:0, 2:0:0:0:0, 3:1:0:0:1, 3:0:0:0:0, 1:0:0:0:0, 1:0:0:0:0, 4:0:0:0:0, 3:0:0:0:0, 4:0:0:1:1, 3:0:0:0:0, 3:1:0:0:1, 4:0:0:0:0, 2:0:0:0:0, 4:0:1:0:1, 1:0:1:0:1, 1:0:0:0:0, 5:0:0:0:0,  , 4:0:1:0:1, 4:1:0:0:1, 1:0:0:0:0, 1:0:0:0:0, 2:0:1:0:1, 0:0:0:0:0, 1:0:0:0:0, 2:1:0:0:1, 3:0:0:0:0, 4:0:0:0:0, 2:0:0:0:0, 4:0:1:0:1, 2:0:1:0:1, 3:0:0:0:0, 5:0:0:0:0,  , 4:0:0:0:0, 4:0:0:0:0, 2:0:0:0:0, 0:0:0:0:0, 5:0:1:1:2, 3:0:0:0:0, 3:0:0:0:0,  , 4:0:1:1:2, 3:0:0:1:1, 4:0:1:1:2, 4:0:0:0:0, 3:1:0:0:1, 2:1:0:0:1, 4:0:0:0:0,  , 4:0:1:0:1, 4:1:0:0:1, 3:0:0:0:0, 1:0:0:0:0, 2:0:1:0:1, 0:0:0:0:0, 2:0:0:0:0, 4:0:0:0:0, 2:0:0:0:0, 6:0:0:1:1, 2:0:1:0:1, 2:0:0:0:0, 1:0:0:0:0, 3:0:1:0:1, 3:1:0:0:1, 2:0:0:0:0, 3:0:0:0:0, 3:0:0:0:0, 1:0:0:0:0,  , 5:0:0:1:1, 3:0:0:0:0, 4:0:0:0:0, 5:0:0:1:1, 2:1:0:0:1, 4:0:0:0:0, 4:0:0:0:0, 2:0:0:0:0, 1:0:0:0:0, 260:11:15:10:36
Ab phrygian (4b), 1:0:0:0:1, 1:0:0:0:1, 2:0:0:0:0, 2:0:0:0:1, 2:0:0:0:1, 2:0:1:0:1, 0:0:0:0:0, 2:0:0:0:1, 0:0:0:0:0, 2:0:1:0:0, 2:0:0:0:0, 3:0:0:0:1, 5:0:0:0:2, 2:0:0:0:1, 0:0:0:0:0, 2:0:1:0:0, 1:0:0:0:1, 1:0:0:0:1, 2:0:0:0:0, 0:0:0:0:0, 2:0:0:0:2, 1:0:0:0:1, 0:0:0:0:0, 0:0:0:0:0, 3:1:0:0:2, 3:0:1:0:0, 0:0:0:0:0, 3:0:0:0:2, 2:0:0:0:1, 0:0:0:0:0, 0:0:0:0:0, 2:0:1:0:0, 0:0:0:0:0, 0:0:0:0:0, 1:0:0:0:0,  , 2:0:0:0:0, 5:0:0:0:2, 0:0:0:0:0, 1:0:0:0:0, 2:0:0:0:1, 3:0:1:0:1, 0:0:0:0:0, 1:0:0:0:1, 2:0:0:0:0, 0:0:0:0:0, 0:0:0:0:0, 2:0:0:0:1, 1:0:1:0:0, 3:0:0:0:1, 1:0:0:0:0,  , 1:0:0:0:1, 1:0:0:0:1, 0:0:0:0:0, 3:0:1:0:1, 0:0:0:0:0, 1:0:0:0:1, 1:0:0:0:0,  , 1:0:0:0:1, 1:0:0:0:1, 0:0:0:0:0, 1:0:0:0:1, 1:0:0:0:1, 3:0:0:0:2, 1:0:0:0:0,  , 2:0:0:0:0, 5:0:0:0:2, 3:0:0:0:1, 3:0:1:0:1, 1:0:0:0:1, 1:0:0:0:1, 1:0:0:0:1, 1:0:1:0:0, 3:0:0:0:1, 2:0:0:0:1, 0:0:0:0:0, 3:0:0:0:1, 0:0:0:0:0, 0:0:0:0:0, 2:0:0:0:1, 1:0:0:0:0, 1:0:0:0:1, 0:0:0:0:0, 0:0:0:0:0,  , 2:0:0:0:1, 1:0:0:0:1, 0:0:0:0:0, 2:0:0:0:1, 3:0:0:0:2, 2:0:0:0:1, 2:0:0:0:1, 0:0:0:0:0, 0:0:0:0:0, 128:1:10:0:56
E phrygian (4#), 3:0:0:1:1, 3:1:0:0:1, 3:0:0:0:0, 3:0:0:0:0, 3:0:0:0:0, 3:0:0:0:0, 5:0:0:0:0, 3:0:0:0:0, 2:0:0:0:0, 0:0:0:0:0, 4:0:1:0:1, 2:0:1:0:1, 4:0:0:0:0, 2:0:0:0:0, 3:0:0:0:0, 2:0:0:0:0, 4:0:0:1:1, 3:1:0:0:1, 3:0:0:0:0, 2:0:0:0:0, 3:1:0:0:1, 3:0:0:0:0, 1:0:0:0:0, 1:0:0:0:0, 4:0:0:0:0, 3:0:0:0:0, 4:0:0:1:1, 3:0:0:0:0, 3:1:0:0:1, 4:0:0:0:0, 2:0:0:0:0, 4:0:1:0:1, 1:0:1:0:1, 1:0:0:0:0, 5:0:0:0:0,  , 4:0:1:0:1, 4:1:0:0:1, 1:0:0:0:0, 1:0:0:0:0, 2:0:1:0:1, 0:0:0:0:0, 1:0:0:0:0, 2:1:0:0:1, 3:0:0:0:0, 4:0:0:0:0, 2:0:0:0:0, 4:0:1:0:1, 2:0:1:0:1, 3:0:0:0:0, 5:0:0:0:0,  , 4:0:0:0:0, 4:0:0:0:0, 2:0:0:0:0, 0:0:0:0:0, 5:0:1:1:2, 3:0:0:0:0, 3:0:0:0:0,  , 4:0:1:1:2, 3:0:0:1:1, 4:0:1:1:2, 4:0:0:0:0, 3:1:0:0:1, 2:1:0:0:1, 4:0:0:0:0,  , 4:0:1:0:1, 4:1:0:0:1, 3:0:0:0:0, 1:0:0:0:0, 2:0:1:0:1, 0:0:0:0:0, 2:0:0:0:0, 4:0:0:0:0, 2:0:0:0:0, 6:0:0:1:1, 2:0:1:0:1, 2:0:0:0:0, 1:0:0:0:0, 3:0:1:0:1, 3:1:0:0:1, 2:0:0:0:0, 3:0:0:0:0, 3:0:0:0:0, 1:0:0:0:0,  , 5:0:0:1:1, 3:0:0:0:0, 4:0:0:0:0, 5:0:0:1:1, 2:1:0:0:1, 4:0:0:0:0, 4:0:0:0:0, 2:0:0:0:0, 1:0:0:0:0, 260:11:15:10:36
Ab lydian (4b), 1:0:0:0:1, 1:0:0:0:1, 2:0:0:0:0, 2:0:0:0:1, 2:0:0:0:1, 2:0:1:0:1, 0:0:0:0:0, 2:0:0:0:1, 0:0:0:0:0, 2:0:1:0:0, 2:0:0:0:0, 3:0:0:0:1, 5:0:0:0:2, 2:0:0:0:1, 0:0:0:0:0, 2:0:1:0:0, 1:0:0:0:1, 1:0:0:0:1, 2:0:0:0:0, 0:0:0:0:0, 2:0:0:0:2, 1:0:0:0:1, 0:0:0:0:0, 0:0:0:0:0, 3:1:0:0:2, 3:0:1:0:0, 0:0:0:0:0, 3:0:0:0:2, 2:0:0:0:1, 0:0:0:0:0, 0:0:0:0:0, 2:0:1:0:0, 0:0:0:0:0, 0:0:0:0:0, 1:0:0:0:0,  , 2:0:0:0:0, 5:0:0:0:2, 0:0:0:0:0, 1:0:0:0:0, 2:0:0:0:1, 3:0:1:0:1, 0:0:0:0:0, 1:0:0:0:1, 2:0:0:0:0, 0:0:0:0:0, 0:0:0:0:0, 2:0:0:0:1, 1:0:1:0:0, 3:0:0:0:1, 1:0:0:0:0,  , 1:0:0:0:1, 1:0:0:0:1, 0:0:0:0:0, 3:0:1:0:1, 0:0:0:0:0, 1:0:0:0:1, 1:0:0:0:0,  , 1:0:0:0:1, 1:0:0:0:1, 0:0:0:0:0, 1:0:0:0:1, 1:0:0:0:1, 3:0:0:0:2, 1:0:0:0:0,  , 2:0:0:0:0, 5:0:0:0:2, 3:0:0:0:1, 3:0:1:0:1, 1:0:0:0:1, 1:0:0:0:1, 1:0:0:0:1, 1:0:1:0:0, 3:0:0:0:1, 2:0:0:0:1, 0:0:0:0:0, 3:0:0:0:1, 0:0:0:0:0, 0:0:0:0:0, 2:0:0:0:1, 1:0:0:0:0, 1:0:0:0:1, 0:0:0:0:0, 0:0:0:0:0,  , 2:0:0:0:1, 1:0:0:0:1, 0:0:0:0:0, 2:0:0:0:1, 3:0:0:0:2, 2:0:0:0:1, 2:0:0:0:1, 0:0:0:0:0, 0:0:0:0:0, 128:1:10:0:56
E lydian (4#), 3:0:0:1:1, 3:1:0:0:1, 3:0:0:0:0, 3:0:0:0:0, 3:0:0:0:0, 3:0:0:0:0, 5:0:0:0:0, 3:0:0:0:0, 2:0:0:0:0, 0:0:0:0:0, 4:0:1:0:1, 2:0:1:0:1, 4:0:0:0:0, 2:0:0:0:0, 3:0:0:0:0, 2:0:0:0:0, 4:0:0:1:1, 3:1:0:0:1, 3:0:0:0:0, 2:0:0:0:0, 3:1:0:0:1, 3:0:0:0:0, 1:0:0:0:0, 1:0:0:0:0, 4:0:0:0:0, 3:0:0:0:0, 4:0:0:1:1, 3:0:0:0:0, 3:1:0:0:1, 4:0:0:0:0, 2:0:0:0:0, 4:0:1:0:1, 1:0:1:0:1, 1:0:0:0:0, 5:0:0:0:0,  , 4:0:1:0:1, 4:1:0:0:1, 1:0:0:0:0, 1:0:0:0:0, 2:0:1:0:1, 0:0:0:0:0, 1:0:0:0:0, 2:1:0:0:1, 3:0:0:0:0, 4:0:0:0:0, 2:0:0:0:0, 4:0:1:0:1, 2:0:1:0:1, 3:0:0:0:0, 5:0:0:0:0,  , 4:0:0:0:0, 4:0:0:0:0, 2:0:0:0:0, 0:0:0:0:0, 5:0:1:1:2, 3:0:0:0:0, 3:0:0:0:0,  , 4:0:1:1:2, 3:0:0:1:1, 4:0:1:1:2, 4:0:0:0:0, 3:1:0:0:1, 2:1:0:0:1, 4:0:0:0:0,  , 4:0:1:0:1, 4:1:0:0:1, 3:0:0:0:0, 1:0:0:0:0, 2:0:1:0:1, 0:0:0:0:0, 2:0:0:0:0, 4:0:0:0:0, 2:0:0:0:0, 6:0:0:1:1, 2:0:1:0:1, 2:0:0:0:0, 1:0:0:0:0, 3:0:1:0:1, 3:1:0:0:1, 2:0:0:0:0, 3:0:0:0:0, 3:0:0:0:0, 1:0:0:0:0,  , 5:0:0:1:1, 3:0:0:0:0, 4:0:0:0:0, 5:0:0:1:1, 2:1:0:0:1, 4:0:0:0:0, 4:0:0:0:0, 2:0:0:0:0, 1:0:0:0:0, 260:11:15:10:36
Ab mixolydian (4b), 1:0:0:0:1, 1:0:0:0:1, 2:0:0:0:0, 2:0:0:0:1, 2:0:0:0:1, 2:0:1:0:1, 0:0:0:0:0, 2:0:0:0:1, 0:0:0:0:0, 2:0:1:0:0, 2:0:0:0:0, 3:0:0:0:1, 5:0:0:0:2, 2:0:0:0:1, 0:0:0:0:0, 2:0:1:0:0, 1:0:0:0:1, 1:0:0:0:1, 2:0:0:0:0, 0:0:0:0:0, 2:0:0:0:2, 1:0:0:0:1, 0:0:0:0:0, 0:0:0:0:0, 3:1:0:0:2, 3:0:1:0:0, 0:0:0:0:0, 3:0:0:0:2, 2:0:0:0:1, 0:0:0:0:0, 0:0:0:0:0, 2:0:1:0:0, 0:0:0:0:0, 0:0:0:0:0, 1:0:0:0:0,  , 2:0:0:0:0, 5:0:0:0:2, 0:0:0:0:0, 1:0:0:0:0, 2:0:0:0:1, 3:0:1:0:1, 0:0:0:0:0, 1:0:0:0:1, 2:0:0:0:0, 0:0:0:0:0, 0:0:0:0:0, 2:0:0:0:1, 1:0:1:0:0, 3:0:0:0:1, 1:0:0:0:0,  , 1:0:0:0:1, 1:0:0:0:1, 0:0:0:0:0, 3:0:1:0:1, 0:0:0:0:0, 1:0:0:0:1, 1:0:0:0:0,  , 1:0:0:0:1, 1:0:0:0:1, 0:0:0:0:0, 1:0:0:0:1, 1:0:0:0:1, 3:0:0:0:2, 1:0:0:0:0,  , 2:0:0:0:0, 5:0:0:0:2, 3:0:0:0:1, 3:0:1:0:1, 1:0:0:0:1, 1:0:0:0:1, 1:0:0:0:1, 1:0:1:0:0, 3:0:0:0:1, 2:0:0:0:1, 0:0:0:0:0, 3:0:0:0:1, 0:0:0:0:0, 0:0:0:0:0, 2:0:0:0:1, 1:0:0:0:0, 1:0:0:0:1, 0:0:0:0:0, 0:0:0:0:0,  , 2:0:0:0:1, 1:0:0:0:1, 0:0:0:0:0, 2:0:0:0:1, 3:0:0:0:2, 2:0:0:0:1, 2:0:0:0:1, 0:0:0:0:0, 0:0:0:0:0, 128:1:10:0:56
E mixolydian (4#), 3:0:0:1:1, 3:1:0:0:1, 3:0:0:0:0, 3:0:0:0:0, 3:0:0:0:0, 3:0:0:0:0, 5:0:0:0:0, 3:0:0:0:0, 2:0:0:0:0, 0:0:0:0:0, 4:0:1:0:1, 2:0:1:0:1, 4:0:0:0:0, 2:0:0:0:0, 3:0:0:0:0, 2:0:0:0:0, 4:0:0:1:1, 3:1:0:0:1, 3:0:0:0:0, 2:0:0:0:0, 3:1:0:0:1, 3:0:0:0:0, 1:0:0:0:0, 1:0:0:0:0, 4:0:0:0:0, 3:0:0:0:0, 4:0:0:1:1, 3:0:0:0:0, 3:1:0:0:1, 4:0:0:0:0, 2:0:0:0:0, 4:0:1:0:1, 1:0:1:0:1, 1:0:0:0:0, 5:0:0:0:0,  , 4:0:1:0:1, 4:1:0:0:1, 1:0:0:0:0, 1:0:0:0:0, 2:0:1:0:1, 0:0:0:0:0, 1:0:0:0:0, 2:1:0:0:1, 3:0:0:0:0, 4:0:0:0:0, 2:0:0:0:0, 4:0:1:0:1, 2:0:1:0:1, 3:0:0:0:0, 5:0:0:0:0,  , 4:0:0:0:0, 4:0:0:0:0, 2:0:0:0:0, 0:0:0:0:0, 5:0:1:1:2, 3:0:0:0:0, 3:0:0:0:0,  , 4:0:1:1:2, 3:0:0:1:1, 4:0:1:1:2, 4:0:0:0:0, 3:1:0:0:1, 2:1:0:0:1, 4:0:0:0:0,  , 4:0:1:0:1, 4:1:0:0:1, 3:0:0:0:0, 1:0:0:0:0, 2:0:1:0:1, 0:0:0:0:0, 2:0:0:0:0, 4:0:0:0:0, 2:0:0:0:0, 6:0:0:1:1, 2:0:1:0:1, 2:0:0:0:0, 1:0:0:0:0, 3:0:1:0:1, 3:1:0:0:1, 2:0:0:0:0, 3:0:0:0:0, 3:0:0:0:0, 1:0:0:0:0,  , 5:0:0:1:1, 3:0:0:0:0, 4:0:0:0:0, 5:0:0:1:1, 2:1:0:0:1, 4:0:0:0:0, 4:0:0:0:0, 2:0:0:0:0, 1:0:0:0:0, 260:11:15:10:36
Ab aeolian (4b), 1:0:0:0:1, 1:0:0:0:1, 2:0:0:0:0, 2:0:0:0:1, 2:0:0:0:1, 2:0:1:0:1, 0:0:0:0:0, 2:0:0:0:1, 0:0:0:0:0, 2:0:1:0:0, 2:0:0:0:0, 3:0:0:0:1, 5:0:0:0:2, 2:0:0:0:1, 0:0:0:0:0, 2:0:1:0:0, 1:0:0:0:1, 1:0:0:0:1, 2:0:0:0:0, 0:0:0:0:0, 2:0:0:0:2, 1:0:0:0:1, 0:0:0:0:0, 0:0:0:0:0, 3:1:0:0:2, 3:0:1:0:0, 0:0:0:0:0, 3:0:0:0:2, 2:0:0:0:1, 0:0:0:0:0, 0:0:0:0:0, 2:0:1:0:0, 0:0:0:0:0, 0:0:0:0:0, 1:0:0:0:0,  , 2:0:0:0:0, 5:0:0:0:2, 0:0:0:0:0, 1:0:0:0:0, 2:0:0:0:1, 3:0:1:0:1, 0:0:0:0:0, 1:0:0:0:1, 2:0:0:0:0, 0:0:0:0:0, 0:0:0:0:0, 2:0:0:0:1, 1:0:1:0:0, 3:0:0:0:1, 1:0:0:0:0,  , 1:0:0:0:1, 1:0:0:0:1, 0:0:0:0:0, 3:0:1:0:1, 0:0:0:0:0, 1:0:0:0:1, 1:0:0:0:0,  , 1:0:0:0:1, 1:0:0:0:1, 0:0:0:0:0, 1:0:0:0:1, 1:0:0:0:1, 3:0:0:0:2, 1:0:0:0:0,  , 2:0:0:0:0, 5:0:0:0:2, 3:0:0:0:1, 3:0:1:0:1, 1:0:0:0:1, 1:0:0:0:1, 1:0:0:0:1, 1:0:1:0:0, 3:0:0:0:1, 2:0:0:0:1, 0:0:0:0:0, 3:0:0:0:1, 0:0:0:0:0, 0:0:0:0:0, 2:0:0:0:1, 1:0:0:0:0, 1:0:0:0:1, 0:0:0:0:0, 0:0:0:0:0,  , 2:0:0:0:1, 1:0:0:0:1, 0:0:0:0:0, 2:0:0:0:1, 3:0:0:0:2, 2:0:0:0:1, 2:0:0:0:1, 0:0:0:0:0, 0:0:0:0:0, 128:1:10:0:56
E aeolian (4#), 3:0:0:1:1, 3:1:0:0:1, 3:0:0:0:0, 3:0:0:0:0, 3:0:0:0:0, 3:0:0:0:0, 5:0:0:0:0, 3:0:0:0:0, 2:0:0:0:0, 0:0:0:0:0, 4:0:1:0:1, 2:0:1:0:1, 4:0:0:0:0, 2:0:0:0:0, 3:0:0:0:0, 2:0:0:0:0, 4:0:0:1:1, 3:1:0:0:1, 3:0:0:0:0, 2:0:0:0:0, 3:1:0:0:1, 3:0:0:0:0, 1:0:0:0:0, 1:0:0:0:0, 4:0:0:0:0, 3:0:0:0:0, 4:0:0:1:1, 3:0:0:0:0, 3:1:0:0:1, 4:0:0:0:0, 2:0:0:0:0, 4:0:1:0:1, 1:0:1:0:1, 1:0:0:0:0, 5:0:0:0:0,  , 4:0:1:0:1, 4:1:0:0:1, 1:0:0:0:0, 1:0:0:0:0, 2:0:1:0:1, 0:0:0:0:0, 1:0:0:0:0, 2:1:0:0:1, 3:0:0:0:0, 4:0:0:0:0, 2:0:0:0:0, 4:0:1:0:1, 2:0:1:0:1, 3:0:0:0:0, 5:0:0:0:0,  , 4:0:0:0:0, 4:0:0:0:0, 2:0:0:0:0, 0:0:0:0:0, 5:0:1:1:2, 3:0:0:0:0, 3:0:0:0:0,  , 4:0:1:1:2, 3:0:0:1:1, 4:0:1:1:2, 4:0:0:0:0, 3:1:0:0:1, 2:1:0:0:1, 4:0:0:0:0,  , 4:0:1:0:1, 4:1:0:0:1, 3:0:0:0:0, 1:0:0:0:0, 2:0:1:0:1, 0:0:0:0:0, 2:0:0:0:0, 4:0:0:0:0, 2:0:0:0:0, 6:0:0:1:1, 2:0:1:0:1, 2:0:0:0:0, 1:0:0:0:0, 3:0:1:0:1, 3:1:0:0:1, 2:0:0:0:0, 3:0:0:0:0, 3:0:0:0:0, 1:0:0:0:0,  , 5:0:0:1:1, 3:0:0:0:0, 4:0:0:0:0, 5:0:0:1:1, 2:1:0:0:1, 4:0:0:0:0, 4:0:0:0:0, 2:0:0:0:0, 1:0:0:0:0, 260:11:15:10:36
Ab locrian (4b), 1:0:0:0:1, 1:0:0:0:1, 2:0:0:0:0, 2:0:0:0:1, 2:0:0:0:1, 2:0:1:0:1, 0:0:0:0:0, 2:0:0:0:1, 0:0:0:0:0, 2:0:1:0:0, 2:0:0:0:0, 3:0:0:0:1, 5:0:0:0:2, 2:0:0:0:1, 0:0:0:0:0, 2:0:1:0:0, 1:0:0:0:1, 1:0:0:0:1, 2:0:0:0:0, 0:0:0:0:0, 2:0:0:0:2, 1:0:0:0:1, 0:0:0:0:0, 0:0:0:0:0, 3:1:0:0:2, 3:0:1:0:0, 0:0:0:0:0, 3:0:0:0:2, 2:0:0:0:1, 0:0:0:0:0, 0:0:0:0:0, 2:0:1:0:0, 0:0:0:0:0, 0:0:0:0:0, 1:0:0:0:0,  , 2:0:0:0:0, 5:0:0:0:2, 0:0:0:0:0, 1:0:0:0:0, 2:0:0:0:1, 3:0:1:0:1, 0:0:0:0:0, 1:0:0:0:1, 2:0:0:0:0, 0:0:0:0:0, 0:0:0:0:0, 2:0:0:0:1, 1:0:1:0:0, 3:0:0:0:1, 1:0:0:0:0,  , 1:0:0:0:1, 1:0:0:0:1, 0:0:0:0:0, 3:0:1:0:1, 0:0:0:0:0, 1:0:0:0:1, 1:0:0:0:0,  , 1:0:0:0:1, 1:0:0:0:1, 0:0:0:0:0, 1:0:0:0:1, 1:0:0:0:1, 3:0:0:0:2, 1:0:0:0:0,  , 2:0:0:0:0, 5:0:0:0:2, 3:0:0:0:1, 3:0:1:0:1, 1:0:0:0:1, 1:0:0:0:1, 1:0:0:0:1, 1:0:1:0:0, 3:0:0:0:1, 2:0:0:0:1, 0:0:0:0:0, 3:0:0:0:1, 0:0:0:0:0, 0:0:0:0:0, 2:0:0:0:1, 1:0:0:0:0, 1:0:0:0:1, 0:0:0:0:0, 0:0:0:0:0,  , 2:0:0:0:1, 1:0:0:0:1, 0:0:0:0:0, 2:0:0:0:1, 3:0:0:0:2, 2:0:0:0:1, 2:0:0:0:1, 0:0:0:0:0, 0:0:0:0:0, 128:1:10:0:56
E locrian (4#), 3:0:0:1:1, 3:1:0:0:1, 3:0:0:0:0, 3:0:0:0:0, 3:0:0:0:0, 3:0:0:0:0, 5:0:0:0:0, 3:0:0:0:0, 2:0:0:0:0, 0:0:0:0:0, 4:0:1:0:1, 2:0:1:0:1, 4:0:0:0:0, 2:0:0:0:0, 3:0:0:0:0, 2:0:0:0:0, 4:0:0:1:1, 3:1:0:0:1, 3:0:0:0:0, 2:0:0:0:0, 3:1:0:0:1, 3:0:0:0:0, 1:0:0:0:0, 1:0:0:0:0, 4:0:0:0:0, 3:0:0:0:0, 4:0:0:1:1, 3:0:0:0:0, 3:1:0:0:1, 4:0:0:0:0, 2:0:0:0:0, 4:0:1:0:1, 1:0:1:0:1, 1:0:0:0:0, 5:0:0:0:0,  , 4:0:1:0:1, 4:1:0:0:1, 1:0:0:0:0, 1:0:0:0:0, 2:0:1:0:1, 0:0:0:0:0, 1:0:0:0:0, 2:1:0:0:1, 3:0:0:0:0, 4:0:0:0:0, 2:0:0:0:0, 4:0:1:0:1, 2:0:1:0:1, 3:0:0:0:0, 5:0:0:0:0,  , 4:0:0:0:0, 4:0:0:0:0, 2:0:0:0:0, 0:0:0:0:0, 5:0:1:1:2, 3:0:0:0:0, 3:0:0:0:0,  , 4:0:1:1:2, 3:0:0:1:1, 4:0:1:1:2, 4:0:0:0:0, 3:1:0:0:1, 2:1:0:0:1, 4:0:0:0:0,  , 4:0:1:0:1, 4:1:0:0:1, 3:0:0:0:0, 1:0:0:0:0, 2:0:1:0:1, 0:0:0:0:0, 2:0:0:0:0, 4:0:0:0:0, 2:0:0:0:0, 6:0:0:1:1, 2:0:1:0:1, 2:0:0:0:0, 1:0:0:0:0, 3:0:1:0:1, 3:1:0:0:1, 2:0:0:0:0, 3:0:0:0:0, 3:0:0:0:0, 1:0:0:0:0,  , 5:0:0:1:1, 3:0:0:0:0, 4:0:0:0:0, 5:0:0:1:1, 2:1:0:0:1, 4:0:0:0:0, 4:0:0:0:0, 2:0:0:0:0, 1:0:0:0:0, 260:11:15:10:36
Db major (5b), 2:0:0:0:1, 1:0:0:0:1, 1:0:0:0:1, 3:0:0:0:2, 2:0:0:0:1, 2:0:1:0:1, 1:0:0:0:0, 1:0:0:0:1, 0:0:0:0:0, 1:0:1:0:0, 2:0:0:0:1, 2:0:0:0:1, 5:0:0:0:3, 3:0:0:0:1, 0:0:0:0:0, 3:0:1:0:0, 2:0:0:0:1, 1:0:0:0:1, 1:0:0:0:1, 1:0:0:0:0, 3:0:0:0:2, 2:0:0:0:1, 0:0:0:0:0, 1:0:0:0:0, 3:1:0:0:3, 3:0:1:0:1, 1:0:0:0:0, 4:0:0:0:3, 1:0:0:0:1, 1:0:0:0:0, 1:0:0:0:0, 3:0:1:0:1, 0:0:0:0:0, 0:0:0:0:0, 2:0:0:0:1,  , 2:0:0:0:1, 6:0:0:0:3, 0:0:0:0:0, 0:0:0:0:0, 2:0:0:0:1, 2:0:1:0:1, 0:0:0:0:0, 1:0:0:0:1, 1:0:0:0:1, 1:0:0:0:0, 0:0:0:0:0, 3:0:0:0:1, 1:0:1:0:0, 2:0:0:0:2, 2:0:0:0:1,  , 2:0:0:0:1, 2:0:0:0:1, 0:0:0:0:0, 2:0:1:0:1, 1:0:0:0:0, 2:0:0:0:1, 1:0:0:0:1,  , 2:0:0:0:1, 2:0:0:0:1, 1:0:0:0:0, 2:0:0:0:1, 2:0:0:0:1, 2:0:0:0:2, 1:0:0:0:1,  , 2:0:0:0:1, 6:0:0:0:3, 4:0:0:0:1, 2:0:1:0:1, 1:0:0:0:1, 1:0:0:0:1, 2:0:0:0:1, 2:0:1:0:0, 2:0:0:0:1, 3:0:0:0:2, 0:0:0:0:0, 2:0:0:0:2, 0:0:0:0:0, 1:0:0:0:0, 1:0:0:0:1, 2:0:0:0:1, 2:0:0:0:1, 1:0:0:0:0, 0:0:0:0:0,  , 3:0:0:0:1, 2:0:0:0:1, 1:0:0:0:0, 3:0:0:0:1, 2:0:0:0:2, 3:0:0:0:2, 3:0:0:0:1, 0:0:0:0:0, 0:0:0:0:0, 155:1:10:0:79
B major (5#), 3:0:0:1:2, 3:0:0:0:1, 3:0:0:0:1, 3:0:0:0:1, 4:0:0:0:1, 3:0:0:0:1, 4:0:0:0:1, 2:0:0:0:1, 1:0:0:0:0, 0:0:0:0:0, 3:0:1:0:1, 3:0:1:0:0, 5:0:0:0:0, 2:0:0:0:1, 2:0:0:0:1, 1:0:0:0:0, 4:0:0:1:2, 3:0:0:0:1, 3:0:0:0:1, 2:0:0:0:1, 4:1:0:0:2, 2:0:0:0:0, 1:0:0:0:1, 1:0:0:0:0, 4:0:0:0:0, 2:0:0:0:0, 3:0:0:1:2, 3:0:0:0:1, 3:0:0:0:1, 3:0:0:0:1, 2:0:0:0:1, 4:0:1:0:2, 1:0:1:0:1, 1:0:0:0:0, 4:0:0:0:1,  , 3:0:1:0:2, 4:0:0:0:1, 1:0:0:0:0, 0:0:0:0:0, 2:0:1:0:2, 0:0:0:0:0, 1:0:0:0:0, 2:0:0:0:0, 3:0:0:0:1, 3:0:0:0:1, 1:0:0:0:1, 3:0:1:0:0, 1:0:1:0:1, 4:0:0:0:1, 4:0:0:0:1,  , 3:0:0:0:1, 3:0:0:0:1, 1:0:0:0:0, 0:0:0:0:0, 4:0:1:1:1, 2:0:0:0:0, 2:0:0:0:1,  , 4:0:1:1:1, 3:0:0:1:2, 4:0:1:1:1, 4:0:0:0:1, 3:1:0:0:2, 2:0:0:0:0, 3:0:0:0:1,  , 3:0:1:0:2, 4:0:0:0:1, 2:0:0:0:0, 1:0:0:0:0, 2:0:1:0:2, 0:0:0:0:0, 2:0:0:0:0, 3:0:0:0:1, 3:0:0:0:1, 7:0:0:1:2, 1:0:1:0:1, 2:0:0:0:1, 1:0:0:0:0, 3:0:1:0:2, 4:0:0:0:1, 2:0:0:0:0, 2:0:0:0:1, 2:0:0:0:0, 1:0:0:0:1,  , 4:0:0:1:2, 2:0:0:0:0, 3:0:0:0:1, 4:0:0:1:2, 2:0:0:0:0, 3:0:0:0:1, 3:0:0:0:0, 1:0:0:0:0, 0:0:0:0:0, 229:2:15:10:75
Bb minor (5b), 2:0:0:0:1, 1:0:0:0:1, 1:0:0:0:1, 3:0:0:0:2, 2:0:0:0:1, 2:0:1:0:1, 1:0:0:0:0, 1:0:0:0:1, 0:0:0:0:0, 1:0:1:0:0, 2:0:0:0:1, 2:0:0:0:1, 5:0:0:0:3, 3:0:0:0:1, 0:0:0:0:0, 3:0:1:0:0, 2:0:0:0:1, 1:0:0:0:1, 1:0:0:0:1, 1:0:0:0:0, 3:0:0:0:2, 2:0:0:0:1, 0:0:0:0:0, 1:0:0:0:0, 3:1:0:0:3, 3:0:1:0:1, 1:0:0:0:0, 4:0:0:0:3, 1:0:0:0:1, 1:0:0:0:0, 1:0:0:0:0, 3:0:1:0:1, 0:0:0:0:0, 0:0:0:0:0, 2:0:0:0:1,  , 2:0:0:0:1, 6:0:0:0:3, 0:0:0:0:0, 0:0:0:0:0, 2:0:0:0:1, 2:0:1:0:1, 0:0:0:0:0, 1:0:0:0:1, 1:0:0:0:1, 1:0:0:0:0, 0:0:0:0:0, 3:0:0:0:1, 1:0:1:0:0, 2:0:0:0:2, 2:0:0:0:1,  , 2:0:0:0:1, 2:0:0:0:1, 0:0:0:0:0, 2:0:1:0:1, 1:0:0:0:0, 2:0:0:0:1, 1:0:0:0:1,  , 2:0:0:0:1, 2:0:0:0:1, 1:0:0:0:0, 2:0:0:0:1, 2:0:0:0:1, 2:0:0:0:2, 1:0:0:0:1,  , 2:0:0:0:1, 6:0:0:0:3, 4:0:0:0:1, 2:0:1:0:1, 1:0:0:0:1, 1:0:0:0:1, 2:0:0:0:1, 2:0:1:0:0, 2:0:0:0:1, 3:0:0:0:2, 0:0:0:0:0, 2:0:0:0:2, 0:0:0:0:0, 1:0:0:0:0, 1:0:0:0:1, 2:0:0:0:1, 2:0:0:0:1, 1:0:0:0:0, 0:0:0:0:0,  , 3:0:0:0:1, 2:0:0:0:1, 1:0:0:0:0, 3:0:0:0:1, 2:0:0:0:2, 3:0:0:0:2, 3:0:0:0:1, 0:0:0:0:0, 0:0:0:0:0, 155:1:10:0:79
G# minor (5#), 3:0:0:1:2, 3:0:0:0:1, 3:0:0:0:1, 3:0:0:0:1, 4:0:0:0:1, 3:0:0:0:1, 4:0:0:0:1, 2:0:0:0:1, 1:0:0:0:0, 0:0:0:0:0, 3:0:1:0:1, 3:0:1:0:0, 5:0:0:0:0, 2:0:0:0:1, 2:0:0:0:1, 1:0:0:0:0, 4:0:0:1:2, 3:0:0:0:1, 3:0:0:0:1, 2:0:0:0:1, 4:1:0:0:2, 2:0:0:0:0, 1:0:0:0:1, 1:0:0:0:0, 4:0:0:0:0, 2:0:0:0:0, 3:0:0:1:2, 3:0:0:0:1, 3:0:0:0:1, 3:0:0:0:1, 2:0:0:0:1, 4:0:1:0:2, 1:0:1:0:1, 1:0:0:0:0, 4:0:0:0:1,  , 3:0:1:0:2, 4:0:0:0:1, 1:0:0:0:0, 0:0:0:0:0, 2:0:1:0:2, 0:0:0:0:0, 1:0:0:0:0, 2:0:0:0:0, 3:0:0:0:1, 3:0:0:0:1, 1:0:0:0:1, 3:0:1:0:0, 1:0:1:0:1, 4:0:0:0:1, 4:0:0:0:1,  , 3:0:0:0:1, 3:0:0:0:1, 1:0:0:0:0, 0:0:0:0:0, 4:0:1:1:1, 2:0:0:0:0, 2:0:0:0:1,  , 4:0:1:1:1, 3:0:0:1:2, 4:0:1:1:1, 4:0:0:0:1, 3:1:0:0:2, 2:0:0:0:0, 3:0:0:0:1,  , 3:0:1:0:2, 4:0:0:0:1, 2:0:0:0:0, 1:0:0:0:0, 2:0:1:0:2, 0:0:0:0:0, 2:0:0:0:0, 3:0:0:0:1, 3:0:0:0:1, 7:0:0:1:2, 1:0:1:0:1, 2:0:0:0:1, 1:0:0:0:0, 3:0:1:0:2, 4:0:0:0:1, 2:0:0:0:0, 2:0:0:0:1, 2:0:0:0:0, 1:0:0:0:1,  , 4:0:0:1:2, 2:0:0:0:0, 3:0:0:0:1, 4:0:0:1:2, 2:0:0:0:0, 3:0:0:0:1, 3:0:0:0:0, 1:0:0:0:0, 0:0:0:0:0, 229:2:15:10:75
Bb minor mel (5b), 2:0:0:0:1, 1:0:0:0:1, 1:0:0:0:1, 3:0:0:0:2, 2:0:0:0:1, 2:0:1:0:1, 1:0:0:0:0, 1:0:0:0:1, 0:0:0:0:0, 1:0:1:0:0, 2:0:0:0:1, 2:0:0:0:1, 5:0:0:0:3, 3:0:0:0:1, 0:0:0:0:0, 3:0:1:0:0, 2:0:0:0:1, 1:0:0:0:1, 1:0:0:0:1, 1:0:0:0:0, 3:0:0:0:2, 2:0:0:0:1, 0:0:0:0:0, 1:0:0:0:0, 3:1:0:0:3, 3:0:1:0:1, 1:0:0:0:0, 4:0:0:0:3, 1:0:0:0:1, 1:0:0:0:0, 1:0:0:0:0, 3:0:1:0:1, 0:0:0:0:0, 0:0:0:0:0, 2:0:0:0:1,  , 2:0:0:0:1, 6:0:0:0:3, 0:0:0:0:0, 0:0:0:0:0, 2:0:0:0:1, 2:0:1:0:1, 0:0:0:0:0, 1:0:0:0:1, 1:0:0:0:1, 1:0:0:0:0, 0:0:0:0:0, 3:0:0:0:1, 1:0:1:0:0, 2:0:0:0:2, 2:0:0:0:1,  , 2:0:0:0:1, 2:0:0:0:1, 0:0:0:0:0, 2:0:1:0:1, 1:0:0:0:0, 2:0:0:0:1, 1:0:0:0:1,  , 2:0:0:0:1, 2:0:0:0:1, 1:0:0:0:0, 2:0:0:0:1, 2:0:0:0:1, 2:0:0:0:2, 1:0:0:0:1,  , 2:0:0:0:1, 6:0:0:0:3, 4:0:0:0:1, 2:0:1:0:1, 1:0:0:0:1, 1:0:0:0:1, 2:0:0:0:1, 2:0:1:0:0, 2:0:0:0:1, 3:0:0:0:2, 0:0:0:0:0, 2:0:0:0:2, 0:0:0:0:0, 1:0:0:0:0, 1:0:0:0:1, 2:0:0:0:1, 2:0:0:0:1, 1:0:0:0:0, 0:0:0:0:0,  , 3:0:0:0:1, 2:0:0:0:1, 1:0:0:0:0, 3:0:0:0:1, 2:0:0:0:2, 3:0:0:0:2, 3:0:0:0:1, 0:0:0:0:0, 0:0:0:0:0, 155:1:10:0:79
G# minor mel (5#), 3:0:0:1:2, 3:0:0:0:1, 3:0:0:0:1, 3:0:0:0:1, 4:0:0:0:1, 3:0:0:0:1, 4:0:0:0:1, 2:0:0:0:1, 1:0:0:0:0, 0:0:0:0:0, 3:0:1:0:1, 3:0:1:0:0, 5:0:0:0:0, 2:0:0:0:1, 2:0:0:0:1, 1:0:0:0:0, 4:0:0:1:2, 3:0:0:0:1, 3:0:0:0:1, 2:0:0:0:1, 4:1:0:0:2, 2:0:0:0:0, 1:0:0:0:1, 1:0:0:0:0, 4:0:0:0:0, 2:0:0:0:0, 3:0:0:1:2, 3:0:0:0:1, 3:0:0:0:1, 3:0:0:0:1, 2:0:0:0:1, 4:0:1:0:2, 1:0:1:0:1, 1:0:0:0:0, 4:0:0:0:1,  , 3:0:1:0:2, 4:0:0:0:1, 1:0:0:0:0, 0:0:0:0:0, 2:0:1:0:2, 0:0:0:0:0, 1:0:0:0:0, 2:0:0:0:0, 3:0:0:0:1, 3:0:0:0:1, 1:0:0:0:1, 3:0:1:0:0, 1:0:1:0:1, 4:0:0:0:1, 4:0:0:0:1,  , 3:0:0:0:1, 3:0:0:0:1, 1:0:0:0:0, 0:0:0:0:0, 4:0:1:1:1, 2:0:0:0:0, 2:0:0:0:1,  , 4:0:1:1:1, 3:0:0:1:2, 4:0:1:1:1, 4:0:0:0:1, 3:1:0:0:2, 2:0:0:0:0, 3:0:0:0:1,  , 3:0:1:0:2, 4:0:0:0:1, 2:0:0:0:0, 1:0:0:0:0, 2:0:1:0:2, 0:0:0:0:0, 2:0:0:0:0, 3:0:0:0:1, 3:0:0:0:1, 7:0:0:1:2, 1:0:1:0:1, 2:0:0:0:1, 1:0:0:0:0, 3:0:1:0:2, 4:0:0:0:1, 2:0:0:0:0, 2:0:0:0:1, 2:0:0:0:0, 1:0:0:0:1,  , 4:0:0:1:2, 2:0:0:0:0, 3:0:0:0:1, 4:0:0:1:2, 2:0:0:0:0, 3:0:0:0:1, 3:0:0:0:0, 1:0:0:0:0, 0:0:0:0:0, 229:2:15:10:75
Db major blues (5b), 2:0:0:0:1, 1:0:0:0:1, 1:0:0:0:1, 3:0:0:0:2, 2:0:0:0:1, 2:0:1:0:1, 1:0:0:0:0, 1:0:0:0:1, 0:0:0:0:0, 1:0:1:0:0, 2:0:0:0:1, 2:0:0:0:1, 5:0:0:0:3, 3:0:0:0:1, 0:0:0:0:0, 3:0:1:0:0, 2:0:0:0:1, 1:0:0:0:1, 1:0:0:0:1, 1:0:0:0:0, 3:0:0:0:2, 2:0:0:0:1, 0:0:0:0:0, 1:0:0:0:0, 3:1:0:0:3, 3:0:1:0:1, 1:0:0:0:0, 4:0:0:0:3, 1:0:0:0:1, 1:0:0:0:0, 1:0:0:0:0, 3:0:1:0:1, 0:0:0:0:0, 0:0:0:0:0, 2:0:0:0:1,  , 2:0:0:0:1, 6:0:0:0:3, 0:0:0:0:0, 0:0:0:0:0, 2:0:0:0:1, 2:0:1:0:1, 0:0:0:0:0, 1:0:0:0:1, 1:0:0:0:1, 1:0:0:0:0, 0:0:0:0:0, 3:0:0:0:1, 1:0:1:0:0, 2:0:0:0:2, 2:0:0:0:1,  , 2:0:0:0:1, 2:0:0:0:1, 0:0:0:0:0, 2:0:1:0:1, 1:0:0:0:0, 2:0:0:0:1, 1:0:0:0:1,  , 2:0:0:0:1, 2:0:0:0:1, 1:0:0:0:0, 2:0:0:0:1, 2:0:0:0:1, 2:0:0:0:2, 1:0:0:0:1,  , 2:0:0:0:1, 6:0:0:0:3, 4:0:0:0:1, 2:0:1:0:1, 1:0:0:0:1, 1:0:0:0:1, 2:0:0:0:1, 2:0:1:0:0, 2:0:0:0:1, 3:0:0:0:2, 0:0:0:0:0, 2:0:0:0:2, 0:0:0:0:0, 1:0:0:0:0, 1:0:0:0:1, 2:0:0:0:1, 2:0:0:0:1, 1:0:0:0:0, 0:0:0:0:0,  , 3:0:0:0:1, 2:0:0:0:1, 1:0:0:0:0, 3:0:0:0:1, 2:0:0:0:2, 3:0:0:0:2, 3:0:0:0:1, 0:0:0:0:0, 0:0:0:0:0, 155:1:10:0:79
B major blues (5#), 3:0:0:1:2, 3:0:0:0:1, 3:0:0:0:1, 3:0:0:0:1, 4:0:0:0:1, 3:0:0:0:1, 4:0:0:0:1, 2:0:0:0:1, 1:0:0:0:0, 0:0:0:0:0, 3:0:1:0:1, 3:0:1:0:0, 5:0:0:0:0, 2:0:0:0:1, 2:0:0:0:1, 1:0:0:0:0, 4:0:0:1:2, 3:0:0:0:1, 3:0:0:0:1, 2:0:0:0:1, 4:1:0:0:2, 2:0:0:0:0, 1:0:0:0:1, 1:0:0:0:0, 4:0:0:0:0, 2:0:0:0:0, 3:0:0:1:2, 3:0:0:0:1, 3:0:0:0:1, 3:0:0:0:1, 2:0:0:0:1, 4:0:1:0:2, 1:0:1:0:1, 1:0:0:0:0, 4:0:0:0:1,  , 3:0:1:0:2, 4:0:0:0:1, 1:0:0:0:0, 0:0:0:0:0, 2:0:1:0:2, 0:0:0:0:0, 1:0:0:0:0, 2:0:0:0:0, 3:0:0:0:1, 3:0:0:0:1, 1:0:0:0:1, 3:0:1:0:0, 1:0:1:0:1, 4:0:0:0:1, 4:0:0:0:1,  , 3:0:0:0:1, 3:0:0:0:1, 1:0:0:0:0, 0:0:0:0:0, 4:0:1:1:1, 2:0:0:0:0, 2:0:0:0:1,  , 4:0:1:1:1, 3:0:0:1:2, 4:0:1:1:1, 4:0:0:0:1, 3:1:0:0:2, 2:0:0:0:0, 3:0:0:0:1,  , 3:0:1:0:2, 4:0:0:0:1, 2:0:0:0:0, 1:0:0:0:0, 2:0:1:0:2, 0:0:0:0:0, 2:0:0:0:0, 3:0:0:0:1, 3:0:0:0:1, 7:0:0:1:2, 1:0:1:0:1, 2:0:0:0:1, 1:0:0:0:0, 3:0:1:0:2, 4:0:0:0:1, 2:0:0:0:0, 2:0:0:0:1, 2:0:0:0:0, 1:0:0:0:1,  , 4:0:0:1:2, 2:0:0:0:0, 3:0:0:0:1, 4:0:0:1:2, 2:0:0:0:0, 3:0:0:0:1, 3:0:0:0:0, 1:0:0:0:0, 0:0:0:0:0, 229:2:15:10:75
Bb minor blues (5b), 2:0:0:0:1, 1:0:0:0:1, 1:0:0:0:1, 3:0:0:0:2, 2:0:0:0:1, 2:0:1:0:1, 1:0:0:0:0, 1:0:0:0:1, 0:0:0:0:0, 1:0:1:0:0, 2:0:0:0:1, 2:0:0:0:1, 5:0:0:0:3, 3:0:0:0:1, 0:0:0:0:0, 3:0:1:0:0, 2:0:0:0:1, 1:0:0:0:1, 1:0:0:0:1, 1:0:0:0:0, 3:0:0:0:2, 2:0:0:0:1, 0:0:0:0:0, 1:0:0:0:0, 3:1:0:0:3, 3:0:1:0:1, 1:0:0:0:0, 4:0:0:0:3, 1:0:0:0:1, 1:0:0:0:0, 1:0:0:0:0, 3:0:1:0:1, 0:0:0:0:0, 0:0:0:0:0, 2:0:0:0:1,  , 2:0:0:0:1, 6:0:0:0:3, 0:0:0:0:0, 0:0:0:0:0, 2:0:0:0:1, 2:0:1:0:1, 0:0:0:0:0, 1:0:0:0:1, 1:0:0:0:1, 1:0:0:0:0, 0:0:0:0:0, 3:0:0:0:1, 1:0:1:0:0, 2:0:0:0:2, 2:0:0:0:1,  , 2:0:0:0:1, 2:0:0:0:1, 0:0:0:0:0, 2:0:1:0:1, 1:0:0:0:0, 2:0:0:0:1, 1:0:0:0:1,  , 2:0:0:0:1, 2:0:0:0:1, 1:0:0:0:0, 2:0:0:0:1, 2:0:0:0:1, 2:0:0:0:2, 1:0:0:0:1,  , 2:0:0:0:1, 6:0:0:0:3, 4:0:0:0:1, 2:0:1:0:1, 1:0:0:0:1, 1:0:0:0:1, 2:0:0:0:1, 2:0:1:0:0, 2:0:0:0:1, 3:0:0:0:2, 0:0:0:0:0, 2:0:0:0:2, 0:0:0:0:0, 1:0:0:0:0, 1:0:0:0:1, 2:0:0:0:1, 2:0:0:0:1, 1:0:0:0:0, 0:0:0:0:0,  , 3:0:0:0:1, 2:0:0:0:1, 1:0:0:0:0, 3:0:0:0:1, 2:0:0:0:2, 3:0:0:0:2, 3:0:0:0:1, 0:0:0:0:0, 0:0:0:0:0, 155:1:10:0:79
G# minor blues (5#), 3:0:0:1:2, 3:0:0:0:1, 3:0:0:0:1, 3:0:0:0:1, 4:0:0:0:1, 3:0:0:0:1, 4:0:0:0:1, 2:0:0:0:1, 1:0:0:0:0, 0:0:0:0:0, 3:0:1:0:1, 3:0:1:0:0, 5:0:0:0:0, 2:0:0:0:1, 2:0:0:0:1, 1:0:0:0:0, 4:0:0:1:2, 3:0:0:0:1, 3:0:0:0:1, 2:0:0:0:1, 4:1:0:0:2, 2:0:0:0:0, 1:0:0:0:1, 1:0:0:0:0, 4:0:0:0:0, 2:0:0:0:0, 3:0:0:1:2, 3:0:0:0:1, 3:0:0:0:1, 3:0:0:0:1, 2:0:0:0:1, 4:0:1:0:2, 1:0:1:0:1, 1:0:0:0:0, 4:0:0:0:1,  , 3:0:1:0:2, 4:0:0:0:1, 1:0:0:0:0, 0:0:0:0:0, 2:0:1:0:2, 0:0:0:0:0, 1:0:0:0:0, 2:0:0:0:0, 3:0:0:0:1, 3:0:0:0:1, 1:0:0:0:1, 3:0:1:0:0, 1:0:1:0:1, 4:0:0:0:1, 4:0:0:0:1,  , 3:0:0:0:1, 3:0:0:0:1, 1:0:0:0:0, 0:0:0:0:0, 4:0:1:1:1, 2:0:0:0:0, 2:0:0:0:1,  , 4:0:1:1:1, 3:0:0:1:2, 4:0:1:1:1, 4:0:0:0:1, 3:1:0:0:2, 2:0:0:0:0, 3:0:0:0:1,  , 3:0:1:0:2, 4:0:0:0:1, 2:0:0:0:0, 1:0:0:0:0, 2:0:1:0:2, 0:0:0:0:0, 2:0:0:0:0, 3:0:0:0:1, 3:0:0:0:1, 7:0:0:1:2, 1:0:1:0:1, 2:0:0:0:1, 1:0:0:0:0, 3:0:1:0:2, 4:0:0:0:1, 2:0:0:0:0, 2:0:0:0:1, 2:0:0:0:0, 1:0:0:0:1,  , 4:0:0:1:2, 2:0:0:0:0, 3:0:0:0:1, 4:0:0:1:2, 2:0:0:0:0, 3:0:0:0:1, 3:0:0:0:0, 1:0:0:0:0, 0:0:0:0:0, 229:2:15:10:75
Db dorian (5b), 2:0:0:0:1, 1:0:0:0:1, 1:0:0:0:1, 3:0:0:0:2, 2:0:0:0:1, 2:0:1:0:1, 1:0:0:0:0, 1:0:0:0:1, 0:0:0:0:0, 1:0:1:0:0, 2:0:0:0:1, 2:0:0:0:1, 5:0:0:0:3, 3:0:0:0:1, 0:0:0:0:0, 3:0:1:0:0, 2:0:0:0:1, 1:0:0:0:1, 1:0:0:0:1, 1:0:0:0:0, 3:0:0:0:2, 2:0:0:0:1, 0:0:0:0:0, 1:0:0:0:0, 3:1:0:0:3, 3:0:1:0:1, 1:0:0:0:0, 4:0:0:0:3, 1:0:0:0:1, 1:0:0:0:0, 1:0:0:0:0, 3:0:1:0:1, 0:0:0:0:0, 0:0:0:0:0, 2:0:0:0:1,  , 2:0:0:0:1, 6:0:0:0:3, 0:0:0:0:0, 0:0:0:0:0, 2:0:0:0:1, 2:0:1:0:1, 0:0:0:0:0, 1:0:0:0:1, 1:0:0:0:1, 1:0:0:0:0, 0:0:0:0:0, 3:0:0:0:1, 1:0:1:0:0, 2:0:0:0:2, 2:0:0:0:1,  , 2:0:0:0:1, 2:0:0:0:1, 0:0:0:0:0, 2:0:1:0:1, 1:0:0:0:0, 2:0:0:0:1, 1:0:0:0:1,  , 2:0:0:0:1, 2:0:0:0:1, 1:0:0:0:0, 2:0:0:0:1, 2:0:0:0:1, 2:0:0:0:2, 1:0:0:0:1,  , 2:0:0:0:1, 6:0:0:0:3, 4:0:0:0:1, 2:0:1:0:1, 1:0:0:0:1, 1:0:0:0:1, 2:0:0:0:1, 2:0:1:0:0, 2:0:0:0:1, 3:0:0:0:2, 0:0:0:0:0, 2:0:0:0:2, 0:0:0:0:0, 1:0:0:0:0, 1:0:0:0:1, 2:0:0:0:1, 2:0:0:0:1, 1:0:0:0:0, 0:0:0:0:0,  , 3:0:0:0:1, 2:0:0:0:1, 1:0:0:0:0, 3:0:0:0:1, 2:0:0:0:2, 3:0:0:0:2, 3:0:0:0:1, 0:0:0:0:0, 0:0:0:0:0, 155:1:10:0:79
B dorian (5#), 3:0:0:1:2, 3:0:0:0:1, 3:0:0:0:1, 3:0:0:0:1, 4:0:0:0:1, 3:0:0:0:1, 4:0:0:0:1, 2:0:0:0:1, 1:0:0:0:0, 0:0:0:0:0, 3:0:1:0:1, 3:0:1:0:0, 5:0:0:0:0, 2:0:0:0:1, 2:0:0:0:1, 1:0:0:0:0, 4:0:0:1:2, 3:0:0:0:1, 3:0:0:0:1, 2:0:0:0:1, 4:1:0:0:2, 2:0:0:0:0, 1:0:0:0:1, 1:0:0:0:0, 4:0:0:0:0, 2:0:0:0:0, 3:0:0:1:2, 3:0:0:0:1, 3:0:0:0:1, 3:0:0:0:1, 2:0:0:0:1, 4:0:1:0:2, 1:0:1:0:1, 1:0:0:0:0, 4:0:0:0:1,  , 3:0:1:0:2, 4:0:0:0:1, 1:0:0:0:0, 0:0:0:0:0, 2:0:1:0:2, 0:0:0:0:0, 1:0:0:0:0, 2:0:0:0:0, 3:0:0:0:1, 3:0:0:0:1, 1:0:0:0:1, 3:0:1:0:0, 1:0:1:0:1, 4:0:0:0:1, 4:0:0:0:1,  , 3:0:0:0:1, 3:0:0:0:1, 1:0:0:0:0, 0:0:0:0:0, 4:0:1:1:1, 2:0:0:0:0, 2:0:0:0:1,  , 4:0:1:1:1, 3:0:0:1:2, 4:0:1:1:1, 4:0:0:0:1, 3:1:0:0:2, 2:0:0:0:0, 3:0:0:0:1,  , 3:0:1:0:2, 4:0:0:0:1, 2:0:0:0:0, 1:0:0:0:0, 2:0:1:0:2, 0:0:0:0:0, 2:0:0:0:0, 3:0:0:0:1, 3:0:0:0:1, 7:0:0:1:2, 1:0:1:0:1, 2:0:0:0:1, 1:0:0:0:0, 3:0:1:0:2, 4:0:0:0:1, 2:0:0:0:0, 2:0:0:0:1, 2:0:0:0:0, 1:0:0:0:1,  , 4:0:0:1:2, 2:0:0:0:0, 3:0:0:0:1, 4:0:0:1:2, 2:0:0:0:0, 3:0:0:0:1, 3:0:0:0:0, 1:0:0:0:0, 0:0:0:0:0, 229:2:15:10:75
Db phrygian (5b), 2:0:0:0:1, 1:0:0:0:1, 1:0:0:0:1, 3:0:0:0:2, 2:0:0:0:1, 2:0:1:0:1, 1:0:0:0:0, 1:0:0:0:1, 0:0:0:0:0, 1:0:1:0:0, 2:0:0:0:1, 2:0:0:0:1, 5:0:0:0:3, 3:0:0:0:1, 0:0:0:0:0, 3:0:1:0:0, 2:0:0:0:1, 1:0:0:0:1, 1:0:0:0:1, 1:0:0:0:0, 3:0:0:0:2, 2:0:0:0:1, 0:0:0:0:0, 1:0:0:0:0, 3:1:0:0:3, 3:0:1:0:1, 1:0:0:0:0, 4:0:0:0:3, 1:0:0:0:1, 1:0:0:0:0, 1:0:0:0:0, 3:0:1:0:1, 0:0:0:0:0, 0:0:0:0:0, 2:0:0:0:1,  , 2:0:0:0:1, 6:0:0:0:3, 0:0:0:0:0, 0:0:0:0:0, 2:0:0:0:1, 2:0:1:0:1, 0:0:0:0:0, 1:0:0:0:1, 1:0:0:0:1, 1:0:0:0:0, 0:0:0:0:0, 3:0:0:0:1, 1:0:1:0:0, 2:0:0:0:2, 2:0:0:0:1,  , 2:0:0:0:1, 2:0:0:0:1, 0:0:0:0:0, 2:0:1:0:1, 1:0:0:0:0, 2:0:0:0:1, 1:0:0:0:1,  , 2:0:0:0:1, 2:0:0:0:1, 1:0:0:0:0, 2:0:0:0:1, 2:0:0:0:1, 2:0:0:0:2, 1:0:0:0:1,  , 2:0:0:0:1, 6:0:0:0:3, 4:0:0:0:1, 2:0:1:0:1, 1:0:0:0:1, 1:0:0:0:1, 2:0:0:0:1, 2:0:1:0:0, 2:0:0:0:1, 3:0:0:0:2, 0:0:0:0:0, 2:0:0:0:2, 0:0:0:0:0, 1:0:0:0:0, 1:0:0:0:1, 2:0:0:0:1, 2:0:0:0:1, 1:0:0:0:0, 0:0:0:0:0,  , 3:0:0:0:1, 2:0:0:0:1, 1:0:0:0:0, 3:0:0:0:1, 2:0:0:0:2, 3:0:0:0:2, 3:0:0:0:1, 0:0:0:0:0, 0:0:0:0:0, 155:1:10:0:79
B phrygian (5#), 3:0:0:1:2, 3:0:0:0:1, 3:0:0:0:1, 3:0:0:0:1, 4:0:0:0:1, 3:0:0:0:1, 4:0:0:0:1, 2:0:0:0:1, 1:0:0:0:0, 0:0:0:0:0, 3:0:1:0:1, 3:0:1:0:0, 5:0:0:0:0, 2:0:0:0:1, 2:0:0:0:1, 1:0:0:0:0, 4:0:0:1:2, 3:0:0:0:1, 3:0:0:0:1, 2:0:0:0:1, 4:1:0:0:2, 2:0:0:0:0, 1:0:0:0:1, 1:0:0:0:0, 4:0:0:0:0, 2:0:0:0:0, 3:0:0:1:2, 3:0:0:0:1, 3:0:0:0:1, 3:0:0:0:1, 2:0:0:0:1, 4:0:1:0:2, 1:0:1:0:1, 1:0:0:0:0, 4:0:0:0:1,  , 3:0:1:0:2, 4:0:0:0:1, 1:0:0:0:0, 0:0:0:0:0, 2:0:1:0:2, 0:0:0:0:0, 1:0:0:0:0, 2:0:0:0:0, 3:0:0:0:1, 3:0:0:0:1, 1:0:0:0:1, 3:0:1:0:0, 1:0:1:0:1, 4:0:0:0:1, 4:0:0:0:1,  , 3:0:0:0:1, 3:0:0:0:1, 1:0:0:0:0, 0:0:0:0:0, 4:0:1:1:1, 2:0:0:0:0, 2:0:0:0:1,  , 4:0:1:1:1, 3:0:0:1:2, 4:0:1:1:1, 4:0:0:0:1, 3:1:0:0:2, 2:0:0:0:0, 3:0:0:0:1,  , 3:0:1:0:2, 4:0:0:0:1, 2:0:0:0:0, 1:0:0:0:0, 2:0:1:0:2, 0:0:0:0:0, 2:0:0:0:0, 3:0:0:0:1, 3:0:0:0:1, 7:0:0:1:2, 1:0:1:0:1, 2:0:0:0:1, 1:0:0:0:0, 3:0:1:0:2, 4:0:0:0:1, 2:0:0:0:0, 2:0:0:0:1, 2:0:0:0:0, 1:0:0:0:1,  , 4:0:0:1:2, 2:0:0:0:0, 3:0:0:0:1, 4:0:0:1:2, 2:0:0:0:0, 3:0:0:0:1, 3:0:0:0:0, 1:0:0:0:0, 0:0:0:0:0, 229:2:15:10:75
Db lydian (5b), 2:0:0:0:1, 1:0:0:0:1, 1:0:0:0:1, 3:0:0:0:2, 2:0:0:0:1, 2:0:1:0:1, 1:0:0:0:0, 1:0:0:0:1, 0:0:0:0:0, 1:0:1:0:0, 2:0:0:0:1, 2:0:0:0:1, 5:0:0:0:3, 3:0:0:0:1, 0:0:0:0:0, 3:0:1:0:0, 2:0:0:0:1, 1:0:0:0:1, 1:0:0:0:1, 1:0:0:0:0, 3:0:0:0:2, 2:0:0:0:1, 0:0:0:0:0, 1:0:0:0:0, 3:1:0:0:3, 3:0:1:0:1, 1:0:0:0:0, 4:0:0:0:3, 1:0:0:0:1, 1:0:0:0:0, 1:0:0:0:0, 3:0:1:0:1, 0:0:0:0:0, 0:0:0:0:0, 2:0:0:0:1,  , 2:0:0:0:1, 6:0:0:0:3, 0:0:0:0:0, 0:0:0:0:0, 2:0:0:0:1, 2:0:1:0:1, 0:0:0:0:0, 1:0:0:0:1, 1:0:0:0:1, 1:0:0:0:0, 0:0:0:0:0, 3:0:0:0:1, 1:0:1:0:0, 2:0:0:0:2, 2:0:0:0:1,  , 2:0:0:0:1, 2:0:0:0:1, 0:0:0:0:0, 2:0:1:0:1, 1:0:0:0:0, 2:0:0:0:1, 1:0:0:0:1,  , 2:0:0:0:1, 2:0:0:0:1, 1:0:0:0:0, 2:0:0:0:1, 2:0:0:0:1, 2:0:0:0:2, 1:0:0:0:1,  , 2:0:0:0:1, 6:0:0:0:3, 4:0:0:0:1, 2:0:1:0:1, 1:0:0:0:1, 1:0:0:0:1, 2:0:0:0:1, 2:0:1:0:0, 2:0:0:0:1, 3:0:0:0:2, 0:0:0:0:0, 2:0:0:0:2, 0:0:0:0:0, 1:0:0:0:0, 1:0:0:0:1, 2:0:0:0:1, 2:0:0:0:1, 1:0:0:0:0, 0:0:0:0:0,  , 3:0:0:0:1, 2:0:0:0:1, 1:0:0:0:0, 3:0:0:0:1, 2:0:0:0:2, 3:0:0:0:2, 3:0:0:0:1, 0:0:0:0:0, 0:0:0:0:0, 155:1:10:0:79
B lydian (5#), 3:0:0:1:2, 3:0:0:0:1, 3:0:0:0:1, 3:0:0:0:1, 4:0:0:0:1, 3:0:0:0:1, 4:0:0:0:1, 2:0:0:0:1, 1:0:0:0:0, 0:0:0:0:0, 3:0:1:0:1, 3:0:1:0:0, 5:0:0:0:0, 2:0:0:0:1, 2:0:0:0:1, 1:0:0:0:0, 4:0:0:1:2, 3:0:0:0:1, 3:0:0:0:1, 2:0:0:0:1, 4:1:0:0:2, 2:0:0:0:0, 1:0:0:0:1, 1:0:0:0:0, 4:0:0:0:0, 2:0:0:0:0, 3:0:0:1:2, 3:0:0:0:1, 3:0:0:0:1, 3:0:0:0:1, 2:0:0:0:1, 4:0:1:0:2, 1:0:1:0:1, 1:0:0:0:0, 4:0:0:0:1,  , 3:0:1:0:2, 4:0:0:0:1, 1:0:0:0:0, 0:0:0:0:0, 2:0:1:0:2, 0:0:0:0:0, 1:0:0:0:0, 2:0:0:0:0, 3:0:0:0:1, 3:0:0:0:1, 1:0:0:0:1, 3:0:1:0:0, 1:0:1:0:1, 4:0:0:0:1, 4:0:0:0:1,  , 3:0:0:0:1, 3:0:0:0:1, 1:0:0:0:0, 0:0:0:0:0, 4:0:1:1:1, 2:0:0:0:0, 2:0:0:0:1,  , 4:0:1:1:1, 3:0:0:1:2, 4:0:1:1:1, 4:0:0:0:1, 3:1:0:0:2, 2:0:0:0:0, 3:0:0:0:1,  , 3:0:1:0:2, 4:0:0:0:1, 2:0:0:0:0, 1:0:0:0:0, 2:0:1:0:2, 0:0:0:0:0, 2:0:0:0:0, 3:0:0:0:1, 3:0:0:0:1, 7:0:0:1:2, 1:0:1:0:1, 2:0:0:0:1, 1:0:0:0:0, 3:0:1:0:2, 4:0:0:0:1, 2:0:0:0:0, 2:0:0:0:1, 2:0:0:0:0, 1:0:0:0:1,  , 4:0:0:1:2, 2:0:0:0:0, 3:0:0:0:1, 4:0:0:1:2, 2:0:0:0:0, 3:0:0:0:1, 3:0:0:0:0, 1:0:0:0:0, 0:0:0:0:0, 229:2:15:10:75
Db mixolydian (5b), 2:0:0:0:1, 1:0:0:0:1, 1:0:0:0:1, 3:0:0:0:2, 2:0:0:0:1, 2:0:1:0:1, 1:0:0:0:0, 1:0:0:0:1, 0:0:0:0:0, 1:0:1:0:0, 2:0:0:0:1, 2:0:0:0:1, 5:0:0:0:3, 3:0:0:0:1, 0:0:0:0:0, 3:0:1:0:0, 2:0:0:0:1, 1:0:0:0:1, 1:0:0:0:1, 1:0:0:0:0, 3:0:0:0:2, 2:0:0:0:1, 0:0:0:0:0, 1:0:0:0:0, 3:1:0:0:3, 3:0:1:0:1, 1:0:0:0:0, 4:0:0:0:3, 1:0:0:0:1, 1:0:0:0:0, 1:0:0:0:0, 3:0:1:0:1, 0:0:0:0:0, 0:0:0:0:0, 2:0:0:0:1,  , 2:0:0:0:1, 6:0:0:0:3, 0:0:0:0:0, 0:0:0:0:0, 2:0:0:0:1, 2:0:1:0:1, 0:0:0:0:0, 1:0:0:0:1, 1:0:0:0:1, 1:0:0:0:0, 0:0:0:0:0, 3:0:0:0:1, 1:0:1:0:0, 2:0:0:0:2, 2:0:0:0:1,  , 2:0:0:0:1, 2:0:0:0:1, 0:0:0:0:0, 2:0:1:0:1, 1:0:0:0:0, 2:0:0:0:1, 1:0:0:0:1,  , 2:0:0:0:1, 2:0:0:0:1, 1:0:0:0:0, 2:0:0:0:1, 2:0:0:0:1, 2:0:0:0:2, 1:0:0:0:1,  , 2:0:0:0:1, 6:0:0:0:3, 4:0:0:0:1, 2:0:1:0:1, 1:0:0:0:1, 1:0:0:0:1, 2:0:0:0:1, 2:0:1:0:0, 2:0:0:0:1, 3:0:0:0:2, 0:0:0:0:0, 2:0:0:0:2, 0:0:0:0:0, 1:0:0:0:0, 1:0:0:0:1, 2:0:0:0:1, 2:0:0:0:1, 1:0:0:0:0, 0:0:0:0:0,  , 3:0:0:0:1, 2:0:0:0:1, 1:0:0:0:0, 3:0:0:0:1, 2:0:0:0:2, 3:0:0:0:2, 3:0:0:0:1, 0:0:0:0:0, 0:0:0:0:0, 155:1:10:0:79
B mixolydian (5#), 3:0:0:1:2, 3:0:0:0:1, 3:0:0:0:1, 3:0:0:0:1, 4:0:0:0:1, 3:0:0:0:1, 4:0:0:0:1, 2:0:0:0:1, 1:0:0:0:0, 0:0:0:0:0, 3:0:1:0:1, 3:0:1:0:0, 5:0:0:0:0, 2:0:0:0:1, 2:0:0:0:1, 1:0:0:0:0, 4:0:0:1:2, 3:0:0:0:1, 3:0:0:0:1, 2:0:0:0:1, 4:1:0:0:2, 2:0:0:0:0, 1:0:0:0:1, 1:0:0:0:0, 4:0:0:0:0, 2:0:0:0:0, 3:0:0:1:2, 3:0:0:0:1, 3:0:0:0:1, 3:0:0:0:1, 2:0:0:0:1, 4:0:1:0:2, 1:0:1:0:1, 1:0:0:0:0, 4:0:0:0:1,  , 3:0:1:0:2, 4:0:0:0:1, 1:0:0:0:0, 0:0:0:0:0, 2:0:1:0:2, 0:0:0:0:0, 1:0:0:0:0, 2:0:0:0:0, 3:0:0:0:1, 3:0:0:0:1, 1:0:0:0:1, 3:0:1:0:0, 1:0:1:0:1, 4:0:0:0:1, 4:0:0:0:1,  , 3:0:0:0:1, 3:0:0:0:1, 1:0:0:0:0, 0:0:0:0:0, 4:0:1:1:1, 2:0:0:0:0, 2:0:0:0:1,  , 4:0:1:1:1, 3:0:0:1:2, 4:0:1:1:1, 4:0:0:0:1, 3:1:0:0:2, 2:0:0:0:0, 3:0:0:0:1,  , 3:0:1:0:2, 4:0:0:0:1, 2:0:0:0:0, 1:0:0:0:0, 2:0:1:0:2, 0:0:0:0:0, 2:0:0:0:0, 3:0:0:0:1, 3:0:0:0:1, 7:0:0:1:2, 1:0:1:0:1, 2:0:0:0:1, 1:0:0:0:0, 3:0:1:0:2, 4:0:0:0:1, 2:0:0:0:0, 2:0:0:0:1, 2:0:0:0:0, 1:0:0:0:1,  , 4:0:0:1:2, 2:0:0:0:0, 3:0:0:0:1, 4:0:0:1:2, 2:0:0:0:0, 3:0:0:0:1, 3:0:0:0:0, 1:0:0:0:0, 0:0:0:0:0, 229:2:15:10:75
Db aeolian (5b), 2:0:0:0:1, 1:0:0:0:1, 1:0:0:0:1, 3:0:0:0:2, 2:0:0:0:1, 2:0:1:0:1, 1:0:0:0:0, 1:0:0:0:1, 0:0:0:0:0, 1:0:1:0:0, 2:0:0:0:1, 2:0:0:0:1, 5:0:0:0:3, 3:0:0:0:1, 0:0:0:0:0, 3:0:1:0:0, 2:0:0:0:1, 1:0:0:0:1, 1:0:0:0:1, 1:0:0:0:0, 3:0:0:0:2, 2:0:0:0:1, 0:0:0:0:0, 1:0:0:0:0, 3:1:0:0:3, 3:0:1:0:1, 1:0:0:0:0, 4:0:0:0:3, 1:0:0:0:1, 1:0:0:0:0, 1:0:0:0:0, 3:0:1:0:1, 0:0:0:0:0, 0:0:0:0:0, 2:0:0:0:1,  , 2:0:0:0:1, 6:0:0:0:3, 0:0:0:0:0, 0:0:0:0:0, 2:0:0:0:1, 2:0:1:0:1, 0:0:0:0:0, 1:0:0:0:1, 1:0:0:0:1, 1:0:0:0:0, 0:0:0:0:0, 3:0:0:0:1, 1:0:1:0:0, 2:0:0:0:2, 2:0:0:0:1,  , 2:0:0:0:1, 2:0:0:0:1, 0:0:0:0:0, 2:0:1:0:1, 1:0:0:0:0, 2:0:0:0:1, 1:0:0:0:1,  , 2:0:0:0:1, 2:0:0:0:1, 1:0:0:0:0, 2:0:0:0:1, 2:0:0:0:1, 2:0:0:0:2, 1:0:0:0:1,  , 2:0:0:0:1, 6:0:0:0:3, 4:0:0:0:1, 2:0:1:0:1, 1:0:0:0:1, 1:0:0:0:1, 2:0:0:0:1, 2:0:1:0:0, 2:0:0:0:1, 3:0:0:0:2, 0:0:0:0:0, 2:0:0:0:2, 0:0:0:0:0, 1:0:0:0:0, 1:0:0:0:1, 2:0:0:0:1, 2:0:0:0:1, 1:0:0:0:0, 0:0:0:0:0,  , 3:0:0:0:1, 2:0:0:0:1, 1:0:0:0:0, 3:0:0:0:1, 2:0:0:0:2, 3:0:0:0:2, 3:0:0:0:1, 0:0:0:0:0, 0:0:0:0:0, 155:1:10:0:79
B aeolian (5#), 3:0:0:1:2, 3:0:0:0:1, 3:0:0:0:1, 3:0:0:0:1, 4:0:0:0:1, 3:0:0:0:1, 4:0:0:0:1, 2:0:0:0:1, 1:0:0:0:0, 0:0:0:0:0, 3:0:1:0:1, 3:0:1:0:0, 5:0:0:0:0, 2:0:0:0:1, 2:0:0:0:1, 1:0:0:0:0, 4:0:0:1:2, 3:0:0:0:1, 3:0:0:0:1, 2:0:0:0:1, 4:1:0:0:2, 2:0:0:0:0, 1:0:0:0:1, 1:0:0:0:0, 4:0:0:0:0, 2:0:0:0:0, 3:0:0:1:2, 3:0:0:0:1, 3:0:0:0:1, 3:0:0:0:1, 2:0:0:0:1, 4:0:1:0:2, 1:0:1:0:1, 1:0:0:0:0, 4:0:0:0:1,  , 3:0:1:0:2, 4:0:0:0:1, 1:0:0:0:0, 0:0:0:0:0, 2:0:1:0:2, 0:0:0:0:0, 1:0:0:0:0, 2:0:0:0:0, 3:0:0:0:1, 3:0:0:0:1, 1:0:0:0:1, 3:0:1:0:0, 1:0:1:0:1, 4:0:0:0:1, 4:0:0:0:1,  , 3:0:0:0:1, 3:0:0:0:1, 1:0:0:0:0, 0:0:0:0:0, 4:0:1:1:1, 2:0:0:0:0, 2:0:0:0:1,  , 4:0:1:1:1, 3:0:0:1:2, 4:0:1:1:1, 4:0:0:0:1, 3:1:0:0:2, 2:0:0:0:0, 3:0:0:0:1,  , 3:0:1:0:2, 4:0:0:0:1, 2:0:0:0:0, 1:0:0:0:0, 2:0:1:0:2, 0:0:0:0:0, 2:0:0:0:0, 3:0:0:0:1, 3:0:0:0:1, 7:0:0:1:2, 1:0:1:0:1, 2:0:0:0:1, 1:0:0:0:0, 3:0:1:0:2, 4:0:0:0:1, 2:0:0:0:0, 2:0:0:0:1, 2:0:0:0:0, 1:0:0:0:1,  , 4:0:0:1:2, 2:0:0:0:0, 3:0:0:0:1, 4:0:0:1:2, 2:0:0:0:0, 3:0:0:0:1, 3:0:0:0:0, 1:0:0:0:0, 0:0:0:0:0, 229:2:15:10:75
Db locrian (5b), 2:0:0:0:1, 1:0:0:0:1, 1:0:0:0:1, 3:0:0:0:2, 2:0:0:0:1, 2:0:1:0:1, 1:0:0:0:0, 1:0:0:0:1, 0:0:0:0:0, 1:0:1:0:0, 2:0:0:0:1, 2:0:0:0:1, 5:0:0:0:3, 3:0:0:0:1, 0:0:0:0:0, 3:0:1:0:0, 2:0:0:0:1, 1:0:0:0:1, 1:0:0:0:1, 1:0:0:0:0, 3:0:0:0:2, 2:0:0:0:1, 0:0:0:0:0, 1:0:0:0:0, 3:1:0:0:3, 3:0:1:0:1, 1:0:0:0:0, 4:0:0:0:3, 1:0:0:0:1, 1:0:0:0:0, 1:0:0:0:0, 3:0:1:0:1, 0:0:0:0:0, 0:0:0:0:0, 2:0:0:0:1,  , 2:0:0:0:1, 6:0:0:0:3, 0:0:0:0:0, 0:0:0:0:0, 2:0:0:0:1, 2:0:1:0:1, 0:0:0:0:0, 1:0:0:0:1, 1:0:0:0:1, 1:0:0:0:0, 0:0:0:0:0, 3:0:0:0:1, 1:0:1:0:0, 2:0:0:0:2, 2:0:0:0:1,  , 2:0:0:0:1, 2:0:0:0:1, 0:0:0:0:0, 2:0:1:0:1, 1:0:0:0:0, 2:0:0:0:1, 1:0:0:0:1,  , 2:0:0:0:1, 2:0:0:0:1, 1:0:0:0:0, 2:0:0:0:1, 2:0:0:0:1, 2:0:0:0:2, 1:0:0:0:1,  , 2:0:0:0:1, 6:0:0:0:3, 4:0:0:0:1, 2:0:1:0:1, 1:0:0:0:1, 1:0:0:0:1, 2:0:0:0:1, 2:0:1:0:0, 2:0:0:0:1, 3:0:0:0:2, 0:0:0:0:0, 2:0:0:0:2, 0:0:0:0:0, 1:0:0:0:0, 1:0:0:0:1, 2:0:0:0:1, 2:0:0:0:1, 1:0:0:0:0, 0:0:0:0:0,  , 3:0:0:0:1, 2:0:0:0:1, 1:0:0:0:0, 3:0:0:0:1, 2:0:0:0:2, 3:0:0:0:2, 3:0:0:0:1, 0:0:0:0:0, 0:0:0:0:0, 155:1:10:0:79
B locrian (5#), 3:0:0:1:2, 3:0:0:0:1, 3:0:0:0:1, 3:0:0:0:1, 4:0:0:0:1, 3:0:0:0:1, 4:0:0:0:1, 2:0:0:0:1, 1:0:0:0:0, 0:0:0:0:0, 3:0:1:0:1, 3:0:1:0:0, 5:0:0:0:0, 2:0:0:0:1, 2:0:0:0:1, 1:0:0:0:0, 4:0:0:1:2, 3:0:0:0:1, 3:0:0:0:1, 2:0:0:0:1, 4:1:0:0:2, 2:0:0:0:0, 1:0:0:0:1, 1:0:0:0:0, 4:0:0:0:0, 2:0:0:0:0, 3:0:0:1:2, 3:0:0:0:1, 3:0:0:0:1, 3:0:0:0:1, 2:0:0:0:1, 4:0:1:0:2, 1:0:1:0:1, 1:0:0:0:0, 4:0:0:0:1,  , 3:0:1:0:2, 4:0:0:0:1, 1:0:0:0:0, 0:0:0:0:0, 2:0:1:0:2, 0:0:0:0:0, 1:0:0:0:0, 2:0:0:0:0, 3:0:0:0:1, 3:0:0:0:1, 1:0:0:0:1, 3:0:1:0:0, 1:0:1:0:1, 4:0:0:0:1, 4:0:0:0:1,  , 3:0:0:0:1, 3:0:0:0:1, 1:0:0:0:0, 0:0:0:0:0, 4:0:1:1:1, 2:0:0:0:0, 2:0:0:0:1,  , 4:0:1:1:1, 3:0:0:1:2, 4:0:1:1:1, 4:0:0:0:1, 3:1:0:0:2, 2:0:0:0:0, 3:0:0:0:1,  , 3:0:1:0:2, 4:0:0:0:1, 2:0:0:0:0, 1:0:0:0:0, 2:0:1:0:2, 0:0:0:0:0, 2:0:0:0:0, 3:0:0:0:1, 3:0:0:0:1, 7:0:0:1:2, 1:0:1:0:1, 2:0:0:0:1, 1:0:0:0:0, 3:0:1:0:2, 4:0:0:0:1, 2:0:0:0:0, 2:0:0:0:1, 2:0:0:0:0, 1:0:0:0:1,  , 4:0:0:1:2, 2:0:0:0:0, 3:0:0:0:1, 4:0:0:1:2, 2:0:0:0:0, 3:0:0:0:1, 3:0:0:0:0, 1:0:0:0:0, 0:0:0:0:0, 229:2:15:10:75
Gb major (6b), 2:0:0:0:2, 2:0:0:0:1, 2:0:0:0:1, 3:0:0:0:3, 3:0:0:0:1, 2:1:2:0:1, 2:0:0:0:1, 2:0:0:0:1, 1:0:0:0:0, 1:0:1:0:0, 3:0:0:0:1, 3:0:0:0:1, 5:0:0:1:3, 3:0:0:0:2, 1:0:0:0:0, 3:0:1:0:1, 3:0:0:0:2, 2:0:0:0:1, 2:0:0:0:1, 1:0:0:0:1, 3:0:0:0:3, 3:0:0:0:2, 0:0:0:0:0, 1:0:0:0:1, 3:2:1:0:3, 4:0:1:0:1, 1:0:0:0:1, 3:0:0:0:3, 2:0:0:0:1, 2:0:0:0:1, 1:0:0:0:1, 4:0:1:0:2, 1:0:0:0:0, 1:0:0:0:0, 3:0:0:0:2,  , 3:0:0:0:1, 6:0:0:0:4, 1:0:0:0:0, 0:0:0:0:0, 3:0:0:0:1, 1:0:1:0:0, 1:0:0:0:0, 2:0:0:0:1, 2:0:0:0:1, 1:0:0:0:1, 0:0:0:0:0, 3:0:0:0:2, 2:0:1:0:0, 3:0:0:0:2, 3:0:0:0:2,  , 3:0:0:0:2, 3:0:0:0:2, 1:0:0:0:0, 1:0:1:0:0, 2:0:0:0:1, 3:0:0:0:2, 1:0:0:0:1,  , 2:0:0:0:1, 1:0:0:0:1, 2:0:0:0:1, 2:0:0:0:1, 2:0:0:0:2, 3:0:0:0:2, 2:0:0:0:1,  , 3:0:0:0:1, 6:0:0:0:4, 3:0:0:0:1, 2:0:1:0:0, 2:0:0:0:1, 1:0:0:0:1, 2:0:0:0:1, 3:0:1:0:1, 3:0:0:0:1, 4:0:0:0:3, 1:0:0:0:0, 2:0:0:0:2, 1:0:0:0:0, 2:0:0:0:1, 2:0:0:0:1, 2:0:0:0:2, 2:0:0:0:2, 2:0:0:0:1, 0:0:0:0:0,  , 2:0:0:0:1, 3:0:0:0:2, 1:0:0:0:1, 2:0:0:0:1, 3:0:0:0:2, 3:0:0:0:3, 2:0:0:0:1, 1:0:0:0:0, 0:0:0:0:0, 197:3:12:1:111
F# major (6#), 3:0:0:1:1, 2:0:0:0:1, 2:0:0:0:1, 3:0:0:0:0, 3:0:0:0:1, 3:0:0:0:1, 3:0:0:0:1, 2:0:0:0:1, 1:0:0:0:1, 1:0:0:0:0, 3:0:1:0:0, 2:0:0:0:1, 5:0:0:0:1, 2:0:0:0:0, 1:0:0:0:1, 2:0:0:0:0, 4:0:0:1:2, 2:0:0:0:1, 2:0:0:0:1, 1:0:0:0:0, 4:2:1:0:2, 3:0:0:0:1, 0:0:0:0:0, 1:0:0:0:0, 4:0:0:0:1, 3:0:0:0:1, 2:0:0:1:1, 3:0:0:0:0, 2:0:0:0:1, 2:0:0:0:1, 1:0:0:0:0, 4:0:1:0:0, 1:0:1:0:0, 1:0:0:0:1, 3:0:0:0:1,  , 2:0:1:0:0, 4:0:0:0:0, 1:0:0:0:1, 0:0:0:0:0, 2:1:2:0:1, 1:0:0:0:0, 1:0:0:0:1, 2:0:0:0:1, 2:0:0:0:1, 2:0:0:0:0, 0:0:0:0:0, 2:0:0:0:0, 2:0:1:0:0, 3:0:0:0:1, 3:0:0:0:1,  , 3:0:0:0:1, 3:0:0:0:1, 1:0:0:0:1, 1:0:0:0:0, 3:0:0:1:2, 3:0:0:0:1, 1:0:0:0:0,  , 3:0:0:1:2, 2:0:0:1:1, 3:0:0:1:2, 3:0:0:0:1, 3:0:0:1:1, 3:0:0:0:1, 2:0:0:0:1,  , 2:0:1:0:0, 4:0:0:0:0, 2:0:0:0:1, 2:0:0:0:1, 2:0:1:0:0, 1:0:0:0:0, 2:0:0:0:1, 3:0:0:0:1, 2:0:0:0:1, 6:0:0:1:2, 1:0:1:0:0, 2:0:0:0:0, 1:0:0:0:1, 2:0:1:0:0, 3:0:0:0:1, 2:0:0:0:0, 2:0:0:0:0, 2:0:0:0:1, 0:0:0:0:0,  , 3:0:0:1:2, 3:0:0:0:1, 2:0:0:0:0, 3:0:0:1:2, 3:0:0:0:1, 3:0:0:0:0, 3:0:0:0:1, 1:0:0:0:1, 0:0:0:0:0, 204:3:12:11:65
Eb minor (6b), 2:0:0:0:2, 2:0:0:0:1, 2:0:0:0:1, 3:0:0:0:3, 3:0:0:0:1, 2:1:2:0:1, 2:0:0:0:1, 2:0:0:0:1, 1:0:0:0:0, 1:0:1:0:0, 3:0:0:0:1, 3:0:0:0:1, 5:0:0:1:3, 3:0:0:0:2, 1:0:0:0:0, 3:0:1:0:1, 3:0:0:0:2, 2:0:0:0:1, 2:0:0:0:1, 1:0:0:0:1, 3:0:0:0:3, 3:0:0:0:2, 0:0:0:0:0, 1:0:0:0:1, 3:2:1:0:3, 4:0:1:0:1, 1:0:0:0:1, 3:0:0:0:3, 2:0:0:0:1, 2:0:0:0:1, 1:0:0:0:1, 4:0:1:0:2, 1:0:0:0:0, 1:0:0:0:0, 3:0:0:0:2,  , 3:0:0:0:1, 6:0:0:0:4, 1:0:0:0:0, 0:0:0:0:0, 3:0:0:0:1, 1:0:1:0:0, 1:0:0:0:0, 2:0:0:0:1, 2:0:0:0:1, 1:0:0:0:1, 0:0:0:0:0, 3:0:0:0:2, 2:0:1:0:0, 3:0:0:0:2, 3:0:0:0:2,  , 3:0:0:0:2, 3:0:0:0:2, 1:0:0:0:0, 1:0:1:0:0, 2:0:0:0:1, 3:0:0:0:2, 1:0:0:0:1,  , 2:0:0:0:1, 1:0:0:0:1, 2:0:0:0:1, 2:0:0:0:1, 2:0:0:0:2, 3:0:0:0:2, 2:0:0:0:1,  , 3:0:0:0:1, 6:0:0:0:4, 3:0:0:0:1, 2:0:1:0:0, 2:0:0:0:1, 1:0:0:0:1, 2:0:0:0:1, 3:0:1:0:1, 3:0:0:0:1, 4:0:0:0:3, 1:0:0:0:0, 2:0:0:0:2, 1:0:0:0:0, 2:0:0:0:1, 2:0:0:0:1, 2:0:0:0:2, 2:0:0:0:2, 2:0:0:0:1, 0:0:0:0:0,  , 2:0:0:0:1, 3:0:0:0:2, 1:0:0:0:1, 2:0:0:0:1, 3:0:0:0:2, 3:0:0:0:3, 2:0:0:0:1, 1:0:0:0:0, 0:0:0:0:0, 197:3:12:1:111
D# minor (6#), 3:0:0:1:1, 2:0:0:0:1, 2:0:0:0:1, 3:0:0:0:0, 3:0:0:0:1, 3:0:0:0:1, 3:0:0:0:1, 2:0:0:0:1, 1:0:0:0:1, 1:0:0:0:0, 3:0:1:0:0, 2:0:0:0:1, 5:0:0:0:1, 2:0:0:0:0, 1:0:0:0:1, 2:0:0:0:0, 4:0:0:1:2, 2:0:0:0:1, 2:0:0:0:1, 1:0:0:0:0, 4:2:1:0:2, 3:0:0:0:1, 0:0:0:0:0, 1:0:0:0:0, 4:0:0:0:1, 3:0:0:0:1, 2:0:0:1:1, 3:0:0:0:0, 2:0:0:0:1, 2:0:0:0:1, 1:0:0:0:0, 4:0:1:0:0, 1:0:1:0:0, 1:0:0:0:1, 3:0:0:0:1,  , 2:0:1:0:0, 4:0:0:0:0, 1:0:0:0:1, 0:0:0:0:0, 2:1:2:0:1, 1:0:0:0:0, 1:0:0:0:1, 2:0:0:0:1, 2:0:0:0:1, 2:0:0:0:0, 0:0:0:0:0, 2:0:0:0:0, 2:0:1:0:0, 3:0:0:0:1, 3:0:0:0:1,  , 3:0:0:0:1, 3:0:0:0:1, 1:0:0:0:1, 1:0:0:0:0, 3:0:0:1:2, 3:0:0:0:1, 1:0:0:0:0,  , 3:0:0:1:2, 2:0:0:1:1, 3:0:0:1:2, 3:0:0:0:1, 3:0:0:1:1, 3:0:0:0:1, 2:0:0:0:1,  , 2:0:1:0:0, 4:0:0:0:0, 2:0:0:0:1, 2:0:0:0:1, 2:0:1:0:0, 1:0:0:0:0, 2:0:0:0:1, 3:0:0:0:1, 2:0:0:0:1, 6:0:0:1:2, 1:0:1:0:0, 2:0:0:0:0, 1:0:0:0:1, 2:0:1:0:0, 3:0:0:0:1, 2:0:0:0:0, 2:0:0:0:0, 2:0:0:0:1, 0:0:0:0:0,  , 3:0:0:1:2, 3:0:0:0:1, 2:0:0:0:0, 3:0:0:1:2, 3:0:0:0:1, 3:0:0:0:0, 3:0:0:0:1, 1:0:0:0:1, 0:0:0:0:0, 204:3:12:11:65
Eb minor mel (6b), 2:0:0:0:2, 2:0:0:0:1, 2:0:0:0:1, 3:0:0:0:3, 3:0:0:0:1, 2:1:2:0:1, 2:0:0:0:1, 2:0:0:0:1, 1:0:0:0:0, 1:0:1:0:0, 3:0:0:0:1, 3:0:0:0:1, 5:0:0:1:3, 3:0:0:0:2, 1:0:0:0:0, 3:0:1:0:1, 3:0:0:0:2, 2:0:0:0:1, 2:0:0:0:1, 1:0:0:0:1, 3:0:0:0:3, 3:0:0:0:2, 0:0:0:0:0, 1:0:0:0:1, 3:2:1:0:3, 4:0:1:0:1, 1:0:0:0:1, 3:0:0:0:3, 2:0:0:0:1, 2:0:0:0:1, 1:0:0:0:1, 4:0:1:0:2, 1:0:0:0:0, 1:0:0:0:0, 3:0:0:0:2,  , 3:0:0:0:1, 6:0:0:0:4, 1:0:0:0:0, 0:0:0:0:0, 3:0:0:0:1, 1:0:1:0:0, 1:0:0:0:0, 2:0:0:0:1, 2:0:0:0:1, 1:0:0:0:1, 0:0:0:0:0, 3:0:0:0:2, 2:0:1:0:0, 3:0:0:0:2, 3:0:0:0:2,  , 3:0:0:0:2, 3:0:0:0:2, 1:0:0:0:0, 1:0:1:0:0, 2:0:0:0:1, 3:0:0:0:2, 1:0:0:0:1,  , 2:0:0:0:1, 1:0:0:0:1, 2:0:0:0:1, 2:0:0:0:1, 2:0:0:0:2, 3:0:0:0:2, 2:0:0:0:1,  , 3:0:0:0:1, 6:0:0:0:4, 3:0:0:0:1, 2:0:1:0:0, 2:0:0:0:1, 1:0:0:0:1, 2:0:0:0:1, 3:0:1:0:1, 3:0:0:0:1, 4:0:0:0:3, 1:0:0:0:0, 2:0:0:0:2, 1:0:0:0:0, 2:0:0:0:1, 2:0:0:0:1, 2:0:0:0:2, 2:0:0:0:2, 2:0:0:0:1, 0:0:0:0:0,  , 2:0:0:0:1, 3:0:0:0:2, 1:0:0:0:1, 2:0:0:0:1, 3:0:0:0:2, 3:0:0:0:3, 2:0:0:0:1, 1:0:0:0:0, 0:0:0:0:0, 197:3:12:1:111
D# minor mel (6#), 3:0:0:1:1, 2:0:0:0:1, 2:0:0:0:1, 3:0:0:0:0, 3:0:0:0:1, 3:0:0:0:1, 3:0:0:0:1, 2:0:0:0:1, 1:0:0:0:1, 1:0:0:0:0, 3:0:1:0:0, 2:0:0:0:1, 5:0:0:0:1, 2:0:0:0:0, 1:0:0:0:1, 2:0:0:0:0, 4:0:0:1:2, 2:0:0:0:1, 2:0:0:0:1, 1:0:0:0:0, 4:2:1:0:2, 3:0:0:0:1, 0:0:0:0:0, 1:0:0:0:0, 4:0:0:0:1, 3:0:0:0:1, 2:0:0:1:1, 3:0:0:0:0, 2:0:0:0:1, 2:0:0:0:1, 1:0:0:0:0, 4:0:1:0:0, 1:0:1:0:0, 1:0:0:0:1, 3:0:0:0:1,  , 2:0:1:0:0, 4:0:0:0:0, 1:0:0:0:1, 0:0:0:0:0, 2:1:2:0:1, 1:0:0:0:0, 1:0:0:0:1, 2:0:0:0:1, 2:0:0:0:1, 2:0:0:0:0, 0:0:0:0:0, 2:0:0:0:0, 2:0:1:0:0, 3:0:0:0:1, 3:0:0:0:1,  , 3:0:0:0:1, 3:0:0:0:1, 1:0:0:0:1, 1:0:0:0:0, 3:0:0:1:2, 3:0:0:0:1, 1:0:0:0:0,  , 3:0:0:1:2, 2:0:0:1:1, 3:0:0:1:2, 3:0:0:0:1, 3:0:0:1:1, 3:0:0:0:1, 2:0:0:0:1,  , 2:0:1:0:0, 4:0:0:0:0, 2:0:0:0:1, 2:0:0:0:1, 2:0:1:0:0, 1:0:0:0:0, 2:0:0:0:1, 3:0:0:0:1, 2:0:0:0:1, 6:0:0:1:2, 1:0:1:0:0, 2:0:0:0:0, 1:0:0:0:1, 2:0:1:0:0, 3:0:0:0:1, 2:0:0:0:0, 2:0:0:0:0, 2:0:0:0:1, 0:0:0:0:0,  , 3:0:0:1:2, 3:0:0:0:1, 2:0:0:0:0, 3:0:0:1:2, 3:0:0:0:1, 3:0:0:0:0, 3:0:0:0:1, 1:0:0:0:1, 0:0:0:0:0, 204:3:12:11:65
Gb major blues (6b), 2:0:0:0:2, 2:0:0:0:1, 2:0:0:0:1, 3:0:0:0:3, 3:0:0:0:1, 2:1:2:0:1, 2:0:0:0:1, 2:0:0:0:1, 1:0:0:0:0, 1:0:1:0:0, 3:0:0:0:1, 3:0:0:0:1, 5:0:0:1:3, 3:0:0:0:2, 1:0:0:0:0, 3:0:1:0:1, 3:0:0:0:2, 2:0:0:0:1, 2:0:0:0:1, 1:0:0:0:1, 3:0:0:0:3, 3:0:0:0:2, 0:0:0:0:0, 1:0:0:0:1, 3:2:1:0:3, 4:0:1:0:1, 1:0:0:0:1, 3:0:0:0:3, 2:0:0:0:1, 2:0:0:0:1, 1:0:0:0:1, 4:0:1:0:2, 1:0:0:0:0, 1:0:0:0:0, 3:0:0:0:2,  , 3:0:0:0:1, 6:0:0:0:4, 1:0:0:0:0, 0:0:0:0:0, 3:0:0:0:1, 1:0:1:0:0, 1:0:0:0:0, 2:0:0:0:1, 2:0:0:0:1, 1:0:0:0:1, 0:0:0:0:0, 3:0:0:0:2, 2:0:1:0:0, 3:0:0:0:2, 3:0:0:0:2,  , 3:0:0:0:2, 3:0:0:0:2, 1:0:0:0:0, 1:0:1:0:0, 2:0:0:0:1, 3:0:0:0:2, 1:0:0:0:1,  , 2:0:0:0:1, 1:0:0:0:1, 2:0:0:0:1, 2:0:0:0:1, 2:0:0:0:2, 3:0:0:0:2, 2:0:0:0:1,  , 3:0:0:0:1, 6:0:0:0:4, 3:0:0:0:1, 2:0:1:0:0, 2:0:0:0:1, 1:0:0:0:1, 2:0:0:0:1, 3:0:1:0:1, 3:0:0:0:1, 4:0:0:0:3, 1:0:0:0:0, 2:0:0:0:2, 1:0:0:0:0, 2:0:0:0:1, 2:0:0:0:1, 2:0:0:0:2, 2:0:0:0:2, 2:0:0:0:1, 0:0:0:0:0,  , 2:0:0:0:1, 3:0:0:0:2, 1:0:0:0:1, 2:0:0:0:1, 3:0:0:0:2, 3:0:0:0:3, 2:0:0:0:1, 1:0:0:0:0, 0:0:0:0:0, 197:3:12:1:111
F# major blues (6#), 3:0:0:1:1, 2:0:0:0:1, 2:0:0:0:1, 3:0:0:0:0, 3:0:0:0:1, 3:0:0:0:1, 3:0:0:0:1, 2:0:0:0:1, 1:0:0:0:1, 1:0:0:0:0, 3:0:1:0:0, 2:0:0:0:1, 5:0:0:0:1, 2:0:0:0:0, 1:0:0:0:1, 2:0:0:0:0, 4:0:0:1:2, 2:0:0:0:1, 2:0:0:0:1, 1:0:0:0:0, 4:2:1:0:2, 3:0:0:0:1, 0:0:0:0:0, 1:0:0:0:0, 4:0:0:0:1, 3:0:0:0:1, 2:0:0:1:1, 3:0:0:0:0, 2:0:0:0:1, 2:0:0:0:1, 1:0:0:0:0, 4:0:1:0:0, 1:0:1:0:0, 1:0:0:0:1, 3:0:0:0:1,  , 2:0:1:0:0, 4:0:0:0:0, 1:0:0:0:1, 0:0:0:0:0, 2:1:2:0:1, 1:0:0:0:0, 1:0:0:0:1, 2:0:0:0:1, 2:0:0:0:1, 2:0:0:0:0, 0:0:0:0:0, 2:0:0:0:0, 2:0:1:0:0, 3:0:0:0:1, 3:0:0:0:1,  , 3:0:0:0:1, 3:0:0:0:1, 1:0:0:0:1, 1:0:0:0:0, 3:0:0:1:2, 3:0:0:0:1, 1:0:0:0:0,  , 3:0:0:1:2, 2:0:0:1:1, 3:0:0:1:2, 3:0:0:0:1, 3:0:0:1:1, 3:0:0:0:1, 2:0:0:0:1,  , 2:0:1:0:0, 4:0:0:0:0, 2:0:0:0:1, 2:0:0:0:1, 2:0:1:0:0, 1:0:0:0:0, 2:0:0:0:1, 3:0:0:0:1, 2:0:0:0:1, 6:0:0:1:2, 1:0:1:0:0, 2:0:0:0:0, 1:0:0:0:1, 2:0:1:0:0, 3:0:0:0:1, 2:0:0:0:0, 2:0:0:0:0, 2:0:0:0:1, 0:0:0:0:0,  , 3:0:0:1:2, 3:0:0:0:1, 2:0:0:0:0, 3:0:0:1:2, 3:0:0:0:1, 3:0:0:0:0, 3:0:0:0:1, 1:0:0:0:1, 0:0:0:0:0, 204:3:12:11:65
Eb minor blues (6b), 2:0:0:0:2, 2:0:0:0:1, 2:0:0:0:1, 3:0:0:0:3, 3:0:0:0:1, 2:1:2:0:1, 2:0:0:0:1, 2:0:0:0:1, 1:0:0:0:0, 1:0:1:0:0, 3:0:0:0:1, 3:0:0:0:1, 5:0:0:1:3, 3:0:0:0:2, 1:0:0:0:0, 3:0:1:0:1, 3:0:0:0:2, 2:0:0:0:1, 2:0:0:0:1, 1:0:0:0:1, 3:0:0:0:3, 3:0:0:0:2, 0:0:0:0:0, 1:0:0:0:1, 3:2:1:0:3, 4:0:1:0:1, 1:0:0:0:1, 3:0:0:0:3, 2:0:0:0:1, 2:0:0:0:1, 1:0:0:0:1, 4:0:1:0:2, 1:0:0:0:0, 1:0:0:0:0, 3:0:0:0:2,  , 3:0:0:0:1, 6:0:0:0:4, 1:0:0:0:0, 0:0:0:0:0, 3:0:0:0:1, 1:0:1:0:0, 1:0:0:0:0, 2:0:0:0:1, 2:0:0:0:1, 1:0:0:0:1, 0:0:0:0:0, 3:0:0:0:2, 2:0:1:0:0, 3:0:0:0:2, 3:0:0:0:2,  , 3:0:0:0:2, 3:0:0:0:2, 1:0:0:0:0, 1:0:1:0:0, 2:0:0:0:1, 3:0:0:0:2, 1:0:0:0:1,  , 2:0:0:0:1, 1:0:0:0:1, 2:0:0:0:1, 2:0:0:0:1, 2:0:0:0:2, 3:0:0:0:2, 2:0:0:0:1,  , 3:0:0:0:1, 6:0:0:0:4, 3:0:0:0:1, 2:0:1:0:0, 2:0:0:0:1, 1:0:0:0:1, 2:0:0:0:1, 3:0:1:0:1, 3:0:0:0:1, 4:0:0:0:3, 1:0:0:0:0, 2:0:0:0:2, 1:0:0:0:0, 2:0:0:0:1, 2:0:0:0:1, 2:0:0:0:2, 2:0:0:0:2, 2:0:0:0:1, 0:0:0:0:0,  , 2:0:0:0:1, 3:0:0:0:2, 1:0:0:0:1, 2:0:0:0:1, 3:0:0:0:2, 3:0:0:0:3, 2:0:0:0:1, 1:0:0:0:0, 0:0:0:0:0, 197:3:12:1:111
D# minor blues (6#), 3:0:0:1:1, 2:0:0:0:1, 2:0:0:0:1, 3:0:0:0:0, 3:0:0:0:1, 3:0:0:0:1, 3:0:0:0:1, 2:0:0:0:1, 1:0:0:0:1, 1:0:0:0:0, 3:0:1:0:0, 2:0:0:0:1, 5:0:0:0:1, 2:0:0:0:0, 1:0:0:0:1, 2:0:0:0:0, 4:0:0:1:2, 2:0:0:0:1, 2:0:0:0:1, 1:0:0:0:0, 4:2:1:0:2, 3:0:0:0:1, 0:0:0:0:0, 1:0:0:0:0, 4:0:0:0:1, 3:0:0:0:1, 2:0:0:1:1, 3:0:0:0:0, 2:0:0:0:1, 2:0:0:0:1, 1:0:0:0:0, 4:0:1:0:0, 1:0:1:0:0, 1:0:0:0:1, 3:0:0:0:1,  , 2:0:1:0:0, 4:0:0:0:0, 1:0:0:0:1, 0:0:0:0:0, 2:1:2:0:1, 1:0:0:0:0, 1:0:0:0:1, 2:0:0:0:1, 2:0:0:0:1, 2:0:0:0:0, 0:0:0:0:0, 2:0:0:0:0, 2:0:1:0:0, 3:0:0:0:1, 3:0:0:0:1,  , 3:0:0:0:1, 3:0:0:0:1, 1:0:0:0:1, 1:0:0:0:0, 3:0:0:1:2, 3:0:0:0:1, 1:0:0:0:0,  , 3:0:0:1:2, 2:0:0:1:1, 3:0:0:1:2, 3:0:0:0:1, 3:0:0:1:1, 3:0:0:0:1, 2:0:0:0:1,  , 2:0:1:0:0, 4:0:0:0:0, 2:0:0:0:1, 2:0:0:0:1, 2:0:1:0:0, 1:0:0:0:0, 2:0:0:0:1, 3:0:0:0:1, 2:0:0:0:1, 6:0:0:1:2, 1:0:1:0:0, 2:0:0:0:0, 1:0:0:0:1, 2:0:1:0:0, 3:0:0:0:1, 2:0:0:0:0, 2:0:0:0:0, 2:0:0:0:1, 0:0:0:0:0,  , 3:0:0:1:2, 3:0:0:0:1, 2:0:0:0:0, 3:0:0:1:2, 3:0:0:0:1, 3:0:0:0:0, 3:0:0:0:1, 1:0:0:0:1, 0:0:0:0:0, 204:3:12:11:65
Gb dorian (6b), 2:0:0:0:2, 2:0:0:0:1, 2:0:0:0:1, 3:0:0:0:3, 3:0:0:0:1, 2:1:2:0:1, 2:0:0:0:1, 2:0:0:0:1, 1:0:0:0:0, 1:0:1:0:0, 3:0:0:0:1, 3:0:0:0:1, 5:0:0:1:3, 3:0:0:0:2, 1:0:0:0:0, 3:0:1:0:1, 3:0:0:0:2, 2:0:0:0:1, 2:0:0:0:1, 1:0:0:0:1, 3:0:0:0:3, 3:0:0:0:2, 0:0:0:0:0, 1:0:0:0:1, 3:2:1:0:3, 4:0:1:0:1, 1:0:0:0:1, 3:0:0:0:3, 2:0:0:0:1, 2:0:0:0:1, 1:0:0:0:1, 4:0:1:0:2, 1:0:0:0:0, 1:0:0:0:0, 3:0:0:0:2,  , 3:0:0:0:1, 6:0:0:0:4, 1:0:0:0:0, 0:0:0:0:0, 3:0:0:0:1, 1:0:1:0:0, 1:0:0:0:0, 2:0:0:0:1, 2:0:0:0:1, 1:0:0:0:1, 0:0:0:0:0, 3:0:0:0:2, 2:0:1:0:0, 3:0:0:0:2, 3:0:0:0:2,  , 3:0:0:0:2, 3:0:0:0:2, 1:0:0:0:0, 1:0:1:0:0, 2:0:0:0:1, 3:0:0:0:2, 1:0:0:0:1,  , 2:0:0:0:1, 1:0:0:0:1, 2:0:0:0:1, 2:0:0:0:1, 2:0:0:0:2, 3:0:0:0:2, 2:0:0:0:1,  , 3:0:0:0:1, 6:0:0:0:4, 3:0:0:0:1, 2:0:1:0:0, 2:0:0:0:1, 1:0:0:0:1, 2:0:0:0:1, 3:0:1:0:1, 3:0:0:0:1, 4:0:0:0:3, 1:0:0:0:0, 2:0:0:0:2, 1:0:0:0:0, 2:0:0:0:1, 2:0:0:0:1, 2:0:0:0:2, 2:0:0:0:2, 2:0:0:0:1, 0:0:0:0:0,  , 2:0:0:0:1, 3:0:0:0:2, 1:0:0:0:1, 2:0:0:0:1, 3:0:0:0:2, 3:0:0:0:3, 2:0:0:0:1, 1:0:0:0:0, 0:0:0:0:0, 197:3:12:1:111
F# dorian (6#), 3:0:0:1:1, 2:0:0:0:1, 2:0:0:0:1, 3:0:0:0:0, 3:0:0:0:1, 3:0:0:0:1, 3:0:0:0:1, 2:0:0:0:1, 1:0:0:0:1, 1:0:0:0:0, 3:0:1:0:0, 2:0:0:0:1, 5:0:0:0:1, 2:0:0:0:0, 1:0:0:0:1, 2:0:0:0:0, 4:0:0:1:2, 2:0:0:0:1, 2:0:0:0:1, 1:0:0:0:0, 4:2:1:0:2, 3:0:0:0:1, 0:0:0:0:0, 1:0:0:0:0, 4:0:0:0:1, 3:0:0:0:1, 2:0:0:1:1, 3:0:0:0:0, 2:0:0:0:1, 2:0:0:0:1, 1:0:0:0:0, 4:0:1:0:0, 1:0:1:0:0, 1:0:0:0:1, 3:0:0:0:1,  , 2:0:1:0:0, 4:0:0:0:0, 1:0:0:0:1, 0:0:0:0:0, 2:1:2:0:1, 1:0:0:0:0, 1:0:0:0:1, 2:0:0:0:1, 2:0:0:0:1, 2:0:0:0:0, 0:0:0:0:0, 2:0:0:0:0, 2:0:1:0:0, 3:0:0:0:1, 3:0:0:0:1,  , 3:0:0:0:1, 3:0:0:0:1, 1:0:0:0:1, 1:0:0:0:0, 3:0:0:1:2, 3:0:0:0:1, 1:0:0:0:0,  , 3:0:0:1:2, 2:0:0:1:1, 3:0:0:1:2, 3:0:0:0:1, 3:0:0:1:1, 3:0:0:0:1, 2:0:0:0:1,  , 2:0:1:0:0, 4:0:0:0:0, 2:0:0:0:1, 2:0:0:0:1, 2:0:1:0:0, 1:0:0:0:0, 2:0:0:0:1, 3:0:0:0:1, 2:0:0:0:1, 6:0:0:1:2, 1:0:1:0:0, 2:0:0:0:0, 1:0:0:0:1, 2:0:1:0:0, 3:0:0:0:1, 2:0:0:0:0, 2:0:0:0:0, 2:0:0:0:1, 0:0:0:0:0,  , 3:0:0:1:2, 3:0:0:0:1, 2:0:0:0:0, 3:0:0:1:2, 3:0:0:0:1, 3:0:0:0:0, 3:0:0:0:1, 1:0:0:0:1, 0:0:0:0:0, 204:3:12:11:65
Gb phrygian (6b), 2:0:0:0:2, 2:0:0:0:1, 2:0:0:0:1, 3:0:0:0:3, 3:0:0:0:1, 2:1:2:0:1, 2:0:0:0:1, 2:0:0:0:1, 1:0:0:0:0, 1:0:1:0:0, 3:0:0:0:1, 3:0:0:0:1, 5:0:0:1:3, 3:0:0:0:2, 1:0:0:0:0, 3:0:1:0:1, 3:0:0:0:2, 2:0:0:0:1, 2:0:0:0:1, 1:0:0:0:1, 3:0:0:0:3, 3:0:0:0:2, 0:0:0:0:0, 1:0:0:0:1, 3:2:1:0:3, 4:0:1:0:1, 1:0:0:0:1, 3:0:0:0:3, 2:0:0:0:1, 2:0:0:0:1, 1:0:0:0:1, 4:0:1:0:2, 1:0:0:0:0, 1:0:0:0:0, 3:0:0:0:2,  , 3:0:0:0:1, 6:0:0:0:4, 1:0:0:0:0, 0:0:0:0:0, 3:0:0:0:1, 1:0:1:0:0, 1:0:0:0:0, 2:0:0:0:1, 2:0:0:0:1, 1:0:0:0:1, 0:0:0:0:0, 3:0:0:0:2, 2:0:1:0:0, 3:0:0:0:2, 3:0:0:0:2,  , 3:0:0:0:2, 3:0:0:0:2, 1:0:0:0:0, 1:0:1:0:0, 2:0:0:0:1, 3:0:0:0:2, 1:0:0:0:1,  , 2:0:0:0:1, 1:0:0:0:1, 2:0:0:0:1, 2:0:0:0:1, 2:0:0:0:2, 3:0:0:0:2, 2:0:0:0:1,  , 3:0:0:0:1, 6:0:0:0:4, 3:0:0:0:1, 2:0:1:0:0, 2:0:0:0:1, 1:0:0:0:1, 2:0:0:0:1, 3:0:1:0:1, 3:0:0:0:1, 4:0:0:0:3, 1:0:0:0:0, 2:0:0:0:2, 1:0:0:0:0, 2:0:0:0:1, 2:0:0:0:1, 2:0:0:0:2, 2:0:0:0:2, 2:0:0:0:1, 0:0:0:0:0,  , 2:0:0:0:1, 3:0:0:0:2, 1:0:0:0:1, 2:0:0:0:1, 3:0:0:0:2, 3:0:0:0:3, 2:0:0:0:1, 1:0:0:0:0, 0:0:0:0:0, 197:3:12:1:111
F# phrygian (6#), 3:0:0:1:1, 2:0:0:0:1, 2:0:0:0:1, 3:0:0:0:0, 3:0:0:0:1, 3:0:0:0:1, 3:0:0:0:1, 2:0:0:0:1, 1:0:0:0:1, 1:0:0:0:0, 3:0:1:0:0, 2:0:0:0:1, 5:0:0:0:1, 2:0:0:0:0, 1:0:0:0:1, 2:0:0:0:0, 4:0:0:1:2, 2:0:0:0:1, 2:0:0:0:1, 1:0:0:0:0, 4:2:1:0:2, 3:0:0:0:1, 0:0:0:0:0, 1:0:0:0:0, 4:0:0:0:1, 3:0:0:0:1, 2:0:0:1:1, 3:0:0:0:0, 2:0:0:0:1, 2:0:0:0:1, 1:0:0:0:0, 4:0:1:0:0, 1:0:1:0:0, 1:0:0:0:1, 3:0:0:0:1,  , 2:0:1:0:0, 4:0:0:0:0, 1:0:0:0:1, 0:0:0:0:0, 2:1:2:0:1, 1:0:0:0:0, 1:0:0:0:1, 2:0:0:0:1, 2:0:0:0:1, 2:0:0:0:0, 0:0:0:0:0, 2:0:0:0:0, 2:0:1:0:0, 3:0:0:0:1, 3:0:0:0:1,  , 3:0:0:0:1, 3:0:0:0:1, 1:0:0:0:1, 1:0:0:0:0, 3:0:0:1:2, 3:0:0:0:1, 1:0:0:0:0,  , 3:0:0:1:2, 2:0:0:1:1, 3:0:0:1:2, 3:0:0:0:1, 3:0:0:1:1, 3:0:0:0:1, 2:0:0:0:1,  , 2:0:1:0:0, 4:0:0:0:0, 2:0:0:0:1, 2:0:0:0:1, 2:0:1:0:0, 1:0:0:0:0, 2:0:0:0:1, 3:0:0:0:1, 2:0:0:0:1, 6:0:0:1:2, 1:0:1:0:0, 2:0:0:0:0, 1:0:0:0:1, 2:0:1:0:0, 3:0:0:0:1, 2:0:0:0:0, 2:0:0:0:0, 2:0:0:0:1, 0:0:0:0:0,  , 3:0:0:1:2, 3:0:0:0:1, 2:0:0:0:0, 3:0:0:1:2, 3:0:0:0:1, 3:0:0:0:0, 3:0:0:0:1, 1:0:0:0:1, 0:0:0:0:0, 204:3:12:11:65
Gb lydian (6b), 2:0:0:0:2, 2:0:0:0:1, 2:0:0:0:1, 3:0:0:0:3, 3:0:0:0:1, 2:1:2:0:1, 2:0:0:0:1, 2:0:0:0:1, 1:0:0:0:0, 1:0:1:0:0, 3:0:0:0:1, 3:0:0:0:1, 5:0:0:1:3, 3:0:0:0:2, 1:0:0:0:0, 3:0:1:0:1, 3:0:0:0:2, 2:0:0:0:1, 2:0:0:0:1, 1:0:0:0:1, 3:0:0:0:3, 3:0:0:0:2, 0:0:0:0:0, 1:0:0:0:1, 3:2:1:0:3, 4:0:1:0:1, 1:0:0:0:1, 3:0:0:0:3, 2:0:0:0:1, 2:0:0:0:1, 1:0:0:0:1, 4:0:1:0:2, 1:0:0:0:0, 1:0:0:0:0, 3:0:0:0:2,  , 3:0:0:0:1, 6:0:0:0:4, 1:0:0:0:0, 0:0:0:0:0, 3:0:0:0:1, 1:0:1:0:0, 1:0:0:0:0, 2:0:0:0:1, 2:0:0:0:1, 1:0:0:0:1, 0:0:0:0:0, 3:0:0:0:2, 2:0:1:0:0, 3:0:0:0:2, 3:0:0:0:2,  , 3:0:0:0:2, 3:0:0:0:2, 1:0:0:0:0, 1:0:1:0:0, 2:0:0:0:1, 3:0:0:0:2, 1:0:0:0:1,  , 2:0:0:0:1, 1:0:0:0:1, 2:0:0:0:1, 2:0:0:0:1, 2:0:0:0:2, 3:0:0:0:2, 2:0:0:0:1,  , 3:0:0:0:1, 6:0:0:0:4, 3:0:0:0:1, 2:0:1:0:0, 2:0:0:0:1, 1:0:0:0:1, 2:0:0:0:1, 3:0:1:0:1, 3:0:0:0:1, 4:0:0:0:3, 1:0:0:0:0, 2:0:0:0:2, 1:0:0:0:0, 2:0:0:0:1, 2:0:0:0:1, 2:0:0:0:2, 2:0:0:0:2, 2:0:0:0:1, 0:0:0:0:0,  , 2:0:0:0:1, 3:0:0:0:2, 1:0:0:0:1, 2:0:0:0:1, 3:0:0:0:2, 3:0:0:0:3, 2:0:0:0:1, 1:0:0:0:0, 0:0:0:0:0, 197:3:12:1:111
F# lydian (6#), 3:0:0:1:1, 2:0:0:0:1, 2:0:0:0:1, 3:0:0:0:0, 3:0:0:0:1, 3:0:0:0:1, 3:0:0:0:1, 2:0:0:0:1, 1:0:0:0:1, 1:0:0:0:0, 3:0:1:0:0, 2:0:0:0:1, 5:0:0:0:1, 2:0:0:0:0, 1:0:0:0:1, 2:0:0:0:0, 4:0:0:1:2, 2:0:0:0:1, 2:0:0:0:1, 1:0:0:0:0, 4:2:1:0:2, 3:0:0:0:1, 0:0:0:0:0, 1:0:0:0:0, 4:0:0:0:1, 3:0:0:0:1, 2:0:0:1:1, 3:0:0:0:0, 2:0:0:0:1, 2:0:0:0:1, 1:0:0:0:0, 4:0:1:0:0, 1:0:1:0:0, 1:0:0:0:1, 3:0:0:0:1,  , 2:0:1:0:0, 4:0:0:0:0, 1:0:0:0:1, 0:0:0:0:0, 2:1:2:0:1, 1:0:0:0:0, 1:0:0:0:1, 2:0:0:0:1, 2:0:0:0:1, 2:0:0:0:0, 0:0:0:0:0, 2:0:0:0:0, 2:0:1:0:0, 3:0:0:0:1, 3:0:0:0:1,  , 3:0:0:0:1, 3:0:0:0:1, 1:0:0:0:1, 1:0:0:0:0, 3:0:0:1:2, 3:0:0:0:1, 1:0:0:0:0,  , 3:0:0:1:2, 2:0:0:1:1, 3:0:0:1:2, 3:0:0:0:1, 3:0:0:1:1, 3:0:0:0:1, 2:0:0:0:1,  , 2:0:1:0:0, 4:0:0:0:0, 2:0:0:0:1, 2:0:0:0:1, 2:0:1:0:0, 1:0:0:0:0, 2:0:0:0:1, 3:0:0:0:1, 2:0:0:0:1, 6:0:0:1:2, 1:0:1:0:0, 2:0:0:0:0, 1:0:0:0:1, 2:0:1:0:0, 3:0:0:0:1, 2:0:0:0:0, 2:0:0:0:0, 2:0:0:0:1, 0:0:0:0:0,  , 3:0:0:1:2, 3:0:0:0:1, 2:0:0:0:0, 3:0:0:1:2, 3:0:0:0:1, 3:0:0:0:0, 3:0:0:0:1, 1:0:0:0:1, 0:0:0:0:0, 204:3:12:11:65
Gb mixolydian (6b), 2:0:0:0:2, 2:0:0:0:1, 2:0:0:0:1, 3:0:0:0:3, 3:0:0:0:1, 2:1:2:0:1, 2:0:0:0:1, 2:0:0:0:1, 1:0:0:0:0, 1:0:1:0:0, 3:0:0:0:1, 3:0:0:0:1, 5:0:0:1:3, 3:0:0:0:2, 1:0:0:0:0, 3:0:1:0:1, 3:0:0:0:2, 2:0:0:0:1, 2:0:0:0:1, 1:0:0:0:1, 3:0:0:0:3, 3:0:0:0:2, 0:0:0:0:0, 1:0:0:0:1, 3:2:1:0:3, 4:0:1:0:1, 1:0:0:0:1, 3:0:0:0:3, 2:0:0:0:1, 2:0:0:0:1, 1:0:0:0:1, 4:0:1:0:2, 1:0:0:0:0, 1:0:0:0:0, 3:0:0:0:2,  , 3:0:0:0:1, 6:0:0:0:4, 1:0:0:0:0, 0:0:0:0:0, 3:0:0:0:1, 1:0:1:0:0, 1:0:0:0:0, 2:0:0:0:1, 2:0:0:0:1, 1:0:0:0:1, 0:0:0:0:0, 3:0:0:0:2, 2:0:1:0:0, 3:0:0:0:2, 3:0:0:0:2,  , 3:0:0:0:2, 3:0:0:0:2, 1:0:0:0:0, 1:0:1:0:0, 2:0:0:0:1, 3:0:0:0:2, 1:0:0:0:1,  , 2:0:0:0:1, 1:0:0:0:1, 2:0:0:0:1, 2:0:0:0:1, 2:0:0:0:2, 3:0:0:0:2, 2:0:0:0:1,  , 3:0:0:0:1, 6:0:0:0:4, 3:0:0:0:1, 2:0:1:0:0, 2:0:0:0:1, 1:0:0:0:1, 2:0:0:0:1, 3:0:1:0:1, 3:0:0:0:1, 4:0:0:0:3, 1:0:0:0:0, 2:0:0:0:2, 1:0:0:0:0, 2:0:0:0:1, 2:0:0:0:1, 2:0:0:0:2, 2:0:0:0:2, 2:0:0:0:1, 0:0:0:0:0,  , 2:0:0:0:1, 3:0:0:0:2, 1:0:0:0:1, 2:0:0:0:1, 3:0:0:0:2, 3:0:0:0:3, 2:0:0:0:1, 1:0:0:0:0, 0:0:0:0:0, 197:3:12:1:111
F# mixolydian (6#), 3:0:0:1:1, 2:0:0:0:1, 2:0:0:0:1, 3:0:0:0:0, 3:0:0:0:1, 3:0:0:0:1, 3:0:0:0:1, 2:0:0:0:1, 1:0:0:0:1, 1:0:0:0:0, 3:0:1:0:0, 2:0:0:0:1, 5:0:0:0:1, 2:0:0:0:0, 1:0:0:0:1, 2:0:0:0:0, 4:0:0:1:2, 2:0:0:0:1, 2:0:0:0:1, 1:0:0:0:0, 4:2:1:0:2, 3:0:0:0:1, 0:0:0:0:0, 1:0:0:0:0, 4:0:0:0:1, 3:0:0:0:1, 2:0:0:1:1, 3:0:0:0:0, 2:0:0:0:1, 2:0:0:0:1, 1:0:0:0:0, 4:0:1:0:0, 1:0:1:0:0, 1:0:0:0:1, 3:0:0:0:1,  , 2:0:1:0:0, 4:0:0:0:0, 1:0:0:0:1, 0:0:0:0:0, 2:1:2:0:1, 1:0:0:0:0, 1:0:0:0:1, 2:0:0:0:1, 2:0:0:0:1, 2:0:0:0:0, 0:0:0:0:0, 2:0:0:0:0, 2:0:1:0:0, 3:0:0:0:1, 3:0:0:0:1,  , 3:0:0:0:1, 3:0:0:0:1, 1:0:0:0:1, 1:0:0:0:0, 3:0:0:1:2, 3:0:0:0:1, 1:0:0:0:0,  , 3:0:0:1:2, 2:0:0:1:1, 3:0:0:1:2, 3:0:0:0:1, 3:0:0:1:1, 3:0:0:0:1, 2:0:0:0:1,  , 2:0:1:0:0, 4:0:0:0:0, 2:0:0:0:1, 2:0:0:0:1, 2:0:1:0:0, 1:0:0:0:0, 2:0:0:0:1, 3:0:0:0:1, 2:0:0:0:1, 6:0:0:1:2, 1:0:1:0:0, 2:0:0:0:0, 1:0:0:0:1, 2:0:1:0:0, 3:0:0:0:1, 2:0:0:0:0, 2:0:0:0:0, 2:0:0:0:1, 0:0:0:0:0,  , 3:0:0:1:2, 3:0:0:0:1, 2:0:0:0:0, 3:0:0:1:2, 3:0:0:0:1, 3:0:0:0:0, 3:0:0:0:1, 1:0:0:0:1, 0:0:0:0:0, 204:3:12:11:65
Gb aeolian (6b), 2:0:0:0:2, 2:0:0:0:1, 2:0:0:0:1, 3:0:0:0:3, 3:0:0:0:1, 2:1:2:0:1, 2:0:0:0:1, 2:0:0:0:1, 1:0:0:0:0, 1:0:1:0:0, 3:0:0:0:1, 3:0:0:0:1, 5:0:0:1:3, 3:0:0:0:2, 1:0:0:0:0, 3:0:1:0:1, 3:0:0:0:2, 2:0:0:0:1, 2:0:0:0:1, 1:0:0:0:1, 3:0:0:0:3, 3:0:0:0:2, 0:0:0:0:0, 1:0:0:0:1, 3:2:1:0:3, 4:0:1:0:1, 1:0:0:0:1, 3:0:0:0:3, 2:0:0:0:1, 2:0:0:0:1, 1:0:0:0:1, 4:0:1:0:2, 1:0:0:0:0, 1:0:0:0:0, 3:0:0:0:2,  , 3:0:0:0:1, 6:0:0:0:4, 1:0:0:0:0, 0:0:0:0:0, 3:0:0:0:1, 1:0:1:0:0, 1:0:0:0:0, 2:0:0:0:1, 2:0:0:0:1, 1:0:0:0:1, 0:0:0:0:0, 3:0:0:0:2, 2:0:1:0:0, 3:0:0:0:2, 3:0:0:0:2,  , 3:0:0:0:2, 3:0:0:0:2, 1:0:0:0:0, 1:0:1:0:0, 2:0:0:0:1, 3:0:0:0:2, 1:0:0:0:1,  , 2:0:0:0:1, 1:0:0:0:1, 2:0:0:0:1, 2:0:0:0:1, 2:0:0:0:2, 3:0:0:0:2, 2:0:0:0:1,  , 3:0:0:0:1, 6:0:0:0:4, 3:0:0:0:1, 2:0:1:0:0, 2:0:0:0:1, 1:0:0:0:1, 2:0:0:0:1, 3:0:1:0:1, 3:0:0:0:1, 4:0:0:0:3, 1:0:0:0:0, 2:0:0:0:2, 1:0:0:0:0, 2:0:0:0:1, 2:0:0:0:1, 2:0:0:0:2, 2:0:0:0:2, 2:0:0:0:1, 0:0:0:0:0,  , 2:0:0:0:1, 3:0:0:0:2, 1:0:0:0:1, 2:0:0:0:1, 3:0:0:0:2, 3:0:0:0:3, 2:0:0:0:1, 1:0:0:0:0, 0:0:0:0:0, 197:3:12:1:111
F# aeolian (6#), 3:0:0:1:1, 2:0:0:0:1, 2:0:0:0:1, 3:0:0:0:0, 3:0:0:0:1, 3:0:0:0:1, 3:0:0:0:1, 2:0:0:0:1, 1:0:0:0:1, 1:0:0:0:0, 3:0:1:0:0, 2:0:0:0:1, 5:0:0:0:1, 2:0:0:0:0, 1:0:0:0:1, 2:0:0:0:0, 4:0:0:1:2, 2:0:0:0:1, 2:0:0:0:1, 1:0:0:0:0, 4:2:1:0:2, 3:0:0:0:1, 0:0:0:0:0, 1:0:0:0:0, 4:0:0:0:1, 3:0:0:0:1, 2:0:0:1:1, 3:0:0:0:0, 2:0:0:0:1, 2:0:0:0:1, 1:0:0:0:0, 4:0:1:0:0, 1:0:1:0:0, 1:0:0:0:1, 3:0:0:0:1,  , 2:0:1:0:0, 4:0:0:0:0, 1:0:0:0:1, 0:0:0:0:0, 2:1:2:0:1, 1:0:0:0:0, 1:0:0:0:1, 2:0:0:0:1, 2:0:0:0:1, 2:0:0:0:0, 0:0:0:0:0, 2:0:0:0:0, 2:0:1:0:0, 3:0:0:0:1, 3:0:0:0:1,  , 3:0:0:0:1, 3:0:0:0:1, 1:0:0:0:1, 1:0:0:0:0, 3:0:0:1:2, 3:0:0:0:1, 1:0:0:0:0,  , 3:0:0:1:2, 2:0:0:1:1, 3:0:0:1:2, 3:0:0:0:1, 3:0:0:1:1, 3:0:0:0:1, 2:0:0:0:1,  , 2:0:1:0:0, 4:0:0:0:0, 2:0:0:0:1, 2:0:0:0:1, 2:0:1:0:0, 1:0:0:0:0, 2:0:0:0:1, 3:0:0:0:1, 2:0:0:0:1, 6:0:0:1:2, 1:0:1:0:0, 2:0:0:0:0, 1:0:0:0:1, 2:0:1:0:0, 3:0:0:0:1, 2:0:0:0:0, 2:0:0:0:0, 2:0:0:0:1, 0:0:0:0:0,  , 3:0:0:1:2, 3:0:0:0:1, 2:0:0:0:0, 3:0:0:1:2, 3:0:0:0:1, 3:0:0:0:0, 3:0:0:0:1, 1:0:0:0:1, 0:0:0:0:0, 204:3:12:11:65
Gb locrian (6b), 2:0:0:0:2, 2:0:0:0:1, 2:0:0:0:1, 3:0:0:0:3, 3:0:0:0:1, 2:1:2:0:1, 2:0:0:0:1, 2:0:0:0:1, 1:0:0:0:0, 1:0:1:0:0, 3:0:0:0:1, 3:0:0:0:1, 5:0:0:1:3, 3:0:0:0:2, 1:0:0:0:0, 3:0:1:0:1, 3:0:0:0:2, 2:0:0:0:1, 2:0:0:0:1, 1:0:0:0:1, 3:0:0:0:3, 3:0:0:0:2, 0:0:0:0:0, 1:0:0:0:1, 3:2:1:0:3, 4:0:1:0:1, 1:0:0:0:1, 3:0:0:0:3, 2:0:0:0:1, 2:0:0:0:1, 1:0:0:0:1, 4:0:1:0:2, 1:0:0:0:0, 1:0:0:0:0, 3:0:0:0:2,  , 3:0:0:0:1, 6:0:0:0:4, 1:0:0:0:0, 0:0:0:0:0, 3:0:0:0:1, 1:0:1:0:0, 1:0:0:0:0, 2:0:0:0:1, 2:0:0:0:1, 1:0:0:0:1, 0:0:0:0:0, 3:0:0:0:2, 2:0:1:0:0, 3:0:0:0:2, 3:0:0:0:2,  , 3:0:0:0:2, 3:0:0:0:2, 1:0:0:0:0, 1:0:1:0:0, 2:0:0:0:1, 3:0:0:0:2, 1:0:0:0:1,  , 2:0:0:0:1, 1:0:0:0:1, 2:0:0:0:1, 2:0:0:0:1, 2:0:0:0:2, 3:0:0:0:2, 2:0:0:0:1,  , 3:0:0:0:1, 6:0:0:0:4, 3:0:0:0:1, 2:0:1:0:0, 2:0:0:0:1, 1:0:0:0:1, 2:0:0:0:1, 3:0:1:0:1, 3:0:0:0:1, 4:0:0:0:3, 1:0:0:0:0, 2:0:0:0:2, 1:0:0:0:0, 2:0:0:0:1, 2:0:0:0:1, 2:0:0:0:2, 2:0:0:0:2, 2:0:0:0:1, 0:0:0:0:0,  , 2:0:0:0:1, 3:0:0:0:2, 1:0:0:0:1, 2:0:0:0:1, 3:0:0:0:2, 3:0:0:0:3, 2:0:0:0:1, 1:0:0:0:0, 0:0:0:0:0, 197:3:12:1:111
F# locrian (6#), 3:0:0:1:1, 2:0:0:0:1, 2:0:0:0:1, 3:0:0:0:0, 3:0:0:0:1, 3:0:0:0:1, 3:0:0:0:1, 2:0:0:0:1, 1:0:0:0:1, 1:0:0:0:0, 3:0:1:0:0, 2:0:0:0:1, 5:0:0:0:1, 2:0:0:0:0, 1:0:0:0:1, 2:0:0:0:0, 4:0:0:1:2, 2:0:0:0:1, 2:0:0:0:1, 1:0:0:0:0, 4:2:1:0:2, 3:0:0:0:1, 0:0:0:0:0, 1:0:0:0:0, 4:0:0:0:1, 3:0:0:0:1, 2:0:0:1:1, 3:0:0:0:0, 2:0:0:0:1, 2:0:0:0:1, 1:0:0:0:0, 4:0:1:0:0, 1:0:1:0:0, 1:0:0:0:1, 3:0:0:0:1,  , 2:0:1:0:0, 4:0:0:0:0, 1:0:0:0:1, 0:0:0:0:0, 2:1:2:0:1, 1:0:0:0:0, 1:0:0:0:1, 2:0:0:0:1, 2:0:0:0:1, 2:0:0:0:0, 0:0:0:0:0, 2:0:0:0:0, 2:0:1:0:0, 3:0:0:0:1, 3:0:0:0:1,  , 3:0:0:0:1, 3:0:0:0:1, 1:0:0:0:1, 1:0:0:0:0, 3:0:0:1:2, 3:0:0:0:1, 1:0:0:0:0,  , 3:0:0:1:2, 2:0:0:1:1, 3:0:0:1:2, 3:0:0:0:1, 3:0:0:1:1, 3:0:0:0:1, 2:0:0:0:1,  , 2:0:1:0:0, 4:0:0:0:0, 2:0:0:0:1, 2:0:0:0:1, 2:0:1:0:0, 1:0:0:0:0, 2:0:0:0:1, 3:0:0:0:1, 2:0:0:0:1, 6:0:0:1:2, 1:0:1:0:0, 2:0:0:0:0, 1:0:0:0:1, 2:0:1:0:0, 3:0:0:0:1, 2:0:0:0:0, 2:0:0:0:0, 2:0:0:0:1, 0:0:0:0:0,  , 3:0:0:1:2, 3:0:0:0:1, 2:0:0:0:0, 3:0:0:1:2, 3:0:0:0:1, 3:0:0:0:0, 3:0:0:0:1, 1:0:0:0:1, 0:0:0:0:0, 204:3:12:11:65
Cb major (7b), 2:1:1:0:2, 3:0:0:0:2, 3:0:0:0:2, 3:1:1:0:3, 4:0:0:0:2, 3:1:1:0:1, 3:0:0:0:2, 2:1:1:0:2, 1:0:0:0:1, 0:0:0:0:0, 3:0:0:0:2, 4:0:0:0:2, 5:0:0:1:2, 3:1:1:0:2, 2:0:0:0:1, 2:0:0:0:1, 3:1:1:0:3, 3:0:0:0:2, 3:0:0:0:2, 2:0:0:0:1, 3:0:0:0:2, 2:0:0:0:2, 1:0:0:0:0, 1:0:0:0:1, 3:2:1:0:3, 3:0:0:0:2, 2:0:0:0:1, 3:1:1:0:3, 3:0:0:0:2, 3:0:0:0:2, 2:0:0:0:1, 5:0:0:0:3, 1:0:0:0:1, 1:0:0:0:1, 4:0:0:0:3,  , 4:0:0:0:2, 6:1:1:0:4, 1:0:0:0:1, 0:0:0:0:0, 2:0:0:0:1, 0:0:0:0:0, 1:0:0:0:1, 2:0:0:0:2, 3:0:0:0:2, 2:0:0:0:1, 1:0:0:0:0, 4:0:0:0:1, 1:0:0:0:1, 4:0:0:0:3, 4:0:0:0:3,  , 3:1:1:0:3, 3:1:1:0:3, 1:0:0:0:1, 0:0:0:0:0, 3:0:0:0:2, 2:0:0:0:2, 2:0:0:0:1,  , 3:0:0:0:2, 2:0:0:0:1, 3:0:0:0:2, 3:0:0:0:2, 2:1:1:0:2, 2:0:0:0:2, 3:0:0:0:2,  , 4:0:0:0:2, 6:1:1:0:4, 3:0:0:0:2, 1:0:0:0:1, 3:0:0:0:1, 0:0:0:0:0, 2:0:0:0:2, 4:0:0:0:2, 4:0:0:0:2, 5:0:0:0:4, 1:0:0:0:1, 2:1:1:0:2, 1:0:0:0:1, 3:0:0:0:2, 3:0:0:0:2, 2:0:0:0:2, 2:1:1:0:2, 2:0:0:0:2, 1:0:0:0:0,  , 3:0:0:0:2, 2:0:0:0:2, 2:0:0:0:1, 3:0:0:0:2, 2:0:0:0:2, 3:1:1:0:3, 2:0:0:0:2, 1:0:0:0:1, 0:0:0:0:0, 225:17:16:1:158
C# major (7#), 3:0:0:1:0, 1:0:0:0:0, 1:0:0:0:0, 3:0:0:0:1, 2:0:0:0:0, 2:0:0:0:0, 2:0:0:0:1, 1:0:0:0:0, 0:0:0:0:0, 1:0:0:0:0, 2:0:0:0:0, 1:0:0:0:0, 5:1:1:0:1, 2:0:0:0:1, 0:0:0:0:0, 2:0:0:0:1, 3:0:0:1:0, 1:0:0:0:0, 1:0:0:0:0, 1:0:0:0:1, 4:2:1:0:3, 2:0:0:0:1, 0:0:0:0:0, 1:0:0:0:1, 4:0:0:0:0, 2:0:0:0:0, 2:0:0:1:0, 4:0:0:0:1, 1:0:0:0:0, 1:0:0:0:1, 1:0:0:0:1, 3:0:0:0:1, 0:0:0:0:0, 0:0:0:0:0, 2:0:0:0:1,  , 1:0:0:0:0, 4:0:0:0:1, 0:0:0:0:0, 0:0:0:0:0, 1:1:1:0:1, 2:0:0:0:0, 0:0:0:0:0, 1:0:0:0:0, 1:0:0:0:0, 2:0:0:0:1, 0:0:0:0:0, 2:0:0:0:1, 1:0:0:0:0, 2:0:0:0:0, 2:0:0:0:1,  , 2:0:0:0:1, 2:0:0:0:1, 0:0:0:0:0, 2:0:0:0:0, 2:0:0:1:0, 2:0:0:0:1, 1:0:0:0:0,  , 3:1:1:1:1, 3:0:0:1:0, 2:0:0:1:0, 3:1:1:0:2, 3:0:0:1:0, 2:0:0:0:0, 1:0:0:0:0,  , 1:0:0:0:0, 4:0:0:0:1, 2:1:1:0:2, 2:1:1:0:1, 1:0:0:0:0, 1:0:0:0:0, 2:1:1:0:2, 2:0:0:0:1, 1:0:0:0:0, 5:0:0:1:0, 0:0:0:0:0, 2:0:0:0:0, 0:0:0:0:0, 1:0:0:0:1, 2:0:0:0:0, 2:0:0:0:1, 2:0:0:0:1, 1:0:0:0:1, 0:0:0:0:0,  , 3:1:1:1:1, 2:0:0:0:1, 2:0:0:0:1, 3:1:1:1:1, 2:0:0:0:0, 3:0:0:0:1, 3:1:1:0:2, 0:0:0:0:0, 0:0:0:0:0, 157:12:11:11:45
Ab minor (7b), 2:1:1:0:2, 3:0:0:0:2, 3:0:0:0:2, 3:1:1:0:3, 4:0:0:0:2, 3:1:1:0:1, 3:0:0:0:2, 2:1:1:0:2, 1:0:0:0:1, 0:0:0:0:0, 3:0:0:0:2, 4:0:0:0:2, 5:0:0:1:2, 3:1:1:0:2, 2:0:0:0:1, 2:0:0:0:1, 3:1:1:0:3, 3:0:0:0:2, 3:0:0:0:2, 2:0:0:0:1, 3:0:0:0:2, 2:0:0:0:2, 1:0:0:0:0, 1:0:0:0:1, 3:2:1:0:3, 3:0:0:0:2, 2:0:0:0:1, 3:1:1:0:3, 3:0:0:0:2, 3:0:0:0:2, 2:0:0:0:1, 5:0:0:0:3, 1:0:0:0:1, 1:0:0:0:1, 4:0:0:0:3,  , 4:0:0:0:2, 6:1:1:0:4, 1:0:0:0:1, 0:0:0:0:0, 2:0:0:0:1, 0:0:0:0:0, 1:0:0:0:1, 2:0:0:0:2, 3:0:0:0:2, 2:0:0:0:1, 1:0:0:0:0, 4:0:0:0:1, 1:0:0:0:1, 4:0:0:0:3, 4:0:0:0:3,  , 3:1:1:0:3, 3:1:1:0:3, 1:0:0:0:1, 0:0:0:0:0, 3:0:0:0:2, 2:0:0:0:2, 2:0:0:0:1,  , 3:0:0:0:2, 2:0:0:0:1, 3:0:0:0:2, 3:0:0:0:2, 2:1:1:0:2, 2:0:0:0:2, 3:0:0:0:2,  , 4:0:0:0:2, 6:1:1:0:4, 3:0:0:0:2, 1:0:0:0:1, 3:0:0:0:1, 0:0:0:0:0, 2:0:0:0:2, 4:0:0:0:2, 4:0:0:0:2, 5:0:0:0:4, 1:0:0:0:1, 2:1:1:0:2, 1:0:0:0:1, 3:0:0:0:2, 3:0:0:0:2, 2:0:0:0:2, 2:1:1:0:2, 2:0:0:0:2, 1:0:0:0:0,  , 3:0:0:0:2, 2:0:0:0:2, 2:0:0:0:1, 3:0:0:0:2, 2:0:0:0:2, 3:1:1:0:3, 2:0:0:0:2, 1:0:0:0:1, 0:0:0:0:0, 225:17:16:1:158
A# minor (7#), 3:0:0:1:0, 1:0:0:0:0, 1:0:0:0:0, 3:0:0:0:1, 2:0:0:0:0, 2:0:0:0:0, 2:0:0:0:1, 1:0:0:0:0, 0:0:0:0:0, 1:0:0:0:0, 2:0:0:0:0, 1:0:0:0:0, 5:1:1:0:1, 2:0:0:0:1, 0:0:0:0:0, 2:0:0:0:1, 3:0:0:1:0, 1:0:0:0:0, 1:0:0:0:0, 1:0:0:0:1, 4:2:1:0:3, 2:0:0:0:1, 0:0:0:0:0, 1:0:0:0:1, 4:0:0:0:0, 2:0:0:0:0, 2:0:0:1:0, 4:0:0:0:1, 1:0:0:0:0, 1:0:0:0:1, 1:0:0:0:1, 3:0:0:0:1, 0:0:0:0:0, 0:0:0:0:0, 2:0:0:0:1,  , 1:0:0:0:0, 4:0:0:0:1, 0:0:0:0:0, 0:0:0:0:0, 1:1:1:0:1, 2:0:0:0:0, 0:0:0:0:0, 1:0:0:0:0, 1:0:0:0:0, 2:0:0:0:1, 0:0:0:0:0, 2:0:0:0:1, 1:0:0:0:0, 2:0:0:0:0, 2:0:0:0:1,  , 2:0:0:0:1, 2:0:0:0:1, 0:0:0:0:0, 2:0:0:0:0, 2:0:0:1:0, 2:0:0:0:1, 1:0:0:0:0,  , 3:1:1:1:1, 3:0:0:1:0, 2:0:0:1:0, 3:1:1:0:2, 3:0:0:1:0, 2:0:0:0:0, 1:0:0:0:0,  , 1:0:0:0:0, 4:0:0:0:1, 2:1:1:0:2, 2:1:1:0:1, 1:0:0:0:0, 1:0:0:0:0, 2:1:1:0:2, 2:0:0:0:1, 1:0:0:0:0, 5:0:0:1:0, 0:0:0:0:0, 2:0:0:0:0, 0:0:0:0:0, 1:0:0:0:1, 2:0:0:0:0, 2:0:0:0:1, 2:0:0:0:1, 1:0:0:0:1, 0:0:0:0:0,  , 3:1:1:1:1, 2:0:0:0:1, 2:0:0:0:1, 3:1:1:1:1, 2:0:0:0:0, 3:0:0:0:1, 3:1:1:0:2, 0:0:0:0:0, 0:0:0:0:0, 157:12:11:11:45
Ab minor mel (7b), 2:1:1:0:2, 3:0:0:0:2, 3:0:0:0:2, 3:1:1:0:3, 4:0:0:0:2, 3:1:1:0:1, 3:0:0:0:2, 2:1:1:0:2, 1:0:0:0:1, 0:0:0:0:0, 3:0:0:0:2, 4:0:0:0:2, 5:0:0:1:2, 3:1:1:0:2, 2:0:0:0:1, 2:0:0:0:1, 3:1:1:0:3, 3:0:0:0:2, 3:0:0:0:2, 2:0:0:0:1, 3:0:0:0:2, 2:0:0:0:2, 1:0:0:0:0, 1:0:0:0:1, 3:2:1:0:3, 3:0:0:0:2, 2:0:0:0:1, 3:1:1:0:3, 3:0:0:0:2, 3:0:0:0:2, 2:0:0:0:1, 5:0:0:0:3, 1:0:0:0:1, 1:0:0:0:1, 4:0:0:0:3,  , 4:0:0:0:2, 6:1:1:0:4, 1:0:0:0:1, 0:0:0:0:0, 2:0:0:0:1, 0:0:0:0:0, 1:0:0:0:1, 2:0:0:0:2, 3:0:0:0:2, 2:0:0:0:1, 1:0:0:0:0, 4:0:0:0:1, 1:0:0:0:1, 4:0:0:0:3, 4:0:0:0:3,  , 3:1:1:0:3, 3:1:1:0:3, 1:0:0:0:1, 0:0:0:0:0, 3:0:0:0:2, 2:0:0:0:2, 2:0:0:0:1,  , 3:0:0:0:2, 2:0:0:0:1, 3:0:0:0:2, 3:0:0:0:2, 2:1:1:0:2, 2:0:0:0:2, 3:0:0:0:2,  , 4:0:0:0:2, 6:1:1:0:4, 3:0:0:0:2, 1:0:0:0:1, 3:0:0:0:1, 0:0:0:0:0, 2:0:0:0:2, 4:0:0:0:2, 4:0:0:0:2, 5:0:0:0:4, 1:0:0:0:1, 2:1:1:0:2, 1:0:0:0:1, 3:0:0:0:2, 3:0:0:0:2, 2:0:0:0:2, 2:1:1:0:2, 2:0:0:0:2, 1:0:0:0:0,  , 3:0:0:0:2, 2:0:0:0:2, 2:0:0:0:1, 3:0:0:0:2, 2:0:0:0:2, 3:1:1:0:3, 2:0:0:0:2, 1:0:0:0:1, 0:0:0:0:0, 225:17:16:1:158
A# minor mel (7#), 3:0:0:1:0, 1:0:0:0:0, 1:0:0:0:0, 3:0:0:0:1, 2:0:0:0:0, 2:0:0:0:0, 2:0:0:0:1, 1:0:0:0:0, 0:0:0:0:0, 1:0:0:0:0, 2:0:0:0:0, 1:0:0:0:0, 5:1:1:0:1, 2:0:0:0:1, 0:0:0:0:0, 2:0:0:0:1, 3:0:0:1:0, 1:0:0:0:0, 1:0:0:0:0, 1:0:0:0:1, 4:2:1:0:3, 2:0:0:0:1, 0:0:0:0:0, 1:0:0:0:1, 4:0:0:0:0, 2:0:0:0:0, 2:0:0:1:0, 4:0:0:0:1, 1:0:0:0:0, 1:0:0:0:1, 1:0:0:0:1, 3:0:0:0:1, 0:0:0:0:0, 0:0:0:0:0, 2:0:0:0:1,  , 1:0:0:0:0, 4:0:0:0:1, 0:0:0:0:0, 0:0:0:0:0, 1:1:1:0:1, 2:0:0:0:0, 0:0:0:0:0, 1:0:0:0:0, 1:0:0:0:0, 2:0:0:0:1, 0:0:0:0:0, 2:0:0:0:1, 1:0:0:0:0, 2:0:0:0:0, 2:0:0:0:1,  , 2:0:0:0:1, 2:0:0:0:1, 0:0:0:0:0, 2:0:0:0:0, 2:0:0:1:0, 2:0:0:0:1, 1:0:0:0:0,  , 3:1:1:1:1, 3:0:0:1:0, 2:0:0:1:0, 3:1:1:0:2, 3:0:0:1:0, 2:0:0:0:0, 1:0:0:0:0,  , 1:0:0:0:0, 4:0:0:0:1, 2:1:1:0:2, 2:1:1:0:1, 1:0:0:0:0, 1:0:0:0:0, 2:1:1:0:2, 2:0:0:0:1, 1:0:0:0:0, 5:0:0:1:0, 0:0:0:0:0, 2:0:0:0:0, 0:0:0:0:0, 1:0:0:0:1, 2:0:0:0:0, 2:0:0:0:1, 2:0:0:0:1, 1:0:0:0:1, 0:0:0:0:0,  , 3:1:1:1:1, 2:0:0:0:1, 2:0:0:0:1, 3:1:1:1:1, 2:0:0:0:0, 3:0:0:0:1, 3:1:1:0:2, 0:0:0:0:0, 0:0:0:0:0, 157:12:11:11:45
Cb major blues (7b), 2:1:1:0:2, 3:0:0:0:2, 3:0:0:0:2, 3:1:1:0:3, 4:0:0:0:2, 3:1:1:0:1, 3:0:0:0:2, 2:1:1:0:2, 1:0:0:0:1, 0:0:0:0:0, 3:0:0:0:2, 4:0:0:0:2, 5:0:0:1:2, 3:1:1:0:2, 2:0:0:0:1, 2:0:0:0:1, 3:1:1:0:3, 3:0:0:0:2, 3:0:0:0:2, 2:0:0:0:1, 3:0:0:0:2, 2:0:0:0:2, 1:0:0:0:0, 1:0:0:0:1, 3:2:1:0:3, 3:0:0:0:2, 2:0:0:0:1, 3:1:1:0:3, 3:0:0:0:2, 3:0:0:0:2, 2:0:0:0:1, 5:0:0:0:3, 1:0:0:0:1, 1:0:0:0:1, 4:0:0:0:3,  , 4:0:0:0:2, 6:1:1:0:4, 1:0:0:0:1, 0:0:0:0:0, 2:0:0:0:1, 0:0:0:0:0, 1:0:0:0:1, 2:0:0:0:2, 3:0:0:0:2, 2:0:0:0:1, 1:0:0:0:0, 4:0:0:0:1, 1:0:0:0:1, 4:0:0:0:3, 4:0:0:0:3,  , 3:1:1:0:3, 3:1:1:0:3, 1:0:0:0:1, 0:0:0:0:0, 3:0:0:0:2, 2:0:0:0:2, 2:0:0:0:1,  , 3:0:0:0:2, 2:0:0:0:1, 3:0:0:0:2, 3:0:0:0:2, 2:1:1:0:2, 2:0:0:0:2, 3:0:0:0:2,  , 4:0:0:0:2, 6:1:1:0:4, 3:0:0:0:2, 1:0:0:0:1, 3:0:0:0:1, 0:0:0:0:0, 2:0:0:0:2, 4:0:0:0:2, 4:0:0:0:2, 5:0:0:0:4, 1:0:0:0:1, 2:1:1:0:2, 1:0:0:0:1, 3:0:0:0:2, 3:0:0:0:2, 2:0:0:0:2, 2:1:1:0:2, 2:0:0:0:2, 1:0:0:0:0,  , 3:0:0:0:2, 2:0:0:0:2, 2:0:0:0:1, 3:0:0:0:2, 2:0:0:0:2, 3:1:1:0:3, 2:0:0:0:2, 1:0:0:0:1, 0:0:0:0:0, 225:17:16:1:158
C# major blues (7#), 3:0:0:1:0, 1:0:0:0:0, 1:0:0:0:0, 3:0:0:0:1, 2:0:0:0:0, 2:0:0:0:0, 2:0:0:0:1, 1:0:0:0:0, 0:0:0:0:0, 1:0:0:0:0, 2:0:0:0:0, 1:0:0:0:0, 5:1:1:0:1, 2:0:0:0:1, 0:0:0:0:0, 2:0:0:0:1, 3:0:0:1:0, 1:0:0:0:0, 1:0:0:0:0, 1:0:0:0:1, 4:2:1:0:3, 2:0:0:0:1, 0:0:0:0:0, 1:0:0:0:1, 4:0:0:0:0, 2:0:0:0:0, 2:0:0:1:0, 4:0:0:0:1, 1:0:0:0:0, 1:0:0:0:1, 1:0:0:0:1, 3:0:0:0:1, 0:0:0:0:0, 0:0:0:0:0, 2:0:0:0:1,  , 1:0:0:0:0, 4:0:0:0:1, 0:0:0:0:0, 0:0:0:0:0, 1:1:1:0:1, 2:0:0:0:0, 0:0:0:0:0, 1:0:0:0:0, 1:0:0:0:0, 2:0:0:0:1, 0:0:0:0:0, 2:0:0:0:1, 1:0:0:0:0, 2:0:0:0:0, 2:0:0:0:1,  , 2:0:0:0:1, 2:0:0:0:1, 0:0:0:0:0, 2:0:0:0:0, 2:0:0:1:0, 2:0:0:0:1, 1:0:0:0:0,  , 3:1:1:1:1, 3:0:0:1:0, 2:0:0:1:0, 3:1:1:0:2, 3:0:0:1:0, 2:0:0:0:0, 1:0:0:0:0,  , 1:0:0:0:0, 4:0:0:0:1, 2:1:1:0:2, 2:1:1:0:1, 1:0:0:0:0, 1:0:0:0:0, 2:1:1:0:2, 2:0:0:0:1, 1:0:0:0:0, 5:0:0:1:0, 0:0:0:0:0, 2:0:0:0:0, 0:0:0:0:0, 1:0:0:0:1, 2:0:0:0:0, 2:0:0:0:1, 2:0:0:0:1, 1:0:0:0:1, 0:0:0:0:0,  , 3:1:1:1:1, 2:0:0:0:1, 2:0:0:0:1, 3:1:1:1:1, 2:0:0:0:0, 3:0:0:0:1, 3:1:1:0:2, 0:0:0:0:0, 0:0:0:0:0, 157:12:11:11:45
Ab minor blues (7b), 2:1:1:0:2, 3:0:0:0:2, 3:0:0:0:2, 3:1:1:0:3, 4:0:0:0:2, 3:1:1:0:1, 3:0:0:0:2, 2:1:1:0:2, 1:0:0:0:1, 0:0:0:0:0, 3:0:0:0:2, 4:0:0:0:2, 5:0:0:1:2, 3:1:1:0:2, 2:0:0:0:1, 2:0:0:0:1, 3:1:1:0:3, 3:0:0:0:2, 3:0:0:0:2, 2:0:0:0:1, 3:0:0:0:2, 2:0:0:0:2, 1:0:0:0:0, 1:0:0:0:1, 3:2:1:0:3, 3:0:0:0:2, 2:0:0:0:1, 3:1:1:0:3, 3:0:0:0:2, 3:0:0:0:2, 2:0:0:0:1, 5:0:0:0:3, 1:0:0:0:1, 1:0:0:0:1, 4:0:0:0:3,  , 4:0:0:0:2, 6:1:1:0:4, 1:0:0:0:1, 0:0:0:0:0, 2:0:0:0:1, 0:0:0:0:0, 1:0:0:0:1, 2:0:0:0:2, 3:0:0:0:2, 2:0:0:0:1, 1:0:0:0:0, 4:0:0:0:1, 1:0:0:0:1, 4:0:0:0:3, 4:0:0:0:3,  , 3:1:1:0:3, 3:1:1:0:3, 1:0:0:0:1, 0:0:0:0:0, 3:0:0:0:2, 2:0:0:0:2, 2:0:0:0:1,  , 3:0:0:0:2, 2:0:0:0:1, 3:0:0:0:2, 3:0:0:0:2, 2:1:1:0:2, 2:0:0:0:2, 3:0:0:0:2,  , 4:0:0:0:2, 6:1:1:0:4, 3:0:0:0:2, 1:0:0:0:1, 3:0:0:0:1, 0:0:0:0:0, 2:0:0:0:2, 4:0:0:0:2, 4:0:0:0:2, 5:0:0:0:4, 1:0:0:0:1, 2:1:1:0:2, 1:0:0:0:1, 3:0:0:0:2, 3:0:0:0:2, 2:0:0:0:2, 2:1:1:0:2, 2:0:0:0:2, 1:0:0:0:0,  , 3:0:0:0:2, 2:0:0:0:2, 2:0:0:0:1, 3:0:0:0:2, 2:0:0:0:2, 3:1:1:0:3, 2:0:0:0:2, 1:0:0:0:1, 0:0:0:0:0, 225:17:16:1:158
A# minor blues (7#), 3:0:0:1:0, 1:0:0:0:0, 1:0:0:0:0, 3:0:0:0:1, 2:0:0:0:0, 2:0:0:0:0, 2:0:0:0:1, 1:0:0:0:0, 0:0:0:0:0, 1:0:0:0:0, 2:0:0:0:0, 1:0:0:0:0, 5:1:1:0:1, 2:0:0:0:1, 0:0:0:0:0, 2:0:0:0:1, 3:0:0:1:0, 1:0:0:0:0, 1:0:0:0:0, 1:0:0:0:1, 4:2:1:0:3, 2:0:0:0:1, 0:0:0:0:0, 1:0:0:0:1, 4:0:0:0:0, 2:0:0:0:0, 2:0:0:1:0, 4:0:0:0:1, 1:0:0:0:0, 1:0:0:0:1, 1:0:0:0:1, 3:0:0:0:1, 0:0:0:0:0, 0:0:0:0:0, 2:0:0:0:1,  , 1:0:0:0:0, 4:0:0:0:1, 0:0:0:0:0, 0:0:0:0:0, 1:1:1:0:1, 2:0:0:0:0, 0:0:0:0:0, 1:0:0:0:0, 1:0:0:0:0, 2:0:0:0:1, 0:0:0:0:0, 2:0:0:0:1, 1:0:0:0:0, 2:0:0:0:0, 2:0:0:0:1,  , 2:0:0:0:1, 2:0:0:0:1, 0:0:0:0:0, 2:0:0:0:0, 2:0:0:1:0, 2:0:0:0:1, 1:0:0:0:0,  , 3:1:1:1:1, 3:0:0:1:0, 2:0:0:1:0, 3:1:1:0:2, 3:0:0:1:0, 2:0:0:0:0, 1:0:0:0:0,  , 1:0:0:0:0, 4:0:0:0:1, 2:1:1:0:2, 2:1:1:0:1, 1:0:0:0:0, 1:0:0:0:0, 2:1:1:0:2, 2:0:0:0:1, 1:0:0:0:0, 5:0:0:1:0, 0:0:0:0:0, 2:0:0:0:0, 0:0:0:0:0, 1:0:0:0:1, 2:0:0:0:0, 2:0:0:0:1, 2:0:0:0:1, 1:0:0:0:1, 0:0:0:0:0,  , 3:1:1:1:1, 2:0:0:0:1, 2:0:0:0:1, 3:1:1:1:1, 2:0:0:0:0, 3:0:0:0:1, 3:1:1:0:2, 0:0:0:0:0, 0:0:0:0:0, 157:12:11:11:45
Cb dorian (7b), 2:1:1:0:2, 3:0:0:0:2, 3:0:0:0:2, 3:1:1:0:3, 4:0:0:0:2, 3:1:1:0:1, 3:0:0:0:2, 2:1:1:0:2, 1:0:0:0:1, 0:0:0:0:0, 3:0:0:0:2, 4:0:0:0:2, 5:0:0:1:2, 3:1:1:0:2, 2:0:0:0:1, 2:0:0:0:1, 3:1:1:0:3, 3:0:0:0:2, 3:0:0:0:2, 2:0:0:0:1, 3:0:0:0:2, 2:0:0:0:2, 1:0:0:0:0, 1:0:0:0:1, 3:2:1:0:3, 3:0:0:0:2, 2:0:0:0:1, 3:1:1:0:3, 3:0:0:0:2, 3:0:0:0:2, 2:0:0:0:1, 5:0:0:0:3, 1:0:0:0:1, 1:0:0:0:1, 4:0:0:0:3,  , 4:0:0:0:2, 6:1:1:0:4, 1:0:0:0:1, 0:0:0:0:0, 2:0:0:0:1, 0:0:0:0:0, 1:0:0:0:1, 2:0:0:0:2, 3:0:0:0:2, 2:0:0:0:1, 1:0:0:0:0, 4:0:0:0:1, 1:0:0:0:1, 4:0:0:0:3, 4:0:0:0:3,  , 3:1:1:0:3, 3:1:1:0:3, 1:0:0:0:1, 0:0:0:0:0, 3:0:0:0:2, 2:0:0:0:2, 2:0:0:0:1,  , 3:0:0:0:2, 2:0:0:0:1, 3:0:0:0:2, 3:0:0:0:2, 2:1:1:0:2, 2:0:0:0:2, 3:0:0:0:2,  , 4:0:0:0:2, 6:1:1:0:4, 3:0:0:0:2, 1:0:0:0:1, 3:0:0:0:1, 0:0:0:0:0, 2:0:0:0:2, 4:0:0:0:2, 4:0:0:0:2, 5:0:0:0:4, 1:0:0:0:1, 2:1:1:0:2, 1:0:0:0:1, 3:0:0:0:2, 3:0:0:0:2, 2:0:0:0:2, 2:1:1:0:2, 2:0:0:0:2, 1:0:0:0:0,  , 3:0:0:0:2, 2:0:0:0:2, 2:0:0:0:1, 3:0:0:0:2, 2:0:0:0:2, 3:1:1:0:3, 2:0:0:0:2, 1:0:0:0:1, 0:0:0:0:0, 225:17:16:1:158
C# dorian (7#), 3:0:0:1:0, 1:0:0:0:0, 1:0:0:0:0, 3:0:0:0:1, 2:0:0:0:0, 2:0:0:0:0, 2:0:0:0:1, 1:0:0:0:0, 0:0:0:0:0, 1:0:0:0:0, 2:0:0:0:0, 1:0:0:0:0, 5:1:1:0:1, 2:0:0:0:1, 0:0:0:0:0, 2:0:0:0:1, 3:0:0:1:0, 1:0:0:0:0, 1:0:0:0:0, 1:0:0:0:1, 4:2:1:0:3, 2:0:0:0:1, 0:0:0:0:0, 1:0:0:0:1, 4:0:0:0:0, 2:0:0:0:0, 2:0:0:1:0, 4:0:0:0:1, 1:0:0:0:0, 1:0:0:0:1, 1:0:0:0:1, 3:0:0:0:1, 0:0:0:0:0, 0:0:0:0:0, 2:0:0:0:1,  , 1:0:0:0:0, 4:0:0:0:1, 0:0:0:0:0, 0:0:0:0:0, 1:1:1:0:1, 2:0:0:0:0, 0:0:0:0:0, 1:0:0:0:0, 1:0:0:0:0, 2:0:0:0:1, 0:0:0:0:0, 2:0:0:0:1, 1:0:0:0:0, 2:0:0:0:0, 2:0:0:0:1,  , 2:0:0:0:1, 2:0:0:0:1, 0:0:0:0:0, 2:0:0:0:0, 2:0:0:1:0, 2:0:0:0:1, 1:0:0:0:0,  , 3:1:1:1:1, 3:0:0:1:0, 2:0:0:1:0, 3:1:1:0:2, 3:0:0:1:0, 2:0:0:0:0, 1:0:0:0:0,  , 1:0:0:0:0, 4:0:0:0:1, 2:1:1:0:2, 2:1:1:0:1, 1:0:0:0:0, 1:0:0:0:0, 2:1:1:0:2, 2:0:0:0:1, 1:0:0:0:0, 5:0:0:1:0, 0:0:0:0:0, 2:0:0:0:0, 0:0:0:0:0, 1:0:0:0:1, 2:0:0:0:0, 2:0:0:0:1, 2:0:0:0:1, 1:0:0:0:1, 0:0:0:0:0,  , 3:1:1:1:1, 2:0:0:0:1, 2:0:0:0:1, 3:1:1:1:1, 2:0:0:0:0, 3:0:0:0:1, 3:1:1:0:2, 0:0:0:0:0, 0:0:0:0:0, 157:12:11:11:45
Cb phrygian (7b), 2:1:1:0:2, 3:0:0:0:2, 3:0:0:0:2, 3:1:1:0:3, 4:0:0:0:2, 3:1:1:0:1, 3:0:0:0:2, 2:1:1:0:2, 1:0:0:0:1, 0:0:0:0:0, 3:0:0:0:2, 4:0:0:0:2, 5:0:0:1:2, 3:1:1:0:2, 2:0:0:0:1, 2:0:0:0:1, 3:1:1:0:3, 3:0:0:0:2, 3:0:0:0:2, 2:0:0:0:1, 3:0:0:0:2, 2:0:0:0:2, 1:0:0:0:0, 1:0:0:0:1, 3:2:1:0:3, 3:0:0:0:2, 2:0:0:0:1, 3:1:1:0:3, 3:0:0:0:2, 3:0:0:0:2, 2:0:0:0:1, 5:0:0:0:3, 1:0:0:0:1, 1:0:0:0:1, 4:0:0:0:3,  , 4:0:0:0:2, 6:1:1:0:4, 1:0:0:0:1, 0:0:0:0:0, 2:0:0:0:1, 0:0:0:0:0, 1:0:0:0:1, 2:0:0:0:2, 3:0:0:0:2, 2:0:0:0:1, 1:0:0:0:0, 4:0:0:0:1, 1:0:0:0:1, 4:0:0:0:3, 4:0:0:0:3,  , 3:1:1:0:3, 3:1:1:0:3, 1:0:0:0:1, 0:0:0:0:0, 3:0:0:0:2, 2:0:0:0:2, 2:0:0:0:1,  , 3:0:0:0:2, 2:0:0:0:1, 3:0:0:0:2, 3:0:0:0:2, 2:1:1:0:2, 2:0:0:0:2, 3:0:0:0:2,  , 4:0:0:0:2, 6:1:1:0:4, 3:0:0:0:2, 1:0:0:0:1, 3:0:0:0:1, 0:0:0:0:0, 2:0:0:0:2, 4:0:0:0:2, 4:0:0:0:2, 5:0:0:0:4, 1:0:0:0:1, 2:1:1:0:2, 1:0:0:0:1, 3:0:0:0:2, 3:0:0:0:2, 2:0:0:0:2, 2:1:1:0:2, 2:0:0:0:2, 1:0:0:0:0,  , 3:0:0:0:2, 2:0:0:0:2, 2:0:0:0:1, 3:0:0:0:2, 2:0:0:0:2, 3:1:1:0:3, 2:0:0:0:2, 1:0:0:0:1, 0:0:0:0:0, 225:17:16:1:158
C# phrygian (7#), 3:0:0:1:0, 1:0:0:0:0, 1:0:0:0:0, 3:0:0:0:1, 2:0:0:0:0, 2:0:0:0:0, 2:0:0:0:1, 1:0:0:0:0, 0:0:0:0:0, 1:0:0:0:0, 2:0:0:0:0, 1:0:0:0:0, 5:1:1:0:1, 2:0:0:0:1, 0:0:0:0:0, 2:0:0:0:1, 3:0:0:1:0, 1:0:0:0:0, 1:0:0:0:0, 1:0:0:0:1, 4:2:1:0:3, 2:0:0:0:1, 0:0:0:0:0, 1:0:0:0:1, 4:0:0:0:0, 2:0:0:0:0, 2:0:0:1:0, 4:0:0:0:1, 1:0:0:0:0, 1:0:0:0:1, 1:0:0:0:1, 3:0:0:0:1, 0:0:0:0:0, 0:0:0:0:0, 2:0:0:0:1,  , 1:0:0:0:0, 4:0:0:0:1, 0:0:0:0:0, 0:0:0:0:0, 1:1:1:0:1, 2:0:0:0:0, 0:0:0:0:0, 1:0:0:0:0, 1:0:0:0:0, 2:0:0:0:1, 0:0:0:0:0, 2:0:0:0:1, 1:0:0:0:0, 2:0:0:0:0, 2:0:0:0:1,  , 2:0:0:0:1, 2:0:0:0:1, 0:0:0:0:0, 2:0:0:0:0, 2:0:0:1:0, 2:0:0:0:1, 1:0:0:0:0,  , 3:1:1:1:1, 3:0:0:1:0, 2:0:0:1:0, 3:1:1:0:2, 3:0:0:1:0, 2:0:0:0:0, 1:0:0:0:0,  , 1:0:0:0:0, 4:0:0:0:1, 2:1:1:0:2, 2:1:1:0:1, 1:0:0:0:0, 1:0:0:0:0, 2:1:1:0:2, 2:0:0:0:1, 1:0:0:0:0, 5:0:0:1:0, 0:0:0:0:0, 2:0:0:0:0, 0:0:0:0:0, 1:0:0:0:1, 2:0:0:0:0, 2:0:0:0:1, 2:0:0:0:1, 1:0:0:0:1, 0:0:0:0:0,  , 3:1:1:1:1, 2:0:0:0:1, 2:0:0:0:1, 3:1:1:1:1, 2:0:0:0:0, 3:0:0:0:1, 3:1:1:0:2, 0:0:0:0:0, 0:0:0:0:0, 157:12:11:11:45
Cb lydian (7b), 2:1:1:0:2, 3:0:0:0:2, 3:0:0:0:2, 3:1:1:0:3, 4:0:0:0:2, 3:1:1:0:1, 3:0:0:0:2, 2:1:1:0:2, 1:0:0:0:1, 0:0:0:0:0, 3:0:0:0:2, 4:0:0:0:2, 5:0:0:1:2, 3:1:1:0:2, 2:0:0:0:1, 2:0:0:0:1, 3:1:1:0:3, 3:0:0:0:2, 3:0:0:0:2, 2:0:0:0:1, 3:0:0:0:2, 2:0:0:0:2, 1:0:0:0:0, 1:0:0:0:1, 3:2:1:0:3, 3:0:0:0:2, 2:0:0:0:1, 3:1:1:0:3, 3:0:0:0:2, 3:0:0:0:2, 2:0:0:0:1, 5:0:0:0:3, 1:0:0:0:1, 1:0:0:0:1, 4:0:0:0:3,  , 4:0:0:0:2, 6:1:1:0:4, 1:0:0:0:1, 0:0:0:0:0, 2:0:0:0:1, 0:0:0:0:0, 1:0:0:0:1, 2:0:0:0:2, 3:0:0:0:2, 2:0:0:0:1, 1:0:0:0:0, 4:0:0:0:1, 1:0:0:0:1, 4:0:0:0:3, 4:0:0:0:3,  , 3:1:1:0:3, 3:1:1:0:3, 1:0:0:0:1, 0:0:0:0:0, 3:0:0:0:2, 2:0:0:0:2, 2:0:0:0:1,  , 3:0:0:0:2, 2:0:0:0:1, 3:0:0:0:2, 3:0:0:0:2, 2:1:1:0:2, 2:0:0:0:2, 3:0:0:0:2,  , 4:0:0:0:2, 6:1:1:0:4, 3:0:0:0:2, 1:0:0:0:1, 3:0:0:0:1, 0:0:0:0:0, 2:0:0:0:2, 4:0:0:0:2, 4:0:0:0:2, 5:0:0:0:4, 1:0:0:0:1, 2:1:1:0:2, 1:0:0:0:1, 3:0:0:0:2, 3:0:0:0:2, 2:0:0:0:2, 2:1:1:0:2, 2:0:0:0:2, 1:0:0:0:0,  , 3:0:0:0:2, 2:0:0:0:2, 2:0:0:0:1, 3:0:0:0:2, 2:0:0:0:2, 3:1:1:0:3, 2:0:0:0:2, 1:0:0:0:1, 0:0:0:0:0, 225:17:16:1:158
C# lydian (7#), 3:0:0:1:0, 1:0:0:0:0, 1:0:0:0:0, 3:0:0:0:1, 2:0:0:0:0, 2:0:0:0:0, 2:0:0:0:1, 1:0:0:0:0, 0:0:0:0:0, 1:0:0:0:0, 2:0:0:0:0, 1:0:0:0:0, 5:1:1:0:1, 2:0:0:0:1, 0:0:0:0:0, 2:0:0:0:1, 3:0:0:1:0, 1:0:0:0:0, 1:0:0:0:0, 1:0:0:0:1, 4:2:1:0:3, 2:0:0:0:1, 0:0:0:0:0, 1:0:0:0:1, 4:0:0:0:0, 2:0:0:0:0, 2:0:0:1:0, 4:0:0:0:1, 1:0:0:0:0, 1:0:0:0:1, 1:0:0:0:1, 3:0:0:0:1, 0:0:0:0:0, 0:0:0:0:0, 2:0:0:0:1,  , 1:0:0:0:0, 4:0:0:0:1, 0:0:0:0:0, 0:0:0:0:0, 1:1:1:0:1, 2:0:0:0:0, 0:0:0:0:0, 1:0:0:0:0, 1:0:0:0:0, 2:0:0:0:1, 0:0:0:0:0, 2:0:0:0:1, 1:0:0:0:0, 2:0:0:0:0, 2:0:0:0:1,  , 2:0:0:0:1, 2:0:0:0:1, 0:0:0:0:0, 2:0:0:0:0, 2:0:0:1:0, 2:0:0:0:1, 1:0:0:0:0,  , 3:1:1:1:1, 3:0:0:1:0, 2:0:0:1:0, 3:1:1:0:2, 3:0:0:1:0, 2:0:0:0:0, 1:0:0:0:0,  , 1:0:0:0:0, 4:0:0:0:1, 2:1:1:0:2, 2:1:1:0:1, 1:0:0:0:0, 1:0:0:0:0, 2:1:1:0:2, 2:0:0:0:1, 1:0:0:0:0, 5:0:0:1:0, 0:0:0:0:0, 2:0:0:0:0, 0:0:0:0:0, 1:0:0:0:1, 2:0:0:0:0, 2:0:0:0:1, 2:0:0:0:1, 1:0:0:0:1, 0:0:0:0:0,  , 3:1:1:1:1, 2:0:0:0:1, 2:0:0:0:1, 3:1:1:1:1, 2:0:0:0:0, 3:0:0:0:1, 3:1:1:0:2, 0:0:0:0:0, 0:0:0:0:0, 157:12:11:11:45
Cb mixolydian (7b), 2:1:1:0:2, 3:0:0:0:2, 3:0:0:0:2, 3:1:1:0:3, 4:0:0:0:2, 3:1:1:0:1, 3:0:0:0:2, 2:1:1:0:2, 1:0:0:0:1, 0:0:0:0:0, 3:0:0:0:2, 4:0:0:0:2, 5:0:0:1:2, 3:1:1:0:2, 2:0:0:0:1, 2:0:0:0:1, 3:1:1:0:3, 3:0:0:0:2, 3:0:0:0:2, 2:0:0:0:1, 3:0:0:0:2, 2:0:0:0:2, 1:0:0:0:0, 1:0:0:0:1, 3:2:1:0:3, 3:0:0:0:2, 2:0:0:0:1, 3:1:1:0:3, 3:0:0:0:2, 3:0:0:0:2, 2:0:0:0:1, 5:0:0:0:3, 1:0:0:0:1, 1:0:0:0:1, 4:0:0:0:3,  , 4:0:0:0:2, 6:1:1:0:4, 1:0:0:0:1, 0:0:0:0:0, 2:0:0:0:1, 0:0:0:0:0, 1:0:0:0:1, 2:0:0:0:2, 3:0:0:0:2, 2:0:0:0:1, 1:0:0:0:0, 4:0:0:0:1, 1:0:0:0:1, 4:0:0:0:3, 4:0:0:0:3,  , 3:1:1:0:3, 3:1:1:0:3, 1:0:0:0:1, 0:0:0:0:0, 3:0:0:0:2, 2:0:0:0:2, 2:0:0:0:1,  , 3:0:0:0:2, 2:0:0:0:1, 3:0:0:0:2, 3:0:0:0:2, 2:1:1:0:2, 2:0:0:0:2, 3:0:0:0:2,  , 4:0:0:0:2, 6:1:1:0:4, 3:0:0:0:2, 1:0:0:0:1, 3:0:0:0:1, 0:0:0:0:0, 2:0:0:0:2, 4:0:0:0:2, 4:0:0:0:2, 5:0:0:0:4, 1:0:0:0:1, 2:1:1:0:2, 1:0:0:0:1, 3:0:0:0:2, 3:0:0:0:2, 2:0:0:0:2, 2:1:1:0:2, 2:0:0:0:2, 1:0:0:0:0,  , 3:0:0:0:2, 2:0:0:0:2, 2:0:0:0:1, 3:0:0:0:2, 2:0:0:0:2, 3:1:1:0:3, 2:0:0:0:2, 1:0:0:0:1, 0:0:0:0:0, 225:17:16:1:158
C# mixolydian (7#), 3:0:0:1:0, 1:0:0:0:0, 1:0:0:0:0, 3:0:0:0:1, 2:0:0:0:0, 2:0:0:0:0, 2:0:0:0:1, 1:0:0:0:0, 0:0:0:0:0, 1:0:0:0:0, 2:0:0:0:0, 1:0:0:0:0, 5:1:1:0:1, 2:0:0:0:1, 0:0:0:0:0, 2:0:0:0:1, 3:0:0:1:0, 1:0:0:0:0, 1:0:0:0:0, 1:0:0:0:1, 4:2:1:0:3, 2:0:0:0:1, 0:0:0:0:0, 1:0:0:0:1, 4:0:0:0:0, 2:0:0:0:0, 2:0:0:1:0, 4:0:0:0:1, 1:0:0:0:0, 1:0:0:0:1, 1:0:0:0:1, 3:0:0:0:1, 0:0:0:0:0, 0:0:0:0:0, 2:0:0:0:1,  , 1:0:0:0:0, 4:0:0:0:1, 0:0:0:0:0, 0:0:0:0:0, 1:1:1:0:1, 2:0:0:0:0, 0:0:0:0:0, 1:0:0:0:0, 1:0:0:0:0, 2:0:0:0:1, 0:0:0:0:0, 2:0:0:0:1, 1:0:0:0:0, 2:0:0:0:0, 2:0:0:0:1,  , 2:0:0:0:1, 2:0:0:0:1, 0:0:0:0:0, 2:0:0:0:0, 2:0:0:1:0, 2:0:0:0:1, 1:0:0:0:0,  , 3:1:1:1:1, 3:0:0:1:0, 2:0:0:1:0, 3:1:1:0:2, 3:0:0:1:0, 2:0:0:0:0, 1:0:0:0:0,  , 1:0:0:0:0, 4:0:0:0:1, 2:1:1:0:2, 2:1:1:0:1, 1:0:0:0:0, 1:0:0:0:0, 2:1:1:0:2, 2:0:0:0:1, 1:0:0:0:0, 5:0:0:1:0, 0:0:0:0:0, 2:0:0:0:0, 0:0:0:0:0, 1:0:0:0:1, 2:0:0:0:0, 2:0:0:0:1, 2:0:0:0:1, 1:0:0:0:1, 0:0:0:0:0,  , 3:1:1:1:1, 2:0:0:0:1, 2:0:0:0:1, 3:1:1:1:1, 2:0:0:0:0, 3:0:0:0:1, 3:1:1:0:2, 0:0:0:0:0, 0:0:0:0:0, 157:12:11:11:45
Cb aeolian (7b), 2:1:1:0:2, 3:0:0:0:2, 3:0:0:0:2, 3:1:1:0:3, 4:0:0:0:2, 3:1:1:0:1, 3:0:0:0:2, 2:1:1:0:2, 1:0:0:0:1, 0:0:0:0:0, 3:0:0:0:2, 4:0:0:0:2, 5:0:0:1:2, 3:1:1:0:2, 2:0:0:0:1, 2:0:0:0:1, 3:1:1:0:3, 3:0:0:0:2, 3:0:0:0:2, 2:0:0:0:1, 3:0:0:0:2, 2:0:0:0:2, 1:0:0:0:0, 1:0:0:0:1, 3:2:1:0:3, 3:0:0:0:2, 2:0:0:0:1, 3:1:1:0:3, 3:0:0:0:2, 3:0:0:0:2, 2:0:0:0:1, 5:0:0:0:3, 1:0:0:0:1, 1:0:0:0:1, 4:0:0:0:3,  , 4:0:0:0:2, 6:1:1:0:4, 1:0:0:0:1, 0:0:0:0:0, 2:0:0:0:1, 0:0:0:0:0, 1:0:0:0:1, 2:0:0:0:2, 3:0:0:0:2, 2:0:0:0:1, 1:0:0:0:0, 4:0:0:0:1, 1:0:0:0:1, 4:0:0:0:3, 4:0:0:0:3,  , 3:1:1:0:3, 3:1:1:0:3, 1:0:0:0:1, 0:0:0:0:0, 3:0:0:0:2, 2:0:0:0:2, 2:0:0:0:1,  , 3:0:0:0:2, 2:0:0:0:1, 3:0:0:0:2, 3:0:0:0:2, 2:1:1:0:2, 2:0:0:0:2, 3:0:0:0:2,  , 4:0:0:0:2, 6:1:1:0:4, 3:0:0:0:2, 1:0:0:0:1, 3:0:0:0:1, 0:0:0:0:0, 2:0:0:0:2, 4:0:0:0:2, 4:0:0:0:2, 5:0:0:0:4, 1:0:0:0:1, 2:1:1:0:2, 1:0:0:0:1, 3:0:0:0:2, 3:0:0:0:2, 2:0:0:0:2, 2:1:1:0:2, 2:0:0:0:2, 1:0:0:0:0,  , 3:0:0:0:2, 2:0:0:0:2, 2:0:0:0:1, 3:0:0:0:2, 2:0:0:0:2, 3:1:1:0:3, 2:0:0:0:2, 1:0:0:0:1, 0:0:0:0:0, 225:17:16:1:158
C# aeolian (7#), 3:0:0:1:0, 1:0:0:0:0, 1:0:0:0:0, 3:0:0:0:1, 2:0:0:0:0, 2:0:0:0:0, 2:0:0:0:1, 1:0:0:0:0, 0:0:0:0:0, 1:0:0:0:0, 2:0:0:0:0, 1:0:0:0:0, 5:1:1:0:1, 2:0:0:0:1, 0:0:0:0:0, 2:0:0:0:1, 3:0:0:1:0, 1:0:0:0:0, 1:0:0:0:0, 1:0:0:0:1, 4:2:1:0:3, 2:0:0:0:1, 0:0:0:0:0, 1:0:0:0:1, 4:0:0:0:0, 2:0:0:0:0, 2:0:0:1:0, 4:0:0:0:1, 1:0:0:0:0, 1:0:0:0:1, 1:0:0:0:1, 3:0:0:0:1, 0:0:0:0:0, 0:0:0:0:0, 2:0:0:0:1,  , 1:0:0:0:0, 4:0:0:0:1, 0:0:0:0:0, 0:0:0:0:0, 1:1:1:0:1, 2:0:0:0:0, 0:0:0:0:0, 1:0:0:0:0, 1:0:0:0:0, 2:0:0:0:1, 0:0:0:0:0, 2:0:0:0:1, 1:0:0:0:0, 2:0:0:0:0, 2:0:0:0:1,  , 2:0:0:0:1, 2:0:0:0:1, 0:0:0:0:0, 2:0:0:0:0, 2:0:0:1:0, 2:0:0:0:1, 1:0:0:0:0,  , 3:1:1:1:1, 3:0:0:1:0, 2:0:0:1:0, 3:1:1:0:2, 3:0:0:1:0, 2:0:0:0:0, 1:0:0:0:0,  , 1:0:0:0:0, 4:0:0:0:1, 2:1:1:0:2, 2:1:1:0:1, 1:0:0:0:0, 1:0:0:0:0, 2:1:1:0:2, 2:0:0:0:1, 1:0:0:0:0, 5:0:0:1:0, 0:0:0:0:0, 2:0:0:0:0, 0:0:0:0:0, 1:0:0:0:1, 2:0:0:0:0, 2:0:0:0:1, 2:0:0:0:1, 1:0:0:0:1, 0:0:0:0:0,  , 3:1:1:1:1, 2:0:0:0:1, 2:0:0:0:1, 3:1:1:1:1, 2:0:0:0:0, 3:0:0:0:1, 3:1:1:0:2, 0:0:0:0:0, 0:0:0:0:0, 157:12:11:11:45
Cb locrian (7b), 2:1:1:0:2, 3:0:0:0:2, 3:0:0:0:2, 3:1:1:0:3, 4:0:0:0:2, 3:1:1:0:1, 3:0:0:0:2, 2:1:1:0:2, 1:0:0:0:1, 0:0:0:0:0, 3:0:0:0:2, 4:0:0:0:2, 5:0:0:1:2, 3:1:1:0:2, 2:0:0:0:1, 2:0:0:0:1, 3:1:1:0:3, 3:0:0:0:2, 3:0:0:0:2, 2:0:0:0:1, 3:0:0:0:2, 2:0:0:0:2, 1:0:0:0:0, 1:0:0:0:1, 3:2:1:0:3, 3:0:0:0:2, 2:0:0:0:1, 3:1:1:0:3, 3:0:0:0:2, 3:0:0:0:2, 2:0:0:0:1, 5:0:0:0:3, 1:0:0:0:1, 1:0:0:0:1, 4:0:0:0:3,  , 4:0:0:0:2, 6:1:1:0:4, 1:0:0:0:1, 0:0:0:0:0, 2:0:0:0:1, 0:0:0:0:0, 1:0:0:0:1, 2:0:0:0:2, 3:0:0:0:2, 2:0:0:0:1, 1:0:0:0:0, 4:0:0:0:1, 1:0:0:0:1, 4:0:0:0:3, 4:0:0:0:3,  , 3:1:1:0:3, 3:1:1:0:3, 1:0:0:0:1, 0:0:0:0:0, 3:0:0:0:2, 2:0:0:0:2, 2:0:0:0:1,  , 3:0:0:0:2, 2:0:0:0:1, 3:0:0:0:2, 3:0:0:0:2, 2:1:1:0:2, 2:0:0:0:2, 3:0:0:0:2,  , 4:0:0:0:2, 6:1:1:0:4, 3:0:0:0:2, 1:0:0:0:1, 3:0:0:0:1, 0:0:0:0:0, 2:0:0:0:2, 4:0:0:0:2, 4:0:0:0:2, 5:0:0:0:4, 1:0:0:0:1, 2:1:1:0:2, 1:0:0:0:1, 3:0:0:0:2, 3:0:0:0:2, 2:0:0:0:2, 2:1:1:0:2, 2:0:0:0:2, 1:0:0:0:0,  , 3:0:0:0:2, 2:0:0:0:2, 2:0:0:0:1, 3:0:0:0:2, 2:0:0:0:2, 3:1:1:0:3, 2:0:0:0:2, 1:0:0:0:1, 0:0:0:0:0, 225:17:16:1:158
C# locrian (7#), 3:0:0:1:0, 1:0:0:0:0, 1:0:0:0:0, 3:0:0:0:1, 2:0:0:0:0, 2:0:0:0:0, 2:0:0:0:1, 1:0:0:0:0, 0:0:0:0:0, 1:0:0:0:0, 2:0:0:0:0, 1:0:0:0:0, 5:1:1:0:1, 2:0:0:0:1, 0:0:0:0:0, 2:0:0:0:1, 3:0:0:1:0, 1:0:0:0:0, 1:0:0:0:0, 1:0:0:0:1, 4:2:1:0:3, 2:0:0:0:1, 0:0:0:0:0, 1:0:0:0:1, 4:0:0:0:0, 2:0:0:0:0, 2:0:0:1:0, 4:0:0:0:1, 1:0:0:0:0, 1:0:0:0:1, 1:0:0:0:1, 3:0:0:0:1, 0:0:0:0:0, 0:0:0:0:0, 2:0:0:0:1,  , 1:0:0:0:0, 4:0:0:0:1, 0:0:0:0:0, 0:0:0:0:0, 1:1:1:0:1, 2:0:0:0:0, 0:0:0:0:0, 1:0:0:0:0, 1:0:0:0:0, 2:0:0:0:1, 0:0:0:0:0, 2:0:0:0:1, 1:0:0:0:0, 2:0:0:0:0, 2:0:0:0:1,  , 2:0:0:0:1, 2:0:0:0:1, 0:0:0:0:0, 2:0:0:0:0, 2:0:0:1:0, 2:0:0:0:1, 1:0:0:0:0,  , 3:1:1:1:1, 3:0:0:1:0, 2:0:0:1:0, 3:1:1:0:2, 3:0:0:1:0, 2:0:0:0:0, 1:0:0:0:0,  , 1:0:0:0:0, 4:0:0:0:1, 2:1:1:0:2, 2:1:1:0:1, 1:0:0:0:0, 1:0:0:0:0, 2:1:1:0:2, 2:0:0:0:1, 1:0:0:0:0, 5:0:0:1:0, 0:0:0:0:0, 2:0:0:0:0, 0:0:0:0:0, 1:0:0:0:1, 2:0:0:0:0, 2:0:0:0:1, 2:0:0:0:1, 1:0:0:0:1, 0:0:0:0:0,  , 3:1:1:1:1, 2:0:0:0:1, 2:0:0:0:1, 3:1:1:1:1, 2:0:0:0:0, 3:0:0:0:1, 3:1:1:0:2, 0:0:0:0:0, 0:0:0:0:0, 157:12:11:11:45
