 , 0, 1, 2, 3, 4, 5, 6, 7, 8, 9, 10, 11, 12, 13, 14, 15, 16, 17, 18, 19, 20, 21, 22, 23, 24, 25, 26, 27, 28, 29, 30, 31, 32, 33, 34, 35, 36, 37, 38, 39, 40, 41, 42, 43, 44, 45, 46, 47, 48, 49, 50, 51, 52, 53, 54, 55, 56, 57, 58, 59, 60, 61, 62, 63, 64, 65, 66, 67, 68, 69, 70, 71, 72, 73, 74, 75, 76, 77, 78, 79, 80, 81, 82, 83, 84, 85, 86, 87, 88, 89, 90, 91, 92, 93, 94, 95, 96, 97, 98, 99, 100, 101, 102, 103, 104, 105, 106, 107, 108, 109, 110, 111, 112, 113, 114, 115, 116, 117, 118, 119, 120, 121, 122, 123, 124, 125, 126, 127, 128, 129, 130, 131, 132, 133, 134, 135, 136, 137, 138, 139, 140, 141, 142, 143, 144, 145, 146, 147, 148, 149, 150, 151, 152, 153, 154, 155, 156, 157, 158, 159, 160, 161, 162, 163, 164, 165, 166, 167, 168, 169, 170, 171, 172, 173, 174, 175, 176, 177, 178, 179, 180, 181, 182, 183, 184, 185, 186, 187, 188, 189, 190, 191, 192, 193, 194, 195, 196, 197, 198, 199, 200, 201, 202, 203, 204, 205, 206, 207, 208, 209, 210, 211, 212, 213, 214, 215, 216, 217, 218, 219, 220, 221, 222, 223, 224, 225, 226, 227, 228, 229, 230, 231, 232, 233, 234, 235, 236, 237, 238, 239, 240, 241, 242, 243, 244, 245, 246, 247, 248, 249, 250, 251, 252, 253, 254, 255, 256, 257, 258, 259, 260, 261, 262, 263, 264, 265, 266, 267, 268, 269, 270, 271, 272, 273, 274, 275, 276, 277, 278, 279, 280, 281, 282, 283, 284, 285, 286, 287, 288, 289, 290, 291, 292, 293, 294, 295, 296, 297, 298, 299, 300, 301, rowcost
C major (0), 1+1:0:0:0:0, 1+0:0:0:0:0, 4+2:0:0:0:0, 0+0:0:0:0:0, 0+0:0:0:0:0, 1+0:0:0:0:0, 2+1:0:0:0:0, 2+2:0:0:0:0, 3+2:0:0:0:0, 3+1:1:0:0:1, 3+1:0:0:0:0, 2+1:0:0:0:0, 1+2:0:0:0:2, 2+0:0:0:0:0, 1+0:0:0:0:0, 0+0:0:0:0:0, 2+1:0:0:0:0, 4+3:0:1:0:2, 3+3:0:0:0:0, 1+1:0:0:0:0, 0+0:0:0:0:0, 2+1:0:0:0:0, 0+0:0:0:0:0, 1+0:0:0:0:0, 3+4:0:0:0:0, 4+1:0:0:0:0, 3+1:0:0:0:0, 2+3:0:0:0:0, 2+1:0:0:0:0, 3+2:0:0:0:0, 1+1:0:0:0:0, 1+2:0:0:0:0, 3+2:0:0:0:1, 3+1:0:0:0:0, 4+2:0:0:0:0, 1+1:0:0:0:0, 0+0:0:0:0:0, 1+0:0:0:0:0, 2+1:0:0:0:0, 1+0:0:0:0:0, 2+2:0:0:0:0, 3+1:0:0:0:0, 3+1:0:0:0:0, 1+0:0:0:0:0, 0+0:0:0:0:0, 2+1:0:0:0:0, 0+0:0:0:0:0, 2+2:0:0:0:0, 2+5:0:0:0:0, 4+2:0:0:0:0, 4+2:0:0:0:0, 1+1:0:0:0:0, 1+2:0:0:0:0, 2+2:0:0:0:0, 1+1:0:0:0:0, 2+3:1:0:0:1, 2+3:0:0:0:0, 3+1:0:0:0:0, 5+3:0:0:0:0, 2+3:0:0:0:0, 2+1:0:0:0:0, 3+3:0:0:0:0, 3+2:0:0:0:0, 1+2:0:0:0:0, 3+1:0:0:0:0, 1+3:0:0:0:0, 2+2:0:0:0:0, 1+1:0:0:0:0, 0+0:0:0:0:0, 3+2:0:0:0:0, 2+1:0:0:0:1, 1+3:0:0:0:0, 2+2:0:0:0:0, 5+2:0:0:0:0, 3+1:0:0:0:0, 3+1:0:0:0:0, 1+1:0:0:0:0, 2+1:0:0:0:0, 0+0:0:0:0:0, 2+1:0:0:0:1, 2+3:0:0:0:0, 2+2:0:0:0:0, 2+2:0:0:0:0, 1+1:0:0:0:0, 0+0:0:0:0:0, 2+1:0:0:0:0, 0+0:0:0:0:0, 1+0:0:0:0:0, 3+4:0:0:0:0, 4+1:0:0:0:0, 3+1:0:0:0:0, 3+1:0:0:0:1, 1+0:0:0:0:0, 3+2:0:0:0:0, 1+1:0:0:0:0, 1+0:0:0:0:0, 5+4:0:0:0:0, 2+2:0:0:0:0, 3+1:0:0:0:0, 1+1:0:0:0:0, 0+0:0:0:0:0, 1+0:0:0:0:0, 2+1:0:0:0:1, 1+3:0:0:0:0, 3+2:0:0:0:0, 4+2:0:0:0:1, 3+1:0:0:0:0, 2+1:0:0:0:0, 1+2:0:0:0:0, 2+1:0:0:0:0, 0+0:0:0:0:0, 2+1:0:0:0:0, 1+3:0:0:0:0, 3+1:0:0:0:0, 4+2:0:0:0:0, 1+1:0:0:0:0, 1+1:0:0:0:1, 1+0:0:0:0:0, 2+1:0:0:0:1, 1+3:0:0:0:0, 3+2:0:0:0:0, 3+1:0:0:0:0, 3+1:0:0:0:0, 2+2:0:0:0:0, 1+2:0:0:0:0, 3+2:0:0:0:0, 1+1:0:0:0:0, 1+2:0:0:0:0, 2+3:0:0:0:0, 4+2:0:0:0:0, 4+2:0:0:0:0, 1+1:0:0:0:0, 0+0:0:0:0:0, 1+0:0:0:0:0, 2+1:0:0:0:0, 3+1:0:0:0:0, 5+2:0:0:0:0, 2+0:0:0:0:0, 5+3:0:0:0:0, 2+1:0:0:0:0, 1+1:0:0:0:0, 0+0:0:0:0:0, 1+1:0:0:0:1, 1+1:0:0:0:0, 2+0:0:0:0:0, 3+1:0:0:0:0, 5+2:0:0:0:0, 1+1:0:0:0:0, 2+1:0:0:0:0, 1+0:0:0:0:0, 3+1:0:0:0:1, 2+1:0:0:0:0, 2+3:0:0:0:0, 3+1:0:0:0:0, 3+1:0:0:0:0, 2+2:0:0:0:0, 2+1:0:0:0:0, 3+2:0:0:0:0, 1+1:0:0:0:1, 1+0:0:0:0:0, 3+1:0:1:0:1, 3+2:0:0:0:0, 3+1:0:0:0:0, 1+1:0:0:0:0, 0+0:0:0:0:0, 2+1:0:0:0:0, 0+0:0:0:0:0, 1+3:0:0:0:0, 3+1:0:0:0:0, 2+0:0:0:0:0, 3+1:0:0:0:0, 2+1:0:0:0:0, 0+0:0:0:0:0, 0+0:0:0:0:0, 1+1:0:0:0:1, 0+0:0:0:0:0, 1+3:0:0:0:0, 3+1:0:0:0:0, 4+2:0:0:0:0, 1+1:0:0:0:0, 0+0:0:0:0:0, 1+0:0:0:0:0, 1+0:0:0:0:0, 1+3:0:0:0:0, 2+2:0:0:0:0, 3+1:0:0:0:0, 3+3:0:0:0:0, 3+2:0:0:0:0, 1+2:0:0:0:0, 3+1:0:0:0:0, 1+1:0:0:0:0, 1+2:0:0:0:0, 2+3:0:0:0:0, 1+0:0:0:0:0, 3+3:0:1:0:1, 1+2:0:0:0:0, 3+1:0:0:0:1, 2+1:0:0:0:0, 0+0:0:0:0:0, 2+3:1:0:0:1, 1+0:0:0:0:0, 4+4:0:0:0:1, 3+1:0:0:0:0, 2+1:0:0:0:0, 1+1:0:0:0:0, 0+0:0:0:0:0, 1+1:0:0:0:1, 3+1:0:0:0:0, 2+1:0:0:0:0, 1+0:0:0:0:0, 2+3:0:0:0:0, 1+1:0:0:0:0, 0+0:0:0:0:0, 2+1:0:0:0:0, 0+0:0:0:0:0, 2+1:0:0:0:0, 2+2:0:0:0:0, 3+1:0:0:0:0, 3+1:0:0:0:0, 2+2:0:0:0:0, 1+2:0:0:0:0, 2+0:0:0:0:0, 2+2:0:0:0:1, 1+2:0:0:0:0, 2+3:0:0:0:0, 1+0:0:0:0:0, 3+3:0:1:0:1, 1+1:0:0:0:0, 2+1:0:0:0:1, 2+1:0:0:0:0, 0+0:0:0:0:0, 2+3:1:0:0:1, 1+0:0:0:0:0, 4+3:0:0:0:0, 3+1:0:0:0:0, 2+1:0:0:0:0, 1+1:0:0:0:0, 0+0:0:0:0:0, 1+2:0:0:0:2, 2+1:0:0:0:1, 2+2:0:0:0:0, 1+0:0:0:0:0, 2+2:0:0:0:0, 1+1:0:0:0:0, 0+0:0:0:0:0, 2+2:0:0:0:0, 0+0:0:0:0:0, 1+0:0:0:0:0, 2+2:0:0:0:0, 4+1:0:0:0:0, 3+1:0:0:0:0, 2+2:0:0:0:0, 1+2:0:0:0:0, 2+0:0:0:0:0, 2+2:0:0:0:1, 1+2:0:0:0:0, 3+2:0:0:0:1, 1+0:0:0:0:0, 4+2:0:0:0:0, 1+0:0:0:0:0, 0+0:0:0:0:0, 0+0:0:0:0:0, 2+1:1:0:0:0, 1+3:0:0:0:0, 3+2:0:0:0:0, 4+1:0:0:0:0, 3+1:0:0:0:0, 2+1:0:0:0:0, 1+3:0:0:0:3, 1+0:0:0:0:0, 1+1:1:0:0:1, 1+0:0:0:0:0, 1+1:0:0:0:0, 3+1:0:0:0:0, 4+2:0:0:0:0, 1+1:0:0:0:0, 0+0:0:0:0:0, 1+0:0:0:0:0, 1+1:0:0:0:0, 1+3:0:0:0:0, 3+2:0:0:0:0, 3+1:0:0:0:0, 3+1:0:0:0:0, 2+2:0:0:0:0, 1+2:0:0:0:0, 3+2:0:0:0:0, 1+1:0:0:0:0, 2+1:0:0:0:0, 1+3:0:0:0:0, 2+3:0:0:0:0, 3+2:0:0:0:1, 1+2:0:0:0:0, 1+0:0:0:0:0, 2+0:0:0:0:0, 2+1:0:0:0:0, 1+0:0:0:0:0, 1+0:0:0:0:0, 1+0:0:0:0:0, 1+0:0:0:0:0, 1+0:0:0:0:0, 1+0:0:0:0:0, 1+0:0:0:0:0, 555+379:6:4:0:38
A minor (0), 1+0:0:0:0:0, 1+0:0:0:0:0, 4+2:0:0:0:0, 0+0:0:0:0:0, 0+4:0:0:0:0, 1+3:0:0:0:0, 2+2:0:0:0:1, 2+1:0:0:0:1, 3+1:0:0:0:0, 3+1:1:0:0:1, 3+1:0:0:0:0, 2+1:0:0:0:0, 1+2:0:0:0:2, 2+0:0:0:0:0, 1+4:0:0:0:0, 0+2:0:0:0:0, 2+0:0:0:0:0, 4+3:0:1:0:2, 3+1:0:0:0:0, 1+1:0:0:0:1, 0+4:0:0:0:0, 2+3:0:0:0:1, 0+2:0:0:0:0, 1+1:0:0:0:0, 3+1:0:0:0:0, 4+2:0:0:0:0, 3+1:0:0:0:0, 2+3:0:0:0:0, 2+2:0:0:0:1, 3+2:0:0:0:0, 1+1:0:0:0:0, 1+2:0:0:0:0, 3+2:0:0:0:1, 3+1:0:0:0:0, 4+2:0:0:0:0, 1+1:0:0:0:1, 0+4:0:0:0:0, 1+3:0:0:0:0, 2+2:0:0:0:1, 1+0:0:0:0:0, 2+0:0:0:0:0, 3+1:0:0:0:0, 3+1:0:0:0:0, 1+0:0:0:0:0, 0+0:0:0:0:0, 1+1:0:0:0:1, 0+1:0:0:0:0, 1+1:0:0:0:0, 2+1:0:0:0:0, 3+1:1:0:0:1, 4+2:0:0:0:0, 1+1:0:0:0:1, 1+5:0:0:0:0, 2+2:0:0:0:0, 1+2:0:0:0:0, 2+1:0:0:0:0, 2+0:0:0:0:0, 3+1:0:0:0:0, 5+3:0:0:0:0, 2+3:0:0:0:0, 2+2:0:0:0:1, 3+2:0:0:0:0, 3+4:0:0:0:1, 1+2:0:0:0:0, 3+2:0:0:0:1, 1+3:0:0:0:3, 2+3:0:0:0:1, 1+1:0:0:0:0, 0+4:0:0:0:0, 2+3:1:0:0:1, 2+3:0:0:0:1, 1+0:0:0:0:0, 2+2:0:0:0:0, 5+2:0:0:0:0, 3+1:0:0:0:0, 3+1:0:0:0:0, 1+1:0:0:0:0, 1+1:0:0:0:1, 0+0:0:0:0:0, 2+1:0:0:0:1, 2+1:0:0:0:0, 2+3:0:0:0:0, 2+3:0:0:0:0, 1+1:0:0:0:0, 0+4:0:0:0:0, 2+3:0:0:0:1, 0+1:0:0:0:0, 1+0:0:0:0:0, 3+1:0:0:0:0, 4+2:0:0:0:0, 3+1:0:0:0:0, 3+1:0:0:0:1, 1+0:0:0:0:0, 3+2:0:0:0:0, 1+2:0:0:0:0, 1+0:0:0:0:0, 4+2:0:1:0:2, 2+0:0:0:0:0, 3+2:0:0:0:0, 1+1:0:0:0:1, 0+4:0:0:0:0, 1+1:0:0:0:0, 3+2:0:0:0:0, 1+0:0:0:0:0, 3+1:0:0:0:0, 4+2:0:0:0:1, 3+1:0:0:0:0, 2+1:0:0:0:0, 1+2:0:0:0:0, 1+1:0:0:0:1, 0+0:0:0:0:0, 2+1:0:0:0:0, 1+3:0:0:0:0, 3+1:0:0:0:0, 4+2:0:0:0:0, 1+1:0:0:0:1, 2+1:0:0:0:0, 1+1:0:0:0:0, 3+2:0:0:0:0, 1+0:0:0:0:0, 3+1:0:0:0:0, 3+1:0:0:0:0, 3+1:0:0:0:0, 2+0:0:0:0:0, 1+1:0:0:0:0, 3+2:0:0:0:0, 1+1:0:0:0:0, 1+2:0:0:0:0, 2+3:0:0:0:0, 4+2:0:0:0:0, 4+2:0:0:0:0, 1+1:0:0:0:1, 0+4:0:0:0:0, 1+3:0:0:0:0, 2+2:0:0:0:1, 2+1:0:0:0:0, 3+2:2:0:0:2, 2+0:0:0:0:0, 5+3:0:0:0:0, 2+1:0:0:0:0, 1+1:0:0:0:0, 0+3:0:0:0:0, 1+1:0:0:0:0, 1+1:0:0:0:0, 2+0:0:0:0:0, 3+1:0:0:0:0, 5+2:0:0:0:0, 1+1:0:0:0:1, 2+1:0:0:0:0, 1+1:0:0:0:0, 3+1:0:0:0:0, 2+0:0:0:0:0, 2+0:0:0:0:0, 3+1:0:0:0:0, 3+1:0:0:0:0, 2+0:0:0:0:0, 2+1:0:0:0:0, 3+2:0:0:0:0, 2+2:0:0:0:0, 1+0:0:0:0:0, 3+1:0:1:0:1, 3+2:0:0:0:0, 3+2:0:0:0:0, 1+1:0:0:0:1, 0+2:0:0:0:0, 2+3:0:0:0:1, 0+1:0:0:0:0, 1+1:0:0:0:0, 3+1:0:0:0:0, 2+0:0:0:0:0, 3+1:0:0:0:0, 2+1:0:0:0:0, 0+0:0:0:0:0, 0+3:0:0:0:0, 1+1:0:0:0:0, 0+0:0:0:0:0, 1+0:0:0:0:0, 3+1:0:0:0:0, 4+2:0:0:0:0, 1+1:0:0:0:0, 0+0:0:0:0:0, 1+0:0:0:0:0, 1+0:0:0:0:0, 1+0:0:0:0:0, 2+0:0:0:0:0, 3+1:0:0:0:0, 3+3:0:0:0:0, 3+1:0:0:0:0, 1+0:0:0:0:0, 3+1:0:0:0:0, 1+2:0:0:0:0, 1+2:0:0:0:0, 2+2:0:0:0:0, 1+0:0:0:0:0, 3+1:0:1:0:1, 1+2:0:0:0:2, 3+1:0:0:0:1, 2+1:0:0:0:0, 0+1:0:0:0:0, 2+2:0:0:0:0, 1+0:0:0:0:0, 4+4:0:0:0:3, 3+1:0:0:0:0, 2+1:0:0:0:0, 1+1:0:0:0:0, 0+3:0:0:0:0, 1+2:0:0:0:0, 3+5:0:0:0:1, 2+2:0:0:0:0, 1+1:0:0:0:0, 2+3:0:0:0:0, 1+1:0:0:0:0, 0+4:0:0:0:0, 2+4:0:0:0:1, 0+1:0:0:0:0, 2+0:0:0:0:0, 2+0:0:0:0:0, 3+1:0:0:0:0, 3+1:0:0:0:0, 2+0:0:0:0:0, 1+0:0:0:0:0, 2+0:0:0:0:0, 2+3:0:0:0:1, 1+1:0:0:0:0, 2+2:0:0:0:0, 1+0:0:0:0:0, 3+3:0:1:0:1, 1+1:0:0:0:0, 2+1:0:0:0:0, 2+1:0:0:0:0, 0+1:0:0:0:0, 2+1:0:0:0:0, 1+0:0:0:0:0, 4+3:0:0:0:2, 3+1:0:0:0:0, 2+1:0:0:0:0, 1+1:0:0:0:0, 0+3:0:0:0:0, 1+3:0:0:0:0, 3+4:0:0:0:0, 2+2:0:0:0:0, 1+1:0:0:0:0, 2+0:0:0:0:0, 1+1:0:0:0:1, 0+4:0:0:0:0, 3+2:0:0:0:0, 0+1:0:0:0:0, 1+0:0:0:0:0, 2+0:0:0:0:0, 4+2:0:0:0:0, 3+1:0:0:0:0, 2+0:0:0:0:0, 1+0:0:0:0:0, 2+0:0:0:0:0, 2+3:0:0:0:1, 1+1:0:0:0:0, 3+2:0:0:0:1, 1+0:0:0:0:0, 4+2:0:0:0:0, 1+0:0:0:0:0, 0+0:0:0:0:0, 0+0:0:0:0:0, 2+1:1:0:0:0, 1+3:0:0:0:0, 3+1:0:0:0:0, 4+2:0:0:0:0, 3+1:0:0:0:0, 2+1:0:0:0:0, 1+3:0:0:0:3, 1+4:0:0:0:0, 2+2:0:0:0:0, 1+3:0:0:0:0, 1+0:0:0:0:0, 3+1:0:0:0:0, 4+2:0:0:0:0, 1+1:0:0:0:1, 0+4:0:0:0:0, 1+1:0:0:0:0, 1+1:0:0:0:1, 1+0:0:0:0:0, 3+1:0:0:0:0, 3+1:0:0:0:0, 3+1:0:0:0:0, 2+0:0:0:0:0, 1+0:0:0:0:0, 3+2:0:0:0:0, 1+2:0:0:0:0, 1+1:0:0:0:0, 1+0:0:0:0:0, 2+1:0:0:0:0, 3+3:0:0:0:1, 1+0:0:0:0:0, 1+0:0:0:0:0, 2+0:0:0:0:0, 2+1:0:0:0:0, 1+0:0:0:0:0, 1+0:0:0:0:0, 1+0:0:0:0:0, 1+0:0:0:0:0, 1+0:0:0:0:0, 1+0:0:0:0:0, 1+0:0:0:0:0, 551+418:6:5:0:65
F major (1b), 0+0:0:0:0:0, 1+0:0:0:0:0, 2+1:1:0:0:1, 0+0:0:0:0:0, 1+0:0:0:0:0, 0+0:0:0:0:0, 2+1:0:0:0:0, 1+0:0:0:0:0, 2+3:0:0:0:0, 3+1:0:0:0:0, 3+1:0:0:0:0, 2+1:0:0:0:0, 1+2:0:0:0:0, 2+1:0:0:0:0, 1+1:0:0:0:0, 0+0:0:0:0:0, 1+1:0:0:0:0, 3+1:0:1:0:1, 2+1:0:0:0:0, 1+1:0:0:0:0, 1+0:0:0:0:0, 1+1:0:0:0:0, 0+0:0:0:0:0, 0+0:0:0:0:0, 2+4:0:0:0:0, 3+1:0:0:0:0, 3+1:0:0:0:0, 1+3:0:0:0:0, 1+1:0:0:0:0, 2+2:0:0:0:0, 0+0:0:0:0:0, 2+2:0:0:0:0, 2+1:0:0:0:0, 2+1:1:0:0:1, 3+1:0:0:0:0, 1+1:0:0:0:0, 1+0:0:0:0:0, 0+0:0:0:0:0, 1+1:0:0:0:0, 0+0:0:0:0:0, 1+2:0:0:0:0, 2+2:0:0:0:0, 3+1:0:0:0:0, 1+0:0:0:0:0, 0+0:0:0:0:0, 1+1:0:0:0:0, 0+0:0:0:0:0, 1+1:0:0:0:1, 1+1:0:0:0:0, 2+1:1:0:0:1, 3+1:0:0:0:0, 1+1:0:0:0:0, 1+0:0:0:0:0, 2+1:1:0:0:1, 2+1:0:0:0:0, 1+1:1:0:0:1, 1+3:0:0:0:0, 3+2:0:0:0:0, 5+3:0:0:0:0, 1+3:0:0:0:0, 1+1:0:0:0:0, 2+3:0:0:0:0, 2+2:0:0:0:0, 2+2:0:0:0:0, 2+1:0:0:0:0, 2+1:0:0:0:1, 2+1:0:1:0:0, 1+1:0:0:0:0, 1+0:0:0:0:0, 2+1:0:0:0:0, 3+1:0:0:0:1, 0+0:0:0:0:0, 1+0:0:0:0:0, 4+2:0:0:0:0, 3+1:0:0:0:0, 2+3:0:0:0:0, 1+1:0:0:0:0, 1+1:0:0:0:0, 1+1:0:0:0:0, 2+1:0:0:0:0, 1+0:0:0:0:0, 2+2:0:0:0:0, 1+0:0:0:0:0, 1+1:0:0:0:0, 1+0:0:0:0:0, 1+1:0:0:0:0, 1+0:0:0:0:0, 0+0:0:0:0:0, 2+4:0:0:0:0, 3+1:0:0:0:0, 3+1:0:0:0:0, 2+4:0:0:0:0, 2+2:0:0:0:0, 2+2:0:0:0:0, 0+0:0:0:0:0, 0+0:0:0:0:0, 3+2:0:1:0:1, 1+0:0:0:0:0, 3+1:0:0:0:0, 1+1:0:0:0:0, 1+0:0:0:0:0, 1+0:0:0:0:0, 2+1:0:0:0:0, 0+0:0:0:0:0, 2+1:0:0:0:0, 3+2:0:0:0:0, 3+1:0:0:0:0, 2+1:0:0:0:0, 1+2:0:0:0:0, 1+1:0:0:0:0, 1+1:0:0:0:0, 1+0:0:0:0:0, 0+0:0:0:0:0, 2+1:1:0:0:1, 3+1:0:0:0:0, 1+1:0:0:0:0, 1+1:0:0:0:0, 1+0:0:0:0:0, 2+1:0:0:0:0, 0+0:0:0:0:0, 2+3:0:0:0:0, 2+2:0:0:0:0, 3+1:0:0:0:0, 1+3:0:0:0:0, 1+1:0:0:0:0, 2+2:0:0:0:0, 0+0:0:0:0:0, 2+2:0:0:0:0, 1+0:0:0:0:0, 3+1:0:0:0:0, 3+1:0:0:0:0, 1+1:0:0:0:0, 1+0:0:0:0:0, 0+0:0:0:0:0, 2+1:0:0:0:0, 2+1:0:0:0:0, 2+4:2:0:0:2, 2+3:0:0:0:0, 5+3:0:0:0:0, 2+1:0:0:0:0, 1+1:0:0:0:0, 0+0:0:0:0:0, 2+3:0:0:0:0, 1+1:0:0:0:0, 1+0:0:0:0:0, 3+3:0:0:0:0, 4+2:0:0:0:0, 1+1:0:0:0:0, 1+1:0:0:0:0, 1+0:0:0:0:0, 3+1:0:0:0:0, 1+1:0:0:0:0, 1+3:0:0:0:0, 2+2:0:0:0:0, 3+1:0:0:0:0, 1+2:0:0:0:0, 2+1:0:0:0:0, 2+2:0:0:0:0, 1+1:0:0:0:0, 0+0:0:0:0:0, 2+1:0:1:0:1, 3+2:0:0:0:0, 2+1:0:0:0:0, 1+1:0:0:0:0, 1+0:0:0:0:0, 1+1:0:0:0:0, 1+0:0:0:0:0, 0+0:0:0:0:0, 4+1:0:0:0:0, 2+2:0:0:0:0, 3+1:0:0:0:0, 2+1:0:0:0:0, 0+0:0:0:0:0, 0+0:0:0:0:0, 2+1:0:0:0:1, 0+0:0:0:0:0, 0+0:0:0:0:0, 3+1:0:0:0:0, 3+1:0:0:0:0, 1+1:0:0:0:0, 1+0:0:0:0:0, 1+0:0:0:0:0, 1+0:0:0:0:0, 0+0:0:0:0:0, 1+2:0:0:0:0, 2+2:0:0:0:0, 3+1:0:0:0:0, 2+3:0:0:0:0, 1+1:0:0:0:0, 2+3:0:0:0:0, 0+0:0:0:0:0, 2+2:0:0:0:0, 1+2:0:0:0:0, 1+0:0:0:0:0, 2+1:0:1:0:1, 1+2:0:0:0:0, 2+1:1:0:0:0, 2+1:0:0:0:0, 1+0:0:0:0:0, 1+1:1:0:0:1, 1+0:0:0:0:0, 3+3:0:0:0:0, 3+1:0:0:0:0, 2+1:0:0:0:0, 1+1:0:0:0:0, 0+0:0:0:0:0, 2+1:0:0:0:0, 2+1:0:0:0:0, 1+1:0:0:0:0, 1+0:0:0:0:0, 1+0:0:0:0:0, 1+1:0:0:0:0, 1+0:0:0:0:0, 1+1:0:0:0:0, 1+0:0:0:0:0, 1+1:0:0:0:0, 1+2:0:0:0:0, 2+2:0:0:0:0, 3+1:0:0:0:0, 1+2:0:0:0:0, 1+1:0:0:0:0, 2+3:0:0:0:0, 1+1:0:0:0:0, 0+0:0:0:0:0, 1+0:0:0:0:0, 1+0:0:0:0:0, 2+1:0:1:0:1, 1+1:0:0:0:0, 1+1:1:0:0:0, 2+1:0:0:0:0, 1+0:0:0:0:0, 1+1:1:0:0:1, 1+0:0:0:0:0, 3+3:0:0:0:0, 3+1:0:0:0:0, 2+1:0:0:0:0, 1+1:0:0:0:0, 0+0:0:0:0:0, 2+2:0:0:0:0, 2+1:0:0:0:0, 1+1:0:0:0:0, 1+0:0:0:0:0, 1+0:0:0:0:0, 1+1:0:0:0:0, 1+0:0:0:0:0, 3+2:0:0:0:0, 1+0:0:0:0:0, 0+0:0:0:0:0, 1+2:0:0:0:0, 3+1:0:0:0:0, 3+1:0:0:0:0, 1+3:0:0:0:0, 1+1:0:0:0:0, 2+3:0:0:0:0, 1+1:0:0:0:0, 0+0:0:0:0:0, 2+1:0:0:0:0, 1+0:0:0:0:0, 3+1:0:0:0:0, 1+0:0:0:0:0, 1+0:0:0:0:0, 0+0:0:0:0:0, 2+1:1:0:0:1, 0+0:0:0:0:0, 2+4:0:0:0:0, 3+1:0:0:0:0, 3+1:0:0:0:0, 2+1:0:0:0:0, 1+3:0:0:0:0, 1+0:0:0:0:0, 1+1:0:0:0:0, 1+0:0:0:0:0, 0+0:0:0:0:0, 2+1:1:0:0:1, 3+1:0:0:0:0, 1+1:0:0:0:0, 1+0:0:0:0:0, 1+0:0:0:0:0, 2+1:0:0:0:0, 0+0:0:0:0:0, 2+3:0:0:0:0, 2+2:0:0:0:0, 3+1:0:0:0:0, 1+3:0:0:0:0, 1+1:0:0:0:0, 2+2:0:0:0:0, 0+0:0:0:0:0, 2+1:0:0:0:0, 0+0:0:0:0:0, 1+0:0:0:0:0, 2+1:0:0:0:0, 0+0:0:0:0:0, 1+2:0:0:0:0, 2+3:0:0:0:0, 1+0:0:0:0:0, 1+0:0:0:0:0, 1+0:0:0:0:0, 1+0:0:0:0:0, 1+0:0:0:0:0, 1+0:0:0:0:0, 1+0:0:0:0:0, 1+0:0:0:0:0, 444+306:14:6:0:21
G major (1#), 1+0:0:0:0:0, 1+0:0:0:0:0, 4+2:0:0:0:0, 1+0:0:0:0:0, 0+0:0:0:0:0, 1+0:0:0:0:0, 2+1:0:0:0:0, 3+2:0:0:0:0, 3+1:0:0:0:0, 3+1:1:0:0:1, 3+1:0:0:0:0, 2+1:0:0:0:1, 1+1:0:0:0:0, 3+0:0:0:0:0, 2+4:0:0:0:0, 1+4:0:0:0:0, 3+0:0:0:0:0, 3+1:0:1:0:1, 3+1:0:0:0:0, 2+1:0:0:0:0, 0+0:0:0:0:0, 2+1:0:0:0:0, 1+2:0:0:0:0, 2+2:0:0:0:0, 3+1:0:0:0:0, 4+2:0:0:0:0, 3+1:0:0:0:0, 2+0:0:0:0:0, 1+0:0:0:0:0, 3+2:0:0:0:0, 1+0:0:0:0:0, 2+3:0:0:0:0, 4+2:0:0:0:1, 2+1:1:0:0:1, 4+2:0:1:0:1, 2+1:0:0:0:0, 0+0:0:0:0:0, 1+0:0:0:0:0, 3+2:0:0:0:0, 2+3:0:0:0:0, 2+0:0:0:0:0, 3+1:0:0:0:0, 3+1:0:0:0:0, 1+0:0:0:0:0, 0+0:0:0:0:0, 2+1:0:0:0:1, 1+0:0:0:0:0, 2+1:0:0:0:1, 3+5:0:0:0:0, 4+2:0:0:0:0, 4+2:0:1:0:1, 2+1:0:0:0:1, 1+0:0:0:0:0, 1+2:0:0:0:0, 1+1:0:0:0:1, 2+1:1:0:0:0, 2+0:0:0:0:0, 3+4:0:0:0:1, 4+2:1:0:0:1, 2+0:0:0:0:0, 2+1:1:1:0:1, 3+2:0:0:0:0, 1+1:0:0:0:1, 2+2:0:0:0:0, 4+2:0:0:0:1, 1+1:0:0:0:0, 3+2:0:0:0:0, 2+1:0:0:0:0, 0+0:0:0:0:0, 3+1:0:0:0:0, 2+3:0:0:0:0, 2+3:0:0:0:0, 2+0:0:0:0:0, 5+2:0:0:0:0, 3+1:0:0:0:0, 3+1:0:0:0:0, 0+0:0:0:0:0, 2+1:0:0:0:1, 1+0:0:0:0:0, 4+4:0:0:0:0, 3+1:0:0:0:0, 3+3:0:0:0:0, 2+0:0:0:0:0, 2+1:0:0:0:0, 0+0:0:0:0:0, 2+1:0:0:0:0, 1+1:0:0:0:0, 2+2:0:0:0:0, 3+1:0:0:0:0, 4+2:0:0:0:0, 3+1:0:0:0:0, 3+1:0:0:0:1, 0+0:0:0:0:0, 3+2:0:0:0:0, 1+0:0:0:0:0, 2+5:0:0:0:0, 4+2:0:1:0:2, 2+0:0:0:0:0, 3+2:0:1:0:1, 2+1:0:0:0:0, 0+0:0:0:0:0, 2+1:0:0:0:0, 2+2:0:0:0:0, 2+2:0:0:0:0, 3+1:0:0:0:0, 3+2:1:0:0:0, 3+1:0:0:0:0, 2+1:0:0:0:1, 0+0:0:0:0:0, 2+1:0:0:0:1, 1+0:0:0:0:0, 3+1:0:0:0:0, 1+3:0:0:0:0, 3+1:0:0:0:0, 4+2:0:1:0:1, 2+1:0:0:0:0, 1+1:0:0:0:1, 2+1:0:0:0:0, 2+2:0:0:0:0, 2+2:0:0:0:0, 3+1:0:0:0:0, 3+1:0:0:0:0, 3+1:0:0:0:0, 2+0:0:0:0:0, 2+1:0:0:0:0, 3+2:0:0:0:0, 1+0:0:0:0:0, 2+3:0:0:0:0, 3+1:0:0:0:0, 4+2:0:0:0:0, 4+2:0:1:0:1, 2+1:0:0:0:0, 0+0:0:0:0:0, 1+0:0:0:0:0, 2+1:0:0:0:0, 2+1:1:0:0:0, 3+2:2:0:0:2, 2+3:0:0:0:0, 4+2:1:0:0:1, 2+1:0:0:0:1, 0+0:0:0:0:0, 1+2:0:0:0:0, 3+4:0:0:0:0, 2+2:0:0:0:1, 3+3:0:0:0:1, 3+1:0:0:0:0, 5+3:0:1:0:2, 2+1:0:0:0:0, 1+1:0:0:0:1, 2+1:0:0:0:0, 2+1:0:0:0:0, 3+0:0:0:0:0, 2+0:0:0:0:0, 3+1:0:0:0:0, 3+1:0:0:0:0, 2+0:0:0:0:0, 2+1:0:0:0:0, 3+2:0:0:0:0, 3+2:0:0:0:0, 2+5:0:0:0:0, 3+1:0:1:0:1, 3+2:0:0:0:0, 4+2:0:0:0:0, 2+1:0:0:0:0, 0+0:0:0:0:0, 2+1:0:0:0:0, 0+0:0:0:0:0, 2+2:0:0:0:0, 3+1:0:0:0:0, 2+0:0:0:0:0, 3+1:0:0:0:0, 2+1:0:0:0:1, 0+0:0:0:0:0, 1+0:0:0:0:0, 2+1:0:0:0:1, 1+0:0:0:0:0, 2+3:0:0:0:0, 3+1:0:0:0:0, 4+2:0:1:0:1, 2+1:0:0:0:0, 0+0:0:0:0:0, 2+1:0:0:0:0, 1+0:0:0:0:0, 2+2:0:0:0:0, 2+0:0:0:0:0, 3+1:0:0:0:0, 3+3:0:0:0:0, 3+1:0:0:0:0, 1+0:0:0:0:0, 3+1:0:0:0:0, 1+0:0:0:0:0, 2+3:0:0:0:0, 2+0:0:0:0:0, 1+0:0:0:0:0, 3+1:0:1:0:1, 2+2:0:0:0:2, 2+1:0:0:0:1, 1+1:0:0:0:0, 0+0:0:0:0:0, 2+1:1:0:0:0, 1+0:0:0:0:0, 3+4:1:0:0:2, 3+1:0:0:0:0, 2+1:0:0:0:1, 0+0:0:0:0:0, 1+2:0:0:0:0, 3+3:0:0:0:0, 4+5:0:0:0:1, 3+2:0:0:0:0, 2+1:0:0:0:0, 2+0:0:0:0:0, 2+1:0:0:0:0, 0+0:0:0:0:0, 2+1:0:0:0:0, 1+1:0:0:0:0, 3+0:0:0:0:0, 2+0:0:0:0:0, 3+1:0:0:0:0, 3+1:0:0:0:0, 2+0:0:0:0:0, 1+0:0:0:0:0, 2+0:0:0:0:0, 2+1:1:1:0:1, 2+3:0:0:0:0, 3+1:0:0:0:0, 1+0:0:0:0:0, 3+3:0:1:0:1, 2+1:0:0:0:0, 1+1:0:0:0:1, 1+1:0:0:0:0, 0+0:0:0:0:0, 2+1:1:0:0:0, 1+0:0:0:0:0, 4+3:0:0:0:2, 3+1:0:0:0:0, 2+1:0:0:0:1, 0+0:0:0:0:0, 1+2:0:0:0:0, 3+3:0:0:0:0, 4+4:0:0:0:0, 3+2:0:0:0:0, 2+1:0:0:0:0, 2+0:0:0:0:0, 2+1:0:0:0:0, 0+0:0:0:0:0, 2+2:0:0:0:0, 1+0:0:0:0:0, 1+3:0:0:0:0, 2+0:0:0:0:0, 4+2:0:0:0:0, 3+1:0:0:0:0, 2+0:0:0:0:0, 1+0:0:0:0:0, 2+0:0:0:0:0, 2+1:1:1:0:1, 2+3:0:0:0:0, 4+2:0:0:0:1, 1+0:0:0:0:0, 4+2:0:0:0:0, 1+0:0:0:0:0, 0+0:0:0:0:0, 0+0:0:0:0:0, 2+1:1:1:0:1, 2+2:0:0:0:0, 3+1:0:0:0:0, 4+2:0:0:0:0, 3+1:0:0:0:0, 2+1:0:0:0:1, 1+1:0:0:0:0, 2+4:0:0:0:0, 3+3:0:0:0:0, 2+3:0:0:0:0, 1+3:0:0:0:0, 3+1:0:0:0:0, 4+2:0:1:0:1, 2+1:0:0:0:0, 0+0:0:0:0:0, 2+1:0:0:0:0, 1+1:0:0:0:0, 2+2:0:0:0:0, 3+1:0:0:0:0, 3+1:0:0:0:0, 3+1:0:0:0:0, 2+0:0:0:0:0, 1+0:0:0:0:0, 3+2:0:0:0:0, 1+0:0:0:0:0, 3+1:0:0:0:0, 2+2:0:0:0:0, 2+0:0:0:0:0, 2+1:0:0:0:0, 2+2:0:0:0:0, 1+0:0:0:0:0, 3+0:0:0:0:0, 2+0:0:0:0:0, 1+0:0:0:0:0, 1+0:0:0:0:0, 1+0:0:0:0:0, 1+0:0:0:0:0, 1+0:0:0:0:0, 1+0:0:0:0:0, 1+0:0:0:0:0, 629+354:16:17:0:58
D minor (1b), 0+0:0:0:0:0, 1+0:0:0:0:0, 2+1:1:0:0:1, 0+0:0:0:0:0, 1+4:0:0:0:0, 0+3:0:0:0:0, 2+2:0:0:0:1, 1+1:0:0:0:1, 2+1:0:0:0:0, 3+1:0:0:0:0, 3+1:0:0:0:0, 2+1:0:0:0:1, 2+1:0:0:0:0, 2+0:0:0:0:0, 1+4:0:0:0:0, 0+2:0:0:0:0, 1+0:0:0:0:0, 3+1:0:1:0:1, 2+1:0:0:0:0, 1+1:0:0:0:1, 1+4:0:0:0:0, 1+3:0:0:0:1, 0+2:0:0:0:0, 0+1:0:0:0:0, 2+1:0:0:0:0, 3+1:0:0:0:0, 3+1:0:0:0:0, 1+0:0:0:0:0, 1+0:0:0:0:0, 2+2:0:0:0:0, 0+2:0:0:0:0, 2+2:0:0:0:0, 2+2:0:0:0:1, 2+1:1:0:0:1, 3+2:0:0:0:0, 1+1:0:0:0:1, 1+4:0:0:0:0, 0+3:0:0:0:0, 1+2:0:0:0:1, 0+0:0:0:0:0, 1+0:0:0:0:0, 2+1:0:0:0:0, 3+1:0:0:0:0, 1+0:0:0:0:0, 0+3:0:0:0:0, 1+1:0:0:0:0, 0+1:0:0:0:0, 1+1:0:0:0:0, 1+1:0:0:0:0, 2+1:1:0:0:1, 3+2:0:0:0:0, 1+1:0:0:0:1, 1+0:0:0:0:0, 2+2:0:0:0:0, 2+2:0:0:0:0, 1+1:0:0:0:0, 1+0:0:0:0:0, 3+1:0:0:0:0, 5+3:0:0:0:0, 1+0:0:0:0:0, 1+1:0:0:0:0, 2+2:0:0:0:0, 2+4:0:0:0:1, 2+2:0:0:0:0, 2+2:0:0:0:1, 2+1:0:0:0:0, 2+2:0:1:0:1, 1+1:0:0:0:1, 1+4:0:0:0:0, 2+1:0:0:0:0, 4+3:0:0:0:0, 0+3:0:0:0:0, 1+0:0:0:0:0, 4+2:0:0:0:0, 3+1:0:0:0:0, 2+1:0:0:0:0, 1+3:0:0:0:0, 1+1:0:0:0:0, 1+1:0:0:0:0, 3+4:0:0:0:0, 1+1:0:0:0:0, 2+3:0:0:0:0, 1+0:0:0:0:0, 1+1:0:0:0:1, 1+4:0:0:0:0, 1+3:0:0:0:1, 1+1:0:0:0:0, 0+0:0:0:0:0, 2+1:0:0:0:0, 3+1:0:0:0:0, 3+1:0:0:0:0, 2+1:0:0:0:1, 2+0:0:0:0:0, 2+2:0:0:0:0, 0+2:0:0:0:0, 0+0:0:0:0:0, 3+2:0:1:0:2, 1+0:0:0:0:0, 3+2:0:0:0:0, 1+1:0:0:0:1, 1+4:0:0:0:0, 1+1:0:0:0:0, 3+2:0:0:0:0, 0+2:0:0:0:0, 2+1:0:0:0:0, 3+2:0:0:0:1, 3+1:0:0:0:0, 2+1:0:0:0:1, 1+0:0:0:0:0, 1+1:0:0:0:0, 1+0:0:0:0:0, 1+1:0:0:0:1, 0+0:0:0:0:0, 2+1:1:0:0:1, 3+2:0:0:0:0, 1+1:0:0:0:1, 1+1:0:0:0:0, 1+1:0:0:0:0, 3+2:0:0:0:0, 0+2:0:0:0:0, 2+1:0:0:0:0, 2+1:0:0:0:0, 3+1:0:0:0:0, 1+0:0:0:0:0, 1+1:0:0:0:0, 2+2:0:0:0:0, 0+2:0:0:0:0, 2+2:0:0:0:0, 1+1:0:0:0:0, 3+2:0:0:0:0, 3+2:0:0:0:0, 1+1:0:0:0:1, 1+4:0:0:0:0, 0+3:0:0:0:0, 2+2:0:0:0:1, 1+1:0:0:0:0, 2+2:2:0:0:2, 2+0:0:0:0:0, 5+3:0:0:0:0, 2+1:0:0:0:1, 1+0:0:0:0:0, 0+2:0:0:0:0, 2+4:0:0:0:0, 1+2:0:0:0:1, 1+0:0:0:0:0, 3+1:0:0:0:0, 4+2:0:0:0:0, 1+1:0:0:0:0, 1+1:0:0:0:0, 1+1:0:0:0:0, 3+1:0:0:0:0, 1+0:0:0:0:0, 1+0:0:0:0:0, 2+1:0:0:0:0, 3+1:0:0:0:0, 1+0:0:0:0:0, 2+1:0:0:0:0, 2+2:0:0:0:0, 1+2:0:0:0:0, 0+0:0:0:0:0, 2+1:0:1:0:1, 3+2:0:0:0:0, 2+2:0:0:0:0, 1+1:0:0:0:1, 1+2:0:0:0:0, 1+3:0:0:0:1, 1+1:0:0:0:0, 0+1:0:0:0:0, 4+1:0:0:0:0, 2+0:0:0:0:0, 3+1:0:0:0:0, 2+1:0:0:0:1, 0+3:0:0:0:0, 0+0:0:0:0:0, 2+1:0:0:0:0, 0+2:0:0:0:0, 0+2:0:0:0:0, 3+1:0:0:0:0, 3+2:0:0:0:0, 1+1:0:0:0:1, 1+4:0:0:0:0, 1+1:0:0:0:0, 1+0:0:0:0:0, 0+0:0:0:0:0, 1+0:0:0:0:0, 2+1:0:0:0:0, 3+3:0:0:0:0, 2+1:0:0:0:0, 1+0:0:0:0:0, 2+1:0:0:0:0, 0+0:0:0:0:0, 1+3:0:1:0:1, 1+0:0:0:0:0, 1+0:0:0:0:0, 2+1:0:1:0:1, 1+2:0:0:0:2, 2+1:1:0:0:0, 2+1:0:0:0:0, 1+0:0:0:0:0, 1+1:1:0:0:0, 1+0:0:0:0:0, 3+4:0:0:0:3, 3+1:0:0:0:0, 2+1:0:0:0:1, 1+0:0:0:0:0, 0+2:0:0:0:0, 2+3:0:0:0:0, 2+5:0:0:0:1, 1+2:0:0:0:0, 1+1:0:0:0:0, 1+0:0:0:0:0, 1+1:0:0:0:1, 1+4:0:0:0:0, 1+4:0:0:0:1, 1+1:0:0:0:0, 1+0:0:0:0:0, 1+0:0:0:0:0, 2+1:0:0:0:0, 3+1:0:0:0:0, 1+0:0:0:0:0, 1+0:0:0:0:0, 2+0:0:0:0:0, 1+1:0:0:0:0, 0+1:0:0:0:0, 1+1:0:0:0:0, 1+0:0:0:0:0, 2+1:0:1:0:1, 1+1:0:0:0:1, 1+1:1:0:0:1, 2+1:0:0:0:0, 1+1:0:0:0:0, 1+1:0:0:0:0, 1+0:0:0:0:0, 3+3:0:0:0:2, 3+1:0:0:0:0, 2+1:0:0:0:1, 1+0:0:0:0:0, 0+2:0:0:0:0, 2+3:0:0:0:0, 3+4:0:0:0:0, 1+2:0:0:0:0, 1+1:0:0:0:0, 1+0:0:0:0:0, 1+1:0:0:0:1, 1+4:0:0:0:0, 4+2:0:0:0:0, 1+1:0:0:0:0, 0+0:0:0:0:0, 1+0:0:0:0:0, 3+1:0:0:0:0, 3+1:0:0:0:0, 1+0:0:0:0:0, 1+0:0:0:0:0, 2+0:0:0:0:0, 1+1:0:0:0:0, 0+1:0:0:0:0, 2+2:0:0:0:1, 1+0:0:0:0:0, 3+2:0:0:0:0, 1+0:0:0:0:0, 1+3:0:0:0:0, 0+3:0:0:0:0, 2+1:0:0:0:0, 0+2:0:0:0:0, 2+1:0:0:0:0, 3+1:0:0:0:0, 3+1:0:0:0:0, 2+1:0:0:0:1, 2+1:0:0:0:0, 1+4:0:0:0:0, 1+2:0:0:0:0, 1+3:0:0:0:0, 0+0:0:0:0:0, 2+1:1:0:0:1, 3+2:0:0:0:0, 1+1:0:0:0:1, 1+4:0:0:0:0, 1+1:0:0:0:0, 2+1:0:0:0:1, 0+0:0:0:0:0, 2+1:0:0:0:0, 2+1:0:0:0:0, 3+1:0:0:0:0, 1+0:0:0:0:0, 1+0:0:0:0:0, 2+2:0:0:0:0, 0+2:0:0:0:0, 1+1:0:0:0:0, 0+0:0:0:0:0, 1+0:0:0:0:0, 2+3:0:0:0:1, 0+0:0:0:0:0, 1+0:0:0:0:0, 2+0:0:0:0:0, 1+0:0:0:0:0, 1+0:0:0:0:0, 1+0:0:0:0:0, 1+0:0:0:0:0, 1+0:0:0:0:0, 1+0:0:0:0:0, 1+0:0:0:0:0, 1+0:0:0:0:0, 449+391:10:7:0:63
E minor (1#), 1+0:0:0:0:0, 1+0:0:0:0:0, 3+1:1:0:0:1, 1+0:0:0:0:0, 0+4:0:0:0:0, 1+3:0:0:0:0, 2+1:0:0:0:0, 3+1:0:0:0:1, 3+1:0:0:0:0, 3+1:1:0:0:1, 3+1:0:0:0:0, 2+1:0:0:0:1, 1+1:0:0:0:0, 3+0:0:0:0:0, 2+4:0:0:0:0, 1+4:0:0:0:0, 3+0:0:0:0:0, 3+1:0:1:0:1, 3+1:0:0:0:0, 2+1:0:0:0:0, 0+4:0:0:0:0, 2+3:0:0:0:1, 1+1:0:0:0:0, 2+1:0:0:0:0, 3+1:0:0:0:0, 4+2:0:0:0:0, 3+1:0:0:0:0, 2+0:0:0:0:0, 1+0:0:0:0:0, 3+2:0:0:0:0, 1+2:0:0:0:0, 2+2:0:0:0:0, 4+2:0:0:0:1, 2+1:1:0:0:1, 4+2:0:1:0:1, 2+1:0:0:0:0, 0+4:0:0:0:0, 1+3:0:0:0:0, 3+2:0:0:0:1, 2+0:0:0:0:0, 2+0:0:0:0:0, 3+2:0:0:0:0, 3+1:0:0:0:0, 1+0:0:0:0:0, 0+0:0:0:0:0, 2+1:0:0:0:1, 1+1:0:0:0:0, 2+1:0:0:0:0, 3+1:0:0:0:0, 3+1:1:0:0:1, 4+2:0:1:0:1, 2+1:0:0:0:0, 1+0:0:0:0:0, 1+2:0:0:0:0, 1+2:0:0:0:0, 2+1:0:0:0:0, 2+0:0:0:0:0, 3+4:0:0:0:1, 4+2:1:0:0:1, 2+0:0:0:0:0, 2+1:1:1:0:1, 3+2:0:0:0:0, 1+1:0:0:0:1, 2+2:0:0:0:0, 4+2:0:0:0:1, 1+3:0:0:0:3, 3+3:0:0:0:1, 2+1:0:0:0:0, 0+4:0:0:0:0, 3+1:0:0:0:0, 2+3:0:0:0:0, 2+3:0:0:0:0, 2+0:0:0:0:0, 5+2:0:0:0:0, 3+1:0:0:0:0, 3+1:0:0:0:0, 0+3:0:0:0:0, 2+1:0:0:0:1, 1+1:0:0:0:0, 4+4:0:0:0:0, 3+1:0:0:0:0, 3+3:0:0:0:0, 2+0:0:0:0:0, 2+1:0:0:0:0, 0+4:0:0:0:0, 2+3:0:0:0:1, 1+1:0:0:0:0, 2+0:0:0:0:0, 3+1:0:0:0:0, 4+2:0:0:0:0, 3+1:0:0:0:0, 3+1:0:0:0:1, 0+0:0:0:0:0, 3+2:0:0:0:0, 1+0:0:0:0:0, 2+0:0:0:0:0, 4+2:0:1:0:2, 2+0:0:0:0:0, 3+2:0:1:0:1, 2+1:0:0:0:0, 0+4:0:0:0:0, 2+1:0:0:0:0, 2+2:0:0:0:0, 2+2:0:0:0:0, 3+1:0:0:0:0, 3+2:1:0:0:0, 3+1:0:0:0:0, 2+1:0:0:0:1, 0+0:0:0:0:0, 2+1:0:0:0:1, 1+0:0:0:0:0, 3+1:0:0:0:1, 1+0:0:0:0:0, 2+1:1:0:0:1, 4+2:0:1:0:1, 2+1:0:0:0:1, 2+1:0:0:0:0, 2+1:0:0:0:0, 2+2:0:0:0:0, 2+2:0:0:0:0, 3+1:0:0:0:0, 3+2:0:0:0:0, 3+1:0:0:0:0, 2+0:0:0:0:0, 2+1:0:0:0:0, 3+2:0:0:0:0, 1+2:0:0:0:0, 2+2:0:0:0:0, 3+1:0:0:0:0, 3+1:1:0:0:1, 4+2:0:1:0:1, 2+1:0:0:0:0, 0+4:0:0:0:0, 1+3:0:0:0:0, 2+1:0:0:0:0, 2+1:0:0:0:0, 3+2:2:0:0:2, 2+3:0:0:0:0, 4+2:1:0:0:1, 2+1:0:0:0:1, 0+0:0:0:0:0, 1+3:0:0:0:0, 2+1:0:0:0:0, 2+1:0:0:0:0, 3+0:0:0:0:0, 2+1:1:0:0:1, 5+3:0:1:0:2, 2+1:0:0:0:1, 2+1:0:0:0:0, 2+1:0:0:0:0, 2+1:0:0:0:0, 3+0:0:0:0:0, 2+0:0:0:0:0, 3+2:0:0:0:0, 3+1:0:0:0:0, 2+0:0:0:0:0, 2+1:0:0:0:0, 3+2:0:0:0:0, 3+2:0:0:0:0, 2+0:0:0:0:0, 3+1:0:1:0:1, 2+1:1:0:0:1, 4+2:0:0:0:0, 2+1:0:0:0:0, 0+2:0:0:0:0, 2+3:0:0:0:1, 0+1:0:0:0:0, 2+1:0:0:0:0, 3+1:0:0:0:0, 2+0:0:0:0:0, 3+1:0:0:0:0, 2+1:0:0:0:1, 0+1:0:0:0:0, 1+3:0:0:0:0, 2+1:0:0:0:0, 1+0:0:0:0:0, 2+0:0:0:0:0, 2+1:1:0:0:1, 4+2:0:1:0:1, 2+1:0:0:0:0, 0+4:0:0:0:0, 2+1:0:0:0:0, 1+0:0:0:0:0, 2+0:0:0:0:0, 2+0:0:0:0:0, 3+1:0:0:0:0, 3+3:0:0:0:0, 3+1:0:0:0:0, 1+0:0:0:0:0, 3+1:0:0:0:0, 1+0:0:0:0:0, 2+2:0:0:0:0, 2+0:0:0:0:0, 1+0:0:0:0:0, 3+1:0:1:0:1, 2+2:0:0:0:0, 2+0:0:0:0:0, 1+1:0:0:0:0, 0+0:0:0:0:0, 2+1:1:0:0:0, 1+0:0:0:0:0, 3+4:1:0:0:2, 3+1:0:0:0:0, 2+1:0:0:0:1, 0+0:0:0:0:0, 1+2:0:0:0:0, 3+3:0:0:0:0, 4+5:0:0:0:1, 3+2:0:0:0:0, 2+1:0:0:0:0, 2+0:0:0:0:0, 2+1:0:0:0:0, 0+4:0:0:0:0, 2+4:0:0:0:1, 1+1:0:0:0:0, 3+0:0:0:0:0, 2+0:0:0:0:0, 3+2:0:0:0:0, 3+1:0:0:0:0, 2+0:0:0:0:0, 1+0:0:0:0:0, 2+0:0:0:0:0, 2+1:1:1:0:1, 2+1:0:0:0:0, 3+1:0:0:0:0, 1+0:0:0:0:0, 3+1:0:1:0:1, 2+1:0:0:0:0, 1+1:0:0:0:0, 1+1:0:0:0:0, 0+0:0:0:0:0, 2+1:1:0:0:0, 1+0:0:0:0:0, 4+3:0:0:0:2, 3+1:0:0:0:0, 2+1:0:0:0:1, 0+0:0:0:0:0, 1+2:0:0:0:0, 3+3:0:0:0:0, 4+4:0:0:0:0, 3+2:0:0:0:0, 2+1:0:0:0:0, 2+0:0:0:0:0, 2+1:0:0:0:0, 0+4:0:0:0:0, 3+2:0:0:0:0, 1+1:0:0:0:0, 1+0:0:0:0:0, 2+0:0:0:0:0, 4+2:0:0:0:0, 3+1:0:0:0:0, 2+0:0:0:0:0, 1+0:0:0:0:0, 2+0:0:0:0:0, 2+1:1:1:0:1, 2+1:0:0:0:0, 4+2:0:0:0:1, 1+0:0:0:0:0, 4+2:0:0:0:0, 1+0:0:0:0:0, 0+0:0:0:0:0, 0+0:0:0:0:0, 2+1:1:1:0:1, 2+2:0:0:0:0, 3+1:0:0:0:0, 4+2:0:0:0:0, 3+1:0:0:0:0, 2+1:0:0:0:1, 1+1:0:0:0:0, 2+4:0:0:0:0, 3+2:0:0:0:0, 2+3:0:0:0:0, 1+0:0:0:0:0, 2+1:1:0:0:1, 4+2:0:1:0:1, 2+1:0:0:0:0, 0+4:0:0:0:0, 2+1:0:0:0:0, 1+1:0:0:0:1, 2+0:0:0:0:0, 3+1:0:0:0:0, 3+2:0:0:0:0, 3+1:0:0:0:0, 2+0:0:0:0:0, 1+0:0:0:0:0, 3+2:0:0:0:0, 1+2:0:0:0:0, 2+1:0:0:0:0, 2+0:0:0:0:0, 2+0:0:0:0:0, 2+1:0:0:0:0, 2+2:0:0:0:0, 1+0:0:0:0:0, 3+2:0:0:0:0, 2+0:0:0:0:0, 1+0:0:0:0:0, 1+0:0:0:0:0, 1+0:0:0:0:0, 1+0:0:0:0:0, 1+0:0:0:0:0, 1+0:0:0:0:0, 1+0:0:0:0:0, 622+384:22:17:0:68
Bb major (2b), 0+0:0:0:0:0, 0+0:0:0:0:0, 1+1:1:0:0:1, 1+0:0:0:0:0, 1+0:0:0:0:0, 0+0:0:0:0:0, 2+1:0:0:0:0, 1+0:0:0:0:0, 1+1:0:0:0:0, 2+1:0:0:0:1, 3+1:0:0:0:0, 1+1:0:0:0:0, 1+2:0:0:0:0, 1+0:0:0:0:0, 0+0:0:0:0:0, 0+0:0:0:0:0, 2+1:0:0:0:0, 2+1:0:1:0:1, 1+1:0:0:0:0, 2+1:0:0:0:0, 1+0:0:0:0:0, 1+1:0:0:0:0, 0+0:0:0:0:0, 0+0:0:0:0:0, 1+1:0:0:0:0, 2+2:0:0:0:0, 3+2:0:0:0:0, 0+0:0:0:0:0, 1+1:0:0:0:0, 1+0:0:0:0:0, 0+0:0:0:0:0, 1+1:0:1:0:0, 1+1:0:0:0:0, 2+1:0:0:0:0, 2+1:0:0:0:0, 2+1:0:0:0:0, 1+0:0:0:0:0, 0+0:0:0:0:0, 1+1:0:0:0:0, 1+0:0:0:0:0, 0+0:0:0:0:0, 1+0:0:0:0:0, 3+1:0:0:0:0, 0+0:0:0:0:0, 0+0:0:0:0:0, 1+1:0:0:0:0, 1+0:0:0:0:0, 2+2:0:0:0:0, 2+1:0:0:0:0, 2+1:0:0:0:0, 2+1:0:0:0:0, 2+1:0:0:0:0, 1+0:0:0:0:0, 3+1:0:0:0:0, 1+1:0:1:0:0, 1+1:1:0:0:1, 0+0:0:0:0:0, 2+4:0:0:0:0, 4+2:0:0:0:0, 0+0:0:0:0:0, 1+1:0:0:0:0, 1+0:0:0:0:0, 2+2:0:0:0:0, 1+1:0:1:0:0, 1+1:0:0:0:0, 1+1:0:0:0:1, 1+1:0:1:0:0, 2+1:0:0:0:0, 1+1:0:0:0:0, 1+1:0:0:0:0, 2+1:0:0:0:1, 0+0:0:0:0:0, 0+0:0:0:0:0, 4+2:0:0:0:2, 3+1:0:0:0:0, 1+0:0:0:0:0, 1+1:1:0:0:1, 1+1:0:0:0:0, 2+1:0:0:0:0, 1+1:0:0:0:0, 0+0:0:0:0:0, 1+2:0:0:0:0, 0+0:0:0:0:0, 2+1:0:0:0:0, 1+0:0:0:0:0, 1+1:0:0:0:0, 1+1:0:0:0:0, 0+0:0:0:0:0, 1+1:0:0:0:0, 2+2:0:0:0:0, 3+2:0:0:0:0, 1+1:0:0:0:0, 2+0:0:0:0:0, 1+2:0:0:0:0, 0+0:0:0:0:0, 1+0:0:0:0:0, 2+2:0:1:0:1, 0+0:0:0:0:0, 2+1:0:0:0:0, 2+1:0:0:0:0, 1+0:0:0:0:0, 0+0:0:0:0:0, 1+0:0:0:0:0, 0+0:0:0:0:0, 1+1:0:0:0:0, 2+2:0:0:0:0, 3+2:0:0:0:0, 1+1:0:0:0:0, 1+2:2:0:0:2, 2+1:0:0:0:0, 2+1:0:0:0:0, 1+0:0:0:0:0, 1+3:0:0:0:0, 2+1:0:0:0:0, 2+1:0:0:0:0, 2+1:0:0:0:0, 1+1:0:0:0:0, 0+0:0:0:0:0, 1+0:0:0:0:0, 0+0:0:0:0:0, 1+1:0:0:0:0, 1+2:0:0:0:0, 3+2:0:0:0:0, 0+0:0:0:0:0, 0+0:0:0:0:0, 1+0:0:0:0:0, 0+0:0:0:0:0, 1+1:0:1:0:0, 0+0:0:0:0:0, 2+1:0:0:0:0, 2+1:0:0:0:0, 2+1:0:0:0:0, 1+0:0:0:0:0, 0+0:0:0:0:0, 2+1:0:0:0:0, 2+1:0:0:0:0, 1+2:2:0:0:2, 1+3:0:0:0:0, 4+2:0:0:0:0, 1+1:0:0:0:0, 2+1:0:0:0:0, 0+0:0:0:0:0, 1+3:0:0:0:0, 2+1:0:0:0:0, 1+0:0:0:0:0, 2+1:0:0:0:0, 3+2:0:0:0:0, 2+1:0:0:0:0, 1+1:0:0:0:0, 0+0:0:0:0:0, 2+1:0:0:0:0, 2+1:0:0:0:0, 0+0:0:0:0:0, 1+2:0:0:0:0, 3+2:0:0:0:0, 0+0:0:0:0:0, 1+1:0:0:0:0, 1+0:0:0:0:0, 1+1:0:0:0:1, 1+0:0:0:0:0, 1+1:0:1:0:1, 2+2:0:0:0:0, 1+1:0:0:0:0, 2+1:0:0:0:0, 1+0:0:0:0:0, 1+1:0:0:0:0, 1+1:0:0:0:0, 0+0:0:0:0:0, 3+2:0:0:0:2, 1+0:0:0:0:0, 3+1:0:0:0:0, 1+1:0:0:0:0, 0+0:0:0:0:0, 0+0:0:0:0:0, 2+1:0:0:0:0, 0+0:0:0:0:0, 0+0:0:0:0:0, 2+1:0:0:0:0, 2+1:0:0:0:0, 2+1:0:0:0:0, 1+1:0:0:0:0, 0+0:0:0:0:0, 0+0:0:0:0:0, 1+0:0:0:0:0, 0+0:0:0:0:0, 1+0:0:0:0:0, 2+3:0:0:0:0, 1+1:0:0:0:0, 0+0:0:0:0:0, 1+0:0:0:0:0, 0+0:0:0:0:0, 1+1:0:1:0:0, 0+0:0:0:0:0, 0+0:0:0:0:0, 1+1:0:1:0:1, 2+2:0:0:0:0, 2+1:1:0:0:1, 3+1:0:0:0:0, 1+1:0:0:0:0, 1+1:1:0:0:1, 0+0:0:0:0:0, 4+3:0:0:0:0, 3+1:0:0:0:0, 1+1:0:0:0:1, 1+0:0:0:0:0, 0+2:0:0:0:0, 1+1:0:0:0:0, 1+0:0:0:0:0, 1+1:0:0:0:0, 0+0:0:0:0:0, 0+0:0:0:0:0, 2+1:0:0:0:0, 1+0:0:0:0:0, 1+1:0:0:0:0, 1+1:0:0:0:0, 2+1:0:0:0:0, 0+0:0:0:0:0, 1+2:0:0:0:0, 3+2:0:0:0:0, 0+0:0:0:0:0, 0+0:0:0:0:0, 1+0:0:0:0:0, 1+1:0:0:0:0, 1+0:0:0:0:0, 0+0:0:0:0:0, 0+0:0:0:0:0, 1+1:0:1:0:1, 2+1:0:0:0:0, 1+1:1:0:0:0, 2+1:0:0:0:0, 1+0:0:0:0:0, 1+1:1:0:0:0, 0+0:0:0:0:0, 4+3:0:0:0:0, 3+1:0:0:0:0, 1+1:0:0:0:1, 1+0:0:0:0:0, 0+2:0:0:0:0, 1+2:0:0:0:0, 1+1:0:0:0:0, 1+1:0:0:0:0, 0+0:0:0:0:0, 0+0:0:0:0:0, 2+1:0:0:0:0, 1+0:0:0:0:0, 3+2:0:0:0:0, 1+0:0:0:0:0, 1+0:0:0:0:0, 0+0:0:0:0:0, 2+2:0:0:0:0, 3+2:0:0:0:0, 0+0:0:0:0:0, 0+0:0:0:0:0, 1+0:0:0:0:0, 1+1:0:0:0:0, 1+0:0:0:0:0, 1+1:0:0:0:0, 0+0:0:0:0:0, 2+1:0:0:0:0, 1+0:0:0:0:0, 1+0:0:0:0:0, 0+0:0:0:0:0, 1+1:1:0:0:1, 0+0:0:0:0:0, 1+1:0:0:0:0, 2+2:0:0:0:0, 3+2:0:0:0:0, 1+1:0:0:0:0, 1+0:0:0:0:0, 0+0:0:0:0:0, 1+1:0:0:0:0, 0+0:0:0:0:0, 1+3:0:0:0:0, 2+1:0:0:0:0, 2+1:0:0:0:0, 2+1:0:0:0:0, 1+1:0:0:0:0, 0+0:0:0:0:0, 1+1:0:0:0:1, 0+0:0:0:0:0, 1+1:0:0:0:0, 1+2:0:0:0:0, 3+2:0:0:0:0, 0+0:0:0:0:0, 0+0:0:0:0:0, 1+0:0:0:0:0, 0+0:0:0:0:0, 2+1:0:0:0:0, 1+1:0:0:0:0, 0+0:0:0:0:0, 2+1:0:0:0:0, 0+0:0:0:0:0, 0+0:0:0:0:0, 1+0:0:0:0:0, 0+0:0:0:0:0, 0+0:0:0:0:0, 0+0:0:0:0:0, 0+0:0:0:0:0, 0+0:0:0:0:0, 0+0:0:0:0:0, 0+0:0:0:0:0, 0+0:0:0:0:0, 337+227:12:11:0:26
D major (2#), 1+0:0:0:0:0, 1+0:0:0:0:0, 3+1:1:0:0:1, 1+0:0:0:0:0, 0+0:0:0:0:0, 2+3:0:0:0:0, 3+2:0:0:0:1, 3+1:0:0:0:1, 3+1:0:0:0:0, 3+1:1:0:0:1, 3+1:0:0:0:0, 1+1:1:0:0:0, 2+1:0:0:0:0, 4+0:0:0:0:0, 3+4:0:0:0:0, 2+2:0:0:0:0, 2+0:0:0:0:0, 3+1:0:1:0:1, 3+1:0:0:0:0, 2+1:0:0:0:1, 1+4:0:0:0:0, 3+3:0:0:0:1, 2+2:0:0:0:0, 3+1:0:0:0:0, 3+4:0:0:0:1, 5+1:0:0:0:0, 3+1:0:0:0:0, 2+3:0:0:0:0, 2+2:1:0:0:0, 3+2:0:0:0:0, 2+2:0:0:0:0, 2+2:0:0:0:0, 3+2:1:0:0:0, 2+1:1:0:0:1, 4+2:0:1:0:1, 2+1:0:0:0:1, 0+0:0:0:0:0, 2+3:0:0:0:0, 4+2:0:0:0:1, 2+0:0:0:0:0, 2+2:0:0:0:0, 4+2:0:0:0:0, 3+1:0:0:0:0, 2+0:0:0:0:0, 1+3:0:0:0:0, 3+1:0:0:0:0, 2+1:0:0:0:0, 2+1:1:0:0:0, 3+1:0:0:0:0, 3+1:1:0:0:1, 4+2:0:1:0:1, 2+1:0:0:0:1, 0+0:0:0:0:0, 2+2:0:0:0:0, 2+1:0:0:0:1, 3+1:1:0:0:0, 2+0:0:0:0:0, 2+4:1:0:0:0, 3+2:1:0:0:1, 2+0:0:0:0:0, 3+1:1:1:0:1, 3+2:0:0:0:0, 2+1:0:0:0:1, 2+2:0:0:0:0, 3+2:1:0:0:0, 1+1:0:0:0:0, 3+2:0:0:0:0, 2+1:0:0:0:1, 1+0:0:0:0:0, 4+1:0:0:0:0, 3+3:0:0:0:0, 2+0:0:0:0:0, 2+2:0:0:0:0, 5+2:0:0:0:0, 3+1:0:0:0:0, 3+1:0:0:0:0, 1+0:0:0:0:0, 3+1:0:0:0:0, 1+1:0:0:0:0, 4+4:0:0:0:0, 4+1:0:0:0:0, 3+3:0:0:0:0, 2+0:0:0:0:0, 2+1:0:0:0:1, 1+4:0:0:0:0, 3+3:0:0:0:1, 2+3:0:0:0:0, 2+0:0:0:0:0, 3+4:0:0:0:1, 5+1:0:0:0:0, 3+1:0:0:0:0, 2+1:1:0:0:0, 1+0:0:0:0:0, 3+2:0:0:0:0, 2+2:0:0:0:0, 2+0:0:0:0:0, 3+2:1:1:0:1, 2+0:0:0:0:0, 3+2:0:1:0:1, 2+1:0:0:0:1, 0+0:0:0:0:0, 3+1:0:0:0:0, 3+2:0:0:0:0, 2+0:0:0:0:0, 3+1:0:0:0:0, 4+2:1:0:0:0, 3+1:0:0:0:0, 1+1:1:0:0:0, 1+0:0:0:0:0, 3+1:0:0:0:0, 1+1:0:0:0:0, 3+1:0:0:0:1, 1+0:0:0:0:0, 2+1:1:0:0:1, 4+2:0:1:0:1, 2+1:0:0:0:1, 2+1:0:0:0:0, 3+1:0:0:0:0, 3+2:0:0:0:0, 2+0:0:0:0:0, 3+3:0:0:0:1, 4+2:0:0:0:0, 3+1:0:0:0:0, 2+0:0:0:0:0, 2+1:0:0:0:0, 3+2:0:0:0:0, 2+2:0:0:0:0, 2+2:0:0:0:0, 3+2:0:0:0:0, 3+1:1:0:0:1, 4+2:0:1:0:1, 2+1:0:0:0:1, 0+0:0:0:0:0, 2+3:0:0:0:0, 3+2:0:0:0:1, 2+1:1:1:0:1, 3+2:2:0:0:2, 2+3:0:0:0:0, 3+2:1:0:0:1, 1+1:1:0:0:0, 1+0:0:0:0:0, 1+2:0:0:0:0, 3+4:0:0:0:0, 3+2:0:0:0:1, 2+0:0:0:0:0, 2+1:1:0:0:1, 4+3:1:1:0:1, 2+1:0:0:0:1, 2+1:0:0:0:0, 3+1:0:0:0:0, 3+1:0:0:0:0, 2+0:0:0:0:0, 2+3:0:0:0:0, 4+2:0:0:0:0, 3+1:0:0:0:0, 2+0:0:0:0:0, 2+1:0:0:0:0, 3+2:0:0:0:0, 4+2:0:0:0:0, 2+0:0:0:0:0, 4+1:0:1:0:1, 2+1:1:0:0:1, 4+2:0:0:0:0, 2+1:0:0:0:1, 0+0:0:0:0:0, 3+3:0:0:0:1, 1+1:0:0:0:0, 3+1:0:0:0:0, 3+1:0:0:0:0, 2+0:0:0:0:0, 3+1:0:0:0:0, 1+1:1:0:0:0, 1+3:0:0:0:0, 1+0:0:0:0:0, 2+1:0:0:0:0, 2+2:0:0:0:0, 2+0:0:0:0:0, 2+1:1:0:0:1, 4+2:0:1:0:1, 2+1:0:0:0:1, 1+0:0:0:0:0, 3+1:0:0:0:0, 2+0:0:0:0:0, 2+0:0:0:0:0, 2+2:0:0:0:0, 4+1:0:0:0:0, 3+3:0:0:0:0, 3+1:0:0:0:0, 1+0:0:0:0:0, 3+1:0:0:0:0, 2+2:0:0:0:0, 2+2:0:0:0:0, 2+2:0:0:0:0, 2+0:0:0:0:0, 3+1:0:1:0:1, 2+2:0:0:0:2, 1+1:0:0:0:1, 2+1:0:0:0:0, 1+0:0:0:0:0, 3+1:1:0:0:0, 1+0:0:0:0:0, 4+4:1:0:0:2, 3+1:0:0:0:0, 1+1:1:0:0:0, 1+0:0:0:0:0, 1+2:0:0:0:0, 3+3:0:0:0:0, 3+5:1:0:0:0, 4+2:0:0:0:0, 2+1:0:0:0:0, 2+0:0:0:0:0, 2+1:0:0:0:1, 1+4:0:0:0:0, 3+4:0:0:0:1, 2+3:0:0:0:0, 2+0:0:0:0:0, 2+2:0:0:0:0, 4+2:0:0:0:0, 3+1:0:0:0:0, 2+0:0:0:0:0, 1+0:0:0:0:0, 2+0:0:0:0:0, 4+3:0:0:0:1, 3+1:0:0:0:0, 3+2:0:0:0:0, 2+0:0:0:0:0, 3+1:0:1:0:1, 2+1:0:0:0:1, 2+1:0:0:0:1, 2+1:0:0:0:0, 1+0:0:0:0:0, 3+1:1:0:0:0, 1+0:0:0:0:0, 4+3:0:0:0:2, 3+1:0:0:0:0, 1+1:1:0:0:0, 1+0:0:0:0:0, 1+2:0:0:0:0, 3+3:0:0:0:0, 4+4:0:0:0:0, 4+2:0:0:0:0, 2+1:0:0:0:0, 2+0:0:0:0:0, 2+1:0:0:0:1, 1+4:0:0:0:0, 4+2:0:0:0:0, 2+1:0:0:0:0, 1+0:0:0:0:0, 2+2:0:0:0:0, 5+1:0:0:0:0, 3+1:0:0:0:0, 2+0:0:0:0:0, 1+0:0:0:0:0, 2+0:0:0:0:0, 4+3:0:0:0:1, 3+1:0:0:0:0, 3+2:1:0:0:0, 1+0:0:0:0:0, 4+2:0:0:0:0, 1+2:0:0:0:2, 0+0:0:0:0:0, 1+0:0:0:0:0, 3+1:1:1:0:1, 2+0:0:0:0:0, 3+4:0:0:0:1, 5+1:0:0:0:0, 3+1:0:0:0:0, 1+1:1:0:0:0, 2+1:0:0:0:0, 3+4:0:0:0:0, 4+2:0:0:0:0, 3+3:0:0:0:0, 1+0:0:0:0:0, 2+1:1:0:0:1, 4+2:0:1:0:1, 2+1:0:0:0:1, 1+0:0:0:0:0, 3+1:0:0:0:0, 2+1:0:0:0:0, 2+0:0:0:0:0, 3+3:0:0:0:1, 4+2:0:0:0:0, 3+1:0:0:0:0, 2+0:0:0:0:0, 1+0:0:0:0:0, 3+2:0:0:0:0, 2+2:0:0:0:0, 2+1:0:0:0:0, 2+0:0:0:0:0, 2+1:0:0:0:0, 3+3:1:0:0:0, 2+0:0:0:0:0, 1+0:0:0:0:0, 3+2:0:0:0:0, 2+0:0:0:0:0, 1+0:0:0:0:0, 1+0:0:0:0:0, 1+0:0:0:0:0, 1+0:0:0:0:0, 1+0:0:0:0:0, 1+0:0:0:0:0, 1+0:0:0:0:0, 706+394:40:16:0:74
G minor (2b), 0+0:0:0:0:0, 0+0:0:0:0:0, 2+2:0:0:0:0, 1+0:0:0:0:0, 1+0:0:0:0:0, 0+0:0:0:0:0, 2+1:0:0:0:0, 1+2:0:0:0:0, 1+1:0:0:0:0, 2+1:0:0:0:0, 3+1:0:0:0:0, 1+1:0:0:0:0, 1+2:0:0:0:2, 1+0:0:0:0:0, 0+4:0:0:0:0, 0+4:0:0:0:0, 2+0:0:0:0:0, 2+3:0:1:0:2, 1+1:0:0:0:0, 2+1:0:0:0:1, 1+0:0:0:0:0, 1+1:0:0:0:0, 0+2:0:0:0:0, 0+2:0:0:0:0, 1+1:0:0:0:0, 2+2:0:0:0:0, 3+1:0:0:0:0, 0+0:0:0:0:0, 1+0:0:0:0:0, 1+2:0:0:0:0, 0+0:0:0:0:0, 1+3:0:1:0:1, 1+2:0:0:0:1, 2+1:0:0:0:0, 2+2:0:0:0:0, 2+1:0:0:0:1, 1+0:0:0:0:0, 0+0:0:0:0:0, 1+2:0:0:0:0, 1+0:0:0:0:0, 0+0:0:0:0:0, 1+1:0:0:0:0, 3+1:0:0:0:0, 0+0:0:0:0:0, 0+0:0:0:0:0, 1+1:0:0:0:0, 1+1:0:0:0:0, 2+2:0:0:0:0, 2+2:0:0:0:0, 2+2:0:0:0:0, 2+2:0:0:0:0, 2+1:0:0:0:1, 1+0:0:0:0:0, 2+2:0:0:0:0, 2+1:0:0:0:1, 1+1:1:0:0:0, 0+0:0:0:0:0, 2+1:0:0:0:0, 4+3:0:0:0:0, 0+0:0:0:0:0, 1+1:0:0:0:0, 1+2:0:0:0:0, 2+1:1:0:0:0, 1+3:0:1:0:1, 1+2:0:0:0:1, 1+1:0:0:0:0, 1+2:0:1:0:1, 2+1:0:0:0:1, 1+0:0:0:0:0, 1+1:0:0:0:0, 2+1:0:0:0:1, 0+0:0:0:0:0, 0+0:0:0:0:0, 4+2:0:0:0:0, 3+1:0:0:0:0, 1+1:0:0:0:0, 1+0:0:0:0:0, 1+3:0:0:0:0, 2+1:0:0:0:0, 2+4:0:0:0:0, 0+1:0:0:0:0, 1+3:0:0:0:0, 0+0:0:0:0:0, 2+1:0:0:0:1, 1+0:0:0:0:0, 1+1:0:0:0:0, 1+1:0:0:0:0, 0+2:0:0:0:0, 1+1:0:0:0:0, 2+2:0:0:0:0, 3+1:0:0:0:0, 1+1:0:0:0:1, 2+0:0:0:0:0, 1+2:0:0:0:0, 0+0:0:0:0:0, 1+0:0:0:0:0, 2+2:0:1:0:2, 0+0:0:0:0:0, 2+2:0:0:0:0, 2+1:0:0:0:1, 1+0:0:0:0:0, 0+1:0:0:0:0, 2+2:0:0:0:0, 0+2:0:0:0:0, 1+1:0:0:0:0, 2+2:0:0:0:1, 3+1:0:0:0:0, 1+1:0:0:0:1, 1+0:0:0:0:0, 2+1:0:0:0:0, 2+1:0:0:0:0, 1+1:0:0:0:0, 1+3:0:0:0:0, 2+1:0:0:0:0, 2+2:0:0:0:0, 2+1:0:0:0:1, 1+1:0:0:0:0, 0+1:0:0:0:0, 2+2:0:0:0:0, 0+2:0:0:0:0, 1+1:0:0:0:0, 1+1:0:0:0:0, 3+1:0:0:0:0, 0+0:0:0:0:0, 0+1:0:0:0:0, 1+2:0:0:0:0, 0+0:0:0:0:0, 1+3:0:1:0:1, 0+1:0:0:0:0, 2+2:0:0:0:0, 2+2:0:0:0:0, 2+1:0:0:0:1, 1+0:0:0:0:0, 0+0:0:0:0:0, 2+1:0:0:0:0, 1+1:1:0:0:0, 1+2:2:0:0:2, 1+0:0:0:0:0, 4+3:0:0:0:0, 1+1:0:0:0:1, 1+0:0:0:0:0, 0+2:0:0:0:0, 1+4:0:0:0:0, 2+2:0:0:0:1, 1+0:0:0:0:0, 2+1:0:0:0:0, 3+2:0:0:0:0, 2+1:0:0:0:1, 1+1:0:0:0:0, 0+1:0:0:0:0, 2+1:0:0:0:0, 2+0:0:0:0:0, 0+0:0:0:0:0, 1+1:0:0:0:0, 3+1:0:0:0:0, 0+0:0:0:0:0, 1+1:0:0:0:0, 1+2:0:0:0:0, 1+2:0:0:0:0, 1+0:0:0:0:0, 1+1:0:1:0:1, 2+2:0:0:0:0, 1+2:0:0:0:0, 2+1:0:0:0:1, 1+0:0:0:0:0, 1+1:0:0:0:0, 1+0:0:0:0:0, 0+2:0:0:0:0, 3+1:0:0:0:0, 1+0:0:0:0:0, 3+1:0:0:0:0, 1+1:0:0:0:0, 0+0:0:0:0:0, 0+0:0:0:0:0, 2+1:0:0:0:1, 0+2:0:0:0:0, 0+2:0:0:0:0, 2+1:0:0:0:0, 2+2:0:0:0:0, 2+1:0:0:0:1, 1+0:0:0:0:0, 0+1:0:0:0:0, 0+0:0:0:0:0, 1+0:0:0:0:0, 0+0:0:0:0:0, 1+1:0:0:0:0, 2+3:0:0:0:0, 1+1:0:0:0:0, 0+0:0:0:0:0, 1+1:0:0:0:0, 0+0:0:0:0:0, 1+3:0:1:0:1, 0+0:0:0:0:0, 0+0:0:0:0:0, 1+1:0:1:0:1, 2+2:0:0:0:2, 2+1:1:0:0:0, 2+1:0:0:0:0, 1+0:0:0:0:0, 1+1:1:0:0:0, 0+0:0:0:0:0, 4+4:0:0:0:3, 3+1:0:0:0:0, 1+1:0:0:0:1, 1+0:0:0:0:0, 0+2:0:0:0:0, 1+3:0:0:0:0, 1+5:0:0:0:1, 1+2:0:0:0:0, 0+1:0:0:0:0, 0+0:0:0:0:0, 2+1:0:0:0:1, 1+0:0:0:0:0, 1+1:0:0:0:0, 1+3:0:0:0:0, 2+0:0:0:0:0, 0+0:0:0:0:0, 1+1:0:0:0:0, 3+1:0:0:0:0, 0+0:0:0:0:0, 0+0:0:0:0:0, 1+0:0:0:0:0, 1+1:0:0:0:0, 1+1:0:0:0:0, 0+1:0:0:0:0, 0+0:0:0:0:0, 1+3:0:1:0:1, 2+1:0:0:0:0, 1+1:1:0:0:0, 2+1:0:0:0:0, 1+0:0:0:0:0, 1+1:1:0:0:0, 0+0:0:0:0:0, 4+3:0:0:0:2, 3+1:0:0:0:0, 1+1:0:0:0:1, 1+0:0:0:0:0, 0+2:0:0:0:0, 1+3:0:0:0:0, 2+4:0:0:0:0, 1+2:0:0:0:0, 0+1:0:0:0:0, 0+0:0:0:0:0, 2+1:0:0:0:1, 1+4:0:0:0:0, 4+2:0:0:0:0, 1+1:0:0:0:0, 1+0:0:0:0:0, 0+0:0:0:0:0, 2+1:0:0:0:0, 3+1:0:0:0:0, 0+0:0:0:0:0, 0+0:0:0:0:0, 1+0:0:0:0:0, 1+1:0:0:0:0, 1+1:0:0:0:0, 1+2:0:0:0:1, 0+0:0:0:0:0, 2+2:0:0:0:0, 1+0:0:0:0:0, 1+0:0:0:0:0, 0+0:0:0:0:0, 1+1:0:0:0:0, 0+2:0:0:0:0, 1+1:0:0:0:0, 2+2:0:0:0:0, 3+1:0:0:0:0, 1+1:0:0:0:0, 2+1:0:0:0:0, 0+4:0:0:0:0, 1+2:0:0:0:0, 0+3:0:0:0:0, 1+3:0:0:0:0, 2+1:0:0:0:0, 2+2:0:0:0:0, 2+1:0:0:0:1, 1+0:0:0:0:0, 0+1:0:0:0:0, 1+1:0:0:0:0, 0+2:0:0:0:0, 1+1:0:0:0:0, 1+1:0:0:0:0, 3+1:0:0:0:0, 0+0:0:0:0:0, 0+0:0:0:0:0, 1+2:0:0:0:0, 0+1:0:0:0:0, 2+1:0:0:0:0, 1+2:0:0:0:0, 0+0:0:0:0:0, 2+1:0:0:0:0, 0+2:0:0:0:0, 0+0:0:0:0:0, 1+0:0:0:0:0, 0+0:0:0:0:0, 0+0:0:0:0:0, 0+0:0:0:0:0, 0+0:0:0:0:0, 0+0:0:0:0:0, 0+0:0:0:0:0, 0+0:0:0:0:0, 0+0:0:0:0:0, 341+333:9:10:0:51
B minor (2#), 1+0:0:0:0:0, 1+0:0:0:0:0, 3+1:1:0:0:1, 1+0:0:0:0:0, 0+0:0:0:0:0, 2+3:0:0:0:0, 3+2:0:0:0:1, 3+1:0:0:0:1, 3+3:0:0:0:1, 3+1:1:0:0:1, 3+1:0:0:0:0, 1+1:1:0:0:0, 2+1:0:0:0:0, 4+0:0:0:0:0, 3+4:0:0:0:0, 2+2:0:0:0:0, 2+0:0:0:0:0, 3+1:0:1:0:1, 3+1:0:0:0:0, 2+1:0:0:0:1, 1+4:0:0:0:0, 3+3:0:0:0:1, 2+2:0:0:0:0, 3+1:0:0:0:0, 3+4:0:0:0:1, 5+1:0:0:0:0, 3+1:0:0:0:0, 2+3:0:0:0:0, 2+2:1:0:0:0, 3+2:0:0:0:0, 2+2:0:0:0:0, 2+2:0:0:0:0, 3+2:1:0:0:0, 2+1:1:0:0:1, 4+2:0:1:0:1, 2+1:0:0:0:1, 0+0:0:0:0:0, 2+3:0:0:0:0, 4+2:0:0:0:1, 2+0:0:0:0:0, 2+2:0:0:0:0, 4+2:0:0:0:0, 3+1:0:0:0:0, 2+4:0:0:0:0, 1+3:0:0:0:0, 3+1:0:0:0:0, 2+1:0:0:0:0, 2+1:0:0:0:0, 3+1:0:0:0:0, 3+3:1:0:0:0, 4+2:0:1:0:1, 2+1:0:0:0:1, 0+0:0:0:0:0, 2+2:0:0:0:0, 2+2:0:0:0:0, 2+1:1:1:0:1, 2+0:0:0:0:0, 2+1:1:0:0:1, 3+4:1:0:0:1, 2+3:0:0:0:0, 4+2:0:0:0:1, 3+5:0:0:0:2, 2+1:0:0:0:0, 2+2:0:0:0:0, 3+2:1:0:0:0, 1+3:0:0:0:3, 3+3:0:0:0:1, 2+1:0:0:0:0, 1+4:0:0:0:0, 3+3:1:0:0:1, 3+3:0:0:0:0, 2+0:0:0:0:0, 2+2:0:0:0:0, 5+2:0:0:0:0, 3+1:0:0:0:0, 3+1:0:0:0:0, 1+0:0:0:0:0, 3+1:0:0:0:0, 1+1:0:0:0:0, 4+4:0:0:0:0, 4+2:0:0:0:0, 3+3:0:0:0:0, 2+3:0:0:0:0, 2+1:0:0:0:1, 1+4:0:0:0:0, 3+3:0:0:0:1, 2+1:0:0:0:0, 2+0:0:0:0:0, 3+4:0:0:0:1, 5+1:0:0:0:0, 3+1:0:0:0:0, 2+1:1:0:0:0, 1+0:0:0:0:0, 3+2:0:0:0:0, 2+2:0:0:0:0, 2+0:0:0:0:0, 3+2:1:1:0:1, 2+3:0:0:0:0, 3+2:0:1:0:1, 2+1:0:0:0:1, 0+0:0:0:0:0, 3+3:0:0:0:0, 3+2:0:0:0:0, 2+0:0:0:0:0, 3+3:0:0:0:1, 4+2:1:0:0:1, 3+1:0:0:0:0, 1+3:3:0:0:0, 1+3:0:0:0:0, 3+1:0:0:0:0, 1+0:0:0:0:0, 3+1:0:0:0:1, 1+0:0:0:0:0, 2+1:1:0:0:1, 4+2:0:1:0:1, 2+1:0:0:0:1, 2+1:0:0:0:0, 3+3:0:0:0:0, 3+2:0:0:0:0, 2+0:0:0:0:0, 3+3:0:0:0:1, 4+2:0:0:0:0, 3+1:0:0:0:0, 2+3:0:0:0:0, 2+1:0:0:0:0, 3+2:0:0:0:0, 2+2:0:0:0:0, 2+2:0:0:0:0, 3+2:0:0:0:0, 3+1:1:0:0:1, 4+2:0:1:0:1, 2+1:0:0:0:1, 0+0:0:0:0:0, 2+3:0:0:0:0, 3+2:0:0:0:1, 2+1:1:1:0:1, 3+2:2:0:0:2, 2+0:0:0:0:0, 3+4:1:0:0:1, 1+1:1:0:0:0, 1+0:0:0:0:0, 1+3:0:0:0:0, 2+1:0:0:0:0, 3+1:0:0:0:0, 2+0:0:0:0:0, 3+1:0:0:0:0, 6+2:0:0:0:0, 2+1:0:0:0:1, 2+1:0:0:0:0, 3+3:0:0:0:0, 3+1:0:0:0:0, 2+0:0:0:0:0, 2+3:0:0:0:0, 4+2:0:0:0:0, 3+1:0:0:0:0, 2+2:0:0:0:0, 2+1:0:0:0:0, 3+2:0:0:0:0, 4+2:0:0:0:0, 2+0:0:0:0:0, 5+4:0:0:0:0, 2+4:0:0:0:3, 4+1:0:0:0:0, 2+1:0:0:0:1, 0+0:0:0:0:0, 3+3:0:0:0:1, 1+1:0:0:0:0, 3+1:0:0:0:0, 3+2:2:0:0:2, 3+1:1:0:0:1, 3+2:1:0:0:1, 1+3:3:0:0:3, 1+1:0:0:0:0, 1+3:0:0:0:0, 2+1:0:0:0:0, 2+0:0:0:0:0, 2+0:0:0:0:0, 2+3:0:0:0:2, 5+2:0:0:0:0, 2+1:0:0:0:0, 1+0:0:0:0:0, 3+1:0:0:0:0, 2+1:0:0:0:1, 2+0:0:0:0:0, 2+2:0:0:0:0, 4+3:0:0:0:1, 3+1:0:0:0:0, 3+3:0:0:0:1, 1+1:0:0:0:0, 3+1:0:0:0:0, 2+2:0:0:0:0, 2+2:0:0:0:0, 2+2:0:0:0:0, 2+4:0:0:0:0, 4+2:0:0:0:0, 2+2:0:0:0:2, 1+0:0:0:0:0, 2+1:0:0:0:0, 1+0:0:0:0:0, 2+2:2:2:0:2, 1+0:0:0:0:0, 4+4:1:0:0:2, 3+1:1:0:0:1, 1+3:3:0:0:3, 1+0:0:0:0:0, 1+3:0:0:0:0, 2+2:0:0:0:0, 3+5:1:0:0:0, 4+2:0:0:0:0, 2+1:0:0:0:0, 2+3:0:0:0:0, 2+1:0:0:0:1, 1+4:0:0:0:0, 3+4:0:0:0:1, 2+1:0:0:0:0, 2+0:0:0:0:0, 2+2:0:0:0:0, 4+2:0:0:0:0, 3+1:0:0:0:0, 2+2:0:0:0:0, 1+1:0:0:0:0, 2+0:0:0:0:0, 4+3:0:0:0:1, 3+1:0:0:0:0, 3+2:0:0:0:0, 2+4:0:0:0:0, 4+2:0:0:0:0, 2+1:0:0:0:0, 2+1:0:0:0:0, 2+1:0:0:0:0, 1+0:0:0:0:0, 2+1:1:1:0:1, 1+3:0:0:0:0, 3+5:0:0:0:3, 3+1:1:0:0:1, 1+3:3:0:0:3, 1+0:0:0:0:0, 1+3:0:0:0:0, 2+3:0:0:0:0, 4+4:0:0:0:0, 4+2:0:0:0:0, 2+1:0:0:0:0, 2+3:0:0:0:0, 2+1:0:0:0:0, 1+0:0:0:0:0, 4+2:0:0:0:0, 2+1:0:0:0:0, 1+0:0:0:0:0, 2+2:0:0:0:0, 5+1:0:0:0:0, 3+1:0:0:0:0, 2+3:0:0:0:0, 1+1:0:0:0:0, 2+0:0:0:0:0, 4+3:0:0:0:1, 3+1:0:0:0:0, 3+2:1:0:0:0, 1+0:0:0:0:0, 4+2:0:0:0:0, 1+0:0:0:0:0, 0+0:0:0:0:0, 1+2:0:0:0:0, 4+4:0:0:0:0, 2+0:0:0:0:0, 3+4:0:0:0:1, 5+1:0:0:0:0, 3+1:0:0:0:0, 1+1:1:0:0:0, 2+6:3:0:0:0, 3+2:0:0:0:0, 4+2:0:0:0:0, 3+3:0:0:0:0, 1+0:0:0:0:0, 2+3:0:0:0:2, 5+2:0:0:0:0, 2+1:0:0:0:0, 1+0:0:0:0:0, 3+1:0:0:0:0, 2+1:0:0:0:1, 2+0:0:0:0:0, 3+3:0:0:0:1, 4+2:0:0:0:0, 3+1:0:0:0:0, 2+3:0:0:0:0, 1+1:0:0:0:0, 3+2:0:0:0:0, 2+2:0:0:0:0, 2+1:0:0:0:0, 2+0:0:0:0:0, 2+1:0:0:0:0, 3+3:1:0:0:0, 2+0:0:0:0:0, 1+0:0:0:0:0, 3+2:0:0:0:0, 2+2:0:0:0:0, 1+2:0:0:0:1, 1+0:0:0:0:0, 1+0:0:0:0:0, 1+0:0:0:0:0, 1+0:0:0:0:0, 1+0:0:0:0:0, 1+0:0:0:0:0, 709+493:51:12:0:93
Eb major (3b), 0+0:0:0:0:0, 0+0:0:0:0:0, 1+2:0:0:0:0, 1+0:0:0:0:0, 1+0:0:0:0:0, 0+0:0:0:0:0, 3+1:0:0:0:0, 0+0:0:0:0:0, 2+1:0:0:0:0, 1+1:0:0:0:1, 2+1:0:0:0:0, 1+1:0:0:0:0, 1+2:0:0:0:0, 0+0:0:0:0:0, 0+0:0:0:0:0, 0+0:0:0:0:0, 3+2:0:0:0:0, 2+1:0:1:0:0, 1+1:0:0:0:0, 2+1:0:0:0:0, 1+0:0:0:0:0, 2+1:0:0:0:0, 0+0:0:0:0:0, 0+0:0:0:0:0, 2+1:0:0:0:0, 1+0:0:0:0:0, 2+1:0:0:0:0, 1+1:0:0:0:0, 2+1:0:0:0:0, 0+0:0:0:0:0, 0+0:0:0:0:0, 1+1:0:1:0:0, 2+1:0:0:0:0, 1+1:0:0:0:0, 2+1:0:0:0:0, 2+1:0:0:0:0, 1+0:0:0:0:0, 0+0:0:0:0:0, 2+1:0:0:0:0, 1+1:0:0:0:0, 1+0:0:0:0:0, 0+0:0:0:0:0, 2+1:0:0:0:0, 0+0:0:0:0:0, 0+0:0:0:0:0, 2+1:0:0:0:1, 1+2:0:0:0:0, 1+2:0:0:0:0, 3+1:0:0:0:0, 1+1:0:0:0:0, 2+1:0:0:0:0, 2+1:0:0:0:0, 1+0:0:0:0:0, 3+1:0:0:0:0, 1+1:0:1:0:0, 1+1:1:0:0:1, 0+0:0:0:0:0, 1+1:0:0:0:0, 4+2:0:0:0:0, 1+1:0:0:0:0, 2+1:0:0:0:0, 0+0:0:0:0:0, 2+2:0:0:0:1, 1+1:0:1:0:0, 2+1:0:0:0:0, 1+1:0:0:0:1, 1+1:0:1:0:0, 2+1:0:0:0:0, 1+0:0:0:0:0, 1+1:0:0:0:0, 2+1:0:0:0:1, 0+0:0:0:0:0, 1+0:0:0:0:0, 3+2:0:0:0:2, 2+1:0:0:0:0, 0+0:0:0:0:0, 1+1:1:0:0:1, 2+1:0:0:0:1, 2+1:0:0:0:0, 1+1:0:0:0:0, 1+0:0:0:0:0, 1+2:0:0:0:0, 1+0:0:0:0:0, 2+1:0:0:0:0, 1+0:0:0:0:0, 2+1:0:0:0:0, 1+0:0:0:0:0, 0+3:0:0:0:0, 2+1:0:0:0:0, 1+0:0:0:0:0, 2+1:0:0:0:0, 2+1:0:0:0:0, 3+1:0:0:0:0, 0+2:0:0:0:0, 0+0:0:0:0:0, 1+2:0:0:0:0, 3+2:0:1:0:1, 1+0:0:0:0:0, 2+1:0:0:0:0, 2+1:0:0:0:0, 1+0:0:0:0:0, 0+0:0:0:0:0, 1+1:0:0:0:0, 0+0:0:0:0:0, 2+1:0:0:0:0, 1+1:0:0:0:0, 2+1:0:0:0:0, 1+1:0:0:0:0, 1+2:0:0:0:0, 3+1:0:0:0:0, 3+0:0:0:0:0, 0+0:0:0:0:0, 1+3:0:0:0:0, 1+1:0:0:0:0, 2+1:0:0:0:0, 2+1:0:0:0:0, 2+1:0:0:0:1, 0+0:0:0:0:0, 1+1:0:0:0:0, 0+0:0:0:0:0, 2+1:0:0:0:0, 0+0:0:0:0:0, 2+1:0:0:0:0, 1+1:0:0:0:0, 1+0:0:0:0:0, 0+0:0:0:0:0, 0+0:0:0:0:0, 1+1:0:1:0:0, 1+0:0:0:0:0, 1+1:0:0:0:0, 2+1:0:0:0:0, 2+1:0:0:0:0, 1+0:0:0:0:0, 0+0:0:0:0:0, 3+1:0:0:0:0, 1+1:1:0:0:1, 2+2:0:0:0:0, 0+0:0:0:0:0, 4+2:0:0:0:0, 1+1:0:0:0:0, 2+1:0:0:0:0, 1+0:0:0:0:0, 1+3:0:0:0:0, 1+1:0:0:0:1, 1+0:0:0:0:0, 1+1:0:0:0:0, 3+1:0:0:0:1, 2+1:0:0:0:0, 2+1:0:0:0:0, 0+0:0:0:0:0, 2+1:0:0:0:0, 2+1:0:0:0:0, 1+0:0:0:0:0, 0+0:0:0:0:0, 2+1:0:0:0:0, 1+1:0:0:0:0, 2+1:0:0:0:0, 0+0:0:0:0:0, 1+1:0:0:0:1, 1+2:0:0:0:0, 2+1:0:1:0:1, 1+2:0:0:0:0, 2+1:0:0:0:0, 2+1:0:0:0:0, 1+0:0:0:0:0, 2+1:0:0:0:0, 2+0:0:0:0:0, 0+3:0:0:0:0, 2+2:0:0:0:2, 0+0:0:0:0:0, 2+1:0:0:0:0, 1+1:0:0:0:0, 0+0:0:0:0:0, 1+0:0:0:0:0, 2+1:0:0:0:1, 0+0:0:0:0:0, 0+0:0:0:0:0, 1+1:0:0:0:0, 2+1:0:0:0:0, 2+1:0:0:0:0, 1+0:0:0:0:0, 0+0:0:0:0:0, 0+0:0:0:0:0, 1+1:0:0:0:0, 1+0:0:0:0:0, 0+0:0:0:0:0, 1+3:0:0:0:0, 2+1:0:0:0:0, 1+0:0:0:0:0, 0+0:0:0:0:0, 0+0:0:0:0:0, 1+1:0:1:0:0, 1+0:0:0:0:0, 0+0:0:0:0:0, 1+1:0:1:0:0, 2+2:0:0:0:0, 2+1:1:0:0:1, 3+1:0:0:0:0, 1+1:0:0:0:1, 1+1:1:0:0:1, 0+0:0:0:0:0, 3+3:0:0:0:1, 2+1:0:0:0:0, 1+1:0:0:0:0, 1+1:1:0:0:1, 1+0:0:0:0:0, 2+1:0:0:0:0, 1+1:0:0:0:0, 2+1:0:0:0:0, 0+0:0:0:0:0, 1+0:0:0:0:0, 2+1:0:0:0:0, 1+0:0:0:0:0, 2+1:0:0:0:0, 1+0:0:0:0:0, 2+1:0:0:0:0, 1+0:0:0:0:0, 0+0:0:0:0:0, 2+1:0:0:0:0, 1+1:0:0:0:0, 1+0:0:0:0:0, 0+0:0:0:0:0, 1+1:0:0:0:0, 1+1:0:0:0:0, 1+0:0:0:0:0, 0+0:0:0:0:0, 1+1:0:1:0:0, 2+1:0:0:0:0, 1+1:1:0:0:1, 3+1:0:0:0:0, 1+1:0:0:0:1, 1+1:1:0:0:1, 0+0:0:0:0:0, 3+1:0:0:0:1, 2+1:0:0:0:0, 1+1:0:0:0:0, 1+1:1:0:0:1, 1+0:0:0:0:0, 1+2:0:0:0:0, 1+1:0:0:0:0, 2+1:0:0:0:0, 0+0:0:0:0:0, 0+2:0:0:0:0, 2+1:0:0:0:0, 1+0:0:0:0:0, 4+2:0:0:0:0, 1+0:0:0:0:0, 1+0:0:0:0:0, 1+0:0:0:0:0, 1+0:0:0:0:0, 2+1:0:0:0:0, 1+1:0:0:0:0, 1+0:0:0:0:0, 0+0:0:0:0:0, 1+1:0:0:0:0, 1+1:0:0:0:0, 2+1:0:0:0:0, 0+0:0:0:0:0, 1+1:0:0:0:0, 0+0:0:0:0:0, 1+0:0:0:0:0, 0+0:0:0:0:0, 1+1:1:0:0:1, 0+0:0:0:0:0, 2+1:0:0:0:0, 1+0:0:0:0:0, 2+1:0:0:0:0, 1+1:0:0:0:0, 1+3:0:0:0:0, 0+0:0:0:0:0, 1+1:0:0:0:1, 0+0:0:0:0:0, 2+3:0:0:0:0, 1+1:0:0:0:0, 2+1:0:0:0:0, 2+1:0:0:0:0, 1+0:0:0:0:0, 0+0:0:0:0:0, 1+1:0:0:0:1, 0+0:0:0:0:0, 2+1:0:0:0:0, 0+0:0:0:0:0, 2+1:0:0:0:0, 1+1:0:0:0:0, 1+0:0:0:0:0, 0+0:0:0:0:0, 0+0:0:0:0:0, 1+1:0:0:0:0, 1+1:0:0:0:0, 1+0:0:0:0:0, 2+1:0:0:0:0, 0+0:0:0:0:0, 0+0:0:0:0:0, 0+0:0:0:0:0, 0+0:0:0:0:0, 0+0:0:0:0:0, 0+0:0:0:0:0, 0+0:0:0:0:0, 0+0:0:0:0:0, 0+0:0:0:0:0, 0+0:0:0:0:0, 0+0:0:0:0:0, 346+218:10:11:0:33
A major (3#), 1+0:0:0:0:0, 2+0:0:0:0:0, 2+3:1:0:0:1, 1+0:0:0:0:0, 1+4:0:0:0:0, 2+3:0:0:0:0, 2+1:0:0:0:0, 3+1:1:0:0:0, 4+3:0:0:0:1, 3+1:1:0:0:1, 3+1:0:0:0:0, 1+1:1:0:0:1, 2+2:2:0:0:0, 4+0:0:0:0:0, 3+0:0:0:0:0, 2+0:0:0:0:0, 2+0:0:0:0:0, 3+3:1:1:0:1, 3+1:0:0:0:0, 2+1:0:0:0:0, 2+4:0:0:0:0, 2+3:1:0:0:0, 3+1:0:0:0:0, 3+1:0:0:0:0, 4+4:0:0:0:1, 5+1:0:0:0:0, 3+1:0:0:0:0, 2+3:0:0:0:0, 3+2:1:0:0:0, 4+2:0:0:0:0, 3+2:0:0:0:0, 2+2:0:0:0:0, 3+2:1:0:0:0, 4+1:0:0:0:0, 4+2:0:1:0:1, 2+1:0:0:0:0, 1+4:0:0:0:0, 2+3:0:0:0:0, 4+2:1:0:0:0, 2+0:0:0:0:0, 3+2:0:0:0:0, 4+4:0:0:0:2, 2+1:1:0:0:1, 2+3:0:0:0:3, 2+2:0:0:0:0, 2+1:0:0:0:1, 3+1:0:0:0:0, 3+1:0:0:0:0, 3+5:0:0:0:0, 4+3:1:0:0:0, 4+2:0:1:0:1, 2+1:0:0:0:1, 1+0:0:0:0:0, 3+2:0:0:0:0, 3+2:0:0:0:0, 3+1:1:1:0:1, 2+0:0:0:0:0, 2+1:1:0:0:1, 3+4:1:0:0:1, 2+3:0:0:0:0, 5+2:0:0:0:1, 3+2:0:0:0:0, 3+1:0:0:0:1, 2+2:0:0:0:0, 3+2:1:0:0:0, 1+3:0:0:0:3, 3+3:0:0:0:1, 2+1:0:0:0:0, 2+4:0:0:0:0, 3+2:0:0:0:0, 3+3:0:0:0:0, 2+0:0:0:0:0, 3+2:0:0:0:0, 6+2:0:0:0:0, 3+1:0:0:0:0, 3+1:0:0:0:0, 2+3:0:0:0:0, 2+1:0:0:0:1, 2+1:0:0:0:0, 4+4:0:0:0:0, 4+2:0:0:0:0, 3+3:0:0:0:0, 2+3:0:0:0:0, 2+1:0:0:0:0, 2+4:0:0:0:0, 2+3:1:0:0:0, 3+1:0:0:0:0, 2+0:0:0:0:0, 4+4:0:0:0:1, 5+1:0:0:0:0, 3+1:0:0:0:0, 2+1:1:0:0:0, 2+0:0:0:0:0, 4+2:0:0:0:0, 3+2:0:0:0:0, 2+0:0:0:0:0, 3+2:1:1:0:1, 2+3:0:0:0:0, 3+2:0:1:0:1, 2+1:0:0:0:0, 1+4:0:0:0:0, 3+1:0:0:0:0, 3+2:0:0:0:0, 2+0:0:0:0:0, 4+3:0:0:0:1, 4+2:1:0:0:0, 3+1:0:0:0:0, 1+1:1:0:0:1, 2+3:0:0:0:0, 2+1:0:0:0:1, 1+0:0:0:0:0, 4+1:0:0:0:1, 1+0:0:0:0:0, 3+3:0:0:0:2, 5+2:0:0:0:0, 2+1:0:0:0:0, 2+3:0:0:0:1, 3+1:0:0:0:0, 3+2:0:0:0:0, 2+0:0:0:0:0, 4+3:0:0:0:1, 4+1:0:0:0:0, 3+1:0:0:0:0, 2+3:0:0:0:0, 2+1:0:0:0:1, 4+2:0:0:0:0, 3+2:0:0:0:0, 2+2:0:0:0:0, 3+2:0:0:0:0, 5+2:0:0:0:0, 4+2:0:1:0:1, 2+1:0:0:0:0, 1+4:0:0:0:0, 2+3:0:0:0:0, 2+1:0:0:0:0, 2+1:1:1:0:1, 2+2:2:0:0:2, 2+0:0:0:0:0, 3+4:1:0:0:1, 1+1:1:0:0:1, 2+2:0:0:0:0, 2+3:0:0:0:0, 2+1:0:0:0:0, 4+1:0:0:0:0, 2+0:0:0:0:0, 4+1:0:0:0:0, 6+2:0:0:0:0, 2+1:0:0:0:1, 3+1:0:0:0:0, 3+3:0:0:0:0, 4+1:0:0:0:0, 2+0:0:0:0:0, 2+3:0:0:0:0, 4+1:0:0:0:0, 3+1:0:0:0:0, 2+2:0:0:0:0, 2+1:0:0:0:0, 4+2:0:0:0:0, 5+2:0:0:0:0, 2+0:0:0:0:0, 5+4:0:0:0:0, 3+4:0:0:0:3, 4+1:0:0:0:0, 2+1:0:0:0:0, 1+2:0:0:0:0, 2+3:1:0:0:0, 2+1:0:0:0:0, 3+1:0:0:0:0, 3+1:0:0:0:0, 2+0:0:0:0:0, 3+1:0:0:0:0, 1+1:1:0:0:1, 2+2:0:0:0:0, 2+3:0:0:0:0, 2+1:0:0:0:0, 2+0:0:0:0:0, 2+0:0:0:0:0, 3+3:0:0:0:2, 5+2:0:0:0:0, 2+1:0:0:0:0, 2+4:0:0:0:0, 3+1:0:0:0:0, 2+1:0:0:0:1, 2+3:0:0:0:0, 3+2:0:0:0:0, 5+1:0:0:0:0, 4+3:0:0:0:0, 2+3:1:0:0:0, 1+1:0:0:0:1, 3+1:0:0:0:0, 3+2:0:0:0:0, 2+2:0:0:0:0, 2+2:0:0:0:0, 2+2:0:0:0:2, 4+2:0:0:0:0, 2+2:0:0:0:2, 2+1:0:0:0:1, 3+1:0:0:0:0, 2+1:0:0:0:0, 2+2:2:2:0:2, 2+5:0:0:0:3, 5+4:1:0:0:2, 2+1:1:0:0:1, 1+3:3:0:0:3, 2+3:0:0:0:0, 2+3:0:0:0:0, 3+2:0:0:0:0, 3+5:1:0:0:0, 4+2:0:0:0:0, 3+4:0:0:0:3, 2+3:0:0:0:0, 2+1:0:0:0:0, 2+4:0:0:0:0, 3+4:1:0:0:0, 3+1:0:0:0:0, 2+0:0:0:0:0, 3+2:0:0:0:0, 4+1:0:0:0:0, 3+1:0:0:0:0, 2+2:0:0:0:0, 2+2:0:0:0:1, 2+0:0:0:0:0, 5+3:0:0:0:1, 3+1:0:0:0:0, 3+2:0:0:0:0, 2+2:0:0:0:2, 4+2:0:0:0:0, 2+1:0:0:0:0, 3+1:0:0:0:0, 3+1:0:0:0:0, 2+1:0:0:0:0, 3+1:1:1:0:1, 2+5:0:0:0:3, 4+4:0:0:0:2, 2+1:1:0:0:1, 1+3:3:0:0:3, 2+4:0:0:0:0, 2+3:0:0:0:0, 3+3:0:0:0:0, 4+4:0:0:0:0, 4+2:0:0:0:0, 3+4:0:0:0:3, 2+3:0:0:0:0, 2+1:0:0:0:0, 2+4:0:0:0:0, 3+2:0:0:0:0, 3+1:0:0:0:0, 1+3:0:0:0:0, 3+2:0:0:0:0, 5+1:0:0:0:0, 3+1:0:0:0:0, 2+3:0:0:0:0, 2+2:0:0:0:1, 2+0:0:0:0:0, 5+3:0:0:0:1, 3+1:0:0:0:0, 3+2:1:0:0:0, 2+0:0:0:0:0, 2+3:1:0:0:1, 0+0:0:0:0:0, 1+3:0:0:0:0, 1+0:0:0:0:0, 5+4:0:0:0:0, 2+0:0:0:0:0, 2+4:1:0:0:0, 5+1:0:0:0:0, 3+1:0:0:0:0, 1+1:1:0:0:1, 2+6:3:0:0:0, 3+1:0:0:0:1, 5+2:0:0:0:0, 3+3:0:0:0:0, 1+0:0:0:0:0, 3+3:0:0:0:2, 5+2:0:0:0:0, 2+1:0:0:0:0, 2+4:0:0:0:0, 3+1:0:0:0:0, 2+1:0:0:0:1, 2+0:0:0:0:0, 4+3:0:0:0:1, 4+1:0:0:0:0, 3+1:0:0:0:0, 2+3:0:0:0:0, 2+2:0:0:0:1, 4+2:0:0:0:0, 3+2:0:0:0:0, 3+1:0:0:0:0, 2+3:0:0:0:0, 3+1:0:0:0:0, 4+3:1:0:0:0, 2+0:0:0:0:0, 1+0:0:0:0:0, 4+0:0:0:0:0, 3+1:0:0:0:0, 2+2:0:0:0:1, 1+0:0:0:0:0, 1+0:0:0:0:0, 1+0:0:0:0:0, 1+0:0:0:0:0, 1+0:0:0:0:0, 1+0:0:0:0:0, 799+543:52:11:0:100
C minor (3b), 0+1:0:0:0:0, 0+0:0:0:0:0, 1+2:0:0:0:0, 1+0:0:0:0:0, 1+0:0:0:0:0, 0+2:0:0:0:0, 3+1:0:0:0:0, 0+2:0:0:0:0, 2+1:0:0:0:0, 1+1:0:0:0:0, 2+1:0:0:0:0, 1+1:0:0:0:0, 1+2:0:0:0:2, 0+0:0:0:0:0, 0+0:0:0:0:0, 0+0:0:0:0:0, 2+1:0:0:0:0, 3+3:0:0:0:0, 1+3:0:0:0:0, 2+1:0:0:0:0, 1+0:0:0:0:0, 2+1:0:0:0:0, 0+0:0:0:0:0, 0+3:0:0:0:0, 2+3:0:0:0:0, 1+1:0:0:0:0, 2+1:0:0:0:0, 1+2:0:0:0:0, 2+0:0:0:0:0, 0+2:0:0:0:0, 0+1:0:0:0:0, 2+2:0:0:0:0, 2+2:0:0:0:1, 1+1:0:0:0:0, 2+2:0:0:0:0, 2+1:0:0:0:0, 1+0:0:0:0:0, 0+2:0:0:0:0, 2+2:0:0:0:0, 1+3:0:0:0:0, 1+0:0:0:0:0, 0+1:0:0:0:0, 2+1:0:0:0:0, 0+0:0:0:0:0, 0+0:0:0:0:0, 2+1:0:0:0:0, 1+0:0:0:0:0, 1+2:0:0:0:0, 3+5:0:0:0:0, 1+2:0:0:0:0, 2+2:0:0:0:0, 2+1:0:0:0:0, 1+2:0:0:0:0, 2+2:0:0:0:0, 2+1:0:0:0:0, 1+3:1:0:0:1, 0+3:0:0:0:0, 1+1:0:0:0:0, 4+3:0:0:0:0, 1+2:0:0:0:0, 2+1:0:0:0:0, 0+2:0:0:0:0, 2+1:1:0:0:0, 2+2:0:0:0:0, 2+2:0:0:0:1, 1+0:0:0:0:0, 2+2:0:0:0:0, 2+1:0:0:0:0, 1+0:0:0:0:0, 1+2:0:0:0:0, 2+1:0:0:0:1, 0+0:0:0:0:0, 1+2:0:0:0:0, 3+2:0:0:0:0, 2+1:0:0:0:0, 0+1:0:0:0:0, 1+1:0:0:0:0, 2+1:0:0:0:0, 2+0:0:0:0:0, 1+1:0:0:0:1, 1+1:0:0:0:0, 1+3:0:0:0:0, 1+0:0:0:0:0, 2+1:0:0:0:0, 1+0:0:0:0:0, 2+1:0:0:0:0, 1+0:0:0:0:0, 0+3:0:0:0:0, 2+3:0:0:0:0, 1+1:0:0:0:0, 2+1:0:0:0:0, 2+4:0:0:0:0, 3+1:0:0:0:0, 0+2:0:0:0:0, 0+1:0:0:0:0, 1+5:0:0:0:0, 3+2:0:1:0:2, 1+0:0:0:0:0, 2+2:0:0:0:0, 2+1:0:0:0:0, 1+0:0:0:0:0, 0+0:0:0:0:0, 1+1:0:0:0:1, 0+3:0:0:0:0, 2+1:0:0:0:0, 1+2:0:0:0:1, 2+1:0:0:0:0, 1+1:0:0:0:0, 1+2:0:0:0:0, 3+1:0:0:0:0, 3+0:0:0:0:0, 0+1:0:0:0:0, 1+3:0:0:0:0, 1+1:0:0:0:0, 2+2:0:0:0:0, 2+1:0:0:0:0, 2+1:0:0:0:0, 0+0:0:0:0:0, 1+1:0:0:0:1, 0+3:0:0:0:0, 2+1:0:0:0:0, 0+1:0:0:0:0, 2+1:0:0:0:0, 1+2:0:0:0:0, 1+1:0:0:0:0, 0+2:0:0:0:0, 0+1:0:0:0:0, 2+2:0:0:0:0, 1+3:0:0:0:0, 1+2:0:0:0:0, 2+2:0:0:0:0, 2+1:0:0:0:0, 1+0:0:0:0:0, 0+2:0:0:0:0, 3+1:0:0:0:0, 1+1:1:0:0:0, 2+2:0:0:0:0, 0+0:0:0:0:0, 4+3:0:0:0:0, 1+1:0:0:0:0, 1+1:0:0:0:0, 1+0:0:0:0:0, 1+1:0:0:0:0, 1+1:0:0:0:0, 1+0:0:0:0:0, 1+1:0:0:0:0, 3+2:0:0:0:0, 2+1:0:0:0:0, 2+1:0:0:0:0, 0+0:0:0:0:0, 2+1:0:0:0:0, 2+0:0:0:0:0, 1+0:0:0:0:0, 0+1:0:0:0:0, 2+1:0:0:0:0, 1+2:0:0:0:0, 2+1:0:0:0:0, 0+2:0:0:0:0, 1+1:0:0:0:0, 1+5:0:0:0:0, 2+1:0:1:0:1, 1+2:0:0:0:0, 2+2:0:0:0:0, 2+1:0:0:0:0, 1+0:0:0:0:0, 2+1:0:0:0:0, 2+0:0:0:0:0, 0+3:0:0:0:0, 2+1:0:0:0:0, 0+0:0:0:0:0, 2+1:0:0:0:0, 1+1:0:0:0:0, 0+0:0:0:0:0, 1+0:0:0:0:0, 2+1:0:0:0:0, 0+0:0:0:0:0, 0+3:0:0:0:0, 1+1:0:0:0:0, 2+2:0:0:0:0, 2+1:0:0:0:0, 1+0:0:0:0:0, 0+0:0:0:0:0, 0+0:0:0:0:0, 1+2:0:0:0:0, 1+0:0:0:0:0, 0+1:0:0:0:0, 1+3:0:0:0:0, 2+1:0:0:0:0, 1+0:0:0:0:0, 0+1:0:0:0:0, 0+1:0:0:0:0, 2+2:0:0:0:0, 1+3:0:0:0:0, 0+0:0:0:0:0, 1+3:0:1:0:1, 2+2:0:0:0:0, 2+1:1:0:0:0, 2+1:0:0:0:0, 1+0:0:0:0:0, 1+3:1:0:0:1, 0+0:0:0:0:0, 3+4:0:0:0:1, 2+1:0:0:0:0, 1+1:0:0:0:0, 1+1:0:0:0:0, 1+0:0:0:0:0, 2+1:0:0:0:0, 1+1:0:0:0:0, 1+1:0:0:0:0, 0+3:0:0:0:0, 1+3:0:0:0:0, 2+1:0:0:0:0, 1+0:0:0:0:0, 2+1:0:0:0:0, 1+0:0:0:0:0, 2+1:0:0:0:0, 1+0:0:0:0:0, 0+1:0:0:0:0, 2+1:0:0:0:0, 1+2:0:0:0:0, 1+0:0:0:0:0, 0+0:0:0:0:0, 1+2:0:0:0:1, 1+3:0:0:0:0, 1+1:0:0:0:0, 0+0:0:0:0:0, 1+3:0:1:0:1, 2+1:0:0:0:0, 1+1:1:0:0:0, 2+1:0:0:0:0, 1+0:0:0:0:0, 1+3:1:0:0:1, 0+3:0:0:0:0, 3+3:0:0:0:0, 2+1:0:0:0:0, 1+1:0:0:0:0, 1+1:0:0:0:0, 1+0:0:0:0:0, 1+2:0:0:0:0, 1+1:0:0:0:1, 1+2:0:0:0:0, 0+0:0:0:0:0, 0+2:0:0:0:0, 2+1:0:0:0:0, 1+0:0:0:0:0, 4+2:0:0:0:0, 1+0:0:0:0:0, 1+3:0:0:0:0, 1+2:0:0:0:0, 1+1:0:0:0:0, 2+1:0:0:0:0, 1+2:0:0:0:0, 1+0:0:0:0:0, 0+0:0:0:0:0, 1+2:0:0:0:1, 1+3:0:0:0:0, 2+2:0:0:0:1, 0+0:0:0:0:0, 1+2:0:0:0:0, 0+0:0:0:0:0, 1+0:0:0:0:0, 0+0:0:0:0:0, 1+1:1:0:0:0, 0+3:0:0:0:0, 2+2:0:0:0:0, 1+1:0:0:0:0, 2+1:0:0:0:0, 1+1:0:0:0:0, 1+3:0:0:0:3, 0+0:0:0:0:0, 1+1:0:0:0:0, 0+0:0:0:0:0, 2+1:0:0:0:0, 1+1:0:0:0:0, 2+2:0:0:0:0, 2+1:0:0:0:0, 1+0:0:0:0:0, 0+0:0:0:0:0, 1+1:0:0:0:0, 0+3:0:0:0:0, 2+1:0:0:0:0, 0+1:0:0:0:0, 2+1:0:0:0:0, 1+2:0:0:0:0, 1+0:0:0:0:0, 0+2:0:0:0:0, 0+1:0:0:0:0, 1+1:0:0:0:0, 1+2:0:0:0:0, 1+0:0:0:0:0, 2+2:0:0:0:1, 0+2:0:0:0:0, 0+0:0:0:0:0, 0+0:0:0:0:0, 0+1:0:0:0:0, 0+0:0:0:0:0, 0+0:0:0:0:0, 0+0:0:0:0:0, 0+0:0:0:0:0, 0+0:0:0:0:0, 0+0:0:0:0:0, 0+0:0:0:0:0, 346+372:8:4:0:26
F# minor (3#), 1+1:0:0:0:0, 2+5:0:0:0:3, 2+3:1:0:0:1, 1+0:0:0:0:0, 1+4:0:0:0:0, 2+3:0:0:0:0, 2+1:0:0:0:0, 3+1:1:0:0:0, 4+1:0:0:0:0, 3+1:1:0:0:1, 3+1:0:0:0:0, 1+1:1:0:0:1, 2+2:2:0:0:0, 4+0:0:0:0:0, 3+0:0:0:0:0, 2+0:0:0:0:0, 2+0:0:0:0:0, 3+3:1:1:0:1, 3+1:0:0:0:0, 2+1:0:0:0:0, 2+4:0:0:0:0, 2+1:0:0:0:0, 3+1:0:0:0:0, 3+1:0:0:0:0, 4+4:0:0:0:1, 5+1:0:0:0:0, 3+1:0:0:0:0, 2+3:0:0:0:0, 3+2:1:0:0:0, 4+2:0:0:0:0, 3+2:0:0:0:0, 2+2:0:0:0:0, 3+2:1:0:0:0, 4+1:0:0:0:0, 4+2:0:1:0:1, 2+1:0:0:0:0, 1+4:0:0:0:0, 2+3:0:0:0:0, 4+2:1:0:0:0, 2+0:0:0:0:0, 3+0:0:0:0:0, 4+1:0:0:0:0, 3+1:0:0:0:0, 2+0:0:0:0:0, 2+2:0:0:0:0, 2+1:0:0:0:1, 3+1:0:0:0:0, 3+1:0:0:0:0, 3+5:0:0:0:0, 5+2:0:0:0:0, 4+2:0:1:0:1, 2+1:0:0:0:0, 1+0:0:0:0:0, 3+2:0:0:0:0, 3+2:0:0:0:0, 3+1:1:1:0:1, 2+0:0:0:0:0, 2+1:1:0:0:1, 3+4:1:0:0:1, 2+3:0:0:0:0, 5+2:0:0:0:1, 3+2:0:0:0:0, 3+1:0:0:0:0, 2+2:0:0:0:0, 3+2:1:0:0:0, 1+3:0:0:0:3, 3+3:0:0:0:1, 2+1:0:0:0:0, 2+4:0:0:0:0, 3+2:0:0:0:0, 3+3:0:0:0:0, 2+0:0:0:0:0, 3+2:0:0:0:0, 6+2:0:0:0:0, 3+1:0:0:0:0, 3+1:0:0:0:0, 2+3:0:0:0:0, 2+1:0:0:0:1, 2+1:0:0:0:0, 4+4:0:0:0:0, 4+1:0:0:0:0, 3+3:0:0:0:0, 2+3:0:0:0:0, 2+1:0:0:0:0, 2+4:0:0:0:0, 2+1:0:0:0:0, 3+1:0:0:0:0, 2+0:0:0:0:0, 4+4:0:0:0:1, 5+1:0:0:0:0, 3+1:0:0:0:0, 2+1:1:0:0:0, 2+2:0:0:0:0, 4+2:0:0:0:0, 3+2:0:0:0:0, 2+0:0:0:0:0, 3+2:1:1:0:1, 2+0:0:0:0:0, 3+2:0:1:0:1, 2+1:0:0:0:0, 1+4:0:0:0:0, 3+1:0:0:0:0, 3+2:0:0:0:0, 2+0:0:0:0:0, 4+1:0:0:0:0, 4+2:1:0:0:0, 3+1:0:0:0:0, 1+1:1:0:0:1, 2+3:0:0:0:0, 2+1:0:0:0:1, 1+0:0:0:0:0, 4+1:0:0:0:1, 1+3:0:0:0:0, 3+3:0:0:0:2, 4+2:0:1:0:1, 2+1:0:0:0:0, 2+3:0:0:0:1, 3+1:0:0:0:0, 3+2:0:0:0:0, 2+0:0:0:0:0, 4+1:0:0:0:0, 4+1:0:0:0:0, 3+1:0:0:0:0, 2+3:0:0:0:0, 2+1:0:0:0:1, 4+2:0:0:0:0, 3+2:0:0:0:0, 2+2:0:0:0:0, 3+4:0:0:0:2, 5+2:0:0:0:0, 4+2:0:1:0:1, 2+1:0:0:0:0, 1+4:0:0:0:0, 2+3:0:0:0:0, 2+1:0:0:0:0, 3+3:0:0:0:0, 2+3:3:0:0:2, 2+2:2:0:0:2, 3+2:1:0:0:1, 1+3:3:0:0:3, 2+0:0:0:0:0, 2+3:0:0:0:0, 2+1:0:0:0:0, 4+1:0:0:0:0, 2+0:0:0:0:0, 4+1:0:0:0:0, 6+2:0:0:0:0, 2+1:0:0:0:0, 2+3:0:0:0:1, 3+1:0:0:0:0, 4+1:0:0:0:0, 2+0:0:0:0:0, 2+0:0:0:0:0, 4+1:0:0:0:0, 3+1:0:0:0:0, 2+0:0:0:0:0, 2+1:0:0:0:0, 4+2:0:0:0:0, 4+4:0:0:0:1, 2+1:0:0:0:0, 4+1:0:1:0:1, 3+4:0:0:0:3, 4+4:0:0:0:1, 2+1:0:0:0:0, 1+2:0:0:0:0, 2+1:0:0:0:0, 2+1:0:0:0:0, 3+1:0:0:0:0, 2+2:2:0:0:2, 2+1:1:0:0:1, 2+1:1:0:0:1, 1+3:3:0:0:3, 2+1:0:0:0:0, 2+3:0:0:0:0, 2+1:0:0:0:0, 2+0:0:0:0:0, 2+0:0:0:0:0, 3+3:0:0:0:2, 4+2:0:1:0:1, 2+1:0:0:0:0, 2+4:0:0:0:0, 3+1:0:0:0:0, 2+1:0:0:0:1, 2+3:0:0:0:0, 3+2:0:0:0:0, 5+1:0:0:0:0, 4+3:0:0:0:0, 2+1:1:0:0:1, 1+0:0:0:0:0, 3+1:0:0:0:0, 3+2:0:0:0:0, 2+2:0:0:0:0, 2+4:0:0:0:2, 2+2:0:0:0:2, 3+3:0:1:0:1, 2+2:0:0:0:0, 2+0:0:0:0:0, 3+1:0:0:0:0, 2+1:0:0:0:0, 2+2:2:2:0:2, 2+5:0:0:0:3, 5+3:1:0:0:1, 2+1:1:0:0:1, 1+3:3:0:0:3, 2+0:0:0:0:0, 2+3:0:0:0:0, 3+2:0:0:0:0, 3+5:1:0:0:0, 4+2:0:0:0:0, 3+4:0:0:0:3, 2+5:0:0:0:3, 2+1:0:0:0:0, 2+4:0:0:0:0, 3+2:0:0:0:0, 3+1:0:0:0:0, 2+0:0:0:0:0, 3+0:0:0:0:0, 4+1:0:0:0:0, 3+1:0:0:0:0, 2+2:0:0:0:0, 2+2:0:0:0:1, 2+0:0:0:0:0, 5+3:0:0:0:1, 3+2:0:0:0:0, 3+4:0:0:0:2, 2+2:0:0:0:2, 3+3:0:1:0:1, 2+1:0:0:0:0, 3+1:0:0:0:0, 3+1:0:0:0:0, 2+1:0:0:0:0, 3+1:1:1:0:1, 2+5:0:0:0:3, 4+4:0:0:0:2, 2+1:1:0:0:1, 1+3:3:0:0:3, 2+0:0:0:0:0, 2+3:0:0:0:0, 3+3:0:0:0:0, 4+4:0:0:0:0, 4+2:0:0:0:0, 3+1:0:0:0:0, 2+0:0:0:0:0, 2+1:0:0:0:0, 2+4:0:0:0:0, 3+2:0:0:0:0, 3+1:0:0:0:0, 1+3:0:0:0:0, 3+2:0:0:0:0, 5+1:0:0:0:0, 3+1:0:0:0:0, 2+3:0:0:0:0, 2+2:0:0:0:1, 2+0:0:0:0:0, 5+3:0:0:0:1, 3+1:0:0:0:0, 3+2:1:0:0:0, 2+0:0:0:0:0, 2+3:1:0:0:1, 0+0:0:0:0:0, 1+3:0:0:0:0, 1+0:0:0:0:0, 5+4:0:0:0:0, 2+0:0:0:0:0, 2+4:1:0:0:0, 5+1:0:0:0:0, 3+1:0:0:0:0, 1+1:1:0:0:0, 2+1:0:0:0:0, 3+1:0:0:0:1, 4+2:0:0:0:1, 3+1:0:0:0:0, 1+1:0:0:0:0, 3+3:0:0:0:2, 4+2:0:1:0:1, 2+1:0:0:0:0, 2+4:0:0:0:0, 3+1:0:0:0:0, 2+1:0:0:0:1, 2+0:0:0:0:0, 4+1:0:0:0:0, 4+1:0:0:0:0, 3+1:0:0:0:0, 2+3:0:0:0:0, 2+2:0:0:0:1, 4+2:0:0:0:0, 3+2:0:0:0:0, 3+1:0:0:0:0, 2+3:0:0:0:0, 3+3:0:0:0:1, 4+3:1:0:0:0, 2+0:0:0:0:0, 1+0:0:0:0:0, 4+0:0:0:0:0, 3+1:0:0:0:0, 2+2:0:0:0:1, 1+0:0:0:0:0, 1+0:0:0:0:0, 1+0:0:0:0:0, 1+0:0:0:0:0, 1+0:0:0:0:0, 1+0:0:0:0:0, 791+516:53:16:0:111
Ab major (4b), 1+0:0:0:0:0, 0+0:0:0:0:0, 2+1:0:0:0:0, 2+0:0:0:0:0, 1+0:0:0:0:0, 0+0:0:0:0:0, 3+1:0:0:0:0, 0+0:0:0:0:0, 2+1:0:0:0:0, 2+1:0:0:0:1, 1+1:0:0:0:0, 2+1:0:0:0:0, 1+2:0:0:0:0, 0+0:0:0:0:0, 0+0:0:0:0:0, 0+0:0:0:0:0, 2+2:0:0:0:0, 2+1:0:0:0:0, 2+1:0:0:0:0, 3+1:0:0:0:0, 1+1:0:0:0:0, 2+1:0:0:0:0, 0+0:0:0:0:0, 0+0:0:0:0:0, 2+1:0:0:0:0, 0+0:0:0:0:0, 1+1:0:0:0:0, 1+1:0:0:0:0, 3+1:0:0:0:0, 0+0:0:0:0:0, 0+0:0:0:0:0, 2+1:0:1:0:0, 1+1:0:0:0:1, 2+1:0:0:0:0, 2+1:0:0:0:0, 3+1:0:0:0:0, 1+0:0:0:0:0, 0+0:0:0:0:0, 2+1:0:0:0:0, 1+0:0:0:0:0, 1+0:0:0:0:0, 1+0:0:0:0:0, 1+1:0:0:0:0, 1+0:0:0:0:0, 0+0:0:0:0:0, 2+1:0:0:0:0, 2+0:0:0:0:0, 2+2:0:0:0:0, 3+1:0:0:0:0, 2+1:0:0:0:0, 3+1:0:0:0:0, 3+1:0:0:0:0, 0+0:0:0:0:0, 2+1:0:0:0:0, 1+1:0:1:0:0, 2+1:1:0:0:1, 0+0:0:0:0:0, 2+1:0:0:0:0, 3+2:0:0:0:0, 1+1:0:0:0:0, 3+1:0:0:0:0, 0+0:0:0:0:0, 2+2:0:0:0:1, 2+1:0:1:0:0, 1+1:0:0:0:1, 2+1:0:0:0:1, 2+1:0:1:0:0, 3+1:0:0:0:0, 1+1:0:0:0:0, 2+1:0:0:0:0, 2+1:0:0:0:1, 0+0:0:0:0:0, 1+1:0:0:0:0, 2+2:0:0:0:2, 1+1:0:0:0:0, 0+0:0:0:0:0, 1+1:1:0:0:1, 2+1:0:0:0:0, 3+1:0:0:0:0, 2+1:0:0:0:0, 1+0:0:0:0:0, 1+2:0:0:0:0, 2+0:0:0:0:0, 3+1:0:0:0:0, 1+1:0:0:0:0, 2+1:0:0:0:0, 1+1:0:0:0:0, 0+0:0:0:0:0, 2+1:0:0:0:0, 0+0:0:0:0:0, 1+1:0:0:0:0, 1+4:0:0:0:0, 4+2:0:0:0:0, 0+2:0:0:0:0, 0+0:0:0:0:0, 1+0:0:0:0:0, 2+2:0:1:0:1, 2+0:0:0:0:0, 2+1:0:0:0:0, 3+1:0:0:0:0, 1+0:0:0:0:0, 1+0:0:0:0:0, 1+1:0:0:0:0, 1+0:0:0:0:0, 2+1:0:0:0:0, 1+1:0:0:0:0, 1+1:0:0:0:0, 2+1:0:0:0:0, 1+2:2:0:0:2, 3+1:0:0:0:0, 4+1:0:0:0:0, 0+0:0:0:0:0, 2+0:0:0:0:0, 1+1:0:0:0:0, 3+1:0:0:0:0, 3+1:0:0:0:0, 3+1:0:0:0:0, 1+0:0:0:0:0, 1+1:0:0:0:0, 0+0:0:0:0:0, 2+1:0:0:0:0, 1+0:0:0:0:0, 1+1:0:0:0:0, 1+1:0:0:0:0, 2+2:0:0:0:0, 0+0:0:0:0:0, 0+0:0:0:0:0, 2+1:0:1:0:0, 2+1:0:0:0:0, 1+1:0:0:0:0, 3+1:0:0:0:0, 3+1:0:0:0:0, 1+0:0:0:0:0, 0+0:0:0:0:0, 3+1:0:0:0:0, 1+1:0:0:0:0, 3+1:0:0:0:0, 1+0:0:0:0:0, 3+2:0:0:0:0, 2+1:0:0:0:0, 2+1:0:0:0:0, 2+0:0:0:0:0, 1+3:0:0:0:0, 1+1:0:0:0:0, 0+0:0:0:0:0, 1+3:0:0:0:0, 2+2:0:0:0:0, 3+1:0:0:0:0, 3+1:0:0:0:0, 1+0:0:0:0:0, 2+1:0:0:0:0, 2+2:0:0:0:0, 2+1:0:0:0:0, 1+0:0:0:0:0, 1+1:0:0:0:0, 2+1:0:0:0:0, 3+1:0:0:0:0, 0+0:0:0:0:0, 1+1:0:0:0:1, 1+2:0:0:0:0, 2+1:0:1:0:1, 1+2:0:0:0:0, 3+1:0:0:0:0, 3+1:0:0:0:0, 2+0:0:0:0:0, 2+1:0:0:0:0, 3+1:0:0:0:0, 0+0:0:0:0:0, 3+1:0:0:0:0, 0+0:0:0:0:0, 1+1:0:0:0:0, 2+1:0:0:0:0, 1+0:0:0:0:0, 2+0:0:0:0:0, 2+1:0:0:0:1, 0+0:0:0:0:0, 0+0:0:0:0:0, 1+1:0:0:0:0, 3+1:0:0:0:0, 3+1:0:0:0:0, 1+0:0:0:0:0, 1+0:0:0:0:0, 1+0:0:0:0:0, 2+1:0:0:0:0, 1+0:0:0:0:0, 1+0:0:0:0:0, 0+0:0:0:0:0, 2+1:0:0:0:0, 2+2:0:0:0:0, 0+0:0:0:0:0, 0+0:0:0:0:0, 2+1:0:1:0:0, 2+1:0:0:0:0, 1+0:0:0:0:0, 2+1:0:1:0:0, 3+2:0:0:0:0, 1+1:1:0:0:1, 2+1:0:0:0:0, 1+1:0:0:0:1, 2+1:1:0:0:1, 0+0:0:0:0:0, 3+3:0:0:0:1, 1+1:0:0:0:0, 2+1:0:0:0:0, 1+1:1:0:0:1, 2+0:0:0:0:0, 2+1:0:0:0:0, 0+0:0:0:0:0, 2+1:0:0:0:0, 0+0:0:0:0:0, 2+0:0:0:0:0, 3+1:0:0:0:0, 1+1:0:0:0:0, 2+1:0:0:0:0, 2+1:0:0:0:0, 1+1:0:0:0:0, 1+0:0:0:0:0, 1+0:0:0:0:0, 1+1:0:0:0:0, 2+1:0:0:0:0, 2+2:0:0:0:0, 0+0:0:0:0:0, 1+1:0:0:0:0, 1+0:0:0:0:0, 2+0:0:0:0:0, 1+0:0:0:0:0, 2+1:0:1:0:0, 3+1:0:0:0:0, 1+1:1:0:0:1, 2+1:0:0:0:0, 1+1:0:0:0:1, 2+1:1:0:0:1, 0+0:0:0:0:0, 3+1:0:0:0:1, 1+1:0:0:0:0, 2+1:0:0:0:0, 1+1:1:0:0:1, 2+0:0:0:0:0, 1+2:0:0:0:0, 2+1:0:0:0:0, 2+1:0:0:0:0, 0+0:0:0:0:0, 1+0:0:0:0:0, 3+1:0:0:0:0, 1+1:0:0:0:0, 3+2:0:1:0:0, 1+1:0:0:0:0, 2+0:0:0:0:0, 1+0:0:0:0:0, 0+0:0:0:0:0, 1+1:0:0:0:0, 1+1:0:0:0:0, 2+2:0:0:0:0, 0+0:0:0:0:0, 1+1:0:0:0:0, 1+0:0:0:0:0, 1+3:0:0:0:0, 0+0:0:0:0:0, 1+1:0:0:0:0, 1+0:0:0:0:0, 1+0:0:0:0:0, 1+0:0:0:0:0, 1+1:1:0:0:1, 0+0:0:0:0:0, 2+1:0:0:0:0, 0+0:0:0:0:0, 1+1:0:0:0:0, 2+1:0:0:0:0, 1+3:0:0:0:0, 1+0:0:0:0:0, 1+1:0:0:0:1, 0+0:0:0:0:0, 3+3:0:0:0:0, 1+1:0:0:0:0, 3+1:0:0:0:0, 3+1:0:0:0:0, 1+0:0:0:0:0, 1+0:0:0:0:0, 2+1:0:0:0:1, 1+0:0:0:0:0, 2+1:0:0:0:0, 1+0:0:0:0:0, 1+1:0:0:0:0, 1+1:0:0:0:0, 2+2:0:0:0:0, 0+0:0:0:0:0, 0+0:0:0:0:0, 1+1:0:0:0:0, 2+1:0:0:0:0, 2+2:0:0:0:0, 2+1:0:0:0:0, 0+0:0:0:0:0, 0+0:0:0:0:0, 0+0:0:0:0:0, 1+0:0:0:0:0, 0+0:0:0:0:0, 0+0:0:0:0:0, 0+0:0:0:0:0, 0+0:0:0:0:0, 0+0:0:0:0:0, 0+0:0:0:0:0, 0+0:0:0:0:0, 422+229:11:11:0:29
E major (4#), 2+0:0:0:0:0, 2+0:0:0:0:0, 3+1:1:0:0:1, 2+0:0:0:0:0, 1+4:0:0:0:0, 2+3:0:0:0:0, 2+1:0:0:0:0, 3+1:1:0:0:0, 4+1:0:0:0:0, 4+1:1:0:0:1, 3+1:0:0:0:0, 2+1:1:0:0:0, 2+1:0:0:0:0, 4+0:0:0:0:0, 3+4:0:0:0:0, 2+0:0:0:0:0, 2+0:0:0:0:0, 3+1:0:1:0:1, 4+1:0:0:0:0, 3+1:0:0:0:0, 2+0:0:0:0:0, 2+1:0:0:0:0, 3+1:0:0:0:0, 3+1:0:0:0:0, 4+1:0:0:0:0, 3+2:2:0:0:2, 3+1:0:0:0:0, 2+0:0:0:0:0, 4+0:0:0:0:0, 4+2:0:0:0:0, 3+2:0:0:0:0, 3+2:0:0:0:0, 3+2:1:0:0:0, 4+1:1:0:0:1, 4+2:0:1:0:1, 3+1:0:0:0:0, 1+4:0:0:0:0, 2+3:0:0:0:0, 4+2:1:0:0:0, 2+0:0:0:0:0, 3+0:0:0:0:0, 5+1:0:0:0:0, 3+1:0:0:0:0, 3+0:0:0:0:0, 2+0:0:0:0:0, 2+1:0:0:0:1, 4+1:0:0:0:0, 4+1:0:0:0:0, 2+5:0:0:0:0, 5+1:1:0:0:1, 5+2:0:1:0:1, 3+1:0:0:0:0, 1+2:0:0:0:0, 3+2:0:0:0:0, 3+2:0:0:0:0, 4+1:1:1:0:1, 2+0:0:0:0:0, 3+1:1:0:0:1, 3+4:1:0:0:1, 2+0:0:0:0:0, 5+1:1:1:0:1, 3+2:0:0:0:0, 3+1:0:0:0:1, 3+2:0:0:0:0, 3+2:1:0:0:0, 2+3:0:0:0:1, 4+3:0:0:0:1, 3+1:0:0:0:0, 2+0:0:0:0:0, 4+2:0:0:0:0, 2+3:0:0:0:0, 2+0:0:0:0:0, 3+0:0:0:0:0, 6+2:0:0:0:0, 3+1:0:0:0:0, 3+1:0:0:0:0, 2+3:0:0:0:0, 2+1:0:0:0:1, 3+1:0:0:0:0, 5+4:0:0:0:0, 4+1:0:0:0:0, 3+3:0:0:0:0, 3+0:0:0:0:0, 3+1:0:0:0:0, 2+0:0:0:0:0, 2+1:0:0:0:0, 3+1:0:0:0:0, 2+0:0:0:0:0, 4+1:0:0:0:0, 3+2:2:0:0:2, 3+1:0:0:0:0, 2+1:1:0:0:0, 3+0:0:0:0:0, 4+2:0:0:0:0, 3+0:0:0:0:0, 2+0:0:0:0:0, 3+2:1:1:0:1, 3+0:0:0:0:0, 3+2:0:1:0:1, 3+1:0:0:0:0, 1+0:0:0:0:0, 4+1:0:0:0:0, 3+2:0:0:0:0, 3+2:0:0:0:0, 4+1:0:0:0:0, 4+2:1:0:0:0, 3+1:0:0:0:0, 2+1:1:0:0:0, 2+0:0:0:0:0, 2+1:0:0:0:1, 2+0:0:0:0:0, 4+1:0:0:0:1, 2+3:0:0:0:0, 3+3:0:0:0:1, 5+2:0:1:0:1, 3+1:0:0:0:0, 3+2:0:0:0:0, 4+1:0:0:0:0, 3+2:0:0:0:0, 2+2:0:0:0:0, 4+1:0:0:0:0, 5+1:0:0:0:0, 3+1:0:0:0:0, 2+0:0:0:0:0, 3+1:0:0:0:0, 4+2:0:0:0:0, 3+2:0:0:0:0, 3+2:0:0:0:0, 4+1:0:0:0:0, 5+2:0:0:0:0, 5+2:0:1:0:1, 3+1:0:0:0:0, 1+4:0:0:0:0, 2+3:0:0:0:0, 2+1:0:0:0:0, 3+1:1:1:0:1, 3+2:2:0:0:2, 3+0:0:0:0:0, 3+4:1:0:0:1, 2+1:1:0:0:0, 2+0:0:0:0:0, 3+3:0:0:0:0, 1+1:0:0:0:0, 4+1:0:0:0:0, 2+0:0:0:0:0, 3+1:1:0:0:1, 4+3:1:1:0:1, 3+1:0:0:0:0, 3+2:0:0:0:0, 4+1:0:0:0:0, 4+1:0:0:0:0, 2+0:0:0:0:0, 3+0:0:0:0:0, 5+1:0:0:0:0, 3+1:0:0:0:0, 3+0:0:0:0:0, 1+2:1:0:0:1, 4+2:0:0:0:0, 4+4:0:0:0:1, 2+1:0:0:0:0, 4+1:0:1:0:1, 4+2:0:0:0:0, 5+2:0:0:0:0, 3+1:0:0:0:0, 2+1:0:0:0:0, 2+1:0:0:0:0, 3+1:0:0:0:0, 3+1:0:0:0:0, 3+2:1:0:0:1, 1+1:1:0:0:1, 2+2:1:0:0:1, 2+3:1:0:0:1, 3+1:0:0:0:0, 3+3:0:0:0:0, 1+1:0:0:0:0, 2+0:0:0:0:0, 2+0:0:0:0:0, 3+1:1:0:0:1, 5+2:0:1:0:1, 3+1:0:0:0:0, 2+0:0:0:0:0, 4+1:0:0:0:0, 2+1:0:0:0:0, 3+3:0:0:0:0, 3+0:0:0:0:0, 6+1:0:0:0:0, 4+3:0:0:0:0, 2+1:1:0:0:1, 2+0:0:0:0:0, 3+1:0:0:0:0, 3+0:0:0:0:0, 3+2:0:0:0:0, 3+0:0:0:0:0, 3+0:0:0:0:0, 4+1:0:1:0:1, 2+3:0:1:0:1, 2+4:0:0:0:0, 3+1:0:0:0:0, 2+0:0:0:0:0, 4+1:1:0:0:0, 2+0:0:0:0:0, 5+3:1:0:0:1, 2+2:1:0:0:1, 2+3:1:0:0:1, 2+0:0:0:0:0, 3+3:0:0:0:0, 2+2:0:0:0:0, 3+5:1:0:0:0, 4+2:0:0:0:0, 3+1:0:0:0:0, 3+0:0:0:0:0, 3+1:0:0:0:0, 2+0:0:0:0:0, 3+2:0:0:0:0, 4+1:0:0:0:0, 2+0:0:0:0:0, 3+0:0:0:0:0, 5+1:0:0:0:0, 3+1:0:0:0:0, 3+0:0:0:0:0, 3+0:0:0:0:0, 2+0:0:0:0:0, 4+1:1:1:0:1, 3+1:0:0:0:0, 4+1:0:0:0:0, 3+0:0:0:0:0, 4+1:0:1:0:1, 3+1:0:0:0:0, 3+1:0:0:0:0, 3+1:0:0:0:0, 2+0:0:0:0:0, 5+4:0:0:0:0, 2+5:0:0:0:1, 4+4:0:0:0:2, 2+1:1:0:0:1, 2+3:1:0:0:1, 2+0:0:0:0:0, 3+3:0:0:0:0, 2+3:0:0:0:0, 5+4:0:0:0:0, 4+2:0:0:0:0, 3+1:0:0:0:0, 3+0:0:0:0:0, 3+1:0:0:0:0, 2+0:0:0:0:0, 3+2:0:0:0:0, 3+1:0:0:0:0, 2+3:0:0:0:0, 3+2:0:0:0:0, 3+2:2:0:0:2, 3+1:0:0:0:0, 2+0:0:0:0:0, 3+0:0:0:0:0, 2+0:0:0:0:0, 4+1:1:1:0:1, 3+1:0:0:0:0, 3+2:1:0:0:0, 2+0:0:0:0:0, 2+3:1:0:0:1, 1+0:0:0:0:0, 1+0:0:0:0:0, 2+2:0:0:0:0, 4+1:1:1:0:1, 2+2:0:0:0:0, 2+1:1:0:0:1, 3+2:2:0:0:2, 3+1:0:0:0:0, 2+1:1:0:0:0, 2+1:0:0:0:0, 3+1:0:0:0:0, 4+2:0:0:0:1, 2+1:0:0:0:0, 2+1:0:0:0:0, 3+3:0:0:0:1, 5+2:0:1:0:1, 3+1:0:0:0:0, 2+0:0:0:0:0, 4+1:0:0:0:0, 2+1:0:0:0:0, 3+0:0:0:0:0, 4+1:0:0:0:0, 5+1:0:0:0:0, 3+1:0:0:0:0, 2+0:0:0:0:0, 3+0:0:0:0:0, 4+2:0:0:0:0, 3+2:0:0:0:0, 3+1:0:0:0:0, 3+3:0:0:0:0, 4+0:0:0:0:0, 4+1:0:0:0:0, 2+2:0:0:0:0, 1+0:0:0:0:0, 4+0:0:0:0:0, 4+0:0:0:0:0, 2+0:0:0:0:0, 0+0:0:0:0:0, 0+0:0:0:0:0, 0+0:0:0:0:0, 0+0:0:0:0:0, 0+0:0:0:0:0, 0+0:0:0:0:0, 872+384:53:20:0:66
F minor (4b), 1+1:0:0:0:0, 0+0:0:0:0:0, 2+2:0:0:0:0, 2+0:0:0:0:0, 1+0:0:0:0:0, 0+0:0:0:0:0, 3+1:0:0:0:0, 0+0:0:0:0:0, 2+2:0:0:0:0, 2+1:0:0:0:0, 1+1:0:0:0:0, 2+1:0:0:0:0, 1+2:0:0:0:0, 0+1:0:0:0:0, 0+1:0:0:0:0, 0+0:0:0:0:0, 1+1:0:0:0:0, 2+1:0:1:0:1, 2+1:0:0:0:0, 3+1:0:0:0:0, 1+0:0:0:0:0, 2+1:0:0:0:0, 0+0:0:0:0:0, 0+0:0:0:0:0, 2+4:0:0:0:0, 0+1:0:0:0:0, 1+1:0:0:0:0, 1+3:0:0:0:0, 3+1:0:0:0:0, 0+2:0:0:0:0, 0+0:0:0:0:0, 3+2:0:0:0:0, 1+3:0:0:0:0, 2+1:0:0:0:0, 2+2:0:0:0:0, 3+1:0:0:0:0, 1+0:0:0:0:0, 0+0:0:0:0:0, 2+1:0:0:0:0, 1+0:0:0:0:0, 1+2:0:0:0:0, 1+2:0:0:0:0, 1+1:0:0:0:0, 1+0:0:0:0:0, 0+0:0:0:0:0, 2+1:0:0:0:0, 2+0:0:0:0:0, 2+1:0:0:0:0, 3+1:0:0:0:0, 2+2:0:0:0:0, 3+2:0:0:0:0, 3+1:0:0:0:0, 0+0:0:0:0:0, 2+1:0:0:0:0, 1+1:0:1:0:1, 2+3:1:0:0:1, 0+3:0:0:0:0, 2+1:0:0:0:0, 3+3:0:0:0:0, 1+3:0:0:0:0, 3+1:0:0:0:0, 0+3:0:0:0:0, 2+2:0:0:0:0, 3+2:0:0:0:0, 1+3:0:0:0:0, 2+0:0:0:0:0, 3+2:0:0:0:0, 3+1:0:0:0:0, 1+0:0:0:0:0, 2+2:0:0:0:0, 2+1:0:0:0:1, 0+0:0:0:0:0, 1+2:0:0:0:0, 2+2:0:0:0:0, 1+1:0:0:0:0, 0+1:0:0:0:0, 1+1:0:0:0:0, 2+1:0:0:0:0, 3+0:0:0:0:0, 2+1:0:0:0:1, 1+3:0:0:0:0, 1+2:0:0:0:0, 2+3:0:0:0:0, 3+1:0:0:0:0, 1+0:0:0:0:0, 2+1:0:0:0:0, 1+1:0:0:0:0, 0+0:0:0:0:0, 2+4:0:0:0:0, 0+1:0:0:0:0, 1+1:0:0:0:0, 1+4:0:0:0:0, 4+2:0:0:0:0, 0+2:0:0:0:0, 0+0:0:0:0:0, 1+0:0:0:0:0, 3+4:0:0:0:0, 2+3:0:0:0:0, 2+3:0:0:0:0, 3+1:0:0:0:0, 1+0:0:0:0:0, 1+0:0:0:0:0, 1+3:0:0:0:0, 1+0:0:0:0:0, 2+1:0:0:0:0, 1+2:0:0:0:0, 1+1:0:0:0:0, 2+1:0:0:0:0, 1+2:0:0:0:0, 3+1:0:0:0:0, 4+1:0:0:0:0, 0+0:0:0:0:0, 2+0:0:0:0:0, 1+3:0:0:0:0, 3+2:0:0:0:0, 3+1:0:0:0:0, 3+1:0:0:0:0, 1+0:0:0:0:0, 1+0:0:0:0:0, 0+0:0:0:0:0, 2+2:0:0:0:0, 1+1:0:0:0:0, 1+1:0:0:0:0, 1+2:0:0:0:0, 2+2:0:0:0:0, 0+2:0:0:0:0, 0+1:0:0:0:0, 3+2:0:0:0:0, 2+3:0:0:0:0, 1+2:0:0:0:0, 3+2:0:0:0:0, 3+1:0:0:0:0, 1+0:0:0:0:0, 0+0:0:0:0:0, 3+1:0:0:0:0, 1+1:0:0:0:0, 3+2:0:0:0:0, 1+0:0:0:0:0, 3+3:0:0:0:0, 2+1:0:0:0:0, 1+1:0:0:0:0, 2+0:0:0:0:0, 1+3:0:0:0:0, 1+1:0:0:0:0, 0+0:0:0:0:0, 1+1:0:0:0:0, 2+2:0:0:0:0, 3+1:0:0:0:0, 3+1:0:0:0:0, 1+0:0:0:0:0, 2+2:0:0:0:0, 1+1:0:0:0:0, 2+3:0:0:0:0, 1+2:0:0:0:0, 1+1:0:0:0:0, 2+2:0:0:0:0, 3+1:0:0:0:0, 0+2:0:0:0:0, 1+1:0:0:0:0, 1+0:0:0:0:0, 2+1:0:1:0:1, 1+2:0:0:0:0, 3+1:0:0:0:0, 3+1:0:0:0:0, 2+0:0:0:0:0, 2+1:0:0:0:0, 3+0:0:0:0:0, 0+3:0:0:0:0, 3+1:0:0:0:0, 0+2:0:0:0:0, 1+1:0:0:0:0, 2+1:0:0:0:0, 1+0:0:0:0:0, 2+0:0:0:0:0, 2+1:0:0:0:0, 0+0:0:0:0:0, 0+3:0:0:0:0, 1+1:0:0:0:0, 3+2:0:0:0:0, 3+1:0:0:0:0, 1+0:0:0:0:0, 1+0:0:0:0:0, 1+0:0:0:0:0, 2+0:0:0:0:0, 1+2:0:0:0:0, 1+2:0:0:0:0, 0+1:0:0:0:0, 2+2:0:0:0:0, 2+2:0:0:0:0, 0+1:0:0:0:0, 0+1:0:0:0:0, 3+2:0:0:0:0, 2+3:0:0:0:0, 1+0:0:0:0:0, 2+3:0:1:0:1, 3+2:0:0:0:0, 1+1:1:0:0:1, 2+1:0:0:0:0, 1+1:0:0:0:0, 2+1:1:0:0:1, 0+3:0:0:0:0, 3+3:0:0:0:0, 1+1:0:0:0:0, 2+1:0:0:0:0, 1+1:0:0:0:0, 2+0:0:0:0:0, 2+1:0:0:0:0, 0+1:0:0:0:0, 1+1:0:0:0:0, 0+3:0:0:0:0, 2+3:0:0:0:0, 3+1:0:0:0:0, 1+0:0:0:0:0, 2+1:0:0:0:0, 2+1:0:0:0:0, 1+1:0:0:0:0, 1+2:0:0:0:0, 1+2:0:0:0:0, 1+1:0:0:0:0, 2+2:0:0:0:0, 2+1:0:0:0:0, 0+3:0:0:0:0, 1+1:0:0:0:0, 1+0:0:0:0:0, 2+2:0:0:0:0, 1+0:0:0:0:0, 2+3:0:1:0:1, 3+1:0:0:0:0, 1+1:1:0:0:1, 2+1:0:0:0:0, 1+1:0:0:0:0, 2+1:1:0:0:1, 0+3:0:0:0:0, 3+3:0:0:0:0, 1+1:0:0:0:0, 2+1:0:0:0:0, 1+1:0:0:0:0, 2+0:0:0:0:0, 1+2:0:0:0:0, 2+1:0:0:0:1, 1+1:0:0:0:0, 0+3:0:0:0:0, 1+2:0:0:0:0, 3+1:0:0:0:0, 1+0:0:0:0:0, 4+2:0:0:0:0, 1+0:0:0:0:0, 2+0:0:0:0:0, 1+2:0:0:0:0, 0+1:0:0:0:0, 1+1:0:0:0:0, 1+3:0:0:0:0, 2+1:0:0:0:0, 0+3:0:0:0:0, 1+1:0:0:0:0, 1+0:0:0:0:0, 1+3:0:0:0:0, 0+3:0:0:0:0, 1+2:0:0:0:0, 1+0:0:0:0:0, 1+0:0:0:0:0, 1+0:0:0:0:0, 1+2:1:0:0:1, 0+0:0:0:0:0, 2+4:0:0:0:0, 0+1:0:0:0:0, 1+1:0:0:0:0, 2+1:0:0:0:0, 1+3:0:0:0:3, 1+0:0:0:0:0, 1+1:0:0:0:0, 0+1:0:0:0:0, 3+0:0:0:0:0, 1+3:0:0:0:0, 3+2:0:0:0:0, 3+1:0:0:0:0, 1+0:0:0:0:0, 1+0:0:0:0:0, 2+0:0:0:0:0, 1+3:0:0:0:0, 2+2:0:0:0:0, 1+1:0:0:0:0, 1+1:0:0:0:0, 1+3:0:0:0:0, 2+1:0:0:0:0, 0+2:0:0:0:0, 0+0:0:0:0:0, 1+1:0:0:0:0, 2+0:0:0:0:0, 2+1:0:0:0:0, 2+1:0:0:0:0, 0+0:0:0:0:0, 0+2:0:0:0:0, 0+3:0:0:0:0, 1+1:0:0:0:0, 0+1:0:0:0:0, 0+1:0:0:0:0, 0+1:0:0:0:0, 0+1:0:0:0:0, 0+1:0:0:0:0, 0+1:0:0:0:0, 0+1:0:0:0:0, 424+384:6:5:0:17
C# minor (4#), 2+0:0:0:0:0, 2+0:0:0:0:0, 3+1:1:0:0:1, 2+0:0:0:0:0, 1+0:0:0:0:0, 2+0:0:0:0:0, 2+1:1:0:0:1, 4+2:0:0:0:0, 4+1:0:0:0:0, 4+1:1:0:0:1, 3+1:0:0:0:0, 2+1:1:0:0:1, 2+1:0:0:0:0, 4+0:0:0:0:0, 3+4:0:0:0:0, 2+4:0:0:0:0, 2+0:0:0:0:0, 3+3:1:1:0:1, 4+1:0:0:0:0, 3+1:0:0:0:0, 2+0:0:0:0:0, 2+3:1:0:0:0, 3+1:0:0:0:0, 3+1:0:0:0:0, 4+1:0:0:0:0, 3+2:2:0:0:2, 3+1:0:0:0:0, 2+0:0:0:0:0, 4+0:0:0:0:0, 4+2:0:0:0:0, 3+0:0:0:0:0, 3+2:0:0:0:0, 3+2:1:0:0:0, 4+1:1:0:0:1, 4+2:0:1:0:1, 3+1:0:0:0:0, 1+0:0:0:0:0, 2+3:0:0:0:0, 4+2:1:0:0:0, 2+0:0:0:0:0, 3+0:0:0:0:0, 5+1:0:0:0:0, 3+1:0:0:0:0, 3+0:0:0:0:0, 2+0:0:0:0:0, 2+1:0:0:0:1, 4+1:0:0:0:0, 4+1:0:0:0:0, 2+1:1:0:0:1, 5+1:1:0:0:1, 5+2:0:1:0:1, 2+3:0:1:0:1, 1+0:0:0:0:0, 3+2:0:0:0:0, 3+1:0:0:0:0, 5+1:1:0:0:0, 2+0:0:0:0:0, 3+1:1:0:0:1, 3+4:1:0:0:1, 2+0:0:0:0:0, 5+1:1:1:0:1, 3+2:0:0:0:0, 3+1:0:0:0:0, 3+2:0:0:0:0, 3+2:1:0:0:0, 2+3:0:0:0:1, 4+3:0:0:0:1, 3+1:0:0:0:0, 2+0:0:0:0:0, 4+3:0:0:0:0, 2+3:0:0:0:0, 2+3:0:0:0:0, 3+0:0:0:0:0, 6+2:0:0:0:0, 3+1:0:0:0:0, 3+1:0:0:0:0, 2+0:0:0:0:0, 2+1:0:0:0:1, 3+3:0:0:0:0, 5+4:0:0:0:0, 4+1:0:0:0:0, 3+3:0:0:0:0, 3+0:0:0:0:0, 3+1:0:0:0:0, 2+0:0:0:0:0, 2+3:1:0:0:0, 3+1:0:0:0:0, 2+0:0:0:0:0, 4+1:0:0:0:0, 3+2:2:0:0:2, 3+1:0:0:0:0, 2+1:1:0:0:0, 3+0:0:0:0:0, 4+2:0:0:0:0, 3+0:0:0:0:0, 2+0:0:0:0:0, 3+2:1:1:0:1, 3+0:0:0:0:0, 3+2:0:1:0:1, 3+1:0:0:0:0, 1+0:0:0:0:0, 4+1:0:0:0:0, 3+2:0:0:0:0, 3+2:0:0:0:0, 4+1:0:0:0:0, 4+2:1:0:0:0, 3+1:0:0:0:0, 2+1:1:0:0:0, 2+0:0:0:0:0, 2+2:0:0:0:0, 2+2:0:0:0:0, 4+1:0:0:0:1, 2+0:0:0:0:0, 4+1:0:0:0:0, 5+2:0:1:0:1, 3+1:0:0:0:0, 3+2:0:0:0:0, 4+1:0:0:0:0, 3+2:0:0:0:0, 2+2:0:0:0:0, 4+1:0:0:0:0, 5+1:0:0:0:0, 3+1:0:0:0:0, 2+0:0:0:0:0, 3+1:0:0:0:0, 4+2:0:0:0:0, 3+0:0:0:0:0, 3+2:0:0:0:0, 4+1:0:0:0:0, 5+2:0:0:0:0, 5+2:0:1:0:1, 3+1:0:0:0:0, 1+0:0:0:0:0, 2+3:0:0:0:0, 2+1:0:0:0:0, 3+1:1:1:0:1, 3+2:2:0:0:2, 3+0:0:0:0:0, 3+4:1:0:0:1, 2+1:1:0:0:0, 2+0:0:0:0:0, 3+3:0:0:0:0, 1+1:0:0:0:0, 4+1:0:0:0:0, 2+0:0:0:0:0, 4+1:0:0:0:0, 4+3:2:0:0:2, 3+1:0:0:0:0, 4+1:0:0:0:0, 4+1:0:0:0:0, 4+1:0:0:0:0, 2+0:0:0:0:0, 3+0:0:0:0:0, 5+1:0:0:0:0, 3+1:0:0:0:0, 3+0:0:0:0:0, 1+2:1:0:0:1, 4+2:0:0:0:0, 5+2:0:0:0:0, 2+0:0:0:0:0, 4+1:0:1:0:1, 4+2:0:0:0:0, 5+2:0:0:0:0, 2+3:0:1:0:1, 2+0:0:0:0:0, 3+3:0:0:0:0, 3+1:0:0:0:0, 3+2:0:0:0:0, 4+1:0:0:0:0, 2+0:0:0:0:0, 3+1:0:0:0:0, 2+1:1:0:0:0, 3+1:0:0:0:0, 3+3:0:0:0:0, 1+3:0:0:0:0, 2+0:0:0:0:0, 2+0:0:0:0:0, 4+1:0:0:0:0, 5+2:0:1:0:1, 3+1:0:0:0:0, 2+0:0:0:0:0, 4+1:0:0:0:0, 3+0:0:0:0:0, 3+0:0:0:0:0, 3+0:0:0:0:0, 6+1:0:0:0:0, 4+3:0:0:0:0, 2+1:1:0:0:1, 2+0:0:0:0:0, 3+1:0:0:0:0, 3+0:0:0:0:0, 3+2:0:0:0:0, 3+0:0:0:0:0, 3+0:0:0:0:0, 4+1:0:1:0:1, 2+3:0:1:0:1, 2+4:0:0:0:0, 3+1:0:0:0:0, 2+0:0:0:0:0, 4+1:1:0:0:0, 2+0:0:0:0:0, 5+3:1:0:0:1, 2+2:1:0:0:1, 2+3:1:0:0:1, 2+0:0:0:0:0, 3+3:0:0:0:0, 2+4:1:0:0:1, 3+5:1:0:0:0, 4+2:0:0:0:0, 3+1:0:0:0:0, 3+0:0:0:0:0, 3+1:0:0:0:0, 2+0:0:0:0:0, 3+4:1:0:0:0, 4+1:0:0:0:0, 2+0:0:0:0:0, 3+0:0:0:0:0, 5+1:0:0:0:0, 3+1:0:0:0:0, 3+0:0:0:0:0, 3+0:0:0:0:0, 2+0:0:0:0:0, 4+1:1:1:0:1, 3+1:0:0:0:0, 4+1:0:0:0:0, 3+0:0:0:0:0, 4+1:0:1:0:1, 3+1:0:0:0:0, 3+1:0:0:0:0, 3+1:0:0:0:0, 2+0:0:0:0:0, 5+1:1:0:0:0, 2+0:0:0:0:0, 4+4:0:0:0:2, 2+1:1:0:0:1, 2+3:1:0:0:1, 2+0:0:0:0:0, 3+3:0:0:0:0, 4+3:0:0:0:0, 5+4:0:0:0:0, 4+2:0:0:0:0, 3+1:0:0:0:0, 3+0:0:0:0:0, 3+1:0:0:0:0, 2+0:0:0:0:0, 3+2:0:0:0:0, 3+1:0:0:0:0, 2+0:0:0:0:0, 3+0:0:0:0:0, 3+2:2:0:0:2, 3+1:0:0:0:0, 2+0:0:0:0:0, 3+0:0:0:0:0, 2+0:0:0:0:0, 4+1:1:1:0:1, 3+1:0:0:0:0, 3+2:1:0:0:0, 2+0:0:0:0:0, 2+3:1:0:0:1, 1+0:0:0:0:0, 1+0:0:0:0:0, 2+2:0:0:0:0, 4+1:1:1:0:1, 2+2:0:0:0:0, 2+1:1:0:0:1, 3+2:2:0:0:2, 3+1:0:0:0:0, 2+1:1:0:0:0, 2+1:0:0:0:0, 4+4:0:0:0:0, 5+2:0:0:0:0, 3+3:0:0:0:0, 2+3:0:0:0:0, 4+1:0:0:0:0, 5+2:0:1:0:1, 3+1:0:0:0:0, 2+0:0:0:0:0, 4+1:0:0:0:0, 2+1:0:0:0:0, 3+0:0:0:0:0, 4+1:0:0:0:0, 5+1:0:0:0:0, 3+1:0:0:0:0, 2+0:0:0:0:0, 3+0:0:0:0:0, 4+2:0:0:0:0, 3+0:0:0:0:0, 3+1:0:0:0:0, 3+0:0:0:0:0, 4+0:0:0:0:0, 4+1:0:0:0:0, 2+2:0:0:0:0, 1+0:0:0:0:0, 4+0:0:0:0:0, 4+0:0:0:0:0, 2+0:0:0:0:0, 0+0:0:0:0:0, 0+0:0:0:0:0, 0+0:0:0:0:0, 0+0:0:0:0:0, 0+0:0:0:0:0, 0+0:0:0:0:0, 888+356:56:20:0:59
Db major (5b), 1+0:0:0:0:0, 1+0:0:0:0:0, 2+1:0:0:0:0, 2+0:0:0:0:0, 2+0:0:0:0:0, 0+0:0:0:0:0, 3+1:1:0:0:1, 1+0:0:0:0:0, 3+1:0:0:0:0, 2+1:0:0:0:1, 1+1:0:0:0:0, 2+1:0:0:0:0, 0+0:0:0:0:0, 0+0:0:0:0:0, 0+0:0:0:0:0, 0+0:0:0:0:0, 1+1:0:0:0:1, 1+1:0:1:0:1, 2+1:0:0:0:0, 2+1:0:0:0:0, 2+0:0:0:0:0, 2+1:0:0:0:0, 1+0:0:0:0:0, 0+0:0:0:0:0, 3+1:0:0:0:0, 0+2:0:0:0:0, 1+2:0:0:0:0, 1+0:0:0:0:0, 4+1:0:0:0:0, 1+0:0:0:0:0, 1+0:0:0:0:0, 2+1:0:0:0:1, 1+1:0:0:0:1, 3+1:0:0:0:0, 2+1:0:0:0:0, 2+1:0:0:0:0, 2+0:0:0:0:0, 0+0:0:0:0:0, 3+1:0:0:0:0, 1+1:0:0:0:0, 2+0:0:0:0:0, 1+0:0:0:0:0, 1+1:0:0:0:0, 1+0:0:0:0:0, 1+0:0:0:0:0, 2+1:0:0:0:1, 3+2:0:0:0:0, 3+2:0:0:0:0, 3+1:0:0:0:0, 3+1:0:0:0:0, 3+1:0:0:0:0, 2+1:0:0:0:0, 1+0:0:0:0:0, 1+1:0:0:0:0, 2+1:0:1:0:0, 3+1:1:0:0:1, 0+0:0:0:0:0, 2+1:0:0:0:0, 3+2:0:0:0:0, 1+0:0:0:0:0, 4+1:0:0:0:0, 0+0:0:0:0:0, 3+2:0:0:0:1, 2+1:0:0:0:1, 1+1:0:0:0:1, 2+1:0:0:0:1, 2+1:0:0:0:1, 2+1:0:0:0:0, 2+0:0:0:0:0, 2+1:0:0:0:0, 1+1:0:0:0:1, 0+0:0:0:0:0, 2+0:0:0:0:0, 3+2:0:0:0:2, 1+1:0:0:0:0, 0+0:0:0:0:0, 2+1:1:0:0:1, 2+1:0:0:0:1, 4+1:0:0:0:0, 1+1:0:0:0:0, 1+0:0:0:0:0, 1+2:0:0:0:0, 2+0:0:0:0:0, 2+1:0:0:0:0, 2+0:0:0:0:0, 2+1:0:0:0:0, 2+1:0:0:0:1, 0+0:0:0:0:0, 3+1:0:0:0:0, 0+2:0:0:0:0, 1+2:0:0:0:0, 1+1:0:0:0:0, 5+2:0:0:0:1, 1+0:0:0:0:0, 1+0:0:0:0:0, 1+2:0:0:0:0, 2+1:0:1:0:1, 2+0:0:0:0:0, 2+1:0:0:0:0, 2+1:0:0:0:0, 2+0:0:0:0:0, 1+0:0:0:0:0, 0+0:0:0:0:0, 1+0:0:0:0:0, 3+1:0:0:0:0, 0+2:0:0:0:0, 1+2:0:0:0:0, 2+1:0:0:0:0, 2+2:0:0:0:0, 3+1:0:0:0:0, 4+1:0:0:0:0, 1+0:0:0:0:0, 2+3:0:0:0:0, 2+1:0:0:0:0, 3+1:0:0:0:0, 2+1:0:0:0:0, 4+1:0:0:0:1, 1+0:0:0:0:0, 0+0:0:0:0:0, 0+0:0:0:0:0, 3+1:0:0:0:0, 1+0:0:0:0:0, 1+1:0:0:0:0, 1+0:0:0:0:0, 2+0:0:0:0:0, 1+0:0:0:0:0, 1+0:0:0:0:0, 2+1:0:1:0:0, 2+0:0:0:0:0, 2+1:0:0:0:0, 3+1:0:0:0:0, 2+1:0:0:0:0, 2+0:0:0:0:0, 0+0:0:0:0:0, 3+1:1:0:0:1, 1+1:0:0:0:0, 3+2:0:0:0:0, 1+0:0:0:0:0, 3+2:0:0:0:0, 2+1:0:0:0:0, 1+1:0:0:0:0, 3+0:0:0:0:0, 1+3:0:0:0:0, 2+1:0:0:0:1, 0+0:0:0:0:0, 2+1:0:0:0:1, 2+1:0:0:0:1, 2+1:0:0:0:0, 4+1:0:0:0:1, 1+0:0:0:0:0, 1+2:0:0:0:0, 1+1:0:0:0:0, 2+0:0:0:0:0, 1+0:0:0:0:0, 1+1:0:0:0:0, 2+0:0:0:0:0, 3+1:0:0:0:0, 1+0:0:0:0:0, 2+1:0:0:0:1, 1+2:0:0:0:0, 2+1:0:1:0:1, 2+2:0:0:0:0, 3+1:0:0:0:0, 2+1:0:0:0:0, 3+0:0:0:0:0, 2+1:0:0:0:0, 4+1:0:0:0:0, 0+0:0:0:0:0, 3+1:0:0:0:0, 0+0:0:0:0:0, 1+1:0:0:0:0, 2+1:0:0:0:0, 2+0:0:0:0:0, 3+0:0:0:0:0, 2+1:0:0:0:1, 0+0:0:0:0:0, 0+0:0:0:0:0, 2+1:0:0:0:0, 3+1:0:0:0:0, 2+1:0:0:0:0, 2+0:0:0:0:0, 1+0:0:0:0:0, 1+0:0:0:0:0, 2+1:0:0:0:0, 2+0:0:0:0:0, 2+0:0:0:0:0, 1+0:0:0:0:0, 2+1:0:0:0:0, 2+0:0:0:0:0, 0+2:0:0:0:0, 1+0:0:0:0:0, 2+1:0:1:0:0, 2+0:0:0:0:0, 1+0:0:0:0:0, 2+1:0:1:0:1, 2+2:0:0:0:0, 2+1:1:0:0:1, 1+1:0:0:0:0, 2+1:0:0:0:1, 2+1:1:0:0:1, 1+0:0:0:0:0, 4+3:0:0:0:2, 1+1:0:0:0:0, 2+1:0:0:0:0, 2+1:1:0:0:1, 3+0:0:0:0:0, 3+1:0:0:0:0, 0+0:0:0:0:0, 2+1:0:0:0:0, 1+0:0:0:0:0, 2+0:0:0:0:0, 2+1:0:0:0:0, 2+0:0:0:0:0, 3+1:0:0:0:0, 3+1:0:0:0:1, 1+1:0:0:0:0, 2+0:0:0:0:0, 1+0:0:0:0:0, 1+1:0:0:0:0, 2+0:0:0:0:0, 3+0:0:0:0:0, 0+3:0:0:0:0, 2+1:0:0:0:0, 1+1:0:0:0:0, 2+0:0:0:0:0, 1+0:0:0:0:0, 2+1:0:1:0:1, 2+1:0:0:0:0, 2+1:1:0:0:1, 1+1:0:0:0:0, 2+1:0:0:0:1, 3+1:1:0:0:1, 1+0:0:0:0:0, 4+1:0:0:0:1, 1+1:0:0:0:0, 2+1:0:0:0:0, 2+1:1:0:0:1, 3+0:0:0:0:0, 2+2:0:0:0:0, 1+1:0:0:0:0, 2+1:0:0:0:0, 1+0:0:0:0:0, 1+0:0:0:0:0, 2+1:0:0:0:0, 2+0:0:0:0:0, 5+2:0:0:0:0, 2+1:0:0:0:0, 2+2:0:0:0:0, 2+0:0:0:0:0, 0+2:0:0:0:0, 1+2:0:0:0:0, 1+0:0:0:0:0, 3+0:0:0:0:0, 0+3:0:0:0:0, 2+1:0:0:0:0, 1+1:0:0:0:0, 1+1:0:0:0:0, 1+0:0:0:0:0, 1+1:0:0:0:0, 1+0:0:0:0:0, 2+0:0:0:0:0, 1+0:0:0:0:0, 1+2:0:0:0:0, 0+0:0:0:0:0, 2+1:0:0:0:0, 0+2:0:0:0:0, 1+2:0:0:0:0, 2+1:0:0:0:0, 0+0:0:0:0:0, 1+0:0:0:0:0, 2+1:0:0:0:1, 0+0:0:0:0:0, 3+3:0:0:0:0, 2+1:0:0:0:0, 3+1:0:0:0:0, 2+1:0:0:0:0, 2+0:0:0:0:0, 1+0:0:0:0:0, 2+1:0:0:0:1, 1+0:0:0:0:0, 3+1:0:0:0:0, 1+0:0:0:0:0, 1+1:0:0:0:0, 1+0:0:0:0:0, 3+0:0:0:0:0, 1+0:0:0:0:0, 1+0:0:0:0:0, 2+1:0:0:0:0, 2+1:0:0:0:0, 3+0:0:0:0:0, 3+1:0:0:0:0, 0+0:0:0:0:0, 0+0:0:0:0:0, 1+0:0:0:0:0, 2+0:0:0:0:0, 1+0:0:0:0:0, 0+0:0:0:0:0, 0+0:0:0:0:0, 0+0:0:0:0:0, 0+0:0:0:0:0, 0+0:0:0:0:0, 0+0:0:0:0:0, 497+218:10:8:0:46
B major (5#), 2+0:0:0:0:0, 2+0:0:0:0:0, 4+1:1:0:0:1, 2+0:0:0:0:0, 1+0:0:0:0:0, 2+3:0:0:0:0, 3+2:1:0:0:0, 3+1:1:0:0:0, 5+1:0:0:0:0, 4+1:1:0:0:1, 3+1:0:0:0:0, 2+1:1:0:0:1, 2+1:0:0:0:0, 4+0:0:0:0:0, 3+4:0:0:0:0, 2+2:0:0:0:0, 2+0:0:0:0:0, 2+3:2:1:0:2, 4+1:0:0:0:0, 3+1:0:0:0:1, 2+4:0:0:0:0, 3+3:1:0:0:0, 3+2:0:0:0:0, 3+1:0:0:0:0, 5+4:0:0:0:1, 3+2:2:0:0:2, 3+1:0:0:0:0, 3+3:0:0:0:0, 5+2:1:0:0:0, 4+2:0:0:0:0, 3+2:0:0:0:0, 3+2:0:0:0:0, 4+2:1:0:0:0, 5+1:0:0:0:0, 4+2:0:1:0:1, 3+1:0:0:0:1, 1+0:0:0:0:0, 2+3:0:0:0:0, 5+2:1:0:0:0, 2+0:0:0:0:0, 4+0:0:0:0:0, 5+1:0:0:0:0, 3+1:0:0:0:0, 3+0:0:0:0:0, 2+3:0:0:0:0, 4+1:0:0:0:0, 4+1:0:0:0:0, 5+1:0:0:0:0, 3+1:1:0:0:1, 6+1:0:0:0:0, 5+2:0:1:0:1, 3+1:0:0:0:1, 1+0:0:0:0:0, 3+2:0:0:0:0, 2+1:0:0:0:0, 4+1:1:1:0:1, 2+0:0:0:0:0, 3+1:1:0:0:1, 3+4:1:0:0:1, 3+3:0:0:0:0, 7+2:0:0:0:1, 2+2:2:0:0:2, 2+1:0:0:0:0, 3+2:0:0:0:0, 4+2:1:0:0:0, 2+3:0:0:0:1, 3+3:0:0:0:3, 3+1:0:0:0:0, 2+0:0:0:0:0, 3+3:0:0:0:0, 2+3:0:0:0:0, 2+0:0:0:0:0, 4+2:0:0:0:0, 4+3:1:0:0:1, 2+2:1:0:0:1, 1+1:1:0:0:1, 2+3:0:0:0:0, 4+1:0:0:0:0, 3+1:0:0:0:0, 5+4:0:0:0:0, 5+1:0:0:0:0, 3+3:0:0:0:0, 4+3:0:0:0:0, 3+1:0:0:0:0, 2+0:0:0:0:0, 3+3:1:0:0:0, 3+1:0:0:0:0, 2+0:0:0:0:0, 5+4:0:0:0:1, 3+2:2:0:0:2, 3+1:0:0:0:0, 3+1:1:0:0:0, 4+0:0:0:0:0, 4+2:0:0:0:0, 3+2:0:0:0:0, 2+0:0:0:0:0, 4+2:1:1:0:1, 4+0:0:0:0:0, 3+2:0:1:0:1, 3+1:0:0:0:1, 1+0:0:0:0:0, 4+1:0:0:0:0, 3+2:0:0:0:0, 3+0:0:0:0:0, 5+1:0:0:0:0, 4+2:1:0:0:0, 3+1:0:0:0:0, 2+1:1:0:0:0, 2+0:0:0:0:0, 3+2:0:0:0:1, 3+2:0:0:0:1, 4+1:0:0:0:1, 2+0:0:0:0:0, 4+1:0:0:0:0, 5+2:0:1:0:1, 3+1:0:0:0:1, 5+1:0:0:0:0, 4+1:0:0:0:0, 3+2:0:0:0:0, 2+0:0:0:0:0, 5+1:0:0:0:0, 5+1:0:0:0:0, 3+1:0:0:0:0, 3+0:0:0:0:0, 4+1:0:0:0:0, 4+2:0:0:0:0, 3+2:0:0:0:0, 3+2:0:0:0:0, 5+2:0:0:0:0, 4+2:1:0:0:1, 5+2:0:1:0:1, 3+1:0:0:0:1, 1+0:0:0:0:0, 2+3:0:0:0:0, 3+2:1:0:0:0, 3+1:1:1:0:1, 4+2:2:0:0:2, 3+3:0:0:0:0, 3+3:1:0:0:1, 2+3:1:0:0:1, 2+3:0:0:0:0, 4+3:0:0:0:2, 1+1:0:0:0:0, 4+1:0:0:0:0, 2+0:0:0:0:0, 4+1:0:0:0:0, 4+3:2:0:0:2, 3+1:0:0:0:1, 5+1:0:0:0:0, 4+1:0:0:0:0, 4+1:0:0:0:0, 2+0:0:0:0:0, 4+0:0:0:0:0, 5+1:0:0:0:0, 3+1:0:0:0:0, 4+0:0:0:0:0, 2+2:1:0:0:1, 4+2:0:0:0:0, 3+3:1:0:0:1, 2+0:0:0:0:0, 5+1:0:1:0:1, 4+2:0:0:0:0, 6+2:0:0:0:0, 3+1:0:0:0:1, 2+0:0:0:0:0, 2+3:0:0:0:0, 4+1:0:0:0:0, 3+1:0:0:0:0, 3+2:1:0:0:1, 1+1:1:0:0:1, 2+2:1:0:0:1, 2+3:1:0:0:1, 3+1:0:0:0:0, 4+3:0:0:0:0, 1+3:0:0:0:0, 2+0:0:0:0:0, 2+0:0:0:0:0, 4+1:0:0:0:0, 5+2:0:1:0:1, 3+1:0:0:0:1, 2+0:0:0:0:0, 4+1:0:0:0:0, 3+0:0:0:0:0, 3+0:0:0:0:0, 4+0:0:0:0:0, 6+1:0:0:0:0, 4+3:0:0:0:0, 3+1:1:0:0:1, 3+0:0:0:0:0, 2+1:1:0:0:1, 3+2:0:0:0:0, 3+2:0:0:0:0, 4+2:0:0:0:0, 3+0:0:0:0:0, 4+2:1:0:0:1, 2+1:0:1:0:0, 1+4:0:0:0:0, 3+1:0:0:0:0, 2+0:0:0:0:0, 3+2:2:2:0:2, 2+0:0:0:0:0, 5+4:1:0:0:2, 2+2:1:0:0:1, 2+3:1:0:0:1, 2+4:0:0:0:0, 4+0:0:0:0:0, 3+4:1:0:0:1, 2+2:2:0:0:2, 4+2:0:0:0:0, 3+1:0:0:0:0, 4+3:0:0:0:0, 3+1:0:0:0:0, 2+0:0:0:0:0, 4+4:1:0:0:0, 4+1:0:0:0:0, 2+0:0:0:0:0, 4+0:0:0:0:0, 5+1:0:0:0:0, 3+1:0:0:0:0, 4+0:0:0:0:0, 4+0:0:0:0:0, 2+0:0:0:0:0, 5+3:0:0:0:1, 3+1:0:0:0:0, 5+2:0:0:0:0, 3+0:0:0:0:0, 4+1:0:1:0:1, 3+1:0:0:0:1, 2+1:0:0:0:0, 3+1:0:0:0:0, 2+0:0:0:0:0, 4+1:1:1:0:1, 2+0:0:0:0:0, 5+3:0:0:0:2, 2+2:1:0:0:1, 2+3:1:0:0:1, 2+3:0:0:0:0, 4+0:0:0:0:0, 4+3:0:0:0:0, 5+4:0:0:0:0, 4+2:0:0:0:0, 3+1:0:0:0:0, 3+0:0:0:0:0, 3+1:0:0:0:1, 2+0:0:0:0:0, 3+2:0:0:0:1, 3+1:0:0:0:0, 2+0:0:0:0:0, 4+2:0:0:0:0, 3+2:2:0:0:2, 3+1:0:0:0:0, 3+0:0:0:0:0, 4+0:0:0:0:0, 2+0:0:0:0:0, 5+3:0:0:0:1, 3+1:0:0:0:0, 4+2:1:0:0:0, 2+0:0:0:0:0, 4+2:0:0:0:0, 1+0:0:0:0:0, 1+0:0:0:0:0, 2+2:0:0:0:0, 4+1:1:1:0:1, 2+0:0:0:0:0, 3+4:1:0:0:0, 3+2:2:0:0:2, 3+1:0:0:0:0, 2+1:1:0:0:0, 2+1:0:0:0:0, 4+4:0:0:0:0, 3+3:1:0:0:1, 3+3:0:0:0:0, 3+0:0:0:0:0, 4+1:0:0:0:0, 5+2:0:1:0:1, 3+1:0:0:0:1, 2+0:0:0:0:0, 4+1:0:0:0:0, 2+1:0:0:0:0, 3+0:0:0:0:0, 5+1:0:0:0:0, 5+1:0:0:0:0, 3+1:0:0:0:0, 3+0:0:0:0:0, 4+0:0:0:0:0, 4+2:0:0:0:0, 3+2:0:0:0:0, 4+1:0:0:0:0, 3+0:0:0:0:0, 4+1:1:0:0:1, 4+3:1:0:0:0, 2+0:0:0:0:0, 1+0:0:0:0:0, 4+0:0:0:0:0, 4+0:0:0:0:0, 2+0:0:0:0:0, 0+0:0:0:0:0, 0+0:0:0:0:0, 0+0:0:0:0:0, 0+0:0:0:0:0, 0+0:0:0:0:0, 0+0:0:0:0:0, 941+410:71:18:0:93
Bb minor (5b), 1+0:0:0:0:0, 1+0:0:0:0:0, 2+1:0:0:0:0, 2+0:0:0:0:0, 2+0:0:0:0:0, 0+0:0:0:0:0, 3+1:1:0:0:1, 1+0:0:0:0:0, 3+1:0:0:0:0, 2+0:0:0:0:0, 1+2:0:0:0:0, 2+1:0:0:0:0, 0+0:0:0:0:0, 0+1:0:0:0:0, 0+0:0:0:0:0, 0+0:0:0:0:0, 1+1:0:0:0:0, 1+1:0:1:0:1, 2+1:0:0:0:0, 2+1:0:0:0:0, 2+1:0:0:0:0, 2+1:0:0:0:0, 1+0:0:0:0:0, 0+0:0:0:0:0, 3+1:0:0:0:0, 0+2:0:0:0:0, 1+2:0:0:0:0, 1+0:0:0:0:0, 4+1:0:0:0:0, 1+0:0:0:0:0, 1+0:0:0:0:0, 2+1:0:1:0:0, 1+1:0:0:0:0, 3+1:0:0:0:0, 2+1:0:0:0:0, 2+1:0:0:0:0, 2+0:0:0:0:0, 0+0:0:0:0:0, 3+1:0:0:0:0, 1+1:0:0:0:0, 2+0:0:0:0:0, 1+2:0:0:0:0, 1+2:0:0:0:0, 1+0:0:0:0:0, 1+0:0:0:0:0, 2+1:0:0:0:1, 3+2:0:0:0:0, 3+2:0:0:0:0, 3+1:0:0:0:0, 3+1:0:0:0:0, 3+1:0:0:0:0, 2+1:0:0:0:0, 1+0:0:0:0:0, 1+1:0:0:0:0, 2+1:0:1:0:0, 3+1:1:0:0:1, 0+0:0:0:0:0, 2+4:0:0:0:0, 3+2:0:0:0:0, 1+0:0:0:0:0, 4+1:0:0:0:0, 0+2:0:0:0:0, 3+2:0:0:0:1, 2+1:0:1:0:0, 1+1:0:0:0:0, 2+1:0:0:0:1, 2+1:0:1:0:0, 2+1:0:0:0:0, 2+1:0:0:0:0, 2+1:0:0:0:0, 1+1:0:0:0:1, 0+0:0:0:0:0, 2+0:0:0:0:0, 3+2:0:0:0:0, 1+1:0:0:0:0, 0+3:0:0:0:0, 2+1:1:0:0:1, 2+1:0:0:0:0, 4+1:0:0:0:0, 1+1:0:0:0:0, 1+0:0:0:0:0, 1+2:0:0:0:0, 2+0:0:0:0:0, 2+1:0:0:0:0, 2+1:0:0:0:0, 2+1:0:0:0:0, 2+1:0:0:0:0, 0+0:0:0:0:0, 3+1:0:0:0:0, 0+2:0:0:0:0, 1+2:0:0:0:0, 1+1:0:0:0:0, 5+2:0:0:0:0, 1+2:0:0:0:0, 1+0:0:0:0:0, 1+0:0:0:0:0, 2+2:0:1:0:1, 2+0:0:0:0:0, 2+1:0:0:0:0, 2+1:0:0:0:0, 2+0:0:0:0:0, 1+0:0:0:0:0, 0+0:0:0:0:0, 1+0:0:0:0:0, 3+1:0:0:0:0, 0+2:0:0:0:0, 1+2:0:0:0:0, 2+1:0:0:0:0, 2+2:0:0:0:0, 3+1:0:0:0:0, 4+1:0:0:0:0, 1+0:0:0:0:0, 2+0:0:0:0:0, 2+1:0:0:0:0, 3+1:0:0:0:0, 2+1:0:0:0:0, 4+1:0:0:0:0, 1+0:0:0:0:0, 0+0:0:0:0:0, 0+0:0:0:0:0, 3+1:0:0:0:0, 1+2:0:0:0:0, 1+2:0:0:0:0, 1+0:0:0:0:0, 2+0:0:0:0:0, 1+0:0:0:0:0, 1+0:0:0:0:0, 2+1:0:1:0:0, 2+0:0:0:0:0, 2+1:0:0:0:0, 3+1:0:0:0:0, 2+1:0:0:0:0, 2+0:0:0:0:0, 0+0:0:0:0:0, 3+1:1:0:0:1, 1+1:0:0:0:0, 3+2:0:0:0:0, 1+3:0:0:0:0, 3+2:0:0:0:0, 2+1:0:0:0:0, 1+1:0:0:0:0, 3+0:0:0:0:0, 1+3:0:0:0:0, 2+1:0:0:0:0, 0+0:0:0:0:0, 2+3:0:0:0:0, 2+2:0:0:0:0, 2+1:0:0:0:0, 4+1:0:0:0:0, 1+0:0:0:0:0, 1+2:0:0:0:0, 1+1:0:0:0:0, 2+0:0:0:0:0, 1+2:0:0:0:0, 1+2:0:0:0:0, 2+0:0:0:0:0, 3+1:0:0:0:0, 1+0:0:0:0:0, 2+1:0:0:0:1, 1+2:0:0:0:0, 2+1:0:1:0:1, 2+2:0:0:0:0, 3+1:0:0:0:0, 2+1:0:0:0:0, 3+0:0:0:0:0, 2+1:0:0:0:0, 4+1:0:0:0:0, 0+0:0:0:0:0, 3+1:0:0:0:1, 0+3:0:0:0:0, 1+2:0:0:0:0, 2+1:0:0:0:0, 2+0:0:0:0:0, 3+0:0:0:0:0, 2+1:0:0:0:1, 0+0:0:0:0:0, 0+0:0:0:0:0, 2+1:0:0:0:0, 3+1:0:0:0:0, 2+1:0:0:0:0, 2+1:0:0:0:0, 1+0:0:0:0:0, 1+0:0:0:0:0, 2+1:0:0:0:0, 2+0:0:0:0:0, 2+1:0:0:0:0, 1+3:0:0:0:0, 2+1:0:0:0:0, 2+0:0:0:0:0, 0+2:0:0:0:0, 1+0:0:0:0:0, 2+1:0:1:0:0, 2+0:0:0:0:0, 1+0:0:0:0:0, 2+1:0:1:0:1, 2+2:0:0:0:0, 2+1:1:0:0:1, 1+1:0:0:0:0, 2+1:0:0:0:1, 2+1:1:0:0:1, 1+0:0:0:0:0, 4+3:0:0:0:0, 1+1:0:0:0:0, 2+1:0:0:0:0, 2+1:1:0:0:1, 3+0:0:0:0:0, 3+1:0:0:0:0, 0+0:0:0:0:0, 2+1:0:0:0:0, 1+0:0:0:0:0, 2+0:0:0:0:0, 2+1:0:0:0:0, 2+1:0:0:0:0, 3+1:0:0:0:0, 3+1:0:0:0:0, 1+1:0:0:0:0, 2+0:0:0:0:0, 1+2:0:0:0:0, 1+2:0:0:0:0, 2+0:0:0:0:0, 3+0:0:0:0:0, 0+3:0:0:0:0, 2+1:0:0:0:0, 1+1:0:0:0:0, 2+0:0:0:0:0, 1+0:0:0:0:0, 2+1:0:1:0:1, 2+1:0:0:0:0, 2+1:1:0:0:1, 1+1:0:0:0:0, 2+1:0:0:0:1, 3+1:1:0:0:1, 1+0:0:0:0:0, 4+3:0:0:0:0, 1+1:0:0:0:0, 2+1:0:0:0:0, 2+1:1:0:0:1, 3+0:0:0:0:0, 2+2:0:0:0:0, 1+1:0:0:0:0, 1+1:0:0:0:0, 1+0:0:0:0:0, 1+0:0:0:0:0, 2+1:0:0:0:0, 2+1:0:0:0:0, 4+2:0:1:0:0, 2+1:0:0:0:0, 2+0:0:0:0:0, 2+0:0:0:0:0, 0+2:0:0:0:0, 1+2:0:0:0:0, 1+0:0:0:0:0, 3+0:0:0:0:0, 0+3:0:0:0:0, 2+1:0:0:0:0, 1+1:0:0:0:0, 1+1:0:0:0:0, 1+0:0:0:0:0, 1+1:0:0:0:0, 1+0:0:0:0:0, 2+0:0:0:0:0, 1+0:0:0:0:0, 1+2:0:0:0:0, 0+0:0:0:0:0, 2+1:0:0:0:0, 0+2:0:0:0:0, 1+2:0:0:0:0, 2+1:0:0:0:0, 0+0:0:0:0:0, 1+0:0:0:0:0, 2+1:0:0:0:1, 0+0:0:0:0:0, 3+3:0:0:0:0, 2+1:0:0:0:0, 3+1:0:0:0:0, 2+1:0:0:0:0, 2+1:0:0:0:0, 1+0:0:0:0:0, 2+1:0:0:0:1, 1+0:0:0:0:0, 3+1:0:0:0:0, 1+2:0:0:0:0, 1+2:0:0:0:0, 1+0:0:0:0:0, 3+0:0:0:0:0, 1+2:0:0:0:0, 1+0:0:0:0:0, 2+1:0:0:0:0, 2+0:0:0:0:0, 3+0:0:0:0:0, 3+1:0:0:0:0, 0+0:0:0:0:0, 0+0:0:0:0:0, 1+3:0:0:0:0, 2+0:0:0:0:0, 1+0:0:0:0:0, 0+0:0:0:0:0, 0+0:0:0:0:0, 0+0:0:0:0:0, 0+0:0:0:0:0, 0+0:0:0:0:0, 0+0:0:0:0:0, 495+265:10:12:0:26
G# minor (5#), 2+0:0:0:0:0, 2+0:0:0:0:0, 4+1:1:0:0:1, 2+0:0:0:0:0, 1+0:0:0:0:0, 2+3:0:0:0:0, 3+2:1:0:0:0, 3+1:1:0:0:0, 5+1:0:0:0:0, 4+1:1:0:0:1, 3+1:0:0:0:0, 2+1:1:0:0:1, 2+1:0:0:0:0, 4+0:0:0:0:0, 3+4:0:0:0:0, 2+2:0:0:0:0, 2+0:0:0:0:0, 2+3:2:1:0:2, 4+1:0:0:0:0, 3+1:0:0:0:1, 2+4:0:0:0:0, 3+3:1:0:0:0, 3+2:0:0:0:0, 3+1:0:0:0:0, 5+4:0:0:0:1, 3+2:2:0:0:2, 3+1:0:0:0:0, 3+3:0:0:0:0, 5+2:1:0:0:0, 4+2:0:0:0:0, 3+2:0:0:0:0, 3+2:0:0:0:0, 4+2:1:0:0:0, 5+1:0:0:0:0, 4+2:0:1:0:1, 3+1:0:0:0:1, 1+0:0:0:0:0, 2+3:0:0:0:0, 5+2:1:0:0:0, 2+0:0:0:0:0, 4+0:0:0:0:0, 5+1:0:0:0:0, 3+1:0:0:0:0, 3+0:0:0:0:0, 2+3:0:0:0:0, 4+1:0:0:0:0, 4+1:0:0:0:0, 5+1:0:0:0:0, 3+1:1:0:0:1, 6+1:0:0:0:0, 5+2:0:1:0:1, 3+1:0:0:0:1, 1+0:0:0:0:0, 3+2:0:0:0:0, 2+2:0:0:0:1, 4+1:1:1:0:1, 2+0:0:0:0:0, 3+1:1:0:0:1, 3+4:1:0:0:1, 3+0:0:0:0:0, 6+1:1:1:0:1, 2+2:2:0:0:2, 2+1:0:0:0:1, 3+2:0:0:0:0, 4+2:1:0:0:0, 2+1:0:0:0:0, 4+2:0:0:0:0, 3+1:0:0:0:1, 2+4:0:0:0:0, 4+3:1:0:0:1, 2+3:0:0:0:0, 2+0:0:0:0:0, 4+2:0:0:0:0, 6+2:0:0:0:0, 3+1:0:0:0:0, 1+2:2:0:0:2, 2+0:0:0:0:0, 4+1:0:0:0:0, 3+1:0:0:0:0, 5+4:0:0:0:0, 5+1:0:0:0:0, 3+3:0:0:0:0, 4+0:0:0:0:0, 3+1:0:0:0:1, 2+4:0:0:0:0, 3+3:1:0:0:0, 3+1:0:0:0:0, 2+0:0:0:0:0, 5+4:0:0:0:1, 3+2:2:0:0:2, 3+1:0:0:0:0, 3+1:1:0:0:0, 4+0:0:0:0:0, 4+2:0:0:0:0, 3+2:0:0:0:0, 2+0:0:0:0:0, 4+2:1:1:0:1, 4+0:0:0:0:0, 3+2:0:1:0:1, 3+1:0:0:0:1, 1+0:0:0:0:0, 4+1:0:0:0:0, 3+2:0:0:0:0, 3+0:0:0:0:0, 5+1:0:0:0:0, 4+2:1:0:0:0, 3+1:0:0:0:0, 2+1:1:0:0:0, 2+0:0:0:0:0, 3+2:0:0:0:1, 3+2:0:0:0:1, 4+1:0:0:0:1, 2+0:0:0:0:0, 4+1:0:0:0:0, 5+2:0:1:0:1, 3+1:0:0:0:1, 5+1:0:0:0:0, 4+1:0:0:0:0, 3+2:0:0:0:0, 2+0:0:0:0:0, 5+1:0:0:0:0, 5+1:0:0:0:0, 3+1:0:0:0:0, 3+0:0:0:0:0, 4+1:0:0:0:0, 4+2:0:0:0:0, 3+2:0:0:0:0, 3+2:0:0:0:0, 5+1:0:0:0:0, 4+2:1:0:0:1, 5+2:0:1:0:1, 3+1:0:0:0:1, 1+0:0:0:0:0, 2+3:0:0:0:0, 3+2:1:0:0:0, 3+1:1:1:0:1, 4+2:2:0:0:2, 3+0:0:0:0:0, 3+4:1:0:0:1, 2+1:1:0:0:0, 2+0:0:0:0:0, 4+2:0:0:0:0, 1+5:1:0:0:1, 4+2:0:0:0:1, 3+0:0:0:0:0, 4+1:0:0:0:0, 4+3:2:0:0:2, 3+1:0:0:0:0, 5+1:0:0:0:0, 4+1:0:0:0:0, 4+1:0:0:0:0, 2+0:0:0:0:0, 4+0:0:0:0:0, 5+1:0:0:0:0, 3+1:0:0:0:0, 4+0:0:0:0:0, 2+2:1:0:0:1, 4+2:0:0:0:0, 3+3:1:0:0:1, 2+0:0:0:0:0, 5+1:0:1:0:1, 4+2:0:0:0:0, 6+2:0:0:0:0, 3+1:0:0:0:1, 2+0:0:0:0:0, 2+3:0:0:0:0, 4+2:0:0:0:0, 3+1:0:0:0:0, 4+1:0:0:0:0, 2+0:0:0:0:0, 3+1:0:0:0:0, 2+1:1:0:0:0, 3+3:0:0:0:0, 4+3:0:0:0:0, 1+3:0:0:0:0, 2+0:0:0:0:0, 2+0:0:0:0:0, 4+1:0:0:0:0, 5+2:0:1:0:1, 3+1:0:0:0:1, 2+4:0:0:0:0, 4+1:0:0:0:0, 3+0:0:0:0:0, 3+0:0:0:0:0, 4+0:0:0:0:0, 6+1:0:0:0:0, 4+3:0:0:0:0, 3+1:1:0:0:1, 3+0:0:0:0:0, 2+1:1:0:0:1, 3+2:0:0:0:0, 3+2:0:0:0:0, 4+2:0:0:0:0, 3+0:0:0:0:0, 4+2:1:0:0:1, 2+1:0:1:0:0, 1+4:0:0:0:0, 3+1:0:0:0:0, 2+0:0:0:0:0, 3+2:2:2:0:2, 2+0:0:0:0:0, 5+4:1:0:0:2, 2+2:1:0:0:1, 2+3:1:0:0:1, 2+4:0:0:0:0, 4+0:0:0:0:0, 3+4:1:0:0:1, 2+2:2:0:0:2, 4+2:0:0:0:0, 3+1:0:0:0:0, 4+0:0:0:0:0, 3+1:0:0:0:1, 2+4:0:0:0:0, 4+4:1:0:0:0, 4+1:0:0:0:0, 2+0:0:0:0:0, 4+0:0:0:0:0, 5+1:0:0:0:0, 3+1:0:0:0:0, 4+0:0:0:0:0, 4+0:0:0:0:0, 2+0:0:0:0:0, 4+1:1:1:0:1, 3+1:0:0:0:0, 5+1:0:0:0:0, 3+0:0:0:0:0, 4+1:0:1:0:1, 3+1:0:0:0:1, 2+1:0:0:0:0, 3+1:0:0:0:0, 2+0:0:0:0:0, 4+1:1:1:0:1, 2+0:0:0:0:0, 5+3:0:0:0:2, 2+2:1:0:0:1, 2+3:1:0:0:1, 2+3:0:0:0:0, 4+0:0:0:0:0, 4+3:0:0:0:0, 5+4:0:0:0:0, 4+2:0:0:0:0, 3+1:0:0:0:0, 3+0:0:0:0:0, 3+1:0:0:0:1, 2+4:0:0:0:0, 3+2:0:0:0:1, 3+1:0:0:0:0, 2+0:0:0:0:0, 4+2:0:0:0:0, 3+2:2:0:0:2, 3+1:0:0:0:0, 3+0:0:0:0:0, 4+0:0:0:0:0, 2+0:0:0:0:0, 4+1:1:1:0:1, 3+1:0:0:0:0, 4+2:1:0:0:0, 2+0:0:0:0:0, 4+2:0:0:0:0, 1+0:0:0:0:0, 1+0:0:0:0:0, 2+2:0:0:0:0, 4+1:1:1:0:1, 2+0:0:0:0:0, 3+4:1:0:0:0, 3+2:2:0:0:2, 3+1:0:0:0:0, 2+1:1:0:0:0, 2+1:0:0:0:0, 4+4:0:0:0:0, 3+3:1:0:0:1, 3+3:0:0:0:0, 3+0:0:0:0:0, 4+1:0:0:0:0, 5+2:0:1:0:1, 3+1:0:0:0:1, 2+4:0:0:0:0, 4+1:0:0:0:0, 2+1:0:0:0:0, 3+0:0:0:0:0, 5+1:0:0:0:0, 5+1:0:0:0:0, 3+1:0:0:0:0, 3+0:0:0:0:0, 4+0:0:0:0:0, 4+2:0:0:0:0, 3+2:0:0:0:0, 4+1:0:0:0:0, 3+0:0:0:0:0, 4+1:1:0:0:1, 4+3:1:0:0:0, 2+0:0:0:0:0, 1+0:0:0:0:0, 4+0:0:0:0:0, 4+0:0:0:0:0, 2+0:0:0:0:0, 0+0:0:0:0:0, 0+0:0:0:0:0, 0+0:0:0:0:0, 0+0:0:0:0:0, 0+0:0:0:0:0, 0+0:0:0:0:0, 947+407:72:21:0:88
Gb major (6b), 1+0:0:0:0:0, 1+0:0:0:0:0, 2+1:0:0:0:0, 2+0:0:0:0:0, 2+0:0:0:0:0, 1+0:0:0:0:0, 4+1:1:0:0:1, 1+0:0:0:0:0, 3+1:0:0:0:0, 1+0:0:0:0:0, 1+3:0:0:0:0, 2+1:0:0:0:0, 1+0:0:0:0:0, 1+0:0:0:0:0, 1+0:0:0:0:0, 1+0:0:0:0:0, 2+2:0:0:0:0, 1+0:0:0:0:0, 2+1:0:0:0:1, 2+1:0:0:0:0, 3+0:0:0:0:0, 3+1:0:0:0:0, 2+0:0:0:0:0, 1+0:0:0:0:0, 3+1:0:0:0:0, 1+0:0:0:0:0, 1+1:0:0:0:0, 1+1:0:0:0:0, 5+1:0:0:0:0, 1+0:0:0:0:0, 2+0:0:0:0:0, 1+0:0:0:0:0, 1+2:0:0:0:0, 3+1:0:0:0:0, 2+1:0:0:0:0, 2+1:0:0:0:0, 2+0:0:0:0:0, 1+0:0:0:0:0, 4+1:0:0:0:0, 1+1:0:0:0:0, 2+0:0:0:0:0, 2+0:0:0:0:0, 1+1:0:0:0:0, 2+0:0:0:0:0, 2+0:0:0:0:0, 1+1:0:0:0:0, 4+2:0:0:0:2, 3+2:0:0:0:0, 3+1:0:0:0:0, 3+1:0:0:0:0, 3+1:0:0:0:0, 2+1:0:0:0:0, 1+0:0:0:0:0, 2+1:0:0:0:0, 3+1:0:1:0:0, 4+1:1:0:0:1, 0+0:0:0:0:0, 2+1:0:0:0:0, 3+2:0:0:0:0, 1+1:0:0:0:0, 5+1:0:0:0:0, 0+0:0:0:0:0, 4+2:0:0:0:1, 1+0:0:0:0:0, 1+1:0:0:0:1, 1+1:0:0:0:1, 1+1:0:0:0:1, 2+1:0:0:0:1, 3+0:0:0:0:0, 3+1:0:0:0:0, 2+1:0:0:0:1, 0+0:0:0:0:0, 2+1:0:0:0:0, 2+2:0:1:0:1, 1+1:0:0:0:0, 0+0:0:0:0:0, 3+1:1:0:0:1, 1+1:0:1:0:1, 4+0:0:0:0:0, 1+1:0:0:0:0, 2+1:0:0:0:0, 1+2:0:0:0:2, 2+0:0:0:0:0, 2+1:0:0:0:0, 3+0:0:0:0:0, 3+1:0:0:0:0, 3+1:0:0:0:1, 0+0:0:0:0:0, 3+1:0:0:0:0, 1+0:0:0:0:0, 1+1:0:0:0:1, 1+1:0:0:0:1, 6+1:0:0:0:0, 1+0:0:0:0:0, 2+0:0:0:0:0, 1+2:0:0:0:2, 2+3:0:1:0:0, 2+1:0:0:0:0, 2+1:0:0:0:0, 2+1:0:0:0:0, 2+0:0:0:0:0, 2+0:0:0:0:0, 1+2:0:0:0:0, 1+0:0:0:0:0, 3+1:0:0:0:0, 1+0:0:0:0:0, 1+1:0:0:0:0, 2+1:0:0:0:0, 3+2:0:0:0:0, 2+1:0:1:0:1, 4+0:0:0:0:0, 1+0:0:0:0:0, 2+3:0:0:0:0, 2+1:0:0:0:0, 3+1:0:0:0:0, 2+1:0:0:0:0, 3+1:0:1:0:0, 2+0:0:0:0:0, 1+2:0:0:0:0, 0+0:0:0:0:0, 3+1:0:0:0:0, 2+0:0:0:0:0, 1+1:0:0:0:0, 1+1:0:0:0:0, 2+2:0:0:0:0, 1+0:0:0:0:0, 2+0:0:0:0:0, 1+0:0:0:0:0, 2+1:0:0:0:0, 2+1:0:0:0:0, 3+1:0:0:0:0, 2+1:0:0:0:0, 2+0:0:0:0:0, 1+0:0:0:0:0, 4+1:1:0:0:1, 2+1:0:0:0:0, 3+1:0:0:0:0, 1+0:0:0:0:0, 3+2:0:0:0:0, 2+1:0:0:0:0, 2+1:0:0:0:0, 3+0:0:0:0:0, 1+3:0:0:0:0, 3+1:0:0:0:1, 0+1:0:0:0:0, 2+1:0:0:0:0, 2+1:0:0:0:1, 2+1:0:0:0:0, 3+1:0:1:0:0, 2+0:0:0:0:0, 2+2:0:0:0:0, 2+2:0:0:0:0, 2+1:0:0:0:0, 2+0:0:0:0:0, 1+1:0:0:0:0, 2+1:0:0:0:0, 3+1:0:0:0:0, 1+0:0:0:0:0, 3+1:0:0:0:1, 1+2:0:0:0:0, 3+1:0:1:0:1, 2+2:0:0:0:0, 3+1:0:0:0:0, 2+1:0:0:0:0, 3+0:0:0:0:0, 3+1:0:0:0:0, 5+0:0:0:0:0, 1+0:0:0:0:0, 2+1:0:0:0:1, 0+0:0:0:0:0, 1+4:0:0:0:0, 2+1:0:0:0:0, 3+0:0:0:0:0, 3+0:0:0:0:0, 1+1:0:0:0:1, 1+0:0:0:0:0, 0+0:0:0:0:0, 2+1:0:0:0:0, 3+1:0:0:0:0, 2+1:0:0:0:0, 3+0:0:0:0:0, 2+0:0:0:0:0, 2+0:0:0:0:0, 2+1:0:0:0:0, 2+0:0:0:0:0, 3+0:0:0:0:0, 1+0:0:0:0:0, 2+1:0:0:0:0, 2+2:0:0:0:0, 0+0:0:0:0:0, 2+0:0:0:0:0, 1+0:0:0:0:0, 2+1:0:0:0:0, 2+0:0:0:0:0, 2+1:0:1:0:0, 2+2:0:0:0:0, 2+1:1:0:0:1, 2+1:0:0:0:0, 3+1:0:0:0:1, 3+1:1:0:0:1, 1+0:0:0:0:0, 5+3:0:0:0:1, 1+1:0:0:0:0, 2+1:0:0:0:0, 3+1:1:0:0:1, 3+0:0:0:0:0, 3+1:0:0:0:0, 0+0:0:0:0:0, 1+1:0:0:0:0, 1+0:0:0:0:0, 2+0:0:0:0:0, 2+1:0:0:0:0, 3+0:0:0:0:0, 4+1:0:0:0:0, 4+1:0:0:0:1, 1+2:0:0:0:1, 2+1:0:0:0:0, 2+0:0:0:0:0, 1+1:0:0:0:0, 2+1:0:0:0:0, 3+2:0:0:0:0, 0+0:0:0:0:0, 3+1:0:0:0:0, 2+1:0:0:0:0, 2+0:0:0:0:0, 2+0:0:0:0:0, 2+1:0:1:0:0, 2+1:0:0:0:0, 3+1:1:0:0:1, 2+1:0:0:0:0, 3+1:0:0:0:1, 4+1:1:0:0:1, 1+0:0:0:0:0, 3+1:0:0:0:1, 1+1:0:0:0:0, 2+1:0:0:0:0, 3+1:1:0:0:1, 3+0:0:0:0:0, 2+2:0:0:0:0, 1+1:0:0:0:0, 1+1:0:0:0:0, 1+0:0:0:0:0, 1+0:0:0:0:0, 2+1:0:0:0:1, 3+0:0:0:0:0, 6+2:0:0:0:0, 3+0:0:0:0:0, 2+0:0:0:0:0, 2+0:0:0:0:0, 1+0:0:0:0:0, 1+1:0:0:0:0, 1+1:0:0:0:0, 3+2:0:0:0:0, 0+0:0:0:0:0, 3+1:0:0:0:0, 2+1:0:0:0:0, 1+1:0:0:0:0, 1+0:0:0:0:0, 1+1:0:0:0:0, 1+0:0:0:0:0, 2+0:0:0:0:0, 2+0:0:0:0:0, 2+2:0:0:0:0, 0+0:0:0:0:0, 2+1:0:0:0:1, 1+0:0:0:0:0, 1+1:0:0:0:0, 2+1:0:0:0:0, 1+3:0:0:0:0, 2+0:0:0:0:0, 2+1:0:1:0:0, 1+0:0:0:0:0, 3+3:0:0:0:0, 2+1:0:0:0:0, 3+1:0:0:0:0, 2+1:0:0:0:0, 3+0:0:0:0:0, 2+0:0:0:0:0, 3+1:0:0:0:1, 1+0:0:0:0:0, 3+1:0:0:0:0, 2+0:0:0:0:0, 1+1:0:0:0:0, 1+1:0:0:0:0, 3+2:0:0:0:0, 1+0:0:0:0:0, 2+0:0:0:0:0, 2+1:0:0:0:0, 2+1:0:0:0:0, 3+0:0:0:0:0, 4+1:0:0:0:0, 0+0:0:0:0:0, 0+0:0:0:0:0, 1+0:0:0:0:0, 2+0:0:0:0:0, 1+0:0:0:0:0, 0+0:0:0:0:0, 0+0:0:0:0:0, 0+0:0:0:0:0, 0+0:0:0:0:0, 0+0:0:0:0:0, 0+0:0:0:0:0, 580+224:10:11:0:44
F# major (6#), 2+0:0:0:0:0, 2+0:0:0:0:0, 5+2:0:0:0:0, 3+0:0:0:0:0, 1+4:0:0:0:0, 2+3:0:0:0:0, 3+1:0:0:0:0, 4+2:0:0:0:0, 5+1:0:0:0:0, 4+1:1:0:0:1, 3+1:0:0:0:0, 2+1:1:0:0:1, 2+2:2:0:0:0, 4+0:0:0:0:0, 3+4:0:0:0:0, 2+2:0:0:0:0, 3+0:0:0:0:0, 2+3:2:1:0:2, 4+1:0:0:0:0, 4+1:0:0:0:1, 2+4:0:0:0:0, 3+3:1:0:0:0, 3+1:0:0:0:0, 3+1:0:0:0:0, 5+4:0:0:0:1, 3+2:2:0:0:2, 3+1:0:0:0:0, 3+0:0:0:0:0, 5+0:0:0:0:0, 4+2:0:0:0:0, 3+2:0:0:0:0, 3+2:0:0:0:0, 4+2:1:0:0:0, 5+1:0:0:0:0, 4+2:0:1:0:1, 4+1:0:0:0:1, 1+4:0:0:0:0, 2+3:0:0:0:0, 5+2:1:0:0:0, 3+0:0:0:0:0, 4+0:0:0:0:0, 5+1:0:0:0:0, 3+1:0:0:0:0, 3+0:0:0:0:0, 2+0:0:0:0:0, 3+1:0:0:0:1, 5+1:0:0:0:0, 5+1:0:0:0:0, 4+1:1:0:0:1, 6+1:0:0:0:0, 5+2:0:1:0:1, 4+1:0:0:0:1, 1+0:0:0:0:0, 3+2:0:0:0:0, 2+2:0:0:0:1, 4+1:1:1:0:1, 2+0:0:0:0:0, 3+1:1:0:0:1, 3+4:1:0:0:1, 3+0:0:0:0:0, 5+1:1:1:0:1, 2+2:2:0:0:2, 2+1:0:0:0:1, 3+2:0:0:0:0, 4+2:1:0:0:0, 2+3:0:0:0:1, 3+3:0:0:0:3, 4+1:0:0:0:0, 2+4:0:0:0:0, 4+2:0:0:0:1, 1+1:0:0:0:1, 2+0:0:0:0:0, 4+2:0:0:0:0, 6+2:0:0:0:0, 3+1:0:0:0:0, 1+2:2:0:0:2, 2+1:0:0:0:0, 3+1:0:0:0:1, 4+1:0:0:0:0, 3+5:3:2:0:3, 4+1:1:1:0:1, 3+3:0:0:0:0, 4+3:0:0:0:0, 4+1:0:0:0:0, 2+4:0:0:0:0, 3+3:1:0:0:0, 3+1:0:0:0:0, 2+0:0:0:0:0, 5+4:0:0:0:1, 3+2:2:0:0:2, 3+1:0:0:0:0, 3+1:1:0:0:0, 4+0:0:0:0:0, 4+2:0:0:0:0, 3+0:0:0:0:0, 3+0:0:0:0:0, 4+2:1:1:0:1, 4+0:0:0:0:0, 3+2:0:1:0:1, 4+1:0:0:0:1, 1+4:0:0:0:0, 4+1:0:0:0:0, 3+2:0:0:0:0, 3+0:0:0:0:0, 5+1:0:0:0:0, 4+2:1:0:0:0, 3+1:0:0:0:0, 2+1:1:0:0:1, 2+2:0:0:0:0, 4+1:0:0:0:1, 4+0:0:0:0:0, 4+1:0:0:0:1, 3+0:0:0:0:0, 4+1:0:0:0:0, 5+2:0:1:0:1, 4+1:0:0:0:1, 5+1:0:0:0:0, 4+1:0:0:0:0, 3+2:0:0:0:0, 2+0:0:0:0:0, 5+1:0:0:0:0, 5+1:0:0:0:0, 3+1:0:0:0:0, 3+0:0:0:0:0, 2+2:2:1:0:2, 4+2:0:0:0:0, 3+2:0:0:0:0, 3+2:0:0:0:0, 5+1:0:0:0:0, 4+2:1:0:0:1, 5+2:0:1:0:1, 4+1:0:0:0:1, 1+4:0:0:0:0, 2+3:0:0:0:0, 3+1:0:0:0:0, 3+1:1:1:0:1, 4+2:2:0:0:2, 3+0:0:0:0:0, 3+4:1:0:0:1, 2+1:1:0:0:1, 2+1:0:0:0:0, 4+3:0:0:0:0, 2+1:0:0:0:0, 5+1:0:0:0:0, 2+0:0:0:0:0, 4+1:0:0:0:0, 4+3:2:0:0:2, 4+1:0:0:0:0, 5+1:0:0:0:0, 4+1:0:0:0:0, 3+1:1:1:0:1, 3+0:0:0:0:0, 4+0:0:0:0:0, 5+1:0:0:0:0, 3+1:0:0:0:0, 4+0:0:0:0:0, 4+1:0:0:0:0, 4+2:0:0:0:0, 3+3:1:0:0:1, 3+0:0:0:0:0, 5+1:0:1:0:1, 4+2:0:0:0:0, 6+2:0:0:0:0, 4+1:0:0:0:1, 2+0:0:0:0:0, 2+3:0:0:0:0, 4+2:0:0:0:0, 3+1:0:0:0:0, 4+1:0:0:0:0, 2+0:0:0:0:0, 3+1:0:0:0:0, 2+1:1:0:0:1, 3+0:0:0:0:0, 4+3:0:0:0:0, 2+3:0:0:0:0, 2+0:0:0:0:0, 2+0:0:0:0:0, 4+1:0:0:0:0, 5+2:0:1:0:1, 4+1:0:0:0:1, 2+4:0:0:0:0, 4+1:0:0:0:0, 2+1:0:0:0:0, 4+0:0:0:0:0, 4+0:0:0:0:0, 6+1:0:0:0:0, 4+3:0:0:0:0, 3+1:1:0:0:1, 3+0:0:0:0:0, 2+1:1:0:0:1, 3+2:0:0:0:0, 3+2:0:0:0:0, 4+2:0:0:0:0, 3+0:0:0:0:0, 4+2:1:0:0:1, 3+1:0:1:0:0, 1+4:0:0:0:0, 3+1:0:0:0:0, 2+1:0:0:0:0, 3+2:2:2:0:2, 2+0:0:0:0:0, 6+4:1:0:0:2, 2+1:1:0:0:1, 2+3:1:0:0:1, 2+4:0:0:0:0, 4+3:0:0:0:0, 4+1:0:0:0:1, 2+2:2:0:0:2, 4+2:0:0:0:0, 3+1:0:0:0:0, 4+3:0:0:0:0, 4+1:0:0:0:0, 2+4:0:0:0:0, 4+4:1:0:0:0, 4+1:0:0:0:0, 3+0:0:0:0:0, 4+0:0:0:0:0, 5+1:0:0:0:0, 3+1:0:0:0:0, 4+0:0:0:0:0, 4+0:0:0:0:0, 2+0:0:0:0:0, 3+1:1:1:0:1, 4+1:0:0:0:0, 5+1:0:0:0:0, 3+0:0:0:0:0, 3+3:2:1:0:3, 4+1:0:0:0:0, 2+1:0:0:0:0, 3+1:0:0:0:0, 2+1:0:0:0:0, 4+1:1:1:0:1, 2+0:0:0:0:0, 5+4:0:0:0:2, 2+1:1:0:0:1, 2+3:1:0:0:1, 2+0:0:0:0:0, 4+3:0:0:0:0, 3+3:0:0:0:0, 3+5:3:2:0:3, 4+2:0:0:0:0, 3+1:0:0:0:0, 3+0:0:0:0:0, 4+1:0:0:0:1, 2+4:0:0:0:0, 3+2:0:0:0:1, 3+1:0:0:0:0, 3+0:0:0:0:0, 4+2:0:0:0:0, 3+2:2:0:0:2, 3+1:0:0:0:0, 3+0:0:0:0:0, 4+0:0:0:0:0, 2+0:0:0:0:0, 3+1:1:1:0:1, 4+1:0:0:0:0, 4+2:1:0:0:0, 2+0:0:0:0:0, 4+2:0:0:0:0, 1+0:0:0:0:0, 1+0:0:0:0:0, 2+2:0:0:0:0, 2+2:2:1:0:2, 2+0:0:0:0:0, 3+4:1:0:0:0, 3+2:2:0:0:2, 3+1:0:0:0:0, 2+1:1:0:0:1, 2+3:3:0:0:0, 4+4:0:0:0:0, 3+3:1:0:0:1, 3+3:0:0:0:0, 4+0:0:0:0:0, 4+1:0:0:0:0, 5+2:0:1:0:1, 4+1:0:0:0:1, 2+4:0:0:0:0, 4+1:0:0:0:0, 2+1:0:0:0:0, 3+0:0:0:0:0, 5+1:0:0:0:0, 5+1:0:0:0:0, 3+1:0:0:0:0, 3+0:0:0:0:0, 4+0:0:0:0:0, 4+2:0:0:0:0, 3+2:0:0:0:0, 4+1:0:0:0:0, 4+0:0:0:0:0, 4+1:1:0:0:1, 4+3:1:0:0:0, 2+0:0:0:0:0, 1+0:0:0:0:0, 4+0:0:0:0:0, 3+1:1:0:0:1, 2+0:0:0:0:0, 0+0:0:0:0:0, 0+0:0:0:0:0, 0+0:0:0:0:0, 0+0:0:0:0:0, 0+0:0:0:0:0, 0+0:0:0:0:0, 969+423:82:28:0:104
Eb minor (6b), 1+0:0:0:0:0, 1+0:0:0:0:0, 2+1:0:0:0:0, 2+0:0:0:0:0, 2+0:0:0:0:0, 1+0:0:0:0:0, 4+1:1:0:0:1, 1+0:0:0:0:0, 3+1:0:0:0:0, 1+0:0:0:0:0, 1+3:0:0:0:0, 2+1:0:0:0:0, 1+2:0:0:0:0, 1+0:0:0:0:0, 1+0:0:0:0:0, 1+0:0:0:0:0, 2+2:0:0:0:0, 1+1:0:0:0:0, 2+1:0:0:0:1, 2+1:0:0:0:1, 3+0:0:0:0:0, 3+1:0:0:0:0, 2+0:0:0:0:0, 1+0:0:0:0:0, 3+1:0:0:0:0, 1+2:0:0:0:0, 1+2:0:0:0:0, 1+0:0:0:0:0, 5+1:0:0:0:0, 1+0:0:0:0:0, 2+0:0:0:0:0, 1+0:0:0:0:0, 1+2:0:0:0:0, 3+1:0:0:0:0, 2+1:0:0:0:0, 2+1:0:0:0:0, 2+0:0:0:0:0, 1+0:0:0:0:0, 4+1:0:0:0:0, 1+1:0:0:0:0, 2+0:0:0:0:0, 2+0:0:0:0:0, 1+3:0:0:0:0, 2+0:0:0:0:0, 2+0:0:0:0:0, 1+1:0:0:0:0, 4+2:0:0:0:2, 3+2:0:0:0:0, 3+1:0:0:0:0, 3+1:0:0:0:0, 3+1:0:0:0:0, 2+1:0:0:0:0, 1+0:0:0:0:0, 2+1:0:0:0:0, 3+1:0:1:0:0, 4+1:1:0:0:1, 0+0:0:0:0:0, 2+1:0:0:0:0, 2+2:1:0:0:1, 1+1:0:0:0:0, 5+1:0:0:0:0, 0+0:0:0:0:0, 4+2:0:0:0:1, 1+0:0:0:0:0, 1+2:0:0:0:0, 1+0:0:0:0:0, 1+0:0:0:0:0, 2+1:0:0:0:1, 3+0:0:0:0:0, 3+1:0:0:0:0, 2+1:0:0:0:1, 0+0:0:0:0:0, 2+1:0:0:0:0, 2+4:0:0:0:0, 1+3:0:0:0:0, 0+0:0:0:0:0, 3+1:1:0:0:1, 1+1:0:1:0:0, 3+1:0:1:0:1, 1+1:0:0:0:0, 2+0:0:0:0:0, 1+2:0:0:0:0, 2+0:0:0:0:0, 2+1:0:0:0:0, 3+0:0:0:0:0, 3+1:0:0:0:0, 3+1:0:0:0:1, 0+0:0:0:0:0, 3+1:0:0:0:0, 1+2:0:0:0:0, 1+2:0:0:0:0, 1+1:0:0:0:0, 6+1:0:0:0:0, 1+0:0:0:0:0, 2+0:0:0:0:0, 1+2:0:0:0:0, 2+1:0:1:0:1, 2+0:0:0:0:0, 2+1:0:0:0:0, 2+1:0:0:0:0, 2+0:0:0:0:0, 2+0:0:0:0:0, 1+1:0:0:0:0, 1+0:0:0:0:0, 3+1:0:0:0:0, 1+2:0:0:0:0, 1+3:0:0:0:0, 2+1:0:0:0:0, 3+2:0:0:0:0, 2+1:0:1:0:1, 4+0:0:0:0:0, 1+0:0:0:0:0, 2+3:0:0:0:0, 2+1:0:0:0:0, 3+1:0:0:0:0, 2+1:0:0:0:0, 3+1:0:1:0:0, 2+0:0:0:0:0, 1+2:0:0:0:0, 0+0:0:0:0:0, 3+1:0:0:0:0, 2+0:0:0:0:0, 1+3:0:0:0:0, 1+1:0:0:0:0, 2+2:0:0:0:0, 1+0:0:0:0:0, 2+0:0:0:0:0, 1+0:0:0:0:0, 2+1:0:0:0:0, 2+1:0:0:0:0, 3+1:0:0:0:0, 2+1:0:0:0:0, 2+0:0:0:0:0, 1+0:0:0:0:0, 4+1:1:0:0:1, 2+1:0:0:0:0, 3+2:0:0:0:0, 1+0:0:0:0:0, 2+2:1:0:0:1, 2+1:0:0:0:0, 2+1:0:0:0:0, 3+0:0:0:0:0, 1+3:0:0:0:0, 3+1:0:0:0:1, 0+1:0:0:0:0, 2+1:0:0:0:0, 2+1:0:0:0:0, 2+1:0:0:0:0, 3+1:0:1:0:0, 2+0:0:0:0:0, 2+1:0:0:0:0, 2+2:0:0:0:0, 2+1:0:0:0:0, 2+0:0:0:0:0, 1+3:0:0:0:0, 2+1:0:0:0:0, 3+1:0:0:0:0, 1+0:0:0:0:0, 3+1:0:0:0:1, 1+2:0:0:0:0, 3+1:0:1:0:1, 2+2:0:0:0:0, 3+1:0:0:0:0, 2+1:0:0:0:0, 3+0:0:0:0:0, 3+1:0:0:0:0, 5+0:0:0:0:0, 1+0:0:0:0:0, 2+1:0:0:0:1, 0+0:0:0:0:0, 1+4:0:0:0:0, 2+1:0:0:0:0, 3+0:0:0:0:0, 3+0:0:0:0:0, 1+1:0:0:0:1, 1+0:0:0:0:0, 0+0:0:0:0:0, 2+1:0:0:0:0, 3+1:0:0:0:0, 2+1:0:0:0:0, 3+0:0:0:0:0, 2+0:0:0:0:0, 2+0:0:0:0:0, 2+1:0:0:0:0, 2+0:0:0:0:0, 3+0:0:0:0:0, 1+3:0:0:0:0, 2+1:0:0:0:0, 2+2:0:0:0:0, 0+0:0:0:0:0, 2+0:0:0:0:0, 1+0:0:0:0:0, 2+1:0:0:0:0, 2+0:0:0:0:0, 2+1:0:1:0:0, 2+2:0:0:0:0, 2+1:1:0:0:1, 2+1:0:0:0:0, 3+1:0:0:0:1, 3+1:1:0:0:1, 1+0:0:0:0:0, 5+3:0:0:0:1, 1+3:0:0:0:0, 2+1:0:0:0:0, 3+1:1:0:0:1, 3+0:0:0:0:0, 3+1:0:0:0:0, 0+0:0:0:0:0, 1+1:0:0:0:0, 1+0:0:0:0:0, 2+0:0:0:0:0, 2+1:0:0:0:0, 3+0:0:0:0:0, 4+1:0:0:0:0, 4+1:0:0:0:1, 1+2:0:0:0:1, 2+1:0:0:0:0, 2+0:0:0:0:0, 1+3:0:0:0:0, 2+1:0:0:0:0, 3+2:0:0:0:0, 0+0:0:0:0:0, 3+1:0:0:0:0, 2+1:0:0:0:0, 2+0:0:0:0:0, 2+0:0:0:0:0, 2+1:0:1:0:0, 2+1:0:0:0:0, 3+1:1:0:0:1, 2+1:0:0:0:0, 3+1:0:0:0:1, 4+1:1:0:0:1, 1+0:0:0:0:0, 3+1:0:0:0:1, 1+3:0:0:0:0, 2+1:0:0:0:0, 3+1:1:0:0:1, 3+0:0:0:0:0, 2+2:0:0:0:0, 1+1:0:0:0:0, 1+1:0:0:0:0, 1+0:0:0:0:0, 1+0:0:0:0:0, 2+1:0:0:0:1, 3+0:0:0:0:0, 6+2:0:0:0:0, 3+0:0:0:0:0, 2+0:0:0:0:0, 2+0:0:0:0:0, 1+2:0:0:0:0, 1+3:0:0:0:0, 1+1:0:0:0:0, 3+2:0:0:0:0, 0+0:0:0:0:0, 3+1:0:0:0:0, 2+1:0:0:0:0, 1+1:0:0:0:0, 1+0:0:0:0:0, 1+1:0:0:0:0, 1+0:0:0:0:0, 2+0:0:0:0:0, 2+0:0:0:0:0, 2+1:0:0:0:0, 0+0:0:0:0:0, 2+1:0:0:0:0, 1+2:0:0:0:0, 1+3:0:0:0:0, 2+1:0:0:0:0, 1+3:0:0:0:0, 2+0:0:0:0:0, 2+1:0:1:0:0, 1+0:0:0:0:0, 3+3:0:0:0:0, 2+1:0:0:0:0, 3+1:0:0:0:0, 2+1:0:0:0:0, 3+0:0:0:0:0, 2+0:0:0:0:0, 3+1:0:0:0:1, 1+0:0:0:0:0, 3+1:0:0:0:0, 2+0:0:0:0:0, 1+3:0:0:0:0, 1+1:0:0:0:0, 3+2:0:0:0:0, 1+0:0:0:0:0, 2+0:0:0:0:0, 2+1:0:0:0:0, 2+1:0:0:0:0, 3+0:0:0:0:0, 4+1:0:0:0:0, 0+0:0:0:0:0, 0+0:0:0:0:0, 1+0:0:0:0:0, 2+0:0:0:0:0, 1+0:0:0:0:0, 0+0:0:0:0:0, 0+0:0:0:0:0, 0+0:0:0:0:0, 0+0:0:0:0:0, 0+0:0:0:0:0, 0+0:0:0:0:0, 577+259:12:11:0:36
D# minor (6#), 2+0:0:0:0:0, 2+0:0:0:0:0, 5+2:0:0:0:0, 3+0:0:0:0:0, 1+4:0:0:0:0, 2+3:0:0:0:0, 3+1:0:0:0:0, 4+2:0:0:0:0, 5+1:0:0:0:0, 4+1:1:0:0:1, 3+1:0:0:0:0, 2+1:1:0:0:1, 2+2:2:0:0:0, 4+0:0:0:0:0, 3+4:0:0:0:0, 2+2:0:0:0:0, 3+0:0:0:0:0, 2+3:2:1:0:2, 4+1:0:0:0:0, 4+1:0:0:0:1, 2+4:0:0:0:0, 3+3:1:0:0:0, 3+1:0:0:0:0, 3+1:0:0:0:0, 5+4:0:0:0:1, 3+2:2:0:0:2, 3+1:0:0:0:0, 3+0:0:0:0:0, 5+0:0:0:0:0, 4+2:0:0:0:0, 3+2:0:0:0:0, 3+2:0:0:0:0, 4+2:1:0:0:0, 5+1:0:0:0:0, 4+2:0:1:0:1, 4+1:0:0:0:1, 1+4:0:0:0:0, 2+3:0:0:0:0, 5+2:1:0:0:0, 3+0:0:0:0:0, 4+0:0:0:0:0, 5+1:0:0:0:0, 3+1:0:0:0:0, 3+0:0:0:0:0, 2+0:0:0:0:0, 3+1:0:0:0:1, 5+1:0:0:0:0, 5+1:0:0:0:0, 4+1:1:0:0:1, 6+1:0:0:0:0, 5+2:0:1:0:1, 4+1:0:0:0:1, 1+0:0:0:0:0, 3+2:0:0:0:0, 2+2:0:0:0:1, 4+1:1:1:0:1, 2+0:0:0:0:0, 3+1:1:0:0:1, 3+4:1:0:0:1, 3+0:0:0:0:0, 5+1:1:1:0:1, 2+2:2:0:0:2, 2+1:0:0:0:1, 3+2:0:0:0:0, 4+2:1:0:0:0, 2+3:0:0:0:1, 3+3:0:0:0:3, 4+1:0:0:0:0, 2+4:0:0:0:0, 4+2:0:0:0:1, 1+1:0:0:0:1, 2+0:0:0:0:0, 4+2:0:0:0:0, 6+2:0:0:0:0, 3+1:0:0:0:0, 1+2:2:0:0:2, 2+1:0:0:0:0, 3+1:0:0:0:1, 4+1:0:0:0:0, 3+5:3:2:0:3, 4+1:1:1:0:1, 3+3:0:0:0:0, 4+3:0:0:0:0, 4+1:0:0:0:0, 2+4:0:0:0:0, 3+3:1:0:0:0, 3+1:0:0:0:0, 2+0:0:0:0:0, 5+4:0:0:0:1, 3+2:2:0:0:2, 3+1:0:0:0:0, 3+1:1:0:0:0, 4+0:0:0:0:0, 4+2:0:0:0:0, 3+0:0:0:0:0, 3+0:0:0:0:0, 4+2:1:1:0:1, 4+0:0:0:0:0, 3+2:0:1:0:1, 4+1:0:0:0:1, 1+4:0:0:0:0, 4+1:0:0:0:0, 3+2:0:0:0:0, 3+0:0:0:0:0, 5+1:0:0:0:0, 4+2:1:0:0:0, 3+1:0:0:0:0, 2+1:1:0:0:1, 2+2:0:0:0:0, 4+1:0:0:0:1, 4+0:0:0:0:0, 4+1:0:0:0:1, 3+0:0:0:0:0, 4+1:0:0:0:0, 5+2:0:1:0:1, 4+1:0:0:0:1, 5+1:0:0:0:0, 4+1:0:0:0:0, 3+2:0:0:0:0, 2+0:0:0:0:0, 5+1:0:0:0:0, 5+1:0:0:0:0, 3+1:0:0:0:0, 3+0:0:0:0:0, 2+2:2:1:0:2, 4+2:0:0:0:0, 3+2:0:0:0:0, 3+2:0:0:0:0, 5+1:0:0:0:0, 4+2:1:0:0:1, 5+2:0:1:0:1, 4+1:0:0:0:1, 1+4:0:0:0:0, 2+3:0:0:0:0, 3+1:0:0:0:0, 3+1:1:1:0:1, 4+2:2:0:0:2, 3+0:0:0:0:0, 3+4:1:0:0:1, 2+1:1:0:0:1, 2+1:0:0:0:0, 4+3:0:0:0:0, 2+1:0:0:0:0, 5+1:0:0:0:0, 3+0:0:0:0:0, 4+1:0:0:0:0, 4+3:2:0:0:2, 4+1:0:0:0:0, 5+1:0:0:0:0, 4+1:0:0:0:0, 3+1:1:1:0:1, 3+0:0:0:0:0, 4+0:0:0:0:0, 5+1:0:0:0:0, 3+1:0:0:0:0, 4+0:0:0:0:0, 4+1:0:0:0:0, 4+2:0:0:0:0, 3+3:1:0:0:1, 3+0:0:0:0:0, 5+1:0:1:0:1, 4+2:0:0:0:0, 6+2:0:0:0:0, 4+1:0:0:0:1, 2+2:0:0:0:0, 3+3:1:0:0:0, 4+1:0:0:0:0, 3+1:0:0:0:0, 4+1:0:0:0:0, 2+0:0:0:0:0, 3+1:0:0:0:0, 2+1:1:0:0:1, 3+0:0:0:0:0, 4+3:0:0:0:0, 2+1:0:0:0:0, 2+0:0:0:0:0, 2+0:0:0:0:0, 4+1:0:0:0:0, 5+2:0:1:0:1, 4+1:0:0:0:1, 2+4:0:0:0:0, 4+1:0:0:0:0, 2+1:0:0:0:0, 4+0:0:0:0:0, 4+0:0:0:0:0, 6+1:0:0:0:0, 4+3:0:0:0:0, 3+1:1:0:0:1, 3+0:0:0:0:0, 2+1:1:0:0:1, 3+2:0:0:0:0, 3+2:0:0:0:0, 4+2:0:0:0:0, 3+0:0:0:0:0, 3+3:2:1:0:3, 4+2:0:0:0:0, 1+4:0:0:0:0, 3+1:0:0:0:0, 2+1:0:0:0:0, 3+2:2:2:0:2, 2+0:0:0:0:0, 6+4:1:0:0:2, 3+1:0:0:0:0, 2+1:1:0:0:1, 2+1:0:0:0:0, 4+3:0:0:0:0, 4+1:0:0:0:1, 2+2:2:0:0:2, 4+2:0:0:0:0, 3+1:0:0:0:0, 4+3:0:0:0:0, 4+1:0:0:0:0, 2+4:0:0:0:0, 4+4:1:0:0:0, 4+1:0:0:0:0, 3+0:0:0:0:0, 4+0:0:0:0:0, 5+1:0:0:0:0, 3+1:0:0:0:0, 4+0:0:0:0:0, 4+0:0:0:0:0, 2+0:0:0:0:0, 3+1:1:1:0:1, 4+1:0:0:0:0, 5+1:0:0:0:0, 3+0:0:0:0:0, 3+3:2:1:0:3, 4+1:0:0:0:0, 2+1:0:0:0:0, 3+1:0:0:0:0, 2+1:0:0:0:0, 4+1:1:1:0:1, 2+0:0:0:0:0, 6+3:0:0:0:2, 3+1:0:0:0:0, 2+1:1:0:0:1, 2+1:0:0:0:0, 4+3:0:0:0:0, 3+3:0:0:0:0, 3+5:3:2:0:3, 4+2:0:0:0:0, 3+1:0:0:0:0, 3+0:0:0:0:0, 4+1:0:0:0:1, 2+4:0:0:0:0, 3+2:0:0:0:1, 3+1:0:0:0:0, 3+0:0:0:0:0, 4+2:0:0:0:0, 3+2:2:0:0:2, 3+1:0:0:0:0, 3+0:0:0:0:0, 4+0:0:0:0:0, 2+0:0:0:0:0, 3+1:1:1:0:1, 4+1:0:0:0:0, 4+2:1:0:0:0, 2+0:0:0:0:0, 4+2:0:0:0:0, 2+0:0:0:0:0, 1+0:0:0:0:0, 2+0:0:0:0:0, 2+2:2:1:0:2, 2+0:0:0:0:0, 3+4:1:0:0:0, 3+2:2:0:0:2, 3+1:0:0:0:0, 2+1:1:0:0:1, 2+3:3:0:0:0, 4+4:0:0:0:0, 3+3:1:0:0:1, 3+3:0:0:0:0, 4+0:0:0:0:0, 4+1:0:0:0:0, 5+2:0:1:0:1, 4+1:0:0:0:1, 2+4:0:0:0:0, 4+1:0:0:0:0, 2+1:0:0:0:0, 3+0:0:0:0:0, 5+1:0:0:0:0, 5+1:0:0:0:0, 3+1:0:0:0:0, 3+0:0:0:0:0, 4+0:0:0:0:0, 4+2:0:0:0:0, 3+2:0:0:0:0, 4+1:0:0:0:0, 4+0:0:0:0:0, 4+1:1:0:0:1, 4+3:1:0:0:0, 2+0:0:0:0:0, 1+0:0:0:0:0, 4+0:0:0:0:0, 3+1:1:0:0:1, 2+0:0:0:0:0, 0+0:0:0:0:0, 0+0:0:0:0:0, 0+0:0:0:0:0, 0+0:0:0:0:0, 0+0:0:0:0:0, 0+0:0:0:0:0, 975+415:82:28:0:104
Cb major (7b), 1+0:0:0:0:0, 1+0:0:0:0:0, 2+1:0:0:0:0, 3+0:0:0:0:0, 2+0:0:0:0:0, 1+0:0:0:0:0, 4+1:1:0:0:1, 2+0:0:0:0:0, 3+1:0:0:0:0, 1+1:0:1:0:0, 1+1:0:0:0:0, 2+1:0:0:0:0, 2+2:0:0:0:0, 2+0:0:0:0:0, 2+0:0:0:0:0, 2+0:0:0:0:0, 1+2:0:0:0:0, 0+0:0:0:0:0, 1+1:0:0:0:1, 3+1:0:0:0:0, 3+0:0:0:0:0, 3+1:0:0:0:0, 3+0:0:0:0:0, 2+0:0:0:0:0, 3+1:0:0:0:0, 1+0:0:0:0:0, 1+1:0:0:0:0, 1+1:0:0:0:0, 5+1:0:0:0:0, 1+0:0:0:0:0, 2+0:0:0:0:0, 2+0:0:0:0:0, 2+2:0:0:0:0, 3+1:0:0:0:0, 1+1:0:0:0:0, 3+1:0:0:0:0, 2+0:0:0:0:0, 1+0:0:0:0:0, 5+1:0:0:0:0, 2+0:0:0:0:0, 2+0:0:0:0:0, 2+0:0:0:0:0, 1+1:0:0:0:0, 2+0:0:0:0:0, 2+0:0:0:0:0, 2+1:0:1:0:1, 5+0:0:0:0:0, 4+2:0:0:0:0, 2+1:0:1:0:1, 3+1:0:0:0:0, 2+1:0:1:0:1, 3+1:0:0:0:0, 1+0:0:0:0:0, 2+1:0:0:0:0, 3+1:0:1:0:0, 4+1:1:0:0:1, 0+0:0:0:0:0, 2+1:0:0:0:0, 3+2:0:0:0:0, 1+1:0:0:0:0, 6+1:0:0:0:0, 0+0:0:0:0:0, 4+2:0:0:0:1, 2+1:0:0:0:1, 2+1:0:0:0:1, 1+1:0:0:0:1, 2+1:0:0:0:1, 3+1:0:0:0:0, 3+0:0:0:0:0, 2+1:0:1:0:1, 3+1:0:0:0:1, 1+0:0:0:0:0, 2+1:0:0:0:0, 2+2:0:1:0:1, 1+1:0:0:0:0, 0+0:0:0:0:0, 3+1:1:0:0:1, 2+1:0:1:0:1, 4+1:0:1:0:1, 2+1:0:0:0:0, 3+0:0:0:0:0, 2+2:0:0:0:0, 2+0:0:0:0:0, 3+1:0:0:0:0, 3+0:0:0:0:0, 3+1:0:0:0:0, 4+1:0:0:0:0, 1+0:0:0:0:0, 3+1:0:0:0:0, 1+0:0:0:0:0, 1+1:0:0:0:0, 1+1:0:0:0:1, 6+2:0:0:0:0, 1+2:0:0:0:0, 2+0:0:0:0:0, 2+2:0:0:0:2, 1+1:0:0:0:1, 2+1:0:0:0:0, 1+1:0:0:0:0, 3+1:0:0:0:0, 2+0:0:0:0:0, 3+0:0:0:0:0, 2+1:0:0:0:0, 2+0:0:0:0:0, 3+1:0:0:0:0, 1+1:0:0:0:0, 1+1:0:0:0:0, 2+1:0:0:0:0, 3+2:0:0:0:0, 3+1:0:1:0:1, 4+1:0:1:0:1, 2+0:0:0:0:0, 2+0:0:0:0:0, 2+1:0:0:0:0, 2+1:0:1:0:1, 3+1:0:0:0:0, 3+1:0:1:0:1, 3+0:0:0:0:0, 2+0:0:0:0:0, 1+0:0:0:0:0, 3+1:0:0:0:0, 2+0:0:0:0:0, 1+1:0:0:0:0, 1+1:0:0:0:0, 3+2:0:0:0:0, 1+0:0:0:0:0, 2+0:0:0:0:0, 2+0:0:0:0:0, 3+1:0:0:0:0, 2+1:0:0:0:0, 2+1:0:1:0:1, 3+1:0:0:0:0, 2+0:0:0:0:0, 1+0:0:0:0:0, 4+1:1:0:0:1, 2+1:0:0:0:0, 3+1:0:0:0:0, 1+0:0:0:0:0, 3+2:0:0:0:0, 2+1:0:0:0:0, 2+1:0:0:0:0, 4+0:0:0:0:0, 2+3:0:0:0:0, 4+1:0:0:0:0, 1+0:0:0:0:0, 2+1:0:0:0:1, 1+1:0:0:0:0, 3+1:0:0:0:0, 3+1:0:1:0:1, 3+0:0:0:0:0, 3+1:0:0:0:0, 1+2:0:0:0:0, 2+1:0:0:0:0, 2+0:0:0:0:0, 1+1:0:0:0:0, 2+1:0:0:0:0, 2+1:0:1:0:1, 1+0:0:0:0:0, 4+1:0:0:0:1, 2+2:0:0:0:2, 2+2:0:0:0:1, 2+2:0:0:0:0, 3+1:0:1:0:1, 3+1:0:0:0:0, 3+0:0:0:0:0, 3+1:0:0:0:0, 5+1:0:0:0:0, 2+0:0:0:0:0, 1+1:0:0:0:0, 0+0:0:0:0:0, 1+1:0:0:0:0, 2+1:0:0:0:0, 3+0:0:0:0:0, 4+0:0:0:0:0, 2+1:0:0:0:1, 2+0:0:0:0:0, 1+0:0:0:0:0, 2+1:0:0:0:0, 2+1:0:1:0:1, 3+1:0:0:0:0, 3+0:0:0:0:0, 3+0:0:0:0:0, 2+0:0:0:0:0, 2+1:0:1:0:1, 2+0:0:0:0:0, 3+0:0:0:0:0, 1+0:0:0:0:0, 2+1:0:0:0:0, 2+2:0:0:0:0, 0+0:0:0:0:0, 2+0:0:0:0:0, 2+0:0:0:0:0, 2+1:0:0:0:0, 2+0:0:0:0:0, 1+1:0:0:0:0, 3+2:0:0:0:0, 2+1:1:0:0:1, 2+1:0:0:0:0, 3+1:0:0:0:1, 3+1:1:0:0:1, 1+0:0:0:0:0, 4+3:0:1:0:1, 1+1:0:0:0:0, 2+1:0:0:0:0, 3+1:1:0:0:1, 4+0:0:0:0:0, 4+1:0:0:0:0, 1+0:0:0:0:0, 2+1:0:0:0:0, 2+0:0:0:0:0, 2+0:0:0:0:0, 3+1:0:0:0:0, 3+0:0:0:0:0, 4+1:0:0:0:0, 5+1:0:0:0:0, 2+1:0:0:0:0, 2+0:0:0:0:0, 2+0:0:0:0:0, 1+1:0:0:0:0, 2+1:0:0:0:0, 3+2:0:0:0:0, 0+0:0:0:0:0, 4+1:0:0:0:0, 3+0:0:0:0:0, 3+0:0:0:0:0, 2+0:0:0:0:0, 1+1:0:0:0:0, 3+1:0:0:0:0, 3+1:1:0:0:1, 2+1:0:0:0:0, 3+1:0:0:0:1, 4+1:1:0:0:1, 1+0:0:0:0:0, 2+1:0:0:0:1, 1+1:0:0:0:0, 2+1:0:0:0:0, 3+1:1:0:0:1, 4+0:0:0:0:0, 3+2:0:0:0:0, 2+1:0:0:0:0, 2+1:0:0:0:0, 2+0:0:0:0:0, 1+0:0:0:0:0, 3+1:0:0:0:0, 3+0:0:0:0:0, 6+2:0:0:0:0, 4+0:0:0:0:0, 2+0:0:0:0:0, 2+0:0:0:0:0, 1+0:0:0:0:0, 1+1:0:0:0:0, 1+1:0:0:0:0, 3+2:0:0:0:0, 0+0:0:0:0:0, 4+1:0:0:0:0, 3+1:0:0:0:1, 2+1:0:0:0:1, 1+0:0:0:0:0, 1+1:0:0:0:0, 1+0:0:0:0:0, 2+0:0:0:0:0, 2+0:0:0:0:0, 3+1:0:0:0:0, 1+0:0:0:0:0, 2+1:0:0:0:0, 1+0:0:0:0:0, 1+1:0:0:0:0, 2+1:0:0:0:0, 2+3:0:0:0:0, 3+0:0:0:0:0, 3+1:0:1:0:0, 2+0:0:0:0:0, 3+0:0:0:0:0, 2+1:0:0:0:0, 2+1:0:1:0:1, 3+1:0:0:0:0, 3+0:0:0:0:0, 3+0:0:0:0:0, 3+1:0:0:0:1, 2+0:0:0:0:0, 3+1:0:0:0:0, 2+0:0:0:0:0, 1+1:0:0:0:0, 1+1:0:0:0:0, 3+2:0:0:0:0, 1+0:0:0:0:0, 2+0:0:0:0:0, 3+1:0:0:0:0, 2+1:0:1:0:1, 3+2:0:0:0:0, 4+1:1:0:0:1, 1+0:0:0:0:0, 0+0:0:0:0:0, 2+0:0:0:0:0, 2+0:0:0:0:0, 1+0:0:0:0:0, 0+0:0:0:0:0, 0+0:0:0:0:0, 0+0:0:0:0:0, 0+0:0:0:0:0, 0+0:0:0:0:0, 0+0:0:0:0:0, 658+212:11:23:0:54
C# major (7#), 2+0:0:0:0:0, 2+0:0:0:0:0, 5+2:0:0:0:0, 3+0:0:0:0:0, 2+0:0:0:0:0, 2+0:0:0:0:0, 3+1:1:0:0:1, 4+2:0:0:0:0, 5+1:0:0:0:0, 5+1:0:0:0:0, 3+1:0:0:0:0, 2+1:1:0:0:1, 1+1:1:1:0:1, 4+0:0:0:0:0, 3+4:0:0:0:0, 2+4:0:0:0:0, 3+0:0:0:0:0, 2+3:2:1:0:2, 4+1:0:0:0:0, 4+1:0:0:0:1, 3+4:0:0:0:0, 3+3:1:0:0:0, 3+1:0:0:0:0, 3+1:0:0:0:0, 5+1:0:0:0:0, 3+2:2:0:0:2, 3+1:0:0:0:0, 3+0:0:0:0:0, 5+0:0:0:0:0, 4+2:0:0:0:0, 3+0:0:0:0:0, 4+2:0:0:0:0, 4+2:1:0:0:0, 5+1:0:0:0:0, 4+2:0:1:0:1, 4+1:0:0:0:1, 2+4:0:0:0:0, 2+3:0:0:0:0, 5+2:1:0:0:0, 3+0:0:0:0:0, 4+0:0:0:0:0, 5+1:0:0:0:0, 3+1:0:0:0:0, 3+0:0:0:0:0, 2+0:0:0:0:0, 4+1:0:0:0:0, 5+1:0:0:0:0, 5+1:0:0:0:0, 4+1:1:0:0:1, 6+1:0:0:0:0, 5+2:0:1:0:1, 4+1:0:0:0:1, 1+0:0:0:0:0, 3+2:0:0:0:0, 3+2:0:0:0:1, 4+1:1:1:0:1, 2+0:0:0:0:0, 3+1:1:0:0:1, 3+4:1:0:0:1, 3+0:0:0:0:0, 5+1:1:1:0:1, 2+2:2:0:0:2, 3+1:0:0:0:1, 4+2:0:0:0:0, 4+2:1:0:0:0, 3+3:0:0:0:1, 4+3:0:0:0:3, 4+1:0:0:0:0, 3+0:0:0:0:0, 5+1:0:0:0:0, 5+1:0:0:0:1, 2+0:0:0:0:0, 4+0:0:0:0:0, 6+2:0:0:0:0, 3+1:0:0:0:0, 1+2:2:0:0:2, 2+1:0:0:0:0, 4+1:0:0:0:0, 5+1:0:0:0:0, 3+5:3:2:0:3, 4+1:1:1:0:1, 3+3:0:0:0:0, 4+0:0:0:0:0, 4+1:0:0:0:1, 3+4:0:0:0:0, 3+3:1:0:0:0, 4+1:0:0:0:0, 2+0:0:0:0:0, 5+1:0:0:0:0, 3+2:2:0:0:2, 3+1:0:0:0:0, 3+1:1:0:0:0, 5+0:0:0:0:0, 4+2:0:0:0:0, 3+0:0:0:0:0, 3+0:0:0:0:0, 4+2:1:1:0:1, 4+0:0:0:0:0, 3+2:0:1:0:1, 4+1:0:0:0:0, 2+0:0:0:0:0, 4+1:0:0:0:0, 3+2:0:0:0:0, 2+2:2:2:0:2, 5+1:0:0:0:0, 4+2:1:0:0:0, 3+1:0:0:0:0, 2+1:1:0:0:0, 2+0:0:0:0:0, 5+1:0:0:0:0, 5+0:0:0:0:0, 4+1:0:0:0:1, 3+0:0:0:0:0, 4+1:0:0:0:0, 5+2:0:1:0:1, 4+1:0:0:0:1, 5+1:0:0:0:0, 4+1:0:0:0:0, 3+2:0:0:0:0, 1+2:2:2:0:2, 5+1:0:0:0:0, 5+1:0:0:0:0, 3+1:0:0:0:0, 3+0:0:0:0:0, 2+2:2:1:0:2, 4+2:0:0:0:0, 3+0:0:0:0:0, 4+2:0:0:0:0, 5+1:0:0:0:0, 4+2:1:0:0:1, 5+2:0:1:0:1, 4+1:0:0:0:1, 2+4:0:0:0:0, 2+3:0:0:0:0, 3+1:0:0:0:0, 3+1:1:1:0:1, 4+2:2:0:0:2, 3+0:0:0:0:0, 3+4:1:0:0:1, 2+1:1:0:0:0, 2+0:0:0:0:0, 4+3:0:0:0:0, 2+1:0:0:0:0, 5+1:0:0:0:0, 2+0:0:0:0:0, 4+1:0:0:0:0, 4+3:2:0:0:2, 4+1:0:0:0:0, 5+1:0:0:0:0, 4+1:0:0:0:0, 3+1:1:1:0:1, 3+0:0:0:0:0, 4+0:0:0:0:0, 5+1:0:0:0:0, 3+1:0:0:0:0, 4+0:0:0:0:0, 4+1:0:0:0:0, 4+2:0:0:0:0, 5+2:0:0:0:0, 3+0:0:0:0:0, 5+1:0:1:0:1, 4+2:0:0:0:0, 6+2:0:0:0:0, 4+1:0:0:0:0, 3+1:0:0:0:0, 3+1:1:0:0:1, 5+0:0:0:0:0, 2+2:2:2:0:2, 5+1:0:0:0:0, 2+0:0:0:0:0, 3+1:0:0:0:0, 2+1:1:0:0:0, 3+1:0:0:0:0, 4+3:0:0:0:0, 3+3:0:0:0:0, 2+0:0:0:0:0, 2+0:0:0:0:0, 4+1:0:0:0:0, 5+2:0:1:0:1, 4+1:0:0:0:0, 3+0:0:0:0:0, 4+1:0:0:0:0, 3+0:0:0:0:0, 4+0:0:0:0:0, 4+0:0:0:0:0, 6+1:0:0:0:0, 4+3:0:0:0:0, 3+1:1:0:0:1, 3+0:0:0:0:0, 2+1:1:0:0:1, 3+0:0:0:0:0, 4+2:0:0:0:0, 4+0:0:0:0:0, 3+0:0:0:0:0, 4+1:0:1:0:1, 3+3:0:1:0:1, 1+4:0:0:0:0, 3+1:0:0:0:0, 3+0:0:0:0:0, 4+1:1:0:0:0, 2+0:0:0:0:0, 6+4:1:0:0:2, 3+1:0:0:0:0, 2+1:1:0:0:0, 2+0:0:0:0:0, 4+2:0:0:0:0, 5+3:0:0:0:0, 3+5:1:0:0:0, 4+2:0:0:0:0, 3+1:0:0:0:0, 4+0:0:0:0:0, 4+1:0:0:0:1, 3+4:0:0:0:0, 4+4:1:0:0:0, 5+1:0:0:0:0, 3+0:0:0:0:0, 4+0:0:0:0:0, 5+1:0:0:0:0, 3+1:0:0:0:0, 4+0:0:0:0:0, 4+0:0:0:0:0, 2+0:0:0:0:0, 3+1:1:1:0:1, 3+1:1:1:0:1, 5+1:0:0:0:0, 3+0:0:0:0:0, 4+1:0:1:0:1, 4+1:0:0:0:0, 2+1:0:0:0:0, 3+1:0:0:0:0, 3+0:0:0:0:0, 5+1:1:0:0:0, 2+0:0:0:0:0, 6+3:0:0:0:2, 3+1:0:0:0:0, 2+1:1:0:0:0, 2+0:0:0:0:0, 4+2:0:0:0:0, 4+3:0:0:0:0, 3+5:3:2:0:3, 4+2:0:0:0:0, 3+1:0:0:0:0, 3+0:0:0:0:0, 4+1:0:0:0:0, 3+0:0:0:0:0, 4+2:0:0:0:1, 4+1:0:0:0:0, 3+0:0:0:0:0, 4+0:0:0:0:0, 3+2:2:0:0:2, 3+1:0:0:0:0, 3+0:0:0:0:0, 4+0:0:0:0:0, 2+0:0:0:0:0, 3+1:1:1:0:1, 3+1:1:1:0:1, 4+2:1:0:0:0, 2+0:0:0:0:0, 4+2:0:0:0:0, 1+0:0:0:0:0, 2+0:0:0:0:0, 2+2:0:0:0:0, 2+2:2:1:0:2, 1+2:2:2:0:2, 3+1:1:0:0:1, 3+2:2:0:0:2, 3+1:0:0:0:0, 2+1:1:0:0:0, 1+1:0:1:0:1, 4+4:0:0:0:0, 3+3:2:2:0:3, 3+3:0:0:0:0, 4+3:0:0:0:0, 4+1:0:0:0:0, 5+2:0:1:0:1, 4+1:0:0:0:0, 3+0:0:0:0:0, 4+1:0:0:0:0, 3+1:0:0:0:0, 3+0:0:0:0:0, 5+1:0:0:0:0, 5+1:0:0:0:0, 3+1:0:0:0:0, 3+0:0:0:0:0, 4+0:0:0:0:0, 4+2:0:0:0:0, 3+0:0:0:0:0, 4+1:0:0:0:0, 4+0:0:0:0:0, 5+0:0:0:0:0, 3+1:1:1:0:1, 2+2:0:0:0:0, 1+0:0:0:0:0, 4+0:0:0:0:0, 4+0:0:0:0:0, 2+0:0:0:0:0, 0+0:0:0:0:0, 0+0:0:0:0:0, 0+0:0:0:0:0, 0+0:0:0:0:0, 0+0:0:0:0:0, 0+0:0:0:0:0, 1018+356:80:41:0:94
Ab minor (7b), 1+0:0:0:0:0, 1+0:0:0:0:0, 2+1:0:0:0:0, 3+0:0:0:0:0, 2+0:0:0:0:0, 1+0:0:0:0:0, 4+1:1:0:0:1, 2+0:0:0:0:0, 3+1:0:0:0:0, 1+1:0:1:0:0, 1+1:0:0:0:0, 2+1:0:0:0:0, 2+2:0:0:0:0, 2+0:0:0:0:0, 2+0:0:0:0:0, 2+0:0:0:0:0, 1+2:0:0:0:0, 0+1:0:0:0:0, 1+1:0:0:0:0, 3+1:0:0:0:0, 3+0:0:0:0:0, 3+1:0:0:0:0, 3+0:0:0:0:0, 2+0:0:0:0:0, 3+1:0:0:0:0, 1+0:0:0:0:0, 1+1:0:0:0:0, 1+1:0:0:0:0, 5+1:0:0:0:0, 1+0:0:0:0:0, 2+0:0:0:0:0, 2+0:0:0:0:0, 2+2:0:0:0:0, 3+1:0:0:0:0, 1+1:0:0:0:0, 3+1:0:0:0:0, 2+0:0:0:0:0, 1+0:0:0:0:0, 5+1:0:0:0:0, 2+0:0:0:0:0, 2+0:0:0:0:0, 2+0:0:0:0:0, 1+1:0:0:0:0, 2+0:0:0:0:0, 2+0:0:0:0:0, 2+1:0:1:0:1, 5+0:0:0:0:0, 4+2:0:0:0:0, 2+1:0:1:0:1, 3+1:0:0:0:0, 2+1:0:1:0:1, 3+1:0:0:0:0, 1+0:0:0:0:0, 2+1:0:0:0:0, 3+1:0:1:0:0, 4+1:1:0:0:1, 0+0:0:0:0:0, 2+1:0:0:0:0, 3+2:0:0:0:0, 1+1:0:0:0:0, 6+3:0:0:0:0, 0+0:0:0:0:0, 4+2:0:0:0:1, 2+0:0:0:0:0, 2+2:0:0:0:0, 1+0:0:0:0:0, 2+0:0:0:0:0, 3+1:0:0:0:0, 3+0:0:0:0:0, 2+1:0:1:0:1, 3+1:0:0:0:1, 1+0:0:0:0:0, 2+1:0:0:0:0, 2+2:0:1:0:1, 1+1:0:0:0:0, 0+0:0:0:0:0, 3+1:1:0:0:1, 2+1:0:1:0:1, 5+0:0:0:0:0, 2+1:0:0:0:0, 3+1:0:0:0:0, 2+2:0:0:0:2, 2+0:0:0:0:0, 3+1:0:0:0:0, 3+0:0:0:0:0, 3+1:0:0:0:0, 4+1:0:0:0:0, 1+0:0:0:0:0, 3+1:0:0:0:0, 1+0:0:0:0:0, 1+1:0:0:0:0, 1+1:0:0:0:1, 6+2:0:0:0:0, 1+2:0:0:0:0, 2+0:0:0:0:0, 2+2:0:0:0:2, 1+1:0:0:0:1, 2+1:0:0:0:0, 1+1:0:0:0:0, 3+1:0:0:0:0, 2+0:0:0:0:0, 3+0:0:0:0:0, 2+1:0:0:0:0, 2+0:0:0:0:0, 3+1:0:0:0:0, 1+1:0:0:0:0, 1+1:0:0:0:0, 2+1:0:0:0:0, 3+2:0:0:0:0, 3+1:0:1:0:1, 4+1:0:1:0:1, 2+0:0:0:0:0, 2+0:0:0:0:0, 2+1:0:0:0:0, 2+1:0:1:0:1, 3+1:0:0:0:0, 3+1:0:1:0:1, 3+0:0:0:0:0, 2+1:0:0:0:0, 1+0:0:0:0:0, 3+1:0:0:0:0, 2+0:0:0:0:0, 1+1:0:0:0:0, 1+1:0:0:0:0, 3+2:0:0:0:0, 1+0:0:0:0:0, 2+0:0:0:0:0, 2+0:0:0:0:0, 3+1:0:0:0:0, 2+1:0:0:0:0, 2+1:0:1:0:1, 3+1:0:0:0:0, 2+0:0:0:0:0, 1+0:0:0:0:0, 4+1:1:0:0:1, 2+1:0:0:0:0, 3+1:0:0:0:0, 1+0:0:0:0:0, 3+2:0:0:0:0, 2+1:0:0:0:0, 2+1:0:0:0:0, 4+0:0:0:0:0, 2+3:0:0:0:0, 4+1:0:0:0:1, 1+0:0:0:0:0, 2+1:0:0:0:1, 1+1:0:0:0:0, 3+1:0:0:0:0, 3+1:0:1:0:1, 3+0:0:0:0:0, 3+1:0:0:0:0, 1+2:0:0:0:0, 2+1:0:0:0:0, 2+0:0:0:0:0, 1+1:0:0:0:0, 2+1:0:0:0:0, 2+1:0:1:0:1, 1+0:0:0:0:0, 4+1:0:0:0:1, 2+2:0:0:0:2, 2+2:0:0:0:1, 2+2:0:0:0:0, 3+1:0:1:0:1, 3+1:0:0:0:0, 3+0:0:0:0:0, 3+1:0:0:0:0, 5+1:0:0:0:0, 2+0:0:0:0:0, 1+1:0:0:0:0, 0+0:0:0:0:0, 1+1:0:0:0:0, 2+1:0:0:0:0, 3+0:0:0:0:0, 4+0:0:0:0:0, 2+1:0:0:0:1, 2+0:0:0:0:0, 1+0:0:0:0:0, 2+1:0:0:0:0, 2+1:0:1:0:1, 3+1:0:0:0:0, 3+0:0:0:0:0, 3+0:0:0:0:0, 2+0:0:0:0:0, 2+1:0:1:0:1, 2+1:0:0:0:0, 3+0:0:0:0:0, 1+0:0:0:0:0, 2+1:0:0:0:0, 2+2:0:0:0:0, 0+0:0:0:0:0, 2+0:0:0:0:0, 2+0:0:0:0:0, 2+1:0:0:0:0, 2+0:0:0:0:0, 1+1:0:1:0:0, 3+2:0:0:0:0, 2+1:1:0:0:1, 2+1:0:0:0:0, 3+1:0:0:0:1, 3+1:1:0:0:1, 1+0:0:0:0:0, 4+3:0:1:0:1, 1+1:0:0:0:0, 2+1:0:0:0:0, 3+1:1:0:0:1, 4+0:0:0:0:0, 4+1:0:0:0:0, 1+0:0:0:0:0, 2+1:0:0:0:0, 2+0:0:0:0:0, 2+0:0:0:0:0, 3+1:0:0:0:0, 3+0:0:0:0:0, 4+1:0:0:0:0, 5+1:0:0:0:0, 2+1:0:0:0:1, 2+1:0:0:0:0, 2+0:0:0:0:0, 1+1:0:0:0:0, 2+1:0:0:0:0, 3+2:0:0:0:0, 0+0:0:0:0:0, 4+1:0:0:0:0, 3+1:0:0:0:1, 3+1:0:0:0:0, 2+0:0:0:0:0, 1+1:0:1:0:0, 3+1:0:0:0:0, 3+1:1:0:0:1, 2+1:0:0:0:0, 3+1:0:0:0:1, 4+1:1:0:0:1, 1+0:0:0:0:0, 2+1:0:0:0:1, 1+1:0:0:0:0, 2+1:0:0:0:0, 3+1:1:0:0:1, 4+0:0:0:0:0, 3+2:0:0:0:2, 2+1:0:0:0:0, 2+1:0:0:0:0, 2+0:0:0:0:0, 1+0:0:0:0:0, 3+1:0:0:0:0, 3+0:0:0:0:0, 6+2:0:0:0:0, 4+0:0:0:0:0, 2+0:0:0:0:0, 2+1:0:0:0:0, 1+0:0:0:0:0, 1+1:0:0:0:0, 1+1:0:0:0:0, 3+2:0:0:0:0, 0+0:0:0:0:0, 4+1:0:0:0:0, 3+1:0:0:0:1, 2+1:0:0:0:1, 1+0:0:0:0:0, 1+1:0:0:0:0, 1+0:0:0:0:0, 2+0:0:0:0:0, 2+0:0:0:0:0, 3+1:0:0:0:0, 1+0:0:0:0:0, 2+1:0:0:0:0, 1+0:0:0:0:0, 1+1:0:0:0:0, 2+1:0:0:0:0, 2+3:0:0:0:0, 3+0:0:0:0:0, 3+1:0:1:0:0, 2+0:0:0:0:0, 3+0:0:0:0:0, 2+1:0:0:0:0, 2+1:0:1:0:1, 3+1:0:0:0:0, 3+0:0:0:0:0, 3+0:0:0:0:0, 3+1:0:0:0:1, 2+0:0:0:0:0, 3+1:0:0:0:0, 2+0:0:0:0:0, 1+1:0:0:0:0, 1+1:0:0:0:0, 3+2:0:0:0:0, 1+0:0:0:0:0, 2+0:0:0:0:0, 3+1:0:0:0:0, 2+1:0:1:0:1, 3+2:0:0:0:0, 4+1:1:0:0:1, 1+0:0:0:0:0, 0+0:0:0:0:0, 2+0:0:0:0:0, 2+0:0:0:0:0, 1+0:0:0:0:0, 0+0:0:0:0:0, 0+0:0:0:0:0, 0+0:0:0:0:0, 0+0:0:0:0:0, 0+0:0:0:0:0, 0+0:0:0:0:0, 659+219:11:24:0:55
A# minor (7#), 2+0:0:0:0:0, 2+0:0:0:0:0, 5+2:0:0:0:0, 3+0:0:0:0:0, 2+0:0:0:0:0, 2+0:0:0:0:0, 3+1:1:0:0:1, 4+2:0:0:0:0, 5+1:0:0:0:0, 5+1:0:0:0:0, 3+1:0:0:0:0, 2+1:1:0:0:1, 1+1:1:1:0:1, 4+0:0:0:0:0, 3+4:0:0:0:0, 2+4:0:0:0:0, 3+0:0:0:0:0, 2+3:2:1:0:2, 4+1:0:0:0:0, 4+1:0:0:0:1, 3+4:0:0:0:0, 3+3:1:0:0:0, 3+1:0:0:0:0, 3+1:0:0:0:0, 5+1:0:0:0:0, 3+2:2:0:0:2, 3+1:0:0:0:0, 3+0:0:0:0:0, 5+0:0:0:0:0, 4+2:0:0:0:0, 3+0:0:0:0:0, 4+2:0:0:0:0, 4+2:1:0:0:0, 5+1:0:0:0:0, 4+2:0:1:0:1, 4+1:0:0:0:1, 2+4:0:0:0:0, 2+3:0:0:0:0, 5+2:1:0:0:0, 3+0:0:0:0:0, 4+0:0:0:0:0, 5+1:0:0:0:0, 3+1:0:0:0:0, 3+0:0:0:0:0, 2+0:0:0:0:0, 4+1:0:0:0:0, 5+1:0:0:0:0, 5+1:0:0:0:0, 4+1:1:0:0:1, 6+1:0:0:0:0, 5+2:0:1:0:1, 4+1:0:0:0:1, 1+0:0:0:0:0, 3+2:0:0:0:0, 3+2:0:0:0:1, 4+1:1:1:0:1, 2+0:0:0:0:0, 3+1:1:0:0:1, 3+4:1:0:0:1, 3+0:0:0:0:0, 5+1:1:1:0:1, 2+2:2:0:0:2, 3+1:0:0:0:1, 4+2:0:0:0:0, 4+2:1:0:0:0, 3+3:0:0:0:1, 4+3:0:0:0:3, 4+1:0:0:0:0, 3+0:0:0:0:0, 5+1:0:0:0:0, 5+1:0:0:0:1, 2+0:0:0:0:0, 4+0:0:0:0:0, 6+2:0:0:0:0, 3+1:0:0:0:0, 1+2:2:0:0:2, 2+1:0:0:0:0, 4+1:0:0:0:0, 5+1:0:0:0:0, 3+5:3:2:0:3, 4+1:1:1:0:1, 3+3:0:0:0:0, 4+0:0:0:0:0, 4+1:0:0:0:1, 3+4:0:0:0:0, 3+3:1:0:0:0, 4+1:0:0:0:0, 2+0:0:0:0:0, 5+1:0:0:0:0, 3+2:2:0:0:2, 3+1:0:0:0:0, 3+1:1:0:0:0, 5+0:0:0:0:0, 4+2:0:0:0:0, 3+0:0:0:0:0, 3+0:0:0:0:0, 4+2:1:1:0:1, 4+0:0:0:0:0, 3+2:0:1:0:1, 4+1:0:0:0:0, 2+0:0:0:0:0, 4+1:0:0:0:0, 3+2:0:0:0:0, 2+2:2:2:0:2, 5+1:0:0:0:0, 4+2:1:0:0:0, 3+1:0:0:0:0, 2+1:1:0:0:0, 2+0:0:0:0:0, 5+1:0:0:0:0, 5+0:0:0:0:0, 4+1:0:0:0:1, 3+0:0:0:0:0, 4+1:0:0:0:0, 5+2:0:1:0:1, 4+1:0:0:0:1, 5+1:0:0:0:0, 4+1:0:0:0:0, 3+2:0:0:0:0, 1+2:2:2:0:2, 5+1:0:0:0:0, 5+1:0:0:0:0, 3+1:0:0:0:0, 3+0:0:0:0:0, 2+2:2:1:0:2, 4+2:0:0:0:0, 3+0:0:0:0:0, 4+2:0:0:0:0, 5+1:0:0:0:0, 4+2:1:0:0:1, 5+2:0:1:0:1, 4+1:0:0:0:1, 2+4:0:0:0:0, 2+3:0:0:0:0, 3+1:0:0:0:0, 3+1:1:1:0:1, 4+2:2:0:0:2, 3+0:0:0:0:0, 3+4:1:0:0:1, 2+1:1:0:0:0, 2+0:0:0:0:0, 4+2:0:0:0:0, 3+4:0:0:0:0, 4+2:1:1:0:2, 3+0:0:0:0:0, 4+1:0:0:0:0, 4+3:2:0:0:2, 4+1:0:0:0:0, 5+1:0:0:0:0, 4+1:0:0:0:0, 3+1:1:1:0:1, 3+0:0:0:0:0, 4+0:0:0:0:0, 5+1:0:0:0:0, 3+1:0:0:0:0, 4+0:0:0:0:0, 4+1:0:0:0:0, 4+2:0:0:0:0, 5+2:0:0:0:0, 3+0:0:0:0:0, 5+1:0:1:0:1, 4+2:0:0:0:0, 6+2:0:0:0:0, 4+1:0:0:0:0, 3+1:0:0:0:0, 3+1:1:0:0:1, 5+0:0:0:0:0, 2+2:2:2:0:2, 5+1:0:0:0:0, 2+0:0:0:0:0, 3+1:0:0:0:0, 2+1:1:0:0:0, 3+1:0:0:0:0, 4+3:0:0:0:0, 3+3:0:0:0:0, 2+0:0:0:0:0, 2+0:0:0:0:0, 4+1:0:0:0:0, 5+2:0:1:0:1, 4+1:0:0:0:0, 3+0:0:0:0:0, 4+1:0:0:0:0, 3+0:0:0:0:0, 4+0:0:0:0:0, 4+0:0:0:0:0, 6+1:0:0:0:0, 4+3:0:0:0:0, 3+1:1:0:0:1, 3+0:0:0:0:0, 2+1:1:0:0:1, 3+0:0:0:0:0, 4+2:0:0:0:0, 4+0:0:0:0:0, 3+0:0:0:0:0, 4+1:0:1:0:1, 3+3:0:1:0:1, 1+4:0:0:0:0, 3+1:0:0:0:0, 3+0:0:0:0:0, 4+1:1:0:0:0, 2+0:0:0:0:0, 6+4:1:0:0:2, 3+1:0:0:0:0, 2+1:1:0:0:0, 2+0:0:0:0:0, 4+2:0:0:0:0, 5+3:0:0:0:0, 3+5:1:0:0:0, 4+2:0:0:0:0, 3+1:0:0:0:0, 4+0:0:0:0:0, 4+1:0:0:0:1, 3+4:0:0:0:0, 4+4:1:0:0:0, 5+1:0:0:0:0, 3+0:0:0:0:0, 4+0:0:0:0:0, 5+1:0:0:0:0, 3+1:0:0:0:0, 4+0:0:0:0:0, 4+0:0:0:0:0, 2+0:0:0:0:0, 3+1:1:1:0:1, 3+1:1:1:0:1, 5+1:0:0:0:0, 3+0:0:0:0:0, 4+1:0:1:0:1, 4+1:0:0:0:0, 2+1:0:0:0:0, 3+1:0:0:0:0, 3+0:0:0:0:0, 5+1:1:0:0:0, 2+0:0:0:0:0, 6+3:0:0:0:2, 3+1:0:0:0:0, 2+1:1:0:0:0, 2+0:0:0:0:0, 4+2:0:0:0:0, 4+3:0:0:0:0, 3+5:3:2:0:3, 4+2:0:0:0:0, 3+1:0:0:0:0, 3+0:0:0:0:0, 4+1:0:0:0:0, 3+0:0:0:0:0, 4+2:0:0:0:1, 4+1:0:0:0:0, 3+0:0:0:0:0, 4+0:0:0:0:0, 3+2:2:0:0:2, 3+1:0:0:0:0, 3+0:0:0:0:0, 4+0:0:0:0:0, 2+0:0:0:0:0, 3+1:1:1:0:1, 3+1:1:1:0:1, 4+2:1:0:0:0, 2+0:0:0:0:0, 4+2:0:0:0:0, 2+0:0:0:0:0, 2+0:0:0:0:0, 2+0:0:0:0:0, 2+2:2:1:0:2, 1+2:2:2:0:2, 3+1:1:0:0:1, 3+2:2:0:0:2, 3+1:0:0:0:0, 2+1:1:0:0:0, 1+1:0:1:0:1, 4+4:0:0:0:0, 3+3:2:2:0:3, 3+3:0:0:0:0, 4+3:0:0:0:0, 4+1:0:0:0:0, 5+2:0:1:0:1, 4+1:0:0:0:0, 3+0:0:0:0:0, 4+1:0:0:0:0, 3+1:0:0:0:0, 3+0:0:0:0:0, 5+1:0:0:0:0, 5+1:0:0:0:0, 3+1:0:0:0:0, 3+0:0:0:0:0, 4+0:0:0:0:0, 4+2:0:0:0:0, 3+0:0:0:0:0, 4+1:0:0:0:0, 4+0:0:0:0:0, 5+0:0:0:0:0, 3+1:1:1:0:1, 2+2:0:0:0:0, 1+0:0:0:0:0, 4+0:0:0:0:0, 4+0:0:0:0:0, 2+0:0:0:0:0, 0+0:0:0:0:0, 0+0:0:0:0:0, 0+0:0:0:0:0, 0+0:0:0:0:0, 0+0:0:0:0:0, 0+0:0:0:0:0, 1020+357:81:42:0:96
