 , 0, 1, 2, 3, 4, 5, 6, 7, 8, 9, 10, 11, 12, 13, 14, 15, 16, 17, 18, 19, 20, 21, 22, 23, 24, 25, 26, 27, 28, 29, 30, 31, 32, 33, 34, 35, 36, 37, 38, 39, 40, 41, 42, 43, 44, 45, 46, 47, 48, 49, 50, 51, 52, 53, 54, 55, 56, 57, 58, 59, 60, 61, 62, 63, 64, 65, 66, 67, 68, 69, 70, 71, 72, 73, 74, 75, 76, 77, 78, 79, 80, 81, 82, 83, 84, 85, 86, 87, 88, 89, 90, 91, 92, 93, 94, 95, 96, 97, 98, 99, 100, 101, 102, 103, 104, 105, 106, 107, 108, 109, 110, 111, 112, 113, 114, 115, 116, 117, 118, 119, 120, 121, 122, 123, 124, 125, 126, 127, 128, 129, 130, 131, 132, 133, 134, 135, 136, 137, 138, 139, 140, 141, 142, 143, 144, 145, 146, 147, 148, 149, 150, 151, 152, 153, 154, 155, 156, 157, 158, 159, 160, 161, 162, 163, 164, 165, 166, 167, 168, 169, 170, 171, 172, 173, 174, 175, 176, 177, 178, 179, 180, 181, 182, 183, 184, 185, 186, 187, 188, 189, 190, 191, 192, 193, 194, 195, 196, 197, 198, 199, 200, 201, 202, 203, 204, 205, 206, 207, 208, 209, 210, 211, 212, 213, 214, 215, 216, 217, 218, 219, 220, 221, 222, 223, 224, 225, 226, 227, 228, 229, 230, 231, 232, 233, 234, 235, 236, 237, 238, 239, 240, 241, 242, 243, 244, 245, 246, 247, 248, 249, 250, 251, 252, 253, 254, 255, 256, 257, 258, 259, 260, 261, 262, 263, 264, 265, 266, 267, 268, 269, 270, 271, 272, 273, 274, 275, 276, 277, 278, 279, 280, 281, 282, 283, 284, 285, 286, 287, 288, 289, 290, 291, 292, 293, 294, 295, 296, 297, 298, 299, 300, 301, 302, 303, 304, rowcost
C major (0), 3:0:0:0:0, 1:0:0:0:1, 2:0:0:0:0, 1:0:0:0:0, 1:0:0:0:0, 1:0:0:0:0, 2:0:0:0:0, 0:0:0:0:0, 2:0:0:0:0, 1:0:0:0:1, 2:0:0:0:0, 1:0:0:0:0, 3:0:0:0:0, 1:0:0:0:1, 1:0:0:0:1, 2:0:0:0:1, 1:0:0:0:0, 1:0:0:0:0, 0:0:0:0:0, 4:0:0:0:0, 2:0:0:0:0, 1:0:0:0:0, 1:0:0:0:1, 1:0:0:0:0, 3:0:0:0:0, 2:0:0:0:1, 2:0:0:0:1, 4:0:0:0:0, 2:0:0:0:0, 1:0:0:0:0, 2:0:0:0:0, 2:0:0:0:0, 0:0:0:0:0, 1:0:0:0:0, 2:0:0:0:0, 2:0:0:0:0, 1:0:0:0:0, 3:0:0:0:0, 1:0:0:0:0, 1:0:0:0:0, 3:0:0:0:0, 1:0:0:0:1, 2:0:0:0:0, 1:0:0:0:0, 3:0:0:0:0, 2:0:0:0:1, 3:0:0:0:1, 1:0:0:0:0, 3:0:0:0:1, 2:0:0:0:0, 2:0:0:0:0, 1:0:0:0:0, 3:0:0:0:0, 2:0:0:0:0, 1:0:0:0:0, 2:0:0:0:0, 1:0:0:0:0, 1:0:0:0:0, 1:0:0:0:0, 5:0:0:0:0, 1:0:0:0:0, 2:0:0:0:0, 0:0:0:0:0, 2:0:0:0:0, 2:0:0:0:0, 2:0:0:0:1, 2:0:0:0:0, 1:0:0:0:0, 3:0:0:0:0, 1:0:0:0:1, 1:0:0:0:0, 3:0:0:0:0, 3:0:0:0:0, 2:0:0:0:1, 3:0:0:0:0, 2:0:0:0:0, 3:0:0:0:0, 1:0:0:0:1, 1:0:0:0:1, 1:0:0:0:1, 3:0:0:0:0, 1:0:0:0:0, 2:0:0:0:1, 2:0:0:0:0, 2:0:0:0:0, 1:0:0:0:1, 0:0:0:0:0, 3:0:0:0:1, 1:0:0:0:0, 2:0:0:0:0, 0:0:0:0:0, 3:0:0:0:0, 1:0:0:0:0, 2:0:0:0:0, 1:0:0:0:0, 0:0:0:0:0, 2:0:0:0:0, 0:0:0:0:0, 4:0:0:0:1, 2:0:0:0:0, 2:0:1:0:1, 1:0:0:0:1, 3:0:0:0:0, 1:0:0:0:0, 2:0:0:0:0, 1:0:0:0:0, 2:0:0:0:0, 1:0:0:0:0, 1:0:0:0:0, 1:0:0:0:0, 2:0:0:0:1, 0:0:0:0:0, 3:0:0:0:0, 2:0:0:0:1, 2:0:0:0:0, 1:0:0:0:2, 2:0:0:0:0, 1:0:0:0:1, 1:0:0:0:1, 2:0:0:0:0, 1:0:0:0:1, 1:0:0:0:0, 1:0:0:0:0, 2:0:0:0:0, 1:0:0:0:0, 1:0:0:0:0, 2:0:0:0:1, 3:0:0:0:0, 3:0:0:0:0, 1:0:0:0:1, 2:0:0:0:0, 2:0:0:0:0, 3:0:0:0:0, 1:0:0:0:0, 1:0:0:0:0, 3:0:0:0:1, 3:0:0:0:0, 1:0:0:0:0, 3:0:0:0:0, 2:0:0:0:0, 1:0:0:0:0, 2:0:0:0:0, 3:0:0:0:1, 2:0:0:0:0, 3:0:0:0:0, 1:0:0:0:0, 2:0:0:0:1, 3:0:0:0:0, 2:0:0:0:0, 2:0:0:0:0, 1:0:0:0:1, 2:0:0:0:0, 1:0:0:0:0, 1:0:0:0:0, 1:0:0:0:0, 3:0:0:0:0, 1:0:0:0:1, 1:0:0:0:0, 1:0:0:0:1, 0:0:0:0:0, 3:0:0:0:0, 0:0:0:0:0, 2:0:0:0:0, 1:0:0:0:0, 1:0:0:0:0, 1:0:0:0:1, 1:0:0:0:1, 2:0:0:0:0, 3:0:0:0:0, 1:0:0:0:0, 3:0:0:0:1, 2:0:0:0:0, 3:0:0:0:0, 1:0:0:0:1, 1:0:0:0:0, 0:0:0:0:0, 3:0:0:0:0, 1:0:0:0:1, 2:0:0:0:0, 1:0:0:0:1, 2:0:0:0:0, 1:0:0:0:1, 1:0:0:0:1, 3:0:0:0:0, 1:0:0:0:1, 2:0:0:0:0, 1:0:0:0:0, 3:0:0:0:0, 1:0:0:0:0, 2:0:0:0:0, 1:0:0:0:0, 0:0:0:0:0, 1:0:0:0:0, 0:0:0:0:0, 2:0:0:0:0, 1:0:0:0:0, 2:0:0:0:0, 2:0:0:0:1, 0:0:0:0:0, 2:0:0:0:0, 2:0:0:0:0, 1:0:0:0:0, 2:0:0:0:0, 2:0:0:0:0, 1:0:0:0:0, 1:0:0:0:0, 1:0:0:0:1, 0:0:0:0:0, 3:0:0:0:0, 2:0:0:0:1, 2:0:0:0:0, 2:0:0:0:2, 2:0:0:0:0, 1:0:0:0:1, 1:0:0:0:1, 2:0:0:0:0, 1:0:0:0:1, 1:0:0:0:0, 1:0:0:0:0, 2:0:0:0:0, 1:0:0:0:0, 1:0:0:0:0, 2:0:0:0:1, 1:0:0:0:0, 3:0:0:0:0, 1:0:0:0:1, 2:0:0:0:0, 2:0:0:0:0, 3:0:0:0:0, 1:0:0:0:1, 1:0:0:0:0, 3:0:0:0:1, 3:0:0:0:0, 1:0:0:0:0, 3:0:0:0:0, 3:0:0:0:0, 1:0:0:0:0, 2:0:0:0:0, 3:0:0:0:1, 2:0:0:0:0, 3:0:0:0:0, 1:0:0:0:0, 2:0:0:0:1, 3:0:0:0:0, 2:0:0:0:0, 2:0:0:0:0, 1:0:0:0:1, 2:0:0:0:0, 1:0:0:0:0, 1:0:0:0:0, 1:0:0:0:0, 3:0:0:0:0, 1:0:0:0:1, 1:0:0:0:0, 1:0:0:0:1, 0:0:0:0:0, 3:0:0:0:0, 0:0:0:0:0, 2:0:0:0:0, 2:0:0:0:0, 2:0:0:0:0, 1:0:0:0:1, 1:0:0:0:1, 2:0:0:0:0, 3:0:0:0:0, 1:0:0:0:0, 3:0:0:0:0, 2:0:0:0:0, 3:0:0:0:0, 1:0:0:0:1, 1:0:0:0:0, 0:0:0:0:0, 3:0:0:0:0, 1:0:0:0:1, 3:0:0:0:0, 1:0:0:0:1, 2:0:0:0:0, 1:0:0:0:1, 1:0:0:0:1, 2:0:0:0:0, 1:0:0:0:1, 2:0:0:0:0, 1:0:0:0:0, 4:0:0:0:0, 1:0:0:0:0, 2:0:0:0:0, 2:0:0:0:0, 0:0:0:0:0, 1:0:0:0:0, 0:0:0:0:0, 2:0:0:0:0, 2:0:0:0:0, 2:0:0:0:0, 1:0:0:0:0, 0:0:0:0:0, 1:0:0:0:0, 0:0:0:0:0, 0:0:0:0:0, 1:0:0:0:0, 1:0:0:0:0, 0:0:0:0:0, 3:0:1:0:1, 1:0:0:0:0, 1:0:0:0:0, 1:0:0:0:0, 498:0:2:0:74
A minor (0), 3:0:0:0:0, 1:0:0:0:1, 2:0:0:0:0, 1:0:0:0:0, 1:0:0:0:0, 1:0:0:0:0, 2:0:0:0:0, 0:0:0:0:0, 2:0:0:0:0, 1:0:0:0:1, 2:0:0:0:0, 1:0:0:0:0, 3:0:0:0:0, 1:0:0:0:1, 1:0:0:0:1, 2:0:0:0:1, 1:0:0:0:0, 1:0:0:0:0, 0:0:0:0:0, 4:0:0:0:0, 2:0:0:0:0, 1:0:0:0:0, 1:0:0:0:1, 1:0:0:0:0, 3:0:0:0:0, 2:0:0:0:1, 2:0:0:0:1, 4:0:0:0:0, 2:0:0:0:0, 1:0:0:0:0, 2:0:0:0:0, 2:0:0:0:0, 0:0:0:0:0, 1:0:0:0:0, 2:0:0:0:0, 2:0:0:0:0, 1:0:0:0:0, 3:0:0:0:0, 1:0:0:0:0, 1:0:0:0:0, 3:0:0:0:0, 1:0:0:0:1, 2:0:0:0:0, 1:0:0:0:0, 3:0:0:0:0, 2:0:0:0:1, 3:0:0:0:1, 1:0:0:0:0, 3:0:0:0:1, 2:0:0:0:0, 2:0:0:0:0, 1:0:0:0:0, 3:0:0:0:0, 2:0:0:0:0, 1:0:0:0:0, 2:0:0:0:0, 1:0:0:0:0, 1:0:0:0:0, 1:0:0:0:0, 5:0:0:0:0, 1:0:0:0:0, 2:0:0:0:0, 0:0:0:0:0, 2:0:0:0:0, 2:0:0:0:0, 2:0:0:0:1, 2:0:0:0:0, 1:0:0:0:0, 3:0:0:0:0, 1:0:0:0:1, 1:0:0:0:0, 3:0:0:0:0, 3:0:0:0:0, 2:0:0:0:1, 3:0:0:0:0, 2:0:0:0:0, 3:0:0:0:0, 1:0:0:0:1, 1:0:0:0:1, 1:0:0:0:1, 3:0:0:0:0, 1:0:0:0:0, 2:0:0:0:1, 2:0:0:0:0, 2:0:0:0:0, 1:0:0:0:1, 0:0:0:0:0, 3:0:0:0:1, 1:0:0:0:0, 2:0:0:0:0, 0:0:0:0:0, 3:0:0:0:0, 1:0:0:0:0, 2:0:0:0:0, 1:0:0:0:0, 0:0:0:0:0, 2:0:0:0:0, 0:0:0:0:0, 4:0:0:0:1, 2:0:0:0:0, 2:0:1:0:1, 1:0:0:0:1, 3:0:0:0:0, 1:0:0:0:0, 2:0:0:0:0, 1:0:0:0:0, 2:0:0:0:0, 1:0:0:0:0, 1:0:0:0:0, 1:0:0:0:0, 2:0:0:0:1, 0:0:0:0:0, 3:0:0:0:0, 2:0:0:0:1, 2:0:0:0:0, 1:0:0:0:2, 2:0:0:0:0, 1:0:0:0:1, 1:0:0:0:1, 2:0:0:0:0, 1:0:0:0:1, 1:0:0:0:0, 1:0:0:0:0, 2:0:0:0:0, 1:0:0:0:0, 1:0:0:0:0, 2:0:0:0:1, 3:0:0:0:0, 3:0:0:0:0, 1:0:0:0:1, 2:0:0:0:0, 2:0:0:0:0, 3:0:0:0:0, 1:0:0:0:0, 1:0:0:0:0, 3:0:0:0:1, 3:0:0:0:0, 1:0:0:0:0, 3:0:0:0:0, 2:0:0:0:0, 1:0:0:0:0, 2:0:0:0:0, 3:0:0:0:1, 2:0:0:0:0, 3:0:0:0:0, 1:0:0:0:0, 2:0:0:0:1, 3:0:0:0:0, 2:0:0:0:0, 2:0:0:0:0, 1:0:0:0:1, 2:0:0:0:0, 1:0:0:0:0, 1:0:0:0:0, 1:0:0:0:0, 3:0:0:0:0, 1:0:0:0:1, 1:0:0:0:0, 1:0:0:0:1, 0:0:0:0:0, 3:0:0:0:0, 0:0:0:0:0, 2:0:0:0:0, 1:0:0:0:0, 1:0:0:0:0, 1:0:0:0:1, 1:0:0:0:1, 2:0:0:0:0, 3:0:0:0:0, 1:0:0:0:0, 3:0:0:0:1, 2:0:0:0:0, 3:0:0:0:0, 1:0:0:0:1, 1:0:0:0:0, 0:0:0:0:0, 3:0:0:0:0, 1:0:0:0:1, 2:0:0:0:0, 1:0:0:0:1, 2:0:0:0:0, 1:0:0:0:1, 1:0:0:0:1, 3:0:0:0:0, 1:0:0:0:1, 2:0:0:0:0, 1:0:0:0:0, 3:0:0:0:0, 1:0:0:0:0, 2:0:0:0:0, 1:0:0:0:0, 0:0:0:0:0, 1:0:0:0:0, 0:0:0:0:0, 2:0:0:0:0, 1:0:0:0:0, 2:0:0:0:0, 2:0:0:0:1, 0:0:0:0:0, 2:0:0:0:0, 2:0:0:0:0, 1:0:0:0:0, 2:0:0:0:0, 2:0:0:0:0, 1:0:0:0:0, 1:0:0:0:0, 1:0:0:0:1, 0:0:0:0:0, 3:0:0:0:0, 2:0:0:0:1, 2:0:0:0:0, 2:0:0:0:2, 2:0:0:0:0, 1:0:0:0:1, 1:0:0:0:1, 2:0:0:0:0, 1:0:0:0:1, 1:0:0:0:0, 1:0:0:0:0, 2:0:0:0:0, 1:0:0:0:0, 1:0:0:0:0, 2:0:0:0:1, 1:0:0:0:0, 3:0:0:0:0, 1:0:0:0:1, 2:0:0:0:0, 2:0:0:0:0, 3:0:0:0:0, 1:0:0:0:1, 1:0:0:0:0, 3:0:0:0:1, 3:0:0:0:0, 1:0:0:0:0, 3:0:0:0:0, 3:0:0:0:0, 1:0:0:0:0, 2:0:0:0:0, 3:0:0:0:1, 2:0:0:0:0, 3:0:0:0:0, 1:0:0:0:0, 2:0:0:0:1, 3:0:0:0:0, 2:0:0:0:0, 2:0:0:0:0, 1:0:0:0:1, 2:0:0:0:0, 1:0:0:0:0, 1:0:0:0:0, 1:0:0:0:0, 3:0:0:0:0, 1:0:0:0:1, 1:0:0:0:0, 1:0:0:0:1, 0:0:0:0:0, 3:0:0:0:0, 0:0:0:0:0, 2:0:0:0:0, 2:0:0:0:0, 2:0:0:0:0, 1:0:0:0:1, 1:0:0:0:1, 2:0:0:0:0, 3:0:0:0:0, 1:0:0:0:0, 3:0:0:0:0, 2:0:0:0:0, 3:0:0:0:0, 1:0:0:0:1, 1:0:0:0:0, 0:0:0:0:0, 3:0:0:0:0, 1:0:0:0:1, 3:0:0:0:0, 1:0:0:0:1, 2:0:0:0:0, 1:0:0:0:1, 1:0:0:0:1, 2:0:0:0:0, 1:0:0:0:1, 2:0:0:0:0, 1:0:0:0:0, 4:0:0:0:0, 1:0:0:0:0, 2:0:0:0:0, 2:0:0:0:0, 0:0:0:0:0, 1:0:0:0:0, 0:0:0:0:0, 2:0:0:0:0, 2:0:0:0:0, 2:0:0:0:0, 1:0:0:0:0, 0:0:0:0:0, 1:0:0:0:0, 0:0:0:0:0, 0:0:0:0:0, 1:0:0:0:0, 1:0:0:0:0, 0:0:0:0:0, 3:0:1:0:1, 1:0:0:0:0, 1:0:0:0:0, 1:0:0:0:0, 498:0:2:0:74
A minor mel (0), 3:0:0:0:0, 1:0:0:0:1, 2:0:0:0:0, 1:0:0:0:0, 1:0:0:0:0, 1:0:0:0:0, 2:0:0:0:0, 0:0:0:0:0, 2:0:0:0:0, 1:0:0:0:1, 2:0:0:0:0, 1:0:0:0:0, 3:0:0:0:0, 1:0:0:0:1, 1:0:0:0:1, 2:0:0:0:1, 1:0:0:0:0, 1:0:0:0:0, 0:0:0:0:0, 4:0:0:0:0, 2:0:0:0:0, 1:0:0:0:0, 1:0:0:0:1, 1:0:0:0:0, 3:0:0:0:0, 2:0:0:0:1, 2:0:0:0:1, 4:0:0:0:0, 2:0:0:0:0, 1:0:0:0:0, 2:0:0:0:0, 2:0:0:0:0, 0:0:0:0:0, 1:0:0:0:0, 2:0:0:0:0, 2:0:0:0:0, 1:0:0:0:0, 3:0:0:0:0, 1:0:0:0:0, 1:0:0:0:0, 3:0:0:0:0, 1:0:0:0:1, 2:0:0:0:0, 1:0:0:0:0, 3:0:0:0:0, 2:0:0:0:1, 3:0:0:0:1, 1:0:0:0:0, 3:0:0:0:1, 2:0:0:0:0, 2:0:0:0:0, 1:0:0:0:0, 3:0:0:0:0, 2:0:0:0:0, 1:0:0:0:0, 2:0:0:0:0, 1:0:0:0:0, 1:0:0:0:0, 1:0:0:0:0, 5:0:0:0:0, 1:0:0:0:0, 2:0:0:0:0, 0:0:0:0:0, 2:0:0:0:0, 2:0:0:0:0, 2:0:0:0:1, 2:0:0:0:0, 1:0:0:0:0, 3:0:0:0:0, 1:0:0:0:1, 1:0:0:0:0, 3:0:0:0:0, 3:0:0:0:0, 2:0:0:0:1, 3:0:0:0:0, 2:0:0:0:0, 3:0:0:0:0, 1:0:0:0:1, 1:0:0:0:1, 1:0:0:0:1, 3:0:0:0:0, 1:0:0:0:0, 2:0:0:0:1, 2:0:0:0:0, 2:0:0:0:0, 1:0:0:0:1, 0:0:0:0:0, 3:0:0:0:1, 1:0:0:0:0, 2:0:0:0:0, 0:0:0:0:0, 3:0:0:0:0, 1:0:0:0:0, 2:0:0:0:0, 1:0:0:0:0, 0:0:0:0:0, 2:0:0:0:0, 0:0:0:0:0, 4:0:0:0:1, 2:0:0:0:0, 2:0:1:0:1, 1:0:0:0:1, 3:0:0:0:0, 1:0:0:0:0, 2:0:0:0:0, 1:0:0:0:0, 2:0:0:0:0, 1:0:0:0:0, 1:0:0:0:0, 1:0:0:0:0, 2:0:0:0:1, 0:0:0:0:0, 3:0:0:0:0, 2:0:0:0:1, 2:0:0:0:0, 1:0:0:0:2, 2:0:0:0:0, 1:0:0:0:1, 1:0:0:0:1, 2:0:0:0:0, 1:0:0:0:1, 1:0:0:0:0, 1:0:0:0:0, 2:0:0:0:0, 1:0:0:0:0, 1:0:0:0:0, 2:0:0:0:1, 3:0:0:0:0, 3:0:0:0:0, 1:0:0:0:1, 2:0:0:0:0, 2:0:0:0:0, 3:0:0:0:0, 1:0:0:0:0, 1:0:0:0:0, 3:0:0:0:1, 3:0:0:0:0, 1:0:0:0:0, 3:0:0:0:0, 2:0:0:0:0, 1:0:0:0:0, 2:0:0:0:0, 3:0:0:0:1, 2:0:0:0:0, 3:0:0:0:0, 1:0:0:0:0, 2:0:0:0:1, 3:0:0:0:0, 2:0:0:0:0, 2:0:0:0:0, 1:0:0:0:1, 2:0:0:0:0, 1:0:0:0:0, 1:0:0:0:0, 1:0:0:0:0, 3:0:0:0:0, 1:0:0:0:1, 1:0:0:0:0, 1:0:0:0:1, 0:0:0:0:0, 3:0:0:0:0, 0:0:0:0:0, 2:0:0:0:0, 1:0:0:0:0, 1:0:0:0:0, 1:0:0:0:1, 1:0:0:0:1, 2:0:0:0:0, 3:0:0:0:0, 1:0:0:0:0, 3:0:0:0:1, 2:0:0:0:0, 3:0:0:0:0, 1:0:0:0:1, 1:0:0:0:0, 0:0:0:0:0, 3:0:0:0:0, 1:0:0:0:1, 2:0:0:0:0, 1:0:0:0:1, 2:0:0:0:0, 1:0:0:0:1, 1:0:0:0:1, 3:0:0:0:0, 1:0:0:0:1, 2:0:0:0:0, 1:0:0:0:0, 3:0:0:0:0, 1:0:0:0:0, 2:0:0:0:0, 1:0:0:0:0, 0:0:0:0:0, 1:0:0:0:0, 0:0:0:0:0, 2:0:0:0:0, 1:0:0:0:0, 2:0:0:0:0, 2:0:0:0:1, 0:0:0:0:0, 2:0:0:0:0, 2:0:0:0:0, 1:0:0:0:0, 2:0:0:0:0, 2:0:0:0:0, 1:0:0:0:0, 1:0:0:0:0, 1:0:0:0:1, 0:0:0:0:0, 3:0:0:0:0, 2:0:0:0:1, 2:0:0:0:0, 2:0:0:0:2, 2:0:0:0:0, 1:0:0:0:1, 1:0:0:0:1, 2:0:0:0:0, 1:0:0:0:1, 1:0:0:0:0, 1:0:0:0:0, 2:0:0:0:0, 1:0:0:0:0, 1:0:0:0:0, 2:0:0:0:1, 1:0:0:0:0, 3:0:0:0:0, 1:0:0:0:1, 2:0:0:0:0, 2:0:0:0:0, 3:0:0:0:0, 1:0:0:0:1, 1:0:0:0:0, 3:0:0:0:1, 3:0:0:0:0, 1:0:0:0:0, 3:0:0:0:0, 3:0:0:0:0, 1:0:0:0:0, 2:0:0:0:0, 3:0:0:0:1, 2:0:0:0:0, 3:0:0:0:0, 1:0:0:0:0, 2:0:0:0:1, 3:0:0:0:0, 2:0:0:0:0, 2:0:0:0:0, 1:0:0:0:1, 2:0:0:0:0, 1:0:0:0:0, 1:0:0:0:0, 1:0:0:0:0, 3:0:0:0:0, 1:0:0:0:1, 1:0:0:0:0, 1:0:0:0:1, 0:0:0:0:0, 3:0:0:0:0, 0:0:0:0:0, 2:0:0:0:0, 2:0:0:0:0, 2:0:0:0:0, 1:0:0:0:1, 1:0:0:0:1, 2:0:0:0:0, 3:0:0:0:0, 1:0:0:0:0, 3:0:0:0:0, 2:0:0:0:0, 3:0:0:0:0, 1:0:0:0:1, 1:0:0:0:0, 0:0:0:0:0, 3:0:0:0:0, 1:0:0:0:1, 3:0:0:0:0, 1:0:0:0:1, 2:0:0:0:0, 1:0:0:0:1, 1:0:0:0:1, 2:0:0:0:0, 1:0:0:0:1, 2:0:0:0:0, 1:0:0:0:0, 4:0:0:0:0, 1:0:0:0:0, 2:0:0:0:0, 2:0:0:0:0, 0:0:0:0:0, 1:0:0:0:0, 0:0:0:0:0, 2:0:0:0:0, 2:0:0:0:0, 2:0:0:0:0, 1:0:0:0:0, 0:0:0:0:0, 1:0:0:0:0, 0:0:0:0:0, 0:0:0:0:0, 1:0:0:0:0, 1:0:0:0:0, 0:0:0:0:0, 3:0:1:0:1, 1:0:0:0:0, 1:0:0:0:0, 1:0:0:0:0, 498:0:2:0:74
C major blues (0), 3:0:0:0:0, 1:0:0:0:1, 2:0:0:0:0, 1:0:0:0:0, 1:0:0:0:0, 1:0:0:0:0, 2:0:0:0:0, 0:0:0:0:0, 2:0:0:0:0, 1:0:0:0:1, 2:0:0:0:0, 1:0:0:0:0, 3:0:0:0:0, 1:0:0:0:1, 1:0:0:0:1, 2:0:0:0:1, 1:0:0:0:0, 1:0:0:0:0, 0:0:0:0:0, 4:0:0:0:0, 2:0:0:0:0, 1:0:0:0:0, 1:0:0:0:1, 1:0:0:0:0, 3:0:0:0:0, 2:0:0:0:1, 2:0:0:0:1, 4:0:0:0:0, 2:0:0:0:0, 1:0:0:0:0, 2:0:0:0:0, 2:0:0:0:0, 0:0:0:0:0, 1:0:0:0:0, 2:0:0:0:0, 2:0:0:0:0, 1:0:0:0:0, 3:0:0:0:0, 1:0:0:0:0, 1:0:0:0:0, 3:0:0:0:0, 1:0:0:0:1, 2:0:0:0:0, 1:0:0:0:0, 3:0:0:0:0, 2:0:0:0:1, 3:0:0:0:1, 1:0:0:0:0, 3:0:0:0:1, 2:0:0:0:0, 2:0:0:0:0, 1:0:0:0:0, 3:0:0:0:0, 2:0:0:0:0, 1:0:0:0:0, 2:0:0:0:0, 1:0:0:0:0, 1:0:0:0:0, 1:0:0:0:0, 5:0:0:0:0, 1:0:0:0:0, 2:0:0:0:0, 0:0:0:0:0, 2:0:0:0:0, 2:0:0:0:0, 2:0:0:0:1, 2:0:0:0:0, 1:0:0:0:0, 3:0:0:0:0, 1:0:0:0:1, 1:0:0:0:0, 3:0:0:0:0, 3:0:0:0:0, 2:0:0:0:1, 3:0:0:0:0, 2:0:0:0:0, 3:0:0:0:0, 1:0:0:0:1, 1:0:0:0:1, 1:0:0:0:1, 3:0:0:0:0, 1:0:0:0:0, 2:0:0:0:1, 2:0:0:0:0, 2:0:0:0:0, 1:0:0:0:1, 0:0:0:0:0, 3:0:0:0:1, 1:0:0:0:0, 2:0:0:0:0, 0:0:0:0:0, 3:0:0:0:0, 1:0:0:0:0, 2:0:0:0:0, 1:0:0:0:0, 0:0:0:0:0, 2:0:0:0:0, 0:0:0:0:0, 4:0:0:0:1, 2:0:0:0:0, 2:0:1:0:1, 1:0:0:0:1, 3:0:0:0:0, 1:0:0:0:0, 2:0:0:0:0, 1:0:0:0:0, 2:0:0:0:0, 1:0:0:0:0, 1:0:0:0:0, 1:0:0:0:0, 2:0:0:0:1, 0:0:0:0:0, 3:0:0:0:0, 2:0:0:0:1, 2:0:0:0:0, 1:0:0:0:2, 2:0:0:0:0, 1:0:0:0:1, 1:0:0:0:1, 2:0:0:0:0, 1:0:0:0:1, 1:0:0:0:0, 1:0:0:0:0, 2:0:0:0:0, 1:0:0:0:0, 1:0:0:0:0, 2:0:0:0:1, 3:0:0:0:0, 3:0:0:0:0, 1:0:0:0:1, 2:0:0:0:0, 2:0:0:0:0, 3:0:0:0:0, 1:0:0:0:0, 1:0:0:0:0, 3:0:0:0:1, 3:0:0:0:0, 1:0:0:0:0, 3:0:0:0:0, 2:0:0:0:0, 1:0:0:0:0, 2:0:0:0:0, 3:0:0:0:1, 2:0:0:0:0, 3:0:0:0:0, 1:0:0:0:0, 2:0:0:0:1, 3:0:0:0:0, 2:0:0:0:0, 2:0:0:0:0, 1:0:0:0:1, 2:0:0:0:0, 1:0:0:0:0, 1:0:0:0:0, 1:0:0:0:0, 3:0:0:0:0, 1:0:0:0:1, 1:0:0:0:0, 1:0:0:0:1, 0:0:0:0:0, 3:0:0:0:0, 0:0:0:0:0, 2:0:0:0:0, 1:0:0:0:0, 1:0:0:0:0, 1:0:0:0:1, 1:0:0:0:1, 2:0:0:0:0, 3:0:0:0:0, 1:0:0:0:0, 3:0:0:0:1, 2:0:0:0:0, 3:0:0:0:0, 1:0:0:0:1, 1:0:0:0:0, 0:0:0:0:0, 3:0:0:0:0, 1:0:0:0:1, 2:0:0:0:0, 1:0:0:0:1, 2:0:0:0:0, 1:0:0:0:1, 1:0:0:0:1, 3:0:0:0:0, 1:0:0:0:1, 2:0:0:0:0, 1:0:0:0:0, 3:0:0:0:0, 1:0:0:0:0, 2:0:0:0:0, 1:0:0:0:0, 0:0:0:0:0, 1:0:0:0:0, 0:0:0:0:0, 2:0:0:0:0, 1:0:0:0:0, 2:0:0:0:0, 2:0:0:0:1, 0:0:0:0:0, 2:0:0:0:0, 2:0:0:0:0, 1:0:0:0:0, 2:0:0:0:0, 2:0:0:0:0, 1:0:0:0:0, 1:0:0:0:0, 1:0:0:0:1, 0:0:0:0:0, 3:0:0:0:0, 2:0:0:0:1, 2:0:0:0:0, 2:0:0:0:2, 2:0:0:0:0, 1:0:0:0:1, 1:0:0:0:1, 2:0:0:0:0, 1:0:0:0:1, 1:0:0:0:0, 1:0:0:0:0, 2:0:0:0:0, 1:0:0:0:0, 1:0:0:0:0, 2:0:0:0:1, 1:0:0:0:0, 3:0:0:0:0, 1:0:0:0:1, 2:0:0:0:0, 2:0:0:0:0, 3:0:0:0:0, 1:0:0:0:1, 1:0:0:0:0, 3:0:0:0:1, 3:0:0:0:0, 1:0:0:0:0, 3:0:0:0:0, 3:0:0:0:0, 1:0:0:0:0, 2:0:0:0:0, 3:0:0:0:1, 2:0:0:0:0, 3:0:0:0:0, 1:0:0:0:0, 2:0:0:0:1, 3:0:0:0:0, 2:0:0:0:0, 2:0:0:0:0, 1:0:0:0:1, 2:0:0:0:0, 1:0:0:0:0, 1:0:0:0:0, 1:0:0:0:0, 3:0:0:0:0, 1:0:0:0:1, 1:0:0:0:0, 1:0:0:0:1, 0:0:0:0:0, 3:0:0:0:0, 0:0:0:0:0, 2:0:0:0:0, 2:0:0:0:0, 2:0:0:0:0, 1:0:0:0:1, 1:0:0:0:1, 2:0:0:0:0, 3:0:0:0:0, 1:0:0:0:0, 3:0:0:0:0, 2:0:0:0:0, 3:0:0:0:0, 1:0:0:0:1, 1:0:0:0:0, 0:0:0:0:0, 3:0:0:0:0, 1:0:0:0:1, 3:0:0:0:0, 1:0:0:0:1, 2:0:0:0:0, 1:0:0:0:1, 1:0:0:0:1, 2:0:0:0:0, 1:0:0:0:1, 2:0:0:0:0, 1:0:0:0:0, 4:0:0:0:0, 1:0:0:0:0, 2:0:0:0:0, 2:0:0:0:0, 0:0:0:0:0, 1:0:0:0:0, 0:0:0:0:0, 2:0:0:0:0, 2:0:0:0:0, 2:0:0:0:0, 1:0:0:0:0, 0:0:0:0:0, 1:0:0:0:0, 0:0:0:0:0, 0:0:0:0:0, 1:0:0:0:0, 1:0:0:0:0, 0:0:0:0:0, 3:0:1:0:1, 1:0:0:0:0, 1:0:0:0:0, 1:0:0:0:0, 498:0:2:0:74
A minor blues (0), 3:0:0:0:0, 1:0:0:0:1, 2:0:0:0:0, 1:0:0:0:0, 1:0:0:0:0, 1:0:0:0:0, 2:0:0:0:0, 0:0:0:0:0, 2:0:0:0:0, 1:0:0:0:1, 2:0:0:0:0, 1:0:0:0:0, 3:0:0:0:0, 1:0:0:0:1, 1:0:0:0:1, 2:0:0:0:1, 1:0:0:0:0, 1:0:0:0:0, 0:0:0:0:0, 4:0:0:0:0, 2:0:0:0:0, 1:0:0:0:0, 1:0:0:0:1, 1:0:0:0:0, 3:0:0:0:0, 2:0:0:0:1, 2:0:0:0:1, 4:0:0:0:0, 2:0:0:0:0, 1:0:0:0:0, 2:0:0:0:0, 2:0:0:0:0, 0:0:0:0:0, 1:0:0:0:0, 2:0:0:0:0, 2:0:0:0:0, 1:0:0:0:0, 3:0:0:0:0, 1:0:0:0:0, 1:0:0:0:0, 3:0:0:0:0, 1:0:0:0:1, 2:0:0:0:0, 1:0:0:0:0, 3:0:0:0:0, 2:0:0:0:1, 3:0:0:0:1, 1:0:0:0:0, 3:0:0:0:1, 2:0:0:0:0, 2:0:0:0:0, 1:0:0:0:0, 3:0:0:0:0, 2:0:0:0:0, 1:0:0:0:0, 2:0:0:0:0, 1:0:0:0:0, 1:0:0:0:0, 1:0:0:0:0, 5:0:0:0:0, 1:0:0:0:0, 2:0:0:0:0, 0:0:0:0:0, 2:0:0:0:0, 2:0:0:0:0, 2:0:0:0:1, 2:0:0:0:0, 1:0:0:0:0, 3:0:0:0:0, 1:0:0:0:1, 1:0:0:0:0, 3:0:0:0:0, 3:0:0:0:0, 2:0:0:0:1, 3:0:0:0:0, 2:0:0:0:0, 3:0:0:0:0, 1:0:0:0:1, 1:0:0:0:1, 1:0:0:0:1, 3:0:0:0:0, 1:0:0:0:0, 2:0:0:0:1, 2:0:0:0:0, 2:0:0:0:0, 1:0:0:0:1, 0:0:0:0:0, 3:0:0:0:1, 1:0:0:0:0, 2:0:0:0:0, 0:0:0:0:0, 3:0:0:0:0, 1:0:0:0:0, 2:0:0:0:0, 1:0:0:0:0, 0:0:0:0:0, 2:0:0:0:0, 0:0:0:0:0, 4:0:0:0:1, 2:0:0:0:0, 2:0:1:0:1, 1:0:0:0:1, 3:0:0:0:0, 1:0:0:0:0, 2:0:0:0:0, 1:0:0:0:0, 2:0:0:0:0, 1:0:0:0:0, 1:0:0:0:0, 1:0:0:0:0, 2:0:0:0:1, 0:0:0:0:0, 3:0:0:0:0, 2:0:0:0:1, 2:0:0:0:0, 1:0:0:0:2, 2:0:0:0:0, 1:0:0:0:1, 1:0:0:0:1, 2:0:0:0:0, 1:0:0:0:1, 1:0:0:0:0, 1:0:0:0:0, 2:0:0:0:0, 1:0:0:0:0, 1:0:0:0:0, 2:0:0:0:1, 3:0:0:0:0, 3:0:0:0:0, 1:0:0:0:1, 2:0:0:0:0, 2:0:0:0:0, 3:0:0:0:0, 1:0:0:0:0, 1:0:0:0:0, 3:0:0:0:1, 3:0:0:0:0, 1:0:0:0:0, 3:0:0:0:0, 2:0:0:0:0, 1:0:0:0:0, 2:0:0:0:0, 3:0:0:0:1, 2:0:0:0:0, 3:0:0:0:0, 1:0:0:0:0, 2:0:0:0:1, 3:0:0:0:0, 2:0:0:0:0, 2:0:0:0:0, 1:0:0:0:1, 2:0:0:0:0, 1:0:0:0:0, 1:0:0:0:0, 1:0:0:0:0, 3:0:0:0:0, 1:0:0:0:1, 1:0:0:0:0, 1:0:0:0:1, 0:0:0:0:0, 3:0:0:0:0, 0:0:0:0:0, 2:0:0:0:0, 1:0:0:0:0, 1:0:0:0:0, 1:0:0:0:1, 1:0:0:0:1, 2:0:0:0:0, 3:0:0:0:0, 1:0:0:0:0, 3:0:0:0:1, 2:0:0:0:0, 3:0:0:0:0, 1:0:0:0:1, 1:0:0:0:0, 0:0:0:0:0, 3:0:0:0:0, 1:0:0:0:1, 2:0:0:0:0, 1:0:0:0:1, 2:0:0:0:0, 1:0:0:0:1, 1:0:0:0:1, 3:0:0:0:0, 1:0:0:0:1, 2:0:0:0:0, 1:0:0:0:0, 3:0:0:0:0, 1:0:0:0:0, 2:0:0:0:0, 1:0:0:0:0, 0:0:0:0:0, 1:0:0:0:0, 0:0:0:0:0, 2:0:0:0:0, 1:0:0:0:0, 2:0:0:0:0, 2:0:0:0:1, 0:0:0:0:0, 2:0:0:0:0, 2:0:0:0:0, 1:0:0:0:0, 2:0:0:0:0, 2:0:0:0:0, 1:0:0:0:0, 1:0:0:0:0, 1:0:0:0:1, 0:0:0:0:0, 3:0:0:0:0, 2:0:0:0:1, 2:0:0:0:0, 2:0:0:0:2, 2:0:0:0:0, 1:0:0:0:1, 1:0:0:0:1, 2:0:0:0:0, 1:0:0:0:1, 1:0:0:0:0, 1:0:0:0:0, 2:0:0:0:0, 1:0:0:0:0, 1:0:0:0:0, 2:0:0:0:1, 1:0:0:0:0, 3:0:0:0:0, 1:0:0:0:1, 2:0:0:0:0, 2:0:0:0:0, 3:0:0:0:0, 1:0:0:0:1, 1:0:0:0:0, 3:0:0:0:1, 3:0:0:0:0, 1:0:0:0:0, 3:0:0:0:0, 3:0:0:0:0, 1:0:0:0:0, 2:0:0:0:0, 3:0:0:0:1, 2:0:0:0:0, 3:0:0:0:0, 1:0:0:0:0, 2:0:0:0:1, 3:0:0:0:0, 2:0:0:0:0, 2:0:0:0:0, 1:0:0:0:1, 2:0:0:0:0, 1:0:0:0:0, 1:0:0:0:0, 1:0:0:0:0, 3:0:0:0:0, 1:0:0:0:1, 1:0:0:0:0, 1:0:0:0:1, 0:0:0:0:0, 3:0:0:0:0, 0:0:0:0:0, 2:0:0:0:0, 2:0:0:0:0, 2:0:0:0:0, 1:0:0:0:1, 1:0:0:0:1, 2:0:0:0:0, 3:0:0:0:0, 1:0:0:0:0, 3:0:0:0:0, 2:0:0:0:0, 3:0:0:0:0, 1:0:0:0:1, 1:0:0:0:0, 0:0:0:0:0, 3:0:0:0:0, 1:0:0:0:1, 3:0:0:0:0, 1:0:0:0:1, 2:0:0:0:0, 1:0:0:0:1, 1:0:0:0:1, 2:0:0:0:0, 1:0:0:0:1, 2:0:0:0:0, 1:0:0:0:0, 4:0:0:0:0, 1:0:0:0:0, 2:0:0:0:0, 2:0:0:0:0, 0:0:0:0:0, 1:0:0:0:0, 0:0:0:0:0, 2:0:0:0:0, 2:0:0:0:0, 2:0:0:0:0, 1:0:0:0:0, 0:0:0:0:0, 1:0:0:0:0, 0:0:0:0:0, 0:0:0:0:0, 1:0:0:0:0, 1:0:0:0:0, 0:0:0:0:0, 3:0:1:0:1, 1:0:0:0:0, 1:0:0:0:0, 1:0:0:0:0, 498:0:2:0:74
C dorian (0), 3:0:0:0:0, 1:0:0:0:1, 2:0:0:0:0, 1:0:0:0:0, 1:0:0:0:0, 1:0:0:0:0, 2:0:0:0:0, 0:0:0:0:0, 2:0:0:0:0, 1:0:0:0:1, 2:0:0:0:0, 1:0:0:0:0, 3:0:0:0:0, 1:0:0:0:1, 1:0:0:0:1, 2:0:0:0:1, 1:0:0:0:0, 1:0:0:0:0, 0:0:0:0:0, 4:0:0:0:0, 2:0:0:0:0, 1:0:0:0:0, 1:0:0:0:1, 1:0:0:0:0, 3:0:0:0:0, 2:0:0:0:1, 2:0:0:0:1, 4:0:0:0:0, 2:0:0:0:0, 1:0:0:0:0, 2:0:0:0:0, 2:0:0:0:0, 0:0:0:0:0, 1:0:0:0:0, 2:0:0:0:0, 2:0:0:0:0, 1:0:0:0:0, 3:0:0:0:0, 1:0:0:0:0, 1:0:0:0:0, 3:0:0:0:0, 1:0:0:0:1, 2:0:0:0:0, 1:0:0:0:0, 3:0:0:0:0, 2:0:0:0:1, 3:0:0:0:1, 1:0:0:0:0, 3:0:0:0:1, 2:0:0:0:0, 2:0:0:0:0, 1:0:0:0:0, 3:0:0:0:0, 2:0:0:0:0, 1:0:0:0:0, 2:0:0:0:0, 1:0:0:0:0, 1:0:0:0:0, 1:0:0:0:0, 5:0:0:0:0, 1:0:0:0:0, 2:0:0:0:0, 0:0:0:0:0, 2:0:0:0:0, 2:0:0:0:0, 2:0:0:0:1, 2:0:0:0:0, 1:0:0:0:0, 3:0:0:0:0, 1:0:0:0:1, 1:0:0:0:0, 3:0:0:0:0, 3:0:0:0:0, 2:0:0:0:1, 3:0:0:0:0, 2:0:0:0:0, 3:0:0:0:0, 1:0:0:0:1, 1:0:0:0:1, 1:0:0:0:1, 3:0:0:0:0, 1:0:0:0:0, 2:0:0:0:1, 2:0:0:0:0, 2:0:0:0:0, 1:0:0:0:1, 0:0:0:0:0, 3:0:0:0:1, 1:0:0:0:0, 2:0:0:0:0, 0:0:0:0:0, 3:0:0:0:0, 1:0:0:0:0, 2:0:0:0:0, 1:0:0:0:0, 0:0:0:0:0, 2:0:0:0:0, 0:0:0:0:0, 4:0:0:0:1, 2:0:0:0:0, 2:0:1:0:1, 1:0:0:0:1, 3:0:0:0:0, 1:0:0:0:0, 2:0:0:0:0, 1:0:0:0:0, 2:0:0:0:0, 1:0:0:0:0, 1:0:0:0:0, 1:0:0:0:0, 2:0:0:0:1, 0:0:0:0:0, 3:0:0:0:0, 2:0:0:0:1, 2:0:0:0:0, 1:0:0:0:2, 2:0:0:0:0, 1:0:0:0:1, 1:0:0:0:1, 2:0:0:0:0, 1:0:0:0:1, 1:0:0:0:0, 1:0:0:0:0, 2:0:0:0:0, 1:0:0:0:0, 1:0:0:0:0, 2:0:0:0:1, 3:0:0:0:0, 3:0:0:0:0, 1:0:0:0:1, 2:0:0:0:0, 2:0:0:0:0, 3:0:0:0:0, 1:0:0:0:0, 1:0:0:0:0, 3:0:0:0:1, 3:0:0:0:0, 1:0:0:0:0, 3:0:0:0:0, 2:0:0:0:0, 1:0:0:0:0, 2:0:0:0:0, 3:0:0:0:1, 2:0:0:0:0, 3:0:0:0:0, 1:0:0:0:0, 2:0:0:0:1, 3:0:0:0:0, 2:0:0:0:0, 2:0:0:0:0, 1:0:0:0:1, 2:0:0:0:0, 1:0:0:0:0, 1:0:0:0:0, 1:0:0:0:0, 3:0:0:0:0, 1:0:0:0:1, 1:0:0:0:0, 1:0:0:0:1, 0:0:0:0:0, 3:0:0:0:0, 0:0:0:0:0, 2:0:0:0:0, 1:0:0:0:0, 1:0:0:0:0, 1:0:0:0:1, 1:0:0:0:1, 2:0:0:0:0, 3:0:0:0:0, 1:0:0:0:0, 3:0:0:0:1, 2:0:0:0:0, 3:0:0:0:0, 1:0:0:0:1, 1:0:0:0:0, 0:0:0:0:0, 3:0:0:0:0, 1:0:0:0:1, 2:0:0:0:0, 1:0:0:0:1, 2:0:0:0:0, 1:0:0:0:1, 1:0:0:0:1, 3:0:0:0:0, 1:0:0:0:1, 2:0:0:0:0, 1:0:0:0:0, 3:0:0:0:0, 1:0:0:0:0, 2:0:0:0:0, 1:0:0:0:0, 0:0:0:0:0, 1:0:0:0:0, 0:0:0:0:0, 2:0:0:0:0, 1:0:0:0:0, 2:0:0:0:0, 2:0:0:0:1, 0:0:0:0:0, 2:0:0:0:0, 2:0:0:0:0, 1:0:0:0:0, 2:0:0:0:0, 2:0:0:0:0, 1:0:0:0:0, 1:0:0:0:0, 1:0:0:0:1, 0:0:0:0:0, 3:0:0:0:0, 2:0:0:0:1, 2:0:0:0:0, 2:0:0:0:2, 2:0:0:0:0, 1:0:0:0:1, 1:0:0:0:1, 2:0:0:0:0, 1:0:0:0:1, 1:0:0:0:0, 1:0:0:0:0, 2:0:0:0:0, 1:0:0:0:0, 1:0:0:0:0, 2:0:0:0:1, 1:0:0:0:0, 3:0:0:0:0, 1:0:0:0:1, 2:0:0:0:0, 2:0:0:0:0, 3:0:0:0:0, 1:0:0:0:1, 1:0:0:0:0, 3:0:0:0:1, 3:0:0:0:0, 1:0:0:0:0, 3:0:0:0:0, 3:0:0:0:0, 1:0:0:0:0, 2:0:0:0:0, 3:0:0:0:1, 2:0:0:0:0, 3:0:0:0:0, 1:0:0:0:0, 2:0:0:0:1, 3:0:0:0:0, 2:0:0:0:0, 2:0:0:0:0, 1:0:0:0:1, 2:0:0:0:0, 1:0:0:0:0, 1:0:0:0:0, 1:0:0:0:0, 3:0:0:0:0, 1:0:0:0:1, 1:0:0:0:0, 1:0:0:0:1, 0:0:0:0:0, 3:0:0:0:0, 0:0:0:0:0, 2:0:0:0:0, 2:0:0:0:0, 2:0:0:0:0, 1:0:0:0:1, 1:0:0:0:1, 2:0:0:0:0, 3:0:0:0:0, 1:0:0:0:0, 3:0:0:0:0, 2:0:0:0:0, 3:0:0:0:0, 1:0:0:0:1, 1:0:0:0:0, 0:0:0:0:0, 3:0:0:0:0, 1:0:0:0:1, 3:0:0:0:0, 1:0:0:0:1, 2:0:0:0:0, 1:0:0:0:1, 1:0:0:0:1, 2:0:0:0:0, 1:0:0:0:1, 2:0:0:0:0, 1:0:0:0:0, 4:0:0:0:0, 1:0:0:0:0, 2:0:0:0:0, 2:0:0:0:0, 0:0:0:0:0, 1:0:0:0:0, 0:0:0:0:0, 2:0:0:0:0, 2:0:0:0:0, 2:0:0:0:0, 1:0:0:0:0, 0:0:0:0:0, 1:0:0:0:0, 0:0:0:0:0, 0:0:0:0:0, 1:0:0:0:0, 1:0:0:0:0, 0:0:0:0:0, 3:0:1:0:1, 1:0:0:0:0, 1:0:0:0:0, 1:0:0:0:0, 498:0:2:0:74
C phrygian (0), 3:0:0:0:0, 1:0:0:0:1, 2:0:0:0:0, 1:0:0:0:0, 1:0:0:0:0, 1:0:0:0:0, 2:0:0:0:0, 0:0:0:0:0, 2:0:0:0:0, 1:0:0:0:1, 2:0:0:0:0, 1:0:0:0:0, 3:0:0:0:0, 1:0:0:0:1, 1:0:0:0:1, 2:0:0:0:1, 1:0:0:0:0, 1:0:0:0:0, 0:0:0:0:0, 4:0:0:0:0, 2:0:0:0:0, 1:0:0:0:0, 1:0:0:0:1, 1:0:0:0:0, 3:0:0:0:0, 2:0:0:0:1, 2:0:0:0:1, 4:0:0:0:0, 2:0:0:0:0, 1:0:0:0:0, 2:0:0:0:0, 2:0:0:0:0, 0:0:0:0:0, 1:0:0:0:0, 2:0:0:0:0, 2:0:0:0:0, 1:0:0:0:0, 3:0:0:0:0, 1:0:0:0:0, 1:0:0:0:0, 3:0:0:0:0, 1:0:0:0:1, 2:0:0:0:0, 1:0:0:0:0, 3:0:0:0:0, 2:0:0:0:1, 3:0:0:0:1, 1:0:0:0:0, 3:0:0:0:1, 2:0:0:0:0, 2:0:0:0:0, 1:0:0:0:0, 3:0:0:0:0, 2:0:0:0:0, 1:0:0:0:0, 2:0:0:0:0, 1:0:0:0:0, 1:0:0:0:0, 1:0:0:0:0, 5:0:0:0:0, 1:0:0:0:0, 2:0:0:0:0, 0:0:0:0:0, 2:0:0:0:0, 2:0:0:0:0, 2:0:0:0:1, 2:0:0:0:0, 1:0:0:0:0, 3:0:0:0:0, 1:0:0:0:1, 1:0:0:0:0, 3:0:0:0:0, 3:0:0:0:0, 2:0:0:0:1, 3:0:0:0:0, 2:0:0:0:0, 3:0:0:0:0, 1:0:0:0:1, 1:0:0:0:1, 1:0:0:0:1, 3:0:0:0:0, 1:0:0:0:0, 2:0:0:0:1, 2:0:0:0:0, 2:0:0:0:0, 1:0:0:0:1, 0:0:0:0:0, 3:0:0:0:1, 1:0:0:0:0, 2:0:0:0:0, 0:0:0:0:0, 3:0:0:0:0, 1:0:0:0:0, 2:0:0:0:0, 1:0:0:0:0, 0:0:0:0:0, 2:0:0:0:0, 0:0:0:0:0, 4:0:0:0:1, 2:0:0:0:0, 2:0:1:0:1, 1:0:0:0:1, 3:0:0:0:0, 1:0:0:0:0, 2:0:0:0:0, 1:0:0:0:0, 2:0:0:0:0, 1:0:0:0:0, 1:0:0:0:0, 1:0:0:0:0, 2:0:0:0:1, 0:0:0:0:0, 3:0:0:0:0, 2:0:0:0:1, 2:0:0:0:0, 1:0:0:0:2, 2:0:0:0:0, 1:0:0:0:1, 1:0:0:0:1, 2:0:0:0:0, 1:0:0:0:1, 1:0:0:0:0, 1:0:0:0:0, 2:0:0:0:0, 1:0:0:0:0, 1:0:0:0:0, 2:0:0:0:1, 3:0:0:0:0, 3:0:0:0:0, 1:0:0:0:1, 2:0:0:0:0, 2:0:0:0:0, 3:0:0:0:0, 1:0:0:0:0, 1:0:0:0:0, 3:0:0:0:1, 3:0:0:0:0, 1:0:0:0:0, 3:0:0:0:0, 2:0:0:0:0, 1:0:0:0:0, 2:0:0:0:0, 3:0:0:0:1, 2:0:0:0:0, 3:0:0:0:0, 1:0:0:0:0, 2:0:0:0:1, 3:0:0:0:0, 2:0:0:0:0, 2:0:0:0:0, 1:0:0:0:1, 2:0:0:0:0, 1:0:0:0:0, 1:0:0:0:0, 1:0:0:0:0, 3:0:0:0:0, 1:0:0:0:1, 1:0:0:0:0, 1:0:0:0:1, 0:0:0:0:0, 3:0:0:0:0, 0:0:0:0:0, 2:0:0:0:0, 1:0:0:0:0, 1:0:0:0:0, 1:0:0:0:1, 1:0:0:0:1, 2:0:0:0:0, 3:0:0:0:0, 1:0:0:0:0, 3:0:0:0:1, 2:0:0:0:0, 3:0:0:0:0, 1:0:0:0:1, 1:0:0:0:0, 0:0:0:0:0, 3:0:0:0:0, 1:0:0:0:1, 2:0:0:0:0, 1:0:0:0:1, 2:0:0:0:0, 1:0:0:0:1, 1:0:0:0:1, 3:0:0:0:0, 1:0:0:0:1, 2:0:0:0:0, 1:0:0:0:0, 3:0:0:0:0, 1:0:0:0:0, 2:0:0:0:0, 1:0:0:0:0, 0:0:0:0:0, 1:0:0:0:0, 0:0:0:0:0, 2:0:0:0:0, 1:0:0:0:0, 2:0:0:0:0, 2:0:0:0:1, 0:0:0:0:0, 2:0:0:0:0, 2:0:0:0:0, 1:0:0:0:0, 2:0:0:0:0, 2:0:0:0:0, 1:0:0:0:0, 1:0:0:0:0, 1:0:0:0:1, 0:0:0:0:0, 3:0:0:0:0, 2:0:0:0:1, 2:0:0:0:0, 2:0:0:0:2, 2:0:0:0:0, 1:0:0:0:1, 1:0:0:0:1, 2:0:0:0:0, 1:0:0:0:1, 1:0:0:0:0, 1:0:0:0:0, 2:0:0:0:0, 1:0:0:0:0, 1:0:0:0:0, 2:0:0:0:1, 1:0:0:0:0, 3:0:0:0:0, 1:0:0:0:1, 2:0:0:0:0, 2:0:0:0:0, 3:0:0:0:0, 1:0:0:0:1, 1:0:0:0:0, 3:0:0:0:1, 3:0:0:0:0, 1:0:0:0:0, 3:0:0:0:0, 3:0:0:0:0, 1:0:0:0:0, 2:0:0:0:0, 3:0:0:0:1, 2:0:0:0:0, 3:0:0:0:0, 1:0:0:0:0, 2:0:0:0:1, 3:0:0:0:0, 2:0:0:0:0, 2:0:0:0:0, 1:0:0:0:1, 2:0:0:0:0, 1:0:0:0:0, 1:0:0:0:0, 1:0:0:0:0, 3:0:0:0:0, 1:0:0:0:1, 1:0:0:0:0, 1:0:0:0:1, 0:0:0:0:0, 3:0:0:0:0, 0:0:0:0:0, 2:0:0:0:0, 2:0:0:0:0, 2:0:0:0:0, 1:0:0:0:1, 1:0:0:0:1, 2:0:0:0:0, 3:0:0:0:0, 1:0:0:0:0, 3:0:0:0:0, 2:0:0:0:0, 3:0:0:0:0, 1:0:0:0:1, 1:0:0:0:0, 0:0:0:0:0, 3:0:0:0:0, 1:0:0:0:1, 3:0:0:0:0, 1:0:0:0:1, 2:0:0:0:0, 1:0:0:0:1, 1:0:0:0:1, 2:0:0:0:0, 1:0:0:0:1, 2:0:0:0:0, 1:0:0:0:0, 4:0:0:0:0, 1:0:0:0:0, 2:0:0:0:0, 2:0:0:0:0, 0:0:0:0:0, 1:0:0:0:0, 0:0:0:0:0, 2:0:0:0:0, 2:0:0:0:0, 2:0:0:0:0, 1:0:0:0:0, 0:0:0:0:0, 1:0:0:0:0, 0:0:0:0:0, 0:0:0:0:0, 1:0:0:0:0, 1:0:0:0:0, 0:0:0:0:0, 3:0:1:0:1, 1:0:0:0:0, 1:0:0:0:0, 1:0:0:0:0, 498:0:2:0:74
C lydian (0), 3:0:0:0:0, 1:0:0:0:1, 2:0:0:0:0, 1:0:0:0:0, 1:0:0:0:0, 1:0:0:0:0, 2:0:0:0:0, 0:0:0:0:0, 2:0:0:0:0, 1:0:0:0:1, 2:0:0:0:0, 1:0:0:0:0, 3:0:0:0:0, 1:0:0:0:1, 1:0:0:0:1, 2:0:0:0:1, 1:0:0:0:0, 1:0:0:0:0, 0:0:0:0:0, 4:0:0:0:0, 2:0:0:0:0, 1:0:0:0:0, 1:0:0:0:1, 1:0:0:0:0, 3:0:0:0:0, 2:0:0:0:1, 2:0:0:0:1, 4:0:0:0:0, 2:0:0:0:0, 1:0:0:0:0, 2:0:0:0:0, 2:0:0:0:0, 0:0:0:0:0, 1:0:0:0:0, 2:0:0:0:0, 2:0:0:0:0, 1:0:0:0:0, 3:0:0:0:0, 1:0:0:0:0, 1:0:0:0:0, 3:0:0:0:0, 1:0:0:0:1, 2:0:0:0:0, 1:0:0:0:0, 3:0:0:0:0, 2:0:0:0:1, 3:0:0:0:1, 1:0:0:0:0, 3:0:0:0:1, 2:0:0:0:0, 2:0:0:0:0, 1:0:0:0:0, 3:0:0:0:0, 2:0:0:0:0, 1:0:0:0:0, 2:0:0:0:0, 1:0:0:0:0, 1:0:0:0:0, 1:0:0:0:0, 5:0:0:0:0, 1:0:0:0:0, 2:0:0:0:0, 0:0:0:0:0, 2:0:0:0:0, 2:0:0:0:0, 2:0:0:0:1, 2:0:0:0:0, 1:0:0:0:0, 3:0:0:0:0, 1:0:0:0:1, 1:0:0:0:0, 3:0:0:0:0, 3:0:0:0:0, 2:0:0:0:1, 3:0:0:0:0, 2:0:0:0:0, 3:0:0:0:0, 1:0:0:0:1, 1:0:0:0:1, 1:0:0:0:1, 3:0:0:0:0, 1:0:0:0:0, 2:0:0:0:1, 2:0:0:0:0, 2:0:0:0:0, 1:0:0:0:1, 0:0:0:0:0, 3:0:0:0:1, 1:0:0:0:0, 2:0:0:0:0, 0:0:0:0:0, 3:0:0:0:0, 1:0:0:0:0, 2:0:0:0:0, 1:0:0:0:0, 0:0:0:0:0, 2:0:0:0:0, 0:0:0:0:0, 4:0:0:0:1, 2:0:0:0:0, 2:0:1:0:1, 1:0:0:0:1, 3:0:0:0:0, 1:0:0:0:0, 2:0:0:0:0, 1:0:0:0:0, 2:0:0:0:0, 1:0:0:0:0, 1:0:0:0:0, 1:0:0:0:0, 2:0:0:0:1, 0:0:0:0:0, 3:0:0:0:0, 2:0:0:0:1, 2:0:0:0:0, 1:0:0:0:2, 2:0:0:0:0, 1:0:0:0:1, 1:0:0:0:1, 2:0:0:0:0, 1:0:0:0:1, 1:0:0:0:0, 1:0:0:0:0, 2:0:0:0:0, 1:0:0:0:0, 1:0:0:0:0, 2:0:0:0:1, 3:0:0:0:0, 3:0:0:0:0, 1:0:0:0:1, 2:0:0:0:0, 2:0:0:0:0, 3:0:0:0:0, 1:0:0:0:0, 1:0:0:0:0, 3:0:0:0:1, 3:0:0:0:0, 1:0:0:0:0, 3:0:0:0:0, 2:0:0:0:0, 1:0:0:0:0, 2:0:0:0:0, 3:0:0:0:1, 2:0:0:0:0, 3:0:0:0:0, 1:0:0:0:0, 2:0:0:0:1, 3:0:0:0:0, 2:0:0:0:0, 2:0:0:0:0, 1:0:0:0:1, 2:0:0:0:0, 1:0:0:0:0, 1:0:0:0:0, 1:0:0:0:0, 3:0:0:0:0, 1:0:0:0:1, 1:0:0:0:0, 1:0:0:0:1, 0:0:0:0:0, 3:0:0:0:0, 0:0:0:0:0, 2:0:0:0:0, 1:0:0:0:0, 1:0:0:0:0, 1:0:0:0:1, 1:0:0:0:1, 2:0:0:0:0, 3:0:0:0:0, 1:0:0:0:0, 3:0:0:0:1, 2:0:0:0:0, 3:0:0:0:0, 1:0:0:0:1, 1:0:0:0:0, 0:0:0:0:0, 3:0:0:0:0, 1:0:0:0:1, 2:0:0:0:0, 1:0:0:0:1, 2:0:0:0:0, 1:0:0:0:1, 1:0:0:0:1, 3:0:0:0:0, 1:0:0:0:1, 2:0:0:0:0, 1:0:0:0:0, 3:0:0:0:0, 1:0:0:0:0, 2:0:0:0:0, 1:0:0:0:0, 0:0:0:0:0, 1:0:0:0:0, 0:0:0:0:0, 2:0:0:0:0, 1:0:0:0:0, 2:0:0:0:0, 2:0:0:0:1, 0:0:0:0:0, 2:0:0:0:0, 2:0:0:0:0, 1:0:0:0:0, 2:0:0:0:0, 2:0:0:0:0, 1:0:0:0:0, 1:0:0:0:0, 1:0:0:0:1, 0:0:0:0:0, 3:0:0:0:0, 2:0:0:0:1, 2:0:0:0:0, 2:0:0:0:2, 2:0:0:0:0, 1:0:0:0:1, 1:0:0:0:1, 2:0:0:0:0, 1:0:0:0:1, 1:0:0:0:0, 1:0:0:0:0, 2:0:0:0:0, 1:0:0:0:0, 1:0:0:0:0, 2:0:0:0:1, 1:0:0:0:0, 3:0:0:0:0, 1:0:0:0:1, 2:0:0:0:0, 2:0:0:0:0, 3:0:0:0:0, 1:0:0:0:1, 1:0:0:0:0, 3:0:0:0:1, 3:0:0:0:0, 1:0:0:0:0, 3:0:0:0:0, 3:0:0:0:0, 1:0:0:0:0, 2:0:0:0:0, 3:0:0:0:1, 2:0:0:0:0, 3:0:0:0:0, 1:0:0:0:0, 2:0:0:0:1, 3:0:0:0:0, 2:0:0:0:0, 2:0:0:0:0, 1:0:0:0:1, 2:0:0:0:0, 1:0:0:0:0, 1:0:0:0:0, 1:0:0:0:0, 3:0:0:0:0, 1:0:0:0:1, 1:0:0:0:0, 1:0:0:0:1, 0:0:0:0:0, 3:0:0:0:0, 0:0:0:0:0, 2:0:0:0:0, 2:0:0:0:0, 2:0:0:0:0, 1:0:0:0:1, 1:0:0:0:1, 2:0:0:0:0, 3:0:0:0:0, 1:0:0:0:0, 3:0:0:0:0, 2:0:0:0:0, 3:0:0:0:0, 1:0:0:0:1, 1:0:0:0:0, 0:0:0:0:0, 3:0:0:0:0, 1:0:0:0:1, 3:0:0:0:0, 1:0:0:0:1, 2:0:0:0:0, 1:0:0:0:1, 1:0:0:0:1, 2:0:0:0:0, 1:0:0:0:1, 2:0:0:0:0, 1:0:0:0:0, 4:0:0:0:0, 1:0:0:0:0, 2:0:0:0:0, 2:0:0:0:0, 0:0:0:0:0, 1:0:0:0:0, 0:0:0:0:0, 2:0:0:0:0, 2:0:0:0:0, 2:0:0:0:0, 1:0:0:0:0, 0:0:0:0:0, 1:0:0:0:0, 0:0:0:0:0, 0:0:0:0:0, 1:0:0:0:0, 1:0:0:0:0, 0:0:0:0:0, 3:0:1:0:1, 1:0:0:0:0, 1:0:0:0:0, 1:0:0:0:0, 498:0:2:0:74
C mixolydian (0), 3:0:0:0:0, 1:0:0:0:1, 2:0:0:0:0, 1:0:0:0:0, 1:0:0:0:0, 1:0:0:0:0, 2:0:0:0:0, 0:0:0:0:0, 2:0:0:0:0, 1:0:0:0:1, 2:0:0:0:0, 1:0:0:0:0, 3:0:0:0:0, 1:0:0:0:1, 1:0:0:0:1, 2:0:0:0:1, 1:0:0:0:0, 1:0:0:0:0, 0:0:0:0:0, 4:0:0:0:0, 2:0:0:0:0, 1:0:0:0:0, 1:0:0:0:1, 1:0:0:0:0, 3:0:0:0:0, 2:0:0:0:1, 2:0:0:0:1, 4:0:0:0:0, 2:0:0:0:0, 1:0:0:0:0, 2:0:0:0:0, 2:0:0:0:0, 0:0:0:0:0, 1:0:0:0:0, 2:0:0:0:0, 2:0:0:0:0, 1:0:0:0:0, 3:0:0:0:0, 1:0:0:0:0, 1:0:0:0:0, 3:0:0:0:0, 1:0:0:0:1, 2:0:0:0:0, 1:0:0:0:0, 3:0:0:0:0, 2:0:0:0:1, 3:0:0:0:1, 1:0:0:0:0, 3:0:0:0:1, 2:0:0:0:0, 2:0:0:0:0, 1:0:0:0:0, 3:0:0:0:0, 2:0:0:0:0, 1:0:0:0:0, 2:0:0:0:0, 1:0:0:0:0, 1:0:0:0:0, 1:0:0:0:0, 5:0:0:0:0, 1:0:0:0:0, 2:0:0:0:0, 0:0:0:0:0, 2:0:0:0:0, 2:0:0:0:0, 2:0:0:0:1, 2:0:0:0:0, 1:0:0:0:0, 3:0:0:0:0, 1:0:0:0:1, 1:0:0:0:0, 3:0:0:0:0, 3:0:0:0:0, 2:0:0:0:1, 3:0:0:0:0, 2:0:0:0:0, 3:0:0:0:0, 1:0:0:0:1, 1:0:0:0:1, 1:0:0:0:1, 3:0:0:0:0, 1:0:0:0:0, 2:0:0:0:1, 2:0:0:0:0, 2:0:0:0:0, 1:0:0:0:1, 0:0:0:0:0, 3:0:0:0:1, 1:0:0:0:0, 2:0:0:0:0, 0:0:0:0:0, 3:0:0:0:0, 1:0:0:0:0, 2:0:0:0:0, 1:0:0:0:0, 0:0:0:0:0, 2:0:0:0:0, 0:0:0:0:0, 4:0:0:0:1, 2:0:0:0:0, 2:0:1:0:1, 1:0:0:0:1, 3:0:0:0:0, 1:0:0:0:0, 2:0:0:0:0, 1:0:0:0:0, 2:0:0:0:0, 1:0:0:0:0, 1:0:0:0:0, 1:0:0:0:0, 2:0:0:0:1, 0:0:0:0:0, 3:0:0:0:0, 2:0:0:0:1, 2:0:0:0:0, 1:0:0:0:2, 2:0:0:0:0, 1:0:0:0:1, 1:0:0:0:1, 2:0:0:0:0, 1:0:0:0:1, 1:0:0:0:0, 1:0:0:0:0, 2:0:0:0:0, 1:0:0:0:0, 1:0:0:0:0, 2:0:0:0:1, 3:0:0:0:0, 3:0:0:0:0, 1:0:0:0:1, 2:0:0:0:0, 2:0:0:0:0, 3:0:0:0:0, 1:0:0:0:0, 1:0:0:0:0, 3:0:0:0:1, 3:0:0:0:0, 1:0:0:0:0, 3:0:0:0:0, 2:0:0:0:0, 1:0:0:0:0, 2:0:0:0:0, 3:0:0:0:1, 2:0:0:0:0, 3:0:0:0:0, 1:0:0:0:0, 2:0:0:0:1, 3:0:0:0:0, 2:0:0:0:0, 2:0:0:0:0, 1:0:0:0:1, 2:0:0:0:0, 1:0:0:0:0, 1:0:0:0:0, 1:0:0:0:0, 3:0:0:0:0, 1:0:0:0:1, 1:0:0:0:0, 1:0:0:0:1, 0:0:0:0:0, 3:0:0:0:0, 0:0:0:0:0, 2:0:0:0:0, 1:0:0:0:0, 1:0:0:0:0, 1:0:0:0:1, 1:0:0:0:1, 2:0:0:0:0, 3:0:0:0:0, 1:0:0:0:0, 3:0:0:0:1, 2:0:0:0:0, 3:0:0:0:0, 1:0:0:0:1, 1:0:0:0:0, 0:0:0:0:0, 3:0:0:0:0, 1:0:0:0:1, 2:0:0:0:0, 1:0:0:0:1, 2:0:0:0:0, 1:0:0:0:1, 1:0:0:0:1, 3:0:0:0:0, 1:0:0:0:1, 2:0:0:0:0, 1:0:0:0:0, 3:0:0:0:0, 1:0:0:0:0, 2:0:0:0:0, 1:0:0:0:0, 0:0:0:0:0, 1:0:0:0:0, 0:0:0:0:0, 2:0:0:0:0, 1:0:0:0:0, 2:0:0:0:0, 2:0:0:0:1, 0:0:0:0:0, 2:0:0:0:0, 2:0:0:0:0, 1:0:0:0:0, 2:0:0:0:0, 2:0:0:0:0, 1:0:0:0:0, 1:0:0:0:0, 1:0:0:0:1, 0:0:0:0:0, 3:0:0:0:0, 2:0:0:0:1, 2:0:0:0:0, 2:0:0:0:2, 2:0:0:0:0, 1:0:0:0:1, 1:0:0:0:1, 2:0:0:0:0, 1:0:0:0:1, 1:0:0:0:0, 1:0:0:0:0, 2:0:0:0:0, 1:0:0:0:0, 1:0:0:0:0, 2:0:0:0:1, 1:0:0:0:0, 3:0:0:0:0, 1:0:0:0:1, 2:0:0:0:0, 2:0:0:0:0, 3:0:0:0:0, 1:0:0:0:1, 1:0:0:0:0, 3:0:0:0:1, 3:0:0:0:0, 1:0:0:0:0, 3:0:0:0:0, 3:0:0:0:0, 1:0:0:0:0, 2:0:0:0:0, 3:0:0:0:1, 2:0:0:0:0, 3:0:0:0:0, 1:0:0:0:0, 2:0:0:0:1, 3:0:0:0:0, 2:0:0:0:0, 2:0:0:0:0, 1:0:0:0:1, 2:0:0:0:0, 1:0:0:0:0, 1:0:0:0:0, 1:0:0:0:0, 3:0:0:0:0, 1:0:0:0:1, 1:0:0:0:0, 1:0:0:0:1, 0:0:0:0:0, 3:0:0:0:0, 0:0:0:0:0, 2:0:0:0:0, 2:0:0:0:0, 2:0:0:0:0, 1:0:0:0:1, 1:0:0:0:1, 2:0:0:0:0, 3:0:0:0:0, 1:0:0:0:0, 3:0:0:0:0, 2:0:0:0:0, 3:0:0:0:0, 1:0:0:0:1, 1:0:0:0:0, 0:0:0:0:0, 3:0:0:0:0, 1:0:0:0:1, 3:0:0:0:0, 1:0:0:0:1, 2:0:0:0:0, 1:0:0:0:1, 1:0:0:0:1, 2:0:0:0:0, 1:0:0:0:1, 2:0:0:0:0, 1:0:0:0:0, 4:0:0:0:0, 1:0:0:0:0, 2:0:0:0:0, 2:0:0:0:0, 0:0:0:0:0, 1:0:0:0:0, 0:0:0:0:0, 2:0:0:0:0, 2:0:0:0:0, 2:0:0:0:0, 1:0:0:0:0, 0:0:0:0:0, 1:0:0:0:0, 0:0:0:0:0, 0:0:0:0:0, 1:0:0:0:0, 1:0:0:0:0, 0:0:0:0:0, 3:0:1:0:1, 1:0:0:0:0, 1:0:0:0:0, 1:0:0:0:0, 498:0:2:0:74
C aeolian (0), 3:0:0:0:0, 1:0:0:0:1, 2:0:0:0:0, 1:0:0:0:0, 1:0:0:0:0, 1:0:0:0:0, 2:0:0:0:0, 0:0:0:0:0, 2:0:0:0:0, 1:0:0:0:1, 2:0:0:0:0, 1:0:0:0:0, 3:0:0:0:0, 1:0:0:0:1, 1:0:0:0:1, 2:0:0:0:1, 1:0:0:0:0, 1:0:0:0:0, 0:0:0:0:0, 4:0:0:0:0, 2:0:0:0:0, 1:0:0:0:0, 1:0:0:0:1, 1:0:0:0:0, 3:0:0:0:0, 2:0:0:0:1, 2:0:0:0:1, 4:0:0:0:0, 2:0:0:0:0, 1:0:0:0:0, 2:0:0:0:0, 2:0:0:0:0, 0:0:0:0:0, 1:0:0:0:0, 2:0:0:0:0, 2:0:0:0:0, 1:0:0:0:0, 3:0:0:0:0, 1:0:0:0:0, 1:0:0:0:0, 3:0:0:0:0, 1:0:0:0:1, 2:0:0:0:0, 1:0:0:0:0, 3:0:0:0:0, 2:0:0:0:1, 3:0:0:0:1, 1:0:0:0:0, 3:0:0:0:1, 2:0:0:0:0, 2:0:0:0:0, 1:0:0:0:0, 3:0:0:0:0, 2:0:0:0:0, 1:0:0:0:0, 2:0:0:0:0, 1:0:0:0:0, 1:0:0:0:0, 1:0:0:0:0, 5:0:0:0:0, 1:0:0:0:0, 2:0:0:0:0, 0:0:0:0:0, 2:0:0:0:0, 2:0:0:0:0, 2:0:0:0:1, 2:0:0:0:0, 1:0:0:0:0, 3:0:0:0:0, 1:0:0:0:1, 1:0:0:0:0, 3:0:0:0:0, 3:0:0:0:0, 2:0:0:0:1, 3:0:0:0:0, 2:0:0:0:0, 3:0:0:0:0, 1:0:0:0:1, 1:0:0:0:1, 1:0:0:0:1, 3:0:0:0:0, 1:0:0:0:0, 2:0:0:0:1, 2:0:0:0:0, 2:0:0:0:0, 1:0:0:0:1, 0:0:0:0:0, 3:0:0:0:1, 1:0:0:0:0, 2:0:0:0:0, 0:0:0:0:0, 3:0:0:0:0, 1:0:0:0:0, 2:0:0:0:0, 1:0:0:0:0, 0:0:0:0:0, 2:0:0:0:0, 0:0:0:0:0, 4:0:0:0:1, 2:0:0:0:0, 2:0:1:0:1, 1:0:0:0:1, 3:0:0:0:0, 1:0:0:0:0, 2:0:0:0:0, 1:0:0:0:0, 2:0:0:0:0, 1:0:0:0:0, 1:0:0:0:0, 1:0:0:0:0, 2:0:0:0:1, 0:0:0:0:0, 3:0:0:0:0, 2:0:0:0:1, 2:0:0:0:0, 1:0:0:0:2, 2:0:0:0:0, 1:0:0:0:1, 1:0:0:0:1, 2:0:0:0:0, 1:0:0:0:1, 1:0:0:0:0, 1:0:0:0:0, 2:0:0:0:0, 1:0:0:0:0, 1:0:0:0:0, 2:0:0:0:1, 3:0:0:0:0, 3:0:0:0:0, 1:0:0:0:1, 2:0:0:0:0, 2:0:0:0:0, 3:0:0:0:0, 1:0:0:0:0, 1:0:0:0:0, 3:0:0:0:1, 3:0:0:0:0, 1:0:0:0:0, 3:0:0:0:0, 2:0:0:0:0, 1:0:0:0:0, 2:0:0:0:0, 3:0:0:0:1, 2:0:0:0:0, 3:0:0:0:0, 1:0:0:0:0, 2:0:0:0:1, 3:0:0:0:0, 2:0:0:0:0, 2:0:0:0:0, 1:0:0:0:1, 2:0:0:0:0, 1:0:0:0:0, 1:0:0:0:0, 1:0:0:0:0, 3:0:0:0:0, 1:0:0:0:1, 1:0:0:0:0, 1:0:0:0:1, 0:0:0:0:0, 3:0:0:0:0, 0:0:0:0:0, 2:0:0:0:0, 1:0:0:0:0, 1:0:0:0:0, 1:0:0:0:1, 1:0:0:0:1, 2:0:0:0:0, 3:0:0:0:0, 1:0:0:0:0, 3:0:0:0:1, 2:0:0:0:0, 3:0:0:0:0, 1:0:0:0:1, 1:0:0:0:0, 0:0:0:0:0, 3:0:0:0:0, 1:0:0:0:1, 2:0:0:0:0, 1:0:0:0:1, 2:0:0:0:0, 1:0:0:0:1, 1:0:0:0:1, 3:0:0:0:0, 1:0:0:0:1, 2:0:0:0:0, 1:0:0:0:0, 3:0:0:0:0, 1:0:0:0:0, 2:0:0:0:0, 1:0:0:0:0, 0:0:0:0:0, 1:0:0:0:0, 0:0:0:0:0, 2:0:0:0:0, 1:0:0:0:0, 2:0:0:0:0, 2:0:0:0:1, 0:0:0:0:0, 2:0:0:0:0, 2:0:0:0:0, 1:0:0:0:0, 2:0:0:0:0, 2:0:0:0:0, 1:0:0:0:0, 1:0:0:0:0, 1:0:0:0:1, 0:0:0:0:0, 3:0:0:0:0, 2:0:0:0:1, 2:0:0:0:0, 2:0:0:0:2, 2:0:0:0:0, 1:0:0:0:1, 1:0:0:0:1, 2:0:0:0:0, 1:0:0:0:1, 1:0:0:0:0, 1:0:0:0:0, 2:0:0:0:0, 1:0:0:0:0, 1:0:0:0:0, 2:0:0:0:1, 1:0:0:0:0, 3:0:0:0:0, 1:0:0:0:1, 2:0:0:0:0, 2:0:0:0:0, 3:0:0:0:0, 1:0:0:0:1, 1:0:0:0:0, 3:0:0:0:1, 3:0:0:0:0, 1:0:0:0:0, 3:0:0:0:0, 3:0:0:0:0, 1:0:0:0:0, 2:0:0:0:0, 3:0:0:0:1, 2:0:0:0:0, 3:0:0:0:0, 1:0:0:0:0, 2:0:0:0:1, 3:0:0:0:0, 2:0:0:0:0, 2:0:0:0:0, 1:0:0:0:1, 2:0:0:0:0, 1:0:0:0:0, 1:0:0:0:0, 1:0:0:0:0, 3:0:0:0:0, 1:0:0:0:1, 1:0:0:0:0, 1:0:0:0:1, 0:0:0:0:0, 3:0:0:0:0, 0:0:0:0:0, 2:0:0:0:0, 2:0:0:0:0, 2:0:0:0:0, 1:0:0:0:1, 1:0:0:0:1, 2:0:0:0:0, 3:0:0:0:0, 1:0:0:0:0, 3:0:0:0:0, 2:0:0:0:0, 3:0:0:0:0, 1:0:0:0:1, 1:0:0:0:0, 0:0:0:0:0, 3:0:0:0:0, 1:0:0:0:1, 3:0:0:0:0, 1:0:0:0:1, 2:0:0:0:0, 1:0:0:0:1, 1:0:0:0:1, 2:0:0:0:0, 1:0:0:0:1, 2:0:0:0:0, 1:0:0:0:0, 4:0:0:0:0, 1:0:0:0:0, 2:0:0:0:0, 2:0:0:0:0, 0:0:0:0:0, 1:0:0:0:0, 0:0:0:0:0, 2:0:0:0:0, 2:0:0:0:0, 2:0:0:0:0, 1:0:0:0:0, 0:0:0:0:0, 1:0:0:0:0, 0:0:0:0:0, 0:0:0:0:0, 1:0:0:0:0, 1:0:0:0:0, 0:0:0:0:0, 3:0:1:0:1, 1:0:0:0:0, 1:0:0:0:0, 1:0:0:0:0, 498:0:2:0:74
C locrian (0), 3:0:0:0:0, 1:0:0:0:1, 2:0:0:0:0, 1:0:0:0:0, 1:0:0:0:0, 1:0:0:0:0, 2:0:0:0:0, 0:0:0:0:0, 2:0:0:0:0, 1:0:0:0:1, 2:0:0:0:0, 1:0:0:0:0, 3:0:0:0:0, 1:0:0:0:1, 1:0:0:0:1, 2:0:0:0:1, 1:0:0:0:0, 1:0:0:0:0, 0:0:0:0:0, 4:0:0:0:0, 2:0:0:0:0, 1:0:0:0:0, 1:0:0:0:1, 1:0:0:0:0, 3:0:0:0:0, 2:0:0:0:1, 2:0:0:0:1, 4:0:0:0:0, 2:0:0:0:0, 1:0:0:0:0, 2:0:0:0:0, 2:0:0:0:0, 0:0:0:0:0, 1:0:0:0:0, 2:0:0:0:0, 2:0:0:0:0, 1:0:0:0:0, 3:0:0:0:0, 1:0:0:0:0, 1:0:0:0:0, 3:0:0:0:0, 1:0:0:0:1, 2:0:0:0:0, 1:0:0:0:0, 3:0:0:0:0, 2:0:0:0:1, 3:0:0:0:1, 1:0:0:0:0, 3:0:0:0:1, 2:0:0:0:0, 2:0:0:0:0, 1:0:0:0:0, 3:0:0:0:0, 2:0:0:0:0, 1:0:0:0:0, 2:0:0:0:0, 1:0:0:0:0, 1:0:0:0:0, 1:0:0:0:0, 5:0:0:0:0, 1:0:0:0:0, 2:0:0:0:0, 0:0:0:0:0, 2:0:0:0:0, 2:0:0:0:0, 2:0:0:0:1, 2:0:0:0:0, 1:0:0:0:0, 3:0:0:0:0, 1:0:0:0:1, 1:0:0:0:0, 3:0:0:0:0, 3:0:0:0:0, 2:0:0:0:1, 3:0:0:0:0, 2:0:0:0:0, 3:0:0:0:0, 1:0:0:0:1, 1:0:0:0:1, 1:0:0:0:1, 3:0:0:0:0, 1:0:0:0:0, 2:0:0:0:1, 2:0:0:0:0, 2:0:0:0:0, 1:0:0:0:1, 0:0:0:0:0, 3:0:0:0:1, 1:0:0:0:0, 2:0:0:0:0, 0:0:0:0:0, 3:0:0:0:0, 1:0:0:0:0, 2:0:0:0:0, 1:0:0:0:0, 0:0:0:0:0, 2:0:0:0:0, 0:0:0:0:0, 4:0:0:0:1, 2:0:0:0:0, 2:0:1:0:1, 1:0:0:0:1, 3:0:0:0:0, 1:0:0:0:0, 2:0:0:0:0, 1:0:0:0:0, 2:0:0:0:0, 1:0:0:0:0, 1:0:0:0:0, 1:0:0:0:0, 2:0:0:0:1, 0:0:0:0:0, 3:0:0:0:0, 2:0:0:0:1, 2:0:0:0:0, 1:0:0:0:2, 2:0:0:0:0, 1:0:0:0:1, 1:0:0:0:1, 2:0:0:0:0, 1:0:0:0:1, 1:0:0:0:0, 1:0:0:0:0, 2:0:0:0:0, 1:0:0:0:0, 1:0:0:0:0, 2:0:0:0:1, 3:0:0:0:0, 3:0:0:0:0, 1:0:0:0:1, 2:0:0:0:0, 2:0:0:0:0, 3:0:0:0:0, 1:0:0:0:0, 1:0:0:0:0, 3:0:0:0:1, 3:0:0:0:0, 1:0:0:0:0, 3:0:0:0:0, 2:0:0:0:0, 1:0:0:0:0, 2:0:0:0:0, 3:0:0:0:1, 2:0:0:0:0, 3:0:0:0:0, 1:0:0:0:0, 2:0:0:0:1, 3:0:0:0:0, 2:0:0:0:0, 2:0:0:0:0, 1:0:0:0:1, 2:0:0:0:0, 1:0:0:0:0, 1:0:0:0:0, 1:0:0:0:0, 3:0:0:0:0, 1:0:0:0:1, 1:0:0:0:0, 1:0:0:0:1, 0:0:0:0:0, 3:0:0:0:0, 0:0:0:0:0, 2:0:0:0:0, 1:0:0:0:0, 1:0:0:0:0, 1:0:0:0:1, 1:0:0:0:1, 2:0:0:0:0, 3:0:0:0:0, 1:0:0:0:0, 3:0:0:0:1, 2:0:0:0:0, 3:0:0:0:0, 1:0:0:0:1, 1:0:0:0:0, 0:0:0:0:0, 3:0:0:0:0, 1:0:0:0:1, 2:0:0:0:0, 1:0:0:0:1, 2:0:0:0:0, 1:0:0:0:1, 1:0:0:0:1, 3:0:0:0:0, 1:0:0:0:1, 2:0:0:0:0, 1:0:0:0:0, 3:0:0:0:0, 1:0:0:0:0, 2:0:0:0:0, 1:0:0:0:0, 0:0:0:0:0, 1:0:0:0:0, 0:0:0:0:0, 2:0:0:0:0, 1:0:0:0:0, 2:0:0:0:0, 2:0:0:0:1, 0:0:0:0:0, 2:0:0:0:0, 2:0:0:0:0, 1:0:0:0:0, 2:0:0:0:0, 2:0:0:0:0, 1:0:0:0:0, 1:0:0:0:0, 1:0:0:0:1, 0:0:0:0:0, 3:0:0:0:0, 2:0:0:0:1, 2:0:0:0:0, 2:0:0:0:2, 2:0:0:0:0, 1:0:0:0:1, 1:0:0:0:1, 2:0:0:0:0, 1:0:0:0:1, 1:0:0:0:0, 1:0:0:0:0, 2:0:0:0:0, 1:0:0:0:0, 1:0:0:0:0, 2:0:0:0:1, 1:0:0:0:0, 3:0:0:0:0, 1:0:0:0:1, 2:0:0:0:0, 2:0:0:0:0, 3:0:0:0:0, 1:0:0:0:1, 1:0:0:0:0, 3:0:0:0:1, 3:0:0:0:0, 1:0:0:0:0, 3:0:0:0:0, 3:0:0:0:0, 1:0:0:0:0, 2:0:0:0:0, 3:0:0:0:1, 2:0:0:0:0, 3:0:0:0:0, 1:0:0:0:0, 2:0:0:0:1, 3:0:0:0:0, 2:0:0:0:0, 2:0:0:0:0, 1:0:0:0:1, 2:0:0:0:0, 1:0:0:0:0, 1:0:0:0:0, 1:0:0:0:0, 3:0:0:0:0, 1:0:0:0:1, 1:0:0:0:0, 1:0:0:0:1, 0:0:0:0:0, 3:0:0:0:0, 0:0:0:0:0, 2:0:0:0:0, 2:0:0:0:0, 2:0:0:0:0, 1:0:0:0:1, 1:0:0:0:1, 2:0:0:0:0, 3:0:0:0:0, 1:0:0:0:0, 3:0:0:0:0, 2:0:0:0:0, 3:0:0:0:0, 1:0:0:0:1, 1:0:0:0:0, 0:0:0:0:0, 3:0:0:0:0, 1:0:0:0:1, 3:0:0:0:0, 1:0:0:0:1, 2:0:0:0:0, 1:0:0:0:1, 1:0:0:0:1, 2:0:0:0:0, 1:0:0:0:1, 2:0:0:0:0, 1:0:0:0:0, 4:0:0:0:0, 1:0:0:0:0, 2:0:0:0:0, 2:0:0:0:0, 0:0:0:0:0, 1:0:0:0:0, 0:0:0:0:0, 2:0:0:0:0, 2:0:0:0:0, 2:0:0:0:0, 1:0:0:0:0, 0:0:0:0:0, 1:0:0:0:0, 0:0:0:0:0, 0:0:0:0:0, 1:0:0:0:0, 1:0:0:0:0, 0:0:0:0:0, 3:0:1:0:1, 1:0:0:0:0, 1:0:0:0:0, 1:0:0:0:0, 498:0:2:0:74
F major (1b), 2:0:0:0:0, 1:0:0:0:0, 1:0:0:0:0, 2:0:0:0:0, 0:0:0:0:0, 1:0:0:0:0, 2:0:0:0:0, 0:0:0:0:0, 1:0:0:0:0, 1:0:0:0:0, 1:0:0:0:0, 2:0:0:0:0, 2:0:0:0:0, 1:0:0:0:0, 1:0:0:0:0, 1:1:0:0:1, 1:0:0:0:0, 0:0:0:0:0, 0:0:0:0:0, 3:0:0:0:0, 2:0:0:0:0, 0:0:0:0:0, 2:0:0:0:0, 1:0:1:0:1, 2:0:0:0:0, 3:0:0:0:0, 1:1:0:0:1, 5:0:0:0:0, 1:0:0:0:0, 2:0:0:0:0, 2:0:1:0:1, 1:0:0:0:0, 1:0:0:0:0, 1:0:0:0:0, 1:0:0:0:0, 2:0:0:0:0, 1:1:0:0:1, 4:0:0:0:0, 0:0:0:0:0, 0:0:0:0:0, 2:0:0:0:0, 2:0:0:0:0, 1:0:0:0:0, 2:0:0:0:0, 2:0:0:0:0, 2:0:0:0:0, 3:0:0:0:0, 0:0:0:0:0, 2:1:0:0:1, 1:0:0:0:0, 1:0:0:0:0, 2:0:0:0:0, 2:0:0:0:0, 2:0:0:0:0, 0:0:0:0:0, 1:0:0:0:0, 1:0:0:0:0, 0:0:0:0:0, 1:0:0:0:0, 4:0:0:0:0, 1:0:0:0:0, 1:0:0:0:0, 1:0:0:0:0, 2:0:0:0:0, 1:0:0:0:0, 3:0:0:0:0, 1:0:0:0:0, 2:0:0:0:0, 2:0:0:0:0, 1:0:0:0:0, 0:0:0:0:0, 2:0:0:0:0, 2:0:0:0:0, 2:0:0:0:0, 2:0:0:0:0, 3:0:0:0:0, 2:0:0:0:0, 1:0:0:0:0, 1:0:0:0:0, 1:0:0:0:0, 2:0:0:0:0, 1:0:1:0:1, 1:1:0:0:1, 3:0:0:0:0, 1:0:0:0:0, 2:0:0:0:0, 0:0:0:0:0, 2:1:0:0:1, 1:0:0:0:0, 1:0:0:0:0, 0:0:0:0:0, 3:0:0:0:0, 1:0:0:0:0, 1:0:0:0:0, 1:0:0:0:0, 1:0:0:0:0, 1:0:0:0:0, 1:0:0:0:0, 3:0:0:0:0, 3:0:0:0:0, 1:0:1:0:1, 2:0:0:0:0, 2:0:0:0:0, 0:0:0:0:0, 1:0:0:0:0, 0:0:0:0:0, 1:0:0:0:0, 2:0:0:0:0, 0:0:0:0:0, 2:0:0:0:0, 1:0:0:0:0, 0:0:0:0:0, 2:0:0:0:0, 1:0:0:0:0, 1:0:0:0:0, 2:0:0:0:0, 1:0:0:0:0, 1:0:0:0:0, 1:0:0:0:0, 1:0:0:0:0, 1:1:0:0:1, 0:0:0:0:0, 1:0:0:0:0, 3:0:0:0:0, 1:0:0:0:0, 0:0:0:0:0, 2:0:0:0:0, 2:0:0:0:0, 2:0:0:0:0, 1:0:0:0:0, 1:0:0:0:0, 3:0:0:0:0, 2:0:0:0:0, 2:0:0:0:0, 0:0:0:0:0, 2:1:0:0:1, 2:0:0:0:0, 0:0:0:0:0, 2:0:0:0:0, 3:0:0:0:0, 0:0:0:0:0, 1:0:0:0:0, 3:0:0:0:0, 1:0:0:0:0, 2:0:0:0:0, 1:0:0:0:0, 1:1:0:0:1, 4:0:0:0:0, 1:0:0:0:0, 1:0:0:0:0, 1:0:0:0:0, 1:0:0:0:0, 1:0:0:0:0, 0:0:0:0:0, 1:0:0:0:0, 2:0:0:0:0, 1:1:0:0:1, 0:0:0:0:0, 1:0:0:0:0, 0:0:0:0:0, 2:0:0:0:0, 0:0:0:0:0, 1:0:0:0:0, 2:0:0:0:0, 0:0:0:0:0, 2:0:0:0:0, 1:0:0:0:0, 1:0:0:0:0, 2:0:0:0:0, 2:0:0:0:0, 2:1:0:0:1, 3:0:0:0:0, 2:0:0:0:0, 1:0:0:0:0, 1:0:0:0:0, 0:0:0:0:0, 2:0:0:0:0, 2:0:0:0:0, 1:0:0:0:0, 2:1:0:0:1, 1:0:0:0:0, 1:0:0:0:0, 1:0:0:0:0, 2:0:0:0:0, 1:1:0:0:1, 1:0:0:0:0, 2:0:0:0:0, 2:0:0:0:0, 1:0:0:0:0, 1:0:0:0:0, 1:0:0:0:0, 0:0:0:0:0, 0:0:0:0:0, 0:0:0:0:0, 1:0:0:0:0, 2:0:0:0:0, 1:0:0:0:0, 1:1:0:0:1, 0:0:0:0:0, 1:0:0:0:0, 1:0:0:0:0, 0:0:0:0:0, 1:0:0:0:0, 3:0:0:0:0, 0:0:0:0:0, 2:0:0:0:0, 1:0:0:0:0, 0:0:0:0:0, 2:0:0:0:0, 1:0:0:0:0, 1:0:0:0:0, 3:0:0:0:0, 1:0:0:0:0, 1:0:0:0:0, 1:0:0:0:0, 1:0:0:0:0, 1:1:0:0:1, 0:0:0:0:0, 1:0:0:0:0, 3:0:0:0:0, 1:0:0:0:0, 0:0:0:0:0, 2:0:0:0:0, 0:0:0:0:0, 2:0:0:0:0, 1:0:0:0:0, 1:0:0:0:0, 3:0:0:0:0, 2:0:0:0:0, 2:0:0:0:0, 0:0:0:0:0, 2:1:0:0:1, 2:0:0:0:0, 0:0:0:0:0, 2:0:0:0:0, 4:0:0:0:0, 0:0:0:0:0, 1:0:0:0:0, 3:0:0:0:0, 1:0:0:0:0, 2:0:0:0:0, 1:0:0:0:0, 1:1:0:0:1, 4:0:0:0:0, 1:0:0:0:0, 1:0:0:0:0, 1:0:0:0:0, 1:0:0:0:0, 1:0:0:0:0, 0:0:0:0:0, 1:0:0:0:0, 2:0:0:0:0, 1:1:0:0:1, 0:0:0:0:0, 1:0:0:0:0, 0:0:0:0:0, 2:0:0:0:0, 0:0:0:0:0, 1:0:0:0:0, 3:0:0:0:0, 1:0:0:0:0, 2:0:0:0:0, 1:0:0:0:0, 1:0:0:0:0, 2:0:0:0:0, 2:0:0:0:0, 2:0:0:0:0, 3:0:0:0:0, 2:0:0:0:0, 1:0:0:0:0, 1:0:0:0:0, 0:0:0:0:0, 2:0:0:0:0, 2:0:0:0:0, 2:0:0:0:0, 2:1:0:0:1, 1:0:0:0:0, 1:0:0:0:0, 1:0:0:0:0, 1:0:0:0:0, 1:1:0:0:1, 1:0:0:0:0, 2:0:0:0:0, 3:0:0:0:0, 1:0:0:0:0, 1:0:0:0:0, 2:0:0:0:0, 0:0:0:0:0, 0:0:0:0:0, 0:0:0:0:0, 1:0:0:0:0, 3:0:0:0:0, 1:0:0:0:0, 0:0:0:0:0, 0:0:0:0:0, 0:0:0:0:0, 0:0:0:0:0, 0:0:0:0:0, 1:0:0:0:0, 1:0:0:0:0, 0:0:0:0:0, 4:0:1:0:1, 0:0:0:0:0, 0:0:0:0:0, 0:0:0:0:0, 399:20:5:0:25
G major (1#), 4:2:0:0:0, 1:0:0:0:0, 2:3:0:0:0, 0:0:0:0:0, 2:3:0:0:0, 0:0:0:0:0, 1:0:0:0:1, 1:0:0:0:0, 3:3:0:0:0, 1:0:0:0:0, 3:2:0:0:0, 0:0:0:0:0, 3:1:0:0:0, 1:0:0:0:0, 1:0:0:0:0, 2:2:0:0:0, 2:0:0:0:1, 2:3:0:0:0, 0:0:0:0:0, 4:4:0:0:2, 3:0:0:0:1, 1:3:0:0:0, 1:0:0:0:0, 2:0:0:0:1, 3:2:0:0:0, 2:0:0:0:0, 2:2:0:0:0, 3:0:0:0:2, 3:3:0:0:0, 0:0:0:0:0, 3:1:0:0:1, 3:4:0:0:0, 0:0:0:0:0, 2:0:0:0:2, 2:3:0:0:1, 3:3:0:0:4, 0:0:0:0:0, 2:0:0:0:2, 1:2:0:0:0, 1:2:0:0:0, 3:2:0:0:0, 1:0:0:0:0, 2:3:0:0:0, 1:0:1:0:1, 3:2:0:0:0, 2:0:0:0:1, 3:0:0:0:1, 2:1:0:0:0, 3:2:0:0:0, 3:1:0:0:0, 2:3:0:0:0, 1:0:0:0:1, 3:2:0:0:0, 1:0:0:0:0, 2:1:0:0:0, 2:2:0:0:0, 2:0:0:0:1, 2:2:0:0:0, 1:0:0:0:0, 5:4:0:0:1, 2:0:0:0:1, 2:2:0:0:0, 0:0:0:0:0, 3:0:0:0:1, 3:2:0:0:0, 3:1:0:0:1, 2:1:0:0:1, 1:0:0:0:1, 3:2:0:0:0, 1:0:0:0:0, 2:1:0:0:0, 3:2:0:0:1, 4:1:0:0:0, 2:1:0:0:0, 3:3:0:0:2, 1:0:0:0:1, 3:2:0:0:0, 1:0:0:0:0, 1:0:0:0:0, 2:0:0:0:1, 3:3:0:0:2, 2:1:0:0:0, 2:2:0:0:0, 1:1:0:0:0, 3:2:0:0:0, 1:0:0:0:0, 1:0:0:0:0, 3:3:0:0:0, 2:0:0:0:1, 3:1:0:0:0, 0:0:0:0:0, 3:5:0:0:1, 2:0:0:0:1, 3:2:0:0:0, 0:0:0:0:0, 1:0:0:0:0, 2:4:0:0:1, 1:0:0:0:0, 4:1:0:0:1, 1:0:0:0:1, 3:4:1:0:1, 1:0:0:0:0, 4:1:0:0:3, 2:1:0:0:0, 3:2:0:0:1, 2:1:0:0:0, 3:3:0:0:0, 0:0:0:0:0, 2:3:0:0:0, 0:0:0:0:0, 2:0:0:0:1, 1:0:0:0:0, 3:2:0:0:0, 2:0:0:0:1, 2:3:0:0:0, 1:0:1:0:1, 3:2:0:0:0, 1:0:0:0:0, 1:0:0:0:0, 2:2:0:0:0, 2:0:0:0:1, 2:3:0:0:0, 1:0:0:0:0, 2:5:0:0:0, 2:0:0:0:1, 2:3:0:0:0, 2:0:0:0:1, 4:1:0:0:0, 4:2:0:0:0, 1:0:0:0:0, 2:4:0:0:1, 1:0:0:0:1, 3:2:0:0:0, 0:0:0:0:0, 2:2:0:0:0, 3:3:0:0:1, 4:1:0:0:1, 2:0:0:0:1, 4:2:0:0:1, 1:0:0:0:1, 2:3:0:0:0, 2:1:0:0:2, 3:0:0:0:1, 3:2:0:0:1, 3:2:0:0:0, 2:0:0:0:0, 3:2:0:0:0, 2:0:0:0:2, 3:3:0:0:0, 3:1:0:0:0, 1:0:0:0:0, 3:3:0:0:1, 2:0:0:0:1, 2:2:0:0:0, 1:0:0:0:0, 3:4:0:0:1, 2:0:0:0:1, 2:3:0:0:0, 1:0:0:0:0, 1:0:0:0:0, 3:2:0:0:0, 1:0:0:0:0, 2:3:0:0:0, 0:0:0:0:0, 2:3:0:0:0, 1:0:0:0:0, 1:0:0:0:0, 3:3:0:0:0, 4:2:0:0:1, 2:0:0:0:0, 4:1:0:0:1, 1:0:0:0:1, 3:2:0:0:0, 1:0:0:0:0, 0:0:0:0:0, 1:0:0:0:0, 3:2:0:0:0, 1:0:0:0:0, 2:3:0:0:1, 1:0:0:0:1, 2:2:0:0:0, 1:0:0:0:0, 1:0:0:0:0, 3:2:0:0:1, 2:0:0:0:1, 2:3:0:0:1, 2:0:0:0:1, 3:4:0:0:1, 2:0:0:0:2, 3:2:0:0:1, 0:0:0:0:0, 1:0:0:0:0, 1:3:0:0:0, 1:0:0:0:0, 3:3:0:0:0, 0:0:0:0:0, 3:2:0:0:0, 2:1:0:0:0, 1:0:0:0:0, 2:3:1:0:1, 3:2:0:0:1, 2:1:0:0:0, 3:3:0:0:0, 1:0:0:0:1, 2:3:0:0:0, 0:0:0:0:0, 1:0:0:0:0, 1:0:0:0:0, 3:2:0:0:0, 2:0:0:0:1, 2:3:0:0:0, 2:0:1:0:2, 3:2:0:0:0, 1:0:0:0:0, 1:0:0:0:0, 2:2:0:0:0, 2:0:0:0:1, 2:3:0:0:0, 1:0:0:0:0, 2:5:0:0:0, 2:0:0:0:1, 2:3:0:0:0, 2:0:0:0:1, 2:1:0:0:0, 4:2:0:0:0, 1:0:0:0:0, 2:5:0:0:2, 1:0:0:0:1, 3:2:0:0:0, 1:0:0:0:0, 2:1:0:0:0, 3:2:0:0:1, 4:1:0:0:1, 2:0:0:0:1, 4:2:0:0:1, 2:0:0:0:1, 2:3:0:0:0, 2:1:0:0:2, 3:0:0:0:1, 3:2:0:0:1, 3:2:0:0:0, 2:0:0:0:0, 3:2:0:0:0, 2:0:0:0:2, 3:3:0:0:0, 3:1:0:0:0, 1:0:0:0:0, 3:3:0:0:1, 2:0:0:0:1, 2:2:0:0:0, 1:0:0:0:0, 3:4:0:0:1, 2:0:0:0:1, 2:3:0:0:0, 1:0:0:0:0, 1:0:0:0:0, 3:2:0:0:0, 1:0:0:0:0, 2:3:0:0:0, 1:0:0:0:1, 3:3:0:0:0, 1:0:0:0:0, 1:0:0:0:0, 3:3:0:0:0, 4:2:0:0:1, 2:0:0:0:0, 4:1:0:0:1, 1:0:0:0:1, 3:2:0:0:0, 1:0:0:0:0, 0:0:0:0:0, 1:0:0:0:0, 3:2:0:0:0, 1:0:0:0:0, 3:2:0:0:0, 1:0:0:0:1, 2:2:0:0:0, 1:0:0:0:0, 1:0:0:0:0, 2:2:0:0:0, 2:0:0:0:1, 2:3:0:0:1, 2:0:0:0:1, 4:4:0:0:1, 2:0:0:0:2, 3:2:0:0:1, 1:1:0:0:1, 1:0:0:0:0, 1:3:0:0:0, 1:0:0:0:0, 3:3:0:0:0, 1:0:0:0:0, 3:3:0:0:0, 1:1:0:0:0, 1:0:0:0:0, 2:3:0:0:0, 0:0:0:0:0, 1:0:0:0:0, 1:4:0:0:0, 1:4:0:0:4, 0:0:0:0:0, 2:3:1:0:1, 1:0:0:0:1, 1:0:0:0:1, 1:0:0:0:1, 591:369:6:0:131
D minor (1b), 2:0:0:0:0, 1:0:0:0:0, 1:0:0:0:0, 2:0:0:0:0, 0:0:0:0:0, 1:0:0:0:0, 2:0:0:0:0, 0:0:0:0:0, 1:0:0:0:0, 1:0:0:0:0, 1:0:0:0:0, 2:0:0:0:0, 2:0:0:0:0, 1:0:0:0:0, 1:0:0:0:0, 1:1:0:0:1, 1:0:0:0:0, 0:0:0:0:0, 0:0:0:0:0, 3:0:0:0:0, 2:0:0:0:0, 0:0:0:0:0, 2:0:0:0:0, 1:0:1:0:1, 2:0:0:0:0, 3:0:0:0:0, 1:1:0:0:1, 5:0:0:0:0, 1:0:0:0:0, 2:0:0:0:0, 2:0:1:0:1, 1:0:0:0:0, 1:0:0:0:0, 1:0:0:0:0, 1:0:0:0:0, 2:0:0:0:0, 1:1:0:0:1, 4:0:0:0:0, 0:0:0:0:0, 0:0:0:0:0, 2:0:0:0:0, 2:0:0:0:0, 1:0:0:0:0, 2:0:0:0:0, 2:0:0:0:0, 2:0:0:0:0, 3:0:0:0:0, 0:0:0:0:0, 2:1:0:0:1, 1:0:0:0:0, 1:0:0:0:0, 2:0:0:0:0, 2:0:0:0:0, 2:0:0:0:0, 0:0:0:0:0, 1:0:0:0:0, 1:0:0:0:0, 0:0:0:0:0, 1:0:0:0:0, 4:0:0:0:0, 1:0:0:0:0, 1:0:0:0:0, 1:0:0:0:0, 2:0:0:0:0, 1:0:0:0:0, 3:0:0:0:0, 1:0:0:0:0, 2:0:0:0:0, 2:0:0:0:0, 1:0:0:0:0, 0:0:0:0:0, 2:0:0:0:0, 2:0:0:0:0, 2:0:0:0:0, 2:0:0:0:0, 3:0:0:0:0, 2:0:0:0:0, 1:0:0:0:0, 1:0:0:0:0, 1:0:0:0:0, 2:0:0:0:0, 1:0:1:0:1, 1:1:0:0:1, 3:0:0:0:0, 1:0:0:0:0, 2:0:0:0:0, 0:0:0:0:0, 2:1:0:0:1, 1:0:0:0:0, 1:0:0:0:0, 0:0:0:0:0, 3:0:0:0:0, 1:0:0:0:0, 1:0:0:0:0, 1:0:0:0:0, 1:0:0:0:0, 1:0:0:0:0, 1:0:0:0:0, 3:0:0:0:0, 3:0:0:0:0, 1:0:1:0:1, 2:0:0:0:0, 2:0:0:0:0, 0:0:0:0:0, 1:0:0:0:0, 0:0:0:0:0, 1:0:0:0:0, 2:0:0:0:0, 0:0:0:0:0, 2:0:0:0:0, 1:0:0:0:0, 0:0:0:0:0, 2:0:0:0:0, 1:0:0:0:0, 1:0:0:0:0, 2:0:0:0:0, 1:0:0:0:0, 1:0:0:0:0, 1:0:0:0:0, 1:0:0:0:0, 1:1:0:0:1, 0:0:0:0:0, 1:0:0:0:0, 3:0:0:0:0, 1:0:0:0:0, 0:0:0:0:0, 2:0:0:0:0, 2:0:0:0:0, 2:0:0:0:0, 1:0:0:0:0, 1:0:0:0:0, 3:0:0:0:0, 2:0:0:0:0, 2:0:0:0:0, 0:0:0:0:0, 2:1:0:0:1, 2:0:0:0:0, 0:0:0:0:0, 2:0:0:0:0, 3:0:0:0:0, 0:0:0:0:0, 1:0:0:0:0, 3:0:0:0:0, 1:0:0:0:0, 2:0:0:0:0, 1:0:0:0:0, 1:1:0:0:1, 4:0:0:0:0, 1:0:0:0:0, 1:0:0:0:0, 1:0:0:0:0, 1:0:0:0:0, 1:0:0:0:0, 0:0:0:0:0, 1:0:0:0:0, 2:0:0:0:0, 1:1:0:0:1, 0:0:0:0:0, 1:0:0:0:0, 0:0:0:0:0, 2:0:0:0:0, 0:0:0:0:0, 1:0:0:0:0, 2:0:0:0:0, 0:0:0:0:0, 2:0:0:0:0, 1:0:0:0:0, 1:0:0:0:0, 2:0:0:0:0, 2:0:0:0:0, 2:1:0:0:1, 3:0:0:0:0, 2:0:0:0:0, 1:0:0:0:0, 1:0:0:0:0, 0:0:0:0:0, 2:0:0:0:0, 2:0:0:0:0, 1:0:0:0:0, 2:1:0:0:1, 1:0:0:0:0, 1:0:0:0:0, 1:0:0:0:0, 2:0:0:0:0, 1:1:0:0:1, 1:0:0:0:0, 2:0:0:0:0, 2:0:0:0:0, 1:0:0:0:0, 1:0:0:0:0, 1:0:0:0:0, 0:0:0:0:0, 0:0:0:0:0, 0:0:0:0:0, 1:0:0:0:0, 2:0:0:0:0, 1:0:0:0:0, 1:1:0:0:1, 0:0:0:0:0, 1:0:0:0:0, 1:0:0:0:0, 0:0:0:0:0, 1:0:0:0:0, 3:0:0:0:0, 0:0:0:0:0, 2:0:0:0:0, 1:0:0:0:0, 0:0:0:0:0, 2:0:0:0:0, 1:0:0:0:0, 1:0:0:0:0, 3:0:0:0:0, 1:0:0:0:0, 1:0:0:0:0, 1:0:0:0:0, 1:0:0:0:0, 1:1:0:0:1, 0:0:0:0:0, 1:0:0:0:0, 3:0:0:0:0, 1:0:0:0:0, 0:0:0:0:0, 2:0:0:0:0, 0:0:0:0:0, 2:0:0:0:0, 1:0:0:0:0, 1:0:0:0:0, 3:0:0:0:0, 2:0:0:0:0, 2:0:0:0:0, 0:0:0:0:0, 2:1:0:0:1, 2:0:0:0:0, 0:0:0:0:0, 2:0:0:0:0, 4:0:0:0:0, 0:0:0:0:0, 1:0:0:0:0, 3:0:0:0:0, 1:0:0:0:0, 2:0:0:0:0, 1:0:0:0:0, 1:1:0:0:1, 4:0:0:0:0, 1:0:0:0:0, 1:0:0:0:0, 1:0:0:0:0, 1:0:0:0:0, 1:0:0:0:0, 0:0:0:0:0, 1:0:0:0:0, 2:0:0:0:0, 1:1:0:0:1, 0:0:0:0:0, 1:0:0:0:0, 0:0:0:0:0, 2:0:0:0:0, 0:0:0:0:0, 1:0:0:0:0, 3:0:0:0:0, 1:0:0:0:0, 2:0:0:0:0, 1:0:0:0:0, 1:0:0:0:0, 2:0:0:0:0, 2:0:0:0:0, 2:0:0:0:0, 3:0:0:0:0, 2:0:0:0:0, 1:0:0:0:0, 1:0:0:0:0, 0:0:0:0:0, 2:0:0:0:0, 2:0:0:0:0, 2:0:0:0:0, 2:1:0:0:1, 1:0:0:0:0, 1:0:0:0:0, 1:0:0:0:0, 1:0:0:0:0, 1:1:0:0:1, 1:0:0:0:0, 2:0:0:0:0, 3:0:0:0:0, 1:0:0:0:0, 1:0:0:0:0, 2:0:0:0:0, 0:0:0:0:0, 0:0:0:0:0, 0:0:0:0:0, 1:0:0:0:0, 3:0:0:0:0, 1:0:0:0:0, 0:0:0:0:0, 0:0:0:0:0, 0:0:0:0:0, 0:0:0:0:0, 0:0:0:0:0, 1:0:0:0:0, 1:0:0:0:0, 0:0:0:0:0, 4:0:1:0:1, 0:0:0:0:0, 0:0:0:0:0, 0:0:0:0:0, 399:20:5:0:25
E minor (1#), 4:2:0:0:0, 1:0:0:0:0, 2:3:0:0:0, 0:0:0:0:0, 2:3:0:0:0, 0:0:0:0:0, 1:0:0:0:1, 1:0:0:0:0, 3:3:0:0:0, 1:0:0:0:0, 3:2:0:0:0, 0:0:0:0:0, 3:1:0:0:0, 1:0:0:0:0, 1:0:0:0:0, 2:2:0:0:0, 2:0:0:0:1, 2:3:0:0:0, 0:0:0:0:0, 4:4:0:0:2, 3:0:0:0:1, 1:3:0:0:0, 1:0:0:0:0, 2:0:0:0:1, 3:2:0:0:0, 2:0:0:0:0, 2:2:0:0:0, 3:0:0:0:2, 3:3:0:0:0, 0:0:0:0:0, 3:1:0:0:1, 3:4:0:0:0, 0:0:0:0:0, 2:0:0:0:2, 2:3:0:0:1, 3:3:0:0:4, 0:0:0:0:0, 2:0:0:0:2, 1:2:0:0:0, 1:2:0:0:0, 3:2:0:0:0, 1:0:0:0:0, 2:3:0:0:0, 1:0:1:0:1, 3:2:0:0:0, 2:0:0:0:1, 3:0:0:0:1, 2:1:0:0:0, 3:2:0:0:0, 3:1:0:0:0, 2:3:0:0:0, 1:0:0:0:1, 3:2:0:0:0, 1:0:0:0:0, 2:1:0:0:0, 2:2:0:0:0, 2:0:0:0:1, 2:2:0:0:0, 1:0:0:0:0, 5:4:0:0:1, 2:0:0:0:1, 2:2:0:0:0, 0:0:0:0:0, 3:0:0:0:1, 3:2:0:0:0, 3:1:0:0:1, 2:1:0:0:1, 1:0:0:0:1, 3:2:0:0:0, 1:0:0:0:0, 2:1:0:0:0, 3:2:0:0:1, 4:1:0:0:0, 2:1:0:0:0, 3:3:0:0:2, 1:0:0:0:1, 3:2:0:0:0, 1:0:0:0:0, 1:0:0:0:0, 2:0:0:0:1, 3:3:0:0:2, 2:1:0:0:0, 2:2:0:0:0, 1:1:0:0:0, 3:2:0:0:0, 1:0:0:0:0, 1:0:0:0:0, 3:3:0:0:0, 2:0:0:0:1, 3:1:0:0:0, 0:0:0:0:0, 3:5:0:0:1, 2:0:0:0:1, 3:2:0:0:0, 0:0:0:0:0, 1:0:0:0:0, 2:4:0:0:1, 1:0:0:0:0, 4:1:0:0:1, 1:0:0:0:1, 3:4:1:0:1, 1:0:0:0:0, 4:1:0:0:3, 2:1:0:0:0, 3:2:0:0:1, 2:1:0:0:0, 3:3:0:0:0, 0:0:0:0:0, 2:3:0:0:0, 0:0:0:0:0, 2:0:0:0:1, 1:0:0:0:0, 3:2:0:0:0, 2:0:0:0:1, 2:3:0:0:0, 1:0:1:0:1, 3:2:0:0:0, 1:0:0:0:0, 1:0:0:0:0, 2:2:0:0:0, 2:0:0:0:1, 2:3:0:0:0, 1:0:0:0:0, 2:5:0:0:0, 2:0:0:0:1, 2:3:0:0:0, 2:0:0:0:1, 4:1:0:0:0, 4:2:0:0:0, 1:0:0:0:0, 2:4:0:0:1, 1:0:0:0:1, 3:2:0:0:0, 0:0:0:0:0, 2:2:0:0:0, 3:3:0:0:1, 4:1:0:0:1, 2:0:0:0:1, 4:2:0:0:1, 1:0:0:0:1, 2:3:0:0:0, 2:1:0:0:2, 3:0:0:0:1, 3:2:0:0:1, 3:2:0:0:0, 2:0:0:0:0, 3:2:0:0:0, 2:0:0:0:2, 3:3:0:0:0, 3:1:0:0:0, 1:0:0:0:0, 3:3:0:0:1, 2:0:0:0:1, 2:2:0:0:0, 1:0:0:0:0, 3:4:0:0:1, 2:0:0:0:1, 2:3:0:0:0, 1:0:0:0:0, 1:0:0:0:0, 3:2:0:0:0, 1:0:0:0:0, 2:3:0:0:0, 0:0:0:0:0, 2:3:0:0:0, 1:0:0:0:0, 1:0:0:0:0, 3:3:0:0:0, 4:2:0:0:1, 2:0:0:0:0, 4:1:0:0:1, 1:0:0:0:1, 3:2:0:0:0, 1:0:0:0:0, 0:0:0:0:0, 1:0:0:0:0, 3:2:0:0:0, 1:0:0:0:0, 2:3:0:0:1, 1:0:0:0:1, 2:2:0:0:0, 1:0:0:0:0, 1:0:0:0:0, 3:2:0:0:1, 2:0:0:0:1, 2:3:0:0:1, 2:0:0:0:1, 3:4:0:0:1, 2:0:0:0:2, 3:2:0:0:1, 0:0:0:0:0, 1:0:0:0:0, 1:3:0:0:0, 1:0:0:0:0, 3:3:0:0:0, 0:0:0:0:0, 3:2:0:0:0, 2:1:0:0:0, 1:0:0:0:0, 2:3:1:0:1, 3:2:0:0:1, 2:1:0:0:0, 3:3:0:0:0, 1:0:0:0:1, 2:3:0:0:0, 0:0:0:0:0, 1:0:0:0:0, 1:0:0:0:0, 3:2:0:0:0, 2:0:0:0:1, 2:3:0:0:0, 2:0:1:0:2, 3:2:0:0:0, 1:0:0:0:0, 1:0:0:0:0, 2:2:0:0:0, 2:0:0:0:1, 2:3:0:0:0, 1:0:0:0:0, 2:5:0:0:0, 2:0:0:0:1, 2:3:0:0:0, 2:0:0:0:1, 2:1:0:0:0, 4:2:0:0:0, 1:0:0:0:0, 2:5:0:0:2, 1:0:0:0:1, 3:2:0:0:0, 1:0:0:0:0, 2:1:0:0:0, 3:2:0:0:1, 4:1:0:0:1, 2:0:0:0:1, 4:2:0:0:1, 2:0:0:0:1, 2:3:0:0:0, 2:1:0:0:2, 3:0:0:0:1, 3:2:0:0:1, 3:2:0:0:0, 2:0:0:0:0, 3:2:0:0:0, 2:0:0:0:2, 3:3:0:0:0, 3:1:0:0:0, 1:0:0:0:0, 3:3:0:0:1, 2:0:0:0:1, 2:2:0:0:0, 1:0:0:0:0, 3:4:0:0:1, 2:0:0:0:1, 2:3:0:0:0, 1:0:0:0:0, 1:0:0:0:0, 3:2:0:0:0, 1:0:0:0:0, 2:3:0:0:0, 1:0:0:0:1, 3:3:0:0:0, 1:0:0:0:0, 1:0:0:0:0, 3:3:0:0:0, 4:2:0:0:1, 2:0:0:0:0, 4:1:0:0:1, 1:0:0:0:1, 3:2:0:0:0, 1:0:0:0:0, 0:0:0:0:0, 1:0:0:0:0, 3:2:0:0:0, 1:0:0:0:0, 3:2:0:0:0, 1:0:0:0:1, 2:2:0:0:0, 1:0:0:0:0, 1:0:0:0:0, 2:2:0:0:0, 2:0:0:0:1, 2:3:0:0:1, 2:0:0:0:1, 4:4:0:0:1, 2:0:0:0:2, 3:2:0:0:1, 1:1:0:0:1, 1:0:0:0:0, 1:3:0:0:0, 1:0:0:0:0, 3:3:0:0:0, 1:0:0:0:0, 3:3:0:0:0, 1:1:0:0:0, 1:0:0:0:0, 2:3:0:0:0, 0:0:0:0:0, 1:0:0:0:0, 1:4:0:0:0, 1:4:0:0:4, 0:0:0:0:0, 2:3:1:0:1, 1:0:0:0:1, 1:0:0:0:1, 1:0:0:0:1, 591:369:6:0:131
D minor mel (1b), 2:0:0:0:0, 1:0:0:0:0, 1:0:0:0:0, 2:0:0:0:0, 0:0:0:0:0, 1:0:0:0:0, 2:0:0:0:0, 0:0:0:0:0, 1:0:0:0:0, 1:0:0:0:0, 1:0:0:0:0, 2:0:0:0:0, 2:0:0:0:0, 1:0:0:0:0, 1:0:0:0:0, 1:1:0:0:1, 1:0:0:0:0, 0:0:0:0:0, 0:0:0:0:0, 3:0:0:0:0, 2:0:0:0:0, 0:0:0:0:0, 2:0:0:0:0, 1:0:1:0:1, 2:0:0:0:0, 3:0:0:0:0, 1:1:0:0:1, 5:0:0:0:0, 1:0:0:0:0, 2:0:0:0:0, 2:0:1:0:1, 1:0:0:0:0, 1:0:0:0:0, 1:0:0:0:0, 1:0:0:0:0, 2:0:0:0:0, 1:1:0:0:1, 4:0:0:0:0, 0:0:0:0:0, 0:0:0:0:0, 2:0:0:0:0, 2:0:0:0:0, 1:0:0:0:0, 2:0:0:0:0, 2:0:0:0:0, 2:0:0:0:0, 3:0:0:0:0, 0:0:0:0:0, 2:1:0:0:1, 1:0:0:0:0, 1:0:0:0:0, 2:0:0:0:0, 2:0:0:0:0, 2:0:0:0:0, 0:0:0:0:0, 1:0:0:0:0, 1:0:0:0:0, 0:0:0:0:0, 1:0:0:0:0, 4:0:0:0:0, 1:0:0:0:0, 1:0:0:0:0, 1:0:0:0:0, 2:0:0:0:0, 1:0:0:0:0, 3:0:0:0:0, 1:0:0:0:0, 2:0:0:0:0, 2:0:0:0:0, 1:0:0:0:0, 0:0:0:0:0, 2:0:0:0:0, 2:0:0:0:0, 2:0:0:0:0, 2:0:0:0:0, 3:0:0:0:0, 2:0:0:0:0, 1:0:0:0:0, 1:0:0:0:0, 1:0:0:0:0, 2:0:0:0:0, 1:0:1:0:1, 1:1:0:0:1, 3:0:0:0:0, 1:0:0:0:0, 2:0:0:0:0, 0:0:0:0:0, 2:1:0:0:1, 1:0:0:0:0, 1:0:0:0:0, 0:0:0:0:0, 3:0:0:0:0, 1:0:0:0:0, 1:0:0:0:0, 1:0:0:0:0, 1:0:0:0:0, 1:0:0:0:0, 1:0:0:0:0, 3:0:0:0:0, 3:0:0:0:0, 1:0:1:0:1, 2:0:0:0:0, 2:0:0:0:0, 0:0:0:0:0, 1:0:0:0:0, 0:0:0:0:0, 1:0:0:0:0, 2:0:0:0:0, 0:0:0:0:0, 2:0:0:0:0, 1:0:0:0:0, 0:0:0:0:0, 2:0:0:0:0, 1:0:0:0:0, 1:0:0:0:0, 2:0:0:0:0, 1:0:0:0:0, 1:0:0:0:0, 1:0:0:0:0, 1:0:0:0:0, 1:1:0:0:1, 0:0:0:0:0, 1:0:0:0:0, 3:0:0:0:0, 1:0:0:0:0, 0:0:0:0:0, 2:0:0:0:0, 2:0:0:0:0, 2:0:0:0:0, 1:0:0:0:0, 1:0:0:0:0, 3:0:0:0:0, 2:0:0:0:0, 2:0:0:0:0, 0:0:0:0:0, 2:1:0:0:1, 2:0:0:0:0, 0:0:0:0:0, 2:0:0:0:0, 3:0:0:0:0, 0:0:0:0:0, 1:0:0:0:0, 3:0:0:0:0, 1:0:0:0:0, 2:0:0:0:0, 1:0:0:0:0, 1:1:0:0:1, 4:0:0:0:0, 1:0:0:0:0, 1:0:0:0:0, 1:0:0:0:0, 1:0:0:0:0, 1:0:0:0:0, 0:0:0:0:0, 1:0:0:0:0, 2:0:0:0:0, 1:1:0:0:1, 0:0:0:0:0, 1:0:0:0:0, 0:0:0:0:0, 2:0:0:0:0, 0:0:0:0:0, 1:0:0:0:0, 2:0:0:0:0, 0:0:0:0:0, 2:0:0:0:0, 1:0:0:0:0, 1:0:0:0:0, 2:0:0:0:0, 2:0:0:0:0, 2:1:0:0:1, 3:0:0:0:0, 2:0:0:0:0, 1:0:0:0:0, 1:0:0:0:0, 0:0:0:0:0, 2:0:0:0:0, 2:0:0:0:0, 1:0:0:0:0, 2:1:0:0:1, 1:0:0:0:0, 1:0:0:0:0, 1:0:0:0:0, 2:0:0:0:0, 1:1:0:0:1, 1:0:0:0:0, 2:0:0:0:0, 2:0:0:0:0, 1:0:0:0:0, 1:0:0:0:0, 1:0:0:0:0, 0:0:0:0:0, 0:0:0:0:0, 0:0:0:0:0, 1:0:0:0:0, 2:0:0:0:0, 1:0:0:0:0, 1:1:0:0:1, 0:0:0:0:0, 1:0:0:0:0, 1:0:0:0:0, 0:0:0:0:0, 1:0:0:0:0, 3:0:0:0:0, 0:0:0:0:0, 2:0:0:0:0, 1:0:0:0:0, 0:0:0:0:0, 2:0:0:0:0, 1:0:0:0:0, 1:0:0:0:0, 3:0:0:0:0, 1:0:0:0:0, 1:0:0:0:0, 1:0:0:0:0, 1:0:0:0:0, 1:1:0:0:1, 0:0:0:0:0, 1:0:0:0:0, 3:0:0:0:0, 1:0:0:0:0, 0:0:0:0:0, 2:0:0:0:0, 0:0:0:0:0, 2:0:0:0:0, 1:0:0:0:0, 1:0:0:0:0, 3:0:0:0:0, 2:0:0:0:0, 2:0:0:0:0, 0:0:0:0:0, 2:1:0:0:1, 2:0:0:0:0, 0:0:0:0:0, 2:0:0:0:0, 4:0:0:0:0, 0:0:0:0:0, 1:0:0:0:0, 3:0:0:0:0, 1:0:0:0:0, 2:0:0:0:0, 1:0:0:0:0, 1:1:0:0:1, 4:0:0:0:0, 1:0:0:0:0, 1:0:0:0:0, 1:0:0:0:0, 1:0:0:0:0, 1:0:0:0:0, 0:0:0:0:0, 1:0:0:0:0, 2:0:0:0:0, 1:1:0:0:1, 0:0:0:0:0, 1:0:0:0:0, 0:0:0:0:0, 2:0:0:0:0, 0:0:0:0:0, 1:0:0:0:0, 3:0:0:0:0, 1:0:0:0:0, 2:0:0:0:0, 1:0:0:0:0, 1:0:0:0:0, 2:0:0:0:0, 2:0:0:0:0, 2:0:0:0:0, 3:0:0:0:0, 2:0:0:0:0, 1:0:0:0:0, 1:0:0:0:0, 0:0:0:0:0, 2:0:0:0:0, 2:0:0:0:0, 2:0:0:0:0, 2:1:0:0:1, 1:0:0:0:0, 1:0:0:0:0, 1:0:0:0:0, 1:0:0:0:0, 1:1:0:0:1, 1:0:0:0:0, 2:0:0:0:0, 3:0:0:0:0, 1:0:0:0:0, 1:0:0:0:0, 2:0:0:0:0, 0:0:0:0:0, 0:0:0:0:0, 0:0:0:0:0, 1:0:0:0:0, 3:0:0:0:0, 1:0:0:0:0, 0:0:0:0:0, 0:0:0:0:0, 0:0:0:0:0, 0:0:0:0:0, 0:0:0:0:0, 1:0:0:0:0, 1:0:0:0:0, 0:0:0:0:0, 4:0:1:0:1, 0:0:0:0:0, 0:0:0:0:0, 0:0:0:0:0, 399:20:5:0:25
E minor mel (1#), 4:2:0:0:0, 1:0:0:0:0, 2:3:0:0:0, 0:0:0:0:0, 2:3:0:0:0, 0:0:0:0:0, 1:0:0:0:1, 1:0:0:0:0, 3:3:0:0:0, 1:0:0:0:0, 3:2:0:0:0, 0:0:0:0:0, 3:1:0:0:0, 1:0:0:0:0, 1:0:0:0:0, 2:2:0:0:0, 2:0:0:0:1, 2:3:0:0:0, 0:0:0:0:0, 4:4:0:0:2, 3:0:0:0:1, 1:3:0:0:0, 1:0:0:0:0, 2:0:0:0:1, 3:2:0:0:0, 2:0:0:0:0, 2:2:0:0:0, 3:0:0:0:2, 3:3:0:0:0, 0:0:0:0:0, 3:1:0:0:1, 3:4:0:0:0, 0:0:0:0:0, 2:0:0:0:2, 2:3:0:0:1, 3:3:0:0:4, 0:0:0:0:0, 2:0:0:0:2, 1:2:0:0:0, 1:2:0:0:0, 3:2:0:0:0, 1:0:0:0:0, 2:3:0:0:0, 1:0:1:0:1, 3:2:0:0:0, 2:0:0:0:1, 3:0:0:0:1, 2:1:0:0:0, 3:2:0:0:0, 3:1:0:0:0, 2:3:0:0:0, 1:0:0:0:1, 3:2:0:0:0, 1:0:0:0:0, 2:1:0:0:0, 2:2:0:0:0, 2:0:0:0:1, 2:2:0:0:0, 1:0:0:0:0, 5:4:0:0:1, 2:0:0:0:1, 2:2:0:0:0, 0:0:0:0:0, 3:0:0:0:1, 3:2:0:0:0, 3:1:0:0:1, 2:1:0:0:1, 1:0:0:0:1, 3:2:0:0:0, 1:0:0:0:0, 2:1:0:0:0, 3:2:0:0:1, 4:1:0:0:0, 2:1:0:0:0, 3:3:0:0:2, 1:0:0:0:1, 3:2:0:0:0, 1:0:0:0:0, 1:0:0:0:0, 2:0:0:0:1, 3:3:0:0:2, 2:1:0:0:0, 2:2:0:0:0, 1:1:0:0:0, 3:2:0:0:0, 1:0:0:0:0, 1:0:0:0:0, 3:3:0:0:0, 2:0:0:0:1, 3:1:0:0:0, 0:0:0:0:0, 3:5:0:0:1, 2:0:0:0:1, 3:2:0:0:0, 0:0:0:0:0, 1:0:0:0:0, 2:4:0:0:1, 1:0:0:0:0, 4:1:0:0:1, 1:0:0:0:1, 3:4:1:0:1, 1:0:0:0:0, 4:1:0:0:3, 2:1:0:0:0, 3:2:0:0:1, 2:1:0:0:0, 3:3:0:0:0, 0:0:0:0:0, 2:3:0:0:0, 0:0:0:0:0, 2:0:0:0:1, 1:0:0:0:0, 3:2:0:0:0, 2:0:0:0:1, 2:3:0:0:0, 1:0:1:0:1, 3:2:0:0:0, 1:0:0:0:0, 1:0:0:0:0, 2:2:0:0:0, 2:0:0:0:1, 2:3:0:0:0, 1:0:0:0:0, 2:5:0:0:0, 2:0:0:0:1, 2:3:0:0:0, 2:0:0:0:1, 4:1:0:0:0, 4:2:0:0:0, 1:0:0:0:0, 2:4:0:0:1, 1:0:0:0:1, 3:2:0:0:0, 0:0:0:0:0, 2:2:0:0:0, 3:3:0:0:1, 4:1:0:0:1, 2:0:0:0:1, 4:2:0:0:1, 1:0:0:0:1, 2:3:0:0:0, 2:1:0:0:2, 3:0:0:0:1, 3:2:0:0:1, 3:2:0:0:0, 2:0:0:0:0, 3:2:0:0:0, 2:0:0:0:2, 3:3:0:0:0, 3:1:0:0:0, 1:0:0:0:0, 3:3:0:0:1, 2:0:0:0:1, 2:2:0:0:0, 1:0:0:0:0, 3:4:0:0:1, 2:0:0:0:1, 2:3:0:0:0, 1:0:0:0:0, 1:0:0:0:0, 3:2:0:0:0, 1:0:0:0:0, 2:3:0:0:0, 0:0:0:0:0, 2:3:0:0:0, 1:0:0:0:0, 1:0:0:0:0, 3:3:0:0:0, 4:2:0:0:1, 2:0:0:0:0, 4:1:0:0:1, 1:0:0:0:1, 3:2:0:0:0, 1:0:0:0:0, 0:0:0:0:0, 1:0:0:0:0, 3:2:0:0:0, 1:0:0:0:0, 2:3:0:0:1, 1:0:0:0:1, 2:2:0:0:0, 1:0:0:0:0, 1:0:0:0:0, 3:2:0:0:1, 2:0:0:0:1, 2:3:0:0:1, 2:0:0:0:1, 3:4:0:0:1, 2:0:0:0:2, 3:2:0:0:1, 0:0:0:0:0, 1:0:0:0:0, 1:3:0:0:0, 1:0:0:0:0, 3:3:0:0:0, 0:0:0:0:0, 3:2:0:0:0, 2:1:0:0:0, 1:0:0:0:0, 2:3:1:0:1, 3:2:0:0:1, 2:1:0:0:0, 3:3:0:0:0, 1:0:0:0:1, 2:3:0:0:0, 0:0:0:0:0, 1:0:0:0:0, 1:0:0:0:0, 3:2:0:0:0, 2:0:0:0:1, 2:3:0:0:0, 2:0:1:0:2, 3:2:0:0:0, 1:0:0:0:0, 1:0:0:0:0, 2:2:0:0:0, 2:0:0:0:1, 2:3:0:0:0, 1:0:0:0:0, 2:5:0:0:0, 2:0:0:0:1, 2:3:0:0:0, 2:0:0:0:1, 2:1:0:0:0, 4:2:0:0:0, 1:0:0:0:0, 2:5:0:0:2, 1:0:0:0:1, 3:2:0:0:0, 1:0:0:0:0, 2:1:0:0:0, 3:2:0:0:1, 4:1:0:0:1, 2:0:0:0:1, 4:2:0:0:1, 2:0:0:0:1, 2:3:0:0:0, 2:1:0:0:2, 3:0:0:0:1, 3:2:0:0:1, 3:2:0:0:0, 2:0:0:0:0, 3:2:0:0:0, 2:0:0:0:2, 3:3:0:0:0, 3:1:0:0:0, 1:0:0:0:0, 3:3:0:0:1, 2:0:0:0:1, 2:2:0:0:0, 1:0:0:0:0, 3:4:0:0:1, 2:0:0:0:1, 2:3:0:0:0, 1:0:0:0:0, 1:0:0:0:0, 3:2:0:0:0, 1:0:0:0:0, 2:3:0:0:0, 1:0:0:0:1, 3:3:0:0:0, 1:0:0:0:0, 1:0:0:0:0, 3:3:0:0:0, 4:2:0:0:1, 2:0:0:0:0, 4:1:0:0:1, 1:0:0:0:1, 3:2:0:0:0, 1:0:0:0:0, 0:0:0:0:0, 1:0:0:0:0, 3:2:0:0:0, 1:0:0:0:0, 3:2:0:0:0, 1:0:0:0:1, 2:2:0:0:0, 1:0:0:0:0, 1:0:0:0:0, 2:2:0:0:0, 2:0:0:0:1, 2:3:0:0:1, 2:0:0:0:1, 4:4:0:0:1, 2:0:0:0:2, 3:2:0:0:1, 1:1:0:0:1, 1:0:0:0:0, 1:3:0:0:0, 1:0:0:0:0, 3:3:0:0:0, 1:0:0:0:0, 3:3:0:0:0, 1:1:0:0:0, 1:0:0:0:0, 2:3:0:0:0, 0:0:0:0:0, 1:0:0:0:0, 1:4:0:0:0, 1:4:0:0:4, 0:0:0:0:0, 2:3:1:0:1, 1:0:0:0:1, 1:0:0:0:1, 1:0:0:0:1, 591:369:6:0:131
F major blues (1b), 2:0:0:0:0, 1:0:0:0:0, 1:0:0:0:0, 2:0:0:0:0, 0:0:0:0:0, 1:0:0:0:0, 2:0:0:0:0, 0:0:0:0:0, 1:0:0:0:0, 1:0:0:0:0, 1:0:0:0:0, 2:0:0:0:0, 2:0:0:0:0, 1:0:0:0:0, 1:0:0:0:0, 1:1:0:0:1, 1:0:0:0:0, 0:0:0:0:0, 0:0:0:0:0, 3:0:0:0:0, 2:0:0:0:0, 0:0:0:0:0, 2:0:0:0:0, 1:0:1:0:1, 2:0:0:0:0, 3:0:0:0:0, 1:1:0:0:1, 5:0:0:0:0, 1:0:0:0:0, 2:0:0:0:0, 2:0:1:0:1, 1:0:0:0:0, 1:0:0:0:0, 1:0:0:0:0, 1:0:0:0:0, 2:0:0:0:0, 1:1:0:0:1, 4:0:0:0:0, 0:0:0:0:0, 0:0:0:0:0, 2:0:0:0:0, 2:0:0:0:0, 1:0:0:0:0, 2:0:0:0:0, 2:0:0:0:0, 2:0:0:0:0, 3:0:0:0:0, 0:0:0:0:0, 2:1:0:0:1, 1:0:0:0:0, 1:0:0:0:0, 2:0:0:0:0, 2:0:0:0:0, 2:0:0:0:0, 0:0:0:0:0, 1:0:0:0:0, 1:0:0:0:0, 0:0:0:0:0, 1:0:0:0:0, 4:0:0:0:0, 1:0:0:0:0, 1:0:0:0:0, 1:0:0:0:0, 2:0:0:0:0, 1:0:0:0:0, 3:0:0:0:0, 1:0:0:0:0, 2:0:0:0:0, 2:0:0:0:0, 1:0:0:0:0, 0:0:0:0:0, 2:0:0:0:0, 2:0:0:0:0, 2:0:0:0:0, 2:0:0:0:0, 3:0:0:0:0, 2:0:0:0:0, 1:0:0:0:0, 1:0:0:0:0, 1:0:0:0:0, 2:0:0:0:0, 1:0:1:0:1, 1:1:0:0:1, 3:0:0:0:0, 1:0:0:0:0, 2:0:0:0:0, 0:0:0:0:0, 2:1:0:0:1, 1:0:0:0:0, 1:0:0:0:0, 0:0:0:0:0, 3:0:0:0:0, 1:0:0:0:0, 1:0:0:0:0, 1:0:0:0:0, 1:0:0:0:0, 1:0:0:0:0, 1:0:0:0:0, 3:0:0:0:0, 3:0:0:0:0, 1:0:1:0:1, 2:0:0:0:0, 2:0:0:0:0, 0:0:0:0:0, 1:0:0:0:0, 0:0:0:0:0, 1:0:0:0:0, 2:0:0:0:0, 0:0:0:0:0, 2:0:0:0:0, 1:0:0:0:0, 0:0:0:0:0, 2:0:0:0:0, 1:0:0:0:0, 1:0:0:0:0, 2:0:0:0:0, 1:0:0:0:0, 1:0:0:0:0, 1:0:0:0:0, 1:0:0:0:0, 1:1:0:0:1, 0:0:0:0:0, 1:0:0:0:0, 3:0:0:0:0, 1:0:0:0:0, 0:0:0:0:0, 2:0:0:0:0, 2:0:0:0:0, 2:0:0:0:0, 1:0:0:0:0, 1:0:0:0:0, 3:0:0:0:0, 2:0:0:0:0, 2:0:0:0:0, 0:0:0:0:0, 2:1:0:0:1, 2:0:0:0:0, 0:0:0:0:0, 2:0:0:0:0, 3:0:0:0:0, 0:0:0:0:0, 1:0:0:0:0, 3:0:0:0:0, 1:0:0:0:0, 2:0:0:0:0, 1:0:0:0:0, 1:1:0:0:1, 4:0:0:0:0, 1:0:0:0:0, 1:0:0:0:0, 1:0:0:0:0, 1:0:0:0:0, 1:0:0:0:0, 0:0:0:0:0, 1:0:0:0:0, 2:0:0:0:0, 1:1:0:0:1, 0:0:0:0:0, 1:0:0:0:0, 0:0:0:0:0, 2:0:0:0:0, 0:0:0:0:0, 1:0:0:0:0, 2:0:0:0:0, 0:0:0:0:0, 2:0:0:0:0, 1:0:0:0:0, 1:0:0:0:0, 2:0:0:0:0, 2:0:0:0:0, 2:1:0:0:1, 3:0:0:0:0, 2:0:0:0:0, 1:0:0:0:0, 1:0:0:0:0, 0:0:0:0:0, 2:0:0:0:0, 2:0:0:0:0, 1:0:0:0:0, 2:1:0:0:1, 1:0:0:0:0, 1:0:0:0:0, 1:0:0:0:0, 2:0:0:0:0, 1:1:0:0:1, 1:0:0:0:0, 2:0:0:0:0, 2:0:0:0:0, 1:0:0:0:0, 1:0:0:0:0, 1:0:0:0:0, 0:0:0:0:0, 0:0:0:0:0, 0:0:0:0:0, 1:0:0:0:0, 2:0:0:0:0, 1:0:0:0:0, 1:1:0:0:1, 0:0:0:0:0, 1:0:0:0:0, 1:0:0:0:0, 0:0:0:0:0, 1:0:0:0:0, 3:0:0:0:0, 0:0:0:0:0, 2:0:0:0:0, 1:0:0:0:0, 0:0:0:0:0, 2:0:0:0:0, 1:0:0:0:0, 1:0:0:0:0, 3:0:0:0:0, 1:0:0:0:0, 1:0:0:0:0, 1:0:0:0:0, 1:0:0:0:0, 1:1:0:0:1, 0:0:0:0:0, 1:0:0:0:0, 3:0:0:0:0, 1:0:0:0:0, 0:0:0:0:0, 2:0:0:0:0, 0:0:0:0:0, 2:0:0:0:0, 1:0:0:0:0, 1:0:0:0:0, 3:0:0:0:0, 2:0:0:0:0, 2:0:0:0:0, 0:0:0:0:0, 2:1:0:0:1, 2:0:0:0:0, 0:0:0:0:0, 2:0:0:0:0, 4:0:0:0:0, 0:0:0:0:0, 1:0:0:0:0, 3:0:0:0:0, 1:0:0:0:0, 2:0:0:0:0, 1:0:0:0:0, 1:1:0:0:1, 4:0:0:0:0, 1:0:0:0:0, 1:0:0:0:0, 1:0:0:0:0, 1:0:0:0:0, 1:0:0:0:0, 0:0:0:0:0, 1:0:0:0:0, 2:0:0:0:0, 1:1:0:0:1, 0:0:0:0:0, 1:0:0:0:0, 0:0:0:0:0, 2:0:0:0:0, 0:0:0:0:0, 1:0:0:0:0, 3:0:0:0:0, 1:0:0:0:0, 2:0:0:0:0, 1:0:0:0:0, 1:0:0:0:0, 2:0:0:0:0, 2:0:0:0:0, 2:0:0:0:0, 3:0:0:0:0, 2:0:0:0:0, 1:0:0:0:0, 1:0:0:0:0, 0:0:0:0:0, 2:0:0:0:0, 2:0:0:0:0, 2:0:0:0:0, 2:1:0:0:1, 1:0:0:0:0, 1:0:0:0:0, 1:0:0:0:0, 1:0:0:0:0, 1:1:0:0:1, 1:0:0:0:0, 2:0:0:0:0, 3:0:0:0:0, 1:0:0:0:0, 1:0:0:0:0, 2:0:0:0:0, 0:0:0:0:0, 0:0:0:0:0, 0:0:0:0:0, 1:0:0:0:0, 3:0:0:0:0, 1:0:0:0:0, 0:0:0:0:0, 0:0:0:0:0, 0:0:0:0:0, 0:0:0:0:0, 0:0:0:0:0, 1:0:0:0:0, 1:0:0:0:0, 0:0:0:0:0, 4:0:1:0:1, 0:0:0:0:0, 0:0:0:0:0, 0:0:0:0:0, 399:20:5:0:25
G major blues (1#), 4:2:0:0:0, 1:0:0:0:0, 2:3:0:0:0, 0:0:0:0:0, 2:3:0:0:0, 0:0:0:0:0, 1:0:0:0:1, 1:0:0:0:0, 3:3:0:0:0, 1:0:0:0:0, 3:2:0:0:0, 0:0:0:0:0, 3:1:0:0:0, 1:0:0:0:0, 1:0:0:0:0, 2:2:0:0:0, 2:0:0:0:1, 2:3:0:0:0, 0:0:0:0:0, 4:4:0:0:2, 3:0:0:0:1, 1:3:0:0:0, 1:0:0:0:0, 2:0:0:0:1, 3:2:0:0:0, 2:0:0:0:0, 2:2:0:0:0, 3:0:0:0:2, 3:3:0:0:0, 0:0:0:0:0, 3:1:0:0:1, 3:4:0:0:0, 0:0:0:0:0, 2:0:0:0:2, 2:3:0:0:1, 3:3:0:0:4, 0:0:0:0:0, 2:0:0:0:2, 1:2:0:0:0, 1:2:0:0:0, 3:2:0:0:0, 1:0:0:0:0, 2:3:0:0:0, 1:0:1:0:1, 3:2:0:0:0, 2:0:0:0:1, 3:0:0:0:1, 2:1:0:0:0, 3:2:0:0:0, 3:1:0:0:0, 2:3:0:0:0, 1:0:0:0:1, 3:2:0:0:0, 1:0:0:0:0, 2:1:0:0:0, 2:2:0:0:0, 2:0:0:0:1, 2:2:0:0:0, 1:0:0:0:0, 5:4:0:0:1, 2:0:0:0:1, 2:2:0:0:0, 0:0:0:0:0, 3:0:0:0:1, 3:2:0:0:0, 3:1:0:0:1, 2:1:0:0:1, 1:0:0:0:1, 3:2:0:0:0, 1:0:0:0:0, 2:1:0:0:0, 3:2:0:0:1, 4:1:0:0:0, 2:1:0:0:0, 3:3:0:0:2, 1:0:0:0:1, 3:2:0:0:0, 1:0:0:0:0, 1:0:0:0:0, 2:0:0:0:1, 3:3:0:0:2, 2:1:0:0:0, 2:2:0:0:0, 1:1:0:0:0, 3:2:0:0:0, 1:0:0:0:0, 1:0:0:0:0, 3:3:0:0:0, 2:0:0:0:1, 3:1:0:0:0, 0:0:0:0:0, 3:5:0:0:1, 2:0:0:0:1, 3:2:0:0:0, 0:0:0:0:0, 1:0:0:0:0, 2:4:0:0:1, 1:0:0:0:0, 4:1:0:0:1, 1:0:0:0:1, 3:4:1:0:1, 1:0:0:0:0, 4:1:0:0:3, 2:1:0:0:0, 3:2:0:0:1, 2:1:0:0:0, 3:3:0:0:0, 0:0:0:0:0, 2:3:0:0:0, 0:0:0:0:0, 2:0:0:0:1, 1:0:0:0:0, 3:2:0:0:0, 2:0:0:0:1, 2:3:0:0:0, 1:0:1:0:1, 3:2:0:0:0, 1:0:0:0:0, 1:0:0:0:0, 2:2:0:0:0, 2:0:0:0:1, 2:3:0:0:0, 1:0:0:0:0, 2:5:0:0:0, 2:0:0:0:1, 2:3:0:0:0, 2:0:0:0:1, 4:1:0:0:0, 4:2:0:0:0, 1:0:0:0:0, 2:4:0:0:1, 1:0:0:0:1, 3:2:0:0:0, 0:0:0:0:0, 2:2:0:0:0, 3:3:0:0:1, 4:1:0:0:1, 2:0:0:0:1, 4:2:0:0:1, 1:0:0:0:1, 2:3:0:0:0, 2:1:0:0:2, 3:0:0:0:1, 3:2:0:0:1, 3:2:0:0:0, 2:0:0:0:0, 3:2:0:0:0, 2:0:0:0:2, 3:3:0:0:0, 3:1:0:0:0, 1:0:0:0:0, 3:3:0:0:1, 2:0:0:0:1, 2:2:0:0:0, 1:0:0:0:0, 3:4:0:0:1, 2:0:0:0:1, 2:3:0:0:0, 1:0:0:0:0, 1:0:0:0:0, 3:2:0:0:0, 1:0:0:0:0, 2:3:0:0:0, 0:0:0:0:0, 2:3:0:0:0, 1:0:0:0:0, 1:0:0:0:0, 3:3:0:0:0, 4:2:0:0:1, 2:0:0:0:0, 4:1:0:0:1, 1:0:0:0:1, 3:2:0:0:0, 1:0:0:0:0, 0:0:0:0:0, 1:0:0:0:0, 3:2:0:0:0, 1:0:0:0:0, 2:3:0:0:1, 1:0:0:0:1, 2:2:0:0:0, 1:0:0:0:0, 1:0:0:0:0, 3:2:0:0:1, 2:0:0:0:1, 2:3:0:0:1, 2:0:0:0:1, 3:4:0:0:1, 2:0:0:0:2, 3:2:0:0:1, 0:0:0:0:0, 1:0:0:0:0, 1:3:0:0:0, 1:0:0:0:0, 3:3:0:0:0, 0:0:0:0:0, 3:2:0:0:0, 2:1:0:0:0, 1:0:0:0:0, 2:3:1:0:1, 3:2:0:0:1, 2:1:0:0:0, 3:3:0:0:0, 1:0:0:0:1, 2:3:0:0:0, 0:0:0:0:0, 1:0:0:0:0, 1:0:0:0:0, 3:2:0:0:0, 2:0:0:0:1, 2:3:0:0:0, 2:0:1:0:2, 3:2:0:0:0, 1:0:0:0:0, 1:0:0:0:0, 2:2:0:0:0, 2:0:0:0:1, 2:3:0:0:0, 1:0:0:0:0, 2:5:0:0:0, 2:0:0:0:1, 2:3:0:0:0, 2:0:0:0:1, 2:1:0:0:0, 4:2:0:0:0, 1:0:0:0:0, 2:5:0:0:2, 1:0:0:0:1, 3:2:0:0:0, 1:0:0:0:0, 2:1:0:0:0, 3:2:0:0:1, 4:1:0:0:1, 2:0:0:0:1, 4:2:0:0:1, 2:0:0:0:1, 2:3:0:0:0, 2:1:0:0:2, 3:0:0:0:1, 3:2:0:0:1, 3:2:0:0:0, 2:0:0:0:0, 3:2:0:0:0, 2:0:0:0:2, 3:3:0:0:0, 3:1:0:0:0, 1:0:0:0:0, 3:3:0:0:1, 2:0:0:0:1, 2:2:0:0:0, 1:0:0:0:0, 3:4:0:0:1, 2:0:0:0:1, 2:3:0:0:0, 1:0:0:0:0, 1:0:0:0:0, 3:2:0:0:0, 1:0:0:0:0, 2:3:0:0:0, 1:0:0:0:1, 3:3:0:0:0, 1:0:0:0:0, 1:0:0:0:0, 3:3:0:0:0, 4:2:0:0:1, 2:0:0:0:0, 4:1:0:0:1, 1:0:0:0:1, 3:2:0:0:0, 1:0:0:0:0, 0:0:0:0:0, 1:0:0:0:0, 3:2:0:0:0, 1:0:0:0:0, 3:2:0:0:0, 1:0:0:0:1, 2:2:0:0:0, 1:0:0:0:0, 1:0:0:0:0, 2:2:0:0:0, 2:0:0:0:1, 2:3:0:0:1, 2:0:0:0:1, 4:4:0:0:1, 2:0:0:0:2, 3:2:0:0:1, 1:1:0:0:1, 1:0:0:0:0, 1:3:0:0:0, 1:0:0:0:0, 3:3:0:0:0, 1:0:0:0:0, 3:3:0:0:0, 1:1:0:0:0, 1:0:0:0:0, 2:3:0:0:0, 0:0:0:0:0, 1:0:0:0:0, 1:4:0:0:0, 1:4:0:0:4, 0:0:0:0:0, 2:3:1:0:1, 1:0:0:0:1, 1:0:0:0:1, 1:0:0:0:1, 591:369:6:0:131
D minor blues (1b), 2:0:0:0:0, 1:0:0:0:0, 1:0:0:0:0, 2:0:0:0:0, 0:0:0:0:0, 1:0:0:0:0, 2:0:0:0:0, 0:0:0:0:0, 1:0:0:0:0, 1:0:0:0:0, 1:0:0:0:0, 2:0:0:0:0, 2:0:0:0:0, 1:0:0:0:0, 1:0:0:0:0, 1:1:0:0:1, 1:0:0:0:0, 0:0:0:0:0, 0:0:0:0:0, 3:0:0:0:0, 2:0:0:0:0, 0:0:0:0:0, 2:0:0:0:0, 1:0:1:0:1, 2:0:0:0:0, 3:0:0:0:0, 1:1:0:0:1, 5:0:0:0:0, 1:0:0:0:0, 2:0:0:0:0, 2:0:1:0:1, 1:0:0:0:0, 1:0:0:0:0, 1:0:0:0:0, 1:0:0:0:0, 2:0:0:0:0, 1:1:0:0:1, 4:0:0:0:0, 0:0:0:0:0, 0:0:0:0:0, 2:0:0:0:0, 2:0:0:0:0, 1:0:0:0:0, 2:0:0:0:0, 2:0:0:0:0, 2:0:0:0:0, 3:0:0:0:0, 0:0:0:0:0, 2:1:0:0:1, 1:0:0:0:0, 1:0:0:0:0, 2:0:0:0:0, 2:0:0:0:0, 2:0:0:0:0, 0:0:0:0:0, 1:0:0:0:0, 1:0:0:0:0, 0:0:0:0:0, 1:0:0:0:0, 4:0:0:0:0, 1:0:0:0:0, 1:0:0:0:0, 1:0:0:0:0, 2:0:0:0:0, 1:0:0:0:0, 3:0:0:0:0, 1:0:0:0:0, 2:0:0:0:0, 2:0:0:0:0, 1:0:0:0:0, 0:0:0:0:0, 2:0:0:0:0, 2:0:0:0:0, 2:0:0:0:0, 2:0:0:0:0, 3:0:0:0:0, 2:0:0:0:0, 1:0:0:0:0, 1:0:0:0:0, 1:0:0:0:0, 2:0:0:0:0, 1:0:1:0:1, 1:1:0:0:1, 3:0:0:0:0, 1:0:0:0:0, 2:0:0:0:0, 0:0:0:0:0, 2:1:0:0:1, 1:0:0:0:0, 1:0:0:0:0, 0:0:0:0:0, 3:0:0:0:0, 1:0:0:0:0, 1:0:0:0:0, 1:0:0:0:0, 1:0:0:0:0, 1:0:0:0:0, 1:0:0:0:0, 3:0:0:0:0, 3:0:0:0:0, 1:0:1:0:1, 2:0:0:0:0, 2:0:0:0:0, 0:0:0:0:0, 1:0:0:0:0, 0:0:0:0:0, 1:0:0:0:0, 2:0:0:0:0, 0:0:0:0:0, 2:0:0:0:0, 1:0:0:0:0, 0:0:0:0:0, 2:0:0:0:0, 1:0:0:0:0, 1:0:0:0:0, 2:0:0:0:0, 1:0:0:0:0, 1:0:0:0:0, 1:0:0:0:0, 1:0:0:0:0, 1:1:0:0:1, 0:0:0:0:0, 1:0:0:0:0, 3:0:0:0:0, 1:0:0:0:0, 0:0:0:0:0, 2:0:0:0:0, 2:0:0:0:0, 2:0:0:0:0, 1:0:0:0:0, 1:0:0:0:0, 3:0:0:0:0, 2:0:0:0:0, 2:0:0:0:0, 0:0:0:0:0, 2:1:0:0:1, 2:0:0:0:0, 0:0:0:0:0, 2:0:0:0:0, 3:0:0:0:0, 0:0:0:0:0, 1:0:0:0:0, 3:0:0:0:0, 1:0:0:0:0, 2:0:0:0:0, 1:0:0:0:0, 1:1:0:0:1, 4:0:0:0:0, 1:0:0:0:0, 1:0:0:0:0, 1:0:0:0:0, 1:0:0:0:0, 1:0:0:0:0, 0:0:0:0:0, 1:0:0:0:0, 2:0:0:0:0, 1:1:0:0:1, 0:0:0:0:0, 1:0:0:0:0, 0:0:0:0:0, 2:0:0:0:0, 0:0:0:0:0, 1:0:0:0:0, 2:0:0:0:0, 0:0:0:0:0, 2:0:0:0:0, 1:0:0:0:0, 1:0:0:0:0, 2:0:0:0:0, 2:0:0:0:0, 2:1:0:0:1, 3:0:0:0:0, 2:0:0:0:0, 1:0:0:0:0, 1:0:0:0:0, 0:0:0:0:0, 2:0:0:0:0, 2:0:0:0:0, 1:0:0:0:0, 2:1:0:0:1, 1:0:0:0:0, 1:0:0:0:0, 1:0:0:0:0, 2:0:0:0:0, 1:1:0:0:1, 1:0:0:0:0, 2:0:0:0:0, 2:0:0:0:0, 1:0:0:0:0, 1:0:0:0:0, 1:0:0:0:0, 0:0:0:0:0, 0:0:0:0:0, 0:0:0:0:0, 1:0:0:0:0, 2:0:0:0:0, 1:0:0:0:0, 1:1:0:0:1, 0:0:0:0:0, 1:0:0:0:0, 1:0:0:0:0, 0:0:0:0:0, 1:0:0:0:0, 3:0:0:0:0, 0:0:0:0:0, 2:0:0:0:0, 1:0:0:0:0, 0:0:0:0:0, 2:0:0:0:0, 1:0:0:0:0, 1:0:0:0:0, 3:0:0:0:0, 1:0:0:0:0, 1:0:0:0:0, 1:0:0:0:0, 1:0:0:0:0, 1:1:0:0:1, 0:0:0:0:0, 1:0:0:0:0, 3:0:0:0:0, 1:0:0:0:0, 0:0:0:0:0, 2:0:0:0:0, 0:0:0:0:0, 2:0:0:0:0, 1:0:0:0:0, 1:0:0:0:0, 3:0:0:0:0, 2:0:0:0:0, 2:0:0:0:0, 0:0:0:0:0, 2:1:0:0:1, 2:0:0:0:0, 0:0:0:0:0, 2:0:0:0:0, 4:0:0:0:0, 0:0:0:0:0, 1:0:0:0:0, 3:0:0:0:0, 1:0:0:0:0, 2:0:0:0:0, 1:0:0:0:0, 1:1:0:0:1, 4:0:0:0:0, 1:0:0:0:0, 1:0:0:0:0, 1:0:0:0:0, 1:0:0:0:0, 1:0:0:0:0, 0:0:0:0:0, 1:0:0:0:0, 2:0:0:0:0, 1:1:0:0:1, 0:0:0:0:0, 1:0:0:0:0, 0:0:0:0:0, 2:0:0:0:0, 0:0:0:0:0, 1:0:0:0:0, 3:0:0:0:0, 1:0:0:0:0, 2:0:0:0:0, 1:0:0:0:0, 1:0:0:0:0, 2:0:0:0:0, 2:0:0:0:0, 2:0:0:0:0, 3:0:0:0:0, 2:0:0:0:0, 1:0:0:0:0, 1:0:0:0:0, 0:0:0:0:0, 2:0:0:0:0, 2:0:0:0:0, 2:0:0:0:0, 2:1:0:0:1, 1:0:0:0:0, 1:0:0:0:0, 1:0:0:0:0, 1:0:0:0:0, 1:1:0:0:1, 1:0:0:0:0, 2:0:0:0:0, 3:0:0:0:0, 1:0:0:0:0, 1:0:0:0:0, 2:0:0:0:0, 0:0:0:0:0, 0:0:0:0:0, 0:0:0:0:0, 1:0:0:0:0, 3:0:0:0:0, 1:0:0:0:0, 0:0:0:0:0, 0:0:0:0:0, 0:0:0:0:0, 0:0:0:0:0, 0:0:0:0:0, 1:0:0:0:0, 1:0:0:0:0, 0:0:0:0:0, 4:0:1:0:1, 0:0:0:0:0, 0:0:0:0:0, 0:0:0:0:0, 399:20:5:0:25
E minor blues (1#), 4:2:0:0:0, 1:0:0:0:0, 2:3:0:0:0, 0:0:0:0:0, 2:3:0:0:0, 0:0:0:0:0, 1:0:0:0:1, 1:0:0:0:0, 3:3:0:0:0, 1:0:0:0:0, 3:2:0:0:0, 0:0:0:0:0, 3:1:0:0:0, 1:0:0:0:0, 1:0:0:0:0, 2:2:0:0:0, 2:0:0:0:1, 2:3:0:0:0, 0:0:0:0:0, 4:4:0:0:2, 3:0:0:0:1, 1:3:0:0:0, 1:0:0:0:0, 2:0:0:0:1, 3:2:0:0:0, 2:0:0:0:0, 2:2:0:0:0, 3:0:0:0:2, 3:3:0:0:0, 0:0:0:0:0, 3:1:0:0:1, 3:4:0:0:0, 0:0:0:0:0, 2:0:0:0:2, 2:3:0:0:1, 3:3:0:0:4, 0:0:0:0:0, 2:0:0:0:2, 1:2:0:0:0, 1:2:0:0:0, 3:2:0:0:0, 1:0:0:0:0, 2:3:0:0:0, 1:0:1:0:1, 3:2:0:0:0, 2:0:0:0:1, 3:0:0:0:1, 2:1:0:0:0, 3:2:0:0:0, 3:1:0:0:0, 2:3:0:0:0, 1:0:0:0:1, 3:2:0:0:0, 1:0:0:0:0, 2:1:0:0:0, 2:2:0:0:0, 2:0:0:0:1, 2:2:0:0:0, 1:0:0:0:0, 5:4:0:0:1, 2:0:0:0:1, 2:2:0:0:0, 0:0:0:0:0, 3:0:0:0:1, 3:2:0:0:0, 3:1:0:0:1, 2:1:0:0:1, 1:0:0:0:1, 3:2:0:0:0, 1:0:0:0:0, 2:1:0:0:0, 3:2:0:0:1, 4:1:0:0:0, 2:1:0:0:0, 3:3:0:0:2, 1:0:0:0:1, 3:2:0:0:0, 1:0:0:0:0, 1:0:0:0:0, 2:0:0:0:1, 3:3:0:0:2, 2:1:0:0:0, 2:2:0:0:0, 1:1:0:0:0, 3:2:0:0:0, 1:0:0:0:0, 1:0:0:0:0, 3:3:0:0:0, 2:0:0:0:1, 3:1:0:0:0, 0:0:0:0:0, 3:5:0:0:1, 2:0:0:0:1, 3:2:0:0:0, 0:0:0:0:0, 1:0:0:0:0, 2:4:0:0:1, 1:0:0:0:0, 4:1:0:0:1, 1:0:0:0:1, 3:4:1:0:1, 1:0:0:0:0, 4:1:0:0:3, 2:1:0:0:0, 3:2:0:0:1, 2:1:0:0:0, 3:3:0:0:0, 0:0:0:0:0, 2:3:0:0:0, 0:0:0:0:0, 2:0:0:0:1, 1:0:0:0:0, 3:2:0:0:0, 2:0:0:0:1, 2:3:0:0:0, 1:0:1:0:1, 3:2:0:0:0, 1:0:0:0:0, 1:0:0:0:0, 2:2:0:0:0, 2:0:0:0:1, 2:3:0:0:0, 1:0:0:0:0, 2:5:0:0:0, 2:0:0:0:1, 2:3:0:0:0, 2:0:0:0:1, 4:1:0:0:0, 4:2:0:0:0, 1:0:0:0:0, 2:4:0:0:1, 1:0:0:0:1, 3:2:0:0:0, 0:0:0:0:0, 2:2:0:0:0, 3:3:0:0:1, 4:1:0:0:1, 2:0:0:0:1, 4:2:0:0:1, 1:0:0:0:1, 2:3:0:0:0, 2:1:0:0:2, 3:0:0:0:1, 3:2:0:0:1, 3:2:0:0:0, 2:0:0:0:0, 3:2:0:0:0, 2:0:0:0:2, 3:3:0:0:0, 3:1:0:0:0, 1:0:0:0:0, 3:3:0:0:1, 2:0:0:0:1, 2:2:0:0:0, 1:0:0:0:0, 3:4:0:0:1, 2:0:0:0:1, 2:3:0:0:0, 1:0:0:0:0, 1:0:0:0:0, 3:2:0:0:0, 1:0:0:0:0, 2:3:0:0:0, 0:0:0:0:0, 2:3:0:0:0, 1:0:0:0:0, 1:0:0:0:0, 3:3:0:0:0, 4:2:0:0:1, 2:0:0:0:0, 4:1:0:0:1, 1:0:0:0:1, 3:2:0:0:0, 1:0:0:0:0, 0:0:0:0:0, 1:0:0:0:0, 3:2:0:0:0, 1:0:0:0:0, 2:3:0:0:1, 1:0:0:0:1, 2:2:0:0:0, 1:0:0:0:0, 1:0:0:0:0, 3:2:0:0:1, 2:0:0:0:1, 2:3:0:0:1, 2:0:0:0:1, 3:4:0:0:1, 2:0:0:0:2, 3:2:0:0:1, 0:0:0:0:0, 1:0:0:0:0, 1:3:0:0:0, 1:0:0:0:0, 3:3:0:0:0, 0:0:0:0:0, 3:2:0:0:0, 2:1:0:0:0, 1:0:0:0:0, 2:3:1:0:1, 3:2:0:0:1, 2:1:0:0:0, 3:3:0:0:0, 1:0:0:0:1, 2:3:0:0:0, 0:0:0:0:0, 1:0:0:0:0, 1:0:0:0:0, 3:2:0:0:0, 2:0:0:0:1, 2:3:0:0:0, 2:0:1:0:2, 3:2:0:0:0, 1:0:0:0:0, 1:0:0:0:0, 2:2:0:0:0, 2:0:0:0:1, 2:3:0:0:0, 1:0:0:0:0, 2:5:0:0:0, 2:0:0:0:1, 2:3:0:0:0, 2:0:0:0:1, 2:1:0:0:0, 4:2:0:0:0, 1:0:0:0:0, 2:5:0:0:2, 1:0:0:0:1, 3:2:0:0:0, 1:0:0:0:0, 2:1:0:0:0, 3:2:0:0:1, 4:1:0:0:1, 2:0:0:0:1, 4:2:0:0:1, 2:0:0:0:1, 2:3:0:0:0, 2:1:0:0:2, 3:0:0:0:1, 3:2:0:0:1, 3:2:0:0:0, 2:0:0:0:0, 3:2:0:0:0, 2:0:0:0:2, 3:3:0:0:0, 3:1:0:0:0, 1:0:0:0:0, 3:3:0:0:1, 2:0:0:0:1, 2:2:0:0:0, 1:0:0:0:0, 3:4:0:0:1, 2:0:0:0:1, 2:3:0:0:0, 1:0:0:0:0, 1:0:0:0:0, 3:2:0:0:0, 1:0:0:0:0, 2:3:0:0:0, 1:0:0:0:1, 3:3:0:0:0, 1:0:0:0:0, 1:0:0:0:0, 3:3:0:0:0, 4:2:0:0:1, 2:0:0:0:0, 4:1:0:0:1, 1:0:0:0:1, 3:2:0:0:0, 1:0:0:0:0, 0:0:0:0:0, 1:0:0:0:0, 3:2:0:0:0, 1:0:0:0:0, 3:2:0:0:0, 1:0:0:0:1, 2:2:0:0:0, 1:0:0:0:0, 1:0:0:0:0, 2:2:0:0:0, 2:0:0:0:1, 2:3:0:0:1, 2:0:0:0:1, 4:4:0:0:1, 2:0:0:0:2, 3:2:0:0:1, 1:1:0:0:1, 1:0:0:0:0, 1:3:0:0:0, 1:0:0:0:0, 3:3:0:0:0, 1:0:0:0:0, 3:3:0:0:0, 1:1:0:0:0, 1:0:0:0:0, 2:3:0:0:0, 0:0:0:0:0, 1:0:0:0:0, 1:4:0:0:0, 1:4:0:0:4, 0:0:0:0:0, 2:3:1:0:1, 1:0:0:0:1, 1:0:0:0:1, 1:0:0:0:1, 591:369:6:0:131
F dorian (1b), 2:0:0:0:0, 1:0:0:0:0, 1:0:0:0:0, 2:0:0:0:0, 0:0:0:0:0, 1:0:0:0:0, 2:0:0:0:0, 0:0:0:0:0, 1:0:0:0:0, 1:0:0:0:0, 1:0:0:0:0, 2:0:0:0:0, 2:0:0:0:0, 1:0:0:0:0, 1:0:0:0:0, 1:1:0:0:1, 1:0:0:0:0, 0:0:0:0:0, 0:0:0:0:0, 3:0:0:0:0, 2:0:0:0:0, 0:0:0:0:0, 2:0:0:0:0, 1:0:1:0:1, 2:0:0:0:0, 3:0:0:0:0, 1:1:0:0:1, 5:0:0:0:0, 1:0:0:0:0, 2:0:0:0:0, 2:0:1:0:1, 1:0:0:0:0, 1:0:0:0:0, 1:0:0:0:0, 1:0:0:0:0, 2:0:0:0:0, 1:1:0:0:1, 4:0:0:0:0, 0:0:0:0:0, 0:0:0:0:0, 2:0:0:0:0, 2:0:0:0:0, 1:0:0:0:0, 2:0:0:0:0, 2:0:0:0:0, 2:0:0:0:0, 3:0:0:0:0, 0:0:0:0:0, 2:1:0:0:1, 1:0:0:0:0, 1:0:0:0:0, 2:0:0:0:0, 2:0:0:0:0, 2:0:0:0:0, 0:0:0:0:0, 1:0:0:0:0, 1:0:0:0:0, 0:0:0:0:0, 1:0:0:0:0, 4:0:0:0:0, 1:0:0:0:0, 1:0:0:0:0, 1:0:0:0:0, 2:0:0:0:0, 1:0:0:0:0, 3:0:0:0:0, 1:0:0:0:0, 2:0:0:0:0, 2:0:0:0:0, 1:0:0:0:0, 0:0:0:0:0, 2:0:0:0:0, 2:0:0:0:0, 2:0:0:0:0, 2:0:0:0:0, 3:0:0:0:0, 2:0:0:0:0, 1:0:0:0:0, 1:0:0:0:0, 1:0:0:0:0, 2:0:0:0:0, 1:0:1:0:1, 1:1:0:0:1, 3:0:0:0:0, 1:0:0:0:0, 2:0:0:0:0, 0:0:0:0:0, 2:1:0:0:1, 1:0:0:0:0, 1:0:0:0:0, 0:0:0:0:0, 3:0:0:0:0, 1:0:0:0:0, 1:0:0:0:0, 1:0:0:0:0, 1:0:0:0:0, 1:0:0:0:0, 1:0:0:0:0, 3:0:0:0:0, 3:0:0:0:0, 1:0:1:0:1, 2:0:0:0:0, 2:0:0:0:0, 0:0:0:0:0, 1:0:0:0:0, 0:0:0:0:0, 1:0:0:0:0, 2:0:0:0:0, 0:0:0:0:0, 2:0:0:0:0, 1:0:0:0:0, 0:0:0:0:0, 2:0:0:0:0, 1:0:0:0:0, 1:0:0:0:0, 2:0:0:0:0, 1:0:0:0:0, 1:0:0:0:0, 1:0:0:0:0, 1:0:0:0:0, 1:1:0:0:1, 0:0:0:0:0, 1:0:0:0:0, 3:0:0:0:0, 1:0:0:0:0, 0:0:0:0:0, 2:0:0:0:0, 2:0:0:0:0, 2:0:0:0:0, 1:0:0:0:0, 1:0:0:0:0, 3:0:0:0:0, 2:0:0:0:0, 2:0:0:0:0, 0:0:0:0:0, 2:1:0:0:1, 2:0:0:0:0, 0:0:0:0:0, 2:0:0:0:0, 3:0:0:0:0, 0:0:0:0:0, 1:0:0:0:0, 3:0:0:0:0, 1:0:0:0:0, 2:0:0:0:0, 1:0:0:0:0, 1:1:0:0:1, 4:0:0:0:0, 1:0:0:0:0, 1:0:0:0:0, 1:0:0:0:0, 1:0:0:0:0, 1:0:0:0:0, 0:0:0:0:0, 1:0:0:0:0, 2:0:0:0:0, 1:1:0:0:1, 0:0:0:0:0, 1:0:0:0:0, 0:0:0:0:0, 2:0:0:0:0, 0:0:0:0:0, 1:0:0:0:0, 2:0:0:0:0, 0:0:0:0:0, 2:0:0:0:0, 1:0:0:0:0, 1:0:0:0:0, 2:0:0:0:0, 2:0:0:0:0, 2:1:0:0:1, 3:0:0:0:0, 2:0:0:0:0, 1:0:0:0:0, 1:0:0:0:0, 0:0:0:0:0, 2:0:0:0:0, 2:0:0:0:0, 1:0:0:0:0, 2:1:0:0:1, 1:0:0:0:0, 1:0:0:0:0, 1:0:0:0:0, 2:0:0:0:0, 1:1:0:0:1, 1:0:0:0:0, 2:0:0:0:0, 2:0:0:0:0, 1:0:0:0:0, 1:0:0:0:0, 1:0:0:0:0, 0:0:0:0:0, 0:0:0:0:0, 0:0:0:0:0, 1:0:0:0:0, 2:0:0:0:0, 1:0:0:0:0, 1:1:0:0:1, 0:0:0:0:0, 1:0:0:0:0, 1:0:0:0:0, 0:0:0:0:0, 1:0:0:0:0, 3:0:0:0:0, 0:0:0:0:0, 2:0:0:0:0, 1:0:0:0:0, 0:0:0:0:0, 2:0:0:0:0, 1:0:0:0:0, 1:0:0:0:0, 3:0:0:0:0, 1:0:0:0:0, 1:0:0:0:0, 1:0:0:0:0, 1:0:0:0:0, 1:1:0:0:1, 0:0:0:0:0, 1:0:0:0:0, 3:0:0:0:0, 1:0:0:0:0, 0:0:0:0:0, 2:0:0:0:0, 0:0:0:0:0, 2:0:0:0:0, 1:0:0:0:0, 1:0:0:0:0, 3:0:0:0:0, 2:0:0:0:0, 2:0:0:0:0, 0:0:0:0:0, 2:1:0:0:1, 2:0:0:0:0, 0:0:0:0:0, 2:0:0:0:0, 4:0:0:0:0, 0:0:0:0:0, 1:0:0:0:0, 3:0:0:0:0, 1:0:0:0:0, 2:0:0:0:0, 1:0:0:0:0, 1:1:0:0:1, 4:0:0:0:0, 1:0:0:0:0, 1:0:0:0:0, 1:0:0:0:0, 1:0:0:0:0, 1:0:0:0:0, 0:0:0:0:0, 1:0:0:0:0, 2:0:0:0:0, 1:1:0:0:1, 0:0:0:0:0, 1:0:0:0:0, 0:0:0:0:0, 2:0:0:0:0, 0:0:0:0:0, 1:0:0:0:0, 3:0:0:0:0, 1:0:0:0:0, 2:0:0:0:0, 1:0:0:0:0, 1:0:0:0:0, 2:0:0:0:0, 2:0:0:0:0, 2:0:0:0:0, 3:0:0:0:0, 2:0:0:0:0, 1:0:0:0:0, 1:0:0:0:0, 0:0:0:0:0, 2:0:0:0:0, 2:0:0:0:0, 2:0:0:0:0, 2:1:0:0:1, 1:0:0:0:0, 1:0:0:0:0, 1:0:0:0:0, 1:0:0:0:0, 1:1:0:0:1, 1:0:0:0:0, 2:0:0:0:0, 3:0:0:0:0, 1:0:0:0:0, 1:0:0:0:0, 2:0:0:0:0, 0:0:0:0:0, 0:0:0:0:0, 0:0:0:0:0, 1:0:0:0:0, 3:0:0:0:0, 1:0:0:0:0, 0:0:0:0:0, 0:0:0:0:0, 0:0:0:0:0, 0:0:0:0:0, 0:0:0:0:0, 1:0:0:0:0, 1:0:0:0:0, 0:0:0:0:0, 4:0:1:0:1, 0:0:0:0:0, 0:0:0:0:0, 0:0:0:0:0, 399:20:5:0:25
G dorian (1#), 4:2:0:0:0, 1:0:0:0:0, 2:3:0:0:0, 0:0:0:0:0, 2:3:0:0:0, 0:0:0:0:0, 1:0:0:0:1, 1:0:0:0:0, 3:3:0:0:0, 1:0:0:0:0, 3:2:0:0:0, 0:0:0:0:0, 3:1:0:0:0, 1:0:0:0:0, 1:0:0:0:0, 2:2:0:0:0, 2:0:0:0:1, 2:3:0:0:0, 0:0:0:0:0, 4:4:0:0:2, 3:0:0:0:1, 1:3:0:0:0, 1:0:0:0:0, 2:0:0:0:1, 3:2:0:0:0, 2:0:0:0:0, 2:2:0:0:0, 3:0:0:0:2, 3:3:0:0:0, 0:0:0:0:0, 3:1:0:0:1, 3:4:0:0:0, 0:0:0:0:0, 2:0:0:0:2, 2:3:0:0:1, 3:3:0:0:4, 0:0:0:0:0, 2:0:0:0:2, 1:2:0:0:0, 1:2:0:0:0, 3:2:0:0:0, 1:0:0:0:0, 2:3:0:0:0, 1:0:1:0:1, 3:2:0:0:0, 2:0:0:0:1, 3:0:0:0:1, 2:1:0:0:0, 3:2:0:0:0, 3:1:0:0:0, 2:3:0:0:0, 1:0:0:0:1, 3:2:0:0:0, 1:0:0:0:0, 2:1:0:0:0, 2:2:0:0:0, 2:0:0:0:1, 2:2:0:0:0, 1:0:0:0:0, 5:4:0:0:1, 2:0:0:0:1, 2:2:0:0:0, 0:0:0:0:0, 3:0:0:0:1, 3:2:0:0:0, 3:1:0:0:1, 2:1:0:0:1, 1:0:0:0:1, 3:2:0:0:0, 1:0:0:0:0, 2:1:0:0:0, 3:2:0:0:1, 4:1:0:0:0, 2:1:0:0:0, 3:3:0:0:2, 1:0:0:0:1, 3:2:0:0:0, 1:0:0:0:0, 1:0:0:0:0, 2:0:0:0:1, 3:3:0:0:2, 2:1:0:0:0, 2:2:0:0:0, 1:1:0:0:0, 3:2:0:0:0, 1:0:0:0:0, 1:0:0:0:0, 3:3:0:0:0, 2:0:0:0:1, 3:1:0:0:0, 0:0:0:0:0, 3:5:0:0:1, 2:0:0:0:1, 3:2:0:0:0, 0:0:0:0:0, 1:0:0:0:0, 2:4:0:0:1, 1:0:0:0:0, 4:1:0:0:1, 1:0:0:0:1, 3:4:1:0:1, 1:0:0:0:0, 4:1:0:0:3, 2:1:0:0:0, 3:2:0:0:1, 2:1:0:0:0, 3:3:0:0:0, 0:0:0:0:0, 2:3:0:0:0, 0:0:0:0:0, 2:0:0:0:1, 1:0:0:0:0, 3:2:0:0:0, 2:0:0:0:1, 2:3:0:0:0, 1:0:1:0:1, 3:2:0:0:0, 1:0:0:0:0, 1:0:0:0:0, 2:2:0:0:0, 2:0:0:0:1, 2:3:0:0:0, 1:0:0:0:0, 2:5:0:0:0, 2:0:0:0:1, 2:3:0:0:0, 2:0:0:0:1, 4:1:0:0:0, 4:2:0:0:0, 1:0:0:0:0, 2:4:0:0:1, 1:0:0:0:1, 3:2:0:0:0, 0:0:0:0:0, 2:2:0:0:0, 3:3:0:0:1, 4:1:0:0:1, 2:0:0:0:1, 4:2:0:0:1, 1:0:0:0:1, 2:3:0:0:0, 2:1:0:0:2, 3:0:0:0:1, 3:2:0:0:1, 3:2:0:0:0, 2:0:0:0:0, 3:2:0:0:0, 2:0:0:0:2, 3:3:0:0:0, 3:1:0:0:0, 1:0:0:0:0, 3:3:0:0:1, 2:0:0:0:1, 2:2:0:0:0, 1:0:0:0:0, 3:4:0:0:1, 2:0:0:0:1, 2:3:0:0:0, 1:0:0:0:0, 1:0:0:0:0, 3:2:0:0:0, 1:0:0:0:0, 2:3:0:0:0, 0:0:0:0:0, 2:3:0:0:0, 1:0:0:0:0, 1:0:0:0:0, 3:3:0:0:0, 4:2:0:0:1, 2:0:0:0:0, 4:1:0:0:1, 1:0:0:0:1, 3:2:0:0:0, 1:0:0:0:0, 0:0:0:0:0, 1:0:0:0:0, 3:2:0:0:0, 1:0:0:0:0, 2:3:0:0:1, 1:0:0:0:1, 2:2:0:0:0, 1:0:0:0:0, 1:0:0:0:0, 3:2:0:0:1, 2:0:0:0:1, 2:3:0:0:1, 2:0:0:0:1, 3:4:0:0:1, 2:0:0:0:2, 3:2:0:0:1, 0:0:0:0:0, 1:0:0:0:0, 1:3:0:0:0, 1:0:0:0:0, 3:3:0:0:0, 0:0:0:0:0, 3:2:0:0:0, 2:1:0:0:0, 1:0:0:0:0, 2:3:1:0:1, 3:2:0:0:1, 2:1:0:0:0, 3:3:0:0:0, 1:0:0:0:1, 2:3:0:0:0, 0:0:0:0:0, 1:0:0:0:0, 1:0:0:0:0, 3:2:0:0:0, 2:0:0:0:1, 2:3:0:0:0, 2:0:1:0:2, 3:2:0:0:0, 1:0:0:0:0, 1:0:0:0:0, 2:2:0:0:0, 2:0:0:0:1, 2:3:0:0:0, 1:0:0:0:0, 2:5:0:0:0, 2:0:0:0:1, 2:3:0:0:0, 2:0:0:0:1, 2:1:0:0:0, 4:2:0:0:0, 1:0:0:0:0, 2:5:0:0:2, 1:0:0:0:1, 3:2:0:0:0, 1:0:0:0:0, 2:1:0:0:0, 3:2:0:0:1, 4:1:0:0:1, 2:0:0:0:1, 4:2:0:0:1, 2:0:0:0:1, 2:3:0:0:0, 2:1:0:0:2, 3:0:0:0:1, 3:2:0:0:1, 3:2:0:0:0, 2:0:0:0:0, 3:2:0:0:0, 2:0:0:0:2, 3:3:0:0:0, 3:1:0:0:0, 1:0:0:0:0, 3:3:0:0:1, 2:0:0:0:1, 2:2:0:0:0, 1:0:0:0:0, 3:4:0:0:1, 2:0:0:0:1, 2:3:0:0:0, 1:0:0:0:0, 1:0:0:0:0, 3:2:0:0:0, 1:0:0:0:0, 2:3:0:0:0, 1:0:0:0:1, 3:3:0:0:0, 1:0:0:0:0, 1:0:0:0:0, 3:3:0:0:0, 4:2:0:0:1, 2:0:0:0:0, 4:1:0:0:1, 1:0:0:0:1, 3:2:0:0:0, 1:0:0:0:0, 0:0:0:0:0, 1:0:0:0:0, 3:2:0:0:0, 1:0:0:0:0, 3:2:0:0:0, 1:0:0:0:1, 2:2:0:0:0, 1:0:0:0:0, 1:0:0:0:0, 2:2:0:0:0, 2:0:0:0:1, 2:3:0:0:1, 2:0:0:0:1, 4:4:0:0:1, 2:0:0:0:2, 3:2:0:0:1, 1:1:0:0:1, 1:0:0:0:0, 1:3:0:0:0, 1:0:0:0:0, 3:3:0:0:0, 1:0:0:0:0, 3:3:0:0:0, 1:1:0:0:0, 1:0:0:0:0, 2:3:0:0:0, 0:0:0:0:0, 1:0:0:0:0, 1:4:0:0:0, 1:4:0:0:4, 0:0:0:0:0, 2:3:1:0:1, 1:0:0:0:1, 1:0:0:0:1, 1:0:0:0:1, 591:369:6:0:131
F phrygian (1b), 2:0:0:0:0, 1:0:0:0:0, 1:0:0:0:0, 2:0:0:0:0, 0:0:0:0:0, 1:0:0:0:0, 2:0:0:0:0, 0:0:0:0:0, 1:0:0:0:0, 1:0:0:0:0, 1:0:0:0:0, 2:0:0:0:0, 2:0:0:0:0, 1:0:0:0:0, 1:0:0:0:0, 1:1:0:0:1, 1:0:0:0:0, 0:0:0:0:0, 0:0:0:0:0, 3:0:0:0:0, 2:0:0:0:0, 0:0:0:0:0, 2:0:0:0:0, 1:0:1:0:1, 2:0:0:0:0, 3:0:0:0:0, 1:1:0:0:1, 5:0:0:0:0, 1:0:0:0:0, 2:0:0:0:0, 2:0:1:0:1, 1:0:0:0:0, 1:0:0:0:0, 1:0:0:0:0, 1:0:0:0:0, 2:0:0:0:0, 1:1:0:0:1, 4:0:0:0:0, 0:0:0:0:0, 0:0:0:0:0, 2:0:0:0:0, 2:0:0:0:0, 1:0:0:0:0, 2:0:0:0:0, 2:0:0:0:0, 2:0:0:0:0, 3:0:0:0:0, 0:0:0:0:0, 2:1:0:0:1, 1:0:0:0:0, 1:0:0:0:0, 2:0:0:0:0, 2:0:0:0:0, 2:0:0:0:0, 0:0:0:0:0, 1:0:0:0:0, 1:0:0:0:0, 0:0:0:0:0, 1:0:0:0:0, 4:0:0:0:0, 1:0:0:0:0, 1:0:0:0:0, 1:0:0:0:0, 2:0:0:0:0, 1:0:0:0:0, 3:0:0:0:0, 1:0:0:0:0, 2:0:0:0:0, 2:0:0:0:0, 1:0:0:0:0, 0:0:0:0:0, 2:0:0:0:0, 2:0:0:0:0, 2:0:0:0:0, 2:0:0:0:0, 3:0:0:0:0, 2:0:0:0:0, 1:0:0:0:0, 1:0:0:0:0, 1:0:0:0:0, 2:0:0:0:0, 1:0:1:0:1, 1:1:0:0:1, 3:0:0:0:0, 1:0:0:0:0, 2:0:0:0:0, 0:0:0:0:0, 2:1:0:0:1, 1:0:0:0:0, 1:0:0:0:0, 0:0:0:0:0, 3:0:0:0:0, 1:0:0:0:0, 1:0:0:0:0, 1:0:0:0:0, 1:0:0:0:0, 1:0:0:0:0, 1:0:0:0:0, 3:0:0:0:0, 3:0:0:0:0, 1:0:1:0:1, 2:0:0:0:0, 2:0:0:0:0, 0:0:0:0:0, 1:0:0:0:0, 0:0:0:0:0, 1:0:0:0:0, 2:0:0:0:0, 0:0:0:0:0, 2:0:0:0:0, 1:0:0:0:0, 0:0:0:0:0, 2:0:0:0:0, 1:0:0:0:0, 1:0:0:0:0, 2:0:0:0:0, 1:0:0:0:0, 1:0:0:0:0, 1:0:0:0:0, 1:0:0:0:0, 1:1:0:0:1, 0:0:0:0:0, 1:0:0:0:0, 3:0:0:0:0, 1:0:0:0:0, 0:0:0:0:0, 2:0:0:0:0, 2:0:0:0:0, 2:0:0:0:0, 1:0:0:0:0, 1:0:0:0:0, 3:0:0:0:0, 2:0:0:0:0, 2:0:0:0:0, 0:0:0:0:0, 2:1:0:0:1, 2:0:0:0:0, 0:0:0:0:0, 2:0:0:0:0, 3:0:0:0:0, 0:0:0:0:0, 1:0:0:0:0, 3:0:0:0:0, 1:0:0:0:0, 2:0:0:0:0, 1:0:0:0:0, 1:1:0:0:1, 4:0:0:0:0, 1:0:0:0:0, 1:0:0:0:0, 1:0:0:0:0, 1:0:0:0:0, 1:0:0:0:0, 0:0:0:0:0, 1:0:0:0:0, 2:0:0:0:0, 1:1:0:0:1, 0:0:0:0:0, 1:0:0:0:0, 0:0:0:0:0, 2:0:0:0:0, 0:0:0:0:0, 1:0:0:0:0, 2:0:0:0:0, 0:0:0:0:0, 2:0:0:0:0, 1:0:0:0:0, 1:0:0:0:0, 2:0:0:0:0, 2:0:0:0:0, 2:1:0:0:1, 3:0:0:0:0, 2:0:0:0:0, 1:0:0:0:0, 1:0:0:0:0, 0:0:0:0:0, 2:0:0:0:0, 2:0:0:0:0, 1:0:0:0:0, 2:1:0:0:1, 1:0:0:0:0, 1:0:0:0:0, 1:0:0:0:0, 2:0:0:0:0, 1:1:0:0:1, 1:0:0:0:0, 2:0:0:0:0, 2:0:0:0:0, 1:0:0:0:0, 1:0:0:0:0, 1:0:0:0:0, 0:0:0:0:0, 0:0:0:0:0, 0:0:0:0:0, 1:0:0:0:0, 2:0:0:0:0, 1:0:0:0:0, 1:1:0:0:1, 0:0:0:0:0, 1:0:0:0:0, 1:0:0:0:0, 0:0:0:0:0, 1:0:0:0:0, 3:0:0:0:0, 0:0:0:0:0, 2:0:0:0:0, 1:0:0:0:0, 0:0:0:0:0, 2:0:0:0:0, 1:0:0:0:0, 1:0:0:0:0, 3:0:0:0:0, 1:0:0:0:0, 1:0:0:0:0, 1:0:0:0:0, 1:0:0:0:0, 1:1:0:0:1, 0:0:0:0:0, 1:0:0:0:0, 3:0:0:0:0, 1:0:0:0:0, 0:0:0:0:0, 2:0:0:0:0, 0:0:0:0:0, 2:0:0:0:0, 1:0:0:0:0, 1:0:0:0:0, 3:0:0:0:0, 2:0:0:0:0, 2:0:0:0:0, 0:0:0:0:0, 2:1:0:0:1, 2:0:0:0:0, 0:0:0:0:0, 2:0:0:0:0, 4:0:0:0:0, 0:0:0:0:0, 1:0:0:0:0, 3:0:0:0:0, 1:0:0:0:0, 2:0:0:0:0, 1:0:0:0:0, 1:1:0:0:1, 4:0:0:0:0, 1:0:0:0:0, 1:0:0:0:0, 1:0:0:0:0, 1:0:0:0:0, 1:0:0:0:0, 0:0:0:0:0, 1:0:0:0:0, 2:0:0:0:0, 1:1:0:0:1, 0:0:0:0:0, 1:0:0:0:0, 0:0:0:0:0, 2:0:0:0:0, 0:0:0:0:0, 1:0:0:0:0, 3:0:0:0:0, 1:0:0:0:0, 2:0:0:0:0, 1:0:0:0:0, 1:0:0:0:0, 2:0:0:0:0, 2:0:0:0:0, 2:0:0:0:0, 3:0:0:0:0, 2:0:0:0:0, 1:0:0:0:0, 1:0:0:0:0, 0:0:0:0:0, 2:0:0:0:0, 2:0:0:0:0, 2:0:0:0:0, 2:1:0:0:1, 1:0:0:0:0, 1:0:0:0:0, 1:0:0:0:0, 1:0:0:0:0, 1:1:0:0:1, 1:0:0:0:0, 2:0:0:0:0, 3:0:0:0:0, 1:0:0:0:0, 1:0:0:0:0, 2:0:0:0:0, 0:0:0:0:0, 0:0:0:0:0, 0:0:0:0:0, 1:0:0:0:0, 3:0:0:0:0, 1:0:0:0:0, 0:0:0:0:0, 0:0:0:0:0, 0:0:0:0:0, 0:0:0:0:0, 0:0:0:0:0, 1:0:0:0:0, 1:0:0:0:0, 0:0:0:0:0, 4:0:1:0:1, 0:0:0:0:0, 0:0:0:0:0, 0:0:0:0:0, 399:20:5:0:25
G phrygian (1#), 4:2:0:0:0, 1:0:0:0:0, 2:3:0:0:0, 0:0:0:0:0, 2:3:0:0:0, 0:0:0:0:0, 1:0:0:0:1, 1:0:0:0:0, 3:3:0:0:0, 1:0:0:0:0, 3:2:0:0:0, 0:0:0:0:0, 3:1:0:0:0, 1:0:0:0:0, 1:0:0:0:0, 2:2:0:0:0, 2:0:0:0:1, 2:3:0:0:0, 0:0:0:0:0, 4:4:0:0:2, 3:0:0:0:1, 1:3:0:0:0, 1:0:0:0:0, 2:0:0:0:1, 3:2:0:0:0, 2:0:0:0:0, 2:2:0:0:0, 3:0:0:0:2, 3:3:0:0:0, 0:0:0:0:0, 3:1:0:0:1, 3:4:0:0:0, 0:0:0:0:0, 2:0:0:0:2, 2:3:0:0:1, 3:3:0:0:4, 0:0:0:0:0, 2:0:0:0:2, 1:2:0:0:0, 1:2:0:0:0, 3:2:0:0:0, 1:0:0:0:0, 2:3:0:0:0, 1:0:1:0:1, 3:2:0:0:0, 2:0:0:0:1, 3:0:0:0:1, 2:1:0:0:0, 3:2:0:0:0, 3:1:0:0:0, 2:3:0:0:0, 1:0:0:0:1, 3:2:0:0:0, 1:0:0:0:0, 2:1:0:0:0, 2:2:0:0:0, 2:0:0:0:1, 2:2:0:0:0, 1:0:0:0:0, 5:4:0:0:1, 2:0:0:0:1, 2:2:0:0:0, 0:0:0:0:0, 3:0:0:0:1, 3:2:0:0:0, 3:1:0:0:1, 2:1:0:0:1, 1:0:0:0:1, 3:2:0:0:0, 1:0:0:0:0, 2:1:0:0:0, 3:2:0:0:1, 4:1:0:0:0, 2:1:0:0:0, 3:3:0:0:2, 1:0:0:0:1, 3:2:0:0:0, 1:0:0:0:0, 1:0:0:0:0, 2:0:0:0:1, 3:3:0:0:2, 2:1:0:0:0, 2:2:0:0:0, 1:1:0:0:0, 3:2:0:0:0, 1:0:0:0:0, 1:0:0:0:0, 3:3:0:0:0, 2:0:0:0:1, 3:1:0:0:0, 0:0:0:0:0, 3:5:0:0:1, 2:0:0:0:1, 3:2:0:0:0, 0:0:0:0:0, 1:0:0:0:0, 2:4:0:0:1, 1:0:0:0:0, 4:1:0:0:1, 1:0:0:0:1, 3:4:1:0:1, 1:0:0:0:0, 4:1:0:0:3, 2:1:0:0:0, 3:2:0:0:1, 2:1:0:0:0, 3:3:0:0:0, 0:0:0:0:0, 2:3:0:0:0, 0:0:0:0:0, 2:0:0:0:1, 1:0:0:0:0, 3:2:0:0:0, 2:0:0:0:1, 2:3:0:0:0, 1:0:1:0:1, 3:2:0:0:0, 1:0:0:0:0, 1:0:0:0:0, 2:2:0:0:0, 2:0:0:0:1, 2:3:0:0:0, 1:0:0:0:0, 2:5:0:0:0, 2:0:0:0:1, 2:3:0:0:0, 2:0:0:0:1, 4:1:0:0:0, 4:2:0:0:0, 1:0:0:0:0, 2:4:0:0:1, 1:0:0:0:1, 3:2:0:0:0, 0:0:0:0:0, 2:2:0:0:0, 3:3:0:0:1, 4:1:0:0:1, 2:0:0:0:1, 4:2:0:0:1, 1:0:0:0:1, 2:3:0:0:0, 2:1:0:0:2, 3:0:0:0:1, 3:2:0:0:1, 3:2:0:0:0, 2:0:0:0:0, 3:2:0:0:0, 2:0:0:0:2, 3:3:0:0:0, 3:1:0:0:0, 1:0:0:0:0, 3:3:0:0:1, 2:0:0:0:1, 2:2:0:0:0, 1:0:0:0:0, 3:4:0:0:1, 2:0:0:0:1, 2:3:0:0:0, 1:0:0:0:0, 1:0:0:0:0, 3:2:0:0:0, 1:0:0:0:0, 2:3:0:0:0, 0:0:0:0:0, 2:3:0:0:0, 1:0:0:0:0, 1:0:0:0:0, 3:3:0:0:0, 4:2:0:0:1, 2:0:0:0:0, 4:1:0:0:1, 1:0:0:0:1, 3:2:0:0:0, 1:0:0:0:0, 0:0:0:0:0, 1:0:0:0:0, 3:2:0:0:0, 1:0:0:0:0, 2:3:0:0:1, 1:0:0:0:1, 2:2:0:0:0, 1:0:0:0:0, 1:0:0:0:0, 3:2:0:0:1, 2:0:0:0:1, 2:3:0:0:1, 2:0:0:0:1, 3:4:0:0:1, 2:0:0:0:2, 3:2:0:0:1, 0:0:0:0:0, 1:0:0:0:0, 1:3:0:0:0, 1:0:0:0:0, 3:3:0:0:0, 0:0:0:0:0, 3:2:0:0:0, 2:1:0:0:0, 1:0:0:0:0, 2:3:1:0:1, 3:2:0:0:1, 2:1:0:0:0, 3:3:0:0:0, 1:0:0:0:1, 2:3:0:0:0, 0:0:0:0:0, 1:0:0:0:0, 1:0:0:0:0, 3:2:0:0:0, 2:0:0:0:1, 2:3:0:0:0, 2:0:1:0:2, 3:2:0:0:0, 1:0:0:0:0, 1:0:0:0:0, 2:2:0:0:0, 2:0:0:0:1, 2:3:0:0:0, 1:0:0:0:0, 2:5:0:0:0, 2:0:0:0:1, 2:3:0:0:0, 2:0:0:0:1, 2:1:0:0:0, 4:2:0:0:0, 1:0:0:0:0, 2:5:0:0:2, 1:0:0:0:1, 3:2:0:0:0, 1:0:0:0:0, 2:1:0:0:0, 3:2:0:0:1, 4:1:0:0:1, 2:0:0:0:1, 4:2:0:0:1, 2:0:0:0:1, 2:3:0:0:0, 2:1:0:0:2, 3:0:0:0:1, 3:2:0:0:1, 3:2:0:0:0, 2:0:0:0:0, 3:2:0:0:0, 2:0:0:0:2, 3:3:0:0:0, 3:1:0:0:0, 1:0:0:0:0, 3:3:0:0:1, 2:0:0:0:1, 2:2:0:0:0, 1:0:0:0:0, 3:4:0:0:1, 2:0:0:0:1, 2:3:0:0:0, 1:0:0:0:0, 1:0:0:0:0, 3:2:0:0:0, 1:0:0:0:0, 2:3:0:0:0, 1:0:0:0:1, 3:3:0:0:0, 1:0:0:0:0, 1:0:0:0:0, 3:3:0:0:0, 4:2:0:0:1, 2:0:0:0:0, 4:1:0:0:1, 1:0:0:0:1, 3:2:0:0:0, 1:0:0:0:0, 0:0:0:0:0, 1:0:0:0:0, 3:2:0:0:0, 1:0:0:0:0, 3:2:0:0:0, 1:0:0:0:1, 2:2:0:0:0, 1:0:0:0:0, 1:0:0:0:0, 2:2:0:0:0, 2:0:0:0:1, 2:3:0:0:1, 2:0:0:0:1, 4:4:0:0:1, 2:0:0:0:2, 3:2:0:0:1, 1:1:0:0:1, 1:0:0:0:0, 1:3:0:0:0, 1:0:0:0:0, 3:3:0:0:0, 1:0:0:0:0, 3:3:0:0:0, 1:1:0:0:0, 1:0:0:0:0, 2:3:0:0:0, 0:0:0:0:0, 1:0:0:0:0, 1:4:0:0:0, 1:4:0:0:4, 0:0:0:0:0, 2:3:1:0:1, 1:0:0:0:1, 1:0:0:0:1, 1:0:0:0:1, 591:369:6:0:131
F lydian (1b), 2:0:0:0:0, 1:0:0:0:0, 1:0:0:0:0, 2:0:0:0:0, 0:0:0:0:0, 1:0:0:0:0, 2:0:0:0:0, 0:0:0:0:0, 1:0:0:0:0, 1:0:0:0:0, 1:0:0:0:0, 2:0:0:0:0, 2:0:0:0:0, 1:0:0:0:0, 1:0:0:0:0, 1:1:0:0:1, 1:0:0:0:0, 0:0:0:0:0, 0:0:0:0:0, 3:0:0:0:0, 2:0:0:0:0, 0:0:0:0:0, 2:0:0:0:0, 1:0:1:0:1, 2:0:0:0:0, 3:0:0:0:0, 1:1:0:0:1, 5:0:0:0:0, 1:0:0:0:0, 2:0:0:0:0, 2:0:1:0:1, 1:0:0:0:0, 1:0:0:0:0, 1:0:0:0:0, 1:0:0:0:0, 2:0:0:0:0, 1:1:0:0:1, 4:0:0:0:0, 0:0:0:0:0, 0:0:0:0:0, 2:0:0:0:0, 2:0:0:0:0, 1:0:0:0:0, 2:0:0:0:0, 2:0:0:0:0, 2:0:0:0:0, 3:0:0:0:0, 0:0:0:0:0, 2:1:0:0:1, 1:0:0:0:0, 1:0:0:0:0, 2:0:0:0:0, 2:0:0:0:0, 2:0:0:0:0, 0:0:0:0:0, 1:0:0:0:0, 1:0:0:0:0, 0:0:0:0:0, 1:0:0:0:0, 4:0:0:0:0, 1:0:0:0:0, 1:0:0:0:0, 1:0:0:0:0, 2:0:0:0:0, 1:0:0:0:0, 3:0:0:0:0, 1:0:0:0:0, 2:0:0:0:0, 2:0:0:0:0, 1:0:0:0:0, 0:0:0:0:0, 2:0:0:0:0, 2:0:0:0:0, 2:0:0:0:0, 2:0:0:0:0, 3:0:0:0:0, 2:0:0:0:0, 1:0:0:0:0, 1:0:0:0:0, 1:0:0:0:0, 2:0:0:0:0, 1:0:1:0:1, 1:1:0:0:1, 3:0:0:0:0, 1:0:0:0:0, 2:0:0:0:0, 0:0:0:0:0, 2:1:0:0:1, 1:0:0:0:0, 1:0:0:0:0, 0:0:0:0:0, 3:0:0:0:0, 1:0:0:0:0, 1:0:0:0:0, 1:0:0:0:0, 1:0:0:0:0, 1:0:0:0:0, 1:0:0:0:0, 3:0:0:0:0, 3:0:0:0:0, 1:0:1:0:1, 2:0:0:0:0, 2:0:0:0:0, 0:0:0:0:0, 1:0:0:0:0, 0:0:0:0:0, 1:0:0:0:0, 2:0:0:0:0, 0:0:0:0:0, 2:0:0:0:0, 1:0:0:0:0, 0:0:0:0:0, 2:0:0:0:0, 1:0:0:0:0, 1:0:0:0:0, 2:0:0:0:0, 1:0:0:0:0, 1:0:0:0:0, 1:0:0:0:0, 1:0:0:0:0, 1:1:0:0:1, 0:0:0:0:0, 1:0:0:0:0, 3:0:0:0:0, 1:0:0:0:0, 0:0:0:0:0, 2:0:0:0:0, 2:0:0:0:0, 2:0:0:0:0, 1:0:0:0:0, 1:0:0:0:0, 3:0:0:0:0, 2:0:0:0:0, 2:0:0:0:0, 0:0:0:0:0, 2:1:0:0:1, 2:0:0:0:0, 0:0:0:0:0, 2:0:0:0:0, 3:0:0:0:0, 0:0:0:0:0, 1:0:0:0:0, 3:0:0:0:0, 1:0:0:0:0, 2:0:0:0:0, 1:0:0:0:0, 1:1:0:0:1, 4:0:0:0:0, 1:0:0:0:0, 1:0:0:0:0, 1:0:0:0:0, 1:0:0:0:0, 1:0:0:0:0, 0:0:0:0:0, 1:0:0:0:0, 2:0:0:0:0, 1:1:0:0:1, 0:0:0:0:0, 1:0:0:0:0, 0:0:0:0:0, 2:0:0:0:0, 0:0:0:0:0, 1:0:0:0:0, 2:0:0:0:0, 0:0:0:0:0, 2:0:0:0:0, 1:0:0:0:0, 1:0:0:0:0, 2:0:0:0:0, 2:0:0:0:0, 2:1:0:0:1, 3:0:0:0:0, 2:0:0:0:0, 1:0:0:0:0, 1:0:0:0:0, 0:0:0:0:0, 2:0:0:0:0, 2:0:0:0:0, 1:0:0:0:0, 2:1:0:0:1, 1:0:0:0:0, 1:0:0:0:0, 1:0:0:0:0, 2:0:0:0:0, 1:1:0:0:1, 1:0:0:0:0, 2:0:0:0:0, 2:0:0:0:0, 1:0:0:0:0, 1:0:0:0:0, 1:0:0:0:0, 0:0:0:0:0, 0:0:0:0:0, 0:0:0:0:0, 1:0:0:0:0, 2:0:0:0:0, 1:0:0:0:0, 1:1:0:0:1, 0:0:0:0:0, 1:0:0:0:0, 1:0:0:0:0, 0:0:0:0:0, 1:0:0:0:0, 3:0:0:0:0, 0:0:0:0:0, 2:0:0:0:0, 1:0:0:0:0, 0:0:0:0:0, 2:0:0:0:0, 1:0:0:0:0, 1:0:0:0:0, 3:0:0:0:0, 1:0:0:0:0, 1:0:0:0:0, 1:0:0:0:0, 1:0:0:0:0, 1:1:0:0:1, 0:0:0:0:0, 1:0:0:0:0, 3:0:0:0:0, 1:0:0:0:0, 0:0:0:0:0, 2:0:0:0:0, 0:0:0:0:0, 2:0:0:0:0, 1:0:0:0:0, 1:0:0:0:0, 3:0:0:0:0, 2:0:0:0:0, 2:0:0:0:0, 0:0:0:0:0, 2:1:0:0:1, 2:0:0:0:0, 0:0:0:0:0, 2:0:0:0:0, 4:0:0:0:0, 0:0:0:0:0, 1:0:0:0:0, 3:0:0:0:0, 1:0:0:0:0, 2:0:0:0:0, 1:0:0:0:0, 1:1:0:0:1, 4:0:0:0:0, 1:0:0:0:0, 1:0:0:0:0, 1:0:0:0:0, 1:0:0:0:0, 1:0:0:0:0, 0:0:0:0:0, 1:0:0:0:0, 2:0:0:0:0, 1:1:0:0:1, 0:0:0:0:0, 1:0:0:0:0, 0:0:0:0:0, 2:0:0:0:0, 0:0:0:0:0, 1:0:0:0:0, 3:0:0:0:0, 1:0:0:0:0, 2:0:0:0:0, 1:0:0:0:0, 1:0:0:0:0, 2:0:0:0:0, 2:0:0:0:0, 2:0:0:0:0, 3:0:0:0:0, 2:0:0:0:0, 1:0:0:0:0, 1:0:0:0:0, 0:0:0:0:0, 2:0:0:0:0, 2:0:0:0:0, 2:0:0:0:0, 2:1:0:0:1, 1:0:0:0:0, 1:0:0:0:0, 1:0:0:0:0, 1:0:0:0:0, 1:1:0:0:1, 1:0:0:0:0, 2:0:0:0:0, 3:0:0:0:0, 1:0:0:0:0, 1:0:0:0:0, 2:0:0:0:0, 0:0:0:0:0, 0:0:0:0:0, 0:0:0:0:0, 1:0:0:0:0, 3:0:0:0:0, 1:0:0:0:0, 0:0:0:0:0, 0:0:0:0:0, 0:0:0:0:0, 0:0:0:0:0, 0:0:0:0:0, 1:0:0:0:0, 1:0:0:0:0, 0:0:0:0:0, 4:0:1:0:1, 0:0:0:0:0, 0:0:0:0:0, 0:0:0:0:0, 399:20:5:0:25
G lydian (1#), 4:2:0:0:0, 1:0:0:0:0, 2:3:0:0:0, 0:0:0:0:0, 2:3:0:0:0, 0:0:0:0:0, 1:0:0:0:1, 1:0:0:0:0, 3:3:0:0:0, 1:0:0:0:0, 3:2:0:0:0, 0:0:0:0:0, 3:1:0:0:0, 1:0:0:0:0, 1:0:0:0:0, 2:2:0:0:0, 2:0:0:0:1, 2:3:0:0:0, 0:0:0:0:0, 4:4:0:0:2, 3:0:0:0:1, 1:3:0:0:0, 1:0:0:0:0, 2:0:0:0:1, 3:2:0:0:0, 2:0:0:0:0, 2:2:0:0:0, 3:0:0:0:2, 3:3:0:0:0, 0:0:0:0:0, 3:1:0:0:1, 3:4:0:0:0, 0:0:0:0:0, 2:0:0:0:2, 2:3:0:0:1, 3:3:0:0:4, 0:0:0:0:0, 2:0:0:0:2, 1:2:0:0:0, 1:2:0:0:0, 3:2:0:0:0, 1:0:0:0:0, 2:3:0:0:0, 1:0:1:0:1, 3:2:0:0:0, 2:0:0:0:1, 3:0:0:0:1, 2:1:0:0:0, 3:2:0:0:0, 3:1:0:0:0, 2:3:0:0:0, 1:0:0:0:1, 3:2:0:0:0, 1:0:0:0:0, 2:1:0:0:0, 2:2:0:0:0, 2:0:0:0:1, 2:2:0:0:0, 1:0:0:0:0, 5:4:0:0:1, 2:0:0:0:1, 2:2:0:0:0, 0:0:0:0:0, 3:0:0:0:1, 3:2:0:0:0, 3:1:0:0:1, 2:1:0:0:1, 1:0:0:0:1, 3:2:0:0:0, 1:0:0:0:0, 2:1:0:0:0, 3:2:0:0:1, 4:1:0:0:0, 2:1:0:0:0, 3:3:0:0:2, 1:0:0:0:1, 3:2:0:0:0, 1:0:0:0:0, 1:0:0:0:0, 2:0:0:0:1, 3:3:0:0:2, 2:1:0:0:0, 2:2:0:0:0, 1:1:0:0:0, 3:2:0:0:0, 1:0:0:0:0, 1:0:0:0:0, 3:3:0:0:0, 2:0:0:0:1, 3:1:0:0:0, 0:0:0:0:0, 3:5:0:0:1, 2:0:0:0:1, 3:2:0:0:0, 0:0:0:0:0, 1:0:0:0:0, 2:4:0:0:1, 1:0:0:0:0, 4:1:0:0:1, 1:0:0:0:1, 3:4:1:0:1, 1:0:0:0:0, 4:1:0:0:3, 2:1:0:0:0, 3:2:0:0:1, 2:1:0:0:0, 3:3:0:0:0, 0:0:0:0:0, 2:3:0:0:0, 0:0:0:0:0, 2:0:0:0:1, 1:0:0:0:0, 3:2:0:0:0, 2:0:0:0:1, 2:3:0:0:0, 1:0:1:0:1, 3:2:0:0:0, 1:0:0:0:0, 1:0:0:0:0, 2:2:0:0:0, 2:0:0:0:1, 2:3:0:0:0, 1:0:0:0:0, 2:5:0:0:0, 2:0:0:0:1, 2:3:0:0:0, 2:0:0:0:1, 4:1:0:0:0, 4:2:0:0:0, 1:0:0:0:0, 2:4:0:0:1, 1:0:0:0:1, 3:2:0:0:0, 0:0:0:0:0, 2:2:0:0:0, 3:3:0:0:1, 4:1:0:0:1, 2:0:0:0:1, 4:2:0:0:1, 1:0:0:0:1, 2:3:0:0:0, 2:1:0:0:2, 3:0:0:0:1, 3:2:0:0:1, 3:2:0:0:0, 2:0:0:0:0, 3:2:0:0:0, 2:0:0:0:2, 3:3:0:0:0, 3:1:0:0:0, 1:0:0:0:0, 3:3:0:0:1, 2:0:0:0:1, 2:2:0:0:0, 1:0:0:0:0, 3:4:0:0:1, 2:0:0:0:1, 2:3:0:0:0, 1:0:0:0:0, 1:0:0:0:0, 3:2:0:0:0, 1:0:0:0:0, 2:3:0:0:0, 0:0:0:0:0, 2:3:0:0:0, 1:0:0:0:0, 1:0:0:0:0, 3:3:0:0:0, 4:2:0:0:1, 2:0:0:0:0, 4:1:0:0:1, 1:0:0:0:1, 3:2:0:0:0, 1:0:0:0:0, 0:0:0:0:0, 1:0:0:0:0, 3:2:0:0:0, 1:0:0:0:0, 2:3:0:0:1, 1:0:0:0:1, 2:2:0:0:0, 1:0:0:0:0, 1:0:0:0:0, 3:2:0:0:1, 2:0:0:0:1, 2:3:0:0:1, 2:0:0:0:1, 3:4:0:0:1, 2:0:0:0:2, 3:2:0:0:1, 0:0:0:0:0, 1:0:0:0:0, 1:3:0:0:0, 1:0:0:0:0, 3:3:0:0:0, 0:0:0:0:0, 3:2:0:0:0, 2:1:0:0:0, 1:0:0:0:0, 2:3:1:0:1, 3:2:0:0:1, 2:1:0:0:0, 3:3:0:0:0, 1:0:0:0:1, 2:3:0:0:0, 0:0:0:0:0, 1:0:0:0:0, 1:0:0:0:0, 3:2:0:0:0, 2:0:0:0:1, 2:3:0:0:0, 2:0:1:0:2, 3:2:0:0:0, 1:0:0:0:0, 1:0:0:0:0, 2:2:0:0:0, 2:0:0:0:1, 2:3:0:0:0, 1:0:0:0:0, 2:5:0:0:0, 2:0:0:0:1, 2:3:0:0:0, 2:0:0:0:1, 2:1:0:0:0, 4:2:0:0:0, 1:0:0:0:0, 2:5:0:0:2, 1:0:0:0:1, 3:2:0:0:0, 1:0:0:0:0, 2:1:0:0:0, 3:2:0:0:1, 4:1:0:0:1, 2:0:0:0:1, 4:2:0:0:1, 2:0:0:0:1, 2:3:0:0:0, 2:1:0:0:2, 3:0:0:0:1, 3:2:0:0:1, 3:2:0:0:0, 2:0:0:0:0, 3:2:0:0:0, 2:0:0:0:2, 3:3:0:0:0, 3:1:0:0:0, 1:0:0:0:0, 3:3:0:0:1, 2:0:0:0:1, 2:2:0:0:0, 1:0:0:0:0, 3:4:0:0:1, 2:0:0:0:1, 2:3:0:0:0, 1:0:0:0:0, 1:0:0:0:0, 3:2:0:0:0, 1:0:0:0:0, 2:3:0:0:0, 1:0:0:0:1, 3:3:0:0:0, 1:0:0:0:0, 1:0:0:0:0, 3:3:0:0:0, 4:2:0:0:1, 2:0:0:0:0, 4:1:0:0:1, 1:0:0:0:1, 3:2:0:0:0, 1:0:0:0:0, 0:0:0:0:0, 1:0:0:0:0, 3:2:0:0:0, 1:0:0:0:0, 3:2:0:0:0, 1:0:0:0:1, 2:2:0:0:0, 1:0:0:0:0, 1:0:0:0:0, 2:2:0:0:0, 2:0:0:0:1, 2:3:0:0:1, 2:0:0:0:1, 4:4:0:0:1, 2:0:0:0:2, 3:2:0:0:1, 1:1:0:0:1, 1:0:0:0:0, 1:3:0:0:0, 1:0:0:0:0, 3:3:0:0:0, 1:0:0:0:0, 3:3:0:0:0, 1:1:0:0:0, 1:0:0:0:0, 2:3:0:0:0, 0:0:0:0:0, 1:0:0:0:0, 1:4:0:0:0, 1:4:0:0:4, 0:0:0:0:0, 2:3:1:0:1, 1:0:0:0:1, 1:0:0:0:1, 1:0:0:0:1, 591:369:6:0:131
F mixolydian (1b), 2:0:0:0:0, 1:0:0:0:0, 1:0:0:0:0, 2:0:0:0:0, 0:0:0:0:0, 1:0:0:0:0, 2:0:0:0:0, 0:0:0:0:0, 1:0:0:0:0, 1:0:0:0:0, 1:0:0:0:0, 2:0:0:0:0, 2:0:0:0:0, 1:0:0:0:0, 1:0:0:0:0, 1:1:0:0:1, 1:0:0:0:0, 0:0:0:0:0, 0:0:0:0:0, 3:0:0:0:0, 2:0:0:0:0, 0:0:0:0:0, 2:0:0:0:0, 1:0:1:0:1, 2:0:0:0:0, 3:0:0:0:0, 1:1:0:0:1, 5:0:0:0:0, 1:0:0:0:0, 2:0:0:0:0, 2:0:1:0:1, 1:0:0:0:0, 1:0:0:0:0, 1:0:0:0:0, 1:0:0:0:0, 2:0:0:0:0, 1:1:0:0:1, 4:0:0:0:0, 0:0:0:0:0, 0:0:0:0:0, 2:0:0:0:0, 2:0:0:0:0, 1:0:0:0:0, 2:0:0:0:0, 2:0:0:0:0, 2:0:0:0:0, 3:0:0:0:0, 0:0:0:0:0, 2:1:0:0:1, 1:0:0:0:0, 1:0:0:0:0, 2:0:0:0:0, 2:0:0:0:0, 2:0:0:0:0, 0:0:0:0:0, 1:0:0:0:0, 1:0:0:0:0, 0:0:0:0:0, 1:0:0:0:0, 4:0:0:0:0, 1:0:0:0:0, 1:0:0:0:0, 1:0:0:0:0, 2:0:0:0:0, 1:0:0:0:0, 3:0:0:0:0, 1:0:0:0:0, 2:0:0:0:0, 2:0:0:0:0, 1:0:0:0:0, 0:0:0:0:0, 2:0:0:0:0, 2:0:0:0:0, 2:0:0:0:0, 2:0:0:0:0, 3:0:0:0:0, 2:0:0:0:0, 1:0:0:0:0, 1:0:0:0:0, 1:0:0:0:0, 2:0:0:0:0, 1:0:1:0:1, 1:1:0:0:1, 3:0:0:0:0, 1:0:0:0:0, 2:0:0:0:0, 0:0:0:0:0, 2:1:0:0:1, 1:0:0:0:0, 1:0:0:0:0, 0:0:0:0:0, 3:0:0:0:0, 1:0:0:0:0, 1:0:0:0:0, 1:0:0:0:0, 1:0:0:0:0, 1:0:0:0:0, 1:0:0:0:0, 3:0:0:0:0, 3:0:0:0:0, 1:0:1:0:1, 2:0:0:0:0, 2:0:0:0:0, 0:0:0:0:0, 1:0:0:0:0, 0:0:0:0:0, 1:0:0:0:0, 2:0:0:0:0, 0:0:0:0:0, 2:0:0:0:0, 1:0:0:0:0, 0:0:0:0:0, 2:0:0:0:0, 1:0:0:0:0, 1:0:0:0:0, 2:0:0:0:0, 1:0:0:0:0, 1:0:0:0:0, 1:0:0:0:0, 1:0:0:0:0, 1:1:0:0:1, 0:0:0:0:0, 1:0:0:0:0, 3:0:0:0:0, 1:0:0:0:0, 0:0:0:0:0, 2:0:0:0:0, 2:0:0:0:0, 2:0:0:0:0, 1:0:0:0:0, 1:0:0:0:0, 3:0:0:0:0, 2:0:0:0:0, 2:0:0:0:0, 0:0:0:0:0, 2:1:0:0:1, 2:0:0:0:0, 0:0:0:0:0, 2:0:0:0:0, 3:0:0:0:0, 0:0:0:0:0, 1:0:0:0:0, 3:0:0:0:0, 1:0:0:0:0, 2:0:0:0:0, 1:0:0:0:0, 1:1:0:0:1, 4:0:0:0:0, 1:0:0:0:0, 1:0:0:0:0, 1:0:0:0:0, 1:0:0:0:0, 1:0:0:0:0, 0:0:0:0:0, 1:0:0:0:0, 2:0:0:0:0, 1:1:0:0:1, 0:0:0:0:0, 1:0:0:0:0, 0:0:0:0:0, 2:0:0:0:0, 0:0:0:0:0, 1:0:0:0:0, 2:0:0:0:0, 0:0:0:0:0, 2:0:0:0:0, 1:0:0:0:0, 1:0:0:0:0, 2:0:0:0:0, 2:0:0:0:0, 2:1:0:0:1, 3:0:0:0:0, 2:0:0:0:0, 1:0:0:0:0, 1:0:0:0:0, 0:0:0:0:0, 2:0:0:0:0, 2:0:0:0:0, 1:0:0:0:0, 2:1:0:0:1, 1:0:0:0:0, 1:0:0:0:0, 1:0:0:0:0, 2:0:0:0:0, 1:1:0:0:1, 1:0:0:0:0, 2:0:0:0:0, 2:0:0:0:0, 1:0:0:0:0, 1:0:0:0:0, 1:0:0:0:0, 0:0:0:0:0, 0:0:0:0:0, 0:0:0:0:0, 1:0:0:0:0, 2:0:0:0:0, 1:0:0:0:0, 1:1:0:0:1, 0:0:0:0:0, 1:0:0:0:0, 1:0:0:0:0, 0:0:0:0:0, 1:0:0:0:0, 3:0:0:0:0, 0:0:0:0:0, 2:0:0:0:0, 1:0:0:0:0, 0:0:0:0:0, 2:0:0:0:0, 1:0:0:0:0, 1:0:0:0:0, 3:0:0:0:0, 1:0:0:0:0, 1:0:0:0:0, 1:0:0:0:0, 1:0:0:0:0, 1:1:0:0:1, 0:0:0:0:0, 1:0:0:0:0, 3:0:0:0:0, 1:0:0:0:0, 0:0:0:0:0, 2:0:0:0:0, 0:0:0:0:0, 2:0:0:0:0, 1:0:0:0:0, 1:0:0:0:0, 3:0:0:0:0, 2:0:0:0:0, 2:0:0:0:0, 0:0:0:0:0, 2:1:0:0:1, 2:0:0:0:0, 0:0:0:0:0, 2:0:0:0:0, 4:0:0:0:0, 0:0:0:0:0, 1:0:0:0:0, 3:0:0:0:0, 1:0:0:0:0, 2:0:0:0:0, 1:0:0:0:0, 1:1:0:0:1, 4:0:0:0:0, 1:0:0:0:0, 1:0:0:0:0, 1:0:0:0:0, 1:0:0:0:0, 1:0:0:0:0, 0:0:0:0:0, 1:0:0:0:0, 2:0:0:0:0, 1:1:0:0:1, 0:0:0:0:0, 1:0:0:0:0, 0:0:0:0:0, 2:0:0:0:0, 0:0:0:0:0, 1:0:0:0:0, 3:0:0:0:0, 1:0:0:0:0, 2:0:0:0:0, 1:0:0:0:0, 1:0:0:0:0, 2:0:0:0:0, 2:0:0:0:0, 2:0:0:0:0, 3:0:0:0:0, 2:0:0:0:0, 1:0:0:0:0, 1:0:0:0:0, 0:0:0:0:0, 2:0:0:0:0, 2:0:0:0:0, 2:0:0:0:0, 2:1:0:0:1, 1:0:0:0:0, 1:0:0:0:0, 1:0:0:0:0, 1:0:0:0:0, 1:1:0:0:1, 1:0:0:0:0, 2:0:0:0:0, 3:0:0:0:0, 1:0:0:0:0, 1:0:0:0:0, 2:0:0:0:0, 0:0:0:0:0, 0:0:0:0:0, 0:0:0:0:0, 1:0:0:0:0, 3:0:0:0:0, 1:0:0:0:0, 0:0:0:0:0, 0:0:0:0:0, 0:0:0:0:0, 0:0:0:0:0, 0:0:0:0:0, 1:0:0:0:0, 1:0:0:0:0, 0:0:0:0:0, 4:0:1:0:1, 0:0:0:0:0, 0:0:0:0:0, 0:0:0:0:0, 399:20:5:0:25
G mixolydian (1#), 4:2:0:0:0, 1:0:0:0:0, 2:3:0:0:0, 0:0:0:0:0, 2:3:0:0:0, 0:0:0:0:0, 1:0:0:0:1, 1:0:0:0:0, 3:3:0:0:0, 1:0:0:0:0, 3:2:0:0:0, 0:0:0:0:0, 3:1:0:0:0, 1:0:0:0:0, 1:0:0:0:0, 2:2:0:0:0, 2:0:0:0:1, 2:3:0:0:0, 0:0:0:0:0, 4:4:0:0:2, 3:0:0:0:1, 1:3:0:0:0, 1:0:0:0:0, 2:0:0:0:1, 3:2:0:0:0, 2:0:0:0:0, 2:2:0:0:0, 3:0:0:0:2, 3:3:0:0:0, 0:0:0:0:0, 3:1:0:0:1, 3:4:0:0:0, 0:0:0:0:0, 2:0:0:0:2, 2:3:0:0:1, 3:3:0:0:4, 0:0:0:0:0, 2:0:0:0:2, 1:2:0:0:0, 1:2:0:0:0, 3:2:0:0:0, 1:0:0:0:0, 2:3:0:0:0, 1:0:1:0:1, 3:2:0:0:0, 2:0:0:0:1, 3:0:0:0:1, 2:1:0:0:0, 3:2:0:0:0, 3:1:0:0:0, 2:3:0:0:0, 1:0:0:0:1, 3:2:0:0:0, 1:0:0:0:0, 2:1:0:0:0, 2:2:0:0:0, 2:0:0:0:1, 2:2:0:0:0, 1:0:0:0:0, 5:4:0:0:1, 2:0:0:0:1, 2:2:0:0:0, 0:0:0:0:0, 3:0:0:0:1, 3:2:0:0:0, 3:1:0:0:1, 2:1:0:0:1, 1:0:0:0:1, 3:2:0:0:0, 1:0:0:0:0, 2:1:0:0:0, 3:2:0:0:1, 4:1:0:0:0, 2:1:0:0:0, 3:3:0:0:2, 1:0:0:0:1, 3:2:0:0:0, 1:0:0:0:0, 1:0:0:0:0, 2:0:0:0:1, 3:3:0:0:2, 2:1:0:0:0, 2:2:0:0:0, 1:1:0:0:0, 3:2:0:0:0, 1:0:0:0:0, 1:0:0:0:0, 3:3:0:0:0, 2:0:0:0:1, 3:1:0:0:0, 0:0:0:0:0, 3:5:0:0:1, 2:0:0:0:1, 3:2:0:0:0, 0:0:0:0:0, 1:0:0:0:0, 2:4:0:0:1, 1:0:0:0:0, 4:1:0:0:1, 1:0:0:0:1, 3:4:1:0:1, 1:0:0:0:0, 4:1:0:0:3, 2:1:0:0:0, 3:2:0:0:1, 2:1:0:0:0, 3:3:0:0:0, 0:0:0:0:0, 2:3:0:0:0, 0:0:0:0:0, 2:0:0:0:1, 1:0:0:0:0, 3:2:0:0:0, 2:0:0:0:1, 2:3:0:0:0, 1:0:1:0:1, 3:2:0:0:0, 1:0:0:0:0, 1:0:0:0:0, 2:2:0:0:0, 2:0:0:0:1, 2:3:0:0:0, 1:0:0:0:0, 2:5:0:0:0, 2:0:0:0:1, 2:3:0:0:0, 2:0:0:0:1, 4:1:0:0:0, 4:2:0:0:0, 1:0:0:0:0, 2:4:0:0:1, 1:0:0:0:1, 3:2:0:0:0, 0:0:0:0:0, 2:2:0:0:0, 3:3:0:0:1, 4:1:0:0:1, 2:0:0:0:1, 4:2:0:0:1, 1:0:0:0:1, 2:3:0:0:0, 2:1:0:0:2, 3:0:0:0:1, 3:2:0:0:1, 3:2:0:0:0, 2:0:0:0:0, 3:2:0:0:0, 2:0:0:0:2, 3:3:0:0:0, 3:1:0:0:0, 1:0:0:0:0, 3:3:0:0:1, 2:0:0:0:1, 2:2:0:0:0, 1:0:0:0:0, 3:4:0:0:1, 2:0:0:0:1, 2:3:0:0:0, 1:0:0:0:0, 1:0:0:0:0, 3:2:0:0:0, 1:0:0:0:0, 2:3:0:0:0, 0:0:0:0:0, 2:3:0:0:0, 1:0:0:0:0, 1:0:0:0:0, 3:3:0:0:0, 4:2:0:0:1, 2:0:0:0:0, 4:1:0:0:1, 1:0:0:0:1, 3:2:0:0:0, 1:0:0:0:0, 0:0:0:0:0, 1:0:0:0:0, 3:2:0:0:0, 1:0:0:0:0, 2:3:0:0:1, 1:0:0:0:1, 2:2:0:0:0, 1:0:0:0:0, 1:0:0:0:0, 3:2:0:0:1, 2:0:0:0:1, 2:3:0:0:1, 2:0:0:0:1, 3:4:0:0:1, 2:0:0:0:2, 3:2:0:0:1, 0:0:0:0:0, 1:0:0:0:0, 1:3:0:0:0, 1:0:0:0:0, 3:3:0:0:0, 0:0:0:0:0, 3:2:0:0:0, 2:1:0:0:0, 1:0:0:0:0, 2:3:1:0:1, 3:2:0:0:1, 2:1:0:0:0, 3:3:0:0:0, 1:0:0:0:1, 2:3:0:0:0, 0:0:0:0:0, 1:0:0:0:0, 1:0:0:0:0, 3:2:0:0:0, 2:0:0:0:1, 2:3:0:0:0, 2:0:1:0:2, 3:2:0:0:0, 1:0:0:0:0, 1:0:0:0:0, 2:2:0:0:0, 2:0:0:0:1, 2:3:0:0:0, 1:0:0:0:0, 2:5:0:0:0, 2:0:0:0:1, 2:3:0:0:0, 2:0:0:0:1, 2:1:0:0:0, 4:2:0:0:0, 1:0:0:0:0, 2:5:0:0:2, 1:0:0:0:1, 3:2:0:0:0, 1:0:0:0:0, 2:1:0:0:0, 3:2:0:0:1, 4:1:0:0:1, 2:0:0:0:1, 4:2:0:0:1, 2:0:0:0:1, 2:3:0:0:0, 2:1:0:0:2, 3:0:0:0:1, 3:2:0:0:1, 3:2:0:0:0, 2:0:0:0:0, 3:2:0:0:0, 2:0:0:0:2, 3:3:0:0:0, 3:1:0:0:0, 1:0:0:0:0, 3:3:0:0:1, 2:0:0:0:1, 2:2:0:0:0, 1:0:0:0:0, 3:4:0:0:1, 2:0:0:0:1, 2:3:0:0:0, 1:0:0:0:0, 1:0:0:0:0, 3:2:0:0:0, 1:0:0:0:0, 2:3:0:0:0, 1:0:0:0:1, 3:3:0:0:0, 1:0:0:0:0, 1:0:0:0:0, 3:3:0:0:0, 4:2:0:0:1, 2:0:0:0:0, 4:1:0:0:1, 1:0:0:0:1, 3:2:0:0:0, 1:0:0:0:0, 0:0:0:0:0, 1:0:0:0:0, 3:2:0:0:0, 1:0:0:0:0, 3:2:0:0:0, 1:0:0:0:1, 2:2:0:0:0, 1:0:0:0:0, 1:0:0:0:0, 2:2:0:0:0, 2:0:0:0:1, 2:3:0:0:1, 2:0:0:0:1, 4:4:0:0:1, 2:0:0:0:2, 3:2:0:0:1, 1:1:0:0:1, 1:0:0:0:0, 1:3:0:0:0, 1:0:0:0:0, 3:3:0:0:0, 1:0:0:0:0, 3:3:0:0:0, 1:1:0:0:0, 1:0:0:0:0, 2:3:0:0:0, 0:0:0:0:0, 1:0:0:0:0, 1:4:0:0:0, 1:4:0:0:4, 0:0:0:0:0, 2:3:1:0:1, 1:0:0:0:1, 1:0:0:0:1, 1:0:0:0:1, 591:369:6:0:131
F aeolian (1b), 2:0:0:0:0, 1:0:0:0:0, 1:0:0:0:0, 2:0:0:0:0, 0:0:0:0:0, 1:0:0:0:0, 2:0:0:0:0, 0:0:0:0:0, 1:0:0:0:0, 1:0:0:0:0, 1:0:0:0:0, 2:0:0:0:0, 2:0:0:0:0, 1:0:0:0:0, 1:0:0:0:0, 1:1:0:0:1, 1:0:0:0:0, 0:0:0:0:0, 0:0:0:0:0, 3:0:0:0:0, 2:0:0:0:0, 0:0:0:0:0, 2:0:0:0:0, 1:0:1:0:1, 2:0:0:0:0, 3:0:0:0:0, 1:1:0:0:1, 5:0:0:0:0, 1:0:0:0:0, 2:0:0:0:0, 2:0:1:0:1, 1:0:0:0:0, 1:0:0:0:0, 1:0:0:0:0, 1:0:0:0:0, 2:0:0:0:0, 1:1:0:0:1, 4:0:0:0:0, 0:0:0:0:0, 0:0:0:0:0, 2:0:0:0:0, 2:0:0:0:0, 1:0:0:0:0, 2:0:0:0:0, 2:0:0:0:0, 2:0:0:0:0, 3:0:0:0:0, 0:0:0:0:0, 2:1:0:0:1, 1:0:0:0:0, 1:0:0:0:0, 2:0:0:0:0, 2:0:0:0:0, 2:0:0:0:0, 0:0:0:0:0, 1:0:0:0:0, 1:0:0:0:0, 0:0:0:0:0, 1:0:0:0:0, 4:0:0:0:0, 1:0:0:0:0, 1:0:0:0:0, 1:0:0:0:0, 2:0:0:0:0, 1:0:0:0:0, 3:0:0:0:0, 1:0:0:0:0, 2:0:0:0:0, 2:0:0:0:0, 1:0:0:0:0, 0:0:0:0:0, 2:0:0:0:0, 2:0:0:0:0, 2:0:0:0:0, 2:0:0:0:0, 3:0:0:0:0, 2:0:0:0:0, 1:0:0:0:0, 1:0:0:0:0, 1:0:0:0:0, 2:0:0:0:0, 1:0:1:0:1, 1:1:0:0:1, 3:0:0:0:0, 1:0:0:0:0, 2:0:0:0:0, 0:0:0:0:0, 2:1:0:0:1, 1:0:0:0:0, 1:0:0:0:0, 0:0:0:0:0, 3:0:0:0:0, 1:0:0:0:0, 1:0:0:0:0, 1:0:0:0:0, 1:0:0:0:0, 1:0:0:0:0, 1:0:0:0:0, 3:0:0:0:0, 3:0:0:0:0, 1:0:1:0:1, 2:0:0:0:0, 2:0:0:0:0, 0:0:0:0:0, 1:0:0:0:0, 0:0:0:0:0, 1:0:0:0:0, 2:0:0:0:0, 0:0:0:0:0, 2:0:0:0:0, 1:0:0:0:0, 0:0:0:0:0, 2:0:0:0:0, 1:0:0:0:0, 1:0:0:0:0, 2:0:0:0:0, 1:0:0:0:0, 1:0:0:0:0, 1:0:0:0:0, 1:0:0:0:0, 1:1:0:0:1, 0:0:0:0:0, 1:0:0:0:0, 3:0:0:0:0, 1:0:0:0:0, 0:0:0:0:0, 2:0:0:0:0, 2:0:0:0:0, 2:0:0:0:0, 1:0:0:0:0, 1:0:0:0:0, 3:0:0:0:0, 2:0:0:0:0, 2:0:0:0:0, 0:0:0:0:0, 2:1:0:0:1, 2:0:0:0:0, 0:0:0:0:0, 2:0:0:0:0, 3:0:0:0:0, 0:0:0:0:0, 1:0:0:0:0, 3:0:0:0:0, 1:0:0:0:0, 2:0:0:0:0, 1:0:0:0:0, 1:1:0:0:1, 4:0:0:0:0, 1:0:0:0:0, 1:0:0:0:0, 1:0:0:0:0, 1:0:0:0:0, 1:0:0:0:0, 0:0:0:0:0, 1:0:0:0:0, 2:0:0:0:0, 1:1:0:0:1, 0:0:0:0:0, 1:0:0:0:0, 0:0:0:0:0, 2:0:0:0:0, 0:0:0:0:0, 1:0:0:0:0, 2:0:0:0:0, 0:0:0:0:0, 2:0:0:0:0, 1:0:0:0:0, 1:0:0:0:0, 2:0:0:0:0, 2:0:0:0:0, 2:1:0:0:1, 3:0:0:0:0, 2:0:0:0:0, 1:0:0:0:0, 1:0:0:0:0, 0:0:0:0:0, 2:0:0:0:0, 2:0:0:0:0, 1:0:0:0:0, 2:1:0:0:1, 1:0:0:0:0, 1:0:0:0:0, 1:0:0:0:0, 2:0:0:0:0, 1:1:0:0:1, 1:0:0:0:0, 2:0:0:0:0, 2:0:0:0:0, 1:0:0:0:0, 1:0:0:0:0, 1:0:0:0:0, 0:0:0:0:0, 0:0:0:0:0, 0:0:0:0:0, 1:0:0:0:0, 2:0:0:0:0, 1:0:0:0:0, 1:1:0:0:1, 0:0:0:0:0, 1:0:0:0:0, 1:0:0:0:0, 0:0:0:0:0, 1:0:0:0:0, 3:0:0:0:0, 0:0:0:0:0, 2:0:0:0:0, 1:0:0:0:0, 0:0:0:0:0, 2:0:0:0:0, 1:0:0:0:0, 1:0:0:0:0, 3:0:0:0:0, 1:0:0:0:0, 1:0:0:0:0, 1:0:0:0:0, 1:0:0:0:0, 1:1:0:0:1, 0:0:0:0:0, 1:0:0:0:0, 3:0:0:0:0, 1:0:0:0:0, 0:0:0:0:0, 2:0:0:0:0, 0:0:0:0:0, 2:0:0:0:0, 1:0:0:0:0, 1:0:0:0:0, 3:0:0:0:0, 2:0:0:0:0, 2:0:0:0:0, 0:0:0:0:0, 2:1:0:0:1, 2:0:0:0:0, 0:0:0:0:0, 2:0:0:0:0, 4:0:0:0:0, 0:0:0:0:0, 1:0:0:0:0, 3:0:0:0:0, 1:0:0:0:0, 2:0:0:0:0, 1:0:0:0:0, 1:1:0:0:1, 4:0:0:0:0, 1:0:0:0:0, 1:0:0:0:0, 1:0:0:0:0, 1:0:0:0:0, 1:0:0:0:0, 0:0:0:0:0, 1:0:0:0:0, 2:0:0:0:0, 1:1:0:0:1, 0:0:0:0:0, 1:0:0:0:0, 0:0:0:0:0, 2:0:0:0:0, 0:0:0:0:0, 1:0:0:0:0, 3:0:0:0:0, 1:0:0:0:0, 2:0:0:0:0, 1:0:0:0:0, 1:0:0:0:0, 2:0:0:0:0, 2:0:0:0:0, 2:0:0:0:0, 3:0:0:0:0, 2:0:0:0:0, 1:0:0:0:0, 1:0:0:0:0, 0:0:0:0:0, 2:0:0:0:0, 2:0:0:0:0, 2:0:0:0:0, 2:1:0:0:1, 1:0:0:0:0, 1:0:0:0:0, 1:0:0:0:0, 1:0:0:0:0, 1:1:0:0:1, 1:0:0:0:0, 2:0:0:0:0, 3:0:0:0:0, 1:0:0:0:0, 1:0:0:0:0, 2:0:0:0:0, 0:0:0:0:0, 0:0:0:0:0, 0:0:0:0:0, 1:0:0:0:0, 3:0:0:0:0, 1:0:0:0:0, 0:0:0:0:0, 0:0:0:0:0, 0:0:0:0:0, 0:0:0:0:0, 0:0:0:0:0, 1:0:0:0:0, 1:0:0:0:0, 0:0:0:0:0, 4:0:1:0:1, 0:0:0:0:0, 0:0:0:0:0, 0:0:0:0:0, 399:20:5:0:25
G aeolian (1#), 4:2:0:0:0, 1:0:0:0:0, 2:3:0:0:0, 0:0:0:0:0, 2:3:0:0:0, 0:0:0:0:0, 1:0:0:0:1, 1:0:0:0:0, 3:3:0:0:0, 1:0:0:0:0, 3:2:0:0:0, 0:0:0:0:0, 3:1:0:0:0, 1:0:0:0:0, 1:0:0:0:0, 2:2:0:0:0, 2:0:0:0:1, 2:3:0:0:0, 0:0:0:0:0, 4:4:0:0:2, 3:0:0:0:1, 1:3:0:0:0, 1:0:0:0:0, 2:0:0:0:1, 3:2:0:0:0, 2:0:0:0:0, 2:2:0:0:0, 3:0:0:0:2, 3:3:0:0:0, 0:0:0:0:0, 3:1:0:0:1, 3:4:0:0:0, 0:0:0:0:0, 2:0:0:0:2, 2:3:0:0:1, 3:3:0:0:4, 0:0:0:0:0, 2:0:0:0:2, 1:2:0:0:0, 1:2:0:0:0, 3:2:0:0:0, 1:0:0:0:0, 2:3:0:0:0, 1:0:1:0:1, 3:2:0:0:0, 2:0:0:0:1, 3:0:0:0:1, 2:1:0:0:0, 3:2:0:0:0, 3:1:0:0:0, 2:3:0:0:0, 1:0:0:0:1, 3:2:0:0:0, 1:0:0:0:0, 2:1:0:0:0, 2:2:0:0:0, 2:0:0:0:1, 2:2:0:0:0, 1:0:0:0:0, 5:4:0:0:1, 2:0:0:0:1, 2:2:0:0:0, 0:0:0:0:0, 3:0:0:0:1, 3:2:0:0:0, 3:1:0:0:1, 2:1:0:0:1, 1:0:0:0:1, 3:2:0:0:0, 1:0:0:0:0, 2:1:0:0:0, 3:2:0:0:1, 4:1:0:0:0, 2:1:0:0:0, 3:3:0:0:2, 1:0:0:0:1, 3:2:0:0:0, 1:0:0:0:0, 1:0:0:0:0, 2:0:0:0:1, 3:3:0:0:2, 2:1:0:0:0, 2:2:0:0:0, 1:1:0:0:0, 3:2:0:0:0, 1:0:0:0:0, 1:0:0:0:0, 3:3:0:0:0, 2:0:0:0:1, 3:1:0:0:0, 0:0:0:0:0, 3:5:0:0:1, 2:0:0:0:1, 3:2:0:0:0, 0:0:0:0:0, 1:0:0:0:0, 2:4:0:0:1, 1:0:0:0:0, 4:1:0:0:1, 1:0:0:0:1, 3:4:1:0:1, 1:0:0:0:0, 4:1:0:0:3, 2:1:0:0:0, 3:2:0:0:1, 2:1:0:0:0, 3:3:0:0:0, 0:0:0:0:0, 2:3:0:0:0, 0:0:0:0:0, 2:0:0:0:1, 1:0:0:0:0, 3:2:0:0:0, 2:0:0:0:1, 2:3:0:0:0, 1:0:1:0:1, 3:2:0:0:0, 1:0:0:0:0, 1:0:0:0:0, 2:2:0:0:0, 2:0:0:0:1, 2:3:0:0:0, 1:0:0:0:0, 2:5:0:0:0, 2:0:0:0:1, 2:3:0:0:0, 2:0:0:0:1, 4:1:0:0:0, 4:2:0:0:0, 1:0:0:0:0, 2:4:0:0:1, 1:0:0:0:1, 3:2:0:0:0, 0:0:0:0:0, 2:2:0:0:0, 3:3:0:0:1, 4:1:0:0:1, 2:0:0:0:1, 4:2:0:0:1, 1:0:0:0:1, 2:3:0:0:0, 2:1:0:0:2, 3:0:0:0:1, 3:2:0:0:1, 3:2:0:0:0, 2:0:0:0:0, 3:2:0:0:0, 2:0:0:0:2, 3:3:0:0:0, 3:1:0:0:0, 1:0:0:0:0, 3:3:0:0:1, 2:0:0:0:1, 2:2:0:0:0, 1:0:0:0:0, 3:4:0:0:1, 2:0:0:0:1, 2:3:0:0:0, 1:0:0:0:0, 1:0:0:0:0, 3:2:0:0:0, 1:0:0:0:0, 2:3:0:0:0, 0:0:0:0:0, 2:3:0:0:0, 1:0:0:0:0, 1:0:0:0:0, 3:3:0:0:0, 4:2:0:0:1, 2:0:0:0:0, 4:1:0:0:1, 1:0:0:0:1, 3:2:0:0:0, 1:0:0:0:0, 0:0:0:0:0, 1:0:0:0:0, 3:2:0:0:0, 1:0:0:0:0, 2:3:0:0:1, 1:0:0:0:1, 2:2:0:0:0, 1:0:0:0:0, 1:0:0:0:0, 3:2:0:0:1, 2:0:0:0:1, 2:3:0:0:1, 2:0:0:0:1, 3:4:0:0:1, 2:0:0:0:2, 3:2:0:0:1, 0:0:0:0:0, 1:0:0:0:0, 1:3:0:0:0, 1:0:0:0:0, 3:3:0:0:0, 0:0:0:0:0, 3:2:0:0:0, 2:1:0:0:0, 1:0:0:0:0, 2:3:1:0:1, 3:2:0:0:1, 2:1:0:0:0, 3:3:0:0:0, 1:0:0:0:1, 2:3:0:0:0, 0:0:0:0:0, 1:0:0:0:0, 1:0:0:0:0, 3:2:0:0:0, 2:0:0:0:1, 2:3:0:0:0, 2:0:1:0:2, 3:2:0:0:0, 1:0:0:0:0, 1:0:0:0:0, 2:2:0:0:0, 2:0:0:0:1, 2:3:0:0:0, 1:0:0:0:0, 2:5:0:0:0, 2:0:0:0:1, 2:3:0:0:0, 2:0:0:0:1, 2:1:0:0:0, 4:2:0:0:0, 1:0:0:0:0, 2:5:0:0:2, 1:0:0:0:1, 3:2:0:0:0, 1:0:0:0:0, 2:1:0:0:0, 3:2:0:0:1, 4:1:0:0:1, 2:0:0:0:1, 4:2:0:0:1, 2:0:0:0:1, 2:3:0:0:0, 2:1:0:0:2, 3:0:0:0:1, 3:2:0:0:1, 3:2:0:0:0, 2:0:0:0:0, 3:2:0:0:0, 2:0:0:0:2, 3:3:0:0:0, 3:1:0:0:0, 1:0:0:0:0, 3:3:0:0:1, 2:0:0:0:1, 2:2:0:0:0, 1:0:0:0:0, 3:4:0:0:1, 2:0:0:0:1, 2:3:0:0:0, 1:0:0:0:0, 1:0:0:0:0, 3:2:0:0:0, 1:0:0:0:0, 2:3:0:0:0, 1:0:0:0:1, 3:3:0:0:0, 1:0:0:0:0, 1:0:0:0:0, 3:3:0:0:0, 4:2:0:0:1, 2:0:0:0:0, 4:1:0:0:1, 1:0:0:0:1, 3:2:0:0:0, 1:0:0:0:0, 0:0:0:0:0, 1:0:0:0:0, 3:2:0:0:0, 1:0:0:0:0, 3:2:0:0:0, 1:0:0:0:1, 2:2:0:0:0, 1:0:0:0:0, 1:0:0:0:0, 2:2:0:0:0, 2:0:0:0:1, 2:3:0:0:1, 2:0:0:0:1, 4:4:0:0:1, 2:0:0:0:2, 3:2:0:0:1, 1:1:0:0:1, 1:0:0:0:0, 1:3:0:0:0, 1:0:0:0:0, 3:3:0:0:0, 1:0:0:0:0, 3:3:0:0:0, 1:1:0:0:0, 1:0:0:0:0, 2:3:0:0:0, 0:0:0:0:0, 1:0:0:0:0, 1:4:0:0:0, 1:4:0:0:4, 0:0:0:0:0, 2:3:1:0:1, 1:0:0:0:1, 1:0:0:0:1, 1:0:0:0:1, 591:369:6:0:131
F locrian (1b), 2:0:0:0:0, 1:0:0:0:0, 1:0:0:0:0, 2:0:0:0:0, 0:0:0:0:0, 1:0:0:0:0, 2:0:0:0:0, 0:0:0:0:0, 1:0:0:0:0, 1:0:0:0:0, 1:0:0:0:0, 2:0:0:0:0, 2:0:0:0:0, 1:0:0:0:0, 1:0:0:0:0, 1:1:0:0:1, 1:0:0:0:0, 0:0:0:0:0, 0:0:0:0:0, 3:0:0:0:0, 2:0:0:0:0, 0:0:0:0:0, 2:0:0:0:0, 1:0:1:0:1, 2:0:0:0:0, 3:0:0:0:0, 1:1:0:0:1, 5:0:0:0:0, 1:0:0:0:0, 2:0:0:0:0, 2:0:1:0:1, 1:0:0:0:0, 1:0:0:0:0, 1:0:0:0:0, 1:0:0:0:0, 2:0:0:0:0, 1:1:0:0:1, 4:0:0:0:0, 0:0:0:0:0, 0:0:0:0:0, 2:0:0:0:0, 2:0:0:0:0, 1:0:0:0:0, 2:0:0:0:0, 2:0:0:0:0, 2:0:0:0:0, 3:0:0:0:0, 0:0:0:0:0, 2:1:0:0:1, 1:0:0:0:0, 1:0:0:0:0, 2:0:0:0:0, 2:0:0:0:0, 2:0:0:0:0, 0:0:0:0:0, 1:0:0:0:0, 1:0:0:0:0, 0:0:0:0:0, 1:0:0:0:0, 4:0:0:0:0, 1:0:0:0:0, 1:0:0:0:0, 1:0:0:0:0, 2:0:0:0:0, 1:0:0:0:0, 3:0:0:0:0, 1:0:0:0:0, 2:0:0:0:0, 2:0:0:0:0, 1:0:0:0:0, 0:0:0:0:0, 2:0:0:0:0, 2:0:0:0:0, 2:0:0:0:0, 2:0:0:0:0, 3:0:0:0:0, 2:0:0:0:0, 1:0:0:0:0, 1:0:0:0:0, 1:0:0:0:0, 2:0:0:0:0, 1:0:1:0:1, 1:1:0:0:1, 3:0:0:0:0, 1:0:0:0:0, 2:0:0:0:0, 0:0:0:0:0, 2:1:0:0:1, 1:0:0:0:0, 1:0:0:0:0, 0:0:0:0:0, 3:0:0:0:0, 1:0:0:0:0, 1:0:0:0:0, 1:0:0:0:0, 1:0:0:0:0, 1:0:0:0:0, 1:0:0:0:0, 3:0:0:0:0, 3:0:0:0:0, 1:0:1:0:1, 2:0:0:0:0, 2:0:0:0:0, 0:0:0:0:0, 1:0:0:0:0, 0:0:0:0:0, 1:0:0:0:0, 2:0:0:0:0, 0:0:0:0:0, 2:0:0:0:0, 1:0:0:0:0, 0:0:0:0:0, 2:0:0:0:0, 1:0:0:0:0, 1:0:0:0:0, 2:0:0:0:0, 1:0:0:0:0, 1:0:0:0:0, 1:0:0:0:0, 1:0:0:0:0, 1:1:0:0:1, 0:0:0:0:0, 1:0:0:0:0, 3:0:0:0:0, 1:0:0:0:0, 0:0:0:0:0, 2:0:0:0:0, 2:0:0:0:0, 2:0:0:0:0, 1:0:0:0:0, 1:0:0:0:0, 3:0:0:0:0, 2:0:0:0:0, 2:0:0:0:0, 0:0:0:0:0, 2:1:0:0:1, 2:0:0:0:0, 0:0:0:0:0, 2:0:0:0:0, 3:0:0:0:0, 0:0:0:0:0, 1:0:0:0:0, 3:0:0:0:0, 1:0:0:0:0, 2:0:0:0:0, 1:0:0:0:0, 1:1:0:0:1, 4:0:0:0:0, 1:0:0:0:0, 1:0:0:0:0, 1:0:0:0:0, 1:0:0:0:0, 1:0:0:0:0, 0:0:0:0:0, 1:0:0:0:0, 2:0:0:0:0, 1:1:0:0:1, 0:0:0:0:0, 1:0:0:0:0, 0:0:0:0:0, 2:0:0:0:0, 0:0:0:0:0, 1:0:0:0:0, 2:0:0:0:0, 0:0:0:0:0, 2:0:0:0:0, 1:0:0:0:0, 1:0:0:0:0, 2:0:0:0:0, 2:0:0:0:0, 2:1:0:0:1, 3:0:0:0:0, 2:0:0:0:0, 1:0:0:0:0, 1:0:0:0:0, 0:0:0:0:0, 2:0:0:0:0, 2:0:0:0:0, 1:0:0:0:0, 2:1:0:0:1, 1:0:0:0:0, 1:0:0:0:0, 1:0:0:0:0, 2:0:0:0:0, 1:1:0:0:1, 1:0:0:0:0, 2:0:0:0:0, 2:0:0:0:0, 1:0:0:0:0, 1:0:0:0:0, 1:0:0:0:0, 0:0:0:0:0, 0:0:0:0:0, 0:0:0:0:0, 1:0:0:0:0, 2:0:0:0:0, 1:0:0:0:0, 1:1:0:0:1, 0:0:0:0:0, 1:0:0:0:0, 1:0:0:0:0, 0:0:0:0:0, 1:0:0:0:0, 3:0:0:0:0, 0:0:0:0:0, 2:0:0:0:0, 1:0:0:0:0, 0:0:0:0:0, 2:0:0:0:0, 1:0:0:0:0, 1:0:0:0:0, 3:0:0:0:0, 1:0:0:0:0, 1:0:0:0:0, 1:0:0:0:0, 1:0:0:0:0, 1:1:0:0:1, 0:0:0:0:0, 1:0:0:0:0, 3:0:0:0:0, 1:0:0:0:0, 0:0:0:0:0, 2:0:0:0:0, 0:0:0:0:0, 2:0:0:0:0, 1:0:0:0:0, 1:0:0:0:0, 3:0:0:0:0, 2:0:0:0:0, 2:0:0:0:0, 0:0:0:0:0, 2:1:0:0:1, 2:0:0:0:0, 0:0:0:0:0, 2:0:0:0:0, 4:0:0:0:0, 0:0:0:0:0, 1:0:0:0:0, 3:0:0:0:0, 1:0:0:0:0, 2:0:0:0:0, 1:0:0:0:0, 1:1:0:0:1, 4:0:0:0:0, 1:0:0:0:0, 1:0:0:0:0, 1:0:0:0:0, 1:0:0:0:0, 1:0:0:0:0, 0:0:0:0:0, 1:0:0:0:0, 2:0:0:0:0, 1:1:0:0:1, 0:0:0:0:0, 1:0:0:0:0, 0:0:0:0:0, 2:0:0:0:0, 0:0:0:0:0, 1:0:0:0:0, 3:0:0:0:0, 1:0:0:0:0, 2:0:0:0:0, 1:0:0:0:0, 1:0:0:0:0, 2:0:0:0:0, 2:0:0:0:0, 2:0:0:0:0, 3:0:0:0:0, 2:0:0:0:0, 1:0:0:0:0, 1:0:0:0:0, 0:0:0:0:0, 2:0:0:0:0, 2:0:0:0:0, 2:0:0:0:0, 2:1:0:0:1, 1:0:0:0:0, 1:0:0:0:0, 1:0:0:0:0, 1:0:0:0:0, 1:1:0:0:1, 1:0:0:0:0, 2:0:0:0:0, 3:0:0:0:0, 1:0:0:0:0, 1:0:0:0:0, 2:0:0:0:0, 0:0:0:0:0, 0:0:0:0:0, 0:0:0:0:0, 1:0:0:0:0, 3:0:0:0:0, 1:0:0:0:0, 0:0:0:0:0, 0:0:0:0:0, 0:0:0:0:0, 0:0:0:0:0, 0:0:0:0:0, 1:0:0:0:0, 1:0:0:0:0, 0:0:0:0:0, 4:0:1:0:1, 0:0:0:0:0, 0:0:0:0:0, 0:0:0:0:0, 399:20:5:0:25
G locrian (1#), 4:2:0:0:0, 1:0:0:0:0, 2:3:0:0:0, 0:0:0:0:0, 2:3:0:0:0, 0:0:0:0:0, 1:0:0:0:1, 1:0:0:0:0, 3:3:0:0:0, 1:0:0:0:0, 3:2:0:0:0, 0:0:0:0:0, 3:1:0:0:0, 1:0:0:0:0, 1:0:0:0:0, 2:2:0:0:0, 2:0:0:0:1, 2:3:0:0:0, 0:0:0:0:0, 4:4:0:0:2, 3:0:0:0:1, 1:3:0:0:0, 1:0:0:0:0, 2:0:0:0:1, 3:2:0:0:0, 2:0:0:0:0, 2:2:0:0:0, 3:0:0:0:2, 3:3:0:0:0, 0:0:0:0:0, 3:1:0:0:1, 3:4:0:0:0, 0:0:0:0:0, 2:0:0:0:2, 2:3:0:0:1, 3:3:0:0:4, 0:0:0:0:0, 2:0:0:0:2, 1:2:0:0:0, 1:2:0:0:0, 3:2:0:0:0, 1:0:0:0:0, 2:3:0:0:0, 1:0:1:0:1, 3:2:0:0:0, 2:0:0:0:1, 3:0:0:0:1, 2:1:0:0:0, 3:2:0:0:0, 3:1:0:0:0, 2:3:0:0:0, 1:0:0:0:1, 3:2:0:0:0, 1:0:0:0:0, 2:1:0:0:0, 2:2:0:0:0, 2:0:0:0:1, 2:2:0:0:0, 1:0:0:0:0, 5:4:0:0:1, 2:0:0:0:1, 2:2:0:0:0, 0:0:0:0:0, 3:0:0:0:1, 3:2:0:0:0, 3:1:0:0:1, 2:1:0:0:1, 1:0:0:0:1, 3:2:0:0:0, 1:0:0:0:0, 2:1:0:0:0, 3:2:0:0:1, 4:1:0:0:0, 2:1:0:0:0, 3:3:0:0:2, 1:0:0:0:1, 3:2:0:0:0, 1:0:0:0:0, 1:0:0:0:0, 2:0:0:0:1, 3:3:0:0:2, 2:1:0:0:0, 2:2:0:0:0, 1:1:0:0:0, 3:2:0:0:0, 1:0:0:0:0, 1:0:0:0:0, 3:3:0:0:0, 2:0:0:0:1, 3:1:0:0:0, 0:0:0:0:0, 3:5:0:0:1, 2:0:0:0:1, 3:2:0:0:0, 0:0:0:0:0, 1:0:0:0:0, 2:4:0:0:1, 1:0:0:0:0, 4:1:0:0:1, 1:0:0:0:1, 3:4:1:0:1, 1:0:0:0:0, 4:1:0:0:3, 2:1:0:0:0, 3:2:0:0:1, 2:1:0:0:0, 3:3:0:0:0, 0:0:0:0:0, 2:3:0:0:0, 0:0:0:0:0, 2:0:0:0:1, 1:0:0:0:0, 3:2:0:0:0, 2:0:0:0:1, 2:3:0:0:0, 1:0:1:0:1, 3:2:0:0:0, 1:0:0:0:0, 1:0:0:0:0, 2:2:0:0:0, 2:0:0:0:1, 2:3:0:0:0, 1:0:0:0:0, 2:5:0:0:0, 2:0:0:0:1, 2:3:0:0:0, 2:0:0:0:1, 4:1:0:0:0, 4:2:0:0:0, 1:0:0:0:0, 2:4:0:0:1, 1:0:0:0:1, 3:2:0:0:0, 0:0:0:0:0, 2:2:0:0:0, 3:3:0:0:1, 4:1:0:0:1, 2:0:0:0:1, 4:2:0:0:1, 1:0:0:0:1, 2:3:0:0:0, 2:1:0:0:2, 3:0:0:0:1, 3:2:0:0:1, 3:2:0:0:0, 2:0:0:0:0, 3:2:0:0:0, 2:0:0:0:2, 3:3:0:0:0, 3:1:0:0:0, 1:0:0:0:0, 3:3:0:0:1, 2:0:0:0:1, 2:2:0:0:0, 1:0:0:0:0, 3:4:0:0:1, 2:0:0:0:1, 2:3:0:0:0, 1:0:0:0:0, 1:0:0:0:0, 3:2:0:0:0, 1:0:0:0:0, 2:3:0:0:0, 0:0:0:0:0, 2:3:0:0:0, 1:0:0:0:0, 1:0:0:0:0, 3:3:0:0:0, 4:2:0:0:1, 2:0:0:0:0, 4:1:0:0:1, 1:0:0:0:1, 3:2:0:0:0, 1:0:0:0:0, 0:0:0:0:0, 1:0:0:0:0, 3:2:0:0:0, 1:0:0:0:0, 2:3:0:0:1, 1:0:0:0:1, 2:2:0:0:0, 1:0:0:0:0, 1:0:0:0:0, 3:2:0:0:1, 2:0:0:0:1, 2:3:0:0:1, 2:0:0:0:1, 3:4:0:0:1, 2:0:0:0:2, 3:2:0:0:1, 0:0:0:0:0, 1:0:0:0:0, 1:3:0:0:0, 1:0:0:0:0, 3:3:0:0:0, 0:0:0:0:0, 3:2:0:0:0, 2:1:0:0:0, 1:0:0:0:0, 2:3:1:0:1, 3:2:0:0:1, 2:1:0:0:0, 3:3:0:0:0, 1:0:0:0:1, 2:3:0:0:0, 0:0:0:0:0, 1:0:0:0:0, 1:0:0:0:0, 3:2:0:0:0, 2:0:0:0:1, 2:3:0:0:0, 2:0:1:0:2, 3:2:0:0:0, 1:0:0:0:0, 1:0:0:0:0, 2:2:0:0:0, 2:0:0:0:1, 2:3:0:0:0, 1:0:0:0:0, 2:5:0:0:0, 2:0:0:0:1, 2:3:0:0:0, 2:0:0:0:1, 2:1:0:0:0, 4:2:0:0:0, 1:0:0:0:0, 2:5:0:0:2, 1:0:0:0:1, 3:2:0:0:0, 1:0:0:0:0, 2:1:0:0:0, 3:2:0:0:1, 4:1:0:0:1, 2:0:0:0:1, 4:2:0:0:1, 2:0:0:0:1, 2:3:0:0:0, 2:1:0:0:2, 3:0:0:0:1, 3:2:0:0:1, 3:2:0:0:0, 2:0:0:0:0, 3:2:0:0:0, 2:0:0:0:2, 3:3:0:0:0, 3:1:0:0:0, 1:0:0:0:0, 3:3:0:0:1, 2:0:0:0:1, 2:2:0:0:0, 1:0:0:0:0, 3:4:0:0:1, 2:0:0:0:1, 2:3:0:0:0, 1:0:0:0:0, 1:0:0:0:0, 3:2:0:0:0, 1:0:0:0:0, 2:3:0:0:0, 1:0:0:0:1, 3:3:0:0:0, 1:0:0:0:0, 1:0:0:0:0, 3:3:0:0:0, 4:2:0:0:1, 2:0:0:0:0, 4:1:0:0:1, 1:0:0:0:1, 3:2:0:0:0, 1:0:0:0:0, 0:0:0:0:0, 1:0:0:0:0, 3:2:0:0:0, 1:0:0:0:0, 3:2:0:0:0, 1:0:0:0:1, 2:2:0:0:0, 1:0:0:0:0, 1:0:0:0:0, 2:2:0:0:0, 2:0:0:0:1, 2:3:0:0:1, 2:0:0:0:1, 4:4:0:0:1, 2:0:0:0:2, 3:2:0:0:1, 1:1:0:0:1, 1:0:0:0:0, 1:3:0:0:0, 1:0:0:0:0, 3:3:0:0:0, 1:0:0:0:0, 3:3:0:0:0, 1:1:0:0:0, 1:0:0:0:0, 2:3:0:0:0, 0:0:0:0:0, 1:0:0:0:0, 1:4:0:0:0, 1:4:0:0:4, 0:0:0:0:0, 2:3:1:0:1, 1:0:0:0:1, 1:0:0:0:1, 1:0:0:0:1, 591:369:6:0:131
Bb major (2b), 2:0:0:0:1, 1:0:0:0:0, 1:0:0:0:0, 3:0:0:0:3, 1:0:0:0:0, 1:0:0:0:0, 1:0:0:0:0, 0:0:0:0:0, 1:0:0:0:0, 1:0:0:0:0, 1:0:0:0:0, 3:0:0:0:3, 2:0:0:0:2, 2:0:0:0:0, 1:0:0:0:0, 2:1:0:0:1, 1:0:0:0:0, 0:0:0:0:0, 1:0:0:0:0, 2:0:0:0:0, 2:0:0:0:0, 0:0:0:0:0, 2:0:0:0:1, 1:0:1:0:0, 2:0:0:0:1, 3:0:0:0:1, 2:1:0:0:1, 4:0:0:0:2, 1:0:0:0:0, 2:0:0:0:1, 1:0:1:0:0, 0:0:0:0:0, 1:0:0:0:1, 1:0:0:0:0, 0:0:0:0:0, 2:0:0:0:0, 1:1:0:0:1, 4:0:0:0:3, 0:0:0:0:0, 0:0:0:0:0, 2:0:0:0:1, 2:0:0:0:1, 1:0:0:0:0, 2:0:0:0:3, 2:0:0:0:1, 1:0:0:0:0, 2:0:0:0:0, 0:0:0:0:0, 2:1:0:0:2, 1:0:0:0:0, 1:0:0:0:0, 1:0:0:0:3, 2:0:0:0:1, 2:0:0:0:0, 0:0:0:0:0, 1:0:0:0:0, 1:0:0:0:0, 0:0:0:0:0, 2:0:0:0:0, 3:0:0:0:0, 1:0:0:0:0, 1:0:0:0:1, 2:0:0:0:1, 1:0:0:0:0, 1:0:0:0:0, 3:0:0:0:1, 0:0:0:0:0, 1:0:0:0:3, 2:0:0:0:1, 2:0:0:0:0, 0:0:0:0:0, 1:0:0:0:0, 3:0:0:0:1, 1:0:0:0:0, 2:0:0:0:0, 2:0:0:0:3, 2:0:0:0:1, 1:0:0:0:0, 1:0:0:0:0, 1:0:0:0:1, 2:0:0:0:0, 1:0:1:0:0, 2:1:0:0:1, 2:0:0:0:2, 2:0:0:0:0, 2:0:0:0:1, 1:0:0:0:0, 1:1:0:0:1, 0:0:0:0:0, 1:0:0:0:1, 1:0:0:0:0, 2:0:0:0:0, 0:0:0:0:0, 1:0:0:0:1, 1:0:0:0:0, 1:0:0:0:2, 1:0:0:0:0, 1:0:0:0:1, 2:0:0:0:0, 2:0:0:0:2, 1:0:1:0:0, 2:0:0:0:1, 1:0:0:0:0, 1:0:0:0:0, 1:0:0:0:0, 0:0:0:0:0, 1:0:0:0:0, 2:0:0:0:3, 0:0:0:0:0, 2:0:0:0:1, 1:0:0:0:0, 0:0:0:0:0, 2:0:0:0:1, 1:0:0:0:0, 1:0:0:0:0, 2:0:0:0:2, 1:0:0:0:0, 1:0:0:0:0, 1:0:0:0:0, 2:0:0:0:0, 1:1:0:0:1, 0:0:0:0:0, 2:0:0:0:0, 2:0:0:0:1, 0:0:0:0:0, 0:0:0:0:0, 1:0:0:0:0, 2:0:0:0:0, 2:0:0:0:1, 1:0:0:0:0, 1:0:0:0:0, 2:0:0:0:3, 2:0:0:0:1, 2:0:0:0:1, 0:0:0:0:0, 1:1:0:0:1, 3:0:0:0:0, 0:0:0:0:0, 1:0:0:0:0, 2:0:0:0:3, 1:0:0:0:0, 1:0:0:0:0, 2:0:0:0:0, 1:0:0:0:0, 2:0:0:0:1, 2:0:0:0:0, 1:1:0:0:1, 3:0:0:0:3, 1:0:0:0:0, 1:0:0:0:0, 1:0:0:0:0, 1:0:0:0:0, 1:0:0:0:0, 0:0:0:0:0, 2:0:0:0:0, 1:0:0:0:0, 1:1:0:0:1, 0:0:0:0:0, 1:0:0:0:0, 0:0:0:0:0, 2:0:0:0:1, 0:0:0:0:0, 1:0:0:0:0, 3:0:0:0:3, 0:0:0:0:0, 2:0:0:0:1, 1:0:0:0:0, 1:0:0:0:0, 1:0:0:0:0, 2:0:0:0:1, 2:0:0:0:0, 2:0:0:0:3, 2:0:0:0:1, 1:0:0:0:0, 2:0:0:0:0, 0:0:0:0:0, 2:0:0:0:1, 2:0:0:0:1, 1:0:0:0:0, 2:1:0:0:4, 1:0:0:0:0, 1:0:0:0:0, 1:0:0:0:0, 1:0:0:0:0, 1:1:0:0:1, 1:0:0:0:0, 3:0:0:0:1, 1:0:0:0:0, 0:0:0:0:0, 0:0:0:0:0, 1:0:0:0:0, 0:0:0:0:0, 0:0:0:0:0, 0:0:0:0:0, 1:0:0:0:0, 2:0:0:0:3, 1:0:0:0:1, 1:1:0:0:1, 1:0:0:0:0, 1:0:0:0:0, 1:0:0:0:0, 0:0:0:0:0, 1:0:0:0:0, 3:0:0:0:2, 0:0:0:0:0, 2:0:0:0:1, 1:0:0:0:0, 0:0:0:0:0, 2:0:0:0:1, 1:0:0:0:0, 1:0:0:0:0, 3:0:0:0:1, 1:0:0:0:0, 1:0:0:0:0, 1:0:0:0:0, 2:0:0:0:0, 1:1:0:0:1, 0:0:0:0:0, 2:0:0:0:0, 2:0:0:0:1, 0:0:0:0:0, 0:0:0:0:0, 1:0:0:0:0, 0:0:0:0:0, 2:0:0:0:1, 1:0:0:0:0, 1:0:0:0:0, 2:0:0:0:3, 2:0:0:0:1, 2:0:0:0:1, 0:0:0:0:0, 1:1:0:0:1, 3:0:0:0:0, 0:0:0:0:0, 1:0:0:0:0, 3:0:0:0:3, 1:0:0:0:0, 1:0:0:0:0, 2:0:0:0:0, 1:0:0:0:0, 2:0:0:0:1, 2:0:0:0:0, 1:1:0:0:1, 3:0:0:0:3, 1:0:0:0:0, 1:0:0:0:0, 1:0:0:0:0, 1:0:0:0:0, 1:0:0:0:0, 0:0:0:0:0, 2:0:0:0:0, 1:0:0:0:0, 1:1:0:0:1, 0:0:0:0:0, 1:0:0:0:0, 0:0:0:0:0, 2:0:0:0:1, 0:0:0:0:0, 1:0:0:0:0, 2:0:0:0:3, 1:0:0:0:0, 2:0:0:0:1, 1:0:0:0:0, 1:0:0:0:0, 1:0:0:0:0, 2:0:0:0:1, 1:0:0:0:0, 2:0:0:0:3, 2:0:0:0:1, 1:0:0:0:0, 2:0:0:0:0, 0:0:0:0:0, 2:0:0:0:1, 2:0:0:0:1, 2:0:0:0:0, 2:1:0:0:5, 1:0:0:0:0, 1:0:0:0:0, 1:0:0:0:0, 2:0:0:0:0, 1:1:0:0:1, 1:0:0:0:0, 3:0:0:0:1, 2:0:0:0:0, 0:0:0:0:0, 0:0:0:0:0, 2:0:0:0:0, 0:0:0:0:0, 0:0:0:0:0, 0:0:0:0:0, 1:0:0:0:0, 3:0:0:0:3, 1:0:0:0:1, 0:0:0:0:0, 1:0:0:0:0, 0:0:0:0:0, 0:0:0:0:0, 0:0:0:0:0, 0:0:0:0:0, 1:0:0:0:0, 0:0:0:0:0, 4:0:1:0:3, 0:0:0:0:0, 0:0:0:0:0, 0:0:0:0:0, 377:19:5:0:157
D major (2#), 3:2:0:0:0, 2:0:0:0:0, 3:1:1:0:3, 0:0:0:0:0, 2:3:0:0:0, 1:0:0:0:0, 2:0:0:0:1, 1:0:0:0:0, 2:3:0:0:0, 2:0:0:0:0, 3:2:1:0:1, 0:0:0:0:0, 4:1:0:0:0, 2:0:0:0:0, 2:0:0:0:0, 2:2:1:0:1, 3:0:0:0:0, 2:3:0:0:0, 0:0:0:0:0, 4:4:0:0:4, 3:0:0:0:0, 1:3:0:0:0, 2:0:0:0:0, 3:0:0:0:1, 3:2:1:0:1, 3:0:0:0:0, 2:2:1:0:1, 2:0:0:0:2, 2:3:0:0:0, 1:0:0:0:0, 4:1:0:0:1, 3:4:0:0:0, 0:0:0:0:0, 2:0:0:0:0, 2:3:0:0:1, 4:1:0:0:1, 1:0:0:0:0, 2:0:0:0:1, 1:2:0:0:0, 1:2:0:0:0, 3:2:1:0:1, 2:0:0:0:0, 3:1:1:0:3, 1:0:1:0:1, 3:2:1:0:1, 3:0:0:0:1, 4:0:0:0:1, 3:1:0:0:0, 3:2:1:0:1, 4:1:0:0:0, 2:3:0:0:1, 1:0:0:0:1, 3:2:1:0:1, 2:0:0:0:0, 3:1:0:0:0, 2:2:1:0:1, 2:0:0:0:0, 2:2:0:0:0, 0:0:0:0:0, 4:4:0:0:3, 3:0:0:0:0, 3:2:0:0:0, 1:0:0:0:0, 4:0:0:0:1, 2:2:0:0:0, 4:1:0:0:1, 3:1:0:0:1, 1:0:0:0:1, 3:2:1:0:1, 2:0:0:0:0, 3:1:0:0:0, 3:2:1:0:2, 3:1:0:0:0, 3:1:0:0:0, 3:2:0:0:0, 1:0:0:0:1, 3:2:1:0:1, 2:0:0:0:0, 2:0:0:0:0, 3:0:0:0:1, 3:2:0:0:0, 3:1:0:0:0, 2:2:1:0:1, 1:1:0:0:0, 2:2:0:0:0, 2:0:0:0:0, 2:0:0:0:0, 2:3:0:0:0, 3:0:0:0:1, 3:1:0:0:0, 0:0:0:0:0, 3:4:0:0:2, 3:0:0:0:1, 3:2:0:0:0, 1:0:0:0:0, 2:0:0:0:0, 2:3:0:0:0, 2:0:0:0:0, 3:1:0:0:1, 1:0:0:0:1, 3:4:1:0:1, 2:0:0:0:0, 5:1:0:0:3, 2:1:0:0:0, 3:2:0:0:0, 3:1:0:0:0, 2:3:0:0:0, 0:0:0:0:0, 2:3:0:0:0, 1:0:0:0:0, 3:0:0:0:1, 1:0:0:0:0, 3:2:1:0:1, 3:0:0:0:1, 3:1:1:0:3, 1:0:1:0:1, 3:2:1:0:1, 2:0:0:0:0, 2:0:0:0:0, 2:2:1:0:1, 2:0:0:0:0, 2:3:0:0:0, 0:0:0:0:0, 2:5:0:0:2, 3:0:0:0:1, 2:3:0:0:0, 3:0:0:0:1, 3:1:0:0:0, 3:2:0:0:0, 2:0:0:0:0, 2:3:0:0:0, 1:0:0:0:1, 3:2:1:0:1, 1:0:0:0:0, 3:2:0:0:0, 3:3:1:0:2, 3:1:0:0:1, 3:0:0:0:1, 3:2:0:0:1, 1:0:0:0:1, 2:3:0:0:0, 3:1:0:0:2, 4:0:0:0:1, 3:1:0:0:0, 3:2:1:0:1, 3:0:0:0:0, 2:2:0:0:0, 2:0:0:0:2, 2:3:0:0:0, 4:1:0:0:0, 2:0:0:0:0, 3:2:0:0:0, 3:0:0:0:0, 2:2:0:0:0, 0:0:0:0:0, 3:4:0:0:3, 2:0:0:0:0, 2:3:0:0:0, 2:0:0:0:0, 1:0:0:0:0, 3:2:1:0:1, 2:0:0:0:0, 3:1:1:0:3, 0:0:0:0:0, 3:3:0:0:0, 2:0:0:0:0, 2:0:0:0:0, 2:3:0:0:0, 3:2:0:0:1, 3:0:0:0:0, 3:1:0:0:1, 1:0:0:0:1, 3:2:1:0:1, 2:0:0:0:0, 1:0:0:0:0, 1:0:0:0:0, 3:2:1:0:1, 2:0:0:0:0, 2:2:0:0:0, 2:0:0:0:1, 2:2:1:0:1, 2:0:0:0:0, 2:0:0:0:0, 3:2:1:0:2, 2:0:0:0:0, 2:3:0:0:0, 2:0:0:0:0, 4:4:0:0:3, 3:0:0:0:2, 3:2:0:0:1, 1:0:0:0:0, 1:0:0:0:0, 1:3:0:0:0, 2:0:0:0:0, 2:3:0:0:0, 0:0:0:0:0, 3:2:0:0:0, 3:1:0:0:0, 2:0:0:0:0, 2:3:1:0:1, 3:2:0:0:0, 3:1:0:0:0, 2:3:0:0:0, 1:0:0:0:1, 2:3:0:0:0, 1:0:0:0:0, 2:0:0:0:0, 1:0:0:0:0, 3:2:1:0:1, 3:0:0:0:1, 3:1:1:0:3, 2:0:1:0:2, 3:2:1:0:1, 2:0:0:0:0, 2:0:0:0:0, 2:2:1:0:1, 2:0:0:0:0, 2:3:0:0:0, 0:0:0:0:0, 2:5:0:0:2, 3:0:0:0:1, 2:3:0:0:0, 3:0:0:0:1, 3:1:0:0:0, 3:2:0:0:0, 2:0:0:0:0, 2:3:0:0:0, 1:0:0:0:1, 3:2:1:0:1, 2:0:0:0:0, 3:1:0:0:0, 3:2:1:0:2, 3:1:0:0:1, 3:0:0:0:1, 3:2:0:0:1, 1:0:0:0:1, 2:3:0:0:0, 3:1:0:0:2, 4:0:0:0:1, 3:1:0:0:0, 3:2:1:0:1, 3:0:0:0:0, 2:2:0:0:0, 2:0:0:0:2, 2:3:0:0:0, 4:1:0:0:0, 2:0:0:0:0, 3:2:0:0:0, 3:0:0:0:0, 2:2:0:0:0, 0:0:0:0:0, 3:4:0:0:3, 2:0:0:0:0, 2:3:0:0:0, 2:0:0:0:0, 1:0:0:0:0, 3:2:1:0:1, 2:0:0:0:0, 3:1:1:0:3, 1:0:0:0:1, 2:3:0:0:0, 2:0:0:0:0, 2:0:0:0:0, 2:3:0:0:0, 3:2:0:0:1, 3:0:0:0:0, 3:1:0:0:1, 1:0:0:0:1, 3:2:1:0:1, 2:0:0:0:0, 1:0:0:0:0, 1:0:0:0:0, 3:2:1:0:1, 2:0:0:0:0, 2:2:0:0:0, 2:0:0:0:1, 2:2:1:0:1, 2:0:0:0:0, 2:0:0:0:0, 2:2:1:0:1, 2:0:0:0:0, 2:3:0:0:0, 2:0:0:0:0, 4:4:0:0:3, 3:0:0:0:2, 3:2:0:0:1, 2:1:0:0:1, 1:0:0:0:0, 1:3:0:0:0, 2:0:0:0:0, 2:3:0:0:0, 0:0:0:0:0, 3:3:0:0:0, 2:1:0:0:0, 2:0:0:0:0, 2:3:0:0:0, 0:0:0:0:0, 1:0:0:0:0, 1:4:0:0:0, 1:1:0:0:1, 1:0:0:0:0, 2:3:1:0:1, 1:0:0:0:1, 1:0:0:0:1, 1:0:0:0:1, 673:340:47:0:162
G minor (2b), 2:0:0:0:1, 1:0:0:0:0, 1:0:0:0:0, 3:0:0:0:3, 1:0:0:0:0, 1:0:0:0:0, 1:0:0:0:0, 0:0:0:0:0, 1:0:0:0:0, 1:0:0:0:0, 1:0:0:0:0, 3:0:0:0:3, 2:0:0:0:2, 2:0:0:0:0, 1:0:0:0:0, 2:1:0:0:1, 1:0:0:0:0, 0:0:0:0:0, 1:0:0:0:0, 2:0:0:0:0, 2:0:0:0:0, 0:0:0:0:0, 2:0:0:0:1, 1:0:1:0:0, 2:0:0:0:1, 3:0:0:0:1, 2:1:0:0:1, 4:0:0:0:2, 1:0:0:0:0, 2:0:0:0:1, 1:0:1:0:0, 0:0:0:0:0, 1:0:0:0:1, 1:0:0:0:0, 0:0:0:0:0, 2:0:0:0:0, 1:1:0:0:1, 4:0:0:0:3, 0:0:0:0:0, 0:0:0:0:0, 2:0:0:0:1, 2:0:0:0:1, 1:0:0:0:0, 2:0:0:0:3, 2:0:0:0:1, 1:0:0:0:0, 2:0:0:0:0, 0:0:0:0:0, 2:1:0:0:2, 1:0:0:0:0, 1:0:0:0:0, 1:0:0:0:3, 2:0:0:0:1, 2:0:0:0:0, 0:0:0:0:0, 1:0:0:0:0, 1:0:0:0:0, 0:0:0:0:0, 2:0:0:0:0, 3:0:0:0:0, 1:0:0:0:0, 1:0:0:0:1, 2:0:0:0:1, 1:0:0:0:0, 1:0:0:0:0, 3:0:0:0:1, 0:0:0:0:0, 1:0:0:0:3, 2:0:0:0:1, 2:0:0:0:0, 0:0:0:0:0, 1:0:0:0:0, 3:0:0:0:1, 1:0:0:0:0, 2:0:0:0:0, 2:0:0:0:3, 2:0:0:0:1, 1:0:0:0:0, 1:0:0:0:0, 1:0:0:0:1, 2:0:0:0:0, 1:0:1:0:0, 2:1:0:0:1, 2:0:0:0:2, 2:0:0:0:0, 2:0:0:0:1, 1:0:0:0:0, 1:1:0:0:1, 0:0:0:0:0, 1:0:0:0:1, 1:0:0:0:0, 2:0:0:0:0, 0:0:0:0:0, 1:0:0:0:1, 1:0:0:0:0, 1:0:0:0:2, 1:0:0:0:0, 1:0:0:0:1, 2:0:0:0:0, 2:0:0:0:2, 1:0:1:0:0, 2:0:0:0:1, 1:0:0:0:0, 1:0:0:0:0, 1:0:0:0:0, 0:0:0:0:0, 1:0:0:0:0, 2:0:0:0:3, 0:0:0:0:0, 2:0:0:0:1, 1:0:0:0:0, 0:0:0:0:0, 2:0:0:0:1, 1:0:0:0:0, 1:0:0:0:0, 2:0:0:0:2, 1:0:0:0:0, 1:0:0:0:0, 1:0:0:0:0, 2:0:0:0:0, 1:1:0:0:1, 0:0:0:0:0, 2:0:0:0:0, 2:0:0:0:1, 0:0:0:0:0, 0:0:0:0:0, 1:0:0:0:0, 2:0:0:0:0, 2:0:0:0:1, 1:0:0:0:0, 1:0:0:0:0, 2:0:0:0:3, 2:0:0:0:1, 2:0:0:0:1, 0:0:0:0:0, 1:1:0:0:1, 3:0:0:0:0, 0:0:0:0:0, 1:0:0:0:0, 2:0:0:0:3, 1:0:0:0:0, 1:0:0:0:0, 2:0:0:0:0, 1:0:0:0:0, 2:0:0:0:1, 2:0:0:0:0, 1:1:0:0:1, 3:0:0:0:3, 1:0:0:0:0, 1:0:0:0:0, 1:0:0:0:0, 1:0:0:0:0, 1:0:0:0:0, 0:0:0:0:0, 2:0:0:0:0, 1:0:0:0:0, 1:1:0:0:1, 0:0:0:0:0, 1:0:0:0:0, 0:0:0:0:0, 2:0:0:0:1, 0:0:0:0:0, 1:0:0:0:0, 3:0:0:0:3, 0:0:0:0:0, 2:0:0:0:1, 1:0:0:0:0, 1:0:0:0:0, 1:0:0:0:0, 2:0:0:0:1, 2:0:0:0:0, 2:0:0:0:3, 2:0:0:0:1, 1:0:0:0:0, 2:0:0:0:0, 0:0:0:0:0, 2:0:0:0:1, 2:0:0:0:1, 1:0:0:0:0, 2:1:0:0:4, 1:0:0:0:0, 1:0:0:0:0, 1:0:0:0:0, 1:0:0:0:0, 1:1:0:0:1, 1:0:0:0:0, 3:0:0:0:1, 1:0:0:0:0, 0:0:0:0:0, 0:0:0:0:0, 1:0:0:0:0, 0:0:0:0:0, 0:0:0:0:0, 0:0:0:0:0, 1:0:0:0:0, 2:0:0:0:3, 1:0:0:0:1, 1:1:0:0:1, 1:0:0:0:0, 1:0:0:0:0, 1:0:0:0:0, 0:0:0:0:0, 1:0:0:0:0, 3:0:0:0:2, 0:0:0:0:0, 2:0:0:0:1, 1:0:0:0:0, 0:0:0:0:0, 2:0:0:0:1, 1:0:0:0:0, 1:0:0:0:0, 3:0:0:0:1, 1:0:0:0:0, 1:0:0:0:0, 1:0:0:0:0, 2:0:0:0:0, 1:1:0:0:1, 0:0:0:0:0, 2:0:0:0:0, 2:0:0:0:1, 0:0:0:0:0, 0:0:0:0:0, 1:0:0:0:0, 0:0:0:0:0, 2:0:0:0:1, 1:0:0:0:0, 1:0:0:0:0, 2:0:0:0:3, 2:0:0:0:1, 2:0:0:0:1, 0:0:0:0:0, 1:1:0:0:1, 3:0:0:0:0, 0:0:0:0:0, 1:0:0:0:0, 3:0:0:0:3, 1:0:0:0:0, 1:0:0:0:0, 2:0:0:0:0, 1:0:0:0:0, 2:0:0:0:1, 2:0:0:0:0, 1:1:0:0:1, 3:0:0:0:3, 1:0:0:0:0, 1:0:0:0:0, 1:0:0:0:0, 1:0:0:0:0, 1:0:0:0:0, 0:0:0:0:0, 2:0:0:0:0, 1:0:0:0:0, 1:1:0:0:1, 0:0:0:0:0, 1:0:0:0:0, 0:0:0:0:0, 2:0:0:0:1, 0:0:0:0:0, 1:0:0:0:0, 2:0:0:0:3, 1:0:0:0:0, 2:0:0:0:1, 1:0:0:0:0, 1:0:0:0:0, 1:0:0:0:0, 2:0:0:0:1, 1:0:0:0:0, 2:0:0:0:3, 2:0:0:0:1, 1:0:0:0:0, 2:0:0:0:0, 0:0:0:0:0, 2:0:0:0:1, 2:0:0:0:1, 2:0:0:0:0, 2:1:0:0:5, 1:0:0:0:0, 1:0:0:0:0, 1:0:0:0:0, 2:0:0:0:0, 1:1:0:0:1, 1:0:0:0:0, 3:0:0:0:1, 2:0:0:0:0, 0:0:0:0:0, 0:0:0:0:0, 2:0:0:0:0, 0:0:0:0:0, 0:0:0:0:0, 0:0:0:0:0, 1:0:0:0:0, 3:0:0:0:3, 1:0:0:0:1, 0:0:0:0:0, 1:0:0:0:0, 0:0:0:0:0, 0:0:0:0:0, 0:0:0:0:0, 0:0:0:0:0, 1:0:0:0:0, 0:0:0:0:0, 4:0:1:0:3, 0:0:0:0:0, 0:0:0:0:0, 0:0:0:0:0, 377:19:5:0:157
B minor (2#), 3:2:0:0:0, 2:0:0:0:0, 3:1:1:0:3, 0:0:0:0:0, 2:3:0:0:0, 1:0:0:0:0, 2:0:0:0:1, 1:0:0:0:0, 2:3:0:0:0, 2:0:0:0:0, 3:2:1:0:1, 0:0:0:0:0, 4:1:0:0:0, 2:0:0:0:0, 2:0:0:0:0, 2:2:1:0:1, 3:0:0:0:0, 2:3:0:0:0, 0:0:0:0:0, 4:4:0:0:4, 3:0:0:0:0, 1:3:0:0:0, 2:0:0:0:0, 3:0:0:0:1, 3:2:1:0:1, 3:0:0:0:0, 2:2:1:0:1, 2:0:0:0:2, 2:3:0:0:0, 1:0:0:0:0, 4:1:0:0:1, 3:4:0:0:0, 0:0:0:0:0, 2:0:0:0:0, 2:3:0:0:1, 4:1:0:0:1, 1:0:0:0:0, 2:0:0:0:1, 1:2:0:0:0, 1:2:0:0:0, 3:2:1:0:1, 2:0:0:0:0, 3:1:1:0:3, 1:0:1:0:1, 3:2:1:0:1, 3:0:0:0:1, 4:0:0:0:1, 3:1:0:0:0, 3:2:1:0:1, 4:1:0:0:0, 2:3:0:0:1, 1:0:0:0:1, 3:2:1:0:1, 2:0:0:0:0, 3:1:0:0:0, 2:2:1:0:1, 2:0:0:0:0, 2:2:0:0:0, 0:0:0:0:0, 4:4:0:0:3, 3:0:0:0:0, 3:2:0:0:0, 1:0:0:0:0, 4:0:0:0:1, 2:2:0:0:0, 4:1:0:0:1, 3:1:0:0:1, 1:0:0:0:1, 3:2:1:0:1, 2:0:0:0:0, 3:1:0:0:0, 3:2:1:0:2, 3:1:0:0:0, 3:1:0:0:0, 3:2:0:0:0, 1:0:0:0:1, 3:2:1:0:1, 2:0:0:0:0, 2:0:0:0:0, 3:0:0:0:1, 3:2:0:0:0, 3:1:0:0:0, 2:2:1:0:1, 1:1:0:0:0, 2:2:0:0:0, 2:0:0:0:0, 2:0:0:0:0, 2:3:0:0:0, 3:0:0:0:1, 3:1:0:0:0, 0:0:0:0:0, 3:4:0:0:2, 3:0:0:0:1, 3:2:0:0:0, 1:0:0:0:0, 2:0:0:0:0, 2:3:0:0:0, 2:0:0:0:0, 3:1:0:0:1, 1:0:0:0:1, 3:4:1:0:1, 2:0:0:0:0, 5:1:0:0:3, 2:1:0:0:0, 3:2:0:0:0, 3:1:0:0:0, 2:3:0:0:0, 0:0:0:0:0, 2:3:0:0:0, 1:0:0:0:0, 3:0:0:0:1, 1:0:0:0:0, 3:2:1:0:1, 3:0:0:0:1, 3:1:1:0:3, 1:0:1:0:1, 3:2:1:0:1, 2:0:0:0:0, 2:0:0:0:0, 2:2:1:0:1, 2:0:0:0:0, 2:3:0:0:0, 0:0:0:0:0, 2:5:0:0:2, 3:0:0:0:1, 2:3:0:0:0, 3:0:0:0:1, 3:1:0:0:0, 3:2:0:0:0, 2:0:0:0:0, 2:3:0:0:0, 1:0:0:0:1, 3:2:1:0:1, 1:0:0:0:0, 3:2:0:0:0, 3:3:1:0:2, 3:1:0:0:1, 3:0:0:0:1, 3:2:0:0:1, 1:0:0:0:1, 2:3:0:0:0, 3:1:0:0:2, 4:0:0:0:1, 3:1:0:0:0, 3:2:1:0:1, 3:0:0:0:0, 2:2:0:0:0, 2:0:0:0:2, 2:3:0:0:0, 4:1:0:0:0, 2:0:0:0:0, 3:2:0:0:0, 3:0:0:0:0, 2:2:0:0:0, 0:0:0:0:0, 3:4:0:0:3, 2:0:0:0:0, 2:3:0:0:0, 2:0:0:0:0, 1:0:0:0:0, 3:2:1:0:1, 2:0:0:0:0, 3:1:1:0:3, 0:0:0:0:0, 3:3:0:0:0, 2:0:0:0:0, 2:0:0:0:0, 2:3:0:0:0, 3:2:0:0:1, 3:0:0:0:0, 3:1:0:0:1, 1:0:0:0:1, 3:2:1:0:1, 2:0:0:0:0, 1:0:0:0:0, 1:0:0:0:0, 3:2:1:0:1, 2:0:0:0:0, 2:2:0:0:0, 2:0:0:0:1, 2:2:1:0:1, 2:0:0:0:0, 2:0:0:0:0, 3:2:1:0:2, 2:0:0:0:0, 2:3:0:0:0, 2:0:0:0:0, 4:4:0:0:3, 3:0:0:0:2, 3:2:0:0:1, 1:0:0:0:0, 1:0:0:0:0, 1:3:0:0:0, 2:0:0:0:0, 2:3:0:0:0, 0:0:0:0:0, 3:2:0:0:0, 3:1:0:0:0, 2:0:0:0:0, 2:3:1:0:1, 3:2:0:0:0, 3:1:0:0:0, 2:3:0:0:0, 1:0:0:0:1, 2:3:0:0:0, 1:0:0:0:0, 2:0:0:0:0, 1:0:0:0:0, 3:2:1:0:1, 3:0:0:0:1, 3:1:1:0:3, 2:0:1:0:2, 3:2:1:0:1, 2:0:0:0:0, 2:0:0:0:0, 2:2:1:0:1, 2:0:0:0:0, 2:3:0:0:0, 0:0:0:0:0, 2:5:0:0:2, 3:0:0:0:1, 2:3:0:0:0, 3:0:0:0:1, 3:1:0:0:0, 3:2:0:0:0, 2:0:0:0:0, 2:3:0:0:0, 1:0:0:0:1, 3:2:1:0:1, 2:0:0:0:0, 3:1:0:0:0, 3:2:1:0:2, 3:1:0:0:1, 3:0:0:0:1, 3:2:0:0:1, 1:0:0:0:1, 2:3:0:0:0, 3:1:0:0:2, 4:0:0:0:1, 3:1:0:0:0, 3:2:1:0:1, 3:0:0:0:0, 2:2:0:0:0, 2:0:0:0:2, 2:3:0:0:0, 4:1:0:0:0, 2:0:0:0:0, 3:2:0:0:0, 3:0:0:0:0, 2:2:0:0:0, 0:0:0:0:0, 3:4:0:0:3, 2:0:0:0:0, 2:3:0:0:0, 2:0:0:0:0, 1:0:0:0:0, 3:2:1:0:1, 2:0:0:0:0, 3:1:1:0:3, 1:0:0:0:1, 2:3:0:0:0, 2:0:0:0:0, 2:0:0:0:0, 2:3:0:0:0, 3:2:0:0:1, 3:0:0:0:0, 3:1:0:0:1, 1:0:0:0:1, 3:2:1:0:1, 2:0:0:0:0, 1:0:0:0:0, 1:0:0:0:0, 3:2:1:0:1, 2:0:0:0:0, 2:2:0:0:0, 2:0:0:0:1, 2:2:1:0:1, 2:0:0:0:0, 2:0:0:0:0, 2:2:1:0:1, 2:0:0:0:0, 2:3:0:0:0, 2:0:0:0:0, 4:4:0:0:3, 3:0:0:0:2, 3:2:0:0:1, 2:1:0:0:1, 1:0:0:0:0, 1:3:0:0:0, 2:0:0:0:0, 2:3:0:0:0, 0:0:0:0:0, 3:3:0:0:0, 2:1:0:0:0, 2:0:0:0:0, 2:3:0:0:0, 0:0:0:0:0, 1:0:0:0:0, 1:4:0:0:0, 1:1:0:0:1, 1:0:0:0:0, 2:3:1:0:1, 1:0:0:0:1, 1:0:0:0:1, 1:0:0:0:1, 673:340:47:0:162
G minor mel (2b), 2:0:0:0:1, 1:0:0:0:0, 1:0:0:0:0, 3:0:0:0:3, 1:0:0:0:0, 1:0:0:0:0, 1:0:0:0:0, 0:0:0:0:0, 1:0:0:0:0, 1:0:0:0:0, 1:0:0:0:0, 3:0:0:0:3, 2:0:0:0:2, 2:0:0:0:0, 1:0:0:0:0, 2:1:0:0:1, 1:0:0:0:0, 0:0:0:0:0, 1:0:0:0:0, 2:0:0:0:0, 2:0:0:0:0, 0:0:0:0:0, 2:0:0:0:1, 1:0:1:0:0, 2:0:0:0:1, 3:0:0:0:1, 2:1:0:0:1, 4:0:0:0:2, 1:0:0:0:0, 2:0:0:0:1, 1:0:1:0:0, 0:0:0:0:0, 1:0:0:0:1, 1:0:0:0:0, 0:0:0:0:0, 2:0:0:0:0, 1:1:0:0:1, 4:0:0:0:3, 0:0:0:0:0, 0:0:0:0:0, 2:0:0:0:1, 2:0:0:0:1, 1:0:0:0:0, 2:0:0:0:3, 2:0:0:0:1, 1:0:0:0:0, 2:0:0:0:0, 0:0:0:0:0, 2:1:0:0:2, 1:0:0:0:0, 1:0:0:0:0, 1:0:0:0:3, 2:0:0:0:1, 2:0:0:0:0, 0:0:0:0:0, 1:0:0:0:0, 1:0:0:0:0, 0:0:0:0:0, 2:0:0:0:0, 3:0:0:0:0, 1:0:0:0:0, 1:0:0:0:1, 2:0:0:0:1, 1:0:0:0:0, 1:0:0:0:0, 3:0:0:0:1, 0:0:0:0:0, 1:0:0:0:3, 2:0:0:0:1, 2:0:0:0:0, 0:0:0:0:0, 1:0:0:0:0, 3:0:0:0:1, 1:0:0:0:0, 2:0:0:0:0, 2:0:0:0:3, 2:0:0:0:1, 1:0:0:0:0, 1:0:0:0:0, 1:0:0:0:1, 2:0:0:0:0, 1:0:1:0:0, 2:1:0:0:1, 2:0:0:0:2, 2:0:0:0:0, 2:0:0:0:1, 1:0:0:0:0, 1:1:0:0:1, 0:0:0:0:0, 1:0:0:0:1, 1:0:0:0:0, 2:0:0:0:0, 0:0:0:0:0, 1:0:0:0:1, 1:0:0:0:0, 1:0:0:0:2, 1:0:0:0:0, 1:0:0:0:1, 2:0:0:0:0, 2:0:0:0:2, 1:0:1:0:0, 2:0:0:0:1, 1:0:0:0:0, 1:0:0:0:0, 1:0:0:0:0, 0:0:0:0:0, 1:0:0:0:0, 2:0:0:0:3, 0:0:0:0:0, 2:0:0:0:1, 1:0:0:0:0, 0:0:0:0:0, 2:0:0:0:1, 1:0:0:0:0, 1:0:0:0:0, 2:0:0:0:2, 1:0:0:0:0, 1:0:0:0:0, 1:0:0:0:0, 2:0:0:0:0, 1:1:0:0:1, 0:0:0:0:0, 2:0:0:0:0, 2:0:0:0:1, 0:0:0:0:0, 0:0:0:0:0, 1:0:0:0:0, 2:0:0:0:0, 2:0:0:0:1, 1:0:0:0:0, 1:0:0:0:0, 2:0:0:0:3, 2:0:0:0:1, 2:0:0:0:1, 0:0:0:0:0, 1:1:0:0:1, 3:0:0:0:0, 0:0:0:0:0, 1:0:0:0:0, 2:0:0:0:3, 1:0:0:0:0, 1:0:0:0:0, 2:0:0:0:0, 1:0:0:0:0, 2:0:0:0:1, 2:0:0:0:0, 1:1:0:0:1, 3:0:0:0:3, 1:0:0:0:0, 1:0:0:0:0, 1:0:0:0:0, 1:0:0:0:0, 1:0:0:0:0, 0:0:0:0:0, 2:0:0:0:0, 1:0:0:0:0, 1:1:0:0:1, 0:0:0:0:0, 1:0:0:0:0, 0:0:0:0:0, 2:0:0:0:1, 0:0:0:0:0, 1:0:0:0:0, 3:0:0:0:3, 0:0:0:0:0, 2:0:0:0:1, 1:0:0:0:0, 1:0:0:0:0, 1:0:0:0:0, 2:0:0:0:1, 2:0:0:0:0, 2:0:0:0:3, 2:0:0:0:1, 1:0:0:0:0, 2:0:0:0:0, 0:0:0:0:0, 2:0:0:0:1, 2:0:0:0:1, 1:0:0:0:0, 2:1:0:0:4, 1:0:0:0:0, 1:0:0:0:0, 1:0:0:0:0, 1:0:0:0:0, 1:1:0:0:1, 1:0:0:0:0, 3:0:0:0:1, 1:0:0:0:0, 0:0:0:0:0, 0:0:0:0:0, 1:0:0:0:0, 0:0:0:0:0, 0:0:0:0:0, 0:0:0:0:0, 1:0:0:0:0, 2:0:0:0:3, 1:0:0:0:1, 1:1:0:0:1, 1:0:0:0:0, 1:0:0:0:0, 1:0:0:0:0, 0:0:0:0:0, 1:0:0:0:0, 3:0:0:0:2, 0:0:0:0:0, 2:0:0:0:1, 1:0:0:0:0, 0:0:0:0:0, 2:0:0:0:1, 1:0:0:0:0, 1:0:0:0:0, 3:0:0:0:1, 1:0:0:0:0, 1:0:0:0:0, 1:0:0:0:0, 2:0:0:0:0, 1:1:0:0:1, 0:0:0:0:0, 2:0:0:0:0, 2:0:0:0:1, 0:0:0:0:0, 0:0:0:0:0, 1:0:0:0:0, 0:0:0:0:0, 2:0:0:0:1, 1:0:0:0:0, 1:0:0:0:0, 2:0:0:0:3, 2:0:0:0:1, 2:0:0:0:1, 0:0:0:0:0, 1:1:0:0:1, 3:0:0:0:0, 0:0:0:0:0, 1:0:0:0:0, 3:0:0:0:3, 1:0:0:0:0, 1:0:0:0:0, 2:0:0:0:0, 1:0:0:0:0, 2:0:0:0:1, 2:0:0:0:0, 1:1:0:0:1, 3:0:0:0:3, 1:0:0:0:0, 1:0:0:0:0, 1:0:0:0:0, 1:0:0:0:0, 1:0:0:0:0, 0:0:0:0:0, 2:0:0:0:0, 1:0:0:0:0, 1:1:0:0:1, 0:0:0:0:0, 1:0:0:0:0, 0:0:0:0:0, 2:0:0:0:1, 0:0:0:0:0, 1:0:0:0:0, 2:0:0:0:3, 1:0:0:0:0, 2:0:0:0:1, 1:0:0:0:0, 1:0:0:0:0, 1:0:0:0:0, 2:0:0:0:1, 1:0:0:0:0, 2:0:0:0:3, 2:0:0:0:1, 1:0:0:0:0, 2:0:0:0:0, 0:0:0:0:0, 2:0:0:0:1, 2:0:0:0:1, 2:0:0:0:0, 2:1:0:0:5, 1:0:0:0:0, 1:0:0:0:0, 1:0:0:0:0, 2:0:0:0:0, 1:1:0:0:1, 1:0:0:0:0, 3:0:0:0:1, 2:0:0:0:0, 0:0:0:0:0, 0:0:0:0:0, 2:0:0:0:0, 0:0:0:0:0, 0:0:0:0:0, 0:0:0:0:0, 1:0:0:0:0, 3:0:0:0:3, 1:0:0:0:1, 0:0:0:0:0, 1:0:0:0:0, 0:0:0:0:0, 0:0:0:0:0, 0:0:0:0:0, 0:0:0:0:0, 1:0:0:0:0, 0:0:0:0:0, 4:0:1:0:3, 0:0:0:0:0, 0:0:0:0:0, 0:0:0:0:0, 377:19:5:0:157
B minor mel (2#), 3:2:0:0:0, 2:0:0:0:0, 3:1:1:0:3, 0:0:0:0:0, 2:3:0:0:0, 1:0:0:0:0, 2:0:0:0:1, 1:0:0:0:0, 2:3:0:0:0, 2:0:0:0:0, 3:2:1:0:1, 0:0:0:0:0, 4:1:0:0:0, 2:0:0:0:0, 2:0:0:0:0, 2:2:1:0:1, 3:0:0:0:0, 2:3:0:0:0, 0:0:0:0:0, 4:4:0:0:4, 3:0:0:0:0, 1:3:0:0:0, 2:0:0:0:0, 3:0:0:0:1, 3:2:1:0:1, 3:0:0:0:0, 2:2:1:0:1, 2:0:0:0:2, 2:3:0:0:0, 1:0:0:0:0, 4:1:0:0:1, 3:4:0:0:0, 0:0:0:0:0, 2:0:0:0:0, 2:3:0:0:1, 4:1:0:0:1, 1:0:0:0:0, 2:0:0:0:1, 1:2:0:0:0, 1:2:0:0:0, 3:2:1:0:1, 2:0:0:0:0, 3:1:1:0:3, 1:0:1:0:1, 3:2:1:0:1, 3:0:0:0:1, 4:0:0:0:1, 3:1:0:0:0, 3:2:1:0:1, 4:1:0:0:0, 2:3:0:0:1, 1:0:0:0:1, 3:2:1:0:1, 2:0:0:0:0, 3:1:0:0:0, 2:2:1:0:1, 2:0:0:0:0, 2:2:0:0:0, 0:0:0:0:0, 4:4:0:0:3, 3:0:0:0:0, 3:2:0:0:0, 1:0:0:0:0, 4:0:0:0:1, 2:2:0:0:0, 4:1:0:0:1, 3:1:0:0:1, 1:0:0:0:1, 3:2:1:0:1, 2:0:0:0:0, 3:1:0:0:0, 3:2:1:0:2, 3:1:0:0:0, 3:1:0:0:0, 3:2:0:0:0, 1:0:0:0:1, 3:2:1:0:1, 2:0:0:0:0, 2:0:0:0:0, 3:0:0:0:1, 3:2:0:0:0, 3:1:0:0:0, 2:2:1:0:1, 1:1:0:0:0, 2:2:0:0:0, 2:0:0:0:0, 2:0:0:0:0, 2:3:0:0:0, 3:0:0:0:1, 3:1:0:0:0, 0:0:0:0:0, 3:4:0:0:2, 3:0:0:0:1, 3:2:0:0:0, 1:0:0:0:0, 2:0:0:0:0, 2:3:0:0:0, 2:0:0:0:0, 3:1:0:0:1, 1:0:0:0:1, 3:4:1:0:1, 2:0:0:0:0, 5:1:0:0:3, 2:1:0:0:0, 3:2:0:0:0, 3:1:0:0:0, 2:3:0:0:0, 0:0:0:0:0, 2:3:0:0:0, 1:0:0:0:0, 3:0:0:0:1, 1:0:0:0:0, 3:2:1:0:1, 3:0:0:0:1, 3:1:1:0:3, 1:0:1:0:1, 3:2:1:0:1, 2:0:0:0:0, 2:0:0:0:0, 2:2:1:0:1, 2:0:0:0:0, 2:3:0:0:0, 0:0:0:0:0, 2:5:0:0:2, 3:0:0:0:1, 2:3:0:0:0, 3:0:0:0:1, 3:1:0:0:0, 3:2:0:0:0, 2:0:0:0:0, 2:3:0:0:0, 1:0:0:0:1, 3:2:1:0:1, 1:0:0:0:0, 3:2:0:0:0, 3:3:1:0:2, 3:1:0:0:1, 3:0:0:0:1, 3:2:0:0:1, 1:0:0:0:1, 2:3:0:0:0, 3:1:0:0:2, 4:0:0:0:1, 3:1:0:0:0, 3:2:1:0:1, 3:0:0:0:0, 2:2:0:0:0, 2:0:0:0:2, 2:3:0:0:0, 4:1:0:0:0, 2:0:0:0:0, 3:2:0:0:0, 3:0:0:0:0, 2:2:0:0:0, 0:0:0:0:0, 3:4:0:0:3, 2:0:0:0:0, 2:3:0:0:0, 2:0:0:0:0, 1:0:0:0:0, 3:2:1:0:1, 2:0:0:0:0, 3:1:1:0:3, 0:0:0:0:0, 3:3:0:0:0, 2:0:0:0:0, 2:0:0:0:0, 2:3:0:0:0, 3:2:0:0:1, 3:0:0:0:0, 3:1:0:0:1, 1:0:0:0:1, 3:2:1:0:1, 2:0:0:0:0, 1:0:0:0:0, 1:0:0:0:0, 3:2:1:0:1, 2:0:0:0:0, 2:2:0:0:0, 2:0:0:0:1, 2:2:1:0:1, 2:0:0:0:0, 2:0:0:0:0, 3:2:1:0:2, 2:0:0:0:0, 2:3:0:0:0, 2:0:0:0:0, 4:4:0:0:3, 3:0:0:0:2, 3:2:0:0:1, 1:0:0:0:0, 1:0:0:0:0, 1:3:0:0:0, 2:0:0:0:0, 2:3:0:0:0, 0:0:0:0:0, 3:2:0:0:0, 3:1:0:0:0, 2:0:0:0:0, 2:3:1:0:1, 3:2:0:0:0, 3:1:0:0:0, 2:3:0:0:0, 1:0:0:0:1, 2:3:0:0:0, 1:0:0:0:0, 2:0:0:0:0, 1:0:0:0:0, 3:2:1:0:1, 3:0:0:0:1, 3:1:1:0:3, 2:0:1:0:2, 3:2:1:0:1, 2:0:0:0:0, 2:0:0:0:0, 2:2:1:0:1, 2:0:0:0:0, 2:3:0:0:0, 0:0:0:0:0, 2:5:0:0:2, 3:0:0:0:1, 2:3:0:0:0, 3:0:0:0:1, 3:1:0:0:0, 3:2:0:0:0, 2:0:0:0:0, 2:3:0:0:0, 1:0:0:0:1, 3:2:1:0:1, 2:0:0:0:0, 3:1:0:0:0, 3:2:1:0:2, 3:1:0:0:1, 3:0:0:0:1, 3:2:0:0:1, 1:0:0:0:1, 2:3:0:0:0, 3:1:0:0:2, 4:0:0:0:1, 3:1:0:0:0, 3:2:1:0:1, 3:0:0:0:0, 2:2:0:0:0, 2:0:0:0:2, 2:3:0:0:0, 4:1:0:0:0, 2:0:0:0:0, 3:2:0:0:0, 3:0:0:0:0, 2:2:0:0:0, 0:0:0:0:0, 3:4:0:0:3, 2:0:0:0:0, 2:3:0:0:0, 2:0:0:0:0, 1:0:0:0:0, 3:2:1:0:1, 2:0:0:0:0, 3:1:1:0:3, 1:0:0:0:1, 2:3:0:0:0, 2:0:0:0:0, 2:0:0:0:0, 2:3:0:0:0, 3:2:0:0:1, 3:0:0:0:0, 3:1:0:0:1, 1:0:0:0:1, 3:2:1:0:1, 2:0:0:0:0, 1:0:0:0:0, 1:0:0:0:0, 3:2:1:0:1, 2:0:0:0:0, 2:2:0:0:0, 2:0:0:0:1, 2:2:1:0:1, 2:0:0:0:0, 2:0:0:0:0, 2:2:1:0:1, 2:0:0:0:0, 2:3:0:0:0, 2:0:0:0:0, 4:4:0:0:3, 3:0:0:0:2, 3:2:0:0:1, 2:1:0:0:1, 1:0:0:0:0, 1:3:0:0:0, 2:0:0:0:0, 2:3:0:0:0, 0:0:0:0:0, 3:3:0:0:0, 2:1:0:0:0, 2:0:0:0:0, 2:3:0:0:0, 0:0:0:0:0, 1:0:0:0:0, 1:4:0:0:0, 1:1:0:0:1, 1:0:0:0:0, 2:3:1:0:1, 1:0:0:0:1, 1:0:0:0:1, 1:0:0:0:1, 673:340:47:0:162
Bb major blues (2b), 2:0:0:0:1, 1:0:0:0:0, 1:0:0:0:0, 3:0:0:0:3, 1:0:0:0:0, 1:0:0:0:0, 1:0:0:0:0, 0:0:0:0:0, 1:0:0:0:0, 1:0:0:0:0, 1:0:0:0:0, 3:0:0:0:3, 2:0:0:0:2, 2:0:0:0:0, 1:0:0:0:0, 2:1:0:0:1, 1:0:0:0:0, 0:0:0:0:0, 1:0:0:0:0, 2:0:0:0:0, 2:0:0:0:0, 0:0:0:0:0, 2:0:0:0:1, 1:0:1:0:0, 2:0:0:0:1, 3:0:0:0:1, 2:1:0:0:1, 4:0:0:0:2, 1:0:0:0:0, 2:0:0:0:1, 1:0:1:0:0, 0:0:0:0:0, 1:0:0:0:1, 1:0:0:0:0, 0:0:0:0:0, 2:0:0:0:0, 1:1:0:0:1, 4:0:0:0:3, 0:0:0:0:0, 0:0:0:0:0, 2:0:0:0:1, 2:0:0:0:1, 1:0:0:0:0, 2:0:0:0:3, 2:0:0:0:1, 1:0:0:0:0, 2:0:0:0:0, 0:0:0:0:0, 2:1:0:0:2, 1:0:0:0:0, 1:0:0:0:0, 1:0:0:0:3, 2:0:0:0:1, 2:0:0:0:0, 0:0:0:0:0, 1:0:0:0:0, 1:0:0:0:0, 0:0:0:0:0, 2:0:0:0:0, 3:0:0:0:0, 1:0:0:0:0, 1:0:0:0:1, 2:0:0:0:1, 1:0:0:0:0, 1:0:0:0:0, 3:0:0:0:1, 0:0:0:0:0, 1:0:0:0:3, 2:0:0:0:1, 2:0:0:0:0, 0:0:0:0:0, 1:0:0:0:0, 3:0:0:0:1, 1:0:0:0:0, 2:0:0:0:0, 2:0:0:0:3, 2:0:0:0:1, 1:0:0:0:0, 1:0:0:0:0, 1:0:0:0:1, 2:0:0:0:0, 1:0:1:0:0, 2:1:0:0:1, 2:0:0:0:2, 2:0:0:0:0, 2:0:0:0:1, 1:0:0:0:0, 1:1:0:0:1, 0:0:0:0:0, 1:0:0:0:1, 1:0:0:0:0, 2:0:0:0:0, 0:0:0:0:0, 1:0:0:0:1, 1:0:0:0:0, 1:0:0:0:2, 1:0:0:0:0, 1:0:0:0:1, 2:0:0:0:0, 2:0:0:0:2, 1:0:1:0:0, 2:0:0:0:1, 1:0:0:0:0, 1:0:0:0:0, 1:0:0:0:0, 0:0:0:0:0, 1:0:0:0:0, 2:0:0:0:3, 0:0:0:0:0, 2:0:0:0:1, 1:0:0:0:0, 0:0:0:0:0, 2:0:0:0:1, 1:0:0:0:0, 1:0:0:0:0, 2:0:0:0:2, 1:0:0:0:0, 1:0:0:0:0, 1:0:0:0:0, 2:0:0:0:0, 1:1:0:0:1, 0:0:0:0:0, 2:0:0:0:0, 2:0:0:0:1, 0:0:0:0:0, 0:0:0:0:0, 1:0:0:0:0, 2:0:0:0:0, 2:0:0:0:1, 1:0:0:0:0, 1:0:0:0:0, 2:0:0:0:3, 2:0:0:0:1, 2:0:0:0:1, 0:0:0:0:0, 1:1:0:0:1, 3:0:0:0:0, 0:0:0:0:0, 1:0:0:0:0, 2:0:0:0:3, 1:0:0:0:0, 1:0:0:0:0, 2:0:0:0:0, 1:0:0:0:0, 2:0:0:0:1, 2:0:0:0:0, 1:1:0:0:1, 3:0:0:0:3, 1:0:0:0:0, 1:0:0:0:0, 1:0:0:0:0, 1:0:0:0:0, 1:0:0:0:0, 0:0:0:0:0, 2:0:0:0:0, 1:0:0:0:0, 1:1:0:0:1, 0:0:0:0:0, 1:0:0:0:0, 0:0:0:0:0, 2:0:0:0:1, 0:0:0:0:0, 1:0:0:0:0, 3:0:0:0:3, 0:0:0:0:0, 2:0:0:0:1, 1:0:0:0:0, 1:0:0:0:0, 1:0:0:0:0, 2:0:0:0:1, 2:0:0:0:0, 2:0:0:0:3, 2:0:0:0:1, 1:0:0:0:0, 2:0:0:0:0, 0:0:0:0:0, 2:0:0:0:1, 2:0:0:0:1, 1:0:0:0:0, 2:1:0:0:4, 1:0:0:0:0, 1:0:0:0:0, 1:0:0:0:0, 1:0:0:0:0, 1:1:0:0:1, 1:0:0:0:0, 3:0:0:0:1, 1:0:0:0:0, 0:0:0:0:0, 0:0:0:0:0, 1:0:0:0:0, 0:0:0:0:0, 0:0:0:0:0, 0:0:0:0:0, 1:0:0:0:0, 2:0:0:0:3, 1:0:0:0:1, 1:1:0:0:1, 1:0:0:0:0, 1:0:0:0:0, 1:0:0:0:0, 0:0:0:0:0, 1:0:0:0:0, 3:0:0:0:2, 0:0:0:0:0, 2:0:0:0:1, 1:0:0:0:0, 0:0:0:0:0, 2:0:0:0:1, 1:0:0:0:0, 1:0:0:0:0, 3:0:0:0:1, 1:0:0:0:0, 1:0:0:0:0, 1:0:0:0:0, 2:0:0:0:0, 1:1:0:0:1, 0:0:0:0:0, 2:0:0:0:0, 2:0:0:0:1, 0:0:0:0:0, 0:0:0:0:0, 1:0:0:0:0, 0:0:0:0:0, 2:0:0:0:1, 1:0:0:0:0, 1:0:0:0:0, 2:0:0:0:3, 2:0:0:0:1, 2:0:0:0:1, 0:0:0:0:0, 1:1:0:0:1, 3:0:0:0:0, 0:0:0:0:0, 1:0:0:0:0, 3:0:0:0:3, 1:0:0:0:0, 1:0:0:0:0, 2:0:0:0:0, 1:0:0:0:0, 2:0:0:0:1, 2:0:0:0:0, 1:1:0:0:1, 3:0:0:0:3, 1:0:0:0:0, 1:0:0:0:0, 1:0:0:0:0, 1:0:0:0:0, 1:0:0:0:0, 0:0:0:0:0, 2:0:0:0:0, 1:0:0:0:0, 1:1:0:0:1, 0:0:0:0:0, 1:0:0:0:0, 0:0:0:0:0, 2:0:0:0:1, 0:0:0:0:0, 1:0:0:0:0, 2:0:0:0:3, 1:0:0:0:0, 2:0:0:0:1, 1:0:0:0:0, 1:0:0:0:0, 1:0:0:0:0, 2:0:0:0:1, 1:0:0:0:0, 2:0:0:0:3, 2:0:0:0:1, 1:0:0:0:0, 2:0:0:0:0, 0:0:0:0:0, 2:0:0:0:1, 2:0:0:0:1, 2:0:0:0:0, 2:1:0:0:5, 1:0:0:0:0, 1:0:0:0:0, 1:0:0:0:0, 2:0:0:0:0, 1:1:0:0:1, 1:0:0:0:0, 3:0:0:0:1, 2:0:0:0:0, 0:0:0:0:0, 0:0:0:0:0, 2:0:0:0:0, 0:0:0:0:0, 0:0:0:0:0, 0:0:0:0:0, 1:0:0:0:0, 3:0:0:0:3, 1:0:0:0:1, 0:0:0:0:0, 1:0:0:0:0, 0:0:0:0:0, 0:0:0:0:0, 0:0:0:0:0, 0:0:0:0:0, 1:0:0:0:0, 0:0:0:0:0, 4:0:1:0:3, 0:0:0:0:0, 0:0:0:0:0, 0:0:0:0:0, 377:19:5:0:157
D major blues (2#), 3:2:0:0:0, 2:0:0:0:0, 3:1:1:0:3, 0:0:0:0:0, 2:3:0:0:0, 1:0:0:0:0, 2:0:0:0:1, 1:0:0:0:0, 2:3:0:0:0, 2:0:0:0:0, 3:2:1:0:1, 0:0:0:0:0, 4:1:0:0:0, 2:0:0:0:0, 2:0:0:0:0, 2:2:1:0:1, 3:0:0:0:0, 2:3:0:0:0, 0:0:0:0:0, 4:4:0:0:4, 3:0:0:0:0, 1:3:0:0:0, 2:0:0:0:0, 3:0:0:0:1, 3:2:1:0:1, 3:0:0:0:0, 2:2:1:0:1, 2:0:0:0:2, 2:3:0:0:0, 1:0:0:0:0, 4:1:0:0:1, 3:4:0:0:0, 0:0:0:0:0, 2:0:0:0:0, 2:3:0:0:1, 4:1:0:0:1, 1:0:0:0:0, 2:0:0:0:1, 1:2:0:0:0, 1:2:0:0:0, 3:2:1:0:1, 2:0:0:0:0, 3:1:1:0:3, 1:0:1:0:1, 3:2:1:0:1, 3:0:0:0:1, 4:0:0:0:1, 3:1:0:0:0, 3:2:1:0:1, 4:1:0:0:0, 2:3:0:0:1, 1:0:0:0:1, 3:2:1:0:1, 2:0:0:0:0, 3:1:0:0:0, 2:2:1:0:1, 2:0:0:0:0, 2:2:0:0:0, 0:0:0:0:0, 4:4:0:0:3, 3:0:0:0:0, 3:2:0:0:0, 1:0:0:0:0, 4:0:0:0:1, 2:2:0:0:0, 4:1:0:0:1, 3:1:0:0:1, 1:0:0:0:1, 3:2:1:0:1, 2:0:0:0:0, 3:1:0:0:0, 3:2:1:0:2, 3:1:0:0:0, 3:1:0:0:0, 3:2:0:0:0, 1:0:0:0:1, 3:2:1:0:1, 2:0:0:0:0, 2:0:0:0:0, 3:0:0:0:1, 3:2:0:0:0, 3:1:0:0:0, 2:2:1:0:1, 1:1:0:0:0, 2:2:0:0:0, 2:0:0:0:0, 2:0:0:0:0, 2:3:0:0:0, 3:0:0:0:1, 3:1:0:0:0, 0:0:0:0:0, 3:4:0:0:2, 3:0:0:0:1, 3:2:0:0:0, 1:0:0:0:0, 2:0:0:0:0, 2:3:0:0:0, 2:0:0:0:0, 3:1:0:0:1, 1:0:0:0:1, 3:4:1:0:1, 2:0:0:0:0, 5:1:0:0:3, 2:1:0:0:0, 3:2:0:0:0, 3:1:0:0:0, 2:3:0:0:0, 0:0:0:0:0, 2:3:0:0:0, 1:0:0:0:0, 3:0:0:0:1, 1:0:0:0:0, 3:2:1:0:1, 3:0:0:0:1, 3:1:1:0:3, 1:0:1:0:1, 3:2:1:0:1, 2:0:0:0:0, 2:0:0:0:0, 2:2:1:0:1, 2:0:0:0:0, 2:3:0:0:0, 0:0:0:0:0, 2:5:0:0:2, 3:0:0:0:1, 2:3:0:0:0, 3:0:0:0:1, 3:1:0:0:0, 3:2:0:0:0, 2:0:0:0:0, 2:3:0:0:0, 1:0:0:0:1, 3:2:1:0:1, 1:0:0:0:0, 3:2:0:0:0, 3:3:1:0:2, 3:1:0:0:1, 3:0:0:0:1, 3:2:0:0:1, 1:0:0:0:1, 2:3:0:0:0, 3:1:0:0:2, 4:0:0:0:1, 3:1:0:0:0, 3:2:1:0:1, 3:0:0:0:0, 2:2:0:0:0, 2:0:0:0:2, 2:3:0:0:0, 4:1:0:0:0, 2:0:0:0:0, 3:2:0:0:0, 3:0:0:0:0, 2:2:0:0:0, 0:0:0:0:0, 3:4:0:0:3, 2:0:0:0:0, 2:3:0:0:0, 2:0:0:0:0, 1:0:0:0:0, 3:2:1:0:1, 2:0:0:0:0, 3:1:1:0:3, 0:0:0:0:0, 3:3:0:0:0, 2:0:0:0:0, 2:0:0:0:0, 2:3:0:0:0, 3:2:0:0:1, 3:0:0:0:0, 3:1:0:0:1, 1:0:0:0:1, 3:2:1:0:1, 2:0:0:0:0, 1:0:0:0:0, 1:0:0:0:0, 3:2:1:0:1, 2:0:0:0:0, 2:2:0:0:0, 2:0:0:0:1, 2:2:1:0:1, 2:0:0:0:0, 2:0:0:0:0, 3:2:1:0:2, 2:0:0:0:0, 2:3:0:0:0, 2:0:0:0:0, 4:4:0:0:3, 3:0:0:0:2, 3:2:0:0:1, 1:0:0:0:0, 1:0:0:0:0, 1:3:0:0:0, 2:0:0:0:0, 2:3:0:0:0, 0:0:0:0:0, 3:2:0:0:0, 3:1:0:0:0, 2:0:0:0:0, 2:3:1:0:1, 3:2:0:0:0, 3:1:0:0:0, 2:3:0:0:0, 1:0:0:0:1, 2:3:0:0:0, 1:0:0:0:0, 2:0:0:0:0, 1:0:0:0:0, 3:2:1:0:1, 3:0:0:0:1, 3:1:1:0:3, 2:0:1:0:2, 3:2:1:0:1, 2:0:0:0:0, 2:0:0:0:0, 2:2:1:0:1, 2:0:0:0:0, 2:3:0:0:0, 0:0:0:0:0, 2:5:0:0:2, 3:0:0:0:1, 2:3:0:0:0, 3:0:0:0:1, 3:1:0:0:0, 3:2:0:0:0, 2:0:0:0:0, 2:3:0:0:0, 1:0:0:0:1, 3:2:1:0:1, 2:0:0:0:0, 3:1:0:0:0, 3:2:1:0:2, 3:1:0:0:1, 3:0:0:0:1, 3:2:0:0:1, 1:0:0:0:1, 2:3:0:0:0, 3:1:0:0:2, 4:0:0:0:1, 3:1:0:0:0, 3:2:1:0:1, 3:0:0:0:0, 2:2:0:0:0, 2:0:0:0:2, 2:3:0:0:0, 4:1:0:0:0, 2:0:0:0:0, 3:2:0:0:0, 3:0:0:0:0, 2:2:0:0:0, 0:0:0:0:0, 3:4:0:0:3, 2:0:0:0:0, 2:3:0:0:0, 2:0:0:0:0, 1:0:0:0:0, 3:2:1:0:1, 2:0:0:0:0, 3:1:1:0:3, 1:0:0:0:1, 2:3:0:0:0, 2:0:0:0:0, 2:0:0:0:0, 2:3:0:0:0, 3:2:0:0:1, 3:0:0:0:0, 3:1:0:0:1, 1:0:0:0:1, 3:2:1:0:1, 2:0:0:0:0, 1:0:0:0:0, 1:0:0:0:0, 3:2:1:0:1, 2:0:0:0:0, 2:2:0:0:0, 2:0:0:0:1, 2:2:1:0:1, 2:0:0:0:0, 2:0:0:0:0, 2:2:1:0:1, 2:0:0:0:0, 2:3:0:0:0, 2:0:0:0:0, 4:4:0:0:3, 3:0:0:0:2, 3:2:0:0:1, 2:1:0:0:1, 1:0:0:0:0, 1:3:0:0:0, 2:0:0:0:0, 2:3:0:0:0, 0:0:0:0:0, 3:3:0:0:0, 2:1:0:0:0, 2:0:0:0:0, 2:3:0:0:0, 0:0:0:0:0, 1:0:0:0:0, 1:4:0:0:0, 1:1:0:0:1, 1:0:0:0:0, 2:3:1:0:1, 1:0:0:0:1, 1:0:0:0:1, 1:0:0:0:1, 673:340:47:0:162
G minor blues (2b), 2:0:0:0:1, 1:0:0:0:0, 1:0:0:0:0, 3:0:0:0:3, 1:0:0:0:0, 1:0:0:0:0, 1:0:0:0:0, 0:0:0:0:0, 1:0:0:0:0, 1:0:0:0:0, 1:0:0:0:0, 3:0:0:0:3, 2:0:0:0:2, 2:0:0:0:0, 1:0:0:0:0, 2:1:0:0:1, 1:0:0:0:0, 0:0:0:0:0, 1:0:0:0:0, 2:0:0:0:0, 2:0:0:0:0, 0:0:0:0:0, 2:0:0:0:1, 1:0:1:0:0, 2:0:0:0:1, 3:0:0:0:1, 2:1:0:0:1, 4:0:0:0:2, 1:0:0:0:0, 2:0:0:0:1, 1:0:1:0:0, 0:0:0:0:0, 1:0:0:0:1, 1:0:0:0:0, 0:0:0:0:0, 2:0:0:0:0, 1:1:0:0:1, 4:0:0:0:3, 0:0:0:0:0, 0:0:0:0:0, 2:0:0:0:1, 2:0:0:0:1, 1:0:0:0:0, 2:0:0:0:3, 2:0:0:0:1, 1:0:0:0:0, 2:0:0:0:0, 0:0:0:0:0, 2:1:0:0:2, 1:0:0:0:0, 1:0:0:0:0, 1:0:0:0:3, 2:0:0:0:1, 2:0:0:0:0, 0:0:0:0:0, 1:0:0:0:0, 1:0:0:0:0, 0:0:0:0:0, 2:0:0:0:0, 3:0:0:0:0, 1:0:0:0:0, 1:0:0:0:1, 2:0:0:0:1, 1:0:0:0:0, 1:0:0:0:0, 3:0:0:0:1, 0:0:0:0:0, 1:0:0:0:3, 2:0:0:0:1, 2:0:0:0:0, 0:0:0:0:0, 1:0:0:0:0, 3:0:0:0:1, 1:0:0:0:0, 2:0:0:0:0, 2:0:0:0:3, 2:0:0:0:1, 1:0:0:0:0, 1:0:0:0:0, 1:0:0:0:1, 2:0:0:0:0, 1:0:1:0:0, 2:1:0:0:1, 2:0:0:0:2, 2:0:0:0:0, 2:0:0:0:1, 1:0:0:0:0, 1:1:0:0:1, 0:0:0:0:0, 1:0:0:0:1, 1:0:0:0:0, 2:0:0:0:0, 0:0:0:0:0, 1:0:0:0:1, 1:0:0:0:0, 1:0:0:0:2, 1:0:0:0:0, 1:0:0:0:1, 2:0:0:0:0, 2:0:0:0:2, 1:0:1:0:0, 2:0:0:0:1, 1:0:0:0:0, 1:0:0:0:0, 1:0:0:0:0, 0:0:0:0:0, 1:0:0:0:0, 2:0:0:0:3, 0:0:0:0:0, 2:0:0:0:1, 1:0:0:0:0, 0:0:0:0:0, 2:0:0:0:1, 1:0:0:0:0, 1:0:0:0:0, 2:0:0:0:2, 1:0:0:0:0, 1:0:0:0:0, 1:0:0:0:0, 2:0:0:0:0, 1:1:0:0:1, 0:0:0:0:0, 2:0:0:0:0, 2:0:0:0:1, 0:0:0:0:0, 0:0:0:0:0, 1:0:0:0:0, 2:0:0:0:0, 2:0:0:0:1, 1:0:0:0:0, 1:0:0:0:0, 2:0:0:0:3, 2:0:0:0:1, 2:0:0:0:1, 0:0:0:0:0, 1:1:0:0:1, 3:0:0:0:0, 0:0:0:0:0, 1:0:0:0:0, 2:0:0:0:3, 1:0:0:0:0, 1:0:0:0:0, 2:0:0:0:0, 1:0:0:0:0, 2:0:0:0:1, 2:0:0:0:0, 1:1:0:0:1, 3:0:0:0:3, 1:0:0:0:0, 1:0:0:0:0, 1:0:0:0:0, 1:0:0:0:0, 1:0:0:0:0, 0:0:0:0:0, 2:0:0:0:0, 1:0:0:0:0, 1:1:0:0:1, 0:0:0:0:0, 1:0:0:0:0, 0:0:0:0:0, 2:0:0:0:1, 0:0:0:0:0, 1:0:0:0:0, 3:0:0:0:3, 0:0:0:0:0, 2:0:0:0:1, 1:0:0:0:0, 1:0:0:0:0, 1:0:0:0:0, 2:0:0:0:1, 2:0:0:0:0, 2:0:0:0:3, 2:0:0:0:1, 1:0:0:0:0, 2:0:0:0:0, 0:0:0:0:0, 2:0:0:0:1, 2:0:0:0:1, 1:0:0:0:0, 2:1:0:0:4, 1:0:0:0:0, 1:0:0:0:0, 1:0:0:0:0, 1:0:0:0:0, 1:1:0:0:1, 1:0:0:0:0, 3:0:0:0:1, 1:0:0:0:0, 0:0:0:0:0, 0:0:0:0:0, 1:0:0:0:0, 0:0:0:0:0, 0:0:0:0:0, 0:0:0:0:0, 1:0:0:0:0, 2:0:0:0:3, 1:0:0:0:1, 1:1:0:0:1, 1:0:0:0:0, 1:0:0:0:0, 1:0:0:0:0, 0:0:0:0:0, 1:0:0:0:0, 3:0:0:0:2, 0:0:0:0:0, 2:0:0:0:1, 1:0:0:0:0, 0:0:0:0:0, 2:0:0:0:1, 1:0:0:0:0, 1:0:0:0:0, 3:0:0:0:1, 1:0:0:0:0, 1:0:0:0:0, 1:0:0:0:0, 2:0:0:0:0, 1:1:0:0:1, 0:0:0:0:0, 2:0:0:0:0, 2:0:0:0:1, 0:0:0:0:0, 0:0:0:0:0, 1:0:0:0:0, 0:0:0:0:0, 2:0:0:0:1, 1:0:0:0:0, 1:0:0:0:0, 2:0:0:0:3, 2:0:0:0:1, 2:0:0:0:1, 0:0:0:0:0, 1:1:0:0:1, 3:0:0:0:0, 0:0:0:0:0, 1:0:0:0:0, 3:0:0:0:3, 1:0:0:0:0, 1:0:0:0:0, 2:0:0:0:0, 1:0:0:0:0, 2:0:0:0:1, 2:0:0:0:0, 1:1:0:0:1, 3:0:0:0:3, 1:0:0:0:0, 1:0:0:0:0, 1:0:0:0:0, 1:0:0:0:0, 1:0:0:0:0, 0:0:0:0:0, 2:0:0:0:0, 1:0:0:0:0, 1:1:0:0:1, 0:0:0:0:0, 1:0:0:0:0, 0:0:0:0:0, 2:0:0:0:1, 0:0:0:0:0, 1:0:0:0:0, 2:0:0:0:3, 1:0:0:0:0, 2:0:0:0:1, 1:0:0:0:0, 1:0:0:0:0, 1:0:0:0:0, 2:0:0:0:1, 1:0:0:0:0, 2:0:0:0:3, 2:0:0:0:1, 1:0:0:0:0, 2:0:0:0:0, 0:0:0:0:0, 2:0:0:0:1, 2:0:0:0:1, 2:0:0:0:0, 2:1:0:0:5, 1:0:0:0:0, 1:0:0:0:0, 1:0:0:0:0, 2:0:0:0:0, 1:1:0:0:1, 1:0:0:0:0, 3:0:0:0:1, 2:0:0:0:0, 0:0:0:0:0, 0:0:0:0:0, 2:0:0:0:0, 0:0:0:0:0, 0:0:0:0:0, 0:0:0:0:0, 1:0:0:0:0, 3:0:0:0:3, 1:0:0:0:1, 0:0:0:0:0, 1:0:0:0:0, 0:0:0:0:0, 0:0:0:0:0, 0:0:0:0:0, 0:0:0:0:0, 1:0:0:0:0, 0:0:0:0:0, 4:0:1:0:3, 0:0:0:0:0, 0:0:0:0:0, 0:0:0:0:0, 377:19:5:0:157
B minor blues (2#), 3:2:0:0:0, 2:0:0:0:0, 3:1:1:0:3, 0:0:0:0:0, 2:3:0:0:0, 1:0:0:0:0, 2:0:0:0:1, 1:0:0:0:0, 2:3:0:0:0, 2:0:0:0:0, 3:2:1:0:1, 0:0:0:0:0, 4:1:0:0:0, 2:0:0:0:0, 2:0:0:0:0, 2:2:1:0:1, 3:0:0:0:0, 2:3:0:0:0, 0:0:0:0:0, 4:4:0:0:4, 3:0:0:0:0, 1:3:0:0:0, 2:0:0:0:0, 3:0:0:0:1, 3:2:1:0:1, 3:0:0:0:0, 2:2:1:0:1, 2:0:0:0:2, 2:3:0:0:0, 1:0:0:0:0, 4:1:0:0:1, 3:4:0:0:0, 0:0:0:0:0, 2:0:0:0:0, 2:3:0:0:1, 4:1:0:0:1, 1:0:0:0:0, 2:0:0:0:1, 1:2:0:0:0, 1:2:0:0:0, 3:2:1:0:1, 2:0:0:0:0, 3:1:1:0:3, 1:0:1:0:1, 3:2:1:0:1, 3:0:0:0:1, 4:0:0:0:1, 3:1:0:0:0, 3:2:1:0:1, 4:1:0:0:0, 2:3:0:0:1, 1:0:0:0:1, 3:2:1:0:1, 2:0:0:0:0, 3:1:0:0:0, 2:2:1:0:1, 2:0:0:0:0, 2:2:0:0:0, 0:0:0:0:0, 4:4:0:0:3, 3:0:0:0:0, 3:2:0:0:0, 1:0:0:0:0, 4:0:0:0:1, 2:2:0:0:0, 4:1:0:0:1, 3:1:0:0:1, 1:0:0:0:1, 3:2:1:0:1, 2:0:0:0:0, 3:1:0:0:0, 3:2:1:0:2, 3:1:0:0:0, 3:1:0:0:0, 3:2:0:0:0, 1:0:0:0:1, 3:2:1:0:1, 2:0:0:0:0, 2:0:0:0:0, 3:0:0:0:1, 3:2:0:0:0, 3:1:0:0:0, 2:2:1:0:1, 1:1:0:0:0, 2:2:0:0:0, 2:0:0:0:0, 2:0:0:0:0, 2:3:0:0:0, 3:0:0:0:1, 3:1:0:0:0, 0:0:0:0:0, 3:4:0:0:2, 3:0:0:0:1, 3:2:0:0:0, 1:0:0:0:0, 2:0:0:0:0, 2:3:0:0:0, 2:0:0:0:0, 3:1:0:0:1, 1:0:0:0:1, 3:4:1:0:1, 2:0:0:0:0, 5:1:0:0:3, 2:1:0:0:0, 3:2:0:0:0, 3:1:0:0:0, 2:3:0:0:0, 0:0:0:0:0, 2:3:0:0:0, 1:0:0:0:0, 3:0:0:0:1, 1:0:0:0:0, 3:2:1:0:1, 3:0:0:0:1, 3:1:1:0:3, 1:0:1:0:1, 3:2:1:0:1, 2:0:0:0:0, 2:0:0:0:0, 2:2:1:0:1, 2:0:0:0:0, 2:3:0:0:0, 0:0:0:0:0, 2:5:0:0:2, 3:0:0:0:1, 2:3:0:0:0, 3:0:0:0:1, 3:1:0:0:0, 3:2:0:0:0, 2:0:0:0:0, 2:3:0:0:0, 1:0:0:0:1, 3:2:1:0:1, 1:0:0:0:0, 3:2:0:0:0, 3:3:1:0:2, 3:1:0:0:1, 3:0:0:0:1, 3:2:0:0:1, 1:0:0:0:1, 2:3:0:0:0, 3:1:0:0:2, 4:0:0:0:1, 3:1:0:0:0, 3:2:1:0:1, 3:0:0:0:0, 2:2:0:0:0, 2:0:0:0:2, 2:3:0:0:0, 4:1:0:0:0, 2:0:0:0:0, 3:2:0:0:0, 3:0:0:0:0, 2:2:0:0:0, 0:0:0:0:0, 3:4:0:0:3, 2:0:0:0:0, 2:3:0:0:0, 2:0:0:0:0, 1:0:0:0:0, 3:2:1:0:1, 2:0:0:0:0, 3:1:1:0:3, 0:0:0:0:0, 3:3:0:0:0, 2:0:0:0:0, 2:0:0:0:0, 2:3:0:0:0, 3:2:0:0:1, 3:0:0:0:0, 3:1:0:0:1, 1:0:0:0:1, 3:2:1:0:1, 2:0:0:0:0, 1:0:0:0:0, 1:0:0:0:0, 3:2:1:0:1, 2:0:0:0:0, 2:2:0:0:0, 2:0:0:0:1, 2:2:1:0:1, 2:0:0:0:0, 2:0:0:0:0, 3:2:1:0:2, 2:0:0:0:0, 2:3:0:0:0, 2:0:0:0:0, 4:4:0:0:3, 3:0:0:0:2, 3:2:0:0:1, 1:0:0:0:0, 1:0:0:0:0, 1:3:0:0:0, 2:0:0:0:0, 2:3:0:0:0, 0:0:0:0:0, 3:2:0:0:0, 3:1:0:0:0, 2:0:0:0:0, 2:3:1:0:1, 3:2:0:0:0, 3:1:0:0:0, 2:3:0:0:0, 1:0:0:0:1, 2:3:0:0:0, 1:0:0:0:0, 2:0:0:0:0, 1:0:0:0:0, 3:2:1:0:1, 3:0:0:0:1, 3:1:1:0:3, 2:0:1:0:2, 3:2:1:0:1, 2:0:0:0:0, 2:0:0:0:0, 2:2:1:0:1, 2:0:0:0:0, 2:3:0:0:0, 0:0:0:0:0, 2:5:0:0:2, 3:0:0:0:1, 2:3:0:0:0, 3:0:0:0:1, 3:1:0:0:0, 3:2:0:0:0, 2:0:0:0:0, 2:3:0:0:0, 1:0:0:0:1, 3:2:1:0:1, 2:0:0:0:0, 3:1:0:0:0, 3:2:1:0:2, 3:1:0:0:1, 3:0:0:0:1, 3:2:0:0:1, 1:0:0:0:1, 2:3:0:0:0, 3:1:0:0:2, 4:0:0:0:1, 3:1:0:0:0, 3:2:1:0:1, 3:0:0:0:0, 2:2:0:0:0, 2:0:0:0:2, 2:3:0:0:0, 4:1:0:0:0, 2:0:0:0:0, 3:2:0:0:0, 3:0:0:0:0, 2:2:0:0:0, 0:0:0:0:0, 3:4:0:0:3, 2:0:0:0:0, 2:3:0:0:0, 2:0:0:0:0, 1:0:0:0:0, 3:2:1:0:1, 2:0:0:0:0, 3:1:1:0:3, 1:0:0:0:1, 2:3:0:0:0, 2:0:0:0:0, 2:0:0:0:0, 2:3:0:0:0, 3:2:0:0:1, 3:0:0:0:0, 3:1:0:0:1, 1:0:0:0:1, 3:2:1:0:1, 2:0:0:0:0, 1:0:0:0:0, 1:0:0:0:0, 3:2:1:0:1, 2:0:0:0:0, 2:2:0:0:0, 2:0:0:0:1, 2:2:1:0:1, 2:0:0:0:0, 2:0:0:0:0, 2:2:1:0:1, 2:0:0:0:0, 2:3:0:0:0, 2:0:0:0:0, 4:4:0:0:3, 3:0:0:0:2, 3:2:0:0:1, 2:1:0:0:1, 1:0:0:0:0, 1:3:0:0:0, 2:0:0:0:0, 2:3:0:0:0, 0:0:0:0:0, 3:3:0:0:0, 2:1:0:0:0, 2:0:0:0:0, 2:3:0:0:0, 0:0:0:0:0, 1:0:0:0:0, 1:4:0:0:0, 1:1:0:0:1, 1:0:0:0:0, 2:3:1:0:1, 1:0:0:0:1, 1:0:0:0:1, 1:0:0:0:1, 673:340:47:0:162
Bb dorian (2b), 2:0:0:0:1, 1:0:0:0:0, 1:0:0:0:0, 3:0:0:0:3, 1:0:0:0:0, 1:0:0:0:0, 1:0:0:0:0, 0:0:0:0:0, 1:0:0:0:0, 1:0:0:0:0, 1:0:0:0:0, 3:0:0:0:3, 2:0:0:0:2, 2:0:0:0:0, 1:0:0:0:0, 2:1:0:0:1, 1:0:0:0:0, 0:0:0:0:0, 1:0:0:0:0, 2:0:0:0:0, 2:0:0:0:0, 0:0:0:0:0, 2:0:0:0:1, 1:0:1:0:0, 2:0:0:0:1, 3:0:0:0:1, 2:1:0:0:1, 4:0:0:0:2, 1:0:0:0:0, 2:0:0:0:1, 1:0:1:0:0, 0:0:0:0:0, 1:0:0:0:1, 1:0:0:0:0, 0:0:0:0:0, 2:0:0:0:0, 1:1:0:0:1, 4:0:0:0:3, 0:0:0:0:0, 0:0:0:0:0, 2:0:0:0:1, 2:0:0:0:1, 1:0:0:0:0, 2:0:0:0:3, 2:0:0:0:1, 1:0:0:0:0, 2:0:0:0:0, 0:0:0:0:0, 2:1:0:0:2, 1:0:0:0:0, 1:0:0:0:0, 1:0:0:0:3, 2:0:0:0:1, 2:0:0:0:0, 0:0:0:0:0, 1:0:0:0:0, 1:0:0:0:0, 0:0:0:0:0, 2:0:0:0:0, 3:0:0:0:0, 1:0:0:0:0, 1:0:0:0:1, 2:0:0:0:1, 1:0:0:0:0, 1:0:0:0:0, 3:0:0:0:1, 0:0:0:0:0, 1:0:0:0:3, 2:0:0:0:1, 2:0:0:0:0, 0:0:0:0:0, 1:0:0:0:0, 3:0:0:0:1, 1:0:0:0:0, 2:0:0:0:0, 2:0:0:0:3, 2:0:0:0:1, 1:0:0:0:0, 1:0:0:0:0, 1:0:0:0:1, 2:0:0:0:0, 1:0:1:0:0, 2:1:0:0:1, 2:0:0:0:2, 2:0:0:0:0, 2:0:0:0:1, 1:0:0:0:0, 1:1:0:0:1, 0:0:0:0:0, 1:0:0:0:1, 1:0:0:0:0, 2:0:0:0:0, 0:0:0:0:0, 1:0:0:0:1, 1:0:0:0:0, 1:0:0:0:2, 1:0:0:0:0, 1:0:0:0:1, 2:0:0:0:0, 2:0:0:0:2, 1:0:1:0:0, 2:0:0:0:1, 1:0:0:0:0, 1:0:0:0:0, 1:0:0:0:0, 0:0:0:0:0, 1:0:0:0:0, 2:0:0:0:3, 0:0:0:0:0, 2:0:0:0:1, 1:0:0:0:0, 0:0:0:0:0, 2:0:0:0:1, 1:0:0:0:0, 1:0:0:0:0, 2:0:0:0:2, 1:0:0:0:0, 1:0:0:0:0, 1:0:0:0:0, 2:0:0:0:0, 1:1:0:0:1, 0:0:0:0:0, 2:0:0:0:0, 2:0:0:0:1, 0:0:0:0:0, 0:0:0:0:0, 1:0:0:0:0, 2:0:0:0:0, 2:0:0:0:1, 1:0:0:0:0, 1:0:0:0:0, 2:0:0:0:3, 2:0:0:0:1, 2:0:0:0:1, 0:0:0:0:0, 1:1:0:0:1, 3:0:0:0:0, 0:0:0:0:0, 1:0:0:0:0, 2:0:0:0:3, 1:0:0:0:0, 1:0:0:0:0, 2:0:0:0:0, 1:0:0:0:0, 2:0:0:0:1, 2:0:0:0:0, 1:1:0:0:1, 3:0:0:0:3, 1:0:0:0:0, 1:0:0:0:0, 1:0:0:0:0, 1:0:0:0:0, 1:0:0:0:0, 0:0:0:0:0, 2:0:0:0:0, 1:0:0:0:0, 1:1:0:0:1, 0:0:0:0:0, 1:0:0:0:0, 0:0:0:0:0, 2:0:0:0:1, 0:0:0:0:0, 1:0:0:0:0, 3:0:0:0:3, 0:0:0:0:0, 2:0:0:0:1, 1:0:0:0:0, 1:0:0:0:0, 1:0:0:0:0, 2:0:0:0:1, 2:0:0:0:0, 2:0:0:0:3, 2:0:0:0:1, 1:0:0:0:0, 2:0:0:0:0, 0:0:0:0:0, 2:0:0:0:1, 2:0:0:0:1, 1:0:0:0:0, 2:1:0:0:4, 1:0:0:0:0, 1:0:0:0:0, 1:0:0:0:0, 1:0:0:0:0, 1:1:0:0:1, 1:0:0:0:0, 3:0:0:0:1, 1:0:0:0:0, 0:0:0:0:0, 0:0:0:0:0, 1:0:0:0:0, 0:0:0:0:0, 0:0:0:0:0, 0:0:0:0:0, 1:0:0:0:0, 2:0:0:0:3, 1:0:0:0:1, 1:1:0:0:1, 1:0:0:0:0, 1:0:0:0:0, 1:0:0:0:0, 0:0:0:0:0, 1:0:0:0:0, 3:0:0:0:2, 0:0:0:0:0, 2:0:0:0:1, 1:0:0:0:0, 0:0:0:0:0, 2:0:0:0:1, 1:0:0:0:0, 1:0:0:0:0, 3:0:0:0:1, 1:0:0:0:0, 1:0:0:0:0, 1:0:0:0:0, 2:0:0:0:0, 1:1:0:0:1, 0:0:0:0:0, 2:0:0:0:0, 2:0:0:0:1, 0:0:0:0:0, 0:0:0:0:0, 1:0:0:0:0, 0:0:0:0:0, 2:0:0:0:1, 1:0:0:0:0, 1:0:0:0:0, 2:0:0:0:3, 2:0:0:0:1, 2:0:0:0:1, 0:0:0:0:0, 1:1:0:0:1, 3:0:0:0:0, 0:0:0:0:0, 1:0:0:0:0, 3:0:0:0:3, 1:0:0:0:0, 1:0:0:0:0, 2:0:0:0:0, 1:0:0:0:0, 2:0:0:0:1, 2:0:0:0:0, 1:1:0:0:1, 3:0:0:0:3, 1:0:0:0:0, 1:0:0:0:0, 1:0:0:0:0, 1:0:0:0:0, 1:0:0:0:0, 0:0:0:0:0, 2:0:0:0:0, 1:0:0:0:0, 1:1:0:0:1, 0:0:0:0:0, 1:0:0:0:0, 0:0:0:0:0, 2:0:0:0:1, 0:0:0:0:0, 1:0:0:0:0, 2:0:0:0:3, 1:0:0:0:0, 2:0:0:0:1, 1:0:0:0:0, 1:0:0:0:0, 1:0:0:0:0, 2:0:0:0:1, 1:0:0:0:0, 2:0:0:0:3, 2:0:0:0:1, 1:0:0:0:0, 2:0:0:0:0, 0:0:0:0:0, 2:0:0:0:1, 2:0:0:0:1, 2:0:0:0:0, 2:1:0:0:5, 1:0:0:0:0, 1:0:0:0:0, 1:0:0:0:0, 2:0:0:0:0, 1:1:0:0:1, 1:0:0:0:0, 3:0:0:0:1, 2:0:0:0:0, 0:0:0:0:0, 0:0:0:0:0, 2:0:0:0:0, 0:0:0:0:0, 0:0:0:0:0, 0:0:0:0:0, 1:0:0:0:0, 3:0:0:0:3, 1:0:0:0:1, 0:0:0:0:0, 1:0:0:0:0, 0:0:0:0:0, 0:0:0:0:0, 0:0:0:0:0, 0:0:0:0:0, 1:0:0:0:0, 0:0:0:0:0, 4:0:1:0:3, 0:0:0:0:0, 0:0:0:0:0, 0:0:0:0:0, 377:19:5:0:157
D dorian (2#), 3:2:0:0:0, 2:0:0:0:0, 3:1:1:0:3, 0:0:0:0:0, 2:3:0:0:0, 1:0:0:0:0, 2:0:0:0:1, 1:0:0:0:0, 2:3:0:0:0, 2:0:0:0:0, 3:2:1:0:1, 0:0:0:0:0, 4:1:0:0:0, 2:0:0:0:0, 2:0:0:0:0, 2:2:1:0:1, 3:0:0:0:0, 2:3:0:0:0, 0:0:0:0:0, 4:4:0:0:4, 3:0:0:0:0, 1:3:0:0:0, 2:0:0:0:0, 3:0:0:0:1, 3:2:1:0:1, 3:0:0:0:0, 2:2:1:0:1, 2:0:0:0:2, 2:3:0:0:0, 1:0:0:0:0, 4:1:0:0:1, 3:4:0:0:0, 0:0:0:0:0, 2:0:0:0:0, 2:3:0:0:1, 4:1:0:0:1, 1:0:0:0:0, 2:0:0:0:1, 1:2:0:0:0, 1:2:0:0:0, 3:2:1:0:1, 2:0:0:0:0, 3:1:1:0:3, 1:0:1:0:1, 3:2:1:0:1, 3:0:0:0:1, 4:0:0:0:1, 3:1:0:0:0, 3:2:1:0:1, 4:1:0:0:0, 2:3:0:0:1, 1:0:0:0:1, 3:2:1:0:1, 2:0:0:0:0, 3:1:0:0:0, 2:2:1:0:1, 2:0:0:0:0, 2:2:0:0:0, 0:0:0:0:0, 4:4:0:0:3, 3:0:0:0:0, 3:2:0:0:0, 1:0:0:0:0, 4:0:0:0:1, 2:2:0:0:0, 4:1:0:0:1, 3:1:0:0:1, 1:0:0:0:1, 3:2:1:0:1, 2:0:0:0:0, 3:1:0:0:0, 3:2:1:0:2, 3:1:0:0:0, 3:1:0:0:0, 3:2:0:0:0, 1:0:0:0:1, 3:2:1:0:1, 2:0:0:0:0, 2:0:0:0:0, 3:0:0:0:1, 3:2:0:0:0, 3:1:0:0:0, 2:2:1:0:1, 1:1:0:0:0, 2:2:0:0:0, 2:0:0:0:0, 2:0:0:0:0, 2:3:0:0:0, 3:0:0:0:1, 3:1:0:0:0, 0:0:0:0:0, 3:4:0:0:2, 3:0:0:0:1, 3:2:0:0:0, 1:0:0:0:0, 2:0:0:0:0, 2:3:0:0:0, 2:0:0:0:0, 3:1:0:0:1, 1:0:0:0:1, 3:4:1:0:1, 2:0:0:0:0, 5:1:0:0:3, 2:1:0:0:0, 3:2:0:0:0, 3:1:0:0:0, 2:3:0:0:0, 0:0:0:0:0, 2:3:0:0:0, 1:0:0:0:0, 3:0:0:0:1, 1:0:0:0:0, 3:2:1:0:1, 3:0:0:0:1, 3:1:1:0:3, 1:0:1:0:1, 3:2:1:0:1, 2:0:0:0:0, 2:0:0:0:0, 2:2:1:0:1, 2:0:0:0:0, 2:3:0:0:0, 0:0:0:0:0, 2:5:0:0:2, 3:0:0:0:1, 2:3:0:0:0, 3:0:0:0:1, 3:1:0:0:0, 3:2:0:0:0, 2:0:0:0:0, 2:3:0:0:0, 1:0:0:0:1, 3:2:1:0:1, 1:0:0:0:0, 3:2:0:0:0, 3:3:1:0:2, 3:1:0:0:1, 3:0:0:0:1, 3:2:0:0:1, 1:0:0:0:1, 2:3:0:0:0, 3:1:0:0:2, 4:0:0:0:1, 3:1:0:0:0, 3:2:1:0:1, 3:0:0:0:0, 2:2:0:0:0, 2:0:0:0:2, 2:3:0:0:0, 4:1:0:0:0, 2:0:0:0:0, 3:2:0:0:0, 3:0:0:0:0, 2:2:0:0:0, 0:0:0:0:0, 3:4:0:0:3, 2:0:0:0:0, 2:3:0:0:0, 2:0:0:0:0, 1:0:0:0:0, 3:2:1:0:1, 2:0:0:0:0, 3:1:1:0:3, 0:0:0:0:0, 3:3:0:0:0, 2:0:0:0:0, 2:0:0:0:0, 2:3:0:0:0, 3:2:0:0:1, 3:0:0:0:0, 3:1:0:0:1, 1:0:0:0:1, 3:2:1:0:1, 2:0:0:0:0, 1:0:0:0:0, 1:0:0:0:0, 3:2:1:0:1, 2:0:0:0:0, 2:2:0:0:0, 2:0:0:0:1, 2:2:1:0:1, 2:0:0:0:0, 2:0:0:0:0, 3:2:1:0:2, 2:0:0:0:0, 2:3:0:0:0, 2:0:0:0:0, 4:4:0:0:3, 3:0:0:0:2, 3:2:0:0:1, 1:0:0:0:0, 1:0:0:0:0, 1:3:0:0:0, 2:0:0:0:0, 2:3:0:0:0, 0:0:0:0:0, 3:2:0:0:0, 3:1:0:0:0, 2:0:0:0:0, 2:3:1:0:1, 3:2:0:0:0, 3:1:0:0:0, 2:3:0:0:0, 1:0:0:0:1, 2:3:0:0:0, 1:0:0:0:0, 2:0:0:0:0, 1:0:0:0:0, 3:2:1:0:1, 3:0:0:0:1, 3:1:1:0:3, 2:0:1:0:2, 3:2:1:0:1, 2:0:0:0:0, 2:0:0:0:0, 2:2:1:0:1, 2:0:0:0:0, 2:3:0:0:0, 0:0:0:0:0, 2:5:0:0:2, 3:0:0:0:1, 2:3:0:0:0, 3:0:0:0:1, 3:1:0:0:0, 3:2:0:0:0, 2:0:0:0:0, 2:3:0:0:0, 1:0:0:0:1, 3:2:1:0:1, 2:0:0:0:0, 3:1:0:0:0, 3:2:1:0:2, 3:1:0:0:1, 3:0:0:0:1, 3:2:0:0:1, 1:0:0:0:1, 2:3:0:0:0, 3:1:0:0:2, 4:0:0:0:1, 3:1:0:0:0, 3:2:1:0:1, 3:0:0:0:0, 2:2:0:0:0, 2:0:0:0:2, 2:3:0:0:0, 4:1:0:0:0, 2:0:0:0:0, 3:2:0:0:0, 3:0:0:0:0, 2:2:0:0:0, 0:0:0:0:0, 3:4:0:0:3, 2:0:0:0:0, 2:3:0:0:0, 2:0:0:0:0, 1:0:0:0:0, 3:2:1:0:1, 2:0:0:0:0, 3:1:1:0:3, 1:0:0:0:1, 2:3:0:0:0, 2:0:0:0:0, 2:0:0:0:0, 2:3:0:0:0, 3:2:0:0:1, 3:0:0:0:0, 3:1:0:0:1, 1:0:0:0:1, 3:2:1:0:1, 2:0:0:0:0, 1:0:0:0:0, 1:0:0:0:0, 3:2:1:0:1, 2:0:0:0:0, 2:2:0:0:0, 2:0:0:0:1, 2:2:1:0:1, 2:0:0:0:0, 2:0:0:0:0, 2:2:1:0:1, 2:0:0:0:0, 2:3:0:0:0, 2:0:0:0:0, 4:4:0:0:3, 3:0:0:0:2, 3:2:0:0:1, 2:1:0:0:1, 1:0:0:0:0, 1:3:0:0:0, 2:0:0:0:0, 2:3:0:0:0, 0:0:0:0:0, 3:3:0:0:0, 2:1:0:0:0, 2:0:0:0:0, 2:3:0:0:0, 0:0:0:0:0, 1:0:0:0:0, 1:4:0:0:0, 1:1:0:0:1, 1:0:0:0:0, 2:3:1:0:1, 1:0:0:0:1, 1:0:0:0:1, 1:0:0:0:1, 673:340:47:0:162
Bb phrygian (2b), 2:0:0:0:1, 1:0:0:0:0, 1:0:0:0:0, 3:0:0:0:3, 1:0:0:0:0, 1:0:0:0:0, 1:0:0:0:0, 0:0:0:0:0, 1:0:0:0:0, 1:0:0:0:0, 1:0:0:0:0, 3:0:0:0:3, 2:0:0:0:2, 2:0:0:0:0, 1:0:0:0:0, 2:1:0:0:1, 1:0:0:0:0, 0:0:0:0:0, 1:0:0:0:0, 2:0:0:0:0, 2:0:0:0:0, 0:0:0:0:0, 2:0:0:0:1, 1:0:1:0:0, 2:0:0:0:1, 3:0:0:0:1, 2:1:0:0:1, 4:0:0:0:2, 1:0:0:0:0, 2:0:0:0:1, 1:0:1:0:0, 0:0:0:0:0, 1:0:0:0:1, 1:0:0:0:0, 0:0:0:0:0, 2:0:0:0:0, 1:1:0:0:1, 4:0:0:0:3, 0:0:0:0:0, 0:0:0:0:0, 2:0:0:0:1, 2:0:0:0:1, 1:0:0:0:0, 2:0:0:0:3, 2:0:0:0:1, 1:0:0:0:0, 2:0:0:0:0, 0:0:0:0:0, 2:1:0:0:2, 1:0:0:0:0, 1:0:0:0:0, 1:0:0:0:3, 2:0:0:0:1, 2:0:0:0:0, 0:0:0:0:0, 1:0:0:0:0, 1:0:0:0:0, 0:0:0:0:0, 2:0:0:0:0, 3:0:0:0:0, 1:0:0:0:0, 1:0:0:0:1, 2:0:0:0:1, 1:0:0:0:0, 1:0:0:0:0, 3:0:0:0:1, 0:0:0:0:0, 1:0:0:0:3, 2:0:0:0:1, 2:0:0:0:0, 0:0:0:0:0, 1:0:0:0:0, 3:0:0:0:1, 1:0:0:0:0, 2:0:0:0:0, 2:0:0:0:3, 2:0:0:0:1, 1:0:0:0:0, 1:0:0:0:0, 1:0:0:0:1, 2:0:0:0:0, 1:0:1:0:0, 2:1:0:0:1, 2:0:0:0:2, 2:0:0:0:0, 2:0:0:0:1, 1:0:0:0:0, 1:1:0:0:1, 0:0:0:0:0, 1:0:0:0:1, 1:0:0:0:0, 2:0:0:0:0, 0:0:0:0:0, 1:0:0:0:1, 1:0:0:0:0, 1:0:0:0:2, 1:0:0:0:0, 1:0:0:0:1, 2:0:0:0:0, 2:0:0:0:2, 1:0:1:0:0, 2:0:0:0:1, 1:0:0:0:0, 1:0:0:0:0, 1:0:0:0:0, 0:0:0:0:0, 1:0:0:0:0, 2:0:0:0:3, 0:0:0:0:0, 2:0:0:0:1, 1:0:0:0:0, 0:0:0:0:0, 2:0:0:0:1, 1:0:0:0:0, 1:0:0:0:0, 2:0:0:0:2, 1:0:0:0:0, 1:0:0:0:0, 1:0:0:0:0, 2:0:0:0:0, 1:1:0:0:1, 0:0:0:0:0, 2:0:0:0:0, 2:0:0:0:1, 0:0:0:0:0, 0:0:0:0:0, 1:0:0:0:0, 2:0:0:0:0, 2:0:0:0:1, 1:0:0:0:0, 1:0:0:0:0, 2:0:0:0:3, 2:0:0:0:1, 2:0:0:0:1, 0:0:0:0:0, 1:1:0:0:1, 3:0:0:0:0, 0:0:0:0:0, 1:0:0:0:0, 2:0:0:0:3, 1:0:0:0:0, 1:0:0:0:0, 2:0:0:0:0, 1:0:0:0:0, 2:0:0:0:1, 2:0:0:0:0, 1:1:0:0:1, 3:0:0:0:3, 1:0:0:0:0, 1:0:0:0:0, 1:0:0:0:0, 1:0:0:0:0, 1:0:0:0:0, 0:0:0:0:0, 2:0:0:0:0, 1:0:0:0:0, 1:1:0:0:1, 0:0:0:0:0, 1:0:0:0:0, 0:0:0:0:0, 2:0:0:0:1, 0:0:0:0:0, 1:0:0:0:0, 3:0:0:0:3, 0:0:0:0:0, 2:0:0:0:1, 1:0:0:0:0, 1:0:0:0:0, 1:0:0:0:0, 2:0:0:0:1, 2:0:0:0:0, 2:0:0:0:3, 2:0:0:0:1, 1:0:0:0:0, 2:0:0:0:0, 0:0:0:0:0, 2:0:0:0:1, 2:0:0:0:1, 1:0:0:0:0, 2:1:0:0:4, 1:0:0:0:0, 1:0:0:0:0, 1:0:0:0:0, 1:0:0:0:0, 1:1:0:0:1, 1:0:0:0:0, 3:0:0:0:1, 1:0:0:0:0, 0:0:0:0:0, 0:0:0:0:0, 1:0:0:0:0, 0:0:0:0:0, 0:0:0:0:0, 0:0:0:0:0, 1:0:0:0:0, 2:0:0:0:3, 1:0:0:0:1, 1:1:0:0:1, 1:0:0:0:0, 1:0:0:0:0, 1:0:0:0:0, 0:0:0:0:0, 1:0:0:0:0, 3:0:0:0:2, 0:0:0:0:0, 2:0:0:0:1, 1:0:0:0:0, 0:0:0:0:0, 2:0:0:0:1, 1:0:0:0:0, 1:0:0:0:0, 3:0:0:0:1, 1:0:0:0:0, 1:0:0:0:0, 1:0:0:0:0, 2:0:0:0:0, 1:1:0:0:1, 0:0:0:0:0, 2:0:0:0:0, 2:0:0:0:1, 0:0:0:0:0, 0:0:0:0:0, 1:0:0:0:0, 0:0:0:0:0, 2:0:0:0:1, 1:0:0:0:0, 1:0:0:0:0, 2:0:0:0:3, 2:0:0:0:1, 2:0:0:0:1, 0:0:0:0:0, 1:1:0:0:1, 3:0:0:0:0, 0:0:0:0:0, 1:0:0:0:0, 3:0:0:0:3, 1:0:0:0:0, 1:0:0:0:0, 2:0:0:0:0, 1:0:0:0:0, 2:0:0:0:1, 2:0:0:0:0, 1:1:0:0:1, 3:0:0:0:3, 1:0:0:0:0, 1:0:0:0:0, 1:0:0:0:0, 1:0:0:0:0, 1:0:0:0:0, 0:0:0:0:0, 2:0:0:0:0, 1:0:0:0:0, 1:1:0:0:1, 0:0:0:0:0, 1:0:0:0:0, 0:0:0:0:0, 2:0:0:0:1, 0:0:0:0:0, 1:0:0:0:0, 2:0:0:0:3, 1:0:0:0:0, 2:0:0:0:1, 1:0:0:0:0, 1:0:0:0:0, 1:0:0:0:0, 2:0:0:0:1, 1:0:0:0:0, 2:0:0:0:3, 2:0:0:0:1, 1:0:0:0:0, 2:0:0:0:0, 0:0:0:0:0, 2:0:0:0:1, 2:0:0:0:1, 2:0:0:0:0, 2:1:0:0:5, 1:0:0:0:0, 1:0:0:0:0, 1:0:0:0:0, 2:0:0:0:0, 1:1:0:0:1, 1:0:0:0:0, 3:0:0:0:1, 2:0:0:0:0, 0:0:0:0:0, 0:0:0:0:0, 2:0:0:0:0, 0:0:0:0:0, 0:0:0:0:0, 0:0:0:0:0, 1:0:0:0:0, 3:0:0:0:3, 1:0:0:0:1, 0:0:0:0:0, 1:0:0:0:0, 0:0:0:0:0, 0:0:0:0:0, 0:0:0:0:0, 0:0:0:0:0, 1:0:0:0:0, 0:0:0:0:0, 4:0:1:0:3, 0:0:0:0:0, 0:0:0:0:0, 0:0:0:0:0, 377:19:5:0:157
D phrygian (2#), 3:2:0:0:0, 2:0:0:0:0, 3:1:1:0:3, 0:0:0:0:0, 2:3:0:0:0, 1:0:0:0:0, 2:0:0:0:1, 1:0:0:0:0, 2:3:0:0:0, 2:0:0:0:0, 3:2:1:0:1, 0:0:0:0:0, 4:1:0:0:0, 2:0:0:0:0, 2:0:0:0:0, 2:2:1:0:1, 3:0:0:0:0, 2:3:0:0:0, 0:0:0:0:0, 4:4:0:0:4, 3:0:0:0:0, 1:3:0:0:0, 2:0:0:0:0, 3:0:0:0:1, 3:2:1:0:1, 3:0:0:0:0, 2:2:1:0:1, 2:0:0:0:2, 2:3:0:0:0, 1:0:0:0:0, 4:1:0:0:1, 3:4:0:0:0, 0:0:0:0:0, 2:0:0:0:0, 2:3:0:0:1, 4:1:0:0:1, 1:0:0:0:0, 2:0:0:0:1, 1:2:0:0:0, 1:2:0:0:0, 3:2:1:0:1, 2:0:0:0:0, 3:1:1:0:3, 1:0:1:0:1, 3:2:1:0:1, 3:0:0:0:1, 4:0:0:0:1, 3:1:0:0:0, 3:2:1:0:1, 4:1:0:0:0, 2:3:0:0:1, 1:0:0:0:1, 3:2:1:0:1, 2:0:0:0:0, 3:1:0:0:0, 2:2:1:0:1, 2:0:0:0:0, 2:2:0:0:0, 0:0:0:0:0, 4:4:0:0:3, 3:0:0:0:0, 3:2:0:0:0, 1:0:0:0:0, 4:0:0:0:1, 2:2:0:0:0, 4:1:0:0:1, 3:1:0:0:1, 1:0:0:0:1, 3:2:1:0:1, 2:0:0:0:0, 3:1:0:0:0, 3:2:1:0:2, 3:1:0:0:0, 3:1:0:0:0, 3:2:0:0:0, 1:0:0:0:1, 3:2:1:0:1, 2:0:0:0:0, 2:0:0:0:0, 3:0:0:0:1, 3:2:0:0:0, 3:1:0:0:0, 2:2:1:0:1, 1:1:0:0:0, 2:2:0:0:0, 2:0:0:0:0, 2:0:0:0:0, 2:3:0:0:0, 3:0:0:0:1, 3:1:0:0:0, 0:0:0:0:0, 3:4:0:0:2, 3:0:0:0:1, 3:2:0:0:0, 1:0:0:0:0, 2:0:0:0:0, 2:3:0:0:0, 2:0:0:0:0, 3:1:0:0:1, 1:0:0:0:1, 3:4:1:0:1, 2:0:0:0:0, 5:1:0:0:3, 2:1:0:0:0, 3:2:0:0:0, 3:1:0:0:0, 2:3:0:0:0, 0:0:0:0:0, 2:3:0:0:0, 1:0:0:0:0, 3:0:0:0:1, 1:0:0:0:0, 3:2:1:0:1, 3:0:0:0:1, 3:1:1:0:3, 1:0:1:0:1, 3:2:1:0:1, 2:0:0:0:0, 2:0:0:0:0, 2:2:1:0:1, 2:0:0:0:0, 2:3:0:0:0, 0:0:0:0:0, 2:5:0:0:2, 3:0:0:0:1, 2:3:0:0:0, 3:0:0:0:1, 3:1:0:0:0, 3:2:0:0:0, 2:0:0:0:0, 2:3:0:0:0, 1:0:0:0:1, 3:2:1:0:1, 1:0:0:0:0, 3:2:0:0:0, 3:3:1:0:2, 3:1:0:0:1, 3:0:0:0:1, 3:2:0:0:1, 1:0:0:0:1, 2:3:0:0:0, 3:1:0:0:2, 4:0:0:0:1, 3:1:0:0:0, 3:2:1:0:1, 3:0:0:0:0, 2:2:0:0:0, 2:0:0:0:2, 2:3:0:0:0, 4:1:0:0:0, 2:0:0:0:0, 3:2:0:0:0, 3:0:0:0:0, 2:2:0:0:0, 0:0:0:0:0, 3:4:0:0:3, 2:0:0:0:0, 2:3:0:0:0, 2:0:0:0:0, 1:0:0:0:0, 3:2:1:0:1, 2:0:0:0:0, 3:1:1:0:3, 0:0:0:0:0, 3:3:0:0:0, 2:0:0:0:0, 2:0:0:0:0, 2:3:0:0:0, 3:2:0:0:1, 3:0:0:0:0, 3:1:0:0:1, 1:0:0:0:1, 3:2:1:0:1, 2:0:0:0:0, 1:0:0:0:0, 1:0:0:0:0, 3:2:1:0:1, 2:0:0:0:0, 2:2:0:0:0, 2:0:0:0:1, 2:2:1:0:1, 2:0:0:0:0, 2:0:0:0:0, 3:2:1:0:2, 2:0:0:0:0, 2:3:0:0:0, 2:0:0:0:0, 4:4:0:0:3, 3:0:0:0:2, 3:2:0:0:1, 1:0:0:0:0, 1:0:0:0:0, 1:3:0:0:0, 2:0:0:0:0, 2:3:0:0:0, 0:0:0:0:0, 3:2:0:0:0, 3:1:0:0:0, 2:0:0:0:0, 2:3:1:0:1, 3:2:0:0:0, 3:1:0:0:0, 2:3:0:0:0, 1:0:0:0:1, 2:3:0:0:0, 1:0:0:0:0, 2:0:0:0:0, 1:0:0:0:0, 3:2:1:0:1, 3:0:0:0:1, 3:1:1:0:3, 2:0:1:0:2, 3:2:1:0:1, 2:0:0:0:0, 2:0:0:0:0, 2:2:1:0:1, 2:0:0:0:0, 2:3:0:0:0, 0:0:0:0:0, 2:5:0:0:2, 3:0:0:0:1, 2:3:0:0:0, 3:0:0:0:1, 3:1:0:0:0, 3:2:0:0:0, 2:0:0:0:0, 2:3:0:0:0, 1:0:0:0:1, 3:2:1:0:1, 2:0:0:0:0, 3:1:0:0:0, 3:2:1:0:2, 3:1:0:0:1, 3:0:0:0:1, 3:2:0:0:1, 1:0:0:0:1, 2:3:0:0:0, 3:1:0:0:2, 4:0:0:0:1, 3:1:0:0:0, 3:2:1:0:1, 3:0:0:0:0, 2:2:0:0:0, 2:0:0:0:2, 2:3:0:0:0, 4:1:0:0:0, 2:0:0:0:0, 3:2:0:0:0, 3:0:0:0:0, 2:2:0:0:0, 0:0:0:0:0, 3:4:0:0:3, 2:0:0:0:0, 2:3:0:0:0, 2:0:0:0:0, 1:0:0:0:0, 3:2:1:0:1, 2:0:0:0:0, 3:1:1:0:3, 1:0:0:0:1, 2:3:0:0:0, 2:0:0:0:0, 2:0:0:0:0, 2:3:0:0:0, 3:2:0:0:1, 3:0:0:0:0, 3:1:0:0:1, 1:0:0:0:1, 3:2:1:0:1, 2:0:0:0:0, 1:0:0:0:0, 1:0:0:0:0, 3:2:1:0:1, 2:0:0:0:0, 2:2:0:0:0, 2:0:0:0:1, 2:2:1:0:1, 2:0:0:0:0, 2:0:0:0:0, 2:2:1:0:1, 2:0:0:0:0, 2:3:0:0:0, 2:0:0:0:0, 4:4:0:0:3, 3:0:0:0:2, 3:2:0:0:1, 2:1:0:0:1, 1:0:0:0:0, 1:3:0:0:0, 2:0:0:0:0, 2:3:0:0:0, 0:0:0:0:0, 3:3:0:0:0, 2:1:0:0:0, 2:0:0:0:0, 2:3:0:0:0, 0:0:0:0:0, 1:0:0:0:0, 1:4:0:0:0, 1:1:0:0:1, 1:0:0:0:0, 2:3:1:0:1, 1:0:0:0:1, 1:0:0:0:1, 1:0:0:0:1, 673:340:47:0:162
Bb lydian (2b), 2:0:0:0:1, 1:0:0:0:0, 1:0:0:0:0, 3:0:0:0:3, 1:0:0:0:0, 1:0:0:0:0, 1:0:0:0:0, 0:0:0:0:0, 1:0:0:0:0, 1:0:0:0:0, 1:0:0:0:0, 3:0:0:0:3, 2:0:0:0:2, 2:0:0:0:0, 1:0:0:0:0, 2:1:0:0:1, 1:0:0:0:0, 0:0:0:0:0, 1:0:0:0:0, 2:0:0:0:0, 2:0:0:0:0, 0:0:0:0:0, 2:0:0:0:1, 1:0:1:0:0, 2:0:0:0:1, 3:0:0:0:1, 2:1:0:0:1, 4:0:0:0:2, 1:0:0:0:0, 2:0:0:0:1, 1:0:1:0:0, 0:0:0:0:0, 1:0:0:0:1, 1:0:0:0:0, 0:0:0:0:0, 2:0:0:0:0, 1:1:0:0:1, 4:0:0:0:3, 0:0:0:0:0, 0:0:0:0:0, 2:0:0:0:1, 2:0:0:0:1, 1:0:0:0:0, 2:0:0:0:3, 2:0:0:0:1, 1:0:0:0:0, 2:0:0:0:0, 0:0:0:0:0, 2:1:0:0:2, 1:0:0:0:0, 1:0:0:0:0, 1:0:0:0:3, 2:0:0:0:1, 2:0:0:0:0, 0:0:0:0:0, 1:0:0:0:0, 1:0:0:0:0, 0:0:0:0:0, 2:0:0:0:0, 3:0:0:0:0, 1:0:0:0:0, 1:0:0:0:1, 2:0:0:0:1, 1:0:0:0:0, 1:0:0:0:0, 3:0:0:0:1, 0:0:0:0:0, 1:0:0:0:3, 2:0:0:0:1, 2:0:0:0:0, 0:0:0:0:0, 1:0:0:0:0, 3:0:0:0:1, 1:0:0:0:0, 2:0:0:0:0, 2:0:0:0:3, 2:0:0:0:1, 1:0:0:0:0, 1:0:0:0:0, 1:0:0:0:1, 2:0:0:0:0, 1:0:1:0:0, 2:1:0:0:1, 2:0:0:0:2, 2:0:0:0:0, 2:0:0:0:1, 1:0:0:0:0, 1:1:0:0:1, 0:0:0:0:0, 1:0:0:0:1, 1:0:0:0:0, 2:0:0:0:0, 0:0:0:0:0, 1:0:0:0:1, 1:0:0:0:0, 1:0:0:0:2, 1:0:0:0:0, 1:0:0:0:1, 2:0:0:0:0, 2:0:0:0:2, 1:0:1:0:0, 2:0:0:0:1, 1:0:0:0:0, 1:0:0:0:0, 1:0:0:0:0, 0:0:0:0:0, 1:0:0:0:0, 2:0:0:0:3, 0:0:0:0:0, 2:0:0:0:1, 1:0:0:0:0, 0:0:0:0:0, 2:0:0:0:1, 1:0:0:0:0, 1:0:0:0:0, 2:0:0:0:2, 1:0:0:0:0, 1:0:0:0:0, 1:0:0:0:0, 2:0:0:0:0, 1:1:0:0:1, 0:0:0:0:0, 2:0:0:0:0, 2:0:0:0:1, 0:0:0:0:0, 0:0:0:0:0, 1:0:0:0:0, 2:0:0:0:0, 2:0:0:0:1, 1:0:0:0:0, 1:0:0:0:0, 2:0:0:0:3, 2:0:0:0:1, 2:0:0:0:1, 0:0:0:0:0, 1:1:0:0:1, 3:0:0:0:0, 0:0:0:0:0, 1:0:0:0:0, 2:0:0:0:3, 1:0:0:0:0, 1:0:0:0:0, 2:0:0:0:0, 1:0:0:0:0, 2:0:0:0:1, 2:0:0:0:0, 1:1:0:0:1, 3:0:0:0:3, 1:0:0:0:0, 1:0:0:0:0, 1:0:0:0:0, 1:0:0:0:0, 1:0:0:0:0, 0:0:0:0:0, 2:0:0:0:0, 1:0:0:0:0, 1:1:0:0:1, 0:0:0:0:0, 1:0:0:0:0, 0:0:0:0:0, 2:0:0:0:1, 0:0:0:0:0, 1:0:0:0:0, 3:0:0:0:3, 0:0:0:0:0, 2:0:0:0:1, 1:0:0:0:0, 1:0:0:0:0, 1:0:0:0:0, 2:0:0:0:1, 2:0:0:0:0, 2:0:0:0:3, 2:0:0:0:1, 1:0:0:0:0, 2:0:0:0:0, 0:0:0:0:0, 2:0:0:0:1, 2:0:0:0:1, 1:0:0:0:0, 2:1:0:0:4, 1:0:0:0:0, 1:0:0:0:0, 1:0:0:0:0, 1:0:0:0:0, 1:1:0:0:1, 1:0:0:0:0, 3:0:0:0:1, 1:0:0:0:0, 0:0:0:0:0, 0:0:0:0:0, 1:0:0:0:0, 0:0:0:0:0, 0:0:0:0:0, 0:0:0:0:0, 1:0:0:0:0, 2:0:0:0:3, 1:0:0:0:1, 1:1:0:0:1, 1:0:0:0:0, 1:0:0:0:0, 1:0:0:0:0, 0:0:0:0:0, 1:0:0:0:0, 3:0:0:0:2, 0:0:0:0:0, 2:0:0:0:1, 1:0:0:0:0, 0:0:0:0:0, 2:0:0:0:1, 1:0:0:0:0, 1:0:0:0:0, 3:0:0:0:1, 1:0:0:0:0, 1:0:0:0:0, 1:0:0:0:0, 2:0:0:0:0, 1:1:0:0:1, 0:0:0:0:0, 2:0:0:0:0, 2:0:0:0:1, 0:0:0:0:0, 0:0:0:0:0, 1:0:0:0:0, 0:0:0:0:0, 2:0:0:0:1, 1:0:0:0:0, 1:0:0:0:0, 2:0:0:0:3, 2:0:0:0:1, 2:0:0:0:1, 0:0:0:0:0, 1:1:0:0:1, 3:0:0:0:0, 0:0:0:0:0, 1:0:0:0:0, 3:0:0:0:3, 1:0:0:0:0, 1:0:0:0:0, 2:0:0:0:0, 1:0:0:0:0, 2:0:0:0:1, 2:0:0:0:0, 1:1:0:0:1, 3:0:0:0:3, 1:0:0:0:0, 1:0:0:0:0, 1:0:0:0:0, 1:0:0:0:0, 1:0:0:0:0, 0:0:0:0:0, 2:0:0:0:0, 1:0:0:0:0, 1:1:0:0:1, 0:0:0:0:0, 1:0:0:0:0, 0:0:0:0:0, 2:0:0:0:1, 0:0:0:0:0, 1:0:0:0:0, 2:0:0:0:3, 1:0:0:0:0, 2:0:0:0:1, 1:0:0:0:0, 1:0:0:0:0, 1:0:0:0:0, 2:0:0:0:1, 1:0:0:0:0, 2:0:0:0:3, 2:0:0:0:1, 1:0:0:0:0, 2:0:0:0:0, 0:0:0:0:0, 2:0:0:0:1, 2:0:0:0:1, 2:0:0:0:0, 2:1:0:0:5, 1:0:0:0:0, 1:0:0:0:0, 1:0:0:0:0, 2:0:0:0:0, 1:1:0:0:1, 1:0:0:0:0, 3:0:0:0:1, 2:0:0:0:0, 0:0:0:0:0, 0:0:0:0:0, 2:0:0:0:0, 0:0:0:0:0, 0:0:0:0:0, 0:0:0:0:0, 1:0:0:0:0, 3:0:0:0:3, 1:0:0:0:1, 0:0:0:0:0, 1:0:0:0:0, 0:0:0:0:0, 0:0:0:0:0, 0:0:0:0:0, 0:0:0:0:0, 1:0:0:0:0, 0:0:0:0:0, 4:0:1:0:3, 0:0:0:0:0, 0:0:0:0:0, 0:0:0:0:0, 377:19:5:0:157
D lydian (2#), 3:2:0:0:0, 2:0:0:0:0, 3:1:1:0:3, 0:0:0:0:0, 2:3:0:0:0, 1:0:0:0:0, 2:0:0:0:1, 1:0:0:0:0, 2:3:0:0:0, 2:0:0:0:0, 3:2:1:0:1, 0:0:0:0:0, 4:1:0:0:0, 2:0:0:0:0, 2:0:0:0:0, 2:2:1:0:1, 3:0:0:0:0, 2:3:0:0:0, 0:0:0:0:0, 4:4:0:0:4, 3:0:0:0:0, 1:3:0:0:0, 2:0:0:0:0, 3:0:0:0:1, 3:2:1:0:1, 3:0:0:0:0, 2:2:1:0:1, 2:0:0:0:2, 2:3:0:0:0, 1:0:0:0:0, 4:1:0:0:1, 3:4:0:0:0, 0:0:0:0:0, 2:0:0:0:0, 2:3:0:0:1, 4:1:0:0:1, 1:0:0:0:0, 2:0:0:0:1, 1:2:0:0:0, 1:2:0:0:0, 3:2:1:0:1, 2:0:0:0:0, 3:1:1:0:3, 1:0:1:0:1, 3:2:1:0:1, 3:0:0:0:1, 4:0:0:0:1, 3:1:0:0:0, 3:2:1:0:1, 4:1:0:0:0, 2:3:0:0:1, 1:0:0:0:1, 3:2:1:0:1, 2:0:0:0:0, 3:1:0:0:0, 2:2:1:0:1, 2:0:0:0:0, 2:2:0:0:0, 0:0:0:0:0, 4:4:0:0:3, 3:0:0:0:0, 3:2:0:0:0, 1:0:0:0:0, 4:0:0:0:1, 2:2:0:0:0, 4:1:0:0:1, 3:1:0:0:1, 1:0:0:0:1, 3:2:1:0:1, 2:0:0:0:0, 3:1:0:0:0, 3:2:1:0:2, 3:1:0:0:0, 3:1:0:0:0, 3:2:0:0:0, 1:0:0:0:1, 3:2:1:0:1, 2:0:0:0:0, 2:0:0:0:0, 3:0:0:0:1, 3:2:0:0:0, 3:1:0:0:0, 2:2:1:0:1, 1:1:0:0:0, 2:2:0:0:0, 2:0:0:0:0, 2:0:0:0:0, 2:3:0:0:0, 3:0:0:0:1, 3:1:0:0:0, 0:0:0:0:0, 3:4:0:0:2, 3:0:0:0:1, 3:2:0:0:0, 1:0:0:0:0, 2:0:0:0:0, 2:3:0:0:0, 2:0:0:0:0, 3:1:0:0:1, 1:0:0:0:1, 3:4:1:0:1, 2:0:0:0:0, 5:1:0:0:3, 2:1:0:0:0, 3:2:0:0:0, 3:1:0:0:0, 2:3:0:0:0, 0:0:0:0:0, 2:3:0:0:0, 1:0:0:0:0, 3:0:0:0:1, 1:0:0:0:0, 3:2:1:0:1, 3:0:0:0:1, 3:1:1:0:3, 1:0:1:0:1, 3:2:1:0:1, 2:0:0:0:0, 2:0:0:0:0, 2:2:1:0:1, 2:0:0:0:0, 2:3:0:0:0, 0:0:0:0:0, 2:5:0:0:2, 3:0:0:0:1, 2:3:0:0:0, 3:0:0:0:1, 3:1:0:0:0, 3:2:0:0:0, 2:0:0:0:0, 2:3:0:0:0, 1:0:0:0:1, 3:2:1:0:1, 1:0:0:0:0, 3:2:0:0:0, 3:3:1:0:2, 3:1:0:0:1, 3:0:0:0:1, 3:2:0:0:1, 1:0:0:0:1, 2:3:0:0:0, 3:1:0:0:2, 4:0:0:0:1, 3:1:0:0:0, 3:2:1:0:1, 3:0:0:0:0, 2:2:0:0:0, 2:0:0:0:2, 2:3:0:0:0, 4:1:0:0:0, 2:0:0:0:0, 3:2:0:0:0, 3:0:0:0:0, 2:2:0:0:0, 0:0:0:0:0, 3:4:0:0:3, 2:0:0:0:0, 2:3:0:0:0, 2:0:0:0:0, 1:0:0:0:0, 3:2:1:0:1, 2:0:0:0:0, 3:1:1:0:3, 0:0:0:0:0, 3:3:0:0:0, 2:0:0:0:0, 2:0:0:0:0, 2:3:0:0:0, 3:2:0:0:1, 3:0:0:0:0, 3:1:0:0:1, 1:0:0:0:1, 3:2:1:0:1, 2:0:0:0:0, 1:0:0:0:0, 1:0:0:0:0, 3:2:1:0:1, 2:0:0:0:0, 2:2:0:0:0, 2:0:0:0:1, 2:2:1:0:1, 2:0:0:0:0, 2:0:0:0:0, 3:2:1:0:2, 2:0:0:0:0, 2:3:0:0:0, 2:0:0:0:0, 4:4:0:0:3, 3:0:0:0:2, 3:2:0:0:1, 1:0:0:0:0, 1:0:0:0:0, 1:3:0:0:0, 2:0:0:0:0, 2:3:0:0:0, 0:0:0:0:0, 3:2:0:0:0, 3:1:0:0:0, 2:0:0:0:0, 2:3:1:0:1, 3:2:0:0:0, 3:1:0:0:0, 2:3:0:0:0, 1:0:0:0:1, 2:3:0:0:0, 1:0:0:0:0, 2:0:0:0:0, 1:0:0:0:0, 3:2:1:0:1, 3:0:0:0:1, 3:1:1:0:3, 2:0:1:0:2, 3:2:1:0:1, 2:0:0:0:0, 2:0:0:0:0, 2:2:1:0:1, 2:0:0:0:0, 2:3:0:0:0, 0:0:0:0:0, 2:5:0:0:2, 3:0:0:0:1, 2:3:0:0:0, 3:0:0:0:1, 3:1:0:0:0, 3:2:0:0:0, 2:0:0:0:0, 2:3:0:0:0, 1:0:0:0:1, 3:2:1:0:1, 2:0:0:0:0, 3:1:0:0:0, 3:2:1:0:2, 3:1:0:0:1, 3:0:0:0:1, 3:2:0:0:1, 1:0:0:0:1, 2:3:0:0:0, 3:1:0:0:2, 4:0:0:0:1, 3:1:0:0:0, 3:2:1:0:1, 3:0:0:0:0, 2:2:0:0:0, 2:0:0:0:2, 2:3:0:0:0, 4:1:0:0:0, 2:0:0:0:0, 3:2:0:0:0, 3:0:0:0:0, 2:2:0:0:0, 0:0:0:0:0, 3:4:0:0:3, 2:0:0:0:0, 2:3:0:0:0, 2:0:0:0:0, 1:0:0:0:0, 3:2:1:0:1, 2:0:0:0:0, 3:1:1:0:3, 1:0:0:0:1, 2:3:0:0:0, 2:0:0:0:0, 2:0:0:0:0, 2:3:0:0:0, 3:2:0:0:1, 3:0:0:0:0, 3:1:0:0:1, 1:0:0:0:1, 3:2:1:0:1, 2:0:0:0:0, 1:0:0:0:0, 1:0:0:0:0, 3:2:1:0:1, 2:0:0:0:0, 2:2:0:0:0, 2:0:0:0:1, 2:2:1:0:1, 2:0:0:0:0, 2:0:0:0:0, 2:2:1:0:1, 2:0:0:0:0, 2:3:0:0:0, 2:0:0:0:0, 4:4:0:0:3, 3:0:0:0:2, 3:2:0:0:1, 2:1:0:0:1, 1:0:0:0:0, 1:3:0:0:0, 2:0:0:0:0, 2:3:0:0:0, 0:0:0:0:0, 3:3:0:0:0, 2:1:0:0:0, 2:0:0:0:0, 2:3:0:0:0, 0:0:0:0:0, 1:0:0:0:0, 1:4:0:0:0, 1:1:0:0:1, 1:0:0:0:0, 2:3:1:0:1, 1:0:0:0:1, 1:0:0:0:1, 1:0:0:0:1, 673:340:47:0:162
Bb mixolydian (2b), 2:0:0:0:1, 1:0:0:0:0, 1:0:0:0:0, 3:0:0:0:3, 1:0:0:0:0, 1:0:0:0:0, 1:0:0:0:0, 0:0:0:0:0, 1:0:0:0:0, 1:0:0:0:0, 1:0:0:0:0, 3:0:0:0:3, 2:0:0:0:2, 2:0:0:0:0, 1:0:0:0:0, 2:1:0:0:1, 1:0:0:0:0, 0:0:0:0:0, 1:0:0:0:0, 2:0:0:0:0, 2:0:0:0:0, 0:0:0:0:0, 2:0:0:0:1, 1:0:1:0:0, 2:0:0:0:1, 3:0:0:0:1, 2:1:0:0:1, 4:0:0:0:2, 1:0:0:0:0, 2:0:0:0:1, 1:0:1:0:0, 0:0:0:0:0, 1:0:0:0:1, 1:0:0:0:0, 0:0:0:0:0, 2:0:0:0:0, 1:1:0:0:1, 4:0:0:0:3, 0:0:0:0:0, 0:0:0:0:0, 2:0:0:0:1, 2:0:0:0:1, 1:0:0:0:0, 2:0:0:0:3, 2:0:0:0:1, 1:0:0:0:0, 2:0:0:0:0, 0:0:0:0:0, 2:1:0:0:2, 1:0:0:0:0, 1:0:0:0:0, 1:0:0:0:3, 2:0:0:0:1, 2:0:0:0:0, 0:0:0:0:0, 1:0:0:0:0, 1:0:0:0:0, 0:0:0:0:0, 2:0:0:0:0, 3:0:0:0:0, 1:0:0:0:0, 1:0:0:0:1, 2:0:0:0:1, 1:0:0:0:0, 1:0:0:0:0, 3:0:0:0:1, 0:0:0:0:0, 1:0:0:0:3, 2:0:0:0:1, 2:0:0:0:0, 0:0:0:0:0, 1:0:0:0:0, 3:0:0:0:1, 1:0:0:0:0, 2:0:0:0:0, 2:0:0:0:3, 2:0:0:0:1, 1:0:0:0:0, 1:0:0:0:0, 1:0:0:0:1, 2:0:0:0:0, 1:0:1:0:0, 2:1:0:0:1, 2:0:0:0:2, 2:0:0:0:0, 2:0:0:0:1, 1:0:0:0:0, 1:1:0:0:1, 0:0:0:0:0, 1:0:0:0:1, 1:0:0:0:0, 2:0:0:0:0, 0:0:0:0:0, 1:0:0:0:1, 1:0:0:0:0, 1:0:0:0:2, 1:0:0:0:0, 1:0:0:0:1, 2:0:0:0:0, 2:0:0:0:2, 1:0:1:0:0, 2:0:0:0:1, 1:0:0:0:0, 1:0:0:0:0, 1:0:0:0:0, 0:0:0:0:0, 1:0:0:0:0, 2:0:0:0:3, 0:0:0:0:0, 2:0:0:0:1, 1:0:0:0:0, 0:0:0:0:0, 2:0:0:0:1, 1:0:0:0:0, 1:0:0:0:0, 2:0:0:0:2, 1:0:0:0:0, 1:0:0:0:0, 1:0:0:0:0, 2:0:0:0:0, 1:1:0:0:1, 0:0:0:0:0, 2:0:0:0:0, 2:0:0:0:1, 0:0:0:0:0, 0:0:0:0:0, 1:0:0:0:0, 2:0:0:0:0, 2:0:0:0:1, 1:0:0:0:0, 1:0:0:0:0, 2:0:0:0:3, 2:0:0:0:1, 2:0:0:0:1, 0:0:0:0:0, 1:1:0:0:1, 3:0:0:0:0, 0:0:0:0:0, 1:0:0:0:0, 2:0:0:0:3, 1:0:0:0:0, 1:0:0:0:0, 2:0:0:0:0, 1:0:0:0:0, 2:0:0:0:1, 2:0:0:0:0, 1:1:0:0:1, 3:0:0:0:3, 1:0:0:0:0, 1:0:0:0:0, 1:0:0:0:0, 1:0:0:0:0, 1:0:0:0:0, 0:0:0:0:0, 2:0:0:0:0, 1:0:0:0:0, 1:1:0:0:1, 0:0:0:0:0, 1:0:0:0:0, 0:0:0:0:0, 2:0:0:0:1, 0:0:0:0:0, 1:0:0:0:0, 3:0:0:0:3, 0:0:0:0:0, 2:0:0:0:1, 1:0:0:0:0, 1:0:0:0:0, 1:0:0:0:0, 2:0:0:0:1, 2:0:0:0:0, 2:0:0:0:3, 2:0:0:0:1, 1:0:0:0:0, 2:0:0:0:0, 0:0:0:0:0, 2:0:0:0:1, 2:0:0:0:1, 1:0:0:0:0, 2:1:0:0:4, 1:0:0:0:0, 1:0:0:0:0, 1:0:0:0:0, 1:0:0:0:0, 1:1:0:0:1, 1:0:0:0:0, 3:0:0:0:1, 1:0:0:0:0, 0:0:0:0:0, 0:0:0:0:0, 1:0:0:0:0, 0:0:0:0:0, 0:0:0:0:0, 0:0:0:0:0, 1:0:0:0:0, 2:0:0:0:3, 1:0:0:0:1, 1:1:0:0:1, 1:0:0:0:0, 1:0:0:0:0, 1:0:0:0:0, 0:0:0:0:0, 1:0:0:0:0, 3:0:0:0:2, 0:0:0:0:0, 2:0:0:0:1, 1:0:0:0:0, 0:0:0:0:0, 2:0:0:0:1, 1:0:0:0:0, 1:0:0:0:0, 3:0:0:0:1, 1:0:0:0:0, 1:0:0:0:0, 1:0:0:0:0, 2:0:0:0:0, 1:1:0:0:1, 0:0:0:0:0, 2:0:0:0:0, 2:0:0:0:1, 0:0:0:0:0, 0:0:0:0:0, 1:0:0:0:0, 0:0:0:0:0, 2:0:0:0:1, 1:0:0:0:0, 1:0:0:0:0, 2:0:0:0:3, 2:0:0:0:1, 2:0:0:0:1, 0:0:0:0:0, 1:1:0:0:1, 3:0:0:0:0, 0:0:0:0:0, 1:0:0:0:0, 3:0:0:0:3, 1:0:0:0:0, 1:0:0:0:0, 2:0:0:0:0, 1:0:0:0:0, 2:0:0:0:1, 2:0:0:0:0, 1:1:0:0:1, 3:0:0:0:3, 1:0:0:0:0, 1:0:0:0:0, 1:0:0:0:0, 1:0:0:0:0, 1:0:0:0:0, 0:0:0:0:0, 2:0:0:0:0, 1:0:0:0:0, 1:1:0:0:1, 0:0:0:0:0, 1:0:0:0:0, 0:0:0:0:0, 2:0:0:0:1, 0:0:0:0:0, 1:0:0:0:0, 2:0:0:0:3, 1:0:0:0:0, 2:0:0:0:1, 1:0:0:0:0, 1:0:0:0:0, 1:0:0:0:0, 2:0:0:0:1, 1:0:0:0:0, 2:0:0:0:3, 2:0:0:0:1, 1:0:0:0:0, 2:0:0:0:0, 0:0:0:0:0, 2:0:0:0:1, 2:0:0:0:1, 2:0:0:0:0, 2:1:0:0:5, 1:0:0:0:0, 1:0:0:0:0, 1:0:0:0:0, 2:0:0:0:0, 1:1:0:0:1, 1:0:0:0:0, 3:0:0:0:1, 2:0:0:0:0, 0:0:0:0:0, 0:0:0:0:0, 2:0:0:0:0, 0:0:0:0:0, 0:0:0:0:0, 0:0:0:0:0, 1:0:0:0:0, 3:0:0:0:3, 1:0:0:0:1, 0:0:0:0:0, 1:0:0:0:0, 0:0:0:0:0, 0:0:0:0:0, 0:0:0:0:0, 0:0:0:0:0, 1:0:0:0:0, 0:0:0:0:0, 4:0:1:0:3, 0:0:0:0:0, 0:0:0:0:0, 0:0:0:0:0, 377:19:5:0:157
D mixolydian (2#), 3:2:0:0:0, 2:0:0:0:0, 3:1:1:0:3, 0:0:0:0:0, 2:3:0:0:0, 1:0:0:0:0, 2:0:0:0:1, 1:0:0:0:0, 2:3:0:0:0, 2:0:0:0:0, 3:2:1:0:1, 0:0:0:0:0, 4:1:0:0:0, 2:0:0:0:0, 2:0:0:0:0, 2:2:1:0:1, 3:0:0:0:0, 2:3:0:0:0, 0:0:0:0:0, 4:4:0:0:4, 3:0:0:0:0, 1:3:0:0:0, 2:0:0:0:0, 3:0:0:0:1, 3:2:1:0:1, 3:0:0:0:0, 2:2:1:0:1, 2:0:0:0:2, 2:3:0:0:0, 1:0:0:0:0, 4:1:0:0:1, 3:4:0:0:0, 0:0:0:0:0, 2:0:0:0:0, 2:3:0:0:1, 4:1:0:0:1, 1:0:0:0:0, 2:0:0:0:1, 1:2:0:0:0, 1:2:0:0:0, 3:2:1:0:1, 2:0:0:0:0, 3:1:1:0:3, 1:0:1:0:1, 3:2:1:0:1, 3:0:0:0:1, 4:0:0:0:1, 3:1:0:0:0, 3:2:1:0:1, 4:1:0:0:0, 2:3:0:0:1, 1:0:0:0:1, 3:2:1:0:1, 2:0:0:0:0, 3:1:0:0:0, 2:2:1:0:1, 2:0:0:0:0, 2:2:0:0:0, 0:0:0:0:0, 4:4:0:0:3, 3:0:0:0:0, 3:2:0:0:0, 1:0:0:0:0, 4:0:0:0:1, 2:2:0:0:0, 4:1:0:0:1, 3:1:0:0:1, 1:0:0:0:1, 3:2:1:0:1, 2:0:0:0:0, 3:1:0:0:0, 3:2:1:0:2, 3:1:0:0:0, 3:1:0:0:0, 3:2:0:0:0, 1:0:0:0:1, 3:2:1:0:1, 2:0:0:0:0, 2:0:0:0:0, 3:0:0:0:1, 3:2:0:0:0, 3:1:0:0:0, 2:2:1:0:1, 1:1:0:0:0, 2:2:0:0:0, 2:0:0:0:0, 2:0:0:0:0, 2:3:0:0:0, 3:0:0:0:1, 3:1:0:0:0, 0:0:0:0:0, 3:4:0:0:2, 3:0:0:0:1, 3:2:0:0:0, 1:0:0:0:0, 2:0:0:0:0, 2:3:0:0:0, 2:0:0:0:0, 3:1:0:0:1, 1:0:0:0:1, 3:4:1:0:1, 2:0:0:0:0, 5:1:0:0:3, 2:1:0:0:0, 3:2:0:0:0, 3:1:0:0:0, 2:3:0:0:0, 0:0:0:0:0, 2:3:0:0:0, 1:0:0:0:0, 3:0:0:0:1, 1:0:0:0:0, 3:2:1:0:1, 3:0:0:0:1, 3:1:1:0:3, 1:0:1:0:1, 3:2:1:0:1, 2:0:0:0:0, 2:0:0:0:0, 2:2:1:0:1, 2:0:0:0:0, 2:3:0:0:0, 0:0:0:0:0, 2:5:0:0:2, 3:0:0:0:1, 2:3:0:0:0, 3:0:0:0:1, 3:1:0:0:0, 3:2:0:0:0, 2:0:0:0:0, 2:3:0:0:0, 1:0:0:0:1, 3:2:1:0:1, 1:0:0:0:0, 3:2:0:0:0, 3:3:1:0:2, 3:1:0:0:1, 3:0:0:0:1, 3:2:0:0:1, 1:0:0:0:1, 2:3:0:0:0, 3:1:0:0:2, 4:0:0:0:1, 3:1:0:0:0, 3:2:1:0:1, 3:0:0:0:0, 2:2:0:0:0, 2:0:0:0:2, 2:3:0:0:0, 4:1:0:0:0, 2:0:0:0:0, 3:2:0:0:0, 3:0:0:0:0, 2:2:0:0:0, 0:0:0:0:0, 3:4:0:0:3, 2:0:0:0:0, 2:3:0:0:0, 2:0:0:0:0, 1:0:0:0:0, 3:2:1:0:1, 2:0:0:0:0, 3:1:1:0:3, 0:0:0:0:0, 3:3:0:0:0, 2:0:0:0:0, 2:0:0:0:0, 2:3:0:0:0, 3:2:0:0:1, 3:0:0:0:0, 3:1:0:0:1, 1:0:0:0:1, 3:2:1:0:1, 2:0:0:0:0, 1:0:0:0:0, 1:0:0:0:0, 3:2:1:0:1, 2:0:0:0:0, 2:2:0:0:0, 2:0:0:0:1, 2:2:1:0:1, 2:0:0:0:0, 2:0:0:0:0, 3:2:1:0:2, 2:0:0:0:0, 2:3:0:0:0, 2:0:0:0:0, 4:4:0:0:3, 3:0:0:0:2, 3:2:0:0:1, 1:0:0:0:0, 1:0:0:0:0, 1:3:0:0:0, 2:0:0:0:0, 2:3:0:0:0, 0:0:0:0:0, 3:2:0:0:0, 3:1:0:0:0, 2:0:0:0:0, 2:3:1:0:1, 3:2:0:0:0, 3:1:0:0:0, 2:3:0:0:0, 1:0:0:0:1, 2:3:0:0:0, 1:0:0:0:0, 2:0:0:0:0, 1:0:0:0:0, 3:2:1:0:1, 3:0:0:0:1, 3:1:1:0:3, 2:0:1:0:2, 3:2:1:0:1, 2:0:0:0:0, 2:0:0:0:0, 2:2:1:0:1, 2:0:0:0:0, 2:3:0:0:0, 0:0:0:0:0, 2:5:0:0:2, 3:0:0:0:1, 2:3:0:0:0, 3:0:0:0:1, 3:1:0:0:0, 3:2:0:0:0, 2:0:0:0:0, 2:3:0:0:0, 1:0:0:0:1, 3:2:1:0:1, 2:0:0:0:0, 3:1:0:0:0, 3:2:1:0:2, 3:1:0:0:1, 3:0:0:0:1, 3:2:0:0:1, 1:0:0:0:1, 2:3:0:0:0, 3:1:0:0:2, 4:0:0:0:1, 3:1:0:0:0, 3:2:1:0:1, 3:0:0:0:0, 2:2:0:0:0, 2:0:0:0:2, 2:3:0:0:0, 4:1:0:0:0, 2:0:0:0:0, 3:2:0:0:0, 3:0:0:0:0, 2:2:0:0:0, 0:0:0:0:0, 3:4:0:0:3, 2:0:0:0:0, 2:3:0:0:0, 2:0:0:0:0, 1:0:0:0:0, 3:2:1:0:1, 2:0:0:0:0, 3:1:1:0:3, 1:0:0:0:1, 2:3:0:0:0, 2:0:0:0:0, 2:0:0:0:0, 2:3:0:0:0, 3:2:0:0:1, 3:0:0:0:0, 3:1:0:0:1, 1:0:0:0:1, 3:2:1:0:1, 2:0:0:0:0, 1:0:0:0:0, 1:0:0:0:0, 3:2:1:0:1, 2:0:0:0:0, 2:2:0:0:0, 2:0:0:0:1, 2:2:1:0:1, 2:0:0:0:0, 2:0:0:0:0, 2:2:1:0:1, 2:0:0:0:0, 2:3:0:0:0, 2:0:0:0:0, 4:4:0:0:3, 3:0:0:0:2, 3:2:0:0:1, 2:1:0:0:1, 1:0:0:0:0, 1:3:0:0:0, 2:0:0:0:0, 2:3:0:0:0, 0:0:0:0:0, 3:3:0:0:0, 2:1:0:0:0, 2:0:0:0:0, 2:3:0:0:0, 0:0:0:0:0, 1:0:0:0:0, 1:4:0:0:0, 1:1:0:0:1, 1:0:0:0:0, 2:3:1:0:1, 1:0:0:0:1, 1:0:0:0:1, 1:0:0:0:1, 673:340:47:0:162
Bb aeolian (2b), 2:0:0:0:1, 1:0:0:0:0, 1:0:0:0:0, 3:0:0:0:3, 1:0:0:0:0, 1:0:0:0:0, 1:0:0:0:0, 0:0:0:0:0, 1:0:0:0:0, 1:0:0:0:0, 1:0:0:0:0, 3:0:0:0:3, 2:0:0:0:2, 2:0:0:0:0, 1:0:0:0:0, 2:1:0:0:1, 1:0:0:0:0, 0:0:0:0:0, 1:0:0:0:0, 2:0:0:0:0, 2:0:0:0:0, 0:0:0:0:0, 2:0:0:0:1, 1:0:1:0:0, 2:0:0:0:1, 3:0:0:0:1, 2:1:0:0:1, 4:0:0:0:2, 1:0:0:0:0, 2:0:0:0:1, 1:0:1:0:0, 0:0:0:0:0, 1:0:0:0:1, 1:0:0:0:0, 0:0:0:0:0, 2:0:0:0:0, 1:1:0:0:1, 4:0:0:0:3, 0:0:0:0:0, 0:0:0:0:0, 2:0:0:0:1, 2:0:0:0:1, 1:0:0:0:0, 2:0:0:0:3, 2:0:0:0:1, 1:0:0:0:0, 2:0:0:0:0, 0:0:0:0:0, 2:1:0:0:2, 1:0:0:0:0, 1:0:0:0:0, 1:0:0:0:3, 2:0:0:0:1, 2:0:0:0:0, 0:0:0:0:0, 1:0:0:0:0, 1:0:0:0:0, 0:0:0:0:0, 2:0:0:0:0, 3:0:0:0:0, 1:0:0:0:0, 1:0:0:0:1, 2:0:0:0:1, 1:0:0:0:0, 1:0:0:0:0, 3:0:0:0:1, 0:0:0:0:0, 1:0:0:0:3, 2:0:0:0:1, 2:0:0:0:0, 0:0:0:0:0, 1:0:0:0:0, 3:0:0:0:1, 1:0:0:0:0, 2:0:0:0:0, 2:0:0:0:3, 2:0:0:0:1, 1:0:0:0:0, 1:0:0:0:0, 1:0:0:0:1, 2:0:0:0:0, 1:0:1:0:0, 2:1:0:0:1, 2:0:0:0:2, 2:0:0:0:0, 2:0:0:0:1, 1:0:0:0:0, 1:1:0:0:1, 0:0:0:0:0, 1:0:0:0:1, 1:0:0:0:0, 2:0:0:0:0, 0:0:0:0:0, 1:0:0:0:1, 1:0:0:0:0, 1:0:0:0:2, 1:0:0:0:0, 1:0:0:0:1, 2:0:0:0:0, 2:0:0:0:2, 1:0:1:0:0, 2:0:0:0:1, 1:0:0:0:0, 1:0:0:0:0, 1:0:0:0:0, 0:0:0:0:0, 1:0:0:0:0, 2:0:0:0:3, 0:0:0:0:0, 2:0:0:0:1, 1:0:0:0:0, 0:0:0:0:0, 2:0:0:0:1, 1:0:0:0:0, 1:0:0:0:0, 2:0:0:0:2, 1:0:0:0:0, 1:0:0:0:0, 1:0:0:0:0, 2:0:0:0:0, 1:1:0:0:1, 0:0:0:0:0, 2:0:0:0:0, 2:0:0:0:1, 0:0:0:0:0, 0:0:0:0:0, 1:0:0:0:0, 2:0:0:0:0, 2:0:0:0:1, 1:0:0:0:0, 1:0:0:0:0, 2:0:0:0:3, 2:0:0:0:1, 2:0:0:0:1, 0:0:0:0:0, 1:1:0:0:1, 3:0:0:0:0, 0:0:0:0:0, 1:0:0:0:0, 2:0:0:0:3, 1:0:0:0:0, 1:0:0:0:0, 2:0:0:0:0, 1:0:0:0:0, 2:0:0:0:1, 2:0:0:0:0, 1:1:0:0:1, 3:0:0:0:3, 1:0:0:0:0, 1:0:0:0:0, 1:0:0:0:0, 1:0:0:0:0, 1:0:0:0:0, 0:0:0:0:0, 2:0:0:0:0, 1:0:0:0:0, 1:1:0:0:1, 0:0:0:0:0, 1:0:0:0:0, 0:0:0:0:0, 2:0:0:0:1, 0:0:0:0:0, 1:0:0:0:0, 3:0:0:0:3, 0:0:0:0:0, 2:0:0:0:1, 1:0:0:0:0, 1:0:0:0:0, 1:0:0:0:0, 2:0:0:0:1, 2:0:0:0:0, 2:0:0:0:3, 2:0:0:0:1, 1:0:0:0:0, 2:0:0:0:0, 0:0:0:0:0, 2:0:0:0:1, 2:0:0:0:1, 1:0:0:0:0, 2:1:0:0:4, 1:0:0:0:0, 1:0:0:0:0, 1:0:0:0:0, 1:0:0:0:0, 1:1:0:0:1, 1:0:0:0:0, 3:0:0:0:1, 1:0:0:0:0, 0:0:0:0:0, 0:0:0:0:0, 1:0:0:0:0, 0:0:0:0:0, 0:0:0:0:0, 0:0:0:0:0, 1:0:0:0:0, 2:0:0:0:3, 1:0:0:0:1, 1:1:0:0:1, 1:0:0:0:0, 1:0:0:0:0, 1:0:0:0:0, 0:0:0:0:0, 1:0:0:0:0, 3:0:0:0:2, 0:0:0:0:0, 2:0:0:0:1, 1:0:0:0:0, 0:0:0:0:0, 2:0:0:0:1, 1:0:0:0:0, 1:0:0:0:0, 3:0:0:0:1, 1:0:0:0:0, 1:0:0:0:0, 1:0:0:0:0, 2:0:0:0:0, 1:1:0:0:1, 0:0:0:0:0, 2:0:0:0:0, 2:0:0:0:1, 0:0:0:0:0, 0:0:0:0:0, 1:0:0:0:0, 0:0:0:0:0, 2:0:0:0:1, 1:0:0:0:0, 1:0:0:0:0, 2:0:0:0:3, 2:0:0:0:1, 2:0:0:0:1, 0:0:0:0:0, 1:1:0:0:1, 3:0:0:0:0, 0:0:0:0:0, 1:0:0:0:0, 3:0:0:0:3, 1:0:0:0:0, 1:0:0:0:0, 2:0:0:0:0, 1:0:0:0:0, 2:0:0:0:1, 2:0:0:0:0, 1:1:0:0:1, 3:0:0:0:3, 1:0:0:0:0, 1:0:0:0:0, 1:0:0:0:0, 1:0:0:0:0, 1:0:0:0:0, 0:0:0:0:0, 2:0:0:0:0, 1:0:0:0:0, 1:1:0:0:1, 0:0:0:0:0, 1:0:0:0:0, 0:0:0:0:0, 2:0:0:0:1, 0:0:0:0:0, 1:0:0:0:0, 2:0:0:0:3, 1:0:0:0:0, 2:0:0:0:1, 1:0:0:0:0, 1:0:0:0:0, 1:0:0:0:0, 2:0:0:0:1, 1:0:0:0:0, 2:0:0:0:3, 2:0:0:0:1, 1:0:0:0:0, 2:0:0:0:0, 0:0:0:0:0, 2:0:0:0:1, 2:0:0:0:1, 2:0:0:0:0, 2:1:0:0:5, 1:0:0:0:0, 1:0:0:0:0, 1:0:0:0:0, 2:0:0:0:0, 1:1:0:0:1, 1:0:0:0:0, 3:0:0:0:1, 2:0:0:0:0, 0:0:0:0:0, 0:0:0:0:0, 2:0:0:0:0, 0:0:0:0:0, 0:0:0:0:0, 0:0:0:0:0, 1:0:0:0:0, 3:0:0:0:3, 1:0:0:0:1, 0:0:0:0:0, 1:0:0:0:0, 0:0:0:0:0, 0:0:0:0:0, 0:0:0:0:0, 0:0:0:0:0, 1:0:0:0:0, 0:0:0:0:0, 4:0:1:0:3, 0:0:0:0:0, 0:0:0:0:0, 0:0:0:0:0, 377:19:5:0:157
D aeolian (2#), 3:2:0:0:0, 2:0:0:0:0, 3:1:1:0:3, 0:0:0:0:0, 2:3:0:0:0, 1:0:0:0:0, 2:0:0:0:1, 1:0:0:0:0, 2:3:0:0:0, 2:0:0:0:0, 3:2:1:0:1, 0:0:0:0:0, 4:1:0:0:0, 2:0:0:0:0, 2:0:0:0:0, 2:2:1:0:1, 3:0:0:0:0, 2:3:0:0:0, 0:0:0:0:0, 4:4:0:0:4, 3:0:0:0:0, 1:3:0:0:0, 2:0:0:0:0, 3:0:0:0:1, 3:2:1:0:1, 3:0:0:0:0, 2:2:1:0:1, 2:0:0:0:2, 2:3:0:0:0, 1:0:0:0:0, 4:1:0:0:1, 3:4:0:0:0, 0:0:0:0:0, 2:0:0:0:0, 2:3:0:0:1, 4:1:0:0:1, 1:0:0:0:0, 2:0:0:0:1, 1:2:0:0:0, 1:2:0:0:0, 3:2:1:0:1, 2:0:0:0:0, 3:1:1:0:3, 1:0:1:0:1, 3:2:1:0:1, 3:0:0:0:1, 4:0:0:0:1, 3:1:0:0:0, 3:2:1:0:1, 4:1:0:0:0, 2:3:0:0:1, 1:0:0:0:1, 3:2:1:0:1, 2:0:0:0:0, 3:1:0:0:0, 2:2:1:0:1, 2:0:0:0:0, 2:2:0:0:0, 0:0:0:0:0, 4:4:0:0:3, 3:0:0:0:0, 3:2:0:0:0, 1:0:0:0:0, 4:0:0:0:1, 2:2:0:0:0, 4:1:0:0:1, 3:1:0:0:1, 1:0:0:0:1, 3:2:1:0:1, 2:0:0:0:0, 3:1:0:0:0, 3:2:1:0:2, 3:1:0:0:0, 3:1:0:0:0, 3:2:0:0:0, 1:0:0:0:1, 3:2:1:0:1, 2:0:0:0:0, 2:0:0:0:0, 3:0:0:0:1, 3:2:0:0:0, 3:1:0:0:0, 2:2:1:0:1, 1:1:0:0:0, 2:2:0:0:0, 2:0:0:0:0, 2:0:0:0:0, 2:3:0:0:0, 3:0:0:0:1, 3:1:0:0:0, 0:0:0:0:0, 3:4:0:0:2, 3:0:0:0:1, 3:2:0:0:0, 1:0:0:0:0, 2:0:0:0:0, 2:3:0:0:0, 2:0:0:0:0, 3:1:0:0:1, 1:0:0:0:1, 3:4:1:0:1, 2:0:0:0:0, 5:1:0:0:3, 2:1:0:0:0, 3:2:0:0:0, 3:1:0:0:0, 2:3:0:0:0, 0:0:0:0:0, 2:3:0:0:0, 1:0:0:0:0, 3:0:0:0:1, 1:0:0:0:0, 3:2:1:0:1, 3:0:0:0:1, 3:1:1:0:3, 1:0:1:0:1, 3:2:1:0:1, 2:0:0:0:0, 2:0:0:0:0, 2:2:1:0:1, 2:0:0:0:0, 2:3:0:0:0, 0:0:0:0:0, 2:5:0:0:2, 3:0:0:0:1, 2:3:0:0:0, 3:0:0:0:1, 3:1:0:0:0, 3:2:0:0:0, 2:0:0:0:0, 2:3:0:0:0, 1:0:0:0:1, 3:2:1:0:1, 1:0:0:0:0, 3:2:0:0:0, 3:3:1:0:2, 3:1:0:0:1, 3:0:0:0:1, 3:2:0:0:1, 1:0:0:0:1, 2:3:0:0:0, 3:1:0:0:2, 4:0:0:0:1, 3:1:0:0:0, 3:2:1:0:1, 3:0:0:0:0, 2:2:0:0:0, 2:0:0:0:2, 2:3:0:0:0, 4:1:0:0:0, 2:0:0:0:0, 3:2:0:0:0, 3:0:0:0:0, 2:2:0:0:0, 0:0:0:0:0, 3:4:0:0:3, 2:0:0:0:0, 2:3:0:0:0, 2:0:0:0:0, 1:0:0:0:0, 3:2:1:0:1, 2:0:0:0:0, 3:1:1:0:3, 0:0:0:0:0, 3:3:0:0:0, 2:0:0:0:0, 2:0:0:0:0, 2:3:0:0:0, 3:2:0:0:1, 3:0:0:0:0, 3:1:0:0:1, 1:0:0:0:1, 3:2:1:0:1, 2:0:0:0:0, 1:0:0:0:0, 1:0:0:0:0, 3:2:1:0:1, 2:0:0:0:0, 2:2:0:0:0, 2:0:0:0:1, 2:2:1:0:1, 2:0:0:0:0, 2:0:0:0:0, 3:2:1:0:2, 2:0:0:0:0, 2:3:0:0:0, 2:0:0:0:0, 4:4:0:0:3, 3:0:0:0:2, 3:2:0:0:1, 1:0:0:0:0, 1:0:0:0:0, 1:3:0:0:0, 2:0:0:0:0, 2:3:0:0:0, 0:0:0:0:0, 3:2:0:0:0, 3:1:0:0:0, 2:0:0:0:0, 2:3:1:0:1, 3:2:0:0:0, 3:1:0:0:0, 2:3:0:0:0, 1:0:0:0:1, 2:3:0:0:0, 1:0:0:0:0, 2:0:0:0:0, 1:0:0:0:0, 3:2:1:0:1, 3:0:0:0:1, 3:1:1:0:3, 2:0:1:0:2, 3:2:1:0:1, 2:0:0:0:0, 2:0:0:0:0, 2:2:1:0:1, 2:0:0:0:0, 2:3:0:0:0, 0:0:0:0:0, 2:5:0:0:2, 3:0:0:0:1, 2:3:0:0:0, 3:0:0:0:1, 3:1:0:0:0, 3:2:0:0:0, 2:0:0:0:0, 2:3:0:0:0, 1:0:0:0:1, 3:2:1:0:1, 2:0:0:0:0, 3:1:0:0:0, 3:2:1:0:2, 3:1:0:0:1, 3:0:0:0:1, 3:2:0:0:1, 1:0:0:0:1, 2:3:0:0:0, 3:1:0:0:2, 4:0:0:0:1, 3:1:0:0:0, 3:2:1:0:1, 3:0:0:0:0, 2:2:0:0:0, 2:0:0:0:2, 2:3:0:0:0, 4:1:0:0:0, 2:0:0:0:0, 3:2:0:0:0, 3:0:0:0:0, 2:2:0:0:0, 0:0:0:0:0, 3:4:0:0:3, 2:0:0:0:0, 2:3:0:0:0, 2:0:0:0:0, 1:0:0:0:0, 3:2:1:0:1, 2:0:0:0:0, 3:1:1:0:3, 1:0:0:0:1, 2:3:0:0:0, 2:0:0:0:0, 2:0:0:0:0, 2:3:0:0:0, 3:2:0:0:1, 3:0:0:0:0, 3:1:0:0:1, 1:0:0:0:1, 3:2:1:0:1, 2:0:0:0:0, 1:0:0:0:0, 1:0:0:0:0, 3:2:1:0:1, 2:0:0:0:0, 2:2:0:0:0, 2:0:0:0:1, 2:2:1:0:1, 2:0:0:0:0, 2:0:0:0:0, 2:2:1:0:1, 2:0:0:0:0, 2:3:0:0:0, 2:0:0:0:0, 4:4:0:0:3, 3:0:0:0:2, 3:2:0:0:1, 2:1:0:0:1, 1:0:0:0:0, 1:3:0:0:0, 2:0:0:0:0, 2:3:0:0:0, 0:0:0:0:0, 3:3:0:0:0, 2:1:0:0:0, 2:0:0:0:0, 2:3:0:0:0, 0:0:0:0:0, 1:0:0:0:0, 1:4:0:0:0, 1:1:0:0:1, 1:0:0:0:0, 2:3:1:0:1, 1:0:0:0:1, 1:0:0:0:1, 1:0:0:0:1, 673:340:47:0:162
Bb locrian (2b), 2:0:0:0:1, 1:0:0:0:0, 1:0:0:0:0, 3:0:0:0:3, 1:0:0:0:0, 1:0:0:0:0, 1:0:0:0:0, 0:0:0:0:0, 1:0:0:0:0, 1:0:0:0:0, 1:0:0:0:0, 3:0:0:0:3, 2:0:0:0:2, 2:0:0:0:0, 1:0:0:0:0, 2:1:0:0:1, 1:0:0:0:0, 0:0:0:0:0, 1:0:0:0:0, 2:0:0:0:0, 2:0:0:0:0, 0:0:0:0:0, 2:0:0:0:1, 1:0:1:0:0, 2:0:0:0:1, 3:0:0:0:1, 2:1:0:0:1, 4:0:0:0:2, 1:0:0:0:0, 2:0:0:0:1, 1:0:1:0:0, 0:0:0:0:0, 1:0:0:0:1, 1:0:0:0:0, 0:0:0:0:0, 2:0:0:0:0, 1:1:0:0:1, 4:0:0:0:3, 0:0:0:0:0, 0:0:0:0:0, 2:0:0:0:1, 2:0:0:0:1, 1:0:0:0:0, 2:0:0:0:3, 2:0:0:0:1, 1:0:0:0:0, 2:0:0:0:0, 0:0:0:0:0, 2:1:0:0:2, 1:0:0:0:0, 1:0:0:0:0, 1:0:0:0:3, 2:0:0:0:1, 2:0:0:0:0, 0:0:0:0:0, 1:0:0:0:0, 1:0:0:0:0, 0:0:0:0:0, 2:0:0:0:0, 3:0:0:0:0, 1:0:0:0:0, 1:0:0:0:1, 2:0:0:0:1, 1:0:0:0:0, 1:0:0:0:0, 3:0:0:0:1, 0:0:0:0:0, 1:0:0:0:3, 2:0:0:0:1, 2:0:0:0:0, 0:0:0:0:0, 1:0:0:0:0, 3:0:0:0:1, 1:0:0:0:0, 2:0:0:0:0, 2:0:0:0:3, 2:0:0:0:1, 1:0:0:0:0, 1:0:0:0:0, 1:0:0:0:1, 2:0:0:0:0, 1:0:1:0:0, 2:1:0:0:1, 2:0:0:0:2, 2:0:0:0:0, 2:0:0:0:1, 1:0:0:0:0, 1:1:0:0:1, 0:0:0:0:0, 1:0:0:0:1, 1:0:0:0:0, 2:0:0:0:0, 0:0:0:0:0, 1:0:0:0:1, 1:0:0:0:0, 1:0:0:0:2, 1:0:0:0:0, 1:0:0:0:1, 2:0:0:0:0, 2:0:0:0:2, 1:0:1:0:0, 2:0:0:0:1, 1:0:0:0:0, 1:0:0:0:0, 1:0:0:0:0, 0:0:0:0:0, 1:0:0:0:0, 2:0:0:0:3, 0:0:0:0:0, 2:0:0:0:1, 1:0:0:0:0, 0:0:0:0:0, 2:0:0:0:1, 1:0:0:0:0, 1:0:0:0:0, 2:0:0:0:2, 1:0:0:0:0, 1:0:0:0:0, 1:0:0:0:0, 2:0:0:0:0, 1:1:0:0:1, 0:0:0:0:0, 2:0:0:0:0, 2:0:0:0:1, 0:0:0:0:0, 0:0:0:0:0, 1:0:0:0:0, 2:0:0:0:0, 2:0:0:0:1, 1:0:0:0:0, 1:0:0:0:0, 2:0:0:0:3, 2:0:0:0:1, 2:0:0:0:1, 0:0:0:0:0, 1:1:0:0:1, 3:0:0:0:0, 0:0:0:0:0, 1:0:0:0:0, 2:0:0:0:3, 1:0:0:0:0, 1:0:0:0:0, 2:0:0:0:0, 1:0:0:0:0, 2:0:0:0:1, 2:0:0:0:0, 1:1:0:0:1, 3:0:0:0:3, 1:0:0:0:0, 1:0:0:0:0, 1:0:0:0:0, 1:0:0:0:0, 1:0:0:0:0, 0:0:0:0:0, 2:0:0:0:0, 1:0:0:0:0, 1:1:0:0:1, 0:0:0:0:0, 1:0:0:0:0, 0:0:0:0:0, 2:0:0:0:1, 0:0:0:0:0, 1:0:0:0:0, 3:0:0:0:3, 0:0:0:0:0, 2:0:0:0:1, 1:0:0:0:0, 1:0:0:0:0, 1:0:0:0:0, 2:0:0:0:1, 2:0:0:0:0, 2:0:0:0:3, 2:0:0:0:1, 1:0:0:0:0, 2:0:0:0:0, 0:0:0:0:0, 2:0:0:0:1, 2:0:0:0:1, 1:0:0:0:0, 2:1:0:0:4, 1:0:0:0:0, 1:0:0:0:0, 1:0:0:0:0, 1:0:0:0:0, 1:1:0:0:1, 1:0:0:0:0, 3:0:0:0:1, 1:0:0:0:0, 0:0:0:0:0, 0:0:0:0:0, 1:0:0:0:0, 0:0:0:0:0, 0:0:0:0:0, 0:0:0:0:0, 1:0:0:0:0, 2:0:0:0:3, 1:0:0:0:1, 1:1:0:0:1, 1:0:0:0:0, 1:0:0:0:0, 1:0:0:0:0, 0:0:0:0:0, 1:0:0:0:0, 3:0:0:0:2, 0:0:0:0:0, 2:0:0:0:1, 1:0:0:0:0, 0:0:0:0:0, 2:0:0:0:1, 1:0:0:0:0, 1:0:0:0:0, 3:0:0:0:1, 1:0:0:0:0, 1:0:0:0:0, 1:0:0:0:0, 2:0:0:0:0, 1:1:0:0:1, 0:0:0:0:0, 2:0:0:0:0, 2:0:0:0:1, 0:0:0:0:0, 0:0:0:0:0, 1:0:0:0:0, 0:0:0:0:0, 2:0:0:0:1, 1:0:0:0:0, 1:0:0:0:0, 2:0:0:0:3, 2:0:0:0:1, 2:0:0:0:1, 0:0:0:0:0, 1:1:0:0:1, 3:0:0:0:0, 0:0:0:0:0, 1:0:0:0:0, 3:0:0:0:3, 1:0:0:0:0, 1:0:0:0:0, 2:0:0:0:0, 1:0:0:0:0, 2:0:0:0:1, 2:0:0:0:0, 1:1:0:0:1, 3:0:0:0:3, 1:0:0:0:0, 1:0:0:0:0, 1:0:0:0:0, 1:0:0:0:0, 1:0:0:0:0, 0:0:0:0:0, 2:0:0:0:0, 1:0:0:0:0, 1:1:0:0:1, 0:0:0:0:0, 1:0:0:0:0, 0:0:0:0:0, 2:0:0:0:1, 0:0:0:0:0, 1:0:0:0:0, 2:0:0:0:3, 1:0:0:0:0, 2:0:0:0:1, 1:0:0:0:0, 1:0:0:0:0, 1:0:0:0:0, 2:0:0:0:1, 1:0:0:0:0, 2:0:0:0:3, 2:0:0:0:1, 1:0:0:0:0, 2:0:0:0:0, 0:0:0:0:0, 2:0:0:0:1, 2:0:0:0:1, 2:0:0:0:0, 2:1:0:0:5, 1:0:0:0:0, 1:0:0:0:0, 1:0:0:0:0, 2:0:0:0:0, 1:1:0:0:1, 1:0:0:0:0, 3:0:0:0:1, 2:0:0:0:0, 0:0:0:0:0, 0:0:0:0:0, 2:0:0:0:0, 0:0:0:0:0, 0:0:0:0:0, 0:0:0:0:0, 1:0:0:0:0, 3:0:0:0:3, 1:0:0:0:1, 0:0:0:0:0, 1:0:0:0:0, 0:0:0:0:0, 0:0:0:0:0, 0:0:0:0:0, 0:0:0:0:0, 1:0:0:0:0, 0:0:0:0:0, 4:0:1:0:3, 0:0:0:0:0, 0:0:0:0:0, 0:0:0:0:0, 377:19:5:0:157
D locrian (2#), 3:2:0:0:0, 2:0:0:0:0, 3:1:1:0:3, 0:0:0:0:0, 2:3:0:0:0, 1:0:0:0:0, 2:0:0:0:1, 1:0:0:0:0, 2:3:0:0:0, 2:0:0:0:0, 3:2:1:0:1, 0:0:0:0:0, 4:1:0:0:0, 2:0:0:0:0, 2:0:0:0:0, 2:2:1:0:1, 3:0:0:0:0, 2:3:0:0:0, 0:0:0:0:0, 4:4:0:0:4, 3:0:0:0:0, 1:3:0:0:0, 2:0:0:0:0, 3:0:0:0:1, 3:2:1:0:1, 3:0:0:0:0, 2:2:1:0:1, 2:0:0:0:2, 2:3:0:0:0, 1:0:0:0:0, 4:1:0:0:1, 3:4:0:0:0, 0:0:0:0:0, 2:0:0:0:0, 2:3:0:0:1, 4:1:0:0:1, 1:0:0:0:0, 2:0:0:0:1, 1:2:0:0:0, 1:2:0:0:0, 3:2:1:0:1, 2:0:0:0:0, 3:1:1:0:3, 1:0:1:0:1, 3:2:1:0:1, 3:0:0:0:1, 4:0:0:0:1, 3:1:0:0:0, 3:2:1:0:1, 4:1:0:0:0, 2:3:0:0:1, 1:0:0:0:1, 3:2:1:0:1, 2:0:0:0:0, 3:1:0:0:0, 2:2:1:0:1, 2:0:0:0:0, 2:2:0:0:0, 0:0:0:0:0, 4:4:0:0:3, 3:0:0:0:0, 3:2:0:0:0, 1:0:0:0:0, 4:0:0:0:1, 2:2:0:0:0, 4:1:0:0:1, 3:1:0:0:1, 1:0:0:0:1, 3:2:1:0:1, 2:0:0:0:0, 3:1:0:0:0, 3:2:1:0:2, 3:1:0:0:0, 3:1:0:0:0, 3:2:0:0:0, 1:0:0:0:1, 3:2:1:0:1, 2:0:0:0:0, 2:0:0:0:0, 3:0:0:0:1, 3:2:0:0:0, 3:1:0:0:0, 2:2:1:0:1, 1:1:0:0:0, 2:2:0:0:0, 2:0:0:0:0, 2:0:0:0:0, 2:3:0:0:0, 3:0:0:0:1, 3:1:0:0:0, 0:0:0:0:0, 3:4:0:0:2, 3:0:0:0:1, 3:2:0:0:0, 1:0:0:0:0, 2:0:0:0:0, 2:3:0:0:0, 2:0:0:0:0, 3:1:0:0:1, 1:0:0:0:1, 3:4:1:0:1, 2:0:0:0:0, 5:1:0:0:3, 2:1:0:0:0, 3:2:0:0:0, 3:1:0:0:0, 2:3:0:0:0, 0:0:0:0:0, 2:3:0:0:0, 1:0:0:0:0, 3:0:0:0:1, 1:0:0:0:0, 3:2:1:0:1, 3:0:0:0:1, 3:1:1:0:3, 1:0:1:0:1, 3:2:1:0:1, 2:0:0:0:0, 2:0:0:0:0, 2:2:1:0:1, 2:0:0:0:0, 2:3:0:0:0, 0:0:0:0:0, 2:5:0:0:2, 3:0:0:0:1, 2:3:0:0:0, 3:0:0:0:1, 3:1:0:0:0, 3:2:0:0:0, 2:0:0:0:0, 2:3:0:0:0, 1:0:0:0:1, 3:2:1:0:1, 1:0:0:0:0, 3:2:0:0:0, 3:3:1:0:2, 3:1:0:0:1, 3:0:0:0:1, 3:2:0:0:1, 1:0:0:0:1, 2:3:0:0:0, 3:1:0:0:2, 4:0:0:0:1, 3:1:0:0:0, 3:2:1:0:1, 3:0:0:0:0, 2:2:0:0:0, 2:0:0:0:2, 2:3:0:0:0, 4:1:0:0:0, 2:0:0:0:0, 3:2:0:0:0, 3:0:0:0:0, 2:2:0:0:0, 0:0:0:0:0, 3:4:0:0:3, 2:0:0:0:0, 2:3:0:0:0, 2:0:0:0:0, 1:0:0:0:0, 3:2:1:0:1, 2:0:0:0:0, 3:1:1:0:3, 0:0:0:0:0, 3:3:0:0:0, 2:0:0:0:0, 2:0:0:0:0, 2:3:0:0:0, 3:2:0:0:1, 3:0:0:0:0, 3:1:0:0:1, 1:0:0:0:1, 3:2:1:0:1, 2:0:0:0:0, 1:0:0:0:0, 1:0:0:0:0, 3:2:1:0:1, 2:0:0:0:0, 2:2:0:0:0, 2:0:0:0:1, 2:2:1:0:1, 2:0:0:0:0, 2:0:0:0:0, 3:2:1:0:2, 2:0:0:0:0, 2:3:0:0:0, 2:0:0:0:0, 4:4:0:0:3, 3:0:0:0:2, 3:2:0:0:1, 1:0:0:0:0, 1:0:0:0:0, 1:3:0:0:0, 2:0:0:0:0, 2:3:0:0:0, 0:0:0:0:0, 3:2:0:0:0, 3:1:0:0:0, 2:0:0:0:0, 2:3:1:0:1, 3:2:0:0:0, 3:1:0:0:0, 2:3:0:0:0, 1:0:0:0:1, 2:3:0:0:0, 1:0:0:0:0, 2:0:0:0:0, 1:0:0:0:0, 3:2:1:0:1, 3:0:0:0:1, 3:1:1:0:3, 2:0:1:0:2, 3:2:1:0:1, 2:0:0:0:0, 2:0:0:0:0, 2:2:1:0:1, 2:0:0:0:0, 2:3:0:0:0, 0:0:0:0:0, 2:5:0:0:2, 3:0:0:0:1, 2:3:0:0:0, 3:0:0:0:1, 3:1:0:0:0, 3:2:0:0:0, 2:0:0:0:0, 2:3:0:0:0, 1:0:0:0:1, 3:2:1:0:1, 2:0:0:0:0, 3:1:0:0:0, 3:2:1:0:2, 3:1:0:0:1, 3:0:0:0:1, 3:2:0:0:1, 1:0:0:0:1, 2:3:0:0:0, 3:1:0:0:2, 4:0:0:0:1, 3:1:0:0:0, 3:2:1:0:1, 3:0:0:0:0, 2:2:0:0:0, 2:0:0:0:2, 2:3:0:0:0, 4:1:0:0:0, 2:0:0:0:0, 3:2:0:0:0, 3:0:0:0:0, 2:2:0:0:0, 0:0:0:0:0, 3:4:0:0:3, 2:0:0:0:0, 2:3:0:0:0, 2:0:0:0:0, 1:0:0:0:0, 3:2:1:0:1, 2:0:0:0:0, 3:1:1:0:3, 1:0:0:0:1, 2:3:0:0:0, 2:0:0:0:0, 2:0:0:0:0, 2:3:0:0:0, 3:2:0:0:1, 3:0:0:0:0, 3:1:0:0:1, 1:0:0:0:1, 3:2:1:0:1, 2:0:0:0:0, 1:0:0:0:0, 1:0:0:0:0, 3:2:1:0:1, 2:0:0:0:0, 2:2:0:0:0, 2:0:0:0:1, 2:2:1:0:1, 2:0:0:0:0, 2:0:0:0:0, 2:2:1:0:1, 2:0:0:0:0, 2:3:0:0:0, 2:0:0:0:0, 4:4:0:0:3, 3:0:0:0:2, 3:2:0:0:1, 2:1:0:0:1, 1:0:0:0:0, 1:3:0:0:0, 2:0:0:0:0, 2:3:0:0:0, 0:0:0:0:0, 3:3:0:0:0, 2:1:0:0:0, 2:0:0:0:0, 2:3:0:0:0, 0:0:0:0:0, 1:0:0:0:0, 1:4:0:0:0, 1:1:0:0:1, 1:0:0:0:0, 2:3:1:0:1, 1:0:0:0:1, 1:0:0:0:1, 1:0:0:0:1, 673:340:47:0:162
Eb major (3b), 2:0:0:0:1, 2:0:0:0:0, 1:0:0:0:0, 3:0:0:0:4, 1:0:0:0:1, 1:0:0:0:0, 1:0:0:0:0, 1:0:0:0:0, 1:0:0:0:0, 2:0:0:0:0, 1:0:0:0:0, 3:0:0:0:4, 2:0:0:0:2, 2:0:0:0:1, 2:0:0:0:0, 2:1:0:0:2, 0:0:0:0:0, 0:0:0:0:0, 2:0:0:0:3, 1:0:0:0:1, 1:0:0:0:0, 0:0:0:0:0, 2:0:0:0:1, 2:0:1:0:0, 2:0:0:0:1, 4:0:0:0:1, 2:1:0:0:2, 4:0:0:0:2, 1:0:0:0:0, 2:0:0:0:1, 1:0:1:0:0, 0:0:0:0:0, 1:0:0:0:1, 0:0:0:0:0, 1:0:0:0:0, 1:0:0:0:0, 1:1:0:0:1, 3:0:0:0:3, 0:0:0:0:0, 0:0:0:0:0, 2:0:0:0:1, 2:0:0:0:1, 1:0:0:0:0, 2:0:0:0:3, 2:0:0:0:1, 1:0:0:0:0, 2:0:0:0:0, 1:0:0:0:0, 2:1:0:0:2, 2:0:0:0:0, 2:0:0:0:0, 1:0:0:0:3, 2:0:0:0:1, 2:0:0:0:0, 1:0:0:0:0, 1:0:0:0:0, 0:0:0:0:0, 0:0:0:0:0, 3:0:0:0:2, 2:0:0:0:1, 0:0:0:0:0, 1:0:0:0:1, 2:0:0:0:2, 2:0:0:0:0, 1:0:0:0:0, 3:0:0:0:1, 1:0:0:0:0, 1:0:0:0:3, 2:0:0:0:1, 2:0:0:0:1, 1:0:0:0:0, 1:0:0:0:0, 3:0:0:0:2, 1:0:0:0:0, 1:0:0:0:0, 2:0:0:0:3, 2:0:0:0:1, 1:0:0:0:0, 1:0:0:0:0, 2:0:0:0:1, 1:0:0:0:0, 2:0:1:0:0, 2:1:0:0:2, 2:0:0:0:2, 2:0:0:0:1, 2:0:0:0:1, 1:0:0:0:2, 1:1:0:0:1, 1:0:0:0:0, 1:0:0:0:1, 2:0:0:0:4, 1:0:0:0:0, 1:0:0:0:0, 1:0:0:0:1, 1:0:0:0:0, 1:0:0:0:2, 1:0:0:0:0, 2:0:0:0:1, 2:0:0:0:0, 2:0:0:0:2, 1:0:1:0:0, 2:0:0:0:1, 1:0:0:0:0, 2:0:0:0:1, 2:0:0:0:0, 1:0:0:0:0, 1:0:0:0:0, 2:0:0:0:3, 0:0:0:0:0, 2:0:0:0:1, 1:0:0:0:0, 1:0:0:0:0, 2:0:0:0:1, 1:0:0:0:0, 1:0:0:0:0, 2:0:0:0:2, 1:0:0:0:0, 1:0:0:0:0, 2:0:0:0:0, 2:0:0:0:1, 1:0:0:0:0, 0:0:0:0:0, 3:0:0:0:2, 1:0:0:0:1, 0:0:0:0:0, 0:0:0:0:0, 1:0:0:0:0, 3:0:0:0:0, 2:0:0:0:1, 1:0:0:0:0, 1:0:0:0:0, 2:0:0:0:3, 2:0:0:0:1, 2:0:0:0:1, 1:0:0:0:0, 1:1:0:0:1, 3:0:0:0:1, 0:0:0:0:0, 1:0:0:0:0, 2:0:0:0:3, 1:0:0:0:1, 1:0:0:0:0, 2:0:0:0:0, 2:0:0:0:0, 2:0:0:0:1, 2:0:0:0:2, 1:1:0:0:1, 3:0:0:0:3, 1:0:0:0:0, 2:0:0:0:0, 2:0:0:0:0, 1:0:0:0:0, 0:0:0:0:0, 0:0:0:0:0, 3:0:0:0:2, 0:0:0:0:0, 1:0:0:0:0, 1:0:0:0:0, 1:0:0:0:0, 1:0:0:0:0, 2:0:0:0:1, 1:0:0:0:0, 1:0:0:0:0, 3:0:0:0:4, 0:0:0:0:0, 2:0:0:0:1, 2:0:0:0:0, 1:0:0:0:0, 1:0:0:0:0, 2:0:0:0:1, 2:0:0:0:1, 2:0:0:0:3, 2:0:0:0:1, 1:0:0:0:0, 2:0:0:0:1, 1:0:0:0:0, 2:0:0:0:1, 2:0:0:0:1, 2:0:0:0:0, 2:1:0:0:4, 1:0:0:0:0, 2:0:0:0:0, 2:0:0:0:0, 1:0:0:0:0, 1:0:0:0:0, 2:0:0:0:0, 4:0:0:0:3, 0:0:0:0:0, 0:0:0:0:0, 0:0:0:0:0, 1:0:0:0:0, 1:0:0:0:0, 1:0:0:0:0, 1:0:0:0:0, 1:0:0:0:0, 2:0:0:0:3, 2:0:0:0:1, 2:1:0:0:1, 2:0:0:0:1, 1:0:0:0:0, 2:0:0:0:0, 1:0:0:0:0, 1:0:0:0:0, 3:0:0:0:2, 0:0:0:0:0, 2:0:0:0:1, 1:0:0:0:0, 1:0:0:0:0, 2:0:0:0:1, 1:0:0:0:0, 1:0:0:0:0, 3:0:0:0:1, 1:0:0:0:0, 1:0:0:0:0, 2:0:0:0:0, 2:0:0:0:1, 1:0:0:0:0, 0:0:0:0:0, 3:0:0:0:2, 1:0:0:0:1, 0:0:0:0:0, 0:0:0:0:0, 1:0:0:0:0, 1:0:0:0:0, 2:0:0:0:1, 1:0:0:0:0, 1:0:0:0:0, 2:0:0:0:3, 2:0:0:0:1, 2:0:0:0:1, 1:0:0:0:0, 1:1:0:0:1, 3:0:0:0:1, 0:0:0:0:0, 1:0:0:0:0, 3:0:0:0:3, 1:0:0:0:1, 1:0:0:0:0, 2:0:0:0:0, 2:0:0:0:0, 2:0:0:0:1, 2:0:0:0:2, 1:1:0:0:1, 3:0:0:0:3, 1:0:0:0:0, 2:0:0:0:0, 2:0:0:0:0, 1:0:0:0:0, 0:0:0:0:0, 0:0:0:0:0, 3:0:0:0:2, 0:0:0:0:0, 1:0:0:0:0, 1:0:0:0:0, 1:0:0:0:0, 1:0:0:0:0, 2:0:0:0:1, 1:0:0:0:0, 1:0:0:0:0, 2:0:0:0:3, 1:0:0:0:0, 2:0:0:0:1, 2:0:0:0:0, 1:0:0:0:0, 1:0:0:0:0, 2:0:0:0:1, 1:0:0:0:0, 2:0:0:0:3, 2:0:0:0:1, 1:0:0:0:0, 2:0:0:0:1, 1:0:0:0:0, 2:0:0:0:1, 2:0:0:0:1, 3:0:0:0:0, 2:1:0:0:5, 1:0:0:0:0, 2:0:0:0:0, 2:0:0:0:0, 2:0:0:0:1, 1:0:0:0:0, 2:0:0:0:0, 4:0:0:0:3, 1:0:0:0:1, 0:0:0:0:0, 0:0:0:0:0, 2:0:0:0:0, 1:0:0:0:0, 1:0:0:0:0, 1:0:0:0:0, 1:0:0:0:0, 3:0:0:0:3, 1:0:0:0:1, 1:0:0:0:0, 2:0:0:0:1, 0:0:0:0:0, 0:0:0:0:0, 0:0:0:0:0, 0:0:0:0:0, 1:0:0:0:0, 0:0:0:0:0, 4:0:1:0:3, 0:0:0:0:0, 0:0:0:0:0, 0:0:0:0:0, 433:13:5:0:206
A major (3#), 3:2:0:0:0, 2:0:0:0:0, 3:1:1:0:3, 0:0:0:0:0, 2:3:0:0:0, 2:0:0:0:0, 2:0:0:0:0, 2:0:0:0:0, 2:3:0:0:0, 2:0:0:0:0, 3:2:1:0:1, 0:0:0:0:0, 4:1:0:0:0, 2:0:0:0:0, 2:0:0:0:0, 2:2:1:0:1, 2:0:0:0:0, 2:3:0:0:0, 0:0:0:0:0, 4:3:0:0:5, 3:0:0:2:2, 2:3:0:0:0, 2:0:0:0:0, 3:0:0:0:1, 3:2:1:0:1, 3:0:0:0:0, 2:2:1:0:1, 2:0:0:0:1, 2:3:0:0:0, 1:0:0:0:0, 4:1:0:0:2, 3:4:0:0:1, 1:0:0:0:0, 3:0:0:0:0, 2:3:0:0:4, 3:1:0:0:1, 2:0:0:0:0, 1:0:0:0:1, 1:2:0:0:0, 1:2:0:0:0, 3:2:1:0:1, 2:0:0:0:0, 3:1:1:0:3, 1:0:1:0:1, 3:2:1:0:1, 3:0:0:0:0, 4:0:0:0:0, 3:1:0:0:0, 3:2:1:0:1, 4:1:0:0:0, 2:2:0:0:0, 2:0:0:0:0, 3:2:1:0:1, 3:0:0:0:0, 3:1:0:0:0, 3:2:1:0:1, 3:0:0:0:0, 3:2:0:0:0, 0:0:0:0:0, 4:3:0:0:4, 2:0:0:0:0, 3:2:0:0:0, 2:0:0:0:0, 4:0:0:0:0, 2:2:0:0:0, 4:1:0:0:1, 3:1:0:0:0, 2:0:0:0:0, 3:2:1:0:1, 2:0:0:0:0, 3:1:0:0:0, 3:2:1:0:1, 3:1:0:0:0, 3:1:0:0:1, 2:2:0:0:0, 1:0:0:0:0, 3:2:1:0:1, 2:0:0:0:0, 2:0:0:0:0, 3:0:0:0:1, 2:2:0:0:0, 3:1:0:0:0, 2:2:1:0:1, 1:1:0:0:1, 2:2:0:0:0, 2:0:0:0:0, 2:0:0:0:0, 2:3:0:0:1, 3:0:0:0:0, 4:1:0:0:0, 0:0:0:0:0, 3:3:0:0:3, 3:0:0:0:0, 4:2:0:0:0, 1:0:0:0:0, 2:0:0:0:0, 2:3:0:0:0, 3:0:0:0:0, 3:1:0:0:0, 1:0:0:0:0, 3:4:1:0:1, 2:0:0:0:0, 5:1:0:0:2, 2:1:0:0:0, 2:2:0:0:0, 3:1:0:0:0, 2:3:0:0:0, 0:0:0:0:0, 2:3:0:0:0, 2:0:0:0:0, 3:0:0:0:1, 1:0:0:0:0, 3:2:1:0:1, 3:0:0:0:1, 3:1:1:0:3, 1:0:1:0:1, 3:2:1:0:1, 2:0:0:0:0, 2:0:0:0:0, 2:2:1:0:1, 3:0:0:0:0, 2:3:0:0:0, 1:0:0:0:0, 2:4:0:0:4, 3:0:0:0:0, 2:3:0:0:0, 3:0:0:0:0, 3:1:0:0:0, 3:2:0:0:0, 2:0:0:0:0, 2:3:0:0:0, 1:0:0:0:0, 3:2:1:0:1, 2:0:0:0:0, 3:2:0:0:0, 3:3:1:0:1, 3:1:0:0:0, 3:0:0:0:1, 3:2:0:0:0, 1:0:0:0:0, 2:3:0:0:0, 3:1:0:0:2, 4:0:0:0:0, 3:1:0:0:0, 3:2:1:0:1, 3:0:0:0:0, 2:2:0:0:0, 2:0:0:0:1, 2:3:0:0:0, 4:1:0:0:0, 2:0:0:0:0, 3:2:0:0:0, 2:0:0:0:0, 3:2:0:0:0, 0:0:0:0:0, 3:3:0:0:4, 3:0:0:0:0, 2:3:0:0:0, 2:0:0:0:0, 2:0:0:0:0, 3:2:1:0:1, 2:0:0:0:0, 3:1:1:0:3, 0:0:0:0:0, 3:3:0:0:0, 2:0:0:0:0, 2:0:0:0:0, 2:3:0:0:0, 3:2:0:0:0, 3:0:0:0:0, 4:1:0:0:0, 1:0:0:0:0, 3:2:1:0:1, 2:0:0:0:0, 1:0:0:0:0, 1:0:0:0:0, 3:2:1:0:1, 2:0:0:0:0, 2:2:0:0:0, 2:0:0:0:1, 2:2:1:0:1, 2:0:0:0:0, 2:0:0:0:0, 3:2:1:0:1, 3:0:0:0:0, 1:3:0:0:0, 1:0:0:0:0, 4:3:0:0:4, 3:0:0:0:0, 3:2:0:0:0, 2:0:0:0:0, 2:0:0:0:0, 2:3:0:0:0, 2:0:0:0:0, 2:3:0:0:0, 0:0:0:0:0, 3:2:0:0:0, 3:1:0:0:0, 2:0:0:0:0, 2:3:1:0:1, 2:2:0:0:0, 3:1:0:0:0, 2:3:0:0:0, 1:0:0:0:1, 2:3:0:0:0, 2:0:0:0:0, 2:0:0:0:0, 1:0:0:0:0, 3:2:1:0:1, 3:0:0:0:1, 3:1:1:0:3, 2:0:1:0:2, 3:2:1:0:1, 2:0:0:0:0, 2:0:0:0:0, 2:2:1:0:1, 3:0:0:0:0, 2:3:0:0:0, 1:0:0:0:0, 2:4:0:0:4, 3:0:0:0:0, 2:3:0:0:0, 3:0:0:0:0, 3:1:0:0:0, 3:2:0:0:0, 2:0:0:0:0, 2:3:0:0:0, 1:0:0:0:0, 3:2:1:0:1, 2:0:0:0:0, 3:1:0:0:0, 3:2:1:0:1, 3:1:0:0:0, 3:0:0:0:1, 3:2:0:0:0, 1:0:0:0:0, 2:3:0:0:0, 3:1:0:0:2, 4:0:0:0:0, 3:1:0:0:0, 3:2:1:0:1, 3:0:0:0:0, 2:2:0:0:0, 2:0:0:0:1, 2:3:0:0:0, 4:1:0:0:0, 2:0:0:0:0, 3:2:0:0:0, 2:0:0:0:0, 3:2:0:0:0, 0:0:0:0:0, 3:3:0:0:4, 3:0:0:0:0, 2:3:0:0:0, 2:0:0:0:0, 2:0:0:0:0, 3:2:1:0:1, 2:0:0:0:0, 3:1:1:0:3, 1:0:0:0:0, 2:3:0:0:0, 2:0:0:0:0, 2:0:0:0:0, 2:3:0:0:0, 3:2:0:0:0, 3:0:0:0:0, 4:1:0:0:0, 1:0:0:0:0, 3:2:1:0:1, 2:0:0:0:0, 1:0:0:0:0, 1:0:0:0:0, 3:2:1:0:1, 2:0:0:0:0, 2:2:0:0:0, 2:0:0:0:1, 2:2:1:0:1, 2:0:0:0:0, 2:0:0:0:0, 2:2:1:0:1, 3:0:0:0:0, 1:3:0:0:0, 1:0:0:0:0, 4:3:0:0:4, 3:0:0:0:0, 3:2:0:0:0, 3:1:0:0:1, 2:0:0:0:0, 2:3:0:0:0, 2:0:0:0:0, 2:3:0:0:0, 0:0:0:0:0, 3:3:0:0:0, 2:1:0:0:0, 2:0:0:0:0, 2:3:0:0:0, 1:0:0:0:0, 1:0:0:0:0, 1:4:0:0:4, 1:1:0:0:1, 1:0:0:0:0, 2:3:1:0:1, 1:0:0:0:1, 1:0:0:0:1, 1:0:0:0:1, 699:330:47:2:139
C minor (3b), 2:0:0:0:1, 2:0:0:0:0, 1:0:0:0:0, 3:0:0:0:4, 1:0:0:0:1, 1:0:0:0:0, 1:0:0:0:0, 1:0:0:0:0, 1:0:0:0:0, 2:0:0:0:0, 1:0:0:0:0, 3:0:0:0:4, 2:0:0:0:2, 2:0:0:0:1, 2:0:0:0:0, 2:1:0:0:2, 0:0:0:0:0, 0:0:0:0:0, 2:0:0:0:3, 1:0:0:0:1, 1:0:0:0:0, 0:0:0:0:0, 2:0:0:0:1, 2:0:1:0:0, 2:0:0:0:1, 4:0:0:0:1, 2:1:0:0:2, 4:0:0:0:2, 1:0:0:0:0, 2:0:0:0:1, 1:0:1:0:0, 0:0:0:0:0, 1:0:0:0:1, 0:0:0:0:0, 1:0:0:0:0, 1:0:0:0:0, 1:1:0:0:1, 3:0:0:0:3, 0:0:0:0:0, 0:0:0:0:0, 2:0:0:0:1, 2:0:0:0:1, 1:0:0:0:0, 2:0:0:0:3, 2:0:0:0:1, 1:0:0:0:0, 2:0:0:0:0, 1:0:0:0:0, 2:1:0:0:2, 2:0:0:0:0, 2:0:0:0:0, 1:0:0:0:3, 2:0:0:0:1, 2:0:0:0:0, 1:0:0:0:0, 1:0:0:0:0, 0:0:0:0:0, 0:0:0:0:0, 3:0:0:0:2, 2:0:0:0:1, 0:0:0:0:0, 1:0:0:0:1, 2:0:0:0:2, 2:0:0:0:0, 1:0:0:0:0, 3:0:0:0:1, 1:0:0:0:0, 1:0:0:0:3, 2:0:0:0:1, 2:0:0:0:1, 1:0:0:0:0, 1:0:0:0:0, 3:0:0:0:2, 1:0:0:0:0, 1:0:0:0:0, 2:0:0:0:3, 2:0:0:0:1, 1:0:0:0:0, 1:0:0:0:0, 2:0:0:0:1, 1:0:0:0:0, 2:0:1:0:0, 2:1:0:0:2, 2:0:0:0:2, 2:0:0:0:1, 2:0:0:0:1, 1:0:0:0:2, 1:1:0:0:1, 1:0:0:0:0, 1:0:0:0:1, 2:0:0:0:4, 1:0:0:0:0, 1:0:0:0:0, 1:0:0:0:1, 1:0:0:0:0, 1:0:0:0:2, 1:0:0:0:0, 2:0:0:0:1, 2:0:0:0:0, 2:0:0:0:2, 1:0:1:0:0, 2:0:0:0:1, 1:0:0:0:0, 2:0:0:0:1, 2:0:0:0:0, 1:0:0:0:0, 1:0:0:0:0, 2:0:0:0:3, 0:0:0:0:0, 2:0:0:0:1, 1:0:0:0:0, 1:0:0:0:0, 2:0:0:0:1, 1:0:0:0:0, 1:0:0:0:0, 2:0:0:0:2, 1:0:0:0:0, 1:0:0:0:0, 2:0:0:0:0, 2:0:0:0:1, 1:0:0:0:0, 0:0:0:0:0, 3:0:0:0:2, 1:0:0:0:1, 0:0:0:0:0, 0:0:0:0:0, 1:0:0:0:0, 3:0:0:0:0, 2:0:0:0:1, 1:0:0:0:0, 1:0:0:0:0, 2:0:0:0:3, 2:0:0:0:1, 2:0:0:0:1, 1:0:0:0:0, 1:1:0:0:1, 3:0:0:0:1, 0:0:0:0:0, 1:0:0:0:0, 2:0:0:0:3, 1:0:0:0:1, 1:0:0:0:0, 2:0:0:0:0, 2:0:0:0:0, 2:0:0:0:1, 2:0:0:0:2, 1:1:0:0:1, 3:0:0:0:3, 1:0:0:0:0, 2:0:0:0:0, 2:0:0:0:0, 1:0:0:0:0, 0:0:0:0:0, 0:0:0:0:0, 3:0:0:0:2, 0:0:0:0:0, 1:0:0:0:0, 1:0:0:0:0, 1:0:0:0:0, 1:0:0:0:0, 2:0:0:0:1, 1:0:0:0:0, 1:0:0:0:0, 3:0:0:0:4, 0:0:0:0:0, 2:0:0:0:1, 2:0:0:0:0, 1:0:0:0:0, 1:0:0:0:0, 2:0:0:0:1, 2:0:0:0:1, 2:0:0:0:3, 2:0:0:0:1, 1:0:0:0:0, 2:0:0:0:1, 1:0:0:0:0, 2:0:0:0:1, 2:0:0:0:1, 2:0:0:0:0, 2:1:0:0:4, 1:0:0:0:0, 2:0:0:0:0, 2:0:0:0:0, 1:0:0:0:0, 1:0:0:0:0, 2:0:0:0:0, 4:0:0:0:3, 0:0:0:0:0, 0:0:0:0:0, 0:0:0:0:0, 1:0:0:0:0, 1:0:0:0:0, 1:0:0:0:0, 1:0:0:0:0, 1:0:0:0:0, 2:0:0:0:3, 2:0:0:0:1, 2:1:0:0:1, 2:0:0:0:1, 1:0:0:0:0, 2:0:0:0:0, 1:0:0:0:0, 1:0:0:0:0, 3:0:0:0:2, 0:0:0:0:0, 2:0:0:0:1, 1:0:0:0:0, 1:0:0:0:0, 2:0:0:0:1, 1:0:0:0:0, 1:0:0:0:0, 3:0:0:0:1, 1:0:0:0:0, 1:0:0:0:0, 2:0:0:0:0, 2:0:0:0:1, 1:0:0:0:0, 0:0:0:0:0, 3:0:0:0:2, 1:0:0:0:1, 0:0:0:0:0, 0:0:0:0:0, 1:0:0:0:0, 1:0:0:0:0, 2:0:0:0:1, 1:0:0:0:0, 1:0:0:0:0, 2:0:0:0:3, 2:0:0:0:1, 2:0:0:0:1, 1:0:0:0:0, 1:1:0:0:1, 3:0:0:0:1, 0:0:0:0:0, 1:0:0:0:0, 3:0:0:0:3, 1:0:0:0:1, 1:0:0:0:0, 2:0:0:0:0, 2:0:0:0:0, 2:0:0:0:1, 2:0:0:0:2, 1:1:0:0:1, 3:0:0:0:3, 1:0:0:0:0, 2:0:0:0:0, 2:0:0:0:0, 1:0:0:0:0, 0:0:0:0:0, 0:0:0:0:0, 3:0:0:0:2, 0:0:0:0:0, 1:0:0:0:0, 1:0:0:0:0, 1:0:0:0:0, 1:0:0:0:0, 2:0:0:0:1, 1:0:0:0:0, 1:0:0:0:0, 2:0:0:0:3, 1:0:0:0:0, 2:0:0:0:1, 2:0:0:0:0, 1:0:0:0:0, 1:0:0:0:0, 2:0:0:0:1, 1:0:0:0:0, 2:0:0:0:3, 2:0:0:0:1, 1:0:0:0:0, 2:0:0:0:1, 1:0:0:0:0, 2:0:0:0:1, 2:0:0:0:1, 3:0:0:0:0, 2:1:0:0:5, 1:0:0:0:0, 2:0:0:0:0, 2:0:0:0:0, 2:0:0:0:1, 1:0:0:0:0, 2:0:0:0:0, 4:0:0:0:3, 1:0:0:0:1, 0:0:0:0:0, 0:0:0:0:0, 2:0:0:0:0, 1:0:0:0:0, 1:0:0:0:0, 1:0:0:0:0, 1:0:0:0:0, 3:0:0:0:3, 1:0:0:0:1, 1:0:0:0:0, 2:0:0:0:1, 0:0:0:0:0, 0:0:0:0:0, 0:0:0:0:0, 0:0:0:0:0, 1:0:0:0:0, 0:0:0:0:0, 4:0:1:0:3, 0:0:0:0:0, 0:0:0:0:0, 0:0:0:0:0, 433:13:5:0:206
F# minor (3#), 3:2:0:0:0, 2:0:0:0:0, 3:1:1:0:3, 0:0:0:0:0, 2:3:0:0:0, 2:0:0:0:0, 2:0:0:0:0, 2:0:0:0:0, 2:3:0:0:0, 2:0:0:0:0, 3:2:1:0:1, 0:0:0:0:0, 4:1:0:0:0, 2:0:0:0:0, 2:0:0:0:0, 2:2:1:0:1, 2:0:0:0:0, 2:3:0:0:0, 0:0:0:0:0, 4:3:0:0:5, 3:0:0:2:2, 2:3:0:0:0, 2:0:0:0:0, 3:0:0:0:1, 3:2:1:0:1, 3:0:0:0:0, 2:2:1:0:1, 2:0:0:0:1, 2:3:0:0:0, 1:0:0:0:0, 4:1:0:0:2, 3:4:0:0:1, 1:0:0:0:0, 3:0:0:0:0, 2:3:0:0:4, 3:1:0:0:1, 2:0:0:0:0, 1:0:0:0:1, 1:2:0:0:0, 1:2:0:0:0, 3:2:1:0:1, 2:0:0:0:0, 3:1:1:0:3, 1:0:1:0:1, 3:2:1:0:1, 3:0:0:0:0, 4:0:0:0:0, 3:1:0:0:0, 3:2:1:0:1, 4:1:0:0:0, 2:2:0:0:0, 2:0:0:0:0, 3:2:1:0:1, 3:0:0:0:0, 3:1:0:0:0, 3:2:1:0:1, 3:0:0:0:0, 3:2:0:0:0, 0:0:0:0:0, 4:3:0:0:4, 2:0:0:0:0, 3:2:0:0:0, 2:0:0:0:0, 4:0:0:0:0, 2:2:0:0:0, 4:1:0:0:1, 3:1:0:0:0, 2:0:0:0:0, 3:2:1:0:1, 2:0:0:0:0, 3:1:0:0:0, 3:2:1:0:1, 3:1:0:0:0, 3:1:0:0:1, 2:2:0:0:0, 1:0:0:0:0, 3:2:1:0:1, 2:0:0:0:0, 2:0:0:0:0, 3:0:0:0:1, 2:2:0:0:0, 3:1:0:0:0, 2:2:1:0:1, 1:1:0:0:1, 2:2:0:0:0, 2:0:0:0:0, 2:0:0:0:0, 2:3:0:0:1, 3:0:0:0:0, 4:1:0:0:0, 0:0:0:0:0, 3:3:0:0:3, 3:0:0:0:0, 4:2:0:0:0, 1:0:0:0:0, 2:0:0:0:0, 2:3:0:0:0, 3:0:0:0:0, 3:1:0:0:0, 1:0:0:0:0, 3:4:1:0:1, 2:0:0:0:0, 5:1:0:0:2, 2:1:0:0:0, 2:2:0:0:0, 3:1:0:0:0, 2:3:0:0:0, 0:0:0:0:0, 2:3:0:0:0, 2:0:0:0:0, 3:0:0:0:1, 1:0:0:0:0, 3:2:1:0:1, 3:0:0:0:1, 3:1:1:0:3, 1:0:1:0:1, 3:2:1:0:1, 2:0:0:0:0, 2:0:0:0:0, 2:2:1:0:1, 3:0:0:0:0, 2:3:0:0:0, 1:0:0:0:0, 2:4:0:0:4, 3:0:0:0:0, 2:3:0:0:0, 3:0:0:0:0, 3:1:0:0:0, 3:2:0:0:0, 2:0:0:0:0, 2:3:0:0:0, 1:0:0:0:0, 3:2:1:0:1, 2:0:0:0:0, 3:2:0:0:0, 3:3:1:0:1, 3:1:0:0:0, 3:0:0:0:1, 3:2:0:0:0, 1:0:0:0:0, 2:3:0:0:0, 3:1:0:0:2, 4:0:0:0:0, 3:1:0:0:0, 3:2:1:0:1, 3:0:0:0:0, 2:2:0:0:0, 2:0:0:0:1, 2:3:0:0:0, 4:1:0:0:0, 2:0:0:0:0, 3:2:0:0:0, 2:0:0:0:0, 3:2:0:0:0, 0:0:0:0:0, 3:3:0:0:4, 3:0:0:0:0, 2:3:0:0:0, 2:0:0:0:0, 2:0:0:0:0, 3:2:1:0:1, 2:0:0:0:0, 3:1:1:0:3, 0:0:0:0:0, 3:3:0:0:0, 2:0:0:0:0, 2:0:0:0:0, 2:3:0:0:0, 3:2:0:0:0, 3:0:0:0:0, 4:1:0:0:0, 1:0:0:0:0, 3:2:1:0:1, 2:0:0:0:0, 1:0:0:0:0, 1:0:0:0:0, 3:2:1:0:1, 2:0:0:0:0, 2:2:0:0:0, 2:0:0:0:1, 2:2:1:0:1, 2:0:0:0:0, 2:0:0:0:0, 3:2:1:0:1, 3:0:0:0:0, 1:3:0:0:0, 1:0:0:0:0, 4:3:0:0:4, 3:0:0:0:0, 3:2:0:0:0, 2:0:0:0:0, 2:0:0:0:0, 2:3:0:0:0, 2:0:0:0:0, 2:3:0:0:0, 0:0:0:0:0, 3:2:0:0:0, 3:1:0:0:0, 2:0:0:0:0, 2:3:1:0:1, 2:2:0:0:0, 3:1:0:0:0, 2:3:0:0:0, 1:0:0:0:1, 2:3:0:0:0, 2:0:0:0:0, 2:0:0:0:0, 1:0:0:0:0, 3:2:1:0:1, 3:0:0:0:1, 3:1:1:0:3, 2:0:1:0:2, 3:2:1:0:1, 2:0:0:0:0, 2:0:0:0:0, 2:2:1:0:1, 3:0:0:0:0, 2:3:0:0:0, 1:0:0:0:0, 2:4:0:0:4, 3:0:0:0:0, 2:3:0:0:0, 3:0:0:0:0, 3:1:0:0:0, 3:2:0:0:0, 2:0:0:0:0, 2:3:0:0:0, 1:0:0:0:0, 3:2:1:0:1, 2:0:0:0:0, 3:1:0:0:0, 3:2:1:0:1, 3:1:0:0:0, 3:0:0:0:1, 3:2:0:0:0, 1:0:0:0:0, 2:3:0:0:0, 3:1:0:0:2, 4:0:0:0:0, 3:1:0:0:0, 3:2:1:0:1, 3:0:0:0:0, 2:2:0:0:0, 2:0:0:0:1, 2:3:0:0:0, 4:1:0:0:0, 2:0:0:0:0, 3:2:0:0:0, 2:0:0:0:0, 3:2:0:0:0, 0:0:0:0:0, 3:3:0:0:4, 3:0:0:0:0, 2:3:0:0:0, 2:0:0:0:0, 2:0:0:0:0, 3:2:1:0:1, 2:0:0:0:0, 3:1:1:0:3, 1:0:0:0:0, 2:3:0:0:0, 2:0:0:0:0, 2:0:0:0:0, 2:3:0:0:0, 3:2:0:0:0, 3:0:0:0:0, 4:1:0:0:0, 1:0:0:0:0, 3:2:1:0:1, 2:0:0:0:0, 1:0:0:0:0, 1:0:0:0:0, 3:2:1:0:1, 2:0:0:0:0, 2:2:0:0:0, 2:0:0:0:1, 2:2:1:0:1, 2:0:0:0:0, 2:0:0:0:0, 2:2:1:0:1, 3:0:0:0:0, 1:3:0:0:0, 1:0:0:0:0, 4:3:0:0:4, 3:0:0:0:0, 3:2:0:0:0, 3:1:0:0:1, 2:0:0:0:0, 2:3:0:0:0, 2:0:0:0:0, 2:3:0:0:0, 0:0:0:0:0, 3:3:0:0:0, 2:1:0:0:0, 2:0:0:0:0, 2:3:0:0:0, 1:0:0:0:0, 1:0:0:0:0, 1:4:0:0:4, 1:1:0:0:1, 1:0:0:0:0, 2:3:1:0:1, 1:0:0:0:1, 1:0:0:0:1, 1:0:0:0:1, 699:330:47:2:139
C minor mel (3b), 2:0:0:0:1, 2:0:0:0:0, 1:0:0:0:0, 3:0:0:0:4, 1:0:0:0:1, 1:0:0:0:0, 1:0:0:0:0, 1:0:0:0:0, 1:0:0:0:0, 2:0:0:0:0, 1:0:0:0:0, 3:0:0:0:4, 2:0:0:0:2, 2:0:0:0:1, 2:0:0:0:0, 2:1:0:0:2, 0:0:0:0:0, 0:0:0:0:0, 2:0:0:0:3, 1:0:0:0:1, 1:0:0:0:0, 0:0:0:0:0, 2:0:0:0:1, 2:0:1:0:0, 2:0:0:0:1, 4:0:0:0:1, 2:1:0:0:2, 4:0:0:0:2, 1:0:0:0:0, 2:0:0:0:1, 1:0:1:0:0, 0:0:0:0:0, 1:0:0:0:1, 0:0:0:0:0, 1:0:0:0:0, 1:0:0:0:0, 1:1:0:0:1, 3:0:0:0:3, 0:0:0:0:0, 0:0:0:0:0, 2:0:0:0:1, 2:0:0:0:1, 1:0:0:0:0, 2:0:0:0:3, 2:0:0:0:1, 1:0:0:0:0, 2:0:0:0:0, 1:0:0:0:0, 2:1:0:0:2, 2:0:0:0:0, 2:0:0:0:0, 1:0:0:0:3, 2:0:0:0:1, 2:0:0:0:0, 1:0:0:0:0, 1:0:0:0:0, 0:0:0:0:0, 0:0:0:0:0, 3:0:0:0:2, 2:0:0:0:1, 0:0:0:0:0, 1:0:0:0:1, 2:0:0:0:2, 2:0:0:0:0, 1:0:0:0:0, 3:0:0:0:1, 1:0:0:0:0, 1:0:0:0:3, 2:0:0:0:1, 2:0:0:0:1, 1:0:0:0:0, 1:0:0:0:0, 3:0:0:0:2, 1:0:0:0:0, 1:0:0:0:0, 2:0:0:0:3, 2:0:0:0:1, 1:0:0:0:0, 1:0:0:0:0, 2:0:0:0:1, 1:0:0:0:0, 2:0:1:0:0, 2:1:0:0:2, 2:0:0:0:2, 2:0:0:0:1, 2:0:0:0:1, 1:0:0:0:2, 1:1:0:0:1, 1:0:0:0:0, 1:0:0:0:1, 2:0:0:0:4, 1:0:0:0:0, 1:0:0:0:0, 1:0:0:0:1, 1:0:0:0:0, 1:0:0:0:2, 1:0:0:0:0, 2:0:0:0:1, 2:0:0:0:0, 2:0:0:0:2, 1:0:1:0:0, 2:0:0:0:1, 1:0:0:0:0, 2:0:0:0:1, 2:0:0:0:0, 1:0:0:0:0, 1:0:0:0:0, 2:0:0:0:3, 0:0:0:0:0, 2:0:0:0:1, 1:0:0:0:0, 1:0:0:0:0, 2:0:0:0:1, 1:0:0:0:0, 1:0:0:0:0, 2:0:0:0:2, 1:0:0:0:0, 1:0:0:0:0, 2:0:0:0:0, 2:0:0:0:1, 1:0:0:0:0, 0:0:0:0:0, 3:0:0:0:2, 1:0:0:0:1, 0:0:0:0:0, 0:0:0:0:0, 1:0:0:0:0, 3:0:0:0:0, 2:0:0:0:1, 1:0:0:0:0, 1:0:0:0:0, 2:0:0:0:3, 2:0:0:0:1, 2:0:0:0:1, 1:0:0:0:0, 1:1:0:0:1, 3:0:0:0:1, 0:0:0:0:0, 1:0:0:0:0, 2:0:0:0:3, 1:0:0:0:1, 1:0:0:0:0, 2:0:0:0:0, 2:0:0:0:0, 2:0:0:0:1, 2:0:0:0:2, 1:1:0:0:1, 3:0:0:0:3, 1:0:0:0:0, 2:0:0:0:0, 2:0:0:0:0, 1:0:0:0:0, 0:0:0:0:0, 0:0:0:0:0, 3:0:0:0:2, 0:0:0:0:0, 1:0:0:0:0, 1:0:0:0:0, 1:0:0:0:0, 1:0:0:0:0, 2:0:0:0:1, 1:0:0:0:0, 1:0:0:0:0, 3:0:0:0:4, 0:0:0:0:0, 2:0:0:0:1, 2:0:0:0:0, 1:0:0:0:0, 1:0:0:0:0, 2:0:0:0:1, 2:0:0:0:1, 2:0:0:0:3, 2:0:0:0:1, 1:0:0:0:0, 2:0:0:0:1, 1:0:0:0:0, 2:0:0:0:1, 2:0:0:0:1, 2:0:0:0:0, 2:1:0:0:4, 1:0:0:0:0, 2:0:0:0:0, 2:0:0:0:0, 1:0:0:0:0, 1:0:0:0:0, 2:0:0:0:0, 4:0:0:0:3, 0:0:0:0:0, 0:0:0:0:0, 0:0:0:0:0, 1:0:0:0:0, 1:0:0:0:0, 1:0:0:0:0, 1:0:0:0:0, 1:0:0:0:0, 2:0:0:0:3, 2:0:0:0:1, 2:1:0:0:1, 2:0:0:0:1, 1:0:0:0:0, 2:0:0:0:0, 1:0:0:0:0, 1:0:0:0:0, 3:0:0:0:2, 0:0:0:0:0, 2:0:0:0:1, 1:0:0:0:0, 1:0:0:0:0, 2:0:0:0:1, 1:0:0:0:0, 1:0:0:0:0, 3:0:0:0:1, 1:0:0:0:0, 1:0:0:0:0, 2:0:0:0:0, 2:0:0:0:1, 1:0:0:0:0, 0:0:0:0:0, 3:0:0:0:2, 1:0:0:0:1, 0:0:0:0:0, 0:0:0:0:0, 1:0:0:0:0, 1:0:0:0:0, 2:0:0:0:1, 1:0:0:0:0, 1:0:0:0:0, 2:0:0:0:3, 2:0:0:0:1, 2:0:0:0:1, 1:0:0:0:0, 1:1:0:0:1, 3:0:0:0:1, 0:0:0:0:0, 1:0:0:0:0, 3:0:0:0:3, 1:0:0:0:1, 1:0:0:0:0, 2:0:0:0:0, 2:0:0:0:0, 2:0:0:0:1, 2:0:0:0:2, 1:1:0:0:1, 3:0:0:0:3, 1:0:0:0:0, 2:0:0:0:0, 2:0:0:0:0, 1:0:0:0:0, 0:0:0:0:0, 0:0:0:0:0, 3:0:0:0:2, 0:0:0:0:0, 1:0:0:0:0, 1:0:0:0:0, 1:0:0:0:0, 1:0:0:0:0, 2:0:0:0:1, 1:0:0:0:0, 1:0:0:0:0, 2:0:0:0:3, 1:0:0:0:0, 2:0:0:0:1, 2:0:0:0:0, 1:0:0:0:0, 1:0:0:0:0, 2:0:0:0:1, 1:0:0:0:0, 2:0:0:0:3, 2:0:0:0:1, 1:0:0:0:0, 2:0:0:0:1, 1:0:0:0:0, 2:0:0:0:1, 2:0:0:0:1, 3:0:0:0:0, 2:1:0:0:5, 1:0:0:0:0, 2:0:0:0:0, 2:0:0:0:0, 2:0:0:0:1, 1:0:0:0:0, 2:0:0:0:0, 4:0:0:0:3, 1:0:0:0:1, 0:0:0:0:0, 0:0:0:0:0, 2:0:0:0:0, 1:0:0:0:0, 1:0:0:0:0, 1:0:0:0:0, 1:0:0:0:0, 3:0:0:0:3, 1:0:0:0:1, 1:0:0:0:0, 2:0:0:0:1, 0:0:0:0:0, 0:0:0:0:0, 0:0:0:0:0, 0:0:0:0:0, 1:0:0:0:0, 0:0:0:0:0, 4:0:1:0:3, 0:0:0:0:0, 0:0:0:0:0, 0:0:0:0:0, 433:13:5:0:206
F# minor mel (3#), 3:2:0:0:0, 2:0:0:0:0, 3:1:1:0:3, 0:0:0:0:0, 2:3:0:0:0, 2:0:0:0:0, 2:0:0:0:0, 2:0:0:0:0, 2:3:0:0:0, 2:0:0:0:0, 3:2:1:0:1, 0:0:0:0:0, 4:1:0:0:0, 2:0:0:0:0, 2:0:0:0:0, 2:2:1:0:1, 2:0:0:0:0, 2:3:0:0:0, 0:0:0:0:0, 4:3:0:0:5, 3:0:0:2:2, 2:3:0:0:0, 2:0:0:0:0, 3:0:0:0:1, 3:2:1:0:1, 3:0:0:0:0, 2:2:1:0:1, 2:0:0:0:1, 2:3:0:0:0, 1:0:0:0:0, 4:1:0:0:2, 3:4:0:0:1, 1:0:0:0:0, 3:0:0:0:0, 2:3:0:0:4, 3:1:0:0:1, 2:0:0:0:0, 1:0:0:0:1, 1:2:0:0:0, 1:2:0:0:0, 3:2:1:0:1, 2:0:0:0:0, 3:1:1:0:3, 1:0:1:0:1, 3:2:1:0:1, 3:0:0:0:0, 4:0:0:0:0, 3:1:0:0:0, 3:2:1:0:1, 4:1:0:0:0, 2:2:0:0:0, 2:0:0:0:0, 3:2:1:0:1, 3:0:0:0:0, 3:1:0:0:0, 3:2:1:0:1, 3:0:0:0:0, 3:2:0:0:0, 0:0:0:0:0, 4:3:0:0:4, 2:0:0:0:0, 3:2:0:0:0, 2:0:0:0:0, 4:0:0:0:0, 2:2:0:0:0, 4:1:0:0:1, 3:1:0:0:0, 2:0:0:0:0, 3:2:1:0:1, 2:0:0:0:0, 3:1:0:0:0, 3:2:1:0:1, 3:1:0:0:0, 3:1:0:0:1, 2:2:0:0:0, 1:0:0:0:0, 3:2:1:0:1, 2:0:0:0:0, 2:0:0:0:0, 3:0:0:0:1, 2:2:0:0:0, 3:1:0:0:0, 2:2:1:0:1, 1:1:0:0:1, 2:2:0:0:0, 2:0:0:0:0, 2:0:0:0:0, 2:3:0:0:1, 3:0:0:0:0, 4:1:0:0:0, 0:0:0:0:0, 3:3:0:0:3, 3:0:0:0:0, 4:2:0:0:0, 1:0:0:0:0, 2:0:0:0:0, 2:3:0:0:0, 3:0:0:0:0, 3:1:0:0:0, 1:0:0:0:0, 3:4:1:0:1, 2:0:0:0:0, 5:1:0:0:2, 2:1:0:0:0, 2:2:0:0:0, 3:1:0:0:0, 2:3:0:0:0, 0:0:0:0:0, 2:3:0:0:0, 2:0:0:0:0, 3:0:0:0:1, 1:0:0:0:0, 3:2:1:0:1, 3:0:0:0:1, 3:1:1:0:3, 1:0:1:0:1, 3:2:1:0:1, 2:0:0:0:0, 2:0:0:0:0, 2:2:1:0:1, 3:0:0:0:0, 2:3:0:0:0, 1:0:0:0:0, 2:4:0:0:4, 3:0:0:0:0, 2:3:0:0:0, 3:0:0:0:0, 3:1:0:0:0, 3:2:0:0:0, 2:0:0:0:0, 2:3:0:0:0, 1:0:0:0:0, 3:2:1:0:1, 2:0:0:0:0, 3:2:0:0:0, 3:3:1:0:1, 3:1:0:0:0, 3:0:0:0:1, 3:2:0:0:0, 1:0:0:0:0, 2:3:0:0:0, 3:1:0:0:2, 4:0:0:0:0, 3:1:0:0:0, 3:2:1:0:1, 3:0:0:0:0, 2:2:0:0:0, 2:0:0:0:1, 2:3:0:0:0, 4:1:0:0:0, 2:0:0:0:0, 3:2:0:0:0, 2:0:0:0:0, 3:2:0:0:0, 0:0:0:0:0, 3:3:0:0:4, 3:0:0:0:0, 2:3:0:0:0, 2:0:0:0:0, 2:0:0:0:0, 3:2:1:0:1, 2:0:0:0:0, 3:1:1:0:3, 0:0:0:0:0, 3:3:0:0:0, 2:0:0:0:0, 2:0:0:0:0, 2:3:0:0:0, 3:2:0:0:0, 3:0:0:0:0, 4:1:0:0:0, 1:0:0:0:0, 3:2:1:0:1, 2:0:0:0:0, 1:0:0:0:0, 1:0:0:0:0, 3:2:1:0:1, 2:0:0:0:0, 2:2:0:0:0, 2:0:0:0:1, 2:2:1:0:1, 2:0:0:0:0, 2:0:0:0:0, 3:2:1:0:1, 3:0:0:0:0, 1:3:0:0:0, 1:0:0:0:0, 4:3:0:0:4, 3:0:0:0:0, 3:2:0:0:0, 2:0:0:0:0, 2:0:0:0:0, 2:3:0:0:0, 2:0:0:0:0, 2:3:0:0:0, 0:0:0:0:0, 3:2:0:0:0, 3:1:0:0:0, 2:0:0:0:0, 2:3:1:0:1, 2:2:0:0:0, 3:1:0:0:0, 2:3:0:0:0, 1:0:0:0:1, 2:3:0:0:0, 2:0:0:0:0, 2:0:0:0:0, 1:0:0:0:0, 3:2:1:0:1, 3:0:0:0:1, 3:1:1:0:3, 2:0:1:0:2, 3:2:1:0:1, 2:0:0:0:0, 2:0:0:0:0, 2:2:1:0:1, 3:0:0:0:0, 2:3:0:0:0, 1:0:0:0:0, 2:4:0:0:4, 3:0:0:0:0, 2:3:0:0:0, 3:0:0:0:0, 3:1:0:0:0, 3:2:0:0:0, 2:0:0:0:0, 2:3:0:0:0, 1:0:0:0:0, 3:2:1:0:1, 2:0:0:0:0, 3:1:0:0:0, 3:2:1:0:1, 3:1:0:0:0, 3:0:0:0:1, 3:2:0:0:0, 1:0:0:0:0, 2:3:0:0:0, 3:1:0:0:2, 4:0:0:0:0, 3:1:0:0:0, 3:2:1:0:1, 3:0:0:0:0, 2:2:0:0:0, 2:0:0:0:1, 2:3:0:0:0, 4:1:0:0:0, 2:0:0:0:0, 3:2:0:0:0, 2:0:0:0:0, 3:2:0:0:0, 0:0:0:0:0, 3:3:0:0:4, 3:0:0:0:0, 2:3:0:0:0, 2:0:0:0:0, 2:0:0:0:0, 3:2:1:0:1, 2:0:0:0:0, 3:1:1:0:3, 1:0:0:0:0, 2:3:0:0:0, 2:0:0:0:0, 2:0:0:0:0, 2:3:0:0:0, 3:2:0:0:0, 3:0:0:0:0, 4:1:0:0:0, 1:0:0:0:0, 3:2:1:0:1, 2:0:0:0:0, 1:0:0:0:0, 1:0:0:0:0, 3:2:1:0:1, 2:0:0:0:0, 2:2:0:0:0, 2:0:0:0:1, 2:2:1:0:1, 2:0:0:0:0, 2:0:0:0:0, 2:2:1:0:1, 3:0:0:0:0, 1:3:0:0:0, 1:0:0:0:0, 4:3:0:0:4, 3:0:0:0:0, 3:2:0:0:0, 3:1:0:0:1, 2:0:0:0:0, 2:3:0:0:0, 2:0:0:0:0, 2:3:0:0:0, 0:0:0:0:0, 3:3:0:0:0, 2:1:0:0:0, 2:0:0:0:0, 2:3:0:0:0, 1:0:0:0:0, 1:0:0:0:0, 1:4:0:0:4, 1:1:0:0:1, 1:0:0:0:0, 2:3:1:0:1, 1:0:0:0:1, 1:0:0:0:1, 1:0:0:0:1, 699:330:47:2:139
Eb major blues (3b), 2:0:0:0:1, 2:0:0:0:0, 1:0:0:0:0, 3:0:0:0:4, 1:0:0:0:1, 1:0:0:0:0, 1:0:0:0:0, 1:0:0:0:0, 1:0:0:0:0, 2:0:0:0:0, 1:0:0:0:0, 3:0:0:0:4, 2:0:0:0:2, 2:0:0:0:1, 2:0:0:0:0, 2:1:0:0:2, 0:0:0:0:0, 0:0:0:0:0, 2:0:0:0:3, 1:0:0:0:1, 1:0:0:0:0, 0:0:0:0:0, 2:0:0:0:1, 2:0:1:0:0, 2:0:0:0:1, 4:0:0:0:1, 2:1:0:0:2, 4:0:0:0:2, 1:0:0:0:0, 2:0:0:0:1, 1:0:1:0:0, 0:0:0:0:0, 1:0:0:0:1, 0:0:0:0:0, 1:0:0:0:0, 1:0:0:0:0, 1:1:0:0:1, 3:0:0:0:3, 0:0:0:0:0, 0:0:0:0:0, 2:0:0:0:1, 2:0:0:0:1, 1:0:0:0:0, 2:0:0:0:3, 2:0:0:0:1, 1:0:0:0:0, 2:0:0:0:0, 1:0:0:0:0, 2:1:0:0:2, 2:0:0:0:0, 2:0:0:0:0, 1:0:0:0:3, 2:0:0:0:1, 2:0:0:0:0, 1:0:0:0:0, 1:0:0:0:0, 0:0:0:0:0, 0:0:0:0:0, 3:0:0:0:2, 2:0:0:0:1, 0:0:0:0:0, 1:0:0:0:1, 2:0:0:0:2, 2:0:0:0:0, 1:0:0:0:0, 3:0:0:0:1, 1:0:0:0:0, 1:0:0:0:3, 2:0:0:0:1, 2:0:0:0:1, 1:0:0:0:0, 1:0:0:0:0, 3:0:0:0:2, 1:0:0:0:0, 1:0:0:0:0, 2:0:0:0:3, 2:0:0:0:1, 1:0:0:0:0, 1:0:0:0:0, 2:0:0:0:1, 1:0:0:0:0, 2:0:1:0:0, 2:1:0:0:2, 2:0:0:0:2, 2:0:0:0:1, 2:0:0:0:1, 1:0:0:0:2, 1:1:0:0:1, 1:0:0:0:0, 1:0:0:0:1, 2:0:0:0:4, 1:0:0:0:0, 1:0:0:0:0, 1:0:0:0:1, 1:0:0:0:0, 1:0:0:0:2, 1:0:0:0:0, 2:0:0:0:1, 2:0:0:0:0, 2:0:0:0:2, 1:0:1:0:0, 2:0:0:0:1, 1:0:0:0:0, 2:0:0:0:1, 2:0:0:0:0, 1:0:0:0:0, 1:0:0:0:0, 2:0:0:0:3, 0:0:0:0:0, 2:0:0:0:1, 1:0:0:0:0, 1:0:0:0:0, 2:0:0:0:1, 1:0:0:0:0, 1:0:0:0:0, 2:0:0:0:2, 1:0:0:0:0, 1:0:0:0:0, 2:0:0:0:0, 2:0:0:0:1, 1:0:0:0:0, 0:0:0:0:0, 3:0:0:0:2, 1:0:0:0:1, 0:0:0:0:0, 0:0:0:0:0, 1:0:0:0:0, 3:0:0:0:0, 2:0:0:0:1, 1:0:0:0:0, 1:0:0:0:0, 2:0:0:0:3, 2:0:0:0:1, 2:0:0:0:1, 1:0:0:0:0, 1:1:0:0:1, 3:0:0:0:1, 0:0:0:0:0, 1:0:0:0:0, 2:0:0:0:3, 1:0:0:0:1, 1:0:0:0:0, 2:0:0:0:0, 2:0:0:0:0, 2:0:0:0:1, 2:0:0:0:2, 1:1:0:0:1, 3:0:0:0:3, 1:0:0:0:0, 2:0:0:0:0, 2:0:0:0:0, 1:0:0:0:0, 0:0:0:0:0, 0:0:0:0:0, 3:0:0:0:2, 0:0:0:0:0, 1:0:0:0:0, 1:0:0:0:0, 1:0:0:0:0, 1:0:0:0:0, 2:0:0:0:1, 1:0:0:0:0, 1:0:0:0:0, 3:0:0:0:4, 0:0:0:0:0, 2:0:0:0:1, 2:0:0:0:0, 1:0:0:0:0, 1:0:0:0:0, 2:0:0:0:1, 2:0:0:0:1, 2:0:0:0:3, 2:0:0:0:1, 1:0:0:0:0, 2:0:0:0:1, 1:0:0:0:0, 2:0:0:0:1, 2:0:0:0:1, 2:0:0:0:0, 2:1:0:0:4, 1:0:0:0:0, 2:0:0:0:0, 2:0:0:0:0, 1:0:0:0:0, 1:0:0:0:0, 2:0:0:0:0, 4:0:0:0:3, 0:0:0:0:0, 0:0:0:0:0, 0:0:0:0:0, 1:0:0:0:0, 1:0:0:0:0, 1:0:0:0:0, 1:0:0:0:0, 1:0:0:0:0, 2:0:0:0:3, 2:0:0:0:1, 2:1:0:0:1, 2:0:0:0:1, 1:0:0:0:0, 2:0:0:0:0, 1:0:0:0:0, 1:0:0:0:0, 3:0:0:0:2, 0:0:0:0:0, 2:0:0:0:1, 1:0:0:0:0, 1:0:0:0:0, 2:0:0:0:1, 1:0:0:0:0, 1:0:0:0:0, 3:0:0:0:1, 1:0:0:0:0, 1:0:0:0:0, 2:0:0:0:0, 2:0:0:0:1, 1:0:0:0:0, 0:0:0:0:0, 3:0:0:0:2, 1:0:0:0:1, 0:0:0:0:0, 0:0:0:0:0, 1:0:0:0:0, 1:0:0:0:0, 2:0:0:0:1, 1:0:0:0:0, 1:0:0:0:0, 2:0:0:0:3, 2:0:0:0:1, 2:0:0:0:1, 1:0:0:0:0, 1:1:0:0:1, 3:0:0:0:1, 0:0:0:0:0, 1:0:0:0:0, 3:0:0:0:3, 1:0:0:0:1, 1:0:0:0:0, 2:0:0:0:0, 2:0:0:0:0, 2:0:0:0:1, 2:0:0:0:2, 1:1:0:0:1, 3:0:0:0:3, 1:0:0:0:0, 2:0:0:0:0, 2:0:0:0:0, 1:0:0:0:0, 0:0:0:0:0, 0:0:0:0:0, 3:0:0:0:2, 0:0:0:0:0, 1:0:0:0:0, 1:0:0:0:0, 1:0:0:0:0, 1:0:0:0:0, 2:0:0:0:1, 1:0:0:0:0, 1:0:0:0:0, 2:0:0:0:3, 1:0:0:0:0, 2:0:0:0:1, 2:0:0:0:0, 1:0:0:0:0, 1:0:0:0:0, 2:0:0:0:1, 1:0:0:0:0, 2:0:0:0:3, 2:0:0:0:1, 1:0:0:0:0, 2:0:0:0:1, 1:0:0:0:0, 2:0:0:0:1, 2:0:0:0:1, 3:0:0:0:0, 2:1:0:0:5, 1:0:0:0:0, 2:0:0:0:0, 2:0:0:0:0, 2:0:0:0:1, 1:0:0:0:0, 2:0:0:0:0, 4:0:0:0:3, 1:0:0:0:1, 0:0:0:0:0, 0:0:0:0:0, 2:0:0:0:0, 1:0:0:0:0, 1:0:0:0:0, 1:0:0:0:0, 1:0:0:0:0, 3:0:0:0:3, 1:0:0:0:1, 1:0:0:0:0, 2:0:0:0:1, 0:0:0:0:0, 0:0:0:0:0, 0:0:0:0:0, 0:0:0:0:0, 1:0:0:0:0, 0:0:0:0:0, 4:0:1:0:3, 0:0:0:0:0, 0:0:0:0:0, 0:0:0:0:0, 433:13:5:0:206
A major blues (3#), 3:2:0:0:0, 2:0:0:0:0, 3:1:1:0:3, 0:0:0:0:0, 2:3:0:0:0, 2:0:0:0:0, 2:0:0:0:0, 2:0:0:0:0, 2:3:0:0:0, 2:0:0:0:0, 3:2:1:0:1, 0:0:0:0:0, 4:1:0:0:0, 2:0:0:0:0, 2:0:0:0:0, 2:2:1:0:1, 2:0:0:0:0, 2:3:0:0:0, 0:0:0:0:0, 4:3:0:0:5, 3:0:0:2:2, 2:3:0:0:0, 2:0:0:0:0, 3:0:0:0:1, 3:2:1:0:1, 3:0:0:0:0, 2:2:1:0:1, 2:0:0:0:1, 2:3:0:0:0, 1:0:0:0:0, 4:1:0:0:2, 3:4:0:0:1, 1:0:0:0:0, 3:0:0:0:0, 2:3:0:0:4, 3:1:0:0:1, 2:0:0:0:0, 1:0:0:0:1, 1:2:0:0:0, 1:2:0:0:0, 3:2:1:0:1, 2:0:0:0:0, 3:1:1:0:3, 1:0:1:0:1, 3:2:1:0:1, 3:0:0:0:0, 4:0:0:0:0, 3:1:0:0:0, 3:2:1:0:1, 4:1:0:0:0, 2:2:0:0:0, 2:0:0:0:0, 3:2:1:0:1, 3:0:0:0:0, 3:1:0:0:0, 3:2:1:0:1, 3:0:0:0:0, 3:2:0:0:0, 0:0:0:0:0, 4:3:0:0:4, 2:0:0:0:0, 3:2:0:0:0, 2:0:0:0:0, 4:0:0:0:0, 2:2:0:0:0, 4:1:0:0:1, 3:1:0:0:0, 2:0:0:0:0, 3:2:1:0:1, 2:0:0:0:0, 3:1:0:0:0, 3:2:1:0:1, 3:1:0:0:0, 3:1:0:0:1, 2:2:0:0:0, 1:0:0:0:0, 3:2:1:0:1, 2:0:0:0:0, 2:0:0:0:0, 3:0:0:0:1, 2:2:0:0:0, 3:1:0:0:0, 2:2:1:0:1, 1:1:0:0:1, 2:2:0:0:0, 2:0:0:0:0, 2:0:0:0:0, 2:3:0:0:1, 3:0:0:0:0, 4:1:0:0:0, 0:0:0:0:0, 3:3:0:0:3, 3:0:0:0:0, 4:2:0:0:0, 1:0:0:0:0, 2:0:0:0:0, 2:3:0:0:0, 3:0:0:0:0, 3:1:0:0:0, 1:0:0:0:0, 3:4:1:0:1, 2:0:0:0:0, 5:1:0:0:2, 2:1:0:0:0, 2:2:0:0:0, 3:1:0:0:0, 2:3:0:0:0, 0:0:0:0:0, 2:3:0:0:0, 2:0:0:0:0, 3:0:0:0:1, 1:0:0:0:0, 3:2:1:0:1, 3:0:0:0:1, 3:1:1:0:3, 1:0:1:0:1, 3:2:1:0:1, 2:0:0:0:0, 2:0:0:0:0, 2:2:1:0:1, 3:0:0:0:0, 2:3:0:0:0, 1:0:0:0:0, 2:4:0:0:4, 3:0:0:0:0, 2:3:0:0:0, 3:0:0:0:0, 3:1:0:0:0, 3:2:0:0:0, 2:0:0:0:0, 2:3:0:0:0, 1:0:0:0:0, 3:2:1:0:1, 2:0:0:0:0, 3:2:0:0:0, 3:3:1:0:1, 3:1:0:0:0, 3:0:0:0:1, 3:2:0:0:0, 1:0:0:0:0, 2:3:0:0:0, 3:1:0:0:2, 4:0:0:0:0, 3:1:0:0:0, 3:2:1:0:1, 3:0:0:0:0, 2:2:0:0:0, 2:0:0:0:1, 2:3:0:0:0, 4:1:0:0:0, 2:0:0:0:0, 3:2:0:0:0, 2:0:0:0:0, 3:2:0:0:0, 0:0:0:0:0, 3:3:0:0:4, 3:0:0:0:0, 2:3:0:0:0, 2:0:0:0:0, 2:0:0:0:0, 3:2:1:0:1, 2:0:0:0:0, 3:1:1:0:3, 0:0:0:0:0, 3:3:0:0:0, 2:0:0:0:0, 2:0:0:0:0, 2:3:0:0:0, 3:2:0:0:0, 3:0:0:0:0, 4:1:0:0:0, 1:0:0:0:0, 3:2:1:0:1, 2:0:0:0:0, 1:0:0:0:0, 1:0:0:0:0, 3:2:1:0:1, 2:0:0:0:0, 2:2:0:0:0, 2:0:0:0:1, 2:2:1:0:1, 2:0:0:0:0, 2:0:0:0:0, 3:2:1:0:1, 3:0:0:0:0, 1:3:0:0:0, 1:0:0:0:0, 4:3:0:0:4, 3:0:0:0:0, 3:2:0:0:0, 2:0:0:0:0, 2:0:0:0:0, 2:3:0:0:0, 2:0:0:0:0, 2:3:0:0:0, 0:0:0:0:0, 3:2:0:0:0, 3:1:0:0:0, 2:0:0:0:0, 2:3:1:0:1, 2:2:0:0:0, 3:1:0:0:0, 2:3:0:0:0, 1:0:0:0:1, 2:3:0:0:0, 2:0:0:0:0, 2:0:0:0:0, 1:0:0:0:0, 3:2:1:0:1, 3:0:0:0:1, 3:1:1:0:3, 2:0:1:0:2, 3:2:1:0:1, 2:0:0:0:0, 2:0:0:0:0, 2:2:1:0:1, 3:0:0:0:0, 2:3:0:0:0, 1:0:0:0:0, 2:4:0:0:4, 3:0:0:0:0, 2:3:0:0:0, 3:0:0:0:0, 3:1:0:0:0, 3:2:0:0:0, 2:0:0:0:0, 2:3:0:0:0, 1:0:0:0:0, 3:2:1:0:1, 2:0:0:0:0, 3:1:0:0:0, 3:2:1:0:1, 3:1:0:0:0, 3:0:0:0:1, 3:2:0:0:0, 1:0:0:0:0, 2:3:0:0:0, 3:1:0:0:2, 4:0:0:0:0, 3:1:0:0:0, 3:2:1:0:1, 3:0:0:0:0, 2:2:0:0:0, 2:0:0:0:1, 2:3:0:0:0, 4:1:0:0:0, 2:0:0:0:0, 3:2:0:0:0, 2:0:0:0:0, 3:2:0:0:0, 0:0:0:0:0, 3:3:0:0:4, 3:0:0:0:0, 2:3:0:0:0, 2:0:0:0:0, 2:0:0:0:0, 3:2:1:0:1, 2:0:0:0:0, 3:1:1:0:3, 1:0:0:0:0, 2:3:0:0:0, 2:0:0:0:0, 2:0:0:0:0, 2:3:0:0:0, 3:2:0:0:0, 3:0:0:0:0, 4:1:0:0:0, 1:0:0:0:0, 3:2:1:0:1, 2:0:0:0:0, 1:0:0:0:0, 1:0:0:0:0, 3:2:1:0:1, 2:0:0:0:0, 2:2:0:0:0, 2:0:0:0:1, 2:2:1:0:1, 2:0:0:0:0, 2:0:0:0:0, 2:2:1:0:1, 3:0:0:0:0, 1:3:0:0:0, 1:0:0:0:0, 4:3:0:0:4, 3:0:0:0:0, 3:2:0:0:0, 3:1:0:0:1, 2:0:0:0:0, 2:3:0:0:0, 2:0:0:0:0, 2:3:0:0:0, 0:0:0:0:0, 3:3:0:0:0, 2:1:0:0:0, 2:0:0:0:0, 2:3:0:0:0, 1:0:0:0:0, 1:0:0:0:0, 1:4:0:0:4, 1:1:0:0:1, 1:0:0:0:0, 2:3:1:0:1, 1:0:0:0:1, 1:0:0:0:1, 1:0:0:0:1, 699:330:47:2:139
C minor blues (3b), 2:0:0:0:1, 2:0:0:0:0, 1:0:0:0:0, 3:0:0:0:4, 1:0:0:0:1, 1:0:0:0:0, 1:0:0:0:0, 1:0:0:0:0, 1:0:0:0:0, 2:0:0:0:0, 1:0:0:0:0, 3:0:0:0:4, 2:0:0:0:2, 2:0:0:0:1, 2:0:0:0:0, 2:1:0:0:2, 0:0:0:0:0, 0:0:0:0:0, 2:0:0:0:3, 1:0:0:0:1, 1:0:0:0:0, 0:0:0:0:0, 2:0:0:0:1, 2:0:1:0:0, 2:0:0:0:1, 4:0:0:0:1, 2:1:0:0:2, 4:0:0:0:2, 1:0:0:0:0, 2:0:0:0:1, 1:0:1:0:0, 0:0:0:0:0, 1:0:0:0:1, 0:0:0:0:0, 1:0:0:0:0, 1:0:0:0:0, 1:1:0:0:1, 3:0:0:0:3, 0:0:0:0:0, 0:0:0:0:0, 2:0:0:0:1, 2:0:0:0:1, 1:0:0:0:0, 2:0:0:0:3, 2:0:0:0:1, 1:0:0:0:0, 2:0:0:0:0, 1:0:0:0:0, 2:1:0:0:2, 2:0:0:0:0, 2:0:0:0:0, 1:0:0:0:3, 2:0:0:0:1, 2:0:0:0:0, 1:0:0:0:0, 1:0:0:0:0, 0:0:0:0:0, 0:0:0:0:0, 3:0:0:0:2, 2:0:0:0:1, 0:0:0:0:0, 1:0:0:0:1, 2:0:0:0:2, 2:0:0:0:0, 1:0:0:0:0, 3:0:0:0:1, 1:0:0:0:0, 1:0:0:0:3, 2:0:0:0:1, 2:0:0:0:1, 1:0:0:0:0, 1:0:0:0:0, 3:0:0:0:2, 1:0:0:0:0, 1:0:0:0:0, 2:0:0:0:3, 2:0:0:0:1, 1:0:0:0:0, 1:0:0:0:0, 2:0:0:0:1, 1:0:0:0:0, 2:0:1:0:0, 2:1:0:0:2, 2:0:0:0:2, 2:0:0:0:1, 2:0:0:0:1, 1:0:0:0:2, 1:1:0:0:1, 1:0:0:0:0, 1:0:0:0:1, 2:0:0:0:4, 1:0:0:0:0, 1:0:0:0:0, 1:0:0:0:1, 1:0:0:0:0, 1:0:0:0:2, 1:0:0:0:0, 2:0:0:0:1, 2:0:0:0:0, 2:0:0:0:2, 1:0:1:0:0, 2:0:0:0:1, 1:0:0:0:0, 2:0:0:0:1, 2:0:0:0:0, 1:0:0:0:0, 1:0:0:0:0, 2:0:0:0:3, 0:0:0:0:0, 2:0:0:0:1, 1:0:0:0:0, 1:0:0:0:0, 2:0:0:0:1, 1:0:0:0:0, 1:0:0:0:0, 2:0:0:0:2, 1:0:0:0:0, 1:0:0:0:0, 2:0:0:0:0, 2:0:0:0:1, 1:0:0:0:0, 0:0:0:0:0, 3:0:0:0:2, 1:0:0:0:1, 0:0:0:0:0, 0:0:0:0:0, 1:0:0:0:0, 3:0:0:0:0, 2:0:0:0:1, 1:0:0:0:0, 1:0:0:0:0, 2:0:0:0:3, 2:0:0:0:1, 2:0:0:0:1, 1:0:0:0:0, 1:1:0:0:1, 3:0:0:0:1, 0:0:0:0:0, 1:0:0:0:0, 2:0:0:0:3, 1:0:0:0:1, 1:0:0:0:0, 2:0:0:0:0, 2:0:0:0:0, 2:0:0:0:1, 2:0:0:0:2, 1:1:0:0:1, 3:0:0:0:3, 1:0:0:0:0, 2:0:0:0:0, 2:0:0:0:0, 1:0:0:0:0, 0:0:0:0:0, 0:0:0:0:0, 3:0:0:0:2, 0:0:0:0:0, 1:0:0:0:0, 1:0:0:0:0, 1:0:0:0:0, 1:0:0:0:0, 2:0:0:0:1, 1:0:0:0:0, 1:0:0:0:0, 3:0:0:0:4, 0:0:0:0:0, 2:0:0:0:1, 2:0:0:0:0, 1:0:0:0:0, 1:0:0:0:0, 2:0:0:0:1, 2:0:0:0:1, 2:0:0:0:3, 2:0:0:0:1, 1:0:0:0:0, 2:0:0:0:1, 1:0:0:0:0, 2:0:0:0:1, 2:0:0:0:1, 2:0:0:0:0, 2:1:0:0:4, 1:0:0:0:0, 2:0:0:0:0, 2:0:0:0:0, 1:0:0:0:0, 1:0:0:0:0, 2:0:0:0:0, 4:0:0:0:3, 0:0:0:0:0, 0:0:0:0:0, 0:0:0:0:0, 1:0:0:0:0, 1:0:0:0:0, 1:0:0:0:0, 1:0:0:0:0, 1:0:0:0:0, 2:0:0:0:3, 2:0:0:0:1, 2:1:0:0:1, 2:0:0:0:1, 1:0:0:0:0, 2:0:0:0:0, 1:0:0:0:0, 1:0:0:0:0, 3:0:0:0:2, 0:0:0:0:0, 2:0:0:0:1, 1:0:0:0:0, 1:0:0:0:0, 2:0:0:0:1, 1:0:0:0:0, 1:0:0:0:0, 3:0:0:0:1, 1:0:0:0:0, 1:0:0:0:0, 2:0:0:0:0, 2:0:0:0:1, 1:0:0:0:0, 0:0:0:0:0, 3:0:0:0:2, 1:0:0:0:1, 0:0:0:0:0, 0:0:0:0:0, 1:0:0:0:0, 1:0:0:0:0, 2:0:0:0:1, 1:0:0:0:0, 1:0:0:0:0, 2:0:0:0:3, 2:0:0:0:1, 2:0:0:0:1, 1:0:0:0:0, 1:1:0:0:1, 3:0:0:0:1, 0:0:0:0:0, 1:0:0:0:0, 3:0:0:0:3, 1:0:0:0:1, 1:0:0:0:0, 2:0:0:0:0, 2:0:0:0:0, 2:0:0:0:1, 2:0:0:0:2, 1:1:0:0:1, 3:0:0:0:3, 1:0:0:0:0, 2:0:0:0:0, 2:0:0:0:0, 1:0:0:0:0, 0:0:0:0:0, 0:0:0:0:0, 3:0:0:0:2, 0:0:0:0:0, 1:0:0:0:0, 1:0:0:0:0, 1:0:0:0:0, 1:0:0:0:0, 2:0:0:0:1, 1:0:0:0:0, 1:0:0:0:0, 2:0:0:0:3, 1:0:0:0:0, 2:0:0:0:1, 2:0:0:0:0, 1:0:0:0:0, 1:0:0:0:0, 2:0:0:0:1, 1:0:0:0:0, 2:0:0:0:3, 2:0:0:0:1, 1:0:0:0:0, 2:0:0:0:1, 1:0:0:0:0, 2:0:0:0:1, 2:0:0:0:1, 3:0:0:0:0, 2:1:0:0:5, 1:0:0:0:0, 2:0:0:0:0, 2:0:0:0:0, 2:0:0:0:1, 1:0:0:0:0, 2:0:0:0:0, 4:0:0:0:3, 1:0:0:0:1, 0:0:0:0:0, 0:0:0:0:0, 2:0:0:0:0, 1:0:0:0:0, 1:0:0:0:0, 1:0:0:0:0, 1:0:0:0:0, 3:0:0:0:3, 1:0:0:0:1, 1:0:0:0:0, 2:0:0:0:1, 0:0:0:0:0, 0:0:0:0:0, 0:0:0:0:0, 0:0:0:0:0, 1:0:0:0:0, 0:0:0:0:0, 4:0:1:0:3, 0:0:0:0:0, 0:0:0:0:0, 0:0:0:0:0, 433:13:5:0:206
F# minor blues (3#), 3:2:0:0:0, 2:0:0:0:0, 3:1:1:0:3, 0:0:0:0:0, 2:3:0:0:0, 2:0:0:0:0, 2:0:0:0:0, 2:0:0:0:0, 2:3:0:0:0, 2:0:0:0:0, 3:2:1:0:1, 0:0:0:0:0, 4:1:0:0:0, 2:0:0:0:0, 2:0:0:0:0, 2:2:1:0:1, 2:0:0:0:0, 2:3:0:0:0, 0:0:0:0:0, 4:3:0:0:5, 3:0:0:2:2, 2:3:0:0:0, 2:0:0:0:0, 3:0:0:0:1, 3:2:1:0:1, 3:0:0:0:0, 2:2:1:0:1, 2:0:0:0:1, 2:3:0:0:0, 1:0:0:0:0, 4:1:0:0:2, 3:4:0:0:1, 1:0:0:0:0, 3:0:0:0:0, 2:3:0:0:4, 3:1:0:0:1, 2:0:0:0:0, 1:0:0:0:1, 1:2:0:0:0, 1:2:0:0:0, 3:2:1:0:1, 2:0:0:0:0, 3:1:1:0:3, 1:0:1:0:1, 3:2:1:0:1, 3:0:0:0:0, 4:0:0:0:0, 3:1:0:0:0, 3:2:1:0:1, 4:1:0:0:0, 2:2:0:0:0, 2:0:0:0:0, 3:2:1:0:1, 3:0:0:0:0, 3:1:0:0:0, 3:2:1:0:1, 3:0:0:0:0, 3:2:0:0:0, 0:0:0:0:0, 4:3:0:0:4, 2:0:0:0:0, 3:2:0:0:0, 2:0:0:0:0, 4:0:0:0:0, 2:2:0:0:0, 4:1:0:0:1, 3:1:0:0:0, 2:0:0:0:0, 3:2:1:0:1, 2:0:0:0:0, 3:1:0:0:0, 3:2:1:0:1, 3:1:0:0:0, 3:1:0:0:1, 2:2:0:0:0, 1:0:0:0:0, 3:2:1:0:1, 2:0:0:0:0, 2:0:0:0:0, 3:0:0:0:1, 2:2:0:0:0, 3:1:0:0:0, 2:2:1:0:1, 1:1:0:0:1, 2:2:0:0:0, 2:0:0:0:0, 2:0:0:0:0, 2:3:0:0:1, 3:0:0:0:0, 4:1:0:0:0, 0:0:0:0:0, 3:3:0:0:3, 3:0:0:0:0, 4:2:0:0:0, 1:0:0:0:0, 2:0:0:0:0, 2:3:0:0:0, 3:0:0:0:0, 3:1:0:0:0, 1:0:0:0:0, 3:4:1:0:1, 2:0:0:0:0, 5:1:0:0:2, 2:1:0:0:0, 2:2:0:0:0, 3:1:0:0:0, 2:3:0:0:0, 0:0:0:0:0, 2:3:0:0:0, 2:0:0:0:0, 3:0:0:0:1, 1:0:0:0:0, 3:2:1:0:1, 3:0:0:0:1, 3:1:1:0:3, 1:0:1:0:1, 3:2:1:0:1, 2:0:0:0:0, 2:0:0:0:0, 2:2:1:0:1, 3:0:0:0:0, 2:3:0:0:0, 1:0:0:0:0, 2:4:0:0:4, 3:0:0:0:0, 2:3:0:0:0, 3:0:0:0:0, 3:1:0:0:0, 3:2:0:0:0, 2:0:0:0:0, 2:3:0:0:0, 1:0:0:0:0, 3:2:1:0:1, 2:0:0:0:0, 3:2:0:0:0, 3:3:1:0:1, 3:1:0:0:0, 3:0:0:0:1, 3:2:0:0:0, 1:0:0:0:0, 2:3:0:0:0, 3:1:0:0:2, 4:0:0:0:0, 3:1:0:0:0, 3:2:1:0:1, 3:0:0:0:0, 2:2:0:0:0, 2:0:0:0:1, 2:3:0:0:0, 4:1:0:0:0, 2:0:0:0:0, 3:2:0:0:0, 2:0:0:0:0, 3:2:0:0:0, 0:0:0:0:0, 3:3:0:0:4, 3:0:0:0:0, 2:3:0:0:0, 2:0:0:0:0, 2:0:0:0:0, 3:2:1:0:1, 2:0:0:0:0, 3:1:1:0:3, 0:0:0:0:0, 3:3:0:0:0, 2:0:0:0:0, 2:0:0:0:0, 2:3:0:0:0, 3:2:0:0:0, 3:0:0:0:0, 4:1:0:0:0, 1:0:0:0:0, 3:2:1:0:1, 2:0:0:0:0, 1:0:0:0:0, 1:0:0:0:0, 3:2:1:0:1, 2:0:0:0:0, 2:2:0:0:0, 2:0:0:0:1, 2:2:1:0:1, 2:0:0:0:0, 2:0:0:0:0, 3:2:1:0:1, 3:0:0:0:0, 1:3:0:0:0, 1:0:0:0:0, 4:3:0:0:4, 3:0:0:0:0, 3:2:0:0:0, 2:0:0:0:0, 2:0:0:0:0, 2:3:0:0:0, 2:0:0:0:0, 2:3:0:0:0, 0:0:0:0:0, 3:2:0:0:0, 3:1:0:0:0, 2:0:0:0:0, 2:3:1:0:1, 2:2:0:0:0, 3:1:0:0:0, 2:3:0:0:0, 1:0:0:0:1, 2:3:0:0:0, 2:0:0:0:0, 2:0:0:0:0, 1:0:0:0:0, 3:2:1:0:1, 3:0:0:0:1, 3:1:1:0:3, 2:0:1:0:2, 3:2:1:0:1, 2:0:0:0:0, 2:0:0:0:0, 2:2:1:0:1, 3:0:0:0:0, 2:3:0:0:0, 1:0:0:0:0, 2:4:0:0:4, 3:0:0:0:0, 2:3:0:0:0, 3:0:0:0:0, 3:1:0:0:0, 3:2:0:0:0, 2:0:0:0:0, 2:3:0:0:0, 1:0:0:0:0, 3:2:1:0:1, 2:0:0:0:0, 3:1:0:0:0, 3:2:1:0:1, 3:1:0:0:0, 3:0:0:0:1, 3:2:0:0:0, 1:0:0:0:0, 2:3:0:0:0, 3:1:0:0:2, 4:0:0:0:0, 3:1:0:0:0, 3:2:1:0:1, 3:0:0:0:0, 2:2:0:0:0, 2:0:0:0:1, 2:3:0:0:0, 4:1:0:0:0, 2:0:0:0:0, 3:2:0:0:0, 2:0:0:0:0, 3:2:0:0:0, 0:0:0:0:0, 3:3:0:0:4, 3:0:0:0:0, 2:3:0:0:0, 2:0:0:0:0, 2:0:0:0:0, 3:2:1:0:1, 2:0:0:0:0, 3:1:1:0:3, 1:0:0:0:0, 2:3:0:0:0, 2:0:0:0:0, 2:0:0:0:0, 2:3:0:0:0, 3:2:0:0:0, 3:0:0:0:0, 4:1:0:0:0, 1:0:0:0:0, 3:2:1:0:1, 2:0:0:0:0, 1:0:0:0:0, 1:0:0:0:0, 3:2:1:0:1, 2:0:0:0:0, 2:2:0:0:0, 2:0:0:0:1, 2:2:1:0:1, 2:0:0:0:0, 2:0:0:0:0, 2:2:1:0:1, 3:0:0:0:0, 1:3:0:0:0, 1:0:0:0:0, 4:3:0:0:4, 3:0:0:0:0, 3:2:0:0:0, 3:1:0:0:1, 2:0:0:0:0, 2:3:0:0:0, 2:0:0:0:0, 2:3:0:0:0, 0:0:0:0:0, 3:3:0:0:0, 2:1:0:0:0, 2:0:0:0:0, 2:3:0:0:0, 1:0:0:0:0, 1:0:0:0:0, 1:4:0:0:4, 1:1:0:0:1, 1:0:0:0:0, 2:3:1:0:1, 1:0:0:0:1, 1:0:0:0:1, 1:0:0:0:1, 699:330:47:2:139
Eb dorian (3b), 2:0:0:0:1, 2:0:0:0:0, 1:0:0:0:0, 3:0:0:0:4, 1:0:0:0:1, 1:0:0:0:0, 1:0:0:0:0, 1:0:0:0:0, 1:0:0:0:0, 2:0:0:0:0, 1:0:0:0:0, 3:0:0:0:4, 2:0:0:0:2, 2:0:0:0:1, 2:0:0:0:0, 2:1:0:0:2, 0:0:0:0:0, 0:0:0:0:0, 2:0:0:0:3, 1:0:0:0:1, 1:0:0:0:0, 0:0:0:0:0, 2:0:0:0:1, 2:0:1:0:0, 2:0:0:0:1, 4:0:0:0:1, 2:1:0:0:2, 4:0:0:0:2, 1:0:0:0:0, 2:0:0:0:1, 1:0:1:0:0, 0:0:0:0:0, 1:0:0:0:1, 0:0:0:0:0, 1:0:0:0:0, 1:0:0:0:0, 1:1:0:0:1, 3:0:0:0:3, 0:0:0:0:0, 0:0:0:0:0, 2:0:0:0:1, 2:0:0:0:1, 1:0:0:0:0, 2:0:0:0:3, 2:0:0:0:1, 1:0:0:0:0, 2:0:0:0:0, 1:0:0:0:0, 2:1:0:0:2, 2:0:0:0:0, 2:0:0:0:0, 1:0:0:0:3, 2:0:0:0:1, 2:0:0:0:0, 1:0:0:0:0, 1:0:0:0:0, 0:0:0:0:0, 0:0:0:0:0, 3:0:0:0:2, 2:0:0:0:1, 0:0:0:0:0, 1:0:0:0:1, 2:0:0:0:2, 2:0:0:0:0, 1:0:0:0:0, 3:0:0:0:1, 1:0:0:0:0, 1:0:0:0:3, 2:0:0:0:1, 2:0:0:0:1, 1:0:0:0:0, 1:0:0:0:0, 3:0:0:0:2, 1:0:0:0:0, 1:0:0:0:0, 2:0:0:0:3, 2:0:0:0:1, 1:0:0:0:0, 1:0:0:0:0, 2:0:0:0:1, 1:0:0:0:0, 2:0:1:0:0, 2:1:0:0:2, 2:0:0:0:2, 2:0:0:0:1, 2:0:0:0:1, 1:0:0:0:2, 1:1:0:0:1, 1:0:0:0:0, 1:0:0:0:1, 2:0:0:0:4, 1:0:0:0:0, 1:0:0:0:0, 1:0:0:0:1, 1:0:0:0:0, 1:0:0:0:2, 1:0:0:0:0, 2:0:0:0:1, 2:0:0:0:0, 2:0:0:0:2, 1:0:1:0:0, 2:0:0:0:1, 1:0:0:0:0, 2:0:0:0:1, 2:0:0:0:0, 1:0:0:0:0, 1:0:0:0:0, 2:0:0:0:3, 0:0:0:0:0, 2:0:0:0:1, 1:0:0:0:0, 1:0:0:0:0, 2:0:0:0:1, 1:0:0:0:0, 1:0:0:0:0, 2:0:0:0:2, 1:0:0:0:0, 1:0:0:0:0, 2:0:0:0:0, 2:0:0:0:1, 1:0:0:0:0, 0:0:0:0:0, 3:0:0:0:2, 1:0:0:0:1, 0:0:0:0:0, 0:0:0:0:0, 1:0:0:0:0, 3:0:0:0:0, 2:0:0:0:1, 1:0:0:0:0, 1:0:0:0:0, 2:0:0:0:3, 2:0:0:0:1, 2:0:0:0:1, 1:0:0:0:0, 1:1:0:0:1, 3:0:0:0:1, 0:0:0:0:0, 1:0:0:0:0, 2:0:0:0:3, 1:0:0:0:1, 1:0:0:0:0, 2:0:0:0:0, 2:0:0:0:0, 2:0:0:0:1, 2:0:0:0:2, 1:1:0:0:1, 3:0:0:0:3, 1:0:0:0:0, 2:0:0:0:0, 2:0:0:0:0, 1:0:0:0:0, 0:0:0:0:0, 0:0:0:0:0, 3:0:0:0:2, 0:0:0:0:0, 1:0:0:0:0, 1:0:0:0:0, 1:0:0:0:0, 1:0:0:0:0, 2:0:0:0:1, 1:0:0:0:0, 1:0:0:0:0, 3:0:0:0:4, 0:0:0:0:0, 2:0:0:0:1, 2:0:0:0:0, 1:0:0:0:0, 1:0:0:0:0, 2:0:0:0:1, 2:0:0:0:1, 2:0:0:0:3, 2:0:0:0:1, 1:0:0:0:0, 2:0:0:0:1, 1:0:0:0:0, 2:0:0:0:1, 2:0:0:0:1, 2:0:0:0:0, 2:1:0:0:4, 1:0:0:0:0, 2:0:0:0:0, 2:0:0:0:0, 1:0:0:0:0, 1:0:0:0:0, 2:0:0:0:0, 4:0:0:0:3, 0:0:0:0:0, 0:0:0:0:0, 0:0:0:0:0, 1:0:0:0:0, 1:0:0:0:0, 1:0:0:0:0, 1:0:0:0:0, 1:0:0:0:0, 2:0:0:0:3, 2:0:0:0:1, 2:1:0:0:1, 2:0:0:0:1, 1:0:0:0:0, 2:0:0:0:0, 1:0:0:0:0, 1:0:0:0:0, 3:0:0:0:2, 0:0:0:0:0, 2:0:0:0:1, 1:0:0:0:0, 1:0:0:0:0, 2:0:0:0:1, 1:0:0:0:0, 1:0:0:0:0, 3:0:0:0:1, 1:0:0:0:0, 1:0:0:0:0, 2:0:0:0:0, 2:0:0:0:1, 1:0:0:0:0, 0:0:0:0:0, 3:0:0:0:2, 1:0:0:0:1, 0:0:0:0:0, 0:0:0:0:0, 1:0:0:0:0, 1:0:0:0:0, 2:0:0:0:1, 1:0:0:0:0, 1:0:0:0:0, 2:0:0:0:3, 2:0:0:0:1, 2:0:0:0:1, 1:0:0:0:0, 1:1:0:0:1, 3:0:0:0:1, 0:0:0:0:0, 1:0:0:0:0, 3:0:0:0:3, 1:0:0:0:1, 1:0:0:0:0, 2:0:0:0:0, 2:0:0:0:0, 2:0:0:0:1, 2:0:0:0:2, 1:1:0:0:1, 3:0:0:0:3, 1:0:0:0:0, 2:0:0:0:0, 2:0:0:0:0, 1:0:0:0:0, 0:0:0:0:0, 0:0:0:0:0, 3:0:0:0:2, 0:0:0:0:0, 1:0:0:0:0, 1:0:0:0:0, 1:0:0:0:0, 1:0:0:0:0, 2:0:0:0:1, 1:0:0:0:0, 1:0:0:0:0, 2:0:0:0:3, 1:0:0:0:0, 2:0:0:0:1, 2:0:0:0:0, 1:0:0:0:0, 1:0:0:0:0, 2:0:0:0:1, 1:0:0:0:0, 2:0:0:0:3, 2:0:0:0:1, 1:0:0:0:0, 2:0:0:0:1, 1:0:0:0:0, 2:0:0:0:1, 2:0:0:0:1, 3:0:0:0:0, 2:1:0:0:5, 1:0:0:0:0, 2:0:0:0:0, 2:0:0:0:0, 2:0:0:0:1, 1:0:0:0:0, 2:0:0:0:0, 4:0:0:0:3, 1:0:0:0:1, 0:0:0:0:0, 0:0:0:0:0, 2:0:0:0:0, 1:0:0:0:0, 1:0:0:0:0, 1:0:0:0:0, 1:0:0:0:0, 3:0:0:0:3, 1:0:0:0:1, 1:0:0:0:0, 2:0:0:0:1, 0:0:0:0:0, 0:0:0:0:0, 0:0:0:0:0, 0:0:0:0:0, 1:0:0:0:0, 0:0:0:0:0, 4:0:1:0:3, 0:0:0:0:0, 0:0:0:0:0, 0:0:0:0:0, 433:13:5:0:206
A dorian (3#), 3:2:0:0:0, 2:0:0:0:0, 3:1:1:0:3, 0:0:0:0:0, 2:3:0:0:0, 2:0:0:0:0, 2:0:0:0:0, 2:0:0:0:0, 2:3:0:0:0, 2:0:0:0:0, 3:2:1:0:1, 0:0:0:0:0, 4:1:0:0:0, 2:0:0:0:0, 2:0:0:0:0, 2:2:1:0:1, 2:0:0:0:0, 2:3:0:0:0, 0:0:0:0:0, 4:3:0:0:5, 3:0:0:2:2, 2:3:0:0:0, 2:0:0:0:0, 3:0:0:0:1, 3:2:1:0:1, 3:0:0:0:0, 2:2:1:0:1, 2:0:0:0:1, 2:3:0:0:0, 1:0:0:0:0, 4:1:0:0:2, 3:4:0:0:1, 1:0:0:0:0, 3:0:0:0:0, 2:3:0:0:4, 3:1:0:0:1, 2:0:0:0:0, 1:0:0:0:1, 1:2:0:0:0, 1:2:0:0:0, 3:2:1:0:1, 2:0:0:0:0, 3:1:1:0:3, 1:0:1:0:1, 3:2:1:0:1, 3:0:0:0:0, 4:0:0:0:0, 3:1:0:0:0, 3:2:1:0:1, 4:1:0:0:0, 2:2:0:0:0, 2:0:0:0:0, 3:2:1:0:1, 3:0:0:0:0, 3:1:0:0:0, 3:2:1:0:1, 3:0:0:0:0, 3:2:0:0:0, 0:0:0:0:0, 4:3:0:0:4, 2:0:0:0:0, 3:2:0:0:0, 2:0:0:0:0, 4:0:0:0:0, 2:2:0:0:0, 4:1:0:0:1, 3:1:0:0:0, 2:0:0:0:0, 3:2:1:0:1, 2:0:0:0:0, 3:1:0:0:0, 3:2:1:0:1, 3:1:0:0:0, 3:1:0:0:1, 2:2:0:0:0, 1:0:0:0:0, 3:2:1:0:1, 2:0:0:0:0, 2:0:0:0:0, 3:0:0:0:1, 2:2:0:0:0, 3:1:0:0:0, 2:2:1:0:1, 1:1:0:0:1, 2:2:0:0:0, 2:0:0:0:0, 2:0:0:0:0, 2:3:0:0:1, 3:0:0:0:0, 4:1:0:0:0, 0:0:0:0:0, 3:3:0:0:3, 3:0:0:0:0, 4:2:0:0:0, 1:0:0:0:0, 2:0:0:0:0, 2:3:0:0:0, 3:0:0:0:0, 3:1:0:0:0, 1:0:0:0:0, 3:4:1:0:1, 2:0:0:0:0, 5:1:0:0:2, 2:1:0:0:0, 2:2:0:0:0, 3:1:0:0:0, 2:3:0:0:0, 0:0:0:0:0, 2:3:0:0:0, 2:0:0:0:0, 3:0:0:0:1, 1:0:0:0:0, 3:2:1:0:1, 3:0:0:0:1, 3:1:1:0:3, 1:0:1:0:1, 3:2:1:0:1, 2:0:0:0:0, 2:0:0:0:0, 2:2:1:0:1, 3:0:0:0:0, 2:3:0:0:0, 1:0:0:0:0, 2:4:0:0:4, 3:0:0:0:0, 2:3:0:0:0, 3:0:0:0:0, 3:1:0:0:0, 3:2:0:0:0, 2:0:0:0:0, 2:3:0:0:0, 1:0:0:0:0, 3:2:1:0:1, 2:0:0:0:0, 3:2:0:0:0, 3:3:1:0:1, 3:1:0:0:0, 3:0:0:0:1, 3:2:0:0:0, 1:0:0:0:0, 2:3:0:0:0, 3:1:0:0:2, 4:0:0:0:0, 3:1:0:0:0, 3:2:1:0:1, 3:0:0:0:0, 2:2:0:0:0, 2:0:0:0:1, 2:3:0:0:0, 4:1:0:0:0, 2:0:0:0:0, 3:2:0:0:0, 2:0:0:0:0, 3:2:0:0:0, 0:0:0:0:0, 3:3:0:0:4, 3:0:0:0:0, 2:3:0:0:0, 2:0:0:0:0, 2:0:0:0:0, 3:2:1:0:1, 2:0:0:0:0, 3:1:1:0:3, 0:0:0:0:0, 3:3:0:0:0, 2:0:0:0:0, 2:0:0:0:0, 2:3:0:0:0, 3:2:0:0:0, 3:0:0:0:0, 4:1:0:0:0, 1:0:0:0:0, 3:2:1:0:1, 2:0:0:0:0, 1:0:0:0:0, 1:0:0:0:0, 3:2:1:0:1, 2:0:0:0:0, 2:2:0:0:0, 2:0:0:0:1, 2:2:1:0:1, 2:0:0:0:0, 2:0:0:0:0, 3:2:1:0:1, 3:0:0:0:0, 1:3:0:0:0, 1:0:0:0:0, 4:3:0:0:4, 3:0:0:0:0, 3:2:0:0:0, 2:0:0:0:0, 2:0:0:0:0, 2:3:0:0:0, 2:0:0:0:0, 2:3:0:0:0, 0:0:0:0:0, 3:2:0:0:0, 3:1:0:0:0, 2:0:0:0:0, 2:3:1:0:1, 2:2:0:0:0, 3:1:0:0:0, 2:3:0:0:0, 1:0:0:0:1, 2:3:0:0:0, 2:0:0:0:0, 2:0:0:0:0, 1:0:0:0:0, 3:2:1:0:1, 3:0:0:0:1, 3:1:1:0:3, 2:0:1:0:2, 3:2:1:0:1, 2:0:0:0:0, 2:0:0:0:0, 2:2:1:0:1, 3:0:0:0:0, 2:3:0:0:0, 1:0:0:0:0, 2:4:0:0:4, 3:0:0:0:0, 2:3:0:0:0, 3:0:0:0:0, 3:1:0:0:0, 3:2:0:0:0, 2:0:0:0:0, 2:3:0:0:0, 1:0:0:0:0, 3:2:1:0:1, 2:0:0:0:0, 3:1:0:0:0, 3:2:1:0:1, 3:1:0:0:0, 3:0:0:0:1, 3:2:0:0:0, 1:0:0:0:0, 2:3:0:0:0, 3:1:0:0:2, 4:0:0:0:0, 3:1:0:0:0, 3:2:1:0:1, 3:0:0:0:0, 2:2:0:0:0, 2:0:0:0:1, 2:3:0:0:0, 4:1:0:0:0, 2:0:0:0:0, 3:2:0:0:0, 2:0:0:0:0, 3:2:0:0:0, 0:0:0:0:0, 3:3:0:0:4, 3:0:0:0:0, 2:3:0:0:0, 2:0:0:0:0, 2:0:0:0:0, 3:2:1:0:1, 2:0:0:0:0, 3:1:1:0:3, 1:0:0:0:0, 2:3:0:0:0, 2:0:0:0:0, 2:0:0:0:0, 2:3:0:0:0, 3:2:0:0:0, 3:0:0:0:0, 4:1:0:0:0, 1:0:0:0:0, 3:2:1:0:1, 2:0:0:0:0, 1:0:0:0:0, 1:0:0:0:0, 3:2:1:0:1, 2:0:0:0:0, 2:2:0:0:0, 2:0:0:0:1, 2:2:1:0:1, 2:0:0:0:0, 2:0:0:0:0, 2:2:1:0:1, 3:0:0:0:0, 1:3:0:0:0, 1:0:0:0:0, 4:3:0:0:4, 3:0:0:0:0, 3:2:0:0:0, 3:1:0:0:1, 2:0:0:0:0, 2:3:0:0:0, 2:0:0:0:0, 2:3:0:0:0, 0:0:0:0:0, 3:3:0:0:0, 2:1:0:0:0, 2:0:0:0:0, 2:3:0:0:0, 1:0:0:0:0, 1:0:0:0:0, 1:4:0:0:4, 1:1:0:0:1, 1:0:0:0:0, 2:3:1:0:1, 1:0:0:0:1, 1:0:0:0:1, 1:0:0:0:1, 699:330:47:2:139
Eb phrygian (3b), 2:0:0:0:1, 2:0:0:0:0, 1:0:0:0:0, 3:0:0:0:4, 1:0:0:0:1, 1:0:0:0:0, 1:0:0:0:0, 1:0:0:0:0, 1:0:0:0:0, 2:0:0:0:0, 1:0:0:0:0, 3:0:0:0:4, 2:0:0:0:2, 2:0:0:0:1, 2:0:0:0:0, 2:1:0:0:2, 0:0:0:0:0, 0:0:0:0:0, 2:0:0:0:3, 1:0:0:0:1, 1:0:0:0:0, 0:0:0:0:0, 2:0:0:0:1, 2:0:1:0:0, 2:0:0:0:1, 4:0:0:0:1, 2:1:0:0:2, 4:0:0:0:2, 1:0:0:0:0, 2:0:0:0:1, 1:0:1:0:0, 0:0:0:0:0, 1:0:0:0:1, 0:0:0:0:0, 1:0:0:0:0, 1:0:0:0:0, 1:1:0:0:1, 3:0:0:0:3, 0:0:0:0:0, 0:0:0:0:0, 2:0:0:0:1, 2:0:0:0:1, 1:0:0:0:0, 2:0:0:0:3, 2:0:0:0:1, 1:0:0:0:0, 2:0:0:0:0, 1:0:0:0:0, 2:1:0:0:2, 2:0:0:0:0, 2:0:0:0:0, 1:0:0:0:3, 2:0:0:0:1, 2:0:0:0:0, 1:0:0:0:0, 1:0:0:0:0, 0:0:0:0:0, 0:0:0:0:0, 3:0:0:0:2, 2:0:0:0:1, 0:0:0:0:0, 1:0:0:0:1, 2:0:0:0:2, 2:0:0:0:0, 1:0:0:0:0, 3:0:0:0:1, 1:0:0:0:0, 1:0:0:0:3, 2:0:0:0:1, 2:0:0:0:1, 1:0:0:0:0, 1:0:0:0:0, 3:0:0:0:2, 1:0:0:0:0, 1:0:0:0:0, 2:0:0:0:3, 2:0:0:0:1, 1:0:0:0:0, 1:0:0:0:0, 2:0:0:0:1, 1:0:0:0:0, 2:0:1:0:0, 2:1:0:0:2, 2:0:0:0:2, 2:0:0:0:1, 2:0:0:0:1, 1:0:0:0:2, 1:1:0:0:1, 1:0:0:0:0, 1:0:0:0:1, 2:0:0:0:4, 1:0:0:0:0, 1:0:0:0:0, 1:0:0:0:1, 1:0:0:0:0, 1:0:0:0:2, 1:0:0:0:0, 2:0:0:0:1, 2:0:0:0:0, 2:0:0:0:2, 1:0:1:0:0, 2:0:0:0:1, 1:0:0:0:0, 2:0:0:0:1, 2:0:0:0:0, 1:0:0:0:0, 1:0:0:0:0, 2:0:0:0:3, 0:0:0:0:0, 2:0:0:0:1, 1:0:0:0:0, 1:0:0:0:0, 2:0:0:0:1, 1:0:0:0:0, 1:0:0:0:0, 2:0:0:0:2, 1:0:0:0:0, 1:0:0:0:0, 2:0:0:0:0, 2:0:0:0:1, 1:0:0:0:0, 0:0:0:0:0, 3:0:0:0:2, 1:0:0:0:1, 0:0:0:0:0, 0:0:0:0:0, 1:0:0:0:0, 3:0:0:0:0, 2:0:0:0:1, 1:0:0:0:0, 1:0:0:0:0, 2:0:0:0:3, 2:0:0:0:1, 2:0:0:0:1, 1:0:0:0:0, 1:1:0:0:1, 3:0:0:0:1, 0:0:0:0:0, 1:0:0:0:0, 2:0:0:0:3, 1:0:0:0:1, 1:0:0:0:0, 2:0:0:0:0, 2:0:0:0:0, 2:0:0:0:1, 2:0:0:0:2, 1:1:0:0:1, 3:0:0:0:3, 1:0:0:0:0, 2:0:0:0:0, 2:0:0:0:0, 1:0:0:0:0, 0:0:0:0:0, 0:0:0:0:0, 3:0:0:0:2, 0:0:0:0:0, 1:0:0:0:0, 1:0:0:0:0, 1:0:0:0:0, 1:0:0:0:0, 2:0:0:0:1, 1:0:0:0:0, 1:0:0:0:0, 3:0:0:0:4, 0:0:0:0:0, 2:0:0:0:1, 2:0:0:0:0, 1:0:0:0:0, 1:0:0:0:0, 2:0:0:0:1, 2:0:0:0:1, 2:0:0:0:3, 2:0:0:0:1, 1:0:0:0:0, 2:0:0:0:1, 1:0:0:0:0, 2:0:0:0:1, 2:0:0:0:1, 2:0:0:0:0, 2:1:0:0:4, 1:0:0:0:0, 2:0:0:0:0, 2:0:0:0:0, 1:0:0:0:0, 1:0:0:0:0, 2:0:0:0:0, 4:0:0:0:3, 0:0:0:0:0, 0:0:0:0:0, 0:0:0:0:0, 1:0:0:0:0, 1:0:0:0:0, 1:0:0:0:0, 1:0:0:0:0, 1:0:0:0:0, 2:0:0:0:3, 2:0:0:0:1, 2:1:0:0:1, 2:0:0:0:1, 1:0:0:0:0, 2:0:0:0:0, 1:0:0:0:0, 1:0:0:0:0, 3:0:0:0:2, 0:0:0:0:0, 2:0:0:0:1, 1:0:0:0:0, 1:0:0:0:0, 2:0:0:0:1, 1:0:0:0:0, 1:0:0:0:0, 3:0:0:0:1, 1:0:0:0:0, 1:0:0:0:0, 2:0:0:0:0, 2:0:0:0:1, 1:0:0:0:0, 0:0:0:0:0, 3:0:0:0:2, 1:0:0:0:1, 0:0:0:0:0, 0:0:0:0:0, 1:0:0:0:0, 1:0:0:0:0, 2:0:0:0:1, 1:0:0:0:0, 1:0:0:0:0, 2:0:0:0:3, 2:0:0:0:1, 2:0:0:0:1, 1:0:0:0:0, 1:1:0:0:1, 3:0:0:0:1, 0:0:0:0:0, 1:0:0:0:0, 3:0:0:0:3, 1:0:0:0:1, 1:0:0:0:0, 2:0:0:0:0, 2:0:0:0:0, 2:0:0:0:1, 2:0:0:0:2, 1:1:0:0:1, 3:0:0:0:3, 1:0:0:0:0, 2:0:0:0:0, 2:0:0:0:0, 1:0:0:0:0, 0:0:0:0:0, 0:0:0:0:0, 3:0:0:0:2, 0:0:0:0:0, 1:0:0:0:0, 1:0:0:0:0, 1:0:0:0:0, 1:0:0:0:0, 2:0:0:0:1, 1:0:0:0:0, 1:0:0:0:0, 2:0:0:0:3, 1:0:0:0:0, 2:0:0:0:1, 2:0:0:0:0, 1:0:0:0:0, 1:0:0:0:0, 2:0:0:0:1, 1:0:0:0:0, 2:0:0:0:3, 2:0:0:0:1, 1:0:0:0:0, 2:0:0:0:1, 1:0:0:0:0, 2:0:0:0:1, 2:0:0:0:1, 3:0:0:0:0, 2:1:0:0:5, 1:0:0:0:0, 2:0:0:0:0, 2:0:0:0:0, 2:0:0:0:1, 1:0:0:0:0, 2:0:0:0:0, 4:0:0:0:3, 1:0:0:0:1, 0:0:0:0:0, 0:0:0:0:0, 2:0:0:0:0, 1:0:0:0:0, 1:0:0:0:0, 1:0:0:0:0, 1:0:0:0:0, 3:0:0:0:3, 1:0:0:0:1, 1:0:0:0:0, 2:0:0:0:1, 0:0:0:0:0, 0:0:0:0:0, 0:0:0:0:0, 0:0:0:0:0, 1:0:0:0:0, 0:0:0:0:0, 4:0:1:0:3, 0:0:0:0:0, 0:0:0:0:0, 0:0:0:0:0, 433:13:5:0:206
A phrygian (3#), 3:2:0:0:0, 2:0:0:0:0, 3:1:1:0:3, 0:0:0:0:0, 2:3:0:0:0, 2:0:0:0:0, 2:0:0:0:0, 2:0:0:0:0, 2:3:0:0:0, 2:0:0:0:0, 3:2:1:0:1, 0:0:0:0:0, 4:1:0:0:0, 2:0:0:0:0, 2:0:0:0:0, 2:2:1:0:1, 2:0:0:0:0, 2:3:0:0:0, 0:0:0:0:0, 4:3:0:0:5, 3:0:0:2:2, 2:3:0:0:0, 2:0:0:0:0, 3:0:0:0:1, 3:2:1:0:1, 3:0:0:0:0, 2:2:1:0:1, 2:0:0:0:1, 2:3:0:0:0, 1:0:0:0:0, 4:1:0:0:2, 3:4:0:0:1, 1:0:0:0:0, 3:0:0:0:0, 2:3:0:0:4, 3:1:0:0:1, 2:0:0:0:0, 1:0:0:0:1, 1:2:0:0:0, 1:2:0:0:0, 3:2:1:0:1, 2:0:0:0:0, 3:1:1:0:3, 1:0:1:0:1, 3:2:1:0:1, 3:0:0:0:0, 4:0:0:0:0, 3:1:0:0:0, 3:2:1:0:1, 4:1:0:0:0, 2:2:0:0:0, 2:0:0:0:0, 3:2:1:0:1, 3:0:0:0:0, 3:1:0:0:0, 3:2:1:0:1, 3:0:0:0:0, 3:2:0:0:0, 0:0:0:0:0, 4:3:0:0:4, 2:0:0:0:0, 3:2:0:0:0, 2:0:0:0:0, 4:0:0:0:0, 2:2:0:0:0, 4:1:0:0:1, 3:1:0:0:0, 2:0:0:0:0, 3:2:1:0:1, 2:0:0:0:0, 3:1:0:0:0, 3:2:1:0:1, 3:1:0:0:0, 3:1:0:0:1, 2:2:0:0:0, 1:0:0:0:0, 3:2:1:0:1, 2:0:0:0:0, 2:0:0:0:0, 3:0:0:0:1, 2:2:0:0:0, 3:1:0:0:0, 2:2:1:0:1, 1:1:0:0:1, 2:2:0:0:0, 2:0:0:0:0, 2:0:0:0:0, 2:3:0:0:1, 3:0:0:0:0, 4:1:0:0:0, 0:0:0:0:0, 3:3:0:0:3, 3:0:0:0:0, 4:2:0:0:0, 1:0:0:0:0, 2:0:0:0:0, 2:3:0:0:0, 3:0:0:0:0, 3:1:0:0:0, 1:0:0:0:0, 3:4:1:0:1, 2:0:0:0:0, 5:1:0:0:2, 2:1:0:0:0, 2:2:0:0:0, 3:1:0:0:0, 2:3:0:0:0, 0:0:0:0:0, 2:3:0:0:0, 2:0:0:0:0, 3:0:0:0:1, 1:0:0:0:0, 3:2:1:0:1, 3:0:0:0:1, 3:1:1:0:3, 1:0:1:0:1, 3:2:1:0:1, 2:0:0:0:0, 2:0:0:0:0, 2:2:1:0:1, 3:0:0:0:0, 2:3:0:0:0, 1:0:0:0:0, 2:4:0:0:4, 3:0:0:0:0, 2:3:0:0:0, 3:0:0:0:0, 3:1:0:0:0, 3:2:0:0:0, 2:0:0:0:0, 2:3:0:0:0, 1:0:0:0:0, 3:2:1:0:1, 2:0:0:0:0, 3:2:0:0:0, 3:3:1:0:1, 3:1:0:0:0, 3:0:0:0:1, 3:2:0:0:0, 1:0:0:0:0, 2:3:0:0:0, 3:1:0:0:2, 4:0:0:0:0, 3:1:0:0:0, 3:2:1:0:1, 3:0:0:0:0, 2:2:0:0:0, 2:0:0:0:1, 2:3:0:0:0, 4:1:0:0:0, 2:0:0:0:0, 3:2:0:0:0, 2:0:0:0:0, 3:2:0:0:0, 0:0:0:0:0, 3:3:0:0:4, 3:0:0:0:0, 2:3:0:0:0, 2:0:0:0:0, 2:0:0:0:0, 3:2:1:0:1, 2:0:0:0:0, 3:1:1:0:3, 0:0:0:0:0, 3:3:0:0:0, 2:0:0:0:0, 2:0:0:0:0, 2:3:0:0:0, 3:2:0:0:0, 3:0:0:0:0, 4:1:0:0:0, 1:0:0:0:0, 3:2:1:0:1, 2:0:0:0:0, 1:0:0:0:0, 1:0:0:0:0, 3:2:1:0:1, 2:0:0:0:0, 2:2:0:0:0, 2:0:0:0:1, 2:2:1:0:1, 2:0:0:0:0, 2:0:0:0:0, 3:2:1:0:1, 3:0:0:0:0, 1:3:0:0:0, 1:0:0:0:0, 4:3:0:0:4, 3:0:0:0:0, 3:2:0:0:0, 2:0:0:0:0, 2:0:0:0:0, 2:3:0:0:0, 2:0:0:0:0, 2:3:0:0:0, 0:0:0:0:0, 3:2:0:0:0, 3:1:0:0:0, 2:0:0:0:0, 2:3:1:0:1, 2:2:0:0:0, 3:1:0:0:0, 2:3:0:0:0, 1:0:0:0:1, 2:3:0:0:0, 2:0:0:0:0, 2:0:0:0:0, 1:0:0:0:0, 3:2:1:0:1, 3:0:0:0:1, 3:1:1:0:3, 2:0:1:0:2, 3:2:1:0:1, 2:0:0:0:0, 2:0:0:0:0, 2:2:1:0:1, 3:0:0:0:0, 2:3:0:0:0, 1:0:0:0:0, 2:4:0:0:4, 3:0:0:0:0, 2:3:0:0:0, 3:0:0:0:0, 3:1:0:0:0, 3:2:0:0:0, 2:0:0:0:0, 2:3:0:0:0, 1:0:0:0:0, 3:2:1:0:1, 2:0:0:0:0, 3:1:0:0:0, 3:2:1:0:1, 3:1:0:0:0, 3:0:0:0:1, 3:2:0:0:0, 1:0:0:0:0, 2:3:0:0:0, 3:1:0:0:2, 4:0:0:0:0, 3:1:0:0:0, 3:2:1:0:1, 3:0:0:0:0, 2:2:0:0:0, 2:0:0:0:1, 2:3:0:0:0, 4:1:0:0:0, 2:0:0:0:0, 3:2:0:0:0, 2:0:0:0:0, 3:2:0:0:0, 0:0:0:0:0, 3:3:0:0:4, 3:0:0:0:0, 2:3:0:0:0, 2:0:0:0:0, 2:0:0:0:0, 3:2:1:0:1, 2:0:0:0:0, 3:1:1:0:3, 1:0:0:0:0, 2:3:0:0:0, 2:0:0:0:0, 2:0:0:0:0, 2:3:0:0:0, 3:2:0:0:0, 3:0:0:0:0, 4:1:0:0:0, 1:0:0:0:0, 3:2:1:0:1, 2:0:0:0:0, 1:0:0:0:0, 1:0:0:0:0, 3:2:1:0:1, 2:0:0:0:0, 2:2:0:0:0, 2:0:0:0:1, 2:2:1:0:1, 2:0:0:0:0, 2:0:0:0:0, 2:2:1:0:1, 3:0:0:0:0, 1:3:0:0:0, 1:0:0:0:0, 4:3:0:0:4, 3:0:0:0:0, 3:2:0:0:0, 3:1:0:0:1, 2:0:0:0:0, 2:3:0:0:0, 2:0:0:0:0, 2:3:0:0:0, 0:0:0:0:0, 3:3:0:0:0, 2:1:0:0:0, 2:0:0:0:0, 2:3:0:0:0, 1:0:0:0:0, 1:0:0:0:0, 1:4:0:0:4, 1:1:0:0:1, 1:0:0:0:0, 2:3:1:0:1, 1:0:0:0:1, 1:0:0:0:1, 1:0:0:0:1, 699:330:47:2:139
Eb lydian (3b), 2:0:0:0:1, 2:0:0:0:0, 1:0:0:0:0, 3:0:0:0:4, 1:0:0:0:1, 1:0:0:0:0, 1:0:0:0:0, 1:0:0:0:0, 1:0:0:0:0, 2:0:0:0:0, 1:0:0:0:0, 3:0:0:0:4, 2:0:0:0:2, 2:0:0:0:1, 2:0:0:0:0, 2:1:0:0:2, 0:0:0:0:0, 0:0:0:0:0, 2:0:0:0:3, 1:0:0:0:1, 1:0:0:0:0, 0:0:0:0:0, 2:0:0:0:1, 2:0:1:0:0, 2:0:0:0:1, 4:0:0:0:1, 2:1:0:0:2, 4:0:0:0:2, 1:0:0:0:0, 2:0:0:0:1, 1:0:1:0:0, 0:0:0:0:0, 1:0:0:0:1, 0:0:0:0:0, 1:0:0:0:0, 1:0:0:0:0, 1:1:0:0:1, 3:0:0:0:3, 0:0:0:0:0, 0:0:0:0:0, 2:0:0:0:1, 2:0:0:0:1, 1:0:0:0:0, 2:0:0:0:3, 2:0:0:0:1, 1:0:0:0:0, 2:0:0:0:0, 1:0:0:0:0, 2:1:0:0:2, 2:0:0:0:0, 2:0:0:0:0, 1:0:0:0:3, 2:0:0:0:1, 2:0:0:0:0, 1:0:0:0:0, 1:0:0:0:0, 0:0:0:0:0, 0:0:0:0:0, 3:0:0:0:2, 2:0:0:0:1, 0:0:0:0:0, 1:0:0:0:1, 2:0:0:0:2, 2:0:0:0:0, 1:0:0:0:0, 3:0:0:0:1, 1:0:0:0:0, 1:0:0:0:3, 2:0:0:0:1, 2:0:0:0:1, 1:0:0:0:0, 1:0:0:0:0, 3:0:0:0:2, 1:0:0:0:0, 1:0:0:0:0, 2:0:0:0:3, 2:0:0:0:1, 1:0:0:0:0, 1:0:0:0:0, 2:0:0:0:1, 1:0:0:0:0, 2:0:1:0:0, 2:1:0:0:2, 2:0:0:0:2, 2:0:0:0:1, 2:0:0:0:1, 1:0:0:0:2, 1:1:0:0:1, 1:0:0:0:0, 1:0:0:0:1, 2:0:0:0:4, 1:0:0:0:0, 1:0:0:0:0, 1:0:0:0:1, 1:0:0:0:0, 1:0:0:0:2, 1:0:0:0:0, 2:0:0:0:1, 2:0:0:0:0, 2:0:0:0:2, 1:0:1:0:0, 2:0:0:0:1, 1:0:0:0:0, 2:0:0:0:1, 2:0:0:0:0, 1:0:0:0:0, 1:0:0:0:0, 2:0:0:0:3, 0:0:0:0:0, 2:0:0:0:1, 1:0:0:0:0, 1:0:0:0:0, 2:0:0:0:1, 1:0:0:0:0, 1:0:0:0:0, 2:0:0:0:2, 1:0:0:0:0, 1:0:0:0:0, 2:0:0:0:0, 2:0:0:0:1, 1:0:0:0:0, 0:0:0:0:0, 3:0:0:0:2, 1:0:0:0:1, 0:0:0:0:0, 0:0:0:0:0, 1:0:0:0:0, 3:0:0:0:0, 2:0:0:0:1, 1:0:0:0:0, 1:0:0:0:0, 2:0:0:0:3, 2:0:0:0:1, 2:0:0:0:1, 1:0:0:0:0, 1:1:0:0:1, 3:0:0:0:1, 0:0:0:0:0, 1:0:0:0:0, 2:0:0:0:3, 1:0:0:0:1, 1:0:0:0:0, 2:0:0:0:0, 2:0:0:0:0, 2:0:0:0:1, 2:0:0:0:2, 1:1:0:0:1, 3:0:0:0:3, 1:0:0:0:0, 2:0:0:0:0, 2:0:0:0:0, 1:0:0:0:0, 0:0:0:0:0, 0:0:0:0:0, 3:0:0:0:2, 0:0:0:0:0, 1:0:0:0:0, 1:0:0:0:0, 1:0:0:0:0, 1:0:0:0:0, 2:0:0:0:1, 1:0:0:0:0, 1:0:0:0:0, 3:0:0:0:4, 0:0:0:0:0, 2:0:0:0:1, 2:0:0:0:0, 1:0:0:0:0, 1:0:0:0:0, 2:0:0:0:1, 2:0:0:0:1, 2:0:0:0:3, 2:0:0:0:1, 1:0:0:0:0, 2:0:0:0:1, 1:0:0:0:0, 2:0:0:0:1, 2:0:0:0:1, 2:0:0:0:0, 2:1:0:0:4, 1:0:0:0:0, 2:0:0:0:0, 2:0:0:0:0, 1:0:0:0:0, 1:0:0:0:0, 2:0:0:0:0, 4:0:0:0:3, 0:0:0:0:0, 0:0:0:0:0, 0:0:0:0:0, 1:0:0:0:0, 1:0:0:0:0, 1:0:0:0:0, 1:0:0:0:0, 1:0:0:0:0, 2:0:0:0:3, 2:0:0:0:1, 2:1:0:0:1, 2:0:0:0:1, 1:0:0:0:0, 2:0:0:0:0, 1:0:0:0:0, 1:0:0:0:0, 3:0:0:0:2, 0:0:0:0:0, 2:0:0:0:1, 1:0:0:0:0, 1:0:0:0:0, 2:0:0:0:1, 1:0:0:0:0, 1:0:0:0:0, 3:0:0:0:1, 1:0:0:0:0, 1:0:0:0:0, 2:0:0:0:0, 2:0:0:0:1, 1:0:0:0:0, 0:0:0:0:0, 3:0:0:0:2, 1:0:0:0:1, 0:0:0:0:0, 0:0:0:0:0, 1:0:0:0:0, 1:0:0:0:0, 2:0:0:0:1, 1:0:0:0:0, 1:0:0:0:0, 2:0:0:0:3, 2:0:0:0:1, 2:0:0:0:1, 1:0:0:0:0, 1:1:0:0:1, 3:0:0:0:1, 0:0:0:0:0, 1:0:0:0:0, 3:0:0:0:3, 1:0:0:0:1, 1:0:0:0:0, 2:0:0:0:0, 2:0:0:0:0, 2:0:0:0:1, 2:0:0:0:2, 1:1:0:0:1, 3:0:0:0:3, 1:0:0:0:0, 2:0:0:0:0, 2:0:0:0:0, 1:0:0:0:0, 0:0:0:0:0, 0:0:0:0:0, 3:0:0:0:2, 0:0:0:0:0, 1:0:0:0:0, 1:0:0:0:0, 1:0:0:0:0, 1:0:0:0:0, 2:0:0:0:1, 1:0:0:0:0, 1:0:0:0:0, 2:0:0:0:3, 1:0:0:0:0, 2:0:0:0:1, 2:0:0:0:0, 1:0:0:0:0, 1:0:0:0:0, 2:0:0:0:1, 1:0:0:0:0, 2:0:0:0:3, 2:0:0:0:1, 1:0:0:0:0, 2:0:0:0:1, 1:0:0:0:0, 2:0:0:0:1, 2:0:0:0:1, 3:0:0:0:0, 2:1:0:0:5, 1:0:0:0:0, 2:0:0:0:0, 2:0:0:0:0, 2:0:0:0:1, 1:0:0:0:0, 2:0:0:0:0, 4:0:0:0:3, 1:0:0:0:1, 0:0:0:0:0, 0:0:0:0:0, 2:0:0:0:0, 1:0:0:0:0, 1:0:0:0:0, 1:0:0:0:0, 1:0:0:0:0, 3:0:0:0:3, 1:0:0:0:1, 1:0:0:0:0, 2:0:0:0:1, 0:0:0:0:0, 0:0:0:0:0, 0:0:0:0:0, 0:0:0:0:0, 1:0:0:0:0, 0:0:0:0:0, 4:0:1:0:3, 0:0:0:0:0, 0:0:0:0:0, 0:0:0:0:0, 433:13:5:0:206
A lydian (3#), 3:2:0:0:0, 2:0:0:0:0, 3:1:1:0:3, 0:0:0:0:0, 2:3:0:0:0, 2:0:0:0:0, 2:0:0:0:0, 2:0:0:0:0, 2:3:0:0:0, 2:0:0:0:0, 3:2:1:0:1, 0:0:0:0:0, 4:1:0:0:0, 2:0:0:0:0, 2:0:0:0:0, 2:2:1:0:1, 2:0:0:0:0, 2:3:0:0:0, 0:0:0:0:0, 4:3:0:0:5, 3:0:0:2:2, 2:3:0:0:0, 2:0:0:0:0, 3:0:0:0:1, 3:2:1:0:1, 3:0:0:0:0, 2:2:1:0:1, 2:0:0:0:1, 2:3:0:0:0, 1:0:0:0:0, 4:1:0:0:2, 3:4:0:0:1, 1:0:0:0:0, 3:0:0:0:0, 2:3:0:0:4, 3:1:0:0:1, 2:0:0:0:0, 1:0:0:0:1, 1:2:0:0:0, 1:2:0:0:0, 3:2:1:0:1, 2:0:0:0:0, 3:1:1:0:3, 1:0:1:0:1, 3:2:1:0:1, 3:0:0:0:0, 4:0:0:0:0, 3:1:0:0:0, 3:2:1:0:1, 4:1:0:0:0, 2:2:0:0:0, 2:0:0:0:0, 3:2:1:0:1, 3:0:0:0:0, 3:1:0:0:0, 3:2:1:0:1, 3:0:0:0:0, 3:2:0:0:0, 0:0:0:0:0, 4:3:0:0:4, 2:0:0:0:0, 3:2:0:0:0, 2:0:0:0:0, 4:0:0:0:0, 2:2:0:0:0, 4:1:0:0:1, 3:1:0:0:0, 2:0:0:0:0, 3:2:1:0:1, 2:0:0:0:0, 3:1:0:0:0, 3:2:1:0:1, 3:1:0:0:0, 3:1:0:0:1, 2:2:0:0:0, 1:0:0:0:0, 3:2:1:0:1, 2:0:0:0:0, 2:0:0:0:0, 3:0:0:0:1, 2:2:0:0:0, 3:1:0:0:0, 2:2:1:0:1, 1:1:0:0:1, 2:2:0:0:0, 2:0:0:0:0, 2:0:0:0:0, 2:3:0:0:1, 3:0:0:0:0, 4:1:0:0:0, 0:0:0:0:0, 3:3:0:0:3, 3:0:0:0:0, 4:2:0:0:0, 1:0:0:0:0, 2:0:0:0:0, 2:3:0:0:0, 3:0:0:0:0, 3:1:0:0:0, 1:0:0:0:0, 3:4:1:0:1, 2:0:0:0:0, 5:1:0:0:2, 2:1:0:0:0, 2:2:0:0:0, 3:1:0:0:0, 2:3:0:0:0, 0:0:0:0:0, 2:3:0:0:0, 2:0:0:0:0, 3:0:0:0:1, 1:0:0:0:0, 3:2:1:0:1, 3:0:0:0:1, 3:1:1:0:3, 1:0:1:0:1, 3:2:1:0:1, 2:0:0:0:0, 2:0:0:0:0, 2:2:1:0:1, 3:0:0:0:0, 2:3:0:0:0, 1:0:0:0:0, 2:4:0:0:4, 3:0:0:0:0, 2:3:0:0:0, 3:0:0:0:0, 3:1:0:0:0, 3:2:0:0:0, 2:0:0:0:0, 2:3:0:0:0, 1:0:0:0:0, 3:2:1:0:1, 2:0:0:0:0, 3:2:0:0:0, 3:3:1:0:1, 3:1:0:0:0, 3:0:0:0:1, 3:2:0:0:0, 1:0:0:0:0, 2:3:0:0:0, 3:1:0:0:2, 4:0:0:0:0, 3:1:0:0:0, 3:2:1:0:1, 3:0:0:0:0, 2:2:0:0:0, 2:0:0:0:1, 2:3:0:0:0, 4:1:0:0:0, 2:0:0:0:0, 3:2:0:0:0, 2:0:0:0:0, 3:2:0:0:0, 0:0:0:0:0, 3:3:0:0:4, 3:0:0:0:0, 2:3:0:0:0, 2:0:0:0:0, 2:0:0:0:0, 3:2:1:0:1, 2:0:0:0:0, 3:1:1:0:3, 0:0:0:0:0, 3:3:0:0:0, 2:0:0:0:0, 2:0:0:0:0, 2:3:0:0:0, 3:2:0:0:0, 3:0:0:0:0, 4:1:0:0:0, 1:0:0:0:0, 3:2:1:0:1, 2:0:0:0:0, 1:0:0:0:0, 1:0:0:0:0, 3:2:1:0:1, 2:0:0:0:0, 2:2:0:0:0, 2:0:0:0:1, 2:2:1:0:1, 2:0:0:0:0, 2:0:0:0:0, 3:2:1:0:1, 3:0:0:0:0, 1:3:0:0:0, 1:0:0:0:0, 4:3:0:0:4, 3:0:0:0:0, 3:2:0:0:0, 2:0:0:0:0, 2:0:0:0:0, 2:3:0:0:0, 2:0:0:0:0, 2:3:0:0:0, 0:0:0:0:0, 3:2:0:0:0, 3:1:0:0:0, 2:0:0:0:0, 2:3:1:0:1, 2:2:0:0:0, 3:1:0:0:0, 2:3:0:0:0, 1:0:0:0:1, 2:3:0:0:0, 2:0:0:0:0, 2:0:0:0:0, 1:0:0:0:0, 3:2:1:0:1, 3:0:0:0:1, 3:1:1:0:3, 2:0:1:0:2, 3:2:1:0:1, 2:0:0:0:0, 2:0:0:0:0, 2:2:1:0:1, 3:0:0:0:0, 2:3:0:0:0, 1:0:0:0:0, 2:4:0:0:4, 3:0:0:0:0, 2:3:0:0:0, 3:0:0:0:0, 3:1:0:0:0, 3:2:0:0:0, 2:0:0:0:0, 2:3:0:0:0, 1:0:0:0:0, 3:2:1:0:1, 2:0:0:0:0, 3:1:0:0:0, 3:2:1:0:1, 3:1:0:0:0, 3:0:0:0:1, 3:2:0:0:0, 1:0:0:0:0, 2:3:0:0:0, 3:1:0:0:2, 4:0:0:0:0, 3:1:0:0:0, 3:2:1:0:1, 3:0:0:0:0, 2:2:0:0:0, 2:0:0:0:1, 2:3:0:0:0, 4:1:0:0:0, 2:0:0:0:0, 3:2:0:0:0, 2:0:0:0:0, 3:2:0:0:0, 0:0:0:0:0, 3:3:0:0:4, 3:0:0:0:0, 2:3:0:0:0, 2:0:0:0:0, 2:0:0:0:0, 3:2:1:0:1, 2:0:0:0:0, 3:1:1:0:3, 1:0:0:0:0, 2:3:0:0:0, 2:0:0:0:0, 2:0:0:0:0, 2:3:0:0:0, 3:2:0:0:0, 3:0:0:0:0, 4:1:0:0:0, 1:0:0:0:0, 3:2:1:0:1, 2:0:0:0:0, 1:0:0:0:0, 1:0:0:0:0, 3:2:1:0:1, 2:0:0:0:0, 2:2:0:0:0, 2:0:0:0:1, 2:2:1:0:1, 2:0:0:0:0, 2:0:0:0:0, 2:2:1:0:1, 3:0:0:0:0, 1:3:0:0:0, 1:0:0:0:0, 4:3:0:0:4, 3:0:0:0:0, 3:2:0:0:0, 3:1:0:0:1, 2:0:0:0:0, 2:3:0:0:0, 2:0:0:0:0, 2:3:0:0:0, 0:0:0:0:0, 3:3:0:0:0, 2:1:0:0:0, 2:0:0:0:0, 2:3:0:0:0, 1:0:0:0:0, 1:0:0:0:0, 1:4:0:0:4, 1:1:0:0:1, 1:0:0:0:0, 2:3:1:0:1, 1:0:0:0:1, 1:0:0:0:1, 1:0:0:0:1, 699:330:47:2:139
Eb mixolydian (3b), 2:0:0:0:1, 2:0:0:0:0, 1:0:0:0:0, 3:0:0:0:4, 1:0:0:0:1, 1:0:0:0:0, 1:0:0:0:0, 1:0:0:0:0, 1:0:0:0:0, 2:0:0:0:0, 1:0:0:0:0, 3:0:0:0:4, 2:0:0:0:2, 2:0:0:0:1, 2:0:0:0:0, 2:1:0:0:2, 0:0:0:0:0, 0:0:0:0:0, 2:0:0:0:3, 1:0:0:0:1, 1:0:0:0:0, 0:0:0:0:0, 2:0:0:0:1, 2:0:1:0:0, 2:0:0:0:1, 4:0:0:0:1, 2:1:0:0:2, 4:0:0:0:2, 1:0:0:0:0, 2:0:0:0:1, 1:0:1:0:0, 0:0:0:0:0, 1:0:0:0:1, 0:0:0:0:0, 1:0:0:0:0, 1:0:0:0:0, 1:1:0:0:1, 3:0:0:0:3, 0:0:0:0:0, 0:0:0:0:0, 2:0:0:0:1, 2:0:0:0:1, 1:0:0:0:0, 2:0:0:0:3, 2:0:0:0:1, 1:0:0:0:0, 2:0:0:0:0, 1:0:0:0:0, 2:1:0:0:2, 2:0:0:0:0, 2:0:0:0:0, 1:0:0:0:3, 2:0:0:0:1, 2:0:0:0:0, 1:0:0:0:0, 1:0:0:0:0, 0:0:0:0:0, 0:0:0:0:0, 3:0:0:0:2, 2:0:0:0:1, 0:0:0:0:0, 1:0:0:0:1, 2:0:0:0:2, 2:0:0:0:0, 1:0:0:0:0, 3:0:0:0:1, 1:0:0:0:0, 1:0:0:0:3, 2:0:0:0:1, 2:0:0:0:1, 1:0:0:0:0, 1:0:0:0:0, 3:0:0:0:2, 1:0:0:0:0, 1:0:0:0:0, 2:0:0:0:3, 2:0:0:0:1, 1:0:0:0:0, 1:0:0:0:0, 2:0:0:0:1, 1:0:0:0:0, 2:0:1:0:0, 2:1:0:0:2, 2:0:0:0:2, 2:0:0:0:1, 2:0:0:0:1, 1:0:0:0:2, 1:1:0:0:1, 1:0:0:0:0, 1:0:0:0:1, 2:0:0:0:4, 1:0:0:0:0, 1:0:0:0:0, 1:0:0:0:1, 1:0:0:0:0, 1:0:0:0:2, 1:0:0:0:0, 2:0:0:0:1, 2:0:0:0:0, 2:0:0:0:2, 1:0:1:0:0, 2:0:0:0:1, 1:0:0:0:0, 2:0:0:0:1, 2:0:0:0:0, 1:0:0:0:0, 1:0:0:0:0, 2:0:0:0:3, 0:0:0:0:0, 2:0:0:0:1, 1:0:0:0:0, 1:0:0:0:0, 2:0:0:0:1, 1:0:0:0:0, 1:0:0:0:0, 2:0:0:0:2, 1:0:0:0:0, 1:0:0:0:0, 2:0:0:0:0, 2:0:0:0:1, 1:0:0:0:0, 0:0:0:0:0, 3:0:0:0:2, 1:0:0:0:1, 0:0:0:0:0, 0:0:0:0:0, 1:0:0:0:0, 3:0:0:0:0, 2:0:0:0:1, 1:0:0:0:0, 1:0:0:0:0, 2:0:0:0:3, 2:0:0:0:1, 2:0:0:0:1, 1:0:0:0:0, 1:1:0:0:1, 3:0:0:0:1, 0:0:0:0:0, 1:0:0:0:0, 2:0:0:0:3, 1:0:0:0:1, 1:0:0:0:0, 2:0:0:0:0, 2:0:0:0:0, 2:0:0:0:1, 2:0:0:0:2, 1:1:0:0:1, 3:0:0:0:3, 1:0:0:0:0, 2:0:0:0:0, 2:0:0:0:0, 1:0:0:0:0, 0:0:0:0:0, 0:0:0:0:0, 3:0:0:0:2, 0:0:0:0:0, 1:0:0:0:0, 1:0:0:0:0, 1:0:0:0:0, 1:0:0:0:0, 2:0:0:0:1, 1:0:0:0:0, 1:0:0:0:0, 3:0:0:0:4, 0:0:0:0:0, 2:0:0:0:1, 2:0:0:0:0, 1:0:0:0:0, 1:0:0:0:0, 2:0:0:0:1, 2:0:0:0:1, 2:0:0:0:3, 2:0:0:0:1, 1:0:0:0:0, 2:0:0:0:1, 1:0:0:0:0, 2:0:0:0:1, 2:0:0:0:1, 2:0:0:0:0, 2:1:0:0:4, 1:0:0:0:0, 2:0:0:0:0, 2:0:0:0:0, 1:0:0:0:0, 1:0:0:0:0, 2:0:0:0:0, 4:0:0:0:3, 0:0:0:0:0, 0:0:0:0:0, 0:0:0:0:0, 1:0:0:0:0, 1:0:0:0:0, 1:0:0:0:0, 1:0:0:0:0, 1:0:0:0:0, 2:0:0:0:3, 2:0:0:0:1, 2:1:0:0:1, 2:0:0:0:1, 1:0:0:0:0, 2:0:0:0:0, 1:0:0:0:0, 1:0:0:0:0, 3:0:0:0:2, 0:0:0:0:0, 2:0:0:0:1, 1:0:0:0:0, 1:0:0:0:0, 2:0:0:0:1, 1:0:0:0:0, 1:0:0:0:0, 3:0:0:0:1, 1:0:0:0:0, 1:0:0:0:0, 2:0:0:0:0, 2:0:0:0:1, 1:0:0:0:0, 0:0:0:0:0, 3:0:0:0:2, 1:0:0:0:1, 0:0:0:0:0, 0:0:0:0:0, 1:0:0:0:0, 1:0:0:0:0, 2:0:0:0:1, 1:0:0:0:0, 1:0:0:0:0, 2:0:0:0:3, 2:0:0:0:1, 2:0:0:0:1, 1:0:0:0:0, 1:1:0:0:1, 3:0:0:0:1, 0:0:0:0:0, 1:0:0:0:0, 3:0:0:0:3, 1:0:0:0:1, 1:0:0:0:0, 2:0:0:0:0, 2:0:0:0:0, 2:0:0:0:1, 2:0:0:0:2, 1:1:0:0:1, 3:0:0:0:3, 1:0:0:0:0, 2:0:0:0:0, 2:0:0:0:0, 1:0:0:0:0, 0:0:0:0:0, 0:0:0:0:0, 3:0:0:0:2, 0:0:0:0:0, 1:0:0:0:0, 1:0:0:0:0, 1:0:0:0:0, 1:0:0:0:0, 2:0:0:0:1, 1:0:0:0:0, 1:0:0:0:0, 2:0:0:0:3, 1:0:0:0:0, 2:0:0:0:1, 2:0:0:0:0, 1:0:0:0:0, 1:0:0:0:0, 2:0:0:0:1, 1:0:0:0:0, 2:0:0:0:3, 2:0:0:0:1, 1:0:0:0:0, 2:0:0:0:1, 1:0:0:0:0, 2:0:0:0:1, 2:0:0:0:1, 3:0:0:0:0, 2:1:0:0:5, 1:0:0:0:0, 2:0:0:0:0, 2:0:0:0:0, 2:0:0:0:1, 1:0:0:0:0, 2:0:0:0:0, 4:0:0:0:3, 1:0:0:0:1, 0:0:0:0:0, 0:0:0:0:0, 2:0:0:0:0, 1:0:0:0:0, 1:0:0:0:0, 1:0:0:0:0, 1:0:0:0:0, 3:0:0:0:3, 1:0:0:0:1, 1:0:0:0:0, 2:0:0:0:1, 0:0:0:0:0, 0:0:0:0:0, 0:0:0:0:0, 0:0:0:0:0, 1:0:0:0:0, 0:0:0:0:0, 4:0:1:0:3, 0:0:0:0:0, 0:0:0:0:0, 0:0:0:0:0, 433:13:5:0:206
A mixolydian (3#), 3:2:0:0:0, 2:0:0:0:0, 3:1:1:0:3, 0:0:0:0:0, 2:3:0:0:0, 2:0:0:0:0, 2:0:0:0:0, 2:0:0:0:0, 2:3:0:0:0, 2:0:0:0:0, 3:2:1:0:1, 0:0:0:0:0, 4:1:0:0:0, 2:0:0:0:0, 2:0:0:0:0, 2:2:1:0:1, 2:0:0:0:0, 2:3:0:0:0, 0:0:0:0:0, 4:3:0:0:5, 3:0:0:2:2, 2:3:0:0:0, 2:0:0:0:0, 3:0:0:0:1, 3:2:1:0:1, 3:0:0:0:0, 2:2:1:0:1, 2:0:0:0:1, 2:3:0:0:0, 1:0:0:0:0, 4:1:0:0:2, 3:4:0:0:1, 1:0:0:0:0, 3:0:0:0:0, 2:3:0:0:4, 3:1:0:0:1, 2:0:0:0:0, 1:0:0:0:1, 1:2:0:0:0, 1:2:0:0:0, 3:2:1:0:1, 2:0:0:0:0, 3:1:1:0:3, 1:0:1:0:1, 3:2:1:0:1, 3:0:0:0:0, 4:0:0:0:0, 3:1:0:0:0, 3:2:1:0:1, 4:1:0:0:0, 2:2:0:0:0, 2:0:0:0:0, 3:2:1:0:1, 3:0:0:0:0, 3:1:0:0:0, 3:2:1:0:1, 3:0:0:0:0, 3:2:0:0:0, 0:0:0:0:0, 4:3:0:0:4, 2:0:0:0:0, 3:2:0:0:0, 2:0:0:0:0, 4:0:0:0:0, 2:2:0:0:0, 4:1:0:0:1, 3:1:0:0:0, 2:0:0:0:0, 3:2:1:0:1, 2:0:0:0:0, 3:1:0:0:0, 3:2:1:0:1, 3:1:0:0:0, 3:1:0:0:1, 2:2:0:0:0, 1:0:0:0:0, 3:2:1:0:1, 2:0:0:0:0, 2:0:0:0:0, 3:0:0:0:1, 2:2:0:0:0, 3:1:0:0:0, 2:2:1:0:1, 1:1:0:0:1, 2:2:0:0:0, 2:0:0:0:0, 2:0:0:0:0, 2:3:0:0:1, 3:0:0:0:0, 4:1:0:0:0, 0:0:0:0:0, 3:3:0:0:3, 3:0:0:0:0, 4:2:0:0:0, 1:0:0:0:0, 2:0:0:0:0, 2:3:0:0:0, 3:0:0:0:0, 3:1:0:0:0, 1:0:0:0:0, 3:4:1:0:1, 2:0:0:0:0, 5:1:0:0:2, 2:1:0:0:0, 2:2:0:0:0, 3:1:0:0:0, 2:3:0:0:0, 0:0:0:0:0, 2:3:0:0:0, 2:0:0:0:0, 3:0:0:0:1, 1:0:0:0:0, 3:2:1:0:1, 3:0:0:0:1, 3:1:1:0:3, 1:0:1:0:1, 3:2:1:0:1, 2:0:0:0:0, 2:0:0:0:0, 2:2:1:0:1, 3:0:0:0:0, 2:3:0:0:0, 1:0:0:0:0, 2:4:0:0:4, 3:0:0:0:0, 2:3:0:0:0, 3:0:0:0:0, 3:1:0:0:0, 3:2:0:0:0, 2:0:0:0:0, 2:3:0:0:0, 1:0:0:0:0, 3:2:1:0:1, 2:0:0:0:0, 3:2:0:0:0, 3:3:1:0:1, 3:1:0:0:0, 3:0:0:0:1, 3:2:0:0:0, 1:0:0:0:0, 2:3:0:0:0, 3:1:0:0:2, 4:0:0:0:0, 3:1:0:0:0, 3:2:1:0:1, 3:0:0:0:0, 2:2:0:0:0, 2:0:0:0:1, 2:3:0:0:0, 4:1:0:0:0, 2:0:0:0:0, 3:2:0:0:0, 2:0:0:0:0, 3:2:0:0:0, 0:0:0:0:0, 3:3:0:0:4, 3:0:0:0:0, 2:3:0:0:0, 2:0:0:0:0, 2:0:0:0:0, 3:2:1:0:1, 2:0:0:0:0, 3:1:1:0:3, 0:0:0:0:0, 3:3:0:0:0, 2:0:0:0:0, 2:0:0:0:0, 2:3:0:0:0, 3:2:0:0:0, 3:0:0:0:0, 4:1:0:0:0, 1:0:0:0:0, 3:2:1:0:1, 2:0:0:0:0, 1:0:0:0:0, 1:0:0:0:0, 3:2:1:0:1, 2:0:0:0:0, 2:2:0:0:0, 2:0:0:0:1, 2:2:1:0:1, 2:0:0:0:0, 2:0:0:0:0, 3:2:1:0:1, 3:0:0:0:0, 1:3:0:0:0, 1:0:0:0:0, 4:3:0:0:4, 3:0:0:0:0, 3:2:0:0:0, 2:0:0:0:0, 2:0:0:0:0, 2:3:0:0:0, 2:0:0:0:0, 2:3:0:0:0, 0:0:0:0:0, 3:2:0:0:0, 3:1:0:0:0, 2:0:0:0:0, 2:3:1:0:1, 2:2:0:0:0, 3:1:0:0:0, 2:3:0:0:0, 1:0:0:0:1, 2:3:0:0:0, 2:0:0:0:0, 2:0:0:0:0, 1:0:0:0:0, 3:2:1:0:1, 3:0:0:0:1, 3:1:1:0:3, 2:0:1:0:2, 3:2:1:0:1, 2:0:0:0:0, 2:0:0:0:0, 2:2:1:0:1, 3:0:0:0:0, 2:3:0:0:0, 1:0:0:0:0, 2:4:0:0:4, 3:0:0:0:0, 2:3:0:0:0, 3:0:0:0:0, 3:1:0:0:0, 3:2:0:0:0, 2:0:0:0:0, 2:3:0:0:0, 1:0:0:0:0, 3:2:1:0:1, 2:0:0:0:0, 3:1:0:0:0, 3:2:1:0:1, 3:1:0:0:0, 3:0:0:0:1, 3:2:0:0:0, 1:0:0:0:0, 2:3:0:0:0, 3:1:0:0:2, 4:0:0:0:0, 3:1:0:0:0, 3:2:1:0:1, 3:0:0:0:0, 2:2:0:0:0, 2:0:0:0:1, 2:3:0:0:0, 4:1:0:0:0, 2:0:0:0:0, 3:2:0:0:0, 2:0:0:0:0, 3:2:0:0:0, 0:0:0:0:0, 3:3:0:0:4, 3:0:0:0:0, 2:3:0:0:0, 2:0:0:0:0, 2:0:0:0:0, 3:2:1:0:1, 2:0:0:0:0, 3:1:1:0:3, 1:0:0:0:0, 2:3:0:0:0, 2:0:0:0:0, 2:0:0:0:0, 2:3:0:0:0, 3:2:0:0:0, 3:0:0:0:0, 4:1:0:0:0, 1:0:0:0:0, 3:2:1:0:1, 2:0:0:0:0, 1:0:0:0:0, 1:0:0:0:0, 3:2:1:0:1, 2:0:0:0:0, 2:2:0:0:0, 2:0:0:0:1, 2:2:1:0:1, 2:0:0:0:0, 2:0:0:0:0, 2:2:1:0:1, 3:0:0:0:0, 1:3:0:0:0, 1:0:0:0:0, 4:3:0:0:4, 3:0:0:0:0, 3:2:0:0:0, 3:1:0:0:1, 2:0:0:0:0, 2:3:0:0:0, 2:0:0:0:0, 2:3:0:0:0, 0:0:0:0:0, 3:3:0:0:0, 2:1:0:0:0, 2:0:0:0:0, 2:3:0:0:0, 1:0:0:0:0, 1:0:0:0:0, 1:4:0:0:4, 1:1:0:0:1, 1:0:0:0:0, 2:3:1:0:1, 1:0:0:0:1, 1:0:0:0:1, 1:0:0:0:1, 699:330:47:2:139
Eb aeolian (3b), 2:0:0:0:1, 2:0:0:0:0, 1:0:0:0:0, 3:0:0:0:4, 1:0:0:0:1, 1:0:0:0:0, 1:0:0:0:0, 1:0:0:0:0, 1:0:0:0:0, 2:0:0:0:0, 1:0:0:0:0, 3:0:0:0:4, 2:0:0:0:2, 2:0:0:0:1, 2:0:0:0:0, 2:1:0:0:2, 0:0:0:0:0, 0:0:0:0:0, 2:0:0:0:3, 1:0:0:0:1, 1:0:0:0:0, 0:0:0:0:0, 2:0:0:0:1, 2:0:1:0:0, 2:0:0:0:1, 4:0:0:0:1, 2:1:0:0:2, 4:0:0:0:2, 1:0:0:0:0, 2:0:0:0:1, 1:0:1:0:0, 0:0:0:0:0, 1:0:0:0:1, 0:0:0:0:0, 1:0:0:0:0, 1:0:0:0:0, 1:1:0:0:1, 3:0:0:0:3, 0:0:0:0:0, 0:0:0:0:0, 2:0:0:0:1, 2:0:0:0:1, 1:0:0:0:0, 2:0:0:0:3, 2:0:0:0:1, 1:0:0:0:0, 2:0:0:0:0, 1:0:0:0:0, 2:1:0:0:2, 2:0:0:0:0, 2:0:0:0:0, 1:0:0:0:3, 2:0:0:0:1, 2:0:0:0:0, 1:0:0:0:0, 1:0:0:0:0, 0:0:0:0:0, 0:0:0:0:0, 3:0:0:0:2, 2:0:0:0:1, 0:0:0:0:0, 1:0:0:0:1, 2:0:0:0:2, 2:0:0:0:0, 1:0:0:0:0, 3:0:0:0:1, 1:0:0:0:0, 1:0:0:0:3, 2:0:0:0:1, 2:0:0:0:1, 1:0:0:0:0, 1:0:0:0:0, 3:0:0:0:2, 1:0:0:0:0, 1:0:0:0:0, 2:0:0:0:3, 2:0:0:0:1, 1:0:0:0:0, 1:0:0:0:0, 2:0:0:0:1, 1:0:0:0:0, 2:0:1:0:0, 2:1:0:0:2, 2:0:0:0:2, 2:0:0:0:1, 2:0:0:0:1, 1:0:0:0:2, 1:1:0:0:1, 1:0:0:0:0, 1:0:0:0:1, 2:0:0:0:4, 1:0:0:0:0, 1:0:0:0:0, 1:0:0:0:1, 1:0:0:0:0, 1:0:0:0:2, 1:0:0:0:0, 2:0:0:0:1, 2:0:0:0:0, 2:0:0:0:2, 1:0:1:0:0, 2:0:0:0:1, 1:0:0:0:0, 2:0:0:0:1, 2:0:0:0:0, 1:0:0:0:0, 1:0:0:0:0, 2:0:0:0:3, 0:0:0:0:0, 2:0:0:0:1, 1:0:0:0:0, 1:0:0:0:0, 2:0:0:0:1, 1:0:0:0:0, 1:0:0:0:0, 2:0:0:0:2, 1:0:0:0:0, 1:0:0:0:0, 2:0:0:0:0, 2:0:0:0:1, 1:0:0:0:0, 0:0:0:0:0, 3:0:0:0:2, 1:0:0:0:1, 0:0:0:0:0, 0:0:0:0:0, 1:0:0:0:0, 3:0:0:0:0, 2:0:0:0:1, 1:0:0:0:0, 1:0:0:0:0, 2:0:0:0:3, 2:0:0:0:1, 2:0:0:0:1, 1:0:0:0:0, 1:1:0:0:1, 3:0:0:0:1, 0:0:0:0:0, 1:0:0:0:0, 2:0:0:0:3, 1:0:0:0:1, 1:0:0:0:0, 2:0:0:0:0, 2:0:0:0:0, 2:0:0:0:1, 2:0:0:0:2, 1:1:0:0:1, 3:0:0:0:3, 1:0:0:0:0, 2:0:0:0:0, 2:0:0:0:0, 1:0:0:0:0, 0:0:0:0:0, 0:0:0:0:0, 3:0:0:0:2, 0:0:0:0:0, 1:0:0:0:0, 1:0:0:0:0, 1:0:0:0:0, 1:0:0:0:0, 2:0:0:0:1, 1:0:0:0:0, 1:0:0:0:0, 3:0:0:0:4, 0:0:0:0:0, 2:0:0:0:1, 2:0:0:0:0, 1:0:0:0:0, 1:0:0:0:0, 2:0:0:0:1, 2:0:0:0:1, 2:0:0:0:3, 2:0:0:0:1, 1:0:0:0:0, 2:0:0:0:1, 1:0:0:0:0, 2:0:0:0:1, 2:0:0:0:1, 2:0:0:0:0, 2:1:0:0:4, 1:0:0:0:0, 2:0:0:0:0, 2:0:0:0:0, 1:0:0:0:0, 1:0:0:0:0, 2:0:0:0:0, 4:0:0:0:3, 0:0:0:0:0, 0:0:0:0:0, 0:0:0:0:0, 1:0:0:0:0, 1:0:0:0:0, 1:0:0:0:0, 1:0:0:0:0, 1:0:0:0:0, 2:0:0:0:3, 2:0:0:0:1, 2:1:0:0:1, 2:0:0:0:1, 1:0:0:0:0, 2:0:0:0:0, 1:0:0:0:0, 1:0:0:0:0, 3:0:0:0:2, 0:0:0:0:0, 2:0:0:0:1, 1:0:0:0:0, 1:0:0:0:0, 2:0:0:0:1, 1:0:0:0:0, 1:0:0:0:0, 3:0:0:0:1, 1:0:0:0:0, 1:0:0:0:0, 2:0:0:0:0, 2:0:0:0:1, 1:0:0:0:0, 0:0:0:0:0, 3:0:0:0:2, 1:0:0:0:1, 0:0:0:0:0, 0:0:0:0:0, 1:0:0:0:0, 1:0:0:0:0, 2:0:0:0:1, 1:0:0:0:0, 1:0:0:0:0, 2:0:0:0:3, 2:0:0:0:1, 2:0:0:0:1, 1:0:0:0:0, 1:1:0:0:1, 3:0:0:0:1, 0:0:0:0:0, 1:0:0:0:0, 3:0:0:0:3, 1:0:0:0:1, 1:0:0:0:0, 2:0:0:0:0, 2:0:0:0:0, 2:0:0:0:1, 2:0:0:0:2, 1:1:0:0:1, 3:0:0:0:3, 1:0:0:0:0, 2:0:0:0:0, 2:0:0:0:0, 1:0:0:0:0, 0:0:0:0:0, 0:0:0:0:0, 3:0:0:0:2, 0:0:0:0:0, 1:0:0:0:0, 1:0:0:0:0, 1:0:0:0:0, 1:0:0:0:0, 2:0:0:0:1, 1:0:0:0:0, 1:0:0:0:0, 2:0:0:0:3, 1:0:0:0:0, 2:0:0:0:1, 2:0:0:0:0, 1:0:0:0:0, 1:0:0:0:0, 2:0:0:0:1, 1:0:0:0:0, 2:0:0:0:3, 2:0:0:0:1, 1:0:0:0:0, 2:0:0:0:1, 1:0:0:0:0, 2:0:0:0:1, 2:0:0:0:1, 3:0:0:0:0, 2:1:0:0:5, 1:0:0:0:0, 2:0:0:0:0, 2:0:0:0:0, 2:0:0:0:1, 1:0:0:0:0, 2:0:0:0:0, 4:0:0:0:3, 1:0:0:0:1, 0:0:0:0:0, 0:0:0:0:0, 2:0:0:0:0, 1:0:0:0:0, 1:0:0:0:0, 1:0:0:0:0, 1:0:0:0:0, 3:0:0:0:3, 1:0:0:0:1, 1:0:0:0:0, 2:0:0:0:1, 0:0:0:0:0, 0:0:0:0:0, 0:0:0:0:0, 0:0:0:0:0, 1:0:0:0:0, 0:0:0:0:0, 4:0:1:0:3, 0:0:0:0:0, 0:0:0:0:0, 0:0:0:0:0, 433:13:5:0:206
A aeolian (3#), 3:2:0:0:0, 2:0:0:0:0, 3:1:1:0:3, 0:0:0:0:0, 2:3:0:0:0, 2:0:0:0:0, 2:0:0:0:0, 2:0:0:0:0, 2:3:0:0:0, 2:0:0:0:0, 3:2:1:0:1, 0:0:0:0:0, 4:1:0:0:0, 2:0:0:0:0, 2:0:0:0:0, 2:2:1:0:1, 2:0:0:0:0, 2:3:0:0:0, 0:0:0:0:0, 4:3:0:0:5, 3:0:0:2:2, 2:3:0:0:0, 2:0:0:0:0, 3:0:0:0:1, 3:2:1:0:1, 3:0:0:0:0, 2:2:1:0:1, 2:0:0:0:1, 2:3:0:0:0, 1:0:0:0:0, 4:1:0:0:2, 3:4:0:0:1, 1:0:0:0:0, 3:0:0:0:0, 2:3:0:0:4, 3:1:0:0:1, 2:0:0:0:0, 1:0:0:0:1, 1:2:0:0:0, 1:2:0:0:0, 3:2:1:0:1, 2:0:0:0:0, 3:1:1:0:3, 1:0:1:0:1, 3:2:1:0:1, 3:0:0:0:0, 4:0:0:0:0, 3:1:0:0:0, 3:2:1:0:1, 4:1:0:0:0, 2:2:0:0:0, 2:0:0:0:0, 3:2:1:0:1, 3:0:0:0:0, 3:1:0:0:0, 3:2:1:0:1, 3:0:0:0:0, 3:2:0:0:0, 0:0:0:0:0, 4:3:0:0:4, 2:0:0:0:0, 3:2:0:0:0, 2:0:0:0:0, 4:0:0:0:0, 2:2:0:0:0, 4:1:0:0:1, 3:1:0:0:0, 2:0:0:0:0, 3:2:1:0:1, 2:0:0:0:0, 3:1:0:0:0, 3:2:1:0:1, 3:1:0:0:0, 3:1:0:0:1, 2:2:0:0:0, 1:0:0:0:0, 3:2:1:0:1, 2:0:0:0:0, 2:0:0:0:0, 3:0:0:0:1, 2:2:0:0:0, 3:1:0:0:0, 2:2:1:0:1, 1:1:0:0:1, 2:2:0:0:0, 2:0:0:0:0, 2:0:0:0:0, 2:3:0:0:1, 3:0:0:0:0, 4:1:0:0:0, 0:0:0:0:0, 3:3:0:0:3, 3:0:0:0:0, 4:2:0:0:0, 1:0:0:0:0, 2:0:0:0:0, 2:3:0:0:0, 3:0:0:0:0, 3:1:0:0:0, 1:0:0:0:0, 3:4:1:0:1, 2:0:0:0:0, 5:1:0:0:2, 2:1:0:0:0, 2:2:0:0:0, 3:1:0:0:0, 2:3:0:0:0, 0:0:0:0:0, 2:3:0:0:0, 2:0:0:0:0, 3:0:0:0:1, 1:0:0:0:0, 3:2:1:0:1, 3:0:0:0:1, 3:1:1:0:3, 1:0:1:0:1, 3:2:1:0:1, 2:0:0:0:0, 2:0:0:0:0, 2:2:1:0:1, 3:0:0:0:0, 2:3:0:0:0, 1:0:0:0:0, 2:4:0:0:4, 3:0:0:0:0, 2:3:0:0:0, 3:0:0:0:0, 3:1:0:0:0, 3:2:0:0:0, 2:0:0:0:0, 2:3:0:0:0, 1:0:0:0:0, 3:2:1:0:1, 2:0:0:0:0, 3:2:0:0:0, 3:3:1:0:1, 3:1:0:0:0, 3:0:0:0:1, 3:2:0:0:0, 1:0:0:0:0, 2:3:0:0:0, 3:1:0:0:2, 4:0:0:0:0, 3:1:0:0:0, 3:2:1:0:1, 3:0:0:0:0, 2:2:0:0:0, 2:0:0:0:1, 2:3:0:0:0, 4:1:0:0:0, 2:0:0:0:0, 3:2:0:0:0, 2:0:0:0:0, 3:2:0:0:0, 0:0:0:0:0, 3:3:0:0:4, 3:0:0:0:0, 2:3:0:0:0, 2:0:0:0:0, 2:0:0:0:0, 3:2:1:0:1, 2:0:0:0:0, 3:1:1:0:3, 0:0:0:0:0, 3:3:0:0:0, 2:0:0:0:0, 2:0:0:0:0, 2:3:0:0:0, 3:2:0:0:0, 3:0:0:0:0, 4:1:0:0:0, 1:0:0:0:0, 3:2:1:0:1, 2:0:0:0:0, 1:0:0:0:0, 1:0:0:0:0, 3:2:1:0:1, 2:0:0:0:0, 2:2:0:0:0, 2:0:0:0:1, 2:2:1:0:1, 2:0:0:0:0, 2:0:0:0:0, 3:2:1:0:1, 3:0:0:0:0, 1:3:0:0:0, 1:0:0:0:0, 4:3:0:0:4, 3:0:0:0:0, 3:2:0:0:0, 2:0:0:0:0, 2:0:0:0:0, 2:3:0:0:0, 2:0:0:0:0, 2:3:0:0:0, 0:0:0:0:0, 3:2:0:0:0, 3:1:0:0:0, 2:0:0:0:0, 2:3:1:0:1, 2:2:0:0:0, 3:1:0:0:0, 2:3:0:0:0, 1:0:0:0:1, 2:3:0:0:0, 2:0:0:0:0, 2:0:0:0:0, 1:0:0:0:0, 3:2:1:0:1, 3:0:0:0:1, 3:1:1:0:3, 2:0:1:0:2, 3:2:1:0:1, 2:0:0:0:0, 2:0:0:0:0, 2:2:1:0:1, 3:0:0:0:0, 2:3:0:0:0, 1:0:0:0:0, 2:4:0:0:4, 3:0:0:0:0, 2:3:0:0:0, 3:0:0:0:0, 3:1:0:0:0, 3:2:0:0:0, 2:0:0:0:0, 2:3:0:0:0, 1:0:0:0:0, 3:2:1:0:1, 2:0:0:0:0, 3:1:0:0:0, 3:2:1:0:1, 3:1:0:0:0, 3:0:0:0:1, 3:2:0:0:0, 1:0:0:0:0, 2:3:0:0:0, 3:1:0:0:2, 4:0:0:0:0, 3:1:0:0:0, 3:2:1:0:1, 3:0:0:0:0, 2:2:0:0:0, 2:0:0:0:1, 2:3:0:0:0, 4:1:0:0:0, 2:0:0:0:0, 3:2:0:0:0, 2:0:0:0:0, 3:2:0:0:0, 0:0:0:0:0, 3:3:0:0:4, 3:0:0:0:0, 2:3:0:0:0, 2:0:0:0:0, 2:0:0:0:0, 3:2:1:0:1, 2:0:0:0:0, 3:1:1:0:3, 1:0:0:0:0, 2:3:0:0:0, 2:0:0:0:0, 2:0:0:0:0, 2:3:0:0:0, 3:2:0:0:0, 3:0:0:0:0, 4:1:0:0:0, 1:0:0:0:0, 3:2:1:0:1, 2:0:0:0:0, 1:0:0:0:0, 1:0:0:0:0, 3:2:1:0:1, 2:0:0:0:0, 2:2:0:0:0, 2:0:0:0:1, 2:2:1:0:1, 2:0:0:0:0, 2:0:0:0:0, 2:2:1:0:1, 3:0:0:0:0, 1:3:0:0:0, 1:0:0:0:0, 4:3:0:0:4, 3:0:0:0:0, 3:2:0:0:0, 3:1:0:0:1, 2:0:0:0:0, 2:3:0:0:0, 2:0:0:0:0, 2:3:0:0:0, 0:0:0:0:0, 3:3:0:0:0, 2:1:0:0:0, 2:0:0:0:0, 2:3:0:0:0, 1:0:0:0:0, 1:0:0:0:0, 1:4:0:0:4, 1:1:0:0:1, 1:0:0:0:0, 2:3:1:0:1, 1:0:0:0:1, 1:0:0:0:1, 1:0:0:0:1, 699:330:47:2:139
Eb locrian (3b), 2:0:0:0:1, 2:0:0:0:0, 1:0:0:0:0, 3:0:0:0:4, 1:0:0:0:1, 1:0:0:0:0, 1:0:0:0:0, 1:0:0:0:0, 1:0:0:0:0, 2:0:0:0:0, 1:0:0:0:0, 3:0:0:0:4, 2:0:0:0:2, 2:0:0:0:1, 2:0:0:0:0, 2:1:0:0:2, 0:0:0:0:0, 0:0:0:0:0, 2:0:0:0:3, 1:0:0:0:1, 1:0:0:0:0, 0:0:0:0:0, 2:0:0:0:1, 2:0:1:0:0, 2:0:0:0:1, 4:0:0:0:1, 2:1:0:0:2, 4:0:0:0:2, 1:0:0:0:0, 2:0:0:0:1, 1:0:1:0:0, 0:0:0:0:0, 1:0:0:0:1, 0:0:0:0:0, 1:0:0:0:0, 1:0:0:0:0, 1:1:0:0:1, 3:0:0:0:3, 0:0:0:0:0, 0:0:0:0:0, 2:0:0:0:1, 2:0:0:0:1, 1:0:0:0:0, 2:0:0:0:3, 2:0:0:0:1, 1:0:0:0:0, 2:0:0:0:0, 1:0:0:0:0, 2:1:0:0:2, 2:0:0:0:0, 2:0:0:0:0, 1:0:0:0:3, 2:0:0:0:1, 2:0:0:0:0, 1:0:0:0:0, 1:0:0:0:0, 0:0:0:0:0, 0:0:0:0:0, 3:0:0:0:2, 2:0:0:0:1, 0:0:0:0:0, 1:0:0:0:1, 2:0:0:0:2, 2:0:0:0:0, 1:0:0:0:0, 3:0:0:0:1, 1:0:0:0:0, 1:0:0:0:3, 2:0:0:0:1, 2:0:0:0:1, 1:0:0:0:0, 1:0:0:0:0, 3:0:0:0:2, 1:0:0:0:0, 1:0:0:0:0, 2:0:0:0:3, 2:0:0:0:1, 1:0:0:0:0, 1:0:0:0:0, 2:0:0:0:1, 1:0:0:0:0, 2:0:1:0:0, 2:1:0:0:2, 2:0:0:0:2, 2:0:0:0:1, 2:0:0:0:1, 1:0:0:0:2, 1:1:0:0:1, 1:0:0:0:0, 1:0:0:0:1, 2:0:0:0:4, 1:0:0:0:0, 1:0:0:0:0, 1:0:0:0:1, 1:0:0:0:0, 1:0:0:0:2, 1:0:0:0:0, 2:0:0:0:1, 2:0:0:0:0, 2:0:0:0:2, 1:0:1:0:0, 2:0:0:0:1, 1:0:0:0:0, 2:0:0:0:1, 2:0:0:0:0, 1:0:0:0:0, 1:0:0:0:0, 2:0:0:0:3, 0:0:0:0:0, 2:0:0:0:1, 1:0:0:0:0, 1:0:0:0:0, 2:0:0:0:1, 1:0:0:0:0, 1:0:0:0:0, 2:0:0:0:2, 1:0:0:0:0, 1:0:0:0:0, 2:0:0:0:0, 2:0:0:0:1, 1:0:0:0:0, 0:0:0:0:0, 3:0:0:0:2, 1:0:0:0:1, 0:0:0:0:0, 0:0:0:0:0, 1:0:0:0:0, 3:0:0:0:0, 2:0:0:0:1, 1:0:0:0:0, 1:0:0:0:0, 2:0:0:0:3, 2:0:0:0:1, 2:0:0:0:1, 1:0:0:0:0, 1:1:0:0:1, 3:0:0:0:1, 0:0:0:0:0, 1:0:0:0:0, 2:0:0:0:3, 1:0:0:0:1, 1:0:0:0:0, 2:0:0:0:0, 2:0:0:0:0, 2:0:0:0:1, 2:0:0:0:2, 1:1:0:0:1, 3:0:0:0:3, 1:0:0:0:0, 2:0:0:0:0, 2:0:0:0:0, 1:0:0:0:0, 0:0:0:0:0, 0:0:0:0:0, 3:0:0:0:2, 0:0:0:0:0, 1:0:0:0:0, 1:0:0:0:0, 1:0:0:0:0, 1:0:0:0:0, 2:0:0:0:1, 1:0:0:0:0, 1:0:0:0:0, 3:0:0:0:4, 0:0:0:0:0, 2:0:0:0:1, 2:0:0:0:0, 1:0:0:0:0, 1:0:0:0:0, 2:0:0:0:1, 2:0:0:0:1, 2:0:0:0:3, 2:0:0:0:1, 1:0:0:0:0, 2:0:0:0:1, 1:0:0:0:0, 2:0:0:0:1, 2:0:0:0:1, 2:0:0:0:0, 2:1:0:0:4, 1:0:0:0:0, 2:0:0:0:0, 2:0:0:0:0, 1:0:0:0:0, 1:0:0:0:0, 2:0:0:0:0, 4:0:0:0:3, 0:0:0:0:0, 0:0:0:0:0, 0:0:0:0:0, 1:0:0:0:0, 1:0:0:0:0, 1:0:0:0:0, 1:0:0:0:0, 1:0:0:0:0, 2:0:0:0:3, 2:0:0:0:1, 2:1:0:0:1, 2:0:0:0:1, 1:0:0:0:0, 2:0:0:0:0, 1:0:0:0:0, 1:0:0:0:0, 3:0:0:0:2, 0:0:0:0:0, 2:0:0:0:1, 1:0:0:0:0, 1:0:0:0:0, 2:0:0:0:1, 1:0:0:0:0, 1:0:0:0:0, 3:0:0:0:1, 1:0:0:0:0, 1:0:0:0:0, 2:0:0:0:0, 2:0:0:0:1, 1:0:0:0:0, 0:0:0:0:0, 3:0:0:0:2, 1:0:0:0:1, 0:0:0:0:0, 0:0:0:0:0, 1:0:0:0:0, 1:0:0:0:0, 2:0:0:0:1, 1:0:0:0:0, 1:0:0:0:0, 2:0:0:0:3, 2:0:0:0:1, 2:0:0:0:1, 1:0:0:0:0, 1:1:0:0:1, 3:0:0:0:1, 0:0:0:0:0, 1:0:0:0:0, 3:0:0:0:3, 1:0:0:0:1, 1:0:0:0:0, 2:0:0:0:0, 2:0:0:0:0, 2:0:0:0:1, 2:0:0:0:2, 1:1:0:0:1, 3:0:0:0:3, 1:0:0:0:0, 2:0:0:0:0, 2:0:0:0:0, 1:0:0:0:0, 0:0:0:0:0, 0:0:0:0:0, 3:0:0:0:2, 0:0:0:0:0, 1:0:0:0:0, 1:0:0:0:0, 1:0:0:0:0, 1:0:0:0:0, 2:0:0:0:1, 1:0:0:0:0, 1:0:0:0:0, 2:0:0:0:3, 1:0:0:0:0, 2:0:0:0:1, 2:0:0:0:0, 1:0:0:0:0, 1:0:0:0:0, 2:0:0:0:1, 1:0:0:0:0, 2:0:0:0:3, 2:0:0:0:1, 1:0:0:0:0, 2:0:0:0:1, 1:0:0:0:0, 2:0:0:0:1, 2:0:0:0:1, 3:0:0:0:0, 2:1:0:0:5, 1:0:0:0:0, 2:0:0:0:0, 2:0:0:0:0, 2:0:0:0:1, 1:0:0:0:0, 2:0:0:0:0, 4:0:0:0:3, 1:0:0:0:1, 0:0:0:0:0, 0:0:0:0:0, 2:0:0:0:0, 1:0:0:0:0, 1:0:0:0:0, 1:0:0:0:0, 1:0:0:0:0, 3:0:0:0:3, 1:0:0:0:1, 1:0:0:0:0, 2:0:0:0:1, 0:0:0:0:0, 0:0:0:0:0, 0:0:0:0:0, 0:0:0:0:0, 1:0:0:0:0, 0:0:0:0:0, 4:0:1:0:3, 0:0:0:0:0, 0:0:0:0:0, 0:0:0:0:0, 433:13:5:0:206
A locrian (3#), 3:2:0:0:0, 2:0:0:0:0, 3:1:1:0:3, 0:0:0:0:0, 2:3:0:0:0, 2:0:0:0:0, 2:0:0:0:0, 2:0:0:0:0, 2:3:0:0:0, 2:0:0:0:0, 3:2:1:0:1, 0:0:0:0:0, 4:1:0:0:0, 2:0:0:0:0, 2:0:0:0:0, 2:2:1:0:1, 2:0:0:0:0, 2:3:0:0:0, 0:0:0:0:0, 4:3:0:0:5, 3:0:0:2:2, 2:3:0:0:0, 2:0:0:0:0, 3:0:0:0:1, 3:2:1:0:1, 3:0:0:0:0, 2:2:1:0:1, 2:0:0:0:1, 2:3:0:0:0, 1:0:0:0:0, 4:1:0:0:2, 3:4:0:0:1, 1:0:0:0:0, 3:0:0:0:0, 2:3:0:0:4, 3:1:0:0:1, 2:0:0:0:0, 1:0:0:0:1, 1:2:0:0:0, 1:2:0:0:0, 3:2:1:0:1, 2:0:0:0:0, 3:1:1:0:3, 1:0:1:0:1, 3:2:1:0:1, 3:0:0:0:0, 4:0:0:0:0, 3:1:0:0:0, 3:2:1:0:1, 4:1:0:0:0, 2:2:0:0:0, 2:0:0:0:0, 3:2:1:0:1, 3:0:0:0:0, 3:1:0:0:0, 3:2:1:0:1, 3:0:0:0:0, 3:2:0:0:0, 0:0:0:0:0, 4:3:0:0:4, 2:0:0:0:0, 3:2:0:0:0, 2:0:0:0:0, 4:0:0:0:0, 2:2:0:0:0, 4:1:0:0:1, 3:1:0:0:0, 2:0:0:0:0, 3:2:1:0:1, 2:0:0:0:0, 3:1:0:0:0, 3:2:1:0:1, 3:1:0:0:0, 3:1:0:0:1, 2:2:0:0:0, 1:0:0:0:0, 3:2:1:0:1, 2:0:0:0:0, 2:0:0:0:0, 3:0:0:0:1, 2:2:0:0:0, 3:1:0:0:0, 2:2:1:0:1, 1:1:0:0:1, 2:2:0:0:0, 2:0:0:0:0, 2:0:0:0:0, 2:3:0:0:1, 3:0:0:0:0, 4:1:0:0:0, 0:0:0:0:0, 3:3:0:0:3, 3:0:0:0:0, 4:2:0:0:0, 1:0:0:0:0, 2:0:0:0:0, 2:3:0:0:0, 3:0:0:0:0, 3:1:0:0:0, 1:0:0:0:0, 3:4:1:0:1, 2:0:0:0:0, 5:1:0:0:2, 2:1:0:0:0, 2:2:0:0:0, 3:1:0:0:0, 2:3:0:0:0, 0:0:0:0:0, 2:3:0:0:0, 2:0:0:0:0, 3:0:0:0:1, 1:0:0:0:0, 3:2:1:0:1, 3:0:0:0:1, 3:1:1:0:3, 1:0:1:0:1, 3:2:1:0:1, 2:0:0:0:0, 2:0:0:0:0, 2:2:1:0:1, 3:0:0:0:0, 2:3:0:0:0, 1:0:0:0:0, 2:4:0:0:4, 3:0:0:0:0, 2:3:0:0:0, 3:0:0:0:0, 3:1:0:0:0, 3:2:0:0:0, 2:0:0:0:0, 2:3:0:0:0, 1:0:0:0:0, 3:2:1:0:1, 2:0:0:0:0, 3:2:0:0:0, 3:3:1:0:1, 3:1:0:0:0, 3:0:0:0:1, 3:2:0:0:0, 1:0:0:0:0, 2:3:0:0:0, 3:1:0:0:2, 4:0:0:0:0, 3:1:0:0:0, 3:2:1:0:1, 3:0:0:0:0, 2:2:0:0:0, 2:0:0:0:1, 2:3:0:0:0, 4:1:0:0:0, 2:0:0:0:0, 3:2:0:0:0, 2:0:0:0:0, 3:2:0:0:0, 0:0:0:0:0, 3:3:0:0:4, 3:0:0:0:0, 2:3:0:0:0, 2:0:0:0:0, 2:0:0:0:0, 3:2:1:0:1, 2:0:0:0:0, 3:1:1:0:3, 0:0:0:0:0, 3:3:0:0:0, 2:0:0:0:0, 2:0:0:0:0, 2:3:0:0:0, 3:2:0:0:0, 3:0:0:0:0, 4:1:0:0:0, 1:0:0:0:0, 3:2:1:0:1, 2:0:0:0:0, 1:0:0:0:0, 1:0:0:0:0, 3:2:1:0:1, 2:0:0:0:0, 2:2:0:0:0, 2:0:0:0:1, 2:2:1:0:1, 2:0:0:0:0, 2:0:0:0:0, 3:2:1:0:1, 3:0:0:0:0, 1:3:0:0:0, 1:0:0:0:0, 4:3:0:0:4, 3:0:0:0:0, 3:2:0:0:0, 2:0:0:0:0, 2:0:0:0:0, 2:3:0:0:0, 2:0:0:0:0, 2:3:0:0:0, 0:0:0:0:0, 3:2:0:0:0, 3:1:0:0:0, 2:0:0:0:0, 2:3:1:0:1, 2:2:0:0:0, 3:1:0:0:0, 2:3:0:0:0, 1:0:0:0:1, 2:3:0:0:0, 2:0:0:0:0, 2:0:0:0:0, 1:0:0:0:0, 3:2:1:0:1, 3:0:0:0:1, 3:1:1:0:3, 2:0:1:0:2, 3:2:1:0:1, 2:0:0:0:0, 2:0:0:0:0, 2:2:1:0:1, 3:0:0:0:0, 2:3:0:0:0, 1:0:0:0:0, 2:4:0:0:4, 3:0:0:0:0, 2:3:0:0:0, 3:0:0:0:0, 3:1:0:0:0, 3:2:0:0:0, 2:0:0:0:0, 2:3:0:0:0, 1:0:0:0:0, 3:2:1:0:1, 2:0:0:0:0, 3:1:0:0:0, 3:2:1:0:1, 3:1:0:0:0, 3:0:0:0:1, 3:2:0:0:0, 1:0:0:0:0, 2:3:0:0:0, 3:1:0:0:2, 4:0:0:0:0, 3:1:0:0:0, 3:2:1:0:1, 3:0:0:0:0, 2:2:0:0:0, 2:0:0:0:1, 2:3:0:0:0, 4:1:0:0:0, 2:0:0:0:0, 3:2:0:0:0, 2:0:0:0:0, 3:2:0:0:0, 0:0:0:0:0, 3:3:0:0:4, 3:0:0:0:0, 2:3:0:0:0, 2:0:0:0:0, 2:0:0:0:0, 3:2:1:0:1, 2:0:0:0:0, 3:1:1:0:3, 1:0:0:0:0, 2:3:0:0:0, 2:0:0:0:0, 2:0:0:0:0, 2:3:0:0:0, 3:2:0:0:0, 3:0:0:0:0, 4:1:0:0:0, 1:0:0:0:0, 3:2:1:0:1, 2:0:0:0:0, 1:0:0:0:0, 1:0:0:0:0, 3:2:1:0:1, 2:0:0:0:0, 2:2:0:0:0, 2:0:0:0:1, 2:2:1:0:1, 2:0:0:0:0, 2:0:0:0:0, 2:2:1:0:1, 3:0:0:0:0, 1:3:0:0:0, 1:0:0:0:0, 4:3:0:0:4, 3:0:0:0:0, 3:2:0:0:0, 3:1:0:0:1, 2:0:0:0:0, 2:3:0:0:0, 2:0:0:0:0, 2:3:0:0:0, 0:0:0:0:0, 3:3:0:0:0, 2:1:0:0:0, 2:0:0:0:0, 2:3:0:0:0, 1:0:0:0:0, 1:0:0:0:0, 1:4:0:0:4, 1:1:0:0:1, 1:0:0:0:0, 2:3:1:0:1, 1:0:0:0:1, 1:0:0:0:1, 1:0:0:0:1, 699:330:47:2:139
Ab major (4b), 1:0:0:0:1, 2:0:0:0:1, 0:0:0:0:0, 3:0:0:0:4, 1:0:0:0:1, 2:0:0:0:0, 2:0:0:0:0, 1:0:0:0:1, 0:0:0:0:0, 2:0:0:0:1, 0:0:0:0:0, 3:0:0:0:4, 1:0:0:0:2, 2:0:0:0:1, 2:0:0:0:1, 3:1:0:0:2, 0:0:0:0:0, 1:0:0:0:0, 2:0:0:0:6, 1:0:0:0:1, 1:0:0:0:1, 1:0:0:0:0, 2:0:0:0:1, 3:0:1:0:1, 1:0:0:0:1, 3:0:0:0:2, 3:1:0:0:2, 3:0:0:0:2, 0:0:0:0:0, 2:0:0:0:1, 2:0:1:0:0, 1:0:0:0:0, 2:0:0:0:1, 0:0:0:0:0, 1:0:0:0:1, 0:0:0:0:0, 1:1:0:0:1, 3:0:0:0:3, 0:0:0:0:0, 0:0:0:0:0, 1:0:0:0:1, 2:0:0:0:1, 0:0:0:0:0, 2:0:0:0:3, 1:0:0:0:1, 1:0:0:0:0, 1:0:0:0:0, 2:0:0:0:1, 3:1:0:0:2, 1:0:0:0:1, 2:0:0:0:1, 1:0:0:0:3, 1:0:0:0:1, 2:0:0:0:0, 1:0:0:0:1, 0:0:0:0:0, 0:0:0:0:0, 1:0:0:0:0, 4:0:0:0:4, 1:0:0:0:1, 0:0:0:0:0, 2:0:0:0:1, 2:0:0:0:2, 2:0:0:0:1, 0:0:0:0:0, 2:0:0:0:1, 1:0:0:0:1, 1:0:0:0:3, 1:0:0:0:1, 2:0:0:0:1, 2:0:0:0:1, 2:0:0:0:0, 2:0:0:0:2, 2:0:0:0:0, 0:0:0:0:0, 2:0:0:0:3, 1:0:0:0:1, 2:0:0:0:0, 2:0:0:0:0, 2:0:0:0:2, 0:0:0:0:0, 2:0:1:0:1, 3:1:0:0:2, 3:0:0:0:2, 1:0:0:0:1, 2:0:0:0:1, 1:0:0:0:2, 1:0:0:0:0, 1:0:0:0:1, 2:0:0:0:1, 2:0:0:0:6, 0:0:0:0:0, 1:0:0:0:1, 2:0:0:0:1, 1:0:0:0:0, 1:0:0:0:2, 0:0:0:0:0, 3:0:0:0:2, 1:0:0:0:0, 2:0:0:0:2, 1:0:1:0:0, 2:0:0:0:1, 0:0:0:0:0, 2:0:0:0:2, 2:0:0:0:1, 1:0:0:0:1, 0:0:0:0:0, 2:0:0:0:3, 0:0:0:0:0, 2:0:0:0:1, 1:0:0:0:0, 1:0:0:0:3, 1:0:0:0:1, 2:0:0:0:0, 0:0:0:0:0, 2:0:0:0:2, 0:0:0:0:0, 2:0:0:0:0, 2:0:0:0:2, 1:0:0:0:1, 1:0:0:0:1, 0:0:0:0:0, 2:0:0:0:4, 1:0:0:0:1, 0:0:0:0:0, 1:0:0:0:0, 1:0:0:0:0, 2:0:0:0:1, 1:0:0:0:1, 1:0:0:0:0, 0:0:0:0:0, 2:0:0:0:3, 1:0:0:0:1, 2:0:0:0:1, 1:0:0:0:1, 1:0:0:0:0, 2:0:0:0:1, 0:0:0:0:0, 0:0:0:0:0, 2:0:0:0:3, 1:0:0:0:1, 0:0:0:0:0, 1:0:0:0:0, 1:0:0:0:1, 1:0:0:0:1, 1:0:0:0:2, 1:0:0:0:0, 3:0:0:0:3, 0:0:0:0:0, 1:0:0:0:1, 2:0:0:0:1, 0:0:0:0:0, 0:0:0:0:0, 1:0:0:0:0, 4:0:0:0:4, 1:0:0:0:0, 1:0:0:0:1, 1:0:0:0:1, 1:0:0:0:0, 1:0:0:0:1, 1:0:0:0:1, 1:0:0:0:3, 0:0:0:0:0, 3:0:0:0:4, 0:0:0:0:0, 2:0:0:0:1, 2:0:0:0:1, 0:0:0:0:0, 0:0:0:0:0, 3:0:0:0:1, 1:0:0:0:1, 2:0:0:0:3, 1:0:0:0:1, 2:0:0:0:0, 3:0:0:0:1, 1:0:0:0:1, 1:0:0:0:1, 2:0:0:0:1, 1:0:0:0:1, 2:1:0:0:4, 0:0:0:0:0, 2:0:0:0:1, 2:0:0:0:1, 0:0:0:0:0, 1:0:0:0:1, 2:0:0:0:1, 4:0:0:0:4, 1:0:0:0:0, 0:0:0:0:0, 1:0:0:0:0, 1:0:0:0:0, 2:0:0:0:1, 1:0:0:0:1, 2:0:0:0:2, 0:0:0:0:0, 3:0:0:0:3, 2:0:0:0:2, 2:0:0:0:1, 2:0:0:0:2, 1:0:0:0:0, 2:0:0:0:1, 1:0:0:0:1, 0:0:0:0:0, 3:0:0:0:2, 0:0:0:0:0, 2:0:0:0:1, 2:0:0:0:0, 1:0:0:0:3, 1:0:0:0:1, 2:0:0:0:0, 0:0:0:0:0, 3:0:0:0:1, 0:0:0:0:0, 2:0:0:0:0, 2:0:0:0:1, 1:0:0:0:1, 1:0:0:0:1, 0:0:0:0:0, 2:0:0:0:4, 1:0:0:0:1, 0:0:0:0:0, 1:0:0:0:0, 1:0:0:0:0, 2:0:0:0:1, 1:0:0:0:1, 1:0:0:0:0, 0:0:0:0:0, 2:0:0:0:3, 1:0:0:0:1, 2:0:0:0:1, 1:0:0:0:1, 2:1:0:0:1, 2:0:0:0:1, 0:0:0:0:0, 0:0:0:0:0, 2:0:0:0:3, 1:0:0:0:1, 0:0:0:0:0, 1:0:0:0:0, 1:0:0:0:1, 1:0:0:0:1, 1:0:0:0:2, 1:0:0:0:0, 3:0:0:0:3, 0:0:0:0:0, 1:0:0:0:1, 2:0:0:0:1, 0:0:0:0:0, 0:0:0:0:0, 1:0:0:0:0, 4:0:0:0:4, 1:0:0:0:0, 1:0:0:0:1, 1:0:0:0:1, 1:0:0:0:0, 1:0:0:0:1, 1:0:0:0:1, 2:0:0:0:2, 0:0:0:0:0, 2:0:0:0:3, 0:0:0:0:0, 2:0:0:0:1, 2:0:0:0:1, 0:0:0:0:0, 0:0:0:0:0, 3:0:0:0:1, 0:0:0:0:0, 2:0:0:0:3, 1:0:0:0:1, 2:0:0:0:0, 3:0:0:0:1, 1:0:0:0:1, 1:0:0:0:1, 2:0:0:0:1, 2:0:0:0:1, 2:1:0:0:5, 0:0:0:0:0, 2:0:0:0:1, 2:0:0:0:1, 1:0:0:0:1, 1:0:0:0:1, 2:0:0:0:1, 4:0:0:0:4, 2:0:0:0:1, 0:0:0:0:0, 1:0:0:0:0, 1:0:0:0:0, 2:0:0:0:1, 1:0:0:0:1, 2:0:0:0:2, 0:0:0:0:0, 2:0:0:0:3, 1:0:0:0:1, 2:0:0:0:1, 2:0:0:0:2, 0:0:0:0:0, 0:0:0:0:0, 0:0:0:0:0, 0:0:0:0:0, 0:0:0:0:0, 0:0:0:0:0, 4:0:1:0:3, 0:0:0:0:0, 0:0:0:0:0, 0:0:0:0:0, 394:8:5:0:302
E major (4#), 3:2:0:0:2, 2:0:0:0:0, 3:1:1:0:2, 0:0:0:0:0, 2:3:0:0:3, 3:0:0:0:0, 3:0:0:0:0, 2:0:0:0:0, 2:3:0:0:3, 2:0:0:0:0, 3:2:1:0:3, 0:0:0:0:0, 4:1:0:0:1, 2:0:0:0:0, 2:0:0:0:0, 3:2:1:0:3, 2:0:0:0:0, 3:3:0:0:3, 0:0:0:0:0, 4:2:0:0:2, 3:0:0:2:2, 3:3:0:0:3, 2:0:0:0:0, 4:0:0:0:0, 3:2:1:0:3, 3:0:0:0:0, 3:2:1:0:3, 1:0:0:0:0, 2:3:0:0:3, 1:0:0:0:0, 4:0:0:0:0, 3:3:0:0:3, 2:0:0:0:0, 3:0:0:0:0, 2:1:0:0:1, 3:1:0:0:1, 2:0:0:0:0, 1:0:0:0:0, 1:2:0:0:2, 1:2:0:0:2, 3:2:1:0:3, 2:0:0:0:0, 3:1:1:0:2, 1:0:1:0:1, 3:2:1:0:3, 2:0:0:0:0, 3:0:0:0:0, 4:1:0:0:1, 4:2:1:0:3, 4:1:0:0:1, 2:2:0:0:2, 1:0:0:0:0, 3:2:1:0:3, 3:0:0:0:0, 3:1:0:0:1, 3:2:1:0:3, 3:0:0:0:0, 4:2:0:0:2, 1:0:0:0:0, 4:2:0:0:2, 2:0:0:0:0, 4:2:0:0:2, 2:0:0:0:0, 3:0:0:0:0, 2:2:0:0:2, 4:1:0:0:1, 2:1:0:0:1, 1:0:0:0:0, 3:2:1:0:3, 2:0:0:0:0, 4:1:0:0:1, 4:2:1:0:3, 3:1:0:0:1, 3:0:0:0:0, 2:2:0:0:2, 0:0:0:0:0, 3:2:1:0:3, 3:0:0:0:0, 3:0:0:0:0, 3:0:0:0:0, 2:2:0:0:2, 3:1:0:0:1, 3:2:1:0:3, 1:0:0:0:0, 2:2:0:0:2, 2:0:0:0:0, 2:0:0:0:0, 2:2:0:0:2, 2:0:0:0:0, 5:1:0:0:1, 0:0:0:0:0, 3:2:0:0:2, 2:0:0:0:0, 5:2:0:0:2, 1:0:0:0:0, 2:0:0:0:0, 2:3:0:0:3, 4:0:0:0:0, 2:1:0:0:1, 0:0:0:0:0, 3:4:1:0:4, 2:0:0:0:0, 4:1:0:0:1, 2:1:0:0:1, 2:2:0:0:2, 3:1:0:0:1, 2:3:0:0:3, 0:0:0:0:0, 2:3:0:0:3, 2:0:0:0:0, 3:0:0:0:0, 1:0:0:0:0, 3:2:1:0:3, 4:0:0:0:0, 3:1:1:0:2, 1:0:1:0:1, 3:2:1:0:3, 3:0:0:0:0, 2:0:0:0:0, 2:2:1:0:3, 3:0:0:0:0, 2:3:0:0:3, 1:0:0:0:0, 2:2:0:0:2, 2:0:0:0:0, 3:3:0:0:3, 2:0:0:0:0, 4:1:0:0:1, 3:2:0:0:2, 2:0:0:0:0, 2:3:0:0:3, 0:0:0:0:0, 3:2:1:0:3, 2:0:0:0:0, 3:2:0:0:2, 4:3:1:0:4, 2:1:0:0:1, 3:0:0:0:0, 2:2:0:0:2, 0:0:0:0:0, 2:3:0:0:3, 3:1:0:0:1, 3:0:0:0:0, 3:1:0:0:1, 3:2:1:0:3, 3:0:0:0:0, 3:2:0:0:2, 1:0:0:0:0, 2:3:0:0:3, 4:1:0:0:1, 2:0:0:0:0, 3:2:0:0:2, 2:0:0:0:0, 4:2:0:0:2, 1:0:0:0:0, 4:2:0:0:2, 3:0:0:0:0, 2:3:0:0:3, 2:0:0:0:0, 2:0:0:0:0, 3:2:1:0:3, 2:0:0:0:0, 3:1:1:0:2, 0:0:0:0:0, 3:3:0:0:3, 2:0:0:0:0, 2:0:0:0:0, 2:3:0:0:3, 2:2:0:0:2, 4:0:0:0:0, 3:1:0:0:1, 0:0:0:0:0, 3:2:1:0:3, 3:0:0:0:0, 2:0:0:0:0, 1:0:0:0:0, 3:2:1:0:3, 2:0:0:0:0, 2:2:0:0:2, 2:0:0:0:0, 2:2:1:0:3, 2:0:0:0:0, 2:0:0:0:0, 2:2:1:0:3, 3:0:0:0:0, 1:3:0:0:3, 1:0:0:0:0, 5:2:0:0:2, 2:0:0:0:0, 4:2:0:0:2, 2:0:0:0:0, 3:0:0:0:0, 2:3:0:0:3, 3:0:0:0:0, 2:3:0:0:3, 1:0:0:0:0, 3:2:0:0:2, 4:1:0:0:1, 2:0:0:0:0, 2:3:1:0:4, 2:2:0:0:2, 3:1:0:0:1, 2:3:0:0:3, 1:0:0:0:0, 2:3:0:0:3, 2:0:0:0:0, 3:0:0:0:0, 1:0:0:0:0, 3:2:1:0:3, 4:0:0:0:0, 3:1:1:0:2, 2:0:1:0:1, 3:2:1:0:3, 3:0:0:0:0, 2:0:0:0:0, 2:2:1:0:3, 3:0:0:0:0, 2:3:0:0:3, 1:0:0:0:0, 2:2:0:0:2, 2:0:0:0:0, 3:3:0:0:3, 2:0:0:0:0, 4:1:0:0:1, 3:2:0:0:2, 2:0:0:0:0, 2:3:0:0:3, 0:0:0:0:0, 3:2:1:0:3, 2:0:0:0:0, 3:1:0:0:1, 4:2:1:0:3, 2:1:0:0:1, 3:0:0:0:0, 2:2:0:0:2, 0:0:0:0:0, 2:3:0:0:3, 3:1:0:0:1, 3:0:0:0:0, 3:1:0:0:1, 3:2:1:0:3, 3:0:0:0:0, 3:2:0:0:2, 1:0:0:0:0, 2:3:0:0:3, 4:1:0:0:1, 2:0:0:0:0, 3:2:0:0:2, 2:0:0:0:0, 4:2:0:0:2, 1:0:0:0:0, 4:2:0:0:2, 3:0:0:0:0, 2:3:0:0:3, 2:0:0:0:0, 2:0:0:0:0, 3:2:1:0:3, 3:0:0:0:0, 3:1:1:0:2, 0:0:0:0:0, 2:3:0:0:3, 2:0:0:0:0, 2:0:0:0:0, 2:3:0:0:3, 2:2:0:0:2, 4:0:0:0:0, 3:1:0:0:1, 0:0:0:0:0, 3:2:1:0:3, 3:0:0:0:0, 2:0:0:0:0, 1:0:0:0:0, 3:2:1:0:3, 2:0:0:0:0, 3:2:0:0:2, 2:0:0:0:0, 2:2:1:0:3, 2:0:0:0:0, 2:0:0:0:0, 2:2:1:0:3, 3:0:0:0:0, 1:3:0:0:3, 1:0:0:0:0, 5:2:0:0:2, 2:0:0:0:0, 4:2:0:0:2, 3:1:0:0:1, 3:0:0:0:0, 2:3:0:0:3, 3:0:0:0:0, 2:3:0:0:3, 0:0:0:0:0, 3:3:0:0:3, 3:1:0:0:1, 2:0:0:0:0, 2:3:0:0:3, 1:0:0:0:0, 1:0:0:0:0, 1:1:0:0:1, 1:1:0:0:1, 1:0:0:0:0, 2:3:1:0:3, 1:0:0:0:0, 1:0:0:0:0, 1:0:0:0:0, 719:309:47:2:356
F minor (4b), 1:0:0:0:1, 2:0:0:0:1, 0:0:0:0:0, 3:0:0:0:4, 1:0:0:0:1, 2:0:0:0:0, 2:0:0:0:0, 1:0:0:0:1, 0:0:0:0:0, 2:0:0:0:1, 0:0:0:0:0, 3:0:0:0:4, 1:0:0:0:2, 2:0:0:0:1, 2:0:0:0:1, 3:1:0:0:2, 0:0:0:0:0, 1:0:0:0:0, 2:0:0:0:6, 1:0:0:0:1, 1:0:0:0:1, 1:0:0:0:0, 2:0:0:0:1, 3:0:1:0:1, 1:0:0:0:1, 3:0:0:0:2, 3:1:0:0:2, 3:0:0:0:2, 0:0:0:0:0, 2:0:0:0:1, 2:0:1:0:0, 1:0:0:0:0, 2:0:0:0:1, 0:0:0:0:0, 1:0:0:0:1, 0:0:0:0:0, 1:1:0:0:1, 3:0:0:0:3, 0:0:0:0:0, 0:0:0:0:0, 1:0:0:0:1, 2:0:0:0:1, 0:0:0:0:0, 2:0:0:0:3, 1:0:0:0:1, 1:0:0:0:0, 1:0:0:0:0, 2:0:0:0:1, 3:1:0:0:2, 1:0:0:0:1, 2:0:0:0:1, 1:0:0:0:3, 1:0:0:0:1, 2:0:0:0:0, 1:0:0:0:1, 0:0:0:0:0, 0:0:0:0:0, 1:0:0:0:0, 4:0:0:0:4, 1:0:0:0:1, 0:0:0:0:0, 2:0:0:0:1, 2:0:0:0:2, 2:0:0:0:1, 0:0:0:0:0, 2:0:0:0:1, 1:0:0:0:1, 1:0:0:0:3, 1:0:0:0:1, 2:0:0:0:1, 2:0:0:0:1, 2:0:0:0:0, 2:0:0:0:2, 2:0:0:0:0, 0:0:0:0:0, 2:0:0:0:3, 1:0:0:0:1, 2:0:0:0:0, 2:0:0:0:0, 2:0:0:0:2, 0:0:0:0:0, 2:0:1:0:1, 3:1:0:0:2, 3:0:0:0:2, 1:0:0:0:1, 2:0:0:0:1, 1:0:0:0:2, 1:0:0:0:0, 1:0:0:0:1, 2:0:0:0:1, 2:0:0:0:6, 0:0:0:0:0, 1:0:0:0:1, 2:0:0:0:1, 1:0:0:0:0, 1:0:0:0:2, 0:0:0:0:0, 3:0:0:0:2, 1:0:0:0:0, 2:0:0:0:2, 1:0:1:0:0, 2:0:0:0:1, 0:0:0:0:0, 2:0:0:0:2, 2:0:0:0:1, 1:0:0:0:1, 0:0:0:0:0, 2:0:0:0:3, 0:0:0:0:0, 2:0:0:0:1, 1:0:0:0:0, 1:0:0:0:3, 1:0:0:0:1, 2:0:0:0:0, 0:0:0:0:0, 2:0:0:0:2, 0:0:0:0:0, 2:0:0:0:0, 2:0:0:0:2, 1:0:0:0:1, 1:0:0:0:1, 0:0:0:0:0, 2:0:0:0:4, 1:0:0:0:1, 0:0:0:0:0, 1:0:0:0:0, 1:0:0:0:0, 2:0:0:0:1, 1:0:0:0:1, 1:0:0:0:0, 0:0:0:0:0, 2:0:0:0:3, 1:0:0:0:1, 2:0:0:0:1, 1:0:0:0:1, 1:0:0:0:0, 2:0:0:0:1, 0:0:0:0:0, 0:0:0:0:0, 2:0:0:0:3, 1:0:0:0:1, 0:0:0:0:0, 1:0:0:0:0, 1:0:0:0:1, 1:0:0:0:1, 1:0:0:0:2, 1:0:0:0:0, 3:0:0:0:3, 0:0:0:0:0, 1:0:0:0:1, 2:0:0:0:1, 0:0:0:0:0, 0:0:0:0:0, 1:0:0:0:0, 4:0:0:0:4, 1:0:0:0:0, 1:0:0:0:1, 1:0:0:0:1, 1:0:0:0:0, 1:0:0:0:1, 1:0:0:0:1, 1:0:0:0:3, 0:0:0:0:0, 3:0:0:0:4, 0:0:0:0:0, 2:0:0:0:1, 2:0:0:0:1, 0:0:0:0:0, 0:0:0:0:0, 3:0:0:0:1, 1:0:0:0:1, 2:0:0:0:3, 1:0:0:0:1, 2:0:0:0:0, 3:0:0:0:1, 1:0:0:0:1, 1:0:0:0:1, 2:0:0:0:1, 1:0:0:0:1, 2:1:0:0:4, 0:0:0:0:0, 2:0:0:0:1, 2:0:0:0:1, 0:0:0:0:0, 1:0:0:0:1, 2:0:0:0:1, 4:0:0:0:4, 1:0:0:0:0, 0:0:0:0:0, 1:0:0:0:0, 1:0:0:0:0, 2:0:0:0:1, 1:0:0:0:1, 2:0:0:0:2, 0:0:0:0:0, 3:0:0:0:3, 2:0:0:0:2, 2:0:0:0:1, 2:0:0:0:2, 1:0:0:0:0, 2:0:0:0:1, 1:0:0:0:1, 0:0:0:0:0, 3:0:0:0:2, 0:0:0:0:0, 2:0:0:0:1, 2:0:0:0:0, 1:0:0:0:3, 1:0:0:0:1, 2:0:0:0:0, 0:0:0:0:0, 3:0:0:0:1, 0:0:0:0:0, 2:0:0:0:0, 2:0:0:0:1, 1:0:0:0:1, 1:0:0:0:1, 0:0:0:0:0, 2:0:0:0:4, 1:0:0:0:1, 0:0:0:0:0, 1:0:0:0:0, 1:0:0:0:0, 2:0:0:0:1, 1:0:0:0:1, 1:0:0:0:0, 0:0:0:0:0, 2:0:0:0:3, 1:0:0:0:1, 2:0:0:0:1, 1:0:0:0:1, 2:1:0:0:1, 2:0:0:0:1, 0:0:0:0:0, 0:0:0:0:0, 2:0:0:0:3, 1:0:0:0:1, 0:0:0:0:0, 1:0:0:0:0, 1:0:0:0:1, 1:0:0:0:1, 1:0:0:0:2, 1:0:0:0:0, 3:0:0:0:3, 0:0:0:0:0, 1:0:0:0:1, 2:0:0:0:1, 0:0:0:0:0, 0:0:0:0:0, 1:0:0:0:0, 4:0:0:0:4, 1:0:0:0:0, 1:0:0:0:1, 1:0:0:0:1, 1:0:0:0:0, 1:0:0:0:1, 1:0:0:0:1, 2:0:0:0:2, 0:0:0:0:0, 2:0:0:0:3, 0:0:0:0:0, 2:0:0:0:1, 2:0:0:0:1, 0:0:0:0:0, 0:0:0:0:0, 3:0:0:0:1, 0:0:0:0:0, 2:0:0:0:3, 1:0:0:0:1, 2:0:0:0:0, 3:0:0:0:1, 1:0:0:0:1, 1:0:0:0:1, 2:0:0:0:1, 2:0:0:0:1, 2:1:0:0:5, 0:0:0:0:0, 2:0:0:0:1, 2:0:0:0:1, 1:0:0:0:1, 1:0:0:0:1, 2:0:0:0:1, 4:0:0:0:4, 2:0:0:0:1, 0:0:0:0:0, 1:0:0:0:0, 1:0:0:0:0, 2:0:0:0:1, 1:0:0:0:1, 2:0:0:0:2, 0:0:0:0:0, 2:0:0:0:3, 1:0:0:0:1, 2:0:0:0:1, 2:0:0:0:2, 0:0:0:0:0, 0:0:0:0:0, 0:0:0:0:0, 0:0:0:0:0, 0:0:0:0:0, 0:0:0:0:0, 4:0:1:0:3, 0:0:0:0:0, 0:0:0:0:0, 0:0:0:0:0, 394:8:5:0:302
C# minor (4#), 3:2:0:0:2, 2:0:0:0:0, 3:1:1:0:2, 0:0:0:0:0, 2:3:0:0:3, 3:0:0:0:0, 3:0:0:0:0, 2:0:0:0:0, 2:3:0:0:3, 2:0:0:0:0, 3:2:1:0:3, 0:0:0:0:0, 4:1:0:0:1, 2:0:0:0:0, 2:0:0:0:0, 3:2:1:0:3, 2:0:0:0:0, 3:3:0:0:3, 0:0:0:0:0, 4:2:0:0:2, 3:0:0:2:2, 3:3:0:0:3, 2:0:0:0:0, 4:0:0:0:0, 3:2:1:0:3, 3:0:0:0:0, 3:2:1:0:3, 1:0:0:0:0, 2:3:0:0:3, 1:0:0:0:0, 4:0:0:0:0, 3:3:0:0:3, 2:0:0:0:0, 3:0:0:0:0, 2:1:0:0:1, 3:1:0:0:1, 2:0:0:0:0, 1:0:0:0:0, 1:2:0:0:2, 1:2:0:0:2, 3:2:1:0:3, 2:0:0:0:0, 3:1:1:0:2, 1:0:1:0:1, 3:2:1:0:3, 2:0:0:0:0, 3:0:0:0:0, 4:1:0:0:1, 4:2:1:0:3, 4:1:0:0:1, 2:2:0:0:2, 1:0:0:0:0, 3:2:1:0:3, 3:0:0:0:0, 3:1:0:0:1, 3:2:1:0:3, 3:0:0:0:0, 4:2:0:0:2, 1:0:0:0:0, 4:2:0:0:2, 2:0:0:0:0, 4:2:0:0:2, 2:0:0:0:0, 3:0:0:0:0, 2:2:0:0:2, 4:1:0:0:1, 2:1:0:0:1, 1:0:0:0:0, 3:2:1:0:3, 2:0:0:0:0, 4:1:0:0:1, 4:2:1:0:3, 3:1:0:0:1, 3:0:0:0:0, 2:2:0:0:2, 0:0:0:0:0, 3:2:1:0:3, 3:0:0:0:0, 3:0:0:0:0, 3:0:0:0:0, 2:2:0:0:2, 3:1:0:0:1, 3:2:1:0:3, 1:0:0:0:0, 2:2:0:0:2, 2:0:0:0:0, 2:0:0:0:0, 2:2:0:0:2, 2:0:0:0:0, 5:1:0:0:1, 0:0:0:0:0, 3:2:0:0:2, 2:0:0:0:0, 5:2:0:0:2, 1:0:0:0:0, 2:0:0:0:0, 2:3:0:0:3, 4:0:0:0:0, 2:1:0:0:1, 0:0:0:0:0, 3:4:1:0:4, 2:0:0:0:0, 4:1:0:0:1, 2:1:0:0:1, 2:2:0:0:2, 3:1:0:0:1, 2:3:0:0:3, 0:0:0:0:0, 2:3:0:0:3, 2:0:0:0:0, 3:0:0:0:0, 1:0:0:0:0, 3:2:1:0:3, 4:0:0:0:0, 3:1:1:0:2, 1:0:1:0:1, 3:2:1:0:3, 3:0:0:0:0, 2:0:0:0:0, 2:2:1:0:3, 3:0:0:0:0, 2:3:0:0:3, 1:0:0:0:0, 2:2:0:0:2, 2:0:0:0:0, 3:3:0:0:3, 2:0:0:0:0, 4:1:0:0:1, 3:2:0:0:2, 2:0:0:0:0, 2:3:0:0:3, 0:0:0:0:0, 3:2:1:0:3, 2:0:0:0:0, 3:2:0:0:2, 4:3:1:0:4, 2:1:0:0:1, 3:0:0:0:0, 2:2:0:0:2, 0:0:0:0:0, 2:3:0:0:3, 3:1:0:0:1, 3:0:0:0:0, 3:1:0:0:1, 3:2:1:0:3, 3:0:0:0:0, 3:2:0:0:2, 1:0:0:0:0, 2:3:0:0:3, 4:1:0:0:1, 2:0:0:0:0, 3:2:0:0:2, 2:0:0:0:0, 4:2:0:0:2, 1:0:0:0:0, 4:2:0:0:2, 3:0:0:0:0, 2:3:0:0:3, 2:0:0:0:0, 2:0:0:0:0, 3:2:1:0:3, 2:0:0:0:0, 3:1:1:0:2, 0:0:0:0:0, 3:3:0:0:3, 2:0:0:0:0, 2:0:0:0:0, 2:3:0:0:3, 2:2:0:0:2, 4:0:0:0:0, 3:1:0:0:1, 0:0:0:0:0, 3:2:1:0:3, 3:0:0:0:0, 2:0:0:0:0, 1:0:0:0:0, 3:2:1:0:3, 2:0:0:0:0, 2:2:0:0:2, 2:0:0:0:0, 2:2:1:0:3, 2:0:0:0:0, 2:0:0:0:0, 2:2:1:0:3, 3:0:0:0:0, 1:3:0:0:3, 1:0:0:0:0, 5:2:0:0:2, 2:0:0:0:0, 4:2:0:0:2, 2:0:0:0:0, 3:0:0:0:0, 2:3:0:0:3, 3:0:0:0:0, 2:3:0:0:3, 1:0:0:0:0, 3:2:0:0:2, 4:1:0:0:1, 2:0:0:0:0, 2:3:1:0:4, 2:2:0:0:2, 3:1:0:0:1, 2:3:0:0:3, 1:0:0:0:0, 2:3:0:0:3, 2:0:0:0:0, 3:0:0:0:0, 1:0:0:0:0, 3:2:1:0:3, 4:0:0:0:0, 3:1:1:0:2, 2:0:1:0:1, 3:2:1:0:3, 3:0:0:0:0, 2:0:0:0:0, 2:2:1:0:3, 3:0:0:0:0, 2:3:0:0:3, 1:0:0:0:0, 2:2:0:0:2, 2:0:0:0:0, 3:3:0:0:3, 2:0:0:0:0, 4:1:0:0:1, 3:2:0:0:2, 2:0:0:0:0, 2:3:0:0:3, 0:0:0:0:0, 3:2:1:0:3, 2:0:0:0:0, 3:1:0:0:1, 4:2:1:0:3, 2:1:0:0:1, 3:0:0:0:0, 2:2:0:0:2, 0:0:0:0:0, 2:3:0:0:3, 3:1:0:0:1, 3:0:0:0:0, 3:1:0:0:1, 3:2:1:0:3, 3:0:0:0:0, 3:2:0:0:2, 1:0:0:0:0, 2:3:0:0:3, 4:1:0:0:1, 2:0:0:0:0, 3:2:0:0:2, 2:0:0:0:0, 4:2:0:0:2, 1:0:0:0:0, 4:2:0:0:2, 3:0:0:0:0, 2:3:0:0:3, 2:0:0:0:0, 2:0:0:0:0, 3:2:1:0:3, 3:0:0:0:0, 3:1:1:0:2, 0:0:0:0:0, 2:3:0:0:3, 2:0:0:0:0, 2:0:0:0:0, 2:3:0:0:3, 2:2:0:0:2, 4:0:0:0:0, 3:1:0:0:1, 0:0:0:0:0, 3:2:1:0:3, 3:0:0:0:0, 2:0:0:0:0, 1:0:0:0:0, 3:2:1:0:3, 2:0:0:0:0, 3:2:0:0:2, 2:0:0:0:0, 2:2:1:0:3, 2:0:0:0:0, 2:0:0:0:0, 2:2:1:0:3, 3:0:0:0:0, 1:3:0:0:3, 1:0:0:0:0, 5:2:0:0:2, 2:0:0:0:0, 4:2:0:0:2, 3:1:0:0:1, 3:0:0:0:0, 2:3:0:0:3, 3:0:0:0:0, 2:3:0:0:3, 0:0:0:0:0, 3:3:0:0:3, 3:1:0:0:1, 2:0:0:0:0, 2:3:0:0:3, 1:0:0:0:0, 1:0:0:0:0, 1:1:0:0:1, 1:1:0:0:1, 1:0:0:0:0, 2:3:1:0:3, 1:0:0:0:0, 1:0:0:0:0, 1:0:0:0:0, 719:309:47:2:356
F minor mel (4b), 1:0:0:0:1, 2:0:0:0:1, 0:0:0:0:0, 3:0:0:0:4, 1:0:0:0:1, 2:0:0:0:0, 2:0:0:0:0, 1:0:0:0:1, 0:0:0:0:0, 2:0:0:0:1, 0:0:0:0:0, 3:0:0:0:4, 1:0:0:0:2, 2:0:0:0:1, 2:0:0:0:1, 3:1:0:0:2, 0:0:0:0:0, 1:0:0:0:0, 2:0:0:0:6, 1:0:0:0:1, 1:0:0:0:1, 1:0:0:0:0, 2:0:0:0:1, 3:0:1:0:1, 1:0:0:0:1, 3:0:0:0:2, 3:1:0:0:2, 3:0:0:0:2, 0:0:0:0:0, 2:0:0:0:1, 2:0:1:0:0, 1:0:0:0:0, 2:0:0:0:1, 0:0:0:0:0, 1:0:0:0:1, 0:0:0:0:0, 1:1:0:0:1, 3:0:0:0:3, 0:0:0:0:0, 0:0:0:0:0, 1:0:0:0:1, 2:0:0:0:1, 0:0:0:0:0, 2:0:0:0:3, 1:0:0:0:1, 1:0:0:0:0, 1:0:0:0:0, 2:0:0:0:1, 3:1:0:0:2, 1:0:0:0:1, 2:0:0:0:1, 1:0:0:0:3, 1:0:0:0:1, 2:0:0:0:0, 1:0:0:0:1, 0:0:0:0:0, 0:0:0:0:0, 1:0:0:0:0, 4:0:0:0:4, 1:0:0:0:1, 0:0:0:0:0, 2:0:0:0:1, 2:0:0:0:2, 2:0:0:0:1, 0:0:0:0:0, 2:0:0:0:1, 1:0:0:0:1, 1:0:0:0:3, 1:0:0:0:1, 2:0:0:0:1, 2:0:0:0:1, 2:0:0:0:0, 2:0:0:0:2, 2:0:0:0:0, 0:0:0:0:0, 2:0:0:0:3, 1:0:0:0:1, 2:0:0:0:0, 2:0:0:0:0, 2:0:0:0:2, 0:0:0:0:0, 2:0:1:0:1, 3:1:0:0:2, 3:0:0:0:2, 1:0:0:0:1, 2:0:0:0:1, 1:0:0:0:2, 1:0:0:0:0, 1:0:0:0:1, 2:0:0:0:1, 2:0:0:0:6, 0:0:0:0:0, 1:0:0:0:1, 2:0:0:0:1, 1:0:0:0:0, 1:0:0:0:2, 0:0:0:0:0, 3:0:0:0:2, 1:0:0:0:0, 2:0:0:0:2, 1:0:1:0:0, 2:0:0:0:1, 0:0:0:0:0, 2:0:0:0:2, 2:0:0:0:1, 1:0:0:0:1, 0:0:0:0:0, 2:0:0:0:3, 0:0:0:0:0, 2:0:0:0:1, 1:0:0:0:0, 1:0:0:0:3, 1:0:0:0:1, 2:0:0:0:0, 0:0:0:0:0, 2:0:0:0:2, 0:0:0:0:0, 2:0:0:0:0, 2:0:0:0:2, 1:0:0:0:1, 1:0:0:0:1, 0:0:0:0:0, 2:0:0:0:4, 1:0:0:0:1, 0:0:0:0:0, 1:0:0:0:0, 1:0:0:0:0, 2:0:0:0:1, 1:0:0:0:1, 1:0:0:0:0, 0:0:0:0:0, 2:0:0:0:3, 1:0:0:0:1, 2:0:0:0:1, 1:0:0:0:1, 1:0:0:0:0, 2:0:0:0:1, 0:0:0:0:0, 0:0:0:0:0, 2:0:0:0:3, 1:0:0:0:1, 0:0:0:0:0, 1:0:0:0:0, 1:0:0:0:1, 1:0:0:0:1, 1:0:0:0:2, 1:0:0:0:0, 3:0:0:0:3, 0:0:0:0:0, 1:0:0:0:1, 2:0:0:0:1, 0:0:0:0:0, 0:0:0:0:0, 1:0:0:0:0, 4:0:0:0:4, 1:0:0:0:0, 1:0:0:0:1, 1:0:0:0:1, 1:0:0:0:0, 1:0:0:0:1, 1:0:0:0:1, 1:0:0:0:3, 0:0:0:0:0, 3:0:0:0:4, 0:0:0:0:0, 2:0:0:0:1, 2:0:0:0:1, 0:0:0:0:0, 0:0:0:0:0, 3:0:0:0:1, 1:0:0:0:1, 2:0:0:0:3, 1:0:0:0:1, 2:0:0:0:0, 3:0:0:0:1, 1:0:0:0:1, 1:0:0:0:1, 2:0:0:0:1, 1:0:0:0:1, 2:1:0:0:4, 0:0:0:0:0, 2:0:0:0:1, 2:0:0:0:1, 0:0:0:0:0, 1:0:0:0:1, 2:0:0:0:1, 4:0:0:0:4, 1:0:0:0:0, 0:0:0:0:0, 1:0:0:0:0, 1:0:0:0:0, 2:0:0:0:1, 1:0:0:0:1, 2:0:0:0:2, 0:0:0:0:0, 3:0:0:0:3, 2:0:0:0:2, 2:0:0:0:1, 2:0:0:0:2, 1:0:0:0:0, 2:0:0:0:1, 1:0:0:0:1, 0:0:0:0:0, 3:0:0:0:2, 0:0:0:0:0, 2:0:0:0:1, 2:0:0:0:0, 1:0:0:0:3, 1:0:0:0:1, 2:0:0:0:0, 0:0:0:0:0, 3:0:0:0:1, 0:0:0:0:0, 2:0:0:0:0, 2:0:0:0:1, 1:0:0:0:1, 1:0:0:0:1, 0:0:0:0:0, 2:0:0:0:4, 1:0:0:0:1, 0:0:0:0:0, 1:0:0:0:0, 1:0:0:0:0, 2:0:0:0:1, 1:0:0:0:1, 1:0:0:0:0, 0:0:0:0:0, 2:0:0:0:3, 1:0:0:0:1, 2:0:0:0:1, 1:0:0:0:1, 2:1:0:0:1, 2:0:0:0:1, 0:0:0:0:0, 0:0:0:0:0, 2:0:0:0:3, 1:0:0:0:1, 0:0:0:0:0, 1:0:0:0:0, 1:0:0:0:1, 1:0:0:0:1, 1:0:0:0:2, 1:0:0:0:0, 3:0:0:0:3, 0:0:0:0:0, 1:0:0:0:1, 2:0:0:0:1, 0:0:0:0:0, 0:0:0:0:0, 1:0:0:0:0, 4:0:0:0:4, 1:0:0:0:0, 1:0:0:0:1, 1:0:0:0:1, 1:0:0:0:0, 1:0:0:0:1, 1:0:0:0:1, 2:0:0:0:2, 0:0:0:0:0, 2:0:0:0:3, 0:0:0:0:0, 2:0:0:0:1, 2:0:0:0:1, 0:0:0:0:0, 0:0:0:0:0, 3:0:0:0:1, 0:0:0:0:0, 2:0:0:0:3, 1:0:0:0:1, 2:0:0:0:0, 3:0:0:0:1, 1:0:0:0:1, 1:0:0:0:1, 2:0:0:0:1, 2:0:0:0:1, 2:1:0:0:5, 0:0:0:0:0, 2:0:0:0:1, 2:0:0:0:1, 1:0:0:0:1, 1:0:0:0:1, 2:0:0:0:1, 4:0:0:0:4, 2:0:0:0:1, 0:0:0:0:0, 1:0:0:0:0, 1:0:0:0:0, 2:0:0:0:1, 1:0:0:0:1, 2:0:0:0:2, 0:0:0:0:0, 2:0:0:0:3, 1:0:0:0:1, 2:0:0:0:1, 2:0:0:0:2, 0:0:0:0:0, 0:0:0:0:0, 0:0:0:0:0, 0:0:0:0:0, 0:0:0:0:0, 0:0:0:0:0, 4:0:1:0:3, 0:0:0:0:0, 0:0:0:0:0, 0:0:0:0:0, 394:8:5:0:302
C# minor mel (4#), 3:2:0:0:2, 2:0:0:0:0, 3:1:1:0:2, 0:0:0:0:0, 2:3:0:0:3, 3:0:0:0:0, 3:0:0:0:0, 2:0:0:0:0, 2:3:0:0:3, 2:0:0:0:0, 3:2:1:0:3, 0:0:0:0:0, 4:1:0:0:1, 2:0:0:0:0, 2:0:0:0:0, 3:2:1:0:3, 2:0:0:0:0, 3:3:0:0:3, 0:0:0:0:0, 4:2:0:0:2, 3:0:0:2:2, 3:3:0:0:3, 2:0:0:0:0, 4:0:0:0:0, 3:2:1:0:3, 3:0:0:0:0, 3:2:1:0:3, 1:0:0:0:0, 2:3:0:0:3, 1:0:0:0:0, 4:0:0:0:0, 3:3:0:0:3, 2:0:0:0:0, 3:0:0:0:0, 2:1:0:0:1, 3:1:0:0:1, 2:0:0:0:0, 1:0:0:0:0, 1:2:0:0:2, 1:2:0:0:2, 3:2:1:0:3, 2:0:0:0:0, 3:1:1:0:2, 1:0:1:0:1, 3:2:1:0:3, 2:0:0:0:0, 3:0:0:0:0, 4:1:0:0:1, 4:2:1:0:3, 4:1:0:0:1, 2:2:0:0:2, 1:0:0:0:0, 3:2:1:0:3, 3:0:0:0:0, 3:1:0:0:1, 3:2:1:0:3, 3:0:0:0:0, 4:2:0:0:2, 1:0:0:0:0, 4:2:0:0:2, 2:0:0:0:0, 4:2:0:0:2, 2:0:0:0:0, 3:0:0:0:0, 2:2:0:0:2, 4:1:0:0:1, 2:1:0:0:1, 1:0:0:0:0, 3:2:1:0:3, 2:0:0:0:0, 4:1:0:0:1, 4:2:1:0:3, 3:1:0:0:1, 3:0:0:0:0, 2:2:0:0:2, 0:0:0:0:0, 3:2:1:0:3, 3:0:0:0:0, 3:0:0:0:0, 3:0:0:0:0, 2:2:0:0:2, 3:1:0:0:1, 3:2:1:0:3, 1:0:0:0:0, 2:2:0:0:2, 2:0:0:0:0, 2:0:0:0:0, 2:2:0:0:2, 2:0:0:0:0, 5:1:0:0:1, 0:0:0:0:0, 3:2:0:0:2, 2:0:0:0:0, 5:2:0:0:2, 1:0:0:0:0, 2:0:0:0:0, 2:3:0:0:3, 4:0:0:0:0, 2:1:0:0:1, 0:0:0:0:0, 3:4:1:0:4, 2:0:0:0:0, 4:1:0:0:1, 2:1:0:0:1, 2:2:0:0:2, 3:1:0:0:1, 2:3:0:0:3, 0:0:0:0:0, 2:3:0:0:3, 2:0:0:0:0, 3:0:0:0:0, 1:0:0:0:0, 3:2:1:0:3, 4:0:0:0:0, 3:1:1:0:2, 1:0:1:0:1, 3:2:1:0:3, 3:0:0:0:0, 2:0:0:0:0, 2:2:1:0:3, 3:0:0:0:0, 2:3:0:0:3, 1:0:0:0:0, 2:2:0:0:2, 2:0:0:0:0, 3:3:0:0:3, 2:0:0:0:0, 4:1:0:0:1, 3:2:0:0:2, 2:0:0:0:0, 2:3:0:0:3, 0:0:0:0:0, 3:2:1:0:3, 2:0:0:0:0, 3:2:0:0:2, 4:3:1:0:4, 2:1:0:0:1, 3:0:0:0:0, 2:2:0:0:2, 0:0:0:0:0, 2:3:0:0:3, 3:1:0:0:1, 3:0:0:0:0, 3:1:0:0:1, 3:2:1:0:3, 3:0:0:0:0, 3:2:0:0:2, 1:0:0:0:0, 2:3:0:0:3, 4:1:0:0:1, 2:0:0:0:0, 3:2:0:0:2, 2:0:0:0:0, 4:2:0:0:2, 1:0:0:0:0, 4:2:0:0:2, 3:0:0:0:0, 2:3:0:0:3, 2:0:0:0:0, 2:0:0:0:0, 3:2:1:0:3, 2:0:0:0:0, 3:1:1:0:2, 0:0:0:0:0, 3:3:0:0:3, 2:0:0:0:0, 2:0:0:0:0, 2:3:0:0:3, 2:2:0:0:2, 4:0:0:0:0, 3:1:0:0:1, 0:0:0:0:0, 3:2:1:0:3, 3:0:0:0:0, 2:0:0:0:0, 1:0:0:0:0, 3:2:1:0:3, 2:0:0:0:0, 2:2:0:0:2, 2:0:0:0:0, 2:2:1:0:3, 2:0:0:0:0, 2:0:0:0:0, 2:2:1:0:3, 3:0:0:0:0, 1:3:0:0:3, 1:0:0:0:0, 5:2:0:0:2, 2:0:0:0:0, 4:2:0:0:2, 2:0:0:0:0, 3:0:0:0:0, 2:3:0:0:3, 3:0:0:0:0, 2:3:0:0:3, 1:0:0:0:0, 3:2:0:0:2, 4:1:0:0:1, 2:0:0:0:0, 2:3:1:0:4, 2:2:0:0:2, 3:1:0:0:1, 2:3:0:0:3, 1:0:0:0:0, 2:3:0:0:3, 2:0:0:0:0, 3:0:0:0:0, 1:0:0:0:0, 3:2:1:0:3, 4:0:0:0:0, 3:1:1:0:2, 2:0:1:0:1, 3:2:1:0:3, 3:0:0:0:0, 2:0:0:0:0, 2:2:1:0:3, 3:0:0:0:0, 2:3:0:0:3, 1:0:0:0:0, 2:2:0:0:2, 2:0:0:0:0, 3:3:0:0:3, 2:0:0:0:0, 4:1:0:0:1, 3:2:0:0:2, 2:0:0:0:0, 2:3:0:0:3, 0:0:0:0:0, 3:2:1:0:3, 2:0:0:0:0, 3:1:0:0:1, 4:2:1:0:3, 2:1:0:0:1, 3:0:0:0:0, 2:2:0:0:2, 0:0:0:0:0, 2:3:0:0:3, 3:1:0:0:1, 3:0:0:0:0, 3:1:0:0:1, 3:2:1:0:3, 3:0:0:0:0, 3:2:0:0:2, 1:0:0:0:0, 2:3:0:0:3, 4:1:0:0:1, 2:0:0:0:0, 3:2:0:0:2, 2:0:0:0:0, 4:2:0:0:2, 1:0:0:0:0, 4:2:0:0:2, 3:0:0:0:0, 2:3:0:0:3, 2:0:0:0:0, 2:0:0:0:0, 3:2:1:0:3, 3:0:0:0:0, 3:1:1:0:2, 0:0:0:0:0, 2:3:0:0:3, 2:0:0:0:0, 2:0:0:0:0, 2:3:0:0:3, 2:2:0:0:2, 4:0:0:0:0, 3:1:0:0:1, 0:0:0:0:0, 3:2:1:0:3, 3:0:0:0:0, 2:0:0:0:0, 1:0:0:0:0, 3:2:1:0:3, 2:0:0:0:0, 3:2:0:0:2, 2:0:0:0:0, 2:2:1:0:3, 2:0:0:0:0, 2:0:0:0:0, 2:2:1:0:3, 3:0:0:0:0, 1:3:0:0:3, 1:0:0:0:0, 5:2:0:0:2, 2:0:0:0:0, 4:2:0:0:2, 3:1:0:0:1, 3:0:0:0:0, 2:3:0:0:3, 3:0:0:0:0, 2:3:0:0:3, 0:0:0:0:0, 3:3:0:0:3, 3:1:0:0:1, 2:0:0:0:0, 2:3:0:0:3, 1:0:0:0:0, 1:0:0:0:0, 1:1:0:0:1, 1:1:0:0:1, 1:0:0:0:0, 2:3:1:0:3, 1:0:0:0:0, 1:0:0:0:0, 1:0:0:0:0, 719:309:47:2:356
Ab major blues (4b), 1:0:0:0:1, 2:0:0:0:1, 0:0:0:0:0, 3:0:0:0:4, 1:0:0:0:1, 2:0:0:0:0, 2:0:0:0:0, 1:0:0:0:1, 0:0:0:0:0, 2:0:0:0:1, 0:0:0:0:0, 3:0:0:0:4, 1:0:0:0:2, 2:0:0:0:1, 2:0:0:0:1, 3:1:0:0:2, 0:0:0:0:0, 1:0:0:0:0, 2:0:0:0:6, 1:0:0:0:1, 1:0:0:0:1, 1:0:0:0:0, 2:0:0:0:1, 3:0:1:0:1, 1:0:0:0:1, 3:0:0:0:2, 3:1:0:0:2, 3:0:0:0:2, 0:0:0:0:0, 2:0:0:0:1, 2:0:1:0:0, 1:0:0:0:0, 2:0:0:0:1, 0:0:0:0:0, 1:0:0:0:1, 0:0:0:0:0, 1:1:0:0:1, 3:0:0:0:3, 0:0:0:0:0, 0:0:0:0:0, 1:0:0:0:1, 2:0:0:0:1, 0:0:0:0:0, 2:0:0:0:3, 1:0:0:0:1, 1:0:0:0:0, 1:0:0:0:0, 2:0:0:0:1, 3:1:0:0:2, 1:0:0:0:1, 2:0:0:0:1, 1:0:0:0:3, 1:0:0:0:1, 2:0:0:0:0, 1:0:0:0:1, 0:0:0:0:0, 0:0:0:0:0, 1:0:0:0:0, 4:0:0:0:4, 1:0:0:0:1, 0:0:0:0:0, 2:0:0:0:1, 2:0:0:0:2, 2:0:0:0:1, 0:0:0:0:0, 2:0:0:0:1, 1:0:0:0:1, 1:0:0:0:3, 1:0:0:0:1, 2:0:0:0:1, 2:0:0:0:1, 2:0:0:0:0, 2:0:0:0:2, 2:0:0:0:0, 0:0:0:0:0, 2:0:0:0:3, 1:0:0:0:1, 2:0:0:0:0, 2:0:0:0:0, 2:0:0:0:2, 0:0:0:0:0, 2:0:1:0:1, 3:1:0:0:2, 3:0:0:0:2, 1:0:0:0:1, 2:0:0:0:1, 1:0:0:0:2, 1:0:0:0:0, 1:0:0:0:1, 2:0:0:0:1, 2:0:0:0:6, 0:0:0:0:0, 1:0:0:0:1, 2:0:0:0:1, 1:0:0:0:0, 1:0:0:0:2, 0:0:0:0:0, 3:0:0:0:2, 1:0:0:0:0, 2:0:0:0:2, 1:0:1:0:0, 2:0:0:0:1, 0:0:0:0:0, 2:0:0:0:2, 2:0:0:0:1, 1:0:0:0:1, 0:0:0:0:0, 2:0:0:0:3, 0:0:0:0:0, 2:0:0:0:1, 1:0:0:0:0, 1:0:0:0:3, 1:0:0:0:1, 2:0:0:0:0, 0:0:0:0:0, 2:0:0:0:2, 0:0:0:0:0, 2:0:0:0:0, 2:0:0:0:2, 1:0:0:0:1, 1:0:0:0:1, 0:0:0:0:0, 2:0:0:0:4, 1:0:0:0:1, 0:0:0:0:0, 1:0:0:0:0, 1:0:0:0:0, 2:0:0:0:1, 1:0:0:0:1, 1:0:0:0:0, 0:0:0:0:0, 2:0:0:0:3, 1:0:0:0:1, 2:0:0:0:1, 1:0:0:0:1, 1:0:0:0:0, 2:0:0:0:1, 0:0:0:0:0, 0:0:0:0:0, 2:0:0:0:3, 1:0:0:0:1, 0:0:0:0:0, 1:0:0:0:0, 1:0:0:0:1, 1:0:0:0:1, 1:0:0:0:2, 1:0:0:0:0, 3:0:0:0:3, 0:0:0:0:0, 1:0:0:0:1, 2:0:0:0:1, 0:0:0:0:0, 0:0:0:0:0, 1:0:0:0:0, 4:0:0:0:4, 1:0:0:0:0, 1:0:0:0:1, 1:0:0:0:1, 1:0:0:0:0, 1:0:0:0:1, 1:0:0:0:1, 1:0:0:0:3, 0:0:0:0:0, 3:0:0:0:4, 0:0:0:0:0, 2:0:0:0:1, 2:0:0:0:1, 0:0:0:0:0, 0:0:0:0:0, 3:0:0:0:1, 1:0:0:0:1, 2:0:0:0:3, 1:0:0:0:1, 2:0:0:0:0, 3:0:0:0:1, 1:0:0:0:1, 1:0:0:0:1, 2:0:0:0:1, 1:0:0:0:1, 2:1:0:0:4, 0:0:0:0:0, 2:0:0:0:1, 2:0:0:0:1, 0:0:0:0:0, 1:0:0:0:1, 2:0:0:0:1, 4:0:0:0:4, 1:0:0:0:0, 0:0:0:0:0, 1:0:0:0:0, 1:0:0:0:0, 2:0:0:0:1, 1:0:0:0:1, 2:0:0:0:2, 0:0:0:0:0, 3:0:0:0:3, 2:0:0:0:2, 2:0:0:0:1, 2:0:0:0:2, 1:0:0:0:0, 2:0:0:0:1, 1:0:0:0:1, 0:0:0:0:0, 3:0:0:0:2, 0:0:0:0:0, 2:0:0:0:1, 2:0:0:0:0, 1:0:0:0:3, 1:0:0:0:1, 2:0:0:0:0, 0:0:0:0:0, 3:0:0:0:1, 0:0:0:0:0, 2:0:0:0:0, 2:0:0:0:1, 1:0:0:0:1, 1:0:0:0:1, 0:0:0:0:0, 2:0:0:0:4, 1:0:0:0:1, 0:0:0:0:0, 1:0:0:0:0, 1:0:0:0:0, 2:0:0:0:1, 1:0:0:0:1, 1:0:0:0:0, 0:0:0:0:0, 2:0:0:0:3, 1:0:0:0:1, 2:0:0:0:1, 1:0:0:0:1, 2:1:0:0:1, 2:0:0:0:1, 0:0:0:0:0, 0:0:0:0:0, 2:0:0:0:3, 1:0:0:0:1, 0:0:0:0:0, 1:0:0:0:0, 1:0:0:0:1, 1:0:0:0:1, 1:0:0:0:2, 1:0:0:0:0, 3:0:0:0:3, 0:0:0:0:0, 1:0:0:0:1, 2:0:0:0:1, 0:0:0:0:0, 0:0:0:0:0, 1:0:0:0:0, 4:0:0:0:4, 1:0:0:0:0, 1:0:0:0:1, 1:0:0:0:1, 1:0:0:0:0, 1:0:0:0:1, 1:0:0:0:1, 2:0:0:0:2, 0:0:0:0:0, 2:0:0:0:3, 0:0:0:0:0, 2:0:0:0:1, 2:0:0:0:1, 0:0:0:0:0, 0:0:0:0:0, 3:0:0:0:1, 0:0:0:0:0, 2:0:0:0:3, 1:0:0:0:1, 2:0:0:0:0, 3:0:0:0:1, 1:0:0:0:1, 1:0:0:0:1, 2:0:0:0:1, 2:0:0:0:1, 2:1:0:0:5, 0:0:0:0:0, 2:0:0:0:1, 2:0:0:0:1, 1:0:0:0:1, 1:0:0:0:1, 2:0:0:0:1, 4:0:0:0:4, 2:0:0:0:1, 0:0:0:0:0, 1:0:0:0:0, 1:0:0:0:0, 2:0:0:0:1, 1:0:0:0:1, 2:0:0:0:2, 0:0:0:0:0, 2:0:0:0:3, 1:0:0:0:1, 2:0:0:0:1, 2:0:0:0:2, 0:0:0:0:0, 0:0:0:0:0, 0:0:0:0:0, 0:0:0:0:0, 0:0:0:0:0, 0:0:0:0:0, 4:0:1:0:3, 0:0:0:0:0, 0:0:0:0:0, 0:0:0:0:0, 394:8:5:0:302
E major blues (4#), 3:2:0:0:2, 2:0:0:0:0, 3:1:1:0:2, 0:0:0:0:0, 2:3:0:0:3, 3:0:0:0:0, 3:0:0:0:0, 2:0:0:0:0, 2:3:0:0:3, 2:0:0:0:0, 3:2:1:0:3, 0:0:0:0:0, 4:1:0:0:1, 2:0:0:0:0, 2:0:0:0:0, 3:2:1:0:3, 2:0:0:0:0, 3:3:0:0:3, 0:0:0:0:0, 4:2:0:0:2, 3:0:0:2:2, 3:3:0:0:3, 2:0:0:0:0, 4:0:0:0:0, 3:2:1:0:3, 3:0:0:0:0, 3:2:1:0:3, 1:0:0:0:0, 2:3:0:0:3, 1:0:0:0:0, 4:0:0:0:0, 3:3:0:0:3, 2:0:0:0:0, 3:0:0:0:0, 2:1:0:0:1, 3:1:0:0:1, 2:0:0:0:0, 1:0:0:0:0, 1:2:0:0:2, 1:2:0:0:2, 3:2:1:0:3, 2:0:0:0:0, 3:1:1:0:2, 1:0:1:0:1, 3:2:1:0:3, 2:0:0:0:0, 3:0:0:0:0, 4:1:0:0:1, 4:2:1:0:3, 4:1:0:0:1, 2:2:0:0:2, 1:0:0:0:0, 3:2:1:0:3, 3:0:0:0:0, 3:1:0:0:1, 3:2:1:0:3, 3:0:0:0:0, 4:2:0:0:2, 1:0:0:0:0, 4:2:0:0:2, 2:0:0:0:0, 4:2:0:0:2, 2:0:0:0:0, 3:0:0:0:0, 2:2:0:0:2, 4:1:0:0:1, 2:1:0:0:1, 1:0:0:0:0, 3:2:1:0:3, 2:0:0:0:0, 4:1:0:0:1, 4:2:1:0:3, 3:1:0:0:1, 3:0:0:0:0, 2:2:0:0:2, 0:0:0:0:0, 3:2:1:0:3, 3:0:0:0:0, 3:0:0:0:0, 3:0:0:0:0, 2:2:0:0:2, 3:1:0:0:1, 3:2:1:0:3, 1:0:0:0:0, 2:2:0:0:2, 2:0:0:0:0, 2:0:0:0:0, 2:2:0:0:2, 2:0:0:0:0, 5:1:0:0:1, 0:0:0:0:0, 3:2:0:0:2, 2:0:0:0:0, 5:2:0:0:2, 1:0:0:0:0, 2:0:0:0:0, 2:3:0:0:3, 4:0:0:0:0, 2:1:0:0:1, 0:0:0:0:0, 3:4:1:0:4, 2:0:0:0:0, 4:1:0:0:1, 2:1:0:0:1, 2:2:0:0:2, 3:1:0:0:1, 2:3:0:0:3, 0:0:0:0:0, 2:3:0:0:3, 2:0:0:0:0, 3:0:0:0:0, 1:0:0:0:0, 3:2:1:0:3, 4:0:0:0:0, 3:1:1:0:2, 1:0:1:0:1, 3:2:1:0:3, 3:0:0:0:0, 2:0:0:0:0, 2:2:1:0:3, 3:0:0:0:0, 2:3:0:0:3, 1:0:0:0:0, 2:2:0:0:2, 2:0:0:0:0, 3:3:0:0:3, 2:0:0:0:0, 4:1:0:0:1, 3:2:0:0:2, 2:0:0:0:0, 2:3:0:0:3, 0:0:0:0:0, 3:2:1:0:3, 2:0:0:0:0, 3:2:0:0:2, 4:3:1:0:4, 2:1:0:0:1, 3:0:0:0:0, 2:2:0:0:2, 0:0:0:0:0, 2:3:0:0:3, 3:1:0:0:1, 3:0:0:0:0, 3:1:0:0:1, 3:2:1:0:3, 3:0:0:0:0, 3:2:0:0:2, 1:0:0:0:0, 2:3:0:0:3, 4:1:0:0:1, 2:0:0:0:0, 3:2:0:0:2, 2:0:0:0:0, 4:2:0:0:2, 1:0:0:0:0, 4:2:0:0:2, 3:0:0:0:0, 2:3:0:0:3, 2:0:0:0:0, 2:0:0:0:0, 3:2:1:0:3, 2:0:0:0:0, 3:1:1:0:2, 0:0:0:0:0, 3:3:0:0:3, 2:0:0:0:0, 2:0:0:0:0, 2:3:0:0:3, 2:2:0:0:2, 4:0:0:0:0, 3:1:0:0:1, 0:0:0:0:0, 3:2:1:0:3, 3:0:0:0:0, 2:0:0:0:0, 1:0:0:0:0, 3:2:1:0:3, 2:0:0:0:0, 2:2:0:0:2, 2:0:0:0:0, 2:2:1:0:3, 2:0:0:0:0, 2:0:0:0:0, 2:2:1:0:3, 3:0:0:0:0, 1:3:0:0:3, 1:0:0:0:0, 5:2:0:0:2, 2:0:0:0:0, 4:2:0:0:2, 2:0:0:0:0, 3:0:0:0:0, 2:3:0:0:3, 3:0:0:0:0, 2:3:0:0:3, 1:0:0:0:0, 3:2:0:0:2, 4:1:0:0:1, 2:0:0:0:0, 2:3:1:0:4, 2:2:0:0:2, 3:1:0:0:1, 2:3:0:0:3, 1:0:0:0:0, 2:3:0:0:3, 2:0:0:0:0, 3:0:0:0:0, 1:0:0:0:0, 3:2:1:0:3, 4:0:0:0:0, 3:1:1:0:2, 2:0:1:0:1, 3:2:1:0:3, 3:0:0:0:0, 2:0:0:0:0, 2:2:1:0:3, 3:0:0:0:0, 2:3:0:0:3, 1:0:0:0:0, 2:2:0:0:2, 2:0:0:0:0, 3:3:0:0:3, 2:0:0:0:0, 4:1:0:0:1, 3:2:0:0:2, 2:0:0:0:0, 2:3:0:0:3, 0:0:0:0:0, 3:2:1:0:3, 2:0:0:0:0, 3:1:0:0:1, 4:2:1:0:3, 2:1:0:0:1, 3:0:0:0:0, 2:2:0:0:2, 0:0:0:0:0, 2:3:0:0:3, 3:1:0:0:1, 3:0:0:0:0, 3:1:0:0:1, 3:2:1:0:3, 3:0:0:0:0, 3:2:0:0:2, 1:0:0:0:0, 2:3:0:0:3, 4:1:0:0:1, 2:0:0:0:0, 3:2:0:0:2, 2:0:0:0:0, 4:2:0:0:2, 1:0:0:0:0, 4:2:0:0:2, 3:0:0:0:0, 2:3:0:0:3, 2:0:0:0:0, 2:0:0:0:0, 3:2:1:0:3, 3:0:0:0:0, 3:1:1:0:2, 0:0:0:0:0, 2:3:0:0:3, 2:0:0:0:0, 2:0:0:0:0, 2:3:0:0:3, 2:2:0:0:2, 4:0:0:0:0, 3:1:0:0:1, 0:0:0:0:0, 3:2:1:0:3, 3:0:0:0:0, 2:0:0:0:0, 1:0:0:0:0, 3:2:1:0:3, 2:0:0:0:0, 3:2:0:0:2, 2:0:0:0:0, 2:2:1:0:3, 2:0:0:0:0, 2:0:0:0:0, 2:2:1:0:3, 3:0:0:0:0, 1:3:0:0:3, 1:0:0:0:0, 5:2:0:0:2, 2:0:0:0:0, 4:2:0:0:2, 3:1:0:0:1, 3:0:0:0:0, 2:3:0:0:3, 3:0:0:0:0, 2:3:0:0:3, 0:0:0:0:0, 3:3:0:0:3, 3:1:0:0:1, 2:0:0:0:0, 2:3:0:0:3, 1:0:0:0:0, 1:0:0:0:0, 1:1:0:0:1, 1:1:0:0:1, 1:0:0:0:0, 2:3:1:0:3, 1:0:0:0:0, 1:0:0:0:0, 1:0:0:0:0, 719:309:47:2:356
F minor blues (4b), 1:0:0:0:1, 2:0:0:0:1, 0:0:0:0:0, 3:0:0:0:4, 1:0:0:0:1, 2:0:0:0:0, 2:0:0:0:0, 1:0:0:0:1, 0:0:0:0:0, 2:0:0:0:1, 0:0:0:0:0, 3:0:0:0:4, 1:0:0:0:2, 2:0:0:0:1, 2:0:0:0:1, 3:1:0:0:2, 0:0:0:0:0, 1:0:0:0:0, 2:0:0:0:6, 1:0:0:0:1, 1:0:0:0:1, 1:0:0:0:0, 2:0:0:0:1, 3:0:1:0:1, 1:0:0:0:1, 3:0:0:0:2, 3:1:0:0:2, 3:0:0:0:2, 0:0:0:0:0, 2:0:0:0:1, 2:0:1:0:0, 1:0:0:0:0, 2:0:0:0:1, 0:0:0:0:0, 1:0:0:0:1, 0:0:0:0:0, 1:1:0:0:1, 3:0:0:0:3, 0:0:0:0:0, 0:0:0:0:0, 1:0:0:0:1, 2:0:0:0:1, 0:0:0:0:0, 2:0:0:0:3, 1:0:0:0:1, 1:0:0:0:0, 1:0:0:0:0, 2:0:0:0:1, 3:1:0:0:2, 1:0:0:0:1, 2:0:0:0:1, 1:0:0:0:3, 1:0:0:0:1, 2:0:0:0:0, 1:0:0:0:1, 0:0:0:0:0, 0:0:0:0:0, 1:0:0:0:0, 4:0:0:0:4, 1:0:0:0:1, 0:0:0:0:0, 2:0:0:0:1, 2:0:0:0:2, 2:0:0:0:1, 0:0:0:0:0, 2:0:0:0:1, 1:0:0:0:1, 1:0:0:0:3, 1:0:0:0:1, 2:0:0:0:1, 2:0:0:0:1, 2:0:0:0:0, 2:0:0:0:2, 2:0:0:0:0, 0:0:0:0:0, 2:0:0:0:3, 1:0:0:0:1, 2:0:0:0:0, 2:0:0:0:0, 2:0:0:0:2, 0:0:0:0:0, 2:0:1:0:1, 3:1:0:0:2, 3:0:0:0:2, 1:0:0:0:1, 2:0:0:0:1, 1:0:0:0:2, 1:0:0:0:0, 1:0:0:0:1, 2:0:0:0:1, 2:0:0:0:6, 0:0:0:0:0, 1:0:0:0:1, 2:0:0:0:1, 1:0:0:0:0, 1:0:0:0:2, 0:0:0:0:0, 3:0:0:0:2, 1:0:0:0:0, 2:0:0:0:2, 1:0:1:0:0, 2:0:0:0:1, 0:0:0:0:0, 2:0:0:0:2, 2:0:0:0:1, 1:0:0:0:1, 0:0:0:0:0, 2:0:0:0:3, 0:0:0:0:0, 2:0:0:0:1, 1:0:0:0:0, 1:0:0:0:3, 1:0:0:0:1, 2:0:0:0:0, 0:0:0:0:0, 2:0:0:0:2, 0:0:0:0:0, 2:0:0:0:0, 2:0:0:0:2, 1:0:0:0:1, 1:0:0:0:1, 0:0:0:0:0, 2:0:0:0:4, 1:0:0:0:1, 0:0:0:0:0, 1:0:0:0:0, 1:0:0:0:0, 2:0:0:0:1, 1:0:0:0:1, 1:0:0:0:0, 0:0:0:0:0, 2:0:0:0:3, 1:0:0:0:1, 2:0:0:0:1, 1:0:0:0:1, 1:0:0:0:0, 2:0:0:0:1, 0:0:0:0:0, 0:0:0:0:0, 2:0:0:0:3, 1:0:0:0:1, 0:0:0:0:0, 1:0:0:0:0, 1:0:0:0:1, 1:0:0:0:1, 1:0:0:0:2, 1:0:0:0:0, 3:0:0:0:3, 0:0:0:0:0, 1:0:0:0:1, 2:0:0:0:1, 0:0:0:0:0, 0:0:0:0:0, 1:0:0:0:0, 4:0:0:0:4, 1:0:0:0:0, 1:0:0:0:1, 1:0:0:0:1, 1:0:0:0:0, 1:0:0:0:1, 1:0:0:0:1, 1:0:0:0:3, 0:0:0:0:0, 3:0:0:0:4, 0:0:0:0:0, 2:0:0:0:1, 2:0:0:0:1, 0:0:0:0:0, 0:0:0:0:0, 3:0:0:0:1, 1:0:0:0:1, 2:0:0:0:3, 1:0:0:0:1, 2:0:0:0:0, 3:0:0:0:1, 1:0:0:0:1, 1:0:0:0:1, 2:0:0:0:1, 1:0:0:0:1, 2:1:0:0:4, 0:0:0:0:0, 2:0:0:0:1, 2:0:0:0:1, 0:0:0:0:0, 1:0:0:0:1, 2:0:0:0:1, 4:0:0:0:4, 1:0:0:0:0, 0:0:0:0:0, 1:0:0:0:0, 1:0:0:0:0, 2:0:0:0:1, 1:0:0:0:1, 2:0:0:0:2, 0:0:0:0:0, 3:0:0:0:3, 2:0:0:0:2, 2:0:0:0:1, 2:0:0:0:2, 1:0:0:0:0, 2:0:0:0:1, 1:0:0:0:1, 0:0:0:0:0, 3:0:0:0:2, 0:0:0:0:0, 2:0:0:0:1, 2:0:0:0:0, 1:0:0:0:3, 1:0:0:0:1, 2:0:0:0:0, 0:0:0:0:0, 3:0:0:0:1, 0:0:0:0:0, 2:0:0:0:0, 2:0:0:0:1, 1:0:0:0:1, 1:0:0:0:1, 0:0:0:0:0, 2:0:0:0:4, 1:0:0:0:1, 0:0:0:0:0, 1:0:0:0:0, 1:0:0:0:0, 2:0:0:0:1, 1:0:0:0:1, 1:0:0:0:0, 0:0:0:0:0, 2:0:0:0:3, 1:0:0:0:1, 2:0:0:0:1, 1:0:0:0:1, 2:1:0:0:1, 2:0:0:0:1, 0:0:0:0:0, 0:0:0:0:0, 2:0:0:0:3, 1:0:0:0:1, 0:0:0:0:0, 1:0:0:0:0, 1:0:0:0:1, 1:0:0:0:1, 1:0:0:0:2, 1:0:0:0:0, 3:0:0:0:3, 0:0:0:0:0, 1:0:0:0:1, 2:0:0:0:1, 0:0:0:0:0, 0:0:0:0:0, 1:0:0:0:0, 4:0:0:0:4, 1:0:0:0:0, 1:0:0:0:1, 1:0:0:0:1, 1:0:0:0:0, 1:0:0:0:1, 1:0:0:0:1, 2:0:0:0:2, 0:0:0:0:0, 2:0:0:0:3, 0:0:0:0:0, 2:0:0:0:1, 2:0:0:0:1, 0:0:0:0:0, 0:0:0:0:0, 3:0:0:0:1, 0:0:0:0:0, 2:0:0:0:3, 1:0:0:0:1, 2:0:0:0:0, 3:0:0:0:1, 1:0:0:0:1, 1:0:0:0:1, 2:0:0:0:1, 2:0:0:0:1, 2:1:0:0:5, 0:0:0:0:0, 2:0:0:0:1, 2:0:0:0:1, 1:0:0:0:1, 1:0:0:0:1, 2:0:0:0:1, 4:0:0:0:4, 2:0:0:0:1, 0:0:0:0:0, 1:0:0:0:0, 1:0:0:0:0, 2:0:0:0:1, 1:0:0:0:1, 2:0:0:0:2, 0:0:0:0:0, 2:0:0:0:3, 1:0:0:0:1, 2:0:0:0:1, 2:0:0:0:2, 0:0:0:0:0, 0:0:0:0:0, 0:0:0:0:0, 0:0:0:0:0, 0:0:0:0:0, 0:0:0:0:0, 4:0:1:0:3, 0:0:0:0:0, 0:0:0:0:0, 0:0:0:0:0, 394:8:5:0:302
C# minor blues (4#), 3:2:0:0:2, 2:0:0:0:0, 3:1:1:0:2, 0:0:0:0:0, 2:3:0:0:3, 3:0:0:0:0, 3:0:0:0:0, 2:0:0:0:0, 2:3:0:0:3, 2:0:0:0:0, 3:2:1:0:3, 0:0:0:0:0, 4:1:0:0:1, 2:0:0:0:0, 2:0:0:0:0, 3:2:1:0:3, 2:0:0:0:0, 3:3:0:0:3, 0:0:0:0:0, 4:2:0:0:2, 3:0:0:2:2, 3:3:0:0:3, 2:0:0:0:0, 4:0:0:0:0, 3:2:1:0:3, 3:0:0:0:0, 3:2:1:0:3, 1:0:0:0:0, 2:3:0:0:3, 1:0:0:0:0, 4:0:0:0:0, 3:3:0:0:3, 2:0:0:0:0, 3:0:0:0:0, 2:1:0:0:1, 3:1:0:0:1, 2:0:0:0:0, 1:0:0:0:0, 1:2:0:0:2, 1:2:0:0:2, 3:2:1:0:3, 2:0:0:0:0, 3:1:1:0:2, 1:0:1:0:1, 3:2:1:0:3, 2:0:0:0:0, 3:0:0:0:0, 4:1:0:0:1, 4:2:1:0:3, 4:1:0:0:1, 2:2:0:0:2, 1:0:0:0:0, 3:2:1:0:3, 3:0:0:0:0, 3:1:0:0:1, 3:2:1:0:3, 3:0:0:0:0, 4:2:0:0:2, 1:0:0:0:0, 4:2:0:0:2, 2:0:0:0:0, 4:2:0:0:2, 2:0:0:0:0, 3:0:0:0:0, 2:2:0:0:2, 4:1:0:0:1, 2:1:0:0:1, 1:0:0:0:0, 3:2:1:0:3, 2:0:0:0:0, 4:1:0:0:1, 4:2:1:0:3, 3:1:0:0:1, 3:0:0:0:0, 2:2:0:0:2, 0:0:0:0:0, 3:2:1:0:3, 3:0:0:0:0, 3:0:0:0:0, 3:0:0:0:0, 2:2:0:0:2, 3:1:0:0:1, 3:2:1:0:3, 1:0:0:0:0, 2:2:0:0:2, 2:0:0:0:0, 2:0:0:0:0, 2:2:0:0:2, 2:0:0:0:0, 5:1:0:0:1, 0:0:0:0:0, 3:2:0:0:2, 2:0:0:0:0, 5:2:0:0:2, 1:0:0:0:0, 2:0:0:0:0, 2:3:0:0:3, 4:0:0:0:0, 2:1:0:0:1, 0:0:0:0:0, 3:4:1:0:4, 2:0:0:0:0, 4:1:0:0:1, 2:1:0:0:1, 2:2:0:0:2, 3:1:0:0:1, 2:3:0:0:3, 0:0:0:0:0, 2:3:0:0:3, 2:0:0:0:0, 3:0:0:0:0, 1:0:0:0:0, 3:2:1:0:3, 4:0:0:0:0, 3:1:1:0:2, 1:0:1:0:1, 3:2:1:0:3, 3:0:0:0:0, 2:0:0:0:0, 2:2:1:0:3, 3:0:0:0:0, 2:3:0:0:3, 1:0:0:0:0, 2:2:0:0:2, 2:0:0:0:0, 3:3:0:0:3, 2:0:0:0:0, 4:1:0:0:1, 3:2:0:0:2, 2:0:0:0:0, 2:3:0:0:3, 0:0:0:0:0, 3:2:1:0:3, 2:0:0:0:0, 3:2:0:0:2, 4:3:1:0:4, 2:1:0:0:1, 3:0:0:0:0, 2:2:0:0:2, 0:0:0:0:0, 2:3:0:0:3, 3:1:0:0:1, 3:0:0:0:0, 3:1:0:0:1, 3:2:1:0:3, 3:0:0:0:0, 3:2:0:0:2, 1:0:0:0:0, 2:3:0:0:3, 4:1:0:0:1, 2:0:0:0:0, 3:2:0:0:2, 2:0:0:0:0, 4:2:0:0:2, 1:0:0:0:0, 4:2:0:0:2, 3:0:0:0:0, 2:3:0:0:3, 2:0:0:0:0, 2:0:0:0:0, 3:2:1:0:3, 2:0:0:0:0, 3:1:1:0:2, 0:0:0:0:0, 3:3:0:0:3, 2:0:0:0:0, 2:0:0:0:0, 2:3:0:0:3, 2:2:0:0:2, 4:0:0:0:0, 3:1:0:0:1, 0:0:0:0:0, 3:2:1:0:3, 3:0:0:0:0, 2:0:0:0:0, 1:0:0:0:0, 3:2:1:0:3, 2:0:0:0:0, 2:2:0:0:2, 2:0:0:0:0, 2:2:1:0:3, 2:0:0:0:0, 2:0:0:0:0, 2:2:1:0:3, 3:0:0:0:0, 1:3:0:0:3, 1:0:0:0:0, 5:2:0:0:2, 2:0:0:0:0, 4:2:0:0:2, 2:0:0:0:0, 3:0:0:0:0, 2:3:0:0:3, 3:0:0:0:0, 2:3:0:0:3, 1:0:0:0:0, 3:2:0:0:2, 4:1:0:0:1, 2:0:0:0:0, 2:3:1:0:4, 2:2:0:0:2, 3:1:0:0:1, 2:3:0:0:3, 1:0:0:0:0, 2:3:0:0:3, 2:0:0:0:0, 3:0:0:0:0, 1:0:0:0:0, 3:2:1:0:3, 4:0:0:0:0, 3:1:1:0:2, 2:0:1:0:1, 3:2:1:0:3, 3:0:0:0:0, 2:0:0:0:0, 2:2:1:0:3, 3:0:0:0:0, 2:3:0:0:3, 1:0:0:0:0, 2:2:0:0:2, 2:0:0:0:0, 3:3:0:0:3, 2:0:0:0:0, 4:1:0:0:1, 3:2:0:0:2, 2:0:0:0:0, 2:3:0:0:3, 0:0:0:0:0, 3:2:1:0:3, 2:0:0:0:0, 3:1:0:0:1, 4:2:1:0:3, 2:1:0:0:1, 3:0:0:0:0, 2:2:0:0:2, 0:0:0:0:0, 2:3:0:0:3, 3:1:0:0:1, 3:0:0:0:0, 3:1:0:0:1, 3:2:1:0:3, 3:0:0:0:0, 3:2:0:0:2, 1:0:0:0:0, 2:3:0:0:3, 4:1:0:0:1, 2:0:0:0:0, 3:2:0:0:2, 2:0:0:0:0, 4:2:0:0:2, 1:0:0:0:0, 4:2:0:0:2, 3:0:0:0:0, 2:3:0:0:3, 2:0:0:0:0, 2:0:0:0:0, 3:2:1:0:3, 3:0:0:0:0, 3:1:1:0:2, 0:0:0:0:0, 2:3:0:0:3, 2:0:0:0:0, 2:0:0:0:0, 2:3:0:0:3, 2:2:0:0:2, 4:0:0:0:0, 3:1:0:0:1, 0:0:0:0:0, 3:2:1:0:3, 3:0:0:0:0, 2:0:0:0:0, 1:0:0:0:0, 3:2:1:0:3, 2:0:0:0:0, 3:2:0:0:2, 2:0:0:0:0, 2:2:1:0:3, 2:0:0:0:0, 2:0:0:0:0, 2:2:1:0:3, 3:0:0:0:0, 1:3:0:0:3, 1:0:0:0:0, 5:2:0:0:2, 2:0:0:0:0, 4:2:0:0:2, 3:1:0:0:1, 3:0:0:0:0, 2:3:0:0:3, 3:0:0:0:0, 2:3:0:0:3, 0:0:0:0:0, 3:3:0:0:3, 3:1:0:0:1, 2:0:0:0:0, 2:3:0:0:3, 1:0:0:0:0, 1:0:0:0:0, 1:1:0:0:1, 1:1:0:0:1, 1:0:0:0:0, 2:3:1:0:3, 1:0:0:0:0, 1:0:0:0:0, 1:0:0:0:0, 719:309:47:2:356
Ab dorian (4b), 1:0:0:0:1, 2:0:0:0:1, 0:0:0:0:0, 3:0:0:0:4, 1:0:0:0:1, 2:0:0:0:0, 2:0:0:0:0, 1:0:0:0:1, 0:0:0:0:0, 2:0:0:0:1, 0:0:0:0:0, 3:0:0:0:4, 1:0:0:0:2, 2:0:0:0:1, 2:0:0:0:1, 3:1:0:0:2, 0:0:0:0:0, 1:0:0:0:0, 2:0:0:0:6, 1:0:0:0:1, 1:0:0:0:1, 1:0:0:0:0, 2:0:0:0:1, 3:0:1:0:1, 1:0:0:0:1, 3:0:0:0:2, 3:1:0:0:2, 3:0:0:0:2, 0:0:0:0:0, 2:0:0:0:1, 2:0:1:0:0, 1:0:0:0:0, 2:0:0:0:1, 0:0:0:0:0, 1:0:0:0:1, 0:0:0:0:0, 1:1:0:0:1, 3:0:0:0:3, 0:0:0:0:0, 0:0:0:0:0, 1:0:0:0:1, 2:0:0:0:1, 0:0:0:0:0, 2:0:0:0:3, 1:0:0:0:1, 1:0:0:0:0, 1:0:0:0:0, 2:0:0:0:1, 3:1:0:0:2, 1:0:0:0:1, 2:0:0:0:1, 1:0:0:0:3, 1:0:0:0:1, 2:0:0:0:0, 1:0:0:0:1, 0:0:0:0:0, 0:0:0:0:0, 1:0:0:0:0, 4:0:0:0:4, 1:0:0:0:1, 0:0:0:0:0, 2:0:0:0:1, 2:0:0:0:2, 2:0:0:0:1, 0:0:0:0:0, 2:0:0:0:1, 1:0:0:0:1, 1:0:0:0:3, 1:0:0:0:1, 2:0:0:0:1, 2:0:0:0:1, 2:0:0:0:0, 2:0:0:0:2, 2:0:0:0:0, 0:0:0:0:0, 2:0:0:0:3, 1:0:0:0:1, 2:0:0:0:0, 2:0:0:0:0, 2:0:0:0:2, 0:0:0:0:0, 2:0:1:0:1, 3:1:0:0:2, 3:0:0:0:2, 1:0:0:0:1, 2:0:0:0:1, 1:0:0:0:2, 1:0:0:0:0, 1:0:0:0:1, 2:0:0:0:1, 2:0:0:0:6, 0:0:0:0:0, 1:0:0:0:1, 2:0:0:0:1, 1:0:0:0:0, 1:0:0:0:2, 0:0:0:0:0, 3:0:0:0:2, 1:0:0:0:0, 2:0:0:0:2, 1:0:1:0:0, 2:0:0:0:1, 0:0:0:0:0, 2:0:0:0:2, 2:0:0:0:1, 1:0:0:0:1, 0:0:0:0:0, 2:0:0:0:3, 0:0:0:0:0, 2:0:0:0:1, 1:0:0:0:0, 1:0:0:0:3, 1:0:0:0:1, 2:0:0:0:0, 0:0:0:0:0, 2:0:0:0:2, 0:0:0:0:0, 2:0:0:0:0, 2:0:0:0:2, 1:0:0:0:1, 1:0:0:0:1, 0:0:0:0:0, 2:0:0:0:4, 1:0:0:0:1, 0:0:0:0:0, 1:0:0:0:0, 1:0:0:0:0, 2:0:0:0:1, 1:0:0:0:1, 1:0:0:0:0, 0:0:0:0:0, 2:0:0:0:3, 1:0:0:0:1, 2:0:0:0:1, 1:0:0:0:1, 1:0:0:0:0, 2:0:0:0:1, 0:0:0:0:0, 0:0:0:0:0, 2:0:0:0:3, 1:0:0:0:1, 0:0:0:0:0, 1:0:0:0:0, 1:0:0:0:1, 1:0:0:0:1, 1:0:0:0:2, 1:0:0:0:0, 3:0:0:0:3, 0:0:0:0:0, 1:0:0:0:1, 2:0:0:0:1, 0:0:0:0:0, 0:0:0:0:0, 1:0:0:0:0, 4:0:0:0:4, 1:0:0:0:0, 1:0:0:0:1, 1:0:0:0:1, 1:0:0:0:0, 1:0:0:0:1, 1:0:0:0:1, 1:0:0:0:3, 0:0:0:0:0, 3:0:0:0:4, 0:0:0:0:0, 2:0:0:0:1, 2:0:0:0:1, 0:0:0:0:0, 0:0:0:0:0, 3:0:0:0:1, 1:0:0:0:1, 2:0:0:0:3, 1:0:0:0:1, 2:0:0:0:0, 3:0:0:0:1, 1:0:0:0:1, 1:0:0:0:1, 2:0:0:0:1, 1:0:0:0:1, 2:1:0:0:4, 0:0:0:0:0, 2:0:0:0:1, 2:0:0:0:1, 0:0:0:0:0, 1:0:0:0:1, 2:0:0:0:1, 4:0:0:0:4, 1:0:0:0:0, 0:0:0:0:0, 1:0:0:0:0, 1:0:0:0:0, 2:0:0:0:1, 1:0:0:0:1, 2:0:0:0:2, 0:0:0:0:0, 3:0:0:0:3, 2:0:0:0:2, 2:0:0:0:1, 2:0:0:0:2, 1:0:0:0:0, 2:0:0:0:1, 1:0:0:0:1, 0:0:0:0:0, 3:0:0:0:2, 0:0:0:0:0, 2:0:0:0:1, 2:0:0:0:0, 1:0:0:0:3, 1:0:0:0:1, 2:0:0:0:0, 0:0:0:0:0, 3:0:0:0:1, 0:0:0:0:0, 2:0:0:0:0, 2:0:0:0:1, 1:0:0:0:1, 1:0:0:0:1, 0:0:0:0:0, 2:0:0:0:4, 1:0:0:0:1, 0:0:0:0:0, 1:0:0:0:0, 1:0:0:0:0, 2:0:0:0:1, 1:0:0:0:1, 1:0:0:0:0, 0:0:0:0:0, 2:0:0:0:3, 1:0:0:0:1, 2:0:0:0:1, 1:0:0:0:1, 2:1:0:0:1, 2:0:0:0:1, 0:0:0:0:0, 0:0:0:0:0, 2:0:0:0:3, 1:0:0:0:1, 0:0:0:0:0, 1:0:0:0:0, 1:0:0:0:1, 1:0:0:0:1, 1:0:0:0:2, 1:0:0:0:0, 3:0:0:0:3, 0:0:0:0:0, 1:0:0:0:1, 2:0:0:0:1, 0:0:0:0:0, 0:0:0:0:0, 1:0:0:0:0, 4:0:0:0:4, 1:0:0:0:0, 1:0:0:0:1, 1:0:0:0:1, 1:0:0:0:0, 1:0:0:0:1, 1:0:0:0:1, 2:0:0:0:2, 0:0:0:0:0, 2:0:0:0:3, 0:0:0:0:0, 2:0:0:0:1, 2:0:0:0:1, 0:0:0:0:0, 0:0:0:0:0, 3:0:0:0:1, 0:0:0:0:0, 2:0:0:0:3, 1:0:0:0:1, 2:0:0:0:0, 3:0:0:0:1, 1:0:0:0:1, 1:0:0:0:1, 2:0:0:0:1, 2:0:0:0:1, 2:1:0:0:5, 0:0:0:0:0, 2:0:0:0:1, 2:0:0:0:1, 1:0:0:0:1, 1:0:0:0:1, 2:0:0:0:1, 4:0:0:0:4, 2:0:0:0:1, 0:0:0:0:0, 1:0:0:0:0, 1:0:0:0:0, 2:0:0:0:1, 1:0:0:0:1, 2:0:0:0:2, 0:0:0:0:0, 2:0:0:0:3, 1:0:0:0:1, 2:0:0:0:1, 2:0:0:0:2, 0:0:0:0:0, 0:0:0:0:0, 0:0:0:0:0, 0:0:0:0:0, 0:0:0:0:0, 0:0:0:0:0, 4:0:1:0:3, 0:0:0:0:0, 0:0:0:0:0, 0:0:0:0:0, 394:8:5:0:302
E dorian (4#), 3:2:0:0:2, 2:0:0:0:0, 3:1:1:0:2, 0:0:0:0:0, 2:3:0:0:3, 3:0:0:0:0, 3:0:0:0:0, 2:0:0:0:0, 2:3:0:0:3, 2:0:0:0:0, 3:2:1:0:3, 0:0:0:0:0, 4:1:0:0:1, 2:0:0:0:0, 2:0:0:0:0, 3:2:1:0:3, 2:0:0:0:0, 3:3:0:0:3, 0:0:0:0:0, 4:2:0:0:2, 3:0:0:2:2, 3:3:0:0:3, 2:0:0:0:0, 4:0:0:0:0, 3:2:1:0:3, 3:0:0:0:0, 3:2:1:0:3, 1:0:0:0:0, 2:3:0:0:3, 1:0:0:0:0, 4:0:0:0:0, 3:3:0:0:3, 2:0:0:0:0, 3:0:0:0:0, 2:1:0:0:1, 3:1:0:0:1, 2:0:0:0:0, 1:0:0:0:0, 1:2:0:0:2, 1:2:0:0:2, 3:2:1:0:3, 2:0:0:0:0, 3:1:1:0:2, 1:0:1:0:1, 3:2:1:0:3, 2:0:0:0:0, 3:0:0:0:0, 4:1:0:0:1, 4:2:1:0:3, 4:1:0:0:1, 2:2:0:0:2, 1:0:0:0:0, 3:2:1:0:3, 3:0:0:0:0, 3:1:0:0:1, 3:2:1:0:3, 3:0:0:0:0, 4:2:0:0:2, 1:0:0:0:0, 4:2:0:0:2, 2:0:0:0:0, 4:2:0:0:2, 2:0:0:0:0, 3:0:0:0:0, 2:2:0:0:2, 4:1:0:0:1, 2:1:0:0:1, 1:0:0:0:0, 3:2:1:0:3, 2:0:0:0:0, 4:1:0:0:1, 4:2:1:0:3, 3:1:0:0:1, 3:0:0:0:0, 2:2:0:0:2, 0:0:0:0:0, 3:2:1:0:3, 3:0:0:0:0, 3:0:0:0:0, 3:0:0:0:0, 2:2:0:0:2, 3:1:0:0:1, 3:2:1:0:3, 1:0:0:0:0, 2:2:0:0:2, 2:0:0:0:0, 2:0:0:0:0, 2:2:0:0:2, 2:0:0:0:0, 5:1:0:0:1, 0:0:0:0:0, 3:2:0:0:2, 2:0:0:0:0, 5:2:0:0:2, 1:0:0:0:0, 2:0:0:0:0, 2:3:0:0:3, 4:0:0:0:0, 2:1:0:0:1, 0:0:0:0:0, 3:4:1:0:4, 2:0:0:0:0, 4:1:0:0:1, 2:1:0:0:1, 2:2:0:0:2, 3:1:0:0:1, 2:3:0:0:3, 0:0:0:0:0, 2:3:0:0:3, 2:0:0:0:0, 3:0:0:0:0, 1:0:0:0:0, 3:2:1:0:3, 4:0:0:0:0, 3:1:1:0:2, 1:0:1:0:1, 3:2:1:0:3, 3:0:0:0:0, 2:0:0:0:0, 2:2:1:0:3, 3:0:0:0:0, 2:3:0:0:3, 1:0:0:0:0, 2:2:0:0:2, 2:0:0:0:0, 3:3:0:0:3, 2:0:0:0:0, 4:1:0:0:1, 3:2:0:0:2, 2:0:0:0:0, 2:3:0:0:3, 0:0:0:0:0, 3:2:1:0:3, 2:0:0:0:0, 3:2:0:0:2, 4:3:1:0:4, 2:1:0:0:1, 3:0:0:0:0, 2:2:0:0:2, 0:0:0:0:0, 2:3:0:0:3, 3:1:0:0:1, 3:0:0:0:0, 3:1:0:0:1, 3:2:1:0:3, 3:0:0:0:0, 3:2:0:0:2, 1:0:0:0:0, 2:3:0:0:3, 4:1:0:0:1, 2:0:0:0:0, 3:2:0:0:2, 2:0:0:0:0, 4:2:0:0:2, 1:0:0:0:0, 4:2:0:0:2, 3:0:0:0:0, 2:3:0:0:3, 2:0:0:0:0, 2:0:0:0:0, 3:2:1:0:3, 2:0:0:0:0, 3:1:1:0:2, 0:0:0:0:0, 3:3:0:0:3, 2:0:0:0:0, 2:0:0:0:0, 2:3:0:0:3, 2:2:0:0:2, 4:0:0:0:0, 3:1:0:0:1, 0:0:0:0:0, 3:2:1:0:3, 3:0:0:0:0, 2:0:0:0:0, 1:0:0:0:0, 3:2:1:0:3, 2:0:0:0:0, 2:2:0:0:2, 2:0:0:0:0, 2:2:1:0:3, 2:0:0:0:0, 2:0:0:0:0, 2:2:1:0:3, 3:0:0:0:0, 1:3:0:0:3, 1:0:0:0:0, 5:2:0:0:2, 2:0:0:0:0, 4:2:0:0:2, 2:0:0:0:0, 3:0:0:0:0, 2:3:0:0:3, 3:0:0:0:0, 2:3:0:0:3, 1:0:0:0:0, 3:2:0:0:2, 4:1:0:0:1, 2:0:0:0:0, 2:3:1:0:4, 2:2:0:0:2, 3:1:0:0:1, 2:3:0:0:3, 1:0:0:0:0, 2:3:0:0:3, 2:0:0:0:0, 3:0:0:0:0, 1:0:0:0:0, 3:2:1:0:3, 4:0:0:0:0, 3:1:1:0:2, 2:0:1:0:1, 3:2:1:0:3, 3:0:0:0:0, 2:0:0:0:0, 2:2:1:0:3, 3:0:0:0:0, 2:3:0:0:3, 1:0:0:0:0, 2:2:0:0:2, 2:0:0:0:0, 3:3:0:0:3, 2:0:0:0:0, 4:1:0:0:1, 3:2:0:0:2, 2:0:0:0:0, 2:3:0:0:3, 0:0:0:0:0, 3:2:1:0:3, 2:0:0:0:0, 3:1:0:0:1, 4:2:1:0:3, 2:1:0:0:1, 3:0:0:0:0, 2:2:0:0:2, 0:0:0:0:0, 2:3:0:0:3, 3:1:0:0:1, 3:0:0:0:0, 3:1:0:0:1, 3:2:1:0:3, 3:0:0:0:0, 3:2:0:0:2, 1:0:0:0:0, 2:3:0:0:3, 4:1:0:0:1, 2:0:0:0:0, 3:2:0:0:2, 2:0:0:0:0, 4:2:0:0:2, 1:0:0:0:0, 4:2:0:0:2, 3:0:0:0:0, 2:3:0:0:3, 2:0:0:0:0, 2:0:0:0:0, 3:2:1:0:3, 3:0:0:0:0, 3:1:1:0:2, 0:0:0:0:0, 2:3:0:0:3, 2:0:0:0:0, 2:0:0:0:0, 2:3:0:0:3, 2:2:0:0:2, 4:0:0:0:0, 3:1:0:0:1, 0:0:0:0:0, 3:2:1:0:3, 3:0:0:0:0, 2:0:0:0:0, 1:0:0:0:0, 3:2:1:0:3, 2:0:0:0:0, 3:2:0:0:2, 2:0:0:0:0, 2:2:1:0:3, 2:0:0:0:0, 2:0:0:0:0, 2:2:1:0:3, 3:0:0:0:0, 1:3:0:0:3, 1:0:0:0:0, 5:2:0:0:2, 2:0:0:0:0, 4:2:0:0:2, 3:1:0:0:1, 3:0:0:0:0, 2:3:0:0:3, 3:0:0:0:0, 2:3:0:0:3, 0:0:0:0:0, 3:3:0:0:3, 3:1:0:0:1, 2:0:0:0:0, 2:3:0:0:3, 1:0:0:0:0, 1:0:0:0:0, 1:1:0:0:1, 1:1:0:0:1, 1:0:0:0:0, 2:3:1:0:3, 1:0:0:0:0, 1:0:0:0:0, 1:0:0:0:0, 719:309:47:2:356
Ab phrygian (4b), 1:0:0:0:1, 2:0:0:0:1, 0:0:0:0:0, 3:0:0:0:4, 1:0:0:0:1, 2:0:0:0:0, 2:0:0:0:0, 1:0:0:0:1, 0:0:0:0:0, 2:0:0:0:1, 0:0:0:0:0, 3:0:0:0:4, 1:0:0:0:2, 2:0:0:0:1, 2:0:0:0:1, 3:1:0:0:2, 0:0:0:0:0, 1:0:0:0:0, 2:0:0:0:6, 1:0:0:0:1, 1:0:0:0:1, 1:0:0:0:0, 2:0:0:0:1, 3:0:1:0:1, 1:0:0:0:1, 3:0:0:0:2, 3:1:0:0:2, 3:0:0:0:2, 0:0:0:0:0, 2:0:0:0:1, 2:0:1:0:0, 1:0:0:0:0, 2:0:0:0:1, 0:0:0:0:0, 1:0:0:0:1, 0:0:0:0:0, 1:1:0:0:1, 3:0:0:0:3, 0:0:0:0:0, 0:0:0:0:0, 1:0:0:0:1, 2:0:0:0:1, 0:0:0:0:0, 2:0:0:0:3, 1:0:0:0:1, 1:0:0:0:0, 1:0:0:0:0, 2:0:0:0:1, 3:1:0:0:2, 1:0:0:0:1, 2:0:0:0:1, 1:0:0:0:3, 1:0:0:0:1, 2:0:0:0:0, 1:0:0:0:1, 0:0:0:0:0, 0:0:0:0:0, 1:0:0:0:0, 4:0:0:0:4, 1:0:0:0:1, 0:0:0:0:0, 2:0:0:0:1, 2:0:0:0:2, 2:0:0:0:1, 0:0:0:0:0, 2:0:0:0:1, 1:0:0:0:1, 1:0:0:0:3, 1:0:0:0:1, 2:0:0:0:1, 2:0:0:0:1, 2:0:0:0:0, 2:0:0:0:2, 2:0:0:0:0, 0:0:0:0:0, 2:0:0:0:3, 1:0:0:0:1, 2:0:0:0:0, 2:0:0:0:0, 2:0:0:0:2, 0:0:0:0:0, 2:0:1:0:1, 3:1:0:0:2, 3:0:0:0:2, 1:0:0:0:1, 2:0:0:0:1, 1:0:0:0:2, 1:0:0:0:0, 1:0:0:0:1, 2:0:0:0:1, 2:0:0:0:6, 0:0:0:0:0, 1:0:0:0:1, 2:0:0:0:1, 1:0:0:0:0, 1:0:0:0:2, 0:0:0:0:0, 3:0:0:0:2, 1:0:0:0:0, 2:0:0:0:2, 1:0:1:0:0, 2:0:0:0:1, 0:0:0:0:0, 2:0:0:0:2, 2:0:0:0:1, 1:0:0:0:1, 0:0:0:0:0, 2:0:0:0:3, 0:0:0:0:0, 2:0:0:0:1, 1:0:0:0:0, 1:0:0:0:3, 1:0:0:0:1, 2:0:0:0:0, 0:0:0:0:0, 2:0:0:0:2, 0:0:0:0:0, 2:0:0:0:0, 2:0:0:0:2, 1:0:0:0:1, 1:0:0:0:1, 0:0:0:0:0, 2:0:0:0:4, 1:0:0:0:1, 0:0:0:0:0, 1:0:0:0:0, 1:0:0:0:0, 2:0:0:0:1, 1:0:0:0:1, 1:0:0:0:0, 0:0:0:0:0, 2:0:0:0:3, 1:0:0:0:1, 2:0:0:0:1, 1:0:0:0:1, 1:0:0:0:0, 2:0:0:0:1, 0:0:0:0:0, 0:0:0:0:0, 2:0:0:0:3, 1:0:0:0:1, 0:0:0:0:0, 1:0:0:0:0, 1:0:0:0:1, 1:0:0:0:1, 1:0:0:0:2, 1:0:0:0:0, 3:0:0:0:3, 0:0:0:0:0, 1:0:0:0:1, 2:0:0:0:1, 0:0:0:0:0, 0:0:0:0:0, 1:0:0:0:0, 4:0:0:0:4, 1:0:0:0:0, 1:0:0:0:1, 1:0:0:0:1, 1:0:0:0:0, 1:0:0:0:1, 1:0:0:0:1, 1:0:0:0:3, 0:0:0:0:0, 3:0:0:0:4, 0:0:0:0:0, 2:0:0:0:1, 2:0:0:0:1, 0:0:0:0:0, 0:0:0:0:0, 3:0:0:0:1, 1:0:0:0:1, 2:0:0:0:3, 1:0:0:0:1, 2:0:0:0:0, 3:0:0:0:1, 1:0:0:0:1, 1:0:0:0:1, 2:0:0:0:1, 1:0:0:0:1, 2:1:0:0:4, 0:0:0:0:0, 2:0:0:0:1, 2:0:0:0:1, 0:0:0:0:0, 1:0:0:0:1, 2:0:0:0:1, 4:0:0:0:4, 1:0:0:0:0, 0:0:0:0:0, 1:0:0:0:0, 1:0:0:0:0, 2:0:0:0:1, 1:0:0:0:1, 2:0:0:0:2, 0:0:0:0:0, 3:0:0:0:3, 2:0:0:0:2, 2:0:0:0:1, 2:0:0:0:2, 1:0:0:0:0, 2:0:0:0:1, 1:0:0:0:1, 0:0:0:0:0, 3:0:0:0:2, 0:0:0:0:0, 2:0:0:0:1, 2:0:0:0:0, 1:0:0:0:3, 1:0:0:0:1, 2:0:0:0:0, 0:0:0:0:0, 3:0:0:0:1, 0:0:0:0:0, 2:0:0:0:0, 2:0:0:0:1, 1:0:0:0:1, 1:0:0:0:1, 0:0:0:0:0, 2:0:0:0:4, 1:0:0:0:1, 0:0:0:0:0, 1:0:0:0:0, 1:0:0:0:0, 2:0:0:0:1, 1:0:0:0:1, 1:0:0:0:0, 0:0:0:0:0, 2:0:0:0:3, 1:0:0:0:1, 2:0:0:0:1, 1:0:0:0:1, 2:1:0:0:1, 2:0:0:0:1, 0:0:0:0:0, 0:0:0:0:0, 2:0:0:0:3, 1:0:0:0:1, 0:0:0:0:0, 1:0:0:0:0, 1:0:0:0:1, 1:0:0:0:1, 1:0:0:0:2, 1:0:0:0:0, 3:0:0:0:3, 0:0:0:0:0, 1:0:0:0:1, 2:0:0:0:1, 0:0:0:0:0, 0:0:0:0:0, 1:0:0:0:0, 4:0:0:0:4, 1:0:0:0:0, 1:0:0:0:1, 1:0:0:0:1, 1:0:0:0:0, 1:0:0:0:1, 1:0:0:0:1, 2:0:0:0:2, 0:0:0:0:0, 2:0:0:0:3, 0:0:0:0:0, 2:0:0:0:1, 2:0:0:0:1, 0:0:0:0:0, 0:0:0:0:0, 3:0:0:0:1, 0:0:0:0:0, 2:0:0:0:3, 1:0:0:0:1, 2:0:0:0:0, 3:0:0:0:1, 1:0:0:0:1, 1:0:0:0:1, 2:0:0:0:1, 2:0:0:0:1, 2:1:0:0:5, 0:0:0:0:0, 2:0:0:0:1, 2:0:0:0:1, 1:0:0:0:1, 1:0:0:0:1, 2:0:0:0:1, 4:0:0:0:4, 2:0:0:0:1, 0:0:0:0:0, 1:0:0:0:0, 1:0:0:0:0, 2:0:0:0:1, 1:0:0:0:1, 2:0:0:0:2, 0:0:0:0:0, 2:0:0:0:3, 1:0:0:0:1, 2:0:0:0:1, 2:0:0:0:2, 0:0:0:0:0, 0:0:0:0:0, 0:0:0:0:0, 0:0:0:0:0, 0:0:0:0:0, 0:0:0:0:0, 4:0:1:0:3, 0:0:0:0:0, 0:0:0:0:0, 0:0:0:0:0, 394:8:5:0:302
E phrygian (4#), 3:2:0:0:2, 2:0:0:0:0, 3:1:1:0:2, 0:0:0:0:0, 2:3:0:0:3, 3:0:0:0:0, 3:0:0:0:0, 2:0:0:0:0, 2:3:0:0:3, 2:0:0:0:0, 3:2:1:0:3, 0:0:0:0:0, 4:1:0:0:1, 2:0:0:0:0, 2:0:0:0:0, 3:2:1:0:3, 2:0:0:0:0, 3:3:0:0:3, 0:0:0:0:0, 4:2:0:0:2, 3:0:0:2:2, 3:3:0:0:3, 2:0:0:0:0, 4:0:0:0:0, 3:2:1:0:3, 3:0:0:0:0, 3:2:1:0:3, 1:0:0:0:0, 2:3:0:0:3, 1:0:0:0:0, 4:0:0:0:0, 3:3:0:0:3, 2:0:0:0:0, 3:0:0:0:0, 2:1:0:0:1, 3:1:0:0:1, 2:0:0:0:0, 1:0:0:0:0, 1:2:0:0:2, 1:2:0:0:2, 3:2:1:0:3, 2:0:0:0:0, 3:1:1:0:2, 1:0:1:0:1, 3:2:1:0:3, 2:0:0:0:0, 3:0:0:0:0, 4:1:0:0:1, 4:2:1:0:3, 4:1:0:0:1, 2:2:0:0:2, 1:0:0:0:0, 3:2:1:0:3, 3:0:0:0:0, 3:1:0:0:1, 3:2:1:0:3, 3:0:0:0:0, 4:2:0:0:2, 1:0:0:0:0, 4:2:0:0:2, 2:0:0:0:0, 4:2:0:0:2, 2:0:0:0:0, 3:0:0:0:0, 2:2:0:0:2, 4:1:0:0:1, 2:1:0:0:1, 1:0:0:0:0, 3:2:1:0:3, 2:0:0:0:0, 4:1:0:0:1, 4:2:1:0:3, 3:1:0:0:1, 3:0:0:0:0, 2:2:0:0:2, 0:0:0:0:0, 3:2:1:0:3, 3:0:0:0:0, 3:0:0:0:0, 3:0:0:0:0, 2:2:0:0:2, 3:1:0:0:1, 3:2:1:0:3, 1:0:0:0:0, 2:2:0:0:2, 2:0:0:0:0, 2:0:0:0:0, 2:2:0:0:2, 2:0:0:0:0, 5:1:0:0:1, 0:0:0:0:0, 3:2:0:0:2, 2:0:0:0:0, 5:2:0:0:2, 1:0:0:0:0, 2:0:0:0:0, 2:3:0:0:3, 4:0:0:0:0, 2:1:0:0:1, 0:0:0:0:0, 3:4:1:0:4, 2:0:0:0:0, 4:1:0:0:1, 2:1:0:0:1, 2:2:0:0:2, 3:1:0:0:1, 2:3:0:0:3, 0:0:0:0:0, 2:3:0:0:3, 2:0:0:0:0, 3:0:0:0:0, 1:0:0:0:0, 3:2:1:0:3, 4:0:0:0:0, 3:1:1:0:2, 1:0:1:0:1, 3:2:1:0:3, 3:0:0:0:0, 2:0:0:0:0, 2:2:1:0:3, 3:0:0:0:0, 2:3:0:0:3, 1:0:0:0:0, 2:2:0:0:2, 2:0:0:0:0, 3:3:0:0:3, 2:0:0:0:0, 4:1:0:0:1, 3:2:0:0:2, 2:0:0:0:0, 2:3:0:0:3, 0:0:0:0:0, 3:2:1:0:3, 2:0:0:0:0, 3:2:0:0:2, 4:3:1:0:4, 2:1:0:0:1, 3:0:0:0:0, 2:2:0:0:2, 0:0:0:0:0, 2:3:0:0:3, 3:1:0:0:1, 3:0:0:0:0, 3:1:0:0:1, 3:2:1:0:3, 3:0:0:0:0, 3:2:0:0:2, 1:0:0:0:0, 2:3:0:0:3, 4:1:0:0:1, 2:0:0:0:0, 3:2:0:0:2, 2:0:0:0:0, 4:2:0:0:2, 1:0:0:0:0, 4:2:0:0:2, 3:0:0:0:0, 2:3:0:0:3, 2:0:0:0:0, 2:0:0:0:0, 3:2:1:0:3, 2:0:0:0:0, 3:1:1:0:2, 0:0:0:0:0, 3:3:0:0:3, 2:0:0:0:0, 2:0:0:0:0, 2:3:0:0:3, 2:2:0:0:2, 4:0:0:0:0, 3:1:0:0:1, 0:0:0:0:0, 3:2:1:0:3, 3:0:0:0:0, 2:0:0:0:0, 1:0:0:0:0, 3:2:1:0:3, 2:0:0:0:0, 2:2:0:0:2, 2:0:0:0:0, 2:2:1:0:3, 2:0:0:0:0, 2:0:0:0:0, 2:2:1:0:3, 3:0:0:0:0, 1:3:0:0:3, 1:0:0:0:0, 5:2:0:0:2, 2:0:0:0:0, 4:2:0:0:2, 2:0:0:0:0, 3:0:0:0:0, 2:3:0:0:3, 3:0:0:0:0, 2:3:0:0:3, 1:0:0:0:0, 3:2:0:0:2, 4:1:0:0:1, 2:0:0:0:0, 2:3:1:0:4, 2:2:0:0:2, 3:1:0:0:1, 2:3:0:0:3, 1:0:0:0:0, 2:3:0:0:3, 2:0:0:0:0, 3:0:0:0:0, 1:0:0:0:0, 3:2:1:0:3, 4:0:0:0:0, 3:1:1:0:2, 2:0:1:0:1, 3:2:1:0:3, 3:0:0:0:0, 2:0:0:0:0, 2:2:1:0:3, 3:0:0:0:0, 2:3:0:0:3, 1:0:0:0:0, 2:2:0:0:2, 2:0:0:0:0, 3:3:0:0:3, 2:0:0:0:0, 4:1:0:0:1, 3:2:0:0:2, 2:0:0:0:0, 2:3:0:0:3, 0:0:0:0:0, 3:2:1:0:3, 2:0:0:0:0, 3:1:0:0:1, 4:2:1:0:3, 2:1:0:0:1, 3:0:0:0:0, 2:2:0:0:2, 0:0:0:0:0, 2:3:0:0:3, 3:1:0:0:1, 3:0:0:0:0, 3:1:0:0:1, 3:2:1:0:3, 3:0:0:0:0, 3:2:0:0:2, 1:0:0:0:0, 2:3:0:0:3, 4:1:0:0:1, 2:0:0:0:0, 3:2:0:0:2, 2:0:0:0:0, 4:2:0:0:2, 1:0:0:0:0, 4:2:0:0:2, 3:0:0:0:0, 2:3:0:0:3, 2:0:0:0:0, 2:0:0:0:0, 3:2:1:0:3, 3:0:0:0:0, 3:1:1:0:2, 0:0:0:0:0, 2:3:0:0:3, 2:0:0:0:0, 2:0:0:0:0, 2:3:0:0:3, 2:2:0:0:2, 4:0:0:0:0, 3:1:0:0:1, 0:0:0:0:0, 3:2:1:0:3, 3:0:0:0:0, 2:0:0:0:0, 1:0:0:0:0, 3:2:1:0:3, 2:0:0:0:0, 3:2:0:0:2, 2:0:0:0:0, 2:2:1:0:3, 2:0:0:0:0, 2:0:0:0:0, 2:2:1:0:3, 3:0:0:0:0, 1:3:0:0:3, 1:0:0:0:0, 5:2:0:0:2, 2:0:0:0:0, 4:2:0:0:2, 3:1:0:0:1, 3:0:0:0:0, 2:3:0:0:3, 3:0:0:0:0, 2:3:0:0:3, 0:0:0:0:0, 3:3:0:0:3, 3:1:0:0:1, 2:0:0:0:0, 2:3:0:0:3, 1:0:0:0:0, 1:0:0:0:0, 1:1:0:0:1, 1:1:0:0:1, 1:0:0:0:0, 2:3:1:0:3, 1:0:0:0:0, 1:0:0:0:0, 1:0:0:0:0, 719:309:47:2:356
Ab lydian (4b), 1:0:0:0:1, 2:0:0:0:1, 0:0:0:0:0, 3:0:0:0:4, 1:0:0:0:1, 2:0:0:0:0, 2:0:0:0:0, 1:0:0:0:1, 0:0:0:0:0, 2:0:0:0:1, 0:0:0:0:0, 3:0:0:0:4, 1:0:0:0:2, 2:0:0:0:1, 2:0:0:0:1, 3:1:0:0:2, 0:0:0:0:0, 1:0:0:0:0, 2:0:0:0:6, 1:0:0:0:1, 1:0:0:0:1, 1:0:0:0:0, 2:0:0:0:1, 3:0:1:0:1, 1:0:0:0:1, 3:0:0:0:2, 3:1:0:0:2, 3:0:0:0:2, 0:0:0:0:0, 2:0:0:0:1, 2:0:1:0:0, 1:0:0:0:0, 2:0:0:0:1, 0:0:0:0:0, 1:0:0:0:1, 0:0:0:0:0, 1:1:0:0:1, 3:0:0:0:3, 0:0:0:0:0, 0:0:0:0:0, 1:0:0:0:1, 2:0:0:0:1, 0:0:0:0:0, 2:0:0:0:3, 1:0:0:0:1, 1:0:0:0:0, 1:0:0:0:0, 2:0:0:0:1, 3:1:0:0:2, 1:0:0:0:1, 2:0:0:0:1, 1:0:0:0:3, 1:0:0:0:1, 2:0:0:0:0, 1:0:0:0:1, 0:0:0:0:0, 0:0:0:0:0, 1:0:0:0:0, 4:0:0:0:4, 1:0:0:0:1, 0:0:0:0:0, 2:0:0:0:1, 2:0:0:0:2, 2:0:0:0:1, 0:0:0:0:0, 2:0:0:0:1, 1:0:0:0:1, 1:0:0:0:3, 1:0:0:0:1, 2:0:0:0:1, 2:0:0:0:1, 2:0:0:0:0, 2:0:0:0:2, 2:0:0:0:0, 0:0:0:0:0, 2:0:0:0:3, 1:0:0:0:1, 2:0:0:0:0, 2:0:0:0:0, 2:0:0:0:2, 0:0:0:0:0, 2:0:1:0:1, 3:1:0:0:2, 3:0:0:0:2, 1:0:0:0:1, 2:0:0:0:1, 1:0:0:0:2, 1:0:0:0:0, 1:0:0:0:1, 2:0:0:0:1, 2:0:0:0:6, 0:0:0:0:0, 1:0:0:0:1, 2:0:0:0:1, 1:0:0:0:0, 1:0:0:0:2, 0:0:0:0:0, 3:0:0:0:2, 1:0:0:0:0, 2:0:0:0:2, 1:0:1:0:0, 2:0:0:0:1, 0:0:0:0:0, 2:0:0:0:2, 2:0:0:0:1, 1:0:0:0:1, 0:0:0:0:0, 2:0:0:0:3, 0:0:0:0:0, 2:0:0:0:1, 1:0:0:0:0, 1:0:0:0:3, 1:0:0:0:1, 2:0:0:0:0, 0:0:0:0:0, 2:0:0:0:2, 0:0:0:0:0, 2:0:0:0:0, 2:0:0:0:2, 1:0:0:0:1, 1:0:0:0:1, 0:0:0:0:0, 2:0:0:0:4, 1:0:0:0:1, 0:0:0:0:0, 1:0:0:0:0, 1:0:0:0:0, 2:0:0:0:1, 1:0:0:0:1, 1:0:0:0:0, 0:0:0:0:0, 2:0:0:0:3, 1:0:0:0:1, 2:0:0:0:1, 1:0:0:0:1, 1:0:0:0:0, 2:0:0:0:1, 0:0:0:0:0, 0:0:0:0:0, 2:0:0:0:3, 1:0:0:0:1, 0:0:0:0:0, 1:0:0:0:0, 1:0:0:0:1, 1:0:0:0:1, 1:0:0:0:2, 1:0:0:0:0, 3:0:0:0:3, 0:0:0:0:0, 1:0:0:0:1, 2:0:0:0:1, 0:0:0:0:0, 0:0:0:0:0, 1:0:0:0:0, 4:0:0:0:4, 1:0:0:0:0, 1:0:0:0:1, 1:0:0:0:1, 1:0:0:0:0, 1:0:0:0:1, 1:0:0:0:1, 1:0:0:0:3, 0:0:0:0:0, 3:0:0:0:4, 0:0:0:0:0, 2:0:0:0:1, 2:0:0:0:1, 0:0:0:0:0, 0:0:0:0:0, 3:0:0:0:1, 1:0:0:0:1, 2:0:0:0:3, 1:0:0:0:1, 2:0:0:0:0, 3:0:0:0:1, 1:0:0:0:1, 1:0:0:0:1, 2:0:0:0:1, 1:0:0:0:1, 2:1:0:0:4, 0:0:0:0:0, 2:0:0:0:1, 2:0:0:0:1, 0:0:0:0:0, 1:0:0:0:1, 2:0:0:0:1, 4:0:0:0:4, 1:0:0:0:0, 0:0:0:0:0, 1:0:0:0:0, 1:0:0:0:0, 2:0:0:0:1, 1:0:0:0:1, 2:0:0:0:2, 0:0:0:0:0, 3:0:0:0:3, 2:0:0:0:2, 2:0:0:0:1, 2:0:0:0:2, 1:0:0:0:0, 2:0:0:0:1, 1:0:0:0:1, 0:0:0:0:0, 3:0:0:0:2, 0:0:0:0:0, 2:0:0:0:1, 2:0:0:0:0, 1:0:0:0:3, 1:0:0:0:1, 2:0:0:0:0, 0:0:0:0:0, 3:0:0:0:1, 0:0:0:0:0, 2:0:0:0:0, 2:0:0:0:1, 1:0:0:0:1, 1:0:0:0:1, 0:0:0:0:0, 2:0:0:0:4, 1:0:0:0:1, 0:0:0:0:0, 1:0:0:0:0, 1:0:0:0:0, 2:0:0:0:1, 1:0:0:0:1, 1:0:0:0:0, 0:0:0:0:0, 2:0:0:0:3, 1:0:0:0:1, 2:0:0:0:1, 1:0:0:0:1, 2:1:0:0:1, 2:0:0:0:1, 0:0:0:0:0, 0:0:0:0:0, 2:0:0:0:3, 1:0:0:0:1, 0:0:0:0:0, 1:0:0:0:0, 1:0:0:0:1, 1:0:0:0:1, 1:0:0:0:2, 1:0:0:0:0, 3:0:0:0:3, 0:0:0:0:0, 1:0:0:0:1, 2:0:0:0:1, 0:0:0:0:0, 0:0:0:0:0, 1:0:0:0:0, 4:0:0:0:4, 1:0:0:0:0, 1:0:0:0:1, 1:0:0:0:1, 1:0:0:0:0, 1:0:0:0:1, 1:0:0:0:1, 2:0:0:0:2, 0:0:0:0:0, 2:0:0:0:3, 0:0:0:0:0, 2:0:0:0:1, 2:0:0:0:1, 0:0:0:0:0, 0:0:0:0:0, 3:0:0:0:1, 0:0:0:0:0, 2:0:0:0:3, 1:0:0:0:1, 2:0:0:0:0, 3:0:0:0:1, 1:0:0:0:1, 1:0:0:0:1, 2:0:0:0:1, 2:0:0:0:1, 2:1:0:0:5, 0:0:0:0:0, 2:0:0:0:1, 2:0:0:0:1, 1:0:0:0:1, 1:0:0:0:1, 2:0:0:0:1, 4:0:0:0:4, 2:0:0:0:1, 0:0:0:0:0, 1:0:0:0:0, 1:0:0:0:0, 2:0:0:0:1, 1:0:0:0:1, 2:0:0:0:2, 0:0:0:0:0, 2:0:0:0:3, 1:0:0:0:1, 2:0:0:0:1, 2:0:0:0:2, 0:0:0:0:0, 0:0:0:0:0, 0:0:0:0:0, 0:0:0:0:0, 0:0:0:0:0, 0:0:0:0:0, 4:0:1:0:3, 0:0:0:0:0, 0:0:0:0:0, 0:0:0:0:0, 394:8:5:0:302
E lydian (4#), 3:2:0:0:2, 2:0:0:0:0, 3:1:1:0:2, 0:0:0:0:0, 2:3:0:0:3, 3:0:0:0:0, 3:0:0:0:0, 2:0:0:0:0, 2:3:0:0:3, 2:0:0:0:0, 3:2:1:0:3, 0:0:0:0:0, 4:1:0:0:1, 2:0:0:0:0, 2:0:0:0:0, 3:2:1:0:3, 2:0:0:0:0, 3:3:0:0:3, 0:0:0:0:0, 4:2:0:0:2, 3:0:0:2:2, 3:3:0:0:3, 2:0:0:0:0, 4:0:0:0:0, 3:2:1:0:3, 3:0:0:0:0, 3:2:1:0:3, 1:0:0:0:0, 2:3:0:0:3, 1:0:0:0:0, 4:0:0:0:0, 3:3:0:0:3, 2:0:0:0:0, 3:0:0:0:0, 2:1:0:0:1, 3:1:0:0:1, 2:0:0:0:0, 1:0:0:0:0, 1:2:0:0:2, 1:2:0:0:2, 3:2:1:0:3, 2:0:0:0:0, 3:1:1:0:2, 1:0:1:0:1, 3:2:1:0:3, 2:0:0:0:0, 3:0:0:0:0, 4:1:0:0:1, 4:2:1:0:3, 4:1:0:0:1, 2:2:0:0:2, 1:0:0:0:0, 3:2:1:0:3, 3:0:0:0:0, 3:1:0:0:1, 3:2:1:0:3, 3:0:0:0:0, 4:2:0:0:2, 1:0:0:0:0, 4:2:0:0:2, 2:0:0:0:0, 4:2:0:0:2, 2:0:0:0:0, 3:0:0:0:0, 2:2:0:0:2, 4:1:0:0:1, 2:1:0:0:1, 1:0:0:0:0, 3:2:1:0:3, 2:0:0:0:0, 4:1:0:0:1, 4:2:1:0:3, 3:1:0:0:1, 3:0:0:0:0, 2:2:0:0:2, 0:0:0:0:0, 3:2:1:0:3, 3:0:0:0:0, 3:0:0:0:0, 3:0:0:0:0, 2:2:0:0:2, 3:1:0:0:1, 3:2:1:0:3, 1:0:0:0:0, 2:2:0:0:2, 2:0:0:0:0, 2:0:0:0:0, 2:2:0:0:2, 2:0:0:0:0, 5:1:0:0:1, 0:0:0:0:0, 3:2:0:0:2, 2:0:0:0:0, 5:2:0:0:2, 1:0:0:0:0, 2:0:0:0:0, 2:3:0:0:3, 4:0:0:0:0, 2:1:0:0:1, 0:0:0:0:0, 3:4:1:0:4, 2:0:0:0:0, 4:1:0:0:1, 2:1:0:0:1, 2:2:0:0:2, 3:1:0:0:1, 2:3:0:0:3, 0:0:0:0:0, 2:3:0:0:3, 2:0:0:0:0, 3:0:0:0:0, 1:0:0:0:0, 3:2:1:0:3, 4:0:0:0:0, 3:1:1:0:2, 1:0:1:0:1, 3:2:1:0:3, 3:0:0:0:0, 2:0:0:0:0, 2:2:1:0:3, 3:0:0:0:0, 2:3:0:0:3, 1:0:0:0:0, 2:2:0:0:2, 2:0:0:0:0, 3:3:0:0:3, 2:0:0:0:0, 4:1:0:0:1, 3:2:0:0:2, 2:0:0:0:0, 2:3:0:0:3, 0:0:0:0:0, 3:2:1:0:3, 2:0:0:0:0, 3:2:0:0:2, 4:3:1:0:4, 2:1:0:0:1, 3:0:0:0:0, 2:2:0:0:2, 0:0:0:0:0, 2:3:0:0:3, 3:1:0:0:1, 3:0:0:0:0, 3:1:0:0:1, 3:2:1:0:3, 3:0:0:0:0, 3:2:0:0:2, 1:0:0:0:0, 2:3:0:0:3, 4:1:0:0:1, 2:0:0:0:0, 3:2:0:0:2, 2:0:0:0:0, 4:2:0:0:2, 1:0:0:0:0, 4:2:0:0:2, 3:0:0:0:0, 2:3:0:0:3, 2:0:0:0:0, 2:0:0:0:0, 3:2:1:0:3, 2:0:0:0:0, 3:1:1:0:2, 0:0:0:0:0, 3:3:0:0:3, 2:0:0:0:0, 2:0:0:0:0, 2:3:0:0:3, 2:2:0:0:2, 4:0:0:0:0, 3:1:0:0:1, 0:0:0:0:0, 3:2:1:0:3, 3:0:0:0:0, 2:0:0:0:0, 1:0:0:0:0, 3:2:1:0:3, 2:0:0:0:0, 2:2:0:0:2, 2:0:0:0:0, 2:2:1:0:3, 2:0:0:0:0, 2:0:0:0:0, 2:2:1:0:3, 3:0:0:0:0, 1:3:0:0:3, 1:0:0:0:0, 5:2:0:0:2, 2:0:0:0:0, 4:2:0:0:2, 2:0:0:0:0, 3:0:0:0:0, 2:3:0:0:3, 3:0:0:0:0, 2:3:0:0:3, 1:0:0:0:0, 3:2:0:0:2, 4:1:0:0:1, 2:0:0:0:0, 2:3:1:0:4, 2:2:0:0:2, 3:1:0:0:1, 2:3:0:0:3, 1:0:0:0:0, 2:3:0:0:3, 2:0:0:0:0, 3:0:0:0:0, 1:0:0:0:0, 3:2:1:0:3, 4:0:0:0:0, 3:1:1:0:2, 2:0:1:0:1, 3:2:1:0:3, 3:0:0:0:0, 2:0:0:0:0, 2:2:1:0:3, 3:0:0:0:0, 2:3:0:0:3, 1:0:0:0:0, 2:2:0:0:2, 2:0:0:0:0, 3:3:0:0:3, 2:0:0:0:0, 4:1:0:0:1, 3:2:0:0:2, 2:0:0:0:0, 2:3:0:0:3, 0:0:0:0:0, 3:2:1:0:3, 2:0:0:0:0, 3:1:0:0:1, 4:2:1:0:3, 2:1:0:0:1, 3:0:0:0:0, 2:2:0:0:2, 0:0:0:0:0, 2:3:0:0:3, 3:1:0:0:1, 3:0:0:0:0, 3:1:0:0:1, 3:2:1:0:3, 3:0:0:0:0, 3:2:0:0:2, 1:0:0:0:0, 2:3:0:0:3, 4:1:0:0:1, 2:0:0:0:0, 3:2:0:0:2, 2:0:0:0:0, 4:2:0:0:2, 1:0:0:0:0, 4:2:0:0:2, 3:0:0:0:0, 2:3:0:0:3, 2:0:0:0:0, 2:0:0:0:0, 3:2:1:0:3, 3:0:0:0:0, 3:1:1:0:2, 0:0:0:0:0, 2:3:0:0:3, 2:0:0:0:0, 2:0:0:0:0, 2:3:0:0:3, 2:2:0:0:2, 4:0:0:0:0, 3:1:0:0:1, 0:0:0:0:0, 3:2:1:0:3, 3:0:0:0:0, 2:0:0:0:0, 1:0:0:0:0, 3:2:1:0:3, 2:0:0:0:0, 3:2:0:0:2, 2:0:0:0:0, 2:2:1:0:3, 2:0:0:0:0, 2:0:0:0:0, 2:2:1:0:3, 3:0:0:0:0, 1:3:0:0:3, 1:0:0:0:0, 5:2:0:0:2, 2:0:0:0:0, 4:2:0:0:2, 3:1:0:0:1, 3:0:0:0:0, 2:3:0:0:3, 3:0:0:0:0, 2:3:0:0:3, 0:0:0:0:0, 3:3:0:0:3, 3:1:0:0:1, 2:0:0:0:0, 2:3:0:0:3, 1:0:0:0:0, 1:0:0:0:0, 1:1:0:0:1, 1:1:0:0:1, 1:0:0:0:0, 2:3:1:0:3, 1:0:0:0:0, 1:0:0:0:0, 1:0:0:0:0, 719:309:47:2:356
Ab mixolydian (4b), 1:0:0:0:1, 2:0:0:0:1, 0:0:0:0:0, 3:0:0:0:4, 1:0:0:0:1, 2:0:0:0:0, 2:0:0:0:0, 1:0:0:0:1, 0:0:0:0:0, 2:0:0:0:1, 0:0:0:0:0, 3:0:0:0:4, 1:0:0:0:2, 2:0:0:0:1, 2:0:0:0:1, 3:1:0:0:2, 0:0:0:0:0, 1:0:0:0:0, 2:0:0:0:6, 1:0:0:0:1, 1:0:0:0:1, 1:0:0:0:0, 2:0:0:0:1, 3:0:1:0:1, 1:0:0:0:1, 3:0:0:0:2, 3:1:0:0:2, 3:0:0:0:2, 0:0:0:0:0, 2:0:0:0:1, 2:0:1:0:0, 1:0:0:0:0, 2:0:0:0:1, 0:0:0:0:0, 1:0:0:0:1, 0:0:0:0:0, 1:1:0:0:1, 3:0:0:0:3, 0:0:0:0:0, 0:0:0:0:0, 1:0:0:0:1, 2:0:0:0:1, 0:0:0:0:0, 2:0:0:0:3, 1:0:0:0:1, 1:0:0:0:0, 1:0:0:0:0, 2:0:0:0:1, 3:1:0:0:2, 1:0:0:0:1, 2:0:0:0:1, 1:0:0:0:3, 1:0:0:0:1, 2:0:0:0:0, 1:0:0:0:1, 0:0:0:0:0, 0:0:0:0:0, 1:0:0:0:0, 4:0:0:0:4, 1:0:0:0:1, 0:0:0:0:0, 2:0:0:0:1, 2:0:0:0:2, 2:0:0:0:1, 0:0:0:0:0, 2:0:0:0:1, 1:0:0:0:1, 1:0:0:0:3, 1:0:0:0:1, 2:0:0:0:1, 2:0:0:0:1, 2:0:0:0:0, 2:0:0:0:2, 2:0:0:0:0, 0:0:0:0:0, 2:0:0:0:3, 1:0:0:0:1, 2:0:0:0:0, 2:0:0:0:0, 2:0:0:0:2, 0:0:0:0:0, 2:0:1:0:1, 3:1:0:0:2, 3:0:0:0:2, 1:0:0:0:1, 2:0:0:0:1, 1:0:0:0:2, 1:0:0:0:0, 1:0:0:0:1, 2:0:0:0:1, 2:0:0:0:6, 0:0:0:0:0, 1:0:0:0:1, 2:0:0:0:1, 1:0:0:0:0, 1:0:0:0:2, 0:0:0:0:0, 3:0:0:0:2, 1:0:0:0:0, 2:0:0:0:2, 1:0:1:0:0, 2:0:0:0:1, 0:0:0:0:0, 2:0:0:0:2, 2:0:0:0:1, 1:0:0:0:1, 0:0:0:0:0, 2:0:0:0:3, 0:0:0:0:0, 2:0:0:0:1, 1:0:0:0:0, 1:0:0:0:3, 1:0:0:0:1, 2:0:0:0:0, 0:0:0:0:0, 2:0:0:0:2, 0:0:0:0:0, 2:0:0:0:0, 2:0:0:0:2, 1:0:0:0:1, 1:0:0:0:1, 0:0:0:0:0, 2:0:0:0:4, 1:0:0:0:1, 0:0:0:0:0, 1:0:0:0:0, 1:0:0:0:0, 2:0:0:0:1, 1:0:0:0:1, 1:0:0:0:0, 0:0:0:0:0, 2:0:0:0:3, 1:0:0:0:1, 2:0:0:0:1, 1:0:0:0:1, 1:0:0:0:0, 2:0:0:0:1, 0:0:0:0:0, 0:0:0:0:0, 2:0:0:0:3, 1:0:0:0:1, 0:0:0:0:0, 1:0:0:0:0, 1:0:0:0:1, 1:0:0:0:1, 1:0:0:0:2, 1:0:0:0:0, 3:0:0:0:3, 0:0:0:0:0, 1:0:0:0:1, 2:0:0:0:1, 0:0:0:0:0, 0:0:0:0:0, 1:0:0:0:0, 4:0:0:0:4, 1:0:0:0:0, 1:0:0:0:1, 1:0:0:0:1, 1:0:0:0:0, 1:0:0:0:1, 1:0:0:0:1, 1:0:0:0:3, 0:0:0:0:0, 3:0:0:0:4, 0:0:0:0:0, 2:0:0:0:1, 2:0:0:0:1, 0:0:0:0:0, 0:0:0:0:0, 3:0:0:0:1, 1:0:0:0:1, 2:0:0:0:3, 1:0:0:0:1, 2:0:0:0:0, 3:0:0:0:1, 1:0:0:0:1, 1:0:0:0:1, 2:0:0:0:1, 1:0:0:0:1, 2:1:0:0:4, 0:0:0:0:0, 2:0:0:0:1, 2:0:0:0:1, 0:0:0:0:0, 1:0:0:0:1, 2:0:0:0:1, 4:0:0:0:4, 1:0:0:0:0, 0:0:0:0:0, 1:0:0:0:0, 1:0:0:0:0, 2:0:0:0:1, 1:0:0:0:1, 2:0:0:0:2, 0:0:0:0:0, 3:0:0:0:3, 2:0:0:0:2, 2:0:0:0:1, 2:0:0:0:2, 1:0:0:0:0, 2:0:0:0:1, 1:0:0:0:1, 0:0:0:0:0, 3:0:0:0:2, 0:0:0:0:0, 2:0:0:0:1, 2:0:0:0:0, 1:0:0:0:3, 1:0:0:0:1, 2:0:0:0:0, 0:0:0:0:0, 3:0:0:0:1, 0:0:0:0:0, 2:0:0:0:0, 2:0:0:0:1, 1:0:0:0:1, 1:0:0:0:1, 0:0:0:0:0, 2:0:0:0:4, 1:0:0:0:1, 0:0:0:0:0, 1:0:0:0:0, 1:0:0:0:0, 2:0:0:0:1, 1:0:0:0:1, 1:0:0:0:0, 0:0:0:0:0, 2:0:0:0:3, 1:0:0:0:1, 2:0:0:0:1, 1:0:0:0:1, 2:1:0:0:1, 2:0:0:0:1, 0:0:0:0:0, 0:0:0:0:0, 2:0:0:0:3, 1:0:0:0:1, 0:0:0:0:0, 1:0:0:0:0, 1:0:0:0:1, 1:0:0:0:1, 1:0:0:0:2, 1:0:0:0:0, 3:0:0:0:3, 0:0:0:0:0, 1:0:0:0:1, 2:0:0:0:1, 0:0:0:0:0, 0:0:0:0:0, 1:0:0:0:0, 4:0:0:0:4, 1:0:0:0:0, 1:0:0:0:1, 1:0:0:0:1, 1:0:0:0:0, 1:0:0:0:1, 1:0:0:0:1, 2:0:0:0:2, 0:0:0:0:0, 2:0:0:0:3, 0:0:0:0:0, 2:0:0:0:1, 2:0:0:0:1, 0:0:0:0:0, 0:0:0:0:0, 3:0:0:0:1, 0:0:0:0:0, 2:0:0:0:3, 1:0:0:0:1, 2:0:0:0:0, 3:0:0:0:1, 1:0:0:0:1, 1:0:0:0:1, 2:0:0:0:1, 2:0:0:0:1, 2:1:0:0:5, 0:0:0:0:0, 2:0:0:0:1, 2:0:0:0:1, 1:0:0:0:1, 1:0:0:0:1, 2:0:0:0:1, 4:0:0:0:4, 2:0:0:0:1, 0:0:0:0:0, 1:0:0:0:0, 1:0:0:0:0, 2:0:0:0:1, 1:0:0:0:1, 2:0:0:0:2, 0:0:0:0:0, 2:0:0:0:3, 1:0:0:0:1, 2:0:0:0:1, 2:0:0:0:2, 0:0:0:0:0, 0:0:0:0:0, 0:0:0:0:0, 0:0:0:0:0, 0:0:0:0:0, 0:0:0:0:0, 4:0:1:0:3, 0:0:0:0:0, 0:0:0:0:0, 0:0:0:0:0, 394:8:5:0:302
E mixolydian (4#), 3:2:0:0:2, 2:0:0:0:0, 3:1:1:0:2, 0:0:0:0:0, 2:3:0:0:3, 3:0:0:0:0, 3:0:0:0:0, 2:0:0:0:0, 2:3:0:0:3, 2:0:0:0:0, 3:2:1:0:3, 0:0:0:0:0, 4:1:0:0:1, 2:0:0:0:0, 2:0:0:0:0, 3:2:1:0:3, 2:0:0:0:0, 3:3:0:0:3, 0:0:0:0:0, 4:2:0:0:2, 3:0:0:2:2, 3:3:0:0:3, 2:0:0:0:0, 4:0:0:0:0, 3:2:1:0:3, 3:0:0:0:0, 3:2:1:0:3, 1:0:0:0:0, 2:3:0:0:3, 1:0:0:0:0, 4:0:0:0:0, 3:3:0:0:3, 2:0:0:0:0, 3:0:0:0:0, 2:1:0:0:1, 3:1:0:0:1, 2:0:0:0:0, 1:0:0:0:0, 1:2:0:0:2, 1:2:0:0:2, 3:2:1:0:3, 2:0:0:0:0, 3:1:1:0:2, 1:0:1:0:1, 3:2:1:0:3, 2:0:0:0:0, 3:0:0:0:0, 4:1:0:0:1, 4:2:1:0:3, 4:1:0:0:1, 2:2:0:0:2, 1:0:0:0:0, 3:2:1:0:3, 3:0:0:0:0, 3:1:0:0:1, 3:2:1:0:3, 3:0:0:0:0, 4:2:0:0:2, 1:0:0:0:0, 4:2:0:0:2, 2:0:0:0:0, 4:2:0:0:2, 2:0:0:0:0, 3:0:0:0:0, 2:2:0:0:2, 4:1:0:0:1, 2:1:0:0:1, 1:0:0:0:0, 3:2:1:0:3, 2:0:0:0:0, 4:1:0:0:1, 4:2:1:0:3, 3:1:0:0:1, 3:0:0:0:0, 2:2:0:0:2, 0:0:0:0:0, 3:2:1:0:3, 3:0:0:0:0, 3:0:0:0:0, 3:0:0:0:0, 2:2:0:0:2, 3:1:0:0:1, 3:2:1:0:3, 1:0:0:0:0, 2:2:0:0:2, 2:0:0:0:0, 2:0:0:0:0, 2:2:0:0:2, 2:0:0:0:0, 5:1:0:0:1, 0:0:0:0:0, 3:2:0:0:2, 2:0:0:0:0, 5:2:0:0:2, 1:0:0:0:0, 2:0:0:0:0, 2:3:0:0:3, 4:0:0:0:0, 2:1:0:0:1, 0:0:0:0:0, 3:4:1:0:4, 2:0:0:0:0, 4:1:0:0:1, 2:1:0:0:1, 2:2:0:0:2, 3:1:0:0:1, 2:3:0:0:3, 0:0:0:0:0, 2:3:0:0:3, 2:0:0:0:0, 3:0:0:0:0, 1:0:0:0:0, 3:2:1:0:3, 4:0:0:0:0, 3:1:1:0:2, 1:0:1:0:1, 3:2:1:0:3, 3:0:0:0:0, 2:0:0:0:0, 2:2:1:0:3, 3:0:0:0:0, 2:3:0:0:3, 1:0:0:0:0, 2:2:0:0:2, 2:0:0:0:0, 3:3:0:0:3, 2:0:0:0:0, 4:1:0:0:1, 3:2:0:0:2, 2:0:0:0:0, 2:3:0:0:3, 0:0:0:0:0, 3:2:1:0:3, 2:0:0:0:0, 3:2:0:0:2, 4:3:1:0:4, 2:1:0:0:1, 3:0:0:0:0, 2:2:0:0:2, 0:0:0:0:0, 2:3:0:0:3, 3:1:0:0:1, 3:0:0:0:0, 3:1:0:0:1, 3:2:1:0:3, 3:0:0:0:0, 3:2:0:0:2, 1:0:0:0:0, 2:3:0:0:3, 4:1:0:0:1, 2:0:0:0:0, 3:2:0:0:2, 2:0:0:0:0, 4:2:0:0:2, 1:0:0:0:0, 4:2:0:0:2, 3:0:0:0:0, 2:3:0:0:3, 2:0:0:0:0, 2:0:0:0:0, 3:2:1:0:3, 2:0:0:0:0, 3:1:1:0:2, 0:0:0:0:0, 3:3:0:0:3, 2:0:0:0:0, 2:0:0:0:0, 2:3:0:0:3, 2:2:0:0:2, 4:0:0:0:0, 3:1:0:0:1, 0:0:0:0:0, 3:2:1:0:3, 3:0:0:0:0, 2:0:0:0:0, 1:0:0:0:0, 3:2:1:0:3, 2:0:0:0:0, 2:2:0:0:2, 2:0:0:0:0, 2:2:1:0:3, 2:0:0:0:0, 2:0:0:0:0, 2:2:1:0:3, 3:0:0:0:0, 1:3:0:0:3, 1:0:0:0:0, 5:2:0:0:2, 2:0:0:0:0, 4:2:0:0:2, 2:0:0:0:0, 3:0:0:0:0, 2:3:0:0:3, 3:0:0:0:0, 2:3:0:0:3, 1:0:0:0:0, 3:2:0:0:2, 4:1:0:0:1, 2:0:0:0:0, 2:3:1:0:4, 2:2:0:0:2, 3:1:0:0:1, 2:3:0:0:3, 1:0:0:0:0, 2:3:0:0:3, 2:0:0:0:0, 3:0:0:0:0, 1:0:0:0:0, 3:2:1:0:3, 4:0:0:0:0, 3:1:1:0:2, 2:0:1:0:1, 3:2:1:0:3, 3:0:0:0:0, 2:0:0:0:0, 2:2:1:0:3, 3:0:0:0:0, 2:3:0:0:3, 1:0:0:0:0, 2:2:0:0:2, 2:0:0:0:0, 3:3:0:0:3, 2:0:0:0:0, 4:1:0:0:1, 3:2:0:0:2, 2:0:0:0:0, 2:3:0:0:3, 0:0:0:0:0, 3:2:1:0:3, 2:0:0:0:0, 3:1:0:0:1, 4:2:1:0:3, 2:1:0:0:1, 3:0:0:0:0, 2:2:0:0:2, 0:0:0:0:0, 2:3:0:0:3, 3:1:0:0:1, 3:0:0:0:0, 3:1:0:0:1, 3:2:1:0:3, 3:0:0:0:0, 3:2:0:0:2, 1:0:0:0:0, 2:3:0:0:3, 4:1:0:0:1, 2:0:0:0:0, 3:2:0:0:2, 2:0:0:0:0, 4:2:0:0:2, 1:0:0:0:0, 4:2:0:0:2, 3:0:0:0:0, 2:3:0:0:3, 2:0:0:0:0, 2:0:0:0:0, 3:2:1:0:3, 3:0:0:0:0, 3:1:1:0:2, 0:0:0:0:0, 2:3:0:0:3, 2:0:0:0:0, 2:0:0:0:0, 2:3:0:0:3, 2:2:0:0:2, 4:0:0:0:0, 3:1:0:0:1, 0:0:0:0:0, 3:2:1:0:3, 3:0:0:0:0, 2:0:0:0:0, 1:0:0:0:0, 3:2:1:0:3, 2:0:0:0:0, 3:2:0:0:2, 2:0:0:0:0, 2:2:1:0:3, 2:0:0:0:0, 2:0:0:0:0, 2:2:1:0:3, 3:0:0:0:0, 1:3:0:0:3, 1:0:0:0:0, 5:2:0:0:2, 2:0:0:0:0, 4:2:0:0:2, 3:1:0:0:1, 3:0:0:0:0, 2:3:0:0:3, 3:0:0:0:0, 2:3:0:0:3, 0:0:0:0:0, 3:3:0:0:3, 3:1:0:0:1, 2:0:0:0:0, 2:3:0:0:3, 1:0:0:0:0, 1:0:0:0:0, 1:1:0:0:1, 1:1:0:0:1, 1:0:0:0:0, 2:3:1:0:3, 1:0:0:0:0, 1:0:0:0:0, 1:0:0:0:0, 719:309:47:2:356
Ab aeolian (4b), 1:0:0:0:1, 2:0:0:0:1, 0:0:0:0:0, 3:0:0:0:4, 1:0:0:0:1, 2:0:0:0:0, 2:0:0:0:0, 1:0:0:0:1, 0:0:0:0:0, 2:0:0:0:1, 0:0:0:0:0, 3:0:0:0:4, 1:0:0:0:2, 2:0:0:0:1, 2:0:0:0:1, 3:1:0:0:2, 0:0:0:0:0, 1:0:0:0:0, 2:0:0:0:6, 1:0:0:0:1, 1:0:0:0:1, 1:0:0:0:0, 2:0:0:0:1, 3:0:1:0:1, 1:0:0:0:1, 3:0:0:0:2, 3:1:0:0:2, 3:0:0:0:2, 0:0:0:0:0, 2:0:0:0:1, 2:0:1:0:0, 1:0:0:0:0, 2:0:0:0:1, 0:0:0:0:0, 1:0:0:0:1, 0:0:0:0:0, 1:1:0:0:1, 3:0:0:0:3, 0:0:0:0:0, 0:0:0:0:0, 1:0:0:0:1, 2:0:0:0:1, 0:0:0:0:0, 2:0:0:0:3, 1:0:0:0:1, 1:0:0:0:0, 1:0:0:0:0, 2:0:0:0:1, 3:1:0:0:2, 1:0:0:0:1, 2:0:0:0:1, 1:0:0:0:3, 1:0:0:0:1, 2:0:0:0:0, 1:0:0:0:1, 0:0:0:0:0, 0:0:0:0:0, 1:0:0:0:0, 4:0:0:0:4, 1:0:0:0:1, 0:0:0:0:0, 2:0:0:0:1, 2:0:0:0:2, 2:0:0:0:1, 0:0:0:0:0, 2:0:0:0:1, 1:0:0:0:1, 1:0:0:0:3, 1:0:0:0:1, 2:0:0:0:1, 2:0:0:0:1, 2:0:0:0:0, 2:0:0:0:2, 2:0:0:0:0, 0:0:0:0:0, 2:0:0:0:3, 1:0:0:0:1, 2:0:0:0:0, 2:0:0:0:0, 2:0:0:0:2, 0:0:0:0:0, 2:0:1:0:1, 3:1:0:0:2, 3:0:0:0:2, 1:0:0:0:1, 2:0:0:0:1, 1:0:0:0:2, 1:0:0:0:0, 1:0:0:0:1, 2:0:0:0:1, 2:0:0:0:6, 0:0:0:0:0, 1:0:0:0:1, 2:0:0:0:1, 1:0:0:0:0, 1:0:0:0:2, 0:0:0:0:0, 3:0:0:0:2, 1:0:0:0:0, 2:0:0:0:2, 1:0:1:0:0, 2:0:0:0:1, 0:0:0:0:0, 2:0:0:0:2, 2:0:0:0:1, 1:0:0:0:1, 0:0:0:0:0, 2:0:0:0:3, 0:0:0:0:0, 2:0:0:0:1, 1:0:0:0:0, 1:0:0:0:3, 1:0:0:0:1, 2:0:0:0:0, 0:0:0:0:0, 2:0:0:0:2, 0:0:0:0:0, 2:0:0:0:0, 2:0:0:0:2, 1:0:0:0:1, 1:0:0:0:1, 0:0:0:0:0, 2:0:0:0:4, 1:0:0:0:1, 0:0:0:0:0, 1:0:0:0:0, 1:0:0:0:0, 2:0:0:0:1, 1:0:0:0:1, 1:0:0:0:0, 0:0:0:0:0, 2:0:0:0:3, 1:0:0:0:1, 2:0:0:0:1, 1:0:0:0:1, 1:0:0:0:0, 2:0:0:0:1, 0:0:0:0:0, 0:0:0:0:0, 2:0:0:0:3, 1:0:0:0:1, 0:0:0:0:0, 1:0:0:0:0, 1:0:0:0:1, 1:0:0:0:1, 1:0:0:0:2, 1:0:0:0:0, 3:0:0:0:3, 0:0:0:0:0, 1:0:0:0:1, 2:0:0:0:1, 0:0:0:0:0, 0:0:0:0:0, 1:0:0:0:0, 4:0:0:0:4, 1:0:0:0:0, 1:0:0:0:1, 1:0:0:0:1, 1:0:0:0:0, 1:0:0:0:1, 1:0:0:0:1, 1:0:0:0:3, 0:0:0:0:0, 3:0:0:0:4, 0:0:0:0:0, 2:0:0:0:1, 2:0:0:0:1, 0:0:0:0:0, 0:0:0:0:0, 3:0:0:0:1, 1:0:0:0:1, 2:0:0:0:3, 1:0:0:0:1, 2:0:0:0:0, 3:0:0:0:1, 1:0:0:0:1, 1:0:0:0:1, 2:0:0:0:1, 1:0:0:0:1, 2:1:0:0:4, 0:0:0:0:0, 2:0:0:0:1, 2:0:0:0:1, 0:0:0:0:0, 1:0:0:0:1, 2:0:0:0:1, 4:0:0:0:4, 1:0:0:0:0, 0:0:0:0:0, 1:0:0:0:0, 1:0:0:0:0, 2:0:0:0:1, 1:0:0:0:1, 2:0:0:0:2, 0:0:0:0:0, 3:0:0:0:3, 2:0:0:0:2, 2:0:0:0:1, 2:0:0:0:2, 1:0:0:0:0, 2:0:0:0:1, 1:0:0:0:1, 0:0:0:0:0, 3:0:0:0:2, 0:0:0:0:0, 2:0:0:0:1, 2:0:0:0:0, 1:0:0:0:3, 1:0:0:0:1, 2:0:0:0:0, 0:0:0:0:0, 3:0:0:0:1, 0:0:0:0:0, 2:0:0:0:0, 2:0:0:0:1, 1:0:0:0:1, 1:0:0:0:1, 0:0:0:0:0, 2:0:0:0:4, 1:0:0:0:1, 0:0:0:0:0, 1:0:0:0:0, 1:0:0:0:0, 2:0:0:0:1, 1:0:0:0:1, 1:0:0:0:0, 0:0:0:0:0, 2:0:0:0:3, 1:0:0:0:1, 2:0:0:0:1, 1:0:0:0:1, 2:1:0:0:1, 2:0:0:0:1, 0:0:0:0:0, 0:0:0:0:0, 2:0:0:0:3, 1:0:0:0:1, 0:0:0:0:0, 1:0:0:0:0, 1:0:0:0:1, 1:0:0:0:1, 1:0:0:0:2, 1:0:0:0:0, 3:0:0:0:3, 0:0:0:0:0, 1:0:0:0:1, 2:0:0:0:1, 0:0:0:0:0, 0:0:0:0:0, 1:0:0:0:0, 4:0:0:0:4, 1:0:0:0:0, 1:0:0:0:1, 1:0:0:0:1, 1:0:0:0:0, 1:0:0:0:1, 1:0:0:0:1, 2:0:0:0:2, 0:0:0:0:0, 2:0:0:0:3, 0:0:0:0:0, 2:0:0:0:1, 2:0:0:0:1, 0:0:0:0:0, 0:0:0:0:0, 3:0:0:0:1, 0:0:0:0:0, 2:0:0:0:3, 1:0:0:0:1, 2:0:0:0:0, 3:0:0:0:1, 1:0:0:0:1, 1:0:0:0:1, 2:0:0:0:1, 2:0:0:0:1, 2:1:0:0:5, 0:0:0:0:0, 2:0:0:0:1, 2:0:0:0:1, 1:0:0:0:1, 1:0:0:0:1, 2:0:0:0:1, 4:0:0:0:4, 2:0:0:0:1, 0:0:0:0:0, 1:0:0:0:0, 1:0:0:0:0, 2:0:0:0:1, 1:0:0:0:1, 2:0:0:0:2, 0:0:0:0:0, 2:0:0:0:3, 1:0:0:0:1, 2:0:0:0:1, 2:0:0:0:2, 0:0:0:0:0, 0:0:0:0:0, 0:0:0:0:0, 0:0:0:0:0, 0:0:0:0:0, 0:0:0:0:0, 4:0:1:0:3, 0:0:0:0:0, 0:0:0:0:0, 0:0:0:0:0, 394:8:5:0:302
E aeolian (4#), 3:2:0:0:2, 2:0:0:0:0, 3:1:1:0:2, 0:0:0:0:0, 2:3:0:0:3, 3:0:0:0:0, 3:0:0:0:0, 2:0:0:0:0, 2:3:0:0:3, 2:0:0:0:0, 3:2:1:0:3, 0:0:0:0:0, 4:1:0:0:1, 2:0:0:0:0, 2:0:0:0:0, 3:2:1:0:3, 2:0:0:0:0, 3:3:0:0:3, 0:0:0:0:0, 4:2:0:0:2, 3:0:0:2:2, 3:3:0:0:3, 2:0:0:0:0, 4:0:0:0:0, 3:2:1:0:3, 3:0:0:0:0, 3:2:1:0:3, 1:0:0:0:0, 2:3:0:0:3, 1:0:0:0:0, 4:0:0:0:0, 3:3:0:0:3, 2:0:0:0:0, 3:0:0:0:0, 2:1:0:0:1, 3:1:0:0:1, 2:0:0:0:0, 1:0:0:0:0, 1:2:0:0:2, 1:2:0:0:2, 3:2:1:0:3, 2:0:0:0:0, 3:1:1:0:2, 1:0:1:0:1, 3:2:1:0:3, 2:0:0:0:0, 3:0:0:0:0, 4:1:0:0:1, 4:2:1:0:3, 4:1:0:0:1, 2:2:0:0:2, 1:0:0:0:0, 3:2:1:0:3, 3:0:0:0:0, 3:1:0:0:1, 3:2:1:0:3, 3:0:0:0:0, 4:2:0:0:2, 1:0:0:0:0, 4:2:0:0:2, 2:0:0:0:0, 4:2:0:0:2, 2:0:0:0:0, 3:0:0:0:0, 2:2:0:0:2, 4:1:0:0:1, 2:1:0:0:1, 1:0:0:0:0, 3:2:1:0:3, 2:0:0:0:0, 4:1:0:0:1, 4:2:1:0:3, 3:1:0:0:1, 3:0:0:0:0, 2:2:0:0:2, 0:0:0:0:0, 3:2:1:0:3, 3:0:0:0:0, 3:0:0:0:0, 3:0:0:0:0, 2:2:0:0:2, 3:1:0:0:1, 3:2:1:0:3, 1:0:0:0:0, 2:2:0:0:2, 2:0:0:0:0, 2:0:0:0:0, 2:2:0:0:2, 2:0:0:0:0, 5:1:0:0:1, 0:0:0:0:0, 3:2:0:0:2, 2:0:0:0:0, 5:2:0:0:2, 1:0:0:0:0, 2:0:0:0:0, 2:3:0:0:3, 4:0:0:0:0, 2:1:0:0:1, 0:0:0:0:0, 3:4:1:0:4, 2:0:0:0:0, 4:1:0:0:1, 2:1:0:0:1, 2:2:0:0:2, 3:1:0:0:1, 2:3:0:0:3, 0:0:0:0:0, 2:3:0:0:3, 2:0:0:0:0, 3:0:0:0:0, 1:0:0:0:0, 3:2:1:0:3, 4:0:0:0:0, 3:1:1:0:2, 1:0:1:0:1, 3:2:1:0:3, 3:0:0:0:0, 2:0:0:0:0, 2:2:1:0:3, 3:0:0:0:0, 2:3:0:0:3, 1:0:0:0:0, 2:2:0:0:2, 2:0:0:0:0, 3:3:0:0:3, 2:0:0:0:0, 4:1:0:0:1, 3:2:0:0:2, 2:0:0:0:0, 2:3:0:0:3, 0:0:0:0:0, 3:2:1:0:3, 2:0:0:0:0, 3:2:0:0:2, 4:3:1:0:4, 2:1:0:0:1, 3:0:0:0:0, 2:2:0:0:2, 0:0:0:0:0, 2:3:0:0:3, 3:1:0:0:1, 3:0:0:0:0, 3:1:0:0:1, 3:2:1:0:3, 3:0:0:0:0, 3:2:0:0:2, 1:0:0:0:0, 2:3:0:0:3, 4:1:0:0:1, 2:0:0:0:0, 3:2:0:0:2, 2:0:0:0:0, 4:2:0:0:2, 1:0:0:0:0, 4:2:0:0:2, 3:0:0:0:0, 2:3:0:0:3, 2:0:0:0:0, 2:0:0:0:0, 3:2:1:0:3, 2:0:0:0:0, 3:1:1:0:2, 0:0:0:0:0, 3:3:0:0:3, 2:0:0:0:0, 2:0:0:0:0, 2:3:0:0:3, 2:2:0:0:2, 4:0:0:0:0, 3:1:0:0:1, 0:0:0:0:0, 3:2:1:0:3, 3:0:0:0:0, 2:0:0:0:0, 1:0:0:0:0, 3:2:1:0:3, 2:0:0:0:0, 2:2:0:0:2, 2:0:0:0:0, 2:2:1:0:3, 2:0:0:0:0, 2:0:0:0:0, 2:2:1:0:3, 3:0:0:0:0, 1:3:0:0:3, 1:0:0:0:0, 5:2:0:0:2, 2:0:0:0:0, 4:2:0:0:2, 2:0:0:0:0, 3:0:0:0:0, 2:3:0:0:3, 3:0:0:0:0, 2:3:0:0:3, 1:0:0:0:0, 3:2:0:0:2, 4:1:0:0:1, 2:0:0:0:0, 2:3:1:0:4, 2:2:0:0:2, 3:1:0:0:1, 2:3:0:0:3, 1:0:0:0:0, 2:3:0:0:3, 2:0:0:0:0, 3:0:0:0:0, 1:0:0:0:0, 3:2:1:0:3, 4:0:0:0:0, 3:1:1:0:2, 2:0:1:0:1, 3:2:1:0:3, 3:0:0:0:0, 2:0:0:0:0, 2:2:1:0:3, 3:0:0:0:0, 2:3:0:0:3, 1:0:0:0:0, 2:2:0:0:2, 2:0:0:0:0, 3:3:0:0:3, 2:0:0:0:0, 4:1:0:0:1, 3:2:0:0:2, 2:0:0:0:0, 2:3:0:0:3, 0:0:0:0:0, 3:2:1:0:3, 2:0:0:0:0, 3:1:0:0:1, 4:2:1:0:3, 2:1:0:0:1, 3:0:0:0:0, 2:2:0:0:2, 0:0:0:0:0, 2:3:0:0:3, 3:1:0:0:1, 3:0:0:0:0, 3:1:0:0:1, 3:2:1:0:3, 3:0:0:0:0, 3:2:0:0:2, 1:0:0:0:0, 2:3:0:0:3, 4:1:0:0:1, 2:0:0:0:0, 3:2:0:0:2, 2:0:0:0:0, 4:2:0:0:2, 1:0:0:0:0, 4:2:0:0:2, 3:0:0:0:0, 2:3:0:0:3, 2:0:0:0:0, 2:0:0:0:0, 3:2:1:0:3, 3:0:0:0:0, 3:1:1:0:2, 0:0:0:0:0, 2:3:0:0:3, 2:0:0:0:0, 2:0:0:0:0, 2:3:0:0:3, 2:2:0:0:2, 4:0:0:0:0, 3:1:0:0:1, 0:0:0:0:0, 3:2:1:0:3, 3:0:0:0:0, 2:0:0:0:0, 1:0:0:0:0, 3:2:1:0:3, 2:0:0:0:0, 3:2:0:0:2, 2:0:0:0:0, 2:2:1:0:3, 2:0:0:0:0, 2:0:0:0:0, 2:2:1:0:3, 3:0:0:0:0, 1:3:0:0:3, 1:0:0:0:0, 5:2:0:0:2, 2:0:0:0:0, 4:2:0:0:2, 3:1:0:0:1, 3:0:0:0:0, 2:3:0:0:3, 3:0:0:0:0, 2:3:0:0:3, 0:0:0:0:0, 3:3:0:0:3, 3:1:0:0:1, 2:0:0:0:0, 2:3:0:0:3, 1:0:0:0:0, 1:0:0:0:0, 1:1:0:0:1, 1:1:0:0:1, 1:0:0:0:0, 2:3:1:0:3, 1:0:0:0:0, 1:0:0:0:0, 1:0:0:0:0, 719:309:47:2:356
Ab locrian (4b), 1:0:0:0:1, 2:0:0:0:1, 0:0:0:0:0, 3:0:0:0:4, 1:0:0:0:1, 2:0:0:0:0, 2:0:0:0:0, 1:0:0:0:1, 0:0:0:0:0, 2:0:0:0:1, 0:0:0:0:0, 3:0:0:0:4, 1:0:0:0:2, 2:0:0:0:1, 2:0:0:0:1, 3:1:0:0:2, 0:0:0:0:0, 1:0:0:0:0, 2:0:0:0:6, 1:0:0:0:1, 1:0:0:0:1, 1:0:0:0:0, 2:0:0:0:1, 3:0:1:0:1, 1:0:0:0:1, 3:0:0:0:2, 3:1:0:0:2, 3:0:0:0:2, 0:0:0:0:0, 2:0:0:0:1, 2:0:1:0:0, 1:0:0:0:0, 2:0:0:0:1, 0:0:0:0:0, 1:0:0:0:1, 0:0:0:0:0, 1:1:0:0:1, 3:0:0:0:3, 0:0:0:0:0, 0:0:0:0:0, 1:0:0:0:1, 2:0:0:0:1, 0:0:0:0:0, 2:0:0:0:3, 1:0:0:0:1, 1:0:0:0:0, 1:0:0:0:0, 2:0:0:0:1, 3:1:0:0:2, 1:0:0:0:1, 2:0:0:0:1, 1:0:0:0:3, 1:0:0:0:1, 2:0:0:0:0, 1:0:0:0:1, 0:0:0:0:0, 0:0:0:0:0, 1:0:0:0:0, 4:0:0:0:4, 1:0:0:0:1, 0:0:0:0:0, 2:0:0:0:1, 2:0:0:0:2, 2:0:0:0:1, 0:0:0:0:0, 2:0:0:0:1, 1:0:0:0:1, 1:0:0:0:3, 1:0:0:0:1, 2:0:0:0:1, 2:0:0:0:1, 2:0:0:0:0, 2:0:0:0:2, 2:0:0:0:0, 0:0:0:0:0, 2:0:0:0:3, 1:0:0:0:1, 2:0:0:0:0, 2:0:0:0:0, 2:0:0:0:2, 0:0:0:0:0, 2:0:1:0:1, 3:1:0:0:2, 3:0:0:0:2, 1:0:0:0:1, 2:0:0:0:1, 1:0:0:0:2, 1:0:0:0:0, 1:0:0:0:1, 2:0:0:0:1, 2:0:0:0:6, 0:0:0:0:0, 1:0:0:0:1, 2:0:0:0:1, 1:0:0:0:0, 1:0:0:0:2, 0:0:0:0:0, 3:0:0:0:2, 1:0:0:0:0, 2:0:0:0:2, 1:0:1:0:0, 2:0:0:0:1, 0:0:0:0:0, 2:0:0:0:2, 2:0:0:0:1, 1:0:0:0:1, 0:0:0:0:0, 2:0:0:0:3, 0:0:0:0:0, 2:0:0:0:1, 1:0:0:0:0, 1:0:0:0:3, 1:0:0:0:1, 2:0:0:0:0, 0:0:0:0:0, 2:0:0:0:2, 0:0:0:0:0, 2:0:0:0:0, 2:0:0:0:2, 1:0:0:0:1, 1:0:0:0:1, 0:0:0:0:0, 2:0:0:0:4, 1:0:0:0:1, 0:0:0:0:0, 1:0:0:0:0, 1:0:0:0:0, 2:0:0:0:1, 1:0:0:0:1, 1:0:0:0:0, 0:0:0:0:0, 2:0:0:0:3, 1:0:0:0:1, 2:0:0:0:1, 1:0:0:0:1, 1:0:0:0:0, 2:0:0:0:1, 0:0:0:0:0, 0:0:0:0:0, 2:0:0:0:3, 1:0:0:0:1, 0:0:0:0:0, 1:0:0:0:0, 1:0:0:0:1, 1:0:0:0:1, 1:0:0:0:2, 1:0:0:0:0, 3:0:0:0:3, 0:0:0:0:0, 1:0:0:0:1, 2:0:0:0:1, 0:0:0:0:0, 0:0:0:0:0, 1:0:0:0:0, 4:0:0:0:4, 1:0:0:0:0, 1:0:0:0:1, 1:0:0:0:1, 1:0:0:0:0, 1:0:0:0:1, 1:0:0:0:1, 1:0:0:0:3, 0:0:0:0:0, 3:0:0:0:4, 0:0:0:0:0, 2:0:0:0:1, 2:0:0:0:1, 0:0:0:0:0, 0:0:0:0:0, 3:0:0:0:1, 1:0:0:0:1, 2:0:0:0:3, 1:0:0:0:1, 2:0:0:0:0, 3:0:0:0:1, 1:0:0:0:1, 1:0:0:0:1, 2:0:0:0:1, 1:0:0:0:1, 2:1:0:0:4, 0:0:0:0:0, 2:0:0:0:1, 2:0:0:0:1, 0:0:0:0:0, 1:0:0:0:1, 2:0:0:0:1, 4:0:0:0:4, 1:0:0:0:0, 0:0:0:0:0, 1:0:0:0:0, 1:0:0:0:0, 2:0:0:0:1, 1:0:0:0:1, 2:0:0:0:2, 0:0:0:0:0, 3:0:0:0:3, 2:0:0:0:2, 2:0:0:0:1, 2:0:0:0:2, 1:0:0:0:0, 2:0:0:0:1, 1:0:0:0:1, 0:0:0:0:0, 3:0:0:0:2, 0:0:0:0:0, 2:0:0:0:1, 2:0:0:0:0, 1:0:0:0:3, 1:0:0:0:1, 2:0:0:0:0, 0:0:0:0:0, 3:0:0:0:1, 0:0:0:0:0, 2:0:0:0:0, 2:0:0:0:1, 1:0:0:0:1, 1:0:0:0:1, 0:0:0:0:0, 2:0:0:0:4, 1:0:0:0:1, 0:0:0:0:0, 1:0:0:0:0, 1:0:0:0:0, 2:0:0:0:1, 1:0:0:0:1, 1:0:0:0:0, 0:0:0:0:0, 2:0:0:0:3, 1:0:0:0:1, 2:0:0:0:1, 1:0:0:0:1, 2:1:0:0:1, 2:0:0:0:1, 0:0:0:0:0, 0:0:0:0:0, 2:0:0:0:3, 1:0:0:0:1, 0:0:0:0:0, 1:0:0:0:0, 1:0:0:0:1, 1:0:0:0:1, 1:0:0:0:2, 1:0:0:0:0, 3:0:0:0:3, 0:0:0:0:0, 1:0:0:0:1, 2:0:0:0:1, 0:0:0:0:0, 0:0:0:0:0, 1:0:0:0:0, 4:0:0:0:4, 1:0:0:0:0, 1:0:0:0:1, 1:0:0:0:1, 1:0:0:0:0, 1:0:0:0:1, 1:0:0:0:1, 2:0:0:0:2, 0:0:0:0:0, 2:0:0:0:3, 0:0:0:0:0, 2:0:0:0:1, 2:0:0:0:1, 0:0:0:0:0, 0:0:0:0:0, 3:0:0:0:1, 0:0:0:0:0, 2:0:0:0:3, 1:0:0:0:1, 2:0:0:0:0, 3:0:0:0:1, 1:0:0:0:1, 1:0:0:0:1, 2:0:0:0:1, 2:0:0:0:1, 2:1:0:0:5, 0:0:0:0:0, 2:0:0:0:1, 2:0:0:0:1, 1:0:0:0:1, 1:0:0:0:1, 2:0:0:0:1, 4:0:0:0:4, 2:0:0:0:1, 0:0:0:0:0, 1:0:0:0:0, 1:0:0:0:0, 2:0:0:0:1, 1:0:0:0:1, 2:0:0:0:2, 0:0:0:0:0, 2:0:0:0:3, 1:0:0:0:1, 2:0:0:0:1, 2:0:0:0:2, 0:0:0:0:0, 0:0:0:0:0, 0:0:0:0:0, 0:0:0:0:0, 0:0:0:0:0, 0:0:0:0:0, 4:0:1:0:3, 0:0:0:0:0, 0:0:0:0:0, 0:0:0:0:0, 394:8:5:0:302
E locrian (4#), 3:2:0:0:2, 2:0:0:0:0, 3:1:1:0:2, 0:0:0:0:0, 2:3:0:0:3, 3:0:0:0:0, 3:0:0:0:0, 2:0:0:0:0, 2:3:0:0:3, 2:0:0:0:0, 3:2:1:0:3, 0:0:0:0:0, 4:1:0:0:1, 2:0:0:0:0, 2:0:0:0:0, 3:2:1:0:3, 2:0:0:0:0, 3:3:0:0:3, 0:0:0:0:0, 4:2:0:0:2, 3:0:0:2:2, 3:3:0:0:3, 2:0:0:0:0, 4:0:0:0:0, 3:2:1:0:3, 3:0:0:0:0, 3:2:1:0:3, 1:0:0:0:0, 2:3:0:0:3, 1:0:0:0:0, 4:0:0:0:0, 3:3:0:0:3, 2:0:0:0:0, 3:0:0:0:0, 2:1:0:0:1, 3:1:0:0:1, 2:0:0:0:0, 1:0:0:0:0, 1:2:0:0:2, 1:2:0:0:2, 3:2:1:0:3, 2:0:0:0:0, 3:1:1:0:2, 1:0:1:0:1, 3:2:1:0:3, 2:0:0:0:0, 3:0:0:0:0, 4:1:0:0:1, 4:2:1:0:3, 4:1:0:0:1, 2:2:0:0:2, 1:0:0:0:0, 3:2:1:0:3, 3:0:0:0:0, 3:1:0:0:1, 3:2:1:0:3, 3:0:0:0:0, 4:2:0:0:2, 1:0:0:0:0, 4:2:0:0:2, 2:0:0:0:0, 4:2:0:0:2, 2:0:0:0:0, 3:0:0:0:0, 2:2:0:0:2, 4:1:0:0:1, 2:1:0:0:1, 1:0:0:0:0, 3:2:1:0:3, 2:0:0:0:0, 4:1:0:0:1, 4:2:1:0:3, 3:1:0:0:1, 3:0:0:0:0, 2:2:0:0:2, 0:0:0:0:0, 3:2:1:0:3, 3:0:0:0:0, 3:0:0:0:0, 3:0:0:0:0, 2:2:0:0:2, 3:1:0:0:1, 3:2:1:0:3, 1:0:0:0:0, 2:2:0:0:2, 2:0:0:0:0, 2:0:0:0:0, 2:2:0:0:2, 2:0:0:0:0, 5:1:0:0:1, 0:0:0:0:0, 3:2:0:0:2, 2:0:0:0:0, 5:2:0:0:2, 1:0:0:0:0, 2:0:0:0:0, 2:3:0:0:3, 4:0:0:0:0, 2:1:0:0:1, 0:0:0:0:0, 3:4:1:0:4, 2:0:0:0:0, 4:1:0:0:1, 2:1:0:0:1, 2:2:0:0:2, 3:1:0:0:1, 2:3:0:0:3, 0:0:0:0:0, 2:3:0:0:3, 2:0:0:0:0, 3:0:0:0:0, 1:0:0:0:0, 3:2:1:0:3, 4:0:0:0:0, 3:1:1:0:2, 1:0:1:0:1, 3:2:1:0:3, 3:0:0:0:0, 2:0:0:0:0, 2:2:1:0:3, 3:0:0:0:0, 2:3:0:0:3, 1:0:0:0:0, 2:2:0:0:2, 2:0:0:0:0, 3:3:0:0:3, 2:0:0:0:0, 4:1:0:0:1, 3:2:0:0:2, 2:0:0:0:0, 2:3:0:0:3, 0:0:0:0:0, 3:2:1:0:3, 2:0:0:0:0, 3:2:0:0:2, 4:3:1:0:4, 2:1:0:0:1, 3:0:0:0:0, 2:2:0:0:2, 0:0:0:0:0, 2:3:0:0:3, 3:1:0:0:1, 3:0:0:0:0, 3:1:0:0:1, 3:2:1:0:3, 3:0:0:0:0, 3:2:0:0:2, 1:0:0:0:0, 2:3:0:0:3, 4:1:0:0:1, 2:0:0:0:0, 3:2:0:0:2, 2:0:0:0:0, 4:2:0:0:2, 1:0:0:0:0, 4:2:0:0:2, 3:0:0:0:0, 2:3:0:0:3, 2:0:0:0:0, 2:0:0:0:0, 3:2:1:0:3, 2:0:0:0:0, 3:1:1:0:2, 0:0:0:0:0, 3:3:0:0:3, 2:0:0:0:0, 2:0:0:0:0, 2:3:0:0:3, 2:2:0:0:2, 4:0:0:0:0, 3:1:0:0:1, 0:0:0:0:0, 3:2:1:0:3, 3:0:0:0:0, 2:0:0:0:0, 1:0:0:0:0, 3:2:1:0:3, 2:0:0:0:0, 2:2:0:0:2, 2:0:0:0:0, 2:2:1:0:3, 2:0:0:0:0, 2:0:0:0:0, 2:2:1:0:3, 3:0:0:0:0, 1:3:0:0:3, 1:0:0:0:0, 5:2:0:0:2, 2:0:0:0:0, 4:2:0:0:2, 2:0:0:0:0, 3:0:0:0:0, 2:3:0:0:3, 3:0:0:0:0, 2:3:0:0:3, 1:0:0:0:0, 3:2:0:0:2, 4:1:0:0:1, 2:0:0:0:0, 2:3:1:0:4, 2:2:0:0:2, 3:1:0:0:1, 2:3:0:0:3, 1:0:0:0:0, 2:3:0:0:3, 2:0:0:0:0, 3:0:0:0:0, 1:0:0:0:0, 3:2:1:0:3, 4:0:0:0:0, 3:1:1:0:2, 2:0:1:0:1, 3:2:1:0:3, 3:0:0:0:0, 2:0:0:0:0, 2:2:1:0:3, 3:0:0:0:0, 2:3:0:0:3, 1:0:0:0:0, 2:2:0:0:2, 2:0:0:0:0, 3:3:0:0:3, 2:0:0:0:0, 4:1:0:0:1, 3:2:0:0:2, 2:0:0:0:0, 2:3:0:0:3, 0:0:0:0:0, 3:2:1:0:3, 2:0:0:0:0, 3:1:0:0:1, 4:2:1:0:3, 2:1:0:0:1, 3:0:0:0:0, 2:2:0:0:2, 0:0:0:0:0, 2:3:0:0:3, 3:1:0:0:1, 3:0:0:0:0, 3:1:0:0:1, 3:2:1:0:3, 3:0:0:0:0, 3:2:0:0:2, 1:0:0:0:0, 2:3:0:0:3, 4:1:0:0:1, 2:0:0:0:0, 3:2:0:0:2, 2:0:0:0:0, 4:2:0:0:2, 1:0:0:0:0, 4:2:0:0:2, 3:0:0:0:0, 2:3:0:0:3, 2:0:0:0:0, 2:0:0:0:0, 3:2:1:0:3, 3:0:0:0:0, 3:1:1:0:2, 0:0:0:0:0, 2:3:0:0:3, 2:0:0:0:0, 2:0:0:0:0, 2:3:0:0:3, 2:2:0:0:2, 4:0:0:0:0, 3:1:0:0:1, 0:0:0:0:0, 3:2:1:0:3, 3:0:0:0:0, 2:0:0:0:0, 1:0:0:0:0, 3:2:1:0:3, 2:0:0:0:0, 3:2:0:0:2, 2:0:0:0:0, 2:2:1:0:3, 2:0:0:0:0, 2:0:0:0:0, 2:2:1:0:3, 3:0:0:0:0, 1:3:0:0:3, 1:0:0:0:0, 5:2:0:0:2, 2:0:0:0:0, 4:2:0:0:2, 3:1:0:0:1, 3:0:0:0:0, 2:3:0:0:3, 3:0:0:0:0, 2:3:0:0:3, 0:0:0:0:0, 3:3:0:0:3, 3:1:0:0:1, 2:0:0:0:0, 2:3:0:0:3, 1:0:0:0:0, 1:0:0:0:0, 1:1:0:0:1, 1:1:0:0:1, 1:0:0:0:0, 2:3:1:0:3, 1:0:0:0:0, 1:0:0:0:0, 1:0:0:0:0, 719:309:47:2:356
Db major (5b), 1:0:0:0:1, 1:0:0:0:1, 0:0:0:0:0, 2:0:0:0:4, 1:0:0:0:1, 3:0:0:0:1, 1:0:0:0:1, 2:0:0:0:1, 0:0:0:0:0, 1:0:0:0:1, 0:0:0:0:0, 2:0:0:0:4, 1:0:0:0:2, 1:0:0:0:1, 1:0:0:0:1, 3:1:0:0:4, 0:0:0:0:0, 1:0:0:0:1, 2:0:0:0:6, 1:0:0:0:1, 2:0:0:0:1, 2:0:0:0:2, 1:0:0:0:1, 3:0:1:0:2, 1:0:0:0:1, 2:0:0:0:2, 3:1:0:0:4, 2:0:0:0:2, 0:0:0:0:0, 1:0:0:0:1, 2:0:1:0:1, 1:0:0:0:1, 3:0:0:0:2, 1:0:0:0:0, 1:0:0:0:1, 0:0:0:0:0, 1:0:0:0:0, 2:0:0:0:3, 0:0:0:0:0, 0:0:0:0:0, 1:0:0:0:1, 1:0:0:0:1, 0:0:0:0:0, 1:0:0:0:3, 1:0:0:0:1, 0:0:0:0:0, 0:0:0:0:0, 2:0:0:0:2, 3:1:0:0:4, 1:0:0:0:1, 3:0:0:0:1, 2:0:0:0:3, 1:0:0:0:1, 1:0:0:0:0, 1:0:0:0:1, 1:0:0:0:0, 1:0:0:0:0, 2:0:0:0:1, 4:0:0:0:6, 1:0:0:0:1, 0:0:0:0:0, 2:0:0:0:2, 3:0:0:0:2, 1:0:0:0:1, 0:0:0:0:0, 1:0:0:0:1, 1:0:0:0:1, 2:0:0:0:3, 1:0:0:0:1, 1:0:0:0:1, 2:0:0:0:2, 2:0:0:0:1, 2:0:0:0:2, 1:0:0:0:1, 0:0:0:0:0, 1:0:0:0:3, 1:0:0:0:1, 1:0:0:0:1, 1:0:0:0:1, 2:0:0:0:2, 0:0:0:0:0, 2:0:1:0:1, 3:1:0:0:4, 2:0:0:0:3, 1:0:0:0:1, 1:0:0:0:1, 1:0:0:0:2, 1:0:0:0:1, 1:0:0:0:1, 3:0:0:0:2, 2:0:0:0:6, 0:0:0:0:0, 1:0:0:0:1, 3:0:0:0:2, 0:0:0:0:0, 1:0:0:0:2, 0:0:0:0:0, 4:0:0:0:3, 0:0:0:0:0, 1:0:0:0:2, 1:0:1:0:0, 1:0:0:0:1, 0:0:0:0:0, 2:0:0:0:2, 2:0:0:0:1, 1:0:0:0:1, 0:0:0:0:0, 1:0:0:0:3, 0:0:0:0:0, 3:0:0:0:1, 0:0:0:0:0, 1:0:0:0:3, 1:0:0:0:1, 1:0:0:0:1, 0:0:0:0:0, 1:0:0:0:2, 0:0:0:0:0, 1:0:0:0:1, 1:0:0:0:2, 1:0:0:0:1, 2:0:0:0:1, 0:0:0:0:0, 3:0:0:0:4, 1:0:0:0:1, 0:0:0:0:0, 1:0:0:0:1, 0:0:0:0:0, 2:0:0:0:2, 1:0:0:0:1, 0:0:0:0:0, 0:0:0:0:0, 1:0:0:0:3, 1:0:0:0:1, 3:0:0:0:1, 1:0:0:0:1, 1:0:0:0:1, 2:0:0:0:1, 0:0:0:0:0, 0:0:0:0:0, 1:0:0:0:3, 1:0:0:0:1, 0:0:0:0:0, 0:0:0:0:0, 1:0:0:0:1, 1:0:0:0:1, 1:0:0:0:2, 1:0:0:0:1, 2:0:0:0:3, 0:0:0:0:0, 1:0:0:0:1, 1:0:0:0:1, 0:0:0:0:0, 0:0:0:0:0, 2:0:0:0:1, 4:0:0:0:5, 1:0:0:0:1, 2:0:0:0:1, 1:0:0:0:1, 0:0:0:0:0, 2:0:0:0:1, 1:0:0:0:1, 1:0:0:0:3, 0:0:0:0:0, 2:0:0:0:4, 0:0:0:0:0, 1:0:0:0:1, 1:0:0:0:1, 0:0:0:0:0, 0:0:0:0:0, 2:0:0:0:2, 2:0:0:0:1, 1:0:0:0:3, 1:0:0:0:1, 1:0:0:0:1, 2:0:0:0:2, 1:0:0:0:1, 1:0:0:0:1, 1:0:0:0:1, 1:0:0:0:1, 2:1:0:0:4, 0:0:0:0:0, 1:0:0:0:1, 1:0:0:0:1, 0:0:0:0:0, 2:0:0:0:1, 2:0:0:0:1, 4:0:0:0:4, 1:0:0:0:1, 0:0:0:0:0, 1:0:0:0:1, 2:0:0:0:0, 3:0:0:0:2, 2:0:0:0:1, 2:0:0:0:3, 0:0:0:0:0, 2:0:0:0:4, 2:0:0:0:2, 2:0:0:0:2, 2:0:0:0:2, 0:0:0:0:0, 2:0:0:0:1, 1:0:0:0:1, 0:0:0:0:0, 2:0:0:0:2, 0:0:0:0:0, 3:0:0:0:1, 1:0:0:0:1, 1:0:0:0:3, 1:0:0:0:1, 1:0:0:0:1, 0:0:0:0:0, 2:0:0:0:1, 0:0:0:0:0, 1:0:0:0:1, 1:0:0:0:1, 1:0:0:0:1, 2:0:0:0:1, 0:0:0:0:0, 3:0:0:0:4, 1:0:0:0:1, 0:0:0:0:0, 1:0:0:0:1, 0:0:0:0:0, 2:0:0:0:3, 1:0:0:0:1, 0:0:0:0:0, 0:0:0:0:0, 1:0:0:0:3, 1:0:0:0:1, 1:0:0:0:1, 1:0:0:0:1, 2:1:0:0:3, 2:0:0:0:1, 0:0:0:0:0, 0:0:0:0:0, 1:0:0:0:3, 1:0:0:0:1, 0:0:0:0:0, 0:0:0:0:0, 1:0:0:0:1, 1:0:0:0:1, 1:0:0:0:2, 1:0:0:0:1, 2:0:0:0:3, 0:0:0:0:0, 1:0:0:0:1, 1:0:0:0:1, 0:0:0:0:0, 0:0:0:0:0, 2:0:0:0:1, 4:0:0:0:5, 1:0:0:0:1, 2:0:0:0:1, 1:0:0:0:1, 0:0:0:0:0, 2:0:0:0:1, 1:0:0:0:1, 2:0:0:0:3, 0:0:0:0:0, 1:0:0:0:3, 0:0:0:0:0, 1:0:0:0:1, 1:0:0:0:1, 0:0:0:0:0, 0:0:0:0:0, 2:0:0:0:2, 1:0:0:0:0, 1:0:0:0:3, 1:0:0:0:1, 1:0:0:0:1, 2:0:0:0:2, 1:0:0:0:1, 1:0:0:0:1, 1:0:0:0:1, 2:0:0:0:2, 2:1:0:0:5, 0:0:0:0:0, 1:0:0:0:1, 1:0:0:0:1, 1:0:0:0:1, 2:0:0:0:1, 2:0:0:0:1, 4:0:0:0:4, 2:0:0:0:2, 0:0:0:0:0, 1:0:0:0:1, 2:0:0:0:0, 3:0:0:0:2, 2:0:0:0:1, 2:0:0:0:3, 0:0:0:0:0, 1:0:0:0:3, 1:0:0:0:1, 2:0:0:0:2, 2:0:0:0:2, 0:0:0:0:0, 1:0:0:0:0, 0:0:0:0:0, 0:0:0:0:0, 0:0:0:0:0, 0:0:0:0:0, 3:0:1:0:3, 0:0:0:0:0, 0:0:0:0:0, 0:0:0:0:0, 351:7:5:0:373
B major (5#), 3:1:0:0:2, 3:0:0:0:2, 2:1:1:0:2, 0:0:0:0:0, 2:1:0:0:2, 3:0:0:0:0, 3:0:0:0:0, 3:0:0:0:3, 2:1:0:0:2, 3:0:0:0:2, 3:1:1:0:3, 0:0:0:0:0, 4:1:0:0:1, 2:0:0:0:1, 3:0:0:0:2, 3:1:1:0:2, 2:0:0:0:3, 3:1:0:0:2, 1:0:0:0:0, 3:2:0:0:2, 4:1:0:0:3, 3:1:0:0:1, 2:0:0:0:1, 5:0:0:0:2, 3:1:1:0:2, 4:0:0:0:2, 3:1:1:0:2, 0:0:0:0:0, 2:1:0:0:2, 1:0:0:0:0, 3:0:0:0:2, 3:1:0:0:2, 2:0:0:0:0, 3:0:0:0:3, 3:1:0:0:1, 3:1:0:0:2, 2:0:0:0:0, 0:0:0:0:0, 1:1:0:0:1, 1:1:0:0:1, 3:1:1:0:2, 2:0:0:0:2, 2:1:1:0:2, 1:0:1:0:0, 3:1:1:0:2, 2:0:0:0:1, 3:0:0:0:1, 4:0:0:0:2, 4:1:1:0:2, 4:0:0:0:2, 3:1:0:0:1, 1:0:0:0:0, 3:1:1:0:2, 3:0:0:0:1, 3:0:0:0:2, 3:1:1:0:2, 3:0:0:0:3, 4:1:0:0:2, 2:0:0:0:0, 3:2:0:0:2, 2:0:0:0:3, 4:1:0:0:1, 2:0:0:0:0, 4:0:0:0:1, 2:1:0:0:3, 4:1:0:0:3, 3:1:0:0:1, 1:0:0:0:0, 3:1:1:0:2, 2:0:0:0:1, 4:0:0:0:2, 4:1:1:0:2, 3:1:0:0:2, 3:0:0:0:2, 2:1:0:0:1, 0:0:0:0:0, 3:1:1:0:2, 3:0:0:0:1, 3:0:0:0:1, 4:0:0:0:1, 2:1:0:0:1, 3:0:0:0:2, 3:1:1:0:2, 1:0:0:0:0, 2:1:0:0:2, 2:0:0:0:1, 2:0:0:0:3, 2:1:0:0:1, 3:0:0:0:2, 5:1:0:0:2, 1:0:0:0:0, 3:2:0:0:2, 3:0:0:0:2, 5:1:0:0:2, 1:0:0:0:0, 2:0:0:0:2, 2:1:0:0:1, 5:0:0:0:1, 2:1:0:0:2, 0:0:0:0:0, 3:1:0:0:2, 2:0:0:0:1, 3:1:0:0:2, 3:1:0:0:3, 3:1:0:0:2, 3:0:0:0:2, 2:1:0:0:2, 0:0:0:0:0, 2:1:0:0:3, 2:0:0:0:0, 2:0:0:0:1, 2:0:0:0:2, 3:1:1:0:2, 3:0:0:0:2, 2:1:1:0:2, 1:0:1:0:0, 3:1:1:0:3, 3:0:0:0:1, 3:0:0:0:2, 2:1:1:0:2, 4:0:0:0:2, 2:1:0:0:3, 2:0:0:0:0, 2:2:0:0:2, 2:0:0:0:3, 3:1:0:0:2, 2:0:0:0:1, 4:0:0:0:1, 3:1:0:0:2, 2:0:0:0:2, 2:1:0:0:1, 0:0:0:0:0, 3:1:1:0:2, 2:0:0:0:0, 3:0:0:0:2, 4:1:1:0:2, 2:1:0:0:2, 2:0:0:0:2, 2:1:0:0:2, 0:0:0:0:0, 2:1:0:0:2, 2:1:0:0:1, 3:0:0:0:1, 3:0:0:0:1, 3:1:1:0:2, 3:0:0:0:2, 3:1:0:0:2, 0:0:0:0:0, 2:1:0:0:2, 4:0:0:0:1, 3:0:0:0:2, 3:1:0:0:2, 2:0:0:0:2, 4:1:0:0:2, 2:0:0:0:0, 3:2:0:0:2, 4:0:0:0:2, 3:1:0:0:2, 2:0:0:0:2, 3:0:0:0:3, 3:1:1:0:2, 3:0:0:0:2, 2:1:1:0:2, 0:0:0:0:0, 3:1:0:0:2, 2:0:0:0:1, 3:0:0:0:2, 2:1:0:0:2, 2:1:0:0:2, 4:0:0:0:1, 3:1:0:0:2, 0:0:0:0:0, 3:1:1:0:2, 3:0:0:0:1, 2:0:0:0:0, 2:0:0:0:2, 3:1:1:0:2, 2:0:0:0:2, 3:1:0:0:1, 1:0:0:0:0, 2:1:1:0:2, 3:0:0:0:1, 3:0:0:0:2, 2:1:1:0:2, 4:0:0:0:2, 2:2:0:0:2, 2:0:0:0:1, 4:2:0:0:2, 2:0:0:0:2, 4:1:0:0:2, 2:0:0:0:0, 4:0:0:0:3, 3:2:0:0:2, 4:0:0:0:2, 2:1:0:0:2, 1:0:0:0:0, 4:2:0:0:3, 4:0:0:0:0, 3:0:0:0:2, 2:1:1:0:1, 3:1:0:0:2, 3:0:0:0:2, 2:1:0:0:2, 0:0:0:0:0, 2:1:0:0:3, 2:0:0:0:0, 3:0:0:0:1, 2:0:0:0:2, 3:1:1:0:2, 3:0:0:0:2, 2:1:1:0:2, 1:0:1:0:0, 3:1:1:0:3, 3:0:0:0:1, 3:0:0:0:2, 2:1:1:0:2, 4:0:0:0:2, 2:1:0:0:3, 2:0:0:0:0, 2:2:0:0:2, 2:0:0:0:3, 3:1:0:0:2, 2:0:0:0:1, 4:0:0:0:1, 3:1:0:0:2, 2:0:0:0:2, 2:1:0:0:1, 0:0:0:0:0, 3:1:1:0:2, 2:0:0:0:1, 3:0:0:0:2, 4:1:1:0:2, 2:1:0:0:2, 2:0:0:0:2, 2:1:0:0:2, 0:0:0:0:0, 2:1:0:0:2, 2:1:0:0:1, 3:0:0:0:1, 3:0:0:0:1, 3:1:1:0:2, 3:0:0:0:2, 3:1:0:0:2, 0:0:0:0:0, 2:1:0:0:3, 4:0:0:0:1, 3:0:0:0:2, 3:1:0:0:2, 2:0:0:0:2, 4:1:0:0:2, 2:0:0:0:0, 3:2:0:0:2, 4:0:0:0:2, 3:1:0:0:2, 2:0:0:0:2, 3:0:0:0:3, 3:1:1:0:2, 4:0:0:0:2, 2:1:1:0:2, 0:0:0:0:0, 2:1:0:0:2, 2:0:0:0:1, 3:0:0:0:2, 2:1:0:0:2, 2:1:0:0:2, 4:0:0:0:1, 3:1:0:0:2, 0:0:0:0:0, 3:1:1:0:2, 3:0:0:0:1, 2:0:0:0:0, 2:0:0:0:2, 3:1:1:0:2, 2:0:0:0:2, 4:1:0:0:1, 1:0:0:0:0, 2:1:1:0:2, 3:0:0:0:1, 3:0:0:0:2, 2:1:1:0:2, 4:0:0:0:2, 2:2:0:0:2, 2:0:0:0:1, 4:2:0:0:2, 2:0:0:0:2, 4:1:0:0:2, 3:1:0:0:1, 4:0:0:0:3, 3:2:0:0:2, 4:0:0:0:2, 2:1:0:0:2, 0:0:0:0:0, 3:1:0:0:2, 3:0:0:0:0, 3:0:0:0:2, 2:1:0:0:3, 1:0:0:0:0, 1:0:0:0:4, 1:1:0:0:1, 1:1:0:0:1, 1:0:0:0:0, 2:1:0:0:1, 0:0:0:0:0, 0:0:0:0:0, 0:0:0:0:0, 753:153:45:0:467
Bb minor (5b), 1:0:0:0:1, 1:0:0:0:1, 0:0:0:0:0, 2:0:0:0:4, 1:0:0:0:1, 3:0:0:0:1, 1:0:0:0:1, 2:0:0:0:1, 0:0:0:0:0, 1:0:0:0:1, 0:0:0:0:0, 2:0:0:0:4, 1:0:0:0:2, 1:0:0:0:1, 1:0:0:0:1, 3:1:0:0:4, 0:0:0:0:0, 1:0:0:0:1, 2:0:0:0:6, 1:0:0:0:1, 2:0:0:0:1, 2:0:0:0:2, 1:0:0:0:1, 3:0:1:0:2, 1:0:0:0:1, 2:0:0:0:2, 3:1:0:0:4, 2:0:0:0:2, 0:0:0:0:0, 1:0:0:0:1, 2:0:1:0:1, 1:0:0:0:1, 3:0:0:0:2, 1:0:0:0:0, 1:0:0:0:1, 0:0:0:0:0, 1:0:0:0:0, 2:0:0:0:3, 0:0:0:0:0, 0:0:0:0:0, 1:0:0:0:1, 1:0:0:0:1, 0:0:0:0:0, 1:0:0:0:3, 1:0:0:0:1, 0:0:0:0:0, 0:0:0:0:0, 2:0:0:0:2, 3:1:0:0:4, 1:0:0:0:1, 3:0:0:0:1, 2:0:0:0:3, 1:0:0:0:1, 1:0:0:0:0, 1:0:0:0:1, 1:0:0:0:0, 1:0:0:0:0, 2:0:0:0:1, 4:0:0:0:6, 1:0:0:0:1, 0:0:0:0:0, 2:0:0:0:2, 3:0:0:0:2, 1:0:0:0:1, 0:0:0:0:0, 1:0:0:0:1, 1:0:0:0:1, 2:0:0:0:3, 1:0:0:0:1, 1:0:0:0:1, 2:0:0:0:2, 2:0:0:0:1, 2:0:0:0:2, 1:0:0:0:1, 0:0:0:0:0, 1:0:0:0:3, 1:0:0:0:1, 1:0:0:0:1, 1:0:0:0:1, 2:0:0:0:2, 0:0:0:0:0, 2:0:1:0:1, 3:1:0:0:4, 2:0:0:0:3, 1:0:0:0:1, 1:0:0:0:1, 1:0:0:0:2, 1:0:0:0:1, 1:0:0:0:1, 3:0:0:0:2, 2:0:0:0:6, 0:0:0:0:0, 1:0:0:0:1, 3:0:0:0:2, 0:0:0:0:0, 1:0:0:0:2, 0:0:0:0:0, 4:0:0:0:3, 0:0:0:0:0, 1:0:0:0:2, 1:0:1:0:0, 1:0:0:0:1, 0:0:0:0:0, 2:0:0:0:2, 2:0:0:0:1, 1:0:0:0:1, 0:0:0:0:0, 1:0:0:0:3, 0:0:0:0:0, 3:0:0:0:1, 0:0:0:0:0, 1:0:0:0:3, 1:0:0:0:1, 1:0:0:0:1, 0:0:0:0:0, 1:0:0:0:2, 0:0:0:0:0, 1:0:0:0:1, 1:0:0:0:2, 1:0:0:0:1, 2:0:0:0:1, 0:0:0:0:0, 3:0:0:0:4, 1:0:0:0:1, 0:0:0:0:0, 1:0:0:0:1, 0:0:0:0:0, 2:0:0:0:2, 1:0:0:0:1, 0:0:0:0:0, 0:0:0:0:0, 1:0:0:0:3, 1:0:0:0:1, 3:0:0:0:1, 1:0:0:0:1, 1:0:0:0:1, 2:0:0:0:1, 0:0:0:0:0, 0:0:0:0:0, 1:0:0:0:3, 1:0:0:0:1, 0:0:0:0:0, 0:0:0:0:0, 1:0:0:0:1, 1:0:0:0:1, 1:0:0:0:2, 1:0:0:0:1, 2:0:0:0:3, 0:0:0:0:0, 1:0:0:0:1, 1:0:0:0:1, 0:0:0:0:0, 0:0:0:0:0, 2:0:0:0:1, 4:0:0:0:5, 1:0:0:0:1, 2:0:0:0:1, 1:0:0:0:1, 0:0:0:0:0, 2:0:0:0:1, 1:0:0:0:1, 1:0:0:0:3, 0:0:0:0:0, 2:0:0:0:4, 0:0:0:0:0, 1:0:0:0:1, 1:0:0:0:1, 0:0:0:0:0, 0:0:0:0:0, 2:0:0:0:2, 2:0:0:0:1, 1:0:0:0:3, 1:0:0:0:1, 1:0:0:0:1, 2:0:0:0:2, 1:0:0:0:1, 1:0:0:0:1, 1:0:0:0:1, 1:0:0:0:1, 2:1:0:0:4, 0:0:0:0:0, 1:0:0:0:1, 1:0:0:0:1, 0:0:0:0:0, 2:0:0:0:1, 2:0:0:0:1, 4:0:0:0:4, 1:0:0:0:1, 0:0:0:0:0, 1:0:0:0:1, 2:0:0:0:0, 3:0:0:0:2, 2:0:0:0:1, 2:0:0:0:3, 0:0:0:0:0, 2:0:0:0:4, 2:0:0:0:2, 2:0:0:0:2, 2:0:0:0:2, 0:0:0:0:0, 2:0:0:0:1, 1:0:0:0:1, 0:0:0:0:0, 2:0:0:0:2, 0:0:0:0:0, 3:0:0:0:1, 1:0:0:0:1, 1:0:0:0:3, 1:0:0:0:1, 1:0:0:0:1, 0:0:0:0:0, 2:0:0:0:1, 0:0:0:0:0, 1:0:0:0:1, 1:0:0:0:1, 1:0:0:0:1, 2:0:0:0:1, 0:0:0:0:0, 3:0:0:0:4, 1:0:0:0:1, 0:0:0:0:0, 1:0:0:0:1, 0:0:0:0:0, 2:0:0:0:3, 1:0:0:0:1, 0:0:0:0:0, 0:0:0:0:0, 1:0:0:0:3, 1:0:0:0:1, 1:0:0:0:1, 1:0:0:0:1, 2:1:0:0:3, 2:0:0:0:1, 0:0:0:0:0, 0:0:0:0:0, 1:0:0:0:3, 1:0:0:0:1, 0:0:0:0:0, 0:0:0:0:0, 1:0:0:0:1, 1:0:0:0:1, 1:0:0:0:2, 1:0:0:0:1, 2:0:0:0:3, 0:0:0:0:0, 1:0:0:0:1, 1:0:0:0:1, 0:0:0:0:0, 0:0:0:0:0, 2:0:0:0:1, 4:0:0:0:5, 1:0:0:0:1, 2:0:0:0:1, 1:0:0:0:1, 0:0:0:0:0, 2:0:0:0:1, 1:0:0:0:1, 2:0:0:0:3, 0:0:0:0:0, 1:0:0:0:3, 0:0:0:0:0, 1:0:0:0:1, 1:0:0:0:1, 0:0:0:0:0, 0:0:0:0:0, 2:0:0:0:2, 1:0:0:0:0, 1:0:0:0:3, 1:0:0:0:1, 1:0:0:0:1, 2:0:0:0:2, 1:0:0:0:1, 1:0:0:0:1, 1:0:0:0:1, 2:0:0:0:2, 2:1:0:0:5, 0:0:0:0:0, 1:0:0:0:1, 1:0:0:0:1, 1:0:0:0:1, 2:0:0:0:1, 2:0:0:0:1, 4:0:0:0:4, 2:0:0:0:2, 0:0:0:0:0, 1:0:0:0:1, 2:0:0:0:0, 3:0:0:0:2, 2:0:0:0:1, 2:0:0:0:3, 0:0:0:0:0, 1:0:0:0:3, 1:0:0:0:1, 2:0:0:0:2, 2:0:0:0:2, 0:0:0:0:0, 1:0:0:0:0, 0:0:0:0:0, 0:0:0:0:0, 0:0:0:0:0, 0:0:0:0:0, 3:0:1:0:3, 0:0:0:0:0, 0:0:0:0:0, 0:0:0:0:0, 351:7:5:0:373
G# minor (5#), 3:1:0:0:2, 3:0:0:0:2, 2:1:1:0:2, 0:0:0:0:0, 2:1:0:0:2, 3:0:0:0:0, 3:0:0:0:0, 3:0:0:0:3, 2:1:0:0:2, 3:0:0:0:2, 3:1:1:0:3, 0:0:0:0:0, 4:1:0:0:1, 2:0:0:0:1, 3:0:0:0:2, 3:1:1:0:2, 2:0:0:0:3, 3:1:0:0:2, 1:0:0:0:0, 3:2:0:0:2, 4:1:0:0:3, 3:1:0:0:1, 2:0:0:0:1, 5:0:0:0:2, 3:1:1:0:2, 4:0:0:0:2, 3:1:1:0:2, 0:0:0:0:0, 2:1:0:0:2, 1:0:0:0:0, 3:0:0:0:2, 3:1:0:0:2, 2:0:0:0:0, 3:0:0:0:3, 3:1:0:0:1, 3:1:0:0:2, 2:0:0:0:0, 0:0:0:0:0, 1:1:0:0:1, 1:1:0:0:1, 3:1:1:0:2, 2:0:0:0:2, 2:1:1:0:2, 1:0:1:0:0, 3:1:1:0:2, 2:0:0:0:1, 3:0:0:0:1, 4:0:0:0:2, 4:1:1:0:2, 4:0:0:0:2, 3:1:0:0:1, 1:0:0:0:0, 3:1:1:0:2, 3:0:0:0:1, 3:0:0:0:2, 3:1:1:0:2, 3:0:0:0:3, 4:1:0:0:2, 2:0:0:0:0, 3:2:0:0:2, 2:0:0:0:3, 4:1:0:0:1, 2:0:0:0:0, 4:0:0:0:1, 2:1:0:0:3, 4:1:0:0:3, 3:1:0:0:1, 1:0:0:0:0, 3:1:1:0:2, 2:0:0:0:1, 4:0:0:0:2, 4:1:1:0:2, 3:1:0:0:2, 3:0:0:0:2, 2:1:0:0:1, 0:0:0:0:0, 3:1:1:0:2, 3:0:0:0:1, 3:0:0:0:1, 4:0:0:0:1, 2:1:0:0:1, 3:0:0:0:2, 3:1:1:0:2, 1:0:0:0:0, 2:1:0:0:2, 2:0:0:0:1, 2:0:0:0:3, 2:1:0:0:1, 3:0:0:0:2, 5:1:0:0:2, 1:0:0:0:0, 3:2:0:0:2, 3:0:0:0:2, 5:1:0:0:2, 1:0:0:0:0, 2:0:0:0:2, 2:1:0:0:1, 5:0:0:0:1, 2:1:0:0:2, 0:0:0:0:0, 3:1:0:0:2, 2:0:0:0:1, 3:1:0:0:2, 3:1:0:0:3, 3:1:0:0:2, 3:0:0:0:2, 2:1:0:0:2, 0:0:0:0:0, 2:1:0:0:3, 2:0:0:0:0, 2:0:0:0:1, 2:0:0:0:2, 3:1:1:0:2, 3:0:0:0:2, 2:1:1:0:2, 1:0:1:0:0, 3:1:1:0:3, 3:0:0:0:1, 3:0:0:0:2, 2:1:1:0:2, 4:0:0:0:2, 2:1:0:0:3, 2:0:0:0:0, 2:2:0:0:2, 2:0:0:0:3, 3:1:0:0:2, 2:0:0:0:1, 4:0:0:0:1, 3:1:0:0:2, 2:0:0:0:2, 2:1:0:0:1, 0:0:0:0:0, 3:1:1:0:2, 2:0:0:0:0, 3:0:0:0:2, 4:1:1:0:2, 2:1:0:0:2, 2:0:0:0:2, 2:1:0:0:2, 0:0:0:0:0, 2:1:0:0:2, 2:1:0:0:1, 3:0:0:0:1, 3:0:0:0:1, 3:1:1:0:2, 3:0:0:0:2, 3:1:0:0:2, 0:0:0:0:0, 2:1:0:0:2, 4:0:0:0:1, 3:0:0:0:2, 3:1:0:0:2, 2:0:0:0:2, 4:1:0:0:2, 2:0:0:0:0, 3:2:0:0:2, 4:0:0:0:2, 3:1:0:0:2, 2:0:0:0:2, 3:0:0:0:3, 3:1:1:0:2, 3:0:0:0:2, 2:1:1:0:2, 0:0:0:0:0, 3:1:0:0:2, 2:0:0:0:1, 3:0:0:0:2, 2:1:0:0:2, 2:1:0:0:2, 4:0:0:0:1, 3:1:0:0:2, 0:0:0:0:0, 3:1:1:0:2, 3:0:0:0:1, 2:0:0:0:0, 2:0:0:0:2, 3:1:1:0:2, 2:0:0:0:2, 3:1:0:0:1, 1:0:0:0:0, 2:1:1:0:2, 3:0:0:0:1, 3:0:0:0:2, 2:1:1:0:2, 4:0:0:0:2, 2:2:0:0:2, 2:0:0:0:1, 4:2:0:0:2, 2:0:0:0:2, 4:1:0:0:2, 2:0:0:0:0, 4:0:0:0:3, 3:2:0:0:2, 4:0:0:0:2, 2:1:0:0:2, 1:0:0:0:0, 4:2:0:0:3, 4:0:0:0:0, 3:0:0:0:2, 2:1:1:0:1, 3:1:0:0:2, 3:0:0:0:2, 2:1:0:0:2, 0:0:0:0:0, 2:1:0:0:3, 2:0:0:0:0, 3:0:0:0:1, 2:0:0:0:2, 3:1:1:0:2, 3:0:0:0:2, 2:1:1:0:2, 1:0:1:0:0, 3:1:1:0:3, 3:0:0:0:1, 3:0:0:0:2, 2:1:1:0:2, 4:0:0:0:2, 2:1:0:0:3, 2:0:0:0:0, 2:2:0:0:2, 2:0:0:0:3, 3:1:0:0:2, 2:0:0:0:1, 4:0:0:0:1, 3:1:0:0:2, 2:0:0:0:2, 2:1:0:0:1, 0:0:0:0:0, 3:1:1:0:2, 2:0:0:0:1, 3:0:0:0:2, 4:1:1:0:2, 2:1:0:0:2, 2:0:0:0:2, 2:1:0:0:2, 0:0:0:0:0, 2:1:0:0:2, 2:1:0:0:1, 3:0:0:0:1, 3:0:0:0:1, 3:1:1:0:2, 3:0:0:0:2, 3:1:0:0:2, 0:0:0:0:0, 2:1:0:0:3, 4:0:0:0:1, 3:0:0:0:2, 3:1:0:0:2, 2:0:0:0:2, 4:1:0:0:2, 2:0:0:0:0, 3:2:0:0:2, 4:0:0:0:2, 3:1:0:0:2, 2:0:0:0:2, 3:0:0:0:3, 3:1:1:0:2, 4:0:0:0:2, 2:1:1:0:2, 0:0:0:0:0, 2:1:0:0:2, 2:0:0:0:1, 3:0:0:0:2, 2:1:0:0:2, 2:1:0:0:2, 4:0:0:0:1, 3:1:0:0:2, 0:0:0:0:0, 3:1:1:0:2, 3:0:0:0:1, 2:0:0:0:0, 2:0:0:0:2, 3:1:1:0:2, 2:0:0:0:2, 4:1:0:0:1, 1:0:0:0:0, 2:1:1:0:2, 3:0:0:0:1, 3:0:0:0:2, 2:1:1:0:2, 4:0:0:0:2, 2:2:0:0:2, 2:0:0:0:1, 4:2:0:0:2, 2:0:0:0:2, 4:1:0:0:2, 3:1:0:0:1, 4:0:0:0:3, 3:2:0:0:2, 4:0:0:0:2, 2:1:0:0:2, 0:0:0:0:0, 3:1:0:0:2, 3:0:0:0:0, 3:0:0:0:2, 2:1:0:0:3, 1:0:0:0:0, 1:0:0:0:4, 1:1:0:0:1, 1:1:0:0:1, 1:0:0:0:0, 2:1:0:0:1, 0:0:0:0:0, 0:0:0:0:0, 0:0:0:0:0, 753:153:45:0:467
Bb minor mel (5b), 1:0:0:0:1, 1:0:0:0:1, 0:0:0:0:0, 2:0:0:0:4, 1:0:0:0:1, 3:0:0:0:1, 1:0:0:0:1, 2:0:0:0:1, 0:0:0:0:0, 1:0:0:0:1, 0:0:0:0:0, 2:0:0:0:4, 1:0:0:0:2, 1:0:0:0:1, 1:0:0:0:1, 3:1:0:0:4, 0:0:0:0:0, 1:0:0:0:1, 2:0:0:0:6, 1:0:0:0:1, 2:0:0:0:1, 2:0:0:0:2, 1:0:0:0:1, 3:0:1:0:2, 1:0:0:0:1, 2:0:0:0:2, 3:1:0:0:4, 2:0:0:0:2, 0:0:0:0:0, 1:0:0:0:1, 2:0:1:0:1, 1:0:0:0:1, 3:0:0:0:2, 1:0:0:0:0, 1:0:0:0:1, 0:0:0:0:0, 1:0:0:0:0, 2:0:0:0:3, 0:0:0:0:0, 0:0:0:0:0, 1:0:0:0:1, 1:0:0:0:1, 0:0:0:0:0, 1:0:0:0:3, 1:0:0:0:1, 0:0:0:0:0, 0:0:0:0:0, 2:0:0:0:2, 3:1:0:0:4, 1:0:0:0:1, 3:0:0:0:1, 2:0:0:0:3, 1:0:0:0:1, 1:0:0:0:0, 1:0:0:0:1, 1:0:0:0:0, 1:0:0:0:0, 2:0:0:0:1, 4:0:0:0:6, 1:0:0:0:1, 0:0:0:0:0, 2:0:0:0:2, 3:0:0:0:2, 1:0:0:0:1, 0:0:0:0:0, 1:0:0:0:1, 1:0:0:0:1, 2:0:0:0:3, 1:0:0:0:1, 1:0:0:0:1, 2:0:0:0:2, 2:0:0:0:1, 2:0:0:0:2, 1:0:0:0:1, 0:0:0:0:0, 1:0:0:0:3, 1:0:0:0:1, 1:0:0:0:1, 1:0:0:0:1, 2:0:0:0:2, 0:0:0:0:0, 2:0:1:0:1, 3:1:0:0:4, 2:0:0:0:3, 1:0:0:0:1, 1:0:0:0:1, 1:0:0:0:2, 1:0:0:0:1, 1:0:0:0:1, 3:0:0:0:2, 2:0:0:0:6, 0:0:0:0:0, 1:0:0:0:1, 3:0:0:0:2, 0:0:0:0:0, 1:0:0:0:2, 0:0:0:0:0, 4:0:0:0:3, 0:0:0:0:0, 1:0:0:0:2, 1:0:1:0:0, 1:0:0:0:1, 0:0:0:0:0, 2:0:0:0:2, 2:0:0:0:1, 1:0:0:0:1, 0:0:0:0:0, 1:0:0:0:3, 0:0:0:0:0, 3:0:0:0:1, 0:0:0:0:0, 1:0:0:0:3, 1:0:0:0:1, 1:0:0:0:1, 0:0:0:0:0, 1:0:0:0:2, 0:0:0:0:0, 1:0:0:0:1, 1:0:0:0:2, 1:0:0:0:1, 2:0:0:0:1, 0:0:0:0:0, 3:0:0:0:4, 1:0:0:0:1, 0:0:0:0:0, 1:0:0:0:1, 0:0:0:0:0, 2:0:0:0:2, 1:0:0:0:1, 0:0:0:0:0, 0:0:0:0:0, 1:0:0:0:3, 1:0:0:0:1, 3:0:0:0:1, 1:0:0:0:1, 1:0:0:0:1, 2:0:0:0:1, 0:0:0:0:0, 0:0:0:0:0, 1:0:0:0:3, 1:0:0:0:1, 0:0:0:0:0, 0:0:0:0:0, 1:0:0:0:1, 1:0:0:0:1, 1:0:0:0:2, 1:0:0:0:1, 2:0:0:0:3, 0:0:0:0:0, 1:0:0:0:1, 1:0:0:0:1, 0:0:0:0:0, 0:0:0:0:0, 2:0:0:0:1, 4:0:0:0:5, 1:0:0:0:1, 2:0:0:0:1, 1:0:0:0:1, 0:0:0:0:0, 2:0:0:0:1, 1:0:0:0:1, 1:0:0:0:3, 0:0:0:0:0, 2:0:0:0:4, 0:0:0:0:0, 1:0:0:0:1, 1:0:0:0:1, 0:0:0:0:0, 0:0:0:0:0, 2:0:0:0:2, 2:0:0:0:1, 1:0:0:0:3, 1:0:0:0:1, 1:0:0:0:1, 2:0:0:0:2, 1:0:0:0:1, 1:0:0:0:1, 1:0:0:0:1, 1:0:0:0:1, 2:1:0:0:4, 0:0:0:0:0, 1:0:0:0:1, 1:0:0:0:1, 0:0:0:0:0, 2:0:0:0:1, 2:0:0:0:1, 4:0:0:0:4, 1:0:0:0:1, 0:0:0:0:0, 1:0:0:0:1, 2:0:0:0:0, 3:0:0:0:2, 2:0:0:0:1, 2:0:0:0:3, 0:0:0:0:0, 2:0:0:0:4, 2:0:0:0:2, 2:0:0:0:2, 2:0:0:0:2, 0:0:0:0:0, 2:0:0:0:1, 1:0:0:0:1, 0:0:0:0:0, 2:0:0:0:2, 0:0:0:0:0, 3:0:0:0:1, 1:0:0:0:1, 1:0:0:0:3, 1:0:0:0:1, 1:0:0:0:1, 0:0:0:0:0, 2:0:0:0:1, 0:0:0:0:0, 1:0:0:0:1, 1:0:0:0:1, 1:0:0:0:1, 2:0:0:0:1, 0:0:0:0:0, 3:0:0:0:4, 1:0:0:0:1, 0:0:0:0:0, 1:0:0:0:1, 0:0:0:0:0, 2:0:0:0:3, 1:0:0:0:1, 0:0:0:0:0, 0:0:0:0:0, 1:0:0:0:3, 1:0:0:0:1, 1:0:0:0:1, 1:0:0:0:1, 2:1:0:0:3, 2:0:0:0:1, 0:0:0:0:0, 0:0:0:0:0, 1:0:0:0:3, 1:0:0:0:1, 0:0:0:0:0, 0:0:0:0:0, 1:0:0:0:1, 1:0:0:0:1, 1:0:0:0:2, 1:0:0:0:1, 2:0:0:0:3, 0:0:0:0:0, 1:0:0:0:1, 1:0:0:0:1, 0:0:0:0:0, 0:0:0:0:0, 2:0:0:0:1, 4:0:0:0:5, 1:0:0:0:1, 2:0:0:0:1, 1:0:0:0:1, 0:0:0:0:0, 2:0:0:0:1, 1:0:0:0:1, 2:0:0:0:3, 0:0:0:0:0, 1:0:0:0:3, 0:0:0:0:0, 1:0:0:0:1, 1:0:0:0:1, 0:0:0:0:0, 0:0:0:0:0, 2:0:0:0:2, 1:0:0:0:0, 1:0:0:0:3, 1:0:0:0:1, 1:0:0:0:1, 2:0:0:0:2, 1:0:0:0:1, 1:0:0:0:1, 1:0:0:0:1, 2:0:0:0:2, 2:1:0:0:5, 0:0:0:0:0, 1:0:0:0:1, 1:0:0:0:1, 1:0:0:0:1, 2:0:0:0:1, 2:0:0:0:1, 4:0:0:0:4, 2:0:0:0:2, 0:0:0:0:0, 1:0:0:0:1, 2:0:0:0:0, 3:0:0:0:2, 2:0:0:0:1, 2:0:0:0:3, 0:0:0:0:0, 1:0:0:0:3, 1:0:0:0:1, 2:0:0:0:2, 2:0:0:0:2, 0:0:0:0:0, 1:0:0:0:0, 0:0:0:0:0, 0:0:0:0:0, 0:0:0:0:0, 0:0:0:0:0, 3:0:1:0:3, 0:0:0:0:0, 0:0:0:0:0, 0:0:0:0:0, 351:7:5:0:373
G# minor mel (5#), 3:1:0:0:2, 3:0:0:0:2, 2:1:1:0:2, 0:0:0:0:0, 2:1:0:0:2, 3:0:0:0:0, 3:0:0:0:0, 3:0:0:0:3, 2:1:0:0:2, 3:0:0:0:2, 3:1:1:0:3, 0:0:0:0:0, 4:1:0:0:1, 2:0:0:0:1, 3:0:0:0:2, 3:1:1:0:2, 2:0:0:0:3, 3:1:0:0:2, 1:0:0:0:0, 3:2:0:0:2, 4:1:0:0:3, 3:1:0:0:1, 2:0:0:0:1, 5:0:0:0:2, 3:1:1:0:2, 4:0:0:0:2, 3:1:1:0:2, 0:0:0:0:0, 2:1:0:0:2, 1:0:0:0:0, 3:0:0:0:2, 3:1:0:0:2, 2:0:0:0:0, 3:0:0:0:3, 3:1:0:0:1, 3:1:0:0:2, 2:0:0:0:0, 0:0:0:0:0, 1:1:0:0:1, 1:1:0:0:1, 3:1:1:0:2, 2:0:0:0:2, 2:1:1:0:2, 1:0:1:0:0, 3:1:1:0:2, 2:0:0:0:1, 3:0:0:0:1, 4:0:0:0:2, 4:1:1:0:2, 4:0:0:0:2, 3:1:0:0:1, 1:0:0:0:0, 3:1:1:0:2, 3:0:0:0:1, 3:0:0:0:2, 3:1:1:0:2, 3:0:0:0:3, 4:1:0:0:2, 2:0:0:0:0, 3:2:0:0:2, 2:0:0:0:3, 4:1:0:0:1, 2:0:0:0:0, 4:0:0:0:1, 2:1:0:0:3, 4:1:0:0:3, 3:1:0:0:1, 1:0:0:0:0, 3:1:1:0:2, 2:0:0:0:1, 4:0:0:0:2, 4:1:1:0:2, 3:1:0:0:2, 3:0:0:0:2, 2:1:0:0:1, 0:0:0:0:0, 3:1:1:0:2, 3:0:0:0:1, 3:0:0:0:1, 4:0:0:0:1, 2:1:0:0:1, 3:0:0:0:2, 3:1:1:0:2, 1:0:0:0:0, 2:1:0:0:2, 2:0:0:0:1, 2:0:0:0:3, 2:1:0:0:1, 3:0:0:0:2, 5:1:0:0:2, 1:0:0:0:0, 3:2:0:0:2, 3:0:0:0:2, 5:1:0:0:2, 1:0:0:0:0, 2:0:0:0:2, 2:1:0:0:1, 5:0:0:0:1, 2:1:0:0:2, 0:0:0:0:0, 3:1:0:0:2, 2:0:0:0:1, 3:1:0:0:2, 3:1:0:0:3, 3:1:0:0:2, 3:0:0:0:2, 2:1:0:0:2, 0:0:0:0:0, 2:1:0:0:3, 2:0:0:0:0, 2:0:0:0:1, 2:0:0:0:2, 3:1:1:0:2, 3:0:0:0:2, 2:1:1:0:2, 1:0:1:0:0, 3:1:1:0:3, 3:0:0:0:1, 3:0:0:0:2, 2:1:1:0:2, 4:0:0:0:2, 2:1:0:0:3, 2:0:0:0:0, 2:2:0:0:2, 2:0:0:0:3, 3:1:0:0:2, 2:0:0:0:1, 4:0:0:0:1, 3:1:0:0:2, 2:0:0:0:2, 2:1:0:0:1, 0:0:0:0:0, 3:1:1:0:2, 2:0:0:0:0, 3:0:0:0:2, 4:1:1:0:2, 2:1:0:0:2, 2:0:0:0:2, 2:1:0:0:2, 0:0:0:0:0, 2:1:0:0:2, 2:1:0:0:1, 3:0:0:0:1, 3:0:0:0:1, 3:1:1:0:2, 3:0:0:0:2, 3:1:0:0:2, 0:0:0:0:0, 2:1:0:0:2, 4:0:0:0:1, 3:0:0:0:2, 3:1:0:0:2, 2:0:0:0:2, 4:1:0:0:2, 2:0:0:0:0, 3:2:0:0:2, 4:0:0:0:2, 3:1:0:0:2, 2:0:0:0:2, 3:0:0:0:3, 3:1:1:0:2, 3:0:0:0:2, 2:1:1:0:2, 0:0:0:0:0, 3:1:0:0:2, 2:0:0:0:1, 3:0:0:0:2, 2:1:0:0:2, 2:1:0:0:2, 4:0:0:0:1, 3:1:0:0:2, 0:0:0:0:0, 3:1:1:0:2, 3:0:0:0:1, 2:0:0:0:0, 2:0:0:0:2, 3:1:1:0:2, 2:0:0:0:2, 3:1:0:0:1, 1:0:0:0:0, 2:1:1:0:2, 3:0:0:0:1, 3:0:0:0:2, 2:1:1:0:2, 4:0:0:0:2, 2:2:0:0:2, 2:0:0:0:1, 4:2:0:0:2, 2:0:0:0:2, 4:1:0:0:2, 2:0:0:0:0, 4:0:0:0:3, 3:2:0:0:2, 4:0:0:0:2, 2:1:0:0:2, 1:0:0:0:0, 4:2:0:0:3, 4:0:0:0:0, 3:0:0:0:2, 2:1:1:0:1, 3:1:0:0:2, 3:0:0:0:2, 2:1:0:0:2, 0:0:0:0:0, 2:1:0:0:3, 2:0:0:0:0, 3:0:0:0:1, 2:0:0:0:2, 3:1:1:0:2, 3:0:0:0:2, 2:1:1:0:2, 1:0:1:0:0, 3:1:1:0:3, 3:0:0:0:1, 3:0:0:0:2, 2:1:1:0:2, 4:0:0:0:2, 2:1:0:0:3, 2:0:0:0:0, 2:2:0:0:2, 2:0:0:0:3, 3:1:0:0:2, 2:0:0:0:1, 4:0:0:0:1, 3:1:0:0:2, 2:0:0:0:2, 2:1:0:0:1, 0:0:0:0:0, 3:1:1:0:2, 2:0:0:0:1, 3:0:0:0:2, 4:1:1:0:2, 2:1:0:0:2, 2:0:0:0:2, 2:1:0:0:2, 0:0:0:0:0, 2:1:0:0:2, 2:1:0:0:1, 3:0:0:0:1, 3:0:0:0:1, 3:1:1:0:2, 3:0:0:0:2, 3:1:0:0:2, 0:0:0:0:0, 2:1:0:0:3, 4:0:0:0:1, 3:0:0:0:2, 3:1:0:0:2, 2:0:0:0:2, 4:1:0:0:2, 2:0:0:0:0, 3:2:0:0:2, 4:0:0:0:2, 3:1:0:0:2, 2:0:0:0:2, 3:0:0:0:3, 3:1:1:0:2, 4:0:0:0:2, 2:1:1:0:2, 0:0:0:0:0, 2:1:0:0:2, 2:0:0:0:1, 3:0:0:0:2, 2:1:0:0:2, 2:1:0:0:2, 4:0:0:0:1, 3:1:0:0:2, 0:0:0:0:0, 3:1:1:0:2, 3:0:0:0:1, 2:0:0:0:0, 2:0:0:0:2, 3:1:1:0:2, 2:0:0:0:2, 4:1:0:0:1, 1:0:0:0:0, 2:1:1:0:2, 3:0:0:0:1, 3:0:0:0:2, 2:1:1:0:2, 4:0:0:0:2, 2:2:0:0:2, 2:0:0:0:1, 4:2:0:0:2, 2:0:0:0:2, 4:1:0:0:2, 3:1:0:0:1, 4:0:0:0:3, 3:2:0:0:2, 4:0:0:0:2, 2:1:0:0:2, 0:0:0:0:0, 3:1:0:0:2, 3:0:0:0:0, 3:0:0:0:2, 2:1:0:0:3, 1:0:0:0:0, 1:0:0:0:4, 1:1:0:0:1, 1:1:0:0:1, 1:0:0:0:0, 2:1:0:0:1, 0:0:0:0:0, 0:0:0:0:0, 0:0:0:0:0, 753:153:45:0:467
Db major blues (5b), 1:0:0:0:1, 1:0:0:0:1, 0:0:0:0:0, 2:0:0:0:4, 1:0:0:0:1, 3:0:0:0:1, 1:0:0:0:1, 2:0:0:0:1, 0:0:0:0:0, 1:0:0:0:1, 0:0:0:0:0, 2:0:0:0:4, 1:0:0:0:2, 1:0:0:0:1, 1:0:0:0:1, 3:1:0:0:4, 0:0:0:0:0, 1:0:0:0:1, 2:0:0:0:6, 1:0:0:0:1, 2:0:0:0:1, 2:0:0:0:2, 1:0:0:0:1, 3:0:1:0:2, 1:0:0:0:1, 2:0:0:0:2, 3:1:0:0:4, 2:0:0:0:2, 0:0:0:0:0, 1:0:0:0:1, 2:0:1:0:1, 1:0:0:0:1, 3:0:0:0:2, 1:0:0:0:0, 1:0:0:0:1, 0:0:0:0:0, 1:0:0:0:0, 2:0:0:0:3, 0:0:0:0:0, 0:0:0:0:0, 1:0:0:0:1, 1:0:0:0:1, 0:0:0:0:0, 1:0:0:0:3, 1:0:0:0:1, 0:0:0:0:0, 0:0:0:0:0, 2:0:0:0:2, 3:1:0:0:4, 1:0:0:0:1, 3:0:0:0:1, 2:0:0:0:3, 1:0:0:0:1, 1:0:0:0:0, 1:0:0:0:1, 1:0:0:0:0, 1:0:0:0:0, 2:0:0:0:1, 4:0:0:0:6, 1:0:0:0:1, 0:0:0:0:0, 2:0:0:0:2, 3:0:0:0:2, 1:0:0:0:1, 0:0:0:0:0, 1:0:0:0:1, 1:0:0:0:1, 2:0:0:0:3, 1:0:0:0:1, 1:0:0:0:1, 2:0:0:0:2, 2:0:0:0:1, 2:0:0:0:2, 1:0:0:0:1, 0:0:0:0:0, 1:0:0:0:3, 1:0:0:0:1, 1:0:0:0:1, 1:0:0:0:1, 2:0:0:0:2, 0:0:0:0:0, 2:0:1:0:1, 3:1:0:0:4, 2:0:0:0:3, 1:0:0:0:1, 1:0:0:0:1, 1:0:0:0:2, 1:0:0:0:1, 1:0:0:0:1, 3:0:0:0:2, 2:0:0:0:6, 0:0:0:0:0, 1:0:0:0:1, 3:0:0:0:2, 0:0:0:0:0, 1:0:0:0:2, 0:0:0:0:0, 4:0:0:0:3, 0:0:0:0:0, 1:0:0:0:2, 1:0:1:0:0, 1:0:0:0:1, 0:0:0:0:0, 2:0:0:0:2, 2:0:0:0:1, 1:0:0:0:1, 0:0:0:0:0, 1:0:0:0:3, 0:0:0:0:0, 3:0:0:0:1, 0:0:0:0:0, 1:0:0:0:3, 1:0:0:0:1, 1:0:0:0:1, 0:0:0:0:0, 1:0:0:0:2, 0:0:0:0:0, 1:0:0:0:1, 1:0:0:0:2, 1:0:0:0:1, 2:0:0:0:1, 0:0:0:0:0, 3:0:0:0:4, 1:0:0:0:1, 0:0:0:0:0, 1:0:0:0:1, 0:0:0:0:0, 2:0:0:0:2, 1:0:0:0:1, 0:0:0:0:0, 0:0:0:0:0, 1:0:0:0:3, 1:0:0:0:1, 3:0:0:0:1, 1:0:0:0:1, 1:0:0:0:1, 2:0:0:0:1, 0:0:0:0:0, 0:0:0:0:0, 1:0:0:0:3, 1:0:0:0:1, 0:0:0:0:0, 0:0:0:0:0, 1:0:0:0:1, 1:0:0:0:1, 1:0:0:0:2, 1:0:0:0:1, 2:0:0:0:3, 0:0:0:0:0, 1:0:0:0:1, 1:0:0:0:1, 0:0:0:0:0, 0:0:0:0:0, 2:0:0:0:1, 4:0:0:0:5, 1:0:0:0:1, 2:0:0:0:1, 1:0:0:0:1, 0:0:0:0:0, 2:0:0:0:1, 1:0:0:0:1, 1:0:0:0:3, 0:0:0:0:0, 2:0:0:0:4, 0:0:0:0:0, 1:0:0:0:1, 1:0:0:0:1, 0:0:0:0:0, 0:0:0:0:0, 2:0:0:0:2, 2:0:0:0:1, 1:0:0:0:3, 1:0:0:0:1, 1:0:0:0:1, 2:0:0:0:2, 1:0:0:0:1, 1:0:0:0:1, 1:0:0:0:1, 1:0:0:0:1, 2:1:0:0:4, 0:0:0:0:0, 1:0:0:0:1, 1:0:0:0:1, 0:0:0:0:0, 2:0:0:0:1, 2:0:0:0:1, 4:0:0:0:4, 1:0:0:0:1, 0:0:0:0:0, 1:0:0:0:1, 2:0:0:0:0, 3:0:0:0:2, 2:0:0:0:1, 2:0:0:0:3, 0:0:0:0:0, 2:0:0:0:4, 2:0:0:0:2, 2:0:0:0:2, 2:0:0:0:2, 0:0:0:0:0, 2:0:0:0:1, 1:0:0:0:1, 0:0:0:0:0, 2:0:0:0:2, 0:0:0:0:0, 3:0:0:0:1, 1:0:0:0:1, 1:0:0:0:3, 1:0:0:0:1, 1:0:0:0:1, 0:0:0:0:0, 2:0:0:0:1, 0:0:0:0:0, 1:0:0:0:1, 1:0:0:0:1, 1:0:0:0:1, 2:0:0:0:1, 0:0:0:0:0, 3:0:0:0:4, 1:0:0:0:1, 0:0:0:0:0, 1:0:0:0:1, 0:0:0:0:0, 2:0:0:0:3, 1:0:0:0:1, 0:0:0:0:0, 0:0:0:0:0, 1:0:0:0:3, 1:0:0:0:1, 1:0:0:0:1, 1:0:0:0:1, 2:1:0:0:3, 2:0:0:0:1, 0:0:0:0:0, 0:0:0:0:0, 1:0:0:0:3, 1:0:0:0:1, 0:0:0:0:0, 0:0:0:0:0, 1:0:0:0:1, 1:0:0:0:1, 1:0:0:0:2, 1:0:0:0:1, 2:0:0:0:3, 0:0:0:0:0, 1:0:0:0:1, 1:0:0:0:1, 0:0:0:0:0, 0:0:0:0:0, 2:0:0:0:1, 4:0:0:0:5, 1:0:0:0:1, 2:0:0:0:1, 1:0:0:0:1, 0:0:0:0:0, 2:0:0:0:1, 1:0:0:0:1, 2:0:0:0:3, 0:0:0:0:0, 1:0:0:0:3, 0:0:0:0:0, 1:0:0:0:1, 1:0:0:0:1, 0:0:0:0:0, 0:0:0:0:0, 2:0:0:0:2, 1:0:0:0:0, 1:0:0:0:3, 1:0:0:0:1, 1:0:0:0:1, 2:0:0:0:2, 1:0:0:0:1, 1:0:0:0:1, 1:0:0:0:1, 2:0:0:0:2, 2:1:0:0:5, 0:0:0:0:0, 1:0:0:0:1, 1:0:0:0:1, 1:0:0:0:1, 2:0:0:0:1, 2:0:0:0:1, 4:0:0:0:4, 2:0:0:0:2, 0:0:0:0:0, 1:0:0:0:1, 2:0:0:0:0, 3:0:0:0:2, 2:0:0:0:1, 2:0:0:0:3, 0:0:0:0:0, 1:0:0:0:3, 1:0:0:0:1, 2:0:0:0:2, 2:0:0:0:2, 0:0:0:0:0, 1:0:0:0:0, 0:0:0:0:0, 0:0:0:0:0, 0:0:0:0:0, 0:0:0:0:0, 3:0:1:0:3, 0:0:0:0:0, 0:0:0:0:0, 0:0:0:0:0, 351:7:5:0:373
B major blues (5#), 3:1:0:0:2, 3:0:0:0:2, 2:1:1:0:2, 0:0:0:0:0, 2:1:0:0:2, 3:0:0:0:0, 3:0:0:0:0, 3:0:0:0:3, 2:1:0:0:2, 3:0:0:0:2, 3:1:1:0:3, 0:0:0:0:0, 4:1:0:0:1, 2:0:0:0:1, 3:0:0:0:2, 3:1:1:0:2, 2:0:0:0:3, 3:1:0:0:2, 1:0:0:0:0, 3:2:0:0:2, 4:1:0:0:3, 3:1:0:0:1, 2:0:0:0:1, 5:0:0:0:2, 3:1:1:0:2, 4:0:0:0:2, 3:1:1:0:2, 0:0:0:0:0, 2:1:0:0:2, 1:0:0:0:0, 3:0:0:0:2, 3:1:0:0:2, 2:0:0:0:0, 3:0:0:0:3, 3:1:0:0:1, 3:1:0:0:2, 2:0:0:0:0, 0:0:0:0:0, 1:1:0:0:1, 1:1:0:0:1, 3:1:1:0:2, 2:0:0:0:2, 2:1:1:0:2, 1:0:1:0:0, 3:1:1:0:2, 2:0:0:0:1, 3:0:0:0:1, 4:0:0:0:2, 4:1:1:0:2, 4:0:0:0:2, 3:1:0:0:1, 1:0:0:0:0, 3:1:1:0:2, 3:0:0:0:1, 3:0:0:0:2, 3:1:1:0:2, 3:0:0:0:3, 4:1:0:0:2, 2:0:0:0:0, 3:2:0:0:2, 2:0:0:0:3, 4:1:0:0:1, 2:0:0:0:0, 4:0:0:0:1, 2:1:0:0:3, 4:1:0:0:3, 3:1:0:0:1, 1:0:0:0:0, 3:1:1:0:2, 2:0:0:0:1, 4:0:0:0:2, 4:1:1:0:2, 3:1:0:0:2, 3:0:0:0:2, 2:1:0:0:1, 0:0:0:0:0, 3:1:1:0:2, 3:0:0:0:1, 3:0:0:0:1, 4:0:0:0:1, 2:1:0:0:1, 3:0:0:0:2, 3:1:1:0:2, 1:0:0:0:0, 2:1:0:0:2, 2:0:0:0:1, 2:0:0:0:3, 2:1:0:0:1, 3:0:0:0:2, 5:1:0:0:2, 1:0:0:0:0, 3:2:0:0:2, 3:0:0:0:2, 5:1:0:0:2, 1:0:0:0:0, 2:0:0:0:2, 2:1:0:0:1, 5:0:0:0:1, 2:1:0:0:2, 0:0:0:0:0, 3:1:0:0:2, 2:0:0:0:1, 3:1:0:0:2, 3:1:0:0:3, 3:1:0:0:2, 3:0:0:0:2, 2:1:0:0:2, 0:0:0:0:0, 2:1:0:0:3, 2:0:0:0:0, 2:0:0:0:1, 2:0:0:0:2, 3:1:1:0:2, 3:0:0:0:2, 2:1:1:0:2, 1:0:1:0:0, 3:1:1:0:3, 3:0:0:0:1, 3:0:0:0:2, 2:1:1:0:2, 4:0:0:0:2, 2:1:0:0:3, 2:0:0:0:0, 2:2:0:0:2, 2:0:0:0:3, 3:1:0:0:2, 2:0:0:0:1, 4:0:0:0:1, 3:1:0:0:2, 2:0:0:0:2, 2:1:0:0:1, 0:0:0:0:0, 3:1:1:0:2, 2:0:0:0:0, 3:0:0:0:2, 4:1:1:0:2, 2:1:0:0:2, 2:0:0:0:2, 2:1:0:0:2, 0:0:0:0:0, 2:1:0:0:2, 2:1:0:0:1, 3:0:0:0:1, 3:0:0:0:1, 3:1:1:0:2, 3:0:0:0:2, 3:1:0:0:2, 0:0:0:0:0, 2:1:0:0:2, 4:0:0:0:1, 3:0:0:0:2, 3:1:0:0:2, 2:0:0:0:2, 4:1:0:0:2, 2:0:0:0:0, 3:2:0:0:2, 4:0:0:0:2, 3:1:0:0:2, 2:0:0:0:2, 3:0:0:0:3, 3:1:1:0:2, 3:0:0:0:2, 2:1:1:0:2, 0:0:0:0:0, 3:1:0:0:2, 2:0:0:0:1, 3:0:0:0:2, 2:1:0:0:2, 2:1:0:0:2, 4:0:0:0:1, 3:1:0:0:2, 0:0:0:0:0, 3:1:1:0:2, 3:0:0:0:1, 2:0:0:0:0, 2:0:0:0:2, 3:1:1:0:2, 2:0:0:0:2, 3:1:0:0:1, 1:0:0:0:0, 2:1:1:0:2, 3:0:0:0:1, 3:0:0:0:2, 2:1:1:0:2, 4:0:0:0:2, 2:2:0:0:2, 2:0:0:0:1, 4:2:0:0:2, 2:0:0:0:2, 4:1:0:0:2, 2:0:0:0:0, 4:0:0:0:3, 3:2:0:0:2, 4:0:0:0:2, 2:1:0:0:2, 1:0:0:0:0, 4:2:0:0:3, 4:0:0:0:0, 3:0:0:0:2, 2:1:1:0:1, 3:1:0:0:2, 3:0:0:0:2, 2:1:0:0:2, 0:0:0:0:0, 2:1:0:0:3, 2:0:0:0:0, 3:0:0:0:1, 2:0:0:0:2, 3:1:1:0:2, 3:0:0:0:2, 2:1:1:0:2, 1:0:1:0:0, 3:1:1:0:3, 3:0:0:0:1, 3:0:0:0:2, 2:1:1:0:2, 4:0:0:0:2, 2:1:0:0:3, 2:0:0:0:0, 2:2:0:0:2, 2:0:0:0:3, 3:1:0:0:2, 2:0:0:0:1, 4:0:0:0:1, 3:1:0:0:2, 2:0:0:0:2, 2:1:0:0:1, 0:0:0:0:0, 3:1:1:0:2, 2:0:0:0:1, 3:0:0:0:2, 4:1:1:0:2, 2:1:0:0:2, 2:0:0:0:2, 2:1:0:0:2, 0:0:0:0:0, 2:1:0:0:2, 2:1:0:0:1, 3:0:0:0:1, 3:0:0:0:1, 3:1:1:0:2, 3:0:0:0:2, 3:1:0:0:2, 0:0:0:0:0, 2:1:0:0:3, 4:0:0:0:1, 3:0:0:0:2, 3:1:0:0:2, 2:0:0:0:2, 4:1:0:0:2, 2:0:0:0:0, 3:2:0:0:2, 4:0:0:0:2, 3:1:0:0:2, 2:0:0:0:2, 3:0:0:0:3, 3:1:1:0:2, 4:0:0:0:2, 2:1:1:0:2, 0:0:0:0:0, 2:1:0:0:2, 2:0:0:0:1, 3:0:0:0:2, 2:1:0:0:2, 2:1:0:0:2, 4:0:0:0:1, 3:1:0:0:2, 0:0:0:0:0, 3:1:1:0:2, 3:0:0:0:1, 2:0:0:0:0, 2:0:0:0:2, 3:1:1:0:2, 2:0:0:0:2, 4:1:0:0:1, 1:0:0:0:0, 2:1:1:0:2, 3:0:0:0:1, 3:0:0:0:2, 2:1:1:0:2, 4:0:0:0:2, 2:2:0:0:2, 2:0:0:0:1, 4:2:0:0:2, 2:0:0:0:2, 4:1:0:0:2, 3:1:0:0:1, 4:0:0:0:3, 3:2:0:0:2, 4:0:0:0:2, 2:1:0:0:2, 0:0:0:0:0, 3:1:0:0:2, 3:0:0:0:0, 3:0:0:0:2, 2:1:0:0:3, 1:0:0:0:0, 1:0:0:0:4, 1:1:0:0:1, 1:1:0:0:1, 1:0:0:0:0, 2:1:0:0:1, 0:0:0:0:0, 0:0:0:0:0, 0:0:0:0:0, 753:153:45:0:467
Bb minor blues (5b), 1:0:0:0:1, 1:0:0:0:1, 0:0:0:0:0, 2:0:0:0:4, 1:0:0:0:1, 3:0:0:0:1, 1:0:0:0:1, 2:0:0:0:1, 0:0:0:0:0, 1:0:0:0:1, 0:0:0:0:0, 2:0:0:0:4, 1:0:0:0:2, 1:0:0:0:1, 1:0:0:0:1, 3:1:0:0:4, 0:0:0:0:0, 1:0:0:0:1, 2:0:0:0:6, 1:0:0:0:1, 2:0:0:0:1, 2:0:0:0:2, 1:0:0:0:1, 3:0:1:0:2, 1:0:0:0:1, 2:0:0:0:2, 3:1:0:0:4, 2:0:0:0:2, 0:0:0:0:0, 1:0:0:0:1, 2:0:1:0:1, 1:0:0:0:1, 3:0:0:0:2, 1:0:0:0:0, 1:0:0:0:1, 0:0:0:0:0, 1:0:0:0:0, 2:0:0:0:3, 0:0:0:0:0, 0:0:0:0:0, 1:0:0:0:1, 1:0:0:0:1, 0:0:0:0:0, 1:0:0:0:3, 1:0:0:0:1, 0:0:0:0:0, 0:0:0:0:0, 2:0:0:0:2, 3:1:0:0:4, 1:0:0:0:1, 3:0:0:0:1, 2:0:0:0:3, 1:0:0:0:1, 1:0:0:0:0, 1:0:0:0:1, 1:0:0:0:0, 1:0:0:0:0, 2:0:0:0:1, 4:0:0:0:6, 1:0:0:0:1, 0:0:0:0:0, 2:0:0:0:2, 3:0:0:0:2, 1:0:0:0:1, 0:0:0:0:0, 1:0:0:0:1, 1:0:0:0:1, 2:0:0:0:3, 1:0:0:0:1, 1:0:0:0:1, 2:0:0:0:2, 2:0:0:0:1, 2:0:0:0:2, 1:0:0:0:1, 0:0:0:0:0, 1:0:0:0:3, 1:0:0:0:1, 1:0:0:0:1, 1:0:0:0:1, 2:0:0:0:2, 0:0:0:0:0, 2:0:1:0:1, 3:1:0:0:4, 2:0:0:0:3, 1:0:0:0:1, 1:0:0:0:1, 1:0:0:0:2, 1:0:0:0:1, 1:0:0:0:1, 3:0:0:0:2, 2:0:0:0:6, 0:0:0:0:0, 1:0:0:0:1, 3:0:0:0:2, 0:0:0:0:0, 1:0:0:0:2, 0:0:0:0:0, 4:0:0:0:3, 0:0:0:0:0, 1:0:0:0:2, 1:0:1:0:0, 1:0:0:0:1, 0:0:0:0:0, 2:0:0:0:2, 2:0:0:0:1, 1:0:0:0:1, 0:0:0:0:0, 1:0:0:0:3, 0:0:0:0:0, 3:0:0:0:1, 0:0:0:0:0, 1:0:0:0:3, 1:0:0:0:1, 1:0:0:0:1, 0:0:0:0:0, 1:0:0:0:2, 0:0:0:0:0, 1:0:0:0:1, 1:0:0:0:2, 1:0:0:0:1, 2:0:0:0:1, 0:0:0:0:0, 3:0:0:0:4, 1:0:0:0:1, 0:0:0:0:0, 1:0:0:0:1, 0:0:0:0:0, 2:0:0:0:2, 1:0:0:0:1, 0:0:0:0:0, 0:0:0:0:0, 1:0:0:0:3, 1:0:0:0:1, 3:0:0:0:1, 1:0:0:0:1, 1:0:0:0:1, 2:0:0:0:1, 0:0:0:0:0, 0:0:0:0:0, 1:0:0:0:3, 1:0:0:0:1, 0:0:0:0:0, 0:0:0:0:0, 1:0:0:0:1, 1:0:0:0:1, 1:0:0:0:2, 1:0:0:0:1, 2:0:0:0:3, 0:0:0:0:0, 1:0:0:0:1, 1:0:0:0:1, 0:0:0:0:0, 0:0:0:0:0, 2:0:0:0:1, 4:0:0:0:5, 1:0:0:0:1, 2:0:0:0:1, 1:0:0:0:1, 0:0:0:0:0, 2:0:0:0:1, 1:0:0:0:1, 1:0:0:0:3, 0:0:0:0:0, 2:0:0:0:4, 0:0:0:0:0, 1:0:0:0:1, 1:0:0:0:1, 0:0:0:0:0, 0:0:0:0:0, 2:0:0:0:2, 2:0:0:0:1, 1:0:0:0:3, 1:0:0:0:1, 1:0:0:0:1, 2:0:0:0:2, 1:0:0:0:1, 1:0:0:0:1, 1:0:0:0:1, 1:0:0:0:1, 2:1:0:0:4, 0:0:0:0:0, 1:0:0:0:1, 1:0:0:0:1, 0:0:0:0:0, 2:0:0:0:1, 2:0:0:0:1, 4:0:0:0:4, 1:0:0:0:1, 0:0:0:0:0, 1:0:0:0:1, 2:0:0:0:0, 3:0:0:0:2, 2:0:0:0:1, 2:0:0:0:3, 0:0:0:0:0, 2:0:0:0:4, 2:0:0:0:2, 2:0:0:0:2, 2:0:0:0:2, 0:0:0:0:0, 2:0:0:0:1, 1:0:0:0:1, 0:0:0:0:0, 2:0:0:0:2, 0:0:0:0:0, 3:0:0:0:1, 1:0:0:0:1, 1:0:0:0:3, 1:0:0:0:1, 1:0:0:0:1, 0:0:0:0:0, 2:0:0:0:1, 0:0:0:0:0, 1:0:0:0:1, 1:0:0:0:1, 1:0:0:0:1, 2:0:0:0:1, 0:0:0:0:0, 3:0:0:0:4, 1:0:0:0:1, 0:0:0:0:0, 1:0:0:0:1, 0:0:0:0:0, 2:0:0:0:3, 1:0:0:0:1, 0:0:0:0:0, 0:0:0:0:0, 1:0:0:0:3, 1:0:0:0:1, 1:0:0:0:1, 1:0:0:0:1, 2:1:0:0:3, 2:0:0:0:1, 0:0:0:0:0, 0:0:0:0:0, 1:0:0:0:3, 1:0:0:0:1, 0:0:0:0:0, 0:0:0:0:0, 1:0:0:0:1, 1:0:0:0:1, 1:0:0:0:2, 1:0:0:0:1, 2:0:0:0:3, 0:0:0:0:0, 1:0:0:0:1, 1:0:0:0:1, 0:0:0:0:0, 0:0:0:0:0, 2:0:0:0:1, 4:0:0:0:5, 1:0:0:0:1, 2:0:0:0:1, 1:0:0:0:1, 0:0:0:0:0, 2:0:0:0:1, 1:0:0:0:1, 2:0:0:0:3, 0:0:0:0:0, 1:0:0:0:3, 0:0:0:0:0, 1:0:0:0:1, 1:0:0:0:1, 0:0:0:0:0, 0:0:0:0:0, 2:0:0:0:2, 1:0:0:0:0, 1:0:0:0:3, 1:0:0:0:1, 1:0:0:0:1, 2:0:0:0:2, 1:0:0:0:1, 1:0:0:0:1, 1:0:0:0:1, 2:0:0:0:2, 2:1:0:0:5, 0:0:0:0:0, 1:0:0:0:1, 1:0:0:0:1, 1:0:0:0:1, 2:0:0:0:1, 2:0:0:0:1, 4:0:0:0:4, 2:0:0:0:2, 0:0:0:0:0, 1:0:0:0:1, 2:0:0:0:0, 3:0:0:0:2, 2:0:0:0:1, 2:0:0:0:3, 0:0:0:0:0, 1:0:0:0:3, 1:0:0:0:1, 2:0:0:0:2, 2:0:0:0:2, 0:0:0:0:0, 1:0:0:0:0, 0:0:0:0:0, 0:0:0:0:0, 0:0:0:0:0, 0:0:0:0:0, 3:0:1:0:3, 0:0:0:0:0, 0:0:0:0:0, 0:0:0:0:0, 351:7:5:0:373
G# minor blues (5#), 3:1:0:0:2, 3:0:0:0:2, 2:1:1:0:2, 0:0:0:0:0, 2:1:0:0:2, 3:0:0:0:0, 3:0:0:0:0, 3:0:0:0:3, 2:1:0:0:2, 3:0:0:0:2, 3:1:1:0:3, 0:0:0:0:0, 4:1:0:0:1, 2:0:0:0:1, 3:0:0:0:2, 3:1:1:0:2, 2:0:0:0:3, 3:1:0:0:2, 1:0:0:0:0, 3:2:0:0:2, 4:1:0:0:3, 3:1:0:0:1, 2:0:0:0:1, 5:0:0:0:2, 3:1:1:0:2, 4:0:0:0:2, 3:1:1:0:2, 0:0:0:0:0, 2:1:0:0:2, 1:0:0:0:0, 3:0:0:0:2, 3:1:0:0:2, 2:0:0:0:0, 3:0:0:0:3, 3:1:0:0:1, 3:1:0:0:2, 2:0:0:0:0, 0:0:0:0:0, 1:1:0:0:1, 1:1:0:0:1, 3:1:1:0:2, 2:0:0:0:2, 2:1:1:0:2, 1:0:1:0:0, 3:1:1:0:2, 2:0:0:0:1, 3:0:0:0:1, 4:0:0:0:2, 4:1:1:0:2, 4:0:0:0:2, 3:1:0:0:1, 1:0:0:0:0, 3:1:1:0:2, 3:0:0:0:1, 3:0:0:0:2, 3:1:1:0:2, 3:0:0:0:3, 4:1:0:0:2, 2:0:0:0:0, 3:2:0:0:2, 2:0:0:0:3, 4:1:0:0:1, 2:0:0:0:0, 4:0:0:0:1, 2:1:0:0:3, 4:1:0:0:3, 3:1:0:0:1, 1:0:0:0:0, 3:1:1:0:2, 2:0:0:0:1, 4:0:0:0:2, 4:1:1:0:2, 3:1:0:0:2, 3:0:0:0:2, 2:1:0:0:1, 0:0:0:0:0, 3:1:1:0:2, 3:0:0:0:1, 3:0:0:0:1, 4:0:0:0:1, 2:1:0:0:1, 3:0:0:0:2, 3:1:1:0:2, 1:0:0:0:0, 2:1:0:0:2, 2:0:0:0:1, 2:0:0:0:3, 2:1:0:0:1, 3:0:0:0:2, 5:1:0:0:2, 1:0:0:0:0, 3:2:0:0:2, 3:0:0:0:2, 5:1:0:0:2, 1:0:0:0:0, 2:0:0:0:2, 2:1:0:0:1, 5:0:0:0:1, 2:1:0:0:2, 0:0:0:0:0, 3:1:0:0:2, 2:0:0:0:1, 3:1:0:0:2, 3:1:0:0:3, 3:1:0:0:2, 3:0:0:0:2, 2:1:0:0:2, 0:0:0:0:0, 2:1:0:0:3, 2:0:0:0:0, 2:0:0:0:1, 2:0:0:0:2, 3:1:1:0:2, 3:0:0:0:2, 2:1:1:0:2, 1:0:1:0:0, 3:1:1:0:3, 3:0:0:0:1, 3:0:0:0:2, 2:1:1:0:2, 4:0:0:0:2, 2:1:0:0:3, 2:0:0:0:0, 2:2:0:0:2, 2:0:0:0:3, 3:1:0:0:2, 2:0:0:0:1, 4:0:0:0:1, 3:1:0:0:2, 2:0:0:0:2, 2:1:0:0:1, 0:0:0:0:0, 3:1:1:0:2, 2:0:0:0:0, 3:0:0:0:2, 4:1:1:0:2, 2:1:0:0:2, 2:0:0:0:2, 2:1:0:0:2, 0:0:0:0:0, 2:1:0:0:2, 2:1:0:0:1, 3:0:0:0:1, 3:0:0:0:1, 3:1:1:0:2, 3:0:0:0:2, 3:1:0:0:2, 0:0:0:0:0, 2:1:0:0:2, 4:0:0:0:1, 3:0:0:0:2, 3:1:0:0:2, 2:0:0:0:2, 4:1:0:0:2, 2:0:0:0:0, 3:2:0:0:2, 4:0:0:0:2, 3:1:0:0:2, 2:0:0:0:2, 3:0:0:0:3, 3:1:1:0:2, 3:0:0:0:2, 2:1:1:0:2, 0:0:0:0:0, 3:1:0:0:2, 2:0:0:0:1, 3:0:0:0:2, 2:1:0:0:2, 2:1:0:0:2, 4:0:0:0:1, 3:1:0:0:2, 0:0:0:0:0, 3:1:1:0:2, 3:0:0:0:1, 2:0:0:0:0, 2:0:0:0:2, 3:1:1:0:2, 2:0:0:0:2, 3:1:0:0:1, 1:0:0:0:0, 2:1:1:0:2, 3:0:0:0:1, 3:0:0:0:2, 2:1:1:0:2, 4:0:0:0:2, 2:2:0:0:2, 2:0:0:0:1, 4:2:0:0:2, 2:0:0:0:2, 4:1:0:0:2, 2:0:0:0:0, 4:0:0:0:3, 3:2:0:0:2, 4:0:0:0:2, 2:1:0:0:2, 1:0:0:0:0, 4:2:0:0:3, 4:0:0:0:0, 3:0:0:0:2, 2:1:1:0:1, 3:1:0:0:2, 3:0:0:0:2, 2:1:0:0:2, 0:0:0:0:0, 2:1:0:0:3, 2:0:0:0:0, 3:0:0:0:1, 2:0:0:0:2, 3:1:1:0:2, 3:0:0:0:2, 2:1:1:0:2, 1:0:1:0:0, 3:1:1:0:3, 3:0:0:0:1, 3:0:0:0:2, 2:1:1:0:2, 4:0:0:0:2, 2:1:0:0:3, 2:0:0:0:0, 2:2:0:0:2, 2:0:0:0:3, 3:1:0:0:2, 2:0:0:0:1, 4:0:0:0:1, 3:1:0:0:2, 2:0:0:0:2, 2:1:0:0:1, 0:0:0:0:0, 3:1:1:0:2, 2:0:0:0:1, 3:0:0:0:2, 4:1:1:0:2, 2:1:0:0:2, 2:0:0:0:2, 2:1:0:0:2, 0:0:0:0:0, 2:1:0:0:2, 2:1:0:0:1, 3:0:0:0:1, 3:0:0:0:1, 3:1:1:0:2, 3:0:0:0:2, 3:1:0:0:2, 0:0:0:0:0, 2:1:0:0:3, 4:0:0:0:1, 3:0:0:0:2, 3:1:0:0:2, 2:0:0:0:2, 4:1:0:0:2, 2:0:0:0:0, 3:2:0:0:2, 4:0:0:0:2, 3:1:0:0:2, 2:0:0:0:2, 3:0:0:0:3, 3:1:1:0:2, 4:0:0:0:2, 2:1:1:0:2, 0:0:0:0:0, 2:1:0:0:2, 2:0:0:0:1, 3:0:0:0:2, 2:1:0:0:2, 2:1:0:0:2, 4:0:0:0:1, 3:1:0:0:2, 0:0:0:0:0, 3:1:1:0:2, 3:0:0:0:1, 2:0:0:0:0, 2:0:0:0:2, 3:1:1:0:2, 2:0:0:0:2, 4:1:0:0:1, 1:0:0:0:0, 2:1:1:0:2, 3:0:0:0:1, 3:0:0:0:2, 2:1:1:0:2, 4:0:0:0:2, 2:2:0:0:2, 2:0:0:0:1, 4:2:0:0:2, 2:0:0:0:2, 4:1:0:0:2, 3:1:0:0:1, 4:0:0:0:3, 3:2:0:0:2, 4:0:0:0:2, 2:1:0:0:2, 0:0:0:0:0, 3:1:0:0:2, 3:0:0:0:0, 3:0:0:0:2, 2:1:0:0:3, 1:0:0:0:0, 1:0:0:0:4, 1:1:0:0:1, 1:1:0:0:1, 1:0:0:0:0, 2:1:0:0:1, 0:0:0:0:0, 0:0:0:0:0, 0:0:0:0:0, 753:153:45:0:467
Db dorian (5b), 1:0:0:0:1, 1:0:0:0:1, 0:0:0:0:0, 2:0:0:0:4, 1:0:0:0:1, 3:0:0:0:1, 1:0:0:0:1, 2:0:0:0:1, 0:0:0:0:0, 1:0:0:0:1, 0:0:0:0:0, 2:0:0:0:4, 1:0:0:0:2, 1:0:0:0:1, 1:0:0:0:1, 3:1:0:0:4, 0:0:0:0:0, 1:0:0:0:1, 2:0:0:0:6, 1:0:0:0:1, 2:0:0:0:1, 2:0:0:0:2, 1:0:0:0:1, 3:0:1:0:2, 1:0:0:0:1, 2:0:0:0:2, 3:1:0:0:4, 2:0:0:0:2, 0:0:0:0:0, 1:0:0:0:1, 2:0:1:0:1, 1:0:0:0:1, 3:0:0:0:2, 1:0:0:0:0, 1:0:0:0:1, 0:0:0:0:0, 1:0:0:0:0, 2:0:0:0:3, 0:0:0:0:0, 0:0:0:0:0, 1:0:0:0:1, 1:0:0:0:1, 0:0:0:0:0, 1:0:0:0:3, 1:0:0:0:1, 0:0:0:0:0, 0:0:0:0:0, 2:0:0:0:2, 3:1:0:0:4, 1:0:0:0:1, 3:0:0:0:1, 2:0:0:0:3, 1:0:0:0:1, 1:0:0:0:0, 1:0:0:0:1, 1:0:0:0:0, 1:0:0:0:0, 2:0:0:0:1, 4:0:0:0:6, 1:0:0:0:1, 0:0:0:0:0, 2:0:0:0:2, 3:0:0:0:2, 1:0:0:0:1, 0:0:0:0:0, 1:0:0:0:1, 1:0:0:0:1, 2:0:0:0:3, 1:0:0:0:1, 1:0:0:0:1, 2:0:0:0:2, 2:0:0:0:1, 2:0:0:0:2, 1:0:0:0:1, 0:0:0:0:0, 1:0:0:0:3, 1:0:0:0:1, 1:0:0:0:1, 1:0:0:0:1, 2:0:0:0:2, 0:0:0:0:0, 2:0:1:0:1, 3:1:0:0:4, 2:0:0:0:3, 1:0:0:0:1, 1:0:0:0:1, 1:0:0:0:2, 1:0:0:0:1, 1:0:0:0:1, 3:0:0:0:2, 2:0:0:0:6, 0:0:0:0:0, 1:0:0:0:1, 3:0:0:0:2, 0:0:0:0:0, 1:0:0:0:2, 0:0:0:0:0, 4:0:0:0:3, 0:0:0:0:0, 1:0:0:0:2, 1:0:1:0:0, 1:0:0:0:1, 0:0:0:0:0, 2:0:0:0:2, 2:0:0:0:1, 1:0:0:0:1, 0:0:0:0:0, 1:0:0:0:3, 0:0:0:0:0, 3:0:0:0:1, 0:0:0:0:0, 1:0:0:0:3, 1:0:0:0:1, 1:0:0:0:1, 0:0:0:0:0, 1:0:0:0:2, 0:0:0:0:0, 1:0:0:0:1, 1:0:0:0:2, 1:0:0:0:1, 2:0:0:0:1, 0:0:0:0:0, 3:0:0:0:4, 1:0:0:0:1, 0:0:0:0:0, 1:0:0:0:1, 0:0:0:0:0, 2:0:0:0:2, 1:0:0:0:1, 0:0:0:0:0, 0:0:0:0:0, 1:0:0:0:3, 1:0:0:0:1, 3:0:0:0:1, 1:0:0:0:1, 1:0:0:0:1, 2:0:0:0:1, 0:0:0:0:0, 0:0:0:0:0, 1:0:0:0:3, 1:0:0:0:1, 0:0:0:0:0, 0:0:0:0:0, 1:0:0:0:1, 1:0:0:0:1, 1:0:0:0:2, 1:0:0:0:1, 2:0:0:0:3, 0:0:0:0:0, 1:0:0:0:1, 1:0:0:0:1, 0:0:0:0:0, 0:0:0:0:0, 2:0:0:0:1, 4:0:0:0:5, 1:0:0:0:1, 2:0:0:0:1, 1:0:0:0:1, 0:0:0:0:0, 2:0:0:0:1, 1:0:0:0:1, 1:0:0:0:3, 0:0:0:0:0, 2:0:0:0:4, 0:0:0:0:0, 1:0:0:0:1, 1:0:0:0:1, 0:0:0:0:0, 0:0:0:0:0, 2:0:0:0:2, 2:0:0:0:1, 1:0:0:0:3, 1:0:0:0:1, 1:0:0:0:1, 2:0:0:0:2, 1:0:0:0:1, 1:0:0:0:1, 1:0:0:0:1, 1:0:0:0:1, 2:1:0:0:4, 0:0:0:0:0, 1:0:0:0:1, 1:0:0:0:1, 0:0:0:0:0, 2:0:0:0:1, 2:0:0:0:1, 4:0:0:0:4, 1:0:0:0:1, 0:0:0:0:0, 1:0:0:0:1, 2:0:0:0:0, 3:0:0:0:2, 2:0:0:0:1, 2:0:0:0:3, 0:0:0:0:0, 2:0:0:0:4, 2:0:0:0:2, 2:0:0:0:2, 2:0:0:0:2, 0:0:0:0:0, 2:0:0:0:1, 1:0:0:0:1, 0:0:0:0:0, 2:0:0:0:2, 0:0:0:0:0, 3:0:0:0:1, 1:0:0:0:1, 1:0:0:0:3, 1:0:0:0:1, 1:0:0:0:1, 0:0:0:0:0, 2:0:0:0:1, 0:0:0:0:0, 1:0:0:0:1, 1:0:0:0:1, 1:0:0:0:1, 2:0:0:0:1, 0:0:0:0:0, 3:0:0:0:4, 1:0:0:0:1, 0:0:0:0:0, 1:0:0:0:1, 0:0:0:0:0, 2:0:0:0:3, 1:0:0:0:1, 0:0:0:0:0, 0:0:0:0:0, 1:0:0:0:3, 1:0:0:0:1, 1:0:0:0:1, 1:0:0:0:1, 2:1:0:0:3, 2:0:0:0:1, 0:0:0:0:0, 0:0:0:0:0, 1:0:0:0:3, 1:0:0:0:1, 0:0:0:0:0, 0:0:0:0:0, 1:0:0:0:1, 1:0:0:0:1, 1:0:0:0:2, 1:0:0:0:1, 2:0:0:0:3, 0:0:0:0:0, 1:0:0:0:1, 1:0:0:0:1, 0:0:0:0:0, 0:0:0:0:0, 2:0:0:0:1, 4:0:0:0:5, 1:0:0:0:1, 2:0:0:0:1, 1:0:0:0:1, 0:0:0:0:0, 2:0:0:0:1, 1:0:0:0:1, 2:0:0:0:3, 0:0:0:0:0, 1:0:0:0:3, 0:0:0:0:0, 1:0:0:0:1, 1:0:0:0:1, 0:0:0:0:0, 0:0:0:0:0, 2:0:0:0:2, 1:0:0:0:0, 1:0:0:0:3, 1:0:0:0:1, 1:0:0:0:1, 2:0:0:0:2, 1:0:0:0:1, 1:0:0:0:1, 1:0:0:0:1, 2:0:0:0:2, 2:1:0:0:5, 0:0:0:0:0, 1:0:0:0:1, 1:0:0:0:1, 1:0:0:0:1, 2:0:0:0:1, 2:0:0:0:1, 4:0:0:0:4, 2:0:0:0:2, 0:0:0:0:0, 1:0:0:0:1, 2:0:0:0:0, 3:0:0:0:2, 2:0:0:0:1, 2:0:0:0:3, 0:0:0:0:0, 1:0:0:0:3, 1:0:0:0:1, 2:0:0:0:2, 2:0:0:0:2, 0:0:0:0:0, 1:0:0:0:0, 0:0:0:0:0, 0:0:0:0:0, 0:0:0:0:0, 0:0:0:0:0, 3:0:1:0:3, 0:0:0:0:0, 0:0:0:0:0, 0:0:0:0:0, 351:7:5:0:373
B dorian (5#), 3:1:0:0:2, 3:0:0:0:2, 2:1:1:0:2, 0:0:0:0:0, 2:1:0:0:2, 3:0:0:0:0, 3:0:0:0:0, 3:0:0:0:3, 2:1:0:0:2, 3:0:0:0:2, 3:1:1:0:3, 0:0:0:0:0, 4:1:0:0:1, 2:0:0:0:1, 3:0:0:0:2, 3:1:1:0:2, 2:0:0:0:3, 3:1:0:0:2, 1:0:0:0:0, 3:2:0:0:2, 4:1:0:0:3, 3:1:0:0:1, 2:0:0:0:1, 5:0:0:0:2, 3:1:1:0:2, 4:0:0:0:2, 3:1:1:0:2, 0:0:0:0:0, 2:1:0:0:2, 1:0:0:0:0, 3:0:0:0:2, 3:1:0:0:2, 2:0:0:0:0, 3:0:0:0:3, 3:1:0:0:1, 3:1:0:0:2, 2:0:0:0:0, 0:0:0:0:0, 1:1:0:0:1, 1:1:0:0:1, 3:1:1:0:2, 2:0:0:0:2, 2:1:1:0:2, 1:0:1:0:0, 3:1:1:0:2, 2:0:0:0:1, 3:0:0:0:1, 4:0:0:0:2, 4:1:1:0:2, 4:0:0:0:2, 3:1:0:0:1, 1:0:0:0:0, 3:1:1:0:2, 3:0:0:0:1, 3:0:0:0:2, 3:1:1:0:2, 3:0:0:0:3, 4:1:0:0:2, 2:0:0:0:0, 3:2:0:0:2, 2:0:0:0:3, 4:1:0:0:1, 2:0:0:0:0, 4:0:0:0:1, 2:1:0:0:3, 4:1:0:0:3, 3:1:0:0:1, 1:0:0:0:0, 3:1:1:0:2, 2:0:0:0:1, 4:0:0:0:2, 4:1:1:0:2, 3:1:0:0:2, 3:0:0:0:2, 2:1:0:0:1, 0:0:0:0:0, 3:1:1:0:2, 3:0:0:0:1, 3:0:0:0:1, 4:0:0:0:1, 2:1:0:0:1, 3:0:0:0:2, 3:1:1:0:2, 1:0:0:0:0, 2:1:0:0:2, 2:0:0:0:1, 2:0:0:0:3, 2:1:0:0:1, 3:0:0:0:2, 5:1:0:0:2, 1:0:0:0:0, 3:2:0:0:2, 3:0:0:0:2, 5:1:0:0:2, 1:0:0:0:0, 2:0:0:0:2, 2:1:0:0:1, 5:0:0:0:1, 2:1:0:0:2, 0:0:0:0:0, 3:1:0:0:2, 2:0:0:0:1, 3:1:0:0:2, 3:1:0:0:3, 3:1:0:0:2, 3:0:0:0:2, 2:1:0:0:2, 0:0:0:0:0, 2:1:0:0:3, 2:0:0:0:0, 2:0:0:0:1, 2:0:0:0:2, 3:1:1:0:2, 3:0:0:0:2, 2:1:1:0:2, 1:0:1:0:0, 3:1:1:0:3, 3:0:0:0:1, 3:0:0:0:2, 2:1:1:0:2, 4:0:0:0:2, 2:1:0:0:3, 2:0:0:0:0, 2:2:0:0:2, 2:0:0:0:3, 3:1:0:0:2, 2:0:0:0:1, 4:0:0:0:1, 3:1:0:0:2, 2:0:0:0:2, 2:1:0:0:1, 0:0:0:0:0, 3:1:1:0:2, 2:0:0:0:0, 3:0:0:0:2, 4:1:1:0:2, 2:1:0:0:2, 2:0:0:0:2, 2:1:0:0:2, 0:0:0:0:0, 2:1:0:0:2, 2:1:0:0:1, 3:0:0:0:1, 3:0:0:0:1, 3:1:1:0:2, 3:0:0:0:2, 3:1:0:0:2, 0:0:0:0:0, 2:1:0:0:2, 4:0:0:0:1, 3:0:0:0:2, 3:1:0:0:2, 2:0:0:0:2, 4:1:0:0:2, 2:0:0:0:0, 3:2:0:0:2, 4:0:0:0:2, 3:1:0:0:2, 2:0:0:0:2, 3:0:0:0:3, 3:1:1:0:2, 3:0:0:0:2, 2:1:1:0:2, 0:0:0:0:0, 3:1:0:0:2, 2:0:0:0:1, 3:0:0:0:2, 2:1:0:0:2, 2:1:0:0:2, 4:0:0:0:1, 3:1:0:0:2, 0:0:0:0:0, 3:1:1:0:2, 3:0:0:0:1, 2:0:0:0:0, 2:0:0:0:2, 3:1:1:0:2, 2:0:0:0:2, 3:1:0:0:1, 1:0:0:0:0, 2:1:1:0:2, 3:0:0:0:1, 3:0:0:0:2, 2:1:1:0:2, 4:0:0:0:2, 2:2:0:0:2, 2:0:0:0:1, 4:2:0:0:2, 2:0:0:0:2, 4:1:0:0:2, 2:0:0:0:0, 4:0:0:0:3, 3:2:0:0:2, 4:0:0:0:2, 2:1:0:0:2, 1:0:0:0:0, 4:2:0:0:3, 4:0:0:0:0, 3:0:0:0:2, 2:1:1:0:1, 3:1:0:0:2, 3:0:0:0:2, 2:1:0:0:2, 0:0:0:0:0, 2:1:0:0:3, 2:0:0:0:0, 3:0:0:0:1, 2:0:0:0:2, 3:1:1:0:2, 3:0:0:0:2, 2:1:1:0:2, 1:0:1:0:0, 3:1:1:0:3, 3:0:0:0:1, 3:0:0:0:2, 2:1:1:0:2, 4:0:0:0:2, 2:1:0:0:3, 2:0:0:0:0, 2:2:0:0:2, 2:0:0:0:3, 3:1:0:0:2, 2:0:0:0:1, 4:0:0:0:1, 3:1:0:0:2, 2:0:0:0:2, 2:1:0:0:1, 0:0:0:0:0, 3:1:1:0:2, 2:0:0:0:1, 3:0:0:0:2, 4:1:1:0:2, 2:1:0:0:2, 2:0:0:0:2, 2:1:0:0:2, 0:0:0:0:0, 2:1:0:0:2, 2:1:0:0:1, 3:0:0:0:1, 3:0:0:0:1, 3:1:1:0:2, 3:0:0:0:2, 3:1:0:0:2, 0:0:0:0:0, 2:1:0:0:3, 4:0:0:0:1, 3:0:0:0:2, 3:1:0:0:2, 2:0:0:0:2, 4:1:0:0:2, 2:0:0:0:0, 3:2:0:0:2, 4:0:0:0:2, 3:1:0:0:2, 2:0:0:0:2, 3:0:0:0:3, 3:1:1:0:2, 4:0:0:0:2, 2:1:1:0:2, 0:0:0:0:0, 2:1:0:0:2, 2:0:0:0:1, 3:0:0:0:2, 2:1:0:0:2, 2:1:0:0:2, 4:0:0:0:1, 3:1:0:0:2, 0:0:0:0:0, 3:1:1:0:2, 3:0:0:0:1, 2:0:0:0:0, 2:0:0:0:2, 3:1:1:0:2, 2:0:0:0:2, 4:1:0:0:1, 1:0:0:0:0, 2:1:1:0:2, 3:0:0:0:1, 3:0:0:0:2, 2:1:1:0:2, 4:0:0:0:2, 2:2:0:0:2, 2:0:0:0:1, 4:2:0:0:2, 2:0:0:0:2, 4:1:0:0:2, 3:1:0:0:1, 4:0:0:0:3, 3:2:0:0:2, 4:0:0:0:2, 2:1:0:0:2, 0:0:0:0:0, 3:1:0:0:2, 3:0:0:0:0, 3:0:0:0:2, 2:1:0:0:3, 1:0:0:0:0, 1:0:0:0:4, 1:1:0:0:1, 1:1:0:0:1, 1:0:0:0:0, 2:1:0:0:1, 0:0:0:0:0, 0:0:0:0:0, 0:0:0:0:0, 753:153:45:0:467
Db phrygian (5b), 1:0:0:0:1, 1:0:0:0:1, 0:0:0:0:0, 2:0:0:0:4, 1:0:0:0:1, 3:0:0:0:1, 1:0:0:0:1, 2:0:0:0:1, 0:0:0:0:0, 1:0:0:0:1, 0:0:0:0:0, 2:0:0:0:4, 1:0:0:0:2, 1:0:0:0:1, 1:0:0:0:1, 3:1:0:0:4, 0:0:0:0:0, 1:0:0:0:1, 2:0:0:0:6, 1:0:0:0:1, 2:0:0:0:1, 2:0:0:0:2, 1:0:0:0:1, 3:0:1:0:2, 1:0:0:0:1, 2:0:0:0:2, 3:1:0:0:4, 2:0:0:0:2, 0:0:0:0:0, 1:0:0:0:1, 2:0:1:0:1, 1:0:0:0:1, 3:0:0:0:2, 1:0:0:0:0, 1:0:0:0:1, 0:0:0:0:0, 1:0:0:0:0, 2:0:0:0:3, 0:0:0:0:0, 0:0:0:0:0, 1:0:0:0:1, 1:0:0:0:1, 0:0:0:0:0, 1:0:0:0:3, 1:0:0:0:1, 0:0:0:0:0, 0:0:0:0:0, 2:0:0:0:2, 3:1:0:0:4, 1:0:0:0:1, 3:0:0:0:1, 2:0:0:0:3, 1:0:0:0:1, 1:0:0:0:0, 1:0:0:0:1, 1:0:0:0:0, 1:0:0:0:0, 2:0:0:0:1, 4:0:0:0:6, 1:0:0:0:1, 0:0:0:0:0, 2:0:0:0:2, 3:0:0:0:2, 1:0:0:0:1, 0:0:0:0:0, 1:0:0:0:1, 1:0:0:0:1, 2:0:0:0:3, 1:0:0:0:1, 1:0:0:0:1, 2:0:0:0:2, 2:0:0:0:1, 2:0:0:0:2, 1:0:0:0:1, 0:0:0:0:0, 1:0:0:0:3, 1:0:0:0:1, 1:0:0:0:1, 1:0:0:0:1, 2:0:0:0:2, 0:0:0:0:0, 2:0:1:0:1, 3:1:0:0:4, 2:0:0:0:3, 1:0:0:0:1, 1:0:0:0:1, 1:0:0:0:2, 1:0:0:0:1, 1:0:0:0:1, 3:0:0:0:2, 2:0:0:0:6, 0:0:0:0:0, 1:0:0:0:1, 3:0:0:0:2, 0:0:0:0:0, 1:0:0:0:2, 0:0:0:0:0, 4:0:0:0:3, 0:0:0:0:0, 1:0:0:0:2, 1:0:1:0:0, 1:0:0:0:1, 0:0:0:0:0, 2:0:0:0:2, 2:0:0:0:1, 1:0:0:0:1, 0:0:0:0:0, 1:0:0:0:3, 0:0:0:0:0, 3:0:0:0:1, 0:0:0:0:0, 1:0:0:0:3, 1:0:0:0:1, 1:0:0:0:1, 0:0:0:0:0, 1:0:0:0:2, 0:0:0:0:0, 1:0:0:0:1, 1:0:0:0:2, 1:0:0:0:1, 2:0:0:0:1, 0:0:0:0:0, 3:0:0:0:4, 1:0:0:0:1, 0:0:0:0:0, 1:0:0:0:1, 0:0:0:0:0, 2:0:0:0:2, 1:0:0:0:1, 0:0:0:0:0, 0:0:0:0:0, 1:0:0:0:3, 1:0:0:0:1, 3:0:0:0:1, 1:0:0:0:1, 1:0:0:0:1, 2:0:0:0:1, 0:0:0:0:0, 0:0:0:0:0, 1:0:0:0:3, 1:0:0:0:1, 0:0:0:0:0, 0:0:0:0:0, 1:0:0:0:1, 1:0:0:0:1, 1:0:0:0:2, 1:0:0:0:1, 2:0:0:0:3, 0:0:0:0:0, 1:0:0:0:1, 1:0:0:0:1, 0:0:0:0:0, 0:0:0:0:0, 2:0:0:0:1, 4:0:0:0:5, 1:0:0:0:1, 2:0:0:0:1, 1:0:0:0:1, 0:0:0:0:0, 2:0:0:0:1, 1:0:0:0:1, 1:0:0:0:3, 0:0:0:0:0, 2:0:0:0:4, 0:0:0:0:0, 1:0:0:0:1, 1:0:0:0:1, 0:0:0:0:0, 0:0:0:0:0, 2:0:0:0:2, 2:0:0:0:1, 1:0:0:0:3, 1:0:0:0:1, 1:0:0:0:1, 2:0:0:0:2, 1:0:0:0:1, 1:0:0:0:1, 1:0:0:0:1, 1:0:0:0:1, 2:1:0:0:4, 0:0:0:0:0, 1:0:0:0:1, 1:0:0:0:1, 0:0:0:0:0, 2:0:0:0:1, 2:0:0:0:1, 4:0:0:0:4, 1:0:0:0:1, 0:0:0:0:0, 1:0:0:0:1, 2:0:0:0:0, 3:0:0:0:2, 2:0:0:0:1, 2:0:0:0:3, 0:0:0:0:0, 2:0:0:0:4, 2:0:0:0:2, 2:0:0:0:2, 2:0:0:0:2, 0:0:0:0:0, 2:0:0:0:1, 1:0:0:0:1, 0:0:0:0:0, 2:0:0:0:2, 0:0:0:0:0, 3:0:0:0:1, 1:0:0:0:1, 1:0:0:0:3, 1:0:0:0:1, 1:0:0:0:1, 0:0:0:0:0, 2:0:0:0:1, 0:0:0:0:0, 1:0:0:0:1, 1:0:0:0:1, 1:0:0:0:1, 2:0:0:0:1, 0:0:0:0:0, 3:0:0:0:4, 1:0:0:0:1, 0:0:0:0:0, 1:0:0:0:1, 0:0:0:0:0, 2:0:0:0:3, 1:0:0:0:1, 0:0:0:0:0, 0:0:0:0:0, 1:0:0:0:3, 1:0:0:0:1, 1:0:0:0:1, 1:0:0:0:1, 2:1:0:0:3, 2:0:0:0:1, 0:0:0:0:0, 0:0:0:0:0, 1:0:0:0:3, 1:0:0:0:1, 0:0:0:0:0, 0:0:0:0:0, 1:0:0:0:1, 1:0:0:0:1, 1:0:0:0:2, 1:0:0:0:1, 2:0:0:0:3, 0:0:0:0:0, 1:0:0:0:1, 1:0:0:0:1, 0:0:0:0:0, 0:0:0:0:0, 2:0:0:0:1, 4:0:0:0:5, 1:0:0:0:1, 2:0:0:0:1, 1:0:0:0:1, 0:0:0:0:0, 2:0:0:0:1, 1:0:0:0:1, 2:0:0:0:3, 0:0:0:0:0, 1:0:0:0:3, 0:0:0:0:0, 1:0:0:0:1, 1:0:0:0:1, 0:0:0:0:0, 0:0:0:0:0, 2:0:0:0:2, 1:0:0:0:0, 1:0:0:0:3, 1:0:0:0:1, 1:0:0:0:1, 2:0:0:0:2, 1:0:0:0:1, 1:0:0:0:1, 1:0:0:0:1, 2:0:0:0:2, 2:1:0:0:5, 0:0:0:0:0, 1:0:0:0:1, 1:0:0:0:1, 1:0:0:0:1, 2:0:0:0:1, 2:0:0:0:1, 4:0:0:0:4, 2:0:0:0:2, 0:0:0:0:0, 1:0:0:0:1, 2:0:0:0:0, 3:0:0:0:2, 2:0:0:0:1, 2:0:0:0:3, 0:0:0:0:0, 1:0:0:0:3, 1:0:0:0:1, 2:0:0:0:2, 2:0:0:0:2, 0:0:0:0:0, 1:0:0:0:0, 0:0:0:0:0, 0:0:0:0:0, 0:0:0:0:0, 0:0:0:0:0, 3:0:1:0:3, 0:0:0:0:0, 0:0:0:0:0, 0:0:0:0:0, 351:7:5:0:373
B phrygian (5#), 3:1:0:0:2, 3:0:0:0:2, 2:1:1:0:2, 0:0:0:0:0, 2:1:0:0:2, 3:0:0:0:0, 3:0:0:0:0, 3:0:0:0:3, 2:1:0:0:2, 3:0:0:0:2, 3:1:1:0:3, 0:0:0:0:0, 4:1:0:0:1, 2:0:0:0:1, 3:0:0:0:2, 3:1:1:0:2, 2:0:0:0:3, 3:1:0:0:2, 1:0:0:0:0, 3:2:0:0:2, 4:1:0:0:3, 3:1:0:0:1, 2:0:0:0:1, 5:0:0:0:2, 3:1:1:0:2, 4:0:0:0:2, 3:1:1:0:2, 0:0:0:0:0, 2:1:0:0:2, 1:0:0:0:0, 3:0:0:0:2, 3:1:0:0:2, 2:0:0:0:0, 3:0:0:0:3, 3:1:0:0:1, 3:1:0:0:2, 2:0:0:0:0, 0:0:0:0:0, 1:1:0:0:1, 1:1:0:0:1, 3:1:1:0:2, 2:0:0:0:2, 2:1:1:0:2, 1:0:1:0:0, 3:1:1:0:2, 2:0:0:0:1, 3:0:0:0:1, 4:0:0:0:2, 4:1:1:0:2, 4:0:0:0:2, 3:1:0:0:1, 1:0:0:0:0, 3:1:1:0:2, 3:0:0:0:1, 3:0:0:0:2, 3:1:1:0:2, 3:0:0:0:3, 4:1:0:0:2, 2:0:0:0:0, 3:2:0:0:2, 2:0:0:0:3, 4:1:0:0:1, 2:0:0:0:0, 4:0:0:0:1, 2:1:0:0:3, 4:1:0:0:3, 3:1:0:0:1, 1:0:0:0:0, 3:1:1:0:2, 2:0:0:0:1, 4:0:0:0:2, 4:1:1:0:2, 3:1:0:0:2, 3:0:0:0:2, 2:1:0:0:1, 0:0:0:0:0, 3:1:1:0:2, 3:0:0:0:1, 3:0:0:0:1, 4:0:0:0:1, 2:1:0:0:1, 3:0:0:0:2, 3:1:1:0:2, 1:0:0:0:0, 2:1:0:0:2, 2:0:0:0:1, 2:0:0:0:3, 2:1:0:0:1, 3:0:0:0:2, 5:1:0:0:2, 1:0:0:0:0, 3:2:0:0:2, 3:0:0:0:2, 5:1:0:0:2, 1:0:0:0:0, 2:0:0:0:2, 2:1:0:0:1, 5:0:0:0:1, 2:1:0:0:2, 0:0:0:0:0, 3:1:0:0:2, 2:0:0:0:1, 3:1:0:0:2, 3:1:0:0:3, 3:1:0:0:2, 3:0:0:0:2, 2:1:0:0:2, 0:0:0:0:0, 2:1:0:0:3, 2:0:0:0:0, 2:0:0:0:1, 2:0:0:0:2, 3:1:1:0:2, 3:0:0:0:2, 2:1:1:0:2, 1:0:1:0:0, 3:1:1:0:3, 3:0:0:0:1, 3:0:0:0:2, 2:1:1:0:2, 4:0:0:0:2, 2:1:0:0:3, 2:0:0:0:0, 2:2:0:0:2, 2:0:0:0:3, 3:1:0:0:2, 2:0:0:0:1, 4:0:0:0:1, 3:1:0:0:2, 2:0:0:0:2, 2:1:0:0:1, 0:0:0:0:0, 3:1:1:0:2, 2:0:0:0:0, 3:0:0:0:2, 4:1:1:0:2, 2:1:0:0:2, 2:0:0:0:2, 2:1:0:0:2, 0:0:0:0:0, 2:1:0:0:2, 2:1:0:0:1, 3:0:0:0:1, 3:0:0:0:1, 3:1:1:0:2, 3:0:0:0:2, 3:1:0:0:2, 0:0:0:0:0, 2:1:0:0:2, 4:0:0:0:1, 3:0:0:0:2, 3:1:0:0:2, 2:0:0:0:2, 4:1:0:0:2, 2:0:0:0:0, 3:2:0:0:2, 4:0:0:0:2, 3:1:0:0:2, 2:0:0:0:2, 3:0:0:0:3, 3:1:1:0:2, 3:0:0:0:2, 2:1:1:0:2, 0:0:0:0:0, 3:1:0:0:2, 2:0:0:0:1, 3:0:0:0:2, 2:1:0:0:2, 2:1:0:0:2, 4:0:0:0:1, 3:1:0:0:2, 0:0:0:0:0, 3:1:1:0:2, 3:0:0:0:1, 2:0:0:0:0, 2:0:0:0:2, 3:1:1:0:2, 2:0:0:0:2, 3:1:0:0:1, 1:0:0:0:0, 2:1:1:0:2, 3:0:0:0:1, 3:0:0:0:2, 2:1:1:0:2, 4:0:0:0:2, 2:2:0:0:2, 2:0:0:0:1, 4:2:0:0:2, 2:0:0:0:2, 4:1:0:0:2, 2:0:0:0:0, 4:0:0:0:3, 3:2:0:0:2, 4:0:0:0:2, 2:1:0:0:2, 1:0:0:0:0, 4:2:0:0:3, 4:0:0:0:0, 3:0:0:0:2, 2:1:1:0:1, 3:1:0:0:2, 3:0:0:0:2, 2:1:0:0:2, 0:0:0:0:0, 2:1:0:0:3, 2:0:0:0:0, 3:0:0:0:1, 2:0:0:0:2, 3:1:1:0:2, 3:0:0:0:2, 2:1:1:0:2, 1:0:1:0:0, 3:1:1:0:3, 3:0:0:0:1, 3:0:0:0:2, 2:1:1:0:2, 4:0:0:0:2, 2:1:0:0:3, 2:0:0:0:0, 2:2:0:0:2, 2:0:0:0:3, 3:1:0:0:2, 2:0:0:0:1, 4:0:0:0:1, 3:1:0:0:2, 2:0:0:0:2, 2:1:0:0:1, 0:0:0:0:0, 3:1:1:0:2, 2:0:0:0:1, 3:0:0:0:2, 4:1:1:0:2, 2:1:0:0:2, 2:0:0:0:2, 2:1:0:0:2, 0:0:0:0:0, 2:1:0:0:2, 2:1:0:0:1, 3:0:0:0:1, 3:0:0:0:1, 3:1:1:0:2, 3:0:0:0:2, 3:1:0:0:2, 0:0:0:0:0, 2:1:0:0:3, 4:0:0:0:1, 3:0:0:0:2, 3:1:0:0:2, 2:0:0:0:2, 4:1:0:0:2, 2:0:0:0:0, 3:2:0:0:2, 4:0:0:0:2, 3:1:0:0:2, 2:0:0:0:2, 3:0:0:0:3, 3:1:1:0:2, 4:0:0:0:2, 2:1:1:0:2, 0:0:0:0:0, 2:1:0:0:2, 2:0:0:0:1, 3:0:0:0:2, 2:1:0:0:2, 2:1:0:0:2, 4:0:0:0:1, 3:1:0:0:2, 0:0:0:0:0, 3:1:1:0:2, 3:0:0:0:1, 2:0:0:0:0, 2:0:0:0:2, 3:1:1:0:2, 2:0:0:0:2, 4:1:0:0:1, 1:0:0:0:0, 2:1:1:0:2, 3:0:0:0:1, 3:0:0:0:2, 2:1:1:0:2, 4:0:0:0:2, 2:2:0:0:2, 2:0:0:0:1, 4:2:0:0:2, 2:0:0:0:2, 4:1:0:0:2, 3:1:0:0:1, 4:0:0:0:3, 3:2:0:0:2, 4:0:0:0:2, 2:1:0:0:2, 0:0:0:0:0, 3:1:0:0:2, 3:0:0:0:0, 3:0:0:0:2, 2:1:0:0:3, 1:0:0:0:0, 1:0:0:0:4, 1:1:0:0:1, 1:1:0:0:1, 1:0:0:0:0, 2:1:0:0:1, 0:0:0:0:0, 0:0:0:0:0, 0:0:0:0:0, 753:153:45:0:467
Db lydian (5b), 1:0:0:0:1, 1:0:0:0:1, 0:0:0:0:0, 2:0:0:0:4, 1:0:0:0:1, 3:0:0:0:1, 1:0:0:0:1, 2:0:0:0:1, 0:0:0:0:0, 1:0:0:0:1, 0:0:0:0:0, 2:0:0:0:4, 1:0:0:0:2, 1:0:0:0:1, 1:0:0:0:1, 3:1:0:0:4, 0:0:0:0:0, 1:0:0:0:1, 2:0:0:0:6, 1:0:0:0:1, 2:0:0:0:1, 2:0:0:0:2, 1:0:0:0:1, 3:0:1:0:2, 1:0:0:0:1, 2:0:0:0:2, 3:1:0:0:4, 2:0:0:0:2, 0:0:0:0:0, 1:0:0:0:1, 2:0:1:0:1, 1:0:0:0:1, 3:0:0:0:2, 1:0:0:0:0, 1:0:0:0:1, 0:0:0:0:0, 1:0:0:0:0, 2:0:0:0:3, 0:0:0:0:0, 0:0:0:0:0, 1:0:0:0:1, 1:0:0:0:1, 0:0:0:0:0, 1:0:0:0:3, 1:0:0:0:1, 0:0:0:0:0, 0:0:0:0:0, 2:0:0:0:2, 3:1:0:0:4, 1:0:0:0:1, 3:0:0:0:1, 2:0:0:0:3, 1:0:0:0:1, 1:0:0:0:0, 1:0:0:0:1, 1:0:0:0:0, 1:0:0:0:0, 2:0:0:0:1, 4:0:0:0:6, 1:0:0:0:1, 0:0:0:0:0, 2:0:0:0:2, 3:0:0:0:2, 1:0:0:0:1, 0:0:0:0:0, 1:0:0:0:1, 1:0:0:0:1, 2:0:0:0:3, 1:0:0:0:1, 1:0:0:0:1, 2:0:0:0:2, 2:0:0:0:1, 2:0:0:0:2, 1:0:0:0:1, 0:0:0:0:0, 1:0:0:0:3, 1:0:0:0:1, 1:0:0:0:1, 1:0:0:0:1, 2:0:0:0:2, 0:0:0:0:0, 2:0:1:0:1, 3:1:0:0:4, 2:0:0:0:3, 1:0:0:0:1, 1:0:0:0:1, 1:0:0:0:2, 1:0:0:0:1, 1:0:0:0:1, 3:0:0:0:2, 2:0:0:0:6, 0:0:0:0:0, 1:0:0:0:1, 3:0:0:0:2, 0:0:0:0:0, 1:0:0:0:2, 0:0:0:0:0, 4:0:0:0:3, 0:0:0:0:0, 1:0:0:0:2, 1:0:1:0:0, 1:0:0:0:1, 0:0:0:0:0, 2:0:0:0:2, 2:0:0:0:1, 1:0:0:0:1, 0:0:0:0:0, 1:0:0:0:3, 0:0:0:0:0, 3:0:0:0:1, 0:0:0:0:0, 1:0:0:0:3, 1:0:0:0:1, 1:0:0:0:1, 0:0:0:0:0, 1:0:0:0:2, 0:0:0:0:0, 1:0:0:0:1, 1:0:0:0:2, 1:0:0:0:1, 2:0:0:0:1, 0:0:0:0:0, 3:0:0:0:4, 1:0:0:0:1, 0:0:0:0:0, 1:0:0:0:1, 0:0:0:0:0, 2:0:0:0:2, 1:0:0:0:1, 0:0:0:0:0, 0:0:0:0:0, 1:0:0:0:3, 1:0:0:0:1, 3:0:0:0:1, 1:0:0:0:1, 1:0:0:0:1, 2:0:0:0:1, 0:0:0:0:0, 0:0:0:0:0, 1:0:0:0:3, 1:0:0:0:1, 0:0:0:0:0, 0:0:0:0:0, 1:0:0:0:1, 1:0:0:0:1, 1:0:0:0:2, 1:0:0:0:1, 2:0:0:0:3, 0:0:0:0:0, 1:0:0:0:1, 1:0:0:0:1, 0:0:0:0:0, 0:0:0:0:0, 2:0:0:0:1, 4:0:0:0:5, 1:0:0:0:1, 2:0:0:0:1, 1:0:0:0:1, 0:0:0:0:0, 2:0:0:0:1, 1:0:0:0:1, 1:0:0:0:3, 0:0:0:0:0, 2:0:0:0:4, 0:0:0:0:0, 1:0:0:0:1, 1:0:0:0:1, 0:0:0:0:0, 0:0:0:0:0, 2:0:0:0:2, 2:0:0:0:1, 1:0:0:0:3, 1:0:0:0:1, 1:0:0:0:1, 2:0:0:0:2, 1:0:0:0:1, 1:0:0:0:1, 1:0:0:0:1, 1:0:0:0:1, 2:1:0:0:4, 0:0:0:0:0, 1:0:0:0:1, 1:0:0:0:1, 0:0:0:0:0, 2:0:0:0:1, 2:0:0:0:1, 4:0:0:0:4, 1:0:0:0:1, 0:0:0:0:0, 1:0:0:0:1, 2:0:0:0:0, 3:0:0:0:2, 2:0:0:0:1, 2:0:0:0:3, 0:0:0:0:0, 2:0:0:0:4, 2:0:0:0:2, 2:0:0:0:2, 2:0:0:0:2, 0:0:0:0:0, 2:0:0:0:1, 1:0:0:0:1, 0:0:0:0:0, 2:0:0:0:2, 0:0:0:0:0, 3:0:0:0:1, 1:0:0:0:1, 1:0:0:0:3, 1:0:0:0:1, 1:0:0:0:1, 0:0:0:0:0, 2:0:0:0:1, 0:0:0:0:0, 1:0:0:0:1, 1:0:0:0:1, 1:0:0:0:1, 2:0:0:0:1, 0:0:0:0:0, 3:0:0:0:4, 1:0:0:0:1, 0:0:0:0:0, 1:0:0:0:1, 0:0:0:0:0, 2:0:0:0:3, 1:0:0:0:1, 0:0:0:0:0, 0:0:0:0:0, 1:0:0:0:3, 1:0:0:0:1, 1:0:0:0:1, 1:0:0:0:1, 2:1:0:0:3, 2:0:0:0:1, 0:0:0:0:0, 0:0:0:0:0, 1:0:0:0:3, 1:0:0:0:1, 0:0:0:0:0, 0:0:0:0:0, 1:0:0:0:1, 1:0:0:0:1, 1:0:0:0:2, 1:0:0:0:1, 2:0:0:0:3, 0:0:0:0:0, 1:0:0:0:1, 1:0:0:0:1, 0:0:0:0:0, 0:0:0:0:0, 2:0:0:0:1, 4:0:0:0:5, 1:0:0:0:1, 2:0:0:0:1, 1:0:0:0:1, 0:0:0:0:0, 2:0:0:0:1, 1:0:0:0:1, 2:0:0:0:3, 0:0:0:0:0, 1:0:0:0:3, 0:0:0:0:0, 1:0:0:0:1, 1:0:0:0:1, 0:0:0:0:0, 0:0:0:0:0, 2:0:0:0:2, 1:0:0:0:0, 1:0:0:0:3, 1:0:0:0:1, 1:0:0:0:1, 2:0:0:0:2, 1:0:0:0:1, 1:0:0:0:1, 1:0:0:0:1, 2:0:0:0:2, 2:1:0:0:5, 0:0:0:0:0, 1:0:0:0:1, 1:0:0:0:1, 1:0:0:0:1, 2:0:0:0:1, 2:0:0:0:1, 4:0:0:0:4, 2:0:0:0:2, 0:0:0:0:0, 1:0:0:0:1, 2:0:0:0:0, 3:0:0:0:2, 2:0:0:0:1, 2:0:0:0:3, 0:0:0:0:0, 1:0:0:0:3, 1:0:0:0:1, 2:0:0:0:2, 2:0:0:0:2, 0:0:0:0:0, 1:0:0:0:0, 0:0:0:0:0, 0:0:0:0:0, 0:0:0:0:0, 0:0:0:0:0, 3:0:1:0:3, 0:0:0:0:0, 0:0:0:0:0, 0:0:0:0:0, 351:7:5:0:373
B lydian (5#), 3:1:0:0:2, 3:0:0:0:2, 2:1:1:0:2, 0:0:0:0:0, 2:1:0:0:2, 3:0:0:0:0, 3:0:0:0:0, 3:0:0:0:3, 2:1:0:0:2, 3:0:0:0:2, 3:1:1:0:3, 0:0:0:0:0, 4:1:0:0:1, 2:0:0:0:1, 3:0:0:0:2, 3:1:1:0:2, 2:0:0:0:3, 3:1:0:0:2, 1:0:0:0:0, 3:2:0:0:2, 4:1:0:0:3, 3:1:0:0:1, 2:0:0:0:1, 5:0:0:0:2, 3:1:1:0:2, 4:0:0:0:2, 3:1:1:0:2, 0:0:0:0:0, 2:1:0:0:2, 1:0:0:0:0, 3:0:0:0:2, 3:1:0:0:2, 2:0:0:0:0, 3:0:0:0:3, 3:1:0:0:1, 3:1:0:0:2, 2:0:0:0:0, 0:0:0:0:0, 1:1:0:0:1, 1:1:0:0:1, 3:1:1:0:2, 2:0:0:0:2, 2:1:1:0:2, 1:0:1:0:0, 3:1:1:0:2, 2:0:0:0:1, 3:0:0:0:1, 4:0:0:0:2, 4:1:1:0:2, 4:0:0:0:2, 3:1:0:0:1, 1:0:0:0:0, 3:1:1:0:2, 3:0:0:0:1, 3:0:0:0:2, 3:1:1:0:2, 3:0:0:0:3, 4:1:0:0:2, 2:0:0:0:0, 3:2:0:0:2, 2:0:0:0:3, 4:1:0:0:1, 2:0:0:0:0, 4:0:0:0:1, 2:1:0:0:3, 4:1:0:0:3, 3:1:0:0:1, 1:0:0:0:0, 3:1:1:0:2, 2:0:0:0:1, 4:0:0:0:2, 4:1:1:0:2, 3:1:0:0:2, 3:0:0:0:2, 2:1:0:0:1, 0:0:0:0:0, 3:1:1:0:2, 3:0:0:0:1, 3:0:0:0:1, 4:0:0:0:1, 2:1:0:0:1, 3:0:0:0:2, 3:1:1:0:2, 1:0:0:0:0, 2:1:0:0:2, 2:0:0:0:1, 2:0:0:0:3, 2:1:0:0:1, 3:0:0:0:2, 5:1:0:0:2, 1:0:0:0:0, 3:2:0:0:2, 3:0:0:0:2, 5:1:0:0:2, 1:0:0:0:0, 2:0:0:0:2, 2:1:0:0:1, 5:0:0:0:1, 2:1:0:0:2, 0:0:0:0:0, 3:1:0:0:2, 2:0:0:0:1, 3:1:0:0:2, 3:1:0:0:3, 3:1:0:0:2, 3:0:0:0:2, 2:1:0:0:2, 0:0:0:0:0, 2:1:0:0:3, 2:0:0:0:0, 2:0:0:0:1, 2:0:0:0:2, 3:1:1:0:2, 3:0:0:0:2, 2:1:1:0:2, 1:0:1:0:0, 3:1:1:0:3, 3:0:0:0:1, 3:0:0:0:2, 2:1:1:0:2, 4:0:0:0:2, 2:1:0:0:3, 2:0:0:0:0, 2:2:0:0:2, 2:0:0:0:3, 3:1:0:0:2, 2:0:0:0:1, 4:0:0:0:1, 3:1:0:0:2, 2:0:0:0:2, 2:1:0:0:1, 0:0:0:0:0, 3:1:1:0:2, 2:0:0:0:0, 3:0:0:0:2, 4:1:1:0:2, 2:1:0:0:2, 2:0:0:0:2, 2:1:0:0:2, 0:0:0:0:0, 2:1:0:0:2, 2:1:0:0:1, 3:0:0:0:1, 3:0:0:0:1, 3:1:1:0:2, 3:0:0:0:2, 3:1:0:0:2, 0:0:0:0:0, 2:1:0:0:2, 4:0:0:0:1, 3:0:0:0:2, 3:1:0:0:2, 2:0:0:0:2, 4:1:0:0:2, 2:0:0:0:0, 3:2:0:0:2, 4:0:0:0:2, 3:1:0:0:2, 2:0:0:0:2, 3:0:0:0:3, 3:1:1:0:2, 3:0:0:0:2, 2:1:1:0:2, 0:0:0:0:0, 3:1:0:0:2, 2:0:0:0:1, 3:0:0:0:2, 2:1:0:0:2, 2:1:0:0:2, 4:0:0:0:1, 3:1:0:0:2, 0:0:0:0:0, 3:1:1:0:2, 3:0:0:0:1, 2:0:0:0:0, 2:0:0:0:2, 3:1:1:0:2, 2:0:0:0:2, 3:1:0:0:1, 1:0:0:0:0, 2:1:1:0:2, 3:0:0:0:1, 3:0:0:0:2, 2:1:1:0:2, 4:0:0:0:2, 2:2:0:0:2, 2:0:0:0:1, 4:2:0:0:2, 2:0:0:0:2, 4:1:0:0:2, 2:0:0:0:0, 4:0:0:0:3, 3:2:0:0:2, 4:0:0:0:2, 2:1:0:0:2, 1:0:0:0:0, 4:2:0:0:3, 4:0:0:0:0, 3:0:0:0:2, 2:1:1:0:1, 3:1:0:0:2, 3:0:0:0:2, 2:1:0:0:2, 0:0:0:0:0, 2:1:0:0:3, 2:0:0:0:0, 3:0:0:0:1, 2:0:0:0:2, 3:1:1:0:2, 3:0:0:0:2, 2:1:1:0:2, 1:0:1:0:0, 3:1:1:0:3, 3:0:0:0:1, 3:0:0:0:2, 2:1:1:0:2, 4:0:0:0:2, 2:1:0:0:3, 2:0:0:0:0, 2:2:0:0:2, 2:0:0:0:3, 3:1:0:0:2, 2:0:0:0:1, 4:0:0:0:1, 3:1:0:0:2, 2:0:0:0:2, 2:1:0:0:1, 0:0:0:0:0, 3:1:1:0:2, 2:0:0:0:1, 3:0:0:0:2, 4:1:1:0:2, 2:1:0:0:2, 2:0:0:0:2, 2:1:0:0:2, 0:0:0:0:0, 2:1:0:0:2, 2:1:0:0:1, 3:0:0:0:1, 3:0:0:0:1, 3:1:1:0:2, 3:0:0:0:2, 3:1:0:0:2, 0:0:0:0:0, 2:1:0:0:3, 4:0:0:0:1, 3:0:0:0:2, 3:1:0:0:2, 2:0:0:0:2, 4:1:0:0:2, 2:0:0:0:0, 3:2:0:0:2, 4:0:0:0:2, 3:1:0:0:2, 2:0:0:0:2, 3:0:0:0:3, 3:1:1:0:2, 4:0:0:0:2, 2:1:1:0:2, 0:0:0:0:0, 2:1:0:0:2, 2:0:0:0:1, 3:0:0:0:2, 2:1:0:0:2, 2:1:0:0:2, 4:0:0:0:1, 3:1:0:0:2, 0:0:0:0:0, 3:1:1:0:2, 3:0:0:0:1, 2:0:0:0:0, 2:0:0:0:2, 3:1:1:0:2, 2:0:0:0:2, 4:1:0:0:1, 1:0:0:0:0, 2:1:1:0:2, 3:0:0:0:1, 3:0:0:0:2, 2:1:1:0:2, 4:0:0:0:2, 2:2:0:0:2, 2:0:0:0:1, 4:2:0:0:2, 2:0:0:0:2, 4:1:0:0:2, 3:1:0:0:1, 4:0:0:0:3, 3:2:0:0:2, 4:0:0:0:2, 2:1:0:0:2, 0:0:0:0:0, 3:1:0:0:2, 3:0:0:0:0, 3:0:0:0:2, 2:1:0:0:3, 1:0:0:0:0, 1:0:0:0:4, 1:1:0:0:1, 1:1:0:0:1, 1:0:0:0:0, 2:1:0:0:1, 0:0:0:0:0, 0:0:0:0:0, 0:0:0:0:0, 753:153:45:0:467
Db mixolydian (5b), 1:0:0:0:1, 1:0:0:0:1, 0:0:0:0:0, 2:0:0:0:4, 1:0:0:0:1, 3:0:0:0:1, 1:0:0:0:1, 2:0:0:0:1, 0:0:0:0:0, 1:0:0:0:1, 0:0:0:0:0, 2:0:0:0:4, 1:0:0:0:2, 1:0:0:0:1, 1:0:0:0:1, 3:1:0:0:4, 0:0:0:0:0, 1:0:0:0:1, 2:0:0:0:6, 1:0:0:0:1, 2:0:0:0:1, 2:0:0:0:2, 1:0:0:0:1, 3:0:1:0:2, 1:0:0:0:1, 2:0:0:0:2, 3:1:0:0:4, 2:0:0:0:2, 0:0:0:0:0, 1:0:0:0:1, 2:0:1:0:1, 1:0:0:0:1, 3:0:0:0:2, 1:0:0:0:0, 1:0:0:0:1, 0:0:0:0:0, 1:0:0:0:0, 2:0:0:0:3, 0:0:0:0:0, 0:0:0:0:0, 1:0:0:0:1, 1:0:0:0:1, 0:0:0:0:0, 1:0:0:0:3, 1:0:0:0:1, 0:0:0:0:0, 0:0:0:0:0, 2:0:0:0:2, 3:1:0:0:4, 1:0:0:0:1, 3:0:0:0:1, 2:0:0:0:3, 1:0:0:0:1, 1:0:0:0:0, 1:0:0:0:1, 1:0:0:0:0, 1:0:0:0:0, 2:0:0:0:1, 4:0:0:0:6, 1:0:0:0:1, 0:0:0:0:0, 2:0:0:0:2, 3:0:0:0:2, 1:0:0:0:1, 0:0:0:0:0, 1:0:0:0:1, 1:0:0:0:1, 2:0:0:0:3, 1:0:0:0:1, 1:0:0:0:1, 2:0:0:0:2, 2:0:0:0:1, 2:0:0:0:2, 1:0:0:0:1, 0:0:0:0:0, 1:0:0:0:3, 1:0:0:0:1, 1:0:0:0:1, 1:0:0:0:1, 2:0:0:0:2, 0:0:0:0:0, 2:0:1:0:1, 3:1:0:0:4, 2:0:0:0:3, 1:0:0:0:1, 1:0:0:0:1, 1:0:0:0:2, 1:0:0:0:1, 1:0:0:0:1, 3:0:0:0:2, 2:0:0:0:6, 0:0:0:0:0, 1:0:0:0:1, 3:0:0:0:2, 0:0:0:0:0, 1:0:0:0:2, 0:0:0:0:0, 4:0:0:0:3, 0:0:0:0:0, 1:0:0:0:2, 1:0:1:0:0, 1:0:0:0:1, 0:0:0:0:0, 2:0:0:0:2, 2:0:0:0:1, 1:0:0:0:1, 0:0:0:0:0, 1:0:0:0:3, 0:0:0:0:0, 3:0:0:0:1, 0:0:0:0:0, 1:0:0:0:3, 1:0:0:0:1, 1:0:0:0:1, 0:0:0:0:0, 1:0:0:0:2, 0:0:0:0:0, 1:0:0:0:1, 1:0:0:0:2, 1:0:0:0:1, 2:0:0:0:1, 0:0:0:0:0, 3:0:0:0:4, 1:0:0:0:1, 0:0:0:0:0, 1:0:0:0:1, 0:0:0:0:0, 2:0:0:0:2, 1:0:0:0:1, 0:0:0:0:0, 0:0:0:0:0, 1:0:0:0:3, 1:0:0:0:1, 3:0:0:0:1, 1:0:0:0:1, 1:0:0:0:1, 2:0:0:0:1, 0:0:0:0:0, 0:0:0:0:0, 1:0:0:0:3, 1:0:0:0:1, 0:0:0:0:0, 0:0:0:0:0, 1:0:0:0:1, 1:0:0:0:1, 1:0:0:0:2, 1:0:0:0:1, 2:0:0:0:3, 0:0:0:0:0, 1:0:0:0:1, 1:0:0:0:1, 0:0:0:0:0, 0:0:0:0:0, 2:0:0:0:1, 4:0:0:0:5, 1:0:0:0:1, 2:0:0:0:1, 1:0:0:0:1, 0:0:0:0:0, 2:0:0:0:1, 1:0:0:0:1, 1:0:0:0:3, 0:0:0:0:0, 2:0:0:0:4, 0:0:0:0:0, 1:0:0:0:1, 1:0:0:0:1, 0:0:0:0:0, 0:0:0:0:0, 2:0:0:0:2, 2:0:0:0:1, 1:0:0:0:3, 1:0:0:0:1, 1:0:0:0:1, 2:0:0:0:2, 1:0:0:0:1, 1:0:0:0:1, 1:0:0:0:1, 1:0:0:0:1, 2:1:0:0:4, 0:0:0:0:0, 1:0:0:0:1, 1:0:0:0:1, 0:0:0:0:0, 2:0:0:0:1, 2:0:0:0:1, 4:0:0:0:4, 1:0:0:0:1, 0:0:0:0:0, 1:0:0:0:1, 2:0:0:0:0, 3:0:0:0:2, 2:0:0:0:1, 2:0:0:0:3, 0:0:0:0:0, 2:0:0:0:4, 2:0:0:0:2, 2:0:0:0:2, 2:0:0:0:2, 0:0:0:0:0, 2:0:0:0:1, 1:0:0:0:1, 0:0:0:0:0, 2:0:0:0:2, 0:0:0:0:0, 3:0:0:0:1, 1:0:0:0:1, 1:0:0:0:3, 1:0:0:0:1, 1:0:0:0:1, 0:0:0:0:0, 2:0:0:0:1, 0:0:0:0:0, 1:0:0:0:1, 1:0:0:0:1, 1:0:0:0:1, 2:0:0:0:1, 0:0:0:0:0, 3:0:0:0:4, 1:0:0:0:1, 0:0:0:0:0, 1:0:0:0:1, 0:0:0:0:0, 2:0:0:0:3, 1:0:0:0:1, 0:0:0:0:0, 0:0:0:0:0, 1:0:0:0:3, 1:0:0:0:1, 1:0:0:0:1, 1:0:0:0:1, 2:1:0:0:3, 2:0:0:0:1, 0:0:0:0:0, 0:0:0:0:0, 1:0:0:0:3, 1:0:0:0:1, 0:0:0:0:0, 0:0:0:0:0, 1:0:0:0:1, 1:0:0:0:1, 1:0:0:0:2, 1:0:0:0:1, 2:0:0:0:3, 0:0:0:0:0, 1:0:0:0:1, 1:0:0:0:1, 0:0:0:0:0, 0:0:0:0:0, 2:0:0:0:1, 4:0:0:0:5, 1:0:0:0:1, 2:0:0:0:1, 1:0:0:0:1, 0:0:0:0:0, 2:0:0:0:1, 1:0:0:0:1, 2:0:0:0:3, 0:0:0:0:0, 1:0:0:0:3, 0:0:0:0:0, 1:0:0:0:1, 1:0:0:0:1, 0:0:0:0:0, 0:0:0:0:0, 2:0:0:0:2, 1:0:0:0:0, 1:0:0:0:3, 1:0:0:0:1, 1:0:0:0:1, 2:0:0:0:2, 1:0:0:0:1, 1:0:0:0:1, 1:0:0:0:1, 2:0:0:0:2, 2:1:0:0:5, 0:0:0:0:0, 1:0:0:0:1, 1:0:0:0:1, 1:0:0:0:1, 2:0:0:0:1, 2:0:0:0:1, 4:0:0:0:4, 2:0:0:0:2, 0:0:0:0:0, 1:0:0:0:1, 2:0:0:0:0, 3:0:0:0:2, 2:0:0:0:1, 2:0:0:0:3, 0:0:0:0:0, 1:0:0:0:3, 1:0:0:0:1, 2:0:0:0:2, 2:0:0:0:2, 0:0:0:0:0, 1:0:0:0:0, 0:0:0:0:0, 0:0:0:0:0, 0:0:0:0:0, 0:0:0:0:0, 3:0:1:0:3, 0:0:0:0:0, 0:0:0:0:0, 0:0:0:0:0, 351:7:5:0:373
B mixolydian (5#), 3:1:0:0:2, 3:0:0:0:2, 2:1:1:0:2, 0:0:0:0:0, 2:1:0:0:2, 3:0:0:0:0, 3:0:0:0:0, 3:0:0:0:3, 2:1:0:0:2, 3:0:0:0:2, 3:1:1:0:3, 0:0:0:0:0, 4:1:0:0:1, 2:0:0:0:1, 3:0:0:0:2, 3:1:1:0:2, 2:0:0:0:3, 3:1:0:0:2, 1:0:0:0:0, 3:2:0:0:2, 4:1:0:0:3, 3:1:0:0:1, 2:0:0:0:1, 5:0:0:0:2, 3:1:1:0:2, 4:0:0:0:2, 3:1:1:0:2, 0:0:0:0:0, 2:1:0:0:2, 1:0:0:0:0, 3:0:0:0:2, 3:1:0:0:2, 2:0:0:0:0, 3:0:0:0:3, 3:1:0:0:1, 3:1:0:0:2, 2:0:0:0:0, 0:0:0:0:0, 1:1:0:0:1, 1:1:0:0:1, 3:1:1:0:2, 2:0:0:0:2, 2:1:1:0:2, 1:0:1:0:0, 3:1:1:0:2, 2:0:0:0:1, 3:0:0:0:1, 4:0:0:0:2, 4:1:1:0:2, 4:0:0:0:2, 3:1:0:0:1, 1:0:0:0:0, 3:1:1:0:2, 3:0:0:0:1, 3:0:0:0:2, 3:1:1:0:2, 3:0:0:0:3, 4:1:0:0:2, 2:0:0:0:0, 3:2:0:0:2, 2:0:0:0:3, 4:1:0:0:1, 2:0:0:0:0, 4:0:0:0:1, 2:1:0:0:3, 4:1:0:0:3, 3:1:0:0:1, 1:0:0:0:0, 3:1:1:0:2, 2:0:0:0:1, 4:0:0:0:2, 4:1:1:0:2, 3:1:0:0:2, 3:0:0:0:2, 2:1:0:0:1, 0:0:0:0:0, 3:1:1:0:2, 3:0:0:0:1, 3:0:0:0:1, 4:0:0:0:1, 2:1:0:0:1, 3:0:0:0:2, 3:1:1:0:2, 1:0:0:0:0, 2:1:0:0:2, 2:0:0:0:1, 2:0:0:0:3, 2:1:0:0:1, 3:0:0:0:2, 5:1:0:0:2, 1:0:0:0:0, 3:2:0:0:2, 3:0:0:0:2, 5:1:0:0:2, 1:0:0:0:0, 2:0:0:0:2, 2:1:0:0:1, 5:0:0:0:1, 2:1:0:0:2, 0:0:0:0:0, 3:1:0:0:2, 2:0:0:0:1, 3:1:0:0:2, 3:1:0:0:3, 3:1:0:0:2, 3:0:0:0:2, 2:1:0:0:2, 0:0:0:0:0, 2:1:0:0:3, 2:0:0:0:0, 2:0:0:0:1, 2:0:0:0:2, 3:1:1:0:2, 3:0:0:0:2, 2:1:1:0:2, 1:0:1:0:0, 3:1:1:0:3, 3:0:0:0:1, 3:0:0:0:2, 2:1:1:0:2, 4:0:0:0:2, 2:1:0:0:3, 2:0:0:0:0, 2:2:0:0:2, 2:0:0:0:3, 3:1:0:0:2, 2:0:0:0:1, 4:0:0:0:1, 3:1:0:0:2, 2:0:0:0:2, 2:1:0:0:1, 0:0:0:0:0, 3:1:1:0:2, 2:0:0:0:0, 3:0:0:0:2, 4:1:1:0:2, 2:1:0:0:2, 2:0:0:0:2, 2:1:0:0:2, 0:0:0:0:0, 2:1:0:0:2, 2:1:0:0:1, 3:0:0:0:1, 3:0:0:0:1, 3:1:1:0:2, 3:0:0:0:2, 3:1:0:0:2, 0:0:0:0:0, 2:1:0:0:2, 4:0:0:0:1, 3:0:0:0:2, 3:1:0:0:2, 2:0:0:0:2, 4:1:0:0:2, 2:0:0:0:0, 3:2:0:0:2, 4:0:0:0:2, 3:1:0:0:2, 2:0:0:0:2, 3:0:0:0:3, 3:1:1:0:2, 3:0:0:0:2, 2:1:1:0:2, 0:0:0:0:0, 3:1:0:0:2, 2:0:0:0:1, 3:0:0:0:2, 2:1:0:0:2, 2:1:0:0:2, 4:0:0:0:1, 3:1:0:0:2, 0:0:0:0:0, 3:1:1:0:2, 3:0:0:0:1, 2:0:0:0:0, 2:0:0:0:2, 3:1:1:0:2, 2:0:0:0:2, 3:1:0:0:1, 1:0:0:0:0, 2:1:1:0:2, 3:0:0:0:1, 3:0:0:0:2, 2:1:1:0:2, 4:0:0:0:2, 2:2:0:0:2, 2:0:0:0:1, 4:2:0:0:2, 2:0:0:0:2, 4:1:0:0:2, 2:0:0:0:0, 4:0:0:0:3, 3:2:0:0:2, 4:0:0:0:2, 2:1:0:0:2, 1:0:0:0:0, 4:2:0:0:3, 4:0:0:0:0, 3:0:0:0:2, 2:1:1:0:1, 3:1:0:0:2, 3:0:0:0:2, 2:1:0:0:2, 0:0:0:0:0, 2:1:0:0:3, 2:0:0:0:0, 3:0:0:0:1, 2:0:0:0:2, 3:1:1:0:2, 3:0:0:0:2, 2:1:1:0:2, 1:0:1:0:0, 3:1:1:0:3, 3:0:0:0:1, 3:0:0:0:2, 2:1:1:0:2, 4:0:0:0:2, 2:1:0:0:3, 2:0:0:0:0, 2:2:0:0:2, 2:0:0:0:3, 3:1:0:0:2, 2:0:0:0:1, 4:0:0:0:1, 3:1:0:0:2, 2:0:0:0:2, 2:1:0:0:1, 0:0:0:0:0, 3:1:1:0:2, 2:0:0:0:1, 3:0:0:0:2, 4:1:1:0:2, 2:1:0:0:2, 2:0:0:0:2, 2:1:0:0:2, 0:0:0:0:0, 2:1:0:0:2, 2:1:0:0:1, 3:0:0:0:1, 3:0:0:0:1, 3:1:1:0:2, 3:0:0:0:2, 3:1:0:0:2, 0:0:0:0:0, 2:1:0:0:3, 4:0:0:0:1, 3:0:0:0:2, 3:1:0:0:2, 2:0:0:0:2, 4:1:0:0:2, 2:0:0:0:0, 3:2:0:0:2, 4:0:0:0:2, 3:1:0:0:2, 2:0:0:0:2, 3:0:0:0:3, 3:1:1:0:2, 4:0:0:0:2, 2:1:1:0:2, 0:0:0:0:0, 2:1:0:0:2, 2:0:0:0:1, 3:0:0:0:2, 2:1:0:0:2, 2:1:0:0:2, 4:0:0:0:1, 3:1:0:0:2, 0:0:0:0:0, 3:1:1:0:2, 3:0:0:0:1, 2:0:0:0:0, 2:0:0:0:2, 3:1:1:0:2, 2:0:0:0:2, 4:1:0:0:1, 1:0:0:0:0, 2:1:1:0:2, 3:0:0:0:1, 3:0:0:0:2, 2:1:1:0:2, 4:0:0:0:2, 2:2:0:0:2, 2:0:0:0:1, 4:2:0:0:2, 2:0:0:0:2, 4:1:0:0:2, 3:1:0:0:1, 4:0:0:0:3, 3:2:0:0:2, 4:0:0:0:2, 2:1:0:0:2, 0:0:0:0:0, 3:1:0:0:2, 3:0:0:0:0, 3:0:0:0:2, 2:1:0:0:3, 1:0:0:0:0, 1:0:0:0:4, 1:1:0:0:1, 1:1:0:0:1, 1:0:0:0:0, 2:1:0:0:1, 0:0:0:0:0, 0:0:0:0:0, 0:0:0:0:0, 753:153:45:0:467
Db aeolian (5b), 1:0:0:0:1, 1:0:0:0:1, 0:0:0:0:0, 2:0:0:0:4, 1:0:0:0:1, 3:0:0:0:1, 1:0:0:0:1, 2:0:0:0:1, 0:0:0:0:0, 1:0:0:0:1, 0:0:0:0:0, 2:0:0:0:4, 1:0:0:0:2, 1:0:0:0:1, 1:0:0:0:1, 3:1:0:0:4, 0:0:0:0:0, 1:0:0:0:1, 2:0:0:0:6, 1:0:0:0:1, 2:0:0:0:1, 2:0:0:0:2, 1:0:0:0:1, 3:0:1:0:2, 1:0:0:0:1, 2:0:0:0:2, 3:1:0:0:4, 2:0:0:0:2, 0:0:0:0:0, 1:0:0:0:1, 2:0:1:0:1, 1:0:0:0:1, 3:0:0:0:2, 1:0:0:0:0, 1:0:0:0:1, 0:0:0:0:0, 1:0:0:0:0, 2:0:0:0:3, 0:0:0:0:0, 0:0:0:0:0, 1:0:0:0:1, 1:0:0:0:1, 0:0:0:0:0, 1:0:0:0:3, 1:0:0:0:1, 0:0:0:0:0, 0:0:0:0:0, 2:0:0:0:2, 3:1:0:0:4, 1:0:0:0:1, 3:0:0:0:1, 2:0:0:0:3, 1:0:0:0:1, 1:0:0:0:0, 1:0:0:0:1, 1:0:0:0:0, 1:0:0:0:0, 2:0:0:0:1, 4:0:0:0:6, 1:0:0:0:1, 0:0:0:0:0, 2:0:0:0:2, 3:0:0:0:2, 1:0:0:0:1, 0:0:0:0:0, 1:0:0:0:1, 1:0:0:0:1, 2:0:0:0:3, 1:0:0:0:1, 1:0:0:0:1, 2:0:0:0:2, 2:0:0:0:1, 2:0:0:0:2, 1:0:0:0:1, 0:0:0:0:0, 1:0:0:0:3, 1:0:0:0:1, 1:0:0:0:1, 1:0:0:0:1, 2:0:0:0:2, 0:0:0:0:0, 2:0:1:0:1, 3:1:0:0:4, 2:0:0:0:3, 1:0:0:0:1, 1:0:0:0:1, 1:0:0:0:2, 1:0:0:0:1, 1:0:0:0:1, 3:0:0:0:2, 2:0:0:0:6, 0:0:0:0:0, 1:0:0:0:1, 3:0:0:0:2, 0:0:0:0:0, 1:0:0:0:2, 0:0:0:0:0, 4:0:0:0:3, 0:0:0:0:0, 1:0:0:0:2, 1:0:1:0:0, 1:0:0:0:1, 0:0:0:0:0, 2:0:0:0:2, 2:0:0:0:1, 1:0:0:0:1, 0:0:0:0:0, 1:0:0:0:3, 0:0:0:0:0, 3:0:0:0:1, 0:0:0:0:0, 1:0:0:0:3, 1:0:0:0:1, 1:0:0:0:1, 0:0:0:0:0, 1:0:0:0:2, 0:0:0:0:0, 1:0:0:0:1, 1:0:0:0:2, 1:0:0:0:1, 2:0:0:0:1, 0:0:0:0:0, 3:0:0:0:4, 1:0:0:0:1, 0:0:0:0:0, 1:0:0:0:1, 0:0:0:0:0, 2:0:0:0:2, 1:0:0:0:1, 0:0:0:0:0, 0:0:0:0:0, 1:0:0:0:3, 1:0:0:0:1, 3:0:0:0:1, 1:0:0:0:1, 1:0:0:0:1, 2:0:0:0:1, 0:0:0:0:0, 0:0:0:0:0, 1:0:0:0:3, 1:0:0:0:1, 0:0:0:0:0, 0:0:0:0:0, 1:0:0:0:1, 1:0:0:0:1, 1:0:0:0:2, 1:0:0:0:1, 2:0:0:0:3, 0:0:0:0:0, 1:0:0:0:1, 1:0:0:0:1, 0:0:0:0:0, 0:0:0:0:0, 2:0:0:0:1, 4:0:0:0:5, 1:0:0:0:1, 2:0:0:0:1, 1:0:0:0:1, 0:0:0:0:0, 2:0:0:0:1, 1:0:0:0:1, 1:0:0:0:3, 0:0:0:0:0, 2:0:0:0:4, 0:0:0:0:0, 1:0:0:0:1, 1:0:0:0:1, 0:0:0:0:0, 0:0:0:0:0, 2:0:0:0:2, 2:0:0:0:1, 1:0:0:0:3, 1:0:0:0:1, 1:0:0:0:1, 2:0:0:0:2, 1:0:0:0:1, 1:0:0:0:1, 1:0:0:0:1, 1:0:0:0:1, 2:1:0:0:4, 0:0:0:0:0, 1:0:0:0:1, 1:0:0:0:1, 0:0:0:0:0, 2:0:0:0:1, 2:0:0:0:1, 4:0:0:0:4, 1:0:0:0:1, 0:0:0:0:0, 1:0:0:0:1, 2:0:0:0:0, 3:0:0:0:2, 2:0:0:0:1, 2:0:0:0:3, 0:0:0:0:0, 2:0:0:0:4, 2:0:0:0:2, 2:0:0:0:2, 2:0:0:0:2, 0:0:0:0:0, 2:0:0:0:1, 1:0:0:0:1, 0:0:0:0:0, 2:0:0:0:2, 0:0:0:0:0, 3:0:0:0:1, 1:0:0:0:1, 1:0:0:0:3, 1:0:0:0:1, 1:0:0:0:1, 0:0:0:0:0, 2:0:0:0:1, 0:0:0:0:0, 1:0:0:0:1, 1:0:0:0:1, 1:0:0:0:1, 2:0:0:0:1, 0:0:0:0:0, 3:0:0:0:4, 1:0:0:0:1, 0:0:0:0:0, 1:0:0:0:1, 0:0:0:0:0, 2:0:0:0:3, 1:0:0:0:1, 0:0:0:0:0, 0:0:0:0:0, 1:0:0:0:3, 1:0:0:0:1, 1:0:0:0:1, 1:0:0:0:1, 2:1:0:0:3, 2:0:0:0:1, 0:0:0:0:0, 0:0:0:0:0, 1:0:0:0:3, 1:0:0:0:1, 0:0:0:0:0, 0:0:0:0:0, 1:0:0:0:1, 1:0:0:0:1, 1:0:0:0:2, 1:0:0:0:1, 2:0:0:0:3, 0:0:0:0:0, 1:0:0:0:1, 1:0:0:0:1, 0:0:0:0:0, 0:0:0:0:0, 2:0:0:0:1, 4:0:0:0:5, 1:0:0:0:1, 2:0:0:0:1, 1:0:0:0:1, 0:0:0:0:0, 2:0:0:0:1, 1:0:0:0:1, 2:0:0:0:3, 0:0:0:0:0, 1:0:0:0:3, 0:0:0:0:0, 1:0:0:0:1, 1:0:0:0:1, 0:0:0:0:0, 0:0:0:0:0, 2:0:0:0:2, 1:0:0:0:0, 1:0:0:0:3, 1:0:0:0:1, 1:0:0:0:1, 2:0:0:0:2, 1:0:0:0:1, 1:0:0:0:1, 1:0:0:0:1, 2:0:0:0:2, 2:1:0:0:5, 0:0:0:0:0, 1:0:0:0:1, 1:0:0:0:1, 1:0:0:0:1, 2:0:0:0:1, 2:0:0:0:1, 4:0:0:0:4, 2:0:0:0:2, 0:0:0:0:0, 1:0:0:0:1, 2:0:0:0:0, 3:0:0:0:2, 2:0:0:0:1, 2:0:0:0:3, 0:0:0:0:0, 1:0:0:0:3, 1:0:0:0:1, 2:0:0:0:2, 2:0:0:0:2, 0:0:0:0:0, 1:0:0:0:0, 0:0:0:0:0, 0:0:0:0:0, 0:0:0:0:0, 0:0:0:0:0, 3:0:1:0:3, 0:0:0:0:0, 0:0:0:0:0, 0:0:0:0:0, 351:7:5:0:373
B aeolian (5#), 3:1:0:0:2, 3:0:0:0:2, 2:1:1:0:2, 0:0:0:0:0, 2:1:0:0:2, 3:0:0:0:0, 3:0:0:0:0, 3:0:0:0:3, 2:1:0:0:2, 3:0:0:0:2, 3:1:1:0:3, 0:0:0:0:0, 4:1:0:0:1, 2:0:0:0:1, 3:0:0:0:2, 3:1:1:0:2, 2:0:0:0:3, 3:1:0:0:2, 1:0:0:0:0, 3:2:0:0:2, 4:1:0:0:3, 3:1:0:0:1, 2:0:0:0:1, 5:0:0:0:2, 3:1:1:0:2, 4:0:0:0:2, 3:1:1:0:2, 0:0:0:0:0, 2:1:0:0:2, 1:0:0:0:0, 3:0:0:0:2, 3:1:0:0:2, 2:0:0:0:0, 3:0:0:0:3, 3:1:0:0:1, 3:1:0:0:2, 2:0:0:0:0, 0:0:0:0:0, 1:1:0:0:1, 1:1:0:0:1, 3:1:1:0:2, 2:0:0:0:2, 2:1:1:0:2, 1:0:1:0:0, 3:1:1:0:2, 2:0:0:0:1, 3:0:0:0:1, 4:0:0:0:2, 4:1:1:0:2, 4:0:0:0:2, 3:1:0:0:1, 1:0:0:0:0, 3:1:1:0:2, 3:0:0:0:1, 3:0:0:0:2, 3:1:1:0:2, 3:0:0:0:3, 4:1:0:0:2, 2:0:0:0:0, 3:2:0:0:2, 2:0:0:0:3, 4:1:0:0:1, 2:0:0:0:0, 4:0:0:0:1, 2:1:0:0:3, 4:1:0:0:3, 3:1:0:0:1, 1:0:0:0:0, 3:1:1:0:2, 2:0:0:0:1, 4:0:0:0:2, 4:1:1:0:2, 3:1:0:0:2, 3:0:0:0:2, 2:1:0:0:1, 0:0:0:0:0, 3:1:1:0:2, 3:0:0:0:1, 3:0:0:0:1, 4:0:0:0:1, 2:1:0:0:1, 3:0:0:0:2, 3:1:1:0:2, 1:0:0:0:0, 2:1:0:0:2, 2:0:0:0:1, 2:0:0:0:3, 2:1:0:0:1, 3:0:0:0:2, 5:1:0:0:2, 1:0:0:0:0, 3:2:0:0:2, 3:0:0:0:2, 5:1:0:0:2, 1:0:0:0:0, 2:0:0:0:2, 2:1:0:0:1, 5:0:0:0:1, 2:1:0:0:2, 0:0:0:0:0, 3:1:0:0:2, 2:0:0:0:1, 3:1:0:0:2, 3:1:0:0:3, 3:1:0:0:2, 3:0:0:0:2, 2:1:0:0:2, 0:0:0:0:0, 2:1:0:0:3, 2:0:0:0:0, 2:0:0:0:1, 2:0:0:0:2, 3:1:1:0:2, 3:0:0:0:2, 2:1:1:0:2, 1:0:1:0:0, 3:1:1:0:3, 3:0:0:0:1, 3:0:0:0:2, 2:1:1:0:2, 4:0:0:0:2, 2:1:0:0:3, 2:0:0:0:0, 2:2:0:0:2, 2:0:0:0:3, 3:1:0:0:2, 2:0:0:0:1, 4:0:0:0:1, 3:1:0:0:2, 2:0:0:0:2, 2:1:0:0:1, 0:0:0:0:0, 3:1:1:0:2, 2:0:0:0:0, 3:0:0:0:2, 4:1:1:0:2, 2:1:0:0:2, 2:0:0:0:2, 2:1:0:0:2, 0:0:0:0:0, 2:1:0:0:2, 2:1:0:0:1, 3:0:0:0:1, 3:0:0:0:1, 3:1:1:0:2, 3:0:0:0:2, 3:1:0:0:2, 0:0:0:0:0, 2:1:0:0:2, 4:0:0:0:1, 3:0:0:0:2, 3:1:0:0:2, 2:0:0:0:2, 4:1:0:0:2, 2:0:0:0:0, 3:2:0:0:2, 4:0:0:0:2, 3:1:0:0:2, 2:0:0:0:2, 3:0:0:0:3, 3:1:1:0:2, 3:0:0:0:2, 2:1:1:0:2, 0:0:0:0:0, 3:1:0:0:2, 2:0:0:0:1, 3:0:0:0:2, 2:1:0:0:2, 2:1:0:0:2, 4:0:0:0:1, 3:1:0:0:2, 0:0:0:0:0, 3:1:1:0:2, 3:0:0:0:1, 2:0:0:0:0, 2:0:0:0:2, 3:1:1:0:2, 2:0:0:0:2, 3:1:0:0:1, 1:0:0:0:0, 2:1:1:0:2, 3:0:0:0:1, 3:0:0:0:2, 2:1:1:0:2, 4:0:0:0:2, 2:2:0:0:2, 2:0:0:0:1, 4:2:0:0:2, 2:0:0:0:2, 4:1:0:0:2, 2:0:0:0:0, 4:0:0:0:3, 3:2:0:0:2, 4:0:0:0:2, 2:1:0:0:2, 1:0:0:0:0, 4:2:0:0:3, 4:0:0:0:0, 3:0:0:0:2, 2:1:1:0:1, 3:1:0:0:2, 3:0:0:0:2, 2:1:0:0:2, 0:0:0:0:0, 2:1:0:0:3, 2:0:0:0:0, 3:0:0:0:1, 2:0:0:0:2, 3:1:1:0:2, 3:0:0:0:2, 2:1:1:0:2, 1:0:1:0:0, 3:1:1:0:3, 3:0:0:0:1, 3:0:0:0:2, 2:1:1:0:2, 4:0:0:0:2, 2:1:0:0:3, 2:0:0:0:0, 2:2:0:0:2, 2:0:0:0:3, 3:1:0:0:2, 2:0:0:0:1, 4:0:0:0:1, 3:1:0:0:2, 2:0:0:0:2, 2:1:0:0:1, 0:0:0:0:0, 3:1:1:0:2, 2:0:0:0:1, 3:0:0:0:2, 4:1:1:0:2, 2:1:0:0:2, 2:0:0:0:2, 2:1:0:0:2, 0:0:0:0:0, 2:1:0:0:2, 2:1:0:0:1, 3:0:0:0:1, 3:0:0:0:1, 3:1:1:0:2, 3:0:0:0:2, 3:1:0:0:2, 0:0:0:0:0, 2:1:0:0:3, 4:0:0:0:1, 3:0:0:0:2, 3:1:0:0:2, 2:0:0:0:2, 4:1:0:0:2, 2:0:0:0:0, 3:2:0:0:2, 4:0:0:0:2, 3:1:0:0:2, 2:0:0:0:2, 3:0:0:0:3, 3:1:1:0:2, 4:0:0:0:2, 2:1:1:0:2, 0:0:0:0:0, 2:1:0:0:2, 2:0:0:0:1, 3:0:0:0:2, 2:1:0:0:2, 2:1:0:0:2, 4:0:0:0:1, 3:1:0:0:2, 0:0:0:0:0, 3:1:1:0:2, 3:0:0:0:1, 2:0:0:0:0, 2:0:0:0:2, 3:1:1:0:2, 2:0:0:0:2, 4:1:0:0:1, 1:0:0:0:0, 2:1:1:0:2, 3:0:0:0:1, 3:0:0:0:2, 2:1:1:0:2, 4:0:0:0:2, 2:2:0:0:2, 2:0:0:0:1, 4:2:0:0:2, 2:0:0:0:2, 4:1:0:0:2, 3:1:0:0:1, 4:0:0:0:3, 3:2:0:0:2, 4:0:0:0:2, 2:1:0:0:2, 0:0:0:0:0, 3:1:0:0:2, 3:0:0:0:0, 3:0:0:0:2, 2:1:0:0:3, 1:0:0:0:0, 1:0:0:0:4, 1:1:0:0:1, 1:1:0:0:1, 1:0:0:0:0, 2:1:0:0:1, 0:0:0:0:0, 0:0:0:0:0, 0:0:0:0:0, 753:153:45:0:467
Db locrian (5b), 1:0:0:0:1, 1:0:0:0:1, 0:0:0:0:0, 2:0:0:0:4, 1:0:0:0:1, 3:0:0:0:1, 1:0:0:0:1, 2:0:0:0:1, 0:0:0:0:0, 1:0:0:0:1, 0:0:0:0:0, 2:0:0:0:4, 1:0:0:0:2, 1:0:0:0:1, 1:0:0:0:1, 3:1:0:0:4, 0:0:0:0:0, 1:0:0:0:1, 2:0:0:0:6, 1:0:0:0:1, 2:0:0:0:1, 2:0:0:0:2, 1:0:0:0:1, 3:0:1:0:2, 1:0:0:0:1, 2:0:0:0:2, 3:1:0:0:4, 2:0:0:0:2, 0:0:0:0:0, 1:0:0:0:1, 2:0:1:0:1, 1:0:0:0:1, 3:0:0:0:2, 1:0:0:0:0, 1:0:0:0:1, 0:0:0:0:0, 1:0:0:0:0, 2:0:0:0:3, 0:0:0:0:0, 0:0:0:0:0, 1:0:0:0:1, 1:0:0:0:1, 0:0:0:0:0, 1:0:0:0:3, 1:0:0:0:1, 0:0:0:0:0, 0:0:0:0:0, 2:0:0:0:2, 3:1:0:0:4, 1:0:0:0:1, 3:0:0:0:1, 2:0:0:0:3, 1:0:0:0:1, 1:0:0:0:0, 1:0:0:0:1, 1:0:0:0:0, 1:0:0:0:0, 2:0:0:0:1, 4:0:0:0:6, 1:0:0:0:1, 0:0:0:0:0, 2:0:0:0:2, 3:0:0:0:2, 1:0:0:0:1, 0:0:0:0:0, 1:0:0:0:1, 1:0:0:0:1, 2:0:0:0:3, 1:0:0:0:1, 1:0:0:0:1, 2:0:0:0:2, 2:0:0:0:1, 2:0:0:0:2, 1:0:0:0:1, 0:0:0:0:0, 1:0:0:0:3, 1:0:0:0:1, 1:0:0:0:1, 1:0:0:0:1, 2:0:0:0:2, 0:0:0:0:0, 2:0:1:0:1, 3:1:0:0:4, 2:0:0:0:3, 1:0:0:0:1, 1:0:0:0:1, 1:0:0:0:2, 1:0:0:0:1, 1:0:0:0:1, 3:0:0:0:2, 2:0:0:0:6, 0:0:0:0:0, 1:0:0:0:1, 3:0:0:0:2, 0:0:0:0:0, 1:0:0:0:2, 0:0:0:0:0, 4:0:0:0:3, 0:0:0:0:0, 1:0:0:0:2, 1:0:1:0:0, 1:0:0:0:1, 0:0:0:0:0, 2:0:0:0:2, 2:0:0:0:1, 1:0:0:0:1, 0:0:0:0:0, 1:0:0:0:3, 0:0:0:0:0, 3:0:0:0:1, 0:0:0:0:0, 1:0:0:0:3, 1:0:0:0:1, 1:0:0:0:1, 0:0:0:0:0, 1:0:0:0:2, 0:0:0:0:0, 1:0:0:0:1, 1:0:0:0:2, 1:0:0:0:1, 2:0:0:0:1, 0:0:0:0:0, 3:0:0:0:4, 1:0:0:0:1, 0:0:0:0:0, 1:0:0:0:1, 0:0:0:0:0, 2:0:0:0:2, 1:0:0:0:1, 0:0:0:0:0, 0:0:0:0:0, 1:0:0:0:3, 1:0:0:0:1, 3:0:0:0:1, 1:0:0:0:1, 1:0:0:0:1, 2:0:0:0:1, 0:0:0:0:0, 0:0:0:0:0, 1:0:0:0:3, 1:0:0:0:1, 0:0:0:0:0, 0:0:0:0:0, 1:0:0:0:1, 1:0:0:0:1, 1:0:0:0:2, 1:0:0:0:1, 2:0:0:0:3, 0:0:0:0:0, 1:0:0:0:1, 1:0:0:0:1, 0:0:0:0:0, 0:0:0:0:0, 2:0:0:0:1, 4:0:0:0:5, 1:0:0:0:1, 2:0:0:0:1, 1:0:0:0:1, 0:0:0:0:0, 2:0:0:0:1, 1:0:0:0:1, 1:0:0:0:3, 0:0:0:0:0, 2:0:0:0:4, 0:0:0:0:0, 1:0:0:0:1, 1:0:0:0:1, 0:0:0:0:0, 0:0:0:0:0, 2:0:0:0:2, 2:0:0:0:1, 1:0:0:0:3, 1:0:0:0:1, 1:0:0:0:1, 2:0:0:0:2, 1:0:0:0:1, 1:0:0:0:1, 1:0:0:0:1, 1:0:0:0:1, 2:1:0:0:4, 0:0:0:0:0, 1:0:0:0:1, 1:0:0:0:1, 0:0:0:0:0, 2:0:0:0:1, 2:0:0:0:1, 4:0:0:0:4, 1:0:0:0:1, 0:0:0:0:0, 1:0:0:0:1, 2:0:0:0:0, 3:0:0:0:2, 2:0:0:0:1, 2:0:0:0:3, 0:0:0:0:0, 2:0:0:0:4, 2:0:0:0:2, 2:0:0:0:2, 2:0:0:0:2, 0:0:0:0:0, 2:0:0:0:1, 1:0:0:0:1, 0:0:0:0:0, 2:0:0:0:2, 0:0:0:0:0, 3:0:0:0:1, 1:0:0:0:1, 1:0:0:0:3, 1:0:0:0:1, 1:0:0:0:1, 0:0:0:0:0, 2:0:0:0:1, 0:0:0:0:0, 1:0:0:0:1, 1:0:0:0:1, 1:0:0:0:1, 2:0:0:0:1, 0:0:0:0:0, 3:0:0:0:4, 1:0:0:0:1, 0:0:0:0:0, 1:0:0:0:1, 0:0:0:0:0, 2:0:0:0:3, 1:0:0:0:1, 0:0:0:0:0, 0:0:0:0:0, 1:0:0:0:3, 1:0:0:0:1, 1:0:0:0:1, 1:0:0:0:1, 2:1:0:0:3, 2:0:0:0:1, 0:0:0:0:0, 0:0:0:0:0, 1:0:0:0:3, 1:0:0:0:1, 0:0:0:0:0, 0:0:0:0:0, 1:0:0:0:1, 1:0:0:0:1, 1:0:0:0:2, 1:0:0:0:1, 2:0:0:0:3, 0:0:0:0:0, 1:0:0:0:1, 1:0:0:0:1, 0:0:0:0:0, 0:0:0:0:0, 2:0:0:0:1, 4:0:0:0:5, 1:0:0:0:1, 2:0:0:0:1, 1:0:0:0:1, 0:0:0:0:0, 2:0:0:0:1, 1:0:0:0:1, 2:0:0:0:3, 0:0:0:0:0, 1:0:0:0:3, 0:0:0:0:0, 1:0:0:0:1, 1:0:0:0:1, 0:0:0:0:0, 0:0:0:0:0, 2:0:0:0:2, 1:0:0:0:0, 1:0:0:0:3, 1:0:0:0:1, 1:0:0:0:1, 2:0:0:0:2, 1:0:0:0:1, 1:0:0:0:1, 1:0:0:0:1, 2:0:0:0:2, 2:1:0:0:5, 0:0:0:0:0, 1:0:0:0:1, 1:0:0:0:1, 1:0:0:0:1, 2:0:0:0:1, 2:0:0:0:1, 4:0:0:0:4, 2:0:0:0:2, 0:0:0:0:0, 1:0:0:0:1, 2:0:0:0:0, 3:0:0:0:2, 2:0:0:0:1, 2:0:0:0:3, 0:0:0:0:0, 1:0:0:0:3, 1:0:0:0:1, 2:0:0:0:2, 2:0:0:0:2, 0:0:0:0:0, 1:0:0:0:0, 0:0:0:0:0, 0:0:0:0:0, 0:0:0:0:0, 0:0:0:0:0, 3:0:1:0:3, 0:0:0:0:0, 0:0:0:0:0, 0:0:0:0:0, 351:7:5:0:373
B locrian (5#), 3:1:0:0:2, 3:0:0:0:2, 2:1:1:0:2, 0:0:0:0:0, 2:1:0:0:2, 3:0:0:0:0, 3:0:0:0:0, 3:0:0:0:3, 2:1:0:0:2, 3:0:0:0:2, 3:1:1:0:3, 0:0:0:0:0, 4:1:0:0:1, 2:0:0:0:1, 3:0:0:0:2, 3:1:1:0:2, 2:0:0:0:3, 3:1:0:0:2, 1:0:0:0:0, 3:2:0:0:2, 4:1:0:0:3, 3:1:0:0:1, 2:0:0:0:1, 5:0:0:0:2, 3:1:1:0:2, 4:0:0:0:2, 3:1:1:0:2, 0:0:0:0:0, 2:1:0:0:2, 1:0:0:0:0, 3:0:0:0:2, 3:1:0:0:2, 2:0:0:0:0, 3:0:0:0:3, 3:1:0:0:1, 3:1:0:0:2, 2:0:0:0:0, 0:0:0:0:0, 1:1:0:0:1, 1:1:0:0:1, 3:1:1:0:2, 2:0:0:0:2, 2:1:1:0:2, 1:0:1:0:0, 3:1:1:0:2, 2:0:0:0:1, 3:0:0:0:1, 4:0:0:0:2, 4:1:1:0:2, 4:0:0:0:2, 3:1:0:0:1, 1:0:0:0:0, 3:1:1:0:2, 3:0:0:0:1, 3:0:0:0:2, 3:1:1:0:2, 3:0:0:0:3, 4:1:0:0:2, 2:0:0:0:0, 3:2:0:0:2, 2:0:0:0:3, 4:1:0:0:1, 2:0:0:0:0, 4:0:0:0:1, 2:1:0:0:3, 4:1:0:0:3, 3:1:0:0:1, 1:0:0:0:0, 3:1:1:0:2, 2:0:0:0:1, 4:0:0:0:2, 4:1:1:0:2, 3:1:0:0:2, 3:0:0:0:2, 2:1:0:0:1, 0:0:0:0:0, 3:1:1:0:2, 3:0:0:0:1, 3:0:0:0:1, 4:0:0:0:1, 2:1:0:0:1, 3:0:0:0:2, 3:1:1:0:2, 1:0:0:0:0, 2:1:0:0:2, 2:0:0:0:1, 2:0:0:0:3, 2:1:0:0:1, 3:0:0:0:2, 5:1:0:0:2, 1:0:0:0:0, 3:2:0:0:2, 3:0:0:0:2, 5:1:0:0:2, 1:0:0:0:0, 2:0:0:0:2, 2:1:0:0:1, 5:0:0:0:1, 2:1:0:0:2, 0:0:0:0:0, 3:1:0:0:2, 2:0:0:0:1, 3:1:0:0:2, 3:1:0:0:3, 3:1:0:0:2, 3:0:0:0:2, 2:1:0:0:2, 0:0:0:0:0, 2:1:0:0:3, 2:0:0:0:0, 2:0:0:0:1, 2:0:0:0:2, 3:1:1:0:2, 3:0:0:0:2, 2:1:1:0:2, 1:0:1:0:0, 3:1:1:0:3, 3:0:0:0:1, 3:0:0:0:2, 2:1:1:0:2, 4:0:0:0:2, 2:1:0:0:3, 2:0:0:0:0, 2:2:0:0:2, 2:0:0:0:3, 3:1:0:0:2, 2:0:0:0:1, 4:0:0:0:1, 3:1:0:0:2, 2:0:0:0:2, 2:1:0:0:1, 0:0:0:0:0, 3:1:1:0:2, 2:0:0:0:0, 3:0:0:0:2, 4:1:1:0:2, 2:1:0:0:2, 2:0:0:0:2, 2:1:0:0:2, 0:0:0:0:0, 2:1:0:0:2, 2:1:0:0:1, 3:0:0:0:1, 3:0:0:0:1, 3:1:1:0:2, 3:0:0:0:2, 3:1:0:0:2, 0:0:0:0:0, 2:1:0:0:2, 4:0:0:0:1, 3:0:0:0:2, 3:1:0:0:2, 2:0:0:0:2, 4:1:0:0:2, 2:0:0:0:0, 3:2:0:0:2, 4:0:0:0:2, 3:1:0:0:2, 2:0:0:0:2, 3:0:0:0:3, 3:1:1:0:2, 3:0:0:0:2, 2:1:1:0:2, 0:0:0:0:0, 3:1:0:0:2, 2:0:0:0:1, 3:0:0:0:2, 2:1:0:0:2, 2:1:0:0:2, 4:0:0:0:1, 3:1:0:0:2, 0:0:0:0:0, 3:1:1:0:2, 3:0:0:0:1, 2:0:0:0:0, 2:0:0:0:2, 3:1:1:0:2, 2:0:0:0:2, 3:1:0:0:1, 1:0:0:0:0, 2:1:1:0:2, 3:0:0:0:1, 3:0:0:0:2, 2:1:1:0:2, 4:0:0:0:2, 2:2:0:0:2, 2:0:0:0:1, 4:2:0:0:2, 2:0:0:0:2, 4:1:0:0:2, 2:0:0:0:0, 4:0:0:0:3, 3:2:0:0:2, 4:0:0:0:2, 2:1:0:0:2, 1:0:0:0:0, 4:2:0:0:3, 4:0:0:0:0, 3:0:0:0:2, 2:1:1:0:1, 3:1:0:0:2, 3:0:0:0:2, 2:1:0:0:2, 0:0:0:0:0, 2:1:0:0:3, 2:0:0:0:0, 3:0:0:0:1, 2:0:0:0:2, 3:1:1:0:2, 3:0:0:0:2, 2:1:1:0:2, 1:0:1:0:0, 3:1:1:0:3, 3:0:0:0:1, 3:0:0:0:2, 2:1:1:0:2, 4:0:0:0:2, 2:1:0:0:3, 2:0:0:0:0, 2:2:0:0:2, 2:0:0:0:3, 3:1:0:0:2, 2:0:0:0:1, 4:0:0:0:1, 3:1:0:0:2, 2:0:0:0:2, 2:1:0:0:1, 0:0:0:0:0, 3:1:1:0:2, 2:0:0:0:1, 3:0:0:0:2, 4:1:1:0:2, 2:1:0:0:2, 2:0:0:0:2, 2:1:0:0:2, 0:0:0:0:0, 2:1:0:0:2, 2:1:0:0:1, 3:0:0:0:1, 3:0:0:0:1, 3:1:1:0:2, 3:0:0:0:2, 3:1:0:0:2, 0:0:0:0:0, 2:1:0:0:3, 4:0:0:0:1, 3:0:0:0:2, 3:1:0:0:2, 2:0:0:0:2, 4:1:0:0:2, 2:0:0:0:0, 3:2:0:0:2, 4:0:0:0:2, 3:1:0:0:2, 2:0:0:0:2, 3:0:0:0:3, 3:1:1:0:2, 4:0:0:0:2, 2:1:1:0:2, 0:0:0:0:0, 2:1:0:0:2, 2:0:0:0:1, 3:0:0:0:2, 2:1:0:0:2, 2:1:0:0:2, 4:0:0:0:1, 3:1:0:0:2, 0:0:0:0:0, 3:1:1:0:2, 3:0:0:0:1, 2:0:0:0:0, 2:0:0:0:2, 3:1:1:0:2, 2:0:0:0:2, 4:1:0:0:1, 1:0:0:0:0, 2:1:1:0:2, 3:0:0:0:1, 3:0:0:0:2, 2:1:1:0:2, 4:0:0:0:2, 2:2:0:0:2, 2:0:0:0:1, 4:2:0:0:2, 2:0:0:0:2, 4:1:0:0:2, 3:1:0:0:1, 4:0:0:0:3, 3:2:0:0:2, 4:0:0:0:2, 2:1:0:0:2, 0:0:0:0:0, 3:1:0:0:2, 3:0:0:0:0, 3:0:0:0:2, 2:1:0:0:3, 1:0:0:0:0, 1:0:0:0:4, 1:1:0:0:1, 1:1:0:0:1, 1:0:0:0:0, 2:1:0:0:1, 0:0:0:0:0, 0:0:0:0:0, 0:0:0:0:0, 753:153:45:0:467
Gb major (6b), 0:0:0:0:0, 2:0:0:0:1, 1:0:0:0:0, 2:0:0:0:2, 1:0:0:0:1, 4:0:0:0:2, 2:0:0:0:1, 2:0:0:0:2, 0:0:0:0:0, 2:0:0:0:1, 1:0:0:0:0, 2:0:0:0:2, 1:1:1:0:1, 2:0:0:0:1, 2:0:0:0:1, 4:1:0:0:4, 1:0:0:0:0, 1:0:0:0:1, 2:0:0:0:6, 1:0:0:0:1, 2:0:0:0:3, 2:0:0:0:3, 2:0:0:0:1, 4:0:0:0:2, 1:1:1:0:1, 3:0:0:0:1, 4:1:0:0:4, 2:0:0:0:1, 0:0:0:0:0, 2:0:0:0:1, 3:0:0:0:1, 1:0:0:0:1, 2:0:0:0:4, 1:0:0:0:1, 1:0:0:0:1, 1:0:0:0:0, 2:0:0:0:1, 2:0:0:0:1, 0:0:0:0:0, 0:0:0:0:0, 1:1:1:0:1, 2:0:0:0:0, 1:0:0:0:0, 1:0:0:0:1, 1:1:1:0:1, 1:0:0:0:0, 1:0:0:0:0, 3:0:0:0:2, 3:1:1:2:1, 2:0:0:0:1, 3:0:0:0:3, 2:0:0:0:2, 1:1:1:0:1, 2:0:0:0:1, 2:0:0:0:1, 2:0:0:0:1, 1:0:0:0:1, 2:0:0:0:2, 4:0:0:0:6, 1:0:0:0:1, 1:0:0:0:0, 2:0:0:0:1, 4:0:0:0:3, 2:0:0:0:1, 0:0:0:0:0, 2:0:0:0:1, 2:0:0:0:1, 2:0:0:0:2, 1:1:1:0:1, 2:0:0:0:1, 3:0:0:0:2, 3:0:0:0:1, 1:0:0:0:1, 2:0:0:0:1, 1:0:0:0:0, 1:0:0:0:1, 1:1:1:0:1, 2:0:0:0:1, 2:0:0:0:1, 2:0:0:0:1, 1:0:0:0:0, 3:0:0:0:1, 4:1:0:0:4, 2:0:0:0:2, 1:0:0:0:1, 2:0:0:0:1, 2:0:0:0:2, 1:0:0:0:1, 2:0:0:0:1, 2:0:0:0:2, 2:0:0:0:6, 1:0:0:0:0, 2:0:0:0:1, 2:0:0:0:2, 1:0:0:0:0, 1:1:1:0:1, 1:0:0:0:0, 5:0:0:0:3, 0:0:0:0:0, 1:0:0:0:1, 0:0:0:0:0, 2:0:0:0:1, 1:0:0:0:0, 2:0:0:0:2, 2:0:0:0:1, 2:0:0:0:1, 0:0:0:0:0, 1:0:0:0:1, 0:0:0:0:0, 4:0:0:0:2, 1:0:0:0:0, 1:0:0:0:3, 1:1:1:0:1, 2:0:0:0:1, 1:0:0:0:0, 1:0:0:0:1, 1:0:0:0:0, 2:0:0:0:1, 2:0:0:0:2, 2:0:0:0:1, 2:0:0:0:2, 0:0:0:0:0, 3:0:0:0:5, 0:0:0:0:0, 1:0:0:0:0, 1:0:0:0:1, 1:0:0:0:0, 3:0:0:0:2, 0:0:0:0:0, 1:0:0:0:0, 1:0:0:0:0, 1:0:0:0:1, 1:1:1:0:1, 4:0:0:0:2, 2:0:0:0:1, 2:0:0:0:1, 2:0:0:0:1, 1:0:0:0:0, 0:0:0:0:0, 1:0:0:0:1, 1:0:0:0:1, 1:0:0:0:0, 1:0:0:0:0, 2:0:0:0:1, 1:1:1:0:1, 2:0:0:0:2, 1:0:0:0:1, 2:0:0:0:1, 0:0:0:0:0, 2:0:0:0:1, 2:0:0:0:1, 1:0:0:0:0, 1:0:0:0:0, 2:0:0:0:2, 4:0:0:0:5, 1:0:0:0:1, 2:0:0:0:2, 1:0:0:0:1, 1:0:0:0:0, 2:0:0:0:2, 1:1:1:0:1, 2:0:0:0:3, 1:0:0:0:0, 2:0:0:0:2, 1:0:0:0:0, 2:0:0:0:0, 2:0:0:0:1, 0:0:0:0:0, 0:0:0:0:0, 3:0:0:0:2, 2:0:0:0:2, 1:0:0:0:1, 1:1:1:0:1, 2:0:0:0:1, 3:0:0:0:2, 1:0:0:0:1, 1:1:1:0:1, 2:0:0:0:0, 2:0:0:0:1, 3:1:0:0:3, 1:0:0:0:0, 2:0:0:0:1, 2:0:0:0:1, 1:0:0:0:0, 2:0:0:0:2, 2:0:0:0:1, 3:0:0:0:3, 2:0:0:0:1, 1:0:0:0:0, 1:0:0:0:1, 3:0:0:0:1, 3:0:0:0:3, 2:0:0:0:2, 3:0:0:0:3, 0:0:0:0:0, 2:0:0:0:2, 1:0:0:0:1, 3:0:0:0:2, 3:0:0:0:2, 0:0:0:0:0, 2:0:0:0:1, 2:0:0:0:1, 0:0:0:0:0, 2:0:0:0:1, 0:0:0:0:0, 4:0:0:0:2, 2:0:0:0:1, 1:0:0:0:3, 1:1:1:0:1, 2:0:0:0:1, 1:0:0:0:0, 2:0:0:0:1, 1:0:0:0:0, 2:0:0:0:1, 2:0:0:0:1, 2:0:0:0:1, 2:0:0:0:2, 0:0:0:0:0, 3:0:0:0:5, 0:0:0:0:0, 1:0:0:0:0, 1:0:0:0:1, 1:0:0:0:0, 3:0:0:0:3, 0:0:0:0:0, 1:0:0:0:0, 1:0:0:0:0, 1:0:0:0:1, 1:1:1:0:1, 2:0:0:0:1, 2:0:0:0:1, 3:1:0:0:3, 2:0:0:0:1, 1:0:0:0:0, 0:0:0:0:0, 1:0:0:0:1, 1:0:0:0:1, 1:0:0:0:0, 1:0:0:0:0, 2:0:0:0:1, 1:1:1:0:1, 2:0:0:0:2, 1:0:0:0:1, 2:0:0:0:1, 0:0:0:0:0, 2:0:0:0:1, 2:0:0:0:1, 1:0:0:0:0, 1:0:0:0:0, 2:0:0:0:2, 4:0:0:0:5, 1:0:0:0:1, 2:0:0:0:2, 1:0:0:0:1, 1:0:0:0:0, 2:0:0:0:2, 1:1:1:0:1, 3:0:0:0:3, 1:0:0:0:0, 1:0:0:0:1, 0:0:0:0:0, 2:0:0:0:0, 2:0:0:0:1, 0:0:0:0:0, 0:0:0:0:0, 3:0:0:0:2, 1:0:0:0:1, 1:0:0:0:1, 1:1:1:0:1, 2:0:0:0:1, 3:0:0:0:2, 1:0:0:0:1, 1:1:1:0:1, 2:0:0:0:0, 3:0:0:0:2, 3:1:0:0:3, 1:0:0:0:0, 2:0:0:0:1, 2:0:0:0:1, 2:0:0:0:1, 2:0:0:0:2, 2:0:0:0:1, 3:0:0:0:3, 2:0:0:0:2, 1:0:0:0:0, 1:0:0:0:1, 3:0:0:0:1, 3:0:0:0:3, 2:0:0:0:2, 3:0:0:0:3, 0:0:0:0:0, 1:0:0:0:1, 0:0:0:0:0, 3:0:0:0:2, 3:0:0:0:2, 0:0:0:0:0, 1:0:0:0:4, 0:0:0:0:0, 0:0:0:0:0, 0:0:0:0:0, 1:0:0:0:0, 2:0:0:0:1, 0:0:0:0:0, 0:0:0:0:0, 0:0:0:0:0, 483:27:21:2:345
F# major (6#), 2:1:0:0:1, 3:0:0:0:3, 2:1:1:0:1, 1:0:0:0:0, 2:2:1:0:2, 3:0:0:0:2, 3:0:0:0:2, 3:0:0:0:1, 1:1:0:0:1, 3:0:0:0:3, 2:1:1:0:1, 1:0:0:0:0, 4:1:0:0:2, 2:0:0:0:2, 3:0:0:0:3, 4:1:1:0:1, 2:0:0:0:2, 2:1:0:0:1, 2:0:0:0:0, 3:2:0:0:2, 4:1:0:0:2, 3:1:0:0:1, 1:0:0:0:2, 5:0:0:0:2, 3:1:1:0:1, 4:0:0:0:3, 4:1:1:0:1, 0:0:0:0:0, 1:1:0:0:1, 1:0:0:0:3, 3:0:0:0:3, 2:1:0:0:1, 2:0:0:0:0, 3:0:0:0:1, 3:1:0:0:1, 2:1:0:0:2, 2:0:0:0:3, 0:0:0:0:0, 1:1:0:0:1, 1:1:0:0:1, 3:1:1:0:1, 2:0:0:0:3, 2:1:1:0:1, 0:0:0:0:0, 3:1:1:0:1, 1:0:0:0:2, 2:0:0:0:1, 4:0:0:0:2, 4:1:1:0:1, 4:0:0:0:3, 3:1:0:0:1, 1:0:0:0:0, 3:1:1:0:1, 2:0:0:0:2, 3:0:0:0:4, 3:1:1:0:1, 3:0:0:0:1, 3:1:0:0:1, 3:0:0:0:0, 3:2:0:0:2, 2:0:0:0:2, 4:1:0:0:2, 3:0:0:0:2, 4:0:0:0:2, 1:1:0:0:1, 4:0:0:0:3, 3:1:0:0:3, 1:0:0:0:0, 3:1:1:0:1, 2:0:0:0:2, 4:0:0:0:3, 4:1:1:0:1, 3:2:1:0:2, 3:0:0:0:3, 2:1:0:0:2, 0:0:0:0:0, 3:1:1:0:1, 2:0:0:0:2, 2:0:0:0:3, 4:0:0:0:2, 2:1:0:0:2, 3:0:0:0:2, 4:1:1:0:1, 1:0:0:0:0, 2:2:1:0:2, 1:0:0:0:2, 3:0:0:0:4, 2:1:0:0:1, 3:0:0:0:2, 4:1:0:0:1, 2:0:0:0:0, 3:2:0:0:3, 3:0:0:0:2, 4:1:0:0:1, 1:0:0:0:3, 2:0:0:0:2, 2:1:0:0:2, 5:0:0:0:3, 1:1:0:0:1, 0:0:0:0:0, 2:1:0:0:1, 1:0:0:0:2, 3:1:0:0:4, 3:2:1:0:2, 2:1:0:0:1, 3:0:0:0:3, 1:1:0:0:1, 0:0:0:0:0, 1:1:0:0:1, 2:0:0:0:2, 1:0:0:0:3, 2:0:0:0:1, 3:1:1:0:1, 3:0:0:0:3, 2:1:1:0:1, 0:0:0:0:0, 2:1:1:0:1, 2:0:0:0:2, 3:0:0:0:3, 3:1:1:0:1, 4:0:0:0:1, 1:1:0:0:1, 3:0:0:0:0, 2:2:0:0:2, 2:0:0:0:2, 2:1:0:0:1, 1:0:0:0:2, 4:0:0:0:2, 2:1:0:0:1, 2:0:0:0:4, 2:1:0:0:2, 0:0:0:0:0, 3:1:1:0:1, 2:0:0:0:2, 3:0:0:0:3, 4:1:1:0:1, 2:2:1:0:2, 2:0:0:0:4, 1:1:0:0:1, 0:0:0:0:0, 2:2:1:0:2, 2:1:0:0:4, 2:0:0:0:2, 3:0:0:0:2, 3:1:1:0:1, 4:0:0:0:4, 2:1:0:0:1, 0:0:0:0:0, 1:1:0:0:1, 3:0:0:0:2, 3:0:0:0:3, 2:1:0:0:2, 2:0:0:0:3, 3:1:0:0:1, 3:0:0:0:0, 3:2:0:0:2, 4:0:0:0:1, 2:1:0:0:1, 1:0:0:0:2, 3:0:0:0:1, 3:1:1:0:1, 3:0:0:0:3, 2:1:1:0:1, 1:0:0:0:0, 2:1:0:0:2, 1:0:0:0:2, 3:0:0:0:3, 1:1:0:0:1, 1:1:0:0:1, 4:0:0:0:3, 3:1:0:0:1, 0:0:0:0:0, 3:1:1:0:1, 2:0:0:0:2, 3:0:0:0:2, 2:0:0:0:1, 3:1:1:0:1, 2:0:0:0:3, 3:1:0:0:2, 1:0:0:0:1, 2:1:1:0:1, 2:0:0:0:2, 3:0:0:0:3, 2:1:1:0:1, 4:0:0:0:1, 2:2:0:0:2, 3:0:0:0:0, 4:2:0:0:3, 2:0:0:0:2, 3:1:0:0:1, 2:0:0:0:3, 4:0:0:0:1, 3:2:0:0:2, 4:0:0:0:3, 1:1:0:0:1, 1:0:0:0:0, 3:2:0:0:2, 4:0:0:0:2, 4:0:0:0:4, 1:1:0:0:1, 2:1:0:0:1, 3:0:0:0:3, 1:1:0:0:1, 0:0:0:0:0, 1:1:0:0:1, 2:0:0:0:2, 2:0:0:0:3, 2:0:0:0:1, 3:1:1:0:1, 3:0:0:0:3, 2:1:1:0:1, 0:0:0:0:0, 2:1:1:0:1, 2:0:0:0:2, 3:0:0:0:3, 3:1:1:0:1, 4:0:0:0:1, 1:1:0:0:1, 3:0:0:0:0, 2:2:0:0:2, 2:0:0:0:2, 2:1:0:0:1, 1:0:0:0:2, 4:0:0:0:2, 2:1:0:0:1, 2:0:0:0:4, 2:1:0:0:2, 0:0:0:0:0, 3:1:1:0:1, 1:0:0:0:2, 3:0:0:0:3, 4:1:1:0:1, 2:2:1:0:2, 2:0:0:0:4, 1:1:0:0:1, 0:0:0:0:0, 2:2:1:0:2, 2:1:0:0:4, 2:0:0:0:1, 3:0:0:0:2, 3:1:1:0:1, 4:0:0:0:4, 2:1:0:0:1, 0:0:0:0:0, 1:1:0:0:1, 3:0:0:0:2, 3:0:0:0:3, 2:1:0:0:2, 2:0:0:0:3, 3:1:0:0:1, 3:0:0:0:0, 3:2:0:0:2, 4:0:0:0:1, 2:1:0:0:1, 1:0:0:0:2, 3:0:0:0:1, 3:1:1:0:1, 4:0:0:0:3, 2:1:1:0:1, 0:0:0:0:0, 1:1:0:0:1, 1:0:0:0:2, 3:0:0:0:3, 1:1:0:0:1, 1:1:0:0:1, 4:0:0:0:3, 2:1:0:0:1, 0:0:0:0:0, 3:1:1:0:1, 2:0:0:0:3, 3:0:0:0:2, 2:0:0:0:1, 3:1:1:0:1, 2:0:0:0:3, 4:1:0:0:2, 1:0:0:0:1, 2:1:1:0:1, 2:0:0:0:2, 3:0:0:0:3, 3:1:1:0:1, 4:0:0:0:1, 2:2:0:0:2, 3:0:0:0:1, 4:2:0:0:2, 2:0:0:0:2, 3:1:0:0:1, 3:1:0:0:3, 4:0:0:0:1, 3:2:0:0:2, 4:0:0:0:3, 1:1:0:0:1, 0:0:0:0:0, 2:1:0:0:1, 3:0:0:0:2, 4:0:0:0:4, 1:1:0:0:1, 1:0:0:0:0, 1:0:0:0:1, 1:1:0:0:1, 1:1:0:0:1, 1:0:0:0:4, 2:1:0:0:1, 0:0:0:0:0, 0:0:0:0:0, 0:0:0:0:0, 695:160:49:0:487
Eb minor (6b), 0:0:0:0:0, 2:0:0:0:1, 1:0:0:0:0, 2:0:0:0:2, 1:0:0:0:1, 4:0:0:0:2, 2:0:0:0:1, 2:0:0:0:2, 0:0:0:0:0, 2:0:0:0:1, 1:0:0:0:0, 2:0:0:0:2, 1:1:1:0:1, 2:0:0:0:1, 2:0:0:0:1, 4:1:0:0:4, 1:0:0:0:0, 1:0:0:0:1, 2:0:0:0:6, 1:0:0:0:1, 2:0:0:0:3, 2:0:0:0:3, 2:0:0:0:1, 4:0:0:0:2, 1:1:1:0:1, 3:0:0:0:1, 4:1:0:0:4, 2:0:0:0:1, 0:0:0:0:0, 2:0:0:0:1, 3:0:0:0:1, 1:0:0:0:1, 2:0:0:0:4, 1:0:0:0:1, 1:0:0:0:1, 1:0:0:0:0, 2:0:0:0:1, 2:0:0:0:1, 0:0:0:0:0, 0:0:0:0:0, 1:1:1:0:1, 2:0:0:0:0, 1:0:0:0:0, 1:0:0:0:1, 1:1:1:0:1, 1:0:0:0:0, 1:0:0:0:0, 3:0:0:0:2, 3:1:1:2:1, 2:0:0:0:1, 3:0:0:0:3, 2:0:0:0:2, 1:1:1:0:1, 2:0:0:0:1, 2:0:0:0:1, 2:0:0:0:1, 1:0:0:0:1, 2:0:0:0:2, 4:0:0:0:6, 1:0:0:0:1, 1:0:0:0:0, 2:0:0:0:1, 4:0:0:0:3, 2:0:0:0:1, 0:0:0:0:0, 2:0:0:0:1, 2:0:0:0:1, 2:0:0:0:2, 1:1:1:0:1, 2:0:0:0:1, 3:0:0:0:2, 3:0:0:0:1, 1:0:0:0:1, 2:0:0:0:1, 1:0:0:0:0, 1:0:0:0:1, 1:1:1:0:1, 2:0:0:0:1, 2:0:0:0:1, 2:0:0:0:1, 1:0:0:0:0, 3:0:0:0:1, 4:1:0:0:4, 2:0:0:0:2, 1:0:0:0:1, 2:0:0:0:1, 2:0:0:0:2, 1:0:0:0:1, 2:0:0:0:1, 2:0:0:0:2, 2:0:0:0:6, 1:0:0:0:0, 2:0:0:0:1, 2:0:0:0:2, 1:0:0:0:0, 1:1:1:0:1, 1:0:0:0:0, 5:0:0:0:3, 0:0:0:0:0, 1:0:0:0:1, 0:0:0:0:0, 2:0:0:0:1, 1:0:0:0:0, 2:0:0:0:2, 2:0:0:0:1, 2:0:0:0:1, 0:0:0:0:0, 1:0:0:0:1, 0:0:0:0:0, 4:0:0:0:2, 1:0:0:0:0, 1:0:0:0:3, 1:1:1:0:1, 2:0:0:0:1, 1:0:0:0:0, 1:0:0:0:1, 1:0:0:0:0, 2:0:0:0:1, 2:0:0:0:2, 2:0:0:0:1, 2:0:0:0:2, 0:0:0:0:0, 3:0:0:0:5, 0:0:0:0:0, 1:0:0:0:0, 1:0:0:0:1, 1:0:0:0:0, 3:0:0:0:2, 0:0:0:0:0, 1:0:0:0:0, 1:0:0:0:0, 1:0:0:0:1, 1:1:1:0:1, 4:0:0:0:2, 2:0:0:0:1, 2:0:0:0:1, 2:0:0:0:1, 1:0:0:0:0, 0:0:0:0:0, 1:0:0:0:1, 1:0:0:0:1, 1:0:0:0:0, 1:0:0:0:0, 2:0:0:0:1, 1:1:1:0:1, 2:0:0:0:2, 1:0:0:0:1, 2:0:0:0:1, 0:0:0:0:0, 2:0:0:0:1, 2:0:0:0:1, 1:0:0:0:0, 1:0:0:0:0, 2:0:0:0:2, 4:0:0:0:5, 1:0:0:0:1, 2:0:0:0:2, 1:0:0:0:1, 1:0:0:0:0, 2:0:0:0:2, 1:1:1:0:1, 2:0:0:0:3, 1:0:0:0:0, 2:0:0:0:2, 1:0:0:0:0, 2:0:0:0:0, 2:0:0:0:1, 0:0:0:0:0, 0:0:0:0:0, 3:0:0:0:2, 2:0:0:0:2, 1:0:0:0:1, 1:1:1:0:1, 2:0:0:0:1, 3:0:0:0:2, 1:0:0:0:1, 1:1:1:0:1, 2:0:0:0:0, 2:0:0:0:1, 3:1:0:0:3, 1:0:0:0:0, 2:0:0:0:1, 2:0:0:0:1, 1:0:0:0:0, 2:0:0:0:2, 2:0:0:0:1, 3:0:0:0:3, 2:0:0:0:1, 1:0:0:0:0, 1:0:0:0:1, 3:0:0:0:1, 3:0:0:0:3, 2:0:0:0:2, 3:0:0:0:3, 0:0:0:0:0, 2:0:0:0:2, 1:0:0:0:1, 3:0:0:0:2, 3:0:0:0:2, 0:0:0:0:0, 2:0:0:0:1, 2:0:0:0:1, 0:0:0:0:0, 2:0:0:0:1, 0:0:0:0:0, 4:0:0:0:2, 2:0:0:0:1, 1:0:0:0:3, 1:1:1:0:1, 2:0:0:0:1, 1:0:0:0:0, 2:0:0:0:1, 1:0:0:0:0, 2:0:0:0:1, 2:0:0:0:1, 2:0:0:0:1, 2:0:0:0:2, 0:0:0:0:0, 3:0:0:0:5, 0:0:0:0:0, 1:0:0:0:0, 1:0:0:0:1, 1:0:0:0:0, 3:0:0:0:3, 0:0:0:0:0, 1:0:0:0:0, 1:0:0:0:0, 1:0:0:0:1, 1:1:1:0:1, 2:0:0:0:1, 2:0:0:0:1, 3:1:0:0:3, 2:0:0:0:1, 1:0:0:0:0, 0:0:0:0:0, 1:0:0:0:1, 1:0:0:0:1, 1:0:0:0:0, 1:0:0:0:0, 2:0:0:0:1, 1:1:1:0:1, 2:0:0:0:2, 1:0:0:0:1, 2:0:0:0:1, 0:0:0:0:0, 2:0:0:0:1, 2:0:0:0:1, 1:0:0:0:0, 1:0:0:0:0, 2:0:0:0:2, 4:0:0:0:5, 1:0:0:0:1, 2:0:0:0:2, 1:0:0:0:1, 1:0:0:0:0, 2:0:0:0:2, 1:1:1:0:1, 3:0:0:0:3, 1:0:0:0:0, 1:0:0:0:1, 0:0:0:0:0, 2:0:0:0:0, 2:0:0:0:1, 0:0:0:0:0, 0:0:0:0:0, 3:0:0:0:2, 1:0:0:0:1, 1:0:0:0:1, 1:1:1:0:1, 2:0:0:0:1, 3:0:0:0:2, 1:0:0:0:1, 1:1:1:0:1, 2:0:0:0:0, 3:0:0:0:2, 3:1:0:0:3, 1:0:0:0:0, 2:0:0:0:1, 2:0:0:0:1, 2:0:0:0:1, 2:0:0:0:2, 2:0:0:0:1, 3:0:0:0:3, 2:0:0:0:2, 1:0:0:0:0, 1:0:0:0:1, 3:0:0:0:1, 3:0:0:0:3, 2:0:0:0:2, 3:0:0:0:3, 0:0:0:0:0, 1:0:0:0:1, 0:0:0:0:0, 3:0:0:0:2, 3:0:0:0:2, 0:0:0:0:0, 1:0:0:0:4, 0:0:0:0:0, 0:0:0:0:0, 0:0:0:0:0, 1:0:0:0:0, 2:0:0:0:1, 0:0:0:0:0, 0:0:0:0:0, 0:0:0:0:0, 483:27:21:2:345
D# minor (6#), 2:1:0:0:1, 3:0:0:0:3, 2:1:1:0:1, 1:0:0:0:0, 2:2:1:0:2, 3:0:0:0:2, 3:0:0:0:2, 3:0:0:0:1, 1:1:0:0:1, 3:0:0:0:3, 2:1:1:0:1, 1:0:0:0:0, 4:1:0:0:2, 2:0:0:0:2, 3:0:0:0:3, 4:1:1:0:1, 2:0:0:0:2, 2:1:0:0:1, 2:0:0:0:0, 3:2:0:0:2, 4:1:0:0:2, 3:1:0:0:1, 1:0:0:0:2, 5:0:0:0:2, 3:1:1:0:1, 4:0:0:0:3, 4:1:1:0:1, 0:0:0:0:0, 1:1:0:0:1, 1:0:0:0:3, 3:0:0:0:3, 2:1:0:0:1, 2:0:0:0:0, 3:0:0:0:1, 3:1:0:0:1, 2:1:0:0:2, 2:0:0:0:3, 0:0:0:0:0, 1:1:0:0:1, 1:1:0:0:1, 3:1:1:0:1, 2:0:0:0:3, 2:1:1:0:1, 0:0:0:0:0, 3:1:1:0:1, 1:0:0:0:2, 2:0:0:0:1, 4:0:0:0:2, 4:1:1:0:1, 4:0:0:0:3, 3:1:0:0:1, 1:0:0:0:0, 3:1:1:0:1, 2:0:0:0:2, 3:0:0:0:4, 3:1:1:0:1, 3:0:0:0:1, 3:1:0:0:1, 3:0:0:0:0, 3:2:0:0:2, 2:0:0:0:2, 4:1:0:0:2, 3:0:0:0:2, 4:0:0:0:2, 1:1:0:0:1, 4:0:0:0:3, 3:1:0:0:3, 1:0:0:0:0, 3:1:1:0:1, 2:0:0:0:2, 4:0:0:0:3, 4:1:1:0:1, 3:2:1:0:2, 3:0:0:0:3, 2:1:0:0:2, 0:0:0:0:0, 3:1:1:0:1, 2:0:0:0:2, 2:0:0:0:3, 4:0:0:0:2, 2:1:0:0:2, 3:0:0:0:2, 4:1:1:0:1, 1:0:0:0:0, 2:2:1:0:2, 1:0:0:0:2, 3:0:0:0:4, 2:1:0:0:1, 3:0:0:0:2, 4:1:0:0:1, 2:0:0:0:0, 3:2:0:0:3, 3:0:0:0:2, 4:1:0:0:1, 1:0:0:0:3, 2:0:0:0:2, 2:1:0:0:2, 5:0:0:0:3, 1:1:0:0:1, 0:0:0:0:0, 2:1:0:0:1, 1:0:0:0:2, 3:1:0:0:4, 3:2:1:0:2, 2:1:0:0:1, 3:0:0:0:3, 1:1:0:0:1, 0:0:0:0:0, 1:1:0:0:1, 2:0:0:0:2, 1:0:0:0:3, 2:0:0:0:1, 3:1:1:0:1, 3:0:0:0:3, 2:1:1:0:1, 0:0:0:0:0, 2:1:1:0:1, 2:0:0:0:2, 3:0:0:0:3, 3:1:1:0:1, 4:0:0:0:1, 1:1:0:0:1, 3:0:0:0:0, 2:2:0:0:2, 2:0:0:0:2, 2:1:0:0:1, 1:0:0:0:2, 4:0:0:0:2, 2:1:0:0:1, 2:0:0:0:4, 2:1:0:0:2, 0:0:0:0:0, 3:1:1:0:1, 2:0:0:0:2, 3:0:0:0:3, 4:1:1:0:1, 2:2:1:0:2, 2:0:0:0:4, 1:1:0:0:1, 0:0:0:0:0, 2:2:1:0:2, 2:1:0:0:4, 2:0:0:0:2, 3:0:0:0:2, 3:1:1:0:1, 4:0:0:0:4, 2:1:0:0:1, 0:0:0:0:0, 1:1:0:0:1, 3:0:0:0:2, 3:0:0:0:3, 2:1:0:0:2, 2:0:0:0:3, 3:1:0:0:1, 3:0:0:0:0, 3:2:0:0:2, 4:0:0:0:1, 2:1:0:0:1, 1:0:0:0:2, 3:0:0:0:1, 3:1:1:0:1, 3:0:0:0:3, 2:1:1:0:1, 1:0:0:0:0, 2:1:0:0:2, 1:0:0:0:2, 3:0:0:0:3, 1:1:0:0:1, 1:1:0:0:1, 4:0:0:0:3, 3:1:0:0:1, 0:0:0:0:0, 3:1:1:0:1, 2:0:0:0:2, 3:0:0:0:2, 2:0:0:0:1, 3:1:1:0:1, 2:0:0:0:3, 3:1:0:0:2, 1:0:0:0:1, 2:1:1:0:1, 2:0:0:0:2, 3:0:0:0:3, 2:1:1:0:1, 4:0:0:0:1, 2:2:0:0:2, 3:0:0:0:0, 4:2:0:0:3, 2:0:0:0:2, 3:1:0:0:1, 2:0:0:0:3, 4:0:0:0:1, 3:2:0:0:2, 4:0:0:0:3, 1:1:0:0:1, 1:0:0:0:0, 3:2:0:0:2, 4:0:0:0:2, 4:0:0:0:4, 1:1:0:0:1, 2:1:0:0:1, 3:0:0:0:3, 1:1:0:0:1, 0:0:0:0:0, 1:1:0:0:1, 2:0:0:0:2, 2:0:0:0:3, 2:0:0:0:1, 3:1:1:0:1, 3:0:0:0:3, 2:1:1:0:1, 0:0:0:0:0, 2:1:1:0:1, 2:0:0:0:2, 3:0:0:0:3, 3:1:1:0:1, 4:0:0:0:1, 1:1:0:0:1, 3:0:0:0:0, 2:2:0:0:2, 2:0:0:0:2, 2:1:0:0:1, 1:0:0:0:2, 4:0:0:0:2, 2:1:0:0:1, 2:0:0:0:4, 2:1:0:0:2, 0:0:0:0:0, 3:1:1:0:1, 1:0:0:0:2, 3:0:0:0:3, 4:1:1:0:1, 2:2:1:0:2, 2:0:0:0:4, 1:1:0:0:1, 0:0:0:0:0, 2:2:1:0:2, 2:1:0:0:4, 2:0:0:0:1, 3:0:0:0:2, 3:1:1:0:1, 4:0:0:0:4, 2:1:0:0:1, 0:0:0:0:0, 1:1:0:0:1, 3:0:0:0:2, 3:0:0:0:3, 2:1:0:0:2, 2:0:0:0:3, 3:1:0:0:1, 3:0:0:0:0, 3:2:0:0:2, 4:0:0:0:1, 2:1:0:0:1, 1:0:0:0:2, 3:0:0:0:1, 3:1:1:0:1, 4:0:0:0:3, 2:1:1:0:1, 0:0:0:0:0, 1:1:0:0:1, 1:0:0:0:2, 3:0:0:0:3, 1:1:0:0:1, 1:1:0:0:1, 4:0:0:0:3, 2:1:0:0:1, 0:0:0:0:0, 3:1:1:0:1, 2:0:0:0:3, 3:0:0:0:2, 2:0:0:0:1, 3:1:1:0:1, 2:0:0:0:3, 4:1:0:0:2, 1:0:0:0:1, 2:1:1:0:1, 2:0:0:0:2, 3:0:0:0:3, 3:1:1:0:1, 4:0:0:0:1, 2:2:0:0:2, 3:0:0:0:1, 4:2:0:0:2, 2:0:0:0:2, 3:1:0:0:1, 3:1:0:0:3, 4:0:0:0:1, 3:2:0:0:2, 4:0:0:0:3, 1:1:0:0:1, 0:0:0:0:0, 2:1:0:0:1, 3:0:0:0:2, 4:0:0:0:4, 1:1:0:0:1, 1:0:0:0:0, 1:0:0:0:1, 1:1:0:0:1, 1:1:0:0:1, 1:0:0:0:4, 2:1:0:0:1, 0:0:0:0:0, 0:0:0:0:0, 0:0:0:0:0, 695:160:49:0:487
Eb minor mel (6b), 0:0:0:0:0, 2:0:0:0:1, 1:0:0:0:0, 2:0:0:0:2, 1:0:0:0:1, 4:0:0:0:2, 2:0:0:0:1, 2:0:0:0:2, 0:0:0:0:0, 2:0:0:0:1, 1:0:0:0:0, 2:0:0:0:2, 1:1:1:0:1, 2:0:0:0:1, 2:0:0:0:1, 4:1:0:0:4, 1:0:0:0:0, 1:0:0:0:1, 2:0:0:0:6, 1:0:0:0:1, 2:0:0:0:3, 2:0:0:0:3, 2:0:0:0:1, 4:0:0:0:2, 1:1:1:0:1, 3:0:0:0:1, 4:1:0:0:4, 2:0:0:0:1, 0:0:0:0:0, 2:0:0:0:1, 3:0:0:0:1, 1:0:0:0:1, 2:0:0:0:4, 1:0:0:0:1, 1:0:0:0:1, 1:0:0:0:0, 2:0:0:0:1, 2:0:0:0:1, 0:0:0:0:0, 0:0:0:0:0, 1:1:1:0:1, 2:0:0:0:0, 1:0:0:0:0, 1:0:0:0:1, 1:1:1:0:1, 1:0:0:0:0, 1:0:0:0:0, 3:0:0:0:2, 3:1:1:2:1, 2:0:0:0:1, 3:0:0:0:3, 2:0:0:0:2, 1:1:1:0:1, 2:0:0:0:1, 2:0:0:0:1, 2:0:0:0:1, 1:0:0:0:1, 2:0:0:0:2, 4:0:0:0:6, 1:0:0:0:1, 1:0:0:0:0, 2:0:0:0:1, 4:0:0:0:3, 2:0:0:0:1, 0:0:0:0:0, 2:0:0:0:1, 2:0:0:0:1, 2:0:0:0:2, 1:1:1:0:1, 2:0:0:0:1, 3:0:0:0:2, 3:0:0:0:1, 1:0:0:0:1, 2:0:0:0:1, 1:0:0:0:0, 1:0:0:0:1, 1:1:1:0:1, 2:0:0:0:1, 2:0:0:0:1, 2:0:0:0:1, 1:0:0:0:0, 3:0:0:0:1, 4:1:0:0:4, 2:0:0:0:2, 1:0:0:0:1, 2:0:0:0:1, 2:0:0:0:2, 1:0:0:0:1, 2:0:0:0:1, 2:0:0:0:2, 2:0:0:0:6, 1:0:0:0:0, 2:0:0:0:1, 2:0:0:0:2, 1:0:0:0:0, 1:1:1:0:1, 1:0:0:0:0, 5:0:0:0:3, 0:0:0:0:0, 1:0:0:0:1, 0:0:0:0:0, 2:0:0:0:1, 1:0:0:0:0, 2:0:0:0:2, 2:0:0:0:1, 2:0:0:0:1, 0:0:0:0:0, 1:0:0:0:1, 0:0:0:0:0, 4:0:0:0:2, 1:0:0:0:0, 1:0:0:0:3, 1:1:1:0:1, 2:0:0:0:1, 1:0:0:0:0, 1:0:0:0:1, 1:0:0:0:0, 2:0:0:0:1, 2:0:0:0:2, 2:0:0:0:1, 2:0:0:0:2, 0:0:0:0:0, 3:0:0:0:5, 0:0:0:0:0, 1:0:0:0:0, 1:0:0:0:1, 1:0:0:0:0, 3:0:0:0:2, 0:0:0:0:0, 1:0:0:0:0, 1:0:0:0:0, 1:0:0:0:1, 1:1:1:0:1, 4:0:0:0:2, 2:0:0:0:1, 2:0:0:0:1, 2:0:0:0:1, 1:0:0:0:0, 0:0:0:0:0, 1:0:0:0:1, 1:0:0:0:1, 1:0:0:0:0, 1:0:0:0:0, 2:0:0:0:1, 1:1:1:0:1, 2:0:0:0:2, 1:0:0:0:1, 2:0:0:0:1, 0:0:0:0:0, 2:0:0:0:1, 2:0:0:0:1, 1:0:0:0:0, 1:0:0:0:0, 2:0:0:0:2, 4:0:0:0:5, 1:0:0:0:1, 2:0:0:0:2, 1:0:0:0:1, 1:0:0:0:0, 2:0:0:0:2, 1:1:1:0:1, 2:0:0:0:3, 1:0:0:0:0, 2:0:0:0:2, 1:0:0:0:0, 2:0:0:0:0, 2:0:0:0:1, 0:0:0:0:0, 0:0:0:0:0, 3:0:0:0:2, 2:0:0:0:2, 1:0:0:0:1, 1:1:1:0:1, 2:0:0:0:1, 3:0:0:0:2, 1:0:0:0:1, 1:1:1:0:1, 2:0:0:0:0, 2:0:0:0:1, 3:1:0:0:3, 1:0:0:0:0, 2:0:0:0:1, 2:0:0:0:1, 1:0:0:0:0, 2:0:0:0:2, 2:0:0:0:1, 3:0:0:0:3, 2:0:0:0:1, 1:0:0:0:0, 1:0:0:0:1, 3:0:0:0:1, 3:0:0:0:3, 2:0:0:0:2, 3:0:0:0:3, 0:0:0:0:0, 2:0:0:0:2, 1:0:0:0:1, 3:0:0:0:2, 3:0:0:0:2, 0:0:0:0:0, 2:0:0:0:1, 2:0:0:0:1, 0:0:0:0:0, 2:0:0:0:1, 0:0:0:0:0, 4:0:0:0:2, 2:0:0:0:1, 1:0:0:0:3, 1:1:1:0:1, 2:0:0:0:1, 1:0:0:0:0, 2:0:0:0:1, 1:0:0:0:0, 2:0:0:0:1, 2:0:0:0:1, 2:0:0:0:1, 2:0:0:0:2, 0:0:0:0:0, 3:0:0:0:5, 0:0:0:0:0, 1:0:0:0:0, 1:0:0:0:1, 1:0:0:0:0, 3:0:0:0:3, 0:0:0:0:0, 1:0:0:0:0, 1:0:0:0:0, 1:0:0:0:1, 1:1:1:0:1, 2:0:0:0:1, 2:0:0:0:1, 3:1:0:0:3, 2:0:0:0:1, 1:0:0:0:0, 0:0:0:0:0, 1:0:0:0:1, 1:0:0:0:1, 1:0:0:0:0, 1:0:0:0:0, 2:0:0:0:1, 1:1:1:0:1, 2:0:0:0:2, 1:0:0:0:1, 2:0:0:0:1, 0:0:0:0:0, 2:0:0:0:1, 2:0:0:0:1, 1:0:0:0:0, 1:0:0:0:0, 2:0:0:0:2, 4:0:0:0:5, 1:0:0:0:1, 2:0:0:0:2, 1:0:0:0:1, 1:0:0:0:0, 2:0:0:0:2, 1:1:1:0:1, 3:0:0:0:3, 1:0:0:0:0, 1:0:0:0:1, 0:0:0:0:0, 2:0:0:0:0, 2:0:0:0:1, 0:0:0:0:0, 0:0:0:0:0, 3:0:0:0:2, 1:0:0:0:1, 1:0:0:0:1, 1:1:1:0:1, 2:0:0:0:1, 3:0:0:0:2, 1:0:0:0:1, 1:1:1:0:1, 2:0:0:0:0, 3:0:0:0:2, 3:1:0:0:3, 1:0:0:0:0, 2:0:0:0:1, 2:0:0:0:1, 2:0:0:0:1, 2:0:0:0:2, 2:0:0:0:1, 3:0:0:0:3, 2:0:0:0:2, 1:0:0:0:0, 1:0:0:0:1, 3:0:0:0:1, 3:0:0:0:3, 2:0:0:0:2, 3:0:0:0:3, 0:0:0:0:0, 1:0:0:0:1, 0:0:0:0:0, 3:0:0:0:2, 3:0:0:0:2, 0:0:0:0:0, 1:0:0:0:4, 0:0:0:0:0, 0:0:0:0:0, 0:0:0:0:0, 1:0:0:0:0, 2:0:0:0:1, 0:0:0:0:0, 0:0:0:0:0, 0:0:0:0:0, 483:27:21:2:345
D# minor mel (6#), 2:1:0:0:1, 3:0:0:0:3, 2:1:1:0:1, 1:0:0:0:0, 2:2:1:0:2, 3:0:0:0:2, 3:0:0:0:2, 3:0:0:0:1, 1:1:0:0:1, 3:0:0:0:3, 2:1:1:0:1, 1:0:0:0:0, 4:1:0:0:2, 2:0:0:0:2, 3:0:0:0:3, 4:1:1:0:1, 2:0:0:0:2, 2:1:0:0:1, 2:0:0:0:0, 3:2:0:0:2, 4:1:0:0:2, 3:1:0:0:1, 1:0:0:0:2, 5:0:0:0:2, 3:1:1:0:1, 4:0:0:0:3, 4:1:1:0:1, 0:0:0:0:0, 1:1:0:0:1, 1:0:0:0:3, 3:0:0:0:3, 2:1:0:0:1, 2:0:0:0:0, 3:0:0:0:1, 3:1:0:0:1, 2:1:0:0:2, 2:0:0:0:3, 0:0:0:0:0, 1:1:0:0:1, 1:1:0:0:1, 3:1:1:0:1, 2:0:0:0:3, 2:1:1:0:1, 0:0:0:0:0, 3:1:1:0:1, 1:0:0:0:2, 2:0:0:0:1, 4:0:0:0:2, 4:1:1:0:1, 4:0:0:0:3, 3:1:0:0:1, 1:0:0:0:0, 3:1:1:0:1, 2:0:0:0:2, 3:0:0:0:4, 3:1:1:0:1, 3:0:0:0:1, 3:1:0:0:1, 3:0:0:0:0, 3:2:0:0:2, 2:0:0:0:2, 4:1:0:0:2, 3:0:0:0:2, 4:0:0:0:2, 1:1:0:0:1, 4:0:0:0:3, 3:1:0:0:3, 1:0:0:0:0, 3:1:1:0:1, 2:0:0:0:2, 4:0:0:0:3, 4:1:1:0:1, 3:2:1:0:2, 3:0:0:0:3, 2:1:0:0:2, 0:0:0:0:0, 3:1:1:0:1, 2:0:0:0:2, 2:0:0:0:3, 4:0:0:0:2, 2:1:0:0:2, 3:0:0:0:2, 4:1:1:0:1, 1:0:0:0:0, 2:2:1:0:2, 1:0:0:0:2, 3:0:0:0:4, 2:1:0:0:1, 3:0:0:0:2, 4:1:0:0:1, 2:0:0:0:0, 3:2:0:0:3, 3:0:0:0:2, 4:1:0:0:1, 1:0:0:0:3, 2:0:0:0:2, 2:1:0:0:2, 5:0:0:0:3, 1:1:0:0:1, 0:0:0:0:0, 2:1:0:0:1, 1:0:0:0:2, 3:1:0:0:4, 3:2:1:0:2, 2:1:0:0:1, 3:0:0:0:3, 1:1:0:0:1, 0:0:0:0:0, 1:1:0:0:1, 2:0:0:0:2, 1:0:0:0:3, 2:0:0:0:1, 3:1:1:0:1, 3:0:0:0:3, 2:1:1:0:1, 0:0:0:0:0, 2:1:1:0:1, 2:0:0:0:2, 3:0:0:0:3, 3:1:1:0:1, 4:0:0:0:1, 1:1:0:0:1, 3:0:0:0:0, 2:2:0:0:2, 2:0:0:0:2, 2:1:0:0:1, 1:0:0:0:2, 4:0:0:0:2, 2:1:0:0:1, 2:0:0:0:4, 2:1:0:0:2, 0:0:0:0:0, 3:1:1:0:1, 2:0:0:0:2, 3:0:0:0:3, 4:1:1:0:1, 2:2:1:0:2, 2:0:0:0:4, 1:1:0:0:1, 0:0:0:0:0, 2:2:1:0:2, 2:1:0:0:4, 2:0:0:0:2, 3:0:0:0:2, 3:1:1:0:1, 4:0:0:0:4, 2:1:0:0:1, 0:0:0:0:0, 1:1:0:0:1, 3:0:0:0:2, 3:0:0:0:3, 2:1:0:0:2, 2:0:0:0:3, 3:1:0:0:1, 3:0:0:0:0, 3:2:0:0:2, 4:0:0:0:1, 2:1:0:0:1, 1:0:0:0:2, 3:0:0:0:1, 3:1:1:0:1, 3:0:0:0:3, 2:1:1:0:1, 1:0:0:0:0, 2:1:0:0:2, 1:0:0:0:2, 3:0:0:0:3, 1:1:0:0:1, 1:1:0:0:1, 4:0:0:0:3, 3:1:0:0:1, 0:0:0:0:0, 3:1:1:0:1, 2:0:0:0:2, 3:0:0:0:2, 2:0:0:0:1, 3:1:1:0:1, 2:0:0:0:3, 3:1:0:0:2, 1:0:0:0:1, 2:1:1:0:1, 2:0:0:0:2, 3:0:0:0:3, 2:1:1:0:1, 4:0:0:0:1, 2:2:0:0:2, 3:0:0:0:0, 4:2:0:0:3, 2:0:0:0:2, 3:1:0:0:1, 2:0:0:0:3, 4:0:0:0:1, 3:2:0:0:2, 4:0:0:0:3, 1:1:0:0:1, 1:0:0:0:0, 3:2:0:0:2, 4:0:0:0:2, 4:0:0:0:4, 1:1:0:0:1, 2:1:0:0:1, 3:0:0:0:3, 1:1:0:0:1, 0:0:0:0:0, 1:1:0:0:1, 2:0:0:0:2, 2:0:0:0:3, 2:0:0:0:1, 3:1:1:0:1, 3:0:0:0:3, 2:1:1:0:1, 0:0:0:0:0, 2:1:1:0:1, 2:0:0:0:2, 3:0:0:0:3, 3:1:1:0:1, 4:0:0:0:1, 1:1:0:0:1, 3:0:0:0:0, 2:2:0:0:2, 2:0:0:0:2, 2:1:0:0:1, 1:0:0:0:2, 4:0:0:0:2, 2:1:0:0:1, 2:0:0:0:4, 2:1:0:0:2, 0:0:0:0:0, 3:1:1:0:1, 1:0:0:0:2, 3:0:0:0:3, 4:1:1:0:1, 2:2:1:0:2, 2:0:0:0:4, 1:1:0:0:1, 0:0:0:0:0, 2:2:1:0:2, 2:1:0:0:4, 2:0:0:0:1, 3:0:0:0:2, 3:1:1:0:1, 4:0:0:0:4, 2:1:0:0:1, 0:0:0:0:0, 1:1:0:0:1, 3:0:0:0:2, 3:0:0:0:3, 2:1:0:0:2, 2:0:0:0:3, 3:1:0:0:1, 3:0:0:0:0, 3:2:0:0:2, 4:0:0:0:1, 2:1:0:0:1, 1:0:0:0:2, 3:0:0:0:1, 3:1:1:0:1, 4:0:0:0:3, 2:1:1:0:1, 0:0:0:0:0, 1:1:0:0:1, 1:0:0:0:2, 3:0:0:0:3, 1:1:0:0:1, 1:1:0:0:1, 4:0:0:0:3, 2:1:0:0:1, 0:0:0:0:0, 3:1:1:0:1, 2:0:0:0:3, 3:0:0:0:2, 2:0:0:0:1, 3:1:1:0:1, 2:0:0:0:3, 4:1:0:0:2, 1:0:0:0:1, 2:1:1:0:1, 2:0:0:0:2, 3:0:0:0:3, 3:1:1:0:1, 4:0:0:0:1, 2:2:0:0:2, 3:0:0:0:1, 4:2:0:0:2, 2:0:0:0:2, 3:1:0:0:1, 3:1:0:0:3, 4:0:0:0:1, 3:2:0:0:2, 4:0:0:0:3, 1:1:0:0:1, 0:0:0:0:0, 2:1:0:0:1, 3:0:0:0:2, 4:0:0:0:4, 1:1:0:0:1, 1:0:0:0:0, 1:0:0:0:1, 1:1:0:0:1, 1:1:0:0:1, 1:0:0:0:4, 2:1:0:0:1, 0:0:0:0:0, 0:0:0:0:0, 0:0:0:0:0, 695:160:49:0:487
Gb major blues (6b), 0:0:0:0:0, 2:0:0:0:1, 1:0:0:0:0, 2:0:0:0:2, 1:0:0:0:1, 4:0:0:0:2, 2:0:0:0:1, 2:0:0:0:2, 0:0:0:0:0, 2:0:0:0:1, 1:0:0:0:0, 2:0:0:0:2, 1:1:1:0:1, 2:0:0:0:1, 2:0:0:0:1, 4:1:0:0:4, 1:0:0:0:0, 1:0:0:0:1, 2:0:0:0:6, 1:0:0:0:1, 2:0:0:0:3, 2:0:0:0:3, 2:0:0:0:1, 4:0:0:0:2, 1:1:1:0:1, 3:0:0:0:1, 4:1:0:0:4, 2:0:0:0:1, 0:0:0:0:0, 2:0:0:0:1, 3:0:0:0:1, 1:0:0:0:1, 2:0:0:0:4, 1:0:0:0:1, 1:0:0:0:1, 1:0:0:0:0, 2:0:0:0:1, 2:0:0:0:1, 0:0:0:0:0, 0:0:0:0:0, 1:1:1:0:1, 2:0:0:0:0, 1:0:0:0:0, 1:0:0:0:1, 1:1:1:0:1, 1:0:0:0:0, 1:0:0:0:0, 3:0:0:0:2, 3:1:1:2:1, 2:0:0:0:1, 3:0:0:0:3, 2:0:0:0:2, 1:1:1:0:1, 2:0:0:0:1, 2:0:0:0:1, 2:0:0:0:1, 1:0:0:0:1, 2:0:0:0:2, 4:0:0:0:6, 1:0:0:0:1, 1:0:0:0:0, 2:0:0:0:1, 4:0:0:0:3, 2:0:0:0:1, 0:0:0:0:0, 2:0:0:0:1, 2:0:0:0:1, 2:0:0:0:2, 1:1:1:0:1, 2:0:0:0:1, 3:0:0:0:2, 3:0:0:0:1, 1:0:0:0:1, 2:0:0:0:1, 1:0:0:0:0, 1:0:0:0:1, 1:1:1:0:1, 2:0:0:0:1, 2:0:0:0:1, 2:0:0:0:1, 1:0:0:0:0, 3:0:0:0:1, 4:1:0:0:4, 2:0:0:0:2, 1:0:0:0:1, 2:0:0:0:1, 2:0:0:0:2, 1:0:0:0:1, 2:0:0:0:1, 2:0:0:0:2, 2:0:0:0:6, 1:0:0:0:0, 2:0:0:0:1, 2:0:0:0:2, 1:0:0:0:0, 1:1:1:0:1, 1:0:0:0:0, 5:0:0:0:3, 0:0:0:0:0, 1:0:0:0:1, 0:0:0:0:0, 2:0:0:0:1, 1:0:0:0:0, 2:0:0:0:2, 2:0:0:0:1, 2:0:0:0:1, 0:0:0:0:0, 1:0:0:0:1, 0:0:0:0:0, 4:0:0:0:2, 1:0:0:0:0, 1:0:0:0:3, 1:1:1:0:1, 2:0:0:0:1, 1:0:0:0:0, 1:0:0:0:1, 1:0:0:0:0, 2:0:0:0:1, 2:0:0:0:2, 2:0:0:0:1, 2:0:0:0:2, 0:0:0:0:0, 3:0:0:0:5, 0:0:0:0:0, 1:0:0:0:0, 1:0:0:0:1, 1:0:0:0:0, 3:0:0:0:2, 0:0:0:0:0, 1:0:0:0:0, 1:0:0:0:0, 1:0:0:0:1, 1:1:1:0:1, 4:0:0:0:2, 2:0:0:0:1, 2:0:0:0:1, 2:0:0:0:1, 1:0:0:0:0, 0:0:0:0:0, 1:0:0:0:1, 1:0:0:0:1, 1:0:0:0:0, 1:0:0:0:0, 2:0:0:0:1, 1:1:1:0:1, 2:0:0:0:2, 1:0:0:0:1, 2:0:0:0:1, 0:0:0:0:0, 2:0:0:0:1, 2:0:0:0:1, 1:0:0:0:0, 1:0:0:0:0, 2:0:0:0:2, 4:0:0:0:5, 1:0:0:0:1, 2:0:0:0:2, 1:0:0:0:1, 1:0:0:0:0, 2:0:0:0:2, 1:1:1:0:1, 2:0:0:0:3, 1:0:0:0:0, 2:0:0:0:2, 1:0:0:0:0, 2:0:0:0:0, 2:0:0:0:1, 0:0:0:0:0, 0:0:0:0:0, 3:0:0:0:2, 2:0:0:0:2, 1:0:0:0:1, 1:1:1:0:1, 2:0:0:0:1, 3:0:0:0:2, 1:0:0:0:1, 1:1:1:0:1, 2:0:0:0:0, 2:0:0:0:1, 3:1:0:0:3, 1:0:0:0:0, 2:0:0:0:1, 2:0:0:0:1, 1:0:0:0:0, 2:0:0:0:2, 2:0:0:0:1, 3:0:0:0:3, 2:0:0:0:1, 1:0:0:0:0, 1:0:0:0:1, 3:0:0:0:1, 3:0:0:0:3, 2:0:0:0:2, 3:0:0:0:3, 0:0:0:0:0, 2:0:0:0:2, 1:0:0:0:1, 3:0:0:0:2, 3:0:0:0:2, 0:0:0:0:0, 2:0:0:0:1, 2:0:0:0:1, 0:0:0:0:0, 2:0:0:0:1, 0:0:0:0:0, 4:0:0:0:2, 2:0:0:0:1, 1:0:0:0:3, 1:1:1:0:1, 2:0:0:0:1, 1:0:0:0:0, 2:0:0:0:1, 1:0:0:0:0, 2:0:0:0:1, 2:0:0:0:1, 2:0:0:0:1, 2:0:0:0:2, 0:0:0:0:0, 3:0:0:0:5, 0:0:0:0:0, 1:0:0:0:0, 1:0:0:0:1, 1:0:0:0:0, 3:0:0:0:3, 0:0:0:0:0, 1:0:0:0:0, 1:0:0:0:0, 1:0:0:0:1, 1:1:1:0:1, 2:0:0:0:1, 2:0:0:0:1, 3:1:0:0:3, 2:0:0:0:1, 1:0:0:0:0, 0:0:0:0:0, 1:0:0:0:1, 1:0:0:0:1, 1:0:0:0:0, 1:0:0:0:0, 2:0:0:0:1, 1:1:1:0:1, 2:0:0:0:2, 1:0:0:0:1, 2:0:0:0:1, 0:0:0:0:0, 2:0:0:0:1, 2:0:0:0:1, 1:0:0:0:0, 1:0:0:0:0, 2:0:0:0:2, 4:0:0:0:5, 1:0:0:0:1, 2:0:0:0:2, 1:0:0:0:1, 1:0:0:0:0, 2:0:0:0:2, 1:1:1:0:1, 3:0:0:0:3, 1:0:0:0:0, 1:0:0:0:1, 0:0:0:0:0, 2:0:0:0:0, 2:0:0:0:1, 0:0:0:0:0, 0:0:0:0:0, 3:0:0:0:2, 1:0:0:0:1, 1:0:0:0:1, 1:1:1:0:1, 2:0:0:0:1, 3:0:0:0:2, 1:0:0:0:1, 1:1:1:0:1, 2:0:0:0:0, 3:0:0:0:2, 3:1:0:0:3, 1:0:0:0:0, 2:0:0:0:1, 2:0:0:0:1, 2:0:0:0:1, 2:0:0:0:2, 2:0:0:0:1, 3:0:0:0:3, 2:0:0:0:2, 1:0:0:0:0, 1:0:0:0:1, 3:0:0:0:1, 3:0:0:0:3, 2:0:0:0:2, 3:0:0:0:3, 0:0:0:0:0, 1:0:0:0:1, 0:0:0:0:0, 3:0:0:0:2, 3:0:0:0:2, 0:0:0:0:0, 1:0:0:0:4, 0:0:0:0:0, 0:0:0:0:0, 0:0:0:0:0, 1:0:0:0:0, 2:0:0:0:1, 0:0:0:0:0, 0:0:0:0:0, 0:0:0:0:0, 483:27:21:2:345
F# major blues (6#), 2:1:0:0:1, 3:0:0:0:3, 2:1:1:0:1, 1:0:0:0:0, 2:2:1:0:2, 3:0:0:0:2, 3:0:0:0:2, 3:0:0:0:1, 1:1:0:0:1, 3:0:0:0:3, 2:1:1:0:1, 1:0:0:0:0, 4:1:0:0:2, 2:0:0:0:2, 3:0:0:0:3, 4:1:1:0:1, 2:0:0:0:2, 2:1:0:0:1, 2:0:0:0:0, 3:2:0:0:2, 4:1:0:0:2, 3:1:0:0:1, 1:0:0:0:2, 5:0:0:0:2, 3:1:1:0:1, 4:0:0:0:3, 4:1:1:0:1, 0:0:0:0:0, 1:1:0:0:1, 1:0:0:0:3, 3:0:0:0:3, 2:1:0:0:1, 2:0:0:0:0, 3:0:0:0:1, 3:1:0:0:1, 2:1:0:0:2, 2:0:0:0:3, 0:0:0:0:0, 1:1:0:0:1, 1:1:0:0:1, 3:1:1:0:1, 2:0:0:0:3, 2:1:1:0:1, 0:0:0:0:0, 3:1:1:0:1, 1:0:0:0:2, 2:0:0:0:1, 4:0:0:0:2, 4:1:1:0:1, 4:0:0:0:3, 3:1:0:0:1, 1:0:0:0:0, 3:1:1:0:1, 2:0:0:0:2, 3:0:0:0:4, 3:1:1:0:1, 3:0:0:0:1, 3:1:0:0:1, 3:0:0:0:0, 3:2:0:0:2, 2:0:0:0:2, 4:1:0:0:2, 3:0:0:0:2, 4:0:0:0:2, 1:1:0:0:1, 4:0:0:0:3, 3:1:0:0:3, 1:0:0:0:0, 3:1:1:0:1, 2:0:0:0:2, 4:0:0:0:3, 4:1:1:0:1, 3:2:1:0:2, 3:0:0:0:3, 2:1:0:0:2, 0:0:0:0:0, 3:1:1:0:1, 2:0:0:0:2, 2:0:0:0:3, 4:0:0:0:2, 2:1:0:0:2, 3:0:0:0:2, 4:1:1:0:1, 1:0:0:0:0, 2:2:1:0:2, 1:0:0:0:2, 3:0:0:0:4, 2:1:0:0:1, 3:0:0:0:2, 4:1:0:0:1, 2:0:0:0:0, 3:2:0:0:3, 3:0:0:0:2, 4:1:0:0:1, 1:0:0:0:3, 2:0:0:0:2, 2:1:0:0:2, 5:0:0:0:3, 1:1:0:0:1, 0:0:0:0:0, 2:1:0:0:1, 1:0:0:0:2, 3:1:0:0:4, 3:2:1:0:2, 2:1:0:0:1, 3:0:0:0:3, 1:1:0:0:1, 0:0:0:0:0, 1:1:0:0:1, 2:0:0:0:2, 1:0:0:0:3, 2:0:0:0:1, 3:1:1:0:1, 3:0:0:0:3, 2:1:1:0:1, 0:0:0:0:0, 2:1:1:0:1, 2:0:0:0:2, 3:0:0:0:3, 3:1:1:0:1, 4:0:0:0:1, 1:1:0:0:1, 3:0:0:0:0, 2:2:0:0:2, 2:0:0:0:2, 2:1:0:0:1, 1:0:0:0:2, 4:0:0:0:2, 2:1:0:0:1, 2:0:0:0:4, 2:1:0:0:2, 0:0:0:0:0, 3:1:1:0:1, 2:0:0:0:2, 3:0:0:0:3, 4:1:1:0:1, 2:2:1:0:2, 2:0:0:0:4, 1:1:0:0:1, 0:0:0:0:0, 2:2:1:0:2, 2:1:0:0:4, 2:0:0:0:2, 3:0:0:0:2, 3:1:1:0:1, 4:0:0:0:4, 2:1:0:0:1, 0:0:0:0:0, 1:1:0:0:1, 3:0:0:0:2, 3:0:0:0:3, 2:1:0:0:2, 2:0:0:0:3, 3:1:0:0:1, 3:0:0:0:0, 3:2:0:0:2, 4:0:0:0:1, 2:1:0:0:1, 1:0:0:0:2, 3:0:0:0:1, 3:1:1:0:1, 3:0:0:0:3, 2:1:1:0:1, 1:0:0:0:0, 2:1:0:0:2, 1:0:0:0:2, 3:0:0:0:3, 1:1:0:0:1, 1:1:0:0:1, 4:0:0:0:3, 3:1:0:0:1, 0:0:0:0:0, 3:1:1:0:1, 2:0:0:0:2, 3:0:0:0:2, 2:0:0:0:1, 3:1:1:0:1, 2:0:0:0:3, 3:1:0:0:2, 1:0:0:0:1, 2:1:1:0:1, 2:0:0:0:2, 3:0:0:0:3, 2:1:1:0:1, 4:0:0:0:1, 2:2:0:0:2, 3:0:0:0:0, 4:2:0:0:3, 2:0:0:0:2, 3:1:0:0:1, 2:0:0:0:3, 4:0:0:0:1, 3:2:0:0:2, 4:0:0:0:3, 1:1:0:0:1, 1:0:0:0:0, 3:2:0:0:2, 4:0:0:0:2, 4:0:0:0:4, 1:1:0:0:1, 2:1:0:0:1, 3:0:0:0:3, 1:1:0:0:1, 0:0:0:0:0, 1:1:0:0:1, 2:0:0:0:2, 2:0:0:0:3, 2:0:0:0:1, 3:1:1:0:1, 3:0:0:0:3, 2:1:1:0:1, 0:0:0:0:0, 2:1:1:0:1, 2:0:0:0:2, 3:0:0:0:3, 3:1:1:0:1, 4:0:0:0:1, 1:1:0:0:1, 3:0:0:0:0, 2:2:0:0:2, 2:0:0:0:2, 2:1:0:0:1, 1:0:0:0:2, 4:0:0:0:2, 2:1:0:0:1, 2:0:0:0:4, 2:1:0:0:2, 0:0:0:0:0, 3:1:1:0:1, 1:0:0:0:2, 3:0:0:0:3, 4:1:1:0:1, 2:2:1:0:2, 2:0:0:0:4, 1:1:0:0:1, 0:0:0:0:0, 2:2:1:0:2, 2:1:0:0:4, 2:0:0:0:1, 3:0:0:0:2, 3:1:1:0:1, 4:0:0:0:4, 2:1:0:0:1, 0:0:0:0:0, 1:1:0:0:1, 3:0:0:0:2, 3:0:0:0:3, 2:1:0:0:2, 2:0:0:0:3, 3:1:0:0:1, 3:0:0:0:0, 3:2:0:0:2, 4:0:0:0:1, 2:1:0:0:1, 1:0:0:0:2, 3:0:0:0:1, 3:1:1:0:1, 4:0:0:0:3, 2:1:1:0:1, 0:0:0:0:0, 1:1:0:0:1, 1:0:0:0:2, 3:0:0:0:3, 1:1:0:0:1, 1:1:0:0:1, 4:0:0:0:3, 2:1:0:0:1, 0:0:0:0:0, 3:1:1:0:1, 2:0:0:0:3, 3:0:0:0:2, 2:0:0:0:1, 3:1:1:0:1, 2:0:0:0:3, 4:1:0:0:2, 1:0:0:0:1, 2:1:1:0:1, 2:0:0:0:2, 3:0:0:0:3, 3:1:1:0:1, 4:0:0:0:1, 2:2:0:0:2, 3:0:0:0:1, 4:2:0:0:2, 2:0:0:0:2, 3:1:0:0:1, 3:1:0:0:3, 4:0:0:0:1, 3:2:0:0:2, 4:0:0:0:3, 1:1:0:0:1, 0:0:0:0:0, 2:1:0:0:1, 3:0:0:0:2, 4:0:0:0:4, 1:1:0:0:1, 1:0:0:0:0, 1:0:0:0:1, 1:1:0:0:1, 1:1:0:0:1, 1:0:0:0:4, 2:1:0:0:1, 0:0:0:0:0, 0:0:0:0:0, 0:0:0:0:0, 695:160:49:0:487
Eb minor blues (6b), 0:0:0:0:0, 2:0:0:0:1, 1:0:0:0:0, 2:0:0:0:2, 1:0:0:0:1, 4:0:0:0:2, 2:0:0:0:1, 2:0:0:0:2, 0:0:0:0:0, 2:0:0:0:1, 1:0:0:0:0, 2:0:0:0:2, 1:1:1:0:1, 2:0:0:0:1, 2:0:0:0:1, 4:1:0:0:4, 1:0:0:0:0, 1:0:0:0:1, 2:0:0:0:6, 1:0:0:0:1, 2:0:0:0:3, 2:0:0:0:3, 2:0:0:0:1, 4:0:0:0:2, 1:1:1:0:1, 3:0:0:0:1, 4:1:0:0:4, 2:0:0:0:1, 0:0:0:0:0, 2:0:0:0:1, 3:0:0:0:1, 1:0:0:0:1, 2:0:0:0:4, 1:0:0:0:1, 1:0:0:0:1, 1:0:0:0:0, 2:0:0:0:1, 2:0:0:0:1, 0:0:0:0:0, 0:0:0:0:0, 1:1:1:0:1, 2:0:0:0:0, 1:0:0:0:0, 1:0:0:0:1, 1:1:1:0:1, 1:0:0:0:0, 1:0:0:0:0, 3:0:0:0:2, 3:1:1:2:1, 2:0:0:0:1, 3:0:0:0:3, 2:0:0:0:2, 1:1:1:0:1, 2:0:0:0:1, 2:0:0:0:1, 2:0:0:0:1, 1:0:0:0:1, 2:0:0:0:2, 4:0:0:0:6, 1:0:0:0:1, 1:0:0:0:0, 2:0:0:0:1, 4:0:0:0:3, 2:0:0:0:1, 0:0:0:0:0, 2:0:0:0:1, 2:0:0:0:1, 2:0:0:0:2, 1:1:1:0:1, 2:0:0:0:1, 3:0:0:0:2, 3:0:0:0:1, 1:0:0:0:1, 2:0:0:0:1, 1:0:0:0:0, 1:0:0:0:1, 1:1:1:0:1, 2:0:0:0:1, 2:0:0:0:1, 2:0:0:0:1, 1:0:0:0:0, 3:0:0:0:1, 4:1:0:0:4, 2:0:0:0:2, 1:0:0:0:1, 2:0:0:0:1, 2:0:0:0:2, 1:0:0:0:1, 2:0:0:0:1, 2:0:0:0:2, 2:0:0:0:6, 1:0:0:0:0, 2:0:0:0:1, 2:0:0:0:2, 1:0:0:0:0, 1:1:1:0:1, 1:0:0:0:0, 5:0:0:0:3, 0:0:0:0:0, 1:0:0:0:1, 0:0:0:0:0, 2:0:0:0:1, 1:0:0:0:0, 2:0:0:0:2, 2:0:0:0:1, 2:0:0:0:1, 0:0:0:0:0, 1:0:0:0:1, 0:0:0:0:0, 4:0:0:0:2, 1:0:0:0:0, 1:0:0:0:3, 1:1:1:0:1, 2:0:0:0:1, 1:0:0:0:0, 1:0:0:0:1, 1:0:0:0:0, 2:0:0:0:1, 2:0:0:0:2, 2:0:0:0:1, 2:0:0:0:2, 0:0:0:0:0, 3:0:0:0:5, 0:0:0:0:0, 1:0:0:0:0, 1:0:0:0:1, 1:0:0:0:0, 3:0:0:0:2, 0:0:0:0:0, 1:0:0:0:0, 1:0:0:0:0, 1:0:0:0:1, 1:1:1:0:1, 4:0:0:0:2, 2:0:0:0:1, 2:0:0:0:1, 2:0:0:0:1, 1:0:0:0:0, 0:0:0:0:0, 1:0:0:0:1, 1:0:0:0:1, 1:0:0:0:0, 1:0:0:0:0, 2:0:0:0:1, 1:1:1:0:1, 2:0:0:0:2, 1:0:0:0:1, 2:0:0:0:1, 0:0:0:0:0, 2:0:0:0:1, 2:0:0:0:1, 1:0:0:0:0, 1:0:0:0:0, 2:0:0:0:2, 4:0:0:0:5, 1:0:0:0:1, 2:0:0:0:2, 1:0:0:0:1, 1:0:0:0:0, 2:0:0:0:2, 1:1:1:0:1, 2:0:0:0:3, 1:0:0:0:0, 2:0:0:0:2, 1:0:0:0:0, 2:0:0:0:0, 2:0:0:0:1, 0:0:0:0:0, 0:0:0:0:0, 3:0:0:0:2, 2:0:0:0:2, 1:0:0:0:1, 1:1:1:0:1, 2:0:0:0:1, 3:0:0:0:2, 1:0:0:0:1, 1:1:1:0:1, 2:0:0:0:0, 2:0:0:0:1, 3:1:0:0:3, 1:0:0:0:0, 2:0:0:0:1, 2:0:0:0:1, 1:0:0:0:0, 2:0:0:0:2, 2:0:0:0:1, 3:0:0:0:3, 2:0:0:0:1, 1:0:0:0:0, 1:0:0:0:1, 3:0:0:0:1, 3:0:0:0:3, 2:0:0:0:2, 3:0:0:0:3, 0:0:0:0:0, 2:0:0:0:2, 1:0:0:0:1, 3:0:0:0:2, 3:0:0:0:2, 0:0:0:0:0, 2:0:0:0:1, 2:0:0:0:1, 0:0:0:0:0, 2:0:0:0:1, 0:0:0:0:0, 4:0:0:0:2, 2:0:0:0:1, 1:0:0:0:3, 1:1:1:0:1, 2:0:0:0:1, 1:0:0:0:0, 2:0:0:0:1, 1:0:0:0:0, 2:0:0:0:1, 2:0:0:0:1, 2:0:0:0:1, 2:0:0:0:2, 0:0:0:0:0, 3:0:0:0:5, 0:0:0:0:0, 1:0:0:0:0, 1:0:0:0:1, 1:0:0:0:0, 3:0:0:0:3, 0:0:0:0:0, 1:0:0:0:0, 1:0:0:0:0, 1:0:0:0:1, 1:1:1:0:1, 2:0:0:0:1, 2:0:0:0:1, 3:1:0:0:3, 2:0:0:0:1, 1:0:0:0:0, 0:0:0:0:0, 1:0:0:0:1, 1:0:0:0:1, 1:0:0:0:0, 1:0:0:0:0, 2:0:0:0:1, 1:1:1:0:1, 2:0:0:0:2, 1:0:0:0:1, 2:0:0:0:1, 0:0:0:0:0, 2:0:0:0:1, 2:0:0:0:1, 1:0:0:0:0, 1:0:0:0:0, 2:0:0:0:2, 4:0:0:0:5, 1:0:0:0:1, 2:0:0:0:2, 1:0:0:0:1, 1:0:0:0:0, 2:0:0:0:2, 1:1:1:0:1, 3:0:0:0:3, 1:0:0:0:0, 1:0:0:0:1, 0:0:0:0:0, 2:0:0:0:0, 2:0:0:0:1, 0:0:0:0:0, 0:0:0:0:0, 3:0:0:0:2, 1:0:0:0:1, 1:0:0:0:1, 1:1:1:0:1, 2:0:0:0:1, 3:0:0:0:2, 1:0:0:0:1, 1:1:1:0:1, 2:0:0:0:0, 3:0:0:0:2, 3:1:0:0:3, 1:0:0:0:0, 2:0:0:0:1, 2:0:0:0:1, 2:0:0:0:1, 2:0:0:0:2, 2:0:0:0:1, 3:0:0:0:3, 2:0:0:0:2, 1:0:0:0:0, 1:0:0:0:1, 3:0:0:0:1, 3:0:0:0:3, 2:0:0:0:2, 3:0:0:0:3, 0:0:0:0:0, 1:0:0:0:1, 0:0:0:0:0, 3:0:0:0:2, 3:0:0:0:2, 0:0:0:0:0, 1:0:0:0:4, 0:0:0:0:0, 0:0:0:0:0, 0:0:0:0:0, 1:0:0:0:0, 2:0:0:0:1, 0:0:0:0:0, 0:0:0:0:0, 0:0:0:0:0, 483:27:21:2:345
D# minor blues (6#), 2:1:0:0:1, 3:0:0:0:3, 2:1:1:0:1, 1:0:0:0:0, 2:2:1:0:2, 3:0:0:0:2, 3:0:0:0:2, 3:0:0:0:1, 1:1:0:0:1, 3:0:0:0:3, 2:1:1:0:1, 1:0:0:0:0, 4:1:0:0:2, 2:0:0:0:2, 3:0:0:0:3, 4:1:1:0:1, 2:0:0:0:2, 2:1:0:0:1, 2:0:0:0:0, 3:2:0:0:2, 4:1:0:0:2, 3:1:0:0:1, 1:0:0:0:2, 5:0:0:0:2, 3:1:1:0:1, 4:0:0:0:3, 4:1:1:0:1, 0:0:0:0:0, 1:1:0:0:1, 1:0:0:0:3, 3:0:0:0:3, 2:1:0:0:1, 2:0:0:0:0, 3:0:0:0:1, 3:1:0:0:1, 2:1:0:0:2, 2:0:0:0:3, 0:0:0:0:0, 1:1:0:0:1, 1:1:0:0:1, 3:1:1:0:1, 2:0:0:0:3, 2:1:1:0:1, 0:0:0:0:0, 3:1:1:0:1, 1:0:0:0:2, 2:0:0:0:1, 4:0:0:0:2, 4:1:1:0:1, 4:0:0:0:3, 3:1:0:0:1, 1:0:0:0:0, 3:1:1:0:1, 2:0:0:0:2, 3:0:0:0:4, 3:1:1:0:1, 3:0:0:0:1, 3:1:0:0:1, 3:0:0:0:0, 3:2:0:0:2, 2:0:0:0:2, 4:1:0:0:2, 3:0:0:0:2, 4:0:0:0:2, 1:1:0:0:1, 4:0:0:0:3, 3:1:0:0:3, 1:0:0:0:0, 3:1:1:0:1, 2:0:0:0:2, 4:0:0:0:3, 4:1:1:0:1, 3:2:1:0:2, 3:0:0:0:3, 2:1:0:0:2, 0:0:0:0:0, 3:1:1:0:1, 2:0:0:0:2, 2:0:0:0:3, 4:0:0:0:2, 2:1:0:0:2, 3:0:0:0:2, 4:1:1:0:1, 1:0:0:0:0, 2:2:1:0:2, 1:0:0:0:2, 3:0:0:0:4, 2:1:0:0:1, 3:0:0:0:2, 4:1:0:0:1, 2:0:0:0:0, 3:2:0:0:3, 3:0:0:0:2, 4:1:0:0:1, 1:0:0:0:3, 2:0:0:0:2, 2:1:0:0:2, 5:0:0:0:3, 1:1:0:0:1, 0:0:0:0:0, 2:1:0:0:1, 1:0:0:0:2, 3:1:0:0:4, 3:2:1:0:2, 2:1:0:0:1, 3:0:0:0:3, 1:1:0:0:1, 0:0:0:0:0, 1:1:0:0:1, 2:0:0:0:2, 1:0:0:0:3, 2:0:0:0:1, 3:1:1:0:1, 3:0:0:0:3, 2:1:1:0:1, 0:0:0:0:0, 2:1:1:0:1, 2:0:0:0:2, 3:0:0:0:3, 3:1:1:0:1, 4:0:0:0:1, 1:1:0:0:1, 3:0:0:0:0, 2:2:0:0:2, 2:0:0:0:2, 2:1:0:0:1, 1:0:0:0:2, 4:0:0:0:2, 2:1:0:0:1, 2:0:0:0:4, 2:1:0:0:2, 0:0:0:0:0, 3:1:1:0:1, 2:0:0:0:2, 3:0:0:0:3, 4:1:1:0:1, 2:2:1:0:2, 2:0:0:0:4, 1:1:0:0:1, 0:0:0:0:0, 2:2:1:0:2, 2:1:0:0:4, 2:0:0:0:2, 3:0:0:0:2, 3:1:1:0:1, 4:0:0:0:4, 2:1:0:0:1, 0:0:0:0:0, 1:1:0:0:1, 3:0:0:0:2, 3:0:0:0:3, 2:1:0:0:2, 2:0:0:0:3, 3:1:0:0:1, 3:0:0:0:0, 3:2:0:0:2, 4:0:0:0:1, 2:1:0:0:1, 1:0:0:0:2, 3:0:0:0:1, 3:1:1:0:1, 3:0:0:0:3, 2:1:1:0:1, 1:0:0:0:0, 2:1:0:0:2, 1:0:0:0:2, 3:0:0:0:3, 1:1:0:0:1, 1:1:0:0:1, 4:0:0:0:3, 3:1:0:0:1, 0:0:0:0:0, 3:1:1:0:1, 2:0:0:0:2, 3:0:0:0:2, 2:0:0:0:1, 3:1:1:0:1, 2:0:0:0:3, 3:1:0:0:2, 1:0:0:0:1, 2:1:1:0:1, 2:0:0:0:2, 3:0:0:0:3, 2:1:1:0:1, 4:0:0:0:1, 2:2:0:0:2, 3:0:0:0:0, 4:2:0:0:3, 2:0:0:0:2, 3:1:0:0:1, 2:0:0:0:3, 4:0:0:0:1, 3:2:0:0:2, 4:0:0:0:3, 1:1:0:0:1, 1:0:0:0:0, 3:2:0:0:2, 4:0:0:0:2, 4:0:0:0:4, 1:1:0:0:1, 2:1:0:0:1, 3:0:0:0:3, 1:1:0:0:1, 0:0:0:0:0, 1:1:0:0:1, 2:0:0:0:2, 2:0:0:0:3, 2:0:0:0:1, 3:1:1:0:1, 3:0:0:0:3, 2:1:1:0:1, 0:0:0:0:0, 2:1:1:0:1, 2:0:0:0:2, 3:0:0:0:3, 3:1:1:0:1, 4:0:0:0:1, 1:1:0:0:1, 3:0:0:0:0, 2:2:0:0:2, 2:0:0:0:2, 2:1:0:0:1, 1:0:0:0:2, 4:0:0:0:2, 2:1:0:0:1, 2:0:0:0:4, 2:1:0:0:2, 0:0:0:0:0, 3:1:1:0:1, 1:0:0:0:2, 3:0:0:0:3, 4:1:1:0:1, 2:2:1:0:2, 2:0:0:0:4, 1:1:0:0:1, 0:0:0:0:0, 2:2:1:0:2, 2:1:0:0:4, 2:0:0:0:1, 3:0:0:0:2, 3:1:1:0:1, 4:0:0:0:4, 2:1:0:0:1, 0:0:0:0:0, 1:1:0:0:1, 3:0:0:0:2, 3:0:0:0:3, 2:1:0:0:2, 2:0:0:0:3, 3:1:0:0:1, 3:0:0:0:0, 3:2:0:0:2, 4:0:0:0:1, 2:1:0:0:1, 1:0:0:0:2, 3:0:0:0:1, 3:1:1:0:1, 4:0:0:0:3, 2:1:1:0:1, 0:0:0:0:0, 1:1:0:0:1, 1:0:0:0:2, 3:0:0:0:3, 1:1:0:0:1, 1:1:0:0:1, 4:0:0:0:3, 2:1:0:0:1, 0:0:0:0:0, 3:1:1:0:1, 2:0:0:0:3, 3:0:0:0:2, 2:0:0:0:1, 3:1:1:0:1, 2:0:0:0:3, 4:1:0:0:2, 1:0:0:0:1, 2:1:1:0:1, 2:0:0:0:2, 3:0:0:0:3, 3:1:1:0:1, 4:0:0:0:1, 2:2:0:0:2, 3:0:0:0:1, 4:2:0:0:2, 2:0:0:0:2, 3:1:0:0:1, 3:1:0:0:3, 4:0:0:0:1, 3:2:0:0:2, 4:0:0:0:3, 1:1:0:0:1, 0:0:0:0:0, 2:1:0:0:1, 3:0:0:0:2, 4:0:0:0:4, 1:1:0:0:1, 1:0:0:0:0, 1:0:0:0:1, 1:1:0:0:1, 1:1:0:0:1, 1:0:0:0:4, 2:1:0:0:1, 0:0:0:0:0, 0:0:0:0:0, 0:0:0:0:0, 695:160:49:0:487
Gb dorian (6b), 0:0:0:0:0, 2:0:0:0:1, 1:0:0:0:0, 2:0:0:0:2, 1:0:0:0:1, 4:0:0:0:2, 2:0:0:0:1, 2:0:0:0:2, 0:0:0:0:0, 2:0:0:0:1, 1:0:0:0:0, 2:0:0:0:2, 1:1:1:0:1, 2:0:0:0:1, 2:0:0:0:1, 4:1:0:0:4, 1:0:0:0:0, 1:0:0:0:1, 2:0:0:0:6, 1:0:0:0:1, 2:0:0:0:3, 2:0:0:0:3, 2:0:0:0:1, 4:0:0:0:2, 1:1:1:0:1, 3:0:0:0:1, 4:1:0:0:4, 2:0:0:0:1, 0:0:0:0:0, 2:0:0:0:1, 3:0:0:0:1, 1:0:0:0:1, 2:0:0:0:4, 1:0:0:0:1, 1:0:0:0:1, 1:0:0:0:0, 2:0:0:0:1, 2:0:0:0:1, 0:0:0:0:0, 0:0:0:0:0, 1:1:1:0:1, 2:0:0:0:0, 1:0:0:0:0, 1:0:0:0:1, 1:1:1:0:1, 1:0:0:0:0, 1:0:0:0:0, 3:0:0:0:2, 3:1:1:2:1, 2:0:0:0:1, 3:0:0:0:3, 2:0:0:0:2, 1:1:1:0:1, 2:0:0:0:1, 2:0:0:0:1, 2:0:0:0:1, 1:0:0:0:1, 2:0:0:0:2, 4:0:0:0:6, 1:0:0:0:1, 1:0:0:0:0, 2:0:0:0:1, 4:0:0:0:3, 2:0:0:0:1, 0:0:0:0:0, 2:0:0:0:1, 2:0:0:0:1, 2:0:0:0:2, 1:1:1:0:1, 2:0:0:0:1, 3:0:0:0:2, 3:0:0:0:1, 1:0:0:0:1, 2:0:0:0:1, 1:0:0:0:0, 1:0:0:0:1, 1:1:1:0:1, 2:0:0:0:1, 2:0:0:0:1, 2:0:0:0:1, 1:0:0:0:0, 3:0:0:0:1, 4:1:0:0:4, 2:0:0:0:2, 1:0:0:0:1, 2:0:0:0:1, 2:0:0:0:2, 1:0:0:0:1, 2:0:0:0:1, 2:0:0:0:2, 2:0:0:0:6, 1:0:0:0:0, 2:0:0:0:1, 2:0:0:0:2, 1:0:0:0:0, 1:1:1:0:1, 1:0:0:0:0, 5:0:0:0:3, 0:0:0:0:0, 1:0:0:0:1, 0:0:0:0:0, 2:0:0:0:1, 1:0:0:0:0, 2:0:0:0:2, 2:0:0:0:1, 2:0:0:0:1, 0:0:0:0:0, 1:0:0:0:1, 0:0:0:0:0, 4:0:0:0:2, 1:0:0:0:0, 1:0:0:0:3, 1:1:1:0:1, 2:0:0:0:1, 1:0:0:0:0, 1:0:0:0:1, 1:0:0:0:0, 2:0:0:0:1, 2:0:0:0:2, 2:0:0:0:1, 2:0:0:0:2, 0:0:0:0:0, 3:0:0:0:5, 0:0:0:0:0, 1:0:0:0:0, 1:0:0:0:1, 1:0:0:0:0, 3:0:0:0:2, 0:0:0:0:0, 1:0:0:0:0, 1:0:0:0:0, 1:0:0:0:1, 1:1:1:0:1, 4:0:0:0:2, 2:0:0:0:1, 2:0:0:0:1, 2:0:0:0:1, 1:0:0:0:0, 0:0:0:0:0, 1:0:0:0:1, 1:0:0:0:1, 1:0:0:0:0, 1:0:0:0:0, 2:0:0:0:1, 1:1:1:0:1, 2:0:0:0:2, 1:0:0:0:1, 2:0:0:0:1, 0:0:0:0:0, 2:0:0:0:1, 2:0:0:0:1, 1:0:0:0:0, 1:0:0:0:0, 2:0:0:0:2, 4:0:0:0:5, 1:0:0:0:1, 2:0:0:0:2, 1:0:0:0:1, 1:0:0:0:0, 2:0:0:0:2, 1:1:1:0:1, 2:0:0:0:3, 1:0:0:0:0, 2:0:0:0:2, 1:0:0:0:0, 2:0:0:0:0, 2:0:0:0:1, 0:0:0:0:0, 0:0:0:0:0, 3:0:0:0:2, 2:0:0:0:2, 1:0:0:0:1, 1:1:1:0:1, 2:0:0:0:1, 3:0:0:0:2, 1:0:0:0:1, 1:1:1:0:1, 2:0:0:0:0, 2:0:0:0:1, 3:1:0:0:3, 1:0:0:0:0, 2:0:0:0:1, 2:0:0:0:1, 1:0:0:0:0, 2:0:0:0:2, 2:0:0:0:1, 3:0:0:0:3, 2:0:0:0:1, 1:0:0:0:0, 1:0:0:0:1, 3:0:0:0:1, 3:0:0:0:3, 2:0:0:0:2, 3:0:0:0:3, 0:0:0:0:0, 2:0:0:0:2, 1:0:0:0:1, 3:0:0:0:2, 3:0:0:0:2, 0:0:0:0:0, 2:0:0:0:1, 2:0:0:0:1, 0:0:0:0:0, 2:0:0:0:1, 0:0:0:0:0, 4:0:0:0:2, 2:0:0:0:1, 1:0:0:0:3, 1:1:1:0:1, 2:0:0:0:1, 1:0:0:0:0, 2:0:0:0:1, 1:0:0:0:0, 2:0:0:0:1, 2:0:0:0:1, 2:0:0:0:1, 2:0:0:0:2, 0:0:0:0:0, 3:0:0:0:5, 0:0:0:0:0, 1:0:0:0:0, 1:0:0:0:1, 1:0:0:0:0, 3:0:0:0:3, 0:0:0:0:0, 1:0:0:0:0, 1:0:0:0:0, 1:0:0:0:1, 1:1:1:0:1, 2:0:0:0:1, 2:0:0:0:1, 3:1:0:0:3, 2:0:0:0:1, 1:0:0:0:0, 0:0:0:0:0, 1:0:0:0:1, 1:0:0:0:1, 1:0:0:0:0, 1:0:0:0:0, 2:0:0:0:1, 1:1:1:0:1, 2:0:0:0:2, 1:0:0:0:1, 2:0:0:0:1, 0:0:0:0:0, 2:0:0:0:1, 2:0:0:0:1, 1:0:0:0:0, 1:0:0:0:0, 2:0:0:0:2, 4:0:0:0:5, 1:0:0:0:1, 2:0:0:0:2, 1:0:0:0:1, 1:0:0:0:0, 2:0:0:0:2, 1:1:1:0:1, 3:0:0:0:3, 1:0:0:0:0, 1:0:0:0:1, 0:0:0:0:0, 2:0:0:0:0, 2:0:0:0:1, 0:0:0:0:0, 0:0:0:0:0, 3:0:0:0:2, 1:0:0:0:1, 1:0:0:0:1, 1:1:1:0:1, 2:0:0:0:1, 3:0:0:0:2, 1:0:0:0:1, 1:1:1:0:1, 2:0:0:0:0, 3:0:0:0:2, 3:1:0:0:3, 1:0:0:0:0, 2:0:0:0:1, 2:0:0:0:1, 2:0:0:0:1, 2:0:0:0:2, 2:0:0:0:1, 3:0:0:0:3, 2:0:0:0:2, 1:0:0:0:0, 1:0:0:0:1, 3:0:0:0:1, 3:0:0:0:3, 2:0:0:0:2, 3:0:0:0:3, 0:0:0:0:0, 1:0:0:0:1, 0:0:0:0:0, 3:0:0:0:2, 3:0:0:0:2, 0:0:0:0:0, 1:0:0:0:4, 0:0:0:0:0, 0:0:0:0:0, 0:0:0:0:0, 1:0:0:0:0, 2:0:0:0:1, 0:0:0:0:0, 0:0:0:0:0, 0:0:0:0:0, 483:27:21:2:345
F# dorian (6#), 2:1:0:0:1, 3:0:0:0:3, 2:1:1:0:1, 1:0:0:0:0, 2:2:1:0:2, 3:0:0:0:2, 3:0:0:0:2, 3:0:0:0:1, 1:1:0:0:1, 3:0:0:0:3, 2:1:1:0:1, 1:0:0:0:0, 4:1:0:0:2, 2:0:0:0:2, 3:0:0:0:3, 4:1:1:0:1, 2:0:0:0:2, 2:1:0:0:1, 2:0:0:0:0, 3:2:0:0:2, 4:1:0:0:2, 3:1:0:0:1, 1:0:0:0:2, 5:0:0:0:2, 3:1:1:0:1, 4:0:0:0:3, 4:1:1:0:1, 0:0:0:0:0, 1:1:0:0:1, 1:0:0:0:3, 3:0:0:0:3, 2:1:0:0:1, 2:0:0:0:0, 3:0:0:0:1, 3:1:0:0:1, 2:1:0:0:2, 2:0:0:0:3, 0:0:0:0:0, 1:1:0:0:1, 1:1:0:0:1, 3:1:1:0:1, 2:0:0:0:3, 2:1:1:0:1, 0:0:0:0:0, 3:1:1:0:1, 1:0:0:0:2, 2:0:0:0:1, 4:0:0:0:2, 4:1:1:0:1, 4:0:0:0:3, 3:1:0:0:1, 1:0:0:0:0, 3:1:1:0:1, 2:0:0:0:2, 3:0:0:0:4, 3:1:1:0:1, 3:0:0:0:1, 3:1:0:0:1, 3:0:0:0:0, 3:2:0:0:2, 2:0:0:0:2, 4:1:0:0:2, 3:0:0:0:2, 4:0:0:0:2, 1:1:0:0:1, 4:0:0:0:3, 3:1:0:0:3, 1:0:0:0:0, 3:1:1:0:1, 2:0:0:0:2, 4:0:0:0:3, 4:1:1:0:1, 3:2:1:0:2, 3:0:0:0:3, 2:1:0:0:2, 0:0:0:0:0, 3:1:1:0:1, 2:0:0:0:2, 2:0:0:0:3, 4:0:0:0:2, 2:1:0:0:2, 3:0:0:0:2, 4:1:1:0:1, 1:0:0:0:0, 2:2:1:0:2, 1:0:0:0:2, 3:0:0:0:4, 2:1:0:0:1, 3:0:0:0:2, 4:1:0:0:1, 2:0:0:0:0, 3:2:0:0:3, 3:0:0:0:2, 4:1:0:0:1, 1:0:0:0:3, 2:0:0:0:2, 2:1:0:0:2, 5:0:0:0:3, 1:1:0:0:1, 0:0:0:0:0, 2:1:0:0:1, 1:0:0:0:2, 3:1:0:0:4, 3:2:1:0:2, 2:1:0:0:1, 3:0:0:0:3, 1:1:0:0:1, 0:0:0:0:0, 1:1:0:0:1, 2:0:0:0:2, 1:0:0:0:3, 2:0:0:0:1, 3:1:1:0:1, 3:0:0:0:3, 2:1:1:0:1, 0:0:0:0:0, 2:1:1:0:1, 2:0:0:0:2, 3:0:0:0:3, 3:1:1:0:1, 4:0:0:0:1, 1:1:0:0:1, 3:0:0:0:0, 2:2:0:0:2, 2:0:0:0:2, 2:1:0:0:1, 1:0:0:0:2, 4:0:0:0:2, 2:1:0:0:1, 2:0:0:0:4, 2:1:0:0:2, 0:0:0:0:0, 3:1:1:0:1, 2:0:0:0:2, 3:0:0:0:3, 4:1:1:0:1, 2:2:1:0:2, 2:0:0:0:4, 1:1:0:0:1, 0:0:0:0:0, 2:2:1:0:2, 2:1:0:0:4, 2:0:0:0:2, 3:0:0:0:2, 3:1:1:0:1, 4:0:0:0:4, 2:1:0:0:1, 0:0:0:0:0, 1:1:0:0:1, 3:0:0:0:2, 3:0:0:0:3, 2:1:0:0:2, 2:0:0:0:3, 3:1:0:0:1, 3:0:0:0:0, 3:2:0:0:2, 4:0:0:0:1, 2:1:0:0:1, 1:0:0:0:2, 3:0:0:0:1, 3:1:1:0:1, 3:0:0:0:3, 2:1:1:0:1, 1:0:0:0:0, 2:1:0:0:2, 1:0:0:0:2, 3:0:0:0:3, 1:1:0:0:1, 1:1:0:0:1, 4:0:0:0:3, 3:1:0:0:1, 0:0:0:0:0, 3:1:1:0:1, 2:0:0:0:2, 3:0:0:0:2, 2:0:0:0:1, 3:1:1:0:1, 2:0:0:0:3, 3:1:0:0:2, 1:0:0:0:1, 2:1:1:0:1, 2:0:0:0:2, 3:0:0:0:3, 2:1:1:0:1, 4:0:0:0:1, 2:2:0:0:2, 3:0:0:0:0, 4:2:0:0:3, 2:0:0:0:2, 3:1:0:0:1, 2:0:0:0:3, 4:0:0:0:1, 3:2:0:0:2, 4:0:0:0:3, 1:1:0:0:1, 1:0:0:0:0, 3:2:0:0:2, 4:0:0:0:2, 4:0:0:0:4, 1:1:0:0:1, 2:1:0:0:1, 3:0:0:0:3, 1:1:0:0:1, 0:0:0:0:0, 1:1:0:0:1, 2:0:0:0:2, 2:0:0:0:3, 2:0:0:0:1, 3:1:1:0:1, 3:0:0:0:3, 2:1:1:0:1, 0:0:0:0:0, 2:1:1:0:1, 2:0:0:0:2, 3:0:0:0:3, 3:1:1:0:1, 4:0:0:0:1, 1:1:0:0:1, 3:0:0:0:0, 2:2:0:0:2, 2:0:0:0:2, 2:1:0:0:1, 1:0:0:0:2, 4:0:0:0:2, 2:1:0:0:1, 2:0:0:0:4, 2:1:0:0:2, 0:0:0:0:0, 3:1:1:0:1, 1:0:0:0:2, 3:0:0:0:3, 4:1:1:0:1, 2:2:1:0:2, 2:0:0:0:4, 1:1:0:0:1, 0:0:0:0:0, 2:2:1:0:2, 2:1:0:0:4, 2:0:0:0:1, 3:0:0:0:2, 3:1:1:0:1, 4:0:0:0:4, 2:1:0:0:1, 0:0:0:0:0, 1:1:0:0:1, 3:0:0:0:2, 3:0:0:0:3, 2:1:0:0:2, 2:0:0:0:3, 3:1:0:0:1, 3:0:0:0:0, 3:2:0:0:2, 4:0:0:0:1, 2:1:0:0:1, 1:0:0:0:2, 3:0:0:0:1, 3:1:1:0:1, 4:0:0:0:3, 2:1:1:0:1, 0:0:0:0:0, 1:1:0:0:1, 1:0:0:0:2, 3:0:0:0:3, 1:1:0:0:1, 1:1:0:0:1, 4:0:0:0:3, 2:1:0:0:1, 0:0:0:0:0, 3:1:1:0:1, 2:0:0:0:3, 3:0:0:0:2, 2:0:0:0:1, 3:1:1:0:1, 2:0:0:0:3, 4:1:0:0:2, 1:0:0:0:1, 2:1:1:0:1, 2:0:0:0:2, 3:0:0:0:3, 3:1:1:0:1, 4:0:0:0:1, 2:2:0:0:2, 3:0:0:0:1, 4:2:0:0:2, 2:0:0:0:2, 3:1:0:0:1, 3:1:0:0:3, 4:0:0:0:1, 3:2:0:0:2, 4:0:0:0:3, 1:1:0:0:1, 0:0:0:0:0, 2:1:0:0:1, 3:0:0:0:2, 4:0:0:0:4, 1:1:0:0:1, 1:0:0:0:0, 1:0:0:0:1, 1:1:0:0:1, 1:1:0:0:1, 1:0:0:0:4, 2:1:0:0:1, 0:0:0:0:0, 0:0:0:0:0, 0:0:0:0:0, 695:160:49:0:487
Gb phrygian (6b), 0:0:0:0:0, 2:0:0:0:1, 1:0:0:0:0, 2:0:0:0:2, 1:0:0:0:1, 4:0:0:0:2, 2:0:0:0:1, 2:0:0:0:2, 0:0:0:0:0, 2:0:0:0:1, 1:0:0:0:0, 2:0:0:0:2, 1:1:1:0:1, 2:0:0:0:1, 2:0:0:0:1, 4:1:0:0:4, 1:0:0:0:0, 1:0:0:0:1, 2:0:0:0:6, 1:0:0:0:1, 2:0:0:0:3, 2:0:0:0:3, 2:0:0:0:1, 4:0:0:0:2, 1:1:1:0:1, 3:0:0:0:1, 4:1:0:0:4, 2:0:0:0:1, 0:0:0:0:0, 2:0:0:0:1, 3:0:0:0:1, 1:0:0:0:1, 2:0:0:0:4, 1:0:0:0:1, 1:0:0:0:1, 1:0:0:0:0, 2:0:0:0:1, 2:0:0:0:1, 0:0:0:0:0, 0:0:0:0:0, 1:1:1:0:1, 2:0:0:0:0, 1:0:0:0:0, 1:0:0:0:1, 1:1:1:0:1, 1:0:0:0:0, 1:0:0:0:0, 3:0:0:0:2, 3:1:1:2:1, 2:0:0:0:1, 3:0:0:0:3, 2:0:0:0:2, 1:1:1:0:1, 2:0:0:0:1, 2:0:0:0:1, 2:0:0:0:1, 1:0:0:0:1, 2:0:0:0:2, 4:0:0:0:6, 1:0:0:0:1, 1:0:0:0:0, 2:0:0:0:1, 4:0:0:0:3, 2:0:0:0:1, 0:0:0:0:0, 2:0:0:0:1, 2:0:0:0:1, 2:0:0:0:2, 1:1:1:0:1, 2:0:0:0:1, 3:0:0:0:2, 3:0:0:0:1, 1:0:0:0:1, 2:0:0:0:1, 1:0:0:0:0, 1:0:0:0:1, 1:1:1:0:1, 2:0:0:0:1, 2:0:0:0:1, 2:0:0:0:1, 1:0:0:0:0, 3:0:0:0:1, 4:1:0:0:4, 2:0:0:0:2, 1:0:0:0:1, 2:0:0:0:1, 2:0:0:0:2, 1:0:0:0:1, 2:0:0:0:1, 2:0:0:0:2, 2:0:0:0:6, 1:0:0:0:0, 2:0:0:0:1, 2:0:0:0:2, 1:0:0:0:0, 1:1:1:0:1, 1:0:0:0:0, 5:0:0:0:3, 0:0:0:0:0, 1:0:0:0:1, 0:0:0:0:0, 2:0:0:0:1, 1:0:0:0:0, 2:0:0:0:2, 2:0:0:0:1, 2:0:0:0:1, 0:0:0:0:0, 1:0:0:0:1, 0:0:0:0:0, 4:0:0:0:2, 1:0:0:0:0, 1:0:0:0:3, 1:1:1:0:1, 2:0:0:0:1, 1:0:0:0:0, 1:0:0:0:1, 1:0:0:0:0, 2:0:0:0:1, 2:0:0:0:2, 2:0:0:0:1, 2:0:0:0:2, 0:0:0:0:0, 3:0:0:0:5, 0:0:0:0:0, 1:0:0:0:0, 1:0:0:0:1, 1:0:0:0:0, 3:0:0:0:2, 0:0:0:0:0, 1:0:0:0:0, 1:0:0:0:0, 1:0:0:0:1, 1:1:1:0:1, 4:0:0:0:2, 2:0:0:0:1, 2:0:0:0:1, 2:0:0:0:1, 1:0:0:0:0, 0:0:0:0:0, 1:0:0:0:1, 1:0:0:0:1, 1:0:0:0:0, 1:0:0:0:0, 2:0:0:0:1, 1:1:1:0:1, 2:0:0:0:2, 1:0:0:0:1, 2:0:0:0:1, 0:0:0:0:0, 2:0:0:0:1, 2:0:0:0:1, 1:0:0:0:0, 1:0:0:0:0, 2:0:0:0:2, 4:0:0:0:5, 1:0:0:0:1, 2:0:0:0:2, 1:0:0:0:1, 1:0:0:0:0, 2:0:0:0:2, 1:1:1:0:1, 2:0:0:0:3, 1:0:0:0:0, 2:0:0:0:2, 1:0:0:0:0, 2:0:0:0:0, 2:0:0:0:1, 0:0:0:0:0, 0:0:0:0:0, 3:0:0:0:2, 2:0:0:0:2, 1:0:0:0:1, 1:1:1:0:1, 2:0:0:0:1, 3:0:0:0:2, 1:0:0:0:1, 1:1:1:0:1, 2:0:0:0:0, 2:0:0:0:1, 3:1:0:0:3, 1:0:0:0:0, 2:0:0:0:1, 2:0:0:0:1, 1:0:0:0:0, 2:0:0:0:2, 2:0:0:0:1, 3:0:0:0:3, 2:0:0:0:1, 1:0:0:0:0, 1:0:0:0:1, 3:0:0:0:1, 3:0:0:0:3, 2:0:0:0:2, 3:0:0:0:3, 0:0:0:0:0, 2:0:0:0:2, 1:0:0:0:1, 3:0:0:0:2, 3:0:0:0:2, 0:0:0:0:0, 2:0:0:0:1, 2:0:0:0:1, 0:0:0:0:0, 2:0:0:0:1, 0:0:0:0:0, 4:0:0:0:2, 2:0:0:0:1, 1:0:0:0:3, 1:1:1:0:1, 2:0:0:0:1, 1:0:0:0:0, 2:0:0:0:1, 1:0:0:0:0, 2:0:0:0:1, 2:0:0:0:1, 2:0:0:0:1, 2:0:0:0:2, 0:0:0:0:0, 3:0:0:0:5, 0:0:0:0:0, 1:0:0:0:0, 1:0:0:0:1, 1:0:0:0:0, 3:0:0:0:3, 0:0:0:0:0, 1:0:0:0:0, 1:0:0:0:0, 1:0:0:0:1, 1:1:1:0:1, 2:0:0:0:1, 2:0:0:0:1, 3:1:0:0:3, 2:0:0:0:1, 1:0:0:0:0, 0:0:0:0:0, 1:0:0:0:1, 1:0:0:0:1, 1:0:0:0:0, 1:0:0:0:0, 2:0:0:0:1, 1:1:1:0:1, 2:0:0:0:2, 1:0:0:0:1, 2:0:0:0:1, 0:0:0:0:0, 2:0:0:0:1, 2:0:0:0:1, 1:0:0:0:0, 1:0:0:0:0, 2:0:0:0:2, 4:0:0:0:5, 1:0:0:0:1, 2:0:0:0:2, 1:0:0:0:1, 1:0:0:0:0, 2:0:0:0:2, 1:1:1:0:1, 3:0:0:0:3, 1:0:0:0:0, 1:0:0:0:1, 0:0:0:0:0, 2:0:0:0:0, 2:0:0:0:1, 0:0:0:0:0, 0:0:0:0:0, 3:0:0:0:2, 1:0:0:0:1, 1:0:0:0:1, 1:1:1:0:1, 2:0:0:0:1, 3:0:0:0:2, 1:0:0:0:1, 1:1:1:0:1, 2:0:0:0:0, 3:0:0:0:2, 3:1:0:0:3, 1:0:0:0:0, 2:0:0:0:1, 2:0:0:0:1, 2:0:0:0:1, 2:0:0:0:2, 2:0:0:0:1, 3:0:0:0:3, 2:0:0:0:2, 1:0:0:0:0, 1:0:0:0:1, 3:0:0:0:1, 3:0:0:0:3, 2:0:0:0:2, 3:0:0:0:3, 0:0:0:0:0, 1:0:0:0:1, 0:0:0:0:0, 3:0:0:0:2, 3:0:0:0:2, 0:0:0:0:0, 1:0:0:0:4, 0:0:0:0:0, 0:0:0:0:0, 0:0:0:0:0, 1:0:0:0:0, 2:0:0:0:1, 0:0:0:0:0, 0:0:0:0:0, 0:0:0:0:0, 483:27:21:2:345
F# phrygian (6#), 2:1:0:0:1, 3:0:0:0:3, 2:1:1:0:1, 1:0:0:0:0, 2:2:1:0:2, 3:0:0:0:2, 3:0:0:0:2, 3:0:0:0:1, 1:1:0:0:1, 3:0:0:0:3, 2:1:1:0:1, 1:0:0:0:0, 4:1:0:0:2, 2:0:0:0:2, 3:0:0:0:3, 4:1:1:0:1, 2:0:0:0:2, 2:1:0:0:1, 2:0:0:0:0, 3:2:0:0:2, 4:1:0:0:2, 3:1:0:0:1, 1:0:0:0:2, 5:0:0:0:2, 3:1:1:0:1, 4:0:0:0:3, 4:1:1:0:1, 0:0:0:0:0, 1:1:0:0:1, 1:0:0:0:3, 3:0:0:0:3, 2:1:0:0:1, 2:0:0:0:0, 3:0:0:0:1, 3:1:0:0:1, 2:1:0:0:2, 2:0:0:0:3, 0:0:0:0:0, 1:1:0:0:1, 1:1:0:0:1, 3:1:1:0:1, 2:0:0:0:3, 2:1:1:0:1, 0:0:0:0:0, 3:1:1:0:1, 1:0:0:0:2, 2:0:0:0:1, 4:0:0:0:2, 4:1:1:0:1, 4:0:0:0:3, 3:1:0:0:1, 1:0:0:0:0, 3:1:1:0:1, 2:0:0:0:2, 3:0:0:0:4, 3:1:1:0:1, 3:0:0:0:1, 3:1:0:0:1, 3:0:0:0:0, 3:2:0:0:2, 2:0:0:0:2, 4:1:0:0:2, 3:0:0:0:2, 4:0:0:0:2, 1:1:0:0:1, 4:0:0:0:3, 3:1:0:0:3, 1:0:0:0:0, 3:1:1:0:1, 2:0:0:0:2, 4:0:0:0:3, 4:1:1:0:1, 3:2:1:0:2, 3:0:0:0:3, 2:1:0:0:2, 0:0:0:0:0, 3:1:1:0:1, 2:0:0:0:2, 2:0:0:0:3, 4:0:0:0:2, 2:1:0:0:2, 3:0:0:0:2, 4:1:1:0:1, 1:0:0:0:0, 2:2:1:0:2, 1:0:0:0:2, 3:0:0:0:4, 2:1:0:0:1, 3:0:0:0:2, 4:1:0:0:1, 2:0:0:0:0, 3:2:0:0:3, 3:0:0:0:2, 4:1:0:0:1, 1:0:0:0:3, 2:0:0:0:2, 2:1:0:0:2, 5:0:0:0:3, 1:1:0:0:1, 0:0:0:0:0, 2:1:0:0:1, 1:0:0:0:2, 3:1:0:0:4, 3:2:1:0:2, 2:1:0:0:1, 3:0:0:0:3, 1:1:0:0:1, 0:0:0:0:0, 1:1:0:0:1, 2:0:0:0:2, 1:0:0:0:3, 2:0:0:0:1, 3:1:1:0:1, 3:0:0:0:3, 2:1:1:0:1, 0:0:0:0:0, 2:1:1:0:1, 2:0:0:0:2, 3:0:0:0:3, 3:1:1:0:1, 4:0:0:0:1, 1:1:0:0:1, 3:0:0:0:0, 2:2:0:0:2, 2:0:0:0:2, 2:1:0:0:1, 1:0:0:0:2, 4:0:0:0:2, 2:1:0:0:1, 2:0:0:0:4, 2:1:0:0:2, 0:0:0:0:0, 3:1:1:0:1, 2:0:0:0:2, 3:0:0:0:3, 4:1:1:0:1, 2:2:1:0:2, 2:0:0:0:4, 1:1:0:0:1, 0:0:0:0:0, 2:2:1:0:2, 2:1:0:0:4, 2:0:0:0:2, 3:0:0:0:2, 3:1:1:0:1, 4:0:0:0:4, 2:1:0:0:1, 0:0:0:0:0, 1:1:0:0:1, 3:0:0:0:2, 3:0:0:0:3, 2:1:0:0:2, 2:0:0:0:3, 3:1:0:0:1, 3:0:0:0:0, 3:2:0:0:2, 4:0:0:0:1, 2:1:0:0:1, 1:0:0:0:2, 3:0:0:0:1, 3:1:1:0:1, 3:0:0:0:3, 2:1:1:0:1, 1:0:0:0:0, 2:1:0:0:2, 1:0:0:0:2, 3:0:0:0:3, 1:1:0:0:1, 1:1:0:0:1, 4:0:0:0:3, 3:1:0:0:1, 0:0:0:0:0, 3:1:1:0:1, 2:0:0:0:2, 3:0:0:0:2, 2:0:0:0:1, 3:1:1:0:1, 2:0:0:0:3, 3:1:0:0:2, 1:0:0:0:1, 2:1:1:0:1, 2:0:0:0:2, 3:0:0:0:3, 2:1:1:0:1, 4:0:0:0:1, 2:2:0:0:2, 3:0:0:0:0, 4:2:0:0:3, 2:0:0:0:2, 3:1:0:0:1, 2:0:0:0:3, 4:0:0:0:1, 3:2:0:0:2, 4:0:0:0:3, 1:1:0:0:1, 1:0:0:0:0, 3:2:0:0:2, 4:0:0:0:2, 4:0:0:0:4, 1:1:0:0:1, 2:1:0:0:1, 3:0:0:0:3, 1:1:0:0:1, 0:0:0:0:0, 1:1:0:0:1, 2:0:0:0:2, 2:0:0:0:3, 2:0:0:0:1, 3:1:1:0:1, 3:0:0:0:3, 2:1:1:0:1, 0:0:0:0:0, 2:1:1:0:1, 2:0:0:0:2, 3:0:0:0:3, 3:1:1:0:1, 4:0:0:0:1, 1:1:0:0:1, 3:0:0:0:0, 2:2:0:0:2, 2:0:0:0:2, 2:1:0:0:1, 1:0:0:0:2, 4:0:0:0:2, 2:1:0:0:1, 2:0:0:0:4, 2:1:0:0:2, 0:0:0:0:0, 3:1:1:0:1, 1:0:0:0:2, 3:0:0:0:3, 4:1:1:0:1, 2:2:1:0:2, 2:0:0:0:4, 1:1:0:0:1, 0:0:0:0:0, 2:2:1:0:2, 2:1:0:0:4, 2:0:0:0:1, 3:0:0:0:2, 3:1:1:0:1, 4:0:0:0:4, 2:1:0:0:1, 0:0:0:0:0, 1:1:0:0:1, 3:0:0:0:2, 3:0:0:0:3, 2:1:0:0:2, 2:0:0:0:3, 3:1:0:0:1, 3:0:0:0:0, 3:2:0:0:2, 4:0:0:0:1, 2:1:0:0:1, 1:0:0:0:2, 3:0:0:0:1, 3:1:1:0:1, 4:0:0:0:3, 2:1:1:0:1, 0:0:0:0:0, 1:1:0:0:1, 1:0:0:0:2, 3:0:0:0:3, 1:1:0:0:1, 1:1:0:0:1, 4:0:0:0:3, 2:1:0:0:1, 0:0:0:0:0, 3:1:1:0:1, 2:0:0:0:3, 3:0:0:0:2, 2:0:0:0:1, 3:1:1:0:1, 2:0:0:0:3, 4:1:0:0:2, 1:0:0:0:1, 2:1:1:0:1, 2:0:0:0:2, 3:0:0:0:3, 3:1:1:0:1, 4:0:0:0:1, 2:2:0:0:2, 3:0:0:0:1, 4:2:0:0:2, 2:0:0:0:2, 3:1:0:0:1, 3:1:0:0:3, 4:0:0:0:1, 3:2:0:0:2, 4:0:0:0:3, 1:1:0:0:1, 0:0:0:0:0, 2:1:0:0:1, 3:0:0:0:2, 4:0:0:0:4, 1:1:0:0:1, 1:0:0:0:0, 1:0:0:0:1, 1:1:0:0:1, 1:1:0:0:1, 1:0:0:0:4, 2:1:0:0:1, 0:0:0:0:0, 0:0:0:0:0, 0:0:0:0:0, 695:160:49:0:487
Gb lydian (6b), 0:0:0:0:0, 2:0:0:0:1, 1:0:0:0:0, 2:0:0:0:2, 1:0:0:0:1, 4:0:0:0:2, 2:0:0:0:1, 2:0:0:0:2, 0:0:0:0:0, 2:0:0:0:1, 1:0:0:0:0, 2:0:0:0:2, 1:1:1:0:1, 2:0:0:0:1, 2:0:0:0:1, 4:1:0:0:4, 1:0:0:0:0, 1:0:0:0:1, 2:0:0:0:6, 1:0:0:0:1, 2:0:0:0:3, 2:0:0:0:3, 2:0:0:0:1, 4:0:0:0:2, 1:1:1:0:1, 3:0:0:0:1, 4:1:0:0:4, 2:0:0:0:1, 0:0:0:0:0, 2:0:0:0:1, 3:0:0:0:1, 1:0:0:0:1, 2:0:0:0:4, 1:0:0:0:1, 1:0:0:0:1, 1:0:0:0:0, 2:0:0:0:1, 2:0:0:0:1, 0:0:0:0:0, 0:0:0:0:0, 1:1:1:0:1, 2:0:0:0:0, 1:0:0:0:0, 1:0:0:0:1, 1:1:1:0:1, 1:0:0:0:0, 1:0:0:0:0, 3:0:0:0:2, 3:1:1:2:1, 2:0:0:0:1, 3:0:0:0:3, 2:0:0:0:2, 1:1:1:0:1, 2:0:0:0:1, 2:0:0:0:1, 2:0:0:0:1, 1:0:0:0:1, 2:0:0:0:2, 4:0:0:0:6, 1:0:0:0:1, 1:0:0:0:0, 2:0:0:0:1, 4:0:0:0:3, 2:0:0:0:1, 0:0:0:0:0, 2:0:0:0:1, 2:0:0:0:1, 2:0:0:0:2, 1:1:1:0:1, 2:0:0:0:1, 3:0:0:0:2, 3:0:0:0:1, 1:0:0:0:1, 2:0:0:0:1, 1:0:0:0:0, 1:0:0:0:1, 1:1:1:0:1, 2:0:0:0:1, 2:0:0:0:1, 2:0:0:0:1, 1:0:0:0:0, 3:0:0:0:1, 4:1:0:0:4, 2:0:0:0:2, 1:0:0:0:1, 2:0:0:0:1, 2:0:0:0:2, 1:0:0:0:1, 2:0:0:0:1, 2:0:0:0:2, 2:0:0:0:6, 1:0:0:0:0, 2:0:0:0:1, 2:0:0:0:2, 1:0:0:0:0, 1:1:1:0:1, 1:0:0:0:0, 5:0:0:0:3, 0:0:0:0:0, 1:0:0:0:1, 0:0:0:0:0, 2:0:0:0:1, 1:0:0:0:0, 2:0:0:0:2, 2:0:0:0:1, 2:0:0:0:1, 0:0:0:0:0, 1:0:0:0:1, 0:0:0:0:0, 4:0:0:0:2, 1:0:0:0:0, 1:0:0:0:3, 1:1:1:0:1, 2:0:0:0:1, 1:0:0:0:0, 1:0:0:0:1, 1:0:0:0:0, 2:0:0:0:1, 2:0:0:0:2, 2:0:0:0:1, 2:0:0:0:2, 0:0:0:0:0, 3:0:0:0:5, 0:0:0:0:0, 1:0:0:0:0, 1:0:0:0:1, 1:0:0:0:0, 3:0:0:0:2, 0:0:0:0:0, 1:0:0:0:0, 1:0:0:0:0, 1:0:0:0:1, 1:1:1:0:1, 4:0:0:0:2, 2:0:0:0:1, 2:0:0:0:1, 2:0:0:0:1, 1:0:0:0:0, 0:0:0:0:0, 1:0:0:0:1, 1:0:0:0:1, 1:0:0:0:0, 1:0:0:0:0, 2:0:0:0:1, 1:1:1:0:1, 2:0:0:0:2, 1:0:0:0:1, 2:0:0:0:1, 0:0:0:0:0, 2:0:0:0:1, 2:0:0:0:1, 1:0:0:0:0, 1:0:0:0:0, 2:0:0:0:2, 4:0:0:0:5, 1:0:0:0:1, 2:0:0:0:2, 1:0:0:0:1, 1:0:0:0:0, 2:0:0:0:2, 1:1:1:0:1, 2:0:0:0:3, 1:0:0:0:0, 2:0:0:0:2, 1:0:0:0:0, 2:0:0:0:0, 2:0:0:0:1, 0:0:0:0:0, 0:0:0:0:0, 3:0:0:0:2, 2:0:0:0:2, 1:0:0:0:1, 1:1:1:0:1, 2:0:0:0:1, 3:0:0:0:2, 1:0:0:0:1, 1:1:1:0:1, 2:0:0:0:0, 2:0:0:0:1, 3:1:0:0:3, 1:0:0:0:0, 2:0:0:0:1, 2:0:0:0:1, 1:0:0:0:0, 2:0:0:0:2, 2:0:0:0:1, 3:0:0:0:3, 2:0:0:0:1, 1:0:0:0:0, 1:0:0:0:1, 3:0:0:0:1, 3:0:0:0:3, 2:0:0:0:2, 3:0:0:0:3, 0:0:0:0:0, 2:0:0:0:2, 1:0:0:0:1, 3:0:0:0:2, 3:0:0:0:2, 0:0:0:0:0, 2:0:0:0:1, 2:0:0:0:1, 0:0:0:0:0, 2:0:0:0:1, 0:0:0:0:0, 4:0:0:0:2, 2:0:0:0:1, 1:0:0:0:3, 1:1:1:0:1, 2:0:0:0:1, 1:0:0:0:0, 2:0:0:0:1, 1:0:0:0:0, 2:0:0:0:1, 2:0:0:0:1, 2:0:0:0:1, 2:0:0:0:2, 0:0:0:0:0, 3:0:0:0:5, 0:0:0:0:0, 1:0:0:0:0, 1:0:0:0:1, 1:0:0:0:0, 3:0:0:0:3, 0:0:0:0:0, 1:0:0:0:0, 1:0:0:0:0, 1:0:0:0:1, 1:1:1:0:1, 2:0:0:0:1, 2:0:0:0:1, 3:1:0:0:3, 2:0:0:0:1, 1:0:0:0:0, 0:0:0:0:0, 1:0:0:0:1, 1:0:0:0:1, 1:0:0:0:0, 1:0:0:0:0, 2:0:0:0:1, 1:1:1:0:1, 2:0:0:0:2, 1:0:0:0:1, 2:0:0:0:1, 0:0:0:0:0, 2:0:0:0:1, 2:0:0:0:1, 1:0:0:0:0, 1:0:0:0:0, 2:0:0:0:2, 4:0:0:0:5, 1:0:0:0:1, 2:0:0:0:2, 1:0:0:0:1, 1:0:0:0:0, 2:0:0:0:2, 1:1:1:0:1, 3:0:0:0:3, 1:0:0:0:0, 1:0:0:0:1, 0:0:0:0:0, 2:0:0:0:0, 2:0:0:0:1, 0:0:0:0:0, 0:0:0:0:0, 3:0:0:0:2, 1:0:0:0:1, 1:0:0:0:1, 1:1:1:0:1, 2:0:0:0:1, 3:0:0:0:2, 1:0:0:0:1, 1:1:1:0:1, 2:0:0:0:0, 3:0:0:0:2, 3:1:0:0:3, 1:0:0:0:0, 2:0:0:0:1, 2:0:0:0:1, 2:0:0:0:1, 2:0:0:0:2, 2:0:0:0:1, 3:0:0:0:3, 2:0:0:0:2, 1:0:0:0:0, 1:0:0:0:1, 3:0:0:0:1, 3:0:0:0:3, 2:0:0:0:2, 3:0:0:0:3, 0:0:0:0:0, 1:0:0:0:1, 0:0:0:0:0, 3:0:0:0:2, 3:0:0:0:2, 0:0:0:0:0, 1:0:0:0:4, 0:0:0:0:0, 0:0:0:0:0, 0:0:0:0:0, 1:0:0:0:0, 2:0:0:0:1, 0:0:0:0:0, 0:0:0:0:0, 0:0:0:0:0, 483:27:21:2:345
F# lydian (6#), 2:1:0:0:1, 3:0:0:0:3, 2:1:1:0:1, 1:0:0:0:0, 2:2:1:0:2, 3:0:0:0:2, 3:0:0:0:2, 3:0:0:0:1, 1:1:0:0:1, 3:0:0:0:3, 2:1:1:0:1, 1:0:0:0:0, 4:1:0:0:2, 2:0:0:0:2, 3:0:0:0:3, 4:1:1:0:1, 2:0:0:0:2, 2:1:0:0:1, 2:0:0:0:0, 3:2:0:0:2, 4:1:0:0:2, 3:1:0:0:1, 1:0:0:0:2, 5:0:0:0:2, 3:1:1:0:1, 4:0:0:0:3, 4:1:1:0:1, 0:0:0:0:0, 1:1:0:0:1, 1:0:0:0:3, 3:0:0:0:3, 2:1:0:0:1, 2:0:0:0:0, 3:0:0:0:1, 3:1:0:0:1, 2:1:0:0:2, 2:0:0:0:3, 0:0:0:0:0, 1:1:0:0:1, 1:1:0:0:1, 3:1:1:0:1, 2:0:0:0:3, 2:1:1:0:1, 0:0:0:0:0, 3:1:1:0:1, 1:0:0:0:2, 2:0:0:0:1, 4:0:0:0:2, 4:1:1:0:1, 4:0:0:0:3, 3:1:0:0:1, 1:0:0:0:0, 3:1:1:0:1, 2:0:0:0:2, 3:0:0:0:4, 3:1:1:0:1, 3:0:0:0:1, 3:1:0:0:1, 3:0:0:0:0, 3:2:0:0:2, 2:0:0:0:2, 4:1:0:0:2, 3:0:0:0:2, 4:0:0:0:2, 1:1:0:0:1, 4:0:0:0:3, 3:1:0:0:3, 1:0:0:0:0, 3:1:1:0:1, 2:0:0:0:2, 4:0:0:0:3, 4:1:1:0:1, 3:2:1:0:2, 3:0:0:0:3, 2:1:0:0:2, 0:0:0:0:0, 3:1:1:0:1, 2:0:0:0:2, 2:0:0:0:3, 4:0:0:0:2, 2:1:0:0:2, 3:0:0:0:2, 4:1:1:0:1, 1:0:0:0:0, 2:2:1:0:2, 1:0:0:0:2, 3:0:0:0:4, 2:1:0:0:1, 3:0:0:0:2, 4:1:0:0:1, 2:0:0:0:0, 3:2:0:0:3, 3:0:0:0:2, 4:1:0:0:1, 1:0:0:0:3, 2:0:0:0:2, 2:1:0:0:2, 5:0:0:0:3, 1:1:0:0:1, 0:0:0:0:0, 2:1:0:0:1, 1:0:0:0:2, 3:1:0:0:4, 3:2:1:0:2, 2:1:0:0:1, 3:0:0:0:3, 1:1:0:0:1, 0:0:0:0:0, 1:1:0:0:1, 2:0:0:0:2, 1:0:0:0:3, 2:0:0:0:1, 3:1:1:0:1, 3:0:0:0:3, 2:1:1:0:1, 0:0:0:0:0, 2:1:1:0:1, 2:0:0:0:2, 3:0:0:0:3, 3:1:1:0:1, 4:0:0:0:1, 1:1:0:0:1, 3:0:0:0:0, 2:2:0:0:2, 2:0:0:0:2, 2:1:0:0:1, 1:0:0:0:2, 4:0:0:0:2, 2:1:0:0:1, 2:0:0:0:4, 2:1:0:0:2, 0:0:0:0:0, 3:1:1:0:1, 2:0:0:0:2, 3:0:0:0:3, 4:1:1:0:1, 2:2:1:0:2, 2:0:0:0:4, 1:1:0:0:1, 0:0:0:0:0, 2:2:1:0:2, 2:1:0:0:4, 2:0:0:0:2, 3:0:0:0:2, 3:1:1:0:1, 4:0:0:0:4, 2:1:0:0:1, 0:0:0:0:0, 1:1:0:0:1, 3:0:0:0:2, 3:0:0:0:3, 2:1:0:0:2, 2:0:0:0:3, 3:1:0:0:1, 3:0:0:0:0, 3:2:0:0:2, 4:0:0:0:1, 2:1:0:0:1, 1:0:0:0:2, 3:0:0:0:1, 3:1:1:0:1, 3:0:0:0:3, 2:1:1:0:1, 1:0:0:0:0, 2:1:0:0:2, 1:0:0:0:2, 3:0:0:0:3, 1:1:0:0:1, 1:1:0:0:1, 4:0:0:0:3, 3:1:0:0:1, 0:0:0:0:0, 3:1:1:0:1, 2:0:0:0:2, 3:0:0:0:2, 2:0:0:0:1, 3:1:1:0:1, 2:0:0:0:3, 3:1:0:0:2, 1:0:0:0:1, 2:1:1:0:1, 2:0:0:0:2, 3:0:0:0:3, 2:1:1:0:1, 4:0:0:0:1, 2:2:0:0:2, 3:0:0:0:0, 4:2:0:0:3, 2:0:0:0:2, 3:1:0:0:1, 2:0:0:0:3, 4:0:0:0:1, 3:2:0:0:2, 4:0:0:0:3, 1:1:0:0:1, 1:0:0:0:0, 3:2:0:0:2, 4:0:0:0:2, 4:0:0:0:4, 1:1:0:0:1, 2:1:0:0:1, 3:0:0:0:3, 1:1:0:0:1, 0:0:0:0:0, 1:1:0:0:1, 2:0:0:0:2, 2:0:0:0:3, 2:0:0:0:1, 3:1:1:0:1, 3:0:0:0:3, 2:1:1:0:1, 0:0:0:0:0, 2:1:1:0:1, 2:0:0:0:2, 3:0:0:0:3, 3:1:1:0:1, 4:0:0:0:1, 1:1:0:0:1, 3:0:0:0:0, 2:2:0:0:2, 2:0:0:0:2, 2:1:0:0:1, 1:0:0:0:2, 4:0:0:0:2, 2:1:0:0:1, 2:0:0:0:4, 2:1:0:0:2, 0:0:0:0:0, 3:1:1:0:1, 1:0:0:0:2, 3:0:0:0:3, 4:1:1:0:1, 2:2:1:0:2, 2:0:0:0:4, 1:1:0:0:1, 0:0:0:0:0, 2:2:1:0:2, 2:1:0:0:4, 2:0:0:0:1, 3:0:0:0:2, 3:1:1:0:1, 4:0:0:0:4, 2:1:0:0:1, 0:0:0:0:0, 1:1:0:0:1, 3:0:0:0:2, 3:0:0:0:3, 2:1:0:0:2, 2:0:0:0:3, 3:1:0:0:1, 3:0:0:0:0, 3:2:0:0:2, 4:0:0:0:1, 2:1:0:0:1, 1:0:0:0:2, 3:0:0:0:1, 3:1:1:0:1, 4:0:0:0:3, 2:1:1:0:1, 0:0:0:0:0, 1:1:0:0:1, 1:0:0:0:2, 3:0:0:0:3, 1:1:0:0:1, 1:1:0:0:1, 4:0:0:0:3, 2:1:0:0:1, 0:0:0:0:0, 3:1:1:0:1, 2:0:0:0:3, 3:0:0:0:2, 2:0:0:0:1, 3:1:1:0:1, 2:0:0:0:3, 4:1:0:0:2, 1:0:0:0:1, 2:1:1:0:1, 2:0:0:0:2, 3:0:0:0:3, 3:1:1:0:1, 4:0:0:0:1, 2:2:0:0:2, 3:0:0:0:1, 4:2:0:0:2, 2:0:0:0:2, 3:1:0:0:1, 3:1:0:0:3, 4:0:0:0:1, 3:2:0:0:2, 4:0:0:0:3, 1:1:0:0:1, 0:0:0:0:0, 2:1:0:0:1, 3:0:0:0:2, 4:0:0:0:4, 1:1:0:0:1, 1:0:0:0:0, 1:0:0:0:1, 1:1:0:0:1, 1:1:0:0:1, 1:0:0:0:4, 2:1:0:0:1, 0:0:0:0:0, 0:0:0:0:0, 0:0:0:0:0, 695:160:49:0:487
Gb mixolydian (6b), 0:0:0:0:0, 2:0:0:0:1, 1:0:0:0:0, 2:0:0:0:2, 1:0:0:0:1, 4:0:0:0:2, 2:0:0:0:1, 2:0:0:0:2, 0:0:0:0:0, 2:0:0:0:1, 1:0:0:0:0, 2:0:0:0:2, 1:1:1:0:1, 2:0:0:0:1, 2:0:0:0:1, 4:1:0:0:4, 1:0:0:0:0, 1:0:0:0:1, 2:0:0:0:6, 1:0:0:0:1, 2:0:0:0:3, 2:0:0:0:3, 2:0:0:0:1, 4:0:0:0:2, 1:1:1:0:1, 3:0:0:0:1, 4:1:0:0:4, 2:0:0:0:1, 0:0:0:0:0, 2:0:0:0:1, 3:0:0:0:1, 1:0:0:0:1, 2:0:0:0:4, 1:0:0:0:1, 1:0:0:0:1, 1:0:0:0:0, 2:0:0:0:1, 2:0:0:0:1, 0:0:0:0:0, 0:0:0:0:0, 1:1:1:0:1, 2:0:0:0:0, 1:0:0:0:0, 1:0:0:0:1, 1:1:1:0:1, 1:0:0:0:0, 1:0:0:0:0, 3:0:0:0:2, 3:1:1:2:1, 2:0:0:0:1, 3:0:0:0:3, 2:0:0:0:2, 1:1:1:0:1, 2:0:0:0:1, 2:0:0:0:1, 2:0:0:0:1, 1:0:0:0:1, 2:0:0:0:2, 4:0:0:0:6, 1:0:0:0:1, 1:0:0:0:0, 2:0:0:0:1, 4:0:0:0:3, 2:0:0:0:1, 0:0:0:0:0, 2:0:0:0:1, 2:0:0:0:1, 2:0:0:0:2, 1:1:1:0:1, 2:0:0:0:1, 3:0:0:0:2, 3:0:0:0:1, 1:0:0:0:1, 2:0:0:0:1, 1:0:0:0:0, 1:0:0:0:1, 1:1:1:0:1, 2:0:0:0:1, 2:0:0:0:1, 2:0:0:0:1, 1:0:0:0:0, 3:0:0:0:1, 4:1:0:0:4, 2:0:0:0:2, 1:0:0:0:1, 2:0:0:0:1, 2:0:0:0:2, 1:0:0:0:1, 2:0:0:0:1, 2:0:0:0:2, 2:0:0:0:6, 1:0:0:0:0, 2:0:0:0:1, 2:0:0:0:2, 1:0:0:0:0, 1:1:1:0:1, 1:0:0:0:0, 5:0:0:0:3, 0:0:0:0:0, 1:0:0:0:1, 0:0:0:0:0, 2:0:0:0:1, 1:0:0:0:0, 2:0:0:0:2, 2:0:0:0:1, 2:0:0:0:1, 0:0:0:0:0, 1:0:0:0:1, 0:0:0:0:0, 4:0:0:0:2, 1:0:0:0:0, 1:0:0:0:3, 1:1:1:0:1, 2:0:0:0:1, 1:0:0:0:0, 1:0:0:0:1, 1:0:0:0:0, 2:0:0:0:1, 2:0:0:0:2, 2:0:0:0:1, 2:0:0:0:2, 0:0:0:0:0, 3:0:0:0:5, 0:0:0:0:0, 1:0:0:0:0, 1:0:0:0:1, 1:0:0:0:0, 3:0:0:0:2, 0:0:0:0:0, 1:0:0:0:0, 1:0:0:0:0, 1:0:0:0:1, 1:1:1:0:1, 4:0:0:0:2, 2:0:0:0:1, 2:0:0:0:1, 2:0:0:0:1, 1:0:0:0:0, 0:0:0:0:0, 1:0:0:0:1, 1:0:0:0:1, 1:0:0:0:0, 1:0:0:0:0, 2:0:0:0:1, 1:1:1:0:1, 2:0:0:0:2, 1:0:0:0:1, 2:0:0:0:1, 0:0:0:0:0, 2:0:0:0:1, 2:0:0:0:1, 1:0:0:0:0, 1:0:0:0:0, 2:0:0:0:2, 4:0:0:0:5, 1:0:0:0:1, 2:0:0:0:2, 1:0:0:0:1, 1:0:0:0:0, 2:0:0:0:2, 1:1:1:0:1, 2:0:0:0:3, 1:0:0:0:0, 2:0:0:0:2, 1:0:0:0:0, 2:0:0:0:0, 2:0:0:0:1, 0:0:0:0:0, 0:0:0:0:0, 3:0:0:0:2, 2:0:0:0:2, 1:0:0:0:1, 1:1:1:0:1, 2:0:0:0:1, 3:0:0:0:2, 1:0:0:0:1, 1:1:1:0:1, 2:0:0:0:0, 2:0:0:0:1, 3:1:0:0:3, 1:0:0:0:0, 2:0:0:0:1, 2:0:0:0:1, 1:0:0:0:0, 2:0:0:0:2, 2:0:0:0:1, 3:0:0:0:3, 2:0:0:0:1, 1:0:0:0:0, 1:0:0:0:1, 3:0:0:0:1, 3:0:0:0:3, 2:0:0:0:2, 3:0:0:0:3, 0:0:0:0:0, 2:0:0:0:2, 1:0:0:0:1, 3:0:0:0:2, 3:0:0:0:2, 0:0:0:0:0, 2:0:0:0:1, 2:0:0:0:1, 0:0:0:0:0, 2:0:0:0:1, 0:0:0:0:0, 4:0:0:0:2, 2:0:0:0:1, 1:0:0:0:3, 1:1:1:0:1, 2:0:0:0:1, 1:0:0:0:0, 2:0:0:0:1, 1:0:0:0:0, 2:0:0:0:1, 2:0:0:0:1, 2:0:0:0:1, 2:0:0:0:2, 0:0:0:0:0, 3:0:0:0:5, 0:0:0:0:0, 1:0:0:0:0, 1:0:0:0:1, 1:0:0:0:0, 3:0:0:0:3, 0:0:0:0:0, 1:0:0:0:0, 1:0:0:0:0, 1:0:0:0:1, 1:1:1:0:1, 2:0:0:0:1, 2:0:0:0:1, 3:1:0:0:3, 2:0:0:0:1, 1:0:0:0:0, 0:0:0:0:0, 1:0:0:0:1, 1:0:0:0:1, 1:0:0:0:0, 1:0:0:0:0, 2:0:0:0:1, 1:1:1:0:1, 2:0:0:0:2, 1:0:0:0:1, 2:0:0:0:1, 0:0:0:0:0, 2:0:0:0:1, 2:0:0:0:1, 1:0:0:0:0, 1:0:0:0:0, 2:0:0:0:2, 4:0:0:0:5, 1:0:0:0:1, 2:0:0:0:2, 1:0:0:0:1, 1:0:0:0:0, 2:0:0:0:2, 1:1:1:0:1, 3:0:0:0:3, 1:0:0:0:0, 1:0:0:0:1, 0:0:0:0:0, 2:0:0:0:0, 2:0:0:0:1, 0:0:0:0:0, 0:0:0:0:0, 3:0:0:0:2, 1:0:0:0:1, 1:0:0:0:1, 1:1:1:0:1, 2:0:0:0:1, 3:0:0:0:2, 1:0:0:0:1, 1:1:1:0:1, 2:0:0:0:0, 3:0:0:0:2, 3:1:0:0:3, 1:0:0:0:0, 2:0:0:0:1, 2:0:0:0:1, 2:0:0:0:1, 2:0:0:0:2, 2:0:0:0:1, 3:0:0:0:3, 2:0:0:0:2, 1:0:0:0:0, 1:0:0:0:1, 3:0:0:0:1, 3:0:0:0:3, 2:0:0:0:2, 3:0:0:0:3, 0:0:0:0:0, 1:0:0:0:1, 0:0:0:0:0, 3:0:0:0:2, 3:0:0:0:2, 0:0:0:0:0, 1:0:0:0:4, 0:0:0:0:0, 0:0:0:0:0, 0:0:0:0:0, 1:0:0:0:0, 2:0:0:0:1, 0:0:0:0:0, 0:0:0:0:0, 0:0:0:0:0, 483:27:21:2:345
F# mixolydian (6#), 2:1:0:0:1, 3:0:0:0:3, 2:1:1:0:1, 1:0:0:0:0, 2:2:1:0:2, 3:0:0:0:2, 3:0:0:0:2, 3:0:0:0:1, 1:1:0:0:1, 3:0:0:0:3, 2:1:1:0:1, 1:0:0:0:0, 4:1:0:0:2, 2:0:0:0:2, 3:0:0:0:3, 4:1:1:0:1, 2:0:0:0:2, 2:1:0:0:1, 2:0:0:0:0, 3:2:0:0:2, 4:1:0:0:2, 3:1:0:0:1, 1:0:0:0:2, 5:0:0:0:2, 3:1:1:0:1, 4:0:0:0:3, 4:1:1:0:1, 0:0:0:0:0, 1:1:0:0:1, 1:0:0:0:3, 3:0:0:0:3, 2:1:0:0:1, 2:0:0:0:0, 3:0:0:0:1, 3:1:0:0:1, 2:1:0:0:2, 2:0:0:0:3, 0:0:0:0:0, 1:1:0:0:1, 1:1:0:0:1, 3:1:1:0:1, 2:0:0:0:3, 2:1:1:0:1, 0:0:0:0:0, 3:1:1:0:1, 1:0:0:0:2, 2:0:0:0:1, 4:0:0:0:2, 4:1:1:0:1, 4:0:0:0:3, 3:1:0:0:1, 1:0:0:0:0, 3:1:1:0:1, 2:0:0:0:2, 3:0:0:0:4, 3:1:1:0:1, 3:0:0:0:1, 3:1:0:0:1, 3:0:0:0:0, 3:2:0:0:2, 2:0:0:0:2, 4:1:0:0:2, 3:0:0:0:2, 4:0:0:0:2, 1:1:0:0:1, 4:0:0:0:3, 3:1:0:0:3, 1:0:0:0:0, 3:1:1:0:1, 2:0:0:0:2, 4:0:0:0:3, 4:1:1:0:1, 3:2:1:0:2, 3:0:0:0:3, 2:1:0:0:2, 0:0:0:0:0, 3:1:1:0:1, 2:0:0:0:2, 2:0:0:0:3, 4:0:0:0:2, 2:1:0:0:2, 3:0:0:0:2, 4:1:1:0:1, 1:0:0:0:0, 2:2:1:0:2, 1:0:0:0:2, 3:0:0:0:4, 2:1:0:0:1, 3:0:0:0:2, 4:1:0:0:1, 2:0:0:0:0, 3:2:0:0:3, 3:0:0:0:2, 4:1:0:0:1, 1:0:0:0:3, 2:0:0:0:2, 2:1:0:0:2, 5:0:0:0:3, 1:1:0:0:1, 0:0:0:0:0, 2:1:0:0:1, 1:0:0:0:2, 3:1:0:0:4, 3:2:1:0:2, 2:1:0:0:1, 3:0:0:0:3, 1:1:0:0:1, 0:0:0:0:0, 1:1:0:0:1, 2:0:0:0:2, 1:0:0:0:3, 2:0:0:0:1, 3:1:1:0:1, 3:0:0:0:3, 2:1:1:0:1, 0:0:0:0:0, 2:1:1:0:1, 2:0:0:0:2, 3:0:0:0:3, 3:1:1:0:1, 4:0:0:0:1, 1:1:0:0:1, 3:0:0:0:0, 2:2:0:0:2, 2:0:0:0:2, 2:1:0:0:1, 1:0:0:0:2, 4:0:0:0:2, 2:1:0:0:1, 2:0:0:0:4, 2:1:0:0:2, 0:0:0:0:0, 3:1:1:0:1, 2:0:0:0:2, 3:0:0:0:3, 4:1:1:0:1, 2:2:1:0:2, 2:0:0:0:4, 1:1:0:0:1, 0:0:0:0:0, 2:2:1:0:2, 2:1:0:0:4, 2:0:0:0:2, 3:0:0:0:2, 3:1:1:0:1, 4:0:0:0:4, 2:1:0:0:1, 0:0:0:0:0, 1:1:0:0:1, 3:0:0:0:2, 3:0:0:0:3, 2:1:0:0:2, 2:0:0:0:3, 3:1:0:0:1, 3:0:0:0:0, 3:2:0:0:2, 4:0:0:0:1, 2:1:0:0:1, 1:0:0:0:2, 3:0:0:0:1, 3:1:1:0:1, 3:0:0:0:3, 2:1:1:0:1, 1:0:0:0:0, 2:1:0:0:2, 1:0:0:0:2, 3:0:0:0:3, 1:1:0:0:1, 1:1:0:0:1, 4:0:0:0:3, 3:1:0:0:1, 0:0:0:0:0, 3:1:1:0:1, 2:0:0:0:2, 3:0:0:0:2, 2:0:0:0:1, 3:1:1:0:1, 2:0:0:0:3, 3:1:0:0:2, 1:0:0:0:1, 2:1:1:0:1, 2:0:0:0:2, 3:0:0:0:3, 2:1:1:0:1, 4:0:0:0:1, 2:2:0:0:2, 3:0:0:0:0, 4:2:0:0:3, 2:0:0:0:2, 3:1:0:0:1, 2:0:0:0:3, 4:0:0:0:1, 3:2:0:0:2, 4:0:0:0:3, 1:1:0:0:1, 1:0:0:0:0, 3:2:0:0:2, 4:0:0:0:2, 4:0:0:0:4, 1:1:0:0:1, 2:1:0:0:1, 3:0:0:0:3, 1:1:0:0:1, 0:0:0:0:0, 1:1:0:0:1, 2:0:0:0:2, 2:0:0:0:3, 2:0:0:0:1, 3:1:1:0:1, 3:0:0:0:3, 2:1:1:0:1, 0:0:0:0:0, 2:1:1:0:1, 2:0:0:0:2, 3:0:0:0:3, 3:1:1:0:1, 4:0:0:0:1, 1:1:0:0:1, 3:0:0:0:0, 2:2:0:0:2, 2:0:0:0:2, 2:1:0:0:1, 1:0:0:0:2, 4:0:0:0:2, 2:1:0:0:1, 2:0:0:0:4, 2:1:0:0:2, 0:0:0:0:0, 3:1:1:0:1, 1:0:0:0:2, 3:0:0:0:3, 4:1:1:0:1, 2:2:1:0:2, 2:0:0:0:4, 1:1:0:0:1, 0:0:0:0:0, 2:2:1:0:2, 2:1:0:0:4, 2:0:0:0:1, 3:0:0:0:2, 3:1:1:0:1, 4:0:0:0:4, 2:1:0:0:1, 0:0:0:0:0, 1:1:0:0:1, 3:0:0:0:2, 3:0:0:0:3, 2:1:0:0:2, 2:0:0:0:3, 3:1:0:0:1, 3:0:0:0:0, 3:2:0:0:2, 4:0:0:0:1, 2:1:0:0:1, 1:0:0:0:2, 3:0:0:0:1, 3:1:1:0:1, 4:0:0:0:3, 2:1:1:0:1, 0:0:0:0:0, 1:1:0:0:1, 1:0:0:0:2, 3:0:0:0:3, 1:1:0:0:1, 1:1:0:0:1, 4:0:0:0:3, 2:1:0:0:1, 0:0:0:0:0, 3:1:1:0:1, 2:0:0:0:3, 3:0:0:0:2, 2:0:0:0:1, 3:1:1:0:1, 2:0:0:0:3, 4:1:0:0:2, 1:0:0:0:1, 2:1:1:0:1, 2:0:0:0:2, 3:0:0:0:3, 3:1:1:0:1, 4:0:0:0:1, 2:2:0:0:2, 3:0:0:0:1, 4:2:0:0:2, 2:0:0:0:2, 3:1:0:0:1, 3:1:0:0:3, 4:0:0:0:1, 3:2:0:0:2, 4:0:0:0:3, 1:1:0:0:1, 0:0:0:0:0, 2:1:0:0:1, 3:0:0:0:2, 4:0:0:0:4, 1:1:0:0:1, 1:0:0:0:0, 1:0:0:0:1, 1:1:0:0:1, 1:1:0:0:1, 1:0:0:0:4, 2:1:0:0:1, 0:0:0:0:0, 0:0:0:0:0, 0:0:0:0:0, 695:160:49:0:487
Gb aeolian (6b), 0:0:0:0:0, 2:0:0:0:1, 1:0:0:0:0, 2:0:0:0:2, 1:0:0:0:1, 4:0:0:0:2, 2:0:0:0:1, 2:0:0:0:2, 0:0:0:0:0, 2:0:0:0:1, 1:0:0:0:0, 2:0:0:0:2, 1:1:1:0:1, 2:0:0:0:1, 2:0:0:0:1, 4:1:0:0:4, 1:0:0:0:0, 1:0:0:0:1, 2:0:0:0:6, 1:0:0:0:1, 2:0:0:0:3, 2:0:0:0:3, 2:0:0:0:1, 4:0:0:0:2, 1:1:1:0:1, 3:0:0:0:1, 4:1:0:0:4, 2:0:0:0:1, 0:0:0:0:0, 2:0:0:0:1, 3:0:0:0:1, 1:0:0:0:1, 2:0:0:0:4, 1:0:0:0:1, 1:0:0:0:1, 1:0:0:0:0, 2:0:0:0:1, 2:0:0:0:1, 0:0:0:0:0, 0:0:0:0:0, 1:1:1:0:1, 2:0:0:0:0, 1:0:0:0:0, 1:0:0:0:1, 1:1:1:0:1, 1:0:0:0:0, 1:0:0:0:0, 3:0:0:0:2, 3:1:1:2:1, 2:0:0:0:1, 3:0:0:0:3, 2:0:0:0:2, 1:1:1:0:1, 2:0:0:0:1, 2:0:0:0:1, 2:0:0:0:1, 1:0:0:0:1, 2:0:0:0:2, 4:0:0:0:6, 1:0:0:0:1, 1:0:0:0:0, 2:0:0:0:1, 4:0:0:0:3, 2:0:0:0:1, 0:0:0:0:0, 2:0:0:0:1, 2:0:0:0:1, 2:0:0:0:2, 1:1:1:0:1, 2:0:0:0:1, 3:0:0:0:2, 3:0:0:0:1, 1:0:0:0:1, 2:0:0:0:1, 1:0:0:0:0, 1:0:0:0:1, 1:1:1:0:1, 2:0:0:0:1, 2:0:0:0:1, 2:0:0:0:1, 1:0:0:0:0, 3:0:0:0:1, 4:1:0:0:4, 2:0:0:0:2, 1:0:0:0:1, 2:0:0:0:1, 2:0:0:0:2, 1:0:0:0:1, 2:0:0:0:1, 2:0:0:0:2, 2:0:0:0:6, 1:0:0:0:0, 2:0:0:0:1, 2:0:0:0:2, 1:0:0:0:0, 1:1:1:0:1, 1:0:0:0:0, 5:0:0:0:3, 0:0:0:0:0, 1:0:0:0:1, 0:0:0:0:0, 2:0:0:0:1, 1:0:0:0:0, 2:0:0:0:2, 2:0:0:0:1, 2:0:0:0:1, 0:0:0:0:0, 1:0:0:0:1, 0:0:0:0:0, 4:0:0:0:2, 1:0:0:0:0, 1:0:0:0:3, 1:1:1:0:1, 2:0:0:0:1, 1:0:0:0:0, 1:0:0:0:1, 1:0:0:0:0, 2:0:0:0:1, 2:0:0:0:2, 2:0:0:0:1, 2:0:0:0:2, 0:0:0:0:0, 3:0:0:0:5, 0:0:0:0:0, 1:0:0:0:0, 1:0:0:0:1, 1:0:0:0:0, 3:0:0:0:2, 0:0:0:0:0, 1:0:0:0:0, 1:0:0:0:0, 1:0:0:0:1, 1:1:1:0:1, 4:0:0:0:2, 2:0:0:0:1, 2:0:0:0:1, 2:0:0:0:1, 1:0:0:0:0, 0:0:0:0:0, 1:0:0:0:1, 1:0:0:0:1, 1:0:0:0:0, 1:0:0:0:0, 2:0:0:0:1, 1:1:1:0:1, 2:0:0:0:2, 1:0:0:0:1, 2:0:0:0:1, 0:0:0:0:0, 2:0:0:0:1, 2:0:0:0:1, 1:0:0:0:0, 1:0:0:0:0, 2:0:0:0:2, 4:0:0:0:5, 1:0:0:0:1, 2:0:0:0:2, 1:0:0:0:1, 1:0:0:0:0, 2:0:0:0:2, 1:1:1:0:1, 2:0:0:0:3, 1:0:0:0:0, 2:0:0:0:2, 1:0:0:0:0, 2:0:0:0:0, 2:0:0:0:1, 0:0:0:0:0, 0:0:0:0:0, 3:0:0:0:2, 2:0:0:0:2, 1:0:0:0:1, 1:1:1:0:1, 2:0:0:0:1, 3:0:0:0:2, 1:0:0:0:1, 1:1:1:0:1, 2:0:0:0:0, 2:0:0:0:1, 3:1:0:0:3, 1:0:0:0:0, 2:0:0:0:1, 2:0:0:0:1, 1:0:0:0:0, 2:0:0:0:2, 2:0:0:0:1, 3:0:0:0:3, 2:0:0:0:1, 1:0:0:0:0, 1:0:0:0:1, 3:0:0:0:1, 3:0:0:0:3, 2:0:0:0:2, 3:0:0:0:3, 0:0:0:0:0, 2:0:0:0:2, 1:0:0:0:1, 3:0:0:0:2, 3:0:0:0:2, 0:0:0:0:0, 2:0:0:0:1, 2:0:0:0:1, 0:0:0:0:0, 2:0:0:0:1, 0:0:0:0:0, 4:0:0:0:2, 2:0:0:0:1, 1:0:0:0:3, 1:1:1:0:1, 2:0:0:0:1, 1:0:0:0:0, 2:0:0:0:1, 1:0:0:0:0, 2:0:0:0:1, 2:0:0:0:1, 2:0:0:0:1, 2:0:0:0:2, 0:0:0:0:0, 3:0:0:0:5, 0:0:0:0:0, 1:0:0:0:0, 1:0:0:0:1, 1:0:0:0:0, 3:0:0:0:3, 0:0:0:0:0, 1:0:0:0:0, 1:0:0:0:0, 1:0:0:0:1, 1:1:1:0:1, 2:0:0:0:1, 2:0:0:0:1, 3:1:0:0:3, 2:0:0:0:1, 1:0:0:0:0, 0:0:0:0:0, 1:0:0:0:1, 1:0:0:0:1, 1:0:0:0:0, 1:0:0:0:0, 2:0:0:0:1, 1:1:1:0:1, 2:0:0:0:2, 1:0:0:0:1, 2:0:0:0:1, 0:0:0:0:0, 2:0:0:0:1, 2:0:0:0:1, 1:0:0:0:0, 1:0:0:0:0, 2:0:0:0:2, 4:0:0:0:5, 1:0:0:0:1, 2:0:0:0:2, 1:0:0:0:1, 1:0:0:0:0, 2:0:0:0:2, 1:1:1:0:1, 3:0:0:0:3, 1:0:0:0:0, 1:0:0:0:1, 0:0:0:0:0, 2:0:0:0:0, 2:0:0:0:1, 0:0:0:0:0, 0:0:0:0:0, 3:0:0:0:2, 1:0:0:0:1, 1:0:0:0:1, 1:1:1:0:1, 2:0:0:0:1, 3:0:0:0:2, 1:0:0:0:1, 1:1:1:0:1, 2:0:0:0:0, 3:0:0:0:2, 3:1:0:0:3, 1:0:0:0:0, 2:0:0:0:1, 2:0:0:0:1, 2:0:0:0:1, 2:0:0:0:2, 2:0:0:0:1, 3:0:0:0:3, 2:0:0:0:2, 1:0:0:0:0, 1:0:0:0:1, 3:0:0:0:1, 3:0:0:0:3, 2:0:0:0:2, 3:0:0:0:3, 0:0:0:0:0, 1:0:0:0:1, 0:0:0:0:0, 3:0:0:0:2, 3:0:0:0:2, 0:0:0:0:0, 1:0:0:0:4, 0:0:0:0:0, 0:0:0:0:0, 0:0:0:0:0, 1:0:0:0:0, 2:0:0:0:1, 0:0:0:0:0, 0:0:0:0:0, 0:0:0:0:0, 483:27:21:2:345
F# aeolian (6#), 2:1:0:0:1, 3:0:0:0:3, 2:1:1:0:1, 1:0:0:0:0, 2:2:1:0:2, 3:0:0:0:2, 3:0:0:0:2, 3:0:0:0:1, 1:1:0:0:1, 3:0:0:0:3, 2:1:1:0:1, 1:0:0:0:0, 4:1:0:0:2, 2:0:0:0:2, 3:0:0:0:3, 4:1:1:0:1, 2:0:0:0:2, 2:1:0:0:1, 2:0:0:0:0, 3:2:0:0:2, 4:1:0:0:2, 3:1:0:0:1, 1:0:0:0:2, 5:0:0:0:2, 3:1:1:0:1, 4:0:0:0:3, 4:1:1:0:1, 0:0:0:0:0, 1:1:0:0:1, 1:0:0:0:3, 3:0:0:0:3, 2:1:0:0:1, 2:0:0:0:0, 3:0:0:0:1, 3:1:0:0:1, 2:1:0:0:2, 2:0:0:0:3, 0:0:0:0:0, 1:1:0:0:1, 1:1:0:0:1, 3:1:1:0:1, 2:0:0:0:3, 2:1:1:0:1, 0:0:0:0:0, 3:1:1:0:1, 1:0:0:0:2, 2:0:0:0:1, 4:0:0:0:2, 4:1:1:0:1, 4:0:0:0:3, 3:1:0:0:1, 1:0:0:0:0, 3:1:1:0:1, 2:0:0:0:2, 3:0:0:0:4, 3:1:1:0:1, 3:0:0:0:1, 3:1:0:0:1, 3:0:0:0:0, 3:2:0:0:2, 2:0:0:0:2, 4:1:0:0:2, 3:0:0:0:2, 4:0:0:0:2, 1:1:0:0:1, 4:0:0:0:3, 3:1:0:0:3, 1:0:0:0:0, 3:1:1:0:1, 2:0:0:0:2, 4:0:0:0:3, 4:1:1:0:1, 3:2:1:0:2, 3:0:0:0:3, 2:1:0:0:2, 0:0:0:0:0, 3:1:1:0:1, 2:0:0:0:2, 2:0:0:0:3, 4:0:0:0:2, 2:1:0:0:2, 3:0:0:0:2, 4:1:1:0:1, 1:0:0:0:0, 2:2:1:0:2, 1:0:0:0:2, 3:0:0:0:4, 2:1:0:0:1, 3:0:0:0:2, 4:1:0:0:1, 2:0:0:0:0, 3:2:0:0:3, 3:0:0:0:2, 4:1:0:0:1, 1:0:0:0:3, 2:0:0:0:2, 2:1:0:0:2, 5:0:0:0:3, 1:1:0:0:1, 0:0:0:0:0, 2:1:0:0:1, 1:0:0:0:2, 3:1:0:0:4, 3:2:1:0:2, 2:1:0:0:1, 3:0:0:0:3, 1:1:0:0:1, 0:0:0:0:0, 1:1:0:0:1, 2:0:0:0:2, 1:0:0:0:3, 2:0:0:0:1, 3:1:1:0:1, 3:0:0:0:3, 2:1:1:0:1, 0:0:0:0:0, 2:1:1:0:1, 2:0:0:0:2, 3:0:0:0:3, 3:1:1:0:1, 4:0:0:0:1, 1:1:0:0:1, 3:0:0:0:0, 2:2:0:0:2, 2:0:0:0:2, 2:1:0:0:1, 1:0:0:0:2, 4:0:0:0:2, 2:1:0:0:1, 2:0:0:0:4, 2:1:0:0:2, 0:0:0:0:0, 3:1:1:0:1, 2:0:0:0:2, 3:0:0:0:3, 4:1:1:0:1, 2:2:1:0:2, 2:0:0:0:4, 1:1:0:0:1, 0:0:0:0:0, 2:2:1:0:2, 2:1:0:0:4, 2:0:0:0:2, 3:0:0:0:2, 3:1:1:0:1, 4:0:0:0:4, 2:1:0:0:1, 0:0:0:0:0, 1:1:0:0:1, 3:0:0:0:2, 3:0:0:0:3, 2:1:0:0:2, 2:0:0:0:3, 3:1:0:0:1, 3:0:0:0:0, 3:2:0:0:2, 4:0:0:0:1, 2:1:0:0:1, 1:0:0:0:2, 3:0:0:0:1, 3:1:1:0:1, 3:0:0:0:3, 2:1:1:0:1, 1:0:0:0:0, 2:1:0:0:2, 1:0:0:0:2, 3:0:0:0:3, 1:1:0:0:1, 1:1:0:0:1, 4:0:0:0:3, 3:1:0:0:1, 0:0:0:0:0, 3:1:1:0:1, 2:0:0:0:2, 3:0:0:0:2, 2:0:0:0:1, 3:1:1:0:1, 2:0:0:0:3, 3:1:0:0:2, 1:0:0:0:1, 2:1:1:0:1, 2:0:0:0:2, 3:0:0:0:3, 2:1:1:0:1, 4:0:0:0:1, 2:2:0:0:2, 3:0:0:0:0, 4:2:0:0:3, 2:0:0:0:2, 3:1:0:0:1, 2:0:0:0:3, 4:0:0:0:1, 3:2:0:0:2, 4:0:0:0:3, 1:1:0:0:1, 1:0:0:0:0, 3:2:0:0:2, 4:0:0:0:2, 4:0:0:0:4, 1:1:0:0:1, 2:1:0:0:1, 3:0:0:0:3, 1:1:0:0:1, 0:0:0:0:0, 1:1:0:0:1, 2:0:0:0:2, 2:0:0:0:3, 2:0:0:0:1, 3:1:1:0:1, 3:0:0:0:3, 2:1:1:0:1, 0:0:0:0:0, 2:1:1:0:1, 2:0:0:0:2, 3:0:0:0:3, 3:1:1:0:1, 4:0:0:0:1, 1:1:0:0:1, 3:0:0:0:0, 2:2:0:0:2, 2:0:0:0:2, 2:1:0:0:1, 1:0:0:0:2, 4:0:0:0:2, 2:1:0:0:1, 2:0:0:0:4, 2:1:0:0:2, 0:0:0:0:0, 3:1:1:0:1, 1:0:0:0:2, 3:0:0:0:3, 4:1:1:0:1, 2:2:1:0:2, 2:0:0:0:4, 1:1:0:0:1, 0:0:0:0:0, 2:2:1:0:2, 2:1:0:0:4, 2:0:0:0:1, 3:0:0:0:2, 3:1:1:0:1, 4:0:0:0:4, 2:1:0:0:1, 0:0:0:0:0, 1:1:0:0:1, 3:0:0:0:2, 3:0:0:0:3, 2:1:0:0:2, 2:0:0:0:3, 3:1:0:0:1, 3:0:0:0:0, 3:2:0:0:2, 4:0:0:0:1, 2:1:0:0:1, 1:0:0:0:2, 3:0:0:0:1, 3:1:1:0:1, 4:0:0:0:3, 2:1:1:0:1, 0:0:0:0:0, 1:1:0:0:1, 1:0:0:0:2, 3:0:0:0:3, 1:1:0:0:1, 1:1:0:0:1, 4:0:0:0:3, 2:1:0:0:1, 0:0:0:0:0, 3:1:1:0:1, 2:0:0:0:3, 3:0:0:0:2, 2:0:0:0:1, 3:1:1:0:1, 2:0:0:0:3, 4:1:0:0:2, 1:0:0:0:1, 2:1:1:0:1, 2:0:0:0:2, 3:0:0:0:3, 3:1:1:0:1, 4:0:0:0:1, 2:2:0:0:2, 3:0:0:0:1, 4:2:0:0:2, 2:0:0:0:2, 3:1:0:0:1, 3:1:0:0:3, 4:0:0:0:1, 3:2:0:0:2, 4:0:0:0:3, 1:1:0:0:1, 0:0:0:0:0, 2:1:0:0:1, 3:0:0:0:2, 4:0:0:0:4, 1:1:0:0:1, 1:0:0:0:0, 1:0:0:0:1, 1:1:0:0:1, 1:1:0:0:1, 1:0:0:0:4, 2:1:0:0:1, 0:0:0:0:0, 0:0:0:0:0, 0:0:0:0:0, 695:160:49:0:487
Gb locrian (6b), 0:0:0:0:0, 2:0:0:0:1, 1:0:0:0:0, 2:0:0:0:2, 1:0:0:0:1, 4:0:0:0:2, 2:0:0:0:1, 2:0:0:0:2, 0:0:0:0:0, 2:0:0:0:1, 1:0:0:0:0, 2:0:0:0:2, 1:1:1:0:1, 2:0:0:0:1, 2:0:0:0:1, 4:1:0:0:4, 1:0:0:0:0, 1:0:0:0:1, 2:0:0:0:6, 1:0:0:0:1, 2:0:0:0:3, 2:0:0:0:3, 2:0:0:0:1, 4:0:0:0:2, 1:1:1:0:1, 3:0:0:0:1, 4:1:0:0:4, 2:0:0:0:1, 0:0:0:0:0, 2:0:0:0:1, 3:0:0:0:1, 1:0:0:0:1, 2:0:0:0:4, 1:0:0:0:1, 1:0:0:0:1, 1:0:0:0:0, 2:0:0:0:1, 2:0:0:0:1, 0:0:0:0:0, 0:0:0:0:0, 1:1:1:0:1, 2:0:0:0:0, 1:0:0:0:0, 1:0:0:0:1, 1:1:1:0:1, 1:0:0:0:0, 1:0:0:0:0, 3:0:0:0:2, 3:1:1:2:1, 2:0:0:0:1, 3:0:0:0:3, 2:0:0:0:2, 1:1:1:0:1, 2:0:0:0:1, 2:0:0:0:1, 2:0:0:0:1, 1:0:0:0:1, 2:0:0:0:2, 4:0:0:0:6, 1:0:0:0:1, 1:0:0:0:0, 2:0:0:0:1, 4:0:0:0:3, 2:0:0:0:1, 0:0:0:0:0, 2:0:0:0:1, 2:0:0:0:1, 2:0:0:0:2, 1:1:1:0:1, 2:0:0:0:1, 3:0:0:0:2, 3:0:0:0:1, 1:0:0:0:1, 2:0:0:0:1, 1:0:0:0:0, 1:0:0:0:1, 1:1:1:0:1, 2:0:0:0:1, 2:0:0:0:1, 2:0:0:0:1, 1:0:0:0:0, 3:0:0:0:1, 4:1:0:0:4, 2:0:0:0:2, 1:0:0:0:1, 2:0:0:0:1, 2:0:0:0:2, 1:0:0:0:1, 2:0:0:0:1, 2:0:0:0:2, 2:0:0:0:6, 1:0:0:0:0, 2:0:0:0:1, 2:0:0:0:2, 1:0:0:0:0, 1:1:1:0:1, 1:0:0:0:0, 5:0:0:0:3, 0:0:0:0:0, 1:0:0:0:1, 0:0:0:0:0, 2:0:0:0:1, 1:0:0:0:0, 2:0:0:0:2, 2:0:0:0:1, 2:0:0:0:1, 0:0:0:0:0, 1:0:0:0:1, 0:0:0:0:0, 4:0:0:0:2, 1:0:0:0:0, 1:0:0:0:3, 1:1:1:0:1, 2:0:0:0:1, 1:0:0:0:0, 1:0:0:0:1, 1:0:0:0:0, 2:0:0:0:1, 2:0:0:0:2, 2:0:0:0:1, 2:0:0:0:2, 0:0:0:0:0, 3:0:0:0:5, 0:0:0:0:0, 1:0:0:0:0, 1:0:0:0:1, 1:0:0:0:0, 3:0:0:0:2, 0:0:0:0:0, 1:0:0:0:0, 1:0:0:0:0, 1:0:0:0:1, 1:1:1:0:1, 4:0:0:0:2, 2:0:0:0:1, 2:0:0:0:1, 2:0:0:0:1, 1:0:0:0:0, 0:0:0:0:0, 1:0:0:0:1, 1:0:0:0:1, 1:0:0:0:0, 1:0:0:0:0, 2:0:0:0:1, 1:1:1:0:1, 2:0:0:0:2, 1:0:0:0:1, 2:0:0:0:1, 0:0:0:0:0, 2:0:0:0:1, 2:0:0:0:1, 1:0:0:0:0, 1:0:0:0:0, 2:0:0:0:2, 4:0:0:0:5, 1:0:0:0:1, 2:0:0:0:2, 1:0:0:0:1, 1:0:0:0:0, 2:0:0:0:2, 1:1:1:0:1, 2:0:0:0:3, 1:0:0:0:0, 2:0:0:0:2, 1:0:0:0:0, 2:0:0:0:0, 2:0:0:0:1, 0:0:0:0:0, 0:0:0:0:0, 3:0:0:0:2, 2:0:0:0:2, 1:0:0:0:1, 1:1:1:0:1, 2:0:0:0:1, 3:0:0:0:2, 1:0:0:0:1, 1:1:1:0:1, 2:0:0:0:0, 2:0:0:0:1, 3:1:0:0:3, 1:0:0:0:0, 2:0:0:0:1, 2:0:0:0:1, 1:0:0:0:0, 2:0:0:0:2, 2:0:0:0:1, 3:0:0:0:3, 2:0:0:0:1, 1:0:0:0:0, 1:0:0:0:1, 3:0:0:0:1, 3:0:0:0:3, 2:0:0:0:2, 3:0:0:0:3, 0:0:0:0:0, 2:0:0:0:2, 1:0:0:0:1, 3:0:0:0:2, 3:0:0:0:2, 0:0:0:0:0, 2:0:0:0:1, 2:0:0:0:1, 0:0:0:0:0, 2:0:0:0:1, 0:0:0:0:0, 4:0:0:0:2, 2:0:0:0:1, 1:0:0:0:3, 1:1:1:0:1, 2:0:0:0:1, 1:0:0:0:0, 2:0:0:0:1, 1:0:0:0:0, 2:0:0:0:1, 2:0:0:0:1, 2:0:0:0:1, 2:0:0:0:2, 0:0:0:0:0, 3:0:0:0:5, 0:0:0:0:0, 1:0:0:0:0, 1:0:0:0:1, 1:0:0:0:0, 3:0:0:0:3, 0:0:0:0:0, 1:0:0:0:0, 1:0:0:0:0, 1:0:0:0:1, 1:1:1:0:1, 2:0:0:0:1, 2:0:0:0:1, 3:1:0:0:3, 2:0:0:0:1, 1:0:0:0:0, 0:0:0:0:0, 1:0:0:0:1, 1:0:0:0:1, 1:0:0:0:0, 1:0:0:0:0, 2:0:0:0:1, 1:1:1:0:1, 2:0:0:0:2, 1:0:0:0:1, 2:0:0:0:1, 0:0:0:0:0, 2:0:0:0:1, 2:0:0:0:1, 1:0:0:0:0, 1:0:0:0:0, 2:0:0:0:2, 4:0:0:0:5, 1:0:0:0:1, 2:0:0:0:2, 1:0:0:0:1, 1:0:0:0:0, 2:0:0:0:2, 1:1:1:0:1, 3:0:0:0:3, 1:0:0:0:0, 1:0:0:0:1, 0:0:0:0:0, 2:0:0:0:0, 2:0:0:0:1, 0:0:0:0:0, 0:0:0:0:0, 3:0:0:0:2, 1:0:0:0:1, 1:0:0:0:1, 1:1:1:0:1, 2:0:0:0:1, 3:0:0:0:2, 1:0:0:0:1, 1:1:1:0:1, 2:0:0:0:0, 3:0:0:0:2, 3:1:0:0:3, 1:0:0:0:0, 2:0:0:0:1, 2:0:0:0:1, 2:0:0:0:1, 2:0:0:0:2, 2:0:0:0:1, 3:0:0:0:3, 2:0:0:0:2, 1:0:0:0:0, 1:0:0:0:1, 3:0:0:0:1, 3:0:0:0:3, 2:0:0:0:2, 3:0:0:0:3, 0:0:0:0:0, 1:0:0:0:1, 0:0:0:0:0, 3:0:0:0:2, 3:0:0:0:2, 0:0:0:0:0, 1:0:0:0:4, 0:0:0:0:0, 0:0:0:0:0, 0:0:0:0:0, 1:0:0:0:0, 2:0:0:0:1, 0:0:0:0:0, 0:0:0:0:0, 0:0:0:0:0, 483:27:21:2:345
F# locrian (6#), 2:1:0:0:1, 3:0:0:0:3, 2:1:1:0:1, 1:0:0:0:0, 2:2:1:0:2, 3:0:0:0:2, 3:0:0:0:2, 3:0:0:0:1, 1:1:0:0:1, 3:0:0:0:3, 2:1:1:0:1, 1:0:0:0:0, 4:1:0:0:2, 2:0:0:0:2, 3:0:0:0:3, 4:1:1:0:1, 2:0:0:0:2, 2:1:0:0:1, 2:0:0:0:0, 3:2:0:0:2, 4:1:0:0:2, 3:1:0:0:1, 1:0:0:0:2, 5:0:0:0:2, 3:1:1:0:1, 4:0:0:0:3, 4:1:1:0:1, 0:0:0:0:0, 1:1:0:0:1, 1:0:0:0:3, 3:0:0:0:3, 2:1:0:0:1, 2:0:0:0:0, 3:0:0:0:1, 3:1:0:0:1, 2:1:0:0:2, 2:0:0:0:3, 0:0:0:0:0, 1:1:0:0:1, 1:1:0:0:1, 3:1:1:0:1, 2:0:0:0:3, 2:1:1:0:1, 0:0:0:0:0, 3:1:1:0:1, 1:0:0:0:2, 2:0:0:0:1, 4:0:0:0:2, 4:1:1:0:1, 4:0:0:0:3, 3:1:0:0:1, 1:0:0:0:0, 3:1:1:0:1, 2:0:0:0:2, 3:0:0:0:4, 3:1:1:0:1, 3:0:0:0:1, 3:1:0:0:1, 3:0:0:0:0, 3:2:0:0:2, 2:0:0:0:2, 4:1:0:0:2, 3:0:0:0:2, 4:0:0:0:2, 1:1:0:0:1, 4:0:0:0:3, 3:1:0:0:3, 1:0:0:0:0, 3:1:1:0:1, 2:0:0:0:2, 4:0:0:0:3, 4:1:1:0:1, 3:2:1:0:2, 3:0:0:0:3, 2:1:0:0:2, 0:0:0:0:0, 3:1:1:0:1, 2:0:0:0:2, 2:0:0:0:3, 4:0:0:0:2, 2:1:0:0:2, 3:0:0:0:2, 4:1:1:0:1, 1:0:0:0:0, 2:2:1:0:2, 1:0:0:0:2, 3:0:0:0:4, 2:1:0:0:1, 3:0:0:0:2, 4:1:0:0:1, 2:0:0:0:0, 3:2:0:0:3, 3:0:0:0:2, 4:1:0:0:1, 1:0:0:0:3, 2:0:0:0:2, 2:1:0:0:2, 5:0:0:0:3, 1:1:0:0:1, 0:0:0:0:0, 2:1:0:0:1, 1:0:0:0:2, 3:1:0:0:4, 3:2:1:0:2, 2:1:0:0:1, 3:0:0:0:3, 1:1:0:0:1, 0:0:0:0:0, 1:1:0:0:1, 2:0:0:0:2, 1:0:0:0:3, 2:0:0:0:1, 3:1:1:0:1, 3:0:0:0:3, 2:1:1:0:1, 0:0:0:0:0, 2:1:1:0:1, 2:0:0:0:2, 3:0:0:0:3, 3:1:1:0:1, 4:0:0:0:1, 1:1:0:0:1, 3:0:0:0:0, 2:2:0:0:2, 2:0:0:0:2, 2:1:0:0:1, 1:0:0:0:2, 4:0:0:0:2, 2:1:0:0:1, 2:0:0:0:4, 2:1:0:0:2, 0:0:0:0:0, 3:1:1:0:1, 2:0:0:0:2, 3:0:0:0:3, 4:1:1:0:1, 2:2:1:0:2, 2:0:0:0:4, 1:1:0:0:1, 0:0:0:0:0, 2:2:1:0:2, 2:1:0:0:4, 2:0:0:0:2, 3:0:0:0:2, 3:1:1:0:1, 4:0:0:0:4, 2:1:0:0:1, 0:0:0:0:0, 1:1:0:0:1, 3:0:0:0:2, 3:0:0:0:3, 2:1:0:0:2, 2:0:0:0:3, 3:1:0:0:1, 3:0:0:0:0, 3:2:0:0:2, 4:0:0:0:1, 2:1:0:0:1, 1:0:0:0:2, 3:0:0:0:1, 3:1:1:0:1, 3:0:0:0:3, 2:1:1:0:1, 1:0:0:0:0, 2:1:0:0:2, 1:0:0:0:2, 3:0:0:0:3, 1:1:0:0:1, 1:1:0:0:1, 4:0:0:0:3, 3:1:0:0:1, 0:0:0:0:0, 3:1:1:0:1, 2:0:0:0:2, 3:0:0:0:2, 2:0:0:0:1, 3:1:1:0:1, 2:0:0:0:3, 3:1:0:0:2, 1:0:0:0:1, 2:1:1:0:1, 2:0:0:0:2, 3:0:0:0:3, 2:1:1:0:1, 4:0:0:0:1, 2:2:0:0:2, 3:0:0:0:0, 4:2:0:0:3, 2:0:0:0:2, 3:1:0:0:1, 2:0:0:0:3, 4:0:0:0:1, 3:2:0:0:2, 4:0:0:0:3, 1:1:0:0:1, 1:0:0:0:0, 3:2:0:0:2, 4:0:0:0:2, 4:0:0:0:4, 1:1:0:0:1, 2:1:0:0:1, 3:0:0:0:3, 1:1:0:0:1, 0:0:0:0:0, 1:1:0:0:1, 2:0:0:0:2, 2:0:0:0:3, 2:0:0:0:1, 3:1:1:0:1, 3:0:0:0:3, 2:1:1:0:1, 0:0:0:0:0, 2:1:1:0:1, 2:0:0:0:2, 3:0:0:0:3, 3:1:1:0:1, 4:0:0:0:1, 1:1:0:0:1, 3:0:0:0:0, 2:2:0:0:2, 2:0:0:0:2, 2:1:0:0:1, 1:0:0:0:2, 4:0:0:0:2, 2:1:0:0:1, 2:0:0:0:4, 2:1:0:0:2, 0:0:0:0:0, 3:1:1:0:1, 1:0:0:0:2, 3:0:0:0:3, 4:1:1:0:1, 2:2:1:0:2, 2:0:0:0:4, 1:1:0:0:1, 0:0:0:0:0, 2:2:1:0:2, 2:1:0:0:4, 2:0:0:0:1, 3:0:0:0:2, 3:1:1:0:1, 4:0:0:0:4, 2:1:0:0:1, 0:0:0:0:0, 1:1:0:0:1, 3:0:0:0:2, 3:0:0:0:3, 2:1:0:0:2, 2:0:0:0:3, 3:1:0:0:1, 3:0:0:0:0, 3:2:0:0:2, 4:0:0:0:1, 2:1:0:0:1, 1:0:0:0:2, 3:0:0:0:1, 3:1:1:0:1, 4:0:0:0:3, 2:1:1:0:1, 0:0:0:0:0, 1:1:0:0:1, 1:0:0:0:2, 3:0:0:0:3, 1:1:0:0:1, 1:1:0:0:1, 4:0:0:0:3, 2:1:0:0:1, 0:0:0:0:0, 3:1:1:0:1, 2:0:0:0:3, 3:0:0:0:2, 2:0:0:0:1, 3:1:1:0:1, 2:0:0:0:3, 4:1:0:0:2, 1:0:0:0:1, 2:1:1:0:1, 2:0:0:0:2, 3:0:0:0:3, 3:1:1:0:1, 4:0:0:0:1, 2:2:0:0:2, 3:0:0:0:1, 4:2:0:0:2, 2:0:0:0:2, 3:1:0:0:1, 3:1:0:0:3, 4:0:0:0:1, 3:2:0:0:2, 4:0:0:0:3, 1:1:0:0:1, 0:0:0:0:0, 2:1:0:0:1, 3:0:0:0:2, 4:0:0:0:4, 1:1:0:0:1, 1:0:0:0:0, 1:0:0:0:1, 1:1:0:0:1, 1:1:0:0:1, 1:0:0:0:4, 2:1:0:0:1, 0:0:0:0:0, 0:0:0:0:0, 0:0:0:0:0, 695:160:49:0:487
Cb major (7b), 1:0:0:0:0, 3:0:0:0:3, 1:0:0:0:1, 1:0:0:0:1, 1:0:0:0:0, 4:0:0:0:4, 2:0:0:0:3, 3:0:0:0:2, 1:0:0:0:0, 3:0:0:0:3, 2:0:0:0:1, 1:0:0:0:1, 1:1:1:0:1, 2:1:1:0:3, 3:0:0:0:3, 3:1:0:0:4, 2:0:0:0:1, 2:0:0:0:1, 2:0:0:0:4, 0:0:0:0:0, 3:0:0:0:3, 2:0:0:0:3, 3:0:0:0:3, 5:0:0:0:3, 1:1:1:0:1, 4:0:0:0:3, 3:1:0:0:4, 2:0:0:0:1, 1:0:0:0:0, 2:0:0:0:4, 4:0:0:0:3, 2:0:0:0:1, 2:0:0:0:4, 2:0:0:0:1, 1:0:0:0:1, 2:0:0:0:1, 2:0:0:0:4, 2:0:0:0:1, 0:0:0:0:0, 0:0:0:0:0, 1:1:1:0:1, 3:0:0:0:2, 1:0:0:0:1, 2:0:0:0:1, 1:1:1:0:1, 2:0:0:0:2, 2:0:0:0:1, 4:0:0:0:3, 3:1:1:2:1, 3:0:0:0:3, 3:0:0:0:3, 2:0:0:0:2, 1:1:1:0:1, 3:0:0:0:3, 3:0:0:0:4, 2:0:0:0:2, 2:0:0:0:1, 3:0:0:0:2, 4:0:0:0:5, 0:0:0:0:0, 2:0:0:0:1, 2:0:0:0:2, 3:0:0:0:4, 3:0:0:0:2, 1:0:0:0:0, 3:0:0:0:3, 2:0:0:0:3, 2:0:0:0:2, 1:1:1:0:1, 2:1:1:0:3, 4:0:0:0:4, 3:0:0:0:2, 1:0:0:0:0, 3:0:0:0:3, 1:0:0:0:1, 1:0:0:0:1, 1:1:1:0:1, 3:0:0:0:3, 3:0:0:0:4, 3:0:0:0:2, 1:0:0:0:1, 4:0:0:0:2, 3:1:0:0:4, 2:0:0:0:2, 1:0:0:0:0, 3:0:0:0:3, 3:0:0:0:2, 1:0:0:0:1, 3:0:0:0:2, 3:0:0:0:2, 2:0:0:0:3, 1:0:0:0:1, 3:0:0:0:2, 3:0:0:0:2, 1:0:0:0:3, 2:1:1:0:1, 1:0:0:0:1, 6:0:0:0:5, 1:0:0:0:0, 1:0:0:0:1, 1:0:0:0:0, 3:0:0:0:3, 2:0:0:0:2, 2:2:2:0:3, 3:0:0:0:1, 3:0:0:0:3, 1:0:0:0:0, 1:0:0:0:1, 1:0:0:0:0, 4:0:0:0:4, 2:0:0:0:3, 2:0:0:0:3, 1:1:1:0:1, 3:0:0:0:3, 1:0:0:0:1, 2:0:0:0:1, 2:0:0:0:1, 3:0:0:0:3, 3:0:0:0:4, 1:0:0:0:1, 3:0:0:0:2, 1:0:0:0:0, 3:0:0:0:4, 0:0:0:0:0, 2:0:0:0:1, 2:0:0:0:1, 2:0:0:0:2, 4:0:0:0:3, 1:0:0:0:0, 2:0:0:0:3, 1:0:0:0:1, 1:0:0:0:1, 1:1:1:0:1, 4:0:0:0:4, 3:0:0:0:3, 2:0:0:0:2, 1:0:0:0:0, 2:0:0:0:3, 1:0:0:0:0, 1:0:0:0:1, 1:0:0:0:0, 1:0:0:0:3, 2:0:0:0:2, 3:0:0:0:2, 1:1:1:0:1, 3:0:0:0:2, 2:0:0:0:1, 2:0:0:0:1, 1:0:0:0:0, 3:0:0:0:3, 3:0:0:0:3, 2:0:0:0:1, 2:0:0:0:2, 3:0:0:0:2, 4:0:0:0:4, 1:0:0:0:1, 3:0:0:0:2, 2:0:0:0:1, 2:0:0:0:2, 3:0:0:0:2, 1:1:1:0:1, 3:0:0:0:5, 1:0:0:0:1, 1:0:0:0:1, 2:0:0:0:1, 3:0:0:0:2, 3:0:0:0:3, 1:0:0:0:0, 1:0:0:0:0, 4:0:0:0:4, 3:0:0:0:1, 1:0:0:0:1, 1:1:1:0:1, 3:0:0:0:3, 2:0:0:0:3, 2:0:0:0:1, 1:1:1:0:1, 3:0:0:0:2, 2:0:0:0:2, 3:1:0:0:4, 1:0:0:0:1, 3:0:0:0:3, 3:0:0:0:3, 1:0:0:0:1, 3:0:0:0:2, 2:0:0:0:1, 4:0:0:0:2, 2:0:0:0:2, 2:0:0:0:1, 2:0:0:0:1, 3:0:0:0:4, 4:0:0:0:3, 2:0:0:0:2, 4:0:0:0:5, 1:0:0:0:0, 2:0:0:0:2, 2:0:0:0:1, 3:0:0:0:4, 3:0:0:0:3, 1:0:0:0:0, 3:0:0:0:1, 3:0:0:0:3, 1:0:0:0:0, 2:0:0:0:1, 1:0:0:0:0, 4:0:0:0:4, 3:0:0:0:4, 2:0:0:0:3, 1:1:1:0:1, 3:0:0:0:3, 1:0:0:0:1, 3:0:0:0:1, 2:0:0:0:1, 3:0:0:0:3, 3:0:0:0:3, 1:0:0:0:1, 3:0:0:0:2, 1:0:0:0:0, 3:0:0:0:4, 0:0:0:0:0, 2:0:0:0:1, 2:0:0:0:1, 2:0:0:0:2, 4:0:0:0:4, 1:0:0:0:0, 2:0:0:0:3, 1:0:0:0:1, 1:0:0:0:1, 1:1:1:0:1, 3:0:0:0:3, 3:0:0:0:3, 3:1:0:0:4, 1:0:0:0:0, 2:0:0:0:3, 1:0:0:0:0, 1:0:0:0:1, 1:0:0:0:0, 1:0:0:0:3, 2:0:0:0:1, 3:0:0:0:2, 1:1:1:0:1, 3:0:0:0:2, 2:0:0:0:1, 2:0:0:0:1, 1:0:0:0:0, 3:0:0:0:3, 3:0:0:0:3, 2:0:0:0:1, 2:0:0:0:2, 3:0:0:0:2, 4:0:0:0:4, 1:0:0:0:1, 3:0:0:0:2, 2:0:0:0:1, 2:0:0:0:2, 3:0:0:0:2, 1:1:1:0:1, 4:0:0:0:5, 1:0:0:0:1, 1:0:0:0:1, 1:0:0:0:0, 3:0:0:0:2, 3:0:0:0:3, 1:0:0:0:0, 1:0:0:0:0, 4:0:0:0:4, 2:0:0:0:1, 1:0:0:0:1, 1:1:1:0:1, 3:0:0:0:4, 2:0:0:0:3, 2:0:0:0:1, 1:1:1:0:1, 3:0:0:0:2, 3:0:0:0:3, 3:1:0:0:4, 1:0:0:0:1, 3:0:0:0:3, 3:0:0:0:3, 1:0:0:0:1, 3:0:0:0:2, 2:0:0:0:1, 4:0:0:0:3, 1:0:0:0:1, 2:0:0:0:1, 2:0:0:0:1, 3:0:0:0:3, 4:0:0:0:3, 2:0:0:0:2, 4:0:0:0:5, 1:0:0:0:0, 1:0:0:0:1, 1:0:0:0:0, 3:0:0:0:4, 3:0:0:0:3, 1:0:0:0:0, 1:0:0:0:4, 1:0:0:0:0, 0:0:0:0:0, 0:0:0:0:0, 1:0:0:0:4, 2:0:0:0:1, 0:0:0:0:0, 0:0:0:0:0, 0:0:0:0:0, 634:31:25:2:562
C# major (7#), 2:1:0:0:1, 3:0:0:0:2, 2:1:0:0:1, 2:0:0:0:0, 2:2:1:0:2, 3:0:0:0:2, 3:0:0:0:1, 3:0:0:0:2, 1:1:0:0:1, 3:0:0:0:2, 2:1:0:0:1, 2:0:0:0:0, 4:1:0:0:1, 2:0:0:0:1, 3:0:0:0:2, 4:1:0:0:1, 1:0:0:0:1, 2:1:0:0:1, 2:0:0:0:0, 3:2:0:0:2, 4:1:0:0:4, 3:1:0:0:2, 2:0:0:0:2, 5:0:0:0:1, 3:1:0:0:1, 5:0:0:0:2, 4:1:0:0:1, 1:0:0:0:0, 1:1:0:0:1, 2:0:0:0:3, 4:0:0:0:2, 2:1:0:0:1, 3:0:0:0:3, 3:0:0:0:2, 3:1:0:0:1, 1:1:0:0:1, 2:0:0:0:2, 1:0:0:0:0, 1:1:0:0:1, 1:1:0:0:1, 3:1:0:0:1, 3:0:0:0:2, 2:1:0:0:1, 1:0:0:0:0, 3:1:0:0:1, 1:0:0:0:1, 2:0:0:0:1, 3:0:0:0:1, 4:1:0:0:1, 4:0:0:0:2, 3:1:0:0:3, 2:0:0:0:1, 3:1:0:0:1, 2:0:0:0:2, 3:0:0:0:2, 3:1:0:0:2, 3:0:0:0:2, 3:1:0:0:2, 3:0:0:0:0, 3:2:0:0:2, 1:0:0:0:1, 4:1:0:0:1, 4:0:0:0:3, 3:0:0:0:1, 1:1:0:0:1, 5:0:0:0:3, 3:1:0:0:1, 2:0:0:0:1, 3:1:0:0:1, 2:0:0:0:1, 4:0:0:0:2, 4:1:0:0:1, 3:2:1:0:2, 3:0:0:0:2, 2:1:0:0:1, 1:0:0:0:0, 3:1:0:0:1, 2:0:0:0:1, 2:0:0:0:1, 4:1:1:0:2, 2:1:0:0:1, 4:0:0:0:2, 4:1:0:0:1, 2:0:0:0:0, 2:2:1:0:2, 2:0:0:0:2, 3:0:0:0:4, 2:1:0:0:1, 2:0:0:0:1, 4:1:0:0:2, 2:0:0:0:0, 2:2:0:0:2, 2:0:0:0:1, 4:1:0:0:2, 1:0:0:0:1, 2:2:2:0:3, 2:1:0:0:1, 6:0:0:0:3, 1:1:0:0:1, 1:0:0:0:0, 2:1:0:0:1, 2:0:0:0:2, 3:0:0:0:2, 3:2:1:0:2, 2:1:0:0:1, 3:0:0:0:2, 1:1:0:0:1, 1:0:0:0:0, 1:1:0:0:1, 3:0:0:0:3, 1:0:0:0:1, 2:0:0:0:1, 3:1:0:0:1, 3:0:0:0:2, 2:1:0:0:1, 1:0:0:0:0, 2:1:0:0:1, 2:0:0:0:1, 3:0:0:0:2, 3:1:0:0:1, 4:0:0:0:2, 1:1:0:0:1, 3:0:0:0:1, 3:2:0:0:2, 1:0:0:0:1, 2:1:0:0:1, 1:0:0:0:1, 3:0:0:0:1, 2:1:0:0:1, 2:0:0:0:2, 2:1:0:0:1, 1:0:0:0:0, 3:1:0:0:1, 3:0:0:0:3, 3:0:0:0:2, 4:1:0:0:1, 2:2:1:0:2, 2:0:0:0:2, 1:1:0:0:1, 1:0:0:0:0, 2:2:1:0:2, 2:0:0:0:1, 2:0:0:0:1, 2:0:0:0:1, 3:1:0:0:1, 4:0:0:0:3, 2:1:0:0:1, 1:0:0:0:0, 1:1:0:0:1, 3:0:0:0:1, 3:0:0:0:2, 2:1:0:0:1, 1:0:0:0:1, 3:1:0:0:2, 3:0:0:0:0, 3:2:0:0:2, 4:0:0:0:2, 2:1:0:0:1, 1:0:0:0:1, 3:0:0:0:2, 3:1:0:0:1, 3:0:0:0:2, 2:1:0:0:1, 2:0:0:0:0, 2:1:0:0:1, 2:0:0:0:1, 3:0:0:0:2, 1:1:0:0:1, 1:1:0:0:1, 5:0:0:0:3, 3:1:0:0:2, 1:0:0:0:0, 3:1:0:0:1, 2:0:0:0:1, 3:0:0:0:1, 2:0:0:0:1, 3:1:0:0:1, 3:0:0:0:2, 3:1:0:0:1, 2:0:0:0:1, 2:1:0:0:1, 2:0:0:0:1, 3:0:0:0:2, 2:1:0:0:1, 4:0:0:0:2, 2:2:0:0:2, 4:0:0:0:0, 3:2:0:0:2, 1:0:0:0:1, 3:1:0:0:1, 2:0:0:0:2, 4:0:0:0:2, 3:2:0:0:3, 4:0:0:0:2, 1:1:0:0:1, 2:0:0:0:0, 3:2:0:0:2, 4:0:0:0:1, 4:0:0:0:3, 1:1:0:0:1, 2:1:0:0:1, 3:0:0:0:2, 1:1:0:0:1, 1:0:0:0:0, 1:1:0:0:1, 3:0:0:0:3, 2:0:0:0:1, 2:0:0:0:1, 3:1:0:0:1, 3:0:0:0:2, 2:1:0:0:1, 1:0:0:0:0, 2:1:0:0:1, 2:0:0:0:1, 3:0:0:0:2, 3:1:0:0:1, 4:0:0:0:2, 1:1:0:0:1, 3:0:0:0:1, 3:2:0:0:2, 1:0:0:0:1, 2:1:0:0:1, 1:0:0:0:1, 3:0:0:0:1, 2:1:0:0:1, 2:0:0:0:2, 2:1:0:0:1, 1:0:0:0:0, 3:1:0:0:1, 2:0:0:0:2, 3:0:0:0:2, 4:1:0:0:1, 2:2:1:0:2, 2:0:0:0:2, 1:1:0:0:1, 1:0:0:0:0, 2:2:1:0:2, 2:0:0:0:1, 2:0:0:0:1, 2:0:0:0:1, 3:1:0:0:1, 4:0:0:0:3, 2:1:0:0:1, 1:0:0:0:0, 1:1:0:0:1, 3:0:0:0:1, 3:0:0:0:2, 2:1:0:0:1, 1:0:0:0:1, 3:1:0:0:2, 3:0:0:0:0, 3:2:0:0:2, 4:0:0:0:2, 2:1:0:0:1, 1:0:0:0:1, 3:0:0:0:2, 3:1:0:0:1, 4:0:0:0:2, 2:1:0:0:1, 1:0:0:0:0, 1:1:0:0:1, 2:0:0:0:1, 3:0:0:0:2, 1:1:0:0:1, 1:1:0:0:1, 5:0:0:0:3, 2:1:0:0:2, 1:0:0:0:0, 3:1:0:0:1, 2:0:0:0:1, 3:0:0:0:1, 2:0:0:0:1, 3:1:0:0:1, 3:0:0:0:2, 4:1:0:0:1, 2:0:0:0:1, 2:1:0:0:1, 2:0:0:0:1, 3:0:0:0:2, 3:1:0:0:1, 4:0:0:0:2, 2:2:0:0:2, 4:0:0:0:1, 4:2:0:0:2, 1:0:0:0:1, 3:1:0:0:1, 3:0:0:0:2, 4:0:0:0:2, 3:2:0:0:3, 4:0:0:0:2, 1:1:0:0:1, 1:0:0:0:0, 2:1:0:0:1, 3:0:0:0:1, 4:0:0:0:3, 1:1:0:0:1, 1:0:0:0:4, 1:0:0:0:1, 1:1:0:0:1, 1:1:0:0:1, 1:0:0:0:1, 3:1:0:0:1, 0:0:0:0:0, 0:0:0:0:0, 0:0:0:0:0, 731:159:11:0:405
Ab minor (7b), 1:0:0:0:0, 3:0:0:0:3, 1:0:0:0:1, 1:0:0:0:1, 1:0:0:0:0, 4:0:0:0:4, 2:0:0:0:3, 3:0:0:0:2, 1:0:0:0:0, 3:0:0:0:3, 2:0:0:0:1, 1:0:0:0:1, 1:1:1:0:1, 2:1:1:0:3, 3:0:0:0:3, 3:1:0:0:4, 2:0:0:0:1, 2:0:0:0:1, 2:0:0:0:4, 0:0:0:0:0, 3:0:0:0:3, 2:0:0:0:3, 3:0:0:0:3, 5:0:0:0:3, 1:1:1:0:1, 4:0:0:0:3, 3:1:0:0:4, 2:0:0:0:1, 1:0:0:0:0, 2:0:0:0:4, 4:0:0:0:3, 2:0:0:0:1, 2:0:0:0:4, 2:0:0:0:1, 1:0:0:0:1, 2:0:0:0:1, 2:0:0:0:4, 2:0:0:0:1, 0:0:0:0:0, 0:0:0:0:0, 1:1:1:0:1, 3:0:0:0:2, 1:0:0:0:1, 2:0:0:0:1, 1:1:1:0:1, 2:0:0:0:2, 2:0:0:0:1, 4:0:0:0:3, 3:1:1:2:1, 3:0:0:0:3, 3:0:0:0:3, 2:0:0:0:2, 1:1:1:0:1, 3:0:0:0:3, 3:0:0:0:4, 2:0:0:0:2, 2:0:0:0:1, 3:0:0:0:2, 4:0:0:0:5, 0:0:0:0:0, 2:0:0:0:1, 2:0:0:0:2, 3:0:0:0:4, 3:0:0:0:2, 1:0:0:0:0, 3:0:0:0:3, 2:0:0:0:3, 2:0:0:0:2, 1:1:1:0:1, 2:1:1:0:3, 4:0:0:0:4, 3:0:0:0:2, 1:0:0:0:0, 3:0:0:0:3, 1:0:0:0:1, 1:0:0:0:1, 1:1:1:0:1, 3:0:0:0:3, 3:0:0:0:4, 3:0:0:0:2, 1:0:0:0:1, 4:0:0:0:2, 3:1:0:0:4, 2:0:0:0:2, 1:0:0:0:0, 3:0:0:0:3, 3:0:0:0:2, 1:0:0:0:1, 3:0:0:0:2, 3:0:0:0:2, 2:0:0:0:3, 1:0:0:0:1, 3:0:0:0:2, 3:0:0:0:2, 1:0:0:0:3, 2:1:1:0:1, 1:0:0:0:1, 6:0:0:0:5, 1:0:0:0:0, 1:0:0:0:1, 1:0:0:0:0, 3:0:0:0:3, 2:0:0:0:2, 2:2:2:0:3, 3:0:0:0:1, 3:0:0:0:3, 1:0:0:0:0, 1:0:0:0:1, 1:0:0:0:0, 4:0:0:0:4, 2:0:0:0:3, 2:0:0:0:3, 1:1:1:0:1, 3:0:0:0:3, 1:0:0:0:1, 2:0:0:0:1, 2:0:0:0:1, 3:0:0:0:3, 3:0:0:0:4, 1:0:0:0:1, 3:0:0:0:2, 1:0:0:0:0, 3:0:0:0:4, 0:0:0:0:0, 2:0:0:0:1, 2:0:0:0:1, 2:0:0:0:2, 4:0:0:0:3, 1:0:0:0:0, 2:0:0:0:3, 1:0:0:0:1, 1:0:0:0:1, 1:1:1:0:1, 4:0:0:0:4, 3:0:0:0:3, 2:0:0:0:2, 1:0:0:0:0, 2:0:0:0:3, 1:0:0:0:0, 1:0:0:0:1, 1:0:0:0:0, 1:0:0:0:3, 2:0:0:0:2, 3:0:0:0:2, 1:1:1:0:1, 3:0:0:0:2, 2:0:0:0:1, 2:0:0:0:1, 1:0:0:0:0, 3:0:0:0:3, 3:0:0:0:3, 2:0:0:0:1, 2:0:0:0:2, 3:0:0:0:2, 4:0:0:0:4, 1:0:0:0:1, 3:0:0:0:2, 2:0:0:0:1, 2:0:0:0:2, 3:0:0:0:2, 1:1:1:0:1, 3:0:0:0:5, 1:0:0:0:1, 1:0:0:0:1, 2:0:0:0:1, 3:0:0:0:2, 3:0:0:0:3, 1:0:0:0:0, 1:0:0:0:0, 4:0:0:0:4, 3:0:0:0:1, 1:0:0:0:1, 1:1:1:0:1, 3:0:0:0:3, 2:0:0:0:3, 2:0:0:0:1, 1:1:1:0:1, 3:0:0:0:2, 2:0:0:0:2, 3:1:0:0:4, 1:0:0:0:1, 3:0:0:0:3, 3:0:0:0:3, 1:0:0:0:1, 3:0:0:0:2, 2:0:0:0:1, 4:0:0:0:2, 2:0:0:0:2, 2:0:0:0:1, 2:0:0:0:1, 3:0:0:0:4, 4:0:0:0:3, 2:0:0:0:2, 4:0:0:0:5, 1:0:0:0:0, 2:0:0:0:2, 2:0:0:0:1, 3:0:0:0:4, 3:0:0:0:3, 1:0:0:0:0, 3:0:0:0:1, 3:0:0:0:3, 1:0:0:0:0, 2:0:0:0:1, 1:0:0:0:0, 4:0:0:0:4, 3:0:0:0:4, 2:0:0:0:3, 1:1:1:0:1, 3:0:0:0:3, 1:0:0:0:1, 3:0:0:0:1, 2:0:0:0:1, 3:0:0:0:3, 3:0:0:0:3, 1:0:0:0:1, 3:0:0:0:2, 1:0:0:0:0, 3:0:0:0:4, 0:0:0:0:0, 2:0:0:0:1, 2:0:0:0:1, 2:0:0:0:2, 4:0:0:0:4, 1:0:0:0:0, 2:0:0:0:3, 1:0:0:0:1, 1:0:0:0:1, 1:1:1:0:1, 3:0:0:0:3, 3:0:0:0:3, 3:1:0:0:4, 1:0:0:0:0, 2:0:0:0:3, 1:0:0:0:0, 1:0:0:0:1, 1:0:0:0:0, 1:0:0:0:3, 2:0:0:0:1, 3:0:0:0:2, 1:1:1:0:1, 3:0:0:0:2, 2:0:0:0:1, 2:0:0:0:1, 1:0:0:0:0, 3:0:0:0:3, 3:0:0:0:3, 2:0:0:0:1, 2:0:0:0:2, 3:0:0:0:2, 4:0:0:0:4, 1:0:0:0:1, 3:0:0:0:2, 2:0:0:0:1, 2:0:0:0:2, 3:0:0:0:2, 1:1:1:0:1, 4:0:0:0:5, 1:0:0:0:1, 1:0:0:0:1, 1:0:0:0:0, 3:0:0:0:2, 3:0:0:0:3, 1:0:0:0:0, 1:0:0:0:0, 4:0:0:0:4, 2:0:0:0:1, 1:0:0:0:1, 1:1:1:0:1, 3:0:0:0:4, 2:0:0:0:3, 2:0:0:0:1, 1:1:1:0:1, 3:0:0:0:2, 3:0:0:0:3, 3:1:0:0:4, 1:0:0:0:1, 3:0:0:0:3, 3:0:0:0:3, 1:0:0:0:1, 3:0:0:0:2, 2:0:0:0:1, 4:0:0:0:3, 1:0:0:0:1, 2:0:0:0:1, 2:0:0:0:1, 3:0:0:0:3, 4:0:0:0:3, 2:0:0:0:2, 4:0:0:0:5, 1:0:0:0:0, 1:0:0:0:1, 1:0:0:0:0, 3:0:0:0:4, 3:0:0:0:3, 1:0:0:0:0, 1:0:0:0:4, 1:0:0:0:0, 0:0:0:0:0, 0:0:0:0:0, 1:0:0:0:4, 2:0:0:0:1, 0:0:0:0:0, 0:0:0:0:0, 0:0:0:0:0, 634:31:25:2:562
A# minor (7#), 2:1:0:0:1, 3:0:0:0:2, 2:1:0:0:1, 2:0:0:0:0, 2:2:1:0:2, 3:0:0:0:2, 3:0:0:0:1, 3:0:0:0:2, 1:1:0:0:1, 3:0:0:0:2, 2:1:0:0:1, 2:0:0:0:0, 4:1:0:0:1, 2:0:0:0:1, 3:0:0:0:2, 4:1:0:0:1, 1:0:0:0:1, 2:1:0:0:1, 2:0:0:0:0, 3:2:0:0:2, 4:1:0:0:4, 3:1:0:0:2, 2:0:0:0:2, 5:0:0:0:1, 3:1:0:0:1, 5:0:0:0:2, 4:1:0:0:1, 1:0:0:0:0, 1:1:0:0:1, 2:0:0:0:3, 4:0:0:0:2, 2:1:0:0:1, 3:0:0:0:3, 3:0:0:0:2, 3:1:0:0:1, 1:1:0:0:1, 2:0:0:0:2, 1:0:0:0:0, 1:1:0:0:1, 1:1:0:0:1, 3:1:0:0:1, 3:0:0:0:2, 2:1:0:0:1, 1:0:0:0:0, 3:1:0:0:1, 1:0:0:0:1, 2:0:0:0:1, 3:0:0:0:1, 4:1:0:0:1, 4:0:0:0:2, 3:1:0:0:3, 2:0:0:0:1, 3:1:0:0:1, 2:0:0:0:2, 3:0:0:0:2, 3:1:0:0:2, 3:0:0:0:2, 3:1:0:0:2, 3:0:0:0:0, 3:2:0:0:2, 1:0:0:0:1, 4:1:0:0:1, 4:0:0:0:3, 3:0:0:0:1, 1:1:0:0:1, 5:0:0:0:3, 3:1:0:0:1, 2:0:0:0:1, 3:1:0:0:1, 2:0:0:0:1, 4:0:0:0:2, 4:1:0:0:1, 3:2:1:0:2, 3:0:0:0:2, 2:1:0:0:1, 1:0:0:0:0, 3:1:0:0:1, 2:0:0:0:1, 2:0:0:0:1, 4:1:1:0:2, 2:1:0:0:1, 4:0:0:0:2, 4:1:0:0:1, 2:0:0:0:0, 2:2:1:0:2, 2:0:0:0:2, 3:0:0:0:4, 2:1:0:0:1, 2:0:0:0:1, 4:1:0:0:2, 2:0:0:0:0, 2:2:0:0:2, 2:0:0:0:1, 4:1:0:0:2, 1:0:0:0:1, 2:2:2:0:3, 2:1:0:0:1, 6:0:0:0:3, 1:1:0:0:1, 1:0:0:0:0, 2:1:0:0:1, 2:0:0:0:2, 3:0:0:0:2, 3:2:1:0:2, 2:1:0:0:1, 3:0:0:0:2, 1:1:0:0:1, 1:0:0:0:0, 1:1:0:0:1, 3:0:0:0:3, 1:0:0:0:1, 2:0:0:0:1, 3:1:0:0:1, 3:0:0:0:2, 2:1:0:0:1, 1:0:0:0:0, 2:1:0:0:1, 2:0:0:0:1, 3:0:0:0:2, 3:1:0:0:1, 4:0:0:0:2, 1:1:0:0:1, 3:0:0:0:1, 3:2:0:0:2, 1:0:0:0:1, 2:1:0:0:1, 1:0:0:0:1, 3:0:0:0:1, 2:1:0:0:1, 2:0:0:0:2, 2:1:0:0:1, 1:0:0:0:0, 3:1:0:0:1, 3:0:0:0:3, 3:0:0:0:2, 4:1:0:0:1, 2:2:1:0:2, 2:0:0:0:2, 1:1:0:0:1, 1:0:0:0:0, 2:2:1:0:2, 2:0:0:0:1, 2:0:0:0:1, 2:0:0:0:1, 3:1:0:0:1, 4:0:0:0:3, 2:1:0:0:1, 1:0:0:0:0, 1:1:0:0:1, 3:0:0:0:1, 3:0:0:0:2, 2:1:0:0:1, 1:0:0:0:1, 3:1:0:0:2, 3:0:0:0:0, 3:2:0:0:2, 4:0:0:0:2, 2:1:0:0:1, 1:0:0:0:1, 3:0:0:0:2, 3:1:0:0:1, 3:0:0:0:2, 2:1:0:0:1, 2:0:0:0:0, 2:1:0:0:1, 2:0:0:0:1, 3:0:0:0:2, 1:1:0:0:1, 1:1:0:0:1, 5:0:0:0:3, 3:1:0:0:2, 1:0:0:0:0, 3:1:0:0:1, 2:0:0:0:1, 3:0:0:0:1, 2:0:0:0:1, 3:1:0:0:1, 3:0:0:0:2, 3:1:0:0:1, 2:0:0:0:1, 2:1:0:0:1, 2:0:0:0:1, 3:0:0:0:2, 2:1:0:0:1, 4:0:0:0:2, 2:2:0:0:2, 4:0:0:0:0, 3:2:0:0:2, 1:0:0:0:1, 3:1:0:0:1, 2:0:0:0:2, 4:0:0:0:2, 3:2:0:0:3, 4:0:0:0:2, 1:1:0:0:1, 2:0:0:0:0, 3:2:0:0:2, 4:0:0:0:1, 4:0:0:0:3, 1:1:0:0:1, 2:1:0:0:1, 3:0:0:0:2, 1:1:0:0:1, 1:0:0:0:0, 1:1:0:0:1, 3:0:0:0:3, 2:0:0:0:1, 2:0:0:0:1, 3:1:0:0:1, 3:0:0:0:2, 2:1:0:0:1, 1:0:0:0:0, 2:1:0:0:1, 2:0:0:0:1, 3:0:0:0:2, 3:1:0:0:1, 4:0:0:0:2, 1:1:0:0:1, 3:0:0:0:1, 3:2:0:0:2, 1:0:0:0:1, 2:1:0:0:1, 1:0:0:0:1, 3:0:0:0:1, 2:1:0:0:1, 2:0:0:0:2, 2:1:0:0:1, 1:0:0:0:0, 3:1:0:0:1, 2:0:0:0:2, 3:0:0:0:2, 4:1:0:0:1, 2:2:1:0:2, 2:0:0:0:2, 1:1:0:0:1, 1:0:0:0:0, 2:2:1:0:2, 2:0:0:0:1, 2:0:0:0:1, 2:0:0:0:1, 3:1:0:0:1, 4:0:0:0:3, 2:1:0:0:1, 1:0:0:0:0, 1:1:0:0:1, 3:0:0:0:1, 3:0:0:0:2, 2:1:0:0:1, 1:0:0:0:1, 3:1:0:0:2, 3:0:0:0:0, 3:2:0:0:2, 4:0:0:0:2, 2:1:0:0:1, 1:0:0:0:1, 3:0:0:0:2, 3:1:0:0:1, 4:0:0:0:2, 2:1:0:0:1, 1:0:0:0:0, 1:1:0:0:1, 2:0:0:0:1, 3:0:0:0:2, 1:1:0:0:1, 1:1:0:0:1, 5:0:0:0:3, 2:1:0:0:2, 1:0:0:0:0, 3:1:0:0:1, 2:0:0:0:1, 3:0:0:0:1, 2:0:0:0:1, 3:1:0:0:1, 3:0:0:0:2, 4:1:0:0:1, 2:0:0:0:1, 2:1:0:0:1, 2:0:0:0:1, 3:0:0:0:2, 3:1:0:0:1, 4:0:0:0:2, 2:2:0:0:2, 4:0:0:0:1, 4:2:0:0:2, 1:0:0:0:1, 3:1:0:0:1, 3:0:0:0:2, 4:0:0:0:2, 3:2:0:0:3, 4:0:0:0:2, 1:1:0:0:1, 1:0:0:0:0, 2:1:0:0:1, 3:0:0:0:1, 4:0:0:0:3, 1:1:0:0:1, 1:0:0:0:4, 1:0:0:0:1, 1:1:0:0:1, 1:1:0:0:1, 1:0:0:0:1, 3:1:0:0:1, 0:0:0:0:0, 0:0:0:0:0, 0:0:0:0:0, 731:159:11:0:405
Ab minor mel (7b), 1:0:0:0:0, 3:0:0:0:3, 1:0:0:0:1, 1:0:0:0:1, 1:0:0:0:0, 4:0:0:0:4, 2:0:0:0:3, 3:0:0:0:2, 1:0:0:0:0, 3:0:0:0:3, 2:0:0:0:1, 1:0:0:0:1, 1:1:1:0:1, 2:1:1:0:3, 3:0:0:0:3, 3:1:0:0:4, 2:0:0:0:1, 2:0:0:0:1, 2:0:0:0:4, 0:0:0:0:0, 3:0:0:0:3, 2:0:0:0:3, 3:0:0:0:3, 5:0:0:0:3, 1:1:1:0:1, 4:0:0:0:3, 3:1:0:0:4, 2:0:0:0:1, 1:0:0:0:0, 2:0:0:0:4, 4:0:0:0:3, 2:0:0:0:1, 2:0:0:0:4, 2:0:0:0:1, 1:0:0:0:1, 2:0:0:0:1, 2:0:0:0:4, 2:0:0:0:1, 0:0:0:0:0, 0:0:0:0:0, 1:1:1:0:1, 3:0:0:0:2, 1:0:0:0:1, 2:0:0:0:1, 1:1:1:0:1, 2:0:0:0:2, 2:0:0:0:1, 4:0:0:0:3, 3:1:1:2:1, 3:0:0:0:3, 3:0:0:0:3, 2:0:0:0:2, 1:1:1:0:1, 3:0:0:0:3, 3:0:0:0:4, 2:0:0:0:2, 2:0:0:0:1, 3:0:0:0:2, 4:0:0:0:5, 0:0:0:0:0, 2:0:0:0:1, 2:0:0:0:2, 3:0:0:0:4, 3:0:0:0:2, 1:0:0:0:0, 3:0:0:0:3, 2:0:0:0:3, 2:0:0:0:2, 1:1:1:0:1, 2:1:1:0:3, 4:0:0:0:4, 3:0:0:0:2, 1:0:0:0:0, 3:0:0:0:3, 1:0:0:0:1, 1:0:0:0:1, 1:1:1:0:1, 3:0:0:0:3, 3:0:0:0:4, 3:0:0:0:2, 1:0:0:0:1, 4:0:0:0:2, 3:1:0:0:4, 2:0:0:0:2, 1:0:0:0:0, 3:0:0:0:3, 3:0:0:0:2, 1:0:0:0:1, 3:0:0:0:2, 3:0:0:0:2, 2:0:0:0:3, 1:0:0:0:1, 3:0:0:0:2, 3:0:0:0:2, 1:0:0:0:3, 2:1:1:0:1, 1:0:0:0:1, 6:0:0:0:5, 1:0:0:0:0, 1:0:0:0:1, 1:0:0:0:0, 3:0:0:0:3, 2:0:0:0:2, 2:2:2:0:3, 3:0:0:0:1, 3:0:0:0:3, 1:0:0:0:0, 1:0:0:0:1, 1:0:0:0:0, 4:0:0:0:4, 2:0:0:0:3, 2:0:0:0:3, 1:1:1:0:1, 3:0:0:0:3, 1:0:0:0:1, 2:0:0:0:1, 2:0:0:0:1, 3:0:0:0:3, 3:0:0:0:4, 1:0:0:0:1, 3:0:0:0:2, 1:0:0:0:0, 3:0:0:0:4, 0:0:0:0:0, 2:0:0:0:1, 2:0:0:0:1, 2:0:0:0:2, 4:0:0:0:3, 1:0:0:0:0, 2:0:0:0:3, 1:0:0:0:1, 1:0:0:0:1, 1:1:1:0:1, 4:0:0:0:4, 3:0:0:0:3, 2:0:0:0:2, 1:0:0:0:0, 2:0:0:0:3, 1:0:0:0:0, 1:0:0:0:1, 1:0:0:0:0, 1:0:0:0:3, 2:0:0:0:2, 3:0:0:0:2, 1:1:1:0:1, 3:0:0:0:2, 2:0:0:0:1, 2:0:0:0:1, 1:0:0:0:0, 3:0:0:0:3, 3:0:0:0:3, 2:0:0:0:1, 2:0:0:0:2, 3:0:0:0:2, 4:0:0:0:4, 1:0:0:0:1, 3:0:0:0:2, 2:0:0:0:1, 2:0:0:0:2, 3:0:0:0:2, 1:1:1:0:1, 3:0:0:0:5, 1:0:0:0:1, 1:0:0:0:1, 2:0:0:0:1, 3:0:0:0:2, 3:0:0:0:3, 1:0:0:0:0, 1:0:0:0:0, 4:0:0:0:4, 3:0:0:0:1, 1:0:0:0:1, 1:1:1:0:1, 3:0:0:0:3, 2:0:0:0:3, 2:0:0:0:1, 1:1:1:0:1, 3:0:0:0:2, 2:0:0:0:2, 3:1:0:0:4, 1:0:0:0:1, 3:0:0:0:3, 3:0:0:0:3, 1:0:0:0:1, 3:0:0:0:2, 2:0:0:0:1, 4:0:0:0:2, 2:0:0:0:2, 2:0:0:0:1, 2:0:0:0:1, 3:0:0:0:4, 4:0:0:0:3, 2:0:0:0:2, 4:0:0:0:5, 1:0:0:0:0, 2:0:0:0:2, 2:0:0:0:1, 3:0:0:0:4, 3:0:0:0:3, 1:0:0:0:0, 3:0:0:0:1, 3:0:0:0:3, 1:0:0:0:0, 2:0:0:0:1, 1:0:0:0:0, 4:0:0:0:4, 3:0:0:0:4, 2:0:0:0:3, 1:1:1:0:1, 3:0:0:0:3, 1:0:0:0:1, 3:0:0:0:1, 2:0:0:0:1, 3:0:0:0:3, 3:0:0:0:3, 1:0:0:0:1, 3:0:0:0:2, 1:0:0:0:0, 3:0:0:0:4, 0:0:0:0:0, 2:0:0:0:1, 2:0:0:0:1, 2:0:0:0:2, 4:0:0:0:4, 1:0:0:0:0, 2:0:0:0:3, 1:0:0:0:1, 1:0:0:0:1, 1:1:1:0:1, 3:0:0:0:3, 3:0:0:0:3, 3:1:0:0:4, 1:0:0:0:0, 2:0:0:0:3, 1:0:0:0:0, 1:0:0:0:1, 1:0:0:0:0, 1:0:0:0:3, 2:0:0:0:1, 3:0:0:0:2, 1:1:1:0:1, 3:0:0:0:2, 2:0:0:0:1, 2:0:0:0:1, 1:0:0:0:0, 3:0:0:0:3, 3:0:0:0:3, 2:0:0:0:1, 2:0:0:0:2, 3:0:0:0:2, 4:0:0:0:4, 1:0:0:0:1, 3:0:0:0:2, 2:0:0:0:1, 2:0:0:0:2, 3:0:0:0:2, 1:1:1:0:1, 4:0:0:0:5, 1:0:0:0:1, 1:0:0:0:1, 1:0:0:0:0, 3:0:0:0:2, 3:0:0:0:3, 1:0:0:0:0, 1:0:0:0:0, 4:0:0:0:4, 2:0:0:0:1, 1:0:0:0:1, 1:1:1:0:1, 3:0:0:0:4, 2:0:0:0:3, 2:0:0:0:1, 1:1:1:0:1, 3:0:0:0:2, 3:0:0:0:3, 3:1:0:0:4, 1:0:0:0:1, 3:0:0:0:3, 3:0:0:0:3, 1:0:0:0:1, 3:0:0:0:2, 2:0:0:0:1, 4:0:0:0:3, 1:0:0:0:1, 2:0:0:0:1, 2:0:0:0:1, 3:0:0:0:3, 4:0:0:0:3, 2:0:0:0:2, 4:0:0:0:5, 1:0:0:0:0, 1:0:0:0:1, 1:0:0:0:0, 3:0:0:0:4, 3:0:0:0:3, 1:0:0:0:0, 1:0:0:0:4, 1:0:0:0:0, 0:0:0:0:0, 0:0:0:0:0, 1:0:0:0:4, 2:0:0:0:1, 0:0:0:0:0, 0:0:0:0:0, 0:0:0:0:0, 634:31:25:2:562
A# minor mel (7#), 2:1:0:0:1, 3:0:0:0:2, 2:1:0:0:1, 2:0:0:0:0, 2:2:1:0:2, 3:0:0:0:2, 3:0:0:0:1, 3:0:0:0:2, 1:1:0:0:1, 3:0:0:0:2, 2:1:0:0:1, 2:0:0:0:0, 4:1:0:0:1, 2:0:0:0:1, 3:0:0:0:2, 4:1:0:0:1, 1:0:0:0:1, 2:1:0:0:1, 2:0:0:0:0, 3:2:0:0:2, 4:1:0:0:4, 3:1:0:0:2, 2:0:0:0:2, 5:0:0:0:1, 3:1:0:0:1, 5:0:0:0:2, 4:1:0:0:1, 1:0:0:0:0, 1:1:0:0:1, 2:0:0:0:3, 4:0:0:0:2, 2:1:0:0:1, 3:0:0:0:3, 3:0:0:0:2, 3:1:0:0:1, 1:1:0:0:1, 2:0:0:0:2, 1:0:0:0:0, 1:1:0:0:1, 1:1:0:0:1, 3:1:0:0:1, 3:0:0:0:2, 2:1:0:0:1, 1:0:0:0:0, 3:1:0:0:1, 1:0:0:0:1, 2:0:0:0:1, 3:0:0:0:1, 4:1:0:0:1, 4:0:0:0:2, 3:1:0:0:3, 2:0:0:0:1, 3:1:0:0:1, 2:0:0:0:2, 3:0:0:0:2, 3:1:0:0:2, 3:0:0:0:2, 3:1:0:0:2, 3:0:0:0:0, 3:2:0:0:2, 1:0:0:0:1, 4:1:0:0:1, 4:0:0:0:3, 3:0:0:0:1, 1:1:0:0:1, 5:0:0:0:3, 3:1:0:0:1, 2:0:0:0:1, 3:1:0:0:1, 2:0:0:0:1, 4:0:0:0:2, 4:1:0:0:1, 3:2:1:0:2, 3:0:0:0:2, 2:1:0:0:1, 1:0:0:0:0, 3:1:0:0:1, 2:0:0:0:1, 2:0:0:0:1, 4:1:1:0:2, 2:1:0:0:1, 4:0:0:0:2, 4:1:0:0:1, 2:0:0:0:0, 2:2:1:0:2, 2:0:0:0:2, 3:0:0:0:4, 2:1:0:0:1, 2:0:0:0:1, 4:1:0:0:2, 2:0:0:0:0, 2:2:0:0:2, 2:0:0:0:1, 4:1:0:0:2, 1:0:0:0:1, 2:2:2:0:3, 2:1:0:0:1, 6:0:0:0:3, 1:1:0:0:1, 1:0:0:0:0, 2:1:0:0:1, 2:0:0:0:2, 3:0:0:0:2, 3:2:1:0:2, 2:1:0:0:1, 3:0:0:0:2, 1:1:0:0:1, 1:0:0:0:0, 1:1:0:0:1, 3:0:0:0:3, 1:0:0:0:1, 2:0:0:0:1, 3:1:0:0:1, 3:0:0:0:2, 2:1:0:0:1, 1:0:0:0:0, 2:1:0:0:1, 2:0:0:0:1, 3:0:0:0:2, 3:1:0:0:1, 4:0:0:0:2, 1:1:0:0:1, 3:0:0:0:1, 3:2:0:0:2, 1:0:0:0:1, 2:1:0:0:1, 1:0:0:0:1, 3:0:0:0:1, 2:1:0:0:1, 2:0:0:0:2, 2:1:0:0:1, 1:0:0:0:0, 3:1:0:0:1, 3:0:0:0:3, 3:0:0:0:2, 4:1:0:0:1, 2:2:1:0:2, 2:0:0:0:2, 1:1:0:0:1, 1:0:0:0:0, 2:2:1:0:2, 2:0:0:0:1, 2:0:0:0:1, 2:0:0:0:1, 3:1:0:0:1, 4:0:0:0:3, 2:1:0:0:1, 1:0:0:0:0, 1:1:0:0:1, 3:0:0:0:1, 3:0:0:0:2, 2:1:0:0:1, 1:0:0:0:1, 3:1:0:0:2, 3:0:0:0:0, 3:2:0:0:2, 4:0:0:0:2, 2:1:0:0:1, 1:0:0:0:1, 3:0:0:0:2, 3:1:0:0:1, 3:0:0:0:2, 2:1:0:0:1, 2:0:0:0:0, 2:1:0:0:1, 2:0:0:0:1, 3:0:0:0:2, 1:1:0:0:1, 1:1:0:0:1, 5:0:0:0:3, 3:1:0:0:2, 1:0:0:0:0, 3:1:0:0:1, 2:0:0:0:1, 3:0:0:0:1, 2:0:0:0:1, 3:1:0:0:1, 3:0:0:0:2, 3:1:0:0:1, 2:0:0:0:1, 2:1:0:0:1, 2:0:0:0:1, 3:0:0:0:2, 2:1:0:0:1, 4:0:0:0:2, 2:2:0:0:2, 4:0:0:0:0, 3:2:0:0:2, 1:0:0:0:1, 3:1:0:0:1, 2:0:0:0:2, 4:0:0:0:2, 3:2:0:0:3, 4:0:0:0:2, 1:1:0:0:1, 2:0:0:0:0, 3:2:0:0:2, 4:0:0:0:1, 4:0:0:0:3, 1:1:0:0:1, 2:1:0:0:1, 3:0:0:0:2, 1:1:0:0:1, 1:0:0:0:0, 1:1:0:0:1, 3:0:0:0:3, 2:0:0:0:1, 2:0:0:0:1, 3:1:0:0:1, 3:0:0:0:2, 2:1:0:0:1, 1:0:0:0:0, 2:1:0:0:1, 2:0:0:0:1, 3:0:0:0:2, 3:1:0:0:1, 4:0:0:0:2, 1:1:0:0:1, 3:0:0:0:1, 3:2:0:0:2, 1:0:0:0:1, 2:1:0:0:1, 1:0:0:0:1, 3:0:0:0:1, 2:1:0:0:1, 2:0:0:0:2, 2:1:0:0:1, 1:0:0:0:0, 3:1:0:0:1, 2:0:0:0:2, 3:0:0:0:2, 4:1:0:0:1, 2:2:1:0:2, 2:0:0:0:2, 1:1:0:0:1, 1:0:0:0:0, 2:2:1:0:2, 2:0:0:0:1, 2:0:0:0:1, 2:0:0:0:1, 3:1:0:0:1, 4:0:0:0:3, 2:1:0:0:1, 1:0:0:0:0, 1:1:0:0:1, 3:0:0:0:1, 3:0:0:0:2, 2:1:0:0:1, 1:0:0:0:1, 3:1:0:0:2, 3:0:0:0:0, 3:2:0:0:2, 4:0:0:0:2, 2:1:0:0:1, 1:0:0:0:1, 3:0:0:0:2, 3:1:0:0:1, 4:0:0:0:2, 2:1:0:0:1, 1:0:0:0:0, 1:1:0:0:1, 2:0:0:0:1, 3:0:0:0:2, 1:1:0:0:1, 1:1:0:0:1, 5:0:0:0:3, 2:1:0:0:2, 1:0:0:0:0, 3:1:0:0:1, 2:0:0:0:1, 3:0:0:0:1, 2:0:0:0:1, 3:1:0:0:1, 3:0:0:0:2, 4:1:0:0:1, 2:0:0:0:1, 2:1:0:0:1, 2:0:0:0:1, 3:0:0:0:2, 3:1:0:0:1, 4:0:0:0:2, 2:2:0:0:2, 4:0:0:0:1, 4:2:0:0:2, 1:0:0:0:1, 3:1:0:0:1, 3:0:0:0:2, 4:0:0:0:2, 3:2:0:0:3, 4:0:0:0:2, 1:1:0:0:1, 1:0:0:0:0, 2:1:0:0:1, 3:0:0:0:1, 4:0:0:0:3, 1:1:0:0:1, 1:0:0:0:4, 1:0:0:0:1, 1:1:0:0:1, 1:1:0:0:1, 1:0:0:0:1, 3:1:0:0:1, 0:0:0:0:0, 0:0:0:0:0, 0:0:0:0:0, 731:159:11:0:405
Cb major blues (7b), 1:0:0:0:0, 3:0:0:0:3, 1:0:0:0:1, 1:0:0:0:1, 1:0:0:0:0, 4:0:0:0:4, 2:0:0:0:3, 3:0:0:0:2, 1:0:0:0:0, 3:0:0:0:3, 2:0:0:0:1, 1:0:0:0:1, 1:1:1:0:1, 2:1:1:0:3, 3:0:0:0:3, 3:1:0:0:4, 2:0:0:0:1, 2:0:0:0:1, 2:0:0:0:4, 0:0:0:0:0, 3:0:0:0:3, 2:0:0:0:3, 3:0:0:0:3, 5:0:0:0:3, 1:1:1:0:1, 4:0:0:0:3, 3:1:0:0:4, 2:0:0:0:1, 1:0:0:0:0, 2:0:0:0:4, 4:0:0:0:3, 2:0:0:0:1, 2:0:0:0:4, 2:0:0:0:1, 1:0:0:0:1, 2:0:0:0:1, 2:0:0:0:4, 2:0:0:0:1, 0:0:0:0:0, 0:0:0:0:0, 1:1:1:0:1, 3:0:0:0:2, 1:0:0:0:1, 2:0:0:0:1, 1:1:1:0:1, 2:0:0:0:2, 2:0:0:0:1, 4:0:0:0:3, 3:1:1:2:1, 3:0:0:0:3, 3:0:0:0:3, 2:0:0:0:2, 1:1:1:0:1, 3:0:0:0:3, 3:0:0:0:4, 2:0:0:0:2, 2:0:0:0:1, 3:0:0:0:2, 4:0:0:0:5, 0:0:0:0:0, 2:0:0:0:1, 2:0:0:0:2, 3:0:0:0:4, 3:0:0:0:2, 1:0:0:0:0, 3:0:0:0:3, 2:0:0:0:3, 2:0:0:0:2, 1:1:1:0:1, 2:1:1:0:3, 4:0:0:0:4, 3:0:0:0:2, 1:0:0:0:0, 3:0:0:0:3, 1:0:0:0:1, 1:0:0:0:1, 1:1:1:0:1, 3:0:0:0:3, 3:0:0:0:4, 3:0:0:0:2, 1:0:0:0:1, 4:0:0:0:2, 3:1:0:0:4, 2:0:0:0:2, 1:0:0:0:0, 3:0:0:0:3, 3:0:0:0:2, 1:0:0:0:1, 3:0:0:0:2, 3:0:0:0:2, 2:0:0:0:3, 1:0:0:0:1, 3:0:0:0:2, 3:0:0:0:2, 1:0:0:0:3, 2:1:1:0:1, 1:0:0:0:1, 6:0:0:0:5, 1:0:0:0:0, 1:0:0:0:1, 1:0:0:0:0, 3:0:0:0:3, 2:0:0:0:2, 2:2:2:0:3, 3:0:0:0:1, 3:0:0:0:3, 1:0:0:0:0, 1:0:0:0:1, 1:0:0:0:0, 4:0:0:0:4, 2:0:0:0:3, 2:0:0:0:3, 1:1:1:0:1, 3:0:0:0:3, 1:0:0:0:1, 2:0:0:0:1, 2:0:0:0:1, 3:0:0:0:3, 3:0:0:0:4, 1:0:0:0:1, 3:0:0:0:2, 1:0:0:0:0, 3:0:0:0:4, 0:0:0:0:0, 2:0:0:0:1, 2:0:0:0:1, 2:0:0:0:2, 4:0:0:0:3, 1:0:0:0:0, 2:0:0:0:3, 1:0:0:0:1, 1:0:0:0:1, 1:1:1:0:1, 4:0:0:0:4, 3:0:0:0:3, 2:0:0:0:2, 1:0:0:0:0, 2:0:0:0:3, 1:0:0:0:0, 1:0:0:0:1, 1:0:0:0:0, 1:0:0:0:3, 2:0:0:0:2, 3:0:0:0:2, 1:1:1:0:1, 3:0:0:0:2, 2:0:0:0:1, 2:0:0:0:1, 1:0:0:0:0, 3:0:0:0:3, 3:0:0:0:3, 2:0:0:0:1, 2:0:0:0:2, 3:0:0:0:2, 4:0:0:0:4, 1:0:0:0:1, 3:0:0:0:2, 2:0:0:0:1, 2:0:0:0:2, 3:0:0:0:2, 1:1:1:0:1, 3:0:0:0:5, 1:0:0:0:1, 1:0:0:0:1, 2:0:0:0:1, 3:0:0:0:2, 3:0:0:0:3, 1:0:0:0:0, 1:0:0:0:0, 4:0:0:0:4, 3:0:0:0:1, 1:0:0:0:1, 1:1:1:0:1, 3:0:0:0:3, 2:0:0:0:3, 2:0:0:0:1, 1:1:1:0:1, 3:0:0:0:2, 2:0:0:0:2, 3:1:0:0:4, 1:0:0:0:1, 3:0:0:0:3, 3:0:0:0:3, 1:0:0:0:1, 3:0:0:0:2, 2:0:0:0:1, 4:0:0:0:2, 2:0:0:0:2, 2:0:0:0:1, 2:0:0:0:1, 3:0:0:0:4, 4:0:0:0:3, 2:0:0:0:2, 4:0:0:0:5, 1:0:0:0:0, 2:0:0:0:2, 2:0:0:0:1, 3:0:0:0:4, 3:0:0:0:3, 1:0:0:0:0, 3:0:0:0:1, 3:0:0:0:3, 1:0:0:0:0, 2:0:0:0:1, 1:0:0:0:0, 4:0:0:0:4, 3:0:0:0:4, 2:0:0:0:3, 1:1:1:0:1, 3:0:0:0:3, 1:0:0:0:1, 3:0:0:0:1, 2:0:0:0:1, 3:0:0:0:3, 3:0:0:0:3, 1:0:0:0:1, 3:0:0:0:2, 1:0:0:0:0, 3:0:0:0:4, 0:0:0:0:0, 2:0:0:0:1, 2:0:0:0:1, 2:0:0:0:2, 4:0:0:0:4, 1:0:0:0:0, 2:0:0:0:3, 1:0:0:0:1, 1:0:0:0:1, 1:1:1:0:1, 3:0:0:0:3, 3:0:0:0:3, 3:1:0:0:4, 1:0:0:0:0, 2:0:0:0:3, 1:0:0:0:0, 1:0:0:0:1, 1:0:0:0:0, 1:0:0:0:3, 2:0:0:0:1, 3:0:0:0:2, 1:1:1:0:1, 3:0:0:0:2, 2:0:0:0:1, 2:0:0:0:1, 1:0:0:0:0, 3:0:0:0:3, 3:0:0:0:3, 2:0:0:0:1, 2:0:0:0:2, 3:0:0:0:2, 4:0:0:0:4, 1:0:0:0:1, 3:0:0:0:2, 2:0:0:0:1, 2:0:0:0:2, 3:0:0:0:2, 1:1:1:0:1, 4:0:0:0:5, 1:0:0:0:1, 1:0:0:0:1, 1:0:0:0:0, 3:0:0:0:2, 3:0:0:0:3, 1:0:0:0:0, 1:0:0:0:0, 4:0:0:0:4, 2:0:0:0:1, 1:0:0:0:1, 1:1:1:0:1, 3:0:0:0:4, 2:0:0:0:3, 2:0:0:0:1, 1:1:1:0:1, 3:0:0:0:2, 3:0:0:0:3, 3:1:0:0:4, 1:0:0:0:1, 3:0:0:0:3, 3:0:0:0:3, 1:0:0:0:1, 3:0:0:0:2, 2:0:0:0:1, 4:0:0:0:3, 1:0:0:0:1, 2:0:0:0:1, 2:0:0:0:1, 3:0:0:0:3, 4:0:0:0:3, 2:0:0:0:2, 4:0:0:0:5, 1:0:0:0:0, 1:0:0:0:1, 1:0:0:0:0, 3:0:0:0:4, 3:0:0:0:3, 1:0:0:0:0, 1:0:0:0:4, 1:0:0:0:0, 0:0:0:0:0, 0:0:0:0:0, 1:0:0:0:4, 2:0:0:0:1, 0:0:0:0:0, 0:0:0:0:0, 0:0:0:0:0, 634:31:25:2:562
C# major blues (7#), 2:1:0:0:1, 3:0:0:0:2, 2:1:0:0:1, 2:0:0:0:0, 2:2:1:0:2, 3:0:0:0:2, 3:0:0:0:1, 3:0:0:0:2, 1:1:0:0:1, 3:0:0:0:2, 2:1:0:0:1, 2:0:0:0:0, 4:1:0:0:1, 2:0:0:0:1, 3:0:0:0:2, 4:1:0:0:1, 1:0:0:0:1, 2:1:0:0:1, 2:0:0:0:0, 3:2:0:0:2, 4:1:0:0:4, 3:1:0:0:2, 2:0:0:0:2, 5:0:0:0:1, 3:1:0:0:1, 5:0:0:0:2, 4:1:0:0:1, 1:0:0:0:0, 1:1:0:0:1, 2:0:0:0:3, 4:0:0:0:2, 2:1:0:0:1, 3:0:0:0:3, 3:0:0:0:2, 3:1:0:0:1, 1:1:0:0:1, 2:0:0:0:2, 1:0:0:0:0, 1:1:0:0:1, 1:1:0:0:1, 3:1:0:0:1, 3:0:0:0:2, 2:1:0:0:1, 1:0:0:0:0, 3:1:0:0:1, 1:0:0:0:1, 2:0:0:0:1, 3:0:0:0:1, 4:1:0:0:1, 4:0:0:0:2, 3:1:0:0:3, 2:0:0:0:1, 3:1:0:0:1, 2:0:0:0:2, 3:0:0:0:2, 3:1:0:0:2, 3:0:0:0:2, 3:1:0:0:2, 3:0:0:0:0, 3:2:0:0:2, 1:0:0:0:1, 4:1:0:0:1, 4:0:0:0:3, 3:0:0:0:1, 1:1:0:0:1, 5:0:0:0:3, 3:1:0:0:1, 2:0:0:0:1, 3:1:0:0:1, 2:0:0:0:1, 4:0:0:0:2, 4:1:0:0:1, 3:2:1:0:2, 3:0:0:0:2, 2:1:0:0:1, 1:0:0:0:0, 3:1:0:0:1, 2:0:0:0:1, 2:0:0:0:1, 4:1:1:0:2, 2:1:0:0:1, 4:0:0:0:2, 4:1:0:0:1, 2:0:0:0:0, 2:2:1:0:2, 2:0:0:0:2, 3:0:0:0:4, 2:1:0:0:1, 2:0:0:0:1, 4:1:0:0:2, 2:0:0:0:0, 2:2:0:0:2, 2:0:0:0:1, 4:1:0:0:2, 1:0:0:0:1, 2:2:2:0:3, 2:1:0:0:1, 6:0:0:0:3, 1:1:0:0:1, 1:0:0:0:0, 2:1:0:0:1, 2:0:0:0:2, 3:0:0:0:2, 3:2:1:0:2, 2:1:0:0:1, 3:0:0:0:2, 1:1:0:0:1, 1:0:0:0:0, 1:1:0:0:1, 3:0:0:0:3, 1:0:0:0:1, 2:0:0:0:1, 3:1:0:0:1, 3:0:0:0:2, 2:1:0:0:1, 1:0:0:0:0, 2:1:0:0:1, 2:0:0:0:1, 3:0:0:0:2, 3:1:0:0:1, 4:0:0:0:2, 1:1:0:0:1, 3:0:0:0:1, 3:2:0:0:2, 1:0:0:0:1, 2:1:0:0:1, 1:0:0:0:1, 3:0:0:0:1, 2:1:0:0:1, 2:0:0:0:2, 2:1:0:0:1, 1:0:0:0:0, 3:1:0:0:1, 3:0:0:0:3, 3:0:0:0:2, 4:1:0:0:1, 2:2:1:0:2, 2:0:0:0:2, 1:1:0:0:1, 1:0:0:0:0, 2:2:1:0:2, 2:0:0:0:1, 2:0:0:0:1, 2:0:0:0:1, 3:1:0:0:1, 4:0:0:0:3, 2:1:0:0:1, 1:0:0:0:0, 1:1:0:0:1, 3:0:0:0:1, 3:0:0:0:2, 2:1:0:0:1, 1:0:0:0:1, 3:1:0:0:2, 3:0:0:0:0, 3:2:0:0:2, 4:0:0:0:2, 2:1:0:0:1, 1:0:0:0:1, 3:0:0:0:2, 3:1:0:0:1, 3:0:0:0:2, 2:1:0:0:1, 2:0:0:0:0, 2:1:0:0:1, 2:0:0:0:1, 3:0:0:0:2, 1:1:0:0:1, 1:1:0:0:1, 5:0:0:0:3, 3:1:0:0:2, 1:0:0:0:0, 3:1:0:0:1, 2:0:0:0:1, 3:0:0:0:1, 2:0:0:0:1, 3:1:0:0:1, 3:0:0:0:2, 3:1:0:0:1, 2:0:0:0:1, 2:1:0:0:1, 2:0:0:0:1, 3:0:0:0:2, 2:1:0:0:1, 4:0:0:0:2, 2:2:0:0:2, 4:0:0:0:0, 3:2:0:0:2, 1:0:0:0:1, 3:1:0:0:1, 2:0:0:0:2, 4:0:0:0:2, 3:2:0:0:3, 4:0:0:0:2, 1:1:0:0:1, 2:0:0:0:0, 3:2:0:0:2, 4:0:0:0:1, 4:0:0:0:3, 1:1:0:0:1, 2:1:0:0:1, 3:0:0:0:2, 1:1:0:0:1, 1:0:0:0:0, 1:1:0:0:1, 3:0:0:0:3, 2:0:0:0:1, 2:0:0:0:1, 3:1:0:0:1, 3:0:0:0:2, 2:1:0:0:1, 1:0:0:0:0, 2:1:0:0:1, 2:0:0:0:1, 3:0:0:0:2, 3:1:0:0:1, 4:0:0:0:2, 1:1:0:0:1, 3:0:0:0:1, 3:2:0:0:2, 1:0:0:0:1, 2:1:0:0:1, 1:0:0:0:1, 3:0:0:0:1, 2:1:0:0:1, 2:0:0:0:2, 2:1:0:0:1, 1:0:0:0:0, 3:1:0:0:1, 2:0:0:0:2, 3:0:0:0:2, 4:1:0:0:1, 2:2:1:0:2, 2:0:0:0:2, 1:1:0:0:1, 1:0:0:0:0, 2:2:1:0:2, 2:0:0:0:1, 2:0:0:0:1, 2:0:0:0:1, 3:1:0:0:1, 4:0:0:0:3, 2:1:0:0:1, 1:0:0:0:0, 1:1:0:0:1, 3:0:0:0:1, 3:0:0:0:2, 2:1:0:0:1, 1:0:0:0:1, 3:1:0:0:2, 3:0:0:0:0, 3:2:0:0:2, 4:0:0:0:2, 2:1:0:0:1, 1:0:0:0:1, 3:0:0:0:2, 3:1:0:0:1, 4:0:0:0:2, 2:1:0:0:1, 1:0:0:0:0, 1:1:0:0:1, 2:0:0:0:1, 3:0:0:0:2, 1:1:0:0:1, 1:1:0:0:1, 5:0:0:0:3, 2:1:0:0:2, 1:0:0:0:0, 3:1:0:0:1, 2:0:0:0:1, 3:0:0:0:1, 2:0:0:0:1, 3:1:0:0:1, 3:0:0:0:2, 4:1:0:0:1, 2:0:0:0:1, 2:1:0:0:1, 2:0:0:0:1, 3:0:0:0:2, 3:1:0:0:1, 4:0:0:0:2, 2:2:0:0:2, 4:0:0:0:1, 4:2:0:0:2, 1:0:0:0:1, 3:1:0:0:1, 3:0:0:0:2, 4:0:0:0:2, 3:2:0:0:3, 4:0:0:0:2, 1:1:0:0:1, 1:0:0:0:0, 2:1:0:0:1, 3:0:0:0:1, 4:0:0:0:3, 1:1:0:0:1, 1:0:0:0:4, 1:0:0:0:1, 1:1:0:0:1, 1:1:0:0:1, 1:0:0:0:1, 3:1:0:0:1, 0:0:0:0:0, 0:0:0:0:0, 0:0:0:0:0, 731:159:11:0:405
Ab minor blues (7b), 1:0:0:0:0, 3:0:0:0:3, 1:0:0:0:1, 1:0:0:0:1, 1:0:0:0:0, 4:0:0:0:4, 2:0:0:0:3, 3:0:0:0:2, 1:0:0:0:0, 3:0:0:0:3, 2:0:0:0:1, 1:0:0:0:1, 1:1:1:0:1, 2:1:1:0:3, 3:0:0:0:3, 3:1:0:0:4, 2:0:0:0:1, 2:0:0:0:1, 2:0:0:0:4, 0:0:0:0:0, 3:0:0:0:3, 2:0:0:0:3, 3:0:0:0:3, 5:0:0:0:3, 1:1:1:0:1, 4:0:0:0:3, 3:1:0:0:4, 2:0:0:0:1, 1:0:0:0:0, 2:0:0:0:4, 4:0:0:0:3, 2:0:0:0:1, 2:0:0:0:4, 2:0:0:0:1, 1:0:0:0:1, 2:0:0:0:1, 2:0:0:0:4, 2:0:0:0:1, 0:0:0:0:0, 0:0:0:0:0, 1:1:1:0:1, 3:0:0:0:2, 1:0:0:0:1, 2:0:0:0:1, 1:1:1:0:1, 2:0:0:0:2, 2:0:0:0:1, 4:0:0:0:3, 3:1:1:2:1, 3:0:0:0:3, 3:0:0:0:3, 2:0:0:0:2, 1:1:1:0:1, 3:0:0:0:3, 3:0:0:0:4, 2:0:0:0:2, 2:0:0:0:1, 3:0:0:0:2, 4:0:0:0:5, 0:0:0:0:0, 2:0:0:0:1, 2:0:0:0:2, 3:0:0:0:4, 3:0:0:0:2, 1:0:0:0:0, 3:0:0:0:3, 2:0:0:0:3, 2:0:0:0:2, 1:1:1:0:1, 2:1:1:0:3, 4:0:0:0:4, 3:0:0:0:2, 1:0:0:0:0, 3:0:0:0:3, 1:0:0:0:1, 1:0:0:0:1, 1:1:1:0:1, 3:0:0:0:3, 3:0:0:0:4, 3:0:0:0:2, 1:0:0:0:1, 4:0:0:0:2, 3:1:0:0:4, 2:0:0:0:2, 1:0:0:0:0, 3:0:0:0:3, 3:0:0:0:2, 1:0:0:0:1, 3:0:0:0:2, 3:0:0:0:2, 2:0:0:0:3, 1:0:0:0:1, 3:0:0:0:2, 3:0:0:0:2, 1:0:0:0:3, 2:1:1:0:1, 1:0:0:0:1, 6:0:0:0:5, 1:0:0:0:0, 1:0:0:0:1, 1:0:0:0:0, 3:0:0:0:3, 2:0:0:0:2, 2:2:2:0:3, 3:0:0:0:1, 3:0:0:0:3, 1:0:0:0:0, 1:0:0:0:1, 1:0:0:0:0, 4:0:0:0:4, 2:0:0:0:3, 2:0:0:0:3, 1:1:1:0:1, 3:0:0:0:3, 1:0:0:0:1, 2:0:0:0:1, 2:0:0:0:1, 3:0:0:0:3, 3:0:0:0:4, 1:0:0:0:1, 3:0:0:0:2, 1:0:0:0:0, 3:0:0:0:4, 0:0:0:0:0, 2:0:0:0:1, 2:0:0:0:1, 2:0:0:0:2, 4:0:0:0:3, 1:0:0:0:0, 2:0:0:0:3, 1:0:0:0:1, 1:0:0:0:1, 1:1:1:0:1, 4:0:0:0:4, 3:0:0:0:3, 2:0:0:0:2, 1:0:0:0:0, 2:0:0:0:3, 1:0:0:0:0, 1:0:0:0:1, 1:0:0:0:0, 1:0:0:0:3, 2:0:0:0:2, 3:0:0:0:2, 1:1:1:0:1, 3:0:0:0:2, 2:0:0:0:1, 2:0:0:0:1, 1:0:0:0:0, 3:0:0:0:3, 3:0:0:0:3, 2:0:0:0:1, 2:0:0:0:2, 3:0:0:0:2, 4:0:0:0:4, 1:0:0:0:1, 3:0:0:0:2, 2:0:0:0:1, 2:0:0:0:2, 3:0:0:0:2, 1:1:1:0:1, 3:0:0:0:5, 1:0:0:0:1, 1:0:0:0:1, 2:0:0:0:1, 3:0:0:0:2, 3:0:0:0:3, 1:0:0:0:0, 1:0:0:0:0, 4:0:0:0:4, 3:0:0:0:1, 1:0:0:0:1, 1:1:1:0:1, 3:0:0:0:3, 2:0:0:0:3, 2:0:0:0:1, 1:1:1:0:1, 3:0:0:0:2, 2:0:0:0:2, 3:1:0:0:4, 1:0:0:0:1, 3:0:0:0:3, 3:0:0:0:3, 1:0:0:0:1, 3:0:0:0:2, 2:0:0:0:1, 4:0:0:0:2, 2:0:0:0:2, 2:0:0:0:1, 2:0:0:0:1, 3:0:0:0:4, 4:0:0:0:3, 2:0:0:0:2, 4:0:0:0:5, 1:0:0:0:0, 2:0:0:0:2, 2:0:0:0:1, 3:0:0:0:4, 3:0:0:0:3, 1:0:0:0:0, 3:0:0:0:1, 3:0:0:0:3, 1:0:0:0:0, 2:0:0:0:1, 1:0:0:0:0, 4:0:0:0:4, 3:0:0:0:4, 2:0:0:0:3, 1:1:1:0:1, 3:0:0:0:3, 1:0:0:0:1, 3:0:0:0:1, 2:0:0:0:1, 3:0:0:0:3, 3:0:0:0:3, 1:0:0:0:1, 3:0:0:0:2, 1:0:0:0:0, 3:0:0:0:4, 0:0:0:0:0, 2:0:0:0:1, 2:0:0:0:1, 2:0:0:0:2, 4:0:0:0:4, 1:0:0:0:0, 2:0:0:0:3, 1:0:0:0:1, 1:0:0:0:1, 1:1:1:0:1, 3:0:0:0:3, 3:0:0:0:3, 3:1:0:0:4, 1:0:0:0:0, 2:0:0:0:3, 1:0:0:0:0, 1:0:0:0:1, 1:0:0:0:0, 1:0:0:0:3, 2:0:0:0:1, 3:0:0:0:2, 1:1:1:0:1, 3:0:0:0:2, 2:0:0:0:1, 2:0:0:0:1, 1:0:0:0:0, 3:0:0:0:3, 3:0:0:0:3, 2:0:0:0:1, 2:0:0:0:2, 3:0:0:0:2, 4:0:0:0:4, 1:0:0:0:1, 3:0:0:0:2, 2:0:0:0:1, 2:0:0:0:2, 3:0:0:0:2, 1:1:1:0:1, 4:0:0:0:5, 1:0:0:0:1, 1:0:0:0:1, 1:0:0:0:0, 3:0:0:0:2, 3:0:0:0:3, 1:0:0:0:0, 1:0:0:0:0, 4:0:0:0:4, 2:0:0:0:1, 1:0:0:0:1, 1:1:1:0:1, 3:0:0:0:4, 2:0:0:0:3, 2:0:0:0:1, 1:1:1:0:1, 3:0:0:0:2, 3:0:0:0:3, 3:1:0:0:4, 1:0:0:0:1, 3:0:0:0:3, 3:0:0:0:3, 1:0:0:0:1, 3:0:0:0:2, 2:0:0:0:1, 4:0:0:0:3, 1:0:0:0:1, 2:0:0:0:1, 2:0:0:0:1, 3:0:0:0:3, 4:0:0:0:3, 2:0:0:0:2, 4:0:0:0:5, 1:0:0:0:0, 1:0:0:0:1, 1:0:0:0:0, 3:0:0:0:4, 3:0:0:0:3, 1:0:0:0:0, 1:0:0:0:4, 1:0:0:0:0, 0:0:0:0:0, 0:0:0:0:0, 1:0:0:0:4, 2:0:0:0:1, 0:0:0:0:0, 0:0:0:0:0, 0:0:0:0:0, 634:31:25:2:562
A# minor blues (7#), 2:1:0:0:1, 3:0:0:0:2, 2:1:0:0:1, 2:0:0:0:0, 2:2:1:0:2, 3:0:0:0:2, 3:0:0:0:1, 3:0:0:0:2, 1:1:0:0:1, 3:0:0:0:2, 2:1:0:0:1, 2:0:0:0:0, 4:1:0:0:1, 2:0:0:0:1, 3:0:0:0:2, 4:1:0:0:1, 1:0:0:0:1, 2:1:0:0:1, 2:0:0:0:0, 3:2:0:0:2, 4:1:0:0:4, 3:1:0:0:2, 2:0:0:0:2, 5:0:0:0:1, 3:1:0:0:1, 5:0:0:0:2, 4:1:0:0:1, 1:0:0:0:0, 1:1:0:0:1, 2:0:0:0:3, 4:0:0:0:2, 2:1:0:0:1, 3:0:0:0:3, 3:0:0:0:2, 3:1:0:0:1, 1:1:0:0:1, 2:0:0:0:2, 1:0:0:0:0, 1:1:0:0:1, 1:1:0:0:1, 3:1:0:0:1, 3:0:0:0:2, 2:1:0:0:1, 1:0:0:0:0, 3:1:0:0:1, 1:0:0:0:1, 2:0:0:0:1, 3:0:0:0:1, 4:1:0:0:1, 4:0:0:0:2, 3:1:0:0:3, 2:0:0:0:1, 3:1:0:0:1, 2:0:0:0:2, 3:0:0:0:2, 3:1:0:0:2, 3:0:0:0:2, 3:1:0:0:2, 3:0:0:0:0, 3:2:0:0:2, 1:0:0:0:1, 4:1:0:0:1, 4:0:0:0:3, 3:0:0:0:1, 1:1:0:0:1, 5:0:0:0:3, 3:1:0:0:1, 2:0:0:0:1, 3:1:0:0:1, 2:0:0:0:1, 4:0:0:0:2, 4:1:0:0:1, 3:2:1:0:2, 3:0:0:0:2, 2:1:0:0:1, 1:0:0:0:0, 3:1:0:0:1, 2:0:0:0:1, 2:0:0:0:1, 4:1:1:0:2, 2:1:0:0:1, 4:0:0:0:2, 4:1:0:0:1, 2:0:0:0:0, 2:2:1:0:2, 2:0:0:0:2, 3:0:0:0:4, 2:1:0:0:1, 2:0:0:0:1, 4:1:0:0:2, 2:0:0:0:0, 2:2:0:0:2, 2:0:0:0:1, 4:1:0:0:2, 1:0:0:0:1, 2:2:2:0:3, 2:1:0:0:1, 6:0:0:0:3, 1:1:0:0:1, 1:0:0:0:0, 2:1:0:0:1, 2:0:0:0:2, 3:0:0:0:2, 3:2:1:0:2, 2:1:0:0:1, 3:0:0:0:2, 1:1:0:0:1, 1:0:0:0:0, 1:1:0:0:1, 3:0:0:0:3, 1:0:0:0:1, 2:0:0:0:1, 3:1:0:0:1, 3:0:0:0:2, 2:1:0:0:1, 1:0:0:0:0, 2:1:0:0:1, 2:0:0:0:1, 3:0:0:0:2, 3:1:0:0:1, 4:0:0:0:2, 1:1:0:0:1, 3:0:0:0:1, 3:2:0:0:2, 1:0:0:0:1, 2:1:0:0:1, 1:0:0:0:1, 3:0:0:0:1, 2:1:0:0:1, 2:0:0:0:2, 2:1:0:0:1, 1:0:0:0:0, 3:1:0:0:1, 3:0:0:0:3, 3:0:0:0:2, 4:1:0:0:1, 2:2:1:0:2, 2:0:0:0:2, 1:1:0:0:1, 1:0:0:0:0, 2:2:1:0:2, 2:0:0:0:1, 2:0:0:0:1, 2:0:0:0:1, 3:1:0:0:1, 4:0:0:0:3, 2:1:0:0:1, 1:0:0:0:0, 1:1:0:0:1, 3:0:0:0:1, 3:0:0:0:2, 2:1:0:0:1, 1:0:0:0:1, 3:1:0:0:2, 3:0:0:0:0, 3:2:0:0:2, 4:0:0:0:2, 2:1:0:0:1, 1:0:0:0:1, 3:0:0:0:2, 3:1:0:0:1, 3:0:0:0:2, 2:1:0:0:1, 2:0:0:0:0, 2:1:0:0:1, 2:0:0:0:1, 3:0:0:0:2, 1:1:0:0:1, 1:1:0:0:1, 5:0:0:0:3, 3:1:0:0:2, 1:0:0:0:0, 3:1:0:0:1, 2:0:0:0:1, 3:0:0:0:1, 2:0:0:0:1, 3:1:0:0:1, 3:0:0:0:2, 3:1:0:0:1, 2:0:0:0:1, 2:1:0:0:1, 2:0:0:0:1, 3:0:0:0:2, 2:1:0:0:1, 4:0:0:0:2, 2:2:0:0:2, 4:0:0:0:0, 3:2:0:0:2, 1:0:0:0:1, 3:1:0:0:1, 2:0:0:0:2, 4:0:0:0:2, 3:2:0:0:3, 4:0:0:0:2, 1:1:0:0:1, 2:0:0:0:0, 3:2:0:0:2, 4:0:0:0:1, 4:0:0:0:3, 1:1:0:0:1, 2:1:0:0:1, 3:0:0:0:2, 1:1:0:0:1, 1:0:0:0:0, 1:1:0:0:1, 3:0:0:0:3, 2:0:0:0:1, 2:0:0:0:1, 3:1:0:0:1, 3:0:0:0:2, 2:1:0:0:1, 1:0:0:0:0, 2:1:0:0:1, 2:0:0:0:1, 3:0:0:0:2, 3:1:0:0:1, 4:0:0:0:2, 1:1:0:0:1, 3:0:0:0:1, 3:2:0:0:2, 1:0:0:0:1, 2:1:0:0:1, 1:0:0:0:1, 3:0:0:0:1, 2:1:0:0:1, 2:0:0:0:2, 2:1:0:0:1, 1:0:0:0:0, 3:1:0:0:1, 2:0:0:0:2, 3:0:0:0:2, 4:1:0:0:1, 2:2:1:0:2, 2:0:0:0:2, 1:1:0:0:1, 1:0:0:0:0, 2:2:1:0:2, 2:0:0:0:1, 2:0:0:0:1, 2:0:0:0:1, 3:1:0:0:1, 4:0:0:0:3, 2:1:0:0:1, 1:0:0:0:0, 1:1:0:0:1, 3:0:0:0:1, 3:0:0:0:2, 2:1:0:0:1, 1:0:0:0:1, 3:1:0:0:2, 3:0:0:0:0, 3:2:0:0:2, 4:0:0:0:2, 2:1:0:0:1, 1:0:0:0:1, 3:0:0:0:2, 3:1:0:0:1, 4:0:0:0:2, 2:1:0:0:1, 1:0:0:0:0, 1:1:0:0:1, 2:0:0:0:1, 3:0:0:0:2, 1:1:0:0:1, 1:1:0:0:1, 5:0:0:0:3, 2:1:0:0:2, 1:0:0:0:0, 3:1:0:0:1, 2:0:0:0:1, 3:0:0:0:1, 2:0:0:0:1, 3:1:0:0:1, 3:0:0:0:2, 4:1:0:0:1, 2:0:0:0:1, 2:1:0:0:1, 2:0:0:0:1, 3:0:0:0:2, 3:1:0:0:1, 4:0:0:0:2, 2:2:0:0:2, 4:0:0:0:1, 4:2:0:0:2, 1:0:0:0:1, 3:1:0:0:1, 3:0:0:0:2, 4:0:0:0:2, 3:2:0:0:3, 4:0:0:0:2, 1:1:0:0:1, 1:0:0:0:0, 2:1:0:0:1, 3:0:0:0:1, 4:0:0:0:3, 1:1:0:0:1, 1:0:0:0:4, 1:0:0:0:1, 1:1:0:0:1, 1:1:0:0:1, 1:0:0:0:1, 3:1:0:0:1, 0:0:0:0:0, 0:0:0:0:0, 0:0:0:0:0, 731:159:11:0:405
Cb dorian (7b), 1:0:0:0:0, 3:0:0:0:3, 1:0:0:0:1, 1:0:0:0:1, 1:0:0:0:0, 4:0:0:0:4, 2:0:0:0:3, 3:0:0:0:2, 1:0:0:0:0, 3:0:0:0:3, 2:0:0:0:1, 1:0:0:0:1, 1:1:1:0:1, 2:1:1:0:3, 3:0:0:0:3, 3:1:0:0:4, 2:0:0:0:1, 2:0:0:0:1, 2:0:0:0:4, 0:0:0:0:0, 3:0:0:0:3, 2:0:0:0:3, 3:0:0:0:3, 5:0:0:0:3, 1:1:1:0:1, 4:0:0:0:3, 3:1:0:0:4, 2:0:0:0:1, 1:0:0:0:0, 2:0:0:0:4, 4:0:0:0:3, 2:0:0:0:1, 2:0:0:0:4, 2:0:0:0:1, 1:0:0:0:1, 2:0:0:0:1, 2:0:0:0:4, 2:0:0:0:1, 0:0:0:0:0, 0:0:0:0:0, 1:1:1:0:1, 3:0:0:0:2, 1:0:0:0:1, 2:0:0:0:1, 1:1:1:0:1, 2:0:0:0:2, 2:0:0:0:1, 4:0:0:0:3, 3:1:1:2:1, 3:0:0:0:3, 3:0:0:0:3, 2:0:0:0:2, 1:1:1:0:1, 3:0:0:0:3, 3:0:0:0:4, 2:0:0:0:2, 2:0:0:0:1, 3:0:0:0:2, 4:0:0:0:5, 0:0:0:0:0, 2:0:0:0:1, 2:0:0:0:2, 3:0:0:0:4, 3:0:0:0:2, 1:0:0:0:0, 3:0:0:0:3, 2:0:0:0:3, 2:0:0:0:2, 1:1:1:0:1, 2:1:1:0:3, 4:0:0:0:4, 3:0:0:0:2, 1:0:0:0:0, 3:0:0:0:3, 1:0:0:0:1, 1:0:0:0:1, 1:1:1:0:1, 3:0:0:0:3, 3:0:0:0:4, 3:0:0:0:2, 1:0:0:0:1, 4:0:0:0:2, 3:1:0:0:4, 2:0:0:0:2, 1:0:0:0:0, 3:0:0:0:3, 3:0:0:0:2, 1:0:0:0:1, 3:0:0:0:2, 3:0:0:0:2, 2:0:0:0:3, 1:0:0:0:1, 3:0:0:0:2, 3:0:0:0:2, 1:0:0:0:3, 2:1:1:0:1, 1:0:0:0:1, 6:0:0:0:5, 1:0:0:0:0, 1:0:0:0:1, 1:0:0:0:0, 3:0:0:0:3, 2:0:0:0:2, 2:2:2:0:3, 3:0:0:0:1, 3:0:0:0:3, 1:0:0:0:0, 1:0:0:0:1, 1:0:0:0:0, 4:0:0:0:4, 2:0:0:0:3, 2:0:0:0:3, 1:1:1:0:1, 3:0:0:0:3, 1:0:0:0:1, 2:0:0:0:1, 2:0:0:0:1, 3:0:0:0:3, 3:0:0:0:4, 1:0:0:0:1, 3:0:0:0:2, 1:0:0:0:0, 3:0:0:0:4, 0:0:0:0:0, 2:0:0:0:1, 2:0:0:0:1, 2:0:0:0:2, 4:0:0:0:3, 1:0:0:0:0, 2:0:0:0:3, 1:0:0:0:1, 1:0:0:0:1, 1:1:1:0:1, 4:0:0:0:4, 3:0:0:0:3, 2:0:0:0:2, 1:0:0:0:0, 2:0:0:0:3, 1:0:0:0:0, 1:0:0:0:1, 1:0:0:0:0, 1:0:0:0:3, 2:0:0:0:2, 3:0:0:0:2, 1:1:1:0:1, 3:0:0:0:2, 2:0:0:0:1, 2:0:0:0:1, 1:0:0:0:0, 3:0:0:0:3, 3:0:0:0:3, 2:0:0:0:1, 2:0:0:0:2, 3:0:0:0:2, 4:0:0:0:4, 1:0:0:0:1, 3:0:0:0:2, 2:0:0:0:1, 2:0:0:0:2, 3:0:0:0:2, 1:1:1:0:1, 3:0:0:0:5, 1:0:0:0:1, 1:0:0:0:1, 2:0:0:0:1, 3:0:0:0:2, 3:0:0:0:3, 1:0:0:0:0, 1:0:0:0:0, 4:0:0:0:4, 3:0:0:0:1, 1:0:0:0:1, 1:1:1:0:1, 3:0:0:0:3, 2:0:0:0:3, 2:0:0:0:1, 1:1:1:0:1, 3:0:0:0:2, 2:0:0:0:2, 3:1:0:0:4, 1:0:0:0:1, 3:0:0:0:3, 3:0:0:0:3, 1:0:0:0:1, 3:0:0:0:2, 2:0:0:0:1, 4:0:0:0:2, 2:0:0:0:2, 2:0:0:0:1, 2:0:0:0:1, 3:0:0:0:4, 4:0:0:0:3, 2:0:0:0:2, 4:0:0:0:5, 1:0:0:0:0, 2:0:0:0:2, 2:0:0:0:1, 3:0:0:0:4, 3:0:0:0:3, 1:0:0:0:0, 3:0:0:0:1, 3:0:0:0:3, 1:0:0:0:0, 2:0:0:0:1, 1:0:0:0:0, 4:0:0:0:4, 3:0:0:0:4, 2:0:0:0:3, 1:1:1:0:1, 3:0:0:0:3, 1:0:0:0:1, 3:0:0:0:1, 2:0:0:0:1, 3:0:0:0:3, 3:0:0:0:3, 1:0:0:0:1, 3:0:0:0:2, 1:0:0:0:0, 3:0:0:0:4, 0:0:0:0:0, 2:0:0:0:1, 2:0:0:0:1, 2:0:0:0:2, 4:0:0:0:4, 1:0:0:0:0, 2:0:0:0:3, 1:0:0:0:1, 1:0:0:0:1, 1:1:1:0:1, 3:0:0:0:3, 3:0:0:0:3, 3:1:0:0:4, 1:0:0:0:0, 2:0:0:0:3, 1:0:0:0:0, 1:0:0:0:1, 1:0:0:0:0, 1:0:0:0:3, 2:0:0:0:1, 3:0:0:0:2, 1:1:1:0:1, 3:0:0:0:2, 2:0:0:0:1, 2:0:0:0:1, 1:0:0:0:0, 3:0:0:0:3, 3:0:0:0:3, 2:0:0:0:1, 2:0:0:0:2, 3:0:0:0:2, 4:0:0:0:4, 1:0:0:0:1, 3:0:0:0:2, 2:0:0:0:1, 2:0:0:0:2, 3:0:0:0:2, 1:1:1:0:1, 4:0:0:0:5, 1:0:0:0:1, 1:0:0:0:1, 1:0:0:0:0, 3:0:0:0:2, 3:0:0:0:3, 1:0:0:0:0, 1:0:0:0:0, 4:0:0:0:4, 2:0:0:0:1, 1:0:0:0:1, 1:1:1:0:1, 3:0:0:0:4, 2:0:0:0:3, 2:0:0:0:1, 1:1:1:0:1, 3:0:0:0:2, 3:0:0:0:3, 3:1:0:0:4, 1:0:0:0:1, 3:0:0:0:3, 3:0:0:0:3, 1:0:0:0:1, 3:0:0:0:2, 2:0:0:0:1, 4:0:0:0:3, 1:0:0:0:1, 2:0:0:0:1, 2:0:0:0:1, 3:0:0:0:3, 4:0:0:0:3, 2:0:0:0:2, 4:0:0:0:5, 1:0:0:0:0, 1:0:0:0:1, 1:0:0:0:0, 3:0:0:0:4, 3:0:0:0:3, 1:0:0:0:0, 1:0:0:0:4, 1:0:0:0:0, 0:0:0:0:0, 0:0:0:0:0, 1:0:0:0:4, 2:0:0:0:1, 0:0:0:0:0, 0:0:0:0:0, 0:0:0:0:0, 634:31:25:2:562
C# dorian (7#), 2:1:0:0:1, 3:0:0:0:2, 2:1:0:0:1, 2:0:0:0:0, 2:2:1:0:2, 3:0:0:0:2, 3:0:0:0:1, 3:0:0:0:2, 1:1:0:0:1, 3:0:0:0:2, 2:1:0:0:1, 2:0:0:0:0, 4:1:0:0:1, 2:0:0:0:1, 3:0:0:0:2, 4:1:0:0:1, 1:0:0:0:1, 2:1:0:0:1, 2:0:0:0:0, 3:2:0:0:2, 4:1:0:0:4, 3:1:0:0:2, 2:0:0:0:2, 5:0:0:0:1, 3:1:0:0:1, 5:0:0:0:2, 4:1:0:0:1, 1:0:0:0:0, 1:1:0:0:1, 2:0:0:0:3, 4:0:0:0:2, 2:1:0:0:1, 3:0:0:0:3, 3:0:0:0:2, 3:1:0:0:1, 1:1:0:0:1, 2:0:0:0:2, 1:0:0:0:0, 1:1:0:0:1, 1:1:0:0:1, 3:1:0:0:1, 3:0:0:0:2, 2:1:0:0:1, 1:0:0:0:0, 3:1:0:0:1, 1:0:0:0:1, 2:0:0:0:1, 3:0:0:0:1, 4:1:0:0:1, 4:0:0:0:2, 3:1:0:0:3, 2:0:0:0:1, 3:1:0:0:1, 2:0:0:0:2, 3:0:0:0:2, 3:1:0:0:2, 3:0:0:0:2, 3:1:0:0:2, 3:0:0:0:0, 3:2:0:0:2, 1:0:0:0:1, 4:1:0:0:1, 4:0:0:0:3, 3:0:0:0:1, 1:1:0:0:1, 5:0:0:0:3, 3:1:0:0:1, 2:0:0:0:1, 3:1:0:0:1, 2:0:0:0:1, 4:0:0:0:2, 4:1:0:0:1, 3:2:1:0:2, 3:0:0:0:2, 2:1:0:0:1, 1:0:0:0:0, 3:1:0:0:1, 2:0:0:0:1, 2:0:0:0:1, 4:1:1:0:2, 2:1:0:0:1, 4:0:0:0:2, 4:1:0:0:1, 2:0:0:0:0, 2:2:1:0:2, 2:0:0:0:2, 3:0:0:0:4, 2:1:0:0:1, 2:0:0:0:1, 4:1:0:0:2, 2:0:0:0:0, 2:2:0:0:2, 2:0:0:0:1, 4:1:0:0:2, 1:0:0:0:1, 2:2:2:0:3, 2:1:0:0:1, 6:0:0:0:3, 1:1:0:0:1, 1:0:0:0:0, 2:1:0:0:1, 2:0:0:0:2, 3:0:0:0:2, 3:2:1:0:2, 2:1:0:0:1, 3:0:0:0:2, 1:1:0:0:1, 1:0:0:0:0, 1:1:0:0:1, 3:0:0:0:3, 1:0:0:0:1, 2:0:0:0:1, 3:1:0:0:1, 3:0:0:0:2, 2:1:0:0:1, 1:0:0:0:0, 2:1:0:0:1, 2:0:0:0:1, 3:0:0:0:2, 3:1:0:0:1, 4:0:0:0:2, 1:1:0:0:1, 3:0:0:0:1, 3:2:0:0:2, 1:0:0:0:1, 2:1:0:0:1, 1:0:0:0:1, 3:0:0:0:1, 2:1:0:0:1, 2:0:0:0:2, 2:1:0:0:1, 1:0:0:0:0, 3:1:0:0:1, 3:0:0:0:3, 3:0:0:0:2, 4:1:0:0:1, 2:2:1:0:2, 2:0:0:0:2, 1:1:0:0:1, 1:0:0:0:0, 2:2:1:0:2, 2:0:0:0:1, 2:0:0:0:1, 2:0:0:0:1, 3:1:0:0:1, 4:0:0:0:3, 2:1:0:0:1, 1:0:0:0:0, 1:1:0:0:1, 3:0:0:0:1, 3:0:0:0:2, 2:1:0:0:1, 1:0:0:0:1, 3:1:0:0:2, 3:0:0:0:0, 3:2:0:0:2, 4:0:0:0:2, 2:1:0:0:1, 1:0:0:0:1, 3:0:0:0:2, 3:1:0:0:1, 3:0:0:0:2, 2:1:0:0:1, 2:0:0:0:0, 2:1:0:0:1, 2:0:0:0:1, 3:0:0:0:2, 1:1:0:0:1, 1:1:0:0:1, 5:0:0:0:3, 3:1:0:0:2, 1:0:0:0:0, 3:1:0:0:1, 2:0:0:0:1, 3:0:0:0:1, 2:0:0:0:1, 3:1:0:0:1, 3:0:0:0:2, 3:1:0:0:1, 2:0:0:0:1, 2:1:0:0:1, 2:0:0:0:1, 3:0:0:0:2, 2:1:0:0:1, 4:0:0:0:2, 2:2:0:0:2, 4:0:0:0:0, 3:2:0:0:2, 1:0:0:0:1, 3:1:0:0:1, 2:0:0:0:2, 4:0:0:0:2, 3:2:0:0:3, 4:0:0:0:2, 1:1:0:0:1, 2:0:0:0:0, 3:2:0:0:2, 4:0:0:0:1, 4:0:0:0:3, 1:1:0:0:1, 2:1:0:0:1, 3:0:0:0:2, 1:1:0:0:1, 1:0:0:0:0, 1:1:0:0:1, 3:0:0:0:3, 2:0:0:0:1, 2:0:0:0:1, 3:1:0:0:1, 3:0:0:0:2, 2:1:0:0:1, 1:0:0:0:0, 2:1:0:0:1, 2:0:0:0:1, 3:0:0:0:2, 3:1:0:0:1, 4:0:0:0:2, 1:1:0:0:1, 3:0:0:0:1, 3:2:0:0:2, 1:0:0:0:1, 2:1:0:0:1, 1:0:0:0:1, 3:0:0:0:1, 2:1:0:0:1, 2:0:0:0:2, 2:1:0:0:1, 1:0:0:0:0, 3:1:0:0:1, 2:0:0:0:2, 3:0:0:0:2, 4:1:0:0:1, 2:2:1:0:2, 2:0:0:0:2, 1:1:0:0:1, 1:0:0:0:0, 2:2:1:0:2, 2:0:0:0:1, 2:0:0:0:1, 2:0:0:0:1, 3:1:0:0:1, 4:0:0:0:3, 2:1:0:0:1, 1:0:0:0:0, 1:1:0:0:1, 3:0:0:0:1, 3:0:0:0:2, 2:1:0:0:1, 1:0:0:0:1, 3:1:0:0:2, 3:0:0:0:0, 3:2:0:0:2, 4:0:0:0:2, 2:1:0:0:1, 1:0:0:0:1, 3:0:0:0:2, 3:1:0:0:1, 4:0:0:0:2, 2:1:0:0:1, 1:0:0:0:0, 1:1:0:0:1, 2:0:0:0:1, 3:0:0:0:2, 1:1:0:0:1, 1:1:0:0:1, 5:0:0:0:3, 2:1:0:0:2, 1:0:0:0:0, 3:1:0:0:1, 2:0:0:0:1, 3:0:0:0:1, 2:0:0:0:1, 3:1:0:0:1, 3:0:0:0:2, 4:1:0:0:1, 2:0:0:0:1, 2:1:0:0:1, 2:0:0:0:1, 3:0:0:0:2, 3:1:0:0:1, 4:0:0:0:2, 2:2:0:0:2, 4:0:0:0:1, 4:2:0:0:2, 1:0:0:0:1, 3:1:0:0:1, 3:0:0:0:2, 4:0:0:0:2, 3:2:0:0:3, 4:0:0:0:2, 1:1:0:0:1, 1:0:0:0:0, 2:1:0:0:1, 3:0:0:0:1, 4:0:0:0:3, 1:1:0:0:1, 1:0:0:0:4, 1:0:0:0:1, 1:1:0:0:1, 1:1:0:0:1, 1:0:0:0:1, 3:1:0:0:1, 0:0:0:0:0, 0:0:0:0:0, 0:0:0:0:0, 731:159:11:0:405
Cb phrygian (7b), 1:0:0:0:0, 3:0:0:0:3, 1:0:0:0:1, 1:0:0:0:1, 1:0:0:0:0, 4:0:0:0:4, 2:0:0:0:3, 3:0:0:0:2, 1:0:0:0:0, 3:0:0:0:3, 2:0:0:0:1, 1:0:0:0:1, 1:1:1:0:1, 2:1:1:0:3, 3:0:0:0:3, 3:1:0:0:4, 2:0:0:0:1, 2:0:0:0:1, 2:0:0:0:4, 0:0:0:0:0, 3:0:0:0:3, 2:0:0:0:3, 3:0:0:0:3, 5:0:0:0:3, 1:1:1:0:1, 4:0:0:0:3, 3:1:0:0:4, 2:0:0:0:1, 1:0:0:0:0, 2:0:0:0:4, 4:0:0:0:3, 2:0:0:0:1, 2:0:0:0:4, 2:0:0:0:1, 1:0:0:0:1, 2:0:0:0:1, 2:0:0:0:4, 2:0:0:0:1, 0:0:0:0:0, 0:0:0:0:0, 1:1:1:0:1, 3:0:0:0:2, 1:0:0:0:1, 2:0:0:0:1, 1:1:1:0:1, 2:0:0:0:2, 2:0:0:0:1, 4:0:0:0:3, 3:1:1:2:1, 3:0:0:0:3, 3:0:0:0:3, 2:0:0:0:2, 1:1:1:0:1, 3:0:0:0:3, 3:0:0:0:4, 2:0:0:0:2, 2:0:0:0:1, 3:0:0:0:2, 4:0:0:0:5, 0:0:0:0:0, 2:0:0:0:1, 2:0:0:0:2, 3:0:0:0:4, 3:0:0:0:2, 1:0:0:0:0, 3:0:0:0:3, 2:0:0:0:3, 2:0:0:0:2, 1:1:1:0:1, 2:1:1:0:3, 4:0:0:0:4, 3:0:0:0:2, 1:0:0:0:0, 3:0:0:0:3, 1:0:0:0:1, 1:0:0:0:1, 1:1:1:0:1, 3:0:0:0:3, 3:0:0:0:4, 3:0:0:0:2, 1:0:0:0:1, 4:0:0:0:2, 3:1:0:0:4, 2:0:0:0:2, 1:0:0:0:0, 3:0:0:0:3, 3:0:0:0:2, 1:0:0:0:1, 3:0:0:0:2, 3:0:0:0:2, 2:0:0:0:3, 1:0:0:0:1, 3:0:0:0:2, 3:0:0:0:2, 1:0:0:0:3, 2:1:1:0:1, 1:0:0:0:1, 6:0:0:0:5, 1:0:0:0:0, 1:0:0:0:1, 1:0:0:0:0, 3:0:0:0:3, 2:0:0:0:2, 2:2:2:0:3, 3:0:0:0:1, 3:0:0:0:3, 1:0:0:0:0, 1:0:0:0:1, 1:0:0:0:0, 4:0:0:0:4, 2:0:0:0:3, 2:0:0:0:3, 1:1:1:0:1, 3:0:0:0:3, 1:0:0:0:1, 2:0:0:0:1, 2:0:0:0:1, 3:0:0:0:3, 3:0:0:0:4, 1:0:0:0:1, 3:0:0:0:2, 1:0:0:0:0, 3:0:0:0:4, 0:0:0:0:0, 2:0:0:0:1, 2:0:0:0:1, 2:0:0:0:2, 4:0:0:0:3, 1:0:0:0:0, 2:0:0:0:3, 1:0:0:0:1, 1:0:0:0:1, 1:1:1:0:1, 4:0:0:0:4, 3:0:0:0:3, 2:0:0:0:2, 1:0:0:0:0, 2:0:0:0:3, 1:0:0:0:0, 1:0:0:0:1, 1:0:0:0:0, 1:0:0:0:3, 2:0:0:0:2, 3:0:0:0:2, 1:1:1:0:1, 3:0:0:0:2, 2:0:0:0:1, 2:0:0:0:1, 1:0:0:0:0, 3:0:0:0:3, 3:0:0:0:3, 2:0:0:0:1, 2:0:0:0:2, 3:0:0:0:2, 4:0:0:0:4, 1:0:0:0:1, 3:0:0:0:2, 2:0:0:0:1, 2:0:0:0:2, 3:0:0:0:2, 1:1:1:0:1, 3:0:0:0:5, 1:0:0:0:1, 1:0:0:0:1, 2:0:0:0:1, 3:0:0:0:2, 3:0:0:0:3, 1:0:0:0:0, 1:0:0:0:0, 4:0:0:0:4, 3:0:0:0:1, 1:0:0:0:1, 1:1:1:0:1, 3:0:0:0:3, 2:0:0:0:3, 2:0:0:0:1, 1:1:1:0:1, 3:0:0:0:2, 2:0:0:0:2, 3:1:0:0:4, 1:0:0:0:1, 3:0:0:0:3, 3:0:0:0:3, 1:0:0:0:1, 3:0:0:0:2, 2:0:0:0:1, 4:0:0:0:2, 2:0:0:0:2, 2:0:0:0:1, 2:0:0:0:1, 3:0:0:0:4, 4:0:0:0:3, 2:0:0:0:2, 4:0:0:0:5, 1:0:0:0:0, 2:0:0:0:2, 2:0:0:0:1, 3:0:0:0:4, 3:0:0:0:3, 1:0:0:0:0, 3:0:0:0:1, 3:0:0:0:3, 1:0:0:0:0, 2:0:0:0:1, 1:0:0:0:0, 4:0:0:0:4, 3:0:0:0:4, 2:0:0:0:3, 1:1:1:0:1, 3:0:0:0:3, 1:0:0:0:1, 3:0:0:0:1, 2:0:0:0:1, 3:0:0:0:3, 3:0:0:0:3, 1:0:0:0:1, 3:0:0:0:2, 1:0:0:0:0, 3:0:0:0:4, 0:0:0:0:0, 2:0:0:0:1, 2:0:0:0:1, 2:0:0:0:2, 4:0:0:0:4, 1:0:0:0:0, 2:0:0:0:3, 1:0:0:0:1, 1:0:0:0:1, 1:1:1:0:1, 3:0:0:0:3, 3:0:0:0:3, 3:1:0:0:4, 1:0:0:0:0, 2:0:0:0:3, 1:0:0:0:0, 1:0:0:0:1, 1:0:0:0:0, 1:0:0:0:3, 2:0:0:0:1, 3:0:0:0:2, 1:1:1:0:1, 3:0:0:0:2, 2:0:0:0:1, 2:0:0:0:1, 1:0:0:0:0, 3:0:0:0:3, 3:0:0:0:3, 2:0:0:0:1, 2:0:0:0:2, 3:0:0:0:2, 4:0:0:0:4, 1:0:0:0:1, 3:0:0:0:2, 2:0:0:0:1, 2:0:0:0:2, 3:0:0:0:2, 1:1:1:0:1, 4:0:0:0:5, 1:0:0:0:1, 1:0:0:0:1, 1:0:0:0:0, 3:0:0:0:2, 3:0:0:0:3, 1:0:0:0:0, 1:0:0:0:0, 4:0:0:0:4, 2:0:0:0:1, 1:0:0:0:1, 1:1:1:0:1, 3:0:0:0:4, 2:0:0:0:3, 2:0:0:0:1, 1:1:1:0:1, 3:0:0:0:2, 3:0:0:0:3, 3:1:0:0:4, 1:0:0:0:1, 3:0:0:0:3, 3:0:0:0:3, 1:0:0:0:1, 3:0:0:0:2, 2:0:0:0:1, 4:0:0:0:3, 1:0:0:0:1, 2:0:0:0:1, 2:0:0:0:1, 3:0:0:0:3, 4:0:0:0:3, 2:0:0:0:2, 4:0:0:0:5, 1:0:0:0:0, 1:0:0:0:1, 1:0:0:0:0, 3:0:0:0:4, 3:0:0:0:3, 1:0:0:0:0, 1:0:0:0:4, 1:0:0:0:0, 0:0:0:0:0, 0:0:0:0:0, 1:0:0:0:4, 2:0:0:0:1, 0:0:0:0:0, 0:0:0:0:0, 0:0:0:0:0, 634:31:25:2:562
C# phrygian (7#), 2:1:0:0:1, 3:0:0:0:2, 2:1:0:0:1, 2:0:0:0:0, 2:2:1:0:2, 3:0:0:0:2, 3:0:0:0:1, 3:0:0:0:2, 1:1:0:0:1, 3:0:0:0:2, 2:1:0:0:1, 2:0:0:0:0, 4:1:0:0:1, 2:0:0:0:1, 3:0:0:0:2, 4:1:0:0:1, 1:0:0:0:1, 2:1:0:0:1, 2:0:0:0:0, 3:2:0:0:2, 4:1:0:0:4, 3:1:0:0:2, 2:0:0:0:2, 5:0:0:0:1, 3:1:0:0:1, 5:0:0:0:2, 4:1:0:0:1, 1:0:0:0:0, 1:1:0:0:1, 2:0:0:0:3, 4:0:0:0:2, 2:1:0:0:1, 3:0:0:0:3, 3:0:0:0:2, 3:1:0:0:1, 1:1:0:0:1, 2:0:0:0:2, 1:0:0:0:0, 1:1:0:0:1, 1:1:0:0:1, 3:1:0:0:1, 3:0:0:0:2, 2:1:0:0:1, 1:0:0:0:0, 3:1:0:0:1, 1:0:0:0:1, 2:0:0:0:1, 3:0:0:0:1, 4:1:0:0:1, 4:0:0:0:2, 3:1:0:0:3, 2:0:0:0:1, 3:1:0:0:1, 2:0:0:0:2, 3:0:0:0:2, 3:1:0:0:2, 3:0:0:0:2, 3:1:0:0:2, 3:0:0:0:0, 3:2:0:0:2, 1:0:0:0:1, 4:1:0:0:1, 4:0:0:0:3, 3:0:0:0:1, 1:1:0:0:1, 5:0:0:0:3, 3:1:0:0:1, 2:0:0:0:1, 3:1:0:0:1, 2:0:0:0:1, 4:0:0:0:2, 4:1:0:0:1, 3:2:1:0:2, 3:0:0:0:2, 2:1:0:0:1, 1:0:0:0:0, 3:1:0:0:1, 2:0:0:0:1, 2:0:0:0:1, 4:1:1:0:2, 2:1:0:0:1, 4:0:0:0:2, 4:1:0:0:1, 2:0:0:0:0, 2:2:1:0:2, 2:0:0:0:2, 3:0:0:0:4, 2:1:0:0:1, 2:0:0:0:1, 4:1:0:0:2, 2:0:0:0:0, 2:2:0:0:2, 2:0:0:0:1, 4:1:0:0:2, 1:0:0:0:1, 2:2:2:0:3, 2:1:0:0:1, 6:0:0:0:3, 1:1:0:0:1, 1:0:0:0:0, 2:1:0:0:1, 2:0:0:0:2, 3:0:0:0:2, 3:2:1:0:2, 2:1:0:0:1, 3:0:0:0:2, 1:1:0:0:1, 1:0:0:0:0, 1:1:0:0:1, 3:0:0:0:3, 1:0:0:0:1, 2:0:0:0:1, 3:1:0:0:1, 3:0:0:0:2, 2:1:0:0:1, 1:0:0:0:0, 2:1:0:0:1, 2:0:0:0:1, 3:0:0:0:2, 3:1:0:0:1, 4:0:0:0:2, 1:1:0:0:1, 3:0:0:0:1, 3:2:0:0:2, 1:0:0:0:1, 2:1:0:0:1, 1:0:0:0:1, 3:0:0:0:1, 2:1:0:0:1, 2:0:0:0:2, 2:1:0:0:1, 1:0:0:0:0, 3:1:0:0:1, 3:0:0:0:3, 3:0:0:0:2, 4:1:0:0:1, 2:2:1:0:2, 2:0:0:0:2, 1:1:0:0:1, 1:0:0:0:0, 2:2:1:0:2, 2:0:0:0:1, 2:0:0:0:1, 2:0:0:0:1, 3:1:0:0:1, 4:0:0:0:3, 2:1:0:0:1, 1:0:0:0:0, 1:1:0:0:1, 3:0:0:0:1, 3:0:0:0:2, 2:1:0:0:1, 1:0:0:0:1, 3:1:0:0:2, 3:0:0:0:0, 3:2:0:0:2, 4:0:0:0:2, 2:1:0:0:1, 1:0:0:0:1, 3:0:0:0:2, 3:1:0:0:1, 3:0:0:0:2, 2:1:0:0:1, 2:0:0:0:0, 2:1:0:0:1, 2:0:0:0:1, 3:0:0:0:2, 1:1:0:0:1, 1:1:0:0:1, 5:0:0:0:3, 3:1:0:0:2, 1:0:0:0:0, 3:1:0:0:1, 2:0:0:0:1, 3:0:0:0:1, 2:0:0:0:1, 3:1:0:0:1, 3:0:0:0:2, 3:1:0:0:1, 2:0:0:0:1, 2:1:0:0:1, 2:0:0:0:1, 3:0:0:0:2, 2:1:0:0:1, 4:0:0:0:2, 2:2:0:0:2, 4:0:0:0:0, 3:2:0:0:2, 1:0:0:0:1, 3:1:0:0:1, 2:0:0:0:2, 4:0:0:0:2, 3:2:0:0:3, 4:0:0:0:2, 1:1:0:0:1, 2:0:0:0:0, 3:2:0:0:2, 4:0:0:0:1, 4:0:0:0:3, 1:1:0:0:1, 2:1:0:0:1, 3:0:0:0:2, 1:1:0:0:1, 1:0:0:0:0, 1:1:0:0:1, 3:0:0:0:3, 2:0:0:0:1, 2:0:0:0:1, 3:1:0:0:1, 3:0:0:0:2, 2:1:0:0:1, 1:0:0:0:0, 2:1:0:0:1, 2:0:0:0:1, 3:0:0:0:2, 3:1:0:0:1, 4:0:0:0:2, 1:1:0:0:1, 3:0:0:0:1, 3:2:0:0:2, 1:0:0:0:1, 2:1:0:0:1, 1:0:0:0:1, 3:0:0:0:1, 2:1:0:0:1, 2:0:0:0:2, 2:1:0:0:1, 1:0:0:0:0, 3:1:0:0:1, 2:0:0:0:2, 3:0:0:0:2, 4:1:0:0:1, 2:2:1:0:2, 2:0:0:0:2, 1:1:0:0:1, 1:0:0:0:0, 2:2:1:0:2, 2:0:0:0:1, 2:0:0:0:1, 2:0:0:0:1, 3:1:0:0:1, 4:0:0:0:3, 2:1:0:0:1, 1:0:0:0:0, 1:1:0:0:1, 3:0:0:0:1, 3:0:0:0:2, 2:1:0:0:1, 1:0:0:0:1, 3:1:0:0:2, 3:0:0:0:0, 3:2:0:0:2, 4:0:0:0:2, 2:1:0:0:1, 1:0:0:0:1, 3:0:0:0:2, 3:1:0:0:1, 4:0:0:0:2, 2:1:0:0:1, 1:0:0:0:0, 1:1:0:0:1, 2:0:0:0:1, 3:0:0:0:2, 1:1:0:0:1, 1:1:0:0:1, 5:0:0:0:3, 2:1:0:0:2, 1:0:0:0:0, 3:1:0:0:1, 2:0:0:0:1, 3:0:0:0:1, 2:0:0:0:1, 3:1:0:0:1, 3:0:0:0:2, 4:1:0:0:1, 2:0:0:0:1, 2:1:0:0:1, 2:0:0:0:1, 3:0:0:0:2, 3:1:0:0:1, 4:0:0:0:2, 2:2:0:0:2, 4:0:0:0:1, 4:2:0:0:2, 1:0:0:0:1, 3:1:0:0:1, 3:0:0:0:2, 4:0:0:0:2, 3:2:0:0:3, 4:0:0:0:2, 1:1:0:0:1, 1:0:0:0:0, 2:1:0:0:1, 3:0:0:0:1, 4:0:0:0:3, 1:1:0:0:1, 1:0:0:0:4, 1:0:0:0:1, 1:1:0:0:1, 1:1:0:0:1, 1:0:0:0:1, 3:1:0:0:1, 0:0:0:0:0, 0:0:0:0:0, 0:0:0:0:0, 731:159:11:0:405
Cb lydian (7b), 1:0:0:0:0, 3:0:0:0:3, 1:0:0:0:1, 1:0:0:0:1, 1:0:0:0:0, 4:0:0:0:4, 2:0:0:0:3, 3:0:0:0:2, 1:0:0:0:0, 3:0:0:0:3, 2:0:0:0:1, 1:0:0:0:1, 1:1:1:0:1, 2:1:1:0:3, 3:0:0:0:3, 3:1:0:0:4, 2:0:0:0:1, 2:0:0:0:1, 2:0:0:0:4, 0:0:0:0:0, 3:0:0:0:3, 2:0:0:0:3, 3:0:0:0:3, 5:0:0:0:3, 1:1:1:0:1, 4:0:0:0:3, 3:1:0:0:4, 2:0:0:0:1, 1:0:0:0:0, 2:0:0:0:4, 4:0:0:0:3, 2:0:0:0:1, 2:0:0:0:4, 2:0:0:0:1, 1:0:0:0:1, 2:0:0:0:1, 2:0:0:0:4, 2:0:0:0:1, 0:0:0:0:0, 0:0:0:0:0, 1:1:1:0:1, 3:0:0:0:2, 1:0:0:0:1, 2:0:0:0:1, 1:1:1:0:1, 2:0:0:0:2, 2:0:0:0:1, 4:0:0:0:3, 3:1:1:2:1, 3:0:0:0:3, 3:0:0:0:3, 2:0:0:0:2, 1:1:1:0:1, 3:0:0:0:3, 3:0:0:0:4, 2:0:0:0:2, 2:0:0:0:1, 3:0:0:0:2, 4:0:0:0:5, 0:0:0:0:0, 2:0:0:0:1, 2:0:0:0:2, 3:0:0:0:4, 3:0:0:0:2, 1:0:0:0:0, 3:0:0:0:3, 2:0:0:0:3, 2:0:0:0:2, 1:1:1:0:1, 2:1:1:0:3, 4:0:0:0:4, 3:0:0:0:2, 1:0:0:0:0, 3:0:0:0:3, 1:0:0:0:1, 1:0:0:0:1, 1:1:1:0:1, 3:0:0:0:3, 3:0:0:0:4, 3:0:0:0:2, 1:0:0:0:1, 4:0:0:0:2, 3:1:0:0:4, 2:0:0:0:2, 1:0:0:0:0, 3:0:0:0:3, 3:0:0:0:2, 1:0:0:0:1, 3:0:0:0:2, 3:0:0:0:2, 2:0:0:0:3, 1:0:0:0:1, 3:0:0:0:2, 3:0:0:0:2, 1:0:0:0:3, 2:1:1:0:1, 1:0:0:0:1, 6:0:0:0:5, 1:0:0:0:0, 1:0:0:0:1, 1:0:0:0:0, 3:0:0:0:3, 2:0:0:0:2, 2:2:2:0:3, 3:0:0:0:1, 3:0:0:0:3, 1:0:0:0:0, 1:0:0:0:1, 1:0:0:0:0, 4:0:0:0:4, 2:0:0:0:3, 2:0:0:0:3, 1:1:1:0:1, 3:0:0:0:3, 1:0:0:0:1, 2:0:0:0:1, 2:0:0:0:1, 3:0:0:0:3, 3:0:0:0:4, 1:0:0:0:1, 3:0:0:0:2, 1:0:0:0:0, 3:0:0:0:4, 0:0:0:0:0, 2:0:0:0:1, 2:0:0:0:1, 2:0:0:0:2, 4:0:0:0:3, 1:0:0:0:0, 2:0:0:0:3, 1:0:0:0:1, 1:0:0:0:1, 1:1:1:0:1, 4:0:0:0:4, 3:0:0:0:3, 2:0:0:0:2, 1:0:0:0:0, 2:0:0:0:3, 1:0:0:0:0, 1:0:0:0:1, 1:0:0:0:0, 1:0:0:0:3, 2:0:0:0:2, 3:0:0:0:2, 1:1:1:0:1, 3:0:0:0:2, 2:0:0:0:1, 2:0:0:0:1, 1:0:0:0:0, 3:0:0:0:3, 3:0:0:0:3, 2:0:0:0:1, 2:0:0:0:2, 3:0:0:0:2, 4:0:0:0:4, 1:0:0:0:1, 3:0:0:0:2, 2:0:0:0:1, 2:0:0:0:2, 3:0:0:0:2, 1:1:1:0:1, 3:0:0:0:5, 1:0:0:0:1, 1:0:0:0:1, 2:0:0:0:1, 3:0:0:0:2, 3:0:0:0:3, 1:0:0:0:0, 1:0:0:0:0, 4:0:0:0:4, 3:0:0:0:1, 1:0:0:0:1, 1:1:1:0:1, 3:0:0:0:3, 2:0:0:0:3, 2:0:0:0:1, 1:1:1:0:1, 3:0:0:0:2, 2:0:0:0:2, 3:1:0:0:4, 1:0:0:0:1, 3:0:0:0:3, 3:0:0:0:3, 1:0:0:0:1, 3:0:0:0:2, 2:0:0:0:1, 4:0:0:0:2, 2:0:0:0:2, 2:0:0:0:1, 2:0:0:0:1, 3:0:0:0:4, 4:0:0:0:3, 2:0:0:0:2, 4:0:0:0:5, 1:0:0:0:0, 2:0:0:0:2, 2:0:0:0:1, 3:0:0:0:4, 3:0:0:0:3, 1:0:0:0:0, 3:0:0:0:1, 3:0:0:0:3, 1:0:0:0:0, 2:0:0:0:1, 1:0:0:0:0, 4:0:0:0:4, 3:0:0:0:4, 2:0:0:0:3, 1:1:1:0:1, 3:0:0:0:3, 1:0:0:0:1, 3:0:0:0:1, 2:0:0:0:1, 3:0:0:0:3, 3:0:0:0:3, 1:0:0:0:1, 3:0:0:0:2, 1:0:0:0:0, 3:0:0:0:4, 0:0:0:0:0, 2:0:0:0:1, 2:0:0:0:1, 2:0:0:0:2, 4:0:0:0:4, 1:0:0:0:0, 2:0:0:0:3, 1:0:0:0:1, 1:0:0:0:1, 1:1:1:0:1, 3:0:0:0:3, 3:0:0:0:3, 3:1:0:0:4, 1:0:0:0:0, 2:0:0:0:3, 1:0:0:0:0, 1:0:0:0:1, 1:0:0:0:0, 1:0:0:0:3, 2:0:0:0:1, 3:0:0:0:2, 1:1:1:0:1, 3:0:0:0:2, 2:0:0:0:1, 2:0:0:0:1, 1:0:0:0:0, 3:0:0:0:3, 3:0:0:0:3, 2:0:0:0:1, 2:0:0:0:2, 3:0:0:0:2, 4:0:0:0:4, 1:0:0:0:1, 3:0:0:0:2, 2:0:0:0:1, 2:0:0:0:2, 3:0:0:0:2, 1:1:1:0:1, 4:0:0:0:5, 1:0:0:0:1, 1:0:0:0:1, 1:0:0:0:0, 3:0:0:0:2, 3:0:0:0:3, 1:0:0:0:0, 1:0:0:0:0, 4:0:0:0:4, 2:0:0:0:1, 1:0:0:0:1, 1:1:1:0:1, 3:0:0:0:4, 2:0:0:0:3, 2:0:0:0:1, 1:1:1:0:1, 3:0:0:0:2, 3:0:0:0:3, 3:1:0:0:4, 1:0:0:0:1, 3:0:0:0:3, 3:0:0:0:3, 1:0:0:0:1, 3:0:0:0:2, 2:0:0:0:1, 4:0:0:0:3, 1:0:0:0:1, 2:0:0:0:1, 2:0:0:0:1, 3:0:0:0:3, 4:0:0:0:3, 2:0:0:0:2, 4:0:0:0:5, 1:0:0:0:0, 1:0:0:0:1, 1:0:0:0:0, 3:0:0:0:4, 3:0:0:0:3, 1:0:0:0:0, 1:0:0:0:4, 1:0:0:0:0, 0:0:0:0:0, 0:0:0:0:0, 1:0:0:0:4, 2:0:0:0:1, 0:0:0:0:0, 0:0:0:0:0, 0:0:0:0:0, 634:31:25:2:562
C# lydian (7#), 2:1:0:0:1, 3:0:0:0:2, 2:1:0:0:1, 2:0:0:0:0, 2:2:1:0:2, 3:0:0:0:2, 3:0:0:0:1, 3:0:0:0:2, 1:1:0:0:1, 3:0:0:0:2, 2:1:0:0:1, 2:0:0:0:0, 4:1:0:0:1, 2:0:0:0:1, 3:0:0:0:2, 4:1:0:0:1, 1:0:0:0:1, 2:1:0:0:1, 2:0:0:0:0, 3:2:0:0:2, 4:1:0:0:4, 3:1:0:0:2, 2:0:0:0:2, 5:0:0:0:1, 3:1:0:0:1, 5:0:0:0:2, 4:1:0:0:1, 1:0:0:0:0, 1:1:0:0:1, 2:0:0:0:3, 4:0:0:0:2, 2:1:0:0:1, 3:0:0:0:3, 3:0:0:0:2, 3:1:0:0:1, 1:1:0:0:1, 2:0:0:0:2, 1:0:0:0:0, 1:1:0:0:1, 1:1:0:0:1, 3:1:0:0:1, 3:0:0:0:2, 2:1:0:0:1, 1:0:0:0:0, 3:1:0:0:1, 1:0:0:0:1, 2:0:0:0:1, 3:0:0:0:1, 4:1:0:0:1, 4:0:0:0:2, 3:1:0:0:3, 2:0:0:0:1, 3:1:0:0:1, 2:0:0:0:2, 3:0:0:0:2, 3:1:0:0:2, 3:0:0:0:2, 3:1:0:0:2, 3:0:0:0:0, 3:2:0:0:2, 1:0:0:0:1, 4:1:0:0:1, 4:0:0:0:3, 3:0:0:0:1, 1:1:0:0:1, 5:0:0:0:3, 3:1:0:0:1, 2:0:0:0:1, 3:1:0:0:1, 2:0:0:0:1, 4:0:0:0:2, 4:1:0:0:1, 3:2:1:0:2, 3:0:0:0:2, 2:1:0:0:1, 1:0:0:0:0, 3:1:0:0:1, 2:0:0:0:1, 2:0:0:0:1, 4:1:1:0:2, 2:1:0:0:1, 4:0:0:0:2, 4:1:0:0:1, 2:0:0:0:0, 2:2:1:0:2, 2:0:0:0:2, 3:0:0:0:4, 2:1:0:0:1, 2:0:0:0:1, 4:1:0:0:2, 2:0:0:0:0, 2:2:0:0:2, 2:0:0:0:1, 4:1:0:0:2, 1:0:0:0:1, 2:2:2:0:3, 2:1:0:0:1, 6:0:0:0:3, 1:1:0:0:1, 1:0:0:0:0, 2:1:0:0:1, 2:0:0:0:2, 3:0:0:0:2, 3:2:1:0:2, 2:1:0:0:1, 3:0:0:0:2, 1:1:0:0:1, 1:0:0:0:0, 1:1:0:0:1, 3:0:0:0:3, 1:0:0:0:1, 2:0:0:0:1, 3:1:0:0:1, 3:0:0:0:2, 2:1:0:0:1, 1:0:0:0:0, 2:1:0:0:1, 2:0:0:0:1, 3:0:0:0:2, 3:1:0:0:1, 4:0:0:0:2, 1:1:0:0:1, 3:0:0:0:1, 3:2:0:0:2, 1:0:0:0:1, 2:1:0:0:1, 1:0:0:0:1, 3:0:0:0:1, 2:1:0:0:1, 2:0:0:0:2, 2:1:0:0:1, 1:0:0:0:0, 3:1:0:0:1, 3:0:0:0:3, 3:0:0:0:2, 4:1:0:0:1, 2:2:1:0:2, 2:0:0:0:2, 1:1:0:0:1, 1:0:0:0:0, 2:2:1:0:2, 2:0:0:0:1, 2:0:0:0:1, 2:0:0:0:1, 3:1:0:0:1, 4:0:0:0:3, 2:1:0:0:1, 1:0:0:0:0, 1:1:0:0:1, 3:0:0:0:1, 3:0:0:0:2, 2:1:0:0:1, 1:0:0:0:1, 3:1:0:0:2, 3:0:0:0:0, 3:2:0:0:2, 4:0:0:0:2, 2:1:0:0:1, 1:0:0:0:1, 3:0:0:0:2, 3:1:0:0:1, 3:0:0:0:2, 2:1:0:0:1, 2:0:0:0:0, 2:1:0:0:1, 2:0:0:0:1, 3:0:0:0:2, 1:1:0:0:1, 1:1:0:0:1, 5:0:0:0:3, 3:1:0:0:2, 1:0:0:0:0, 3:1:0:0:1, 2:0:0:0:1, 3:0:0:0:1, 2:0:0:0:1, 3:1:0:0:1, 3:0:0:0:2, 3:1:0:0:1, 2:0:0:0:1, 2:1:0:0:1, 2:0:0:0:1, 3:0:0:0:2, 2:1:0:0:1, 4:0:0:0:2, 2:2:0:0:2, 4:0:0:0:0, 3:2:0:0:2, 1:0:0:0:1, 3:1:0:0:1, 2:0:0:0:2, 4:0:0:0:2, 3:2:0:0:3, 4:0:0:0:2, 1:1:0:0:1, 2:0:0:0:0, 3:2:0:0:2, 4:0:0:0:1, 4:0:0:0:3, 1:1:0:0:1, 2:1:0:0:1, 3:0:0:0:2, 1:1:0:0:1, 1:0:0:0:0, 1:1:0:0:1, 3:0:0:0:3, 2:0:0:0:1, 2:0:0:0:1, 3:1:0:0:1, 3:0:0:0:2, 2:1:0:0:1, 1:0:0:0:0, 2:1:0:0:1, 2:0:0:0:1, 3:0:0:0:2, 3:1:0:0:1, 4:0:0:0:2, 1:1:0:0:1, 3:0:0:0:1, 3:2:0:0:2, 1:0:0:0:1, 2:1:0:0:1, 1:0:0:0:1, 3:0:0:0:1, 2:1:0:0:1, 2:0:0:0:2, 2:1:0:0:1, 1:0:0:0:0, 3:1:0:0:1, 2:0:0:0:2, 3:0:0:0:2, 4:1:0:0:1, 2:2:1:0:2, 2:0:0:0:2, 1:1:0:0:1, 1:0:0:0:0, 2:2:1:0:2, 2:0:0:0:1, 2:0:0:0:1, 2:0:0:0:1, 3:1:0:0:1, 4:0:0:0:3, 2:1:0:0:1, 1:0:0:0:0, 1:1:0:0:1, 3:0:0:0:1, 3:0:0:0:2, 2:1:0:0:1, 1:0:0:0:1, 3:1:0:0:2, 3:0:0:0:0, 3:2:0:0:2, 4:0:0:0:2, 2:1:0:0:1, 1:0:0:0:1, 3:0:0:0:2, 3:1:0:0:1, 4:0:0:0:2, 2:1:0:0:1, 1:0:0:0:0, 1:1:0:0:1, 2:0:0:0:1, 3:0:0:0:2, 1:1:0:0:1, 1:1:0:0:1, 5:0:0:0:3, 2:1:0:0:2, 1:0:0:0:0, 3:1:0:0:1, 2:0:0:0:1, 3:0:0:0:1, 2:0:0:0:1, 3:1:0:0:1, 3:0:0:0:2, 4:1:0:0:1, 2:0:0:0:1, 2:1:0:0:1, 2:0:0:0:1, 3:0:0:0:2, 3:1:0:0:1, 4:0:0:0:2, 2:2:0:0:2, 4:0:0:0:1, 4:2:0:0:2, 1:0:0:0:1, 3:1:0:0:1, 3:0:0:0:2, 4:0:0:0:2, 3:2:0:0:3, 4:0:0:0:2, 1:1:0:0:1, 1:0:0:0:0, 2:1:0:0:1, 3:0:0:0:1, 4:0:0:0:3, 1:1:0:0:1, 1:0:0:0:4, 1:0:0:0:1, 1:1:0:0:1, 1:1:0:0:1, 1:0:0:0:1, 3:1:0:0:1, 0:0:0:0:0, 0:0:0:0:0, 0:0:0:0:0, 731:159:11:0:405
Cb mixolydian (7b), 1:0:0:0:0, 3:0:0:0:3, 1:0:0:0:1, 1:0:0:0:1, 1:0:0:0:0, 4:0:0:0:4, 2:0:0:0:3, 3:0:0:0:2, 1:0:0:0:0, 3:0:0:0:3, 2:0:0:0:1, 1:0:0:0:1, 1:1:1:0:1, 2:1:1:0:3, 3:0:0:0:3, 3:1:0:0:4, 2:0:0:0:1, 2:0:0:0:1, 2:0:0:0:4, 0:0:0:0:0, 3:0:0:0:3, 2:0:0:0:3, 3:0:0:0:3, 5:0:0:0:3, 1:1:1:0:1, 4:0:0:0:3, 3:1:0:0:4, 2:0:0:0:1, 1:0:0:0:0, 2:0:0:0:4, 4:0:0:0:3, 2:0:0:0:1, 2:0:0:0:4, 2:0:0:0:1, 1:0:0:0:1, 2:0:0:0:1, 2:0:0:0:4, 2:0:0:0:1, 0:0:0:0:0, 0:0:0:0:0, 1:1:1:0:1, 3:0:0:0:2, 1:0:0:0:1, 2:0:0:0:1, 1:1:1:0:1, 2:0:0:0:2, 2:0:0:0:1, 4:0:0:0:3, 3:1:1:2:1, 3:0:0:0:3, 3:0:0:0:3, 2:0:0:0:2, 1:1:1:0:1, 3:0:0:0:3, 3:0:0:0:4, 2:0:0:0:2, 2:0:0:0:1, 3:0:0:0:2, 4:0:0:0:5, 0:0:0:0:0, 2:0:0:0:1, 2:0:0:0:2, 3:0:0:0:4, 3:0:0:0:2, 1:0:0:0:0, 3:0:0:0:3, 2:0:0:0:3, 2:0:0:0:2, 1:1:1:0:1, 2:1:1:0:3, 4:0:0:0:4, 3:0:0:0:2, 1:0:0:0:0, 3:0:0:0:3, 1:0:0:0:1, 1:0:0:0:1, 1:1:1:0:1, 3:0:0:0:3, 3:0:0:0:4, 3:0:0:0:2, 1:0:0:0:1, 4:0:0:0:2, 3:1:0:0:4, 2:0:0:0:2, 1:0:0:0:0, 3:0:0:0:3, 3:0:0:0:2, 1:0:0:0:1, 3:0:0:0:2, 3:0:0:0:2, 2:0:0:0:3, 1:0:0:0:1, 3:0:0:0:2, 3:0:0:0:2, 1:0:0:0:3, 2:1:1:0:1, 1:0:0:0:1, 6:0:0:0:5, 1:0:0:0:0, 1:0:0:0:1, 1:0:0:0:0, 3:0:0:0:3, 2:0:0:0:2, 2:2:2:0:3, 3:0:0:0:1, 3:0:0:0:3, 1:0:0:0:0, 1:0:0:0:1, 1:0:0:0:0, 4:0:0:0:4, 2:0:0:0:3, 2:0:0:0:3, 1:1:1:0:1, 3:0:0:0:3, 1:0:0:0:1, 2:0:0:0:1, 2:0:0:0:1, 3:0:0:0:3, 3:0:0:0:4, 1:0:0:0:1, 3:0:0:0:2, 1:0:0:0:0, 3:0:0:0:4, 0:0:0:0:0, 2:0:0:0:1, 2:0:0:0:1, 2:0:0:0:2, 4:0:0:0:3, 1:0:0:0:0, 2:0:0:0:3, 1:0:0:0:1, 1:0:0:0:1, 1:1:1:0:1, 4:0:0:0:4, 3:0:0:0:3, 2:0:0:0:2, 1:0:0:0:0, 2:0:0:0:3, 1:0:0:0:0, 1:0:0:0:1, 1:0:0:0:0, 1:0:0:0:3, 2:0:0:0:2, 3:0:0:0:2, 1:1:1:0:1, 3:0:0:0:2, 2:0:0:0:1, 2:0:0:0:1, 1:0:0:0:0, 3:0:0:0:3, 3:0:0:0:3, 2:0:0:0:1, 2:0:0:0:2, 3:0:0:0:2, 4:0:0:0:4, 1:0:0:0:1, 3:0:0:0:2, 2:0:0:0:1, 2:0:0:0:2, 3:0:0:0:2, 1:1:1:0:1, 3:0:0:0:5, 1:0:0:0:1, 1:0:0:0:1, 2:0:0:0:1, 3:0:0:0:2, 3:0:0:0:3, 1:0:0:0:0, 1:0:0:0:0, 4:0:0:0:4, 3:0:0:0:1, 1:0:0:0:1, 1:1:1:0:1, 3:0:0:0:3, 2:0:0:0:3, 2:0:0:0:1, 1:1:1:0:1, 3:0:0:0:2, 2:0:0:0:2, 3:1:0:0:4, 1:0:0:0:1, 3:0:0:0:3, 3:0:0:0:3, 1:0:0:0:1, 3:0:0:0:2, 2:0:0:0:1, 4:0:0:0:2, 2:0:0:0:2, 2:0:0:0:1, 2:0:0:0:1, 3:0:0:0:4, 4:0:0:0:3, 2:0:0:0:2, 4:0:0:0:5, 1:0:0:0:0, 2:0:0:0:2, 2:0:0:0:1, 3:0:0:0:4, 3:0:0:0:3, 1:0:0:0:0, 3:0:0:0:1, 3:0:0:0:3, 1:0:0:0:0, 2:0:0:0:1, 1:0:0:0:0, 4:0:0:0:4, 3:0:0:0:4, 2:0:0:0:3, 1:1:1:0:1, 3:0:0:0:3, 1:0:0:0:1, 3:0:0:0:1, 2:0:0:0:1, 3:0:0:0:3, 3:0:0:0:3, 1:0:0:0:1, 3:0:0:0:2, 1:0:0:0:0, 3:0:0:0:4, 0:0:0:0:0, 2:0:0:0:1, 2:0:0:0:1, 2:0:0:0:2, 4:0:0:0:4, 1:0:0:0:0, 2:0:0:0:3, 1:0:0:0:1, 1:0:0:0:1, 1:1:1:0:1, 3:0:0:0:3, 3:0:0:0:3, 3:1:0:0:4, 1:0:0:0:0, 2:0:0:0:3, 1:0:0:0:0, 1:0:0:0:1, 1:0:0:0:0, 1:0:0:0:3, 2:0:0:0:1, 3:0:0:0:2, 1:1:1:0:1, 3:0:0:0:2, 2:0:0:0:1, 2:0:0:0:1, 1:0:0:0:0, 3:0:0:0:3, 3:0:0:0:3, 2:0:0:0:1, 2:0:0:0:2, 3:0:0:0:2, 4:0:0:0:4, 1:0:0:0:1, 3:0:0:0:2, 2:0:0:0:1, 2:0:0:0:2, 3:0:0:0:2, 1:1:1:0:1, 4:0:0:0:5, 1:0:0:0:1, 1:0:0:0:1, 1:0:0:0:0, 3:0:0:0:2, 3:0:0:0:3, 1:0:0:0:0, 1:0:0:0:0, 4:0:0:0:4, 2:0:0:0:1, 1:0:0:0:1, 1:1:1:0:1, 3:0:0:0:4, 2:0:0:0:3, 2:0:0:0:1, 1:1:1:0:1, 3:0:0:0:2, 3:0:0:0:3, 3:1:0:0:4, 1:0:0:0:1, 3:0:0:0:3, 3:0:0:0:3, 1:0:0:0:1, 3:0:0:0:2, 2:0:0:0:1, 4:0:0:0:3, 1:0:0:0:1, 2:0:0:0:1, 2:0:0:0:1, 3:0:0:0:3, 4:0:0:0:3, 2:0:0:0:2, 4:0:0:0:5, 1:0:0:0:0, 1:0:0:0:1, 1:0:0:0:0, 3:0:0:0:4, 3:0:0:0:3, 1:0:0:0:0, 1:0:0:0:4, 1:0:0:0:0, 0:0:0:0:0, 0:0:0:0:0, 1:0:0:0:4, 2:0:0:0:1, 0:0:0:0:0, 0:0:0:0:0, 0:0:0:0:0, 634:31:25:2:562
C# mixolydian (7#), 2:1:0:0:1, 3:0:0:0:2, 2:1:0:0:1, 2:0:0:0:0, 2:2:1:0:2, 3:0:0:0:2, 3:0:0:0:1, 3:0:0:0:2, 1:1:0:0:1, 3:0:0:0:2, 2:1:0:0:1, 2:0:0:0:0, 4:1:0:0:1, 2:0:0:0:1, 3:0:0:0:2, 4:1:0:0:1, 1:0:0:0:1, 2:1:0:0:1, 2:0:0:0:0, 3:2:0:0:2, 4:1:0:0:4, 3:1:0:0:2, 2:0:0:0:2, 5:0:0:0:1, 3:1:0:0:1, 5:0:0:0:2, 4:1:0:0:1, 1:0:0:0:0, 1:1:0:0:1, 2:0:0:0:3, 4:0:0:0:2, 2:1:0:0:1, 3:0:0:0:3, 3:0:0:0:2, 3:1:0:0:1, 1:1:0:0:1, 2:0:0:0:2, 1:0:0:0:0, 1:1:0:0:1, 1:1:0:0:1, 3:1:0:0:1, 3:0:0:0:2, 2:1:0:0:1, 1:0:0:0:0, 3:1:0:0:1, 1:0:0:0:1, 2:0:0:0:1, 3:0:0:0:1, 4:1:0:0:1, 4:0:0:0:2, 3:1:0:0:3, 2:0:0:0:1, 3:1:0:0:1, 2:0:0:0:2, 3:0:0:0:2, 3:1:0:0:2, 3:0:0:0:2, 3:1:0:0:2, 3:0:0:0:0, 3:2:0:0:2, 1:0:0:0:1, 4:1:0:0:1, 4:0:0:0:3, 3:0:0:0:1, 1:1:0:0:1, 5:0:0:0:3, 3:1:0:0:1, 2:0:0:0:1, 3:1:0:0:1, 2:0:0:0:1, 4:0:0:0:2, 4:1:0:0:1, 3:2:1:0:2, 3:0:0:0:2, 2:1:0:0:1, 1:0:0:0:0, 3:1:0:0:1, 2:0:0:0:1, 2:0:0:0:1, 4:1:1:0:2, 2:1:0:0:1, 4:0:0:0:2, 4:1:0:0:1, 2:0:0:0:0, 2:2:1:0:2, 2:0:0:0:2, 3:0:0:0:4, 2:1:0:0:1, 2:0:0:0:1, 4:1:0:0:2, 2:0:0:0:0, 2:2:0:0:2, 2:0:0:0:1, 4:1:0:0:2, 1:0:0:0:1, 2:2:2:0:3, 2:1:0:0:1, 6:0:0:0:3, 1:1:0:0:1, 1:0:0:0:0, 2:1:0:0:1, 2:0:0:0:2, 3:0:0:0:2, 3:2:1:0:2, 2:1:0:0:1, 3:0:0:0:2, 1:1:0:0:1, 1:0:0:0:0, 1:1:0:0:1, 3:0:0:0:3, 1:0:0:0:1, 2:0:0:0:1, 3:1:0:0:1, 3:0:0:0:2, 2:1:0:0:1, 1:0:0:0:0, 2:1:0:0:1, 2:0:0:0:1, 3:0:0:0:2, 3:1:0:0:1, 4:0:0:0:2, 1:1:0:0:1, 3:0:0:0:1, 3:2:0:0:2, 1:0:0:0:1, 2:1:0:0:1, 1:0:0:0:1, 3:0:0:0:1, 2:1:0:0:1, 2:0:0:0:2, 2:1:0:0:1, 1:0:0:0:0, 3:1:0:0:1, 3:0:0:0:3, 3:0:0:0:2, 4:1:0:0:1, 2:2:1:0:2, 2:0:0:0:2, 1:1:0:0:1, 1:0:0:0:0, 2:2:1:0:2, 2:0:0:0:1, 2:0:0:0:1, 2:0:0:0:1, 3:1:0:0:1, 4:0:0:0:3, 2:1:0:0:1, 1:0:0:0:0, 1:1:0:0:1, 3:0:0:0:1, 3:0:0:0:2, 2:1:0:0:1, 1:0:0:0:1, 3:1:0:0:2, 3:0:0:0:0, 3:2:0:0:2, 4:0:0:0:2, 2:1:0:0:1, 1:0:0:0:1, 3:0:0:0:2, 3:1:0:0:1, 3:0:0:0:2, 2:1:0:0:1, 2:0:0:0:0, 2:1:0:0:1, 2:0:0:0:1, 3:0:0:0:2, 1:1:0:0:1, 1:1:0:0:1, 5:0:0:0:3, 3:1:0:0:2, 1:0:0:0:0, 3:1:0:0:1, 2:0:0:0:1, 3:0:0:0:1, 2:0:0:0:1, 3:1:0:0:1, 3:0:0:0:2, 3:1:0:0:1, 2:0:0:0:1, 2:1:0:0:1, 2:0:0:0:1, 3:0:0:0:2, 2:1:0:0:1, 4:0:0:0:2, 2:2:0:0:2, 4:0:0:0:0, 3:2:0:0:2, 1:0:0:0:1, 3:1:0:0:1, 2:0:0:0:2, 4:0:0:0:2, 3:2:0:0:3, 4:0:0:0:2, 1:1:0:0:1, 2:0:0:0:0, 3:2:0:0:2, 4:0:0:0:1, 4:0:0:0:3, 1:1:0:0:1, 2:1:0:0:1, 3:0:0:0:2, 1:1:0:0:1, 1:0:0:0:0, 1:1:0:0:1, 3:0:0:0:3, 2:0:0:0:1, 2:0:0:0:1, 3:1:0:0:1, 3:0:0:0:2, 2:1:0:0:1, 1:0:0:0:0, 2:1:0:0:1, 2:0:0:0:1, 3:0:0:0:2, 3:1:0:0:1, 4:0:0:0:2, 1:1:0:0:1, 3:0:0:0:1, 3:2:0:0:2, 1:0:0:0:1, 2:1:0:0:1, 1:0:0:0:1, 3:0:0:0:1, 2:1:0:0:1, 2:0:0:0:2, 2:1:0:0:1, 1:0:0:0:0, 3:1:0:0:1, 2:0:0:0:2, 3:0:0:0:2, 4:1:0:0:1, 2:2:1:0:2, 2:0:0:0:2, 1:1:0:0:1, 1:0:0:0:0, 2:2:1:0:2, 2:0:0:0:1, 2:0:0:0:1, 2:0:0:0:1, 3:1:0:0:1, 4:0:0:0:3, 2:1:0:0:1, 1:0:0:0:0, 1:1:0:0:1, 3:0:0:0:1, 3:0:0:0:2, 2:1:0:0:1, 1:0:0:0:1, 3:1:0:0:2, 3:0:0:0:0, 3:2:0:0:2, 4:0:0:0:2, 2:1:0:0:1, 1:0:0:0:1, 3:0:0:0:2, 3:1:0:0:1, 4:0:0:0:2, 2:1:0:0:1, 1:0:0:0:0, 1:1:0:0:1, 2:0:0:0:1, 3:0:0:0:2, 1:1:0:0:1, 1:1:0:0:1, 5:0:0:0:3, 2:1:0:0:2, 1:0:0:0:0, 3:1:0:0:1, 2:0:0:0:1, 3:0:0:0:1, 2:0:0:0:1, 3:1:0:0:1, 3:0:0:0:2, 4:1:0:0:1, 2:0:0:0:1, 2:1:0:0:1, 2:0:0:0:1, 3:0:0:0:2, 3:1:0:0:1, 4:0:0:0:2, 2:2:0:0:2, 4:0:0:0:1, 4:2:0:0:2, 1:0:0:0:1, 3:1:0:0:1, 3:0:0:0:2, 4:0:0:0:2, 3:2:0:0:3, 4:0:0:0:2, 1:1:0:0:1, 1:0:0:0:0, 2:1:0:0:1, 3:0:0:0:1, 4:0:0:0:3, 1:1:0:0:1, 1:0:0:0:4, 1:0:0:0:1, 1:1:0:0:1, 1:1:0:0:1, 1:0:0:0:1, 3:1:0:0:1, 0:0:0:0:0, 0:0:0:0:0, 0:0:0:0:0, 731:159:11:0:405
Cb aeolian (7b), 1:0:0:0:0, 3:0:0:0:3, 1:0:0:0:1, 1:0:0:0:1, 1:0:0:0:0, 4:0:0:0:4, 2:0:0:0:3, 3:0:0:0:2, 1:0:0:0:0, 3:0:0:0:3, 2:0:0:0:1, 1:0:0:0:1, 1:1:1:0:1, 2:1:1:0:3, 3:0:0:0:3, 3:1:0:0:4, 2:0:0:0:1, 2:0:0:0:1, 2:0:0:0:4, 0:0:0:0:0, 3:0:0:0:3, 2:0:0:0:3, 3:0:0:0:3, 5:0:0:0:3, 1:1:1:0:1, 4:0:0:0:3, 3:1:0:0:4, 2:0:0:0:1, 1:0:0:0:0, 2:0:0:0:4, 4:0:0:0:3, 2:0:0:0:1, 2:0:0:0:4, 2:0:0:0:1, 1:0:0:0:1, 2:0:0:0:1, 2:0:0:0:4, 2:0:0:0:1, 0:0:0:0:0, 0:0:0:0:0, 1:1:1:0:1, 3:0:0:0:2, 1:0:0:0:1, 2:0:0:0:1, 1:1:1:0:1, 2:0:0:0:2, 2:0:0:0:1, 4:0:0:0:3, 3:1:1:2:1, 3:0:0:0:3, 3:0:0:0:3, 2:0:0:0:2, 1:1:1:0:1, 3:0:0:0:3, 3:0:0:0:4, 2:0:0:0:2, 2:0:0:0:1, 3:0:0:0:2, 4:0:0:0:5, 0:0:0:0:0, 2:0:0:0:1, 2:0:0:0:2, 3:0:0:0:4, 3:0:0:0:2, 1:0:0:0:0, 3:0:0:0:3, 2:0:0:0:3, 2:0:0:0:2, 1:1:1:0:1, 2:1:1:0:3, 4:0:0:0:4, 3:0:0:0:2, 1:0:0:0:0, 3:0:0:0:3, 1:0:0:0:1, 1:0:0:0:1, 1:1:1:0:1, 3:0:0:0:3, 3:0:0:0:4, 3:0:0:0:2, 1:0:0:0:1, 4:0:0:0:2, 3:1:0:0:4, 2:0:0:0:2, 1:0:0:0:0, 3:0:0:0:3, 3:0:0:0:2, 1:0:0:0:1, 3:0:0:0:2, 3:0:0:0:2, 2:0:0:0:3, 1:0:0:0:1, 3:0:0:0:2, 3:0:0:0:2, 1:0:0:0:3, 2:1:1:0:1, 1:0:0:0:1, 6:0:0:0:5, 1:0:0:0:0, 1:0:0:0:1, 1:0:0:0:0, 3:0:0:0:3, 2:0:0:0:2, 2:2:2:0:3, 3:0:0:0:1, 3:0:0:0:3, 1:0:0:0:0, 1:0:0:0:1, 1:0:0:0:0, 4:0:0:0:4, 2:0:0:0:3, 2:0:0:0:3, 1:1:1:0:1, 3:0:0:0:3, 1:0:0:0:1, 2:0:0:0:1, 2:0:0:0:1, 3:0:0:0:3, 3:0:0:0:4, 1:0:0:0:1, 3:0:0:0:2, 1:0:0:0:0, 3:0:0:0:4, 0:0:0:0:0, 2:0:0:0:1, 2:0:0:0:1, 2:0:0:0:2, 4:0:0:0:3, 1:0:0:0:0, 2:0:0:0:3, 1:0:0:0:1, 1:0:0:0:1, 1:1:1:0:1, 4:0:0:0:4, 3:0:0:0:3, 2:0:0:0:2, 1:0:0:0:0, 2:0:0:0:3, 1:0:0:0:0, 1:0:0:0:1, 1:0:0:0:0, 1:0:0:0:3, 2:0:0:0:2, 3:0:0:0:2, 1:1:1:0:1, 3:0:0:0:2, 2:0:0:0:1, 2:0:0:0:1, 1:0:0:0:0, 3:0:0:0:3, 3:0:0:0:3, 2:0:0:0:1, 2:0:0:0:2, 3:0:0:0:2, 4:0:0:0:4, 1:0:0:0:1, 3:0:0:0:2, 2:0:0:0:1, 2:0:0:0:2, 3:0:0:0:2, 1:1:1:0:1, 3:0:0:0:5, 1:0:0:0:1, 1:0:0:0:1, 2:0:0:0:1, 3:0:0:0:2, 3:0:0:0:3, 1:0:0:0:0, 1:0:0:0:0, 4:0:0:0:4, 3:0:0:0:1, 1:0:0:0:1, 1:1:1:0:1, 3:0:0:0:3, 2:0:0:0:3, 2:0:0:0:1, 1:1:1:0:1, 3:0:0:0:2, 2:0:0:0:2, 3:1:0:0:4, 1:0:0:0:1, 3:0:0:0:3, 3:0:0:0:3, 1:0:0:0:1, 3:0:0:0:2, 2:0:0:0:1, 4:0:0:0:2, 2:0:0:0:2, 2:0:0:0:1, 2:0:0:0:1, 3:0:0:0:4, 4:0:0:0:3, 2:0:0:0:2, 4:0:0:0:5, 1:0:0:0:0, 2:0:0:0:2, 2:0:0:0:1, 3:0:0:0:4, 3:0:0:0:3, 1:0:0:0:0, 3:0:0:0:1, 3:0:0:0:3, 1:0:0:0:0, 2:0:0:0:1, 1:0:0:0:0, 4:0:0:0:4, 3:0:0:0:4, 2:0:0:0:3, 1:1:1:0:1, 3:0:0:0:3, 1:0:0:0:1, 3:0:0:0:1, 2:0:0:0:1, 3:0:0:0:3, 3:0:0:0:3, 1:0:0:0:1, 3:0:0:0:2, 1:0:0:0:0, 3:0:0:0:4, 0:0:0:0:0, 2:0:0:0:1, 2:0:0:0:1, 2:0:0:0:2, 4:0:0:0:4, 1:0:0:0:0, 2:0:0:0:3, 1:0:0:0:1, 1:0:0:0:1, 1:1:1:0:1, 3:0:0:0:3, 3:0:0:0:3, 3:1:0:0:4, 1:0:0:0:0, 2:0:0:0:3, 1:0:0:0:0, 1:0:0:0:1, 1:0:0:0:0, 1:0:0:0:3, 2:0:0:0:1, 3:0:0:0:2, 1:1:1:0:1, 3:0:0:0:2, 2:0:0:0:1, 2:0:0:0:1, 1:0:0:0:0, 3:0:0:0:3, 3:0:0:0:3, 2:0:0:0:1, 2:0:0:0:2, 3:0:0:0:2, 4:0:0:0:4, 1:0:0:0:1, 3:0:0:0:2, 2:0:0:0:1, 2:0:0:0:2, 3:0:0:0:2, 1:1:1:0:1, 4:0:0:0:5, 1:0:0:0:1, 1:0:0:0:1, 1:0:0:0:0, 3:0:0:0:2, 3:0:0:0:3, 1:0:0:0:0, 1:0:0:0:0, 4:0:0:0:4, 2:0:0:0:1, 1:0:0:0:1, 1:1:1:0:1, 3:0:0:0:4, 2:0:0:0:3, 2:0:0:0:1, 1:1:1:0:1, 3:0:0:0:2, 3:0:0:0:3, 3:1:0:0:4, 1:0:0:0:1, 3:0:0:0:3, 3:0:0:0:3, 1:0:0:0:1, 3:0:0:0:2, 2:0:0:0:1, 4:0:0:0:3, 1:0:0:0:1, 2:0:0:0:1, 2:0:0:0:1, 3:0:0:0:3, 4:0:0:0:3, 2:0:0:0:2, 4:0:0:0:5, 1:0:0:0:0, 1:0:0:0:1, 1:0:0:0:0, 3:0:0:0:4, 3:0:0:0:3, 1:0:0:0:0, 1:0:0:0:4, 1:0:0:0:0, 0:0:0:0:0, 0:0:0:0:0, 1:0:0:0:4, 2:0:0:0:1, 0:0:0:0:0, 0:0:0:0:0, 0:0:0:0:0, 634:31:25:2:562
C# aeolian (7#), 2:1:0:0:1, 3:0:0:0:2, 2:1:0:0:1, 2:0:0:0:0, 2:2:1:0:2, 3:0:0:0:2, 3:0:0:0:1, 3:0:0:0:2, 1:1:0:0:1, 3:0:0:0:2, 2:1:0:0:1, 2:0:0:0:0, 4:1:0:0:1, 2:0:0:0:1, 3:0:0:0:2, 4:1:0:0:1, 1:0:0:0:1, 2:1:0:0:1, 2:0:0:0:0, 3:2:0:0:2, 4:1:0:0:4, 3:1:0:0:2, 2:0:0:0:2, 5:0:0:0:1, 3:1:0:0:1, 5:0:0:0:2, 4:1:0:0:1, 1:0:0:0:0, 1:1:0:0:1, 2:0:0:0:3, 4:0:0:0:2, 2:1:0:0:1, 3:0:0:0:3, 3:0:0:0:2, 3:1:0:0:1, 1:1:0:0:1, 2:0:0:0:2, 1:0:0:0:0, 1:1:0:0:1, 1:1:0:0:1, 3:1:0:0:1, 3:0:0:0:2, 2:1:0:0:1, 1:0:0:0:0, 3:1:0:0:1, 1:0:0:0:1, 2:0:0:0:1, 3:0:0:0:1, 4:1:0:0:1, 4:0:0:0:2, 3:1:0:0:3, 2:0:0:0:1, 3:1:0:0:1, 2:0:0:0:2, 3:0:0:0:2, 3:1:0:0:2, 3:0:0:0:2, 3:1:0:0:2, 3:0:0:0:0, 3:2:0:0:2, 1:0:0:0:1, 4:1:0:0:1, 4:0:0:0:3, 3:0:0:0:1, 1:1:0:0:1, 5:0:0:0:3, 3:1:0:0:1, 2:0:0:0:1, 3:1:0:0:1, 2:0:0:0:1, 4:0:0:0:2, 4:1:0:0:1, 3:2:1:0:2, 3:0:0:0:2, 2:1:0:0:1, 1:0:0:0:0, 3:1:0:0:1, 2:0:0:0:1, 2:0:0:0:1, 4:1:1:0:2, 2:1:0:0:1, 4:0:0:0:2, 4:1:0:0:1, 2:0:0:0:0, 2:2:1:0:2, 2:0:0:0:2, 3:0:0:0:4, 2:1:0:0:1, 2:0:0:0:1, 4:1:0:0:2, 2:0:0:0:0, 2:2:0:0:2, 2:0:0:0:1, 4:1:0:0:2, 1:0:0:0:1, 2:2:2:0:3, 2:1:0:0:1, 6:0:0:0:3, 1:1:0:0:1, 1:0:0:0:0, 2:1:0:0:1, 2:0:0:0:2, 3:0:0:0:2, 3:2:1:0:2, 2:1:0:0:1, 3:0:0:0:2, 1:1:0:0:1, 1:0:0:0:0, 1:1:0:0:1, 3:0:0:0:3, 1:0:0:0:1, 2:0:0:0:1, 3:1:0:0:1, 3:0:0:0:2, 2:1:0:0:1, 1:0:0:0:0, 2:1:0:0:1, 2:0:0:0:1, 3:0:0:0:2, 3:1:0:0:1, 4:0:0:0:2, 1:1:0:0:1, 3:0:0:0:1, 3:2:0:0:2, 1:0:0:0:1, 2:1:0:0:1, 1:0:0:0:1, 3:0:0:0:1, 2:1:0:0:1, 2:0:0:0:2, 2:1:0:0:1, 1:0:0:0:0, 3:1:0:0:1, 3:0:0:0:3, 3:0:0:0:2, 4:1:0:0:1, 2:2:1:0:2, 2:0:0:0:2, 1:1:0:0:1, 1:0:0:0:0, 2:2:1:0:2, 2:0:0:0:1, 2:0:0:0:1, 2:0:0:0:1, 3:1:0:0:1, 4:0:0:0:3, 2:1:0:0:1, 1:0:0:0:0, 1:1:0:0:1, 3:0:0:0:1, 3:0:0:0:2, 2:1:0:0:1, 1:0:0:0:1, 3:1:0:0:2, 3:0:0:0:0, 3:2:0:0:2, 4:0:0:0:2, 2:1:0:0:1, 1:0:0:0:1, 3:0:0:0:2, 3:1:0:0:1, 3:0:0:0:2, 2:1:0:0:1, 2:0:0:0:0, 2:1:0:0:1, 2:0:0:0:1, 3:0:0:0:2, 1:1:0:0:1, 1:1:0:0:1, 5:0:0:0:3, 3:1:0:0:2, 1:0:0:0:0, 3:1:0:0:1, 2:0:0:0:1, 3:0:0:0:1, 2:0:0:0:1, 3:1:0:0:1, 3:0:0:0:2, 3:1:0:0:1, 2:0:0:0:1, 2:1:0:0:1, 2:0:0:0:1, 3:0:0:0:2, 2:1:0:0:1, 4:0:0:0:2, 2:2:0:0:2, 4:0:0:0:0, 3:2:0:0:2, 1:0:0:0:1, 3:1:0:0:1, 2:0:0:0:2, 4:0:0:0:2, 3:2:0:0:3, 4:0:0:0:2, 1:1:0:0:1, 2:0:0:0:0, 3:2:0:0:2, 4:0:0:0:1, 4:0:0:0:3, 1:1:0:0:1, 2:1:0:0:1, 3:0:0:0:2, 1:1:0:0:1, 1:0:0:0:0, 1:1:0:0:1, 3:0:0:0:3, 2:0:0:0:1, 2:0:0:0:1, 3:1:0:0:1, 3:0:0:0:2, 2:1:0:0:1, 1:0:0:0:0, 2:1:0:0:1, 2:0:0:0:1, 3:0:0:0:2, 3:1:0:0:1, 4:0:0:0:2, 1:1:0:0:1, 3:0:0:0:1, 3:2:0:0:2, 1:0:0:0:1, 2:1:0:0:1, 1:0:0:0:1, 3:0:0:0:1, 2:1:0:0:1, 2:0:0:0:2, 2:1:0:0:1, 1:0:0:0:0, 3:1:0:0:1, 2:0:0:0:2, 3:0:0:0:2, 4:1:0:0:1, 2:2:1:0:2, 2:0:0:0:2, 1:1:0:0:1, 1:0:0:0:0, 2:2:1:0:2, 2:0:0:0:1, 2:0:0:0:1, 2:0:0:0:1, 3:1:0:0:1, 4:0:0:0:3, 2:1:0:0:1, 1:0:0:0:0, 1:1:0:0:1, 3:0:0:0:1, 3:0:0:0:2, 2:1:0:0:1, 1:0:0:0:1, 3:1:0:0:2, 3:0:0:0:0, 3:2:0:0:2, 4:0:0:0:2, 2:1:0:0:1, 1:0:0:0:1, 3:0:0:0:2, 3:1:0:0:1, 4:0:0:0:2, 2:1:0:0:1, 1:0:0:0:0, 1:1:0:0:1, 2:0:0:0:1, 3:0:0:0:2, 1:1:0:0:1, 1:1:0:0:1, 5:0:0:0:3, 2:1:0:0:2, 1:0:0:0:0, 3:1:0:0:1, 2:0:0:0:1, 3:0:0:0:1, 2:0:0:0:1, 3:1:0:0:1, 3:0:0:0:2, 4:1:0:0:1, 2:0:0:0:1, 2:1:0:0:1, 2:0:0:0:1, 3:0:0:0:2, 3:1:0:0:1, 4:0:0:0:2, 2:2:0:0:2, 4:0:0:0:1, 4:2:0:0:2, 1:0:0:0:1, 3:1:0:0:1, 3:0:0:0:2, 4:0:0:0:2, 3:2:0:0:3, 4:0:0:0:2, 1:1:0:0:1, 1:0:0:0:0, 2:1:0:0:1, 3:0:0:0:1, 4:0:0:0:3, 1:1:0:0:1, 1:0:0:0:4, 1:0:0:0:1, 1:1:0:0:1, 1:1:0:0:1, 1:0:0:0:1, 3:1:0:0:1, 0:0:0:0:0, 0:0:0:0:0, 0:0:0:0:0, 731:159:11:0:405
Cb locrian (7b), 1:0:0:0:0, 3:0:0:0:3, 1:0:0:0:1, 1:0:0:0:1, 1:0:0:0:0, 4:0:0:0:4, 2:0:0:0:3, 3:0:0:0:2, 1:0:0:0:0, 3:0:0:0:3, 2:0:0:0:1, 1:0:0:0:1, 1:1:1:0:1, 2:1:1:0:3, 3:0:0:0:3, 3:1:0:0:4, 2:0:0:0:1, 2:0:0:0:1, 2:0:0:0:4, 0:0:0:0:0, 3:0:0:0:3, 2:0:0:0:3, 3:0:0:0:3, 5:0:0:0:3, 1:1:1:0:1, 4:0:0:0:3, 3:1:0:0:4, 2:0:0:0:1, 1:0:0:0:0, 2:0:0:0:4, 4:0:0:0:3, 2:0:0:0:1, 2:0:0:0:4, 2:0:0:0:1, 1:0:0:0:1, 2:0:0:0:1, 2:0:0:0:4, 2:0:0:0:1, 0:0:0:0:0, 0:0:0:0:0, 1:1:1:0:1, 3:0:0:0:2, 1:0:0:0:1, 2:0:0:0:1, 1:1:1:0:1, 2:0:0:0:2, 2:0:0:0:1, 4:0:0:0:3, 3:1:1:2:1, 3:0:0:0:3, 3:0:0:0:3, 2:0:0:0:2, 1:1:1:0:1, 3:0:0:0:3, 3:0:0:0:4, 2:0:0:0:2, 2:0:0:0:1, 3:0:0:0:2, 4:0:0:0:5, 0:0:0:0:0, 2:0:0:0:1, 2:0:0:0:2, 3:0:0:0:4, 3:0:0:0:2, 1:0:0:0:0, 3:0:0:0:3, 2:0:0:0:3, 2:0:0:0:2, 1:1:1:0:1, 2:1:1:0:3, 4:0:0:0:4, 3:0:0:0:2, 1:0:0:0:0, 3:0:0:0:3, 1:0:0:0:1, 1:0:0:0:1, 1:1:1:0:1, 3:0:0:0:3, 3:0:0:0:4, 3:0:0:0:2, 1:0:0:0:1, 4:0:0:0:2, 3:1:0:0:4, 2:0:0:0:2, 1:0:0:0:0, 3:0:0:0:3, 3:0:0:0:2, 1:0:0:0:1, 3:0:0:0:2, 3:0:0:0:2, 2:0:0:0:3, 1:0:0:0:1, 3:0:0:0:2, 3:0:0:0:2, 1:0:0:0:3, 2:1:1:0:1, 1:0:0:0:1, 6:0:0:0:5, 1:0:0:0:0, 1:0:0:0:1, 1:0:0:0:0, 3:0:0:0:3, 2:0:0:0:2, 2:2:2:0:3, 3:0:0:0:1, 3:0:0:0:3, 1:0:0:0:0, 1:0:0:0:1, 1:0:0:0:0, 4:0:0:0:4, 2:0:0:0:3, 2:0:0:0:3, 1:1:1:0:1, 3:0:0:0:3, 1:0:0:0:1, 2:0:0:0:1, 2:0:0:0:1, 3:0:0:0:3, 3:0:0:0:4, 1:0:0:0:1, 3:0:0:0:2, 1:0:0:0:0, 3:0:0:0:4, 0:0:0:0:0, 2:0:0:0:1, 2:0:0:0:1, 2:0:0:0:2, 4:0:0:0:3, 1:0:0:0:0, 2:0:0:0:3, 1:0:0:0:1, 1:0:0:0:1, 1:1:1:0:1, 4:0:0:0:4, 3:0:0:0:3, 2:0:0:0:2, 1:0:0:0:0, 2:0:0:0:3, 1:0:0:0:0, 1:0:0:0:1, 1:0:0:0:0, 1:0:0:0:3, 2:0:0:0:2, 3:0:0:0:2, 1:1:1:0:1, 3:0:0:0:2, 2:0:0:0:1, 2:0:0:0:1, 1:0:0:0:0, 3:0:0:0:3, 3:0:0:0:3, 2:0:0:0:1, 2:0:0:0:2, 3:0:0:0:2, 4:0:0:0:4, 1:0:0:0:1, 3:0:0:0:2, 2:0:0:0:1, 2:0:0:0:2, 3:0:0:0:2, 1:1:1:0:1, 3:0:0:0:5, 1:0:0:0:1, 1:0:0:0:1, 2:0:0:0:1, 3:0:0:0:2, 3:0:0:0:3, 1:0:0:0:0, 1:0:0:0:0, 4:0:0:0:4, 3:0:0:0:1, 1:0:0:0:1, 1:1:1:0:1, 3:0:0:0:3, 2:0:0:0:3, 2:0:0:0:1, 1:1:1:0:1, 3:0:0:0:2, 2:0:0:0:2, 3:1:0:0:4, 1:0:0:0:1, 3:0:0:0:3, 3:0:0:0:3, 1:0:0:0:1, 3:0:0:0:2, 2:0:0:0:1, 4:0:0:0:2, 2:0:0:0:2, 2:0:0:0:1, 2:0:0:0:1, 3:0:0:0:4, 4:0:0:0:3, 2:0:0:0:2, 4:0:0:0:5, 1:0:0:0:0, 2:0:0:0:2, 2:0:0:0:1, 3:0:0:0:4, 3:0:0:0:3, 1:0:0:0:0, 3:0:0:0:1, 3:0:0:0:3, 1:0:0:0:0, 2:0:0:0:1, 1:0:0:0:0, 4:0:0:0:4, 3:0:0:0:4, 2:0:0:0:3, 1:1:1:0:1, 3:0:0:0:3, 1:0:0:0:1, 3:0:0:0:1, 2:0:0:0:1, 3:0:0:0:3, 3:0:0:0:3, 1:0:0:0:1, 3:0:0:0:2, 1:0:0:0:0, 3:0:0:0:4, 0:0:0:0:0, 2:0:0:0:1, 2:0:0:0:1, 2:0:0:0:2, 4:0:0:0:4, 1:0:0:0:0, 2:0:0:0:3, 1:0:0:0:1, 1:0:0:0:1, 1:1:1:0:1, 3:0:0:0:3, 3:0:0:0:3, 3:1:0:0:4, 1:0:0:0:0, 2:0:0:0:3, 1:0:0:0:0, 1:0:0:0:1, 1:0:0:0:0, 1:0:0:0:3, 2:0:0:0:1, 3:0:0:0:2, 1:1:1:0:1, 3:0:0:0:2, 2:0:0:0:1, 2:0:0:0:1, 1:0:0:0:0, 3:0:0:0:3, 3:0:0:0:3, 2:0:0:0:1, 2:0:0:0:2, 3:0:0:0:2, 4:0:0:0:4, 1:0:0:0:1, 3:0:0:0:2, 2:0:0:0:1, 2:0:0:0:2, 3:0:0:0:2, 1:1:1:0:1, 4:0:0:0:5, 1:0:0:0:1, 1:0:0:0:1, 1:0:0:0:0, 3:0:0:0:2, 3:0:0:0:3, 1:0:0:0:0, 1:0:0:0:0, 4:0:0:0:4, 2:0:0:0:1, 1:0:0:0:1, 1:1:1:0:1, 3:0:0:0:4, 2:0:0:0:3, 2:0:0:0:1, 1:1:1:0:1, 3:0:0:0:2, 3:0:0:0:3, 3:1:0:0:4, 1:0:0:0:1, 3:0:0:0:3, 3:0:0:0:3, 1:0:0:0:1, 3:0:0:0:2, 2:0:0:0:1, 4:0:0:0:3, 1:0:0:0:1, 2:0:0:0:1, 2:0:0:0:1, 3:0:0:0:3, 4:0:0:0:3, 2:0:0:0:2, 4:0:0:0:5, 1:0:0:0:0, 1:0:0:0:1, 1:0:0:0:0, 3:0:0:0:4, 3:0:0:0:3, 1:0:0:0:0, 1:0:0:0:4, 1:0:0:0:0, 0:0:0:0:0, 0:0:0:0:0, 1:0:0:0:4, 2:0:0:0:1, 0:0:0:0:0, 0:0:0:0:0, 0:0:0:0:0, 634:31:25:2:562
C# locrian (7#), 2:1:0:0:1, 3:0:0:0:2, 2:1:0:0:1, 2:0:0:0:0, 2:2:1:0:2, 3:0:0:0:2, 3:0:0:0:1, 3:0:0:0:2, 1:1:0:0:1, 3:0:0:0:2, 2:1:0:0:1, 2:0:0:0:0, 4:1:0:0:1, 2:0:0:0:1, 3:0:0:0:2, 4:1:0:0:1, 1:0:0:0:1, 2:1:0:0:1, 2:0:0:0:0, 3:2:0:0:2, 4:1:0:0:4, 3:1:0:0:2, 2:0:0:0:2, 5:0:0:0:1, 3:1:0:0:1, 5:0:0:0:2, 4:1:0:0:1, 1:0:0:0:0, 1:1:0:0:1, 2:0:0:0:3, 4:0:0:0:2, 2:1:0:0:1, 3:0:0:0:3, 3:0:0:0:2, 3:1:0:0:1, 1:1:0:0:1, 2:0:0:0:2, 1:0:0:0:0, 1:1:0:0:1, 1:1:0:0:1, 3:1:0:0:1, 3:0:0:0:2, 2:1:0:0:1, 1:0:0:0:0, 3:1:0:0:1, 1:0:0:0:1, 2:0:0:0:1, 3:0:0:0:1, 4:1:0:0:1, 4:0:0:0:2, 3:1:0:0:3, 2:0:0:0:1, 3:1:0:0:1, 2:0:0:0:2, 3:0:0:0:2, 3:1:0:0:2, 3:0:0:0:2, 3:1:0:0:2, 3:0:0:0:0, 3:2:0:0:2, 1:0:0:0:1, 4:1:0:0:1, 4:0:0:0:3, 3:0:0:0:1, 1:1:0:0:1, 5:0:0:0:3, 3:1:0:0:1, 2:0:0:0:1, 3:1:0:0:1, 2:0:0:0:1, 4:0:0:0:2, 4:1:0:0:1, 3:2:1:0:2, 3:0:0:0:2, 2:1:0:0:1, 1:0:0:0:0, 3:1:0:0:1, 2:0:0:0:1, 2:0:0:0:1, 4:1:1:0:2, 2:1:0:0:1, 4:0:0:0:2, 4:1:0:0:1, 2:0:0:0:0, 2:2:1:0:2, 2:0:0:0:2, 3:0:0:0:4, 2:1:0:0:1, 2:0:0:0:1, 4:1:0:0:2, 2:0:0:0:0, 2:2:0:0:2, 2:0:0:0:1, 4:1:0:0:2, 1:0:0:0:1, 2:2:2:0:3, 2:1:0:0:1, 6:0:0:0:3, 1:1:0:0:1, 1:0:0:0:0, 2:1:0:0:1, 2:0:0:0:2, 3:0:0:0:2, 3:2:1:0:2, 2:1:0:0:1, 3:0:0:0:2, 1:1:0:0:1, 1:0:0:0:0, 1:1:0:0:1, 3:0:0:0:3, 1:0:0:0:1, 2:0:0:0:1, 3:1:0:0:1, 3:0:0:0:2, 2:1:0:0:1, 1:0:0:0:0, 2:1:0:0:1, 2:0:0:0:1, 3:0:0:0:2, 3:1:0:0:1, 4:0:0:0:2, 1:1:0:0:1, 3:0:0:0:1, 3:2:0:0:2, 1:0:0:0:1, 2:1:0:0:1, 1:0:0:0:1, 3:0:0:0:1, 2:1:0:0:1, 2:0:0:0:2, 2:1:0:0:1, 1:0:0:0:0, 3:1:0:0:1, 3:0:0:0:3, 3:0:0:0:2, 4:1:0:0:1, 2:2:1:0:2, 2:0:0:0:2, 1:1:0:0:1, 1:0:0:0:0, 2:2:1:0:2, 2:0:0:0:1, 2:0:0:0:1, 2:0:0:0:1, 3:1:0:0:1, 4:0:0:0:3, 2:1:0:0:1, 1:0:0:0:0, 1:1:0:0:1, 3:0:0:0:1, 3:0:0:0:2, 2:1:0:0:1, 1:0:0:0:1, 3:1:0:0:2, 3:0:0:0:0, 3:2:0:0:2, 4:0:0:0:2, 2:1:0:0:1, 1:0:0:0:1, 3:0:0:0:2, 3:1:0:0:1, 3:0:0:0:2, 2:1:0:0:1, 2:0:0:0:0, 2:1:0:0:1, 2:0:0:0:1, 3:0:0:0:2, 1:1:0:0:1, 1:1:0:0:1, 5:0:0:0:3, 3:1:0:0:2, 1:0:0:0:0, 3:1:0:0:1, 2:0:0:0:1, 3:0:0:0:1, 2:0:0:0:1, 3:1:0:0:1, 3:0:0:0:2, 3:1:0:0:1, 2:0:0:0:1, 2:1:0:0:1, 2:0:0:0:1, 3:0:0:0:2, 2:1:0:0:1, 4:0:0:0:2, 2:2:0:0:2, 4:0:0:0:0, 3:2:0:0:2, 1:0:0:0:1, 3:1:0:0:1, 2:0:0:0:2, 4:0:0:0:2, 3:2:0:0:3, 4:0:0:0:2, 1:1:0:0:1, 2:0:0:0:0, 3:2:0:0:2, 4:0:0:0:1, 4:0:0:0:3, 1:1:0:0:1, 2:1:0:0:1, 3:0:0:0:2, 1:1:0:0:1, 1:0:0:0:0, 1:1:0:0:1, 3:0:0:0:3, 2:0:0:0:1, 2:0:0:0:1, 3:1:0:0:1, 3:0:0:0:2, 2:1:0:0:1, 1:0:0:0:0, 2:1:0:0:1, 2:0:0:0:1, 3:0:0:0:2, 3:1:0:0:1, 4:0:0:0:2, 1:1:0:0:1, 3:0:0:0:1, 3:2:0:0:2, 1:0:0:0:1, 2:1:0:0:1, 1:0:0:0:1, 3:0:0:0:1, 2:1:0:0:1, 2:0:0:0:2, 2:1:0:0:1, 1:0:0:0:0, 3:1:0:0:1, 2:0:0:0:2, 3:0:0:0:2, 4:1:0:0:1, 2:2:1:0:2, 2:0:0:0:2, 1:1:0:0:1, 1:0:0:0:0, 2:2:1:0:2, 2:0:0:0:1, 2:0:0:0:1, 2:0:0:0:1, 3:1:0:0:1, 4:0:0:0:3, 2:1:0:0:1, 1:0:0:0:0, 1:1:0:0:1, 3:0:0:0:1, 3:0:0:0:2, 2:1:0:0:1, 1:0:0:0:1, 3:1:0:0:2, 3:0:0:0:0, 3:2:0:0:2, 4:0:0:0:2, 2:1:0:0:1, 1:0:0:0:1, 3:0:0:0:2, 3:1:0:0:1, 4:0:0:0:2, 2:1:0:0:1, 1:0:0:0:0, 1:1:0:0:1, 2:0:0:0:1, 3:0:0:0:2, 1:1:0:0:1, 1:1:0:0:1, 5:0:0:0:3, 2:1:0:0:2, 1:0:0:0:0, 3:1:0:0:1, 2:0:0:0:1, 3:0:0:0:1, 2:0:0:0:1, 3:1:0:0:1, 3:0:0:0:2, 4:1:0:0:1, 2:0:0:0:1, 2:1:0:0:1, 2:0:0:0:1, 3:0:0:0:2, 3:1:0:0:1, 4:0:0:0:2, 2:2:0:0:2, 4:0:0:0:1, 4:2:0:0:2, 1:0:0:0:1, 3:1:0:0:1, 3:0:0:0:2, 4:0:0:0:2, 3:2:0:0:3, 4:0:0:0:2, 1:1:0:0:1, 1:0:0:0:0, 2:1:0:0:1, 3:0:0:0:1, 4:0:0:0:3, 1:1:0:0:1, 1:0:0:0:4, 1:0:0:0:1, 1:1:0:0:1, 1:1:0:0:1, 1:0:0:0:1, 3:1:0:0:1, 0:0:0:0:0, 0:0:0:0:0, 0:0:0:0:0, 731:159:11:0:405
