 , 0, 1, 2, 3, 4, 5, 6, 7, 8, 9, 10, 11, 12, 13, 14, 15, 16, 17, 18, 19, 20, 21, 22, 23, 24, 25, 26, 27, 28, 29, 30, 31, 32, 33, 34, 35, 36, 37, 38, 39, 40, 41, 42, 43, 44, 45, 46, 47, 48, 49, 50, 51, 52, 53, 54, 55, 56, 57, 58, 59, 60, 61, 62, 63, 64, 65, 66, 67, 68, 69, 70, 71, 72, 73, 74, 75, 76, 77, 78, 79, 80, 81, 82, 83, 84, 85, 86, 87, 88, 89, 90, 91, 92, 93, 94, 95, 96, 97, 98, 99, 100, 101, 102, 103, 104, 105, 106, 107, 108, 109, 110, 111, 112, 113, 114, 115, 116, 117, 118, 119, 120, 121, 122, 123, 124, 125, 126, 127, 128, 129, 130, 131, 132, 133, 134, 135, 136, 137, 138, 139, 140, 141, 142, 143, 144, 145, 146, 147, 148, 149, 150, 151, 152, 153, 154, 155, 156, 157, 158, 159, 160, 161, 162, 163, 164, 165, 166, 167, 168, 169, 170, 171, 172, 173, 174, 175, 176, 177, rowcost
C major (0), 0+0:0:0:0:0, 3+1:0:0:0:0, 1+0:0:0:0:0, 3+2:0:0:0:0, 0+2:0:0:0:0, 5+5:0:0:0:1, 3+1:0:0:0:0, 4+3:0:1:0:1, 0+0:0:0:0:0, 3+1:0:0:0:0, 1+0:0:0:0:0, 3+2:0:0:0:0, 0+2:0:0:0:0, 5+5:0:0:0:1, 3+1:0:0:0:0, 4+3:0:1:0:1, 0+0:0:0:0:0, 3+2:0:0:0:0, 2+0:0:0:0:0, 4+2:0:1:0:1, 2+1:0:0:0:0, 3+2:1:0:0:1, 6+3:1:0:0:1, 2+4:0:0:0:1, 3+2:0:0:0:0, 3+1:0:0:0:0, 1+0:0:0:0:0, 1+1:0:0:0:0, 0+2:0:0:0:0, 5+5:0:0:0:1, 3+1:0:0:0:0, 4+3:0:1:0:1, 3+2:0:0:0:0, 2+0:0:0:0:0, 0+0:0:0:0:0, 6+3:0:0:0:1, 3+4:0:0:0:4, 6+6:0:0:0:2, 1+3:0:0:0:0, 6+4:0:0:0:1, 6+3:0:1:0:1, 7+7:0:1:0:1, 2+4:0:0:0:0, 5+5:0:0:0:4, 3+5:0:0:0:4, 2+4:0:0:0:3, 1+5:0:0:0:0, 6+3:0:0:0:1, 4+1:0:0:0:0, 7+4:0:1:0:1, 0+0:0:0:0:0, 5+2:0:1:0:1, 3+1:0:0:0:0, 6+2:0:0:0:0, 3+3:0:0:0:0, 6+10:0:0:0:0, 5+3:1:0:0:0, 3+6:0:0:0:0, 8+5:1:0:0:2, 7+4:0:0:0:1, 4+5:0:0:0:5, 2+1:0:0:0:0, 2+2:0:0:0:0, 5+4:0:0:0:0, 4+2:0:0:0:0, 4+2:0:1:0:1, 2+1:0:0:0:0, 2+0:0:0:0:0, 1+0:0:0:0:0, 3+1:0:0:0:0, 1+0:0:0:0:0, 1+1:0:0:0:0, 0+2:0:0:0:0, 5+4:0:0:0:1, 4+1:0:0:0:0, 4+3:0:1:0:1, 1+1:0:0:0:0, 4+2:0:0:0:0, 2+1:0:0:0:1, 2+1:0:0:0:0, 1+4:0:0:0:0, 6+4:0:0:0:1, 5+3:0:0:0:0, 4+5:0:1:0:2, 0+3:0:0:0:0, 5+3:0:0:0:0, 2+0:0:0:0:0, 4+1:0:0:0:0, 2+3:0:0:0:0, 4+3:2:0:0:0, 6+3:1:0:0:0, 4+5:0:0:0:2, 4+3:0:0:0:0, 4+1:0:0:0:0, 1+0:0:0:0:0, 5+3:0:0:0:1, 2+1:0:0:0:0, 5+3:0:0:0:0, 3+2:0:0:0:0, 3+5:0:1:0:1, 1+1:0:0:0:0, 2+0:0:0:0:0, 2+2:0:0:0:0, 3+1:0:0:0:0, 2+1:0:0:0:0, 1+1:0:0:0:0, 2+4:0:0:0:0, 5+5:0:0:0:1, 5+3:0:0:0:1, 3+7:0:1:0:1, 2+4:0:0:0:0, 4+1:0:0:0:0, 3+1:0:0:0:1, 2+2:0:0:0:0, 0+4:0:0:0:0, 5+4:0:0:0:1, 3+1:0:0:0:0, 3+4:0:1:0:1, 0+3:0:0:0:0, 4+2:0:0:0:0, 2+0:0:0:0:0, 4+2:0:0:0:0, 3+2:0:0:0:0, 3+2:1:0:0:0, 7+4:2:0:0:0, 5+6:5:0:0:1, 5+4:1:0:0:1, 3+1:0:0:0:0, 1+0:0:0:0:0, 1+1:0:0:0:0, 2+1:0:0:0:0, 6+2:0:0:0:0, 4+2:0:0:0:0, 3+2:0:1:0:1, 3+4:0:0:0:0, 3+2:0:0:0:0, 4+2:0:0:0:0, 4+1:0:0:0:0, 4+3:0:0:0:0, 1+1:0:0:0:0, 0+4:0:0:0:0, 6+4:0:0:0:1, 4+1:0:0:0:0, 5+6:0:1:0:1, 1+2:0:0:0:0, 3+2:0:0:0:0, 3+1:0:0:0:0, 2+1:0:0:0:0, 2+4:0:0:0:0, 5+4:0:0:0:1, 4+2:0:0:0:0, 3+5:0:1:0:1, 0+2:0:0:0:0, 3+1:0:0:0:0, 3+1:0:0:0:0, 4+2:0:0:0:0, 3+2:0:0:0:0, 4+1:1:0:0:0, 5+3:1:0:0:0, 6+9:0:0:0:3, 3+1:0:0:0:0, 3+1:0:0:0:0, 2+1:0:0:0:1, 1+1:0:0:0:0, 2+1:1:0:0:1, 5+4:0:0:0:0, 4+4:0:0:0:0, 4+4:0:1:0:1, 4+1:0:0:0:0, 2+0:0:0:0:0, 3+0:0:0:0:0, 2+0:0:0:0:0, 4+5:4:0:0:2, 2+0:0:0:0:0, 9+6:2:0:0:2, 11+12:0:1:0:7, 3+1:0:0:0:0, 0+0:0:0:0:0, 569+437:25:19:0:83
A minor (0), 0+0:0:0:0:0, 3+1:0:0:0:0, 1+1:0:0:0:0, 3+4:0:0:0:1, 0+0:0:0:0:0, 5+7:0:0:0:0, 3+1:0:0:0:0, 4+6:0:1:0:1, 0+2:0:0:0:0, 3+1:0:0:0:0, 1+1:0:0:0:0, 3+4:0:0:0:1, 0+0:0:0:0:0, 5+7:0:0:0:0, 3+1:0:0:0:0, 4+6:0:1:0:1, 0+2:0:0:0:0, 3+2:0:0:0:0, 2+2:0:0:0:0, 4+2:0:1:0:1, 2+1:0:0:0:0, 3+2:1:0:0:1, 6+3:1:0:0:1, 2+4:0:0:0:1, 3+2:0:0:0:0, 3+1:0:0:0:0, 1+1:0:0:0:0, 1+3:0:0:0:1, 0+0:0:0:0:0, 5+7:0:0:0:0, 3+1:0:0:0:0, 4+6:0:1:0:1, 3+2:0:0:0:0, 2+0:0:0:0:0, 0+0:0:0:0:0, 6+3:0:0:0:1, 3+4:0:0:0:0, 6+8:0:0:0:2, 1+2:0:0:0:0, 6+8:0:0:0:0, 7+5:0:0:0:0, 7+7:0:1:0:1, 2+4:0:0:0:0, 5+5:0:0:0:4, 3+6:0:0:0:0, 2+5:0:0:0:1, 1+1:0:0:0:0, 6+6:0:0:0:0, 4+3:0:0:0:0, 7+4:0:1:0:1, 0+2:0:0:0:0, 5+2:0:1:0:1, 3+5:0:0:0:0, 6+3:0:0:0:0, 3+3:0:0:0:0, 6+10:0:0:0:0, 5+4:1:0:0:1, 4+7:0:0:0:1, 8+7:1:0:0:1, 7+4:0:0:0:1, 4+7:0:0:0:0, 2+3:0:0:0:1, 2+6:0:0:0:0, 5+9:0:0:0:0, 4+3:0:0:0:0, 4+2:0:1:0:1, 2+1:0:0:0:0, 2+0:0:0:0:0, 1+0:0:0:0:0, 3+1:0:0:0:0, 1+1:0:0:0:0, 1+2:0:0:0:1, 0+0:0:0:0:0, 5+6:0:0:0:0, 4+2:0:0:0:0, 4+6:0:1:0:1, 2+2:0:0:0:0, 4+2:0:0:0:0, 2+2:0:0:0:0, 2+2:0:0:0:1, 1+1:0:0:0:0, 6+8:0:0:0:0, 5+3:0:0:0:0, 4+5:0:1:0:2, 0+3:0:0:0:0, 5+3:0:0:0:0, 2+1:0:0:0:0, 4+1:0:0:0:0, 2+3:0:0:0:0, 4+5:2:0:0:0, 6+3:1:0:0:0, 4+5:0:0:0:2, 4+3:0:0:0:0, 4+1:0:0:0:0, 1+1:0:0:0:0, 5+6:0:0:0:2, 3+5:0:0:0:0, 5+7:0:0:0:0, 3+2:0:0:0:0, 3+5:0:1:0:1, 1+1:0:0:0:0, 2+0:0:0:0:0, 2+2:0:0:0:0, 3+1:0:0:0:0, 2+3:0:0:0:0, 1+2:0:0:0:1, 2+2:0:0:0:0, 5+7:0:0:0:0, 5+3:0:0:0:0, 3+7:0:1:0:1, 2+4:0:0:0:0, 4+1:0:0:0:0, 3+2:0:0:0:0, 2+4:0:0:0:1, 0+0:0:0:0:0, 5+6:0:0:0:0, 3+1:0:0:0:0, 3+4:0:1:0:1, 0+3:0:0:0:0, 4+2:0:0:0:0, 2+1:0:0:0:0, 4+2:0:0:0:0, 3+2:0:0:0:0, 3+2:1:0:0:0, 7+4:2:0:0:0, 5+6:5:0:0:1, 4+2:1:1:0:1, 3+1:0:0:0:0, 1+1:0:0:0:0, 1+2:0:0:0:1, 2+4:0:0:0:0, 6+8:0:0:0:0, 4+2:0:0:0:0, 3+2:0:1:0:1, 3+4:0:0:0:0, 3+2:0:0:0:0, 4+2:0:0:0:0, 4+1:0:0:0:0, 4+3:0:0:0:0, 1+3:0:0:0:1, 0+0:0:0:0:0, 6+7:0:0:0:0, 4+3:0:0:0:0, 5+6:0:1:0:1, 1+2:0:0:0:0, 3+2:0:0:0:0, 3+3:0:0:0:0, 2+3:0:0:0:1, 2+1:0:0:0:0, 5+6:0:0:0:0, 4+3:0:0:0:0, 3+5:0:1:0:1, 0+2:0:0:0:0, 3+1:0:0:0:0, 3+2:0:0:0:0, 4+2:0:0:0:0, 3+2:0:0:0:0, 4+4:1:0:0:0, 5+4:1:0:0:0, 6+9:0:0:0:3, 3+1:0:0:0:0, 3+1:0:0:0:0, 2+2:0:0:0:0, 1+3:0:0:0:1, 2+4:1:0:0:1, 5+7:0:0:0:0, 4+2:0:0:0:0, 4+7:0:1:0:1, 4+4:0:0:0:0, 2+0:0:0:0:0, 3+0:0:0:0:0, 2+0:0:0:0:0, 4+5:0:0:0:0, 2+0:0:0:0:0, 9+7:2:0:0:3, 11+13:0:1:0:5, 3+1:0:0:0:0, 0+0:0:0:0:0, 572+562:21:19:0:63
A minor mel (0),  ,  ,  ,  ,  ,  ,  ,  ,  ,  ,  ,  ,  ,  ,  ,  ,  ,  ,  ,  ,  ,  ,  ,  ,  ,  ,  ,  ,  ,  ,  ,  ,  ,  ,  ,  ,  ,  ,  ,  ,  ,  ,  ,  ,  ,  ,  ,  ,  ,  ,  ,  ,  ,  ,  ,  ,  ,  ,  ,  ,  ,  ,  ,  ,  ,  ,  ,  ,  ,  ,  ,  ,  ,  ,  ,  ,  ,  ,  ,  ,  ,  ,  ,  ,  ,  ,  ,  ,  ,  ,  ,  ,  ,  ,  ,  ,  ,  ,  ,  ,  ,  ,  ,  ,  ,  ,  ,  ,  ,  ,  ,  ,  ,  ,  ,  ,  ,  ,  ,  ,  ,  ,  ,  ,  ,  ,  ,  ,  ,  ,  ,  ,  ,  ,  ,  ,  ,  ,  ,  ,  ,  ,  ,  ,  ,  ,  ,  ,  ,  ,  ,  ,  ,  ,  ,  ,  ,  ,  ,  ,  ,  ,  ,  ,  ,  ,  ,  ,  ,  ,  ,  ,  ,  ,  ,  ,  ,  , 0+0:0:0:0:0
C major blues (0),  ,  ,  ,  ,  ,  ,  ,  ,  ,  ,  ,  ,  ,  ,  ,  ,  ,  ,  ,  ,  ,  ,  ,  ,  ,  ,  ,  ,  ,  ,  ,  ,  ,  ,  ,  ,  ,  ,  ,  ,  ,  ,  ,  ,  ,  ,  ,  ,  ,  ,  ,  ,  ,  ,  ,  ,  ,  ,  ,  ,  ,  ,  ,  ,  ,  ,  ,  ,  ,  ,  ,  ,  ,  ,  ,  ,  ,  ,  ,  ,  ,  ,  ,  ,  ,  ,  ,  ,  ,  ,  ,  ,  ,  ,  ,  ,  ,  ,  ,  ,  ,  ,  ,  ,  ,  ,  ,  ,  ,  ,  ,  ,  ,  ,  ,  ,  ,  ,  ,  ,  ,  ,  ,  ,  ,  ,  ,  ,  ,  ,  ,  ,  ,  ,  ,  ,  ,  ,  ,  ,  ,  ,  ,  ,  ,  ,  ,  ,  ,  ,  ,  ,  ,  ,  ,  ,  ,  ,  ,  ,  ,  ,  ,  ,  ,  ,  ,  ,  ,  ,  ,  ,  ,  ,  ,  ,  ,  , 0+0:0:0:0:0
A minor blues (0),  ,  ,  ,  ,  ,  ,  ,  ,  ,  ,  ,  ,  ,  ,  ,  ,  ,  ,  ,  ,  ,  ,  ,  ,  ,  ,  ,  ,  ,  ,  ,  ,  ,  ,  ,  ,  ,  ,  ,  ,  ,  ,  ,  ,  ,  ,  ,  ,  ,  ,  ,  ,  ,  ,  ,  ,  ,  ,  ,  ,  ,  ,  ,  ,  ,  ,  ,  ,  ,  ,  ,  ,  ,  ,  ,  ,  ,  ,  ,  ,  ,  ,  ,  ,  ,  ,  ,  ,  ,  ,  ,  ,  ,  ,  ,  ,  ,  ,  ,  ,  ,  ,  ,  ,  ,  ,  ,  ,  ,  ,  ,  ,  ,  ,  ,  ,  ,  ,  ,  ,  ,  ,  ,  ,  ,  ,  ,  ,  ,  ,  ,  ,  ,  ,  ,  ,  ,  ,  ,  ,  ,  ,  ,  ,  ,  ,  ,  ,  ,  ,  ,  ,  ,  ,  ,  ,  ,  ,  ,  ,  ,  ,  ,  ,  ,  ,  ,  ,  ,  ,  ,  ,  ,  ,  ,  ,  ,  , 0+0:0:0:0:0
C dorian (0),  ,  ,  ,  ,  ,  ,  ,  ,  ,  ,  ,  ,  ,  ,  ,  ,  ,  ,  ,  ,  ,  ,  ,  ,  ,  ,  ,  ,  ,  ,  ,  ,  ,  ,  ,  ,  ,  ,  ,  ,  ,  ,  ,  ,  ,  ,  ,  ,  ,  ,  ,  ,  ,  ,  ,  ,  ,  ,  ,  ,  ,  ,  ,  ,  ,  ,  ,  ,  ,  ,  ,  ,  ,  ,  ,  ,  ,  ,  ,  ,  ,  ,  ,  ,  ,  ,  ,  ,  ,  ,  ,  ,  ,  ,  ,  ,  ,  ,  ,  ,  ,  ,  ,  ,  ,  ,  ,  ,  ,  ,  ,  ,  ,  ,  ,  ,  ,  ,  ,  ,  ,  ,  ,  ,  ,  ,  ,  ,  ,  ,  ,  ,  ,  ,  ,  ,  ,  ,  ,  ,  ,  ,  ,  ,  ,  ,  ,  ,  ,  ,  ,  ,  ,  ,  ,  ,  ,  ,  ,  ,  ,  ,  ,  ,  ,  ,  ,  ,  ,  ,  ,  ,  ,  ,  ,  ,  ,  , 0+0:0:0:0:0
C phrygian (0),  ,  ,  ,  ,  ,  ,  ,  ,  ,  ,  ,  ,  ,  ,  ,  ,  ,  ,  ,  ,  ,  ,  ,  ,  ,  ,  ,  ,  ,  ,  ,  ,  ,  ,  ,  ,  ,  ,  ,  ,  ,  ,  ,  ,  ,  ,  ,  ,  ,  ,  ,  ,  ,  ,  ,  ,  ,  ,  ,  ,  ,  ,  ,  ,  ,  ,  ,  ,  ,  ,  ,  ,  ,  ,  ,  ,  ,  ,  ,  ,  ,  ,  ,  ,  ,  ,  ,  ,  ,  ,  ,  ,  ,  ,  ,  ,  ,  ,  ,  ,  ,  ,  ,  ,  ,  ,  ,  ,  ,  ,  ,  ,  ,  ,  ,  ,  ,  ,  ,  ,  ,  ,  ,  ,  ,  ,  ,  ,  ,  ,  ,  ,  ,  ,  ,  ,  ,  ,  ,  ,  ,  ,  ,  ,  ,  ,  ,  ,  ,  ,  ,  ,  ,  ,  ,  ,  ,  ,  ,  ,  ,  ,  ,  ,  ,  ,  ,  ,  ,  ,  ,  ,  ,  ,  ,  ,  ,  , 0+0:0:0:0:0
C lydian (0),  ,  ,  ,  ,  ,  ,  ,  ,  ,  ,  ,  ,  ,  ,  ,  ,  ,  ,  ,  ,  ,  ,  ,  ,  ,  ,  ,  ,  ,  ,  ,  ,  ,  ,  ,  ,  ,  ,  ,  ,  ,  ,  ,  ,  ,  ,  ,  ,  ,  ,  ,  ,  ,  ,  ,  ,  ,  ,  ,  ,  ,  ,  ,  ,  ,  ,  ,  ,  ,  ,  ,  ,  ,  ,  ,  ,  ,  ,  ,  ,  ,  ,  ,  ,  ,  ,  ,  ,  ,  ,  ,  ,  ,  ,  ,  ,  ,  ,  ,  ,  ,  ,  ,  ,  ,  ,  ,  ,  ,  ,  ,  ,  ,  ,  ,  ,  ,  ,  ,  ,  ,  ,  ,  ,  ,  ,  ,  ,  ,  ,  ,  ,  ,  ,  ,  ,  ,  ,  ,  ,  ,  ,  ,  ,  ,  ,  ,  ,  ,  ,  ,  ,  ,  ,  ,  ,  ,  ,  ,  ,  ,  ,  ,  ,  ,  ,  ,  ,  ,  ,  ,  ,  ,  ,  ,  ,  ,  , 0+0:0:0:0:0
C mixolydian (0),  ,  ,  ,  ,  ,  ,  ,  ,  ,  ,  ,  ,  ,  ,  ,  ,  ,  ,  ,  ,  ,  ,  ,  ,  ,  ,  ,  ,  ,  ,  ,  ,  ,  ,  ,  ,  ,  ,  ,  ,  ,  ,  ,  ,  ,  ,  ,  ,  ,  ,  ,  ,  ,  ,  ,  ,  ,  ,  ,  ,  ,  ,  ,  ,  ,  ,  ,  ,  ,  ,  ,  ,  ,  ,  ,  ,  ,  ,  ,  ,  ,  ,  ,  ,  ,  ,  ,  ,  ,  ,  ,  ,  ,  ,  ,  ,  ,  ,  ,  ,  ,  ,  ,  ,  ,  ,  ,  ,  ,  ,  ,  ,  ,  ,  ,  ,  ,  ,  ,  ,  ,  ,  ,  ,  ,  ,  ,  ,  ,  ,  ,  ,  ,  ,  ,  ,  ,  ,  ,  ,  ,  ,  ,  ,  ,  ,  ,  ,  ,  ,  ,  ,  ,  ,  ,  ,  ,  ,  ,  ,  ,  ,  ,  ,  ,  ,  ,  ,  ,  ,  ,  ,  ,  ,  ,  ,  ,  , 0+0:0:0:0:0
C aeolian (0),  ,  ,  ,  ,  ,  ,  ,  ,  ,  ,  ,  ,  ,  ,  ,  ,  ,  ,  ,  ,  ,  ,  ,  ,  ,  ,  ,  ,  ,  ,  ,  ,  ,  ,  ,  ,  ,  ,  ,  ,  ,  ,  ,  ,  ,  ,  ,  ,  ,  ,  ,  ,  ,  ,  ,  ,  ,  ,  ,  ,  ,  ,  ,  ,  ,  ,  ,  ,  ,  ,  ,  ,  ,  ,  ,  ,  ,  ,  ,  ,  ,  ,  ,  ,  ,  ,  ,  ,  ,  ,  ,  ,  ,  ,  ,  ,  ,  ,  ,  ,  ,  ,  ,  ,  ,  ,  ,  ,  ,  ,  ,  ,  ,  ,  ,  ,  ,  ,  ,  ,  ,  ,  ,  ,  ,  ,  ,  ,  ,  ,  ,  ,  ,  ,  ,  ,  ,  ,  ,  ,  ,  ,  ,  ,  ,  ,  ,  ,  ,  ,  ,  ,  ,  ,  ,  ,  ,  ,  ,  ,  ,  ,  ,  ,  ,  ,  ,  ,  ,  ,  ,  ,  ,  ,  ,  ,  ,  , 0+0:0:0:0:0
C locrian (0),  ,  ,  ,  ,  ,  ,  ,  ,  ,  ,  ,  ,  ,  ,  ,  ,  ,  ,  ,  ,  ,  ,  ,  ,  ,  ,  ,  ,  ,  ,  ,  ,  ,  ,  ,  ,  ,  ,  ,  ,  ,  ,  ,  ,  ,  ,  ,  ,  ,  ,  ,  ,  ,  ,  ,  ,  ,  ,  ,  ,  ,  ,  ,  ,  ,  ,  ,  ,  ,  ,  ,  ,  ,  ,  ,  ,  ,  ,  ,  ,  ,  ,  ,  ,  ,  ,  ,  ,  ,  ,  ,  ,  ,  ,  ,  ,  ,  ,  ,  ,  ,  ,  ,  ,  ,  ,  ,  ,  ,  ,  ,  ,  ,  ,  ,  ,  ,  ,  ,  ,  ,  ,  ,  ,  ,  ,  ,  ,  ,  ,  ,  ,  ,  ,  ,  ,  ,  ,  ,  ,  ,  ,  ,  ,  ,  ,  ,  ,  ,  ,  ,  ,  ,  ,  ,  ,  ,  ,  ,  ,  ,  ,  ,  ,  ,  ,  ,  ,  ,  ,  ,  ,  ,  ,  ,  ,  ,  , 0+0:0:0:0:0
F major (1b), 0+1:0:0:0:0, 4+2:0:0:0:0, 1+0:0:0:0:0, 4+2:0:0:0:0, 1+0:0:0:0:0, 4+4:0:0:0:0, 3+2:0:0:0:0, 5+6:0:1:0:1, 1+0:0:0:0:0, 4+2:0:0:0:0, 1+0:0:0:0:0, 4+2:0:0:0:0, 1+0:0:0:0:0, 4+4:0:0:0:0, 3+2:0:0:0:0, 5+6:0:1:0:1, 1+1:0:0:0:0, 4+2:0:0:0:0, 3+2:0:0:0:0, 5+2:0:1:0:1, 3+1:0:0:0:0, 4+2:1:0:0:1, 6+3:1:0:0:1, 3+4:0:0:0:1, 2+2:0:0:0:0, 4+2:0:0:0:0, 1+0:0:0:0:0, 2+1:0:0:0:0, 1+0:0:0:0:0, 4+4:0:0:0:0, 3+2:0:0:0:0, 5+3:0:1:0:1, 2+1:0:0:0:0, 2+0:0:0:0:0, 0+0:0:0:0:0, 7+5:0:0:0:1, 4+7:0:0:0:4, 7+7:0:0:0:2, 2+3:0:0:0:0, 5+3:0:0:0:0, 5+4:0:1:0:1, 8+8:0:1:0:1, 3+2:0:0:0:0, 6+6:0:0:0:4, 4+6:0:0:0:4, 3+5:0:0:0:3, 2+4:0:0:0:0, 5+3:0:0:0:0, 3+1:0:0:0:0, 8+4:0:1:0:1, 1+0:0:0:0:0, 6+2:0:1:0:1, 4+1:0:0:0:1, 7+3:0:0:0:2, 4+5:0:0:0:0, 7+9:0:0:0:2, 5+3:1:0:0:0, 4+6:0:0:0:0, 7+5:1:0:0:2, 8+6:0:0:0:1, 3+5:1:0:0:4, 3+1:0:0:0:0, 1+2:0:0:0:0, 4+4:0:0:0:0, 3+2:0:0:0:0, 5+2:0:1:0:1, 1+1:0:0:0:0, 2+1:0:0:0:0, 1+0:0:0:0:0, 4+3:0:0:0:0, 1+0:0:0:0:0, 2+1:0:0:0:0, 1+0:0:0:0:0, 4+2:0:0:0:0, 3+1:0:0:0:0, 5+6:0:1:0:1, 2+1:0:0:0:0, 5+3:0:0:0:0, 3+1:0:0:0:1, 3+1:0:0:0:0, 2+1:0:0:0:0, 5+2:0:0:0:0, 4+2:0:0:0:0, 5+6:0:2:0:2, 1+3:0:0:0:0, 6+3:0:0:0:0, 3+1:0:0:0:0, 5+1:0:0:0:0, 3+3:0:0:0:0, 5+3:2:0:0:0, 6+3:1:0:0:0, 4+4:0:0:0:1, 3+2:1:0:0:1, 5+2:0:0:0:0, 1+0:0:0:0:0, 6+3:0:0:0:1, 1+1:0:0:0:0, 4+3:0:0:0:0, 3+2:0:0:0:0, 4+5:0:1:0:1, 0+0:0:0:0:0, 2+3:0:0:0:0, 1+0:0:0:0:0, 4+4:0:0:0:0, 3+1:0:0:0:0, 2+1:0:0:0:0, 3+2:0:0:0:0, 4+4:0:0:0:0, 4+3:0:0:0:0, 4+7:0:1:0:1, 3+1:0:0:0:0, 5+3:0:0:0:0, 4+1:0:0:0:1, 3+2:0:0:0:0, 1+0:0:0:0:0, 4+3:0:0:0:0, 3+2:0:0:0:0, 4+6:0:1:0:1, 1+2:0:0:0:0, 5+3:0:0:0:0, 3+1:0:0:0:0, 5+2:0:0:0:0, 4+2:0:0:0:0, 4+1:1:0:0:0, 7+4:2:0:0:0, 6+6:5:0:0:1, 3+2:1:1:0:1, 4+3:0:0:0:0, 1+0:0:0:0:0, 2+1:0:0:0:0, 1+1:0:0:0:0, 5+2:0:0:0:0, 3+2:0:0:0:0, 4+5:0:1:0:1, 1+1:1:0:0:1, 2+2:0:0:0:0, 3+1:0:0:0:0, 5+3:0:0:0:0, 5+4:0:0:0:1, 2+4:0:0:0:0, 1+3:0:0:0:0, 5+3:0:0:0:0, 3+2:0:0:0:0, 6+6:0:1:0:1, 2+1:0:0:0:0, 4+6:0:0:0:2, 3+3:0:0:0:0, 3+2:0:0:0:0, 3+2:0:0:0:0, 4+3:0:0:0:0, 3+2:0:0:0:0, 4+5:0:1:0:1, 1+0:0:0:0:0, 4+1:0:0:0:0, 4+0:0:0:0:0, 5+2:0:0:0:0, 4+2:0:0:0:0, 5+1:1:0:0:0, 5+3:1:0:0:0, 7+7:0:0:0:1, 2+2:2:0:0:2, 4+2:0:0:0:0, 2+1:0:0:0:1, 2+1:0:0:0:0, 1+1:1:0:0:1, 4+4:0:0:0:0, 5+4:0:0:0:0, 5+4:0:1:0:1, 3+1:0:0:0:0, 2+1:0:0:0:0, 2+0:0:0:0:0, 2+1:0:0:0:0, 5+5:0:0:0:0, 2+1:0:0:0:0, 8+6:2:0:0:2, 12+13:0:1:0:7, 2+1:0:0:0:0, 0+0:0:0:0:0, 626+457:26:21:0:77
G major (1#), 1+0:0:0:0:0, 2+1:0:0:0:0, 0+0:0:0:0:0, 4+2:0:0:0:0, 1+0:0:0:0:0, 6+7:0:0:0:0, 4+1:0:0:0:0, 5+6:0:1:0:1, 1+0:0:0:0:0, 2+1:0:0:0:0, 0+0:0:0:0:0, 4+6:0:0:0:0, 1+1:0:0:0:0, 6+5:0:0:0:0, 4+5:0:0:0:0, 5+8:0:1:0:1, 0+0:0:0:0:0, 2+0:0:0:0:0, 2+0:0:0:0:0, 3+1:0:1:0:1, 2+0:0:0:0:0, 3+2:1:0:0:1, 5+3:1:0:0:1, 3+4:0:0:0:1, 4+2:0:0:0:0, 2+2:0:0:0:0, 0+0:0:0:0:0, 2+1:0:0:0:0, 1+0:0:0:0:0, 6+7:0:0:0:0, 4+1:0:0:0:0, 5+6:0:1:0:1, 4+2:0:0:0:0, 3+0:0:0:0:0, 1+0:0:0:0:0, 5+3:0:0:0:1, 2+4:0:0:0:4, 7+6:0:0:0:2, 2+2:0:0:0:0, 7+8:0:0:0:0, 8+5:0:0:0:0, 8+7:0:1:0:1, 2+1:0:0:0:0, 4+5:0:0:0:4, 2+5:0:0:0:4, 3+4:0:0:0:3, 2+1:0:0:0:0, 7+6:0:0:0:0, 5+3:0:0:0:0, 8+4:0:1:0:1, 0+0:0:0:0:0, 4+2:0:1:0:1, 3+1:0:1:0:1, 5+2:0:0:0:0, 2+0:0:0:0:0, 7+5:0:0:0:2, 4+3:1:0:0:0, 4+7:0:0:0:0, 7+7:1:0:0:1, 6+4:0:0:0:1, 3+5:0:0:0:5, 3+1:0:0:0:0, 3+2:0:0:0:0, 6+4:0:0:0:0, 5+3:0:0:0:0, 5+2:0:1:0:1, 3+1:0:0:0:0, 3+0:0:0:0:0, 1+0:0:0:0:0, 2+1:0:0:0:0, 0+0:0:0:0:0, 2+1:0:0:0:0, 1+0:0:0:0:0, 6+6:0:0:0:0, 5+2:0:0:0:0, 5+6:0:1:0:1, 2+1:0:0:0:0, 3+2:0:0:0:0, 1+1:0:0:0:1, 3+4:0:0:0:0, 2+2:0:0:0:0, 7+6:0:0:0:0, 6+4:0:0:0:0, 5+7:0:1:0:2, 0+1:0:0:0:0, 4+1:0:0:0:0, 2+0:0:0:0:0, 3+0:0:0:0:0, 2+0:0:0:0:0, 4+3:2:0:0:0, 5+3:1:0:0:0, 3+4:0:0:0:0, 5+2:1:0:0:1, 3+2:0:0:0:0, 0+0:0:0:0:0, 6+3:0:0:0:1, 3+1:0:0:0:0, 6+3:0:0:0:0, 4+2:0:0:0:0, 4+5:0:1:0:1, 2+1:0:0:0:0, 3+0:0:0:0:0, 3+2:0:0:0:0, 2+1:0:0:0:0, 1+1:0:0:0:0, 2+1:0:0:0:0, 3+2:0:0:0:0, 6+7:0:0:0:0, 6+3:0:0:0:0, 4+7:0:1:0:1, 2+1:0:0:0:0, 3+1:0:0:0:0, 2+1:0:0:0:1, 3+6:0:0:0:0, 1+1:0:0:0:0, 6+4:0:0:0:0, 4+5:0:0:0:0, 4+6:0:1:0:1, 0+1:0:0:0:0, 3+0:0:0:0:0, 2+0:0:0:0:0, 3+1:0:0:0:0, 2+0:0:0:0:0, 2+1:1:0:0:0, 6+4:2:0:0:0, 4+6:5:0:0:1, 5+2:1:1:0:1, 2+3:0:0:0:0, 0+0:0:0:0:0, 2+1:0:0:0:0, 3+2:0:0:0:0, 7+4:0:0:0:1, 5+5:0:0:0:0, 4+7:0:1:0:1, 4+4:0:0:0:0, 4+2:0:0:0:0, 5+2:0:0:0:0, 3+1:0:0:0:0, 5+3:0:0:0:1, 2+1:0:0:0:0, 1+0:0:0:0:0, 7+7:0:0:0:0, 5+3:0:0:0:0, 6+6:0:1:0:1, 2+1:0:0:0:0, 2+3:0:0:0:2, 2+1:0:0:0:0, 3+5:0:0:0:0, 3+2:0:0:0:0, 6+4:0:0:0:0, 5+4:0:0:0:0, 4+8:0:1:0:1, 0+0:0:0:0:0, 2+0:0:0:0:0, 3+1:0:0:0:0, 3+0:0:0:0:0, 3+0:0:0:0:0, 3+1:1:0:0:0, 4+3:1:0:0:0, 6+7:0:0:0:0, 4+2:2:0:0:2, 2+2:0:0:0:0, 1+1:0:0:0:1, 2+1:0:0:0:0, 3+1:1:0:0:1, 6+4:0:0:0:0, 5+2:0:0:0:0, 5+7:0:1:0:1, 3+4:1:0:0:1, 3+0:0:0:0:0, 3+0:0:0:0:0, 3+0:0:0:0:0, 3+4:4:0:0:2, 3+0:0:0:0:0, 8+6:2:0:0:2, 12+12:0:1:0:7, 4+1:0:0:0:0, 0+0:0:0:0:0, 618+463:29:20:0:75
D minor (1b), 0+0:0:0:0:0, 4+2:0:0:0:0, 1+1:0:0:0:0, 4+3:0:0:0:0, 1+1:0:0:0:0, 4+4:0:0:0:0, 3+2:0:0:0:0, 5+6:0:1:0:1, 1+1:0:0:0:0, 4+2:0:0:0:0, 1+1:0:0:0:0, 4+3:0:0:0:0, 1+1:0:0:0:0, 4+4:0:0:0:0, 3+2:0:0:0:0, 5+3:0:1:0:1, 1+2:0:0:0:0, 4+2:0:0:0:0, 3+0:0:0:0:0, 5+2:0:1:0:1, 3+1:0:0:0:0, 4+2:1:0:0:1, 6+3:1:0:0:1, 3+4:0:0:0:1, 2+2:0:0:0:0, 4+2:0:0:0:0, 1+1:0:0:0:0, 2+2:0:0:0:0, 1+1:0:0:0:0, 4+4:0:0:0:0, 3+2:0:0:0:0, 5+3:0:1:0:1, 2+2:0:0:0:0, 2+0:0:0:0:0, 0+0:0:0:0:0, 7+3:0:0:0:1, 4+7:0:0:0:4, 7+7:0:0:0:2, 2+3:0:0:0:0, 5+3:0:0:0:0, 5+4:0:1:0:1, 8+8:0:1:0:1, 3+2:0:0:0:0, 6+6:0:0:0:4, 4+6:0:0:0:4, 3+5:0:0:0:3, 2+4:0:0:0:0, 5+3:0:0:0:0, 3+1:0:0:0:0, 8+4:0:1:0:1, 1+2:0:0:0:0, 6+2:0:1:0:1, 4+1:0:0:0:1, 7+3:0:0:0:2, 4+5:0:0:0:0, 7+9:0:0:0:2, 5+3:1:0:0:0, 4+5:0:0:0:0, 7+5:1:0:0:2, 8+6:0:0:0:1, 3+6:1:0:0:4, 3+3:0:0:0:1, 1+6:0:0:0:0, 4+4:0:0:0:0, 3+2:0:0:0:0, 5+2:0:1:0:1, 1+1:0:0:0:0, 2+0:0:0:0:0, 1+0:0:0:0:0, 4+1:0:0:0:0, 1+2:0:0:0:0, 2+2:0:0:0:0, 1+1:0:0:0:0, 4+2:0:0:0:0, 3+1:0:0:0:0, 5+6:0:1:0:1, 2+2:0:0:0:0, 5+3:0:0:0:0, 3+2:0:0:0:1, 3+2:0:0:0:0, 2+3:0:0:0:0, 5+2:0:0:0:0, 4+3:0:0:0:0, 5+6:0:1:0:5, 1+3:0:0:0:0, 6+3:0:0:0:0, 3+0:0:0:0:0, 5+1:0:0:0:0, 3+3:0:0:0:0, 5+3:2:0:0:0, 6+3:1:0:0:0, 5+5:0:0:0:2, 3+3:0:0:0:0, 5+2:0:0:0:0, 1+0:0:0:0:0, 6+3:0:0:0:1, 1+1:0:0:0:0, 4+3:0:0:0:0, 3+2:0:0:0:0, 4+5:0:1:0:1, 0+0:0:0:0:0, 2+3:0:0:0:0, 1+2:0:0:0:0, 4+1:0:0:0:0, 3+3:0:0:0:0, 2+3:0:0:0:0, 3+2:0:0:0:0, 4+4:0:0:0:0, 4+3:0:0:0:0, 4+9:0:1:0:1, 3+3:0:0:0:0, 5+3:0:0:0:0, 4+2:0:0:0:1, 3+3:0:0:0:0, 1+3:0:0:0:0, 4+3:0:0:0:0, 3+2:0:0:0:0, 4+4:0:1:0:1, 1+3:0:0:0:0, 5+2:0:0:0:0, 3+0:0:0:0:0, 5+2:0:0:0:0, 4+2:0:0:0:0, 4+1:1:0:0:0, 7+4:2:0:0:0, 7+7:4:0:0:0, 3+2:1:1:0:1, 4+3:0:0:0:0, 1+0:0:0:0:0, 2+1:0:0:0:0, 1+1:0:0:0:0, 5+2:0:0:0:0, 3+2:0:0:0:0, 4+2:0:1:0:1, 2+4:0:0:0:0, 2+2:0:0:0:0, 3+2:0:0:0:0, 5+1:0:0:0:0, 5+3:0:0:0:0, 2+3:0:0:0:1, 1+0:0:0:0:0, 5+3:0:0:0:0, 3+2:0:0:0:0, 6+8:0:1:0:1, 2+2:0:0:0:0, 4+4:0:0:0:0, 3+3:0:0:0:0, 3+2:0:0:0:0, 3+2:0:0:0:0, 4+3:0:0:0:0, 3+2:0:0:0:0, 4+5:0:1:0:1, 1+2:0:0:0:0, 4+1:0:0:0:0, 4+0:0:0:0:0, 5+0:0:0:0:0, 4+0:0:0:0:0, 5+1:1:0:0:0, 5+3:1:0:0:0, 7+9:0:0:0:3, 2+1:0:0:0:0, 4+2:0:0:0:0, 2+1:0:0:0:1, 2+1:0:0:0:0, 1+1:1:0:0:1, 4+4:0:0:0:0, 5+4:0:0:0:0, 5+4:0:1:0:1, 3+1:0:0:0:0, 2+1:0:0:0:0, 2+0:0:0:0:0, 2+0:0:0:0:0, 5+4:4:0:0:2, 2+0:0:0:0:0, 8+7:2:0:0:3, 12+13:0:1:0:5, 2+1:0:0:0:0, 0+0:0:0:0:0, 629+479:25:20:0:78
E minor (1#), 1+1:0:0:0:0, 2+4:0:0:0:0, 0+1:0:0:0:0, 4+5:0:0:0:0, 1+1:0:0:0:0, 6+5:0:0:0:0, 4+5:0:0:0:0, 5+8:0:1:0:1, 1+1:0:0:0:0, 2+4:0:0:0:0, 0+1:0:0:0:0, 4+4:0:0:0:1, 1+1:0:0:0:0, 6+7:0:0:0:0, 4+1:0:0:0:0, 5+8:0:1:0:5, 0+0:0:0:0:0, 2+0:0:0:0:0, 2+0:0:0:0:0, 3+1:0:1:0:1, 2+0:0:0:0:0, 3+3:1:0:0:1, 5+4:1:0:0:1, 3+4:0:0:0:0, 4+2:1:0:0:1, 2+4:0:0:0:0, 0+1:0:0:0:0, 2+5:0:0:0:0, 1+1:0:0:0:0, 6+5:0:0:0:0, 4+4:0:0:0:0, 5+8:0:1:0:1, 4+2:0:0:0:0, 3+1:0:0:0:0, 1+1:0:0:0:0, 5+7:0:0:0:1, 2+4:0:0:0:0, 7+9:0:0:0:2, 2+4:0:0:0:0, 7+6:0:0:0:0, 7+4:0:1:0:0, 8+8:0:1:0:1, 2+1:0:0:0:0, 4+7:0:0:0:4, 2+6:0:0:0:0, 3+6:0:0:0:3, 2+3:0:0:0:0, 7+4:0:0:0:0, 5+4:0:0:0:0, 7+8:0:2:0:1, 0+0:0:0:0:0, 4+2:0:1:0:1, 3+1:0:1:0:0, 5+2:0:0:0:0, 2+0:0:0:0:0, 7+5:0:0:0:2, 4+3:1:0:0:0, 4+7:0:0:0:0, 7+7:1:0:0:1, 6+8:0:0:0:1, 3+7:0:0:0:0, 3+3:0:0:0:1, 3+6:0:0:0:0, 6+9:0:0:0:0, 5+3:0:0:0:0, 5+2:0:1:0:1, 3+2:0:0:0:0, 3+2:0:0:0:0, 1+0:0:0:0:0, 2+3:0:0:0:0, 0+1:0:0:0:0, 2+5:0:0:0:0, 1+1:0:0:0:0, 6+4:0:0:0:0, 5+3:0:0:0:0, 5+8:0:1:0:1, 2+2:0:0:0:0, 3+5:0:0:0:0, 1+2:0:0:0:0, 3+2:0:0:0:1, 2+4:0:0:0:1, 7+8:0:0:0:0, 6+6:0:0:0:1, 5+6:0:1:0:5, 0+1:0:0:0:0, 4+1:0:0:0:0, 2+0:0:0:0:0, 3+0:0:0:0:0, 2+0:0:0:0:0, 4+4:2:0:0:0, 5+3:1:0:0:0, 4+5:0:0:0:1, 5+2:1:0:0:1, 3+6:0:0:0:0, 0+1:0:0:0:0, 6+6:0:0:0:2, 4+5:0:0:0:0, 6+7:0:0:0:0, 4+2:0:0:0:0, 4+9:0:1:0:5, 2+1:0:0:0:0, 3+3:0:0:0:0, 3+2:0:0:0:0, 2+3:0:0:0:0, 1+3:0:0:0:0, 2+4:0:0:0:0, 3+3:0:0:0:0, 6+6:0:0:0:0, 6+5:0:0:0:1, 4+12:0:1:0:1, 2+1:0:0:0:0, 3+4:0:0:0:0, 2+2:0:0:0:0, 3+4:0:0:0:1, 1+1:0:0:0:0, 6+6:0:0:0:0, 4+1:0:0:0:0, 4+7:0:1:0:4, 0+1:0:0:0:0, 3+0:0:0:0:0, 2+0:0:0:0:0, 3+1:0:0:0:0, 2+0:0:0:0:0, 2+3:1:0:0:1, 6+6:2:0:0:3, 4+8:5:0:0:5, 6+6:0:0:0:1, 2+4:0:0:0:0, 0+1:0:0:0:0, 2+2:0:0:0:1, 3+4:0:0:0:0, 7+5:0:0:0:0, 5+5:0:0:0:0, 4+7:0:1:0:1, 4+4:0:0:0:0, 4+4:0:0:0:0, 4+2:2:0:0:2, 3+4:0:0:0:0, 4+4:0:2:0:3, 2+5:0:0:0:0, 1+1:0:0:0:0, 7+5:0:0:0:0, 5+4:0:0:0:0, 6+9:0:1:0:1, 1+1:0:1:0:1, 2+5:0:0:0:0, 2+3:0:0:0:0, 3+3:0:0:0:1, 3+3:0:0:0:0, 6+6:0:0:0:0, 5+3:0:0:0:0, 4+8:0:1:0:5, 0+0:0:0:0:0, 2+0:0:0:0:0, 3+0:0:0:0:0, 3+0:0:0:0:0, 3+0:0:0:0:0, 3+3:1:0:0:0, 4+3:1:0:0:0, 6+9:0:0:0:2, 4+3:2:0:0:2, 2+3:0:0:0:0, 1+2:0:0:0:0, 2+3:0:0:0:1, 3+4:1:0:0:1, 6+7:0:0:0:0, 5+2:0:0:0:0, 6+7:0:1:0:4, 3+4:1:0:0:1, 3+0:0:0:0:0, 4+4:0:0:0:2, 3+0:0:0:0:0, 3+4:4:0:0:2, 3+0:0:0:0:0, 8+7:2:0:0:3, 12+13:0:1:0:5, 4+1:0:0:0:0, 0+0:0:0:0:0, 618+639:31:24:0:104
D minor mel (1b),  ,  ,  ,  ,  ,  ,  ,  ,  ,  ,  ,  ,  ,  ,  ,  ,  ,  ,  ,  ,  ,  ,  ,  ,  ,  ,  ,  ,  ,  ,  ,  ,  ,  ,  ,  ,  ,  ,  ,  ,  ,  ,  ,  ,  ,  ,  ,  ,  ,  ,  ,  ,  ,  ,  ,  ,  ,  ,  ,  ,  ,  ,  ,  ,  ,  ,  ,  ,  ,  ,  ,  ,  ,  ,  ,  ,  ,  ,  ,  ,  ,  ,  ,  ,  ,  ,  ,  ,  ,  ,  ,  ,  ,  ,  ,  ,  ,  ,  ,  ,  ,  ,  ,  ,  ,  ,  ,  ,  ,  ,  ,  ,  ,  ,  ,  ,  ,  ,  ,  ,  ,  ,  ,  ,  ,  ,  ,  ,  ,  ,  ,  ,  ,  ,  ,  ,  ,  ,  ,  ,  ,  ,  ,  ,  ,  ,  ,  ,  ,  ,  ,  ,  ,  ,  ,  ,  ,  ,  ,  ,  ,  ,  ,  ,  ,  ,  ,  ,  ,  ,  ,  ,  ,  ,  ,  ,  ,  , 0+0:0:0:0:0
E minor mel (1#),  ,  ,  ,  ,  ,  ,  ,  ,  ,  ,  ,  ,  ,  ,  ,  ,  ,  ,  ,  ,  ,  ,  ,  ,  ,  ,  ,  ,  ,  ,  ,  ,  ,  ,  ,  ,  ,  ,  ,  ,  ,  ,  ,  ,  ,  ,  ,  ,  ,  ,  ,  ,  ,  ,  ,  ,  ,  ,  ,  ,  ,  ,  ,  ,  ,  ,  ,  ,  ,  ,  ,  ,  ,  ,  ,  ,  ,  ,  ,  ,  ,  ,  ,  ,  ,  ,  ,  ,  ,  ,  ,  ,  ,  ,  ,  ,  ,  ,  ,  ,  ,  ,  ,  ,  ,  ,  ,  ,  ,  ,  ,  ,  ,  ,  ,  ,  ,  ,  ,  ,  ,  ,  ,  ,  ,  ,  ,  ,  ,  ,  ,  ,  ,  ,  ,  ,  ,  ,  ,  ,  ,  ,  ,  ,  ,  ,  ,  ,  ,  ,  ,  ,  ,  ,  ,  ,  ,  ,  ,  ,  ,  ,  ,  ,  ,  ,  ,  ,  ,  ,  ,  ,  ,  ,  ,  ,  ,  , 0+0:0:0:0:0
F major blues (1b),  ,  ,  ,  ,  ,  ,  ,  ,  ,  ,  ,  ,  ,  ,  ,  ,  ,  ,  ,  ,  ,  ,  ,  ,  ,  ,  ,  ,  ,  ,  ,  ,  ,  ,  ,  ,  ,  ,  ,  ,  ,  ,  ,  ,  ,  ,  ,  ,  ,  ,  ,  ,  ,  ,  ,  ,  ,  ,  ,  ,  ,  ,  ,  ,  ,  ,  ,  ,  ,  ,  ,  ,  ,  ,  ,  ,  ,  ,  ,  ,  ,  ,  ,  ,  ,  ,  ,  ,  ,  ,  ,  ,  ,  ,  ,  ,  ,  ,  ,  ,  ,  ,  ,  ,  ,  ,  ,  ,  ,  ,  ,  ,  ,  ,  ,  ,  ,  ,  ,  ,  ,  ,  ,  ,  ,  ,  ,  ,  ,  ,  ,  ,  ,  ,  ,  ,  ,  ,  ,  ,  ,  ,  ,  ,  ,  ,  ,  ,  ,  ,  ,  ,  ,  ,  ,  ,  ,  ,  ,  ,  ,  ,  ,  ,  ,  ,  ,  ,  ,  ,  ,  ,  ,  ,  ,  ,  ,  , 0+0:0:0:0:0
G major blues (1#),  ,  ,  ,  ,  ,  ,  ,  ,  ,  ,  ,  ,  ,  ,  ,  ,  ,  ,  ,  ,  ,  ,  ,  ,  ,  ,  ,  ,  ,  ,  ,  ,  ,  ,  ,  ,  ,  ,  ,  ,  ,  ,  ,  ,  ,  ,  ,  ,  ,  ,  ,  ,  ,  ,  ,  ,  ,  ,  ,  ,  ,  ,  ,  ,  ,  ,  ,  ,  ,  ,  ,  ,  ,  ,  ,  ,  ,  ,  ,  ,  ,  ,  ,  ,  ,  ,  ,  ,  ,  ,  ,  ,  ,  ,  ,  ,  ,  ,  ,  ,  ,  ,  ,  ,  ,  ,  ,  ,  ,  ,  ,  ,  ,  ,  ,  ,  ,  ,  ,  ,  ,  ,  ,  ,  ,  ,  ,  ,  ,  ,  ,  ,  ,  ,  ,  ,  ,  ,  ,  ,  ,  ,  ,  ,  ,  ,  ,  ,  ,  ,  ,  ,  ,  ,  ,  ,  ,  ,  ,  ,  ,  ,  ,  ,  ,  ,  ,  ,  ,  ,  ,  ,  ,  ,  ,  ,  ,  , 0+0:0:0:0:0
D minor blues (1b),  ,  ,  ,  ,  ,  ,  ,  ,  ,  ,  ,  ,  ,  ,  ,  ,  ,  ,  ,  ,  ,  ,  ,  ,  ,  ,  ,  ,  ,  ,  ,  ,  ,  ,  ,  ,  ,  ,  ,  ,  ,  ,  ,  ,  ,  ,  ,  ,  ,  ,  ,  ,  ,  ,  ,  ,  ,  ,  ,  ,  ,  ,  ,  ,  ,  ,  ,  ,  ,  ,  ,  ,  ,  ,  ,  ,  ,  ,  ,  ,  ,  ,  ,  ,  ,  ,  ,  ,  ,  ,  ,  ,  ,  ,  ,  ,  ,  ,  ,  ,  ,  ,  ,  ,  ,  ,  ,  ,  ,  ,  ,  ,  ,  ,  ,  ,  ,  ,  ,  ,  ,  ,  ,  ,  ,  ,  ,  ,  ,  ,  ,  ,  ,  ,  ,  ,  ,  ,  ,  ,  ,  ,  ,  ,  ,  ,  ,  ,  ,  ,  ,  ,  ,  ,  ,  ,  ,  ,  ,  ,  ,  ,  ,  ,  ,  ,  ,  ,  ,  ,  ,  ,  ,  ,  ,  ,  ,  , 0+0:0:0:0:0
E minor blues (1#),  ,  ,  ,  ,  ,  ,  ,  ,  ,  ,  ,  ,  ,  ,  ,  ,  ,  ,  ,  ,  ,  ,  ,  ,  ,  ,  ,  ,  ,  ,  ,  ,  ,  ,  ,  ,  ,  ,  ,  ,  ,  ,  ,  ,  ,  ,  ,  ,  ,  ,  ,  ,  ,  ,  ,  ,  ,  ,  ,  ,  ,  ,  ,  ,  ,  ,  ,  ,  ,  ,  ,  ,  ,  ,  ,  ,  ,  ,  ,  ,  ,  ,  ,  ,  ,  ,  ,  ,  ,  ,  ,  ,  ,  ,  ,  ,  ,  ,  ,  ,  ,  ,  ,  ,  ,  ,  ,  ,  ,  ,  ,  ,  ,  ,  ,  ,  ,  ,  ,  ,  ,  ,  ,  ,  ,  ,  ,  ,  ,  ,  ,  ,  ,  ,  ,  ,  ,  ,  ,  ,  ,  ,  ,  ,  ,  ,  ,  ,  ,  ,  ,  ,  ,  ,  ,  ,  ,  ,  ,  ,  ,  ,  ,  ,  ,  ,  ,  ,  ,  ,  ,  ,  ,  ,  ,  ,  ,  , 0+0:0:0:0:0
F dorian (1b),  ,  ,  ,  ,  ,  ,  ,  ,  ,  ,  ,  ,  ,  ,  ,  ,  ,  ,  ,  ,  ,  ,  ,  ,  ,  ,  ,  ,  ,  ,  ,  ,  ,  ,  ,  ,  ,  ,  ,  ,  ,  ,  ,  ,  ,  ,  ,  ,  ,  ,  ,  ,  ,  ,  ,  ,  ,  ,  ,  ,  ,  ,  ,  ,  ,  ,  ,  ,  ,  ,  ,  ,  ,  ,  ,  ,  ,  ,  ,  ,  ,  ,  ,  ,  ,  ,  ,  ,  ,  ,  ,  ,  ,  ,  ,  ,  ,  ,  ,  ,  ,  ,  ,  ,  ,  ,  ,  ,  ,  ,  ,  ,  ,  ,  ,  ,  ,  ,  ,  ,  ,  ,  ,  ,  ,  ,  ,  ,  ,  ,  ,  ,  ,  ,  ,  ,  ,  ,  ,  ,  ,  ,  ,  ,  ,  ,  ,  ,  ,  ,  ,  ,  ,  ,  ,  ,  ,  ,  ,  ,  ,  ,  ,  ,  ,  ,  ,  ,  ,  ,  ,  ,  ,  ,  ,  ,  ,  , 0+0:0:0:0:0
G dorian (1#),  ,  ,  ,  ,  ,  ,  ,  ,  ,  ,  ,  ,  ,  ,  ,  ,  ,  ,  ,  ,  ,  ,  ,  ,  ,  ,  ,  ,  ,  ,  ,  ,  ,  ,  ,  ,  ,  ,  ,  ,  ,  ,  ,  ,  ,  ,  ,  ,  ,  ,  ,  ,  ,  ,  ,  ,  ,  ,  ,  ,  ,  ,  ,  ,  ,  ,  ,  ,  ,  ,  ,  ,  ,  ,  ,  ,  ,  ,  ,  ,  ,  ,  ,  ,  ,  ,  ,  ,  ,  ,  ,  ,  ,  ,  ,  ,  ,  ,  ,  ,  ,  ,  ,  ,  ,  ,  ,  ,  ,  ,  ,  ,  ,  ,  ,  ,  ,  ,  ,  ,  ,  ,  ,  ,  ,  ,  ,  ,  ,  ,  ,  ,  ,  ,  ,  ,  ,  ,  ,  ,  ,  ,  ,  ,  ,  ,  ,  ,  ,  ,  ,  ,  ,  ,  ,  ,  ,  ,  ,  ,  ,  ,  ,  ,  ,  ,  ,  ,  ,  ,  ,  ,  ,  ,  ,  ,  ,  , 0+0:0:0:0:0
F phrygian (1b),  ,  ,  ,  ,  ,  ,  ,  ,  ,  ,  ,  ,  ,  ,  ,  ,  ,  ,  ,  ,  ,  ,  ,  ,  ,  ,  ,  ,  ,  ,  ,  ,  ,  ,  ,  ,  ,  ,  ,  ,  ,  ,  ,  ,  ,  ,  ,  ,  ,  ,  ,  ,  ,  ,  ,  ,  ,  ,  ,  ,  ,  ,  ,  ,  ,  ,  ,  ,  ,  ,  ,  ,  ,  ,  ,  ,  ,  ,  ,  ,  ,  ,  ,  ,  ,  ,  ,  ,  ,  ,  ,  ,  ,  ,  ,  ,  ,  ,  ,  ,  ,  ,  ,  ,  ,  ,  ,  ,  ,  ,  ,  ,  ,  ,  ,  ,  ,  ,  ,  ,  ,  ,  ,  ,  ,  ,  ,  ,  ,  ,  ,  ,  ,  ,  ,  ,  ,  ,  ,  ,  ,  ,  ,  ,  ,  ,  ,  ,  ,  ,  ,  ,  ,  ,  ,  ,  ,  ,  ,  ,  ,  ,  ,  ,  ,  ,  ,  ,  ,  ,  ,  ,  ,  ,  ,  ,  ,  , 0+0:0:0:0:0
G phrygian (1#),  ,  ,  ,  ,  ,  ,  ,  ,  ,  ,  ,  ,  ,  ,  ,  ,  ,  ,  ,  ,  ,  ,  ,  ,  ,  ,  ,  ,  ,  ,  ,  ,  ,  ,  ,  ,  ,  ,  ,  ,  ,  ,  ,  ,  ,  ,  ,  ,  ,  ,  ,  ,  ,  ,  ,  ,  ,  ,  ,  ,  ,  ,  ,  ,  ,  ,  ,  ,  ,  ,  ,  ,  ,  ,  ,  ,  ,  ,  ,  ,  ,  ,  ,  ,  ,  ,  ,  ,  ,  ,  ,  ,  ,  ,  ,  ,  ,  ,  ,  ,  ,  ,  ,  ,  ,  ,  ,  ,  ,  ,  ,  ,  ,  ,  ,  ,  ,  ,  ,  ,  ,  ,  ,  ,  ,  ,  ,  ,  ,  ,  ,  ,  ,  ,  ,  ,  ,  ,  ,  ,  ,  ,  ,  ,  ,  ,  ,  ,  ,  ,  ,  ,  ,  ,  ,  ,  ,  ,  ,  ,  ,  ,  ,  ,  ,  ,  ,  ,  ,  ,  ,  ,  ,  ,  ,  ,  ,  , 0+0:0:0:0:0
F lydian (1b),  ,  ,  ,  ,  ,  ,  ,  ,  ,  ,  ,  ,  ,  ,  ,  ,  ,  ,  ,  ,  ,  ,  ,  ,  ,  ,  ,  ,  ,  ,  ,  ,  ,  ,  ,  ,  ,  ,  ,  ,  ,  ,  ,  ,  ,  ,  ,  ,  ,  ,  ,  ,  ,  ,  ,  ,  ,  ,  ,  ,  ,  ,  ,  ,  ,  ,  ,  ,  ,  ,  ,  ,  ,  ,  ,  ,  ,  ,  ,  ,  ,  ,  ,  ,  ,  ,  ,  ,  ,  ,  ,  ,  ,  ,  ,  ,  ,  ,  ,  ,  ,  ,  ,  ,  ,  ,  ,  ,  ,  ,  ,  ,  ,  ,  ,  ,  ,  ,  ,  ,  ,  ,  ,  ,  ,  ,  ,  ,  ,  ,  ,  ,  ,  ,  ,  ,  ,  ,  ,  ,  ,  ,  ,  ,  ,  ,  ,  ,  ,  ,  ,  ,  ,  ,  ,  ,  ,  ,  ,  ,  ,  ,  ,  ,  ,  ,  ,  ,  ,  ,  ,  ,  ,  ,  ,  ,  ,  , 0+0:0:0:0:0
G lydian (1#),  ,  ,  ,  ,  ,  ,  ,  ,  ,  ,  ,  ,  ,  ,  ,  ,  ,  ,  ,  ,  ,  ,  ,  ,  ,  ,  ,  ,  ,  ,  ,  ,  ,  ,  ,  ,  ,  ,  ,  ,  ,  ,  ,  ,  ,  ,  ,  ,  ,  ,  ,  ,  ,  ,  ,  ,  ,  ,  ,  ,  ,  ,  ,  ,  ,  ,  ,  ,  ,  ,  ,  ,  ,  ,  ,  ,  ,  ,  ,  ,  ,  ,  ,  ,  ,  ,  ,  ,  ,  ,  ,  ,  ,  ,  ,  ,  ,  ,  ,  ,  ,  ,  ,  ,  ,  ,  ,  ,  ,  ,  ,  ,  ,  ,  ,  ,  ,  ,  ,  ,  ,  ,  ,  ,  ,  ,  ,  ,  ,  ,  ,  ,  ,  ,  ,  ,  ,  ,  ,  ,  ,  ,  ,  ,  ,  ,  ,  ,  ,  ,  ,  ,  ,  ,  ,  ,  ,  ,  ,  ,  ,  ,  ,  ,  ,  ,  ,  ,  ,  ,  ,  ,  ,  ,  ,  ,  ,  , 0+0:0:0:0:0
F mixolydian (1b),  ,  ,  ,  ,  ,  ,  ,  ,  ,  ,  ,  ,  ,  ,  ,  ,  ,  ,  ,  ,  ,  ,  ,  ,  ,  ,  ,  ,  ,  ,  ,  ,  ,  ,  ,  ,  ,  ,  ,  ,  ,  ,  ,  ,  ,  ,  ,  ,  ,  ,  ,  ,  ,  ,  ,  ,  ,  ,  ,  ,  ,  ,  ,  ,  ,  ,  ,  ,  ,  ,  ,  ,  ,  ,  ,  ,  ,  ,  ,  ,  ,  ,  ,  ,  ,  ,  ,  ,  ,  ,  ,  ,  ,  ,  ,  ,  ,  ,  ,  ,  ,  ,  ,  ,  ,  ,  ,  ,  ,  ,  ,  ,  ,  ,  ,  ,  ,  ,  ,  ,  ,  ,  ,  ,  ,  ,  ,  ,  ,  ,  ,  ,  ,  ,  ,  ,  ,  ,  ,  ,  ,  ,  ,  ,  ,  ,  ,  ,  ,  ,  ,  ,  ,  ,  ,  ,  ,  ,  ,  ,  ,  ,  ,  ,  ,  ,  ,  ,  ,  ,  ,  ,  ,  ,  ,  ,  ,  , 0+0:0:0:0:0
G mixolydian (1#),  ,  ,  ,  ,  ,  ,  ,  ,  ,  ,  ,  ,  ,  ,  ,  ,  ,  ,  ,  ,  ,  ,  ,  ,  ,  ,  ,  ,  ,  ,  ,  ,  ,  ,  ,  ,  ,  ,  ,  ,  ,  ,  ,  ,  ,  ,  ,  ,  ,  ,  ,  ,  ,  ,  ,  ,  ,  ,  ,  ,  ,  ,  ,  ,  ,  ,  ,  ,  ,  ,  ,  ,  ,  ,  ,  ,  ,  ,  ,  ,  ,  ,  ,  ,  ,  ,  ,  ,  ,  ,  ,  ,  ,  ,  ,  ,  ,  ,  ,  ,  ,  ,  ,  ,  ,  ,  ,  ,  ,  ,  ,  ,  ,  ,  ,  ,  ,  ,  ,  ,  ,  ,  ,  ,  ,  ,  ,  ,  ,  ,  ,  ,  ,  ,  ,  ,  ,  ,  ,  ,  ,  ,  ,  ,  ,  ,  ,  ,  ,  ,  ,  ,  ,  ,  ,  ,  ,  ,  ,  ,  ,  ,  ,  ,  ,  ,  ,  ,  ,  ,  ,  ,  ,  ,  ,  ,  ,  , 0+0:0:0:0:0
F aeolian (1b),  ,  ,  ,  ,  ,  ,  ,  ,  ,  ,  ,  ,  ,  ,  ,  ,  ,  ,  ,  ,  ,  ,  ,  ,  ,  ,  ,  ,  ,  ,  ,  ,  ,  ,  ,  ,  ,  ,  ,  ,  ,  ,  ,  ,  ,  ,  ,  ,  ,  ,  ,  ,  ,  ,  ,  ,  ,  ,  ,  ,  ,  ,  ,  ,  ,  ,  ,  ,  ,  ,  ,  ,  ,  ,  ,  ,  ,  ,  ,  ,  ,  ,  ,  ,  ,  ,  ,  ,  ,  ,  ,  ,  ,  ,  ,  ,  ,  ,  ,  ,  ,  ,  ,  ,  ,  ,  ,  ,  ,  ,  ,  ,  ,  ,  ,  ,  ,  ,  ,  ,  ,  ,  ,  ,  ,  ,  ,  ,  ,  ,  ,  ,  ,  ,  ,  ,  ,  ,  ,  ,  ,  ,  ,  ,  ,  ,  ,  ,  ,  ,  ,  ,  ,  ,  ,  ,  ,  ,  ,  ,  ,  ,  ,  ,  ,  ,  ,  ,  ,  ,  ,  ,  ,  ,  ,  ,  ,  , 0+0:0:0:0:0
G aeolian (1#),  ,  ,  ,  ,  ,  ,  ,  ,  ,  ,  ,  ,  ,  ,  ,  ,  ,  ,  ,  ,  ,  ,  ,  ,  ,  ,  ,  ,  ,  ,  ,  ,  ,  ,  ,  ,  ,  ,  ,  ,  ,  ,  ,  ,  ,  ,  ,  ,  ,  ,  ,  ,  ,  ,  ,  ,  ,  ,  ,  ,  ,  ,  ,  ,  ,  ,  ,  ,  ,  ,  ,  ,  ,  ,  ,  ,  ,  ,  ,  ,  ,  ,  ,  ,  ,  ,  ,  ,  ,  ,  ,  ,  ,  ,  ,  ,  ,  ,  ,  ,  ,  ,  ,  ,  ,  ,  ,  ,  ,  ,  ,  ,  ,  ,  ,  ,  ,  ,  ,  ,  ,  ,  ,  ,  ,  ,  ,  ,  ,  ,  ,  ,  ,  ,  ,  ,  ,  ,  ,  ,  ,  ,  ,  ,  ,  ,  ,  ,  ,  ,  ,  ,  ,  ,  ,  ,  ,  ,  ,  ,  ,  ,  ,  ,  ,  ,  ,  ,  ,  ,  ,  ,  ,  ,  ,  ,  ,  , 0+0:0:0:0:0
F locrian (1b),  ,  ,  ,  ,  ,  ,  ,  ,  ,  ,  ,  ,  ,  ,  ,  ,  ,  ,  ,  ,  ,  ,  ,  ,  ,  ,  ,  ,  ,  ,  ,  ,  ,  ,  ,  ,  ,  ,  ,  ,  ,  ,  ,  ,  ,  ,  ,  ,  ,  ,  ,  ,  ,  ,  ,  ,  ,  ,  ,  ,  ,  ,  ,  ,  ,  ,  ,  ,  ,  ,  ,  ,  ,  ,  ,  ,  ,  ,  ,  ,  ,  ,  ,  ,  ,  ,  ,  ,  ,  ,  ,  ,  ,  ,  ,  ,  ,  ,  ,  ,  ,  ,  ,  ,  ,  ,  ,  ,  ,  ,  ,  ,  ,  ,  ,  ,  ,  ,  ,  ,  ,  ,  ,  ,  ,  ,  ,  ,  ,  ,  ,  ,  ,  ,  ,  ,  ,  ,  ,  ,  ,  ,  ,  ,  ,  ,  ,  ,  ,  ,  ,  ,  ,  ,  ,  ,  ,  ,  ,  ,  ,  ,  ,  ,  ,  ,  ,  ,  ,  ,  ,  ,  ,  ,  ,  ,  ,  , 0+0:0:0:0:0
G locrian (1#),  ,  ,  ,  ,  ,  ,  ,  ,  ,  ,  ,  ,  ,  ,  ,  ,  ,  ,  ,  ,  ,  ,  ,  ,  ,  ,  ,  ,  ,  ,  ,  ,  ,  ,  ,  ,  ,  ,  ,  ,  ,  ,  ,  ,  ,  ,  ,  ,  ,  ,  ,  ,  ,  ,  ,  ,  ,  ,  ,  ,  ,  ,  ,  ,  ,  ,  ,  ,  ,  ,  ,  ,  ,  ,  ,  ,  ,  ,  ,  ,  ,  ,  ,  ,  ,  ,  ,  ,  ,  ,  ,  ,  ,  ,  ,  ,  ,  ,  ,  ,  ,  ,  ,  ,  ,  ,  ,  ,  ,  ,  ,  ,  ,  ,  ,  ,  ,  ,  ,  ,  ,  ,  ,  ,  ,  ,  ,  ,  ,  ,  ,  ,  ,  ,  ,  ,  ,  ,  ,  ,  ,  ,  ,  ,  ,  ,  ,  ,  ,  ,  ,  ,  ,  ,  ,  ,  ,  ,  ,  ,  ,  ,  ,  ,  ,  ,  ,  ,  ,  ,  ,  ,  ,  ,  ,  ,  ,  , 0+0:0:0:0:0
Bb major (2b), 0+0:0:0:0:0, 5+2:0:0:0:0, 2+0:0:0:0:0, 5+2:0:0:0:0, 2+0:0:0:0:0, 3+4:0:0:0:0, 2+2:0:0:0:0, 5+3:0:1:0:1, 2+0:0:0:0:0, 5+2:0:0:0:0, 2+0:0:0:0:0, 3+2:0:0:0:0, 2+0:0:0:0:0, 3+4:0:0:0:0, 2+2:0:0:0:0, 5+3:0:1:0:1, 2+0:0:0:0:0, 5+2:0:0:0:0, 4+1:0:0:0:0, 6+2:0:0:0:0, 4+1:0:0:0:0, 5+2:1:0:0:1, 5+4:1:0:0:0, 4+2:0:0:0:0, 3+1:1:0:0:1, 5+2:0:0:0:0, 2+0:0:0:0:0, 3+1:0:0:0:0, 2+0:0:0:0:0, 3+4:0:0:0:0, 2+0:0:0:0:0, 5+3:0:1:0:1, 2+1:0:0:0:0, 1+0:0:0:0:0, 0+0:0:0:0:0, 8+6:0:0:0:1, 5+4:0:0:0:4, 8+6:0:0:0:2, 3+2:0:0:0:0, 4+3:0:0:0:0, 4+4:0:1:0:1, 8+8:0:1:0:1, 4+2:0:0:0:0, 7+9:0:0:0:4, 5+5:0:0:0:4, 4+4:0:0:0:3, 3+1:0:0:0:0, 4+3:0:0:0:0, 2+1:0:0:0:0, 7+4:0:1:0:1, 2+0:0:0:0:0, 7+2:0:1:0:1, 5+2:0:0:0:1, 8+5:0:0:0:1, 5+3:0:0:0:0, 8+10:0:0:0:0, 4+3:1:0:0:0, 5+6:0:0:0:0, 8+5:1:0:0:2, 9+6:0:0:0:1, 4+5:1:0:0:4, 4+1:0:0:0:0, 2+2:0:0:0:0, 3+4:0:0:0:0, 2+0:0:0:0:0, 4+4:0:1:0:2, 1+0:0:0:0:0, 1+0:0:0:0:0, 1+0:0:0:0:0, 5+3:0:0:0:2, 2+0:0:0:0:0, 2+1:0:0:0:0, 2+0:0:0:0:0, 3+2:0:0:0:0, 2+1:0:0:0:0, 5+3:0:1:0:1, 3+1:0:0:0:0, 6+3:0:0:0:0, 4+1:0:0:0:1, 4+1:0:0:0:0, 3+1:0:0:0:0, 4+2:0:0:0:0, 3+3:0:0:0:0, 5+5:0:1:0:2, 2+0:0:0:0:0, 7+2:0:0:0:1, 4+2:0:0:0:0, 6+3:0:0:0:0, 4+1:0:0:0:0, 6+3:2:0:0:0, 5+3:1:0:0:0, 5+4:0:0:0:1, 4+2:1:0:0:1, 6+2:0:0:0:0, 2+0:0:0:0:0, 7+3:0:0:0:1, 2+1:0:0:0:0, 3+3:0:0:0:0, 2+2:0:0:0:0, 4+7:0:1:0:1, 1+1:0:0:0:0, 1+0:0:0:0:0, 1+2:0:0:0:0, 5+4:0:0:0:3, 4+1:0:0:0:0, 3+1:0:0:0:0, 4+2:0:0:0:0, 3+4:0:0:0:0, 3+3:0:0:0:0, 4+9:0:1:0:1, 4+3:0:0:0:0, 6+4:0:0:0:0, 5+1:0:0:0:1, 3+2:0:0:0:0, 2+0:0:0:0:0, 3+3:0:0:0:0, 2+2:0:0:0:0, 4+4:0:1:0:1, 2+0:0:0:0:0, 6+2:0:0:0:0, 4+2:0:0:0:0, 6+1:0:0:0:0, 5+2:0:0:0:0, 5+2:1:0:0:0, 6+4:2:0:0:0, 7+6:5:0:0:1, 5+3:1:0:0:1, 5+3:0:0:0:0, 2+0:0:0:0:0, 3+1:0:0:0:0, 2+1:0:0:0:0, 4+2:0:0:0:0, 2+0:0:0:0:0, 4+3:0:1:0:1, 1+2:0:0:0:0, 1+0:0:0:0:0, 2+2:0:0:0:0, 6+3:0:0:0:2, 6+3:0:0:0:1, 3+1:0:0:0:0, 2+0:0:0:0:0, 4+3:0:0:0:0, 2+2:0:0:0:0, 6+6:0:1:0:1, 3+1:0:0:0:0, 5+3:0:0:0:2, 4+1:0:0:0:0, 4+1:0:0:0:0, 4+1:0:0:0:0, 3+3:0:0:0:0, 2+2:0:0:0:0, 4+5:0:1:0:1, 2+0:0:0:0:0, 5+1:0:0:0:0, 5+3:0:0:0:0, 6+1:0:0:0:0, 5+3:0:0:0:0, 6+5:1:0:0:1, 4+3:1:0:0:0, 8+7:0:0:0:1, 3+2:2:0:0:2, 5+2:0:0:0:0, 3+1:0:0:0:1, 3+1:0:0:0:0, 2+1:1:0:0:1, 3+4:0:0:0:0, 4+2:0:0:0:2, 5+3:0:1:0:1, 4+2:0:0:0:1, 1+0:0:0:0:0, 3+3:0:0:0:1, 1+0:0:0:0:0, 6+4:4:0:0:2, 1+1:0:0:0:0, 9+7:2:0:0:2, 13+13:0:1:0:7, 1+1:0:0:0:0, 0+0:0:0:0:0, 688+424:30:18:0:87
D major (2#), 2+1:0:0:0:0, 2+2:0:0:0:0, 1+0:0:0:0:0, 5+2:0:0:0:0, 2+0:0:0:0:0, 7+4:0:0:0:0, 5+2:0:0:0:0, 5+6:0:1:0:1, 2+2:0:0:0:0, 2+1:0:0:0:0, 1+0:0:0:0:0, 5+2:0:0:0:0, 2+0:0:0:0:0, 7+4:0:0:0:0, 5+2:0:0:0:0, 5+6:0:1:0:1, 1+0:0:0:0:0, 1+0:0:0:0:0, 2+0:0:0:0:0, 2+1:0:1:0:1, 2+0:0:0:0:0, 2+2:1:0:0:1, 4+3:1:0:0:1, 3+4:0:0:0:1, 3+2:0:0:0:0, 2+2:0:0:0:0, 1+0:0:0:0:0, 3+1:0:0:0:0, 2+0:0:0:0:0, 6+4:0:0:0:0, 5+2:0:0:0:0, 5+6:0:1:0:1, 5+2:0:0:0:0, 4+1:0:0:0:0, 1+0:0:0:0:0, 4+5:0:0:0:1, 3+4:0:0:0:4, 8+6:0:0:0:2, 3+2:0:0:0:0, 8+3:0:0:0:0, 8+4:0:1:0:1, 8+7:0:1:0:1, 3+4:0:0:0:0, 3+5:0:0:0:4, 3+5:0:0:0:4, 4+4:0:0:0:3, 3+1:0:0:0:0, 8+3:0:0:0:0, 6+1:0:0:0:0, 8+4:0:1:0:1, 1+0:0:0:0:0, 3+2:0:1:0:1, 3+1:0:1:0:0, 4+2:0:0:0:0, 2+0:0:0:0:0, 6+10:0:0:0:0, 3+3:1:0:0:0, 5+5:0:0:0:0, 6+8:1:0:0:1, 5+6:0:0:0:1, 4+5:0:0:0:5, 4+1:0:0:0:0, 4+2:0:0:0:0, 7+4:0:0:0:0, 6+2:0:0:0:0, 5+2:0:1:0:1, 4+2:0:0:0:0, 4+0:0:0:0:0, 1+0:0:0:0:0, 2+1:0:0:0:0, 1+0:0:0:0:0, 3+1:0:0:0:0, 2+0:0:0:0:0, 7+2:0:0:0:0, 6+1:0:0:0:0, 5+6:0:1:0:1, 4+2:0:0:0:0, 3+2:0:0:0:0, 2+1:0:0:0:1, 4+1:0:0:0:0, 3+1:0:0:0:0, 8+2:0:0:0:0, 7+3:0:0:0:0, 5+5:0:1:0:2, 1+0:0:0:0:0, 3+1:0:0:0:0, 2+0:0:0:0:0, 2+0:0:0:0:0, 2+0:0:0:0:0, 3+4:1:1:0:2, 4+3:1:0:0:0, 4+5:0:0:0:1, 4+3:0:0:0:0, 2+2:0:0:0:0, 1+0:0:0:0:0, 7+3:0:0:0:1, 4+1:0:0:0:0, 6+3:0:0:0:0, 5+2:0:0:0:0, 4+5:0:1:0:1, 3+0:0:0:0:0, 4+3:0:0:0:0, 4+3:0:0:0:2, 2+4:0:0:0:0, 2+1:0:0:0:0, 3+1:0:0:0:0, 4+2:0:0:0:0, 6+4:0:0:0:0, 7+3:0:0:0:0, 4+7:0:1:0:1, 3+4:0:0:0:0, 2+1:0:0:0:0, 3+1:0:0:0:1, 4+2:0:0:0:0, 2+0:0:0:0:0, 6+3:0:0:0:0, 5+2:0:0:0:0, 4+4:0:1:0:1, 1+0:0:0:0:0, 2+0:0:0:0:0, 2+0:0:0:0:0, 2+1:0:0:0:0, 2+0:0:0:0:0, 1+3:1:0:0:1, 5+4:2:0:0:0, 5+7:2:2:0:4, 4+2:1:1:0:1, 2+3:0:0:0:0, 1+0:0:0:0:0, 3+1:0:0:0:0, 4+1:0:0:0:0, 8+2:0:0:0:0, 6+2:0:0:0:0, 4+4:0:1:0:1, 5+4:0:0:0:0, 5+2:0:0:0:0, 6+2:0:0:0:0, 3+1:0:0:0:0, 6+3:0:0:0:0, 3+3:0:0:0:1, 2+0:0:0:0:0, 7+3:0:0:0:0, 6+2:0:0:0:0, 6+6:0:1:0:1, 3+2:0:0:0:0, 3+2:0:0:0:0, 3+1:0:0:0:0, 4+1:0:0:0:0, 4+1:0:0:0:0, 7+3:0:0:0:0, 6+2:0:0:0:0, 4+5:0:1:0:1, 1+0:0:0:0:0, 1+0:0:0:0:0, 3+0:0:0:0:0, 2+0:0:0:0:0, 2+0:0:0:0:0, 2+4:1:0:0:1, 3+3:1:0:0:0, 6+9:0:0:0:1, 3+1:0:0:0:0, 2+2:0:0:0:0, 2+1:0:0:0:1, 3+1:0:0:0:0, 4+1:1:0:0:1, 6+4:0:0:0:0, 6+4:0:0:0:0, 5+7:0:1:0:1, 4+3:1:0:0:1, 4+1:0:0:0:0, 4+0:0:0:0:0, 4+0:0:0:0:0, 4+4:4:0:0:2, 4+0:0:0:0:0, 9+7:2:0:0:3, 11+13:0:1:0:5, 5+1:0:0:0:0, 1+0:0:0:0:0, 689+421:22:24:0:77
G minor (2b), 0+1:0:0:0:0, 5+2:0:0:0:0, 2+0:0:0:0:0, 5+5:0:0:0:0, 2+1:0:0:0:0, 3+5:0:0:0:1, 2+1:0:0:0:0, 5+6:0:1:0:1, 2+1:0:0:0:0, 5+2:0:0:0:0, 2+0:0:0:0:0, 3+6:0:0:0:0, 2+1:0:0:0:0, 3+5:0:0:0:1, 2+1:0:0:0:0, 5+3:0:1:0:1, 2+0:0:0:0:0, 5+0:0:0:0:0, 4+0:0:0:0:0, 6+1:0:1:0:1, 4+0:0:0:0:0, 5+2:1:0:0:1, 5+3:1:0:0:1, 4+4:0:0:0:1, 3+2:0:0:0:0, 5+2:0:0:0:0, 2+0:0:0:0:0, 3+5:0:0:0:0, 2+1:0:0:0:0, 3+5:0:0:0:1, 2+1:0:0:0:0, 5+3:0:1:0:1, 2+2:0:0:0:0, 1+0:0:0:0:0, 0+0:0:0:0:0, 8+5:0:0:0:1, 5+4:0:0:0:4, 8+9:0:0:0:2, 3+4:0:0:0:0, 4+4:0:0:0:1, 4+3:0:1:0:1, 8+7:0:1:0:1, 4+4:0:0:0:0, 7+5:0:0:0:4, 5+5:0:0:0:4, 4+6:0:0:0:3, 3+3:0:0:0:0, 4+3:0:0:0:1, 2+1:0:0:0:0, 7+4:0:1:0:1, 2+0:0:0:0:0, 7+2:0:1:0:1, 5+1:0:0:0:0, 8+2:0:0:0:0, 5+0:0:0:0:0, 8+10:0:0:0:0, 4+3:1:0:0:0, 5+7:0:0:0:4, 8+5:1:0:0:2, 9+6:0:0:0:1, 4+5:1:0:0:4, 4+1:0:0:0:0, 2+2:0:0:0:0, 3+4:0:0:0:0, 2+2:0:0:0:0, 4+2:0:1:0:1, 1+1:0:0:0:0, 1+0:0:0:0:0, 1+0:0:0:0:0, 5+3:0:0:0:0, 2+0:0:0:0:0, 2+5:0:0:0:0, 2+1:0:0:0:0, 3+4:0:0:0:1, 2+1:0:0:0:0, 5+6:0:1:0:1, 3+2:0:0:0:0, 6+3:0:0:0:0, 4+1:0:0:0:1, 4+4:0:0:0:0, 3+2:0:0:0:0, 4+4:0:0:0:1, 3+3:0:0:0:0, 5+5:0:1:0:2, 2+0:0:0:0:0, 7+1:0:0:0:0, 4+0:0:0:0:0, 6+0:0:0:0:0, 4+0:0:0:0:0, 6+3:2:0:0:0, 5+3:1:0:0:0, 6+5:0:0:0:2, 4+3:0:0:0:0, 6+2:0:0:0:0, 2+0:0:0:0:0, 7+3:0:0:0:1, 2+1:0:0:0:0, 3+3:0:0:0:0, 2+2:0:0:0:0, 4+5:0:1:0:1, 1+1:0:0:0:0, 1+3:0:0:0:0, 1+2:0:0:0:0, 5+4:0:0:0:0, 4+1:0:0:0:0, 3+4:0:0:0:0, 4+3:0:0:0:0, 3+5:0:0:0:1, 3+3:0:0:0:1, 4+12:0:1:0:1, 4+1:0:0:0:0, 6+3:0:0:0:0, 5+1:0:0:0:1, 3+6:0:0:0:0, 2+1:0:0:0:0, 3+4:0:0:0:1, 2+1:0:0:0:0, 4+4:0:1:0:1, 2+0:0:0:0:0, 6+0:0:0:0:0, 4+0:0:0:0:0, 6+1:0:0:0:0, 5+0:0:0:0:0, 5+1:1:0:0:0, 6+4:2:0:0:0, 7+6:5:0:0:1, 4+2:1:1:0:1, 5+3:0:0:0:0, 2+0:0:0:0:0, 3+1:0:0:0:0, 2+1:0:0:0:0, 4+2:0:0:0:0, 2+2:0:0:0:0, 4+2:0:1:0:1, 1+4:0:0:0:0, 1+4:0:0:0:0, 1+2:2:0:0:2, 6+3:0:0:0:0, 6+4:0:0:0:1, 3+5:0:0:0:0, 2+1:0:0:0:0, 4+4:0:0:0:1, 2+1:0:0:0:0, 6+6:0:1:0:1, 3+1:0:0:0:0, 5+3:0:0:0:2, 4+1:0:0:0:0, 4+5:0:0:0:0, 4+2:0:0:0:0, 3+4:0:0:0:1, 2+2:0:0:0:0, 4+5:0:1:0:1, 2+0:0:0:0:0, 5+0:0:0:0:0, 5+1:0:0:0:0, 6+0:0:0:0:0, 5+0:0:0:0:0, 6+1:1:0:0:0, 4+3:1:0:0:0, 8+9:0:0:0:3, 3+1:0:0:0:0, 5+2:0:0:0:0, 3+1:0:0:0:1, 3+1:0:0:0:0, 2+1:1:0:0:1, 3+4:0:0:0:0, 4+4:0:0:0:0, 5+4:0:1:0:1, 4+1:0:0:0:0, 1+0:0:0:0:0, 3+0:0:0:0:0, 1+0:0:0:0:0, 6+4:4:0:0:2, 1+0:0:0:0:0, 9+7:2:0:0:2, 13+13:0:1:0:7, 1+1:0:0:0:0, 0+0:0:0:0:0, 687+465:28:20:0:91
B minor (2#), 2+0:0:0:0:0, 2+1:0:0:0:0, 1+1:0:0:0:0, 5+4:0:0:0:1, 2+4:0:0:0:0, 7+1:0:0:0:1, 5+0:0:0:0:0, 5+6:0:1:0:1, 2+2:0:0:0:0, 2+1:0:0:0:0, 1+1:0:0:0:0, 5+4:0:0:0:1, 2+4:0:0:0:0, 7+1:0:0:0:1, 5+0:0:0:0:0, 5+6:0:1:0:1, 1+0:0:0:0:0, 1+0:0:0:0:0, 2+0:0:0:0:0, 2+1:0:1:0:1, 2+0:0:0:0:0, 2+3:1:0:0:1, 4+3:1:0:0:3, 3+4:0:0:0:1, 3+2:0:0:0:0, 2+1:0:0:0:0, 1+1:0:0:0:0, 3+3:0:0:0:1, 2+4:0:0:0:0, 6+1:0:0:0:1, 5+0:0:0:0:0, 5+3:0:1:0:1, 5+1:0:0:0:0, 4+0:0:0:0:0, 1+1:0:0:0:1, 4+5:0:0:0:1, 3+4:0:0:0:0, 8+8:0:0:0:2, 3+5:0:0:0:0, 8+1:0:0:0:1, 8+2:0:1:0:1, 8+7:0:1:0:1, 3+4:0:0:0:0, 3+5:0:0:0:4, 3+6:0:0:0:0, 4+5:0:0:0:1, 3+7:0:0:0:0, 8+1:0:0:0:1, 6+0:0:0:0:0, 8+4:0:1:0:1, 1+2:0:0:0:0, 3+2:0:1:0:1, 3+1:0:1:0:0, 4+5:0:0:0:0, 2+1:0:0:0:0, 6+5:0:0:0:2, 3+6:1:0:0:2, 6+7:0:0:0:1, 6+7:1:0:0:1, 5+4:0:0:0:1, 4+7:0:0:0:0, 4+3:0:0:0:1, 4+6:0:0:0:0, 7+1:0:0:0:1, 6+0:0:0:0:0, 5+4:0:1:0:2, 4+1:0:0:0:0, 4+0:0:0:0:0, 1+0:0:0:0:0, 2+2:0:0:0:1, 1+1:0:0:0:0, 3+2:0:0:0:1, 2+3:0:0:0:0, 7+1:0:0:0:1, 6+0:0:0:0:0, 5+6:0:1:0:1, 4+2:0:0:0:0, 3+2:0:0:0:0, 2+2:0:0:0:0, 4+2:0:0:0:1, 3+4:0:0:0:1, 8+8:0:0:0:0, 7+6:0:0:0:1, 5+6:0:1:0:5, 1+1:0:0:0:0, 3+1:0:0:0:0, 2+0:0:0:0:0, 2+0:0:0:0:0, 2+0:0:0:0:0, 3+4:1:1:0:2, 4+7:1:0:0:2, 4+5:0:0:0:1, 4+3:0:0:0:0, 2+1:0:0:0:0, 1+1:0:0:0:0, 7+6:0:0:0:2, 5+5:0:0:0:0, 6+1:0:0:0:1, 5+0:0:0:0:0, 4+5:0:1:0:1, 3+0:0:0:0:0, 4+0:0:0:0:0, 4+0:0:0:0:0, 2+2:0:0:0:1, 2+3:0:0:0:0, 3+2:0:0:0:1, 5+4:0:0:0:0, 6+1:0:0:0:1, 7+1:0:0:0:1, 4+7:0:1:0:1, 3+4:0:0:0:0, 2+1:0:0:0:0, 3+2:0:0:0:0, 4+4:0:0:0:1, 2+6:0:0:0:0, 6+1:0:0:0:1, 5+0:0:0:0:0, 4+4:0:1:0:1, 1+1:0:0:0:0, 2+0:0:0:0:0, 2+0:0:0:0:0, 2+1:0:0:0:0, 2+0:0:0:0:0, 1+3:1:0:0:1, 5+6:2:0:0:3, 5+8:5:0:0:5, 4+2:1:1:0:1, 2+1:0:0:0:0, 1+1:0:0:0:0, 3+2:0:0:0:1, 4+4:0:0:0:0, 8+1:0:0:0:1, 6+0:0:0:0:0, 4+4:0:1:0:1, 5+4:0:0:0:0, 5+0:0:0:0:0, 6+1:0:0:0:0, 3+2:0:0:0:1, 6+3:0:0:0:0, 3+3:0:0:0:1, 2+7:0:0:0:0, 7+1:0:0:0:1, 6+0:0:0:0:0, 6+6:0:1:0:1, 3+2:0:0:0:0, 3+2:0:0:0:0, 3+3:0:0:0:0, 4+3:0:0:0:1, 4+5:0:0:0:0, 7+1:0:0:0:1, 6+0:0:0:0:0, 4+5:0:1:0:1, 1+0:0:0:0:0, 1+0:0:0:0:0, 3+0:0:0:0:0, 2+0:0:0:0:0, 2+0:0:0:0:0, 2+4:1:0:0:1, 3+7:1:0:0:2, 6+9:0:0:0:1, 3+1:0:0:0:0, 2+1:0:0:0:0, 2+2:0:0:0:0, 3+3:0:0:0:1, 4+4:1:0:0:1, 6+1:0:0:0:1, 6+2:0:0:0:2, 5+3:0:1:0:1, 4+2:1:0:0:2, 4+0:0:0:0:0, 4+1:0:0:0:1, 4+0:0:0:0:0, 4+3:1:0:0:3, 4+0:0:0:0:0, 9+7:2:0:0:3, 11+13:0:1:0:5, 5+1:0:0:0:0, 1+0:0:0:0:0, 692+465:22:22:0:114
G minor mel (2b),  ,  ,  ,  ,  ,  ,  ,  ,  ,  ,  ,  ,  ,  ,  ,  ,  ,  ,  ,  ,  ,  ,  ,  ,  ,  ,  ,  ,  ,  ,  ,  ,  ,  ,  ,  ,  ,  ,  ,  ,  ,  ,  ,  ,  ,  ,  ,  ,  ,  ,  ,  ,  ,  ,  ,  ,  ,  ,  ,  ,  ,  ,  ,  ,  ,  ,  ,  ,  ,  ,  ,  ,  ,  ,  ,  ,  ,  ,  ,  ,  ,  ,  ,  ,  ,  ,  ,  ,  ,  ,  ,  ,  ,  ,  ,  ,  ,  ,  ,  ,  ,  ,  ,  ,  ,  ,  ,  ,  ,  ,  ,  ,  ,  ,  ,  ,  ,  ,  ,  ,  ,  ,  ,  ,  ,  ,  ,  ,  ,  ,  ,  ,  ,  ,  ,  ,  ,  ,  ,  ,  ,  ,  ,  ,  ,  ,  ,  ,  ,  ,  ,  ,  ,  ,  ,  ,  ,  ,  ,  ,  ,  ,  ,  ,  ,  ,  ,  ,  ,  ,  ,  ,  ,  ,  ,  ,  ,  , 0+0:0:0:0:0
B minor mel (2#),  ,  ,  ,  ,  ,  ,  ,  ,  ,  ,  ,  ,  ,  ,  ,  ,  ,  ,  ,  ,  ,  ,  ,  ,  ,  ,  ,  ,  ,  ,  ,  ,  ,  ,  ,  ,  ,  ,  ,  ,  ,  ,  ,  ,  ,  ,  ,  ,  ,  ,  ,  ,  ,  ,  ,  ,  ,  ,  ,  ,  ,  ,  ,  ,  ,  ,  ,  ,  ,  ,  ,  ,  ,  ,  ,  ,  ,  ,  ,  ,  ,  ,  ,  ,  ,  ,  ,  ,  ,  ,  ,  ,  ,  ,  ,  ,  ,  ,  ,  ,  ,  ,  ,  ,  ,  ,  ,  ,  ,  ,  ,  ,  ,  ,  ,  ,  ,  ,  ,  ,  ,  ,  ,  ,  ,  ,  ,  ,  ,  ,  ,  ,  ,  ,  ,  ,  ,  ,  ,  ,  ,  ,  ,  ,  ,  ,  ,  ,  ,  ,  ,  ,  ,  ,  ,  ,  ,  ,  ,  ,  ,  ,  ,  ,  ,  ,  ,  ,  ,  ,  ,  ,  ,  ,  ,  ,  ,  , 0+0:0:0:0:0
Bb major blues (2b),  ,  ,  ,  ,  ,  ,  ,  ,  ,  ,  ,  ,  ,  ,  ,  ,  ,  ,  ,  ,  ,  ,  ,  ,  ,  ,  ,  ,  ,  ,  ,  ,  ,  ,  ,  ,  ,  ,  ,  ,  ,  ,  ,  ,  ,  ,  ,  ,  ,  ,  ,  ,  ,  ,  ,  ,  ,  ,  ,  ,  ,  ,  ,  ,  ,  ,  ,  ,  ,  ,  ,  ,  ,  ,  ,  ,  ,  ,  ,  ,  ,  ,  ,  ,  ,  ,  ,  ,  ,  ,  ,  ,  ,  ,  ,  ,  ,  ,  ,  ,  ,  ,  ,  ,  ,  ,  ,  ,  ,  ,  ,  ,  ,  ,  ,  ,  ,  ,  ,  ,  ,  ,  ,  ,  ,  ,  ,  ,  ,  ,  ,  ,  ,  ,  ,  ,  ,  ,  ,  ,  ,  ,  ,  ,  ,  ,  ,  ,  ,  ,  ,  ,  ,  ,  ,  ,  ,  ,  ,  ,  ,  ,  ,  ,  ,  ,  ,  ,  ,  ,  ,  ,  ,  ,  ,  ,  ,  , 0+0:0:0:0:0
D major blues (2#),  ,  ,  ,  ,  ,  ,  ,  ,  ,  ,  ,  ,  ,  ,  ,  ,  ,  ,  ,  ,  ,  ,  ,  ,  ,  ,  ,  ,  ,  ,  ,  ,  ,  ,  ,  ,  ,  ,  ,  ,  ,  ,  ,  ,  ,  ,  ,  ,  ,  ,  ,  ,  ,  ,  ,  ,  ,  ,  ,  ,  ,  ,  ,  ,  ,  ,  ,  ,  ,  ,  ,  ,  ,  ,  ,  ,  ,  ,  ,  ,  ,  ,  ,  ,  ,  ,  ,  ,  ,  ,  ,  ,  ,  ,  ,  ,  ,  ,  ,  ,  ,  ,  ,  ,  ,  ,  ,  ,  ,  ,  ,  ,  ,  ,  ,  ,  ,  ,  ,  ,  ,  ,  ,  ,  ,  ,  ,  ,  ,  ,  ,  ,  ,  ,  ,  ,  ,  ,  ,  ,  ,  ,  ,  ,  ,  ,  ,  ,  ,  ,  ,  ,  ,  ,  ,  ,  ,  ,  ,  ,  ,  ,  ,  ,  ,  ,  ,  ,  ,  ,  ,  ,  ,  ,  ,  ,  ,  , 0+0:0:0:0:0
G minor blues (2b),  ,  ,  ,  ,  ,  ,  ,  ,  ,  ,  ,  ,  ,  ,  ,  ,  ,  ,  ,  ,  ,  ,  ,  ,  ,  ,  ,  ,  ,  ,  ,  ,  ,  ,  ,  ,  ,  ,  ,  ,  ,  ,  ,  ,  ,  ,  ,  ,  ,  ,  ,  ,  ,  ,  ,  ,  ,  ,  ,  ,  ,  ,  ,  ,  ,  ,  ,  ,  ,  ,  ,  ,  ,  ,  ,  ,  ,  ,  ,  ,  ,  ,  ,  ,  ,  ,  ,  ,  ,  ,  ,  ,  ,  ,  ,  ,  ,  ,  ,  ,  ,  ,  ,  ,  ,  ,  ,  ,  ,  ,  ,  ,  ,  ,  ,  ,  ,  ,  ,  ,  ,  ,  ,  ,  ,  ,  ,  ,  ,  ,  ,  ,  ,  ,  ,  ,  ,  ,  ,  ,  ,  ,  ,  ,  ,  ,  ,  ,  ,  ,  ,  ,  ,  ,  ,  ,  ,  ,  ,  ,  ,  ,  ,  ,  ,  ,  ,  ,  ,  ,  ,  ,  ,  ,  ,  ,  ,  , 0+0:0:0:0:0
B minor blues (2#),  ,  ,  ,  ,  ,  ,  ,  ,  ,  ,  ,  ,  ,  ,  ,  ,  ,  ,  ,  ,  ,  ,  ,  ,  ,  ,  ,  ,  ,  ,  ,  ,  ,  ,  ,  ,  ,  ,  ,  ,  ,  ,  ,  ,  ,  ,  ,  ,  ,  ,  ,  ,  ,  ,  ,  ,  ,  ,  ,  ,  ,  ,  ,  ,  ,  ,  ,  ,  ,  ,  ,  ,  ,  ,  ,  ,  ,  ,  ,  ,  ,  ,  ,  ,  ,  ,  ,  ,  ,  ,  ,  ,  ,  ,  ,  ,  ,  ,  ,  ,  ,  ,  ,  ,  ,  ,  ,  ,  ,  ,  ,  ,  ,  ,  ,  ,  ,  ,  ,  ,  ,  ,  ,  ,  ,  ,  ,  ,  ,  ,  ,  ,  ,  ,  ,  ,  ,  ,  ,  ,  ,  ,  ,  ,  ,  ,  ,  ,  ,  ,  ,  ,  ,  ,  ,  ,  ,  ,  ,  ,  ,  ,  ,  ,  ,  ,  ,  ,  ,  ,  ,  ,  ,  ,  ,  ,  ,  , 0+0:0:0:0:0
Bb dorian (2b),  ,  ,  ,  ,  ,  ,  ,  ,  ,  ,  ,  ,  ,  ,  ,  ,  ,  ,  ,  ,  ,  ,  ,  ,  ,  ,  ,  ,  ,  ,  ,  ,  ,  ,  ,  ,  ,  ,  ,  ,  ,  ,  ,  ,  ,  ,  ,  ,  ,  ,  ,  ,  ,  ,  ,  ,  ,  ,  ,  ,  ,  ,  ,  ,  ,  ,  ,  ,  ,  ,  ,  ,  ,  ,  ,  ,  ,  ,  ,  ,  ,  ,  ,  ,  ,  ,  ,  ,  ,  ,  ,  ,  ,  ,  ,  ,  ,  ,  ,  ,  ,  ,  ,  ,  ,  ,  ,  ,  ,  ,  ,  ,  ,  ,  ,  ,  ,  ,  ,  ,  ,  ,  ,  ,  ,  ,  ,  ,  ,  ,  ,  ,  ,  ,  ,  ,  ,  ,  ,  ,  ,  ,  ,  ,  ,  ,  ,  ,  ,  ,  ,  ,  ,  ,  ,  ,  ,  ,  ,  ,  ,  ,  ,  ,  ,  ,  ,  ,  ,  ,  ,  ,  ,  ,  ,  ,  ,  , 0+0:0:0:0:0
D dorian (2#),  ,  ,  ,  ,  ,  ,  ,  ,  ,  ,  ,  ,  ,  ,  ,  ,  ,  ,  ,  ,  ,  ,  ,  ,  ,  ,  ,  ,  ,  ,  ,  ,  ,  ,  ,  ,  ,  ,  ,  ,  ,  ,  ,  ,  ,  ,  ,  ,  ,  ,  ,  ,  ,  ,  ,  ,  ,  ,  ,  ,  ,  ,  ,  ,  ,  ,  ,  ,  ,  ,  ,  ,  ,  ,  ,  ,  ,  ,  ,  ,  ,  ,  ,  ,  ,  ,  ,  ,  ,  ,  ,  ,  ,  ,  ,  ,  ,  ,  ,  ,  ,  ,  ,  ,  ,  ,  ,  ,  ,  ,  ,  ,  ,  ,  ,  ,  ,  ,  ,  ,  ,  ,  ,  ,  ,  ,  ,  ,  ,  ,  ,  ,  ,  ,  ,  ,  ,  ,  ,  ,  ,  ,  ,  ,  ,  ,  ,  ,  ,  ,  ,  ,  ,  ,  ,  ,  ,  ,  ,  ,  ,  ,  ,  ,  ,  ,  ,  ,  ,  ,  ,  ,  ,  ,  ,  ,  ,  , 0+0:0:0:0:0
Bb phrygian (2b),  ,  ,  ,  ,  ,  ,  ,  ,  ,  ,  ,  ,  ,  ,  ,  ,  ,  ,  ,  ,  ,  ,  ,  ,  ,  ,  ,  ,  ,  ,  ,  ,  ,  ,  ,  ,  ,  ,  ,  ,  ,  ,  ,  ,  ,  ,  ,  ,  ,  ,  ,  ,  ,  ,  ,  ,  ,  ,  ,  ,  ,  ,  ,  ,  ,  ,  ,  ,  ,  ,  ,  ,  ,  ,  ,  ,  ,  ,  ,  ,  ,  ,  ,  ,  ,  ,  ,  ,  ,  ,  ,  ,  ,  ,  ,  ,  ,  ,  ,  ,  ,  ,  ,  ,  ,  ,  ,  ,  ,  ,  ,  ,  ,  ,  ,  ,  ,  ,  ,  ,  ,  ,  ,  ,  ,  ,  ,  ,  ,  ,  ,  ,  ,  ,  ,  ,  ,  ,  ,  ,  ,  ,  ,  ,  ,  ,  ,  ,  ,  ,  ,  ,  ,  ,  ,  ,  ,  ,  ,  ,  ,  ,  ,  ,  ,  ,  ,  ,  ,  ,  ,  ,  ,  ,  ,  ,  ,  , 0+0:0:0:0:0
D phrygian (2#),  ,  ,  ,  ,  ,  ,  ,  ,  ,  ,  ,  ,  ,  ,  ,  ,  ,  ,  ,  ,  ,  ,  ,  ,  ,  ,  ,  ,  ,  ,  ,  ,  ,  ,  ,  ,  ,  ,  ,  ,  ,  ,  ,  ,  ,  ,  ,  ,  ,  ,  ,  ,  ,  ,  ,  ,  ,  ,  ,  ,  ,  ,  ,  ,  ,  ,  ,  ,  ,  ,  ,  ,  ,  ,  ,  ,  ,  ,  ,  ,  ,  ,  ,  ,  ,  ,  ,  ,  ,  ,  ,  ,  ,  ,  ,  ,  ,  ,  ,  ,  ,  ,  ,  ,  ,  ,  ,  ,  ,  ,  ,  ,  ,  ,  ,  ,  ,  ,  ,  ,  ,  ,  ,  ,  ,  ,  ,  ,  ,  ,  ,  ,  ,  ,  ,  ,  ,  ,  ,  ,  ,  ,  ,  ,  ,  ,  ,  ,  ,  ,  ,  ,  ,  ,  ,  ,  ,  ,  ,  ,  ,  ,  ,  ,  ,  ,  ,  ,  ,  ,  ,  ,  ,  ,  ,  ,  ,  , 0+0:0:0:0:0
Bb lydian (2b),  ,  ,  ,  ,  ,  ,  ,  ,  ,  ,  ,  ,  ,  ,  ,  ,  ,  ,  ,  ,  ,  ,  ,  ,  ,  ,  ,  ,  ,  ,  ,  ,  ,  ,  ,  ,  ,  ,  ,  ,  ,  ,  ,  ,  ,  ,  ,  ,  ,  ,  ,  ,  ,  ,  ,  ,  ,  ,  ,  ,  ,  ,  ,  ,  ,  ,  ,  ,  ,  ,  ,  ,  ,  ,  ,  ,  ,  ,  ,  ,  ,  ,  ,  ,  ,  ,  ,  ,  ,  ,  ,  ,  ,  ,  ,  ,  ,  ,  ,  ,  ,  ,  ,  ,  ,  ,  ,  ,  ,  ,  ,  ,  ,  ,  ,  ,  ,  ,  ,  ,  ,  ,  ,  ,  ,  ,  ,  ,  ,  ,  ,  ,  ,  ,  ,  ,  ,  ,  ,  ,  ,  ,  ,  ,  ,  ,  ,  ,  ,  ,  ,  ,  ,  ,  ,  ,  ,  ,  ,  ,  ,  ,  ,  ,  ,  ,  ,  ,  ,  ,  ,  ,  ,  ,  ,  ,  ,  , 0+0:0:0:0:0
D lydian (2#),  ,  ,  ,  ,  ,  ,  ,  ,  ,  ,  ,  ,  ,  ,  ,  ,  ,  ,  ,  ,  ,  ,  ,  ,  ,  ,  ,  ,  ,  ,  ,  ,  ,  ,  ,  ,  ,  ,  ,  ,  ,  ,  ,  ,  ,  ,  ,  ,  ,  ,  ,  ,  ,  ,  ,  ,  ,  ,  ,  ,  ,  ,  ,  ,  ,  ,  ,  ,  ,  ,  ,  ,  ,  ,  ,  ,  ,  ,  ,  ,  ,  ,  ,  ,  ,  ,  ,  ,  ,  ,  ,  ,  ,  ,  ,  ,  ,  ,  ,  ,  ,  ,  ,  ,  ,  ,  ,  ,  ,  ,  ,  ,  ,  ,  ,  ,  ,  ,  ,  ,  ,  ,  ,  ,  ,  ,  ,  ,  ,  ,  ,  ,  ,  ,  ,  ,  ,  ,  ,  ,  ,  ,  ,  ,  ,  ,  ,  ,  ,  ,  ,  ,  ,  ,  ,  ,  ,  ,  ,  ,  ,  ,  ,  ,  ,  ,  ,  ,  ,  ,  ,  ,  ,  ,  ,  ,  ,  , 0+0:0:0:0:0
Bb mixolydian (2b),  ,  ,  ,  ,  ,  ,  ,  ,  ,  ,  ,  ,  ,  ,  ,  ,  ,  ,  ,  ,  ,  ,  ,  ,  ,  ,  ,  ,  ,  ,  ,  ,  ,  ,  ,  ,  ,  ,  ,  ,  ,  ,  ,  ,  ,  ,  ,  ,  ,  ,  ,  ,  ,  ,  ,  ,  ,  ,  ,  ,  ,  ,  ,  ,  ,  ,  ,  ,  ,  ,  ,  ,  ,  ,  ,  ,  ,  ,  ,  ,  ,  ,  ,  ,  ,  ,  ,  ,  ,  ,  ,  ,  ,  ,  ,  ,  ,  ,  ,  ,  ,  ,  ,  ,  ,  ,  ,  ,  ,  ,  ,  ,  ,  ,  ,  ,  ,  ,  ,  ,  ,  ,  ,  ,  ,  ,  ,  ,  ,  ,  ,  ,  ,  ,  ,  ,  ,  ,  ,  ,  ,  ,  ,  ,  ,  ,  ,  ,  ,  ,  ,  ,  ,  ,  ,  ,  ,  ,  ,  ,  ,  ,  ,  ,  ,  ,  ,  ,  ,  ,  ,  ,  ,  ,  ,  ,  ,  , 0+0:0:0:0:0
D mixolydian (2#),  ,  ,  ,  ,  ,  ,  ,  ,  ,  ,  ,  ,  ,  ,  ,  ,  ,  ,  ,  ,  ,  ,  ,  ,  ,  ,  ,  ,  ,  ,  ,  ,  ,  ,  ,  ,  ,  ,  ,  ,  ,  ,  ,  ,  ,  ,  ,  ,  ,  ,  ,  ,  ,  ,  ,  ,  ,  ,  ,  ,  ,  ,  ,  ,  ,  ,  ,  ,  ,  ,  ,  ,  ,  ,  ,  ,  ,  ,  ,  ,  ,  ,  ,  ,  ,  ,  ,  ,  ,  ,  ,  ,  ,  ,  ,  ,  ,  ,  ,  ,  ,  ,  ,  ,  ,  ,  ,  ,  ,  ,  ,  ,  ,  ,  ,  ,  ,  ,  ,  ,  ,  ,  ,  ,  ,  ,  ,  ,  ,  ,  ,  ,  ,  ,  ,  ,  ,  ,  ,  ,  ,  ,  ,  ,  ,  ,  ,  ,  ,  ,  ,  ,  ,  ,  ,  ,  ,  ,  ,  ,  ,  ,  ,  ,  ,  ,  ,  ,  ,  ,  ,  ,  ,  ,  ,  ,  ,  , 0+0:0:0:0:0
Bb aeolian (2b),  ,  ,  ,  ,  ,  ,  ,  ,  ,  ,  ,  ,  ,  ,  ,  ,  ,  ,  ,  ,  ,  ,  ,  ,  ,  ,  ,  ,  ,  ,  ,  ,  ,  ,  ,  ,  ,  ,  ,  ,  ,  ,  ,  ,  ,  ,  ,  ,  ,  ,  ,  ,  ,  ,  ,  ,  ,  ,  ,  ,  ,  ,  ,  ,  ,  ,  ,  ,  ,  ,  ,  ,  ,  ,  ,  ,  ,  ,  ,  ,  ,  ,  ,  ,  ,  ,  ,  ,  ,  ,  ,  ,  ,  ,  ,  ,  ,  ,  ,  ,  ,  ,  ,  ,  ,  ,  ,  ,  ,  ,  ,  ,  ,  ,  ,  ,  ,  ,  ,  ,  ,  ,  ,  ,  ,  ,  ,  ,  ,  ,  ,  ,  ,  ,  ,  ,  ,  ,  ,  ,  ,  ,  ,  ,  ,  ,  ,  ,  ,  ,  ,  ,  ,  ,  ,  ,  ,  ,  ,  ,  ,  ,  ,  ,  ,  ,  ,  ,  ,  ,  ,  ,  ,  ,  ,  ,  ,  , 0+0:0:0:0:0
D aeolian (2#),  ,  ,  ,  ,  ,  ,  ,  ,  ,  ,  ,  ,  ,  ,  ,  ,  ,  ,  ,  ,  ,  ,  ,  ,  ,  ,  ,  ,  ,  ,  ,  ,  ,  ,  ,  ,  ,  ,  ,  ,  ,  ,  ,  ,  ,  ,  ,  ,  ,  ,  ,  ,  ,  ,  ,  ,  ,  ,  ,  ,  ,  ,  ,  ,  ,  ,  ,  ,  ,  ,  ,  ,  ,  ,  ,  ,  ,  ,  ,  ,  ,  ,  ,  ,  ,  ,  ,  ,  ,  ,  ,  ,  ,  ,  ,  ,  ,  ,  ,  ,  ,  ,  ,  ,  ,  ,  ,  ,  ,  ,  ,  ,  ,  ,  ,  ,  ,  ,  ,  ,  ,  ,  ,  ,  ,  ,  ,  ,  ,  ,  ,  ,  ,  ,  ,  ,  ,  ,  ,  ,  ,  ,  ,  ,  ,  ,  ,  ,  ,  ,  ,  ,  ,  ,  ,  ,  ,  ,  ,  ,  ,  ,  ,  ,  ,  ,  ,  ,  ,  ,  ,  ,  ,  ,  ,  ,  ,  , 0+0:0:0:0:0
Bb locrian (2b),  ,  ,  ,  ,  ,  ,  ,  ,  ,  ,  ,  ,  ,  ,  ,  ,  ,  ,  ,  ,  ,  ,  ,  ,  ,  ,  ,  ,  ,  ,  ,  ,  ,  ,  ,  ,  ,  ,  ,  ,  ,  ,  ,  ,  ,  ,  ,  ,  ,  ,  ,  ,  ,  ,  ,  ,  ,  ,  ,  ,  ,  ,  ,  ,  ,  ,  ,  ,  ,  ,  ,  ,  ,  ,  ,  ,  ,  ,  ,  ,  ,  ,  ,  ,  ,  ,  ,  ,  ,  ,  ,  ,  ,  ,  ,  ,  ,  ,  ,  ,  ,  ,  ,  ,  ,  ,  ,  ,  ,  ,  ,  ,  ,  ,  ,  ,  ,  ,  ,  ,  ,  ,  ,  ,  ,  ,  ,  ,  ,  ,  ,  ,  ,  ,  ,  ,  ,  ,  ,  ,  ,  ,  ,  ,  ,  ,  ,  ,  ,  ,  ,  ,  ,  ,  ,  ,  ,  ,  ,  ,  ,  ,  ,  ,  ,  ,  ,  ,  ,  ,  ,  ,  ,  ,  ,  ,  ,  , 0+0:0:0:0:0
D locrian (2#),  ,  ,  ,  ,  ,  ,  ,  ,  ,  ,  ,  ,  ,  ,  ,  ,  ,  ,  ,  ,  ,  ,  ,  ,  ,  ,  ,  ,  ,  ,  ,  ,  ,  ,  ,  ,  ,  ,  ,  ,  ,  ,  ,  ,  ,  ,  ,  ,  ,  ,  ,  ,  ,  ,  ,  ,  ,  ,  ,  ,  ,  ,  ,  ,  ,  ,  ,  ,  ,  ,  ,  ,  ,  ,  ,  ,  ,  ,  ,  ,  ,  ,  ,  ,  ,  ,  ,  ,  ,  ,  ,  ,  ,  ,  ,  ,  ,  ,  ,  ,  ,  ,  ,  ,  ,  ,  ,  ,  ,  ,  ,  ,  ,  ,  ,  ,  ,  ,  ,  ,  ,  ,  ,  ,  ,  ,  ,  ,  ,  ,  ,  ,  ,  ,  ,  ,  ,  ,  ,  ,  ,  ,  ,  ,  ,  ,  ,  ,  ,  ,  ,  ,  ,  ,  ,  ,  ,  ,  ,  ,  ,  ,  ,  ,  ,  ,  ,  ,  ,  ,  ,  ,  ,  ,  ,  ,  ,  , 0+0:0:0:0:0
Eb major (3b), 0+0:0:0:0:0, 6+2:0:0:0:1, 3+1:0:0:0:0, 6+2:0:0:0:0, 3+0:0:0:0:0, 2+5:0:0:0:1, 1+1:0:0:0:0, 4+3:0:1:0:1, 2+0:0:0:0:0, 6+1:0:0:0:0, 3+1:0:0:0:0, 4+2:0:0:0:0, 3+0:0:0:0:0, 2+5:0:0:0:1, 1+1:0:0:0:0, 4+3:0:1:0:1, 2+0:0:0:0:0, 6+3:0:0:0:0, 4+1:0:0:0:0, 7+2:0:0:0:0, 4+1:0:0:0:0, 6+7:1:0:0:1, 6+3:1:0:0:3, 3+2:0:0:0:0, 4+1:1:0:0:1, 6+2:0:0:0:1, 3+1:0:0:0:0, 4+1:0:0:0:0, 3+0:0:0:0:0, 2+4:0:0:0:0, 1+0:0:0:0:0, 4+3:0:1:0:1, 1+1:0:0:0:0, 0+0:0:0:0:0, 0+0:0:0:0:0, 9+6:0:0:0:2, 6+4:0:0:0:4, 9+6:0:0:0:2, 4+2:0:0:0:0, 3+3:0:0:0:0, 3+4:0:1:0:1, 7+7:0:1:0:1, 4+1:0:0:0:1, 8+5:0:0:0:4, 6+5:0:0:0:4, 5+4:0:0:0:3, 4+1:0:0:0:0, 3+3:0:0:0:1, 1+1:0:0:0:0, 6+4:0:1:0:1, 3+0:0:0:0:0, 8+3:0:0:0:0, 5+2:0:0:0:1, 9+5:0:0:0:1, 6+6:0:0:0:0, 9+7:0:0:0:2, 5+3:1:0:0:0, 5+7:0:0:0:1, 9+9:1:0:0:6, 10+7:0:0:0:3, 5+5:1:0:0:4, 5+1:0:0:0:0, 3+2:0:0:0:0, 2+1:0:0:0:1, 1+0:0:0:0:0, 3+4:0:1:0:2, 0+0:0:0:0:0, 0+0:0:0:0:0, 0+0:0:0:0:0, 6+2:0:0:0:1, 3+4:0:0:0:0, 3+1:0:0:0:0, 3+0:0:0:0:0, 2+4:0:0:0:1, 1+1:0:0:0:0, 4+3:0:1:0:1, 2+1:0:0:0:0, 7+2:0:0:0:0, 5+1:0:0:0:1, 5+1:0:0:0:0, 4+1:0:0:0:0, 3+2:0:0:0:0, 2+3:0:0:0:0, 4+5:0:1:0:2, 2+0:0:0:0:0, 8+5:0:0:0:0, 4+2:0:0:0:0, 7+3:0:0:0:0, 4+1:0:0:0:0, 7+4:1:1:0:2, 6+3:1:0:0:0, 4+4:0:0:0:1, 5+2:1:0:0:1, 7+3:0:0:0:1, 3+1:0:0:0:0, 8+3:0:0:0:1, 3+1:0:0:0:0, 2+1:0:0:0:1, 1+0:0:0:0:0, 3+4:0:1:0:2, 1+1:0:0:0:0, 0+0:0:0:0:0, 0+0:0:0:0:0, 6+2:0:0:0:1, 5+4:0:0:0:0, 4+1:0:0:0:0, 5+2:0:0:0:0, 2+4:0:0:0:0, 2+3:0:0:0:0, 3+7:0:1:0:1, 4+1:0:0:0:1, 7+1:0:0:0:0, 6+2:0:0:0:0, 4+2:0:0:0:0, 3+0:0:0:0:0, 2+3:0:0:0:0, 1+2:0:0:0:0, 3+4:0:1:0:1, 2+0:0:0:0:0, 7+3:0:0:0:0, 4+2:0:0:0:0, 7+1:0:0:0:0, 5+2:0:0:0:0, 6+9:1:0:0:1, 7+5:2:0:0:4, 8+6:0:0:0:0, 6+3:1:0:0:1, 6+3:0:0:0:2, 3+1:0:0:0:0, 4+1:0:0:0:0, 3+1:0:0:0:0, 3+1:0:0:0:1, 1+0:0:0:0:0, 3+3:0:1:0:1, 1+2:0:0:0:0, 0+0:0:0:0:0, 1+1:0:0:0:0, 7+2:0:0:0:1, 7+3:0:0:0:0, 4+1:0:0:0:0, 3+0:0:0:0:0, 3+3:0:0:0:0, 1+2:0:0:0:0, 5+6:0:1:0:1, 3+1:0:0:0:0, 6+3:0:0:0:2, 5+3:0:0:0:0, 5+1:0:0:0:0, 4+1:0:0:0:1, 2+3:0:0:0:0, 1+2:0:0:0:0, 3+5:0:1:0:1, 2+0:0:0:0:0, 6+2:0:0:0:0, 5+3:0:0:0:0, 7+1:0:0:0:0, 5+3:0:0:0:0, 7+3:1:0:0:0, 5+3:1:0:0:0, 9+7:0:0:0:1, 4+2:2:0:0:2, 6+2:0:0:0:1, 4+1:0:0:0:1, 4+1:0:0:0:0, 3+1:1:0:0:1, 2+1:0:0:0:1, 3+2:0:0:0:2, 4+3:0:1:0:1, 3+3:0:0:0:1, 0+0:0:0:0:0, 2+3:0:0:0:1, 0+0:0:0:0:0, 5+5:0:0:0:0, 0+0:0:0:0:0, 10+6:2:0:0:2, 14+12:0:1:0:7, 0+1:0:0:0:0, 0+0:0:0:0:0, 714+429:20:18:0:113
A major (3#), 2+0:0:0:0:0, 1+1:0:0:0:0, 2+1:0:0:0:0, 5+4:0:0:0:2, 3+1:0:0:0:0, 8+7:0:0:0:0, 6+1:0:0:0:0, 6+8:0:1:0:5, 3+2:0:0:0:0, 1+1:0:0:0:0, 2+1:0:0:0:0, 6+4:0:0:0:1, 3+1:0:0:0:0, 8+7:0:0:0:0, 6+1:0:0:0:0, 6+8:0:1:0:5, 2+2:0:0:0:0, 1+2:0:0:0:0, 1+2:0:0:0:0, 2+2:0:1:0:1, 1+1:0:0:0:0, 3+2:1:0:0:1, 3+3:1:0:0:1, 4+4:0:0:0:1, 4+2:0:0:0:0, 1+1:0:0:0:0, 2+1:0:0:0:0, 4+3:0:0:0:1, 3+1:0:0:0:0, 7+7:0:0:0:0, 6+1:0:0:0:0, 6+6:0:1:0:1, 6+2:0:0:0:0, 4+0:0:0:0:0, 1+0:0:0:0:0, 3+3:0:0:0:1, 4+4:0:0:0:0, 9+8:0:0:0:2, 4+6:0:0:0:0, 9+8:0:0:0:0, 10+5:0:0:0:0, 9+7:0:1:0:5, 4+4:0:0:0:0, 2+5:0:0:0:4, 4+6:0:0:0:0, 5+5:0:0:0:1, 4+4:0:0:0:0, 9+6:0:0:0:0, 7+3:0:0:0:0, 9+4:0:1:0:1, 2+2:0:0:0:0, 2+2:0:1:0:1, 2+1:0:1:0:0, 5+3:0:0:0:0, 1+3:0:0:0:0, 7+10:0:0:0:0, 4+4:1:0:0:0, 7+7:0:0:0:1, 7+7:1:0:0:1, 4+4:0:0:0:1, 5+7:0:0:0:0, 5+3:0:0:0:1, 5+6:0:0:0:0, 8+9:0:0:0:0, 7+3:0:0:0:0, 6+2:0:1:0:1, 5+1:0:0:0:0, 4+0:0:0:0:0, 0+0:0:0:0:0, 1+1:0:0:0:0, 2+1:0:0:0:0, 4+2:0:0:0:1, 3+1:0:0:0:0, 8+6:0:0:0:0, 7+2:0:0:0:0, 7+6:0:1:0:4, 5+2:0:0:0:0, 2+2:0:0:0:0, 3+2:0:0:0:0, 5+2:0:0:0:1, 4+4:0:0:0:1, 9+8:0:0:0:0, 8+3:0:0:0:0, 6+6:0:1:0:5, 2+3:0:0:0:0, 2+3:0:0:0:0, 1+1:0:0:0:0, 1+1:0:0:0:0, 1+3:0:0:0:0, 4+5:2:0:0:0, 4+3:1:0:0:0, 5+5:0:0:0:1, 5+3:0:0:0:0, 1+1:0:0:0:0, 2+1:0:0:0:0, 8+6:0:0:0:2, 6+5:0:0:0:0, 7+7:0:0:0:0, 6+2:0:0:0:0, 5+9:0:1:0:5, 4+1:0:0:0:0, 4+0:0:0:0:0, 5+2:0:0:0:0, 1+1:0:0:0:0, 3+3:0:0:0:0, 4+2:0:0:0:1, 5+4:0:0:0:1, 7+7:0:0:0:0, 8+3:0:0:0:0, 6+9:0:1:0:6, 4+4:0:0:0:0, 1+1:0:0:0:0, 4+2:0:0:0:0, 5+4:0:0:0:1, 3+1:0:0:0:0, 7+6:0:0:0:0, 6+1:0:0:0:0, 5+7:0:1:0:4, 2+3:0:0:0:0, 1+2:0:0:0:0, 1+1:0:0:0:0, 2+2:0:0:0:0, 1+2:0:0:0:0, 2+1:1:0:0:0, 5+4:2:0:0:0, 6+7:2:2:0:4, 5+2:1:1:0:1, 1+1:0:0:0:0, 2+1:0:0:0:0, 4+2:0:0:0:1, 5+4:0:0:0:0, 9+8:0:0:0:0, 7+2:0:0:0:0, 5+4:0:1:0:1, 6+4:0:0:0:0, 5+2:0:0:0:0, 6+2:0:0:0:0, 2+1:0:0:0:0, 7+3:0:0:0:0, 4+3:0:0:0:1, 3+1:0:0:0:0, 8+7:0:0:0:0, 7+3:0:0:0:0, 8+8:0:1:0:5, 4+2:0:0:0:0, 2+2:0:0:0:0, 4+3:0:0:0:0, 5+3:0:0:0:1, 5+3:0:0:0:0, 8+6:0:0:0:0, 7+3:0:0:0:0, 5+8:0:1:0:5, 2+2:0:0:0:0, 1+0:0:0:0:0, 2+1:0:0:0:0, 1+2:0:0:0:0, 1+2:0:0:0:0, 3+4:1:0:0:0, 4+4:1:0:0:0, 7+9:0:0:0:1, 4+1:0:0:0:0, 1+1:0:0:0:0, 3+2:0:0:0:0, 4+3:0:0:0:1, 5+4:1:0:0:1, 7+7:0:0:0:0, 7+2:0:0:0:0, 7+7:0:1:0:4, 5+4:1:0:0:1, 4+0:0:0:0:0, 6+4:0:0:0:2, 4+0:0:0:0:0, 5+4:4:0:0:2, 4+0:0:0:0:0, 10+7:2:0:0:3, 12+13:0:1:0:5, 5+1:0:0:0:0, 1+0:0:0:0:0, 792+600:23:22:0:111
C minor (3b), 0+0:0:0:0:0, 6+1:0:0:0:0, 3+0:0:0:0:0, 6+2:0:0:0:0, 3+0:0:0:0:0, 2+4:0:0:0:0, 1+2:0:0:0:0, 4+3:0:1:0:1, 2+0:0:0:0:0, 6+1:0:0:0:0, 3+0:0:0:0:0, 4+2:0:0:0:0, 3+0:0:0:0:0, 2+4:0:0:0:0, 1+2:0:0:0:0, 4+3:0:1:0:1, 2+0:0:0:0:0, 6+2:0:0:0:0, 4+0:0:0:0:0, 7+2:0:1:0:1, 4+1:0:0:0:0, 6+5:0:0:0:0, 6+3:1:0:0:1, 3+4:0:0:0:1, 4+2:0:0:0:0, 6+1:0:0:0:0, 3+0:0:0:0:0, 4+1:0:0:0:0, 3+0:0:0:0:0, 2+4:0:0:0:0, 1+2:0:0:0:0, 4+3:0:1:0:1, 1+2:0:0:0:0, 0+0:0:0:0:0, 0+0:0:0:0:0, 9+3:0:0:0:1, 6+4:0:0:0:4, 9+6:0:0:0:2, 4+2:0:0:0:0, 3+3:0:0:0:0, 3+4:0:1:0:1, 7+7:0:1:0:1, 4+1:0:0:0:1, 8+5:0:0:0:4, 6+5:0:0:0:4, 5+4:0:0:0:3, 4+1:0:0:0:0, 3+3:0:0:0:0, 1+1:0:0:0:0, 6+4:0:1:0:1, 3+0:0:0:0:0, 8+2:0:1:0:1, 5+5:0:0:0:0, 9+3:0:0:0:2, 6+3:0:0:0:0, 9+7:0:0:0:2, 5+3:1:0:0:0, 4+6:0:0:0:0, 9+5:1:0:0:2, 10+4:0:0:0:1, 5+5:1:0:0:4, 5+1:0:0:0:0, 3+2:0:0:0:0, 2+4:0:0:0:0, 1+2:0:0:0:0, 3+2:0:1:0:1, 0+1:0:0:0:0, 0+0:0:0:0:0, 0+0:0:0:0:0, 6+1:0:0:0:0, 3+0:0:0:0:0, 3+1:0:0:0:0, 3+0:0:0:0:0, 2+2:0:0:0:0, 1+1:0:0:0:0, 4+3:0:1:0:1, 2+1:0:0:0:0, 7+2:0:0:0:0, 5+1:0:0:0:1, 5+1:0:0:0:0, 4+1:0:0:0:0, 3+2:0:0:0:0, 2+3:0:0:0:0, 4+5:0:1:0:2, 2+0:0:0:0:0, 8+3:0:0:0:0, 4+0:0:0:0:0, 7+1:0:0:0:0, 4+3:0:0:0:0, 7+3:2:0:0:0, 6+3:1:0:0:0, 4+4:0:0:0:1, 5+3:0:0:0:0, 7+1:0:0:0:0, 3+0:0:0:0:0, 8+3:0:0:0:1, 3+1:0:0:0:0, 2+3:0:0:0:0, 1+2:0:0:0:0, 3+5:0:1:0:1, 1+0:0:0:0:0, 0+3:0:0:0:0, 0+2:0:0:0:0, 6+1:0:0:0:0, 5+1:0:0:0:0, 4+1:0:0:0:0, 5+2:0:0:0:0, 2+4:0:0:0:0, 2+3:0:0:0:0, 3+7:0:1:0:1, 4+1:0:0:0:1, 7+1:0:0:0:0, 6+1:0:0:0:1, 4+2:0:0:0:0, 3+0:0:0:0:0, 2+3:0:0:0:0, 1+2:0:0:0:0, 3+4:0:1:0:1, 2+0:0:0:0:0, 7+2:0:0:0:0, 4+0:0:0:0:0, 7+2:0:0:0:0, 5+2:0:0:0:0, 6+1:1:0:0:0, 7+4:2:0:0:0, 8+6:5:0:0:1, 5+2:1:1:0:1, 6+1:0:0:0:0, 3+0:0:0:0:0, 4+1:0:0:0:0, 3+1:0:0:0:0, 3+2:0:0:0:0, 1+2:0:0:0:0, 3+2:0:1:0:1, 1+4:0:0:0:0, 0+2:0:0:0:0, 1+2:0:0:0:0, 7+1:0:0:0:0, 7+3:0:0:0:1, 4+1:0:0:0:0, 3+0:0:0:0:0, 3+3:0:0:0:0, 1+2:0:0:0:0, 5+6:0:1:0:1, 3+1:0:0:0:0, 6+3:0:0:0:2, 5+1:0:0:0:0, 5+1:0:0:0:0, 4+1:0:0:0:1, 2+3:0:0:0:0, 1+2:0:0:0:0, 3+5:0:1:0:1, 2+0:0:0:0:0, 6+1:0:0:0:0, 5+1:0:0:0:0, 7+2:0:0:0:0, 5+2:0:0:0:0, 7+4:1:0:0:0, 5+4:1:0:0:0, 9+7:0:0:0:1, 4+1:0:0:0:0, 6+1:0:0:0:0, 4+1:0:0:0:1, 4+1:0:0:0:0, 3+1:1:0:0:1, 2+4:0:0:0:0, 3+4:0:0:0:0, 4+4:0:1:0:1, 3+1:0:0:0:0, 0+1:0:0:0:0, 2+0:0:0:0:0, 0+0:0:0:0:0, 5+5:0:0:0:0, 0+0:0:0:0:0, 10+6:2:0:0:2, 14+12:0:1:0:7, 0+1:0:0:0:0, 0+0:0:0:0:0, 712+394:21:20:0:74
F# minor (3#), 2+0:0:0:0:0, 1+1:0:0:0:0, 2+1:0:0:0:0, 5+4:0:0:0:2, 3+1:0:0:0:0, 8+5:0:0:0:0, 6+1:0:0:0:0, 6+8:0:1:0:5, 3+2:0:0:0:0, 1+1:0:0:0:0, 2+1:0:0:0:0, 6+4:0:0:0:1, 3+1:0:0:0:0, 8+5:0:0:0:0, 6+1:0:0:0:0, 6+8:0:1:0:5, 2+0:0:0:0:0, 1+2:0:0:0:0, 1+1:0:0:0:0, 2+2:0:0:0:0, 1+1:0:0:0:0, 3+3:1:0:0:1, 3+3:1:0:0:3, 4+4:0:0:0:1, 4+3:0:0:0:0, 1+1:0:0:0:0, 2+1:0:0:0:0, 4+3:0:0:0:1, 3+1:0:0:0:0, 7+5:0:0:0:0, 6+0:0:0:0:0, 6+3:0:1:0:1, 6+1:0:0:0:0, 4+0:0:0:0:0, 1+0:0:0:0:0, 3+3:0:0:0:1, 4+4:0:0:0:0, 9+8:0:0:0:2, 4+6:0:0:0:0, 9+4:0:0:0:0, 9+3:0:1:0:0, 9+7:0:1:0:5, 4+4:0:0:0:0, 2+5:0:0:0:4, 4+6:0:0:0:0, 5+5:0:0:0:1, 4+4:0:0:0:0, 9+3:0:0:0:0, 7+0:0:0:0:0, 8+5:0:2:0:1, 2+2:0:0:0:0, 2+3:0:0:0:0, 2+1:0:1:0:0, 5+3:0:0:0:0, 1+3:0:0:0:0, 7+6:1:0:0:2, 4+6:1:0:0:2, 7+7:0:0:0:1, 7+7:1:0:0:1, 4+4:0:0:0:1, 5+7:0:0:0:0, 5+3:0:0:0:1, 5+6:0:0:0:0, 8+1:0:0:0:1, 7+0:0:0:0:0, 6+4:0:1:0:2, 5+0:0:0:0:0, 4+0:0:0:0:0, 0+0:0:0:0:0, 1+2:0:0:0:1, 2+1:0:0:0:0, 4+2:0:0:0:1, 3+1:0:0:0:0, 8+4:0:0:0:0, 7+1:0:0:0:0, 7+6:0:1:0:4, 5+2:0:0:0:0, 2+2:0:0:0:0, 3+2:0:0:0:0, 5+2:0:0:0:1, 4+4:0:0:0:1, 9+4:0:0:0:0, 8+2:0:0:0:0, 6+6:0:1:0:5, 2+1:0:0:0:0, 2+2:0:0:0:1, 1+2:0:0:0:0, 1+3:0:0:0:0, 1+1:0:0:0:0, 4+4:1:1:0:2, 4+7:1:0:0:2, 5+5:0:0:0:1, 5+4:0:0:0:0, 1+1:0:0:0:0, 2+1:0:0:0:0, 8+6:0:0:0:2, 6+5:0:0:0:0, 7+1:0:0:0:1, 6+2:0:0:0:0, 5+9:0:1:0:5, 4+2:0:0:0:0, 4+0:0:0:0:0, 5+0:0:0:0:0, 1+6:0:0:0:1, 3+3:0:0:0:0, 4+2:0:0:0:1, 5+4:0:0:0:1, 7+5:0:0:0:0, 8+3:0:0:0:1, 6+9:0:1:0:6, 4+4:0:0:0:0, 1+1:0:0:0:0, 4+2:0:0:0:0, 5+4:0:0:0:1, 3+1:0:0:0:0, 7+4:0:0:0:0, 6+1:0:0:0:0, 5+7:0:1:0:4, 2+1:0:0:0:0, 1+2:0:0:0:0, 1+2:0:0:0:0, 2+1:0:0:0:0, 1+2:0:0:0:0, 2+3:1:0:0:1, 5+6:2:0:0:3, 6+8:5:0:0:5, 6+5:0:0:0:0, 1+1:0:0:0:0, 2+1:0:0:0:0, 4+2:0:0:0:1, 5+4:0:0:0:0, 9+1:0:0:0:1, 7+0:0:0:0:0, 5+3:0:1:0:1, 6+2:0:0:0:2, 5+0:0:0:0:0, 5+1:0:0:0:0, 2+2:0:0:0:1, 7+3:0:0:0:0, 4+3:0:0:0:1, 3+1:0:0:0:0, 8+4:0:0:0:0, 7+1:0:0:0:0, 8+8:0:1:0:5, 4+2:0:0:0:0, 2+2:0:0:0:0, 4+3:0:0:0:0, 5+3:0:0:0:1, 5+3:0:0:0:0, 8+4:0:0:0:0, 7+2:0:0:0:0, 5+8:0:1:0:5, 2+0:0:0:0:0, 1+1:0:0:0:0, 2+1:0:0:0:0, 1+2:0:0:0:0, 1+2:0:0:0:0, 3+4:1:0:0:1, 4+7:1:0:0:2, 7+9:0:0:0:1, 4+4:0:0:0:0, 1+1:0:0:0:0, 3+2:0:0:0:0, 4+3:0:0:0:1, 5+4:1:0:0:1, 7+1:0:0:0:1, 7+2:0:0:0:2, 6+3:0:1:0:1, 5+2:1:0:0:2, 4+0:0:0:0:0, 5+1:0:0:0:1, 4+0:0:0:0:0, 5+5:0:0:0:0, 4+0:0:0:0:0, 10+7:2:0:0:3, 12+13:0:1:0:5, 5+1:0:0:0:0, 1+0:0:0:0:0, 788+530:21:20:0:135
C minor mel (3b),  ,  ,  ,  ,  ,  ,  ,  ,  ,  ,  ,  ,  ,  ,  ,  ,  ,  ,  ,  ,  ,  ,  ,  ,  ,  ,  ,  ,  ,  ,  ,  ,  ,  ,  ,  ,  ,  ,  ,  ,  ,  ,  ,  ,  ,  ,  ,  ,  ,  ,  ,  ,  ,  ,  ,  ,  ,  ,  ,  ,  ,  ,  ,  ,  ,  ,  ,  ,  ,  ,  ,  ,  ,  ,  ,  ,  ,  ,  ,  ,  ,  ,  ,  ,  ,  ,  ,  ,  ,  ,  ,  ,  ,  ,  ,  ,  ,  ,  ,  ,  ,  ,  ,  ,  ,  ,  ,  ,  ,  ,  ,  ,  ,  ,  ,  ,  ,  ,  ,  ,  ,  ,  ,  ,  ,  ,  ,  ,  ,  ,  ,  ,  ,  ,  ,  ,  ,  ,  ,  ,  ,  ,  ,  ,  ,  ,  ,  ,  ,  ,  ,  ,  ,  ,  ,  ,  ,  ,  ,  ,  ,  ,  ,  ,  ,  ,  ,  ,  ,  ,  ,  ,  ,  ,  ,  ,  ,  , 0+0:0:0:0:0
F# minor mel (3#),  ,  ,  ,  ,  ,  ,  ,  ,  ,  ,  ,  ,  ,  ,  ,  ,  ,  ,  ,  ,  ,  ,  ,  ,  ,  ,  ,  ,  ,  ,  ,  ,  ,  ,  ,  ,  ,  ,  ,  ,  ,  ,  ,  ,  ,  ,  ,  ,  ,  ,  ,  ,  ,  ,  ,  ,  ,  ,  ,  ,  ,  ,  ,  ,  ,  ,  ,  ,  ,  ,  ,  ,  ,  ,  ,  ,  ,  ,  ,  ,  ,  ,  ,  ,  ,  ,  ,  ,  ,  ,  ,  ,  ,  ,  ,  ,  ,  ,  ,  ,  ,  ,  ,  ,  ,  ,  ,  ,  ,  ,  ,  ,  ,  ,  ,  ,  ,  ,  ,  ,  ,  ,  ,  ,  ,  ,  ,  ,  ,  ,  ,  ,  ,  ,  ,  ,  ,  ,  ,  ,  ,  ,  ,  ,  ,  ,  ,  ,  ,  ,  ,  ,  ,  ,  ,  ,  ,  ,  ,  ,  ,  ,  ,  ,  ,  ,  ,  ,  ,  ,  ,  ,  ,  ,  ,  ,  ,  , 0+0:0:0:0:0
Eb major blues (3b),  ,  ,  ,  ,  ,  ,  ,  ,  ,  ,  ,  ,  ,  ,  ,  ,  ,  ,  ,  ,  ,  ,  ,  ,  ,  ,  ,  ,  ,  ,  ,  ,  ,  ,  ,  ,  ,  ,  ,  ,  ,  ,  ,  ,  ,  ,  ,  ,  ,  ,  ,  ,  ,  ,  ,  ,  ,  ,  ,  ,  ,  ,  ,  ,  ,  ,  ,  ,  ,  ,  ,  ,  ,  ,  ,  ,  ,  ,  ,  ,  ,  ,  ,  ,  ,  ,  ,  ,  ,  ,  ,  ,  ,  ,  ,  ,  ,  ,  ,  ,  ,  ,  ,  ,  ,  ,  ,  ,  ,  ,  ,  ,  ,  ,  ,  ,  ,  ,  ,  ,  ,  ,  ,  ,  ,  ,  ,  ,  ,  ,  ,  ,  ,  ,  ,  ,  ,  ,  ,  ,  ,  ,  ,  ,  ,  ,  ,  ,  ,  ,  ,  ,  ,  ,  ,  ,  ,  ,  ,  ,  ,  ,  ,  ,  ,  ,  ,  ,  ,  ,  ,  ,  ,  ,  ,  ,  ,  , 0+0:0:0:0:0
A major blues (3#),  ,  ,  ,  ,  ,  ,  ,  ,  ,  ,  ,  ,  ,  ,  ,  ,  ,  ,  ,  ,  ,  ,  ,  ,  ,  ,  ,  ,  ,  ,  ,  ,  ,  ,  ,  ,  ,  ,  ,  ,  ,  ,  ,  ,  ,  ,  ,  ,  ,  ,  ,  ,  ,  ,  ,  ,  ,  ,  ,  ,  ,  ,  ,  ,  ,  ,  ,  ,  ,  ,  ,  ,  ,  ,  ,  ,  ,  ,  ,  ,  ,  ,  ,  ,  ,  ,  ,  ,  ,  ,  ,  ,  ,  ,  ,  ,  ,  ,  ,  ,  ,  ,  ,  ,  ,  ,  ,  ,  ,  ,  ,  ,  ,  ,  ,  ,  ,  ,  ,  ,  ,  ,  ,  ,  ,  ,  ,  ,  ,  ,  ,  ,  ,  ,  ,  ,  ,  ,  ,  ,  ,  ,  ,  ,  ,  ,  ,  ,  ,  ,  ,  ,  ,  ,  ,  ,  ,  ,  ,  ,  ,  ,  ,  ,  ,  ,  ,  ,  ,  ,  ,  ,  ,  ,  ,  ,  ,  , 0+0:0:0:0:0
C minor blues (3b),  ,  ,  ,  ,  ,  ,  ,  ,  ,  ,  ,  ,  ,  ,  ,  ,  ,  ,  ,  ,  ,  ,  ,  ,  ,  ,  ,  ,  ,  ,  ,  ,  ,  ,  ,  ,  ,  ,  ,  ,  ,  ,  ,  ,  ,  ,  ,  ,  ,  ,  ,  ,  ,  ,  ,  ,  ,  ,  ,  ,  ,  ,  ,  ,  ,  ,  ,  ,  ,  ,  ,  ,  ,  ,  ,  ,  ,  ,  ,  ,  ,  ,  ,  ,  ,  ,  ,  ,  ,  ,  ,  ,  ,  ,  ,  ,  ,  ,  ,  ,  ,  ,  ,  ,  ,  ,  ,  ,  ,  ,  ,  ,  ,  ,  ,  ,  ,  ,  ,  ,  ,  ,  ,  ,  ,  ,  ,  ,  ,  ,  ,  ,  ,  ,  ,  ,  ,  ,  ,  ,  ,  ,  ,  ,  ,  ,  ,  ,  ,  ,  ,  ,  ,  ,  ,  ,  ,  ,  ,  ,  ,  ,  ,  ,  ,  ,  ,  ,  ,  ,  ,  ,  ,  ,  ,  ,  ,  , 0+0:0:0:0:0
F# minor blues (3#),  ,  ,  ,  ,  ,  ,  ,  ,  ,  ,  ,  ,  ,  ,  ,  ,  ,  ,  ,  ,  ,  ,  ,  ,  ,  ,  ,  ,  ,  ,  ,  ,  ,  ,  ,  ,  ,  ,  ,  ,  ,  ,  ,  ,  ,  ,  ,  ,  ,  ,  ,  ,  ,  ,  ,  ,  ,  ,  ,  ,  ,  ,  ,  ,  ,  ,  ,  ,  ,  ,  ,  ,  ,  ,  ,  ,  ,  ,  ,  ,  ,  ,  ,  ,  ,  ,  ,  ,  ,  ,  ,  ,  ,  ,  ,  ,  ,  ,  ,  ,  ,  ,  ,  ,  ,  ,  ,  ,  ,  ,  ,  ,  ,  ,  ,  ,  ,  ,  ,  ,  ,  ,  ,  ,  ,  ,  ,  ,  ,  ,  ,  ,  ,  ,  ,  ,  ,  ,  ,  ,  ,  ,  ,  ,  ,  ,  ,  ,  ,  ,  ,  ,  ,  ,  ,  ,  ,  ,  ,  ,  ,  ,  ,  ,  ,  ,  ,  ,  ,  ,  ,  ,  ,  ,  ,  ,  ,  , 0+0:0:0:0:0
Eb dorian (3b),  ,  ,  ,  ,  ,  ,  ,  ,  ,  ,  ,  ,  ,  ,  ,  ,  ,  ,  ,  ,  ,  ,  ,  ,  ,  ,  ,  ,  ,  ,  ,  ,  ,  ,  ,  ,  ,  ,  ,  ,  ,  ,  ,  ,  ,  ,  ,  ,  ,  ,  ,  ,  ,  ,  ,  ,  ,  ,  ,  ,  ,  ,  ,  ,  ,  ,  ,  ,  ,  ,  ,  ,  ,  ,  ,  ,  ,  ,  ,  ,  ,  ,  ,  ,  ,  ,  ,  ,  ,  ,  ,  ,  ,  ,  ,  ,  ,  ,  ,  ,  ,  ,  ,  ,  ,  ,  ,  ,  ,  ,  ,  ,  ,  ,  ,  ,  ,  ,  ,  ,  ,  ,  ,  ,  ,  ,  ,  ,  ,  ,  ,  ,  ,  ,  ,  ,  ,  ,  ,  ,  ,  ,  ,  ,  ,  ,  ,  ,  ,  ,  ,  ,  ,  ,  ,  ,  ,  ,  ,  ,  ,  ,  ,  ,  ,  ,  ,  ,  ,  ,  ,  ,  ,  ,  ,  ,  ,  , 0+0:0:0:0:0
A dorian (3#),  ,  ,  ,  ,  ,  ,  ,  ,  ,  ,  ,  ,  ,  ,  ,  ,  ,  ,  ,  ,  ,  ,  ,  ,  ,  ,  ,  ,  ,  ,  ,  ,  ,  ,  ,  ,  ,  ,  ,  ,  ,  ,  ,  ,  ,  ,  ,  ,  ,  ,  ,  ,  ,  ,  ,  ,  ,  ,  ,  ,  ,  ,  ,  ,  ,  ,  ,  ,  ,  ,  ,  ,  ,  ,  ,  ,  ,  ,  ,  ,  ,  ,  ,  ,  ,  ,  ,  ,  ,  ,  ,  ,  ,  ,  ,  ,  ,  ,  ,  ,  ,  ,  ,  ,  ,  ,  ,  ,  ,  ,  ,  ,  ,  ,  ,  ,  ,  ,  ,  ,  ,  ,  ,  ,  ,  ,  ,  ,  ,  ,  ,  ,  ,  ,  ,  ,  ,  ,  ,  ,  ,  ,  ,  ,  ,  ,  ,  ,  ,  ,  ,  ,  ,  ,  ,  ,  ,  ,  ,  ,  ,  ,  ,  ,  ,  ,  ,  ,  ,  ,  ,  ,  ,  ,  ,  ,  ,  , 0+0:0:0:0:0
Eb phrygian (3b),  ,  ,  ,  ,  ,  ,  ,  ,  ,  ,  ,  ,  ,  ,  ,  ,  ,  ,  ,  ,  ,  ,  ,  ,  ,  ,  ,  ,  ,  ,  ,  ,  ,  ,  ,  ,  ,  ,  ,  ,  ,  ,  ,  ,  ,  ,  ,  ,  ,  ,  ,  ,  ,  ,  ,  ,  ,  ,  ,  ,  ,  ,  ,  ,  ,  ,  ,  ,  ,  ,  ,  ,  ,  ,  ,  ,  ,  ,  ,  ,  ,  ,  ,  ,  ,  ,  ,  ,  ,  ,  ,  ,  ,  ,  ,  ,  ,  ,  ,  ,  ,  ,  ,  ,  ,  ,  ,  ,  ,  ,  ,  ,  ,  ,  ,  ,  ,  ,  ,  ,  ,  ,  ,  ,  ,  ,  ,  ,  ,  ,  ,  ,  ,  ,  ,  ,  ,  ,  ,  ,  ,  ,  ,  ,  ,  ,  ,  ,  ,  ,  ,  ,  ,  ,  ,  ,  ,  ,  ,  ,  ,  ,  ,  ,  ,  ,  ,  ,  ,  ,  ,  ,  ,  ,  ,  ,  ,  , 0+0:0:0:0:0
A phrygian (3#),  ,  ,  ,  ,  ,  ,  ,  ,  ,  ,  ,  ,  ,  ,  ,  ,  ,  ,  ,  ,  ,  ,  ,  ,  ,  ,  ,  ,  ,  ,  ,  ,  ,  ,  ,  ,  ,  ,  ,  ,  ,  ,  ,  ,  ,  ,  ,  ,  ,  ,  ,  ,  ,  ,  ,  ,  ,  ,  ,  ,  ,  ,  ,  ,  ,  ,  ,  ,  ,  ,  ,  ,  ,  ,  ,  ,  ,  ,  ,  ,  ,  ,  ,  ,  ,  ,  ,  ,  ,  ,  ,  ,  ,  ,  ,  ,  ,  ,  ,  ,  ,  ,  ,  ,  ,  ,  ,  ,  ,  ,  ,  ,  ,  ,  ,  ,  ,  ,  ,  ,  ,  ,  ,  ,  ,  ,  ,  ,  ,  ,  ,  ,  ,  ,  ,  ,  ,  ,  ,  ,  ,  ,  ,  ,  ,  ,  ,  ,  ,  ,  ,  ,  ,  ,  ,  ,  ,  ,  ,  ,  ,  ,  ,  ,  ,  ,  ,  ,  ,  ,  ,  ,  ,  ,  ,  ,  ,  , 0+0:0:0:0:0
Eb lydian (3b),  ,  ,  ,  ,  ,  ,  ,  ,  ,  ,  ,  ,  ,  ,  ,  ,  ,  ,  ,  ,  ,  ,  ,  ,  ,  ,  ,  ,  ,  ,  ,  ,  ,  ,  ,  ,  ,  ,  ,  ,  ,  ,  ,  ,  ,  ,  ,  ,  ,  ,  ,  ,  ,  ,  ,  ,  ,  ,  ,  ,  ,  ,  ,  ,  ,  ,  ,  ,  ,  ,  ,  ,  ,  ,  ,  ,  ,  ,  ,  ,  ,  ,  ,  ,  ,  ,  ,  ,  ,  ,  ,  ,  ,  ,  ,  ,  ,  ,  ,  ,  ,  ,  ,  ,  ,  ,  ,  ,  ,  ,  ,  ,  ,  ,  ,  ,  ,  ,  ,  ,  ,  ,  ,  ,  ,  ,  ,  ,  ,  ,  ,  ,  ,  ,  ,  ,  ,  ,  ,  ,  ,  ,  ,  ,  ,  ,  ,  ,  ,  ,  ,  ,  ,  ,  ,  ,  ,  ,  ,  ,  ,  ,  ,  ,  ,  ,  ,  ,  ,  ,  ,  ,  ,  ,  ,  ,  ,  , 0+0:0:0:0:0
A lydian (3#),  ,  ,  ,  ,  ,  ,  ,  ,  ,  ,  ,  ,  ,  ,  ,  ,  ,  ,  ,  ,  ,  ,  ,  ,  ,  ,  ,  ,  ,  ,  ,  ,  ,  ,  ,  ,  ,  ,  ,  ,  ,  ,  ,  ,  ,  ,  ,  ,  ,  ,  ,  ,  ,  ,  ,  ,  ,  ,  ,  ,  ,  ,  ,  ,  ,  ,  ,  ,  ,  ,  ,  ,  ,  ,  ,  ,  ,  ,  ,  ,  ,  ,  ,  ,  ,  ,  ,  ,  ,  ,  ,  ,  ,  ,  ,  ,  ,  ,  ,  ,  ,  ,  ,  ,  ,  ,  ,  ,  ,  ,  ,  ,  ,  ,  ,  ,  ,  ,  ,  ,  ,  ,  ,  ,  ,  ,  ,  ,  ,  ,  ,  ,  ,  ,  ,  ,  ,  ,  ,  ,  ,  ,  ,  ,  ,  ,  ,  ,  ,  ,  ,  ,  ,  ,  ,  ,  ,  ,  ,  ,  ,  ,  ,  ,  ,  ,  ,  ,  ,  ,  ,  ,  ,  ,  ,  ,  ,  , 0+0:0:0:0:0
Eb mixolydian (3b),  ,  ,  ,  ,  ,  ,  ,  ,  ,  ,  ,  ,  ,  ,  ,  ,  ,  ,  ,  ,  ,  ,  ,  ,  ,  ,  ,  ,  ,  ,  ,  ,  ,  ,  ,  ,  ,  ,  ,  ,  ,  ,  ,  ,  ,  ,  ,  ,  ,  ,  ,  ,  ,  ,  ,  ,  ,  ,  ,  ,  ,  ,  ,  ,  ,  ,  ,  ,  ,  ,  ,  ,  ,  ,  ,  ,  ,  ,  ,  ,  ,  ,  ,  ,  ,  ,  ,  ,  ,  ,  ,  ,  ,  ,  ,  ,  ,  ,  ,  ,  ,  ,  ,  ,  ,  ,  ,  ,  ,  ,  ,  ,  ,  ,  ,  ,  ,  ,  ,  ,  ,  ,  ,  ,  ,  ,  ,  ,  ,  ,  ,  ,  ,  ,  ,  ,  ,  ,  ,  ,  ,  ,  ,  ,  ,  ,  ,  ,  ,  ,  ,  ,  ,  ,  ,  ,  ,  ,  ,  ,  ,  ,  ,  ,  ,  ,  ,  ,  ,  ,  ,  ,  ,  ,  ,  ,  ,  , 0+0:0:0:0:0
A mixolydian (3#),  ,  ,  ,  ,  ,  ,  ,  ,  ,  ,  ,  ,  ,  ,  ,  ,  ,  ,  ,  ,  ,  ,  ,  ,  ,  ,  ,  ,  ,  ,  ,  ,  ,  ,  ,  ,  ,  ,  ,  ,  ,  ,  ,  ,  ,  ,  ,  ,  ,  ,  ,  ,  ,  ,  ,  ,  ,  ,  ,  ,  ,  ,  ,  ,  ,  ,  ,  ,  ,  ,  ,  ,  ,  ,  ,  ,  ,  ,  ,  ,  ,  ,  ,  ,  ,  ,  ,  ,  ,  ,  ,  ,  ,  ,  ,  ,  ,  ,  ,  ,  ,  ,  ,  ,  ,  ,  ,  ,  ,  ,  ,  ,  ,  ,  ,  ,  ,  ,  ,  ,  ,  ,  ,  ,  ,  ,  ,  ,  ,  ,  ,  ,  ,  ,  ,  ,  ,  ,  ,  ,  ,  ,  ,  ,  ,  ,  ,  ,  ,  ,  ,  ,  ,  ,  ,  ,  ,  ,  ,  ,  ,  ,  ,  ,  ,  ,  ,  ,  ,  ,  ,  ,  ,  ,  ,  ,  ,  , 0+0:0:0:0:0
Eb aeolian (3b),  ,  ,  ,  ,  ,  ,  ,  ,  ,  ,  ,  ,  ,  ,  ,  ,  ,  ,  ,  ,  ,  ,  ,  ,  ,  ,  ,  ,  ,  ,  ,  ,  ,  ,  ,  ,  ,  ,  ,  ,  ,  ,  ,  ,  ,  ,  ,  ,  ,  ,  ,  ,  ,  ,  ,  ,  ,  ,  ,  ,  ,  ,  ,  ,  ,  ,  ,  ,  ,  ,  ,  ,  ,  ,  ,  ,  ,  ,  ,  ,  ,  ,  ,  ,  ,  ,  ,  ,  ,  ,  ,  ,  ,  ,  ,  ,  ,  ,  ,  ,  ,  ,  ,  ,  ,  ,  ,  ,  ,  ,  ,  ,  ,  ,  ,  ,  ,  ,  ,  ,  ,  ,  ,  ,  ,  ,  ,  ,  ,  ,  ,  ,  ,  ,  ,  ,  ,  ,  ,  ,  ,  ,  ,  ,  ,  ,  ,  ,  ,  ,  ,  ,  ,  ,  ,  ,  ,  ,  ,  ,  ,  ,  ,  ,  ,  ,  ,  ,  ,  ,  ,  ,  ,  ,  ,  ,  ,  , 0+0:0:0:0:0
A aeolian (3#),  ,  ,  ,  ,  ,  ,  ,  ,  ,  ,  ,  ,  ,  ,  ,  ,  ,  ,  ,  ,  ,  ,  ,  ,  ,  ,  ,  ,  ,  ,  ,  ,  ,  ,  ,  ,  ,  ,  ,  ,  ,  ,  ,  ,  ,  ,  ,  ,  ,  ,  ,  ,  ,  ,  ,  ,  ,  ,  ,  ,  ,  ,  ,  ,  ,  ,  ,  ,  ,  ,  ,  ,  ,  ,  ,  ,  ,  ,  ,  ,  ,  ,  ,  ,  ,  ,  ,  ,  ,  ,  ,  ,  ,  ,  ,  ,  ,  ,  ,  ,  ,  ,  ,  ,  ,  ,  ,  ,  ,  ,  ,  ,  ,  ,  ,  ,  ,  ,  ,  ,  ,  ,  ,  ,  ,  ,  ,  ,  ,  ,  ,  ,  ,  ,  ,  ,  ,  ,  ,  ,  ,  ,  ,  ,  ,  ,  ,  ,  ,  ,  ,  ,  ,  ,  ,  ,  ,  ,  ,  ,  ,  ,  ,  ,  ,  ,  ,  ,  ,  ,  ,  ,  ,  ,  ,  ,  ,  , 0+0:0:0:0:0
Eb locrian (3b),  ,  ,  ,  ,  ,  ,  ,  ,  ,  ,  ,  ,  ,  ,  ,  ,  ,  ,  ,  ,  ,  ,  ,  ,  ,  ,  ,  ,  ,  ,  ,  ,  ,  ,  ,  ,  ,  ,  ,  ,  ,  ,  ,  ,  ,  ,  ,  ,  ,  ,  ,  ,  ,  ,  ,  ,  ,  ,  ,  ,  ,  ,  ,  ,  ,  ,  ,  ,  ,  ,  ,  ,  ,  ,  ,  ,  ,  ,  ,  ,  ,  ,  ,  ,  ,  ,  ,  ,  ,  ,  ,  ,  ,  ,  ,  ,  ,  ,  ,  ,  ,  ,  ,  ,  ,  ,  ,  ,  ,  ,  ,  ,  ,  ,  ,  ,  ,  ,  ,  ,  ,  ,  ,  ,  ,  ,  ,  ,  ,  ,  ,  ,  ,  ,  ,  ,  ,  ,  ,  ,  ,  ,  ,  ,  ,  ,  ,  ,  ,  ,  ,  ,  ,  ,  ,  ,  ,  ,  ,  ,  ,  ,  ,  ,  ,  ,  ,  ,  ,  ,  ,  ,  ,  ,  ,  ,  ,  , 0+0:0:0:0:0
A locrian (3#),  ,  ,  ,  ,  ,  ,  ,  ,  ,  ,  ,  ,  ,  ,  ,  ,  ,  ,  ,  ,  ,  ,  ,  ,  ,  ,  ,  ,  ,  ,  ,  ,  ,  ,  ,  ,  ,  ,  ,  ,  ,  ,  ,  ,  ,  ,  ,  ,  ,  ,  ,  ,  ,  ,  ,  ,  ,  ,  ,  ,  ,  ,  ,  ,  ,  ,  ,  ,  ,  ,  ,  ,  ,  ,  ,  ,  ,  ,  ,  ,  ,  ,  ,  ,  ,  ,  ,  ,  ,  ,  ,  ,  ,  ,  ,  ,  ,  ,  ,  ,  ,  ,  ,  ,  ,  ,  ,  ,  ,  ,  ,  ,  ,  ,  ,  ,  ,  ,  ,  ,  ,  ,  ,  ,  ,  ,  ,  ,  ,  ,  ,  ,  ,  ,  ,  ,  ,  ,  ,  ,  ,  ,  ,  ,  ,  ,  ,  ,  ,  ,  ,  ,  ,  ,  ,  ,  ,  ,  ,  ,  ,  ,  ,  ,  ,  ,  ,  ,  ,  ,  ,  ,  ,  ,  ,  ,  ,  , 0+0:0:0:0:0
Ab major (4b), 0+0:0:0:0:0, 7+7:0:0:0:1, 4+5:0:0:0:0, 7+4:0:0:0:2, 4+1:0:0:0:0, 1+4:0:0:0:0, 0+0:0:0:0:0, 5+3:0:1:0:1, 2+0:0:0:0:0, 7+1:0:0:0:0, 4+1:0:0:0:0, 5+2:0:0:0:0, 4+1:0:0:0:0, 1+4:0:0:0:0, 0+0:0:0:0:0, 5+3:0:1:0:1, 2+0:0:0:0:0, 6+0:0:0:0:0, 4+1:0:0:0:0, 7+2:0:0:0:0, 4+1:0:0:0:0, 7+3:1:0:0:1, 7+3:1:0:0:3, 4+2:0:0:0:0, 5+1:1:0:0:1, 7+2:0:0:0:1, 4+1:0:0:0:0, 5+2:0:0:0:0, 4+1:0:0:0:0, 1+4:0:0:0:0, 0+0:0:0:0:0, 5+3:0:1:0:1, 2+1:0:0:0:0, 0+0:0:0:0:0, 0+0:0:0:0:0, 10+12:0:0:0:2, 7+4:0:0:0:0, 10+6:0:0:0:2, 4+3:0:0:0:0, 2+3:0:0:0:0, 2+2:0:1:0:1, 8+5:0:1:0:2, 5+1:0:0:0:1, 9+6:0:0:0:1, 7+9:0:0:0:0, 6+4:0:0:0:3, 5+4:0:0:0:0, 2+3:0:0:0:0, 0+0:0:0:0:0, 6+5:0:2:0:1, 4+0:0:0:0:0, 9+3:0:0:0:0, 5+2:0:0:0:1, 9+5:0:0:0:1, 6+3:0:0:0:0, 10+6:1:0:0:2, 6+6:1:0:0:2, 5+7:0:0:0:4, 9+8:1:0:0:2, 11+7:0:0:0:3, 6+12:5:0:0:0, 6+3:0:0:0:0, 4+2:0:0:0:0, 1+4:0:0:0:0, 0+0:0:0:0:0, 4+4:0:1:0:2, 1+0:0:0:0:0, 0+0:0:0:0:0, 0+0:0:0:0:0, 7+5:0:0:0:1, 4+4:0:0:0:0, 4+3:0:0:0:1, 3+1:0:0:0:0, 1+2:0:0:0:0, 0+0:0:0:0:0, 5+3:0:1:0:1, 2+2:0:0:0:2, 8+7:0:0:0:2, 6+8:0:0:0:0, 6+4:0:0:0:1, 5+3:0:0:0:0, 2+1:0:0:0:1, 3+2:0:0:0:0, 5+4:0:2:0:1, 3+0:0:0:0:0, 8+1:0:0:0:0, 4+2:0:0:0:0, 7+3:0:0:0:0, 4+1:0:0:0:0, 8+4:1:1:0:2, 7+7:1:0:0:2, 5+4:0:0:0:1, 6+2:1:0:0:1, 8+2:0:0:0:0, 4+1:0:0:0:0, 10+4:0:0:0:0, 2+1:0:0:0:0, 1+3:0:0:0:0, 0+0:0:0:0:0, 4+4:0:1:0:2, 2+0:0:0:0:0, 0+3:0:0:0:0, 0+0:0:0:0:0, 7+6:0:0:0:1, 6+6:0:0:0:0, 5+5:0:0:0:1, 4+2:0:0:0:0, 1+4:0:0:0:0, 1+1:0:0:0:1, 4+5:0:1:0:2, 4+1:0:0:0:1, 8+1:0:0:0:0, 7+2:0:0:0:0, 5+3:0:0:0:0, 4+3:0:0:0:0, 1+3:0:0:0:0, 0+0:0:0:0:0, 4+4:0:1:0:2, 3+0:0:0:0:0, 7+0:0:0:0:0, 4+2:0:0:0:0, 7+1:0:0:0:0, 5+2:0:0:0:0, 7+3:1:0:0:1, 8+6:2:0:0:3, 11+6:2:0:0:3, 6+2:1:1:0:1, 7+4:0:0:0:1, 4+5:0:0:0:0, 5+3:0:0:0:1, 4+1:0:0:0:0, 2+2:0:0:0:0, 0+0:0:0:0:0, 4+3:0:1:0:1, 2+2:0:0:0:0, 0+0:0:0:0:0, 1+1:0:0:0:0, 8+2:0:0:0:1, 8+3:0:0:0:1, 5+4:0:0:0:0, 4+3:0:0:0:0, 2+3:0:0:0:0, 0+0:0:0:0:0, 6+4:0:1:0:2, 3+1:0:0:0:0, 7+2:0:0:0:0, 4+3:0:0:0:0, 6+2:0:0:0:0, 6+2:0:0:0:0, 1+3:0:0:0:0, 0+0:0:0:0:0, 4+4:0:1:0:2, 2+0:0:0:0:0, 6+0:0:0:0:0, 5+3:0:0:0:0, 7+1:0:0:0:0, 5+3:0:0:0:0, 8+4:1:0:0:1, 6+7:1:0:0:2, 13+6:2:0:0:3, 5+1:0:0:0:0, 7+5:0:0:0:1, 5+6:0:0:0:0, 5+3:0:0:0:1, 4+1:1:0:0:1, 1+4:0:0:0:0, 2+2:0:0:0:2, 5+3:0:1:0:1, 2+2:0:0:0:1, 0+0:0:0:0:0, 1+1:0:0:0:1, 0+0:0:0:0:0, 4+3:0:0:0:2, 0+1:0:0:0:0, 10+6:2:0:0:2, 15+13:0:1:0:7, 0+0:0:0:0:0, 0+0:0:0:0:0, 783+493:27:21:0:110
E major (4#), 2+1:0:0:0:0, 2+4:0:0:0:0, 3+1:0:0:0:0, 6+4:0:0:0:2, 4+0:0:0:0:0, 8+1:0:0:0:1, 6+0:0:0:0:0, 7+6:0:1:0:1, 3+2:0:0:0:0, 2+1:0:0:0:0, 3+1:0:0:0:0, 7+4:0:0:0:1, 4+0:0:0:0:0, 8+1:0:0:0:1, 6+0:0:0:0:0, 7+6:0:1:0:1, 2+0:0:0:0:0, 0+0:0:0:0:0, 0+0:0:0:0:0, 1+1:0:1:0:1, 0+1:0:0:0:0, 4+4:1:0:0:1, 4+4:1:0:0:1, 5+4:0:0:0:0, 5+4:0:0:0:1, 2+4:0:0:0:0, 3+1:0:0:0:0, 5+3:0:0:0:1, 4+0:0:0:0:0, 7+1:0:0:0:1, 6+0:0:0:0:0, 7+6:0:1:0:1, 7+3:0:0:0:1, 4+1:0:0:0:0, 1+1:0:0:0:0, 4+7:0:0:0:1, 5+4:0:0:0:0, 10+8:0:0:0:2, 3+2:0:0:0:2, 9+1:0:0:0:1, 9+2:0:1:0:1, 10+7:0:1:0:1, 5+4:0:0:0:0, 3+5:0:0:0:4, 5+6:0:0:0:0, 6+5:0:0:0:1, 5+1:0:0:0:0, 9+1:0:0:0:1, 7+0:0:0:0:0, 10+4:0:1:0:1, 3+2:0:0:0:0, 3+2:0:1:0:1, 1+1:0:1:0:0, 4+2:0:0:0:0, 0+4:0:0:0:0, 8+5:0:0:0:2, 5+4:1:0:0:1, 8+7:0:0:0:1, 6+7:1:0:0:1, 5+8:0:0:0:1, 6+7:0:0:0:0, 6+3:0:0:0:1, 6+6:0:0:0:0, 8+1:0:0:0:1, 7+0:0:0:0:0, 7+4:0:1:0:2, 6+3:0:0:0:0, 4+0:0:0:0:0, 0+0:0:0:0:0, 2+3:0:0:0:0, 3+1:0:0:0:0, 5+2:0:0:0:1, 3+0:0:0:0:0, 8+1:0:0:0:1, 7+0:0:0:0:0, 7+6:0:1:0:1, 5+2:0:0:0:0, 3+2:0:0:0:0, 4+2:0:0:0:0, 6+2:0:0:0:1, 5+4:0:0:0:1, 9+8:0:0:0:0, 9+6:0:0:0:1, 7+6:0:1:0:5, 3+1:0:0:0:0, 1+1:0:0:0:0, 0+0:0:0:0:0, 0+0:0:0:0:0, 0+0:0:0:0:0, 5+4:2:0:0:0, 5+3:1:0:0:0, 5+6:0:0:0:0, 6+3:0:0:0:1, 2+6:0:0:0:0, 3+1:0:0:0:0, 9+6:0:0:0:2, 6+5:0:0:0:0, 7+1:0:0:0:1, 6+0:0:0:0:0, 6+5:0:1:0:1, 5+1:0:0:0:0, 4+0:0:0:0:0, 5+0:0:0:0:0, 2+6:0:0:0:1, 4+3:0:0:0:0, 5+2:0:0:0:1, 5+2:0:0:0:0, 7+1:0:0:0:1, 8+1:0:0:0:1, 6+7:0:1:0:1, 4+4:0:0:0:0, 2+1:0:0:0:0, 5+2:0:0:0:0, 6+4:0:0:0:1, 4+0:0:0:0:0, 7+1:0:0:0:1, 6+0:0:0:0:0, 6+4:0:1:0:1, 3+1:0:0:0:0, 0+0:0:0:0:0, 0+0:0:0:0:0, 1+1:0:0:0:0, 0+0:0:0:0:0, 3+3:1:0:0:1, 6+6:2:0:0:3, 7+8:5:0:0:5, 6+6:0:0:0:1, 2+4:0:0:0:0, 3+1:0:0:0:0, 5+2:0:0:0:1, 6+4:0:0:0:0, 9+1:0:0:0:1, 7+0:0:0:0:0, 6+4:0:1:0:1, 7+4:0:0:0:0, 5+0:0:0:0:0, 4+1:0:0:0:0, 3+2:0:0:0:1, 8+3:0:0:0:0, 5+3:0:0:0:1, 4+0:0:0:0:0, 8+1:0:0:0:1, 7+0:0:0:0:0, 8+6:0:1:0:1, 4+2:0:0:0:0, 3+2:0:0:0:0, 4+3:1:0:0:1, 6+3:0:0:0:1, 6+1:0:0:0:0, 8+1:0:0:0:1, 7+0:0:0:0:0, 6+5:0:1:0:1, 2+0:0:0:0:0, 0+0:0:0:0:0, 1+0:0:0:0:0, 0+0:0:0:0:0, 0+0:0:0:0:0, 4+3:1:0:0:0, 5+3:1:0:0:0, 8+7:0:0:0:1, 5+5:0:0:0:2, 2+3:0:0:0:0, 4+2:0:0:0:0, 5+3:0:0:0:1, 6+4:1:0:0:1, 7+1:0:0:0:1, 7+2:0:0:0:2, 7+3:0:1:0:1, 5+2:1:0:0:2, 4+0:0:0:0:0, 5+1:0:0:0:1, 4+0:0:0:0:0, 5+3:1:0:0:3, 4+0:0:0:0:0, 9+7:2:0:0:3, 13+13:0:1:0:5, 5+1:0:0:0:0, 1+0:0:0:0:0, 861+460:23:20:0:109
F minor (4b), 0+0:0:0:0:0, 7+2:0:0:0:0, 4+0:0:0:0:0, 7+2:0:0:0:0, 4+0:0:0:0:0, 1+4:0:0:0:0, 0+2:0:0:0:0, 5+3:0:1:0:1, 2+0:0:0:0:0, 7+2:0:0:0:0, 4+0:0:0:0:0, 5+2:0:0:0:0, 4+0:0:0:0:0, 1+4:0:0:0:0, 0+2:0:0:0:0, 5+3:0:1:0:1, 2+0:0:0:0:0, 6+2:0:0:0:0, 4+1:0:0:0:0, 7+2:0:0:0:0, 4+1:0:0:0:0, 7+2:1:0:0:1, 7+4:1:0:0:0, 4+2:0:0:0:0, 5+1:1:0:0:1, 7+2:0:0:0:0, 4+0:0:0:0:0, 5+1:0:0:0:0, 4+0:0:0:0:0, 1+4:0:0:0:0, 0+2:0:0:0:0, 5+3:0:1:0:1, 2+2:0:0:0:0, 0+1:0:0:0:0, 0+0:0:0:0:0, 10+5:0:0:0:1, 7+4:0:0:0:4, 10+6:0:0:0:2, 4+2:0:0:0:0, 2+3:0:0:0:0, 2+4:0:1:0:1, 8+8:0:1:0:1, 6+2:0:0:0:0, 9+6:0:0:0:4, 7+6:0:0:0:4, 6+5:0:0:0:3, 5+4:0:0:0:0, 2+3:0:0:0:0, 0+1:0:0:0:0, 7+4:0:1:0:1, 4+0:0:0:0:0, 9+2:0:1:0:1, 5+2:0:0:0:1, 9+5:0:0:0:1, 6+3:0:0:0:0, 10+10:0:0:0:0, 6+3:1:0:0:0, 5+6:0:0:0:0, 9+5:1:0:0:2, 11+6:0:0:0:1, 6+8:5:0:0:5, 6+1:0:0:0:0, 4+2:0:0:0:0, 1+4:0:0:0:0, 0+2:0:0:0:0, 4+2:0:1:0:1, 1+1:0:0:0:0, 0+1:0:0:0:0, 0+0:0:0:0:0, 7+3:0:0:0:0, 4+0:0:0:0:0, 4+1:0:0:0:0, 3+0:0:0:0:0, 1+2:0:0:0:0, 0+1:0:0:0:0, 5+3:0:1:0:1, 2+1:0:0:0:0, 8+3:0:0:0:0, 6+1:0:0:0:1, 6+1:0:0:0:0, 5+1:0:0:0:0, 2+2:0:0:0:0, 3+3:0:0:0:0, 5+5:0:1:0:2, 3+0:0:0:0:0, 8+2:0:0:0:1, 4+2:0:0:0:0, 7+3:0:0:0:0, 4+1:0:0:0:0, 8+3:2:0:0:0, 7+3:1:0:0:0, 5+4:0:0:0:1, 6+2:1:0:0:1, 8+2:0:0:0:0, 4+0:0:0:0:0, 9+3:0:0:0:1, 2+1:0:0:0:0, 1+3:0:0:0:0, 0+2:0:0:0:0, 4+5:0:1:0:1, 2+0:0:0:0:0, 0+3:0:0:0:0, 0+0:0:0:0:0, 7+4:0:0:0:0, 6+1:0:0:0:0, 5+1:0:0:0:0, 4+2:0:0:0:0, 1+4:0:0:0:0, 1+3:0:0:0:0, 4+7:0:1:0:1, 4+1:0:0:0:1, 8+3:0:0:0:0, 7+1:0:0:0:1, 5+2:0:0:0:0, 4+0:0:0:0:0, 1+3:0:0:0:0, 0+2:0:0:0:0, 4+4:0:1:0:1, 3+0:0:0:0:0, 7+2:0:0:0:0, 4+2:0:0:0:0, 7+1:0:0:0:0, 5+2:0:0:0:0, 7+1:1:0:0:0, 8+4:2:0:0:0, 9+6:0:0:0:0, 5+3:1:0:0:1, 7+3:0:0:0:0, 4+0:0:0:0:0, 5+1:0:0:0:0, 4+1:0:0:0:0, 2+2:0:0:0:0, 0+2:0:0:0:0, 4+2:0:1:0:1, 2+4:0:0:0:0, 0+2:0:0:0:0, 1+2:0:0:0:0, 8+3:0:0:0:0, 8+3:0:0:0:1, 5+1:0:0:0:0, 4+0:0:0:0:0, 2+3:0:0:0:0, 0+2:0:0:0:0, 6+6:0:1:0:1, 3+1:0:0:0:0, 7+6:0:0:0:2, 4+3:0:0:0:0, 6+2:0:0:0:0, 6+2:0:0:0:0, 1+3:0:0:0:0, 0+2:0:0:0:0, 4+5:0:1:0:1, 2+0:0:0:0:0, 6+1:0:0:0:0, 5+3:0:0:0:0, 7+1:0:0:0:0, 5+3:0:0:0:0, 8+1:1:0:0:0, 6+3:1:0:0:0, 10+7:0:0:0:1, 5+2:1:0:0:1, 7+2:0:0:0:0, 5+1:0:0:0:1, 5+1:0:0:0:0, 4+1:1:0:0:1, 1+4:0:0:0:0, 2+4:0:0:0:0, 5+4:0:1:0:1, 2+1:0:0:0:0, 0+1:0:0:0:0, 1+0:0:0:0:0, 0+0:0:0:0:0, 4+5:0:0:0:0, 0+1:0:0:0:0, 10+6:2:0:0:2, 15+12:0:1:0:7, 0+1:0:0:0:0, 0+0:0:0:0:0, 778+433:24:18:0:72
C# minor (4#), 2+0:0:0:0:0, 2+4:0:0:0:1, 3+1:0:0:0:0, 6+4:0:0:0:2, 4+1:0:0:0:0, 8+4:0:0:0:0, 6+0:0:0:0:0, 7+3:0:1:0:1, 3+2:0:0:0:0, 2+1:0:0:0:0, 3+1:0:0:0:0, 7+4:0:0:0:1, 4+1:0:0:0:0, 8+4:0:0:0:0, 6+2:0:0:0:0, 7+8:0:1:0:5, 2+0:0:0:0:0, 0+0:0:0:0:0, 0+1:0:0:0:0, 1+2:0:0:0:0, 0+1:0:0:0:0, 4+4:1:0:0:1, 4+3:1:0:0:3, 5+4:0:0:0:1, 5+7:1:0:0:3, 2+4:0:0:0:1, 3+1:0:0:0:0, 5+3:0:0:0:1, 4+1:0:0:0:0, 7+4:0:0:0:0, 6+0:0:0:0:0, 7+3:0:1:0:1, 7+3:0:0:0:0, 4+0:0:0:0:0, 1+0:0:0:0:0, 4+12:0:0:0:2, 5+4:0:0:0:0, 10+13:1:0:0:1, 3+9:0:0:0:8, 9+1:0:0:0:1, 9+2:0:1:0:1, 10+5:0:1:0:2, 5+4:0:0:0:0, 3+5:0:0:0:4, 5+6:0:0:0:0, 6+8:1:0:0:1, 5+4:0:0:0:0, 9+3:0:0:0:0, 7+0:0:0:0:0, 9+5:0:2:0:1, 3+2:0:0:0:0, 3+3:0:0:0:0, 1+4:0:1:0:0, 4+5:0:0:0:1, 0+4:0:0:0:0, 8+6:1:0:0:0, 5+4:1:0:0:0, 7+7:0:0:0:0, 6+7:1:0:0:1, 5+8:0:0:0:1, 6+7:0:0:0:0, 6+3:0:0:0:1, 6+2:0:0:0:0, 8+1:0:0:0:1, 7+0:0:0:0:0, 7+4:0:1:0:2, 6+3:0:0:0:0, 4+0:0:0:0:0, 0+0:0:0:0:0, 2+2:0:0:0:1, 3+1:0:0:0:0, 5+2:0:0:0:1, 3+1:0:0:0:0, 8+2:0:0:0:0, 7+0:0:0:0:0, 7+3:0:1:0:1, 5+2:0:0:0:0, 3+2:0:0:0:0, 4+2:0:0:0:0, 6+2:0:0:0:1, 5+4:0:0:0:1, 9+2:0:0:0:0, 9+2:0:0:0:0, 7+6:0:1:0:5, 3+1:0:0:0:0, 1+1:0:0:0:0, 0+2:0:0:0:0, 0+3:0:0:0:0, 0+1:0:0:0:0, 5+4:1:1:0:2, 5+7:1:0:0:2, 5+9:3:0:0:3, 6+8:1:0:0:2, 2+3:0:0:0:1, 3+1:0:0:0:0, 9+13:1:0:0:1, 5+4:0:0:0:0, 7+1:0:0:0:1, 6+0:0:0:0:0, 6+4:0:1:0:2, 5+1:0:0:0:0, 4+0:0:0:0:0, 5+0:0:0:0:0, 2+6:0:0:0:1, 4+3:0:0:0:0, 5+2:0:0:0:1, 5+4:0:0:0:1, 7+4:0:0:0:0, 8+1:0:0:0:1, 6+5:0:1:0:2, 4+4:0:0:0:0, 2+1:0:0:0:0, 5+2:0:0:0:0, 6+4:0:0:0:1, 4+1:0:0:0:0, 7+3:0:0:0:0, 6+2:0:0:0:0, 6+7:0:1:0:4, 3+1:0:0:0:0, 0+0:0:0:0:0, 0+2:0:0:0:0, 1+1:0:0:0:0, 0+2:0:0:0:0, 3+3:1:0:0:1, 6+6:2:0:0:3, 7+8:5:0:0:5, 6+9:1:1:0:4, 2+3:0:0:0:1, 3+1:0:0:0:0, 5+2:0:0:0:1, 6+1:0:0:0:0, 9+1:0:0:0:1, 7+0:0:0:0:0, 6+3:0:1:0:1, 7+2:0:0:0:0, 5+0:0:0:0:0, 4+1:0:0:0:0, 3+2:0:0:0:1, 8+6:0:0:0:0, 5+3:0:0:0:1, 4+1:0:0:0:0, 8+3:0:0:0:0, 7+0:0:0:0:0, 8+4:0:1:0:2, 4+2:0:0:0:0, 3+2:0:0:0:0, 4+3:1:0:0:1, 6+3:0:0:0:1, 6+3:0:0:0:0, 8+3:0:0:0:0, 7+2:0:0:0:0, 6+8:0:1:0:5, 2+0:0:0:0:0, 0+1:0:0:0:0, 1+0:0:0:0:0, 0+1:0:0:0:0, 0+2:0:0:0:0, 4+4:1:0:0:0, 5+4:1:0:0:0, 8+9:4:0:0:2, 5+5:1:0:0:0, 2+2:0:0:0:1, 4+2:0:0:0:0, 5+3:0:0:0:1, 6+1:1:0:0:1, 7+1:0:0:0:1, 7+2:0:0:0:2, 7+3:0:1:0:1, 5+2:1:0:0:2, 4+0:0:0:0:0, 5+1:0:0:0:1, 4+0:0:0:0:0, 5+3:1:0:0:3, 4+0:0:0:0:0, 9+7:4:0:0:4, 13+10:3:1:0:5, 5+0:0:0:0:0, 1+0:0:0:0:0, 858+531:42:21:0:136
F minor mel (4b),  ,  ,  ,  ,  ,  ,  ,  ,  ,  ,  ,  ,  ,  ,  ,  ,  ,  ,  ,  ,  ,  ,  ,  ,  ,  ,  ,  ,  ,  ,  ,  ,  ,  ,  ,  ,  ,  ,  ,  ,  ,  ,  ,  ,  ,  ,  ,  ,  ,  ,  ,  ,  ,  ,  ,  ,  ,  ,  ,  ,  ,  ,  ,  ,  ,  ,  ,  ,  ,  ,  ,  ,  ,  ,  ,  ,  ,  ,  ,  ,  ,  ,  ,  ,  ,  ,  ,  ,  ,  ,  ,  ,  ,  ,  ,  ,  ,  ,  ,  ,  ,  ,  ,  ,  ,  ,  ,  ,  ,  ,  ,  ,  ,  ,  ,  ,  ,  ,  ,  ,  ,  ,  ,  ,  ,  ,  ,  ,  ,  ,  ,  ,  ,  ,  ,  ,  ,  ,  ,  ,  ,  ,  ,  ,  ,  ,  ,  ,  ,  ,  ,  ,  ,  ,  ,  ,  ,  ,  ,  ,  ,  ,  ,  ,  ,  ,  ,  ,  ,  ,  ,  ,  ,  ,  ,  ,  ,  , 0+0:0:0:0:0
C# minor mel (4#),  ,  ,  ,  ,  ,  ,  ,  ,  ,  ,  ,  ,  ,  ,  ,  ,  ,  ,  ,  ,  ,  ,  ,  ,  ,  ,  ,  ,  ,  ,  ,  ,  ,  ,  ,  ,  ,  ,  ,  ,  ,  ,  ,  ,  ,  ,  ,  ,  ,  ,  ,  ,  ,  ,  ,  ,  ,  ,  ,  ,  ,  ,  ,  ,  ,  ,  ,  ,  ,  ,  ,  ,  ,  ,  ,  ,  ,  ,  ,  ,  ,  ,  ,  ,  ,  ,  ,  ,  ,  ,  ,  ,  ,  ,  ,  ,  ,  ,  ,  ,  ,  ,  ,  ,  ,  ,  ,  ,  ,  ,  ,  ,  ,  ,  ,  ,  ,  ,  ,  ,  ,  ,  ,  ,  ,  ,  ,  ,  ,  ,  ,  ,  ,  ,  ,  ,  ,  ,  ,  ,  ,  ,  ,  ,  ,  ,  ,  ,  ,  ,  ,  ,  ,  ,  ,  ,  ,  ,  ,  ,  ,  ,  ,  ,  ,  ,  ,  ,  ,  ,  ,  ,  ,  ,  ,  ,  ,  , 0+0:0:0:0:0
Ab major blues (4b),  ,  ,  ,  ,  ,  ,  ,  ,  ,  ,  ,  ,  ,  ,  ,  ,  ,  ,  ,  ,  ,  ,  ,  ,  ,  ,  ,  ,  ,  ,  ,  ,  ,  ,  ,  ,  ,  ,  ,  ,  ,  ,  ,  ,  ,  ,  ,  ,  ,  ,  ,  ,  ,  ,  ,  ,  ,  ,  ,  ,  ,  ,  ,  ,  ,  ,  ,  ,  ,  ,  ,  ,  ,  ,  ,  ,  ,  ,  ,  ,  ,  ,  ,  ,  ,  ,  ,  ,  ,  ,  ,  ,  ,  ,  ,  ,  ,  ,  ,  ,  ,  ,  ,  ,  ,  ,  ,  ,  ,  ,  ,  ,  ,  ,  ,  ,  ,  ,  ,  ,  ,  ,  ,  ,  ,  ,  ,  ,  ,  ,  ,  ,  ,  ,  ,  ,  ,  ,  ,  ,  ,  ,  ,  ,  ,  ,  ,  ,  ,  ,  ,  ,  ,  ,  ,  ,  ,  ,  ,  ,  ,  ,  ,  ,  ,  ,  ,  ,  ,  ,  ,  ,  ,  ,  ,  ,  ,  , 0+0:0:0:0:0
E major blues (4#),  ,  ,  ,  ,  ,  ,  ,  ,  ,  ,  ,  ,  ,  ,  ,  ,  ,  ,  ,  ,  ,  ,  ,  ,  ,  ,  ,  ,  ,  ,  ,  ,  ,  ,  ,  ,  ,  ,  ,  ,  ,  ,  ,  ,  ,  ,  ,  ,  ,  ,  ,  ,  ,  ,  ,  ,  ,  ,  ,  ,  ,  ,  ,  ,  ,  ,  ,  ,  ,  ,  ,  ,  ,  ,  ,  ,  ,  ,  ,  ,  ,  ,  ,  ,  ,  ,  ,  ,  ,  ,  ,  ,  ,  ,  ,  ,  ,  ,  ,  ,  ,  ,  ,  ,  ,  ,  ,  ,  ,  ,  ,  ,  ,  ,  ,  ,  ,  ,  ,  ,  ,  ,  ,  ,  ,  ,  ,  ,  ,  ,  ,  ,  ,  ,  ,  ,  ,  ,  ,  ,  ,  ,  ,  ,  ,  ,  ,  ,  ,  ,  ,  ,  ,  ,  ,  ,  ,  ,  ,  ,  ,  ,  ,  ,  ,  ,  ,  ,  ,  ,  ,  ,  ,  ,  ,  ,  ,  , 0+0:0:0:0:0
F minor blues (4b),  ,  ,  ,  ,  ,  ,  ,  ,  ,  ,  ,  ,  ,  ,  ,  ,  ,  ,  ,  ,  ,  ,  ,  ,  ,  ,  ,  ,  ,  ,  ,  ,  ,  ,  ,  ,  ,  ,  ,  ,  ,  ,  ,  ,  ,  ,  ,  ,  ,  ,  ,  ,  ,  ,  ,  ,  ,  ,  ,  ,  ,  ,  ,  ,  ,  ,  ,  ,  ,  ,  ,  ,  ,  ,  ,  ,  ,  ,  ,  ,  ,  ,  ,  ,  ,  ,  ,  ,  ,  ,  ,  ,  ,  ,  ,  ,  ,  ,  ,  ,  ,  ,  ,  ,  ,  ,  ,  ,  ,  ,  ,  ,  ,  ,  ,  ,  ,  ,  ,  ,  ,  ,  ,  ,  ,  ,  ,  ,  ,  ,  ,  ,  ,  ,  ,  ,  ,  ,  ,  ,  ,  ,  ,  ,  ,  ,  ,  ,  ,  ,  ,  ,  ,  ,  ,  ,  ,  ,  ,  ,  ,  ,  ,  ,  ,  ,  ,  ,  ,  ,  ,  ,  ,  ,  ,  ,  ,  , 0+0:0:0:0:0
C# minor blues (4#),  ,  ,  ,  ,  ,  ,  ,  ,  ,  ,  ,  ,  ,  ,  ,  ,  ,  ,  ,  ,  ,  ,  ,  ,  ,  ,  ,  ,  ,  ,  ,  ,  ,  ,  ,  ,  ,  ,  ,  ,  ,  ,  ,  ,  ,  ,  ,  ,  ,  ,  ,  ,  ,  ,  ,  ,  ,  ,  ,  ,  ,  ,  ,  ,  ,  ,  ,  ,  ,  ,  ,  ,  ,  ,  ,  ,  ,  ,  ,  ,  ,  ,  ,  ,  ,  ,  ,  ,  ,  ,  ,  ,  ,  ,  ,  ,  ,  ,  ,  ,  ,  ,  ,  ,  ,  ,  ,  ,  ,  ,  ,  ,  ,  ,  ,  ,  ,  ,  ,  ,  ,  ,  ,  ,  ,  ,  ,  ,  ,  ,  ,  ,  ,  ,  ,  ,  ,  ,  ,  ,  ,  ,  ,  ,  ,  ,  ,  ,  ,  ,  ,  ,  ,  ,  ,  ,  ,  ,  ,  ,  ,  ,  ,  ,  ,  ,  ,  ,  ,  ,  ,  ,  ,  ,  ,  ,  ,  , 0+0:0:0:0:0
Ab dorian (4b),  ,  ,  ,  ,  ,  ,  ,  ,  ,  ,  ,  ,  ,  ,  ,  ,  ,  ,  ,  ,  ,  ,  ,  ,  ,  ,  ,  ,  ,  ,  ,  ,  ,  ,  ,  ,  ,  ,  ,  ,  ,  ,  ,  ,  ,  ,  ,  ,  ,  ,  ,  ,  ,  ,  ,  ,  ,  ,  ,  ,  ,  ,  ,  ,  ,  ,  ,  ,  ,  ,  ,  ,  ,  ,  ,  ,  ,  ,  ,  ,  ,  ,  ,  ,  ,  ,  ,  ,  ,  ,  ,  ,  ,  ,  ,  ,  ,  ,  ,  ,  ,  ,  ,  ,  ,  ,  ,  ,  ,  ,  ,  ,  ,  ,  ,  ,  ,  ,  ,  ,  ,  ,  ,  ,  ,  ,  ,  ,  ,  ,  ,  ,  ,  ,  ,  ,  ,  ,  ,  ,  ,  ,  ,  ,  ,  ,  ,  ,  ,  ,  ,  ,  ,  ,  ,  ,  ,  ,  ,  ,  ,  ,  ,  ,  ,  ,  ,  ,  ,  ,  ,  ,  ,  ,  ,  ,  ,  , 0+0:0:0:0:0
E dorian (4#),  ,  ,  ,  ,  ,  ,  ,  ,  ,  ,  ,  ,  ,  ,  ,  ,  ,  ,  ,  ,  ,  ,  ,  ,  ,  ,  ,  ,  ,  ,  ,  ,  ,  ,  ,  ,  ,  ,  ,  ,  ,  ,  ,  ,  ,  ,  ,  ,  ,  ,  ,  ,  ,  ,  ,  ,  ,  ,  ,  ,  ,  ,  ,  ,  ,  ,  ,  ,  ,  ,  ,  ,  ,  ,  ,  ,  ,  ,  ,  ,  ,  ,  ,  ,  ,  ,  ,  ,  ,  ,  ,  ,  ,  ,  ,  ,  ,  ,  ,  ,  ,  ,  ,  ,  ,  ,  ,  ,  ,  ,  ,  ,  ,  ,  ,  ,  ,  ,  ,  ,  ,  ,  ,  ,  ,  ,  ,  ,  ,  ,  ,  ,  ,  ,  ,  ,  ,  ,  ,  ,  ,  ,  ,  ,  ,  ,  ,  ,  ,  ,  ,  ,  ,  ,  ,  ,  ,  ,  ,  ,  ,  ,  ,  ,  ,  ,  ,  ,  ,  ,  ,  ,  ,  ,  ,  ,  ,  , 0+0:0:0:0:0
Ab phrygian (4b),  ,  ,  ,  ,  ,  ,  ,  ,  ,  ,  ,  ,  ,  ,  ,  ,  ,  ,  ,  ,  ,  ,  ,  ,  ,  ,  ,  ,  ,  ,  ,  ,  ,  ,  ,  ,  ,  ,  ,  ,  ,  ,  ,  ,  ,  ,  ,  ,  ,  ,  ,  ,  ,  ,  ,  ,  ,  ,  ,  ,  ,  ,  ,  ,  ,  ,  ,  ,  ,  ,  ,  ,  ,  ,  ,  ,  ,  ,  ,  ,  ,  ,  ,  ,  ,  ,  ,  ,  ,  ,  ,  ,  ,  ,  ,  ,  ,  ,  ,  ,  ,  ,  ,  ,  ,  ,  ,  ,  ,  ,  ,  ,  ,  ,  ,  ,  ,  ,  ,  ,  ,  ,  ,  ,  ,  ,  ,  ,  ,  ,  ,  ,  ,  ,  ,  ,  ,  ,  ,  ,  ,  ,  ,  ,  ,  ,  ,  ,  ,  ,  ,  ,  ,  ,  ,  ,  ,  ,  ,  ,  ,  ,  ,  ,  ,  ,  ,  ,  ,  ,  ,  ,  ,  ,  ,  ,  ,  , 0+0:0:0:0:0
E phrygian (4#),  ,  ,  ,  ,  ,  ,  ,  ,  ,  ,  ,  ,  ,  ,  ,  ,  ,  ,  ,  ,  ,  ,  ,  ,  ,  ,  ,  ,  ,  ,  ,  ,  ,  ,  ,  ,  ,  ,  ,  ,  ,  ,  ,  ,  ,  ,  ,  ,  ,  ,  ,  ,  ,  ,  ,  ,  ,  ,  ,  ,  ,  ,  ,  ,  ,  ,  ,  ,  ,  ,  ,  ,  ,  ,  ,  ,  ,  ,  ,  ,  ,  ,  ,  ,  ,  ,  ,  ,  ,  ,  ,  ,  ,  ,  ,  ,  ,  ,  ,  ,  ,  ,  ,  ,  ,  ,  ,  ,  ,  ,  ,  ,  ,  ,  ,  ,  ,  ,  ,  ,  ,  ,  ,  ,  ,  ,  ,  ,  ,  ,  ,  ,  ,  ,  ,  ,  ,  ,  ,  ,  ,  ,  ,  ,  ,  ,  ,  ,  ,  ,  ,  ,  ,  ,  ,  ,  ,  ,  ,  ,  ,  ,  ,  ,  ,  ,  ,  ,  ,  ,  ,  ,  ,  ,  ,  ,  ,  , 0+0:0:0:0:0
Ab lydian (4b),  ,  ,  ,  ,  ,  ,  ,  ,  ,  ,  ,  ,  ,  ,  ,  ,  ,  ,  ,  ,  ,  ,  ,  ,  ,  ,  ,  ,  ,  ,  ,  ,  ,  ,  ,  ,  ,  ,  ,  ,  ,  ,  ,  ,  ,  ,  ,  ,  ,  ,  ,  ,  ,  ,  ,  ,  ,  ,  ,  ,  ,  ,  ,  ,  ,  ,  ,  ,  ,  ,  ,  ,  ,  ,  ,  ,  ,  ,  ,  ,  ,  ,  ,  ,  ,  ,  ,  ,  ,  ,  ,  ,  ,  ,  ,  ,  ,  ,  ,  ,  ,  ,  ,  ,  ,  ,  ,  ,  ,  ,  ,  ,  ,  ,  ,  ,  ,  ,  ,  ,  ,  ,  ,  ,  ,  ,  ,  ,  ,  ,  ,  ,  ,  ,  ,  ,  ,  ,  ,  ,  ,  ,  ,  ,  ,  ,  ,  ,  ,  ,  ,  ,  ,  ,  ,  ,  ,  ,  ,  ,  ,  ,  ,  ,  ,  ,  ,  ,  ,  ,  ,  ,  ,  ,  ,  ,  ,  , 0+0:0:0:0:0
E lydian (4#),  ,  ,  ,  ,  ,  ,  ,  ,  ,  ,  ,  ,  ,  ,  ,  ,  ,  ,  ,  ,  ,  ,  ,  ,  ,  ,  ,  ,  ,  ,  ,  ,  ,  ,  ,  ,  ,  ,  ,  ,  ,  ,  ,  ,  ,  ,  ,  ,  ,  ,  ,  ,  ,  ,  ,  ,  ,  ,  ,  ,  ,  ,  ,  ,  ,  ,  ,  ,  ,  ,  ,  ,  ,  ,  ,  ,  ,  ,  ,  ,  ,  ,  ,  ,  ,  ,  ,  ,  ,  ,  ,  ,  ,  ,  ,  ,  ,  ,  ,  ,  ,  ,  ,  ,  ,  ,  ,  ,  ,  ,  ,  ,  ,  ,  ,  ,  ,  ,  ,  ,  ,  ,  ,  ,  ,  ,  ,  ,  ,  ,  ,  ,  ,  ,  ,  ,  ,  ,  ,  ,  ,  ,  ,  ,  ,  ,  ,  ,  ,  ,  ,  ,  ,  ,  ,  ,  ,  ,  ,  ,  ,  ,  ,  ,  ,  ,  ,  ,  ,  ,  ,  ,  ,  ,  ,  ,  ,  , 0+0:0:0:0:0
Ab mixolydian (4b),  ,  ,  ,  ,  ,  ,  ,  ,  ,  ,  ,  ,  ,  ,  ,  ,  ,  ,  ,  ,  ,  ,  ,  ,  ,  ,  ,  ,  ,  ,  ,  ,  ,  ,  ,  ,  ,  ,  ,  ,  ,  ,  ,  ,  ,  ,  ,  ,  ,  ,  ,  ,  ,  ,  ,  ,  ,  ,  ,  ,  ,  ,  ,  ,  ,  ,  ,  ,  ,  ,  ,  ,  ,  ,  ,  ,  ,  ,  ,  ,  ,  ,  ,  ,  ,  ,  ,  ,  ,  ,  ,  ,  ,  ,  ,  ,  ,  ,  ,  ,  ,  ,  ,  ,  ,  ,  ,  ,  ,  ,  ,  ,  ,  ,  ,  ,  ,  ,  ,  ,  ,  ,  ,  ,  ,  ,  ,  ,  ,  ,  ,  ,  ,  ,  ,  ,  ,  ,  ,  ,  ,  ,  ,  ,  ,  ,  ,  ,  ,  ,  ,  ,  ,  ,  ,  ,  ,  ,  ,  ,  ,  ,  ,  ,  ,  ,  ,  ,  ,  ,  ,  ,  ,  ,  ,  ,  ,  , 0+0:0:0:0:0
E mixolydian (4#),  ,  ,  ,  ,  ,  ,  ,  ,  ,  ,  ,  ,  ,  ,  ,  ,  ,  ,  ,  ,  ,  ,  ,  ,  ,  ,  ,  ,  ,  ,  ,  ,  ,  ,  ,  ,  ,  ,  ,  ,  ,  ,  ,  ,  ,  ,  ,  ,  ,  ,  ,  ,  ,  ,  ,  ,  ,  ,  ,  ,  ,  ,  ,  ,  ,  ,  ,  ,  ,  ,  ,  ,  ,  ,  ,  ,  ,  ,  ,  ,  ,  ,  ,  ,  ,  ,  ,  ,  ,  ,  ,  ,  ,  ,  ,  ,  ,  ,  ,  ,  ,  ,  ,  ,  ,  ,  ,  ,  ,  ,  ,  ,  ,  ,  ,  ,  ,  ,  ,  ,  ,  ,  ,  ,  ,  ,  ,  ,  ,  ,  ,  ,  ,  ,  ,  ,  ,  ,  ,  ,  ,  ,  ,  ,  ,  ,  ,  ,  ,  ,  ,  ,  ,  ,  ,  ,  ,  ,  ,  ,  ,  ,  ,  ,  ,  ,  ,  ,  ,  ,  ,  ,  ,  ,  ,  ,  ,  , 0+0:0:0:0:0
Ab aeolian (4b),  ,  ,  ,  ,  ,  ,  ,  ,  ,  ,  ,  ,  ,  ,  ,  ,  ,  ,  ,  ,  ,  ,  ,  ,  ,  ,  ,  ,  ,  ,  ,  ,  ,  ,  ,  ,  ,  ,  ,  ,  ,  ,  ,  ,  ,  ,  ,  ,  ,  ,  ,  ,  ,  ,  ,  ,  ,  ,  ,  ,  ,  ,  ,  ,  ,  ,  ,  ,  ,  ,  ,  ,  ,  ,  ,  ,  ,  ,  ,  ,  ,  ,  ,  ,  ,  ,  ,  ,  ,  ,  ,  ,  ,  ,  ,  ,  ,  ,  ,  ,  ,  ,  ,  ,  ,  ,  ,  ,  ,  ,  ,  ,  ,  ,  ,  ,  ,  ,  ,  ,  ,  ,  ,  ,  ,  ,  ,  ,  ,  ,  ,  ,  ,  ,  ,  ,  ,  ,  ,  ,  ,  ,  ,  ,  ,  ,  ,  ,  ,  ,  ,  ,  ,  ,  ,  ,  ,  ,  ,  ,  ,  ,  ,  ,  ,  ,  ,  ,  ,  ,  ,  ,  ,  ,  ,  ,  ,  , 0+0:0:0:0:0
E aeolian (4#),  ,  ,  ,  ,  ,  ,  ,  ,  ,  ,  ,  ,  ,  ,  ,  ,  ,  ,  ,  ,  ,  ,  ,  ,  ,  ,  ,  ,  ,  ,  ,  ,  ,  ,  ,  ,  ,  ,  ,  ,  ,  ,  ,  ,  ,  ,  ,  ,  ,  ,  ,  ,  ,  ,  ,  ,  ,  ,  ,  ,  ,  ,  ,  ,  ,  ,  ,  ,  ,  ,  ,  ,  ,  ,  ,  ,  ,  ,  ,  ,  ,  ,  ,  ,  ,  ,  ,  ,  ,  ,  ,  ,  ,  ,  ,  ,  ,  ,  ,  ,  ,  ,  ,  ,  ,  ,  ,  ,  ,  ,  ,  ,  ,  ,  ,  ,  ,  ,  ,  ,  ,  ,  ,  ,  ,  ,  ,  ,  ,  ,  ,  ,  ,  ,  ,  ,  ,  ,  ,  ,  ,  ,  ,  ,  ,  ,  ,  ,  ,  ,  ,  ,  ,  ,  ,  ,  ,  ,  ,  ,  ,  ,  ,  ,  ,  ,  ,  ,  ,  ,  ,  ,  ,  ,  ,  ,  ,  , 0+0:0:0:0:0
Ab locrian (4b),  ,  ,  ,  ,  ,  ,  ,  ,  ,  ,  ,  ,  ,  ,  ,  ,  ,  ,  ,  ,  ,  ,  ,  ,  ,  ,  ,  ,  ,  ,  ,  ,  ,  ,  ,  ,  ,  ,  ,  ,  ,  ,  ,  ,  ,  ,  ,  ,  ,  ,  ,  ,  ,  ,  ,  ,  ,  ,  ,  ,  ,  ,  ,  ,  ,  ,  ,  ,  ,  ,  ,  ,  ,  ,  ,  ,  ,  ,  ,  ,  ,  ,  ,  ,  ,  ,  ,  ,  ,  ,  ,  ,  ,  ,  ,  ,  ,  ,  ,  ,  ,  ,  ,  ,  ,  ,  ,  ,  ,  ,  ,  ,  ,  ,  ,  ,  ,  ,  ,  ,  ,  ,  ,  ,  ,  ,  ,  ,  ,  ,  ,  ,  ,  ,  ,  ,  ,  ,  ,  ,  ,  ,  ,  ,  ,  ,  ,  ,  ,  ,  ,  ,  ,  ,  ,  ,  ,  ,  ,  ,  ,  ,  ,  ,  ,  ,  ,  ,  ,  ,  ,  ,  ,  ,  ,  ,  ,  , 0+0:0:0:0:0
E locrian (4#),  ,  ,  ,  ,  ,  ,  ,  ,  ,  ,  ,  ,  ,  ,  ,  ,  ,  ,  ,  ,  ,  ,  ,  ,  ,  ,  ,  ,  ,  ,  ,  ,  ,  ,  ,  ,  ,  ,  ,  ,  ,  ,  ,  ,  ,  ,  ,  ,  ,  ,  ,  ,  ,  ,  ,  ,  ,  ,  ,  ,  ,  ,  ,  ,  ,  ,  ,  ,  ,  ,  ,  ,  ,  ,  ,  ,  ,  ,  ,  ,  ,  ,  ,  ,  ,  ,  ,  ,  ,  ,  ,  ,  ,  ,  ,  ,  ,  ,  ,  ,  ,  ,  ,  ,  ,  ,  ,  ,  ,  ,  ,  ,  ,  ,  ,  ,  ,  ,  ,  ,  ,  ,  ,  ,  ,  ,  ,  ,  ,  ,  ,  ,  ,  ,  ,  ,  ,  ,  ,  ,  ,  ,  ,  ,  ,  ,  ,  ,  ,  ,  ,  ,  ,  ,  ,  ,  ,  ,  ,  ,  ,  ,  ,  ,  ,  ,  ,  ,  ,  ,  ,  ,  ,  ,  ,  ,  ,  , 0+0:0:0:0:0
Db major (5b), 0+0:0:0:0:0, 7+4:0:0:0:1, 5+1:0:0:0:0, 6+3:0:0:0:0, 5+1:0:0:0:0, 2+1:0:0:0:1, 1+0:0:0:0:0, 6+3:0:1:0:1, 3+5:0:0:0:3, 7+7:0:0:0:1, 5+1:0:0:0:0, 6+4:0:0:0:1, 5+4:0:0:0:0, 2+2:0:0:0:1, 1+1:0:0:0:0, 6+3:0:1:0:1, 4+4:0:0:0:3, 6+2:0:0:0:0, 4+1:0:0:0:0, 7+2:0:0:0:0, 4+1:0:0:0:0, 8+3:1:0:0:1, 7+3:1:0:0:3, 5+4:0:0:0:1, 6+7:1:0:0:3, 7+4:0:0:0:1, 5+1:0:0:0:0, 6+2:0:0:0:0, 5+1:0:0:0:0, 2+1:0:0:0:1, 1+0:0:0:0:0, 6+3:0:1:0:1, 3+1:0:0:0:0, 0+0:0:0:0:0, 0+0:0:0:0:0, 10+6:0:0:0:2, 8+4:0:0:0:0, 11+13:1:0:0:1, 5+9:0:0:0:8, 3+3:0:0:0:1, 3+5:0:1:0:1, 8+4:1:1:0:4, 6+2:0:0:0:0, 9+6:0:0:0:1, 8+6:0:0:0:0, 7+8:1:0:0:1, 6+4:0:0:0:0, 3+1:0:0:0:1, 1+0:0:0:0:0, 7+5:0:0:0:5, 5+1:0:0:0:0, 9+3:0:0:0:0, 5+4:0:0:0:1, 10+5:0:0:0:1, 6+3:0:0:0:0, 11+10:1:0:0:2, 7+6:1:0:0:2, 6+9:5:0:0:5, 10+9:1:0:0:6, 11+7:0:0:0:3, 7+7:1:0:0:1, 7+3:0:0:0:0, 5+2:0:0:0:0, 2+1:0:0:0:1, 1+0:0:0:0:0, 5+4:0:1:0:2, 2+1:0:0:0:0, 0+0:0:0:0:0, 1+0:0:0:0:0, 7+2:0:0:0:1, 5+1:0:0:0:0, 5+2:0:0:0:1, 4+4:0:0:0:0, 2+2:0:0:0:1, 1+1:0:0:0:0, 6+3:0:1:0:1, 3+4:0:0:0:2, 8+7:0:0:0:2, 7+2:0:0:0:0, 7+2:0:0:0:0, 6+3:0:0:0:0, 3+1:0:0:0:1, 4+2:0:0:0:0, 6+3:0:0:0:3, 4+1:0:0:0:0, 8+2:0:0:0:1, 4+2:0:0:0:0, 7+3:0:0:0:0, 4+1:0:0:0:0, 9+4:1:1:0:2, 7+7:1:0:0:2, 7+9:3:0:0:3, 7+8:1:0:0:2, 8+3:0:0:0:1, 5+1:0:0:0:0, 10+13:1:0:0:1, 3+4:0:0:0:0, 2+1:0:0:0:1, 1+0:0:0:0:0, 5+4:0:1:0:2, 3+1:0:0:0:0, 0+0:0:0:0:0, 1+1:0:0:0:0, 7+6:0:0:0:1, 7+3:0:0:0:0, 6+3:0:0:0:0, 5+2:0:0:0:0, 2+1:0:0:0:1, 2+1:0:0:0:1, 5+7:0:1:0:6, 5+5:0:0:0:0, 8+2:0:0:0:1, 8+2:0:0:0:0, 6+3:0:0:0:1, 5+6:0:0:0:0, 2+2:0:0:0:1, 1+1:0:0:0:0, 5+6:0:0:0:6, 4+1:0:0:0:0, 7+2:0:0:0:0, 4+2:0:0:0:0, 7+1:0:0:0:0, 5+2:0:0:0:0, 8+9:1:0:0:1, 8+6:2:0:0:3, 10+8:5:0:0:5, 7+9:1:1:0:4, 7+3:0:0:0:1, 5+1:0:0:0:0, 6+2:0:0:0:0, 5+1:0:0:0:0, 3+1:0:0:0:1, 1+0:0:0:0:0, 5+3:0:1:0:1, 3+2:0:0:0:0, 0+0:0:0:0:0, 6+1:0:0:0:0, 8+2:0:0:0:1, 9+6:0:0:0:0, 6+4:0:0:0:0, 5+3:0:0:0:0, 3+1:0:0:0:1, 1+0:0:0:0:0, 7+7:0:0:0:6, 4+1:0:0:0:0, 7+4:0:0:0:2, 5+3:1:0:0:1, 7+2:0:0:0:0, 7+2:0:0:0:0, 2+1:0:0:0:1, 1+0:0:0:0:0, 5+6:0:0:0:6, 3+0:0:0:0:0, 6+1:0:0:0:0, 5+0:0:0:0:0, 7+1:0:0:0:0, 5+3:0:0:0:0, 9+7:1:0:0:1, 7+7:1:0:0:2, 14+6:2:0:0:3, 6+7:1:0:0:3, 7+2:0:0:0:1, 6+2:0:0:0:0, 6+2:0:0:0:0, 5+1:1:0:0:1, 2+1:0:0:0:1, 3+2:0:0:0:2, 6+3:0:1:0:1, 3+5:0:0:0:1, 0+0:0:0:0:0, 2+3:0:0:0:1, 0+0:0:0:0:0, 5+5:0:0:0:2, 0+0:0:0:0:0, 11+7:2:0:0:2, 16+13:0:1:0:7, 0+0:0:0:0:0, 0+0:0:0:0:0, 913+559:40:14:0:180
B major (5#), 2+1:0:0:0:1, 3+2:0:0:0:0, 4+1:0:0:0:0, 7+4:0:0:0:2, 5+4:0:0:0:0, 8+4:0:0:0:0, 6+0:0:0:0:0, 7+3:0:1:0:1, 3+2:0:0:0:0, 3+1:0:0:0:0, 4+1:0:0:0:0, 8+4:0:0:0:1, 5+4:0:0:0:0, 8+4:0:0:0:0, 6+2:0:0:0:0, 7+8:0:1:0:5, 2+0:0:0:0:0, 1+0:0:0:0:0, 0+0:0:0:0:0, 2+1:0:1:0:1, 0+0:0:0:0:0, 5+3:1:0:0:1, 5+3:1:0:0:3, 5+4:0:0:0:1, 6+2:0:0:0:0, 3+1:0:0:0:0, 4+1:0:0:0:0, 6+3:0:0:0:1, 5+4:0:0:0:0, 7+4:0:0:0:0, 6+0:0:0:0:0, 7+3:0:1:0:1, 7+1:0:0:0:0, 4+0:0:0:0:0, 1+1:0:0:0:1, 5+5:0:0:0:1, 6+8:0:0:0:4, 11+9:1:0:0:2, 4+9:0:0:0:0, 9+1:0:0:0:1, 9+2:0:1:0:1, 10+5:0:1:0:2, 4+4:0:0:0:1, 4+5:0:0:0:4, 6+6:0:0:0:0, 7+8:1:0:0:1, 6+4:0:0:0:0, 9+3:0:0:0:0, 7+0:0:0:0:0, 9+5:0:2:0:1, 4+2:0:0:0:0, 4+2:0:1:0:1, 1+1:0:1:0:0, 5+5:0:0:0:0, 1+1:0:0:0:0, 9+6:1:0:0:2, 6+6:1:0:0:2, 8+7:0:0:0:1, 7+7:1:0:0:1, 6+8:0:0:0:1, 7+7:0:0:0:0, 7+3:0:0:0:1, 7+6:0:0:0:0, 8+4:0:0:0:0, 7+0:0:0:0:0, 7+4:0:1:0:2, 6+1:0:0:0:0, 4+0:0:0:0:0, 0+0:0:0:0:0, 3+2:0:0:0:1, 4+1:0:0:0:0, 6+2:0:0:0:1, 4+3:0:0:0:0, 8+2:0:0:0:0, 7+0:0:0:0:0, 7+3:0:1:0:1, 5+2:0:0:0:0, 4+2:0:0:0:0, 5+2:0:0:0:0, 7+2:0:0:0:1, 7+4:0:0:0:0, 9+1:0:0:0:1, 9+2:0:0:0:0, 7+6:0:1:0:5, 3+1:0:0:0:0, 2+1:0:0:0:0, 0+0:0:0:0:0, 1+0:0:0:0:0, 0+0:0:0:0:0, 6+4:1:1:0:2, 6+7:1:0:0:2, 5+9:3:0:0:3, 7+8:1:0:0:2, 3+2:0:0:0:0, 4+1:0:0:0:0, 10+6:0:0:0:2, 7+5:0:0:0:0, 7+3:0:0:0:0, 6+0:0:0:0:0, 6+4:0:1:0:2, 5+0:0:0:0:0, 4+0:0:0:0:0, 5+0:0:0:0:0, 3+6:0:0:0:1, 5+3:0:0:0:0, 6+2:0:0:0:1, 7+4:0:0:0:0, 7+4:0:0:0:0, 8+1:0:0:0:1, 6+5:0:1:0:2, 3+4:0:0:0:1, 3+1:0:0:0:0, 6+2:0:0:0:0, 7+4:0:0:0:1, 5+6:0:0:0:0, 7+3:0:0:0:0, 6+2:0:0:0:0, 6+7:0:1:0:4, 3+1:0:0:0:0, 1+0:0:0:0:0, 0+0:0:0:0:0, 2+1:0:0:0:0, 0+0:0:0:0:0, 4+3:1:0:0:1, 7+6:2:0:0:3, 8+8:5:0:0:5, 7+9:1:1:0:4, 3+3:0:0:0:0, 4+1:0:0:0:0, 6+2:0:0:0:1, 7+4:0:0:0:0, 9+2:0:0:0:0, 7+0:0:0:0:0, 6+3:0:1:0:1, 7+2:0:0:0:2, 5+0:0:0:0:0, 3+1:0:0:0:0, 4+2:0:0:0:1, 9+6:0:0:0:0, 6+3:0:0:0:1, 5+7:0:0:0:0, 8+3:0:0:0:0, 7+0:0:0:0:0, 8+4:0:1:0:2, 4+2:0:0:0:0, 4+2:0:0:0:0, 5+3:1:0:0:1, 7+3:0:0:0:1, 5+6:1:0:0:1, 8+3:0:0:0:0, 7+2:0:0:0:0, 6+8:0:1:0:5, 2+0:0:0:0:0, 1+0:0:0:0:0, 0+0:0:0:0:0, 1+0:0:0:0:0, 0+0:0:0:0:0, 5+4:1:0:0:1, 6+7:1:0:0:2, 10+6:2:0:0:3, 6+7:1:0:0:3, 3+2:0:0:0:0, 5+2:0:0:0:0, 6+3:0:0:0:1, 7+4:1:0:0:1, 7+4:0:0:0:0, 7+2:0:0:0:2, 7+3:0:1:0:1, 5+2:1:0:0:2, 4+0:0:0:0:0, 5+1:0:0:0:1, 4+0:0:0:0:0, 5+3:1:0:0:3, 4+0:0:0:0:0, 10+7:2:0:0:3, 14+10:3:1:0:5, 5+0:0:0:0:0, 1+0:0:0:0:0, 948+526:37:23:0:139
Bb minor (5b), 0+0:0:0:0:0, 7+7:0:0:0:1, 5+0:0:0:0:0, 6+2:0:0:0:1, 5+1:0:0:0:0, 2+4:0:0:0:0, 1+2:0:0:0:0, 6+3:0:1:0:1, 3+0:0:0:0:0, 7+1:0:0:0:0, 5+0:0:0:0:0, 6+4:0:0:0:1, 5+1:0:0:0:0, 2+4:0:0:0:0, 1+2:0:0:0:0, 6+3:0:1:0:1, 3+0:0:0:0:0, 6+2:0:0:0:0, 4+1:0:0:0:0, 7+2:0:0:0:0, 4+1:0:0:0:0, 8+7:1:0:0:1, 7+3:1:0:0:3, 5+2:0:0:0:0, 6+1:1:0:0:1, 7+2:0:0:0:0, 5+0:0:0:0:0, 6+1:0:0:0:0, 5+1:0:0:0:0, 2+4:0:0:0:0, 1+2:0:0:0:0, 6+3:0:1:0:1, 3+1:0:0:0:0, 0+1:0:0:0:0, 0+0:0:0:0:0, 10+12:0:0:0:2, 8+4:0:0:0:4, 11+6:0:0:0:2, 5+3:0:0:0:0, 3+3:0:0:0:0, 3+4:0:1:0:1, 9+4:0:1:0:2, 6+1:0:0:0:1, 9+5:0:0:0:4, 8+5:0:0:0:4, 7+4:0:0:0:3, 6+4:0:0:0:0, 3+3:0:0:0:0, 1+1:0:0:0:0, 8+4:0:1:0:1, 5+0:0:0:0:0, 9+3:0:0:0:0, 5+2:0:0:0:1, 10+5:0:0:0:1, 6+0:0:0:0:0, 11+7:0:0:0:2, 7+3:1:0:0:0, 6+6:0:0:0:0, 10+7:1:0:0:1, 11+8:0:0:0:0, 7+5:1:0:0:4, 7+1:0:0:0:0, 5+2:0:0:0:0, 2+4:0:0:0:0, 1+2:0:0:0:0, 5+4:0:1:0:2, 2+1:0:0:0:0, 0+2:0:0:0:0, 0+0:0:0:0:0, 7+5:0:0:0:1, 5+0:0:0:0:0, 5+1:0:0:0:0, 4+1:0:0:0:0, 2+2:0:0:0:0, 1+1:0:0:0:0, 6+3:0:1:0:1, 3+1:0:0:0:0, 8+2:0:0:0:0, 7+1:0:0:0:1, 7+1:0:0:0:0, 6+3:0:0:0:0, 3+2:0:0:0:0, 4+3:0:0:0:0, 6+5:0:1:0:2, 4+0:0:0:0:0, 8+2:0:0:0:1, 4+2:0:0:0:0, 7+3:0:0:0:0, 4+1:0:0:0:0, 9+8:1:1:0:1, 7+3:1:0:0:3, 6+4:0:0:0:1, 7+2:1:0:0:1, 8+2:0:0:0:0, 5+0:0:0:0:0, 10+3:0:0:0:1, 3+1:0:0:0:0, 2+3:0:0:0:0, 1+2:0:0:0:0, 5+5:0:1:0:2, 3+1:0:0:0:0, 0+0:0:0:0:0, 1+1:0:0:0:0, 7+6:0:0:0:1, 7+1:0:0:0:0, 6+1:0:0:0:0, 5+2:0:0:0:0, 2+4:0:0:0:0, 2+3:0:0:0:0, 5+3:0:1:0:1, 5+1:0:0:0:1, 8+1:0:0:0:0, 8+1:0:0:0:1, 6+2:0:0:0:0, 5+3:0:0:0:0, 2+3:0:0:0:0, 1+2:0:0:0:0, 5+2:0:1:0:1, 4+0:0:0:0:0, 7+2:0:0:0:0, 4+2:0:0:0:0, 7+1:0:0:0:0, 5+2:0:0:0:0, 8+9:1:0:0:1, 8+6:2:0:0:3, 10+6:5:0:0:1, 6+3:1:0:0:1, 7+3:0:0:0:0, 5+0:0:0:0:0, 6+1:0:0:0:0, 5+1:0:0:0:0, 3+2:0:0:0:0, 1+2:0:0:0:0, 5+2:0:1:0:1, 3+2:0:0:0:0, 0+4:0:0:0:0, 1+1:0:0:0:0, 8+2:0:0:0:1, 9+3:0:0:0:1, 6+4:0:0:0:0, 5+3:0:0:0:0, 3+3:0:0:0:0, 1+2:0:0:0:0, 7+2:0:1:0:1, 4+1:0:0:0:0, 7+3:0:0:0:2, 5+1:1:0:0:1, 7+1:0:0:0:0, 7+2:0:0:0:0, 2+3:0:0:0:0, 1+2:0:0:0:0, 5+2:0:1:0:1, 3+0:0:0:0:0, 6+1:0:0:0:0, 5+3:0:0:0:0, 7+1:0:0:0:0, 5+3:0:0:0:0, 9+3:1:0:0:0, 7+3:1:0:0:0, 11+7:0:0:0:1, 6+2:1:0:0:1, 7+2:0:0:0:0, 6+1:0:0:0:1, 6+1:0:0:0:0, 5+1:1:0:0:1, 2+4:0:0:0:0, 3+4:0:0:0:0, 6+4:0:1:0:1, 3+1:0:0:0:0, 0+1:0:0:0:0, 2+0:0:0:0:0, 0+1:0:0:0:0, 5+2:0:0:0:0, 0+1:0:0:0:0, 11+6:2:0:0:2, 16+13:0:1:0:7, 0+1:0:0:0:0, 0+0:0:0:0:0, 903+451:25:18:0:94
G# minor (5#), 2+0:0:0:0:0, 3+4:0:0:0:1, 4+5:0:0:0:0, 7+3:0:0:0:0, 5+1:0:0:0:0, 8+1:0:0:0:1, 6+0:0:0:0:0, 7+3:0:1:0:1, 3+1:0:0:0:0, 3+3:0:0:0:1, 4+1:0:0:0:0, 8+4:0:0:0:1, 5+1:0:0:0:0, 8+1:0:0:0:1, 6+0:0:0:0:0, 7+3:0:1:0:1, 3+4:0:0:0:3, 1+2:0:0:0:0, 0+1:0:0:0:0, 2+2:0:0:0:0, 0+1:0:0:0:0, 5+3:1:0:0:1, 5+3:1:0:0:3, 5+4:2:0:0:4, 6+7:1:0:0:3, 3+4:0:0:0:1, 4+5:0:0:0:0, 6+2:0:0:0:0, 5+1:0:0:0:0, 7+1:0:0:0:1, 6+0:0:0:0:0, 7+3:0:1:0:1, 7+1:0:0:0:0, 4+0:0:0:0:0, 1+0:0:0:0:0, 5+6:0:0:0:2, 6+12:0:0:0:0, 11+13:1:0:0:1, 4+9:0:0:0:8, 9+1:0:0:0:1, 9+2:0:1:0:1, 10+5:0:1:0:2, 4+1:0:0:0:1, 4+6:0:0:0:1, 6+9:0:0:0:0, 7+8:1:0:0:1, 6+4:0:0:0:0, 9+1:0:0:0:1, 7+0:0:0:0:0, 9+5:0:2:0:1, 4+3:0:0:0:0, 4+3:0:0:0:0, 1+4:0:1:0:0, 5+5:0:0:0:1, 1+3:0:0:0:0, 9+6:1:0:0:2, 6+6:1:0:0:2, 7+9:5:0:0:5, 7+9:1:0:0:6, 6+7:0:0:0:3, 7+7:0:0:0:0, 7+3:0:0:0:0, 7+2:0:0:0:0, 8+1:0:0:0:1, 7+0:0:0:0:0, 7+4:0:1:0:2, 6+0:0:0:0:0, 4+0:0:0:0:0, 0+0:0:0:0:0, 3+2:0:0:0:1, 4+4:0:0:0:0, 6+2:0:0:0:0, 4+1:0:0:0:0, 8+1:0:0:0:1, 7+0:0:0:0:0, 7+3:0:1:0:1, 4+2:0:0:0:2, 4+7:0:0:0:2, 5+8:0:0:0:0, 7+2:0:0:0:0, 6+3:0:0:0:0, 9+1:0:0:0:1, 9+2:0:0:0:0, 7+3:1:1:0:2, 3+1:0:0:0:0, 2+2:0:0:0:1, 0+2:0:0:0:0, 1+3:0:0:0:0, 0+1:0:0:0:0, 6+4:1:1:0:2, 6+7:1:0:0:2, 5+6:3:0:0:6, 7+8:1:0:0:2, 3+3:0:0:0:1, 4+6:0:0:0:0, 11+4:0:0:0:0, 6+1:0:0:0:0, 7+1:0:0:0:1, 6+0:0:0:0:0, 6+4:0:1:0:2, 5+0:0:0:0:0, 4+0:0:0:0:0, 5+0:0:0:0:0, 3+6:0:0:0:1, 5+6:0:0:0:0, 6+3:0:0:0:0, 6+2:0:0:0:0, 7+1:0:0:0:1, 8+1:0:0:0:1, 6+5:0:1:0:2, 5+3:0:0:0:2, 3+2:0:0:0:1, 6+6:0:0:0:0, 7+3:0:0:0:0, 5+3:0:0:0:0, 7+1:0:0:0:1, 6+0:0:0:0:0, 6+4:0:1:0:2, 3+1:0:0:0:0, 1+2:0:0:0:0, 0+2:0:0:0:0, 2+1:0:0:0:0, 0+2:0:0:0:0, 4+3:1:0:0:1, 7+6:2:0:0:3, 8+8:5:0:0:5, 7+9:1:1:0:4, 3+3:0:0:0:1, 4+5:0:0:0:0, 6+2:0:0:0:0, 7+1:0:0:0:0, 9+1:0:0:0:1, 7+0:0:0:0:0, 6+3:0:1:0:1, 7+3:0:0:0:2, 5+0:0:0:0:0, 3+1:0:0:0:0, 4+2:0:0:0:1, 9+6:0:0:0:0, 6+4:0:0:0:0, 5+3:0:0:0:0, 8+1:0:0:0:1, 7+0:0:0:0:0, 8+4:0:1:0:2, 4+1:0:0:0:0, 4+4:0:0:0:2, 6+6:0:0:0:0, 7+2:0:0:0:0, 5+3:1:0:0:1, 8+1:0:0:0:1, 7+0:0:0:0:0, 6+4:0:1:0:2, 2+4:0:0:0:3, 1+1:0:0:0:0, 0+0:0:0:0:0, 1+1:0:0:0:0, 0+3:0:0:0:0, 5+4:1:0:0:1, 6+7:1:0:0:2, 10+6:2:0:0:3, 6+7:1:0:0:3, 3+2:0:0:0:1, 5+6:0:0:0:0, 6+2:0:0:0:0, 7+1:1:0:0:1, 7+1:0:0:0:1, 7+2:0:0:0:2, 7+3:0:1:0:1, 5+2:1:0:0:2, 4+0:0:0:0:0, 5+1:0:0:0:1, 4+0:0:0:0:0, 5+3:1:0:0:3, 4+0:0:0:0:0, 10+6:2:0:0:2, 14+10:3:1:0:5, 5+0:0:0:0:0, 1+0:0:0:0:0, 948+535:45:21:0:163
Bb minor mel (5b),  ,  ,  ,  ,  ,  ,  ,  ,  ,  ,  ,  ,  ,  ,  ,  ,  ,  ,  ,  ,  ,  ,  ,  ,  ,  ,  ,  ,  ,  ,  ,  ,  ,  ,  ,  ,  ,  ,  ,  ,  ,  ,  ,  ,  ,  ,  ,  ,  ,  ,  ,  ,  ,  ,  ,  ,  ,  ,  ,  ,  ,  ,  ,  ,  ,  ,  ,  ,  ,  ,  ,  ,  ,  ,  ,  ,  ,  ,  ,  ,  ,  ,  ,  ,  ,  ,  ,  ,  ,  ,  ,  ,  ,  ,  ,  ,  ,  ,  ,  ,  ,  ,  ,  ,  ,  ,  ,  ,  ,  ,  ,  ,  ,  ,  ,  ,  ,  ,  ,  ,  ,  ,  ,  ,  ,  ,  ,  ,  ,  ,  ,  ,  ,  ,  ,  ,  ,  ,  ,  ,  ,  ,  ,  ,  ,  ,  ,  ,  ,  ,  ,  ,  ,  ,  ,  ,  ,  ,  ,  ,  ,  ,  ,  ,  ,  ,  ,  ,  ,  ,  ,  ,  ,  ,  ,  ,  ,  , 0+0:0:0:0:0
G# minor mel (5#),  ,  ,  ,  ,  ,  ,  ,  ,  ,  ,  ,  ,  ,  ,  ,  ,  ,  ,  ,  ,  ,  ,  ,  ,  ,  ,  ,  ,  ,  ,  ,  ,  ,  ,  ,  ,  ,  ,  ,  ,  ,  ,  ,  ,  ,  ,  ,  ,  ,  ,  ,  ,  ,  ,  ,  ,  ,  ,  ,  ,  ,  ,  ,  ,  ,  ,  ,  ,  ,  ,  ,  ,  ,  ,  ,  ,  ,  ,  ,  ,  ,  ,  ,  ,  ,  ,  ,  ,  ,  ,  ,  ,  ,  ,  ,  ,  ,  ,  ,  ,  ,  ,  ,  ,  ,  ,  ,  ,  ,  ,  ,  ,  ,  ,  ,  ,  ,  ,  ,  ,  ,  ,  ,  ,  ,  ,  ,  ,  ,  ,  ,  ,  ,  ,  ,  ,  ,  ,  ,  ,  ,  ,  ,  ,  ,  ,  ,  ,  ,  ,  ,  ,  ,  ,  ,  ,  ,  ,  ,  ,  ,  ,  ,  ,  ,  ,  ,  ,  ,  ,  ,  ,  ,  ,  ,  ,  ,  , 0+0:0:0:0:0
Db major blues (5b),  ,  ,  ,  ,  ,  ,  ,  ,  ,  ,  ,  ,  ,  ,  ,  ,  ,  ,  ,  ,  ,  ,  ,  ,  ,  ,  ,  ,  ,  ,  ,  ,  ,  ,  ,  ,  ,  ,  ,  ,  ,  ,  ,  ,  ,  ,  ,  ,  ,  ,  ,  ,  ,  ,  ,  ,  ,  ,  ,  ,  ,  ,  ,  ,  ,  ,  ,  ,  ,  ,  ,  ,  ,  ,  ,  ,  ,  ,  ,  ,  ,  ,  ,  ,  ,  ,  ,  ,  ,  ,  ,  ,  ,  ,  ,  ,  ,  ,  ,  ,  ,  ,  ,  ,  ,  ,  ,  ,  ,  ,  ,  ,  ,  ,  ,  ,  ,  ,  ,  ,  ,  ,  ,  ,  ,  ,  ,  ,  ,  ,  ,  ,  ,  ,  ,  ,  ,  ,  ,  ,  ,  ,  ,  ,  ,  ,  ,  ,  ,  ,  ,  ,  ,  ,  ,  ,  ,  ,  ,  ,  ,  ,  ,  ,  ,  ,  ,  ,  ,  ,  ,  ,  ,  ,  ,  ,  ,  , 0+0:0:0:0:0
B major blues (5#),  ,  ,  ,  ,  ,  ,  ,  ,  ,  ,  ,  ,  ,  ,  ,  ,  ,  ,  ,  ,  ,  ,  ,  ,  ,  ,  ,  ,  ,  ,  ,  ,  ,  ,  ,  ,  ,  ,  ,  ,  ,  ,  ,  ,  ,  ,  ,  ,  ,  ,  ,  ,  ,  ,  ,  ,  ,  ,  ,  ,  ,  ,  ,  ,  ,  ,  ,  ,  ,  ,  ,  ,  ,  ,  ,  ,  ,  ,  ,  ,  ,  ,  ,  ,  ,  ,  ,  ,  ,  ,  ,  ,  ,  ,  ,  ,  ,  ,  ,  ,  ,  ,  ,  ,  ,  ,  ,  ,  ,  ,  ,  ,  ,  ,  ,  ,  ,  ,  ,  ,  ,  ,  ,  ,  ,  ,  ,  ,  ,  ,  ,  ,  ,  ,  ,  ,  ,  ,  ,  ,  ,  ,  ,  ,  ,  ,  ,  ,  ,  ,  ,  ,  ,  ,  ,  ,  ,  ,  ,  ,  ,  ,  ,  ,  ,  ,  ,  ,  ,  ,  ,  ,  ,  ,  ,  ,  ,  , 0+0:0:0:0:0
Bb minor blues (5b),  ,  ,  ,  ,  ,  ,  ,  ,  ,  ,  ,  ,  ,  ,  ,  ,  ,  ,  ,  ,  ,  ,  ,  ,  ,  ,  ,  ,  ,  ,  ,  ,  ,  ,  ,  ,  ,  ,  ,  ,  ,  ,  ,  ,  ,  ,  ,  ,  ,  ,  ,  ,  ,  ,  ,  ,  ,  ,  ,  ,  ,  ,  ,  ,  ,  ,  ,  ,  ,  ,  ,  ,  ,  ,  ,  ,  ,  ,  ,  ,  ,  ,  ,  ,  ,  ,  ,  ,  ,  ,  ,  ,  ,  ,  ,  ,  ,  ,  ,  ,  ,  ,  ,  ,  ,  ,  ,  ,  ,  ,  ,  ,  ,  ,  ,  ,  ,  ,  ,  ,  ,  ,  ,  ,  ,  ,  ,  ,  ,  ,  ,  ,  ,  ,  ,  ,  ,  ,  ,  ,  ,  ,  ,  ,  ,  ,  ,  ,  ,  ,  ,  ,  ,  ,  ,  ,  ,  ,  ,  ,  ,  ,  ,  ,  ,  ,  ,  ,  ,  ,  ,  ,  ,  ,  ,  ,  ,  , 0+0:0:0:0:0
G# minor blues (5#),  ,  ,  ,  ,  ,  ,  ,  ,  ,  ,  ,  ,  ,  ,  ,  ,  ,  ,  ,  ,  ,  ,  ,  ,  ,  ,  ,  ,  ,  ,  ,  ,  ,  ,  ,  ,  ,  ,  ,  ,  ,  ,  ,  ,  ,  ,  ,  ,  ,  ,  ,  ,  ,  ,  ,  ,  ,  ,  ,  ,  ,  ,  ,  ,  ,  ,  ,  ,  ,  ,  ,  ,  ,  ,  ,  ,  ,  ,  ,  ,  ,  ,  ,  ,  ,  ,  ,  ,  ,  ,  ,  ,  ,  ,  ,  ,  ,  ,  ,  ,  ,  ,  ,  ,  ,  ,  ,  ,  ,  ,  ,  ,  ,  ,  ,  ,  ,  ,  ,  ,  ,  ,  ,  ,  ,  ,  ,  ,  ,  ,  ,  ,  ,  ,  ,  ,  ,  ,  ,  ,  ,  ,  ,  ,  ,  ,  ,  ,  ,  ,  ,  ,  ,  ,  ,  ,  ,  ,  ,  ,  ,  ,  ,  ,  ,  ,  ,  ,  ,  ,  ,  ,  ,  ,  ,  ,  ,  , 0+0:0:0:0:0
Db dorian (5b),  ,  ,  ,  ,  ,  ,  ,  ,  ,  ,  ,  ,  ,  ,  ,  ,  ,  ,  ,  ,  ,  ,  ,  ,  ,  ,  ,  ,  ,  ,  ,  ,  ,  ,  ,  ,  ,  ,  ,  ,  ,  ,  ,  ,  ,  ,  ,  ,  ,  ,  ,  ,  ,  ,  ,  ,  ,  ,  ,  ,  ,  ,  ,  ,  ,  ,  ,  ,  ,  ,  ,  ,  ,  ,  ,  ,  ,  ,  ,  ,  ,  ,  ,  ,  ,  ,  ,  ,  ,  ,  ,  ,  ,  ,  ,  ,  ,  ,  ,  ,  ,  ,  ,  ,  ,  ,  ,  ,  ,  ,  ,  ,  ,  ,  ,  ,  ,  ,  ,  ,  ,  ,  ,  ,  ,  ,  ,  ,  ,  ,  ,  ,  ,  ,  ,  ,  ,  ,  ,  ,  ,  ,  ,  ,  ,  ,  ,  ,  ,  ,  ,  ,  ,  ,  ,  ,  ,  ,  ,  ,  ,  ,  ,  ,  ,  ,  ,  ,  ,  ,  ,  ,  ,  ,  ,  ,  ,  , 0+0:0:0:0:0
B dorian (5#),  ,  ,  ,  ,  ,  ,  ,  ,  ,  ,  ,  ,  ,  ,  ,  ,  ,  ,  ,  ,  ,  ,  ,  ,  ,  ,  ,  ,  ,  ,  ,  ,  ,  ,  ,  ,  ,  ,  ,  ,  ,  ,  ,  ,  ,  ,  ,  ,  ,  ,  ,  ,  ,  ,  ,  ,  ,  ,  ,  ,  ,  ,  ,  ,  ,  ,  ,  ,  ,  ,  ,  ,  ,  ,  ,  ,  ,  ,  ,  ,  ,  ,  ,  ,  ,  ,  ,  ,  ,  ,  ,  ,  ,  ,  ,  ,  ,  ,  ,  ,  ,  ,  ,  ,  ,  ,  ,  ,  ,  ,  ,  ,  ,  ,  ,  ,  ,  ,  ,  ,  ,  ,  ,  ,  ,  ,  ,  ,  ,  ,  ,  ,  ,  ,  ,  ,  ,  ,  ,  ,  ,  ,  ,  ,  ,  ,  ,  ,  ,  ,  ,  ,  ,  ,  ,  ,  ,  ,  ,  ,  ,  ,  ,  ,  ,  ,  ,  ,  ,  ,  ,  ,  ,  ,  ,  ,  ,  , 0+0:0:0:0:0
Db phrygian (5b),  ,  ,  ,  ,  ,  ,  ,  ,  ,  ,  ,  ,  ,  ,  ,  ,  ,  ,  ,  ,  ,  ,  ,  ,  ,  ,  ,  ,  ,  ,  ,  ,  ,  ,  ,  ,  ,  ,  ,  ,  ,  ,  ,  ,  ,  ,  ,  ,  ,  ,  ,  ,  ,  ,  ,  ,  ,  ,  ,  ,  ,  ,  ,  ,  ,  ,  ,  ,  ,  ,  ,  ,  ,  ,  ,  ,  ,  ,  ,  ,  ,  ,  ,  ,  ,  ,  ,  ,  ,  ,  ,  ,  ,  ,  ,  ,  ,  ,  ,  ,  ,  ,  ,  ,  ,  ,  ,  ,  ,  ,  ,  ,  ,  ,  ,  ,  ,  ,  ,  ,  ,  ,  ,  ,  ,  ,  ,  ,  ,  ,  ,  ,  ,  ,  ,  ,  ,  ,  ,  ,  ,  ,  ,  ,  ,  ,  ,  ,  ,  ,  ,  ,  ,  ,  ,  ,  ,  ,  ,  ,  ,  ,  ,  ,  ,  ,  ,  ,  ,  ,  ,  ,  ,  ,  ,  ,  ,  , 0+0:0:0:0:0
B phrygian (5#),  ,  ,  ,  ,  ,  ,  ,  ,  ,  ,  ,  ,  ,  ,  ,  ,  ,  ,  ,  ,  ,  ,  ,  ,  ,  ,  ,  ,  ,  ,  ,  ,  ,  ,  ,  ,  ,  ,  ,  ,  ,  ,  ,  ,  ,  ,  ,  ,  ,  ,  ,  ,  ,  ,  ,  ,  ,  ,  ,  ,  ,  ,  ,  ,  ,  ,  ,  ,  ,  ,  ,  ,  ,  ,  ,  ,  ,  ,  ,  ,  ,  ,  ,  ,  ,  ,  ,  ,  ,  ,  ,  ,  ,  ,  ,  ,  ,  ,  ,  ,  ,  ,  ,  ,  ,  ,  ,  ,  ,  ,  ,  ,  ,  ,  ,  ,  ,  ,  ,  ,  ,  ,  ,  ,  ,  ,  ,  ,  ,  ,  ,  ,  ,  ,  ,  ,  ,  ,  ,  ,  ,  ,  ,  ,  ,  ,  ,  ,  ,  ,  ,  ,  ,  ,  ,  ,  ,  ,  ,  ,  ,  ,  ,  ,  ,  ,  ,  ,  ,  ,  ,  ,  ,  ,  ,  ,  ,  , 0+0:0:0:0:0
Db lydian (5b),  ,  ,  ,  ,  ,  ,  ,  ,  ,  ,  ,  ,  ,  ,  ,  ,  ,  ,  ,  ,  ,  ,  ,  ,  ,  ,  ,  ,  ,  ,  ,  ,  ,  ,  ,  ,  ,  ,  ,  ,  ,  ,  ,  ,  ,  ,  ,  ,  ,  ,  ,  ,  ,  ,  ,  ,  ,  ,  ,  ,  ,  ,  ,  ,  ,  ,  ,  ,  ,  ,  ,  ,  ,  ,  ,  ,  ,  ,  ,  ,  ,  ,  ,  ,  ,  ,  ,  ,  ,  ,  ,  ,  ,  ,  ,  ,  ,  ,  ,  ,  ,  ,  ,  ,  ,  ,  ,  ,  ,  ,  ,  ,  ,  ,  ,  ,  ,  ,  ,  ,  ,  ,  ,  ,  ,  ,  ,  ,  ,  ,  ,  ,  ,  ,  ,  ,  ,  ,  ,  ,  ,  ,  ,  ,  ,  ,  ,  ,  ,  ,  ,  ,  ,  ,  ,  ,  ,  ,  ,  ,  ,  ,  ,  ,  ,  ,  ,  ,  ,  ,  ,  ,  ,  ,  ,  ,  ,  , 0+0:0:0:0:0
B lydian (5#),  ,  ,  ,  ,  ,  ,  ,  ,  ,  ,  ,  ,  ,  ,  ,  ,  ,  ,  ,  ,  ,  ,  ,  ,  ,  ,  ,  ,  ,  ,  ,  ,  ,  ,  ,  ,  ,  ,  ,  ,  ,  ,  ,  ,  ,  ,  ,  ,  ,  ,  ,  ,  ,  ,  ,  ,  ,  ,  ,  ,  ,  ,  ,  ,  ,  ,  ,  ,  ,  ,  ,  ,  ,  ,  ,  ,  ,  ,  ,  ,  ,  ,  ,  ,  ,  ,  ,  ,  ,  ,  ,  ,  ,  ,  ,  ,  ,  ,  ,  ,  ,  ,  ,  ,  ,  ,  ,  ,  ,  ,  ,  ,  ,  ,  ,  ,  ,  ,  ,  ,  ,  ,  ,  ,  ,  ,  ,  ,  ,  ,  ,  ,  ,  ,  ,  ,  ,  ,  ,  ,  ,  ,  ,  ,  ,  ,  ,  ,  ,  ,  ,  ,  ,  ,  ,  ,  ,  ,  ,  ,  ,  ,  ,  ,  ,  ,  ,  ,  ,  ,  ,  ,  ,  ,  ,  ,  ,  , 0+0:0:0:0:0
Db mixolydian (5b),  ,  ,  ,  ,  ,  ,  ,  ,  ,  ,  ,  ,  ,  ,  ,  ,  ,  ,  ,  ,  ,  ,  ,  ,  ,  ,  ,  ,  ,  ,  ,  ,  ,  ,  ,  ,  ,  ,  ,  ,  ,  ,  ,  ,  ,  ,  ,  ,  ,  ,  ,  ,  ,  ,  ,  ,  ,  ,  ,  ,  ,  ,  ,  ,  ,  ,  ,  ,  ,  ,  ,  ,  ,  ,  ,  ,  ,  ,  ,  ,  ,  ,  ,  ,  ,  ,  ,  ,  ,  ,  ,  ,  ,  ,  ,  ,  ,  ,  ,  ,  ,  ,  ,  ,  ,  ,  ,  ,  ,  ,  ,  ,  ,  ,  ,  ,  ,  ,  ,  ,  ,  ,  ,  ,  ,  ,  ,  ,  ,  ,  ,  ,  ,  ,  ,  ,  ,  ,  ,  ,  ,  ,  ,  ,  ,  ,  ,  ,  ,  ,  ,  ,  ,  ,  ,  ,  ,  ,  ,  ,  ,  ,  ,  ,  ,  ,  ,  ,  ,  ,  ,  ,  ,  ,  ,  ,  ,  , 0+0:0:0:0:0
B mixolydian (5#),  ,  ,  ,  ,  ,  ,  ,  ,  ,  ,  ,  ,  ,  ,  ,  ,  ,  ,  ,  ,  ,  ,  ,  ,  ,  ,  ,  ,  ,  ,  ,  ,  ,  ,  ,  ,  ,  ,  ,  ,  ,  ,  ,  ,  ,  ,  ,  ,  ,  ,  ,  ,  ,  ,  ,  ,  ,  ,  ,  ,  ,  ,  ,  ,  ,  ,  ,  ,  ,  ,  ,  ,  ,  ,  ,  ,  ,  ,  ,  ,  ,  ,  ,  ,  ,  ,  ,  ,  ,  ,  ,  ,  ,  ,  ,  ,  ,  ,  ,  ,  ,  ,  ,  ,  ,  ,  ,  ,  ,  ,  ,  ,  ,  ,  ,  ,  ,  ,  ,  ,  ,  ,  ,  ,  ,  ,  ,  ,  ,  ,  ,  ,  ,  ,  ,  ,  ,  ,  ,  ,  ,  ,  ,  ,  ,  ,  ,  ,  ,  ,  ,  ,  ,  ,  ,  ,  ,  ,  ,  ,  ,  ,  ,  ,  ,  ,  ,  ,  ,  ,  ,  ,  ,  ,  ,  ,  ,  , 0+0:0:0:0:0
Db aeolian (5b),  ,  ,  ,  ,  ,  ,  ,  ,  ,  ,  ,  ,  ,  ,  ,  ,  ,  ,  ,  ,  ,  ,  ,  ,  ,  ,  ,  ,  ,  ,  ,  ,  ,  ,  ,  ,  ,  ,  ,  ,  ,  ,  ,  ,  ,  ,  ,  ,  ,  ,  ,  ,  ,  ,  ,  ,  ,  ,  ,  ,  ,  ,  ,  ,  ,  ,  ,  ,  ,  ,  ,  ,  ,  ,  ,  ,  ,  ,  ,  ,  ,  ,  ,  ,  ,  ,  ,  ,  ,  ,  ,  ,  ,  ,  ,  ,  ,  ,  ,  ,  ,  ,  ,  ,  ,  ,  ,  ,  ,  ,  ,  ,  ,  ,  ,  ,  ,  ,  ,  ,  ,  ,  ,  ,  ,  ,  ,  ,  ,  ,  ,  ,  ,  ,  ,  ,  ,  ,  ,  ,  ,  ,  ,  ,  ,  ,  ,  ,  ,  ,  ,  ,  ,  ,  ,  ,  ,  ,  ,  ,  ,  ,  ,  ,  ,  ,  ,  ,  ,  ,  ,  ,  ,  ,  ,  ,  ,  , 0+0:0:0:0:0
B aeolian (5#),  ,  ,  ,  ,  ,  ,  ,  ,  ,  ,  ,  ,  ,  ,  ,  ,  ,  ,  ,  ,  ,  ,  ,  ,  ,  ,  ,  ,  ,  ,  ,  ,  ,  ,  ,  ,  ,  ,  ,  ,  ,  ,  ,  ,  ,  ,  ,  ,  ,  ,  ,  ,  ,  ,  ,  ,  ,  ,  ,  ,  ,  ,  ,  ,  ,  ,  ,  ,  ,  ,  ,  ,  ,  ,  ,  ,  ,  ,  ,  ,  ,  ,  ,  ,  ,  ,  ,  ,  ,  ,  ,  ,  ,  ,  ,  ,  ,  ,  ,  ,  ,  ,  ,  ,  ,  ,  ,  ,  ,  ,  ,  ,  ,  ,  ,  ,  ,  ,  ,  ,  ,  ,  ,  ,  ,  ,  ,  ,  ,  ,  ,  ,  ,  ,  ,  ,  ,  ,  ,  ,  ,  ,  ,  ,  ,  ,  ,  ,  ,  ,  ,  ,  ,  ,  ,  ,  ,  ,  ,  ,  ,  ,  ,  ,  ,  ,  ,  ,  ,  ,  ,  ,  ,  ,  ,  ,  ,  , 0+0:0:0:0:0
Db locrian (5b),  ,  ,  ,  ,  ,  ,  ,  ,  ,  ,  ,  ,  ,  ,  ,  ,  ,  ,  ,  ,  ,  ,  ,  ,  ,  ,  ,  ,  ,  ,  ,  ,  ,  ,  ,  ,  ,  ,  ,  ,  ,  ,  ,  ,  ,  ,  ,  ,  ,  ,  ,  ,  ,  ,  ,  ,  ,  ,  ,  ,  ,  ,  ,  ,  ,  ,  ,  ,  ,  ,  ,  ,  ,  ,  ,  ,  ,  ,  ,  ,  ,  ,  ,  ,  ,  ,  ,  ,  ,  ,  ,  ,  ,  ,  ,  ,  ,  ,  ,  ,  ,  ,  ,  ,  ,  ,  ,  ,  ,  ,  ,  ,  ,  ,  ,  ,  ,  ,  ,  ,  ,  ,  ,  ,  ,  ,  ,  ,  ,  ,  ,  ,  ,  ,  ,  ,  ,  ,  ,  ,  ,  ,  ,  ,  ,  ,  ,  ,  ,  ,  ,  ,  ,  ,  ,  ,  ,  ,  ,  ,  ,  ,  ,  ,  ,  ,  ,  ,  ,  ,  ,  ,  ,  ,  ,  ,  ,  , 0+0:0:0:0:0
B locrian (5#),  ,  ,  ,  ,  ,  ,  ,  ,  ,  ,  ,  ,  ,  ,  ,  ,  ,  ,  ,  ,  ,  ,  ,  ,  ,  ,  ,  ,  ,  ,  ,  ,  ,  ,  ,  ,  ,  ,  ,  ,  ,  ,  ,  ,  ,  ,  ,  ,  ,  ,  ,  ,  ,  ,  ,  ,  ,  ,  ,  ,  ,  ,  ,  ,  ,  ,  ,  ,  ,  ,  ,  ,  ,  ,  ,  ,  ,  ,  ,  ,  ,  ,  ,  ,  ,  ,  ,  ,  ,  ,  ,  ,  ,  ,  ,  ,  ,  ,  ,  ,  ,  ,  ,  ,  ,  ,  ,  ,  ,  ,  ,  ,  ,  ,  ,  ,  ,  ,  ,  ,  ,  ,  ,  ,  ,  ,  ,  ,  ,  ,  ,  ,  ,  ,  ,  ,  ,  ,  ,  ,  ,  ,  ,  ,  ,  ,  ,  ,  ,  ,  ,  ,  ,  ,  ,  ,  ,  ,  ,  ,  ,  ,  ,  ,  ,  ,  ,  ,  ,  ,  ,  ,  ,  ,  ,  ,  ,  , 0+0:0:0:0:0
Gb major (6b), 1+1:0:0:0:0, 7+4:0:0:0:1, 6+5:0:0:0:0, 7+4:0:0:0:2, 6+1:0:0:0:0, 3+5:0:0:0:0, 2+0:0:0:0:0, 5+3:0:1:0:1, 4+2:0:0:0:0, 7+4:0:0:0:1, 6+5:0:0:0:0, 7+4:0:0:0:2, 6+1:0:0:0:0, 3+5:0:0:0:0, 2+0:0:0:0:0, 5+3:0:1:0:1, 4+2:0:0:0:0, 6+0:0:0:0:0, 4+0:0:0:0:0, 7+1:0:1:0:1, 4+0:0:0:0:0, 8+3:1:0:0:1, 7+3:1:0:0:3, 5+4:0:0:0:1, 6+7:1:0:0:3, 7+4:0:0:0:1, 6+5:0:0:0:0, 7+3:0:0:0:1, 6+1:0:0:0:0, 2+5:0:0:0:0, 2+0:0:0:0:0, 5+3:0:1:0:1, 4+1:0:0:0:0, 1+0:0:0:0:0, 0+0:0:0:0:0, 10+6:0:0:0:2, 9+12:0:0:0:0, 12+8:0:0:0:2, 6+6:0:0:0:0, 4+4:0:0:0:0, 4+2:0:1:0:1, 8+5:0:1:0:2, 7+4:0:0:0:1, 9+6:0:0:0:1, 9+9:0:0:0:0, 8+5:0:0:0:1, 7+4:0:0:0:0, 4+3:0:0:0:0, 2+0:0:0:0:0, 6+5:0:2:0:1, 6+2:0:0:0:0, 9+3:0:0:0:0, 5+5:0:0:0:0, 10+3:0:0:0:0, 6+3:0:0:0:0, 11+6:1:0:0:2, 7+6:1:0:0:2, 8+7:0:0:0:1, 10+7:1:0:0:1, 11+4:0:0:0:1, 8+7:1:0:0:1, 8+3:0:0:0:1, 6+2:0:0:0:0, 3+1:0:0:0:1, 2+0:0:0:0:0, 4+4:0:1:0:2, 3+0:0:0:0:0, 1+0:0:0:0:0, 0+0:0:0:0:0, 7+2:0:0:0:1, 6+4:0:0:0:0, 6+2:0:0:0:1, 5+1:0:0:0:0, 3+4:0:0:0:0, 2+0:0:0:0:0, 5+3:0:1:0:1, 4+3:0:0:0:1, 9+2:0:0:0:1, 8+8:0:0:0:0, 8+2:0:0:0:1, 7+4:0:0:0:1, 4+4:0:0:0:0, 5+2:0:0:0:0, 5+6:0:1:0:5, 5+1:0:0:0:0, 8+1:0:0:0:0, 4+0:0:0:0:0, 7+0:0:0:0:0, 4+0:0:0:0:0, 9+4:1:1:0:2, 7+7:1:0:0:2, 7+6:3:0:0:6, 7+8:1:0:0:2, 8+3:0:0:0:1, 6+6:0:0:0:0, 11+6:0:0:0:2, 4+4:0:0:0:0, 2+1:0:0:0:1, 2+0:0:0:0:0, 4+4:0:1:0:2, 4+1:0:0:0:0, 1+3:0:0:0:0, 2+1:0:0:0:0, 7+2:0:0:0:1, 8+6:0:0:0:0, 7+2:0:0:0:1, 6+4:0:0:0:1, 2+5:0:0:0:0, 3+1:0:0:0:1, 4+5:0:1:0:2, 6+4:0:0:0:1, 8+2:0:0:0:1, 9+6:0:0:0:0, 7+4:0:0:0:1, 6+1:0:0:0:0, 2+4:0:0:0:0, 2+0:0:0:0:0, 4+4:0:1:0:2, 5+3:0:0:0:0, 7+0:0:0:0:0, 4+0:0:0:0:0, 7+1:0:0:0:0, 5+0:0:0:0:0, 8+3:1:0:0:1, 8+6:2:0:0:3, 11+8:5:0:0:5, 7+9:1:1:0:4, 7+3:0:0:0:1, 6+5:0:0:0:0, 7+2:0:0:0:1, 6+1:0:0:0:0, 4+1:0:0:0:1, 2+0:0:0:0:0, 4+3:0:1:0:1, 4+2:0:0:0:2, 1+0:0:0:0:0, 2+1:0:0:0:0, 8+2:0:0:0:1, 10+3:0:0:0:0, 7+3:0:0:0:1, 6+1:0:0:0:0, 3+4:0:0:0:0, 2+0:0:0:0:0, 6+4:0:1:0:2, 5+2:0:0:0:0, 8+4:0:0:0:2, 6+7:1:0:0:1, 8+3:0:0:0:1, 7+3:0:0:0:1, 3+4:0:0:0:0, 2+0:0:0:0:0, 4+4:0:1:0:2, 4+2:0:0:0:0, 6+0:0:0:0:0, 5+1:0:0:0:0, 7+0:0:0:0:0, 5+0:0:0:0:0, 9+4:1:0:0:1, 7+7:1:0:0:2, 14+6:2:0:0:3, 6+7:1:0:0:3, 7+2:0:0:0:1, 7+6:0:0:0:0, 7+3:0:0:0:1, 6+1:1:0:0:1, 2+1:0:0:0:1, 4+2:0:0:0:2, 5+3:0:1:0:1, 4+2:0:0:0:1, 1+0:0:0:0:0, 3+1:0:0:0:1, 1+0:0:0:0:0, 4+3:0:1:0:1, 1+0:0:0:0:0, 12+7:4:0:0:4, 16+10:3:1:0:5, 1+0:0:0:0:0, 1+0:0:0:0:0, 993+544:36:22:0:142
F# major (6#), 1+1:0:0:0:1, 4+4:0:0:0:1, 5+5:0:0:0:0, 8+4:0:0:0:2, 6+1:0:0:0:0, 8+5:0:0:0:0, 6+0:0:0:0:0, 7+3:0:1:0:1, 4+2:0:0:0:0, 4+4:0:0:0:1, 5+5:0:0:0:0, 8+4:0:0:0:2, 6+1:0:0:0:0, 8+5:0:0:0:0, 6+0:0:0:0:0, 7+3:0:1:0:1, 3+2:0:0:0:0, 2+0:0:0:0:0, 1+0:0:0:0:0, 3+1:0:1:0:1, 1+0:0:0:0:0, 6+3:1:0:0:1, 5+3:1:0:0:3, 6+4:0:0:0:1, 7+7:1:0:0:3, 4+4:0:0:0:1, 5+5:0:0:0:0, 7+3:0:0:0:1, 6+1:0:0:0:0, 7+5:0:0:0:0, 6+0:0:0:0:0, 7+3:0:1:0:1, 7+1:0:0:0:0, 4+0:0:0:0:0, 1+0:0:0:0:0, 6+6:0:0:0:2, 7+12:0:0:0:0, 12+8:0:0:0:2, 5+6:0:0:0:0, 9+4:0:0:0:0, 9+2:0:1:0:1, 10+5:0:1:0:2, 5+4:0:0:0:1, 5+6:0:0:0:1, 7+9:0:0:0:0, 8+5:0:0:0:1, 7+4:0:0:0:0, 9+3:0:0:0:0, 7+0:0:0:0:0, 9+5:0:2:0:1, 5+2:0:0:0:0, 5+2:0:1:0:1, 2+1:0:1:0:0, 6+5:0:0:0:0, 2+1:0:0:0:0, 10+6:1:0:0:2, 6+6:1:0:0:2, 9+7:0:0:0:1, 8+7:1:0:0:1, 7+4:0:0:0:1, 8+7:0:0:0:0, 8+3:0:0:0:1, 8+2:0:0:0:0, 8+1:0:0:0:1, 7+0:0:0:0:0, 7+4:0:1:0:2, 6+0:0:0:0:0, 4+0:0:0:0:0, 0+0:0:0:0:0, 4+2:0:0:0:1, 5+4:0:0:0:0, 6+2:0:0:0:1, 5+1:0:0:0:0, 8+4:0:0:0:0, 7+0:0:0:0:0, 7+3:0:1:0:1, 6+2:0:0:0:0, 6+2:0:0:0:1, 6+8:0:0:0:0, 8+2:0:0:0:1, 7+4:0:0:0:1, 9+8:0:0:0:0, 9+3:0:0:0:0, 7+6:0:1:0:5, 4+1:0:0:0:0, 3+1:0:0:0:0, 1+0:0:0:0:0, 2+0:0:0:0:0, 1+0:0:0:0:0, 7+4:1:1:0:2, 6+7:1:0:0:2, 6+6:3:0:0:6, 8+8:1:0:0:2, 4+3:0:0:0:1, 5+6:0:0:0:0, 11+6:0:0:0:2, 7+1:0:0:0:0, 7+1:0:0:0:1, 6+0:0:0:0:0, 6+4:0:1:0:2, 6+1:0:0:0:0, 4+0:0:0:0:0, 5+0:0:0:0:0, 4+2:0:0:0:1, 6+6:0:0:0:0, 7+2:0:0:0:1, 7+4:0:0:0:1, 7+5:0:0:0:0, 8+1:0:0:0:1, 6+5:0:1:0:2, 4+4:0:0:0:1, 4+2:0:0:0:1, 7+6:0:0:0:0, 7+4:0:0:0:1, 6+1:0:0:0:0, 7+4:0:0:0:0, 6+0:0:0:0:0, 6+4:0:1:0:2, 4+3:0:0:0:0, 2+0:0:0:0:0, 1+0:0:0:0:0, 3+1:0:0:0:0, 1+0:0:0:0:0, 5+3:1:0:0:1, 7+6:2:0:0:3, 9+8:5:0:0:5, 8+9:1:1:0:4, 4+3:0:0:0:1, 5+5:0:0:0:0, 7+2:0:0:0:1, 8+1:0:0:0:0, 9+1:0:0:0:1, 7+0:0:0:0:0, 6+3:0:1:0:1, 7+2:0:0:0:2, 5+0:0:0:0:0, 6+1:0:0:0:0, 5+2:0:0:0:1, 10+3:0:0:0:0, 7+3:0:0:0:1, 6+1:0:0:0:0, 8+4:0:0:0:0, 7+0:0:0:0:0, 8+4:0:1:0:2, 5+2:0:0:0:0, 5+4:0:0:0:2, 7+6:0:0:0:0, 8+3:0:0:0:1, 6+3:0:0:0:1, 8+4:0:0:0:0, 7+0:0:0:0:0, 6+4:0:1:0:2, 3+2:0:0:0:0, 2+0:0:0:0:0, 1+0:0:0:0:0, 2+0:0:0:0:0, 1+0:0:0:0:0, 6+4:1:0:0:1, 6+7:1:0:0:2, 11+6:2:0:0:3, 7+7:1:0:0:3, 4+2:0:0:0:1, 6+6:0:0:0:0, 7+3:0:0:0:1, 8+1:1:0:0:1, 7+1:0:0:0:1, 7+2:0:0:0:2, 7+3:0:1:0:1, 6+2:1:0:0:2, 4+0:0:0:0:0, 6+1:0:0:0:1, 4+0:0:0:0:0, 6+3:1:0:0:3, 4+0:0:0:0:0, 11+6:2:0:0:2, 15+13:0:1:0:5, 5+1:0:0:0:0, 1+0:0:0:0:0, 1057+537:31:23:0:142
Eb minor (6b), 1+1:0:0:0:0, 7+4:0:0:0:1, 6+1:0:0:0:0, 7+2:0:0:0:1, 6+0:0:0:0:0, 3+4:0:0:0:0, 2+2:0:0:0:0, 5+3:0:1:0:1, 4+0:0:0:0:0, 7+1:0:0:0:0, 6+1:0:0:0:0, 7+2:0:0:0:0, 6+0:0:0:0:0, 3+4:0:0:0:0, 2+2:0:0:0:0, 5+3:0:1:0:1, 4+0:0:0:0:0, 6+3:0:0:0:0, 4+1:0:0:0:0, 7+2:0:0:0:0, 4+1:0:0:0:0, 8+3:1:0:0:1, 7+3:1:0:0:3, 5+2:0:0:0:0, 6+2:0:0:0:1, 7+1:0:0:0:0, 6+1:0:0:0:0, 7+1:0:0:0:0, 6+0:0:0:0:0, 2+4:0:0:0:0, 2+0:0:0:0:0, 5+3:0:1:0:1, 4+1:0:0:0:0, 1+0:0:0:0:0, 0+0:0:0:0:0, 10+6:0:0:0:2, 9+12:0:0:0:0, 12+6:0:0:0:2, 6+2:0:0:0:0, 4+3:0:0:0:0, 4+4:0:1:0:1, 8+4:0:1:0:2, 7+1:0:0:0:1, 9+5:0:0:0:4, 9+6:0:0:0:4, 8+4:0:0:0:3, 7+1:0:0:0:0, 4+3:0:0:0:0, 2+1:0:0:0:0, 7+4:0:1:0:1, 6+0:0:0:0:0, 9+3:0:0:0:0, 5+2:0:0:0:1, 10+5:0:0:0:1, 6+3:0:0:0:0, 11+10:1:0:0:2, 7+6:1:0:0:2, 8+7:0:0:0:1, 10+9:1:0:0:6, 11+7:0:0:0:3, 8+7:1:0:0:1, 8+1:0:0:0:0, 6+2:0:0:0:0, 3+4:0:0:0:0, 2+0:0:0:0:0, 4+4:0:1:0:2, 3+0:0:0:0:0, 1+0:0:0:0:0, 0+0:0:0:0:0, 7+2:0:0:0:1, 6+2:0:0:0:0, 6+1:0:0:0:0, 5+0:0:0:0:0, 3+2:0:0:0:0, 2+1:0:0:0:0, 5+3:0:1:0:1, 4+1:0:0:0:0, 8+2:0:0:0:0, 8+2:0:0:0:1, 8+1:0:0:0:0, 7+1:0:0:0:0, 4+2:0:0:0:0, 5+2:0:0:0:0, 5+4:0:2:0:1, 5+0:0:0:0:0, 8+5:0:0:0:0, 4+2:0:0:0:0, 7+3:0:0:0:0, 4+1:0:0:0:0, 9+4:1:1:0:2, 7+3:1:0:0:3, 6+4:0:0:0:1, 7+2:0:0:0:1, 8+1:0:0:0:0, 6+1:0:0:0:0, 11+3:0:0:0:1, 4+1:0:0:0:0, 2+3:0:0:0:0, 2+0:0:0:0:0, 4+4:0:1:0:2, 4+1:0:0:0:0, 1+0:0:0:0:0, 2+0:0:0:0:0, 7+2:0:0:0:1, 8+3:0:0:0:0, 7+1:0:0:0:0, 6+2:0:0:0:0, 2+4:0:0:0:0, 3+3:0:0:0:0, 4+3:0:1:0:1, 6+1:0:0:0:1, 8+1:0:0:0:0, 9+2:0:0:0:0, 7+2:0:0:0:0, 6+0:0:0:0:0, 2+3:0:0:0:0, 2+2:0:0:0:0, 4+2:0:1:0:1, 5+0:0:0:0:0, 7+3:0:0:0:0, 4+2:0:0:0:0, 7+1:0:0:0:0, 5+2:0:0:0:0, 8+9:1:0:0:1, 8+5:2:0:0:4, 12+6:2:2:0:5, 7+9:1:1:0:4, 7+3:0:0:0:1, 6+1:0:0:0:0, 7+1:0:0:0:0, 6+1:0:0:0:0, 4+2:0:0:0:0, 2+0:0:0:0:0, 4+3:0:1:0:1, 4+2:0:0:0:0, 1+0:0:0:0:0, 2+1:0:0:0:0, 8+2:0:0:0:1, 10+3:0:0:0:1, 7+1:0:0:0:0, 6+0:0:0:0:0, 3+3:0:0:0:0, 2+2:0:0:0:0, 6+2:0:1:0:1, 5+1:0:0:0:0, 8+2:0:0:0:0, 6+3:0:0:0:0, 8+1:0:0:0:0, 7+1:0:0:0:1, 3+3:0:0:0:0, 2+2:0:0:0:0, 4+2:0:1:0:1, 4+0:0:0:0:0, 6+2:0:0:0:0, 5+3:0:0:0:0, 7+1:0:0:0:0, 5+3:0:0:0:0, 9+7:1:0:0:1, 7+7:1:0:0:2, 14+6:2:0:0:3, 6+7:1:0:0:3, 7+2:0:0:0:1, 7+6:0:0:0:0, 7+1:0:0:0:0, 6+1:1:0:0:1, 2+4:0:0:0:0, 4+2:0:0:0:2, 5+3:0:1:0:1, 4+2:0:0:0:1, 1+0:0:0:0:0, 3+1:0:0:0:1, 1+0:0:0:0:0, 4+3:0:1:0:1, 1+0:0:0:0:0, 12+6:2:0:0:2, 16+12:0:1:0:7, 1+0:0:0:0:0, 1+0:0:0:0:0, 993+443:22:23:0:114
D# minor (6#), 1+1:0:0:0:1, 4+4:0:0:0:1, 5+1:0:0:0:0, 8+2:0:0:0:1, 6+0:0:0:0:0, 8+4:0:0:0:0, 6+2:0:0:0:0, 7+3:0:1:0:1, 4+0:0:0:0:0, 4+1:0:0:0:0, 5+1:0:0:0:0, 8+2:0:0:0:0, 6+0:0:0:0:0, 8+4:0:0:0:0, 6+2:0:0:0:0, 7+3:0:1:0:1, 3+0:0:0:0:0, 2+3:0:0:0:0, 1+1:0:0:0:0, 3+2:0:0:0:0, 1+0:0:0:0:0, 6+3:1:0:0:1, 5+3:1:0:0:3, 6+2:0:0:0:0, 7+2:0:0:0:1, 4+1:0:0:0:0, 5+1:0:0:0:0, 7+1:0:0:0:0, 6+0:0:0:0:0, 7+4:0:0:0:0, 6+0:0:0:0:0, 7+3:0:1:0:1, 7+1:0:0:0:0, 4+0:0:0:0:0, 1+0:0:0:0:0, 6+6:0:0:0:2, 7+12:0:0:0:0, 12+6:0:0:0:2, 5+2:0:0:0:2, 9+3:0:0:0:0, 9+4:0:1:0:1, 10+4:0:1:0:2, 5+1:0:0:0:1, 5+5:0:0:0:4, 7+6:0:0:0:4, 8+4:0:0:0:3, 7+1:0:0:0:0, 9+3:0:0:0:0, 7+1:0:0:0:0, 10+4:0:1:0:1, 5+0:0:0:0:0, 5+3:0:0:0:0, 2+4:0:1:0:0, 6+5:0:0:0:1, 2+3:0:0:0:0, 10+9:1:0:0:1, 6+4:1:0:0:3, 8+5:0:0:0:4, 8+9:1:0:0:6, 7+7:0:0:0:3, 8+7:0:0:0:0, 8+1:0:0:0:0, 8+2:0:0:0:0, 8+4:0:0:0:0, 7+0:0:0:0:0, 7+4:0:1:0:2, 6+0:0:0:0:0, 4+0:0:0:0:0, 1+0:0:0:0:0, 4+2:0:0:0:1, 5+2:0:0:0:0, 6+1:0:0:0:0, 5+0:0:0:0:0, 8+2:0:0:0:0, 7+1:0:0:0:0, 7+3:0:1:0:1, 5+1:0:0:0:0, 5+2:0:0:0:0, 6+2:0:0:0:1, 8+1:0:0:0:0, 7+1:0:0:0:0, 9+2:0:0:0:0, 9+2:0:0:0:0, 7+4:0:2:0:1, 4+0:0:0:0:0, 3+5:0:0:0:0, 1+2:0:0:0:0, 2+3:0:0:0:0, 1+0:0:0:0:0, 7+4:1:1:0:2, 6+3:1:0:0:3, 6+4:0:0:0:0, 8+2:0:0:0:1, 4+1:0:0:0:0, 5+1:0:0:0:0, 11+3:0:0:0:1, 7+1:0:0:0:0, 7+3:0:0:0:0, 6+0:0:0:0:0, 6+4:0:1:0:2, 6+1:0:0:0:0, 4+0:0:0:0:0, 5+0:0:0:0:0, 4+2:0:0:0:1, 6+3:0:0:0:0, 7+1:0:0:0:0, 7+2:0:0:0:0, 7+4:0:0:0:0, 8+3:0:0:0:0, 6+3:0:1:0:1, 4+1:0:0:0:1, 4+1:0:0:0:0, 7+2:0:0:0:0, 7+2:0:0:0:0, 6+0:0:0:0:0, 7+3:0:0:0:0, 6+2:0:0:0:0, 6+2:0:1:0:1, 4+0:0:0:0:0, 2+3:0:0:0:0, 1+2:0:0:0:0, 3+1:0:0:0:0, 1+2:0:0:0:0, 5+9:1:0:0:1, 7+5:2:0:0:4, 9+6:2:2:0:5, 8+9:1:1:0:4, 4+3:0:0:0:1, 5+1:0:0:0:0, 7+1:0:0:0:0, 8+1:0:0:0:0, 9+2:0:0:0:0, 7+0:0:0:0:0, 6+3:0:1:0:1, 7+2:0:0:0:0, 5+0:0:0:0:0, 6+1:0:0:0:0, 5+2:0:0:0:1, 10+3:0:0:0:1, 7+1:0:0:0:0, 6+0:0:0:0:0, 8+3:0:0:0:0, 7+2:0:0:0:0, 8+2:0:1:0:1, 5+1:0:0:0:0, 5+2:0:0:0:0, 6+3:0:0:0:0, 8+1:0:0:0:0, 6+1:0:0:0:1, 8+3:0:0:0:0, 7+2:0:0:0:0, 6+2:0:1:0:1, 3+0:0:0:0:0, 2+2:0:0:0:0, 1+0:0:0:0:0, 2+1:0:0:0:0, 1+3:0:0:0:0, 6+7:1:0:0:1, 6+7:1:0:0:2, 11+6:2:0:0:3, 7+7:1:0:0:3, 4+2:0:0:0:1, 6+6:0:0:0:0, 7+1:0:0:0:0, 8+1:1:0:0:1, 7+4:0:0:0:0, 7+2:0:0:0:2, 7+3:0:1:0:1, 6+2:1:0:0:2, 4+0:0:0:0:0, 6+1:0:0:0:1, 4+0:0:0:0:0, 6+3:1:0:0:3, 4+0:0:0:0:0, 11+6:2:0:0:2, 15+12:0:1:0:7, 5+0:0:0:0:0, 1+0:0:0:0:0, 1055+435:23:23:0:120
Eb minor mel (6b),  ,  ,  ,  ,  ,  ,  ,  ,  ,  ,  ,  ,  ,  ,  ,  ,  ,  ,  ,  ,  ,  ,  ,  ,  ,  ,  ,  ,  ,  ,  ,  ,  ,  ,  ,  ,  ,  ,  ,  ,  ,  ,  ,  ,  ,  ,  ,  ,  ,  ,  ,  ,  ,  ,  ,  ,  ,  ,  ,  ,  ,  ,  ,  ,  ,  ,  ,  ,  ,  ,  ,  ,  ,  ,  ,  ,  ,  ,  ,  ,  ,  ,  ,  ,  ,  ,  ,  ,  ,  ,  ,  ,  ,  ,  ,  ,  ,  ,  ,  ,  ,  ,  ,  ,  ,  ,  ,  ,  ,  ,  ,  ,  ,  ,  ,  ,  ,  ,  ,  ,  ,  ,  ,  ,  ,  ,  ,  ,  ,  ,  ,  ,  ,  ,  ,  ,  ,  ,  ,  ,  ,  ,  ,  ,  ,  ,  ,  ,  ,  ,  ,  ,  ,  ,  ,  ,  ,  ,  ,  ,  ,  ,  ,  ,  ,  ,  ,  ,  ,  ,  ,  ,  ,  ,  ,  ,  ,  , 0+0:0:0:0:0
D# minor mel (6#),  ,  ,  ,  ,  ,  ,  ,  ,  ,  ,  ,  ,  ,  ,  ,  ,  ,  ,  ,  ,  ,  ,  ,  ,  ,  ,  ,  ,  ,  ,  ,  ,  ,  ,  ,  ,  ,  ,  ,  ,  ,  ,  ,  ,  ,  ,  ,  ,  ,  ,  ,  ,  ,  ,  ,  ,  ,  ,  ,  ,  ,  ,  ,  ,  ,  ,  ,  ,  ,  ,  ,  ,  ,  ,  ,  ,  ,  ,  ,  ,  ,  ,  ,  ,  ,  ,  ,  ,  ,  ,  ,  ,  ,  ,  ,  ,  ,  ,  ,  ,  ,  ,  ,  ,  ,  ,  ,  ,  ,  ,  ,  ,  ,  ,  ,  ,  ,  ,  ,  ,  ,  ,  ,  ,  ,  ,  ,  ,  ,  ,  ,  ,  ,  ,  ,  ,  ,  ,  ,  ,  ,  ,  ,  ,  ,  ,  ,  ,  ,  ,  ,  ,  ,  ,  ,  ,  ,  ,  ,  ,  ,  ,  ,  ,  ,  ,  ,  ,  ,  ,  ,  ,  ,  ,  ,  ,  ,  , 0+0:0:0:0:0
Gb major blues (6b),  ,  ,  ,  ,  ,  ,  ,  ,  ,  ,  ,  ,  ,  ,  ,  ,  ,  ,  ,  ,  ,  ,  ,  ,  ,  ,  ,  ,  ,  ,  ,  ,  ,  ,  ,  ,  ,  ,  ,  ,  ,  ,  ,  ,  ,  ,  ,  ,  ,  ,  ,  ,  ,  ,  ,  ,  ,  ,  ,  ,  ,  ,  ,  ,  ,  ,  ,  ,  ,  ,  ,  ,  ,  ,  ,  ,  ,  ,  ,  ,  ,  ,  ,  ,  ,  ,  ,  ,  ,  ,  ,  ,  ,  ,  ,  ,  ,  ,  ,  ,  ,  ,  ,  ,  ,  ,  ,  ,  ,  ,  ,  ,  ,  ,  ,  ,  ,  ,  ,  ,  ,  ,  ,  ,  ,  ,  ,  ,  ,  ,  ,  ,  ,  ,  ,  ,  ,  ,  ,  ,  ,  ,  ,  ,  ,  ,  ,  ,  ,  ,  ,  ,  ,  ,  ,  ,  ,  ,  ,  ,  ,  ,  ,  ,  ,  ,  ,  ,  ,  ,  ,  ,  ,  ,  ,  ,  ,  , 0+0:0:0:0:0
F# major blues (6#),  ,  ,  ,  ,  ,  ,  ,  ,  ,  ,  ,  ,  ,  ,  ,  ,  ,  ,  ,  ,  ,  ,  ,  ,  ,  ,  ,  ,  ,  ,  ,  ,  ,  ,  ,  ,  ,  ,  ,  ,  ,  ,  ,  ,  ,  ,  ,  ,  ,  ,  ,  ,  ,  ,  ,  ,  ,  ,  ,  ,  ,  ,  ,  ,  ,  ,  ,  ,  ,  ,  ,  ,  ,  ,  ,  ,  ,  ,  ,  ,  ,  ,  ,  ,  ,  ,  ,  ,  ,  ,  ,  ,  ,  ,  ,  ,  ,  ,  ,  ,  ,  ,  ,  ,  ,  ,  ,  ,  ,  ,  ,  ,  ,  ,  ,  ,  ,  ,  ,  ,  ,  ,  ,  ,  ,  ,  ,  ,  ,  ,  ,  ,  ,  ,  ,  ,  ,  ,  ,  ,  ,  ,  ,  ,  ,  ,  ,  ,  ,  ,  ,  ,  ,  ,  ,  ,  ,  ,  ,  ,  ,  ,  ,  ,  ,  ,  ,  ,  ,  ,  ,  ,  ,  ,  ,  ,  ,  , 0+0:0:0:0:0
Eb minor blues (6b),  ,  ,  ,  ,  ,  ,  ,  ,  ,  ,  ,  ,  ,  ,  ,  ,  ,  ,  ,  ,  ,  ,  ,  ,  ,  ,  ,  ,  ,  ,  ,  ,  ,  ,  ,  ,  ,  ,  ,  ,  ,  ,  ,  ,  ,  ,  ,  ,  ,  ,  ,  ,  ,  ,  ,  ,  ,  ,  ,  ,  ,  ,  ,  ,  ,  ,  ,  ,  ,  ,  ,  ,  ,  ,  ,  ,  ,  ,  ,  ,  ,  ,  ,  ,  ,  ,  ,  ,  ,  ,  ,  ,  ,  ,  ,  ,  ,  ,  ,  ,  ,  ,  ,  ,  ,  ,  ,  ,  ,  ,  ,  ,  ,  ,  ,  ,  ,  ,  ,  ,  ,  ,  ,  ,  ,  ,  ,  ,  ,  ,  ,  ,  ,  ,  ,  ,  ,  ,  ,  ,  ,  ,  ,  ,  ,  ,  ,  ,  ,  ,  ,  ,  ,  ,  ,  ,  ,  ,  ,  ,  ,  ,  ,  ,  ,  ,  ,  ,  ,  ,  ,  ,  ,  ,  ,  ,  ,  , 0+0:0:0:0:0
D# minor blues (6#),  ,  ,  ,  ,  ,  ,  ,  ,  ,  ,  ,  ,  ,  ,  ,  ,  ,  ,  ,  ,  ,  ,  ,  ,  ,  ,  ,  ,  ,  ,  ,  ,  ,  ,  ,  ,  ,  ,  ,  ,  ,  ,  ,  ,  ,  ,  ,  ,  ,  ,  ,  ,  ,  ,  ,  ,  ,  ,  ,  ,  ,  ,  ,  ,  ,  ,  ,  ,  ,  ,  ,  ,  ,  ,  ,  ,  ,  ,  ,  ,  ,  ,  ,  ,  ,  ,  ,  ,  ,  ,  ,  ,  ,  ,  ,  ,  ,  ,  ,  ,  ,  ,  ,  ,  ,  ,  ,  ,  ,  ,  ,  ,  ,  ,  ,  ,  ,  ,  ,  ,  ,  ,  ,  ,  ,  ,  ,  ,  ,  ,  ,  ,  ,  ,  ,  ,  ,  ,  ,  ,  ,  ,  ,  ,  ,  ,  ,  ,  ,  ,  ,  ,  ,  ,  ,  ,  ,  ,  ,  ,  ,  ,  ,  ,  ,  ,  ,  ,  ,  ,  ,  ,  ,  ,  ,  ,  ,  , 0+0:0:0:0:0
Gb dorian (6b),  ,  ,  ,  ,  ,  ,  ,  ,  ,  ,  ,  ,  ,  ,  ,  ,  ,  ,  ,  ,  ,  ,  ,  ,  ,  ,  ,  ,  ,  ,  ,  ,  ,  ,  ,  ,  ,  ,  ,  ,  ,  ,  ,  ,  ,  ,  ,  ,  ,  ,  ,  ,  ,  ,  ,  ,  ,  ,  ,  ,  ,  ,  ,  ,  ,  ,  ,  ,  ,  ,  ,  ,  ,  ,  ,  ,  ,  ,  ,  ,  ,  ,  ,  ,  ,  ,  ,  ,  ,  ,  ,  ,  ,  ,  ,  ,  ,  ,  ,  ,  ,  ,  ,  ,  ,  ,  ,  ,  ,  ,  ,  ,  ,  ,  ,  ,  ,  ,  ,  ,  ,  ,  ,  ,  ,  ,  ,  ,  ,  ,  ,  ,  ,  ,  ,  ,  ,  ,  ,  ,  ,  ,  ,  ,  ,  ,  ,  ,  ,  ,  ,  ,  ,  ,  ,  ,  ,  ,  ,  ,  ,  ,  ,  ,  ,  ,  ,  ,  ,  ,  ,  ,  ,  ,  ,  ,  ,  , 0+0:0:0:0:0
F# dorian (6#),  ,  ,  ,  ,  ,  ,  ,  ,  ,  ,  ,  ,  ,  ,  ,  ,  ,  ,  ,  ,  ,  ,  ,  ,  ,  ,  ,  ,  ,  ,  ,  ,  ,  ,  ,  ,  ,  ,  ,  ,  ,  ,  ,  ,  ,  ,  ,  ,  ,  ,  ,  ,  ,  ,  ,  ,  ,  ,  ,  ,  ,  ,  ,  ,  ,  ,  ,  ,  ,  ,  ,  ,  ,  ,  ,  ,  ,  ,  ,  ,  ,  ,  ,  ,  ,  ,  ,  ,  ,  ,  ,  ,  ,  ,  ,  ,  ,  ,  ,  ,  ,  ,  ,  ,  ,  ,  ,  ,  ,  ,  ,  ,  ,  ,  ,  ,  ,  ,  ,  ,  ,  ,  ,  ,  ,  ,  ,  ,  ,  ,  ,  ,  ,  ,  ,  ,  ,  ,  ,  ,  ,  ,  ,  ,  ,  ,  ,  ,  ,  ,  ,  ,  ,  ,  ,  ,  ,  ,  ,  ,  ,  ,  ,  ,  ,  ,  ,  ,  ,  ,  ,  ,  ,  ,  ,  ,  ,  , 0+0:0:0:0:0
Gb phrygian (6b),  ,  ,  ,  ,  ,  ,  ,  ,  ,  ,  ,  ,  ,  ,  ,  ,  ,  ,  ,  ,  ,  ,  ,  ,  ,  ,  ,  ,  ,  ,  ,  ,  ,  ,  ,  ,  ,  ,  ,  ,  ,  ,  ,  ,  ,  ,  ,  ,  ,  ,  ,  ,  ,  ,  ,  ,  ,  ,  ,  ,  ,  ,  ,  ,  ,  ,  ,  ,  ,  ,  ,  ,  ,  ,  ,  ,  ,  ,  ,  ,  ,  ,  ,  ,  ,  ,  ,  ,  ,  ,  ,  ,  ,  ,  ,  ,  ,  ,  ,  ,  ,  ,  ,  ,  ,  ,  ,  ,  ,  ,  ,  ,  ,  ,  ,  ,  ,  ,  ,  ,  ,  ,  ,  ,  ,  ,  ,  ,  ,  ,  ,  ,  ,  ,  ,  ,  ,  ,  ,  ,  ,  ,  ,  ,  ,  ,  ,  ,  ,  ,  ,  ,  ,  ,  ,  ,  ,  ,  ,  ,  ,  ,  ,  ,  ,  ,  ,  ,  ,  ,  ,  ,  ,  ,  ,  ,  ,  , 0+0:0:0:0:0
F# phrygian (6#),  ,  ,  ,  ,  ,  ,  ,  ,  ,  ,  ,  ,  ,  ,  ,  ,  ,  ,  ,  ,  ,  ,  ,  ,  ,  ,  ,  ,  ,  ,  ,  ,  ,  ,  ,  ,  ,  ,  ,  ,  ,  ,  ,  ,  ,  ,  ,  ,  ,  ,  ,  ,  ,  ,  ,  ,  ,  ,  ,  ,  ,  ,  ,  ,  ,  ,  ,  ,  ,  ,  ,  ,  ,  ,  ,  ,  ,  ,  ,  ,  ,  ,  ,  ,  ,  ,  ,  ,  ,  ,  ,  ,  ,  ,  ,  ,  ,  ,  ,  ,  ,  ,  ,  ,  ,  ,  ,  ,  ,  ,  ,  ,  ,  ,  ,  ,  ,  ,  ,  ,  ,  ,  ,  ,  ,  ,  ,  ,  ,  ,  ,  ,  ,  ,  ,  ,  ,  ,  ,  ,  ,  ,  ,  ,  ,  ,  ,  ,  ,  ,  ,  ,  ,  ,  ,  ,  ,  ,  ,  ,  ,  ,  ,  ,  ,  ,  ,  ,  ,  ,  ,  ,  ,  ,  ,  ,  ,  , 0+0:0:0:0:0
Gb lydian (6b),  ,  ,  ,  ,  ,  ,  ,  ,  ,  ,  ,  ,  ,  ,  ,  ,  ,  ,  ,  ,  ,  ,  ,  ,  ,  ,  ,  ,  ,  ,  ,  ,  ,  ,  ,  ,  ,  ,  ,  ,  ,  ,  ,  ,  ,  ,  ,  ,  ,  ,  ,  ,  ,  ,  ,  ,  ,  ,  ,  ,  ,  ,  ,  ,  ,  ,  ,  ,  ,  ,  ,  ,  ,  ,  ,  ,  ,  ,  ,  ,  ,  ,  ,  ,  ,  ,  ,  ,  ,  ,  ,  ,  ,  ,  ,  ,  ,  ,  ,  ,  ,  ,  ,  ,  ,  ,  ,  ,  ,  ,  ,  ,  ,  ,  ,  ,  ,  ,  ,  ,  ,  ,  ,  ,  ,  ,  ,  ,  ,  ,  ,  ,  ,  ,  ,  ,  ,  ,  ,  ,  ,  ,  ,  ,  ,  ,  ,  ,  ,  ,  ,  ,  ,  ,  ,  ,  ,  ,  ,  ,  ,  ,  ,  ,  ,  ,  ,  ,  ,  ,  ,  ,  ,  ,  ,  ,  ,  , 0+0:0:0:0:0
F# lydian (6#),  ,  ,  ,  ,  ,  ,  ,  ,  ,  ,  ,  ,  ,  ,  ,  ,  ,  ,  ,  ,  ,  ,  ,  ,  ,  ,  ,  ,  ,  ,  ,  ,  ,  ,  ,  ,  ,  ,  ,  ,  ,  ,  ,  ,  ,  ,  ,  ,  ,  ,  ,  ,  ,  ,  ,  ,  ,  ,  ,  ,  ,  ,  ,  ,  ,  ,  ,  ,  ,  ,  ,  ,  ,  ,  ,  ,  ,  ,  ,  ,  ,  ,  ,  ,  ,  ,  ,  ,  ,  ,  ,  ,  ,  ,  ,  ,  ,  ,  ,  ,  ,  ,  ,  ,  ,  ,  ,  ,  ,  ,  ,  ,  ,  ,  ,  ,  ,  ,  ,  ,  ,  ,  ,  ,  ,  ,  ,  ,  ,  ,  ,  ,  ,  ,  ,  ,  ,  ,  ,  ,  ,  ,  ,  ,  ,  ,  ,  ,  ,  ,  ,  ,  ,  ,  ,  ,  ,  ,  ,  ,  ,  ,  ,  ,  ,  ,  ,  ,  ,  ,  ,  ,  ,  ,  ,  ,  ,  , 0+0:0:0:0:0
Gb mixolydian (6b),  ,  ,  ,  ,  ,  ,  ,  ,  ,  ,  ,  ,  ,  ,  ,  ,  ,  ,  ,  ,  ,  ,  ,  ,  ,  ,  ,  ,  ,  ,  ,  ,  ,  ,  ,  ,  ,  ,  ,  ,  ,  ,  ,  ,  ,  ,  ,  ,  ,  ,  ,  ,  ,  ,  ,  ,  ,  ,  ,  ,  ,  ,  ,  ,  ,  ,  ,  ,  ,  ,  ,  ,  ,  ,  ,  ,  ,  ,  ,  ,  ,  ,  ,  ,  ,  ,  ,  ,  ,  ,  ,  ,  ,  ,  ,  ,  ,  ,  ,  ,  ,  ,  ,  ,  ,  ,  ,  ,  ,  ,  ,  ,  ,  ,  ,  ,  ,  ,  ,  ,  ,  ,  ,  ,  ,  ,  ,  ,  ,  ,  ,  ,  ,  ,  ,  ,  ,  ,  ,  ,  ,  ,  ,  ,  ,  ,  ,  ,  ,  ,  ,  ,  ,  ,  ,  ,  ,  ,  ,  ,  ,  ,  ,  ,  ,  ,  ,  ,  ,  ,  ,  ,  ,  ,  ,  ,  ,  , 0+0:0:0:0:0
F# mixolydian (6#),  ,  ,  ,  ,  ,  ,  ,  ,  ,  ,  ,  ,  ,  ,  ,  ,  ,  ,  ,  ,  ,  ,  ,  ,  ,  ,  ,  ,  ,  ,  ,  ,  ,  ,  ,  ,  ,  ,  ,  ,  ,  ,  ,  ,  ,  ,  ,  ,  ,  ,  ,  ,  ,  ,  ,  ,  ,  ,  ,  ,  ,  ,  ,  ,  ,  ,  ,  ,  ,  ,  ,  ,  ,  ,  ,  ,  ,  ,  ,  ,  ,  ,  ,  ,  ,  ,  ,  ,  ,  ,  ,  ,  ,  ,  ,  ,  ,  ,  ,  ,  ,  ,  ,  ,  ,  ,  ,  ,  ,  ,  ,  ,  ,  ,  ,  ,  ,  ,  ,  ,  ,  ,  ,  ,  ,  ,  ,  ,  ,  ,  ,  ,  ,  ,  ,  ,  ,  ,  ,  ,  ,  ,  ,  ,  ,  ,  ,  ,  ,  ,  ,  ,  ,  ,  ,  ,  ,  ,  ,  ,  ,  ,  ,  ,  ,  ,  ,  ,  ,  ,  ,  ,  ,  ,  ,  ,  ,  , 0+0:0:0:0:0
Gb aeolian (6b),  ,  ,  ,  ,  ,  ,  ,  ,  ,  ,  ,  ,  ,  ,  ,  ,  ,  ,  ,  ,  ,  ,  ,  ,  ,  ,  ,  ,  ,  ,  ,  ,  ,  ,  ,  ,  ,  ,  ,  ,  ,  ,  ,  ,  ,  ,  ,  ,  ,  ,  ,  ,  ,  ,  ,  ,  ,  ,  ,  ,  ,  ,  ,  ,  ,  ,  ,  ,  ,  ,  ,  ,  ,  ,  ,  ,  ,  ,  ,  ,  ,  ,  ,  ,  ,  ,  ,  ,  ,  ,  ,  ,  ,  ,  ,  ,  ,  ,  ,  ,  ,  ,  ,  ,  ,  ,  ,  ,  ,  ,  ,  ,  ,  ,  ,  ,  ,  ,  ,  ,  ,  ,  ,  ,  ,  ,  ,  ,  ,  ,  ,  ,  ,  ,  ,  ,  ,  ,  ,  ,  ,  ,  ,  ,  ,  ,  ,  ,  ,  ,  ,  ,  ,  ,  ,  ,  ,  ,  ,  ,  ,  ,  ,  ,  ,  ,  ,  ,  ,  ,  ,  ,  ,  ,  ,  ,  ,  , 0+0:0:0:0:0
F# aeolian (6#),  ,  ,  ,  ,  ,  ,  ,  ,  ,  ,  ,  ,  ,  ,  ,  ,  ,  ,  ,  ,  ,  ,  ,  ,  ,  ,  ,  ,  ,  ,  ,  ,  ,  ,  ,  ,  ,  ,  ,  ,  ,  ,  ,  ,  ,  ,  ,  ,  ,  ,  ,  ,  ,  ,  ,  ,  ,  ,  ,  ,  ,  ,  ,  ,  ,  ,  ,  ,  ,  ,  ,  ,  ,  ,  ,  ,  ,  ,  ,  ,  ,  ,  ,  ,  ,  ,  ,  ,  ,  ,  ,  ,  ,  ,  ,  ,  ,  ,  ,  ,  ,  ,  ,  ,  ,  ,  ,  ,  ,  ,  ,  ,  ,  ,  ,  ,  ,  ,  ,  ,  ,  ,  ,  ,  ,  ,  ,  ,  ,  ,  ,  ,  ,  ,  ,  ,  ,  ,  ,  ,  ,  ,  ,  ,  ,  ,  ,  ,  ,  ,  ,  ,  ,  ,  ,  ,  ,  ,  ,  ,  ,  ,  ,  ,  ,  ,  ,  ,  ,  ,  ,  ,  ,  ,  ,  ,  ,  , 0+0:0:0:0:0
Gb locrian (6b),  ,  ,  ,  ,  ,  ,  ,  ,  ,  ,  ,  ,  ,  ,  ,  ,  ,  ,  ,  ,  ,  ,  ,  ,  ,  ,  ,  ,  ,  ,  ,  ,  ,  ,  ,  ,  ,  ,  ,  ,  ,  ,  ,  ,  ,  ,  ,  ,  ,  ,  ,  ,  ,  ,  ,  ,  ,  ,  ,  ,  ,  ,  ,  ,  ,  ,  ,  ,  ,  ,  ,  ,  ,  ,  ,  ,  ,  ,  ,  ,  ,  ,  ,  ,  ,  ,  ,  ,  ,  ,  ,  ,  ,  ,  ,  ,  ,  ,  ,  ,  ,  ,  ,  ,  ,  ,  ,  ,  ,  ,  ,  ,  ,  ,  ,  ,  ,  ,  ,  ,  ,  ,  ,  ,  ,  ,  ,  ,  ,  ,  ,  ,  ,  ,  ,  ,  ,  ,  ,  ,  ,  ,  ,  ,  ,  ,  ,  ,  ,  ,  ,  ,  ,  ,  ,  ,  ,  ,  ,  ,  ,  ,  ,  ,  ,  ,  ,  ,  ,  ,  ,  ,  ,  ,  ,  ,  ,  , 0+0:0:0:0:0
F# locrian (6#),  ,  ,  ,  ,  ,  ,  ,  ,  ,  ,  ,  ,  ,  ,  ,  ,  ,  ,  ,  ,  ,  ,  ,  ,  ,  ,  ,  ,  ,  ,  ,  ,  ,  ,  ,  ,  ,  ,  ,  ,  ,  ,  ,  ,  ,  ,  ,  ,  ,  ,  ,  ,  ,  ,  ,  ,  ,  ,  ,  ,  ,  ,  ,  ,  ,  ,  ,  ,  ,  ,  ,  ,  ,  ,  ,  ,  ,  ,  ,  ,  ,  ,  ,  ,  ,  ,  ,  ,  ,  ,  ,  ,  ,  ,  ,  ,  ,  ,  ,  ,  ,  ,  ,  ,  ,  ,  ,  ,  ,  ,  ,  ,  ,  ,  ,  ,  ,  ,  ,  ,  ,  ,  ,  ,  ,  ,  ,  ,  ,  ,  ,  ,  ,  ,  ,  ,  ,  ,  ,  ,  ,  ,  ,  ,  ,  ,  ,  ,  ,  ,  ,  ,  ,  ,  ,  ,  ,  ,  ,  ,  ,  ,  ,  ,  ,  ,  ,  ,  ,  ,  ,  ,  ,  ,  ,  ,  ,  , 0+0:0:0:0:0
Cb major (7b), 2+1:0:0:0:0, 7+2:0:0:0:0, 6+1:0:0:0:0, 8+4:0:0:0:2, 7+4:0:0:0:0, 4+1:0:0:0:1, 3+0:0:0:0:0, 6+3:0:1:0:1, 5+2:0:0:0:0, 7+1:0:0:0:0, 6+1:0:0:0:0, 8+4:0:0:0:2, 7+4:0:0:0:0, 4+1:0:0:0:1, 3+0:0:0:0:0, 6+4:0:0:0:4, 4+2:0:0:0:0, 6+2:0:0:0:0, 4+0:0:0:0:0, 7+3:0:1:0:1, 4+0:0:0:0:0, 8+3:1:0:0:1, 7+3:1:0:0:3, 6+4:0:0:0:1, 7+2:0:0:0:0, 7+1:0:0:0:0, 6+1:0:0:0:0, 8+3:0:0:0:1, 7+4:0:0:0:0, 3+1:0:0:0:1, 3+0:0:0:0:0, 6+3:0:1:0:1, 5+1:0:0:0:0, 2+0:0:0:0:0, 1+0:0:0:0:0, 10+6:0:0:0:2, 9+8:0:0:0:4, 13+9:1:0:0:2, 7+9:0:0:0:0, 5+1:0:0:0:1, 5+2:0:1:0:1, 8+4:1:1:0:4, 7+2:0:0:0:0, 9+7:0:0:0:0, 9+6:0:0:0:0, 9+8:1:0:0:1, 8+7:0:0:0:2, 5+1:0:0:0:1, 3+0:0:0:0:0, 7+5:0:0:0:5, 6+1:0:0:0:0, 9+2:0:1:0:1, 6+1:0:0:0:1, 10+5:0:0:0:0, 6+1:0:0:0:0, 12+6:1:0:0:2, 7+6:1:0:0:2, 9+7:0:0:0:1, 10+7:1:0:0:1, 11+8:0:0:0:1, 8+7:1:0:0:1, 9+3:0:0:0:1, 7+6:0:0:0:0, 4+1:0:0:0:1, 3+0:0:0:0:0, 5+4:0:1:0:2, 4+1:0:0:0:0, 2+0:0:0:0:0, 0+0:0:0:0:0, 7+2:0:0:0:1, 6+1:0:0:0:0, 7+2:0:0:0:1, 6+3:0:0:0:0, 4+1:0:0:0:1, 3+0:0:0:0:0, 6+3:0:1:0:1, 5+3:0:0:0:1, 8+2:0:0:0:0, 8+2:0:0:0:0, 9+2:0:0:0:1, 9+4:0:0:0:0, 5+1:0:0:0:1, 6+2:0:0:0:0, 6+6:0:1:0:5, 5+1:0:0:0:0, 8+1:0:0:0:0, 4+0:0:0:0:0, 7+0:0:0:0:0, 4+0:0:0:0:0, 9+4:1:1:0:2, 7+7:1:0:0:2, 7+9:3:0:0:3, 8+8:1:0:0:2, 8+2:0:0:0:0, 6+1:0:0:0:0, 12+6:0:0:0:2, 5+6:0:0:0:1, 3+1:0:0:0:1, 3+0:0:0:0:0, 5+4:0:1:0:2, 5+2:0:0:0:1, 2+0:0:0:0:0, 3+0:0:0:0:0, 7+6:0:0:0:1, 8+3:0:0:0:0, 8+2:0:0:0:1, 7+5:0:0:0:1, 3+1:0:0:0:1, 4+1:0:0:0:1, 5+5:0:0:0:5, 6+1:0:0:0:0, 8+5:0:0:0:1, 9+2:0:0:0:0, 8+4:0:0:0:1, 7+6:0:0:0:0, 3+1:0:0:0:1, 3+0:0:0:0:0, 5+6:0:0:0:6, 5+1:0:0:0:0, 7+3:0:0:0:0, 4+0:0:0:0:0, 7+4:0:0:0:0, 5+0:0:0:0:0, 8+3:1:0:0:1, 8+6:2:0:0:3, 11+8:5:0:0:5, 8+9:1:1:0:4, 7+3:0:0:0:0, 6+1:0:0:0:0, 8+2:0:0:0:1, 7+4:0:0:0:0, 5+1:0:0:0:1, 3+0:0:0:0:0, 5+3:0:1:0:1, 5+2:0:0:0:2, 2+0:0:0:0:0, 3+1:0:0:0:1, 8+2:0:0:0:1, 11+6:0:0:0:0, 8+3:0:0:0:1, 7+7:0:0:0:0, 4+1:0:0:0:1, 3+0:0:0:0:0, 7+7:0:0:0:6, 6+1:0:0:0:0, 8+5:0:0:0:0, 6+3:1:0:0:1, 9+3:0:0:0:1, 9+5:0:0:0:0, 4+1:0:0:0:1, 3+0:0:0:0:0, 5+6:0:0:0:6, 4+0:0:0:0:0, 6+0:0:0:0:0, 5+0:0:0:0:0, 7+3:0:0:0:0, 5+0:0:0:0:0, 9+4:1:0:0:1, 7+7:1:0:0:2, 14+6:2:0:0:3, 7+7:1:0:0:3, 7+2:0:0:0:0, 7+2:0:0:0:0, 8+3:0:0:0:1, 7+4:1:0:0:1, 3+1:0:0:0:1, 5+2:0:0:0:2, 6+3:0:1:0:1, 4+2:0:0:0:1, 2+0:0:0:0:0, 3+1:0:0:0:1, 2+0:0:0:0:0, 4+3:0:1:0:1, 2+0:0:0:0:0, 12+7:4:0:0:4, 17+10:3:1:0:5, 2+0:0:0:0:0, 1+0:0:0:0:0, 1097+509:38:16:0:168
C# major (7#), 0+0:0:0:0:0, 5+4:0:0:0:1, 5+1:0:0:0:0, 9+3:0:0:0:0, 7+1:0:0:0:0, 8+1:0:0:0:1, 6+0:0:0:0:0, 8+3:0:1:0:1, 5+5:0:0:0:3, 5+7:0:0:0:1, 5+1:0:0:0:0, 9+4:0:0:0:1, 7+4:0:0:0:0, 8+2:0:0:0:1, 6+1:0:0:0:0, 8+3:0:1:0:1, 5+4:0:0:0:3, 3+2:0:0:0:0, 2+1:0:0:0:0, 4+2:0:0:0:0, 2+1:0:0:0:0, 7+3:1:0:0:1, 5+3:1:0:0:3, 7+6:2:0:0:2, 7+7:1:0:0:3, 5+4:0:0:0:1, 5+1:0:0:0:0, 8+2:0:0:0:0, 7+1:0:0:0:0, 7+1:0:0:0:1, 6+0:0:0:0:0, 8+3:0:1:0:1, 7+1:0:0:0:0, 4+0:0:0:0:0, 1+0:0:0:0:0, 7+6:0:0:0:2, 8+4:0:0:0:0, 13+13:1:0:0:1, 6+9:0:0:0:8, 9+1:0:0:0:1, 9+2:0:1:0:1, 11+5:0:1:0:2, 6+1:0:0:0:1, 6+6:0:0:0:1, 8+6:0:0:0:0, 9+8:1:0:0:1, 8+4:0:0:0:0, 9+1:0:0:0:1, 7+0:0:0:0:0, 10+5:0:2:0:1, 6+1:0:0:0:0, 6+3:0:0:0:0, 3+4:0:1:0:0, 7+5:0:0:0:1, 3+3:0:0:0:0, 11+9:1:0:0:1, 6+6:1:0:0:2, 9+9:5:0:0:5, 8+9:1:0:0:6, 8+7:0:0:0:3, 8+7:1:0:0:1, 9+3:0:0:0:0, 8+2:0:0:0:0, 8+1:0:0:0:1, 7+0:0:0:0:0, 8+4:0:1:0:2, 6+1:0:0:0:0, 4+0:0:0:0:0, 0+0:0:0:0:0, 5+2:0:0:0:1, 5+1:0:0:0:0, 7+2:0:0:0:1, 6+4:0:0:0:0, 8+2:0:0:0:1, 7+1:0:0:0:0, 8+3:0:1:0:1, 6+4:0:0:0:2, 6+7:0:0:0:2, 7+2:0:0:0:0, 9+2:0:0:0:0, 8+3:0:0:0:0, 9+1:0:0:0:1, 9+2:0:0:0:0, 8+3:1:1:0:2, 5+1:0:0:0:0, 4+2:0:0:0:1, 2+2:0:0:0:0, 3+3:0:0:0:0, 2+1:0:0:0:0, 8+4:1:1:0:2, 6+3:1:0:0:3, 7+9:3:0:0:3, 8+8:1:0:0:2, 5+3:0:0:0:1, 5+1:0:0:0:0, 12+13:1:0:0:1, 7+4:0:0:0:0, 7+1:0:0:0:1, 6+0:0:0:0:0, 7+4:0:1:0:2, 6+1:0:0:0:0, 4+0:0:0:0:0, 5+0:0:0:0:0, 5+6:0:0:0:1, 7+3:0:0:0:0, 8+3:0:0:0:0, 8+4:0:0:0:0, 7+3:0:0:0:1, 8+2:0:0:0:1, 7+7:0:1:0:6, 7+3:0:0:0:2, 5+2:0:0:0:1, 8+2:0:0:0:0, 8+3:0:0:0:1, 7+3:0:0:0:0, 7+1:0:0:0:1, 6+0:0:0:0:0, 7+4:0:1:0:2, 5+1:0:0:0:0, 3+2:0:0:0:0, 2+2:0:0:0:0, 4+1:0:0:0:0, 2+2:0:0:0:0, 6+9:1:0:0:1, 7+5:2:0:0:4, 10+8:5:0:0:5, 8+9:1:1:0:4, 5+3:0:0:0:1, 5+1:0:0:0:0, 8+2:0:0:0:0, 8+1:0:0:0:0, 9+1:0:0:0:1, 7+0:0:0:0:0, 7+3:0:1:0:1, 7+2:0:0:0:0, 5+0:0:0:0:0, 1+1:0:0:0:0, 6+2:0:0:0:1, 11+6:0:0:0:0, 8+4:0:0:0:0, 7+3:0:0:0:0, 8+1:0:0:0:1, 7+0:0:0:0:0, 9+4:0:1:0:2, 6+1:0:0:0:0, 6+4:0:0:0:2, 6+3:1:0:0:1, 9+2:0:0:0:0, 7+3:1:0:0:1, 8+1:0:0:0:1, 7+0:0:0:0:0, 7+4:0:1:0:2, 4+4:0:0:0:3, 3+1:0:0:0:0, 2+0:0:0:0:0, 3+1:0:0:0:0, 2+3:0:0:0:0, 7+7:1:0:0:1, 6+7:1:0:0:2, 12+6:2:0:0:3, 7+7:1:0:0:3, 5+2:0:0:0:1, 6+2:0:0:0:0, 8+2:0:0:0:0, 8+1:1:0:0:1, 7+1:0:0:0:1, 8+2:0:0:0:2, 8+3:0:1:0:1, 7+5:0:0:0:1, 4+0:0:0:0:0, 6+3:0:0:0:1, 4+0:0:0:0:0, 8+5:0:0:0:2, 4+0:0:0:0:0, 11+7:2:0:0:2, 16+13:0:1:0:7, 5+0:0:0:0:0, 1+0:0:0:0:0, 1157+545:43:21:0:169
Ab minor (7b), 2+0:0:0:0:0, 7+4:0:0:0:1, 6+5:0:0:0:0, 8+3:0:0:0:0, 7+1:0:0:0:0, 4+1:0:0:0:1, 3+0:0:0:0:0, 6+3:0:1:0:1, 5+1:0:0:0:0, 7+3:0:0:0:1, 6+1:0:0:0:0, 8+4:0:0:0:1, 7+1:0:0:0:0, 4+1:0:0:0:1, 3+0:0:0:0:0, 6+3:0:1:0:1, 5+4:0:0:0:3, 6+2:0:0:0:0, 4+1:0:0:0:0, 7+2:0:0:0:0, 4+1:0:0:0:0, 8+3:1:0:0:1, 7+3:1:0:0:3, 6+4:2:0:0:4, 7+7:1:0:0:3, 7+4:0:0:0:1, 6+5:0:0:0:0, 8+2:0:0:0:0, 7+1:0:0:0:0, 3+1:0:0:0:1, 3+0:0:0:0:0, 6+3:0:1:0:1, 5+1:0:0:0:0, 2+0:0:0:0:0, 1+0:0:0:0:0, 10+6:0:0:0:2, 9+12:0:0:0:0, 13+13:1:0:0:1, 7+9:0:0:0:8, 5+1:0:0:0:1, 5+2:0:1:0:1, 8+4:1:1:0:4, 7+3:0:0:0:0, 9+6:0:0:0:1, 9+9:0:0:0:0, 9+8:1:0:0:1, 8+7:0:0:0:2, 5+1:0:0:0:1, 3+0:0:0:0:0, 7+5:0:0:0:5, 6+3:0:0:0:0, 9+3:0:0:0:0, 6+4:0:0:0:1, 10+5:0:0:0:1, 6+3:0:0:0:0, 12+6:1:0:0:2, 7+6:1:0:0:2, 8+9:5:0:0:5, 10+9:1:0:0:6, 11+7:0:0:0:3, 8+7:1:0:0:1, 9+3:0:0:0:0, 7+2:0:0:0:0, 4+1:0:0:0:1, 3+0:0:0:0:0, 5+4:0:1:0:2, 4+0:0:0:0:0, 2+0:0:0:0:0, 0+0:0:0:0:0, 7+2:0:0:0:1, 6+4:0:0:0:0, 7+2:0:0:0:0, 6+1:0:0:0:0, 4+1:0:0:0:1, 3+0:0:0:0:0, 6+3:0:1:0:1, 5+2:0:0:0:2, 8+7:0:0:0:2, 8+8:0:0:0:0, 9+2:0:0:0:0, 8+3:0:0:0:0, 5+1:0:0:0:1, 6+2:0:0:0:0, 6+5:0:0:0:3, 5+2:0:0:0:0, 8+2:0:0:0:1, 4+2:0:0:0:0, 7+3:0:0:0:0, 4+1:0:0:0:0, 9+4:1:1:0:2, 7+7:1:0:0:2, 7+6:3:0:0:6, 8+8:1:0:0:2, 8+3:0:0:0:1, 6+6:0:0:0:0, 13+4:0:0:0:0, 5+1:0:0:0:0, 3+1:0:0:0:1, 3+0:0:0:0:0, 5+4:0:1:0:2, 5+0:0:0:0:0, 2+0:0:0:0:0, 3+0:0:0:0:0, 7+6:0:0:0:1, 8+6:0:0:0:0, 8+3:0:0:0:0, 7+2:0:0:0:0, 3+1:0:0:0:1, 4+1:0:0:0:1, 5+10:0:0:0:5, 6+5:0:0:0:0, 8+2:0:0:0:1, 9+6:0:0:0:0, 8+3:0:0:0:0, 7+3:0:0:0:0, 3+1:0:0:0:1, 3+0:0:0:0:0, 5+6:0:0:0:6, 5+1:0:0:0:0, 7+2:0:0:0:0, 4+2:0:0:0:0, 7+1:0:0:0:0, 5+2:0:0:0:0, 8+3:1:0:0:1, 8+6:2:0:0:3, 11+8:5:0:0:5, 8+9:1:1:0:4, 7+3:0:0:0:1, 6+5:0:0:0:0, 8+2:0:0:0:0, 7+1:0:0:0:0, 5+1:0:0:0:1, 3+0:0:0:0:0, 5+3:0:1:0:1, 5+3:0:0:0:2, 2+5:0:0:0:0, 6+1:0:0:0:0, 8+2:0:0:0:1, 11+6:0:0:0:0, 8+4:0:0:0:0, 7+3:0:0:0:0, 4+1:0:0:0:1, 3+0:0:0:0:0, 7+7:0:0:0:6, 6+2:0:0:0:1, 8+4:0:0:0:2, 6+7:1:0:0:1, 9+2:0:0:0:0, 9+2:0:0:0:0, 4+1:0:0:0:1, 3+0:0:0:0:0, 5+6:0:0:0:6, 4+1:0:0:0:0, 6+1:0:0:0:0, 5+0:0:0:0:0, 7+1:0:0:0:0, 5+3:0:0:0:0, 9+4:1:0:0:1, 7+7:1:0:0:2, 14+6:2:0:0:3, 7+7:1:0:0:3, 7+2:0:0:0:1, 7+6:0:0:0:0, 8+2:0:0:0:0, 7+1:1:0:0:1, 3+1:0:0:0:1, 5+2:0:0:0:2, 6+3:0:1:0:1, 4+2:0:0:0:1, 2+0:0:0:0:0, 3+1:0:0:0:1, 2+0:0:0:0:0, 4+3:0:1:0:1, 2+0:0:0:0:0, 12+6:2:0:0:2, 17+10:3:1:0:5, 2+0:0:0:0:0, 1+0:0:0:0:0, 1100+559:44:14:0:181
A# minor (7#), 0+0:0:0:0:0, 5+7:0:0:0:1, 5+0:0:0:0:0, 9+3:0:0:0:0, 7+1:0:0:0:0, 8+4:0:0:0:0, 6+2:0:0:0:0, 8+3:0:1:0:1, 5+0:0:0:0:0, 5+2:0:0:0:1, 5+0:0:0:0:0, 9+4:0:0:0:1, 7+1:0:0:0:0, 8+4:0:0:0:0, 6+2:0:0:0:0, 8+3:0:1:0:1, 4+0:0:0:0:0, 3+2:0:0:0:0, 2+1:0:0:0:0, 4+2:0:0:0:0, 2+1:0:0:0:0, 7+7:1:0:0:1, 5+3:1:0:0:3, 7+2:0:0:0:0, 7+1:1:0:0:1, 5+2:0:0:0:1, 5+0:0:0:0:0, 8+2:0:0:0:0, 7+1:0:0:0:0, 7+4:0:0:0:0, 6+2:0:0:0:0, 8+3:0:1:0:1, 7+1:0:0:0:0, 4+0:0:0:0:0, 1+0:0:0:0:0, 7+12:0:0:0:2, 8+4:0:0:0:4, 13+6:0:0:0:2, 6+3:2:0:0:2, 9+3:0:0:0:0, 9+4:0:1:0:1, 11+4:0:1:0:2, 6+1:0:0:0:1, 6+7:0:0:0:0, 8+5:0:0:0:4, 9+4:0:0:0:3, 8+4:0:0:0:0, 9+3:0:0:0:0, 7+1:0:0:0:0, 11+4:0:1:0:1, 6+0:0:0:0:0, 6+4:0:1:0:0, 3+4:0:1:0:0, 7+5:0:0:0:1, 3+0:0:0:0:0, 11+7:0:0:0:2, 6+2:2:0:0:2, 9+5:0:0:0:4, 8+9:1:0:0:6, 8+11:0:0:0:2, 8+5:1:0:0:4, 9+3:0:0:0:0, 8+2:0:0:0:0, 8+4:0:0:0:0, 7+2:0:0:0:0, 8+4:0:1:0:2, 6+1:0:0:0:0, 4+0:0:0:0:0, 1+0:0:0:0:0, 5+5:0:0:0:1, 5+0:0:0:0:0, 7+2:0:0:0:0, 6+1:0:0:0:0, 8+2:0:0:0:0, 7+1:0:0:0:0, 8+3:0:1:0:1, 6+4:0:0:0:2, 6+7:0:0:0:2, 7+1:0:0:0:1, 9+2:0:0:0:0, 8+3:0:0:0:0, 9+2:0:0:0:0, 9+3:0:0:0:0, 8+3:1:1:0:2, 5+0:0:0:0:0, 4+2:0:0:0:1, 2+2:0:0:0:0, 3+3:0:0:0:0, 2+1:0:0:0:0, 8+8:1:1:0:1, 6+3:1:0:0:3, 7+4:0:0:0:0, 8+2:1:0:0:1, 5+3:0:0:0:1, 5+0:0:0:0:0, 13+4:0:0:0:0, 7+1:0:0:0:0, 7+3:0:0:0:0, 6+2:0:0:0:0, 7+5:0:1:0:2, 6+1:0:0:0:0, 4+0:0:0:0:0, 5+1:0:0:0:0, 5+6:0:0:0:1, 7+1:0:0:0:0, 8+3:0:0:0:0, 8+2:0:0:0:0, 7+4:0:0:0:0, 8+3:0:0:0:0, 7+3:0:1:0:1, 5+1:0:0:0:1, 5+4:0:0:0:0, 8+1:0:0:0:1, 8+3:0:0:0:0, 7+3:0:0:0:0, 7+3:0:0:0:0, 6+2:0:0:0:0, 7+2:0:1:0:1, 5+0:0:0:0:0, 3+2:0:0:0:0, 2+2:0:0:0:0, 4+1:0:0:0:0, 2+2:0:0:0:0, 6+9:1:0:0:1, 7+5:2:0:0:4, 10+6:5:0:0:1, 8+3:1:0:0:1, 5+3:0:0:0:2, 5+0:0:0:0:0, 8+2:0:0:0:0, 8+1:0:0:0:0, 9+2:0:0:0:0, 7+2:0:0:0:0, 7+2:0:1:0:1, 7+2:0:0:0:0, 5+0:0:0:0:0, 6+1:0:0:0:0, 6+2:0:0:0:1, 11+3:0:0:0:1, 8+4:0:0:0:0, 7+3:0:0:0:0, 8+3:0:0:0:0, 7+2:0:0:0:0, 9+2:0:1:0:1, 6+1:0:0:0:0, 6+3:0:0:0:2, 6+1:1:0:0:1, 9+2:0:0:0:0, 7+3:1:0:0:1, 8+3:0:0:0:0, 7+2:0:0:0:0, 7+2:0:1:0:1, 4+0:0:0:0:0, 3+1:0:0:0:0, 2+0:0:0:0:0, 3+1:0:0:0:0, 2+3:0:0:0:0, 7+3:1:0:0:0, 6+3:1:0:0:0, 11+7:0:0:0:1, 7+2:2:0:0:2, 5+2:0:0:0:1, 6+1:0:0:0:1, 8+2:0:0:0:0, 8+1:1:0:0:1, 7+4:0:0:0:0, 8+4:0:0:0:0, 8+4:0:1:0:1, 6+1:1:0:0:1, 4+1:0:0:0:0, 6+0:0:0:0:0, 4+1:0:0:0:0, 7+2:1:0:0:1, 4+1:0:0:0:0, 11+6:2:0:0:2, 16+13:0:1:0:7, 5+1:0:0:0:0, 1+0:0:0:0:0, 1159+473:33:20:0:116
Ab minor mel (7b),  ,  ,  ,  ,  ,  ,  ,  ,  ,  ,  ,  ,  ,  ,  ,  ,  ,  ,  ,  ,  ,  ,  ,  ,  ,  ,  ,  ,  ,  ,  ,  ,  ,  ,  ,  ,  ,  ,  ,  ,  ,  ,  ,  ,  ,  ,  ,  ,  ,  ,  ,  ,  ,  ,  ,  ,  ,  ,  ,  ,  ,  ,  ,  ,  ,  ,  ,  ,  ,  ,  ,  ,  ,  ,  ,  ,  ,  ,  ,  ,  ,  ,  ,  ,  ,  ,  ,  ,  ,  ,  ,  ,  ,  ,  ,  ,  ,  ,  ,  ,  ,  ,  ,  ,  ,  ,  ,  ,  ,  ,  ,  ,  ,  ,  ,  ,  ,  ,  ,  ,  ,  ,  ,  ,  ,  ,  ,  ,  ,  ,  ,  ,  ,  ,  ,  ,  ,  ,  ,  ,  ,  ,  ,  ,  ,  ,  ,  ,  ,  ,  ,  ,  ,  ,  ,  ,  ,  ,  ,  ,  ,  ,  ,  ,  ,  ,  ,  ,  ,  ,  ,  ,  ,  ,  ,  ,  ,  , 0+0:0:0:0:0
A# minor mel (7#),  ,  ,  ,  ,  ,  ,  ,  ,  ,  ,  ,  ,  ,  ,  ,  ,  ,  ,  ,  ,  ,  ,  ,  ,  ,  ,  ,  ,  ,  ,  ,  ,  ,  ,  ,  ,  ,  ,  ,  ,  ,  ,  ,  ,  ,  ,  ,  ,  ,  ,  ,  ,  ,  ,  ,  ,  ,  ,  ,  ,  ,  ,  ,  ,  ,  ,  ,  ,  ,  ,  ,  ,  ,  ,  ,  ,  ,  ,  ,  ,  ,  ,  ,  ,  ,  ,  ,  ,  ,  ,  ,  ,  ,  ,  ,  ,  ,  ,  ,  ,  ,  ,  ,  ,  ,  ,  ,  ,  ,  ,  ,  ,  ,  ,  ,  ,  ,  ,  ,  ,  ,  ,  ,  ,  ,  ,  ,  ,  ,  ,  ,  ,  ,  ,  ,  ,  ,  ,  ,  ,  ,  ,  ,  ,  ,  ,  ,  ,  ,  ,  ,  ,  ,  ,  ,  ,  ,  ,  ,  ,  ,  ,  ,  ,  ,  ,  ,  ,  ,  ,  ,  ,  ,  ,  ,  ,  ,  , 0+0:0:0:0:0
Cb major blues (7b),  ,  ,  ,  ,  ,  ,  ,  ,  ,  ,  ,  ,  ,  ,  ,  ,  ,  ,  ,  ,  ,  ,  ,  ,  ,  ,  ,  ,  ,  ,  ,  ,  ,  ,  ,  ,  ,  ,  ,  ,  ,  ,  ,  ,  ,  ,  ,  ,  ,  ,  ,  ,  ,  ,  ,  ,  ,  ,  ,  ,  ,  ,  ,  ,  ,  ,  ,  ,  ,  ,  ,  ,  ,  ,  ,  ,  ,  ,  ,  ,  ,  ,  ,  ,  ,  ,  ,  ,  ,  ,  ,  ,  ,  ,  ,  ,  ,  ,  ,  ,  ,  ,  ,  ,  ,  ,  ,  ,  ,  ,  ,  ,  ,  ,  ,  ,  ,  ,  ,  ,  ,  ,  ,  ,  ,  ,  ,  ,  ,  ,  ,  ,  ,  ,  ,  ,  ,  ,  ,  ,  ,  ,  ,  ,  ,  ,  ,  ,  ,  ,  ,  ,  ,  ,  ,  ,  ,  ,  ,  ,  ,  ,  ,  ,  ,  ,  ,  ,  ,  ,  ,  ,  ,  ,  ,  ,  ,  , 0+0:0:0:0:0
C# major blues (7#),  ,  ,  ,  ,  ,  ,  ,  ,  ,  ,  ,  ,  ,  ,  ,  ,  ,  ,  ,  ,  ,  ,  ,  ,  ,  ,  ,  ,  ,  ,  ,  ,  ,  ,  ,  ,  ,  ,  ,  ,  ,  ,  ,  ,  ,  ,  ,  ,  ,  ,  ,  ,  ,  ,  ,  ,  ,  ,  ,  ,  ,  ,  ,  ,  ,  ,  ,  ,  ,  ,  ,  ,  ,  ,  ,  ,  ,  ,  ,  ,  ,  ,  ,  ,  ,  ,  ,  ,  ,  ,  ,  ,  ,  ,  ,  ,  ,  ,  ,  ,  ,  ,  ,  ,  ,  ,  ,  ,  ,  ,  ,  ,  ,  ,  ,  ,  ,  ,  ,  ,  ,  ,  ,  ,  ,  ,  ,  ,  ,  ,  ,  ,  ,  ,  ,  ,  ,  ,  ,  ,  ,  ,  ,  ,  ,  ,  ,  ,  ,  ,  ,  ,  ,  ,  ,  ,  ,  ,  ,  ,  ,  ,  ,  ,  ,  ,  ,  ,  ,  ,  ,  ,  ,  ,  ,  ,  ,  , 0+0:0:0:0:0
Ab minor blues (7b),  ,  ,  ,  ,  ,  ,  ,  ,  ,  ,  ,  ,  ,  ,  ,  ,  ,  ,  ,  ,  ,  ,  ,  ,  ,  ,  ,  ,  ,  ,  ,  ,  ,  ,  ,  ,  ,  ,  ,  ,  ,  ,  ,  ,  ,  ,  ,  ,  ,  ,  ,  ,  ,  ,  ,  ,  ,  ,  ,  ,  ,  ,  ,  ,  ,  ,  ,  ,  ,  ,  ,  ,  ,  ,  ,  ,  ,  ,  ,  ,  ,  ,  ,  ,  ,  ,  ,  ,  ,  ,  ,  ,  ,  ,  ,  ,  ,  ,  ,  ,  ,  ,  ,  ,  ,  ,  ,  ,  ,  ,  ,  ,  ,  ,  ,  ,  ,  ,  ,  ,  ,  ,  ,  ,  ,  ,  ,  ,  ,  ,  ,  ,  ,  ,  ,  ,  ,  ,  ,  ,  ,  ,  ,  ,  ,  ,  ,  ,  ,  ,  ,  ,  ,  ,  ,  ,  ,  ,  ,  ,  ,  ,  ,  ,  ,  ,  ,  ,  ,  ,  ,  ,  ,  ,  ,  ,  ,  , 0+0:0:0:0:0
A# minor blues (7#),  ,  ,  ,  ,  ,  ,  ,  ,  ,  ,  ,  ,  ,  ,  ,  ,  ,  ,  ,  ,  ,  ,  ,  ,  ,  ,  ,  ,  ,  ,  ,  ,  ,  ,  ,  ,  ,  ,  ,  ,  ,  ,  ,  ,  ,  ,  ,  ,  ,  ,  ,  ,  ,  ,  ,  ,  ,  ,  ,  ,  ,  ,  ,  ,  ,  ,  ,  ,  ,  ,  ,  ,  ,  ,  ,  ,  ,  ,  ,  ,  ,  ,  ,  ,  ,  ,  ,  ,  ,  ,  ,  ,  ,  ,  ,  ,  ,  ,  ,  ,  ,  ,  ,  ,  ,  ,  ,  ,  ,  ,  ,  ,  ,  ,  ,  ,  ,  ,  ,  ,  ,  ,  ,  ,  ,  ,  ,  ,  ,  ,  ,  ,  ,  ,  ,  ,  ,  ,  ,  ,  ,  ,  ,  ,  ,  ,  ,  ,  ,  ,  ,  ,  ,  ,  ,  ,  ,  ,  ,  ,  ,  ,  ,  ,  ,  ,  ,  ,  ,  ,  ,  ,  ,  ,  ,  ,  ,  , 0+0:0:0:0:0
Cb dorian (7b),  ,  ,  ,  ,  ,  ,  ,  ,  ,  ,  ,  ,  ,  ,  ,  ,  ,  ,  ,  ,  ,  ,  ,  ,  ,  ,  ,  ,  ,  ,  ,  ,  ,  ,  ,  ,  ,  ,  ,  ,  ,  ,  ,  ,  ,  ,  ,  ,  ,  ,  ,  ,  ,  ,  ,  ,  ,  ,  ,  ,  ,  ,  ,  ,  ,  ,  ,  ,  ,  ,  ,  ,  ,  ,  ,  ,  ,  ,  ,  ,  ,  ,  ,  ,  ,  ,  ,  ,  ,  ,  ,  ,  ,  ,  ,  ,  ,  ,  ,  ,  ,  ,  ,  ,  ,  ,  ,  ,  ,  ,  ,  ,  ,  ,  ,  ,  ,  ,  ,  ,  ,  ,  ,  ,  ,  ,  ,  ,  ,  ,  ,  ,  ,  ,  ,  ,  ,  ,  ,  ,  ,  ,  ,  ,  ,  ,  ,  ,  ,  ,  ,  ,  ,  ,  ,  ,  ,  ,  ,  ,  ,  ,  ,  ,  ,  ,  ,  ,  ,  ,  ,  ,  ,  ,  ,  ,  ,  , 0+0:0:0:0:0
C# dorian (7#),  ,  ,  ,  ,  ,  ,  ,  ,  ,  ,  ,  ,  ,  ,  ,  ,  ,  ,  ,  ,  ,  ,  ,  ,  ,  ,  ,  ,  ,  ,  ,  ,  ,  ,  ,  ,  ,  ,  ,  ,  ,  ,  ,  ,  ,  ,  ,  ,  ,  ,  ,  ,  ,  ,  ,  ,  ,  ,  ,  ,  ,  ,  ,  ,  ,  ,  ,  ,  ,  ,  ,  ,  ,  ,  ,  ,  ,  ,  ,  ,  ,  ,  ,  ,  ,  ,  ,  ,  ,  ,  ,  ,  ,  ,  ,  ,  ,  ,  ,  ,  ,  ,  ,  ,  ,  ,  ,  ,  ,  ,  ,  ,  ,  ,  ,  ,  ,  ,  ,  ,  ,  ,  ,  ,  ,  ,  ,  ,  ,  ,  ,  ,  ,  ,  ,  ,  ,  ,  ,  ,  ,  ,  ,  ,  ,  ,  ,  ,  ,  ,  ,  ,  ,  ,  ,  ,  ,  ,  ,  ,  ,  ,  ,  ,  ,  ,  ,  ,  ,  ,  ,  ,  ,  ,  ,  ,  ,  , 0+0:0:0:0:0
Cb phrygian (7b),  ,  ,  ,  ,  ,  ,  ,  ,  ,  ,  ,  ,  ,  ,  ,  ,  ,  ,  ,  ,  ,  ,  ,  ,  ,  ,  ,  ,  ,  ,  ,  ,  ,  ,  ,  ,  ,  ,  ,  ,  ,  ,  ,  ,  ,  ,  ,  ,  ,  ,  ,  ,  ,  ,  ,  ,  ,  ,  ,  ,  ,  ,  ,  ,  ,  ,  ,  ,  ,  ,  ,  ,  ,  ,  ,  ,  ,  ,  ,  ,  ,  ,  ,  ,  ,  ,  ,  ,  ,  ,  ,  ,  ,  ,  ,  ,  ,  ,  ,  ,  ,  ,  ,  ,  ,  ,  ,  ,  ,  ,  ,  ,  ,  ,  ,  ,  ,  ,  ,  ,  ,  ,  ,  ,  ,  ,  ,  ,  ,  ,  ,  ,  ,  ,  ,  ,  ,  ,  ,  ,  ,  ,  ,  ,  ,  ,  ,  ,  ,  ,  ,  ,  ,  ,  ,  ,  ,  ,  ,  ,  ,  ,  ,  ,  ,  ,  ,  ,  ,  ,  ,  ,  ,  ,  ,  ,  ,  , 0+0:0:0:0:0
C# phrygian (7#),  ,  ,  ,  ,  ,  ,  ,  ,  ,  ,  ,  ,  ,  ,  ,  ,  ,  ,  ,  ,  ,  ,  ,  ,  ,  ,  ,  ,  ,  ,  ,  ,  ,  ,  ,  ,  ,  ,  ,  ,  ,  ,  ,  ,  ,  ,  ,  ,  ,  ,  ,  ,  ,  ,  ,  ,  ,  ,  ,  ,  ,  ,  ,  ,  ,  ,  ,  ,  ,  ,  ,  ,  ,  ,  ,  ,  ,  ,  ,  ,  ,  ,  ,  ,  ,  ,  ,  ,  ,  ,  ,  ,  ,  ,  ,  ,  ,  ,  ,  ,  ,  ,  ,  ,  ,  ,  ,  ,  ,  ,  ,  ,  ,  ,  ,  ,  ,  ,  ,  ,  ,  ,  ,  ,  ,  ,  ,  ,  ,  ,  ,  ,  ,  ,  ,  ,  ,  ,  ,  ,  ,  ,  ,  ,  ,  ,  ,  ,  ,  ,  ,  ,  ,  ,  ,  ,  ,  ,  ,  ,  ,  ,  ,  ,  ,  ,  ,  ,  ,  ,  ,  ,  ,  ,  ,  ,  ,  , 0+0:0:0:0:0
Cb lydian (7b),  ,  ,  ,  ,  ,  ,  ,  ,  ,  ,  ,  ,  ,  ,  ,  ,  ,  ,  ,  ,  ,  ,  ,  ,  ,  ,  ,  ,  ,  ,  ,  ,  ,  ,  ,  ,  ,  ,  ,  ,  ,  ,  ,  ,  ,  ,  ,  ,  ,  ,  ,  ,  ,  ,  ,  ,  ,  ,  ,  ,  ,  ,  ,  ,  ,  ,  ,  ,  ,  ,  ,  ,  ,  ,  ,  ,  ,  ,  ,  ,  ,  ,  ,  ,  ,  ,  ,  ,  ,  ,  ,  ,  ,  ,  ,  ,  ,  ,  ,  ,  ,  ,  ,  ,  ,  ,  ,  ,  ,  ,  ,  ,  ,  ,  ,  ,  ,  ,  ,  ,  ,  ,  ,  ,  ,  ,  ,  ,  ,  ,  ,  ,  ,  ,  ,  ,  ,  ,  ,  ,  ,  ,  ,  ,  ,  ,  ,  ,  ,  ,  ,  ,  ,  ,  ,  ,  ,  ,  ,  ,  ,  ,  ,  ,  ,  ,  ,  ,  ,  ,  ,  ,  ,  ,  ,  ,  ,  , 0+0:0:0:0:0
C# lydian (7#),  ,  ,  ,  ,  ,  ,  ,  ,  ,  ,  ,  ,  ,  ,  ,  ,  ,  ,  ,  ,  ,  ,  ,  ,  ,  ,  ,  ,  ,  ,  ,  ,  ,  ,  ,  ,  ,  ,  ,  ,  ,  ,  ,  ,  ,  ,  ,  ,  ,  ,  ,  ,  ,  ,  ,  ,  ,  ,  ,  ,  ,  ,  ,  ,  ,  ,  ,  ,  ,  ,  ,  ,  ,  ,  ,  ,  ,  ,  ,  ,  ,  ,  ,  ,  ,  ,  ,  ,  ,  ,  ,  ,  ,  ,  ,  ,  ,  ,  ,  ,  ,  ,  ,  ,  ,  ,  ,  ,  ,  ,  ,  ,  ,  ,  ,  ,  ,  ,  ,  ,  ,  ,  ,  ,  ,  ,  ,  ,  ,  ,  ,  ,  ,  ,  ,  ,  ,  ,  ,  ,  ,  ,  ,  ,  ,  ,  ,  ,  ,  ,  ,  ,  ,  ,  ,  ,  ,  ,  ,  ,  ,  ,  ,  ,  ,  ,  ,  ,  ,  ,  ,  ,  ,  ,  ,  ,  ,  , 0+0:0:0:0:0
Cb mixolydian (7b),  ,  ,  ,  ,  ,  ,  ,  ,  ,  ,  ,  ,  ,  ,  ,  ,  ,  ,  ,  ,  ,  ,  ,  ,  ,  ,  ,  ,  ,  ,  ,  ,  ,  ,  ,  ,  ,  ,  ,  ,  ,  ,  ,  ,  ,  ,  ,  ,  ,  ,  ,  ,  ,  ,  ,  ,  ,  ,  ,  ,  ,  ,  ,  ,  ,  ,  ,  ,  ,  ,  ,  ,  ,  ,  ,  ,  ,  ,  ,  ,  ,  ,  ,  ,  ,  ,  ,  ,  ,  ,  ,  ,  ,  ,  ,  ,  ,  ,  ,  ,  ,  ,  ,  ,  ,  ,  ,  ,  ,  ,  ,  ,  ,  ,  ,  ,  ,  ,  ,  ,  ,  ,  ,  ,  ,  ,  ,  ,  ,  ,  ,  ,  ,  ,  ,  ,  ,  ,  ,  ,  ,  ,  ,  ,  ,  ,  ,  ,  ,  ,  ,  ,  ,  ,  ,  ,  ,  ,  ,  ,  ,  ,  ,  ,  ,  ,  ,  ,  ,  ,  ,  ,  ,  ,  ,  ,  ,  , 0+0:0:0:0:0
C# mixolydian (7#),  ,  ,  ,  ,  ,  ,  ,  ,  ,  ,  ,  ,  ,  ,  ,  ,  ,  ,  ,  ,  ,  ,  ,  ,  ,  ,  ,  ,  ,  ,  ,  ,  ,  ,  ,  ,  ,  ,  ,  ,  ,  ,  ,  ,  ,  ,  ,  ,  ,  ,  ,  ,  ,  ,  ,  ,  ,  ,  ,  ,  ,  ,  ,  ,  ,  ,  ,  ,  ,  ,  ,  ,  ,  ,  ,  ,  ,  ,  ,  ,  ,  ,  ,  ,  ,  ,  ,  ,  ,  ,  ,  ,  ,  ,  ,  ,  ,  ,  ,  ,  ,  ,  ,  ,  ,  ,  ,  ,  ,  ,  ,  ,  ,  ,  ,  ,  ,  ,  ,  ,  ,  ,  ,  ,  ,  ,  ,  ,  ,  ,  ,  ,  ,  ,  ,  ,  ,  ,  ,  ,  ,  ,  ,  ,  ,  ,  ,  ,  ,  ,  ,  ,  ,  ,  ,  ,  ,  ,  ,  ,  ,  ,  ,  ,  ,  ,  ,  ,  ,  ,  ,  ,  ,  ,  ,  ,  ,  , 0+0:0:0:0:0
Cb aeolian (7b),  ,  ,  ,  ,  ,  ,  ,  ,  ,  ,  ,  ,  ,  ,  ,  ,  ,  ,  ,  ,  ,  ,  ,  ,  ,  ,  ,  ,  ,  ,  ,  ,  ,  ,  ,  ,  ,  ,  ,  ,  ,  ,  ,  ,  ,  ,  ,  ,  ,  ,  ,  ,  ,  ,  ,  ,  ,  ,  ,  ,  ,  ,  ,  ,  ,  ,  ,  ,  ,  ,  ,  ,  ,  ,  ,  ,  ,  ,  ,  ,  ,  ,  ,  ,  ,  ,  ,  ,  ,  ,  ,  ,  ,  ,  ,  ,  ,  ,  ,  ,  ,  ,  ,  ,  ,  ,  ,  ,  ,  ,  ,  ,  ,  ,  ,  ,  ,  ,  ,  ,  ,  ,  ,  ,  ,  ,  ,  ,  ,  ,  ,  ,  ,  ,  ,  ,  ,  ,  ,  ,  ,  ,  ,  ,  ,  ,  ,  ,  ,  ,  ,  ,  ,  ,  ,  ,  ,  ,  ,  ,  ,  ,  ,  ,  ,  ,  ,  ,  ,  ,  ,  ,  ,  ,  ,  ,  ,  , 0+0:0:0:0:0
C# aeolian (7#),  ,  ,  ,  ,  ,  ,  ,  ,  ,  ,  ,  ,  ,  ,  ,  ,  ,  ,  ,  ,  ,  ,  ,  ,  ,  ,  ,  ,  ,  ,  ,  ,  ,  ,  ,  ,  ,  ,  ,  ,  ,  ,  ,  ,  ,  ,  ,  ,  ,  ,  ,  ,  ,  ,  ,  ,  ,  ,  ,  ,  ,  ,  ,  ,  ,  ,  ,  ,  ,  ,  ,  ,  ,  ,  ,  ,  ,  ,  ,  ,  ,  ,  ,  ,  ,  ,  ,  ,  ,  ,  ,  ,  ,  ,  ,  ,  ,  ,  ,  ,  ,  ,  ,  ,  ,  ,  ,  ,  ,  ,  ,  ,  ,  ,  ,  ,  ,  ,  ,  ,  ,  ,  ,  ,  ,  ,  ,  ,  ,  ,  ,  ,  ,  ,  ,  ,  ,  ,  ,  ,  ,  ,  ,  ,  ,  ,  ,  ,  ,  ,  ,  ,  ,  ,  ,  ,  ,  ,  ,  ,  ,  ,  ,  ,  ,  ,  ,  ,  ,  ,  ,  ,  ,  ,  ,  ,  ,  , 0+0:0:0:0:0
Cb locrian (7b),  ,  ,  ,  ,  ,  ,  ,  ,  ,  ,  ,  ,  ,  ,  ,  ,  ,  ,  ,  ,  ,  ,  ,  ,  ,  ,  ,  ,  ,  ,  ,  ,  ,  ,  ,  ,  ,  ,  ,  ,  ,  ,  ,  ,  ,  ,  ,  ,  ,  ,  ,  ,  ,  ,  ,  ,  ,  ,  ,  ,  ,  ,  ,  ,  ,  ,  ,  ,  ,  ,  ,  ,  ,  ,  ,  ,  ,  ,  ,  ,  ,  ,  ,  ,  ,  ,  ,  ,  ,  ,  ,  ,  ,  ,  ,  ,  ,  ,  ,  ,  ,  ,  ,  ,  ,  ,  ,  ,  ,  ,  ,  ,  ,  ,  ,  ,  ,  ,  ,  ,  ,  ,  ,  ,  ,  ,  ,  ,  ,  ,  ,  ,  ,  ,  ,  ,  ,  ,  ,  ,  ,  ,  ,  ,  ,  ,  ,  ,  ,  ,  ,  ,  ,  ,  ,  ,  ,  ,  ,  ,  ,  ,  ,  ,  ,  ,  ,  ,  ,  ,  ,  ,  ,  ,  ,  ,  ,  , 0+0:0:0:0:0
C# locrian (7#),  ,  ,  ,  ,  ,  ,  ,  ,  ,  ,  ,  ,  ,  ,  ,  ,  ,  ,  ,  ,  ,  ,  ,  ,  ,  ,  ,  ,  ,  ,  ,  ,  ,  ,  ,  ,  ,  ,  ,  ,  ,  ,  ,  ,  ,  ,  ,  ,  ,  ,  ,  ,  ,  ,  ,  ,  ,  ,  ,  ,  ,  ,  ,  ,  ,  ,  ,  ,  ,  ,  ,  ,  ,  ,  ,  ,  ,  ,  ,  ,  ,  ,  ,  ,  ,  ,  ,  ,  ,  ,  ,  ,  ,  ,  ,  ,  ,  ,  ,  ,  ,  ,  ,  ,  ,  ,  ,  ,  ,  ,  ,  ,  ,  ,  ,  ,  ,  ,  ,  ,  ,  ,  ,  ,  ,  ,  ,  ,  ,  ,  ,  ,  ,  ,  ,  ,  ,  ,  ,  ,  ,  ,  ,  ,  ,  ,  ,  ,  ,  ,  ,  ,  ,  ,  ,  ,  ,  ,  ,  ,  ,  ,  ,  ,  ,  ,  ,  ,  ,  ,  ,  ,  ,  ,  ,  ,  ,  , 0+0:0:0:0:0
