 , 0, 1, 2, 3, 4, 5, 6, 7, 8, 9, 10, 11, 12, 13, 14, 15, 16, 17, 18, 19, 20, 21, 22, 23, 24, 25, 26, 27, 28, 29, 30, 31, 32, 33, 34, 35, 36, 37, 38, 39, 40, 41, 42, 43, 44, 45, 46, 47, 48, 49, 50, 51, 52, 53, 54, 55, 56, 57, 58, 59, 60, 61, 62, 63, 64, 65, 66, 67, 68, 69, 70, 71, 72, 73, 74, 75, 76, 77, 78, 79, 80, 81, 82, 83, 84, 85, 86, 87, 88, 89, 90, 91, 92, 93, 94, 95, 96, 97, 98, 99, 100, 101, 102, 103, 104, 105, 106, 107, 108, 109, 110, 111, 112, 113, 114, 115, 116, 117, 118, 119, 120, 121, 122, 123, 124, 125, 126, 127, 128, 129, 130, 131, 132, 133, 134, 135, 136, 137, 138, 139, 140, 141, 142, 143, 144, 145, 146, 147, 148, 149, 150, 151, 152, 153, 154, 155, 156, 157, 158, 159, 160, 161, 162, 163, 164, 165, 166, 167, 168, 169, 170, 171, 172, 173, 174, 175, 176, 177, 178, 179, 180, 181, 182, 183, 184, 185, 186, 187, 188, 189, 190, 191, 192, 193, 194, 195, 196, 197, 198, 199, 200, 201, 202, 203, 204, 205, 206, 207, 208, 209, 210, 211, 212, 213, 214, 215, 216, 217, 218, 219, 220, 221, 222, 223, 224, 225, 226, 227, 228, 229, 230, 231, 232, 233, 234, 235, 236, 237, 238, 239, 240, 241, 242, 243, 244, 245, 246, 247, 248, 249, 250, 251, 252, 253, 254, 255, 256, 257, 258, 259, 260, 261, 262, 263, 264, 265, 266, 267, 268, 269, 270, 271, 272, 273, 274, 275, 276, 277, 278, 279, 280, 281, 282, 283, 284, 285, 286, 287, 288, 289, 290, 291, 292, 293, 294, 295, 296, 297, 298, 299, 300, 301, 302, 303, 304, 305, 306, 307, 308, 309, 310, 311, 312, 313, 314, 315, 316, 317, 318, 319, 320, 321, 322, 323, 324, 325, 326, 327, 328, 329, 330, 331, 332, 333, 334, 335, 336, 337, 338, 339, 340, 341, 342, 343, 344, 345, 346, 347, 348, 349, 350, 351, 352, 353, 354, 355, rowcost
C major (0), 2+1:0:0:0:0, 0+0:0:0:0:0, 2+2:0:0:0:1, 0+0:0:0:0:0, 1+0:0:0:0:0, 2+1:0:0:0:0, 2+1:0:0:0:0, 2+1:0:0:0:0, 2+1:0:0:0:0, 0+0:0:0:0:0, 2+2:0:0:0:1, 0+0:0:0:0:0, 1+0:0:0:0:0, 2+1:0:0:0:0, 1+1:0:0:0:1, 1+0:0:0:0:0, 1+0:0:0:0:0, 1+0:0:0:0:0, 1+0:0:0:0:0,  , 1+0:0:0:0:0, 0+0:0:0:0:0, 0+0:0:0:0:0, 0+0:0:0:0:0, 2+1:0:0:0:0, 0+0:0:0:0:0, 2+2:0:0:0:1, 0+0:0:0:0:0, 1+0:0:0:0:0, 2+1:0:0:0:0, 1+1:0:0:0:1, 1+0:0:0:0:0, 1+1:0:0:0:0, 0+0:0:0:0:0, 2+2:0:0:0:1, 0+0:0:0:0:0, 1+0:0:0:0:0, 1+1:0:0:0:0, 1+1:0:0:0:0, 0+0:0:0:0:0, 2+1:1:0:0:1, 0+0:0:0:0:0, 3+3:0:0:0:2, 2+2:0:0:0:0, 1+0:0:0:0:0, 1+1:0:0:0:0, 1+3:0:0:0:0, 1+0:0:0:0:0, 2+0:0:0:0:0, 2+4:0:0:0:0, 4+1:0:0:0:0, 1+1:0:0:0:0, 3+1:0:0:0:0, 0+0:0:0:0:0, 0+0:0:0:0:0, 0+0:0:0:0:0, 1+1:0:0:0:0, 0+0:0:0:0:0, 2+2:0:0:0:1, 0+0:0:0:0:0, 2+1:0:0:0:0, 2+3:0:0:0:1, 1+1:0:0:0:0, 0+0:0:0:0:0, 2+1:1:0:0:1, 2+1:0:0:0:0, 4+3:0:0:0:1, 2+2:0:0:0:0, 3+1:0:0:0:0, 3+2:2:0:0:2, 4+3:0:0:0:2, 0+0:0:0:0:0, 2+1:0:0:0:0, 0+0:0:0:0:0, 3+2:0:0:0:1, 0+0:0:0:0:0, 2+1:1:0:0:1, 1+2:0:0:0:0, 2+2:0:0:0:0, 0+0:0:0:0:0, 3+2:0:0:0:0, 2+1:0:0:0:0, 2+1:0:0:0:1, 4+1:0:0:0:1, 3+2:0:0:0:2, 1+1:0:0:0:0, 0+0:0:0:0:0, 0+0:0:0:0:0, 3+1:1:0:0:1, 0+0:0:0:0:0, 5+4:0:0:0:2, 0+0:0:0:0:0, 2+1:0:0:0:0, 2+1:1:0:0:1, 1+1:0:0:0:0, 0+0:0:0:0:0, 2+1:0:0:0:0, 0+0:0:0:0:0, 3+2:0:0:0:1, 0+0:0:0:0:0, 1+0:0:0:0:0, 1+1:0:0:0:0, 2+1:0:0:0:0, 0+0:0:0:0:0, 2+2:0:0:0:1, 1+1:0:0:0:0, 4+2:0:0:0:1, 1+1:0:0:0:0, 1+0:0:0:0:0, 2+4:0:0:0:0, 0+2:0:0:0:0,  , 2+0:0:0:0:0, 2+0:0:0:0:0, 2+0:0:0:0:0,  , 3+1:0:0:0:0, 1+0:0:0:0:0, 1+1:0:0:0:1, 2+2:0:0:0:0, 1+1:0:0:0:0, 1+1:0:0:0:0, 2+2:0:0:0:1, 0+0:0:0:0:0, 2+1:1:0:0:0, 1+1:0:0:0:0, 2+3:0:0:0:3, 2+3:0:0:0:2, 1+1:0:0:0:0, 0+0:0:0:0:0, 3+3:0:0:0:2, 0+0:0:0:0:0, 2+1:0:0:0:0, 3+4:0:0:0:0, 3+4:0:0:0:3, 1+1:0:0:0:0, 1+3:0:0:0:0, 1+1:0:0:0:0, 4+3:1:0:0:0, 2+2:0:0:0:0, 1+0:0:0:0:0, 1+1:0:0:0:0, 0+0:0:0:0:0, 1+0:0:0:0:0, 2+0:0:0:0:0, 2+1:0:0:0:0, 2+0:0:0:0:0, 1+0:0:0:0:0, 3+1:0:0:0:0, 0+0:0:0:0:0, 0+0:0:0:0:0, 0+0:0:0:0:0, 1+1:0:0:0:0, 0+0:0:0:0:0, 2+4:0:0:0:2, 1+1:0:0:0:0, 1+0:0:0:0:0, 3+3:0:0:0:2, 4+3:0:0:0:2, 0+0:0:0:0:0, 1+1:0:0:0:0, 0+0:0:0:0:0, 2+3:0:0:0:2, 2+1:0:0:0:0, 2+1:0:0:0:0, 2+5:0:0:0:0, 3+2:0:0:0:1, 0+0:0:0:0:0, 2+1:0:0:0:0, 2+1:0:0:0:0, 3+2:0:0:0:1, 2+1:0:0:0:0, 1+0:0:0:0:0, 2+2:1:0:0:1, 2+2:1:0:0:1, 0+0:0:0:0:0, 2+0:0:0:0:0, 5+2:0:0:0:0, 4+1:0:0:0:1, 3+1:0:0:0:0, 1+0:0:0:0:0, 0+0:0:0:0:0, 0+0:0:0:0:0, 0+0:0:0:0:0, 1+1:0:0:0:0, 0+0:0:0:0:0, 2+2:0:0:0:1, 1+1:0:0:0:0, 4+3:1:0:0:1, 2+2:0:0:0:0, 2+3:0:0:0:2, 0+0:0:0:0:0, 1+1:0:0:0:1, 0+0:0:0:0:0, 2+2:0:0:0:1, 0+0:0:0:0:0, 1+0:0:0:0:0, 1+1:0:0:0:0, 3+1:0:0:0:0, 0+0:0:0:0:0, 1+1:0:0:0:0, 0+0:0:0:0:0, 4+4:2:0:0:0, 0+0:0:0:0:0, 5+2:0:0:0:0, 2+3:2:0:0:2, 1+1:0:0:0:1, 0+0:0:0:0:0, 1+0:0:0:0:0, 2+0:0:0:0:0, 2+2:0:0:0:2, 1+2:0:0:0:0, 1+0:0:0:0:0, 0+0:0:0:0:0, 2+4:0:0:0:0, 2+2:0:0:0:0, 1+3:0:0:0:0, 1+1:0:0:0:0, 5+4:0:0:0:1, 3+2:0:0:0:0, 1+0:0:0:0:0, 1+1:0:0:0:0, 4+2:0:0:0:0, 0+0:0:0:0:0, 1+1:0:0:0:0, 0+0:0:0:0:0, 2+2:0:0:0:1, 1+1:0:0:0:0, 1+0:0:0:0:0, 3+2:0:0:0:0, 3+2:0:0:0:0, 0+0:0:0:0:0, 1+1:0:0:0:0, 1+1:0:0:0:1, 2+4:0:0:0:3, 2+2:0:0:0:0, 3+1:0:0:0:0, 2+4:0:0:0:0, 0+0:0:0:0:0, 0+0:0:0:0:0, 2+0:0:0:0:0, 2+1:0:0:0:0, 1+0:0:0:0:0, 1+0:0:0:0:0, 2+1:0:0:0:0, 2+1:1:0:0:1, 5+5:0:0:0:2, 6+4:0:0:0:0, 2+1:0:0:0:0, 0+0:0:0:0:0, 3+2:0:0:0:1, 0+3:0:0:0:0, 3+2:0:0:0:1, 2+2:0:0:0:0, 1+1:0:0:0:0, 1+1:0:0:0:0, 2+1:0:0:0:0, 2+1:0:0:0:0, 2+2:0:0:0:1, 1+1:0:0:0:0, 4+3:1:0:0:1, 2+2:0:0:0:0, 2+3:0:0:0:2, 1+1:0:0:0:0, 1+3:0:0:0:0, 2+2:0:0:0:0, 2+4:0:0:0:2, 2+1:0:0:0:0, 1+0:0:0:0:0, 2+1:1:0:0:1, 1+1:0:0:0:0, 1+2:0:0:0:0, 2+0:0:0:0:0, 1+0:0:0:0:0, 1+0:0:0:0:0, 0+0:0:0:0:0, 1+0:0:0:0:0, 0+0:0:0:0:0, 0+0:0:0:0:0, 0+0:0:0:0:0, 1+1:0:0:0:0, 0+0:0:0:0:0, 3+2:1:0:0:0, 0+0:0:0:0:0, 3+2:0:0:0:0, 1+1:0:0:0:0, 3+2:0:0:0:1, 2+2:1:0:0:1, 2+1:0:0:0:0, 0+0:0:0:0:0, 3+2:0:0:0:1, 0+0:0:0:0:0, 1+0:0:0:0:0, 1+1:0:0:0:0, 2+1:0:0:0:0, 0+0:0:0:0:0, 1+1:0:0:0:0, 2+2:0:0:0:1, 3+2:0:0:0:1, 2+1:0:0:0:0, 1+0:0:0:0:0, 2+1:1:0:0:1, 2+2:0:0:0:1, 0+1:0:0:0:0, 2+1:0:0:0:0, 2+0:0:0:0:0, 3+1:0:0:0:1, 2+0:0:0:0:0, 2+1:1:0:0:1, 1+0:0:0:0:0, 0+0:0:0:0:0, 0+0:0:0:0:0, 2+1:0:0:0:0, 1+1:0:0:0:1, 4+3:0:0:0:1, 1+1:0:0:0:0, 5+4:0:0:0:0, 2+2:0:0:0:0, 2+1:0:0:0:1, 3+2:0:0:0:0, 2+1:0:0:0:0, 0+0:0:0:0:0, 2+2:0:0:0:1, 0+0:0:0:0:0, 2+1:0:0:0:0, 4+2:1:1:0:2, 3+2:0:0:0:0, 0+0:0:0:0:0, 1+1:0:0:0:0, 1+1:0:0:0:0, 2+3:0:0:0:2, 2+1:0:0:0:0, 1+0:0:0:0:0, 2+2:0:0:0:0, 2+2:0:0:0:0, 1+3:0:0:0:0, 3+1:0:0:0:1, 1+0:0:0:0:0, 3+1:0:0:0:0, 2+1:0:0:0:1, 3+1:0:0:0:1, 2+2:0:0:0:0, 1+1:0:0:0:0, 3+3:0:0:0:0, 1+1:0:0:0:0, 0+0:0:0:0:0, 3+2:0:0:0:1, 0+0:0:0:0:0, 1+0:0:0:0:0, 1+1:0:0:0:0, 3+3:0:0:0:2, 3+2:0:0:0:1, 2+1:1:0:0:0, 0+0:0:0:0:0, 0+0:0:0:0:0, 0+0:0:0:0:0, 531+388:25:1:0:108
A minor (0), 2+3:0:0:0:0, 0+1:0:0:0:0, 2+4:0:0:0:0, 0+2:0:0:0:0, 1+3:0:0:0:0, 2+2:0:0:0:0, 2+2:0:0:0:0, 2+3:0:0:0:0, 2+3:0:0:0:0, 0+1:0:0:0:0, 2+4:0:0:0:0, 0+2:0:0:0:0, 1+3:0:0:0:0, 2+2:0:0:0:0, 1+1:0:0:0:0, 1+1:0:0:0:0, 1+0:0:0:0:0, 1+0:0:0:0:0, 1+0:0:0:0:0,  , 1+1:0:0:0:0, 0+0:0:0:0:0, 0+1:0:0:0:0, 0+1:0:0:0:0, 2+3:0:0:0:0, 0+1:0:0:0:0, 2+4:0:0:0:0, 0+2:0:0:0:0, 1+3:0:0:0:0, 2+2:0:0:0:0, 1+1:0:0:0:0, 1+0:0:0:0:0, 1+2:0:0:0:0, 0+2:0:0:0:0, 2+5:0:0:0:0, 0+2:0:0:0:0, 1+3:0:0:0:0, 1+2:0:0:0:0, 1+2:0:0:0:0, 0+1:0:0:0:0, 2+1:0:0:0:0, 0+2:0:0:0:0, 3+5:0:0:0:0, 2+2:0:0:0:0, 1+1:0:0:0:0, 1+3:0:0:0:0, 1+3:0:0:0:0, 1+0:0:0:0:0, 2+0:0:0:0:0, 2+4:0:0:0:0, 4+1:0:0:0:0, 1+1:0:0:0:0, 3+3:0:0:0:0, 0+1:0:0:0:0, 0+3:0:0:0:0, 0+0:0:0:0:0, 1+2:0:0:0:0, 0+1:0:0:0:0, 2+5:0:0:0:0, 0+2:0:0:0:0, 2+3:0:0:0:0, 2+5:0:0:0:0, 1+2:0:0:0:0, 0+1:0:0:0:0, 2+3:1:0:0:1, 2+1:0:0:0:0, 3+4:1:1:0:1, 2+4:0:0:0:0, 3+2:0:0:0:0, 3+3:2:0:0:2, 4+7:0:0:0:2, 0+1:0:0:0:0, 2+2:0:0:0:0, 0+2:0:0:0:0, 3+4:0:0:0:0, 0+1:0:0:0:0, 2+5:1:0:0:1, 1+4:0:0:0:0, 3+3:0:0:0:0, 0+0:0:0:0:0, 3+2:0:0:0:0, 2+1:0:0:0:0, 2+2:0:0:0:0, 4+3:2:0:0:1, 3+2:0:0:0:0, 1+1:0:0:0:0, 0+2:0:0:0:0, 0+1:0:0:0:0, 3+2:0:0:0:0, 0+1:0:0:0:0, 5+5:0:0:0:0, 0+1:0:0:0:0, 2+2:0:0:0:0, 2+3:1:0:0:1, 1+2:0:0:0:0, 0+1:0:0:0:0, 2+2:0:0:0:0, 0+1:0:0:0:0, 3+4:0:0:0:0, 0+1:0:0:0:0, 1+2:0:0:0:0, 1+3:0:0:0:0, 2+2:0:0:0:0, 0+1:0:0:0:0, 2+4:0:0:0:0, 1+2:0:0:0:0, 4+4:0:0:0:0, 1+3:0:0:0:0, 1+2:0:0:0:0, 2+4:0:0:0:0, 0+2:0:0:0:0,  , 2+0:0:0:0:0, 2+0:0:0:0:0, 2+0:0:0:0:0,  , 3+4:0:0:0:0, 1+0:0:0:0:0, 1+3:0:0:0:1, 1+5:0:0:0:0, 1+2:0:0:0:0, 1+2:0:0:0:0, 2+4:0:0:0:0, 0+1:0:0:0:0, 2+1:1:0:0:1, 1+3:0:0:0:0, 2+6:0:0:0:0, 2+5:0:0:0:3, 1+2:0:0:0:0, 0+2:0:0:0:0, 3+6:0:0:0:0, 0+1:0:0:0:0, 2+2:0:0:0:1, 4+6:0:0:0:0, 3+7:0:0:0:0, 1+2:0:0:0:0, 1+4:0:0:0:0, 1+2:0:0:0:0, 4+5:1:0:0:1, 3+3:0:0:0:0, 1+2:0:0:0:0, 1+2:0:0:0:0, 0+3:0:0:0:0, 1+1:0:0:0:0, 2+0:0:0:0:0, 2+1:0:0:0:0, 2+0:0:0:0:0, 1+0:0:0:0:0, 3+3:0:0:0:0, 0+0:0:0:0:0, 0+3:0:0:0:0, 0+0:0:0:0:0, 1+2:0:0:0:0, 0+1:0:0:0:0, 2+7:0:0:0:0, 1+2:0:0:0:0, 1+3:0:0:0:0, 3+4:0:0:0:0, 4+6:0:0:0:0, 0+1:0:0:0:0, 1+2:0:0:0:0, 0+1:0:0:0:0, 2+7:0:0:0:0, 2+3:0:0:0:0, 2+4:0:0:0:1, 2+5:0:0:0:0, 4+5:0:0:0:0, 0+2:0:0:0:0, 2+2:0:0:0:0, 2+2:0:0:0:0, 3+4:0:0:0:0, 2+3:0:0:0:0, 1+2:0:0:0:0, 2+2:0:0:0:0, 2+2:1:0:0:1, 0+0:0:0:0:0, 2+0:0:0:0:0, 5+2:0:0:0:0, 4+1:0:0:0:1, 3+1:0:0:0:0, 1+1:0:0:0:0, 0+0:0:0:0:0, 0+1:0:0:0:0, 0+2:0:0:0:0, 1+2:0:0:0:0, 0+1:0:0:0:0, 2+4:0:0:0:0, 1+3:0:0:0:0, 4+4:1:0:0:3, 2+3:0:0:0:0, 2+7:0:0:0:0, 0+2:0:0:0:0, 1+4:0:0:0:0, 0+1:0:0:0:0, 2+5:0:0:0:0, 0+3:0:0:0:0, 1+1:0:0:0:0, 1+2:0:0:0:0, 3+2:0:0:0:0, 0+1:0:0:0:0, 1+2:0:0:0:0, 0+1:0:0:0:0, 4+7:2:0:0:2, 0+3:0:0:0:0, 5+6:0:0:0:0, 2+2:0:0:0:0, 1+3:0:0:0:0, 0+0:0:0:0:0, 1+0:0:0:0:0, 2+0:0:0:0:0, 2+2:0:0:0:2, 1+2:0:0:0:0, 1+4:0:0:0:0, 0+0:0:0:0:0, 2+4:0:0:0:0, 2+2:0:0:0:0, 1+3:0:0:0:0, 1+2:0:0:0:0, 5+6:0:0:0:0, 3+4:0:0:0:1, 1+2:0:0:0:0, 1+3:0:0:0:0, 4+4:0:0:0:0, 0+2:0:0:0:0, 1+2:0:0:0:0, 0+1:0:0:0:0, 2+4:0:0:0:0, 1+1:0:0:0:0, 1+3:0:0:0:0, 3+4:0:0:0:0, 3+4:0:0:0:0, 0+2:0:0:0:0, 1+2:0:0:0:0, 1+2:0:0:0:1, 2+6:0:0:0:0, 2+3:0:0:0:0, 3+4:0:0:0:0, 2+5:0:0:0:0, 0+3:0:0:0:0, 0+0:0:0:0:0, 2+0:0:0:0:0, 2+1:0:0:0:0, 1+0:0:0:0:0, 1+0:0:0:0:0, 2+3:0:0:0:0, 2+1:1:0:0:1, 5+5:0:0:0:2, 6+3:0:0:0:0, 2+2:0:0:0:0, 0+1:0:0:0:0, 3+4:0:0:0:0, 0+1:0:0:0:0, 3+2:0:0:0:1, 2+2:0:0:0:0, 1+4:0:0:0:0, 1+3:0:0:0:0, 2+1:0:0:0:0, 2+5:0:0:0:0, 2+4:0:0:0:0, 1+3:0:0:0:0, 4+4:1:0:0:3, 2+3:0:0:0:0, 2+6:0:0:0:0, 1+2:0:0:0:0, 1+4:0:0:0:0, 2+3:0:0:0:0, 2+8:0:0:0:0, 2+3:0:0:0:0, 1+1:0:0:0:0, 2+5:1:0:0:0, 1+2:0:0:0:0, 1+2:0:0:0:0, 2+0:0:0:0:0, 1+0:0:0:0:0, 1+4:0:0:0:0, 0+2:0:0:0:0, 1+1:0:0:0:0, 0+1:0:0:0:0, 0+1:0:0:0:0, 0+1:0:0:0:0, 1+3:0:0:0:0, 0+4:0:0:0:0, 3+3:1:0:0:1, 0+1:0:0:0:0, 3+3:0:0:0:2, 1+2:0:0:0:0, 3+5:0:0:0:0, 3+3:0:0:0:1, 2+2:0:0:0:0, 0+1:0:0:0:0, 3+4:0:0:0:0, 0+1:0:0:0:0, 1+3:0:0:0:0, 1+2:0:0:0:0, 2+2:0:0:0:0, 0+1:0:0:0:0, 1+2:0:0:0:0, 2+2:0:0:0:0, 3+5:0:0:0:0, 2+3:0:0:0:0, 1+2:0:0:0:0, 2+5:1:0:0:0, 2+5:0:0:0:0, 0+1:0:0:0:0, 2+1:0:0:0:0, 2+0:0:0:0:0, 3+2:0:0:0:0, 2+1:0:0:0:0, 2+3:1:0:0:1, 1+1:0:0:0:0, 0+2:0:0:0:0, 0+2:0:0:0:0, 2+2:0:0:0:0, 1+2:0:0:0:0, 4+6:0:0:0:0, 1+3:0:0:0:0, 5+5:0:0:0:2, 2+3:0:0:0:0, 2+4:0:0:0:0, 3+4:0:0:0:1, 2+2:0:0:0:0, 0+1:0:0:0:0, 2+4:0:0:0:0, 0+1:0:0:0:0, 3+2:0:0:0:0, 4+3:0:1:0:1, 3+4:0:0:0:0, 0+1:0:0:0:0, 1+2:0:0:0:0, 1+2:0:0:0:0, 2+7:0:0:0:0, 2+3:0:0:0:0, 1+2:0:0:0:0, 2+3:0:0:0:0, 2+2:0:0:0:1, 1+3:0:0:0:0, 3+1:0:0:0:1, 1+0:0:0:0:0, 3+1:0:0:0:0, 2+1:0:0:0:0, 3+2:0:0:0:0, 2+2:0:0:0:0, 1+2:0:0:0:0, 4+3:0:0:0:1, 1+2:0:0:0:0, 0+1:0:0:0:0, 3+4:0:0:0:0, 0+1:0:0:0:0, 1+3:0:0:0:0, 1+2:0:0:0:0, 3+6:0:0:0:0, 3+4:0:0:0:0, 2+1:1:0:0:1, 0+0:0:0:0:0, 0+0:0:0:0:0, 0+0:0:0:0:0, 536+850:21:2:0:48
A minor mel (0),  ,  ,  ,  ,  ,  ,  ,  ,  ,  ,  ,  ,  ,  ,  ,  ,  ,  ,  ,  ,  ,  ,  ,  ,  ,  ,  ,  ,  ,  ,  ,  ,  ,  ,  ,  ,  ,  ,  ,  ,  ,  ,  ,  ,  ,  ,  ,  ,  ,  ,  ,  ,  ,  ,  ,  ,  ,  ,  ,  ,  ,  ,  ,  ,  ,  ,  ,  ,  ,  ,  ,  ,  ,  ,  ,  ,  ,  ,  ,  ,  ,  ,  ,  ,  ,  ,  ,  ,  ,  ,  ,  ,  ,  ,  ,  ,  ,  ,  ,  ,  ,  ,  ,  ,  ,  ,  ,  ,  ,  ,  ,  ,  ,  ,  ,  ,  ,  ,  ,  ,  ,  ,  ,  ,  ,  ,  ,  ,  ,  ,  ,  ,  ,  ,  ,  ,  ,  ,  ,  ,  ,  ,  ,  ,  ,  ,  ,  ,  ,  ,  ,  ,  ,  ,  ,  ,  ,  ,  ,  ,  ,  ,  ,  ,  ,  ,  ,  ,  ,  ,  ,  ,  ,  ,  ,  ,  ,  ,  ,  ,  ,  ,  ,  ,  ,  ,  ,  ,  ,  ,  ,  ,  ,  ,  ,  ,  ,  ,  ,  ,  ,  ,  ,  ,  ,  ,  ,  ,  ,  ,  ,  ,  ,  ,  ,  ,  ,  ,  ,  ,  ,  ,  ,  ,  ,  ,  ,  ,  ,  ,  ,  ,  ,  ,  ,  ,  ,  ,  ,  ,  ,  ,  ,  ,  ,  ,  ,  ,  ,  ,  ,  ,  ,  ,  ,  ,  ,  ,  ,  ,  ,  ,  ,  ,  ,  ,  ,  ,  ,  ,  ,  ,  ,  ,  ,  ,  ,  ,  ,  ,  ,  ,  ,  ,  ,  ,  ,  ,  ,  ,  ,  ,  ,  ,  ,  ,  ,  ,  ,  ,  ,  ,  ,  ,  ,  ,  ,  ,  ,  ,  ,  ,  ,  ,  ,  ,  ,  ,  ,  ,  ,  ,  ,  ,  ,  ,  ,  ,  ,  ,  ,  ,  ,  ,  ,  ,  ,  ,  ,  ,  ,  ,  ,  ,  ,  ,  ,  ,  ,  ,  ,  ,  ,  ,  ,  , 0+0:0:0:0:0
C major blues (0),  ,  ,  ,  ,  ,  ,  ,  ,  ,  ,  ,  ,  ,  ,  ,  ,  ,  ,  ,  ,  ,  ,  ,  ,  ,  ,  ,  ,  ,  ,  ,  ,  ,  ,  ,  ,  ,  ,  ,  ,  ,  ,  ,  ,  ,  ,  ,  ,  ,  ,  ,  ,  ,  ,  ,  ,  ,  ,  ,  ,  ,  ,  ,  ,  ,  ,  ,  ,  ,  ,  ,  ,  ,  ,  ,  ,  ,  ,  ,  ,  ,  ,  ,  ,  ,  ,  ,  ,  ,  ,  ,  ,  ,  ,  ,  ,  ,  ,  ,  ,  ,  ,  ,  ,  ,  ,  ,  ,  ,  ,  ,  ,  ,  ,  ,  ,  ,  ,  ,  ,  ,  ,  ,  ,  ,  ,  ,  ,  ,  ,  ,  ,  ,  ,  ,  ,  ,  ,  ,  ,  ,  ,  ,  ,  ,  ,  ,  ,  ,  ,  ,  ,  ,  ,  ,  ,  ,  ,  ,  ,  ,  ,  ,  ,  ,  ,  ,  ,  ,  ,  ,  ,  ,  ,  ,  ,  ,  ,  ,  ,  ,  ,  ,  ,  ,  ,  ,  ,  ,  ,  ,  ,  ,  ,  ,  ,  ,  ,  ,  ,  ,  ,  ,  ,  ,  ,  ,  ,  ,  ,  ,  ,  ,  ,  ,  ,  ,  ,  ,  ,  ,  ,  ,  ,  ,  ,  ,  ,  ,  ,  ,  ,  ,  ,  ,  ,  ,  ,  ,  ,  ,  ,  ,  ,  ,  ,  ,  ,  ,  ,  ,  ,  ,  ,  ,  ,  ,  ,  ,  ,  ,  ,  ,  ,  ,  ,  ,  ,  ,  ,  ,  ,  ,  ,  ,  ,  ,  ,  ,  ,  ,  ,  ,  ,  ,  ,  ,  ,  ,  ,  ,  ,  ,  ,  ,  ,  ,  ,  ,  ,  ,  ,  ,  ,  ,  ,  ,  ,  ,  ,  ,  ,  ,  ,  ,  ,  ,  ,  ,  ,  ,  ,  ,  ,  ,  ,  ,  ,  ,  ,  ,  ,  ,  ,  ,  ,  ,  ,  ,  ,  ,  ,  ,  ,  ,  ,  ,  ,  ,  ,  ,  ,  ,  ,  ,  , 0+0:0:0:0:0
A minor blues (0),  ,  ,  ,  ,  ,  ,  ,  ,  ,  ,  ,  ,  ,  ,  ,  ,  ,  ,  ,  ,  ,  ,  ,  ,  ,  ,  ,  ,  ,  ,  ,  ,  ,  ,  ,  ,  ,  ,  ,  ,  ,  ,  ,  ,  ,  ,  ,  ,  ,  ,  ,  ,  ,  ,  ,  ,  ,  ,  ,  ,  ,  ,  ,  ,  ,  ,  ,  ,  ,  ,  ,  ,  ,  ,  ,  ,  ,  ,  ,  ,  ,  ,  ,  ,  ,  ,  ,  ,  ,  ,  ,  ,  ,  ,  ,  ,  ,  ,  ,  ,  ,  ,  ,  ,  ,  ,  ,  ,  ,  ,  ,  ,  ,  ,  ,  ,  ,  ,  ,  ,  ,  ,  ,  ,  ,  ,  ,  ,  ,  ,  ,  ,  ,  ,  ,  ,  ,  ,  ,  ,  ,  ,  ,  ,  ,  ,  ,  ,  ,  ,  ,  ,  ,  ,  ,  ,  ,  ,  ,  ,  ,  ,  ,  ,  ,  ,  ,  ,  ,  ,  ,  ,  ,  ,  ,  ,  ,  ,  ,  ,  ,  ,  ,  ,  ,  ,  ,  ,  ,  ,  ,  ,  ,  ,  ,  ,  ,  ,  ,  ,  ,  ,  ,  ,  ,  ,  ,  ,  ,  ,  ,  ,  ,  ,  ,  ,  ,  ,  ,  ,  ,  ,  ,  ,  ,  ,  ,  ,  ,  ,  ,  ,  ,  ,  ,  ,  ,  ,  ,  ,  ,  ,  ,  ,  ,  ,  ,  ,  ,  ,  ,  ,  ,  ,  ,  ,  ,  ,  ,  ,  ,  ,  ,  ,  ,  ,  ,  ,  ,  ,  ,  ,  ,  ,  ,  ,  ,  ,  ,  ,  ,  ,  ,  ,  ,  ,  ,  ,  ,  ,  ,  ,  ,  ,  ,  ,  ,  ,  ,  ,  ,  ,  ,  ,  ,  ,  ,  ,  ,  ,  ,  ,  ,  ,  ,  ,  ,  ,  ,  ,  ,  ,  ,  ,  ,  ,  ,  ,  ,  ,  ,  ,  ,  ,  ,  ,  ,  ,  ,  ,  ,  ,  ,  ,  ,  ,  ,  ,  ,  ,  ,  ,  ,  ,  ,  , 0+0:0:0:0:0
C dorian (0),  ,  ,  ,  ,  ,  ,  ,  ,  ,  ,  ,  ,  ,  ,  ,  ,  ,  ,  ,  ,  ,  ,  ,  ,  ,  ,  ,  ,  ,  ,  ,  ,  ,  ,  ,  ,  ,  ,  ,  ,  ,  ,  ,  ,  ,  ,  ,  ,  ,  ,  ,  ,  ,  ,  ,  ,  ,  ,  ,  ,  ,  ,  ,  ,  ,  ,  ,  ,  ,  ,  ,  ,  ,  ,  ,  ,  ,  ,  ,  ,  ,  ,  ,  ,  ,  ,  ,  ,  ,  ,  ,  ,  ,  ,  ,  ,  ,  ,  ,  ,  ,  ,  ,  ,  ,  ,  ,  ,  ,  ,  ,  ,  ,  ,  ,  ,  ,  ,  ,  ,  ,  ,  ,  ,  ,  ,  ,  ,  ,  ,  ,  ,  ,  ,  ,  ,  ,  ,  ,  ,  ,  ,  ,  ,  ,  ,  ,  ,  ,  ,  ,  ,  ,  ,  ,  ,  ,  ,  ,  ,  ,  ,  ,  ,  ,  ,  ,  ,  ,  ,  ,  ,  ,  ,  ,  ,  ,  ,  ,  ,  ,  ,  ,  ,  ,  ,  ,  ,  ,  ,  ,  ,  ,  ,  ,  ,  ,  ,  ,  ,  ,  ,  ,  ,  ,  ,  ,  ,  ,  ,  ,  ,  ,  ,  ,  ,  ,  ,  ,  ,  ,  ,  ,  ,  ,  ,  ,  ,  ,  ,  ,  ,  ,  ,  ,  ,  ,  ,  ,  ,  ,  ,  ,  ,  ,  ,  ,  ,  ,  ,  ,  ,  ,  ,  ,  ,  ,  ,  ,  ,  ,  ,  ,  ,  ,  ,  ,  ,  ,  ,  ,  ,  ,  ,  ,  ,  ,  ,  ,  ,  ,  ,  ,  ,  ,  ,  ,  ,  ,  ,  ,  ,  ,  ,  ,  ,  ,  ,  ,  ,  ,  ,  ,  ,  ,  ,  ,  ,  ,  ,  ,  ,  ,  ,  ,  ,  ,  ,  ,  ,  ,  ,  ,  ,  ,  ,  ,  ,  ,  ,  ,  ,  ,  ,  ,  ,  ,  ,  ,  ,  ,  ,  ,  ,  ,  ,  ,  ,  ,  ,  ,  ,  ,  ,  ,  , 0+0:0:0:0:0
C phrygian (0),  ,  ,  ,  ,  ,  ,  ,  ,  ,  ,  ,  ,  ,  ,  ,  ,  ,  ,  ,  ,  ,  ,  ,  ,  ,  ,  ,  ,  ,  ,  ,  ,  ,  ,  ,  ,  ,  ,  ,  ,  ,  ,  ,  ,  ,  ,  ,  ,  ,  ,  ,  ,  ,  ,  ,  ,  ,  ,  ,  ,  ,  ,  ,  ,  ,  ,  ,  ,  ,  ,  ,  ,  ,  ,  ,  ,  ,  ,  ,  ,  ,  ,  ,  ,  ,  ,  ,  ,  ,  ,  ,  ,  ,  ,  ,  ,  ,  ,  ,  ,  ,  ,  ,  ,  ,  ,  ,  ,  ,  ,  ,  ,  ,  ,  ,  ,  ,  ,  ,  ,  ,  ,  ,  ,  ,  ,  ,  ,  ,  ,  ,  ,  ,  ,  ,  ,  ,  ,  ,  ,  ,  ,  ,  ,  ,  ,  ,  ,  ,  ,  ,  ,  ,  ,  ,  ,  ,  ,  ,  ,  ,  ,  ,  ,  ,  ,  ,  ,  ,  ,  ,  ,  ,  ,  ,  ,  ,  ,  ,  ,  ,  ,  ,  ,  ,  ,  ,  ,  ,  ,  ,  ,  ,  ,  ,  ,  ,  ,  ,  ,  ,  ,  ,  ,  ,  ,  ,  ,  ,  ,  ,  ,  ,  ,  ,  ,  ,  ,  ,  ,  ,  ,  ,  ,  ,  ,  ,  ,  ,  ,  ,  ,  ,  ,  ,  ,  ,  ,  ,  ,  ,  ,  ,  ,  ,  ,  ,  ,  ,  ,  ,  ,  ,  ,  ,  ,  ,  ,  ,  ,  ,  ,  ,  ,  ,  ,  ,  ,  ,  ,  ,  ,  ,  ,  ,  ,  ,  ,  ,  ,  ,  ,  ,  ,  ,  ,  ,  ,  ,  ,  ,  ,  ,  ,  ,  ,  ,  ,  ,  ,  ,  ,  ,  ,  ,  ,  ,  ,  ,  ,  ,  ,  ,  ,  ,  ,  ,  ,  ,  ,  ,  ,  ,  ,  ,  ,  ,  ,  ,  ,  ,  ,  ,  ,  ,  ,  ,  ,  ,  ,  ,  ,  ,  ,  ,  ,  ,  ,  ,  ,  ,  ,  ,  ,  ,  , 0+0:0:0:0:0
C lydian (0),  ,  ,  ,  ,  ,  ,  ,  ,  ,  ,  ,  ,  ,  ,  ,  ,  ,  ,  ,  ,  ,  ,  ,  ,  ,  ,  ,  ,  ,  ,  ,  ,  ,  ,  ,  ,  ,  ,  ,  ,  ,  ,  ,  ,  ,  ,  ,  ,  ,  ,  ,  ,  ,  ,  ,  ,  ,  ,  ,  ,  ,  ,  ,  ,  ,  ,  ,  ,  ,  ,  ,  ,  ,  ,  ,  ,  ,  ,  ,  ,  ,  ,  ,  ,  ,  ,  ,  ,  ,  ,  ,  ,  ,  ,  ,  ,  ,  ,  ,  ,  ,  ,  ,  ,  ,  ,  ,  ,  ,  ,  ,  ,  ,  ,  ,  ,  ,  ,  ,  ,  ,  ,  ,  ,  ,  ,  ,  ,  ,  ,  ,  ,  ,  ,  ,  ,  ,  ,  ,  ,  ,  ,  ,  ,  ,  ,  ,  ,  ,  ,  ,  ,  ,  ,  ,  ,  ,  ,  ,  ,  ,  ,  ,  ,  ,  ,  ,  ,  ,  ,  ,  ,  ,  ,  ,  ,  ,  ,  ,  ,  ,  ,  ,  ,  ,  ,  ,  ,  ,  ,  ,  ,  ,  ,  ,  ,  ,  ,  ,  ,  ,  ,  ,  ,  ,  ,  ,  ,  ,  ,  ,  ,  ,  ,  ,  ,  ,  ,  ,  ,  ,  ,  ,  ,  ,  ,  ,  ,  ,  ,  ,  ,  ,  ,  ,  ,  ,  ,  ,  ,  ,  ,  ,  ,  ,  ,  ,  ,  ,  ,  ,  ,  ,  ,  ,  ,  ,  ,  ,  ,  ,  ,  ,  ,  ,  ,  ,  ,  ,  ,  ,  ,  ,  ,  ,  ,  ,  ,  ,  ,  ,  ,  ,  ,  ,  ,  ,  ,  ,  ,  ,  ,  ,  ,  ,  ,  ,  ,  ,  ,  ,  ,  ,  ,  ,  ,  ,  ,  ,  ,  ,  ,  ,  ,  ,  ,  ,  ,  ,  ,  ,  ,  ,  ,  ,  ,  ,  ,  ,  ,  ,  ,  ,  ,  ,  ,  ,  ,  ,  ,  ,  ,  ,  ,  ,  ,  ,  ,  ,  ,  ,  ,  ,  ,  ,  , 0+0:0:0:0:0
C mixolydian (0),  ,  ,  ,  ,  ,  ,  ,  ,  ,  ,  ,  ,  ,  ,  ,  ,  ,  ,  ,  ,  ,  ,  ,  ,  ,  ,  ,  ,  ,  ,  ,  ,  ,  ,  ,  ,  ,  ,  ,  ,  ,  ,  ,  ,  ,  ,  ,  ,  ,  ,  ,  ,  ,  ,  ,  ,  ,  ,  ,  ,  ,  ,  ,  ,  ,  ,  ,  ,  ,  ,  ,  ,  ,  ,  ,  ,  ,  ,  ,  ,  ,  ,  ,  ,  ,  ,  ,  ,  ,  ,  ,  ,  ,  ,  ,  ,  ,  ,  ,  ,  ,  ,  ,  ,  ,  ,  ,  ,  ,  ,  ,  ,  ,  ,  ,  ,  ,  ,  ,  ,  ,  ,  ,  ,  ,  ,  ,  ,  ,  ,  ,  ,  ,  ,  ,  ,  ,  ,  ,  ,  ,  ,  ,  ,  ,  ,  ,  ,  ,  ,  ,  ,  ,  ,  ,  ,  ,  ,  ,  ,  ,  ,  ,  ,  ,  ,  ,  ,  ,  ,  ,  ,  ,  ,  ,  ,  ,  ,  ,  ,  ,  ,  ,  ,  ,  ,  ,  ,  ,  ,  ,  ,  ,  ,  ,  ,  ,  ,  ,  ,  ,  ,  ,  ,  ,  ,  ,  ,  ,  ,  ,  ,  ,  ,  ,  ,  ,  ,  ,  ,  ,  ,  ,  ,  ,  ,  ,  ,  ,  ,  ,  ,  ,  ,  ,  ,  ,  ,  ,  ,  ,  ,  ,  ,  ,  ,  ,  ,  ,  ,  ,  ,  ,  ,  ,  ,  ,  ,  ,  ,  ,  ,  ,  ,  ,  ,  ,  ,  ,  ,  ,  ,  ,  ,  ,  ,  ,  ,  ,  ,  ,  ,  ,  ,  ,  ,  ,  ,  ,  ,  ,  ,  ,  ,  ,  ,  ,  ,  ,  ,  ,  ,  ,  ,  ,  ,  ,  ,  ,  ,  ,  ,  ,  ,  ,  ,  ,  ,  ,  ,  ,  ,  ,  ,  ,  ,  ,  ,  ,  ,  ,  ,  ,  ,  ,  ,  ,  ,  ,  ,  ,  ,  ,  ,  ,  ,  ,  ,  ,  ,  ,  ,  ,  ,  ,  , 0+0:0:0:0:0
C aeolian (0),  ,  ,  ,  ,  ,  ,  ,  ,  ,  ,  ,  ,  ,  ,  ,  ,  ,  ,  ,  ,  ,  ,  ,  ,  ,  ,  ,  ,  ,  ,  ,  ,  ,  ,  ,  ,  ,  ,  ,  ,  ,  ,  ,  ,  ,  ,  ,  ,  ,  ,  ,  ,  ,  ,  ,  ,  ,  ,  ,  ,  ,  ,  ,  ,  ,  ,  ,  ,  ,  ,  ,  ,  ,  ,  ,  ,  ,  ,  ,  ,  ,  ,  ,  ,  ,  ,  ,  ,  ,  ,  ,  ,  ,  ,  ,  ,  ,  ,  ,  ,  ,  ,  ,  ,  ,  ,  ,  ,  ,  ,  ,  ,  ,  ,  ,  ,  ,  ,  ,  ,  ,  ,  ,  ,  ,  ,  ,  ,  ,  ,  ,  ,  ,  ,  ,  ,  ,  ,  ,  ,  ,  ,  ,  ,  ,  ,  ,  ,  ,  ,  ,  ,  ,  ,  ,  ,  ,  ,  ,  ,  ,  ,  ,  ,  ,  ,  ,  ,  ,  ,  ,  ,  ,  ,  ,  ,  ,  ,  ,  ,  ,  ,  ,  ,  ,  ,  ,  ,  ,  ,  ,  ,  ,  ,  ,  ,  ,  ,  ,  ,  ,  ,  ,  ,  ,  ,  ,  ,  ,  ,  ,  ,  ,  ,  ,  ,  ,  ,  ,  ,  ,  ,  ,  ,  ,  ,  ,  ,  ,  ,  ,  ,  ,  ,  ,  ,  ,  ,  ,  ,  ,  ,  ,  ,  ,  ,  ,  ,  ,  ,  ,  ,  ,  ,  ,  ,  ,  ,  ,  ,  ,  ,  ,  ,  ,  ,  ,  ,  ,  ,  ,  ,  ,  ,  ,  ,  ,  ,  ,  ,  ,  ,  ,  ,  ,  ,  ,  ,  ,  ,  ,  ,  ,  ,  ,  ,  ,  ,  ,  ,  ,  ,  ,  ,  ,  ,  ,  ,  ,  ,  ,  ,  ,  ,  ,  ,  ,  ,  ,  ,  ,  ,  ,  ,  ,  ,  ,  ,  ,  ,  ,  ,  ,  ,  ,  ,  ,  ,  ,  ,  ,  ,  ,  ,  ,  ,  ,  ,  ,  ,  ,  ,  ,  ,  ,  , 0+0:0:0:0:0
C locrian (0),  ,  ,  ,  ,  ,  ,  ,  ,  ,  ,  ,  ,  ,  ,  ,  ,  ,  ,  ,  ,  ,  ,  ,  ,  ,  ,  ,  ,  ,  ,  ,  ,  ,  ,  ,  ,  ,  ,  ,  ,  ,  ,  ,  ,  ,  ,  ,  ,  ,  ,  ,  ,  ,  ,  ,  ,  ,  ,  ,  ,  ,  ,  ,  ,  ,  ,  ,  ,  ,  ,  ,  ,  ,  ,  ,  ,  ,  ,  ,  ,  ,  ,  ,  ,  ,  ,  ,  ,  ,  ,  ,  ,  ,  ,  ,  ,  ,  ,  ,  ,  ,  ,  ,  ,  ,  ,  ,  ,  ,  ,  ,  ,  ,  ,  ,  ,  ,  ,  ,  ,  ,  ,  ,  ,  ,  ,  ,  ,  ,  ,  ,  ,  ,  ,  ,  ,  ,  ,  ,  ,  ,  ,  ,  ,  ,  ,  ,  ,  ,  ,  ,  ,  ,  ,  ,  ,  ,  ,  ,  ,  ,  ,  ,  ,  ,  ,  ,  ,  ,  ,  ,  ,  ,  ,  ,  ,  ,  ,  ,  ,  ,  ,  ,  ,  ,  ,  ,  ,  ,  ,  ,  ,  ,  ,  ,  ,  ,  ,  ,  ,  ,  ,  ,  ,  ,  ,  ,  ,  ,  ,  ,  ,  ,  ,  ,  ,  ,  ,  ,  ,  ,  ,  ,  ,  ,  ,  ,  ,  ,  ,  ,  ,  ,  ,  ,  ,  ,  ,  ,  ,  ,  ,  ,  ,  ,  ,  ,  ,  ,  ,  ,  ,  ,  ,  ,  ,  ,  ,  ,  ,  ,  ,  ,  ,  ,  ,  ,  ,  ,  ,  ,  ,  ,  ,  ,  ,  ,  ,  ,  ,  ,  ,  ,  ,  ,  ,  ,  ,  ,  ,  ,  ,  ,  ,  ,  ,  ,  ,  ,  ,  ,  ,  ,  ,  ,  ,  ,  ,  ,  ,  ,  ,  ,  ,  ,  ,  ,  ,  ,  ,  ,  ,  ,  ,  ,  ,  ,  ,  ,  ,  ,  ,  ,  ,  ,  ,  ,  ,  ,  ,  ,  ,  ,  ,  ,  ,  ,  ,  ,  ,  ,  ,  ,  ,  ,  , 0+0:0:0:0:0
F major (1b), 2+1:0:0:0:0, 1+0:0:0:0:0, 3+2:0:0:0:1, 1+0:0:0:0:0, 0+0:0:0:0:0, 3+1:0:0:0:0, 3+1:0:0:0:0, 3+1:0:0:0:0, 2+1:0:0:0:0, 1+0:0:0:0:0, 3+2:0:0:0:1, 1+0:0:0:0:0, 0+0:0:0:0:0, 3+2:0:0:0:0, 1+1:0:0:0:1, 1+0:0:0:0:0, 2+0:0:0:0:0, 2+1:0:0:0:0, 1+0:0:0:0:0,  , 2+0:0:0:0:0, 1+0:0:0:0:0, 1+0:0:0:0:0, 0+0:0:0:0:0, 2+1:0:0:0:0, 1+0:0:0:0:0, 3+2:0:0:0:1, 1+0:0:0:0:0, 0+0:0:0:0:0, 3+2:0:0:0:0, 1+1:0:0:0:1, 1+0:0:0:0:0, 1+1:0:0:0:0, 1+0:0:0:0:0, 3+2:0:0:0:1, 1+0:0:0:0:0, 0+0:0:0:0:0, 1+1:0:0:0:0, 2+1:0:0:0:0, 1+0:0:0:0:0, 1+1:1:0:0:1, 1+0:0:0:0:0, 4+3:0:0:0:2, 3+2:0:0:0:0, 0+0:0:0:0:0, 1+1:0:0:0:0, 1+1:0:0:0:0, 1+1:1:0:0:1, 3+1:0:0:0:0, 3+4:0:0:0:0, 4+1:0:1:0:1, 2+1:0:0:0:0, 3+1:0:0:0:0, 0+0:0:0:0:0, 1+0:0:0:0:0, 0+0:0:0:0:0, 2+1:0:0:0:0, 1+0:0:0:0:0, 3+2:0:0:0:1, 1+0:0:0:0:0, 1+1:0:0:0:0, 2+3:0:0:0:1, 2+0:0:0:0:0, 1+0:0:0:0:0, 1+1:1:0:0:1, 1+2:0:0:0:0, 4+2:1:1:0:1, 3+2:0:0:0:0, 2+1:0:0:0:0, 3+2:2:0:0:2, 5+3:0:0:0:2, 1+0:0:0:0:0, 3+1:0:0:0:0, 1+0:0:0:0:0, 4+2:0:0:0:1, 1+0:0:0:0:0, 1+1:1:0:0:1, 1+2:0:0:0:0, 2+2:0:0:0:0, 0+0:0:0:0:0, 4+2:0:0:0:0, 3+2:0:0:0:0, 2+1:0:0:0:1, 3+1:0:0:0:1, 3+2:0:0:0:2, 2+1:0:0:0:0, 1+0:0:0:0:0, 0+0:0:0:0:0, 2+1:1:0:0:1, 1+0:0:0:0:0, 6+4:0:0:0:2, 1+0:0:0:0:0, 1+1:0:0:0:0, 2+1:1:0:0:1, 2+1:0:0:0:0, 1+0:0:0:0:0, 2+1:0:0:0:0, 1+0:0:0:0:0, 4+2:0:0:0:1, 1+0:0:0:0:0, 0+0:0:0:0:0, 1+1:0:0:0:0, 3+2:0:0:0:0, 1+0:0:0:0:0, 2+2:0:0:0:1, 2+1:0:0:0:0, 5+2:0:0:0:1, 2+1:0:0:0:0, 0+0:0:0:0:0, 2+4:0:0:0:0, 1+0:0:0:0:0,  , 3+0:0:0:0:0, 3+1:0:0:0:0, 2+0:0:0:0:0,  , 3+1:0:0:0:0, 1+0:0:0:0:0, 2+1:0:0:0:1, 2+1:0:0:0:0, 1+1:0:0:0:0, 2+1:0:0:0:0, 3+2:0:0:0:1, 1+0:0:0:0:0, 1+1:1:0:0:0, 1+1:0:0:0:0, 3+3:0:0:0:3, 3+3:0:0:0:0, 1+1:0:0:0:0, 1+0:0:0:0:0, 4+3:0:0:0:2, 1+0:0:0:0:0, 1+1:0:0:0:0, 3+4:0:0:0:0, 4+4:0:0:0:3, 2+1:0:0:0:0, 1+3:0:0:0:0, 2+1:0:0:0:0, 5+2:1:0:0:0, 3+2:0:0:0:0, 0+0:0:0:0:0, 1+1:0:0:0:0, 1+0:0:0:0:0, 1+0:0:0:0:0, 3+2:0:0:0:0, 3+2:0:0:0:2, 3+0:0:0:0:0, 1+0:0:0:0:0, 3+1:0:0:0:0, 1+0:0:0:0:0, 1+0:0:0:0:0, 0+0:0:0:0:0, 1+1:0:0:0:0, 1+0:0:0:0:0, 3+4:0:0:0:2, 2+1:0:0:0:0, 0+0:0:0:0:0, 3+3:0:0:0:2, 5+3:0:0:0:2, 1+0:0:0:0:0, 1+1:0:0:0:0, 1+0:0:0:0:0, 3+3:0:0:0:2, 3+1:0:0:0:0, 1+1:0:0:0:0, 2+5:0:0:0:0, 4+2:0:0:0:1, 1+0:0:0:0:0, 2+1:0:0:0:0, 3+1:0:0:0:0, 4+2:0:0:0:1, 3+1:0:0:0:0, 0+0:0:0:0:0, 2+1:1:0:0:1, 1+1:1:0:0:1, 0+1:0:0:0:0, 3+1:0:0:0:0, 6+2:0:0:0:0, 4+1:0:0:0:1, 3+1:1:0:0:1, 2+0:0:0:0:0, 1+0:0:0:0:0, 1+0:0:0:0:0, 1+0:0:0:0:0, 1+1:0:0:0:0, 1+0:0:0:0:0, 3+2:0:0:0:1, 2+1:0:0:0:0, 3+3:1:0:0:1, 3+2:0:0:0:0, 3+3:0:0:0:2, 1+0:0:0:0:0, 1+1:0:0:0:1, 1+0:0:0:0:0, 3+2:0:0:0:1, 1+0:0:0:0:0, 0+0:0:0:0:0, 1+1:0:0:0:0, 4+1:0:0:0:0, 1+0:0:0:0:0, 2+1:0:0:0:0, 1+0:0:0:0:0, 5+3:2:0:0:0, 1+0:0:0:0:0, 4+2:0:0:0:0, 2+3:2:0:0:2, 1+1:0:0:0:1, 0+0:0:0:0:0, 2+0:0:0:0:0, 3+1:0:0:0:0, 2+2:0:0:0:2, 1+2:0:0:0:0, 1+0:0:0:0:0, 0+0:0:0:0:0, 3+3:0:0:0:0, 3+2:0:0:0:0, 2+1:0:0:0:1, 2+1:0:0:0:0, 6+4:0:0:0:1, 4+2:0:0:0:0, 0+0:0:0:0:0, 1+1:0:0:0:0, 5+2:0:0:0:0, 1+0:0:0:0:0, 1+1:0:0:0:0, 1+0:0:0:0:0, 3+2:0:0:0:1, 2+1:0:0:0:0, 0+0:0:0:0:0, 3+2:0:0:0:0, 4+2:0:0:0:0, 1+0:0:0:0:0, 1+1:0:0:0:0, 2+1:0:0:0:1, 3+4:0:0:0:3, 3+2:0:0:0:0, 2+1:0:0:0:0, 2+4:0:0:0:0, 1+1:0:0:0:0, 0+2:0:0:0:0, 3+1:0:0:0:0, 3+3:0:0:0:0, 2+0:0:0:0:0, 1+0:0:0:0:0, 3+1:0:0:0:0, 3+1:1:0:0:1, 6+3:0:0:0:1, 6+3:0:0:0:1, 2+1:0:0:0:0, 1+1:0:0:0:0, 4+2:0:0:0:1, 1+1:0:0:0:0, 2+0:0:0:0:0, 2+1:1:0:0:1, 2+1:0:0:0:0, 2+1:0:0:0:0, 2+1:0:0:0:0, 1+1:0:0:0:0, 3+2:0:0:0:1, 2+1:0:0:0:0, 3+3:1:0:0:1, 3+2:0:0:0:0, 3+3:0:0:0:2, 2+1:0:0:0:0, 1+3:0:0:0:0, 3+2:0:0:0:0, 3+4:0:0:0:2, 3+1:0:0:0:0, 0+0:0:0:0:0, 1+1:1:0:0:1, 1+1:0:0:0:0, 1+2:0:0:0:0, 3+1:0:0:0:0, 2+2:0:0:0:0, 1+0:0:0:0:0, 1+0:0:0:0:0, 1+0:0:0:0:0, 1+0:0:0:0:0, 1+0:0:0:0:0, 0+0:0:0:0:0, 2+1:0:0:0:0, 1+0:0:0:0:0, 4+1:1:0:0:0, 1+0:0:0:0:0, 2+2:0:0:0:0, 1+1:0:0:0:0, 4+2:0:0:0:1, 2+2:0:0:0:0, 2+1:0:0:0:0, 1+0:0:0:0:0, 4+2:0:0:0:1, 1+0:0:0:0:0, 0+0:0:0:0:0, 1+1:0:0:0:0, 3+2:0:0:0:0, 1+0:0:0:0:0, 1+1:0:0:0:0, 3+2:0:0:0:1, 4+2:0:0:0:1, 3+1:0:0:0:0, 0+0:0:0:0:0, 1+1:1:0:0:1, 2+2:0:0:0:1, 1+0:0:0:0:0, 3+1:0:0:0:1, 3+1:0:0:0:0, 3+1:0:0:0:1, 2+0:0:0:0:0, 3+1:1:0:0:1, 1+0:0:0:0:0, 1+0:0:0:0:0, 1+0:0:0:0:0, 2+1:0:0:0:0, 2+1:0:0:0:1, 5+3:0:0:0:1, 2+1:0:0:0:0, 4+4:0:0:0:0, 3+2:0:0:0:0, 3+1:0:0:0:1, 4+2:0:0:0:0, 2+1:0:0:0:0, 1+0:0:0:0:0, 3+2:0:0:0:1, 1+0:0:0:0:0, 1+1:0:0:0:0, 4+2:1:1:0:2, 4+2:0:0:0:0, 1+0:0:0:0:0, 1+1:0:0:0:0, 2+1:0:0:0:0, 3+3:0:0:0:2, 3+1:0:0:0:0, 0+0:0:0:0:0, 2+2:0:0:0:0, 1+1:0:0:0:0, 1+1:0:0:0:0, 4+2:0:0:0:1, 2+2:0:0:0:0, 3+1:0:0:0:0, 2+1:0:0:0:1, 4+1:0:0:0:1, 2+2:0:0:0:0, 2+1:0:0:0:0, 3+1:0:1:0:1, 1+1:0:0:0:1, 1+0:0:0:0:0, 4+2:0:0:0:1, 1+0:0:0:0:0, 0+0:0:0:0:0, 1+1:0:0:0:0, 4+3:0:0:0:2, 4+2:0:0:0:1, 1+1:1:0:0:0, 0+0:0:0:0:0, 0+0:0:0:0:0, 0+0:0:0:0:0, 690+389:28:4:0:114
G major (1#), 2+1:0:0:0:0, 1+0:0:0:0:0, 3+2:0:0:0:1, 1+0:0:0:0:0, 1+1:0:0:0:0, 3+2:0:0:0:0, 2+1:0:0:0:0, 3+1:0:0:0:0, 2+1:0:0:0:0, 1+0:0:0:0:0, 3+2:0:0:0:1, 1+0:0:0:0:0, 1+0:0:0:0:0, 3+1:0:0:0:0, 1+1:0:0:0:1, 1+0:0:0:0:0, 0+0:0:0:0:0, 1+0:0:0:0:0, 1+0:0:0:0:0,  , 0+0:0:0:0:0, 0+0:0:0:0:0, 1+0:0:0:0:0, 0+0:0:0:0:0, 2+1:0:0:0:0, 1+0:0:0:0:0, 3+2:0:0:0:1, 1+0:0:0:0:0, 1+0:0:0:0:0, 3+1:0:0:0:0, 1+1:0:0:0:1, 1+0:0:0:0:0, 1+1:0:0:0:0, 1+2:0:0:0:0, 2+2:1:0:0:0, 1+0:0:0:0:0, 1+0:0:0:0:0, 2+1:0:0:0:0, 1+1:0:0:0:0, 1+0:0:0:0:0, 2+2:1:0:0:1, 1+2:0:0:0:0, 3+3:1:0:0:1, 3+2:0:0:0:0, 1+0:0:0:0:0, 2+1:0:0:0:0, 1+3:0:0:0:0, 1+0:0:0:0:0, 1+0:0:0:0:0, 3+4:0:0:0:0, 3+1:0:0:0:0, 2+1:0:0:0:0, 2+1:0:0:0:0, 0+0:0:0:0:0, 1+0:0:0:0:0, 0+0:0:0:0:0, 1+1:0:0:0:0, 1+2:0:0:0:0, 2+2:1:0:0:0, 1+0:0:0:0:0, 2+2:0:0:0:0, 3+2:0:0:0:1, 1+1:0:0:0:0, 1+0:0:0:0:0, 2+1:1:0:0:1, 3+2:0:0:0:0, 3+2:1:1:0:1, 3+2:0:0:0:0, 3+1:0:0:0:0, 4+2:1:0:0:0, 4+3:0:0:0:2, 1+0:0:0:0:0, 2+1:0:0:0:0, 1+2:0:0:0:0, 3+2:1:0:0:0, 1+0:0:0:0:0, 2+1:1:0:0:1, 2+2:0:0:0:0, 3+2:0:0:0:0, 0+0:0:0:0:0, 2+2:0:0:0:0, 2+2:0:0:0:0, 2+3:0:0:0:1, 3+1:0:0:0:1, 2+2:0:0:0:2, 1+1:0:0:0:0, 1+0:0:0:0:0, 0+0:0:0:0:0, 3+2:1:0:0:1, 1+2:0:0:0:0, 5+4:1:0:0:0, 1+0:0:0:0:0, 2+1:0:0:0:0, 3+1:0:0:0:0, 1+1:0:0:0:0, 1+0:0:0:0:0, 2+1:0:0:0:0, 1+2:0:0:0:0, 3+2:1:0:0:0, 1+0:0:0:0:0, 1+3:0:0:0:0, 2+1:0:0:0:0, 2+1:0:0:0:0, 1+0:0:0:0:0, 2+2:0:0:0:1, 2+1:0:0:0:0, 4+2:0:0:0:1, 2+1:0:0:0:0, 2+0:0:0:0:0, 3+4:0:0:0:0, 0+0:0:0:0:0,  , 1+0:0:0:0:0, 2+0:0:0:0:0, 1+0:0:0:0:0,  , 2+1:0:0:0:0, 0+0:0:0:0:0, 2+2:0:0:0:1, 3+2:0:0:0:0, 1+1:0:0:0:0, 2+3:0:0:0:0, 2+2:1:0:0:0, 1+0:0:0:0:0, 1+1:1:0:0:0, 2+1:0:0:0:0, 3+3:0:0:0:3, 3+3:0:0:0:2, 1+1:0:0:0:0, 1+2:0:0:0:0, 3+3:1:0:0:0, 1+0:0:0:0:0, 3+3:0:0:0:0, 4+4:0:0:0:0, 3+4:1:0:0:1, 2+1:0:0:0:0, 1+3:0:0:0:0, 2+4:0:0:0:0, 3+3:1:0:0:0, 3+2:0:0:0:0, 2+0:0:0:0:0, 2+1:0:0:0:0, 0+0:0:0:0:0, 0+0:0:0:0:0, 1+0:0:0:0:0, 1+1:0:0:0:0, 1+0:0:0:0:0, 0+0:0:0:0:0, 2+1:0:0:0:0, 0+0:0:0:0:0, 1+0:0:0:0:0, 1+0:0:0:0:0, 1+1:0:0:0:0, 1+0:0:0:0:0, 3+4:0:0:0:2, 2+1:0:0:0:0, 1+0:0:0:0:0, 4+3:0:0:0:2, 4+3:0:0:0:2, 1+0:0:0:0:0, 1+1:0:0:0:0, 1+2:0:0:0:0, 2+3:1:0:0:0, 3+1:0:0:0:0, 3+1:0:0:0:0, 3+5:0:0:0:0, 4+2:0:0:0:1, 1+0:0:0:0:0, 2+1:0:0:0:0, 3+1:0:0:0:0, 4+2:0:0:0:1, 3+1:0:0:0:0, 1+0:0:0:0:0, 3+1:1:0:0:1, 3+1:1:0:0:1, 0+0:0:0:0:0, 1+0:0:0:0:0, 5+2:0:1:0:1, 3+1:0:0:0:1, 2+1:1:0:0:1, 0+0:0:0:0:0, 0+0:0:0:0:0, 1+0:0:0:0:0, 0+0:0:0:0:0, 1+1:0:0:0:0, 1+2:0:0:0:0, 2+2:1:0:0:0, 2+1:0:0:0:0, 3+3:2:0:0:2, 3+2:0:0:0:0, 3+3:0:0:0:2, 1+0:0:0:0:0, 2+1:0:0:0:1, 1+0:0:0:0:0, 3+2:0:0:0:1, 1+0:0:0:0:0, 2+2:0:0:0:0, 2+1:0:0:0:0, 2+1:0:0:0:0, 1+0:0:0:0:0, 1+1:0:0:0:0, 1+2:0:0:0:0, 3+4:2:0:0:0, 1+0:0:0:0:0, 5+2:0:0:0:0, 3+2:2:0:0:2, 2+1:0:0:0:1, 0+0:0:0:0:0, 0+0:0:0:0:0, 1+1:0:0:0:0, 2+3:0:0:0:2, 2+2:0:0:0:0, 0+0:0:0:0:0, 0+0:0:0:0:0, 3+4:0:0:0:0, 2+0:0:0:0:0, 2+3:0:0:0:0, 2+1:0:0:0:0, 6+4:0:0:0:1, 4+2:0:0:0:0, 1+2:0:0:0:0, 2+2:0:0:0:0, 3+2:0:0:0:0, 1+0:0:0:0:0, 1+1:0:0:0:0, 1+2:0:0:0:0, 2+2:1:0:0:0, 2+1:0:0:0:0, 2+0:0:0:0:0, 4+2:0:0:0:0, 2+2:0:0:0:0, 1+0:0:0:0:0, 1+1:0:0:0:0, 2+1:0:0:0:1, 2+4:0:0:0:3, 3+2:0:0:0:0, 4+1:0:0:0:0, 3+4:0:0:0:0, 0+0:0:0:0:0, 0+0:0:0:0:0, 1+0:0:0:0:0, 2+1:0:0:0:0, 1+0:0:0:0:0, 1+0:0:0:0:0, 1+1:0:0:0:0, 1+1:1:0:0:1, 6+5:0:0:0:2, 5+3:0:0:0:0, 2+1:0:0:0:0, 1+0:0:0:0:0, 3+2:0:0:0:1, 1+0:0:0:0:0, 3+2:0:0:0:0, 3+2:0:0:0:0, 1+1:0:0:0:0, 2+1:0:0:0:0, 2+1:0:0:0:0, 3+1:0:0:0:0, 2+2:0:0:0:1, 2+1:0:0:0:0, 3+3:2:0:0:2, 3+2:0:0:0:0, 3+3:0:0:0:2, 2+1:0:0:0:0, 1+3:0:0:0:0, 3+2:0:0:0:0, 3+4:0:0:0:2, 3+1:0:0:0:0, 2+0:0:0:0:0, 3+1:1:0:0:1, 1+1:0:0:0:0, 2+1:0:0:0:0, 1+0:0:0:0:0, 1+0:0:0:0:0, 1+0:0:0:0:0, 0+0:0:0:0:0, 0+0:0:0:0:0, 0+0:0:0:0:0, 1+0:0:0:0:0, 1+0:0:0:0:0, 1+1:0:0:0:0, 1+2:0:0:0:0, 2+2:1:0:0:0, 1+0:0:0:0:0, 3+2:1:0:0:1, 2+1:0:0:0:0, 4+2:0:0:0:1, 3+2:1:0:0:1, 2+1:0:0:0:0, 1+2:0:0:0:0, 3+2:1:0:0:0, 1+0:0:0:0:0, 1+1:0:0:0:0, 2+1:0:0:0:0, 2+1:0:0:0:0, 1+0:0:0:0:0, 1+1:0:0:0:0, 3+2:0:0:0:1, 4+2:0:0:0:1, 3+1:0:0:0:0, 2+0:0:0:0:0, 3+1:1:0:0:1, 3+2:0:0:0:1, 1+0:0:0:0:0, 1+1:0:0:0:0, 2+0:0:0:0:0, 3+3:0:0:0:0, 1+0:0:0:0:0, 1+1:1:0:0:1, 0+0:0:0:0:0, 1+0:0:0:0:0, 0+0:0:0:0:0, 2+1:0:0:0:0, 2+1:0:0:0:1, 5+3:0:0:0:1, 2+1:0:0:0:0, 4+6:1:0:0:1, 3+3:0:0:0:0, 3+2:0:0:0:0, 4+2:0:0:0:0, 2+1:0:0:0:0, 1+2:0:0:0:0, 2+2:1:0:0:0, 1+0:0:0:0:0, 2+1:0:0:0:0, 5+3:0:1:0:1, 2+2:0:0:0:0, 1+0:0:0:0:0, 1+1:0:0:0:0, 2+2:0:0:0:0, 2+3:1:0:0:0, 3+1:0:0:0:0, 2+0:0:0:0:0, 3+2:0:0:0:0, 3+1:0:0:0:0, 2+1:0:0:0:0, 2+1:0:0:0:1, 1+0:0:0:0:0, 2+1:0:0:0:0, 1+1:0:0:0:1, 2+1:0:0:0:1, 3+2:0:0:0:0, 2+1:0:0:0:0, 4+3:0:0:0:0, 1+1:0:0:0:0, 1+2:0:0:0:0, 3+2:1:0:0:0, 1+0:0:0:0:0, 1+1:0:0:0:0, 2+1:0:0:0:0, 4+3:0:0:0:1, 4+2:0:0:0:1, 1+1:1:0:0:0, 0+0:0:0:0:0, 0+0:0:0:0:0, 0+0:0:0:0:0, 655+437:44:3:0:85
D minor (1b), 2+3:0:0:0:0, 1+1:0:0:0:0, 3+4:0:0:0:0, 1+2:0:0:0:0, 0+3:0:0:0:0, 3+2:0:0:0:0, 3+1:0:0:0:0, 3+3:0:0:0:0, 2+3:0:0:0:0, 1+1:0:0:0:0, 3+4:0:0:0:0, 1+2:0:0:0:0, 0+3:0:0:0:0, 3+2:0:0:0:0, 1+1:0:0:0:1, 1+0:0:0:0:0, 2+0:0:0:0:0, 2+0:0:0:0:0, 1+0:0:0:0:0,  , 2+0:0:0:0:0, 1+0:0:0:0:0, 1+1:0:0:0:0, 0+1:0:0:0:0, 2+3:0:0:0:0, 1+1:0:0:0:0, 3+4:0:0:0:0, 1+2:0:0:0:0, 0+3:0:0:0:0, 3+2:0:0:0:0, 1+1:0:0:0:1, 1+0:0:0:0:0, 1+1:0:0:0:0, 1+0:0:0:0:0, 3+1:1:0:0:0, 1+2:0:0:0:0, 0+3:0:0:0:0, 1+2:0:0:0:0, 2+2:0:0:0:0, 1+1:0:0:0:0, 1+1:0:0:0:0, 1+1:0:0:0:0, 4+2:1:0:0:1, 3+2:0:0:0:0, 0+1:0:0:0:0, 1+1:0:0:0:0, 1+1:0:0:0:0, 1+1:0:0:0:0, 3+0:0:0:0:0, 3+4:0:0:0:0, 4+1:0:1:0:1, 2+1:0:0:0:0, 3+3:0:0:0:0, 0+1:0:0:0:0, 1+3:0:0:0:0, 0+0:0:0:0:0, 2+1:0:0:0:0, 1+3:0:0:0:0, 3+1:1:0:0:0, 1+2:0:0:0:0, 1+3:0:0:0:0, 2+3:0:0:0:1, 2+0:0:0:0:0, 1+1:0:0:0:0, 1+1:0:0:0:0, 1+2:0:0:0:0, 4+2:1:1:0:1, 3+4:0:0:0:0, 2+2:0:0:0:0, 3+2:1:0:0:0, 5+4:0:0:0:2, 1+1:0:0:0:0, 3+1:0:0:0:0, 1+1:0:0:0:0, 4+1:1:0:0:0, 1+1:0:0:0:0, 1+5:1:0:0:1, 1+2:0:0:0:0, 2+2:0:0:0:0, 0+0:0:0:0:0, 4+3:0:0:0:0, 3+2:0:0:0:0, 2+1:0:0:0:1, 3+1:0:0:0:1, 3+3:0:0:0:0, 2+0:0:0:0:0, 1+1:0:0:0:0, 0+0:0:0:0:0, 2+2:0:0:0:0, 1+1:0:0:0:0, 6+3:1:0:0:0, 1+1:0:0:0:0, 1+2:0:0:0:0, 2+1:0:0:0:0, 2+0:0:0:0:0, 1+1:0:0:0:0, 2+1:0:0:0:0, 1+1:0:0:0:0, 4+3:1:0:0:0, 1+1:0:0:0:0, 0+2:0:0:0:0, 1+1:0:0:0:0, 3+2:0:0:0:0, 1+1:0:0:0:0, 2+4:0:0:0:0, 2+2:0:0:0:0, 5+4:0:0:0:0, 2+3:0:0:0:0, 0+2:0:0:0:0, 2+4:0:0:0:0, 1+1:0:0:0:0,  , 3+0:0:0:0:0, 3+0:0:0:0:0, 2+0:0:0:0:0,  , 3+1:0:0:0:0, 1+0:0:0:0:0, 3+2:0:0:0:0, 2+2:0:0:0:0, 1+1:0:0:0:0, 2+1:0:0:0:0, 3+1:1:0:0:0, 1+1:0:0:0:0, 1+1:1:0:0:1, 1+3:0:0:0:0, 3+6:0:0:0:0, 3+5:0:0:0:1, 1+1:0:0:0:0, 1+1:0:0:0:0, 4+3:1:0:0:0, 1+1:0:0:0:0, 1+2:0:0:0:1, 3+4:0:0:0:0, 4+2:1:0:0:1, 2+2:0:0:0:0, 1+3:0:0:0:0, 2+2:0:0:0:0, 5+2:1:0:0:0, 4+3:0:0:0:0, 0+2:0:0:0:0, 1+1:0:0:0:0, 1+1:0:0:0:0, 1+1:0:0:0:0, 3+2:0:0:0:0, 3+3:0:0:0:0, 3+0:0:0:0:0, 1+0:0:0:0:0, 3+1:0:0:0:0, 1+0:0:0:0:0, 1+3:0:0:0:0, 0+0:0:0:0:0, 1+2:0:0:0:0, 1+1:0:0:0:0, 3+7:0:0:0:0, 2+2:0:0:0:0, 0+3:0:0:0:0, 3+4:0:0:0:0, 5+6:0:0:0:0, 1+1:0:0:0:0, 1+1:0:0:0:0, 1+1:0:0:0:0, 3+1:1:0:0:0, 3+3:0:0:0:0, 1+4:0:0:0:1, 2+5:0:0:0:0, 5+5:0:0:0:0, 1+2:0:0:0:0, 2+2:0:0:0:0, 3+2:0:0:0:0, 4+4:0:0:0:0, 3+3:0:0:0:0, 0+2:0:0:0:0, 2+2:0:0:0:0, 1+2:1:0:0:1, 0+0:0:0:0:0, 3+0:0:0:0:0, 6+2:0:0:0:0, 4+1:0:0:0:1, 3+1:1:0:0:1, 2+2:0:0:0:0, 1+0:0:0:0:0, 1+1:0:0:0:0, 1+2:0:0:0:0, 1+1:0:0:0:0, 1+1:0:0:0:0, 3+1:1:0:0:0, 2+3:0:0:0:0, 3+4:1:0:0:3, 3+3:0:0:0:0, 3+7:0:0:0:0, 1+2:0:0:0:0, 1+4:0:0:0:0, 1+1:0:0:0:0, 3+5:0:0:0:0, 1+3:0:0:0:0, 0+1:0:0:0:0, 1+1:0:0:0:0, 4+1:0:0:0:0, 1+1:0:0:0:0, 2+1:0:0:0:0, 1+1:0:0:0:0, 5+3:2:0:0:0, 1+3:0:0:0:0, 4+6:0:0:0:0, 2+2:0:0:0:0, 1+3:0:0:0:0, 0+2:0:0:0:0, 2+0:0:0:0:0, 3+0:0:0:0:0, 2+2:0:0:0:2, 1+2:0:0:0:0, 1+1:0:0:0:0, 0+0:0:0:0:0, 3+6:0:0:0:0, 3+2:0:0:0:0, 2+3:0:0:0:0, 2+2:0:0:0:0, 6+6:0:0:0:0, 4+4:0:0:0:1, 0+2:0:0:0:0, 1+1:0:0:0:0, 5+2:0:0:0:0, 1+2:0:0:0:0, 1+1:0:0:0:0, 1+1:0:0:0:0, 3+1:1:0:0:0, 2+1:0:0:0:0, 0+3:0:0:0:0, 3+4:0:0:0:0, 4+4:0:0:0:0, 1+2:0:0:0:0, 1+2:0:0:0:0, 2+2:0:0:0:1, 3+6:0:0:0:0, 3+3:0:0:0:0, 2+4:0:0:0:0, 2+5:0:0:0:0, 1+3:0:0:0:0, 0+0:0:0:0:0, 3+0:0:0:0:0, 3+1:0:0:0:0, 2+0:0:0:0:0, 1+0:0:0:0:0, 3+1:0:0:0:0, 3+1:1:0:0:1, 6+5:0:0:0:2, 7+3:0:0:0:0, 2+2:0:0:0:0, 1+1:0:0:0:0, 4+4:0:0:0:0, 1+1:0:0:0:0, 2+2:0:0:0:1, 2+2:0:0:0:0, 2+1:0:0:0:0, 2+3:0:0:0:0, 2+1:0:0:0:0, 1+5:0:0:0:0, 3+4:0:0:0:0, 2+3:0:0:0:0, 3+4:1:0:0:3, 3+3:0:0:0:0, 3+6:0:0:0:0, 2+2:0:0:0:0, 1+4:0:0:0:0, 3+3:0:0:0:0, 3+8:0:0:0:0, 3+3:0:0:0:0, 0+1:0:0:0:0, 1+5:1:0:0:0, 1+3:0:0:0:0, 1+2:0:0:0:0, 3+0:0:0:0:0, 2+0:0:0:0:0, 1+0:0:0:0:0, 1+0:0:0:0:0, 1+0:0:0:0:0, 1+1:0:0:0:0, 1+1:0:0:0:0, 0+1:0:0:0:0, 2+1:0:0:0:0, 1+1:0:0:0:0, 4+1:1:0:0:0, 1+1:0:0:0:0, 2+3:0:0:0:2, 1+2:0:0:0:0, 4+5:0:0:0:0, 2+3:0:0:0:1, 2+1:0:0:0:0, 1+1:0:0:0:0, 4+3:1:0:0:0, 1+1:0:0:0:0, 0+3:0:0:0:0, 1+1:0:0:0:0, 3+2:0:0:0:0, 1+1:0:0:0:0, 1+2:0:0:0:0, 3+2:0:0:0:0, 4+5:0:0:0:0, 3+3:0:0:0:0, 0+2:0:0:0:0, 1+5:1:0:0:0, 2+5:0:0:0:0, 1+1:0:0:0:0, 3+1:0:0:0:0, 3+0:0:0:0:0, 3+1:0:0:0:1, 2+0:0:0:0:0, 3+1:1:0:0:1, 1+1:0:0:0:0, 1+2:0:0:0:0, 1+2:0:0:0:0, 2+2:0:0:0:0, 2+2:0:0:0:0, 5+6:0:0:0:0, 2+3:0:0:0:0, 4+5:0:0:0:2, 3+3:0:0:0:0, 3+2:0:0:0:0, 4+4:0:0:0:1, 2+1:0:0:0:0, 1+1:0:0:0:0, 3+1:1:0:0:0, 1+1:0:0:0:0, 2+2:0:0:0:0, 4+3:0:1:0:1, 4+2:0:0:0:0, 1+1:0:0:0:0, 1+1:0:0:0:0, 2+2:0:0:0:0, 3+1:1:0:0:0, 3+3:0:0:0:0, 0+2:0:0:0:0, 2+3:0:0:0:0, 1+2:0:0:0:1, 1+3:0:0:0:0, 4+1:0:0:0:1, 2+0:0:0:0:0, 3+1:0:0:0:0, 2+1:0:0:0:1, 4+3:0:0:0:1, 2+4:0:0:0:1, 2+2:0:0:0:0, 5+2:0:0:0:1, 1+2:0:0:0:0, 1+1:0:0:0:0, 4+2:1:0:0:0, 1+1:0:0:0:0, 0+3:0:0:0:0, 1+1:0:0:0:0, 4+2:0:0:0:1, 4+4:0:0:0:0, 1+1:1:0:0:1, 0+0:0:0:0:0, 0+0:0:0:0:0, 0+0:0:0:0:0, 697+699:33:3:0:50
E minor (1#), 2+3:0:0:0:0, 1+1:0:0:0:0, 3+4:0:0:0:0, 1+2:0:0:0:0, 1+1:0:0:0:0, 3+2:0:0:0:0, 2+1:0:0:0:0, 3+3:0:0:0:0, 2+3:0:0:0:0, 1+1:0:0:0:0, 3+4:0:0:0:0, 1+2:0:0:0:0, 1+3:0:0:0:0, 3+2:0:0:0:0, 1+1:0:0:0:0, 1+0:0:0:0:0, 0+1:0:0:0:0, 1+2:0:0:0:0, 1+1:0:0:0:0,  , 0+1:0:0:0:0, 0+1:0:0:0:0, 1+1:0:0:0:0, 0+0:0:0:0:0, 2+3:0:0:0:0, 1+1:0:0:0:0, 3+4:0:0:0:0, 1+2:0:0:0:0, 1+3:0:0:0:0, 3+2:0:0:0:0, 1+1:0:0:0:0, 1+0:0:0:0:0, 1+2:0:0:0:0, 1+2:0:0:0:0, 2+2:1:0:0:0, 1+2:0:0:0:0, 1+1:0:0:0:0, 2+2:0:0:0:0, 1+2:0:0:0:0, 1+1:0:0:0:0, 2+2:1:0:0:1, 1+2:0:0:0:0, 3+3:1:0:0:1, 3+3:0:0:0:0, 1+3:0:0:0:0, 2+3:0:0:0:0, 1+3:0:0:0:0, 1+0:0:0:0:0, 1+0:0:0:0:0, 4+4:0:0:0:0, 3+2:0:0:0:0, 2+1:0:0:0:1, 2+3:0:0:0:0, 0+0:0:0:0:0, 1+3:0:0:0:0, 0+0:0:0:0:0, 1+2:0:0:0:0, 1+2:0:0:0:0, 2+2:1:0:0:0, 1+2:0:0:0:0, 2+2:0:0:0:0, 3+2:0:0:0:1, 1+1:0:0:0:0, 1+2:0:0:0:0, 2+3:1:0:0:1, 3+1:0:0:0:0, 4+5:0:0:0:0, 3+4:0:0:0:0, 3+2:0:0:0:0, 4+2:1:0:0:0, 4+3:0:0:0:2, 1+2:0:0:0:0, 2+2:0:0:0:0, 1+2:0:0:0:0, 3+2:1:0:0:0, 1+2:0:0:0:0, 2+2:1:0:0:1, 2+4:0:0:0:0, 4+3:0:0:0:0, 0+0:0:0:0:0, 2+4:0:0:0:0, 2+1:0:0:0:0, 2+1:0:0:0:0, 3+4:2:0:0:1, 2+2:0:0:0:0, 1+1:0:0:0:0, 1+2:0:0:0:0, 0+1:0:0:0:0, 3+2:1:0:0:1, 1+2:0:0:0:0, 5+4:1:0:0:0, 1+2:0:0:0:0, 2+2:0:0:0:0, 3+3:0:0:0:0, 1+1:0:0:0:0, 1+2:0:0:0:0, 2+2:0:0:0:0, 1+2:0:0:0:0, 3+2:1:0:0:0, 1+2:0:0:0:0, 1+3:0:0:0:0, 2+1:0:0:0:0, 2+1:0:0:0:0, 1+2:0:0:0:0, 2+2:0:0:0:1, 2+4:0:0:0:0, 4+2:0:0:0:1, 2+3:0:0:0:0, 2+2:0:0:0:0, 3+4:0:0:0:0, 0+1:0:0:0:0,  , 1+1:0:0:0:0, 2+1:0:0:0:0, 1+1:0:0:0:0,  , 2+4:0:0:0:0, 0+0:0:0:0:0, 2+3:0:0:0:1, 2+5:0:0:0:0, 1+2:0:0:0:0, 2+3:0:0:0:0, 2+2:1:0:0:0, 1+3:0:0:0:0, 1+1:1:0:0:1, 2+3:0:0:0:0, 3+6:0:0:0:0, 3+5:0:0:0:3, 1+2:0:0:0:0, 1+2:0:0:0:0, 3+3:1:0:0:0, 1+2:0:0:0:0, 3+3:0:0:0:0, 4+4:0:0:0:0, 3+4:1:0:0:1, 2+4:0:0:0:0, 1+4:0:0:0:0, 2+4:0:0:0:0, 3+3:1:0:0:0, 3+3:0:0:0:0, 2+2:0:0:0:0, 2+2:0:0:0:0, 0+1:0:0:0:0, 0+1:0:0:0:0, 1+0:0:0:0:0, 1+3:0:0:0:1, 1+3:0:0:0:0, 0+0:0:0:0:0, 2+3:0:0:0:0, 0+1:0:0:0:0, 1+3:0:0:0:0, 1+0:0:0:0:0, 1+2:0:0:0:0, 1+1:0:0:0:0, 3+7:0:0:0:0, 2+2:0:0:0:0, 1+3:0:0:0:0, 4+4:0:0:0:0, 4+6:0:0:0:0, 1+1:0:0:0:0, 1+2:0:0:0:0, 1+2:0:0:0:0, 2+3:1:0:0:0, 3+3:0:0:0:0, 3+3:0:0:0:0, 3+5:0:0:0:0, 5+5:0:0:0:0, 1+2:0:0:0:0, 2+2:0:0:0:0, 3+2:0:0:0:0, 4+4:0:0:0:0, 3+3:0:0:0:0, 1+2:0:0:0:0, 3+2:0:0:0:0, 3+2:1:0:0:1, 0+0:0:0:0:0, 1+0:0:0:0:0, 5+3:0:0:0:0, 3+2:0:0:0:0, 3+1:0:0:0:0, 0+1:0:0:0:0, 0+1:0:0:0:0, 1+1:0:0:0:0, 0+0:0:0:0:0, 1+2:0:0:0:0, 1+2:0:0:0:0, 2+2:1:0:0:0, 2+2:0:0:0:0, 3+5:2:0:0:2, 3+3:0:0:0:0, 3+7:0:0:0:0, 1+2:0:0:0:0, 2+4:0:0:0:0, 1+1:0:0:0:0, 3+5:0:0:0:0, 1+3:0:0:0:0, 2+2:0:0:0:0, 2+1:0:0:0:0, 2+1:0:0:0:0, 1+2:0:0:0:0, 1+2:0:0:0:0, 1+2:0:0:0:0, 3+4:2:0:0:0, 1+3:0:0:0:0, 5+3:0:0:0:0, 3+5:0:0:0:0, 2+3:0:0:0:0, 0+0:0:0:0:0, 0+1:0:0:0:0, 1+1:0:0:0:0, 2+1:0:0:0:0, 2+2:0:0:0:0, 0+0:0:0:0:0, 0+1:0:0:0:0, 3+4:0:0:0:0, 2+0:0:0:0:0, 2+3:0:0:0:0, 2+2:0:0:0:0, 6+6:0:0:0:0, 4+4:0:0:0:1, 1+2:0:0:0:0, 2+2:0:0:0:0, 3+2:0:0:0:0, 1+2:0:0:0:0, 1+2:0:0:0:0, 1+2:0:0:0:0, 2+2:1:0:0:0, 2+3:0:0:0:0, 2+3:0:0:0:0, 4+4:0:0:0:0, 2+4:0:0:0:0, 1+2:0:0:0:0, 1+2:0:0:0:0, 2+2:0:0:0:1, 2+6:0:0:0:0, 3+3:0:0:0:0, 4+4:0:0:0:0, 3+5:0:0:0:0, 0+3:0:0:0:0, 0+0:0:0:0:0, 1+0:0:0:0:0, 2+2:0:0:0:0, 1+1:0:0:0:0, 1+0:0:0:0:0, 1+3:0:0:0:0, 1+1:1:0:0:1, 6+5:0:0:0:2, 5+3:0:0:0:0, 2+2:0:0:0:0, 1+1:0:0:0:0, 3+4:0:0:0:0, 1+1:0:0:0:0, 3+2:0:0:0:1, 3+2:0:0:0:0, 1+4:0:0:0:0, 2+3:0:0:0:0, 2+2:0:0:0:0, 3+5:0:0:0:0, 2+4:0:0:0:0, 2+3:0:0:0:0, 3+4:2:0:0:2, 3+3:0:0:0:0, 3+6:0:0:0:0, 2+2:0:0:0:0, 1+4:0:0:0:0, 3+3:0:0:0:0, 3+8:0:0:0:0, 3+3:0:0:0:0, 2+1:0:0:0:0, 3+5:1:0:0:0, 1+2:0:0:0:0, 2+2:0:0:0:0, 1+0:0:0:0:0, 1+3:0:0:0:0, 1+2:0:0:0:0, 0+0:0:0:0:0, 0+1:0:0:0:0, 0+0:0:0:0:0, 1+1:0:0:0:0, 1+1:0:0:0:0, 1+3:0:0:0:0, 1+2:0:0:0:0, 2+2:1:0:0:0, 1+2:0:0:0:0, 3+4:1:0:0:1, 2+2:0:0:0:0, 4+5:0:0:0:0, 4+3:0:0:0:1, 2+2:0:0:0:0, 1+2:0:0:0:0, 3+2:1:0:0:0, 1+2:0:0:0:0, 1+1:0:0:0:0, 2+1:0:0:0:0, 2+1:0:0:0:0, 1+2:0:0:0:0, 1+2:0:0:0:0, 3+2:0:0:0:0, 4+5:0:0:0:0, 3+3:0:0:0:0, 2+2:0:0:0:0, 3+5:1:0:0:0, 3+5:0:0:0:0, 1+1:0:0:0:0, 1+1:0:0:0:0, 2+0:0:0:0:0, 3+3:0:0:0:0, 1+0:0:0:0:0, 1+3:1:0:0:1, 0+1:0:0:0:0, 1+2:0:0:0:0, 0+1:0:0:0:0, 2+2:0:0:0:0, 2+2:0:0:0:0, 5+6:0:0:0:0, 2+3:0:0:0:0, 4+6:1:0:0:1, 3+3:0:0:0:0, 3+2:0:0:0:0, 4+5:0:0:0:0, 2+2:0:0:0:0, 1+2:0:0:0:0, 2+2:1:0:0:0, 1+2:0:0:0:0, 2+3:0:0:0:0, 6+5:0:0:0:0, 2+4:0:0:0:0, 1+1:0:0:0:0, 1+2:0:0:0:0, 2+2:0:0:0:0, 2+3:1:0:0:0, 3+2:0:0:0:0, 2+3:0:0:0:0, 3+3:0:0:0:0, 3+2:0:0:0:1, 2+3:0:0:0:0, 2+1:0:0:0:1, 1+3:0:0:0:0, 2+3:0:0:0:0, 1+1:0:0:0:0, 2+2:0:0:0:0, 3+2:0:0:0:0, 2+2:0:0:0:0, 5+3:0:0:0:1, 1+2:0:0:0:0, 1+2:0:0:0:0, 3+2:1:0:0:0, 1+2:0:0:0:0, 1+1:0:0:0:0, 2+1:0:0:0:0, 4+3:0:0:0:1, 4+5:0:0:0:1, 1+1:1:0:0:1, 0+0:0:0:0:0, 0+0:0:0:0:0, 0+0:0:0:0:0, 662+820:40:0:0:40
D minor mel (1b),  ,  ,  ,  ,  ,  ,  ,  ,  ,  ,  ,  ,  ,  ,  ,  ,  ,  ,  ,  ,  ,  ,  ,  ,  ,  ,  ,  ,  ,  ,  ,  ,  ,  ,  ,  ,  ,  ,  ,  ,  ,  ,  ,  ,  ,  ,  ,  ,  ,  ,  ,  ,  ,  ,  ,  ,  ,  ,  ,  ,  ,  ,  ,  ,  ,  ,  ,  ,  ,  ,  ,  ,  ,  ,  ,  ,  ,  ,  ,  ,  ,  ,  ,  ,  ,  ,  ,  ,  ,  ,  ,  ,  ,  ,  ,  ,  ,  ,  ,  ,  ,  ,  ,  ,  ,  ,  ,  ,  ,  ,  ,  ,  ,  ,  ,  ,  ,  ,  ,  ,  ,  ,  ,  ,  ,  ,  ,  ,  ,  ,  ,  ,  ,  ,  ,  ,  ,  ,  ,  ,  ,  ,  ,  ,  ,  ,  ,  ,  ,  ,  ,  ,  ,  ,  ,  ,  ,  ,  ,  ,  ,  ,  ,  ,  ,  ,  ,  ,  ,  ,  ,  ,  ,  ,  ,  ,  ,  ,  ,  ,  ,  ,  ,  ,  ,  ,  ,  ,  ,  ,  ,  ,  ,  ,  ,  ,  ,  ,  ,  ,  ,  ,  ,  ,  ,  ,  ,  ,  ,  ,  ,  ,  ,  ,  ,  ,  ,  ,  ,  ,  ,  ,  ,  ,  ,  ,  ,  ,  ,  ,  ,  ,  ,  ,  ,  ,  ,  ,  ,  ,  ,  ,  ,  ,  ,  ,  ,  ,  ,  ,  ,  ,  ,  ,  ,  ,  ,  ,  ,  ,  ,  ,  ,  ,  ,  ,  ,  ,  ,  ,  ,  ,  ,  ,  ,  ,  ,  ,  ,  ,  ,  ,  ,  ,  ,  ,  ,  ,  ,  ,  ,  ,  ,  ,  ,  ,  ,  ,  ,  ,  ,  ,  ,  ,  ,  ,  ,  ,  ,  ,  ,  ,  ,  ,  ,  ,  ,  ,  ,  ,  ,  ,  ,  ,  ,  ,  ,  ,  ,  ,  ,  ,  ,  ,  ,  ,  ,  ,  ,  ,  ,  ,  ,  ,  ,  ,  ,  ,  ,  ,  ,  ,  ,  ,  ,  , 0+0:0:0:0:0
E minor mel (1#),  ,  ,  ,  ,  ,  ,  ,  ,  ,  ,  ,  ,  ,  ,  ,  ,  ,  ,  ,  ,  ,  ,  ,  ,  ,  ,  ,  ,  ,  ,  ,  ,  ,  ,  ,  ,  ,  ,  ,  ,  ,  ,  ,  ,  ,  ,  ,  ,  ,  ,  ,  ,  ,  ,  ,  ,  ,  ,  ,  ,  ,  ,  ,  ,  ,  ,  ,  ,  ,  ,  ,  ,  ,  ,  ,  ,  ,  ,  ,  ,  ,  ,  ,  ,  ,  ,  ,  ,  ,  ,  ,  ,  ,  ,  ,  ,  ,  ,  ,  ,  ,  ,  ,  ,  ,  ,  ,  ,  ,  ,  ,  ,  ,  ,  ,  ,  ,  ,  ,  ,  ,  ,  ,  ,  ,  ,  ,  ,  ,  ,  ,  ,  ,  ,  ,  ,  ,  ,  ,  ,  ,  ,  ,  ,  ,  ,  ,  ,  ,  ,  ,  ,  ,  ,  ,  ,  ,  ,  ,  ,  ,  ,  ,  ,  ,  ,  ,  ,  ,  ,  ,  ,  ,  ,  ,  ,  ,  ,  ,  ,  ,  ,  ,  ,  ,  ,  ,  ,  ,  ,  ,  ,  ,  ,  ,  ,  ,  ,  ,  ,  ,  ,  ,  ,  ,  ,  ,  ,  ,  ,  ,  ,  ,  ,  ,  ,  ,  ,  ,  ,  ,  ,  ,  ,  ,  ,  ,  ,  ,  ,  ,  ,  ,  ,  ,  ,  ,  ,  ,  ,  ,  ,  ,  ,  ,  ,  ,  ,  ,  ,  ,  ,  ,  ,  ,  ,  ,  ,  ,  ,  ,  ,  ,  ,  ,  ,  ,  ,  ,  ,  ,  ,  ,  ,  ,  ,  ,  ,  ,  ,  ,  ,  ,  ,  ,  ,  ,  ,  ,  ,  ,  ,  ,  ,  ,  ,  ,  ,  ,  ,  ,  ,  ,  ,  ,  ,  ,  ,  ,  ,  ,  ,  ,  ,  ,  ,  ,  ,  ,  ,  ,  ,  ,  ,  ,  ,  ,  ,  ,  ,  ,  ,  ,  ,  ,  ,  ,  ,  ,  ,  ,  ,  ,  ,  ,  ,  ,  ,  ,  ,  ,  ,  ,  ,  ,  , 0+0:0:0:0:0
F major blues (1b),  ,  ,  ,  ,  ,  ,  ,  ,  ,  ,  ,  ,  ,  ,  ,  ,  ,  ,  ,  ,  ,  ,  ,  ,  ,  ,  ,  ,  ,  ,  ,  ,  ,  ,  ,  ,  ,  ,  ,  ,  ,  ,  ,  ,  ,  ,  ,  ,  ,  ,  ,  ,  ,  ,  ,  ,  ,  ,  ,  ,  ,  ,  ,  ,  ,  ,  ,  ,  ,  ,  ,  ,  ,  ,  ,  ,  ,  ,  ,  ,  ,  ,  ,  ,  ,  ,  ,  ,  ,  ,  ,  ,  ,  ,  ,  ,  ,  ,  ,  ,  ,  ,  ,  ,  ,  ,  ,  ,  ,  ,  ,  ,  ,  ,  ,  ,  ,  ,  ,  ,  ,  ,  ,  ,  ,  ,  ,  ,  ,  ,  ,  ,  ,  ,  ,  ,  ,  ,  ,  ,  ,  ,  ,  ,  ,  ,  ,  ,  ,  ,  ,  ,  ,  ,  ,  ,  ,  ,  ,  ,  ,  ,  ,  ,  ,  ,  ,  ,  ,  ,  ,  ,  ,  ,  ,  ,  ,  ,  ,  ,  ,  ,  ,  ,  ,  ,  ,  ,  ,  ,  ,  ,  ,  ,  ,  ,  ,  ,  ,  ,  ,  ,  ,  ,  ,  ,  ,  ,  ,  ,  ,  ,  ,  ,  ,  ,  ,  ,  ,  ,  ,  ,  ,  ,  ,  ,  ,  ,  ,  ,  ,  ,  ,  ,  ,  ,  ,  ,  ,  ,  ,  ,  ,  ,  ,  ,  ,  ,  ,  ,  ,  ,  ,  ,  ,  ,  ,  ,  ,  ,  ,  ,  ,  ,  ,  ,  ,  ,  ,  ,  ,  ,  ,  ,  ,  ,  ,  ,  ,  ,  ,  ,  ,  ,  ,  ,  ,  ,  ,  ,  ,  ,  ,  ,  ,  ,  ,  ,  ,  ,  ,  ,  ,  ,  ,  ,  ,  ,  ,  ,  ,  ,  ,  ,  ,  ,  ,  ,  ,  ,  ,  ,  ,  ,  ,  ,  ,  ,  ,  ,  ,  ,  ,  ,  ,  ,  ,  ,  ,  ,  ,  ,  ,  ,  ,  ,  ,  ,  ,  ,  ,  ,  ,  ,  ,  , 0+0:0:0:0:0
G major blues (1#),  ,  ,  ,  ,  ,  ,  ,  ,  ,  ,  ,  ,  ,  ,  ,  ,  ,  ,  ,  ,  ,  ,  ,  ,  ,  ,  ,  ,  ,  ,  ,  ,  ,  ,  ,  ,  ,  ,  ,  ,  ,  ,  ,  ,  ,  ,  ,  ,  ,  ,  ,  ,  ,  ,  ,  ,  ,  ,  ,  ,  ,  ,  ,  ,  ,  ,  ,  ,  ,  ,  ,  ,  ,  ,  ,  ,  ,  ,  ,  ,  ,  ,  ,  ,  ,  ,  ,  ,  ,  ,  ,  ,  ,  ,  ,  ,  ,  ,  ,  ,  ,  ,  ,  ,  ,  ,  ,  ,  ,  ,  ,  ,  ,  ,  ,  ,  ,  ,  ,  ,  ,  ,  ,  ,  ,  ,  ,  ,  ,  ,  ,  ,  ,  ,  ,  ,  ,  ,  ,  ,  ,  ,  ,  ,  ,  ,  ,  ,  ,  ,  ,  ,  ,  ,  ,  ,  ,  ,  ,  ,  ,  ,  ,  ,  ,  ,  ,  ,  ,  ,  ,  ,  ,  ,  ,  ,  ,  ,  ,  ,  ,  ,  ,  ,  ,  ,  ,  ,  ,  ,  ,  ,  ,  ,  ,  ,  ,  ,  ,  ,  ,  ,  ,  ,  ,  ,  ,  ,  ,  ,  ,  ,  ,  ,  ,  ,  ,  ,  ,  ,  ,  ,  ,  ,  ,  ,  ,  ,  ,  ,  ,  ,  ,  ,  ,  ,  ,  ,  ,  ,  ,  ,  ,  ,  ,  ,  ,  ,  ,  ,  ,  ,  ,  ,  ,  ,  ,  ,  ,  ,  ,  ,  ,  ,  ,  ,  ,  ,  ,  ,  ,  ,  ,  ,  ,  ,  ,  ,  ,  ,  ,  ,  ,  ,  ,  ,  ,  ,  ,  ,  ,  ,  ,  ,  ,  ,  ,  ,  ,  ,  ,  ,  ,  ,  ,  ,  ,  ,  ,  ,  ,  ,  ,  ,  ,  ,  ,  ,  ,  ,  ,  ,  ,  ,  ,  ,  ,  ,  ,  ,  ,  ,  ,  ,  ,  ,  ,  ,  ,  ,  ,  ,  ,  ,  ,  ,  ,  ,  ,  ,  ,  ,  ,  ,  ,  , 0+0:0:0:0:0
D minor blues (1b),  ,  ,  ,  ,  ,  ,  ,  ,  ,  ,  ,  ,  ,  ,  ,  ,  ,  ,  ,  ,  ,  ,  ,  ,  ,  ,  ,  ,  ,  ,  ,  ,  ,  ,  ,  ,  ,  ,  ,  ,  ,  ,  ,  ,  ,  ,  ,  ,  ,  ,  ,  ,  ,  ,  ,  ,  ,  ,  ,  ,  ,  ,  ,  ,  ,  ,  ,  ,  ,  ,  ,  ,  ,  ,  ,  ,  ,  ,  ,  ,  ,  ,  ,  ,  ,  ,  ,  ,  ,  ,  ,  ,  ,  ,  ,  ,  ,  ,  ,  ,  ,  ,  ,  ,  ,  ,  ,  ,  ,  ,  ,  ,  ,  ,  ,  ,  ,  ,  ,  ,  ,  ,  ,  ,  ,  ,  ,  ,  ,  ,  ,  ,  ,  ,  ,  ,  ,  ,  ,  ,  ,  ,  ,  ,  ,  ,  ,  ,  ,  ,  ,  ,  ,  ,  ,  ,  ,  ,  ,  ,  ,  ,  ,  ,  ,  ,  ,  ,  ,  ,  ,  ,  ,  ,  ,  ,  ,  ,  ,  ,  ,  ,  ,  ,  ,  ,  ,  ,  ,  ,  ,  ,  ,  ,  ,  ,  ,  ,  ,  ,  ,  ,  ,  ,  ,  ,  ,  ,  ,  ,  ,  ,  ,  ,  ,  ,  ,  ,  ,  ,  ,  ,  ,  ,  ,  ,  ,  ,  ,  ,  ,  ,  ,  ,  ,  ,  ,  ,  ,  ,  ,  ,  ,  ,  ,  ,  ,  ,  ,  ,  ,  ,  ,  ,  ,  ,  ,  ,  ,  ,  ,  ,  ,  ,  ,  ,  ,  ,  ,  ,  ,  ,  ,  ,  ,  ,  ,  ,  ,  ,  ,  ,  ,  ,  ,  ,  ,  ,  ,  ,  ,  ,  ,  ,  ,  ,  ,  ,  ,  ,  ,  ,  ,  ,  ,  ,  ,  ,  ,  ,  ,  ,  ,  ,  ,  ,  ,  ,  ,  ,  ,  ,  ,  ,  ,  ,  ,  ,  ,  ,  ,  ,  ,  ,  ,  ,  ,  ,  ,  ,  ,  ,  ,  ,  ,  ,  ,  ,  ,  ,  ,  ,  ,  ,  ,  , 0+0:0:0:0:0
E minor blues (1#),  ,  ,  ,  ,  ,  ,  ,  ,  ,  ,  ,  ,  ,  ,  ,  ,  ,  ,  ,  ,  ,  ,  ,  ,  ,  ,  ,  ,  ,  ,  ,  ,  ,  ,  ,  ,  ,  ,  ,  ,  ,  ,  ,  ,  ,  ,  ,  ,  ,  ,  ,  ,  ,  ,  ,  ,  ,  ,  ,  ,  ,  ,  ,  ,  ,  ,  ,  ,  ,  ,  ,  ,  ,  ,  ,  ,  ,  ,  ,  ,  ,  ,  ,  ,  ,  ,  ,  ,  ,  ,  ,  ,  ,  ,  ,  ,  ,  ,  ,  ,  ,  ,  ,  ,  ,  ,  ,  ,  ,  ,  ,  ,  ,  ,  ,  ,  ,  ,  ,  ,  ,  ,  ,  ,  ,  ,  ,  ,  ,  ,  ,  ,  ,  ,  ,  ,  ,  ,  ,  ,  ,  ,  ,  ,  ,  ,  ,  ,  ,  ,  ,  ,  ,  ,  ,  ,  ,  ,  ,  ,  ,  ,  ,  ,  ,  ,  ,  ,  ,  ,  ,  ,  ,  ,  ,  ,  ,  ,  ,  ,  ,  ,  ,  ,  ,  ,  ,  ,  ,  ,  ,  ,  ,  ,  ,  ,  ,  ,  ,  ,  ,  ,  ,  ,  ,  ,  ,  ,  ,  ,  ,  ,  ,  ,  ,  ,  ,  ,  ,  ,  ,  ,  ,  ,  ,  ,  ,  ,  ,  ,  ,  ,  ,  ,  ,  ,  ,  ,  ,  ,  ,  ,  ,  ,  ,  ,  ,  ,  ,  ,  ,  ,  ,  ,  ,  ,  ,  ,  ,  ,  ,  ,  ,  ,  ,  ,  ,  ,  ,  ,  ,  ,  ,  ,  ,  ,  ,  ,  ,  ,  ,  ,  ,  ,  ,  ,  ,  ,  ,  ,  ,  ,  ,  ,  ,  ,  ,  ,  ,  ,  ,  ,  ,  ,  ,  ,  ,  ,  ,  ,  ,  ,  ,  ,  ,  ,  ,  ,  ,  ,  ,  ,  ,  ,  ,  ,  ,  ,  ,  ,  ,  ,  ,  ,  ,  ,  ,  ,  ,  ,  ,  ,  ,  ,  ,  ,  ,  ,  ,  ,  ,  ,  ,  ,  ,  , 0+0:0:0:0:0
F dorian (1b),  ,  ,  ,  ,  ,  ,  ,  ,  ,  ,  ,  ,  ,  ,  ,  ,  ,  ,  ,  ,  ,  ,  ,  ,  ,  ,  ,  ,  ,  ,  ,  ,  ,  ,  ,  ,  ,  ,  ,  ,  ,  ,  ,  ,  ,  ,  ,  ,  ,  ,  ,  ,  ,  ,  ,  ,  ,  ,  ,  ,  ,  ,  ,  ,  ,  ,  ,  ,  ,  ,  ,  ,  ,  ,  ,  ,  ,  ,  ,  ,  ,  ,  ,  ,  ,  ,  ,  ,  ,  ,  ,  ,  ,  ,  ,  ,  ,  ,  ,  ,  ,  ,  ,  ,  ,  ,  ,  ,  ,  ,  ,  ,  ,  ,  ,  ,  ,  ,  ,  ,  ,  ,  ,  ,  ,  ,  ,  ,  ,  ,  ,  ,  ,  ,  ,  ,  ,  ,  ,  ,  ,  ,  ,  ,  ,  ,  ,  ,  ,  ,  ,  ,  ,  ,  ,  ,  ,  ,  ,  ,  ,  ,  ,  ,  ,  ,  ,  ,  ,  ,  ,  ,  ,  ,  ,  ,  ,  ,  ,  ,  ,  ,  ,  ,  ,  ,  ,  ,  ,  ,  ,  ,  ,  ,  ,  ,  ,  ,  ,  ,  ,  ,  ,  ,  ,  ,  ,  ,  ,  ,  ,  ,  ,  ,  ,  ,  ,  ,  ,  ,  ,  ,  ,  ,  ,  ,  ,  ,  ,  ,  ,  ,  ,  ,  ,  ,  ,  ,  ,  ,  ,  ,  ,  ,  ,  ,  ,  ,  ,  ,  ,  ,  ,  ,  ,  ,  ,  ,  ,  ,  ,  ,  ,  ,  ,  ,  ,  ,  ,  ,  ,  ,  ,  ,  ,  ,  ,  ,  ,  ,  ,  ,  ,  ,  ,  ,  ,  ,  ,  ,  ,  ,  ,  ,  ,  ,  ,  ,  ,  ,  ,  ,  ,  ,  ,  ,  ,  ,  ,  ,  ,  ,  ,  ,  ,  ,  ,  ,  ,  ,  ,  ,  ,  ,  ,  ,  ,  ,  ,  ,  ,  ,  ,  ,  ,  ,  ,  ,  ,  ,  ,  ,  ,  ,  ,  ,  ,  ,  ,  ,  ,  ,  ,  ,  ,  , 0+0:0:0:0:0
G dorian (1#),  ,  ,  ,  ,  ,  ,  ,  ,  ,  ,  ,  ,  ,  ,  ,  ,  ,  ,  ,  ,  ,  ,  ,  ,  ,  ,  ,  ,  ,  ,  ,  ,  ,  ,  ,  ,  ,  ,  ,  ,  ,  ,  ,  ,  ,  ,  ,  ,  ,  ,  ,  ,  ,  ,  ,  ,  ,  ,  ,  ,  ,  ,  ,  ,  ,  ,  ,  ,  ,  ,  ,  ,  ,  ,  ,  ,  ,  ,  ,  ,  ,  ,  ,  ,  ,  ,  ,  ,  ,  ,  ,  ,  ,  ,  ,  ,  ,  ,  ,  ,  ,  ,  ,  ,  ,  ,  ,  ,  ,  ,  ,  ,  ,  ,  ,  ,  ,  ,  ,  ,  ,  ,  ,  ,  ,  ,  ,  ,  ,  ,  ,  ,  ,  ,  ,  ,  ,  ,  ,  ,  ,  ,  ,  ,  ,  ,  ,  ,  ,  ,  ,  ,  ,  ,  ,  ,  ,  ,  ,  ,  ,  ,  ,  ,  ,  ,  ,  ,  ,  ,  ,  ,  ,  ,  ,  ,  ,  ,  ,  ,  ,  ,  ,  ,  ,  ,  ,  ,  ,  ,  ,  ,  ,  ,  ,  ,  ,  ,  ,  ,  ,  ,  ,  ,  ,  ,  ,  ,  ,  ,  ,  ,  ,  ,  ,  ,  ,  ,  ,  ,  ,  ,  ,  ,  ,  ,  ,  ,  ,  ,  ,  ,  ,  ,  ,  ,  ,  ,  ,  ,  ,  ,  ,  ,  ,  ,  ,  ,  ,  ,  ,  ,  ,  ,  ,  ,  ,  ,  ,  ,  ,  ,  ,  ,  ,  ,  ,  ,  ,  ,  ,  ,  ,  ,  ,  ,  ,  ,  ,  ,  ,  ,  ,  ,  ,  ,  ,  ,  ,  ,  ,  ,  ,  ,  ,  ,  ,  ,  ,  ,  ,  ,  ,  ,  ,  ,  ,  ,  ,  ,  ,  ,  ,  ,  ,  ,  ,  ,  ,  ,  ,  ,  ,  ,  ,  ,  ,  ,  ,  ,  ,  ,  ,  ,  ,  ,  ,  ,  ,  ,  ,  ,  ,  ,  ,  ,  ,  ,  ,  ,  ,  ,  ,  ,  ,  , 0+0:0:0:0:0
F phrygian (1b),  ,  ,  ,  ,  ,  ,  ,  ,  ,  ,  ,  ,  ,  ,  ,  ,  ,  ,  ,  ,  ,  ,  ,  ,  ,  ,  ,  ,  ,  ,  ,  ,  ,  ,  ,  ,  ,  ,  ,  ,  ,  ,  ,  ,  ,  ,  ,  ,  ,  ,  ,  ,  ,  ,  ,  ,  ,  ,  ,  ,  ,  ,  ,  ,  ,  ,  ,  ,  ,  ,  ,  ,  ,  ,  ,  ,  ,  ,  ,  ,  ,  ,  ,  ,  ,  ,  ,  ,  ,  ,  ,  ,  ,  ,  ,  ,  ,  ,  ,  ,  ,  ,  ,  ,  ,  ,  ,  ,  ,  ,  ,  ,  ,  ,  ,  ,  ,  ,  ,  ,  ,  ,  ,  ,  ,  ,  ,  ,  ,  ,  ,  ,  ,  ,  ,  ,  ,  ,  ,  ,  ,  ,  ,  ,  ,  ,  ,  ,  ,  ,  ,  ,  ,  ,  ,  ,  ,  ,  ,  ,  ,  ,  ,  ,  ,  ,  ,  ,  ,  ,  ,  ,  ,  ,  ,  ,  ,  ,  ,  ,  ,  ,  ,  ,  ,  ,  ,  ,  ,  ,  ,  ,  ,  ,  ,  ,  ,  ,  ,  ,  ,  ,  ,  ,  ,  ,  ,  ,  ,  ,  ,  ,  ,  ,  ,  ,  ,  ,  ,  ,  ,  ,  ,  ,  ,  ,  ,  ,  ,  ,  ,  ,  ,  ,  ,  ,  ,  ,  ,  ,  ,  ,  ,  ,  ,  ,  ,  ,  ,  ,  ,  ,  ,  ,  ,  ,  ,  ,  ,  ,  ,  ,  ,  ,  ,  ,  ,  ,  ,  ,  ,  ,  ,  ,  ,  ,  ,  ,  ,  ,  ,  ,  ,  ,  ,  ,  ,  ,  ,  ,  ,  ,  ,  ,  ,  ,  ,  ,  ,  ,  ,  ,  ,  ,  ,  ,  ,  ,  ,  ,  ,  ,  ,  ,  ,  ,  ,  ,  ,  ,  ,  ,  ,  ,  ,  ,  ,  ,  ,  ,  ,  ,  ,  ,  ,  ,  ,  ,  ,  ,  ,  ,  ,  ,  ,  ,  ,  ,  ,  ,  ,  ,  ,  ,  ,  , 0+0:0:0:0:0
G phrygian (1#),  ,  ,  ,  ,  ,  ,  ,  ,  ,  ,  ,  ,  ,  ,  ,  ,  ,  ,  ,  ,  ,  ,  ,  ,  ,  ,  ,  ,  ,  ,  ,  ,  ,  ,  ,  ,  ,  ,  ,  ,  ,  ,  ,  ,  ,  ,  ,  ,  ,  ,  ,  ,  ,  ,  ,  ,  ,  ,  ,  ,  ,  ,  ,  ,  ,  ,  ,  ,  ,  ,  ,  ,  ,  ,  ,  ,  ,  ,  ,  ,  ,  ,  ,  ,  ,  ,  ,  ,  ,  ,  ,  ,  ,  ,  ,  ,  ,  ,  ,  ,  ,  ,  ,  ,  ,  ,  ,  ,  ,  ,  ,  ,  ,  ,  ,  ,  ,  ,  ,  ,  ,  ,  ,  ,  ,  ,  ,  ,  ,  ,  ,  ,  ,  ,  ,  ,  ,  ,  ,  ,  ,  ,  ,  ,  ,  ,  ,  ,  ,  ,  ,  ,  ,  ,  ,  ,  ,  ,  ,  ,  ,  ,  ,  ,  ,  ,  ,  ,  ,  ,  ,  ,  ,  ,  ,  ,  ,  ,  ,  ,  ,  ,  ,  ,  ,  ,  ,  ,  ,  ,  ,  ,  ,  ,  ,  ,  ,  ,  ,  ,  ,  ,  ,  ,  ,  ,  ,  ,  ,  ,  ,  ,  ,  ,  ,  ,  ,  ,  ,  ,  ,  ,  ,  ,  ,  ,  ,  ,  ,  ,  ,  ,  ,  ,  ,  ,  ,  ,  ,  ,  ,  ,  ,  ,  ,  ,  ,  ,  ,  ,  ,  ,  ,  ,  ,  ,  ,  ,  ,  ,  ,  ,  ,  ,  ,  ,  ,  ,  ,  ,  ,  ,  ,  ,  ,  ,  ,  ,  ,  ,  ,  ,  ,  ,  ,  ,  ,  ,  ,  ,  ,  ,  ,  ,  ,  ,  ,  ,  ,  ,  ,  ,  ,  ,  ,  ,  ,  ,  ,  ,  ,  ,  ,  ,  ,  ,  ,  ,  ,  ,  ,  ,  ,  ,  ,  ,  ,  ,  ,  ,  ,  ,  ,  ,  ,  ,  ,  ,  ,  ,  ,  ,  ,  ,  ,  ,  ,  ,  ,  ,  ,  ,  ,  ,  ,  , 0+0:0:0:0:0
F lydian (1b),  ,  ,  ,  ,  ,  ,  ,  ,  ,  ,  ,  ,  ,  ,  ,  ,  ,  ,  ,  ,  ,  ,  ,  ,  ,  ,  ,  ,  ,  ,  ,  ,  ,  ,  ,  ,  ,  ,  ,  ,  ,  ,  ,  ,  ,  ,  ,  ,  ,  ,  ,  ,  ,  ,  ,  ,  ,  ,  ,  ,  ,  ,  ,  ,  ,  ,  ,  ,  ,  ,  ,  ,  ,  ,  ,  ,  ,  ,  ,  ,  ,  ,  ,  ,  ,  ,  ,  ,  ,  ,  ,  ,  ,  ,  ,  ,  ,  ,  ,  ,  ,  ,  ,  ,  ,  ,  ,  ,  ,  ,  ,  ,  ,  ,  ,  ,  ,  ,  ,  ,  ,  ,  ,  ,  ,  ,  ,  ,  ,  ,  ,  ,  ,  ,  ,  ,  ,  ,  ,  ,  ,  ,  ,  ,  ,  ,  ,  ,  ,  ,  ,  ,  ,  ,  ,  ,  ,  ,  ,  ,  ,  ,  ,  ,  ,  ,  ,  ,  ,  ,  ,  ,  ,  ,  ,  ,  ,  ,  ,  ,  ,  ,  ,  ,  ,  ,  ,  ,  ,  ,  ,  ,  ,  ,  ,  ,  ,  ,  ,  ,  ,  ,  ,  ,  ,  ,  ,  ,  ,  ,  ,  ,  ,  ,  ,  ,  ,  ,  ,  ,  ,  ,  ,  ,  ,  ,  ,  ,  ,  ,  ,  ,  ,  ,  ,  ,  ,  ,  ,  ,  ,  ,  ,  ,  ,  ,  ,  ,  ,  ,  ,  ,  ,  ,  ,  ,  ,  ,  ,  ,  ,  ,  ,  ,  ,  ,  ,  ,  ,  ,  ,  ,  ,  ,  ,  ,  ,  ,  ,  ,  ,  ,  ,  ,  ,  ,  ,  ,  ,  ,  ,  ,  ,  ,  ,  ,  ,  ,  ,  ,  ,  ,  ,  ,  ,  ,  ,  ,  ,  ,  ,  ,  ,  ,  ,  ,  ,  ,  ,  ,  ,  ,  ,  ,  ,  ,  ,  ,  ,  ,  ,  ,  ,  ,  ,  ,  ,  ,  ,  ,  ,  ,  ,  ,  ,  ,  ,  ,  ,  ,  ,  ,  ,  ,  ,  , 0+0:0:0:0:0
G lydian (1#),  ,  ,  ,  ,  ,  ,  ,  ,  ,  ,  ,  ,  ,  ,  ,  ,  ,  ,  ,  ,  ,  ,  ,  ,  ,  ,  ,  ,  ,  ,  ,  ,  ,  ,  ,  ,  ,  ,  ,  ,  ,  ,  ,  ,  ,  ,  ,  ,  ,  ,  ,  ,  ,  ,  ,  ,  ,  ,  ,  ,  ,  ,  ,  ,  ,  ,  ,  ,  ,  ,  ,  ,  ,  ,  ,  ,  ,  ,  ,  ,  ,  ,  ,  ,  ,  ,  ,  ,  ,  ,  ,  ,  ,  ,  ,  ,  ,  ,  ,  ,  ,  ,  ,  ,  ,  ,  ,  ,  ,  ,  ,  ,  ,  ,  ,  ,  ,  ,  ,  ,  ,  ,  ,  ,  ,  ,  ,  ,  ,  ,  ,  ,  ,  ,  ,  ,  ,  ,  ,  ,  ,  ,  ,  ,  ,  ,  ,  ,  ,  ,  ,  ,  ,  ,  ,  ,  ,  ,  ,  ,  ,  ,  ,  ,  ,  ,  ,  ,  ,  ,  ,  ,  ,  ,  ,  ,  ,  ,  ,  ,  ,  ,  ,  ,  ,  ,  ,  ,  ,  ,  ,  ,  ,  ,  ,  ,  ,  ,  ,  ,  ,  ,  ,  ,  ,  ,  ,  ,  ,  ,  ,  ,  ,  ,  ,  ,  ,  ,  ,  ,  ,  ,  ,  ,  ,  ,  ,  ,  ,  ,  ,  ,  ,  ,  ,  ,  ,  ,  ,  ,  ,  ,  ,  ,  ,  ,  ,  ,  ,  ,  ,  ,  ,  ,  ,  ,  ,  ,  ,  ,  ,  ,  ,  ,  ,  ,  ,  ,  ,  ,  ,  ,  ,  ,  ,  ,  ,  ,  ,  ,  ,  ,  ,  ,  ,  ,  ,  ,  ,  ,  ,  ,  ,  ,  ,  ,  ,  ,  ,  ,  ,  ,  ,  ,  ,  ,  ,  ,  ,  ,  ,  ,  ,  ,  ,  ,  ,  ,  ,  ,  ,  ,  ,  ,  ,  ,  ,  ,  ,  ,  ,  ,  ,  ,  ,  ,  ,  ,  ,  ,  ,  ,  ,  ,  ,  ,  ,  ,  ,  ,  ,  ,  ,  ,  ,  , 0+0:0:0:0:0
F mixolydian (1b),  ,  ,  ,  ,  ,  ,  ,  ,  ,  ,  ,  ,  ,  ,  ,  ,  ,  ,  ,  ,  ,  ,  ,  ,  ,  ,  ,  ,  ,  ,  ,  ,  ,  ,  ,  ,  ,  ,  ,  ,  ,  ,  ,  ,  ,  ,  ,  ,  ,  ,  ,  ,  ,  ,  ,  ,  ,  ,  ,  ,  ,  ,  ,  ,  ,  ,  ,  ,  ,  ,  ,  ,  ,  ,  ,  ,  ,  ,  ,  ,  ,  ,  ,  ,  ,  ,  ,  ,  ,  ,  ,  ,  ,  ,  ,  ,  ,  ,  ,  ,  ,  ,  ,  ,  ,  ,  ,  ,  ,  ,  ,  ,  ,  ,  ,  ,  ,  ,  ,  ,  ,  ,  ,  ,  ,  ,  ,  ,  ,  ,  ,  ,  ,  ,  ,  ,  ,  ,  ,  ,  ,  ,  ,  ,  ,  ,  ,  ,  ,  ,  ,  ,  ,  ,  ,  ,  ,  ,  ,  ,  ,  ,  ,  ,  ,  ,  ,  ,  ,  ,  ,  ,  ,  ,  ,  ,  ,  ,  ,  ,  ,  ,  ,  ,  ,  ,  ,  ,  ,  ,  ,  ,  ,  ,  ,  ,  ,  ,  ,  ,  ,  ,  ,  ,  ,  ,  ,  ,  ,  ,  ,  ,  ,  ,  ,  ,  ,  ,  ,  ,  ,  ,  ,  ,  ,  ,  ,  ,  ,  ,  ,  ,  ,  ,  ,  ,  ,  ,  ,  ,  ,  ,  ,  ,  ,  ,  ,  ,  ,  ,  ,  ,  ,  ,  ,  ,  ,  ,  ,  ,  ,  ,  ,  ,  ,  ,  ,  ,  ,  ,  ,  ,  ,  ,  ,  ,  ,  ,  ,  ,  ,  ,  ,  ,  ,  ,  ,  ,  ,  ,  ,  ,  ,  ,  ,  ,  ,  ,  ,  ,  ,  ,  ,  ,  ,  ,  ,  ,  ,  ,  ,  ,  ,  ,  ,  ,  ,  ,  ,  ,  ,  ,  ,  ,  ,  ,  ,  ,  ,  ,  ,  ,  ,  ,  ,  ,  ,  ,  ,  ,  ,  ,  ,  ,  ,  ,  ,  ,  ,  ,  ,  ,  ,  ,  ,  , 0+0:0:0:0:0
G mixolydian (1#),  ,  ,  ,  ,  ,  ,  ,  ,  ,  ,  ,  ,  ,  ,  ,  ,  ,  ,  ,  ,  ,  ,  ,  ,  ,  ,  ,  ,  ,  ,  ,  ,  ,  ,  ,  ,  ,  ,  ,  ,  ,  ,  ,  ,  ,  ,  ,  ,  ,  ,  ,  ,  ,  ,  ,  ,  ,  ,  ,  ,  ,  ,  ,  ,  ,  ,  ,  ,  ,  ,  ,  ,  ,  ,  ,  ,  ,  ,  ,  ,  ,  ,  ,  ,  ,  ,  ,  ,  ,  ,  ,  ,  ,  ,  ,  ,  ,  ,  ,  ,  ,  ,  ,  ,  ,  ,  ,  ,  ,  ,  ,  ,  ,  ,  ,  ,  ,  ,  ,  ,  ,  ,  ,  ,  ,  ,  ,  ,  ,  ,  ,  ,  ,  ,  ,  ,  ,  ,  ,  ,  ,  ,  ,  ,  ,  ,  ,  ,  ,  ,  ,  ,  ,  ,  ,  ,  ,  ,  ,  ,  ,  ,  ,  ,  ,  ,  ,  ,  ,  ,  ,  ,  ,  ,  ,  ,  ,  ,  ,  ,  ,  ,  ,  ,  ,  ,  ,  ,  ,  ,  ,  ,  ,  ,  ,  ,  ,  ,  ,  ,  ,  ,  ,  ,  ,  ,  ,  ,  ,  ,  ,  ,  ,  ,  ,  ,  ,  ,  ,  ,  ,  ,  ,  ,  ,  ,  ,  ,  ,  ,  ,  ,  ,  ,  ,  ,  ,  ,  ,  ,  ,  ,  ,  ,  ,  ,  ,  ,  ,  ,  ,  ,  ,  ,  ,  ,  ,  ,  ,  ,  ,  ,  ,  ,  ,  ,  ,  ,  ,  ,  ,  ,  ,  ,  ,  ,  ,  ,  ,  ,  ,  ,  ,  ,  ,  ,  ,  ,  ,  ,  ,  ,  ,  ,  ,  ,  ,  ,  ,  ,  ,  ,  ,  ,  ,  ,  ,  ,  ,  ,  ,  ,  ,  ,  ,  ,  ,  ,  ,  ,  ,  ,  ,  ,  ,  ,  ,  ,  ,  ,  ,  ,  ,  ,  ,  ,  ,  ,  ,  ,  ,  ,  ,  ,  ,  ,  ,  ,  ,  ,  ,  ,  ,  ,  ,  , 0+0:0:0:0:0
F aeolian (1b),  ,  ,  ,  ,  ,  ,  ,  ,  ,  ,  ,  ,  ,  ,  ,  ,  ,  ,  ,  ,  ,  ,  ,  ,  ,  ,  ,  ,  ,  ,  ,  ,  ,  ,  ,  ,  ,  ,  ,  ,  ,  ,  ,  ,  ,  ,  ,  ,  ,  ,  ,  ,  ,  ,  ,  ,  ,  ,  ,  ,  ,  ,  ,  ,  ,  ,  ,  ,  ,  ,  ,  ,  ,  ,  ,  ,  ,  ,  ,  ,  ,  ,  ,  ,  ,  ,  ,  ,  ,  ,  ,  ,  ,  ,  ,  ,  ,  ,  ,  ,  ,  ,  ,  ,  ,  ,  ,  ,  ,  ,  ,  ,  ,  ,  ,  ,  ,  ,  ,  ,  ,  ,  ,  ,  ,  ,  ,  ,  ,  ,  ,  ,  ,  ,  ,  ,  ,  ,  ,  ,  ,  ,  ,  ,  ,  ,  ,  ,  ,  ,  ,  ,  ,  ,  ,  ,  ,  ,  ,  ,  ,  ,  ,  ,  ,  ,  ,  ,  ,  ,  ,  ,  ,  ,  ,  ,  ,  ,  ,  ,  ,  ,  ,  ,  ,  ,  ,  ,  ,  ,  ,  ,  ,  ,  ,  ,  ,  ,  ,  ,  ,  ,  ,  ,  ,  ,  ,  ,  ,  ,  ,  ,  ,  ,  ,  ,  ,  ,  ,  ,  ,  ,  ,  ,  ,  ,  ,  ,  ,  ,  ,  ,  ,  ,  ,  ,  ,  ,  ,  ,  ,  ,  ,  ,  ,  ,  ,  ,  ,  ,  ,  ,  ,  ,  ,  ,  ,  ,  ,  ,  ,  ,  ,  ,  ,  ,  ,  ,  ,  ,  ,  ,  ,  ,  ,  ,  ,  ,  ,  ,  ,  ,  ,  ,  ,  ,  ,  ,  ,  ,  ,  ,  ,  ,  ,  ,  ,  ,  ,  ,  ,  ,  ,  ,  ,  ,  ,  ,  ,  ,  ,  ,  ,  ,  ,  ,  ,  ,  ,  ,  ,  ,  ,  ,  ,  ,  ,  ,  ,  ,  ,  ,  ,  ,  ,  ,  ,  ,  ,  ,  ,  ,  ,  ,  ,  ,  ,  ,  ,  ,  ,  ,  ,  ,  ,  , 0+0:0:0:0:0
G aeolian (1#),  ,  ,  ,  ,  ,  ,  ,  ,  ,  ,  ,  ,  ,  ,  ,  ,  ,  ,  ,  ,  ,  ,  ,  ,  ,  ,  ,  ,  ,  ,  ,  ,  ,  ,  ,  ,  ,  ,  ,  ,  ,  ,  ,  ,  ,  ,  ,  ,  ,  ,  ,  ,  ,  ,  ,  ,  ,  ,  ,  ,  ,  ,  ,  ,  ,  ,  ,  ,  ,  ,  ,  ,  ,  ,  ,  ,  ,  ,  ,  ,  ,  ,  ,  ,  ,  ,  ,  ,  ,  ,  ,  ,  ,  ,  ,  ,  ,  ,  ,  ,  ,  ,  ,  ,  ,  ,  ,  ,  ,  ,  ,  ,  ,  ,  ,  ,  ,  ,  ,  ,  ,  ,  ,  ,  ,  ,  ,  ,  ,  ,  ,  ,  ,  ,  ,  ,  ,  ,  ,  ,  ,  ,  ,  ,  ,  ,  ,  ,  ,  ,  ,  ,  ,  ,  ,  ,  ,  ,  ,  ,  ,  ,  ,  ,  ,  ,  ,  ,  ,  ,  ,  ,  ,  ,  ,  ,  ,  ,  ,  ,  ,  ,  ,  ,  ,  ,  ,  ,  ,  ,  ,  ,  ,  ,  ,  ,  ,  ,  ,  ,  ,  ,  ,  ,  ,  ,  ,  ,  ,  ,  ,  ,  ,  ,  ,  ,  ,  ,  ,  ,  ,  ,  ,  ,  ,  ,  ,  ,  ,  ,  ,  ,  ,  ,  ,  ,  ,  ,  ,  ,  ,  ,  ,  ,  ,  ,  ,  ,  ,  ,  ,  ,  ,  ,  ,  ,  ,  ,  ,  ,  ,  ,  ,  ,  ,  ,  ,  ,  ,  ,  ,  ,  ,  ,  ,  ,  ,  ,  ,  ,  ,  ,  ,  ,  ,  ,  ,  ,  ,  ,  ,  ,  ,  ,  ,  ,  ,  ,  ,  ,  ,  ,  ,  ,  ,  ,  ,  ,  ,  ,  ,  ,  ,  ,  ,  ,  ,  ,  ,  ,  ,  ,  ,  ,  ,  ,  ,  ,  ,  ,  ,  ,  ,  ,  ,  ,  ,  ,  ,  ,  ,  ,  ,  ,  ,  ,  ,  ,  ,  ,  ,  ,  ,  ,  ,  , 0+0:0:0:0:0
F locrian (1b),  ,  ,  ,  ,  ,  ,  ,  ,  ,  ,  ,  ,  ,  ,  ,  ,  ,  ,  ,  ,  ,  ,  ,  ,  ,  ,  ,  ,  ,  ,  ,  ,  ,  ,  ,  ,  ,  ,  ,  ,  ,  ,  ,  ,  ,  ,  ,  ,  ,  ,  ,  ,  ,  ,  ,  ,  ,  ,  ,  ,  ,  ,  ,  ,  ,  ,  ,  ,  ,  ,  ,  ,  ,  ,  ,  ,  ,  ,  ,  ,  ,  ,  ,  ,  ,  ,  ,  ,  ,  ,  ,  ,  ,  ,  ,  ,  ,  ,  ,  ,  ,  ,  ,  ,  ,  ,  ,  ,  ,  ,  ,  ,  ,  ,  ,  ,  ,  ,  ,  ,  ,  ,  ,  ,  ,  ,  ,  ,  ,  ,  ,  ,  ,  ,  ,  ,  ,  ,  ,  ,  ,  ,  ,  ,  ,  ,  ,  ,  ,  ,  ,  ,  ,  ,  ,  ,  ,  ,  ,  ,  ,  ,  ,  ,  ,  ,  ,  ,  ,  ,  ,  ,  ,  ,  ,  ,  ,  ,  ,  ,  ,  ,  ,  ,  ,  ,  ,  ,  ,  ,  ,  ,  ,  ,  ,  ,  ,  ,  ,  ,  ,  ,  ,  ,  ,  ,  ,  ,  ,  ,  ,  ,  ,  ,  ,  ,  ,  ,  ,  ,  ,  ,  ,  ,  ,  ,  ,  ,  ,  ,  ,  ,  ,  ,  ,  ,  ,  ,  ,  ,  ,  ,  ,  ,  ,  ,  ,  ,  ,  ,  ,  ,  ,  ,  ,  ,  ,  ,  ,  ,  ,  ,  ,  ,  ,  ,  ,  ,  ,  ,  ,  ,  ,  ,  ,  ,  ,  ,  ,  ,  ,  ,  ,  ,  ,  ,  ,  ,  ,  ,  ,  ,  ,  ,  ,  ,  ,  ,  ,  ,  ,  ,  ,  ,  ,  ,  ,  ,  ,  ,  ,  ,  ,  ,  ,  ,  ,  ,  ,  ,  ,  ,  ,  ,  ,  ,  ,  ,  ,  ,  ,  ,  ,  ,  ,  ,  ,  ,  ,  ,  ,  ,  ,  ,  ,  ,  ,  ,  ,  ,  ,  ,  ,  ,  ,  , 0+0:0:0:0:0
G locrian (1#),  ,  ,  ,  ,  ,  ,  ,  ,  ,  ,  ,  ,  ,  ,  ,  ,  ,  ,  ,  ,  ,  ,  ,  ,  ,  ,  ,  ,  ,  ,  ,  ,  ,  ,  ,  ,  ,  ,  ,  ,  ,  ,  ,  ,  ,  ,  ,  ,  ,  ,  ,  ,  ,  ,  ,  ,  ,  ,  ,  ,  ,  ,  ,  ,  ,  ,  ,  ,  ,  ,  ,  ,  ,  ,  ,  ,  ,  ,  ,  ,  ,  ,  ,  ,  ,  ,  ,  ,  ,  ,  ,  ,  ,  ,  ,  ,  ,  ,  ,  ,  ,  ,  ,  ,  ,  ,  ,  ,  ,  ,  ,  ,  ,  ,  ,  ,  ,  ,  ,  ,  ,  ,  ,  ,  ,  ,  ,  ,  ,  ,  ,  ,  ,  ,  ,  ,  ,  ,  ,  ,  ,  ,  ,  ,  ,  ,  ,  ,  ,  ,  ,  ,  ,  ,  ,  ,  ,  ,  ,  ,  ,  ,  ,  ,  ,  ,  ,  ,  ,  ,  ,  ,  ,  ,  ,  ,  ,  ,  ,  ,  ,  ,  ,  ,  ,  ,  ,  ,  ,  ,  ,  ,  ,  ,  ,  ,  ,  ,  ,  ,  ,  ,  ,  ,  ,  ,  ,  ,  ,  ,  ,  ,  ,  ,  ,  ,  ,  ,  ,  ,  ,  ,  ,  ,  ,  ,  ,  ,  ,  ,  ,  ,  ,  ,  ,  ,  ,  ,  ,  ,  ,  ,  ,  ,  ,  ,  ,  ,  ,  ,  ,  ,  ,  ,  ,  ,  ,  ,  ,  ,  ,  ,  ,  ,  ,  ,  ,  ,  ,  ,  ,  ,  ,  ,  ,  ,  ,  ,  ,  ,  ,  ,  ,  ,  ,  ,  ,  ,  ,  ,  ,  ,  ,  ,  ,  ,  ,  ,  ,  ,  ,  ,  ,  ,  ,  ,  ,  ,  ,  ,  ,  ,  ,  ,  ,  ,  ,  ,  ,  ,  ,  ,  ,  ,  ,  ,  ,  ,  ,  ,  ,  ,  ,  ,  ,  ,  ,  ,  ,  ,  ,  ,  ,  ,  ,  ,  ,  ,  ,  ,  ,  ,  ,  ,  ,  , 0+0:0:0:0:0
Bb major (2b), 3+1:0:0:0:0, 2+0:0:0:0:0, 4+2:0:0:0:1, 1+0:0:0:0:0, 1+0:0:0:0:0, 4+1:0:0:0:0, 4+1:0:0:0:0, 2+1:0:0:0:0, 3+1:0:0:0:0, 2+0:0:0:0:0, 4+2:0:0:0:1, 1+0:0:0:0:0, 1+0:0:0:0:0, 4+1:0:0:0:0, 2+1:0:0:0:1, 0+0:0:0:0:0, 2+0:0:0:0:0, 3+1:0:0:0:0, 2+2:0:0:0:0,  , 2+0:0:0:0:0, 1+0:0:0:0:0, 1+0:0:0:0:0, 0+0:0:0:0:0, 3+1:0:0:0:0, 2+0:0:0:0:0, 4+2:0:0:0:1, 1+0:0:0:0:0, 1+0:0:0:0:0, 4+1:0:0:0:0, 2+1:0:0:0:1, 0+0:0:0:0:0, 2+1:0:0:0:0, 2+0:0:0:0:0, 4+2:0:0:0:1, 1+0:0:0:0:0, 1+0:0:0:0:0, 1+1:0:0:0:0, 3+1:0:0:0:0, 1+0:0:0:0:0, 2+1:1:0:0:1, 2+0:0:0:0:0, 5+3:0:0:0:2, 3+2:0:0:0:0, 1+0:0:0:0:0, 1+1:0:0:0:0, 2+1:0:0:0:0, 1+1:0:0:0:0, 3+1:0:0:0:0, 4+1:0:0:0:1, 6+2:0:0:0:0, 2+1:0:0:0:0, 4+1:0:0:0:0, 1+0:0:0:0:0, 1+0:0:0:0:0, 1+0:0:0:0:0, 3+1:0:0:0:0, 1+0:0:0:0:0, 4+2:0:0:0:1, 2+0:0:0:0:0, 2+1:0:0:0:0, 2+3:0:0:0:0, 3+1:0:0:0:0, 1+0:0:0:0:0, 2+1:1:0:0:1, 1+1:0:0:0:0, 6+3:0:0:0:1, 3+2:0:0:0:0, 3+2:0:0:0:0, 2+2:1:0:0:0, 6+3:0:0:0:2, 1+0:0:0:0:0, 4+1:0:0:0:0, 1+0:0:0:0:0, 5+2:0:0:0:1, 1+0:0:0:0:0, 2+1:1:0:0:1, 2+2:0:0:0:0, 3+2:0:0:0:0, 1+0:0:0:0:0, 5+2:0:0:0:0, 4+2:0:0:0:0, 3+3:0:0:0:1, 2+1:0:0:0:1, 3+2:0:0:0:2, 2+1:0:0:0:0, 2+0:0:0:0:0, 0+0:0:0:0:0, 3+1:1:0:0:1, 1+1:0:0:0:0, 7+4:0:0:0:2, 1+2:0:0:0:0, 2+1:0:0:0:0, 1+1:0:0:0:0, 3+1:0:0:0:0, 1+0:0:0:0:0, 3+1:0:0:0:0, 1+0:0:0:0:0, 5+2:0:0:0:1, 1+0:0:0:0:0, 1+0:0:0:0:0, 1+1:0:0:0:0, 4+1:0:0:0:0, 1+0:0:0:0:0, 3+2:0:0:0:1, 3+1:0:0:0:0, 6+2:0:0:0:1, 2+1:0:0:0:0, 1+0:0:0:0:0, 2+4:0:0:0:0, 2+0:0:0:0:0,  , 4+0:0:0:0:0, 4+1:0:0:0:0, 3+2:0:0:0:0,  , 3+1:0:0:0:0, 2+0:0:0:0:0, 2+1:0:0:0:1, 1+2:0:0:0:0, 2+1:0:0:0:0, 1+1:0:0:0:0, 4+2:0:0:0:1, 2+0:0:0:0:0, 2+1:1:0:0:0, 1+1:0:0:0:0, 4+3:0:0:0:3, 4+3:0:0:0:0, 2+1:0:0:0:0, 1+0:0:0:0:0, 5+3:0:0:0:2, 1+0:0:0:0:0, 2+1:0:0:0:0, 3+4:0:0:0:0, 5+4:0:0:0:3, 3+1:0:0:0:0, 2+3:0:0:0:0, 3+1:0:0:0:0, 6+3:1:0:0:0, 3+2:0:0:0:0, 1+0:0:0:0:0, 1+1:0:0:0:0, 2+0:0:0:0:0, 2+0:0:0:0:0, 3+2:0:0:0:0, 4+2:0:0:0:2, 4+2:0:0:0:0, 1+0:0:0:0:0, 3+1:0:1:0:1, 1+0:0:0:0:0, 2+0:0:0:0:0, 1+0:0:0:0:0, 2+1:0:0:0:0, 1+0:0:0:0:0, 4+4:0:0:0:2, 3+1:0:0:0:0, 1+0:0:0:0:0, 4+3:0:0:0:0, 6+3:0:0:0:2, 1+0:0:0:0:0, 2+1:0:0:0:0, 1+0:0:0:0:0, 4+3:0:0:0:2, 3+1:0:0:0:0, 2+1:0:0:0:0, 2+5:0:0:0:0, 5+2:0:0:0:1, 2+0:0:0:0:0, 3+1:0:0:0:0, 2+1:0:0:0:0, 5+2:0:0:0:1, 3+1:0:0:0:0, 1+0:0:0:0:0, 1+1:1:0:0:1, 3+2:0:0:0:0, 1+1:0:0:0:0, 4+1:0:0:0:0, 7+3:0:0:0:0, 5+1:0:0:0:1, 3+1:1:0:0:1, 3+0:0:0:0:0, 1+0:0:0:0:0, 1+0:0:0:0:0, 2+0:0:0:0:0, 2+1:0:0:0:0, 1+0:0:0:0:0, 4+2:0:0:0:1, 2+1:0:0:0:0, 4+3:1:0:0:1, 2+2:0:0:0:0, 4+3:0:0:0:2, 1+0:0:0:0:0, 2+1:0:0:0:1, 1+0:0:0:0:0, 4+2:0:0:0:1, 1+0:0:0:0:0, 1+0:0:0:0:0, 1+1:0:0:0:0, 5+1:0:0:0:0, 2+0:0:0:0:0, 3+1:0:0:0:0, 1+0:0:0:0:0, 6+4:2:0:0:0, 1+0:0:0:0:0, 5+2:0:0:0:0, 1+2:2:0:0:2, 2+1:0:0:0:1, 0+0:0:0:0:0, 3+0:0:0:0:0, 4+1:0:0:0:0, 3+3:0:0:0:2, 0+2:0:0:0:0, 1+0:0:0:0:0, 1+0:0:0:0:0, 2+3:0:0:0:0, 2+2:0:0:0:0, 3+1:0:0:0:1, 2+1:0:0:0:0, 7+4:0:0:0:1, 5+2:0:0:0:0, 1+0:0:0:0:0, 2+1:0:0:0:0, 6+2:0:0:0:0, 2+0:0:0:0:0, 2+1:0:0:0:0, 1+0:0:0:0:0, 4+2:0:0:0:1, 2+1:0:0:0:0, 1+0:0:0:0:0, 4+2:0:0:0:0, 5+2:0:0:0:0, 1+0:0:0:0:0, 2+1:0:0:0:0, 2+1:0:0:0:1, 4+4:0:0:0:3, 4+2:0:0:0:0, 3+1:0:0:0:0, 2+4:0:0:0:0, 2+1:0:0:0:0, 1+1:0:0:0:0, 3+1:0:0:0:0, 4+3:0:0:0:0, 3+2:0:0:0:0, 1+0:0:0:0:0, 4+1:0:0:0:0, 3+1:1:0:0:1, 5+3:0:0:0:1, 5+3:0:0:0:1, 3+1:0:0:0:0, 1+0:0:0:0:0, 5+2:0:0:0:1, 1+0:0:0:0:0, 3+0:0:0:0:0, 1+2:0:0:0:0, 3+1:0:0:0:0, 3+1:0:0:0:0, 3+1:0:0:0:0, 1+1:0:0:0:0, 4+2:0:0:0:1, 2+1:0:0:0:0, 4+3:1:0:0:1, 2+2:0:0:0:0, 4+3:0:0:0:2, 3+1:0:0:0:0, 2+3:0:0:0:0, 4+2:0:0:0:0, 4+4:0:0:0:2, 3+1:0:0:0:0, 1+0:0:0:0:0, 2+1:1:0:0:1, 2+1:0:0:0:0, 2+1:0:0:0:0, 4+1:0:0:0:0, 3+2:0:0:0:0, 2+2:0:0:0:0, 2+0:0:0:0:0, 2+0:0:0:0:0, 2+0:0:0:0:0, 1+0:0:0:0:0, 1+0:0:0:0:0, 3+1:0:0:0:0, 2+0:0:0:0:0, 5+2:1:0:0:0, 1+0:0:0:0:0, 3+2:0:0:0:0, 2+1:0:0:0:0, 5+2:0:0:0:1, 3+2:0:0:0:0, 3+1:0:0:0:0, 1+0:0:0:0:0, 5+2:0:0:0:1, 1+0:0:0:0:0, 1+0:0:0:0:0, 1+1:0:0:0:0, 4+1:0:0:0:0, 1+0:0:0:0:0, 2+1:0:0:0:0, 3+2:0:0:0:0, 5+2:0:0:0:1, 3+1:0:0:0:0, 1+0:0:0:0:0, 2+1:1:0:0:1, 3+2:0:0:0:1, 1+0:0:0:0:0, 3+1:1:0:0:0, 4+1:0:0:0:0, 4+1:0:0:0:1, 2+1:0:0:0:0, 3+1:1:0:0:1, 2+0:0:0:0:0, 1+0:0:0:0:0, 2+0:0:0:0:0, 3+1:0:0:0:0, 2+1:0:0:0:0, 6+3:0:0:0:1, 2+1:0:0:0:0, 5+4:0:0:0:0, 2+2:0:0:0:0, 4+1:0:0:0:1, 5+2:0:0:0:0, 3+1:0:0:0:0, 1+0:0:0:0:0, 4+2:0:0:0:1, 1+0:0:0:0:0, 2+1:0:0:0:0, 3+2:1:1:0:2, 5+2:0:0:0:0, 1+0:0:0:0:0, 2+1:0:0:0:0, 2+1:0:0:0:0, 4+3:0:0:0:2, 3+1:0:0:0:0, 1+0:0:0:0:0, 3+2:0:0:0:0, 2+1:0:0:0:0, 2+1:0:0:0:0, 5+2:0:0:0:2, 3+2:0:0:0:0, 4+1:0:0:0:0, 2+1:1:0:0:0, 4+1:0:0:0:1, 3+2:0:0:0:0, 1+3:0:0:0:0, 4+3:0:1:0:1, 2+1:0:0:0:1, 1+1:0:0:0:0, 5+2:0:0:0:1, 1+1:0:0:0:0, 1+0:0:0:0:0, 1+1:0:0:0:0, 5+3:0:0:0:2, 4+2:0:0:0:0, 2+1:1:0:0:0, 1+0:0:0:0:0, 1+0:0:0:0:0, 1+0:0:0:0:0, 894+410:24:3:0:102
D major (2#), 3+1:0:0:0:0, 2+0:0:0:0:0, 4+2:0:0:0:1, 2+2:0:0:0:0, 2+3:0:0:0:0, 4+2:0:0:0:0, 1+1:0:0:0:0, 4+1:0:0:0:0, 3+1:0:0:0:0, 2+0:0:0:0:0, 4+2:0:0:0:1, 2+0:0:0:0:0, 2+0:0:0:0:0, 4+1:0:0:0:0, 2+1:0:0:0:1, 2+0:0:0:0:0, 0+0:0:0:0:0, 1+0:0:0:0:0, 0+0:0:0:0:0,  , 1+0:0:0:0:0, 1+0:0:0:0:0, 1+0:0:0:0:0, 0+0:0:0:0:0, 3+1:0:0:0:0, 2+0:0:0:0:0, 4+2:0:0:0:1, 2+0:0:0:0:0, 2+0:0:0:0:0, 4+1:0:0:0:0, 2+1:0:0:0:1, 2+0:0:0:0:0, 2+1:0:0:0:0, 2+2:0:0:0:0, 1+1:1:0:0:0, 2+2:0:0:0:0, 2+3:0:0:0:0, 3+2:0:0:0:0, 2+2:0:0:0:0, 2+1:0:0:0:0, 3+1:0:0:0:0, 2+1:0:0:0:0, 2+2:1:0:0:1, 4+2:0:0:0:0, 2+1:0:0:0:0, 3+1:0:0:0:0, 2+1:0:0:0:0, 1+1:0:0:0:0, 1+0:0:0:0:0, 3+4:0:0:0:0, 2+1:0:0:0:0, 1+1:0:0:0:0, 3+1:0:0:0:0, 1+0:0:0:0:0, 1+0:0:0:0:0, 0+0:0:0:0:0, 2+1:0:0:0:0, 2+2:0:0:0:0, 1+1:1:0:0:0, 2+2:0:0:0:0, 3+3:0:0:0:0, 4+3:0:0:0:1, 0+0:0:0:0:0, 2+1:0:0:0:0, 3+1:0:0:0:0, 4+2:0:0:0:0, 2+2:1:1:0:1, 4+4:0:0:0:0, 4+2:0:0:0:0, 5+2:1:0:0:0, 3+4:0:2:0:4, 2+0:0:0:0:0, 3+1:0:0:0:0, 2+2:0:0:0:0, 2+1:1:0:0:0, 2+1:0:0:0:0, 3+5:1:0:0:1, 3+4:0:0:0:0, 4+4:0:0:0:1, 0+0:0:0:0:0, 2+2:0:1:0:1, 2+1:0:0:0:0, 1+2:0:0:0:0, 2+3:2:0:0:1, 3+2:0:0:0:0, 1+0:0:0:0:0, 1+2:0:0:0:1, 0+0:0:0:0:0, 4+2:0:0:0:0, 2+1:0:0:0:0, 4+3:1:0:0:0, 2+1:0:0:0:0, 3+2:0:0:0:0, 4+1:0:0:0:0, 0+0:0:0:0:0, 2+0:0:0:0:0, 3+1:0:0:0:0, 2+2:0:0:0:0, 2+3:1:0:0:0, 2+1:0:0:0:0, 2+2:0:0:0:0, 3+1:0:0:0:0, 1+2:0:2:0:2, 2+0:0:0:0:0, 3+2:0:0:0:1, 3+1:0:0:0:0, 5+2:0:0:0:1, 3+1:0:0:0:0, 3+0:0:0:0:0, 4+4:0:0:0:0, 1+0:0:0:0:0,  , 0+0:0:0:0:0, 1+0:0:0:0:0, 0+0:0:0:0:0,  , 3+1:0:0:0:0, 0+0:0:0:0:0, 3+2:0:0:0:1, 3+2:0:0:0:0, 2+1:0:0:0:0, 3+3:0:0:0:0, 1+1:1:0:0:0, 2+0:0:0:0:0, 2+1:1:0:0:0, 3+1:0:0:0:0, 4+3:0:0:0:3, 4+3:0:0:0:2, 2+1:0:0:0:0, 2+2:0:0:0:0, 2+3:1:0:0:0, 2+1:0:0:0:0, 4+2:0:0:0:1, 5+4:0:0:0:0, 2+2:1:0:0:1, 3+1:0:0:0:0, 2+3:0:0:0:0, 3+4:0:0:0:0, 2+2:1:0:0:0, 5+3:0:0:0:0, 3+2:0:0:0:0, 3+2:0:0:0:0, 1+0:0:0:0:0, 1+0:0:0:0:0, 1+0:0:0:0:0, 2+1:0:0:0:0, 0+0:0:0:0:0, 0+0:0:0:0:0, 3+1:0:0:0:0, 1+0:0:0:0:0, 1+0:0:0:0:0, 2+0:0:0:0:0, 2+1:0:0:0:0, 2+0:0:0:0:0, 2+4:0:0:0:2, 3+2:0:0:0:0, 2+3:0:0:0:0, 5+4:0:0:0:0, 5+6:0:0:0:0, 2+0:0:0:0:0, 2+1:0:0:0:0, 2+2:0:0:0:0, 1+1:1:0:0:0, 4+3:0:0:0:0, 4+4:0:0:0:1, 4+5:0:0:0:0, 4+5:0:0:0:0, 2+0:0:0:0:0, 3+1:0:0:0:0, 4+1:0:0:0:0, 5+2:0:0:0:1, 4+3:0:0:0:0, 2+2:0:0:0:0, 4+2:0:0:0:0, 4+2:1:0:0:1, 1+1:0:0:0:0, 1+0:0:0:0:0, 4+2:0:1:0:1, 2+1:0:0:0:1, 1+1:1:0:0:1, 1+0:0:0:0:0, 0+0:0:0:0:0, 2+0:0:0:0:0, 1+0:0:0:0:0, 2+1:0:0:0:0, 2+2:0:0:0:0, 1+1:1:0:0:0, 3+3:0:0:0:0, 4+4:2:0:0:2, 4+3:0:0:0:0, 2+7:0:0:0:0, 2+2:0:0:0:0, 3+4:0:0:0:0, 2+1:0:0:0:0, 2+5:0:0:0:0, 2+3:0:0:0:0, 3+1:0:0:0:0, 3+1:0:0:0:0, 1+1:0:0:0:0, 2+0:0:0:0:0, 2+1:0:0:0:0, 2+2:0:0:0:0, 2+3:2:0:0:0, 2+3:0:0:0:0, 6+6:0:0:0:0, 4+2:0:0:0:0, 3+1:0:0:0:1, 1+0:0:0:0:0, 0+0:0:0:0:0, 1+0:0:0:0:0, 1+2:0:0:0:2, 2+2:0:0:0:0, 1+1:0:0:0:0, 0+0:0:0:0:0, 2+6:0:0:0:2, 1+2:0:0:0:0, 3+3:0:0:0:0, 3+2:0:0:0:0, 5+6:0:0:0:0, 5+4:0:0:0:1, 2+2:0:0:0:0, 3+1:0:0:0:0, 2+2:0:0:0:0, 2+0:0:0:0:0, 2+1:0:0:0:0, 2+2:0:0:0:0, 1+1:1:0:0:0, 3+1:0:0:0:0, 3+3:0:0:0:0, 5+4:0:0:0:0, 3+2:0:0:0:0, 2+0:0:0:0:0, 2+1:0:0:0:0, 3+1:0:0:0:1, 3+4:0:0:0:3, 4+2:0:0:0:0, 5+1:0:0:0:0, 4+4:0:0:0:0, 1+0:0:0:0:0, 1+0:0:0:0:0, 1+0:0:0:0:0, 2+1:0:0:0:0, 0+0:0:0:0:0, 0+0:0:0:0:0, 2+1:0:0:0:0, 2+1:1:0:0:1, 6+5:0:0:0:1, 5+3:0:0:0:0, 3+2:0:0:0:0, 2+1:0:0:0:0, 4+4:0:0:0:0, 2+1:0:0:0:0, 4+2:0:0:0:1, 4+2:0:0:0:0, 2+1:0:0:0:0, 3+3:0:0:0:0, 3+2:0:0:0:0, 4+5:0:0:0:0, 3+4:0:0:0:0, 3+3:0:0:0:0, 4+4:2:0:0:2, 4+3:0:0:0:0, 2+6:0:0:0:0, 3+1:0:0:0:0, 2+3:0:0:0:0, 4+2:0:0:0:0, 2+4:0:0:0:2, 4+3:0:0:0:0, 3+1:0:0:0:0, 4+5:1:0:0:0, 2+3:0:0:0:0, 3+2:0:0:0:0, 1+0:0:0:0:0, 1+0:0:0:0:0, 0+0:0:0:0:0, 0+0:0:0:0:0, 1+0:0:0:0:0, 1+0:0:0:0:0, 1+0:0:0:0:0, 2+0:0:0:0:0, 2+1:0:0:0:0, 2+2:0:0:0:0, 1+1:1:0:0:0, 2+1:0:0:0:0, 4+3:1:0:0:1, 3+2:0:0:0:0, 5+5:0:0:0:0, 5+3:0:0:0:1, 3+1:0:0:0:0, 2+2:0:0:0:0, 2+3:1:0:0:0, 2+1:0:0:0:0, 2+3:0:0:0:0, 3+1:0:0:0:0, 1+2:0:2:0:2, 2+0:0:0:0:0, 2+1:0:0:0:0, 4+2:0:0:0:1, 3+2:0:0:0:1, 4+3:0:0:0:0, 3+2:0:0:0:0, 4+5:1:0:0:0, 4+5:0:0:0:0, 2+1:0:0:0:0, 1+1:0:0:0:0, 1+0:0:0:0:0, 2+2:0:0:0:0, 0+0:0:0:0:0, 2+1:1:0:0:1, 1+0:0:0:0:0, 2+0:0:0:0:0, 1+0:0:0:0:0, 3+1:0:0:0:0, 3+1:0:0:0:1, 6+3:0:0:0:1, 3+3:0:0:0:0, 5+5:1:0:0:1, 4+3:0:0:0:0, 2+2:0:0:0:0, 5+2:0:0:0:0, 3+1:0:0:0:0, 2+2:0:0:0:0, 1+1:1:0:0:0, 2+1:0:0:0:0, 4+2:0:0:0:0, 6+3:0:1:0:1, 3+2:0:0:0:0, 2+0:0:0:0:0, 2+1:0:0:0:0, 3+2:0:0:0:0, 1+1:1:0:0:0, 4+3:0:0:0:0, 3+2:0:0:0:0, 4+3:0:0:0:0, 4+2:0:0:0:1, 3+2:0:0:0:0, 2+1:0:0:0:1, 1+0:0:0:0:0, 1+1:0:0:0:0, 1+1:0:0:0:1, 3+3:0:0:0:1, 4+4:0:0:0:1, 3+2:0:0:0:0, 4+2:0:0:0:1, 2+2:0:0:0:0, 2+1:0:0:0:0, 2+2:1:0:0:0, 2+1:0:0:0:0, 2+3:0:0:0:0, 3+1:0:0:0:0, 3+2:0:0:0:1, 5+2:0:0:0:1, 2+1:1:0:0:0, 0+0:0:0:0:0, 0+0:0:0:0:0, 0+0:0:0:0:0, 850+584:39:10:0:75
G minor (2b), 3+1:0:0:0:0, 2+0:0:0:0:0, 4+2:0:0:0:1, 1+2:0:0:0:0, 1+3:0:0:0:0, 4+2:0:0:0:0, 4+1:0:0:0:0, 2+1:0:0:0:0, 3+1:0:0:0:0, 2+0:0:0:0:0, 4+2:0:0:0:1, 1+0:0:0:0:0, 1+0:0:0:0:0, 4+1:0:0:0:0, 2+1:0:0:0:1, 0+0:0:0:0:0, 2+0:0:0:0:0, 3+1:0:0:0:0, 2+0:0:0:0:0,  , 2+0:0:0:0:0, 1+0:0:0:0:0, 1+0:0:0:0:0, 0+0:0:0:0:0, 3+1:0:0:0:0, 2+0:0:0:0:0, 4+2:0:0:0:1, 1+0:0:0:0:0, 1+0:0:0:0:0, 4+1:0:0:0:0, 2+1:0:0:0:1, 0+0:0:0:0:0, 2+1:0:0:0:0, 2+2:0:0:0:0, 4+2:1:0:0:0, 1+1:0:0:0:0, 1+3:0:0:0:0, 1+2:0:0:0:0, 3+2:0:0:0:0, 1+1:0:0:0:0, 2+1:0:0:0:0, 2+1:0:0:0:0, 5+3:1:0:0:1, 3+3:0:0:0:0, 1+1:0:0:0:0, 1+3:0:0:0:0, 2+3:0:0:0:0, 2+0:0:0:0:0, 3+0:0:0:0:0, 4+4:0:0:0:0, 5+1:0:1:0:1, 2+1:0:0:0:0, 4+1:0:0:0:0, 1+0:0:0:0:0, 1+0:0:0:0:0, 1+0:0:0:0:0, 3+1:0:0:0:0, 1+2:0:0:0:0, 4+2:1:0:0:0, 2+1:0:0:0:0, 2+1:0:0:0:0, 2+3:0:0:0:0, 3+1:0:0:0:0, 1+1:0:0:0:0, 2+3:1:0:0:1, 1+1:0:0:0:0, 6+3:1:0:0:0, 3+2:0:0:0:0, 3+2:0:0:0:0, 2+2:1:0:0:0, 6+3:0:0:0:2, 1+0:0:0:0:0, 4+1:0:0:0:0, 1+2:0:0:0:0, 5+2:1:0:0:0, 1+1:0:0:0:0, 2+5:1:0:0:1, 2+2:0:0:0:0, 3+2:0:0:0:0, 1+1:0:0:0:0, 5+2:0:0:0:0, 4+2:0:0:0:0, 3+3:0:0:0:1, 2+1:0:0:0:1, 3+2:0:0:0:2, 2+1:0:0:0:0, 2+3:0:0:0:0, 0+0:0:0:0:0, 3+2:0:0:0:0, 1+1:0:0:0:0, 7+4:1:0:0:0, 1+2:0:0:0:0, 2+2:0:0:0:0, 1+1:0:0:0:0, 3+1:0:0:0:0, 1+0:0:0:0:0, 3+1:0:0:0:0, 1+2:0:0:0:0, 5+2:1:0:0:0, 1+1:0:0:0:0, 1+1:0:0:0:0, 1+1:0:0:0:0, 4+1:0:0:0:0, 1+0:0:0:0:0, 3+2:0:0:0:1, 3+1:0:0:0:0, 6+2:0:0:0:1, 2+1:0:0:0:0, 1+0:0:0:0:0, 2+4:0:0:0:0, 2+0:0:0:0:0,  , 4+0:0:0:0:0, 4+1:0:0:0:0, 3+0:0:0:0:0,  , 3+1:0:0:0:0, 2+0:0:0:0:0, 2+2:0:0:0:1, 1+2:0:0:0:0, 2+1:0:0:0:0, 1+3:0:0:0:0, 4+2:1:0:0:0, 2+0:0:0:0:0, 2+1:1:0:0:0, 1+1:0:0:0:0, 4+3:0:0:0:3, 4+3:0:0:0:0, 2+1:0:0:0:0, 1+2:0:0:0:0, 5+3:1:0:0:0, 1+1:0:0:0:0, 2+2:0:0:0:0, 3+4:0:0:0:0, 5+4:1:0:0:1, 3+1:0:0:0:0, 2+3:0:0:0:0, 3+4:0:0:0:0, 6+3:1:0:0:0, 3+4:0:0:0:0, 1+2:0:0:0:0, 1+2:0:0:0:0, 2+0:0:0:0:0, 2+0:0:0:0:0, 3+2:0:0:0:0, 4+2:0:0:0:2, 4+0:0:0:0:0, 1+0:0:0:0:0, 3+1:0:1:0:1, 1+0:0:0:0:0, 2+0:0:0:0:0, 1+0:0:0:0:0, 2+1:0:0:0:0, 1+0:0:0:0:0, 4+4:0:0:0:2, 3+2:0:0:0:0, 1+3:0:0:0:0, 4+4:0:0:0:0, 6+6:0:0:0:0, 1+0:0:0:0:0, 2+1:0:0:0:0, 1+2:0:0:0:0, 4+3:1:0:0:0, 3+3:0:0:0:0, 2+4:0:0:0:1, 2+5:0:0:0:0, 6+5:0:0:0:0, 2+0:0:0:0:0, 3+1:0:0:0:0, 2+1:0:0:0:0, 5+2:0:0:0:1, 3+3:0:0:0:0, 1+2:0:0:0:0, 1+2:0:0:0:0, 2+2:1:0:0:1, 1+1:0:0:0:0, 4+1:0:0:0:0, 7+2:0:0:0:0, 5+1:0:0:0:1, 3+1:1:0:0:1, 3+0:0:0:0:0, 1+0:0:0:0:0, 1+0:0:0:0:0, 2+0:0:0:0:0, 2+1:0:0:0:0, 1+2:0:0:0:0, 4+2:1:0:0:0, 2+2:0:0:0:0, 4+4:1:0:0:3, 2+3:0:0:0:0, 4+3:0:0:0:2, 1+2:0:0:0:0, 2+1:0:0:0:1, 1+2:0:0:0:0, 4+3:0:0:0:1, 1+1:0:0:0:0, 1+1:0:0:0:0, 1+1:0:0:0:0, 5+1:0:0:0:0, 2+0:0:0:0:0, 3+1:0:0:0:0, 1+2:0:0:0:0, 6+4:2:0:0:0, 1+2:0:0:0:0, 5+6:0:0:0:0, 1+2:0:0:0:0, 2+1:0:0:0:1, 0+0:0:0:0:0, 3+0:0:0:0:0, 4+1:0:0:0:0, 3+3:0:0:0:2, 0+2:0:0:0:0, 1+0:0:0:0:0, 1+0:0:0:0:0, 2+4:0:0:0:1, 3+0:0:0:0:0, 3+3:0:0:0:0, 2+2:0:0:0:0, 7+6:0:0:0:0, 5+4:0:0:0:1, 1+2:0:0:0:0, 2+1:0:0:0:0, 6+2:0:0:0:0, 2+0:0:0:0:0, 2+1:0:0:0:0, 1+2:0:0:0:0, 4+2:1:0:0:0, 2+2:0:0:0:0, 1+3:0:0:0:0, 4+4:0:0:0:0, 5+2:0:0:0:0, 1+0:0:0:0:0, 2+1:0:0:0:0, 2+1:0:0:0:1, 4+4:0:0:0:3, 4+2:0:0:0:0, 3+1:0:0:0:0, 2+4:0:0:0:0, 2+0:0:0:0:0, 1+0:0:0:0:0, 3+1:0:0:0:0, 4+3:0:0:0:0, 3+0:0:0:0:0, 1+0:0:0:0:0, 4+1:0:0:0:0, 3+1:1:0:0:1, 5+3:0:0:0:1, 5+3:0:0:0:1, 3+1:0:0:0:0, 1+2:0:0:0:0, 5+2:0:0:0:1, 1+2:0:0:0:0, 3+2:0:0:0:1, 1+2:0:0:0:0, 3+1:0:0:0:0, 3+1:0:0:0:0, 3+1:0:0:0:0, 1+5:0:0:0:0, 4+4:0:0:0:0, 2+3:0:0:0:0, 4+4:1:0:0:3, 2+3:0:0:0:1, 4+6:0:0:0:0, 3+1:0:0:0:0, 2+3:0:0:0:0, 4+2:0:0:0:0, 4+4:0:0:0:2, 3+3:0:0:0:0, 1+1:0:0:0:0, 2+5:1:0:0:0, 2+3:0:0:0:0, 2+2:0:0:0:0, 4+1:0:0:0:0, 3+2:0:0:0:0, 2+0:0:0:0:0, 2+0:0:0:0:0, 2+0:0:0:0:0, 2+0:0:0:0:0, 1+0:0:0:0:0, 1+0:0:0:0:0, 3+1:0:0:0:0, 2+2:0:0:0:0, 5+2:1:0:0:0, 1+1:0:0:0:0, 3+3:0:0:0:2, 2+1:0:0:0:0, 5+3:0:0:0:1, 3+3:0:0:0:0, 3+1:0:0:0:0, 1+2:0:0:0:0, 5+2:1:0:0:0, 1+1:0:0:0:0, 1+1:0:0:0:0, 1+1:0:0:0:0, 4+1:0:0:0:0, 1+0:0:0:0:0, 2+1:0:0:0:0, 3+2:0:0:0:0, 5+2:0:0:0:1, 3+3:0:0:0:0, 1+2:0:0:0:0, 2+5:1:0:0:0, 3+5:0:0:0:0, 1+0:0:0:0:0, 3+1:1:0:0:0, 4+1:0:0:0:0, 4+1:0:0:0:1, 2+0:0:0:0:0, 3+1:1:0:0:1, 2+0:0:0:0:0, 1+0:0:0:0:0, 2+0:0:0:0:0, 3+1:0:0:0:0, 2+1:0:0:0:0, 6+3:0:0:0:1, 2+3:0:0:0:0, 5+5:0:0:0:2, 2+3:0:0:0:0, 4+2:0:0:0:0, 5+2:0:0:0:0, 3+1:0:0:0:0, 1+2:0:0:0:0, 4+2:1:0:0:0, 1+1:0:0:0:0, 3+2:0:0:0:0, 3+3:0:1:0:1, 5+2:0:0:0:0, 1+0:0:0:0:0, 2+1:0:0:0:0, 2+2:0:0:0:0, 4+3:1:0:0:0, 3+3:0:0:0:0, 1+2:0:0:0:0, 3+2:0:0:0:0, 2+3:0:0:0:0, 1+1:0:1:0:1, 5+2:0:0:0:1, 3+2:0:0:0:0, 4+1:0:0:0:0, 2+1:1:0:0:0, 4+1:0:0:0:1, 3+2:0:0:0:0, 1+2:0:0:0:0, 4+3:0:1:0:1, 2+1:0:0:0:0, 1+2:0:0:0:0, 5+2:1:0:0:0, 1+1:0:0:0:0, 1+1:0:0:0:0, 1+1:0:0:0:0, 5+3:0:0:0:1, 4+2:0:0:0:0, 2+1:1:0:0:0, 1+0:0:0:0:0, 1+0:0:0:0:0, 1+0:0:0:0:0, 895+583:36:5:0:74
B minor (2#), 3+3:0:0:0:0, 2+1:0:0:0:0, 4+4:0:0:0:0, 2+2:0:0:0:0, 2+3:0:0:0:0, 4+2:0:0:0:0, 1+4:0:0:0:0, 4+3:0:0:0:0, 3+3:0:0:0:0, 2+1:0:0:0:0, 4+4:0:0:0:0, 2+2:0:0:0:0, 2+3:0:0:0:0, 4+2:0:0:0:0, 2+2:0:0:0:0, 2+1:0:0:0:1, 0+1:0:0:0:0, 1+2:0:0:0:0, 0+1:0:0:0:0,  , 1+1:0:0:0:0, 1+1:0:0:0:0, 1+1:0:0:0:0, 0+0:0:0:0:0, 3+3:0:0:0:0, 2+1:0:0:0:0, 4+4:0:0:0:0, 2+2:0:0:0:0, 2+3:0:0:0:0, 4+2:0:0:0:0, 2+2:0:0:0:0, 2+1:0:0:0:1, 2+2:0:0:0:0, 2+2:0:0:0:0, 1+2:1:0:0:1, 2+2:0:0:0:0, 2+3:0:0:0:0, 3+2:0:0:0:0, 2+2:0:0:0:0, 2+1:0:0:0:0, 3+1:0:0:0:0, 2+2:0:0:0:0, 2+3:1:0:0:1, 4+2:0:0:0:0, 2+1:0:0:0:0, 3+3:0:0:0:0, 2+3:0:0:0:0, 1+0:0:0:0:0, 1+0:0:0:0:0, 4+4:0:0:0:0, 2+2:0:0:0:0, 1+1:0:0:0:1, 3+3:0:0:0:0, 1+0:0:0:0:0, 1+3:0:0:0:0, 0+0:0:0:0:0, 2+2:0:0:0:0, 2+1:0:0:0:0, 1+2:1:0:0:1, 2+2:0:0:0:0, 3+3:0:0:0:0, 4+5:0:0:0:0, 0+1:0:0:0:0, 2+1:0:0:0:0, 3+1:0:0:0:0, 4+2:0:0:0:0, 2+2:1:1:0:1, 4+4:0:0:0:0, 4+2:0:0:0:0, 5+4:0:0:0:1, 3+5:0:2:0:2, 2+1:0:0:0:0, 3+2:0:0:0:0, 2+2:0:0:0:0, 2+3:1:0:0:1, 2+1:0:0:0:0, 3+5:1:0:0:1, 3+4:0:0:0:0, 5+3:0:0:0:0, 0+0:0:0:0:0, 3+4:0:0:0:0, 2+2:0:0:0:0, 1+1:0:0:0:0, 4+3:0:0:0:0, 3+3:0:0:0:0, 1+0:0:0:0:0, 1+2:0:0:0:1, 0+0:0:0:0:0, 4+2:0:0:0:0, 2+1:0:0:0:0, 4+6:1:0:0:1, 2+1:0:0:0:0, 3+2:0:0:0:0, 4+4:0:0:0:2, 0+1:0:0:0:0, 2+1:0:0:0:0, 3+2:0:0:0:0, 2+1:0:0:0:0, 2+5:1:0:0:1, 2+1:0:0:0:0, 2+2:0:0:0:0, 3+3:0:0:0:0, 1+5:0:2:0:2, 2+1:0:0:0:0, 3+2:0:0:0:0, 3+2:0:0:0:0, 5+4:0:0:0:0, 3+3:0:0:0:0, 3+2:0:0:0:0, 4+4:0:0:0:0, 1+1:0:0:0:0,  , 0+1:0:0:0:0, 1+1:0:0:0:0, 0+1:0:0:0:0,  , 3+4:0:0:0:0, 0+0:0:0:0:0, 3+3:0:0:0:1, 2+5:0:0:0:0, 2+2:0:0:0:0, 3+2:0:0:0:0, 1+2:1:0:0:1, 2+1:0:0:0:0, 2+1:1:0:0:1, 3+3:0:0:0:0, 4+6:0:0:0:0, 4+5:0:0:0:3, 2+2:0:0:0:0, 2+2:0:0:0:0, 2+5:1:0:0:1, 2+1:0:0:0:0, 4+2:0:0:0:1, 6+6:0:0:0:0, 3+3:0:0:0:0, 3+2:0:0:0:0, 2+4:0:0:0:0, 3+2:0:0:0:0, 2+4:1:0:0:2, 5+3:0:0:0:0, 3+2:0:0:0:0, 3+2:0:0:0:0, 1+1:0:0:0:0, 1+1:0:0:0:0, 1+0:0:0:0:0, 2+3:0:0:0:1, 0+3:0:0:0:0, 0+0:0:0:0:0, 3+3:0:0:0:0, 1+1:0:0:0:0, 1+3:0:0:0:0, 2+0:0:0:0:0, 2+2:0:0:0:0, 2+1:0:0:0:0, 2+7:0:0:0:0, 3+2:0:0:0:0, 2+3:0:0:0:0, 5+4:0:0:0:0, 5+6:0:0:0:0, 2+1:0:0:0:0, 2+2:0:0:0:0, 2+1:0:0:0:0, 1+3:1:0:0:1, 4+3:0:0:0:0, 4+4:0:0:0:1, 4+5:0:0:0:0, 4+5:0:0:0:0, 2+2:0:0:0:0, 3+2:0:0:0:0, 4+2:0:0:0:0, 5+4:0:0:0:0, 4+3:0:0:0:0, 2+2:0:0:0:0, 4+3:0:0:0:0, 4+2:1:0:0:1, 1+0:0:0:0:0, 1+1:0:0:0:0, 4+3:0:0:0:0, 2+2:0:0:0:0, 1+1:1:0:0:1, 1+1:0:0:0:0, 0+1:0:0:0:0, 2+1:0:0:0:0, 1+0:0:0:0:0, 2+2:0:0:0:0, 2+1:0:0:0:0, 1+2:1:0:0:1, 3+3:0:0:0:0, 4+4:2:0:0:2, 4+3:0:0:0:0, 2+7:0:0:0:0, 2+2:0:0:0:0, 3+4:0:0:0:0, 2+1:0:0:0:0, 2+5:0:0:0:0, 2+3:0:0:0:0, 3+1:0:0:0:0, 3+2:0:0:0:0, 1+3:0:0:0:0, 2+1:0:0:0:0, 2+2:0:0:0:0, 2+1:0:0:0:0, 3+3:1:0:0:1, 2+3:0:0:0:0, 6+6:0:0:0:0, 4+5:0:0:0:0, 3+3:0:0:0:0, 1+0:0:0:0:0, 0+1:0:0:0:0, 1+1:0:0:0:0, 1+2:0:0:0:0, 2+2:0:0:0:2, 1+1:0:0:0:0, 0+0:0:0:0:0, 2+2:0:0:0:1, 1+0:0:0:0:0, 3+5:0:0:0:0, 3+2:0:0:0:0, 5+6:0:0:0:0, 5+4:0:0:0:1, 2+2:0:0:0:0, 3+3:0:0:0:0, 2+3:0:0:0:1, 2+2:0:0:0:0, 2+2:0:0:0:0, 2+1:0:0:0:0, 1+2:1:0:0:1, 3+1:0:0:0:0, 3+3:0:0:0:0, 5+4:0:0:0:0, 3+4:0:0:0:0, 2+2:0:0:0:0, 2+2:0:0:0:0, 3+2:0:0:0:1, 3+6:0:0:0:0, 4+3:0:0:0:0, 5+4:0:0:0:0, 4+5:0:0:0:0, 1+1:0:0:0:0, 1+1:0:0:0:0, 1+0:0:0:0:0, 2+2:0:0:0:0, 0+1:0:0:0:0, 0+0:0:0:0:0, 2+3:0:0:0:0, 2+1:1:0:0:1, 6+5:0:0:0:1, 5+3:0:0:0:0, 3+2:0:0:0:0, 2+1:0:0:0:0, 4+4:0:0:0:0, 2+1:0:0:0:0, 4+2:0:0:0:1, 4+3:0:0:0:0, 2+4:0:0:0:0, 3+3:0:0:0:0, 3+2:0:0:0:0, 4+5:0:0:0:0, 3+4:0:0:0:0, 3+3:0:0:0:0, 4+4:2:0:0:2, 4+3:0:0:0:0, 2+6:0:0:0:0, 3+2:0:0:0:0, 2+4:0:0:0:0, 4+3:0:0:0:0, 2+8:0:0:0:0, 4+3:0:0:0:0, 3+1:0:0:0:0, 4+5:1:0:0:0, 2+3:0:0:0:0, 3+2:0:0:0:0, 1+1:0:0:0:0, 1+3:0:0:0:0, 0+2:0:0:0:0, 0+0:0:0:0:0, 1+1:0:0:0:0, 1+0:0:0:0:0, 1+1:0:0:0:0, 2+1:0:0:0:0, 2+3:0:0:0:0, 2+4:0:0:0:0, 1+2:1:0:0:1, 2+1:0:0:0:0, 4+3:1:0:0:1, 3+2:0:0:0:0, 5+5:0:0:0:0, 5+3:0:0:0:1, 3+2:0:0:0:0, 2+1:0:0:0:0, 2+5:1:0:0:1, 2+1:0:0:0:0, 2+3:0:0:0:0, 3+2:0:0:0:0, 1+6:0:2:0:2, 2+1:0:0:0:0, 2+2:0:0:0:0, 4+2:0:0:0:0, 3+5:0:0:0:0, 4+3:0:0:0:0, 3+2:0:0:0:0, 4+5:1:0:0:0, 4+5:0:0:0:0, 2+1:0:0:0:0, 1+2:0:0:0:0, 1+2:0:0:0:0, 2+2:0:0:0:0, 0+0:0:0:0:0, 2+3:1:0:0:1, 1+1:0:0:0:0, 2+2:0:0:0:0, 1+1:0:0:0:0, 3+2:0:0:0:0, 3+2:0:0:0:0, 6+6:0:0:0:0, 3+3:0:0:0:0, 5+5:1:0:0:1, 4+3:0:0:0:0, 2+4:0:0:0:1, 5+4:0:0:0:1, 3+2:0:0:0:0, 2+1:0:0:0:0, 1+2:1:0:0:1, 2+1:0:0:0:0, 4+2:0:0:0:0, 7+5:0:0:0:0, 3+4:0:0:0:0, 2+1:0:0:0:0, 2+2:0:0:0:0, 3+2:0:0:0:0, 1+3:1:0:0:1, 4+3:0:0:0:0, 3+2:0:0:0:0, 4+3:0:0:0:0, 4+2:0:0:0:1, 3+3:0:0:0:0, 2+2:0:0:0:0, 1+3:0:0:0:0, 1+3:0:0:0:0, 1+1:0:0:0:0, 3+2:0:0:0:0, 4+2:0:0:0:0, 3+2:0:0:0:0, 4+2:0:0:0:1, 2+2:0:0:0:0, 2+1:0:0:0:0, 2+3:1:0:0:1, 2+1:0:0:0:0, 2+3:0:0:0:0, 3+2:0:0:0:0, 3+3:0:0:0:1, 5+4:0:0:0:0, 2+1:1:0:0:1, 0+0:0:0:0:0, 0+0:0:0:0:0, 0+0:0:0:0:0, 858+843:34:7:0:67
G minor mel (2b),  ,  ,  ,  ,  ,  ,  ,  ,  ,  ,  ,  ,  ,  ,  ,  ,  ,  ,  ,  ,  ,  ,  ,  ,  ,  ,  ,  ,  ,  ,  ,  ,  ,  ,  ,  ,  ,  ,  ,  ,  ,  ,  ,  ,  ,  ,  ,  ,  ,  ,  ,  ,  ,  ,  ,  ,  ,  ,  ,  ,  ,  ,  ,  ,  ,  ,  ,  ,  ,  ,  ,  ,  ,  ,  ,  ,  ,  ,  ,  ,  ,  ,  ,  ,  ,  ,  ,  ,  ,  ,  ,  ,  ,  ,  ,  ,  ,  ,  ,  ,  ,  ,  ,  ,  ,  ,  ,  ,  ,  ,  ,  ,  ,  ,  ,  ,  ,  ,  ,  ,  ,  ,  ,  ,  ,  ,  ,  ,  ,  ,  ,  ,  ,  ,  ,  ,  ,  ,  ,  ,  ,  ,  ,  ,  ,  ,  ,  ,  ,  ,  ,  ,  ,  ,  ,  ,  ,  ,  ,  ,  ,  ,  ,  ,  ,  ,  ,  ,  ,  ,  ,  ,  ,  ,  ,  ,  ,  ,  ,  ,  ,  ,  ,  ,  ,  ,  ,  ,  ,  ,  ,  ,  ,  ,  ,  ,  ,  ,  ,  ,  ,  ,  ,  ,  ,  ,  ,  ,  ,  ,  ,  ,  ,  ,  ,  ,  ,  ,  ,  ,  ,  ,  ,  ,  ,  ,  ,  ,  ,  ,  ,  ,  ,  ,  ,  ,  ,  ,  ,  ,  ,  ,  ,  ,  ,  ,  ,  ,  ,  ,  ,  ,  ,  ,  ,  ,  ,  ,  ,  ,  ,  ,  ,  ,  ,  ,  ,  ,  ,  ,  ,  ,  ,  ,  ,  ,  ,  ,  ,  ,  ,  ,  ,  ,  ,  ,  ,  ,  ,  ,  ,  ,  ,  ,  ,  ,  ,  ,  ,  ,  ,  ,  ,  ,  ,  ,  ,  ,  ,  ,  ,  ,  ,  ,  ,  ,  ,  ,  ,  ,  ,  ,  ,  ,  ,  ,  ,  ,  ,  ,  ,  ,  ,  ,  ,  ,  ,  ,  ,  ,  ,  ,  ,  ,  ,  ,  ,  ,  ,  ,  ,  ,  ,  ,  ,  , 0+0:0:0:0:0
B minor mel (2#),  ,  ,  ,  ,  ,  ,  ,  ,  ,  ,  ,  ,  ,  ,  ,  ,  ,  ,  ,  ,  ,  ,  ,  ,  ,  ,  ,  ,  ,  ,  ,  ,  ,  ,  ,  ,  ,  ,  ,  ,  ,  ,  ,  ,  ,  ,  ,  ,  ,  ,  ,  ,  ,  ,  ,  ,  ,  ,  ,  ,  ,  ,  ,  ,  ,  ,  ,  ,  ,  ,  ,  ,  ,  ,  ,  ,  ,  ,  ,  ,  ,  ,  ,  ,  ,  ,  ,  ,  ,  ,  ,  ,  ,  ,  ,  ,  ,  ,  ,  ,  ,  ,  ,  ,  ,  ,  ,  ,  ,  ,  ,  ,  ,  ,  ,  ,  ,  ,  ,  ,  ,  ,  ,  ,  ,  ,  ,  ,  ,  ,  ,  ,  ,  ,  ,  ,  ,  ,  ,  ,  ,  ,  ,  ,  ,  ,  ,  ,  ,  ,  ,  ,  ,  ,  ,  ,  ,  ,  ,  ,  ,  ,  ,  ,  ,  ,  ,  ,  ,  ,  ,  ,  ,  ,  ,  ,  ,  ,  ,  ,  ,  ,  ,  ,  ,  ,  ,  ,  ,  ,  ,  ,  ,  ,  ,  ,  ,  ,  ,  ,  ,  ,  ,  ,  ,  ,  ,  ,  ,  ,  ,  ,  ,  ,  ,  ,  ,  ,  ,  ,  ,  ,  ,  ,  ,  ,  ,  ,  ,  ,  ,  ,  ,  ,  ,  ,  ,  ,  ,  ,  ,  ,  ,  ,  ,  ,  ,  ,  ,  ,  ,  ,  ,  ,  ,  ,  ,  ,  ,  ,  ,  ,  ,  ,  ,  ,  ,  ,  ,  ,  ,  ,  ,  ,  ,  ,  ,  ,  ,  ,  ,  ,  ,  ,  ,  ,  ,  ,  ,  ,  ,  ,  ,  ,  ,  ,  ,  ,  ,  ,  ,  ,  ,  ,  ,  ,  ,  ,  ,  ,  ,  ,  ,  ,  ,  ,  ,  ,  ,  ,  ,  ,  ,  ,  ,  ,  ,  ,  ,  ,  ,  ,  ,  ,  ,  ,  ,  ,  ,  ,  ,  ,  ,  ,  ,  ,  ,  ,  ,  ,  ,  ,  ,  ,  ,  , 0+0:0:0:0:0
Bb major blues (2b),  ,  ,  ,  ,  ,  ,  ,  ,  ,  ,  ,  ,  ,  ,  ,  ,  ,  ,  ,  ,  ,  ,  ,  ,  ,  ,  ,  ,  ,  ,  ,  ,  ,  ,  ,  ,  ,  ,  ,  ,  ,  ,  ,  ,  ,  ,  ,  ,  ,  ,  ,  ,  ,  ,  ,  ,  ,  ,  ,  ,  ,  ,  ,  ,  ,  ,  ,  ,  ,  ,  ,  ,  ,  ,  ,  ,  ,  ,  ,  ,  ,  ,  ,  ,  ,  ,  ,  ,  ,  ,  ,  ,  ,  ,  ,  ,  ,  ,  ,  ,  ,  ,  ,  ,  ,  ,  ,  ,  ,  ,  ,  ,  ,  ,  ,  ,  ,  ,  ,  ,  ,  ,  ,  ,  ,  ,  ,  ,  ,  ,  ,  ,  ,  ,  ,  ,  ,  ,  ,  ,  ,  ,  ,  ,  ,  ,  ,  ,  ,  ,  ,  ,  ,  ,  ,  ,  ,  ,  ,  ,  ,  ,  ,  ,  ,  ,  ,  ,  ,  ,  ,  ,  ,  ,  ,  ,  ,  ,  ,  ,  ,  ,  ,  ,  ,  ,  ,  ,  ,  ,  ,  ,  ,  ,  ,  ,  ,  ,  ,  ,  ,  ,  ,  ,  ,  ,  ,  ,  ,  ,  ,  ,  ,  ,  ,  ,  ,  ,  ,  ,  ,  ,  ,  ,  ,  ,  ,  ,  ,  ,  ,  ,  ,  ,  ,  ,  ,  ,  ,  ,  ,  ,  ,  ,  ,  ,  ,  ,  ,  ,  ,  ,  ,  ,  ,  ,  ,  ,  ,  ,  ,  ,  ,  ,  ,  ,  ,  ,  ,  ,  ,  ,  ,  ,  ,  ,  ,  ,  ,  ,  ,  ,  ,  ,  ,  ,  ,  ,  ,  ,  ,  ,  ,  ,  ,  ,  ,  ,  ,  ,  ,  ,  ,  ,  ,  ,  ,  ,  ,  ,  ,  ,  ,  ,  ,  ,  ,  ,  ,  ,  ,  ,  ,  ,  ,  ,  ,  ,  ,  ,  ,  ,  ,  ,  ,  ,  ,  ,  ,  ,  ,  ,  ,  ,  ,  ,  ,  ,  ,  ,  ,  ,  ,  ,  ,  , 0+0:0:0:0:0
D major blues (2#),  ,  ,  ,  ,  ,  ,  ,  ,  ,  ,  ,  ,  ,  ,  ,  ,  ,  ,  ,  ,  ,  ,  ,  ,  ,  ,  ,  ,  ,  ,  ,  ,  ,  ,  ,  ,  ,  ,  ,  ,  ,  ,  ,  ,  ,  ,  ,  ,  ,  ,  ,  ,  ,  ,  ,  ,  ,  ,  ,  ,  ,  ,  ,  ,  ,  ,  ,  ,  ,  ,  ,  ,  ,  ,  ,  ,  ,  ,  ,  ,  ,  ,  ,  ,  ,  ,  ,  ,  ,  ,  ,  ,  ,  ,  ,  ,  ,  ,  ,  ,  ,  ,  ,  ,  ,  ,  ,  ,  ,  ,  ,  ,  ,  ,  ,  ,  ,  ,  ,  ,  ,  ,  ,  ,  ,  ,  ,  ,  ,  ,  ,  ,  ,  ,  ,  ,  ,  ,  ,  ,  ,  ,  ,  ,  ,  ,  ,  ,  ,  ,  ,  ,  ,  ,  ,  ,  ,  ,  ,  ,  ,  ,  ,  ,  ,  ,  ,  ,  ,  ,  ,  ,  ,  ,  ,  ,  ,  ,  ,  ,  ,  ,  ,  ,  ,  ,  ,  ,  ,  ,  ,  ,  ,  ,  ,  ,  ,  ,  ,  ,  ,  ,  ,  ,  ,  ,  ,  ,  ,  ,  ,  ,  ,  ,  ,  ,  ,  ,  ,  ,  ,  ,  ,  ,  ,  ,  ,  ,  ,  ,  ,  ,  ,  ,  ,  ,  ,  ,  ,  ,  ,  ,  ,  ,  ,  ,  ,  ,  ,  ,  ,  ,  ,  ,  ,  ,  ,  ,  ,  ,  ,  ,  ,  ,  ,  ,  ,  ,  ,  ,  ,  ,  ,  ,  ,  ,  ,  ,  ,  ,  ,  ,  ,  ,  ,  ,  ,  ,  ,  ,  ,  ,  ,  ,  ,  ,  ,  ,  ,  ,  ,  ,  ,  ,  ,  ,  ,  ,  ,  ,  ,  ,  ,  ,  ,  ,  ,  ,  ,  ,  ,  ,  ,  ,  ,  ,  ,  ,  ,  ,  ,  ,  ,  ,  ,  ,  ,  ,  ,  ,  ,  ,  ,  ,  ,  ,  ,  ,  ,  ,  ,  ,  ,  ,  ,  , 0+0:0:0:0:0
G minor blues (2b),  ,  ,  ,  ,  ,  ,  ,  ,  ,  ,  ,  ,  ,  ,  ,  ,  ,  ,  ,  ,  ,  ,  ,  ,  ,  ,  ,  ,  ,  ,  ,  ,  ,  ,  ,  ,  ,  ,  ,  ,  ,  ,  ,  ,  ,  ,  ,  ,  ,  ,  ,  ,  ,  ,  ,  ,  ,  ,  ,  ,  ,  ,  ,  ,  ,  ,  ,  ,  ,  ,  ,  ,  ,  ,  ,  ,  ,  ,  ,  ,  ,  ,  ,  ,  ,  ,  ,  ,  ,  ,  ,  ,  ,  ,  ,  ,  ,  ,  ,  ,  ,  ,  ,  ,  ,  ,  ,  ,  ,  ,  ,  ,  ,  ,  ,  ,  ,  ,  ,  ,  ,  ,  ,  ,  ,  ,  ,  ,  ,  ,  ,  ,  ,  ,  ,  ,  ,  ,  ,  ,  ,  ,  ,  ,  ,  ,  ,  ,  ,  ,  ,  ,  ,  ,  ,  ,  ,  ,  ,  ,  ,  ,  ,  ,  ,  ,  ,  ,  ,  ,  ,  ,  ,  ,  ,  ,  ,  ,  ,  ,  ,  ,  ,  ,  ,  ,  ,  ,  ,  ,  ,  ,  ,  ,  ,  ,  ,  ,  ,  ,  ,  ,  ,  ,  ,  ,  ,  ,  ,  ,  ,  ,  ,  ,  ,  ,  ,  ,  ,  ,  ,  ,  ,  ,  ,  ,  ,  ,  ,  ,  ,  ,  ,  ,  ,  ,  ,  ,  ,  ,  ,  ,  ,  ,  ,  ,  ,  ,  ,  ,  ,  ,  ,  ,  ,  ,  ,  ,  ,  ,  ,  ,  ,  ,  ,  ,  ,  ,  ,  ,  ,  ,  ,  ,  ,  ,  ,  ,  ,  ,  ,  ,  ,  ,  ,  ,  ,  ,  ,  ,  ,  ,  ,  ,  ,  ,  ,  ,  ,  ,  ,  ,  ,  ,  ,  ,  ,  ,  ,  ,  ,  ,  ,  ,  ,  ,  ,  ,  ,  ,  ,  ,  ,  ,  ,  ,  ,  ,  ,  ,  ,  ,  ,  ,  ,  ,  ,  ,  ,  ,  ,  ,  ,  ,  ,  ,  ,  ,  ,  ,  ,  ,  ,  ,  ,  , 0+0:0:0:0:0
B minor blues (2#),  ,  ,  ,  ,  ,  ,  ,  ,  ,  ,  ,  ,  ,  ,  ,  ,  ,  ,  ,  ,  ,  ,  ,  ,  ,  ,  ,  ,  ,  ,  ,  ,  ,  ,  ,  ,  ,  ,  ,  ,  ,  ,  ,  ,  ,  ,  ,  ,  ,  ,  ,  ,  ,  ,  ,  ,  ,  ,  ,  ,  ,  ,  ,  ,  ,  ,  ,  ,  ,  ,  ,  ,  ,  ,  ,  ,  ,  ,  ,  ,  ,  ,  ,  ,  ,  ,  ,  ,  ,  ,  ,  ,  ,  ,  ,  ,  ,  ,  ,  ,  ,  ,  ,  ,  ,  ,  ,  ,  ,  ,  ,  ,  ,  ,  ,  ,  ,  ,  ,  ,  ,  ,  ,  ,  ,  ,  ,  ,  ,  ,  ,  ,  ,  ,  ,  ,  ,  ,  ,  ,  ,  ,  ,  ,  ,  ,  ,  ,  ,  ,  ,  ,  ,  ,  ,  ,  ,  ,  ,  ,  ,  ,  ,  ,  ,  ,  ,  ,  ,  ,  ,  ,  ,  ,  ,  ,  ,  ,  ,  ,  ,  ,  ,  ,  ,  ,  ,  ,  ,  ,  ,  ,  ,  ,  ,  ,  ,  ,  ,  ,  ,  ,  ,  ,  ,  ,  ,  ,  ,  ,  ,  ,  ,  ,  ,  ,  ,  ,  ,  ,  ,  ,  ,  ,  ,  ,  ,  ,  ,  ,  ,  ,  ,  ,  ,  ,  ,  ,  ,  ,  ,  ,  ,  ,  ,  ,  ,  ,  ,  ,  ,  ,  ,  ,  ,  ,  ,  ,  ,  ,  ,  ,  ,  ,  ,  ,  ,  ,  ,  ,  ,  ,  ,  ,  ,  ,  ,  ,  ,  ,  ,  ,  ,  ,  ,  ,  ,  ,  ,  ,  ,  ,  ,  ,  ,  ,  ,  ,  ,  ,  ,  ,  ,  ,  ,  ,  ,  ,  ,  ,  ,  ,  ,  ,  ,  ,  ,  ,  ,  ,  ,  ,  ,  ,  ,  ,  ,  ,  ,  ,  ,  ,  ,  ,  ,  ,  ,  ,  ,  ,  ,  ,  ,  ,  ,  ,  ,  ,  ,  ,  ,  ,  ,  ,  ,  , 0+0:0:0:0:0
Bb dorian (2b),  ,  ,  ,  ,  ,  ,  ,  ,  ,  ,  ,  ,  ,  ,  ,  ,  ,  ,  ,  ,  ,  ,  ,  ,  ,  ,  ,  ,  ,  ,  ,  ,  ,  ,  ,  ,  ,  ,  ,  ,  ,  ,  ,  ,  ,  ,  ,  ,  ,  ,  ,  ,  ,  ,  ,  ,  ,  ,  ,  ,  ,  ,  ,  ,  ,  ,  ,  ,  ,  ,  ,  ,  ,  ,  ,  ,  ,  ,  ,  ,  ,  ,  ,  ,  ,  ,  ,  ,  ,  ,  ,  ,  ,  ,  ,  ,  ,  ,  ,  ,  ,  ,  ,  ,  ,  ,  ,  ,  ,  ,  ,  ,  ,  ,  ,  ,  ,  ,  ,  ,  ,  ,  ,  ,  ,  ,  ,  ,  ,  ,  ,  ,  ,  ,  ,  ,  ,  ,  ,  ,  ,  ,  ,  ,  ,  ,  ,  ,  ,  ,  ,  ,  ,  ,  ,  ,  ,  ,  ,  ,  ,  ,  ,  ,  ,  ,  ,  ,  ,  ,  ,  ,  ,  ,  ,  ,  ,  ,  ,  ,  ,  ,  ,  ,  ,  ,  ,  ,  ,  ,  ,  ,  ,  ,  ,  ,  ,  ,  ,  ,  ,  ,  ,  ,  ,  ,  ,  ,  ,  ,  ,  ,  ,  ,  ,  ,  ,  ,  ,  ,  ,  ,  ,  ,  ,  ,  ,  ,  ,  ,  ,  ,  ,  ,  ,  ,  ,  ,  ,  ,  ,  ,  ,  ,  ,  ,  ,  ,  ,  ,  ,  ,  ,  ,  ,  ,  ,  ,  ,  ,  ,  ,  ,  ,  ,  ,  ,  ,  ,  ,  ,  ,  ,  ,  ,  ,  ,  ,  ,  ,  ,  ,  ,  ,  ,  ,  ,  ,  ,  ,  ,  ,  ,  ,  ,  ,  ,  ,  ,  ,  ,  ,  ,  ,  ,  ,  ,  ,  ,  ,  ,  ,  ,  ,  ,  ,  ,  ,  ,  ,  ,  ,  ,  ,  ,  ,  ,  ,  ,  ,  ,  ,  ,  ,  ,  ,  ,  ,  ,  ,  ,  ,  ,  ,  ,  ,  ,  ,  ,  ,  ,  ,  ,  ,  ,  , 0+0:0:0:0:0
D dorian (2#),  ,  ,  ,  ,  ,  ,  ,  ,  ,  ,  ,  ,  ,  ,  ,  ,  ,  ,  ,  ,  ,  ,  ,  ,  ,  ,  ,  ,  ,  ,  ,  ,  ,  ,  ,  ,  ,  ,  ,  ,  ,  ,  ,  ,  ,  ,  ,  ,  ,  ,  ,  ,  ,  ,  ,  ,  ,  ,  ,  ,  ,  ,  ,  ,  ,  ,  ,  ,  ,  ,  ,  ,  ,  ,  ,  ,  ,  ,  ,  ,  ,  ,  ,  ,  ,  ,  ,  ,  ,  ,  ,  ,  ,  ,  ,  ,  ,  ,  ,  ,  ,  ,  ,  ,  ,  ,  ,  ,  ,  ,  ,  ,  ,  ,  ,  ,  ,  ,  ,  ,  ,  ,  ,  ,  ,  ,  ,  ,  ,  ,  ,  ,  ,  ,  ,  ,  ,  ,  ,  ,  ,  ,  ,  ,  ,  ,  ,  ,  ,  ,  ,  ,  ,  ,  ,  ,  ,  ,  ,  ,  ,  ,  ,  ,  ,  ,  ,  ,  ,  ,  ,  ,  ,  ,  ,  ,  ,  ,  ,  ,  ,  ,  ,  ,  ,  ,  ,  ,  ,  ,  ,  ,  ,  ,  ,  ,  ,  ,  ,  ,  ,  ,  ,  ,  ,  ,  ,  ,  ,  ,  ,  ,  ,  ,  ,  ,  ,  ,  ,  ,  ,  ,  ,  ,  ,  ,  ,  ,  ,  ,  ,  ,  ,  ,  ,  ,  ,  ,  ,  ,  ,  ,  ,  ,  ,  ,  ,  ,  ,  ,  ,  ,  ,  ,  ,  ,  ,  ,  ,  ,  ,  ,  ,  ,  ,  ,  ,  ,  ,  ,  ,  ,  ,  ,  ,  ,  ,  ,  ,  ,  ,  ,  ,  ,  ,  ,  ,  ,  ,  ,  ,  ,  ,  ,  ,  ,  ,  ,  ,  ,  ,  ,  ,  ,  ,  ,  ,  ,  ,  ,  ,  ,  ,  ,  ,  ,  ,  ,  ,  ,  ,  ,  ,  ,  ,  ,  ,  ,  ,  ,  ,  ,  ,  ,  ,  ,  ,  ,  ,  ,  ,  ,  ,  ,  ,  ,  ,  ,  ,  ,  ,  ,  ,  ,  ,  , 0+0:0:0:0:0
Bb phrygian (2b),  ,  ,  ,  ,  ,  ,  ,  ,  ,  ,  ,  ,  ,  ,  ,  ,  ,  ,  ,  ,  ,  ,  ,  ,  ,  ,  ,  ,  ,  ,  ,  ,  ,  ,  ,  ,  ,  ,  ,  ,  ,  ,  ,  ,  ,  ,  ,  ,  ,  ,  ,  ,  ,  ,  ,  ,  ,  ,  ,  ,  ,  ,  ,  ,  ,  ,  ,  ,  ,  ,  ,  ,  ,  ,  ,  ,  ,  ,  ,  ,  ,  ,  ,  ,  ,  ,  ,  ,  ,  ,  ,  ,  ,  ,  ,  ,  ,  ,  ,  ,  ,  ,  ,  ,  ,  ,  ,  ,  ,  ,  ,  ,  ,  ,  ,  ,  ,  ,  ,  ,  ,  ,  ,  ,  ,  ,  ,  ,  ,  ,  ,  ,  ,  ,  ,  ,  ,  ,  ,  ,  ,  ,  ,  ,  ,  ,  ,  ,  ,  ,  ,  ,  ,  ,  ,  ,  ,  ,  ,  ,  ,  ,  ,  ,  ,  ,  ,  ,  ,  ,  ,  ,  ,  ,  ,  ,  ,  ,  ,  ,  ,  ,  ,  ,  ,  ,  ,  ,  ,  ,  ,  ,  ,  ,  ,  ,  ,  ,  ,  ,  ,  ,  ,  ,  ,  ,  ,  ,  ,  ,  ,  ,  ,  ,  ,  ,  ,  ,  ,  ,  ,  ,  ,  ,  ,  ,  ,  ,  ,  ,  ,  ,  ,  ,  ,  ,  ,  ,  ,  ,  ,  ,  ,  ,  ,  ,  ,  ,  ,  ,  ,  ,  ,  ,  ,  ,  ,  ,  ,  ,  ,  ,  ,  ,  ,  ,  ,  ,  ,  ,  ,  ,  ,  ,  ,  ,  ,  ,  ,  ,  ,  ,  ,  ,  ,  ,  ,  ,  ,  ,  ,  ,  ,  ,  ,  ,  ,  ,  ,  ,  ,  ,  ,  ,  ,  ,  ,  ,  ,  ,  ,  ,  ,  ,  ,  ,  ,  ,  ,  ,  ,  ,  ,  ,  ,  ,  ,  ,  ,  ,  ,  ,  ,  ,  ,  ,  ,  ,  ,  ,  ,  ,  ,  ,  ,  ,  ,  ,  ,  ,  ,  ,  ,  ,  ,  , 0+0:0:0:0:0
D phrygian (2#),  ,  ,  ,  ,  ,  ,  ,  ,  ,  ,  ,  ,  ,  ,  ,  ,  ,  ,  ,  ,  ,  ,  ,  ,  ,  ,  ,  ,  ,  ,  ,  ,  ,  ,  ,  ,  ,  ,  ,  ,  ,  ,  ,  ,  ,  ,  ,  ,  ,  ,  ,  ,  ,  ,  ,  ,  ,  ,  ,  ,  ,  ,  ,  ,  ,  ,  ,  ,  ,  ,  ,  ,  ,  ,  ,  ,  ,  ,  ,  ,  ,  ,  ,  ,  ,  ,  ,  ,  ,  ,  ,  ,  ,  ,  ,  ,  ,  ,  ,  ,  ,  ,  ,  ,  ,  ,  ,  ,  ,  ,  ,  ,  ,  ,  ,  ,  ,  ,  ,  ,  ,  ,  ,  ,  ,  ,  ,  ,  ,  ,  ,  ,  ,  ,  ,  ,  ,  ,  ,  ,  ,  ,  ,  ,  ,  ,  ,  ,  ,  ,  ,  ,  ,  ,  ,  ,  ,  ,  ,  ,  ,  ,  ,  ,  ,  ,  ,  ,  ,  ,  ,  ,  ,  ,  ,  ,  ,  ,  ,  ,  ,  ,  ,  ,  ,  ,  ,  ,  ,  ,  ,  ,  ,  ,  ,  ,  ,  ,  ,  ,  ,  ,  ,  ,  ,  ,  ,  ,  ,  ,  ,  ,  ,  ,  ,  ,  ,  ,  ,  ,  ,  ,  ,  ,  ,  ,  ,  ,  ,  ,  ,  ,  ,  ,  ,  ,  ,  ,  ,  ,  ,  ,  ,  ,  ,  ,  ,  ,  ,  ,  ,  ,  ,  ,  ,  ,  ,  ,  ,  ,  ,  ,  ,  ,  ,  ,  ,  ,  ,  ,  ,  ,  ,  ,  ,  ,  ,  ,  ,  ,  ,  ,  ,  ,  ,  ,  ,  ,  ,  ,  ,  ,  ,  ,  ,  ,  ,  ,  ,  ,  ,  ,  ,  ,  ,  ,  ,  ,  ,  ,  ,  ,  ,  ,  ,  ,  ,  ,  ,  ,  ,  ,  ,  ,  ,  ,  ,  ,  ,  ,  ,  ,  ,  ,  ,  ,  ,  ,  ,  ,  ,  ,  ,  ,  ,  ,  ,  ,  ,  ,  ,  ,  ,  ,  ,  , 0+0:0:0:0:0
Bb lydian (2b),  ,  ,  ,  ,  ,  ,  ,  ,  ,  ,  ,  ,  ,  ,  ,  ,  ,  ,  ,  ,  ,  ,  ,  ,  ,  ,  ,  ,  ,  ,  ,  ,  ,  ,  ,  ,  ,  ,  ,  ,  ,  ,  ,  ,  ,  ,  ,  ,  ,  ,  ,  ,  ,  ,  ,  ,  ,  ,  ,  ,  ,  ,  ,  ,  ,  ,  ,  ,  ,  ,  ,  ,  ,  ,  ,  ,  ,  ,  ,  ,  ,  ,  ,  ,  ,  ,  ,  ,  ,  ,  ,  ,  ,  ,  ,  ,  ,  ,  ,  ,  ,  ,  ,  ,  ,  ,  ,  ,  ,  ,  ,  ,  ,  ,  ,  ,  ,  ,  ,  ,  ,  ,  ,  ,  ,  ,  ,  ,  ,  ,  ,  ,  ,  ,  ,  ,  ,  ,  ,  ,  ,  ,  ,  ,  ,  ,  ,  ,  ,  ,  ,  ,  ,  ,  ,  ,  ,  ,  ,  ,  ,  ,  ,  ,  ,  ,  ,  ,  ,  ,  ,  ,  ,  ,  ,  ,  ,  ,  ,  ,  ,  ,  ,  ,  ,  ,  ,  ,  ,  ,  ,  ,  ,  ,  ,  ,  ,  ,  ,  ,  ,  ,  ,  ,  ,  ,  ,  ,  ,  ,  ,  ,  ,  ,  ,  ,  ,  ,  ,  ,  ,  ,  ,  ,  ,  ,  ,  ,  ,  ,  ,  ,  ,  ,  ,  ,  ,  ,  ,  ,  ,  ,  ,  ,  ,  ,  ,  ,  ,  ,  ,  ,  ,  ,  ,  ,  ,  ,  ,  ,  ,  ,  ,  ,  ,  ,  ,  ,  ,  ,  ,  ,  ,  ,  ,  ,  ,  ,  ,  ,  ,  ,  ,  ,  ,  ,  ,  ,  ,  ,  ,  ,  ,  ,  ,  ,  ,  ,  ,  ,  ,  ,  ,  ,  ,  ,  ,  ,  ,  ,  ,  ,  ,  ,  ,  ,  ,  ,  ,  ,  ,  ,  ,  ,  ,  ,  ,  ,  ,  ,  ,  ,  ,  ,  ,  ,  ,  ,  ,  ,  ,  ,  ,  ,  ,  ,  ,  ,  ,  ,  ,  ,  ,  ,  ,  , 0+0:0:0:0:0
D lydian (2#),  ,  ,  ,  ,  ,  ,  ,  ,  ,  ,  ,  ,  ,  ,  ,  ,  ,  ,  ,  ,  ,  ,  ,  ,  ,  ,  ,  ,  ,  ,  ,  ,  ,  ,  ,  ,  ,  ,  ,  ,  ,  ,  ,  ,  ,  ,  ,  ,  ,  ,  ,  ,  ,  ,  ,  ,  ,  ,  ,  ,  ,  ,  ,  ,  ,  ,  ,  ,  ,  ,  ,  ,  ,  ,  ,  ,  ,  ,  ,  ,  ,  ,  ,  ,  ,  ,  ,  ,  ,  ,  ,  ,  ,  ,  ,  ,  ,  ,  ,  ,  ,  ,  ,  ,  ,  ,  ,  ,  ,  ,  ,  ,  ,  ,  ,  ,  ,  ,  ,  ,  ,  ,  ,  ,  ,  ,  ,  ,  ,  ,  ,  ,  ,  ,  ,  ,  ,  ,  ,  ,  ,  ,  ,  ,  ,  ,  ,  ,  ,  ,  ,  ,  ,  ,  ,  ,  ,  ,  ,  ,  ,  ,  ,  ,  ,  ,  ,  ,  ,  ,  ,  ,  ,  ,  ,  ,  ,  ,  ,  ,  ,  ,  ,  ,  ,  ,  ,  ,  ,  ,  ,  ,  ,  ,  ,  ,  ,  ,  ,  ,  ,  ,  ,  ,  ,  ,  ,  ,  ,  ,  ,  ,  ,  ,  ,  ,  ,  ,  ,  ,  ,  ,  ,  ,  ,  ,  ,  ,  ,  ,  ,  ,  ,  ,  ,  ,  ,  ,  ,  ,  ,  ,  ,  ,  ,  ,  ,  ,  ,  ,  ,  ,  ,  ,  ,  ,  ,  ,  ,  ,  ,  ,  ,  ,  ,  ,  ,  ,  ,  ,  ,  ,  ,  ,  ,  ,  ,  ,  ,  ,  ,  ,  ,  ,  ,  ,  ,  ,  ,  ,  ,  ,  ,  ,  ,  ,  ,  ,  ,  ,  ,  ,  ,  ,  ,  ,  ,  ,  ,  ,  ,  ,  ,  ,  ,  ,  ,  ,  ,  ,  ,  ,  ,  ,  ,  ,  ,  ,  ,  ,  ,  ,  ,  ,  ,  ,  ,  ,  ,  ,  ,  ,  ,  ,  ,  ,  ,  ,  ,  ,  ,  ,  ,  ,  ,  , 0+0:0:0:0:0
Bb mixolydian (2b),  ,  ,  ,  ,  ,  ,  ,  ,  ,  ,  ,  ,  ,  ,  ,  ,  ,  ,  ,  ,  ,  ,  ,  ,  ,  ,  ,  ,  ,  ,  ,  ,  ,  ,  ,  ,  ,  ,  ,  ,  ,  ,  ,  ,  ,  ,  ,  ,  ,  ,  ,  ,  ,  ,  ,  ,  ,  ,  ,  ,  ,  ,  ,  ,  ,  ,  ,  ,  ,  ,  ,  ,  ,  ,  ,  ,  ,  ,  ,  ,  ,  ,  ,  ,  ,  ,  ,  ,  ,  ,  ,  ,  ,  ,  ,  ,  ,  ,  ,  ,  ,  ,  ,  ,  ,  ,  ,  ,  ,  ,  ,  ,  ,  ,  ,  ,  ,  ,  ,  ,  ,  ,  ,  ,  ,  ,  ,  ,  ,  ,  ,  ,  ,  ,  ,  ,  ,  ,  ,  ,  ,  ,  ,  ,  ,  ,  ,  ,  ,  ,  ,  ,  ,  ,  ,  ,  ,  ,  ,  ,  ,  ,  ,  ,  ,  ,  ,  ,  ,  ,  ,  ,  ,  ,  ,  ,  ,  ,  ,  ,  ,  ,  ,  ,  ,  ,  ,  ,  ,  ,  ,  ,  ,  ,  ,  ,  ,  ,  ,  ,  ,  ,  ,  ,  ,  ,  ,  ,  ,  ,  ,  ,  ,  ,  ,  ,  ,  ,  ,  ,  ,  ,  ,  ,  ,  ,  ,  ,  ,  ,  ,  ,  ,  ,  ,  ,  ,  ,  ,  ,  ,  ,  ,  ,  ,  ,  ,  ,  ,  ,  ,  ,  ,  ,  ,  ,  ,  ,  ,  ,  ,  ,  ,  ,  ,  ,  ,  ,  ,  ,  ,  ,  ,  ,  ,  ,  ,  ,  ,  ,  ,  ,  ,  ,  ,  ,  ,  ,  ,  ,  ,  ,  ,  ,  ,  ,  ,  ,  ,  ,  ,  ,  ,  ,  ,  ,  ,  ,  ,  ,  ,  ,  ,  ,  ,  ,  ,  ,  ,  ,  ,  ,  ,  ,  ,  ,  ,  ,  ,  ,  ,  ,  ,  ,  ,  ,  ,  ,  ,  ,  ,  ,  ,  ,  ,  ,  ,  ,  ,  ,  ,  ,  ,  ,  ,  , 0+0:0:0:0:0
D mixolydian (2#),  ,  ,  ,  ,  ,  ,  ,  ,  ,  ,  ,  ,  ,  ,  ,  ,  ,  ,  ,  ,  ,  ,  ,  ,  ,  ,  ,  ,  ,  ,  ,  ,  ,  ,  ,  ,  ,  ,  ,  ,  ,  ,  ,  ,  ,  ,  ,  ,  ,  ,  ,  ,  ,  ,  ,  ,  ,  ,  ,  ,  ,  ,  ,  ,  ,  ,  ,  ,  ,  ,  ,  ,  ,  ,  ,  ,  ,  ,  ,  ,  ,  ,  ,  ,  ,  ,  ,  ,  ,  ,  ,  ,  ,  ,  ,  ,  ,  ,  ,  ,  ,  ,  ,  ,  ,  ,  ,  ,  ,  ,  ,  ,  ,  ,  ,  ,  ,  ,  ,  ,  ,  ,  ,  ,  ,  ,  ,  ,  ,  ,  ,  ,  ,  ,  ,  ,  ,  ,  ,  ,  ,  ,  ,  ,  ,  ,  ,  ,  ,  ,  ,  ,  ,  ,  ,  ,  ,  ,  ,  ,  ,  ,  ,  ,  ,  ,  ,  ,  ,  ,  ,  ,  ,  ,  ,  ,  ,  ,  ,  ,  ,  ,  ,  ,  ,  ,  ,  ,  ,  ,  ,  ,  ,  ,  ,  ,  ,  ,  ,  ,  ,  ,  ,  ,  ,  ,  ,  ,  ,  ,  ,  ,  ,  ,  ,  ,  ,  ,  ,  ,  ,  ,  ,  ,  ,  ,  ,  ,  ,  ,  ,  ,  ,  ,  ,  ,  ,  ,  ,  ,  ,  ,  ,  ,  ,  ,  ,  ,  ,  ,  ,  ,  ,  ,  ,  ,  ,  ,  ,  ,  ,  ,  ,  ,  ,  ,  ,  ,  ,  ,  ,  ,  ,  ,  ,  ,  ,  ,  ,  ,  ,  ,  ,  ,  ,  ,  ,  ,  ,  ,  ,  ,  ,  ,  ,  ,  ,  ,  ,  ,  ,  ,  ,  ,  ,  ,  ,  ,  ,  ,  ,  ,  ,  ,  ,  ,  ,  ,  ,  ,  ,  ,  ,  ,  ,  ,  ,  ,  ,  ,  ,  ,  ,  ,  ,  ,  ,  ,  ,  ,  ,  ,  ,  ,  ,  ,  ,  ,  ,  ,  ,  ,  ,  ,  ,  , 0+0:0:0:0:0
Bb aeolian (2b),  ,  ,  ,  ,  ,  ,  ,  ,  ,  ,  ,  ,  ,  ,  ,  ,  ,  ,  ,  ,  ,  ,  ,  ,  ,  ,  ,  ,  ,  ,  ,  ,  ,  ,  ,  ,  ,  ,  ,  ,  ,  ,  ,  ,  ,  ,  ,  ,  ,  ,  ,  ,  ,  ,  ,  ,  ,  ,  ,  ,  ,  ,  ,  ,  ,  ,  ,  ,  ,  ,  ,  ,  ,  ,  ,  ,  ,  ,  ,  ,  ,  ,  ,  ,  ,  ,  ,  ,  ,  ,  ,  ,  ,  ,  ,  ,  ,  ,  ,  ,  ,  ,  ,  ,  ,  ,  ,  ,  ,  ,  ,  ,  ,  ,  ,  ,  ,  ,  ,  ,  ,  ,  ,  ,  ,  ,  ,  ,  ,  ,  ,  ,  ,  ,  ,  ,  ,  ,  ,  ,  ,  ,  ,  ,  ,  ,  ,  ,  ,  ,  ,  ,  ,  ,  ,  ,  ,  ,  ,  ,  ,  ,  ,  ,  ,  ,  ,  ,  ,  ,  ,  ,  ,  ,  ,  ,  ,  ,  ,  ,  ,  ,  ,  ,  ,  ,  ,  ,  ,  ,  ,  ,  ,  ,  ,  ,  ,  ,  ,  ,  ,  ,  ,  ,  ,  ,  ,  ,  ,  ,  ,  ,  ,  ,  ,  ,  ,  ,  ,  ,  ,  ,  ,  ,  ,  ,  ,  ,  ,  ,  ,  ,  ,  ,  ,  ,  ,  ,  ,  ,  ,  ,  ,  ,  ,  ,  ,  ,  ,  ,  ,  ,  ,  ,  ,  ,  ,  ,  ,  ,  ,  ,  ,  ,  ,  ,  ,  ,  ,  ,  ,  ,  ,  ,  ,  ,  ,  ,  ,  ,  ,  ,  ,  ,  ,  ,  ,  ,  ,  ,  ,  ,  ,  ,  ,  ,  ,  ,  ,  ,  ,  ,  ,  ,  ,  ,  ,  ,  ,  ,  ,  ,  ,  ,  ,  ,  ,  ,  ,  ,  ,  ,  ,  ,  ,  ,  ,  ,  ,  ,  ,  ,  ,  ,  ,  ,  ,  ,  ,  ,  ,  ,  ,  ,  ,  ,  ,  ,  ,  ,  ,  ,  ,  ,  ,  , 0+0:0:0:0:0
D aeolian (2#),  ,  ,  ,  ,  ,  ,  ,  ,  ,  ,  ,  ,  ,  ,  ,  ,  ,  ,  ,  ,  ,  ,  ,  ,  ,  ,  ,  ,  ,  ,  ,  ,  ,  ,  ,  ,  ,  ,  ,  ,  ,  ,  ,  ,  ,  ,  ,  ,  ,  ,  ,  ,  ,  ,  ,  ,  ,  ,  ,  ,  ,  ,  ,  ,  ,  ,  ,  ,  ,  ,  ,  ,  ,  ,  ,  ,  ,  ,  ,  ,  ,  ,  ,  ,  ,  ,  ,  ,  ,  ,  ,  ,  ,  ,  ,  ,  ,  ,  ,  ,  ,  ,  ,  ,  ,  ,  ,  ,  ,  ,  ,  ,  ,  ,  ,  ,  ,  ,  ,  ,  ,  ,  ,  ,  ,  ,  ,  ,  ,  ,  ,  ,  ,  ,  ,  ,  ,  ,  ,  ,  ,  ,  ,  ,  ,  ,  ,  ,  ,  ,  ,  ,  ,  ,  ,  ,  ,  ,  ,  ,  ,  ,  ,  ,  ,  ,  ,  ,  ,  ,  ,  ,  ,  ,  ,  ,  ,  ,  ,  ,  ,  ,  ,  ,  ,  ,  ,  ,  ,  ,  ,  ,  ,  ,  ,  ,  ,  ,  ,  ,  ,  ,  ,  ,  ,  ,  ,  ,  ,  ,  ,  ,  ,  ,  ,  ,  ,  ,  ,  ,  ,  ,  ,  ,  ,  ,  ,  ,  ,  ,  ,  ,  ,  ,  ,  ,  ,  ,  ,  ,  ,  ,  ,  ,  ,  ,  ,  ,  ,  ,  ,  ,  ,  ,  ,  ,  ,  ,  ,  ,  ,  ,  ,  ,  ,  ,  ,  ,  ,  ,  ,  ,  ,  ,  ,  ,  ,  ,  ,  ,  ,  ,  ,  ,  ,  ,  ,  ,  ,  ,  ,  ,  ,  ,  ,  ,  ,  ,  ,  ,  ,  ,  ,  ,  ,  ,  ,  ,  ,  ,  ,  ,  ,  ,  ,  ,  ,  ,  ,  ,  ,  ,  ,  ,  ,  ,  ,  ,  ,  ,  ,  ,  ,  ,  ,  ,  ,  ,  ,  ,  ,  ,  ,  ,  ,  ,  ,  ,  ,  ,  ,  ,  ,  ,  ,  , 0+0:0:0:0:0
Bb locrian (2b),  ,  ,  ,  ,  ,  ,  ,  ,  ,  ,  ,  ,  ,  ,  ,  ,  ,  ,  ,  ,  ,  ,  ,  ,  ,  ,  ,  ,  ,  ,  ,  ,  ,  ,  ,  ,  ,  ,  ,  ,  ,  ,  ,  ,  ,  ,  ,  ,  ,  ,  ,  ,  ,  ,  ,  ,  ,  ,  ,  ,  ,  ,  ,  ,  ,  ,  ,  ,  ,  ,  ,  ,  ,  ,  ,  ,  ,  ,  ,  ,  ,  ,  ,  ,  ,  ,  ,  ,  ,  ,  ,  ,  ,  ,  ,  ,  ,  ,  ,  ,  ,  ,  ,  ,  ,  ,  ,  ,  ,  ,  ,  ,  ,  ,  ,  ,  ,  ,  ,  ,  ,  ,  ,  ,  ,  ,  ,  ,  ,  ,  ,  ,  ,  ,  ,  ,  ,  ,  ,  ,  ,  ,  ,  ,  ,  ,  ,  ,  ,  ,  ,  ,  ,  ,  ,  ,  ,  ,  ,  ,  ,  ,  ,  ,  ,  ,  ,  ,  ,  ,  ,  ,  ,  ,  ,  ,  ,  ,  ,  ,  ,  ,  ,  ,  ,  ,  ,  ,  ,  ,  ,  ,  ,  ,  ,  ,  ,  ,  ,  ,  ,  ,  ,  ,  ,  ,  ,  ,  ,  ,  ,  ,  ,  ,  ,  ,  ,  ,  ,  ,  ,  ,  ,  ,  ,  ,  ,  ,  ,  ,  ,  ,  ,  ,  ,  ,  ,  ,  ,  ,  ,  ,  ,  ,  ,  ,  ,  ,  ,  ,  ,  ,  ,  ,  ,  ,  ,  ,  ,  ,  ,  ,  ,  ,  ,  ,  ,  ,  ,  ,  ,  ,  ,  ,  ,  ,  ,  ,  ,  ,  ,  ,  ,  ,  ,  ,  ,  ,  ,  ,  ,  ,  ,  ,  ,  ,  ,  ,  ,  ,  ,  ,  ,  ,  ,  ,  ,  ,  ,  ,  ,  ,  ,  ,  ,  ,  ,  ,  ,  ,  ,  ,  ,  ,  ,  ,  ,  ,  ,  ,  ,  ,  ,  ,  ,  ,  ,  ,  ,  ,  ,  ,  ,  ,  ,  ,  ,  ,  ,  ,  ,  ,  ,  ,  ,  , 0+0:0:0:0:0
D locrian (2#),  ,  ,  ,  ,  ,  ,  ,  ,  ,  ,  ,  ,  ,  ,  ,  ,  ,  ,  ,  ,  ,  ,  ,  ,  ,  ,  ,  ,  ,  ,  ,  ,  ,  ,  ,  ,  ,  ,  ,  ,  ,  ,  ,  ,  ,  ,  ,  ,  ,  ,  ,  ,  ,  ,  ,  ,  ,  ,  ,  ,  ,  ,  ,  ,  ,  ,  ,  ,  ,  ,  ,  ,  ,  ,  ,  ,  ,  ,  ,  ,  ,  ,  ,  ,  ,  ,  ,  ,  ,  ,  ,  ,  ,  ,  ,  ,  ,  ,  ,  ,  ,  ,  ,  ,  ,  ,  ,  ,  ,  ,  ,  ,  ,  ,  ,  ,  ,  ,  ,  ,  ,  ,  ,  ,  ,  ,  ,  ,  ,  ,  ,  ,  ,  ,  ,  ,  ,  ,  ,  ,  ,  ,  ,  ,  ,  ,  ,  ,  ,  ,  ,  ,  ,  ,  ,  ,  ,  ,  ,  ,  ,  ,  ,  ,  ,  ,  ,  ,  ,  ,  ,  ,  ,  ,  ,  ,  ,  ,  ,  ,  ,  ,  ,  ,  ,  ,  ,  ,  ,  ,  ,  ,  ,  ,  ,  ,  ,  ,  ,  ,  ,  ,  ,  ,  ,  ,  ,  ,  ,  ,  ,  ,  ,  ,  ,  ,  ,  ,  ,  ,  ,  ,  ,  ,  ,  ,  ,  ,  ,  ,  ,  ,  ,  ,  ,  ,  ,  ,  ,  ,  ,  ,  ,  ,  ,  ,  ,  ,  ,  ,  ,  ,  ,  ,  ,  ,  ,  ,  ,  ,  ,  ,  ,  ,  ,  ,  ,  ,  ,  ,  ,  ,  ,  ,  ,  ,  ,  ,  ,  ,  ,  ,  ,  ,  ,  ,  ,  ,  ,  ,  ,  ,  ,  ,  ,  ,  ,  ,  ,  ,  ,  ,  ,  ,  ,  ,  ,  ,  ,  ,  ,  ,  ,  ,  ,  ,  ,  ,  ,  ,  ,  ,  ,  ,  ,  ,  ,  ,  ,  ,  ,  ,  ,  ,  ,  ,  ,  ,  ,  ,  ,  ,  ,  ,  ,  ,  ,  ,  ,  ,  ,  ,  ,  ,  ,  , 0+0:0:0:0:0
Eb major (3b), 4+1:0:0:0:1, 3+0:0:0:0:0, 5+2:0:0:0:1, 2+0:0:0:0:0, 2+0:0:0:0:0, 5+1:0:0:0:0, 5+1:0:0:0:0, 3+1:0:0:0:0, 4+1:0:0:0:1, 3+0:0:0:0:0, 5+2:0:0:0:1, 2+0:0:0:0:0, 2+0:0:0:0:0, 5+1:0:0:0:0, 3+1:0:0:0:1, 0+0:0:0:0:0, 3+0:0:0:0:0, 3+0:0:0:0:0, 3+2:0:0:0:0,  , 3+1:0:0:0:0, 1+0:0:0:0:0, 2+0:0:0:0:0, 0+0:0:0:0:0, 4+1:0:0:0:1, 3+0:0:0:0:0, 5+2:0:0:0:1, 2+0:0:0:0:0, 2+0:0:0:0:0, 5+1:0:0:0:0, 3+1:0:0:0:1, 0+0:0:0:0:0, 3+1:0:0:0:1, 3+0:0:0:0:0, 5+2:0:0:0:1, 2+0:0:0:0:0, 2+0:0:0:0:0, 2+1:0:0:0:0, 4+1:0:0:0:1, 2+0:0:0:0:0, 3+1:1:0:0:1, 3+0:0:0:0:0, 6+3:0:0:0:2, 4+2:0:0:0:0, 1+0:0:0:0:0, 2+1:0:0:0:0, 3+1:0:0:0:0, 1+0:0:0:0:0, 4+0:0:0:0:0, 6+4:0:0:0:0, 6+3:0:1:0:0, 3+0:0:0:0:0, 5+2:0:0:0:0, 2+0:0:0:0:0, 2+0:0:0:0:0, 1+0:0:0:0:0, 4+1:0:0:0:1, 2+0:0:0:0:0, 5+2:0:0:0:1, 3+0:0:0:0:0, 3+1:0:0:0:0, 3+3:0:0:0:0, 4+1:0:0:0:0, 2+0:0:0:0:0, 3+1:1:0:0:1, 2+1:0:0:0:0, 7+3:0:0:0:1, 4+2:0:0:0:0, 4+1:0:0:0:0, 3+2:2:0:0:2, 7+3:0:0:0:3, 2+0:0:0:0:0, 5+1:0:0:0:1, 2+0:0:0:0:0, 6+2:0:0:0:1, 2+0:0:0:0:0, 2+1:1:0:0:1, 3+2:0:0:0:0, 4+2:0:0:0:0, 1+0:0:0:0:0, 6+2:0:0:0:0, 4+3:0:0:0:0, 4+1:0:0:0:1, 4+3:0:0:0:2, 4+2:0:0:0:1, 1+0:0:0:0:0, 3+0:0:0:0:0, 1+0:0:0:0:0, 4+1:1:0:0:1, 2+0:0:0:0:0, 8+4:0:0:0:2, 2+0:0:0:0:0, 2+1:0:0:0:0, 2+1:1:0:0:1, 4+1:0:0:0:0, 2+0:0:0:0:0, 4+1:0:0:0:1, 2+0:0:0:0:0, 6+2:0:0:0:1, 2+0:0:0:0:0, 2+0:0:0:0:0, 2+1:0:0:0:0, 5+1:0:0:0:1, 2+0:0:0:0:0, 4+2:0:0:0:1, 4+1:0:0:0:0, 7+2:0:0:0:1, 3+1:0:0:0:0, 2+0:0:0:0:0, 3+4:0:0:0:0, 3+0:0:0:0:0,  , 5+1:0:0:0:0, 5+1:0:0:0:0, 4+4:0:0:0:0,  , 4+2:0:0:0:0, 2+0:0:0:0:0, 2+1:0:0:0:1, 1+1:0:0:0:0, 3+1:0:0:0:1, 2+1:0:0:0:0, 5+2:0:0:0:1, 3+0:0:0:0:0, 2+1:1:0:0:1, 2+1:0:0:0:0, 5+3:0:0:0:3, 5+3:0:0:0:0, 3+1:0:0:0:1, 2+0:0:0:0:0, 6+3:0:0:0:2, 2+0:0:0:0:0, 3+1:0:0:0:0, 4+4:0:0:0:0, 6+4:0:0:0:3, 4+1:0:0:0:0, 3+3:0:0:0:3, 4+1:0:0:0:0, 7+3:1:0:0:0, 4+2:0:0:0:0, 1+0:0:0:0:0, 2+1:0:0:0:0, 3+0:0:0:0:0, 2+1:0:0:0:0, 4+0:0:0:0:0, 5+3:0:0:0:1, 5+3:0:0:0:0, 1+0:0:0:0:0, 5+2:0:0:0:0, 2+0:0:0:0:0, 3+0:0:0:0:0, 1+0:0:0:0:0, 3+1:0:0:0:1, 2+0:0:0:0:0, 5+4:0:0:0:2, 4+1:0:0:0:0, 2+0:0:0:0:0, 5+3:0:0:0:0, 7+3:0:0:0:2, 2+0:0:0:0:0, 3+1:0:0:0:1, 2+0:0:0:0:0, 5+3:0:0:0:2, 4+1:0:0:0:0, 3+1:0:0:0:0, 3+5:0:0:0:0, 6+2:0:0:0:1, 3+0:0:0:0:0, 4+1:0:0:0:1, 3+1:0:0:0:0, 6+2:0:0:0:1, 4+1:0:0:0:0, 2+0:0:0:0:0, 2+1:1:0:0:1, 3+1:1:0:0:1, 1+0:0:0:0:0, 5+1:0:0:0:0, 8+3:0:0:0:0, 6+5:0:0:0:0, 5+1:0:0:0:0, 4+3:0:0:0:0, 2+0:0:0:0:0, 2+0:0:0:0:0, 3+0:0:0:0:0, 3+1:0:0:0:1, 2+0:0:0:0:0, 5+2:0:0:0:1, 3+1:0:0:0:0, 5+3:1:0:0:1, 3+2:0:0:0:0, 5+3:0:0:0:2, 2+0:0:0:0:0, 3+1:0:0:0:1, 2+0:0:0:0:0, 5+2:0:0:0:1, 2+0:0:0:0:0, 2+0:0:0:0:0, 2+1:0:0:0:0, 6+1:0:0:0:0, 3+0:0:0:0:0, 4+1:0:0:0:1, 2+0:0:0:0:0, 7+4:2:0:0:0, 2+0:0:0:0:0, 5+2:0:0:0:0, 2+2:2:0:0:2, 3+1:0:0:0:1, 0+0:0:0:0:0, 4+2:0:0:0:0, 4+3:0:0:0:0, 4+1:0:0:0:1, 0+0:0:0:0:0, 2+1:0:0:0:0, 1+0:0:0:0:0, 2+3:0:0:0:0, 2+2:0:0:0:0, 4+1:0:0:0:1, 3+1:0:0:0:0, 8+4:0:0:0:1, 6+2:0:0:0:0, 2+0:0:0:0:0, 3+1:0:0:0:0, 7+2:0:0:0:0, 3+0:0:0:0:0, 3+1:0:0:0:1, 2+0:0:0:0:0, 5+2:0:0:0:1, 3+1:0:0:0:0, 1+0:0:0:0:0, 5+2:0:0:0:0, 6+2:0:0:0:0, 2+0:0:0:0:0, 3+1:0:0:0:1, 3+1:0:0:0:1, 5+4:0:0:0:3, 5+2:0:0:0:0, 3+1:0:0:0:0, 3+4:0:0:0:0, 3+0:0:0:0:0, 2+0:0:0:0:0, 4+0:0:0:0:0, 4+2:0:0:0:0, 4+4:0:0:0:0, 1+0:0:0:0:0, 5+4:0:0:0:0, 4+2:0:0:0:0, 4+3:0:0:0:1, 4+3:0:0:0:1, 4+1:0:0:0:1, 2+0:0:0:0:0, 6+2:0:0:0:1, 2+0:0:0:0:0, 2+2:0:0:0:1, 2+3:1:0:0:1, 4+1:0:0:0:0, 4+1:0:0:0:0, 4+1:0:0:0:1, 2+1:0:0:0:0, 5+2:0:0:0:1, 3+1:0:0:0:0, 5+3:1:0:0:1, 3+2:0:0:0:0, 5+3:0:0:0:2, 4+1:0:0:0:0, 3+3:0:0:0:3, 5+2:0:0:0:0, 5+4:0:0:0:2, 4+1:0:0:0:0, 1+0:0:0:0:0, 3+1:1:0:0:1, 3+1:0:0:0:0, 2+1:0:0:0:0, 5+1:0:0:0:0, 3+3:0:0:0:0, 3+5:0:0:0:0, 2+2:0:0:0:0, 3+2:0:0:0:0, 3+0:0:0:0:0, 2+0:0:0:0:0, 2+0:0:0:0:0, 4+1:0:0:0:1, 3+0:0:0:0:0, 6+2:1:0:0:0, 2+0:0:0:0:0, 4+2:0:0:0:0, 3+1:0:0:0:0, 6+2:0:0:0:1, 4+2:0:0:0:0, 4+1:0:0:0:1, 2+0:0:0:0:0, 6+2:0:0:0:1, 2+0:0:0:0:0, 2+0:0:0:0:0, 2+1:0:0:0:0, 5+1:0:0:0:1, 2+0:0:0:0:0, 3+1:0:0:0:1, 4+2:0:0:0:0, 6+2:0:0:0:1, 4+1:0:0:0:0, 1+0:0:0:0:0, 3+1:1:0:0:1, 4+2:0:0:0:1, 1+0:0:0:0:0, 4+2:1:0:0:1, 5+2:0:0:0:0, 5+3:0:0:0:1, 2+1:0:0:0:0, 4+2:0:0:0:0, 3+1:0:0:0:0, 1+0:0:0:0:0, 2+0:0:0:0:0, 4+1:0:0:0:1, 3+1:0:0:0:0, 7+3:0:0:0:1, 3+1:0:0:0:0, 6+4:0:0:0:0, 3+2:0:0:0:0, 5+1:0:0:0:1, 6+2:0:0:0:0, 4+1:0:0:0:1, 2+0:0:0:0:0, 5+2:0:0:0:1, 2+0:0:0:0:0, 3+1:0:0:0:0, 4+2:1:1:0:2, 6+2:0:0:0:0, 2+0:0:0:0:0, 3+1:0:0:0:1, 3+1:0:0:0:0, 5+3:0:0:0:2, 4+1:0:0:0:0, 1+0:0:0:0:0, 4+2:0:0:0:0, 3+1:0:0:0:0, 2+1:0:0:0:0, 6+2:0:0:0:0, 3+3:0:0:0:0, 5+3:0:0:0:0, 2+1:1:0:0:0, 5+2:0:0:0:0, 4+2:0:0:0:0, 1+1:0:0:0:0, 3+1:0:1:0:1, 3+1:0:0:0:1, 2+0:0:0:0:0, 6+2:0:0:0:1, 2+0:0:0:0:0, 2+0:0:0:0:0, 2+1:0:0:0:0, 6+3:0:0:0:2, 5+2:0:0:0:0, 2+1:1:0:0:1, 1+0:0:0:0:0, 1+0:0:0:0:0, 1+0:0:0:0:0, 1189+436:25:3:0:134
A major (3#), 4+3:0:0:0:0, 3+1:0:0:0:0, 5+4:0:0:0:0, 3+2:0:0:0:0, 3+3:0:0:0:0, 5+2:0:0:0:0, 2+3:0:0:0:0, 5+3:0:0:0:0, 4+3:0:0:0:0, 3+1:0:0:0:0, 5+4:0:0:0:0, 3+2:0:0:0:0, 3+3:0:0:0:0, 5+2:0:0:0:0, 3+1:0:0:0:0, 2+1:0:0:0:1, 0+0:0:0:0:0, 0+0:0:0:0:0, 1+0:0:0:0:0,  , 1+0:0:0:0:0, 1+0:0:0:0:0, 2+1:0:0:0:0, 1+1:0:0:0:0, 4+3:0:0:0:0, 3+1:0:0:0:0, 5+4:0:0:0:0, 3+2:0:0:0:0, 3+3:0:0:0:0, 5+2:0:0:0:0, 3+1:0:0:0:0, 2+1:0:0:0:1, 3+2:0:0:0:0, 3+2:0:0:0:0, 2+4:1:0:0:0, 3+2:0:0:0:0, 3+3:0:0:0:0, 4+2:0:0:0:0, 3+2:0:0:0:0, 3+1:0:0:0:0, 4+1:0:0:0:0, 3+2:0:0:0:0, 3+4:1:0:0:1, 5+2:0:0:0:0, 3+1:0:0:0:0, 4+3:0:0:0:0, 3+3:0:0:0:0, 1+0:0:0:0:0, 0+0:0:0:0:0, 2+4:0:0:0:0, 3+1:0:0:0:0, 1+1:0:0:0:0, 3+1:0:0:0:0, 2+1:0:0:0:0, 2+3:0:0:0:0, 0+0:0:0:0:0, 3+2:0:0:0:0, 3+1:0:0:0:0, 2+4:1:0:0:0, 3+2:0:0:0:0, 4+3:0:0:0:0, 5+5:0:0:0:0, 1+2:0:0:0:0, 3+1:0:0:0:0, 4+3:1:0:0:1, 5+1:0:0:0:0, 3+4:1:1:0:1, 5+4:0:0:0:0, 5+2:0:0:0:0, 6+4:0:0:0:1, 4+7:0:2:0:4, 3+1:0:0:0:0, 4+2:0:0:0:0, 3+2:0:0:0:0, 3+3:1:0:0:0, 3+1:0:0:0:0, 4+5:1:0:0:1, 4+4:0:0:0:0, 6+3:0:0:0:0, 0+0:0:0:0:0, 3+2:0:0:0:0, 1+1:0:0:0:0, 2+2:0:0:0:0, 3+4:2:0:0:1, 2+2:0:0:0:1, 1+0:0:0:0:0, 2+3:0:0:0:0, 1+1:0:0:0:0, 5+2:0:0:0:0, 3+1:0:0:0:0, 5+4:1:0:0:0, 3+1:0:0:0:0, 4+2:0:0:0:0, 5+4:0:0:0:2, 1+2:0:0:0:0, 3+1:0:0:0:0, 4+2:0:0:0:0, 3+1:0:0:0:0, 3+5:1:0:0:0, 3+1:0:0:0:0, 3+2:0:0:0:0, 4+3:0:0:0:0, 2+4:0:2:0:2, 3+1:0:0:0:0, 4+4:0:0:0:0, 4+2:0:0:0:0, 6+4:0:0:0:0, 4+3:0:0:0:0, 4+2:0:0:0:0, 5+4:0:0:0:0, 2+2:0:0:0:0,  , 0+0:0:0:0:0, 0+0:0:0:0:0, 1+0:0:0:0:0,  , 3+2:0:0:0:0, 1+1:0:0:0:0, 4+3:0:0:0:1, 3+5:0:0:0:0, 3+2:0:0:0:0, 4+2:0:0:0:0, 2+3:1:0:0:0, 3+1:0:0:0:0, 3+1:1:0:0:1, 4+3:0:0:0:0, 5+6:0:0:0:0, 5+5:0:0:0:3, 3+2:0:0:0:0, 3+2:0:0:0:0, 3+6:1:0:0:0, 3+1:0:0:0:0, 5+2:0:0:0:1, 7+6:0:0:0:0, 3+5:1:0:0:1, 4+2:0:0:0:0, 3+4:0:0:0:0, 4+2:0:0:0:0, 3+5:1:0:0:0, 6+3:0:0:0:0, 4+2:0:0:0:0, 4+2:0:0:0:0, 2+3:0:0:0:0, 1+1:0:0:0:0, 0+0:0:0:0:0, 1+1:0:0:0:0, 1+2:0:0:0:0, 0+0:0:0:0:0, 3+3:0:0:0:0, 1+0:0:0:0:0, 2+3:0:0:0:0, 2+0:0:0:0:0, 3+2:0:0:0:0, 3+1:0:0:0:0, 3+7:0:0:0:0, 4+2:0:0:0:0, 3+3:0:0:0:0, 6+4:0:0:0:0, 6+6:0:0:0:0, 3+1:0:0:0:0, 3+2:0:0:0:0, 3+1:0:0:0:0, 2+5:1:0:0:0, 4+3:0:0:0:1, 5+4:0:0:0:1, 5+5:0:0:0:0, 5+5:0:0:0:0, 3+2:0:0:0:0, 4+2:0:0:0:0, 5+2:0:0:0:0, 6+4:0:0:0:0, 4+3:0:0:0:1, 3+2:0:0:0:0, 5+3:0:0:0:0, 5+2:1:0:0:1, 1+0:0:0:0:0, 0+0:0:0:0:0, 3+2:0:1:0:1, 3+3:0:0:0:1, 1+1:0:0:0:0, 2+1:0:0:0:0, 0+0:0:0:0:0, 3+1:0:0:0:0, 2+2:0:0:0:0, 3+2:0:0:0:0, 3+1:0:0:0:0, 2+3:1:0:0:0, 4+3:0:0:0:0, 5+4:2:0:0:2, 5+3:0:0:0:0, 3+7:0:0:0:0, 3+2:0:0:0:0, 4+4:0:0:0:0, 3+1:0:0:0:0, 3+5:0:0:0:0, 3+3:0:0:0:0, 4+1:0:0:0:0, 4+2:0:0:0:0, 2+3:0:0:0:0, 3+1:0:0:0:0, 3+2:0:0:0:0, 3+1:0:0:0:0, 3+6:2:0:0:0, 3+3:0:0:0:0, 7+6:0:0:0:0, 5+5:0:0:0:0, 4+3:0:0:0:0, 1+0:0:0:0:0, 0+0:0:0:0:0, 0+0:0:0:0:0, 2+1:0:0:0:0, 2+0:0:0:0:0, 1+1:0:0:0:1, 0+0:0:0:0:0, 3+4:0:0:0:0, 1+2:0:0:0:0, 4+3:0:0:0:0, 4+2:0:0:0:0, 6+6:0:0:0:0, 6+4:0:0:0:1, 3+2:0:0:0:0, 4+3:0:0:0:0, 3+4:0:0:0:0, 3+2:0:0:0:0, 3+2:0:0:0:0, 3+1:0:0:0:0, 2+3:1:0:0:0, 4+1:0:0:0:0, 4+3:0:0:0:0, 6+4:0:0:0:0, 4+4:0:0:0:0, 3+2:0:0:0:0, 3+2:0:0:0:0, 4+2:0:0:0:1, 4+6:0:0:0:0, 5+3:0:0:0:0, 6+4:0:0:0:0, 5+5:0:0:0:0, 2+3:0:0:0:0, 1+0:0:0:0:0, 0+0:0:0:0:0, 1+1:0:0:0:0, 1+0:0:0:0:0, 0+0:0:0:0:0, 3+1:0:0:0:0, 3+1:1:0:0:1, 7+5:0:0:0:1, 4+3:0:0:0:0, 4+2:0:0:0:0, 3+1:0:0:0:0, 5+4:0:0:0:0, 3+1:0:0:0:0, 5+2:0:0:0:1, 5+3:0:0:0:0, 3+4:0:0:0:0, 4+3:0:0:0:0, 4+1:0:0:0:0, 5+5:0:0:0:0, 4+4:0:0:0:0, 4+3:0:0:0:0, 5+4:2:0:0:2, 5+3:0:0:0:0, 3+6:0:0:0:0, 4+2:0:0:0:0, 3+4:0:0:0:0, 5+3:0:0:0:0, 3+8:0:0:0:0, 4+3:0:0:0:1, 4+1:0:0:0:0, 5+5:1:0:0:0, 3+2:0:0:0:0, 4+2:0:0:0:0, 0+0:0:0:0:0, 0+0:0:0:0:0, 1+4:0:0:0:0, 1+2:0:0:0:0, 1+1:0:0:0:0, 2+1:0:0:0:0, 2+1:0:0:0:0, 3+1:0:0:0:0, 3+3:0:0:0:0, 3+4:0:0:0:0, 2+4:1:0:0:0, 3+1:0:0:0:0, 5+3:1:0:0:1, 4+2:0:0:0:0, 6+5:0:0:0:0, 5+3:1:0:0:0, 4+2:0:0:0:0, 3+1:0:0:0:0, 3+5:1:0:0:0, 3+1:0:0:0:0, 3+3:0:0:0:0, 4+2:0:0:0:0, 2+4:0:2:0:2, 3+1:0:0:0:0, 3+2:0:0:0:0, 5+2:0:0:0:0, 4+5:0:0:0:0, 4+3:0:0:0:1, 4+2:0:0:0:0, 5+5:1:0:0:0, 5+5:0:0:0:0, 3+1:0:0:0:0, 1+1:0:0:0:0, 0+0:0:0:0:0, 3+2:0:0:0:0, 1+0:0:0:0:0, 2+1:1:0:0:1, 2+1:0:0:0:0, 3+2:0:0:0:0, 2+2:0:0:0:0, 4+2:0:0:0:0, 4+2:0:0:0:0, 7+6:0:0:0:0, 4+3:0:0:0:0, 6+5:1:0:0:1, 5+3:0:0:0:0, 3+5:0:0:0:0, 6+4:0:0:0:1, 4+2:0:0:0:0, 3+1:0:0:0:0, 2+3:1:0:0:0, 3+1:0:0:0:0, 5+2:0:0:0:0, 8+5:0:0:0:0, 4+4:0:0:0:0, 3+1:0:0:0:0, 3+2:0:0:0:0, 4+2:0:0:0:0, 2+5:1:0:0:0, 4+3:0:0:0:1, 4+2:0:0:0:0, 5+3:0:0:0:0, 5+2:0:0:0:1, 4+3:0:0:0:0, 1+1:0:0:0:1, 0+0:0:0:0:0, 2+1:0:0:0:0, 2+1:0:0:0:1, 4+1:0:0:0:1, 4+2:0:0:0:0, 4+2:0:0:0:0, 3+3:0:0:0:1, 3+2:0:0:0:0, 3+1:0:0:0:0, 3+4:1:0:0:0, 3+1:0:0:0:0, 3+3:0:0:0:0, 4+2:0:0:0:0, 4+5:0:0:0:1, 5+4:0:0:0:1, 3+1:1:0:0:1, 0+0:0:0:0:0, 0+0:0:0:0:0, 0+0:0:0:0:0, 1122+842:39:8:0:57
C minor (3b), 4+1:0:0:0:0, 3+0:0:0:0:0, 5+2:0:0:0:1, 2+0:0:0:0:0, 2+0:0:0:0:0, 5+1:0:0:0:0, 5+1:0:0:0:0, 3+1:0:0:0:0, 4+1:0:0:0:0, 3+0:0:0:0:0, 5+2:0:0:0:1, 2+0:0:0:0:0, 2+0:0:0:0:0, 5+1:0:0:0:0, 3+1:0:0:0:1, 0+0:0:0:0:0, 3+0:0:0:0:0, 3+0:0:0:0:0, 3+2:0:0:0:0,  , 3+0:0:0:0:0, 1+0:0:0:0:0, 2+0:0:0:0:0, 0+0:0:0:0:0, 4+1:0:0:0:0, 3+0:0:0:0:0, 5+2:0:0:0:1, 2+0:0:0:0:0, 2+0:0:0:0:0, 5+1:0:0:0:0, 3+1:0:0:0:1, 0+0:0:0:0:0, 3+1:0:0:0:0, 3+0:0:0:0:0, 5+2:0:0:0:1, 2+0:0:0:0:0, 2+0:0:0:0:0, 2+1:0:0:0:0, 4+1:0:0:0:0, 2+0:0:0:0:0, 3+1:1:0:0:1, 3+0:0:0:0:0, 6+3:0:0:0:2, 4+2:0:0:0:0, 1+0:0:0:0:0, 2+1:0:0:0:0, 3+3:0:0:0:0, 2+0:0:0:0:0, 4+0:0:0:0:0, 4+1:0:0:0:1, 7+2:0:0:0:0, 2+1:0:0:0:0, 5+1:0:0:0:0, 2+0:0:0:0:0, 2+0:0:0:0:0, 1+0:0:0:0:0, 4+1:0:0:0:0, 2+0:0:0:0:0, 5+2:0:0:0:1, 3+0:0:0:0:0, 3+1:0:0:0:0, 3+3:0:0:0:0, 4+1:0:0:0:0, 2+0:0:0:0:0, 3+1:1:0:0:1, 2+1:0:0:0:0, 7+3:0:0:0:1, 4+2:0:0:0:0, 4+1:0:0:0:0, 3+2:1:0:0:0, 7+3:0:0:0:2, 2+0:0:0:0:0, 5+1:0:0:0:0, 2+0:0:0:0:0, 6+2:0:0:0:1, 2+0:0:0:0:0, 2+1:1:0:0:1, 3+2:0:0:0:0, 4+2:0:0:0:0, 1+0:0:0:0:0, 6+2:0:0:0:0, 4+1:0:0:0:0, 4+1:0:0:0:1, 3+1:0:0:0:1, 4+2:0:0:0:2, 2+1:0:0:0:0, 3+0:0:0:0:0, 1+0:0:0:0:0, 4+1:1:0:0:1, 2+0:0:0:0:0, 8+4:0:0:0:2, 2+0:0:0:0:0, 2+1:0:0:0:0, 2+1:0:0:0:0, 4+1:0:0:0:0, 2+0:0:0:0:0, 4+1:0:0:0:0, 2+0:0:0:0:0, 6+2:0:0:0:1, 2+0:0:0:0:0, 2+0:0:0:0:0, 2+1:0:0:0:0, 5+1:0:0:0:0, 2+0:0:0:0:0, 4+2:0:0:0:1, 4+1:0:0:0:0, 7+2:0:0:0:1, 3+1:0:0:0:0, 2+0:0:0:0:0, 3+4:0:0:0:0, 3+0:0:0:0:0,  , 5+0:0:0:0:0, 5+0:0:0:0:0, 4+2:0:0:0:0,  , 4+1:0:0:0:0, 2+0:0:0:0:0, 2+1:0:0:0:1, 1+2:0:0:0:0, 3+1:0:0:0:0, 2+1:0:0:0:0, 5+2:0:0:0:1, 3+0:0:0:0:0, 2+1:1:0:0:0, 2+1:0:0:0:0, 5+3:0:0:0:3, 5+3:0:0:0:0, 3+1:0:0:0:0, 2+0:0:0:0:0, 6+3:0:0:0:2, 2+0:0:0:0:0, 3+1:0:0:0:0, 4+4:0:0:0:0, 6+4:0:0:0:3, 4+1:0:0:0:0, 3+3:0:0:0:0, 4+1:0:0:0:0, 7+3:1:0:0:0, 4+2:0:0:0:0, 1+0:0:0:0:0, 2+1:0:0:0:0, 3+0:0:0:0:0, 2+0:0:0:0:0, 4+0:0:0:0:0, 5+2:0:0:0:2, 5+2:0:0:0:0, 1+0:0:0:0:0, 4+1:0:1:0:1, 2+0:0:0:0:0, 3+0:0:0:0:0, 1+0:0:0:0:0, 3+1:0:0:0:0, 2+0:0:0:0:0, 5+4:0:0:0:2, 4+1:0:0:0:0, 2+0:0:0:0:0, 5+3:0:0:0:0, 7+3:0:0:0:2, 2+0:0:0:0:0, 3+1:0:0:0:0, 2+0:0:0:0:0, 5+3:0:0:0:2, 4+1:0:0:0:0, 3+1:0:0:0:0, 3+5:0:0:0:0, 6+2:0:0:0:1, 3+0:0:0:0:0, 4+1:0:0:0:0, 3+1:0:0:0:0, 6+2:0:0:0:1, 4+1:0:0:0:0, 2+0:0:0:0:0, 2+1:1:0:0:1, 3+1:1:0:0:1, 1+0:0:0:0:0, 5+0:0:0:0:0, 7+2:0:0:0:0, 6+1:0:0:0:1, 5+1:0:0:0:0, 4+0:0:0:0:0, 2+0:0:0:0:0, 2+0:0:0:0:0, 3+0:0:0:0:0, 3+1:0:0:0:0, 2+0:0:0:0:0, 5+2:0:0:0:1, 3+1:0:0:0:0, 5+3:1:0:0:1, 3+2:0:0:0:0, 5+3:0:0:0:2, 2+0:0:0:0:0, 3+1:0:0:0:1, 2+0:0:0:0:0, 5+2:0:0:0:1, 2+0:0:0:0:0, 2+0:0:0:0:0, 2+1:0:0:0:0, 6+1:0:0:0:0, 3+0:0:0:0:0, 4+1:0:0:0:0, 2+0:0:0:0:0, 7+4:2:0:0:0, 2+0:0:0:0:0, 5+2:0:0:0:0, 2+2:2:0:0:2, 3+1:0:0:0:1, 0+0:0:0:0:0, 4+0:0:0:0:0, 4+0:0:0:0:0, 4+2:0:0:0:2, 0+2:0:0:0:0, 2+0:0:0:0:0, 1+0:0:0:0:0, 2+3:0:0:0:0, 2+2:0:0:0:0, 4+1:0:0:0:1, 3+1:0:0:0:0, 8+4:0:0:0:1, 6+2:0:0:0:0, 2+0:0:0:0:0, 3+1:0:0:0:0, 7+2:0:0:0:0, 3+0:0:0:0:0, 3+1:0:0:0:0, 2+0:0:0:0:0, 5+2:0:0:0:1, 3+1:0:0:0:0, 1+0:0:0:0:0, 5+2:0:0:0:0, 6+2:0:0:0:0, 2+0:0:0:0:0, 3+1:0:0:0:0, 3+1:0:0:0:1, 5+4:0:0:0:3, 5+2:0:0:0:0, 3+1:0:0:0:0, 3+4:0:0:0:0, 3+0:0:0:0:0, 2+0:0:0:0:0, 4+0:0:0:0:0, 4+1:0:0:0:0, 4+0:0:0:0:0, 1+0:0:0:0:0, 5+1:0:0:0:0, 4+1:1:0:0:1, 4+3:0:0:0:1, 4+3:0:0:0:1, 4+1:0:0:0:0, 2+0:0:0:0:0, 6+2:0:0:0:1, 2+0:0:0:0:0, 2+0:0:0:0:0, 2+2:0:0:0:0, 4+1:0:0:0:0, 4+1:0:0:0:0, 4+1:0:0:0:0, 2+1:0:0:0:0, 5+2:0:0:0:1, 3+1:0:0:0:0, 5+3:1:0:0:1, 3+2:0:0:0:0, 5+3:0:0:0:2, 4+1:0:0:0:0, 3+3:0:0:0:0, 5+2:0:0:0:0, 5+4:0:0:0:2, 4+1:0:0:0:0, 1+0:0:0:0:0, 3+1:1:0:0:1, 3+1:0:0:0:0, 2+1:0:0:0:0, 5+0:0:0:0:0, 3+0:0:0:0:0, 3+2:0:0:0:0, 2+0:0:0:0:0, 3+0:0:0:0:0, 3+0:0:0:0:0, 2+0:0:0:0:0, 2+0:0:0:0:0, 4+1:0:0:0:0, 3+0:0:0:0:0, 6+2:1:0:0:0, 2+0:0:0:0:0, 4+2:0:0:0:0, 3+1:0:0:0:0, 6+2:0:0:0:1, 4+2:0:0:0:0, 4+1:0:0:0:0, 2+0:0:0:0:0, 6+2:0:0:0:1, 2+0:0:0:0:0, 2+0:0:0:0:0, 2+1:0:0:0:0, 5+1:0:0:0:0, 2+0:0:0:0:0, 3+1:0:0:0:0, 4+2:0:0:0:0, 6+2:0:0:0:1, 4+1:0:0:0:0, 1+0:0:0:0:0, 3+1:1:0:0:1, 4+2:0:0:0:1, 1+0:0:0:0:0, 4+1:1:0:0:0, 5+0:0:0:0:0, 5+1:0:0:0:1, 2+1:0:0:0:0, 4+1:1:0:0:1, 3+0:0:0:0:0, 1+0:0:0:0:0, 2+0:0:0:0:0, 4+1:0:0:0:0, 3+1:0:0:0:0, 7+3:0:0:0:1, 3+1:0:0:0:0, 6+4:0:0:0:0, 3+2:0:0:0:0, 5+1:0:0:0:1, 6+2:0:0:0:0, 4+1:0:0:0:0, 2+0:0:0:0:0, 5+2:0:0:0:1, 2+0:0:0:0:0, 3+1:0:0:0:0, 4+3:0:1:0:1, 6+2:0:0:0:0, 2+0:0:0:0:0, 3+1:0:0:0:0, 3+1:0:0:0:0, 5+3:0:0:0:2, 4+1:0:0:0:0, 1+0:0:0:0:0, 4+2:0:0:0:0, 3+1:0:0:0:0, 2+1:0:0:0:0, 6+1:0:0:0:1, 3+0:0:0:0:0, 5+1:0:0:0:0, 2+1:1:0:0:0, 5+1:0:0:0:1, 4+2:0:0:0:0, 1+1:0:0:0:0, 3+1:0:1:0:1, 3+1:0:0:0:1, 2+0:0:0:0:0, 6+2:0:0:0:1, 2+0:0:0:0:0, 2+0:0:0:0:0, 2+1:0:0:0:0, 6+3:0:0:0:2, 5+2:0:0:0:0, 2+1:1:0:0:0, 1+0:0:0:0:0, 1+0:0:0:0:0, 1+0:0:0:0:0, 1186+374:23:3:0:100
F# minor (3#), 4+3:0:0:0:0, 3+1:0:0:0:0, 5+4:0:0:0:0, 3+2:0:0:0:0, 3+2:0:0:0:0, 5+2:0:0:0:0, 2+4:0:0:0:0, 5+3:0:0:0:0, 4+3:0:0:0:0, 3+1:0:0:0:0, 5+4:0:0:0:0, 3+2:0:0:0:0, 3+2:0:0:0:0, 5+2:0:0:0:0, 3+1:0:0:0:0, 2+1:0:0:0:1, 0+0:0:0:0:0, 0+2:0:0:0:0, 1+1:0:0:0:0,  , 1+1:0:0:0:0, 1+1:0:0:0:0, 2+1:0:0:0:0, 1+1:0:0:0:0, 4+3:0:0:0:0, 3+1:0:0:0:0, 5+4:0:0:0:0, 3+2:0:0:0:0, 3+2:0:0:0:0, 5+2:0:0:0:0, 3+1:0:0:0:0, 2+1:0:0:0:1, 3+2:0:0:0:0, 3+2:0:0:0:0, 2+2:1:0:0:1, 3+2:0:0:0:0, 3+3:0:0:0:0, 4+2:0:0:0:0, 3+2:0:0:0:0, 3+1:0:0:0:0, 4+5:0:0:0:0, 3+2:0:0:0:0, 3+3:1:0:0:1, 5+2:0:0:0:0, 3+6:0:0:0:0, 4+3:0:0:0:0, 3+3:0:0:0:0, 1+0:0:0:0:0, 0+0:0:0:0:0, 3+4:0:0:0:0, 3+2:0:0:0:0, 1+1:0:0:0:1, 3+3:0:0:0:0, 2+0:0:0:0:0, 2+3:0:0:0:0, 0+0:0:0:0:0, 3+2:0:0:0:0, 3+1:0:0:0:0, 2+2:1:0:0:1, 3+2:0:0:0:0, 4+3:0:0:0:0, 5+5:0:0:0:0, 1+1:0:0:0:0, 3+1:0:0:0:0, 4+6:0:0:0:0, 5+1:0:0:0:0, 3+4:1:1:0:1, 5+4:0:0:0:0, 5+4:0:0:0:0, 6+4:0:0:0:1, 4+5:0:2:0:2, 3+1:0:0:0:0, 4+2:0:0:0:0, 3+2:0:0:0:0, 3+3:1:0:0:1, 3+1:0:0:0:0, 4+3:0:0:0:0, 4+4:0:0:0:0, 6+3:0:0:0:0, 0+0:0:0:0:0, 2+2:0:1:0:0, 1+3:0:0:0:0, 2+2:0:0:0:0, 5+3:0:0:0:2, 2+2:0:0:0:1, 1+0:0:0:0:0, 2+2:0:0:0:1, 1+1:0:0:0:0, 5+4:0:0:0:0, 3+1:0:0:0:0, 5+6:1:0:0:1, 3+1:0:0:0:0, 4+3:0:0:0:1, 5+4:0:0:0:2, 1+1:0:0:0:0, 3+1:0:0:0:0, 4+2:0:0:0:0, 3+1:0:0:0:0, 3+5:1:0:0:1, 3+1:0:0:0:0, 3+4:0:0:0:0, 4+3:0:0:0:0, 2+5:0:2:0:2, 3+1:0:0:0:0, 4+4:0:0:0:0, 4+2:0:0:0:0, 6+4:0:0:0:0, 4+3:0:0:0:0, 4+5:0:0:0:0, 5+4:0:0:0:0, 2+2:0:0:0:0,  , 0+0:0:0:0:0, 0+1:0:0:0:0, 1+1:0:0:0:0,  , 3+4:0:0:0:0, 1+0:0:0:0:0, 4+3:0:0:0:1, 3+5:0:0:0:0, 3+2:0:0:0:0, 4+2:0:0:0:0, 2+2:1:0:0:1, 3+1:0:0:0:0, 3+1:1:0:0:1, 4+3:0:0:0:0, 5+6:0:0:0:0, 5+5:0:0:0:3, 3+2:0:0:0:0, 3+2:0:0:0:0, 3+5:1:0:0:1, 3+1:0:0:0:0, 5+4:0:0:0:0, 7+6:0:0:0:0, 4+3:0:0:0:0, 4+2:0:0:0:0, 3+4:0:0:0:0, 4+2:0:0:0:0, 3+4:1:0:0:2, 6+3:0:0:0:0, 4+4:0:0:0:0, 4+2:0:0:0:0, 2+3:0:0:0:0, 1+1:0:0:0:0, 0+0:0:0:0:0, 1+3:0:0:0:1, 1+3:0:0:0:0, 0+0:0:0:0:0, 3+3:0:0:0:0, 1+1:0:0:0:0, 2+3:0:0:0:0, 2+0:0:0:0:0, 3+2:0:0:0:0, 3+1:0:0:0:0, 3+7:0:0:0:0, 4+2:0:0:0:0, 3+5:0:0:0:0, 6+4:0:0:0:0, 6+6:0:0:0:0, 3+1:0:0:0:0, 3+2:0:0:0:0, 3+1:0:0:0:0, 2+3:1:0:0:1, 4+3:0:0:0:1, 5+5:0:0:0:0, 5+5:0:0:0:0, 5+5:0:0:0:0, 3+2:0:0:0:0, 4+2:0:0:0:0, 5+2:0:0:0:0, 6+4:0:0:0:0, 4+3:0:0:0:1, 3+5:0:0:0:0, 5+3:0:0:0:0, 5+4:0:0:0:0, 1+0:0:0:0:0, 0+0:0:0:0:0, 3+3:0:0:0:0, 3+2:0:0:0:0, 1+1:0:0:0:0, 2+1:0:0:0:0, 0+1:0:0:0:0, 3+1:0:0:0:0, 2+2:0:0:0:0, 3+2:0:0:0:0, 3+1:0:0:0:0, 2+2:1:0:0:1, 4+3:0:0:0:0, 5+4:3:0:0:3, 5+3:0:0:0:0, 3+7:0:0:0:0, 3+2:0:0:0:0, 4+4:0:0:0:0, 3+1:0:0:0:0, 3+5:0:0:0:0, 3+3:0:0:0:0, 4+4:0:0:0:0, 4+2:0:0:0:0, 2+3:0:0:0:0, 3+1:0:0:0:0, 3+2:0:0:0:0, 3+1:0:0:0:0, 4+3:1:0:0:1, 3+3:0:0:0:0, 7+4:0:0:0:0, 5+5:0:0:0:0, 4+3:0:0:0:0, 1+0:0:0:0:0, 0+0:0:0:0:0, 0+3:0:0:0:0, 2+3:0:0:0:0, 2+0:0:0:0:0, 1+1:0:0:0:1, 0+0:0:0:0:0, 3+4:0:0:0:0, 1+2:0:0:0:0, 4+3:0:0:0:0, 4+2:0:0:0:0, 6+6:0:0:0:0, 6+4:0:0:0:1, 3+4:0:0:0:0, 4+3:0:0:0:0, 3+3:0:0:0:1, 3+2:0:0:0:0, 3+2:0:0:0:0, 3+1:0:0:0:0, 2+2:1:0:0:1, 4+1:0:0:0:0, 4+4:0:0:0:0, 6+4:0:0:0:0, 4+4:0:0:0:0, 3+2:0:0:0:0, 3+2:0:0:0:0, 4+2:0:0:0:1, 4+6:0:0:0:0, 5+3:0:0:0:0, 6+4:0:0:0:0, 5+5:0:0:0:0, 2+3:0:0:0:0, 1+0:0:0:0:0, 0+0:0:0:0:0, 1+2:0:0:0:0, 1+1:0:0:0:0, 0+0:0:0:0:0, 3+3:0:0:0:0, 3+1:1:0:0:1, 7+5:0:0:0:1, 4+3:0:0:0:0, 4+2:0:0:0:0, 3+1:0:0:0:0, 5+4:0:0:0:0, 3+1:0:0:0:0, 5+2:0:0:0:1, 5+3:0:0:0:0, 3+4:0:0:0:0, 4+3:0:0:0:0, 4+2:0:0:0:0, 5+5:0:0:0:0, 4+4:0:0:0:0, 4+3:0:0:0:0, 5+4:3:0:0:3, 5+3:0:0:0:0, 3+6:0:0:0:0, 4+2:0:0:0:0, 3+4:0:0:0:0, 5+3:0:0:0:0, 3+8:0:0:0:0, 4+3:0:0:0:1, 4+2:0:0:0:0, 5+4:0:0:0:0, 3+2:0:0:0:0, 4+2:0:0:0:0, 0+0:0:0:0:0, 0+3:0:0:0:0, 1+2:0:0:0:0, 1+0:0:0:0:0, 1+1:0:0:0:0, 2+0:0:0:0:0, 2+1:0:0:0:0, 3+1:0:0:0:0, 3+3:0:0:0:0, 3+4:0:0:0:0, 2+2:1:0:0:1, 3+1:0:0:0:0, 5+3:1:0:0:1, 4+2:0:0:0:0, 6+5:0:0:0:0, 4+3:0:0:0:1, 4+2:0:0:0:0, 3+1:0:0:0:0, 3+5:1:0:0:1, 3+1:0:0:0:0, 3+2:0:0:0:0, 4+2:0:0:0:0, 2+6:0:2:0:2, 3+1:0:0:0:0, 3+2:0:0:0:0, 5+2:0:0:0:0, 4+5:0:0:0:0, 4+3:0:0:0:1, 4+3:0:0:0:0, 5+3:0:0:0:0, 5+5:0:0:0:0, 3+1:0:0:0:0, 1+1:0:0:0:0, 0+2:0:0:0:0, 3+2:0:0:0:0, 1+0:0:0:0:0, 2+3:1:0:0:1, 2+1:0:0:0:0, 3+2:0:0:0:0, 2+2:0:0:0:0, 4+2:0:0:0:0, 4+2:0:0:0:0, 7+6:0:0:0:0, 4+3:0:0:0:0, 7+4:3:0:0:3, 5+3:0:0:0:0, 3+4:0:0:0:1, 6+4:0:0:0:1, 4+2:0:0:0:0, 3+1:0:0:0:0, 2+2:1:0:0:1, 3+1:0:0:0:0, 4+6:0:0:0:1, 8+5:0:0:0:0, 4+4:0:0:0:0, 3+1:0:0:0:0, 3+2:0:0:0:0, 4+2:0:0:0:0, 2+3:1:0:0:1, 4+3:0:0:0:1, 4+6:0:0:0:0, 5+3:0:0:0:0, 6+3:0:0:0:0, 4+3:0:0:0:0, 1+1:0:0:0:1, 0+3:0:0:0:0, 2+3:0:0:0:0, 2+1:0:0:0:0, 4+2:0:0:0:0, 4+2:0:0:0:0, 4+2:0:0:0:0, 4+2:0:0:0:0, 3+2:0:0:0:0, 3+1:0:0:0:0, 3+3:1:0:0:1, 3+1:0:0:0:0, 3+2:0:0:0:0, 4+2:0:0:0:0, 4+3:0:0:0:1, 5+4:0:0:0:1, 3+1:1:0:0:1, 0+0:0:0:0:0, 0+1:0:0:0:0, 0+2:0:0:0:0, 1127+890:33:8:0:74
C minor mel (3b),  ,  ,  ,  ,  ,  ,  ,  ,  ,  ,  ,  ,  ,  ,  ,  ,  ,  ,  ,  ,  ,  ,  ,  ,  ,  ,  ,  ,  ,  ,  ,  ,  ,  ,  ,  ,  ,  ,  ,  ,  ,  ,  ,  ,  ,  ,  ,  ,  ,  ,  ,  ,  ,  ,  ,  ,  ,  ,  ,  ,  ,  ,  ,  ,  ,  ,  ,  ,  ,  ,  ,  ,  ,  ,  ,  ,  ,  ,  ,  ,  ,  ,  ,  ,  ,  ,  ,  ,  ,  ,  ,  ,  ,  ,  ,  ,  ,  ,  ,  ,  ,  ,  ,  ,  ,  ,  ,  ,  ,  ,  ,  ,  ,  ,  ,  ,  ,  ,  ,  ,  ,  ,  ,  ,  ,  ,  ,  ,  ,  ,  ,  ,  ,  ,  ,  ,  ,  ,  ,  ,  ,  ,  ,  ,  ,  ,  ,  ,  ,  ,  ,  ,  ,  ,  ,  ,  ,  ,  ,  ,  ,  ,  ,  ,  ,  ,  ,  ,  ,  ,  ,  ,  ,  ,  ,  ,  ,  ,  ,  ,  ,  ,  ,  ,  ,  ,  ,  ,  ,  ,  ,  ,  ,  ,  ,  ,  ,  ,  ,  ,  ,  ,  ,  ,  ,  ,  ,  ,  ,  ,  ,  ,  ,  ,  ,  ,  ,  ,  ,  ,  ,  ,  ,  ,  ,  ,  ,  ,  ,  ,  ,  ,  ,  ,  ,  ,  ,  ,  ,  ,  ,  ,  ,  ,  ,  ,  ,  ,  ,  ,  ,  ,  ,  ,  ,  ,  ,  ,  ,  ,  ,  ,  ,  ,  ,  ,  ,  ,  ,  ,  ,  ,  ,  ,  ,  ,  ,  ,  ,  ,  ,  ,  ,  ,  ,  ,  ,  ,  ,  ,  ,  ,  ,  ,  ,  ,  ,  ,  ,  ,  ,  ,  ,  ,  ,  ,  ,  ,  ,  ,  ,  ,  ,  ,  ,  ,  ,  ,  ,  ,  ,  ,  ,  ,  ,  ,  ,  ,  ,  ,  ,  ,  ,  ,  ,  ,  ,  ,  ,  ,  ,  ,  ,  ,  ,  ,  ,  ,  ,  ,  ,  ,  ,  ,  ,  , 0+0:0:0:0:0
F# minor mel (3#),  ,  ,  ,  ,  ,  ,  ,  ,  ,  ,  ,  ,  ,  ,  ,  ,  ,  ,  ,  ,  ,  ,  ,  ,  ,  ,  ,  ,  ,  ,  ,  ,  ,  ,  ,  ,  ,  ,  ,  ,  ,  ,  ,  ,  ,  ,  ,  ,  ,  ,  ,  ,  ,  ,  ,  ,  ,  ,  ,  ,  ,  ,  ,  ,  ,  ,  ,  ,  ,  ,  ,  ,  ,  ,  ,  ,  ,  ,  ,  ,  ,  ,  ,  ,  ,  ,  ,  ,  ,  ,  ,  ,  ,  ,  ,  ,  ,  ,  ,  ,  ,  ,  ,  ,  ,  ,  ,  ,  ,  ,  ,  ,  ,  ,  ,  ,  ,  ,  ,  ,  ,  ,  ,  ,  ,  ,  ,  ,  ,  ,  ,  ,  ,  ,  ,  ,  ,  ,  ,  ,  ,  ,  ,  ,  ,  ,  ,  ,  ,  ,  ,  ,  ,  ,  ,  ,  ,  ,  ,  ,  ,  ,  ,  ,  ,  ,  ,  ,  ,  ,  ,  ,  ,  ,  ,  ,  ,  ,  ,  ,  ,  ,  ,  ,  ,  ,  ,  ,  ,  ,  ,  ,  ,  ,  ,  ,  ,  ,  ,  ,  ,  ,  ,  ,  ,  ,  ,  ,  ,  ,  ,  ,  ,  ,  ,  ,  ,  ,  ,  ,  ,  ,  ,  ,  ,  ,  ,  ,  ,  ,  ,  ,  ,  ,  ,  ,  ,  ,  ,  ,  ,  ,  ,  ,  ,  ,  ,  ,  ,  ,  ,  ,  ,  ,  ,  ,  ,  ,  ,  ,  ,  ,  ,  ,  ,  ,  ,  ,  ,  ,  ,  ,  ,  ,  ,  ,  ,  ,  ,  ,  ,  ,  ,  ,  ,  ,  ,  ,  ,  ,  ,  ,  ,  ,  ,  ,  ,  ,  ,  ,  ,  ,  ,  ,  ,  ,  ,  ,  ,  ,  ,  ,  ,  ,  ,  ,  ,  ,  ,  ,  ,  ,  ,  ,  ,  ,  ,  ,  ,  ,  ,  ,  ,  ,  ,  ,  ,  ,  ,  ,  ,  ,  ,  ,  ,  ,  ,  ,  ,  ,  ,  ,  ,  ,  ,  , 0+0:0:0:0:0
Eb major blues (3b),  ,  ,  ,  ,  ,  ,  ,  ,  ,  ,  ,  ,  ,  ,  ,  ,  ,  ,  ,  ,  ,  ,  ,  ,  ,  ,  ,  ,  ,  ,  ,  ,  ,  ,  ,  ,  ,  ,  ,  ,  ,  ,  ,  ,  ,  ,  ,  ,  ,  ,  ,  ,  ,  ,  ,  ,  ,  ,  ,  ,  ,  ,  ,  ,  ,  ,  ,  ,  ,  ,  ,  ,  ,  ,  ,  ,  ,  ,  ,  ,  ,  ,  ,  ,  ,  ,  ,  ,  ,  ,  ,  ,  ,  ,  ,  ,  ,  ,  ,  ,  ,  ,  ,  ,  ,  ,  ,  ,  ,  ,  ,  ,  ,  ,  ,  ,  ,  ,  ,  ,  ,  ,  ,  ,  ,  ,  ,  ,  ,  ,  ,  ,  ,  ,  ,  ,  ,  ,  ,  ,  ,  ,  ,  ,  ,  ,  ,  ,  ,  ,  ,  ,  ,  ,  ,  ,  ,  ,  ,  ,  ,  ,  ,  ,  ,  ,  ,  ,  ,  ,  ,  ,  ,  ,  ,  ,  ,  ,  ,  ,  ,  ,  ,  ,  ,  ,  ,  ,  ,  ,  ,  ,  ,  ,  ,  ,  ,  ,  ,  ,  ,  ,  ,  ,  ,  ,  ,  ,  ,  ,  ,  ,  ,  ,  ,  ,  ,  ,  ,  ,  ,  ,  ,  ,  ,  ,  ,  ,  ,  ,  ,  ,  ,  ,  ,  ,  ,  ,  ,  ,  ,  ,  ,  ,  ,  ,  ,  ,  ,  ,  ,  ,  ,  ,  ,  ,  ,  ,  ,  ,  ,  ,  ,  ,  ,  ,  ,  ,  ,  ,  ,  ,  ,  ,  ,  ,  ,  ,  ,  ,  ,  ,  ,  ,  ,  ,  ,  ,  ,  ,  ,  ,  ,  ,  ,  ,  ,  ,  ,  ,  ,  ,  ,  ,  ,  ,  ,  ,  ,  ,  ,  ,  ,  ,  ,  ,  ,  ,  ,  ,  ,  ,  ,  ,  ,  ,  ,  ,  ,  ,  ,  ,  ,  ,  ,  ,  ,  ,  ,  ,  ,  ,  ,  ,  ,  ,  ,  ,  ,  ,  ,  ,  ,  ,  ,  , 0+0:0:0:0:0
A major blues (3#),  ,  ,  ,  ,  ,  ,  ,  ,  ,  ,  ,  ,  ,  ,  ,  ,  ,  ,  ,  ,  ,  ,  ,  ,  ,  ,  ,  ,  ,  ,  ,  ,  ,  ,  ,  ,  ,  ,  ,  ,  ,  ,  ,  ,  ,  ,  ,  ,  ,  ,  ,  ,  ,  ,  ,  ,  ,  ,  ,  ,  ,  ,  ,  ,  ,  ,  ,  ,  ,  ,  ,  ,  ,  ,  ,  ,  ,  ,  ,  ,  ,  ,  ,  ,  ,  ,  ,  ,  ,  ,  ,  ,  ,  ,  ,  ,  ,  ,  ,  ,  ,  ,  ,  ,  ,  ,  ,  ,  ,  ,  ,  ,  ,  ,  ,  ,  ,  ,  ,  ,  ,  ,  ,  ,  ,  ,  ,  ,  ,  ,  ,  ,  ,  ,  ,  ,  ,  ,  ,  ,  ,  ,  ,  ,  ,  ,  ,  ,  ,  ,  ,  ,  ,  ,  ,  ,  ,  ,  ,  ,  ,  ,  ,  ,  ,  ,  ,  ,  ,  ,  ,  ,  ,  ,  ,  ,  ,  ,  ,  ,  ,  ,  ,  ,  ,  ,  ,  ,  ,  ,  ,  ,  ,  ,  ,  ,  ,  ,  ,  ,  ,  ,  ,  ,  ,  ,  ,  ,  ,  ,  ,  ,  ,  ,  ,  ,  ,  ,  ,  ,  ,  ,  ,  ,  ,  ,  ,  ,  ,  ,  ,  ,  ,  ,  ,  ,  ,  ,  ,  ,  ,  ,  ,  ,  ,  ,  ,  ,  ,  ,  ,  ,  ,  ,  ,  ,  ,  ,  ,  ,  ,  ,  ,  ,  ,  ,  ,  ,  ,  ,  ,  ,  ,  ,  ,  ,  ,  ,  ,  ,  ,  ,  ,  ,  ,  ,  ,  ,  ,  ,  ,  ,  ,  ,  ,  ,  ,  ,  ,  ,  ,  ,  ,  ,  ,  ,  ,  ,  ,  ,  ,  ,  ,  ,  ,  ,  ,  ,  ,  ,  ,  ,  ,  ,  ,  ,  ,  ,  ,  ,  ,  ,  ,  ,  ,  ,  ,  ,  ,  ,  ,  ,  ,  ,  ,  ,  ,  ,  ,  ,  ,  ,  ,  ,  ,  , 0+0:0:0:0:0
C minor blues (3b),  ,  ,  ,  ,  ,  ,  ,  ,  ,  ,  ,  ,  ,  ,  ,  ,  ,  ,  ,  ,  ,  ,  ,  ,  ,  ,  ,  ,  ,  ,  ,  ,  ,  ,  ,  ,  ,  ,  ,  ,  ,  ,  ,  ,  ,  ,  ,  ,  ,  ,  ,  ,  ,  ,  ,  ,  ,  ,  ,  ,  ,  ,  ,  ,  ,  ,  ,  ,  ,  ,  ,  ,  ,  ,  ,  ,  ,  ,  ,  ,  ,  ,  ,  ,  ,  ,  ,  ,  ,  ,  ,  ,  ,  ,  ,  ,  ,  ,  ,  ,  ,  ,  ,  ,  ,  ,  ,  ,  ,  ,  ,  ,  ,  ,  ,  ,  ,  ,  ,  ,  ,  ,  ,  ,  ,  ,  ,  ,  ,  ,  ,  ,  ,  ,  ,  ,  ,  ,  ,  ,  ,  ,  ,  ,  ,  ,  ,  ,  ,  ,  ,  ,  ,  ,  ,  ,  ,  ,  ,  ,  ,  ,  ,  ,  ,  ,  ,  ,  ,  ,  ,  ,  ,  ,  ,  ,  ,  ,  ,  ,  ,  ,  ,  ,  ,  ,  ,  ,  ,  ,  ,  ,  ,  ,  ,  ,  ,  ,  ,  ,  ,  ,  ,  ,  ,  ,  ,  ,  ,  ,  ,  ,  ,  ,  ,  ,  ,  ,  ,  ,  ,  ,  ,  ,  ,  ,  ,  ,  ,  ,  ,  ,  ,  ,  ,  ,  ,  ,  ,  ,  ,  ,  ,  ,  ,  ,  ,  ,  ,  ,  ,  ,  ,  ,  ,  ,  ,  ,  ,  ,  ,  ,  ,  ,  ,  ,  ,  ,  ,  ,  ,  ,  ,  ,  ,  ,  ,  ,  ,  ,  ,  ,  ,  ,  ,  ,  ,  ,  ,  ,  ,  ,  ,  ,  ,  ,  ,  ,  ,  ,  ,  ,  ,  ,  ,  ,  ,  ,  ,  ,  ,  ,  ,  ,  ,  ,  ,  ,  ,  ,  ,  ,  ,  ,  ,  ,  ,  ,  ,  ,  ,  ,  ,  ,  ,  ,  ,  ,  ,  ,  ,  ,  ,  ,  ,  ,  ,  ,  ,  ,  ,  ,  ,  ,  ,  , 0+0:0:0:0:0
F# minor blues (3#),  ,  ,  ,  ,  ,  ,  ,  ,  ,  ,  ,  ,  ,  ,  ,  ,  ,  ,  ,  ,  ,  ,  ,  ,  ,  ,  ,  ,  ,  ,  ,  ,  ,  ,  ,  ,  ,  ,  ,  ,  ,  ,  ,  ,  ,  ,  ,  ,  ,  ,  ,  ,  ,  ,  ,  ,  ,  ,  ,  ,  ,  ,  ,  ,  ,  ,  ,  ,  ,  ,  ,  ,  ,  ,  ,  ,  ,  ,  ,  ,  ,  ,  ,  ,  ,  ,  ,  ,  ,  ,  ,  ,  ,  ,  ,  ,  ,  ,  ,  ,  ,  ,  ,  ,  ,  ,  ,  ,  ,  ,  ,  ,  ,  ,  ,  ,  ,  ,  ,  ,  ,  ,  ,  ,  ,  ,  ,  ,  ,  ,  ,  ,  ,  ,  ,  ,  ,  ,  ,  ,  ,  ,  ,  ,  ,  ,  ,  ,  ,  ,  ,  ,  ,  ,  ,  ,  ,  ,  ,  ,  ,  ,  ,  ,  ,  ,  ,  ,  ,  ,  ,  ,  ,  ,  ,  ,  ,  ,  ,  ,  ,  ,  ,  ,  ,  ,  ,  ,  ,  ,  ,  ,  ,  ,  ,  ,  ,  ,  ,  ,  ,  ,  ,  ,  ,  ,  ,  ,  ,  ,  ,  ,  ,  ,  ,  ,  ,  ,  ,  ,  ,  ,  ,  ,  ,  ,  ,  ,  ,  ,  ,  ,  ,  ,  ,  ,  ,  ,  ,  ,  ,  ,  ,  ,  ,  ,  ,  ,  ,  ,  ,  ,  ,  ,  ,  ,  ,  ,  ,  ,  ,  ,  ,  ,  ,  ,  ,  ,  ,  ,  ,  ,  ,  ,  ,  ,  ,  ,  ,  ,  ,  ,  ,  ,  ,  ,  ,  ,  ,  ,  ,  ,  ,  ,  ,  ,  ,  ,  ,  ,  ,  ,  ,  ,  ,  ,  ,  ,  ,  ,  ,  ,  ,  ,  ,  ,  ,  ,  ,  ,  ,  ,  ,  ,  ,  ,  ,  ,  ,  ,  ,  ,  ,  ,  ,  ,  ,  ,  ,  ,  ,  ,  ,  ,  ,  ,  ,  ,  ,  ,  ,  ,  ,  ,  ,  , 0+0:0:0:0:0
Eb dorian (3b),  ,  ,  ,  ,  ,  ,  ,  ,  ,  ,  ,  ,  ,  ,  ,  ,  ,  ,  ,  ,  ,  ,  ,  ,  ,  ,  ,  ,  ,  ,  ,  ,  ,  ,  ,  ,  ,  ,  ,  ,  ,  ,  ,  ,  ,  ,  ,  ,  ,  ,  ,  ,  ,  ,  ,  ,  ,  ,  ,  ,  ,  ,  ,  ,  ,  ,  ,  ,  ,  ,  ,  ,  ,  ,  ,  ,  ,  ,  ,  ,  ,  ,  ,  ,  ,  ,  ,  ,  ,  ,  ,  ,  ,  ,  ,  ,  ,  ,  ,  ,  ,  ,  ,  ,  ,  ,  ,  ,  ,  ,  ,  ,  ,  ,  ,  ,  ,  ,  ,  ,  ,  ,  ,  ,  ,  ,  ,  ,  ,  ,  ,  ,  ,  ,  ,  ,  ,  ,  ,  ,  ,  ,  ,  ,  ,  ,  ,  ,  ,  ,  ,  ,  ,  ,  ,  ,  ,  ,  ,  ,  ,  ,  ,  ,  ,  ,  ,  ,  ,  ,  ,  ,  ,  ,  ,  ,  ,  ,  ,  ,  ,  ,  ,  ,  ,  ,  ,  ,  ,  ,  ,  ,  ,  ,  ,  ,  ,  ,  ,  ,  ,  ,  ,  ,  ,  ,  ,  ,  ,  ,  ,  ,  ,  ,  ,  ,  ,  ,  ,  ,  ,  ,  ,  ,  ,  ,  ,  ,  ,  ,  ,  ,  ,  ,  ,  ,  ,  ,  ,  ,  ,  ,  ,  ,  ,  ,  ,  ,  ,  ,  ,  ,  ,  ,  ,  ,  ,  ,  ,  ,  ,  ,  ,  ,  ,  ,  ,  ,  ,  ,  ,  ,  ,  ,  ,  ,  ,  ,  ,  ,  ,  ,  ,  ,  ,  ,  ,  ,  ,  ,  ,  ,  ,  ,  ,  ,  ,  ,  ,  ,  ,  ,  ,  ,  ,  ,  ,  ,  ,  ,  ,  ,  ,  ,  ,  ,  ,  ,  ,  ,  ,  ,  ,  ,  ,  ,  ,  ,  ,  ,  ,  ,  ,  ,  ,  ,  ,  ,  ,  ,  ,  ,  ,  ,  ,  ,  ,  ,  ,  ,  ,  ,  ,  ,  ,  , 0+0:0:0:0:0
A dorian (3#),  ,  ,  ,  ,  ,  ,  ,  ,  ,  ,  ,  ,  ,  ,  ,  ,  ,  ,  ,  ,  ,  ,  ,  ,  ,  ,  ,  ,  ,  ,  ,  ,  ,  ,  ,  ,  ,  ,  ,  ,  ,  ,  ,  ,  ,  ,  ,  ,  ,  ,  ,  ,  ,  ,  ,  ,  ,  ,  ,  ,  ,  ,  ,  ,  ,  ,  ,  ,  ,  ,  ,  ,  ,  ,  ,  ,  ,  ,  ,  ,  ,  ,  ,  ,  ,  ,  ,  ,  ,  ,  ,  ,  ,  ,  ,  ,  ,  ,  ,  ,  ,  ,  ,  ,  ,  ,  ,  ,  ,  ,  ,  ,  ,  ,  ,  ,  ,  ,  ,  ,  ,  ,  ,  ,  ,  ,  ,  ,  ,  ,  ,  ,  ,  ,  ,  ,  ,  ,  ,  ,  ,  ,  ,  ,  ,  ,  ,  ,  ,  ,  ,  ,  ,  ,  ,  ,  ,  ,  ,  ,  ,  ,  ,  ,  ,  ,  ,  ,  ,  ,  ,  ,  ,  ,  ,  ,  ,  ,  ,  ,  ,  ,  ,  ,  ,  ,  ,  ,  ,  ,  ,  ,  ,  ,  ,  ,  ,  ,  ,  ,  ,  ,  ,  ,  ,  ,  ,  ,  ,  ,  ,  ,  ,  ,  ,  ,  ,  ,  ,  ,  ,  ,  ,  ,  ,  ,  ,  ,  ,  ,  ,  ,  ,  ,  ,  ,  ,  ,  ,  ,  ,  ,  ,  ,  ,  ,  ,  ,  ,  ,  ,  ,  ,  ,  ,  ,  ,  ,  ,  ,  ,  ,  ,  ,  ,  ,  ,  ,  ,  ,  ,  ,  ,  ,  ,  ,  ,  ,  ,  ,  ,  ,  ,  ,  ,  ,  ,  ,  ,  ,  ,  ,  ,  ,  ,  ,  ,  ,  ,  ,  ,  ,  ,  ,  ,  ,  ,  ,  ,  ,  ,  ,  ,  ,  ,  ,  ,  ,  ,  ,  ,  ,  ,  ,  ,  ,  ,  ,  ,  ,  ,  ,  ,  ,  ,  ,  ,  ,  ,  ,  ,  ,  ,  ,  ,  ,  ,  ,  ,  ,  ,  ,  ,  ,  ,  , 0+0:0:0:0:0
Eb phrygian (3b),  ,  ,  ,  ,  ,  ,  ,  ,  ,  ,  ,  ,  ,  ,  ,  ,  ,  ,  ,  ,  ,  ,  ,  ,  ,  ,  ,  ,  ,  ,  ,  ,  ,  ,  ,  ,  ,  ,  ,  ,  ,  ,  ,  ,  ,  ,  ,  ,  ,  ,  ,  ,  ,  ,  ,  ,  ,  ,  ,  ,  ,  ,  ,  ,  ,  ,  ,  ,  ,  ,  ,  ,  ,  ,  ,  ,  ,  ,  ,  ,  ,  ,  ,  ,  ,  ,  ,  ,  ,  ,  ,  ,  ,  ,  ,  ,  ,  ,  ,  ,  ,  ,  ,  ,  ,  ,  ,  ,  ,  ,  ,  ,  ,  ,  ,  ,  ,  ,  ,  ,  ,  ,  ,  ,  ,  ,  ,  ,  ,  ,  ,  ,  ,  ,  ,  ,  ,  ,  ,  ,  ,  ,  ,  ,  ,  ,  ,  ,  ,  ,  ,  ,  ,  ,  ,  ,  ,  ,  ,  ,  ,  ,  ,  ,  ,  ,  ,  ,  ,  ,  ,  ,  ,  ,  ,  ,  ,  ,  ,  ,  ,  ,  ,  ,  ,  ,  ,  ,  ,  ,  ,  ,  ,  ,  ,  ,  ,  ,  ,  ,  ,  ,  ,  ,  ,  ,  ,  ,  ,  ,  ,  ,  ,  ,  ,  ,  ,  ,  ,  ,  ,  ,  ,  ,  ,  ,  ,  ,  ,  ,  ,  ,  ,  ,  ,  ,  ,  ,  ,  ,  ,  ,  ,  ,  ,  ,  ,  ,  ,  ,  ,  ,  ,  ,  ,  ,  ,  ,  ,  ,  ,  ,  ,  ,  ,  ,  ,  ,  ,  ,  ,  ,  ,  ,  ,  ,  ,  ,  ,  ,  ,  ,  ,  ,  ,  ,  ,  ,  ,  ,  ,  ,  ,  ,  ,  ,  ,  ,  ,  ,  ,  ,  ,  ,  ,  ,  ,  ,  ,  ,  ,  ,  ,  ,  ,  ,  ,  ,  ,  ,  ,  ,  ,  ,  ,  ,  ,  ,  ,  ,  ,  ,  ,  ,  ,  ,  ,  ,  ,  ,  ,  ,  ,  ,  ,  ,  ,  ,  ,  ,  ,  ,  ,  ,  ,  , 0+0:0:0:0:0
A phrygian (3#),  ,  ,  ,  ,  ,  ,  ,  ,  ,  ,  ,  ,  ,  ,  ,  ,  ,  ,  ,  ,  ,  ,  ,  ,  ,  ,  ,  ,  ,  ,  ,  ,  ,  ,  ,  ,  ,  ,  ,  ,  ,  ,  ,  ,  ,  ,  ,  ,  ,  ,  ,  ,  ,  ,  ,  ,  ,  ,  ,  ,  ,  ,  ,  ,  ,  ,  ,  ,  ,  ,  ,  ,  ,  ,  ,  ,  ,  ,  ,  ,  ,  ,  ,  ,  ,  ,  ,  ,  ,  ,  ,  ,  ,  ,  ,  ,  ,  ,  ,  ,  ,  ,  ,  ,  ,  ,  ,  ,  ,  ,  ,  ,  ,  ,  ,  ,  ,  ,  ,  ,  ,  ,  ,  ,  ,  ,  ,  ,  ,  ,  ,  ,  ,  ,  ,  ,  ,  ,  ,  ,  ,  ,  ,  ,  ,  ,  ,  ,  ,  ,  ,  ,  ,  ,  ,  ,  ,  ,  ,  ,  ,  ,  ,  ,  ,  ,  ,  ,  ,  ,  ,  ,  ,  ,  ,  ,  ,  ,  ,  ,  ,  ,  ,  ,  ,  ,  ,  ,  ,  ,  ,  ,  ,  ,  ,  ,  ,  ,  ,  ,  ,  ,  ,  ,  ,  ,  ,  ,  ,  ,  ,  ,  ,  ,  ,  ,  ,  ,  ,  ,  ,  ,  ,  ,  ,  ,  ,  ,  ,  ,  ,  ,  ,  ,  ,  ,  ,  ,  ,  ,  ,  ,  ,  ,  ,  ,  ,  ,  ,  ,  ,  ,  ,  ,  ,  ,  ,  ,  ,  ,  ,  ,  ,  ,  ,  ,  ,  ,  ,  ,  ,  ,  ,  ,  ,  ,  ,  ,  ,  ,  ,  ,  ,  ,  ,  ,  ,  ,  ,  ,  ,  ,  ,  ,  ,  ,  ,  ,  ,  ,  ,  ,  ,  ,  ,  ,  ,  ,  ,  ,  ,  ,  ,  ,  ,  ,  ,  ,  ,  ,  ,  ,  ,  ,  ,  ,  ,  ,  ,  ,  ,  ,  ,  ,  ,  ,  ,  ,  ,  ,  ,  ,  ,  ,  ,  ,  ,  ,  ,  ,  ,  ,  ,  ,  ,  , 0+0:0:0:0:0
Eb lydian (3b),  ,  ,  ,  ,  ,  ,  ,  ,  ,  ,  ,  ,  ,  ,  ,  ,  ,  ,  ,  ,  ,  ,  ,  ,  ,  ,  ,  ,  ,  ,  ,  ,  ,  ,  ,  ,  ,  ,  ,  ,  ,  ,  ,  ,  ,  ,  ,  ,  ,  ,  ,  ,  ,  ,  ,  ,  ,  ,  ,  ,  ,  ,  ,  ,  ,  ,  ,  ,  ,  ,  ,  ,  ,  ,  ,  ,  ,  ,  ,  ,  ,  ,  ,  ,  ,  ,  ,  ,  ,  ,  ,  ,  ,  ,  ,  ,  ,  ,  ,  ,  ,  ,  ,  ,  ,  ,  ,  ,  ,  ,  ,  ,  ,  ,  ,  ,  ,  ,  ,  ,  ,  ,  ,  ,  ,  ,  ,  ,  ,  ,  ,  ,  ,  ,  ,  ,  ,  ,  ,  ,  ,  ,  ,  ,  ,  ,  ,  ,  ,  ,  ,  ,  ,  ,  ,  ,  ,  ,  ,  ,  ,  ,  ,  ,  ,  ,  ,  ,  ,  ,  ,  ,  ,  ,  ,  ,  ,  ,  ,  ,  ,  ,  ,  ,  ,  ,  ,  ,  ,  ,  ,  ,  ,  ,  ,  ,  ,  ,  ,  ,  ,  ,  ,  ,  ,  ,  ,  ,  ,  ,  ,  ,  ,  ,  ,  ,  ,  ,  ,  ,  ,  ,  ,  ,  ,  ,  ,  ,  ,  ,  ,  ,  ,  ,  ,  ,  ,  ,  ,  ,  ,  ,  ,  ,  ,  ,  ,  ,  ,  ,  ,  ,  ,  ,  ,  ,  ,  ,  ,  ,  ,  ,  ,  ,  ,  ,  ,  ,  ,  ,  ,  ,  ,  ,  ,  ,  ,  ,  ,  ,  ,  ,  ,  ,  ,  ,  ,  ,  ,  ,  ,  ,  ,  ,  ,  ,  ,  ,  ,  ,  ,  ,  ,  ,  ,  ,  ,  ,  ,  ,  ,  ,  ,  ,  ,  ,  ,  ,  ,  ,  ,  ,  ,  ,  ,  ,  ,  ,  ,  ,  ,  ,  ,  ,  ,  ,  ,  ,  ,  ,  ,  ,  ,  ,  ,  ,  ,  ,  ,  ,  ,  ,  ,  ,  ,  , 0+0:0:0:0:0
A lydian (3#),  ,  ,  ,  ,  ,  ,  ,  ,  ,  ,  ,  ,  ,  ,  ,  ,  ,  ,  ,  ,  ,  ,  ,  ,  ,  ,  ,  ,  ,  ,  ,  ,  ,  ,  ,  ,  ,  ,  ,  ,  ,  ,  ,  ,  ,  ,  ,  ,  ,  ,  ,  ,  ,  ,  ,  ,  ,  ,  ,  ,  ,  ,  ,  ,  ,  ,  ,  ,  ,  ,  ,  ,  ,  ,  ,  ,  ,  ,  ,  ,  ,  ,  ,  ,  ,  ,  ,  ,  ,  ,  ,  ,  ,  ,  ,  ,  ,  ,  ,  ,  ,  ,  ,  ,  ,  ,  ,  ,  ,  ,  ,  ,  ,  ,  ,  ,  ,  ,  ,  ,  ,  ,  ,  ,  ,  ,  ,  ,  ,  ,  ,  ,  ,  ,  ,  ,  ,  ,  ,  ,  ,  ,  ,  ,  ,  ,  ,  ,  ,  ,  ,  ,  ,  ,  ,  ,  ,  ,  ,  ,  ,  ,  ,  ,  ,  ,  ,  ,  ,  ,  ,  ,  ,  ,  ,  ,  ,  ,  ,  ,  ,  ,  ,  ,  ,  ,  ,  ,  ,  ,  ,  ,  ,  ,  ,  ,  ,  ,  ,  ,  ,  ,  ,  ,  ,  ,  ,  ,  ,  ,  ,  ,  ,  ,  ,  ,  ,  ,  ,  ,  ,  ,  ,  ,  ,  ,  ,  ,  ,  ,  ,  ,  ,  ,  ,  ,  ,  ,  ,  ,  ,  ,  ,  ,  ,  ,  ,  ,  ,  ,  ,  ,  ,  ,  ,  ,  ,  ,  ,  ,  ,  ,  ,  ,  ,  ,  ,  ,  ,  ,  ,  ,  ,  ,  ,  ,  ,  ,  ,  ,  ,  ,  ,  ,  ,  ,  ,  ,  ,  ,  ,  ,  ,  ,  ,  ,  ,  ,  ,  ,  ,  ,  ,  ,  ,  ,  ,  ,  ,  ,  ,  ,  ,  ,  ,  ,  ,  ,  ,  ,  ,  ,  ,  ,  ,  ,  ,  ,  ,  ,  ,  ,  ,  ,  ,  ,  ,  ,  ,  ,  ,  ,  ,  ,  ,  ,  ,  ,  ,  ,  ,  ,  ,  ,  ,  , 0+0:0:0:0:0
Eb mixolydian (3b),  ,  ,  ,  ,  ,  ,  ,  ,  ,  ,  ,  ,  ,  ,  ,  ,  ,  ,  ,  ,  ,  ,  ,  ,  ,  ,  ,  ,  ,  ,  ,  ,  ,  ,  ,  ,  ,  ,  ,  ,  ,  ,  ,  ,  ,  ,  ,  ,  ,  ,  ,  ,  ,  ,  ,  ,  ,  ,  ,  ,  ,  ,  ,  ,  ,  ,  ,  ,  ,  ,  ,  ,  ,  ,  ,  ,  ,  ,  ,  ,  ,  ,  ,  ,  ,  ,  ,  ,  ,  ,  ,  ,  ,  ,  ,  ,  ,  ,  ,  ,  ,  ,  ,  ,  ,  ,  ,  ,  ,  ,  ,  ,  ,  ,  ,  ,  ,  ,  ,  ,  ,  ,  ,  ,  ,  ,  ,  ,  ,  ,  ,  ,  ,  ,  ,  ,  ,  ,  ,  ,  ,  ,  ,  ,  ,  ,  ,  ,  ,  ,  ,  ,  ,  ,  ,  ,  ,  ,  ,  ,  ,  ,  ,  ,  ,  ,  ,  ,  ,  ,  ,  ,  ,  ,  ,  ,  ,  ,  ,  ,  ,  ,  ,  ,  ,  ,  ,  ,  ,  ,  ,  ,  ,  ,  ,  ,  ,  ,  ,  ,  ,  ,  ,  ,  ,  ,  ,  ,  ,  ,  ,  ,  ,  ,  ,  ,  ,  ,  ,  ,  ,  ,  ,  ,  ,  ,  ,  ,  ,  ,  ,  ,  ,  ,  ,  ,  ,  ,  ,  ,  ,  ,  ,  ,  ,  ,  ,  ,  ,  ,  ,  ,  ,  ,  ,  ,  ,  ,  ,  ,  ,  ,  ,  ,  ,  ,  ,  ,  ,  ,  ,  ,  ,  ,  ,  ,  ,  ,  ,  ,  ,  ,  ,  ,  ,  ,  ,  ,  ,  ,  ,  ,  ,  ,  ,  ,  ,  ,  ,  ,  ,  ,  ,  ,  ,  ,  ,  ,  ,  ,  ,  ,  ,  ,  ,  ,  ,  ,  ,  ,  ,  ,  ,  ,  ,  ,  ,  ,  ,  ,  ,  ,  ,  ,  ,  ,  ,  ,  ,  ,  ,  ,  ,  ,  ,  ,  ,  ,  ,  ,  ,  ,  ,  ,  ,  , 0+0:0:0:0:0
A mixolydian (3#),  ,  ,  ,  ,  ,  ,  ,  ,  ,  ,  ,  ,  ,  ,  ,  ,  ,  ,  ,  ,  ,  ,  ,  ,  ,  ,  ,  ,  ,  ,  ,  ,  ,  ,  ,  ,  ,  ,  ,  ,  ,  ,  ,  ,  ,  ,  ,  ,  ,  ,  ,  ,  ,  ,  ,  ,  ,  ,  ,  ,  ,  ,  ,  ,  ,  ,  ,  ,  ,  ,  ,  ,  ,  ,  ,  ,  ,  ,  ,  ,  ,  ,  ,  ,  ,  ,  ,  ,  ,  ,  ,  ,  ,  ,  ,  ,  ,  ,  ,  ,  ,  ,  ,  ,  ,  ,  ,  ,  ,  ,  ,  ,  ,  ,  ,  ,  ,  ,  ,  ,  ,  ,  ,  ,  ,  ,  ,  ,  ,  ,  ,  ,  ,  ,  ,  ,  ,  ,  ,  ,  ,  ,  ,  ,  ,  ,  ,  ,  ,  ,  ,  ,  ,  ,  ,  ,  ,  ,  ,  ,  ,  ,  ,  ,  ,  ,  ,  ,  ,  ,  ,  ,  ,  ,  ,  ,  ,  ,  ,  ,  ,  ,  ,  ,  ,  ,  ,  ,  ,  ,  ,  ,  ,  ,  ,  ,  ,  ,  ,  ,  ,  ,  ,  ,  ,  ,  ,  ,  ,  ,  ,  ,  ,  ,  ,  ,  ,  ,  ,  ,  ,  ,  ,  ,  ,  ,  ,  ,  ,  ,  ,  ,  ,  ,  ,  ,  ,  ,  ,  ,  ,  ,  ,  ,  ,  ,  ,  ,  ,  ,  ,  ,  ,  ,  ,  ,  ,  ,  ,  ,  ,  ,  ,  ,  ,  ,  ,  ,  ,  ,  ,  ,  ,  ,  ,  ,  ,  ,  ,  ,  ,  ,  ,  ,  ,  ,  ,  ,  ,  ,  ,  ,  ,  ,  ,  ,  ,  ,  ,  ,  ,  ,  ,  ,  ,  ,  ,  ,  ,  ,  ,  ,  ,  ,  ,  ,  ,  ,  ,  ,  ,  ,  ,  ,  ,  ,  ,  ,  ,  ,  ,  ,  ,  ,  ,  ,  ,  ,  ,  ,  ,  ,  ,  ,  ,  ,  ,  ,  ,  ,  ,  ,  ,  ,  ,  , 0+0:0:0:0:0
Eb aeolian (3b),  ,  ,  ,  ,  ,  ,  ,  ,  ,  ,  ,  ,  ,  ,  ,  ,  ,  ,  ,  ,  ,  ,  ,  ,  ,  ,  ,  ,  ,  ,  ,  ,  ,  ,  ,  ,  ,  ,  ,  ,  ,  ,  ,  ,  ,  ,  ,  ,  ,  ,  ,  ,  ,  ,  ,  ,  ,  ,  ,  ,  ,  ,  ,  ,  ,  ,  ,  ,  ,  ,  ,  ,  ,  ,  ,  ,  ,  ,  ,  ,  ,  ,  ,  ,  ,  ,  ,  ,  ,  ,  ,  ,  ,  ,  ,  ,  ,  ,  ,  ,  ,  ,  ,  ,  ,  ,  ,  ,  ,  ,  ,  ,  ,  ,  ,  ,  ,  ,  ,  ,  ,  ,  ,  ,  ,  ,  ,  ,  ,  ,  ,  ,  ,  ,  ,  ,  ,  ,  ,  ,  ,  ,  ,  ,  ,  ,  ,  ,  ,  ,  ,  ,  ,  ,  ,  ,  ,  ,  ,  ,  ,  ,  ,  ,  ,  ,  ,  ,  ,  ,  ,  ,  ,  ,  ,  ,  ,  ,  ,  ,  ,  ,  ,  ,  ,  ,  ,  ,  ,  ,  ,  ,  ,  ,  ,  ,  ,  ,  ,  ,  ,  ,  ,  ,  ,  ,  ,  ,  ,  ,  ,  ,  ,  ,  ,  ,  ,  ,  ,  ,  ,  ,  ,  ,  ,  ,  ,  ,  ,  ,  ,  ,  ,  ,  ,  ,  ,  ,  ,  ,  ,  ,  ,  ,  ,  ,  ,  ,  ,  ,  ,  ,  ,  ,  ,  ,  ,  ,  ,  ,  ,  ,  ,  ,  ,  ,  ,  ,  ,  ,  ,  ,  ,  ,  ,  ,  ,  ,  ,  ,  ,  ,  ,  ,  ,  ,  ,  ,  ,  ,  ,  ,  ,  ,  ,  ,  ,  ,  ,  ,  ,  ,  ,  ,  ,  ,  ,  ,  ,  ,  ,  ,  ,  ,  ,  ,  ,  ,  ,  ,  ,  ,  ,  ,  ,  ,  ,  ,  ,  ,  ,  ,  ,  ,  ,  ,  ,  ,  ,  ,  ,  ,  ,  ,  ,  ,  ,  ,  ,  ,  ,  ,  ,  ,  ,  , 0+0:0:0:0:0
A aeolian (3#),  ,  ,  ,  ,  ,  ,  ,  ,  ,  ,  ,  ,  ,  ,  ,  ,  ,  ,  ,  ,  ,  ,  ,  ,  ,  ,  ,  ,  ,  ,  ,  ,  ,  ,  ,  ,  ,  ,  ,  ,  ,  ,  ,  ,  ,  ,  ,  ,  ,  ,  ,  ,  ,  ,  ,  ,  ,  ,  ,  ,  ,  ,  ,  ,  ,  ,  ,  ,  ,  ,  ,  ,  ,  ,  ,  ,  ,  ,  ,  ,  ,  ,  ,  ,  ,  ,  ,  ,  ,  ,  ,  ,  ,  ,  ,  ,  ,  ,  ,  ,  ,  ,  ,  ,  ,  ,  ,  ,  ,  ,  ,  ,  ,  ,  ,  ,  ,  ,  ,  ,  ,  ,  ,  ,  ,  ,  ,  ,  ,  ,  ,  ,  ,  ,  ,  ,  ,  ,  ,  ,  ,  ,  ,  ,  ,  ,  ,  ,  ,  ,  ,  ,  ,  ,  ,  ,  ,  ,  ,  ,  ,  ,  ,  ,  ,  ,  ,  ,  ,  ,  ,  ,  ,  ,  ,  ,  ,  ,  ,  ,  ,  ,  ,  ,  ,  ,  ,  ,  ,  ,  ,  ,  ,  ,  ,  ,  ,  ,  ,  ,  ,  ,  ,  ,  ,  ,  ,  ,  ,  ,  ,  ,  ,  ,  ,  ,  ,  ,  ,  ,  ,  ,  ,  ,  ,  ,  ,  ,  ,  ,  ,  ,  ,  ,  ,  ,  ,  ,  ,  ,  ,  ,  ,  ,  ,  ,  ,  ,  ,  ,  ,  ,  ,  ,  ,  ,  ,  ,  ,  ,  ,  ,  ,  ,  ,  ,  ,  ,  ,  ,  ,  ,  ,  ,  ,  ,  ,  ,  ,  ,  ,  ,  ,  ,  ,  ,  ,  ,  ,  ,  ,  ,  ,  ,  ,  ,  ,  ,  ,  ,  ,  ,  ,  ,  ,  ,  ,  ,  ,  ,  ,  ,  ,  ,  ,  ,  ,  ,  ,  ,  ,  ,  ,  ,  ,  ,  ,  ,  ,  ,  ,  ,  ,  ,  ,  ,  ,  ,  ,  ,  ,  ,  ,  ,  ,  ,  ,  ,  ,  ,  ,  ,  ,  ,  ,  , 0+0:0:0:0:0
Eb locrian (3b),  ,  ,  ,  ,  ,  ,  ,  ,  ,  ,  ,  ,  ,  ,  ,  ,  ,  ,  ,  ,  ,  ,  ,  ,  ,  ,  ,  ,  ,  ,  ,  ,  ,  ,  ,  ,  ,  ,  ,  ,  ,  ,  ,  ,  ,  ,  ,  ,  ,  ,  ,  ,  ,  ,  ,  ,  ,  ,  ,  ,  ,  ,  ,  ,  ,  ,  ,  ,  ,  ,  ,  ,  ,  ,  ,  ,  ,  ,  ,  ,  ,  ,  ,  ,  ,  ,  ,  ,  ,  ,  ,  ,  ,  ,  ,  ,  ,  ,  ,  ,  ,  ,  ,  ,  ,  ,  ,  ,  ,  ,  ,  ,  ,  ,  ,  ,  ,  ,  ,  ,  ,  ,  ,  ,  ,  ,  ,  ,  ,  ,  ,  ,  ,  ,  ,  ,  ,  ,  ,  ,  ,  ,  ,  ,  ,  ,  ,  ,  ,  ,  ,  ,  ,  ,  ,  ,  ,  ,  ,  ,  ,  ,  ,  ,  ,  ,  ,  ,  ,  ,  ,  ,  ,  ,  ,  ,  ,  ,  ,  ,  ,  ,  ,  ,  ,  ,  ,  ,  ,  ,  ,  ,  ,  ,  ,  ,  ,  ,  ,  ,  ,  ,  ,  ,  ,  ,  ,  ,  ,  ,  ,  ,  ,  ,  ,  ,  ,  ,  ,  ,  ,  ,  ,  ,  ,  ,  ,  ,  ,  ,  ,  ,  ,  ,  ,  ,  ,  ,  ,  ,  ,  ,  ,  ,  ,  ,  ,  ,  ,  ,  ,  ,  ,  ,  ,  ,  ,  ,  ,  ,  ,  ,  ,  ,  ,  ,  ,  ,  ,  ,  ,  ,  ,  ,  ,  ,  ,  ,  ,  ,  ,  ,  ,  ,  ,  ,  ,  ,  ,  ,  ,  ,  ,  ,  ,  ,  ,  ,  ,  ,  ,  ,  ,  ,  ,  ,  ,  ,  ,  ,  ,  ,  ,  ,  ,  ,  ,  ,  ,  ,  ,  ,  ,  ,  ,  ,  ,  ,  ,  ,  ,  ,  ,  ,  ,  ,  ,  ,  ,  ,  ,  ,  ,  ,  ,  ,  ,  ,  ,  ,  ,  ,  ,  ,  ,  , 0+0:0:0:0:0
A locrian (3#),  ,  ,  ,  ,  ,  ,  ,  ,  ,  ,  ,  ,  ,  ,  ,  ,  ,  ,  ,  ,  ,  ,  ,  ,  ,  ,  ,  ,  ,  ,  ,  ,  ,  ,  ,  ,  ,  ,  ,  ,  ,  ,  ,  ,  ,  ,  ,  ,  ,  ,  ,  ,  ,  ,  ,  ,  ,  ,  ,  ,  ,  ,  ,  ,  ,  ,  ,  ,  ,  ,  ,  ,  ,  ,  ,  ,  ,  ,  ,  ,  ,  ,  ,  ,  ,  ,  ,  ,  ,  ,  ,  ,  ,  ,  ,  ,  ,  ,  ,  ,  ,  ,  ,  ,  ,  ,  ,  ,  ,  ,  ,  ,  ,  ,  ,  ,  ,  ,  ,  ,  ,  ,  ,  ,  ,  ,  ,  ,  ,  ,  ,  ,  ,  ,  ,  ,  ,  ,  ,  ,  ,  ,  ,  ,  ,  ,  ,  ,  ,  ,  ,  ,  ,  ,  ,  ,  ,  ,  ,  ,  ,  ,  ,  ,  ,  ,  ,  ,  ,  ,  ,  ,  ,  ,  ,  ,  ,  ,  ,  ,  ,  ,  ,  ,  ,  ,  ,  ,  ,  ,  ,  ,  ,  ,  ,  ,  ,  ,  ,  ,  ,  ,  ,  ,  ,  ,  ,  ,  ,  ,  ,  ,  ,  ,  ,  ,  ,  ,  ,  ,  ,  ,  ,  ,  ,  ,  ,  ,  ,  ,  ,  ,  ,  ,  ,  ,  ,  ,  ,  ,  ,  ,  ,  ,  ,  ,  ,  ,  ,  ,  ,  ,  ,  ,  ,  ,  ,  ,  ,  ,  ,  ,  ,  ,  ,  ,  ,  ,  ,  ,  ,  ,  ,  ,  ,  ,  ,  ,  ,  ,  ,  ,  ,  ,  ,  ,  ,  ,  ,  ,  ,  ,  ,  ,  ,  ,  ,  ,  ,  ,  ,  ,  ,  ,  ,  ,  ,  ,  ,  ,  ,  ,  ,  ,  ,  ,  ,  ,  ,  ,  ,  ,  ,  ,  ,  ,  ,  ,  ,  ,  ,  ,  ,  ,  ,  ,  ,  ,  ,  ,  ,  ,  ,  ,  ,  ,  ,  ,  ,  ,  ,  ,  ,  ,  ,  , 0+0:0:0:0:0
Ab major (4b), 5+1:1:0:0:1, 4+1:0:0:0:0, 6+2:0:0:0:1, 3+2:0:0:0:0, 3+0:0:0:0:0, 6+1:0:0:0:0, 6+1:0:0:0:1, 4+1:0:0:0:0, 5+1:1:0:0:1, 4+1:0:0:0:0, 6+2:0:0:0:1, 3+2:0:0:0:0, 3+0:0:0:0:0, 6+1:0:0:0:0, 4+1:0:0:0:1, 1+0:0:0:0:0, 4+0:0:0:0:0, 4+5:0:0:0:0, 3+1:0:0:0:1,  , 4+3:0:0:0:3, 2+0:0:0:0:0, 3+2:0:0:0:0, 0+0:0:0:0:0, 5+1:1:0:0:1, 4+1:0:0:0:0, 6+2:0:0:0:1, 3+2:0:0:0:0, 3+0:0:0:0:0, 6+1:0:0:0:0, 4+1:0:0:0:1, 1+0:0:0:0:0, 4+1:0:0:0:1, 4+1:0:0:0:0, 6+2:0:0:0:1, 3+1:0:0:0:0, 3+0:0:0:0:0, 3+1:1:0:0:1, 5+1:0:0:0:1, 3+1:0:0:0:0, 4+1:1:0:0:1, 4+1:0:0:0:0, 7+3:0:0:0:2, 5+3:0:0:0:0, 1+0:0:0:0:0, 3+1:1:0:0:1, 4+1:0:0:0:0, 1+0:0:0:0:0, 5+4:0:0:0:0, 7+4:0:0:0:0, 7+2:0:1:0:1, 3+1:0:0:0:1, 6+4:0:0:0:0, 2+1:0:0:0:0, 3+1:0:0:0:0, 1+0:0:0:0:0, 5+1:0:0:0:1, 3+3:0:0:0:0, 6+2:0:0:0:1, 4+1:0:0:0:0, 3+1:0:0:0:0, 4+3:0:0:0:0, 5+1:0:0:0:1, 3+1:0:0:0:0, 4+1:1:0:0:1, 3+1:0:0:0:0, 8+3:0:0:0:1, 5+2:0:0:0:0, 4+1:1:0:0:1, 4+2:2:0:0:2, 8+3:0:0:0:3, 3+1:0:0:0:0, 6+1:0:0:0:1, 3+1:0:0:0:0, 7+2:0:0:0:1, 3+1:0:0:0:0, 2+1:1:0:0:1, 4+2:2:0:0:2, 5+2:0:0:0:0, 1+0:0:0:0:0, 7+4:0:0:0:0, 5+1:0:0:0:0, 4+2:0:0:0:0, 2+3:1:0:0:3, 5+3:0:0:0:0, 2+0:0:0:0:0, 4+1:0:0:0:0, 1+0:0:0:0:0, 5+1:1:0:0:1, 3+1:0:0:0:0, 9+4:0:0:0:2, 3+2:0:0:0:0, 3+1:0:0:0:0, 3+1:1:0:0:1, 5+1:0:0:0:1, 3+1:0:0:0:0, 5+1:1:0:0:1, 3+1:0:0:0:0, 7+2:0:0:0:1, 3+1:0:0:0:0, 2+0:0:0:0:0, 3+1:1:0:0:1, 6+1:0:0:0:1, 3+1:0:0:0:0, 5+2:0:0:0:1, 5+2:0:0:0:0, 8+2:0:0:0:1, 4+1:0:0:0:0, 2+0:0:0:0:0, 4+4:3:0:0:3, 4+1:0:0:0:0,  , 6+1:0:0:0:0, 6+1:0:0:0:0, 5+1:0:0:0:0,  , 5+3:0:0:0:0, 2+0:0:0:0:0, 3+1:0:0:0:1, 1+1:0:0:0:0, 4+1:1:0:0:1, 3+1:0:0:0:0, 6+2:0:0:0:1, 4+1:0:0:0:0, 2+1:1:0:0:1, 3+1:1:0:0:1, 6+3:0:0:0:3, 6+2:0:0:0:0, 4+1:1:0:0:1, 3+1:0:0:0:0, 7+3:0:0:0:2, 3+1:0:0:0:0, 3+1:0:0:0:0, 5+4:3:0:0:3, 7+4:0:0:0:3, 5+2:0:0:0:0, 4+3:3:0:0:3, 5+2:0:0:0:0, 8+3:0:0:0:1, 5+2:0:0:0:0, 1+0:0:0:0:0, 3+1:1:0:0:1, 4+0:0:0:0:0, 3+1:0:0:0:0, 5+5:0:0:0:0, 6+3:0:0:0:1, 5+3:0:0:0:2, 1+0:0:0:0:0, 5+3:0:0:0:2, 3+0:0:0:0:0, 4+2:0:0:0:0, 2+0:0:0:0:0, 4+1:1:0:0:1, 3+1:0:0:0:0, 6+4:0:0:0:2, 5+2:0:0:0:0, 2+0:0:0:0:0, 6+3:0:0:0:0, 8+3:0:0:0:2, 3+1:0:0:0:0, 4+1:1:0:0:1, 3+1:0:0:0:0, 6+3:0:0:0:2, 5+3:0:0:0:0, 3+1:0:0:0:0, 4+5:4:0:0:4, 7+2:0:0:0:1, 4+1:0:0:0:0, 5+1:1:0:0:1, 4+1:0:0:0:0, 7+2:0:0:0:1, 5+2:0:0:0:0, 2+0:0:0:0:0, 3+1:1:0:0:1, 4+1:1:0:0:1, 1+0:0:0:0:0, 6+3:0:0:0:0, 9+3:0:0:0:0, 7+2:0:0:0:0, 5+2:0:0:0:1, 5+5:0:0:0:0, 3+1:0:0:0:0, 3+2:0:0:0:0, 3+0:0:0:0:0, 4+1:1:0:0:1, 3+1:0:0:0:0, 6+2:0:0:0:1, 4+1:0:0:0:0, 6+3:1:0:0:1, 4+2:0:0:0:0, 6+3:0:0:0:2, 3+2:0:0:0:0, 4+1:1:0:0:1, 3+2:0:0:0:0, 6+2:0:0:0:1, 3+1:0:0:0:0, 2+0:0:0:0:0, 3+1:1:0:0:1, 7+1:0:0:0:0, 4+1:0:0:0:0, 5+1:0:0:0:1, 3+1:0:0:0:0, 8+3:2:0:0:0, 3+2:0:0:0:0, 5+2:1:0:0:1, 3+2:2:0:0:2, 4+1:1:0:0:1, 0+0:0:0:0:0, 5+1:0:0:0:0, 5+1:0:0:0:0, 4+2:0:0:0:0, 0+0:0:0:0:0, 3+1:0:0:0:0, 2+0:0:0:0:0, 3+5:0:0:0:3, 1+2:0:0:0:0, 5+1:0:0:0:1, 4+1:0:0:0:0, 9+4:0:0:0:1, 7+4:0:0:0:0, 2+0:0:0:0:0, 4+1:1:0:0:1, 8+2:0:0:0:0, 4+1:0:0:0:0, 4+1:1:0:0:1, 3+1:0:0:0:0, 6+2:0:0:0:1, 4+2:0:0:0:0, 2+0:0:0:0:0, 6+2:1:0:0:1, 7+2:0:0:0:1, 3+2:0:0:0:0, 4+1:1:0:0:1, 4+1:0:0:0:1, 6+4:0:0:0:3, 6+4:0:0:0:0, 4+1:0:0:0:0, 4+4:3:0:0:3, 4+0:0:0:0:0, 3+0:0:0:0:0, 5+2:0:0:0:0, 5+2:0:0:0:0, 5+1:0:0:0:0, 2+0:0:0:0:0, 6+4:0:0:0:0, 3+2:0:0:0:0, 5+3:0:0:0:1, 3+3:0:1:0:1, 5+1:1:0:0:1, 3+1:0:0:0:0, 7+2:0:0:0:1, 3+1:0:0:0:0, 1+0:0:0:0:0, 3+1:1:0:0:1, 5+1:0:0:0:1, 5+1:0:0:0:0, 5+1:1:0:0:1, 3+1:0:0:0:0, 6+2:0:0:0:1, 4+1:0:0:0:0, 6+3:1:0:0:1, 4+2:0:0:0:0, 6+3:0:0:0:2, 5+2:0:0:0:0, 4+3:3:0:0:3, 6+4:0:0:0:0, 6+4:0:0:0:2, 5+3:0:0:0:0, 1+0:0:0:0:0, 4+1:1:0:0:1, 4+1:0:0:0:0, 2+1:0:0:0:0, 6+2:0:0:0:0, 4+3:0:0:0:0, 3+2:0:0:0:0, 2+0:0:0:0:0, 4+4:0:0:0:0, 3+0:0:0:0:0, 3+2:0:0:0:0, 3+0:0:0:0:0, 5+1:0:0:0:1, 4+1:0:0:0:0, 7+1:1:0:0:0, 3+1:0:0:0:0, 4+2:0:0:0:0, 4+1:1:0:0:1, 7+2:0:0:0:1, 5+2:0:0:0:0, 5+1:1:0:0:1, 3+1:0:0:0:0, 7+2:0:0:0:1, 3+1:0:0:0:0, 2+0:0:0:0:0, 3+1:1:0:0:1, 6+1:0:0:0:1, 3+1:0:0:0:0, 4+1:1:0:0:1, 5+2:0:0:0:0, 7+2:0:0:0:1, 5+2:0:0:0:0, 2+0:0:0:0:0, 4+1:1:0:0:1, 5+2:1:0:0:1, 2+0:0:0:0:0, 5+2:1:0:0:1, 6+3:0:0:0:0, 5+3:0:0:0:1, 1+1:0:0:0:0, 5+2:0:0:0:0, 4+1:0:0:0:0, 2+3:0:0:0:0, 3+0:0:0:0:0, 5+1:1:0:0:1, 4+1:0:0:0:0, 8+3:0:0:0:1, 4+1:0:0:0:0, 7+4:0:0:0:0, 4+2:0:0:0:0, 6+1:0:0:0:1, 7+3:0:0:0:0, 5+1:1:0:0:1, 3+1:0:0:0:0, 6+2:0:0:0:1, 3+1:0:0:0:0, 4+1:0:0:0:0, 5+2:1:1:0:2, 7+2:0:0:0:1, 3+1:0:0:0:0, 4+1:1:0:0:1, 4+2:0:0:0:0, 6+3:0:0:0:2, 5+3:0:0:0:0, 2+0:0:0:0:0, 5+2:1:0:0:1, 4+1:0:0:0:0, 3+1:0:0:0:0, 7+2:0:0:0:0, 4+3:0:0:0:0, 5+3:0:0:0:0, 3+1:1:0:0:1, 6+5:0:0:0:0, 4+2:0:0:0:0, 2+2:0:0:0:2, 2+2:0:1:0:1, 4+1:1:0:0:1, 3+1:0:0:0:0, 7+2:0:0:0:1, 3+1:0:0:0:0, 2+0:0:0:0:0, 3+1:1:0:0:1, 7+3:0:0:0:2, 6+2:0:0:0:0, 2+1:1:0:0:1, 1+0:0:0:0:0, 1+0:0:0:0:0, 1+0:0:0:0:0, 1477+552:83:4:0:184
E major (4#), 5+3:0:0:0:0, 4+1:0:0:0:0, 6+4:0:0:0:0, 4+2:0:0:0:0, 4+2:0:0:0:0, 6+2:0:0:0:0, 3+2:0:0:0:0, 6+3:0:0:0:0, 5+3:0:0:0:0, 4+1:0:0:0:0, 6+4:0:0:0:0, 4+2:0:0:0:0, 4+2:0:0:0:0, 6+2:0:0:0:0, 4+2:0:0:0:0, 2+1:0:0:0:0, 1+0:0:0:0:0, 1+0:0:0:0:0, 1+1:0:0:0:0,  , 2+1:0:0:0:0, 2+1:0:0:0:0, 3+1:0:0:0:0, 1+0:0:0:0:0, 5+3:0:0:0:0, 4+1:0:0:0:0, 6+4:0:0:0:0, 4+2:0:0:0:0, 4+2:0:0:0:0, 6+2:0:0:0:0, 4+2:0:0:0:0, 3+0:0:0:0:0, 4+2:0:0:0:0, 4+2:0:0:0:0, 3+4:1:0:0:0, 4+2:0:0:0:0, 4+3:0:0:0:0, 5+2:0:0:0:0, 4+2:0:0:0:0, 4+1:0:0:0:0, 5+5:0:0:0:0, 4+2:0:0:0:0, 4+4:1:0:0:1, 6+2:0:0:0:0, 3+6:0:0:0:0, 5+3:0:0:0:0, 4+3:0:0:0:0, 0+0:0:0:0:0, 1+0:0:0:0:0, 3+4:0:0:0:0, 4+2:0:0:0:0, 2+2:0:0:0:0, 4+3:0:0:0:0, 2+0:0:0:0:0, 3+3:0:0:0:0, 0+0:0:0:0:0, 4+2:0:0:0:0, 4+1:0:0:0:0, 3+4:1:0:0:0, 4+2:0:0:0:0, 3+3:0:0:0:0, 6+5:0:0:0:0, 2+2:0:0:0:0, 4+1:0:0:0:0, 5+6:0:0:0:0, 6+1:0:0:0:0, 4+4:1:1:0:1, 6+4:0:0:0:0, 4+4:0:0:0:0, 7+4:0:0:0:1, 7+4:0:0:0:0, 4+1:0:0:0:0, 5+2:0:0:0:0, 4+2:0:0:0:0, 4+3:1:0:0:0, 4+1:0:0:0:0, 3+3:0:0:0:0, 5+4:0:0:0:0, 7+3:0:0:0:0, 0+0:0:0:0:0, 4+4:0:0:0:0, 2+1:0:0:0:0, 1+1:0:0:0:1, 4+3:1:0:0:3, 3+3:0:0:0:0, 1+1:0:0:0:0, 3+2:0:0:0:0, 1+0:0:0:0:0, 6+4:0:0:0:0, 4+1:0:0:0:0, 6+4:1:0:0:0, 4+1:0:0:0:0, 5+3:0:0:0:1, 6+4:0:0:0:2, 2+2:0:0:0:0, 4+1:0:0:0:0, 5+2:0:0:0:0, 4+1:0:0:0:0, 4+5:1:0:0:0, 4+1:0:0:0:0, 3+4:0:0:0:0, 5+3:0:0:0:0, 5+2:0:0:0:0, 4+1:0:0:0:0, 5+2:0:0:0:0, 5+2:0:0:0:0, 7+4:0:0:0:0, 5+3:0:0:0:0, 4+5:0:0:0:0, 6+4:0:0:0:0, 3+1:0:0:0:0,  , 1+3:0:0:0:0, 1+1:0:0:0:0, 2+3:0:0:0:0,  , 4+4:0:0:0:0, 1+0:0:0:0:0, 5+3:0:0:0:1, 2+5:0:0:0:0, 4+2:0:0:0:0, 5+2:0:0:0:0, 3+3:1:0:0:0, 4+1:0:0:0:0, 3+1:1:0:0:1, 5+3:0:0:0:0, 6+6:0:0:0:0, 6+5:0:0:0:3, 4+2:0:0:0:0, 4+2:0:0:0:0, 4+6:1:0:0:0, 4+1:0:0:0:0, 5+4:0:0:0:0, 8+6:0:0:0:0, 4+5:1:0:0:1, 5+2:0:0:0:0, 4+4:0:0:0:0, 5+2:0:0:0:0, 4+5:1:0:0:1, 7+3:0:0:0:0, 4+4:0:0:0:0, 5+2:0:0:0:0, 3+1:0:0:0:0, 2+1:0:0:0:0, 1+0:0:0:0:0, 2+1:0:0:0:0, 1+2:0:0:0:0, 0+0:0:0:0:0, 4+3:0:0:0:0, 2+1:0:0:0:0, 3+3:0:0:0:0, 3+0:0:0:0:0, 4+2:0:0:0:0, 4+1:0:0:0:0, 4+7:0:0:0:0, 5+2:0:0:0:0, 3+5:0:0:0:0, 7+4:0:0:0:0, 7+6:0:0:0:0, 4+1:0:0:0:0, 4+2:0:0:0:0, 4+1:0:0:0:0, 3+5:1:0:0:0, 5+3:0:0:0:1, 5+5:0:0:0:0, 6+5:0:0:0:0, 6+5:0:0:0:0, 4+2:0:0:0:0, 5+2:0:0:0:0, 6+2:0:0:0:0, 7+4:0:0:0:0, 5+3:0:0:0:1, 3+5:0:0:0:0, 6+3:0:0:0:0, 6+4:0:0:0:0, 1+0:0:0:0:0, 1+0:0:0:0:0, 4+2:0:1:0:1, 4+3:0:0:0:1, 1+1:0:0:0:0, 3+1:0:0:0:0, 1+1:0:0:0:0, 4+1:0:0:0:0, 2+0:0:0:0:0, 4+2:0:0:0:0, 4+1:0:0:0:0, 3+3:1:0:0:0, 5+3:0:0:0:0, 6+4:3:0:0:3, 6+3:0:0:0:0, 4+7:0:0:0:0, 4+2:0:0:0:0, 5+4:0:0:0:0, 4+1:0:0:0:0, 4+5:0:0:0:0, 4+3:0:0:0:0, 4+4:0:0:0:0, 5+2:0:0:0:0, 3+2:0:0:0:0, 4+1:0:0:0:0, 4+2:0:0:0:0, 4+1:0:0:0:0, 4+7:2:0:0:2, 4+3:0:0:0:0, 6+4:0:0:0:0, 6+5:0:0:0:0, 5+3:0:0:0:0, 1+0:0:0:0:0, 1+0:0:0:0:0, 1+0:0:0:0:0, 1+1:0:0:0:0, 1+0:0:0:0:0, 2+1:0:0:0:0, 1+0:0:0:0:0, 4+4:0:0:0:0, 0+0:0:0:0:0, 5+3:0:0:0:0, 5+2:0:0:0:0, 7+6:0:0:0:0, 7+4:0:0:0:1, 3+4:0:0:0:0, 5+3:0:0:0:0, 4+4:0:0:0:0, 4+2:0:0:0:0, 4+2:0:0:0:0, 4+1:0:0:0:0, 3+3:1:0:0:0, 5+1:0:0:0:0, 5+4:0:0:0:0, 7+4:0:0:0:0, 5+4:0:0:0:0, 4+2:0:0:0:0, 4+2:0:0:0:0, 5+2:0:0:0:1, 5+6:0:0:0:0, 6+3:0:0:0:0, 7+4:0:0:0:0, 6+5:0:0:0:0, 3+1:0:0:0:0, 2+1:0:0:0:0, 1+0:0:0:0:0, 2+1:0:0:0:0, 2+1:0:0:0:0, 1+1:0:0:0:0, 4+3:0:0:0:0, 3+1:1:0:0:1, 8+5:0:0:0:1, 3+3:0:0:0:0, 5+2:0:0:0:0, 4+1:0:0:0:0, 6+4:0:0:0:0, 4+1:0:0:0:0, 5+2:0:0:0:1, 6+3:0:0:0:0, 4+4:0:0:0:0, 5+3:0:0:0:0, 5+2:0:0:0:0, 6+5:0:0:0:0, 5+4:0:0:0:0, 5+3:0:0:0:0, 6+4:3:0:0:3, 6+3:0:0:0:0, 4+6:0:0:0:0, 5+2:0:0:0:0, 4+4:0:0:0:0, 6+3:0:0:0:0, 4+8:0:0:0:0, 5+3:0:0:0:1, 4+2:0:0:0:0, 6+4:0:0:0:0, 4+2:0:0:0:0, 3+2:0:0:0:0, 1+0:0:0:0:0, 1+0:0:0:0:0, 1+0:0:0:0:0, 1+0:0:0:0:0, 2+1:0:0:0:0, 2+0:0:0:0:0, 3+1:0:0:0:0, 4+1:0:0:0:0, 4+3:0:0:0:0, 4+4:0:0:0:0, 3+3:1:0:0:1, 4+1:0:0:0:0, 5+3:1:0:0:1, 5+2:0:0:0:0, 7+5:0:0:0:0, 5+3:0:0:0:1, 5+2:0:0:0:0, 4+1:0:0:0:0, 4+5:1:0:0:0, 4+1:0:0:0:0, 3+2:0:0:0:0, 5+2:0:0:0:0, 5+2:0:0:0:0, 4+1:0:0:0:0, 4+2:0:0:0:0, 6+2:0:0:0:0, 5+5:0:0:0:0, 5+3:0:0:0:1, 5+3:0:0:0:0, 6+3:0:0:0:0, 6+5:0:0:0:0, 4+1:0:0:0:0, 2+1:0:0:0:0, 1+0:0:0:0:0, 2+3:0:0:0:0, 1+0:0:0:0:0, 3+3:1:0:0:1, 3+1:0:0:0:0, 4+2:0:0:0:0, 3+1:0:0:0:0, 5+2:0:0:0:0, 5+2:0:0:0:0, 8+6:0:0:0:0, 5+3:0:0:0:0, 6+4:3:0:0:3, 6+3:0:0:0:0, 4+5:0:0:0:0, 7+4:0:0:0:1, 5+2:0:0:0:0, 4+1:0:0:0:0, 3+3:1:0:0:0, 4+1:0:0:0:0, 5+6:0:0:0:1, 9+5:0:0:0:0, 5+4:0:0:0:0, 4+1:0:0:0:0, 4+2:0:0:0:0, 5+2:0:0:0:0, 3+5:1:0:0:0, 5+3:0:0:0:1, 5+6:0:0:0:0, 6+3:0:0:0:0, 7+3:0:0:0:0, 5+3:0:0:0:0, 2+1:0:0:0:1, 1+0:0:0:0:0, 2+1:0:0:0:0, 3+1:0:0:0:0, 5+2:0:0:0:0, 3+2:0:0:0:1, 5+2:0:0:0:0, 3+3:0:0:0:1, 4+2:0:0:0:0, 4+1:0:0:0:0, 4+4:1:0:0:0, 4+1:0:0:0:0, 3+2:0:0:0:0, 5+2:0:0:0:0, 5+5:0:0:0:1, 6+4:0:0:0:1, 3+1:1:0:0:1, 0+0:0:0:0:0, 0+0:0:0:0:0, 0+0:0:0:0:0, 1409+878:36:2:0:52
F minor (4b), 5+1:0:0:0:1, 4+0:0:0:0:0, 6+2:0:0:0:1, 3+0:0:0:0:0, 3+0:0:0:0:0, 6+1:0:0:0:0, 6+1:0:0:0:0, 4+1:0:0:0:0, 5+1:0:0:0:1, 4+0:0:0:0:0, 6+2:0:0:0:1, 3+0:0:0:0:0, 3+0:0:0:0:0, 6+1:0:0:0:0, 4+1:0:0:0:1, 1+0:0:0:0:0, 4+0:0:0:0:0, 4+1:0:0:0:0, 3+0:0:0:0:0,  , 4+0:0:0:0:0, 2+0:0:0:0:0, 3+0:0:0:0:0, 0+0:0:0:0:0, 5+1:0:0:0:1, 4+0:0:0:0:0, 6+2:0:0:0:1, 3+0:0:0:0:0, 3+0:0:0:0:0, 6+1:0:0:0:0, 4+1:0:0:0:1, 1+0:0:0:0:0, 4+1:0:0:0:1, 4+0:0:0:0:0, 6+2:0:0:0:1, 3+0:0:0:0:0, 3+0:0:0:0:0, 3+1:0:0:0:0, 5+1:0:0:0:1, 3+0:0:0:0:0, 4+1:1:0:0:1, 4+0:0:0:0:0, 7+3:0:0:0:2, 5+2:0:0:0:0, 1+0:0:0:0:0, 3+1:0:0:0:0, 4+1:0:0:0:0, 1+0:0:0:0:0, 5+4:0:0:0:0, 7+4:0:0:0:0, 7+1:0:1:0:1, 3+1:0:0:0:0, 6+2:0:0:0:0, 2+0:0:0:0:0, 3+0:0:0:0:0, 1+0:0:0:0:0, 5+1:0:0:0:1, 3+0:0:0:0:0, 6+2:0:0:0:1, 4+0:0:0:0:0, 3+1:0:0:0:0, 4+3:0:0:0:0, 5+0:0:0:0:0, 3+0:0:0:0:0, 4+1:1:0:0:1, 3+1:0:0:0:0, 8+3:0:0:0:1, 5+2:0:0:0:0, 4+1:1:0:0:1, 4+3:2:0:0:2, 8+3:0:0:0:3, 3+0:0:0:0:0, 6+1:0:0:0:1, 3+0:0:0:0:0, 7+2:0:0:0:1, 3+0:0:0:0:0, 2+1:1:0:0:1, 4+2:0:0:0:0, 5+2:0:0:0:0, 1+0:0:0:0:0, 7+2:0:0:0:0, 5+2:0:0:0:0, 4+1:0:0:0:1, 3+3:0:0:0:2, 5+3:0:0:0:2, 1+1:0:1:0:0, 4+1:0:0:0:0, 1+0:0:0:0:0, 5+1:1:0:0:1, 3+0:0:0:0:0, 9+4:0:0:0:2, 3+0:0:0:0:0, 3+1:0:0:0:0, 3+1:0:0:0:0, 5+0:0:0:0:0, 3+0:0:0:0:0, 5+1:0:0:0:1, 3+0:0:0:0:0, 7+2:0:0:0:1, 3+0:0:0:0:0, 2+0:0:0:0:0, 3+1:0:0:0:0, 6+1:0:0:0:1, 3+0:0:0:0:0, 5+2:0:0:0:1, 5+1:0:0:0:0, 8+2:0:0:0:1, 4+1:0:0:0:0, 2+0:0:0:0:0, 4+4:0:0:0:0, 4+0:0:0:0:0,  , 6+0:0:0:0:0, 6+1:0:0:0:0, 5+0:0:0:0:0,  , 5+1:0:0:0:0, 2+0:0:0:0:0, 3+1:0:0:0:1, 1+1:0:0:0:0, 4+1:0:0:0:1, 3+1:0:0:0:0, 6+2:0:0:0:1, 4+0:0:0:0:0, 2+1:1:0:0:1, 3+1:0:0:0:0, 6+3:0:0:0:3, 6+3:0:0:0:0, 4+1:0:0:0:1, 3+0:0:0:0:0, 7+3:0:0:0:2, 3+0:0:0:0:0, 3+1:0:0:0:0, 5+4:0:0:0:0, 7+4:0:0:0:3, 5+1:0:0:0:0, 4+3:0:0:0:3, 5+1:0:0:0:0, 8+2:1:0:0:0, 5+2:0:0:0:0, 1+0:0:0:0:0, 3+1:0:0:0:0, 4+0:0:0:0:0, 3+1:0:0:0:0, 5+2:0:0:0:0, 6+2:0:0:0:2, 5+0:0:0:0:0, 1+0:0:0:0:0, 6+2:0:0:0:0, 3+0:0:0:0:0, 4+0:0:0:0:0, 2+0:0:0:0:0, 4+1:0:0:0:1, 3+0:0:0:0:0, 6+4:0:0:0:2, 5+1:0:0:0:0, 2+0:0:0:0:0, 6+3:0:0:0:0, 8+3:0:0:0:2, 3+0:0:0:0:0, 4+1:0:0:0:1, 3+0:0:0:0:0, 6+3:0:0:0:2, 5+1:0:0:0:0, 3+1:0:0:0:0, 4+5:0:0:0:0, 7+2:0:0:0:1, 4+0:0:0:0:0, 5+1:0:0:0:1, 4+1:0:0:0:0, 7+2:0:0:0:1, 5+1:0:0:0:0, 2+0:0:0:0:0, 3+1:1:0:0:1, 4+1:1:0:0:1, 1+0:0:0:0:0, 6+1:0:0:0:0, 8+2:0:0:0:0, 7+1:0:0:0:1, 3+2:0:0:0:0, 5+2:0:0:0:0, 3+0:0:0:0:0, 3+0:0:0:0:0, 3+0:0:0:0:0, 4+1:0:0:0:1, 3+0:0:0:0:0, 6+2:0:0:0:1, 4+1:0:0:0:0, 6+3:1:0:0:1, 4+2:0:0:0:0, 6+3:0:0:0:2, 3+0:0:0:0:0, 4+1:0:0:0:1, 3+0:0:0:0:0, 6+2:0:0:0:1, 3+0:0:0:0:0, 2+0:0:0:0:0, 3+1:0:0:0:0, 7+1:0:0:0:0, 4+0:0:0:0:0, 5+1:0:0:0:1, 3+0:0:0:0:0, 8+3:2:0:0:0, 3+0:0:0:0:0, 5+2:1:0:0:1, 3+3:2:0:0:2, 4+1:0:0:0:1, 0+0:0:0:0:0, 5+0:0:0:0:0, 5+1:0:0:0:0, 4+2:0:0:0:2, 0+2:0:0:0:0, 3+1:0:0:0:0, 2+0:0:0:0:0, 3+3:0:0:0:0, 1+2:0:0:0:0, 5+1:0:0:0:1, 4+1:0:0:0:0, 9+4:0:0:0:1, 7+2:0:0:0:0, 2+0:0:0:0:0, 4+1:0:0:0:0, 8+2:0:0:0:0, 4+0:0:0:0:0, 4+1:0:0:0:1, 3+0:0:0:0:0, 6+2:0:0:0:1, 4+1:0:0:0:0, 2+0:0:0:0:0, 6+2:0:0:0:0, 7+2:0:0:0:0, 3+0:0:0:0:0, 4+1:0:0:0:1, 4+1:0:0:0:1, 6+4:0:0:0:3, 6+2:0:0:0:0, 4+1:0:0:0:0, 4+4:0:0:0:0, 4+0:0:0:0:0, 3+0:0:0:0:0, 5+1:0:0:0:0, 5+3:0:0:0:0, 5+0:0:0:0:0, 2+0:0:0:0:0, 6+1:0:0:0:0, 3+2:0:0:0:0, 5+3:0:0:0:1, 4+3:0:0:0:1, 5+1:0:0:0:1, 3+0:0:0:0:0, 7+2:0:0:0:1, 3+0:0:0:0:0, 1+0:0:0:0:0, 3+2:1:0:0:1, 5+1:0:0:0:1, 5+1:0:0:0:0, 5+1:0:0:0:1, 3+1:0:0:0:0, 6+2:0:0:0:1, 4+1:0:0:0:0, 6+3:1:0:0:1, 4+2:0:0:0:0, 6+3:0:0:0:2, 5+1:0:0:0:0, 4+3:0:0:0:3, 6+2:0:0:0:0, 6+4:0:0:0:2, 5+1:0:0:0:0, 1+0:0:0:0:0, 4+1:1:0:0:1, 4+1:0:0:0:0, 2+1:0:0:0:0, 6+1:0:0:0:0, 4+2:0:0:0:0, 3+0:0:0:0:0, 2+0:0:0:0:0, 4+2:0:0:0:0, 3+0:0:0:0:0, 3+0:0:0:0:0, 3+0:0:0:0:0, 5+1:0:0:0:1, 4+0:0:0:0:0, 7+1:1:0:0:0, 3+0:0:0:0:0, 4+2:0:0:0:0, 4+1:0:0:0:0, 7+2:0:0:0:1, 5+2:0:0:0:0, 5+1:0:0:0:1, 3+0:0:0:0:0, 7+2:0:0:0:1, 3+0:0:0:0:0, 2+0:0:0:0:0, 3+1:0:0:0:0, 6+1:0:0:0:1, 3+0:0:0:0:0, 4+1:0:0:0:1, 5+2:0:0:0:0, 7+2:0:0:0:1, 5+1:0:0:0:0, 2+0:0:0:0:0, 4+1:1:0:0:1, 5+2:0:0:0:1, 2+0:0:0:0:0, 5+1:1:0:0:0, 6+1:0:0:0:0, 5+1:0:0:0:1, 2+0:0:0:0:0, 5+2:0:0:0:0, 4+1:0:0:0:0, 2+0:0:0:0:0, 3+0:0:0:0:0, 5+1:0:0:0:1, 4+1:0:0:0:0, 8+3:0:0:0:1, 4+1:0:0:0:0, 7+4:0:0:0:0, 4+2:0:0:0:0, 6+1:0:0:0:1, 7+2:0:0:0:0, 5+1:0:0:0:1, 3+0:0:0:0:0, 6+2:0:0:0:1, 3+0:0:0:0:0, 4+1:0:0:0:0, 5+2:1:1:0:2, 7+2:0:0:0:0, 3+0:0:0:0:0, 4+1:0:0:0:1, 4+1:0:0:0:0, 6+3:0:0:0:2, 5+1:0:0:0:0, 2+0:0:0:0:0, 5+2:0:0:0:0, 4+1:0:0:0:0, 3+1:0:0:0:0, 7+2:0:0:0:1, 4+2:0:0:0:0, 5+1:0:0:0:0, 3+1:1:0:0:0, 6+2:0:0:0:0, 4+2:0:0:0:0, 2+3:0:0:0:0, 2+1:0:1:0:1, 4+1:0:0:0:1, 3+0:0:0:0:0, 7+2:0:0:0:1, 3+0:0:0:0:0, 2+0:0:0:0:0, 3+1:0:0:0:0, 7+3:0:0:0:2, 6+2:0:0:0:0, 2+1:1:0:0:1, 1+0:0:0:0:0, 1+0:0:0:0:0, 1+0:0:0:0:0, 1477+400:26:4:0:140
C# minor (4#), 5+3:0:0:0:0, 4+5:0:0:0:0, 6+5:1:0:0:1, 4+4:0:0:0:0, 4+2:0:0:0:0, 6+4:0:0:0:0, 3+4:0:0:0:0, 6+3:0:0:0:0, 5+3:0:0:0:0, 4+5:0:0:0:0, 6+5:1:0:0:1, 4+4:0:0:0:0, 4+2:0:0:0:0, 6+4:0:0:0:0, 4+2:0:0:0:0, 2+1:0:0:0:0, 1+0:0:0:0:0, 1+2:0:0:0:0, 1+1:0:0:0:0,  , 2+1:0:0:0:0, 2+1:0:0:0:0, 3+2:0:0:0:0, 1+0:0:0:0:0, 5+3:0:0:0:0, 4+5:0:0:0:0, 6+5:1:0:0:1, 4+4:0:0:0:0, 4+2:0:0:0:0, 6+4:0:0:0:0, 4+2:0:0:0:0, 2+1:0:0:0:0, 4+2:0:0:0:0, 4+5:0:0:0:0, 3+2:1:0:0:1, 4+4:0:0:0:0, 4+3:0:0:0:0, 5+2:0:0:0:0, 4+2:0:0:0:0, 4+4:0:0:0:0, 5+3:1:0:0:1, 4+6:0:0:0:0, 4+3:1:0:0:1, 6+2:0:0:0:0, 3+6:0:0:0:0, 5+3:0:0:0:0, 4+3:0:0:0:0, 0+0:0:0:0:0, 1+0:0:0:0:0, 4+4:0:0:0:0, 4+2:0:0:0:0, 2+1:0:0:0:1, 4+3:0:0:0:0, 2+0:0:0:0:0, 3+3:0:0:0:0, 0+0:0:0:0:0, 4+2:0:0:0:0, 4+4:0:0:0:0, 3+2:1:0:0:1, 4+5:0:0:0:0, 3+3:0:0:0:0, 6+5:0:0:0:0, 2+1:0:0:0:0, 4+4:0:0:0:0, 5+6:0:0:0:0, 6+3:0:0:0:0, 4+3:1:1:0:2, 6+6:0:0:0:0, 4+4:0:0:0:0, 7+4:0:0:0:1, 5+5:0:2:0:2, 4+4:0:0:0:0, 5+2:0:0:0:0, 4+4:0:0:0:0, 4+3:1:0:0:1, 4+4:0:0:0:0, 3+1:1:0:0:1, 5+4:0:0:0:0, 7+3:0:0:0:0, 0+0:0:0:0:0, 4+4:0:0:0:0, 2+3:0:0:0:0, 1+1:0:0:0:1, 4+3:1:0:0:3, 3+3:0:0:0:0, 1+1:0:0:0:0, 3+2:0:0:0:0, 1+0:0:0:0:0, 6+4:0:0:0:0, 4+5:0:0:0:0, 6+6:1:0:0:1, 4+4:0:0:0:0, 5+3:0:0:0:1, 6+4:0:0:0:2, 2+1:0:0:0:0, 4+4:0:0:0:0, 5+2:0:0:0:0, 4+5:0:0:0:0, 4+5:1:0:0:1, 4+4:0:0:0:0, 3+4:0:0:0:0, 5+3:0:0:0:0, 3+5:0:2:0:2, 4+5:0:0:0:0, 5+2:0:0:0:0, 5+7:0:0:0:0, 7+4:1:0:0:1, 5+3:0:0:0:0, 4+5:0:0:0:0, 6+4:0:0:0:0, 3+1:0:0:0:0,  , 1+1:0:0:0:0, 1+1:0:0:0:0, 2+1:0:0:0:0,  , 4+4:0:0:0:0, 1+0:0:0:0:0, 5+3:0:0:0:0, 2+5:0:0:0:0, 4+2:0:0:0:0, 5+2:0:0:0:0, 3+2:1:0:0:1, 4+5:0:0:0:0, 3+1:1:0:0:1, 5+3:0:0:0:0, 6+4:0:0:0:0, 6+5:0:0:0:3, 4+2:0:0:0:0, 4+4:0:0:0:0, 4+5:1:0:0:1, 4+4:0:0:0:0, 5+4:0:0:0:0, 8+6:0:0:0:0, 5+3:0:0:0:0, 5+2:0:0:0:0, 4+4:0:0:0:0, 5+2:0:0:0:0, 4+4:1:0:0:2, 6+5:1:0:0:1, 4+4:0:0:0:0, 5+2:0:0:0:0, 3+1:0:0:0:0, 2+1:0:0:0:0, 1+0:0:0:0:0, 2+3:0:0:0:1, 1+3:0:0:0:0, 0+0:0:0:0:0, 4+3:0:0:0:0, 2+1:0:0:0:0, 3+3:0:0:0:0, 3+0:0:0:0:0, 4+2:0:0:0:0, 4+4:0:0:0:0, 4+7:0:0:0:0, 5+2:0:0:0:0, 3+5:0:0:0:0, 7+4:0:0:0:0, 7+3:1:0:0:1, 4+4:0:0:0:0, 4+2:0:0:0:0, 4+4:0:0:0:0, 3+3:1:0:0:1, 6+7:0:0:0:0, 5+5:0:0:0:0, 6+5:0:0:0:0, 6+5:0:0:0:0, 4+4:0:0:0:0, 5+2:0:0:0:0, 6+2:0:0:0:0, 7+4:1:0:0:1, 6+4:0:0:0:0, 3+5:0:0:0:0, 6+3:0:0:0:0, 6+4:0:0:0:0, 1+0:0:0:0:0, 1+1:0:0:0:0, 4+3:0:0:0:0, 4+2:0:0:0:0, 1+1:0:0:0:0, 3+1:0:0:0:0, 1+1:0:0:0:0, 4+4:0:0:0:0, 2+0:0:0:0:0, 4+2:0:0:0:0, 4+4:0:0:0:0, 3+2:1:0:0:1, 5+4:0:0:0:0, 6+4:3:0:0:3, 6+3:0:0:0:0, 4+7:0:0:0:0, 4+7:0:0:0:0, 5+4:0:0:0:0, 4+5:0:0:0:0, 4+4:1:0:0:2, 4+4:0:0:0:0, 4+4:0:0:0:0, 5+2:0:0:0:0, 3+3:0:0:0:0, 4+5:0:0:0:0, 4+2:0:0:0:0, 4+4:0:0:0:0, 5+3:1:0:0:1, 4+5:0:0:0:0, 6+4:0:0:0:0, 6+5:0:0:0:0, 5+3:0:0:0:0, 1+0:0:0:0:0, 1+2:0:0:0:0, 1+3:0:0:0:0, 1+1:0:0:0:1, 1+0:0:0:0:0, 2+1:0:0:0:1, 1+1:0:0:0:0, 4+2:0:0:0:1, 0+0:0:0:0:0, 5+5:0:0:0:0, 5+2:0:0:0:0, 7+6:0:0:0:0, 7+4:0:0:0:1, 3+4:0:0:0:0, 5+3:0:0:0:0, 4+3:0:0:0:1, 4+4:0:0:0:0, 4+2:0:0:0:0, 4+4:0:0:0:0, 3+2:1:0:0:1, 5+1:0:0:0:0, 5+4:0:0:0:0, 7+4:0:0:0:0, 5+4:0:0:0:0, 4+7:0:0:0:0, 4+2:0:0:0:0, 5+5:0:0:0:0, 5+5:1:0:0:1, 6+3:0:0:0:0, 7+4:0:0:0:0, 6+5:0:0:0:0, 3+1:0:0:0:0, 2+1:0:0:0:0, 1+0:0:0:0:0, 2+2:0:0:0:0, 2+1:0:0:0:0, 1+0:0:0:0:0, 4+3:0:0:0:0, 3+1:1:0:0:1, 8+5:0:0:0:1, 3+3:0:0:0:0, 5+2:0:0:0:0, 4+5:0:0:0:0, 6+5:1:0:0:1, 4+1:0:0:0:0, 5+0:0:0:0:0, 6+1:1:0:0:1, 4+4:0:0:0:0, 5+5:0:0:0:0, 5+2:0:0:0:0, 6+3:0:0:0:0, 5+3:1:0:0:1, 5+4:0:0:0:0, 6+4:3:0:0:3, 6+3:0:0:0:0, 4+6:0:0:0:0, 5+2:0:0:0:0, 4+4:0:0:0:0, 6+3:0:0:0:0, 4+8:0:0:0:0, 6+6:0:0:0:0, 4+2:0:0:0:0, 6+4:0:0:0:0, 4+2:0:0:0:0, 3+2:0:0:0:0, 1+1:0:0:0:0, 1+3:0:0:0:0, 1+2:0:0:0:0, 1+0:0:0:0:0, 2+1:0:0:0:0, 2+0:0:0:0:0, 3+4:0:0:0:0, 4+1:0:0:0:0, 4+3:0:0:0:0, 4+5:0:0:0:0, 3+2:1:0:0:1, 4+4:0:0:0:0, 5+4:2:0:0:2, 5+2:0:0:0:0, 7+5:0:0:0:0, 5+3:0:0:0:1, 5+2:0:0:0:0, 4+5:0:0:0:0, 4+5:1:0:0:1, 4+5:0:0:0:0, 3+2:0:0:0:0, 5+2:0:0:0:0, 3+6:0:2:0:2, 4+5:0:0:0:0, 4+2:0:0:0:0, 6+2:0:0:0:0, 5+5:0:0:0:0, 6+5:0:0:0:0, 5+3:0:0:0:0, 6+3:0:0:0:0, 6+5:0:0:0:0, 4+3:0:0:0:0, 2+2:0:0:0:0, 1+2:0:0:0:0, 2+3:0:0:0:1, 1+0:0:0:0:0, 3+3:1:0:0:1, 3+1:0:0:0:0, 4+3:0:0:0:0, 3+1:0:0:0:0, 5+2:0:0:0:0, 5+4:0:0:0:0, 8+4:1:0:0:1, 5+4:0:0:0:0, 6+4:3:0:0:3, 6+3:0:0:0:0, 4+4:0:0:0:1, 7+4:0:0:0:1, 5+2:0:0:0:0, 4+5:0:0:0:0, 3+2:1:0:0:1, 4+5:0:0:0:0, 5+6:0:0:0:1, 9+5:0:0:0:0, 5+4:0:0:0:0, 4+4:0:0:0:0, 4+2:0:0:0:0, 5+4:0:0:0:0, 3+3:1:0:0:1, 6+6:0:0:0:0, 5+6:0:0:0:0, 6+3:0:0:0:0, 7+3:0:0:0:0, 5+3:0:0:0:0, 2+2:0:0:0:0, 1+3:0:0:0:0, 2+3:0:0:0:0, 3+1:0:0:0:0, 5+2:0:0:0:0, 3+2:0:0:0:1, 5+2:0:0:0:0, 3+3:0:0:0:1, 4+2:0:0:0:0, 4+4:0:0:0:0, 4+3:1:0:0:1, 4+5:0:0:0:0, 3+2:0:0:0:0, 5+2:0:0:0:0, 5+3:0:0:0:1, 7+6:0:0:0:0, 3+1:1:0:0:1, 0+0:0:0:0:0, 0+0:0:0:0:0, 0+0:0:0:0:0, 1410+1083:50:7:0:85
F minor mel (4b),  ,  ,  ,  ,  ,  ,  ,  ,  ,  ,  ,  ,  ,  ,  ,  ,  ,  ,  ,  ,  ,  ,  ,  ,  ,  ,  ,  ,  ,  ,  ,  ,  ,  ,  ,  ,  ,  ,  ,  ,  ,  ,  ,  ,  ,  ,  ,  ,  ,  ,  ,  ,  ,  ,  ,  ,  ,  ,  ,  ,  ,  ,  ,  ,  ,  ,  ,  ,  ,  ,  ,  ,  ,  ,  ,  ,  ,  ,  ,  ,  ,  ,  ,  ,  ,  ,  ,  ,  ,  ,  ,  ,  ,  ,  ,  ,  ,  ,  ,  ,  ,  ,  ,  ,  ,  ,  ,  ,  ,  ,  ,  ,  ,  ,  ,  ,  ,  ,  ,  ,  ,  ,  ,  ,  ,  ,  ,  ,  ,  ,  ,  ,  ,  ,  ,  ,  ,  ,  ,  ,  ,  ,  ,  ,  ,  ,  ,  ,  ,  ,  ,  ,  ,  ,  ,  ,  ,  ,  ,  ,  ,  ,  ,  ,  ,  ,  ,  ,  ,  ,  ,  ,  ,  ,  ,  ,  ,  ,  ,  ,  ,  ,  ,  ,  ,  ,  ,  ,  ,  ,  ,  ,  ,  ,  ,  ,  ,  ,  ,  ,  ,  ,  ,  ,  ,  ,  ,  ,  ,  ,  ,  ,  ,  ,  ,  ,  ,  ,  ,  ,  ,  ,  ,  ,  ,  ,  ,  ,  ,  ,  ,  ,  ,  ,  ,  ,  ,  ,  ,  ,  ,  ,  ,  ,  ,  ,  ,  ,  ,  ,  ,  ,  ,  ,  ,  ,  ,  ,  ,  ,  ,  ,  ,  ,  ,  ,  ,  ,  ,  ,  ,  ,  ,  ,  ,  ,  ,  ,  ,  ,  ,  ,  ,  ,  ,  ,  ,  ,  ,  ,  ,  ,  ,  ,  ,  ,  ,  ,  ,  ,  ,  ,  ,  ,  ,  ,  ,  ,  ,  ,  ,  ,  ,  ,  ,  ,  ,  ,  ,  ,  ,  ,  ,  ,  ,  ,  ,  ,  ,  ,  ,  ,  ,  ,  ,  ,  ,  ,  ,  ,  ,  ,  ,  ,  ,  ,  ,  ,  ,  ,  ,  ,  ,  ,  ,  , 0+0:0:0:0:0
C# minor mel (4#),  ,  ,  ,  ,  ,  ,  ,  ,  ,  ,  ,  ,  ,  ,  ,  ,  ,  ,  ,  ,  ,  ,  ,  ,  ,  ,  ,  ,  ,  ,  ,  ,  ,  ,  ,  ,  ,  ,  ,  ,  ,  ,  ,  ,  ,  ,  ,  ,  ,  ,  ,  ,  ,  ,  ,  ,  ,  ,  ,  ,  ,  ,  ,  ,  ,  ,  ,  ,  ,  ,  ,  ,  ,  ,  ,  ,  ,  ,  ,  ,  ,  ,  ,  ,  ,  ,  ,  ,  ,  ,  ,  ,  ,  ,  ,  ,  ,  ,  ,  ,  ,  ,  ,  ,  ,  ,  ,  ,  ,  ,  ,  ,  ,  ,  ,  ,  ,  ,  ,  ,  ,  ,  ,  ,  ,  ,  ,  ,  ,  ,  ,  ,  ,  ,  ,  ,  ,  ,  ,  ,  ,  ,  ,  ,  ,  ,  ,  ,  ,  ,  ,  ,  ,  ,  ,  ,  ,  ,  ,  ,  ,  ,  ,  ,  ,  ,  ,  ,  ,  ,  ,  ,  ,  ,  ,  ,  ,  ,  ,  ,  ,  ,  ,  ,  ,  ,  ,  ,  ,  ,  ,  ,  ,  ,  ,  ,  ,  ,  ,  ,  ,  ,  ,  ,  ,  ,  ,  ,  ,  ,  ,  ,  ,  ,  ,  ,  ,  ,  ,  ,  ,  ,  ,  ,  ,  ,  ,  ,  ,  ,  ,  ,  ,  ,  ,  ,  ,  ,  ,  ,  ,  ,  ,  ,  ,  ,  ,  ,  ,  ,  ,  ,  ,  ,  ,  ,  ,  ,  ,  ,  ,  ,  ,  ,  ,  ,  ,  ,  ,  ,  ,  ,  ,  ,  ,  ,  ,  ,  ,  ,  ,  ,  ,  ,  ,  ,  ,  ,  ,  ,  ,  ,  ,  ,  ,  ,  ,  ,  ,  ,  ,  ,  ,  ,  ,  ,  ,  ,  ,  ,  ,  ,  ,  ,  ,  ,  ,  ,  ,  ,  ,  ,  ,  ,  ,  ,  ,  ,  ,  ,  ,  ,  ,  ,  ,  ,  ,  ,  ,  ,  ,  ,  ,  ,  ,  ,  ,  ,  ,  ,  ,  ,  ,  ,  ,  , 0+0:0:0:0:0
Ab major blues (4b),  ,  ,  ,  ,  ,  ,  ,  ,  ,  ,  ,  ,  ,  ,  ,  ,  ,  ,  ,  ,  ,  ,  ,  ,  ,  ,  ,  ,  ,  ,  ,  ,  ,  ,  ,  ,  ,  ,  ,  ,  ,  ,  ,  ,  ,  ,  ,  ,  ,  ,  ,  ,  ,  ,  ,  ,  ,  ,  ,  ,  ,  ,  ,  ,  ,  ,  ,  ,  ,  ,  ,  ,  ,  ,  ,  ,  ,  ,  ,  ,  ,  ,  ,  ,  ,  ,  ,  ,  ,  ,  ,  ,  ,  ,  ,  ,  ,  ,  ,  ,  ,  ,  ,  ,  ,  ,  ,  ,  ,  ,  ,  ,  ,  ,  ,  ,  ,  ,  ,  ,  ,  ,  ,  ,  ,  ,  ,  ,  ,  ,  ,  ,  ,  ,  ,  ,  ,  ,  ,  ,  ,  ,  ,  ,  ,  ,  ,  ,  ,  ,  ,  ,  ,  ,  ,  ,  ,  ,  ,  ,  ,  ,  ,  ,  ,  ,  ,  ,  ,  ,  ,  ,  ,  ,  ,  ,  ,  ,  ,  ,  ,  ,  ,  ,  ,  ,  ,  ,  ,  ,  ,  ,  ,  ,  ,  ,  ,  ,  ,  ,  ,  ,  ,  ,  ,  ,  ,  ,  ,  ,  ,  ,  ,  ,  ,  ,  ,  ,  ,  ,  ,  ,  ,  ,  ,  ,  ,  ,  ,  ,  ,  ,  ,  ,  ,  ,  ,  ,  ,  ,  ,  ,  ,  ,  ,  ,  ,  ,  ,  ,  ,  ,  ,  ,  ,  ,  ,  ,  ,  ,  ,  ,  ,  ,  ,  ,  ,  ,  ,  ,  ,  ,  ,  ,  ,  ,  ,  ,  ,  ,  ,  ,  ,  ,  ,  ,  ,  ,  ,  ,  ,  ,  ,  ,  ,  ,  ,  ,  ,  ,  ,  ,  ,  ,  ,  ,  ,  ,  ,  ,  ,  ,  ,  ,  ,  ,  ,  ,  ,  ,  ,  ,  ,  ,  ,  ,  ,  ,  ,  ,  ,  ,  ,  ,  ,  ,  ,  ,  ,  ,  ,  ,  ,  ,  ,  ,  ,  ,  ,  ,  ,  ,  ,  ,  ,  , 0+0:0:0:0:0
E major blues (4#),  ,  ,  ,  ,  ,  ,  ,  ,  ,  ,  ,  ,  ,  ,  ,  ,  ,  ,  ,  ,  ,  ,  ,  ,  ,  ,  ,  ,  ,  ,  ,  ,  ,  ,  ,  ,  ,  ,  ,  ,  ,  ,  ,  ,  ,  ,  ,  ,  ,  ,  ,  ,  ,  ,  ,  ,  ,  ,  ,  ,  ,  ,  ,  ,  ,  ,  ,  ,  ,  ,  ,  ,  ,  ,  ,  ,  ,  ,  ,  ,  ,  ,  ,  ,  ,  ,  ,  ,  ,  ,  ,  ,  ,  ,  ,  ,  ,  ,  ,  ,  ,  ,  ,  ,  ,  ,  ,  ,  ,  ,  ,  ,  ,  ,  ,  ,  ,  ,  ,  ,  ,  ,  ,  ,  ,  ,  ,  ,  ,  ,  ,  ,  ,  ,  ,  ,  ,  ,  ,  ,  ,  ,  ,  ,  ,  ,  ,  ,  ,  ,  ,  ,  ,  ,  ,  ,  ,  ,  ,  ,  ,  ,  ,  ,  ,  ,  ,  ,  ,  ,  ,  ,  ,  ,  ,  ,  ,  ,  ,  ,  ,  ,  ,  ,  ,  ,  ,  ,  ,  ,  ,  ,  ,  ,  ,  ,  ,  ,  ,  ,  ,  ,  ,  ,  ,  ,  ,  ,  ,  ,  ,  ,  ,  ,  ,  ,  ,  ,  ,  ,  ,  ,  ,  ,  ,  ,  ,  ,  ,  ,  ,  ,  ,  ,  ,  ,  ,  ,  ,  ,  ,  ,  ,  ,  ,  ,  ,  ,  ,  ,  ,  ,  ,  ,  ,  ,  ,  ,  ,  ,  ,  ,  ,  ,  ,  ,  ,  ,  ,  ,  ,  ,  ,  ,  ,  ,  ,  ,  ,  ,  ,  ,  ,  ,  ,  ,  ,  ,  ,  ,  ,  ,  ,  ,  ,  ,  ,  ,  ,  ,  ,  ,  ,  ,  ,  ,  ,  ,  ,  ,  ,  ,  ,  ,  ,  ,  ,  ,  ,  ,  ,  ,  ,  ,  ,  ,  ,  ,  ,  ,  ,  ,  ,  ,  ,  ,  ,  ,  ,  ,  ,  ,  ,  ,  ,  ,  ,  ,  ,  ,  ,  ,  ,  ,  ,  , 0+0:0:0:0:0
F minor blues (4b),  ,  ,  ,  ,  ,  ,  ,  ,  ,  ,  ,  ,  ,  ,  ,  ,  ,  ,  ,  ,  ,  ,  ,  ,  ,  ,  ,  ,  ,  ,  ,  ,  ,  ,  ,  ,  ,  ,  ,  ,  ,  ,  ,  ,  ,  ,  ,  ,  ,  ,  ,  ,  ,  ,  ,  ,  ,  ,  ,  ,  ,  ,  ,  ,  ,  ,  ,  ,  ,  ,  ,  ,  ,  ,  ,  ,  ,  ,  ,  ,  ,  ,  ,  ,  ,  ,  ,  ,  ,  ,  ,  ,  ,  ,  ,  ,  ,  ,  ,  ,  ,  ,  ,  ,  ,  ,  ,  ,  ,  ,  ,  ,  ,  ,  ,  ,  ,  ,  ,  ,  ,  ,  ,  ,  ,  ,  ,  ,  ,  ,  ,  ,  ,  ,  ,  ,  ,  ,  ,  ,  ,  ,  ,  ,  ,  ,  ,  ,  ,  ,  ,  ,  ,  ,  ,  ,  ,  ,  ,  ,  ,  ,  ,  ,  ,  ,  ,  ,  ,  ,  ,  ,  ,  ,  ,  ,  ,  ,  ,  ,  ,  ,  ,  ,  ,  ,  ,  ,  ,  ,  ,  ,  ,  ,  ,  ,  ,  ,  ,  ,  ,  ,  ,  ,  ,  ,  ,  ,  ,  ,  ,  ,  ,  ,  ,  ,  ,  ,  ,  ,  ,  ,  ,  ,  ,  ,  ,  ,  ,  ,  ,  ,  ,  ,  ,  ,  ,  ,  ,  ,  ,  ,  ,  ,  ,  ,  ,  ,  ,  ,  ,  ,  ,  ,  ,  ,  ,  ,  ,  ,  ,  ,  ,  ,  ,  ,  ,  ,  ,  ,  ,  ,  ,  ,  ,  ,  ,  ,  ,  ,  ,  ,  ,  ,  ,  ,  ,  ,  ,  ,  ,  ,  ,  ,  ,  ,  ,  ,  ,  ,  ,  ,  ,  ,  ,  ,  ,  ,  ,  ,  ,  ,  ,  ,  ,  ,  ,  ,  ,  ,  ,  ,  ,  ,  ,  ,  ,  ,  ,  ,  ,  ,  ,  ,  ,  ,  ,  ,  ,  ,  ,  ,  ,  ,  ,  ,  ,  ,  ,  ,  ,  ,  ,  ,  ,  , 0+0:0:0:0:0
C# minor blues (4#),  ,  ,  ,  ,  ,  ,  ,  ,  ,  ,  ,  ,  ,  ,  ,  ,  ,  ,  ,  ,  ,  ,  ,  ,  ,  ,  ,  ,  ,  ,  ,  ,  ,  ,  ,  ,  ,  ,  ,  ,  ,  ,  ,  ,  ,  ,  ,  ,  ,  ,  ,  ,  ,  ,  ,  ,  ,  ,  ,  ,  ,  ,  ,  ,  ,  ,  ,  ,  ,  ,  ,  ,  ,  ,  ,  ,  ,  ,  ,  ,  ,  ,  ,  ,  ,  ,  ,  ,  ,  ,  ,  ,  ,  ,  ,  ,  ,  ,  ,  ,  ,  ,  ,  ,  ,  ,  ,  ,  ,  ,  ,  ,  ,  ,  ,  ,  ,  ,  ,  ,  ,  ,  ,  ,  ,  ,  ,  ,  ,  ,  ,  ,  ,  ,  ,  ,  ,  ,  ,  ,  ,  ,  ,  ,  ,  ,  ,  ,  ,  ,  ,  ,  ,  ,  ,  ,  ,  ,  ,  ,  ,  ,  ,  ,  ,  ,  ,  ,  ,  ,  ,  ,  ,  ,  ,  ,  ,  ,  ,  ,  ,  ,  ,  ,  ,  ,  ,  ,  ,  ,  ,  ,  ,  ,  ,  ,  ,  ,  ,  ,  ,  ,  ,  ,  ,  ,  ,  ,  ,  ,  ,  ,  ,  ,  ,  ,  ,  ,  ,  ,  ,  ,  ,  ,  ,  ,  ,  ,  ,  ,  ,  ,  ,  ,  ,  ,  ,  ,  ,  ,  ,  ,  ,  ,  ,  ,  ,  ,  ,  ,  ,  ,  ,  ,  ,  ,  ,  ,  ,  ,  ,  ,  ,  ,  ,  ,  ,  ,  ,  ,  ,  ,  ,  ,  ,  ,  ,  ,  ,  ,  ,  ,  ,  ,  ,  ,  ,  ,  ,  ,  ,  ,  ,  ,  ,  ,  ,  ,  ,  ,  ,  ,  ,  ,  ,  ,  ,  ,  ,  ,  ,  ,  ,  ,  ,  ,  ,  ,  ,  ,  ,  ,  ,  ,  ,  ,  ,  ,  ,  ,  ,  ,  ,  ,  ,  ,  ,  ,  ,  ,  ,  ,  ,  ,  ,  ,  ,  ,  ,  ,  ,  ,  ,  ,  ,  , 0+0:0:0:0:0
Ab dorian (4b),  ,  ,  ,  ,  ,  ,  ,  ,  ,  ,  ,  ,  ,  ,  ,  ,  ,  ,  ,  ,  ,  ,  ,  ,  ,  ,  ,  ,  ,  ,  ,  ,  ,  ,  ,  ,  ,  ,  ,  ,  ,  ,  ,  ,  ,  ,  ,  ,  ,  ,  ,  ,  ,  ,  ,  ,  ,  ,  ,  ,  ,  ,  ,  ,  ,  ,  ,  ,  ,  ,  ,  ,  ,  ,  ,  ,  ,  ,  ,  ,  ,  ,  ,  ,  ,  ,  ,  ,  ,  ,  ,  ,  ,  ,  ,  ,  ,  ,  ,  ,  ,  ,  ,  ,  ,  ,  ,  ,  ,  ,  ,  ,  ,  ,  ,  ,  ,  ,  ,  ,  ,  ,  ,  ,  ,  ,  ,  ,  ,  ,  ,  ,  ,  ,  ,  ,  ,  ,  ,  ,  ,  ,  ,  ,  ,  ,  ,  ,  ,  ,  ,  ,  ,  ,  ,  ,  ,  ,  ,  ,  ,  ,  ,  ,  ,  ,  ,  ,  ,  ,  ,  ,  ,  ,  ,  ,  ,  ,  ,  ,  ,  ,  ,  ,  ,  ,  ,  ,  ,  ,  ,  ,  ,  ,  ,  ,  ,  ,  ,  ,  ,  ,  ,  ,  ,  ,  ,  ,  ,  ,  ,  ,  ,  ,  ,  ,  ,  ,  ,  ,  ,  ,  ,  ,  ,  ,  ,  ,  ,  ,  ,  ,  ,  ,  ,  ,  ,  ,  ,  ,  ,  ,  ,  ,  ,  ,  ,  ,  ,  ,  ,  ,  ,  ,  ,  ,  ,  ,  ,  ,  ,  ,  ,  ,  ,  ,  ,  ,  ,  ,  ,  ,  ,  ,  ,  ,  ,  ,  ,  ,  ,  ,  ,  ,  ,  ,  ,  ,  ,  ,  ,  ,  ,  ,  ,  ,  ,  ,  ,  ,  ,  ,  ,  ,  ,  ,  ,  ,  ,  ,  ,  ,  ,  ,  ,  ,  ,  ,  ,  ,  ,  ,  ,  ,  ,  ,  ,  ,  ,  ,  ,  ,  ,  ,  ,  ,  ,  ,  ,  ,  ,  ,  ,  ,  ,  ,  ,  ,  ,  ,  ,  ,  ,  ,  ,  , 0+0:0:0:0:0
E dorian (4#),  ,  ,  ,  ,  ,  ,  ,  ,  ,  ,  ,  ,  ,  ,  ,  ,  ,  ,  ,  ,  ,  ,  ,  ,  ,  ,  ,  ,  ,  ,  ,  ,  ,  ,  ,  ,  ,  ,  ,  ,  ,  ,  ,  ,  ,  ,  ,  ,  ,  ,  ,  ,  ,  ,  ,  ,  ,  ,  ,  ,  ,  ,  ,  ,  ,  ,  ,  ,  ,  ,  ,  ,  ,  ,  ,  ,  ,  ,  ,  ,  ,  ,  ,  ,  ,  ,  ,  ,  ,  ,  ,  ,  ,  ,  ,  ,  ,  ,  ,  ,  ,  ,  ,  ,  ,  ,  ,  ,  ,  ,  ,  ,  ,  ,  ,  ,  ,  ,  ,  ,  ,  ,  ,  ,  ,  ,  ,  ,  ,  ,  ,  ,  ,  ,  ,  ,  ,  ,  ,  ,  ,  ,  ,  ,  ,  ,  ,  ,  ,  ,  ,  ,  ,  ,  ,  ,  ,  ,  ,  ,  ,  ,  ,  ,  ,  ,  ,  ,  ,  ,  ,  ,  ,  ,  ,  ,  ,  ,  ,  ,  ,  ,  ,  ,  ,  ,  ,  ,  ,  ,  ,  ,  ,  ,  ,  ,  ,  ,  ,  ,  ,  ,  ,  ,  ,  ,  ,  ,  ,  ,  ,  ,  ,  ,  ,  ,  ,  ,  ,  ,  ,  ,  ,  ,  ,  ,  ,  ,  ,  ,  ,  ,  ,  ,  ,  ,  ,  ,  ,  ,  ,  ,  ,  ,  ,  ,  ,  ,  ,  ,  ,  ,  ,  ,  ,  ,  ,  ,  ,  ,  ,  ,  ,  ,  ,  ,  ,  ,  ,  ,  ,  ,  ,  ,  ,  ,  ,  ,  ,  ,  ,  ,  ,  ,  ,  ,  ,  ,  ,  ,  ,  ,  ,  ,  ,  ,  ,  ,  ,  ,  ,  ,  ,  ,  ,  ,  ,  ,  ,  ,  ,  ,  ,  ,  ,  ,  ,  ,  ,  ,  ,  ,  ,  ,  ,  ,  ,  ,  ,  ,  ,  ,  ,  ,  ,  ,  ,  ,  ,  ,  ,  ,  ,  ,  ,  ,  ,  ,  ,  ,  ,  ,  ,  ,  ,  , 0+0:0:0:0:0
Ab phrygian (4b),  ,  ,  ,  ,  ,  ,  ,  ,  ,  ,  ,  ,  ,  ,  ,  ,  ,  ,  ,  ,  ,  ,  ,  ,  ,  ,  ,  ,  ,  ,  ,  ,  ,  ,  ,  ,  ,  ,  ,  ,  ,  ,  ,  ,  ,  ,  ,  ,  ,  ,  ,  ,  ,  ,  ,  ,  ,  ,  ,  ,  ,  ,  ,  ,  ,  ,  ,  ,  ,  ,  ,  ,  ,  ,  ,  ,  ,  ,  ,  ,  ,  ,  ,  ,  ,  ,  ,  ,  ,  ,  ,  ,  ,  ,  ,  ,  ,  ,  ,  ,  ,  ,  ,  ,  ,  ,  ,  ,  ,  ,  ,  ,  ,  ,  ,  ,  ,  ,  ,  ,  ,  ,  ,  ,  ,  ,  ,  ,  ,  ,  ,  ,  ,  ,  ,  ,  ,  ,  ,  ,  ,  ,  ,  ,  ,  ,  ,  ,  ,  ,  ,  ,  ,  ,  ,  ,  ,  ,  ,  ,  ,  ,  ,  ,  ,  ,  ,  ,  ,  ,  ,  ,  ,  ,  ,  ,  ,  ,  ,  ,  ,  ,  ,  ,  ,  ,  ,  ,  ,  ,  ,  ,  ,  ,  ,  ,  ,  ,  ,  ,  ,  ,  ,  ,  ,  ,  ,  ,  ,  ,  ,  ,  ,  ,  ,  ,  ,  ,  ,  ,  ,  ,  ,  ,  ,  ,  ,  ,  ,  ,  ,  ,  ,  ,  ,  ,  ,  ,  ,  ,  ,  ,  ,  ,  ,  ,  ,  ,  ,  ,  ,  ,  ,  ,  ,  ,  ,  ,  ,  ,  ,  ,  ,  ,  ,  ,  ,  ,  ,  ,  ,  ,  ,  ,  ,  ,  ,  ,  ,  ,  ,  ,  ,  ,  ,  ,  ,  ,  ,  ,  ,  ,  ,  ,  ,  ,  ,  ,  ,  ,  ,  ,  ,  ,  ,  ,  ,  ,  ,  ,  ,  ,  ,  ,  ,  ,  ,  ,  ,  ,  ,  ,  ,  ,  ,  ,  ,  ,  ,  ,  ,  ,  ,  ,  ,  ,  ,  ,  ,  ,  ,  ,  ,  ,  ,  ,  ,  ,  ,  ,  ,  ,  ,  ,  ,  , 0+0:0:0:0:0
E phrygian (4#),  ,  ,  ,  ,  ,  ,  ,  ,  ,  ,  ,  ,  ,  ,  ,  ,  ,  ,  ,  ,  ,  ,  ,  ,  ,  ,  ,  ,  ,  ,  ,  ,  ,  ,  ,  ,  ,  ,  ,  ,  ,  ,  ,  ,  ,  ,  ,  ,  ,  ,  ,  ,  ,  ,  ,  ,  ,  ,  ,  ,  ,  ,  ,  ,  ,  ,  ,  ,  ,  ,  ,  ,  ,  ,  ,  ,  ,  ,  ,  ,  ,  ,  ,  ,  ,  ,  ,  ,  ,  ,  ,  ,  ,  ,  ,  ,  ,  ,  ,  ,  ,  ,  ,  ,  ,  ,  ,  ,  ,  ,  ,  ,  ,  ,  ,  ,  ,  ,  ,  ,  ,  ,  ,  ,  ,  ,  ,  ,  ,  ,  ,  ,  ,  ,  ,  ,  ,  ,  ,  ,  ,  ,  ,  ,  ,  ,  ,  ,  ,  ,  ,  ,  ,  ,  ,  ,  ,  ,  ,  ,  ,  ,  ,  ,  ,  ,  ,  ,  ,  ,  ,  ,  ,  ,  ,  ,  ,  ,  ,  ,  ,  ,  ,  ,  ,  ,  ,  ,  ,  ,  ,  ,  ,  ,  ,  ,  ,  ,  ,  ,  ,  ,  ,  ,  ,  ,  ,  ,  ,  ,  ,  ,  ,  ,  ,  ,  ,  ,  ,  ,  ,  ,  ,  ,  ,  ,  ,  ,  ,  ,  ,  ,  ,  ,  ,  ,  ,  ,  ,  ,  ,  ,  ,  ,  ,  ,  ,  ,  ,  ,  ,  ,  ,  ,  ,  ,  ,  ,  ,  ,  ,  ,  ,  ,  ,  ,  ,  ,  ,  ,  ,  ,  ,  ,  ,  ,  ,  ,  ,  ,  ,  ,  ,  ,  ,  ,  ,  ,  ,  ,  ,  ,  ,  ,  ,  ,  ,  ,  ,  ,  ,  ,  ,  ,  ,  ,  ,  ,  ,  ,  ,  ,  ,  ,  ,  ,  ,  ,  ,  ,  ,  ,  ,  ,  ,  ,  ,  ,  ,  ,  ,  ,  ,  ,  ,  ,  ,  ,  ,  ,  ,  ,  ,  ,  ,  ,  ,  ,  ,  ,  ,  ,  ,  ,  ,  , 0+0:0:0:0:0
Ab lydian (4b),  ,  ,  ,  ,  ,  ,  ,  ,  ,  ,  ,  ,  ,  ,  ,  ,  ,  ,  ,  ,  ,  ,  ,  ,  ,  ,  ,  ,  ,  ,  ,  ,  ,  ,  ,  ,  ,  ,  ,  ,  ,  ,  ,  ,  ,  ,  ,  ,  ,  ,  ,  ,  ,  ,  ,  ,  ,  ,  ,  ,  ,  ,  ,  ,  ,  ,  ,  ,  ,  ,  ,  ,  ,  ,  ,  ,  ,  ,  ,  ,  ,  ,  ,  ,  ,  ,  ,  ,  ,  ,  ,  ,  ,  ,  ,  ,  ,  ,  ,  ,  ,  ,  ,  ,  ,  ,  ,  ,  ,  ,  ,  ,  ,  ,  ,  ,  ,  ,  ,  ,  ,  ,  ,  ,  ,  ,  ,  ,  ,  ,  ,  ,  ,  ,  ,  ,  ,  ,  ,  ,  ,  ,  ,  ,  ,  ,  ,  ,  ,  ,  ,  ,  ,  ,  ,  ,  ,  ,  ,  ,  ,  ,  ,  ,  ,  ,  ,  ,  ,  ,  ,  ,  ,  ,  ,  ,  ,  ,  ,  ,  ,  ,  ,  ,  ,  ,  ,  ,  ,  ,  ,  ,  ,  ,  ,  ,  ,  ,  ,  ,  ,  ,  ,  ,  ,  ,  ,  ,  ,  ,  ,  ,  ,  ,  ,  ,  ,  ,  ,  ,  ,  ,  ,  ,  ,  ,  ,  ,  ,  ,  ,  ,  ,  ,  ,  ,  ,  ,  ,  ,  ,  ,  ,  ,  ,  ,  ,  ,  ,  ,  ,  ,  ,  ,  ,  ,  ,  ,  ,  ,  ,  ,  ,  ,  ,  ,  ,  ,  ,  ,  ,  ,  ,  ,  ,  ,  ,  ,  ,  ,  ,  ,  ,  ,  ,  ,  ,  ,  ,  ,  ,  ,  ,  ,  ,  ,  ,  ,  ,  ,  ,  ,  ,  ,  ,  ,  ,  ,  ,  ,  ,  ,  ,  ,  ,  ,  ,  ,  ,  ,  ,  ,  ,  ,  ,  ,  ,  ,  ,  ,  ,  ,  ,  ,  ,  ,  ,  ,  ,  ,  ,  ,  ,  ,  ,  ,  ,  ,  ,  ,  ,  ,  ,  ,  ,  , 0+0:0:0:0:0
E lydian (4#),  ,  ,  ,  ,  ,  ,  ,  ,  ,  ,  ,  ,  ,  ,  ,  ,  ,  ,  ,  ,  ,  ,  ,  ,  ,  ,  ,  ,  ,  ,  ,  ,  ,  ,  ,  ,  ,  ,  ,  ,  ,  ,  ,  ,  ,  ,  ,  ,  ,  ,  ,  ,  ,  ,  ,  ,  ,  ,  ,  ,  ,  ,  ,  ,  ,  ,  ,  ,  ,  ,  ,  ,  ,  ,  ,  ,  ,  ,  ,  ,  ,  ,  ,  ,  ,  ,  ,  ,  ,  ,  ,  ,  ,  ,  ,  ,  ,  ,  ,  ,  ,  ,  ,  ,  ,  ,  ,  ,  ,  ,  ,  ,  ,  ,  ,  ,  ,  ,  ,  ,  ,  ,  ,  ,  ,  ,  ,  ,  ,  ,  ,  ,  ,  ,  ,  ,  ,  ,  ,  ,  ,  ,  ,  ,  ,  ,  ,  ,  ,  ,  ,  ,  ,  ,  ,  ,  ,  ,  ,  ,  ,  ,  ,  ,  ,  ,  ,  ,  ,  ,  ,  ,  ,  ,  ,  ,  ,  ,  ,  ,  ,  ,  ,  ,  ,  ,  ,  ,  ,  ,  ,  ,  ,  ,  ,  ,  ,  ,  ,  ,  ,  ,  ,  ,  ,  ,  ,  ,  ,  ,  ,  ,  ,  ,  ,  ,  ,  ,  ,  ,  ,  ,  ,  ,  ,  ,  ,  ,  ,  ,  ,  ,  ,  ,  ,  ,  ,  ,  ,  ,  ,  ,  ,  ,  ,  ,  ,  ,  ,  ,  ,  ,  ,  ,  ,  ,  ,  ,  ,  ,  ,  ,  ,  ,  ,  ,  ,  ,  ,  ,  ,  ,  ,  ,  ,  ,  ,  ,  ,  ,  ,  ,  ,  ,  ,  ,  ,  ,  ,  ,  ,  ,  ,  ,  ,  ,  ,  ,  ,  ,  ,  ,  ,  ,  ,  ,  ,  ,  ,  ,  ,  ,  ,  ,  ,  ,  ,  ,  ,  ,  ,  ,  ,  ,  ,  ,  ,  ,  ,  ,  ,  ,  ,  ,  ,  ,  ,  ,  ,  ,  ,  ,  ,  ,  ,  ,  ,  ,  ,  ,  ,  ,  ,  ,  ,  , 0+0:0:0:0:0
Ab mixolydian (4b),  ,  ,  ,  ,  ,  ,  ,  ,  ,  ,  ,  ,  ,  ,  ,  ,  ,  ,  ,  ,  ,  ,  ,  ,  ,  ,  ,  ,  ,  ,  ,  ,  ,  ,  ,  ,  ,  ,  ,  ,  ,  ,  ,  ,  ,  ,  ,  ,  ,  ,  ,  ,  ,  ,  ,  ,  ,  ,  ,  ,  ,  ,  ,  ,  ,  ,  ,  ,  ,  ,  ,  ,  ,  ,  ,  ,  ,  ,  ,  ,  ,  ,  ,  ,  ,  ,  ,  ,  ,  ,  ,  ,  ,  ,  ,  ,  ,  ,  ,  ,  ,  ,  ,  ,  ,  ,  ,  ,  ,  ,  ,  ,  ,  ,  ,  ,  ,  ,  ,  ,  ,  ,  ,  ,  ,  ,  ,  ,  ,  ,  ,  ,  ,  ,  ,  ,  ,  ,  ,  ,  ,  ,  ,  ,  ,  ,  ,  ,  ,  ,  ,  ,  ,  ,  ,  ,  ,  ,  ,  ,  ,  ,  ,  ,  ,  ,  ,  ,  ,  ,  ,  ,  ,  ,  ,  ,  ,  ,  ,  ,  ,  ,  ,  ,  ,  ,  ,  ,  ,  ,  ,  ,  ,  ,  ,  ,  ,  ,  ,  ,  ,  ,  ,  ,  ,  ,  ,  ,  ,  ,  ,  ,  ,  ,  ,  ,  ,  ,  ,  ,  ,  ,  ,  ,  ,  ,  ,  ,  ,  ,  ,  ,  ,  ,  ,  ,  ,  ,  ,  ,  ,  ,  ,  ,  ,  ,  ,  ,  ,  ,  ,  ,  ,  ,  ,  ,  ,  ,  ,  ,  ,  ,  ,  ,  ,  ,  ,  ,  ,  ,  ,  ,  ,  ,  ,  ,  ,  ,  ,  ,  ,  ,  ,  ,  ,  ,  ,  ,  ,  ,  ,  ,  ,  ,  ,  ,  ,  ,  ,  ,  ,  ,  ,  ,  ,  ,  ,  ,  ,  ,  ,  ,  ,  ,  ,  ,  ,  ,  ,  ,  ,  ,  ,  ,  ,  ,  ,  ,  ,  ,  ,  ,  ,  ,  ,  ,  ,  ,  ,  ,  ,  ,  ,  ,  ,  ,  ,  ,  ,  ,  ,  ,  ,  ,  ,  , 0+0:0:0:0:0
E mixolydian (4#),  ,  ,  ,  ,  ,  ,  ,  ,  ,  ,  ,  ,  ,  ,  ,  ,  ,  ,  ,  ,  ,  ,  ,  ,  ,  ,  ,  ,  ,  ,  ,  ,  ,  ,  ,  ,  ,  ,  ,  ,  ,  ,  ,  ,  ,  ,  ,  ,  ,  ,  ,  ,  ,  ,  ,  ,  ,  ,  ,  ,  ,  ,  ,  ,  ,  ,  ,  ,  ,  ,  ,  ,  ,  ,  ,  ,  ,  ,  ,  ,  ,  ,  ,  ,  ,  ,  ,  ,  ,  ,  ,  ,  ,  ,  ,  ,  ,  ,  ,  ,  ,  ,  ,  ,  ,  ,  ,  ,  ,  ,  ,  ,  ,  ,  ,  ,  ,  ,  ,  ,  ,  ,  ,  ,  ,  ,  ,  ,  ,  ,  ,  ,  ,  ,  ,  ,  ,  ,  ,  ,  ,  ,  ,  ,  ,  ,  ,  ,  ,  ,  ,  ,  ,  ,  ,  ,  ,  ,  ,  ,  ,  ,  ,  ,  ,  ,  ,  ,  ,  ,  ,  ,  ,  ,  ,  ,  ,  ,  ,  ,  ,  ,  ,  ,  ,  ,  ,  ,  ,  ,  ,  ,  ,  ,  ,  ,  ,  ,  ,  ,  ,  ,  ,  ,  ,  ,  ,  ,  ,  ,  ,  ,  ,  ,  ,  ,  ,  ,  ,  ,  ,  ,  ,  ,  ,  ,  ,  ,  ,  ,  ,  ,  ,  ,  ,  ,  ,  ,  ,  ,  ,  ,  ,  ,  ,  ,  ,  ,  ,  ,  ,  ,  ,  ,  ,  ,  ,  ,  ,  ,  ,  ,  ,  ,  ,  ,  ,  ,  ,  ,  ,  ,  ,  ,  ,  ,  ,  ,  ,  ,  ,  ,  ,  ,  ,  ,  ,  ,  ,  ,  ,  ,  ,  ,  ,  ,  ,  ,  ,  ,  ,  ,  ,  ,  ,  ,  ,  ,  ,  ,  ,  ,  ,  ,  ,  ,  ,  ,  ,  ,  ,  ,  ,  ,  ,  ,  ,  ,  ,  ,  ,  ,  ,  ,  ,  ,  ,  ,  ,  ,  ,  ,  ,  ,  ,  ,  ,  ,  ,  ,  ,  ,  ,  ,  ,  , 0+0:0:0:0:0
Ab aeolian (4b),  ,  ,  ,  ,  ,  ,  ,  ,  ,  ,  ,  ,  ,  ,  ,  ,  ,  ,  ,  ,  ,  ,  ,  ,  ,  ,  ,  ,  ,  ,  ,  ,  ,  ,  ,  ,  ,  ,  ,  ,  ,  ,  ,  ,  ,  ,  ,  ,  ,  ,  ,  ,  ,  ,  ,  ,  ,  ,  ,  ,  ,  ,  ,  ,  ,  ,  ,  ,  ,  ,  ,  ,  ,  ,  ,  ,  ,  ,  ,  ,  ,  ,  ,  ,  ,  ,  ,  ,  ,  ,  ,  ,  ,  ,  ,  ,  ,  ,  ,  ,  ,  ,  ,  ,  ,  ,  ,  ,  ,  ,  ,  ,  ,  ,  ,  ,  ,  ,  ,  ,  ,  ,  ,  ,  ,  ,  ,  ,  ,  ,  ,  ,  ,  ,  ,  ,  ,  ,  ,  ,  ,  ,  ,  ,  ,  ,  ,  ,  ,  ,  ,  ,  ,  ,  ,  ,  ,  ,  ,  ,  ,  ,  ,  ,  ,  ,  ,  ,  ,  ,  ,  ,  ,  ,  ,  ,  ,  ,  ,  ,  ,  ,  ,  ,  ,  ,  ,  ,  ,  ,  ,  ,  ,  ,  ,  ,  ,  ,  ,  ,  ,  ,  ,  ,  ,  ,  ,  ,  ,  ,  ,  ,  ,  ,  ,  ,  ,  ,  ,  ,  ,  ,  ,  ,  ,  ,  ,  ,  ,  ,  ,  ,  ,  ,  ,  ,  ,  ,  ,  ,  ,  ,  ,  ,  ,  ,  ,  ,  ,  ,  ,  ,  ,  ,  ,  ,  ,  ,  ,  ,  ,  ,  ,  ,  ,  ,  ,  ,  ,  ,  ,  ,  ,  ,  ,  ,  ,  ,  ,  ,  ,  ,  ,  ,  ,  ,  ,  ,  ,  ,  ,  ,  ,  ,  ,  ,  ,  ,  ,  ,  ,  ,  ,  ,  ,  ,  ,  ,  ,  ,  ,  ,  ,  ,  ,  ,  ,  ,  ,  ,  ,  ,  ,  ,  ,  ,  ,  ,  ,  ,  ,  ,  ,  ,  ,  ,  ,  ,  ,  ,  ,  ,  ,  ,  ,  ,  ,  ,  ,  ,  ,  ,  ,  ,  ,  , 0+0:0:0:0:0
E aeolian (4#),  ,  ,  ,  ,  ,  ,  ,  ,  ,  ,  ,  ,  ,  ,  ,  ,  ,  ,  ,  ,  ,  ,  ,  ,  ,  ,  ,  ,  ,  ,  ,  ,  ,  ,  ,  ,  ,  ,  ,  ,  ,  ,  ,  ,  ,  ,  ,  ,  ,  ,  ,  ,  ,  ,  ,  ,  ,  ,  ,  ,  ,  ,  ,  ,  ,  ,  ,  ,  ,  ,  ,  ,  ,  ,  ,  ,  ,  ,  ,  ,  ,  ,  ,  ,  ,  ,  ,  ,  ,  ,  ,  ,  ,  ,  ,  ,  ,  ,  ,  ,  ,  ,  ,  ,  ,  ,  ,  ,  ,  ,  ,  ,  ,  ,  ,  ,  ,  ,  ,  ,  ,  ,  ,  ,  ,  ,  ,  ,  ,  ,  ,  ,  ,  ,  ,  ,  ,  ,  ,  ,  ,  ,  ,  ,  ,  ,  ,  ,  ,  ,  ,  ,  ,  ,  ,  ,  ,  ,  ,  ,  ,  ,  ,  ,  ,  ,  ,  ,  ,  ,  ,  ,  ,  ,  ,  ,  ,  ,  ,  ,  ,  ,  ,  ,  ,  ,  ,  ,  ,  ,  ,  ,  ,  ,  ,  ,  ,  ,  ,  ,  ,  ,  ,  ,  ,  ,  ,  ,  ,  ,  ,  ,  ,  ,  ,  ,  ,  ,  ,  ,  ,  ,  ,  ,  ,  ,  ,  ,  ,  ,  ,  ,  ,  ,  ,  ,  ,  ,  ,  ,  ,  ,  ,  ,  ,  ,  ,  ,  ,  ,  ,  ,  ,  ,  ,  ,  ,  ,  ,  ,  ,  ,  ,  ,  ,  ,  ,  ,  ,  ,  ,  ,  ,  ,  ,  ,  ,  ,  ,  ,  ,  ,  ,  ,  ,  ,  ,  ,  ,  ,  ,  ,  ,  ,  ,  ,  ,  ,  ,  ,  ,  ,  ,  ,  ,  ,  ,  ,  ,  ,  ,  ,  ,  ,  ,  ,  ,  ,  ,  ,  ,  ,  ,  ,  ,  ,  ,  ,  ,  ,  ,  ,  ,  ,  ,  ,  ,  ,  ,  ,  ,  ,  ,  ,  ,  ,  ,  ,  ,  ,  ,  ,  ,  ,  ,  , 0+0:0:0:0:0
Ab locrian (4b),  ,  ,  ,  ,  ,  ,  ,  ,  ,  ,  ,  ,  ,  ,  ,  ,  ,  ,  ,  ,  ,  ,  ,  ,  ,  ,  ,  ,  ,  ,  ,  ,  ,  ,  ,  ,  ,  ,  ,  ,  ,  ,  ,  ,  ,  ,  ,  ,  ,  ,  ,  ,  ,  ,  ,  ,  ,  ,  ,  ,  ,  ,  ,  ,  ,  ,  ,  ,  ,  ,  ,  ,  ,  ,  ,  ,  ,  ,  ,  ,  ,  ,  ,  ,  ,  ,  ,  ,  ,  ,  ,  ,  ,  ,  ,  ,  ,  ,  ,  ,  ,  ,  ,  ,  ,  ,  ,  ,  ,  ,  ,  ,  ,  ,  ,  ,  ,  ,  ,  ,  ,  ,  ,  ,  ,  ,  ,  ,  ,  ,  ,  ,  ,  ,  ,  ,  ,  ,  ,  ,  ,  ,  ,  ,  ,  ,  ,  ,  ,  ,  ,  ,  ,  ,  ,  ,  ,  ,  ,  ,  ,  ,  ,  ,  ,  ,  ,  ,  ,  ,  ,  ,  ,  ,  ,  ,  ,  ,  ,  ,  ,  ,  ,  ,  ,  ,  ,  ,  ,  ,  ,  ,  ,  ,  ,  ,  ,  ,  ,  ,  ,  ,  ,  ,  ,  ,  ,  ,  ,  ,  ,  ,  ,  ,  ,  ,  ,  ,  ,  ,  ,  ,  ,  ,  ,  ,  ,  ,  ,  ,  ,  ,  ,  ,  ,  ,  ,  ,  ,  ,  ,  ,  ,  ,  ,  ,  ,  ,  ,  ,  ,  ,  ,  ,  ,  ,  ,  ,  ,  ,  ,  ,  ,  ,  ,  ,  ,  ,  ,  ,  ,  ,  ,  ,  ,  ,  ,  ,  ,  ,  ,  ,  ,  ,  ,  ,  ,  ,  ,  ,  ,  ,  ,  ,  ,  ,  ,  ,  ,  ,  ,  ,  ,  ,  ,  ,  ,  ,  ,  ,  ,  ,  ,  ,  ,  ,  ,  ,  ,  ,  ,  ,  ,  ,  ,  ,  ,  ,  ,  ,  ,  ,  ,  ,  ,  ,  ,  ,  ,  ,  ,  ,  ,  ,  ,  ,  ,  ,  ,  ,  ,  ,  ,  ,  ,  , 0+0:0:0:0:0
E locrian (4#),  ,  ,  ,  ,  ,  ,  ,  ,  ,  ,  ,  ,  ,  ,  ,  ,  ,  ,  ,  ,  ,  ,  ,  ,  ,  ,  ,  ,  ,  ,  ,  ,  ,  ,  ,  ,  ,  ,  ,  ,  ,  ,  ,  ,  ,  ,  ,  ,  ,  ,  ,  ,  ,  ,  ,  ,  ,  ,  ,  ,  ,  ,  ,  ,  ,  ,  ,  ,  ,  ,  ,  ,  ,  ,  ,  ,  ,  ,  ,  ,  ,  ,  ,  ,  ,  ,  ,  ,  ,  ,  ,  ,  ,  ,  ,  ,  ,  ,  ,  ,  ,  ,  ,  ,  ,  ,  ,  ,  ,  ,  ,  ,  ,  ,  ,  ,  ,  ,  ,  ,  ,  ,  ,  ,  ,  ,  ,  ,  ,  ,  ,  ,  ,  ,  ,  ,  ,  ,  ,  ,  ,  ,  ,  ,  ,  ,  ,  ,  ,  ,  ,  ,  ,  ,  ,  ,  ,  ,  ,  ,  ,  ,  ,  ,  ,  ,  ,  ,  ,  ,  ,  ,  ,  ,  ,  ,  ,  ,  ,  ,  ,  ,  ,  ,  ,  ,  ,  ,  ,  ,  ,  ,  ,  ,  ,  ,  ,  ,  ,  ,  ,  ,  ,  ,  ,  ,  ,  ,  ,  ,  ,  ,  ,  ,  ,  ,  ,  ,  ,  ,  ,  ,  ,  ,  ,  ,  ,  ,  ,  ,  ,  ,  ,  ,  ,  ,  ,  ,  ,  ,  ,  ,  ,  ,  ,  ,  ,  ,  ,  ,  ,  ,  ,  ,  ,  ,  ,  ,  ,  ,  ,  ,  ,  ,  ,  ,  ,  ,  ,  ,  ,  ,  ,  ,  ,  ,  ,  ,  ,  ,  ,  ,  ,  ,  ,  ,  ,  ,  ,  ,  ,  ,  ,  ,  ,  ,  ,  ,  ,  ,  ,  ,  ,  ,  ,  ,  ,  ,  ,  ,  ,  ,  ,  ,  ,  ,  ,  ,  ,  ,  ,  ,  ,  ,  ,  ,  ,  ,  ,  ,  ,  ,  ,  ,  ,  ,  ,  ,  ,  ,  ,  ,  ,  ,  ,  ,  ,  ,  ,  ,  ,  ,  ,  ,  ,  , 0+0:0:0:0:0
Db major (5b), 6+3:0:0:0:0, 5+5:0:0:0:0, 7+5:1:0:0:1, 4+4:0:0:0:0, 4+1:0:0:0:0, 7+4:0:0:0:0, 7+2:0:0:0:0, 5+6:0:0:0:0, 6+3:0:0:0:0, 5+5:0:0:0:0, 7+5:1:0:0:1, 4+4:0:0:0:0, 4+1:0:0:0:0, 7+4:0:0:0:0, 5+2:0:0:0:0, 1+0:0:0:0:0, 4+1:0:0:0:0, 4+2:0:0:0:0, 4+1:0:0:0:1,  , 4+3:0:0:0:3, 2+1:0:0:0:0, 4+2:0:0:0:0, 1+0:0:0:0:0, 6+3:0:0:0:0, 5+5:0:0:0:0, 7+5:1:0:0:1, 4+4:0:0:0:0, 4+1:0:0:0:0, 7+4:0:0:0:0, 5+2:0:0:0:0, 1+0:0:0:0:0, 5+2:0:0:0:0, 5+5:0:0:0:0, 7+2:1:0:0:1, 4+4:0:0:0:0, 4+2:0:0:0:0, 4+1:1:0:0:1, 6+2:0:0:0:0, 4+4:0:0:0:0, 5+3:1:0:0:1, 5+6:0:0:0:0, 8+3:1:0:0:1, 6+3:0:0:0:0, 2+2:0:0:0:0, 4+1:1:0:0:1, 5+1:0:0:0:0, 1+0:0:0:0:0, 5+0:0:0:0:0, 7+4:0:0:0:0, 8+3:0:1:0:0, 4+0:0:0:0:0, 6+4:0:0:0:3, 3+0:0:0:0:0, 4+3:0:0:0:0, 1+0:0:0:0:0, 6+2:0:0:0:0, 4+4:0:0:0:0, 7+2:1:0:0:1, 5+5:0:0:0:0, 4+1:0:0:0:0, 5+3:2:0:0:2, 6+2:0:0:0:0, 4+4:0:0:0:0, 5+1:1:0:0:1, 4+1:0:0:0:0, 8+3:1:1:0:2, 6+6:0:0:0:0, 6+2:0:0:0:0, 5+2:2:0:0:2, 9+4:0:0:0:0, 4+4:0:0:0:0, 7+2:0:0:0:0, 4+4:0:0:0:0, 8+3:1:0:0:1, 4+1:0:0:0:0, 3+1:1:0:0:1, 5+2:2:0:0:2, 6+2:0:0:0:0, 1+0:0:0:0:0, 7+2:0:0:0:1, 5+3:0:0:0:0, 5+1:0:0:0:1, 2+3:0:0:0:2, 5+2:0:0:0:1, 2+0:0:0:0:0, 5+2:0:0:0:1, 2+1:0:0:0:0, 6+4:1:0:0:1, 4+5:0:0:0:0, 10+6:1:0:0:1, 4+4:0:0:0:0, 4+1:0:0:0:0, 4+1:1:0:0:1, 6+2:0:0:0:0, 4+4:0:0:0:0, 6+2:0:0:0:0, 4+5:0:0:0:0, 8+5:1:0:0:1, 4+4:0:0:0:0, 3+1:0:0:0:0, 4+1:1:0:0:1, 7+2:0:0:0:0, 4+5:0:0:0:0, 6+2:0:0:0:0, 6+7:0:0:0:0, 9+4:1:0:0:1, 5+1:0:0:0:1, 3+1:0:0:0:0, 5+4:3:0:0:3, 5+1:0:0:0:0,  , 6+1:0:0:0:0, 6+1:0:0:0:0, 6+4:0:0:0:0,  , 5+2:0:0:0:2, 3+0:0:0:0:0, 4+3:0:0:0:0, 2+2:0:0:0:0, 5+2:0:0:0:0, 4+2:0:0:0:1, 7+2:1:0:0:1, 5+5:0:0:0:0, 3+1:1:0:0:1, 4+1:0:0:0:0, 7+4:0:0:0:0, 8+6:0:0:0:0, 5+2:0:0:0:0, 4+4:0:0:0:0, 8+5:1:0:0:1, 4+4:0:0:0:0, 4+2:0:0:0:0, 6+4:3:0:0:3, 8+3:0:0:0:0, 6+6:0:0:0:0, 5+4:0:0:0:0, 6+6:0:0:0:0, 9+4:1:0:0:2, 6+5:1:0:0:1, 2+2:0:0:0:0, 4+1:1:0:0:1, 5+1:0:0:0:0, 3+2:0:0:0:1, 5+0:0:0:0:0, 6+3:0:0:0:1, 6+3:0:0:0:2, 1+0:0:0:0:0, 5+3:0:0:0:2, 3+1:0:0:0:0, 5+3:0:0:0:0, 2+2:0:0:0:0, 5+2:0:0:0:0, 4+4:0:0:0:0, 7+5:2:0:0:3, 6+2:0:0:0:0, 3+1:0:0:0:0, 6+2:1:1:0:2, 9+3:0:0:0:0, 4+4:0:0:0:0, 5+2:0:0:0:0, 4+4:0:0:0:0, 7+3:1:0:0:1, 4+8:1:0:0:1, 4+3:0:0:0:0, 5+5:4:0:0:4, 8+2:0:0:0:1, 5+1:0:0:0:0, 6+1:1:0:0:1, 5+2:0:0:0:1, 8+2:1:0:0:1, 4+2:0:0:0:0, 3+1:0:0:0:0, 4+1:1:0:0:1, 5+1:1:0:0:1, 1+0:0:0:0:0, 6+1:0:0:0:0, 9+3:0:0:0:0, 8+5:0:0:0:0, 5+2:0:0:0:1, 6+1:0:0:0:0, 3+0:0:0:0:0, 4+4:0:0:0:0, 4+0:0:0:0:0, 5+2:0:0:0:0, 4+4:0:0:0:0, 7+2:1:0:0:1, 5+4:0:0:0:0, 7+3:1:0:0:1, 5+2:1:0:0:2, 7+3:0:0:0:2, 4+2:0:0:0:0, 5+1:1:0:0:1, 4+2:0:0:0:0, 7+2:0:0:0:1, 4+1:0:0:0:0, 3+1:0:0:0:0, 4+1:1:0:0:1, 8+2:0:0:0:0, 5+5:0:0:0:0, 6+2:0:0:0:0, 4+4:0:0:0:0, 10+3:1:0:0:1, 4+2:0:0:0:0, 6+2:1:0:0:1, 4+2:2:0:0:2, 6+4:0:0:0:0, 0+0:0:0:0:0, 5+2:0:0:0:0, 5+3:0:0:0:0, 5+1:0:0:0:1, 2+0:0:0:0:0, 3+1:0:0:0:1, 2+1:0:0:0:0, 4+2:1:0:0:2, 3+1:0:0:0:0, 6+5:0:0:0:0, 5+1:0:0:0:1, 10+3:1:0:0:1, 8+4:0:0:0:0, 3+2:0:0:0:0, 5+1:1:0:0:1, 9+3:0:0:0:1, 5+4:0:0:0:0, 5+2:0:0:0:0, 4+4:0:0:0:0, 7+2:1:0:0:1, 5+2:0:0:0:0, 3+2:0:0:0:0, 6+2:1:1:0:2, 8+4:0:0:0:0, 4+7:0:0:0:0, 5+2:0:0:0:0, 5+5:0:0:0:0, 7+5:1:0:0:1, 7+4:0:0:0:0, 5+1:0:0:0:0, 5+4:3:0:0:3, 5+1:0:0:0:0, 3+1:0:0:0:0, 5+0:0:0:0:0, 5+2:0:0:0:0, 6+4:0:0:0:0, 2+0:0:0:0:0, 7+3:0:0:0:0, 4+1:1:0:0:1, 6+4:0:0:0:2, 7+4:2:1:0:4, 6+2:0:0:0:0, 4+5:0:0:0:0, 8+5:1:0:0:1, 4+1:0:0:0:0, 2+1:0:0:0:1, 4+1:1:0:0:1, 6+4:0:0:0:0, 6+5:0:0:0:0, 6+2:0:0:0:0, 4+3:0:0:0:0, 7+3:1:0:0:1, 5+4:0:0:0:0, 7+4:3:0:0:3, 6+4:0:0:0:0, 8+3:0:0:0:1, 6+6:0:0:0:0, 5+4:0:0:0:0, 7+7:0:0:0:0, 7+5:2:0:0:3, 4+7:1:0:0:1, 2+1:0:0:0:0, 5+2:1:0:0:1, 5+1:0:0:0:0, 3+2:0:0:0:1, 6+3:0:0:0:0, 4+3:0:0:0:0, 4+5:0:0:0:0, 3+0:0:0:0:0, 4+1:0:0:0:0, 4+0:0:0:0:0, 4+4:0:0:0:0, 4+2:0:0:0:0, 6+3:0:0:0:0, 5+5:0:0:0:0, 8+2:1:0:0:1, 4+4:0:0:0:0, 5+3:0:0:0:0, 5+1:1:0:0:1, 8+3:1:0:0:1, 6+2:0:0:0:0, 6+2:0:0:0:0, 4+5:0:0:0:0, 8+5:1:0:0:1, 4+5:0:0:0:0, 3+1:0:0:0:0, 4+1:1:0:0:1, 7+2:0:0:0:0, 4+5:0:0:0:0, 5+2:0:0:0:0, 6+3:0:0:0:1, 8+2:0:0:0:1, 4+2:0:0:0:0, 3+1:0:0:0:0, 5+1:1:0:0:1, 6+2:1:0:0:1, 3+3:0:0:0:0, 5+2:1:0:0:1, 6+2:0:0:0:0, 6+3:0:0:0:1, 3+1:0:0:0:1, 5+3:1:0:0:1, 5+1:0:0:0:0, 3+3:0:0:0:0, 4+1:0:0:0:0, 6+2:0:0:0:0, 6+4:0:0:0:0, 9+4:1:0:0:1, 5+4:0:0:0:0, 8+4:3:0:0:3, 6+4:0:0:0:0, 7+4:0:0:0:1, 8+7:1:0:0:1, 6+2:0:0:0:0, 4+5:0:0:0:0, 7+2:1:0:0:1, 4+5:0:0:0:0, 5+3:0:0:0:0, 6+2:1:1:0:2, 8+4:0:0:0:0, 4+4:0:0:0:0, 5+2:0:0:0:0, 5+4:0:0:0:0, 7+3:1:0:0:1, 4+7:1:0:0:1, 3+2:0:0:0:0, 5+2:1:1:0:2, 5+3:0:0:0:0, 3+1:0:1:0:0, 7+2:0:0:0:0, 4+3:0:0:0:0, 6+3:0:0:0:0, 4+1:1:0:0:1, 7+2:0:0:0:0, 3+2:0:0:0:0, 3+2:0:0:0:2, 3+2:0:0:0:2, 5+2:0:0:0:0, 4+4:0:0:0:0, 8+3:1:0:0:1, 4+5:0:0:0:0, 3+1:0:0:0:0, 4+1:1:0:0:1, 8+3:0:0:0:1, 6+7:1:0:0:1, 3+1:1:0:0:1, 1+0:0:0:0:0, 1+0:0:0:0:0, 1+0:0:0:0:0, 1774+938:105:8:0:165
B major (5#), 6+3:0:0:0:0, 5+5:0:0:0:0, 7+5:1:0:0:1, 5+2:0:0:0:0, 5+3:0:0:0:0, 7+4:0:0:0:0, 4+4:0:0:0:0, 7+3:0:0:0:0, 6+3:0:0:0:0, 5+5:0:0:0:0, 7+5:1:0:0:1, 5+2:0:0:0:0, 5+3:0:0:0:0, 7+2:0:0:0:0, 5+2:0:0:0:0, 2+1:0:0:0:0, 2+1:0:0:0:0, 1+2:0:0:0:0, 2+1:0:0:0:0,  , 3+1:0:0:0:0, 2+1:0:0:0:0, 4+2:0:0:0:1, 1+0:0:0:0:0, 6+3:0:0:0:0, 5+5:0:0:0:0, 7+5:1:0:0:1, 5+2:0:0:0:0, 5+3:0:0:0:0, 7+2:0:0:0:0, 5+2:0:0:0:0, 2+1:0:0:0:0, 5+2:0:0:0:0, 5+5:0:0:0:0, 4+2:1:0:0:1, 5+4:0:0:0:0, 5+3:0:0:0:0, 6+2:0:0:0:0, 5+2:0:0:0:0, 5+1:0:0:0:0, 6+1:0:0:0:0, 5+6:0:0:0:0, 5+3:1:0:0:1, 7+2:0:0:0:0, 3+1:0:0:0:0, 6+3:0:0:0:0, 5+3:0:0:0:0, 0+0:0:0:0:0, 2+0:0:0:0:0, 4+4:0:0:0:0, 5+2:0:0:0:0, 2+1:0:0:0:1, 5+3:0:0:0:0, 3+0:0:0:0:0, 4+3:0:0:0:2, 0+0:0:0:0:0, 5+2:0:0:0:0, 5+4:0:0:0:0, 4+2:1:0:0:1, 5+5:0:0:0:0, 4+3:1:0:0:1, 7+5:0:0:0:0, 3+1:0:0:0:0, 5+4:0:0:0:0, 6+1:0:0:0:0, 7+2:0:0:0:0, 5+3:1:1:0:2, 7+6:0:0:0:0, 5+2:1:0:0:1, 8+4:0:0:0:1, 6+5:0:2:0:2, 5+4:0:0:0:0, 6+2:0:0:0:0, 5+4:0:0:0:0, 5+3:1:0:0:1, 5+4:0:0:0:0, 3+5:1:0:0:1, 6+4:0:0:0:0, 8+3:0:0:0:0, 0+0:0:0:0:0, 5+4:0:0:0:0, 2+3:0:0:0:0, 2+1:0:0:0:1, 6+3:0:0:0:2, 4+2:0:0:0:1, 0+0:0:0:0:0, 4+2:0:0:0:1, 2+1:0:0:0:0, 7+4:0:0:0:0, 5+5:0:0:0:0, 7+6:1:0:0:1, 5+4:0:0:0:0, 5+2:0:0:0:0, 7+4:0:0:0:2, 3+1:0:0:0:0, 5+4:0:0:0:0, 6+2:0:0:0:0, 5+5:0:0:0:0, 5+5:1:0:0:1, 5+4:0:0:0:0, 4+2:0:0:0:0, 6+3:0:0:0:0, 4+5:0:2:0:2, 5+5:0:0:0:0, 6+2:0:0:0:0, 6+7:0:0:0:0, 8+4:1:0:0:1, 6+3:0:0:0:0, 5+2:0:0:0:0, 7+4:0:0:0:0, 4+1:0:0:0:0,  , 2+1:0:0:0:0, 2+1:0:0:0:0, 3+1:0:0:0:0,  , 5+4:0:0:0:0, 1+0:0:0:0:0, 4+3:0:0:0:0, 2+5:0:0:0:0, 5+2:0:0:0:0, 6+2:0:0:0:0, 4+2:1:0:0:1, 5+5:0:0:0:0, 3+1:1:0:0:1, 6+3:0:0:0:0, 7+4:0:0:0:0, 7+5:0:0:0:3, 5+2:0:0:0:0, 5+4:0:0:0:0, 5+5:1:0:0:1, 5+4:0:0:0:0, 6+2:0:0:0:1, 9+6:0:0:0:0, 4+3:0:0:0:0, 6+2:0:0:0:0, 5+4:0:0:0:0, 6+2:0:0:0:0, 5+4:1:0:0:2, 7+5:1:0:0:1, 4+2:0:0:0:0, 6+2:0:0:0:0, 4+1:0:0:0:0, 2+1:0:0:0:0, 2+0:0:0:0:0, 3+3:0:0:0:1, 2+3:0:0:0:0, 0+0:0:0:0:0, 5+3:0:0:0:0, 3+1:0:0:0:0, 4+3:0:0:0:0, 3+0:0:0:0:0, 5+2:0:0:0:0, 5+4:0:0:0:0, 5+5:2:0:0:3, 6+2:0:0:0:0, 4+3:0:0:0:0, 8+4:0:0:0:0, 7+3:0:0:0:0, 5+4:0:0:0:0, 5+2:0:0:0:0, 5+4:0:0:0:0, 4+3:1:0:0:1, 7+7:0:0:0:0, 6+4:0:0:0:1, 7+5:0:0:0:0, 6+5:1:0:0:3, 5+4:0:0:0:0, 6+2:0:0:0:0, 7+2:0:0:0:0, 8+4:1:0:0:1, 6+3:0:0:0:1, 4+2:0:0:0:0, 7+3:0:0:0:0, 7+2:1:0:0:1, 1+0:0:0:0:0, 2+1:0:0:0:0, 4+3:0:0:0:0, 5+2:0:0:0:0, 2+1:0:0:0:0, 4+1:0:0:0:0, 2+1:0:0:0:0, 5+4:0:0:0:0, 3+0:0:0:0:0, 5+2:0:0:0:0, 5+4:0:0:0:0, 4+2:1:0:0:1, 6+4:0:0:0:0, 7+4:2:0:0:2, 7+3:0:0:0:0, 6+3:0:0:0:1, 5+7:0:0:0:0, 6+4:0:0:0:0, 5+5:0:0:0:0, 5+4:1:0:0:2, 5+4:0:0:0:0, 5+1:0:0:0:0, 6+2:0:0:0:0, 4+3:0:0:0:0, 5+5:0:0:0:0, 5+2:0:0:0:0, 5+4:0:0:0:0, 6+3:1:0:0:1, 5+5:0:0:0:0, 6+6:1:0:0:1, 7+5:0:0:0:0, 6+3:0:0:0:0, 1+0:0:0:0:0, 2+1:0:0:0:0, 1+1:0:0:0:0, 2+2:0:0:0:0, 1+2:0:0:0:2, 3+2:0:0:0:0, 1+0:0:0:0:0, 4+2:0:0:0:1, 0+0:0:0:0:0, 6+5:0:0:0:0, 6+2:0:0:0:0, 8+6:0:0:0:0, 8+4:0:0:0:1, 4+2:0:0:0:0, 6+3:0:0:0:0, 5+3:0:0:0:1, 5+4:0:0:0:0, 5+2:0:0:0:0, 5+4:0:0:0:0, 4+2:1:0:0:1, 6+1:0:0:0:0, 5+3:0:0:0:0, 8+4:0:0:0:0, 6+4:0:0:0:0, 5+7:0:0:0:0, 5+2:0:0:0:0, 6+5:0:0:0:0, 6+5:1:0:0:1, 7+3:0:0:0:0, 7+4:0:0:0:0, 7+5:0:0:0:0, 4+1:0:0:0:0, 3+1:0:0:0:0, 2+0:0:0:0:0, 2+2:0:0:0:0, 3+1:0:0:0:0, 1+0:0:0:0:0, 5+3:0:0:0:0, 4+1:1:0:0:1, 7+5:0:0:0:2, 2+3:0:0:0:0, 6+2:0:0:0:0, 5+5:0:0:0:0, 7+5:1:0:0:1, 5+1:0:0:0:0, 5+2:0:0:0:1, 7+3:0:0:0:0, 5+4:0:0:0:0, 6+5:0:0:0:0, 6+2:0:0:0:0, 7+5:0:0:0:0, 6+4:0:0:0:0, 6+4:0:0:0:0, 7+4:2:0:0:2, 7+3:0:0:0:0, 5+6:0:0:0:0, 6+2:0:0:0:0, 5+4:0:0:0:0, 7+3:0:0:0:0, 5+8:0:0:0:0, 6+3:0:0:0:1, 4+1:0:0:0:0, 7+5:1:0:0:0, 5+3:0:0:0:0, 3+2:0:0:0:0, 2+0:0:0:0:0, 1+3:0:0:0:0, 2+2:0:0:0:0, 1+0:0:0:0:0, 3+1:0:0:0:0, 3+0:0:0:0:0, 4+4:0:0:0:0, 5+1:0:0:0:0, 5+3:0:0:0:0, 5+5:0:0:0:0, 4+2:1:0:0:1, 5+4:0:0:0:0, 6+3:1:0:0:1, 6+2:0:0:0:0, 8+5:0:0:0:0, 7+3:1:0:0:0, 6+2:0:0:0:0, 5+5:0:0:0:0, 5+5:1:0:0:1, 5+5:0:0:0:0, 4+3:0:0:0:0, 6+2:0:0:0:0, 4+6:0:2:0:2, 5+5:0:0:0:0, 5+2:0:0:0:0, 7+2:0:0:0:0, 6+5:0:0:0:0, 6+3:0:0:0:1, 5+2:0:0:0:0, 7+5:1:0:0:0, 7+5:0:0:0:0, 4+1:0:0:0:0, 3+1:0:0:0:0, 2+0:0:0:0:0, 3+3:0:0:0:0, 1+0:0:0:0:0, 4+3:1:0:0:1, 4+1:0:0:0:0, 4+3:0:0:0:0, 3+1:0:0:0:0, 6+2:0:0:0:0, 6+4:0:0:0:0, 9+4:1:0:0:1, 6+4:0:0:0:0, 7+4:2:0:0:2, 7+3:0:0:0:0, 5+4:0:0:0:1, 8+4:0:0:0:1, 6+2:0:0:0:0, 5+5:0:0:0:0, 4+2:1:0:0:1, 5+5:0:0:0:0, 7+2:0:0:0:0, 10+5:0:0:0:0, 6+4:0:0:0:0, 5+4:0:0:0:0, 5+2:0:0:0:0, 6+4:0:0:0:0, 4+3:1:0:0:1, 7+6:0:0:0:0, 5+2:0:0:0:0, 7+3:0:0:0:0, 7+2:0:0:0:1, 5+3:0:0:0:0, 3+1:0:0:0:1, 1+3:0:0:0:0, 3+3:0:0:0:0, 3+1:0:0:0:0, 6+2:0:0:0:0, 4+2:0:0:0:1, 5+2:0:0:0:0, 2+2:0:0:0:1, 5+2:0:0:0:0, 5+4:0:0:0:0, 5+3:1:0:0:1, 5+5:0:0:0:0, 4+3:0:0:0:0, 6+2:0:0:0:0, 6+3:0:0:0:1, 8+6:0:0:0:0, 3+1:1:0:0:1, 0+0:0:0:0:0, 0+0:0:0:0:0, 0+0:0:0:0:0, 1696+1021:51:7:0:97
Bb minor (5b), 6+1:1:0:0:1, 5+1:0:0:0:0, 7+2:0:0:0:1, 4+2:0:0:0:0, 4+0:0:0:0:0, 7+1:0:0:0:0, 7+1:0:0:0:0, 5+6:0:0:0:0, 6+1:0:0:0:0, 5+0:0:0:0:0, 7+2:0:0:0:1, 4+2:0:0:0:0, 4+0:0:0:0:0, 7+1:0:0:0:0, 5+1:0:0:0:1, 1+0:0:0:0:0, 4+0:0:0:0:0, 4+5:0:0:0:0, 4+1:0:0:0:1,  , 4+0:0:0:0:0, 2+0:0:0:0:0, 4+2:0:0:0:0, 1+0:0:0:0:0, 6+1:0:0:0:0, 5+0:0:0:0:0, 7+2:0:0:0:1, 4+2:0:0:0:0, 4+0:0:0:0:0, 7+1:0:0:0:0, 5+1:0:0:0:1, 1+0:0:0:0:0, 5+1:0:0:0:0, 5+0:0:0:0:0, 7+2:0:0:0:1, 4+1:0:0:0:0, 4+0:0:0:0:0, 4+1:1:0:0:1, 6+1:0:0:0:0, 4+0:0:0:0:0, 5+1:1:0:0:1, 5+1:0:0:0:0, 8+3:0:0:0:2, 6+3:0:0:0:0, 2+0:0:0:0:0, 4+1:1:0:0:1, 5+1:0:0:0:0, 1+0:0:0:0:0, 5+4:0:0:0:0, 7+4:0:0:0:0, 8+3:0:1:0:0, 4+0:0:0:0:0, 6+1:0:0:0:0, 3+0:0:0:0:0, 4+1:0:0:0:0, 1+0:0:0:0:0, 6+1:0:0:0:0, 4+0:0:0:0:0, 7+2:0:0:0:1, 5+1:0:0:0:0, 4+1:0:0:0:0, 5+3:2:0:0:2, 6+1:0:0:0:0, 4+0:0:0:0:0, 5+1:1:0:0:1, 4+1:0:0:0:0, 9+3:0:0:0:1, 6+2:0:0:0:0, 5+1:1:0:0:1, 5+2:2:0:0:2, 9+3:0:0:0:2, 4+0:0:0:0:0, 7+1:0:0:0:0, 4+0:0:0:0:0, 8+2:0:0:0:1, 4+1:0:0:0:0, 3+1:1:0:0:1, 5+2:2:0:0:2, 6+2:0:0:0:0, 1+0:0:0:0:0, 7+2:0:0:0:0, 5+2:0:0:0:0, 5+1:0:0:0:1, 2+3:0:0:0:2, 5+3:0:0:0:2, 1+1:0:1:0:0, 5+1:0:0:0:0, 2+0:0:0:0:0, 6+1:1:0:0:1, 4+1:0:0:0:0, 10+4:0:0:0:2, 4+2:0:0:0:0, 4+1:0:0:0:0, 4+1:1:0:0:1, 6+1:0:0:0:0, 4+0:0:0:0:0, 6+1:0:0:0:0, 4+0:0:0:0:0, 8+2:0:0:0:1, 4+1:0:0:0:0, 3+0:0:0:0:0, 4+1:1:0:0:1, 7+1:0:0:0:0, 4+0:0:0:0:0, 6+2:0:0:0:1, 6+2:0:0:0:0, 9+2:0:0:0:1, 5+1:0:0:0:0, 3+0:0:0:0:0, 5+4:3:0:0:3, 5+0:0:0:0:0,  , 6+1:0:0:0:0, 6+4:0:0:0:0, 6+3:0:0:0:2,  , 5+1:0:0:0:0, 3+0:0:0:0:0, 4+1:0:0:0:1, 2+1:0:0:0:0, 5+1:0:0:0:0, 4+1:0:0:0:0, 7+2:0:0:0:1, 5+1:0:0:0:0, 3+1:1:0:0:1, 4+1:1:0:0:1, 7+3:0:0:0:3, 7+3:0:0:0:0, 5+1:0:0:0:0, 4+0:0:0:0:0, 8+3:0:0:0:2, 4+1:0:0:0:0, 4+1:0:0:0:0, 6+4:3:0:0:3, 8+4:0:0:0:3, 6+1:0:0:0:0, 5+3:0:0:0:0, 6+1:0:0:0:0, 9+3:1:0:0:0, 6+2:0:0:0:0, 2+0:0:0:0:0, 4+1:1:0:0:1, 5+0:0:0:0:0, 3+0:0:0:0:0, 5+2:0:0:0:0, 6+3:0:0:0:1, 6+3:0:0:0:2, 1+0:0:0:0:0, 5+1:0:1:0:1, 3+0:0:0:0:0, 5+2:0:0:0:0, 2+0:0:0:0:0, 5+1:0:0:0:0, 4+0:0:0:0:0, 7+4:0:0:0:2, 6+2:0:0:0:0, 3+0:0:0:0:0, 6+2:1:1:0:2, 9+3:0:0:0:2, 4+0:0:0:0:0, 5+1:0:0:0:0, 4+0:0:0:0:0, 7+3:0:0:0:2, 4+3:0:0:0:0, 4+1:0:0:0:0, 5+5:4:0:0:4, 8+2:0:0:0:1, 5+0:0:0:0:0, 6+1:0:0:0:0, 5+1:0:0:0:0, 8+2:0:0:0:1, 4+2:0:0:0:0, 3+0:0:0:0:0, 4+1:1:0:0:1, 5+1:1:0:0:1, 1+0:0:0:0:0, 6+1:0:0:0:0, 9+3:0:0:0:0, 8+5:0:0:0:0, 5+2:0:0:0:1, 6+0:0:0:0:0, 3+0:0:0:0:0, 4+2:0:0:0:0, 4+0:0:0:0:0, 5+1:0:0:0:0, 4+0:0:0:0:0, 7+2:0:0:0:1, 5+1:0:0:0:0, 7+3:1:0:0:1, 5+2:1:0:0:2, 7+3:0:0:0:2, 4+2:0:0:0:0, 5+1:1:0:0:1, 4+2:0:0:0:0, 7+2:0:0:0:1, 4+1:0:0:0:0, 3+0:0:0:0:0, 4+1:1:0:0:1, 8+1:0:0:0:0, 5+0:0:0:0:0, 6+1:0:0:0:0, 4+0:0:0:0:0, 9+4:2:0:0:0, 4+0:0:0:0:0, 6+2:1:0:0:1, 4+2:2:0:0:2, 6+4:0:0:0:0, 0+0:0:0:0:0, 5+2:0:0:0:0, 5+2:0:0:0:0, 5+1:0:0:0:1, 0+0:0:0:0:0, 3+0:0:0:0:0, 2+0:0:0:0:0, 4+5:0:0:0:3, 1+2:0:0:0:0, 6+1:0:0:0:1, 5+1:0:0:0:0, 10+4:0:0:0:1, 8+4:0:0:0:0, 3+0:0:0:0:0, 5+1:0:0:0:0, 9+2:0:0:0:0, 5+0:0:0:0:0, 5+1:0:0:0:0, 4+0:0:0:0:0, 7+2:0:0:0:1, 5+2:0:0:0:0, 3+0:0:0:0:0, 7+2:0:0:0:0, 8+2:0:0:0:0, 4+0:0:0:0:0, 5+1:0:0:0:0, 5+1:0:0:0:1, 7+4:0:0:0:3, 7+4:0:0:0:0, 5+1:0:0:0:0, 5+4:3:0:0:3, 5+0:0:0:0:0, 3+0:0:0:0:0, 5+3:0:0:0:0, 5+5:0:0:0:1, 6+4:0:0:0:0, 2+0:0:0:0:0, 7+1:0:0:0:0, 4+1:1:0:0:1, 6+3:0:0:0:1, 4+3:0:1:0:1, 6+1:1:0:0:1, 4+1:0:0:0:0, 8+2:0:0:0:1, 4+1:0:0:0:0, 2+2:0:0:0:1, 4+1:1:0:0:1, 6+1:0:0:0:0, 6+1:0:0:0:0, 6+1:0:0:0:0, 4+1:0:0:0:0, 7+2:0:0:0:1, 5+1:0:0:0:0, 7+3:1:0:0:1, 5+2:1:0:0:2, 7+3:0:0:0:2, 6+1:0:0:0:0, 5+3:0:0:0:0, 7+2:0:0:0:0, 7+4:0:0:0:2, 4+3:0:0:0:0, 2+0:0:0:0:0, 5+1:1:0:0:1, 5+1:0:0:0:0, 3+1:0:0:0:0, 6+1:0:0:0:0, 4+4:0:0:0:0, 4+4:0:0:0:4, 3+0:0:0:0:0, 4+0:0:0:0:0, 4+0:0:0:0:0, 4+2:0:0:0:0, 4+0:0:0:0:0, 6+1:0:0:0:0, 5+0:0:0:0:0, 8+2:1:0:0:0, 4+0:0:0:0:0, 5+2:0:0:0:0, 5+1:1:0:0:1, 8+2:0:0:0:1, 6+2:0:0:0:0, 6+1:0:0:0:0, 4+0:0:0:0:0, 8+2:0:0:0:1, 4+1:0:0:0:0, 3+0:0:0:0:0, 4+1:1:0:0:1, 7+1:0:0:0:0, 4+0:0:0:0:0, 5+1:0:0:0:0, 6+2:0:0:0:0, 8+2:0:0:0:1, 4+2:0:0:0:0, 3+0:0:0:0:0, 5+1:1:0:0:1, 6+2:1:0:0:1, 3+0:0:0:0:0, 5+2:1:0:0:1, 6+3:0:0:0:0, 6+3:0:0:0:1, 3+1:0:0:0:1, 5+1:1:0:0:1, 5+1:0:0:0:0, 3+3:0:0:0:0, 4+0:0:0:0:0, 6+1:0:0:0:0, 5+1:0:0:0:0, 9+3:0:0:0:1, 5+1:0:0:0:0, 8+4:0:0:0:0, 5+2:1:0:0:2, 7+1:0:0:0:1, 8+2:0:0:0:0, 6+1:0:0:0:0, 4+0:0:0:0:0, 7+2:0:0:0:1, 4+1:0:0:0:0, 5+1:0:0:0:0, 6+2:1:1:0:2, 8+2:0:0:0:0, 4+0:0:0:0:0, 5+1:0:0:0:0, 5+1:0:0:0:0, 7+3:0:0:0:2, 4+3:0:0:0:0, 3+0:0:0:0:0, 6+2:1:0:0:1, 5+1:0:0:0:0, 4+1:0:0:0:0, 7+2:0:0:0:0, 4+2:0:0:0:0, 6+2:0:0:0:2, 4+1:1:0:0:0, 7+1:0:0:0:1, 3+2:0:0:0:0, 3+2:0:0:0:2, 3+1:0:1:0:1, 5+1:1:0:0:1, 4+1:0:0:0:0, 8+2:0:0:0:1, 4+1:0:0:0:0, 3+0:0:0:0:0, 4+1:1:0:0:1, 8+4:0:0:0:2, 5+3:0:0:0:1, 3+1:1:0:0:1, 1+0:0:0:0:0, 1+0:0:0:0:0, 1+0:0:0:0:0, 1762+502:65:7:0:163
G# minor (5#), 6+3:0:0:0:0, 5+5:0:0:0:0, 7+5:1:0:0:1, 5+4:0:0:0:0, 5+2:1:0:0:1, 7+4:0:0:0:0, 4+4:0:0:0:0, 7+3:0:0:0:0, 6+3:0:0:0:0, 5+5:0:0:0:0, 7+5:1:0:0:1, 5+4:0:0:0:0, 5+0:0:0:0:0, 7+2:1:0:0:1, 5+1:1:0:0:1, 3+0:0:0:0:0, 2+0:0:0:0:0, 1+2:0:0:0:0, 2+1:0:0:0:0,  , 3+5:0:0:0:0, 2+1:0:0:0:0, 4+2:0:0:0:1, 1+0:0:0:0:0, 6+3:0:0:0:0, 5+5:0:0:0:0, 7+5:1:0:0:1, 5+4:0:0:0:0, 5+2:1:0:0:1, 7+4:0:0:0:0, 5+2:0:0:0:0, 3+0:0:0:0:0, 5+2:0:0:0:0, 5+5:0:0:0:0, 4+2:1:0:0:1, 5+1:0:0:0:0, 5+0:0:0:0:0, 6+1:1:0:0:1, 4+1:0:1:0:1, 5+1:0:0:0:0, 6+1:1:0:0:1, 5+1:0:0:0:0, 5+2:1:0:0:1, 7+3:0:0:0:0, 3+0:0:0:0:0, 6+1:1:0:0:1, 5+1:0:0:0:0, 2+0:0:0:0:0, 2+0:0:0:0:0, 4+4:0:0:0:0, 5+2:0:0:0:0, 2+1:0:0:0:1, 5+4:0:0:0:0, 3+0:0:0:0:0, 4+3:0:0:0:2, 0+0:0:0:0:0, 5+2:0:0:0:0, 5+4:0:0:0:0, 4+2:1:0:0:1, 5+1:0:0:0:0, 4+1:1:0:0:1, 7+3:3:0:0:3, 3+0:0:0:0:0, 5+1:0:0:0:0, 6+1:1:0:0:1, 7+1:0:0:0:0, 5+2:1:1:0:1, 7+2:1:0:0:1, 5+1:1:0:0:1, 8+2:2:0:0:2, 6+4:0:2:0:4, 5+4:0:0:0:0, 6+2:0:0:0:0, 5+4:0:0:0:0, 5+3:1:0:0:1, 5+1:0:0:0:0, 3+1:1:0:0:1, 6+2:2:0:0:2, 7+2:0:0:0:0, 0+0:0:0:0:0, 4+4:0:1:0:2, 2+3:0:0:0:0, 2+1:0:0:0:1, 6+3:0:0:0:2, 4+2:0:0:0:1, 0+0:0:0:0:0, 4+2:0:0:0:1, 2+1:0:0:0:0, 7+4:0:0:0:0, 5+5:0:0:0:0, 7+6:1:0:0:1, 5+2:0:0:0:0, 5+1:0:0:0:0, 7+1:1:0:0:1, 3+0:0:0:0:0, 5+4:0:0:0:0, 6+2:0:0:0:0, 5+5:0:0:0:0, 5+5:1:0:0:1, 5+1:0:0:0:0, 4+0:0:0:0:0, 6+1:1:0:0:1, 4+5:0:2:0:2, 5+5:0:0:0:0, 6+2:0:0:0:0, 6+7:0:0:0:0, 7+4:1:1:0:2, 6+1:0:0:0:0, 5+0:0:0:0:0, 7+4:3:0:0:3, 4+4:0:0:0:0,  , 2+1:0:0:0:0, 2+1:0:0:0:0, 3+1:0:0:0:0,  , 5+3:0:0:0:0, 1+0:0:0:0:0, 4+3:0:0:0:0, 2+2:1:0:0:1, 5+2:0:0:0:0, 6+2:0:0:0:0, 4+2:1:0:0:1, 5+5:0:0:0:0, 3+1:1:0:0:1, 6+3:0:0:0:0, 7+4:0:0:0:0, 8+6:0:0:0:0, 5+2:0:0:0:0, 5+4:0:0:0:0, 5+5:1:0:0:1, 5+1:0:0:0:0, 6+1:0:0:0:0, 8+4:3:0:0:3, 4+3:0:0:0:0, 6+8:0:0:0:3, 5+4:0:0:0:0, 6+6:0:0:0:3, 5+4:1:0:0:2, 7+5:1:0:0:1, 4+0:0:0:0:0, 6+1:1:0:0:1, 4+1:0:0:0:0, 2+1:0:0:0:0, 2+0:0:0:0:0, 3+3:0:0:0:1, 2+3:0:0:0:0, 0+0:0:0:0:0, 5+4:0:0:0:1, 3+1:0:0:0:0, 4+3:0:0:0:2, 3+2:0:0:0:0, 5+2:0:0:0:0, 5+4:0:0:0:0, 5+5:2:0:0:3, 6+2:0:0:0:0, 4+0:0:0:0:0, 9+2:1:1:0:2, 7+3:0:0:0:0, 5+4:0:0:0:0, 5+2:0:0:0:0, 5+4:0:0:0:0, 4+3:1:0:0:1, 6+3:0:0:0:0, 6+1:0:0:0:0, 7+5:4:0:0:4, 6+5:1:0:0:3, 5+4:0:0:0:0, 6+2:0:0:0:0, 7+2:0:0:0:1, 8+2:1:0:0:1, 6+2:0:0:0:0, 4+0:0:0:0:0, 7+1:1:0:0:1, 7+1:1:0:0:1, 1+0:0:0:0:0, 2+1:0:0:0:0, 4+3:0:0:0:0, 5+2:0:0:0:0, 2+1:0:0:0:0, 4+5:0:0:0:0, 2+1:0:0:0:0, 5+4:0:0:0:0, 3+0:0:0:0:0, 5+2:0:0:0:0, 5+4:0:0:0:0, 4+2:1:0:0:1, 6+4:0:0:0:0, 7+4:2:0:0:2, 7+4:0:0:0:0, 6+3:0:0:0:1, 5+7:0:0:0:0, 6+4:0:0:0:0, 5+5:0:0:0:0, 5+4:1:0:0:2, 5+1:0:0:0:0, 5+0:0:0:0:0, 6+1:1:0:0:1, 4+3:0:0:0:0, 5+5:0:0:0:0, 5+2:0:0:0:0, 5+4:0:0:0:0, 6+3:1:0:0:1, 5+2:0:0:0:0, 6+2:1:0:0:1, 7+2:2:0:0:2, 6+1:1:0:0:1, 1+0:0:0:0:0, 2+1:0:0:0:0, 1+1:0:0:0:0, 2+2:0:0:0:0, 1+2:0:0:0:2, 3+2:0:0:0:0, 1+0:0:0:0:0, 4+2:0:0:0:1, 0+0:0:0:0:0, 6+5:0:0:0:0, 6+5:0:0:0:0, 8+7:1:0:0:2, 8+4:0:0:0:0, 4+0:0:0:0:0, 6+1:1:0:0:1, 5+3:0:0:0:1, 5+4:0:0:0:0, 5+2:0:0:0:0, 5+4:0:0:0:0, 4+2:1:0:0:1, 6+2:0:0:0:0, 5+0:0:0:0:0, 8+2:1:0:0:1, 5+3:0:1:0:2, 5+7:0:0:0:0, 5+2:0:0:0:0, 6+5:0:0:0:0, 5+6:1:2:0:3, 7+4:0:0:0:0, 7+1:0:0:0:0, 7+4:3:0:0:3, 4+1:0:0:0:0, 3+1:0:0:0:0, 2+0:0:0:0:0, 2+2:0:0:0:0, 3+1:0:0:0:0, 1+0:0:0:0:0, 5+4:0:0:0:0, 5+3:0:0:0:0, 9+4:0:0:0:2, 2+4:0:0:0:2, 6+2:0:0:0:0, 5+5:0:0:0:0, 6+4:1:1:0:2, 5+1:0:0:0:0, 5+1:0:0:0:1, 7+1:1:0:0:1, 5+4:0:0:0:0, 6+5:0:0:0:0, 6+2:0:0:0:0, 7+1:0:0:0:0, 5+3:1:1:0:2, 6+4:0:0:0:0, 7+4:2:0:0:2, 7+4:0:0:0:0, 6+3:0:0:0:1, 6+8:0:0:0:3, 5+4:0:0:0:0, 7+7:0:0:0:3, 5+5:2:0:0:3, 6+3:0:0:0:0, 4+0:0:0:0:0, 7+1:1:0:0:1, 5+1:0:0:0:0, 3+1:1:0:0:1, 2+2:0:0:0:0, 1+3:0:0:0:0, 2+2:0:0:0:0, 1+0:0:0:0:0, 3+4:0:0:0:0, 3+0:0:0:0:0, 4+3:0:0:0:2, 5+2:0:0:0:0, 5+3:0:0:0:0, 5+5:0:0:0:0, 4+2:1:0:0:1, 5+1:0:0:0:0, 6+2:1:0:0:1, 6+1:1:0:0:1, 8+3:1:0:0:1, 7+2:1:0:0:1, 6+2:0:0:0:0, 5+5:0:0:0:0, 5+5:1:0:0:1, 5+1:0:0:0:0, 4+0:0:0:0:0, 6+1:1:0:0:1, 4+6:0:2:0:2, 5+5:0:0:0:0, 5+2:0:0:0:0, 7+5:0:0:0:0, 6+4:1:0:0:2, 6+2:0:0:0:0, 5+0:0:0:0:0, 7+1:1:0:0:1, 7+2:1:0:0:1, 4+3:0:0:0:0, 3+2:0:0:0:0, 2+2:0:0:0:0, 3+3:0:0:0:1, 1+0:0:0:0:0, 4+3:1:0:0:1, 4+2:0:0:0:0, 4+3:0:0:0:0, 3+1:0:0:0:0, 6+2:0:0:0:0, 6+4:0:0:0:0, 9+4:1:0:0:1, 6+4:0:0:0:0, 7+4:2:0:0:2, 7+4:0:0:0:0, 5+4:0:0:0:1, 8+7:1:0:0:1, 6+2:0:0:0:0, 5+5:0:0:0:0, 4+2:1:0:0:1, 5+1:0:0:0:0, 6+1:0:0:0:0, 9+2:1:1:0:2, 6+4:0:0:0:0, 5+4:0:0:0:0, 5+2:0:0:0:0, 6+4:0:0:0:0, 4+3:1:0:0:1, 6+3:0:0:0:0, 5+0:0:0:0:0, 7+2:1:0:0:1, 7+1:0:0:0:0, 5+1:0:0:0:1, 3+2:0:0:0:0, 1+3:0:0:0:0, 3+3:0:0:0:0, 3+1:0:0:0:0, 6+5:0:0:0:0, 4+4:0:0:0:0, 5+2:0:0:0:0, 2+2:0:0:0:1, 5+2:0:0:0:0, 5+4:0:0:0:0, 5+3:1:0:0:1, 5+1:0:0:0:0, 4+0:0:0:0:0, 6+1:1:0:0:1, 6+3:0:0:0:1, 8+6:0:0:0:0, 3+1:1:0:0:1, 0+0:0:0:0:0, 0+0:0:0:0:0, 0+0:0:0:0:0, 1693+885:106:17:0:178
Bb minor mel (5b),  ,  ,  ,  ,  ,  ,  ,  ,  ,  ,  ,  ,  ,  ,  ,  ,  ,  ,  ,  ,  ,  ,  ,  ,  ,  ,  ,  ,  ,  ,  ,  ,  ,  ,  ,  ,  ,  ,  ,  ,  ,  ,  ,  ,  ,  ,  ,  ,  ,  ,  ,  ,  ,  ,  ,  ,  ,  ,  ,  ,  ,  ,  ,  ,  ,  ,  ,  ,  ,  ,  ,  ,  ,  ,  ,  ,  ,  ,  ,  ,  ,  ,  ,  ,  ,  ,  ,  ,  ,  ,  ,  ,  ,  ,  ,  ,  ,  ,  ,  ,  ,  ,  ,  ,  ,  ,  ,  ,  ,  ,  ,  ,  ,  ,  ,  ,  ,  ,  ,  ,  ,  ,  ,  ,  ,  ,  ,  ,  ,  ,  ,  ,  ,  ,  ,  ,  ,  ,  ,  ,  ,  ,  ,  ,  ,  ,  ,  ,  ,  ,  ,  ,  ,  ,  ,  ,  ,  ,  ,  ,  ,  ,  ,  ,  ,  ,  ,  ,  ,  ,  ,  ,  ,  ,  ,  ,  ,  ,  ,  ,  ,  ,  ,  ,  ,  ,  ,  ,  ,  ,  ,  ,  ,  ,  ,  ,  ,  ,  ,  ,  ,  ,  ,  ,  ,  ,  ,  ,  ,  ,  ,  ,  ,  ,  ,  ,  ,  ,  ,  ,  ,  ,  ,  ,  ,  ,  ,  ,  ,  ,  ,  ,  ,  ,  ,  ,  ,  ,  ,  ,  ,  ,  ,  ,  ,  ,  ,  ,  ,  ,  ,  ,  ,  ,  ,  ,  ,  ,  ,  ,  ,  ,  ,  ,  ,  ,  ,  ,  ,  ,  ,  ,  ,  ,  ,  ,  ,  ,  ,  ,  ,  ,  ,  ,  ,  ,  ,  ,  ,  ,  ,  ,  ,  ,  ,  ,  ,  ,  ,  ,  ,  ,  ,  ,  ,  ,  ,  ,  ,  ,  ,  ,  ,  ,  ,  ,  ,  ,  ,  ,  ,  ,  ,  ,  ,  ,  ,  ,  ,  ,  ,  ,  ,  ,  ,  ,  ,  ,  ,  ,  ,  ,  ,  ,  ,  ,  ,  ,  ,  ,  ,  ,  ,  ,  ,  , 0+0:0:0:0:0
G# minor mel (5#),  ,  ,  ,  ,  ,  ,  ,  ,  ,  ,  ,  ,  ,  ,  ,  ,  ,  ,  ,  ,  ,  ,  ,  ,  ,  ,  ,  ,  ,  ,  ,  ,  ,  ,  ,  ,  ,  ,  ,  ,  ,  ,  ,  ,  ,  ,  ,  ,  ,  ,  ,  ,  ,  ,  ,  ,  ,  ,  ,  ,  ,  ,  ,  ,  ,  ,  ,  ,  ,  ,  ,  ,  ,  ,  ,  ,  ,  ,  ,  ,  ,  ,  ,  ,  ,  ,  ,  ,  ,  ,  ,  ,  ,  ,  ,  ,  ,  ,  ,  ,  ,  ,  ,  ,  ,  ,  ,  ,  ,  ,  ,  ,  ,  ,  ,  ,  ,  ,  ,  ,  ,  ,  ,  ,  ,  ,  ,  ,  ,  ,  ,  ,  ,  ,  ,  ,  ,  ,  ,  ,  ,  ,  ,  ,  ,  ,  ,  ,  ,  ,  ,  ,  ,  ,  ,  ,  ,  ,  ,  ,  ,  ,  ,  ,  ,  ,  ,  ,  ,  ,  ,  ,  ,  ,  ,  ,  ,  ,  ,  ,  ,  ,  ,  ,  ,  ,  ,  ,  ,  ,  ,  ,  ,  ,  ,  ,  ,  ,  ,  ,  ,  ,  ,  ,  ,  ,  ,  ,  ,  ,  ,  ,  ,  ,  ,  ,  ,  ,  ,  ,  ,  ,  ,  ,  ,  ,  ,  ,  ,  ,  ,  ,  ,  ,  ,  ,  ,  ,  ,  ,  ,  ,  ,  ,  ,  ,  ,  ,  ,  ,  ,  ,  ,  ,  ,  ,  ,  ,  ,  ,  ,  ,  ,  ,  ,  ,  ,  ,  ,  ,  ,  ,  ,  ,  ,  ,  ,  ,  ,  ,  ,  ,  ,  ,  ,  ,  ,  ,  ,  ,  ,  ,  ,  ,  ,  ,  ,  ,  ,  ,  ,  ,  ,  ,  ,  ,  ,  ,  ,  ,  ,  ,  ,  ,  ,  ,  ,  ,  ,  ,  ,  ,  ,  ,  ,  ,  ,  ,  ,  ,  ,  ,  ,  ,  ,  ,  ,  ,  ,  ,  ,  ,  ,  ,  ,  ,  ,  ,  ,  ,  ,  ,  ,  ,  ,  , 0+0:0:0:0:0
Db major blues (5b),  ,  ,  ,  ,  ,  ,  ,  ,  ,  ,  ,  ,  ,  ,  ,  ,  ,  ,  ,  ,  ,  ,  ,  ,  ,  ,  ,  ,  ,  ,  ,  ,  ,  ,  ,  ,  ,  ,  ,  ,  ,  ,  ,  ,  ,  ,  ,  ,  ,  ,  ,  ,  ,  ,  ,  ,  ,  ,  ,  ,  ,  ,  ,  ,  ,  ,  ,  ,  ,  ,  ,  ,  ,  ,  ,  ,  ,  ,  ,  ,  ,  ,  ,  ,  ,  ,  ,  ,  ,  ,  ,  ,  ,  ,  ,  ,  ,  ,  ,  ,  ,  ,  ,  ,  ,  ,  ,  ,  ,  ,  ,  ,  ,  ,  ,  ,  ,  ,  ,  ,  ,  ,  ,  ,  ,  ,  ,  ,  ,  ,  ,  ,  ,  ,  ,  ,  ,  ,  ,  ,  ,  ,  ,  ,  ,  ,  ,  ,  ,  ,  ,  ,  ,  ,  ,  ,  ,  ,  ,  ,  ,  ,  ,  ,  ,  ,  ,  ,  ,  ,  ,  ,  ,  ,  ,  ,  ,  ,  ,  ,  ,  ,  ,  ,  ,  ,  ,  ,  ,  ,  ,  ,  ,  ,  ,  ,  ,  ,  ,  ,  ,  ,  ,  ,  ,  ,  ,  ,  ,  ,  ,  ,  ,  ,  ,  ,  ,  ,  ,  ,  ,  ,  ,  ,  ,  ,  ,  ,  ,  ,  ,  ,  ,  ,  ,  ,  ,  ,  ,  ,  ,  ,  ,  ,  ,  ,  ,  ,  ,  ,  ,  ,  ,  ,  ,  ,  ,  ,  ,  ,  ,  ,  ,  ,  ,  ,  ,  ,  ,  ,  ,  ,  ,  ,  ,  ,  ,  ,  ,  ,  ,  ,  ,  ,  ,  ,  ,  ,  ,  ,  ,  ,  ,  ,  ,  ,  ,  ,  ,  ,  ,  ,  ,  ,  ,  ,  ,  ,  ,  ,  ,  ,  ,  ,  ,  ,  ,  ,  ,  ,  ,  ,  ,  ,  ,  ,  ,  ,  ,  ,  ,  ,  ,  ,  ,  ,  ,  ,  ,  ,  ,  ,  ,  ,  ,  ,  ,  ,  ,  ,  ,  ,  ,  ,  ,  , 0+0:0:0:0:0
B major blues (5#),  ,  ,  ,  ,  ,  ,  ,  ,  ,  ,  ,  ,  ,  ,  ,  ,  ,  ,  ,  ,  ,  ,  ,  ,  ,  ,  ,  ,  ,  ,  ,  ,  ,  ,  ,  ,  ,  ,  ,  ,  ,  ,  ,  ,  ,  ,  ,  ,  ,  ,  ,  ,  ,  ,  ,  ,  ,  ,  ,  ,  ,  ,  ,  ,  ,  ,  ,  ,  ,  ,  ,  ,  ,  ,  ,  ,  ,  ,  ,  ,  ,  ,  ,  ,  ,  ,  ,  ,  ,  ,  ,  ,  ,  ,  ,  ,  ,  ,  ,  ,  ,  ,  ,  ,  ,  ,  ,  ,  ,  ,  ,  ,  ,  ,  ,  ,  ,  ,  ,  ,  ,  ,  ,  ,  ,  ,  ,  ,  ,  ,  ,  ,  ,  ,  ,  ,  ,  ,  ,  ,  ,  ,  ,  ,  ,  ,  ,  ,  ,  ,  ,  ,  ,  ,  ,  ,  ,  ,  ,  ,  ,  ,  ,  ,  ,  ,  ,  ,  ,  ,  ,  ,  ,  ,  ,  ,  ,  ,  ,  ,  ,  ,  ,  ,  ,  ,  ,  ,  ,  ,  ,  ,  ,  ,  ,  ,  ,  ,  ,  ,  ,  ,  ,  ,  ,  ,  ,  ,  ,  ,  ,  ,  ,  ,  ,  ,  ,  ,  ,  ,  ,  ,  ,  ,  ,  ,  ,  ,  ,  ,  ,  ,  ,  ,  ,  ,  ,  ,  ,  ,  ,  ,  ,  ,  ,  ,  ,  ,  ,  ,  ,  ,  ,  ,  ,  ,  ,  ,  ,  ,  ,  ,  ,  ,  ,  ,  ,  ,  ,  ,  ,  ,  ,  ,  ,  ,  ,  ,  ,  ,  ,  ,  ,  ,  ,  ,  ,  ,  ,  ,  ,  ,  ,  ,  ,  ,  ,  ,  ,  ,  ,  ,  ,  ,  ,  ,  ,  ,  ,  ,  ,  ,  ,  ,  ,  ,  ,  ,  ,  ,  ,  ,  ,  ,  ,  ,  ,  ,  ,  ,  ,  ,  ,  ,  ,  ,  ,  ,  ,  ,  ,  ,  ,  ,  ,  ,  ,  ,  ,  ,  ,  ,  ,  ,  ,  , 0+0:0:0:0:0
Bb minor blues (5b),  ,  ,  ,  ,  ,  ,  ,  ,  ,  ,  ,  ,  ,  ,  ,  ,  ,  ,  ,  ,  ,  ,  ,  ,  ,  ,  ,  ,  ,  ,  ,  ,  ,  ,  ,  ,  ,  ,  ,  ,  ,  ,  ,  ,  ,  ,  ,  ,  ,  ,  ,  ,  ,  ,  ,  ,  ,  ,  ,  ,  ,  ,  ,  ,  ,  ,  ,  ,  ,  ,  ,  ,  ,  ,  ,  ,  ,  ,  ,  ,  ,  ,  ,  ,  ,  ,  ,  ,  ,  ,  ,  ,  ,  ,  ,  ,  ,  ,  ,  ,  ,  ,  ,  ,  ,  ,  ,  ,  ,  ,  ,  ,  ,  ,  ,  ,  ,  ,  ,  ,  ,  ,  ,  ,  ,  ,  ,  ,  ,  ,  ,  ,  ,  ,  ,  ,  ,  ,  ,  ,  ,  ,  ,  ,  ,  ,  ,  ,  ,  ,  ,  ,  ,  ,  ,  ,  ,  ,  ,  ,  ,  ,  ,  ,  ,  ,  ,  ,  ,  ,  ,  ,  ,  ,  ,  ,  ,  ,  ,  ,  ,  ,  ,  ,  ,  ,  ,  ,  ,  ,  ,  ,  ,  ,  ,  ,  ,  ,  ,  ,  ,  ,  ,  ,  ,  ,  ,  ,  ,  ,  ,  ,  ,  ,  ,  ,  ,  ,  ,  ,  ,  ,  ,  ,  ,  ,  ,  ,  ,  ,  ,  ,  ,  ,  ,  ,  ,  ,  ,  ,  ,  ,  ,  ,  ,  ,  ,  ,  ,  ,  ,  ,  ,  ,  ,  ,  ,  ,  ,  ,  ,  ,  ,  ,  ,  ,  ,  ,  ,  ,  ,  ,  ,  ,  ,  ,  ,  ,  ,  ,  ,  ,  ,  ,  ,  ,  ,  ,  ,  ,  ,  ,  ,  ,  ,  ,  ,  ,  ,  ,  ,  ,  ,  ,  ,  ,  ,  ,  ,  ,  ,  ,  ,  ,  ,  ,  ,  ,  ,  ,  ,  ,  ,  ,  ,  ,  ,  ,  ,  ,  ,  ,  ,  ,  ,  ,  ,  ,  ,  ,  ,  ,  ,  ,  ,  ,  ,  ,  ,  ,  ,  ,  ,  ,  ,  , 0+0:0:0:0:0
G# minor blues (5#),  ,  ,  ,  ,  ,  ,  ,  ,  ,  ,  ,  ,  ,  ,  ,  ,  ,  ,  ,  ,  ,  ,  ,  ,  ,  ,  ,  ,  ,  ,  ,  ,  ,  ,  ,  ,  ,  ,  ,  ,  ,  ,  ,  ,  ,  ,  ,  ,  ,  ,  ,  ,  ,  ,  ,  ,  ,  ,  ,  ,  ,  ,  ,  ,  ,  ,  ,  ,  ,  ,  ,  ,  ,  ,  ,  ,  ,  ,  ,  ,  ,  ,  ,  ,  ,  ,  ,  ,  ,  ,  ,  ,  ,  ,  ,  ,  ,  ,  ,  ,  ,  ,  ,  ,  ,  ,  ,  ,  ,  ,  ,  ,  ,  ,  ,  ,  ,  ,  ,  ,  ,  ,  ,  ,  ,  ,  ,  ,  ,  ,  ,  ,  ,  ,  ,  ,  ,  ,  ,  ,  ,  ,  ,  ,  ,  ,  ,  ,  ,  ,  ,  ,  ,  ,  ,  ,  ,  ,  ,  ,  ,  ,  ,  ,  ,  ,  ,  ,  ,  ,  ,  ,  ,  ,  ,  ,  ,  ,  ,  ,  ,  ,  ,  ,  ,  ,  ,  ,  ,  ,  ,  ,  ,  ,  ,  ,  ,  ,  ,  ,  ,  ,  ,  ,  ,  ,  ,  ,  ,  ,  ,  ,  ,  ,  ,  ,  ,  ,  ,  ,  ,  ,  ,  ,  ,  ,  ,  ,  ,  ,  ,  ,  ,  ,  ,  ,  ,  ,  ,  ,  ,  ,  ,  ,  ,  ,  ,  ,  ,  ,  ,  ,  ,  ,  ,  ,  ,  ,  ,  ,  ,  ,  ,  ,  ,  ,  ,  ,  ,  ,  ,  ,  ,  ,  ,  ,  ,  ,  ,  ,  ,  ,  ,  ,  ,  ,  ,  ,  ,  ,  ,  ,  ,  ,  ,  ,  ,  ,  ,  ,  ,  ,  ,  ,  ,  ,  ,  ,  ,  ,  ,  ,  ,  ,  ,  ,  ,  ,  ,  ,  ,  ,  ,  ,  ,  ,  ,  ,  ,  ,  ,  ,  ,  ,  ,  ,  ,  ,  ,  ,  ,  ,  ,  ,  ,  ,  ,  ,  ,  ,  ,  ,  ,  ,  ,  , 0+0:0:0:0:0
Db dorian (5b),  ,  ,  ,  ,  ,  ,  ,  ,  ,  ,  ,  ,  ,  ,  ,  ,  ,  ,  ,  ,  ,  ,  ,  ,  ,  ,  ,  ,  ,  ,  ,  ,  ,  ,  ,  ,  ,  ,  ,  ,  ,  ,  ,  ,  ,  ,  ,  ,  ,  ,  ,  ,  ,  ,  ,  ,  ,  ,  ,  ,  ,  ,  ,  ,  ,  ,  ,  ,  ,  ,  ,  ,  ,  ,  ,  ,  ,  ,  ,  ,  ,  ,  ,  ,  ,  ,  ,  ,  ,  ,  ,  ,  ,  ,  ,  ,  ,  ,  ,  ,  ,  ,  ,  ,  ,  ,  ,  ,  ,  ,  ,  ,  ,  ,  ,  ,  ,  ,  ,  ,  ,  ,  ,  ,  ,  ,  ,  ,  ,  ,  ,  ,  ,  ,  ,  ,  ,  ,  ,  ,  ,  ,  ,  ,  ,  ,  ,  ,  ,  ,  ,  ,  ,  ,  ,  ,  ,  ,  ,  ,  ,  ,  ,  ,  ,  ,  ,  ,  ,  ,  ,  ,  ,  ,  ,  ,  ,  ,  ,  ,  ,  ,  ,  ,  ,  ,  ,  ,  ,  ,  ,  ,  ,  ,  ,  ,  ,  ,  ,  ,  ,  ,  ,  ,  ,  ,  ,  ,  ,  ,  ,  ,  ,  ,  ,  ,  ,  ,  ,  ,  ,  ,  ,  ,  ,  ,  ,  ,  ,  ,  ,  ,  ,  ,  ,  ,  ,  ,  ,  ,  ,  ,  ,  ,  ,  ,  ,  ,  ,  ,  ,  ,  ,  ,  ,  ,  ,  ,  ,  ,  ,  ,  ,  ,  ,  ,  ,  ,  ,  ,  ,  ,  ,  ,  ,  ,  ,  ,  ,  ,  ,  ,  ,  ,  ,  ,  ,  ,  ,  ,  ,  ,  ,  ,  ,  ,  ,  ,  ,  ,  ,  ,  ,  ,  ,  ,  ,  ,  ,  ,  ,  ,  ,  ,  ,  ,  ,  ,  ,  ,  ,  ,  ,  ,  ,  ,  ,  ,  ,  ,  ,  ,  ,  ,  ,  ,  ,  ,  ,  ,  ,  ,  ,  ,  ,  ,  ,  ,  ,  ,  ,  ,  ,  ,  ,  , 0+0:0:0:0:0
B dorian (5#),  ,  ,  ,  ,  ,  ,  ,  ,  ,  ,  ,  ,  ,  ,  ,  ,  ,  ,  ,  ,  ,  ,  ,  ,  ,  ,  ,  ,  ,  ,  ,  ,  ,  ,  ,  ,  ,  ,  ,  ,  ,  ,  ,  ,  ,  ,  ,  ,  ,  ,  ,  ,  ,  ,  ,  ,  ,  ,  ,  ,  ,  ,  ,  ,  ,  ,  ,  ,  ,  ,  ,  ,  ,  ,  ,  ,  ,  ,  ,  ,  ,  ,  ,  ,  ,  ,  ,  ,  ,  ,  ,  ,  ,  ,  ,  ,  ,  ,  ,  ,  ,  ,  ,  ,  ,  ,  ,  ,  ,  ,  ,  ,  ,  ,  ,  ,  ,  ,  ,  ,  ,  ,  ,  ,  ,  ,  ,  ,  ,  ,  ,  ,  ,  ,  ,  ,  ,  ,  ,  ,  ,  ,  ,  ,  ,  ,  ,  ,  ,  ,  ,  ,  ,  ,  ,  ,  ,  ,  ,  ,  ,  ,  ,  ,  ,  ,  ,  ,  ,  ,  ,  ,  ,  ,  ,  ,  ,  ,  ,  ,  ,  ,  ,  ,  ,  ,  ,  ,  ,  ,  ,  ,  ,  ,  ,  ,  ,  ,  ,  ,  ,  ,  ,  ,  ,  ,  ,  ,  ,  ,  ,  ,  ,  ,  ,  ,  ,  ,  ,  ,  ,  ,  ,  ,  ,  ,  ,  ,  ,  ,  ,  ,  ,  ,  ,  ,  ,  ,  ,  ,  ,  ,  ,  ,  ,  ,  ,  ,  ,  ,  ,  ,  ,  ,  ,  ,  ,  ,  ,  ,  ,  ,  ,  ,  ,  ,  ,  ,  ,  ,  ,  ,  ,  ,  ,  ,  ,  ,  ,  ,  ,  ,  ,  ,  ,  ,  ,  ,  ,  ,  ,  ,  ,  ,  ,  ,  ,  ,  ,  ,  ,  ,  ,  ,  ,  ,  ,  ,  ,  ,  ,  ,  ,  ,  ,  ,  ,  ,  ,  ,  ,  ,  ,  ,  ,  ,  ,  ,  ,  ,  ,  ,  ,  ,  ,  ,  ,  ,  ,  ,  ,  ,  ,  ,  ,  ,  ,  ,  ,  ,  ,  ,  ,  ,  ,  , 0+0:0:0:0:0
Db phrygian (5b),  ,  ,  ,  ,  ,  ,  ,  ,  ,  ,  ,  ,  ,  ,  ,  ,  ,  ,  ,  ,  ,  ,  ,  ,  ,  ,  ,  ,  ,  ,  ,  ,  ,  ,  ,  ,  ,  ,  ,  ,  ,  ,  ,  ,  ,  ,  ,  ,  ,  ,  ,  ,  ,  ,  ,  ,  ,  ,  ,  ,  ,  ,  ,  ,  ,  ,  ,  ,  ,  ,  ,  ,  ,  ,  ,  ,  ,  ,  ,  ,  ,  ,  ,  ,  ,  ,  ,  ,  ,  ,  ,  ,  ,  ,  ,  ,  ,  ,  ,  ,  ,  ,  ,  ,  ,  ,  ,  ,  ,  ,  ,  ,  ,  ,  ,  ,  ,  ,  ,  ,  ,  ,  ,  ,  ,  ,  ,  ,  ,  ,  ,  ,  ,  ,  ,  ,  ,  ,  ,  ,  ,  ,  ,  ,  ,  ,  ,  ,  ,  ,  ,  ,  ,  ,  ,  ,  ,  ,  ,  ,  ,  ,  ,  ,  ,  ,  ,  ,  ,  ,  ,  ,  ,  ,  ,  ,  ,  ,  ,  ,  ,  ,  ,  ,  ,  ,  ,  ,  ,  ,  ,  ,  ,  ,  ,  ,  ,  ,  ,  ,  ,  ,  ,  ,  ,  ,  ,  ,  ,  ,  ,  ,  ,  ,  ,  ,  ,  ,  ,  ,  ,  ,  ,  ,  ,  ,  ,  ,  ,  ,  ,  ,  ,  ,  ,  ,  ,  ,  ,  ,  ,  ,  ,  ,  ,  ,  ,  ,  ,  ,  ,  ,  ,  ,  ,  ,  ,  ,  ,  ,  ,  ,  ,  ,  ,  ,  ,  ,  ,  ,  ,  ,  ,  ,  ,  ,  ,  ,  ,  ,  ,  ,  ,  ,  ,  ,  ,  ,  ,  ,  ,  ,  ,  ,  ,  ,  ,  ,  ,  ,  ,  ,  ,  ,  ,  ,  ,  ,  ,  ,  ,  ,  ,  ,  ,  ,  ,  ,  ,  ,  ,  ,  ,  ,  ,  ,  ,  ,  ,  ,  ,  ,  ,  ,  ,  ,  ,  ,  ,  ,  ,  ,  ,  ,  ,  ,  ,  ,  ,  ,  ,  ,  ,  ,  ,  , 0+0:0:0:0:0
B phrygian (5#),  ,  ,  ,  ,  ,  ,  ,  ,  ,  ,  ,  ,  ,  ,  ,  ,  ,  ,  ,  ,  ,  ,  ,  ,  ,  ,  ,  ,  ,  ,  ,  ,  ,  ,  ,  ,  ,  ,  ,  ,  ,  ,  ,  ,  ,  ,  ,  ,  ,  ,  ,  ,  ,  ,  ,  ,  ,  ,  ,  ,  ,  ,  ,  ,  ,  ,  ,  ,  ,  ,  ,  ,  ,  ,  ,  ,  ,  ,  ,  ,  ,  ,  ,  ,  ,  ,  ,  ,  ,  ,  ,  ,  ,  ,  ,  ,  ,  ,  ,  ,  ,  ,  ,  ,  ,  ,  ,  ,  ,  ,  ,  ,  ,  ,  ,  ,  ,  ,  ,  ,  ,  ,  ,  ,  ,  ,  ,  ,  ,  ,  ,  ,  ,  ,  ,  ,  ,  ,  ,  ,  ,  ,  ,  ,  ,  ,  ,  ,  ,  ,  ,  ,  ,  ,  ,  ,  ,  ,  ,  ,  ,  ,  ,  ,  ,  ,  ,  ,  ,  ,  ,  ,  ,  ,  ,  ,  ,  ,  ,  ,  ,  ,  ,  ,  ,  ,  ,  ,  ,  ,  ,  ,  ,  ,  ,  ,  ,  ,  ,  ,  ,  ,  ,  ,  ,  ,  ,  ,  ,  ,  ,  ,  ,  ,  ,  ,  ,  ,  ,  ,  ,  ,  ,  ,  ,  ,  ,  ,  ,  ,  ,  ,  ,  ,  ,  ,  ,  ,  ,  ,  ,  ,  ,  ,  ,  ,  ,  ,  ,  ,  ,  ,  ,  ,  ,  ,  ,  ,  ,  ,  ,  ,  ,  ,  ,  ,  ,  ,  ,  ,  ,  ,  ,  ,  ,  ,  ,  ,  ,  ,  ,  ,  ,  ,  ,  ,  ,  ,  ,  ,  ,  ,  ,  ,  ,  ,  ,  ,  ,  ,  ,  ,  ,  ,  ,  ,  ,  ,  ,  ,  ,  ,  ,  ,  ,  ,  ,  ,  ,  ,  ,  ,  ,  ,  ,  ,  ,  ,  ,  ,  ,  ,  ,  ,  ,  ,  ,  ,  ,  ,  ,  ,  ,  ,  ,  ,  ,  ,  ,  ,  ,  ,  ,  ,  ,  , 0+0:0:0:0:0
Db lydian (5b),  ,  ,  ,  ,  ,  ,  ,  ,  ,  ,  ,  ,  ,  ,  ,  ,  ,  ,  ,  ,  ,  ,  ,  ,  ,  ,  ,  ,  ,  ,  ,  ,  ,  ,  ,  ,  ,  ,  ,  ,  ,  ,  ,  ,  ,  ,  ,  ,  ,  ,  ,  ,  ,  ,  ,  ,  ,  ,  ,  ,  ,  ,  ,  ,  ,  ,  ,  ,  ,  ,  ,  ,  ,  ,  ,  ,  ,  ,  ,  ,  ,  ,  ,  ,  ,  ,  ,  ,  ,  ,  ,  ,  ,  ,  ,  ,  ,  ,  ,  ,  ,  ,  ,  ,  ,  ,  ,  ,  ,  ,  ,  ,  ,  ,  ,  ,  ,  ,  ,  ,  ,  ,  ,  ,  ,  ,  ,  ,  ,  ,  ,  ,  ,  ,  ,  ,  ,  ,  ,  ,  ,  ,  ,  ,  ,  ,  ,  ,  ,  ,  ,  ,  ,  ,  ,  ,  ,  ,  ,  ,  ,  ,  ,  ,  ,  ,  ,  ,  ,  ,  ,  ,  ,  ,  ,  ,  ,  ,  ,  ,  ,  ,  ,  ,  ,  ,  ,  ,  ,  ,  ,  ,  ,  ,  ,  ,  ,  ,  ,  ,  ,  ,  ,  ,  ,  ,  ,  ,  ,  ,  ,  ,  ,  ,  ,  ,  ,  ,  ,  ,  ,  ,  ,  ,  ,  ,  ,  ,  ,  ,  ,  ,  ,  ,  ,  ,  ,  ,  ,  ,  ,  ,  ,  ,  ,  ,  ,  ,  ,  ,  ,  ,  ,  ,  ,  ,  ,  ,  ,  ,  ,  ,  ,  ,  ,  ,  ,  ,  ,  ,  ,  ,  ,  ,  ,  ,  ,  ,  ,  ,  ,  ,  ,  ,  ,  ,  ,  ,  ,  ,  ,  ,  ,  ,  ,  ,  ,  ,  ,  ,  ,  ,  ,  ,  ,  ,  ,  ,  ,  ,  ,  ,  ,  ,  ,  ,  ,  ,  ,  ,  ,  ,  ,  ,  ,  ,  ,  ,  ,  ,  ,  ,  ,  ,  ,  ,  ,  ,  ,  ,  ,  ,  ,  ,  ,  ,  ,  ,  ,  ,  ,  ,  ,  ,  ,  , 0+0:0:0:0:0
B lydian (5#),  ,  ,  ,  ,  ,  ,  ,  ,  ,  ,  ,  ,  ,  ,  ,  ,  ,  ,  ,  ,  ,  ,  ,  ,  ,  ,  ,  ,  ,  ,  ,  ,  ,  ,  ,  ,  ,  ,  ,  ,  ,  ,  ,  ,  ,  ,  ,  ,  ,  ,  ,  ,  ,  ,  ,  ,  ,  ,  ,  ,  ,  ,  ,  ,  ,  ,  ,  ,  ,  ,  ,  ,  ,  ,  ,  ,  ,  ,  ,  ,  ,  ,  ,  ,  ,  ,  ,  ,  ,  ,  ,  ,  ,  ,  ,  ,  ,  ,  ,  ,  ,  ,  ,  ,  ,  ,  ,  ,  ,  ,  ,  ,  ,  ,  ,  ,  ,  ,  ,  ,  ,  ,  ,  ,  ,  ,  ,  ,  ,  ,  ,  ,  ,  ,  ,  ,  ,  ,  ,  ,  ,  ,  ,  ,  ,  ,  ,  ,  ,  ,  ,  ,  ,  ,  ,  ,  ,  ,  ,  ,  ,  ,  ,  ,  ,  ,  ,  ,  ,  ,  ,  ,  ,  ,  ,  ,  ,  ,  ,  ,  ,  ,  ,  ,  ,  ,  ,  ,  ,  ,  ,  ,  ,  ,  ,  ,  ,  ,  ,  ,  ,  ,  ,  ,  ,  ,  ,  ,  ,  ,  ,  ,  ,  ,  ,  ,  ,  ,  ,  ,  ,  ,  ,  ,  ,  ,  ,  ,  ,  ,  ,  ,  ,  ,  ,  ,  ,  ,  ,  ,  ,  ,  ,  ,  ,  ,  ,  ,  ,  ,  ,  ,  ,  ,  ,  ,  ,  ,  ,  ,  ,  ,  ,  ,  ,  ,  ,  ,  ,  ,  ,  ,  ,  ,  ,  ,  ,  ,  ,  ,  ,  ,  ,  ,  ,  ,  ,  ,  ,  ,  ,  ,  ,  ,  ,  ,  ,  ,  ,  ,  ,  ,  ,  ,  ,  ,  ,  ,  ,  ,  ,  ,  ,  ,  ,  ,  ,  ,  ,  ,  ,  ,  ,  ,  ,  ,  ,  ,  ,  ,  ,  ,  ,  ,  ,  ,  ,  ,  ,  ,  ,  ,  ,  ,  ,  ,  ,  ,  ,  ,  ,  ,  ,  ,  ,  , 0+0:0:0:0:0
Db mixolydian (5b),  ,  ,  ,  ,  ,  ,  ,  ,  ,  ,  ,  ,  ,  ,  ,  ,  ,  ,  ,  ,  ,  ,  ,  ,  ,  ,  ,  ,  ,  ,  ,  ,  ,  ,  ,  ,  ,  ,  ,  ,  ,  ,  ,  ,  ,  ,  ,  ,  ,  ,  ,  ,  ,  ,  ,  ,  ,  ,  ,  ,  ,  ,  ,  ,  ,  ,  ,  ,  ,  ,  ,  ,  ,  ,  ,  ,  ,  ,  ,  ,  ,  ,  ,  ,  ,  ,  ,  ,  ,  ,  ,  ,  ,  ,  ,  ,  ,  ,  ,  ,  ,  ,  ,  ,  ,  ,  ,  ,  ,  ,  ,  ,  ,  ,  ,  ,  ,  ,  ,  ,  ,  ,  ,  ,  ,  ,  ,  ,  ,  ,  ,  ,  ,  ,  ,  ,  ,  ,  ,  ,  ,  ,  ,  ,  ,  ,  ,  ,  ,  ,  ,  ,  ,  ,  ,  ,  ,  ,  ,  ,  ,  ,  ,  ,  ,  ,  ,  ,  ,  ,  ,  ,  ,  ,  ,  ,  ,  ,  ,  ,  ,  ,  ,  ,  ,  ,  ,  ,  ,  ,  ,  ,  ,  ,  ,  ,  ,  ,  ,  ,  ,  ,  ,  ,  ,  ,  ,  ,  ,  ,  ,  ,  ,  ,  ,  ,  ,  ,  ,  ,  ,  ,  ,  ,  ,  ,  ,  ,  ,  ,  ,  ,  ,  ,  ,  ,  ,  ,  ,  ,  ,  ,  ,  ,  ,  ,  ,  ,  ,  ,  ,  ,  ,  ,  ,  ,  ,  ,  ,  ,  ,  ,  ,  ,  ,  ,  ,  ,  ,  ,  ,  ,  ,  ,  ,  ,  ,  ,  ,  ,  ,  ,  ,  ,  ,  ,  ,  ,  ,  ,  ,  ,  ,  ,  ,  ,  ,  ,  ,  ,  ,  ,  ,  ,  ,  ,  ,  ,  ,  ,  ,  ,  ,  ,  ,  ,  ,  ,  ,  ,  ,  ,  ,  ,  ,  ,  ,  ,  ,  ,  ,  ,  ,  ,  ,  ,  ,  ,  ,  ,  ,  ,  ,  ,  ,  ,  ,  ,  ,  ,  ,  ,  ,  ,  ,  , 0+0:0:0:0:0
B mixolydian (5#),  ,  ,  ,  ,  ,  ,  ,  ,  ,  ,  ,  ,  ,  ,  ,  ,  ,  ,  ,  ,  ,  ,  ,  ,  ,  ,  ,  ,  ,  ,  ,  ,  ,  ,  ,  ,  ,  ,  ,  ,  ,  ,  ,  ,  ,  ,  ,  ,  ,  ,  ,  ,  ,  ,  ,  ,  ,  ,  ,  ,  ,  ,  ,  ,  ,  ,  ,  ,  ,  ,  ,  ,  ,  ,  ,  ,  ,  ,  ,  ,  ,  ,  ,  ,  ,  ,  ,  ,  ,  ,  ,  ,  ,  ,  ,  ,  ,  ,  ,  ,  ,  ,  ,  ,  ,  ,  ,  ,  ,  ,  ,  ,  ,  ,  ,  ,  ,  ,  ,  ,  ,  ,  ,  ,  ,  ,  ,  ,  ,  ,  ,  ,  ,  ,  ,  ,  ,  ,  ,  ,  ,  ,  ,  ,  ,  ,  ,  ,  ,  ,  ,  ,  ,  ,  ,  ,  ,  ,  ,  ,  ,  ,  ,  ,  ,  ,  ,  ,  ,  ,  ,  ,  ,  ,  ,  ,  ,  ,  ,  ,  ,  ,  ,  ,  ,  ,  ,  ,  ,  ,  ,  ,  ,  ,  ,  ,  ,  ,  ,  ,  ,  ,  ,  ,  ,  ,  ,  ,  ,  ,  ,  ,  ,  ,  ,  ,  ,  ,  ,  ,  ,  ,  ,  ,  ,  ,  ,  ,  ,  ,  ,  ,  ,  ,  ,  ,  ,  ,  ,  ,  ,  ,  ,  ,  ,  ,  ,  ,  ,  ,  ,  ,  ,  ,  ,  ,  ,  ,  ,  ,  ,  ,  ,  ,  ,  ,  ,  ,  ,  ,  ,  ,  ,  ,  ,  ,  ,  ,  ,  ,  ,  ,  ,  ,  ,  ,  ,  ,  ,  ,  ,  ,  ,  ,  ,  ,  ,  ,  ,  ,  ,  ,  ,  ,  ,  ,  ,  ,  ,  ,  ,  ,  ,  ,  ,  ,  ,  ,  ,  ,  ,  ,  ,  ,  ,  ,  ,  ,  ,  ,  ,  ,  ,  ,  ,  ,  ,  ,  ,  ,  ,  ,  ,  ,  ,  ,  ,  ,  ,  ,  ,  ,  ,  ,  ,  , 0+0:0:0:0:0
Db aeolian (5b),  ,  ,  ,  ,  ,  ,  ,  ,  ,  ,  ,  ,  ,  ,  ,  ,  ,  ,  ,  ,  ,  ,  ,  ,  ,  ,  ,  ,  ,  ,  ,  ,  ,  ,  ,  ,  ,  ,  ,  ,  ,  ,  ,  ,  ,  ,  ,  ,  ,  ,  ,  ,  ,  ,  ,  ,  ,  ,  ,  ,  ,  ,  ,  ,  ,  ,  ,  ,  ,  ,  ,  ,  ,  ,  ,  ,  ,  ,  ,  ,  ,  ,  ,  ,  ,  ,  ,  ,  ,  ,  ,  ,  ,  ,  ,  ,  ,  ,  ,  ,  ,  ,  ,  ,  ,  ,  ,  ,  ,  ,  ,  ,  ,  ,  ,  ,  ,  ,  ,  ,  ,  ,  ,  ,  ,  ,  ,  ,  ,  ,  ,  ,  ,  ,  ,  ,  ,  ,  ,  ,  ,  ,  ,  ,  ,  ,  ,  ,  ,  ,  ,  ,  ,  ,  ,  ,  ,  ,  ,  ,  ,  ,  ,  ,  ,  ,  ,  ,  ,  ,  ,  ,  ,  ,  ,  ,  ,  ,  ,  ,  ,  ,  ,  ,  ,  ,  ,  ,  ,  ,  ,  ,  ,  ,  ,  ,  ,  ,  ,  ,  ,  ,  ,  ,  ,  ,  ,  ,  ,  ,  ,  ,  ,  ,  ,  ,  ,  ,  ,  ,  ,  ,  ,  ,  ,  ,  ,  ,  ,  ,  ,  ,  ,  ,  ,  ,  ,  ,  ,  ,  ,  ,  ,  ,  ,  ,  ,  ,  ,  ,  ,  ,  ,  ,  ,  ,  ,  ,  ,  ,  ,  ,  ,  ,  ,  ,  ,  ,  ,  ,  ,  ,  ,  ,  ,  ,  ,  ,  ,  ,  ,  ,  ,  ,  ,  ,  ,  ,  ,  ,  ,  ,  ,  ,  ,  ,  ,  ,  ,  ,  ,  ,  ,  ,  ,  ,  ,  ,  ,  ,  ,  ,  ,  ,  ,  ,  ,  ,  ,  ,  ,  ,  ,  ,  ,  ,  ,  ,  ,  ,  ,  ,  ,  ,  ,  ,  ,  ,  ,  ,  ,  ,  ,  ,  ,  ,  ,  ,  ,  ,  ,  ,  ,  ,  ,  , 0+0:0:0:0:0
B aeolian (5#),  ,  ,  ,  ,  ,  ,  ,  ,  ,  ,  ,  ,  ,  ,  ,  ,  ,  ,  ,  ,  ,  ,  ,  ,  ,  ,  ,  ,  ,  ,  ,  ,  ,  ,  ,  ,  ,  ,  ,  ,  ,  ,  ,  ,  ,  ,  ,  ,  ,  ,  ,  ,  ,  ,  ,  ,  ,  ,  ,  ,  ,  ,  ,  ,  ,  ,  ,  ,  ,  ,  ,  ,  ,  ,  ,  ,  ,  ,  ,  ,  ,  ,  ,  ,  ,  ,  ,  ,  ,  ,  ,  ,  ,  ,  ,  ,  ,  ,  ,  ,  ,  ,  ,  ,  ,  ,  ,  ,  ,  ,  ,  ,  ,  ,  ,  ,  ,  ,  ,  ,  ,  ,  ,  ,  ,  ,  ,  ,  ,  ,  ,  ,  ,  ,  ,  ,  ,  ,  ,  ,  ,  ,  ,  ,  ,  ,  ,  ,  ,  ,  ,  ,  ,  ,  ,  ,  ,  ,  ,  ,  ,  ,  ,  ,  ,  ,  ,  ,  ,  ,  ,  ,  ,  ,  ,  ,  ,  ,  ,  ,  ,  ,  ,  ,  ,  ,  ,  ,  ,  ,  ,  ,  ,  ,  ,  ,  ,  ,  ,  ,  ,  ,  ,  ,  ,  ,  ,  ,  ,  ,  ,  ,  ,  ,  ,  ,  ,  ,  ,  ,  ,  ,  ,  ,  ,  ,  ,  ,  ,  ,  ,  ,  ,  ,  ,  ,  ,  ,  ,  ,  ,  ,  ,  ,  ,  ,  ,  ,  ,  ,  ,  ,  ,  ,  ,  ,  ,  ,  ,  ,  ,  ,  ,  ,  ,  ,  ,  ,  ,  ,  ,  ,  ,  ,  ,  ,  ,  ,  ,  ,  ,  ,  ,  ,  ,  ,  ,  ,  ,  ,  ,  ,  ,  ,  ,  ,  ,  ,  ,  ,  ,  ,  ,  ,  ,  ,  ,  ,  ,  ,  ,  ,  ,  ,  ,  ,  ,  ,  ,  ,  ,  ,  ,  ,  ,  ,  ,  ,  ,  ,  ,  ,  ,  ,  ,  ,  ,  ,  ,  ,  ,  ,  ,  ,  ,  ,  ,  ,  ,  ,  ,  ,  ,  ,  ,  , 0+0:0:0:0:0
Db locrian (5b),  ,  ,  ,  ,  ,  ,  ,  ,  ,  ,  ,  ,  ,  ,  ,  ,  ,  ,  ,  ,  ,  ,  ,  ,  ,  ,  ,  ,  ,  ,  ,  ,  ,  ,  ,  ,  ,  ,  ,  ,  ,  ,  ,  ,  ,  ,  ,  ,  ,  ,  ,  ,  ,  ,  ,  ,  ,  ,  ,  ,  ,  ,  ,  ,  ,  ,  ,  ,  ,  ,  ,  ,  ,  ,  ,  ,  ,  ,  ,  ,  ,  ,  ,  ,  ,  ,  ,  ,  ,  ,  ,  ,  ,  ,  ,  ,  ,  ,  ,  ,  ,  ,  ,  ,  ,  ,  ,  ,  ,  ,  ,  ,  ,  ,  ,  ,  ,  ,  ,  ,  ,  ,  ,  ,  ,  ,  ,  ,  ,  ,  ,  ,  ,  ,  ,  ,  ,  ,  ,  ,  ,  ,  ,  ,  ,  ,  ,  ,  ,  ,  ,  ,  ,  ,  ,  ,  ,  ,  ,  ,  ,  ,  ,  ,  ,  ,  ,  ,  ,  ,  ,  ,  ,  ,  ,  ,  ,  ,  ,  ,  ,  ,  ,  ,  ,  ,  ,  ,  ,  ,  ,  ,  ,  ,  ,  ,  ,  ,  ,  ,  ,  ,  ,  ,  ,  ,  ,  ,  ,  ,  ,  ,  ,  ,  ,  ,  ,  ,  ,  ,  ,  ,  ,  ,  ,  ,  ,  ,  ,  ,  ,  ,  ,  ,  ,  ,  ,  ,  ,  ,  ,  ,  ,  ,  ,  ,  ,  ,  ,  ,  ,  ,  ,  ,  ,  ,  ,  ,  ,  ,  ,  ,  ,  ,  ,  ,  ,  ,  ,  ,  ,  ,  ,  ,  ,  ,  ,  ,  ,  ,  ,  ,  ,  ,  ,  ,  ,  ,  ,  ,  ,  ,  ,  ,  ,  ,  ,  ,  ,  ,  ,  ,  ,  ,  ,  ,  ,  ,  ,  ,  ,  ,  ,  ,  ,  ,  ,  ,  ,  ,  ,  ,  ,  ,  ,  ,  ,  ,  ,  ,  ,  ,  ,  ,  ,  ,  ,  ,  ,  ,  ,  ,  ,  ,  ,  ,  ,  ,  ,  ,  ,  ,  ,  ,  ,  , 0+0:0:0:0:0
B locrian (5#),  ,  ,  ,  ,  ,  ,  ,  ,  ,  ,  ,  ,  ,  ,  ,  ,  ,  ,  ,  ,  ,  ,  ,  ,  ,  ,  ,  ,  ,  ,  ,  ,  ,  ,  ,  ,  ,  ,  ,  ,  ,  ,  ,  ,  ,  ,  ,  ,  ,  ,  ,  ,  ,  ,  ,  ,  ,  ,  ,  ,  ,  ,  ,  ,  ,  ,  ,  ,  ,  ,  ,  ,  ,  ,  ,  ,  ,  ,  ,  ,  ,  ,  ,  ,  ,  ,  ,  ,  ,  ,  ,  ,  ,  ,  ,  ,  ,  ,  ,  ,  ,  ,  ,  ,  ,  ,  ,  ,  ,  ,  ,  ,  ,  ,  ,  ,  ,  ,  ,  ,  ,  ,  ,  ,  ,  ,  ,  ,  ,  ,  ,  ,  ,  ,  ,  ,  ,  ,  ,  ,  ,  ,  ,  ,  ,  ,  ,  ,  ,  ,  ,  ,  ,  ,  ,  ,  ,  ,  ,  ,  ,  ,  ,  ,  ,  ,  ,  ,  ,  ,  ,  ,  ,  ,  ,  ,  ,  ,  ,  ,  ,  ,  ,  ,  ,  ,  ,  ,  ,  ,  ,  ,  ,  ,  ,  ,  ,  ,  ,  ,  ,  ,  ,  ,  ,  ,  ,  ,  ,  ,  ,  ,  ,  ,  ,  ,  ,  ,  ,  ,  ,  ,  ,  ,  ,  ,  ,  ,  ,  ,  ,  ,  ,  ,  ,  ,  ,  ,  ,  ,  ,  ,  ,  ,  ,  ,  ,  ,  ,  ,  ,  ,  ,  ,  ,  ,  ,  ,  ,  ,  ,  ,  ,  ,  ,  ,  ,  ,  ,  ,  ,  ,  ,  ,  ,  ,  ,  ,  ,  ,  ,  ,  ,  ,  ,  ,  ,  ,  ,  ,  ,  ,  ,  ,  ,  ,  ,  ,  ,  ,  ,  ,  ,  ,  ,  ,  ,  ,  ,  ,  ,  ,  ,  ,  ,  ,  ,  ,  ,  ,  ,  ,  ,  ,  ,  ,  ,  ,  ,  ,  ,  ,  ,  ,  ,  ,  ,  ,  ,  ,  ,  ,  ,  ,  ,  ,  ,  ,  ,  ,  ,  ,  ,  ,  ,  , 0+0:0:0:0:0
Gb major (6b), 7+3:0:0:0:0, 6+1:0:0:0:0, 8+4:0:0:0:0, 5+2:0:0:0:0, 5+2:0:0:0:0, 8+2:0:0:0:0, 7+4:0:0:0:0, 6+3:0:0:0:1, 7+3:0:0:0:0, 6+1:0:0:0:0, 8+4:0:0:0:0, 5+2:0:0:0:0, 5+2:0:0:0:0, 8+2:0:0:0:0, 6+1:0:0:0:0, 2+0:0:0:0:0, 4+0:0:0:0:0, 4+2:0:0:0:0, 4+1:0:0:0:0,  , 5+3:0:0:0:3, 3+2:0:0:0:2, 4+2:0:0:0:1, 1+0:0:0:0:0, 7+3:0:0:0:0, 6+1:0:0:0:0, 8+4:0:0:0:0, 5+2:0:0:0:0, 5+2:0:0:0:0, 8+2:0:0:0:0, 6+1:0:0:0:0, 2+0:0:0:0:0, 6+3:0:0:0:0, 6+2:0:0:0:0, 7+2:1:0:0:1, 5+2:0:0:0:0, 5+3:0:0:0:0, 5+2:0:0:0:0, 7+2:0:0:0:0, 5+1:0:0:0:0, 6+5:0:0:0:0, 6+2:0:0:0:0, 8+3:1:0:0:1, 7+2:0:0:0:0, 3+6:0:0:0:0, 5+3:0:0:0:0, 6+3:0:0:0:0, 2+0:0:0:0:0, 5+0:0:0:0:0, 7+4:0:0:0:0, 8+2:0:1:0:1, 4+0:0:0:0:0, 7+4:0:0:0:3, 4+0:0:0:0:0, 4+3:0:0:0:2, 1+0:0:0:0:0, 7+2:0:0:0:0, 5+1:0:0:0:0, 7+2:1:0:0:1, 6+2:0:0:0:0, 5+3:0:0:0:0, 6+5:0:0:0:1, 6+1:0:0:0:0, 5+1:0:0:0:0, 6+6:0:0:0:0, 5+3:0:0:0:0, 8+3:1:1:0:2, 7+4:0:0:0:0, 6+4:0:0:0:0, 6+4:0:0:0:1, 9+5:0:2:0:2, 5+1:0:0:0:0, 8+2:0:0:0:0, 5+2:0:0:0:0, 8+3:1:0:0:1, 5+1:0:0:0:0, 4+3:0:0:0:0, 6+4:0:0:0:0, 8+3:0:0:0:0, 1+1:0:0:0:0, 8+2:0:0:0:1, 5+3:0:0:0:0, 5+2:0:0:0:0, 2+3:0:0:0:2, 6+2:0:0:0:1, 2+0:0:0:0:0, 5+2:0:0:0:1, 2+1:0:0:0:0, 7+4:1:0:0:1, 5+1:0:0:0:0, 10+6:1:0:0:1, 5+1:0:0:0:0, 5+3:0:0:0:1, 5+4:0:0:0:2, 6+1:0:0:0:0, 5+1:0:0:0:0, 7+2:0:0:0:0, 5+1:0:0:0:0, 8+5:1:0:0:1, 5+1:0:0:0:0, 4+4:0:0:0:0, 5+3:0:0:0:0, 7+5:0:2:0:2, 5+1:0:0:0:0, 7+4:0:0:0:0, 7+2:0:0:0:0, 10+4:0:0:0:0, 6+3:0:0:0:0, 4+5:0:0:0:0, 6+4:0:0:0:0, 6+4:0:0:0:0,  , 6+1:0:0:0:0, 6+1:0:0:0:0, 6+1:0:0:0:0,  , 6+2:0:0:0:2, 3+0:0:0:0:0, 5+3:0:0:0:1, 2+5:0:0:0:1, 6+2:0:0:0:0, 5+2:0:0:0:1, 7+2:1:0:0:1, 6+1:0:0:0:0, 4+1:1:0:0:1, 5+3:0:0:0:0, 8+6:0:0:0:0, 8+5:0:0:0:1, 6+2:0:0:0:0, 5+2:0:0:0:0, 8+5:1:0:0:1, 5+1:0:0:0:0, 5+4:0:0:0:0, 8+6:0:0:0:0, 8+3:0:0:0:0, 7+2:0:0:0:0, 6+4:0:0:0:0, 7+2:0:0:0:0, 9+4:1:0:0:2, 8+3:0:0:0:0, 3+4:0:0:0:0, 5+2:0:0:0:0, 6+3:0:0:0:0, 4+2:0:0:0:1, 5+0:0:0:0:0, 7+3:0:0:0:1, 6+3:0:0:0:0, 1+0:0:0:0:0, 6+3:0:0:0:2, 4+0:0:0:0:0, 5+3:0:0:0:0, 3+0:0:0:0:0, 6+2:0:0:0:0, 5+1:0:0:0:0, 7+7:0:0:0:0, 7+2:0:0:0:0, 4+5:0:0:0:0, 8+4:0:0:0:0, 10+6:0:0:0:0, 5+1:0:0:0:0, 6+2:0:0:0:0, 5+1:0:0:0:0, 7+3:1:0:0:1, 5+3:0:0:0:1, 5+5:0:0:0:0, 6+5:0:0:0:0, 9+5:0:0:0:0, 6+2:0:0:0:0, 7+2:0:0:0:0, 6+2:0:0:0:1, 9+4:0:0:0:0, 5+3:0:0:0:1, 4+5:0:0:0:0, 5+3:0:0:0:1, 6+4:0:0:0:0, 2+0:0:0:0:0, 6+1:0:0:0:0, 9+3:0:0:0:0, 8+2:0:0:0:0, 5+1:0:0:0:0, 7+5:0:0:0:0, 3+0:0:0:0:0, 5+1:0:0:0:0, 5+2:0:0:0:0, 6+2:0:0:0:0, 5+1:0:0:0:0, 7+2:1:0:0:1, 6+3:0:0:0:0, 8+4:3:0:0:3, 6+3:0:0:0:1, 7+7:0:0:0:0, 5+2:0:0:0:0, 6+4:0:0:0:0, 5+1:0:0:0:0, 7+5:0:0:0:0, 5+3:0:0:0:0, 4+4:0:0:0:0, 5+2:0:0:0:0, 8+3:0:0:0:0, 6+1:0:0:0:0, 7+2:0:0:0:0, 5+1:0:0:0:0, 10+3:1:0:0:1, 5+3:0:0:0:0, 7+4:0:0:0:0, 5+5:0:0:0:1, 6+3:0:0:0:0, 1+0:0:0:0:0, 5+2:0:0:0:0, 5+3:0:0:0:0, 5+3:0:0:0:0, 2+0:0:0:0:0, 4+1:0:0:0:1, 2+1:0:0:0:0, 4+2:1:0:0:2, 3+0:0:0:0:0, 7+3:0:0:0:0, 6+2:0:0:0:0, 10+6:0:0:0:0, 9+4:0:0:0:1, 4+4:0:0:0:0, 6+3:0:0:0:0, 9+3:0:0:0:1, 6+2:0:0:0:0, 6+2:0:0:0:0, 5+1:0:0:0:0, 7+2:1:0:0:1, 6+1:0:0:0:0, 4+4:0:0:0:0, 8+4:0:0:0:0, 9+4:0:0:0:0, 5+2:0:0:0:0, 6+2:0:0:0:0, 6+2:0:0:0:1, 8+6:0:0:0:0, 8+3:0:0:0:0, 6+4:0:0:0:0, 6+5:0:0:0:0, 6+3:0:0:0:0, 4+0:0:0:0:0, 5+0:0:0:0:0, 5+2:0:0:0:0, 6+1:0:0:0:0, 2+0:0:0:0:0, 8+4:0:0:0:0, 5+1:1:0:0:1, 8+5:0:0:0:2, 6+4:2:1:0:2, 7+2:0:0:0:0, 5+1:0:0:0:0, 9+4:0:0:0:0, 5+1:0:0:0:0, 3+0:0:0:0:0, 5+1:1:0:0:1, 7+4:0:0:0:0, 7+3:0:0:0:0, 7+2:0:0:0:0, 5+3:0:0:0:0, 8+4:0:0:0:0, 6+3:0:0:0:0, 8+4:3:0:0:3, 6+3:0:0:0:1, 7+6:0:0:0:0, 7+2:0:0:0:0, 6+4:0:0:0:0, 8+3:0:0:0:0, 7+8:0:0:0:0, 5+3:0:0:0:1, 3+2:0:0:0:0, 6+4:0:0:0:0, 6+2:0:0:0:0, 4+2:0:0:0:0, 6+1:0:0:0:0, 4+3:0:0:0:0, 4+2:0:0:0:0, 3+0:0:0:0:0, 5+4:0:0:0:0, 5+0:0:0:0:0, 4+1:0:0:0:0, 5+1:0:0:0:0, 7+3:0:0:0:0, 6+4:0:0:0:0, 8+2:1:0:0:1, 5+1:0:0:0:0, 6+5:0:0:0:1, 6+2:0:0:0:0, 9+5:0:0:0:0, 7+3:0:0:0:0, 7+2:0:0:0:0, 5+1:0:0:0:0, 8+5:1:0:0:1, 5+1:0:0:0:0, 4+2:0:0:0:0, 5+2:0:0:0:0, 7+6:0:2:0:2, 5+1:0:0:0:0, 6+2:0:0:0:0, 7+2:0:0:0:1, 8+5:0:0:0:0, 5+3:0:0:0:1, 4+3:0:0:0:0, 6+3:0:0:0:0, 7+5:0:0:0:0, 4+1:0:0:0:0, 5+2:1:0:0:1, 6+2:0:0:0:0, 6+2:0:0:0:0, 3+0:0:0:0:0, 6+3:1:0:0:1, 6+1:0:0:0:0, 4+2:0:0:0:0, 5+2:0:0:0:0, 7+2:0:0:0:0, 6+2:0:0:0:1, 10+6:0:0:0:0, 6+3:0:0:0:0, 9+4:3:0:0:3, 6+3:0:0:0:1, 7+4:0:0:0:1, 9+4:0:0:0:1, 7+2:0:0:0:0, 5+1:0:0:0:0, 7+2:1:0:0:1, 5+1:0:0:0:0, 6+6:0:0:0:1, 8+5:0:0:0:1, 9+4:0:0:0:0, 5+1:0:0:0:0, 6+2:0:0:0:0, 6+2:0:0:0:0, 7+3:1:0:0:1, 5+3:0:0:0:1, 4+6:0:0:0:0, 7+3:0:0:0:0, 7+3:0:0:0:0, 5+3:0:0:0:0, 7+2:0:0:0:0, 4+3:0:0:0:0, 6+3:0:0:0:0, 4+1:1:0:0:1, 8+2:0:0:0:0, 4+2:0:0:0:1, 4+2:0:0:0:1, 7+2:0:0:0:0, 6+2:0:0:0:0, 5+1:0:0:0:0, 8+3:1:0:0:1, 5+1:0:0:0:0, 4+2:0:0:0:0, 5+2:0:0:0:0, 8+3:0:0:0:1, 6+4:0:0:0:2, 4+1:1:0:0:1, 1+1:0:0:0:0, 1+1:0:0:0:0, 1+2:0:0:0:0, 2034+903:39:9:0:110
F# major (6#), 7+3:0:0:0:0, 6+1:0:0:0:0, 8+4:0:0:0:0, 5+2:0:0:0:0, 6+2:0:0:0:0, 8+2:0:0:0:0, 5+4:0:0:0:0, 7+3:0:0:0:1, 7+3:0:0:0:0, 6+1:0:0:0:0, 8+4:0:0:0:0, 5+2:0:0:0:0, 6+2:0:0:0:0, 8+2:0:0:0:0, 6+1:0:0:0:0, 3+0:0:0:0:0, 2+0:0:0:0:0, 2+2:0:0:0:0, 3+1:0:0:0:0,  , 3+5:0:0:0:0, 2+1:0:0:0:0, 4+2:0:0:0:1, 1+0:0:0:0:0, 7+3:0:0:0:0, 6+1:0:0:0:0, 8+4:0:0:0:0, 5+2:0:0:0:0, 6+2:0:0:0:0, 8+2:0:0:0:0, 6+1:0:0:0:0, 3+0:0:0:0:0, 6+3:0:0:0:0, 6+2:0:0:0:0, 5+2:1:0:0:1, 5+2:0:0:0:0, 6+3:0:0:0:0, 6+2:0:0:0:0, 6+2:0:0:0:0, 5+1:0:0:0:0, 7+5:0:0:0:0, 6+2:0:0:0:0, 6+3:1:0:0:1, 7+2:0:0:0:0, 4+6:0:0:0:0, 6+3:0:0:0:0, 6+3:0:0:0:0, 1+0:0:0:0:0, 2+0:0:0:0:0, 5+4:0:0:0:0, 6+2:0:0:0:0, 1+0:0:0:0:0, 6+4:0:0:0:3, 4+0:0:0:0:0, 4+3:0:0:0:2, 1+0:0:0:0:0, 6+2:0:0:0:0, 5+1:0:0:0:0, 5+2:1:0:0:1, 6+2:0:0:0:0, 5+3:0:0:0:0, 8+5:0:0:0:0, 4+1:0:0:0:0, 5+1:0:0:0:0, 7+6:0:0:0:0, 7+3:0:0:0:0, 6+3:1:1:0:2, 7+4:0:0:0:0, 6+4:0:0:0:0, 8+4:0:0:0:1, 7+5:0:2:0:2, 5+1:0:0:0:0, 7+2:0:0:0:0, 5+2:0:0:0:0, 6+3:1:0:0:1, 5+1:0:0:0:0, 4+3:0:0:0:0, 7+4:0:0:0:0, 9+3:0:0:0:0, 1+1:0:0:0:0, 4+2:1:2:0:1, 3+3:0:0:0:0, 3+2:0:0:0:0, 6+3:0:0:0:2, 4+2:0:0:0:1, 0+0:0:0:0:0, 5+2:0:0:0:1, 2+1:0:0:0:0, 8+4:0:0:0:0, 5+1:0:0:0:0, 8+6:1:0:0:1, 5+1:0:0:0:0, 6+3:0:0:0:1, 7+4:0:0:0:2, 4+1:0:0:0:0, 5+1:0:0:0:0, 7+2:0:0:0:0, 5+1:0:0:0:0, 6+5:1:0:0:1, 5+1:0:0:0:0, 5+4:0:0:0:0, 6+3:0:0:0:0, 5+5:0:2:0:2, 5+1:0:0:0:0, 7+4:0:0:0:0, 7+2:0:0:0:0, 9+4:0:0:0:0, 6+3:0:0:0:0, 6+5:0:0:0:0, 7+4:0:0:0:0, 5+4:0:0:0:0,  , 3+1:0:0:0:0, 3+1:0:0:0:0, 4+1:0:0:0:0,  , 5+2:0:0:0:2, 2+0:0:0:0:0, 4+3:0:0:0:1, 3+5:0:0:0:0, 6+2:0:0:0:0, 6+2:0:0:0:0, 5+2:1:0:0:1, 6+1:0:0:0:0, 4+1:1:0:0:1, 6+3:0:0:0:0, 8+6:0:0:0:0, 8+5:0:0:0:3, 6+2:0:0:0:0, 5+2:0:0:0:0, 6+5:1:0:0:1, 5+1:0:0:0:0, 7+4:0:0:0:0, 9+6:0:0:0:0, 5+3:0:0:0:0, 7+2:0:0:0:0, 6+4:0:0:0:0, 7+2:0:0:0:0, 6+4:1:0:0:2, 8+3:0:0:0:0, 5+4:0:0:0:0, 6+2:0:0:0:0, 5+3:0:0:0:0, 3+2:0:0:0:1, 2+0:0:0:0:0, 4+3:0:0:0:1, 3+3:0:0:0:0, 0+0:0:0:0:0, 4+3:0:0:0:2, 3+0:0:0:0:0, 5+3:0:0:0:0, 4+0:0:0:0:0, 6+2:0:0:0:0, 5+1:0:0:0:0, 6+7:0:0:0:0, 7+2:0:0:0:0, 5+5:0:0:0:0, 9+4:0:0:0:0, 8+6:0:0:0:1, 5+1:0:0:0:0, 6+2:0:0:0:0, 5+1:0:0:0:0, 5+3:1:0:0:1, 6+3:0:0:0:1, 7+5:0:0:0:0, 7+5:0:0:0:0, 8+5:0:0:0:0, 6+2:0:0:0:0, 7+2:0:0:0:0, 7+2:0:0:0:1, 9+4:0:0:0:0, 6+3:0:0:0:1, 5+5:0:0:0:0, 7+3:0:0:0:0, 8+4:0:0:0:0, 2+0:0:0:0:0, 3+1:0:0:0:0, 5+3:0:0:0:0, 6+2:0:0:0:0, 2+1:0:0:0:0, 5+5:0:0:0:0, 2+0:0:0:0:0, 5+1:0:0:0:0, 4+2:0:0:0:0, 6+2:0:0:0:0, 5+1:0:0:0:0, 5+2:1:0:0:1, 6+3:0:0:0:0, 8+4:2:0:0:2, 7+3:0:0:0:0, 6+7:0:0:0:0, 5+2:0:0:0:0, 7+4:0:0:0:0, 5+1:0:0:0:0, 6+5:0:0:0:0, 5+3:0:0:0:0, 6+4:0:0:0:0, 6+2:0:0:0:0, 5+3:0:0:0:0, 6+1:0:0:0:0, 6+2:0:0:0:0, 5+1:0:0:0:0, 7+3:1:0:0:1, 5+3:0:0:0:0, 6+4:0:0:0:1, 7+5:0:0:0:0, 7+3:0:0:0:0, 1+0:0:0:0:0, 3+2:0:0:0:0, 2+3:0:0:0:0, 3+3:0:0:0:0, 0+0:0:0:0:0, 3+1:0:0:0:1, 2+1:0:0:0:0, 4+2:0:0:0:1, 0+0:0:0:0:0, 7+3:0:0:0:0, 6+2:0:0:0:0, 9+6:0:0:0:0, 9+4:0:0:0:1, 5+4:0:0:0:0, 7+3:0:0:0:0, 6+3:0:0:0:1, 6+2:0:0:0:0, 6+2:0:0:0:0, 5+1:0:0:0:0, 5+2:1:0:0:1, 6+1:0:0:0:0, 6+4:0:0:0:0, 9+4:0:0:0:0, 7+4:0:0:0:0, 5+2:0:0:0:0, 6+2:0:0:0:0, 6+2:0:0:0:1, 7+6:0:0:0:0, 8+3:0:0:0:0, 7+4:0:0:0:1, 7+5:0:0:0:0, 5+3:0:0:0:0, 4+0:0:0:0:0, 2+0:0:0:0:0, 3+2:0:0:0:0, 4+1:0:0:0:0, 1+0:0:0:0:0, 6+4:0:0:0:0, 4+1:1:0:0:1, 7+5:0:0:0:2, 2+3:0:1:0:1, 7+2:0:0:0:0, 5+1:0:0:0:0, 8+4:0:0:0:0, 5+1:0:0:0:0, 6+0:0:0:0:0, 7+1:1:0:0:1, 6+4:0:0:0:0, 7+3:0:0:0:0, 7+2:0:0:0:0, 7+3:0:0:0:0, 7+4:0:0:0:0, 6+3:0:0:0:0, 8+4:2:0:0:2, 7+3:0:0:0:0, 6+6:0:0:0:0, 7+2:0:0:0:0, 6+4:0:0:0:0, 8+3:0:0:0:0, 6+8:0:0:0:0, 6+3:0:0:0:1, 5+2:0:0:0:0, 8+4:0:0:0:0, 6+2:0:0:0:0, 4+2:0:0:0:0, 3+1:0:0:0:0, 2+3:0:0:0:0, 3+2:0:0:0:0, 2+0:0:0:0:0, 4+4:0:0:0:0, 4+0:0:0:0:0, 4+1:0:0:0:0, 6+1:0:0:0:0, 6+3:0:0:0:0, 6+4:0:0:0:0, 5+2:1:0:0:1, 5+1:0:0:0:0, 7+5:0:0:0:0, 7+2:0:0:0:0, 9+5:0:0:0:0, 7+3:0:0:0:1, 7+2:0:0:0:0, 5+1:0:0:0:0, 6+5:1:0:0:1, 5+1:0:0:0:0, 5+2:0:0:0:0, 6+2:0:0:0:0, 5+6:0:2:0:2, 5+1:0:0:0:0, 6+2:0:0:0:0, 8+2:0:0:0:0, 7+5:0:0:0:0, 6+3:0:0:0:1, 6+3:0:0:0:0, 8+3:0:0:0:0, 8+5:0:0:0:0, 4+1:0:0:0:0, 4+2:0:0:0:0, 3+2:0:0:0:0, 4+2:0:0:0:0, 1+0:0:0:0:0, 4+3:1:0:0:1, 5+1:0:0:0:0, 4+2:0:0:0:0, 4+2:0:0:0:0, 7+2:0:0:0:0, 7+2:0:0:0:0, 10+6:0:0:0:0, 6+3:0:0:0:0, 8+4:2:0:0:2, 7+3:0:0:0:0, 6+4:0:0:0:1, 9+4:0:0:0:1, 7+2:0:0:0:0, 5+1:0:0:0:0, 5+2:1:0:0:1, 5+1:0:0:0:0, 7+6:0:0:0:1, 10+5:0:0:0:1, 7+4:0:0:0:0, 5+1:0:0:0:0, 6+2:0:0:0:0, 6+2:0:0:0:0, 5+3:1:0:0:1, 6+3:0:0:0:1, 6+6:0:0:0:0, 8+3:0:0:0:0, 9+3:0:0:0:0, 6+3:0:0:0:0, 4+2:0:0:0:0, 2+3:0:0:0:0, 4+3:0:0:0:0, 4+1:0:0:0:0, 6+2:0:0:0:0, 5+2:0:0:0:0, 5+2:0:0:0:0, 2+2:0:1:0:0, 6+2:0:0:0:0, 5+1:0:0:0:0, 6+3:1:0:0:1, 5+1:0:0:0:0, 5+2:0:0:0:0, 6+2:0:0:0:0, 7+3:0:0:0:1, 8+4:0:0:0:1, 4+1:1:0:0:1, 1+1:0:0:0:0, 1+1:0:0:0:0, 1+2:0:0:0:0, 1918+903:31:11:0:88
Eb minor (6b), 7+1:0:0:0:1, 6+0:0:0:0:0, 8+2:0:0:0:1, 5+0:0:0:0:0, 5+0:0:0:0:0, 8+1:0:0:0:0, 7+3:0:0:0:0, 6+1:0:0:0:0, 7+1:0:0:0:1, 6+0:0:0:0:0, 8+2:0:0:0:1, 5+0:0:0:0:0, 5+0:0:0:0:0, 8+1:0:0:0:0, 6+1:0:0:0:1, 2+0:0:0:0:0, 4+0:0:0:0:0, 4+2:0:0:0:0, 4+2:0:0:0:0,  , 5+3:0:0:0:3, 3+0:0:0:0:0, 4+0:0:0:0:0, 1+0:0:0:0:0, 7+1:0:0:0:1, 6+0:0:0:0:0, 8+2:0:0:0:1, 5+0:0:0:0:0, 5+0:0:0:0:0, 8+1:0:0:0:0, 6+1:0:0:0:1, 2+0:0:0:0:0, 6+1:0:0:0:1, 6+0:0:0:0:0, 7+2:0:0:0:1, 5+0:0:0:0:0, 5+0:0:0:0:0, 5+1:0:0:0:0, 7+1:0:0:0:1, 5+0:0:0:0:0, 6+1:1:0:0:1, 6+0:0:0:0:0, 8+3:0:0:0:2, 7+2:0:0:0:0, 3+0:0:0:0:0, 5+1:1:0:0:1, 6+1:0:0:0:0, 1+0:0:0:0:0, 5+0:0:0:0:0, 7+4:0:0:0:0, 8+3:0:1:0:0, 4+0:0:0:0:0, 7+4:0:0:0:3, 4+0:0:0:0:0, 4+0:0:0:0:0, 1+0:0:0:0:0, 7+1:0:0:0:1, 5+0:0:0:0:0, 7+2:0:0:0:1, 6+0:0:0:0:0, 5+1:0:0:0:0, 6+3:0:0:0:0, 6+2:0:0:0:0, 5+0:0:0:0:0, 6+1:1:0:0:1, 5+1:0:0:0:0, 9+3:0:0:0:1, 7+2:0:0:0:0, 6+1:1:0:0:1, 6+2:2:0:0:2, 10+3:0:0:0:3, 5+0:0:0:0:0, 8+1:0:0:0:1, 5+0:0:0:0:0, 8+2:0:0:0:1, 5+0:0:0:0:0, 4+1:1:0:0:1, 6+2:0:0:0:0, 7+2:0:0:0:0, 1+1:0:0:0:0, 8+2:0:0:0:1, 5+3:0:0:0:0, 5+1:0:0:0:1, 2+3:0:0:0:2, 6+2:0:0:0:1, 0+2:2:1:0:2, 5+2:0:0:0:0, 2+0:0:0:0:0, 7+1:1:0:0:1, 5+0:0:0:0:0, 10+4:0:0:0:2, 5+0:0:0:0:0, 5+1:0:0:0:0, 5+1:1:0:0:1, 6+1:0:0:0:1, 5+0:0:0:0:0, 7+1:0:0:0:1, 5+0:0:0:0:0, 8+2:0:0:0:1, 5+0:0:0:0:0, 4+0:0:0:0:0, 5+1:0:0:0:0, 8+1:0:0:0:1, 5+0:0:0:0:0, 7+2:0:0:0:1, 7+1:0:0:0:0, 10+2:0:0:0:1, 6+1:0:0:0:0, 4+0:0:0:0:0, 6+4:0:0:0:0, 6+0:0:0:0:0,  , 6+1:0:0:0:0, 6+1:0:0:0:0, 6+4:0:0:0:0,  , 6+2:0:0:0:2, 3+0:0:0:0:0, 5+1:0:0:0:1, 2+1:0:0:0:0, 6+1:0:0:0:1, 5+1:0:0:0:0, 7+2:0:0:0:1, 6+0:0:0:0:0, 4+1:1:0:0:1, 5+1:0:0:0:0, 8+3:0:0:0:3, 8+3:0:0:0:0, 6+1:0:0:0:1, 5+0:0:0:0:0, 8+3:0:0:0:2, 5+0:0:0:0:0, 5+1:0:0:0:0, 7+4:0:0:0:0, 8+4:0:0:0:3, 7+1:0:0:0:0, 6+3:0:0:0:3, 7+1:0:0:0:0, 9+5:1:0:0:0, 7+2:0:0:0:0, 3+0:0:0:0:0, 5+1:0:0:0:0, 6+0:0:0:0:0, 4+2:0:0:0:1, 5+0:0:0:0:0, 7+3:0:0:0:1, 6+3:0:0:0:0, 1+0:0:0:0:0, 6+3:0:0:0:2, 4+0:0:0:0:0, 5+0:0:0:0:0, 3+0:0:0:0:0, 6+1:0:0:0:1, 5+0:0:0:0:0, 7+4:0:0:0:2, 7+1:0:0:0:0, 4+0:0:0:0:0, 8+3:0:0:0:0, 10+3:0:0:0:2, 5+0:0:0:0:0, 6+1:0:0:0:1, 5+0:0:0:0:0, 7+3:0:0:0:2, 5+1:0:0:0:1, 5+1:0:0:0:0, 6+5:0:0:0:0, 8+2:0:0:0:1, 6+0:0:0:0:0, 7+1:0:0:0:1, 6+1:0:0:0:0, 9+2:0:0:0:1, 5+1:0:0:0:1, 4+0:0:0:0:0, 5+1:1:0:0:1, 6+1:1:0:0:1, 2+0:0:0:0:0, 6+1:0:0:0:0, 9+3:0:0:0:0, 8+5:0:0:0:0, 5+1:0:0:0:0, 7+5:0:0:0:0, 3+0:0:0:0:0, 5+0:0:0:0:0, 5+0:0:0:0:0, 6+1:0:0:0:1, 5+0:0:0:0:0, 7+2:0:0:0:1, 6+1:0:0:0:0, 8+3:1:0:0:1, 6+2:0:0:0:0, 7+3:0:0:0:2, 5+0:0:0:0:0, 6+1:0:0:0:1, 5+0:0:0:0:0, 7+2:0:0:0:1, 5+0:0:0:0:0, 4+0:0:0:0:0, 5+1:0:0:0:0, 8+3:0:0:0:0, 6+0:0:0:0:0, 7+1:0:0:0:1, 5+0:0:0:0:0, 9+6:2:0:0:0, 5+0:0:0:0:0, 7+2:1:0:0:1, 5+2:2:0:0:2, 6+1:0:0:0:1, 1+0:0:0:0:0, 5+2:0:0:0:0, 5+3:0:0:0:0, 5+1:0:0:0:1, 2+0:0:0:0:0, 4+1:0:0:0:1, 2+1:0:0:0:0, 4+5:0:0:0:3, 0+2:0:0:0:0, 7+1:0:0:0:1, 6+1:0:0:0:0, 10+4:0:0:0:1, 9+2:0:0:0:0, 4+0:0:0:0:0, 6+1:0:0:0:0, 9+4:0:0:0:0, 6+0:0:0:0:0, 6+1:0:0:0:1, 5+0:0:0:0:0, 7+2:0:0:0:1, 6+1:0:0:0:0, 4+0:0:0:0:0, 8+2:0:0:0:0, 9+2:0:0:0:1, 5+0:0:0:0:0, 6+1:0:0:0:1, 6+1:0:0:0:1, 8+4:0:0:0:3, 8+2:0:0:0:0, 6+1:0:0:0:0, 6+4:0:0:0:0, 6+0:0:0:0:0, 4+0:0:0:0:0, 5+0:0:0:0:0, 5+2:0:0:0:0, 6+4:0:0:0:0, 2+0:0:0:0:0, 8+3:0:0:0:0, 5+2:0:0:0:0, 7+4:0:0:0:2, 3+3:0:1:0:1, 7+1:0:0:0:1, 5+0:0:0:0:0, 9+2:0:0:0:1, 5+0:0:0:0:0, 3+0:0:0:0:0, 5+1:1:0:0:1, 7+1:0:0:0:1, 7+1:0:0:0:0, 7+1:0:0:0:1, 5+1:0:0:0:0, 8+2:0:0:0:1, 6+1:0:0:0:0, 8+3:1:0:0:1, 6+2:0:0:0:0, 7+3:0:0:0:2, 7+1:0:0:0:0, 6+3:0:0:0:3, 8+2:0:0:0:0, 7+4:0:0:0:2, 5+1:0:0:0:1, 3+0:0:0:0:0, 6+1:1:0:0:1, 6+1:0:0:0:0, 4+1:0:0:0:0, 6+1:0:0:0:0, 4+3:0:0:0:0, 4+5:0:0:0:0, 3+0:0:0:0:0, 5+3:0:0:0:2, 5+0:0:0:0:0, 4+0:0:0:0:0, 5+0:0:0:0:0, 7+1:0:0:0:1, 6+0:0:0:0:0, 8+4:1:0:0:0, 5+0:0:0:0:0, 6+2:0:0:0:0, 6+1:0:0:0:0, 9+2:0:0:0:1, 7+2:0:0:0:0, 7+1:0:0:0:1, 5+0:0:0:0:0, 8+2:0:0:0:1, 5+0:0:0:0:0, 4+0:0:0:0:0, 5+1:0:0:0:0, 8+1:0:0:0:1, 5+0:0:0:0:0, 6+1:0:0:0:1, 7+2:0:0:0:0, 8+2:0:0:0:1, 5+1:0:0:0:1, 4+0:0:0:0:0, 6+1:1:0:0:1, 7+2:0:0:0:1, 4+0:0:0:0:0, 5+2:1:0:0:1, 6+2:0:0:0:0, 6+3:0:0:0:1, 3+1:0:0:0:1, 7+2:0:0:0:2, 6+1:0:0:0:0, 4+0:0:0:0:0, 5+0:0:0:0:0, 7+1:0:0:0:1, 6+1:0:0:0:0, 10+3:0:0:0:1, 6+1:0:0:0:0, 9+4:0:0:0:0, 6+2:0:0:0:0, 7+1:0:0:0:1, 9+2:0:0:0:0, 7+1:0:0:0:1, 5+0:0:0:0:0, 7+2:0:0:0:1, 5+0:0:0:0:0, 6+1:0:0:0:0, 7+2:1:1:0:2, 9+2:0:0:0:1, 5+0:0:0:0:0, 6+1:0:0:0:1, 6+1:0:0:0:0, 7+3:0:0:0:2, 5+1:0:0:0:1, 4+0:0:0:0:0, 7+2:0:0:0:0, 6+1:0:0:0:0, 5+1:0:0:0:0, 7+2:0:0:0:0, 4+3:0:0:0:0, 6+3:0:0:0:0, 4+1:1:0:0:1, 8+5:0:0:0:0, 4+2:0:0:0:1, 4+2:0:0:0:2, 2+3:0:0:0:1, 6+1:0:0:0:1, 5+0:0:0:0:0, 8+2:0:0:0:1, 5+0:0:0:0:0, 4+0:0:0:0:0, 5+1:0:0:0:0, 8+3:0:0:0:2, 6+2:0:0:0:1, 4+1:1:0:0:1, 1+0:0:0:0:0, 1+0:0:0:0:0, 1+0:0:0:0:0, 2017+468:30:4:0:174
D# minor (6#), 7+1:0:0:0:1, 6+0:0:0:0:0, 8+2:0:0:0:1, 5+0:0:0:0:0, 6+0:0:0:0:0, 8+1:0:0:0:0, 5+3:0:0:0:0, 7+1:0:0:0:0, 7+1:0:0:0:1, 6+0:0:0:0:0, 8+2:0:0:0:1, 5+0:0:0:0:0, 6+0:0:0:0:0, 8+1:0:0:0:0, 6+1:0:0:0:1, 3+0:0:0:0:0, 2+0:0:0:0:0, 2+2:0:0:0:0, 3+2:0:0:0:0,  , 3+3:0:0:0:3, 2+0:0:0:0:0, 4+0:0:0:0:0, 1+0:0:0:0:0, 7+1:0:0:0:1, 6+0:0:0:0:0, 8+2:0:0:0:1, 5+0:0:0:0:0, 6+0:0:0:0:0, 8+1:0:0:0:0, 6+1:0:0:0:1, 3+0:0:0:0:0, 6+1:0:0:0:1, 6+0:0:0:0:0, 5+2:0:0:0:1, 5+0:0:0:0:0, 6+0:0:0:0:0, 6+1:0:0:0:0, 6+1:0:0:0:1, 5+0:0:0:0:0, 7+1:1:0:0:1, 6+0:0:0:0:0, 6+3:0:0:0:2, 7+2:0:0:0:0, 4+0:0:0:0:0, 6+1:1:0:0:1, 6+1:0:0:0:0, 2+0:0:0:0:0, 2+0:0:0:0:0, 5+4:0:0:0:0, 6+3:0:0:0:1, 1+1:0:0:0:0, 6+4:0:0:0:3, 4+0:0:0:0:0, 4+0:0:0:0:0, 1+0:0:0:0:0, 6+1:0:0:0:1, 5+0:0:0:0:0, 5+2:0:0:0:1, 6+0:0:0:0:0, 5+1:1:0:0:1, 8+3:0:0:0:0, 4+2:0:0:0:0, 5+0:0:0:0:0, 7+1:1:0:0:1, 7+1:0:0:0:0, 7+3:0:0:0:1, 7+2:0:0:0:0, 6+1:1:0:0:1, 8+2:2:0:0:2, 9+3:0:0:0:3, 5+0:0:0:0:0, 7+1:0:0:0:1, 5+0:0:0:0:0, 6+2:0:0:0:1, 5+0:0:0:0:0, 4+1:1:0:0:1, 7+2:0:0:0:0, 8+2:0:0:0:0, 1+1:0:0:0:0, 4+2:1:2:0:1, 3+3:0:0:0:0, 3+1:0:0:0:1, 6+3:0:0:0:2, 4+2:0:0:0:1, 0+0:0:0:0:0, 5+0:0:0:0:0, 2+0:0:0:0:0, 8+1:1:0:0:1, 5+0:0:0:0:0, 8+4:0:0:0:2, 5+0:0:0:0:0, 6+1:0:0:0:0, 7+1:1:0:0:1, 4+1:0:0:0:1, 5+0:0:0:0:0, 7+1:0:0:0:1, 5+0:0:0:0:0, 6+2:0:0:0:1, 5+0:0:0:0:0, 5+0:0:0:0:0, 6+1:0:0:0:0, 7+1:0:0:0:1, 5+0:0:0:0:0, 7+2:0:0:0:1, 7+1:0:0:0:0, 9+2:0:0:0:1, 6+1:0:0:0:0, 6+0:0:0:0:0, 7+4:0:0:0:0, 5+0:0:0:0:0,  , 3+1:0:0:0:0, 3+1:0:0:0:0, 4+4:0:0:0:0,  , 5+2:0:0:0:2, 2+0:0:0:0:0, 4+1:0:0:0:1, 4+1:0:0:0:0, 6+1:0:0:0:1, 6+1:0:0:0:0, 5+2:0:0:0:1, 6+0:0:0:0:0, 4+1:1:0:0:1, 6+1:0:0:0:0, 8+3:0:0:0:3, 8+3:0:0:0:2, 6+1:0:0:0:1, 5+0:0:0:0:0, 6+3:0:0:0:2, 5+0:0:0:0:0, 7+1:0:0:0:0, 8+4:0:0:0:0, 5+4:0:0:0:4, 7+1:0:0:0:0, 6+3:0:0:0:3, 7+1:0:0:0:0, 6+5:1:0:0:0, 7+2:0:0:0:0, 5+0:0:0:0:0, 6+1:0:0:0:0, 5+0:0:0:0:0, 3+2:0:0:0:1, 2+0:0:0:0:0, 4+3:0:0:0:1, 3+3:0:0:0:0, 0+0:0:0:0:0, 4+3:0:0:0:2, 3+0:0:0:0:0, 5+0:0:0:0:0, 4+0:0:0:0:0, 6+1:0:0:0:1, 5+0:0:0:0:0, 6+4:0:0:0:2, 7+1:0:0:0:0, 5+0:0:0:0:0, 9+3:0:0:0:2, 8+3:0:0:0:3, 5+0:0:0:0:0, 6+1:0:0:0:1, 5+0:0:0:0:0, 5+3:0:0:0:2, 6+1:0:0:0:1, 7+1:0:0:0:0, 7+5:0:0:0:0, 7+2:0:0:0:1, 6+0:0:0:0:0, 7+1:0:0:0:1, 7+1:0:0:0:0, 9+2:0:0:0:1, 6+1:0:0:0:1, 5+0:0:0:0:0, 7+1:1:0:0:1, 8+1:1:0:0:1, 2+0:0:0:0:0, 3+1:0:0:0:0, 5+3:0:0:0:0, 6+5:0:0:0:0, 2+1:0:0:0:0, 5+5:0:0:0:0, 2+0:0:0:0:0, 5+0:0:0:0:0, 4+0:0:0:0:0, 6+1:0:0:0:1, 5+0:0:0:0:0, 5+2:0:0:0:1, 6+1:0:0:0:0, 8+3:2:0:0:2, 7+2:0:0:0:0, 6+3:0:0:0:2, 5+0:0:0:0:0, 7+1:0:0:0:1, 5+0:0:0:0:0, 6+2:0:0:0:1, 5+0:0:0:0:0, 6+0:0:0:0:0, 6+1:0:0:0:0, 5+3:0:0:0:0, 6+0:0:0:0:0, 6+1:0:0:0:1, 5+0:0:0:0:0, 6+6:2:0:0:0, 5+0:0:0:0:0, 7+2:1:0:0:1, 7+2:2:0:0:2, 7+1:0:0:0:1, 1+0:0:0:0:0, 3+2:0:0:0:0, 2+3:0:0:0:0, 3+1:0:0:0:1, 0+0:0:0:0:0, 3+1:0:0:0:1, 2+1:0:0:0:0, 4+5:2:0:0:5, 1+3:2:0:0:3, 7+1:0:0:0:1, 6+1:0:0:0:0, 9+4:0:0:0:1, 9+2:0:0:0:0, 5+0:0:0:0:0, 7+1:0:0:0:0, 6+4:0:0:0:0, 6+0:0:0:0:0, 6+1:0:0:0:1, 5+0:0:0:0:0, 5+2:0:0:0:1, 6+1:0:0:0:0, 6+0:0:0:0:0, 9+2:0:0:0:0, 7+2:0:0:0:1, 5+0:0:0:0:0, 6+1:0:0:0:1, 6+1:0:0:0:1, 7+4:0:0:0:3, 8+2:0:0:0:0, 8+1:0:0:0:0, 7+4:0:0:0:0, 5+0:0:0:0:0, 4+0:0:0:0:0, 2+0:0:0:0:0, 3+2:0:0:0:0, 4+4:0:0:0:0, 1+0:0:0:0:0, 6+3:0:0:0:0, 4+2:0:0:0:0, 8+4:1:0:0:3, 6+3:1:0:0:3, 7+1:0:0:0:1, 5+0:0:0:0:0, 8+2:0:0:0:1, 5+0:0:0:0:0, 6+0:0:0:0:0, 7+1:1:0:0:1, 6+1:0:0:0:1, 7+1:0:0:0:0, 7+1:0:0:0:1, 7+1:0:0:0:0, 7+2:0:0:0:1, 6+1:0:0:0:0, 8+3:2:0:0:2, 7+2:0:0:0:0, 6+3:0:0:0:2, 7+1:0:0:0:0, 6+3:0:0:0:3, 8+2:0:0:0:0, 6+4:0:0:0:2, 6+1:0:0:0:1, 5+0:0:0:0:0, 8+1:1:0:0:1, 6+1:0:0:0:0, 4+1:0:0:0:1, 3+1:0:0:0:0, 2+3:0:0:0:0, 3+5:0:0:0:0, 2+0:0:0:0:0, 4+3:0:0:0:2, 4+0:0:0:0:0, 4+0:0:0:0:0, 6+0:0:0:0:0, 6+1:0:0:0:1, 6+0:0:0:0:0, 5+4:1:0:0:0, 5+0:0:0:0:0, 7+2:1:0:0:1, 7+1:0:0:0:0, 9+2:0:0:0:1, 8+2:1:0:0:1, 7+1:0:0:0:1, 5+0:0:0:0:0, 6+2:0:0:0:1, 5+0:0:0:0:0, 5+0:0:0:0:0, 6+1:0:0:0:0, 7+1:0:0:0:1, 5+0:0:0:0:0, 6+1:0:0:0:1, 8+2:0:0:0:0, 7+2:0:0:0:1, 6+1:0:0:0:1, 6+0:0:0:0:0, 8+1:1:0:0:1, 8+2:0:0:0:1, 4+0:0:0:0:0, 4+2:0:0:0:0, 3+2:0:0:0:0, 4+3:0:0:0:1, 1+1:0:0:0:1, 5+2:0:0:0:2, 5+1:0:0:0:0, 4+0:0:0:0:0, 4+0:0:0:0:0, 7+1:0:0:0:1, 7+1:0:0:0:0, 10+3:0:0:0:1, 6+1:0:0:0:0, 8+4:3:0:0:3, 7+2:0:0:0:0, 6+1:0:0:0:1, 9+2:0:0:0:0, 7+1:0:0:0:1, 5+0:0:0:0:0, 5+2:0:0:0:1, 5+0:0:0:0:0, 7+1:0:0:0:0, 9+2:1:1:0:2, 7+2:0:0:0:1, 5+0:0:0:0:0, 6+1:0:0:0:1, 6+1:0:0:0:0, 5+3:0:0:0:2, 6+1:0:0:0:1, 6+0:0:0:0:0, 8+2:0:0:0:0, 8+1:0:0:0:0, 6+1:0:0:0:0, 4+2:0:0:0:0, 2+3:0:0:0:0, 4+3:0:0:0:0, 4+1:0:0:0:0, 6+5:0:0:0:0, 5+2:0:0:0:1, 5+0:0:0:0:0, 6+1:0:0:0:0, 6+1:0:0:0:1, 5+0:0:0:0:0, 6+2:0:0:0:1, 5+0:0:0:0:0, 5+0:0:0:0:0, 6+1:0:0:0:0, 7+3:0:0:0:2, 8+2:0:0:0:1, 4+1:1:0:0:1, 1+0:0:0:0:0, 1+0:0:0:0:0, 1+0:0:0:0:0, 1934+462:41:3:0:191
Eb minor mel (6b),  ,  ,  ,  ,  ,  ,  ,  ,  ,  ,  ,  ,  ,  ,  ,  ,  ,  ,  ,  ,  ,  ,  ,  ,  ,  ,  ,  ,  ,  ,  ,  ,  ,  ,  ,  ,  ,  ,  ,  ,  ,  ,  ,  ,  ,  ,  ,  ,  ,  ,  ,  ,  ,  ,  ,  ,  ,  ,  ,  ,  ,  ,  ,  ,  ,  ,  ,  ,  ,  ,  ,  ,  ,  ,  ,  ,  ,  ,  ,  ,  ,  ,  ,  ,  ,  ,  ,  ,  ,  ,  ,  ,  ,  ,  ,  ,  ,  ,  ,  ,  ,  ,  ,  ,  ,  ,  ,  ,  ,  ,  ,  ,  ,  ,  ,  ,  ,  ,  ,  ,  ,  ,  ,  ,  ,  ,  ,  ,  ,  ,  ,  ,  ,  ,  ,  ,  ,  ,  ,  ,  ,  ,  ,  ,  ,  ,  ,  ,  ,  ,  ,  ,  ,  ,  ,  ,  ,  ,  ,  ,  ,  ,  ,  ,  ,  ,  ,  ,  ,  ,  ,  ,  ,  ,  ,  ,  ,  ,  ,  ,  ,  ,  ,  ,  ,  ,  ,  ,  ,  ,  ,  ,  ,  ,  ,  ,  ,  ,  ,  ,  ,  ,  ,  ,  ,  ,  ,  ,  ,  ,  ,  ,  ,  ,  ,  ,  ,  ,  ,  ,  ,  ,  ,  ,  ,  ,  ,  ,  ,  ,  ,  ,  ,  ,  ,  ,  ,  ,  ,  ,  ,  ,  ,  ,  ,  ,  ,  ,  ,  ,  ,  ,  ,  ,  ,  ,  ,  ,  ,  ,  ,  ,  ,  ,  ,  ,  ,  ,  ,  ,  ,  ,  ,  ,  ,  ,  ,  ,  ,  ,  ,  ,  ,  ,  ,  ,  ,  ,  ,  ,  ,  ,  ,  ,  ,  ,  ,  ,  ,  ,  ,  ,  ,  ,  ,  ,  ,  ,  ,  ,  ,  ,  ,  ,  ,  ,  ,  ,  ,  ,  ,  ,  ,  ,  ,  ,  ,  ,  ,  ,  ,  ,  ,  ,  ,  ,  ,  ,  ,  ,  ,  ,  ,  ,  ,  ,  ,  ,  ,  ,  ,  ,  ,  ,  ,  , 0+0:0:0:0:0
D# minor mel (6#),  ,  ,  ,  ,  ,  ,  ,  ,  ,  ,  ,  ,  ,  ,  ,  ,  ,  ,  ,  ,  ,  ,  ,  ,  ,  ,  ,  ,  ,  ,  ,  ,  ,  ,  ,  ,  ,  ,  ,  ,  ,  ,  ,  ,  ,  ,  ,  ,  ,  ,  ,  ,  ,  ,  ,  ,  ,  ,  ,  ,  ,  ,  ,  ,  ,  ,  ,  ,  ,  ,  ,  ,  ,  ,  ,  ,  ,  ,  ,  ,  ,  ,  ,  ,  ,  ,  ,  ,  ,  ,  ,  ,  ,  ,  ,  ,  ,  ,  ,  ,  ,  ,  ,  ,  ,  ,  ,  ,  ,  ,  ,  ,  ,  ,  ,  ,  ,  ,  ,  ,  ,  ,  ,  ,  ,  ,  ,  ,  ,  ,  ,  ,  ,  ,  ,  ,  ,  ,  ,  ,  ,  ,  ,  ,  ,  ,  ,  ,  ,  ,  ,  ,  ,  ,  ,  ,  ,  ,  ,  ,  ,  ,  ,  ,  ,  ,  ,  ,  ,  ,  ,  ,  ,  ,  ,  ,  ,  ,  ,  ,  ,  ,  ,  ,  ,  ,  ,  ,  ,  ,  ,  ,  ,  ,  ,  ,  ,  ,  ,  ,  ,  ,  ,  ,  ,  ,  ,  ,  ,  ,  ,  ,  ,  ,  ,  ,  ,  ,  ,  ,  ,  ,  ,  ,  ,  ,  ,  ,  ,  ,  ,  ,  ,  ,  ,  ,  ,  ,  ,  ,  ,  ,  ,  ,  ,  ,  ,  ,  ,  ,  ,  ,  ,  ,  ,  ,  ,  ,  ,  ,  ,  ,  ,  ,  ,  ,  ,  ,  ,  ,  ,  ,  ,  ,  ,  ,  ,  ,  ,  ,  ,  ,  ,  ,  ,  ,  ,  ,  ,  ,  ,  ,  ,  ,  ,  ,  ,  ,  ,  ,  ,  ,  ,  ,  ,  ,  ,  ,  ,  ,  ,  ,  ,  ,  ,  ,  ,  ,  ,  ,  ,  ,  ,  ,  ,  ,  ,  ,  ,  ,  ,  ,  ,  ,  ,  ,  ,  ,  ,  ,  ,  ,  ,  ,  ,  ,  ,  ,  ,  ,  ,  ,  ,  ,  ,  , 0+0:0:0:0:0
Gb major blues (6b),  ,  ,  ,  ,  ,  ,  ,  ,  ,  ,  ,  ,  ,  ,  ,  ,  ,  ,  ,  ,  ,  ,  ,  ,  ,  ,  ,  ,  ,  ,  ,  ,  ,  ,  ,  ,  ,  ,  ,  ,  ,  ,  ,  ,  ,  ,  ,  ,  ,  ,  ,  ,  ,  ,  ,  ,  ,  ,  ,  ,  ,  ,  ,  ,  ,  ,  ,  ,  ,  ,  ,  ,  ,  ,  ,  ,  ,  ,  ,  ,  ,  ,  ,  ,  ,  ,  ,  ,  ,  ,  ,  ,  ,  ,  ,  ,  ,  ,  ,  ,  ,  ,  ,  ,  ,  ,  ,  ,  ,  ,  ,  ,  ,  ,  ,  ,  ,  ,  ,  ,  ,  ,  ,  ,  ,  ,  ,  ,  ,  ,  ,  ,  ,  ,  ,  ,  ,  ,  ,  ,  ,  ,  ,  ,  ,  ,  ,  ,  ,  ,  ,  ,  ,  ,  ,  ,  ,  ,  ,  ,  ,  ,  ,  ,  ,  ,  ,  ,  ,  ,  ,  ,  ,  ,  ,  ,  ,  ,  ,  ,  ,  ,  ,  ,  ,  ,  ,  ,  ,  ,  ,  ,  ,  ,  ,  ,  ,  ,  ,  ,  ,  ,  ,  ,  ,  ,  ,  ,  ,  ,  ,  ,  ,  ,  ,  ,  ,  ,  ,  ,  ,  ,  ,  ,  ,  ,  ,  ,  ,  ,  ,  ,  ,  ,  ,  ,  ,  ,  ,  ,  ,  ,  ,  ,  ,  ,  ,  ,  ,  ,  ,  ,  ,  ,  ,  ,  ,  ,  ,  ,  ,  ,  ,  ,  ,  ,  ,  ,  ,  ,  ,  ,  ,  ,  ,  ,  ,  ,  ,  ,  ,  ,  ,  ,  ,  ,  ,  ,  ,  ,  ,  ,  ,  ,  ,  ,  ,  ,  ,  ,  ,  ,  ,  ,  ,  ,  ,  ,  ,  ,  ,  ,  ,  ,  ,  ,  ,  ,  ,  ,  ,  ,  ,  ,  ,  ,  ,  ,  ,  ,  ,  ,  ,  ,  ,  ,  ,  ,  ,  ,  ,  ,  ,  ,  ,  ,  ,  ,  ,  ,  ,  ,  ,  ,  ,  , 0+0:0:0:0:0
F# major blues (6#),  ,  ,  ,  ,  ,  ,  ,  ,  ,  ,  ,  ,  ,  ,  ,  ,  ,  ,  ,  ,  ,  ,  ,  ,  ,  ,  ,  ,  ,  ,  ,  ,  ,  ,  ,  ,  ,  ,  ,  ,  ,  ,  ,  ,  ,  ,  ,  ,  ,  ,  ,  ,  ,  ,  ,  ,  ,  ,  ,  ,  ,  ,  ,  ,  ,  ,  ,  ,  ,  ,  ,  ,  ,  ,  ,  ,  ,  ,  ,  ,  ,  ,  ,  ,  ,  ,  ,  ,  ,  ,  ,  ,  ,  ,  ,  ,  ,  ,  ,  ,  ,  ,  ,  ,  ,  ,  ,  ,  ,  ,  ,  ,  ,  ,  ,  ,  ,  ,  ,  ,  ,  ,  ,  ,  ,  ,  ,  ,  ,  ,  ,  ,  ,  ,  ,  ,  ,  ,  ,  ,  ,  ,  ,  ,  ,  ,  ,  ,  ,  ,  ,  ,  ,  ,  ,  ,  ,  ,  ,  ,  ,  ,  ,  ,  ,  ,  ,  ,  ,  ,  ,  ,  ,  ,  ,  ,  ,  ,  ,  ,  ,  ,  ,  ,  ,  ,  ,  ,  ,  ,  ,  ,  ,  ,  ,  ,  ,  ,  ,  ,  ,  ,  ,  ,  ,  ,  ,  ,  ,  ,  ,  ,  ,  ,  ,  ,  ,  ,  ,  ,  ,  ,  ,  ,  ,  ,  ,  ,  ,  ,  ,  ,  ,  ,  ,  ,  ,  ,  ,  ,  ,  ,  ,  ,  ,  ,  ,  ,  ,  ,  ,  ,  ,  ,  ,  ,  ,  ,  ,  ,  ,  ,  ,  ,  ,  ,  ,  ,  ,  ,  ,  ,  ,  ,  ,  ,  ,  ,  ,  ,  ,  ,  ,  ,  ,  ,  ,  ,  ,  ,  ,  ,  ,  ,  ,  ,  ,  ,  ,  ,  ,  ,  ,  ,  ,  ,  ,  ,  ,  ,  ,  ,  ,  ,  ,  ,  ,  ,  ,  ,  ,  ,  ,  ,  ,  ,  ,  ,  ,  ,  ,  ,  ,  ,  ,  ,  ,  ,  ,  ,  ,  ,  ,  ,  ,  ,  ,  ,  ,  ,  ,  ,  ,  ,  ,  , 0+0:0:0:0:0
Eb minor blues (6b),  ,  ,  ,  ,  ,  ,  ,  ,  ,  ,  ,  ,  ,  ,  ,  ,  ,  ,  ,  ,  ,  ,  ,  ,  ,  ,  ,  ,  ,  ,  ,  ,  ,  ,  ,  ,  ,  ,  ,  ,  ,  ,  ,  ,  ,  ,  ,  ,  ,  ,  ,  ,  ,  ,  ,  ,  ,  ,  ,  ,  ,  ,  ,  ,  ,  ,  ,  ,  ,  ,  ,  ,  ,  ,  ,  ,  ,  ,  ,  ,  ,  ,  ,  ,  ,  ,  ,  ,  ,  ,  ,  ,  ,  ,  ,  ,  ,  ,  ,  ,  ,  ,  ,  ,  ,  ,  ,  ,  ,  ,  ,  ,  ,  ,  ,  ,  ,  ,  ,  ,  ,  ,  ,  ,  ,  ,  ,  ,  ,  ,  ,  ,  ,  ,  ,  ,  ,  ,  ,  ,  ,  ,  ,  ,  ,  ,  ,  ,  ,  ,  ,  ,  ,  ,  ,  ,  ,  ,  ,  ,  ,  ,  ,  ,  ,  ,  ,  ,  ,  ,  ,  ,  ,  ,  ,  ,  ,  ,  ,  ,  ,  ,  ,  ,  ,  ,  ,  ,  ,  ,  ,  ,  ,  ,  ,  ,  ,  ,  ,  ,  ,  ,  ,  ,  ,  ,  ,  ,  ,  ,  ,  ,  ,  ,  ,  ,  ,  ,  ,  ,  ,  ,  ,  ,  ,  ,  ,  ,  ,  ,  ,  ,  ,  ,  ,  ,  ,  ,  ,  ,  ,  ,  ,  ,  ,  ,  ,  ,  ,  ,  ,  ,  ,  ,  ,  ,  ,  ,  ,  ,  ,  ,  ,  ,  ,  ,  ,  ,  ,  ,  ,  ,  ,  ,  ,  ,  ,  ,  ,  ,  ,  ,  ,  ,  ,  ,  ,  ,  ,  ,  ,  ,  ,  ,  ,  ,  ,  ,  ,  ,  ,  ,  ,  ,  ,  ,  ,  ,  ,  ,  ,  ,  ,  ,  ,  ,  ,  ,  ,  ,  ,  ,  ,  ,  ,  ,  ,  ,  ,  ,  ,  ,  ,  ,  ,  ,  ,  ,  ,  ,  ,  ,  ,  ,  ,  ,  ,  ,  ,  ,  ,  ,  ,  ,  ,  , 0+0:0:0:0:0
D# minor blues (6#),  ,  ,  ,  ,  ,  ,  ,  ,  ,  ,  ,  ,  ,  ,  ,  ,  ,  ,  ,  ,  ,  ,  ,  ,  ,  ,  ,  ,  ,  ,  ,  ,  ,  ,  ,  ,  ,  ,  ,  ,  ,  ,  ,  ,  ,  ,  ,  ,  ,  ,  ,  ,  ,  ,  ,  ,  ,  ,  ,  ,  ,  ,  ,  ,  ,  ,  ,  ,  ,  ,  ,  ,  ,  ,  ,  ,  ,  ,  ,  ,  ,  ,  ,  ,  ,  ,  ,  ,  ,  ,  ,  ,  ,  ,  ,  ,  ,  ,  ,  ,  ,  ,  ,  ,  ,  ,  ,  ,  ,  ,  ,  ,  ,  ,  ,  ,  ,  ,  ,  ,  ,  ,  ,  ,  ,  ,  ,  ,  ,  ,  ,  ,  ,  ,  ,  ,  ,  ,  ,  ,  ,  ,  ,  ,  ,  ,  ,  ,  ,  ,  ,  ,  ,  ,  ,  ,  ,  ,  ,  ,  ,  ,  ,  ,  ,  ,  ,  ,  ,  ,  ,  ,  ,  ,  ,  ,  ,  ,  ,  ,  ,  ,  ,  ,  ,  ,  ,  ,  ,  ,  ,  ,  ,  ,  ,  ,  ,  ,  ,  ,  ,  ,  ,  ,  ,  ,  ,  ,  ,  ,  ,  ,  ,  ,  ,  ,  ,  ,  ,  ,  ,  ,  ,  ,  ,  ,  ,  ,  ,  ,  ,  ,  ,  ,  ,  ,  ,  ,  ,  ,  ,  ,  ,  ,  ,  ,  ,  ,  ,  ,  ,  ,  ,  ,  ,  ,  ,  ,  ,  ,  ,  ,  ,  ,  ,  ,  ,  ,  ,  ,  ,  ,  ,  ,  ,  ,  ,  ,  ,  ,  ,  ,  ,  ,  ,  ,  ,  ,  ,  ,  ,  ,  ,  ,  ,  ,  ,  ,  ,  ,  ,  ,  ,  ,  ,  ,  ,  ,  ,  ,  ,  ,  ,  ,  ,  ,  ,  ,  ,  ,  ,  ,  ,  ,  ,  ,  ,  ,  ,  ,  ,  ,  ,  ,  ,  ,  ,  ,  ,  ,  ,  ,  ,  ,  ,  ,  ,  ,  ,  ,  ,  ,  ,  ,  ,  , 0+0:0:0:0:0
Gb dorian (6b),  ,  ,  ,  ,  ,  ,  ,  ,  ,  ,  ,  ,  ,  ,  ,  ,  ,  ,  ,  ,  ,  ,  ,  ,  ,  ,  ,  ,  ,  ,  ,  ,  ,  ,  ,  ,  ,  ,  ,  ,  ,  ,  ,  ,  ,  ,  ,  ,  ,  ,  ,  ,  ,  ,  ,  ,  ,  ,  ,  ,  ,  ,  ,  ,  ,  ,  ,  ,  ,  ,  ,  ,  ,  ,  ,  ,  ,  ,  ,  ,  ,  ,  ,  ,  ,  ,  ,  ,  ,  ,  ,  ,  ,  ,  ,  ,  ,  ,  ,  ,  ,  ,  ,  ,  ,  ,  ,  ,  ,  ,  ,  ,  ,  ,  ,  ,  ,  ,  ,  ,  ,  ,  ,  ,  ,  ,  ,  ,  ,  ,  ,  ,  ,  ,  ,  ,  ,  ,  ,  ,  ,  ,  ,  ,  ,  ,  ,  ,  ,  ,  ,  ,  ,  ,  ,  ,  ,  ,  ,  ,  ,  ,  ,  ,  ,  ,  ,  ,  ,  ,  ,  ,  ,  ,  ,  ,  ,  ,  ,  ,  ,  ,  ,  ,  ,  ,  ,  ,  ,  ,  ,  ,  ,  ,  ,  ,  ,  ,  ,  ,  ,  ,  ,  ,  ,  ,  ,  ,  ,  ,  ,  ,  ,  ,  ,  ,  ,  ,  ,  ,  ,  ,  ,  ,  ,  ,  ,  ,  ,  ,  ,  ,  ,  ,  ,  ,  ,  ,  ,  ,  ,  ,  ,  ,  ,  ,  ,  ,  ,  ,  ,  ,  ,  ,  ,  ,  ,  ,  ,  ,  ,  ,  ,  ,  ,  ,  ,  ,  ,  ,  ,  ,  ,  ,  ,  ,  ,  ,  ,  ,  ,  ,  ,  ,  ,  ,  ,  ,  ,  ,  ,  ,  ,  ,  ,  ,  ,  ,  ,  ,  ,  ,  ,  ,  ,  ,  ,  ,  ,  ,  ,  ,  ,  ,  ,  ,  ,  ,  ,  ,  ,  ,  ,  ,  ,  ,  ,  ,  ,  ,  ,  ,  ,  ,  ,  ,  ,  ,  ,  ,  ,  ,  ,  ,  ,  ,  ,  ,  ,  ,  ,  ,  ,  ,  ,  , 0+0:0:0:0:0
F# dorian (6#),  ,  ,  ,  ,  ,  ,  ,  ,  ,  ,  ,  ,  ,  ,  ,  ,  ,  ,  ,  ,  ,  ,  ,  ,  ,  ,  ,  ,  ,  ,  ,  ,  ,  ,  ,  ,  ,  ,  ,  ,  ,  ,  ,  ,  ,  ,  ,  ,  ,  ,  ,  ,  ,  ,  ,  ,  ,  ,  ,  ,  ,  ,  ,  ,  ,  ,  ,  ,  ,  ,  ,  ,  ,  ,  ,  ,  ,  ,  ,  ,  ,  ,  ,  ,  ,  ,  ,  ,  ,  ,  ,  ,  ,  ,  ,  ,  ,  ,  ,  ,  ,  ,  ,  ,  ,  ,  ,  ,  ,  ,  ,  ,  ,  ,  ,  ,  ,  ,  ,  ,  ,  ,  ,  ,  ,  ,  ,  ,  ,  ,  ,  ,  ,  ,  ,  ,  ,  ,  ,  ,  ,  ,  ,  ,  ,  ,  ,  ,  ,  ,  ,  ,  ,  ,  ,  ,  ,  ,  ,  ,  ,  ,  ,  ,  ,  ,  ,  ,  ,  ,  ,  ,  ,  ,  ,  ,  ,  ,  ,  ,  ,  ,  ,  ,  ,  ,  ,  ,  ,  ,  ,  ,  ,  ,  ,  ,  ,  ,  ,  ,  ,  ,  ,  ,  ,  ,  ,  ,  ,  ,  ,  ,  ,  ,  ,  ,  ,  ,  ,  ,  ,  ,  ,  ,  ,  ,  ,  ,  ,  ,  ,  ,  ,  ,  ,  ,  ,  ,  ,  ,  ,  ,  ,  ,  ,  ,  ,  ,  ,  ,  ,  ,  ,  ,  ,  ,  ,  ,  ,  ,  ,  ,  ,  ,  ,  ,  ,  ,  ,  ,  ,  ,  ,  ,  ,  ,  ,  ,  ,  ,  ,  ,  ,  ,  ,  ,  ,  ,  ,  ,  ,  ,  ,  ,  ,  ,  ,  ,  ,  ,  ,  ,  ,  ,  ,  ,  ,  ,  ,  ,  ,  ,  ,  ,  ,  ,  ,  ,  ,  ,  ,  ,  ,  ,  ,  ,  ,  ,  ,  ,  ,  ,  ,  ,  ,  ,  ,  ,  ,  ,  ,  ,  ,  ,  ,  ,  ,  ,  ,  ,  ,  ,  ,  ,  ,  , 0+0:0:0:0:0
Gb phrygian (6b),  ,  ,  ,  ,  ,  ,  ,  ,  ,  ,  ,  ,  ,  ,  ,  ,  ,  ,  ,  ,  ,  ,  ,  ,  ,  ,  ,  ,  ,  ,  ,  ,  ,  ,  ,  ,  ,  ,  ,  ,  ,  ,  ,  ,  ,  ,  ,  ,  ,  ,  ,  ,  ,  ,  ,  ,  ,  ,  ,  ,  ,  ,  ,  ,  ,  ,  ,  ,  ,  ,  ,  ,  ,  ,  ,  ,  ,  ,  ,  ,  ,  ,  ,  ,  ,  ,  ,  ,  ,  ,  ,  ,  ,  ,  ,  ,  ,  ,  ,  ,  ,  ,  ,  ,  ,  ,  ,  ,  ,  ,  ,  ,  ,  ,  ,  ,  ,  ,  ,  ,  ,  ,  ,  ,  ,  ,  ,  ,  ,  ,  ,  ,  ,  ,  ,  ,  ,  ,  ,  ,  ,  ,  ,  ,  ,  ,  ,  ,  ,  ,  ,  ,  ,  ,  ,  ,  ,  ,  ,  ,  ,  ,  ,  ,  ,  ,  ,  ,  ,  ,  ,  ,  ,  ,  ,  ,  ,  ,  ,  ,  ,  ,  ,  ,  ,  ,  ,  ,  ,  ,  ,  ,  ,  ,  ,  ,  ,  ,  ,  ,  ,  ,  ,  ,  ,  ,  ,  ,  ,  ,  ,  ,  ,  ,  ,  ,  ,  ,  ,  ,  ,  ,  ,  ,  ,  ,  ,  ,  ,  ,  ,  ,  ,  ,  ,  ,  ,  ,  ,  ,  ,  ,  ,  ,  ,  ,  ,  ,  ,  ,  ,  ,  ,  ,  ,  ,  ,  ,  ,  ,  ,  ,  ,  ,  ,  ,  ,  ,  ,  ,  ,  ,  ,  ,  ,  ,  ,  ,  ,  ,  ,  ,  ,  ,  ,  ,  ,  ,  ,  ,  ,  ,  ,  ,  ,  ,  ,  ,  ,  ,  ,  ,  ,  ,  ,  ,  ,  ,  ,  ,  ,  ,  ,  ,  ,  ,  ,  ,  ,  ,  ,  ,  ,  ,  ,  ,  ,  ,  ,  ,  ,  ,  ,  ,  ,  ,  ,  ,  ,  ,  ,  ,  ,  ,  ,  ,  ,  ,  ,  ,  ,  ,  ,  ,  ,  , 0+0:0:0:0:0
F# phrygian (6#),  ,  ,  ,  ,  ,  ,  ,  ,  ,  ,  ,  ,  ,  ,  ,  ,  ,  ,  ,  ,  ,  ,  ,  ,  ,  ,  ,  ,  ,  ,  ,  ,  ,  ,  ,  ,  ,  ,  ,  ,  ,  ,  ,  ,  ,  ,  ,  ,  ,  ,  ,  ,  ,  ,  ,  ,  ,  ,  ,  ,  ,  ,  ,  ,  ,  ,  ,  ,  ,  ,  ,  ,  ,  ,  ,  ,  ,  ,  ,  ,  ,  ,  ,  ,  ,  ,  ,  ,  ,  ,  ,  ,  ,  ,  ,  ,  ,  ,  ,  ,  ,  ,  ,  ,  ,  ,  ,  ,  ,  ,  ,  ,  ,  ,  ,  ,  ,  ,  ,  ,  ,  ,  ,  ,  ,  ,  ,  ,  ,  ,  ,  ,  ,  ,  ,  ,  ,  ,  ,  ,  ,  ,  ,  ,  ,  ,  ,  ,  ,  ,  ,  ,  ,  ,  ,  ,  ,  ,  ,  ,  ,  ,  ,  ,  ,  ,  ,  ,  ,  ,  ,  ,  ,  ,  ,  ,  ,  ,  ,  ,  ,  ,  ,  ,  ,  ,  ,  ,  ,  ,  ,  ,  ,  ,  ,  ,  ,  ,  ,  ,  ,  ,  ,  ,  ,  ,  ,  ,  ,  ,  ,  ,  ,  ,  ,  ,  ,  ,  ,  ,  ,  ,  ,  ,  ,  ,  ,  ,  ,  ,  ,  ,  ,  ,  ,  ,  ,  ,  ,  ,  ,  ,  ,  ,  ,  ,  ,  ,  ,  ,  ,  ,  ,  ,  ,  ,  ,  ,  ,  ,  ,  ,  ,  ,  ,  ,  ,  ,  ,  ,  ,  ,  ,  ,  ,  ,  ,  ,  ,  ,  ,  ,  ,  ,  ,  ,  ,  ,  ,  ,  ,  ,  ,  ,  ,  ,  ,  ,  ,  ,  ,  ,  ,  ,  ,  ,  ,  ,  ,  ,  ,  ,  ,  ,  ,  ,  ,  ,  ,  ,  ,  ,  ,  ,  ,  ,  ,  ,  ,  ,  ,  ,  ,  ,  ,  ,  ,  ,  ,  ,  ,  ,  ,  ,  ,  ,  ,  ,  ,  ,  ,  ,  ,  ,  ,  , 0+0:0:0:0:0
Gb lydian (6b),  ,  ,  ,  ,  ,  ,  ,  ,  ,  ,  ,  ,  ,  ,  ,  ,  ,  ,  ,  ,  ,  ,  ,  ,  ,  ,  ,  ,  ,  ,  ,  ,  ,  ,  ,  ,  ,  ,  ,  ,  ,  ,  ,  ,  ,  ,  ,  ,  ,  ,  ,  ,  ,  ,  ,  ,  ,  ,  ,  ,  ,  ,  ,  ,  ,  ,  ,  ,  ,  ,  ,  ,  ,  ,  ,  ,  ,  ,  ,  ,  ,  ,  ,  ,  ,  ,  ,  ,  ,  ,  ,  ,  ,  ,  ,  ,  ,  ,  ,  ,  ,  ,  ,  ,  ,  ,  ,  ,  ,  ,  ,  ,  ,  ,  ,  ,  ,  ,  ,  ,  ,  ,  ,  ,  ,  ,  ,  ,  ,  ,  ,  ,  ,  ,  ,  ,  ,  ,  ,  ,  ,  ,  ,  ,  ,  ,  ,  ,  ,  ,  ,  ,  ,  ,  ,  ,  ,  ,  ,  ,  ,  ,  ,  ,  ,  ,  ,  ,  ,  ,  ,  ,  ,  ,  ,  ,  ,  ,  ,  ,  ,  ,  ,  ,  ,  ,  ,  ,  ,  ,  ,  ,  ,  ,  ,  ,  ,  ,  ,  ,  ,  ,  ,  ,  ,  ,  ,  ,  ,  ,  ,  ,  ,  ,  ,  ,  ,  ,  ,  ,  ,  ,  ,  ,  ,  ,  ,  ,  ,  ,  ,  ,  ,  ,  ,  ,  ,  ,  ,  ,  ,  ,  ,  ,  ,  ,  ,  ,  ,  ,  ,  ,  ,  ,  ,  ,  ,  ,  ,  ,  ,  ,  ,  ,  ,  ,  ,  ,  ,  ,  ,  ,  ,  ,  ,  ,  ,  ,  ,  ,  ,  ,  ,  ,  ,  ,  ,  ,  ,  ,  ,  ,  ,  ,  ,  ,  ,  ,  ,  ,  ,  ,  ,  ,  ,  ,  ,  ,  ,  ,  ,  ,  ,  ,  ,  ,  ,  ,  ,  ,  ,  ,  ,  ,  ,  ,  ,  ,  ,  ,  ,  ,  ,  ,  ,  ,  ,  ,  ,  ,  ,  ,  ,  ,  ,  ,  ,  ,  ,  ,  ,  ,  ,  ,  ,  , 0+0:0:0:0:0
F# lydian (6#),  ,  ,  ,  ,  ,  ,  ,  ,  ,  ,  ,  ,  ,  ,  ,  ,  ,  ,  ,  ,  ,  ,  ,  ,  ,  ,  ,  ,  ,  ,  ,  ,  ,  ,  ,  ,  ,  ,  ,  ,  ,  ,  ,  ,  ,  ,  ,  ,  ,  ,  ,  ,  ,  ,  ,  ,  ,  ,  ,  ,  ,  ,  ,  ,  ,  ,  ,  ,  ,  ,  ,  ,  ,  ,  ,  ,  ,  ,  ,  ,  ,  ,  ,  ,  ,  ,  ,  ,  ,  ,  ,  ,  ,  ,  ,  ,  ,  ,  ,  ,  ,  ,  ,  ,  ,  ,  ,  ,  ,  ,  ,  ,  ,  ,  ,  ,  ,  ,  ,  ,  ,  ,  ,  ,  ,  ,  ,  ,  ,  ,  ,  ,  ,  ,  ,  ,  ,  ,  ,  ,  ,  ,  ,  ,  ,  ,  ,  ,  ,  ,  ,  ,  ,  ,  ,  ,  ,  ,  ,  ,  ,  ,  ,  ,  ,  ,  ,  ,  ,  ,  ,  ,  ,  ,  ,  ,  ,  ,  ,  ,  ,  ,  ,  ,  ,  ,  ,  ,  ,  ,  ,  ,  ,  ,  ,  ,  ,  ,  ,  ,  ,  ,  ,  ,  ,  ,  ,  ,  ,  ,  ,  ,  ,  ,  ,  ,  ,  ,  ,  ,  ,  ,  ,  ,  ,  ,  ,  ,  ,  ,  ,  ,  ,  ,  ,  ,  ,  ,  ,  ,  ,  ,  ,  ,  ,  ,  ,  ,  ,  ,  ,  ,  ,  ,  ,  ,  ,  ,  ,  ,  ,  ,  ,  ,  ,  ,  ,  ,  ,  ,  ,  ,  ,  ,  ,  ,  ,  ,  ,  ,  ,  ,  ,  ,  ,  ,  ,  ,  ,  ,  ,  ,  ,  ,  ,  ,  ,  ,  ,  ,  ,  ,  ,  ,  ,  ,  ,  ,  ,  ,  ,  ,  ,  ,  ,  ,  ,  ,  ,  ,  ,  ,  ,  ,  ,  ,  ,  ,  ,  ,  ,  ,  ,  ,  ,  ,  ,  ,  ,  ,  ,  ,  ,  ,  ,  ,  ,  ,  ,  ,  ,  ,  ,  ,  ,  , 0+0:0:0:0:0
Gb mixolydian (6b),  ,  ,  ,  ,  ,  ,  ,  ,  ,  ,  ,  ,  ,  ,  ,  ,  ,  ,  ,  ,  ,  ,  ,  ,  ,  ,  ,  ,  ,  ,  ,  ,  ,  ,  ,  ,  ,  ,  ,  ,  ,  ,  ,  ,  ,  ,  ,  ,  ,  ,  ,  ,  ,  ,  ,  ,  ,  ,  ,  ,  ,  ,  ,  ,  ,  ,  ,  ,  ,  ,  ,  ,  ,  ,  ,  ,  ,  ,  ,  ,  ,  ,  ,  ,  ,  ,  ,  ,  ,  ,  ,  ,  ,  ,  ,  ,  ,  ,  ,  ,  ,  ,  ,  ,  ,  ,  ,  ,  ,  ,  ,  ,  ,  ,  ,  ,  ,  ,  ,  ,  ,  ,  ,  ,  ,  ,  ,  ,  ,  ,  ,  ,  ,  ,  ,  ,  ,  ,  ,  ,  ,  ,  ,  ,  ,  ,  ,  ,  ,  ,  ,  ,  ,  ,  ,  ,  ,  ,  ,  ,  ,  ,  ,  ,  ,  ,  ,  ,  ,  ,  ,  ,  ,  ,  ,  ,  ,  ,  ,  ,  ,  ,  ,  ,  ,  ,  ,  ,  ,  ,  ,  ,  ,  ,  ,  ,  ,  ,  ,  ,  ,  ,  ,  ,  ,  ,  ,  ,  ,  ,  ,  ,  ,  ,  ,  ,  ,  ,  ,  ,  ,  ,  ,  ,  ,  ,  ,  ,  ,  ,  ,  ,  ,  ,  ,  ,  ,  ,  ,  ,  ,  ,  ,  ,  ,  ,  ,  ,  ,  ,  ,  ,  ,  ,  ,  ,  ,  ,  ,  ,  ,  ,  ,  ,  ,  ,  ,  ,  ,  ,  ,  ,  ,  ,  ,  ,  ,  ,  ,  ,  ,  ,  ,  ,  ,  ,  ,  ,  ,  ,  ,  ,  ,  ,  ,  ,  ,  ,  ,  ,  ,  ,  ,  ,  ,  ,  ,  ,  ,  ,  ,  ,  ,  ,  ,  ,  ,  ,  ,  ,  ,  ,  ,  ,  ,  ,  ,  ,  ,  ,  ,  ,  ,  ,  ,  ,  ,  ,  ,  ,  ,  ,  ,  ,  ,  ,  ,  ,  ,  ,  ,  ,  ,  ,  ,  , 0+0:0:0:0:0
F# mixolydian (6#),  ,  ,  ,  ,  ,  ,  ,  ,  ,  ,  ,  ,  ,  ,  ,  ,  ,  ,  ,  ,  ,  ,  ,  ,  ,  ,  ,  ,  ,  ,  ,  ,  ,  ,  ,  ,  ,  ,  ,  ,  ,  ,  ,  ,  ,  ,  ,  ,  ,  ,  ,  ,  ,  ,  ,  ,  ,  ,  ,  ,  ,  ,  ,  ,  ,  ,  ,  ,  ,  ,  ,  ,  ,  ,  ,  ,  ,  ,  ,  ,  ,  ,  ,  ,  ,  ,  ,  ,  ,  ,  ,  ,  ,  ,  ,  ,  ,  ,  ,  ,  ,  ,  ,  ,  ,  ,  ,  ,  ,  ,  ,  ,  ,  ,  ,  ,  ,  ,  ,  ,  ,  ,  ,  ,  ,  ,  ,  ,  ,  ,  ,  ,  ,  ,  ,  ,  ,  ,  ,  ,  ,  ,  ,  ,  ,  ,  ,  ,  ,  ,  ,  ,  ,  ,  ,  ,  ,  ,  ,  ,  ,  ,  ,  ,  ,  ,  ,  ,  ,  ,  ,  ,  ,  ,  ,  ,  ,  ,  ,  ,  ,  ,  ,  ,  ,  ,  ,  ,  ,  ,  ,  ,  ,  ,  ,  ,  ,  ,  ,  ,  ,  ,  ,  ,  ,  ,  ,  ,  ,  ,  ,  ,  ,  ,  ,  ,  ,  ,  ,  ,  ,  ,  ,  ,  ,  ,  ,  ,  ,  ,  ,  ,  ,  ,  ,  ,  ,  ,  ,  ,  ,  ,  ,  ,  ,  ,  ,  ,  ,  ,  ,  ,  ,  ,  ,  ,  ,  ,  ,  ,  ,  ,  ,  ,  ,  ,  ,  ,  ,  ,  ,  ,  ,  ,  ,  ,  ,  ,  ,  ,  ,  ,  ,  ,  ,  ,  ,  ,  ,  ,  ,  ,  ,  ,  ,  ,  ,  ,  ,  ,  ,  ,  ,  ,  ,  ,  ,  ,  ,  ,  ,  ,  ,  ,  ,  ,  ,  ,  ,  ,  ,  ,  ,  ,  ,  ,  ,  ,  ,  ,  ,  ,  ,  ,  ,  ,  ,  ,  ,  ,  ,  ,  ,  ,  ,  ,  ,  ,  ,  ,  ,  ,  ,  ,  ,  , 0+0:0:0:0:0
Gb aeolian (6b),  ,  ,  ,  ,  ,  ,  ,  ,  ,  ,  ,  ,  ,  ,  ,  ,  ,  ,  ,  ,  ,  ,  ,  ,  ,  ,  ,  ,  ,  ,  ,  ,  ,  ,  ,  ,  ,  ,  ,  ,  ,  ,  ,  ,  ,  ,  ,  ,  ,  ,  ,  ,  ,  ,  ,  ,  ,  ,  ,  ,  ,  ,  ,  ,  ,  ,  ,  ,  ,  ,  ,  ,  ,  ,  ,  ,  ,  ,  ,  ,  ,  ,  ,  ,  ,  ,  ,  ,  ,  ,  ,  ,  ,  ,  ,  ,  ,  ,  ,  ,  ,  ,  ,  ,  ,  ,  ,  ,  ,  ,  ,  ,  ,  ,  ,  ,  ,  ,  ,  ,  ,  ,  ,  ,  ,  ,  ,  ,  ,  ,  ,  ,  ,  ,  ,  ,  ,  ,  ,  ,  ,  ,  ,  ,  ,  ,  ,  ,  ,  ,  ,  ,  ,  ,  ,  ,  ,  ,  ,  ,  ,  ,  ,  ,  ,  ,  ,  ,  ,  ,  ,  ,  ,  ,  ,  ,  ,  ,  ,  ,  ,  ,  ,  ,  ,  ,  ,  ,  ,  ,  ,  ,  ,  ,  ,  ,  ,  ,  ,  ,  ,  ,  ,  ,  ,  ,  ,  ,  ,  ,  ,  ,  ,  ,  ,  ,  ,  ,  ,  ,  ,  ,  ,  ,  ,  ,  ,  ,  ,  ,  ,  ,  ,  ,  ,  ,  ,  ,  ,  ,  ,  ,  ,  ,  ,  ,  ,  ,  ,  ,  ,  ,  ,  ,  ,  ,  ,  ,  ,  ,  ,  ,  ,  ,  ,  ,  ,  ,  ,  ,  ,  ,  ,  ,  ,  ,  ,  ,  ,  ,  ,  ,  ,  ,  ,  ,  ,  ,  ,  ,  ,  ,  ,  ,  ,  ,  ,  ,  ,  ,  ,  ,  ,  ,  ,  ,  ,  ,  ,  ,  ,  ,  ,  ,  ,  ,  ,  ,  ,  ,  ,  ,  ,  ,  ,  ,  ,  ,  ,  ,  ,  ,  ,  ,  ,  ,  ,  ,  ,  ,  ,  ,  ,  ,  ,  ,  ,  ,  ,  ,  ,  ,  ,  ,  ,  , 0+0:0:0:0:0
F# aeolian (6#),  ,  ,  ,  ,  ,  ,  ,  ,  ,  ,  ,  ,  ,  ,  ,  ,  ,  ,  ,  ,  ,  ,  ,  ,  ,  ,  ,  ,  ,  ,  ,  ,  ,  ,  ,  ,  ,  ,  ,  ,  ,  ,  ,  ,  ,  ,  ,  ,  ,  ,  ,  ,  ,  ,  ,  ,  ,  ,  ,  ,  ,  ,  ,  ,  ,  ,  ,  ,  ,  ,  ,  ,  ,  ,  ,  ,  ,  ,  ,  ,  ,  ,  ,  ,  ,  ,  ,  ,  ,  ,  ,  ,  ,  ,  ,  ,  ,  ,  ,  ,  ,  ,  ,  ,  ,  ,  ,  ,  ,  ,  ,  ,  ,  ,  ,  ,  ,  ,  ,  ,  ,  ,  ,  ,  ,  ,  ,  ,  ,  ,  ,  ,  ,  ,  ,  ,  ,  ,  ,  ,  ,  ,  ,  ,  ,  ,  ,  ,  ,  ,  ,  ,  ,  ,  ,  ,  ,  ,  ,  ,  ,  ,  ,  ,  ,  ,  ,  ,  ,  ,  ,  ,  ,  ,  ,  ,  ,  ,  ,  ,  ,  ,  ,  ,  ,  ,  ,  ,  ,  ,  ,  ,  ,  ,  ,  ,  ,  ,  ,  ,  ,  ,  ,  ,  ,  ,  ,  ,  ,  ,  ,  ,  ,  ,  ,  ,  ,  ,  ,  ,  ,  ,  ,  ,  ,  ,  ,  ,  ,  ,  ,  ,  ,  ,  ,  ,  ,  ,  ,  ,  ,  ,  ,  ,  ,  ,  ,  ,  ,  ,  ,  ,  ,  ,  ,  ,  ,  ,  ,  ,  ,  ,  ,  ,  ,  ,  ,  ,  ,  ,  ,  ,  ,  ,  ,  ,  ,  ,  ,  ,  ,  ,  ,  ,  ,  ,  ,  ,  ,  ,  ,  ,  ,  ,  ,  ,  ,  ,  ,  ,  ,  ,  ,  ,  ,  ,  ,  ,  ,  ,  ,  ,  ,  ,  ,  ,  ,  ,  ,  ,  ,  ,  ,  ,  ,  ,  ,  ,  ,  ,  ,  ,  ,  ,  ,  ,  ,  ,  ,  ,  ,  ,  ,  ,  ,  ,  ,  ,  ,  ,  ,  ,  ,  ,  ,  , 0+0:0:0:0:0
Gb locrian (6b),  ,  ,  ,  ,  ,  ,  ,  ,  ,  ,  ,  ,  ,  ,  ,  ,  ,  ,  ,  ,  ,  ,  ,  ,  ,  ,  ,  ,  ,  ,  ,  ,  ,  ,  ,  ,  ,  ,  ,  ,  ,  ,  ,  ,  ,  ,  ,  ,  ,  ,  ,  ,  ,  ,  ,  ,  ,  ,  ,  ,  ,  ,  ,  ,  ,  ,  ,  ,  ,  ,  ,  ,  ,  ,  ,  ,  ,  ,  ,  ,  ,  ,  ,  ,  ,  ,  ,  ,  ,  ,  ,  ,  ,  ,  ,  ,  ,  ,  ,  ,  ,  ,  ,  ,  ,  ,  ,  ,  ,  ,  ,  ,  ,  ,  ,  ,  ,  ,  ,  ,  ,  ,  ,  ,  ,  ,  ,  ,  ,  ,  ,  ,  ,  ,  ,  ,  ,  ,  ,  ,  ,  ,  ,  ,  ,  ,  ,  ,  ,  ,  ,  ,  ,  ,  ,  ,  ,  ,  ,  ,  ,  ,  ,  ,  ,  ,  ,  ,  ,  ,  ,  ,  ,  ,  ,  ,  ,  ,  ,  ,  ,  ,  ,  ,  ,  ,  ,  ,  ,  ,  ,  ,  ,  ,  ,  ,  ,  ,  ,  ,  ,  ,  ,  ,  ,  ,  ,  ,  ,  ,  ,  ,  ,  ,  ,  ,  ,  ,  ,  ,  ,  ,  ,  ,  ,  ,  ,  ,  ,  ,  ,  ,  ,  ,  ,  ,  ,  ,  ,  ,  ,  ,  ,  ,  ,  ,  ,  ,  ,  ,  ,  ,  ,  ,  ,  ,  ,  ,  ,  ,  ,  ,  ,  ,  ,  ,  ,  ,  ,  ,  ,  ,  ,  ,  ,  ,  ,  ,  ,  ,  ,  ,  ,  ,  ,  ,  ,  ,  ,  ,  ,  ,  ,  ,  ,  ,  ,  ,  ,  ,  ,  ,  ,  ,  ,  ,  ,  ,  ,  ,  ,  ,  ,  ,  ,  ,  ,  ,  ,  ,  ,  ,  ,  ,  ,  ,  ,  ,  ,  ,  ,  ,  ,  ,  ,  ,  ,  ,  ,  ,  ,  ,  ,  ,  ,  ,  ,  ,  ,  ,  ,  ,  ,  ,  ,  , 0+0:0:0:0:0
F# locrian (6#),  ,  ,  ,  ,  ,  ,  ,  ,  ,  ,  ,  ,  ,  ,  ,  ,  ,  ,  ,  ,  ,  ,  ,  ,  ,  ,  ,  ,  ,  ,  ,  ,  ,  ,  ,  ,  ,  ,  ,  ,  ,  ,  ,  ,  ,  ,  ,  ,  ,  ,  ,  ,  ,  ,  ,  ,  ,  ,  ,  ,  ,  ,  ,  ,  ,  ,  ,  ,  ,  ,  ,  ,  ,  ,  ,  ,  ,  ,  ,  ,  ,  ,  ,  ,  ,  ,  ,  ,  ,  ,  ,  ,  ,  ,  ,  ,  ,  ,  ,  ,  ,  ,  ,  ,  ,  ,  ,  ,  ,  ,  ,  ,  ,  ,  ,  ,  ,  ,  ,  ,  ,  ,  ,  ,  ,  ,  ,  ,  ,  ,  ,  ,  ,  ,  ,  ,  ,  ,  ,  ,  ,  ,  ,  ,  ,  ,  ,  ,  ,  ,  ,  ,  ,  ,  ,  ,  ,  ,  ,  ,  ,  ,  ,  ,  ,  ,  ,  ,  ,  ,  ,  ,  ,  ,  ,  ,  ,  ,  ,  ,  ,  ,  ,  ,  ,  ,  ,  ,  ,  ,  ,  ,  ,  ,  ,  ,  ,  ,  ,  ,  ,  ,  ,  ,  ,  ,  ,  ,  ,  ,  ,  ,  ,  ,  ,  ,  ,  ,  ,  ,  ,  ,  ,  ,  ,  ,  ,  ,  ,  ,  ,  ,  ,  ,  ,  ,  ,  ,  ,  ,  ,  ,  ,  ,  ,  ,  ,  ,  ,  ,  ,  ,  ,  ,  ,  ,  ,  ,  ,  ,  ,  ,  ,  ,  ,  ,  ,  ,  ,  ,  ,  ,  ,  ,  ,  ,  ,  ,  ,  ,  ,  ,  ,  ,  ,  ,  ,  ,  ,  ,  ,  ,  ,  ,  ,  ,  ,  ,  ,  ,  ,  ,  ,  ,  ,  ,  ,  ,  ,  ,  ,  ,  ,  ,  ,  ,  ,  ,  ,  ,  ,  ,  ,  ,  ,  ,  ,  ,  ,  ,  ,  ,  ,  ,  ,  ,  ,  ,  ,  ,  ,  ,  ,  ,  ,  ,  ,  ,  ,  ,  ,  ,  ,  ,  ,  , 0+0:0:0:0:0
Cb major (7b), 7+3:0:0:0:0, 7+5:0:0:0:0, 9+5:1:0:0:1, 6+2:0:0:0:0, 5+3:0:0:0:0, 9+4:0:0:0:0, 7+4:0:0:0:0, 7+3:0:0:0:1, 7+3:0:0:0:0, 7+5:0:0:0:0, 9+5:1:0:0:1, 6+2:0:0:0:0, 5+3:0:0:0:0, 9+2:0:0:0:0, 6+2:0:0:0:0, 2+1:0:0:0:1, 4+1:0:0:0:0, 4+2:0:0:0:0, 4+1:0:0:0:0,  , 5+1:0:0:0:0, 3+1:0:0:0:0, 5+2:0:0:0:1, 1+0:0:0:0:0, 7+3:0:0:0:0, 7+5:0:0:0:0, 9+5:1:0:0:1, 6+2:0:0:0:0, 5+3:0:0:0:0, 9+2:0:0:0:0, 6+2:0:0:0:0, 2+1:0:0:0:1, 6+2:0:0:0:0, 7+5:0:0:0:0, 7+2:1:0:0:1, 6+4:0:0:0:0, 5+3:0:0:0:0, 6+2:0:0:0:0, 7+2:0:0:0:0, 6+4:0:0:0:0, 6+3:1:0:0:1, 7+6:0:0:0:0, 8+3:1:0:0:1, 8+2:0:0:0:0, 3+1:0:0:0:0, 6+3:0:0:0:0, 6+3:0:0:0:0, 2+0:0:0:0:0, 5+0:0:0:0:0, 6+4:1:1:0:1, 8+2:0:1:0:1, 4+1:0:0:0:1, 7+3:0:0:0:0, 4+0:0:0:0:0, 5+3:0:0:0:2, 1+0:0:0:0:0, 7+2:0:0:0:0, 6+4:0:0:0:0, 7+2:1:0:0:1, 7+5:0:0:0:0, 5+3:0:0:0:0, 7+5:0:0:0:1, 6+1:0:0:0:0, 6+4:0:0:0:0, 6+1:0:0:0:0, 6+2:0:0:0:0, 8+3:1:1:0:2, 8+6:0:0:0:0, 6+2:1:0:0:1, 7+4:0:0:0:1, 9+5:0:2:0:2, 6+4:0:0:0:0, 8+2:0:0:0:0, 6+4:0:0:0:0, 8+3:1:0:0:1, 6+4:0:0:0:0, 4+5:1:0:0:1, 7+4:0:0:0:0, 9+3:0:0:0:0, 1+0:0:0:0:0, 8+4:0:0:0:0, 5+3:0:0:0:0, 5+1:0:0:0:1, 2+3:0:0:0:2, 6+3:0:0:0:0, 2+0:0:0:0:0, 6+2:0:0:0:1, 2+1:0:0:0:0, 7+4:1:0:0:1, 6+5:0:0:0:0, 10+6:1:0:0:1, 6+4:0:0:0:0, 5+2:0:0:0:0, 6+4:0:0:0:2, 6+1:0:0:0:0, 6+4:0:0:0:0, 7+2:0:0:0:0, 6+5:0:0:0:0, 8+5:1:0:0:1, 6+4:0:0:0:0, 4+2:0:0:0:0, 6+3:0:0:0:0, 7+5:0:2:0:2, 6+5:0:0:0:0, 7+2:0:0:0:0, 8+7:0:0:0:0, 10+4:1:0:0:1, 7+3:0:0:0:0, 5+2:0:0:0:0, 7+4:0:0:0:0, 6+1:0:0:0:0,  , 6+1:0:0:0:0, 6+1:0:0:0:0, 6+1:0:0:0:0,  , 6+4:0:0:0:0, 3+0:0:0:0:0, 6+3:0:0:0:0, 3+5:0:0:0:1, 6+2:0:0:0:0, 6+2:0:0:0:1, 7+2:1:0:0:1, 7+5:0:0:0:0, 4+1:1:0:0:1, 6+3:0:0:0:0, 9+4:0:0:0:0, 9+5:0:0:0:1, 6+2:0:0:0:0, 6+4:0:0:0:0, 8+5:1:0:0:1, 6+4:0:0:0:0, 6+2:0:0:0:1, 9+6:0:0:0:0, 8+3:0:0:0:0, 8+2:0:0:0:0, 6+4:0:0:0:0, 8+2:0:0:0:0, 9+4:1:0:0:2, 8+5:1:0:0:1, 4+2:0:0:0:0, 6+2:0:0:0:0, 6+1:0:0:0:0, 4+1:0:0:0:0, 5+0:0:0:0:0, 7+3:0:0:0:1, 6+3:0:0:0:0, 1+0:0:0:0:0, 6+3:0:1:0:1, 4+1:0:0:0:0, 6+3:0:0:0:0, 4+0:0:0:0:0, 6+2:0:0:0:0, 6+4:0:0:0:0, 8+5:2:0:0:3, 8+2:0:0:0:0, 4+3:0:0:0:0, 9+4:0:0:0:0, 10+3:0:0:0:0, 6+4:0:0:0:0, 6+2:0:0:0:0, 6+4:0:0:0:0, 7+3:1:0:0:1, 6+8:1:0:0:1, 6+4:0:0:0:1, 7+5:0:0:0:0, 9+5:1:0:0:3, 7+4:0:0:0:0, 7+2:0:0:0:0, 7+2:0:0:0:1, 10+4:1:0:0:1, 6+3:0:0:0:1, 4+2:0:0:0:0, 6+3:0:0:0:1, 7+2:1:0:0:1, 2+0:0:0:0:0, 6+1:0:0:0:0, 9+3:0:0:0:0, 8+2:0:0:0:0, 5+1:0:0:0:0, 7+1:0:0:0:0, 3+1:0:0:0:0, 6+4:0:0:0:0, 5+0:0:0:0:0, 6+2:0:0:0:0, 6+4:0:0:0:0, 7+2:1:0:0:1, 7+4:0:0:0:0, 8+4:3:0:0:3, 7+3:0:0:0:1, 9+3:0:0:0:1, 6+7:0:0:0:0, 7+4:0:0:0:0, 6+5:0:0:0:0, 8+4:1:0:0:2, 6+4:0:0:0:0, 5+1:0:0:0:0, 6+2:0:0:0:0, 8+3:0:0:0:0, 7+5:0:0:0:0, 7+2:0:0:0:0, 6+4:0:0:0:0, 10+3:1:0:0:1, 6+5:0:0:0:0, 7+6:1:0:0:1, 6+5:0:0:0:1, 7+3:0:0:0:0, 1+0:0:0:0:0, 5+1:0:0:0:0, 5+3:0:0:0:0, 5+1:0:0:0:1, 1+0:0:0:0:0, 4+2:0:0:0:0, 2+0:0:0:0:0, 5+2:1:0:0:2, 3+0:0:0:0:0, 8+5:0:0:0:0, 7+2:0:0:0:0, 11+6:0:0:0:0, 10+4:0:0:0:1, 4+2:0:0:0:0, 7+3:0:0:0:0, 9+3:0:0:0:1, 7+4:0:0:0:0, 6+2:0:0:0:0, 6+4:0:0:0:0, 7+2:1:0:0:1, 7+1:0:0:0:0, 5+3:0:0:0:0, 9+4:0:0:0:0, 9+4:0:0:0:0, 6+7:0:0:0:0, 6+2:0:0:0:0, 7+5:0:0:0:0, 8+5:1:0:0:1, 9+3:0:0:0:0, 7+4:0:0:0:0, 7+5:0:0:0:0, 6+1:0:0:0:0, 4+1:0:0:0:0, 5+0:0:0:0:0, 5+2:0:0:0:0, 6+1:0:0:0:0, 2+0:0:0:0:0, 8+3:0:0:0:0, 5+1:1:0:0:1, 9+5:0:0:0:2, 6+4:2:1:0:2, 7+2:0:0:0:0, 6+5:0:0:0:0, 9+5:1:0:0:1, 6+1:0:0:0:0, 4+2:0:0:0:1, 6+3:0:0:0:1, 7+4:0:0:0:0, 8+5:0:0:0:0, 7+2:0:0:0:0, 6+5:0:0:0:0, 8+4:0:0:0:0, 7+4:0:0:0:0, 8+4:3:0:0:3, 7+3:0:0:0:1, 8+6:0:0:0:0, 8+2:0:0:0:0, 6+4:0:0:0:0, 9+3:0:0:0:0, 8+5:2:0:0:3, 6+7:1:0:0:1, 4+1:0:0:0:0, 7+5:1:0:0:0, 6+3:0:0:0:0, 3+3:0:1:0:2, 6+0:0:0:0:0, 4+3:0:0:0:0, 4+2:0:0:0:0, 3+0:0:0:0:0, 5+1:0:0:0:0, 5+0:0:0:0:0, 5+4:0:0:0:0, 6+1:0:0:0:0, 7+3:0:0:0:0, 7+5:0:0:0:0, 8+2:1:0:0:1, 6+4:0:0:0:0, 7+3:0:0:0:2, 7+2:0:0:0:0, 10+5:0:0:0:0, 8+3:0:0:0:1, 7+2:0:0:0:0, 6+5:0:0:0:0, 8+5:1:0:0:1, 6+5:0:0:0:0, 4+3:0:0:0:0, 6+2:0:0:0:0, 7+6:0:2:0:2, 6+5:0:0:0:0, 6+2:0:0:0:0, 8+2:0:0:0:1, 9+4:1:0:0:2, 6+6:1:0:0:1, 5+2:0:0:0:0, 7+5:1:0:0:0, 8+5:0:0:0:0, 5+3:0:0:0:0, 6+1:0:0:0:0, 6+2:0:0:0:0, 6+5:0:0:0:0, 3+0:0:0:0:0, 6+3:1:0:0:1, 6+1:0:0:0:0, 5+3:0:0:0:0, 5+1:0:0:0:0, 7+2:0:0:0:0, 8+4:0:0:0:0, 11+4:1:0:0:1, 7+4:0:0:0:0, 9+4:3:0:0:3, 7+3:0:0:0:1, 8+4:0:0:0:1, 10+4:0:0:0:1, 7+2:0:0:0:0, 6+5:0:0:0:0, 7+2:1:0:0:1, 6+5:0:0:0:0, 7+2:0:0:0:0, 9+5:0:0:0:1, 9+4:0:0:0:0, 6+4:0:0:0:0, 6+2:0:0:0:0, 7+4:0:0:0:0, 7+3:1:0:0:1, 6+7:1:0:0:1, 5+2:0:0:0:0, 8+3:0:0:0:0, 7+2:0:0:0:1, 6+3:0:0:0:0, 7+1:0:0:0:1, 4+3:0:0:0:0, 6+3:0:0:0:0, 4+1:1:0:0:1, 8+2:0:0:0:0, 6+2:0:0:0:0, 5+2:0:0:0:0, 6+2:1:1:0:1, 6+2:0:0:0:0, 6+3:0:0:0:0, 8+3:1:0:0:1, 6+5:0:0:0:0, 4+3:0:0:0:0, 6+2:0:0:0:0, 9+3:0:0:0:1, 8+7:1:0:0:1, 4+1:1:0:0:1, 1+0:0:0:0:0, 1+0:0:0:0:0, 1+0:0:0:0:0, 2206+1039:67:13:0:130
C# major (7#), 7+3:0:0:0:0, 7+5:0:0:0:0, 9+5:1:0:0:1, 6+4:0:0:0:0, 6+1:0:0:0:0, 8+4:0:1:0:1, 6+2:0:0:0:0, 8+6:0:0:0:0, 7+3:0:0:0:0, 7+5:0:0:0:0, 9+5:1:0:0:1, 6+4:0:0:0:0, 6+1:0:0:0:0, 8+4:0:1:0:1, 6+2:0:0:0:0, 1+1:0:0:0:0, 3+0:0:0:0:0, 3+2:0:0:0:0, 3+1:0:0:0:1,  , 4+3:0:0:0:3, 3+1:0:0:0:0, 5+2:0:0:0:0, 1+0:0:0:0:0, 7+3:0:0:0:0, 7+5:0:0:0:0, 9+5:1:0:0:1, 6+4:0:0:0:0, 6+1:0:0:0:0, 8+4:0:1:0:1, 6+2:0:0:0:0, 3+0:0:0:0:0, 6+2:0:0:0:0, 7+5:0:0:0:0, 6+2:1:0:0:1, 6+4:0:0:0:0, 6+2:0:0:0:0, 6+1:1:0:0:1, 7+2:0:0:0:0, 6+4:0:0:0:0, 7+3:1:0:0:1, 7+6:0:0:0:0, 7+3:1:0:0:1, 8+3:0:0:0:0, 4+2:0:0:0:0, 6+1:1:0:0:1, 6+1:0:0:0:0, 2+0:0:0:0:0, 3+0:0:0:0:0, 6+4:0:0:0:0, 5+3:0:1:0:0, 2+1:0:0:0:0, 5+4:0:1:0:2, 4+0:0:0:0:0, 5+3:0:0:0:0, 1+0:0:0:0:0, 7+2:0:0:0:0, 6+4:0:0:0:0, 6+2:1:0:0:1, 7+5:0:0:0:0, 6+1:0:0:0:0, 8+3:2:0:0:2, 5+2:0:0:0:0, 6+4:0:0:0:0, 7+1:1:0:0:1, 7+1:0:0:0:0, 7+3:1:1:0:2, 8+6:0:0:0:0, 6+3:1:0:0:1, 8+2:2:0:0:2, 10+4:0:0:0:0, 6+4:0:0:0:0, 8+2:0:0:0:0, 6+4:0:0:0:0, 7+3:1:0:0:1, 6+1:0:0:0:0, 4+1:1:0:0:1, 7+2:2:0:0:2, 8+2:0:0:0:0, 1+0:0:0:0:0, 5+2:1:2:0:1, 4+3:0:0:0:0, 3+1:0:0:0:1, 6+3:0:0:0:2, 4+2:0:0:0:1, 1+0:0:0:0:0, 6+2:0:0:0:1, 2+1:0:0:0:0, 8+4:0:0:0:0, 6+5:0:0:0:0, 9+6:1:0:0:1, 6+4:0:0:0:0, 6+1:0:0:0:0, 7+1:1:0:0:1, 5+2:0:0:0:0, 6+4:0:0:0:0, 7+2:0:0:0:0, 6+5:0:0:0:0, 7+5:1:0:0:1, 6+4:0:0:0:0, 5+1:0:0:0:0, 6+1:1:0:0:1, 8+2:0:0:0:0, 6+5:0:0:0:0, 7+2:0:0:0:0, 8+7:0:0:0:0, 10+4:1:0:0:1, 7+1:0:0:0:1, 6+1:0:0:0:0, 7+4:3:0:0:3, 6+1:0:0:0:0,  , 4+1:0:0:0:0, 4+1:0:0:0:0, 4+4:0:0:0:0,  , 4+2:0:1:0:1, 2+0:0:0:0:0, 5+3:0:0:0:0, 3+2:1:1:0:1, 6+2:0:0:0:0, 7+5:0:0:0:0, 6+2:1:0:0:1, 7+5:0:0:0:0, 4+1:1:0:0:1, 6+1:0:0:0:0, 9+4:0:0:0:0, 10+6:0:0:0:0, 6+2:0:0:0:0, 6+4:0:0:0:0, 7+5:1:0:0:1, 6+4:0:0:0:0, 7+2:0:0:0:0, 8+4:3:0:0:3, 6+3:0:0:0:0, 8+6:0:0:0:0, 6+4:0:0:0:0, 8+6:0:0:0:0, 7+4:1:0:0:2, 8+5:1:0:0:1, 5+2:0:0:0:0, 6+1:1:0:0:1, 6+1:0:0:0:0, 2+2:0:1:0:0, 3+0:0:0:0:0, 5+3:0:0:0:1, 4+3:0:0:0:2, 0+0:0:0:0:0, 4+3:0:0:0:2, 4+1:0:0:0:0, 6+3:0:0:0:0, 3+2:0:1:0:1, 6+2:0:0:0:0, 6+4:0:0:0:0, 7+5:2:0:0:3, 8+2:0:0:0:0, 5+1:0:0:0:0, 9+2:1:1:0:2, 9+3:0:0:0:0, 6+4:0:0:0:0, 6+2:0:0:0:0, 6+4:0:0:0:0, 6+3:1:0:0:1, 8+7:0:0:0:0, 7+3:0:0:0:0, 7+5:4:0:0:4, 8+3:1:0:0:1, 7+1:0:0:0:0, 7+1:1:0:0:1, 8+2:0:0:0:1, 10+2:1:0:0:1, 7+2:0:0:0:0, 5+1:0:0:0:0, 7+1:1:0:0:1, 8+1:1:0:0:1, 2+0:0:0:0:0, 4+1:0:0:0:0, 6+3:0:0:0:0, 6+5:0:0:0:0, 3+2:0:0:0:1, 6+1:0:0:0:0, 3+0:0:0:0:0, 6+4:0:0:0:0, 5+0:0:0:0:0, 6+2:0:0:0:0, 6+4:0:0:0:0, 6+2:1:0:0:1, 7+4:0:0:0:0, 8+3:2:0:0:2, 8+2:1:0:0:2, 7+3:0:0:0:2, 6+2:0:0:0:0, 7+1:1:0:0:1, 6+2:0:0:0:0, 7+2:0:0:0:1, 6+1:0:0:0:0, 6+1:0:0:0:0, 6+1:1:0:0:1, 6+2:0:0:0:0, 7+5:0:0:0:0, 7+2:0:0:0:0, 6+4:0:0:0:0, 8+3:1:0:0:1, 6+2:0:0:0:0, 7+2:1:0:0:1, 7+2:2:0:0:2, 8+4:0:0:0:0, 1+0:0:0:0:0, 4+2:0:0:0:0, 3+3:0:0:0:0, 3+1:0:0:0:1, 0+0:0:0:0:0, 3+1:0:0:0:1, 2+1:0:0:0:0, 5+2:0:0:0:1, 1+1:0:0:0:0, 8+5:0:0:0:0, 7+1:0:0:0:1, 10+3:1:0:0:1, 10+4:0:0:0:0, 5+2:0:0:0:0, 7+1:1:0:0:1, 7+3:0:0:0:1, 7+4:0:0:0:0, 6+2:0:0:0:0, 6+4:0:0:0:0, 6+2:1:0:0:1, 7+2:0:0:0:0, 6+2:0:0:0:0, 9+2:1:0:0:1, 8+4:0:0:0:0, 6+7:0:0:0:0, 6+2:0:0:0:0, 7+5:0:0:0:0, 8+5:1:0:0:1, 9+4:0:0:0:0, 8+1:0:0:0:0, 7+4:3:0:0:3, 6+1:0:0:0:0, 4+1:0:0:0:0, 3+0:0:0:0:0, 4+2:0:0:0:0, 5+4:0:0:0:0, 1+0:0:0:0:0, 7+3:0:0:0:0, 4+2:0:1:0:1, 9+4:1:0:0:3, 3+4:0:1:0:1, 7+2:0:0:0:0, 6+5:0:0:0:0, 9+5:1:0:0:1, 6+1:0:0:0:0, 6+1:0:0:0:1, 7+1:1:0:0:1, 7+4:0:0:0:0, 8+5:0:0:0:0, 7+2:0:0:0:0, 7+3:0:0:0:0, 8+3:1:0:0:1, 7+4:0:0:0:0, 8+4:2:0:0:2, 8+4:0:0:0:0, 8+3:0:0:0:1, 8+6:0:0:0:0, 6+4:0:0:0:0, 9+7:0:0:0:0, 7+5:2:0:0:3, 8+6:0:0:0:0, 5+1:0:0:0:0, 8+2:1:0:0:1, 6+1:0:0:0:0, 5+2:0:0:0:1, 4+3:0:0:0:0, 3+3:0:0:0:0, 3+5:0:0:0:0, 3+0:0:0:0:0, 4+3:0:0:0:2, 5+0:0:0:0:0, 5+4:0:0:0:0, 6+2:0:0:0:0, 7+3:0:0:0:0, 7+5:0:0:0:0, 6+2:1:0:0:1, 6+4:0:0:0:0, 7+3:1:0:0:1, 7+1:1:0:0:1, 10+3:1:0:0:1, 8+2:1:0:0:1, 7+2:0:0:0:0, 6+5:0:0:0:0, 7+5:1:0:0:1, 6+5:0:0:0:0, 5+1:0:0:0:0, 6+1:1:0:0:1, 8+2:0:0:0:0, 6+5:0:0:0:0, 6+2:0:0:0:0, 9+3:0:0:0:1, 8+2:0:0:0:1, 7+2:0:0:0:0, 6+1:0:0:0:0, 8+1:1:0:0:1, 8+2:1:0:0:1, 4+3:0:1:0:1, 5+2:0:0:0:0, 4+2:0:0:0:0, 4+3:0:0:0:1, 1+1:0:0:0:1, 5+3:1:0:0:1, 5+1:0:0:0:0, 5+3:0:0:0:0, 5+1:0:0:0:0, 7+2:0:0:0:0, 8+4:0:0:0:0, 11+4:1:0:0:1, 7+4:0:0:0:0, 8+4:2:0:0:2, 8+4:0:0:0:0, 7+4:0:0:0:1, 10+7:1:0:0:1, 7+2:0:0:0:0, 6+5:0:0:0:0, 6+2:1:0:0:1, 6+5:0:0:0:0, 7+3:0:0:0:0, 9+2:1:1:0:2, 8+4:0:0:0:0, 6+4:0:0:0:0, 6+2:0:0:0:0, 7+4:0:0:0:0, 6+3:1:0:0:1, 8+6:0:0:0:0, 6+2:0:0:0:0, 8+2:1:0:0:1, 8+3:0:0:0:0, 6+1:0:0:0:1, 5+2:0:0:0:0, 3+3:0:0:0:0, 4+3:0:0:0:0, 4+1:0:0:0:0, 7+2:0:0:0:0, 5+2:1:0:0:1, 6+2:0:0:0:2, 3+2:0:0:0:0, 6+2:0:0:0:0, 6+4:0:0:0:0, 7+3:1:0:0:1, 6+5:0:0:0:0, 5+1:0:0:0:0, 6+1:1:0:0:1, 8+3:0:0:0:1, 10+6:0:0:0:0, 4+1:1:0:0:1, 1+0:0:0:0:0, 1+0:0:0:0:0, 1+0:0:0:0:0, 2127+943:101:17:0:159
Ab minor (7b), 7+6:0:0:0:0, 7+5:0:0:0:0, 9+5:1:0:0:1, 6+4:0:0:0:0, 5+2:1:0:0:1, 9+4:0:0:0:0, 7+4:0:0:0:0, 7+6:1:0:0:1, 7+3:0:0:0:0, 7+5:0:0:0:0, 9+5:1:0:0:1, 6+4:0:0:0:0, 5+0:0:0:0:0, 9+2:1:0:0:1, 6+1:1:0:0:1, 2+0:0:0:0:0, 4+0:0:0:0:0, 4+2:0:0:0:0, 4+1:0:0:0:0,  , 5+5:0:0:0:0, 3+1:0:0:0:0, 5+2:0:0:0:1, 1+0:0:0:0:0, 7+3:0:0:0:0, 7+5:0:0:0:0, 9+5:1:0:0:1, 6+4:0:0:0:0, 5+2:1:0:0:1, 9+4:0:0:0:0, 6+2:0:0:0:0, 2+0:0:0:0:0, 6+2:0:0:0:0, 7+5:0:0:0:0, 7+2:1:0:0:1, 6+1:0:0:0:0, 5+0:0:0:0:0, 6+1:1:0:0:1, 7+2:0:0:0:0, 6+4:0:0:0:0, 6+3:1:0:0:1, 7+6:0:0:0:0, 8+3:1:0:0:1, 8+3:0:0:0:0, 3+0:0:0:0:0, 6+1:1:0:0:1, 6+1:0:0:0:0, 0+0:0:0:0:0, 5+0:0:0:0:0, 6+4:1:1:0:1, 8+2:0:1:0:1, 4+1:0:0:0:1, 7+4:0:0:0:0, 4+0:0:0:0:0, 5+3:0:0:0:2, 1+0:0:0:0:0, 7+2:0:0:0:0, 6+4:0:0:0:0, 7+2:1:0:0:1, 7+1:0:0:0:0, 5+1:0:0:0:0, 7+3:2:0:0:2, 6+0:0:0:0:0, 6+1:0:0:0:0, 6+1:1:0:0:1, 6+1:0:0:0:0, 8+3:1:1:0:2, 8+6:0:0:0:0, 6+1:1:0:0:1, 7+2:2:0:0:2, 9+5:0:2:0:2, 6+4:0:0:0:0, 8+2:0:0:0:0, 6+4:0:0:0:0, 8+3:1:0:0:1, 6+1:0:0:0:0, 4+1:1:0:0:1, 7+2:2:0:0:2, 8+2:0:0:0:0, 0+0:0:0:0:0, 8+4:0:0:0:0, 5+1:0:0:0:0, 5+2:0:0:0:0, 2+3:0:0:0:2, 6+3:0:0:0:0, 2+0:0:0:0:0, 6+2:0:0:0:1, 2+1:0:0:0:0, 7+4:1:0:0:1, 6+5:0:0:0:0, 10+6:1:0:0:1, 6+2:0:0:0:0, 5+1:0:0:0:0, 6+1:1:0:0:1, 6+1:0:0:0:0, 6+4:0:0:0:0, 7+2:0:0:0:0, 6+5:0:0:0:0, 8+5:1:0:0:1, 6+1:0:0:0:0, 4+0:0:0:0:0, 6+1:1:0:0:1, 7+5:0:2:0:2, 6+5:0:0:0:0, 7+2:0:0:0:0, 8+7:0:0:0:0, 10+4:1:0:0:1, 7+1:0:0:0:0, 5+0:0:0:0:0, 7+4:3:0:0:3, 6+4:0:0:0:0,  , 6+1:0:0:0:0, 6+1:0:0:0:0, 6+1:0:0:0:0,  , 6+3:0:0:0:0, 3+0:0:0:0:0, 6+3:0:0:0:0, 3+1:0:0:0:0, 6+2:0:0:0:0, 7+5:0:0:0:0, 7+2:1:0:0:1, 7+5:0:0:0:0, 4+1:1:0:0:1, 6+2:0:0:0:0, 9+6:0:0:0:1, 10+6:0:0:0:0, 6+2:0:0:0:0, 6+4:0:0:0:0, 8+5:1:0:0:1, 6+1:0:0:0:0, 6+1:0:0:0:0, 8+4:3:0:0:3, 8+3:0:0:0:0, 8+8:0:0:0:3, 6+4:0:0:0:0, 8+6:0:0:0:3, 9+4:1:0:0:2, 8+5:1:0:0:1, 4+0:0:0:0:0, 6+1:1:0:0:1, 6+1:0:0:0:0, 4+1:0:0:0:0, 5+0:0:0:0:0, 7+3:0:0:0:1, 6+3:0:0:0:0, 1+0:0:0:0:0, 6+4:0:1:0:0, 4+1:0:0:0:0, 6+3:0:0:0:2, 4+2:0:0:0:0, 6+2:0:0:0:0, 6+4:0:0:0:0, 8+5:2:0:0:3, 8+2:0:0:0:0, 4+0:0:0:0:0, 8+2:1:1:0:2, 10+3:0:0:0:0, 6+4:0:0:0:0, 6+2:0:0:0:0, 6+4:0:0:0:0, 7+3:1:0:0:1, 6+3:0:0:0:0, 6+1:0:0:0:0, 7+5:4:0:0:4, 9+5:1:0:0:3, 7+4:0:0:0:0, 7+2:0:0:0:0, 7+2:0:0:0:1, 10+2:1:0:0:1, 6+2:0:0:0:0, 4+0:0:0:0:0, 6+1:1:0:0:1, 7+1:1:0:0:1, 2+0:0:0:0:0, 6+1:0:0:0:0, 9+3:0:0:0:0, 8+2:0:0:0:0, 5+1:0:0:0:0, 7+5:0:0:0:0, 3+1:0:0:0:0, 6+4:0:0:0:0, 5+0:0:0:0:0, 6+2:0:0:0:0, 6+4:0:0:0:0, 7+2:1:0:0:1, 7+4:0:0:0:0, 8+4:3:0:0:3, 8+4:0:0:0:0, 9+3:0:0:0:1, 6+7:0:0:0:0, 7+4:0:0:0:0, 6+5:0:0:0:0, 8+4:1:0:0:2, 6+1:0:0:0:0, 5+0:0:0:0:0, 6+1:1:0:0:1, 8+3:0:0:0:0, 7+5:0:0:0:0, 7+2:0:0:0:0, 6+4:0:0:0:0, 10+3:1:0:0:1, 6+2:0:0:0:0, 7+2:1:0:0:1, 6+2:2:0:0:2, 7+1:1:0:0:1, 1+0:0:0:0:0, 5+1:0:0:0:0, 5+1:0:0:0:0, 5+2:0:0:0:0, 2+2:0:0:0:2, 4+2:0:0:0:0, 2+0:0:0:0:0, 5+2:1:0:0:2, 3+1:0:0:0:0, 8+5:0:0:0:0, 7+5:0:0:0:0, 12+7:1:0:0:2, 10+4:0:0:0:0, 4+0:0:0:0:0, 7+1:1:0:0:1, 9+3:0:0:0:1, 7+4:0:0:0:0, 6+2:0:0:0:0, 6+4:0:0:0:0, 7+2:1:0:0:1, 7+2:0:0:0:0, 5+0:0:0:0:0, 9+2:1:0:0:1, 9+3:0:0:0:1, 6+7:0:0:0:0, 6+2:0:0:0:0, 7+5:0:0:0:0, 8+6:1:0:0:1, 9+4:0:0:0:0, 7+1:0:0:0:0, 7+4:3:0:0:3, 6+1:0:0:0:0, 4+1:0:0:0:0, 5+0:0:0:0:0, 5+2:0:0:0:0, 6+1:0:0:0:0, 2+0:0:0:0:0, 8+4:0:0:0:0, 5+4:1:0:0:1, 8+4:0:0:0:2, 6+4:2:1:0:4, 7+2:0:0:0:0, 6+5:0:0:0:0, 9+4:1:0:0:1, 6+1:0:0:0:0, 3+1:0:0:0:1, 6+1:1:0:0:1, 7+4:0:0:0:0, 8+5:0:0:0:0, 7+2:0:0:0:0, 6+1:0:0:0:0, 8+3:1:0:0:1, 7+4:0:0:0:0, 8+4:3:0:0:3, 8+4:0:0:0:0, 9+3:0:0:0:1, 8+8:0:0:0:3, 6+4:0:0:0:0, 9+7:0:0:0:3, 8+5:2:0:0:3, 6+3:0:0:0:0, 4+0:0:0:0:0, 7+1:1:0:0:1, 6+1:0:0:0:0, 3+1:0:1:0:0, 6+3:0:0:0:0, 4+3:0:0:0:0, 4+2:0:0:0:0, 3+0:0:0:0:0, 5+4:0:0:0:0, 5+0:0:0:0:0, 5+3:0:0:0:2, 6+2:0:0:0:0, 7+3:0:0:0:0, 7+5:0:0:0:0, 8+2:1:0:0:1, 6+1:0:0:0:0, 7+2:0:0:0:0, 7+1:1:0:0:1, 10+3:1:0:0:1, 8+2:0:0:0:0, 7+2:0:0:0:0, 6+5:0:0:0:0, 8+5:1:0:0:1, 6+1:0:0:0:0, 4+0:0:0:0:0, 6+1:1:0:0:1, 7+6:0:2:0:2, 6+5:0:0:0:0, 6+2:0:0:0:0, 9+5:0:0:0:0, 9+4:1:0:0:2, 6+2:0:0:0:0, 5+0:0:0:0:0, 7+1:1:0:0:1, 8+2:1:0:0:1, 5+3:0:0:0:0, 5+2:1:0:0:1, 6+2:0:0:0:0, 6+3:0:0:0:1, 3+0:0:0:0:0, 6+3:1:0:0:1, 6+2:0:0:0:0, 5+3:0:0:0:0, 5+1:0:0:0:0, 7+2:0:0:0:0, 8+4:0:0:0:0, 11+4:1:0:0:1, 7+4:0:0:0:0, 9+4:3:0:0:3, 8+4:0:0:0:0, 8+4:0:0:0:1, 10+7:1:0:0:1, 7+2:0:0:0:0, 6+5:0:0:0:0, 7+2:1:0:0:1, 6+1:0:0:0:0, 6+1:0:0:0:0, 8+2:1:1:0:2, 9+4:0:0:0:0, 6+4:0:0:0:0, 6+2:0:0:0:0, 7+4:0:0:0:0, 7+3:1:0:0:1, 6+3:0:0:0:0, 5+0:0:0:0:0, 8+2:1:0:0:1, 7+1:0:0:0:0, 5+1:0:1:0:0, 7+2:0:0:0:0, 4+3:0:0:0:0, 6+3:0:0:0:0, 4+1:1:0:0:1, 8+5:0:0:0:0, 6+1:0:0:0:1, 5+2:0:0:0:2, 3+2:0:0:0:2, 6+2:0:0:0:0, 6+4:0:0:0:0, 8+3:1:0:0:1, 6+1:0:0:0:0, 4+0:0:0:0:0, 6+1:1:0:0:1, 9+3:0:0:0:1, 8+7:1:0:0:1, 4+1:1:0:0:1, 1+0:0:0:0:0, 1+0:0:0:0:0, 1+0:0:0:0:0, 2200+914:112:15:0:176
A# minor (7#), 7+1:1:0:0:1, 7+1:0:0:0:0, 9+2:0:0:0:1, 6+2:0:0:0:0, 6+0:0:0:0:0, 9+1:0:0:0:0, 6+1:0:0:0:0, 8+6:0:0:0:0, 7+1:0:0:0:0, 7+1:0:0:0:0, 9+2:0:0:0:1, 6+2:0:0:0:0, 6+0:0:0:0:0, 9+1:0:0:0:0, 6+1:0:0:0:1, 3+0:0:0:0:0, 3+0:0:0:0:0, 3+5:0:0:0:0, 3+1:0:0:0:1,  , 4+0:0:0:0:0, 3+0:0:0:0:0, 5+2:0:0:0:0, 1+0:0:0:0:0, 7+1:1:0:0:1, 7+1:0:0:0:0, 9+2:0:0:0:1, 6+2:0:0:0:0, 6+0:0:0:0:0, 9+2:0:0:0:0, 6+1:0:0:0:1, 3+0:0:0:0:0, 6+1:1:0:0:1, 7+1:0:0:0:0, 6+2:0:0:0:1, 6+1:0:0:0:0, 6+0:0:0:0:0, 6+1:1:0:0:1, 7+1:0:0:0:0, 6+1:0:0:0:0, 7+1:1:0:0:1, 7+1:0:0:0:0, 7+3:0:0:0:2, 8+3:0:0:0:0, 4+0:0:0:0:0, 6+1:1:0:0:1, 6+1:0:0:0:0, 2+0:0:0:0:0, 3+4:0:0:0:0, 6+4:0:0:0:0, 5+3:0:1:0:0, 2+3:0:0:0:1, 6+2:0:0:0:0, 4+0:0:0:0:0, 5+1:0:0:0:0, 1+0:0:0:0:0, 7+1:0:0:0:0, 6+3:0:0:0:0, 6+2:0:0:0:1, 7+1:0:0:0:0, 5+1:1:0:0:1, 8+3:2:0:0:2, 5+1:0:0:0:0, 6+1:0:0:0:0, 7+1:1:0:0:1, 7+1:0:0:0:0, 8+3:0:0:0:1, 8+2:0:0:0:0, 6+1:1:0:0:1, 8+2:2:0:0:2, 10+3:0:0:0:2, 6+0:0:0:0:0, 8+1:0:0:0:0, 6+1:0:0:0:0, 7+2:0:0:0:1, 6+1:0:0:0:0, 4+1:1:0:0:1, 7+2:2:0:0:2, 8+2:0:0:0:0, 1+0:0:0:0:0, 7+2:0:0:0:0, 4+2:0:0:0:0, 3+1:0:0:0:1, 5+3:1:0:0:3, 4+3:0:0:0:0, 1+1:0:0:0:0, 6+1:0:0:0:0, 2+0:0:0:0:0, 8+1:1:0:0:1, 6+1:0:0:0:0, 9+4:0:0:0:2, 6+2:0:0:0:0, 6+1:0:0:0:0, 7+1:1:0:0:1, 5+1:0:0:0:0, 6+0:0:0:0:0, 7+1:0:0:0:0, 6+1:0:0:0:0, 7+2:0:0:0:1, 6+1:0:0:0:0, 5+0:0:0:0:0, 6+1:1:0:0:1, 8+1:0:0:0:0, 6+1:0:0:0:0, 7+2:0:0:0:1, 8+2:0:0:0:0, 10+2:0:0:0:1, 7+1:0:0:0:0, 6+0:0:0:0:0, 7+4:3:0:0:3, 6+0:0:0:0:0,  , 4+1:0:0:0:0, 4+4:0:0:0:0, 4+3:0:0:0:2,  , 5+1:0:0:0:0, 2+0:0:0:0:0, 5+1:0:0:0:1, 4+1:0:0:0:0, 6+1:1:0:0:1, 7+1:0:0:0:1, 6+2:0:0:0:1, 7+1:0:0:0:0, 4+1:1:0:0:1, 6+1:1:0:0:1, 9+3:0:0:0:3, 10+2:0:0:0:0, 6+1:1:0:0:1, 6+1:0:0:0:0, 7+3:0:0:0:2, 6+1:0:0:0:0, 7+1:0:0:0:0, 8+4:3:0:0:3, 6+4:0:0:0:4, 8+2:0:0:0:0, 6+3:3:0:0:3, 8+2:0:0:0:0, 7+3:1:0:0:0, 8+2:0:0:0:0, 5+0:0:0:0:0, 6+1:1:0:0:1, 6+0:0:0:0:0, 3+0:0:0:0:0, 3+2:0:0:0:0, 5+3:0:0:0:1, 4+3:0:0:0:2, 0+0:0:0:0:0, 4+1:0:1:0:1, 4+0:0:0:0:0, 6+2:0:0:0:0, 4+0:0:0:0:0, 6+1:1:0:0:1, 6+1:0:0:0:0, 7+4:0:0:0:2, 8+2:0:0:0:0, 5+0:0:0:0:0, 9+2:1:1:0:2, 9+3:0:0:0:3, 6+1:0:0:0:0, 6+1:1:0:0:1, 6+1:0:0:0:0, 6+3:0:0:0:2, 7+3:0:0:0:0, 7+1:0:0:0:0, 7+5:4:0:0:4, 8+2:0:0:0:1, 7+1:0:0:0:0, 7+1:1:0:0:1, 8+2:0:0:0:1, 10+2:0:0:0:1, 7+2:0:0:0:0, 5+0:0:0:0:0, 7+1:1:0:0:1, 8+1:1:0:0:1, 2+0:0:0:0:0, 4+5:0:0:0:0, 7+3:0:0:0:2, 6+5:0:0:0:0, 3+2:0:0:0:1, 6+0:0:0:0:0, 3+0:0:0:0:0, 6+2:0:0:0:0, 5+0:0:0:0:0, 6+1:0:0:0:0, 6+1:0:0:0:0, 6+2:0:0:0:1, 7+1:0:0:0:0, 8+3:2:0:0:2, 8+2:1:0:0:2, 7+3:0:0:0:2, 6+2:0:0:0:0, 7+1:1:0:0:1, 6+2:0:0:0:0, 7+2:0:0:0:1, 6+1:0:0:0:0, 6+0:0:0:0:0, 6+1:1:0:0:1, 6+1:0:0:0:0, 7+0:0:0:0:0, 7+1:0:0:0:0, 6+0:0:0:0:0, 7+4:2:0:0:0, 6+2:0:0:0:0, 7+2:1:0:0:1, 7+2:2:0:0:2, 8+4:0:0:0:0, 1+0:0:0:0:0, 4+1:0:0:0:0, 3+2:0:0:0:0, 3+1:0:0:0:1, 2+0:0:0:0:0, 3+0:0:0:0:0, 2+0:0:0:0:0, 5+5:2:0:0:5, 3+2:0:0:0:0, 8+1:0:0:0:1, 7+1:0:0:0:0, 10+4:0:0:0:1, 10+4:0:0:0:0, 5+0:0:0:0:0, 7+1:1:0:0:1, 7+2:0:0:0:0, 7+0:0:0:0:0, 6+1:0:0:0:0, 6+1:0:0:0:0, 6+2:0:0:0:1, 7+2:0:0:0:0, 6+0:0:0:0:0, 9+2:1:0:0:1, 8+2:0:0:0:0, 6+0:0:0:0:0, 6+1:0:0:0:0, 7+1:0:0:0:1, 8+4:0:0:0:3, 9+4:0:0:0:0, 8+1:0:0:0:0, 7+4:3:0:0:3, 6+0:0:0:0:0, 4+0:0:0:0:0, 3+3:0:0:0:0, 4+5:0:0:0:1, 5+4:0:0:0:0, 1+0:0:0:0:0, 7+1:0:0:0:0, 4+2:0:1:0:1, 8+3:2:0:0:3, 6+3:2:0:0:2, 7+1:1:0:0:1, 6+1:0:0:0:0, 9+2:0:0:0:1, 6+1:0:0:0:0, 6+2:0:0:0:1, 7+1:1:0:0:1, 7+1:0:0:0:0, 8+1:0:0:0:0, 7+1:0:0:0:0, 7+1:0:0:0:0, 8+2:0:0:0:1, 7+1:0:0:0:0, 8+3:2:0:0:2, 8+2:1:0:0:2, 7+3:0:0:0:2, 8+2:0:0:0:0, 6+3:3:0:0:3, 9+4:0:0:0:0, 7+4:0:0:0:2, 7+3:0:0:0:0, 5+0:0:0:0:0, 8+1:1:0:0:1, 6+1:0:0:0:0, 5+1:0:0:0:0, 4+3:0:0:0:0, 3+4:0:0:0:0, 3+4:0:0:0:4, 3+0:0:0:0:0, 4+0:0:0:0:0, 5+0:0:0:0:0, 5+2:0:0:0:0, 6+0:0:0:0:0, 7+1:0:0:0:0, 7+0:0:0:0:0, 6+2:1:0:0:0, 6+1:0:0:0:0, 7+2:1:0:0:1, 7+1:1:0:0:1, 10+2:0:0:0:1, 8+2:1:0:0:1, 7+1:1:0:0:1, 6+1:0:0:0:0, 7+2:0:0:0:1, 6+1:0:0:0:0, 5+0:0:0:0:0, 6+1:1:0:0:1, 8+1:0:0:0:0, 6+0:0:0:0:0, 6+1:0:0:0:0, 9+3:0:0:0:1, 8+2:0:0:0:1, 7+2:0:0:0:0, 6+0:0:0:0:0, 8+1:1:0:0:1, 8+2:1:0:0:1, 5+0:0:0:0:0, 5+2:0:0:0:0, 4+3:0:0:0:0, 4+3:0:0:0:1, 1+1:0:0:0:1, 5+1:1:0:0:1, 5+1:1:0:0:1, 5+3:0:0:0:0, 5+0:0:0:0:0, 7+1:0:0:0:0, 8+2:0:0:0:1, 11+3:0:0:0:1, 7+1:0:0:0:0, 8+4:3:0:0:3, 8+2:1:0:0:2, 7+1:0:0:0:1, 10+3:0:0:0:0, 7+1:1:0:0:1, 6+1:0:0:0:0, 6+2:0:0:0:1, 6+1:0:0:0:0, 7+1:0:0:0:0, 9+2:1:1:0:2, 8+2:0:0:0:0, 6+0:0:0:0:0, 6+1:0:0:0:0, 7+2:0:0:0:0, 6+3:0:0:0:2, 7+3:0:0:0:0, 6+0:0:0:0:0, 8+2:1:0:0:1, 8+1:0:0:0:0, 6+1:0:0:0:0, 5+4:0:0:0:0, 3+2:0:0:0:0, 4+2:0:0:0:2, 4+1:0:0:0:1, 7+1:0:0:0:1, 5+2:1:0:0:1, 6+2:0:0:0:2, 7+1:0:0:0:0, 6+1:1:0:0:1, 6+1:0:0:0:0, 7+2:0:0:0:1, 6+1:0:0:0:0, 5+0:0:0:0:0, 6+1:1:0:0:1, 8+4:0:0:0:2, 9+3:0:0:0:1, 4+1:1:0:0:1, 1+0:0:0:0:0, 1+0:0:0:0:0, 1+0:0:0:0:0, 2144+547:96:5:0:202
Ab minor mel (7b),  ,  ,  ,  ,  ,  ,  ,  ,  ,  ,  ,  ,  ,  ,  ,  ,  ,  ,  ,  ,  ,  ,  ,  ,  ,  ,  ,  ,  ,  ,  ,  ,  ,  ,  ,  ,  ,  ,  ,  ,  ,  ,  ,  ,  ,  ,  ,  ,  ,  ,  ,  ,  ,  ,  ,  ,  ,  ,  ,  ,  ,  ,  ,  ,  ,  ,  ,  ,  ,  ,  ,  ,  ,  ,  ,  ,  ,  ,  ,  ,  ,  ,  ,  ,  ,  ,  ,  ,  ,  ,  ,  ,  ,  ,  ,  ,  ,  ,  ,  ,  ,  ,  ,  ,  ,  ,  ,  ,  ,  ,  ,  ,  ,  ,  ,  ,  ,  ,  ,  ,  ,  ,  ,  ,  ,  ,  ,  ,  ,  ,  ,  ,  ,  ,  ,  ,  ,  ,  ,  ,  ,  ,  ,  ,  ,  ,  ,  ,  ,  ,  ,  ,  ,  ,  ,  ,  ,  ,  ,  ,  ,  ,  ,  ,  ,  ,  ,  ,  ,  ,  ,  ,  ,  ,  ,  ,  ,  ,  ,  ,  ,  ,  ,  ,  ,  ,  ,  ,  ,  ,  ,  ,  ,  ,  ,  ,  ,  ,  ,  ,  ,  ,  ,  ,  ,  ,  ,  ,  ,  ,  ,  ,  ,  ,  ,  ,  ,  ,  ,  ,  ,  ,  ,  ,  ,  ,  ,  ,  ,  ,  ,  ,  ,  ,  ,  ,  ,  ,  ,  ,  ,  ,  ,  ,  ,  ,  ,  ,  ,  ,  ,  ,  ,  ,  ,  ,  ,  ,  ,  ,  ,  ,  ,  ,  ,  ,  ,  ,  ,  ,  ,  ,  ,  ,  ,  ,  ,  ,  ,  ,  ,  ,  ,  ,  ,  ,  ,  ,  ,  ,  ,  ,  ,  ,  ,  ,  ,  ,  ,  ,  ,  ,  ,  ,  ,  ,  ,  ,  ,  ,  ,  ,  ,  ,  ,  ,  ,  ,  ,  ,  ,  ,  ,  ,  ,  ,  ,  ,  ,  ,  ,  ,  ,  ,  ,  ,  ,  ,  ,  ,  ,  ,  ,  ,  ,  ,  ,  ,  ,  ,  ,  ,  ,  ,  ,  , 0+0:0:0:0:0
A# minor mel (7#),  ,  ,  ,  ,  ,  ,  ,  ,  ,  ,  ,  ,  ,  ,  ,  ,  ,  ,  ,  ,  ,  ,  ,  ,  ,  ,  ,  ,  ,  ,  ,  ,  ,  ,  ,  ,  ,  ,  ,  ,  ,  ,  ,  ,  ,  ,  ,  ,  ,  ,  ,  ,  ,  ,  ,  ,  ,  ,  ,  ,  ,  ,  ,  ,  ,  ,  ,  ,  ,  ,  ,  ,  ,  ,  ,  ,  ,  ,  ,  ,  ,  ,  ,  ,  ,  ,  ,  ,  ,  ,  ,  ,  ,  ,  ,  ,  ,  ,  ,  ,  ,  ,  ,  ,  ,  ,  ,  ,  ,  ,  ,  ,  ,  ,  ,  ,  ,  ,  ,  ,  ,  ,  ,  ,  ,  ,  ,  ,  ,  ,  ,  ,  ,  ,  ,  ,  ,  ,  ,  ,  ,  ,  ,  ,  ,  ,  ,  ,  ,  ,  ,  ,  ,  ,  ,  ,  ,  ,  ,  ,  ,  ,  ,  ,  ,  ,  ,  ,  ,  ,  ,  ,  ,  ,  ,  ,  ,  ,  ,  ,  ,  ,  ,  ,  ,  ,  ,  ,  ,  ,  ,  ,  ,  ,  ,  ,  ,  ,  ,  ,  ,  ,  ,  ,  ,  ,  ,  ,  ,  ,  ,  ,  ,  ,  ,  ,  ,  ,  ,  ,  ,  ,  ,  ,  ,  ,  ,  ,  ,  ,  ,  ,  ,  ,  ,  ,  ,  ,  ,  ,  ,  ,  ,  ,  ,  ,  ,  ,  ,  ,  ,  ,  ,  ,  ,  ,  ,  ,  ,  ,  ,  ,  ,  ,  ,  ,  ,  ,  ,  ,  ,  ,  ,  ,  ,  ,  ,  ,  ,  ,  ,  ,  ,  ,  ,  ,  ,  ,  ,  ,  ,  ,  ,  ,  ,  ,  ,  ,  ,  ,  ,  ,  ,  ,  ,  ,  ,  ,  ,  ,  ,  ,  ,  ,  ,  ,  ,  ,  ,  ,  ,  ,  ,  ,  ,  ,  ,  ,  ,  ,  ,  ,  ,  ,  ,  ,  ,  ,  ,  ,  ,  ,  ,  ,  ,  ,  ,  ,  ,  ,  ,  ,  ,  ,  ,  , 0+0:0:0:0:0
Cb major blues (7b),  ,  ,  ,  ,  ,  ,  ,  ,  ,  ,  ,  ,  ,  ,  ,  ,  ,  ,  ,  ,  ,  ,  ,  ,  ,  ,  ,  ,  ,  ,  ,  ,  ,  ,  ,  ,  ,  ,  ,  ,  ,  ,  ,  ,  ,  ,  ,  ,  ,  ,  ,  ,  ,  ,  ,  ,  ,  ,  ,  ,  ,  ,  ,  ,  ,  ,  ,  ,  ,  ,  ,  ,  ,  ,  ,  ,  ,  ,  ,  ,  ,  ,  ,  ,  ,  ,  ,  ,  ,  ,  ,  ,  ,  ,  ,  ,  ,  ,  ,  ,  ,  ,  ,  ,  ,  ,  ,  ,  ,  ,  ,  ,  ,  ,  ,  ,  ,  ,  ,  ,  ,  ,  ,  ,  ,  ,  ,  ,  ,  ,  ,  ,  ,  ,  ,  ,  ,  ,  ,  ,  ,  ,  ,  ,  ,  ,  ,  ,  ,  ,  ,  ,  ,  ,  ,  ,  ,  ,  ,  ,  ,  ,  ,  ,  ,  ,  ,  ,  ,  ,  ,  ,  ,  ,  ,  ,  ,  ,  ,  ,  ,  ,  ,  ,  ,  ,  ,  ,  ,  ,  ,  ,  ,  ,  ,  ,  ,  ,  ,  ,  ,  ,  ,  ,  ,  ,  ,  ,  ,  ,  ,  ,  ,  ,  ,  ,  ,  ,  ,  ,  ,  ,  ,  ,  ,  ,  ,  ,  ,  ,  ,  ,  ,  ,  ,  ,  ,  ,  ,  ,  ,  ,  ,  ,  ,  ,  ,  ,  ,  ,  ,  ,  ,  ,  ,  ,  ,  ,  ,  ,  ,  ,  ,  ,  ,  ,  ,  ,  ,  ,  ,  ,  ,  ,  ,  ,  ,  ,  ,  ,  ,  ,  ,  ,  ,  ,  ,  ,  ,  ,  ,  ,  ,  ,  ,  ,  ,  ,  ,  ,  ,  ,  ,  ,  ,  ,  ,  ,  ,  ,  ,  ,  ,  ,  ,  ,  ,  ,  ,  ,  ,  ,  ,  ,  ,  ,  ,  ,  ,  ,  ,  ,  ,  ,  ,  ,  ,  ,  ,  ,  ,  ,  ,  ,  ,  ,  ,  ,  ,  ,  ,  ,  ,  ,  ,  , 0+0:0:0:0:0
C# major blues (7#),  ,  ,  ,  ,  ,  ,  ,  ,  ,  ,  ,  ,  ,  ,  ,  ,  ,  ,  ,  ,  ,  ,  ,  ,  ,  ,  ,  ,  ,  ,  ,  ,  ,  ,  ,  ,  ,  ,  ,  ,  ,  ,  ,  ,  ,  ,  ,  ,  ,  ,  ,  ,  ,  ,  ,  ,  ,  ,  ,  ,  ,  ,  ,  ,  ,  ,  ,  ,  ,  ,  ,  ,  ,  ,  ,  ,  ,  ,  ,  ,  ,  ,  ,  ,  ,  ,  ,  ,  ,  ,  ,  ,  ,  ,  ,  ,  ,  ,  ,  ,  ,  ,  ,  ,  ,  ,  ,  ,  ,  ,  ,  ,  ,  ,  ,  ,  ,  ,  ,  ,  ,  ,  ,  ,  ,  ,  ,  ,  ,  ,  ,  ,  ,  ,  ,  ,  ,  ,  ,  ,  ,  ,  ,  ,  ,  ,  ,  ,  ,  ,  ,  ,  ,  ,  ,  ,  ,  ,  ,  ,  ,  ,  ,  ,  ,  ,  ,  ,  ,  ,  ,  ,  ,  ,  ,  ,  ,  ,  ,  ,  ,  ,  ,  ,  ,  ,  ,  ,  ,  ,  ,  ,  ,  ,  ,  ,  ,  ,  ,  ,  ,  ,  ,  ,  ,  ,  ,  ,  ,  ,  ,  ,  ,  ,  ,  ,  ,  ,  ,  ,  ,  ,  ,  ,  ,  ,  ,  ,  ,  ,  ,  ,  ,  ,  ,  ,  ,  ,  ,  ,  ,  ,  ,  ,  ,  ,  ,  ,  ,  ,  ,  ,  ,  ,  ,  ,  ,  ,  ,  ,  ,  ,  ,  ,  ,  ,  ,  ,  ,  ,  ,  ,  ,  ,  ,  ,  ,  ,  ,  ,  ,  ,  ,  ,  ,  ,  ,  ,  ,  ,  ,  ,  ,  ,  ,  ,  ,  ,  ,  ,  ,  ,  ,  ,  ,  ,  ,  ,  ,  ,  ,  ,  ,  ,  ,  ,  ,  ,  ,  ,  ,  ,  ,  ,  ,  ,  ,  ,  ,  ,  ,  ,  ,  ,  ,  ,  ,  ,  ,  ,  ,  ,  ,  ,  ,  ,  ,  ,  ,  ,  ,  ,  ,  ,  ,  , 0+0:0:0:0:0
Ab minor blues (7b),  ,  ,  ,  ,  ,  ,  ,  ,  ,  ,  ,  ,  ,  ,  ,  ,  ,  ,  ,  ,  ,  ,  ,  ,  ,  ,  ,  ,  ,  ,  ,  ,  ,  ,  ,  ,  ,  ,  ,  ,  ,  ,  ,  ,  ,  ,  ,  ,  ,  ,  ,  ,  ,  ,  ,  ,  ,  ,  ,  ,  ,  ,  ,  ,  ,  ,  ,  ,  ,  ,  ,  ,  ,  ,  ,  ,  ,  ,  ,  ,  ,  ,  ,  ,  ,  ,  ,  ,  ,  ,  ,  ,  ,  ,  ,  ,  ,  ,  ,  ,  ,  ,  ,  ,  ,  ,  ,  ,  ,  ,  ,  ,  ,  ,  ,  ,  ,  ,  ,  ,  ,  ,  ,  ,  ,  ,  ,  ,  ,  ,  ,  ,  ,  ,  ,  ,  ,  ,  ,  ,  ,  ,  ,  ,  ,  ,  ,  ,  ,  ,  ,  ,  ,  ,  ,  ,  ,  ,  ,  ,  ,  ,  ,  ,  ,  ,  ,  ,  ,  ,  ,  ,  ,  ,  ,  ,  ,  ,  ,  ,  ,  ,  ,  ,  ,  ,  ,  ,  ,  ,  ,  ,  ,  ,  ,  ,  ,  ,  ,  ,  ,  ,  ,  ,  ,  ,  ,  ,  ,  ,  ,  ,  ,  ,  ,  ,  ,  ,  ,  ,  ,  ,  ,  ,  ,  ,  ,  ,  ,  ,  ,  ,  ,  ,  ,  ,  ,  ,  ,  ,  ,  ,  ,  ,  ,  ,  ,  ,  ,  ,  ,  ,  ,  ,  ,  ,  ,  ,  ,  ,  ,  ,  ,  ,  ,  ,  ,  ,  ,  ,  ,  ,  ,  ,  ,  ,  ,  ,  ,  ,  ,  ,  ,  ,  ,  ,  ,  ,  ,  ,  ,  ,  ,  ,  ,  ,  ,  ,  ,  ,  ,  ,  ,  ,  ,  ,  ,  ,  ,  ,  ,  ,  ,  ,  ,  ,  ,  ,  ,  ,  ,  ,  ,  ,  ,  ,  ,  ,  ,  ,  ,  ,  ,  ,  ,  ,  ,  ,  ,  ,  ,  ,  ,  ,  ,  ,  ,  ,  ,  ,  ,  ,  ,  ,  ,  , 0+0:0:0:0:0
A# minor blues (7#),  ,  ,  ,  ,  ,  ,  ,  ,  ,  ,  ,  ,  ,  ,  ,  ,  ,  ,  ,  ,  ,  ,  ,  ,  ,  ,  ,  ,  ,  ,  ,  ,  ,  ,  ,  ,  ,  ,  ,  ,  ,  ,  ,  ,  ,  ,  ,  ,  ,  ,  ,  ,  ,  ,  ,  ,  ,  ,  ,  ,  ,  ,  ,  ,  ,  ,  ,  ,  ,  ,  ,  ,  ,  ,  ,  ,  ,  ,  ,  ,  ,  ,  ,  ,  ,  ,  ,  ,  ,  ,  ,  ,  ,  ,  ,  ,  ,  ,  ,  ,  ,  ,  ,  ,  ,  ,  ,  ,  ,  ,  ,  ,  ,  ,  ,  ,  ,  ,  ,  ,  ,  ,  ,  ,  ,  ,  ,  ,  ,  ,  ,  ,  ,  ,  ,  ,  ,  ,  ,  ,  ,  ,  ,  ,  ,  ,  ,  ,  ,  ,  ,  ,  ,  ,  ,  ,  ,  ,  ,  ,  ,  ,  ,  ,  ,  ,  ,  ,  ,  ,  ,  ,  ,  ,  ,  ,  ,  ,  ,  ,  ,  ,  ,  ,  ,  ,  ,  ,  ,  ,  ,  ,  ,  ,  ,  ,  ,  ,  ,  ,  ,  ,  ,  ,  ,  ,  ,  ,  ,  ,  ,  ,  ,  ,  ,  ,  ,  ,  ,  ,  ,  ,  ,  ,  ,  ,  ,  ,  ,  ,  ,  ,  ,  ,  ,  ,  ,  ,  ,  ,  ,  ,  ,  ,  ,  ,  ,  ,  ,  ,  ,  ,  ,  ,  ,  ,  ,  ,  ,  ,  ,  ,  ,  ,  ,  ,  ,  ,  ,  ,  ,  ,  ,  ,  ,  ,  ,  ,  ,  ,  ,  ,  ,  ,  ,  ,  ,  ,  ,  ,  ,  ,  ,  ,  ,  ,  ,  ,  ,  ,  ,  ,  ,  ,  ,  ,  ,  ,  ,  ,  ,  ,  ,  ,  ,  ,  ,  ,  ,  ,  ,  ,  ,  ,  ,  ,  ,  ,  ,  ,  ,  ,  ,  ,  ,  ,  ,  ,  ,  ,  ,  ,  ,  ,  ,  ,  ,  ,  ,  ,  ,  ,  ,  ,  ,  , 0+0:0:0:0:0
Cb dorian (7b),  ,  ,  ,  ,  ,  ,  ,  ,  ,  ,  ,  ,  ,  ,  ,  ,  ,  ,  ,  ,  ,  ,  ,  ,  ,  ,  ,  ,  ,  ,  ,  ,  ,  ,  ,  ,  ,  ,  ,  ,  ,  ,  ,  ,  ,  ,  ,  ,  ,  ,  ,  ,  ,  ,  ,  ,  ,  ,  ,  ,  ,  ,  ,  ,  ,  ,  ,  ,  ,  ,  ,  ,  ,  ,  ,  ,  ,  ,  ,  ,  ,  ,  ,  ,  ,  ,  ,  ,  ,  ,  ,  ,  ,  ,  ,  ,  ,  ,  ,  ,  ,  ,  ,  ,  ,  ,  ,  ,  ,  ,  ,  ,  ,  ,  ,  ,  ,  ,  ,  ,  ,  ,  ,  ,  ,  ,  ,  ,  ,  ,  ,  ,  ,  ,  ,  ,  ,  ,  ,  ,  ,  ,  ,  ,  ,  ,  ,  ,  ,  ,  ,  ,  ,  ,  ,  ,  ,  ,  ,  ,  ,  ,  ,  ,  ,  ,  ,  ,  ,  ,  ,  ,  ,  ,  ,  ,  ,  ,  ,  ,  ,  ,  ,  ,  ,  ,  ,  ,  ,  ,  ,  ,  ,  ,  ,  ,  ,  ,  ,  ,  ,  ,  ,  ,  ,  ,  ,  ,  ,  ,  ,  ,  ,  ,  ,  ,  ,  ,  ,  ,  ,  ,  ,  ,  ,  ,  ,  ,  ,  ,  ,  ,  ,  ,  ,  ,  ,  ,  ,  ,  ,  ,  ,  ,  ,  ,  ,  ,  ,  ,  ,  ,  ,  ,  ,  ,  ,  ,  ,  ,  ,  ,  ,  ,  ,  ,  ,  ,  ,  ,  ,  ,  ,  ,  ,  ,  ,  ,  ,  ,  ,  ,  ,  ,  ,  ,  ,  ,  ,  ,  ,  ,  ,  ,  ,  ,  ,  ,  ,  ,  ,  ,  ,  ,  ,  ,  ,  ,  ,  ,  ,  ,  ,  ,  ,  ,  ,  ,  ,  ,  ,  ,  ,  ,  ,  ,  ,  ,  ,  ,  ,  ,  ,  ,  ,  ,  ,  ,  ,  ,  ,  ,  ,  ,  ,  ,  ,  ,  ,  ,  ,  ,  ,  ,  ,  , 0+0:0:0:0:0
C# dorian (7#),  ,  ,  ,  ,  ,  ,  ,  ,  ,  ,  ,  ,  ,  ,  ,  ,  ,  ,  ,  ,  ,  ,  ,  ,  ,  ,  ,  ,  ,  ,  ,  ,  ,  ,  ,  ,  ,  ,  ,  ,  ,  ,  ,  ,  ,  ,  ,  ,  ,  ,  ,  ,  ,  ,  ,  ,  ,  ,  ,  ,  ,  ,  ,  ,  ,  ,  ,  ,  ,  ,  ,  ,  ,  ,  ,  ,  ,  ,  ,  ,  ,  ,  ,  ,  ,  ,  ,  ,  ,  ,  ,  ,  ,  ,  ,  ,  ,  ,  ,  ,  ,  ,  ,  ,  ,  ,  ,  ,  ,  ,  ,  ,  ,  ,  ,  ,  ,  ,  ,  ,  ,  ,  ,  ,  ,  ,  ,  ,  ,  ,  ,  ,  ,  ,  ,  ,  ,  ,  ,  ,  ,  ,  ,  ,  ,  ,  ,  ,  ,  ,  ,  ,  ,  ,  ,  ,  ,  ,  ,  ,  ,  ,  ,  ,  ,  ,  ,  ,  ,  ,  ,  ,  ,  ,  ,  ,  ,  ,  ,  ,  ,  ,  ,  ,  ,  ,  ,  ,  ,  ,  ,  ,  ,  ,  ,  ,  ,  ,  ,  ,  ,  ,  ,  ,  ,  ,  ,  ,  ,  ,  ,  ,  ,  ,  ,  ,  ,  ,  ,  ,  ,  ,  ,  ,  ,  ,  ,  ,  ,  ,  ,  ,  ,  ,  ,  ,  ,  ,  ,  ,  ,  ,  ,  ,  ,  ,  ,  ,  ,  ,  ,  ,  ,  ,  ,  ,  ,  ,  ,  ,  ,  ,  ,  ,  ,  ,  ,  ,  ,  ,  ,  ,  ,  ,  ,  ,  ,  ,  ,  ,  ,  ,  ,  ,  ,  ,  ,  ,  ,  ,  ,  ,  ,  ,  ,  ,  ,  ,  ,  ,  ,  ,  ,  ,  ,  ,  ,  ,  ,  ,  ,  ,  ,  ,  ,  ,  ,  ,  ,  ,  ,  ,  ,  ,  ,  ,  ,  ,  ,  ,  ,  ,  ,  ,  ,  ,  ,  ,  ,  ,  ,  ,  ,  ,  ,  ,  ,  ,  ,  ,  ,  ,  ,  ,  ,  , 0+0:0:0:0:0
Cb phrygian (7b),  ,  ,  ,  ,  ,  ,  ,  ,  ,  ,  ,  ,  ,  ,  ,  ,  ,  ,  ,  ,  ,  ,  ,  ,  ,  ,  ,  ,  ,  ,  ,  ,  ,  ,  ,  ,  ,  ,  ,  ,  ,  ,  ,  ,  ,  ,  ,  ,  ,  ,  ,  ,  ,  ,  ,  ,  ,  ,  ,  ,  ,  ,  ,  ,  ,  ,  ,  ,  ,  ,  ,  ,  ,  ,  ,  ,  ,  ,  ,  ,  ,  ,  ,  ,  ,  ,  ,  ,  ,  ,  ,  ,  ,  ,  ,  ,  ,  ,  ,  ,  ,  ,  ,  ,  ,  ,  ,  ,  ,  ,  ,  ,  ,  ,  ,  ,  ,  ,  ,  ,  ,  ,  ,  ,  ,  ,  ,  ,  ,  ,  ,  ,  ,  ,  ,  ,  ,  ,  ,  ,  ,  ,  ,  ,  ,  ,  ,  ,  ,  ,  ,  ,  ,  ,  ,  ,  ,  ,  ,  ,  ,  ,  ,  ,  ,  ,  ,  ,  ,  ,  ,  ,  ,  ,  ,  ,  ,  ,  ,  ,  ,  ,  ,  ,  ,  ,  ,  ,  ,  ,  ,  ,  ,  ,  ,  ,  ,  ,  ,  ,  ,  ,  ,  ,  ,  ,  ,  ,  ,  ,  ,  ,  ,  ,  ,  ,  ,  ,  ,  ,  ,  ,  ,  ,  ,  ,  ,  ,  ,  ,  ,  ,  ,  ,  ,  ,  ,  ,  ,  ,  ,  ,  ,  ,  ,  ,  ,  ,  ,  ,  ,  ,  ,  ,  ,  ,  ,  ,  ,  ,  ,  ,  ,  ,  ,  ,  ,  ,  ,  ,  ,  ,  ,  ,  ,  ,  ,  ,  ,  ,  ,  ,  ,  ,  ,  ,  ,  ,  ,  ,  ,  ,  ,  ,  ,  ,  ,  ,  ,  ,  ,  ,  ,  ,  ,  ,  ,  ,  ,  ,  ,  ,  ,  ,  ,  ,  ,  ,  ,  ,  ,  ,  ,  ,  ,  ,  ,  ,  ,  ,  ,  ,  ,  ,  ,  ,  ,  ,  ,  ,  ,  ,  ,  ,  ,  ,  ,  ,  ,  ,  ,  ,  ,  ,  ,  , 0+0:0:0:0:0
C# phrygian (7#),  ,  ,  ,  ,  ,  ,  ,  ,  ,  ,  ,  ,  ,  ,  ,  ,  ,  ,  ,  ,  ,  ,  ,  ,  ,  ,  ,  ,  ,  ,  ,  ,  ,  ,  ,  ,  ,  ,  ,  ,  ,  ,  ,  ,  ,  ,  ,  ,  ,  ,  ,  ,  ,  ,  ,  ,  ,  ,  ,  ,  ,  ,  ,  ,  ,  ,  ,  ,  ,  ,  ,  ,  ,  ,  ,  ,  ,  ,  ,  ,  ,  ,  ,  ,  ,  ,  ,  ,  ,  ,  ,  ,  ,  ,  ,  ,  ,  ,  ,  ,  ,  ,  ,  ,  ,  ,  ,  ,  ,  ,  ,  ,  ,  ,  ,  ,  ,  ,  ,  ,  ,  ,  ,  ,  ,  ,  ,  ,  ,  ,  ,  ,  ,  ,  ,  ,  ,  ,  ,  ,  ,  ,  ,  ,  ,  ,  ,  ,  ,  ,  ,  ,  ,  ,  ,  ,  ,  ,  ,  ,  ,  ,  ,  ,  ,  ,  ,  ,  ,  ,  ,  ,  ,  ,  ,  ,  ,  ,  ,  ,  ,  ,  ,  ,  ,  ,  ,  ,  ,  ,  ,  ,  ,  ,  ,  ,  ,  ,  ,  ,  ,  ,  ,  ,  ,  ,  ,  ,  ,  ,  ,  ,  ,  ,  ,  ,  ,  ,  ,  ,  ,  ,  ,  ,  ,  ,  ,  ,  ,  ,  ,  ,  ,  ,  ,  ,  ,  ,  ,  ,  ,  ,  ,  ,  ,  ,  ,  ,  ,  ,  ,  ,  ,  ,  ,  ,  ,  ,  ,  ,  ,  ,  ,  ,  ,  ,  ,  ,  ,  ,  ,  ,  ,  ,  ,  ,  ,  ,  ,  ,  ,  ,  ,  ,  ,  ,  ,  ,  ,  ,  ,  ,  ,  ,  ,  ,  ,  ,  ,  ,  ,  ,  ,  ,  ,  ,  ,  ,  ,  ,  ,  ,  ,  ,  ,  ,  ,  ,  ,  ,  ,  ,  ,  ,  ,  ,  ,  ,  ,  ,  ,  ,  ,  ,  ,  ,  ,  ,  ,  ,  ,  ,  ,  ,  ,  ,  ,  ,  ,  ,  ,  ,  ,  ,  ,  , 0+0:0:0:0:0
Cb lydian (7b),  ,  ,  ,  ,  ,  ,  ,  ,  ,  ,  ,  ,  ,  ,  ,  ,  ,  ,  ,  ,  ,  ,  ,  ,  ,  ,  ,  ,  ,  ,  ,  ,  ,  ,  ,  ,  ,  ,  ,  ,  ,  ,  ,  ,  ,  ,  ,  ,  ,  ,  ,  ,  ,  ,  ,  ,  ,  ,  ,  ,  ,  ,  ,  ,  ,  ,  ,  ,  ,  ,  ,  ,  ,  ,  ,  ,  ,  ,  ,  ,  ,  ,  ,  ,  ,  ,  ,  ,  ,  ,  ,  ,  ,  ,  ,  ,  ,  ,  ,  ,  ,  ,  ,  ,  ,  ,  ,  ,  ,  ,  ,  ,  ,  ,  ,  ,  ,  ,  ,  ,  ,  ,  ,  ,  ,  ,  ,  ,  ,  ,  ,  ,  ,  ,  ,  ,  ,  ,  ,  ,  ,  ,  ,  ,  ,  ,  ,  ,  ,  ,  ,  ,  ,  ,  ,  ,  ,  ,  ,  ,  ,  ,  ,  ,  ,  ,  ,  ,  ,  ,  ,  ,  ,  ,  ,  ,  ,  ,  ,  ,  ,  ,  ,  ,  ,  ,  ,  ,  ,  ,  ,  ,  ,  ,  ,  ,  ,  ,  ,  ,  ,  ,  ,  ,  ,  ,  ,  ,  ,  ,  ,  ,  ,  ,  ,  ,  ,  ,  ,  ,  ,  ,  ,  ,  ,  ,  ,  ,  ,  ,  ,  ,  ,  ,  ,  ,  ,  ,  ,  ,  ,  ,  ,  ,  ,  ,  ,  ,  ,  ,  ,  ,  ,  ,  ,  ,  ,  ,  ,  ,  ,  ,  ,  ,  ,  ,  ,  ,  ,  ,  ,  ,  ,  ,  ,  ,  ,  ,  ,  ,  ,  ,  ,  ,  ,  ,  ,  ,  ,  ,  ,  ,  ,  ,  ,  ,  ,  ,  ,  ,  ,  ,  ,  ,  ,  ,  ,  ,  ,  ,  ,  ,  ,  ,  ,  ,  ,  ,  ,  ,  ,  ,  ,  ,  ,  ,  ,  ,  ,  ,  ,  ,  ,  ,  ,  ,  ,  ,  ,  ,  ,  ,  ,  ,  ,  ,  ,  ,  ,  ,  ,  ,  ,  ,  ,  , 0+0:0:0:0:0
C# lydian (7#),  ,  ,  ,  ,  ,  ,  ,  ,  ,  ,  ,  ,  ,  ,  ,  ,  ,  ,  ,  ,  ,  ,  ,  ,  ,  ,  ,  ,  ,  ,  ,  ,  ,  ,  ,  ,  ,  ,  ,  ,  ,  ,  ,  ,  ,  ,  ,  ,  ,  ,  ,  ,  ,  ,  ,  ,  ,  ,  ,  ,  ,  ,  ,  ,  ,  ,  ,  ,  ,  ,  ,  ,  ,  ,  ,  ,  ,  ,  ,  ,  ,  ,  ,  ,  ,  ,  ,  ,  ,  ,  ,  ,  ,  ,  ,  ,  ,  ,  ,  ,  ,  ,  ,  ,  ,  ,  ,  ,  ,  ,  ,  ,  ,  ,  ,  ,  ,  ,  ,  ,  ,  ,  ,  ,  ,  ,  ,  ,  ,  ,  ,  ,  ,  ,  ,  ,  ,  ,  ,  ,  ,  ,  ,  ,  ,  ,  ,  ,  ,  ,  ,  ,  ,  ,  ,  ,  ,  ,  ,  ,  ,  ,  ,  ,  ,  ,  ,  ,  ,  ,  ,  ,  ,  ,  ,  ,  ,  ,  ,  ,  ,  ,  ,  ,  ,  ,  ,  ,  ,  ,  ,  ,  ,  ,  ,  ,  ,  ,  ,  ,  ,  ,  ,  ,  ,  ,  ,  ,  ,  ,  ,  ,  ,  ,  ,  ,  ,  ,  ,  ,  ,  ,  ,  ,  ,  ,  ,  ,  ,  ,  ,  ,  ,  ,  ,  ,  ,  ,  ,  ,  ,  ,  ,  ,  ,  ,  ,  ,  ,  ,  ,  ,  ,  ,  ,  ,  ,  ,  ,  ,  ,  ,  ,  ,  ,  ,  ,  ,  ,  ,  ,  ,  ,  ,  ,  ,  ,  ,  ,  ,  ,  ,  ,  ,  ,  ,  ,  ,  ,  ,  ,  ,  ,  ,  ,  ,  ,  ,  ,  ,  ,  ,  ,  ,  ,  ,  ,  ,  ,  ,  ,  ,  ,  ,  ,  ,  ,  ,  ,  ,  ,  ,  ,  ,  ,  ,  ,  ,  ,  ,  ,  ,  ,  ,  ,  ,  ,  ,  ,  ,  ,  ,  ,  ,  ,  ,  ,  ,  ,  ,  ,  ,  ,  ,  ,  , 0+0:0:0:0:0
Cb mixolydian (7b),  ,  ,  ,  ,  ,  ,  ,  ,  ,  ,  ,  ,  ,  ,  ,  ,  ,  ,  ,  ,  ,  ,  ,  ,  ,  ,  ,  ,  ,  ,  ,  ,  ,  ,  ,  ,  ,  ,  ,  ,  ,  ,  ,  ,  ,  ,  ,  ,  ,  ,  ,  ,  ,  ,  ,  ,  ,  ,  ,  ,  ,  ,  ,  ,  ,  ,  ,  ,  ,  ,  ,  ,  ,  ,  ,  ,  ,  ,  ,  ,  ,  ,  ,  ,  ,  ,  ,  ,  ,  ,  ,  ,  ,  ,  ,  ,  ,  ,  ,  ,  ,  ,  ,  ,  ,  ,  ,  ,  ,  ,  ,  ,  ,  ,  ,  ,  ,  ,  ,  ,  ,  ,  ,  ,  ,  ,  ,  ,  ,  ,  ,  ,  ,  ,  ,  ,  ,  ,  ,  ,  ,  ,  ,  ,  ,  ,  ,  ,  ,  ,  ,  ,  ,  ,  ,  ,  ,  ,  ,  ,  ,  ,  ,  ,  ,  ,  ,  ,  ,  ,  ,  ,  ,  ,  ,  ,  ,  ,  ,  ,  ,  ,  ,  ,  ,  ,  ,  ,  ,  ,  ,  ,  ,  ,  ,  ,  ,  ,  ,  ,  ,  ,  ,  ,  ,  ,  ,  ,  ,  ,  ,  ,  ,  ,  ,  ,  ,  ,  ,  ,  ,  ,  ,  ,  ,  ,  ,  ,  ,  ,  ,  ,  ,  ,  ,  ,  ,  ,  ,  ,  ,  ,  ,  ,  ,  ,  ,  ,  ,  ,  ,  ,  ,  ,  ,  ,  ,  ,  ,  ,  ,  ,  ,  ,  ,  ,  ,  ,  ,  ,  ,  ,  ,  ,  ,  ,  ,  ,  ,  ,  ,  ,  ,  ,  ,  ,  ,  ,  ,  ,  ,  ,  ,  ,  ,  ,  ,  ,  ,  ,  ,  ,  ,  ,  ,  ,  ,  ,  ,  ,  ,  ,  ,  ,  ,  ,  ,  ,  ,  ,  ,  ,  ,  ,  ,  ,  ,  ,  ,  ,  ,  ,  ,  ,  ,  ,  ,  ,  ,  ,  ,  ,  ,  ,  ,  ,  ,  ,  ,  ,  ,  ,  ,  ,  ,  , 0+0:0:0:0:0
C# mixolydian (7#),  ,  ,  ,  ,  ,  ,  ,  ,  ,  ,  ,  ,  ,  ,  ,  ,  ,  ,  ,  ,  ,  ,  ,  ,  ,  ,  ,  ,  ,  ,  ,  ,  ,  ,  ,  ,  ,  ,  ,  ,  ,  ,  ,  ,  ,  ,  ,  ,  ,  ,  ,  ,  ,  ,  ,  ,  ,  ,  ,  ,  ,  ,  ,  ,  ,  ,  ,  ,  ,  ,  ,  ,  ,  ,  ,  ,  ,  ,  ,  ,  ,  ,  ,  ,  ,  ,  ,  ,  ,  ,  ,  ,  ,  ,  ,  ,  ,  ,  ,  ,  ,  ,  ,  ,  ,  ,  ,  ,  ,  ,  ,  ,  ,  ,  ,  ,  ,  ,  ,  ,  ,  ,  ,  ,  ,  ,  ,  ,  ,  ,  ,  ,  ,  ,  ,  ,  ,  ,  ,  ,  ,  ,  ,  ,  ,  ,  ,  ,  ,  ,  ,  ,  ,  ,  ,  ,  ,  ,  ,  ,  ,  ,  ,  ,  ,  ,  ,  ,  ,  ,  ,  ,  ,  ,  ,  ,  ,  ,  ,  ,  ,  ,  ,  ,  ,  ,  ,  ,  ,  ,  ,  ,  ,  ,  ,  ,  ,  ,  ,  ,  ,  ,  ,  ,  ,  ,  ,  ,  ,  ,  ,  ,  ,  ,  ,  ,  ,  ,  ,  ,  ,  ,  ,  ,  ,  ,  ,  ,  ,  ,  ,  ,  ,  ,  ,  ,  ,  ,  ,  ,  ,  ,  ,  ,  ,  ,  ,  ,  ,  ,  ,  ,  ,  ,  ,  ,  ,  ,  ,  ,  ,  ,  ,  ,  ,  ,  ,  ,  ,  ,  ,  ,  ,  ,  ,  ,  ,  ,  ,  ,  ,  ,  ,  ,  ,  ,  ,  ,  ,  ,  ,  ,  ,  ,  ,  ,  ,  ,  ,  ,  ,  ,  ,  ,  ,  ,  ,  ,  ,  ,  ,  ,  ,  ,  ,  ,  ,  ,  ,  ,  ,  ,  ,  ,  ,  ,  ,  ,  ,  ,  ,  ,  ,  ,  ,  ,  ,  ,  ,  ,  ,  ,  ,  ,  ,  ,  ,  ,  ,  ,  ,  ,  ,  ,  ,  , 0+0:0:0:0:0
Cb aeolian (7b),  ,  ,  ,  ,  ,  ,  ,  ,  ,  ,  ,  ,  ,  ,  ,  ,  ,  ,  ,  ,  ,  ,  ,  ,  ,  ,  ,  ,  ,  ,  ,  ,  ,  ,  ,  ,  ,  ,  ,  ,  ,  ,  ,  ,  ,  ,  ,  ,  ,  ,  ,  ,  ,  ,  ,  ,  ,  ,  ,  ,  ,  ,  ,  ,  ,  ,  ,  ,  ,  ,  ,  ,  ,  ,  ,  ,  ,  ,  ,  ,  ,  ,  ,  ,  ,  ,  ,  ,  ,  ,  ,  ,  ,  ,  ,  ,  ,  ,  ,  ,  ,  ,  ,  ,  ,  ,  ,  ,  ,  ,  ,  ,  ,  ,  ,  ,  ,  ,  ,  ,  ,  ,  ,  ,  ,  ,  ,  ,  ,  ,  ,  ,  ,  ,  ,  ,  ,  ,  ,  ,  ,  ,  ,  ,  ,  ,  ,  ,  ,  ,  ,  ,  ,  ,  ,  ,  ,  ,  ,  ,  ,  ,  ,  ,  ,  ,  ,  ,  ,  ,  ,  ,  ,  ,  ,  ,  ,  ,  ,  ,  ,  ,  ,  ,  ,  ,  ,  ,  ,  ,  ,  ,  ,  ,  ,  ,  ,  ,  ,  ,  ,  ,  ,  ,  ,  ,  ,  ,  ,  ,  ,  ,  ,  ,  ,  ,  ,  ,  ,  ,  ,  ,  ,  ,  ,  ,  ,  ,  ,  ,  ,  ,  ,  ,  ,  ,  ,  ,  ,  ,  ,  ,  ,  ,  ,  ,  ,  ,  ,  ,  ,  ,  ,  ,  ,  ,  ,  ,  ,  ,  ,  ,  ,  ,  ,  ,  ,  ,  ,  ,  ,  ,  ,  ,  ,  ,  ,  ,  ,  ,  ,  ,  ,  ,  ,  ,  ,  ,  ,  ,  ,  ,  ,  ,  ,  ,  ,  ,  ,  ,  ,  ,  ,  ,  ,  ,  ,  ,  ,  ,  ,  ,  ,  ,  ,  ,  ,  ,  ,  ,  ,  ,  ,  ,  ,  ,  ,  ,  ,  ,  ,  ,  ,  ,  ,  ,  ,  ,  ,  ,  ,  ,  ,  ,  ,  ,  ,  ,  ,  ,  ,  ,  ,  ,  ,  , 0+0:0:0:0:0
C# aeolian (7#),  ,  ,  ,  ,  ,  ,  ,  ,  ,  ,  ,  ,  ,  ,  ,  ,  ,  ,  ,  ,  ,  ,  ,  ,  ,  ,  ,  ,  ,  ,  ,  ,  ,  ,  ,  ,  ,  ,  ,  ,  ,  ,  ,  ,  ,  ,  ,  ,  ,  ,  ,  ,  ,  ,  ,  ,  ,  ,  ,  ,  ,  ,  ,  ,  ,  ,  ,  ,  ,  ,  ,  ,  ,  ,  ,  ,  ,  ,  ,  ,  ,  ,  ,  ,  ,  ,  ,  ,  ,  ,  ,  ,  ,  ,  ,  ,  ,  ,  ,  ,  ,  ,  ,  ,  ,  ,  ,  ,  ,  ,  ,  ,  ,  ,  ,  ,  ,  ,  ,  ,  ,  ,  ,  ,  ,  ,  ,  ,  ,  ,  ,  ,  ,  ,  ,  ,  ,  ,  ,  ,  ,  ,  ,  ,  ,  ,  ,  ,  ,  ,  ,  ,  ,  ,  ,  ,  ,  ,  ,  ,  ,  ,  ,  ,  ,  ,  ,  ,  ,  ,  ,  ,  ,  ,  ,  ,  ,  ,  ,  ,  ,  ,  ,  ,  ,  ,  ,  ,  ,  ,  ,  ,  ,  ,  ,  ,  ,  ,  ,  ,  ,  ,  ,  ,  ,  ,  ,  ,  ,  ,  ,  ,  ,  ,  ,  ,  ,  ,  ,  ,  ,  ,  ,  ,  ,  ,  ,  ,  ,  ,  ,  ,  ,  ,  ,  ,  ,  ,  ,  ,  ,  ,  ,  ,  ,  ,  ,  ,  ,  ,  ,  ,  ,  ,  ,  ,  ,  ,  ,  ,  ,  ,  ,  ,  ,  ,  ,  ,  ,  ,  ,  ,  ,  ,  ,  ,  ,  ,  ,  ,  ,  ,  ,  ,  ,  ,  ,  ,  ,  ,  ,  ,  ,  ,  ,  ,  ,  ,  ,  ,  ,  ,  ,  ,  ,  ,  ,  ,  ,  ,  ,  ,  ,  ,  ,  ,  ,  ,  ,  ,  ,  ,  ,  ,  ,  ,  ,  ,  ,  ,  ,  ,  ,  ,  ,  ,  ,  ,  ,  ,  ,  ,  ,  ,  ,  ,  ,  ,  ,  ,  ,  ,  ,  ,  ,  , 0+0:0:0:0:0
Cb locrian (7b),  ,  ,  ,  ,  ,  ,  ,  ,  ,  ,  ,  ,  ,  ,  ,  ,  ,  ,  ,  ,  ,  ,  ,  ,  ,  ,  ,  ,  ,  ,  ,  ,  ,  ,  ,  ,  ,  ,  ,  ,  ,  ,  ,  ,  ,  ,  ,  ,  ,  ,  ,  ,  ,  ,  ,  ,  ,  ,  ,  ,  ,  ,  ,  ,  ,  ,  ,  ,  ,  ,  ,  ,  ,  ,  ,  ,  ,  ,  ,  ,  ,  ,  ,  ,  ,  ,  ,  ,  ,  ,  ,  ,  ,  ,  ,  ,  ,  ,  ,  ,  ,  ,  ,  ,  ,  ,  ,  ,  ,  ,  ,  ,  ,  ,  ,  ,  ,  ,  ,  ,  ,  ,  ,  ,  ,  ,  ,  ,  ,  ,  ,  ,  ,  ,  ,  ,  ,  ,  ,  ,  ,  ,  ,  ,  ,  ,  ,  ,  ,  ,  ,  ,  ,  ,  ,  ,  ,  ,  ,  ,  ,  ,  ,  ,  ,  ,  ,  ,  ,  ,  ,  ,  ,  ,  ,  ,  ,  ,  ,  ,  ,  ,  ,  ,  ,  ,  ,  ,  ,  ,  ,  ,  ,  ,  ,  ,  ,  ,  ,  ,  ,  ,  ,  ,  ,  ,  ,  ,  ,  ,  ,  ,  ,  ,  ,  ,  ,  ,  ,  ,  ,  ,  ,  ,  ,  ,  ,  ,  ,  ,  ,  ,  ,  ,  ,  ,  ,  ,  ,  ,  ,  ,  ,  ,  ,  ,  ,  ,  ,  ,  ,  ,  ,  ,  ,  ,  ,  ,  ,  ,  ,  ,  ,  ,  ,  ,  ,  ,  ,  ,  ,  ,  ,  ,  ,  ,  ,  ,  ,  ,  ,  ,  ,  ,  ,  ,  ,  ,  ,  ,  ,  ,  ,  ,  ,  ,  ,  ,  ,  ,  ,  ,  ,  ,  ,  ,  ,  ,  ,  ,  ,  ,  ,  ,  ,  ,  ,  ,  ,  ,  ,  ,  ,  ,  ,  ,  ,  ,  ,  ,  ,  ,  ,  ,  ,  ,  ,  ,  ,  ,  ,  ,  ,  ,  ,  ,  ,  ,  ,  ,  ,  ,  ,  ,  ,  , 0+0:0:0:0:0
C# locrian (7#),  ,  ,  ,  ,  ,  ,  ,  ,  ,  ,  ,  ,  ,  ,  ,  ,  ,  ,  ,  ,  ,  ,  ,  ,  ,  ,  ,  ,  ,  ,  ,  ,  ,  ,  ,  ,  ,  ,  ,  ,  ,  ,  ,  ,  ,  ,  ,  ,  ,  ,  ,  ,  ,  ,  ,  ,  ,  ,  ,  ,  ,  ,  ,  ,  ,  ,  ,  ,  ,  ,  ,  ,  ,  ,  ,  ,  ,  ,  ,  ,  ,  ,  ,  ,  ,  ,  ,  ,  ,  ,  ,  ,  ,  ,  ,  ,  ,  ,  ,  ,  ,  ,  ,  ,  ,  ,  ,  ,  ,  ,  ,  ,  ,  ,  ,  ,  ,  ,  ,  ,  ,  ,  ,  ,  ,  ,  ,  ,  ,  ,  ,  ,  ,  ,  ,  ,  ,  ,  ,  ,  ,  ,  ,  ,  ,  ,  ,  ,  ,  ,  ,  ,  ,  ,  ,  ,  ,  ,  ,  ,  ,  ,  ,  ,  ,  ,  ,  ,  ,  ,  ,  ,  ,  ,  ,  ,  ,  ,  ,  ,  ,  ,  ,  ,  ,  ,  ,  ,  ,  ,  ,  ,  ,  ,  ,  ,  ,  ,  ,  ,  ,  ,  ,  ,  ,  ,  ,  ,  ,  ,  ,  ,  ,  ,  ,  ,  ,  ,  ,  ,  ,  ,  ,  ,  ,  ,  ,  ,  ,  ,  ,  ,  ,  ,  ,  ,  ,  ,  ,  ,  ,  ,  ,  ,  ,  ,  ,  ,  ,  ,  ,  ,  ,  ,  ,  ,  ,  ,  ,  ,  ,  ,  ,  ,  ,  ,  ,  ,  ,  ,  ,  ,  ,  ,  ,  ,  ,  ,  ,  ,  ,  ,  ,  ,  ,  ,  ,  ,  ,  ,  ,  ,  ,  ,  ,  ,  ,  ,  ,  ,  ,  ,  ,  ,  ,  ,  ,  ,  ,  ,  ,  ,  ,  ,  ,  ,  ,  ,  ,  ,  ,  ,  ,  ,  ,  ,  ,  ,  ,  ,  ,  ,  ,  ,  ,  ,  ,  ,  ,  ,  ,  ,  ,  ,  ,  ,  ,  ,  ,  ,  ,  ,  ,  ,  ,  , 0+0:0:0:0:0
