 , 0, 1, 2, 3, 4, 5, 6, 7, 8, 9, 10, 11, 12, 13, 14, 15, 16, 17, 18, 19, 20, 21, 22, 23, 24, 25, 26, 27, 28, 29, 30, 31, 32, 33, 34, 35, 36, 37, 38, 39, 40, 41, 42, 43, 44, 45, 46, 47, 48, 49, 50, 51, 52, 53, 54, 55, 56, 57, 58, 59, 60, 61, 62, 63, 64, 65, 66, 67, 68, 69, 70, 71, 72, 73, 74, 75, 76, 77, 78, 79, 80, 81, 82, 83, 84, 85, 86, 87, 88, 89, 90, 91, 92, 93, 94, 95, 96, 97, 98, 99, 100, 101, 102, 103, 104, 105, 106, 107, 108, 109, 110, 111, 112, 113, 114, 115, 116, 117, 118, 119, 120, 121, 122, 123, 124, 125, 126, 127, 128, 129, 130, 131, 132, 133, 134, 135, 136, 137, 138, 139, 140, 141, 142, 143, 144, 145, 146, 147, 148, 149, 150, 151, 152, 153, 154, 155, 156, 157, 158, 159, 160, 161, 162, 163, 164, 165, 166, 167, 168, 169, 170, 171, 172, 173, 174, 175, 176, 177, rowcost
C major (0), 0:0:0:0:0, 1:0:0:0:0, 1:0:0:0:0, 1:0:0:0:0, 1:0:0:0:0, 1:0:0:0:0, 1:0:0:0:0, 0:0:0:0:0, 2:0:0:0:0, 2:0:0:0:0, 0:0:0:0:0, 2:0:0:0:2, 1:0:0:0:0, 1:0:0:0:0, 1:0:0:0:0, 1:0:0:0:0, 3:0:0:0:0, 1:0:0:0:0, 2:0:0:0:0, 0:0:0:0:0, 1:0:0:0:0, 2:0:0:0:0, 1:0:0:0:0, 2:0:0:0:2, 0:0:0:0:0, 1:0:0:0:0, 1:0:0:0:0, 1:0:0:0:0, 0:0:0:0:0, 3:0:0:0:0, 3:0:0:0:0, 2:0:0:0:0, 1:0:0:0:0, 2:0:0:0:0, 1:0:0:0:0, 1:0:0:0:0, 1:0:0:0:0, 2:0:0:0:1, 1:0:0:0:1, 2:0:0:0:0, 0:0:0:0:0, 3:0:0:0:0, 3:0:1:0:1, 1:0:0:0:0, 1:0:0:0:0, 2:0:0:0:0, 1:0:0:0:0, 1:0:0:0:0, 1:0:0:0:0, 2:0:0:0:0, 2:0:0:0:0, 2:0:0:0:0, 0:0:0:0:0, 2:0:0:0:0, 3:0:0:0:1, 1:0:0:0:0, 1:0:0:0:0, 2:0:0:0:0, 0:0:0:0:0, 1:0:0:0:0, 1:0:0:0:0, 1:0:0:0:1, 1:0:0:0:1, 3:0:0:0:0, 1:0:0:0:1, 4:0:0:0:0, 3:0:0:0:0, 1:0:0:0:0, 3:0:0:0:0, 2:0:0:0:0, 2:0:0:0:0, 2:0:0:0:0, 1:0:0:0:0, 2:0:0:0:0, 2:0:0:0:0, 1:0:0:0:0, 1:0:0:0:0, 2:0:0:0:0, 3:0:0:0:0, 1:0:0:0:0, 0:0:0:0:0, 2:0:0:0:0, 2:0:0:0:0, 2:0:0:0:0, 2:0:0:0:0, 1:0:0:0:1, 2:0:0:0:0, 1:0:0:0:1, 3:0:0:0:0, 2:0:0:0:0, 1:0:0:0:0, 2:0:0:0:1, 4:0:0:0:0, 3:0:0:0:0, 0:0:0:0:0, 2:0:0:0:0, 2:0:0:0:0, 1:0:0:0:0, 3:0:0:0:0, 1:0:0:0:0, 1:0:0:0:0, 3:0:0:0:0, 3:0:0:0:0, 1:0:0:0:0, 1:0:0:0:0, 3:0:0:0:0, 0:0:0:0:0, 2:0:0:0:0, 1:0:0:0:0, 2:0:0:0:0, 2:0:0:0:0, 1:0:0:0:0, 1:0:0:0:0, 2:0:0:0:0, 3:0:0:0:0, 1:0:0:0:0, 0:0:0:0:0, 3:0:0:0:0, 2:0:0:0:0, 2:0:0:0:0, 2:0:0:0:0, 1:0:0:0:1, 2:0:0:0:0, 1:0:0:0:1, 3:0:0:0:0, 2:0:0:0:0, 1:0:0:0:0, 1:0:0:0:0, 4:0:0:0:0, 3:0:0:0:0, 0:0:0:0:0, 2:0:0:0:0, 2:0:0:0:0, 1:0:0:0:0, 3:0:0:0:0, 1:0:0:0:0, 1:0:0:0:0, 4:0:0:0:0, 3:0:0:0:0, 1:0:0:0:0, 1:0:0:0:0, 3:0:0:0:0, 0:0:0:0:0, 2:0:0:0:0, 1:0:0:0:0, 2:0:0:0:0, 2:0:0:0:0, 1:0:0:0:0, 0:0:0:0:0, 3:0:0:0:0, 1:0:0:0:0, 1:0:0:0:0, 0:0:0:0:0, 2:0:0:0:0, 1:0:0:0:0, 1:0:0:0:0, 1:0:0:0:0, 1:0:0:0:1, 1:0:0:0:1, 1:0:0:0:2, 1:0:0:0:0, 1:0:0:0:0, 3:0:0:0:0, 2:0:0:0:0, 1:0:0:0:0, 3:0:0:0:0, 0:0:0:0:0, 2:0:0:0:0, 0:0:0:0:0, 2:0:0:0:0, 1:0:0:0:0, 1:0:0:0:0, 0:0:0:0:0, 1:0:0:0:0, 0:0:0:0:0, 0:0:0:0:0, 0:0:0:0:0, 0:0:0:0:0, 267:0:1:0:20
A minor (0), 0:0:0:0:0, 1:0:0:0:0, 1:0:0:0:0, 1:0:0:0:0, 1:0:0:0:0, 1:0:0:0:0, 1:0:0:0:0, 0:0:0:0:0, 2:0:0:0:0, 2:0:0:0:0, 0:0:0:0:0, 2:0:0:0:2, 1:0:0:0:0, 1:0:0:0:0, 1:0:0:0:0, 1:0:0:0:0, 3:0:0:0:0, 1:0:0:0:0, 2:0:0:0:0, 0:0:0:0:0, 1:0:0:0:0, 2:0:0:0:0, 1:0:0:0:0, 2:0:0:0:2, 0:0:0:0:0, 1:0:0:0:0, 1:0:0:0:0, 1:0:0:0:0, 0:0:0:0:0, 3:0:0:0:0, 3:0:0:0:0, 2:0:0:0:0, 1:0:0:0:0, 2:0:0:0:0, 1:0:0:0:0, 1:0:0:0:0, 1:0:0:0:0, 2:0:0:0:1, 1:0:0:0:1, 2:0:0:0:0, 0:0:0:0:0, 3:0:0:0:0, 3:0:1:0:1, 1:0:0:0:0, 1:0:0:0:0, 2:0:0:0:0, 1:0:0:0:0, 1:0:0:0:0, 1:0:0:0:0, 2:0:0:0:0, 2:0:0:0:0, 2:0:0:0:0, 0:0:0:0:0, 2:0:0:0:0, 3:0:0:0:1, 1:0:0:0:0, 1:0:0:0:0, 2:0:0:0:0, 0:0:0:0:0, 1:0:0:0:0, 1:0:0:0:0, 1:0:0:0:1, 1:0:0:0:1, 3:0:0:0:0, 1:0:0:0:1, 4:0:0:0:0, 3:0:0:0:0, 1:0:0:0:0, 3:0:0:0:0, 2:0:0:0:0, 2:0:0:0:0, 2:0:0:0:0, 1:0:0:0:0, 2:0:0:0:0, 2:0:0:0:0, 1:0:0:0:0, 1:0:0:0:0, 2:0:0:0:0, 3:0:0:0:0, 1:0:0:0:0, 0:0:0:0:0, 2:0:0:0:0, 2:0:0:0:0, 2:0:0:0:0, 2:0:0:0:0, 1:0:0:0:1, 2:0:0:0:0, 1:0:0:0:1, 3:0:0:0:0, 2:0:0:0:0, 1:0:0:0:0, 2:0:0:0:1, 4:0:0:0:0, 3:0:0:0:0, 0:0:0:0:0, 2:0:0:0:0, 2:0:0:0:0, 1:0:0:0:0, 3:0:0:0:0, 1:0:0:0:0, 1:0:0:0:0, 3:0:0:0:0, 3:0:0:0:0, 1:0:0:0:0, 1:0:0:0:0, 3:0:0:0:0, 0:0:0:0:0, 2:0:0:0:0, 1:0:0:0:0, 2:0:0:0:0, 2:0:0:0:0, 1:0:0:0:0, 1:0:0:0:0, 2:0:0:0:0, 3:0:0:0:0, 1:0:0:0:0, 0:0:0:0:0, 3:0:0:0:0, 2:0:0:0:0, 2:0:0:0:0, 2:0:0:0:0, 1:0:0:0:1, 2:0:0:0:0, 1:0:0:0:1, 3:0:0:0:0, 2:0:0:0:0, 1:0:0:0:0, 1:0:0:0:0, 4:0:0:0:0, 3:0:0:0:0, 0:0:0:0:0, 2:0:0:0:0, 2:0:0:0:0, 1:0:0:0:0, 3:0:0:0:0, 1:0:0:0:0, 1:0:0:0:0, 4:0:0:0:0, 3:0:0:0:0, 1:0:0:0:0, 1:0:0:0:0, 3:0:0:0:0, 0:0:0:0:0, 2:0:0:0:0, 1:0:0:0:0, 2:0:0:0:0, 2:0:0:0:0, 1:0:0:0:0, 0:0:0:0:0, 3:0:0:0:0, 1:0:0:0:0, 1:0:0:0:0, 0:0:0:0:0, 2:0:0:0:0, 1:0:0:0:0, 1:0:0:0:0, 1:0:0:0:0, 1:0:0:0:1, 1:0:0:0:1, 1:0:0:0:2, 1:0:0:0:0, 1:0:0:0:0, 3:0:0:0:0, 2:0:0:0:0, 1:0:0:0:0, 3:0:0:0:0, 0:0:0:0:0, 2:0:0:0:0, 0:0:0:0:0, 2:0:0:0:0, 1:0:0:0:0, 1:0:0:0:0, 0:0:0:0:0, 1:0:0:0:0, 0:0:0:0:0, 0:0:0:0:0, 0:0:0:0:0, 0:0:0:0:0, 267:0:1:0:20
A minor mel (0), 0:0:0:0:0, 1:0:0:0:0, 1:0:0:0:0, 1:0:0:0:0, 1:0:0:0:0, 1:0:0:0:0, 1:0:0:0:0, 0:0:0:0:0, 2:0:0:0:0, 2:0:0:0:0, 0:0:0:0:0, 2:0:0:0:2, 1:0:0:0:0, 1:0:0:0:0, 1:0:0:0:0, 1:0:0:0:0, 3:0:0:0:0, 1:0:0:0:0, 2:0:0:0:0, 0:0:0:0:0, 1:0:0:0:0, 2:0:0:0:0, 1:0:0:0:0, 2:0:0:0:2, 0:0:0:0:0, 1:0:0:0:0, 1:0:0:0:0, 1:0:0:0:0, 0:0:0:0:0, 3:0:0:0:0, 3:0:0:0:0, 2:0:0:0:0, 1:0:0:0:0, 2:0:0:0:0, 1:0:0:0:0, 1:0:0:0:0, 1:0:0:0:0, 2:0:0:0:1, 1:0:0:0:1, 2:0:0:0:0, 0:0:0:0:0, 3:0:0:0:0, 3:0:1:0:1, 1:0:0:0:0, 1:0:0:0:0, 2:0:0:0:0, 1:0:0:0:0, 1:0:0:0:0, 1:0:0:0:0, 2:0:0:0:0, 2:0:0:0:0, 2:0:0:0:0, 0:0:0:0:0, 2:0:0:0:0, 3:0:0:0:1, 1:0:0:0:0, 1:0:0:0:0, 2:0:0:0:0, 0:0:0:0:0, 1:0:0:0:0, 1:0:0:0:0, 1:0:0:0:1, 1:0:0:0:1, 3:0:0:0:0, 1:0:0:0:1, 4:0:0:0:0, 3:0:0:0:0, 1:0:0:0:0, 3:0:0:0:0, 2:0:0:0:0, 2:0:0:0:0, 2:0:0:0:0, 1:0:0:0:0, 2:0:0:0:0, 2:0:0:0:0, 1:0:0:0:0, 1:0:0:0:0, 2:0:0:0:0, 3:0:0:0:0, 1:0:0:0:0, 0:0:0:0:0, 2:0:0:0:0, 2:0:0:0:0, 2:0:0:0:0, 2:0:0:0:0, 1:0:0:0:1, 2:0:0:0:0, 1:0:0:0:1, 3:0:0:0:0, 2:0:0:0:0, 1:0:0:0:0, 2:0:0:0:1, 4:0:0:0:0, 3:0:0:0:0, 0:0:0:0:0, 2:0:0:0:0, 2:0:0:0:0, 1:0:0:0:0, 3:0:0:0:0, 1:0:0:0:0, 1:0:0:0:0, 3:0:0:0:0, 3:0:0:0:0, 1:0:0:0:0, 1:0:0:0:0, 3:0:0:0:0, 0:0:0:0:0, 2:0:0:0:0, 1:0:0:0:0, 2:0:0:0:0, 2:0:0:0:0, 1:0:0:0:0, 1:0:0:0:0, 2:0:0:0:0, 3:0:0:0:0, 1:0:0:0:0, 0:0:0:0:0, 3:0:0:0:0, 2:0:0:0:0, 2:0:0:0:0, 2:0:0:0:0, 1:0:0:0:1, 2:0:0:0:0, 1:0:0:0:1, 3:0:0:0:0, 2:0:0:0:0, 1:0:0:0:0, 1:0:0:0:0, 4:0:0:0:0, 3:0:0:0:0, 0:0:0:0:0, 2:0:0:0:0, 2:0:0:0:0, 1:0:0:0:0, 3:0:0:0:0, 1:0:0:0:0, 1:0:0:0:0, 4:0:0:0:0, 3:0:0:0:0, 1:0:0:0:0, 1:0:0:0:0, 3:0:0:0:0, 0:0:0:0:0, 2:0:0:0:0, 1:0:0:0:0, 2:0:0:0:0, 2:0:0:0:0, 1:0:0:0:0, 0:0:0:0:0, 3:0:0:0:0, 1:0:0:0:0, 1:0:0:0:0, 0:0:0:0:0, 2:0:0:0:0, 1:0:0:0:0, 1:0:0:0:0, 1:0:0:0:0, 1:0:0:0:1, 1:0:0:0:1, 1:0:0:0:2, 1:0:0:0:0, 1:0:0:0:0, 3:0:0:0:0, 2:0:0:0:0, 1:0:0:0:0, 3:0:0:0:0, 0:0:0:0:0, 2:0:0:0:0, 0:0:0:0:0, 2:0:0:0:0, 1:0:0:0:0, 1:0:0:0:0, 0:0:0:0:0, 1:0:0:0:0, 0:0:0:0:0, 0:0:0:0:0, 0:0:0:0:0, 0:0:0:0:0, 267:0:1:0:20
C major blues (0), 0:0:0:0:0, 1:0:0:0:0, 1:0:0:0:0, 1:0:0:0:0, 1:0:0:0:0, 1:0:0:0:0, 1:0:0:0:0, 0:0:0:0:0, 2:0:0:0:0, 2:0:0:0:0, 0:0:0:0:0, 2:0:0:0:2, 1:0:0:0:0, 1:0:0:0:0, 1:0:0:0:0, 1:0:0:0:0, 3:0:0:0:0, 1:0:0:0:0, 2:0:0:0:0, 0:0:0:0:0, 1:0:0:0:0, 2:0:0:0:0, 1:0:0:0:0, 2:0:0:0:2, 0:0:0:0:0, 1:0:0:0:0, 1:0:0:0:0, 1:0:0:0:0, 0:0:0:0:0, 3:0:0:0:0, 3:0:0:0:0, 2:0:0:0:0, 1:0:0:0:0, 2:0:0:0:0, 1:0:0:0:0, 1:0:0:0:0, 1:0:0:0:0, 2:0:0:0:1, 1:0:0:0:1, 2:0:0:0:0, 0:0:0:0:0, 3:0:0:0:0, 3:0:1:0:1, 1:0:0:0:0, 1:0:0:0:0, 2:0:0:0:0, 1:0:0:0:0, 1:0:0:0:0, 1:0:0:0:0, 2:0:0:0:0, 2:0:0:0:0, 2:0:0:0:0, 0:0:0:0:0, 2:0:0:0:0, 3:0:0:0:1, 1:0:0:0:0, 1:0:0:0:0, 2:0:0:0:0, 0:0:0:0:0, 1:0:0:0:0, 1:0:0:0:0, 1:0:0:0:1, 1:0:0:0:1, 3:0:0:0:0, 1:0:0:0:1, 4:0:0:0:0, 3:0:0:0:0, 1:0:0:0:0, 3:0:0:0:0, 2:0:0:0:0, 2:0:0:0:0, 2:0:0:0:0, 1:0:0:0:0, 2:0:0:0:0, 2:0:0:0:0, 1:0:0:0:0, 1:0:0:0:0, 2:0:0:0:0, 3:0:0:0:0, 1:0:0:0:0, 0:0:0:0:0, 2:0:0:0:0, 2:0:0:0:0, 2:0:0:0:0, 2:0:0:0:0, 1:0:0:0:1, 2:0:0:0:0, 1:0:0:0:1, 3:0:0:0:0, 2:0:0:0:0, 1:0:0:0:0, 2:0:0:0:1, 4:0:0:0:0, 3:0:0:0:0, 0:0:0:0:0, 2:0:0:0:0, 2:0:0:0:0, 1:0:0:0:0, 3:0:0:0:0, 1:0:0:0:0, 1:0:0:0:0, 3:0:0:0:0, 3:0:0:0:0, 1:0:0:0:0, 1:0:0:0:0, 3:0:0:0:0, 0:0:0:0:0, 2:0:0:0:0, 1:0:0:0:0, 2:0:0:0:0, 2:0:0:0:0, 1:0:0:0:0, 1:0:0:0:0, 2:0:0:0:0, 3:0:0:0:0, 1:0:0:0:0, 0:0:0:0:0, 3:0:0:0:0, 2:0:0:0:0, 2:0:0:0:0, 2:0:0:0:0, 1:0:0:0:1, 2:0:0:0:0, 1:0:0:0:1, 3:0:0:0:0, 2:0:0:0:0, 1:0:0:0:0, 1:0:0:0:0, 4:0:0:0:0, 3:0:0:0:0, 0:0:0:0:0, 2:0:0:0:0, 2:0:0:0:0, 1:0:0:0:0, 3:0:0:0:0, 1:0:0:0:0, 1:0:0:0:0, 4:0:0:0:0, 3:0:0:0:0, 1:0:0:0:0, 1:0:0:0:0, 3:0:0:0:0, 0:0:0:0:0, 2:0:0:0:0, 1:0:0:0:0, 2:0:0:0:0, 2:0:0:0:0, 1:0:0:0:0, 0:0:0:0:0, 3:0:0:0:0, 1:0:0:0:0, 1:0:0:0:0, 0:0:0:0:0, 2:0:0:0:0, 1:0:0:0:0, 1:0:0:0:0, 1:0:0:0:0, 1:0:0:0:1, 1:0:0:0:1, 1:0:0:0:2, 1:0:0:0:0, 1:0:0:0:0, 3:0:0:0:0, 2:0:0:0:0, 1:0:0:0:0, 3:0:0:0:0, 0:0:0:0:0, 2:0:0:0:0, 0:0:0:0:0, 2:0:0:0:0, 1:0:0:0:0, 1:0:0:0:0, 0:0:0:0:0, 1:0:0:0:0, 0:0:0:0:0, 0:0:0:0:0, 0:0:0:0:0, 0:0:0:0:0, 267:0:1:0:20
A minor blues (0), 0:0:0:0:0, 1:0:0:0:0, 1:0:0:0:0, 1:0:0:0:0, 1:0:0:0:0, 1:0:0:0:0, 1:0:0:0:0, 0:0:0:0:0, 2:0:0:0:0, 2:0:0:0:0, 0:0:0:0:0, 2:0:0:0:2, 1:0:0:0:0, 1:0:0:0:0, 1:0:0:0:0, 1:0:0:0:0, 3:0:0:0:0, 1:0:0:0:0, 2:0:0:0:0, 0:0:0:0:0, 1:0:0:0:0, 2:0:0:0:0, 1:0:0:0:0, 2:0:0:0:2, 0:0:0:0:0, 1:0:0:0:0, 1:0:0:0:0, 1:0:0:0:0, 0:0:0:0:0, 3:0:0:0:0, 3:0:0:0:0, 2:0:0:0:0, 1:0:0:0:0, 2:0:0:0:0, 1:0:0:0:0, 1:0:0:0:0, 1:0:0:0:0, 2:0:0:0:1, 1:0:0:0:1, 2:0:0:0:0, 0:0:0:0:0, 3:0:0:0:0, 3:0:1:0:1, 1:0:0:0:0, 1:0:0:0:0, 2:0:0:0:0, 1:0:0:0:0, 1:0:0:0:0, 1:0:0:0:0, 2:0:0:0:0, 2:0:0:0:0, 2:0:0:0:0, 0:0:0:0:0, 2:0:0:0:0, 3:0:0:0:1, 1:0:0:0:0, 1:0:0:0:0, 2:0:0:0:0, 0:0:0:0:0, 1:0:0:0:0, 1:0:0:0:0, 1:0:0:0:1, 1:0:0:0:1, 3:0:0:0:0, 1:0:0:0:1, 4:0:0:0:0, 3:0:0:0:0, 1:0:0:0:0, 3:0:0:0:0, 2:0:0:0:0, 2:0:0:0:0, 2:0:0:0:0, 1:0:0:0:0, 2:0:0:0:0, 2:0:0:0:0, 1:0:0:0:0, 1:0:0:0:0, 2:0:0:0:0, 3:0:0:0:0, 1:0:0:0:0, 0:0:0:0:0, 2:0:0:0:0, 2:0:0:0:0, 2:0:0:0:0, 2:0:0:0:0, 1:0:0:0:1, 2:0:0:0:0, 1:0:0:0:1, 3:0:0:0:0, 2:0:0:0:0, 1:0:0:0:0, 2:0:0:0:1, 4:0:0:0:0, 3:0:0:0:0, 0:0:0:0:0, 2:0:0:0:0, 2:0:0:0:0, 1:0:0:0:0, 3:0:0:0:0, 1:0:0:0:0, 1:0:0:0:0, 3:0:0:0:0, 3:0:0:0:0, 1:0:0:0:0, 1:0:0:0:0, 3:0:0:0:0, 0:0:0:0:0, 2:0:0:0:0, 1:0:0:0:0, 2:0:0:0:0, 2:0:0:0:0, 1:0:0:0:0, 1:0:0:0:0, 2:0:0:0:0, 3:0:0:0:0, 1:0:0:0:0, 0:0:0:0:0, 3:0:0:0:0, 2:0:0:0:0, 2:0:0:0:0, 2:0:0:0:0, 1:0:0:0:1, 2:0:0:0:0, 1:0:0:0:1, 3:0:0:0:0, 2:0:0:0:0, 1:0:0:0:0, 1:0:0:0:0, 4:0:0:0:0, 3:0:0:0:0, 0:0:0:0:0, 2:0:0:0:0, 2:0:0:0:0, 1:0:0:0:0, 3:0:0:0:0, 1:0:0:0:0, 1:0:0:0:0, 4:0:0:0:0, 3:0:0:0:0, 1:0:0:0:0, 1:0:0:0:0, 3:0:0:0:0, 0:0:0:0:0, 2:0:0:0:0, 1:0:0:0:0, 2:0:0:0:0, 2:0:0:0:0, 1:0:0:0:0, 0:0:0:0:0, 3:0:0:0:0, 1:0:0:0:0, 1:0:0:0:0, 0:0:0:0:0, 2:0:0:0:0, 1:0:0:0:0, 1:0:0:0:0, 1:0:0:0:0, 1:0:0:0:1, 1:0:0:0:1, 1:0:0:0:2, 1:0:0:0:0, 1:0:0:0:0, 3:0:0:0:0, 2:0:0:0:0, 1:0:0:0:0, 3:0:0:0:0, 0:0:0:0:0, 2:0:0:0:0, 0:0:0:0:0, 2:0:0:0:0, 1:0:0:0:0, 1:0:0:0:0, 0:0:0:0:0, 1:0:0:0:0, 0:0:0:0:0, 0:0:0:0:0, 0:0:0:0:0, 0:0:0:0:0, 267:0:1:0:20
C dorian (0), 0:0:0:0:0, 1:0:0:0:0, 1:0:0:0:0, 1:0:0:0:0, 1:0:0:0:0, 1:0:0:0:0, 1:0:0:0:0, 0:0:0:0:0, 2:0:0:0:0, 2:0:0:0:0, 0:0:0:0:0, 2:0:0:0:2, 1:0:0:0:0, 1:0:0:0:0, 1:0:0:0:0, 1:0:0:0:0, 3:0:0:0:0, 1:0:0:0:0, 2:0:0:0:0, 0:0:0:0:0, 1:0:0:0:0, 2:0:0:0:0, 1:0:0:0:0, 2:0:0:0:2, 0:0:0:0:0, 1:0:0:0:0, 1:0:0:0:0, 1:0:0:0:0, 0:0:0:0:0, 3:0:0:0:0, 3:0:0:0:0, 2:0:0:0:0, 1:0:0:0:0, 2:0:0:0:0, 1:0:0:0:0, 1:0:0:0:0, 1:0:0:0:0, 2:0:0:0:1, 1:0:0:0:1, 2:0:0:0:0, 0:0:0:0:0, 3:0:0:0:0, 3:0:1:0:1, 1:0:0:0:0, 1:0:0:0:0, 2:0:0:0:0, 1:0:0:0:0, 1:0:0:0:0, 1:0:0:0:0, 2:0:0:0:0, 2:0:0:0:0, 2:0:0:0:0, 0:0:0:0:0, 2:0:0:0:0, 3:0:0:0:1, 1:0:0:0:0, 1:0:0:0:0, 2:0:0:0:0, 0:0:0:0:0, 1:0:0:0:0, 1:0:0:0:0, 1:0:0:0:1, 1:0:0:0:1, 3:0:0:0:0, 1:0:0:0:1, 4:0:0:0:0, 3:0:0:0:0, 1:0:0:0:0, 3:0:0:0:0, 2:0:0:0:0, 2:0:0:0:0, 2:0:0:0:0, 1:0:0:0:0, 2:0:0:0:0, 2:0:0:0:0, 1:0:0:0:0, 1:0:0:0:0, 2:0:0:0:0, 3:0:0:0:0, 1:0:0:0:0, 0:0:0:0:0, 2:0:0:0:0, 2:0:0:0:0, 2:0:0:0:0, 2:0:0:0:0, 1:0:0:0:1, 2:0:0:0:0, 1:0:0:0:1, 3:0:0:0:0, 2:0:0:0:0, 1:0:0:0:0, 2:0:0:0:1, 4:0:0:0:0, 3:0:0:0:0, 0:0:0:0:0, 2:0:0:0:0, 2:0:0:0:0, 1:0:0:0:0, 3:0:0:0:0, 1:0:0:0:0, 1:0:0:0:0, 3:0:0:0:0, 3:0:0:0:0, 1:0:0:0:0, 1:0:0:0:0, 3:0:0:0:0, 0:0:0:0:0, 2:0:0:0:0, 1:0:0:0:0, 2:0:0:0:0, 2:0:0:0:0, 1:0:0:0:0, 1:0:0:0:0, 2:0:0:0:0, 3:0:0:0:0, 1:0:0:0:0, 0:0:0:0:0, 3:0:0:0:0, 2:0:0:0:0, 2:0:0:0:0, 2:0:0:0:0, 1:0:0:0:1, 2:0:0:0:0, 1:0:0:0:1, 3:0:0:0:0, 2:0:0:0:0, 1:0:0:0:0, 1:0:0:0:0, 4:0:0:0:0, 3:0:0:0:0, 0:0:0:0:0, 2:0:0:0:0, 2:0:0:0:0, 1:0:0:0:0, 3:0:0:0:0, 1:0:0:0:0, 1:0:0:0:0, 4:0:0:0:0, 3:0:0:0:0, 1:0:0:0:0, 1:0:0:0:0, 3:0:0:0:0, 0:0:0:0:0, 2:0:0:0:0, 1:0:0:0:0, 2:0:0:0:0, 2:0:0:0:0, 1:0:0:0:0, 0:0:0:0:0, 3:0:0:0:0, 1:0:0:0:0, 1:0:0:0:0, 0:0:0:0:0, 2:0:0:0:0, 1:0:0:0:0, 1:0:0:0:0, 1:0:0:0:0, 1:0:0:0:1, 1:0:0:0:1, 1:0:0:0:2, 1:0:0:0:0, 1:0:0:0:0, 3:0:0:0:0, 2:0:0:0:0, 1:0:0:0:0, 3:0:0:0:0, 0:0:0:0:0, 2:0:0:0:0, 0:0:0:0:0, 2:0:0:0:0, 1:0:0:0:0, 1:0:0:0:0, 0:0:0:0:0, 1:0:0:0:0, 0:0:0:0:0, 0:0:0:0:0, 0:0:0:0:0, 0:0:0:0:0, 267:0:1:0:20
C phrygian (0), 0:0:0:0:0, 1:0:0:0:0, 1:0:0:0:0, 1:0:0:0:0, 1:0:0:0:0, 1:0:0:0:0, 1:0:0:0:0, 0:0:0:0:0, 2:0:0:0:0, 2:0:0:0:0, 0:0:0:0:0, 2:0:0:0:2, 1:0:0:0:0, 1:0:0:0:0, 1:0:0:0:0, 1:0:0:0:0, 3:0:0:0:0, 1:0:0:0:0, 2:0:0:0:0, 0:0:0:0:0, 1:0:0:0:0, 2:0:0:0:0, 1:0:0:0:0, 2:0:0:0:2, 0:0:0:0:0, 1:0:0:0:0, 1:0:0:0:0, 1:0:0:0:0, 0:0:0:0:0, 3:0:0:0:0, 3:0:0:0:0, 2:0:0:0:0, 1:0:0:0:0, 2:0:0:0:0, 1:0:0:0:0, 1:0:0:0:0, 1:0:0:0:0, 2:0:0:0:1, 1:0:0:0:1, 2:0:0:0:0, 0:0:0:0:0, 3:0:0:0:0, 3:0:1:0:1, 1:0:0:0:0, 1:0:0:0:0, 2:0:0:0:0, 1:0:0:0:0, 1:0:0:0:0, 1:0:0:0:0, 2:0:0:0:0, 2:0:0:0:0, 2:0:0:0:0, 0:0:0:0:0, 2:0:0:0:0, 3:0:0:0:1, 1:0:0:0:0, 1:0:0:0:0, 2:0:0:0:0, 0:0:0:0:0, 1:0:0:0:0, 1:0:0:0:0, 1:0:0:0:1, 1:0:0:0:1, 3:0:0:0:0, 1:0:0:0:1, 4:0:0:0:0, 3:0:0:0:0, 1:0:0:0:0, 3:0:0:0:0, 2:0:0:0:0, 2:0:0:0:0, 2:0:0:0:0, 1:0:0:0:0, 2:0:0:0:0, 2:0:0:0:0, 1:0:0:0:0, 1:0:0:0:0, 2:0:0:0:0, 3:0:0:0:0, 1:0:0:0:0, 0:0:0:0:0, 2:0:0:0:0, 2:0:0:0:0, 2:0:0:0:0, 2:0:0:0:0, 1:0:0:0:1, 2:0:0:0:0, 1:0:0:0:1, 3:0:0:0:0, 2:0:0:0:0, 1:0:0:0:0, 2:0:0:0:1, 4:0:0:0:0, 3:0:0:0:0, 0:0:0:0:0, 2:0:0:0:0, 2:0:0:0:0, 1:0:0:0:0, 3:0:0:0:0, 1:0:0:0:0, 1:0:0:0:0, 3:0:0:0:0, 3:0:0:0:0, 1:0:0:0:0, 1:0:0:0:0, 3:0:0:0:0, 0:0:0:0:0, 2:0:0:0:0, 1:0:0:0:0, 2:0:0:0:0, 2:0:0:0:0, 1:0:0:0:0, 1:0:0:0:0, 2:0:0:0:0, 3:0:0:0:0, 1:0:0:0:0, 0:0:0:0:0, 3:0:0:0:0, 2:0:0:0:0, 2:0:0:0:0, 2:0:0:0:0, 1:0:0:0:1, 2:0:0:0:0, 1:0:0:0:1, 3:0:0:0:0, 2:0:0:0:0, 1:0:0:0:0, 1:0:0:0:0, 4:0:0:0:0, 3:0:0:0:0, 0:0:0:0:0, 2:0:0:0:0, 2:0:0:0:0, 1:0:0:0:0, 3:0:0:0:0, 1:0:0:0:0, 1:0:0:0:0, 4:0:0:0:0, 3:0:0:0:0, 1:0:0:0:0, 1:0:0:0:0, 3:0:0:0:0, 0:0:0:0:0, 2:0:0:0:0, 1:0:0:0:0, 2:0:0:0:0, 2:0:0:0:0, 1:0:0:0:0, 0:0:0:0:0, 3:0:0:0:0, 1:0:0:0:0, 1:0:0:0:0, 0:0:0:0:0, 2:0:0:0:0, 1:0:0:0:0, 1:0:0:0:0, 1:0:0:0:0, 1:0:0:0:1, 1:0:0:0:1, 1:0:0:0:2, 1:0:0:0:0, 1:0:0:0:0, 3:0:0:0:0, 2:0:0:0:0, 1:0:0:0:0, 3:0:0:0:0, 0:0:0:0:0, 2:0:0:0:0, 0:0:0:0:0, 2:0:0:0:0, 1:0:0:0:0, 1:0:0:0:0, 0:0:0:0:0, 1:0:0:0:0, 0:0:0:0:0, 0:0:0:0:0, 0:0:0:0:0, 0:0:0:0:0, 267:0:1:0:20
C lydian (0), 0:0:0:0:0, 1:0:0:0:0, 1:0:0:0:0, 1:0:0:0:0, 1:0:0:0:0, 1:0:0:0:0, 1:0:0:0:0, 0:0:0:0:0, 2:0:0:0:0, 2:0:0:0:0, 0:0:0:0:0, 2:0:0:0:2, 1:0:0:0:0, 1:0:0:0:0, 1:0:0:0:0, 1:0:0:0:0, 3:0:0:0:0, 1:0:0:0:0, 2:0:0:0:0, 0:0:0:0:0, 1:0:0:0:0, 2:0:0:0:0, 1:0:0:0:0, 2:0:0:0:2, 0:0:0:0:0, 1:0:0:0:0, 1:0:0:0:0, 1:0:0:0:0, 0:0:0:0:0, 3:0:0:0:0, 3:0:0:0:0, 2:0:0:0:0, 1:0:0:0:0, 2:0:0:0:0, 1:0:0:0:0, 1:0:0:0:0, 1:0:0:0:0, 2:0:0:0:1, 1:0:0:0:1, 2:0:0:0:0, 0:0:0:0:0, 3:0:0:0:0, 3:0:1:0:1, 1:0:0:0:0, 1:0:0:0:0, 2:0:0:0:0, 1:0:0:0:0, 1:0:0:0:0, 1:0:0:0:0, 2:0:0:0:0, 2:0:0:0:0, 2:0:0:0:0, 0:0:0:0:0, 2:0:0:0:0, 3:0:0:0:1, 1:0:0:0:0, 1:0:0:0:0, 2:0:0:0:0, 0:0:0:0:0, 1:0:0:0:0, 1:0:0:0:0, 1:0:0:0:1, 1:0:0:0:1, 3:0:0:0:0, 1:0:0:0:1, 4:0:0:0:0, 3:0:0:0:0, 1:0:0:0:0, 3:0:0:0:0, 2:0:0:0:0, 2:0:0:0:0, 2:0:0:0:0, 1:0:0:0:0, 2:0:0:0:0, 2:0:0:0:0, 1:0:0:0:0, 1:0:0:0:0, 2:0:0:0:0, 3:0:0:0:0, 1:0:0:0:0, 0:0:0:0:0, 2:0:0:0:0, 2:0:0:0:0, 2:0:0:0:0, 2:0:0:0:0, 1:0:0:0:1, 2:0:0:0:0, 1:0:0:0:1, 3:0:0:0:0, 2:0:0:0:0, 1:0:0:0:0, 2:0:0:0:1, 4:0:0:0:0, 3:0:0:0:0, 0:0:0:0:0, 2:0:0:0:0, 2:0:0:0:0, 1:0:0:0:0, 3:0:0:0:0, 1:0:0:0:0, 1:0:0:0:0, 3:0:0:0:0, 3:0:0:0:0, 1:0:0:0:0, 1:0:0:0:0, 3:0:0:0:0, 0:0:0:0:0, 2:0:0:0:0, 1:0:0:0:0, 2:0:0:0:0, 2:0:0:0:0, 1:0:0:0:0, 1:0:0:0:0, 2:0:0:0:0, 3:0:0:0:0, 1:0:0:0:0, 0:0:0:0:0, 3:0:0:0:0, 2:0:0:0:0, 2:0:0:0:0, 2:0:0:0:0, 1:0:0:0:1, 2:0:0:0:0, 1:0:0:0:1, 3:0:0:0:0, 2:0:0:0:0, 1:0:0:0:0, 1:0:0:0:0, 4:0:0:0:0, 3:0:0:0:0, 0:0:0:0:0, 2:0:0:0:0, 2:0:0:0:0, 1:0:0:0:0, 3:0:0:0:0, 1:0:0:0:0, 1:0:0:0:0, 4:0:0:0:0, 3:0:0:0:0, 1:0:0:0:0, 1:0:0:0:0, 3:0:0:0:0, 0:0:0:0:0, 2:0:0:0:0, 1:0:0:0:0, 2:0:0:0:0, 2:0:0:0:0, 1:0:0:0:0, 0:0:0:0:0, 3:0:0:0:0, 1:0:0:0:0, 1:0:0:0:0, 0:0:0:0:0, 2:0:0:0:0, 1:0:0:0:0, 1:0:0:0:0, 1:0:0:0:0, 1:0:0:0:1, 1:0:0:0:1, 1:0:0:0:2, 1:0:0:0:0, 1:0:0:0:0, 3:0:0:0:0, 2:0:0:0:0, 1:0:0:0:0, 3:0:0:0:0, 0:0:0:0:0, 2:0:0:0:0, 0:0:0:0:0, 2:0:0:0:0, 1:0:0:0:0, 1:0:0:0:0, 0:0:0:0:0, 1:0:0:0:0, 0:0:0:0:0, 0:0:0:0:0, 0:0:0:0:0, 0:0:0:0:0, 267:0:1:0:20
C mixolydian (0), 0:0:0:0:0, 1:0:0:0:0, 1:0:0:0:0, 1:0:0:0:0, 1:0:0:0:0, 1:0:0:0:0, 1:0:0:0:0, 0:0:0:0:0, 2:0:0:0:0, 2:0:0:0:0, 0:0:0:0:0, 2:0:0:0:2, 1:0:0:0:0, 1:0:0:0:0, 1:0:0:0:0, 1:0:0:0:0, 3:0:0:0:0, 1:0:0:0:0, 2:0:0:0:0, 0:0:0:0:0, 1:0:0:0:0, 2:0:0:0:0, 1:0:0:0:0, 2:0:0:0:2, 0:0:0:0:0, 1:0:0:0:0, 1:0:0:0:0, 1:0:0:0:0, 0:0:0:0:0, 3:0:0:0:0, 3:0:0:0:0, 2:0:0:0:0, 1:0:0:0:0, 2:0:0:0:0, 1:0:0:0:0, 1:0:0:0:0, 1:0:0:0:0, 2:0:0:0:1, 1:0:0:0:1, 2:0:0:0:0, 0:0:0:0:0, 3:0:0:0:0, 3:0:1:0:1, 1:0:0:0:0, 1:0:0:0:0, 2:0:0:0:0, 1:0:0:0:0, 1:0:0:0:0, 1:0:0:0:0, 2:0:0:0:0, 2:0:0:0:0, 2:0:0:0:0, 0:0:0:0:0, 2:0:0:0:0, 3:0:0:0:1, 1:0:0:0:0, 1:0:0:0:0, 2:0:0:0:0, 0:0:0:0:0, 1:0:0:0:0, 1:0:0:0:0, 1:0:0:0:1, 1:0:0:0:1, 3:0:0:0:0, 1:0:0:0:1, 4:0:0:0:0, 3:0:0:0:0, 1:0:0:0:0, 3:0:0:0:0, 2:0:0:0:0, 2:0:0:0:0, 2:0:0:0:0, 1:0:0:0:0, 2:0:0:0:0, 2:0:0:0:0, 1:0:0:0:0, 1:0:0:0:0, 2:0:0:0:0, 3:0:0:0:0, 1:0:0:0:0, 0:0:0:0:0, 2:0:0:0:0, 2:0:0:0:0, 2:0:0:0:0, 2:0:0:0:0, 1:0:0:0:1, 2:0:0:0:0, 1:0:0:0:1, 3:0:0:0:0, 2:0:0:0:0, 1:0:0:0:0, 2:0:0:0:1, 4:0:0:0:0, 3:0:0:0:0, 0:0:0:0:0, 2:0:0:0:0, 2:0:0:0:0, 1:0:0:0:0, 3:0:0:0:0, 1:0:0:0:0, 1:0:0:0:0, 3:0:0:0:0, 3:0:0:0:0, 1:0:0:0:0, 1:0:0:0:0, 3:0:0:0:0, 0:0:0:0:0, 2:0:0:0:0, 1:0:0:0:0, 2:0:0:0:0, 2:0:0:0:0, 1:0:0:0:0, 1:0:0:0:0, 2:0:0:0:0, 3:0:0:0:0, 1:0:0:0:0, 0:0:0:0:0, 3:0:0:0:0, 2:0:0:0:0, 2:0:0:0:0, 2:0:0:0:0, 1:0:0:0:1, 2:0:0:0:0, 1:0:0:0:1, 3:0:0:0:0, 2:0:0:0:0, 1:0:0:0:0, 1:0:0:0:0, 4:0:0:0:0, 3:0:0:0:0, 0:0:0:0:0, 2:0:0:0:0, 2:0:0:0:0, 1:0:0:0:0, 3:0:0:0:0, 1:0:0:0:0, 1:0:0:0:0, 4:0:0:0:0, 3:0:0:0:0, 1:0:0:0:0, 1:0:0:0:0, 3:0:0:0:0, 0:0:0:0:0, 2:0:0:0:0, 1:0:0:0:0, 2:0:0:0:0, 2:0:0:0:0, 1:0:0:0:0, 0:0:0:0:0, 3:0:0:0:0, 1:0:0:0:0, 1:0:0:0:0, 0:0:0:0:0, 2:0:0:0:0, 1:0:0:0:0, 1:0:0:0:0, 1:0:0:0:0, 1:0:0:0:1, 1:0:0:0:1, 1:0:0:0:2, 1:0:0:0:0, 1:0:0:0:0, 3:0:0:0:0, 2:0:0:0:0, 1:0:0:0:0, 3:0:0:0:0, 0:0:0:0:0, 2:0:0:0:0, 0:0:0:0:0, 2:0:0:0:0, 1:0:0:0:0, 1:0:0:0:0, 0:0:0:0:0, 1:0:0:0:0, 0:0:0:0:0, 0:0:0:0:0, 0:0:0:0:0, 0:0:0:0:0, 267:0:1:0:20
C aeolian (0), 0:0:0:0:0, 1:0:0:0:0, 1:0:0:0:0, 1:0:0:0:0, 1:0:0:0:0, 1:0:0:0:0, 1:0:0:0:0, 0:0:0:0:0, 2:0:0:0:0, 2:0:0:0:0, 0:0:0:0:0, 2:0:0:0:2, 1:0:0:0:0, 1:0:0:0:0, 1:0:0:0:0, 1:0:0:0:0, 3:0:0:0:0, 1:0:0:0:0, 2:0:0:0:0, 0:0:0:0:0, 1:0:0:0:0, 2:0:0:0:0, 1:0:0:0:0, 2:0:0:0:2, 0:0:0:0:0, 1:0:0:0:0, 1:0:0:0:0, 1:0:0:0:0, 0:0:0:0:0, 3:0:0:0:0, 3:0:0:0:0, 2:0:0:0:0, 1:0:0:0:0, 2:0:0:0:0, 1:0:0:0:0, 1:0:0:0:0, 1:0:0:0:0, 2:0:0:0:1, 1:0:0:0:1, 2:0:0:0:0, 0:0:0:0:0, 3:0:0:0:0, 3:0:1:0:1, 1:0:0:0:0, 1:0:0:0:0, 2:0:0:0:0, 1:0:0:0:0, 1:0:0:0:0, 1:0:0:0:0, 2:0:0:0:0, 2:0:0:0:0, 2:0:0:0:0, 0:0:0:0:0, 2:0:0:0:0, 3:0:0:0:1, 1:0:0:0:0, 1:0:0:0:0, 2:0:0:0:0, 0:0:0:0:0, 1:0:0:0:0, 1:0:0:0:0, 1:0:0:0:1, 1:0:0:0:1, 3:0:0:0:0, 1:0:0:0:1, 4:0:0:0:0, 3:0:0:0:0, 1:0:0:0:0, 3:0:0:0:0, 2:0:0:0:0, 2:0:0:0:0, 2:0:0:0:0, 1:0:0:0:0, 2:0:0:0:0, 2:0:0:0:0, 1:0:0:0:0, 1:0:0:0:0, 2:0:0:0:0, 3:0:0:0:0, 1:0:0:0:0, 0:0:0:0:0, 2:0:0:0:0, 2:0:0:0:0, 2:0:0:0:0, 2:0:0:0:0, 1:0:0:0:1, 2:0:0:0:0, 1:0:0:0:1, 3:0:0:0:0, 2:0:0:0:0, 1:0:0:0:0, 2:0:0:0:1, 4:0:0:0:0, 3:0:0:0:0, 0:0:0:0:0, 2:0:0:0:0, 2:0:0:0:0, 1:0:0:0:0, 3:0:0:0:0, 1:0:0:0:0, 1:0:0:0:0, 3:0:0:0:0, 3:0:0:0:0, 1:0:0:0:0, 1:0:0:0:0, 3:0:0:0:0, 0:0:0:0:0, 2:0:0:0:0, 1:0:0:0:0, 2:0:0:0:0, 2:0:0:0:0, 1:0:0:0:0, 1:0:0:0:0, 2:0:0:0:0, 3:0:0:0:0, 1:0:0:0:0, 0:0:0:0:0, 3:0:0:0:0, 2:0:0:0:0, 2:0:0:0:0, 2:0:0:0:0, 1:0:0:0:1, 2:0:0:0:0, 1:0:0:0:1, 3:0:0:0:0, 2:0:0:0:0, 1:0:0:0:0, 1:0:0:0:0, 4:0:0:0:0, 3:0:0:0:0, 0:0:0:0:0, 2:0:0:0:0, 2:0:0:0:0, 1:0:0:0:0, 3:0:0:0:0, 1:0:0:0:0, 1:0:0:0:0, 4:0:0:0:0, 3:0:0:0:0, 1:0:0:0:0, 1:0:0:0:0, 3:0:0:0:0, 0:0:0:0:0, 2:0:0:0:0, 1:0:0:0:0, 2:0:0:0:0, 2:0:0:0:0, 1:0:0:0:0, 0:0:0:0:0, 3:0:0:0:0, 1:0:0:0:0, 1:0:0:0:0, 0:0:0:0:0, 2:0:0:0:0, 1:0:0:0:0, 1:0:0:0:0, 1:0:0:0:0, 1:0:0:0:1, 1:0:0:0:1, 1:0:0:0:2, 1:0:0:0:0, 1:0:0:0:0, 3:0:0:0:0, 2:0:0:0:0, 1:0:0:0:0, 3:0:0:0:0, 0:0:0:0:0, 2:0:0:0:0, 0:0:0:0:0, 2:0:0:0:0, 1:0:0:0:0, 1:0:0:0:0, 0:0:0:0:0, 1:0:0:0:0, 0:0:0:0:0, 0:0:0:0:0, 0:0:0:0:0, 0:0:0:0:0, 267:0:1:0:20
C locrian (0), 0:0:0:0:0, 1:0:0:0:0, 1:0:0:0:0, 1:0:0:0:0, 1:0:0:0:0, 1:0:0:0:0, 1:0:0:0:0, 0:0:0:0:0, 2:0:0:0:0, 2:0:0:0:0, 0:0:0:0:0, 2:0:0:0:2, 1:0:0:0:0, 1:0:0:0:0, 1:0:0:0:0, 1:0:0:0:0, 3:0:0:0:0, 1:0:0:0:0, 2:0:0:0:0, 0:0:0:0:0, 1:0:0:0:0, 2:0:0:0:0, 1:0:0:0:0, 2:0:0:0:2, 0:0:0:0:0, 1:0:0:0:0, 1:0:0:0:0, 1:0:0:0:0, 0:0:0:0:0, 3:0:0:0:0, 3:0:0:0:0, 2:0:0:0:0, 1:0:0:0:0, 2:0:0:0:0, 1:0:0:0:0, 1:0:0:0:0, 1:0:0:0:0, 2:0:0:0:1, 1:0:0:0:1, 2:0:0:0:0, 0:0:0:0:0, 3:0:0:0:0, 3:0:1:0:1, 1:0:0:0:0, 1:0:0:0:0, 2:0:0:0:0, 1:0:0:0:0, 1:0:0:0:0, 1:0:0:0:0, 2:0:0:0:0, 2:0:0:0:0, 2:0:0:0:0, 0:0:0:0:0, 2:0:0:0:0, 3:0:0:0:1, 1:0:0:0:0, 1:0:0:0:0, 2:0:0:0:0, 0:0:0:0:0, 1:0:0:0:0, 1:0:0:0:0, 1:0:0:0:1, 1:0:0:0:1, 3:0:0:0:0, 1:0:0:0:1, 4:0:0:0:0, 3:0:0:0:0, 1:0:0:0:0, 3:0:0:0:0, 2:0:0:0:0, 2:0:0:0:0, 2:0:0:0:0, 1:0:0:0:0, 2:0:0:0:0, 2:0:0:0:0, 1:0:0:0:0, 1:0:0:0:0, 2:0:0:0:0, 3:0:0:0:0, 1:0:0:0:0, 0:0:0:0:0, 2:0:0:0:0, 2:0:0:0:0, 2:0:0:0:0, 2:0:0:0:0, 1:0:0:0:1, 2:0:0:0:0, 1:0:0:0:1, 3:0:0:0:0, 2:0:0:0:0, 1:0:0:0:0, 2:0:0:0:1, 4:0:0:0:0, 3:0:0:0:0, 0:0:0:0:0, 2:0:0:0:0, 2:0:0:0:0, 1:0:0:0:0, 3:0:0:0:0, 1:0:0:0:0, 1:0:0:0:0, 3:0:0:0:0, 3:0:0:0:0, 1:0:0:0:0, 1:0:0:0:0, 3:0:0:0:0, 0:0:0:0:0, 2:0:0:0:0, 1:0:0:0:0, 2:0:0:0:0, 2:0:0:0:0, 1:0:0:0:0, 1:0:0:0:0, 2:0:0:0:0, 3:0:0:0:0, 1:0:0:0:0, 0:0:0:0:0, 3:0:0:0:0, 2:0:0:0:0, 2:0:0:0:0, 2:0:0:0:0, 1:0:0:0:1, 2:0:0:0:0, 1:0:0:0:1, 3:0:0:0:0, 2:0:0:0:0, 1:0:0:0:0, 1:0:0:0:0, 4:0:0:0:0, 3:0:0:0:0, 0:0:0:0:0, 2:0:0:0:0, 2:0:0:0:0, 1:0:0:0:0, 3:0:0:0:0, 1:0:0:0:0, 1:0:0:0:0, 4:0:0:0:0, 3:0:0:0:0, 1:0:0:0:0, 1:0:0:0:0, 3:0:0:0:0, 0:0:0:0:0, 2:0:0:0:0, 1:0:0:0:0, 2:0:0:0:0, 2:0:0:0:0, 1:0:0:0:0, 0:0:0:0:0, 3:0:0:0:0, 1:0:0:0:0, 1:0:0:0:0, 0:0:0:0:0, 2:0:0:0:0, 1:0:0:0:0, 1:0:0:0:0, 1:0:0:0:0, 1:0:0:0:1, 1:0:0:0:1, 1:0:0:0:2, 1:0:0:0:0, 1:0:0:0:0, 3:0:0:0:0, 2:0:0:0:0, 1:0:0:0:0, 3:0:0:0:0, 0:0:0:0:0, 2:0:0:0:0, 0:0:0:0:0, 2:0:0:0:0, 1:0:0:0:0, 1:0:0:0:0, 0:0:0:0:0, 1:0:0:0:0, 0:0:0:0:0, 0:0:0:0:0, 0:0:0:0:0, 0:0:0:0:0, 267:0:1:0:20
F major (1b), 0:0:0:0:0, 1:0:0:0:0, 1:0:0:0:0, 0:0:0:0:0, 2:0:0:0:0, 0:0:0:0:0, 1:0:0:0:0, 0:0:0:0:0, 2:0:0:0:0, 2:0:0:0:0, 0:0:0:0:0, 1:0:0:0:0, 1:0:0:0:0, 1:0:0:0:0, 1:0:0:0:0, 0:0:0:0:0, 3:0:0:0:0, 0:0:0:0:0, 2:0:0:0:0, 0:0:0:0:0, 1:0:0:0:0, 2:0:0:0:0, 1:0:0:0:0, 1:0:0:0:0, 0:0:0:0:0, 1:0:0:0:0, 1:0:0:0:0, 1:0:0:0:0, 1:0:0:0:0, 2:0:0:0:0, 2:0:0:0:0, 2:1:0:0:1, 1:0:0:0:0, 2:0:0:0:0, 1:0:0:0:0, 1:0:0:0:0, 1:0:0:0:0, 2:1:0:0:1, 1:0:0:0:0, 2:0:0:0:0, 1:0:0:0:0, 2:0:0:0:0, 2:0:1:0:1, 1:0:0:0:0, 1:0:0:0:0, 2:0:0:0:0, 1:0:0:0:0, 1:0:0:0:0, 1:0:0:0:0, 2:0:0:0:0, 1:0:0:0:0, 2:0:0:0:0, 1:0:0:0:0, 1:0:0:0:0, 2:1:0:0:1, 1:0:0:0:0, 1:0:0:0:0, 3:0:0:0:0, 0:0:0:0:0, 1:0:0:0:0, 1:0:0:0:0, 1:1:0:0:1, 1:0:0:0:0, 3:0:0:0:0, 2:0:0:0:0, 3:0:0:0:0, 2:0:0:0:0, 1:0:0:0:0, 2:0:0:0:0, 3:0:0:0:0, 1:0:0:0:0, 2:0:0:0:0, 1:0:0:0:0, 2:0:0:0:0, 1:0:0:0:0, 1:0:0:0:0, 1:1:0:0:1, 1:0:0:0:0, 2:0:0:0:0, 2:0:0:0:0, 0:0:0:0:0, 2:0:0:0:0, 1:0:0:0:0, 2:0:0:0:0, 2:0:0:0:0, 1:1:0:0:1, 1:0:0:0:0, 1:1:0:0:1, 3:0:0:0:0, 1:0:0:0:0, 0:0:0:0:0, 2:1:0:0:1, 3:0:0:0:0, 2:0:0:0:0, 0:0:0:0:0, 2:0:0:0:0, 1:0:0:0:0, 1:0:0:0:0, 2:0:0:0:0, 1:0:0:0:0, 2:0:0:0:0, 2:0:0:0:0, 2:0:0:0:0, 1:0:0:0:0, 1:0:0:0:0, 2:0:0:0:0, 0:0:0:0:0, 2:0:0:0:0, 2:0:0:0:0, 2:0:0:0:0, 1:0:0:0:0, 1:0:0:0:0, 1:1:0:0:1, 1:0:0:0:0, 2:0:0:0:0, 2:0:0:0:0, 0:0:0:0:0, 3:0:0:0:0, 1:0:0:0:0, 2:0:0:0:0, 2:0:0:0:0, 1:1:0:0:1, 1:0:0:0:0, 1:1:0:0:1, 3:0:0:0:0, 1:0:0:0:0, 0:0:0:0:0, 1:0:0:0:0, 3:0:0:0:0, 2:0:0:0:0, 0:0:0:0:0, 2:0:0:0:0, 1:0:0:0:0, 1:0:0:0:0, 2:0:0:0:0, 1:0:0:0:0, 1:0:0:0:0, 3:0:0:0:0, 2:0:0:0:0, 1:0:0:0:0, 1:0:0:0:0, 2:0:0:0:0, 0:0:0:0:0, 2:0:0:0:0, 2:0:0:0:0, 2:0:0:0:0, 1:0:0:0:0, 1:0:0:0:0, 1:0:0:0:0, 2:0:0:0:0, 0:0:0:0:0, 1:0:0:0:0, 0:0:0:0:0, 2:0:0:0:0, 1:0:0:0:0, 1:0:0:0:0, 0:0:0:0:0, 1:1:0:0:1, 1:0:0:0:0, 1:2:0:0:2, 2:0:0:0:0, 0:0:0:0:0, 2:0:0:0:0, 2:0:0:0:0, 1:0:0:0:0, 3:0:0:0:0, 0:0:0:0:0, 2:0:0:0:0, 0:0:0:0:0, 3:0:0:0:0, 0:0:0:0:0, 2:0:0:0:0, 0:0:0:0:0, 0:0:0:0:0, 0:0:0:0:0, 0:0:0:0:0, 0:0:0:0:0, 0:0:0:0:0, 230:14:1:0:15
G major (1#), 0:0:0:0:0, 2:0:0:0:1, 1:0:0:0:0, 1:2:0:0:0, 2:0:0:0:1, 1:2:0:0:0, 1:2:0:0:2, 1:0:0:0:0, 2:3:0:0:0, 2:3:0:0:4, 1:0:0:0:0, 3:3:0:0:1, 2:0:0:0:1, 2:0:0:0:1, 1:0:0:0:0, 1:2:0:0:0, 4:0:0:0:1, 1:3:0:0:0, 1:2:0:0:2, 1:0:0:0:0, 1:3:0:0:0, 2:2:0:0:3, 1:0:0:0:1, 3:3:0:0:1, 1:0:0:0:0, 2:1:0:0:0, 2:1:0:0:0, 2:0:0:0:1, 1:0:0:0:0, 2:3:0:0:0, 4:1:0:0:1, 3:0:0:0:1, 2:1:0:0:0, 3:3:0:0:4, 0:0:0:0:0, 2:0:0:0:2, 1:2:0:0:2, 3:0:0:0:1, 2:0:0:0:1, 3:1:0:0:0, 1:0:0:0:0, 4:2:0:0:1, 3:3:1:0:2, 2:0:0:0:1, 2:1:0:0:0, 3:3:0:0:4, 0:0:0:0:0, 2:0:0:0:2, 1:1:0:0:1, 3:1:0:0:0, 3:1:0:0:1, 3:1:0:0:0, 1:0:0:0:0, 3:2:0:0:0, 3:2:0:0:1, 2:1:0:0:0, 2:0:0:0:0, 3:2:0:0:3, 0:0:0:0:0, 2:0:0:0:1, 1:1:0:0:1, 2:0:0:0:1, 2:0:0:0:1, 4:0:0:0:2, 2:1:0:0:1, 3:2:0:0:1, 4:2:0:0:2, 2:0:0:0:1, 4:2:0:0:1, 3:2:0:0:3, 1:0:0:0:1, 3:1:0:0:1, 1:1:0:0:1, 3:1:0:0:0, 3:1:0:0:1, 2:0:0:0:1, 2:0:0:0:0, 2:3:0:0:0, 4:2:0:0:2, 2:1:0:0:0, 1:0:0:0:0, 3:3:0:0:4, 2:0:0:0:2, 3:1:0:0:1, 2:0:0:0:0, 2:0:0:0:1, 3:0:0:0:1, 2:0:0:0:1, 4:1:0:0:2, 2:4:0:0:1, 1:1:0:0:0, 3:1:0:0:0, 5:0:0:0:2, 4:3:0:0:5, 0:0:0:0:0, 3:0:0:0:1, 1:0:0:0:1, 2:1:0:0:0, 4:1:0:0:1, 2:0:0:0:2, 2:1:0:0:1, 3:2:0:0:1, 3:1:1:0:1, 2:1:0:0:0, 2:0:0:0:1, 4:3:0:0:5, 0:0:0:0:0, 3:0:0:0:1, 0:0:0:0:0, 3:1:0:0:0, 3:1:0:0:1, 2:0:0:0:1, 2:0:0:0:0, 2:3:0:0:0, 4:2:0:0:2, 2:1:0:0:0, 1:0:0:0:0, 4:3:0:0:4, 2:0:0:0:2, 3:1:0:0:1, 2:0:0:0:0, 2:0:0:0:1, 3:0:0:0:1, 2:0:0:0:1, 4:1:0:0:2, 2:4:0:0:1, 1:1:0:0:0, 2:1:0:0:0, 5:0:0:0:2, 4:3:0:0:5, 0:0:0:0:0, 3:0:0:0:1, 1:0:0:0:1, 2:1:0:0:0, 4:1:0:0:1, 2:0:0:0:2, 2:2:0:0:2, 4:2:0:0:1, 3:1:1:0:1, 2:1:0:0:0, 2:0:0:0:1, 4:3:0:0:5, 0:0:0:0:0, 3:0:0:0:1, 0:0:0:0:0, 3:1:0:0:0, 3:1:0:0:1, 2:0:0:0:1, 1:0:0:0:0, 2:3:0:0:0, 2:2:0:0:0, 2:1:0:0:0, 1:0:0:0:0, 3:3:0:0:4, 0:0:0:0:0, 2:0:0:0:2, 1:0:0:0:1, 2:0:0:0:1, 2:0:0:0:1, 2:0:0:0:2, 2:1:0:0:1, 2:3:0:0:0, 2:3:0:0:0, 3:1:0:0:0, 2:1:0:0:0, 4:3:0:0:4, 0:0:0:0:0, 2:2:0:0:3, 0:0:0:0:0, 1:0:0:0:1, 2:2:0:0:0, 0:0:0:0:0, 0:0:0:0:0, 2:3:0:0:0, 1:0:0:0:0, 1:0:0:0:0, 1:0:0:0:0, 1:0:0:0:0, 372:170:3:0:167
D minor (1b), 0:0:0:0:0, 1:0:0:0:0, 1:0:0:0:0, 0:0:0:0:0, 2:0:0:0:0, 0:0:0:0:0, 1:0:0:0:0, 0:0:0:0:0, 2:0:0:0:0, 2:0:0:0:0, 0:0:0:0:0, 1:0:0:0:0, 1:0:0:0:0, 1:0:0:0:0, 1:0:0:0:0, 0:0:0:0:0, 3:0:0:0:0, 0:0:0:0:0, 2:0:0:0:0, 0:0:0:0:0, 1:0:0:0:0, 2:0:0:0:0, 1:0:0:0:0, 1:0:0:0:0, 0:0:0:0:0, 1:0:0:0:0, 1:0:0:0:0, 1:0:0:0:0, 1:0:0:0:0, 2:0:0:0:0, 2:0:0:0:0, 2:1:0:0:1, 1:0:0:0:0, 2:0:0:0:0, 1:0:0:0:0, 1:0:0:0:0, 1:0:0:0:0, 2:1:0:0:1, 1:0:0:0:0, 2:0:0:0:0, 1:0:0:0:0, 2:0:0:0:0, 2:0:1:0:1, 1:0:0:0:0, 1:0:0:0:0, 2:0:0:0:0, 1:0:0:0:0, 1:0:0:0:0, 1:0:0:0:0, 2:0:0:0:0, 1:0:0:0:0, 2:0:0:0:0, 1:0:0:0:0, 1:0:0:0:0, 2:1:0:0:1, 1:0:0:0:0, 1:0:0:0:0, 3:0:0:0:0, 0:0:0:0:0, 1:0:0:0:0, 1:0:0:0:0, 1:1:0:0:1, 1:0:0:0:0, 3:0:0:0:0, 2:0:0:0:0, 3:0:0:0:0, 2:0:0:0:0, 1:0:0:0:0, 2:0:0:0:0, 3:0:0:0:0, 1:0:0:0:0, 2:0:0:0:0, 1:0:0:0:0, 2:0:0:0:0, 1:0:0:0:0, 1:0:0:0:0, 1:1:0:0:1, 1:0:0:0:0, 2:0:0:0:0, 2:0:0:0:0, 0:0:0:0:0, 2:0:0:0:0, 1:0:0:0:0, 2:0:0:0:0, 2:0:0:0:0, 1:1:0:0:1, 1:0:0:0:0, 1:1:0:0:1, 3:0:0:0:0, 1:0:0:0:0, 0:0:0:0:0, 2:1:0:0:1, 3:0:0:0:0, 2:0:0:0:0, 0:0:0:0:0, 2:0:0:0:0, 1:0:0:0:0, 1:0:0:0:0, 2:0:0:0:0, 1:0:0:0:0, 2:0:0:0:0, 2:0:0:0:0, 2:0:0:0:0, 1:0:0:0:0, 1:0:0:0:0, 2:0:0:0:0, 0:0:0:0:0, 2:0:0:0:0, 2:0:0:0:0, 2:0:0:0:0, 1:0:0:0:0, 1:0:0:0:0, 1:1:0:0:1, 1:0:0:0:0, 2:0:0:0:0, 2:0:0:0:0, 0:0:0:0:0, 3:0:0:0:0, 1:0:0:0:0, 2:0:0:0:0, 2:0:0:0:0, 1:1:0:0:1, 1:0:0:0:0, 1:1:0:0:1, 3:0:0:0:0, 1:0:0:0:0, 0:0:0:0:0, 1:0:0:0:0, 3:0:0:0:0, 2:0:0:0:0, 0:0:0:0:0, 2:0:0:0:0, 1:0:0:0:0, 1:0:0:0:0, 2:0:0:0:0, 1:0:0:0:0, 1:0:0:0:0, 3:0:0:0:0, 2:0:0:0:0, 1:0:0:0:0, 1:0:0:0:0, 2:0:0:0:0, 0:0:0:0:0, 2:0:0:0:0, 2:0:0:0:0, 2:0:0:0:0, 1:0:0:0:0, 1:0:0:0:0, 1:0:0:0:0, 2:0:0:0:0, 0:0:0:0:0, 1:0:0:0:0, 0:0:0:0:0, 2:0:0:0:0, 1:0:0:0:0, 1:0:0:0:0, 0:0:0:0:0, 1:1:0:0:1, 1:0:0:0:0, 1:2:0:0:2, 2:0:0:0:0, 0:0:0:0:0, 2:0:0:0:0, 2:0:0:0:0, 1:0:0:0:0, 3:0:0:0:0, 0:0:0:0:0, 2:0:0:0:0, 0:0:0:0:0, 3:0:0:0:0, 0:0:0:0:0, 2:0:0:0:0, 0:0:0:0:0, 0:0:0:0:0, 0:0:0:0:0, 0:0:0:0:0, 0:0:0:0:0, 0:0:0:0:0, 230:14:1:0:15
E minor (1#), 0:0:0:0:0, 2:0:0:0:1, 1:0:0:0:0, 1:2:0:0:0, 2:0:0:0:1, 1:2:0:0:0, 1:2:0:0:2, 1:0:0:0:0, 2:3:0:0:0, 2:3:0:0:4, 1:0:0:0:0, 3:3:0:0:1, 2:0:0:0:1, 2:0:0:0:1, 1:0:0:0:0, 1:2:0:0:0, 4:0:0:0:1, 1:3:0:0:0, 1:2:0:0:2, 1:0:0:0:0, 1:3:0:0:0, 2:2:0:0:3, 1:0:0:0:1, 3:3:0:0:1, 1:0:0:0:0, 2:1:0:0:0, 2:1:0:0:0, 2:0:0:0:1, 1:0:0:0:0, 2:3:0:0:0, 4:1:0:0:1, 3:0:0:0:1, 2:1:0:0:0, 3:3:0:0:4, 0:0:0:0:0, 2:0:0:0:2, 1:2:0:0:2, 3:0:0:0:1, 2:0:0:0:1, 3:1:0:0:0, 1:0:0:0:0, 4:2:0:0:1, 3:3:1:0:2, 2:0:0:0:1, 2:1:0:0:0, 3:3:0:0:4, 0:0:0:0:0, 2:0:0:0:2, 1:1:0:0:1, 3:1:0:0:0, 3:1:0:0:1, 3:1:0:0:0, 1:0:0:0:0, 3:2:0:0:0, 3:2:0:0:1, 2:1:0:0:0, 2:0:0:0:0, 3:2:0:0:3, 0:0:0:0:0, 2:0:0:0:1, 1:1:0:0:1, 2:0:0:0:1, 2:0:0:0:1, 4:0:0:0:2, 2:1:0:0:1, 3:2:0:0:1, 4:2:0:0:2, 2:0:0:0:1, 4:2:0:0:1, 3:2:0:0:3, 1:0:0:0:1, 3:1:0:0:1, 1:1:0:0:1, 3:1:0:0:0, 3:1:0:0:1, 2:0:0:0:1, 2:0:0:0:0, 2:3:0:0:0, 4:2:0:0:2, 2:1:0:0:0, 1:0:0:0:0, 3:3:0:0:4, 2:0:0:0:2, 3:1:0:0:1, 2:0:0:0:0, 2:0:0:0:1, 3:0:0:0:1, 2:0:0:0:1, 4:1:0:0:2, 2:4:0:0:1, 1:1:0:0:0, 3:1:0:0:0, 5:0:0:0:2, 4:3:0:0:5, 0:0:0:0:0, 3:0:0:0:1, 1:0:0:0:1, 2:1:0:0:0, 4:1:0:0:1, 2:0:0:0:2, 2:1:0:0:1, 3:2:0:0:1, 3:1:1:0:1, 2:1:0:0:0, 2:0:0:0:1, 4:3:0:0:5, 0:0:0:0:0, 3:0:0:0:1, 0:0:0:0:0, 3:1:0:0:0, 3:1:0:0:1, 2:0:0:0:1, 2:0:0:0:0, 2:3:0:0:0, 4:2:0:0:2, 2:1:0:0:0, 1:0:0:0:0, 4:3:0:0:4, 2:0:0:0:2, 3:1:0:0:1, 2:0:0:0:0, 2:0:0:0:1, 3:0:0:0:1, 2:0:0:0:1, 4:1:0:0:2, 2:4:0:0:1, 1:1:0:0:0, 2:1:0:0:0, 5:0:0:0:2, 4:3:0:0:5, 0:0:0:0:0, 3:0:0:0:1, 1:0:0:0:1, 2:1:0:0:0, 4:1:0:0:1, 2:0:0:0:2, 2:2:0:0:2, 4:2:0:0:1, 3:1:1:0:1, 2:1:0:0:0, 2:0:0:0:1, 4:3:0:0:5, 0:0:0:0:0, 3:0:0:0:1, 0:0:0:0:0, 3:1:0:0:0, 3:1:0:0:1, 2:0:0:0:1, 1:0:0:0:0, 2:3:0:0:0, 2:2:0:0:0, 2:1:0:0:0, 1:0:0:0:0, 3:3:0:0:4, 0:0:0:0:0, 2:0:0:0:2, 1:0:0:0:1, 2:0:0:0:1, 2:0:0:0:1, 2:0:0:0:2, 2:1:0:0:1, 2:3:0:0:0, 2:3:0:0:0, 3:1:0:0:0, 2:1:0:0:0, 4:3:0:0:4, 0:0:0:0:0, 2:2:0:0:3, 0:0:0:0:0, 1:0:0:0:1, 2:2:0:0:0, 0:0:0:0:0, 0:0:0:0:0, 2:3:0:0:0, 1:0:0:0:0, 1:0:0:0:0, 1:0:0:0:0, 1:0:0:0:0, 372:170:3:0:167
D minor mel (1b), 0:0:0:0:0, 1:0:0:0:0, 1:0:0:0:0, 0:0:0:0:0, 2:0:0:0:0, 0:0:0:0:0, 1:0:0:0:0, 0:0:0:0:0, 2:0:0:0:0, 2:0:0:0:0, 0:0:0:0:0, 1:0:0:0:0, 1:0:0:0:0, 1:0:0:0:0, 1:0:0:0:0, 0:0:0:0:0, 3:0:0:0:0, 0:0:0:0:0, 2:0:0:0:0, 0:0:0:0:0, 1:0:0:0:0, 2:0:0:0:0, 1:0:0:0:0, 1:0:0:0:0, 0:0:0:0:0, 1:0:0:0:0, 1:0:0:0:0, 1:0:0:0:0, 1:0:0:0:0, 2:0:0:0:0, 2:0:0:0:0, 2:1:0:0:1, 1:0:0:0:0, 2:0:0:0:0, 1:0:0:0:0, 1:0:0:0:0, 1:0:0:0:0, 2:1:0:0:1, 1:0:0:0:0, 2:0:0:0:0, 1:0:0:0:0, 2:0:0:0:0, 2:0:1:0:1, 1:0:0:0:0, 1:0:0:0:0, 2:0:0:0:0, 1:0:0:0:0, 1:0:0:0:0, 1:0:0:0:0, 2:0:0:0:0, 1:0:0:0:0, 2:0:0:0:0, 1:0:0:0:0, 1:0:0:0:0, 2:1:0:0:1, 1:0:0:0:0, 1:0:0:0:0, 3:0:0:0:0, 0:0:0:0:0, 1:0:0:0:0, 1:0:0:0:0, 1:1:0:0:1, 1:0:0:0:0, 3:0:0:0:0, 2:0:0:0:0, 3:0:0:0:0, 2:0:0:0:0, 1:0:0:0:0, 2:0:0:0:0, 3:0:0:0:0, 1:0:0:0:0, 2:0:0:0:0, 1:0:0:0:0, 2:0:0:0:0, 1:0:0:0:0, 1:0:0:0:0, 1:1:0:0:1, 1:0:0:0:0, 2:0:0:0:0, 2:0:0:0:0, 0:0:0:0:0, 2:0:0:0:0, 1:0:0:0:0, 2:0:0:0:0, 2:0:0:0:0, 1:1:0:0:1, 1:0:0:0:0, 1:1:0:0:1, 3:0:0:0:0, 1:0:0:0:0, 0:0:0:0:0, 2:1:0:0:1, 3:0:0:0:0, 2:0:0:0:0, 0:0:0:0:0, 2:0:0:0:0, 1:0:0:0:0, 1:0:0:0:0, 2:0:0:0:0, 1:0:0:0:0, 2:0:0:0:0, 2:0:0:0:0, 2:0:0:0:0, 1:0:0:0:0, 1:0:0:0:0, 2:0:0:0:0, 0:0:0:0:0, 2:0:0:0:0, 2:0:0:0:0, 2:0:0:0:0, 1:0:0:0:0, 1:0:0:0:0, 1:1:0:0:1, 1:0:0:0:0, 2:0:0:0:0, 2:0:0:0:0, 0:0:0:0:0, 3:0:0:0:0, 1:0:0:0:0, 2:0:0:0:0, 2:0:0:0:0, 1:1:0:0:1, 1:0:0:0:0, 1:1:0:0:1, 3:0:0:0:0, 1:0:0:0:0, 0:0:0:0:0, 1:0:0:0:0, 3:0:0:0:0, 2:0:0:0:0, 0:0:0:0:0, 2:0:0:0:0, 1:0:0:0:0, 1:0:0:0:0, 2:0:0:0:0, 1:0:0:0:0, 1:0:0:0:0, 3:0:0:0:0, 2:0:0:0:0, 1:0:0:0:0, 1:0:0:0:0, 2:0:0:0:0, 0:0:0:0:0, 2:0:0:0:0, 2:0:0:0:0, 2:0:0:0:0, 1:0:0:0:0, 1:0:0:0:0, 1:0:0:0:0, 2:0:0:0:0, 0:0:0:0:0, 1:0:0:0:0, 0:0:0:0:0, 2:0:0:0:0, 1:0:0:0:0, 1:0:0:0:0, 0:0:0:0:0, 1:1:0:0:1, 1:0:0:0:0, 1:2:0:0:2, 2:0:0:0:0, 0:0:0:0:0, 2:0:0:0:0, 2:0:0:0:0, 1:0:0:0:0, 3:0:0:0:0, 0:0:0:0:0, 2:0:0:0:0, 0:0:0:0:0, 3:0:0:0:0, 0:0:0:0:0, 2:0:0:0:0, 0:0:0:0:0, 0:0:0:0:0, 0:0:0:0:0, 0:0:0:0:0, 0:0:0:0:0, 0:0:0:0:0, 230:14:1:0:15
E minor mel (1#), 0:0:0:0:0, 2:0:0:0:1, 1:0:0:0:0, 1:2:0:0:0, 2:0:0:0:1, 1:2:0:0:0, 1:2:0:0:2, 1:0:0:0:0, 2:3:0:0:0, 2:3:0:0:4, 1:0:0:0:0, 3:3:0:0:1, 2:0:0:0:1, 2:0:0:0:1, 1:0:0:0:0, 1:2:0:0:0, 4:0:0:0:1, 1:3:0:0:0, 1:2:0:0:2, 1:0:0:0:0, 1:3:0:0:0, 2:2:0:0:3, 1:0:0:0:1, 3:3:0:0:1, 1:0:0:0:0, 2:1:0:0:0, 2:1:0:0:0, 2:0:0:0:1, 1:0:0:0:0, 2:3:0:0:0, 4:1:0:0:1, 3:0:0:0:1, 2:1:0:0:0, 3:3:0:0:4, 0:0:0:0:0, 2:0:0:0:2, 1:2:0:0:2, 3:0:0:0:1, 2:0:0:0:1, 3:1:0:0:0, 1:0:0:0:0, 4:2:0:0:1, 3:3:1:0:2, 2:0:0:0:1, 2:1:0:0:0, 3:3:0:0:4, 0:0:0:0:0, 2:0:0:0:2, 1:1:0:0:1, 3:1:0:0:0, 3:1:0:0:1, 3:1:0:0:0, 1:0:0:0:0, 3:2:0:0:0, 3:2:0:0:1, 2:1:0:0:0, 2:0:0:0:0, 3:2:0:0:3, 0:0:0:0:0, 2:0:0:0:1, 1:1:0:0:1, 2:0:0:0:1, 2:0:0:0:1, 4:0:0:0:2, 2:1:0:0:1, 3:2:0:0:1, 4:2:0:0:2, 2:0:0:0:1, 4:2:0:0:1, 3:2:0:0:3, 1:0:0:0:1, 3:1:0:0:1, 1:1:0:0:1, 3:1:0:0:0, 3:1:0:0:1, 2:0:0:0:1, 2:0:0:0:0, 2:3:0:0:0, 4:2:0:0:2, 2:1:0:0:0, 1:0:0:0:0, 3:3:0:0:4, 2:0:0:0:2, 3:1:0:0:1, 2:0:0:0:0, 2:0:0:0:1, 3:0:0:0:1, 2:0:0:0:1, 4:1:0:0:2, 2:4:0:0:1, 1:1:0:0:0, 3:1:0:0:0, 5:0:0:0:2, 4:3:0:0:5, 0:0:0:0:0, 3:0:0:0:1, 1:0:0:0:1, 2:1:0:0:0, 4:1:0:0:1, 2:0:0:0:2, 2:1:0:0:1, 3:2:0:0:1, 3:1:1:0:1, 2:1:0:0:0, 2:0:0:0:1, 4:3:0:0:5, 0:0:0:0:0, 3:0:0:0:1, 0:0:0:0:0, 3:1:0:0:0, 3:1:0:0:1, 2:0:0:0:1, 2:0:0:0:0, 2:3:0:0:0, 4:2:0:0:2, 2:1:0:0:0, 1:0:0:0:0, 4:3:0:0:4, 2:0:0:0:2, 3:1:0:0:1, 2:0:0:0:0, 2:0:0:0:1, 3:0:0:0:1, 2:0:0:0:1, 4:1:0:0:2, 2:4:0:0:1, 1:1:0:0:0, 2:1:0:0:0, 5:0:0:0:2, 4:3:0:0:5, 0:0:0:0:0, 3:0:0:0:1, 1:0:0:0:1, 2:1:0:0:0, 4:1:0:0:1, 2:0:0:0:2, 2:2:0:0:2, 4:2:0:0:1, 3:1:1:0:1, 2:1:0:0:0, 2:0:0:0:1, 4:3:0:0:5, 0:0:0:0:0, 3:0:0:0:1, 0:0:0:0:0, 3:1:0:0:0, 3:1:0:0:1, 2:0:0:0:1, 1:0:0:0:0, 2:3:0:0:0, 2:2:0:0:0, 2:1:0:0:0, 1:0:0:0:0, 3:3:0:0:4, 0:0:0:0:0, 2:0:0:0:2, 1:0:0:0:1, 2:0:0:0:1, 2:0:0:0:1, 2:0:0:0:2, 2:1:0:0:1, 2:3:0:0:0, 2:3:0:0:0, 3:1:0:0:0, 2:1:0:0:0, 4:3:0:0:4, 0:0:0:0:0, 2:2:0:0:3, 0:0:0:0:0, 1:0:0:0:1, 2:2:0:0:0, 0:0:0:0:0, 0:0:0:0:0, 2:3:0:0:0, 1:0:0:0:0, 1:0:0:0:0, 1:0:0:0:0, 1:0:0:0:0, 372:170:3:0:167
F major blues (1b), 0:0:0:0:0, 1:0:0:0:0, 1:0:0:0:0, 0:0:0:0:0, 2:0:0:0:0, 0:0:0:0:0, 1:0:0:0:0, 0:0:0:0:0, 2:0:0:0:0, 2:0:0:0:0, 0:0:0:0:0, 1:0:0:0:0, 1:0:0:0:0, 1:0:0:0:0, 1:0:0:0:0, 0:0:0:0:0, 3:0:0:0:0, 0:0:0:0:0, 2:0:0:0:0, 0:0:0:0:0, 1:0:0:0:0, 2:0:0:0:0, 1:0:0:0:0, 1:0:0:0:0, 0:0:0:0:0, 1:0:0:0:0, 1:0:0:0:0, 1:0:0:0:0, 1:0:0:0:0, 2:0:0:0:0, 2:0:0:0:0, 2:1:0:0:1, 1:0:0:0:0, 2:0:0:0:0, 1:0:0:0:0, 1:0:0:0:0, 1:0:0:0:0, 2:1:0:0:1, 1:0:0:0:0, 2:0:0:0:0, 1:0:0:0:0, 2:0:0:0:0, 2:0:1:0:1, 1:0:0:0:0, 1:0:0:0:0, 2:0:0:0:0, 1:0:0:0:0, 1:0:0:0:0, 1:0:0:0:0, 2:0:0:0:0, 1:0:0:0:0, 2:0:0:0:0, 1:0:0:0:0, 1:0:0:0:0, 2:1:0:0:1, 1:0:0:0:0, 1:0:0:0:0, 3:0:0:0:0, 0:0:0:0:0, 1:0:0:0:0, 1:0:0:0:0, 1:1:0:0:1, 1:0:0:0:0, 3:0:0:0:0, 2:0:0:0:0, 3:0:0:0:0, 2:0:0:0:0, 1:0:0:0:0, 2:0:0:0:0, 3:0:0:0:0, 1:0:0:0:0, 2:0:0:0:0, 1:0:0:0:0, 2:0:0:0:0, 1:0:0:0:0, 1:0:0:0:0, 1:1:0:0:1, 1:0:0:0:0, 2:0:0:0:0, 2:0:0:0:0, 0:0:0:0:0, 2:0:0:0:0, 1:0:0:0:0, 2:0:0:0:0, 2:0:0:0:0, 1:1:0:0:1, 1:0:0:0:0, 1:1:0:0:1, 3:0:0:0:0, 1:0:0:0:0, 0:0:0:0:0, 2:1:0:0:1, 3:0:0:0:0, 2:0:0:0:0, 0:0:0:0:0, 2:0:0:0:0, 1:0:0:0:0, 1:0:0:0:0, 2:0:0:0:0, 1:0:0:0:0, 2:0:0:0:0, 2:0:0:0:0, 2:0:0:0:0, 1:0:0:0:0, 1:0:0:0:0, 2:0:0:0:0, 0:0:0:0:0, 2:0:0:0:0, 2:0:0:0:0, 2:0:0:0:0, 1:0:0:0:0, 1:0:0:0:0, 1:1:0:0:1, 1:0:0:0:0, 2:0:0:0:0, 2:0:0:0:0, 0:0:0:0:0, 3:0:0:0:0, 1:0:0:0:0, 2:0:0:0:0, 2:0:0:0:0, 1:1:0:0:1, 1:0:0:0:0, 1:1:0:0:1, 3:0:0:0:0, 1:0:0:0:0, 0:0:0:0:0, 1:0:0:0:0, 3:0:0:0:0, 2:0:0:0:0, 0:0:0:0:0, 2:0:0:0:0, 1:0:0:0:0, 1:0:0:0:0, 2:0:0:0:0, 1:0:0:0:0, 1:0:0:0:0, 3:0:0:0:0, 2:0:0:0:0, 1:0:0:0:0, 1:0:0:0:0, 2:0:0:0:0, 0:0:0:0:0, 2:0:0:0:0, 2:0:0:0:0, 2:0:0:0:0, 1:0:0:0:0, 1:0:0:0:0, 1:0:0:0:0, 2:0:0:0:0, 0:0:0:0:0, 1:0:0:0:0, 0:0:0:0:0, 2:0:0:0:0, 1:0:0:0:0, 1:0:0:0:0, 0:0:0:0:0, 1:1:0:0:1, 1:0:0:0:0, 1:2:0:0:2, 2:0:0:0:0, 0:0:0:0:0, 2:0:0:0:0, 2:0:0:0:0, 1:0:0:0:0, 3:0:0:0:0, 0:0:0:0:0, 2:0:0:0:0, 0:0:0:0:0, 3:0:0:0:0, 0:0:0:0:0, 2:0:0:0:0, 0:0:0:0:0, 0:0:0:0:0, 0:0:0:0:0, 0:0:0:0:0, 0:0:0:0:0, 0:0:0:0:0, 230:14:1:0:15
G major blues (1#), 0:0:0:0:0, 2:0:0:0:1, 1:0:0:0:0, 1:2:0:0:0, 2:0:0:0:1, 1:2:0:0:0, 1:2:0:0:2, 1:0:0:0:0, 2:3:0:0:0, 2:3:0:0:4, 1:0:0:0:0, 3:3:0:0:1, 2:0:0:0:1, 2:0:0:0:1, 1:0:0:0:0, 1:2:0:0:0, 4:0:0:0:1, 1:3:0:0:0, 1:2:0:0:2, 1:0:0:0:0, 1:3:0:0:0, 2:2:0:0:3, 1:0:0:0:1, 3:3:0:0:1, 1:0:0:0:0, 2:1:0:0:0, 2:1:0:0:0, 2:0:0:0:1, 1:0:0:0:0, 2:3:0:0:0, 4:1:0:0:1, 3:0:0:0:1, 2:1:0:0:0, 3:3:0:0:4, 0:0:0:0:0, 2:0:0:0:2, 1:2:0:0:2, 3:0:0:0:1, 2:0:0:0:1, 3:1:0:0:0, 1:0:0:0:0, 4:2:0:0:1, 3:3:1:0:2, 2:0:0:0:1, 2:1:0:0:0, 3:3:0:0:4, 0:0:0:0:0, 2:0:0:0:2, 1:1:0:0:1, 3:1:0:0:0, 3:1:0:0:1, 3:1:0:0:0, 1:0:0:0:0, 3:2:0:0:0, 3:2:0:0:1, 2:1:0:0:0, 2:0:0:0:0, 3:2:0:0:3, 0:0:0:0:0, 2:0:0:0:1, 1:1:0:0:1, 2:0:0:0:1, 2:0:0:0:1, 4:0:0:0:2, 2:1:0:0:1, 3:2:0:0:1, 4:2:0:0:2, 2:0:0:0:1, 4:2:0:0:1, 3:2:0:0:3, 1:0:0:0:1, 3:1:0:0:1, 1:1:0:0:1, 3:1:0:0:0, 3:1:0:0:1, 2:0:0:0:1, 2:0:0:0:0, 2:3:0:0:0, 4:2:0:0:2, 2:1:0:0:0, 1:0:0:0:0, 3:3:0:0:4, 2:0:0:0:2, 3:1:0:0:1, 2:0:0:0:0, 2:0:0:0:1, 3:0:0:0:1, 2:0:0:0:1, 4:1:0:0:2, 2:4:0:0:1, 1:1:0:0:0, 3:1:0:0:0, 5:0:0:0:2, 4:3:0:0:5, 0:0:0:0:0, 3:0:0:0:1, 1:0:0:0:1, 2:1:0:0:0, 4:1:0:0:1, 2:0:0:0:2, 2:1:0:0:1, 3:2:0:0:1, 3:1:1:0:1, 2:1:0:0:0, 2:0:0:0:1, 4:3:0:0:5, 0:0:0:0:0, 3:0:0:0:1, 0:0:0:0:0, 3:1:0:0:0, 3:1:0:0:1, 2:0:0:0:1, 2:0:0:0:0, 2:3:0:0:0, 4:2:0:0:2, 2:1:0:0:0, 1:0:0:0:0, 4:3:0:0:4, 2:0:0:0:2, 3:1:0:0:1, 2:0:0:0:0, 2:0:0:0:1, 3:0:0:0:1, 2:0:0:0:1, 4:1:0:0:2, 2:4:0:0:1, 1:1:0:0:0, 2:1:0:0:0, 5:0:0:0:2, 4:3:0:0:5, 0:0:0:0:0, 3:0:0:0:1, 1:0:0:0:1, 2:1:0:0:0, 4:1:0:0:1, 2:0:0:0:2, 2:2:0:0:2, 4:2:0:0:1, 3:1:1:0:1, 2:1:0:0:0, 2:0:0:0:1, 4:3:0:0:5, 0:0:0:0:0, 3:0:0:0:1, 0:0:0:0:0, 3:1:0:0:0, 3:1:0:0:1, 2:0:0:0:1, 1:0:0:0:0, 2:3:0:0:0, 2:2:0:0:0, 2:1:0:0:0, 1:0:0:0:0, 3:3:0:0:4, 0:0:0:0:0, 2:0:0:0:2, 1:0:0:0:1, 2:0:0:0:1, 2:0:0:0:1, 2:0:0:0:2, 2:1:0:0:1, 2:3:0:0:0, 2:3:0:0:0, 3:1:0:0:0, 2:1:0:0:0, 4:3:0:0:4, 0:0:0:0:0, 2:2:0:0:3, 0:0:0:0:0, 1:0:0:0:1, 2:2:0:0:0, 0:0:0:0:0, 0:0:0:0:0, 2:3:0:0:0, 1:0:0:0:0, 1:0:0:0:0, 1:0:0:0:0, 1:0:0:0:0, 372:170:3:0:167
D minor blues (1b), 0:0:0:0:0, 1:0:0:0:0, 1:0:0:0:0, 0:0:0:0:0, 2:0:0:0:0, 0:0:0:0:0, 1:0:0:0:0, 0:0:0:0:0, 2:0:0:0:0, 2:0:0:0:0, 0:0:0:0:0, 1:0:0:0:0, 1:0:0:0:0, 1:0:0:0:0, 1:0:0:0:0, 0:0:0:0:0, 3:0:0:0:0, 0:0:0:0:0, 2:0:0:0:0, 0:0:0:0:0, 1:0:0:0:0, 2:0:0:0:0, 1:0:0:0:0, 1:0:0:0:0, 0:0:0:0:0, 1:0:0:0:0, 1:0:0:0:0, 1:0:0:0:0, 1:0:0:0:0, 2:0:0:0:0, 2:0:0:0:0, 2:1:0:0:1, 1:0:0:0:0, 2:0:0:0:0, 1:0:0:0:0, 1:0:0:0:0, 1:0:0:0:0, 2:1:0:0:1, 1:0:0:0:0, 2:0:0:0:0, 1:0:0:0:0, 2:0:0:0:0, 2:0:1:0:1, 1:0:0:0:0, 1:0:0:0:0, 2:0:0:0:0, 1:0:0:0:0, 1:0:0:0:0, 1:0:0:0:0, 2:0:0:0:0, 1:0:0:0:0, 2:0:0:0:0, 1:0:0:0:0, 1:0:0:0:0, 2:1:0:0:1, 1:0:0:0:0, 1:0:0:0:0, 3:0:0:0:0, 0:0:0:0:0, 1:0:0:0:0, 1:0:0:0:0, 1:1:0:0:1, 1:0:0:0:0, 3:0:0:0:0, 2:0:0:0:0, 3:0:0:0:0, 2:0:0:0:0, 1:0:0:0:0, 2:0:0:0:0, 3:0:0:0:0, 1:0:0:0:0, 2:0:0:0:0, 1:0:0:0:0, 2:0:0:0:0, 1:0:0:0:0, 1:0:0:0:0, 1:1:0:0:1, 1:0:0:0:0, 2:0:0:0:0, 2:0:0:0:0, 0:0:0:0:0, 2:0:0:0:0, 1:0:0:0:0, 2:0:0:0:0, 2:0:0:0:0, 1:1:0:0:1, 1:0:0:0:0, 1:1:0:0:1, 3:0:0:0:0, 1:0:0:0:0, 0:0:0:0:0, 2:1:0:0:1, 3:0:0:0:0, 2:0:0:0:0, 0:0:0:0:0, 2:0:0:0:0, 1:0:0:0:0, 1:0:0:0:0, 2:0:0:0:0, 1:0:0:0:0, 2:0:0:0:0, 2:0:0:0:0, 2:0:0:0:0, 1:0:0:0:0, 1:0:0:0:0, 2:0:0:0:0, 0:0:0:0:0, 2:0:0:0:0, 2:0:0:0:0, 2:0:0:0:0, 1:0:0:0:0, 1:0:0:0:0, 1:1:0:0:1, 1:0:0:0:0, 2:0:0:0:0, 2:0:0:0:0, 0:0:0:0:0, 3:0:0:0:0, 1:0:0:0:0, 2:0:0:0:0, 2:0:0:0:0, 1:1:0:0:1, 1:0:0:0:0, 1:1:0:0:1, 3:0:0:0:0, 1:0:0:0:0, 0:0:0:0:0, 1:0:0:0:0, 3:0:0:0:0, 2:0:0:0:0, 0:0:0:0:0, 2:0:0:0:0, 1:0:0:0:0, 1:0:0:0:0, 2:0:0:0:0, 1:0:0:0:0, 1:0:0:0:0, 3:0:0:0:0, 2:0:0:0:0, 1:0:0:0:0, 1:0:0:0:0, 2:0:0:0:0, 0:0:0:0:0, 2:0:0:0:0, 2:0:0:0:0, 2:0:0:0:0, 1:0:0:0:0, 1:0:0:0:0, 1:0:0:0:0, 2:0:0:0:0, 0:0:0:0:0, 1:0:0:0:0, 0:0:0:0:0, 2:0:0:0:0, 1:0:0:0:0, 1:0:0:0:0, 0:0:0:0:0, 1:1:0:0:1, 1:0:0:0:0, 1:2:0:0:2, 2:0:0:0:0, 0:0:0:0:0, 2:0:0:0:0, 2:0:0:0:0, 1:0:0:0:0, 3:0:0:0:0, 0:0:0:0:0, 2:0:0:0:0, 0:0:0:0:0, 3:0:0:0:0, 0:0:0:0:0, 2:0:0:0:0, 0:0:0:0:0, 0:0:0:0:0, 0:0:0:0:0, 0:0:0:0:0, 0:0:0:0:0, 0:0:0:0:0, 230:14:1:0:15
E minor blues (1#), 0:0:0:0:0, 2:0:0:0:1, 1:0:0:0:0, 1:2:0:0:0, 2:0:0:0:1, 1:2:0:0:0, 1:2:0:0:2, 1:0:0:0:0, 2:3:0:0:0, 2:3:0:0:4, 1:0:0:0:0, 3:3:0:0:1, 2:0:0:0:1, 2:0:0:0:1, 1:0:0:0:0, 1:2:0:0:0, 4:0:0:0:1, 1:3:0:0:0, 1:2:0:0:2, 1:0:0:0:0, 1:3:0:0:0, 2:2:0:0:3, 1:0:0:0:1, 3:3:0:0:1, 1:0:0:0:0, 2:1:0:0:0, 2:1:0:0:0, 2:0:0:0:1, 1:0:0:0:0, 2:3:0:0:0, 4:1:0:0:1, 3:0:0:0:1, 2:1:0:0:0, 3:3:0:0:4, 0:0:0:0:0, 2:0:0:0:2, 1:2:0:0:2, 3:0:0:0:1, 2:0:0:0:1, 3:1:0:0:0, 1:0:0:0:0, 4:2:0:0:1, 3:3:1:0:2, 2:0:0:0:1, 2:1:0:0:0, 3:3:0:0:4, 0:0:0:0:0, 2:0:0:0:2, 1:1:0:0:1, 3:1:0:0:0, 3:1:0:0:1, 3:1:0:0:0, 1:0:0:0:0, 3:2:0:0:0, 3:2:0:0:1, 2:1:0:0:0, 2:0:0:0:0, 3:2:0:0:3, 0:0:0:0:0, 2:0:0:0:1, 1:1:0:0:1, 2:0:0:0:1, 2:0:0:0:1, 4:0:0:0:2, 2:1:0:0:1, 3:2:0:0:1, 4:2:0:0:2, 2:0:0:0:1, 4:2:0:0:1, 3:2:0:0:3, 1:0:0:0:1, 3:1:0:0:1, 1:1:0:0:1, 3:1:0:0:0, 3:1:0:0:1, 2:0:0:0:1, 2:0:0:0:0, 2:3:0:0:0, 4:2:0:0:2, 2:1:0:0:0, 1:0:0:0:0, 3:3:0:0:4, 2:0:0:0:2, 3:1:0:0:1, 2:0:0:0:0, 2:0:0:0:1, 3:0:0:0:1, 2:0:0:0:1, 4:1:0:0:2, 2:4:0:0:1, 1:1:0:0:0, 3:1:0:0:0, 5:0:0:0:2, 4:3:0:0:5, 0:0:0:0:0, 3:0:0:0:1, 1:0:0:0:1, 2:1:0:0:0, 4:1:0:0:1, 2:0:0:0:2, 2:1:0:0:1, 3:2:0:0:1, 3:1:1:0:1, 2:1:0:0:0, 2:0:0:0:1, 4:3:0:0:5, 0:0:0:0:0, 3:0:0:0:1, 0:0:0:0:0, 3:1:0:0:0, 3:1:0:0:1, 2:0:0:0:1, 2:0:0:0:0, 2:3:0:0:0, 4:2:0:0:2, 2:1:0:0:0, 1:0:0:0:0, 4:3:0:0:4, 2:0:0:0:2, 3:1:0:0:1, 2:0:0:0:0, 2:0:0:0:1, 3:0:0:0:1, 2:0:0:0:1, 4:1:0:0:2, 2:4:0:0:1, 1:1:0:0:0, 2:1:0:0:0, 5:0:0:0:2, 4:3:0:0:5, 0:0:0:0:0, 3:0:0:0:1, 1:0:0:0:1, 2:1:0:0:0, 4:1:0:0:1, 2:0:0:0:2, 2:2:0:0:2, 4:2:0:0:1, 3:1:1:0:1, 2:1:0:0:0, 2:0:0:0:1, 4:3:0:0:5, 0:0:0:0:0, 3:0:0:0:1, 0:0:0:0:0, 3:1:0:0:0, 3:1:0:0:1, 2:0:0:0:1, 1:0:0:0:0, 2:3:0:0:0, 2:2:0:0:0, 2:1:0:0:0, 1:0:0:0:0, 3:3:0:0:4, 0:0:0:0:0, 2:0:0:0:2, 1:0:0:0:1, 2:0:0:0:1, 2:0:0:0:1, 2:0:0:0:2, 2:1:0:0:1, 2:3:0:0:0, 2:3:0:0:0, 3:1:0:0:0, 2:1:0:0:0, 4:3:0:0:4, 0:0:0:0:0, 2:2:0:0:3, 0:0:0:0:0, 1:0:0:0:1, 2:2:0:0:0, 0:0:0:0:0, 0:0:0:0:0, 2:3:0:0:0, 1:0:0:0:0, 1:0:0:0:0, 1:0:0:0:0, 1:0:0:0:0, 372:170:3:0:167
F dorian (1b), 0:0:0:0:0, 1:0:0:0:0, 1:0:0:0:0, 0:0:0:0:0, 2:0:0:0:0, 0:0:0:0:0, 1:0:0:0:0, 0:0:0:0:0, 2:0:0:0:0, 2:0:0:0:0, 0:0:0:0:0, 1:0:0:0:0, 1:0:0:0:0, 1:0:0:0:0, 1:0:0:0:0, 0:0:0:0:0, 3:0:0:0:0, 0:0:0:0:0, 2:0:0:0:0, 0:0:0:0:0, 1:0:0:0:0, 2:0:0:0:0, 1:0:0:0:0, 1:0:0:0:0, 0:0:0:0:0, 1:0:0:0:0, 1:0:0:0:0, 1:0:0:0:0, 1:0:0:0:0, 2:0:0:0:0, 2:0:0:0:0, 2:1:0:0:1, 1:0:0:0:0, 2:0:0:0:0, 1:0:0:0:0, 1:0:0:0:0, 1:0:0:0:0, 2:1:0:0:1, 1:0:0:0:0, 2:0:0:0:0, 1:0:0:0:0, 2:0:0:0:0, 2:0:1:0:1, 1:0:0:0:0, 1:0:0:0:0, 2:0:0:0:0, 1:0:0:0:0, 1:0:0:0:0, 1:0:0:0:0, 2:0:0:0:0, 1:0:0:0:0, 2:0:0:0:0, 1:0:0:0:0, 1:0:0:0:0, 2:1:0:0:1, 1:0:0:0:0, 1:0:0:0:0, 3:0:0:0:0, 0:0:0:0:0, 1:0:0:0:0, 1:0:0:0:0, 1:1:0:0:1, 1:0:0:0:0, 3:0:0:0:0, 2:0:0:0:0, 3:0:0:0:0, 2:0:0:0:0, 1:0:0:0:0, 2:0:0:0:0, 3:0:0:0:0, 1:0:0:0:0, 2:0:0:0:0, 1:0:0:0:0, 2:0:0:0:0, 1:0:0:0:0, 1:0:0:0:0, 1:1:0:0:1, 1:0:0:0:0, 2:0:0:0:0, 2:0:0:0:0, 0:0:0:0:0, 2:0:0:0:0, 1:0:0:0:0, 2:0:0:0:0, 2:0:0:0:0, 1:1:0:0:1, 1:0:0:0:0, 1:1:0:0:1, 3:0:0:0:0, 1:0:0:0:0, 0:0:0:0:0, 2:1:0:0:1, 3:0:0:0:0, 2:0:0:0:0, 0:0:0:0:0, 2:0:0:0:0, 1:0:0:0:0, 1:0:0:0:0, 2:0:0:0:0, 1:0:0:0:0, 2:0:0:0:0, 2:0:0:0:0, 2:0:0:0:0, 1:0:0:0:0, 1:0:0:0:0, 2:0:0:0:0, 0:0:0:0:0, 2:0:0:0:0, 2:0:0:0:0, 2:0:0:0:0, 1:0:0:0:0, 1:0:0:0:0, 1:1:0:0:1, 1:0:0:0:0, 2:0:0:0:0, 2:0:0:0:0, 0:0:0:0:0, 3:0:0:0:0, 1:0:0:0:0, 2:0:0:0:0, 2:0:0:0:0, 1:1:0:0:1, 1:0:0:0:0, 1:1:0:0:1, 3:0:0:0:0, 1:0:0:0:0, 0:0:0:0:0, 1:0:0:0:0, 3:0:0:0:0, 2:0:0:0:0, 0:0:0:0:0, 2:0:0:0:0, 1:0:0:0:0, 1:0:0:0:0, 2:0:0:0:0, 1:0:0:0:0, 1:0:0:0:0, 3:0:0:0:0, 2:0:0:0:0, 1:0:0:0:0, 1:0:0:0:0, 2:0:0:0:0, 0:0:0:0:0, 2:0:0:0:0, 2:0:0:0:0, 2:0:0:0:0, 1:0:0:0:0, 1:0:0:0:0, 1:0:0:0:0, 2:0:0:0:0, 0:0:0:0:0, 1:0:0:0:0, 0:0:0:0:0, 2:0:0:0:0, 1:0:0:0:0, 1:0:0:0:0, 0:0:0:0:0, 1:1:0:0:1, 1:0:0:0:0, 1:2:0:0:2, 2:0:0:0:0, 0:0:0:0:0, 2:0:0:0:0, 2:0:0:0:0, 1:0:0:0:0, 3:0:0:0:0, 0:0:0:0:0, 2:0:0:0:0, 0:0:0:0:0, 3:0:0:0:0, 0:0:0:0:0, 2:0:0:0:0, 0:0:0:0:0, 0:0:0:0:0, 0:0:0:0:0, 0:0:0:0:0, 0:0:0:0:0, 0:0:0:0:0, 230:14:1:0:15
G dorian (1#), 0:0:0:0:0, 2:0:0:0:1, 1:0:0:0:0, 1:2:0:0:0, 2:0:0:0:1, 1:2:0:0:0, 1:2:0:0:2, 1:0:0:0:0, 2:3:0:0:0, 2:3:0:0:4, 1:0:0:0:0, 3:3:0:0:1, 2:0:0:0:1, 2:0:0:0:1, 1:0:0:0:0, 1:2:0:0:0, 4:0:0:0:1, 1:3:0:0:0, 1:2:0:0:2, 1:0:0:0:0, 1:3:0:0:0, 2:2:0:0:3, 1:0:0:0:1, 3:3:0:0:1, 1:0:0:0:0, 2:1:0:0:0, 2:1:0:0:0, 2:0:0:0:1, 1:0:0:0:0, 2:3:0:0:0, 4:1:0:0:1, 3:0:0:0:1, 2:1:0:0:0, 3:3:0:0:4, 0:0:0:0:0, 2:0:0:0:2, 1:2:0:0:2, 3:0:0:0:1, 2:0:0:0:1, 3:1:0:0:0, 1:0:0:0:0, 4:2:0:0:1, 3:3:1:0:2, 2:0:0:0:1, 2:1:0:0:0, 3:3:0:0:4, 0:0:0:0:0, 2:0:0:0:2, 1:1:0:0:1, 3:1:0:0:0, 3:1:0:0:1, 3:1:0:0:0, 1:0:0:0:0, 3:2:0:0:0, 3:2:0:0:1, 2:1:0:0:0, 2:0:0:0:0, 3:2:0:0:3, 0:0:0:0:0, 2:0:0:0:1, 1:1:0:0:1, 2:0:0:0:1, 2:0:0:0:1, 4:0:0:0:2, 2:1:0:0:1, 3:2:0:0:1, 4:2:0:0:2, 2:0:0:0:1, 4:2:0:0:1, 3:2:0:0:3, 1:0:0:0:1, 3:1:0:0:1, 1:1:0:0:1, 3:1:0:0:0, 3:1:0:0:1, 2:0:0:0:1, 2:0:0:0:0, 2:3:0:0:0, 4:2:0:0:2, 2:1:0:0:0, 1:0:0:0:0, 3:3:0:0:4, 2:0:0:0:2, 3:1:0:0:1, 2:0:0:0:0, 2:0:0:0:1, 3:0:0:0:1, 2:0:0:0:1, 4:1:0:0:2, 2:4:0:0:1, 1:1:0:0:0, 3:1:0:0:0, 5:0:0:0:2, 4:3:0:0:5, 0:0:0:0:0, 3:0:0:0:1, 1:0:0:0:1, 2:1:0:0:0, 4:1:0:0:1, 2:0:0:0:2, 2:1:0:0:1, 3:2:0:0:1, 3:1:1:0:1, 2:1:0:0:0, 2:0:0:0:1, 4:3:0:0:5, 0:0:0:0:0, 3:0:0:0:1, 0:0:0:0:0, 3:1:0:0:0, 3:1:0:0:1, 2:0:0:0:1, 2:0:0:0:0, 2:3:0:0:0, 4:2:0:0:2, 2:1:0:0:0, 1:0:0:0:0, 4:3:0:0:4, 2:0:0:0:2, 3:1:0:0:1, 2:0:0:0:0, 2:0:0:0:1, 3:0:0:0:1, 2:0:0:0:1, 4:1:0:0:2, 2:4:0:0:1, 1:1:0:0:0, 2:1:0:0:0, 5:0:0:0:2, 4:3:0:0:5, 0:0:0:0:0, 3:0:0:0:1, 1:0:0:0:1, 2:1:0:0:0, 4:1:0:0:1, 2:0:0:0:2, 2:2:0:0:2, 4:2:0:0:1, 3:1:1:0:1, 2:1:0:0:0, 2:0:0:0:1, 4:3:0:0:5, 0:0:0:0:0, 3:0:0:0:1, 0:0:0:0:0, 3:1:0:0:0, 3:1:0:0:1, 2:0:0:0:1, 1:0:0:0:0, 2:3:0:0:0, 2:2:0:0:0, 2:1:0:0:0, 1:0:0:0:0, 3:3:0:0:4, 0:0:0:0:0, 2:0:0:0:2, 1:0:0:0:1, 2:0:0:0:1, 2:0:0:0:1, 2:0:0:0:2, 2:1:0:0:1, 2:3:0:0:0, 2:3:0:0:0, 3:1:0:0:0, 2:1:0:0:0, 4:3:0:0:4, 0:0:0:0:0, 2:2:0:0:3, 0:0:0:0:0, 1:0:0:0:1, 2:2:0:0:0, 0:0:0:0:0, 0:0:0:0:0, 2:3:0:0:0, 1:0:0:0:0, 1:0:0:0:0, 1:0:0:0:0, 1:0:0:0:0, 372:170:3:0:167
F phrygian (1b), 0:0:0:0:0, 1:0:0:0:0, 1:0:0:0:0, 0:0:0:0:0, 2:0:0:0:0, 0:0:0:0:0, 1:0:0:0:0, 0:0:0:0:0, 2:0:0:0:0, 2:0:0:0:0, 0:0:0:0:0, 1:0:0:0:0, 1:0:0:0:0, 1:0:0:0:0, 1:0:0:0:0, 0:0:0:0:0, 3:0:0:0:0, 0:0:0:0:0, 2:0:0:0:0, 0:0:0:0:0, 1:0:0:0:0, 2:0:0:0:0, 1:0:0:0:0, 1:0:0:0:0, 0:0:0:0:0, 1:0:0:0:0, 1:0:0:0:0, 1:0:0:0:0, 1:0:0:0:0, 2:0:0:0:0, 2:0:0:0:0, 2:1:0:0:1, 1:0:0:0:0, 2:0:0:0:0, 1:0:0:0:0, 1:0:0:0:0, 1:0:0:0:0, 2:1:0:0:1, 1:0:0:0:0, 2:0:0:0:0, 1:0:0:0:0, 2:0:0:0:0, 2:0:1:0:1, 1:0:0:0:0, 1:0:0:0:0, 2:0:0:0:0, 1:0:0:0:0, 1:0:0:0:0, 1:0:0:0:0, 2:0:0:0:0, 1:0:0:0:0, 2:0:0:0:0, 1:0:0:0:0, 1:0:0:0:0, 2:1:0:0:1, 1:0:0:0:0, 1:0:0:0:0, 3:0:0:0:0, 0:0:0:0:0, 1:0:0:0:0, 1:0:0:0:0, 1:1:0:0:1, 1:0:0:0:0, 3:0:0:0:0, 2:0:0:0:0, 3:0:0:0:0, 2:0:0:0:0, 1:0:0:0:0, 2:0:0:0:0, 3:0:0:0:0, 1:0:0:0:0, 2:0:0:0:0, 1:0:0:0:0, 2:0:0:0:0, 1:0:0:0:0, 1:0:0:0:0, 1:1:0:0:1, 1:0:0:0:0, 2:0:0:0:0, 2:0:0:0:0, 0:0:0:0:0, 2:0:0:0:0, 1:0:0:0:0, 2:0:0:0:0, 2:0:0:0:0, 1:1:0:0:1, 1:0:0:0:0, 1:1:0:0:1, 3:0:0:0:0, 1:0:0:0:0, 0:0:0:0:0, 2:1:0:0:1, 3:0:0:0:0, 2:0:0:0:0, 0:0:0:0:0, 2:0:0:0:0, 1:0:0:0:0, 1:0:0:0:0, 2:0:0:0:0, 1:0:0:0:0, 2:0:0:0:0, 2:0:0:0:0, 2:0:0:0:0, 1:0:0:0:0, 1:0:0:0:0, 2:0:0:0:0, 0:0:0:0:0, 2:0:0:0:0, 2:0:0:0:0, 2:0:0:0:0, 1:0:0:0:0, 1:0:0:0:0, 1:1:0:0:1, 1:0:0:0:0, 2:0:0:0:0, 2:0:0:0:0, 0:0:0:0:0, 3:0:0:0:0, 1:0:0:0:0, 2:0:0:0:0, 2:0:0:0:0, 1:1:0:0:1, 1:0:0:0:0, 1:1:0:0:1, 3:0:0:0:0, 1:0:0:0:0, 0:0:0:0:0, 1:0:0:0:0, 3:0:0:0:0, 2:0:0:0:0, 0:0:0:0:0, 2:0:0:0:0, 1:0:0:0:0, 1:0:0:0:0, 2:0:0:0:0, 1:0:0:0:0, 1:0:0:0:0, 3:0:0:0:0, 2:0:0:0:0, 1:0:0:0:0, 1:0:0:0:0, 2:0:0:0:0, 0:0:0:0:0, 2:0:0:0:0, 2:0:0:0:0, 2:0:0:0:0, 1:0:0:0:0, 1:0:0:0:0, 1:0:0:0:0, 2:0:0:0:0, 0:0:0:0:0, 1:0:0:0:0, 0:0:0:0:0, 2:0:0:0:0, 1:0:0:0:0, 1:0:0:0:0, 0:0:0:0:0, 1:1:0:0:1, 1:0:0:0:0, 1:2:0:0:2, 2:0:0:0:0, 0:0:0:0:0, 2:0:0:0:0, 2:0:0:0:0, 1:0:0:0:0, 3:0:0:0:0, 0:0:0:0:0, 2:0:0:0:0, 0:0:0:0:0, 3:0:0:0:0, 0:0:0:0:0, 2:0:0:0:0, 0:0:0:0:0, 0:0:0:0:0, 0:0:0:0:0, 0:0:0:0:0, 0:0:0:0:0, 0:0:0:0:0, 230:14:1:0:15
G phrygian (1#), 0:0:0:0:0, 2:0:0:0:1, 1:0:0:0:0, 1:2:0:0:0, 2:0:0:0:1, 1:2:0:0:0, 1:2:0:0:2, 1:0:0:0:0, 2:3:0:0:0, 2:3:0:0:4, 1:0:0:0:0, 3:3:0:0:1, 2:0:0:0:1, 2:0:0:0:1, 1:0:0:0:0, 1:2:0:0:0, 4:0:0:0:1, 1:3:0:0:0, 1:2:0:0:2, 1:0:0:0:0, 1:3:0:0:0, 2:2:0:0:3, 1:0:0:0:1, 3:3:0:0:1, 1:0:0:0:0, 2:1:0:0:0, 2:1:0:0:0, 2:0:0:0:1, 1:0:0:0:0, 2:3:0:0:0, 4:1:0:0:1, 3:0:0:0:1, 2:1:0:0:0, 3:3:0:0:4, 0:0:0:0:0, 2:0:0:0:2, 1:2:0:0:2, 3:0:0:0:1, 2:0:0:0:1, 3:1:0:0:0, 1:0:0:0:0, 4:2:0:0:1, 3:3:1:0:2, 2:0:0:0:1, 2:1:0:0:0, 3:3:0:0:4, 0:0:0:0:0, 2:0:0:0:2, 1:1:0:0:1, 3:1:0:0:0, 3:1:0:0:1, 3:1:0:0:0, 1:0:0:0:0, 3:2:0:0:0, 3:2:0:0:1, 2:1:0:0:0, 2:0:0:0:0, 3:2:0:0:3, 0:0:0:0:0, 2:0:0:0:1, 1:1:0:0:1, 2:0:0:0:1, 2:0:0:0:1, 4:0:0:0:2, 2:1:0:0:1, 3:2:0:0:1, 4:2:0:0:2, 2:0:0:0:1, 4:2:0:0:1, 3:2:0:0:3, 1:0:0:0:1, 3:1:0:0:1, 1:1:0:0:1, 3:1:0:0:0, 3:1:0:0:1, 2:0:0:0:1, 2:0:0:0:0, 2:3:0:0:0, 4:2:0:0:2, 2:1:0:0:0, 1:0:0:0:0, 3:3:0:0:4, 2:0:0:0:2, 3:1:0:0:1, 2:0:0:0:0, 2:0:0:0:1, 3:0:0:0:1, 2:0:0:0:1, 4:1:0:0:2, 2:4:0:0:1, 1:1:0:0:0, 3:1:0:0:0, 5:0:0:0:2, 4:3:0:0:5, 0:0:0:0:0, 3:0:0:0:1, 1:0:0:0:1, 2:1:0:0:0, 4:1:0:0:1, 2:0:0:0:2, 2:1:0:0:1, 3:2:0:0:1, 3:1:1:0:1, 2:1:0:0:0, 2:0:0:0:1, 4:3:0:0:5, 0:0:0:0:0, 3:0:0:0:1, 0:0:0:0:0, 3:1:0:0:0, 3:1:0:0:1, 2:0:0:0:1, 2:0:0:0:0, 2:3:0:0:0, 4:2:0:0:2, 2:1:0:0:0, 1:0:0:0:0, 4:3:0:0:4, 2:0:0:0:2, 3:1:0:0:1, 2:0:0:0:0, 2:0:0:0:1, 3:0:0:0:1, 2:0:0:0:1, 4:1:0:0:2, 2:4:0:0:1, 1:1:0:0:0, 2:1:0:0:0, 5:0:0:0:2, 4:3:0:0:5, 0:0:0:0:0, 3:0:0:0:1, 1:0:0:0:1, 2:1:0:0:0, 4:1:0:0:1, 2:0:0:0:2, 2:2:0:0:2, 4:2:0:0:1, 3:1:1:0:1, 2:1:0:0:0, 2:0:0:0:1, 4:3:0:0:5, 0:0:0:0:0, 3:0:0:0:1, 0:0:0:0:0, 3:1:0:0:0, 3:1:0:0:1, 2:0:0:0:1, 1:0:0:0:0, 2:3:0:0:0, 2:2:0:0:0, 2:1:0:0:0, 1:0:0:0:0, 3:3:0:0:4, 0:0:0:0:0, 2:0:0:0:2, 1:0:0:0:1, 2:0:0:0:1, 2:0:0:0:1, 2:0:0:0:2, 2:1:0:0:1, 2:3:0:0:0, 2:3:0:0:0, 3:1:0:0:0, 2:1:0:0:0, 4:3:0:0:4, 0:0:0:0:0, 2:2:0:0:3, 0:0:0:0:0, 1:0:0:0:1, 2:2:0:0:0, 0:0:0:0:0, 0:0:0:0:0, 2:3:0:0:0, 1:0:0:0:0, 1:0:0:0:0, 1:0:0:0:0, 1:0:0:0:0, 372:170:3:0:167
F lydian (1b), 0:0:0:0:0, 1:0:0:0:0, 1:0:0:0:0, 0:0:0:0:0, 2:0:0:0:0, 0:0:0:0:0, 1:0:0:0:0, 0:0:0:0:0, 2:0:0:0:0, 2:0:0:0:0, 0:0:0:0:0, 1:0:0:0:0, 1:0:0:0:0, 1:0:0:0:0, 1:0:0:0:0, 0:0:0:0:0, 3:0:0:0:0, 0:0:0:0:0, 2:0:0:0:0, 0:0:0:0:0, 1:0:0:0:0, 2:0:0:0:0, 1:0:0:0:0, 1:0:0:0:0, 0:0:0:0:0, 1:0:0:0:0, 1:0:0:0:0, 1:0:0:0:0, 1:0:0:0:0, 2:0:0:0:0, 2:0:0:0:0, 2:1:0:0:1, 1:0:0:0:0, 2:0:0:0:0, 1:0:0:0:0, 1:0:0:0:0, 1:0:0:0:0, 2:1:0:0:1, 1:0:0:0:0, 2:0:0:0:0, 1:0:0:0:0, 2:0:0:0:0, 2:0:1:0:1, 1:0:0:0:0, 1:0:0:0:0, 2:0:0:0:0, 1:0:0:0:0, 1:0:0:0:0, 1:0:0:0:0, 2:0:0:0:0, 1:0:0:0:0, 2:0:0:0:0, 1:0:0:0:0, 1:0:0:0:0, 2:1:0:0:1, 1:0:0:0:0, 1:0:0:0:0, 3:0:0:0:0, 0:0:0:0:0, 1:0:0:0:0, 1:0:0:0:0, 1:1:0:0:1, 1:0:0:0:0, 3:0:0:0:0, 2:0:0:0:0, 3:0:0:0:0, 2:0:0:0:0, 1:0:0:0:0, 2:0:0:0:0, 3:0:0:0:0, 1:0:0:0:0, 2:0:0:0:0, 1:0:0:0:0, 2:0:0:0:0, 1:0:0:0:0, 1:0:0:0:0, 1:1:0:0:1, 1:0:0:0:0, 2:0:0:0:0, 2:0:0:0:0, 0:0:0:0:0, 2:0:0:0:0, 1:0:0:0:0, 2:0:0:0:0, 2:0:0:0:0, 1:1:0:0:1, 1:0:0:0:0, 1:1:0:0:1, 3:0:0:0:0, 1:0:0:0:0, 0:0:0:0:0, 2:1:0:0:1, 3:0:0:0:0, 2:0:0:0:0, 0:0:0:0:0, 2:0:0:0:0, 1:0:0:0:0, 1:0:0:0:0, 2:0:0:0:0, 1:0:0:0:0, 2:0:0:0:0, 2:0:0:0:0, 2:0:0:0:0, 1:0:0:0:0, 1:0:0:0:0, 2:0:0:0:0, 0:0:0:0:0, 2:0:0:0:0, 2:0:0:0:0, 2:0:0:0:0, 1:0:0:0:0, 1:0:0:0:0, 1:1:0:0:1, 1:0:0:0:0, 2:0:0:0:0, 2:0:0:0:0, 0:0:0:0:0, 3:0:0:0:0, 1:0:0:0:0, 2:0:0:0:0, 2:0:0:0:0, 1:1:0:0:1, 1:0:0:0:0, 1:1:0:0:1, 3:0:0:0:0, 1:0:0:0:0, 0:0:0:0:0, 1:0:0:0:0, 3:0:0:0:0, 2:0:0:0:0, 0:0:0:0:0, 2:0:0:0:0, 1:0:0:0:0, 1:0:0:0:0, 2:0:0:0:0, 1:0:0:0:0, 1:0:0:0:0, 3:0:0:0:0, 2:0:0:0:0, 1:0:0:0:0, 1:0:0:0:0, 2:0:0:0:0, 0:0:0:0:0, 2:0:0:0:0, 2:0:0:0:0, 2:0:0:0:0, 1:0:0:0:0, 1:0:0:0:0, 1:0:0:0:0, 2:0:0:0:0, 0:0:0:0:0, 1:0:0:0:0, 0:0:0:0:0, 2:0:0:0:0, 1:0:0:0:0, 1:0:0:0:0, 0:0:0:0:0, 1:1:0:0:1, 1:0:0:0:0, 1:2:0:0:2, 2:0:0:0:0, 0:0:0:0:0, 2:0:0:0:0, 2:0:0:0:0, 1:0:0:0:0, 3:0:0:0:0, 0:0:0:0:0, 2:0:0:0:0, 0:0:0:0:0, 3:0:0:0:0, 0:0:0:0:0, 2:0:0:0:0, 0:0:0:0:0, 0:0:0:0:0, 0:0:0:0:0, 0:0:0:0:0, 0:0:0:0:0, 0:0:0:0:0, 230:14:1:0:15
G lydian (1#), 0:0:0:0:0, 2:0:0:0:1, 1:0:0:0:0, 1:2:0:0:0, 2:0:0:0:1, 1:2:0:0:0, 1:2:0:0:2, 1:0:0:0:0, 2:3:0:0:0, 2:3:0:0:4, 1:0:0:0:0, 3:3:0:0:1, 2:0:0:0:1, 2:0:0:0:1, 1:0:0:0:0, 1:2:0:0:0, 4:0:0:0:1, 1:3:0:0:0, 1:2:0:0:2, 1:0:0:0:0, 1:3:0:0:0, 2:2:0:0:3, 1:0:0:0:1, 3:3:0:0:1, 1:0:0:0:0, 2:1:0:0:0, 2:1:0:0:0, 2:0:0:0:1, 1:0:0:0:0, 2:3:0:0:0, 4:1:0:0:1, 3:0:0:0:1, 2:1:0:0:0, 3:3:0:0:4, 0:0:0:0:0, 2:0:0:0:2, 1:2:0:0:2, 3:0:0:0:1, 2:0:0:0:1, 3:1:0:0:0, 1:0:0:0:0, 4:2:0:0:1, 3:3:1:0:2, 2:0:0:0:1, 2:1:0:0:0, 3:3:0:0:4, 0:0:0:0:0, 2:0:0:0:2, 1:1:0:0:1, 3:1:0:0:0, 3:1:0:0:1, 3:1:0:0:0, 1:0:0:0:0, 3:2:0:0:0, 3:2:0:0:1, 2:1:0:0:0, 2:0:0:0:0, 3:2:0:0:3, 0:0:0:0:0, 2:0:0:0:1, 1:1:0:0:1, 2:0:0:0:1, 2:0:0:0:1, 4:0:0:0:2, 2:1:0:0:1, 3:2:0:0:1, 4:2:0:0:2, 2:0:0:0:1, 4:2:0:0:1, 3:2:0:0:3, 1:0:0:0:1, 3:1:0:0:1, 1:1:0:0:1, 3:1:0:0:0, 3:1:0:0:1, 2:0:0:0:1, 2:0:0:0:0, 2:3:0:0:0, 4:2:0:0:2, 2:1:0:0:0, 1:0:0:0:0, 3:3:0:0:4, 2:0:0:0:2, 3:1:0:0:1, 2:0:0:0:0, 2:0:0:0:1, 3:0:0:0:1, 2:0:0:0:1, 4:1:0:0:2, 2:4:0:0:1, 1:1:0:0:0, 3:1:0:0:0, 5:0:0:0:2, 4:3:0:0:5, 0:0:0:0:0, 3:0:0:0:1, 1:0:0:0:1, 2:1:0:0:0, 4:1:0:0:1, 2:0:0:0:2, 2:1:0:0:1, 3:2:0:0:1, 3:1:1:0:1, 2:1:0:0:0, 2:0:0:0:1, 4:3:0:0:5, 0:0:0:0:0, 3:0:0:0:1, 0:0:0:0:0, 3:1:0:0:0, 3:1:0:0:1, 2:0:0:0:1, 2:0:0:0:0, 2:3:0:0:0, 4:2:0:0:2, 2:1:0:0:0, 1:0:0:0:0, 4:3:0:0:4, 2:0:0:0:2, 3:1:0:0:1, 2:0:0:0:0, 2:0:0:0:1, 3:0:0:0:1, 2:0:0:0:1, 4:1:0:0:2, 2:4:0:0:1, 1:1:0:0:0, 2:1:0:0:0, 5:0:0:0:2, 4:3:0:0:5, 0:0:0:0:0, 3:0:0:0:1, 1:0:0:0:1, 2:1:0:0:0, 4:1:0:0:1, 2:0:0:0:2, 2:2:0:0:2, 4:2:0:0:1, 3:1:1:0:1, 2:1:0:0:0, 2:0:0:0:1, 4:3:0:0:5, 0:0:0:0:0, 3:0:0:0:1, 0:0:0:0:0, 3:1:0:0:0, 3:1:0:0:1, 2:0:0:0:1, 1:0:0:0:0, 2:3:0:0:0, 2:2:0:0:0, 2:1:0:0:0, 1:0:0:0:0, 3:3:0:0:4, 0:0:0:0:0, 2:0:0:0:2, 1:0:0:0:1, 2:0:0:0:1, 2:0:0:0:1, 2:0:0:0:2, 2:1:0:0:1, 2:3:0:0:0, 2:3:0:0:0, 3:1:0:0:0, 2:1:0:0:0, 4:3:0:0:4, 0:0:0:0:0, 2:2:0:0:3, 0:0:0:0:0, 1:0:0:0:1, 2:2:0:0:0, 0:0:0:0:0, 0:0:0:0:0, 2:3:0:0:0, 1:0:0:0:0, 1:0:0:0:0, 1:0:0:0:0, 1:0:0:0:0, 372:170:3:0:167
F mixolydian (1b), 0:0:0:0:0, 1:0:0:0:0, 1:0:0:0:0, 0:0:0:0:0, 2:0:0:0:0, 0:0:0:0:0, 1:0:0:0:0, 0:0:0:0:0, 2:0:0:0:0, 2:0:0:0:0, 0:0:0:0:0, 1:0:0:0:0, 1:0:0:0:0, 1:0:0:0:0, 1:0:0:0:0, 0:0:0:0:0, 3:0:0:0:0, 0:0:0:0:0, 2:0:0:0:0, 0:0:0:0:0, 1:0:0:0:0, 2:0:0:0:0, 1:0:0:0:0, 1:0:0:0:0, 0:0:0:0:0, 1:0:0:0:0, 1:0:0:0:0, 1:0:0:0:0, 1:0:0:0:0, 2:0:0:0:0, 2:0:0:0:0, 2:1:0:0:1, 1:0:0:0:0, 2:0:0:0:0, 1:0:0:0:0, 1:0:0:0:0, 1:0:0:0:0, 2:1:0:0:1, 1:0:0:0:0, 2:0:0:0:0, 1:0:0:0:0, 2:0:0:0:0, 2:0:1:0:1, 1:0:0:0:0, 1:0:0:0:0, 2:0:0:0:0, 1:0:0:0:0, 1:0:0:0:0, 1:0:0:0:0, 2:0:0:0:0, 1:0:0:0:0, 2:0:0:0:0, 1:0:0:0:0, 1:0:0:0:0, 2:1:0:0:1, 1:0:0:0:0, 1:0:0:0:0, 3:0:0:0:0, 0:0:0:0:0, 1:0:0:0:0, 1:0:0:0:0, 1:1:0:0:1, 1:0:0:0:0, 3:0:0:0:0, 2:0:0:0:0, 3:0:0:0:0, 2:0:0:0:0, 1:0:0:0:0, 2:0:0:0:0, 3:0:0:0:0, 1:0:0:0:0, 2:0:0:0:0, 1:0:0:0:0, 2:0:0:0:0, 1:0:0:0:0, 1:0:0:0:0, 1:1:0:0:1, 1:0:0:0:0, 2:0:0:0:0, 2:0:0:0:0, 0:0:0:0:0, 2:0:0:0:0, 1:0:0:0:0, 2:0:0:0:0, 2:0:0:0:0, 1:1:0:0:1, 1:0:0:0:0, 1:1:0:0:1, 3:0:0:0:0, 1:0:0:0:0, 0:0:0:0:0, 2:1:0:0:1, 3:0:0:0:0, 2:0:0:0:0, 0:0:0:0:0, 2:0:0:0:0, 1:0:0:0:0, 1:0:0:0:0, 2:0:0:0:0, 1:0:0:0:0, 2:0:0:0:0, 2:0:0:0:0, 2:0:0:0:0, 1:0:0:0:0, 1:0:0:0:0, 2:0:0:0:0, 0:0:0:0:0, 2:0:0:0:0, 2:0:0:0:0, 2:0:0:0:0, 1:0:0:0:0, 1:0:0:0:0, 1:1:0:0:1, 1:0:0:0:0, 2:0:0:0:0, 2:0:0:0:0, 0:0:0:0:0, 3:0:0:0:0, 1:0:0:0:0, 2:0:0:0:0, 2:0:0:0:0, 1:1:0:0:1, 1:0:0:0:0, 1:1:0:0:1, 3:0:0:0:0, 1:0:0:0:0, 0:0:0:0:0, 1:0:0:0:0, 3:0:0:0:0, 2:0:0:0:0, 0:0:0:0:0, 2:0:0:0:0, 1:0:0:0:0, 1:0:0:0:0, 2:0:0:0:0, 1:0:0:0:0, 1:0:0:0:0, 3:0:0:0:0, 2:0:0:0:0, 1:0:0:0:0, 1:0:0:0:0, 2:0:0:0:0, 0:0:0:0:0, 2:0:0:0:0, 2:0:0:0:0, 2:0:0:0:0, 1:0:0:0:0, 1:0:0:0:0, 1:0:0:0:0, 2:0:0:0:0, 0:0:0:0:0, 1:0:0:0:0, 0:0:0:0:0, 2:0:0:0:0, 1:0:0:0:0, 1:0:0:0:0, 0:0:0:0:0, 1:1:0:0:1, 1:0:0:0:0, 1:2:0:0:2, 2:0:0:0:0, 0:0:0:0:0, 2:0:0:0:0, 2:0:0:0:0, 1:0:0:0:0, 3:0:0:0:0, 0:0:0:0:0, 2:0:0:0:0, 0:0:0:0:0, 3:0:0:0:0, 0:0:0:0:0, 2:0:0:0:0, 0:0:0:0:0, 0:0:0:0:0, 0:0:0:0:0, 0:0:0:0:0, 0:0:0:0:0, 0:0:0:0:0, 230:14:1:0:15
G mixolydian (1#), 0:0:0:0:0, 2:0:0:0:1, 1:0:0:0:0, 1:2:0:0:0, 2:0:0:0:1, 1:2:0:0:0, 1:2:0:0:2, 1:0:0:0:0, 2:3:0:0:0, 2:3:0:0:4, 1:0:0:0:0, 3:3:0:0:1, 2:0:0:0:1, 2:0:0:0:1, 1:0:0:0:0, 1:2:0:0:0, 4:0:0:0:1, 1:3:0:0:0, 1:2:0:0:2, 1:0:0:0:0, 1:3:0:0:0, 2:2:0:0:3, 1:0:0:0:1, 3:3:0:0:1, 1:0:0:0:0, 2:1:0:0:0, 2:1:0:0:0, 2:0:0:0:1, 1:0:0:0:0, 2:3:0:0:0, 4:1:0:0:1, 3:0:0:0:1, 2:1:0:0:0, 3:3:0:0:4, 0:0:0:0:0, 2:0:0:0:2, 1:2:0:0:2, 3:0:0:0:1, 2:0:0:0:1, 3:1:0:0:0, 1:0:0:0:0, 4:2:0:0:1, 3:3:1:0:2, 2:0:0:0:1, 2:1:0:0:0, 3:3:0:0:4, 0:0:0:0:0, 2:0:0:0:2, 1:1:0:0:1, 3:1:0:0:0, 3:1:0:0:1, 3:1:0:0:0, 1:0:0:0:0, 3:2:0:0:0, 3:2:0:0:1, 2:1:0:0:0, 2:0:0:0:0, 3:2:0:0:3, 0:0:0:0:0, 2:0:0:0:1, 1:1:0:0:1, 2:0:0:0:1, 2:0:0:0:1, 4:0:0:0:2, 2:1:0:0:1, 3:2:0:0:1, 4:2:0:0:2, 2:0:0:0:1, 4:2:0:0:1, 3:2:0:0:3, 1:0:0:0:1, 3:1:0:0:1, 1:1:0:0:1, 3:1:0:0:0, 3:1:0:0:1, 2:0:0:0:1, 2:0:0:0:0, 2:3:0:0:0, 4:2:0:0:2, 2:1:0:0:0, 1:0:0:0:0, 3:3:0:0:4, 2:0:0:0:2, 3:1:0:0:1, 2:0:0:0:0, 2:0:0:0:1, 3:0:0:0:1, 2:0:0:0:1, 4:1:0:0:2, 2:4:0:0:1, 1:1:0:0:0, 3:1:0:0:0, 5:0:0:0:2, 4:3:0:0:5, 0:0:0:0:0, 3:0:0:0:1, 1:0:0:0:1, 2:1:0:0:0, 4:1:0:0:1, 2:0:0:0:2, 2:1:0:0:1, 3:2:0:0:1, 3:1:1:0:1, 2:1:0:0:0, 2:0:0:0:1, 4:3:0:0:5, 0:0:0:0:0, 3:0:0:0:1, 0:0:0:0:0, 3:1:0:0:0, 3:1:0:0:1, 2:0:0:0:1, 2:0:0:0:0, 2:3:0:0:0, 4:2:0:0:2, 2:1:0:0:0, 1:0:0:0:0, 4:3:0:0:4, 2:0:0:0:2, 3:1:0:0:1, 2:0:0:0:0, 2:0:0:0:1, 3:0:0:0:1, 2:0:0:0:1, 4:1:0:0:2, 2:4:0:0:1, 1:1:0:0:0, 2:1:0:0:0, 5:0:0:0:2, 4:3:0:0:5, 0:0:0:0:0, 3:0:0:0:1, 1:0:0:0:1, 2:1:0:0:0, 4:1:0:0:1, 2:0:0:0:2, 2:2:0:0:2, 4:2:0:0:1, 3:1:1:0:1, 2:1:0:0:0, 2:0:0:0:1, 4:3:0:0:5, 0:0:0:0:0, 3:0:0:0:1, 0:0:0:0:0, 3:1:0:0:0, 3:1:0:0:1, 2:0:0:0:1, 1:0:0:0:0, 2:3:0:0:0, 2:2:0:0:0, 2:1:0:0:0, 1:0:0:0:0, 3:3:0:0:4, 0:0:0:0:0, 2:0:0:0:2, 1:0:0:0:1, 2:0:0:0:1, 2:0:0:0:1, 2:0:0:0:2, 2:1:0:0:1, 2:3:0:0:0, 2:3:0:0:0, 3:1:0:0:0, 2:1:0:0:0, 4:3:0:0:4, 0:0:0:0:0, 2:2:0:0:3, 0:0:0:0:0, 1:0:0:0:1, 2:2:0:0:0, 0:0:0:0:0, 0:0:0:0:0, 2:3:0:0:0, 1:0:0:0:0, 1:0:0:0:0, 1:0:0:0:0, 1:0:0:0:0, 372:170:3:0:167
F aeolian (1b), 0:0:0:0:0, 1:0:0:0:0, 1:0:0:0:0, 0:0:0:0:0, 2:0:0:0:0, 0:0:0:0:0, 1:0:0:0:0, 0:0:0:0:0, 2:0:0:0:0, 2:0:0:0:0, 0:0:0:0:0, 1:0:0:0:0, 1:0:0:0:0, 1:0:0:0:0, 1:0:0:0:0, 0:0:0:0:0, 3:0:0:0:0, 0:0:0:0:0, 2:0:0:0:0, 0:0:0:0:0, 1:0:0:0:0, 2:0:0:0:0, 1:0:0:0:0, 1:0:0:0:0, 0:0:0:0:0, 1:0:0:0:0, 1:0:0:0:0, 1:0:0:0:0, 1:0:0:0:0, 2:0:0:0:0, 2:0:0:0:0, 2:1:0:0:1, 1:0:0:0:0, 2:0:0:0:0, 1:0:0:0:0, 1:0:0:0:0, 1:0:0:0:0, 2:1:0:0:1, 1:0:0:0:0, 2:0:0:0:0, 1:0:0:0:0, 2:0:0:0:0, 2:0:1:0:1, 1:0:0:0:0, 1:0:0:0:0, 2:0:0:0:0, 1:0:0:0:0, 1:0:0:0:0, 1:0:0:0:0, 2:0:0:0:0, 1:0:0:0:0, 2:0:0:0:0, 1:0:0:0:0, 1:0:0:0:0, 2:1:0:0:1, 1:0:0:0:0, 1:0:0:0:0, 3:0:0:0:0, 0:0:0:0:0, 1:0:0:0:0, 1:0:0:0:0, 1:1:0:0:1, 1:0:0:0:0, 3:0:0:0:0, 2:0:0:0:0, 3:0:0:0:0, 2:0:0:0:0, 1:0:0:0:0, 2:0:0:0:0, 3:0:0:0:0, 1:0:0:0:0, 2:0:0:0:0, 1:0:0:0:0, 2:0:0:0:0, 1:0:0:0:0, 1:0:0:0:0, 1:1:0:0:1, 1:0:0:0:0, 2:0:0:0:0, 2:0:0:0:0, 0:0:0:0:0, 2:0:0:0:0, 1:0:0:0:0, 2:0:0:0:0, 2:0:0:0:0, 1:1:0:0:1, 1:0:0:0:0, 1:1:0:0:1, 3:0:0:0:0, 1:0:0:0:0, 0:0:0:0:0, 2:1:0:0:1, 3:0:0:0:0, 2:0:0:0:0, 0:0:0:0:0, 2:0:0:0:0, 1:0:0:0:0, 1:0:0:0:0, 2:0:0:0:0, 1:0:0:0:0, 2:0:0:0:0, 2:0:0:0:0, 2:0:0:0:0, 1:0:0:0:0, 1:0:0:0:0, 2:0:0:0:0, 0:0:0:0:0, 2:0:0:0:0, 2:0:0:0:0, 2:0:0:0:0, 1:0:0:0:0, 1:0:0:0:0, 1:1:0:0:1, 1:0:0:0:0, 2:0:0:0:0, 2:0:0:0:0, 0:0:0:0:0, 3:0:0:0:0, 1:0:0:0:0, 2:0:0:0:0, 2:0:0:0:0, 1:1:0:0:1, 1:0:0:0:0, 1:1:0:0:1, 3:0:0:0:0, 1:0:0:0:0, 0:0:0:0:0, 1:0:0:0:0, 3:0:0:0:0, 2:0:0:0:0, 0:0:0:0:0, 2:0:0:0:0, 1:0:0:0:0, 1:0:0:0:0, 2:0:0:0:0, 1:0:0:0:0, 1:0:0:0:0, 3:0:0:0:0, 2:0:0:0:0, 1:0:0:0:0, 1:0:0:0:0, 2:0:0:0:0, 0:0:0:0:0, 2:0:0:0:0, 2:0:0:0:0, 2:0:0:0:0, 1:0:0:0:0, 1:0:0:0:0, 1:0:0:0:0, 2:0:0:0:0, 0:0:0:0:0, 1:0:0:0:0, 0:0:0:0:0, 2:0:0:0:0, 1:0:0:0:0, 1:0:0:0:0, 0:0:0:0:0, 1:1:0:0:1, 1:0:0:0:0, 1:2:0:0:2, 2:0:0:0:0, 0:0:0:0:0, 2:0:0:0:0, 2:0:0:0:0, 1:0:0:0:0, 3:0:0:0:0, 0:0:0:0:0, 2:0:0:0:0, 0:0:0:0:0, 3:0:0:0:0, 0:0:0:0:0, 2:0:0:0:0, 0:0:0:0:0, 0:0:0:0:0, 0:0:0:0:0, 0:0:0:0:0, 0:0:0:0:0, 0:0:0:0:0, 230:14:1:0:15
G aeolian (1#), 0:0:0:0:0, 2:0:0:0:1, 1:0:0:0:0, 1:2:0:0:0, 2:0:0:0:1, 1:2:0:0:0, 1:2:0:0:2, 1:0:0:0:0, 2:3:0:0:0, 2:3:0:0:4, 1:0:0:0:0, 3:3:0:0:1, 2:0:0:0:1, 2:0:0:0:1, 1:0:0:0:0, 1:2:0:0:0, 4:0:0:0:1, 1:3:0:0:0, 1:2:0:0:2, 1:0:0:0:0, 1:3:0:0:0, 2:2:0:0:3, 1:0:0:0:1, 3:3:0:0:1, 1:0:0:0:0, 2:1:0:0:0, 2:1:0:0:0, 2:0:0:0:1, 1:0:0:0:0, 2:3:0:0:0, 4:1:0:0:1, 3:0:0:0:1, 2:1:0:0:0, 3:3:0:0:4, 0:0:0:0:0, 2:0:0:0:2, 1:2:0:0:2, 3:0:0:0:1, 2:0:0:0:1, 3:1:0:0:0, 1:0:0:0:0, 4:2:0:0:1, 3:3:1:0:2, 2:0:0:0:1, 2:1:0:0:0, 3:3:0:0:4, 0:0:0:0:0, 2:0:0:0:2, 1:1:0:0:1, 3:1:0:0:0, 3:1:0:0:1, 3:1:0:0:0, 1:0:0:0:0, 3:2:0:0:0, 3:2:0:0:1, 2:1:0:0:0, 2:0:0:0:0, 3:2:0:0:3, 0:0:0:0:0, 2:0:0:0:1, 1:1:0:0:1, 2:0:0:0:1, 2:0:0:0:1, 4:0:0:0:2, 2:1:0:0:1, 3:2:0:0:1, 4:2:0:0:2, 2:0:0:0:1, 4:2:0:0:1, 3:2:0:0:3, 1:0:0:0:1, 3:1:0:0:1, 1:1:0:0:1, 3:1:0:0:0, 3:1:0:0:1, 2:0:0:0:1, 2:0:0:0:0, 2:3:0:0:0, 4:2:0:0:2, 2:1:0:0:0, 1:0:0:0:0, 3:3:0:0:4, 2:0:0:0:2, 3:1:0:0:1, 2:0:0:0:0, 2:0:0:0:1, 3:0:0:0:1, 2:0:0:0:1, 4:1:0:0:2, 2:4:0:0:1, 1:1:0:0:0, 3:1:0:0:0, 5:0:0:0:2, 4:3:0:0:5, 0:0:0:0:0, 3:0:0:0:1, 1:0:0:0:1, 2:1:0:0:0, 4:1:0:0:1, 2:0:0:0:2, 2:1:0:0:1, 3:2:0:0:1, 3:1:1:0:1, 2:1:0:0:0, 2:0:0:0:1, 4:3:0:0:5, 0:0:0:0:0, 3:0:0:0:1, 0:0:0:0:0, 3:1:0:0:0, 3:1:0:0:1, 2:0:0:0:1, 2:0:0:0:0, 2:3:0:0:0, 4:2:0:0:2, 2:1:0:0:0, 1:0:0:0:0, 4:3:0:0:4, 2:0:0:0:2, 3:1:0:0:1, 2:0:0:0:0, 2:0:0:0:1, 3:0:0:0:1, 2:0:0:0:1, 4:1:0:0:2, 2:4:0:0:1, 1:1:0:0:0, 2:1:0:0:0, 5:0:0:0:2, 4:3:0:0:5, 0:0:0:0:0, 3:0:0:0:1, 1:0:0:0:1, 2:1:0:0:0, 4:1:0:0:1, 2:0:0:0:2, 2:2:0:0:2, 4:2:0:0:1, 3:1:1:0:1, 2:1:0:0:0, 2:0:0:0:1, 4:3:0:0:5, 0:0:0:0:0, 3:0:0:0:1, 0:0:0:0:0, 3:1:0:0:0, 3:1:0:0:1, 2:0:0:0:1, 1:0:0:0:0, 2:3:0:0:0, 2:2:0:0:0, 2:1:0:0:0, 1:0:0:0:0, 3:3:0:0:4, 0:0:0:0:0, 2:0:0:0:2, 1:0:0:0:1, 2:0:0:0:1, 2:0:0:0:1, 2:0:0:0:2, 2:1:0:0:1, 2:3:0:0:0, 2:3:0:0:0, 3:1:0:0:0, 2:1:0:0:0, 4:3:0:0:4, 0:0:0:0:0, 2:2:0:0:3, 0:0:0:0:0, 1:0:0:0:1, 2:2:0:0:0, 0:0:0:0:0, 0:0:0:0:0, 2:3:0:0:0, 1:0:0:0:0, 1:0:0:0:0, 1:0:0:0:0, 1:0:0:0:0, 372:170:3:0:167
F locrian (1b), 0:0:0:0:0, 1:0:0:0:0, 1:0:0:0:0, 0:0:0:0:0, 2:0:0:0:0, 0:0:0:0:0, 1:0:0:0:0, 0:0:0:0:0, 2:0:0:0:0, 2:0:0:0:0, 0:0:0:0:0, 1:0:0:0:0, 1:0:0:0:0, 1:0:0:0:0, 1:0:0:0:0, 0:0:0:0:0, 3:0:0:0:0, 0:0:0:0:0, 2:0:0:0:0, 0:0:0:0:0, 1:0:0:0:0, 2:0:0:0:0, 1:0:0:0:0, 1:0:0:0:0, 0:0:0:0:0, 1:0:0:0:0, 1:0:0:0:0, 1:0:0:0:0, 1:0:0:0:0, 2:0:0:0:0, 2:0:0:0:0, 2:1:0:0:1, 1:0:0:0:0, 2:0:0:0:0, 1:0:0:0:0, 1:0:0:0:0, 1:0:0:0:0, 2:1:0:0:1, 1:0:0:0:0, 2:0:0:0:0, 1:0:0:0:0, 2:0:0:0:0, 2:0:1:0:1, 1:0:0:0:0, 1:0:0:0:0, 2:0:0:0:0, 1:0:0:0:0, 1:0:0:0:0, 1:0:0:0:0, 2:0:0:0:0, 1:0:0:0:0, 2:0:0:0:0, 1:0:0:0:0, 1:0:0:0:0, 2:1:0:0:1, 1:0:0:0:0, 1:0:0:0:0, 3:0:0:0:0, 0:0:0:0:0, 1:0:0:0:0, 1:0:0:0:0, 1:1:0:0:1, 1:0:0:0:0, 3:0:0:0:0, 2:0:0:0:0, 3:0:0:0:0, 2:0:0:0:0, 1:0:0:0:0, 2:0:0:0:0, 3:0:0:0:0, 1:0:0:0:0, 2:0:0:0:0, 1:0:0:0:0, 2:0:0:0:0, 1:0:0:0:0, 1:0:0:0:0, 1:1:0:0:1, 1:0:0:0:0, 2:0:0:0:0, 2:0:0:0:0, 0:0:0:0:0, 2:0:0:0:0, 1:0:0:0:0, 2:0:0:0:0, 2:0:0:0:0, 1:1:0:0:1, 1:0:0:0:0, 1:1:0:0:1, 3:0:0:0:0, 1:0:0:0:0, 0:0:0:0:0, 2:1:0:0:1, 3:0:0:0:0, 2:0:0:0:0, 0:0:0:0:0, 2:0:0:0:0, 1:0:0:0:0, 1:0:0:0:0, 2:0:0:0:0, 1:0:0:0:0, 2:0:0:0:0, 2:0:0:0:0, 2:0:0:0:0, 1:0:0:0:0, 1:0:0:0:0, 2:0:0:0:0, 0:0:0:0:0, 2:0:0:0:0, 2:0:0:0:0, 2:0:0:0:0, 1:0:0:0:0, 1:0:0:0:0, 1:1:0:0:1, 1:0:0:0:0, 2:0:0:0:0, 2:0:0:0:0, 0:0:0:0:0, 3:0:0:0:0, 1:0:0:0:0, 2:0:0:0:0, 2:0:0:0:0, 1:1:0:0:1, 1:0:0:0:0, 1:1:0:0:1, 3:0:0:0:0, 1:0:0:0:0, 0:0:0:0:0, 1:0:0:0:0, 3:0:0:0:0, 2:0:0:0:0, 0:0:0:0:0, 2:0:0:0:0, 1:0:0:0:0, 1:0:0:0:0, 2:0:0:0:0, 1:0:0:0:0, 1:0:0:0:0, 3:0:0:0:0, 2:0:0:0:0, 1:0:0:0:0, 1:0:0:0:0, 2:0:0:0:0, 0:0:0:0:0, 2:0:0:0:0, 2:0:0:0:0, 2:0:0:0:0, 1:0:0:0:0, 1:0:0:0:0, 1:0:0:0:0, 2:0:0:0:0, 0:0:0:0:0, 1:0:0:0:0, 0:0:0:0:0, 2:0:0:0:0, 1:0:0:0:0, 1:0:0:0:0, 0:0:0:0:0, 1:1:0:0:1, 1:0:0:0:0, 1:2:0:0:2, 2:0:0:0:0, 0:0:0:0:0, 2:0:0:0:0, 2:0:0:0:0, 1:0:0:0:0, 3:0:0:0:0, 0:0:0:0:0, 2:0:0:0:0, 0:0:0:0:0, 3:0:0:0:0, 0:0:0:0:0, 2:0:0:0:0, 0:0:0:0:0, 0:0:0:0:0, 0:0:0:0:0, 0:0:0:0:0, 0:0:0:0:0, 0:0:0:0:0, 230:14:1:0:15
G locrian (1#), 0:0:0:0:0, 2:0:0:0:1, 1:0:0:0:0, 1:2:0:0:0, 2:0:0:0:1, 1:2:0:0:0, 1:2:0:0:2, 1:0:0:0:0, 2:3:0:0:0, 2:3:0:0:4, 1:0:0:0:0, 3:3:0:0:1, 2:0:0:0:1, 2:0:0:0:1, 1:0:0:0:0, 1:2:0:0:0, 4:0:0:0:1, 1:3:0:0:0, 1:2:0:0:2, 1:0:0:0:0, 1:3:0:0:0, 2:2:0:0:3, 1:0:0:0:1, 3:3:0:0:1, 1:0:0:0:0, 2:1:0:0:0, 2:1:0:0:0, 2:0:0:0:1, 1:0:0:0:0, 2:3:0:0:0, 4:1:0:0:1, 3:0:0:0:1, 2:1:0:0:0, 3:3:0:0:4, 0:0:0:0:0, 2:0:0:0:2, 1:2:0:0:2, 3:0:0:0:1, 2:0:0:0:1, 3:1:0:0:0, 1:0:0:0:0, 4:2:0:0:1, 3:3:1:0:2, 2:0:0:0:1, 2:1:0:0:0, 3:3:0:0:4, 0:0:0:0:0, 2:0:0:0:2, 1:1:0:0:1, 3:1:0:0:0, 3:1:0:0:1, 3:1:0:0:0, 1:0:0:0:0, 3:2:0:0:0, 3:2:0:0:1, 2:1:0:0:0, 2:0:0:0:0, 3:2:0:0:3, 0:0:0:0:0, 2:0:0:0:1, 1:1:0:0:1, 2:0:0:0:1, 2:0:0:0:1, 4:0:0:0:2, 2:1:0:0:1, 3:2:0:0:1, 4:2:0:0:2, 2:0:0:0:1, 4:2:0:0:1, 3:2:0:0:3, 1:0:0:0:1, 3:1:0:0:1, 1:1:0:0:1, 3:1:0:0:0, 3:1:0:0:1, 2:0:0:0:1, 2:0:0:0:0, 2:3:0:0:0, 4:2:0:0:2, 2:1:0:0:0, 1:0:0:0:0, 3:3:0:0:4, 2:0:0:0:2, 3:1:0:0:1, 2:0:0:0:0, 2:0:0:0:1, 3:0:0:0:1, 2:0:0:0:1, 4:1:0:0:2, 2:4:0:0:1, 1:1:0:0:0, 3:1:0:0:0, 5:0:0:0:2, 4:3:0:0:5, 0:0:0:0:0, 3:0:0:0:1, 1:0:0:0:1, 2:1:0:0:0, 4:1:0:0:1, 2:0:0:0:2, 2:1:0:0:1, 3:2:0:0:1, 3:1:1:0:1, 2:1:0:0:0, 2:0:0:0:1, 4:3:0:0:5, 0:0:0:0:0, 3:0:0:0:1, 0:0:0:0:0, 3:1:0:0:0, 3:1:0:0:1, 2:0:0:0:1, 2:0:0:0:0, 2:3:0:0:0, 4:2:0:0:2, 2:1:0:0:0, 1:0:0:0:0, 4:3:0:0:4, 2:0:0:0:2, 3:1:0:0:1, 2:0:0:0:0, 2:0:0:0:1, 3:0:0:0:1, 2:0:0:0:1, 4:1:0:0:2, 2:4:0:0:1, 1:1:0:0:0, 2:1:0:0:0, 5:0:0:0:2, 4:3:0:0:5, 0:0:0:0:0, 3:0:0:0:1, 1:0:0:0:1, 2:1:0:0:0, 4:1:0:0:1, 2:0:0:0:2, 2:2:0:0:2, 4:2:0:0:1, 3:1:1:0:1, 2:1:0:0:0, 2:0:0:0:1, 4:3:0:0:5, 0:0:0:0:0, 3:0:0:0:1, 0:0:0:0:0, 3:1:0:0:0, 3:1:0:0:1, 2:0:0:0:1, 1:0:0:0:0, 2:3:0:0:0, 2:2:0:0:0, 2:1:0:0:0, 1:0:0:0:0, 3:3:0:0:4, 0:0:0:0:0, 2:0:0:0:2, 1:0:0:0:1, 2:0:0:0:1, 2:0:0:0:1, 2:0:0:0:2, 2:1:0:0:1, 2:3:0:0:0, 2:3:0:0:0, 3:1:0:0:0, 2:1:0:0:0, 4:3:0:0:4, 0:0:0:0:0, 2:2:0:0:3, 0:0:0:0:0, 1:0:0:0:1, 2:2:0:0:0, 0:0:0:0:0, 0:0:0:0:0, 2:3:0:0:0, 1:0:0:0:0, 1:0:0:0:0, 1:0:0:0:0, 1:0:0:0:0, 372:170:3:0:167
Bb major (2b), 0:0:0:0:0, 0:0:0:0:0, 1:0:0:0:0, 0:0:0:0:0, 2:0:0:0:1, 0:0:0:0:0, 1:0:0:0:0, 0:0:0:0:0, 2:0:0:0:0, 2:0:0:0:0, 1:0:0:0:0, 2:0:0:0:0, 0:0:0:0:0, 0:0:0:0:0, 1:0:0:0:0, 0:0:0:0:0, 3:0:0:0:0, 0:0:0:0:0, 3:0:0:0:0, 0:0:0:0:0, 1:0:0:0:0, 2:0:0:0:0, 0:0:0:0:0, 2:0:0:0:0, 0:0:0:0:0, 1:0:0:0:0, 0:0:0:0:0, 1:0:0:0:0, 1:0:0:0:2, 2:0:0:0:0, 2:0:0:0:1, 2:1:0:0:1, 1:0:1:0:1, 2:0:0:0:0, 2:0:0:0:0, 1:0:0:0:0, 1:0:0:0:0, 2:1:0:0:1, 1:0:0:0:1, 1:0:0:0:0, 1:0:0:0:2, 2:0:0:0:0, 2:0:1:0:0, 1:0:0:0:0, 1:0:1:0:1, 2:0:0:0:0, 2:0:0:0:0, 1:0:0:0:0, 1:0:0:0:0, 1:0:0:0:0, 1:0:0:0:0, 1:0:0:0:0, 1:0:0:0:1, 1:0:0:0:0, 2:1:0:0:2, 2:0:0:0:0, 1:0:0:0:0, 3:0:0:0:1, 1:0:0:0:0, 1:0:0:0:0, 1:0:0:0:0, 1:1:0:0:1, 1:0:0:0:1, 2:0:0:0:0, 2:0:0:0:1, 3:0:0:0:0, 1:0:0:0:0, 1:0:0:0:0, 2:0:1:0:1, 3:0:0:0:2, 1:0:0:0:0, 1:0:0:0:0, 2:0:0:0:0, 1:0:0:0:0, 1:0:0:0:0, 1:0:0:0:0, 1:1:0:0:1, 1:0:0:0:0, 1:0:0:0:0, 1:0:0:0:1, 1:0:0:0:0, 2:0:0:0:0, 2:0:0:0:0, 1:0:0:0:0, 3:0:0:0:0, 1:1:0:0:1, 1:0:0:0:1, 1:0:0:0:0, 3:0:0:0:0, 2:0:0:0:0, 0:0:0:0:0, 2:1:1:0:2, 4:0:0:0:0, 3:0:0:0:0, 1:0:0:0:0, 2:0:0:0:0, 1:0:0:0:0, 1:0:0:0:0, 3:0:0:0:0, 0:0:0:0:0, 2:0:0:0:1, 1:0:0:0:0, 2:0:0:0:1, 1:0:0:0:0, 1:0:0:0:0, 2:0:0:0:0, 1:0:0:0:0, 2:0:0:0:0, 2:0:0:0:1, 1:0:0:0:0, 1:0:0:0:0, 1:0:0:0:0, 1:1:0:0:1, 1:0:0:0:0, 1:0:0:0:0, 1:0:0:0:1, 1:0:0:0:0, 3:0:0:0:0, 2:0:0:0:0, 1:0:0:0:0, 3:0:0:0:0, 1:1:0:0:1, 1:0:0:0:2, 1:0:0:0:0, 3:0:0:0:0, 2:0:0:0:0, 1:0:0:0:0, 1:0:1:0:1, 4:0:0:0:0, 3:0:0:0:0, 1:0:0:0:0, 2:0:0:0:0, 1:0:0:0:0, 1:0:0:0:0, 3:0:0:0:0, 0:0:0:0:0, 1:0:0:0:0, 2:0:0:0:1, 2:0:0:0:1, 1:0:0:0:0, 1:0:0:0:0, 2:0:0:0:0, 1:0:0:0:0, 2:0:0:0:0, 2:0:0:0:1, 1:0:0:0:0, 1:0:0:0:0, 1:0:0:0:0, 1:0:0:0:2, 2:0:0:0:0, 1:0:0:0:0, 0:0:0:0:0, 1:0:0:0:0, 2:0:0:0:0, 1:0:0:0:0, 1:0:0:0:0, 1:0:0:0:0, 1:1:0:0:1, 1:0:0:0:1, 2:0:0:0:0, 2:0:0:0:1, 0:0:0:0:0, 2:0:0:0:0, 1:0:0:0:0, 2:0:0:0:0, 3:0:0:0:0, 1:0:0:0:0, 2:0:0:0:0, 0:0:0:0:0, 3:0:0:0:2, 0:0:0:0:0, 3:0:0:0:2, 1:0:0:0:0, 0:0:0:0:0, 0:0:0:0:0, 0:0:0:0:0, 0:0:0:0:0, 0:0:0:0:0, 240:10:6:0:48
D major (2#), 0:0:0:0:0, 2:0:0:0:1, 2:0:0:0:0, 2:2:0:0:0, 2:0:0:0:0, 2:2:0:0:0, 2:1:0:0:1, 1:0:0:0:0, 3:3:0:0:3, 2:1:0:0:1, 2:0:0:0:0, 3:3:0:0:1, 2:0:0:0:1, 2:0:0:0:1, 2:0:0:0:0, 2:2:0:0:0, 3:0:0:0:0, 2:3:0:0:0, 2:1:0:0:1, 1:0:0:0:0, 2:3:0:0:3, 3:1:0:0:1, 2:0:0:0:1, 3:3:0:0:1, 1:0:0:0:0, 2:1:0:0:1, 3:1:0:0:0, 3:0:0:0:0, 1:0:0:0:0, 2:3:0:0:1, 4:3:1:0:1, 4:0:0:0:0, 2:1:0:0:0, 3:1:0:0:1, 1:0:0:0:0, 2:0:0:0:0, 2:0:0:0:0, 2:0:0:0:0, 3:0:0:0:1, 2:1:0:0:0, 2:0:0:0:0, 4:2:1:0:1, 4:3:1:0:1, 3:0:0:0:0, 2:1:0:0:0, 3:1:0:0:1, 1:0:0:0:0, 2:0:0:0:0, 1:0:0:0:0, 2:1:0:0:0, 4:1:0:0:2, 2:1:0:0:0, 2:0:0:0:0, 3:2:1:0:1, 3:2:0:0:0, 3:1:0:0:1, 2:0:2:0:2, 3:1:0:0:1, 1:0:0:0:0, 2:0:0:0:0, 1:0:0:0:0, 2:0:0:0:0, 3:0:0:0:1, 4:0:0:0:2, 3:1:0:0:1, 3:2:0:0:0, 4:1:0:0:1, 3:0:0:0:0, 4:2:0:0:2, 3:1:0:0:1, 2:0:0:0:1, 3:1:0:0:0, 1:0:0:0:0, 2:1:0:0:0, 4:1:0:0:2, 3:0:0:0:0, 2:0:0:0:0, 2:3:0:0:1, 4:1:0:0:1, 2:1:0:0:0, 2:0:0:0:0, 3:1:0:0:1, 3:0:0:0:1, 3:1:0:0:0, 1:0:0:0:0, 2:0:0:0:0, 4:0:0:0:1, 3:0:0:0:1, 4:0:0:0:0, 2:4:0:0:0, 2:1:0:0:0, 2:1:0:0:0, 4:0:2:0:3, 4:1:0:0:2, 1:0:0:0:0, 3:0:0:0:0, 2:0:0:0:1, 3:1:0:0:1, 4:1:1:0:3, 3:0:0:0:2, 2:0:0:0:0, 3:2:1:0:2, 4:1:1:0:1, 3:1:0:0:1, 3:0:0:0:0, 4:1:0:0:2, 1:0:0:0:0, 4:0:0:0:0, 1:0:0:0:0, 2:1:0:0:0, 4:1:0:0:2, 3:0:0:0:0, 2:0:0:0:0, 2:3:0:0:1, 4:1:0:0:1, 2:1:0:0:0, 2:0:0:0:0, 4:1:0:0:1, 3:0:0:0:1, 3:1:0:0:0, 1:0:0:0:0, 2:0:0:0:0, 4:0:0:0:1, 3:0:0:0:1, 4:0:0:0:0, 2:4:0:0:0, 2:1:0:0:0, 2:1:0:0:0, 4:0:2:0:3, 4:1:0:0:2, 1:0:0:0:0, 3:0:0:0:0, 2:0:0:0:1, 3:1:0:0:1, 4:1:1:0:3, 3:0:0:0:2, 2:0:2:0:2, 4:2:1:0:2, 4:1:1:0:1, 3:1:0:0:1, 3:0:0:0:0, 4:1:0:0:2, 1:0:0:0:0, 4:0:0:0:0, 1:0:0:0:0, 2:1:0:0:0, 4:1:0:0:2, 3:0:0:0:0, 1:0:0:0:0, 2:3:0:0:1, 2:2:0:0:0, 3:1:0:0:0, 2:0:0:0:0, 3:1:0:0:1, 1:0:0:0:0, 2:0:0:0:0, 2:0:0:0:1, 2:0:0:0:0, 3:0:0:0:1, 2:0:0:0:2, 2:0:0:0:0, 3:3:0:0:0, 2:3:0:0:1, 2:1:0:0:0, 3:1:0:0:1, 4:1:0:0:1, 1:0:0:0:0, 2:1:0:0:1, 1:0:0:0:0, 1:0:0:0:1, 2:2:0:0:0, 1:0:0:0:0, 1:0:0:0:0, 2:3:0:0:0, 1:0:0:0:0, 1:0:0:0:0, 1:0:0:0:0, 1:0:0:0:0, 436:130:18:0:107
G minor (2b), 0:0:0:0:0, 0:0:0:0:0, 1:0:0:0:0, 0:0:0:0:0, 2:0:0:0:1, 0:0:0:0:0, 1:0:0:0:0, 0:0:0:0:0, 2:0:0:0:0, 2:0:0:0:0, 1:0:0:0:0, 2:0:0:0:0, 0:0:0:0:0, 0:0:0:0:0, 1:0:0:0:0, 0:0:0:0:0, 3:0:0:0:0, 0:0:0:0:0, 3:0:0:0:0, 0:0:0:0:0, 1:0:0:0:0, 2:0:0:0:0, 0:0:0:0:0, 2:0:0:0:0, 0:0:0:0:0, 1:0:0:0:0, 0:0:0:0:0, 1:0:0:0:0, 1:0:0:0:2, 2:0:0:0:0, 2:0:0:0:1, 2:1:0:0:1, 1:0:1:0:1, 2:0:0:0:0, 2:0:0:0:0, 1:0:0:0:0, 1:0:0:0:0, 2:1:0:0:1, 1:0:0:0:1, 1:0:0:0:0, 1:0:0:0:2, 2:0:0:0:0, 2:0:1:0:0, 1:0:0:0:0, 1:0:1:0:1, 2:0:0:0:0, 2:0:0:0:0, 1:0:0:0:0, 1:0:0:0:0, 1:0:0:0:0, 1:0:0:0:0, 1:0:0:0:0, 1:0:0:0:1, 1:0:0:0:0, 2:1:0:0:2, 2:0:0:0:0, 1:0:0:0:0, 3:0:0:0:1, 1:0:0:0:0, 1:0:0:0:0, 1:0:0:0:0, 1:1:0:0:1, 1:0:0:0:1, 2:0:0:0:0, 2:0:0:0:1, 3:0:0:0:0, 1:0:0:0:0, 1:0:0:0:0, 2:0:1:0:1, 3:0:0:0:2, 1:0:0:0:0, 1:0:0:0:0, 2:0:0:0:0, 1:0:0:0:0, 1:0:0:0:0, 1:0:0:0:0, 1:1:0:0:1, 1:0:0:0:0, 1:0:0:0:0, 1:0:0:0:1, 1:0:0:0:0, 2:0:0:0:0, 2:0:0:0:0, 1:0:0:0:0, 3:0:0:0:0, 1:1:0:0:1, 1:0:0:0:1, 1:0:0:0:0, 3:0:0:0:0, 2:0:0:0:0, 0:0:0:0:0, 2:1:1:0:2, 4:0:0:0:0, 3:0:0:0:0, 1:0:0:0:0, 2:0:0:0:0, 1:0:0:0:0, 1:0:0:0:0, 3:0:0:0:0, 0:0:0:0:0, 2:0:0:0:1, 1:0:0:0:0, 2:0:0:0:1, 1:0:0:0:0, 1:0:0:0:0, 2:0:0:0:0, 1:0:0:0:0, 2:0:0:0:0, 2:0:0:0:1, 1:0:0:0:0, 1:0:0:0:0, 1:0:0:0:0, 1:1:0:0:1, 1:0:0:0:0, 1:0:0:0:0, 1:0:0:0:1, 1:0:0:0:0, 3:0:0:0:0, 2:0:0:0:0, 1:0:0:0:0, 3:0:0:0:0, 1:1:0:0:1, 1:0:0:0:2, 1:0:0:0:0, 3:0:0:0:0, 2:0:0:0:0, 1:0:0:0:0, 1:0:1:0:1, 4:0:0:0:0, 3:0:0:0:0, 1:0:0:0:0, 2:0:0:0:0, 1:0:0:0:0, 1:0:0:0:0, 3:0:0:0:0, 0:0:0:0:0, 1:0:0:0:0, 2:0:0:0:1, 2:0:0:0:1, 1:0:0:0:0, 1:0:0:0:0, 2:0:0:0:0, 1:0:0:0:0, 2:0:0:0:0, 2:0:0:0:1, 1:0:0:0:0, 1:0:0:0:0, 1:0:0:0:0, 1:0:0:0:2, 2:0:0:0:0, 1:0:0:0:0, 0:0:0:0:0, 1:0:0:0:0, 2:0:0:0:0, 1:0:0:0:0, 1:0:0:0:0, 1:0:0:0:0, 1:1:0:0:1, 1:0:0:0:1, 2:0:0:0:0, 2:0:0:0:1, 0:0:0:0:0, 2:0:0:0:0, 1:0:0:0:0, 2:0:0:0:0, 3:0:0:0:0, 1:0:0:0:0, 2:0:0:0:0, 0:0:0:0:0, 3:0:0:0:2, 0:0:0:0:0, 3:0:0:0:2, 1:0:0:0:0, 0:0:0:0:0, 0:0:0:0:0, 0:0:0:0:0, 0:0:0:0:0, 0:0:0:0:0, 240:10:6:0:48
B minor (2#), 0:0:0:0:0, 2:0:0:0:1, 2:0:0:0:0, 2:2:0:0:0, 2:0:0:0:0, 2:2:0:0:0, 2:1:0:0:1, 1:0:0:0:0, 3:3:0:0:3, 2:1:0:0:1, 2:0:0:0:0, 3:3:0:0:1, 2:0:0:0:1, 2:0:0:0:1, 2:0:0:0:0, 2:2:0:0:0, 3:0:0:0:0, 2:3:0:0:0, 2:1:0:0:1, 1:0:0:0:0, 2:3:0:0:3, 3:1:0:0:1, 2:0:0:0:1, 3:3:0:0:1, 1:0:0:0:0, 2:1:0:0:1, 3:1:0:0:0, 3:0:0:0:0, 1:0:0:0:0, 2:3:0:0:1, 4:3:1:0:1, 4:0:0:0:0, 2:1:0:0:0, 3:1:0:0:1, 1:0:0:0:0, 2:0:0:0:0, 2:0:0:0:0, 2:0:0:0:0, 3:0:0:0:1, 2:1:0:0:0, 2:0:0:0:0, 4:2:1:0:1, 4:3:1:0:1, 3:0:0:0:0, 2:1:0:0:0, 3:1:0:0:1, 1:0:0:0:0, 2:0:0:0:0, 1:0:0:0:0, 2:1:0:0:0, 4:1:0:0:2, 2:1:0:0:0, 2:0:0:0:0, 3:2:1:0:1, 3:2:0:0:0, 3:1:0:0:1, 2:0:2:0:2, 3:1:0:0:1, 1:0:0:0:0, 2:0:0:0:0, 1:0:0:0:0, 2:0:0:0:0, 3:0:0:0:1, 4:0:0:0:2, 3:1:0:0:1, 3:2:0:0:0, 4:1:0:0:1, 3:0:0:0:0, 4:2:0:0:2, 3:1:0:0:1, 2:0:0:0:1, 3:1:0:0:0, 1:0:0:0:0, 2:1:0:0:0, 4:1:0:0:2, 3:0:0:0:0, 2:0:0:0:0, 2:3:0:0:1, 4:1:0:0:1, 2:1:0:0:0, 2:0:0:0:0, 3:1:0:0:1, 3:0:0:0:1, 3:1:0:0:0, 1:0:0:0:0, 2:0:0:0:0, 4:0:0:0:1, 3:0:0:0:1, 4:0:0:0:0, 2:4:0:0:0, 2:1:0:0:0, 2:1:0:0:0, 4:0:2:0:3, 4:1:0:0:2, 1:0:0:0:0, 3:0:0:0:0, 2:0:0:0:1, 3:1:0:0:1, 4:1:1:0:3, 3:0:0:0:2, 2:0:0:0:0, 3:2:1:0:2, 4:1:1:0:1, 3:1:0:0:1, 3:0:0:0:0, 4:1:0:0:2, 1:0:0:0:0, 4:0:0:0:0, 1:0:0:0:0, 2:1:0:0:0, 4:1:0:0:2, 3:0:0:0:0, 2:0:0:0:0, 2:3:0:0:1, 4:1:0:0:1, 2:1:0:0:0, 2:0:0:0:0, 4:1:0:0:1, 3:0:0:0:1, 3:1:0:0:0, 1:0:0:0:0, 2:0:0:0:0, 4:0:0:0:1, 3:0:0:0:1, 4:0:0:0:0, 2:4:0:0:0, 2:1:0:0:0, 2:1:0:0:0, 4:0:2:0:3, 4:1:0:0:2, 1:0:0:0:0, 3:0:0:0:0, 2:0:0:0:1, 3:1:0:0:1, 4:1:1:0:3, 3:0:0:0:2, 2:0:2:0:2, 4:2:1:0:2, 4:1:1:0:1, 3:1:0:0:1, 3:0:0:0:0, 4:1:0:0:2, 1:0:0:0:0, 4:0:0:0:0, 1:0:0:0:0, 2:1:0:0:0, 4:1:0:0:2, 3:0:0:0:0, 1:0:0:0:0, 2:3:0:0:1, 2:2:0:0:0, 3:1:0:0:0, 2:0:0:0:0, 3:1:0:0:1, 1:0:0:0:0, 2:0:0:0:0, 2:0:0:0:1, 2:0:0:0:0, 3:0:0:0:1, 2:0:0:0:2, 2:0:0:0:0, 3:3:0:0:0, 2:3:0:0:1, 2:1:0:0:0, 3:1:0:0:1, 4:1:0:0:1, 1:0:0:0:0, 2:1:0:0:1, 1:0:0:0:0, 1:0:0:0:1, 2:2:0:0:0, 1:0:0:0:0, 1:0:0:0:0, 2:3:0:0:0, 1:0:0:0:0, 1:0:0:0:0, 1:0:0:0:0, 1:0:0:0:0, 436:130:18:0:107
G minor mel (2b), 0:0:0:0:0, 0:0:0:0:0, 1:0:0:0:0, 0:0:0:0:0, 2:0:0:0:1, 0:0:0:0:0, 1:0:0:0:0, 0:0:0:0:0, 2:0:0:0:0, 2:0:0:0:0, 1:0:0:0:0, 2:0:0:0:0, 0:0:0:0:0, 0:0:0:0:0, 1:0:0:0:0, 0:0:0:0:0, 3:0:0:0:0, 0:0:0:0:0, 3:0:0:0:0, 0:0:0:0:0, 1:0:0:0:0, 2:0:0:0:0, 0:0:0:0:0, 2:0:0:0:0, 0:0:0:0:0, 1:0:0:0:0, 0:0:0:0:0, 1:0:0:0:0, 1:0:0:0:2, 2:0:0:0:0, 2:0:0:0:1, 2:1:0:0:1, 1:0:1:0:1, 2:0:0:0:0, 2:0:0:0:0, 1:0:0:0:0, 1:0:0:0:0, 2:1:0:0:1, 1:0:0:0:1, 1:0:0:0:0, 1:0:0:0:2, 2:0:0:0:0, 2:0:1:0:0, 1:0:0:0:0, 1:0:1:0:1, 2:0:0:0:0, 2:0:0:0:0, 1:0:0:0:0, 1:0:0:0:0, 1:0:0:0:0, 1:0:0:0:0, 1:0:0:0:0, 1:0:0:0:1, 1:0:0:0:0, 2:1:0:0:2, 2:0:0:0:0, 1:0:0:0:0, 3:0:0:0:1, 1:0:0:0:0, 1:0:0:0:0, 1:0:0:0:0, 1:1:0:0:1, 1:0:0:0:1, 2:0:0:0:0, 2:0:0:0:1, 3:0:0:0:0, 1:0:0:0:0, 1:0:0:0:0, 2:0:1:0:1, 3:0:0:0:2, 1:0:0:0:0, 1:0:0:0:0, 2:0:0:0:0, 1:0:0:0:0, 1:0:0:0:0, 1:0:0:0:0, 1:1:0:0:1, 1:0:0:0:0, 1:0:0:0:0, 1:0:0:0:1, 1:0:0:0:0, 2:0:0:0:0, 2:0:0:0:0, 1:0:0:0:0, 3:0:0:0:0, 1:1:0:0:1, 1:0:0:0:1, 1:0:0:0:0, 3:0:0:0:0, 2:0:0:0:0, 0:0:0:0:0, 2:1:1:0:2, 4:0:0:0:0, 3:0:0:0:0, 1:0:0:0:0, 2:0:0:0:0, 1:0:0:0:0, 1:0:0:0:0, 3:0:0:0:0, 0:0:0:0:0, 2:0:0:0:1, 1:0:0:0:0, 2:0:0:0:1, 1:0:0:0:0, 1:0:0:0:0, 2:0:0:0:0, 1:0:0:0:0, 2:0:0:0:0, 2:0:0:0:1, 1:0:0:0:0, 1:0:0:0:0, 1:0:0:0:0, 1:1:0:0:1, 1:0:0:0:0, 1:0:0:0:0, 1:0:0:0:1, 1:0:0:0:0, 3:0:0:0:0, 2:0:0:0:0, 1:0:0:0:0, 3:0:0:0:0, 1:1:0:0:1, 1:0:0:0:2, 1:0:0:0:0, 3:0:0:0:0, 2:0:0:0:0, 1:0:0:0:0, 1:0:1:0:1, 4:0:0:0:0, 3:0:0:0:0, 1:0:0:0:0, 2:0:0:0:0, 1:0:0:0:0, 1:0:0:0:0, 3:0:0:0:0, 0:0:0:0:0, 1:0:0:0:0, 2:0:0:0:1, 2:0:0:0:1, 1:0:0:0:0, 1:0:0:0:0, 2:0:0:0:0, 1:0:0:0:0, 2:0:0:0:0, 2:0:0:0:1, 1:0:0:0:0, 1:0:0:0:0, 1:0:0:0:0, 1:0:0:0:2, 2:0:0:0:0, 1:0:0:0:0, 0:0:0:0:0, 1:0:0:0:0, 2:0:0:0:0, 1:0:0:0:0, 1:0:0:0:0, 1:0:0:0:0, 1:1:0:0:1, 1:0:0:0:1, 2:0:0:0:0, 2:0:0:0:1, 0:0:0:0:0, 2:0:0:0:0, 1:0:0:0:0, 2:0:0:0:0, 3:0:0:0:0, 1:0:0:0:0, 2:0:0:0:0, 0:0:0:0:0, 3:0:0:0:2, 0:0:0:0:0, 3:0:0:0:2, 1:0:0:0:0, 0:0:0:0:0, 0:0:0:0:0, 0:0:0:0:0, 0:0:0:0:0, 0:0:0:0:0, 240:10:6:0:48
B minor mel (2#), 0:0:0:0:0, 2:0:0:0:1, 2:0:0:0:0, 2:2:0:0:0, 2:0:0:0:0, 2:2:0:0:0, 2:1:0:0:1, 1:0:0:0:0, 3:3:0:0:3, 2:1:0:0:1, 2:0:0:0:0, 3:3:0:0:1, 2:0:0:0:1, 2:0:0:0:1, 2:0:0:0:0, 2:2:0:0:0, 3:0:0:0:0, 2:3:0:0:0, 2:1:0:0:1, 1:0:0:0:0, 2:3:0:0:3, 3:1:0:0:1, 2:0:0:0:1, 3:3:0:0:1, 1:0:0:0:0, 2:1:0:0:1, 3:1:0:0:0, 3:0:0:0:0, 1:0:0:0:0, 2:3:0:0:1, 4:3:1:0:1, 4:0:0:0:0, 2:1:0:0:0, 3:1:0:0:1, 1:0:0:0:0, 2:0:0:0:0, 2:0:0:0:0, 2:0:0:0:0, 3:0:0:0:1, 2:1:0:0:0, 2:0:0:0:0, 4:2:1:0:1, 4:3:1:0:1, 3:0:0:0:0, 2:1:0:0:0, 3:1:0:0:1, 1:0:0:0:0, 2:0:0:0:0, 1:0:0:0:0, 2:1:0:0:0, 4:1:0:0:2, 2:1:0:0:0, 2:0:0:0:0, 3:2:1:0:1, 3:2:0:0:0, 3:1:0:0:1, 2:0:2:0:2, 3:1:0:0:1, 1:0:0:0:0, 2:0:0:0:0, 1:0:0:0:0, 2:0:0:0:0, 3:0:0:0:1, 4:0:0:0:2, 3:1:0:0:1, 3:2:0:0:0, 4:1:0:0:1, 3:0:0:0:0, 4:2:0:0:2, 3:1:0:0:1, 2:0:0:0:1, 3:1:0:0:0, 1:0:0:0:0, 2:1:0:0:0, 4:1:0:0:2, 3:0:0:0:0, 2:0:0:0:0, 2:3:0:0:1, 4:1:0:0:1, 2:1:0:0:0, 2:0:0:0:0, 3:1:0:0:1, 3:0:0:0:1, 3:1:0:0:0, 1:0:0:0:0, 2:0:0:0:0, 4:0:0:0:1, 3:0:0:0:1, 4:0:0:0:0, 2:4:0:0:0, 2:1:0:0:0, 2:1:0:0:0, 4:0:2:0:3, 4:1:0:0:2, 1:0:0:0:0, 3:0:0:0:0, 2:0:0:0:1, 3:1:0:0:1, 4:1:1:0:3, 3:0:0:0:2, 2:0:0:0:0, 3:2:1:0:2, 4:1:1:0:1, 3:1:0:0:1, 3:0:0:0:0, 4:1:0:0:2, 1:0:0:0:0, 4:0:0:0:0, 1:0:0:0:0, 2:1:0:0:0, 4:1:0:0:2, 3:0:0:0:0, 2:0:0:0:0, 2:3:0:0:1, 4:1:0:0:1, 2:1:0:0:0, 2:0:0:0:0, 4:1:0:0:1, 3:0:0:0:1, 3:1:0:0:0, 1:0:0:0:0, 2:0:0:0:0, 4:0:0:0:1, 3:0:0:0:1, 4:0:0:0:0, 2:4:0:0:0, 2:1:0:0:0, 2:1:0:0:0, 4:0:2:0:3, 4:1:0:0:2, 1:0:0:0:0, 3:0:0:0:0, 2:0:0:0:1, 3:1:0:0:1, 4:1:1:0:3, 3:0:0:0:2, 2:0:2:0:2, 4:2:1:0:2, 4:1:1:0:1, 3:1:0:0:1, 3:0:0:0:0, 4:1:0:0:2, 1:0:0:0:0, 4:0:0:0:0, 1:0:0:0:0, 2:1:0:0:0, 4:1:0:0:2, 3:0:0:0:0, 1:0:0:0:0, 2:3:0:0:1, 2:2:0:0:0, 3:1:0:0:0, 2:0:0:0:0, 3:1:0:0:1, 1:0:0:0:0, 2:0:0:0:0, 2:0:0:0:1, 2:0:0:0:0, 3:0:0:0:1, 2:0:0:0:2, 2:0:0:0:0, 3:3:0:0:0, 2:3:0:0:1, 2:1:0:0:0, 3:1:0:0:1, 4:1:0:0:1, 1:0:0:0:0, 2:1:0:0:1, 1:0:0:0:0, 1:0:0:0:1, 2:2:0:0:0, 1:0:0:0:0, 1:0:0:0:0, 2:3:0:0:0, 1:0:0:0:0, 1:0:0:0:0, 1:0:0:0:0, 1:0:0:0:0, 436:130:18:0:107
Bb major blues (2b), 0:0:0:0:0, 0:0:0:0:0, 1:0:0:0:0, 0:0:0:0:0, 2:0:0:0:1, 0:0:0:0:0, 1:0:0:0:0, 0:0:0:0:0, 2:0:0:0:0, 2:0:0:0:0, 1:0:0:0:0, 2:0:0:0:0, 0:0:0:0:0, 0:0:0:0:0, 1:0:0:0:0, 0:0:0:0:0, 3:0:0:0:0, 0:0:0:0:0, 3:0:0:0:0, 0:0:0:0:0, 1:0:0:0:0, 2:0:0:0:0, 0:0:0:0:0, 2:0:0:0:0, 0:0:0:0:0, 1:0:0:0:0, 0:0:0:0:0, 1:0:0:0:0, 1:0:0:0:2, 2:0:0:0:0, 2:0:0:0:1, 2:1:0:0:1, 1:0:1:0:1, 2:0:0:0:0, 2:0:0:0:0, 1:0:0:0:0, 1:0:0:0:0, 2:1:0:0:1, 1:0:0:0:1, 1:0:0:0:0, 1:0:0:0:2, 2:0:0:0:0, 2:0:1:0:0, 1:0:0:0:0, 1:0:1:0:1, 2:0:0:0:0, 2:0:0:0:0, 1:0:0:0:0, 1:0:0:0:0, 1:0:0:0:0, 1:0:0:0:0, 1:0:0:0:0, 1:0:0:0:1, 1:0:0:0:0, 2:1:0:0:2, 2:0:0:0:0, 1:0:0:0:0, 3:0:0:0:1, 1:0:0:0:0, 1:0:0:0:0, 1:0:0:0:0, 1:1:0:0:1, 1:0:0:0:1, 2:0:0:0:0, 2:0:0:0:1, 3:0:0:0:0, 1:0:0:0:0, 1:0:0:0:0, 2:0:1:0:1, 3:0:0:0:2, 1:0:0:0:0, 1:0:0:0:0, 2:0:0:0:0, 1:0:0:0:0, 1:0:0:0:0, 1:0:0:0:0, 1:1:0:0:1, 1:0:0:0:0, 1:0:0:0:0, 1:0:0:0:1, 1:0:0:0:0, 2:0:0:0:0, 2:0:0:0:0, 1:0:0:0:0, 3:0:0:0:0, 1:1:0:0:1, 1:0:0:0:1, 1:0:0:0:0, 3:0:0:0:0, 2:0:0:0:0, 0:0:0:0:0, 2:1:1:0:2, 4:0:0:0:0, 3:0:0:0:0, 1:0:0:0:0, 2:0:0:0:0, 1:0:0:0:0, 1:0:0:0:0, 3:0:0:0:0, 0:0:0:0:0, 2:0:0:0:1, 1:0:0:0:0, 2:0:0:0:1, 1:0:0:0:0, 1:0:0:0:0, 2:0:0:0:0, 1:0:0:0:0, 2:0:0:0:0, 2:0:0:0:1, 1:0:0:0:0, 1:0:0:0:0, 1:0:0:0:0, 1:1:0:0:1, 1:0:0:0:0, 1:0:0:0:0, 1:0:0:0:1, 1:0:0:0:0, 3:0:0:0:0, 2:0:0:0:0, 1:0:0:0:0, 3:0:0:0:0, 1:1:0:0:1, 1:0:0:0:2, 1:0:0:0:0, 3:0:0:0:0, 2:0:0:0:0, 1:0:0:0:0, 1:0:1:0:1, 4:0:0:0:0, 3:0:0:0:0, 1:0:0:0:0, 2:0:0:0:0, 1:0:0:0:0, 1:0:0:0:0, 3:0:0:0:0, 0:0:0:0:0, 1:0:0:0:0, 2:0:0:0:1, 2:0:0:0:1, 1:0:0:0:0, 1:0:0:0:0, 2:0:0:0:0, 1:0:0:0:0, 2:0:0:0:0, 2:0:0:0:1, 1:0:0:0:0, 1:0:0:0:0, 1:0:0:0:0, 1:0:0:0:2, 2:0:0:0:0, 1:0:0:0:0, 0:0:0:0:0, 1:0:0:0:0, 2:0:0:0:0, 1:0:0:0:0, 1:0:0:0:0, 1:0:0:0:0, 1:1:0:0:1, 1:0:0:0:1, 2:0:0:0:0, 2:0:0:0:1, 0:0:0:0:0, 2:0:0:0:0, 1:0:0:0:0, 2:0:0:0:0, 3:0:0:0:0, 1:0:0:0:0, 2:0:0:0:0, 0:0:0:0:0, 3:0:0:0:2, 0:0:0:0:0, 3:0:0:0:2, 1:0:0:0:0, 0:0:0:0:0, 0:0:0:0:0, 0:0:0:0:0, 0:0:0:0:0, 0:0:0:0:0, 240:10:6:0:48
D major blues (2#), 0:0:0:0:0, 2:0:0:0:1, 2:0:0:0:0, 2:2:0:0:0, 2:0:0:0:0, 2:2:0:0:0, 2:1:0:0:1, 1:0:0:0:0, 3:3:0:0:3, 2:1:0:0:1, 2:0:0:0:0, 3:3:0:0:1, 2:0:0:0:1, 2:0:0:0:1, 2:0:0:0:0, 2:2:0:0:0, 3:0:0:0:0, 2:3:0:0:0, 2:1:0:0:1, 1:0:0:0:0, 2:3:0:0:3, 3:1:0:0:1, 2:0:0:0:1, 3:3:0:0:1, 1:0:0:0:0, 2:1:0:0:1, 3:1:0:0:0, 3:0:0:0:0, 1:0:0:0:0, 2:3:0:0:1, 4:3:1:0:1, 4:0:0:0:0, 2:1:0:0:0, 3:1:0:0:1, 1:0:0:0:0, 2:0:0:0:0, 2:0:0:0:0, 2:0:0:0:0, 3:0:0:0:1, 2:1:0:0:0, 2:0:0:0:0, 4:2:1:0:1, 4:3:1:0:1, 3:0:0:0:0, 2:1:0:0:0, 3:1:0:0:1, 1:0:0:0:0, 2:0:0:0:0, 1:0:0:0:0, 2:1:0:0:0, 4:1:0:0:2, 2:1:0:0:0, 2:0:0:0:0, 3:2:1:0:1, 3:2:0:0:0, 3:1:0:0:1, 2:0:2:0:2, 3:1:0:0:1, 1:0:0:0:0, 2:0:0:0:0, 1:0:0:0:0, 2:0:0:0:0, 3:0:0:0:1, 4:0:0:0:2, 3:1:0:0:1, 3:2:0:0:0, 4:1:0:0:1, 3:0:0:0:0, 4:2:0:0:2, 3:1:0:0:1, 2:0:0:0:1, 3:1:0:0:0, 1:0:0:0:0, 2:1:0:0:0, 4:1:0:0:2, 3:0:0:0:0, 2:0:0:0:0, 2:3:0:0:1, 4:1:0:0:1, 2:1:0:0:0, 2:0:0:0:0, 3:1:0:0:1, 3:0:0:0:1, 3:1:0:0:0, 1:0:0:0:0, 2:0:0:0:0, 4:0:0:0:1, 3:0:0:0:1, 4:0:0:0:0, 2:4:0:0:0, 2:1:0:0:0, 2:1:0:0:0, 4:0:2:0:3, 4:1:0:0:2, 1:0:0:0:0, 3:0:0:0:0, 2:0:0:0:1, 3:1:0:0:1, 4:1:1:0:3, 3:0:0:0:2, 2:0:0:0:0, 3:2:1:0:2, 4:1:1:0:1, 3:1:0:0:1, 3:0:0:0:0, 4:1:0:0:2, 1:0:0:0:0, 4:0:0:0:0, 1:0:0:0:0, 2:1:0:0:0, 4:1:0:0:2, 3:0:0:0:0, 2:0:0:0:0, 2:3:0:0:1, 4:1:0:0:1, 2:1:0:0:0, 2:0:0:0:0, 4:1:0:0:1, 3:0:0:0:1, 3:1:0:0:0, 1:0:0:0:0, 2:0:0:0:0, 4:0:0:0:1, 3:0:0:0:1, 4:0:0:0:0, 2:4:0:0:0, 2:1:0:0:0, 2:1:0:0:0, 4:0:2:0:3, 4:1:0:0:2, 1:0:0:0:0, 3:0:0:0:0, 2:0:0:0:1, 3:1:0:0:1, 4:1:1:0:3, 3:0:0:0:2, 2:0:2:0:2, 4:2:1:0:2, 4:1:1:0:1, 3:1:0:0:1, 3:0:0:0:0, 4:1:0:0:2, 1:0:0:0:0, 4:0:0:0:0, 1:0:0:0:0, 2:1:0:0:0, 4:1:0:0:2, 3:0:0:0:0, 1:0:0:0:0, 2:3:0:0:1, 2:2:0:0:0, 3:1:0:0:0, 2:0:0:0:0, 3:1:0:0:1, 1:0:0:0:0, 2:0:0:0:0, 2:0:0:0:1, 2:0:0:0:0, 3:0:0:0:1, 2:0:0:0:2, 2:0:0:0:0, 3:3:0:0:0, 2:3:0:0:1, 2:1:0:0:0, 3:1:0:0:1, 4:1:0:0:1, 1:0:0:0:0, 2:1:0:0:1, 1:0:0:0:0, 1:0:0:0:1, 2:2:0:0:0, 1:0:0:0:0, 1:0:0:0:0, 2:3:0:0:0, 1:0:0:0:0, 1:0:0:0:0, 1:0:0:0:0, 1:0:0:0:0, 436:130:18:0:107
G minor blues (2b), 0:0:0:0:0, 0:0:0:0:0, 1:0:0:0:0, 0:0:0:0:0, 2:0:0:0:1, 0:0:0:0:0, 1:0:0:0:0, 0:0:0:0:0, 2:0:0:0:0, 2:0:0:0:0, 1:0:0:0:0, 2:0:0:0:0, 0:0:0:0:0, 0:0:0:0:0, 1:0:0:0:0, 0:0:0:0:0, 3:0:0:0:0, 0:0:0:0:0, 3:0:0:0:0, 0:0:0:0:0, 1:0:0:0:0, 2:0:0:0:0, 0:0:0:0:0, 2:0:0:0:0, 0:0:0:0:0, 1:0:0:0:0, 0:0:0:0:0, 1:0:0:0:0, 1:0:0:0:2, 2:0:0:0:0, 2:0:0:0:1, 2:1:0:0:1, 1:0:1:0:1, 2:0:0:0:0, 2:0:0:0:0, 1:0:0:0:0, 1:0:0:0:0, 2:1:0:0:1, 1:0:0:0:1, 1:0:0:0:0, 1:0:0:0:2, 2:0:0:0:0, 2:0:1:0:0, 1:0:0:0:0, 1:0:1:0:1, 2:0:0:0:0, 2:0:0:0:0, 1:0:0:0:0, 1:0:0:0:0, 1:0:0:0:0, 1:0:0:0:0, 1:0:0:0:0, 1:0:0:0:1, 1:0:0:0:0, 2:1:0:0:2, 2:0:0:0:0, 1:0:0:0:0, 3:0:0:0:1, 1:0:0:0:0, 1:0:0:0:0, 1:0:0:0:0, 1:1:0:0:1, 1:0:0:0:1, 2:0:0:0:0, 2:0:0:0:1, 3:0:0:0:0, 1:0:0:0:0, 1:0:0:0:0, 2:0:1:0:1, 3:0:0:0:2, 1:0:0:0:0, 1:0:0:0:0, 2:0:0:0:0, 1:0:0:0:0, 1:0:0:0:0, 1:0:0:0:0, 1:1:0:0:1, 1:0:0:0:0, 1:0:0:0:0, 1:0:0:0:1, 1:0:0:0:0, 2:0:0:0:0, 2:0:0:0:0, 1:0:0:0:0, 3:0:0:0:0, 1:1:0:0:1, 1:0:0:0:1, 1:0:0:0:0, 3:0:0:0:0, 2:0:0:0:0, 0:0:0:0:0, 2:1:1:0:2, 4:0:0:0:0, 3:0:0:0:0, 1:0:0:0:0, 2:0:0:0:0, 1:0:0:0:0, 1:0:0:0:0, 3:0:0:0:0, 0:0:0:0:0, 2:0:0:0:1, 1:0:0:0:0, 2:0:0:0:1, 1:0:0:0:0, 1:0:0:0:0, 2:0:0:0:0, 1:0:0:0:0, 2:0:0:0:0, 2:0:0:0:1, 1:0:0:0:0, 1:0:0:0:0, 1:0:0:0:0, 1:1:0:0:1, 1:0:0:0:0, 1:0:0:0:0, 1:0:0:0:1, 1:0:0:0:0, 3:0:0:0:0, 2:0:0:0:0, 1:0:0:0:0, 3:0:0:0:0, 1:1:0:0:1, 1:0:0:0:2, 1:0:0:0:0, 3:0:0:0:0, 2:0:0:0:0, 1:0:0:0:0, 1:0:1:0:1, 4:0:0:0:0, 3:0:0:0:0, 1:0:0:0:0, 2:0:0:0:0, 1:0:0:0:0, 1:0:0:0:0, 3:0:0:0:0, 0:0:0:0:0, 1:0:0:0:0, 2:0:0:0:1, 2:0:0:0:1, 1:0:0:0:0, 1:0:0:0:0, 2:0:0:0:0, 1:0:0:0:0, 2:0:0:0:0, 2:0:0:0:1, 1:0:0:0:0, 1:0:0:0:0, 1:0:0:0:0, 1:0:0:0:2, 2:0:0:0:0, 1:0:0:0:0, 0:0:0:0:0, 1:0:0:0:0, 2:0:0:0:0, 1:0:0:0:0, 1:0:0:0:0, 1:0:0:0:0, 1:1:0:0:1, 1:0:0:0:1, 2:0:0:0:0, 2:0:0:0:1, 0:0:0:0:0, 2:0:0:0:0, 1:0:0:0:0, 2:0:0:0:0, 3:0:0:0:0, 1:0:0:0:0, 2:0:0:0:0, 0:0:0:0:0, 3:0:0:0:2, 0:0:0:0:0, 3:0:0:0:2, 1:0:0:0:0, 0:0:0:0:0, 0:0:0:0:0, 0:0:0:0:0, 0:0:0:0:0, 0:0:0:0:0, 240:10:6:0:48
B minor blues (2#), 0:0:0:0:0, 2:0:0:0:1, 2:0:0:0:0, 2:2:0:0:0, 2:0:0:0:0, 2:2:0:0:0, 2:1:0:0:1, 1:0:0:0:0, 3:3:0:0:3, 2:1:0:0:1, 2:0:0:0:0, 3:3:0:0:1, 2:0:0:0:1, 2:0:0:0:1, 2:0:0:0:0, 2:2:0:0:0, 3:0:0:0:0, 2:3:0:0:0, 2:1:0:0:1, 1:0:0:0:0, 2:3:0:0:3, 3:1:0:0:1, 2:0:0:0:1, 3:3:0:0:1, 1:0:0:0:0, 2:1:0:0:1, 3:1:0:0:0, 3:0:0:0:0, 1:0:0:0:0, 2:3:0:0:1, 4:3:1:0:1, 4:0:0:0:0, 2:1:0:0:0, 3:1:0:0:1, 1:0:0:0:0, 2:0:0:0:0, 2:0:0:0:0, 2:0:0:0:0, 3:0:0:0:1, 2:1:0:0:0, 2:0:0:0:0, 4:2:1:0:1, 4:3:1:0:1, 3:0:0:0:0, 2:1:0:0:0, 3:1:0:0:1, 1:0:0:0:0, 2:0:0:0:0, 1:0:0:0:0, 2:1:0:0:0, 4:1:0:0:2, 2:1:0:0:0, 2:0:0:0:0, 3:2:1:0:1, 3:2:0:0:0, 3:1:0:0:1, 2:0:2:0:2, 3:1:0:0:1, 1:0:0:0:0, 2:0:0:0:0, 1:0:0:0:0, 2:0:0:0:0, 3:0:0:0:1, 4:0:0:0:2, 3:1:0:0:1, 3:2:0:0:0, 4:1:0:0:1, 3:0:0:0:0, 4:2:0:0:2, 3:1:0:0:1, 2:0:0:0:1, 3:1:0:0:0, 1:0:0:0:0, 2:1:0:0:0, 4:1:0:0:2, 3:0:0:0:0, 2:0:0:0:0, 2:3:0:0:1, 4:1:0:0:1, 2:1:0:0:0, 2:0:0:0:0, 3:1:0:0:1, 3:0:0:0:1, 3:1:0:0:0, 1:0:0:0:0, 2:0:0:0:0, 4:0:0:0:1, 3:0:0:0:1, 4:0:0:0:0, 2:4:0:0:0, 2:1:0:0:0, 2:1:0:0:0, 4:0:2:0:3, 4:1:0:0:2, 1:0:0:0:0, 3:0:0:0:0, 2:0:0:0:1, 3:1:0:0:1, 4:1:1:0:3, 3:0:0:0:2, 2:0:0:0:0, 3:2:1:0:2, 4:1:1:0:1, 3:1:0:0:1, 3:0:0:0:0, 4:1:0:0:2, 1:0:0:0:0, 4:0:0:0:0, 1:0:0:0:0, 2:1:0:0:0, 4:1:0:0:2, 3:0:0:0:0, 2:0:0:0:0, 2:3:0:0:1, 4:1:0:0:1, 2:1:0:0:0, 2:0:0:0:0, 4:1:0:0:1, 3:0:0:0:1, 3:1:0:0:0, 1:0:0:0:0, 2:0:0:0:0, 4:0:0:0:1, 3:0:0:0:1, 4:0:0:0:0, 2:4:0:0:0, 2:1:0:0:0, 2:1:0:0:0, 4:0:2:0:3, 4:1:0:0:2, 1:0:0:0:0, 3:0:0:0:0, 2:0:0:0:1, 3:1:0:0:1, 4:1:1:0:3, 3:0:0:0:2, 2:0:2:0:2, 4:2:1:0:2, 4:1:1:0:1, 3:1:0:0:1, 3:0:0:0:0, 4:1:0:0:2, 1:0:0:0:0, 4:0:0:0:0, 1:0:0:0:0, 2:1:0:0:0, 4:1:0:0:2, 3:0:0:0:0, 1:0:0:0:0, 2:3:0:0:1, 2:2:0:0:0, 3:1:0:0:0, 2:0:0:0:0, 3:1:0:0:1, 1:0:0:0:0, 2:0:0:0:0, 2:0:0:0:1, 2:0:0:0:0, 3:0:0:0:1, 2:0:0:0:2, 2:0:0:0:0, 3:3:0:0:0, 2:3:0:0:1, 2:1:0:0:0, 3:1:0:0:1, 4:1:0:0:1, 1:0:0:0:0, 2:1:0:0:1, 1:0:0:0:0, 1:0:0:0:1, 2:2:0:0:0, 1:0:0:0:0, 1:0:0:0:0, 2:3:0:0:0, 1:0:0:0:0, 1:0:0:0:0, 1:0:0:0:0, 1:0:0:0:0, 436:130:18:0:107
Bb dorian (2b), 0:0:0:0:0, 0:0:0:0:0, 1:0:0:0:0, 0:0:0:0:0, 2:0:0:0:1, 0:0:0:0:0, 1:0:0:0:0, 0:0:0:0:0, 2:0:0:0:0, 2:0:0:0:0, 1:0:0:0:0, 2:0:0:0:0, 0:0:0:0:0, 0:0:0:0:0, 1:0:0:0:0, 0:0:0:0:0, 3:0:0:0:0, 0:0:0:0:0, 3:0:0:0:0, 0:0:0:0:0, 1:0:0:0:0, 2:0:0:0:0, 0:0:0:0:0, 2:0:0:0:0, 0:0:0:0:0, 1:0:0:0:0, 0:0:0:0:0, 1:0:0:0:0, 1:0:0:0:2, 2:0:0:0:0, 2:0:0:0:1, 2:1:0:0:1, 1:0:1:0:1, 2:0:0:0:0, 2:0:0:0:0, 1:0:0:0:0, 1:0:0:0:0, 2:1:0:0:1, 1:0:0:0:1, 1:0:0:0:0, 1:0:0:0:2, 2:0:0:0:0, 2:0:1:0:0, 1:0:0:0:0, 1:0:1:0:1, 2:0:0:0:0, 2:0:0:0:0, 1:0:0:0:0, 1:0:0:0:0, 1:0:0:0:0, 1:0:0:0:0, 1:0:0:0:0, 1:0:0:0:1, 1:0:0:0:0, 2:1:0:0:2, 2:0:0:0:0, 1:0:0:0:0, 3:0:0:0:1, 1:0:0:0:0, 1:0:0:0:0, 1:0:0:0:0, 1:1:0:0:1, 1:0:0:0:1, 2:0:0:0:0, 2:0:0:0:1, 3:0:0:0:0, 1:0:0:0:0, 1:0:0:0:0, 2:0:1:0:1, 3:0:0:0:2, 1:0:0:0:0, 1:0:0:0:0, 2:0:0:0:0, 1:0:0:0:0, 1:0:0:0:0, 1:0:0:0:0, 1:1:0:0:1, 1:0:0:0:0, 1:0:0:0:0, 1:0:0:0:1, 1:0:0:0:0, 2:0:0:0:0, 2:0:0:0:0, 1:0:0:0:0, 3:0:0:0:0, 1:1:0:0:1, 1:0:0:0:1, 1:0:0:0:0, 3:0:0:0:0, 2:0:0:0:0, 0:0:0:0:0, 2:1:1:0:2, 4:0:0:0:0, 3:0:0:0:0, 1:0:0:0:0, 2:0:0:0:0, 1:0:0:0:0, 1:0:0:0:0, 3:0:0:0:0, 0:0:0:0:0, 2:0:0:0:1, 1:0:0:0:0, 2:0:0:0:1, 1:0:0:0:0, 1:0:0:0:0, 2:0:0:0:0, 1:0:0:0:0, 2:0:0:0:0, 2:0:0:0:1, 1:0:0:0:0, 1:0:0:0:0, 1:0:0:0:0, 1:1:0:0:1, 1:0:0:0:0, 1:0:0:0:0, 1:0:0:0:1, 1:0:0:0:0, 3:0:0:0:0, 2:0:0:0:0, 1:0:0:0:0, 3:0:0:0:0, 1:1:0:0:1, 1:0:0:0:2, 1:0:0:0:0, 3:0:0:0:0, 2:0:0:0:0, 1:0:0:0:0, 1:0:1:0:1, 4:0:0:0:0, 3:0:0:0:0, 1:0:0:0:0, 2:0:0:0:0, 1:0:0:0:0, 1:0:0:0:0, 3:0:0:0:0, 0:0:0:0:0, 1:0:0:0:0, 2:0:0:0:1, 2:0:0:0:1, 1:0:0:0:0, 1:0:0:0:0, 2:0:0:0:0, 1:0:0:0:0, 2:0:0:0:0, 2:0:0:0:1, 1:0:0:0:0, 1:0:0:0:0, 1:0:0:0:0, 1:0:0:0:2, 2:0:0:0:0, 1:0:0:0:0, 0:0:0:0:0, 1:0:0:0:0, 2:0:0:0:0, 1:0:0:0:0, 1:0:0:0:0, 1:0:0:0:0, 1:1:0:0:1, 1:0:0:0:1, 2:0:0:0:0, 2:0:0:0:1, 0:0:0:0:0, 2:0:0:0:0, 1:0:0:0:0, 2:0:0:0:0, 3:0:0:0:0, 1:0:0:0:0, 2:0:0:0:0, 0:0:0:0:0, 3:0:0:0:2, 0:0:0:0:0, 3:0:0:0:2, 1:0:0:0:0, 0:0:0:0:0, 0:0:0:0:0, 0:0:0:0:0, 0:0:0:0:0, 0:0:0:0:0, 240:10:6:0:48
D dorian (2#), 0:0:0:0:0, 2:0:0:0:1, 2:0:0:0:0, 2:2:0:0:0, 2:0:0:0:0, 2:2:0:0:0, 2:1:0:0:1, 1:0:0:0:0, 3:3:0:0:3, 2:1:0:0:1, 2:0:0:0:0, 3:3:0:0:1, 2:0:0:0:1, 2:0:0:0:1, 2:0:0:0:0, 2:2:0:0:0, 3:0:0:0:0, 2:3:0:0:0, 2:1:0:0:1, 1:0:0:0:0, 2:3:0:0:3, 3:1:0:0:1, 2:0:0:0:1, 3:3:0:0:1, 1:0:0:0:0, 2:1:0:0:1, 3:1:0:0:0, 3:0:0:0:0, 1:0:0:0:0, 2:3:0:0:1, 4:3:1:0:1, 4:0:0:0:0, 2:1:0:0:0, 3:1:0:0:1, 1:0:0:0:0, 2:0:0:0:0, 2:0:0:0:0, 2:0:0:0:0, 3:0:0:0:1, 2:1:0:0:0, 2:0:0:0:0, 4:2:1:0:1, 4:3:1:0:1, 3:0:0:0:0, 2:1:0:0:0, 3:1:0:0:1, 1:0:0:0:0, 2:0:0:0:0, 1:0:0:0:0, 2:1:0:0:0, 4:1:0:0:2, 2:1:0:0:0, 2:0:0:0:0, 3:2:1:0:1, 3:2:0:0:0, 3:1:0:0:1, 2:0:2:0:2, 3:1:0:0:1, 1:0:0:0:0, 2:0:0:0:0, 1:0:0:0:0, 2:0:0:0:0, 3:0:0:0:1, 4:0:0:0:2, 3:1:0:0:1, 3:2:0:0:0, 4:1:0:0:1, 3:0:0:0:0, 4:2:0:0:2, 3:1:0:0:1, 2:0:0:0:1, 3:1:0:0:0, 1:0:0:0:0, 2:1:0:0:0, 4:1:0:0:2, 3:0:0:0:0, 2:0:0:0:0, 2:3:0:0:1, 4:1:0:0:1, 2:1:0:0:0, 2:0:0:0:0, 3:1:0:0:1, 3:0:0:0:1, 3:1:0:0:0, 1:0:0:0:0, 2:0:0:0:0, 4:0:0:0:1, 3:0:0:0:1, 4:0:0:0:0, 2:4:0:0:0, 2:1:0:0:0, 2:1:0:0:0, 4:0:2:0:3, 4:1:0:0:2, 1:0:0:0:0, 3:0:0:0:0, 2:0:0:0:1, 3:1:0:0:1, 4:1:1:0:3, 3:0:0:0:2, 2:0:0:0:0, 3:2:1:0:2, 4:1:1:0:1, 3:1:0:0:1, 3:0:0:0:0, 4:1:0:0:2, 1:0:0:0:0, 4:0:0:0:0, 1:0:0:0:0, 2:1:0:0:0, 4:1:0:0:2, 3:0:0:0:0, 2:0:0:0:0, 2:3:0:0:1, 4:1:0:0:1, 2:1:0:0:0, 2:0:0:0:0, 4:1:0:0:1, 3:0:0:0:1, 3:1:0:0:0, 1:0:0:0:0, 2:0:0:0:0, 4:0:0:0:1, 3:0:0:0:1, 4:0:0:0:0, 2:4:0:0:0, 2:1:0:0:0, 2:1:0:0:0, 4:0:2:0:3, 4:1:0:0:2, 1:0:0:0:0, 3:0:0:0:0, 2:0:0:0:1, 3:1:0:0:1, 4:1:1:0:3, 3:0:0:0:2, 2:0:2:0:2, 4:2:1:0:2, 4:1:1:0:1, 3:1:0:0:1, 3:0:0:0:0, 4:1:0:0:2, 1:0:0:0:0, 4:0:0:0:0, 1:0:0:0:0, 2:1:0:0:0, 4:1:0:0:2, 3:0:0:0:0, 1:0:0:0:0, 2:3:0:0:1, 2:2:0:0:0, 3:1:0:0:0, 2:0:0:0:0, 3:1:0:0:1, 1:0:0:0:0, 2:0:0:0:0, 2:0:0:0:1, 2:0:0:0:0, 3:0:0:0:1, 2:0:0:0:2, 2:0:0:0:0, 3:3:0:0:0, 2:3:0:0:1, 2:1:0:0:0, 3:1:0:0:1, 4:1:0:0:1, 1:0:0:0:0, 2:1:0:0:1, 1:0:0:0:0, 1:0:0:0:1, 2:2:0:0:0, 1:0:0:0:0, 1:0:0:0:0, 2:3:0:0:0, 1:0:0:0:0, 1:0:0:0:0, 1:0:0:0:0, 1:0:0:0:0, 436:130:18:0:107
Bb phrygian (2b), 0:0:0:0:0, 0:0:0:0:0, 1:0:0:0:0, 0:0:0:0:0, 2:0:0:0:1, 0:0:0:0:0, 1:0:0:0:0, 0:0:0:0:0, 2:0:0:0:0, 2:0:0:0:0, 1:0:0:0:0, 2:0:0:0:0, 0:0:0:0:0, 0:0:0:0:0, 1:0:0:0:0, 0:0:0:0:0, 3:0:0:0:0, 0:0:0:0:0, 3:0:0:0:0, 0:0:0:0:0, 1:0:0:0:0, 2:0:0:0:0, 0:0:0:0:0, 2:0:0:0:0, 0:0:0:0:0, 1:0:0:0:0, 0:0:0:0:0, 1:0:0:0:0, 1:0:0:0:2, 2:0:0:0:0, 2:0:0:0:1, 2:1:0:0:1, 1:0:1:0:1, 2:0:0:0:0, 2:0:0:0:0, 1:0:0:0:0, 1:0:0:0:0, 2:1:0:0:1, 1:0:0:0:1, 1:0:0:0:0, 1:0:0:0:2, 2:0:0:0:0, 2:0:1:0:0, 1:0:0:0:0, 1:0:1:0:1, 2:0:0:0:0, 2:0:0:0:0, 1:0:0:0:0, 1:0:0:0:0, 1:0:0:0:0, 1:0:0:0:0, 1:0:0:0:0, 1:0:0:0:1, 1:0:0:0:0, 2:1:0:0:2, 2:0:0:0:0, 1:0:0:0:0, 3:0:0:0:1, 1:0:0:0:0, 1:0:0:0:0, 1:0:0:0:0, 1:1:0:0:1, 1:0:0:0:1, 2:0:0:0:0, 2:0:0:0:1, 3:0:0:0:0, 1:0:0:0:0, 1:0:0:0:0, 2:0:1:0:1, 3:0:0:0:2, 1:0:0:0:0, 1:0:0:0:0, 2:0:0:0:0, 1:0:0:0:0, 1:0:0:0:0, 1:0:0:0:0, 1:1:0:0:1, 1:0:0:0:0, 1:0:0:0:0, 1:0:0:0:1, 1:0:0:0:0, 2:0:0:0:0, 2:0:0:0:0, 1:0:0:0:0, 3:0:0:0:0, 1:1:0:0:1, 1:0:0:0:1, 1:0:0:0:0, 3:0:0:0:0, 2:0:0:0:0, 0:0:0:0:0, 2:1:1:0:2, 4:0:0:0:0, 3:0:0:0:0, 1:0:0:0:0, 2:0:0:0:0, 1:0:0:0:0, 1:0:0:0:0, 3:0:0:0:0, 0:0:0:0:0, 2:0:0:0:1, 1:0:0:0:0, 2:0:0:0:1, 1:0:0:0:0, 1:0:0:0:0, 2:0:0:0:0, 1:0:0:0:0, 2:0:0:0:0, 2:0:0:0:1, 1:0:0:0:0, 1:0:0:0:0, 1:0:0:0:0, 1:1:0:0:1, 1:0:0:0:0, 1:0:0:0:0, 1:0:0:0:1, 1:0:0:0:0, 3:0:0:0:0, 2:0:0:0:0, 1:0:0:0:0, 3:0:0:0:0, 1:1:0:0:1, 1:0:0:0:2, 1:0:0:0:0, 3:0:0:0:0, 2:0:0:0:0, 1:0:0:0:0, 1:0:1:0:1, 4:0:0:0:0, 3:0:0:0:0, 1:0:0:0:0, 2:0:0:0:0, 1:0:0:0:0, 1:0:0:0:0, 3:0:0:0:0, 0:0:0:0:0, 1:0:0:0:0, 2:0:0:0:1, 2:0:0:0:1, 1:0:0:0:0, 1:0:0:0:0, 2:0:0:0:0, 1:0:0:0:0, 2:0:0:0:0, 2:0:0:0:1, 1:0:0:0:0, 1:0:0:0:0, 1:0:0:0:0, 1:0:0:0:2, 2:0:0:0:0, 1:0:0:0:0, 0:0:0:0:0, 1:0:0:0:0, 2:0:0:0:0, 1:0:0:0:0, 1:0:0:0:0, 1:0:0:0:0, 1:1:0:0:1, 1:0:0:0:1, 2:0:0:0:0, 2:0:0:0:1, 0:0:0:0:0, 2:0:0:0:0, 1:0:0:0:0, 2:0:0:0:0, 3:0:0:0:0, 1:0:0:0:0, 2:0:0:0:0, 0:0:0:0:0, 3:0:0:0:2, 0:0:0:0:0, 3:0:0:0:2, 1:0:0:0:0, 0:0:0:0:0, 0:0:0:0:0, 0:0:0:0:0, 0:0:0:0:0, 0:0:0:0:0, 240:10:6:0:48
D phrygian (2#), 0:0:0:0:0, 2:0:0:0:1, 2:0:0:0:0, 2:2:0:0:0, 2:0:0:0:0, 2:2:0:0:0, 2:1:0:0:1, 1:0:0:0:0, 3:3:0:0:3, 2:1:0:0:1, 2:0:0:0:0, 3:3:0:0:1, 2:0:0:0:1, 2:0:0:0:1, 2:0:0:0:0, 2:2:0:0:0, 3:0:0:0:0, 2:3:0:0:0, 2:1:0:0:1, 1:0:0:0:0, 2:3:0:0:3, 3:1:0:0:1, 2:0:0:0:1, 3:3:0:0:1, 1:0:0:0:0, 2:1:0:0:1, 3:1:0:0:0, 3:0:0:0:0, 1:0:0:0:0, 2:3:0:0:1, 4:3:1:0:1, 4:0:0:0:0, 2:1:0:0:0, 3:1:0:0:1, 1:0:0:0:0, 2:0:0:0:0, 2:0:0:0:0, 2:0:0:0:0, 3:0:0:0:1, 2:1:0:0:0, 2:0:0:0:0, 4:2:1:0:1, 4:3:1:0:1, 3:0:0:0:0, 2:1:0:0:0, 3:1:0:0:1, 1:0:0:0:0, 2:0:0:0:0, 1:0:0:0:0, 2:1:0:0:0, 4:1:0:0:2, 2:1:0:0:0, 2:0:0:0:0, 3:2:1:0:1, 3:2:0:0:0, 3:1:0:0:1, 2:0:2:0:2, 3:1:0:0:1, 1:0:0:0:0, 2:0:0:0:0, 1:0:0:0:0, 2:0:0:0:0, 3:0:0:0:1, 4:0:0:0:2, 3:1:0:0:1, 3:2:0:0:0, 4:1:0:0:1, 3:0:0:0:0, 4:2:0:0:2, 3:1:0:0:1, 2:0:0:0:1, 3:1:0:0:0, 1:0:0:0:0, 2:1:0:0:0, 4:1:0:0:2, 3:0:0:0:0, 2:0:0:0:0, 2:3:0:0:1, 4:1:0:0:1, 2:1:0:0:0, 2:0:0:0:0, 3:1:0:0:1, 3:0:0:0:1, 3:1:0:0:0, 1:0:0:0:0, 2:0:0:0:0, 4:0:0:0:1, 3:0:0:0:1, 4:0:0:0:0, 2:4:0:0:0, 2:1:0:0:0, 2:1:0:0:0, 4:0:2:0:3, 4:1:0:0:2, 1:0:0:0:0, 3:0:0:0:0, 2:0:0:0:1, 3:1:0:0:1, 4:1:1:0:3, 3:0:0:0:2, 2:0:0:0:0, 3:2:1:0:2, 4:1:1:0:1, 3:1:0:0:1, 3:0:0:0:0, 4:1:0:0:2, 1:0:0:0:0, 4:0:0:0:0, 1:0:0:0:0, 2:1:0:0:0, 4:1:0:0:2, 3:0:0:0:0, 2:0:0:0:0, 2:3:0:0:1, 4:1:0:0:1, 2:1:0:0:0, 2:0:0:0:0, 4:1:0:0:1, 3:0:0:0:1, 3:1:0:0:0, 1:0:0:0:0, 2:0:0:0:0, 4:0:0:0:1, 3:0:0:0:1, 4:0:0:0:0, 2:4:0:0:0, 2:1:0:0:0, 2:1:0:0:0, 4:0:2:0:3, 4:1:0:0:2, 1:0:0:0:0, 3:0:0:0:0, 2:0:0:0:1, 3:1:0:0:1, 4:1:1:0:3, 3:0:0:0:2, 2:0:2:0:2, 4:2:1:0:2, 4:1:1:0:1, 3:1:0:0:1, 3:0:0:0:0, 4:1:0:0:2, 1:0:0:0:0, 4:0:0:0:0, 1:0:0:0:0, 2:1:0:0:0, 4:1:0:0:2, 3:0:0:0:0, 1:0:0:0:0, 2:3:0:0:1, 2:2:0:0:0, 3:1:0:0:0, 2:0:0:0:0, 3:1:0:0:1, 1:0:0:0:0, 2:0:0:0:0, 2:0:0:0:1, 2:0:0:0:0, 3:0:0:0:1, 2:0:0:0:2, 2:0:0:0:0, 3:3:0:0:0, 2:3:0:0:1, 2:1:0:0:0, 3:1:0:0:1, 4:1:0:0:1, 1:0:0:0:0, 2:1:0:0:1, 1:0:0:0:0, 1:0:0:0:1, 2:2:0:0:0, 1:0:0:0:0, 1:0:0:0:0, 2:3:0:0:0, 1:0:0:0:0, 1:0:0:0:0, 1:0:0:0:0, 1:0:0:0:0, 436:130:18:0:107
Bb lydian (2b), 0:0:0:0:0, 0:0:0:0:0, 1:0:0:0:0, 0:0:0:0:0, 2:0:0:0:1, 0:0:0:0:0, 1:0:0:0:0, 0:0:0:0:0, 2:0:0:0:0, 2:0:0:0:0, 1:0:0:0:0, 2:0:0:0:0, 0:0:0:0:0, 0:0:0:0:0, 1:0:0:0:0, 0:0:0:0:0, 3:0:0:0:0, 0:0:0:0:0, 3:0:0:0:0, 0:0:0:0:0, 1:0:0:0:0, 2:0:0:0:0, 0:0:0:0:0, 2:0:0:0:0, 0:0:0:0:0, 1:0:0:0:0, 0:0:0:0:0, 1:0:0:0:0, 1:0:0:0:2, 2:0:0:0:0, 2:0:0:0:1, 2:1:0:0:1, 1:0:1:0:1, 2:0:0:0:0, 2:0:0:0:0, 1:0:0:0:0, 1:0:0:0:0, 2:1:0:0:1, 1:0:0:0:1, 1:0:0:0:0, 1:0:0:0:2, 2:0:0:0:0, 2:0:1:0:0, 1:0:0:0:0, 1:0:1:0:1, 2:0:0:0:0, 2:0:0:0:0, 1:0:0:0:0, 1:0:0:0:0, 1:0:0:0:0, 1:0:0:0:0, 1:0:0:0:0, 1:0:0:0:1, 1:0:0:0:0, 2:1:0:0:2, 2:0:0:0:0, 1:0:0:0:0, 3:0:0:0:1, 1:0:0:0:0, 1:0:0:0:0, 1:0:0:0:0, 1:1:0:0:1, 1:0:0:0:1, 2:0:0:0:0, 2:0:0:0:1, 3:0:0:0:0, 1:0:0:0:0, 1:0:0:0:0, 2:0:1:0:1, 3:0:0:0:2, 1:0:0:0:0, 1:0:0:0:0, 2:0:0:0:0, 1:0:0:0:0, 1:0:0:0:0, 1:0:0:0:0, 1:1:0:0:1, 1:0:0:0:0, 1:0:0:0:0, 1:0:0:0:1, 1:0:0:0:0, 2:0:0:0:0, 2:0:0:0:0, 1:0:0:0:0, 3:0:0:0:0, 1:1:0:0:1, 1:0:0:0:1, 1:0:0:0:0, 3:0:0:0:0, 2:0:0:0:0, 0:0:0:0:0, 2:1:1:0:2, 4:0:0:0:0, 3:0:0:0:0, 1:0:0:0:0, 2:0:0:0:0, 1:0:0:0:0, 1:0:0:0:0, 3:0:0:0:0, 0:0:0:0:0, 2:0:0:0:1, 1:0:0:0:0, 2:0:0:0:1, 1:0:0:0:0, 1:0:0:0:0, 2:0:0:0:0, 1:0:0:0:0, 2:0:0:0:0, 2:0:0:0:1, 1:0:0:0:0, 1:0:0:0:0, 1:0:0:0:0, 1:1:0:0:1, 1:0:0:0:0, 1:0:0:0:0, 1:0:0:0:1, 1:0:0:0:0, 3:0:0:0:0, 2:0:0:0:0, 1:0:0:0:0, 3:0:0:0:0, 1:1:0:0:1, 1:0:0:0:2, 1:0:0:0:0, 3:0:0:0:0, 2:0:0:0:0, 1:0:0:0:0, 1:0:1:0:1, 4:0:0:0:0, 3:0:0:0:0, 1:0:0:0:0, 2:0:0:0:0, 1:0:0:0:0, 1:0:0:0:0, 3:0:0:0:0, 0:0:0:0:0, 1:0:0:0:0, 2:0:0:0:1, 2:0:0:0:1, 1:0:0:0:0, 1:0:0:0:0, 2:0:0:0:0, 1:0:0:0:0, 2:0:0:0:0, 2:0:0:0:1, 1:0:0:0:0, 1:0:0:0:0, 1:0:0:0:0, 1:0:0:0:2, 2:0:0:0:0, 1:0:0:0:0, 0:0:0:0:0, 1:0:0:0:0, 2:0:0:0:0, 1:0:0:0:0, 1:0:0:0:0, 1:0:0:0:0, 1:1:0:0:1, 1:0:0:0:1, 2:0:0:0:0, 2:0:0:0:1, 0:0:0:0:0, 2:0:0:0:0, 1:0:0:0:0, 2:0:0:0:0, 3:0:0:0:0, 1:0:0:0:0, 2:0:0:0:0, 0:0:0:0:0, 3:0:0:0:2, 0:0:0:0:0, 3:0:0:0:2, 1:0:0:0:0, 0:0:0:0:0, 0:0:0:0:0, 0:0:0:0:0, 0:0:0:0:0, 0:0:0:0:0, 240:10:6:0:48
D lydian (2#), 0:0:0:0:0, 2:0:0:0:1, 2:0:0:0:0, 2:2:0:0:0, 2:0:0:0:0, 2:2:0:0:0, 2:1:0:0:1, 1:0:0:0:0, 3:3:0:0:3, 2:1:0:0:1, 2:0:0:0:0, 3:3:0:0:1, 2:0:0:0:1, 2:0:0:0:1, 2:0:0:0:0, 2:2:0:0:0, 3:0:0:0:0, 2:3:0:0:0, 2:1:0:0:1, 1:0:0:0:0, 2:3:0:0:3, 3:1:0:0:1, 2:0:0:0:1, 3:3:0:0:1, 1:0:0:0:0, 2:1:0:0:1, 3:1:0:0:0, 3:0:0:0:0, 1:0:0:0:0, 2:3:0:0:1, 4:3:1:0:1, 4:0:0:0:0, 2:1:0:0:0, 3:1:0:0:1, 1:0:0:0:0, 2:0:0:0:0, 2:0:0:0:0, 2:0:0:0:0, 3:0:0:0:1, 2:1:0:0:0, 2:0:0:0:0, 4:2:1:0:1, 4:3:1:0:1, 3:0:0:0:0, 2:1:0:0:0, 3:1:0:0:1, 1:0:0:0:0, 2:0:0:0:0, 1:0:0:0:0, 2:1:0:0:0, 4:1:0:0:2, 2:1:0:0:0, 2:0:0:0:0, 3:2:1:0:1, 3:2:0:0:0, 3:1:0:0:1, 2:0:2:0:2, 3:1:0:0:1, 1:0:0:0:0, 2:0:0:0:0, 1:0:0:0:0, 2:0:0:0:0, 3:0:0:0:1, 4:0:0:0:2, 3:1:0:0:1, 3:2:0:0:0, 4:1:0:0:1, 3:0:0:0:0, 4:2:0:0:2, 3:1:0:0:1, 2:0:0:0:1, 3:1:0:0:0, 1:0:0:0:0, 2:1:0:0:0, 4:1:0:0:2, 3:0:0:0:0, 2:0:0:0:0, 2:3:0:0:1, 4:1:0:0:1, 2:1:0:0:0, 2:0:0:0:0, 3:1:0:0:1, 3:0:0:0:1, 3:1:0:0:0, 1:0:0:0:0, 2:0:0:0:0, 4:0:0:0:1, 3:0:0:0:1, 4:0:0:0:0, 2:4:0:0:0, 2:1:0:0:0, 2:1:0:0:0, 4:0:2:0:3, 4:1:0:0:2, 1:0:0:0:0, 3:0:0:0:0, 2:0:0:0:1, 3:1:0:0:1, 4:1:1:0:3, 3:0:0:0:2, 2:0:0:0:0, 3:2:1:0:2, 4:1:1:0:1, 3:1:0:0:1, 3:0:0:0:0, 4:1:0:0:2, 1:0:0:0:0, 4:0:0:0:0, 1:0:0:0:0, 2:1:0:0:0, 4:1:0:0:2, 3:0:0:0:0, 2:0:0:0:0, 2:3:0:0:1, 4:1:0:0:1, 2:1:0:0:0, 2:0:0:0:0, 4:1:0:0:1, 3:0:0:0:1, 3:1:0:0:0, 1:0:0:0:0, 2:0:0:0:0, 4:0:0:0:1, 3:0:0:0:1, 4:0:0:0:0, 2:4:0:0:0, 2:1:0:0:0, 2:1:0:0:0, 4:0:2:0:3, 4:1:0:0:2, 1:0:0:0:0, 3:0:0:0:0, 2:0:0:0:1, 3:1:0:0:1, 4:1:1:0:3, 3:0:0:0:2, 2:0:2:0:2, 4:2:1:0:2, 4:1:1:0:1, 3:1:0:0:1, 3:0:0:0:0, 4:1:0:0:2, 1:0:0:0:0, 4:0:0:0:0, 1:0:0:0:0, 2:1:0:0:0, 4:1:0:0:2, 3:0:0:0:0, 1:0:0:0:0, 2:3:0:0:1, 2:2:0:0:0, 3:1:0:0:0, 2:0:0:0:0, 3:1:0:0:1, 1:0:0:0:0, 2:0:0:0:0, 2:0:0:0:1, 2:0:0:0:0, 3:0:0:0:1, 2:0:0:0:2, 2:0:0:0:0, 3:3:0:0:0, 2:3:0:0:1, 2:1:0:0:0, 3:1:0:0:1, 4:1:0:0:1, 1:0:0:0:0, 2:1:0:0:1, 1:0:0:0:0, 1:0:0:0:1, 2:2:0:0:0, 1:0:0:0:0, 1:0:0:0:0, 2:3:0:0:0, 1:0:0:0:0, 1:0:0:0:0, 1:0:0:0:0, 1:0:0:0:0, 436:130:18:0:107
Bb mixolydian (2b), 0:0:0:0:0, 0:0:0:0:0, 1:0:0:0:0, 0:0:0:0:0, 2:0:0:0:1, 0:0:0:0:0, 1:0:0:0:0, 0:0:0:0:0, 2:0:0:0:0, 2:0:0:0:0, 1:0:0:0:0, 2:0:0:0:0, 0:0:0:0:0, 0:0:0:0:0, 1:0:0:0:0, 0:0:0:0:0, 3:0:0:0:0, 0:0:0:0:0, 3:0:0:0:0, 0:0:0:0:0, 1:0:0:0:0, 2:0:0:0:0, 0:0:0:0:0, 2:0:0:0:0, 0:0:0:0:0, 1:0:0:0:0, 0:0:0:0:0, 1:0:0:0:0, 1:0:0:0:2, 2:0:0:0:0, 2:0:0:0:1, 2:1:0:0:1, 1:0:1:0:1, 2:0:0:0:0, 2:0:0:0:0, 1:0:0:0:0, 1:0:0:0:0, 2:1:0:0:1, 1:0:0:0:1, 1:0:0:0:0, 1:0:0:0:2, 2:0:0:0:0, 2:0:1:0:0, 1:0:0:0:0, 1:0:1:0:1, 2:0:0:0:0, 2:0:0:0:0, 1:0:0:0:0, 1:0:0:0:0, 1:0:0:0:0, 1:0:0:0:0, 1:0:0:0:0, 1:0:0:0:1, 1:0:0:0:0, 2:1:0:0:2, 2:0:0:0:0, 1:0:0:0:0, 3:0:0:0:1, 1:0:0:0:0, 1:0:0:0:0, 1:0:0:0:0, 1:1:0:0:1, 1:0:0:0:1, 2:0:0:0:0, 2:0:0:0:1, 3:0:0:0:0, 1:0:0:0:0, 1:0:0:0:0, 2:0:1:0:1, 3:0:0:0:2, 1:0:0:0:0, 1:0:0:0:0, 2:0:0:0:0, 1:0:0:0:0, 1:0:0:0:0, 1:0:0:0:0, 1:1:0:0:1, 1:0:0:0:0, 1:0:0:0:0, 1:0:0:0:1, 1:0:0:0:0, 2:0:0:0:0, 2:0:0:0:0, 1:0:0:0:0, 3:0:0:0:0, 1:1:0:0:1, 1:0:0:0:1, 1:0:0:0:0, 3:0:0:0:0, 2:0:0:0:0, 0:0:0:0:0, 2:1:1:0:2, 4:0:0:0:0, 3:0:0:0:0, 1:0:0:0:0, 2:0:0:0:0, 1:0:0:0:0, 1:0:0:0:0, 3:0:0:0:0, 0:0:0:0:0, 2:0:0:0:1, 1:0:0:0:0, 2:0:0:0:1, 1:0:0:0:0, 1:0:0:0:0, 2:0:0:0:0, 1:0:0:0:0, 2:0:0:0:0, 2:0:0:0:1, 1:0:0:0:0, 1:0:0:0:0, 1:0:0:0:0, 1:1:0:0:1, 1:0:0:0:0, 1:0:0:0:0, 1:0:0:0:1, 1:0:0:0:0, 3:0:0:0:0, 2:0:0:0:0, 1:0:0:0:0, 3:0:0:0:0, 1:1:0:0:1, 1:0:0:0:2, 1:0:0:0:0, 3:0:0:0:0, 2:0:0:0:0, 1:0:0:0:0, 1:0:1:0:1, 4:0:0:0:0, 3:0:0:0:0, 1:0:0:0:0, 2:0:0:0:0, 1:0:0:0:0, 1:0:0:0:0, 3:0:0:0:0, 0:0:0:0:0, 1:0:0:0:0, 2:0:0:0:1, 2:0:0:0:1, 1:0:0:0:0, 1:0:0:0:0, 2:0:0:0:0, 1:0:0:0:0, 2:0:0:0:0, 2:0:0:0:1, 1:0:0:0:0, 1:0:0:0:0, 1:0:0:0:0, 1:0:0:0:2, 2:0:0:0:0, 1:0:0:0:0, 0:0:0:0:0, 1:0:0:0:0, 2:0:0:0:0, 1:0:0:0:0, 1:0:0:0:0, 1:0:0:0:0, 1:1:0:0:1, 1:0:0:0:1, 2:0:0:0:0, 2:0:0:0:1, 0:0:0:0:0, 2:0:0:0:0, 1:0:0:0:0, 2:0:0:0:0, 3:0:0:0:0, 1:0:0:0:0, 2:0:0:0:0, 0:0:0:0:0, 3:0:0:0:2, 0:0:0:0:0, 3:0:0:0:2, 1:0:0:0:0, 0:0:0:0:0, 0:0:0:0:0, 0:0:0:0:0, 0:0:0:0:0, 0:0:0:0:0, 240:10:6:0:48
D mixolydian (2#), 0:0:0:0:0, 2:0:0:0:1, 2:0:0:0:0, 2:2:0:0:0, 2:0:0:0:0, 2:2:0:0:0, 2:1:0:0:1, 1:0:0:0:0, 3:3:0:0:3, 2:1:0:0:1, 2:0:0:0:0, 3:3:0:0:1, 2:0:0:0:1, 2:0:0:0:1, 2:0:0:0:0, 2:2:0:0:0, 3:0:0:0:0, 2:3:0:0:0, 2:1:0:0:1, 1:0:0:0:0, 2:3:0:0:3, 3:1:0:0:1, 2:0:0:0:1, 3:3:0:0:1, 1:0:0:0:0, 2:1:0:0:1, 3:1:0:0:0, 3:0:0:0:0, 1:0:0:0:0, 2:3:0:0:1, 4:3:1:0:1, 4:0:0:0:0, 2:1:0:0:0, 3:1:0:0:1, 1:0:0:0:0, 2:0:0:0:0, 2:0:0:0:0, 2:0:0:0:0, 3:0:0:0:1, 2:1:0:0:0, 2:0:0:0:0, 4:2:1:0:1, 4:3:1:0:1, 3:0:0:0:0, 2:1:0:0:0, 3:1:0:0:1, 1:0:0:0:0, 2:0:0:0:0, 1:0:0:0:0, 2:1:0:0:0, 4:1:0:0:2, 2:1:0:0:0, 2:0:0:0:0, 3:2:1:0:1, 3:2:0:0:0, 3:1:0:0:1, 2:0:2:0:2, 3:1:0:0:1, 1:0:0:0:0, 2:0:0:0:0, 1:0:0:0:0, 2:0:0:0:0, 3:0:0:0:1, 4:0:0:0:2, 3:1:0:0:1, 3:2:0:0:0, 4:1:0:0:1, 3:0:0:0:0, 4:2:0:0:2, 3:1:0:0:1, 2:0:0:0:1, 3:1:0:0:0, 1:0:0:0:0, 2:1:0:0:0, 4:1:0:0:2, 3:0:0:0:0, 2:0:0:0:0, 2:3:0:0:1, 4:1:0:0:1, 2:1:0:0:0, 2:0:0:0:0, 3:1:0:0:1, 3:0:0:0:1, 3:1:0:0:0, 1:0:0:0:0, 2:0:0:0:0, 4:0:0:0:1, 3:0:0:0:1, 4:0:0:0:0, 2:4:0:0:0, 2:1:0:0:0, 2:1:0:0:0, 4:0:2:0:3, 4:1:0:0:2, 1:0:0:0:0, 3:0:0:0:0, 2:0:0:0:1, 3:1:0:0:1, 4:1:1:0:3, 3:0:0:0:2, 2:0:0:0:0, 3:2:1:0:2, 4:1:1:0:1, 3:1:0:0:1, 3:0:0:0:0, 4:1:0:0:2, 1:0:0:0:0, 4:0:0:0:0, 1:0:0:0:0, 2:1:0:0:0, 4:1:0:0:2, 3:0:0:0:0, 2:0:0:0:0, 2:3:0:0:1, 4:1:0:0:1, 2:1:0:0:0, 2:0:0:0:0, 4:1:0:0:1, 3:0:0:0:1, 3:1:0:0:0, 1:0:0:0:0, 2:0:0:0:0, 4:0:0:0:1, 3:0:0:0:1, 4:0:0:0:0, 2:4:0:0:0, 2:1:0:0:0, 2:1:0:0:0, 4:0:2:0:3, 4:1:0:0:2, 1:0:0:0:0, 3:0:0:0:0, 2:0:0:0:1, 3:1:0:0:1, 4:1:1:0:3, 3:0:0:0:2, 2:0:2:0:2, 4:2:1:0:2, 4:1:1:0:1, 3:1:0:0:1, 3:0:0:0:0, 4:1:0:0:2, 1:0:0:0:0, 4:0:0:0:0, 1:0:0:0:0, 2:1:0:0:0, 4:1:0:0:2, 3:0:0:0:0, 1:0:0:0:0, 2:3:0:0:1, 2:2:0:0:0, 3:1:0:0:0, 2:0:0:0:0, 3:1:0:0:1, 1:0:0:0:0, 2:0:0:0:0, 2:0:0:0:1, 2:0:0:0:0, 3:0:0:0:1, 2:0:0:0:2, 2:0:0:0:0, 3:3:0:0:0, 2:3:0:0:1, 2:1:0:0:0, 3:1:0:0:1, 4:1:0:0:1, 1:0:0:0:0, 2:1:0:0:1, 1:0:0:0:0, 1:0:0:0:1, 2:2:0:0:0, 1:0:0:0:0, 1:0:0:0:0, 2:3:0:0:0, 1:0:0:0:0, 1:0:0:0:0, 1:0:0:0:0, 1:0:0:0:0, 436:130:18:0:107
Bb aeolian (2b), 0:0:0:0:0, 0:0:0:0:0, 1:0:0:0:0, 0:0:0:0:0, 2:0:0:0:1, 0:0:0:0:0, 1:0:0:0:0, 0:0:0:0:0, 2:0:0:0:0, 2:0:0:0:0, 1:0:0:0:0, 2:0:0:0:0, 0:0:0:0:0, 0:0:0:0:0, 1:0:0:0:0, 0:0:0:0:0, 3:0:0:0:0, 0:0:0:0:0, 3:0:0:0:0, 0:0:0:0:0, 1:0:0:0:0, 2:0:0:0:0, 0:0:0:0:0, 2:0:0:0:0, 0:0:0:0:0, 1:0:0:0:0, 0:0:0:0:0, 1:0:0:0:0, 1:0:0:0:2, 2:0:0:0:0, 2:0:0:0:1, 2:1:0:0:1, 1:0:1:0:1, 2:0:0:0:0, 2:0:0:0:0, 1:0:0:0:0, 1:0:0:0:0, 2:1:0:0:1, 1:0:0:0:1, 1:0:0:0:0, 1:0:0:0:2, 2:0:0:0:0, 2:0:1:0:0, 1:0:0:0:0, 1:0:1:0:1, 2:0:0:0:0, 2:0:0:0:0, 1:0:0:0:0, 1:0:0:0:0, 1:0:0:0:0, 1:0:0:0:0, 1:0:0:0:0, 1:0:0:0:1, 1:0:0:0:0, 2:1:0:0:2, 2:0:0:0:0, 1:0:0:0:0, 3:0:0:0:1, 1:0:0:0:0, 1:0:0:0:0, 1:0:0:0:0, 1:1:0:0:1, 1:0:0:0:1, 2:0:0:0:0, 2:0:0:0:1, 3:0:0:0:0, 1:0:0:0:0, 1:0:0:0:0, 2:0:1:0:1, 3:0:0:0:2, 1:0:0:0:0, 1:0:0:0:0, 2:0:0:0:0, 1:0:0:0:0, 1:0:0:0:0, 1:0:0:0:0, 1:1:0:0:1, 1:0:0:0:0, 1:0:0:0:0, 1:0:0:0:1, 1:0:0:0:0, 2:0:0:0:0, 2:0:0:0:0, 1:0:0:0:0, 3:0:0:0:0, 1:1:0:0:1, 1:0:0:0:1, 1:0:0:0:0, 3:0:0:0:0, 2:0:0:0:0, 0:0:0:0:0, 2:1:1:0:2, 4:0:0:0:0, 3:0:0:0:0, 1:0:0:0:0, 2:0:0:0:0, 1:0:0:0:0, 1:0:0:0:0, 3:0:0:0:0, 0:0:0:0:0, 2:0:0:0:1, 1:0:0:0:0, 2:0:0:0:1, 1:0:0:0:0, 1:0:0:0:0, 2:0:0:0:0, 1:0:0:0:0, 2:0:0:0:0, 2:0:0:0:1, 1:0:0:0:0, 1:0:0:0:0, 1:0:0:0:0, 1:1:0:0:1, 1:0:0:0:0, 1:0:0:0:0, 1:0:0:0:1, 1:0:0:0:0, 3:0:0:0:0, 2:0:0:0:0, 1:0:0:0:0, 3:0:0:0:0, 1:1:0:0:1, 1:0:0:0:2, 1:0:0:0:0, 3:0:0:0:0, 2:0:0:0:0, 1:0:0:0:0, 1:0:1:0:1, 4:0:0:0:0, 3:0:0:0:0, 1:0:0:0:0, 2:0:0:0:0, 1:0:0:0:0, 1:0:0:0:0, 3:0:0:0:0, 0:0:0:0:0, 1:0:0:0:0, 2:0:0:0:1, 2:0:0:0:1, 1:0:0:0:0, 1:0:0:0:0, 2:0:0:0:0, 1:0:0:0:0, 2:0:0:0:0, 2:0:0:0:1, 1:0:0:0:0, 1:0:0:0:0, 1:0:0:0:0, 1:0:0:0:2, 2:0:0:0:0, 1:0:0:0:0, 0:0:0:0:0, 1:0:0:0:0, 2:0:0:0:0, 1:0:0:0:0, 1:0:0:0:0, 1:0:0:0:0, 1:1:0:0:1, 1:0:0:0:1, 2:0:0:0:0, 2:0:0:0:1, 0:0:0:0:0, 2:0:0:0:0, 1:0:0:0:0, 2:0:0:0:0, 3:0:0:0:0, 1:0:0:0:0, 2:0:0:0:0, 0:0:0:0:0, 3:0:0:0:2, 0:0:0:0:0, 3:0:0:0:2, 1:0:0:0:0, 0:0:0:0:0, 0:0:0:0:0, 0:0:0:0:0, 0:0:0:0:0, 0:0:0:0:0, 240:10:6:0:48
D aeolian (2#), 0:0:0:0:0, 2:0:0:0:1, 2:0:0:0:0, 2:2:0:0:0, 2:0:0:0:0, 2:2:0:0:0, 2:1:0:0:1, 1:0:0:0:0, 3:3:0:0:3, 2:1:0:0:1, 2:0:0:0:0, 3:3:0:0:1, 2:0:0:0:1, 2:0:0:0:1, 2:0:0:0:0, 2:2:0:0:0, 3:0:0:0:0, 2:3:0:0:0, 2:1:0:0:1, 1:0:0:0:0, 2:3:0:0:3, 3:1:0:0:1, 2:0:0:0:1, 3:3:0:0:1, 1:0:0:0:0, 2:1:0:0:1, 3:1:0:0:0, 3:0:0:0:0, 1:0:0:0:0, 2:3:0:0:1, 4:3:1:0:1, 4:0:0:0:0, 2:1:0:0:0, 3:1:0:0:1, 1:0:0:0:0, 2:0:0:0:0, 2:0:0:0:0, 2:0:0:0:0, 3:0:0:0:1, 2:1:0:0:0, 2:0:0:0:0, 4:2:1:0:1, 4:3:1:0:1, 3:0:0:0:0, 2:1:0:0:0, 3:1:0:0:1, 1:0:0:0:0, 2:0:0:0:0, 1:0:0:0:0, 2:1:0:0:0, 4:1:0:0:2, 2:1:0:0:0, 2:0:0:0:0, 3:2:1:0:1, 3:2:0:0:0, 3:1:0:0:1, 2:0:2:0:2, 3:1:0:0:1, 1:0:0:0:0, 2:0:0:0:0, 1:0:0:0:0, 2:0:0:0:0, 3:0:0:0:1, 4:0:0:0:2, 3:1:0:0:1, 3:2:0:0:0, 4:1:0:0:1, 3:0:0:0:0, 4:2:0:0:2, 3:1:0:0:1, 2:0:0:0:1, 3:1:0:0:0, 1:0:0:0:0, 2:1:0:0:0, 4:1:0:0:2, 3:0:0:0:0, 2:0:0:0:0, 2:3:0:0:1, 4:1:0:0:1, 2:1:0:0:0, 2:0:0:0:0, 3:1:0:0:1, 3:0:0:0:1, 3:1:0:0:0, 1:0:0:0:0, 2:0:0:0:0, 4:0:0:0:1, 3:0:0:0:1, 4:0:0:0:0, 2:4:0:0:0, 2:1:0:0:0, 2:1:0:0:0, 4:0:2:0:3, 4:1:0:0:2, 1:0:0:0:0, 3:0:0:0:0, 2:0:0:0:1, 3:1:0:0:1, 4:1:1:0:3, 3:0:0:0:2, 2:0:0:0:0, 3:2:1:0:2, 4:1:1:0:1, 3:1:0:0:1, 3:0:0:0:0, 4:1:0:0:2, 1:0:0:0:0, 4:0:0:0:0, 1:0:0:0:0, 2:1:0:0:0, 4:1:0:0:2, 3:0:0:0:0, 2:0:0:0:0, 2:3:0:0:1, 4:1:0:0:1, 2:1:0:0:0, 2:0:0:0:0, 4:1:0:0:1, 3:0:0:0:1, 3:1:0:0:0, 1:0:0:0:0, 2:0:0:0:0, 4:0:0:0:1, 3:0:0:0:1, 4:0:0:0:0, 2:4:0:0:0, 2:1:0:0:0, 2:1:0:0:0, 4:0:2:0:3, 4:1:0:0:2, 1:0:0:0:0, 3:0:0:0:0, 2:0:0:0:1, 3:1:0:0:1, 4:1:1:0:3, 3:0:0:0:2, 2:0:2:0:2, 4:2:1:0:2, 4:1:1:0:1, 3:1:0:0:1, 3:0:0:0:0, 4:1:0:0:2, 1:0:0:0:0, 4:0:0:0:0, 1:0:0:0:0, 2:1:0:0:0, 4:1:0:0:2, 3:0:0:0:0, 1:0:0:0:0, 2:3:0:0:1, 2:2:0:0:0, 3:1:0:0:0, 2:0:0:0:0, 3:1:0:0:1, 1:0:0:0:0, 2:0:0:0:0, 2:0:0:0:1, 2:0:0:0:0, 3:0:0:0:1, 2:0:0:0:2, 2:0:0:0:0, 3:3:0:0:0, 2:3:0:0:1, 2:1:0:0:0, 3:1:0:0:1, 4:1:0:0:1, 1:0:0:0:0, 2:1:0:0:1, 1:0:0:0:0, 1:0:0:0:1, 2:2:0:0:0, 1:0:0:0:0, 1:0:0:0:0, 2:3:0:0:0, 1:0:0:0:0, 1:0:0:0:0, 1:0:0:0:0, 1:0:0:0:0, 436:130:18:0:107
Bb locrian (2b), 0:0:0:0:0, 0:0:0:0:0, 1:0:0:0:0, 0:0:0:0:0, 2:0:0:0:1, 0:0:0:0:0, 1:0:0:0:0, 0:0:0:0:0, 2:0:0:0:0, 2:0:0:0:0, 1:0:0:0:0, 2:0:0:0:0, 0:0:0:0:0, 0:0:0:0:0, 1:0:0:0:0, 0:0:0:0:0, 3:0:0:0:0, 0:0:0:0:0, 3:0:0:0:0, 0:0:0:0:0, 1:0:0:0:0, 2:0:0:0:0, 0:0:0:0:0, 2:0:0:0:0, 0:0:0:0:0, 1:0:0:0:0, 0:0:0:0:0, 1:0:0:0:0, 1:0:0:0:2, 2:0:0:0:0, 2:0:0:0:1, 2:1:0:0:1, 1:0:1:0:1, 2:0:0:0:0, 2:0:0:0:0, 1:0:0:0:0, 1:0:0:0:0, 2:1:0:0:1, 1:0:0:0:1, 1:0:0:0:0, 1:0:0:0:2, 2:0:0:0:0, 2:0:1:0:0, 1:0:0:0:0, 1:0:1:0:1, 2:0:0:0:0, 2:0:0:0:0, 1:0:0:0:0, 1:0:0:0:0, 1:0:0:0:0, 1:0:0:0:0, 1:0:0:0:0, 1:0:0:0:1, 1:0:0:0:0, 2:1:0:0:2, 2:0:0:0:0, 1:0:0:0:0, 3:0:0:0:1, 1:0:0:0:0, 1:0:0:0:0, 1:0:0:0:0, 1:1:0:0:1, 1:0:0:0:1, 2:0:0:0:0, 2:0:0:0:1, 3:0:0:0:0, 1:0:0:0:0, 1:0:0:0:0, 2:0:1:0:1, 3:0:0:0:2, 1:0:0:0:0, 1:0:0:0:0, 2:0:0:0:0, 1:0:0:0:0, 1:0:0:0:0, 1:0:0:0:0, 1:1:0:0:1, 1:0:0:0:0, 1:0:0:0:0, 1:0:0:0:1, 1:0:0:0:0, 2:0:0:0:0, 2:0:0:0:0, 1:0:0:0:0, 3:0:0:0:0, 1:1:0:0:1, 1:0:0:0:1, 1:0:0:0:0, 3:0:0:0:0, 2:0:0:0:0, 0:0:0:0:0, 2:1:1:0:2, 4:0:0:0:0, 3:0:0:0:0, 1:0:0:0:0, 2:0:0:0:0, 1:0:0:0:0, 1:0:0:0:0, 3:0:0:0:0, 0:0:0:0:0, 2:0:0:0:1, 1:0:0:0:0, 2:0:0:0:1, 1:0:0:0:0, 1:0:0:0:0, 2:0:0:0:0, 1:0:0:0:0, 2:0:0:0:0, 2:0:0:0:1, 1:0:0:0:0, 1:0:0:0:0, 1:0:0:0:0, 1:1:0:0:1, 1:0:0:0:0, 1:0:0:0:0, 1:0:0:0:1, 1:0:0:0:0, 3:0:0:0:0, 2:0:0:0:0, 1:0:0:0:0, 3:0:0:0:0, 1:1:0:0:1, 1:0:0:0:2, 1:0:0:0:0, 3:0:0:0:0, 2:0:0:0:0, 1:0:0:0:0, 1:0:1:0:1, 4:0:0:0:0, 3:0:0:0:0, 1:0:0:0:0, 2:0:0:0:0, 1:0:0:0:0, 1:0:0:0:0, 3:0:0:0:0, 0:0:0:0:0, 1:0:0:0:0, 2:0:0:0:1, 2:0:0:0:1, 1:0:0:0:0, 1:0:0:0:0, 2:0:0:0:0, 1:0:0:0:0, 2:0:0:0:0, 2:0:0:0:1, 1:0:0:0:0, 1:0:0:0:0, 1:0:0:0:0, 1:0:0:0:2, 2:0:0:0:0, 1:0:0:0:0, 0:0:0:0:0, 1:0:0:0:0, 2:0:0:0:0, 1:0:0:0:0, 1:0:0:0:0, 1:0:0:0:0, 1:1:0:0:1, 1:0:0:0:1, 2:0:0:0:0, 2:0:0:0:1, 0:0:0:0:0, 2:0:0:0:0, 1:0:0:0:0, 2:0:0:0:0, 3:0:0:0:0, 1:0:0:0:0, 2:0:0:0:0, 0:0:0:0:0, 3:0:0:0:2, 0:0:0:0:0, 3:0:0:0:2, 1:0:0:0:0, 0:0:0:0:0, 0:0:0:0:0, 0:0:0:0:0, 0:0:0:0:0, 0:0:0:0:0, 240:10:6:0:48
D locrian (2#), 0:0:0:0:0, 2:0:0:0:1, 2:0:0:0:0, 2:2:0:0:0, 2:0:0:0:0, 2:2:0:0:0, 2:1:0:0:1, 1:0:0:0:0, 3:3:0:0:3, 2:1:0:0:1, 2:0:0:0:0, 3:3:0:0:1, 2:0:0:0:1, 2:0:0:0:1, 2:0:0:0:0, 2:2:0:0:0, 3:0:0:0:0, 2:3:0:0:0, 2:1:0:0:1, 1:0:0:0:0, 2:3:0:0:3, 3:1:0:0:1, 2:0:0:0:1, 3:3:0:0:1, 1:0:0:0:0, 2:1:0:0:1, 3:1:0:0:0, 3:0:0:0:0, 1:0:0:0:0, 2:3:0:0:1, 4:3:1:0:1, 4:0:0:0:0, 2:1:0:0:0, 3:1:0:0:1, 1:0:0:0:0, 2:0:0:0:0, 2:0:0:0:0, 2:0:0:0:0, 3:0:0:0:1, 2:1:0:0:0, 2:0:0:0:0, 4:2:1:0:1, 4:3:1:0:1, 3:0:0:0:0, 2:1:0:0:0, 3:1:0:0:1, 1:0:0:0:0, 2:0:0:0:0, 1:0:0:0:0, 2:1:0:0:0, 4:1:0:0:2, 2:1:0:0:0, 2:0:0:0:0, 3:2:1:0:1, 3:2:0:0:0, 3:1:0:0:1, 2:0:2:0:2, 3:1:0:0:1, 1:0:0:0:0, 2:0:0:0:0, 1:0:0:0:0, 2:0:0:0:0, 3:0:0:0:1, 4:0:0:0:2, 3:1:0:0:1, 3:2:0:0:0, 4:1:0:0:1, 3:0:0:0:0, 4:2:0:0:2, 3:1:0:0:1, 2:0:0:0:1, 3:1:0:0:0, 1:0:0:0:0, 2:1:0:0:0, 4:1:0:0:2, 3:0:0:0:0, 2:0:0:0:0, 2:3:0:0:1, 4:1:0:0:1, 2:1:0:0:0, 2:0:0:0:0, 3:1:0:0:1, 3:0:0:0:1, 3:1:0:0:0, 1:0:0:0:0, 2:0:0:0:0, 4:0:0:0:1, 3:0:0:0:1, 4:0:0:0:0, 2:4:0:0:0, 2:1:0:0:0, 2:1:0:0:0, 4:0:2:0:3, 4:1:0:0:2, 1:0:0:0:0, 3:0:0:0:0, 2:0:0:0:1, 3:1:0:0:1, 4:1:1:0:3, 3:0:0:0:2, 2:0:0:0:0, 3:2:1:0:2, 4:1:1:0:1, 3:1:0:0:1, 3:0:0:0:0, 4:1:0:0:2, 1:0:0:0:0, 4:0:0:0:0, 1:0:0:0:0, 2:1:0:0:0, 4:1:0:0:2, 3:0:0:0:0, 2:0:0:0:0, 2:3:0:0:1, 4:1:0:0:1, 2:1:0:0:0, 2:0:0:0:0, 4:1:0:0:1, 3:0:0:0:1, 3:1:0:0:0, 1:0:0:0:0, 2:0:0:0:0, 4:0:0:0:1, 3:0:0:0:1, 4:0:0:0:0, 2:4:0:0:0, 2:1:0:0:0, 2:1:0:0:0, 4:0:2:0:3, 4:1:0:0:2, 1:0:0:0:0, 3:0:0:0:0, 2:0:0:0:1, 3:1:0:0:1, 4:1:1:0:3, 3:0:0:0:2, 2:0:2:0:2, 4:2:1:0:2, 4:1:1:0:1, 3:1:0:0:1, 3:0:0:0:0, 4:1:0:0:2, 1:0:0:0:0, 4:0:0:0:0, 1:0:0:0:0, 2:1:0:0:0, 4:1:0:0:2, 3:0:0:0:0, 1:0:0:0:0, 2:3:0:0:1, 2:2:0:0:0, 3:1:0:0:0, 2:0:0:0:0, 3:1:0:0:1, 1:0:0:0:0, 2:0:0:0:0, 2:0:0:0:1, 2:0:0:0:0, 3:0:0:0:1, 2:0:0:0:2, 2:0:0:0:0, 3:3:0:0:0, 2:3:0:0:1, 2:1:0:0:0, 3:1:0:0:1, 4:1:0:0:1, 1:0:0:0:0, 2:1:0:0:1, 1:0:0:0:0, 1:0:0:0:1, 2:2:0:0:0, 1:0:0:0:0, 1:0:0:0:0, 2:3:0:0:0, 1:0:0:0:0, 1:0:0:0:0, 1:0:0:0:0, 1:0:0:0:0, 436:130:18:0:107
Eb major (3b), 0:0:0:0:0, 0:0:0:0:0, 1:0:0:0:0, 0:0:0:0:0, 1:0:0:0:1, 0:0:0:0:0, 1:0:0:0:0, 0:0:0:0:0, 1:0:0:0:0, 1:0:0:0:0, 2:0:0:0:1, 2:0:0:0:1, 0:0:0:0:0, 0:0:0:0:0, 1:0:0:0:0, 0:0:0:0:0, 2:0:0:0:0, 0:0:0:0:0, 3:0:0:0:1, 0:0:0:0:0, 0:0:0:0:0, 1:0:0:0:0, 0:0:0:0:0, 2:0:0:0:1, 0:0:0:0:0, 0:0:0:0:0, 0:0:0:0:0, 0:0:0:0:0, 2:0:0:0:2, 1:0:0:0:0, 2:0:0:0:1, 1:1:0:0:1, 1:0:1:0:0, 1:0:0:0:0, 2:0:0:0:1, 0:0:0:0:0, 1:0:0:0:0, 2:0:0:0:0, 1:0:0:0:1, 1:0:0:0:0, 2:0:0:0:2, 1:0:0:0:0, 1:0:1:0:0, 0:0:0:0:0, 1:0:1:0:0, 1:0:0:0:0, 2:0:0:0:1, 0:0:0:0:0, 1:0:0:0:0, 1:0:0:0:0, 0:0:0:0:0, 1:0:0:0:0, 2:0:0:0:1, 1:0:0:0:0, 2:0:0:0:1, 1:0:0:0:1, 1:0:0:0:0, 2:0:0:0:1, 2:0:0:0:1, 0:0:0:0:0, 1:0:0:0:0, 1:0:0:0:0, 1:0:0:0:1, 2:0:0:0:1, 2:0:0:0:1, 2:0:0:0:0, 1:0:0:0:0, 0:0:0:0:0, 1:0:1:0:0, 2:0:0:0:2, 1:0:0:0:0, 0:0:0:0:0, 2:0:0:0:1, 1:0:0:0:0, 0:0:0:0:0, 0:0:0:0:0, 2:1:0:0:1, 2:0:0:0:0, 1:0:0:0:0, 1:0:0:0:1, 1:0:0:0:1, 1:0:0:0:0, 1:0:0:0:1, 0:0:0:0:0, 3:0:0:0:1, 1:0:0:0:0, 2:0:0:0:1, 2:0:0:0:1, 2:0:0:0:0, 1:0:0:0:1, 0:0:0:0:0, 2:1:1:0:1, 3:0:0:0:1, 2:0:0:0:1, 2:0:0:0:3, 1:0:0:0:0, 1:0:0:0:0, 0:0:0:0:0, 2:0:0:0:1, 0:0:0:0:0, 2:0:0:0:1, 1:0:0:0:0, 2:0:0:0:1, 0:0:0:0:0, 0:0:0:0:0, 1:0:0:0:0, 1:0:0:0:1, 1:0:0:0:0, 2:0:0:0:1, 1:0:0:0:0, 0:0:0:0:0, 0:0:0:0:0, 2:1:0:0:1, 2:0:0:0:0, 1:0:0:0:0, 1:0:0:0:1, 1:0:0:0:1, 2:0:0:0:0, 1:0:0:0:1, 0:0:0:0:0, 3:0:0:0:1, 1:0:0:0:0, 2:0:0:0:2, 2:0:0:0:1, 2:0:0:0:0, 1:0:0:0:1, 1:0:0:0:1, 1:0:1:0:0, 3:0:0:0:1, 2:0:0:0:1, 2:0:0:0:3, 1:0:0:0:0, 1:0:0:0:0, 0:0:0:0:0, 2:0:0:0:1, 0:0:0:0:0, 1:0:0:0:0, 2:0:0:0:1, 2:0:0:0:1, 0:0:0:0:0, 0:0:0:0:0, 1:0:0:0:0, 1:0:0:0:1, 1:0:0:0:0, 2:0:0:0:1, 1:0:0:0:0, 0:0:0:0:0, 0:0:0:0:0, 1:0:0:0:2, 1:0:0:0:0, 2:0:0:0:1, 0:0:0:0:0, 1:0:0:0:1, 1:0:0:0:0, 2:0:0:0:0, 0:0:0:0:0, 1:0:0:0:1, 1:0:0:0:0, 1:0:0:0:1, 2:0:0:0:1, 3:0:0:0:1, 1:0:0:0:0, 1:0:0:0:0, 1:0:0:0:0, 1:0:0:0:1, 2:0:0:0:0, 2:0:0:0:1, 1:0:0:0:0, 0:0:0:0:0, 3:0:0:0:2, 0:0:0:0:0, 3:0:0:0:3, 1:0:0:0:1, 0:0:0:0:0, 0:0:0:0:0, 0:0:0:0:0, 0:0:0:0:0, 0:0:0:0:0, 193:4:6:0:80
A major (3#), 1:0:0:0:0, 2:0:0:0:0, 2:0:0:0:0, 3:2:0:0:0, 1:0:0:0:0, 2:2:0:0:0, 2:1:0:0:1, 2:0:0:0:0, 3:1:0:0:1, 1:1:0:0:1, 2:0:0:0:0, 3:3:0:0:1, 2:0:0:0:0, 2:0:0:0:0, 2:0:0:0:0, 3:2:0:0:0, 2:0:0:0:0, 3:3:0:0:0, 2:1:0:0:1, 2:0:0:0:0, 2:1:0:0:1, 2:1:0:0:1, 2:0:0:0:0, 3:3:0:0:1, 1:0:0:0:0, 3:1:0:0:1, 3:1:0:0:1, 4:0:0:0:0, 1:0:0:0:0, 2:2:0:0:0, 4:3:1:0:1, 5:0:0:0:0, 2:1:0:0:1, 2:1:0:0:1, 2:0:0:0:0, 1:0:0:0:0, 3:0:0:0:0, 3:0:0:0:0, 4:0:0:0:1, 2:1:0:0:1, 3:0:0:0:0, 3:2:1:0:1, 3:3:1:0:1, 4:0:0:0:0, 2:1:0:0:1, 2:1:0:0:1, 2:0:0:0:0, 1:0:0:0:0, 2:0:0:0:0, 2:1:0:0:1, 4:0:0:0:1, 2:1:0:0:1, 2:0:0:0:0, 3:2:1:0:1, 2:2:0:0:0, 3:0:0:0:0, 2:0:2:0:2, 2:1:0:0:1, 2:0:0:0:0, 1:0:0:0:0, 2:0:0:0:0, 3:0:0:0:0, 3:0:0:0:1, 4:0:0:0:0, 3:1:0:0:1, 2:2:0:0:0, 4:1:0:0:0, 4:0:0:0:0, 4:1:0:0:2, 2:1:0:0:1, 3:0:0:0:1, 2:1:0:0:1, 2:0:0:0:0, 2:1:0:0:1, 4:0:0:0:1, 4:0:0:0:0, 3:0:0:0:0, 2:2:0:0:0, 4:1:0:0:0, 2:1:0:0:1, 2:0:0:0:0, 2:1:0:0:1, 4:0:0:0:1, 2:1:0:0:1, 2:0:0:0:0, 3:0:0:0:0, 4:0:0:0:1, 4:0:0:0:0, 3:0:0:0:0, 3:4:0:0:0, 3:1:0:0:0, 3:1:0:0:1, 3:0:2:0:3, 3:1:0:0:2, 2:0:0:0:0, 2:0:0:0:0, 3:0:0:0:1, 3:0:0:0:0, 4:0:1:0:2, 4:0:0:0:0, 2:0:0:0:0, 3:2:1:0:1, 5:1:1:0:1, 3:0:0:0:0, 2:0:0:0:0, 3:1:0:0:2, 2:0:0:0:0, 3:0:0:0:0, 2:0:0:0:0, 2:1:0:0:1, 4:0:0:0:1, 4:0:0:0:0, 3:0:0:0:0, 2:2:0:0:0, 4:1:0:0:0, 2:1:0:0:1, 2:0:0:0:0, 3:1:0:0:1, 4:0:0:0:1, 2:1:0:0:1, 2:0:0:0:0, 3:0:0:0:0, 4:0:0:0:1, 4:0:0:0:0, 3:0:0:0:0, 3:4:0:0:0, 3:1:0:0:0, 3:1:0:0:1, 3:0:2:0:3, 3:1:0:0:2, 2:0:0:0:0, 2:0:0:0:0, 3:0:0:0:1, 3:0:0:0:0, 4:0:1:0:2, 4:0:0:0:0, 2:0:2:0:2, 4:2:1:0:1, 5:1:1:0:1, 3:0:0:0:0, 2:0:0:0:0, 3:1:0:0:2, 2:0:0:0:0, 3:0:0:0:0, 2:0:0:0:0, 2:1:0:0:1, 4:0:0:0:1, 4:0:0:0:0, 2:0:0:0:0, 2:2:0:0:0, 2:2:0:0:0, 3:1:0:0:1, 2:0:0:0:0, 2:1:0:0:1, 2:0:0:0:0, 1:0:0:0:0, 3:0:0:0:1, 3:0:0:0:0, 3:0:0:0:1, 2:0:0:0:0, 3:0:0:0:0, 4:3:0:0:0, 2:2:0:0:0, 2:1:0:0:1, 3:0:0:0:0, 3:1:0:0:1, 2:0:0:0:0, 1:1:0:0:1, 2:0:0:0:0, 1:0:0:0:1, 2:2:0:0:0, 1:0:0:0:0, 1:0:0:0:0, 2:3:0:0:0, 1:0:0:0:0, 1:0:0:0:0, 1:0:0:0:0, 1:0:0:0:0, 460:108:18:0:85
C minor (3b), 0:0:0:0:0, 0:0:0:0:0, 1:0:0:0:0, 0:0:0:0:0, 1:0:0:0:1, 0:0:0:0:0, 1:0:0:0:0, 0:0:0:0:0, 1:0:0:0:0, 1:0:0:0:0, 2:0:0:0:1, 2:0:0:0:1, 0:0:0:0:0, 0:0:0:0:0, 1:0:0:0:0, 0:0:0:0:0, 2:0:0:0:0, 0:0:0:0:0, 3:0:0:0:1, 0:0:0:0:0, 0:0:0:0:0, 1:0:0:0:0, 0:0:0:0:0, 2:0:0:0:1, 0:0:0:0:0, 0:0:0:0:0, 0:0:0:0:0, 0:0:0:0:0, 2:0:0:0:2, 1:0:0:0:0, 2:0:0:0:1, 1:1:0:0:1, 1:0:1:0:0, 1:0:0:0:0, 2:0:0:0:1, 0:0:0:0:0, 1:0:0:0:0, 2:0:0:0:0, 1:0:0:0:1, 1:0:0:0:0, 2:0:0:0:2, 1:0:0:0:0, 1:0:1:0:0, 0:0:0:0:0, 1:0:1:0:0, 1:0:0:0:0, 2:0:0:0:1, 0:0:0:0:0, 1:0:0:0:0, 1:0:0:0:0, 0:0:0:0:0, 1:0:0:0:0, 2:0:0:0:1, 1:0:0:0:0, 2:0:0:0:1, 1:0:0:0:1, 1:0:0:0:0, 2:0:0:0:1, 2:0:0:0:1, 0:0:0:0:0, 1:0:0:0:0, 1:0:0:0:0, 1:0:0:0:1, 2:0:0:0:1, 2:0:0:0:1, 2:0:0:0:0, 1:0:0:0:0, 0:0:0:0:0, 1:0:1:0:0, 2:0:0:0:2, 1:0:0:0:0, 0:0:0:0:0, 2:0:0:0:1, 1:0:0:0:0, 0:0:0:0:0, 0:0:0:0:0, 2:1:0:0:1, 2:0:0:0:0, 1:0:0:0:0, 1:0:0:0:1, 1:0:0:0:1, 1:0:0:0:0, 1:0:0:0:1, 0:0:0:0:0, 3:0:0:0:1, 1:0:0:0:0, 2:0:0:0:1, 2:0:0:0:1, 2:0:0:0:0, 1:0:0:0:1, 0:0:0:0:0, 2:1:1:0:1, 3:0:0:0:1, 2:0:0:0:1, 2:0:0:0:3, 1:0:0:0:0, 1:0:0:0:0, 0:0:0:0:0, 2:0:0:0:1, 0:0:0:0:0, 2:0:0:0:1, 1:0:0:0:0, 2:0:0:0:1, 0:0:0:0:0, 0:0:0:0:0, 1:0:0:0:0, 1:0:0:0:1, 1:0:0:0:0, 2:0:0:0:1, 1:0:0:0:0, 0:0:0:0:0, 0:0:0:0:0, 2:1:0:0:1, 2:0:0:0:0, 1:0:0:0:0, 1:0:0:0:1, 1:0:0:0:1, 2:0:0:0:0, 1:0:0:0:1, 0:0:0:0:0, 3:0:0:0:1, 1:0:0:0:0, 2:0:0:0:2, 2:0:0:0:1, 2:0:0:0:0, 1:0:0:0:1, 1:0:0:0:1, 1:0:1:0:0, 3:0:0:0:1, 2:0:0:0:1, 2:0:0:0:3, 1:0:0:0:0, 1:0:0:0:0, 0:0:0:0:0, 2:0:0:0:1, 0:0:0:0:0, 1:0:0:0:0, 2:0:0:0:1, 2:0:0:0:1, 0:0:0:0:0, 0:0:0:0:0, 1:0:0:0:0, 1:0:0:0:1, 1:0:0:0:0, 2:0:0:0:1, 1:0:0:0:0, 0:0:0:0:0, 0:0:0:0:0, 1:0:0:0:2, 1:0:0:0:0, 2:0:0:0:1, 0:0:0:0:0, 1:0:0:0:1, 1:0:0:0:0, 2:0:0:0:0, 0:0:0:0:0, 1:0:0:0:1, 1:0:0:0:0, 1:0:0:0:1, 2:0:0:0:1, 3:0:0:0:1, 1:0:0:0:0, 1:0:0:0:0, 1:0:0:0:0, 1:0:0:0:1, 2:0:0:0:0, 2:0:0:0:1, 1:0:0:0:0, 0:0:0:0:0, 3:0:0:0:2, 0:0:0:0:0, 3:0:0:0:3, 1:0:0:0:1, 0:0:0:0:0, 0:0:0:0:0, 0:0:0:0:0, 0:0:0:0:0, 0:0:0:0:0, 193:4:6:0:80
F# minor (3#), 1:0:0:0:0, 2:0:0:0:0, 2:0:0:0:0, 3:2:0:0:0, 1:0:0:0:0, 2:2:0:0:0, 2:1:0:0:1, 2:0:0:0:0, 3:1:0:0:1, 1:1:0:0:1, 2:0:0:0:0, 3:3:0:0:1, 2:0:0:0:0, 2:0:0:0:0, 2:0:0:0:0, 3:2:0:0:0, 2:0:0:0:0, 3:3:0:0:0, 2:1:0:0:1, 2:0:0:0:0, 2:1:0:0:1, 2:1:0:0:1, 2:0:0:0:0, 3:3:0:0:1, 1:0:0:0:0, 3:1:0:0:1, 3:1:0:0:1, 4:0:0:0:0, 1:0:0:0:0, 2:2:0:0:0, 4:3:1:0:1, 5:0:0:0:0, 2:1:0:0:1, 2:1:0:0:1, 2:0:0:0:0, 1:0:0:0:0, 3:0:0:0:0, 3:0:0:0:0, 4:0:0:0:1, 2:1:0:0:1, 3:0:0:0:0, 3:2:1:0:1, 3:3:1:0:1, 4:0:0:0:0, 2:1:0:0:1, 2:1:0:0:1, 2:0:0:0:0, 1:0:0:0:0, 2:0:0:0:0, 2:1:0:0:1, 4:0:0:0:1, 2:1:0:0:1, 2:0:0:0:0, 3:2:1:0:1, 2:2:0:0:0, 3:0:0:0:0, 2:0:2:0:2, 2:1:0:0:1, 2:0:0:0:0, 1:0:0:0:0, 2:0:0:0:0, 3:0:0:0:0, 3:0:0:0:1, 4:0:0:0:0, 3:1:0:0:1, 2:2:0:0:0, 4:1:0:0:0, 4:0:0:0:0, 4:1:0:0:2, 2:1:0:0:1, 3:0:0:0:1, 2:1:0:0:1, 2:0:0:0:0, 2:1:0:0:1, 4:0:0:0:1, 4:0:0:0:0, 3:0:0:0:0, 2:2:0:0:0, 4:1:0:0:0, 2:1:0:0:1, 2:0:0:0:0, 2:1:0:0:1, 4:0:0:0:1, 2:1:0:0:1, 2:0:0:0:0, 3:0:0:0:0, 4:0:0:0:1, 4:0:0:0:0, 3:0:0:0:0, 3:4:0:0:0, 3:1:0:0:0, 3:1:0:0:1, 3:0:2:0:3, 3:1:0:0:2, 2:0:0:0:0, 2:0:0:0:0, 3:0:0:0:1, 3:0:0:0:0, 4:0:1:0:2, 4:0:0:0:0, 2:0:0:0:0, 3:2:1:0:1, 5:1:1:0:1, 3:0:0:0:0, 2:0:0:0:0, 3:1:0:0:2, 2:0:0:0:0, 3:0:0:0:0, 2:0:0:0:0, 2:1:0:0:1, 4:0:0:0:1, 4:0:0:0:0, 3:0:0:0:0, 2:2:0:0:0, 4:1:0:0:0, 2:1:0:0:1, 2:0:0:0:0, 3:1:0:0:1, 4:0:0:0:1, 2:1:0:0:1, 2:0:0:0:0, 3:0:0:0:0, 4:0:0:0:1, 4:0:0:0:0, 3:0:0:0:0, 3:4:0:0:0, 3:1:0:0:0, 3:1:0:0:1, 3:0:2:0:3, 3:1:0:0:2, 2:0:0:0:0, 2:0:0:0:0, 3:0:0:0:1, 3:0:0:0:0, 4:0:1:0:2, 4:0:0:0:0, 2:0:2:0:2, 4:2:1:0:1, 5:1:1:0:1, 3:0:0:0:0, 2:0:0:0:0, 3:1:0:0:2, 2:0:0:0:0, 3:0:0:0:0, 2:0:0:0:0, 2:1:0:0:1, 4:0:0:0:1, 4:0:0:0:0, 2:0:0:0:0, 2:2:0:0:0, 2:2:0:0:0, 3:1:0:0:1, 2:0:0:0:0, 2:1:0:0:1, 2:0:0:0:0, 1:0:0:0:0, 3:0:0:0:1, 3:0:0:0:0, 3:0:0:0:1, 2:0:0:0:0, 3:0:0:0:0, 4:3:0:0:0, 2:2:0:0:0, 2:1:0:0:1, 3:0:0:0:0, 3:1:0:0:1, 2:0:0:0:0, 1:1:0:0:1, 2:0:0:0:0, 1:0:0:0:1, 2:2:0:0:0, 1:0:0:0:0, 1:0:0:0:0, 2:3:0:0:0, 1:0:0:0:0, 1:0:0:0:0, 1:0:0:0:0, 1:0:0:0:0, 460:108:18:0:85
C minor mel (3b), 0:0:0:0:0, 0:0:0:0:0, 1:0:0:0:0, 0:0:0:0:0, 1:0:0:0:1, 0:0:0:0:0, 1:0:0:0:0, 0:0:0:0:0, 1:0:0:0:0, 1:0:0:0:0, 2:0:0:0:1, 2:0:0:0:1, 0:0:0:0:0, 0:0:0:0:0, 1:0:0:0:0, 0:0:0:0:0, 2:0:0:0:0, 0:0:0:0:0, 3:0:0:0:1, 0:0:0:0:0, 0:0:0:0:0, 1:0:0:0:0, 0:0:0:0:0, 2:0:0:0:1, 0:0:0:0:0, 0:0:0:0:0, 0:0:0:0:0, 0:0:0:0:0, 2:0:0:0:2, 1:0:0:0:0, 2:0:0:0:1, 1:1:0:0:1, 1:0:1:0:0, 1:0:0:0:0, 2:0:0:0:1, 0:0:0:0:0, 1:0:0:0:0, 2:0:0:0:0, 1:0:0:0:1, 1:0:0:0:0, 2:0:0:0:2, 1:0:0:0:0, 1:0:1:0:0, 0:0:0:0:0, 1:0:1:0:0, 1:0:0:0:0, 2:0:0:0:1, 0:0:0:0:0, 1:0:0:0:0, 1:0:0:0:0, 0:0:0:0:0, 1:0:0:0:0, 2:0:0:0:1, 1:0:0:0:0, 2:0:0:0:1, 1:0:0:0:1, 1:0:0:0:0, 2:0:0:0:1, 2:0:0:0:1, 0:0:0:0:0, 1:0:0:0:0, 1:0:0:0:0, 1:0:0:0:1, 2:0:0:0:1, 2:0:0:0:1, 2:0:0:0:0, 1:0:0:0:0, 0:0:0:0:0, 1:0:1:0:0, 2:0:0:0:2, 1:0:0:0:0, 0:0:0:0:0, 2:0:0:0:1, 1:0:0:0:0, 0:0:0:0:0, 0:0:0:0:0, 2:1:0:0:1, 2:0:0:0:0, 1:0:0:0:0, 1:0:0:0:1, 1:0:0:0:1, 1:0:0:0:0, 1:0:0:0:1, 0:0:0:0:0, 3:0:0:0:1, 1:0:0:0:0, 2:0:0:0:1, 2:0:0:0:1, 2:0:0:0:0, 1:0:0:0:1, 0:0:0:0:0, 2:1:1:0:1, 3:0:0:0:1, 2:0:0:0:1, 2:0:0:0:3, 1:0:0:0:0, 1:0:0:0:0, 0:0:0:0:0, 2:0:0:0:1, 0:0:0:0:0, 2:0:0:0:1, 1:0:0:0:0, 2:0:0:0:1, 0:0:0:0:0, 0:0:0:0:0, 1:0:0:0:0, 1:0:0:0:1, 1:0:0:0:0, 2:0:0:0:1, 1:0:0:0:0, 0:0:0:0:0, 0:0:0:0:0, 2:1:0:0:1, 2:0:0:0:0, 1:0:0:0:0, 1:0:0:0:1, 1:0:0:0:1, 2:0:0:0:0, 1:0:0:0:1, 0:0:0:0:0, 3:0:0:0:1, 1:0:0:0:0, 2:0:0:0:2, 2:0:0:0:1, 2:0:0:0:0, 1:0:0:0:1, 1:0:0:0:1, 1:0:1:0:0, 3:0:0:0:1, 2:0:0:0:1, 2:0:0:0:3, 1:0:0:0:0, 1:0:0:0:0, 0:0:0:0:0, 2:0:0:0:1, 0:0:0:0:0, 1:0:0:0:0, 2:0:0:0:1, 2:0:0:0:1, 0:0:0:0:0, 0:0:0:0:0, 1:0:0:0:0, 1:0:0:0:1, 1:0:0:0:0, 2:0:0:0:1, 1:0:0:0:0, 0:0:0:0:0, 0:0:0:0:0, 1:0:0:0:2, 1:0:0:0:0, 2:0:0:0:1, 0:0:0:0:0, 1:0:0:0:1, 1:0:0:0:0, 2:0:0:0:0, 0:0:0:0:0, 1:0:0:0:1, 1:0:0:0:0, 1:0:0:0:1, 2:0:0:0:1, 3:0:0:0:1, 1:0:0:0:0, 1:0:0:0:0, 1:0:0:0:0, 1:0:0:0:1, 2:0:0:0:0, 2:0:0:0:1, 1:0:0:0:0, 0:0:0:0:0, 3:0:0:0:2, 0:0:0:0:0, 3:0:0:0:3, 1:0:0:0:1, 0:0:0:0:0, 0:0:0:0:0, 0:0:0:0:0, 0:0:0:0:0, 0:0:0:0:0, 193:4:6:0:80
F# minor mel (3#), 1:0:0:0:0, 2:0:0:0:0, 2:0:0:0:0, 3:2:0:0:0, 1:0:0:0:0, 2:2:0:0:0, 2:1:0:0:1, 2:0:0:0:0, 3:1:0:0:1, 1:1:0:0:1, 2:0:0:0:0, 3:3:0:0:1, 2:0:0:0:0, 2:0:0:0:0, 2:0:0:0:0, 3:2:0:0:0, 2:0:0:0:0, 3:3:0:0:0, 2:1:0:0:1, 2:0:0:0:0, 2:1:0:0:1, 2:1:0:0:1, 2:0:0:0:0, 3:3:0:0:1, 1:0:0:0:0, 3:1:0:0:1, 3:1:0:0:1, 4:0:0:0:0, 1:0:0:0:0, 2:2:0:0:0, 4:3:1:0:1, 5:0:0:0:0, 2:1:0:0:1, 2:1:0:0:1, 2:0:0:0:0, 1:0:0:0:0, 3:0:0:0:0, 3:0:0:0:0, 4:0:0:0:1, 2:1:0:0:1, 3:0:0:0:0, 3:2:1:0:1, 3:3:1:0:1, 4:0:0:0:0, 2:1:0:0:1, 2:1:0:0:1, 2:0:0:0:0, 1:0:0:0:0, 2:0:0:0:0, 2:1:0:0:1, 4:0:0:0:1, 2:1:0:0:1, 2:0:0:0:0, 3:2:1:0:1, 2:2:0:0:0, 3:0:0:0:0, 2:0:2:0:2, 2:1:0:0:1, 2:0:0:0:0, 1:0:0:0:0, 2:0:0:0:0, 3:0:0:0:0, 3:0:0:0:1, 4:0:0:0:0, 3:1:0:0:1, 2:2:0:0:0, 4:1:0:0:0, 4:0:0:0:0, 4:1:0:0:2, 2:1:0:0:1, 3:0:0:0:1, 2:1:0:0:1, 2:0:0:0:0, 2:1:0:0:1, 4:0:0:0:1, 4:0:0:0:0, 3:0:0:0:0, 2:2:0:0:0, 4:1:0:0:0, 2:1:0:0:1, 2:0:0:0:0, 2:1:0:0:1, 4:0:0:0:1, 2:1:0:0:1, 2:0:0:0:0, 3:0:0:0:0, 4:0:0:0:1, 4:0:0:0:0, 3:0:0:0:0, 3:4:0:0:0, 3:1:0:0:0, 3:1:0:0:1, 3:0:2:0:3, 3:1:0:0:2, 2:0:0:0:0, 2:0:0:0:0, 3:0:0:0:1, 3:0:0:0:0, 4:0:1:0:2, 4:0:0:0:0, 2:0:0:0:0, 3:2:1:0:1, 5:1:1:0:1, 3:0:0:0:0, 2:0:0:0:0, 3:1:0:0:2, 2:0:0:0:0, 3:0:0:0:0, 2:0:0:0:0, 2:1:0:0:1, 4:0:0:0:1, 4:0:0:0:0, 3:0:0:0:0, 2:2:0:0:0, 4:1:0:0:0, 2:1:0:0:1, 2:0:0:0:0, 3:1:0:0:1, 4:0:0:0:1, 2:1:0:0:1, 2:0:0:0:0, 3:0:0:0:0, 4:0:0:0:1, 4:0:0:0:0, 3:0:0:0:0, 3:4:0:0:0, 3:1:0:0:0, 3:1:0:0:1, 3:0:2:0:3, 3:1:0:0:2, 2:0:0:0:0, 2:0:0:0:0, 3:0:0:0:1, 3:0:0:0:0, 4:0:1:0:2, 4:0:0:0:0, 2:0:2:0:2, 4:2:1:0:1, 5:1:1:0:1, 3:0:0:0:0, 2:0:0:0:0, 3:1:0:0:2, 2:0:0:0:0, 3:0:0:0:0, 2:0:0:0:0, 2:1:0:0:1, 4:0:0:0:1, 4:0:0:0:0, 2:0:0:0:0, 2:2:0:0:0, 2:2:0:0:0, 3:1:0:0:1, 2:0:0:0:0, 2:1:0:0:1, 2:0:0:0:0, 1:0:0:0:0, 3:0:0:0:1, 3:0:0:0:0, 3:0:0:0:1, 2:0:0:0:0, 3:0:0:0:0, 4:3:0:0:0, 2:2:0:0:0, 2:1:0:0:1, 3:0:0:0:0, 3:1:0:0:1, 2:0:0:0:0, 1:1:0:0:1, 2:0:0:0:0, 1:0:0:0:1, 2:2:0:0:0, 1:0:0:0:0, 1:0:0:0:0, 2:3:0:0:0, 1:0:0:0:0, 1:0:0:0:0, 1:0:0:0:0, 1:0:0:0:0, 460:108:18:0:85
Eb major blues (3b), 0:0:0:0:0, 0:0:0:0:0, 1:0:0:0:0, 0:0:0:0:0, 1:0:0:0:1, 0:0:0:0:0, 1:0:0:0:0, 0:0:0:0:0, 1:0:0:0:0, 1:0:0:0:0, 2:0:0:0:1, 2:0:0:0:1, 0:0:0:0:0, 0:0:0:0:0, 1:0:0:0:0, 0:0:0:0:0, 2:0:0:0:0, 0:0:0:0:0, 3:0:0:0:1, 0:0:0:0:0, 0:0:0:0:0, 1:0:0:0:0, 0:0:0:0:0, 2:0:0:0:1, 0:0:0:0:0, 0:0:0:0:0, 0:0:0:0:0, 0:0:0:0:0, 2:0:0:0:2, 1:0:0:0:0, 2:0:0:0:1, 1:1:0:0:1, 1:0:1:0:0, 1:0:0:0:0, 2:0:0:0:1, 0:0:0:0:0, 1:0:0:0:0, 2:0:0:0:0, 1:0:0:0:1, 1:0:0:0:0, 2:0:0:0:2, 1:0:0:0:0, 1:0:1:0:0, 0:0:0:0:0, 1:0:1:0:0, 1:0:0:0:0, 2:0:0:0:1, 0:0:0:0:0, 1:0:0:0:0, 1:0:0:0:0, 0:0:0:0:0, 1:0:0:0:0, 2:0:0:0:1, 1:0:0:0:0, 2:0:0:0:1, 1:0:0:0:1, 1:0:0:0:0, 2:0:0:0:1, 2:0:0:0:1, 0:0:0:0:0, 1:0:0:0:0, 1:0:0:0:0, 1:0:0:0:1, 2:0:0:0:1, 2:0:0:0:1, 2:0:0:0:0, 1:0:0:0:0, 0:0:0:0:0, 1:0:1:0:0, 2:0:0:0:2, 1:0:0:0:0, 0:0:0:0:0, 2:0:0:0:1, 1:0:0:0:0, 0:0:0:0:0, 0:0:0:0:0, 2:1:0:0:1, 2:0:0:0:0, 1:0:0:0:0, 1:0:0:0:1, 1:0:0:0:1, 1:0:0:0:0, 1:0:0:0:1, 0:0:0:0:0, 3:0:0:0:1, 1:0:0:0:0, 2:0:0:0:1, 2:0:0:0:1, 2:0:0:0:0, 1:0:0:0:1, 0:0:0:0:0, 2:1:1:0:1, 3:0:0:0:1, 2:0:0:0:1, 2:0:0:0:3, 1:0:0:0:0, 1:0:0:0:0, 0:0:0:0:0, 2:0:0:0:1, 0:0:0:0:0, 2:0:0:0:1, 1:0:0:0:0, 2:0:0:0:1, 0:0:0:0:0, 0:0:0:0:0, 1:0:0:0:0, 1:0:0:0:1, 1:0:0:0:0, 2:0:0:0:1, 1:0:0:0:0, 0:0:0:0:0, 0:0:0:0:0, 2:1:0:0:1, 2:0:0:0:0, 1:0:0:0:0, 1:0:0:0:1, 1:0:0:0:1, 2:0:0:0:0, 1:0:0:0:1, 0:0:0:0:0, 3:0:0:0:1, 1:0:0:0:0, 2:0:0:0:2, 2:0:0:0:1, 2:0:0:0:0, 1:0:0:0:1, 1:0:0:0:1, 1:0:1:0:0, 3:0:0:0:1, 2:0:0:0:1, 2:0:0:0:3, 1:0:0:0:0, 1:0:0:0:0, 0:0:0:0:0, 2:0:0:0:1, 0:0:0:0:0, 1:0:0:0:0, 2:0:0:0:1, 2:0:0:0:1, 0:0:0:0:0, 0:0:0:0:0, 1:0:0:0:0, 1:0:0:0:1, 1:0:0:0:0, 2:0:0:0:1, 1:0:0:0:0, 0:0:0:0:0, 0:0:0:0:0, 1:0:0:0:2, 1:0:0:0:0, 2:0:0:0:1, 0:0:0:0:0, 1:0:0:0:1, 1:0:0:0:0, 2:0:0:0:0, 0:0:0:0:0, 1:0:0:0:1, 1:0:0:0:0, 1:0:0:0:1, 2:0:0:0:1, 3:0:0:0:1, 1:0:0:0:0, 1:0:0:0:0, 1:0:0:0:0, 1:0:0:0:1, 2:0:0:0:0, 2:0:0:0:1, 1:0:0:0:0, 0:0:0:0:0, 3:0:0:0:2, 0:0:0:0:0, 3:0:0:0:3, 1:0:0:0:1, 0:0:0:0:0, 0:0:0:0:0, 0:0:0:0:0, 0:0:0:0:0, 0:0:0:0:0, 193:4:6:0:80
A major blues (3#), 1:0:0:0:0, 2:0:0:0:0, 2:0:0:0:0, 3:2:0:0:0, 1:0:0:0:0, 2:2:0:0:0, 2:1:0:0:1, 2:0:0:0:0, 3:1:0:0:1, 1:1:0:0:1, 2:0:0:0:0, 3:3:0:0:1, 2:0:0:0:0, 2:0:0:0:0, 2:0:0:0:0, 3:2:0:0:0, 2:0:0:0:0, 3:3:0:0:0, 2:1:0:0:1, 2:0:0:0:0, 2:1:0:0:1, 2:1:0:0:1, 2:0:0:0:0, 3:3:0:0:1, 1:0:0:0:0, 3:1:0:0:1, 3:1:0:0:1, 4:0:0:0:0, 1:0:0:0:0, 2:2:0:0:0, 4:3:1:0:1, 5:0:0:0:0, 2:1:0:0:1, 2:1:0:0:1, 2:0:0:0:0, 1:0:0:0:0, 3:0:0:0:0, 3:0:0:0:0, 4:0:0:0:1, 2:1:0:0:1, 3:0:0:0:0, 3:2:1:0:1, 3:3:1:0:1, 4:0:0:0:0, 2:1:0:0:1, 2:1:0:0:1, 2:0:0:0:0, 1:0:0:0:0, 2:0:0:0:0, 2:1:0:0:1, 4:0:0:0:1, 2:1:0:0:1, 2:0:0:0:0, 3:2:1:0:1, 2:2:0:0:0, 3:0:0:0:0, 2:0:2:0:2, 2:1:0:0:1, 2:0:0:0:0, 1:0:0:0:0, 2:0:0:0:0, 3:0:0:0:0, 3:0:0:0:1, 4:0:0:0:0, 3:1:0:0:1, 2:2:0:0:0, 4:1:0:0:0, 4:0:0:0:0, 4:1:0:0:2, 2:1:0:0:1, 3:0:0:0:1, 2:1:0:0:1, 2:0:0:0:0, 2:1:0:0:1, 4:0:0:0:1, 4:0:0:0:0, 3:0:0:0:0, 2:2:0:0:0, 4:1:0:0:0, 2:1:0:0:1, 2:0:0:0:0, 2:1:0:0:1, 4:0:0:0:1, 2:1:0:0:1, 2:0:0:0:0, 3:0:0:0:0, 4:0:0:0:1, 4:0:0:0:0, 3:0:0:0:0, 3:4:0:0:0, 3:1:0:0:0, 3:1:0:0:1, 3:0:2:0:3, 3:1:0:0:2, 2:0:0:0:0, 2:0:0:0:0, 3:0:0:0:1, 3:0:0:0:0, 4:0:1:0:2, 4:0:0:0:0, 2:0:0:0:0, 3:2:1:0:1, 5:1:1:0:1, 3:0:0:0:0, 2:0:0:0:0, 3:1:0:0:2, 2:0:0:0:0, 3:0:0:0:0, 2:0:0:0:0, 2:1:0:0:1, 4:0:0:0:1, 4:0:0:0:0, 3:0:0:0:0, 2:2:0:0:0, 4:1:0:0:0, 2:1:0:0:1, 2:0:0:0:0, 3:1:0:0:1, 4:0:0:0:1, 2:1:0:0:1, 2:0:0:0:0, 3:0:0:0:0, 4:0:0:0:1, 4:0:0:0:0, 3:0:0:0:0, 3:4:0:0:0, 3:1:0:0:0, 3:1:0:0:1, 3:0:2:0:3, 3:1:0:0:2, 2:0:0:0:0, 2:0:0:0:0, 3:0:0:0:1, 3:0:0:0:0, 4:0:1:0:2, 4:0:0:0:0, 2:0:2:0:2, 4:2:1:0:1, 5:1:1:0:1, 3:0:0:0:0, 2:0:0:0:0, 3:1:0:0:2, 2:0:0:0:0, 3:0:0:0:0, 2:0:0:0:0, 2:1:0:0:1, 4:0:0:0:1, 4:0:0:0:0, 2:0:0:0:0, 2:2:0:0:0, 2:2:0:0:0, 3:1:0:0:1, 2:0:0:0:0, 2:1:0:0:1, 2:0:0:0:0, 1:0:0:0:0, 3:0:0:0:1, 3:0:0:0:0, 3:0:0:0:1, 2:0:0:0:0, 3:0:0:0:0, 4:3:0:0:0, 2:2:0:0:0, 2:1:0:0:1, 3:0:0:0:0, 3:1:0:0:1, 2:0:0:0:0, 1:1:0:0:1, 2:0:0:0:0, 1:0:0:0:1, 2:2:0:0:0, 1:0:0:0:0, 1:0:0:0:0, 2:3:0:0:0, 1:0:0:0:0, 1:0:0:0:0, 1:0:0:0:0, 1:0:0:0:0, 460:108:18:0:85
C minor blues (3b), 0:0:0:0:0, 0:0:0:0:0, 1:0:0:0:0, 0:0:0:0:0, 1:0:0:0:1, 0:0:0:0:0, 1:0:0:0:0, 0:0:0:0:0, 1:0:0:0:0, 1:0:0:0:0, 2:0:0:0:1, 2:0:0:0:1, 0:0:0:0:0, 0:0:0:0:0, 1:0:0:0:0, 0:0:0:0:0, 2:0:0:0:0, 0:0:0:0:0, 3:0:0:0:1, 0:0:0:0:0, 0:0:0:0:0, 1:0:0:0:0, 0:0:0:0:0, 2:0:0:0:1, 0:0:0:0:0, 0:0:0:0:0, 0:0:0:0:0, 0:0:0:0:0, 2:0:0:0:2, 1:0:0:0:0, 2:0:0:0:1, 1:1:0:0:1, 1:0:1:0:0, 1:0:0:0:0, 2:0:0:0:1, 0:0:0:0:0, 1:0:0:0:0, 2:0:0:0:0, 1:0:0:0:1, 1:0:0:0:0, 2:0:0:0:2, 1:0:0:0:0, 1:0:1:0:0, 0:0:0:0:0, 1:0:1:0:0, 1:0:0:0:0, 2:0:0:0:1, 0:0:0:0:0, 1:0:0:0:0, 1:0:0:0:0, 0:0:0:0:0, 1:0:0:0:0, 2:0:0:0:1, 1:0:0:0:0, 2:0:0:0:1, 1:0:0:0:1, 1:0:0:0:0, 2:0:0:0:1, 2:0:0:0:1, 0:0:0:0:0, 1:0:0:0:0, 1:0:0:0:0, 1:0:0:0:1, 2:0:0:0:1, 2:0:0:0:1, 2:0:0:0:0, 1:0:0:0:0, 0:0:0:0:0, 1:0:1:0:0, 2:0:0:0:2, 1:0:0:0:0, 0:0:0:0:0, 2:0:0:0:1, 1:0:0:0:0, 0:0:0:0:0, 0:0:0:0:0, 2:1:0:0:1, 2:0:0:0:0, 1:0:0:0:0, 1:0:0:0:1, 1:0:0:0:1, 1:0:0:0:0, 1:0:0:0:1, 0:0:0:0:0, 3:0:0:0:1, 1:0:0:0:0, 2:0:0:0:1, 2:0:0:0:1, 2:0:0:0:0, 1:0:0:0:1, 0:0:0:0:0, 2:1:1:0:1, 3:0:0:0:1, 2:0:0:0:1, 2:0:0:0:3, 1:0:0:0:0, 1:0:0:0:0, 0:0:0:0:0, 2:0:0:0:1, 0:0:0:0:0, 2:0:0:0:1, 1:0:0:0:0, 2:0:0:0:1, 0:0:0:0:0, 0:0:0:0:0, 1:0:0:0:0, 1:0:0:0:1, 1:0:0:0:0, 2:0:0:0:1, 1:0:0:0:0, 0:0:0:0:0, 0:0:0:0:0, 2:1:0:0:1, 2:0:0:0:0, 1:0:0:0:0, 1:0:0:0:1, 1:0:0:0:1, 2:0:0:0:0, 1:0:0:0:1, 0:0:0:0:0, 3:0:0:0:1, 1:0:0:0:0, 2:0:0:0:2, 2:0:0:0:1, 2:0:0:0:0, 1:0:0:0:1, 1:0:0:0:1, 1:0:1:0:0, 3:0:0:0:1, 2:0:0:0:1, 2:0:0:0:3, 1:0:0:0:0, 1:0:0:0:0, 0:0:0:0:0, 2:0:0:0:1, 0:0:0:0:0, 1:0:0:0:0, 2:0:0:0:1, 2:0:0:0:1, 0:0:0:0:0, 0:0:0:0:0, 1:0:0:0:0, 1:0:0:0:1, 1:0:0:0:0, 2:0:0:0:1, 1:0:0:0:0, 0:0:0:0:0, 0:0:0:0:0, 1:0:0:0:2, 1:0:0:0:0, 2:0:0:0:1, 0:0:0:0:0, 1:0:0:0:1, 1:0:0:0:0, 2:0:0:0:0, 0:0:0:0:0, 1:0:0:0:1, 1:0:0:0:0, 1:0:0:0:1, 2:0:0:0:1, 3:0:0:0:1, 1:0:0:0:0, 1:0:0:0:0, 1:0:0:0:0, 1:0:0:0:1, 2:0:0:0:0, 2:0:0:0:1, 1:0:0:0:0, 0:0:0:0:0, 3:0:0:0:2, 0:0:0:0:0, 3:0:0:0:3, 1:0:0:0:1, 0:0:0:0:0, 0:0:0:0:0, 0:0:0:0:0, 0:0:0:0:0, 0:0:0:0:0, 193:4:6:0:80
F# minor blues (3#), 1:0:0:0:0, 2:0:0:0:0, 2:0:0:0:0, 3:2:0:0:0, 1:0:0:0:0, 2:2:0:0:0, 2:1:0:0:1, 2:0:0:0:0, 3:1:0:0:1, 1:1:0:0:1, 2:0:0:0:0, 3:3:0:0:1, 2:0:0:0:0, 2:0:0:0:0, 2:0:0:0:0, 3:2:0:0:0, 2:0:0:0:0, 3:3:0:0:0, 2:1:0:0:1, 2:0:0:0:0, 2:1:0:0:1, 2:1:0:0:1, 2:0:0:0:0, 3:3:0:0:1, 1:0:0:0:0, 3:1:0:0:1, 3:1:0:0:1, 4:0:0:0:0, 1:0:0:0:0, 2:2:0:0:0, 4:3:1:0:1, 5:0:0:0:0, 2:1:0:0:1, 2:1:0:0:1, 2:0:0:0:0, 1:0:0:0:0, 3:0:0:0:0, 3:0:0:0:0, 4:0:0:0:1, 2:1:0:0:1, 3:0:0:0:0, 3:2:1:0:1, 3:3:1:0:1, 4:0:0:0:0, 2:1:0:0:1, 2:1:0:0:1, 2:0:0:0:0, 1:0:0:0:0, 2:0:0:0:0, 2:1:0:0:1, 4:0:0:0:1, 2:1:0:0:1, 2:0:0:0:0, 3:2:1:0:1, 2:2:0:0:0, 3:0:0:0:0, 2:0:2:0:2, 2:1:0:0:1, 2:0:0:0:0, 1:0:0:0:0, 2:0:0:0:0, 3:0:0:0:0, 3:0:0:0:1, 4:0:0:0:0, 3:1:0:0:1, 2:2:0:0:0, 4:1:0:0:0, 4:0:0:0:0, 4:1:0:0:2, 2:1:0:0:1, 3:0:0:0:1, 2:1:0:0:1, 2:0:0:0:0, 2:1:0:0:1, 4:0:0:0:1, 4:0:0:0:0, 3:0:0:0:0, 2:2:0:0:0, 4:1:0:0:0, 2:1:0:0:1, 2:0:0:0:0, 2:1:0:0:1, 4:0:0:0:1, 2:1:0:0:1, 2:0:0:0:0, 3:0:0:0:0, 4:0:0:0:1, 4:0:0:0:0, 3:0:0:0:0, 3:4:0:0:0, 3:1:0:0:0, 3:1:0:0:1, 3:0:2:0:3, 3:1:0:0:2, 2:0:0:0:0, 2:0:0:0:0, 3:0:0:0:1, 3:0:0:0:0, 4:0:1:0:2, 4:0:0:0:0, 2:0:0:0:0, 3:2:1:0:1, 5:1:1:0:1, 3:0:0:0:0, 2:0:0:0:0, 3:1:0:0:2, 2:0:0:0:0, 3:0:0:0:0, 2:0:0:0:0, 2:1:0:0:1, 4:0:0:0:1, 4:0:0:0:0, 3:0:0:0:0, 2:2:0:0:0, 4:1:0:0:0, 2:1:0:0:1, 2:0:0:0:0, 3:1:0:0:1, 4:0:0:0:1, 2:1:0:0:1, 2:0:0:0:0, 3:0:0:0:0, 4:0:0:0:1, 4:0:0:0:0, 3:0:0:0:0, 3:4:0:0:0, 3:1:0:0:0, 3:1:0:0:1, 3:0:2:0:3, 3:1:0:0:2, 2:0:0:0:0, 2:0:0:0:0, 3:0:0:0:1, 3:0:0:0:0, 4:0:1:0:2, 4:0:0:0:0, 2:0:2:0:2, 4:2:1:0:1, 5:1:1:0:1, 3:0:0:0:0, 2:0:0:0:0, 3:1:0:0:2, 2:0:0:0:0, 3:0:0:0:0, 2:0:0:0:0, 2:1:0:0:1, 4:0:0:0:1, 4:0:0:0:0, 2:0:0:0:0, 2:2:0:0:0, 2:2:0:0:0, 3:1:0:0:1, 2:0:0:0:0, 2:1:0:0:1, 2:0:0:0:0, 1:0:0:0:0, 3:0:0:0:1, 3:0:0:0:0, 3:0:0:0:1, 2:0:0:0:0, 3:0:0:0:0, 4:3:0:0:0, 2:2:0:0:0, 2:1:0:0:1, 3:0:0:0:0, 3:1:0:0:1, 2:0:0:0:0, 1:1:0:0:1, 2:0:0:0:0, 1:0:0:0:1, 2:2:0:0:0, 1:0:0:0:0, 1:0:0:0:0, 2:3:0:0:0, 1:0:0:0:0, 1:0:0:0:0, 1:0:0:0:0, 1:0:0:0:0, 460:108:18:0:85
Eb dorian (3b), 0:0:0:0:0, 0:0:0:0:0, 1:0:0:0:0, 0:0:0:0:0, 1:0:0:0:1, 0:0:0:0:0, 1:0:0:0:0, 0:0:0:0:0, 1:0:0:0:0, 1:0:0:0:0, 2:0:0:0:1, 2:0:0:0:1, 0:0:0:0:0, 0:0:0:0:0, 1:0:0:0:0, 0:0:0:0:0, 2:0:0:0:0, 0:0:0:0:0, 3:0:0:0:1, 0:0:0:0:0, 0:0:0:0:0, 1:0:0:0:0, 0:0:0:0:0, 2:0:0:0:1, 0:0:0:0:0, 0:0:0:0:0, 0:0:0:0:0, 0:0:0:0:0, 2:0:0:0:2, 1:0:0:0:0, 2:0:0:0:1, 1:1:0:0:1, 1:0:1:0:0, 1:0:0:0:0, 2:0:0:0:1, 0:0:0:0:0, 1:0:0:0:0, 2:0:0:0:0, 1:0:0:0:1, 1:0:0:0:0, 2:0:0:0:2, 1:0:0:0:0, 1:0:1:0:0, 0:0:0:0:0, 1:0:1:0:0, 1:0:0:0:0, 2:0:0:0:1, 0:0:0:0:0, 1:0:0:0:0, 1:0:0:0:0, 0:0:0:0:0, 1:0:0:0:0, 2:0:0:0:1, 1:0:0:0:0, 2:0:0:0:1, 1:0:0:0:1, 1:0:0:0:0, 2:0:0:0:1, 2:0:0:0:1, 0:0:0:0:0, 1:0:0:0:0, 1:0:0:0:0, 1:0:0:0:1, 2:0:0:0:1, 2:0:0:0:1, 2:0:0:0:0, 1:0:0:0:0, 0:0:0:0:0, 1:0:1:0:0, 2:0:0:0:2, 1:0:0:0:0, 0:0:0:0:0, 2:0:0:0:1, 1:0:0:0:0, 0:0:0:0:0, 0:0:0:0:0, 2:1:0:0:1, 2:0:0:0:0, 1:0:0:0:0, 1:0:0:0:1, 1:0:0:0:1, 1:0:0:0:0, 1:0:0:0:1, 0:0:0:0:0, 3:0:0:0:1, 1:0:0:0:0, 2:0:0:0:1, 2:0:0:0:1, 2:0:0:0:0, 1:0:0:0:1, 0:0:0:0:0, 2:1:1:0:1, 3:0:0:0:1, 2:0:0:0:1, 2:0:0:0:3, 1:0:0:0:0, 1:0:0:0:0, 0:0:0:0:0, 2:0:0:0:1, 0:0:0:0:0, 2:0:0:0:1, 1:0:0:0:0, 2:0:0:0:1, 0:0:0:0:0, 0:0:0:0:0, 1:0:0:0:0, 1:0:0:0:1, 1:0:0:0:0, 2:0:0:0:1, 1:0:0:0:0, 0:0:0:0:0, 0:0:0:0:0, 2:1:0:0:1, 2:0:0:0:0, 1:0:0:0:0, 1:0:0:0:1, 1:0:0:0:1, 2:0:0:0:0, 1:0:0:0:1, 0:0:0:0:0, 3:0:0:0:1, 1:0:0:0:0, 2:0:0:0:2, 2:0:0:0:1, 2:0:0:0:0, 1:0:0:0:1, 1:0:0:0:1, 1:0:1:0:0, 3:0:0:0:1, 2:0:0:0:1, 2:0:0:0:3, 1:0:0:0:0, 1:0:0:0:0, 0:0:0:0:0, 2:0:0:0:1, 0:0:0:0:0, 1:0:0:0:0, 2:0:0:0:1, 2:0:0:0:1, 0:0:0:0:0, 0:0:0:0:0, 1:0:0:0:0, 1:0:0:0:1, 1:0:0:0:0, 2:0:0:0:1, 1:0:0:0:0, 0:0:0:0:0, 0:0:0:0:0, 1:0:0:0:2, 1:0:0:0:0, 2:0:0:0:1, 0:0:0:0:0, 1:0:0:0:1, 1:0:0:0:0, 2:0:0:0:0, 0:0:0:0:0, 1:0:0:0:1, 1:0:0:0:0, 1:0:0:0:1, 2:0:0:0:1, 3:0:0:0:1, 1:0:0:0:0, 1:0:0:0:0, 1:0:0:0:0, 1:0:0:0:1, 2:0:0:0:0, 2:0:0:0:1, 1:0:0:0:0, 0:0:0:0:0, 3:0:0:0:2, 0:0:0:0:0, 3:0:0:0:3, 1:0:0:0:1, 0:0:0:0:0, 0:0:0:0:0, 0:0:0:0:0, 0:0:0:0:0, 0:0:0:0:0, 193:4:6:0:80
A dorian (3#), 1:0:0:0:0, 2:0:0:0:0, 2:0:0:0:0, 3:2:0:0:0, 1:0:0:0:0, 2:2:0:0:0, 2:1:0:0:1, 2:0:0:0:0, 3:1:0:0:1, 1:1:0:0:1, 2:0:0:0:0, 3:3:0:0:1, 2:0:0:0:0, 2:0:0:0:0, 2:0:0:0:0, 3:2:0:0:0, 2:0:0:0:0, 3:3:0:0:0, 2:1:0:0:1, 2:0:0:0:0, 2:1:0:0:1, 2:1:0:0:1, 2:0:0:0:0, 3:3:0:0:1, 1:0:0:0:0, 3:1:0:0:1, 3:1:0:0:1, 4:0:0:0:0, 1:0:0:0:0, 2:2:0:0:0, 4:3:1:0:1, 5:0:0:0:0, 2:1:0:0:1, 2:1:0:0:1, 2:0:0:0:0, 1:0:0:0:0, 3:0:0:0:0, 3:0:0:0:0, 4:0:0:0:1, 2:1:0:0:1, 3:0:0:0:0, 3:2:1:0:1, 3:3:1:0:1, 4:0:0:0:0, 2:1:0:0:1, 2:1:0:0:1, 2:0:0:0:0, 1:0:0:0:0, 2:0:0:0:0, 2:1:0:0:1, 4:0:0:0:1, 2:1:0:0:1, 2:0:0:0:0, 3:2:1:0:1, 2:2:0:0:0, 3:0:0:0:0, 2:0:2:0:2, 2:1:0:0:1, 2:0:0:0:0, 1:0:0:0:0, 2:0:0:0:0, 3:0:0:0:0, 3:0:0:0:1, 4:0:0:0:0, 3:1:0:0:1, 2:2:0:0:0, 4:1:0:0:0, 4:0:0:0:0, 4:1:0:0:2, 2:1:0:0:1, 3:0:0:0:1, 2:1:0:0:1, 2:0:0:0:0, 2:1:0:0:1, 4:0:0:0:1, 4:0:0:0:0, 3:0:0:0:0, 2:2:0:0:0, 4:1:0:0:0, 2:1:0:0:1, 2:0:0:0:0, 2:1:0:0:1, 4:0:0:0:1, 2:1:0:0:1, 2:0:0:0:0, 3:0:0:0:0, 4:0:0:0:1, 4:0:0:0:0, 3:0:0:0:0, 3:4:0:0:0, 3:1:0:0:0, 3:1:0:0:1, 3:0:2:0:3, 3:1:0:0:2, 2:0:0:0:0, 2:0:0:0:0, 3:0:0:0:1, 3:0:0:0:0, 4:0:1:0:2, 4:0:0:0:0, 2:0:0:0:0, 3:2:1:0:1, 5:1:1:0:1, 3:0:0:0:0, 2:0:0:0:0, 3:1:0:0:2, 2:0:0:0:0, 3:0:0:0:0, 2:0:0:0:0, 2:1:0:0:1, 4:0:0:0:1, 4:0:0:0:0, 3:0:0:0:0, 2:2:0:0:0, 4:1:0:0:0, 2:1:0:0:1, 2:0:0:0:0, 3:1:0:0:1, 4:0:0:0:1, 2:1:0:0:1, 2:0:0:0:0, 3:0:0:0:0, 4:0:0:0:1, 4:0:0:0:0, 3:0:0:0:0, 3:4:0:0:0, 3:1:0:0:0, 3:1:0:0:1, 3:0:2:0:3, 3:1:0:0:2, 2:0:0:0:0, 2:0:0:0:0, 3:0:0:0:1, 3:0:0:0:0, 4:0:1:0:2, 4:0:0:0:0, 2:0:2:0:2, 4:2:1:0:1, 5:1:1:0:1, 3:0:0:0:0, 2:0:0:0:0, 3:1:0:0:2, 2:0:0:0:0, 3:0:0:0:0, 2:0:0:0:0, 2:1:0:0:1, 4:0:0:0:1, 4:0:0:0:0, 2:0:0:0:0, 2:2:0:0:0, 2:2:0:0:0, 3:1:0:0:1, 2:0:0:0:0, 2:1:0:0:1, 2:0:0:0:0, 1:0:0:0:0, 3:0:0:0:1, 3:0:0:0:0, 3:0:0:0:1, 2:0:0:0:0, 3:0:0:0:0, 4:3:0:0:0, 2:2:0:0:0, 2:1:0:0:1, 3:0:0:0:0, 3:1:0:0:1, 2:0:0:0:0, 1:1:0:0:1, 2:0:0:0:0, 1:0:0:0:1, 2:2:0:0:0, 1:0:0:0:0, 1:0:0:0:0, 2:3:0:0:0, 1:0:0:0:0, 1:0:0:0:0, 1:0:0:0:0, 1:0:0:0:0, 460:108:18:0:85
Eb phrygian (3b), 0:0:0:0:0, 0:0:0:0:0, 1:0:0:0:0, 0:0:0:0:0, 1:0:0:0:1, 0:0:0:0:0, 1:0:0:0:0, 0:0:0:0:0, 1:0:0:0:0, 1:0:0:0:0, 2:0:0:0:1, 2:0:0:0:1, 0:0:0:0:0, 0:0:0:0:0, 1:0:0:0:0, 0:0:0:0:0, 2:0:0:0:0, 0:0:0:0:0, 3:0:0:0:1, 0:0:0:0:0, 0:0:0:0:0, 1:0:0:0:0, 0:0:0:0:0, 2:0:0:0:1, 0:0:0:0:0, 0:0:0:0:0, 0:0:0:0:0, 0:0:0:0:0, 2:0:0:0:2, 1:0:0:0:0, 2:0:0:0:1, 1:1:0:0:1, 1:0:1:0:0, 1:0:0:0:0, 2:0:0:0:1, 0:0:0:0:0, 1:0:0:0:0, 2:0:0:0:0, 1:0:0:0:1, 1:0:0:0:0, 2:0:0:0:2, 1:0:0:0:0, 1:0:1:0:0, 0:0:0:0:0, 1:0:1:0:0, 1:0:0:0:0, 2:0:0:0:1, 0:0:0:0:0, 1:0:0:0:0, 1:0:0:0:0, 0:0:0:0:0, 1:0:0:0:0, 2:0:0:0:1, 1:0:0:0:0, 2:0:0:0:1, 1:0:0:0:1, 1:0:0:0:0, 2:0:0:0:1, 2:0:0:0:1, 0:0:0:0:0, 1:0:0:0:0, 1:0:0:0:0, 1:0:0:0:1, 2:0:0:0:1, 2:0:0:0:1, 2:0:0:0:0, 1:0:0:0:0, 0:0:0:0:0, 1:0:1:0:0, 2:0:0:0:2, 1:0:0:0:0, 0:0:0:0:0, 2:0:0:0:1, 1:0:0:0:0, 0:0:0:0:0, 0:0:0:0:0, 2:1:0:0:1, 2:0:0:0:0, 1:0:0:0:0, 1:0:0:0:1, 1:0:0:0:1, 1:0:0:0:0, 1:0:0:0:1, 0:0:0:0:0, 3:0:0:0:1, 1:0:0:0:0, 2:0:0:0:1, 2:0:0:0:1, 2:0:0:0:0, 1:0:0:0:1, 0:0:0:0:0, 2:1:1:0:1, 3:0:0:0:1, 2:0:0:0:1, 2:0:0:0:3, 1:0:0:0:0, 1:0:0:0:0, 0:0:0:0:0, 2:0:0:0:1, 0:0:0:0:0, 2:0:0:0:1, 1:0:0:0:0, 2:0:0:0:1, 0:0:0:0:0, 0:0:0:0:0, 1:0:0:0:0, 1:0:0:0:1, 1:0:0:0:0, 2:0:0:0:1, 1:0:0:0:0, 0:0:0:0:0, 0:0:0:0:0, 2:1:0:0:1, 2:0:0:0:0, 1:0:0:0:0, 1:0:0:0:1, 1:0:0:0:1, 2:0:0:0:0, 1:0:0:0:1, 0:0:0:0:0, 3:0:0:0:1, 1:0:0:0:0, 2:0:0:0:2, 2:0:0:0:1, 2:0:0:0:0, 1:0:0:0:1, 1:0:0:0:1, 1:0:1:0:0, 3:0:0:0:1, 2:0:0:0:1, 2:0:0:0:3, 1:0:0:0:0, 1:0:0:0:0, 0:0:0:0:0, 2:0:0:0:1, 0:0:0:0:0, 1:0:0:0:0, 2:0:0:0:1, 2:0:0:0:1, 0:0:0:0:0, 0:0:0:0:0, 1:0:0:0:0, 1:0:0:0:1, 1:0:0:0:0, 2:0:0:0:1, 1:0:0:0:0, 0:0:0:0:0, 0:0:0:0:0, 1:0:0:0:2, 1:0:0:0:0, 2:0:0:0:1, 0:0:0:0:0, 1:0:0:0:1, 1:0:0:0:0, 2:0:0:0:0, 0:0:0:0:0, 1:0:0:0:1, 1:0:0:0:0, 1:0:0:0:1, 2:0:0:0:1, 3:0:0:0:1, 1:0:0:0:0, 1:0:0:0:0, 1:0:0:0:0, 1:0:0:0:1, 2:0:0:0:0, 2:0:0:0:1, 1:0:0:0:0, 0:0:0:0:0, 3:0:0:0:2, 0:0:0:0:0, 3:0:0:0:3, 1:0:0:0:1, 0:0:0:0:0, 0:0:0:0:0, 0:0:0:0:0, 0:0:0:0:0, 0:0:0:0:0, 193:4:6:0:80
A phrygian (3#), 1:0:0:0:0, 2:0:0:0:0, 2:0:0:0:0, 3:2:0:0:0, 1:0:0:0:0, 2:2:0:0:0, 2:1:0:0:1, 2:0:0:0:0, 3:1:0:0:1, 1:1:0:0:1, 2:0:0:0:0, 3:3:0:0:1, 2:0:0:0:0, 2:0:0:0:0, 2:0:0:0:0, 3:2:0:0:0, 2:0:0:0:0, 3:3:0:0:0, 2:1:0:0:1, 2:0:0:0:0, 2:1:0:0:1, 2:1:0:0:1, 2:0:0:0:0, 3:3:0:0:1, 1:0:0:0:0, 3:1:0:0:1, 3:1:0:0:1, 4:0:0:0:0, 1:0:0:0:0, 2:2:0:0:0, 4:3:1:0:1, 5:0:0:0:0, 2:1:0:0:1, 2:1:0:0:1, 2:0:0:0:0, 1:0:0:0:0, 3:0:0:0:0, 3:0:0:0:0, 4:0:0:0:1, 2:1:0:0:1, 3:0:0:0:0, 3:2:1:0:1, 3:3:1:0:1, 4:0:0:0:0, 2:1:0:0:1, 2:1:0:0:1, 2:0:0:0:0, 1:0:0:0:0, 2:0:0:0:0, 2:1:0:0:1, 4:0:0:0:1, 2:1:0:0:1, 2:0:0:0:0, 3:2:1:0:1, 2:2:0:0:0, 3:0:0:0:0, 2:0:2:0:2, 2:1:0:0:1, 2:0:0:0:0, 1:0:0:0:0, 2:0:0:0:0, 3:0:0:0:0, 3:0:0:0:1, 4:0:0:0:0, 3:1:0:0:1, 2:2:0:0:0, 4:1:0:0:0, 4:0:0:0:0, 4:1:0:0:2, 2:1:0:0:1, 3:0:0:0:1, 2:1:0:0:1, 2:0:0:0:0, 2:1:0:0:1, 4:0:0:0:1, 4:0:0:0:0, 3:0:0:0:0, 2:2:0:0:0, 4:1:0:0:0, 2:1:0:0:1, 2:0:0:0:0, 2:1:0:0:1, 4:0:0:0:1, 2:1:0:0:1, 2:0:0:0:0, 3:0:0:0:0, 4:0:0:0:1, 4:0:0:0:0, 3:0:0:0:0, 3:4:0:0:0, 3:1:0:0:0, 3:1:0:0:1, 3:0:2:0:3, 3:1:0:0:2, 2:0:0:0:0, 2:0:0:0:0, 3:0:0:0:1, 3:0:0:0:0, 4:0:1:0:2, 4:0:0:0:0, 2:0:0:0:0, 3:2:1:0:1, 5:1:1:0:1, 3:0:0:0:0, 2:0:0:0:0, 3:1:0:0:2, 2:0:0:0:0, 3:0:0:0:0, 2:0:0:0:0, 2:1:0:0:1, 4:0:0:0:1, 4:0:0:0:0, 3:0:0:0:0, 2:2:0:0:0, 4:1:0:0:0, 2:1:0:0:1, 2:0:0:0:0, 3:1:0:0:1, 4:0:0:0:1, 2:1:0:0:1, 2:0:0:0:0, 3:0:0:0:0, 4:0:0:0:1, 4:0:0:0:0, 3:0:0:0:0, 3:4:0:0:0, 3:1:0:0:0, 3:1:0:0:1, 3:0:2:0:3, 3:1:0:0:2, 2:0:0:0:0, 2:0:0:0:0, 3:0:0:0:1, 3:0:0:0:0, 4:0:1:0:2, 4:0:0:0:0, 2:0:2:0:2, 4:2:1:0:1, 5:1:1:0:1, 3:0:0:0:0, 2:0:0:0:0, 3:1:0:0:2, 2:0:0:0:0, 3:0:0:0:0, 2:0:0:0:0, 2:1:0:0:1, 4:0:0:0:1, 4:0:0:0:0, 2:0:0:0:0, 2:2:0:0:0, 2:2:0:0:0, 3:1:0:0:1, 2:0:0:0:0, 2:1:0:0:1, 2:0:0:0:0, 1:0:0:0:0, 3:0:0:0:1, 3:0:0:0:0, 3:0:0:0:1, 2:0:0:0:0, 3:0:0:0:0, 4:3:0:0:0, 2:2:0:0:0, 2:1:0:0:1, 3:0:0:0:0, 3:1:0:0:1, 2:0:0:0:0, 1:1:0:0:1, 2:0:0:0:0, 1:0:0:0:1, 2:2:0:0:0, 1:0:0:0:0, 1:0:0:0:0, 2:3:0:0:0, 1:0:0:0:0, 1:0:0:0:0, 1:0:0:0:0, 1:0:0:0:0, 460:108:18:0:85
Eb lydian (3b), 0:0:0:0:0, 0:0:0:0:0, 1:0:0:0:0, 0:0:0:0:0, 1:0:0:0:1, 0:0:0:0:0, 1:0:0:0:0, 0:0:0:0:0, 1:0:0:0:0, 1:0:0:0:0, 2:0:0:0:1, 2:0:0:0:1, 0:0:0:0:0, 0:0:0:0:0, 1:0:0:0:0, 0:0:0:0:0, 2:0:0:0:0, 0:0:0:0:0, 3:0:0:0:1, 0:0:0:0:0, 0:0:0:0:0, 1:0:0:0:0, 0:0:0:0:0, 2:0:0:0:1, 0:0:0:0:0, 0:0:0:0:0, 0:0:0:0:0, 0:0:0:0:0, 2:0:0:0:2, 1:0:0:0:0, 2:0:0:0:1, 1:1:0:0:1, 1:0:1:0:0, 1:0:0:0:0, 2:0:0:0:1, 0:0:0:0:0, 1:0:0:0:0, 2:0:0:0:0, 1:0:0:0:1, 1:0:0:0:0, 2:0:0:0:2, 1:0:0:0:0, 1:0:1:0:0, 0:0:0:0:0, 1:0:1:0:0, 1:0:0:0:0, 2:0:0:0:1, 0:0:0:0:0, 1:0:0:0:0, 1:0:0:0:0, 0:0:0:0:0, 1:0:0:0:0, 2:0:0:0:1, 1:0:0:0:0, 2:0:0:0:1, 1:0:0:0:1, 1:0:0:0:0, 2:0:0:0:1, 2:0:0:0:1, 0:0:0:0:0, 1:0:0:0:0, 1:0:0:0:0, 1:0:0:0:1, 2:0:0:0:1, 2:0:0:0:1, 2:0:0:0:0, 1:0:0:0:0, 0:0:0:0:0, 1:0:1:0:0, 2:0:0:0:2, 1:0:0:0:0, 0:0:0:0:0, 2:0:0:0:1, 1:0:0:0:0, 0:0:0:0:0, 0:0:0:0:0, 2:1:0:0:1, 2:0:0:0:0, 1:0:0:0:0, 1:0:0:0:1, 1:0:0:0:1, 1:0:0:0:0, 1:0:0:0:1, 0:0:0:0:0, 3:0:0:0:1, 1:0:0:0:0, 2:0:0:0:1, 2:0:0:0:1, 2:0:0:0:0, 1:0:0:0:1, 0:0:0:0:0, 2:1:1:0:1, 3:0:0:0:1, 2:0:0:0:1, 2:0:0:0:3, 1:0:0:0:0, 1:0:0:0:0, 0:0:0:0:0, 2:0:0:0:1, 0:0:0:0:0, 2:0:0:0:1, 1:0:0:0:0, 2:0:0:0:1, 0:0:0:0:0, 0:0:0:0:0, 1:0:0:0:0, 1:0:0:0:1, 1:0:0:0:0, 2:0:0:0:1, 1:0:0:0:0, 0:0:0:0:0, 0:0:0:0:0, 2:1:0:0:1, 2:0:0:0:0, 1:0:0:0:0, 1:0:0:0:1, 1:0:0:0:1, 2:0:0:0:0, 1:0:0:0:1, 0:0:0:0:0, 3:0:0:0:1, 1:0:0:0:0, 2:0:0:0:2, 2:0:0:0:1, 2:0:0:0:0, 1:0:0:0:1, 1:0:0:0:1, 1:0:1:0:0, 3:0:0:0:1, 2:0:0:0:1, 2:0:0:0:3, 1:0:0:0:0, 1:0:0:0:0, 0:0:0:0:0, 2:0:0:0:1, 0:0:0:0:0, 1:0:0:0:0, 2:0:0:0:1, 2:0:0:0:1, 0:0:0:0:0, 0:0:0:0:0, 1:0:0:0:0, 1:0:0:0:1, 1:0:0:0:0, 2:0:0:0:1, 1:0:0:0:0, 0:0:0:0:0, 0:0:0:0:0, 1:0:0:0:2, 1:0:0:0:0, 2:0:0:0:1, 0:0:0:0:0, 1:0:0:0:1, 1:0:0:0:0, 2:0:0:0:0, 0:0:0:0:0, 1:0:0:0:1, 1:0:0:0:0, 1:0:0:0:1, 2:0:0:0:1, 3:0:0:0:1, 1:0:0:0:0, 1:0:0:0:0, 1:0:0:0:0, 1:0:0:0:1, 2:0:0:0:0, 2:0:0:0:1, 1:0:0:0:0, 0:0:0:0:0, 3:0:0:0:2, 0:0:0:0:0, 3:0:0:0:3, 1:0:0:0:1, 0:0:0:0:0, 0:0:0:0:0, 0:0:0:0:0, 0:0:0:0:0, 0:0:0:0:0, 193:4:6:0:80
A lydian (3#), 1:0:0:0:0, 2:0:0:0:0, 2:0:0:0:0, 3:2:0:0:0, 1:0:0:0:0, 2:2:0:0:0, 2:1:0:0:1, 2:0:0:0:0, 3:1:0:0:1, 1:1:0:0:1, 2:0:0:0:0, 3:3:0:0:1, 2:0:0:0:0, 2:0:0:0:0, 2:0:0:0:0, 3:2:0:0:0, 2:0:0:0:0, 3:3:0:0:0, 2:1:0:0:1, 2:0:0:0:0, 2:1:0:0:1, 2:1:0:0:1, 2:0:0:0:0, 3:3:0:0:1, 1:0:0:0:0, 3:1:0:0:1, 3:1:0:0:1, 4:0:0:0:0, 1:0:0:0:0, 2:2:0:0:0, 4:3:1:0:1, 5:0:0:0:0, 2:1:0:0:1, 2:1:0:0:1, 2:0:0:0:0, 1:0:0:0:0, 3:0:0:0:0, 3:0:0:0:0, 4:0:0:0:1, 2:1:0:0:1, 3:0:0:0:0, 3:2:1:0:1, 3:3:1:0:1, 4:0:0:0:0, 2:1:0:0:1, 2:1:0:0:1, 2:0:0:0:0, 1:0:0:0:0, 2:0:0:0:0, 2:1:0:0:1, 4:0:0:0:1, 2:1:0:0:1, 2:0:0:0:0, 3:2:1:0:1, 2:2:0:0:0, 3:0:0:0:0, 2:0:2:0:2, 2:1:0:0:1, 2:0:0:0:0, 1:0:0:0:0, 2:0:0:0:0, 3:0:0:0:0, 3:0:0:0:1, 4:0:0:0:0, 3:1:0:0:1, 2:2:0:0:0, 4:1:0:0:0, 4:0:0:0:0, 4:1:0:0:2, 2:1:0:0:1, 3:0:0:0:1, 2:1:0:0:1, 2:0:0:0:0, 2:1:0:0:1, 4:0:0:0:1, 4:0:0:0:0, 3:0:0:0:0, 2:2:0:0:0, 4:1:0:0:0, 2:1:0:0:1, 2:0:0:0:0, 2:1:0:0:1, 4:0:0:0:1, 2:1:0:0:1, 2:0:0:0:0, 3:0:0:0:0, 4:0:0:0:1, 4:0:0:0:0, 3:0:0:0:0, 3:4:0:0:0, 3:1:0:0:0, 3:1:0:0:1, 3:0:2:0:3, 3:1:0:0:2, 2:0:0:0:0, 2:0:0:0:0, 3:0:0:0:1, 3:0:0:0:0, 4:0:1:0:2, 4:0:0:0:0, 2:0:0:0:0, 3:2:1:0:1, 5:1:1:0:1, 3:0:0:0:0, 2:0:0:0:0, 3:1:0:0:2, 2:0:0:0:0, 3:0:0:0:0, 2:0:0:0:0, 2:1:0:0:1, 4:0:0:0:1, 4:0:0:0:0, 3:0:0:0:0, 2:2:0:0:0, 4:1:0:0:0, 2:1:0:0:1, 2:0:0:0:0, 3:1:0:0:1, 4:0:0:0:1, 2:1:0:0:1, 2:0:0:0:0, 3:0:0:0:0, 4:0:0:0:1, 4:0:0:0:0, 3:0:0:0:0, 3:4:0:0:0, 3:1:0:0:0, 3:1:0:0:1, 3:0:2:0:3, 3:1:0:0:2, 2:0:0:0:0, 2:0:0:0:0, 3:0:0:0:1, 3:0:0:0:0, 4:0:1:0:2, 4:0:0:0:0, 2:0:2:0:2, 4:2:1:0:1, 5:1:1:0:1, 3:0:0:0:0, 2:0:0:0:0, 3:1:0:0:2, 2:0:0:0:0, 3:0:0:0:0, 2:0:0:0:0, 2:1:0:0:1, 4:0:0:0:1, 4:0:0:0:0, 2:0:0:0:0, 2:2:0:0:0, 2:2:0:0:0, 3:1:0:0:1, 2:0:0:0:0, 2:1:0:0:1, 2:0:0:0:0, 1:0:0:0:0, 3:0:0:0:1, 3:0:0:0:0, 3:0:0:0:1, 2:0:0:0:0, 3:0:0:0:0, 4:3:0:0:0, 2:2:0:0:0, 2:1:0:0:1, 3:0:0:0:0, 3:1:0:0:1, 2:0:0:0:0, 1:1:0:0:1, 2:0:0:0:0, 1:0:0:0:1, 2:2:0:0:0, 1:0:0:0:0, 1:0:0:0:0, 2:3:0:0:0, 1:0:0:0:0, 1:0:0:0:0, 1:0:0:0:0, 1:0:0:0:0, 460:108:18:0:85
Eb mixolydian (3b), 0:0:0:0:0, 0:0:0:0:0, 1:0:0:0:0, 0:0:0:0:0, 1:0:0:0:1, 0:0:0:0:0, 1:0:0:0:0, 0:0:0:0:0, 1:0:0:0:0, 1:0:0:0:0, 2:0:0:0:1, 2:0:0:0:1, 0:0:0:0:0, 0:0:0:0:0, 1:0:0:0:0, 0:0:0:0:0, 2:0:0:0:0, 0:0:0:0:0, 3:0:0:0:1, 0:0:0:0:0, 0:0:0:0:0, 1:0:0:0:0, 0:0:0:0:0, 2:0:0:0:1, 0:0:0:0:0, 0:0:0:0:0, 0:0:0:0:0, 0:0:0:0:0, 2:0:0:0:2, 1:0:0:0:0, 2:0:0:0:1, 1:1:0:0:1, 1:0:1:0:0, 1:0:0:0:0, 2:0:0:0:1, 0:0:0:0:0, 1:0:0:0:0, 2:0:0:0:0, 1:0:0:0:1, 1:0:0:0:0, 2:0:0:0:2, 1:0:0:0:0, 1:0:1:0:0, 0:0:0:0:0, 1:0:1:0:0, 1:0:0:0:0, 2:0:0:0:1, 0:0:0:0:0, 1:0:0:0:0, 1:0:0:0:0, 0:0:0:0:0, 1:0:0:0:0, 2:0:0:0:1, 1:0:0:0:0, 2:0:0:0:1, 1:0:0:0:1, 1:0:0:0:0, 2:0:0:0:1, 2:0:0:0:1, 0:0:0:0:0, 1:0:0:0:0, 1:0:0:0:0, 1:0:0:0:1, 2:0:0:0:1, 2:0:0:0:1, 2:0:0:0:0, 1:0:0:0:0, 0:0:0:0:0, 1:0:1:0:0, 2:0:0:0:2, 1:0:0:0:0, 0:0:0:0:0, 2:0:0:0:1, 1:0:0:0:0, 0:0:0:0:0, 0:0:0:0:0, 2:1:0:0:1, 2:0:0:0:0, 1:0:0:0:0, 1:0:0:0:1, 1:0:0:0:1, 1:0:0:0:0, 1:0:0:0:1, 0:0:0:0:0, 3:0:0:0:1, 1:0:0:0:0, 2:0:0:0:1, 2:0:0:0:1, 2:0:0:0:0, 1:0:0:0:1, 0:0:0:0:0, 2:1:1:0:1, 3:0:0:0:1, 2:0:0:0:1, 2:0:0:0:3, 1:0:0:0:0, 1:0:0:0:0, 0:0:0:0:0, 2:0:0:0:1, 0:0:0:0:0, 2:0:0:0:1, 1:0:0:0:0, 2:0:0:0:1, 0:0:0:0:0, 0:0:0:0:0, 1:0:0:0:0, 1:0:0:0:1, 1:0:0:0:0, 2:0:0:0:1, 1:0:0:0:0, 0:0:0:0:0, 0:0:0:0:0, 2:1:0:0:1, 2:0:0:0:0, 1:0:0:0:0, 1:0:0:0:1, 1:0:0:0:1, 2:0:0:0:0, 1:0:0:0:1, 0:0:0:0:0, 3:0:0:0:1, 1:0:0:0:0, 2:0:0:0:2, 2:0:0:0:1, 2:0:0:0:0, 1:0:0:0:1, 1:0:0:0:1, 1:0:1:0:0, 3:0:0:0:1, 2:0:0:0:1, 2:0:0:0:3, 1:0:0:0:0, 1:0:0:0:0, 0:0:0:0:0, 2:0:0:0:1, 0:0:0:0:0, 1:0:0:0:0, 2:0:0:0:1, 2:0:0:0:1, 0:0:0:0:0, 0:0:0:0:0, 1:0:0:0:0, 1:0:0:0:1, 1:0:0:0:0, 2:0:0:0:1, 1:0:0:0:0, 0:0:0:0:0, 0:0:0:0:0, 1:0:0:0:2, 1:0:0:0:0, 2:0:0:0:1, 0:0:0:0:0, 1:0:0:0:1, 1:0:0:0:0, 2:0:0:0:0, 0:0:0:0:0, 1:0:0:0:1, 1:0:0:0:0, 1:0:0:0:1, 2:0:0:0:1, 3:0:0:0:1, 1:0:0:0:0, 1:0:0:0:0, 1:0:0:0:0, 1:0:0:0:1, 2:0:0:0:0, 2:0:0:0:1, 1:0:0:0:0, 0:0:0:0:0, 3:0:0:0:2, 0:0:0:0:0, 3:0:0:0:3, 1:0:0:0:1, 0:0:0:0:0, 0:0:0:0:0, 0:0:0:0:0, 0:0:0:0:0, 0:0:0:0:0, 193:4:6:0:80
A mixolydian (3#), 1:0:0:0:0, 2:0:0:0:0, 2:0:0:0:0, 3:2:0:0:0, 1:0:0:0:0, 2:2:0:0:0, 2:1:0:0:1, 2:0:0:0:0, 3:1:0:0:1, 1:1:0:0:1, 2:0:0:0:0, 3:3:0:0:1, 2:0:0:0:0, 2:0:0:0:0, 2:0:0:0:0, 3:2:0:0:0, 2:0:0:0:0, 3:3:0:0:0, 2:1:0:0:1, 2:0:0:0:0, 2:1:0:0:1, 2:1:0:0:1, 2:0:0:0:0, 3:3:0:0:1, 1:0:0:0:0, 3:1:0:0:1, 3:1:0:0:1, 4:0:0:0:0, 1:0:0:0:0, 2:2:0:0:0, 4:3:1:0:1, 5:0:0:0:0, 2:1:0:0:1, 2:1:0:0:1, 2:0:0:0:0, 1:0:0:0:0, 3:0:0:0:0, 3:0:0:0:0, 4:0:0:0:1, 2:1:0:0:1, 3:0:0:0:0, 3:2:1:0:1, 3:3:1:0:1, 4:0:0:0:0, 2:1:0:0:1, 2:1:0:0:1, 2:0:0:0:0, 1:0:0:0:0, 2:0:0:0:0, 2:1:0:0:1, 4:0:0:0:1, 2:1:0:0:1, 2:0:0:0:0, 3:2:1:0:1, 2:2:0:0:0, 3:0:0:0:0, 2:0:2:0:2, 2:1:0:0:1, 2:0:0:0:0, 1:0:0:0:0, 2:0:0:0:0, 3:0:0:0:0, 3:0:0:0:1, 4:0:0:0:0, 3:1:0:0:1, 2:2:0:0:0, 4:1:0:0:0, 4:0:0:0:0, 4:1:0:0:2, 2:1:0:0:1, 3:0:0:0:1, 2:1:0:0:1, 2:0:0:0:0, 2:1:0:0:1, 4:0:0:0:1, 4:0:0:0:0, 3:0:0:0:0, 2:2:0:0:0, 4:1:0:0:0, 2:1:0:0:1, 2:0:0:0:0, 2:1:0:0:1, 4:0:0:0:1, 2:1:0:0:1, 2:0:0:0:0, 3:0:0:0:0, 4:0:0:0:1, 4:0:0:0:0, 3:0:0:0:0, 3:4:0:0:0, 3:1:0:0:0, 3:1:0:0:1, 3:0:2:0:3, 3:1:0:0:2, 2:0:0:0:0, 2:0:0:0:0, 3:0:0:0:1, 3:0:0:0:0, 4:0:1:0:2, 4:0:0:0:0, 2:0:0:0:0, 3:2:1:0:1, 5:1:1:0:1, 3:0:0:0:0, 2:0:0:0:0, 3:1:0:0:2, 2:0:0:0:0, 3:0:0:0:0, 2:0:0:0:0, 2:1:0:0:1, 4:0:0:0:1, 4:0:0:0:0, 3:0:0:0:0, 2:2:0:0:0, 4:1:0:0:0, 2:1:0:0:1, 2:0:0:0:0, 3:1:0:0:1, 4:0:0:0:1, 2:1:0:0:1, 2:0:0:0:0, 3:0:0:0:0, 4:0:0:0:1, 4:0:0:0:0, 3:0:0:0:0, 3:4:0:0:0, 3:1:0:0:0, 3:1:0:0:1, 3:0:2:0:3, 3:1:0:0:2, 2:0:0:0:0, 2:0:0:0:0, 3:0:0:0:1, 3:0:0:0:0, 4:0:1:0:2, 4:0:0:0:0, 2:0:2:0:2, 4:2:1:0:1, 5:1:1:0:1, 3:0:0:0:0, 2:0:0:0:0, 3:1:0:0:2, 2:0:0:0:0, 3:0:0:0:0, 2:0:0:0:0, 2:1:0:0:1, 4:0:0:0:1, 4:0:0:0:0, 2:0:0:0:0, 2:2:0:0:0, 2:2:0:0:0, 3:1:0:0:1, 2:0:0:0:0, 2:1:0:0:1, 2:0:0:0:0, 1:0:0:0:0, 3:0:0:0:1, 3:0:0:0:0, 3:0:0:0:1, 2:0:0:0:0, 3:0:0:0:0, 4:3:0:0:0, 2:2:0:0:0, 2:1:0:0:1, 3:0:0:0:0, 3:1:0:0:1, 2:0:0:0:0, 1:1:0:0:1, 2:0:0:0:0, 1:0:0:0:1, 2:2:0:0:0, 1:0:0:0:0, 1:0:0:0:0, 2:3:0:0:0, 1:0:0:0:0, 1:0:0:0:0, 1:0:0:0:0, 1:0:0:0:0, 460:108:18:0:85
Eb aeolian (3b), 0:0:0:0:0, 0:0:0:0:0, 1:0:0:0:0, 0:0:0:0:0, 1:0:0:0:1, 0:0:0:0:0, 1:0:0:0:0, 0:0:0:0:0, 1:0:0:0:0, 1:0:0:0:0, 2:0:0:0:1, 2:0:0:0:1, 0:0:0:0:0, 0:0:0:0:0, 1:0:0:0:0, 0:0:0:0:0, 2:0:0:0:0, 0:0:0:0:0, 3:0:0:0:1, 0:0:0:0:0, 0:0:0:0:0, 1:0:0:0:0, 0:0:0:0:0, 2:0:0:0:1, 0:0:0:0:0, 0:0:0:0:0, 0:0:0:0:0, 0:0:0:0:0, 2:0:0:0:2, 1:0:0:0:0, 2:0:0:0:1, 1:1:0:0:1, 1:0:1:0:0, 1:0:0:0:0, 2:0:0:0:1, 0:0:0:0:0, 1:0:0:0:0, 2:0:0:0:0, 1:0:0:0:1, 1:0:0:0:0, 2:0:0:0:2, 1:0:0:0:0, 1:0:1:0:0, 0:0:0:0:0, 1:0:1:0:0, 1:0:0:0:0, 2:0:0:0:1, 0:0:0:0:0, 1:0:0:0:0, 1:0:0:0:0, 0:0:0:0:0, 1:0:0:0:0, 2:0:0:0:1, 1:0:0:0:0, 2:0:0:0:1, 1:0:0:0:1, 1:0:0:0:0, 2:0:0:0:1, 2:0:0:0:1, 0:0:0:0:0, 1:0:0:0:0, 1:0:0:0:0, 1:0:0:0:1, 2:0:0:0:1, 2:0:0:0:1, 2:0:0:0:0, 1:0:0:0:0, 0:0:0:0:0, 1:0:1:0:0, 2:0:0:0:2, 1:0:0:0:0, 0:0:0:0:0, 2:0:0:0:1, 1:0:0:0:0, 0:0:0:0:0, 0:0:0:0:0, 2:1:0:0:1, 2:0:0:0:0, 1:0:0:0:0, 1:0:0:0:1, 1:0:0:0:1, 1:0:0:0:0, 1:0:0:0:1, 0:0:0:0:0, 3:0:0:0:1, 1:0:0:0:0, 2:0:0:0:1, 2:0:0:0:1, 2:0:0:0:0, 1:0:0:0:1, 0:0:0:0:0, 2:1:1:0:1, 3:0:0:0:1, 2:0:0:0:1, 2:0:0:0:3, 1:0:0:0:0, 1:0:0:0:0, 0:0:0:0:0, 2:0:0:0:1, 0:0:0:0:0, 2:0:0:0:1, 1:0:0:0:0, 2:0:0:0:1, 0:0:0:0:0, 0:0:0:0:0, 1:0:0:0:0, 1:0:0:0:1, 1:0:0:0:0, 2:0:0:0:1, 1:0:0:0:0, 0:0:0:0:0, 0:0:0:0:0, 2:1:0:0:1, 2:0:0:0:0, 1:0:0:0:0, 1:0:0:0:1, 1:0:0:0:1, 2:0:0:0:0, 1:0:0:0:1, 0:0:0:0:0, 3:0:0:0:1, 1:0:0:0:0, 2:0:0:0:2, 2:0:0:0:1, 2:0:0:0:0, 1:0:0:0:1, 1:0:0:0:1, 1:0:1:0:0, 3:0:0:0:1, 2:0:0:0:1, 2:0:0:0:3, 1:0:0:0:0, 1:0:0:0:0, 0:0:0:0:0, 2:0:0:0:1, 0:0:0:0:0, 1:0:0:0:0, 2:0:0:0:1, 2:0:0:0:1, 0:0:0:0:0, 0:0:0:0:0, 1:0:0:0:0, 1:0:0:0:1, 1:0:0:0:0, 2:0:0:0:1, 1:0:0:0:0, 0:0:0:0:0, 0:0:0:0:0, 1:0:0:0:2, 1:0:0:0:0, 2:0:0:0:1, 0:0:0:0:0, 1:0:0:0:1, 1:0:0:0:0, 2:0:0:0:0, 0:0:0:0:0, 1:0:0:0:1, 1:0:0:0:0, 1:0:0:0:1, 2:0:0:0:1, 3:0:0:0:1, 1:0:0:0:0, 1:0:0:0:0, 1:0:0:0:0, 1:0:0:0:1, 2:0:0:0:0, 2:0:0:0:1, 1:0:0:0:0, 0:0:0:0:0, 3:0:0:0:2, 0:0:0:0:0, 3:0:0:0:3, 1:0:0:0:1, 0:0:0:0:0, 0:0:0:0:0, 0:0:0:0:0, 0:0:0:0:0, 0:0:0:0:0, 193:4:6:0:80
A aeolian (3#), 1:0:0:0:0, 2:0:0:0:0, 2:0:0:0:0, 3:2:0:0:0, 1:0:0:0:0, 2:2:0:0:0, 2:1:0:0:1, 2:0:0:0:0, 3:1:0:0:1, 1:1:0:0:1, 2:0:0:0:0, 3:3:0:0:1, 2:0:0:0:0, 2:0:0:0:0, 2:0:0:0:0, 3:2:0:0:0, 2:0:0:0:0, 3:3:0:0:0, 2:1:0:0:1, 2:0:0:0:0, 2:1:0:0:1, 2:1:0:0:1, 2:0:0:0:0, 3:3:0:0:1, 1:0:0:0:0, 3:1:0:0:1, 3:1:0:0:1, 4:0:0:0:0, 1:0:0:0:0, 2:2:0:0:0, 4:3:1:0:1, 5:0:0:0:0, 2:1:0:0:1, 2:1:0:0:1, 2:0:0:0:0, 1:0:0:0:0, 3:0:0:0:0, 3:0:0:0:0, 4:0:0:0:1, 2:1:0:0:1, 3:0:0:0:0, 3:2:1:0:1, 3:3:1:0:1, 4:0:0:0:0, 2:1:0:0:1, 2:1:0:0:1, 2:0:0:0:0, 1:0:0:0:0, 2:0:0:0:0, 2:1:0:0:1, 4:0:0:0:1, 2:1:0:0:1, 2:0:0:0:0, 3:2:1:0:1, 2:2:0:0:0, 3:0:0:0:0, 2:0:2:0:2, 2:1:0:0:1, 2:0:0:0:0, 1:0:0:0:0, 2:0:0:0:0, 3:0:0:0:0, 3:0:0:0:1, 4:0:0:0:0, 3:1:0:0:1, 2:2:0:0:0, 4:1:0:0:0, 4:0:0:0:0, 4:1:0:0:2, 2:1:0:0:1, 3:0:0:0:1, 2:1:0:0:1, 2:0:0:0:0, 2:1:0:0:1, 4:0:0:0:1, 4:0:0:0:0, 3:0:0:0:0, 2:2:0:0:0, 4:1:0:0:0, 2:1:0:0:1, 2:0:0:0:0, 2:1:0:0:1, 4:0:0:0:1, 2:1:0:0:1, 2:0:0:0:0, 3:0:0:0:0, 4:0:0:0:1, 4:0:0:0:0, 3:0:0:0:0, 3:4:0:0:0, 3:1:0:0:0, 3:1:0:0:1, 3:0:2:0:3, 3:1:0:0:2, 2:0:0:0:0, 2:0:0:0:0, 3:0:0:0:1, 3:0:0:0:0, 4:0:1:0:2, 4:0:0:0:0, 2:0:0:0:0, 3:2:1:0:1, 5:1:1:0:1, 3:0:0:0:0, 2:0:0:0:0, 3:1:0:0:2, 2:0:0:0:0, 3:0:0:0:0, 2:0:0:0:0, 2:1:0:0:1, 4:0:0:0:1, 4:0:0:0:0, 3:0:0:0:0, 2:2:0:0:0, 4:1:0:0:0, 2:1:0:0:1, 2:0:0:0:0, 3:1:0:0:1, 4:0:0:0:1, 2:1:0:0:1, 2:0:0:0:0, 3:0:0:0:0, 4:0:0:0:1, 4:0:0:0:0, 3:0:0:0:0, 3:4:0:0:0, 3:1:0:0:0, 3:1:0:0:1, 3:0:2:0:3, 3:1:0:0:2, 2:0:0:0:0, 2:0:0:0:0, 3:0:0:0:1, 3:0:0:0:0, 4:0:1:0:2, 4:0:0:0:0, 2:0:2:0:2, 4:2:1:0:1, 5:1:1:0:1, 3:0:0:0:0, 2:0:0:0:0, 3:1:0:0:2, 2:0:0:0:0, 3:0:0:0:0, 2:0:0:0:0, 2:1:0:0:1, 4:0:0:0:1, 4:0:0:0:0, 2:0:0:0:0, 2:2:0:0:0, 2:2:0:0:0, 3:1:0:0:1, 2:0:0:0:0, 2:1:0:0:1, 2:0:0:0:0, 1:0:0:0:0, 3:0:0:0:1, 3:0:0:0:0, 3:0:0:0:1, 2:0:0:0:0, 3:0:0:0:0, 4:3:0:0:0, 2:2:0:0:0, 2:1:0:0:1, 3:0:0:0:0, 3:1:0:0:1, 2:0:0:0:0, 1:1:0:0:1, 2:0:0:0:0, 1:0:0:0:1, 2:2:0:0:0, 1:0:0:0:0, 1:0:0:0:0, 2:3:0:0:0, 1:0:0:0:0, 1:0:0:0:0, 1:0:0:0:0, 1:0:0:0:0, 460:108:18:0:85
Eb locrian (3b), 0:0:0:0:0, 0:0:0:0:0, 1:0:0:0:0, 0:0:0:0:0, 1:0:0:0:1, 0:0:0:0:0, 1:0:0:0:0, 0:0:0:0:0, 1:0:0:0:0, 1:0:0:0:0, 2:0:0:0:1, 2:0:0:0:1, 0:0:0:0:0, 0:0:0:0:0, 1:0:0:0:0, 0:0:0:0:0, 2:0:0:0:0, 0:0:0:0:0, 3:0:0:0:1, 0:0:0:0:0, 0:0:0:0:0, 1:0:0:0:0, 0:0:0:0:0, 2:0:0:0:1, 0:0:0:0:0, 0:0:0:0:0, 0:0:0:0:0, 0:0:0:0:0, 2:0:0:0:2, 1:0:0:0:0, 2:0:0:0:1, 1:1:0:0:1, 1:0:1:0:0, 1:0:0:0:0, 2:0:0:0:1, 0:0:0:0:0, 1:0:0:0:0, 2:0:0:0:0, 1:0:0:0:1, 1:0:0:0:0, 2:0:0:0:2, 1:0:0:0:0, 1:0:1:0:0, 0:0:0:0:0, 1:0:1:0:0, 1:0:0:0:0, 2:0:0:0:1, 0:0:0:0:0, 1:0:0:0:0, 1:0:0:0:0, 0:0:0:0:0, 1:0:0:0:0, 2:0:0:0:1, 1:0:0:0:0, 2:0:0:0:1, 1:0:0:0:1, 1:0:0:0:0, 2:0:0:0:1, 2:0:0:0:1, 0:0:0:0:0, 1:0:0:0:0, 1:0:0:0:0, 1:0:0:0:1, 2:0:0:0:1, 2:0:0:0:1, 2:0:0:0:0, 1:0:0:0:0, 0:0:0:0:0, 1:0:1:0:0, 2:0:0:0:2, 1:0:0:0:0, 0:0:0:0:0, 2:0:0:0:1, 1:0:0:0:0, 0:0:0:0:0, 0:0:0:0:0, 2:1:0:0:1, 2:0:0:0:0, 1:0:0:0:0, 1:0:0:0:1, 1:0:0:0:1, 1:0:0:0:0, 1:0:0:0:1, 0:0:0:0:0, 3:0:0:0:1, 1:0:0:0:0, 2:0:0:0:1, 2:0:0:0:1, 2:0:0:0:0, 1:0:0:0:1, 0:0:0:0:0, 2:1:1:0:1, 3:0:0:0:1, 2:0:0:0:1, 2:0:0:0:3, 1:0:0:0:0, 1:0:0:0:0, 0:0:0:0:0, 2:0:0:0:1, 0:0:0:0:0, 2:0:0:0:1, 1:0:0:0:0, 2:0:0:0:1, 0:0:0:0:0, 0:0:0:0:0, 1:0:0:0:0, 1:0:0:0:1, 1:0:0:0:0, 2:0:0:0:1, 1:0:0:0:0, 0:0:0:0:0, 0:0:0:0:0, 2:1:0:0:1, 2:0:0:0:0, 1:0:0:0:0, 1:0:0:0:1, 1:0:0:0:1, 2:0:0:0:0, 1:0:0:0:1, 0:0:0:0:0, 3:0:0:0:1, 1:0:0:0:0, 2:0:0:0:2, 2:0:0:0:1, 2:0:0:0:0, 1:0:0:0:1, 1:0:0:0:1, 1:0:1:0:0, 3:0:0:0:1, 2:0:0:0:1, 2:0:0:0:3, 1:0:0:0:0, 1:0:0:0:0, 0:0:0:0:0, 2:0:0:0:1, 0:0:0:0:0, 1:0:0:0:0, 2:0:0:0:1, 2:0:0:0:1, 0:0:0:0:0, 0:0:0:0:0, 1:0:0:0:0, 1:0:0:0:1, 1:0:0:0:0, 2:0:0:0:1, 1:0:0:0:0, 0:0:0:0:0, 0:0:0:0:0, 1:0:0:0:2, 1:0:0:0:0, 2:0:0:0:1, 0:0:0:0:0, 1:0:0:0:1, 1:0:0:0:0, 2:0:0:0:0, 0:0:0:0:0, 1:0:0:0:1, 1:0:0:0:0, 1:0:0:0:1, 2:0:0:0:1, 3:0:0:0:1, 1:0:0:0:0, 1:0:0:0:0, 1:0:0:0:0, 1:0:0:0:1, 2:0:0:0:0, 2:0:0:0:1, 1:0:0:0:0, 0:0:0:0:0, 3:0:0:0:2, 0:0:0:0:0, 3:0:0:0:3, 1:0:0:0:1, 0:0:0:0:0, 0:0:0:0:0, 0:0:0:0:0, 0:0:0:0:0, 0:0:0:0:0, 193:4:6:0:80
A locrian (3#), 1:0:0:0:0, 2:0:0:0:0, 2:0:0:0:0, 3:2:0:0:0, 1:0:0:0:0, 2:2:0:0:0, 2:1:0:0:1, 2:0:0:0:0, 3:1:0:0:1, 1:1:0:0:1, 2:0:0:0:0, 3:3:0:0:1, 2:0:0:0:0, 2:0:0:0:0, 2:0:0:0:0, 3:2:0:0:0, 2:0:0:0:0, 3:3:0:0:0, 2:1:0:0:1, 2:0:0:0:0, 2:1:0:0:1, 2:1:0:0:1, 2:0:0:0:0, 3:3:0:0:1, 1:0:0:0:0, 3:1:0:0:1, 3:1:0:0:1, 4:0:0:0:0, 1:0:0:0:0, 2:2:0:0:0, 4:3:1:0:1, 5:0:0:0:0, 2:1:0:0:1, 2:1:0:0:1, 2:0:0:0:0, 1:0:0:0:0, 3:0:0:0:0, 3:0:0:0:0, 4:0:0:0:1, 2:1:0:0:1, 3:0:0:0:0, 3:2:1:0:1, 3:3:1:0:1, 4:0:0:0:0, 2:1:0:0:1, 2:1:0:0:1, 2:0:0:0:0, 1:0:0:0:0, 2:0:0:0:0, 2:1:0:0:1, 4:0:0:0:1, 2:1:0:0:1, 2:0:0:0:0, 3:2:1:0:1, 2:2:0:0:0, 3:0:0:0:0, 2:0:2:0:2, 2:1:0:0:1, 2:0:0:0:0, 1:0:0:0:0, 2:0:0:0:0, 3:0:0:0:0, 3:0:0:0:1, 4:0:0:0:0, 3:1:0:0:1, 2:2:0:0:0, 4:1:0:0:0, 4:0:0:0:0, 4:1:0:0:2, 2:1:0:0:1, 3:0:0:0:1, 2:1:0:0:1, 2:0:0:0:0, 2:1:0:0:1, 4:0:0:0:1, 4:0:0:0:0, 3:0:0:0:0, 2:2:0:0:0, 4:1:0:0:0, 2:1:0:0:1, 2:0:0:0:0, 2:1:0:0:1, 4:0:0:0:1, 2:1:0:0:1, 2:0:0:0:0, 3:0:0:0:0, 4:0:0:0:1, 4:0:0:0:0, 3:0:0:0:0, 3:4:0:0:0, 3:1:0:0:0, 3:1:0:0:1, 3:0:2:0:3, 3:1:0:0:2, 2:0:0:0:0, 2:0:0:0:0, 3:0:0:0:1, 3:0:0:0:0, 4:0:1:0:2, 4:0:0:0:0, 2:0:0:0:0, 3:2:1:0:1, 5:1:1:0:1, 3:0:0:0:0, 2:0:0:0:0, 3:1:0:0:2, 2:0:0:0:0, 3:0:0:0:0, 2:0:0:0:0, 2:1:0:0:1, 4:0:0:0:1, 4:0:0:0:0, 3:0:0:0:0, 2:2:0:0:0, 4:1:0:0:0, 2:1:0:0:1, 2:0:0:0:0, 3:1:0:0:1, 4:0:0:0:1, 2:1:0:0:1, 2:0:0:0:0, 3:0:0:0:0, 4:0:0:0:1, 4:0:0:0:0, 3:0:0:0:0, 3:4:0:0:0, 3:1:0:0:0, 3:1:0:0:1, 3:0:2:0:3, 3:1:0:0:2, 2:0:0:0:0, 2:0:0:0:0, 3:0:0:0:1, 3:0:0:0:0, 4:0:1:0:2, 4:0:0:0:0, 2:0:2:0:2, 4:2:1:0:1, 5:1:1:0:1, 3:0:0:0:0, 2:0:0:0:0, 3:1:0:0:2, 2:0:0:0:0, 3:0:0:0:0, 2:0:0:0:0, 2:1:0:0:1, 4:0:0:0:1, 4:0:0:0:0, 2:0:0:0:0, 2:2:0:0:0, 2:2:0:0:0, 3:1:0:0:1, 2:0:0:0:0, 2:1:0:0:1, 2:0:0:0:0, 1:0:0:0:0, 3:0:0:0:1, 3:0:0:0:0, 3:0:0:0:1, 2:0:0:0:0, 3:0:0:0:0, 4:3:0:0:0, 2:2:0:0:0, 2:1:0:0:1, 3:0:0:0:0, 3:1:0:0:1, 2:0:0:0:0, 1:1:0:0:1, 2:0:0:0:0, 1:0:0:0:1, 2:2:0:0:0, 1:0:0:0:0, 1:0:0:0:0, 2:3:0:0:0, 1:0:0:0:0, 1:0:0:0:0, 1:0:0:0:0, 1:0:0:0:0, 460:108:18:0:85
Ab major (4b), 0:0:0:0:0, 0:0:0:0:0, 2:0:0:0:0, 0:0:0:0:0, 1:0:0:0:1, 0:0:0:0:0, 0:0:0:0:0, 0:0:0:0:0, 1:0:0:0:1, 0:0:0:0:0, 3:0:0:0:2, 2:0:0:0:1, 0:0:0:0:0, 0:0:0:0:0, 2:0:0:0:0, 1:0:0:0:0, 1:0:0:0:1, 1:0:0:0:0, 2:0:0:0:1, 0:0:0:0:0, 0:0:0:0:0, 0:0:0:0:0, 0:0:0:0:0, 2:0:0:0:1, 0:0:0:0:0, 0:0:0:0:0, 1:0:0:0:0, 0:0:0:0:0, 2:0:0:0:3, 2:0:0:0:0, 3:0:0:0:1, 1:1:0:0:1, 2:0:1:0:0, 0:0:0:0:0, 2:0:0:0:1, 1:0:0:0:0, 0:0:0:0:0, 1:0:0:0:1, 2:0:0:0:1, 2:0:0:0:0, 2:0:0:0:3, 0:0:0:0:0, 1:0:1:0:0, 0:0:0:0:0, 2:0:1:0:0, 0:0:0:0:0, 2:0:0:0:1, 1:0:0:0:0, 0:0:0:0:0, 2:0:0:0:0, 0:0:0:0:0, 2:0:0:0:0, 2:0:0:0:2, 0:0:0:0:0, 2:0:0:0:2, 1:0:0:0:1, 0:0:0:0:0, 1:0:0:0:1, 3:0:0:0:2, 1:0:0:0:0, 0:0:0:0:0, 1:0:0:0:2, 2:0:0:0:1, 3:0:0:0:1, 2:0:0:0:1, 2:0:0:0:1, 0:0:0:0:0, 0:0:0:0:0, 2:0:1:0:0, 1:0:0:0:2, 2:0:0:0:0, 1:0:0:0:0, 1:0:0:0:1, 2:0:0:0:0, 0:0:0:0:0, 0:0:0:0:0, 2:1:0:0:2, 2:0:0:0:1, 0:0:0:0:0, 2:0:0:0:1, 1:0:0:0:1, 0:0:0:0:0, 1:0:0:0:1, 1:0:0:0:0, 2:0:0:0:1, 1:0:0:0:1, 3:0:0:0:2, 2:0:0:0:2, 1:0:0:0:2, 2:0:0:0:1, 1:0:0:0:0, 2:0:1:0:0, 2:0:0:0:1, 1:0:0:0:1, 3:0:0:0:4, 2:0:0:0:0, 1:0:0:0:0, 0:0:0:0:0, 1:0:0:0:1, 0:0:0:0:0, 3:0:0:0:1, 0:0:0:0:0, 2:0:0:0:1, 1:0:0:0:0, 0:0:0:0:0, 0:0:0:0:0, 1:0:0:0:1, 2:0:0:0:0, 2:0:0:0:1, 2:0:0:0:0, 0:0:0:0:0, 0:0:0:0:0, 2:1:0:0:2, 2:0:0:0:1, 0:0:0:0:0, 2:0:0:0:1, 1:0:0:0:1, 1:0:0:0:0, 1:0:0:0:1, 1:0:0:0:0, 2:0:0:0:1, 1:0:0:0:1, 3:0:0:0:3, 2:0:0:0:2, 1:0:0:0:2, 2:0:0:0:1, 1:0:0:0:1, 2:0:1:0:0, 2:0:0:0:1, 1:0:0:0:1, 3:0:0:0:4, 2:0:0:0:0, 1:0:0:0:0, 0:0:0:0:0, 1:0:0:0:1, 0:0:0:0:0, 2:0:0:0:0, 1:0:0:0:1, 2:0:0:0:1, 0:0:0:0:0, 0:0:0:0:0, 0:0:0:0:0, 1:0:0:0:1, 2:0:0:0:0, 2:0:0:0:1, 2:0:0:0:0, 0:0:0:0:0, 0:0:0:0:0, 1:0:0:0:2, 1:0:0:0:0, 2:0:0:0:2, 1:0:0:0:0, 1:0:0:0:1, 0:0:0:0:0, 2:0:0:0:1, 1:0:0:0:0, 1:0:0:0:1, 1:0:0:0:1, 2:0:0:0:1, 2:0:0:0:1, 4:0:0:0:2, 2:0:0:0:1, 2:0:0:0:0, 2:0:0:0:0, 2:0:0:0:1, 1:0:0:0:0, 2:0:0:0:2, 0:0:0:0:0, 0:0:0:0:0, 3:0:0:0:2, 0:0:0:0:0, 3:0:0:0:3, 2:0:0:0:1, 0:0:0:0:0, 0:0:0:0:0, 0:0:0:0:0, 0:0:0:0:0, 0:0:0:0:0, 208:3:6:0:113
E major (4#), 1:0:0:0:0, 1:0:0:0:0, 3:0:0:0:0, 3:2:0:0:2, 1:0:0:0:0, 2:2:0:0:2, 2:1:0:0:1, 2:0:0:0:0, 3:1:0:0:1, 1:1:0:0:1, 3:0:0:0:0, 3:3:0:0:3, 1:0:0:0:0, 1:0:0:0:0, 3:0:0:0:0, 4:2:0:0:2, 2:0:0:0:0, 4:3:0:0:3, 2:1:0:0:1, 2:0:0:0:0, 2:1:0:0:1, 2:1:0:0:1, 1:0:0:0:0, 3:3:0:0:3, 1:0:0:0:0, 3:1:0:0:1, 3:0:0:0:0, 4:0:0:0:0, 1:0:0:0:0, 3:2:0:0:2, 5:3:1:0:3, 5:0:0:0:0, 2:0:0:0:0, 2:1:0:0:1, 2:0:0:0:0, 2:0:0:0:0, 3:0:0:0:0, 3:0:0:0:0, 5:0:0:0:0, 2:0:0:0:0, 3:0:0:0:0, 3:2:1:0:3, 3:3:1:0:3, 4:0:0:0:0, 2:0:0:0:0, 2:1:0:0:1, 2:0:0:0:0, 2:0:0:0:0, 2:0:0:0:0, 2:0:0:0:0, 4:0:0:0:0, 2:0:0:0:0, 2:0:0:0:0, 3:2:1:0:3, 2:2:0:0:2, 3:0:0:0:0, 2:0:2:0:2, 2:1:0:0:1, 3:0:0:0:0, 2:0:0:0:0, 2:0:0:0:0, 3:0:0:0:0, 4:0:0:0:0, 3:0:0:0:0, 3:1:0:0:1, 2:2:0:0:2, 3:1:0:0:1, 4:0:0:0:0, 4:0:0:0:0, 2:1:0:0:1, 4:0:0:0:0, 2:0:0:0:0, 2:0:0:0:0, 2:0:0:0:0, 4:0:0:0:0, 4:0:0:0:0, 3:0:0:0:0, 2:2:0:0:2, 3:1:0:0:1, 2:0:0:0:0, 2:0:0:0:0, 2:1:0:0:1, 4:0:0:0:0, 2:0:0:0:0, 3:0:0:0:0, 3:0:0:0:0, 5:0:0:0:0, 3:0:0:0:0, 3:0:0:0:0, 4:4:0:0:4, 4:1:0:0:1, 3:0:0:0:0, 4:0:2:0:2, 3:1:0:0:1, 3:0:0:0:0, 3:0:0:0:0, 3:0:0:0:0, 3:0:0:0:0, 4:0:1:0:1, 3:0:0:0:0, 3:0:0:0:0, 2:2:1:0:3, 5:1:1:0:2, 4:0:0:0:0, 2:0:0:0:0, 3:1:0:0:1, 2:0:0:0:0, 4:0:0:0:0, 2:0:0:0:0, 2:0:0:0:0, 4:0:0:0:0, 4:0:0:0:0, 3:0:0:0:0, 2:2:0:0:2, 3:1:0:0:1, 2:0:0:0:0, 2:0:0:0:0, 3:1:0:0:1, 4:0:0:0:0, 2:0:0:0:0, 3:0:0:0:0, 3:0:0:0:0, 5:0:0:0:0, 3:0:0:0:0, 3:0:0:0:0, 4:4:0:0:4, 3:1:0:0:1, 3:0:0:0:0, 4:0:2:0:2, 3:1:0:0:1, 3:0:0:0:0, 3:0:0:0:0, 3:0:0:0:0, 3:0:0:0:0, 4:0:1:0:1, 3:0:0:0:0, 3:0:2:0:2, 3:2:1:0:3, 5:1:1:0:2, 3:0:0:0:0, 2:0:0:0:0, 3:1:0:0:1, 2:0:0:0:0, 4:0:0:0:0, 2:0:0:0:0, 2:0:0:0:0, 4:0:0:0:0, 4:0:0:0:0, 2:0:0:0:0, 2:2:0:0:2, 2:2:0:0:2, 3:0:0:0:0, 2:0:0:0:0, 2:1:0:0:1, 2:0:0:0:0, 2:0:0:0:0, 3:0:0:0:0, 3:0:0:0:0, 4:0:0:0:0, 1:0:0:0:0, 4:0:0:0:0, 5:3:0:0:3, 3:2:0:0:2, 3:1:0:0:1, 4:0:0:0:0, 3:1:0:0:1, 2:0:0:0:0, 1:1:0:0:1, 2:0:0:0:0, 1:0:0:0:0, 2:2:0:0:2, 1:0:0:0:0, 2:0:0:0:0, 2:3:0:0:3, 1:0:0:0:0, 1:0:0:0:0, 1:0:0:0:0, 1:0:0:0:0, 485:90:18:0:106
F minor (4b), 0:0:0:0:0, 0:0:0:0:0, 2:0:0:0:0, 0:0:0:0:0, 1:0:0:0:1, 0:0:0:0:0, 0:0:0:0:0, 0:0:0:0:0, 1:0:0:0:1, 0:0:0:0:0, 3:0:0:0:2, 2:0:0:0:1, 0:0:0:0:0, 0:0:0:0:0, 2:0:0:0:0, 1:0:0:0:0, 1:0:0:0:1, 1:0:0:0:0, 2:0:0:0:1, 0:0:0:0:0, 0:0:0:0:0, 0:0:0:0:0, 0:0:0:0:0, 2:0:0:0:1, 0:0:0:0:0, 0:0:0:0:0, 1:0:0:0:0, 0:0:0:0:0, 2:0:0:0:3, 2:0:0:0:0, 3:0:0:0:1, 1:1:0:0:1, 2:0:1:0:0, 0:0:0:0:0, 2:0:0:0:1, 1:0:0:0:0, 0:0:0:0:0, 1:0:0:0:1, 2:0:0:0:1, 2:0:0:0:0, 2:0:0:0:3, 0:0:0:0:0, 1:0:1:0:0, 0:0:0:0:0, 2:0:1:0:0, 0:0:0:0:0, 2:0:0:0:1, 1:0:0:0:0, 0:0:0:0:0, 2:0:0:0:0, 0:0:0:0:0, 2:0:0:0:0, 2:0:0:0:2, 0:0:0:0:0, 2:0:0:0:2, 1:0:0:0:1, 0:0:0:0:0, 1:0:0:0:1, 3:0:0:0:2, 1:0:0:0:0, 0:0:0:0:0, 1:0:0:0:2, 2:0:0:0:1, 3:0:0:0:1, 2:0:0:0:1, 2:0:0:0:1, 0:0:0:0:0, 0:0:0:0:0, 2:0:1:0:0, 1:0:0:0:2, 2:0:0:0:0, 1:0:0:0:0, 1:0:0:0:1, 2:0:0:0:0, 0:0:0:0:0, 0:0:0:0:0, 2:1:0:0:2, 2:0:0:0:1, 0:0:0:0:0, 2:0:0:0:1, 1:0:0:0:1, 0:0:0:0:0, 1:0:0:0:1, 1:0:0:0:0, 2:0:0:0:1, 1:0:0:0:1, 3:0:0:0:2, 2:0:0:0:2, 1:0:0:0:2, 2:0:0:0:1, 1:0:0:0:0, 2:0:1:0:0, 2:0:0:0:1, 1:0:0:0:1, 3:0:0:0:4, 2:0:0:0:0, 1:0:0:0:0, 0:0:0:0:0, 1:0:0:0:1, 0:0:0:0:0, 3:0:0:0:1, 0:0:0:0:0, 2:0:0:0:1, 1:0:0:0:0, 0:0:0:0:0, 0:0:0:0:0, 1:0:0:0:1, 2:0:0:0:0, 2:0:0:0:1, 2:0:0:0:0, 0:0:0:0:0, 0:0:0:0:0, 2:1:0:0:2, 2:0:0:0:1, 0:0:0:0:0, 2:0:0:0:1, 1:0:0:0:1, 1:0:0:0:0, 1:0:0:0:1, 1:0:0:0:0, 2:0:0:0:1, 1:0:0:0:1, 3:0:0:0:3, 2:0:0:0:2, 1:0:0:0:2, 2:0:0:0:1, 1:0:0:0:1, 2:0:1:0:0, 2:0:0:0:1, 1:0:0:0:1, 3:0:0:0:4, 2:0:0:0:0, 1:0:0:0:0, 0:0:0:0:0, 1:0:0:0:1, 0:0:0:0:0, 2:0:0:0:0, 1:0:0:0:1, 2:0:0:0:1, 0:0:0:0:0, 0:0:0:0:0, 0:0:0:0:0, 1:0:0:0:1, 2:0:0:0:0, 2:0:0:0:1, 2:0:0:0:0, 0:0:0:0:0, 0:0:0:0:0, 1:0:0:0:2, 1:0:0:0:0, 2:0:0:0:2, 1:0:0:0:0, 1:0:0:0:1, 0:0:0:0:0, 2:0:0:0:1, 1:0:0:0:0, 1:0:0:0:1, 1:0:0:0:1, 2:0:0:0:1, 2:0:0:0:1, 4:0:0:0:2, 2:0:0:0:1, 2:0:0:0:0, 2:0:0:0:0, 2:0:0:0:1, 1:0:0:0:0, 2:0:0:0:2, 0:0:0:0:0, 0:0:0:0:0, 3:0:0:0:2, 0:0:0:0:0, 3:0:0:0:3, 2:0:0:0:1, 0:0:0:0:0, 0:0:0:0:0, 0:0:0:0:0, 0:0:0:0:0, 0:0:0:0:0, 208:3:6:0:113
C# minor (4#), 1:0:0:0:0, 1:0:0:0:0, 3:0:0:0:0, 3:2:0:0:2, 1:0:0:0:0, 2:2:0:0:2, 2:1:0:0:1, 2:0:0:0:0, 3:1:0:0:1, 1:1:0:0:1, 3:0:0:0:0, 3:3:0:0:3, 1:0:0:0:0, 1:0:0:0:0, 3:0:0:0:0, 4:2:0:0:2, 2:0:0:0:0, 4:3:0:0:3, 2:1:0:0:1, 2:0:0:0:0, 2:1:0:0:1, 2:1:0:0:1, 1:0:0:0:0, 3:3:0:0:3, 1:0:0:0:0, 3:1:0:0:1, 3:0:0:0:0, 4:0:0:0:0, 1:0:0:0:0, 3:2:0:0:2, 5:3:1:0:3, 5:0:0:0:0, 2:0:0:0:0, 2:1:0:0:1, 2:0:0:0:0, 2:0:0:0:0, 3:0:0:0:0, 3:0:0:0:0, 5:0:0:0:0, 2:0:0:0:0, 3:0:0:0:0, 3:2:1:0:3, 3:3:1:0:3, 4:0:0:0:0, 2:0:0:0:0, 2:1:0:0:1, 2:0:0:0:0, 2:0:0:0:0, 2:0:0:0:0, 2:0:0:0:0, 4:0:0:0:0, 2:0:0:0:0, 2:0:0:0:0, 3:2:1:0:3, 2:2:0:0:2, 3:0:0:0:0, 2:0:2:0:2, 2:1:0:0:1, 3:0:0:0:0, 2:0:0:0:0, 2:0:0:0:0, 3:0:0:0:0, 4:0:0:0:0, 3:0:0:0:0, 3:1:0:0:1, 2:2:0:0:2, 3:1:0:0:1, 4:0:0:0:0, 4:0:0:0:0, 2:1:0:0:1, 4:0:0:0:0, 2:0:0:0:0, 2:0:0:0:0, 2:0:0:0:0, 4:0:0:0:0, 4:0:0:0:0, 3:0:0:0:0, 2:2:0:0:2, 3:1:0:0:1, 2:0:0:0:0, 2:0:0:0:0, 2:1:0:0:1, 4:0:0:0:0, 2:0:0:0:0, 3:0:0:0:0, 3:0:0:0:0, 5:0:0:0:0, 3:0:0:0:0, 3:0:0:0:0, 4:4:0:0:4, 4:1:0:0:1, 3:0:0:0:0, 4:0:2:0:2, 3:1:0:0:1, 3:0:0:0:0, 3:0:0:0:0, 3:0:0:0:0, 3:0:0:0:0, 4:0:1:0:1, 3:0:0:0:0, 3:0:0:0:0, 2:2:1:0:3, 5:1:1:0:2, 4:0:0:0:0, 2:0:0:0:0, 3:1:0:0:1, 2:0:0:0:0, 4:0:0:0:0, 2:0:0:0:0, 2:0:0:0:0, 4:0:0:0:0, 4:0:0:0:0, 3:0:0:0:0, 2:2:0:0:2, 3:1:0:0:1, 2:0:0:0:0, 2:0:0:0:0, 3:1:0:0:1, 4:0:0:0:0, 2:0:0:0:0, 3:0:0:0:0, 3:0:0:0:0, 5:0:0:0:0, 3:0:0:0:0, 3:0:0:0:0, 4:4:0:0:4, 3:1:0:0:1, 3:0:0:0:0, 4:0:2:0:2, 3:1:0:0:1, 3:0:0:0:0, 3:0:0:0:0, 3:0:0:0:0, 3:0:0:0:0, 4:0:1:0:1, 3:0:0:0:0, 3:0:2:0:2, 3:2:1:0:3, 5:1:1:0:2, 3:0:0:0:0, 2:0:0:0:0, 3:1:0:0:1, 2:0:0:0:0, 4:0:0:0:0, 2:0:0:0:0, 2:0:0:0:0, 4:0:0:0:0, 4:0:0:0:0, 2:0:0:0:0, 2:2:0:0:2, 2:2:0:0:2, 3:0:0:0:0, 2:0:0:0:0, 2:1:0:0:1, 2:0:0:0:0, 2:0:0:0:0, 3:0:0:0:0, 3:0:0:0:0, 4:0:0:0:0, 1:0:0:0:0, 4:0:0:0:0, 5:3:0:0:3, 3:2:0:0:2, 3:1:0:0:1, 4:0:0:0:0, 3:1:0:0:1, 2:0:0:0:0, 1:1:0:0:1, 2:0:0:0:0, 1:0:0:0:0, 2:2:0:0:2, 1:0:0:0:0, 2:0:0:0:0, 2:3:0:0:3, 1:0:0:0:0, 1:0:0:0:0, 1:0:0:0:0, 1:0:0:0:0, 485:90:18:0:106
F minor mel (4b), 0:0:0:0:0, 0:0:0:0:0, 2:0:0:0:0, 0:0:0:0:0, 1:0:0:0:1, 0:0:0:0:0, 0:0:0:0:0, 0:0:0:0:0, 1:0:0:0:1, 0:0:0:0:0, 3:0:0:0:2, 2:0:0:0:1, 0:0:0:0:0, 0:0:0:0:0, 2:0:0:0:0, 1:0:0:0:0, 1:0:0:0:1, 1:0:0:0:0, 2:0:0:0:1, 0:0:0:0:0, 0:0:0:0:0, 0:0:0:0:0, 0:0:0:0:0, 2:0:0:0:1, 0:0:0:0:0, 0:0:0:0:0, 1:0:0:0:0, 0:0:0:0:0, 2:0:0:0:3, 2:0:0:0:0, 3:0:0:0:1, 1:1:0:0:1, 2:0:1:0:0, 0:0:0:0:0, 2:0:0:0:1, 1:0:0:0:0, 0:0:0:0:0, 1:0:0:0:1, 2:0:0:0:1, 2:0:0:0:0, 2:0:0:0:3, 0:0:0:0:0, 1:0:1:0:0, 0:0:0:0:0, 2:0:1:0:0, 0:0:0:0:0, 2:0:0:0:1, 1:0:0:0:0, 0:0:0:0:0, 2:0:0:0:0, 0:0:0:0:0, 2:0:0:0:0, 2:0:0:0:2, 0:0:0:0:0, 2:0:0:0:2, 1:0:0:0:1, 0:0:0:0:0, 1:0:0:0:1, 3:0:0:0:2, 1:0:0:0:0, 0:0:0:0:0, 1:0:0:0:2, 2:0:0:0:1, 3:0:0:0:1, 2:0:0:0:1, 2:0:0:0:1, 0:0:0:0:0, 0:0:0:0:0, 2:0:1:0:0, 1:0:0:0:2, 2:0:0:0:0, 1:0:0:0:0, 1:0:0:0:1, 2:0:0:0:0, 0:0:0:0:0, 0:0:0:0:0, 2:1:0:0:2, 2:0:0:0:1, 0:0:0:0:0, 2:0:0:0:1, 1:0:0:0:1, 0:0:0:0:0, 1:0:0:0:1, 1:0:0:0:0, 2:0:0:0:1, 1:0:0:0:1, 3:0:0:0:2, 2:0:0:0:2, 1:0:0:0:2, 2:0:0:0:1, 1:0:0:0:0, 2:0:1:0:0, 2:0:0:0:1, 1:0:0:0:1, 3:0:0:0:4, 2:0:0:0:0, 1:0:0:0:0, 0:0:0:0:0, 1:0:0:0:1, 0:0:0:0:0, 3:0:0:0:1, 0:0:0:0:0, 2:0:0:0:1, 1:0:0:0:0, 0:0:0:0:0, 0:0:0:0:0, 1:0:0:0:1, 2:0:0:0:0, 2:0:0:0:1, 2:0:0:0:0, 0:0:0:0:0, 0:0:0:0:0, 2:1:0:0:2, 2:0:0:0:1, 0:0:0:0:0, 2:0:0:0:1, 1:0:0:0:1, 1:0:0:0:0, 1:0:0:0:1, 1:0:0:0:0, 2:0:0:0:1, 1:0:0:0:1, 3:0:0:0:3, 2:0:0:0:2, 1:0:0:0:2, 2:0:0:0:1, 1:0:0:0:1, 2:0:1:0:0, 2:0:0:0:1, 1:0:0:0:1, 3:0:0:0:4, 2:0:0:0:0, 1:0:0:0:0, 0:0:0:0:0, 1:0:0:0:1, 0:0:0:0:0, 2:0:0:0:0, 1:0:0:0:1, 2:0:0:0:1, 0:0:0:0:0, 0:0:0:0:0, 0:0:0:0:0, 1:0:0:0:1, 2:0:0:0:0, 2:0:0:0:1, 2:0:0:0:0, 0:0:0:0:0, 0:0:0:0:0, 1:0:0:0:2, 1:0:0:0:0, 2:0:0:0:2, 1:0:0:0:0, 1:0:0:0:1, 0:0:0:0:0, 2:0:0:0:1, 1:0:0:0:0, 1:0:0:0:1, 1:0:0:0:1, 2:0:0:0:1, 2:0:0:0:1, 4:0:0:0:2, 2:0:0:0:1, 2:0:0:0:0, 2:0:0:0:0, 2:0:0:0:1, 1:0:0:0:0, 2:0:0:0:2, 0:0:0:0:0, 0:0:0:0:0, 3:0:0:0:2, 0:0:0:0:0, 3:0:0:0:3, 2:0:0:0:1, 0:0:0:0:0, 0:0:0:0:0, 0:0:0:0:0, 0:0:0:0:0, 0:0:0:0:0, 208:3:6:0:113
C# minor mel (4#), 1:0:0:0:0, 1:0:0:0:0, 3:0:0:0:0, 3:2:0:0:2, 1:0:0:0:0, 2:2:0:0:2, 2:1:0:0:1, 2:0:0:0:0, 3:1:0:0:1, 1:1:0:0:1, 3:0:0:0:0, 3:3:0:0:3, 1:0:0:0:0, 1:0:0:0:0, 3:0:0:0:0, 4:2:0:0:2, 2:0:0:0:0, 4:3:0:0:3, 2:1:0:0:1, 2:0:0:0:0, 2:1:0:0:1, 2:1:0:0:1, 1:0:0:0:0, 3:3:0:0:3, 1:0:0:0:0, 3:1:0:0:1, 3:0:0:0:0, 4:0:0:0:0, 1:0:0:0:0, 3:2:0:0:2, 5:3:1:0:3, 5:0:0:0:0, 2:0:0:0:0, 2:1:0:0:1, 2:0:0:0:0, 2:0:0:0:0, 3:0:0:0:0, 3:0:0:0:0, 5:0:0:0:0, 2:0:0:0:0, 3:0:0:0:0, 3:2:1:0:3, 3:3:1:0:3, 4:0:0:0:0, 2:0:0:0:0, 2:1:0:0:1, 2:0:0:0:0, 2:0:0:0:0, 2:0:0:0:0, 2:0:0:0:0, 4:0:0:0:0, 2:0:0:0:0, 2:0:0:0:0, 3:2:1:0:3, 2:2:0:0:2, 3:0:0:0:0, 2:0:2:0:2, 2:1:0:0:1, 3:0:0:0:0, 2:0:0:0:0, 2:0:0:0:0, 3:0:0:0:0, 4:0:0:0:0, 3:0:0:0:0, 3:1:0:0:1, 2:2:0:0:2, 3:1:0:0:1, 4:0:0:0:0, 4:0:0:0:0, 2:1:0:0:1, 4:0:0:0:0, 2:0:0:0:0, 2:0:0:0:0, 2:0:0:0:0, 4:0:0:0:0, 4:0:0:0:0, 3:0:0:0:0, 2:2:0:0:2, 3:1:0:0:1, 2:0:0:0:0, 2:0:0:0:0, 2:1:0:0:1, 4:0:0:0:0, 2:0:0:0:0, 3:0:0:0:0, 3:0:0:0:0, 5:0:0:0:0, 3:0:0:0:0, 3:0:0:0:0, 4:4:0:0:4, 4:1:0:0:1, 3:0:0:0:0, 4:0:2:0:2, 3:1:0:0:1, 3:0:0:0:0, 3:0:0:0:0, 3:0:0:0:0, 3:0:0:0:0, 4:0:1:0:1, 3:0:0:0:0, 3:0:0:0:0, 2:2:1:0:3, 5:1:1:0:2, 4:0:0:0:0, 2:0:0:0:0, 3:1:0:0:1, 2:0:0:0:0, 4:0:0:0:0, 2:0:0:0:0, 2:0:0:0:0, 4:0:0:0:0, 4:0:0:0:0, 3:0:0:0:0, 2:2:0:0:2, 3:1:0:0:1, 2:0:0:0:0, 2:0:0:0:0, 3:1:0:0:1, 4:0:0:0:0, 2:0:0:0:0, 3:0:0:0:0, 3:0:0:0:0, 5:0:0:0:0, 3:0:0:0:0, 3:0:0:0:0, 4:4:0:0:4, 3:1:0:0:1, 3:0:0:0:0, 4:0:2:0:2, 3:1:0:0:1, 3:0:0:0:0, 3:0:0:0:0, 3:0:0:0:0, 3:0:0:0:0, 4:0:1:0:1, 3:0:0:0:0, 3:0:2:0:2, 3:2:1:0:3, 5:1:1:0:2, 3:0:0:0:0, 2:0:0:0:0, 3:1:0:0:1, 2:0:0:0:0, 4:0:0:0:0, 2:0:0:0:0, 2:0:0:0:0, 4:0:0:0:0, 4:0:0:0:0, 2:0:0:0:0, 2:2:0:0:2, 2:2:0:0:2, 3:0:0:0:0, 2:0:0:0:0, 2:1:0:0:1, 2:0:0:0:0, 2:0:0:0:0, 3:0:0:0:0, 3:0:0:0:0, 4:0:0:0:0, 1:0:0:0:0, 4:0:0:0:0, 5:3:0:0:3, 3:2:0:0:2, 3:1:0:0:1, 4:0:0:0:0, 3:1:0:0:1, 2:0:0:0:0, 1:1:0:0:1, 2:0:0:0:0, 1:0:0:0:0, 2:2:0:0:2, 1:0:0:0:0, 2:0:0:0:0, 2:3:0:0:3, 1:0:0:0:0, 1:0:0:0:0, 1:0:0:0:0, 1:0:0:0:0, 485:90:18:0:106
Ab major blues (4b), 0:0:0:0:0, 0:0:0:0:0, 2:0:0:0:0, 0:0:0:0:0, 1:0:0:0:1, 0:0:0:0:0, 0:0:0:0:0, 0:0:0:0:0, 1:0:0:0:1, 0:0:0:0:0, 3:0:0:0:2, 2:0:0:0:1, 0:0:0:0:0, 0:0:0:0:0, 2:0:0:0:0, 1:0:0:0:0, 1:0:0:0:1, 1:0:0:0:0, 2:0:0:0:1, 0:0:0:0:0, 0:0:0:0:0, 0:0:0:0:0, 0:0:0:0:0, 2:0:0:0:1, 0:0:0:0:0, 0:0:0:0:0, 1:0:0:0:0, 0:0:0:0:0, 2:0:0:0:3, 2:0:0:0:0, 3:0:0:0:1, 1:1:0:0:1, 2:0:1:0:0, 0:0:0:0:0, 2:0:0:0:1, 1:0:0:0:0, 0:0:0:0:0, 1:0:0:0:1, 2:0:0:0:1, 2:0:0:0:0, 2:0:0:0:3, 0:0:0:0:0, 1:0:1:0:0, 0:0:0:0:0, 2:0:1:0:0, 0:0:0:0:0, 2:0:0:0:1, 1:0:0:0:0, 0:0:0:0:0, 2:0:0:0:0, 0:0:0:0:0, 2:0:0:0:0, 2:0:0:0:2, 0:0:0:0:0, 2:0:0:0:2, 1:0:0:0:1, 0:0:0:0:0, 1:0:0:0:1, 3:0:0:0:2, 1:0:0:0:0, 0:0:0:0:0, 1:0:0:0:2, 2:0:0:0:1, 3:0:0:0:1, 2:0:0:0:1, 2:0:0:0:1, 0:0:0:0:0, 0:0:0:0:0, 2:0:1:0:0, 1:0:0:0:2, 2:0:0:0:0, 1:0:0:0:0, 1:0:0:0:1, 2:0:0:0:0, 0:0:0:0:0, 0:0:0:0:0, 2:1:0:0:2, 2:0:0:0:1, 0:0:0:0:0, 2:0:0:0:1, 1:0:0:0:1, 0:0:0:0:0, 1:0:0:0:1, 1:0:0:0:0, 2:0:0:0:1, 1:0:0:0:1, 3:0:0:0:2, 2:0:0:0:2, 1:0:0:0:2, 2:0:0:0:1, 1:0:0:0:0, 2:0:1:0:0, 2:0:0:0:1, 1:0:0:0:1, 3:0:0:0:4, 2:0:0:0:0, 1:0:0:0:0, 0:0:0:0:0, 1:0:0:0:1, 0:0:0:0:0, 3:0:0:0:1, 0:0:0:0:0, 2:0:0:0:1, 1:0:0:0:0, 0:0:0:0:0, 0:0:0:0:0, 1:0:0:0:1, 2:0:0:0:0, 2:0:0:0:1, 2:0:0:0:0, 0:0:0:0:0, 0:0:0:0:0, 2:1:0:0:2, 2:0:0:0:1, 0:0:0:0:0, 2:0:0:0:1, 1:0:0:0:1, 1:0:0:0:0, 1:0:0:0:1, 1:0:0:0:0, 2:0:0:0:1, 1:0:0:0:1, 3:0:0:0:3, 2:0:0:0:2, 1:0:0:0:2, 2:0:0:0:1, 1:0:0:0:1, 2:0:1:0:0, 2:0:0:0:1, 1:0:0:0:1, 3:0:0:0:4, 2:0:0:0:0, 1:0:0:0:0, 0:0:0:0:0, 1:0:0:0:1, 0:0:0:0:0, 2:0:0:0:0, 1:0:0:0:1, 2:0:0:0:1, 0:0:0:0:0, 0:0:0:0:0, 0:0:0:0:0, 1:0:0:0:1, 2:0:0:0:0, 2:0:0:0:1, 2:0:0:0:0, 0:0:0:0:0, 0:0:0:0:0, 1:0:0:0:2, 1:0:0:0:0, 2:0:0:0:2, 1:0:0:0:0, 1:0:0:0:1, 0:0:0:0:0, 2:0:0:0:1, 1:0:0:0:0, 1:0:0:0:1, 1:0:0:0:1, 2:0:0:0:1, 2:0:0:0:1, 4:0:0:0:2, 2:0:0:0:1, 2:0:0:0:0, 2:0:0:0:0, 2:0:0:0:1, 1:0:0:0:0, 2:0:0:0:2, 0:0:0:0:0, 0:0:0:0:0, 3:0:0:0:2, 0:0:0:0:0, 3:0:0:0:3, 2:0:0:0:1, 0:0:0:0:0, 0:0:0:0:0, 0:0:0:0:0, 0:0:0:0:0, 0:0:0:0:0, 208:3:6:0:113
E major blues (4#), 1:0:0:0:0, 1:0:0:0:0, 3:0:0:0:0, 3:2:0:0:2, 1:0:0:0:0, 2:2:0:0:2, 2:1:0:0:1, 2:0:0:0:0, 3:1:0:0:1, 1:1:0:0:1, 3:0:0:0:0, 3:3:0:0:3, 1:0:0:0:0, 1:0:0:0:0, 3:0:0:0:0, 4:2:0:0:2, 2:0:0:0:0, 4:3:0:0:3, 2:1:0:0:1, 2:0:0:0:0, 2:1:0:0:1, 2:1:0:0:1, 1:0:0:0:0, 3:3:0:0:3, 1:0:0:0:0, 3:1:0:0:1, 3:0:0:0:0, 4:0:0:0:0, 1:0:0:0:0, 3:2:0:0:2, 5:3:1:0:3, 5:0:0:0:0, 2:0:0:0:0, 2:1:0:0:1, 2:0:0:0:0, 2:0:0:0:0, 3:0:0:0:0, 3:0:0:0:0, 5:0:0:0:0, 2:0:0:0:0, 3:0:0:0:0, 3:2:1:0:3, 3:3:1:0:3, 4:0:0:0:0, 2:0:0:0:0, 2:1:0:0:1, 2:0:0:0:0, 2:0:0:0:0, 2:0:0:0:0, 2:0:0:0:0, 4:0:0:0:0, 2:0:0:0:0, 2:0:0:0:0, 3:2:1:0:3, 2:2:0:0:2, 3:0:0:0:0, 2:0:2:0:2, 2:1:0:0:1, 3:0:0:0:0, 2:0:0:0:0, 2:0:0:0:0, 3:0:0:0:0, 4:0:0:0:0, 3:0:0:0:0, 3:1:0:0:1, 2:2:0:0:2, 3:1:0:0:1, 4:0:0:0:0, 4:0:0:0:0, 2:1:0:0:1, 4:0:0:0:0, 2:0:0:0:0, 2:0:0:0:0, 2:0:0:0:0, 4:0:0:0:0, 4:0:0:0:0, 3:0:0:0:0, 2:2:0:0:2, 3:1:0:0:1, 2:0:0:0:0, 2:0:0:0:0, 2:1:0:0:1, 4:0:0:0:0, 2:0:0:0:0, 3:0:0:0:0, 3:0:0:0:0, 5:0:0:0:0, 3:0:0:0:0, 3:0:0:0:0, 4:4:0:0:4, 4:1:0:0:1, 3:0:0:0:0, 4:0:2:0:2, 3:1:0:0:1, 3:0:0:0:0, 3:0:0:0:0, 3:0:0:0:0, 3:0:0:0:0, 4:0:1:0:1, 3:0:0:0:0, 3:0:0:0:0, 2:2:1:0:3, 5:1:1:0:2, 4:0:0:0:0, 2:0:0:0:0, 3:1:0:0:1, 2:0:0:0:0, 4:0:0:0:0, 2:0:0:0:0, 2:0:0:0:0, 4:0:0:0:0, 4:0:0:0:0, 3:0:0:0:0, 2:2:0:0:2, 3:1:0:0:1, 2:0:0:0:0, 2:0:0:0:0, 3:1:0:0:1, 4:0:0:0:0, 2:0:0:0:0, 3:0:0:0:0, 3:0:0:0:0, 5:0:0:0:0, 3:0:0:0:0, 3:0:0:0:0, 4:4:0:0:4, 3:1:0:0:1, 3:0:0:0:0, 4:0:2:0:2, 3:1:0:0:1, 3:0:0:0:0, 3:0:0:0:0, 3:0:0:0:0, 3:0:0:0:0, 4:0:1:0:1, 3:0:0:0:0, 3:0:2:0:2, 3:2:1:0:3, 5:1:1:0:2, 3:0:0:0:0, 2:0:0:0:0, 3:1:0:0:1, 2:0:0:0:0, 4:0:0:0:0, 2:0:0:0:0, 2:0:0:0:0, 4:0:0:0:0, 4:0:0:0:0, 2:0:0:0:0, 2:2:0:0:2, 2:2:0:0:2, 3:0:0:0:0, 2:0:0:0:0, 2:1:0:0:1, 2:0:0:0:0, 2:0:0:0:0, 3:0:0:0:0, 3:0:0:0:0, 4:0:0:0:0, 1:0:0:0:0, 4:0:0:0:0, 5:3:0:0:3, 3:2:0:0:2, 3:1:0:0:1, 4:0:0:0:0, 3:1:0:0:1, 2:0:0:0:0, 1:1:0:0:1, 2:0:0:0:0, 1:0:0:0:0, 2:2:0:0:2, 1:0:0:0:0, 2:0:0:0:0, 2:3:0:0:3, 1:0:0:0:0, 1:0:0:0:0, 1:0:0:0:0, 1:0:0:0:0, 485:90:18:0:106
F minor blues (4b), 0:0:0:0:0, 0:0:0:0:0, 2:0:0:0:0, 0:0:0:0:0, 1:0:0:0:1, 0:0:0:0:0, 0:0:0:0:0, 0:0:0:0:0, 1:0:0:0:1, 0:0:0:0:0, 3:0:0:0:2, 2:0:0:0:1, 0:0:0:0:0, 0:0:0:0:0, 2:0:0:0:0, 1:0:0:0:0, 1:0:0:0:1, 1:0:0:0:0, 2:0:0:0:1, 0:0:0:0:0, 0:0:0:0:0, 0:0:0:0:0, 0:0:0:0:0, 2:0:0:0:1, 0:0:0:0:0, 0:0:0:0:0, 1:0:0:0:0, 0:0:0:0:0, 2:0:0:0:3, 2:0:0:0:0, 3:0:0:0:1, 1:1:0:0:1, 2:0:1:0:0, 0:0:0:0:0, 2:0:0:0:1, 1:0:0:0:0, 0:0:0:0:0, 1:0:0:0:1, 2:0:0:0:1, 2:0:0:0:0, 2:0:0:0:3, 0:0:0:0:0, 1:0:1:0:0, 0:0:0:0:0, 2:0:1:0:0, 0:0:0:0:0, 2:0:0:0:1, 1:0:0:0:0, 0:0:0:0:0, 2:0:0:0:0, 0:0:0:0:0, 2:0:0:0:0, 2:0:0:0:2, 0:0:0:0:0, 2:0:0:0:2, 1:0:0:0:1, 0:0:0:0:0, 1:0:0:0:1, 3:0:0:0:2, 1:0:0:0:0, 0:0:0:0:0, 1:0:0:0:2, 2:0:0:0:1, 3:0:0:0:1, 2:0:0:0:1, 2:0:0:0:1, 0:0:0:0:0, 0:0:0:0:0, 2:0:1:0:0, 1:0:0:0:2, 2:0:0:0:0, 1:0:0:0:0, 1:0:0:0:1, 2:0:0:0:0, 0:0:0:0:0, 0:0:0:0:0, 2:1:0:0:2, 2:0:0:0:1, 0:0:0:0:0, 2:0:0:0:1, 1:0:0:0:1, 0:0:0:0:0, 1:0:0:0:1, 1:0:0:0:0, 2:0:0:0:1, 1:0:0:0:1, 3:0:0:0:2, 2:0:0:0:2, 1:0:0:0:2, 2:0:0:0:1, 1:0:0:0:0, 2:0:1:0:0, 2:0:0:0:1, 1:0:0:0:1, 3:0:0:0:4, 2:0:0:0:0, 1:0:0:0:0, 0:0:0:0:0, 1:0:0:0:1, 0:0:0:0:0, 3:0:0:0:1, 0:0:0:0:0, 2:0:0:0:1, 1:0:0:0:0, 0:0:0:0:0, 0:0:0:0:0, 1:0:0:0:1, 2:0:0:0:0, 2:0:0:0:1, 2:0:0:0:0, 0:0:0:0:0, 0:0:0:0:0, 2:1:0:0:2, 2:0:0:0:1, 0:0:0:0:0, 2:0:0:0:1, 1:0:0:0:1, 1:0:0:0:0, 1:0:0:0:1, 1:0:0:0:0, 2:0:0:0:1, 1:0:0:0:1, 3:0:0:0:3, 2:0:0:0:2, 1:0:0:0:2, 2:0:0:0:1, 1:0:0:0:1, 2:0:1:0:0, 2:0:0:0:1, 1:0:0:0:1, 3:0:0:0:4, 2:0:0:0:0, 1:0:0:0:0, 0:0:0:0:0, 1:0:0:0:1, 0:0:0:0:0, 2:0:0:0:0, 1:0:0:0:1, 2:0:0:0:1, 0:0:0:0:0, 0:0:0:0:0, 0:0:0:0:0, 1:0:0:0:1, 2:0:0:0:0, 2:0:0:0:1, 2:0:0:0:0, 0:0:0:0:0, 0:0:0:0:0, 1:0:0:0:2, 1:0:0:0:0, 2:0:0:0:2, 1:0:0:0:0, 1:0:0:0:1, 0:0:0:0:0, 2:0:0:0:1, 1:0:0:0:0, 1:0:0:0:1, 1:0:0:0:1, 2:0:0:0:1, 2:0:0:0:1, 4:0:0:0:2, 2:0:0:0:1, 2:0:0:0:0, 2:0:0:0:0, 2:0:0:0:1, 1:0:0:0:0, 2:0:0:0:2, 0:0:0:0:0, 0:0:0:0:0, 3:0:0:0:2, 0:0:0:0:0, 3:0:0:0:3, 2:0:0:0:1, 0:0:0:0:0, 0:0:0:0:0, 0:0:0:0:0, 0:0:0:0:0, 0:0:0:0:0, 208:3:6:0:113
C# minor blues (4#), 1:0:0:0:0, 1:0:0:0:0, 3:0:0:0:0, 3:2:0:0:2, 1:0:0:0:0, 2:2:0:0:2, 2:1:0:0:1, 2:0:0:0:0, 3:1:0:0:1, 1:1:0:0:1, 3:0:0:0:0, 3:3:0:0:3, 1:0:0:0:0, 1:0:0:0:0, 3:0:0:0:0, 4:2:0:0:2, 2:0:0:0:0, 4:3:0:0:3, 2:1:0:0:1, 2:0:0:0:0, 2:1:0:0:1, 2:1:0:0:1, 1:0:0:0:0, 3:3:0:0:3, 1:0:0:0:0, 3:1:0:0:1, 3:0:0:0:0, 4:0:0:0:0, 1:0:0:0:0, 3:2:0:0:2, 5:3:1:0:3, 5:0:0:0:0, 2:0:0:0:0, 2:1:0:0:1, 2:0:0:0:0, 2:0:0:0:0, 3:0:0:0:0, 3:0:0:0:0, 5:0:0:0:0, 2:0:0:0:0, 3:0:0:0:0, 3:2:1:0:3, 3:3:1:0:3, 4:0:0:0:0, 2:0:0:0:0, 2:1:0:0:1, 2:0:0:0:0, 2:0:0:0:0, 2:0:0:0:0, 2:0:0:0:0, 4:0:0:0:0, 2:0:0:0:0, 2:0:0:0:0, 3:2:1:0:3, 2:2:0:0:2, 3:0:0:0:0, 2:0:2:0:2, 2:1:0:0:1, 3:0:0:0:0, 2:0:0:0:0, 2:0:0:0:0, 3:0:0:0:0, 4:0:0:0:0, 3:0:0:0:0, 3:1:0:0:1, 2:2:0:0:2, 3:1:0:0:1, 4:0:0:0:0, 4:0:0:0:0, 2:1:0:0:1, 4:0:0:0:0, 2:0:0:0:0, 2:0:0:0:0, 2:0:0:0:0, 4:0:0:0:0, 4:0:0:0:0, 3:0:0:0:0, 2:2:0:0:2, 3:1:0:0:1, 2:0:0:0:0, 2:0:0:0:0, 2:1:0:0:1, 4:0:0:0:0, 2:0:0:0:0, 3:0:0:0:0, 3:0:0:0:0, 5:0:0:0:0, 3:0:0:0:0, 3:0:0:0:0, 4:4:0:0:4, 4:1:0:0:1, 3:0:0:0:0, 4:0:2:0:2, 3:1:0:0:1, 3:0:0:0:0, 3:0:0:0:0, 3:0:0:0:0, 3:0:0:0:0, 4:0:1:0:1, 3:0:0:0:0, 3:0:0:0:0, 2:2:1:0:3, 5:1:1:0:2, 4:0:0:0:0, 2:0:0:0:0, 3:1:0:0:1, 2:0:0:0:0, 4:0:0:0:0, 2:0:0:0:0, 2:0:0:0:0, 4:0:0:0:0, 4:0:0:0:0, 3:0:0:0:0, 2:2:0:0:2, 3:1:0:0:1, 2:0:0:0:0, 2:0:0:0:0, 3:1:0:0:1, 4:0:0:0:0, 2:0:0:0:0, 3:0:0:0:0, 3:0:0:0:0, 5:0:0:0:0, 3:0:0:0:0, 3:0:0:0:0, 4:4:0:0:4, 3:1:0:0:1, 3:0:0:0:0, 4:0:2:0:2, 3:1:0:0:1, 3:0:0:0:0, 3:0:0:0:0, 3:0:0:0:0, 3:0:0:0:0, 4:0:1:0:1, 3:0:0:0:0, 3:0:2:0:2, 3:2:1:0:3, 5:1:1:0:2, 3:0:0:0:0, 2:0:0:0:0, 3:1:0:0:1, 2:0:0:0:0, 4:0:0:0:0, 2:0:0:0:0, 2:0:0:0:0, 4:0:0:0:0, 4:0:0:0:0, 2:0:0:0:0, 2:2:0:0:2, 2:2:0:0:2, 3:0:0:0:0, 2:0:0:0:0, 2:1:0:0:1, 2:0:0:0:0, 2:0:0:0:0, 3:0:0:0:0, 3:0:0:0:0, 4:0:0:0:0, 1:0:0:0:0, 4:0:0:0:0, 5:3:0:0:3, 3:2:0:0:2, 3:1:0:0:1, 4:0:0:0:0, 3:1:0:0:1, 2:0:0:0:0, 1:1:0:0:1, 2:0:0:0:0, 1:0:0:0:0, 2:2:0:0:2, 1:0:0:0:0, 2:0:0:0:0, 2:3:0:0:3, 1:0:0:0:0, 1:0:0:0:0, 1:0:0:0:0, 1:0:0:0:0, 485:90:18:0:106
Ab dorian (4b), 0:0:0:0:0, 0:0:0:0:0, 2:0:0:0:0, 0:0:0:0:0, 1:0:0:0:1, 0:0:0:0:0, 0:0:0:0:0, 0:0:0:0:0, 1:0:0:0:1, 0:0:0:0:0, 3:0:0:0:2, 2:0:0:0:1, 0:0:0:0:0, 0:0:0:0:0, 2:0:0:0:0, 1:0:0:0:0, 1:0:0:0:1, 1:0:0:0:0, 2:0:0:0:1, 0:0:0:0:0, 0:0:0:0:0, 0:0:0:0:0, 0:0:0:0:0, 2:0:0:0:1, 0:0:0:0:0, 0:0:0:0:0, 1:0:0:0:0, 0:0:0:0:0, 2:0:0:0:3, 2:0:0:0:0, 3:0:0:0:1, 1:1:0:0:1, 2:0:1:0:0, 0:0:0:0:0, 2:0:0:0:1, 1:0:0:0:0, 0:0:0:0:0, 1:0:0:0:1, 2:0:0:0:1, 2:0:0:0:0, 2:0:0:0:3, 0:0:0:0:0, 1:0:1:0:0, 0:0:0:0:0, 2:0:1:0:0, 0:0:0:0:0, 2:0:0:0:1, 1:0:0:0:0, 0:0:0:0:0, 2:0:0:0:0, 0:0:0:0:0, 2:0:0:0:0, 2:0:0:0:2, 0:0:0:0:0, 2:0:0:0:2, 1:0:0:0:1, 0:0:0:0:0, 1:0:0:0:1, 3:0:0:0:2, 1:0:0:0:0, 0:0:0:0:0, 1:0:0:0:2, 2:0:0:0:1, 3:0:0:0:1, 2:0:0:0:1, 2:0:0:0:1, 0:0:0:0:0, 0:0:0:0:0, 2:0:1:0:0, 1:0:0:0:2, 2:0:0:0:0, 1:0:0:0:0, 1:0:0:0:1, 2:0:0:0:0, 0:0:0:0:0, 0:0:0:0:0, 2:1:0:0:2, 2:0:0:0:1, 0:0:0:0:0, 2:0:0:0:1, 1:0:0:0:1, 0:0:0:0:0, 1:0:0:0:1, 1:0:0:0:0, 2:0:0:0:1, 1:0:0:0:1, 3:0:0:0:2, 2:0:0:0:2, 1:0:0:0:2, 2:0:0:0:1, 1:0:0:0:0, 2:0:1:0:0, 2:0:0:0:1, 1:0:0:0:1, 3:0:0:0:4, 2:0:0:0:0, 1:0:0:0:0, 0:0:0:0:0, 1:0:0:0:1, 0:0:0:0:0, 3:0:0:0:1, 0:0:0:0:0, 2:0:0:0:1, 1:0:0:0:0, 0:0:0:0:0, 0:0:0:0:0, 1:0:0:0:1, 2:0:0:0:0, 2:0:0:0:1, 2:0:0:0:0, 0:0:0:0:0, 0:0:0:0:0, 2:1:0:0:2, 2:0:0:0:1, 0:0:0:0:0, 2:0:0:0:1, 1:0:0:0:1, 1:0:0:0:0, 1:0:0:0:1, 1:0:0:0:0, 2:0:0:0:1, 1:0:0:0:1, 3:0:0:0:3, 2:0:0:0:2, 1:0:0:0:2, 2:0:0:0:1, 1:0:0:0:1, 2:0:1:0:0, 2:0:0:0:1, 1:0:0:0:1, 3:0:0:0:4, 2:0:0:0:0, 1:0:0:0:0, 0:0:0:0:0, 1:0:0:0:1, 0:0:0:0:0, 2:0:0:0:0, 1:0:0:0:1, 2:0:0:0:1, 0:0:0:0:0, 0:0:0:0:0, 0:0:0:0:0, 1:0:0:0:1, 2:0:0:0:0, 2:0:0:0:1, 2:0:0:0:0, 0:0:0:0:0, 0:0:0:0:0, 1:0:0:0:2, 1:0:0:0:0, 2:0:0:0:2, 1:0:0:0:0, 1:0:0:0:1, 0:0:0:0:0, 2:0:0:0:1, 1:0:0:0:0, 1:0:0:0:1, 1:0:0:0:1, 2:0:0:0:1, 2:0:0:0:1, 4:0:0:0:2, 2:0:0:0:1, 2:0:0:0:0, 2:0:0:0:0, 2:0:0:0:1, 1:0:0:0:0, 2:0:0:0:2, 0:0:0:0:0, 0:0:0:0:0, 3:0:0:0:2, 0:0:0:0:0, 3:0:0:0:3, 2:0:0:0:1, 0:0:0:0:0, 0:0:0:0:0, 0:0:0:0:0, 0:0:0:0:0, 0:0:0:0:0, 208:3:6:0:113
E dorian (4#), 1:0:0:0:0, 1:0:0:0:0, 3:0:0:0:0, 3:2:0:0:2, 1:0:0:0:0, 2:2:0:0:2, 2:1:0:0:1, 2:0:0:0:0, 3:1:0:0:1, 1:1:0:0:1, 3:0:0:0:0, 3:3:0:0:3, 1:0:0:0:0, 1:0:0:0:0, 3:0:0:0:0, 4:2:0:0:2, 2:0:0:0:0, 4:3:0:0:3, 2:1:0:0:1, 2:0:0:0:0, 2:1:0:0:1, 2:1:0:0:1, 1:0:0:0:0, 3:3:0:0:3, 1:0:0:0:0, 3:1:0:0:1, 3:0:0:0:0, 4:0:0:0:0, 1:0:0:0:0, 3:2:0:0:2, 5:3:1:0:3, 5:0:0:0:0, 2:0:0:0:0, 2:1:0:0:1, 2:0:0:0:0, 2:0:0:0:0, 3:0:0:0:0, 3:0:0:0:0, 5:0:0:0:0, 2:0:0:0:0, 3:0:0:0:0, 3:2:1:0:3, 3:3:1:0:3, 4:0:0:0:0, 2:0:0:0:0, 2:1:0:0:1, 2:0:0:0:0, 2:0:0:0:0, 2:0:0:0:0, 2:0:0:0:0, 4:0:0:0:0, 2:0:0:0:0, 2:0:0:0:0, 3:2:1:0:3, 2:2:0:0:2, 3:0:0:0:0, 2:0:2:0:2, 2:1:0:0:1, 3:0:0:0:0, 2:0:0:0:0, 2:0:0:0:0, 3:0:0:0:0, 4:0:0:0:0, 3:0:0:0:0, 3:1:0:0:1, 2:2:0:0:2, 3:1:0:0:1, 4:0:0:0:0, 4:0:0:0:0, 2:1:0:0:1, 4:0:0:0:0, 2:0:0:0:0, 2:0:0:0:0, 2:0:0:0:0, 4:0:0:0:0, 4:0:0:0:0, 3:0:0:0:0, 2:2:0:0:2, 3:1:0:0:1, 2:0:0:0:0, 2:0:0:0:0, 2:1:0:0:1, 4:0:0:0:0, 2:0:0:0:0, 3:0:0:0:0, 3:0:0:0:0, 5:0:0:0:0, 3:0:0:0:0, 3:0:0:0:0, 4:4:0:0:4, 4:1:0:0:1, 3:0:0:0:0, 4:0:2:0:2, 3:1:0:0:1, 3:0:0:0:0, 3:0:0:0:0, 3:0:0:0:0, 3:0:0:0:0, 4:0:1:0:1, 3:0:0:0:0, 3:0:0:0:0, 2:2:1:0:3, 5:1:1:0:2, 4:0:0:0:0, 2:0:0:0:0, 3:1:0:0:1, 2:0:0:0:0, 4:0:0:0:0, 2:0:0:0:0, 2:0:0:0:0, 4:0:0:0:0, 4:0:0:0:0, 3:0:0:0:0, 2:2:0:0:2, 3:1:0:0:1, 2:0:0:0:0, 2:0:0:0:0, 3:1:0:0:1, 4:0:0:0:0, 2:0:0:0:0, 3:0:0:0:0, 3:0:0:0:0, 5:0:0:0:0, 3:0:0:0:0, 3:0:0:0:0, 4:4:0:0:4, 3:1:0:0:1, 3:0:0:0:0, 4:0:2:0:2, 3:1:0:0:1, 3:0:0:0:0, 3:0:0:0:0, 3:0:0:0:0, 3:0:0:0:0, 4:0:1:0:1, 3:0:0:0:0, 3:0:2:0:2, 3:2:1:0:3, 5:1:1:0:2, 3:0:0:0:0, 2:0:0:0:0, 3:1:0:0:1, 2:0:0:0:0, 4:0:0:0:0, 2:0:0:0:0, 2:0:0:0:0, 4:0:0:0:0, 4:0:0:0:0, 2:0:0:0:0, 2:2:0:0:2, 2:2:0:0:2, 3:0:0:0:0, 2:0:0:0:0, 2:1:0:0:1, 2:0:0:0:0, 2:0:0:0:0, 3:0:0:0:0, 3:0:0:0:0, 4:0:0:0:0, 1:0:0:0:0, 4:0:0:0:0, 5:3:0:0:3, 3:2:0:0:2, 3:1:0:0:1, 4:0:0:0:0, 3:1:0:0:1, 2:0:0:0:0, 1:1:0:0:1, 2:0:0:0:0, 1:0:0:0:0, 2:2:0:0:2, 1:0:0:0:0, 2:0:0:0:0, 2:3:0:0:3, 1:0:0:0:0, 1:0:0:0:0, 1:0:0:0:0, 1:0:0:0:0, 485:90:18:0:106
Ab phrygian (4b), 0:0:0:0:0, 0:0:0:0:0, 2:0:0:0:0, 0:0:0:0:0, 1:0:0:0:1, 0:0:0:0:0, 0:0:0:0:0, 0:0:0:0:0, 1:0:0:0:1, 0:0:0:0:0, 3:0:0:0:2, 2:0:0:0:1, 0:0:0:0:0, 0:0:0:0:0, 2:0:0:0:0, 1:0:0:0:0, 1:0:0:0:1, 1:0:0:0:0, 2:0:0:0:1, 0:0:0:0:0, 0:0:0:0:0, 0:0:0:0:0, 0:0:0:0:0, 2:0:0:0:1, 0:0:0:0:0, 0:0:0:0:0, 1:0:0:0:0, 0:0:0:0:0, 2:0:0:0:3, 2:0:0:0:0, 3:0:0:0:1, 1:1:0:0:1, 2:0:1:0:0, 0:0:0:0:0, 2:0:0:0:1, 1:0:0:0:0, 0:0:0:0:0, 1:0:0:0:1, 2:0:0:0:1, 2:0:0:0:0, 2:0:0:0:3, 0:0:0:0:0, 1:0:1:0:0, 0:0:0:0:0, 2:0:1:0:0, 0:0:0:0:0, 2:0:0:0:1, 1:0:0:0:0, 0:0:0:0:0, 2:0:0:0:0, 0:0:0:0:0, 2:0:0:0:0, 2:0:0:0:2, 0:0:0:0:0, 2:0:0:0:2, 1:0:0:0:1, 0:0:0:0:0, 1:0:0:0:1, 3:0:0:0:2, 1:0:0:0:0, 0:0:0:0:0, 1:0:0:0:2, 2:0:0:0:1, 3:0:0:0:1, 2:0:0:0:1, 2:0:0:0:1, 0:0:0:0:0, 0:0:0:0:0, 2:0:1:0:0, 1:0:0:0:2, 2:0:0:0:0, 1:0:0:0:0, 1:0:0:0:1, 2:0:0:0:0, 0:0:0:0:0, 0:0:0:0:0, 2:1:0:0:2, 2:0:0:0:1, 0:0:0:0:0, 2:0:0:0:1, 1:0:0:0:1, 0:0:0:0:0, 1:0:0:0:1, 1:0:0:0:0, 2:0:0:0:1, 1:0:0:0:1, 3:0:0:0:2, 2:0:0:0:2, 1:0:0:0:2, 2:0:0:0:1, 1:0:0:0:0, 2:0:1:0:0, 2:0:0:0:1, 1:0:0:0:1, 3:0:0:0:4, 2:0:0:0:0, 1:0:0:0:0, 0:0:0:0:0, 1:0:0:0:1, 0:0:0:0:0, 3:0:0:0:1, 0:0:0:0:0, 2:0:0:0:1, 1:0:0:0:0, 0:0:0:0:0, 0:0:0:0:0, 1:0:0:0:1, 2:0:0:0:0, 2:0:0:0:1, 2:0:0:0:0, 0:0:0:0:0, 0:0:0:0:0, 2:1:0:0:2, 2:0:0:0:1, 0:0:0:0:0, 2:0:0:0:1, 1:0:0:0:1, 1:0:0:0:0, 1:0:0:0:1, 1:0:0:0:0, 2:0:0:0:1, 1:0:0:0:1, 3:0:0:0:3, 2:0:0:0:2, 1:0:0:0:2, 2:0:0:0:1, 1:0:0:0:1, 2:0:1:0:0, 2:0:0:0:1, 1:0:0:0:1, 3:0:0:0:4, 2:0:0:0:0, 1:0:0:0:0, 0:0:0:0:0, 1:0:0:0:1, 0:0:0:0:0, 2:0:0:0:0, 1:0:0:0:1, 2:0:0:0:1, 0:0:0:0:0, 0:0:0:0:0, 0:0:0:0:0, 1:0:0:0:1, 2:0:0:0:0, 2:0:0:0:1, 2:0:0:0:0, 0:0:0:0:0, 0:0:0:0:0, 1:0:0:0:2, 1:0:0:0:0, 2:0:0:0:2, 1:0:0:0:0, 1:0:0:0:1, 0:0:0:0:0, 2:0:0:0:1, 1:0:0:0:0, 1:0:0:0:1, 1:0:0:0:1, 2:0:0:0:1, 2:0:0:0:1, 4:0:0:0:2, 2:0:0:0:1, 2:0:0:0:0, 2:0:0:0:0, 2:0:0:0:1, 1:0:0:0:0, 2:0:0:0:2, 0:0:0:0:0, 0:0:0:0:0, 3:0:0:0:2, 0:0:0:0:0, 3:0:0:0:3, 2:0:0:0:1, 0:0:0:0:0, 0:0:0:0:0, 0:0:0:0:0, 0:0:0:0:0, 0:0:0:0:0, 208:3:6:0:113
E phrygian (4#), 1:0:0:0:0, 1:0:0:0:0, 3:0:0:0:0, 3:2:0:0:2, 1:0:0:0:0, 2:2:0:0:2, 2:1:0:0:1, 2:0:0:0:0, 3:1:0:0:1, 1:1:0:0:1, 3:0:0:0:0, 3:3:0:0:3, 1:0:0:0:0, 1:0:0:0:0, 3:0:0:0:0, 4:2:0:0:2, 2:0:0:0:0, 4:3:0:0:3, 2:1:0:0:1, 2:0:0:0:0, 2:1:0:0:1, 2:1:0:0:1, 1:0:0:0:0, 3:3:0:0:3, 1:0:0:0:0, 3:1:0:0:1, 3:0:0:0:0, 4:0:0:0:0, 1:0:0:0:0, 3:2:0:0:2, 5:3:1:0:3, 5:0:0:0:0, 2:0:0:0:0, 2:1:0:0:1, 2:0:0:0:0, 2:0:0:0:0, 3:0:0:0:0, 3:0:0:0:0, 5:0:0:0:0, 2:0:0:0:0, 3:0:0:0:0, 3:2:1:0:3, 3:3:1:0:3, 4:0:0:0:0, 2:0:0:0:0, 2:1:0:0:1, 2:0:0:0:0, 2:0:0:0:0, 2:0:0:0:0, 2:0:0:0:0, 4:0:0:0:0, 2:0:0:0:0, 2:0:0:0:0, 3:2:1:0:3, 2:2:0:0:2, 3:0:0:0:0, 2:0:2:0:2, 2:1:0:0:1, 3:0:0:0:0, 2:0:0:0:0, 2:0:0:0:0, 3:0:0:0:0, 4:0:0:0:0, 3:0:0:0:0, 3:1:0:0:1, 2:2:0:0:2, 3:1:0:0:1, 4:0:0:0:0, 4:0:0:0:0, 2:1:0:0:1, 4:0:0:0:0, 2:0:0:0:0, 2:0:0:0:0, 2:0:0:0:0, 4:0:0:0:0, 4:0:0:0:0, 3:0:0:0:0, 2:2:0:0:2, 3:1:0:0:1, 2:0:0:0:0, 2:0:0:0:0, 2:1:0:0:1, 4:0:0:0:0, 2:0:0:0:0, 3:0:0:0:0, 3:0:0:0:0, 5:0:0:0:0, 3:0:0:0:0, 3:0:0:0:0, 4:4:0:0:4, 4:1:0:0:1, 3:0:0:0:0, 4:0:2:0:2, 3:1:0:0:1, 3:0:0:0:0, 3:0:0:0:0, 3:0:0:0:0, 3:0:0:0:0, 4:0:1:0:1, 3:0:0:0:0, 3:0:0:0:0, 2:2:1:0:3, 5:1:1:0:2, 4:0:0:0:0, 2:0:0:0:0, 3:1:0:0:1, 2:0:0:0:0, 4:0:0:0:0, 2:0:0:0:0, 2:0:0:0:0, 4:0:0:0:0, 4:0:0:0:0, 3:0:0:0:0, 2:2:0:0:2, 3:1:0:0:1, 2:0:0:0:0, 2:0:0:0:0, 3:1:0:0:1, 4:0:0:0:0, 2:0:0:0:0, 3:0:0:0:0, 3:0:0:0:0, 5:0:0:0:0, 3:0:0:0:0, 3:0:0:0:0, 4:4:0:0:4, 3:1:0:0:1, 3:0:0:0:0, 4:0:2:0:2, 3:1:0:0:1, 3:0:0:0:0, 3:0:0:0:0, 3:0:0:0:0, 3:0:0:0:0, 4:0:1:0:1, 3:0:0:0:0, 3:0:2:0:2, 3:2:1:0:3, 5:1:1:0:2, 3:0:0:0:0, 2:0:0:0:0, 3:1:0:0:1, 2:0:0:0:0, 4:0:0:0:0, 2:0:0:0:0, 2:0:0:0:0, 4:0:0:0:0, 4:0:0:0:0, 2:0:0:0:0, 2:2:0:0:2, 2:2:0:0:2, 3:0:0:0:0, 2:0:0:0:0, 2:1:0:0:1, 2:0:0:0:0, 2:0:0:0:0, 3:0:0:0:0, 3:0:0:0:0, 4:0:0:0:0, 1:0:0:0:0, 4:0:0:0:0, 5:3:0:0:3, 3:2:0:0:2, 3:1:0:0:1, 4:0:0:0:0, 3:1:0:0:1, 2:0:0:0:0, 1:1:0:0:1, 2:0:0:0:0, 1:0:0:0:0, 2:2:0:0:2, 1:0:0:0:0, 2:0:0:0:0, 2:3:0:0:3, 1:0:0:0:0, 1:0:0:0:0, 1:0:0:0:0, 1:0:0:0:0, 485:90:18:0:106
Ab lydian (4b), 0:0:0:0:0, 0:0:0:0:0, 2:0:0:0:0, 0:0:0:0:0, 1:0:0:0:1, 0:0:0:0:0, 0:0:0:0:0, 0:0:0:0:0, 1:0:0:0:1, 0:0:0:0:0, 3:0:0:0:2, 2:0:0:0:1, 0:0:0:0:0, 0:0:0:0:0, 2:0:0:0:0, 1:0:0:0:0, 1:0:0:0:1, 1:0:0:0:0, 2:0:0:0:1, 0:0:0:0:0, 0:0:0:0:0, 0:0:0:0:0, 0:0:0:0:0, 2:0:0:0:1, 0:0:0:0:0, 0:0:0:0:0, 1:0:0:0:0, 0:0:0:0:0, 2:0:0:0:3, 2:0:0:0:0, 3:0:0:0:1, 1:1:0:0:1, 2:0:1:0:0, 0:0:0:0:0, 2:0:0:0:1, 1:0:0:0:0, 0:0:0:0:0, 1:0:0:0:1, 2:0:0:0:1, 2:0:0:0:0, 2:0:0:0:3, 0:0:0:0:0, 1:0:1:0:0, 0:0:0:0:0, 2:0:1:0:0, 0:0:0:0:0, 2:0:0:0:1, 1:0:0:0:0, 0:0:0:0:0, 2:0:0:0:0, 0:0:0:0:0, 2:0:0:0:0, 2:0:0:0:2, 0:0:0:0:0, 2:0:0:0:2, 1:0:0:0:1, 0:0:0:0:0, 1:0:0:0:1, 3:0:0:0:2, 1:0:0:0:0, 0:0:0:0:0, 1:0:0:0:2, 2:0:0:0:1, 3:0:0:0:1, 2:0:0:0:1, 2:0:0:0:1, 0:0:0:0:0, 0:0:0:0:0, 2:0:1:0:0, 1:0:0:0:2, 2:0:0:0:0, 1:0:0:0:0, 1:0:0:0:1, 2:0:0:0:0, 0:0:0:0:0, 0:0:0:0:0, 2:1:0:0:2, 2:0:0:0:1, 0:0:0:0:0, 2:0:0:0:1, 1:0:0:0:1, 0:0:0:0:0, 1:0:0:0:1, 1:0:0:0:0, 2:0:0:0:1, 1:0:0:0:1, 3:0:0:0:2, 2:0:0:0:2, 1:0:0:0:2, 2:0:0:0:1, 1:0:0:0:0, 2:0:1:0:0, 2:0:0:0:1, 1:0:0:0:1, 3:0:0:0:4, 2:0:0:0:0, 1:0:0:0:0, 0:0:0:0:0, 1:0:0:0:1, 0:0:0:0:0, 3:0:0:0:1, 0:0:0:0:0, 2:0:0:0:1, 1:0:0:0:0, 0:0:0:0:0, 0:0:0:0:0, 1:0:0:0:1, 2:0:0:0:0, 2:0:0:0:1, 2:0:0:0:0, 0:0:0:0:0, 0:0:0:0:0, 2:1:0:0:2, 2:0:0:0:1, 0:0:0:0:0, 2:0:0:0:1, 1:0:0:0:1, 1:0:0:0:0, 1:0:0:0:1, 1:0:0:0:0, 2:0:0:0:1, 1:0:0:0:1, 3:0:0:0:3, 2:0:0:0:2, 1:0:0:0:2, 2:0:0:0:1, 1:0:0:0:1, 2:0:1:0:0, 2:0:0:0:1, 1:0:0:0:1, 3:0:0:0:4, 2:0:0:0:0, 1:0:0:0:0, 0:0:0:0:0, 1:0:0:0:1, 0:0:0:0:0, 2:0:0:0:0, 1:0:0:0:1, 2:0:0:0:1, 0:0:0:0:0, 0:0:0:0:0, 0:0:0:0:0, 1:0:0:0:1, 2:0:0:0:0, 2:0:0:0:1, 2:0:0:0:0, 0:0:0:0:0, 0:0:0:0:0, 1:0:0:0:2, 1:0:0:0:0, 2:0:0:0:2, 1:0:0:0:0, 1:0:0:0:1, 0:0:0:0:0, 2:0:0:0:1, 1:0:0:0:0, 1:0:0:0:1, 1:0:0:0:1, 2:0:0:0:1, 2:0:0:0:1, 4:0:0:0:2, 2:0:0:0:1, 2:0:0:0:0, 2:0:0:0:0, 2:0:0:0:1, 1:0:0:0:0, 2:0:0:0:2, 0:0:0:0:0, 0:0:0:0:0, 3:0:0:0:2, 0:0:0:0:0, 3:0:0:0:3, 2:0:0:0:1, 0:0:0:0:0, 0:0:0:0:0, 0:0:0:0:0, 0:0:0:0:0, 0:0:0:0:0, 208:3:6:0:113
E lydian (4#), 1:0:0:0:0, 1:0:0:0:0, 3:0:0:0:0, 3:2:0:0:2, 1:0:0:0:0, 2:2:0:0:2, 2:1:0:0:1, 2:0:0:0:0, 3:1:0:0:1, 1:1:0:0:1, 3:0:0:0:0, 3:3:0:0:3, 1:0:0:0:0, 1:0:0:0:0, 3:0:0:0:0, 4:2:0:0:2, 2:0:0:0:0, 4:3:0:0:3, 2:1:0:0:1, 2:0:0:0:0, 2:1:0:0:1, 2:1:0:0:1, 1:0:0:0:0, 3:3:0:0:3, 1:0:0:0:0, 3:1:0:0:1, 3:0:0:0:0, 4:0:0:0:0, 1:0:0:0:0, 3:2:0:0:2, 5:3:1:0:3, 5:0:0:0:0, 2:0:0:0:0, 2:1:0:0:1, 2:0:0:0:0, 2:0:0:0:0, 3:0:0:0:0, 3:0:0:0:0, 5:0:0:0:0, 2:0:0:0:0, 3:0:0:0:0, 3:2:1:0:3, 3:3:1:0:3, 4:0:0:0:0, 2:0:0:0:0, 2:1:0:0:1, 2:0:0:0:0, 2:0:0:0:0, 2:0:0:0:0, 2:0:0:0:0, 4:0:0:0:0, 2:0:0:0:0, 2:0:0:0:0, 3:2:1:0:3, 2:2:0:0:2, 3:0:0:0:0, 2:0:2:0:2, 2:1:0:0:1, 3:0:0:0:0, 2:0:0:0:0, 2:0:0:0:0, 3:0:0:0:0, 4:0:0:0:0, 3:0:0:0:0, 3:1:0:0:1, 2:2:0:0:2, 3:1:0:0:1, 4:0:0:0:0, 4:0:0:0:0, 2:1:0:0:1, 4:0:0:0:0, 2:0:0:0:0, 2:0:0:0:0, 2:0:0:0:0, 4:0:0:0:0, 4:0:0:0:0, 3:0:0:0:0, 2:2:0:0:2, 3:1:0:0:1, 2:0:0:0:0, 2:0:0:0:0, 2:1:0:0:1, 4:0:0:0:0, 2:0:0:0:0, 3:0:0:0:0, 3:0:0:0:0, 5:0:0:0:0, 3:0:0:0:0, 3:0:0:0:0, 4:4:0:0:4, 4:1:0:0:1, 3:0:0:0:0, 4:0:2:0:2, 3:1:0:0:1, 3:0:0:0:0, 3:0:0:0:0, 3:0:0:0:0, 3:0:0:0:0, 4:0:1:0:1, 3:0:0:0:0, 3:0:0:0:0, 2:2:1:0:3, 5:1:1:0:2, 4:0:0:0:0, 2:0:0:0:0, 3:1:0:0:1, 2:0:0:0:0, 4:0:0:0:0, 2:0:0:0:0, 2:0:0:0:0, 4:0:0:0:0, 4:0:0:0:0, 3:0:0:0:0, 2:2:0:0:2, 3:1:0:0:1, 2:0:0:0:0, 2:0:0:0:0, 3:1:0:0:1, 4:0:0:0:0, 2:0:0:0:0, 3:0:0:0:0, 3:0:0:0:0, 5:0:0:0:0, 3:0:0:0:0, 3:0:0:0:0, 4:4:0:0:4, 3:1:0:0:1, 3:0:0:0:0, 4:0:2:0:2, 3:1:0:0:1, 3:0:0:0:0, 3:0:0:0:0, 3:0:0:0:0, 3:0:0:0:0, 4:0:1:0:1, 3:0:0:0:0, 3:0:2:0:2, 3:2:1:0:3, 5:1:1:0:2, 3:0:0:0:0, 2:0:0:0:0, 3:1:0:0:1, 2:0:0:0:0, 4:0:0:0:0, 2:0:0:0:0, 2:0:0:0:0, 4:0:0:0:0, 4:0:0:0:0, 2:0:0:0:0, 2:2:0:0:2, 2:2:0:0:2, 3:0:0:0:0, 2:0:0:0:0, 2:1:0:0:1, 2:0:0:0:0, 2:0:0:0:0, 3:0:0:0:0, 3:0:0:0:0, 4:0:0:0:0, 1:0:0:0:0, 4:0:0:0:0, 5:3:0:0:3, 3:2:0:0:2, 3:1:0:0:1, 4:0:0:0:0, 3:1:0:0:1, 2:0:0:0:0, 1:1:0:0:1, 2:0:0:0:0, 1:0:0:0:0, 2:2:0:0:2, 1:0:0:0:0, 2:0:0:0:0, 2:3:0:0:3, 1:0:0:0:0, 1:0:0:0:0, 1:0:0:0:0, 1:0:0:0:0, 485:90:18:0:106
Ab mixolydian (4b), 0:0:0:0:0, 0:0:0:0:0, 2:0:0:0:0, 0:0:0:0:0, 1:0:0:0:1, 0:0:0:0:0, 0:0:0:0:0, 0:0:0:0:0, 1:0:0:0:1, 0:0:0:0:0, 3:0:0:0:2, 2:0:0:0:1, 0:0:0:0:0, 0:0:0:0:0, 2:0:0:0:0, 1:0:0:0:0, 1:0:0:0:1, 1:0:0:0:0, 2:0:0:0:1, 0:0:0:0:0, 0:0:0:0:0, 0:0:0:0:0, 0:0:0:0:0, 2:0:0:0:1, 0:0:0:0:0, 0:0:0:0:0, 1:0:0:0:0, 0:0:0:0:0, 2:0:0:0:3, 2:0:0:0:0, 3:0:0:0:1, 1:1:0:0:1, 2:0:1:0:0, 0:0:0:0:0, 2:0:0:0:1, 1:0:0:0:0, 0:0:0:0:0, 1:0:0:0:1, 2:0:0:0:1, 2:0:0:0:0, 2:0:0:0:3, 0:0:0:0:0, 1:0:1:0:0, 0:0:0:0:0, 2:0:1:0:0, 0:0:0:0:0, 2:0:0:0:1, 1:0:0:0:0, 0:0:0:0:0, 2:0:0:0:0, 0:0:0:0:0, 2:0:0:0:0, 2:0:0:0:2, 0:0:0:0:0, 2:0:0:0:2, 1:0:0:0:1, 0:0:0:0:0, 1:0:0:0:1, 3:0:0:0:2, 1:0:0:0:0, 0:0:0:0:0, 1:0:0:0:2, 2:0:0:0:1, 3:0:0:0:1, 2:0:0:0:1, 2:0:0:0:1, 0:0:0:0:0, 0:0:0:0:0, 2:0:1:0:0, 1:0:0:0:2, 2:0:0:0:0, 1:0:0:0:0, 1:0:0:0:1, 2:0:0:0:0, 0:0:0:0:0, 0:0:0:0:0, 2:1:0:0:2, 2:0:0:0:1, 0:0:0:0:0, 2:0:0:0:1, 1:0:0:0:1, 0:0:0:0:0, 1:0:0:0:1, 1:0:0:0:0, 2:0:0:0:1, 1:0:0:0:1, 3:0:0:0:2, 2:0:0:0:2, 1:0:0:0:2, 2:0:0:0:1, 1:0:0:0:0, 2:0:1:0:0, 2:0:0:0:1, 1:0:0:0:1, 3:0:0:0:4, 2:0:0:0:0, 1:0:0:0:0, 0:0:0:0:0, 1:0:0:0:1, 0:0:0:0:0, 3:0:0:0:1, 0:0:0:0:0, 2:0:0:0:1, 1:0:0:0:0, 0:0:0:0:0, 0:0:0:0:0, 1:0:0:0:1, 2:0:0:0:0, 2:0:0:0:1, 2:0:0:0:0, 0:0:0:0:0, 0:0:0:0:0, 2:1:0:0:2, 2:0:0:0:1, 0:0:0:0:0, 2:0:0:0:1, 1:0:0:0:1, 1:0:0:0:0, 1:0:0:0:1, 1:0:0:0:0, 2:0:0:0:1, 1:0:0:0:1, 3:0:0:0:3, 2:0:0:0:2, 1:0:0:0:2, 2:0:0:0:1, 1:0:0:0:1, 2:0:1:0:0, 2:0:0:0:1, 1:0:0:0:1, 3:0:0:0:4, 2:0:0:0:0, 1:0:0:0:0, 0:0:0:0:0, 1:0:0:0:1, 0:0:0:0:0, 2:0:0:0:0, 1:0:0:0:1, 2:0:0:0:1, 0:0:0:0:0, 0:0:0:0:0, 0:0:0:0:0, 1:0:0:0:1, 2:0:0:0:0, 2:0:0:0:1, 2:0:0:0:0, 0:0:0:0:0, 0:0:0:0:0, 1:0:0:0:2, 1:0:0:0:0, 2:0:0:0:2, 1:0:0:0:0, 1:0:0:0:1, 0:0:0:0:0, 2:0:0:0:1, 1:0:0:0:0, 1:0:0:0:1, 1:0:0:0:1, 2:0:0:0:1, 2:0:0:0:1, 4:0:0:0:2, 2:0:0:0:1, 2:0:0:0:0, 2:0:0:0:0, 2:0:0:0:1, 1:0:0:0:0, 2:0:0:0:2, 0:0:0:0:0, 0:0:0:0:0, 3:0:0:0:2, 0:0:0:0:0, 3:0:0:0:3, 2:0:0:0:1, 0:0:0:0:0, 0:0:0:0:0, 0:0:0:0:0, 0:0:0:0:0, 0:0:0:0:0, 208:3:6:0:113
E mixolydian (4#), 1:0:0:0:0, 1:0:0:0:0, 3:0:0:0:0, 3:2:0:0:2, 1:0:0:0:0, 2:2:0:0:2, 2:1:0:0:1, 2:0:0:0:0, 3:1:0:0:1, 1:1:0:0:1, 3:0:0:0:0, 3:3:0:0:3, 1:0:0:0:0, 1:0:0:0:0, 3:0:0:0:0, 4:2:0:0:2, 2:0:0:0:0, 4:3:0:0:3, 2:1:0:0:1, 2:0:0:0:0, 2:1:0:0:1, 2:1:0:0:1, 1:0:0:0:0, 3:3:0:0:3, 1:0:0:0:0, 3:1:0:0:1, 3:0:0:0:0, 4:0:0:0:0, 1:0:0:0:0, 3:2:0:0:2, 5:3:1:0:3, 5:0:0:0:0, 2:0:0:0:0, 2:1:0:0:1, 2:0:0:0:0, 2:0:0:0:0, 3:0:0:0:0, 3:0:0:0:0, 5:0:0:0:0, 2:0:0:0:0, 3:0:0:0:0, 3:2:1:0:3, 3:3:1:0:3, 4:0:0:0:0, 2:0:0:0:0, 2:1:0:0:1, 2:0:0:0:0, 2:0:0:0:0, 2:0:0:0:0, 2:0:0:0:0, 4:0:0:0:0, 2:0:0:0:0, 2:0:0:0:0, 3:2:1:0:3, 2:2:0:0:2, 3:0:0:0:0, 2:0:2:0:2, 2:1:0:0:1, 3:0:0:0:0, 2:0:0:0:0, 2:0:0:0:0, 3:0:0:0:0, 4:0:0:0:0, 3:0:0:0:0, 3:1:0:0:1, 2:2:0:0:2, 3:1:0:0:1, 4:0:0:0:0, 4:0:0:0:0, 2:1:0:0:1, 4:0:0:0:0, 2:0:0:0:0, 2:0:0:0:0, 2:0:0:0:0, 4:0:0:0:0, 4:0:0:0:0, 3:0:0:0:0, 2:2:0:0:2, 3:1:0:0:1, 2:0:0:0:0, 2:0:0:0:0, 2:1:0:0:1, 4:0:0:0:0, 2:0:0:0:0, 3:0:0:0:0, 3:0:0:0:0, 5:0:0:0:0, 3:0:0:0:0, 3:0:0:0:0, 4:4:0:0:4, 4:1:0:0:1, 3:0:0:0:0, 4:0:2:0:2, 3:1:0:0:1, 3:0:0:0:0, 3:0:0:0:0, 3:0:0:0:0, 3:0:0:0:0, 4:0:1:0:1, 3:0:0:0:0, 3:0:0:0:0, 2:2:1:0:3, 5:1:1:0:2, 4:0:0:0:0, 2:0:0:0:0, 3:1:0:0:1, 2:0:0:0:0, 4:0:0:0:0, 2:0:0:0:0, 2:0:0:0:0, 4:0:0:0:0, 4:0:0:0:0, 3:0:0:0:0, 2:2:0:0:2, 3:1:0:0:1, 2:0:0:0:0, 2:0:0:0:0, 3:1:0:0:1, 4:0:0:0:0, 2:0:0:0:0, 3:0:0:0:0, 3:0:0:0:0, 5:0:0:0:0, 3:0:0:0:0, 3:0:0:0:0, 4:4:0:0:4, 3:1:0:0:1, 3:0:0:0:0, 4:0:2:0:2, 3:1:0:0:1, 3:0:0:0:0, 3:0:0:0:0, 3:0:0:0:0, 3:0:0:0:0, 4:0:1:0:1, 3:0:0:0:0, 3:0:2:0:2, 3:2:1:0:3, 5:1:1:0:2, 3:0:0:0:0, 2:0:0:0:0, 3:1:0:0:1, 2:0:0:0:0, 4:0:0:0:0, 2:0:0:0:0, 2:0:0:0:0, 4:0:0:0:0, 4:0:0:0:0, 2:0:0:0:0, 2:2:0:0:2, 2:2:0:0:2, 3:0:0:0:0, 2:0:0:0:0, 2:1:0:0:1, 2:0:0:0:0, 2:0:0:0:0, 3:0:0:0:0, 3:0:0:0:0, 4:0:0:0:0, 1:0:0:0:0, 4:0:0:0:0, 5:3:0:0:3, 3:2:0:0:2, 3:1:0:0:1, 4:0:0:0:0, 3:1:0:0:1, 2:0:0:0:0, 1:1:0:0:1, 2:0:0:0:0, 1:0:0:0:0, 2:2:0:0:2, 1:0:0:0:0, 2:0:0:0:0, 2:3:0:0:3, 1:0:0:0:0, 1:0:0:0:0, 1:0:0:0:0, 1:0:0:0:0, 485:90:18:0:106
Ab aeolian (4b), 0:0:0:0:0, 0:0:0:0:0, 2:0:0:0:0, 0:0:0:0:0, 1:0:0:0:1, 0:0:0:0:0, 0:0:0:0:0, 0:0:0:0:0, 1:0:0:0:1, 0:0:0:0:0, 3:0:0:0:2, 2:0:0:0:1, 0:0:0:0:0, 0:0:0:0:0, 2:0:0:0:0, 1:0:0:0:0, 1:0:0:0:1, 1:0:0:0:0, 2:0:0:0:1, 0:0:0:0:0, 0:0:0:0:0, 0:0:0:0:0, 0:0:0:0:0, 2:0:0:0:1, 0:0:0:0:0, 0:0:0:0:0, 1:0:0:0:0, 0:0:0:0:0, 2:0:0:0:3, 2:0:0:0:0, 3:0:0:0:1, 1:1:0:0:1, 2:0:1:0:0, 0:0:0:0:0, 2:0:0:0:1, 1:0:0:0:0, 0:0:0:0:0, 1:0:0:0:1, 2:0:0:0:1, 2:0:0:0:0, 2:0:0:0:3, 0:0:0:0:0, 1:0:1:0:0, 0:0:0:0:0, 2:0:1:0:0, 0:0:0:0:0, 2:0:0:0:1, 1:0:0:0:0, 0:0:0:0:0, 2:0:0:0:0, 0:0:0:0:0, 2:0:0:0:0, 2:0:0:0:2, 0:0:0:0:0, 2:0:0:0:2, 1:0:0:0:1, 0:0:0:0:0, 1:0:0:0:1, 3:0:0:0:2, 1:0:0:0:0, 0:0:0:0:0, 1:0:0:0:2, 2:0:0:0:1, 3:0:0:0:1, 2:0:0:0:1, 2:0:0:0:1, 0:0:0:0:0, 0:0:0:0:0, 2:0:1:0:0, 1:0:0:0:2, 2:0:0:0:0, 1:0:0:0:0, 1:0:0:0:1, 2:0:0:0:0, 0:0:0:0:0, 0:0:0:0:0, 2:1:0:0:2, 2:0:0:0:1, 0:0:0:0:0, 2:0:0:0:1, 1:0:0:0:1, 0:0:0:0:0, 1:0:0:0:1, 1:0:0:0:0, 2:0:0:0:1, 1:0:0:0:1, 3:0:0:0:2, 2:0:0:0:2, 1:0:0:0:2, 2:0:0:0:1, 1:0:0:0:0, 2:0:1:0:0, 2:0:0:0:1, 1:0:0:0:1, 3:0:0:0:4, 2:0:0:0:0, 1:0:0:0:0, 0:0:0:0:0, 1:0:0:0:1, 0:0:0:0:0, 3:0:0:0:1, 0:0:0:0:0, 2:0:0:0:1, 1:0:0:0:0, 0:0:0:0:0, 0:0:0:0:0, 1:0:0:0:1, 2:0:0:0:0, 2:0:0:0:1, 2:0:0:0:0, 0:0:0:0:0, 0:0:0:0:0, 2:1:0:0:2, 2:0:0:0:1, 0:0:0:0:0, 2:0:0:0:1, 1:0:0:0:1, 1:0:0:0:0, 1:0:0:0:1, 1:0:0:0:0, 2:0:0:0:1, 1:0:0:0:1, 3:0:0:0:3, 2:0:0:0:2, 1:0:0:0:2, 2:0:0:0:1, 1:0:0:0:1, 2:0:1:0:0, 2:0:0:0:1, 1:0:0:0:1, 3:0:0:0:4, 2:0:0:0:0, 1:0:0:0:0, 0:0:0:0:0, 1:0:0:0:1, 0:0:0:0:0, 2:0:0:0:0, 1:0:0:0:1, 2:0:0:0:1, 0:0:0:0:0, 0:0:0:0:0, 0:0:0:0:0, 1:0:0:0:1, 2:0:0:0:0, 2:0:0:0:1, 2:0:0:0:0, 0:0:0:0:0, 0:0:0:0:0, 1:0:0:0:2, 1:0:0:0:0, 2:0:0:0:2, 1:0:0:0:0, 1:0:0:0:1, 0:0:0:0:0, 2:0:0:0:1, 1:0:0:0:0, 1:0:0:0:1, 1:0:0:0:1, 2:0:0:0:1, 2:0:0:0:1, 4:0:0:0:2, 2:0:0:0:1, 2:0:0:0:0, 2:0:0:0:0, 2:0:0:0:1, 1:0:0:0:0, 2:0:0:0:2, 0:0:0:0:0, 0:0:0:0:0, 3:0:0:0:2, 0:0:0:0:0, 3:0:0:0:3, 2:0:0:0:1, 0:0:0:0:0, 0:0:0:0:0, 0:0:0:0:0, 0:0:0:0:0, 0:0:0:0:0, 208:3:6:0:113
E aeolian (4#), 1:0:0:0:0, 1:0:0:0:0, 3:0:0:0:0, 3:2:0:0:2, 1:0:0:0:0, 2:2:0:0:2, 2:1:0:0:1, 2:0:0:0:0, 3:1:0:0:1, 1:1:0:0:1, 3:0:0:0:0, 3:3:0:0:3, 1:0:0:0:0, 1:0:0:0:0, 3:0:0:0:0, 4:2:0:0:2, 2:0:0:0:0, 4:3:0:0:3, 2:1:0:0:1, 2:0:0:0:0, 2:1:0:0:1, 2:1:0:0:1, 1:0:0:0:0, 3:3:0:0:3, 1:0:0:0:0, 3:1:0:0:1, 3:0:0:0:0, 4:0:0:0:0, 1:0:0:0:0, 3:2:0:0:2, 5:3:1:0:3, 5:0:0:0:0, 2:0:0:0:0, 2:1:0:0:1, 2:0:0:0:0, 2:0:0:0:0, 3:0:0:0:0, 3:0:0:0:0, 5:0:0:0:0, 2:0:0:0:0, 3:0:0:0:0, 3:2:1:0:3, 3:3:1:0:3, 4:0:0:0:0, 2:0:0:0:0, 2:1:0:0:1, 2:0:0:0:0, 2:0:0:0:0, 2:0:0:0:0, 2:0:0:0:0, 4:0:0:0:0, 2:0:0:0:0, 2:0:0:0:0, 3:2:1:0:3, 2:2:0:0:2, 3:0:0:0:0, 2:0:2:0:2, 2:1:0:0:1, 3:0:0:0:0, 2:0:0:0:0, 2:0:0:0:0, 3:0:0:0:0, 4:0:0:0:0, 3:0:0:0:0, 3:1:0:0:1, 2:2:0:0:2, 3:1:0:0:1, 4:0:0:0:0, 4:0:0:0:0, 2:1:0:0:1, 4:0:0:0:0, 2:0:0:0:0, 2:0:0:0:0, 2:0:0:0:0, 4:0:0:0:0, 4:0:0:0:0, 3:0:0:0:0, 2:2:0:0:2, 3:1:0:0:1, 2:0:0:0:0, 2:0:0:0:0, 2:1:0:0:1, 4:0:0:0:0, 2:0:0:0:0, 3:0:0:0:0, 3:0:0:0:0, 5:0:0:0:0, 3:0:0:0:0, 3:0:0:0:0, 4:4:0:0:4, 4:1:0:0:1, 3:0:0:0:0, 4:0:2:0:2, 3:1:0:0:1, 3:0:0:0:0, 3:0:0:0:0, 3:0:0:0:0, 3:0:0:0:0, 4:0:1:0:1, 3:0:0:0:0, 3:0:0:0:0, 2:2:1:0:3, 5:1:1:0:2, 4:0:0:0:0, 2:0:0:0:0, 3:1:0:0:1, 2:0:0:0:0, 4:0:0:0:0, 2:0:0:0:0, 2:0:0:0:0, 4:0:0:0:0, 4:0:0:0:0, 3:0:0:0:0, 2:2:0:0:2, 3:1:0:0:1, 2:0:0:0:0, 2:0:0:0:0, 3:1:0:0:1, 4:0:0:0:0, 2:0:0:0:0, 3:0:0:0:0, 3:0:0:0:0, 5:0:0:0:0, 3:0:0:0:0, 3:0:0:0:0, 4:4:0:0:4, 3:1:0:0:1, 3:0:0:0:0, 4:0:2:0:2, 3:1:0:0:1, 3:0:0:0:0, 3:0:0:0:0, 3:0:0:0:0, 3:0:0:0:0, 4:0:1:0:1, 3:0:0:0:0, 3:0:2:0:2, 3:2:1:0:3, 5:1:1:0:2, 3:0:0:0:0, 2:0:0:0:0, 3:1:0:0:1, 2:0:0:0:0, 4:0:0:0:0, 2:0:0:0:0, 2:0:0:0:0, 4:0:0:0:0, 4:0:0:0:0, 2:0:0:0:0, 2:2:0:0:2, 2:2:0:0:2, 3:0:0:0:0, 2:0:0:0:0, 2:1:0:0:1, 2:0:0:0:0, 2:0:0:0:0, 3:0:0:0:0, 3:0:0:0:0, 4:0:0:0:0, 1:0:0:0:0, 4:0:0:0:0, 5:3:0:0:3, 3:2:0:0:2, 3:1:0:0:1, 4:0:0:0:0, 3:1:0:0:1, 2:0:0:0:0, 1:1:0:0:1, 2:0:0:0:0, 1:0:0:0:0, 2:2:0:0:2, 1:0:0:0:0, 2:0:0:0:0, 2:3:0:0:3, 1:0:0:0:0, 1:0:0:0:0, 1:0:0:0:0, 1:0:0:0:0, 485:90:18:0:106
Ab locrian (4b), 0:0:0:0:0, 0:0:0:0:0, 2:0:0:0:0, 0:0:0:0:0, 1:0:0:0:1, 0:0:0:0:0, 0:0:0:0:0, 0:0:0:0:0, 1:0:0:0:1, 0:0:0:0:0, 3:0:0:0:2, 2:0:0:0:1, 0:0:0:0:0, 0:0:0:0:0, 2:0:0:0:0, 1:0:0:0:0, 1:0:0:0:1, 1:0:0:0:0, 2:0:0:0:1, 0:0:0:0:0, 0:0:0:0:0, 0:0:0:0:0, 0:0:0:0:0, 2:0:0:0:1, 0:0:0:0:0, 0:0:0:0:0, 1:0:0:0:0, 0:0:0:0:0, 2:0:0:0:3, 2:0:0:0:0, 3:0:0:0:1, 1:1:0:0:1, 2:0:1:0:0, 0:0:0:0:0, 2:0:0:0:1, 1:0:0:0:0, 0:0:0:0:0, 1:0:0:0:1, 2:0:0:0:1, 2:0:0:0:0, 2:0:0:0:3, 0:0:0:0:0, 1:0:1:0:0, 0:0:0:0:0, 2:0:1:0:0, 0:0:0:0:0, 2:0:0:0:1, 1:0:0:0:0, 0:0:0:0:0, 2:0:0:0:0, 0:0:0:0:0, 2:0:0:0:0, 2:0:0:0:2, 0:0:0:0:0, 2:0:0:0:2, 1:0:0:0:1, 0:0:0:0:0, 1:0:0:0:1, 3:0:0:0:2, 1:0:0:0:0, 0:0:0:0:0, 1:0:0:0:2, 2:0:0:0:1, 3:0:0:0:1, 2:0:0:0:1, 2:0:0:0:1, 0:0:0:0:0, 0:0:0:0:0, 2:0:1:0:0, 1:0:0:0:2, 2:0:0:0:0, 1:0:0:0:0, 1:0:0:0:1, 2:0:0:0:0, 0:0:0:0:0, 0:0:0:0:0, 2:1:0:0:2, 2:0:0:0:1, 0:0:0:0:0, 2:0:0:0:1, 1:0:0:0:1, 0:0:0:0:0, 1:0:0:0:1, 1:0:0:0:0, 2:0:0:0:1, 1:0:0:0:1, 3:0:0:0:2, 2:0:0:0:2, 1:0:0:0:2, 2:0:0:0:1, 1:0:0:0:0, 2:0:1:0:0, 2:0:0:0:1, 1:0:0:0:1, 3:0:0:0:4, 2:0:0:0:0, 1:0:0:0:0, 0:0:0:0:0, 1:0:0:0:1, 0:0:0:0:0, 3:0:0:0:1, 0:0:0:0:0, 2:0:0:0:1, 1:0:0:0:0, 0:0:0:0:0, 0:0:0:0:0, 1:0:0:0:1, 2:0:0:0:0, 2:0:0:0:1, 2:0:0:0:0, 0:0:0:0:0, 0:0:0:0:0, 2:1:0:0:2, 2:0:0:0:1, 0:0:0:0:0, 2:0:0:0:1, 1:0:0:0:1, 1:0:0:0:0, 1:0:0:0:1, 1:0:0:0:0, 2:0:0:0:1, 1:0:0:0:1, 3:0:0:0:3, 2:0:0:0:2, 1:0:0:0:2, 2:0:0:0:1, 1:0:0:0:1, 2:0:1:0:0, 2:0:0:0:1, 1:0:0:0:1, 3:0:0:0:4, 2:0:0:0:0, 1:0:0:0:0, 0:0:0:0:0, 1:0:0:0:1, 0:0:0:0:0, 2:0:0:0:0, 1:0:0:0:1, 2:0:0:0:1, 0:0:0:0:0, 0:0:0:0:0, 0:0:0:0:0, 1:0:0:0:1, 2:0:0:0:0, 2:0:0:0:1, 2:0:0:0:0, 0:0:0:0:0, 0:0:0:0:0, 1:0:0:0:2, 1:0:0:0:0, 2:0:0:0:2, 1:0:0:0:0, 1:0:0:0:1, 0:0:0:0:0, 2:0:0:0:1, 1:0:0:0:0, 1:0:0:0:1, 1:0:0:0:1, 2:0:0:0:1, 2:0:0:0:1, 4:0:0:0:2, 2:0:0:0:1, 2:0:0:0:0, 2:0:0:0:0, 2:0:0:0:1, 1:0:0:0:0, 2:0:0:0:2, 0:0:0:0:0, 0:0:0:0:0, 3:0:0:0:2, 0:0:0:0:0, 3:0:0:0:3, 2:0:0:0:1, 0:0:0:0:0, 0:0:0:0:0, 0:0:0:0:0, 0:0:0:0:0, 0:0:0:0:0, 208:3:6:0:113
E locrian (4#), 1:0:0:0:0, 1:0:0:0:0, 3:0:0:0:0, 3:2:0:0:2, 1:0:0:0:0, 2:2:0:0:2, 2:1:0:0:1, 2:0:0:0:0, 3:1:0:0:1, 1:1:0:0:1, 3:0:0:0:0, 3:3:0:0:3, 1:0:0:0:0, 1:0:0:0:0, 3:0:0:0:0, 4:2:0:0:2, 2:0:0:0:0, 4:3:0:0:3, 2:1:0:0:1, 2:0:0:0:0, 2:1:0:0:1, 2:1:0:0:1, 1:0:0:0:0, 3:3:0:0:3, 1:0:0:0:0, 3:1:0:0:1, 3:0:0:0:0, 4:0:0:0:0, 1:0:0:0:0, 3:2:0:0:2, 5:3:1:0:3, 5:0:0:0:0, 2:0:0:0:0, 2:1:0:0:1, 2:0:0:0:0, 2:0:0:0:0, 3:0:0:0:0, 3:0:0:0:0, 5:0:0:0:0, 2:0:0:0:0, 3:0:0:0:0, 3:2:1:0:3, 3:3:1:0:3, 4:0:0:0:0, 2:0:0:0:0, 2:1:0:0:1, 2:0:0:0:0, 2:0:0:0:0, 2:0:0:0:0, 2:0:0:0:0, 4:0:0:0:0, 2:0:0:0:0, 2:0:0:0:0, 3:2:1:0:3, 2:2:0:0:2, 3:0:0:0:0, 2:0:2:0:2, 2:1:0:0:1, 3:0:0:0:0, 2:0:0:0:0, 2:0:0:0:0, 3:0:0:0:0, 4:0:0:0:0, 3:0:0:0:0, 3:1:0:0:1, 2:2:0:0:2, 3:1:0:0:1, 4:0:0:0:0, 4:0:0:0:0, 2:1:0:0:1, 4:0:0:0:0, 2:0:0:0:0, 2:0:0:0:0, 2:0:0:0:0, 4:0:0:0:0, 4:0:0:0:0, 3:0:0:0:0, 2:2:0:0:2, 3:1:0:0:1, 2:0:0:0:0, 2:0:0:0:0, 2:1:0:0:1, 4:0:0:0:0, 2:0:0:0:0, 3:0:0:0:0, 3:0:0:0:0, 5:0:0:0:0, 3:0:0:0:0, 3:0:0:0:0, 4:4:0:0:4, 4:1:0:0:1, 3:0:0:0:0, 4:0:2:0:2, 3:1:0:0:1, 3:0:0:0:0, 3:0:0:0:0, 3:0:0:0:0, 3:0:0:0:0, 4:0:1:0:1, 3:0:0:0:0, 3:0:0:0:0, 2:2:1:0:3, 5:1:1:0:2, 4:0:0:0:0, 2:0:0:0:0, 3:1:0:0:1, 2:0:0:0:0, 4:0:0:0:0, 2:0:0:0:0, 2:0:0:0:0, 4:0:0:0:0, 4:0:0:0:0, 3:0:0:0:0, 2:2:0:0:2, 3:1:0:0:1, 2:0:0:0:0, 2:0:0:0:0, 3:1:0:0:1, 4:0:0:0:0, 2:0:0:0:0, 3:0:0:0:0, 3:0:0:0:0, 5:0:0:0:0, 3:0:0:0:0, 3:0:0:0:0, 4:4:0:0:4, 3:1:0:0:1, 3:0:0:0:0, 4:0:2:0:2, 3:1:0:0:1, 3:0:0:0:0, 3:0:0:0:0, 3:0:0:0:0, 3:0:0:0:0, 4:0:1:0:1, 3:0:0:0:0, 3:0:2:0:2, 3:2:1:0:3, 5:1:1:0:2, 3:0:0:0:0, 2:0:0:0:0, 3:1:0:0:1, 2:0:0:0:0, 4:0:0:0:0, 2:0:0:0:0, 2:0:0:0:0, 4:0:0:0:0, 4:0:0:0:0, 2:0:0:0:0, 2:2:0:0:2, 2:2:0:0:2, 3:0:0:0:0, 2:0:0:0:0, 2:1:0:0:1, 2:0:0:0:0, 2:0:0:0:0, 3:0:0:0:0, 3:0:0:0:0, 4:0:0:0:0, 1:0:0:0:0, 4:0:0:0:0, 5:3:0:0:3, 3:2:0:0:2, 3:1:0:0:1, 4:0:0:0:0, 3:1:0:0:1, 2:0:0:0:0, 1:1:0:0:1, 2:0:0:0:0, 1:0:0:0:0, 2:2:0:0:2, 1:0:0:0:0, 2:0:0:0:0, 2:3:0:0:3, 1:0:0:0:0, 1:0:0:0:0, 1:0:0:0:0, 1:0:0:0:0, 485:90:18:0:106
Db major (5b), 1:0:0:0:0, 0:0:0:0:0, 2:0:0:0:2, 1:0:0:0:0, 1:0:0:0:1, 0:0:0:0:0, 0:0:0:0:0, 1:0:0:0:0, 1:0:0:0:1, 0:0:0:0:0, 3:0:0:0:3, 1:0:0:0:1, 0:0:0:0:0, 0:0:0:0:0, 2:0:0:0:2, 2:0:0:0:1, 2:0:0:0:1, 2:0:0:0:1, 1:0:0:0:1, 1:0:0:0:0, 0:0:0:0:0, 0:0:0:0:0, 0:0:0:0:0, 1:0:0:0:1, 0:0:0:0:0, 1:0:0:0:0, 1:0:0:0:1, 1:0:0:0:0, 2:0:0:0:3, 3:0:0:0:1, 3:0:0:0:2, 1:0:0:0:0, 2:0:1:0:1, 0:0:0:0:0, 3:0:0:0:1, 1:0:0:0:1, 1:0:0:0:0, 2:0:0:0:1, 3:0:0:0:3, 2:0:0:0:1, 3:0:0:0:3, 0:0:0:0:0, 1:0:1:0:0, 1:0:0:0:0, 2:0:1:0:1, 0:0:0:0:0, 3:0:0:0:1, 1:0:0:0:1, 1:0:0:0:0, 2:0:0:0:1, 1:0:0:0:0, 2:0:0:0:1, 2:0:0:0:2, 0:0:0:0:0, 2:0:0:0:2, 2:0:0:0:1, 0:0:0:0:0, 1:0:0:0:1, 4:0:0:0:3, 1:0:0:0:1, 1:0:0:0:0, 2:0:0:0:2, 2:0:0:0:4, 3:0:0:0:2, 1:0:0:0:1, 3:0:0:0:1, 0:0:0:0:0, 1:0:0:0:0, 3:0:1:0:1, 1:0:0:0:2, 3:0:0:0:3, 1:0:0:0:1, 2:0:0:0:1, 2:0:0:0:1, 1:0:0:0:0, 1:0:0:0:0, 2:0:0:0:1, 3:0:0:0:1, 0:0:0:0:0, 2:0:0:0:2, 1:0:0:0:1, 0:0:0:0:0, 2:0:0:0:1, 1:0:0:0:1, 3:0:0:0:2, 2:0:0:0:1, 3:0:0:0:4, 3:0:0:0:2, 2:0:0:0:2, 3:0:0:0:2, 2:0:0:0:1, 3:0:1:0:1, 2:0:0:0:2, 1:0:0:0:1, 4:0:0:0:5, 1:0:0:0:1, 2:0:0:0:0, 1:0:0:0:0, 2:0:0:0:1, 1:0:0:0:0, 3:0:0:0:2, 0:0:0:0:0, 3:0:0:0:1, 2:0:0:0:1, 0:0:0:0:0, 0:0:0:0:0, 2:0:0:0:1, 1:0:0:0:1, 3:0:0:0:1, 2:0:0:0:1, 1:0:0:0:0, 1:0:0:0:0, 2:0:0:0:1, 3:0:0:0:1, 0:0:0:0:0, 2:0:0:0:2, 1:0:0:0:1, 1:0:0:0:1, 2:0:0:0:1, 1:0:0:0:1, 3:0:0:0:2, 2:0:0:0:1, 3:0:0:0:4, 3:0:0:0:2, 2:0:0:0:2, 3:0:0:0:2, 2:0:0:0:1, 3:0:1:0:1, 2:0:0:0:2, 1:0:0:0:1, 4:0:0:0:5, 1:0:0:0:1, 2:0:0:0:0, 1:0:0:0:0, 2:0:0:0:1, 1:0:0:0:0, 2:0:0:0:1, 1:0:0:0:1, 3:0:0:0:1, 1:0:0:0:0, 0:0:0:0:0, 0:0:0:0:0, 2:0:0:0:1, 1:0:0:0:1, 3:0:0:0:1, 2:0:0:0:1, 1:0:0:0:0, 1:0:0:0:0, 2:0:0:0:2, 2:0:0:0:0, 2:0:0:0:2, 1:0:0:0:1, 1:0:0:0:1, 0:0:0:0:0, 3:0:0:0:1, 1:0:0:0:1, 2:0:0:0:1, 2:0:0:0:1, 2:0:0:0:2, 2:0:0:0:1, 5:0:0:0:3, 3:0:0:0:2, 3:0:0:0:1, 2:0:0:0:2, 3:0:0:0:2, 1:0:0:0:1, 3:0:0:0:2, 0:0:0:0:0, 1:0:0:0:0, 2:0:0:0:2, 0:0:0:0:0, 2:0:0:0:3, 2:0:0:0:2, 0:0:0:0:0, 0:0:0:0:0, 0:0:0:0:0, 0:0:0:0:0, 0:0:0:0:0, 279:0:6:0:180
B major (5#), 1:0:0:0:0, 1:0:0:0:3, 3:0:0:0:0, 3:1:0:0:1, 1:0:0:0:3, 2:1:0:0:1, 2:1:0:0:1, 2:0:0:0:2, 3:1:0:0:1, 1:1:0:0:1, 4:0:0:0:1, 3:2:0:0:4, 1:0:0:0:2, 1:0:0:0:3, 3:0:0:0:0, 4:1:0:0:1, 3:0:0:0:3, 4:1:0:0:1, 2:1:0:0:1, 2:0:0:0:2, 2:1:0:0:1, 2:1:0:0:1, 1:0:0:0:0, 3:2:0:0:4, 1:0:0:0:2, 3:1:0:0:3, 3:0:0:0:2, 4:0:0:0:2, 2:0:0:0:2, 3:1:0:0:1, 5:1:0:0:2, 5:0:0:0:1, 2:0:0:0:2, 2:1:0:0:2, 2:0:0:0:0, 2:0:0:0:2, 3:0:0:0:0, 4:0:0:0:2, 4:0:0:0:1, 2:0:0:0:2, 4:0:0:0:1, 3:1:1:0:3, 3:1:0:0:1, 4:0:0:0:2, 2:0:0:0:2, 2:1:0:0:2, 2:0:0:0:0, 2:0:0:0:2, 2:0:0:0:0, 2:0:0:0:2, 3:0:0:0:1, 2:0:0:0:2, 3:0:0:0:1, 3:1:1:0:3, 3:2:0:0:2, 3:0:0:0:1, 2:0:2:0:5, 2:1:0:0:2, 4:0:0:0:0, 2:0:0:0:3, 2:0:0:0:0, 4:0:0:0:2, 3:0:0:0:1, 3:0:0:0:2, 3:1:0:0:3, 3:1:0:0:1, 3:1:0:0:2, 4:0:0:0:2, 3:0:0:0:2, 2:1:0:0:2, 3:0:0:0:0, 2:0:0:0:2, 2:0:0:0:0, 2:0:0:0:2, 3:0:0:0:1, 4:0:0:0:2, 4:0:0:0:2, 3:1:0:0:1, 3:1:0:0:2, 2:0:0:0:2, 2:0:0:0:2, 2:1:0:0:2, 3:0:0:0:0, 2:0:0:0:2, 3:0:0:0:0, 4:0:0:0:2, 4:0:0:0:1, 4:0:0:0:3, 4:0:0:0:2, 4:1:0:0:1, 4:1:0:0:1, 3:0:0:0:2, 3:0:2:0:3, 2:1:0:0:2, 4:0:0:0:0, 3:0:0:0:2, 2:0:0:0:0, 3:0:0:0:2, 3:0:1:0:2, 3:0:0:0:3, 3:0:0:0:1, 2:1:1:0:2, 5:1:1:0:1, 4:0:0:0:2, 2:0:0:0:2, 2:1:0:0:2, 2:0:0:0:0, 4:0:0:0:1, 2:0:0:0:0, 2:0:0:0:2, 3:0:0:0:1, 4:0:0:0:2, 4:0:0:0:2, 3:1:0:0:1, 3:1:0:0:2, 2:0:0:0:2, 2:0:0:0:2, 3:1:0:0:2, 3:0:0:0:0, 2:0:0:0:2, 3:0:0:0:0, 4:0:0:0:2, 4:0:0:0:1, 4:0:0:0:3, 4:0:0:0:2, 4:1:0:0:1, 3:1:0:0:1, 3:0:0:0:2, 3:0:2:0:3, 2:1:0:0:2, 4:0:0:0:0, 3:0:0:0:2, 2:0:0:0:0, 3:0:0:0:2, 3:0:1:0:2, 3:0:0:0:3, 3:0:2:0:3, 3:1:1:0:2, 5:1:1:0:1, 3:0:0:0:2, 2:0:0:0:2, 2:1:0:0:2, 2:0:0:0:0, 4:0:0:0:1, 2:0:0:0:0, 2:0:0:0:2, 3:0:0:0:1, 4:0:0:0:2, 2:0:0:0:2, 2:1:0:0:1, 3:2:0:0:3, 3:0:0:0:2, 2:0:0:0:2, 2:1:0:0:2, 3:0:0:0:0, 2:0:0:0:2, 2:0:0:0:0, 4:0:0:0:2, 3:0:0:0:1, 1:0:0:0:2, 5:0:0:0:1, 6:1:0:0:2, 3:1:0:0:1, 3:1:0:0:3, 4:0:0:0:2, 3:1:0:0:2, 3:0:0:0:0, 1:1:0:0:1, 2:0:0:0:0, 0:0:0:0:0, 2:1:0:0:2, 1:0:0:0:0, 2:0:0:0:0, 2:1:0:0:3, 1:0:0:0:2, 1:0:0:0:1, 1:0:0:0:1, 1:0:0:0:1, 488:58:16:0:275
Bb minor (5b), 1:0:0:0:0, 0:0:0:0:0, 2:0:0:0:2, 1:0:0:0:0, 1:0:0:0:1, 0:0:0:0:0, 0:0:0:0:0, 1:0:0:0:0, 1:0:0:0:1, 0:0:0:0:0, 3:0:0:0:3, 1:0:0:0:1, 0:0:0:0:0, 0:0:0:0:0, 2:0:0:0:2, 2:0:0:0:1, 2:0:0:0:1, 2:0:0:0:1, 1:0:0:0:1, 1:0:0:0:0, 0:0:0:0:0, 0:0:0:0:0, 0:0:0:0:0, 1:0:0:0:1, 0:0:0:0:0, 1:0:0:0:0, 1:0:0:0:1, 1:0:0:0:0, 2:0:0:0:3, 3:0:0:0:1, 3:0:0:0:2, 1:0:0:0:0, 2:0:1:0:1, 0:0:0:0:0, 3:0:0:0:1, 1:0:0:0:1, 1:0:0:0:0, 2:0:0:0:1, 3:0:0:0:3, 2:0:0:0:1, 3:0:0:0:3, 0:0:0:0:0, 1:0:1:0:0, 1:0:0:0:0, 2:0:1:0:1, 0:0:0:0:0, 3:0:0:0:1, 1:0:0:0:1, 1:0:0:0:0, 2:0:0:0:1, 1:0:0:0:0, 2:0:0:0:1, 2:0:0:0:2, 0:0:0:0:0, 2:0:0:0:2, 2:0:0:0:1, 0:0:0:0:0, 1:0:0:0:1, 4:0:0:0:3, 1:0:0:0:1, 1:0:0:0:0, 2:0:0:0:2, 2:0:0:0:4, 3:0:0:0:2, 1:0:0:0:1, 3:0:0:0:1, 0:0:0:0:0, 1:0:0:0:0, 3:0:1:0:1, 1:0:0:0:2, 3:0:0:0:3, 1:0:0:0:1, 2:0:0:0:1, 2:0:0:0:1, 1:0:0:0:0, 1:0:0:0:0, 2:0:0:0:1, 3:0:0:0:1, 0:0:0:0:0, 2:0:0:0:2, 1:0:0:0:1, 0:0:0:0:0, 2:0:0:0:1, 1:0:0:0:1, 3:0:0:0:2, 2:0:0:0:1, 3:0:0:0:4, 3:0:0:0:2, 2:0:0:0:2, 3:0:0:0:2, 2:0:0:0:1, 3:0:1:0:1, 2:0:0:0:2, 1:0:0:0:1, 4:0:0:0:5, 1:0:0:0:1, 2:0:0:0:0, 1:0:0:0:0, 2:0:0:0:1, 1:0:0:0:0, 3:0:0:0:2, 0:0:0:0:0, 3:0:0:0:1, 2:0:0:0:1, 0:0:0:0:0, 0:0:0:0:0, 2:0:0:0:1, 1:0:0:0:1, 3:0:0:0:1, 2:0:0:0:1, 1:0:0:0:0, 1:0:0:0:0, 2:0:0:0:1, 3:0:0:0:1, 0:0:0:0:0, 2:0:0:0:2, 1:0:0:0:1, 1:0:0:0:1, 2:0:0:0:1, 1:0:0:0:1, 3:0:0:0:2, 2:0:0:0:1, 3:0:0:0:4, 3:0:0:0:2, 2:0:0:0:2, 3:0:0:0:2, 2:0:0:0:1, 3:0:1:0:1, 2:0:0:0:2, 1:0:0:0:1, 4:0:0:0:5, 1:0:0:0:1, 2:0:0:0:0, 1:0:0:0:0, 2:0:0:0:1, 1:0:0:0:0, 2:0:0:0:1, 1:0:0:0:1, 3:0:0:0:1, 1:0:0:0:0, 0:0:0:0:0, 0:0:0:0:0, 2:0:0:0:1, 1:0:0:0:1, 3:0:0:0:1, 2:0:0:0:1, 1:0:0:0:0, 1:0:0:0:0, 2:0:0:0:2, 2:0:0:0:0, 2:0:0:0:2, 1:0:0:0:1, 1:0:0:0:1, 0:0:0:0:0, 3:0:0:0:1, 1:0:0:0:1, 2:0:0:0:1, 2:0:0:0:1, 2:0:0:0:2, 2:0:0:0:1, 5:0:0:0:3, 3:0:0:0:2, 3:0:0:0:1, 2:0:0:0:2, 3:0:0:0:2, 1:0:0:0:1, 3:0:0:0:2, 0:0:0:0:0, 1:0:0:0:0, 2:0:0:0:2, 0:0:0:0:0, 2:0:0:0:3, 2:0:0:0:2, 0:0:0:0:0, 0:0:0:0:0, 0:0:0:0:0, 0:0:0:0:0, 0:0:0:0:0, 279:0:6:0:180
G# minor (5#), 1:0:0:0:0, 1:0:0:0:3, 3:0:0:0:0, 3:1:0:0:1, 1:0:0:0:3, 2:1:0:0:1, 2:1:0:0:1, 2:0:0:0:2, 3:1:0:0:1, 1:1:0:0:1, 4:0:0:0:1, 3:2:0:0:4, 1:0:0:0:2, 1:0:0:0:3, 3:0:0:0:0, 4:1:0:0:1, 3:0:0:0:3, 4:1:0:0:1, 2:1:0:0:1, 2:0:0:0:2, 2:1:0:0:1, 2:1:0:0:1, 1:0:0:0:0, 3:2:0:0:4, 1:0:0:0:2, 3:1:0:0:3, 3:0:0:0:2, 4:0:0:0:2, 2:0:0:0:2, 3:1:0:0:1, 5:1:0:0:2, 5:0:0:0:1, 2:0:0:0:2, 2:1:0:0:2, 2:0:0:0:0, 2:0:0:0:2, 3:0:0:0:0, 4:0:0:0:2, 4:0:0:0:1, 2:0:0:0:2, 4:0:0:0:1, 3:1:1:0:3, 3:1:0:0:1, 4:0:0:0:2, 2:0:0:0:2, 2:1:0:0:2, 2:0:0:0:0, 2:0:0:0:2, 2:0:0:0:0, 2:0:0:0:2, 3:0:0:0:1, 2:0:0:0:2, 3:0:0:0:1, 3:1:1:0:3, 3:2:0:0:2, 3:0:0:0:1, 2:0:2:0:5, 2:1:0:0:2, 4:0:0:0:0, 2:0:0:0:3, 2:0:0:0:0, 4:0:0:0:2, 3:0:0:0:1, 3:0:0:0:2, 3:1:0:0:3, 3:1:0:0:1, 3:1:0:0:2, 4:0:0:0:2, 3:0:0:0:2, 2:1:0:0:2, 3:0:0:0:0, 2:0:0:0:2, 2:0:0:0:0, 2:0:0:0:2, 3:0:0:0:1, 4:0:0:0:2, 4:0:0:0:2, 3:1:0:0:1, 3:1:0:0:2, 2:0:0:0:2, 2:0:0:0:2, 2:1:0:0:2, 3:0:0:0:0, 2:0:0:0:2, 3:0:0:0:0, 4:0:0:0:2, 4:0:0:0:1, 4:0:0:0:3, 4:0:0:0:2, 4:1:0:0:1, 4:1:0:0:1, 3:0:0:0:2, 3:0:2:0:3, 2:1:0:0:2, 4:0:0:0:0, 3:0:0:0:2, 2:0:0:0:0, 3:0:0:0:2, 3:0:1:0:2, 3:0:0:0:3, 3:0:0:0:1, 2:1:1:0:2, 5:1:1:0:1, 4:0:0:0:2, 2:0:0:0:2, 2:1:0:0:2, 2:0:0:0:0, 4:0:0:0:1, 2:0:0:0:0, 2:0:0:0:2, 3:0:0:0:1, 4:0:0:0:2, 4:0:0:0:2, 3:1:0:0:1, 3:1:0:0:2, 2:0:0:0:2, 2:0:0:0:2, 3:1:0:0:2, 3:0:0:0:0, 2:0:0:0:2, 3:0:0:0:0, 4:0:0:0:2, 4:0:0:0:1, 4:0:0:0:3, 4:0:0:0:2, 4:1:0:0:1, 3:1:0:0:1, 3:0:0:0:2, 3:0:2:0:3, 2:1:0:0:2, 4:0:0:0:0, 3:0:0:0:2, 2:0:0:0:0, 3:0:0:0:2, 3:0:1:0:2, 3:0:0:0:3, 3:0:2:0:3, 3:1:1:0:2, 5:1:1:0:1, 3:0:0:0:2, 2:0:0:0:2, 2:1:0:0:2, 2:0:0:0:0, 4:0:0:0:1, 2:0:0:0:0, 2:0:0:0:2, 3:0:0:0:1, 4:0:0:0:2, 2:0:0:0:2, 2:1:0:0:1, 3:2:0:0:3, 3:0:0:0:2, 2:0:0:0:2, 2:1:0:0:2, 3:0:0:0:0, 2:0:0:0:2, 2:0:0:0:0, 4:0:0:0:2, 3:0:0:0:1, 1:0:0:0:2, 5:0:0:0:1, 6:1:0:0:2, 3:1:0:0:1, 3:1:0:0:3, 4:0:0:0:2, 3:1:0:0:2, 3:0:0:0:0, 1:1:0:0:1, 2:0:0:0:0, 0:0:0:0:0, 2:1:0:0:2, 1:0:0:0:0, 2:0:0:0:0, 2:1:0:0:3, 1:0:0:0:2, 1:0:0:0:1, 1:0:0:0:1, 1:0:0:0:1, 488:58:16:0:275
Bb minor mel (5b), 1:0:0:0:0, 0:0:0:0:0, 2:0:0:0:2, 1:0:0:0:0, 1:0:0:0:1, 0:0:0:0:0, 0:0:0:0:0, 1:0:0:0:0, 1:0:0:0:1, 0:0:0:0:0, 3:0:0:0:3, 1:0:0:0:1, 0:0:0:0:0, 0:0:0:0:0, 2:0:0:0:2, 2:0:0:0:1, 2:0:0:0:1, 2:0:0:0:1, 1:0:0:0:1, 1:0:0:0:0, 0:0:0:0:0, 0:0:0:0:0, 0:0:0:0:0, 1:0:0:0:1, 0:0:0:0:0, 1:0:0:0:0, 1:0:0:0:1, 1:0:0:0:0, 2:0:0:0:3, 3:0:0:0:1, 3:0:0:0:2, 1:0:0:0:0, 2:0:1:0:1, 0:0:0:0:0, 3:0:0:0:1, 1:0:0:0:1, 1:0:0:0:0, 2:0:0:0:1, 3:0:0:0:3, 2:0:0:0:1, 3:0:0:0:3, 0:0:0:0:0, 1:0:1:0:0, 1:0:0:0:0, 2:0:1:0:1, 0:0:0:0:0, 3:0:0:0:1, 1:0:0:0:1, 1:0:0:0:0, 2:0:0:0:1, 1:0:0:0:0, 2:0:0:0:1, 2:0:0:0:2, 0:0:0:0:0, 2:0:0:0:2, 2:0:0:0:1, 0:0:0:0:0, 1:0:0:0:1, 4:0:0:0:3, 1:0:0:0:1, 1:0:0:0:0, 2:0:0:0:2, 2:0:0:0:4, 3:0:0:0:2, 1:0:0:0:1, 3:0:0:0:1, 0:0:0:0:0, 1:0:0:0:0, 3:0:1:0:1, 1:0:0:0:2, 3:0:0:0:3, 1:0:0:0:1, 2:0:0:0:1, 2:0:0:0:1, 1:0:0:0:0, 1:0:0:0:0, 2:0:0:0:1, 3:0:0:0:1, 0:0:0:0:0, 2:0:0:0:2, 1:0:0:0:1, 0:0:0:0:0, 2:0:0:0:1, 1:0:0:0:1, 3:0:0:0:2, 2:0:0:0:1, 3:0:0:0:4, 3:0:0:0:2, 2:0:0:0:2, 3:0:0:0:2, 2:0:0:0:1, 3:0:1:0:1, 2:0:0:0:2, 1:0:0:0:1, 4:0:0:0:5, 1:0:0:0:1, 2:0:0:0:0, 1:0:0:0:0, 2:0:0:0:1, 1:0:0:0:0, 3:0:0:0:2, 0:0:0:0:0, 3:0:0:0:1, 2:0:0:0:1, 0:0:0:0:0, 0:0:0:0:0, 2:0:0:0:1, 1:0:0:0:1, 3:0:0:0:1, 2:0:0:0:1, 1:0:0:0:0, 1:0:0:0:0, 2:0:0:0:1, 3:0:0:0:1, 0:0:0:0:0, 2:0:0:0:2, 1:0:0:0:1, 1:0:0:0:1, 2:0:0:0:1, 1:0:0:0:1, 3:0:0:0:2, 2:0:0:0:1, 3:0:0:0:4, 3:0:0:0:2, 2:0:0:0:2, 3:0:0:0:2, 2:0:0:0:1, 3:0:1:0:1, 2:0:0:0:2, 1:0:0:0:1, 4:0:0:0:5, 1:0:0:0:1, 2:0:0:0:0, 1:0:0:0:0, 2:0:0:0:1, 1:0:0:0:0, 2:0:0:0:1, 1:0:0:0:1, 3:0:0:0:1, 1:0:0:0:0, 0:0:0:0:0, 0:0:0:0:0, 2:0:0:0:1, 1:0:0:0:1, 3:0:0:0:1, 2:0:0:0:1, 1:0:0:0:0, 1:0:0:0:0, 2:0:0:0:2, 2:0:0:0:0, 2:0:0:0:2, 1:0:0:0:1, 1:0:0:0:1, 0:0:0:0:0, 3:0:0:0:1, 1:0:0:0:1, 2:0:0:0:1, 2:0:0:0:1, 2:0:0:0:2, 2:0:0:0:1, 5:0:0:0:3, 3:0:0:0:2, 3:0:0:0:1, 2:0:0:0:2, 3:0:0:0:2, 1:0:0:0:1, 3:0:0:0:2, 0:0:0:0:0, 1:0:0:0:0, 2:0:0:0:2, 0:0:0:0:0, 2:0:0:0:3, 2:0:0:0:2, 0:0:0:0:0, 0:0:0:0:0, 0:0:0:0:0, 0:0:0:0:0, 0:0:0:0:0, 279:0:6:0:180
G# minor mel (5#), 1:0:0:0:0, 1:0:0:0:3, 3:0:0:0:0, 3:1:0:0:1, 1:0:0:0:3, 2:1:0:0:1, 2:1:0:0:1, 2:0:0:0:2, 3:1:0:0:1, 1:1:0:0:1, 4:0:0:0:1, 3:2:0:0:4, 1:0:0:0:2, 1:0:0:0:3, 3:0:0:0:0, 4:1:0:0:1, 3:0:0:0:3, 4:1:0:0:1, 2:1:0:0:1, 2:0:0:0:2, 2:1:0:0:1, 2:1:0:0:1, 1:0:0:0:0, 3:2:0:0:4, 1:0:0:0:2, 3:1:0:0:3, 3:0:0:0:2, 4:0:0:0:2, 2:0:0:0:2, 3:1:0:0:1, 5:1:0:0:2, 5:0:0:0:1, 2:0:0:0:2, 2:1:0:0:2, 2:0:0:0:0, 2:0:0:0:2, 3:0:0:0:0, 4:0:0:0:2, 4:0:0:0:1, 2:0:0:0:2, 4:0:0:0:1, 3:1:1:0:3, 3:1:0:0:1, 4:0:0:0:2, 2:0:0:0:2, 2:1:0:0:2, 2:0:0:0:0, 2:0:0:0:2, 2:0:0:0:0, 2:0:0:0:2, 3:0:0:0:1, 2:0:0:0:2, 3:0:0:0:1, 3:1:1:0:3, 3:2:0:0:2, 3:0:0:0:1, 2:0:2:0:5, 2:1:0:0:2, 4:0:0:0:0, 2:0:0:0:3, 2:0:0:0:0, 4:0:0:0:2, 3:0:0:0:1, 3:0:0:0:2, 3:1:0:0:3, 3:1:0:0:1, 3:1:0:0:2, 4:0:0:0:2, 3:0:0:0:2, 2:1:0:0:2, 3:0:0:0:0, 2:0:0:0:2, 2:0:0:0:0, 2:0:0:0:2, 3:0:0:0:1, 4:0:0:0:2, 4:0:0:0:2, 3:1:0:0:1, 3:1:0:0:2, 2:0:0:0:2, 2:0:0:0:2, 2:1:0:0:2, 3:0:0:0:0, 2:0:0:0:2, 3:0:0:0:0, 4:0:0:0:2, 4:0:0:0:1, 4:0:0:0:3, 4:0:0:0:2, 4:1:0:0:1, 4:1:0:0:1, 3:0:0:0:2, 3:0:2:0:3, 2:1:0:0:2, 4:0:0:0:0, 3:0:0:0:2, 2:0:0:0:0, 3:0:0:0:2, 3:0:1:0:2, 3:0:0:0:3, 3:0:0:0:1, 2:1:1:0:2, 5:1:1:0:1, 4:0:0:0:2, 2:0:0:0:2, 2:1:0:0:2, 2:0:0:0:0, 4:0:0:0:1, 2:0:0:0:0, 2:0:0:0:2, 3:0:0:0:1, 4:0:0:0:2, 4:0:0:0:2, 3:1:0:0:1, 3:1:0:0:2, 2:0:0:0:2, 2:0:0:0:2, 3:1:0:0:2, 3:0:0:0:0, 2:0:0:0:2, 3:0:0:0:0, 4:0:0:0:2, 4:0:0:0:1, 4:0:0:0:3, 4:0:0:0:2, 4:1:0:0:1, 3:1:0:0:1, 3:0:0:0:2, 3:0:2:0:3, 2:1:0:0:2, 4:0:0:0:0, 3:0:0:0:2, 2:0:0:0:0, 3:0:0:0:2, 3:0:1:0:2, 3:0:0:0:3, 3:0:2:0:3, 3:1:1:0:2, 5:1:1:0:1, 3:0:0:0:2, 2:0:0:0:2, 2:1:0:0:2, 2:0:0:0:0, 4:0:0:0:1, 2:0:0:0:0, 2:0:0:0:2, 3:0:0:0:1, 4:0:0:0:2, 2:0:0:0:2, 2:1:0:0:1, 3:2:0:0:3, 3:0:0:0:2, 2:0:0:0:2, 2:1:0:0:2, 3:0:0:0:0, 2:0:0:0:2, 2:0:0:0:0, 4:0:0:0:2, 3:0:0:0:1, 1:0:0:0:2, 5:0:0:0:1, 6:1:0:0:2, 3:1:0:0:1, 3:1:0:0:3, 4:0:0:0:2, 3:1:0:0:2, 3:0:0:0:0, 1:1:0:0:1, 2:0:0:0:0, 0:0:0:0:0, 2:1:0:0:2, 1:0:0:0:0, 2:0:0:0:0, 2:1:0:0:3, 1:0:0:0:2, 1:0:0:0:1, 1:0:0:0:1, 1:0:0:0:1, 488:58:16:0:275
Db major blues (5b), 1:0:0:0:0, 0:0:0:0:0, 2:0:0:0:2, 1:0:0:0:0, 1:0:0:0:1, 0:0:0:0:0, 0:0:0:0:0, 1:0:0:0:0, 1:0:0:0:1, 0:0:0:0:0, 3:0:0:0:3, 1:0:0:0:1, 0:0:0:0:0, 0:0:0:0:0, 2:0:0:0:2, 2:0:0:0:1, 2:0:0:0:1, 2:0:0:0:1, 1:0:0:0:1, 1:0:0:0:0, 0:0:0:0:0, 0:0:0:0:0, 0:0:0:0:0, 1:0:0:0:1, 0:0:0:0:0, 1:0:0:0:0, 1:0:0:0:1, 1:0:0:0:0, 2:0:0:0:3, 3:0:0:0:1, 3:0:0:0:2, 1:0:0:0:0, 2:0:1:0:1, 0:0:0:0:0, 3:0:0:0:1, 1:0:0:0:1, 1:0:0:0:0, 2:0:0:0:1, 3:0:0:0:3, 2:0:0:0:1, 3:0:0:0:3, 0:0:0:0:0, 1:0:1:0:0, 1:0:0:0:0, 2:0:1:0:1, 0:0:0:0:0, 3:0:0:0:1, 1:0:0:0:1, 1:0:0:0:0, 2:0:0:0:1, 1:0:0:0:0, 2:0:0:0:1, 2:0:0:0:2, 0:0:0:0:0, 2:0:0:0:2, 2:0:0:0:1, 0:0:0:0:0, 1:0:0:0:1, 4:0:0:0:3, 1:0:0:0:1, 1:0:0:0:0, 2:0:0:0:2, 2:0:0:0:4, 3:0:0:0:2, 1:0:0:0:1, 3:0:0:0:1, 0:0:0:0:0, 1:0:0:0:0, 3:0:1:0:1, 1:0:0:0:2, 3:0:0:0:3, 1:0:0:0:1, 2:0:0:0:1, 2:0:0:0:1, 1:0:0:0:0, 1:0:0:0:0, 2:0:0:0:1, 3:0:0:0:1, 0:0:0:0:0, 2:0:0:0:2, 1:0:0:0:1, 0:0:0:0:0, 2:0:0:0:1, 1:0:0:0:1, 3:0:0:0:2, 2:0:0:0:1, 3:0:0:0:4, 3:0:0:0:2, 2:0:0:0:2, 3:0:0:0:2, 2:0:0:0:1, 3:0:1:0:1, 2:0:0:0:2, 1:0:0:0:1, 4:0:0:0:5, 1:0:0:0:1, 2:0:0:0:0, 1:0:0:0:0, 2:0:0:0:1, 1:0:0:0:0, 3:0:0:0:2, 0:0:0:0:0, 3:0:0:0:1, 2:0:0:0:1, 0:0:0:0:0, 0:0:0:0:0, 2:0:0:0:1, 1:0:0:0:1, 3:0:0:0:1, 2:0:0:0:1, 1:0:0:0:0, 1:0:0:0:0, 2:0:0:0:1, 3:0:0:0:1, 0:0:0:0:0, 2:0:0:0:2, 1:0:0:0:1, 1:0:0:0:1, 2:0:0:0:1, 1:0:0:0:1, 3:0:0:0:2, 2:0:0:0:1, 3:0:0:0:4, 3:0:0:0:2, 2:0:0:0:2, 3:0:0:0:2, 2:0:0:0:1, 3:0:1:0:1, 2:0:0:0:2, 1:0:0:0:1, 4:0:0:0:5, 1:0:0:0:1, 2:0:0:0:0, 1:0:0:0:0, 2:0:0:0:1, 1:0:0:0:0, 2:0:0:0:1, 1:0:0:0:1, 3:0:0:0:1, 1:0:0:0:0, 0:0:0:0:0, 0:0:0:0:0, 2:0:0:0:1, 1:0:0:0:1, 3:0:0:0:1, 2:0:0:0:1, 1:0:0:0:0, 1:0:0:0:0, 2:0:0:0:2, 2:0:0:0:0, 2:0:0:0:2, 1:0:0:0:1, 1:0:0:0:1, 0:0:0:0:0, 3:0:0:0:1, 1:0:0:0:1, 2:0:0:0:1, 2:0:0:0:1, 2:0:0:0:2, 2:0:0:0:1, 5:0:0:0:3, 3:0:0:0:2, 3:0:0:0:1, 2:0:0:0:2, 3:0:0:0:2, 1:0:0:0:1, 3:0:0:0:2, 0:0:0:0:0, 1:0:0:0:0, 2:0:0:0:2, 0:0:0:0:0, 2:0:0:0:3, 2:0:0:0:2, 0:0:0:0:0, 0:0:0:0:0, 0:0:0:0:0, 0:0:0:0:0, 0:0:0:0:0, 279:0:6:0:180
B major blues (5#), 1:0:0:0:0, 1:0:0:0:3, 3:0:0:0:0, 3:1:0:0:1, 1:0:0:0:3, 2:1:0:0:1, 2:1:0:0:1, 2:0:0:0:2, 3:1:0:0:1, 1:1:0:0:1, 4:0:0:0:1, 3:2:0:0:4, 1:0:0:0:2, 1:0:0:0:3, 3:0:0:0:0, 4:1:0:0:1, 3:0:0:0:3, 4:1:0:0:1, 2:1:0:0:1, 2:0:0:0:2, 2:1:0:0:1, 2:1:0:0:1, 1:0:0:0:0, 3:2:0:0:4, 1:0:0:0:2, 3:1:0:0:3, 3:0:0:0:2, 4:0:0:0:2, 2:0:0:0:2, 3:1:0:0:1, 5:1:0:0:2, 5:0:0:0:1, 2:0:0:0:2, 2:1:0:0:2, 2:0:0:0:0, 2:0:0:0:2, 3:0:0:0:0, 4:0:0:0:2, 4:0:0:0:1, 2:0:0:0:2, 4:0:0:0:1, 3:1:1:0:3, 3:1:0:0:1, 4:0:0:0:2, 2:0:0:0:2, 2:1:0:0:2, 2:0:0:0:0, 2:0:0:0:2, 2:0:0:0:0, 2:0:0:0:2, 3:0:0:0:1, 2:0:0:0:2, 3:0:0:0:1, 3:1:1:0:3, 3:2:0:0:2, 3:0:0:0:1, 2:0:2:0:5, 2:1:0:0:2, 4:0:0:0:0, 2:0:0:0:3, 2:0:0:0:0, 4:0:0:0:2, 3:0:0:0:1, 3:0:0:0:2, 3:1:0:0:3, 3:1:0:0:1, 3:1:0:0:2, 4:0:0:0:2, 3:0:0:0:2, 2:1:0:0:2, 3:0:0:0:0, 2:0:0:0:2, 2:0:0:0:0, 2:0:0:0:2, 3:0:0:0:1, 4:0:0:0:2, 4:0:0:0:2, 3:1:0:0:1, 3:1:0:0:2, 2:0:0:0:2, 2:0:0:0:2, 2:1:0:0:2, 3:0:0:0:0, 2:0:0:0:2, 3:0:0:0:0, 4:0:0:0:2, 4:0:0:0:1, 4:0:0:0:3, 4:0:0:0:2, 4:1:0:0:1, 4:1:0:0:1, 3:0:0:0:2, 3:0:2:0:3, 2:1:0:0:2, 4:0:0:0:0, 3:0:0:0:2, 2:0:0:0:0, 3:0:0:0:2, 3:0:1:0:2, 3:0:0:0:3, 3:0:0:0:1, 2:1:1:0:2, 5:1:1:0:1, 4:0:0:0:2, 2:0:0:0:2, 2:1:0:0:2, 2:0:0:0:0, 4:0:0:0:1, 2:0:0:0:0, 2:0:0:0:2, 3:0:0:0:1, 4:0:0:0:2, 4:0:0:0:2, 3:1:0:0:1, 3:1:0:0:2, 2:0:0:0:2, 2:0:0:0:2, 3:1:0:0:2, 3:0:0:0:0, 2:0:0:0:2, 3:0:0:0:0, 4:0:0:0:2, 4:0:0:0:1, 4:0:0:0:3, 4:0:0:0:2, 4:1:0:0:1, 3:1:0:0:1, 3:0:0:0:2, 3:0:2:0:3, 2:1:0:0:2, 4:0:0:0:0, 3:0:0:0:2, 2:0:0:0:0, 3:0:0:0:2, 3:0:1:0:2, 3:0:0:0:3, 3:0:2:0:3, 3:1:1:0:2, 5:1:1:0:1, 3:0:0:0:2, 2:0:0:0:2, 2:1:0:0:2, 2:0:0:0:0, 4:0:0:0:1, 2:0:0:0:0, 2:0:0:0:2, 3:0:0:0:1, 4:0:0:0:2, 2:0:0:0:2, 2:1:0:0:1, 3:2:0:0:3, 3:0:0:0:2, 2:0:0:0:2, 2:1:0:0:2, 3:0:0:0:0, 2:0:0:0:2, 2:0:0:0:0, 4:0:0:0:2, 3:0:0:0:1, 1:0:0:0:2, 5:0:0:0:1, 6:1:0:0:2, 3:1:0:0:1, 3:1:0:0:3, 4:0:0:0:2, 3:1:0:0:2, 3:0:0:0:0, 1:1:0:0:1, 2:0:0:0:0, 0:0:0:0:0, 2:1:0:0:2, 1:0:0:0:0, 2:0:0:0:0, 2:1:0:0:3, 1:0:0:0:2, 1:0:0:0:1, 1:0:0:0:1, 1:0:0:0:1, 488:58:16:0:275
Bb minor blues (5b), 1:0:0:0:0, 0:0:0:0:0, 2:0:0:0:2, 1:0:0:0:0, 1:0:0:0:1, 0:0:0:0:0, 0:0:0:0:0, 1:0:0:0:0, 1:0:0:0:1, 0:0:0:0:0, 3:0:0:0:3, 1:0:0:0:1, 0:0:0:0:0, 0:0:0:0:0, 2:0:0:0:2, 2:0:0:0:1, 2:0:0:0:1, 2:0:0:0:1, 1:0:0:0:1, 1:0:0:0:0, 0:0:0:0:0, 0:0:0:0:0, 0:0:0:0:0, 1:0:0:0:1, 0:0:0:0:0, 1:0:0:0:0, 1:0:0:0:1, 1:0:0:0:0, 2:0:0:0:3, 3:0:0:0:1, 3:0:0:0:2, 1:0:0:0:0, 2:0:1:0:1, 0:0:0:0:0, 3:0:0:0:1, 1:0:0:0:1, 1:0:0:0:0, 2:0:0:0:1, 3:0:0:0:3, 2:0:0:0:1, 3:0:0:0:3, 0:0:0:0:0, 1:0:1:0:0, 1:0:0:0:0, 2:0:1:0:1, 0:0:0:0:0, 3:0:0:0:1, 1:0:0:0:1, 1:0:0:0:0, 2:0:0:0:1, 1:0:0:0:0, 2:0:0:0:1, 2:0:0:0:2, 0:0:0:0:0, 2:0:0:0:2, 2:0:0:0:1, 0:0:0:0:0, 1:0:0:0:1, 4:0:0:0:3, 1:0:0:0:1, 1:0:0:0:0, 2:0:0:0:2, 2:0:0:0:4, 3:0:0:0:2, 1:0:0:0:1, 3:0:0:0:1, 0:0:0:0:0, 1:0:0:0:0, 3:0:1:0:1, 1:0:0:0:2, 3:0:0:0:3, 1:0:0:0:1, 2:0:0:0:1, 2:0:0:0:1, 1:0:0:0:0, 1:0:0:0:0, 2:0:0:0:1, 3:0:0:0:1, 0:0:0:0:0, 2:0:0:0:2, 1:0:0:0:1, 0:0:0:0:0, 2:0:0:0:1, 1:0:0:0:1, 3:0:0:0:2, 2:0:0:0:1, 3:0:0:0:4, 3:0:0:0:2, 2:0:0:0:2, 3:0:0:0:2, 2:0:0:0:1, 3:0:1:0:1, 2:0:0:0:2, 1:0:0:0:1, 4:0:0:0:5, 1:0:0:0:1, 2:0:0:0:0, 1:0:0:0:0, 2:0:0:0:1, 1:0:0:0:0, 3:0:0:0:2, 0:0:0:0:0, 3:0:0:0:1, 2:0:0:0:1, 0:0:0:0:0, 0:0:0:0:0, 2:0:0:0:1, 1:0:0:0:1, 3:0:0:0:1, 2:0:0:0:1, 1:0:0:0:0, 1:0:0:0:0, 2:0:0:0:1, 3:0:0:0:1, 0:0:0:0:0, 2:0:0:0:2, 1:0:0:0:1, 1:0:0:0:1, 2:0:0:0:1, 1:0:0:0:1, 3:0:0:0:2, 2:0:0:0:1, 3:0:0:0:4, 3:0:0:0:2, 2:0:0:0:2, 3:0:0:0:2, 2:0:0:0:1, 3:0:1:0:1, 2:0:0:0:2, 1:0:0:0:1, 4:0:0:0:5, 1:0:0:0:1, 2:0:0:0:0, 1:0:0:0:0, 2:0:0:0:1, 1:0:0:0:0, 2:0:0:0:1, 1:0:0:0:1, 3:0:0:0:1, 1:0:0:0:0, 0:0:0:0:0, 0:0:0:0:0, 2:0:0:0:1, 1:0:0:0:1, 3:0:0:0:1, 2:0:0:0:1, 1:0:0:0:0, 1:0:0:0:0, 2:0:0:0:2, 2:0:0:0:0, 2:0:0:0:2, 1:0:0:0:1, 1:0:0:0:1, 0:0:0:0:0, 3:0:0:0:1, 1:0:0:0:1, 2:0:0:0:1, 2:0:0:0:1, 2:0:0:0:2, 2:0:0:0:1, 5:0:0:0:3, 3:0:0:0:2, 3:0:0:0:1, 2:0:0:0:2, 3:0:0:0:2, 1:0:0:0:1, 3:0:0:0:2, 0:0:0:0:0, 1:0:0:0:0, 2:0:0:0:2, 0:0:0:0:0, 2:0:0:0:3, 2:0:0:0:2, 0:0:0:0:0, 0:0:0:0:0, 0:0:0:0:0, 0:0:0:0:0, 0:0:0:0:0, 279:0:6:0:180
G# minor blues (5#), 1:0:0:0:0, 1:0:0:0:3, 3:0:0:0:0, 3:1:0:0:1, 1:0:0:0:3, 2:1:0:0:1, 2:1:0:0:1, 2:0:0:0:2, 3:1:0:0:1, 1:1:0:0:1, 4:0:0:0:1, 3:2:0:0:4, 1:0:0:0:2, 1:0:0:0:3, 3:0:0:0:0, 4:1:0:0:1, 3:0:0:0:3, 4:1:0:0:1, 2:1:0:0:1, 2:0:0:0:2, 2:1:0:0:1, 2:1:0:0:1, 1:0:0:0:0, 3:2:0:0:4, 1:0:0:0:2, 3:1:0:0:3, 3:0:0:0:2, 4:0:0:0:2, 2:0:0:0:2, 3:1:0:0:1, 5:1:0:0:2, 5:0:0:0:1, 2:0:0:0:2, 2:1:0:0:2, 2:0:0:0:0, 2:0:0:0:2, 3:0:0:0:0, 4:0:0:0:2, 4:0:0:0:1, 2:0:0:0:2, 4:0:0:0:1, 3:1:1:0:3, 3:1:0:0:1, 4:0:0:0:2, 2:0:0:0:2, 2:1:0:0:2, 2:0:0:0:0, 2:0:0:0:2, 2:0:0:0:0, 2:0:0:0:2, 3:0:0:0:1, 2:0:0:0:2, 3:0:0:0:1, 3:1:1:0:3, 3:2:0:0:2, 3:0:0:0:1, 2:0:2:0:5, 2:1:0:0:2, 4:0:0:0:0, 2:0:0:0:3, 2:0:0:0:0, 4:0:0:0:2, 3:0:0:0:1, 3:0:0:0:2, 3:1:0:0:3, 3:1:0:0:1, 3:1:0:0:2, 4:0:0:0:2, 3:0:0:0:2, 2:1:0:0:2, 3:0:0:0:0, 2:0:0:0:2, 2:0:0:0:0, 2:0:0:0:2, 3:0:0:0:1, 4:0:0:0:2, 4:0:0:0:2, 3:1:0:0:1, 3:1:0:0:2, 2:0:0:0:2, 2:0:0:0:2, 2:1:0:0:2, 3:0:0:0:0, 2:0:0:0:2, 3:0:0:0:0, 4:0:0:0:2, 4:0:0:0:1, 4:0:0:0:3, 4:0:0:0:2, 4:1:0:0:1, 4:1:0:0:1, 3:0:0:0:2, 3:0:2:0:3, 2:1:0:0:2, 4:0:0:0:0, 3:0:0:0:2, 2:0:0:0:0, 3:0:0:0:2, 3:0:1:0:2, 3:0:0:0:3, 3:0:0:0:1, 2:1:1:0:2, 5:1:1:0:1, 4:0:0:0:2, 2:0:0:0:2, 2:1:0:0:2, 2:0:0:0:0, 4:0:0:0:1, 2:0:0:0:0, 2:0:0:0:2, 3:0:0:0:1, 4:0:0:0:2, 4:0:0:0:2, 3:1:0:0:1, 3:1:0:0:2, 2:0:0:0:2, 2:0:0:0:2, 3:1:0:0:2, 3:0:0:0:0, 2:0:0:0:2, 3:0:0:0:0, 4:0:0:0:2, 4:0:0:0:1, 4:0:0:0:3, 4:0:0:0:2, 4:1:0:0:1, 3:1:0:0:1, 3:0:0:0:2, 3:0:2:0:3, 2:1:0:0:2, 4:0:0:0:0, 3:0:0:0:2, 2:0:0:0:0, 3:0:0:0:2, 3:0:1:0:2, 3:0:0:0:3, 3:0:2:0:3, 3:1:1:0:2, 5:1:1:0:1, 3:0:0:0:2, 2:0:0:0:2, 2:1:0:0:2, 2:0:0:0:0, 4:0:0:0:1, 2:0:0:0:0, 2:0:0:0:2, 3:0:0:0:1, 4:0:0:0:2, 2:0:0:0:2, 2:1:0:0:1, 3:2:0:0:3, 3:0:0:0:2, 2:0:0:0:2, 2:1:0:0:2, 3:0:0:0:0, 2:0:0:0:2, 2:0:0:0:0, 4:0:0:0:2, 3:0:0:0:1, 1:0:0:0:2, 5:0:0:0:1, 6:1:0:0:2, 3:1:0:0:1, 3:1:0:0:3, 4:0:0:0:2, 3:1:0:0:2, 3:0:0:0:0, 1:1:0:0:1, 2:0:0:0:0, 0:0:0:0:0, 2:1:0:0:2, 1:0:0:0:0, 2:0:0:0:0, 2:1:0:0:3, 1:0:0:0:2, 1:0:0:0:1, 1:0:0:0:1, 1:0:0:0:1, 488:58:16:0:275
Db dorian (5b), 1:0:0:0:0, 0:0:0:0:0, 2:0:0:0:2, 1:0:0:0:0, 1:0:0:0:1, 0:0:0:0:0, 0:0:0:0:0, 1:0:0:0:0, 1:0:0:0:1, 0:0:0:0:0, 3:0:0:0:3, 1:0:0:0:1, 0:0:0:0:0, 0:0:0:0:0, 2:0:0:0:2, 2:0:0:0:1, 2:0:0:0:1, 2:0:0:0:1, 1:0:0:0:1, 1:0:0:0:0, 0:0:0:0:0, 0:0:0:0:0, 0:0:0:0:0, 1:0:0:0:1, 0:0:0:0:0, 1:0:0:0:0, 1:0:0:0:1, 1:0:0:0:0, 2:0:0:0:3, 3:0:0:0:1, 3:0:0:0:2, 1:0:0:0:0, 2:0:1:0:1, 0:0:0:0:0, 3:0:0:0:1, 1:0:0:0:1, 1:0:0:0:0, 2:0:0:0:1, 3:0:0:0:3, 2:0:0:0:1, 3:0:0:0:3, 0:0:0:0:0, 1:0:1:0:0, 1:0:0:0:0, 2:0:1:0:1, 0:0:0:0:0, 3:0:0:0:1, 1:0:0:0:1, 1:0:0:0:0, 2:0:0:0:1, 1:0:0:0:0, 2:0:0:0:1, 2:0:0:0:2, 0:0:0:0:0, 2:0:0:0:2, 2:0:0:0:1, 0:0:0:0:0, 1:0:0:0:1, 4:0:0:0:3, 1:0:0:0:1, 1:0:0:0:0, 2:0:0:0:2, 2:0:0:0:4, 3:0:0:0:2, 1:0:0:0:1, 3:0:0:0:1, 0:0:0:0:0, 1:0:0:0:0, 3:0:1:0:1, 1:0:0:0:2, 3:0:0:0:3, 1:0:0:0:1, 2:0:0:0:1, 2:0:0:0:1, 1:0:0:0:0, 1:0:0:0:0, 2:0:0:0:1, 3:0:0:0:1, 0:0:0:0:0, 2:0:0:0:2, 1:0:0:0:1, 0:0:0:0:0, 2:0:0:0:1, 1:0:0:0:1, 3:0:0:0:2, 2:0:0:0:1, 3:0:0:0:4, 3:0:0:0:2, 2:0:0:0:2, 3:0:0:0:2, 2:0:0:0:1, 3:0:1:0:1, 2:0:0:0:2, 1:0:0:0:1, 4:0:0:0:5, 1:0:0:0:1, 2:0:0:0:0, 1:0:0:0:0, 2:0:0:0:1, 1:0:0:0:0, 3:0:0:0:2, 0:0:0:0:0, 3:0:0:0:1, 2:0:0:0:1, 0:0:0:0:0, 0:0:0:0:0, 2:0:0:0:1, 1:0:0:0:1, 3:0:0:0:1, 2:0:0:0:1, 1:0:0:0:0, 1:0:0:0:0, 2:0:0:0:1, 3:0:0:0:1, 0:0:0:0:0, 2:0:0:0:2, 1:0:0:0:1, 1:0:0:0:1, 2:0:0:0:1, 1:0:0:0:1, 3:0:0:0:2, 2:0:0:0:1, 3:0:0:0:4, 3:0:0:0:2, 2:0:0:0:2, 3:0:0:0:2, 2:0:0:0:1, 3:0:1:0:1, 2:0:0:0:2, 1:0:0:0:1, 4:0:0:0:5, 1:0:0:0:1, 2:0:0:0:0, 1:0:0:0:0, 2:0:0:0:1, 1:0:0:0:0, 2:0:0:0:1, 1:0:0:0:1, 3:0:0:0:1, 1:0:0:0:0, 0:0:0:0:0, 0:0:0:0:0, 2:0:0:0:1, 1:0:0:0:1, 3:0:0:0:1, 2:0:0:0:1, 1:0:0:0:0, 1:0:0:0:0, 2:0:0:0:2, 2:0:0:0:0, 2:0:0:0:2, 1:0:0:0:1, 1:0:0:0:1, 0:0:0:0:0, 3:0:0:0:1, 1:0:0:0:1, 2:0:0:0:1, 2:0:0:0:1, 2:0:0:0:2, 2:0:0:0:1, 5:0:0:0:3, 3:0:0:0:2, 3:0:0:0:1, 2:0:0:0:2, 3:0:0:0:2, 1:0:0:0:1, 3:0:0:0:2, 0:0:0:0:0, 1:0:0:0:0, 2:0:0:0:2, 0:0:0:0:0, 2:0:0:0:3, 2:0:0:0:2, 0:0:0:0:0, 0:0:0:0:0, 0:0:0:0:0, 0:0:0:0:0, 0:0:0:0:0, 279:0:6:0:180
B dorian (5#), 1:0:0:0:0, 1:0:0:0:3, 3:0:0:0:0, 3:1:0:0:1, 1:0:0:0:3, 2:1:0:0:1, 2:1:0:0:1, 2:0:0:0:2, 3:1:0:0:1, 1:1:0:0:1, 4:0:0:0:1, 3:2:0:0:4, 1:0:0:0:2, 1:0:0:0:3, 3:0:0:0:0, 4:1:0:0:1, 3:0:0:0:3, 4:1:0:0:1, 2:1:0:0:1, 2:0:0:0:2, 2:1:0:0:1, 2:1:0:0:1, 1:0:0:0:0, 3:2:0:0:4, 1:0:0:0:2, 3:1:0:0:3, 3:0:0:0:2, 4:0:0:0:2, 2:0:0:0:2, 3:1:0:0:1, 5:1:0:0:2, 5:0:0:0:1, 2:0:0:0:2, 2:1:0:0:2, 2:0:0:0:0, 2:0:0:0:2, 3:0:0:0:0, 4:0:0:0:2, 4:0:0:0:1, 2:0:0:0:2, 4:0:0:0:1, 3:1:1:0:3, 3:1:0:0:1, 4:0:0:0:2, 2:0:0:0:2, 2:1:0:0:2, 2:0:0:0:0, 2:0:0:0:2, 2:0:0:0:0, 2:0:0:0:2, 3:0:0:0:1, 2:0:0:0:2, 3:0:0:0:1, 3:1:1:0:3, 3:2:0:0:2, 3:0:0:0:1, 2:0:2:0:5, 2:1:0:0:2, 4:0:0:0:0, 2:0:0:0:3, 2:0:0:0:0, 4:0:0:0:2, 3:0:0:0:1, 3:0:0:0:2, 3:1:0:0:3, 3:1:0:0:1, 3:1:0:0:2, 4:0:0:0:2, 3:0:0:0:2, 2:1:0:0:2, 3:0:0:0:0, 2:0:0:0:2, 2:0:0:0:0, 2:0:0:0:2, 3:0:0:0:1, 4:0:0:0:2, 4:0:0:0:2, 3:1:0:0:1, 3:1:0:0:2, 2:0:0:0:2, 2:0:0:0:2, 2:1:0:0:2, 3:0:0:0:0, 2:0:0:0:2, 3:0:0:0:0, 4:0:0:0:2, 4:0:0:0:1, 4:0:0:0:3, 4:0:0:0:2, 4:1:0:0:1, 4:1:0:0:1, 3:0:0:0:2, 3:0:2:0:3, 2:1:0:0:2, 4:0:0:0:0, 3:0:0:0:2, 2:0:0:0:0, 3:0:0:0:2, 3:0:1:0:2, 3:0:0:0:3, 3:0:0:0:1, 2:1:1:0:2, 5:1:1:0:1, 4:0:0:0:2, 2:0:0:0:2, 2:1:0:0:2, 2:0:0:0:0, 4:0:0:0:1, 2:0:0:0:0, 2:0:0:0:2, 3:0:0:0:1, 4:0:0:0:2, 4:0:0:0:2, 3:1:0:0:1, 3:1:0:0:2, 2:0:0:0:2, 2:0:0:0:2, 3:1:0:0:2, 3:0:0:0:0, 2:0:0:0:2, 3:0:0:0:0, 4:0:0:0:2, 4:0:0:0:1, 4:0:0:0:3, 4:0:0:0:2, 4:1:0:0:1, 3:1:0:0:1, 3:0:0:0:2, 3:0:2:0:3, 2:1:0:0:2, 4:0:0:0:0, 3:0:0:0:2, 2:0:0:0:0, 3:0:0:0:2, 3:0:1:0:2, 3:0:0:0:3, 3:0:2:0:3, 3:1:1:0:2, 5:1:1:0:1, 3:0:0:0:2, 2:0:0:0:2, 2:1:0:0:2, 2:0:0:0:0, 4:0:0:0:1, 2:0:0:0:0, 2:0:0:0:2, 3:0:0:0:1, 4:0:0:0:2, 2:0:0:0:2, 2:1:0:0:1, 3:2:0:0:3, 3:0:0:0:2, 2:0:0:0:2, 2:1:0:0:2, 3:0:0:0:0, 2:0:0:0:2, 2:0:0:0:0, 4:0:0:0:2, 3:0:0:0:1, 1:0:0:0:2, 5:0:0:0:1, 6:1:0:0:2, 3:1:0:0:1, 3:1:0:0:3, 4:0:0:0:2, 3:1:0:0:2, 3:0:0:0:0, 1:1:0:0:1, 2:0:0:0:0, 0:0:0:0:0, 2:1:0:0:2, 1:0:0:0:0, 2:0:0:0:0, 2:1:0:0:3, 1:0:0:0:2, 1:0:0:0:1, 1:0:0:0:1, 1:0:0:0:1, 488:58:16:0:275
Db phrygian (5b), 1:0:0:0:0, 0:0:0:0:0, 2:0:0:0:2, 1:0:0:0:0, 1:0:0:0:1, 0:0:0:0:0, 0:0:0:0:0, 1:0:0:0:0, 1:0:0:0:1, 0:0:0:0:0, 3:0:0:0:3, 1:0:0:0:1, 0:0:0:0:0, 0:0:0:0:0, 2:0:0:0:2, 2:0:0:0:1, 2:0:0:0:1, 2:0:0:0:1, 1:0:0:0:1, 1:0:0:0:0, 0:0:0:0:0, 0:0:0:0:0, 0:0:0:0:0, 1:0:0:0:1, 0:0:0:0:0, 1:0:0:0:0, 1:0:0:0:1, 1:0:0:0:0, 2:0:0:0:3, 3:0:0:0:1, 3:0:0:0:2, 1:0:0:0:0, 2:0:1:0:1, 0:0:0:0:0, 3:0:0:0:1, 1:0:0:0:1, 1:0:0:0:0, 2:0:0:0:1, 3:0:0:0:3, 2:0:0:0:1, 3:0:0:0:3, 0:0:0:0:0, 1:0:1:0:0, 1:0:0:0:0, 2:0:1:0:1, 0:0:0:0:0, 3:0:0:0:1, 1:0:0:0:1, 1:0:0:0:0, 2:0:0:0:1, 1:0:0:0:0, 2:0:0:0:1, 2:0:0:0:2, 0:0:0:0:0, 2:0:0:0:2, 2:0:0:0:1, 0:0:0:0:0, 1:0:0:0:1, 4:0:0:0:3, 1:0:0:0:1, 1:0:0:0:0, 2:0:0:0:2, 2:0:0:0:4, 3:0:0:0:2, 1:0:0:0:1, 3:0:0:0:1, 0:0:0:0:0, 1:0:0:0:0, 3:0:1:0:1, 1:0:0:0:2, 3:0:0:0:3, 1:0:0:0:1, 2:0:0:0:1, 2:0:0:0:1, 1:0:0:0:0, 1:0:0:0:0, 2:0:0:0:1, 3:0:0:0:1, 0:0:0:0:0, 2:0:0:0:2, 1:0:0:0:1, 0:0:0:0:0, 2:0:0:0:1, 1:0:0:0:1, 3:0:0:0:2, 2:0:0:0:1, 3:0:0:0:4, 3:0:0:0:2, 2:0:0:0:2, 3:0:0:0:2, 2:0:0:0:1, 3:0:1:0:1, 2:0:0:0:2, 1:0:0:0:1, 4:0:0:0:5, 1:0:0:0:1, 2:0:0:0:0, 1:0:0:0:0, 2:0:0:0:1, 1:0:0:0:0, 3:0:0:0:2, 0:0:0:0:0, 3:0:0:0:1, 2:0:0:0:1, 0:0:0:0:0, 0:0:0:0:0, 2:0:0:0:1, 1:0:0:0:1, 3:0:0:0:1, 2:0:0:0:1, 1:0:0:0:0, 1:0:0:0:0, 2:0:0:0:1, 3:0:0:0:1, 0:0:0:0:0, 2:0:0:0:2, 1:0:0:0:1, 1:0:0:0:1, 2:0:0:0:1, 1:0:0:0:1, 3:0:0:0:2, 2:0:0:0:1, 3:0:0:0:4, 3:0:0:0:2, 2:0:0:0:2, 3:0:0:0:2, 2:0:0:0:1, 3:0:1:0:1, 2:0:0:0:2, 1:0:0:0:1, 4:0:0:0:5, 1:0:0:0:1, 2:0:0:0:0, 1:0:0:0:0, 2:0:0:0:1, 1:0:0:0:0, 2:0:0:0:1, 1:0:0:0:1, 3:0:0:0:1, 1:0:0:0:0, 0:0:0:0:0, 0:0:0:0:0, 2:0:0:0:1, 1:0:0:0:1, 3:0:0:0:1, 2:0:0:0:1, 1:0:0:0:0, 1:0:0:0:0, 2:0:0:0:2, 2:0:0:0:0, 2:0:0:0:2, 1:0:0:0:1, 1:0:0:0:1, 0:0:0:0:0, 3:0:0:0:1, 1:0:0:0:1, 2:0:0:0:1, 2:0:0:0:1, 2:0:0:0:2, 2:0:0:0:1, 5:0:0:0:3, 3:0:0:0:2, 3:0:0:0:1, 2:0:0:0:2, 3:0:0:0:2, 1:0:0:0:1, 3:0:0:0:2, 0:0:0:0:0, 1:0:0:0:0, 2:0:0:0:2, 0:0:0:0:0, 2:0:0:0:3, 2:0:0:0:2, 0:0:0:0:0, 0:0:0:0:0, 0:0:0:0:0, 0:0:0:0:0, 0:0:0:0:0, 279:0:6:0:180
B phrygian (5#), 1:0:0:0:0, 1:0:0:0:3, 3:0:0:0:0, 3:1:0:0:1, 1:0:0:0:3, 2:1:0:0:1, 2:1:0:0:1, 2:0:0:0:2, 3:1:0:0:1, 1:1:0:0:1, 4:0:0:0:1, 3:2:0:0:4, 1:0:0:0:2, 1:0:0:0:3, 3:0:0:0:0, 4:1:0:0:1, 3:0:0:0:3, 4:1:0:0:1, 2:1:0:0:1, 2:0:0:0:2, 2:1:0:0:1, 2:1:0:0:1, 1:0:0:0:0, 3:2:0:0:4, 1:0:0:0:2, 3:1:0:0:3, 3:0:0:0:2, 4:0:0:0:2, 2:0:0:0:2, 3:1:0:0:1, 5:1:0:0:2, 5:0:0:0:1, 2:0:0:0:2, 2:1:0:0:2, 2:0:0:0:0, 2:0:0:0:2, 3:0:0:0:0, 4:0:0:0:2, 4:0:0:0:1, 2:0:0:0:2, 4:0:0:0:1, 3:1:1:0:3, 3:1:0:0:1, 4:0:0:0:2, 2:0:0:0:2, 2:1:0:0:2, 2:0:0:0:0, 2:0:0:0:2, 2:0:0:0:0, 2:0:0:0:2, 3:0:0:0:1, 2:0:0:0:2, 3:0:0:0:1, 3:1:1:0:3, 3:2:0:0:2, 3:0:0:0:1, 2:0:2:0:5, 2:1:0:0:2, 4:0:0:0:0, 2:0:0:0:3, 2:0:0:0:0, 4:0:0:0:2, 3:0:0:0:1, 3:0:0:0:2, 3:1:0:0:3, 3:1:0:0:1, 3:1:0:0:2, 4:0:0:0:2, 3:0:0:0:2, 2:1:0:0:2, 3:0:0:0:0, 2:0:0:0:2, 2:0:0:0:0, 2:0:0:0:2, 3:0:0:0:1, 4:0:0:0:2, 4:0:0:0:2, 3:1:0:0:1, 3:1:0:0:2, 2:0:0:0:2, 2:0:0:0:2, 2:1:0:0:2, 3:0:0:0:0, 2:0:0:0:2, 3:0:0:0:0, 4:0:0:0:2, 4:0:0:0:1, 4:0:0:0:3, 4:0:0:0:2, 4:1:0:0:1, 4:1:0:0:1, 3:0:0:0:2, 3:0:2:0:3, 2:1:0:0:2, 4:0:0:0:0, 3:0:0:0:2, 2:0:0:0:0, 3:0:0:0:2, 3:0:1:0:2, 3:0:0:0:3, 3:0:0:0:1, 2:1:1:0:2, 5:1:1:0:1, 4:0:0:0:2, 2:0:0:0:2, 2:1:0:0:2, 2:0:0:0:0, 4:0:0:0:1, 2:0:0:0:0, 2:0:0:0:2, 3:0:0:0:1, 4:0:0:0:2, 4:0:0:0:2, 3:1:0:0:1, 3:1:0:0:2, 2:0:0:0:2, 2:0:0:0:2, 3:1:0:0:2, 3:0:0:0:0, 2:0:0:0:2, 3:0:0:0:0, 4:0:0:0:2, 4:0:0:0:1, 4:0:0:0:3, 4:0:0:0:2, 4:1:0:0:1, 3:1:0:0:1, 3:0:0:0:2, 3:0:2:0:3, 2:1:0:0:2, 4:0:0:0:0, 3:0:0:0:2, 2:0:0:0:0, 3:0:0:0:2, 3:0:1:0:2, 3:0:0:0:3, 3:0:2:0:3, 3:1:1:0:2, 5:1:1:0:1, 3:0:0:0:2, 2:0:0:0:2, 2:1:0:0:2, 2:0:0:0:0, 4:0:0:0:1, 2:0:0:0:0, 2:0:0:0:2, 3:0:0:0:1, 4:0:0:0:2, 2:0:0:0:2, 2:1:0:0:1, 3:2:0:0:3, 3:0:0:0:2, 2:0:0:0:2, 2:1:0:0:2, 3:0:0:0:0, 2:0:0:0:2, 2:0:0:0:0, 4:0:0:0:2, 3:0:0:0:1, 1:0:0:0:2, 5:0:0:0:1, 6:1:0:0:2, 3:1:0:0:1, 3:1:0:0:3, 4:0:0:0:2, 3:1:0:0:2, 3:0:0:0:0, 1:1:0:0:1, 2:0:0:0:0, 0:0:0:0:0, 2:1:0:0:2, 1:0:0:0:0, 2:0:0:0:0, 2:1:0:0:3, 1:0:0:0:2, 1:0:0:0:1, 1:0:0:0:1, 1:0:0:0:1, 488:58:16:0:275
Db lydian (5b), 1:0:0:0:0, 0:0:0:0:0, 2:0:0:0:2, 1:0:0:0:0, 1:0:0:0:1, 0:0:0:0:0, 0:0:0:0:0, 1:0:0:0:0, 1:0:0:0:1, 0:0:0:0:0, 3:0:0:0:3, 1:0:0:0:1, 0:0:0:0:0, 0:0:0:0:0, 2:0:0:0:2, 2:0:0:0:1, 2:0:0:0:1, 2:0:0:0:1, 1:0:0:0:1, 1:0:0:0:0, 0:0:0:0:0, 0:0:0:0:0, 0:0:0:0:0, 1:0:0:0:1, 0:0:0:0:0, 1:0:0:0:0, 1:0:0:0:1, 1:0:0:0:0, 2:0:0:0:3, 3:0:0:0:1, 3:0:0:0:2, 1:0:0:0:0, 2:0:1:0:1, 0:0:0:0:0, 3:0:0:0:1, 1:0:0:0:1, 1:0:0:0:0, 2:0:0:0:1, 3:0:0:0:3, 2:0:0:0:1, 3:0:0:0:3, 0:0:0:0:0, 1:0:1:0:0, 1:0:0:0:0, 2:0:1:0:1, 0:0:0:0:0, 3:0:0:0:1, 1:0:0:0:1, 1:0:0:0:0, 2:0:0:0:1, 1:0:0:0:0, 2:0:0:0:1, 2:0:0:0:2, 0:0:0:0:0, 2:0:0:0:2, 2:0:0:0:1, 0:0:0:0:0, 1:0:0:0:1, 4:0:0:0:3, 1:0:0:0:1, 1:0:0:0:0, 2:0:0:0:2, 2:0:0:0:4, 3:0:0:0:2, 1:0:0:0:1, 3:0:0:0:1, 0:0:0:0:0, 1:0:0:0:0, 3:0:1:0:1, 1:0:0:0:2, 3:0:0:0:3, 1:0:0:0:1, 2:0:0:0:1, 2:0:0:0:1, 1:0:0:0:0, 1:0:0:0:0, 2:0:0:0:1, 3:0:0:0:1, 0:0:0:0:0, 2:0:0:0:2, 1:0:0:0:1, 0:0:0:0:0, 2:0:0:0:1, 1:0:0:0:1, 3:0:0:0:2, 2:0:0:0:1, 3:0:0:0:4, 3:0:0:0:2, 2:0:0:0:2, 3:0:0:0:2, 2:0:0:0:1, 3:0:1:0:1, 2:0:0:0:2, 1:0:0:0:1, 4:0:0:0:5, 1:0:0:0:1, 2:0:0:0:0, 1:0:0:0:0, 2:0:0:0:1, 1:0:0:0:0, 3:0:0:0:2, 0:0:0:0:0, 3:0:0:0:1, 2:0:0:0:1, 0:0:0:0:0, 0:0:0:0:0, 2:0:0:0:1, 1:0:0:0:1, 3:0:0:0:1, 2:0:0:0:1, 1:0:0:0:0, 1:0:0:0:0, 2:0:0:0:1, 3:0:0:0:1, 0:0:0:0:0, 2:0:0:0:2, 1:0:0:0:1, 1:0:0:0:1, 2:0:0:0:1, 1:0:0:0:1, 3:0:0:0:2, 2:0:0:0:1, 3:0:0:0:4, 3:0:0:0:2, 2:0:0:0:2, 3:0:0:0:2, 2:0:0:0:1, 3:0:1:0:1, 2:0:0:0:2, 1:0:0:0:1, 4:0:0:0:5, 1:0:0:0:1, 2:0:0:0:0, 1:0:0:0:0, 2:0:0:0:1, 1:0:0:0:0, 2:0:0:0:1, 1:0:0:0:1, 3:0:0:0:1, 1:0:0:0:0, 0:0:0:0:0, 0:0:0:0:0, 2:0:0:0:1, 1:0:0:0:1, 3:0:0:0:1, 2:0:0:0:1, 1:0:0:0:0, 1:0:0:0:0, 2:0:0:0:2, 2:0:0:0:0, 2:0:0:0:2, 1:0:0:0:1, 1:0:0:0:1, 0:0:0:0:0, 3:0:0:0:1, 1:0:0:0:1, 2:0:0:0:1, 2:0:0:0:1, 2:0:0:0:2, 2:0:0:0:1, 5:0:0:0:3, 3:0:0:0:2, 3:0:0:0:1, 2:0:0:0:2, 3:0:0:0:2, 1:0:0:0:1, 3:0:0:0:2, 0:0:0:0:0, 1:0:0:0:0, 2:0:0:0:2, 0:0:0:0:0, 2:0:0:0:3, 2:0:0:0:2, 0:0:0:0:0, 0:0:0:0:0, 0:0:0:0:0, 0:0:0:0:0, 0:0:0:0:0, 279:0:6:0:180
B lydian (5#), 1:0:0:0:0, 1:0:0:0:3, 3:0:0:0:0, 3:1:0:0:1, 1:0:0:0:3, 2:1:0:0:1, 2:1:0:0:1, 2:0:0:0:2, 3:1:0:0:1, 1:1:0:0:1, 4:0:0:0:1, 3:2:0:0:4, 1:0:0:0:2, 1:0:0:0:3, 3:0:0:0:0, 4:1:0:0:1, 3:0:0:0:3, 4:1:0:0:1, 2:1:0:0:1, 2:0:0:0:2, 2:1:0:0:1, 2:1:0:0:1, 1:0:0:0:0, 3:2:0:0:4, 1:0:0:0:2, 3:1:0:0:3, 3:0:0:0:2, 4:0:0:0:2, 2:0:0:0:2, 3:1:0:0:1, 5:1:0:0:2, 5:0:0:0:1, 2:0:0:0:2, 2:1:0:0:2, 2:0:0:0:0, 2:0:0:0:2, 3:0:0:0:0, 4:0:0:0:2, 4:0:0:0:1, 2:0:0:0:2, 4:0:0:0:1, 3:1:1:0:3, 3:1:0:0:1, 4:0:0:0:2, 2:0:0:0:2, 2:1:0:0:2, 2:0:0:0:0, 2:0:0:0:2, 2:0:0:0:0, 2:0:0:0:2, 3:0:0:0:1, 2:0:0:0:2, 3:0:0:0:1, 3:1:1:0:3, 3:2:0:0:2, 3:0:0:0:1, 2:0:2:0:5, 2:1:0:0:2, 4:0:0:0:0, 2:0:0:0:3, 2:0:0:0:0, 4:0:0:0:2, 3:0:0:0:1, 3:0:0:0:2, 3:1:0:0:3, 3:1:0:0:1, 3:1:0:0:2, 4:0:0:0:2, 3:0:0:0:2, 2:1:0:0:2, 3:0:0:0:0, 2:0:0:0:2, 2:0:0:0:0, 2:0:0:0:2, 3:0:0:0:1, 4:0:0:0:2, 4:0:0:0:2, 3:1:0:0:1, 3:1:0:0:2, 2:0:0:0:2, 2:0:0:0:2, 2:1:0:0:2, 3:0:0:0:0, 2:0:0:0:2, 3:0:0:0:0, 4:0:0:0:2, 4:0:0:0:1, 4:0:0:0:3, 4:0:0:0:2, 4:1:0:0:1, 4:1:0:0:1, 3:0:0:0:2, 3:0:2:0:3, 2:1:0:0:2, 4:0:0:0:0, 3:0:0:0:2, 2:0:0:0:0, 3:0:0:0:2, 3:0:1:0:2, 3:0:0:0:3, 3:0:0:0:1, 2:1:1:0:2, 5:1:1:0:1, 4:0:0:0:2, 2:0:0:0:2, 2:1:0:0:2, 2:0:0:0:0, 4:0:0:0:1, 2:0:0:0:0, 2:0:0:0:2, 3:0:0:0:1, 4:0:0:0:2, 4:0:0:0:2, 3:1:0:0:1, 3:1:0:0:2, 2:0:0:0:2, 2:0:0:0:2, 3:1:0:0:2, 3:0:0:0:0, 2:0:0:0:2, 3:0:0:0:0, 4:0:0:0:2, 4:0:0:0:1, 4:0:0:0:3, 4:0:0:0:2, 4:1:0:0:1, 3:1:0:0:1, 3:0:0:0:2, 3:0:2:0:3, 2:1:0:0:2, 4:0:0:0:0, 3:0:0:0:2, 2:0:0:0:0, 3:0:0:0:2, 3:0:1:0:2, 3:0:0:0:3, 3:0:2:0:3, 3:1:1:0:2, 5:1:1:0:1, 3:0:0:0:2, 2:0:0:0:2, 2:1:0:0:2, 2:0:0:0:0, 4:0:0:0:1, 2:0:0:0:0, 2:0:0:0:2, 3:0:0:0:1, 4:0:0:0:2, 2:0:0:0:2, 2:1:0:0:1, 3:2:0:0:3, 3:0:0:0:2, 2:0:0:0:2, 2:1:0:0:2, 3:0:0:0:0, 2:0:0:0:2, 2:0:0:0:0, 4:0:0:0:2, 3:0:0:0:1, 1:0:0:0:2, 5:0:0:0:1, 6:1:0:0:2, 3:1:0:0:1, 3:1:0:0:3, 4:0:0:0:2, 3:1:0:0:2, 3:0:0:0:0, 1:1:0:0:1, 2:0:0:0:0, 0:0:0:0:0, 2:1:0:0:2, 1:0:0:0:0, 2:0:0:0:0, 2:1:0:0:3, 1:0:0:0:2, 1:0:0:0:1, 1:0:0:0:1, 1:0:0:0:1, 488:58:16:0:275
Db mixolydian (5b), 1:0:0:0:0, 0:0:0:0:0, 2:0:0:0:2, 1:0:0:0:0, 1:0:0:0:1, 0:0:0:0:0, 0:0:0:0:0, 1:0:0:0:0, 1:0:0:0:1, 0:0:0:0:0, 3:0:0:0:3, 1:0:0:0:1, 0:0:0:0:0, 0:0:0:0:0, 2:0:0:0:2, 2:0:0:0:1, 2:0:0:0:1, 2:0:0:0:1, 1:0:0:0:1, 1:0:0:0:0, 0:0:0:0:0, 0:0:0:0:0, 0:0:0:0:0, 1:0:0:0:1, 0:0:0:0:0, 1:0:0:0:0, 1:0:0:0:1, 1:0:0:0:0, 2:0:0:0:3, 3:0:0:0:1, 3:0:0:0:2, 1:0:0:0:0, 2:0:1:0:1, 0:0:0:0:0, 3:0:0:0:1, 1:0:0:0:1, 1:0:0:0:0, 2:0:0:0:1, 3:0:0:0:3, 2:0:0:0:1, 3:0:0:0:3, 0:0:0:0:0, 1:0:1:0:0, 1:0:0:0:0, 2:0:1:0:1, 0:0:0:0:0, 3:0:0:0:1, 1:0:0:0:1, 1:0:0:0:0, 2:0:0:0:1, 1:0:0:0:0, 2:0:0:0:1, 2:0:0:0:2, 0:0:0:0:0, 2:0:0:0:2, 2:0:0:0:1, 0:0:0:0:0, 1:0:0:0:1, 4:0:0:0:3, 1:0:0:0:1, 1:0:0:0:0, 2:0:0:0:2, 2:0:0:0:4, 3:0:0:0:2, 1:0:0:0:1, 3:0:0:0:1, 0:0:0:0:0, 1:0:0:0:0, 3:0:1:0:1, 1:0:0:0:2, 3:0:0:0:3, 1:0:0:0:1, 2:0:0:0:1, 2:0:0:0:1, 1:0:0:0:0, 1:0:0:0:0, 2:0:0:0:1, 3:0:0:0:1, 0:0:0:0:0, 2:0:0:0:2, 1:0:0:0:1, 0:0:0:0:0, 2:0:0:0:1, 1:0:0:0:1, 3:0:0:0:2, 2:0:0:0:1, 3:0:0:0:4, 3:0:0:0:2, 2:0:0:0:2, 3:0:0:0:2, 2:0:0:0:1, 3:0:1:0:1, 2:0:0:0:2, 1:0:0:0:1, 4:0:0:0:5, 1:0:0:0:1, 2:0:0:0:0, 1:0:0:0:0, 2:0:0:0:1, 1:0:0:0:0, 3:0:0:0:2, 0:0:0:0:0, 3:0:0:0:1, 2:0:0:0:1, 0:0:0:0:0, 0:0:0:0:0, 2:0:0:0:1, 1:0:0:0:1, 3:0:0:0:1, 2:0:0:0:1, 1:0:0:0:0, 1:0:0:0:0, 2:0:0:0:1, 3:0:0:0:1, 0:0:0:0:0, 2:0:0:0:2, 1:0:0:0:1, 1:0:0:0:1, 2:0:0:0:1, 1:0:0:0:1, 3:0:0:0:2, 2:0:0:0:1, 3:0:0:0:4, 3:0:0:0:2, 2:0:0:0:2, 3:0:0:0:2, 2:0:0:0:1, 3:0:1:0:1, 2:0:0:0:2, 1:0:0:0:1, 4:0:0:0:5, 1:0:0:0:1, 2:0:0:0:0, 1:0:0:0:0, 2:0:0:0:1, 1:0:0:0:0, 2:0:0:0:1, 1:0:0:0:1, 3:0:0:0:1, 1:0:0:0:0, 0:0:0:0:0, 0:0:0:0:0, 2:0:0:0:1, 1:0:0:0:1, 3:0:0:0:1, 2:0:0:0:1, 1:0:0:0:0, 1:0:0:0:0, 2:0:0:0:2, 2:0:0:0:0, 2:0:0:0:2, 1:0:0:0:1, 1:0:0:0:1, 0:0:0:0:0, 3:0:0:0:1, 1:0:0:0:1, 2:0:0:0:1, 2:0:0:0:1, 2:0:0:0:2, 2:0:0:0:1, 5:0:0:0:3, 3:0:0:0:2, 3:0:0:0:1, 2:0:0:0:2, 3:0:0:0:2, 1:0:0:0:1, 3:0:0:0:2, 0:0:0:0:0, 1:0:0:0:0, 2:0:0:0:2, 0:0:0:0:0, 2:0:0:0:3, 2:0:0:0:2, 0:0:0:0:0, 0:0:0:0:0, 0:0:0:0:0, 0:0:0:0:0, 0:0:0:0:0, 279:0:6:0:180
B mixolydian (5#), 1:0:0:0:0, 1:0:0:0:3, 3:0:0:0:0, 3:1:0:0:1, 1:0:0:0:3, 2:1:0:0:1, 2:1:0:0:1, 2:0:0:0:2, 3:1:0:0:1, 1:1:0:0:1, 4:0:0:0:1, 3:2:0:0:4, 1:0:0:0:2, 1:0:0:0:3, 3:0:0:0:0, 4:1:0:0:1, 3:0:0:0:3, 4:1:0:0:1, 2:1:0:0:1, 2:0:0:0:2, 2:1:0:0:1, 2:1:0:0:1, 1:0:0:0:0, 3:2:0:0:4, 1:0:0:0:2, 3:1:0:0:3, 3:0:0:0:2, 4:0:0:0:2, 2:0:0:0:2, 3:1:0:0:1, 5:1:0:0:2, 5:0:0:0:1, 2:0:0:0:2, 2:1:0:0:2, 2:0:0:0:0, 2:0:0:0:2, 3:0:0:0:0, 4:0:0:0:2, 4:0:0:0:1, 2:0:0:0:2, 4:0:0:0:1, 3:1:1:0:3, 3:1:0:0:1, 4:0:0:0:2, 2:0:0:0:2, 2:1:0:0:2, 2:0:0:0:0, 2:0:0:0:2, 2:0:0:0:0, 2:0:0:0:2, 3:0:0:0:1, 2:0:0:0:2, 3:0:0:0:1, 3:1:1:0:3, 3:2:0:0:2, 3:0:0:0:1, 2:0:2:0:5, 2:1:0:0:2, 4:0:0:0:0, 2:0:0:0:3, 2:0:0:0:0, 4:0:0:0:2, 3:0:0:0:1, 3:0:0:0:2, 3:1:0:0:3, 3:1:0:0:1, 3:1:0:0:2, 4:0:0:0:2, 3:0:0:0:2, 2:1:0:0:2, 3:0:0:0:0, 2:0:0:0:2, 2:0:0:0:0, 2:0:0:0:2, 3:0:0:0:1, 4:0:0:0:2, 4:0:0:0:2, 3:1:0:0:1, 3:1:0:0:2, 2:0:0:0:2, 2:0:0:0:2, 2:1:0:0:2, 3:0:0:0:0, 2:0:0:0:2, 3:0:0:0:0, 4:0:0:0:2, 4:0:0:0:1, 4:0:0:0:3, 4:0:0:0:2, 4:1:0:0:1, 4:1:0:0:1, 3:0:0:0:2, 3:0:2:0:3, 2:1:0:0:2, 4:0:0:0:0, 3:0:0:0:2, 2:0:0:0:0, 3:0:0:0:2, 3:0:1:0:2, 3:0:0:0:3, 3:0:0:0:1, 2:1:1:0:2, 5:1:1:0:1, 4:0:0:0:2, 2:0:0:0:2, 2:1:0:0:2, 2:0:0:0:0, 4:0:0:0:1, 2:0:0:0:0, 2:0:0:0:2, 3:0:0:0:1, 4:0:0:0:2, 4:0:0:0:2, 3:1:0:0:1, 3:1:0:0:2, 2:0:0:0:2, 2:0:0:0:2, 3:1:0:0:2, 3:0:0:0:0, 2:0:0:0:2, 3:0:0:0:0, 4:0:0:0:2, 4:0:0:0:1, 4:0:0:0:3, 4:0:0:0:2, 4:1:0:0:1, 3:1:0:0:1, 3:0:0:0:2, 3:0:2:0:3, 2:1:0:0:2, 4:0:0:0:0, 3:0:0:0:2, 2:0:0:0:0, 3:0:0:0:2, 3:0:1:0:2, 3:0:0:0:3, 3:0:2:0:3, 3:1:1:0:2, 5:1:1:0:1, 3:0:0:0:2, 2:0:0:0:2, 2:1:0:0:2, 2:0:0:0:0, 4:0:0:0:1, 2:0:0:0:0, 2:0:0:0:2, 3:0:0:0:1, 4:0:0:0:2, 2:0:0:0:2, 2:1:0:0:1, 3:2:0:0:3, 3:0:0:0:2, 2:0:0:0:2, 2:1:0:0:2, 3:0:0:0:0, 2:0:0:0:2, 2:0:0:0:0, 4:0:0:0:2, 3:0:0:0:1, 1:0:0:0:2, 5:0:0:0:1, 6:1:0:0:2, 3:1:0:0:1, 3:1:0:0:3, 4:0:0:0:2, 3:1:0:0:2, 3:0:0:0:0, 1:1:0:0:1, 2:0:0:0:0, 0:0:0:0:0, 2:1:0:0:2, 1:0:0:0:0, 2:0:0:0:0, 2:1:0:0:3, 1:0:0:0:2, 1:0:0:0:1, 1:0:0:0:1, 1:0:0:0:1, 488:58:16:0:275
Db aeolian (5b), 1:0:0:0:0, 0:0:0:0:0, 2:0:0:0:2, 1:0:0:0:0, 1:0:0:0:1, 0:0:0:0:0, 0:0:0:0:0, 1:0:0:0:0, 1:0:0:0:1, 0:0:0:0:0, 3:0:0:0:3, 1:0:0:0:1, 0:0:0:0:0, 0:0:0:0:0, 2:0:0:0:2, 2:0:0:0:1, 2:0:0:0:1, 2:0:0:0:1, 1:0:0:0:1, 1:0:0:0:0, 0:0:0:0:0, 0:0:0:0:0, 0:0:0:0:0, 1:0:0:0:1, 0:0:0:0:0, 1:0:0:0:0, 1:0:0:0:1, 1:0:0:0:0, 2:0:0:0:3, 3:0:0:0:1, 3:0:0:0:2, 1:0:0:0:0, 2:0:1:0:1, 0:0:0:0:0, 3:0:0:0:1, 1:0:0:0:1, 1:0:0:0:0, 2:0:0:0:1, 3:0:0:0:3, 2:0:0:0:1, 3:0:0:0:3, 0:0:0:0:0, 1:0:1:0:0, 1:0:0:0:0, 2:0:1:0:1, 0:0:0:0:0, 3:0:0:0:1, 1:0:0:0:1, 1:0:0:0:0, 2:0:0:0:1, 1:0:0:0:0, 2:0:0:0:1, 2:0:0:0:2, 0:0:0:0:0, 2:0:0:0:2, 2:0:0:0:1, 0:0:0:0:0, 1:0:0:0:1, 4:0:0:0:3, 1:0:0:0:1, 1:0:0:0:0, 2:0:0:0:2, 2:0:0:0:4, 3:0:0:0:2, 1:0:0:0:1, 3:0:0:0:1, 0:0:0:0:0, 1:0:0:0:0, 3:0:1:0:1, 1:0:0:0:2, 3:0:0:0:3, 1:0:0:0:1, 2:0:0:0:1, 2:0:0:0:1, 1:0:0:0:0, 1:0:0:0:0, 2:0:0:0:1, 3:0:0:0:1, 0:0:0:0:0, 2:0:0:0:2, 1:0:0:0:1, 0:0:0:0:0, 2:0:0:0:1, 1:0:0:0:1, 3:0:0:0:2, 2:0:0:0:1, 3:0:0:0:4, 3:0:0:0:2, 2:0:0:0:2, 3:0:0:0:2, 2:0:0:0:1, 3:0:1:0:1, 2:0:0:0:2, 1:0:0:0:1, 4:0:0:0:5, 1:0:0:0:1, 2:0:0:0:0, 1:0:0:0:0, 2:0:0:0:1, 1:0:0:0:0, 3:0:0:0:2, 0:0:0:0:0, 3:0:0:0:1, 2:0:0:0:1, 0:0:0:0:0, 0:0:0:0:0, 2:0:0:0:1, 1:0:0:0:1, 3:0:0:0:1, 2:0:0:0:1, 1:0:0:0:0, 1:0:0:0:0, 2:0:0:0:1, 3:0:0:0:1, 0:0:0:0:0, 2:0:0:0:2, 1:0:0:0:1, 1:0:0:0:1, 2:0:0:0:1, 1:0:0:0:1, 3:0:0:0:2, 2:0:0:0:1, 3:0:0:0:4, 3:0:0:0:2, 2:0:0:0:2, 3:0:0:0:2, 2:0:0:0:1, 3:0:1:0:1, 2:0:0:0:2, 1:0:0:0:1, 4:0:0:0:5, 1:0:0:0:1, 2:0:0:0:0, 1:0:0:0:0, 2:0:0:0:1, 1:0:0:0:0, 2:0:0:0:1, 1:0:0:0:1, 3:0:0:0:1, 1:0:0:0:0, 0:0:0:0:0, 0:0:0:0:0, 2:0:0:0:1, 1:0:0:0:1, 3:0:0:0:1, 2:0:0:0:1, 1:0:0:0:0, 1:0:0:0:0, 2:0:0:0:2, 2:0:0:0:0, 2:0:0:0:2, 1:0:0:0:1, 1:0:0:0:1, 0:0:0:0:0, 3:0:0:0:1, 1:0:0:0:1, 2:0:0:0:1, 2:0:0:0:1, 2:0:0:0:2, 2:0:0:0:1, 5:0:0:0:3, 3:0:0:0:2, 3:0:0:0:1, 2:0:0:0:2, 3:0:0:0:2, 1:0:0:0:1, 3:0:0:0:2, 0:0:0:0:0, 1:0:0:0:0, 2:0:0:0:2, 0:0:0:0:0, 2:0:0:0:3, 2:0:0:0:2, 0:0:0:0:0, 0:0:0:0:0, 0:0:0:0:0, 0:0:0:0:0, 0:0:0:0:0, 279:0:6:0:180
B aeolian (5#), 1:0:0:0:0, 1:0:0:0:3, 3:0:0:0:0, 3:1:0:0:1, 1:0:0:0:3, 2:1:0:0:1, 2:1:0:0:1, 2:0:0:0:2, 3:1:0:0:1, 1:1:0:0:1, 4:0:0:0:1, 3:2:0:0:4, 1:0:0:0:2, 1:0:0:0:3, 3:0:0:0:0, 4:1:0:0:1, 3:0:0:0:3, 4:1:0:0:1, 2:1:0:0:1, 2:0:0:0:2, 2:1:0:0:1, 2:1:0:0:1, 1:0:0:0:0, 3:2:0:0:4, 1:0:0:0:2, 3:1:0:0:3, 3:0:0:0:2, 4:0:0:0:2, 2:0:0:0:2, 3:1:0:0:1, 5:1:0:0:2, 5:0:0:0:1, 2:0:0:0:2, 2:1:0:0:2, 2:0:0:0:0, 2:0:0:0:2, 3:0:0:0:0, 4:0:0:0:2, 4:0:0:0:1, 2:0:0:0:2, 4:0:0:0:1, 3:1:1:0:3, 3:1:0:0:1, 4:0:0:0:2, 2:0:0:0:2, 2:1:0:0:2, 2:0:0:0:0, 2:0:0:0:2, 2:0:0:0:0, 2:0:0:0:2, 3:0:0:0:1, 2:0:0:0:2, 3:0:0:0:1, 3:1:1:0:3, 3:2:0:0:2, 3:0:0:0:1, 2:0:2:0:5, 2:1:0:0:2, 4:0:0:0:0, 2:0:0:0:3, 2:0:0:0:0, 4:0:0:0:2, 3:0:0:0:1, 3:0:0:0:2, 3:1:0:0:3, 3:1:0:0:1, 3:1:0:0:2, 4:0:0:0:2, 3:0:0:0:2, 2:1:0:0:2, 3:0:0:0:0, 2:0:0:0:2, 2:0:0:0:0, 2:0:0:0:2, 3:0:0:0:1, 4:0:0:0:2, 4:0:0:0:2, 3:1:0:0:1, 3:1:0:0:2, 2:0:0:0:2, 2:0:0:0:2, 2:1:0:0:2, 3:0:0:0:0, 2:0:0:0:2, 3:0:0:0:0, 4:0:0:0:2, 4:0:0:0:1, 4:0:0:0:3, 4:0:0:0:2, 4:1:0:0:1, 4:1:0:0:1, 3:0:0:0:2, 3:0:2:0:3, 2:1:0:0:2, 4:0:0:0:0, 3:0:0:0:2, 2:0:0:0:0, 3:0:0:0:2, 3:0:1:0:2, 3:0:0:0:3, 3:0:0:0:1, 2:1:1:0:2, 5:1:1:0:1, 4:0:0:0:2, 2:0:0:0:2, 2:1:0:0:2, 2:0:0:0:0, 4:0:0:0:1, 2:0:0:0:0, 2:0:0:0:2, 3:0:0:0:1, 4:0:0:0:2, 4:0:0:0:2, 3:1:0:0:1, 3:1:0:0:2, 2:0:0:0:2, 2:0:0:0:2, 3:1:0:0:2, 3:0:0:0:0, 2:0:0:0:2, 3:0:0:0:0, 4:0:0:0:2, 4:0:0:0:1, 4:0:0:0:3, 4:0:0:0:2, 4:1:0:0:1, 3:1:0:0:1, 3:0:0:0:2, 3:0:2:0:3, 2:1:0:0:2, 4:0:0:0:0, 3:0:0:0:2, 2:0:0:0:0, 3:0:0:0:2, 3:0:1:0:2, 3:0:0:0:3, 3:0:2:0:3, 3:1:1:0:2, 5:1:1:0:1, 3:0:0:0:2, 2:0:0:0:2, 2:1:0:0:2, 2:0:0:0:0, 4:0:0:0:1, 2:0:0:0:0, 2:0:0:0:2, 3:0:0:0:1, 4:0:0:0:2, 2:0:0:0:2, 2:1:0:0:1, 3:2:0:0:3, 3:0:0:0:2, 2:0:0:0:2, 2:1:0:0:2, 3:0:0:0:0, 2:0:0:0:2, 2:0:0:0:0, 4:0:0:0:2, 3:0:0:0:1, 1:0:0:0:2, 5:0:0:0:1, 6:1:0:0:2, 3:1:0:0:1, 3:1:0:0:3, 4:0:0:0:2, 3:1:0:0:2, 3:0:0:0:0, 1:1:0:0:1, 2:0:0:0:0, 0:0:0:0:0, 2:1:0:0:2, 1:0:0:0:0, 2:0:0:0:0, 2:1:0:0:3, 1:0:0:0:2, 1:0:0:0:1, 1:0:0:0:1, 1:0:0:0:1, 488:58:16:0:275
Db locrian (5b), 1:0:0:0:0, 0:0:0:0:0, 2:0:0:0:2, 1:0:0:0:0, 1:0:0:0:1, 0:0:0:0:0, 0:0:0:0:0, 1:0:0:0:0, 1:0:0:0:1, 0:0:0:0:0, 3:0:0:0:3, 1:0:0:0:1, 0:0:0:0:0, 0:0:0:0:0, 2:0:0:0:2, 2:0:0:0:1, 2:0:0:0:1, 2:0:0:0:1, 1:0:0:0:1, 1:0:0:0:0, 0:0:0:0:0, 0:0:0:0:0, 0:0:0:0:0, 1:0:0:0:1, 0:0:0:0:0, 1:0:0:0:0, 1:0:0:0:1, 1:0:0:0:0, 2:0:0:0:3, 3:0:0:0:1, 3:0:0:0:2, 1:0:0:0:0, 2:0:1:0:1, 0:0:0:0:0, 3:0:0:0:1, 1:0:0:0:1, 1:0:0:0:0, 2:0:0:0:1, 3:0:0:0:3, 2:0:0:0:1, 3:0:0:0:3, 0:0:0:0:0, 1:0:1:0:0, 1:0:0:0:0, 2:0:1:0:1, 0:0:0:0:0, 3:0:0:0:1, 1:0:0:0:1, 1:0:0:0:0, 2:0:0:0:1, 1:0:0:0:0, 2:0:0:0:1, 2:0:0:0:2, 0:0:0:0:0, 2:0:0:0:2, 2:0:0:0:1, 0:0:0:0:0, 1:0:0:0:1, 4:0:0:0:3, 1:0:0:0:1, 1:0:0:0:0, 2:0:0:0:2, 2:0:0:0:4, 3:0:0:0:2, 1:0:0:0:1, 3:0:0:0:1, 0:0:0:0:0, 1:0:0:0:0, 3:0:1:0:1, 1:0:0:0:2, 3:0:0:0:3, 1:0:0:0:1, 2:0:0:0:1, 2:0:0:0:1, 1:0:0:0:0, 1:0:0:0:0, 2:0:0:0:1, 3:0:0:0:1, 0:0:0:0:0, 2:0:0:0:2, 1:0:0:0:1, 0:0:0:0:0, 2:0:0:0:1, 1:0:0:0:1, 3:0:0:0:2, 2:0:0:0:1, 3:0:0:0:4, 3:0:0:0:2, 2:0:0:0:2, 3:0:0:0:2, 2:0:0:0:1, 3:0:1:0:1, 2:0:0:0:2, 1:0:0:0:1, 4:0:0:0:5, 1:0:0:0:1, 2:0:0:0:0, 1:0:0:0:0, 2:0:0:0:1, 1:0:0:0:0, 3:0:0:0:2, 0:0:0:0:0, 3:0:0:0:1, 2:0:0:0:1, 0:0:0:0:0, 0:0:0:0:0, 2:0:0:0:1, 1:0:0:0:1, 3:0:0:0:1, 2:0:0:0:1, 1:0:0:0:0, 1:0:0:0:0, 2:0:0:0:1, 3:0:0:0:1, 0:0:0:0:0, 2:0:0:0:2, 1:0:0:0:1, 1:0:0:0:1, 2:0:0:0:1, 1:0:0:0:1, 3:0:0:0:2, 2:0:0:0:1, 3:0:0:0:4, 3:0:0:0:2, 2:0:0:0:2, 3:0:0:0:2, 2:0:0:0:1, 3:0:1:0:1, 2:0:0:0:2, 1:0:0:0:1, 4:0:0:0:5, 1:0:0:0:1, 2:0:0:0:0, 1:0:0:0:0, 2:0:0:0:1, 1:0:0:0:0, 2:0:0:0:1, 1:0:0:0:1, 3:0:0:0:1, 1:0:0:0:0, 0:0:0:0:0, 0:0:0:0:0, 2:0:0:0:1, 1:0:0:0:1, 3:0:0:0:1, 2:0:0:0:1, 1:0:0:0:0, 1:0:0:0:0, 2:0:0:0:2, 2:0:0:0:0, 2:0:0:0:2, 1:0:0:0:1, 1:0:0:0:1, 0:0:0:0:0, 3:0:0:0:1, 1:0:0:0:1, 2:0:0:0:1, 2:0:0:0:1, 2:0:0:0:2, 2:0:0:0:1, 5:0:0:0:3, 3:0:0:0:2, 3:0:0:0:1, 2:0:0:0:2, 3:0:0:0:2, 1:0:0:0:1, 3:0:0:0:2, 0:0:0:0:0, 1:0:0:0:0, 2:0:0:0:2, 0:0:0:0:0, 2:0:0:0:3, 2:0:0:0:2, 0:0:0:0:0, 0:0:0:0:0, 0:0:0:0:0, 0:0:0:0:0, 0:0:0:0:0, 279:0:6:0:180
B locrian (5#), 1:0:0:0:0, 1:0:0:0:3, 3:0:0:0:0, 3:1:0:0:1, 1:0:0:0:3, 2:1:0:0:1, 2:1:0:0:1, 2:0:0:0:2, 3:1:0:0:1, 1:1:0:0:1, 4:0:0:0:1, 3:2:0:0:4, 1:0:0:0:2, 1:0:0:0:3, 3:0:0:0:0, 4:1:0:0:1, 3:0:0:0:3, 4:1:0:0:1, 2:1:0:0:1, 2:0:0:0:2, 2:1:0:0:1, 2:1:0:0:1, 1:0:0:0:0, 3:2:0:0:4, 1:0:0:0:2, 3:1:0:0:3, 3:0:0:0:2, 4:0:0:0:2, 2:0:0:0:2, 3:1:0:0:1, 5:1:0:0:2, 5:0:0:0:1, 2:0:0:0:2, 2:1:0:0:2, 2:0:0:0:0, 2:0:0:0:2, 3:0:0:0:0, 4:0:0:0:2, 4:0:0:0:1, 2:0:0:0:2, 4:0:0:0:1, 3:1:1:0:3, 3:1:0:0:1, 4:0:0:0:2, 2:0:0:0:2, 2:1:0:0:2, 2:0:0:0:0, 2:0:0:0:2, 2:0:0:0:0, 2:0:0:0:2, 3:0:0:0:1, 2:0:0:0:2, 3:0:0:0:1, 3:1:1:0:3, 3:2:0:0:2, 3:0:0:0:1, 2:0:2:0:5, 2:1:0:0:2, 4:0:0:0:0, 2:0:0:0:3, 2:0:0:0:0, 4:0:0:0:2, 3:0:0:0:1, 3:0:0:0:2, 3:1:0:0:3, 3:1:0:0:1, 3:1:0:0:2, 4:0:0:0:2, 3:0:0:0:2, 2:1:0:0:2, 3:0:0:0:0, 2:0:0:0:2, 2:0:0:0:0, 2:0:0:0:2, 3:0:0:0:1, 4:0:0:0:2, 4:0:0:0:2, 3:1:0:0:1, 3:1:0:0:2, 2:0:0:0:2, 2:0:0:0:2, 2:1:0:0:2, 3:0:0:0:0, 2:0:0:0:2, 3:0:0:0:0, 4:0:0:0:2, 4:0:0:0:1, 4:0:0:0:3, 4:0:0:0:2, 4:1:0:0:1, 4:1:0:0:1, 3:0:0:0:2, 3:0:2:0:3, 2:1:0:0:2, 4:0:0:0:0, 3:0:0:0:2, 2:0:0:0:0, 3:0:0:0:2, 3:0:1:0:2, 3:0:0:0:3, 3:0:0:0:1, 2:1:1:0:2, 5:1:1:0:1, 4:0:0:0:2, 2:0:0:0:2, 2:1:0:0:2, 2:0:0:0:0, 4:0:0:0:1, 2:0:0:0:0, 2:0:0:0:2, 3:0:0:0:1, 4:0:0:0:2, 4:0:0:0:2, 3:1:0:0:1, 3:1:0:0:2, 2:0:0:0:2, 2:0:0:0:2, 3:1:0:0:2, 3:0:0:0:0, 2:0:0:0:2, 3:0:0:0:0, 4:0:0:0:2, 4:0:0:0:1, 4:0:0:0:3, 4:0:0:0:2, 4:1:0:0:1, 3:1:0:0:1, 3:0:0:0:2, 3:0:2:0:3, 2:1:0:0:2, 4:0:0:0:0, 3:0:0:0:2, 2:0:0:0:0, 3:0:0:0:2, 3:0:1:0:2, 3:0:0:0:3, 3:0:2:0:3, 3:1:1:0:2, 5:1:1:0:1, 3:0:0:0:2, 2:0:0:0:2, 2:1:0:0:2, 2:0:0:0:0, 4:0:0:0:1, 2:0:0:0:0, 2:0:0:0:2, 3:0:0:0:1, 4:0:0:0:2, 2:0:0:0:2, 2:1:0:0:1, 3:2:0:0:3, 3:0:0:0:2, 2:0:0:0:2, 2:1:0:0:2, 3:0:0:0:0, 2:0:0:0:2, 2:0:0:0:0, 4:0:0:0:2, 3:0:0:0:1, 1:0:0:0:2, 5:0:0:0:1, 6:1:0:0:2, 3:1:0:0:1, 3:1:0:0:3, 4:0:0:0:2, 3:1:0:0:2, 3:0:0:0:0, 1:1:0:0:1, 2:0:0:0:0, 0:0:0:0:0, 2:1:0:0:2, 1:0:0:0:0, 2:0:0:0:0, 2:1:0:0:3, 1:0:0:0:2, 1:0:0:0:1, 1:0:0:0:1, 1:0:0:0:1, 488:58:16:0:275
Gb major (6b), 1:0:0:0:1, 0:0:0:0:0, 3:0:0:0:2, 2:0:0:0:1, 0:0:0:0:0, 1:0:0:0:0, 1:0:0:0:0, 1:0:0:0:2, 2:0:0:0:1, 0:0:0:0:0, 4:0:0:0:3, 1:0:0:0:1, 0:0:0:0:0, 0:0:0:0:0, 3:0:0:0:2, 3:0:0:0:2, 2:0:0:0:2, 3:0:0:0:2, 2:0:0:0:1, 1:0:0:0:2, 1:0:0:0:0, 1:0:0:0:0, 1:0:0:0:0, 1:0:0:0:1, 0:0:0:0:0, 1:0:0:0:2, 2:0:0:0:1, 2:0:0:0:1, 1:0:0:0:1, 3:0:0:0:2, 2:0:0:0:1, 2:0:0:0:1, 2:0:1:0:1, 0:0:0:0:0, 4:0:0:0:2, 1:0:0:0:1, 2:0:0:0:3, 2:0:0:0:2, 3:0:0:0:3, 2:0:0:0:1, 3:1:1:0:3, 1:0:0:0:0, 2:0:0:0:0, 2:0:0:0:1, 2:0:1:0:1, 0:0:0:0:0, 4:0:0:0:2, 1:0:0:0:1, 2:0:0:0:3, 2:0:0:0:1, 2:0:0:0:1, 2:0:0:0:1, 2:2:2:0:3, 1:0:0:0:0, 1:0:0:0:1, 3:0:0:0:2, 1:0:0:0:0, 0:0:0:0:0, 5:0:0:0:4, 1:0:0:0:1, 2:0:0:0:3, 2:0:0:0:3, 2:0:0:0:3, 3:0:0:0:2, 1:1:1:0:1, 3:0:0:0:2, 1:0:0:0:0, 2:0:0:0:1, 3:0:1:0:2, 0:0:0:0:0, 4:0:0:0:5, 1:0:0:0:1, 3:0:0:0:3, 2:0:0:0:1, 2:0:0:0:1, 2:0:0:0:1, 2:0:0:0:2, 3:0:0:0:2, 1:0:0:0:0, 1:0:0:0:1, 2:0:0:0:1, 0:0:0:0:0, 3:0:0:0:2, 1:0:0:0:1, 4:0:0:0:5, 2:0:0:0:2, 3:0:0:0:3, 4:0:0:0:3, 3:0:0:0:4, 3:0:0:0:3, 3:0:0:0:4, 3:0:1:0:2, 3:0:0:0:2, 1:0:0:0:1, 5:0:0:0:6, 1:0:0:0:1, 3:0:0:0:2, 2:0:0:0:1, 3:0:0:0:2, 2:0:0:0:1, 3:1:1:0:2, 1:0:0:0:0, 3:1:1:0:2, 3:0:0:0:2, 1:0:0:0:0, 0:0:0:0:0, 3:0:0:0:3, 2:0:0:0:1, 3:0:0:0:2, 2:0:0:0:1, 2:0:0:0:1, 2:0:0:0:1, 2:0:0:0:2, 3:0:0:0:2, 1:0:0:0:0, 1:0:0:0:1, 2:0:0:0:1, 1:0:0:0:1, 3:0:0:0:2, 1:0:0:0:1, 4:0:0:0:5, 2:0:0:0:2, 3:1:1:0:3, 4:0:0:0:3, 3:0:0:0:4, 3:0:0:0:3, 3:0:0:0:4, 3:0:1:0:2, 3:0:0:0:2, 1:0:0:0:1, 5:0:0:0:6, 1:0:0:0:1, 3:0:0:0:2, 2:0:0:0:1, 3:0:0:0:2, 2:0:0:0:1, 3:0:0:0:1, 1:1:1:0:1, 3:1:1:0:2, 2:0:0:0:1, 1:0:0:0:0, 0:0:0:0:0, 3:0:0:0:3, 2:0:0:0:1, 3:0:0:0:2, 2:0:0:0:1, 2:0:0:0:1, 2:0:0:0:1, 1:0:0:0:1, 2:0:0:0:1, 2:0:0:0:2, 2:0:0:0:1, 2:0:0:0:1, 0:0:0:0:0, 4:0:0:0:3, 1:0:0:0:1, 3:0:0:0:3, 2:0:0:0:2, 2:0:0:0:1, 2:0:0:0:1, 5:0:0:0:3, 4:0:0:0:3, 3:0:0:0:2, 2:0:0:0:2, 4:0:0:0:3, 1:0:0:0:1, 4:0:0:0:4, 0:0:0:0:0, 2:0:0:0:1, 2:0:0:0:1, 0:0:0:0:0, 3:0:0:0:2, 3:0:0:0:2, 0:0:0:0:0, 0:0:0:0:0, 0:0:0:0:0, 0:0:0:0:0, 0:0:0:0:0, 355:9:14:0:272
F# major (6#), 1:0:0:0:0, 1:0:0:0:2, 3:0:0:0:1, 3:1:0:0:2, 1:0:0:0:2, 2:1:0:0:3, 2:1:0:0:3, 2:0:0:0:1, 3:1:0:0:2, 1:1:0:0:1, 4:1:1:0:4, 4:2:0:0:4, 1:0:0:0:1, 1:0:0:0:2, 3:0:0:0:1, 4:1:0:0:2, 3:0:0:0:2, 4:1:0:0:3, 3:1:0:0:3, 2:0:0:0:1, 2:1:0:0:2, 2:1:0:0:2, 1:0:0:0:3, 4:2:0:0:4, 1:0:0:0:1, 3:1:0:0:2, 3:0:0:0:2, 4:0:0:0:2, 2:0:0:0:1, 3:1:0:0:1, 4:1:0:0:2, 5:0:0:0:2, 3:0:0:0:1, 1:1:0:0:1, 3:0:0:0:2, 2:0:0:0:1, 3:0:0:0:2, 4:0:0:0:1, 4:0:0:0:3, 2:0:0:0:1, 4:0:0:0:2, 2:1:1:0:1, 3:1:0:0:2, 4:0:0:0:2, 3:0:0:0:1, 1:1:0:0:1, 3:0:0:0:2, 2:0:0:0:1, 2:0:0:0:2, 2:0:0:0:1, 3:0:0:0:2, 2:0:0:0:1, 3:0:0:0:3, 2:1:1:0:1, 3:2:0:0:2, 4:0:0:0:2, 2:0:2:0:1, 1:1:0:0:1, 5:0:0:0:2, 2:0:0:0:1, 2:0:0:0:2, 4:0:0:0:1, 3:0:0:0:2, 4:0:0:0:2, 3:0:0:0:2, 3:1:0:0:1, 2:1:0:0:2, 4:0:0:0:2, 4:0:0:0:1, 1:1:0:0:1, 3:0:0:0:2, 2:0:0:0:1, 3:0:0:0:2, 2:0:0:0:1, 3:0:0:0:2, 4:0:0:0:2, 4:0:0:0:1, 3:1:0:0:1, 2:1:0:0:2, 2:0:0:0:1, 3:0:0:0:4, 1:1:0:0:1, 4:0:0:0:2, 2:0:0:0:1, 4:0:0:0:3, 4:0:0:0:1, 4:0:0:0:2, 5:0:0:0:4, 4:0:0:0:2, 5:1:0:0:1, 4:1:0:0:3, 4:0:0:0:1, 4:0:2:0:1, 2:2:1:0:2, 5:0:0:0:2, 3:0:0:0:1, 2:0:0:0:2, 3:0:0:0:2, 4:0:1:0:1, 3:0:0:0:2, 3:0:0:0:2, 2:1:1:0:1, 4:1:0:0:2, 4:0:0:0:2, 2:0:0:0:3, 1:1:0:0:1, 3:0:0:0:2, 4:0:0:0:2, 2:0:0:0:2, 2:0:0:0:1, 3:0:0:0:2, 4:0:0:0:2, 4:0:0:0:1, 3:1:0:0:1, 2:1:0:0:2, 2:0:0:0:1, 3:0:0:0:4, 2:1:0:0:1, 4:0:0:0:2, 2:0:0:0:1, 4:0:0:0:3, 4:0:0:0:1, 4:0:0:0:2, 5:0:0:0:4, 4:0:0:0:2, 5:1:0:0:1, 4:1:0:0:3, 4:0:0:0:1, 4:0:2:0:1, 2:2:1:0:2, 5:0:0:0:2, 3:0:0:0:1, 2:0:0:0:2, 3:0:0:0:2, 4:0:1:0:1, 3:0:0:0:2, 3:0:2:0:1, 3:1:1:0:1, 4:1:0:0:2, 3:0:0:0:2, 2:0:0:0:3, 1:1:0:0:1, 3:0:0:0:2, 4:0:0:0:2, 2:0:0:0:2, 2:0:0:0:1, 3:0:0:0:2, 4:0:0:0:2, 2:0:0:0:1, 2:1:0:0:1, 3:2:0:0:2, 3:0:0:0:2, 3:0:0:0:4, 1:1:0:0:1, 3:0:0:0:3, 2:0:0:0:1, 3:0:0:0:2, 4:0:0:0:1, 3:0:0:0:2, 2:0:0:0:2, 5:0:0:0:2, 5:1:0:0:2, 3:1:0:0:1, 3:1:0:0:2, 5:0:0:0:3, 2:1:0:0:1, 4:0:0:0:3, 1:1:0:0:1, 2:0:0:0:4, 0:0:0:0:0, 1:1:0:0:1, 2:0:0:0:1, 3:0:0:0:5, 2:1:0:0:2, 1:0:0:0:1, 0:0:0:0:0, 0:0:0:0:0, 0:0:0:0:0, 505:60:17:0:313
Eb minor (6b), 1:0:0:0:1, 0:0:0:0:0, 3:0:0:0:2, 2:0:0:0:1, 0:0:0:0:0, 1:0:0:0:0, 1:0:0:0:0, 1:0:0:0:2, 2:0:0:0:1, 0:0:0:0:0, 4:0:0:0:3, 1:0:0:0:1, 0:0:0:0:0, 0:0:0:0:0, 3:0:0:0:2, 3:0:0:0:2, 2:0:0:0:2, 3:0:0:0:2, 2:0:0:0:1, 1:0:0:0:2, 1:0:0:0:0, 1:0:0:0:0, 1:0:0:0:0, 1:0:0:0:1, 0:0:0:0:0, 1:0:0:0:2, 2:0:0:0:1, 2:0:0:0:1, 1:0:0:0:1, 3:0:0:0:2, 2:0:0:0:1, 2:0:0:0:1, 2:0:1:0:1, 0:0:0:0:0, 4:0:0:0:2, 1:0:0:0:1, 2:0:0:0:3, 2:0:0:0:2, 3:0:0:0:3, 2:0:0:0:1, 3:1:1:0:3, 1:0:0:0:0, 2:0:0:0:0, 2:0:0:0:1, 2:0:1:0:1, 0:0:0:0:0, 4:0:0:0:2, 1:0:0:0:1, 2:0:0:0:3, 2:0:0:0:1, 2:0:0:0:1, 2:0:0:0:1, 2:2:2:0:3, 1:0:0:0:0, 1:0:0:0:1, 3:0:0:0:2, 1:0:0:0:0, 0:0:0:0:0, 5:0:0:0:4, 1:0:0:0:1, 2:0:0:0:3, 2:0:0:0:3, 2:0:0:0:3, 3:0:0:0:2, 1:1:1:0:1, 3:0:0:0:2, 1:0:0:0:0, 2:0:0:0:1, 3:0:1:0:2, 0:0:0:0:0, 4:0:0:0:5, 1:0:0:0:1, 3:0:0:0:3, 2:0:0:0:1, 2:0:0:0:1, 2:0:0:0:1, 2:0:0:0:2, 3:0:0:0:2, 1:0:0:0:0, 1:0:0:0:1, 2:0:0:0:1, 0:0:0:0:0, 3:0:0:0:2, 1:0:0:0:1, 4:0:0:0:5, 2:0:0:0:2, 3:0:0:0:3, 4:0:0:0:3, 3:0:0:0:4, 3:0:0:0:3, 3:0:0:0:4, 3:0:1:0:2, 3:0:0:0:2, 1:0:0:0:1, 5:0:0:0:6, 1:0:0:0:1, 3:0:0:0:2, 2:0:0:0:1, 3:0:0:0:2, 2:0:0:0:1, 3:1:1:0:2, 1:0:0:0:0, 3:1:1:0:2, 3:0:0:0:2, 1:0:0:0:0, 0:0:0:0:0, 3:0:0:0:3, 2:0:0:0:1, 3:0:0:0:2, 2:0:0:0:1, 2:0:0:0:1, 2:0:0:0:1, 2:0:0:0:2, 3:0:0:0:2, 1:0:0:0:0, 1:0:0:0:1, 2:0:0:0:1, 1:0:0:0:1, 3:0:0:0:2, 1:0:0:0:1, 4:0:0:0:5, 2:0:0:0:2, 3:1:1:0:3, 4:0:0:0:3, 3:0:0:0:4, 3:0:0:0:3, 3:0:0:0:4, 3:0:1:0:2, 3:0:0:0:2, 1:0:0:0:1, 5:0:0:0:6, 1:0:0:0:1, 3:0:0:0:2, 2:0:0:0:1, 3:0:0:0:2, 2:0:0:0:1, 3:0:0:0:1, 1:1:1:0:1, 3:1:1:0:2, 2:0:0:0:1, 1:0:0:0:0, 0:0:0:0:0, 3:0:0:0:3, 2:0:0:0:1, 3:0:0:0:2, 2:0:0:0:1, 2:0:0:0:1, 2:0:0:0:1, 1:0:0:0:1, 2:0:0:0:1, 2:0:0:0:2, 2:0:0:0:1, 2:0:0:0:1, 0:0:0:0:0, 4:0:0:0:3, 1:0:0:0:1, 3:0:0:0:3, 2:0:0:0:2, 2:0:0:0:1, 2:0:0:0:1, 5:0:0:0:3, 4:0:0:0:3, 3:0:0:0:2, 2:0:0:0:2, 4:0:0:0:3, 1:0:0:0:1, 4:0:0:0:4, 0:0:0:0:0, 2:0:0:0:1, 2:0:0:0:1, 0:0:0:0:0, 3:0:0:0:2, 3:0:0:0:2, 0:0:0:0:0, 0:0:0:0:0, 0:0:0:0:0, 0:0:0:0:0, 0:0:0:0:0, 355:9:14:0:272
D# minor (6#), 1:0:0:0:0, 1:0:0:0:2, 3:0:0:0:1, 3:1:0:0:2, 1:0:0:0:2, 2:1:0:0:3, 2:1:0:0:3, 2:0:0:0:1, 3:1:0:0:2, 1:1:0:0:1, 4:1:1:0:4, 4:2:0:0:4, 1:0:0:0:1, 1:0:0:0:2, 3:0:0:0:1, 4:1:0:0:2, 3:0:0:0:2, 4:1:0:0:3, 3:1:0:0:3, 2:0:0:0:1, 2:1:0:0:2, 2:1:0:0:2, 1:0:0:0:3, 4:2:0:0:4, 1:0:0:0:1, 3:1:0:0:2, 3:0:0:0:2, 4:0:0:0:2, 2:0:0:0:1, 3:1:0:0:1, 4:1:0:0:2, 5:0:0:0:2, 3:0:0:0:1, 1:1:0:0:1, 3:0:0:0:2, 2:0:0:0:1, 3:0:0:0:2, 4:0:0:0:1, 4:0:0:0:3, 2:0:0:0:1, 4:0:0:0:2, 2:1:1:0:1, 3:1:0:0:2, 4:0:0:0:2, 3:0:0:0:1, 1:1:0:0:1, 3:0:0:0:2, 2:0:0:0:1, 2:0:0:0:2, 2:0:0:0:1, 3:0:0:0:2, 2:0:0:0:1, 3:0:0:0:3, 2:1:1:0:1, 3:2:0:0:2, 4:0:0:0:2, 2:0:2:0:1, 1:1:0:0:1, 5:0:0:0:2, 2:0:0:0:1, 2:0:0:0:2, 4:0:0:0:1, 3:0:0:0:2, 4:0:0:0:2, 3:0:0:0:2, 3:1:0:0:1, 2:1:0:0:2, 4:0:0:0:2, 4:0:0:0:1, 1:1:0:0:1, 3:0:0:0:2, 2:0:0:0:1, 3:0:0:0:2, 2:0:0:0:1, 3:0:0:0:2, 4:0:0:0:2, 4:0:0:0:1, 3:1:0:0:1, 2:1:0:0:2, 2:0:0:0:1, 3:0:0:0:4, 1:1:0:0:1, 4:0:0:0:2, 2:0:0:0:1, 4:0:0:0:3, 4:0:0:0:1, 4:0:0:0:2, 5:0:0:0:4, 4:0:0:0:2, 5:1:0:0:1, 4:1:0:0:3, 4:0:0:0:1, 4:0:2:0:1, 2:2:1:0:2, 5:0:0:0:2, 3:0:0:0:1, 2:0:0:0:2, 3:0:0:0:2, 4:0:1:0:1, 3:0:0:0:2, 3:0:0:0:2, 2:1:1:0:1, 4:1:0:0:2, 4:0:0:0:2, 2:0:0:0:3, 1:1:0:0:1, 3:0:0:0:2, 4:0:0:0:2, 2:0:0:0:2, 2:0:0:0:1, 3:0:0:0:2, 4:0:0:0:2, 4:0:0:0:1, 3:1:0:0:1, 2:1:0:0:2, 2:0:0:0:1, 3:0:0:0:4, 2:1:0:0:1, 4:0:0:0:2, 2:0:0:0:1, 4:0:0:0:3, 4:0:0:0:1, 4:0:0:0:2, 5:0:0:0:4, 4:0:0:0:2, 5:1:0:0:1, 4:1:0:0:3, 4:0:0:0:1, 4:0:2:0:1, 2:2:1:0:2, 5:0:0:0:2, 3:0:0:0:1, 2:0:0:0:2, 3:0:0:0:2, 4:0:1:0:1, 3:0:0:0:2, 3:0:2:0:1, 3:1:1:0:1, 4:1:0:0:2, 3:0:0:0:2, 2:0:0:0:3, 1:1:0:0:1, 3:0:0:0:2, 4:0:0:0:2, 2:0:0:0:2, 2:0:0:0:1, 3:0:0:0:2, 4:0:0:0:2, 2:0:0:0:1, 2:1:0:0:1, 3:2:0:0:2, 3:0:0:0:2, 3:0:0:0:4, 1:1:0:0:1, 3:0:0:0:3, 2:0:0:0:1, 3:0:0:0:2, 4:0:0:0:1, 3:0:0:0:2, 2:0:0:0:2, 5:0:0:0:2, 5:1:0:0:2, 3:1:0:0:1, 3:1:0:0:2, 5:0:0:0:3, 2:1:0:0:1, 4:0:0:0:3, 1:1:0:0:1, 2:0:0:0:4, 0:0:0:0:0, 1:1:0:0:1, 2:0:0:0:1, 3:0:0:0:5, 2:1:0:0:2, 1:0:0:0:1, 0:0:0:0:0, 0:0:0:0:0, 0:0:0:0:0, 505:60:17:0:313
Eb minor mel (6b), 1:0:0:0:1, 0:0:0:0:0, 3:0:0:0:2, 2:0:0:0:1, 0:0:0:0:0, 1:0:0:0:0, 1:0:0:0:0, 1:0:0:0:2, 2:0:0:0:1, 0:0:0:0:0, 4:0:0:0:3, 1:0:0:0:1, 0:0:0:0:0, 0:0:0:0:0, 3:0:0:0:2, 3:0:0:0:2, 2:0:0:0:2, 3:0:0:0:2, 2:0:0:0:1, 1:0:0:0:2, 1:0:0:0:0, 1:0:0:0:0, 1:0:0:0:0, 1:0:0:0:1, 0:0:0:0:0, 1:0:0:0:2, 2:0:0:0:1, 2:0:0:0:1, 1:0:0:0:1, 3:0:0:0:2, 2:0:0:0:1, 2:0:0:0:1, 2:0:1:0:1, 0:0:0:0:0, 4:0:0:0:2, 1:0:0:0:1, 2:0:0:0:3, 2:0:0:0:2, 3:0:0:0:3, 2:0:0:0:1, 3:1:1:0:3, 1:0:0:0:0, 2:0:0:0:0, 2:0:0:0:1, 2:0:1:0:1, 0:0:0:0:0, 4:0:0:0:2, 1:0:0:0:1, 2:0:0:0:3, 2:0:0:0:1, 2:0:0:0:1, 2:0:0:0:1, 2:2:2:0:3, 1:0:0:0:0, 1:0:0:0:1, 3:0:0:0:2, 1:0:0:0:0, 0:0:0:0:0, 5:0:0:0:4, 1:0:0:0:1, 2:0:0:0:3, 2:0:0:0:3, 2:0:0:0:3, 3:0:0:0:2, 1:1:1:0:1, 3:0:0:0:2, 1:0:0:0:0, 2:0:0:0:1, 3:0:1:0:2, 0:0:0:0:0, 4:0:0:0:5, 1:0:0:0:1, 3:0:0:0:3, 2:0:0:0:1, 2:0:0:0:1, 2:0:0:0:1, 2:0:0:0:2, 3:0:0:0:2, 1:0:0:0:0, 1:0:0:0:1, 2:0:0:0:1, 0:0:0:0:0, 3:0:0:0:2, 1:0:0:0:1, 4:0:0:0:5, 2:0:0:0:2, 3:0:0:0:3, 4:0:0:0:3, 3:0:0:0:4, 3:0:0:0:3, 3:0:0:0:4, 3:0:1:0:2, 3:0:0:0:2, 1:0:0:0:1, 5:0:0:0:6, 1:0:0:0:1, 3:0:0:0:2, 2:0:0:0:1, 3:0:0:0:2, 2:0:0:0:1, 3:1:1:0:2, 1:0:0:0:0, 3:1:1:0:2, 3:0:0:0:2, 1:0:0:0:0, 0:0:0:0:0, 3:0:0:0:3, 2:0:0:0:1, 3:0:0:0:2, 2:0:0:0:1, 2:0:0:0:1, 2:0:0:0:1, 2:0:0:0:2, 3:0:0:0:2, 1:0:0:0:0, 1:0:0:0:1, 2:0:0:0:1, 1:0:0:0:1, 3:0:0:0:2, 1:0:0:0:1, 4:0:0:0:5, 2:0:0:0:2, 3:1:1:0:3, 4:0:0:0:3, 3:0:0:0:4, 3:0:0:0:3, 3:0:0:0:4, 3:0:1:0:2, 3:0:0:0:2, 1:0:0:0:1, 5:0:0:0:6, 1:0:0:0:1, 3:0:0:0:2, 2:0:0:0:1, 3:0:0:0:2, 2:0:0:0:1, 3:0:0:0:1, 1:1:1:0:1, 3:1:1:0:2, 2:0:0:0:1, 1:0:0:0:0, 0:0:0:0:0, 3:0:0:0:3, 2:0:0:0:1, 3:0:0:0:2, 2:0:0:0:1, 2:0:0:0:1, 2:0:0:0:1, 1:0:0:0:1, 2:0:0:0:1, 2:0:0:0:2, 2:0:0:0:1, 2:0:0:0:1, 0:0:0:0:0, 4:0:0:0:3, 1:0:0:0:1, 3:0:0:0:3, 2:0:0:0:2, 2:0:0:0:1, 2:0:0:0:1, 5:0:0:0:3, 4:0:0:0:3, 3:0:0:0:2, 2:0:0:0:2, 4:0:0:0:3, 1:0:0:0:1, 4:0:0:0:4, 0:0:0:0:0, 2:0:0:0:1, 2:0:0:0:1, 0:0:0:0:0, 3:0:0:0:2, 3:0:0:0:2, 0:0:0:0:0, 0:0:0:0:0, 0:0:0:0:0, 0:0:0:0:0, 0:0:0:0:0, 355:9:14:0:272
D# minor mel (6#), 1:0:0:0:0, 1:0:0:0:2, 3:0:0:0:1, 3:1:0:0:2, 1:0:0:0:2, 2:1:0:0:3, 2:1:0:0:3, 2:0:0:0:1, 3:1:0:0:2, 1:1:0:0:1, 4:1:1:0:4, 4:2:0:0:4, 1:0:0:0:1, 1:0:0:0:2, 3:0:0:0:1, 4:1:0:0:2, 3:0:0:0:2, 4:1:0:0:3, 3:1:0:0:3, 2:0:0:0:1, 2:1:0:0:2, 2:1:0:0:2, 1:0:0:0:3, 4:2:0:0:4, 1:0:0:0:1, 3:1:0:0:2, 3:0:0:0:2, 4:0:0:0:2, 2:0:0:0:1, 3:1:0:0:1, 4:1:0:0:2, 5:0:0:0:2, 3:0:0:0:1, 1:1:0:0:1, 3:0:0:0:2, 2:0:0:0:1, 3:0:0:0:2, 4:0:0:0:1, 4:0:0:0:3, 2:0:0:0:1, 4:0:0:0:2, 2:1:1:0:1, 3:1:0:0:2, 4:0:0:0:2, 3:0:0:0:1, 1:1:0:0:1, 3:0:0:0:2, 2:0:0:0:1, 2:0:0:0:2, 2:0:0:0:1, 3:0:0:0:2, 2:0:0:0:1, 3:0:0:0:3, 2:1:1:0:1, 3:2:0:0:2, 4:0:0:0:2, 2:0:2:0:1, 1:1:0:0:1, 5:0:0:0:2, 2:0:0:0:1, 2:0:0:0:2, 4:0:0:0:1, 3:0:0:0:2, 4:0:0:0:2, 3:0:0:0:2, 3:1:0:0:1, 2:1:0:0:2, 4:0:0:0:2, 4:0:0:0:1, 1:1:0:0:1, 3:0:0:0:2, 2:0:0:0:1, 3:0:0:0:2, 2:0:0:0:1, 3:0:0:0:2, 4:0:0:0:2, 4:0:0:0:1, 3:1:0:0:1, 2:1:0:0:2, 2:0:0:0:1, 3:0:0:0:4, 1:1:0:0:1, 4:0:0:0:2, 2:0:0:0:1, 4:0:0:0:3, 4:0:0:0:1, 4:0:0:0:2, 5:0:0:0:4, 4:0:0:0:2, 5:1:0:0:1, 4:1:0:0:3, 4:0:0:0:1, 4:0:2:0:1, 2:2:1:0:2, 5:0:0:0:2, 3:0:0:0:1, 2:0:0:0:2, 3:0:0:0:2, 4:0:1:0:1, 3:0:0:0:2, 3:0:0:0:2, 2:1:1:0:1, 4:1:0:0:2, 4:0:0:0:2, 2:0:0:0:3, 1:1:0:0:1, 3:0:0:0:2, 4:0:0:0:2, 2:0:0:0:2, 2:0:0:0:1, 3:0:0:0:2, 4:0:0:0:2, 4:0:0:0:1, 3:1:0:0:1, 2:1:0:0:2, 2:0:0:0:1, 3:0:0:0:4, 2:1:0:0:1, 4:0:0:0:2, 2:0:0:0:1, 4:0:0:0:3, 4:0:0:0:1, 4:0:0:0:2, 5:0:0:0:4, 4:0:0:0:2, 5:1:0:0:1, 4:1:0:0:3, 4:0:0:0:1, 4:0:2:0:1, 2:2:1:0:2, 5:0:0:0:2, 3:0:0:0:1, 2:0:0:0:2, 3:0:0:0:2, 4:0:1:0:1, 3:0:0:0:2, 3:0:2:0:1, 3:1:1:0:1, 4:1:0:0:2, 3:0:0:0:2, 2:0:0:0:3, 1:1:0:0:1, 3:0:0:0:2, 4:0:0:0:2, 2:0:0:0:2, 2:0:0:0:1, 3:0:0:0:2, 4:0:0:0:2, 2:0:0:0:1, 2:1:0:0:1, 3:2:0:0:2, 3:0:0:0:2, 3:0:0:0:4, 1:1:0:0:1, 3:0:0:0:3, 2:0:0:0:1, 3:0:0:0:2, 4:0:0:0:1, 3:0:0:0:2, 2:0:0:0:2, 5:0:0:0:2, 5:1:0:0:2, 3:1:0:0:1, 3:1:0:0:2, 5:0:0:0:3, 2:1:0:0:1, 4:0:0:0:3, 1:1:0:0:1, 2:0:0:0:4, 0:0:0:0:0, 1:1:0:0:1, 2:0:0:0:1, 3:0:0:0:5, 2:1:0:0:2, 1:0:0:0:1, 0:0:0:0:0, 0:0:0:0:0, 0:0:0:0:0, 505:60:17:0:313
Gb major blues (6b), 1:0:0:0:1, 0:0:0:0:0, 3:0:0:0:2, 2:0:0:0:1, 0:0:0:0:0, 1:0:0:0:0, 1:0:0:0:0, 1:0:0:0:2, 2:0:0:0:1, 0:0:0:0:0, 4:0:0:0:3, 1:0:0:0:1, 0:0:0:0:0, 0:0:0:0:0, 3:0:0:0:2, 3:0:0:0:2, 2:0:0:0:2, 3:0:0:0:2, 2:0:0:0:1, 1:0:0:0:2, 1:0:0:0:0, 1:0:0:0:0, 1:0:0:0:0, 1:0:0:0:1, 0:0:0:0:0, 1:0:0:0:2, 2:0:0:0:1, 2:0:0:0:1, 1:0:0:0:1, 3:0:0:0:2, 2:0:0:0:1, 2:0:0:0:1, 2:0:1:0:1, 0:0:0:0:0, 4:0:0:0:2, 1:0:0:0:1, 2:0:0:0:3, 2:0:0:0:2, 3:0:0:0:3, 2:0:0:0:1, 3:1:1:0:3, 1:0:0:0:0, 2:0:0:0:0, 2:0:0:0:1, 2:0:1:0:1, 0:0:0:0:0, 4:0:0:0:2, 1:0:0:0:1, 2:0:0:0:3, 2:0:0:0:1, 2:0:0:0:1, 2:0:0:0:1, 2:2:2:0:3, 1:0:0:0:0, 1:0:0:0:1, 3:0:0:0:2, 1:0:0:0:0, 0:0:0:0:0, 5:0:0:0:4, 1:0:0:0:1, 2:0:0:0:3, 2:0:0:0:3, 2:0:0:0:3, 3:0:0:0:2, 1:1:1:0:1, 3:0:0:0:2, 1:0:0:0:0, 2:0:0:0:1, 3:0:1:0:2, 0:0:0:0:0, 4:0:0:0:5, 1:0:0:0:1, 3:0:0:0:3, 2:0:0:0:1, 2:0:0:0:1, 2:0:0:0:1, 2:0:0:0:2, 3:0:0:0:2, 1:0:0:0:0, 1:0:0:0:1, 2:0:0:0:1, 0:0:0:0:0, 3:0:0:0:2, 1:0:0:0:1, 4:0:0:0:5, 2:0:0:0:2, 3:0:0:0:3, 4:0:0:0:3, 3:0:0:0:4, 3:0:0:0:3, 3:0:0:0:4, 3:0:1:0:2, 3:0:0:0:2, 1:0:0:0:1, 5:0:0:0:6, 1:0:0:0:1, 3:0:0:0:2, 2:0:0:0:1, 3:0:0:0:2, 2:0:0:0:1, 3:1:1:0:2, 1:0:0:0:0, 3:1:1:0:2, 3:0:0:0:2, 1:0:0:0:0, 0:0:0:0:0, 3:0:0:0:3, 2:0:0:0:1, 3:0:0:0:2, 2:0:0:0:1, 2:0:0:0:1, 2:0:0:0:1, 2:0:0:0:2, 3:0:0:0:2, 1:0:0:0:0, 1:0:0:0:1, 2:0:0:0:1, 1:0:0:0:1, 3:0:0:0:2, 1:0:0:0:1, 4:0:0:0:5, 2:0:0:0:2, 3:1:1:0:3, 4:0:0:0:3, 3:0:0:0:4, 3:0:0:0:3, 3:0:0:0:4, 3:0:1:0:2, 3:0:0:0:2, 1:0:0:0:1, 5:0:0:0:6, 1:0:0:0:1, 3:0:0:0:2, 2:0:0:0:1, 3:0:0:0:2, 2:0:0:0:1, 3:0:0:0:1, 1:1:1:0:1, 3:1:1:0:2, 2:0:0:0:1, 1:0:0:0:0, 0:0:0:0:0, 3:0:0:0:3, 2:0:0:0:1, 3:0:0:0:2, 2:0:0:0:1, 2:0:0:0:1, 2:0:0:0:1, 1:0:0:0:1, 2:0:0:0:1, 2:0:0:0:2, 2:0:0:0:1, 2:0:0:0:1, 0:0:0:0:0, 4:0:0:0:3, 1:0:0:0:1, 3:0:0:0:3, 2:0:0:0:2, 2:0:0:0:1, 2:0:0:0:1, 5:0:0:0:3, 4:0:0:0:3, 3:0:0:0:2, 2:0:0:0:2, 4:0:0:0:3, 1:0:0:0:1, 4:0:0:0:4, 0:0:0:0:0, 2:0:0:0:1, 2:0:0:0:1, 0:0:0:0:0, 3:0:0:0:2, 3:0:0:0:2, 0:0:0:0:0, 0:0:0:0:0, 0:0:0:0:0, 0:0:0:0:0, 0:0:0:0:0, 355:9:14:0:272
F# major blues (6#), 1:0:0:0:0, 1:0:0:0:2, 3:0:0:0:1, 3:1:0:0:2, 1:0:0:0:2, 2:1:0:0:3, 2:1:0:0:3, 2:0:0:0:1, 3:1:0:0:2, 1:1:0:0:1, 4:1:1:0:4, 4:2:0:0:4, 1:0:0:0:1, 1:0:0:0:2, 3:0:0:0:1, 4:1:0:0:2, 3:0:0:0:2, 4:1:0:0:3, 3:1:0:0:3, 2:0:0:0:1, 2:1:0:0:2, 2:1:0:0:2, 1:0:0:0:3, 4:2:0:0:4, 1:0:0:0:1, 3:1:0:0:2, 3:0:0:0:2, 4:0:0:0:2, 2:0:0:0:1, 3:1:0:0:1, 4:1:0:0:2, 5:0:0:0:2, 3:0:0:0:1, 1:1:0:0:1, 3:0:0:0:2, 2:0:0:0:1, 3:0:0:0:2, 4:0:0:0:1, 4:0:0:0:3, 2:0:0:0:1, 4:0:0:0:2, 2:1:1:0:1, 3:1:0:0:2, 4:0:0:0:2, 3:0:0:0:1, 1:1:0:0:1, 3:0:0:0:2, 2:0:0:0:1, 2:0:0:0:2, 2:0:0:0:1, 3:0:0:0:2, 2:0:0:0:1, 3:0:0:0:3, 2:1:1:0:1, 3:2:0:0:2, 4:0:0:0:2, 2:0:2:0:1, 1:1:0:0:1, 5:0:0:0:2, 2:0:0:0:1, 2:0:0:0:2, 4:0:0:0:1, 3:0:0:0:2, 4:0:0:0:2, 3:0:0:0:2, 3:1:0:0:1, 2:1:0:0:2, 4:0:0:0:2, 4:0:0:0:1, 1:1:0:0:1, 3:0:0:0:2, 2:0:0:0:1, 3:0:0:0:2, 2:0:0:0:1, 3:0:0:0:2, 4:0:0:0:2, 4:0:0:0:1, 3:1:0:0:1, 2:1:0:0:2, 2:0:0:0:1, 3:0:0:0:4, 1:1:0:0:1, 4:0:0:0:2, 2:0:0:0:1, 4:0:0:0:3, 4:0:0:0:1, 4:0:0:0:2, 5:0:0:0:4, 4:0:0:0:2, 5:1:0:0:1, 4:1:0:0:3, 4:0:0:0:1, 4:0:2:0:1, 2:2:1:0:2, 5:0:0:0:2, 3:0:0:0:1, 2:0:0:0:2, 3:0:0:0:2, 4:0:1:0:1, 3:0:0:0:2, 3:0:0:0:2, 2:1:1:0:1, 4:1:0:0:2, 4:0:0:0:2, 2:0:0:0:3, 1:1:0:0:1, 3:0:0:0:2, 4:0:0:0:2, 2:0:0:0:2, 2:0:0:0:1, 3:0:0:0:2, 4:0:0:0:2, 4:0:0:0:1, 3:1:0:0:1, 2:1:0:0:2, 2:0:0:0:1, 3:0:0:0:4, 2:1:0:0:1, 4:0:0:0:2, 2:0:0:0:1, 4:0:0:0:3, 4:0:0:0:1, 4:0:0:0:2, 5:0:0:0:4, 4:0:0:0:2, 5:1:0:0:1, 4:1:0:0:3, 4:0:0:0:1, 4:0:2:0:1, 2:2:1:0:2, 5:0:0:0:2, 3:0:0:0:1, 2:0:0:0:2, 3:0:0:0:2, 4:0:1:0:1, 3:0:0:0:2, 3:0:2:0:1, 3:1:1:0:1, 4:1:0:0:2, 3:0:0:0:2, 2:0:0:0:3, 1:1:0:0:1, 3:0:0:0:2, 4:0:0:0:2, 2:0:0:0:2, 2:0:0:0:1, 3:0:0:0:2, 4:0:0:0:2, 2:0:0:0:1, 2:1:0:0:1, 3:2:0:0:2, 3:0:0:0:2, 3:0:0:0:4, 1:1:0:0:1, 3:0:0:0:3, 2:0:0:0:1, 3:0:0:0:2, 4:0:0:0:1, 3:0:0:0:2, 2:0:0:0:2, 5:0:0:0:2, 5:1:0:0:2, 3:1:0:0:1, 3:1:0:0:2, 5:0:0:0:3, 2:1:0:0:1, 4:0:0:0:3, 1:1:0:0:1, 2:0:0:0:4, 0:0:0:0:0, 1:1:0:0:1, 2:0:0:0:1, 3:0:0:0:5, 2:1:0:0:2, 1:0:0:0:1, 0:0:0:0:0, 0:0:0:0:0, 0:0:0:0:0, 505:60:17:0:313
Eb minor blues (6b), 1:0:0:0:1, 0:0:0:0:0, 3:0:0:0:2, 2:0:0:0:1, 0:0:0:0:0, 1:0:0:0:0, 1:0:0:0:0, 1:0:0:0:2, 2:0:0:0:1, 0:0:0:0:0, 4:0:0:0:3, 1:0:0:0:1, 0:0:0:0:0, 0:0:0:0:0, 3:0:0:0:2, 3:0:0:0:2, 2:0:0:0:2, 3:0:0:0:2, 2:0:0:0:1, 1:0:0:0:2, 1:0:0:0:0, 1:0:0:0:0, 1:0:0:0:0, 1:0:0:0:1, 0:0:0:0:0, 1:0:0:0:2, 2:0:0:0:1, 2:0:0:0:1, 1:0:0:0:1, 3:0:0:0:2, 2:0:0:0:1, 2:0:0:0:1, 2:0:1:0:1, 0:0:0:0:0, 4:0:0:0:2, 1:0:0:0:1, 2:0:0:0:3, 2:0:0:0:2, 3:0:0:0:3, 2:0:0:0:1, 3:1:1:0:3, 1:0:0:0:0, 2:0:0:0:0, 2:0:0:0:1, 2:0:1:0:1, 0:0:0:0:0, 4:0:0:0:2, 1:0:0:0:1, 2:0:0:0:3, 2:0:0:0:1, 2:0:0:0:1, 2:0:0:0:1, 2:2:2:0:3, 1:0:0:0:0, 1:0:0:0:1, 3:0:0:0:2, 1:0:0:0:0, 0:0:0:0:0, 5:0:0:0:4, 1:0:0:0:1, 2:0:0:0:3, 2:0:0:0:3, 2:0:0:0:3, 3:0:0:0:2, 1:1:1:0:1, 3:0:0:0:2, 1:0:0:0:0, 2:0:0:0:1, 3:0:1:0:2, 0:0:0:0:0, 4:0:0:0:5, 1:0:0:0:1, 3:0:0:0:3, 2:0:0:0:1, 2:0:0:0:1, 2:0:0:0:1, 2:0:0:0:2, 3:0:0:0:2, 1:0:0:0:0, 1:0:0:0:1, 2:0:0:0:1, 0:0:0:0:0, 3:0:0:0:2, 1:0:0:0:1, 4:0:0:0:5, 2:0:0:0:2, 3:0:0:0:3, 4:0:0:0:3, 3:0:0:0:4, 3:0:0:0:3, 3:0:0:0:4, 3:0:1:0:2, 3:0:0:0:2, 1:0:0:0:1, 5:0:0:0:6, 1:0:0:0:1, 3:0:0:0:2, 2:0:0:0:1, 3:0:0:0:2, 2:0:0:0:1, 3:1:1:0:2, 1:0:0:0:0, 3:1:1:0:2, 3:0:0:0:2, 1:0:0:0:0, 0:0:0:0:0, 3:0:0:0:3, 2:0:0:0:1, 3:0:0:0:2, 2:0:0:0:1, 2:0:0:0:1, 2:0:0:0:1, 2:0:0:0:2, 3:0:0:0:2, 1:0:0:0:0, 1:0:0:0:1, 2:0:0:0:1, 1:0:0:0:1, 3:0:0:0:2, 1:0:0:0:1, 4:0:0:0:5, 2:0:0:0:2, 3:1:1:0:3, 4:0:0:0:3, 3:0:0:0:4, 3:0:0:0:3, 3:0:0:0:4, 3:0:1:0:2, 3:0:0:0:2, 1:0:0:0:1, 5:0:0:0:6, 1:0:0:0:1, 3:0:0:0:2, 2:0:0:0:1, 3:0:0:0:2, 2:0:0:0:1, 3:0:0:0:1, 1:1:1:0:1, 3:1:1:0:2, 2:0:0:0:1, 1:0:0:0:0, 0:0:0:0:0, 3:0:0:0:3, 2:0:0:0:1, 3:0:0:0:2, 2:0:0:0:1, 2:0:0:0:1, 2:0:0:0:1, 1:0:0:0:1, 2:0:0:0:1, 2:0:0:0:2, 2:0:0:0:1, 2:0:0:0:1, 0:0:0:0:0, 4:0:0:0:3, 1:0:0:0:1, 3:0:0:0:3, 2:0:0:0:2, 2:0:0:0:1, 2:0:0:0:1, 5:0:0:0:3, 4:0:0:0:3, 3:0:0:0:2, 2:0:0:0:2, 4:0:0:0:3, 1:0:0:0:1, 4:0:0:0:4, 0:0:0:0:0, 2:0:0:0:1, 2:0:0:0:1, 0:0:0:0:0, 3:0:0:0:2, 3:0:0:0:2, 0:0:0:0:0, 0:0:0:0:0, 0:0:0:0:0, 0:0:0:0:0, 0:0:0:0:0, 355:9:14:0:272
D# minor blues (6#), 1:0:0:0:0, 1:0:0:0:2, 3:0:0:0:1, 3:1:0:0:2, 1:0:0:0:2, 2:1:0:0:3, 2:1:0:0:3, 2:0:0:0:1, 3:1:0:0:2, 1:1:0:0:1, 4:1:1:0:4, 4:2:0:0:4, 1:0:0:0:1, 1:0:0:0:2, 3:0:0:0:1, 4:1:0:0:2, 3:0:0:0:2, 4:1:0:0:3, 3:1:0:0:3, 2:0:0:0:1, 2:1:0:0:2, 2:1:0:0:2, 1:0:0:0:3, 4:2:0:0:4, 1:0:0:0:1, 3:1:0:0:2, 3:0:0:0:2, 4:0:0:0:2, 2:0:0:0:1, 3:1:0:0:1, 4:1:0:0:2, 5:0:0:0:2, 3:0:0:0:1, 1:1:0:0:1, 3:0:0:0:2, 2:0:0:0:1, 3:0:0:0:2, 4:0:0:0:1, 4:0:0:0:3, 2:0:0:0:1, 4:0:0:0:2, 2:1:1:0:1, 3:1:0:0:2, 4:0:0:0:2, 3:0:0:0:1, 1:1:0:0:1, 3:0:0:0:2, 2:0:0:0:1, 2:0:0:0:2, 2:0:0:0:1, 3:0:0:0:2, 2:0:0:0:1, 3:0:0:0:3, 2:1:1:0:1, 3:2:0:0:2, 4:0:0:0:2, 2:0:2:0:1, 1:1:0:0:1, 5:0:0:0:2, 2:0:0:0:1, 2:0:0:0:2, 4:0:0:0:1, 3:0:0:0:2, 4:0:0:0:2, 3:0:0:0:2, 3:1:0:0:1, 2:1:0:0:2, 4:0:0:0:2, 4:0:0:0:1, 1:1:0:0:1, 3:0:0:0:2, 2:0:0:0:1, 3:0:0:0:2, 2:0:0:0:1, 3:0:0:0:2, 4:0:0:0:2, 4:0:0:0:1, 3:1:0:0:1, 2:1:0:0:2, 2:0:0:0:1, 3:0:0:0:4, 1:1:0:0:1, 4:0:0:0:2, 2:0:0:0:1, 4:0:0:0:3, 4:0:0:0:1, 4:0:0:0:2, 5:0:0:0:4, 4:0:0:0:2, 5:1:0:0:1, 4:1:0:0:3, 4:0:0:0:1, 4:0:2:0:1, 2:2:1:0:2, 5:0:0:0:2, 3:0:0:0:1, 2:0:0:0:2, 3:0:0:0:2, 4:0:1:0:1, 3:0:0:0:2, 3:0:0:0:2, 2:1:1:0:1, 4:1:0:0:2, 4:0:0:0:2, 2:0:0:0:3, 1:1:0:0:1, 3:0:0:0:2, 4:0:0:0:2, 2:0:0:0:2, 2:0:0:0:1, 3:0:0:0:2, 4:0:0:0:2, 4:0:0:0:1, 3:1:0:0:1, 2:1:0:0:2, 2:0:0:0:1, 3:0:0:0:4, 2:1:0:0:1, 4:0:0:0:2, 2:0:0:0:1, 4:0:0:0:3, 4:0:0:0:1, 4:0:0:0:2, 5:0:0:0:4, 4:0:0:0:2, 5:1:0:0:1, 4:1:0:0:3, 4:0:0:0:1, 4:0:2:0:1, 2:2:1:0:2, 5:0:0:0:2, 3:0:0:0:1, 2:0:0:0:2, 3:0:0:0:2, 4:0:1:0:1, 3:0:0:0:2, 3:0:2:0:1, 3:1:1:0:1, 4:1:0:0:2, 3:0:0:0:2, 2:0:0:0:3, 1:1:0:0:1, 3:0:0:0:2, 4:0:0:0:2, 2:0:0:0:2, 2:0:0:0:1, 3:0:0:0:2, 4:0:0:0:2, 2:0:0:0:1, 2:1:0:0:1, 3:2:0:0:2, 3:0:0:0:2, 3:0:0:0:4, 1:1:0:0:1, 3:0:0:0:3, 2:0:0:0:1, 3:0:0:0:2, 4:0:0:0:1, 3:0:0:0:2, 2:0:0:0:2, 5:0:0:0:2, 5:1:0:0:2, 3:1:0:0:1, 3:1:0:0:2, 5:0:0:0:3, 2:1:0:0:1, 4:0:0:0:3, 1:1:0:0:1, 2:0:0:0:4, 0:0:0:0:0, 1:1:0:0:1, 2:0:0:0:1, 3:0:0:0:5, 2:1:0:0:2, 1:0:0:0:1, 0:0:0:0:0, 0:0:0:0:0, 0:0:0:0:0, 505:60:17:0:313
Gb dorian (6b), 1:0:0:0:1, 0:0:0:0:0, 3:0:0:0:2, 2:0:0:0:1, 0:0:0:0:0, 1:0:0:0:0, 1:0:0:0:0, 1:0:0:0:2, 2:0:0:0:1, 0:0:0:0:0, 4:0:0:0:3, 1:0:0:0:1, 0:0:0:0:0, 0:0:0:0:0, 3:0:0:0:2, 3:0:0:0:2, 2:0:0:0:2, 3:0:0:0:2, 2:0:0:0:1, 1:0:0:0:2, 1:0:0:0:0, 1:0:0:0:0, 1:0:0:0:0, 1:0:0:0:1, 0:0:0:0:0, 1:0:0:0:2, 2:0:0:0:1, 2:0:0:0:1, 1:0:0:0:1, 3:0:0:0:2, 2:0:0:0:1, 2:0:0:0:1, 2:0:1:0:1, 0:0:0:0:0, 4:0:0:0:2, 1:0:0:0:1, 2:0:0:0:3, 2:0:0:0:2, 3:0:0:0:3, 2:0:0:0:1, 3:1:1:0:3, 1:0:0:0:0, 2:0:0:0:0, 2:0:0:0:1, 2:0:1:0:1, 0:0:0:0:0, 4:0:0:0:2, 1:0:0:0:1, 2:0:0:0:3, 2:0:0:0:1, 2:0:0:0:1, 2:0:0:0:1, 2:2:2:0:3, 1:0:0:0:0, 1:0:0:0:1, 3:0:0:0:2, 1:0:0:0:0, 0:0:0:0:0, 5:0:0:0:4, 1:0:0:0:1, 2:0:0:0:3, 2:0:0:0:3, 2:0:0:0:3, 3:0:0:0:2, 1:1:1:0:1, 3:0:0:0:2, 1:0:0:0:0, 2:0:0:0:1, 3:0:1:0:2, 0:0:0:0:0, 4:0:0:0:5, 1:0:0:0:1, 3:0:0:0:3, 2:0:0:0:1, 2:0:0:0:1, 2:0:0:0:1, 2:0:0:0:2, 3:0:0:0:2, 1:0:0:0:0, 1:0:0:0:1, 2:0:0:0:1, 0:0:0:0:0, 3:0:0:0:2, 1:0:0:0:1, 4:0:0:0:5, 2:0:0:0:2, 3:0:0:0:3, 4:0:0:0:3, 3:0:0:0:4, 3:0:0:0:3, 3:0:0:0:4, 3:0:1:0:2, 3:0:0:0:2, 1:0:0:0:1, 5:0:0:0:6, 1:0:0:0:1, 3:0:0:0:2, 2:0:0:0:1, 3:0:0:0:2, 2:0:0:0:1, 3:1:1:0:2, 1:0:0:0:0, 3:1:1:0:2, 3:0:0:0:2, 1:0:0:0:0, 0:0:0:0:0, 3:0:0:0:3, 2:0:0:0:1, 3:0:0:0:2, 2:0:0:0:1, 2:0:0:0:1, 2:0:0:0:1, 2:0:0:0:2, 3:0:0:0:2, 1:0:0:0:0, 1:0:0:0:1, 2:0:0:0:1, 1:0:0:0:1, 3:0:0:0:2, 1:0:0:0:1, 4:0:0:0:5, 2:0:0:0:2, 3:1:1:0:3, 4:0:0:0:3, 3:0:0:0:4, 3:0:0:0:3, 3:0:0:0:4, 3:0:1:0:2, 3:0:0:0:2, 1:0:0:0:1, 5:0:0:0:6, 1:0:0:0:1, 3:0:0:0:2, 2:0:0:0:1, 3:0:0:0:2, 2:0:0:0:1, 3:0:0:0:1, 1:1:1:0:1, 3:1:1:0:2, 2:0:0:0:1, 1:0:0:0:0, 0:0:0:0:0, 3:0:0:0:3, 2:0:0:0:1, 3:0:0:0:2, 2:0:0:0:1, 2:0:0:0:1, 2:0:0:0:1, 1:0:0:0:1, 2:0:0:0:1, 2:0:0:0:2, 2:0:0:0:1, 2:0:0:0:1, 0:0:0:0:0, 4:0:0:0:3, 1:0:0:0:1, 3:0:0:0:3, 2:0:0:0:2, 2:0:0:0:1, 2:0:0:0:1, 5:0:0:0:3, 4:0:0:0:3, 3:0:0:0:2, 2:0:0:0:2, 4:0:0:0:3, 1:0:0:0:1, 4:0:0:0:4, 0:0:0:0:0, 2:0:0:0:1, 2:0:0:0:1, 0:0:0:0:0, 3:0:0:0:2, 3:0:0:0:2, 0:0:0:0:0, 0:0:0:0:0, 0:0:0:0:0, 0:0:0:0:0, 0:0:0:0:0, 355:9:14:0:272
F# dorian (6#), 1:0:0:0:0, 1:0:0:0:2, 3:0:0:0:1, 3:1:0:0:2, 1:0:0:0:2, 2:1:0:0:3, 2:1:0:0:3, 2:0:0:0:1, 3:1:0:0:2, 1:1:0:0:1, 4:1:1:0:4, 4:2:0:0:4, 1:0:0:0:1, 1:0:0:0:2, 3:0:0:0:1, 4:1:0:0:2, 3:0:0:0:2, 4:1:0:0:3, 3:1:0:0:3, 2:0:0:0:1, 2:1:0:0:2, 2:1:0:0:2, 1:0:0:0:3, 4:2:0:0:4, 1:0:0:0:1, 3:1:0:0:2, 3:0:0:0:2, 4:0:0:0:2, 2:0:0:0:1, 3:1:0:0:1, 4:1:0:0:2, 5:0:0:0:2, 3:0:0:0:1, 1:1:0:0:1, 3:0:0:0:2, 2:0:0:0:1, 3:0:0:0:2, 4:0:0:0:1, 4:0:0:0:3, 2:0:0:0:1, 4:0:0:0:2, 2:1:1:0:1, 3:1:0:0:2, 4:0:0:0:2, 3:0:0:0:1, 1:1:0:0:1, 3:0:0:0:2, 2:0:0:0:1, 2:0:0:0:2, 2:0:0:0:1, 3:0:0:0:2, 2:0:0:0:1, 3:0:0:0:3, 2:1:1:0:1, 3:2:0:0:2, 4:0:0:0:2, 2:0:2:0:1, 1:1:0:0:1, 5:0:0:0:2, 2:0:0:0:1, 2:0:0:0:2, 4:0:0:0:1, 3:0:0:0:2, 4:0:0:0:2, 3:0:0:0:2, 3:1:0:0:1, 2:1:0:0:2, 4:0:0:0:2, 4:0:0:0:1, 1:1:0:0:1, 3:0:0:0:2, 2:0:0:0:1, 3:0:0:0:2, 2:0:0:0:1, 3:0:0:0:2, 4:0:0:0:2, 4:0:0:0:1, 3:1:0:0:1, 2:1:0:0:2, 2:0:0:0:1, 3:0:0:0:4, 1:1:0:0:1, 4:0:0:0:2, 2:0:0:0:1, 4:0:0:0:3, 4:0:0:0:1, 4:0:0:0:2, 5:0:0:0:4, 4:0:0:0:2, 5:1:0:0:1, 4:1:0:0:3, 4:0:0:0:1, 4:0:2:0:1, 2:2:1:0:2, 5:0:0:0:2, 3:0:0:0:1, 2:0:0:0:2, 3:0:0:0:2, 4:0:1:0:1, 3:0:0:0:2, 3:0:0:0:2, 2:1:1:0:1, 4:1:0:0:2, 4:0:0:0:2, 2:0:0:0:3, 1:1:0:0:1, 3:0:0:0:2, 4:0:0:0:2, 2:0:0:0:2, 2:0:0:0:1, 3:0:0:0:2, 4:0:0:0:2, 4:0:0:0:1, 3:1:0:0:1, 2:1:0:0:2, 2:0:0:0:1, 3:0:0:0:4, 2:1:0:0:1, 4:0:0:0:2, 2:0:0:0:1, 4:0:0:0:3, 4:0:0:0:1, 4:0:0:0:2, 5:0:0:0:4, 4:0:0:0:2, 5:1:0:0:1, 4:1:0:0:3, 4:0:0:0:1, 4:0:2:0:1, 2:2:1:0:2, 5:0:0:0:2, 3:0:0:0:1, 2:0:0:0:2, 3:0:0:0:2, 4:0:1:0:1, 3:0:0:0:2, 3:0:2:0:1, 3:1:1:0:1, 4:1:0:0:2, 3:0:0:0:2, 2:0:0:0:3, 1:1:0:0:1, 3:0:0:0:2, 4:0:0:0:2, 2:0:0:0:2, 2:0:0:0:1, 3:0:0:0:2, 4:0:0:0:2, 2:0:0:0:1, 2:1:0:0:1, 3:2:0:0:2, 3:0:0:0:2, 3:0:0:0:4, 1:1:0:0:1, 3:0:0:0:3, 2:0:0:0:1, 3:0:0:0:2, 4:0:0:0:1, 3:0:0:0:2, 2:0:0:0:2, 5:0:0:0:2, 5:1:0:0:2, 3:1:0:0:1, 3:1:0:0:2, 5:0:0:0:3, 2:1:0:0:1, 4:0:0:0:3, 1:1:0:0:1, 2:0:0:0:4, 0:0:0:0:0, 1:1:0:0:1, 2:0:0:0:1, 3:0:0:0:5, 2:1:0:0:2, 1:0:0:0:1, 0:0:0:0:0, 0:0:0:0:0, 0:0:0:0:0, 505:60:17:0:313
Gb phrygian (6b), 1:0:0:0:1, 0:0:0:0:0, 3:0:0:0:2, 2:0:0:0:1, 0:0:0:0:0, 1:0:0:0:0, 1:0:0:0:0, 1:0:0:0:2, 2:0:0:0:1, 0:0:0:0:0, 4:0:0:0:3, 1:0:0:0:1, 0:0:0:0:0, 0:0:0:0:0, 3:0:0:0:2, 3:0:0:0:2, 2:0:0:0:2, 3:0:0:0:2, 2:0:0:0:1, 1:0:0:0:2, 1:0:0:0:0, 1:0:0:0:0, 1:0:0:0:0, 1:0:0:0:1, 0:0:0:0:0, 1:0:0:0:2, 2:0:0:0:1, 2:0:0:0:1, 1:0:0:0:1, 3:0:0:0:2, 2:0:0:0:1, 2:0:0:0:1, 2:0:1:0:1, 0:0:0:0:0, 4:0:0:0:2, 1:0:0:0:1, 2:0:0:0:3, 2:0:0:0:2, 3:0:0:0:3, 2:0:0:0:1, 3:1:1:0:3, 1:0:0:0:0, 2:0:0:0:0, 2:0:0:0:1, 2:0:1:0:1, 0:0:0:0:0, 4:0:0:0:2, 1:0:0:0:1, 2:0:0:0:3, 2:0:0:0:1, 2:0:0:0:1, 2:0:0:0:1, 2:2:2:0:3, 1:0:0:0:0, 1:0:0:0:1, 3:0:0:0:2, 1:0:0:0:0, 0:0:0:0:0, 5:0:0:0:4, 1:0:0:0:1, 2:0:0:0:3, 2:0:0:0:3, 2:0:0:0:3, 3:0:0:0:2, 1:1:1:0:1, 3:0:0:0:2, 1:0:0:0:0, 2:0:0:0:1, 3:0:1:0:2, 0:0:0:0:0, 4:0:0:0:5, 1:0:0:0:1, 3:0:0:0:3, 2:0:0:0:1, 2:0:0:0:1, 2:0:0:0:1, 2:0:0:0:2, 3:0:0:0:2, 1:0:0:0:0, 1:0:0:0:1, 2:0:0:0:1, 0:0:0:0:0, 3:0:0:0:2, 1:0:0:0:1, 4:0:0:0:5, 2:0:0:0:2, 3:0:0:0:3, 4:0:0:0:3, 3:0:0:0:4, 3:0:0:0:3, 3:0:0:0:4, 3:0:1:0:2, 3:0:0:0:2, 1:0:0:0:1, 5:0:0:0:6, 1:0:0:0:1, 3:0:0:0:2, 2:0:0:0:1, 3:0:0:0:2, 2:0:0:0:1, 3:1:1:0:2, 1:0:0:0:0, 3:1:1:0:2, 3:0:0:0:2, 1:0:0:0:0, 0:0:0:0:0, 3:0:0:0:3, 2:0:0:0:1, 3:0:0:0:2, 2:0:0:0:1, 2:0:0:0:1, 2:0:0:0:1, 2:0:0:0:2, 3:0:0:0:2, 1:0:0:0:0, 1:0:0:0:1, 2:0:0:0:1, 1:0:0:0:1, 3:0:0:0:2, 1:0:0:0:1, 4:0:0:0:5, 2:0:0:0:2, 3:1:1:0:3, 4:0:0:0:3, 3:0:0:0:4, 3:0:0:0:3, 3:0:0:0:4, 3:0:1:0:2, 3:0:0:0:2, 1:0:0:0:1, 5:0:0:0:6, 1:0:0:0:1, 3:0:0:0:2, 2:0:0:0:1, 3:0:0:0:2, 2:0:0:0:1, 3:0:0:0:1, 1:1:1:0:1, 3:1:1:0:2, 2:0:0:0:1, 1:0:0:0:0, 0:0:0:0:0, 3:0:0:0:3, 2:0:0:0:1, 3:0:0:0:2, 2:0:0:0:1, 2:0:0:0:1, 2:0:0:0:1, 1:0:0:0:1, 2:0:0:0:1, 2:0:0:0:2, 2:0:0:0:1, 2:0:0:0:1, 0:0:0:0:0, 4:0:0:0:3, 1:0:0:0:1, 3:0:0:0:3, 2:0:0:0:2, 2:0:0:0:1, 2:0:0:0:1, 5:0:0:0:3, 4:0:0:0:3, 3:0:0:0:2, 2:0:0:0:2, 4:0:0:0:3, 1:0:0:0:1, 4:0:0:0:4, 0:0:0:0:0, 2:0:0:0:1, 2:0:0:0:1, 0:0:0:0:0, 3:0:0:0:2, 3:0:0:0:2, 0:0:0:0:0, 0:0:0:0:0, 0:0:0:0:0, 0:0:0:0:0, 0:0:0:0:0, 355:9:14:0:272
F# phrygian (6#), 1:0:0:0:0, 1:0:0:0:2, 3:0:0:0:1, 3:1:0:0:2, 1:0:0:0:2, 2:1:0:0:3, 2:1:0:0:3, 2:0:0:0:1, 3:1:0:0:2, 1:1:0:0:1, 4:1:1:0:4, 4:2:0:0:4, 1:0:0:0:1, 1:0:0:0:2, 3:0:0:0:1, 4:1:0:0:2, 3:0:0:0:2, 4:1:0:0:3, 3:1:0:0:3, 2:0:0:0:1, 2:1:0:0:2, 2:1:0:0:2, 1:0:0:0:3, 4:2:0:0:4, 1:0:0:0:1, 3:1:0:0:2, 3:0:0:0:2, 4:0:0:0:2, 2:0:0:0:1, 3:1:0:0:1, 4:1:0:0:2, 5:0:0:0:2, 3:0:0:0:1, 1:1:0:0:1, 3:0:0:0:2, 2:0:0:0:1, 3:0:0:0:2, 4:0:0:0:1, 4:0:0:0:3, 2:0:0:0:1, 4:0:0:0:2, 2:1:1:0:1, 3:1:0:0:2, 4:0:0:0:2, 3:0:0:0:1, 1:1:0:0:1, 3:0:0:0:2, 2:0:0:0:1, 2:0:0:0:2, 2:0:0:0:1, 3:0:0:0:2, 2:0:0:0:1, 3:0:0:0:3, 2:1:1:0:1, 3:2:0:0:2, 4:0:0:0:2, 2:0:2:0:1, 1:1:0:0:1, 5:0:0:0:2, 2:0:0:0:1, 2:0:0:0:2, 4:0:0:0:1, 3:0:0:0:2, 4:0:0:0:2, 3:0:0:0:2, 3:1:0:0:1, 2:1:0:0:2, 4:0:0:0:2, 4:0:0:0:1, 1:1:0:0:1, 3:0:0:0:2, 2:0:0:0:1, 3:0:0:0:2, 2:0:0:0:1, 3:0:0:0:2, 4:0:0:0:2, 4:0:0:0:1, 3:1:0:0:1, 2:1:0:0:2, 2:0:0:0:1, 3:0:0:0:4, 1:1:0:0:1, 4:0:0:0:2, 2:0:0:0:1, 4:0:0:0:3, 4:0:0:0:1, 4:0:0:0:2, 5:0:0:0:4, 4:0:0:0:2, 5:1:0:0:1, 4:1:0:0:3, 4:0:0:0:1, 4:0:2:0:1, 2:2:1:0:2, 5:0:0:0:2, 3:0:0:0:1, 2:0:0:0:2, 3:0:0:0:2, 4:0:1:0:1, 3:0:0:0:2, 3:0:0:0:2, 2:1:1:0:1, 4:1:0:0:2, 4:0:0:0:2, 2:0:0:0:3, 1:1:0:0:1, 3:0:0:0:2, 4:0:0:0:2, 2:0:0:0:2, 2:0:0:0:1, 3:0:0:0:2, 4:0:0:0:2, 4:0:0:0:1, 3:1:0:0:1, 2:1:0:0:2, 2:0:0:0:1, 3:0:0:0:4, 2:1:0:0:1, 4:0:0:0:2, 2:0:0:0:1, 4:0:0:0:3, 4:0:0:0:1, 4:0:0:0:2, 5:0:0:0:4, 4:0:0:0:2, 5:1:0:0:1, 4:1:0:0:3, 4:0:0:0:1, 4:0:2:0:1, 2:2:1:0:2, 5:0:0:0:2, 3:0:0:0:1, 2:0:0:0:2, 3:0:0:0:2, 4:0:1:0:1, 3:0:0:0:2, 3:0:2:0:1, 3:1:1:0:1, 4:1:0:0:2, 3:0:0:0:2, 2:0:0:0:3, 1:1:0:0:1, 3:0:0:0:2, 4:0:0:0:2, 2:0:0:0:2, 2:0:0:0:1, 3:0:0:0:2, 4:0:0:0:2, 2:0:0:0:1, 2:1:0:0:1, 3:2:0:0:2, 3:0:0:0:2, 3:0:0:0:4, 1:1:0:0:1, 3:0:0:0:3, 2:0:0:0:1, 3:0:0:0:2, 4:0:0:0:1, 3:0:0:0:2, 2:0:0:0:2, 5:0:0:0:2, 5:1:0:0:2, 3:1:0:0:1, 3:1:0:0:2, 5:0:0:0:3, 2:1:0:0:1, 4:0:0:0:3, 1:1:0:0:1, 2:0:0:0:4, 0:0:0:0:0, 1:1:0:0:1, 2:0:0:0:1, 3:0:0:0:5, 2:1:0:0:2, 1:0:0:0:1, 0:0:0:0:0, 0:0:0:0:0, 0:0:0:0:0, 505:60:17:0:313
Gb lydian (6b), 1:0:0:0:1, 0:0:0:0:0, 3:0:0:0:2, 2:0:0:0:1, 0:0:0:0:0, 1:0:0:0:0, 1:0:0:0:0, 1:0:0:0:2, 2:0:0:0:1, 0:0:0:0:0, 4:0:0:0:3, 1:0:0:0:1, 0:0:0:0:0, 0:0:0:0:0, 3:0:0:0:2, 3:0:0:0:2, 2:0:0:0:2, 3:0:0:0:2, 2:0:0:0:1, 1:0:0:0:2, 1:0:0:0:0, 1:0:0:0:0, 1:0:0:0:0, 1:0:0:0:1, 0:0:0:0:0, 1:0:0:0:2, 2:0:0:0:1, 2:0:0:0:1, 1:0:0:0:1, 3:0:0:0:2, 2:0:0:0:1, 2:0:0:0:1, 2:0:1:0:1, 0:0:0:0:0, 4:0:0:0:2, 1:0:0:0:1, 2:0:0:0:3, 2:0:0:0:2, 3:0:0:0:3, 2:0:0:0:1, 3:1:1:0:3, 1:0:0:0:0, 2:0:0:0:0, 2:0:0:0:1, 2:0:1:0:1, 0:0:0:0:0, 4:0:0:0:2, 1:0:0:0:1, 2:0:0:0:3, 2:0:0:0:1, 2:0:0:0:1, 2:0:0:0:1, 2:2:2:0:3, 1:0:0:0:0, 1:0:0:0:1, 3:0:0:0:2, 1:0:0:0:0, 0:0:0:0:0, 5:0:0:0:4, 1:0:0:0:1, 2:0:0:0:3, 2:0:0:0:3, 2:0:0:0:3, 3:0:0:0:2, 1:1:1:0:1, 3:0:0:0:2, 1:0:0:0:0, 2:0:0:0:1, 3:0:1:0:2, 0:0:0:0:0, 4:0:0:0:5, 1:0:0:0:1, 3:0:0:0:3, 2:0:0:0:1, 2:0:0:0:1, 2:0:0:0:1, 2:0:0:0:2, 3:0:0:0:2, 1:0:0:0:0, 1:0:0:0:1, 2:0:0:0:1, 0:0:0:0:0, 3:0:0:0:2, 1:0:0:0:1, 4:0:0:0:5, 2:0:0:0:2, 3:0:0:0:3, 4:0:0:0:3, 3:0:0:0:4, 3:0:0:0:3, 3:0:0:0:4, 3:0:1:0:2, 3:0:0:0:2, 1:0:0:0:1, 5:0:0:0:6, 1:0:0:0:1, 3:0:0:0:2, 2:0:0:0:1, 3:0:0:0:2, 2:0:0:0:1, 3:1:1:0:2, 1:0:0:0:0, 3:1:1:0:2, 3:0:0:0:2, 1:0:0:0:0, 0:0:0:0:0, 3:0:0:0:3, 2:0:0:0:1, 3:0:0:0:2, 2:0:0:0:1, 2:0:0:0:1, 2:0:0:0:1, 2:0:0:0:2, 3:0:0:0:2, 1:0:0:0:0, 1:0:0:0:1, 2:0:0:0:1, 1:0:0:0:1, 3:0:0:0:2, 1:0:0:0:1, 4:0:0:0:5, 2:0:0:0:2, 3:1:1:0:3, 4:0:0:0:3, 3:0:0:0:4, 3:0:0:0:3, 3:0:0:0:4, 3:0:1:0:2, 3:0:0:0:2, 1:0:0:0:1, 5:0:0:0:6, 1:0:0:0:1, 3:0:0:0:2, 2:0:0:0:1, 3:0:0:0:2, 2:0:0:0:1, 3:0:0:0:1, 1:1:1:0:1, 3:1:1:0:2, 2:0:0:0:1, 1:0:0:0:0, 0:0:0:0:0, 3:0:0:0:3, 2:0:0:0:1, 3:0:0:0:2, 2:0:0:0:1, 2:0:0:0:1, 2:0:0:0:1, 1:0:0:0:1, 2:0:0:0:1, 2:0:0:0:2, 2:0:0:0:1, 2:0:0:0:1, 0:0:0:0:0, 4:0:0:0:3, 1:0:0:0:1, 3:0:0:0:3, 2:0:0:0:2, 2:0:0:0:1, 2:0:0:0:1, 5:0:0:0:3, 4:0:0:0:3, 3:0:0:0:2, 2:0:0:0:2, 4:0:0:0:3, 1:0:0:0:1, 4:0:0:0:4, 0:0:0:0:0, 2:0:0:0:1, 2:0:0:0:1, 0:0:0:0:0, 3:0:0:0:2, 3:0:0:0:2, 0:0:0:0:0, 0:0:0:0:0, 0:0:0:0:0, 0:0:0:0:0, 0:0:0:0:0, 355:9:14:0:272
F# lydian (6#), 1:0:0:0:0, 1:0:0:0:2, 3:0:0:0:1, 3:1:0:0:2, 1:0:0:0:2, 2:1:0:0:3, 2:1:0:0:3, 2:0:0:0:1, 3:1:0:0:2, 1:1:0:0:1, 4:1:1:0:4, 4:2:0:0:4, 1:0:0:0:1, 1:0:0:0:2, 3:0:0:0:1, 4:1:0:0:2, 3:0:0:0:2, 4:1:0:0:3, 3:1:0:0:3, 2:0:0:0:1, 2:1:0:0:2, 2:1:0:0:2, 1:0:0:0:3, 4:2:0:0:4, 1:0:0:0:1, 3:1:0:0:2, 3:0:0:0:2, 4:0:0:0:2, 2:0:0:0:1, 3:1:0:0:1, 4:1:0:0:2, 5:0:0:0:2, 3:0:0:0:1, 1:1:0:0:1, 3:0:0:0:2, 2:0:0:0:1, 3:0:0:0:2, 4:0:0:0:1, 4:0:0:0:3, 2:0:0:0:1, 4:0:0:0:2, 2:1:1:0:1, 3:1:0:0:2, 4:0:0:0:2, 3:0:0:0:1, 1:1:0:0:1, 3:0:0:0:2, 2:0:0:0:1, 2:0:0:0:2, 2:0:0:0:1, 3:0:0:0:2, 2:0:0:0:1, 3:0:0:0:3, 2:1:1:0:1, 3:2:0:0:2, 4:0:0:0:2, 2:0:2:0:1, 1:1:0:0:1, 5:0:0:0:2, 2:0:0:0:1, 2:0:0:0:2, 4:0:0:0:1, 3:0:0:0:2, 4:0:0:0:2, 3:0:0:0:2, 3:1:0:0:1, 2:1:0:0:2, 4:0:0:0:2, 4:0:0:0:1, 1:1:0:0:1, 3:0:0:0:2, 2:0:0:0:1, 3:0:0:0:2, 2:0:0:0:1, 3:0:0:0:2, 4:0:0:0:2, 4:0:0:0:1, 3:1:0:0:1, 2:1:0:0:2, 2:0:0:0:1, 3:0:0:0:4, 1:1:0:0:1, 4:0:0:0:2, 2:0:0:0:1, 4:0:0:0:3, 4:0:0:0:1, 4:0:0:0:2, 5:0:0:0:4, 4:0:0:0:2, 5:1:0:0:1, 4:1:0:0:3, 4:0:0:0:1, 4:0:2:0:1, 2:2:1:0:2, 5:0:0:0:2, 3:0:0:0:1, 2:0:0:0:2, 3:0:0:0:2, 4:0:1:0:1, 3:0:0:0:2, 3:0:0:0:2, 2:1:1:0:1, 4:1:0:0:2, 4:0:0:0:2, 2:0:0:0:3, 1:1:0:0:1, 3:0:0:0:2, 4:0:0:0:2, 2:0:0:0:2, 2:0:0:0:1, 3:0:0:0:2, 4:0:0:0:2, 4:0:0:0:1, 3:1:0:0:1, 2:1:0:0:2, 2:0:0:0:1, 3:0:0:0:4, 2:1:0:0:1, 4:0:0:0:2, 2:0:0:0:1, 4:0:0:0:3, 4:0:0:0:1, 4:0:0:0:2, 5:0:0:0:4, 4:0:0:0:2, 5:1:0:0:1, 4:1:0:0:3, 4:0:0:0:1, 4:0:2:0:1, 2:2:1:0:2, 5:0:0:0:2, 3:0:0:0:1, 2:0:0:0:2, 3:0:0:0:2, 4:0:1:0:1, 3:0:0:0:2, 3:0:2:0:1, 3:1:1:0:1, 4:1:0:0:2, 3:0:0:0:2, 2:0:0:0:3, 1:1:0:0:1, 3:0:0:0:2, 4:0:0:0:2, 2:0:0:0:2, 2:0:0:0:1, 3:0:0:0:2, 4:0:0:0:2, 2:0:0:0:1, 2:1:0:0:1, 3:2:0:0:2, 3:0:0:0:2, 3:0:0:0:4, 1:1:0:0:1, 3:0:0:0:3, 2:0:0:0:1, 3:0:0:0:2, 4:0:0:0:1, 3:0:0:0:2, 2:0:0:0:2, 5:0:0:0:2, 5:1:0:0:2, 3:1:0:0:1, 3:1:0:0:2, 5:0:0:0:3, 2:1:0:0:1, 4:0:0:0:3, 1:1:0:0:1, 2:0:0:0:4, 0:0:0:0:0, 1:1:0:0:1, 2:0:0:0:1, 3:0:0:0:5, 2:1:0:0:2, 1:0:0:0:1, 0:0:0:0:0, 0:0:0:0:0, 0:0:0:0:0, 505:60:17:0:313
Gb mixolydian (6b), 1:0:0:0:1, 0:0:0:0:0, 3:0:0:0:2, 2:0:0:0:1, 0:0:0:0:0, 1:0:0:0:0, 1:0:0:0:0, 1:0:0:0:2, 2:0:0:0:1, 0:0:0:0:0, 4:0:0:0:3, 1:0:0:0:1, 0:0:0:0:0, 0:0:0:0:0, 3:0:0:0:2, 3:0:0:0:2, 2:0:0:0:2, 3:0:0:0:2, 2:0:0:0:1, 1:0:0:0:2, 1:0:0:0:0, 1:0:0:0:0, 1:0:0:0:0, 1:0:0:0:1, 0:0:0:0:0, 1:0:0:0:2, 2:0:0:0:1, 2:0:0:0:1, 1:0:0:0:1, 3:0:0:0:2, 2:0:0:0:1, 2:0:0:0:1, 2:0:1:0:1, 0:0:0:0:0, 4:0:0:0:2, 1:0:0:0:1, 2:0:0:0:3, 2:0:0:0:2, 3:0:0:0:3, 2:0:0:0:1, 3:1:1:0:3, 1:0:0:0:0, 2:0:0:0:0, 2:0:0:0:1, 2:0:1:0:1, 0:0:0:0:0, 4:0:0:0:2, 1:0:0:0:1, 2:0:0:0:3, 2:0:0:0:1, 2:0:0:0:1, 2:0:0:0:1, 2:2:2:0:3, 1:0:0:0:0, 1:0:0:0:1, 3:0:0:0:2, 1:0:0:0:0, 0:0:0:0:0, 5:0:0:0:4, 1:0:0:0:1, 2:0:0:0:3, 2:0:0:0:3, 2:0:0:0:3, 3:0:0:0:2, 1:1:1:0:1, 3:0:0:0:2, 1:0:0:0:0, 2:0:0:0:1, 3:0:1:0:2, 0:0:0:0:0, 4:0:0:0:5, 1:0:0:0:1, 3:0:0:0:3, 2:0:0:0:1, 2:0:0:0:1, 2:0:0:0:1, 2:0:0:0:2, 3:0:0:0:2, 1:0:0:0:0, 1:0:0:0:1, 2:0:0:0:1, 0:0:0:0:0, 3:0:0:0:2, 1:0:0:0:1, 4:0:0:0:5, 2:0:0:0:2, 3:0:0:0:3, 4:0:0:0:3, 3:0:0:0:4, 3:0:0:0:3, 3:0:0:0:4, 3:0:1:0:2, 3:0:0:0:2, 1:0:0:0:1, 5:0:0:0:6, 1:0:0:0:1, 3:0:0:0:2, 2:0:0:0:1, 3:0:0:0:2, 2:0:0:0:1, 3:1:1:0:2, 1:0:0:0:0, 3:1:1:0:2, 3:0:0:0:2, 1:0:0:0:0, 0:0:0:0:0, 3:0:0:0:3, 2:0:0:0:1, 3:0:0:0:2, 2:0:0:0:1, 2:0:0:0:1, 2:0:0:0:1, 2:0:0:0:2, 3:0:0:0:2, 1:0:0:0:0, 1:0:0:0:1, 2:0:0:0:1, 1:0:0:0:1, 3:0:0:0:2, 1:0:0:0:1, 4:0:0:0:5, 2:0:0:0:2, 3:1:1:0:3, 4:0:0:0:3, 3:0:0:0:4, 3:0:0:0:3, 3:0:0:0:4, 3:0:1:0:2, 3:0:0:0:2, 1:0:0:0:1, 5:0:0:0:6, 1:0:0:0:1, 3:0:0:0:2, 2:0:0:0:1, 3:0:0:0:2, 2:0:0:0:1, 3:0:0:0:1, 1:1:1:0:1, 3:1:1:0:2, 2:0:0:0:1, 1:0:0:0:0, 0:0:0:0:0, 3:0:0:0:3, 2:0:0:0:1, 3:0:0:0:2, 2:0:0:0:1, 2:0:0:0:1, 2:0:0:0:1, 1:0:0:0:1, 2:0:0:0:1, 2:0:0:0:2, 2:0:0:0:1, 2:0:0:0:1, 0:0:0:0:0, 4:0:0:0:3, 1:0:0:0:1, 3:0:0:0:3, 2:0:0:0:2, 2:0:0:0:1, 2:0:0:0:1, 5:0:0:0:3, 4:0:0:0:3, 3:0:0:0:2, 2:0:0:0:2, 4:0:0:0:3, 1:0:0:0:1, 4:0:0:0:4, 0:0:0:0:0, 2:0:0:0:1, 2:0:0:0:1, 0:0:0:0:0, 3:0:0:0:2, 3:0:0:0:2, 0:0:0:0:0, 0:0:0:0:0, 0:0:0:0:0, 0:0:0:0:0, 0:0:0:0:0, 355:9:14:0:272
F# mixolydian (6#), 1:0:0:0:0, 1:0:0:0:2, 3:0:0:0:1, 3:1:0:0:2, 1:0:0:0:2, 2:1:0:0:3, 2:1:0:0:3, 2:0:0:0:1, 3:1:0:0:2, 1:1:0:0:1, 4:1:1:0:4, 4:2:0:0:4, 1:0:0:0:1, 1:0:0:0:2, 3:0:0:0:1, 4:1:0:0:2, 3:0:0:0:2, 4:1:0:0:3, 3:1:0:0:3, 2:0:0:0:1, 2:1:0:0:2, 2:1:0:0:2, 1:0:0:0:3, 4:2:0:0:4, 1:0:0:0:1, 3:1:0:0:2, 3:0:0:0:2, 4:0:0:0:2, 2:0:0:0:1, 3:1:0:0:1, 4:1:0:0:2, 5:0:0:0:2, 3:0:0:0:1, 1:1:0:0:1, 3:0:0:0:2, 2:0:0:0:1, 3:0:0:0:2, 4:0:0:0:1, 4:0:0:0:3, 2:0:0:0:1, 4:0:0:0:2, 2:1:1:0:1, 3:1:0:0:2, 4:0:0:0:2, 3:0:0:0:1, 1:1:0:0:1, 3:0:0:0:2, 2:0:0:0:1, 2:0:0:0:2, 2:0:0:0:1, 3:0:0:0:2, 2:0:0:0:1, 3:0:0:0:3, 2:1:1:0:1, 3:2:0:0:2, 4:0:0:0:2, 2:0:2:0:1, 1:1:0:0:1, 5:0:0:0:2, 2:0:0:0:1, 2:0:0:0:2, 4:0:0:0:1, 3:0:0:0:2, 4:0:0:0:2, 3:0:0:0:2, 3:1:0:0:1, 2:1:0:0:2, 4:0:0:0:2, 4:0:0:0:1, 1:1:0:0:1, 3:0:0:0:2, 2:0:0:0:1, 3:0:0:0:2, 2:0:0:0:1, 3:0:0:0:2, 4:0:0:0:2, 4:0:0:0:1, 3:1:0:0:1, 2:1:0:0:2, 2:0:0:0:1, 3:0:0:0:4, 1:1:0:0:1, 4:0:0:0:2, 2:0:0:0:1, 4:0:0:0:3, 4:0:0:0:1, 4:0:0:0:2, 5:0:0:0:4, 4:0:0:0:2, 5:1:0:0:1, 4:1:0:0:3, 4:0:0:0:1, 4:0:2:0:1, 2:2:1:0:2, 5:0:0:0:2, 3:0:0:0:1, 2:0:0:0:2, 3:0:0:0:2, 4:0:1:0:1, 3:0:0:0:2, 3:0:0:0:2, 2:1:1:0:1, 4:1:0:0:2, 4:0:0:0:2, 2:0:0:0:3, 1:1:0:0:1, 3:0:0:0:2, 4:0:0:0:2, 2:0:0:0:2, 2:0:0:0:1, 3:0:0:0:2, 4:0:0:0:2, 4:0:0:0:1, 3:1:0:0:1, 2:1:0:0:2, 2:0:0:0:1, 3:0:0:0:4, 2:1:0:0:1, 4:0:0:0:2, 2:0:0:0:1, 4:0:0:0:3, 4:0:0:0:1, 4:0:0:0:2, 5:0:0:0:4, 4:0:0:0:2, 5:1:0:0:1, 4:1:0:0:3, 4:0:0:0:1, 4:0:2:0:1, 2:2:1:0:2, 5:0:0:0:2, 3:0:0:0:1, 2:0:0:0:2, 3:0:0:0:2, 4:0:1:0:1, 3:0:0:0:2, 3:0:2:0:1, 3:1:1:0:1, 4:1:0:0:2, 3:0:0:0:2, 2:0:0:0:3, 1:1:0:0:1, 3:0:0:0:2, 4:0:0:0:2, 2:0:0:0:2, 2:0:0:0:1, 3:0:0:0:2, 4:0:0:0:2, 2:0:0:0:1, 2:1:0:0:1, 3:2:0:0:2, 3:0:0:0:2, 3:0:0:0:4, 1:1:0:0:1, 3:0:0:0:3, 2:0:0:0:1, 3:0:0:0:2, 4:0:0:0:1, 3:0:0:0:2, 2:0:0:0:2, 5:0:0:0:2, 5:1:0:0:2, 3:1:0:0:1, 3:1:0:0:2, 5:0:0:0:3, 2:1:0:0:1, 4:0:0:0:3, 1:1:0:0:1, 2:0:0:0:4, 0:0:0:0:0, 1:1:0:0:1, 2:0:0:0:1, 3:0:0:0:5, 2:1:0:0:2, 1:0:0:0:1, 0:0:0:0:0, 0:0:0:0:0, 0:0:0:0:0, 505:60:17:0:313
Gb aeolian (6b), 1:0:0:0:1, 0:0:0:0:0, 3:0:0:0:2, 2:0:0:0:1, 0:0:0:0:0, 1:0:0:0:0, 1:0:0:0:0, 1:0:0:0:2, 2:0:0:0:1, 0:0:0:0:0, 4:0:0:0:3, 1:0:0:0:1, 0:0:0:0:0, 0:0:0:0:0, 3:0:0:0:2, 3:0:0:0:2, 2:0:0:0:2, 3:0:0:0:2, 2:0:0:0:1, 1:0:0:0:2, 1:0:0:0:0, 1:0:0:0:0, 1:0:0:0:0, 1:0:0:0:1, 0:0:0:0:0, 1:0:0:0:2, 2:0:0:0:1, 2:0:0:0:1, 1:0:0:0:1, 3:0:0:0:2, 2:0:0:0:1, 2:0:0:0:1, 2:0:1:0:1, 0:0:0:0:0, 4:0:0:0:2, 1:0:0:0:1, 2:0:0:0:3, 2:0:0:0:2, 3:0:0:0:3, 2:0:0:0:1, 3:1:1:0:3, 1:0:0:0:0, 2:0:0:0:0, 2:0:0:0:1, 2:0:1:0:1, 0:0:0:0:0, 4:0:0:0:2, 1:0:0:0:1, 2:0:0:0:3, 2:0:0:0:1, 2:0:0:0:1, 2:0:0:0:1, 2:2:2:0:3, 1:0:0:0:0, 1:0:0:0:1, 3:0:0:0:2, 1:0:0:0:0, 0:0:0:0:0, 5:0:0:0:4, 1:0:0:0:1, 2:0:0:0:3, 2:0:0:0:3, 2:0:0:0:3, 3:0:0:0:2, 1:1:1:0:1, 3:0:0:0:2, 1:0:0:0:0, 2:0:0:0:1, 3:0:1:0:2, 0:0:0:0:0, 4:0:0:0:5, 1:0:0:0:1, 3:0:0:0:3, 2:0:0:0:1, 2:0:0:0:1, 2:0:0:0:1, 2:0:0:0:2, 3:0:0:0:2, 1:0:0:0:0, 1:0:0:0:1, 2:0:0:0:1, 0:0:0:0:0, 3:0:0:0:2, 1:0:0:0:1, 4:0:0:0:5, 2:0:0:0:2, 3:0:0:0:3, 4:0:0:0:3, 3:0:0:0:4, 3:0:0:0:3, 3:0:0:0:4, 3:0:1:0:2, 3:0:0:0:2, 1:0:0:0:1, 5:0:0:0:6, 1:0:0:0:1, 3:0:0:0:2, 2:0:0:0:1, 3:0:0:0:2, 2:0:0:0:1, 3:1:1:0:2, 1:0:0:0:0, 3:1:1:0:2, 3:0:0:0:2, 1:0:0:0:0, 0:0:0:0:0, 3:0:0:0:3, 2:0:0:0:1, 3:0:0:0:2, 2:0:0:0:1, 2:0:0:0:1, 2:0:0:0:1, 2:0:0:0:2, 3:0:0:0:2, 1:0:0:0:0, 1:0:0:0:1, 2:0:0:0:1, 1:0:0:0:1, 3:0:0:0:2, 1:0:0:0:1, 4:0:0:0:5, 2:0:0:0:2, 3:1:1:0:3, 4:0:0:0:3, 3:0:0:0:4, 3:0:0:0:3, 3:0:0:0:4, 3:0:1:0:2, 3:0:0:0:2, 1:0:0:0:1, 5:0:0:0:6, 1:0:0:0:1, 3:0:0:0:2, 2:0:0:0:1, 3:0:0:0:2, 2:0:0:0:1, 3:0:0:0:1, 1:1:1:0:1, 3:1:1:0:2, 2:0:0:0:1, 1:0:0:0:0, 0:0:0:0:0, 3:0:0:0:3, 2:0:0:0:1, 3:0:0:0:2, 2:0:0:0:1, 2:0:0:0:1, 2:0:0:0:1, 1:0:0:0:1, 2:0:0:0:1, 2:0:0:0:2, 2:0:0:0:1, 2:0:0:0:1, 0:0:0:0:0, 4:0:0:0:3, 1:0:0:0:1, 3:0:0:0:3, 2:0:0:0:2, 2:0:0:0:1, 2:0:0:0:1, 5:0:0:0:3, 4:0:0:0:3, 3:0:0:0:2, 2:0:0:0:2, 4:0:0:0:3, 1:0:0:0:1, 4:0:0:0:4, 0:0:0:0:0, 2:0:0:0:1, 2:0:0:0:1, 0:0:0:0:0, 3:0:0:0:2, 3:0:0:0:2, 0:0:0:0:0, 0:0:0:0:0, 0:0:0:0:0, 0:0:0:0:0, 0:0:0:0:0, 355:9:14:0:272
F# aeolian (6#), 1:0:0:0:0, 1:0:0:0:2, 3:0:0:0:1, 3:1:0:0:2, 1:0:0:0:2, 2:1:0:0:3, 2:1:0:0:3, 2:0:0:0:1, 3:1:0:0:2, 1:1:0:0:1, 4:1:1:0:4, 4:2:0:0:4, 1:0:0:0:1, 1:0:0:0:2, 3:0:0:0:1, 4:1:0:0:2, 3:0:0:0:2, 4:1:0:0:3, 3:1:0:0:3, 2:0:0:0:1, 2:1:0:0:2, 2:1:0:0:2, 1:0:0:0:3, 4:2:0:0:4, 1:0:0:0:1, 3:1:0:0:2, 3:0:0:0:2, 4:0:0:0:2, 2:0:0:0:1, 3:1:0:0:1, 4:1:0:0:2, 5:0:0:0:2, 3:0:0:0:1, 1:1:0:0:1, 3:0:0:0:2, 2:0:0:0:1, 3:0:0:0:2, 4:0:0:0:1, 4:0:0:0:3, 2:0:0:0:1, 4:0:0:0:2, 2:1:1:0:1, 3:1:0:0:2, 4:0:0:0:2, 3:0:0:0:1, 1:1:0:0:1, 3:0:0:0:2, 2:0:0:0:1, 2:0:0:0:2, 2:0:0:0:1, 3:0:0:0:2, 2:0:0:0:1, 3:0:0:0:3, 2:1:1:0:1, 3:2:0:0:2, 4:0:0:0:2, 2:0:2:0:1, 1:1:0:0:1, 5:0:0:0:2, 2:0:0:0:1, 2:0:0:0:2, 4:0:0:0:1, 3:0:0:0:2, 4:0:0:0:2, 3:0:0:0:2, 3:1:0:0:1, 2:1:0:0:2, 4:0:0:0:2, 4:0:0:0:1, 1:1:0:0:1, 3:0:0:0:2, 2:0:0:0:1, 3:0:0:0:2, 2:0:0:0:1, 3:0:0:0:2, 4:0:0:0:2, 4:0:0:0:1, 3:1:0:0:1, 2:1:0:0:2, 2:0:0:0:1, 3:0:0:0:4, 1:1:0:0:1, 4:0:0:0:2, 2:0:0:0:1, 4:0:0:0:3, 4:0:0:0:1, 4:0:0:0:2, 5:0:0:0:4, 4:0:0:0:2, 5:1:0:0:1, 4:1:0:0:3, 4:0:0:0:1, 4:0:2:0:1, 2:2:1:0:2, 5:0:0:0:2, 3:0:0:0:1, 2:0:0:0:2, 3:0:0:0:2, 4:0:1:0:1, 3:0:0:0:2, 3:0:0:0:2, 2:1:1:0:1, 4:1:0:0:2, 4:0:0:0:2, 2:0:0:0:3, 1:1:0:0:1, 3:0:0:0:2, 4:0:0:0:2, 2:0:0:0:2, 2:0:0:0:1, 3:0:0:0:2, 4:0:0:0:2, 4:0:0:0:1, 3:1:0:0:1, 2:1:0:0:2, 2:0:0:0:1, 3:0:0:0:4, 2:1:0:0:1, 4:0:0:0:2, 2:0:0:0:1, 4:0:0:0:3, 4:0:0:0:1, 4:0:0:0:2, 5:0:0:0:4, 4:0:0:0:2, 5:1:0:0:1, 4:1:0:0:3, 4:0:0:0:1, 4:0:2:0:1, 2:2:1:0:2, 5:0:0:0:2, 3:0:0:0:1, 2:0:0:0:2, 3:0:0:0:2, 4:0:1:0:1, 3:0:0:0:2, 3:0:2:0:1, 3:1:1:0:1, 4:1:0:0:2, 3:0:0:0:2, 2:0:0:0:3, 1:1:0:0:1, 3:0:0:0:2, 4:0:0:0:2, 2:0:0:0:2, 2:0:0:0:1, 3:0:0:0:2, 4:0:0:0:2, 2:0:0:0:1, 2:1:0:0:1, 3:2:0:0:2, 3:0:0:0:2, 3:0:0:0:4, 1:1:0:0:1, 3:0:0:0:3, 2:0:0:0:1, 3:0:0:0:2, 4:0:0:0:1, 3:0:0:0:2, 2:0:0:0:2, 5:0:0:0:2, 5:1:0:0:2, 3:1:0:0:1, 3:1:0:0:2, 5:0:0:0:3, 2:1:0:0:1, 4:0:0:0:3, 1:1:0:0:1, 2:0:0:0:4, 0:0:0:0:0, 1:1:0:0:1, 2:0:0:0:1, 3:0:0:0:5, 2:1:0:0:2, 1:0:0:0:1, 0:0:0:0:0, 0:0:0:0:0, 0:0:0:0:0, 505:60:17:0:313
Gb locrian (6b), 1:0:0:0:1, 0:0:0:0:0, 3:0:0:0:2, 2:0:0:0:1, 0:0:0:0:0, 1:0:0:0:0, 1:0:0:0:0, 1:0:0:0:2, 2:0:0:0:1, 0:0:0:0:0, 4:0:0:0:3, 1:0:0:0:1, 0:0:0:0:0, 0:0:0:0:0, 3:0:0:0:2, 3:0:0:0:2, 2:0:0:0:2, 3:0:0:0:2, 2:0:0:0:1, 1:0:0:0:2, 1:0:0:0:0, 1:0:0:0:0, 1:0:0:0:0, 1:0:0:0:1, 0:0:0:0:0, 1:0:0:0:2, 2:0:0:0:1, 2:0:0:0:1, 1:0:0:0:1, 3:0:0:0:2, 2:0:0:0:1, 2:0:0:0:1, 2:0:1:0:1, 0:0:0:0:0, 4:0:0:0:2, 1:0:0:0:1, 2:0:0:0:3, 2:0:0:0:2, 3:0:0:0:3, 2:0:0:0:1, 3:1:1:0:3, 1:0:0:0:0, 2:0:0:0:0, 2:0:0:0:1, 2:0:1:0:1, 0:0:0:0:0, 4:0:0:0:2, 1:0:0:0:1, 2:0:0:0:3, 2:0:0:0:1, 2:0:0:0:1, 2:0:0:0:1, 2:2:2:0:3, 1:0:0:0:0, 1:0:0:0:1, 3:0:0:0:2, 1:0:0:0:0, 0:0:0:0:0, 5:0:0:0:4, 1:0:0:0:1, 2:0:0:0:3, 2:0:0:0:3, 2:0:0:0:3, 3:0:0:0:2, 1:1:1:0:1, 3:0:0:0:2, 1:0:0:0:0, 2:0:0:0:1, 3:0:1:0:2, 0:0:0:0:0, 4:0:0:0:5, 1:0:0:0:1, 3:0:0:0:3, 2:0:0:0:1, 2:0:0:0:1, 2:0:0:0:1, 2:0:0:0:2, 3:0:0:0:2, 1:0:0:0:0, 1:0:0:0:1, 2:0:0:0:1, 0:0:0:0:0, 3:0:0:0:2, 1:0:0:0:1, 4:0:0:0:5, 2:0:0:0:2, 3:0:0:0:3, 4:0:0:0:3, 3:0:0:0:4, 3:0:0:0:3, 3:0:0:0:4, 3:0:1:0:2, 3:0:0:0:2, 1:0:0:0:1, 5:0:0:0:6, 1:0:0:0:1, 3:0:0:0:2, 2:0:0:0:1, 3:0:0:0:2, 2:0:0:0:1, 3:1:1:0:2, 1:0:0:0:0, 3:1:1:0:2, 3:0:0:0:2, 1:0:0:0:0, 0:0:0:0:0, 3:0:0:0:3, 2:0:0:0:1, 3:0:0:0:2, 2:0:0:0:1, 2:0:0:0:1, 2:0:0:0:1, 2:0:0:0:2, 3:0:0:0:2, 1:0:0:0:0, 1:0:0:0:1, 2:0:0:0:1, 1:0:0:0:1, 3:0:0:0:2, 1:0:0:0:1, 4:0:0:0:5, 2:0:0:0:2, 3:1:1:0:3, 4:0:0:0:3, 3:0:0:0:4, 3:0:0:0:3, 3:0:0:0:4, 3:0:1:0:2, 3:0:0:0:2, 1:0:0:0:1, 5:0:0:0:6, 1:0:0:0:1, 3:0:0:0:2, 2:0:0:0:1, 3:0:0:0:2, 2:0:0:0:1, 3:0:0:0:1, 1:1:1:0:1, 3:1:1:0:2, 2:0:0:0:1, 1:0:0:0:0, 0:0:0:0:0, 3:0:0:0:3, 2:0:0:0:1, 3:0:0:0:2, 2:0:0:0:1, 2:0:0:0:1, 2:0:0:0:1, 1:0:0:0:1, 2:0:0:0:1, 2:0:0:0:2, 2:0:0:0:1, 2:0:0:0:1, 0:0:0:0:0, 4:0:0:0:3, 1:0:0:0:1, 3:0:0:0:3, 2:0:0:0:2, 2:0:0:0:1, 2:0:0:0:1, 5:0:0:0:3, 4:0:0:0:3, 3:0:0:0:2, 2:0:0:0:2, 4:0:0:0:3, 1:0:0:0:1, 4:0:0:0:4, 0:0:0:0:0, 2:0:0:0:1, 2:0:0:0:1, 0:0:0:0:0, 3:0:0:0:2, 3:0:0:0:2, 0:0:0:0:0, 0:0:0:0:0, 0:0:0:0:0, 0:0:0:0:0, 0:0:0:0:0, 355:9:14:0:272
F# locrian (6#), 1:0:0:0:0, 1:0:0:0:2, 3:0:0:0:1, 3:1:0:0:2, 1:0:0:0:2, 2:1:0:0:3, 2:1:0:0:3, 2:0:0:0:1, 3:1:0:0:2, 1:1:0:0:1, 4:1:1:0:4, 4:2:0:0:4, 1:0:0:0:1, 1:0:0:0:2, 3:0:0:0:1, 4:1:0:0:2, 3:0:0:0:2, 4:1:0:0:3, 3:1:0:0:3, 2:0:0:0:1, 2:1:0:0:2, 2:1:0:0:2, 1:0:0:0:3, 4:2:0:0:4, 1:0:0:0:1, 3:1:0:0:2, 3:0:0:0:2, 4:0:0:0:2, 2:0:0:0:1, 3:1:0:0:1, 4:1:0:0:2, 5:0:0:0:2, 3:0:0:0:1, 1:1:0:0:1, 3:0:0:0:2, 2:0:0:0:1, 3:0:0:0:2, 4:0:0:0:1, 4:0:0:0:3, 2:0:0:0:1, 4:0:0:0:2, 2:1:1:0:1, 3:1:0:0:2, 4:0:0:0:2, 3:0:0:0:1, 1:1:0:0:1, 3:0:0:0:2, 2:0:0:0:1, 2:0:0:0:2, 2:0:0:0:1, 3:0:0:0:2, 2:0:0:0:1, 3:0:0:0:3, 2:1:1:0:1, 3:2:0:0:2, 4:0:0:0:2, 2:0:2:0:1, 1:1:0:0:1, 5:0:0:0:2, 2:0:0:0:1, 2:0:0:0:2, 4:0:0:0:1, 3:0:0:0:2, 4:0:0:0:2, 3:0:0:0:2, 3:1:0:0:1, 2:1:0:0:2, 4:0:0:0:2, 4:0:0:0:1, 1:1:0:0:1, 3:0:0:0:2, 2:0:0:0:1, 3:0:0:0:2, 2:0:0:0:1, 3:0:0:0:2, 4:0:0:0:2, 4:0:0:0:1, 3:1:0:0:1, 2:1:0:0:2, 2:0:0:0:1, 3:0:0:0:4, 1:1:0:0:1, 4:0:0:0:2, 2:0:0:0:1, 4:0:0:0:3, 4:0:0:0:1, 4:0:0:0:2, 5:0:0:0:4, 4:0:0:0:2, 5:1:0:0:1, 4:1:0:0:3, 4:0:0:0:1, 4:0:2:0:1, 2:2:1:0:2, 5:0:0:0:2, 3:0:0:0:1, 2:0:0:0:2, 3:0:0:0:2, 4:0:1:0:1, 3:0:0:0:2, 3:0:0:0:2, 2:1:1:0:1, 4:1:0:0:2, 4:0:0:0:2, 2:0:0:0:3, 1:1:0:0:1, 3:0:0:0:2, 4:0:0:0:2, 2:0:0:0:2, 2:0:0:0:1, 3:0:0:0:2, 4:0:0:0:2, 4:0:0:0:1, 3:1:0:0:1, 2:1:0:0:2, 2:0:0:0:1, 3:0:0:0:4, 2:1:0:0:1, 4:0:0:0:2, 2:0:0:0:1, 4:0:0:0:3, 4:0:0:0:1, 4:0:0:0:2, 5:0:0:0:4, 4:0:0:0:2, 5:1:0:0:1, 4:1:0:0:3, 4:0:0:0:1, 4:0:2:0:1, 2:2:1:0:2, 5:0:0:0:2, 3:0:0:0:1, 2:0:0:0:2, 3:0:0:0:2, 4:0:1:0:1, 3:0:0:0:2, 3:0:2:0:1, 3:1:1:0:1, 4:1:0:0:2, 3:0:0:0:2, 2:0:0:0:3, 1:1:0:0:1, 3:0:0:0:2, 4:0:0:0:2, 2:0:0:0:2, 2:0:0:0:1, 3:0:0:0:2, 4:0:0:0:2, 2:0:0:0:1, 2:1:0:0:1, 3:2:0:0:2, 3:0:0:0:2, 3:0:0:0:4, 1:1:0:0:1, 3:0:0:0:3, 2:0:0:0:1, 3:0:0:0:2, 4:0:0:0:1, 3:0:0:0:2, 2:0:0:0:2, 5:0:0:0:2, 5:1:0:0:2, 3:1:0:0:1, 3:1:0:0:2, 5:0:0:0:3, 2:1:0:0:1, 4:0:0:0:3, 1:1:0:0:1, 2:0:0:0:4, 0:0:0:0:0, 1:1:0:0:1, 2:0:0:0:1, 3:0:0:0:5, 2:1:0:0:2, 1:0:0:0:1, 0:0:0:0:0, 0:0:0:0:0, 0:0:0:0:0, 505:60:17:0:313
Cb major (7b), 1:0:0:0:1, 1:0:0:0:0, 3:0:0:0:3, 2:0:0:0:2, 1:0:0:0:0, 1:0:0:0:2, 1:0:0:0:2, 2:0:0:0:2, 2:0:0:0:2, 0:0:0:0:0, 4:0:0:0:5, 1:0:0:0:0, 1:0:0:0:0, 1:0:0:0:0, 3:0:0:0:3, 3:0:0:0:3, 3:0:0:0:2, 3:0:0:0:4, 1:0:0:0:2, 2:0:0:0:2, 1:0:0:0:1, 1:0:0:0:1, 1:0:0:0:3, 1:0:0:0:0, 1:0:0:0:0, 2:0:0:0:2, 3:0:0:0:2, 3:0:0:0:2, 2:0:0:0:1, 3:0:0:0:2, 3:0:0:0:2, 3:0:0:0:2, 3:0:0:0:1, 1:0:0:0:0, 3:0:0:0:3, 2:0:0:0:1, 2:0:0:0:5, 3:0:0:0:2, 4:0:0:0:5, 3:0:0:0:1, 4:1:1:0:3, 2:0:0:0:1, 2:0:0:0:1, 3:0:0:0:2, 3:0:0:0:1, 1:0:0:0:0, 3:0:0:0:3, 2:0:0:0:1, 2:0:0:0:5, 3:0:0:0:1, 3:0:0:0:2, 3:0:0:0:1, 3:2:2:0:3, 2:0:0:0:1, 1:0:0:0:1, 4:0:0:0:2, 2:0:0:0:2, 1:0:0:0:0, 4:0:0:0:5, 2:0:0:0:1, 2:0:0:0:5, 3:0:0:0:3, 3:0:0:0:4, 4:0:0:0:1, 2:1:1:0:1, 3:0:0:0:2, 2:0:0:0:1, 3:0:0:0:2, 4:0:0:0:2, 1:0:0:0:0, 4:0:0:0:7, 2:0:0:0:1, 2:0:0:0:4, 3:0:0:0:1, 3:0:0:0:2, 3:0:0:0:2, 3:0:0:0:2, 3:0:0:0:2, 2:0:0:0:1, 2:0:0:0:1, 3:0:0:0:3, 1:0:0:0:0, 2:0:0:0:3, 2:0:0:0:1, 3:0:0:0:7, 3:0:0:0:2, 4:0:0:0:4, 5:0:0:0:4, 4:0:0:0:5, 2:0:0:0:2, 3:0:0:0:6, 4:0:0:0:2, 4:0:0:0:3, 1:0:0:0:0, 4:0:0:0:5, 2:0:0:0:1, 3:0:0:0:4, 3:0:0:0:2, 4:0:0:0:2, 3:0:0:0:2, 4:1:1:0:2, 1:0:0:0:1, 4:1:1:0:2, 4:0:0:0:3, 2:0:0:0:2, 1:0:0:0:0, 2:0:0:0:4, 3:0:0:0:2, 3:0:0:0:4, 3:0:0:0:1, 3:0:0:0:2, 3:0:0:0:2, 3:0:0:0:2, 3:0:0:0:2, 2:0:0:0:1, 2:0:0:0:1, 3:0:0:0:3, 2:0:0:0:1, 2:0:0:0:3, 2:0:0:0:1, 3:0:0:0:7, 3:0:0:0:2, 4:1:1:0:3, 5:0:0:0:4, 4:0:0:0:5, 2:0:0:0:2, 2:0:0:0:5, 4:0:0:0:2, 4:0:0:0:3, 1:0:0:0:0, 4:0:0:0:5, 2:0:0:0:1, 3:0:0:0:4, 3:0:0:0:2, 4:0:0:0:2, 3:0:0:0:2, 4:0:0:0:3, 1:1:1:0:1, 4:1:1:0:2, 3:0:0:0:2, 2:0:0:0:2, 1:0:0:0:0, 2:0:0:0:4, 3:0:0:0:2, 3:0:0:0:4, 3:0:0:0:1, 3:0:0:0:2, 3:0:0:0:2, 2:0:0:0:1, 2:0:0:0:1, 2:1:1:0:2, 3:0:0:0:2, 3:0:0:0:3, 1:0:0:0:0, 4:0:0:0:6, 2:0:0:0:1, 2:0:0:0:4, 3:0:0:0:2, 3:0:0:0:2, 3:0:0:0:0, 6:0:0:0:4, 5:0:0:0:4, 3:0:0:0:2, 3:0:0:0:2, 5:0:0:0:4, 2:0:0:0:1, 3:0:0:0:6, 0:0:0:0:0, 2:0:0:0:5, 2:0:0:0:1, 1:0:0:0:0, 2:0:0:0:2, 2:0:0:0:6, 1:0:0:0:0, 1:0:0:0:0, 1:0:0:0:0, 1:0:0:0:0, 1:0:0:0:0, 451:10:10:0:383
C# major (7#), 1:0:0:0:1, 1:0:0:0:2, 3:0:0:0:1, 2:1:0:0:2, 2:0:0:0:2, 2:1:0:0:3, 2:1:0:0:2, 2:0:0:0:3, 2:1:0:0:1, 1:1:0:0:1, 4:1:1:0:2, 4:2:0:0:4, 1:0:0:0:1, 1:0:0:0:2, 3:0:0:0:1, 3:1:0:0:2, 3:0:0:0:3, 4:1:0:0:4, 3:1:0:0:2, 2:0:0:0:3, 1:1:0:0:1, 1:1:0:0:1, 1:0:0:0:1, 4:2:0:0:4, 1:0:0:0:1, 3:1:0:0:4, 2:0:0:0:1, 3:0:0:0:2, 3:0:0:0:1, 3:1:0:0:2, 4:1:0:0:1, 4:0:0:0:2, 3:0:0:0:1, 1:1:0:0:1, 3:0:0:0:2, 2:0:0:0:1, 3:0:0:0:4, 4:0:0:0:2, 4:1:1:0:3, 2:0:0:0:1, 4:0:0:0:2, 2:1:0:0:1, 3:1:0:0:1, 3:0:0:0:2, 3:0:0:0:1, 1:1:0:0:1, 3:0:0:0:2, 2:0:0:0:1, 2:0:0:0:4, 2:0:0:0:1, 2:0:0:0:2, 2:0:0:0:1, 3:1:1:0:2, 2:1:0:0:1, 3:2:0:0:2, 3:0:0:0:2, 1:0:0:0:1, 2:1:0:0:1, 5:0:0:0:2, 2:0:0:0:1, 2:0:0:0:4, 4:0:0:0:2, 3:1:1:0:2, 4:0:0:0:2, 3:0:0:0:1, 3:1:0:0:2, 2:1:0:0:1, 3:0:0:0:2, 4:0:0:0:2, 2:1:0:0:1, 3:0:0:0:3, 2:0:0:0:1, 3:0:0:0:3, 2:0:0:0:1, 2:0:0:0:2, 3:0:0:0:2, 4:0:0:0:2, 3:1:0:0:2, 2:1:0:0:1, 3:0:0:0:1, 2:0:0:0:2, 1:1:0:0:1, 4:0:0:0:2, 2:0:0:0:1, 4:0:0:0:4, 4:0:0:0:2, 4:1:1:0:2, 4:0:0:0:4, 3:0:0:0:3, 5:1:0:0:2, 4:1:0:0:4, 4:0:0:0:2, 3:0:0:0:1, 2:2:1:0:2, 5:0:0:0:2, 3:0:0:0:1, 2:0:0:0:3, 2:0:0:0:2, 3:0:0:0:2, 2:0:0:0:2, 3:0:0:0:1, 2:1:0:0:1, 4:1:0:0:2, 3:0:0:0:2, 1:0:0:0:1, 1:1:0:0:1, 3:0:0:0:3, 3:0:0:0:1, 3:0:0:0:4, 2:0:0:0:1, 2:0:0:0:2, 3:0:0:0:2, 4:0:0:0:2, 3:1:0:0:2, 2:1:0:0:1, 3:0:0:0:1, 2:0:0:0:2, 2:1:0:0:1, 4:0:0:0:2, 2:0:0:0:1, 4:0:0:0:4, 4:0:0:0:2, 4:2:2:0:3, 4:0:0:0:4, 3:0:0:0:3, 5:1:0:0:2, 4:1:0:0:4, 4:0:0:0:2, 3:0:0:0:1, 2:2:1:0:2, 5:0:0:0:2, 3:0:0:0:1, 2:0:0:0:3, 2:0:0:0:2, 3:0:0:0:2, 2:0:0:0:2, 2:0:0:0:1, 3:1:0:0:1, 4:1:0:0:2, 2:0:0:0:2, 1:0:0:0:1, 1:1:0:0:1, 3:0:0:0:3, 3:0:0:0:1, 3:0:0:0:4, 2:0:0:0:1, 2:0:0:0:2, 3:0:0:0:2, 3:0:0:0:2, 2:1:0:0:2, 3:2:0:0:2, 2:0:0:0:1, 2:0:0:0:2, 1:1:0:0:1, 3:0:0:0:3, 2:0:0:0:1, 3:0:0:0:3, 4:0:0:0:2, 3:1:1:0:2, 2:0:0:0:2, 5:1:1:0:3, 5:1:0:0:2, 3:1:0:0:2, 3:1:0:0:2, 4:0:0:0:3, 2:1:0:0:1, 4:0:0:0:3, 1:1:0:0:1, 2:0:0:0:2, 1:0:0:0:0, 1:1:0:0:1, 3:0:0:0:0, 3:0:0:0:1, 2:1:0:0:2, 1:0:0:0:1, 0:0:0:0:0, 0:0:0:0:0, 0:0:0:0:0, 473:68:11:0:330
Ab minor (7b), 1:0:0:0:1, 1:0:0:0:0, 3:0:0:0:3, 2:0:0:0:2, 1:0:0:0:0, 1:0:0:0:2, 1:0:0:0:2, 2:0:0:0:2, 2:0:0:0:2, 0:0:0:0:0, 4:0:0:0:5, 1:0:0:0:0, 1:0:0:0:0, 1:0:0:0:0, 3:0:0:0:3, 3:0:0:0:3, 3:0:0:0:2, 3:0:0:0:4, 1:0:0:0:2, 2:0:0:0:2, 1:0:0:0:1, 1:0:0:0:1, 1:0:0:0:3, 1:0:0:0:0, 1:0:0:0:0, 2:0:0:0:2, 3:0:0:0:2, 3:0:0:0:2, 2:0:0:0:1, 3:0:0:0:2, 3:0:0:0:2, 3:0:0:0:2, 3:0:0:0:1, 1:0:0:0:0, 3:0:0:0:3, 2:0:0:0:1, 2:0:0:0:5, 3:0:0:0:2, 4:0:0:0:5, 3:0:0:0:1, 4:1:1:0:3, 2:0:0:0:1, 2:0:0:0:1, 3:0:0:0:2, 3:0:0:0:1, 1:0:0:0:0, 3:0:0:0:3, 2:0:0:0:1, 2:0:0:0:5, 3:0:0:0:1, 3:0:0:0:2, 3:0:0:0:1, 3:2:2:0:3, 2:0:0:0:1, 1:0:0:0:1, 4:0:0:0:2, 2:0:0:0:2, 1:0:0:0:0, 4:0:0:0:5, 2:0:0:0:1, 2:0:0:0:5, 3:0:0:0:3, 3:0:0:0:4, 4:0:0:0:1, 2:1:1:0:1, 3:0:0:0:2, 2:0:0:0:1, 3:0:0:0:2, 4:0:0:0:2, 1:0:0:0:0, 4:0:0:0:7, 2:0:0:0:1, 2:0:0:0:4, 3:0:0:0:1, 3:0:0:0:2, 3:0:0:0:2, 3:0:0:0:2, 3:0:0:0:2, 2:0:0:0:1, 2:0:0:0:1, 3:0:0:0:3, 1:0:0:0:0, 2:0:0:0:3, 2:0:0:0:1, 3:0:0:0:7, 3:0:0:0:2, 4:0:0:0:4, 5:0:0:0:4, 4:0:0:0:5, 2:0:0:0:2, 3:0:0:0:6, 4:0:0:0:2, 4:0:0:0:3, 1:0:0:0:0, 4:0:0:0:5, 2:0:0:0:1, 3:0:0:0:4, 3:0:0:0:2, 4:0:0:0:2, 3:0:0:0:2, 4:1:1:0:2, 1:0:0:0:1, 4:1:1:0:2, 4:0:0:0:3, 2:0:0:0:2, 1:0:0:0:0, 2:0:0:0:4, 3:0:0:0:2, 3:0:0:0:4, 3:0:0:0:1, 3:0:0:0:2, 3:0:0:0:2, 3:0:0:0:2, 3:0:0:0:2, 2:0:0:0:1, 2:0:0:0:1, 3:0:0:0:3, 2:0:0:0:1, 2:0:0:0:3, 2:0:0:0:1, 3:0:0:0:7, 3:0:0:0:2, 4:1:1:0:3, 5:0:0:0:4, 4:0:0:0:5, 2:0:0:0:2, 2:0:0:0:5, 4:0:0:0:2, 4:0:0:0:3, 1:0:0:0:0, 4:0:0:0:5, 2:0:0:0:1, 3:0:0:0:4, 3:0:0:0:2, 4:0:0:0:2, 3:0:0:0:2, 4:0:0:0:3, 1:1:1:0:1, 4:1:1:0:2, 3:0:0:0:2, 2:0:0:0:2, 1:0:0:0:0, 2:0:0:0:4, 3:0:0:0:2, 3:0:0:0:4, 3:0:0:0:1, 3:0:0:0:2, 3:0:0:0:2, 2:0:0:0:1, 2:0:0:0:1, 2:1:1:0:2, 3:0:0:0:2, 3:0:0:0:3, 1:0:0:0:0, 4:0:0:0:6, 2:0:0:0:1, 2:0:0:0:4, 3:0:0:0:2, 3:0:0:0:2, 3:0:0:0:0, 6:0:0:0:4, 5:0:0:0:4, 3:0:0:0:2, 3:0:0:0:2, 5:0:0:0:4, 2:0:0:0:1, 3:0:0:0:6, 0:0:0:0:0, 2:0:0:0:5, 2:0:0:0:1, 1:0:0:0:0, 2:0:0:0:2, 2:0:0:0:6, 1:0:0:0:0, 1:0:0:0:0, 1:0:0:0:0, 1:0:0:0:0, 1:0:0:0:0, 451:10:10:0:383
A# minor (7#), 1:0:0:0:1, 1:0:0:0:2, 3:0:0:0:1, 2:1:0:0:2, 2:0:0:0:2, 2:1:0:0:3, 2:1:0:0:2, 2:0:0:0:3, 2:1:0:0:1, 1:1:0:0:1, 4:1:1:0:2, 4:2:0:0:4, 1:0:0:0:1, 1:0:0:0:2, 3:0:0:0:1, 3:1:0:0:2, 3:0:0:0:3, 4:1:0:0:4, 3:1:0:0:2, 2:0:0:0:3, 1:1:0:0:1, 1:1:0:0:1, 1:0:0:0:1, 4:2:0:0:4, 1:0:0:0:1, 3:1:0:0:4, 2:0:0:0:1, 3:0:0:0:2, 3:0:0:0:1, 3:1:0:0:2, 4:1:0:0:1, 4:0:0:0:2, 3:0:0:0:1, 1:1:0:0:1, 3:0:0:0:2, 2:0:0:0:1, 3:0:0:0:4, 4:0:0:0:2, 4:1:1:0:3, 2:0:0:0:1, 4:0:0:0:2, 2:1:0:0:1, 3:1:0:0:1, 3:0:0:0:2, 3:0:0:0:1, 1:1:0:0:1, 3:0:0:0:2, 2:0:0:0:1, 2:0:0:0:4, 2:0:0:0:1, 2:0:0:0:2, 2:0:0:0:1, 3:1:1:0:2, 2:1:0:0:1, 3:2:0:0:2, 3:0:0:0:2, 1:0:0:0:1, 2:1:0:0:1, 5:0:0:0:2, 2:0:0:0:1, 2:0:0:0:4, 4:0:0:0:2, 3:1:1:0:2, 4:0:0:0:2, 3:0:0:0:1, 3:1:0:0:2, 2:1:0:0:1, 3:0:0:0:2, 4:0:0:0:2, 2:1:0:0:1, 3:0:0:0:3, 2:0:0:0:1, 3:0:0:0:3, 2:0:0:0:1, 2:0:0:0:2, 3:0:0:0:2, 4:0:0:0:2, 3:1:0:0:2, 2:1:0:0:1, 3:0:0:0:1, 2:0:0:0:2, 1:1:0:0:1, 4:0:0:0:2, 2:0:0:0:1, 4:0:0:0:4, 4:0:0:0:2, 4:1:1:0:2, 4:0:0:0:4, 3:0:0:0:3, 5:1:0:0:2, 4:1:0:0:4, 4:0:0:0:2, 3:0:0:0:1, 2:2:1:0:2, 5:0:0:0:2, 3:0:0:0:1, 2:0:0:0:3, 2:0:0:0:2, 3:0:0:0:2, 2:0:0:0:2, 3:0:0:0:1, 2:1:0:0:1, 4:1:0:0:2, 3:0:0:0:2, 1:0:0:0:1, 1:1:0:0:1, 3:0:0:0:3, 3:0:0:0:1, 3:0:0:0:4, 2:0:0:0:1, 2:0:0:0:2, 3:0:0:0:2, 4:0:0:0:2, 3:1:0:0:2, 2:1:0:0:1, 3:0:0:0:1, 2:0:0:0:2, 2:1:0:0:1, 4:0:0:0:2, 2:0:0:0:1, 4:0:0:0:4, 4:0:0:0:2, 4:2:2:0:3, 4:0:0:0:4, 3:0:0:0:3, 5:1:0:0:2, 4:1:0:0:4, 4:0:0:0:2, 3:0:0:0:1, 2:2:1:0:2, 5:0:0:0:2, 3:0:0:0:1, 2:0:0:0:3, 2:0:0:0:2, 3:0:0:0:2, 2:0:0:0:2, 2:0:0:0:1, 3:1:0:0:1, 4:1:0:0:2, 2:0:0:0:2, 1:0:0:0:1, 1:1:0:0:1, 3:0:0:0:3, 3:0:0:0:1, 3:0:0:0:4, 2:0:0:0:1, 2:0:0:0:2, 3:0:0:0:2, 3:0:0:0:2, 2:1:0:0:2, 3:2:0:0:2, 2:0:0:0:1, 2:0:0:0:2, 1:1:0:0:1, 3:0:0:0:3, 2:0:0:0:1, 3:0:0:0:3, 4:0:0:0:2, 3:1:1:0:2, 2:0:0:0:2, 5:1:1:0:3, 5:1:0:0:2, 3:1:0:0:2, 3:1:0:0:2, 4:0:0:0:3, 2:1:0:0:1, 4:0:0:0:3, 1:1:0:0:1, 2:0:0:0:2, 1:0:0:0:0, 1:1:0:0:1, 3:0:0:0:0, 3:0:0:0:1, 2:1:0:0:2, 1:0:0:0:1, 0:0:0:0:0, 0:0:0:0:0, 0:0:0:0:0, 473:68:11:0:330
Ab minor mel (7b), 1:0:0:0:1, 1:0:0:0:0, 3:0:0:0:3, 2:0:0:0:2, 1:0:0:0:0, 1:0:0:0:2, 1:0:0:0:2, 2:0:0:0:2, 2:0:0:0:2, 0:0:0:0:0, 4:0:0:0:5, 1:0:0:0:0, 1:0:0:0:0, 1:0:0:0:0, 3:0:0:0:3, 3:0:0:0:3, 3:0:0:0:2, 3:0:0:0:4, 1:0:0:0:2, 2:0:0:0:2, 1:0:0:0:1, 1:0:0:0:1, 1:0:0:0:3, 1:0:0:0:0, 1:0:0:0:0, 2:0:0:0:2, 3:0:0:0:2, 3:0:0:0:2, 2:0:0:0:1, 3:0:0:0:2, 3:0:0:0:2, 3:0:0:0:2, 3:0:0:0:1, 1:0:0:0:0, 3:0:0:0:3, 2:0:0:0:1, 2:0:0:0:5, 3:0:0:0:2, 4:0:0:0:5, 3:0:0:0:1, 4:1:1:0:3, 2:0:0:0:1, 2:0:0:0:1, 3:0:0:0:2, 3:0:0:0:1, 1:0:0:0:0, 3:0:0:0:3, 2:0:0:0:1, 2:0:0:0:5, 3:0:0:0:1, 3:0:0:0:2, 3:0:0:0:1, 3:2:2:0:3, 2:0:0:0:1, 1:0:0:0:1, 4:0:0:0:2, 2:0:0:0:2, 1:0:0:0:0, 4:0:0:0:5, 2:0:0:0:1, 2:0:0:0:5, 3:0:0:0:3, 3:0:0:0:4, 4:0:0:0:1, 2:1:1:0:1, 3:0:0:0:2, 2:0:0:0:1, 3:0:0:0:2, 4:0:0:0:2, 1:0:0:0:0, 4:0:0:0:7, 2:0:0:0:1, 2:0:0:0:4, 3:0:0:0:1, 3:0:0:0:2, 3:0:0:0:2, 3:0:0:0:2, 3:0:0:0:2, 2:0:0:0:1, 2:0:0:0:1, 3:0:0:0:3, 1:0:0:0:0, 2:0:0:0:3, 2:0:0:0:1, 3:0:0:0:7, 3:0:0:0:2, 4:0:0:0:4, 5:0:0:0:4, 4:0:0:0:5, 2:0:0:0:2, 3:0:0:0:6, 4:0:0:0:2, 4:0:0:0:3, 1:0:0:0:0, 4:0:0:0:5, 2:0:0:0:1, 3:0:0:0:4, 3:0:0:0:2, 4:0:0:0:2, 3:0:0:0:2, 4:1:1:0:2, 1:0:0:0:1, 4:1:1:0:2, 4:0:0:0:3, 2:0:0:0:2, 1:0:0:0:0, 2:0:0:0:4, 3:0:0:0:2, 3:0:0:0:4, 3:0:0:0:1, 3:0:0:0:2, 3:0:0:0:2, 3:0:0:0:2, 3:0:0:0:2, 2:0:0:0:1, 2:0:0:0:1, 3:0:0:0:3, 2:0:0:0:1, 2:0:0:0:3, 2:0:0:0:1, 3:0:0:0:7, 3:0:0:0:2, 4:1:1:0:3, 5:0:0:0:4, 4:0:0:0:5, 2:0:0:0:2, 2:0:0:0:5, 4:0:0:0:2, 4:0:0:0:3, 1:0:0:0:0, 4:0:0:0:5, 2:0:0:0:1, 3:0:0:0:4, 3:0:0:0:2, 4:0:0:0:2, 3:0:0:0:2, 4:0:0:0:3, 1:1:1:0:1, 4:1:1:0:2, 3:0:0:0:2, 2:0:0:0:2, 1:0:0:0:0, 2:0:0:0:4, 3:0:0:0:2, 3:0:0:0:4, 3:0:0:0:1, 3:0:0:0:2, 3:0:0:0:2, 2:0:0:0:1, 2:0:0:0:1, 2:1:1:0:2, 3:0:0:0:2, 3:0:0:0:3, 1:0:0:0:0, 4:0:0:0:6, 2:0:0:0:1, 2:0:0:0:4, 3:0:0:0:2, 3:0:0:0:2, 3:0:0:0:0, 6:0:0:0:4, 5:0:0:0:4, 3:0:0:0:2, 3:0:0:0:2, 5:0:0:0:4, 2:0:0:0:1, 3:0:0:0:6, 0:0:0:0:0, 2:0:0:0:5, 2:0:0:0:1, 1:0:0:0:0, 2:0:0:0:2, 2:0:0:0:6, 1:0:0:0:0, 1:0:0:0:0, 1:0:0:0:0, 1:0:0:0:0, 1:0:0:0:0, 451:10:10:0:383
A# minor mel (7#), 1:0:0:0:1, 1:0:0:0:2, 3:0:0:0:1, 2:1:0:0:2, 2:0:0:0:2, 2:1:0:0:3, 2:1:0:0:2, 2:0:0:0:3, 2:1:0:0:1, 1:1:0:0:1, 4:1:1:0:2, 4:2:0:0:4, 1:0:0:0:1, 1:0:0:0:2, 3:0:0:0:1, 3:1:0:0:2, 3:0:0:0:3, 4:1:0:0:4, 3:1:0:0:2, 2:0:0:0:3, 1:1:0:0:1, 1:1:0:0:1, 1:0:0:0:1, 4:2:0:0:4, 1:0:0:0:1, 3:1:0:0:4, 2:0:0:0:1, 3:0:0:0:2, 3:0:0:0:1, 3:1:0:0:2, 4:1:0:0:1, 4:0:0:0:2, 3:0:0:0:1, 1:1:0:0:1, 3:0:0:0:2, 2:0:0:0:1, 3:0:0:0:4, 4:0:0:0:2, 4:1:1:0:3, 2:0:0:0:1, 4:0:0:0:2, 2:1:0:0:1, 3:1:0:0:1, 3:0:0:0:2, 3:0:0:0:1, 1:1:0:0:1, 3:0:0:0:2, 2:0:0:0:1, 2:0:0:0:4, 2:0:0:0:1, 2:0:0:0:2, 2:0:0:0:1, 3:1:1:0:2, 2:1:0:0:1, 3:2:0:0:2, 3:0:0:0:2, 1:0:0:0:1, 2:1:0:0:1, 5:0:0:0:2, 2:0:0:0:1, 2:0:0:0:4, 4:0:0:0:2, 3:1:1:0:2, 4:0:0:0:2, 3:0:0:0:1, 3:1:0:0:2, 2:1:0:0:1, 3:0:0:0:2, 4:0:0:0:2, 2:1:0:0:1, 3:0:0:0:3, 2:0:0:0:1, 3:0:0:0:3, 2:0:0:0:1, 2:0:0:0:2, 3:0:0:0:2, 4:0:0:0:2, 3:1:0:0:2, 2:1:0:0:1, 3:0:0:0:1, 2:0:0:0:2, 1:1:0:0:1, 4:0:0:0:2, 2:0:0:0:1, 4:0:0:0:4, 4:0:0:0:2, 4:1:1:0:2, 4:0:0:0:4, 3:0:0:0:3, 5:1:0:0:2, 4:1:0:0:4, 4:0:0:0:2, 3:0:0:0:1, 2:2:1:0:2, 5:0:0:0:2, 3:0:0:0:1, 2:0:0:0:3, 2:0:0:0:2, 3:0:0:0:2, 2:0:0:0:2, 3:0:0:0:1, 2:1:0:0:1, 4:1:0:0:2, 3:0:0:0:2, 1:0:0:0:1, 1:1:0:0:1, 3:0:0:0:3, 3:0:0:0:1, 3:0:0:0:4, 2:0:0:0:1, 2:0:0:0:2, 3:0:0:0:2, 4:0:0:0:2, 3:1:0:0:2, 2:1:0:0:1, 3:0:0:0:1, 2:0:0:0:2, 2:1:0:0:1, 4:0:0:0:2, 2:0:0:0:1, 4:0:0:0:4, 4:0:0:0:2, 4:2:2:0:3, 4:0:0:0:4, 3:0:0:0:3, 5:1:0:0:2, 4:1:0:0:4, 4:0:0:0:2, 3:0:0:0:1, 2:2:1:0:2, 5:0:0:0:2, 3:0:0:0:1, 2:0:0:0:3, 2:0:0:0:2, 3:0:0:0:2, 2:0:0:0:2, 2:0:0:0:1, 3:1:0:0:1, 4:1:0:0:2, 2:0:0:0:2, 1:0:0:0:1, 1:1:0:0:1, 3:0:0:0:3, 3:0:0:0:1, 3:0:0:0:4, 2:0:0:0:1, 2:0:0:0:2, 3:0:0:0:2, 3:0:0:0:2, 2:1:0:0:2, 3:2:0:0:2, 2:0:0:0:1, 2:0:0:0:2, 1:1:0:0:1, 3:0:0:0:3, 2:0:0:0:1, 3:0:0:0:3, 4:0:0:0:2, 3:1:1:0:2, 2:0:0:0:2, 5:1:1:0:3, 5:1:0:0:2, 3:1:0:0:2, 3:1:0:0:2, 4:0:0:0:3, 2:1:0:0:1, 4:0:0:0:3, 1:1:0:0:1, 2:0:0:0:2, 1:0:0:0:0, 1:1:0:0:1, 3:0:0:0:0, 3:0:0:0:1, 2:1:0:0:2, 1:0:0:0:1, 0:0:0:0:0, 0:0:0:0:0, 0:0:0:0:0, 473:68:11:0:330
Cb major blues (7b), 1:0:0:0:1, 1:0:0:0:0, 3:0:0:0:3, 2:0:0:0:2, 1:0:0:0:0, 1:0:0:0:2, 1:0:0:0:2, 2:0:0:0:2, 2:0:0:0:2, 0:0:0:0:0, 4:0:0:0:5, 1:0:0:0:0, 1:0:0:0:0, 1:0:0:0:0, 3:0:0:0:3, 3:0:0:0:3, 3:0:0:0:2, 3:0:0:0:4, 1:0:0:0:2, 2:0:0:0:2, 1:0:0:0:1, 1:0:0:0:1, 1:0:0:0:3, 1:0:0:0:0, 1:0:0:0:0, 2:0:0:0:2, 3:0:0:0:2, 3:0:0:0:2, 2:0:0:0:1, 3:0:0:0:2, 3:0:0:0:2, 3:0:0:0:2, 3:0:0:0:1, 1:0:0:0:0, 3:0:0:0:3, 2:0:0:0:1, 2:0:0:0:5, 3:0:0:0:2, 4:0:0:0:5, 3:0:0:0:1, 4:1:1:0:3, 2:0:0:0:1, 2:0:0:0:1, 3:0:0:0:2, 3:0:0:0:1, 1:0:0:0:0, 3:0:0:0:3, 2:0:0:0:1, 2:0:0:0:5, 3:0:0:0:1, 3:0:0:0:2, 3:0:0:0:1, 3:2:2:0:3, 2:0:0:0:1, 1:0:0:0:1, 4:0:0:0:2, 2:0:0:0:2, 1:0:0:0:0, 4:0:0:0:5, 2:0:0:0:1, 2:0:0:0:5, 3:0:0:0:3, 3:0:0:0:4, 4:0:0:0:1, 2:1:1:0:1, 3:0:0:0:2, 2:0:0:0:1, 3:0:0:0:2, 4:0:0:0:2, 1:0:0:0:0, 4:0:0:0:7, 2:0:0:0:1, 2:0:0:0:4, 3:0:0:0:1, 3:0:0:0:2, 3:0:0:0:2, 3:0:0:0:2, 3:0:0:0:2, 2:0:0:0:1, 2:0:0:0:1, 3:0:0:0:3, 1:0:0:0:0, 2:0:0:0:3, 2:0:0:0:1, 3:0:0:0:7, 3:0:0:0:2, 4:0:0:0:4, 5:0:0:0:4, 4:0:0:0:5, 2:0:0:0:2, 3:0:0:0:6, 4:0:0:0:2, 4:0:0:0:3, 1:0:0:0:0, 4:0:0:0:5, 2:0:0:0:1, 3:0:0:0:4, 3:0:0:0:2, 4:0:0:0:2, 3:0:0:0:2, 4:1:1:0:2, 1:0:0:0:1, 4:1:1:0:2, 4:0:0:0:3, 2:0:0:0:2, 1:0:0:0:0, 2:0:0:0:4, 3:0:0:0:2, 3:0:0:0:4, 3:0:0:0:1, 3:0:0:0:2, 3:0:0:0:2, 3:0:0:0:2, 3:0:0:0:2, 2:0:0:0:1, 2:0:0:0:1, 3:0:0:0:3, 2:0:0:0:1, 2:0:0:0:3, 2:0:0:0:1, 3:0:0:0:7, 3:0:0:0:2, 4:1:1:0:3, 5:0:0:0:4, 4:0:0:0:5, 2:0:0:0:2, 2:0:0:0:5, 4:0:0:0:2, 4:0:0:0:3, 1:0:0:0:0, 4:0:0:0:5, 2:0:0:0:1, 3:0:0:0:4, 3:0:0:0:2, 4:0:0:0:2, 3:0:0:0:2, 4:0:0:0:3, 1:1:1:0:1, 4:1:1:0:2, 3:0:0:0:2, 2:0:0:0:2, 1:0:0:0:0, 2:0:0:0:4, 3:0:0:0:2, 3:0:0:0:4, 3:0:0:0:1, 3:0:0:0:2, 3:0:0:0:2, 2:0:0:0:1, 2:0:0:0:1, 2:1:1:0:2, 3:0:0:0:2, 3:0:0:0:3, 1:0:0:0:0, 4:0:0:0:6, 2:0:0:0:1, 2:0:0:0:4, 3:0:0:0:2, 3:0:0:0:2, 3:0:0:0:0, 6:0:0:0:4, 5:0:0:0:4, 3:0:0:0:2, 3:0:0:0:2, 5:0:0:0:4, 2:0:0:0:1, 3:0:0:0:6, 0:0:0:0:0, 2:0:0:0:5, 2:0:0:0:1, 1:0:0:0:0, 2:0:0:0:2, 2:0:0:0:6, 1:0:0:0:0, 1:0:0:0:0, 1:0:0:0:0, 1:0:0:0:0, 1:0:0:0:0, 451:10:10:0:383
C# major blues (7#), 1:0:0:0:1, 1:0:0:0:2, 3:0:0:0:1, 2:1:0:0:2, 2:0:0:0:2, 2:1:0:0:3, 2:1:0:0:2, 2:0:0:0:3, 2:1:0:0:1, 1:1:0:0:1, 4:1:1:0:2, 4:2:0:0:4, 1:0:0:0:1, 1:0:0:0:2, 3:0:0:0:1, 3:1:0:0:2, 3:0:0:0:3, 4:1:0:0:4, 3:1:0:0:2, 2:0:0:0:3, 1:1:0:0:1, 1:1:0:0:1, 1:0:0:0:1, 4:2:0:0:4, 1:0:0:0:1, 3:1:0:0:4, 2:0:0:0:1, 3:0:0:0:2, 3:0:0:0:1, 3:1:0:0:2, 4:1:0:0:1, 4:0:0:0:2, 3:0:0:0:1, 1:1:0:0:1, 3:0:0:0:2, 2:0:0:0:1, 3:0:0:0:4, 4:0:0:0:2, 4:1:1:0:3, 2:0:0:0:1, 4:0:0:0:2, 2:1:0:0:1, 3:1:0:0:1, 3:0:0:0:2, 3:0:0:0:1, 1:1:0:0:1, 3:0:0:0:2, 2:0:0:0:1, 2:0:0:0:4, 2:0:0:0:1, 2:0:0:0:2, 2:0:0:0:1, 3:1:1:0:2, 2:1:0:0:1, 3:2:0:0:2, 3:0:0:0:2, 1:0:0:0:1, 2:1:0:0:1, 5:0:0:0:2, 2:0:0:0:1, 2:0:0:0:4, 4:0:0:0:2, 3:1:1:0:2, 4:0:0:0:2, 3:0:0:0:1, 3:1:0:0:2, 2:1:0:0:1, 3:0:0:0:2, 4:0:0:0:2, 2:1:0:0:1, 3:0:0:0:3, 2:0:0:0:1, 3:0:0:0:3, 2:0:0:0:1, 2:0:0:0:2, 3:0:0:0:2, 4:0:0:0:2, 3:1:0:0:2, 2:1:0:0:1, 3:0:0:0:1, 2:0:0:0:2, 1:1:0:0:1, 4:0:0:0:2, 2:0:0:0:1, 4:0:0:0:4, 4:0:0:0:2, 4:1:1:0:2, 4:0:0:0:4, 3:0:0:0:3, 5:1:0:0:2, 4:1:0:0:4, 4:0:0:0:2, 3:0:0:0:1, 2:2:1:0:2, 5:0:0:0:2, 3:0:0:0:1, 2:0:0:0:3, 2:0:0:0:2, 3:0:0:0:2, 2:0:0:0:2, 3:0:0:0:1, 2:1:0:0:1, 4:1:0:0:2, 3:0:0:0:2, 1:0:0:0:1, 1:1:0:0:1, 3:0:0:0:3, 3:0:0:0:1, 3:0:0:0:4, 2:0:0:0:1, 2:0:0:0:2, 3:0:0:0:2, 4:0:0:0:2, 3:1:0:0:2, 2:1:0:0:1, 3:0:0:0:1, 2:0:0:0:2, 2:1:0:0:1, 4:0:0:0:2, 2:0:0:0:1, 4:0:0:0:4, 4:0:0:0:2, 4:2:2:0:3, 4:0:0:0:4, 3:0:0:0:3, 5:1:0:0:2, 4:1:0:0:4, 4:0:0:0:2, 3:0:0:0:1, 2:2:1:0:2, 5:0:0:0:2, 3:0:0:0:1, 2:0:0:0:3, 2:0:0:0:2, 3:0:0:0:2, 2:0:0:0:2, 2:0:0:0:1, 3:1:0:0:1, 4:1:0:0:2, 2:0:0:0:2, 1:0:0:0:1, 1:1:0:0:1, 3:0:0:0:3, 3:0:0:0:1, 3:0:0:0:4, 2:0:0:0:1, 2:0:0:0:2, 3:0:0:0:2, 3:0:0:0:2, 2:1:0:0:2, 3:2:0:0:2, 2:0:0:0:1, 2:0:0:0:2, 1:1:0:0:1, 3:0:0:0:3, 2:0:0:0:1, 3:0:0:0:3, 4:0:0:0:2, 3:1:1:0:2, 2:0:0:0:2, 5:1:1:0:3, 5:1:0:0:2, 3:1:0:0:2, 3:1:0:0:2, 4:0:0:0:3, 2:1:0:0:1, 4:0:0:0:3, 1:1:0:0:1, 2:0:0:0:2, 1:0:0:0:0, 1:1:0:0:1, 3:0:0:0:0, 3:0:0:0:1, 2:1:0:0:2, 1:0:0:0:1, 0:0:0:0:0, 0:0:0:0:0, 0:0:0:0:0, 473:68:11:0:330
Ab minor blues (7b), 1:0:0:0:1, 1:0:0:0:0, 3:0:0:0:3, 2:0:0:0:2, 1:0:0:0:0, 1:0:0:0:2, 1:0:0:0:2, 2:0:0:0:2, 2:0:0:0:2, 0:0:0:0:0, 4:0:0:0:5, 1:0:0:0:0, 1:0:0:0:0, 1:0:0:0:0, 3:0:0:0:3, 3:0:0:0:3, 3:0:0:0:2, 3:0:0:0:4, 1:0:0:0:2, 2:0:0:0:2, 1:0:0:0:1, 1:0:0:0:1, 1:0:0:0:3, 1:0:0:0:0, 1:0:0:0:0, 2:0:0:0:2, 3:0:0:0:2, 3:0:0:0:2, 2:0:0:0:1, 3:0:0:0:2, 3:0:0:0:2, 3:0:0:0:2, 3:0:0:0:1, 1:0:0:0:0, 3:0:0:0:3, 2:0:0:0:1, 2:0:0:0:5, 3:0:0:0:2, 4:0:0:0:5, 3:0:0:0:1, 4:1:1:0:3, 2:0:0:0:1, 2:0:0:0:1, 3:0:0:0:2, 3:0:0:0:1, 1:0:0:0:0, 3:0:0:0:3, 2:0:0:0:1, 2:0:0:0:5, 3:0:0:0:1, 3:0:0:0:2, 3:0:0:0:1, 3:2:2:0:3, 2:0:0:0:1, 1:0:0:0:1, 4:0:0:0:2, 2:0:0:0:2, 1:0:0:0:0, 4:0:0:0:5, 2:0:0:0:1, 2:0:0:0:5, 3:0:0:0:3, 3:0:0:0:4, 4:0:0:0:1, 2:1:1:0:1, 3:0:0:0:2, 2:0:0:0:1, 3:0:0:0:2, 4:0:0:0:2, 1:0:0:0:0, 4:0:0:0:7, 2:0:0:0:1, 2:0:0:0:4, 3:0:0:0:1, 3:0:0:0:2, 3:0:0:0:2, 3:0:0:0:2, 3:0:0:0:2, 2:0:0:0:1, 2:0:0:0:1, 3:0:0:0:3, 1:0:0:0:0, 2:0:0:0:3, 2:0:0:0:1, 3:0:0:0:7, 3:0:0:0:2, 4:0:0:0:4, 5:0:0:0:4, 4:0:0:0:5, 2:0:0:0:2, 3:0:0:0:6, 4:0:0:0:2, 4:0:0:0:3, 1:0:0:0:0, 4:0:0:0:5, 2:0:0:0:1, 3:0:0:0:4, 3:0:0:0:2, 4:0:0:0:2, 3:0:0:0:2, 4:1:1:0:2, 1:0:0:0:1, 4:1:1:0:2, 4:0:0:0:3, 2:0:0:0:2, 1:0:0:0:0, 2:0:0:0:4, 3:0:0:0:2, 3:0:0:0:4, 3:0:0:0:1, 3:0:0:0:2, 3:0:0:0:2, 3:0:0:0:2, 3:0:0:0:2, 2:0:0:0:1, 2:0:0:0:1, 3:0:0:0:3, 2:0:0:0:1, 2:0:0:0:3, 2:0:0:0:1, 3:0:0:0:7, 3:0:0:0:2, 4:1:1:0:3, 5:0:0:0:4, 4:0:0:0:5, 2:0:0:0:2, 2:0:0:0:5, 4:0:0:0:2, 4:0:0:0:3, 1:0:0:0:0, 4:0:0:0:5, 2:0:0:0:1, 3:0:0:0:4, 3:0:0:0:2, 4:0:0:0:2, 3:0:0:0:2, 4:0:0:0:3, 1:1:1:0:1, 4:1:1:0:2, 3:0:0:0:2, 2:0:0:0:2, 1:0:0:0:0, 2:0:0:0:4, 3:0:0:0:2, 3:0:0:0:4, 3:0:0:0:1, 3:0:0:0:2, 3:0:0:0:2, 2:0:0:0:1, 2:0:0:0:1, 2:1:1:0:2, 3:0:0:0:2, 3:0:0:0:3, 1:0:0:0:0, 4:0:0:0:6, 2:0:0:0:1, 2:0:0:0:4, 3:0:0:0:2, 3:0:0:0:2, 3:0:0:0:0, 6:0:0:0:4, 5:0:0:0:4, 3:0:0:0:2, 3:0:0:0:2, 5:0:0:0:4, 2:0:0:0:1, 3:0:0:0:6, 0:0:0:0:0, 2:0:0:0:5, 2:0:0:0:1, 1:0:0:0:0, 2:0:0:0:2, 2:0:0:0:6, 1:0:0:0:0, 1:0:0:0:0, 1:0:0:0:0, 1:0:0:0:0, 1:0:0:0:0, 451:10:10:0:383
A# minor blues (7#), 1:0:0:0:1, 1:0:0:0:2, 3:0:0:0:1, 2:1:0:0:2, 2:0:0:0:2, 2:1:0:0:3, 2:1:0:0:2, 2:0:0:0:3, 2:1:0:0:1, 1:1:0:0:1, 4:1:1:0:2, 4:2:0:0:4, 1:0:0:0:1, 1:0:0:0:2, 3:0:0:0:1, 3:1:0:0:2, 3:0:0:0:3, 4:1:0:0:4, 3:1:0:0:2, 2:0:0:0:3, 1:1:0:0:1, 1:1:0:0:1, 1:0:0:0:1, 4:2:0:0:4, 1:0:0:0:1, 3:1:0:0:4, 2:0:0:0:1, 3:0:0:0:2, 3:0:0:0:1, 3:1:0:0:2, 4:1:0:0:1, 4:0:0:0:2, 3:0:0:0:1, 1:1:0:0:1, 3:0:0:0:2, 2:0:0:0:1, 3:0:0:0:4, 4:0:0:0:2, 4:1:1:0:3, 2:0:0:0:1, 4:0:0:0:2, 2:1:0:0:1, 3:1:0:0:1, 3:0:0:0:2, 3:0:0:0:1, 1:1:0:0:1, 3:0:0:0:2, 2:0:0:0:1, 2:0:0:0:4, 2:0:0:0:1, 2:0:0:0:2, 2:0:0:0:1, 3:1:1:0:2, 2:1:0:0:1, 3:2:0:0:2, 3:0:0:0:2, 1:0:0:0:1, 2:1:0:0:1, 5:0:0:0:2, 2:0:0:0:1, 2:0:0:0:4, 4:0:0:0:2, 3:1:1:0:2, 4:0:0:0:2, 3:0:0:0:1, 3:1:0:0:2, 2:1:0:0:1, 3:0:0:0:2, 4:0:0:0:2, 2:1:0:0:1, 3:0:0:0:3, 2:0:0:0:1, 3:0:0:0:3, 2:0:0:0:1, 2:0:0:0:2, 3:0:0:0:2, 4:0:0:0:2, 3:1:0:0:2, 2:1:0:0:1, 3:0:0:0:1, 2:0:0:0:2, 1:1:0:0:1, 4:0:0:0:2, 2:0:0:0:1, 4:0:0:0:4, 4:0:0:0:2, 4:1:1:0:2, 4:0:0:0:4, 3:0:0:0:3, 5:1:0:0:2, 4:1:0:0:4, 4:0:0:0:2, 3:0:0:0:1, 2:2:1:0:2, 5:0:0:0:2, 3:0:0:0:1, 2:0:0:0:3, 2:0:0:0:2, 3:0:0:0:2, 2:0:0:0:2, 3:0:0:0:1, 2:1:0:0:1, 4:1:0:0:2, 3:0:0:0:2, 1:0:0:0:1, 1:1:0:0:1, 3:0:0:0:3, 3:0:0:0:1, 3:0:0:0:4, 2:0:0:0:1, 2:0:0:0:2, 3:0:0:0:2, 4:0:0:0:2, 3:1:0:0:2, 2:1:0:0:1, 3:0:0:0:1, 2:0:0:0:2, 2:1:0:0:1, 4:0:0:0:2, 2:0:0:0:1, 4:0:0:0:4, 4:0:0:0:2, 4:2:2:0:3, 4:0:0:0:4, 3:0:0:0:3, 5:1:0:0:2, 4:1:0:0:4, 4:0:0:0:2, 3:0:0:0:1, 2:2:1:0:2, 5:0:0:0:2, 3:0:0:0:1, 2:0:0:0:3, 2:0:0:0:2, 3:0:0:0:2, 2:0:0:0:2, 2:0:0:0:1, 3:1:0:0:1, 4:1:0:0:2, 2:0:0:0:2, 1:0:0:0:1, 1:1:0:0:1, 3:0:0:0:3, 3:0:0:0:1, 3:0:0:0:4, 2:0:0:0:1, 2:0:0:0:2, 3:0:0:0:2, 3:0:0:0:2, 2:1:0:0:2, 3:2:0:0:2, 2:0:0:0:1, 2:0:0:0:2, 1:1:0:0:1, 3:0:0:0:3, 2:0:0:0:1, 3:0:0:0:3, 4:0:0:0:2, 3:1:1:0:2, 2:0:0:0:2, 5:1:1:0:3, 5:1:0:0:2, 3:1:0:0:2, 3:1:0:0:2, 4:0:0:0:3, 2:1:0:0:1, 4:0:0:0:3, 1:1:0:0:1, 2:0:0:0:2, 1:0:0:0:0, 1:1:0:0:1, 3:0:0:0:0, 3:0:0:0:1, 2:1:0:0:2, 1:0:0:0:1, 0:0:0:0:0, 0:0:0:0:0, 0:0:0:0:0, 473:68:11:0:330
Cb dorian (7b), 1:0:0:0:1, 1:0:0:0:0, 3:0:0:0:3, 2:0:0:0:2, 1:0:0:0:0, 1:0:0:0:2, 1:0:0:0:2, 2:0:0:0:2, 2:0:0:0:2, 0:0:0:0:0, 4:0:0:0:5, 1:0:0:0:0, 1:0:0:0:0, 1:0:0:0:0, 3:0:0:0:3, 3:0:0:0:3, 3:0:0:0:2, 3:0:0:0:4, 1:0:0:0:2, 2:0:0:0:2, 1:0:0:0:1, 1:0:0:0:1, 1:0:0:0:3, 1:0:0:0:0, 1:0:0:0:0, 2:0:0:0:2, 3:0:0:0:2, 3:0:0:0:2, 2:0:0:0:1, 3:0:0:0:2, 3:0:0:0:2, 3:0:0:0:2, 3:0:0:0:1, 1:0:0:0:0, 3:0:0:0:3, 2:0:0:0:1, 2:0:0:0:5, 3:0:0:0:2, 4:0:0:0:5, 3:0:0:0:1, 4:1:1:0:3, 2:0:0:0:1, 2:0:0:0:1, 3:0:0:0:2, 3:0:0:0:1, 1:0:0:0:0, 3:0:0:0:3, 2:0:0:0:1, 2:0:0:0:5, 3:0:0:0:1, 3:0:0:0:2, 3:0:0:0:1, 3:2:2:0:3, 2:0:0:0:1, 1:0:0:0:1, 4:0:0:0:2, 2:0:0:0:2, 1:0:0:0:0, 4:0:0:0:5, 2:0:0:0:1, 2:0:0:0:5, 3:0:0:0:3, 3:0:0:0:4, 4:0:0:0:1, 2:1:1:0:1, 3:0:0:0:2, 2:0:0:0:1, 3:0:0:0:2, 4:0:0:0:2, 1:0:0:0:0, 4:0:0:0:7, 2:0:0:0:1, 2:0:0:0:4, 3:0:0:0:1, 3:0:0:0:2, 3:0:0:0:2, 3:0:0:0:2, 3:0:0:0:2, 2:0:0:0:1, 2:0:0:0:1, 3:0:0:0:3, 1:0:0:0:0, 2:0:0:0:3, 2:0:0:0:1, 3:0:0:0:7, 3:0:0:0:2, 4:0:0:0:4, 5:0:0:0:4, 4:0:0:0:5, 2:0:0:0:2, 3:0:0:0:6, 4:0:0:0:2, 4:0:0:0:3, 1:0:0:0:0, 4:0:0:0:5, 2:0:0:0:1, 3:0:0:0:4, 3:0:0:0:2, 4:0:0:0:2, 3:0:0:0:2, 4:1:1:0:2, 1:0:0:0:1, 4:1:1:0:2, 4:0:0:0:3, 2:0:0:0:2, 1:0:0:0:0, 2:0:0:0:4, 3:0:0:0:2, 3:0:0:0:4, 3:0:0:0:1, 3:0:0:0:2, 3:0:0:0:2, 3:0:0:0:2, 3:0:0:0:2, 2:0:0:0:1, 2:0:0:0:1, 3:0:0:0:3, 2:0:0:0:1, 2:0:0:0:3, 2:0:0:0:1, 3:0:0:0:7, 3:0:0:0:2, 4:1:1:0:3, 5:0:0:0:4, 4:0:0:0:5, 2:0:0:0:2, 2:0:0:0:5, 4:0:0:0:2, 4:0:0:0:3, 1:0:0:0:0, 4:0:0:0:5, 2:0:0:0:1, 3:0:0:0:4, 3:0:0:0:2, 4:0:0:0:2, 3:0:0:0:2, 4:0:0:0:3, 1:1:1:0:1, 4:1:1:0:2, 3:0:0:0:2, 2:0:0:0:2, 1:0:0:0:0, 2:0:0:0:4, 3:0:0:0:2, 3:0:0:0:4, 3:0:0:0:1, 3:0:0:0:2, 3:0:0:0:2, 2:0:0:0:1, 2:0:0:0:1, 2:1:1:0:2, 3:0:0:0:2, 3:0:0:0:3, 1:0:0:0:0, 4:0:0:0:6, 2:0:0:0:1, 2:0:0:0:4, 3:0:0:0:2, 3:0:0:0:2, 3:0:0:0:0, 6:0:0:0:4, 5:0:0:0:4, 3:0:0:0:2, 3:0:0:0:2, 5:0:0:0:4, 2:0:0:0:1, 3:0:0:0:6, 0:0:0:0:0, 2:0:0:0:5, 2:0:0:0:1, 1:0:0:0:0, 2:0:0:0:2, 2:0:0:0:6, 1:0:0:0:0, 1:0:0:0:0, 1:0:0:0:0, 1:0:0:0:0, 1:0:0:0:0, 451:10:10:0:383
C# dorian (7#), 1:0:0:0:1, 1:0:0:0:2, 3:0:0:0:1, 2:1:0:0:2, 2:0:0:0:2, 2:1:0:0:3, 2:1:0:0:2, 2:0:0:0:3, 2:1:0:0:1, 1:1:0:0:1, 4:1:1:0:2, 4:2:0:0:4, 1:0:0:0:1, 1:0:0:0:2, 3:0:0:0:1, 3:1:0:0:2, 3:0:0:0:3, 4:1:0:0:4, 3:1:0:0:2, 2:0:0:0:3, 1:1:0:0:1, 1:1:0:0:1, 1:0:0:0:1, 4:2:0:0:4, 1:0:0:0:1, 3:1:0:0:4, 2:0:0:0:1, 3:0:0:0:2, 3:0:0:0:1, 3:1:0:0:2, 4:1:0:0:1, 4:0:0:0:2, 3:0:0:0:1, 1:1:0:0:1, 3:0:0:0:2, 2:0:0:0:1, 3:0:0:0:4, 4:0:0:0:2, 4:1:1:0:3, 2:0:0:0:1, 4:0:0:0:2, 2:1:0:0:1, 3:1:0:0:1, 3:0:0:0:2, 3:0:0:0:1, 1:1:0:0:1, 3:0:0:0:2, 2:0:0:0:1, 2:0:0:0:4, 2:0:0:0:1, 2:0:0:0:2, 2:0:0:0:1, 3:1:1:0:2, 2:1:0:0:1, 3:2:0:0:2, 3:0:0:0:2, 1:0:0:0:1, 2:1:0:0:1, 5:0:0:0:2, 2:0:0:0:1, 2:0:0:0:4, 4:0:0:0:2, 3:1:1:0:2, 4:0:0:0:2, 3:0:0:0:1, 3:1:0:0:2, 2:1:0:0:1, 3:0:0:0:2, 4:0:0:0:2, 2:1:0:0:1, 3:0:0:0:3, 2:0:0:0:1, 3:0:0:0:3, 2:0:0:0:1, 2:0:0:0:2, 3:0:0:0:2, 4:0:0:0:2, 3:1:0:0:2, 2:1:0:0:1, 3:0:0:0:1, 2:0:0:0:2, 1:1:0:0:1, 4:0:0:0:2, 2:0:0:0:1, 4:0:0:0:4, 4:0:0:0:2, 4:1:1:0:2, 4:0:0:0:4, 3:0:0:0:3, 5:1:0:0:2, 4:1:0:0:4, 4:0:0:0:2, 3:0:0:0:1, 2:2:1:0:2, 5:0:0:0:2, 3:0:0:0:1, 2:0:0:0:3, 2:0:0:0:2, 3:0:0:0:2, 2:0:0:0:2, 3:0:0:0:1, 2:1:0:0:1, 4:1:0:0:2, 3:0:0:0:2, 1:0:0:0:1, 1:1:0:0:1, 3:0:0:0:3, 3:0:0:0:1, 3:0:0:0:4, 2:0:0:0:1, 2:0:0:0:2, 3:0:0:0:2, 4:0:0:0:2, 3:1:0:0:2, 2:1:0:0:1, 3:0:0:0:1, 2:0:0:0:2, 2:1:0:0:1, 4:0:0:0:2, 2:0:0:0:1, 4:0:0:0:4, 4:0:0:0:2, 4:2:2:0:3, 4:0:0:0:4, 3:0:0:0:3, 5:1:0:0:2, 4:1:0:0:4, 4:0:0:0:2, 3:0:0:0:1, 2:2:1:0:2, 5:0:0:0:2, 3:0:0:0:1, 2:0:0:0:3, 2:0:0:0:2, 3:0:0:0:2, 2:0:0:0:2, 2:0:0:0:1, 3:1:0:0:1, 4:1:0:0:2, 2:0:0:0:2, 1:0:0:0:1, 1:1:0:0:1, 3:0:0:0:3, 3:0:0:0:1, 3:0:0:0:4, 2:0:0:0:1, 2:0:0:0:2, 3:0:0:0:2, 3:0:0:0:2, 2:1:0:0:2, 3:2:0:0:2, 2:0:0:0:1, 2:0:0:0:2, 1:1:0:0:1, 3:0:0:0:3, 2:0:0:0:1, 3:0:0:0:3, 4:0:0:0:2, 3:1:1:0:2, 2:0:0:0:2, 5:1:1:0:3, 5:1:0:0:2, 3:1:0:0:2, 3:1:0:0:2, 4:0:0:0:3, 2:1:0:0:1, 4:0:0:0:3, 1:1:0:0:1, 2:0:0:0:2, 1:0:0:0:0, 1:1:0:0:1, 3:0:0:0:0, 3:0:0:0:1, 2:1:0:0:2, 1:0:0:0:1, 0:0:0:0:0, 0:0:0:0:0, 0:0:0:0:0, 473:68:11:0:330
Cb phrygian (7b), 1:0:0:0:1, 1:0:0:0:0, 3:0:0:0:3, 2:0:0:0:2, 1:0:0:0:0, 1:0:0:0:2, 1:0:0:0:2, 2:0:0:0:2, 2:0:0:0:2, 0:0:0:0:0, 4:0:0:0:5, 1:0:0:0:0, 1:0:0:0:0, 1:0:0:0:0, 3:0:0:0:3, 3:0:0:0:3, 3:0:0:0:2, 3:0:0:0:4, 1:0:0:0:2, 2:0:0:0:2, 1:0:0:0:1, 1:0:0:0:1, 1:0:0:0:3, 1:0:0:0:0, 1:0:0:0:0, 2:0:0:0:2, 3:0:0:0:2, 3:0:0:0:2, 2:0:0:0:1, 3:0:0:0:2, 3:0:0:0:2, 3:0:0:0:2, 3:0:0:0:1, 1:0:0:0:0, 3:0:0:0:3, 2:0:0:0:1, 2:0:0:0:5, 3:0:0:0:2, 4:0:0:0:5, 3:0:0:0:1, 4:1:1:0:3, 2:0:0:0:1, 2:0:0:0:1, 3:0:0:0:2, 3:0:0:0:1, 1:0:0:0:0, 3:0:0:0:3, 2:0:0:0:1, 2:0:0:0:5, 3:0:0:0:1, 3:0:0:0:2, 3:0:0:0:1, 3:2:2:0:3, 2:0:0:0:1, 1:0:0:0:1, 4:0:0:0:2, 2:0:0:0:2, 1:0:0:0:0, 4:0:0:0:5, 2:0:0:0:1, 2:0:0:0:5, 3:0:0:0:3, 3:0:0:0:4, 4:0:0:0:1, 2:1:1:0:1, 3:0:0:0:2, 2:0:0:0:1, 3:0:0:0:2, 4:0:0:0:2, 1:0:0:0:0, 4:0:0:0:7, 2:0:0:0:1, 2:0:0:0:4, 3:0:0:0:1, 3:0:0:0:2, 3:0:0:0:2, 3:0:0:0:2, 3:0:0:0:2, 2:0:0:0:1, 2:0:0:0:1, 3:0:0:0:3, 1:0:0:0:0, 2:0:0:0:3, 2:0:0:0:1, 3:0:0:0:7, 3:0:0:0:2, 4:0:0:0:4, 5:0:0:0:4, 4:0:0:0:5, 2:0:0:0:2, 3:0:0:0:6, 4:0:0:0:2, 4:0:0:0:3, 1:0:0:0:0, 4:0:0:0:5, 2:0:0:0:1, 3:0:0:0:4, 3:0:0:0:2, 4:0:0:0:2, 3:0:0:0:2, 4:1:1:0:2, 1:0:0:0:1, 4:1:1:0:2, 4:0:0:0:3, 2:0:0:0:2, 1:0:0:0:0, 2:0:0:0:4, 3:0:0:0:2, 3:0:0:0:4, 3:0:0:0:1, 3:0:0:0:2, 3:0:0:0:2, 3:0:0:0:2, 3:0:0:0:2, 2:0:0:0:1, 2:0:0:0:1, 3:0:0:0:3, 2:0:0:0:1, 2:0:0:0:3, 2:0:0:0:1, 3:0:0:0:7, 3:0:0:0:2, 4:1:1:0:3, 5:0:0:0:4, 4:0:0:0:5, 2:0:0:0:2, 2:0:0:0:5, 4:0:0:0:2, 4:0:0:0:3, 1:0:0:0:0, 4:0:0:0:5, 2:0:0:0:1, 3:0:0:0:4, 3:0:0:0:2, 4:0:0:0:2, 3:0:0:0:2, 4:0:0:0:3, 1:1:1:0:1, 4:1:1:0:2, 3:0:0:0:2, 2:0:0:0:2, 1:0:0:0:0, 2:0:0:0:4, 3:0:0:0:2, 3:0:0:0:4, 3:0:0:0:1, 3:0:0:0:2, 3:0:0:0:2, 2:0:0:0:1, 2:0:0:0:1, 2:1:1:0:2, 3:0:0:0:2, 3:0:0:0:3, 1:0:0:0:0, 4:0:0:0:6, 2:0:0:0:1, 2:0:0:0:4, 3:0:0:0:2, 3:0:0:0:2, 3:0:0:0:0, 6:0:0:0:4, 5:0:0:0:4, 3:0:0:0:2, 3:0:0:0:2, 5:0:0:0:4, 2:0:0:0:1, 3:0:0:0:6, 0:0:0:0:0, 2:0:0:0:5, 2:0:0:0:1, 1:0:0:0:0, 2:0:0:0:2, 2:0:0:0:6, 1:0:0:0:0, 1:0:0:0:0, 1:0:0:0:0, 1:0:0:0:0, 1:0:0:0:0, 451:10:10:0:383
C# phrygian (7#), 1:0:0:0:1, 1:0:0:0:2, 3:0:0:0:1, 2:1:0:0:2, 2:0:0:0:2, 2:1:0:0:3, 2:1:0:0:2, 2:0:0:0:3, 2:1:0:0:1, 1:1:0:0:1, 4:1:1:0:2, 4:2:0:0:4, 1:0:0:0:1, 1:0:0:0:2, 3:0:0:0:1, 3:1:0:0:2, 3:0:0:0:3, 4:1:0:0:4, 3:1:0:0:2, 2:0:0:0:3, 1:1:0:0:1, 1:1:0:0:1, 1:0:0:0:1, 4:2:0:0:4, 1:0:0:0:1, 3:1:0:0:4, 2:0:0:0:1, 3:0:0:0:2, 3:0:0:0:1, 3:1:0:0:2, 4:1:0:0:1, 4:0:0:0:2, 3:0:0:0:1, 1:1:0:0:1, 3:0:0:0:2, 2:0:0:0:1, 3:0:0:0:4, 4:0:0:0:2, 4:1:1:0:3, 2:0:0:0:1, 4:0:0:0:2, 2:1:0:0:1, 3:1:0:0:1, 3:0:0:0:2, 3:0:0:0:1, 1:1:0:0:1, 3:0:0:0:2, 2:0:0:0:1, 2:0:0:0:4, 2:0:0:0:1, 2:0:0:0:2, 2:0:0:0:1, 3:1:1:0:2, 2:1:0:0:1, 3:2:0:0:2, 3:0:0:0:2, 1:0:0:0:1, 2:1:0:0:1, 5:0:0:0:2, 2:0:0:0:1, 2:0:0:0:4, 4:0:0:0:2, 3:1:1:0:2, 4:0:0:0:2, 3:0:0:0:1, 3:1:0:0:2, 2:1:0:0:1, 3:0:0:0:2, 4:0:0:0:2, 2:1:0:0:1, 3:0:0:0:3, 2:0:0:0:1, 3:0:0:0:3, 2:0:0:0:1, 2:0:0:0:2, 3:0:0:0:2, 4:0:0:0:2, 3:1:0:0:2, 2:1:0:0:1, 3:0:0:0:1, 2:0:0:0:2, 1:1:0:0:1, 4:0:0:0:2, 2:0:0:0:1, 4:0:0:0:4, 4:0:0:0:2, 4:1:1:0:2, 4:0:0:0:4, 3:0:0:0:3, 5:1:0:0:2, 4:1:0:0:4, 4:0:0:0:2, 3:0:0:0:1, 2:2:1:0:2, 5:0:0:0:2, 3:0:0:0:1, 2:0:0:0:3, 2:0:0:0:2, 3:0:0:0:2, 2:0:0:0:2, 3:0:0:0:1, 2:1:0:0:1, 4:1:0:0:2, 3:0:0:0:2, 1:0:0:0:1, 1:1:0:0:1, 3:0:0:0:3, 3:0:0:0:1, 3:0:0:0:4, 2:0:0:0:1, 2:0:0:0:2, 3:0:0:0:2, 4:0:0:0:2, 3:1:0:0:2, 2:1:0:0:1, 3:0:0:0:1, 2:0:0:0:2, 2:1:0:0:1, 4:0:0:0:2, 2:0:0:0:1, 4:0:0:0:4, 4:0:0:0:2, 4:2:2:0:3, 4:0:0:0:4, 3:0:0:0:3, 5:1:0:0:2, 4:1:0:0:4, 4:0:0:0:2, 3:0:0:0:1, 2:2:1:0:2, 5:0:0:0:2, 3:0:0:0:1, 2:0:0:0:3, 2:0:0:0:2, 3:0:0:0:2, 2:0:0:0:2, 2:0:0:0:1, 3:1:0:0:1, 4:1:0:0:2, 2:0:0:0:2, 1:0:0:0:1, 1:1:0:0:1, 3:0:0:0:3, 3:0:0:0:1, 3:0:0:0:4, 2:0:0:0:1, 2:0:0:0:2, 3:0:0:0:2, 3:0:0:0:2, 2:1:0:0:2, 3:2:0:0:2, 2:0:0:0:1, 2:0:0:0:2, 1:1:0:0:1, 3:0:0:0:3, 2:0:0:0:1, 3:0:0:0:3, 4:0:0:0:2, 3:1:1:0:2, 2:0:0:0:2, 5:1:1:0:3, 5:1:0:0:2, 3:1:0:0:2, 3:1:0:0:2, 4:0:0:0:3, 2:1:0:0:1, 4:0:0:0:3, 1:1:0:0:1, 2:0:0:0:2, 1:0:0:0:0, 1:1:0:0:1, 3:0:0:0:0, 3:0:0:0:1, 2:1:0:0:2, 1:0:0:0:1, 0:0:0:0:0, 0:0:0:0:0, 0:0:0:0:0, 473:68:11:0:330
Cb lydian (7b), 1:0:0:0:1, 1:0:0:0:0, 3:0:0:0:3, 2:0:0:0:2, 1:0:0:0:0, 1:0:0:0:2, 1:0:0:0:2, 2:0:0:0:2, 2:0:0:0:2, 0:0:0:0:0, 4:0:0:0:5, 1:0:0:0:0, 1:0:0:0:0, 1:0:0:0:0, 3:0:0:0:3, 3:0:0:0:3, 3:0:0:0:2, 3:0:0:0:4, 1:0:0:0:2, 2:0:0:0:2, 1:0:0:0:1, 1:0:0:0:1, 1:0:0:0:3, 1:0:0:0:0, 1:0:0:0:0, 2:0:0:0:2, 3:0:0:0:2, 3:0:0:0:2, 2:0:0:0:1, 3:0:0:0:2, 3:0:0:0:2, 3:0:0:0:2, 3:0:0:0:1, 1:0:0:0:0, 3:0:0:0:3, 2:0:0:0:1, 2:0:0:0:5, 3:0:0:0:2, 4:0:0:0:5, 3:0:0:0:1, 4:1:1:0:3, 2:0:0:0:1, 2:0:0:0:1, 3:0:0:0:2, 3:0:0:0:1, 1:0:0:0:0, 3:0:0:0:3, 2:0:0:0:1, 2:0:0:0:5, 3:0:0:0:1, 3:0:0:0:2, 3:0:0:0:1, 3:2:2:0:3, 2:0:0:0:1, 1:0:0:0:1, 4:0:0:0:2, 2:0:0:0:2, 1:0:0:0:0, 4:0:0:0:5, 2:0:0:0:1, 2:0:0:0:5, 3:0:0:0:3, 3:0:0:0:4, 4:0:0:0:1, 2:1:1:0:1, 3:0:0:0:2, 2:0:0:0:1, 3:0:0:0:2, 4:0:0:0:2, 1:0:0:0:0, 4:0:0:0:7, 2:0:0:0:1, 2:0:0:0:4, 3:0:0:0:1, 3:0:0:0:2, 3:0:0:0:2, 3:0:0:0:2, 3:0:0:0:2, 2:0:0:0:1, 2:0:0:0:1, 3:0:0:0:3, 1:0:0:0:0, 2:0:0:0:3, 2:0:0:0:1, 3:0:0:0:7, 3:0:0:0:2, 4:0:0:0:4, 5:0:0:0:4, 4:0:0:0:5, 2:0:0:0:2, 3:0:0:0:6, 4:0:0:0:2, 4:0:0:0:3, 1:0:0:0:0, 4:0:0:0:5, 2:0:0:0:1, 3:0:0:0:4, 3:0:0:0:2, 4:0:0:0:2, 3:0:0:0:2, 4:1:1:0:2, 1:0:0:0:1, 4:1:1:0:2, 4:0:0:0:3, 2:0:0:0:2, 1:0:0:0:0, 2:0:0:0:4, 3:0:0:0:2, 3:0:0:0:4, 3:0:0:0:1, 3:0:0:0:2, 3:0:0:0:2, 3:0:0:0:2, 3:0:0:0:2, 2:0:0:0:1, 2:0:0:0:1, 3:0:0:0:3, 2:0:0:0:1, 2:0:0:0:3, 2:0:0:0:1, 3:0:0:0:7, 3:0:0:0:2, 4:1:1:0:3, 5:0:0:0:4, 4:0:0:0:5, 2:0:0:0:2, 2:0:0:0:5, 4:0:0:0:2, 4:0:0:0:3, 1:0:0:0:0, 4:0:0:0:5, 2:0:0:0:1, 3:0:0:0:4, 3:0:0:0:2, 4:0:0:0:2, 3:0:0:0:2, 4:0:0:0:3, 1:1:1:0:1, 4:1:1:0:2, 3:0:0:0:2, 2:0:0:0:2, 1:0:0:0:0, 2:0:0:0:4, 3:0:0:0:2, 3:0:0:0:4, 3:0:0:0:1, 3:0:0:0:2, 3:0:0:0:2, 2:0:0:0:1, 2:0:0:0:1, 2:1:1:0:2, 3:0:0:0:2, 3:0:0:0:3, 1:0:0:0:0, 4:0:0:0:6, 2:0:0:0:1, 2:0:0:0:4, 3:0:0:0:2, 3:0:0:0:2, 3:0:0:0:0, 6:0:0:0:4, 5:0:0:0:4, 3:0:0:0:2, 3:0:0:0:2, 5:0:0:0:4, 2:0:0:0:1, 3:0:0:0:6, 0:0:0:0:0, 2:0:0:0:5, 2:0:0:0:1, 1:0:0:0:0, 2:0:0:0:2, 2:0:0:0:6, 1:0:0:0:0, 1:0:0:0:0, 1:0:0:0:0, 1:0:0:0:0, 1:0:0:0:0, 451:10:10:0:383
C# lydian (7#), 1:0:0:0:1, 1:0:0:0:2, 3:0:0:0:1, 2:1:0:0:2, 2:0:0:0:2, 2:1:0:0:3, 2:1:0:0:2, 2:0:0:0:3, 2:1:0:0:1, 1:1:0:0:1, 4:1:1:0:2, 4:2:0:0:4, 1:0:0:0:1, 1:0:0:0:2, 3:0:0:0:1, 3:1:0:0:2, 3:0:0:0:3, 4:1:0:0:4, 3:1:0:0:2, 2:0:0:0:3, 1:1:0:0:1, 1:1:0:0:1, 1:0:0:0:1, 4:2:0:0:4, 1:0:0:0:1, 3:1:0:0:4, 2:0:0:0:1, 3:0:0:0:2, 3:0:0:0:1, 3:1:0:0:2, 4:1:0:0:1, 4:0:0:0:2, 3:0:0:0:1, 1:1:0:0:1, 3:0:0:0:2, 2:0:0:0:1, 3:0:0:0:4, 4:0:0:0:2, 4:1:1:0:3, 2:0:0:0:1, 4:0:0:0:2, 2:1:0:0:1, 3:1:0:0:1, 3:0:0:0:2, 3:0:0:0:1, 1:1:0:0:1, 3:0:0:0:2, 2:0:0:0:1, 2:0:0:0:4, 2:0:0:0:1, 2:0:0:0:2, 2:0:0:0:1, 3:1:1:0:2, 2:1:0:0:1, 3:2:0:0:2, 3:0:0:0:2, 1:0:0:0:1, 2:1:0:0:1, 5:0:0:0:2, 2:0:0:0:1, 2:0:0:0:4, 4:0:0:0:2, 3:1:1:0:2, 4:0:0:0:2, 3:0:0:0:1, 3:1:0:0:2, 2:1:0:0:1, 3:0:0:0:2, 4:0:0:0:2, 2:1:0:0:1, 3:0:0:0:3, 2:0:0:0:1, 3:0:0:0:3, 2:0:0:0:1, 2:0:0:0:2, 3:0:0:0:2, 4:0:0:0:2, 3:1:0:0:2, 2:1:0:0:1, 3:0:0:0:1, 2:0:0:0:2, 1:1:0:0:1, 4:0:0:0:2, 2:0:0:0:1, 4:0:0:0:4, 4:0:0:0:2, 4:1:1:0:2, 4:0:0:0:4, 3:0:0:0:3, 5:1:0:0:2, 4:1:0:0:4, 4:0:0:0:2, 3:0:0:0:1, 2:2:1:0:2, 5:0:0:0:2, 3:0:0:0:1, 2:0:0:0:3, 2:0:0:0:2, 3:0:0:0:2, 2:0:0:0:2, 3:0:0:0:1, 2:1:0:0:1, 4:1:0:0:2, 3:0:0:0:2, 1:0:0:0:1, 1:1:0:0:1, 3:0:0:0:3, 3:0:0:0:1, 3:0:0:0:4, 2:0:0:0:1, 2:0:0:0:2, 3:0:0:0:2, 4:0:0:0:2, 3:1:0:0:2, 2:1:0:0:1, 3:0:0:0:1, 2:0:0:0:2, 2:1:0:0:1, 4:0:0:0:2, 2:0:0:0:1, 4:0:0:0:4, 4:0:0:0:2, 4:2:2:0:3, 4:0:0:0:4, 3:0:0:0:3, 5:1:0:0:2, 4:1:0:0:4, 4:0:0:0:2, 3:0:0:0:1, 2:2:1:0:2, 5:0:0:0:2, 3:0:0:0:1, 2:0:0:0:3, 2:0:0:0:2, 3:0:0:0:2, 2:0:0:0:2, 2:0:0:0:1, 3:1:0:0:1, 4:1:0:0:2, 2:0:0:0:2, 1:0:0:0:1, 1:1:0:0:1, 3:0:0:0:3, 3:0:0:0:1, 3:0:0:0:4, 2:0:0:0:1, 2:0:0:0:2, 3:0:0:0:2, 3:0:0:0:2, 2:1:0:0:2, 3:2:0:0:2, 2:0:0:0:1, 2:0:0:0:2, 1:1:0:0:1, 3:0:0:0:3, 2:0:0:0:1, 3:0:0:0:3, 4:0:0:0:2, 3:1:1:0:2, 2:0:0:0:2, 5:1:1:0:3, 5:1:0:0:2, 3:1:0:0:2, 3:1:0:0:2, 4:0:0:0:3, 2:1:0:0:1, 4:0:0:0:3, 1:1:0:0:1, 2:0:0:0:2, 1:0:0:0:0, 1:1:0:0:1, 3:0:0:0:0, 3:0:0:0:1, 2:1:0:0:2, 1:0:0:0:1, 0:0:0:0:0, 0:0:0:0:0, 0:0:0:0:0, 473:68:11:0:330
Cb mixolydian (7b), 1:0:0:0:1, 1:0:0:0:0, 3:0:0:0:3, 2:0:0:0:2, 1:0:0:0:0, 1:0:0:0:2, 1:0:0:0:2, 2:0:0:0:2, 2:0:0:0:2, 0:0:0:0:0, 4:0:0:0:5, 1:0:0:0:0, 1:0:0:0:0, 1:0:0:0:0, 3:0:0:0:3, 3:0:0:0:3, 3:0:0:0:2, 3:0:0:0:4, 1:0:0:0:2, 2:0:0:0:2, 1:0:0:0:1, 1:0:0:0:1, 1:0:0:0:3, 1:0:0:0:0, 1:0:0:0:0, 2:0:0:0:2, 3:0:0:0:2, 3:0:0:0:2, 2:0:0:0:1, 3:0:0:0:2, 3:0:0:0:2, 3:0:0:0:2, 3:0:0:0:1, 1:0:0:0:0, 3:0:0:0:3, 2:0:0:0:1, 2:0:0:0:5, 3:0:0:0:2, 4:0:0:0:5, 3:0:0:0:1, 4:1:1:0:3, 2:0:0:0:1, 2:0:0:0:1, 3:0:0:0:2, 3:0:0:0:1, 1:0:0:0:0, 3:0:0:0:3, 2:0:0:0:1, 2:0:0:0:5, 3:0:0:0:1, 3:0:0:0:2, 3:0:0:0:1, 3:2:2:0:3, 2:0:0:0:1, 1:0:0:0:1, 4:0:0:0:2, 2:0:0:0:2, 1:0:0:0:0, 4:0:0:0:5, 2:0:0:0:1, 2:0:0:0:5, 3:0:0:0:3, 3:0:0:0:4, 4:0:0:0:1, 2:1:1:0:1, 3:0:0:0:2, 2:0:0:0:1, 3:0:0:0:2, 4:0:0:0:2, 1:0:0:0:0, 4:0:0:0:7, 2:0:0:0:1, 2:0:0:0:4, 3:0:0:0:1, 3:0:0:0:2, 3:0:0:0:2, 3:0:0:0:2, 3:0:0:0:2, 2:0:0:0:1, 2:0:0:0:1, 3:0:0:0:3, 1:0:0:0:0, 2:0:0:0:3, 2:0:0:0:1, 3:0:0:0:7, 3:0:0:0:2, 4:0:0:0:4, 5:0:0:0:4, 4:0:0:0:5, 2:0:0:0:2, 3:0:0:0:6, 4:0:0:0:2, 4:0:0:0:3, 1:0:0:0:0, 4:0:0:0:5, 2:0:0:0:1, 3:0:0:0:4, 3:0:0:0:2, 4:0:0:0:2, 3:0:0:0:2, 4:1:1:0:2, 1:0:0:0:1, 4:1:1:0:2, 4:0:0:0:3, 2:0:0:0:2, 1:0:0:0:0, 2:0:0:0:4, 3:0:0:0:2, 3:0:0:0:4, 3:0:0:0:1, 3:0:0:0:2, 3:0:0:0:2, 3:0:0:0:2, 3:0:0:0:2, 2:0:0:0:1, 2:0:0:0:1, 3:0:0:0:3, 2:0:0:0:1, 2:0:0:0:3, 2:0:0:0:1, 3:0:0:0:7, 3:0:0:0:2, 4:1:1:0:3, 5:0:0:0:4, 4:0:0:0:5, 2:0:0:0:2, 2:0:0:0:5, 4:0:0:0:2, 4:0:0:0:3, 1:0:0:0:0, 4:0:0:0:5, 2:0:0:0:1, 3:0:0:0:4, 3:0:0:0:2, 4:0:0:0:2, 3:0:0:0:2, 4:0:0:0:3, 1:1:1:0:1, 4:1:1:0:2, 3:0:0:0:2, 2:0:0:0:2, 1:0:0:0:0, 2:0:0:0:4, 3:0:0:0:2, 3:0:0:0:4, 3:0:0:0:1, 3:0:0:0:2, 3:0:0:0:2, 2:0:0:0:1, 2:0:0:0:1, 2:1:1:0:2, 3:0:0:0:2, 3:0:0:0:3, 1:0:0:0:0, 4:0:0:0:6, 2:0:0:0:1, 2:0:0:0:4, 3:0:0:0:2, 3:0:0:0:2, 3:0:0:0:0, 6:0:0:0:4, 5:0:0:0:4, 3:0:0:0:2, 3:0:0:0:2, 5:0:0:0:4, 2:0:0:0:1, 3:0:0:0:6, 0:0:0:0:0, 2:0:0:0:5, 2:0:0:0:1, 1:0:0:0:0, 2:0:0:0:2, 2:0:0:0:6, 1:0:0:0:0, 1:0:0:0:0, 1:0:0:0:0, 1:0:0:0:0, 1:0:0:0:0, 451:10:10:0:383
C# mixolydian (7#), 1:0:0:0:1, 1:0:0:0:2, 3:0:0:0:1, 2:1:0:0:2, 2:0:0:0:2, 2:1:0:0:3, 2:1:0:0:2, 2:0:0:0:3, 2:1:0:0:1, 1:1:0:0:1, 4:1:1:0:2, 4:2:0:0:4, 1:0:0:0:1, 1:0:0:0:2, 3:0:0:0:1, 3:1:0:0:2, 3:0:0:0:3, 4:1:0:0:4, 3:1:0:0:2, 2:0:0:0:3, 1:1:0:0:1, 1:1:0:0:1, 1:0:0:0:1, 4:2:0:0:4, 1:0:0:0:1, 3:1:0:0:4, 2:0:0:0:1, 3:0:0:0:2, 3:0:0:0:1, 3:1:0:0:2, 4:1:0:0:1, 4:0:0:0:2, 3:0:0:0:1, 1:1:0:0:1, 3:0:0:0:2, 2:0:0:0:1, 3:0:0:0:4, 4:0:0:0:2, 4:1:1:0:3, 2:0:0:0:1, 4:0:0:0:2, 2:1:0:0:1, 3:1:0:0:1, 3:0:0:0:2, 3:0:0:0:1, 1:1:0:0:1, 3:0:0:0:2, 2:0:0:0:1, 2:0:0:0:4, 2:0:0:0:1, 2:0:0:0:2, 2:0:0:0:1, 3:1:1:0:2, 2:1:0:0:1, 3:2:0:0:2, 3:0:0:0:2, 1:0:0:0:1, 2:1:0:0:1, 5:0:0:0:2, 2:0:0:0:1, 2:0:0:0:4, 4:0:0:0:2, 3:1:1:0:2, 4:0:0:0:2, 3:0:0:0:1, 3:1:0:0:2, 2:1:0:0:1, 3:0:0:0:2, 4:0:0:0:2, 2:1:0:0:1, 3:0:0:0:3, 2:0:0:0:1, 3:0:0:0:3, 2:0:0:0:1, 2:0:0:0:2, 3:0:0:0:2, 4:0:0:0:2, 3:1:0:0:2, 2:1:0:0:1, 3:0:0:0:1, 2:0:0:0:2, 1:1:0:0:1, 4:0:0:0:2, 2:0:0:0:1, 4:0:0:0:4, 4:0:0:0:2, 4:1:1:0:2, 4:0:0:0:4, 3:0:0:0:3, 5:1:0:0:2, 4:1:0:0:4, 4:0:0:0:2, 3:0:0:0:1, 2:2:1:0:2, 5:0:0:0:2, 3:0:0:0:1, 2:0:0:0:3, 2:0:0:0:2, 3:0:0:0:2, 2:0:0:0:2, 3:0:0:0:1, 2:1:0:0:1, 4:1:0:0:2, 3:0:0:0:2, 1:0:0:0:1, 1:1:0:0:1, 3:0:0:0:3, 3:0:0:0:1, 3:0:0:0:4, 2:0:0:0:1, 2:0:0:0:2, 3:0:0:0:2, 4:0:0:0:2, 3:1:0:0:2, 2:1:0:0:1, 3:0:0:0:1, 2:0:0:0:2, 2:1:0:0:1, 4:0:0:0:2, 2:0:0:0:1, 4:0:0:0:4, 4:0:0:0:2, 4:2:2:0:3, 4:0:0:0:4, 3:0:0:0:3, 5:1:0:0:2, 4:1:0:0:4, 4:0:0:0:2, 3:0:0:0:1, 2:2:1:0:2, 5:0:0:0:2, 3:0:0:0:1, 2:0:0:0:3, 2:0:0:0:2, 3:0:0:0:2, 2:0:0:0:2, 2:0:0:0:1, 3:1:0:0:1, 4:1:0:0:2, 2:0:0:0:2, 1:0:0:0:1, 1:1:0:0:1, 3:0:0:0:3, 3:0:0:0:1, 3:0:0:0:4, 2:0:0:0:1, 2:0:0:0:2, 3:0:0:0:2, 3:0:0:0:2, 2:1:0:0:2, 3:2:0:0:2, 2:0:0:0:1, 2:0:0:0:2, 1:1:0:0:1, 3:0:0:0:3, 2:0:0:0:1, 3:0:0:0:3, 4:0:0:0:2, 3:1:1:0:2, 2:0:0:0:2, 5:1:1:0:3, 5:1:0:0:2, 3:1:0:0:2, 3:1:0:0:2, 4:0:0:0:3, 2:1:0:0:1, 4:0:0:0:3, 1:1:0:0:1, 2:0:0:0:2, 1:0:0:0:0, 1:1:0:0:1, 3:0:0:0:0, 3:0:0:0:1, 2:1:0:0:2, 1:0:0:0:1, 0:0:0:0:0, 0:0:0:0:0, 0:0:0:0:0, 473:68:11:0:330
Cb aeolian (7b), 1:0:0:0:1, 1:0:0:0:0, 3:0:0:0:3, 2:0:0:0:2, 1:0:0:0:0, 1:0:0:0:2, 1:0:0:0:2, 2:0:0:0:2, 2:0:0:0:2, 0:0:0:0:0, 4:0:0:0:5, 1:0:0:0:0, 1:0:0:0:0, 1:0:0:0:0, 3:0:0:0:3, 3:0:0:0:3, 3:0:0:0:2, 3:0:0:0:4, 1:0:0:0:2, 2:0:0:0:2, 1:0:0:0:1, 1:0:0:0:1, 1:0:0:0:3, 1:0:0:0:0, 1:0:0:0:0, 2:0:0:0:2, 3:0:0:0:2, 3:0:0:0:2, 2:0:0:0:1, 3:0:0:0:2, 3:0:0:0:2, 3:0:0:0:2, 3:0:0:0:1, 1:0:0:0:0, 3:0:0:0:3, 2:0:0:0:1, 2:0:0:0:5, 3:0:0:0:2, 4:0:0:0:5, 3:0:0:0:1, 4:1:1:0:3, 2:0:0:0:1, 2:0:0:0:1, 3:0:0:0:2, 3:0:0:0:1, 1:0:0:0:0, 3:0:0:0:3, 2:0:0:0:1, 2:0:0:0:5, 3:0:0:0:1, 3:0:0:0:2, 3:0:0:0:1, 3:2:2:0:3, 2:0:0:0:1, 1:0:0:0:1, 4:0:0:0:2, 2:0:0:0:2, 1:0:0:0:0, 4:0:0:0:5, 2:0:0:0:1, 2:0:0:0:5, 3:0:0:0:3, 3:0:0:0:4, 4:0:0:0:1, 2:1:1:0:1, 3:0:0:0:2, 2:0:0:0:1, 3:0:0:0:2, 4:0:0:0:2, 1:0:0:0:0, 4:0:0:0:7, 2:0:0:0:1, 2:0:0:0:4, 3:0:0:0:1, 3:0:0:0:2, 3:0:0:0:2, 3:0:0:0:2, 3:0:0:0:2, 2:0:0:0:1, 2:0:0:0:1, 3:0:0:0:3, 1:0:0:0:0, 2:0:0:0:3, 2:0:0:0:1, 3:0:0:0:7, 3:0:0:0:2, 4:0:0:0:4, 5:0:0:0:4, 4:0:0:0:5, 2:0:0:0:2, 3:0:0:0:6, 4:0:0:0:2, 4:0:0:0:3, 1:0:0:0:0, 4:0:0:0:5, 2:0:0:0:1, 3:0:0:0:4, 3:0:0:0:2, 4:0:0:0:2, 3:0:0:0:2, 4:1:1:0:2, 1:0:0:0:1, 4:1:1:0:2, 4:0:0:0:3, 2:0:0:0:2, 1:0:0:0:0, 2:0:0:0:4, 3:0:0:0:2, 3:0:0:0:4, 3:0:0:0:1, 3:0:0:0:2, 3:0:0:0:2, 3:0:0:0:2, 3:0:0:0:2, 2:0:0:0:1, 2:0:0:0:1, 3:0:0:0:3, 2:0:0:0:1, 2:0:0:0:3, 2:0:0:0:1, 3:0:0:0:7, 3:0:0:0:2, 4:1:1:0:3, 5:0:0:0:4, 4:0:0:0:5, 2:0:0:0:2, 2:0:0:0:5, 4:0:0:0:2, 4:0:0:0:3, 1:0:0:0:0, 4:0:0:0:5, 2:0:0:0:1, 3:0:0:0:4, 3:0:0:0:2, 4:0:0:0:2, 3:0:0:0:2, 4:0:0:0:3, 1:1:1:0:1, 4:1:1:0:2, 3:0:0:0:2, 2:0:0:0:2, 1:0:0:0:0, 2:0:0:0:4, 3:0:0:0:2, 3:0:0:0:4, 3:0:0:0:1, 3:0:0:0:2, 3:0:0:0:2, 2:0:0:0:1, 2:0:0:0:1, 2:1:1:0:2, 3:0:0:0:2, 3:0:0:0:3, 1:0:0:0:0, 4:0:0:0:6, 2:0:0:0:1, 2:0:0:0:4, 3:0:0:0:2, 3:0:0:0:2, 3:0:0:0:0, 6:0:0:0:4, 5:0:0:0:4, 3:0:0:0:2, 3:0:0:0:2, 5:0:0:0:4, 2:0:0:0:1, 3:0:0:0:6, 0:0:0:0:0, 2:0:0:0:5, 2:0:0:0:1, 1:0:0:0:0, 2:0:0:0:2, 2:0:0:0:6, 1:0:0:0:0, 1:0:0:0:0, 1:0:0:0:0, 1:0:0:0:0, 1:0:0:0:0, 451:10:10:0:383
C# aeolian (7#), 1:0:0:0:1, 1:0:0:0:2, 3:0:0:0:1, 2:1:0:0:2, 2:0:0:0:2, 2:1:0:0:3, 2:1:0:0:2, 2:0:0:0:3, 2:1:0:0:1, 1:1:0:0:1, 4:1:1:0:2, 4:2:0:0:4, 1:0:0:0:1, 1:0:0:0:2, 3:0:0:0:1, 3:1:0:0:2, 3:0:0:0:3, 4:1:0:0:4, 3:1:0:0:2, 2:0:0:0:3, 1:1:0:0:1, 1:1:0:0:1, 1:0:0:0:1, 4:2:0:0:4, 1:0:0:0:1, 3:1:0:0:4, 2:0:0:0:1, 3:0:0:0:2, 3:0:0:0:1, 3:1:0:0:2, 4:1:0:0:1, 4:0:0:0:2, 3:0:0:0:1, 1:1:0:0:1, 3:0:0:0:2, 2:0:0:0:1, 3:0:0:0:4, 4:0:0:0:2, 4:1:1:0:3, 2:0:0:0:1, 4:0:0:0:2, 2:1:0:0:1, 3:1:0:0:1, 3:0:0:0:2, 3:0:0:0:1, 1:1:0:0:1, 3:0:0:0:2, 2:0:0:0:1, 2:0:0:0:4, 2:0:0:0:1, 2:0:0:0:2, 2:0:0:0:1, 3:1:1:0:2, 2:1:0:0:1, 3:2:0:0:2, 3:0:0:0:2, 1:0:0:0:1, 2:1:0:0:1, 5:0:0:0:2, 2:0:0:0:1, 2:0:0:0:4, 4:0:0:0:2, 3:1:1:0:2, 4:0:0:0:2, 3:0:0:0:1, 3:1:0:0:2, 2:1:0:0:1, 3:0:0:0:2, 4:0:0:0:2, 2:1:0:0:1, 3:0:0:0:3, 2:0:0:0:1, 3:0:0:0:3, 2:0:0:0:1, 2:0:0:0:2, 3:0:0:0:2, 4:0:0:0:2, 3:1:0:0:2, 2:1:0:0:1, 3:0:0:0:1, 2:0:0:0:2, 1:1:0:0:1, 4:0:0:0:2, 2:0:0:0:1, 4:0:0:0:4, 4:0:0:0:2, 4:1:1:0:2, 4:0:0:0:4, 3:0:0:0:3, 5:1:0:0:2, 4:1:0:0:4, 4:0:0:0:2, 3:0:0:0:1, 2:2:1:0:2, 5:0:0:0:2, 3:0:0:0:1, 2:0:0:0:3, 2:0:0:0:2, 3:0:0:0:2, 2:0:0:0:2, 3:0:0:0:1, 2:1:0:0:1, 4:1:0:0:2, 3:0:0:0:2, 1:0:0:0:1, 1:1:0:0:1, 3:0:0:0:3, 3:0:0:0:1, 3:0:0:0:4, 2:0:0:0:1, 2:0:0:0:2, 3:0:0:0:2, 4:0:0:0:2, 3:1:0:0:2, 2:1:0:0:1, 3:0:0:0:1, 2:0:0:0:2, 2:1:0:0:1, 4:0:0:0:2, 2:0:0:0:1, 4:0:0:0:4, 4:0:0:0:2, 4:2:2:0:3, 4:0:0:0:4, 3:0:0:0:3, 5:1:0:0:2, 4:1:0:0:4, 4:0:0:0:2, 3:0:0:0:1, 2:2:1:0:2, 5:0:0:0:2, 3:0:0:0:1, 2:0:0:0:3, 2:0:0:0:2, 3:0:0:0:2, 2:0:0:0:2, 2:0:0:0:1, 3:1:0:0:1, 4:1:0:0:2, 2:0:0:0:2, 1:0:0:0:1, 1:1:0:0:1, 3:0:0:0:3, 3:0:0:0:1, 3:0:0:0:4, 2:0:0:0:1, 2:0:0:0:2, 3:0:0:0:2, 3:0:0:0:2, 2:1:0:0:2, 3:2:0:0:2, 2:0:0:0:1, 2:0:0:0:2, 1:1:0:0:1, 3:0:0:0:3, 2:0:0:0:1, 3:0:0:0:3, 4:0:0:0:2, 3:1:1:0:2, 2:0:0:0:2, 5:1:1:0:3, 5:1:0:0:2, 3:1:0:0:2, 3:1:0:0:2, 4:0:0:0:3, 2:1:0:0:1, 4:0:0:0:3, 1:1:0:0:1, 2:0:0:0:2, 1:0:0:0:0, 1:1:0:0:1, 3:0:0:0:0, 3:0:0:0:1, 2:1:0:0:2, 1:0:0:0:1, 0:0:0:0:0, 0:0:0:0:0, 0:0:0:0:0, 473:68:11:0:330
Cb locrian (7b), 1:0:0:0:1, 1:0:0:0:0, 3:0:0:0:3, 2:0:0:0:2, 1:0:0:0:0, 1:0:0:0:2, 1:0:0:0:2, 2:0:0:0:2, 2:0:0:0:2, 0:0:0:0:0, 4:0:0:0:5, 1:0:0:0:0, 1:0:0:0:0, 1:0:0:0:0, 3:0:0:0:3, 3:0:0:0:3, 3:0:0:0:2, 3:0:0:0:4, 1:0:0:0:2, 2:0:0:0:2, 1:0:0:0:1, 1:0:0:0:1, 1:0:0:0:3, 1:0:0:0:0, 1:0:0:0:0, 2:0:0:0:2, 3:0:0:0:2, 3:0:0:0:2, 2:0:0:0:1, 3:0:0:0:2, 3:0:0:0:2, 3:0:0:0:2, 3:0:0:0:1, 1:0:0:0:0, 3:0:0:0:3, 2:0:0:0:1, 2:0:0:0:5, 3:0:0:0:2, 4:0:0:0:5, 3:0:0:0:1, 4:1:1:0:3, 2:0:0:0:1, 2:0:0:0:1, 3:0:0:0:2, 3:0:0:0:1, 1:0:0:0:0, 3:0:0:0:3, 2:0:0:0:1, 2:0:0:0:5, 3:0:0:0:1, 3:0:0:0:2, 3:0:0:0:1, 3:2:2:0:3, 2:0:0:0:1, 1:0:0:0:1, 4:0:0:0:2, 2:0:0:0:2, 1:0:0:0:0, 4:0:0:0:5, 2:0:0:0:1, 2:0:0:0:5, 3:0:0:0:3, 3:0:0:0:4, 4:0:0:0:1, 2:1:1:0:1, 3:0:0:0:2, 2:0:0:0:1, 3:0:0:0:2, 4:0:0:0:2, 1:0:0:0:0, 4:0:0:0:7, 2:0:0:0:1, 2:0:0:0:4, 3:0:0:0:1, 3:0:0:0:2, 3:0:0:0:2, 3:0:0:0:2, 3:0:0:0:2, 2:0:0:0:1, 2:0:0:0:1, 3:0:0:0:3, 1:0:0:0:0, 2:0:0:0:3, 2:0:0:0:1, 3:0:0:0:7, 3:0:0:0:2, 4:0:0:0:4, 5:0:0:0:4, 4:0:0:0:5, 2:0:0:0:2, 3:0:0:0:6, 4:0:0:0:2, 4:0:0:0:3, 1:0:0:0:0, 4:0:0:0:5, 2:0:0:0:1, 3:0:0:0:4, 3:0:0:0:2, 4:0:0:0:2, 3:0:0:0:2, 4:1:1:0:2, 1:0:0:0:1, 4:1:1:0:2, 4:0:0:0:3, 2:0:0:0:2, 1:0:0:0:0, 2:0:0:0:4, 3:0:0:0:2, 3:0:0:0:4, 3:0:0:0:1, 3:0:0:0:2, 3:0:0:0:2, 3:0:0:0:2, 3:0:0:0:2, 2:0:0:0:1, 2:0:0:0:1, 3:0:0:0:3, 2:0:0:0:1, 2:0:0:0:3, 2:0:0:0:1, 3:0:0:0:7, 3:0:0:0:2, 4:1:1:0:3, 5:0:0:0:4, 4:0:0:0:5, 2:0:0:0:2, 2:0:0:0:5, 4:0:0:0:2, 4:0:0:0:3, 1:0:0:0:0, 4:0:0:0:5, 2:0:0:0:1, 3:0:0:0:4, 3:0:0:0:2, 4:0:0:0:2, 3:0:0:0:2, 4:0:0:0:3, 1:1:1:0:1, 4:1:1:0:2, 3:0:0:0:2, 2:0:0:0:2, 1:0:0:0:0, 2:0:0:0:4, 3:0:0:0:2, 3:0:0:0:4, 3:0:0:0:1, 3:0:0:0:2, 3:0:0:0:2, 2:0:0:0:1, 2:0:0:0:1, 2:1:1:0:2, 3:0:0:0:2, 3:0:0:0:3, 1:0:0:0:0, 4:0:0:0:6, 2:0:0:0:1, 2:0:0:0:4, 3:0:0:0:2, 3:0:0:0:2, 3:0:0:0:0, 6:0:0:0:4, 5:0:0:0:4, 3:0:0:0:2, 3:0:0:0:2, 5:0:0:0:4, 2:0:0:0:1, 3:0:0:0:6, 0:0:0:0:0, 2:0:0:0:5, 2:0:0:0:1, 1:0:0:0:0, 2:0:0:0:2, 2:0:0:0:6, 1:0:0:0:0, 1:0:0:0:0, 1:0:0:0:0, 1:0:0:0:0, 1:0:0:0:0, 451:10:10:0:383
C# locrian (7#), 1:0:0:0:1, 1:0:0:0:2, 3:0:0:0:1, 2:1:0:0:2, 2:0:0:0:2, 2:1:0:0:3, 2:1:0:0:2, 2:0:0:0:3, 2:1:0:0:1, 1:1:0:0:1, 4:1:1:0:2, 4:2:0:0:4, 1:0:0:0:1, 1:0:0:0:2, 3:0:0:0:1, 3:1:0:0:2, 3:0:0:0:3, 4:1:0:0:4, 3:1:0:0:2, 2:0:0:0:3, 1:1:0:0:1, 1:1:0:0:1, 1:0:0:0:1, 4:2:0:0:4, 1:0:0:0:1, 3:1:0:0:4, 2:0:0:0:1, 3:0:0:0:2, 3:0:0:0:1, 3:1:0:0:2, 4:1:0:0:1, 4:0:0:0:2, 3:0:0:0:1, 1:1:0:0:1, 3:0:0:0:2, 2:0:0:0:1, 3:0:0:0:4, 4:0:0:0:2, 4:1:1:0:3, 2:0:0:0:1, 4:0:0:0:2, 2:1:0:0:1, 3:1:0:0:1, 3:0:0:0:2, 3:0:0:0:1, 1:1:0:0:1, 3:0:0:0:2, 2:0:0:0:1, 2:0:0:0:4, 2:0:0:0:1, 2:0:0:0:2, 2:0:0:0:1, 3:1:1:0:2, 2:1:0:0:1, 3:2:0:0:2, 3:0:0:0:2, 1:0:0:0:1, 2:1:0:0:1, 5:0:0:0:2, 2:0:0:0:1, 2:0:0:0:4, 4:0:0:0:2, 3:1:1:0:2, 4:0:0:0:2, 3:0:0:0:1, 3:1:0:0:2, 2:1:0:0:1, 3:0:0:0:2, 4:0:0:0:2, 2:1:0:0:1, 3:0:0:0:3, 2:0:0:0:1, 3:0:0:0:3, 2:0:0:0:1, 2:0:0:0:2, 3:0:0:0:2, 4:0:0:0:2, 3:1:0:0:2, 2:1:0:0:1, 3:0:0:0:1, 2:0:0:0:2, 1:1:0:0:1, 4:0:0:0:2, 2:0:0:0:1, 4:0:0:0:4, 4:0:0:0:2, 4:1:1:0:2, 4:0:0:0:4, 3:0:0:0:3, 5:1:0:0:2, 4:1:0:0:4, 4:0:0:0:2, 3:0:0:0:1, 2:2:1:0:2, 5:0:0:0:2, 3:0:0:0:1, 2:0:0:0:3, 2:0:0:0:2, 3:0:0:0:2, 2:0:0:0:2, 3:0:0:0:1, 2:1:0:0:1, 4:1:0:0:2, 3:0:0:0:2, 1:0:0:0:1, 1:1:0:0:1, 3:0:0:0:3, 3:0:0:0:1, 3:0:0:0:4, 2:0:0:0:1, 2:0:0:0:2, 3:0:0:0:2, 4:0:0:0:2, 3:1:0:0:2, 2:1:0:0:1, 3:0:0:0:1, 2:0:0:0:2, 2:1:0:0:1, 4:0:0:0:2, 2:0:0:0:1, 4:0:0:0:4, 4:0:0:0:2, 4:2:2:0:3, 4:0:0:0:4, 3:0:0:0:3, 5:1:0:0:2, 4:1:0:0:4, 4:0:0:0:2, 3:0:0:0:1, 2:2:1:0:2, 5:0:0:0:2, 3:0:0:0:1, 2:0:0:0:3, 2:0:0:0:2, 3:0:0:0:2, 2:0:0:0:2, 2:0:0:0:1, 3:1:0:0:1, 4:1:0:0:2, 2:0:0:0:2, 1:0:0:0:1, 1:1:0:0:1, 3:0:0:0:3, 3:0:0:0:1, 3:0:0:0:4, 2:0:0:0:1, 2:0:0:0:2, 3:0:0:0:2, 3:0:0:0:2, 2:1:0:0:2, 3:2:0:0:2, 2:0:0:0:1, 2:0:0:0:2, 1:1:0:0:1, 3:0:0:0:3, 2:0:0:0:1, 3:0:0:0:3, 4:0:0:0:2, 3:1:1:0:2, 2:0:0:0:2, 5:1:1:0:3, 5:1:0:0:2, 3:1:0:0:2, 3:1:0:0:2, 4:0:0:0:3, 2:1:0:0:1, 4:0:0:0:3, 1:1:0:0:1, 2:0:0:0:2, 1:0:0:0:0, 1:1:0:0:1, 3:0:0:0:0, 3:0:0:0:1, 2:1:0:0:2, 1:0:0:0:1, 0:0:0:0:0, 0:0:0:0:0, 0:0:0:0:0, 473:68:11:0:330
