 , 0, 1, 2, 3, 4, 5, 6, 7, 8, 9, 10, 11, 12, 13, 14, 15, 16, 17, 18, 19, 20, 21, 22, 23, 24, 25, 26, 27, 28, 29, 30, 31, 32, 33, 34, 35, 36, 37, 38, 39, 40, 41, 42, 43, 44, 45, 46, 47, 48, 49, 50, 51, 52, 53, 54, 55, 56, 57, 58, 59, 60, 61, 62, 63, 64, 65, 66, 67, 68, 69, 70, 71, 72, 73, 74, 75, 76, 77, 78, 79, 80, 81, 82, 83, 84, 85, 86, 87, 88, 89, 90, 91, 92, 93, 94, 95, 96, 97, 98, 99, 100, 101, 102, 103, 104, 105, 106, 107, 108, 109, 110, 111, 112, 113, 114, 115, 116, 117, 118, 119, 120, 121, 122, 123, 124, 125, 126, 127, 128, rowcost
C major (0), 2:2:0:0:0, 1:1:0:0:0, 4:4:0:0:1, 2:2:0:0:0, 2:2:0:0:0, 4:4:0:0:1, 2:2:0:0:0, 2:2:0:0:0, 1:1:0:0:0, 2:2:0:0:0, 1:1:0:0:0, 2:2:0:0:1, 4:4:0:0:0, 3:3:0:0:0, 5:4:0:0:0, 4:4:0:0:1, 3:3:0:0:0, 5:4:0:0:3, 3:3:0:0:1, 4:4:0:0:0, 2:2:0:0:0, 1:1:0:0:0, 3:3:0:0:0, 3:3:0:0:1, 5:5:1:0:2, 4:4:0:0:2, 3:3:0:0:0, 3:3:0:0:1, 4:3:0:0:1, 3:3:0:0:1, 1:1:0:0:0, 2:2:0:0:0, 4:4:0:0:1,  ,  ,  ,  ,  ,  ,  ,  ,  ,  ,  ,  ,  ,  ,  ,  ,  ,  ,  ,  ,  ,  ,  ,  ,  ,  ,  ,  ,  ,  ,  ,  ,  ,  ,  ,  ,  ,  ,  ,  ,  ,  ,  ,  ,  ,  ,  ,  ,  ,  ,  ,  ,  ,  ,  ,  ,  ,  ,  ,  ,  ,  ,  ,  , 4:4:0:0:0, 4:4:0:0:0, 4:4:0:0:0, 3:3:0:0:1, 4:4:0:0:0, 2:2:0:0:0,  , 2:2:0:0:0, 2:2:0:0:0, 2:2:0:0:0, 1:1:0:0:0, 1:1:0:0:0, 3:3:0:0:0, 4:4:0:0:0, 2:2:0:0:0, 2:2:0:0:0, 3:3:0:0:1, 3:2:0:0:0, 3:3:0:0:1, 1:1:0:0:0, 3:3:0:0:1, 4:3:0:0:0, 4:3:0:0:1, 4:4:0:0:1, 7:6:0:0:0, 3:3:0:0:0, 2:2:0:0:0, 3:2:0:0:1, 2:2:0:0:0, 3:3:0:0:0, 4:4:0:0:1, 4:4:0:0:0, 187:179:1:0:25
A minor (0), 2:2:0:0:0, 1:1:0:0:0, 4:4:0:0:1, 2:2:0:0:0, 2:2:0:0:0, 4:4:0:0:1, 2:2:0:0:0, 2:2:0:0:0, 1:1:0:0:0, 2:2:0:0:0, 1:1:0:0:0, 2:2:0:0:1, 4:4:0:0:0, 3:3:0:0:0, 5:4:0:0:0, 4:4:0:0:1, 3:3:0:0:0, 5:4:0:0:3, 3:3:0:0:1, 4:4:0:0:0, 2:2:0:0:0, 1:1:0:0:0, 3:3:0:0:0, 3:3:0:0:1, 5:5:1:0:2, 4:4:0:0:2, 3:3:0:0:0, 3:3:0:0:1, 4:3:0:0:1, 3:3:0:0:1, 1:1:0:0:0, 2:2:0:0:0, 4:4:0:0:1,  ,  ,  ,  ,  ,  ,  ,  ,  ,  ,  ,  ,  ,  ,  ,  ,  ,  ,  ,  ,  ,  ,  ,  ,  ,  ,  ,  ,  ,  ,  ,  ,  ,  ,  ,  ,  ,  ,  ,  ,  ,  ,  ,  ,  ,  ,  ,  ,  ,  ,  ,  ,  ,  ,  ,  ,  ,  ,  ,  ,  ,  ,  ,  , 4:4:0:0:0, 4:4:0:0:0, 4:4:0:0:0, 3:3:0:0:1, 4:4:0:0:0, 2:2:0:0:0,  , 2:2:0:0:0, 2:2:0:0:0, 2:2:0:0:0, 1:1:0:0:0, 1:1:0:0:0, 3:3:0:0:0, 4:4:0:0:0, 2:2:0:0:0, 2:2:0:0:0, 3:3:0:0:1, 3:2:0:0:0, 3:3:0:0:1, 1:1:0:0:0, 3:3:0:0:1, 4:3:0:0:0, 4:3:0:0:1, 4:4:0:0:1, 7:6:0:0:0, 3:3:0:0:0, 2:2:0:0:0, 3:2:0:0:1, 2:2:0:0:0, 3:3:0:0:0, 4:4:0:0:1, 4:4:0:0:0, 187:179:1:0:25
A minor mel (0), 2:2:0:0:0, 1:1:0:0:0, 4:4:0:0:1, 2:2:0:0:0, 2:2:0:0:0, 4:4:0:0:1, 2:2:0:0:0, 2:2:0:0:0, 1:1:0:0:0, 2:2:0:0:0, 1:1:0:0:0, 2:2:0:0:1, 4:4:0:0:0, 3:3:0:0:0, 5:4:0:0:0, 4:4:0:0:1, 3:3:0:0:0, 5:4:0:0:3, 3:3:0:0:1, 4:4:0:0:0, 2:2:0:0:0, 1:1:0:0:0, 3:3:0:0:0, 3:3:0:0:1, 5:5:1:0:2, 4:4:0:0:2, 3:3:0:0:0, 3:3:0:0:1, 4:3:0:0:1, 3:3:0:0:1, 1:1:0:0:0, 2:2:0:0:0, 4:4:0:0:1,  ,  ,  ,  ,  ,  ,  ,  ,  ,  ,  ,  ,  ,  ,  ,  ,  ,  ,  ,  ,  ,  ,  ,  ,  ,  ,  ,  ,  ,  ,  ,  ,  ,  ,  ,  ,  ,  ,  ,  ,  ,  ,  ,  ,  ,  ,  ,  ,  ,  ,  ,  ,  ,  ,  ,  ,  ,  ,  ,  ,  ,  ,  ,  , 4:4:0:0:0, 4:4:0:0:0, 4:4:0:0:0, 3:3:0:0:1, 4:4:0:0:0, 2:2:0:0:0,  , 2:2:0:0:0, 2:2:0:0:0, 2:2:0:0:0, 1:1:0:0:0, 1:1:0:0:0, 3:3:0:0:0, 4:4:0:0:0, 2:2:0:0:0, 2:2:0:0:0, 3:3:0:0:1, 3:2:0:0:0, 3:3:0:0:1, 1:1:0:0:0, 3:3:0:0:1, 4:3:0:0:0, 4:3:0:0:1, 4:4:0:0:1, 7:6:0:0:0, 3:3:0:0:0, 2:2:0:0:0, 3:2:0:0:1, 2:2:0:0:0, 3:3:0:0:0, 4:4:0:0:1, 4:4:0:0:0, 187:179:1:0:25
C major blues (0), 2:2:0:0:0, 1:1:0:0:0, 4:4:0:0:1, 2:2:0:0:0, 2:2:0:0:0, 4:4:0:0:1, 2:2:0:0:0, 2:2:0:0:0, 1:1:0:0:0, 2:2:0:0:0, 1:1:0:0:0, 2:2:0:0:1, 4:4:0:0:0, 3:3:0:0:0, 5:4:0:0:0, 4:4:0:0:1, 3:3:0:0:0, 5:4:0:0:3, 3:3:0:0:1, 4:4:0:0:0, 2:2:0:0:0, 1:1:0:0:0, 3:3:0:0:0, 3:3:0:0:1, 5:5:1:0:2, 4:4:0:0:2, 3:3:0:0:0, 3:3:0:0:1, 4:3:0:0:1, 3:3:0:0:1, 1:1:0:0:0, 2:2:0:0:0, 4:4:0:0:1,  ,  ,  ,  ,  ,  ,  ,  ,  ,  ,  ,  ,  ,  ,  ,  ,  ,  ,  ,  ,  ,  ,  ,  ,  ,  ,  ,  ,  ,  ,  ,  ,  ,  ,  ,  ,  ,  ,  ,  ,  ,  ,  ,  ,  ,  ,  ,  ,  ,  ,  ,  ,  ,  ,  ,  ,  ,  ,  ,  ,  ,  ,  ,  , 4:4:0:0:0, 4:4:0:0:0, 4:4:0:0:0, 3:3:0:0:1, 4:4:0:0:0, 2:2:0:0:0,  , 2:2:0:0:0, 2:2:0:0:0, 2:2:0:0:0, 1:1:0:0:0, 1:1:0:0:0, 3:3:0:0:0, 4:4:0:0:0, 2:2:0:0:0, 2:2:0:0:0, 3:3:0:0:1, 3:2:0:0:0, 3:3:0:0:1, 1:1:0:0:0, 3:3:0:0:1, 4:3:0:0:0, 4:3:0:0:1, 4:4:0:0:1, 7:6:0:0:0, 3:3:0:0:0, 2:2:0:0:0, 3:2:0:0:1, 2:2:0:0:0, 3:3:0:0:0, 4:4:0:0:1, 4:4:0:0:0, 187:179:1:0:25
A minor blues (0), 2:2:0:0:0, 1:1:0:0:0, 4:4:0:0:1, 2:2:0:0:0, 2:2:0:0:0, 4:4:0:0:1, 2:2:0:0:0, 2:2:0:0:0, 1:1:0:0:0, 2:2:0:0:0, 1:1:0:0:0, 2:2:0:0:1, 4:4:0:0:0, 3:3:0:0:0, 5:4:0:0:0, 4:4:0:0:1, 3:3:0:0:0, 5:4:0:0:3, 3:3:0:0:1, 4:4:0:0:0, 2:2:0:0:0, 1:1:0:0:0, 3:3:0:0:0, 3:3:0:0:1, 5:5:1:0:2, 4:4:0:0:2, 3:3:0:0:0, 3:3:0:0:1, 4:3:0:0:1, 3:3:0:0:1, 1:1:0:0:0, 2:2:0:0:0, 4:4:0:0:1,  ,  ,  ,  ,  ,  ,  ,  ,  ,  ,  ,  ,  ,  ,  ,  ,  ,  ,  ,  ,  ,  ,  ,  ,  ,  ,  ,  ,  ,  ,  ,  ,  ,  ,  ,  ,  ,  ,  ,  ,  ,  ,  ,  ,  ,  ,  ,  ,  ,  ,  ,  ,  ,  ,  ,  ,  ,  ,  ,  ,  ,  ,  ,  , 4:4:0:0:0, 4:4:0:0:0, 4:4:0:0:0, 3:3:0:0:1, 4:4:0:0:0, 2:2:0:0:0,  , 2:2:0:0:0, 2:2:0:0:0, 2:2:0:0:0, 1:1:0:0:0, 1:1:0:0:0, 3:3:0:0:0, 4:4:0:0:0, 2:2:0:0:0, 2:2:0:0:0, 3:3:0:0:1, 3:2:0:0:0, 3:3:0:0:1, 1:1:0:0:0, 3:3:0:0:1, 4:3:0:0:0, 4:3:0:0:1, 4:4:0:0:1, 7:6:0:0:0, 3:3:0:0:0, 2:2:0:0:0, 3:2:0:0:1, 2:2:0:0:0, 3:3:0:0:0, 4:4:0:0:1, 4:4:0:0:0, 187:179:1:0:25
C dorian (0), 2:2:0:0:0, 1:1:0:0:0, 4:4:0:0:1, 2:2:0:0:0, 2:2:0:0:0, 4:4:0:0:1, 2:2:0:0:0, 2:2:0:0:0, 1:1:0:0:0, 2:2:0:0:0, 1:1:0:0:0, 2:2:0:0:1, 4:4:0:0:0, 3:3:0:0:0, 5:4:0:0:0, 4:4:0:0:1, 3:3:0:0:0, 5:4:0:0:3, 3:3:0:0:1, 4:4:0:0:0, 2:2:0:0:0, 1:1:0:0:0, 3:3:0:0:0, 3:3:0:0:1, 5:5:1:0:2, 4:4:0:0:2, 3:3:0:0:0, 3:3:0:0:1, 4:3:0:0:1, 3:3:0:0:1, 1:1:0:0:0, 2:2:0:0:0, 4:4:0:0:1,  ,  ,  ,  ,  ,  ,  ,  ,  ,  ,  ,  ,  ,  ,  ,  ,  ,  ,  ,  ,  ,  ,  ,  ,  ,  ,  ,  ,  ,  ,  ,  ,  ,  ,  ,  ,  ,  ,  ,  ,  ,  ,  ,  ,  ,  ,  ,  ,  ,  ,  ,  ,  ,  ,  ,  ,  ,  ,  ,  ,  ,  ,  ,  , 4:4:0:0:0, 4:4:0:0:0, 4:4:0:0:0, 3:3:0:0:1, 4:4:0:0:0, 2:2:0:0:0,  , 2:2:0:0:0, 2:2:0:0:0, 2:2:0:0:0, 1:1:0:0:0, 1:1:0:0:0, 3:3:0:0:0, 4:4:0:0:0, 2:2:0:0:0, 2:2:0:0:0, 3:3:0:0:1, 3:2:0:0:0, 3:3:0:0:1, 1:1:0:0:0, 3:3:0:0:1, 4:3:0:0:0, 4:3:0:0:1, 4:4:0:0:1, 7:6:0:0:0, 3:3:0:0:0, 2:2:0:0:0, 3:2:0:0:1, 2:2:0:0:0, 3:3:0:0:0, 4:4:0:0:1, 4:4:0:0:0, 187:179:1:0:25
C phrygian (0), 2:2:0:0:0, 1:1:0:0:0, 4:4:0:0:1, 2:2:0:0:0, 2:2:0:0:0, 4:4:0:0:1, 2:2:0:0:0, 2:2:0:0:0, 1:1:0:0:0, 2:2:0:0:0, 1:1:0:0:0, 2:2:0:0:1, 4:4:0:0:0, 3:3:0:0:0, 5:4:0:0:0, 4:4:0:0:1, 3:3:0:0:0, 5:4:0:0:3, 3:3:0:0:1, 4:4:0:0:0, 2:2:0:0:0, 1:1:0:0:0, 3:3:0:0:0, 3:3:0:0:1, 5:5:1:0:2, 4:4:0:0:2, 3:3:0:0:0, 3:3:0:0:1, 4:3:0:0:1, 3:3:0:0:1, 1:1:0:0:0, 2:2:0:0:0, 4:4:0:0:1,  ,  ,  ,  ,  ,  ,  ,  ,  ,  ,  ,  ,  ,  ,  ,  ,  ,  ,  ,  ,  ,  ,  ,  ,  ,  ,  ,  ,  ,  ,  ,  ,  ,  ,  ,  ,  ,  ,  ,  ,  ,  ,  ,  ,  ,  ,  ,  ,  ,  ,  ,  ,  ,  ,  ,  ,  ,  ,  ,  ,  ,  ,  ,  , 4:4:0:0:0, 4:4:0:0:0, 4:4:0:0:0, 3:3:0:0:1, 4:4:0:0:0, 2:2:0:0:0,  , 2:2:0:0:0, 2:2:0:0:0, 2:2:0:0:0, 1:1:0:0:0, 1:1:0:0:0, 3:3:0:0:0, 4:4:0:0:0, 2:2:0:0:0, 2:2:0:0:0, 3:3:0:0:1, 3:2:0:0:0, 3:3:0:0:1, 1:1:0:0:0, 3:3:0:0:1, 4:3:0:0:0, 4:3:0:0:1, 4:4:0:0:1, 7:6:0:0:0, 3:3:0:0:0, 2:2:0:0:0, 3:2:0:0:1, 2:2:0:0:0, 3:3:0:0:0, 4:4:0:0:1, 4:4:0:0:0, 187:179:1:0:25
C lydian (0), 2:2:0:0:0, 1:1:0:0:0, 4:4:0:0:1, 2:2:0:0:0, 2:2:0:0:0, 4:4:0:0:1, 2:2:0:0:0, 2:2:0:0:0, 1:1:0:0:0, 2:2:0:0:0, 1:1:0:0:0, 2:2:0:0:1, 4:4:0:0:0, 3:3:0:0:0, 5:4:0:0:0, 4:4:0:0:1, 3:3:0:0:0, 5:4:0:0:3, 3:3:0:0:1, 4:4:0:0:0, 2:2:0:0:0, 1:1:0:0:0, 3:3:0:0:0, 3:3:0:0:1, 5:5:1:0:2, 4:4:0:0:2, 3:3:0:0:0, 3:3:0:0:1, 4:3:0:0:1, 3:3:0:0:1, 1:1:0:0:0, 2:2:0:0:0, 4:4:0:0:1,  ,  ,  ,  ,  ,  ,  ,  ,  ,  ,  ,  ,  ,  ,  ,  ,  ,  ,  ,  ,  ,  ,  ,  ,  ,  ,  ,  ,  ,  ,  ,  ,  ,  ,  ,  ,  ,  ,  ,  ,  ,  ,  ,  ,  ,  ,  ,  ,  ,  ,  ,  ,  ,  ,  ,  ,  ,  ,  ,  ,  ,  ,  ,  , 4:4:0:0:0, 4:4:0:0:0, 4:4:0:0:0, 3:3:0:0:1, 4:4:0:0:0, 2:2:0:0:0,  , 2:2:0:0:0, 2:2:0:0:0, 2:2:0:0:0, 1:1:0:0:0, 1:1:0:0:0, 3:3:0:0:0, 4:4:0:0:0, 2:2:0:0:0, 2:2:0:0:0, 3:3:0:0:1, 3:2:0:0:0, 3:3:0:0:1, 1:1:0:0:0, 3:3:0:0:1, 4:3:0:0:0, 4:3:0:0:1, 4:4:0:0:1, 7:6:0:0:0, 3:3:0:0:0, 2:2:0:0:0, 3:2:0:0:1, 2:2:0:0:0, 3:3:0:0:0, 4:4:0:0:1, 4:4:0:0:0, 187:179:1:0:25
C mixolydian (0), 2:2:0:0:0, 1:1:0:0:0, 4:4:0:0:1, 2:2:0:0:0, 2:2:0:0:0, 4:4:0:0:1, 2:2:0:0:0, 2:2:0:0:0, 1:1:0:0:0, 2:2:0:0:0, 1:1:0:0:0, 2:2:0:0:1, 4:4:0:0:0, 3:3:0:0:0, 5:4:0:0:0, 4:4:0:0:1, 3:3:0:0:0, 5:4:0:0:3, 3:3:0:0:1, 4:4:0:0:0, 2:2:0:0:0, 1:1:0:0:0, 3:3:0:0:0, 3:3:0:0:1, 5:5:1:0:2, 4:4:0:0:2, 3:3:0:0:0, 3:3:0:0:1, 4:3:0:0:1, 3:3:0:0:1, 1:1:0:0:0, 2:2:0:0:0, 4:4:0:0:1,  ,  ,  ,  ,  ,  ,  ,  ,  ,  ,  ,  ,  ,  ,  ,  ,  ,  ,  ,  ,  ,  ,  ,  ,  ,  ,  ,  ,  ,  ,  ,  ,  ,  ,  ,  ,  ,  ,  ,  ,  ,  ,  ,  ,  ,  ,  ,  ,  ,  ,  ,  ,  ,  ,  ,  ,  ,  ,  ,  ,  ,  ,  ,  , 4:4:0:0:0, 4:4:0:0:0, 4:4:0:0:0, 3:3:0:0:1, 4:4:0:0:0, 2:2:0:0:0,  , 2:2:0:0:0, 2:2:0:0:0, 2:2:0:0:0, 1:1:0:0:0, 1:1:0:0:0, 3:3:0:0:0, 4:4:0:0:0, 2:2:0:0:0, 2:2:0:0:0, 3:3:0:0:1, 3:2:0:0:0, 3:3:0:0:1, 1:1:0:0:0, 3:3:0:0:1, 4:3:0:0:0, 4:3:0:0:1, 4:4:0:0:1, 7:6:0:0:0, 3:3:0:0:0, 2:2:0:0:0, 3:2:0:0:1, 2:2:0:0:0, 3:3:0:0:0, 4:4:0:0:1, 4:4:0:0:0, 187:179:1:0:25
C aeolian (0), 2:2:0:0:0, 1:1:0:0:0, 4:4:0:0:1, 2:2:0:0:0, 2:2:0:0:0, 4:4:0:0:1, 2:2:0:0:0, 2:2:0:0:0, 1:1:0:0:0, 2:2:0:0:0, 1:1:0:0:0, 2:2:0:0:1, 4:4:0:0:0, 3:3:0:0:0, 5:4:0:0:0, 4:4:0:0:1, 3:3:0:0:0, 5:4:0:0:3, 3:3:0:0:1, 4:4:0:0:0, 2:2:0:0:0, 1:1:0:0:0, 3:3:0:0:0, 3:3:0:0:1, 5:5:1:0:2, 4:4:0:0:2, 3:3:0:0:0, 3:3:0:0:1, 4:3:0:0:1, 3:3:0:0:1, 1:1:0:0:0, 2:2:0:0:0, 4:4:0:0:1,  ,  ,  ,  ,  ,  ,  ,  ,  ,  ,  ,  ,  ,  ,  ,  ,  ,  ,  ,  ,  ,  ,  ,  ,  ,  ,  ,  ,  ,  ,  ,  ,  ,  ,  ,  ,  ,  ,  ,  ,  ,  ,  ,  ,  ,  ,  ,  ,  ,  ,  ,  ,  ,  ,  ,  ,  ,  ,  ,  ,  ,  ,  ,  , 4:4:0:0:0, 4:4:0:0:0, 4:4:0:0:0, 3:3:0:0:1, 4:4:0:0:0, 2:2:0:0:0,  , 2:2:0:0:0, 2:2:0:0:0, 2:2:0:0:0, 1:1:0:0:0, 1:1:0:0:0, 3:3:0:0:0, 4:4:0:0:0, 2:2:0:0:0, 2:2:0:0:0, 3:3:0:0:1, 3:2:0:0:0, 3:3:0:0:1, 1:1:0:0:0, 3:3:0:0:1, 4:3:0:0:0, 4:3:0:0:1, 4:4:0:0:1, 7:6:0:0:0, 3:3:0:0:0, 2:2:0:0:0, 3:2:0:0:1, 2:2:0:0:0, 3:3:0:0:0, 4:4:0:0:1, 4:4:0:0:0, 187:179:1:0:25
C locrian (0), 2:2:0:0:0, 1:1:0:0:0, 4:4:0:0:1, 2:2:0:0:0, 2:2:0:0:0, 4:4:0:0:1, 2:2:0:0:0, 2:2:0:0:0, 1:1:0:0:0, 2:2:0:0:0, 1:1:0:0:0, 2:2:0:0:1, 4:4:0:0:0, 3:3:0:0:0, 5:4:0:0:0, 4:4:0:0:1, 3:3:0:0:0, 5:4:0:0:3, 3:3:0:0:1, 4:4:0:0:0, 2:2:0:0:0, 1:1:0:0:0, 3:3:0:0:0, 3:3:0:0:1, 5:5:1:0:2, 4:4:0:0:2, 3:3:0:0:0, 3:3:0:0:1, 4:3:0:0:1, 3:3:0:0:1, 1:1:0:0:0, 2:2:0:0:0, 4:4:0:0:1,  ,  ,  ,  ,  ,  ,  ,  ,  ,  ,  ,  ,  ,  ,  ,  ,  ,  ,  ,  ,  ,  ,  ,  ,  ,  ,  ,  ,  ,  ,  ,  ,  ,  ,  ,  ,  ,  ,  ,  ,  ,  ,  ,  ,  ,  ,  ,  ,  ,  ,  ,  ,  ,  ,  ,  ,  ,  ,  ,  ,  ,  ,  ,  , 4:4:0:0:0, 4:4:0:0:0, 4:4:0:0:0, 3:3:0:0:1, 4:4:0:0:0, 2:2:0:0:0,  , 2:2:0:0:0, 2:2:0:0:0, 2:2:0:0:0, 1:1:0:0:0, 1:1:0:0:0, 3:3:0:0:0, 4:4:0:0:0, 2:2:0:0:0, 2:2:0:0:0, 3:3:0:0:1, 3:2:0:0:0, 3:3:0:0:1, 1:1:0:0:0, 3:3:0:0:1, 4:3:0:0:0, 4:3:0:0:1, 4:4:0:0:1, 7:6:0:0:0, 3:3:0:0:0, 2:2:0:0:0, 3:2:0:0:1, 2:2:0:0:0, 3:3:0:0:0, 4:4:0:0:1, 4:4:0:0:0, 187:179:1:0:25
F major (1b), 1:0:0:0:0, 1:0:0:0:0, 4:0:0:0:0, 1:0:0:0:0, 3:0:0:0:0, 3:0:0:0:0, 2:0:0:0:0, 1:0:0:0:0, 1:0:0:0:0, 2:0:1:0:1, 1:0:0:0:0, 2:1:0:0:1, 3:0:0:0:0, 2:0:0:0:0, 4:0:0:0:0, 4:2:0:0:2, 2:0:0:0:0, 4:2:0:0:2, 3:1:0:0:1, 4:0:1:0:1, 3:0:0:0:0, 1:0:0:0:0, 4:0:0:0:0, 4:2:0:0:2, 5:0:0:0:0, 3:1:0:0:1, 3:0:0:0:0, 3:1:1:0:2, 5:0:0:0:0, 2:0:0:0:0, 2:0:0:0:0, 2:0:0:0:0, 3:0:0:0:0,  ,  ,  ,  ,  ,  ,  ,  ,  ,  ,  ,  ,  ,  ,  ,  ,  ,  ,  ,  ,  ,  ,  ,  ,  ,  ,  ,  ,  ,  ,  ,  ,  ,  ,  ,  ,  ,  ,  ,  ,  ,  ,  ,  ,  ,  ,  ,  ,  ,  ,  ,  ,  ,  ,  ,  ,  ,  ,  ,  ,  ,  ,  ,  , 3:0:0:0:0, 4:0:0:0:0, 3:0:0:0:0, 3:1:1:0:2, 3:0:0:0:0, 2:0:0:0:0,  , 1:0:0:0:0, 1:0:0:0:0, 1:0:0:0:0, 1:0:0:0:0, 2:0:0:0:0, 2:0:0:0:0, 3:0:0:0:0, 3:1:0:0:1, 2:0:0:0:0, 4:2:0:0:2, 3:0:0:0:0, 4:1:0:0:1, 2:0:0:0:0, 4:1:0:0:1, 5:0:0:0:0, 5:2:0:0:2, 5:0:0:0:0, 6:0:0:0:0, 2:0:0:0:0, 2:0:0:0:0, 3:1:0:0:1, 1:0:0:0:0, 2:0:0:0:0, 4:2:0:0:2, 3:0:0:0:0, 177:21:4:0:25
G major (1#), 2:0:0:0:2, 2:0:0:0:0, 4:0:1:0:3, 3:0:0:0:2, 2:0:0:0:1, 4:1:0:0:3, 3:0:0:0:2, 2:1:0:0:2, 1:1:0:0:1, 2:1:0:0:1, 1:1:0:0:0, 1:0:0:0:1, 4:2:0:0:3, 4:0:0:0:2, 4:1:0:0:3, 3:0:0:0:2, 4:0:0:0:2, 5:1:0:0:1, 3:0:0:0:2, 3:1:0:0:3, 2:0:0:0:1, 0:0:0:0:0, 2:0:0:0:1, 2:0:0:0:1, 4:2:1:0:1, 5:2:0:0:3, 3:2:1:0:2, 4:2:0:0:2, 3:1:0:0:1, 3:0:0:0:2, 1:0:0:0:1, 2:0:0:0:1, 4:0:0:0:3,  ,  ,  ,  ,  ,  ,  ,  ,  ,  ,  ,  ,  ,  ,  ,  ,  ,  ,  ,  ,  ,  ,  ,  ,  ,  ,  ,  ,  ,  ,  ,  ,  ,  ,  ,  ,  ,  ,  ,  ,  ,  ,  ,  ,  ,  ,  ,  ,  ,  ,  ,  ,  ,  ,  ,  ,  ,  ,  ,  ,  ,  ,  ,  , 4:1:1:0:4, 4:0:1:0:3, 4:1:1:0:4, 2:0:0:0:2, 5:1:0:0:4, 2:0:0:0:2,  , 2:0:0:0:2, 2:1:0:0:2, 3:1:0:0:1, 1:0:0:0:1, 1:0:0:0:0, 2:2:0:0:0, 3:1:0:0:3, 1:0:0:0:1, 2:0:0:0:1, 2:1:0:0:1, 3:0:0:0:1, 2:0:0:0:1, 1:0:0:0:0, 2:0:0:0:1, 3:0:0:0:1, 3:0:0:0:1, 4:1:0:0:3, 6:2:2:0:3, 4:2:0:0:2, 2:0:0:0:1, 2:0:1:0:2, 2:0:0:0:2, 4:2:0:0:2, 3:0:0:0:2, 5:0:0:0:3, 178:35:9:0:111
D minor (1b), 1:0:0:0:0, 1:0:0:0:0, 4:0:0:0:0, 1:0:0:0:0, 3:0:0:0:0, 3:0:0:0:0, 2:0:0:0:0, 1:0:0:0:0, 1:0:0:0:0, 2:0:1:0:1, 1:0:0:0:0, 2:1:0:0:1, 3:0:0:0:0, 2:0:0:0:0, 4:0:0:0:0, 4:2:0:0:2, 2:0:0:0:0, 4:2:0:0:2, 3:1:0:0:1, 4:0:1:0:1, 3:0:0:0:0, 1:0:0:0:0, 4:0:0:0:0, 4:2:0:0:2, 5:0:0:0:0, 3:1:0:0:1, 3:0:0:0:0, 3:1:1:0:2, 5:0:0:0:0, 2:0:0:0:0, 2:0:0:0:0, 2:0:0:0:0, 3:0:0:0:0,  ,  ,  ,  ,  ,  ,  ,  ,  ,  ,  ,  ,  ,  ,  ,  ,  ,  ,  ,  ,  ,  ,  ,  ,  ,  ,  ,  ,  ,  ,  ,  ,  ,  ,  ,  ,  ,  ,  ,  ,  ,  ,  ,  ,  ,  ,  ,  ,  ,  ,  ,  ,  ,  ,  ,  ,  ,  ,  ,  ,  ,  ,  ,  , 3:0:0:0:0, 4:0:0:0:0, 3:0:0:0:0, 3:1:1:0:2, 3:0:0:0:0, 2:0:0:0:0,  , 1:0:0:0:0, 1:0:0:0:0, 1:0:0:0:0, 1:0:0:0:0, 2:0:0:0:0, 2:0:0:0:0, 3:0:0:0:0, 3:1:0:0:1, 2:0:0:0:0, 4:2:0:0:2, 3:0:0:0:0, 4:1:0:0:1, 2:0:0:0:0, 4:1:0:0:1, 5:0:0:0:0, 5:2:0:0:2, 5:0:0:0:0, 6:0:0:0:0, 2:0:0:0:0, 2:0:0:0:0, 3:1:0:0:1, 1:0:0:0:0, 2:0:0:0:0, 4:2:0:0:2, 3:0:0:0:0, 177:21:4:0:25
E minor (1#), 2:0:0:0:2, 2:0:0:0:0, 4:0:1:0:3, 3:0:0:0:2, 2:0:0:0:1, 4:1:0:0:3, 3:0:0:0:2, 2:1:0:0:2, 1:1:0:0:1, 2:1:0:0:1, 1:1:0:0:0, 1:0:0:0:1, 4:2:0:0:3, 4:0:0:0:2, 4:1:0:0:3, 3:0:0:0:2, 4:0:0:0:2, 5:1:0:0:1, 3:0:0:0:2, 3:1:0:0:3, 2:0:0:0:1, 0:0:0:0:0, 2:0:0:0:1, 2:0:0:0:1, 4:2:1:0:1, 5:2:0:0:3, 3:2:1:0:2, 4:2:0:0:2, 3:1:0:0:1, 3:0:0:0:2, 1:0:0:0:1, 2:0:0:0:1, 4:0:0:0:3,  ,  ,  ,  ,  ,  ,  ,  ,  ,  ,  ,  ,  ,  ,  ,  ,  ,  ,  ,  ,  ,  ,  ,  ,  ,  ,  ,  ,  ,  ,  ,  ,  ,  ,  ,  ,  ,  ,  ,  ,  ,  ,  ,  ,  ,  ,  ,  ,  ,  ,  ,  ,  ,  ,  ,  ,  ,  ,  ,  ,  ,  ,  ,  , 4:1:1:0:4, 4:0:1:0:3, 4:1:1:0:4, 2:0:0:0:2, 5:1:0:0:4, 2:0:0:0:2,  , 2:0:0:0:2, 2:1:0:0:2, 3:1:0:0:1, 1:0:0:0:1, 1:0:0:0:0, 2:2:0:0:0, 3:1:0:0:3, 1:0:0:0:1, 2:0:0:0:1, 2:1:0:0:1, 3:0:0:0:1, 2:0:0:0:1, 1:0:0:0:0, 2:0:0:0:1, 3:0:0:0:1, 3:0:0:0:1, 4:1:0:0:3, 6:2:2:0:3, 4:2:0:0:2, 2:0:0:0:1, 2:0:1:0:2, 2:0:0:0:2, 4:2:0:0:2, 3:0:0:0:2, 5:0:0:0:3, 178:35:9:0:111
D minor mel (1b), 1:0:0:0:0, 1:0:0:0:0, 4:0:0:0:0, 1:0:0:0:0, 3:0:0:0:0, 3:0:0:0:0, 2:0:0:0:0, 1:0:0:0:0, 1:0:0:0:0, 2:0:1:0:1, 1:0:0:0:0, 2:1:0:0:1, 3:0:0:0:0, 2:0:0:0:0, 4:0:0:0:0, 4:2:0:0:2, 2:0:0:0:0, 4:2:0:0:2, 3:1:0:0:1, 4:0:1:0:1, 3:0:0:0:0, 1:0:0:0:0, 4:0:0:0:0, 4:2:0:0:2, 5:0:0:0:0, 3:1:0:0:1, 3:0:0:0:0, 3:1:1:0:2, 5:0:0:0:0, 2:0:0:0:0, 2:0:0:0:0, 2:0:0:0:0, 3:0:0:0:0,  ,  ,  ,  ,  ,  ,  ,  ,  ,  ,  ,  ,  ,  ,  ,  ,  ,  ,  ,  ,  ,  ,  ,  ,  ,  ,  ,  ,  ,  ,  ,  ,  ,  ,  ,  ,  ,  ,  ,  ,  ,  ,  ,  ,  ,  ,  ,  ,  ,  ,  ,  ,  ,  ,  ,  ,  ,  ,  ,  ,  ,  ,  ,  , 3:0:0:0:0, 4:0:0:0:0, 3:0:0:0:0, 3:1:1:0:2, 3:0:0:0:0, 2:0:0:0:0,  , 1:0:0:0:0, 1:0:0:0:0, 1:0:0:0:0, 1:0:0:0:0, 2:0:0:0:0, 2:0:0:0:0, 3:0:0:0:0, 3:1:0:0:1, 2:0:0:0:0, 4:2:0:0:2, 3:0:0:0:0, 4:1:0:0:1, 2:0:0:0:0, 4:1:0:0:1, 5:0:0:0:0, 5:2:0:0:2, 5:0:0:0:0, 6:0:0:0:0, 2:0:0:0:0, 2:0:0:0:0, 3:1:0:0:1, 1:0:0:0:0, 2:0:0:0:0, 4:2:0:0:2, 3:0:0:0:0, 177:21:4:0:25
E minor mel (1#), 2:0:0:0:2, 2:0:0:0:0, 4:0:1:0:3, 3:0:0:0:2, 2:0:0:0:1, 4:1:0:0:3, 3:0:0:0:2, 2:1:0:0:2, 1:1:0:0:1, 2:1:0:0:1, 1:1:0:0:0, 1:0:0:0:1, 4:2:0:0:3, 4:0:0:0:2, 4:1:0:0:3, 3:0:0:0:2, 4:0:0:0:2, 5:1:0:0:1, 3:0:0:0:2, 3:1:0:0:3, 2:0:0:0:1, 0:0:0:0:0, 2:0:0:0:1, 2:0:0:0:1, 4:2:1:0:1, 5:2:0:0:3, 3:2:1:0:2, 4:2:0:0:2, 3:1:0:0:1, 3:0:0:0:2, 1:0:0:0:1, 2:0:0:0:1, 4:0:0:0:3,  ,  ,  ,  ,  ,  ,  ,  ,  ,  ,  ,  ,  ,  ,  ,  ,  ,  ,  ,  ,  ,  ,  ,  ,  ,  ,  ,  ,  ,  ,  ,  ,  ,  ,  ,  ,  ,  ,  ,  ,  ,  ,  ,  ,  ,  ,  ,  ,  ,  ,  ,  ,  ,  ,  ,  ,  ,  ,  ,  ,  ,  ,  ,  , 4:1:1:0:4, 4:0:1:0:3, 4:1:1:0:4, 2:0:0:0:2, 5:1:0:0:4, 2:0:0:0:2,  , 2:0:0:0:2, 2:1:0:0:2, 3:1:0:0:1, 1:0:0:0:1, 1:0:0:0:0, 2:2:0:0:0, 3:1:0:0:3, 1:0:0:0:1, 2:0:0:0:1, 2:1:0:0:1, 3:0:0:0:1, 2:0:0:0:1, 1:0:0:0:0, 2:0:0:0:1, 3:0:0:0:1, 3:0:0:0:1, 4:1:0:0:3, 6:2:2:0:3, 4:2:0:0:2, 2:0:0:0:1, 2:0:1:0:2, 2:0:0:0:2, 4:2:0:0:2, 3:0:0:0:2, 5:0:0:0:3, 178:35:9:0:111
F major blues (1b), 1:0:0:0:0, 1:0:0:0:0, 4:0:0:0:0, 1:0:0:0:0, 3:0:0:0:0, 3:0:0:0:0, 2:0:0:0:0, 1:0:0:0:0, 1:0:0:0:0, 2:0:1:0:1, 1:0:0:0:0, 2:1:0:0:1, 3:0:0:0:0, 2:0:0:0:0, 4:0:0:0:0, 4:2:0:0:2, 2:0:0:0:0, 4:2:0:0:2, 3:1:0:0:1, 4:0:1:0:1, 3:0:0:0:0, 1:0:0:0:0, 4:0:0:0:0, 4:2:0:0:2, 5:0:0:0:0, 3:1:0:0:1, 3:0:0:0:0, 3:1:1:0:2, 5:0:0:0:0, 2:0:0:0:0, 2:0:0:0:0, 2:0:0:0:0, 3:0:0:0:0,  ,  ,  ,  ,  ,  ,  ,  ,  ,  ,  ,  ,  ,  ,  ,  ,  ,  ,  ,  ,  ,  ,  ,  ,  ,  ,  ,  ,  ,  ,  ,  ,  ,  ,  ,  ,  ,  ,  ,  ,  ,  ,  ,  ,  ,  ,  ,  ,  ,  ,  ,  ,  ,  ,  ,  ,  ,  ,  ,  ,  ,  ,  ,  , 3:0:0:0:0, 4:0:0:0:0, 3:0:0:0:0, 3:1:1:0:2, 3:0:0:0:0, 2:0:0:0:0,  , 1:0:0:0:0, 1:0:0:0:0, 1:0:0:0:0, 1:0:0:0:0, 2:0:0:0:0, 2:0:0:0:0, 3:0:0:0:0, 3:1:0:0:1, 2:0:0:0:0, 4:2:0:0:2, 3:0:0:0:0, 4:1:0:0:1, 2:0:0:0:0, 4:1:0:0:1, 5:0:0:0:0, 5:2:0:0:2, 5:0:0:0:0, 6:0:0:0:0, 2:0:0:0:0, 2:0:0:0:0, 3:1:0:0:1, 1:0:0:0:0, 2:0:0:0:0, 4:2:0:0:2, 3:0:0:0:0, 177:21:4:0:25
G major blues (1#), 2:0:0:0:2, 2:0:0:0:0, 4:0:1:0:3, 3:0:0:0:2, 2:0:0:0:1, 4:1:0:0:3, 3:0:0:0:2, 2:1:0:0:2, 1:1:0:0:1, 2:1:0:0:1, 1:1:0:0:0, 1:0:0:0:1, 4:2:0:0:3, 4:0:0:0:2, 4:1:0:0:3, 3:0:0:0:2, 4:0:0:0:2, 5:1:0:0:1, 3:0:0:0:2, 3:1:0:0:3, 2:0:0:0:1, 0:0:0:0:0, 2:0:0:0:1, 2:0:0:0:1, 4:2:1:0:1, 5:2:0:0:3, 3:2:1:0:2, 4:2:0:0:2, 3:1:0:0:1, 3:0:0:0:2, 1:0:0:0:1, 2:0:0:0:1, 4:0:0:0:3,  ,  ,  ,  ,  ,  ,  ,  ,  ,  ,  ,  ,  ,  ,  ,  ,  ,  ,  ,  ,  ,  ,  ,  ,  ,  ,  ,  ,  ,  ,  ,  ,  ,  ,  ,  ,  ,  ,  ,  ,  ,  ,  ,  ,  ,  ,  ,  ,  ,  ,  ,  ,  ,  ,  ,  ,  ,  ,  ,  ,  ,  ,  ,  , 4:1:1:0:4, 4:0:1:0:3, 4:1:1:0:4, 2:0:0:0:2, 5:1:0:0:4, 2:0:0:0:2,  , 2:0:0:0:2, 2:1:0:0:2, 3:1:0:0:1, 1:0:0:0:1, 1:0:0:0:0, 2:2:0:0:0, 3:1:0:0:3, 1:0:0:0:1, 2:0:0:0:1, 2:1:0:0:1, 3:0:0:0:1, 2:0:0:0:1, 1:0:0:0:0, 2:0:0:0:1, 3:0:0:0:1, 3:0:0:0:1, 4:1:0:0:3, 6:2:2:0:3, 4:2:0:0:2, 2:0:0:0:1, 2:0:1:0:2, 2:0:0:0:2, 4:2:0:0:2, 3:0:0:0:2, 5:0:0:0:3, 178:35:9:0:111
D minor blues (1b), 1:0:0:0:0, 1:0:0:0:0, 4:0:0:0:0, 1:0:0:0:0, 3:0:0:0:0, 3:0:0:0:0, 2:0:0:0:0, 1:0:0:0:0, 1:0:0:0:0, 2:0:1:0:1, 1:0:0:0:0, 2:1:0:0:1, 3:0:0:0:0, 2:0:0:0:0, 4:0:0:0:0, 4:2:0:0:2, 2:0:0:0:0, 4:2:0:0:2, 3:1:0:0:1, 4:0:1:0:1, 3:0:0:0:0, 1:0:0:0:0, 4:0:0:0:0, 4:2:0:0:2, 5:0:0:0:0, 3:1:0:0:1, 3:0:0:0:0, 3:1:1:0:2, 5:0:0:0:0, 2:0:0:0:0, 2:0:0:0:0, 2:0:0:0:0, 3:0:0:0:0,  ,  ,  ,  ,  ,  ,  ,  ,  ,  ,  ,  ,  ,  ,  ,  ,  ,  ,  ,  ,  ,  ,  ,  ,  ,  ,  ,  ,  ,  ,  ,  ,  ,  ,  ,  ,  ,  ,  ,  ,  ,  ,  ,  ,  ,  ,  ,  ,  ,  ,  ,  ,  ,  ,  ,  ,  ,  ,  ,  ,  ,  ,  ,  , 3:0:0:0:0, 4:0:0:0:0, 3:0:0:0:0, 3:1:1:0:2, 3:0:0:0:0, 2:0:0:0:0,  , 1:0:0:0:0, 1:0:0:0:0, 1:0:0:0:0, 1:0:0:0:0, 2:0:0:0:0, 2:0:0:0:0, 3:0:0:0:0, 3:1:0:0:1, 2:0:0:0:0, 4:2:0:0:2, 3:0:0:0:0, 4:1:0:0:1, 2:0:0:0:0, 4:1:0:0:1, 5:0:0:0:0, 5:2:0:0:2, 5:0:0:0:0, 6:0:0:0:0, 2:0:0:0:0, 2:0:0:0:0, 3:1:0:0:1, 1:0:0:0:0, 2:0:0:0:0, 4:2:0:0:2, 3:0:0:0:0, 177:21:4:0:25
E minor blues (1#), 2:0:0:0:2, 2:0:0:0:0, 4:0:1:0:3, 3:0:0:0:2, 2:0:0:0:1, 4:1:0:0:3, 3:0:0:0:2, 2:1:0:0:2, 1:1:0:0:1, 2:1:0:0:1, 1:1:0:0:0, 1:0:0:0:1, 4:2:0:0:3, 4:0:0:0:2, 4:1:0:0:3, 3:0:0:0:2, 4:0:0:0:2, 5:1:0:0:1, 3:0:0:0:2, 3:1:0:0:3, 2:0:0:0:1, 0:0:0:0:0, 2:0:0:0:1, 2:0:0:0:1, 4:2:1:0:1, 5:2:0:0:3, 3:2:1:0:2, 4:2:0:0:2, 3:1:0:0:1, 3:0:0:0:2, 1:0:0:0:1, 2:0:0:0:1, 4:0:0:0:3,  ,  ,  ,  ,  ,  ,  ,  ,  ,  ,  ,  ,  ,  ,  ,  ,  ,  ,  ,  ,  ,  ,  ,  ,  ,  ,  ,  ,  ,  ,  ,  ,  ,  ,  ,  ,  ,  ,  ,  ,  ,  ,  ,  ,  ,  ,  ,  ,  ,  ,  ,  ,  ,  ,  ,  ,  ,  ,  ,  ,  ,  ,  ,  , 4:1:1:0:4, 4:0:1:0:3, 4:1:1:0:4, 2:0:0:0:2, 5:1:0:0:4, 2:0:0:0:2,  , 2:0:0:0:2, 2:1:0:0:2, 3:1:0:0:1, 1:0:0:0:1, 1:0:0:0:0, 2:2:0:0:0, 3:1:0:0:3, 1:0:0:0:1, 2:0:0:0:1, 2:1:0:0:1, 3:0:0:0:1, 2:0:0:0:1, 1:0:0:0:0, 2:0:0:0:1, 3:0:0:0:1, 3:0:0:0:1, 4:1:0:0:3, 6:2:2:0:3, 4:2:0:0:2, 2:0:0:0:1, 2:0:1:0:2, 2:0:0:0:2, 4:2:0:0:2, 3:0:0:0:2, 5:0:0:0:3, 178:35:9:0:111
F dorian (1b), 1:0:0:0:0, 1:0:0:0:0, 4:0:0:0:0, 1:0:0:0:0, 3:0:0:0:0, 3:0:0:0:0, 2:0:0:0:0, 1:0:0:0:0, 1:0:0:0:0, 2:0:1:0:1, 1:0:0:0:0, 2:1:0:0:1, 3:0:0:0:0, 2:0:0:0:0, 4:0:0:0:0, 4:2:0:0:2, 2:0:0:0:0, 4:2:0:0:2, 3:1:0:0:1, 4:0:1:0:1, 3:0:0:0:0, 1:0:0:0:0, 4:0:0:0:0, 4:2:0:0:2, 5:0:0:0:0, 3:1:0:0:1, 3:0:0:0:0, 3:1:1:0:2, 5:0:0:0:0, 2:0:0:0:0, 2:0:0:0:0, 2:0:0:0:0, 3:0:0:0:0,  ,  ,  ,  ,  ,  ,  ,  ,  ,  ,  ,  ,  ,  ,  ,  ,  ,  ,  ,  ,  ,  ,  ,  ,  ,  ,  ,  ,  ,  ,  ,  ,  ,  ,  ,  ,  ,  ,  ,  ,  ,  ,  ,  ,  ,  ,  ,  ,  ,  ,  ,  ,  ,  ,  ,  ,  ,  ,  ,  ,  ,  ,  ,  , 3:0:0:0:0, 4:0:0:0:0, 3:0:0:0:0, 3:1:1:0:2, 3:0:0:0:0, 2:0:0:0:0,  , 1:0:0:0:0, 1:0:0:0:0, 1:0:0:0:0, 1:0:0:0:0, 2:0:0:0:0, 2:0:0:0:0, 3:0:0:0:0, 3:1:0:0:1, 2:0:0:0:0, 4:2:0:0:2, 3:0:0:0:0, 4:1:0:0:1, 2:0:0:0:0, 4:1:0:0:1, 5:0:0:0:0, 5:2:0:0:2, 5:0:0:0:0, 6:0:0:0:0, 2:0:0:0:0, 2:0:0:0:0, 3:1:0:0:1, 1:0:0:0:0, 2:0:0:0:0, 4:2:0:0:2, 3:0:0:0:0, 177:21:4:0:25
G dorian (1#), 2:0:0:0:2, 2:0:0:0:0, 4:0:1:0:3, 3:0:0:0:2, 2:0:0:0:1, 4:1:0:0:3, 3:0:0:0:2, 2:1:0:0:2, 1:1:0:0:1, 2:1:0:0:1, 1:1:0:0:0, 1:0:0:0:1, 4:2:0:0:3, 4:0:0:0:2, 4:1:0:0:3, 3:0:0:0:2, 4:0:0:0:2, 5:1:0:0:1, 3:0:0:0:2, 3:1:0:0:3, 2:0:0:0:1, 0:0:0:0:0, 2:0:0:0:1, 2:0:0:0:1, 4:2:1:0:1, 5:2:0:0:3, 3:2:1:0:2, 4:2:0:0:2, 3:1:0:0:1, 3:0:0:0:2, 1:0:0:0:1, 2:0:0:0:1, 4:0:0:0:3,  ,  ,  ,  ,  ,  ,  ,  ,  ,  ,  ,  ,  ,  ,  ,  ,  ,  ,  ,  ,  ,  ,  ,  ,  ,  ,  ,  ,  ,  ,  ,  ,  ,  ,  ,  ,  ,  ,  ,  ,  ,  ,  ,  ,  ,  ,  ,  ,  ,  ,  ,  ,  ,  ,  ,  ,  ,  ,  ,  ,  ,  ,  ,  , 4:1:1:0:4, 4:0:1:0:3, 4:1:1:0:4, 2:0:0:0:2, 5:1:0:0:4, 2:0:0:0:2,  , 2:0:0:0:2, 2:1:0:0:2, 3:1:0:0:1, 1:0:0:0:1, 1:0:0:0:0, 2:2:0:0:0, 3:1:0:0:3, 1:0:0:0:1, 2:0:0:0:1, 2:1:0:0:1, 3:0:0:0:1, 2:0:0:0:1, 1:0:0:0:0, 2:0:0:0:1, 3:0:0:0:1, 3:0:0:0:1, 4:1:0:0:3, 6:2:2:0:3, 4:2:0:0:2, 2:0:0:0:1, 2:0:1:0:2, 2:0:0:0:2, 4:2:0:0:2, 3:0:0:0:2, 5:0:0:0:3, 178:35:9:0:111
F phrygian (1b), 1:0:0:0:0, 1:0:0:0:0, 4:0:0:0:0, 1:0:0:0:0, 3:0:0:0:0, 3:0:0:0:0, 2:0:0:0:0, 1:0:0:0:0, 1:0:0:0:0, 2:0:1:0:1, 1:0:0:0:0, 2:1:0:0:1, 3:0:0:0:0, 2:0:0:0:0, 4:0:0:0:0, 4:2:0:0:2, 2:0:0:0:0, 4:2:0:0:2, 3:1:0:0:1, 4:0:1:0:1, 3:0:0:0:0, 1:0:0:0:0, 4:0:0:0:0, 4:2:0:0:2, 5:0:0:0:0, 3:1:0:0:1, 3:0:0:0:0, 3:1:1:0:2, 5:0:0:0:0, 2:0:0:0:0, 2:0:0:0:0, 2:0:0:0:0, 3:0:0:0:0,  ,  ,  ,  ,  ,  ,  ,  ,  ,  ,  ,  ,  ,  ,  ,  ,  ,  ,  ,  ,  ,  ,  ,  ,  ,  ,  ,  ,  ,  ,  ,  ,  ,  ,  ,  ,  ,  ,  ,  ,  ,  ,  ,  ,  ,  ,  ,  ,  ,  ,  ,  ,  ,  ,  ,  ,  ,  ,  ,  ,  ,  ,  ,  , 3:0:0:0:0, 4:0:0:0:0, 3:0:0:0:0, 3:1:1:0:2, 3:0:0:0:0, 2:0:0:0:0,  , 1:0:0:0:0, 1:0:0:0:0, 1:0:0:0:0, 1:0:0:0:0, 2:0:0:0:0, 2:0:0:0:0, 3:0:0:0:0, 3:1:0:0:1, 2:0:0:0:0, 4:2:0:0:2, 3:0:0:0:0, 4:1:0:0:1, 2:0:0:0:0, 4:1:0:0:1, 5:0:0:0:0, 5:2:0:0:2, 5:0:0:0:0, 6:0:0:0:0, 2:0:0:0:0, 2:0:0:0:0, 3:1:0:0:1, 1:0:0:0:0, 2:0:0:0:0, 4:2:0:0:2, 3:0:0:0:0, 177:21:4:0:25
G phrygian (1#), 2:0:0:0:2, 2:0:0:0:0, 4:0:1:0:3, 3:0:0:0:2, 2:0:0:0:1, 4:1:0:0:3, 3:0:0:0:2, 2:1:0:0:2, 1:1:0:0:1, 2:1:0:0:1, 1:1:0:0:0, 1:0:0:0:1, 4:2:0:0:3, 4:0:0:0:2, 4:1:0:0:3, 3:0:0:0:2, 4:0:0:0:2, 5:1:0:0:1, 3:0:0:0:2, 3:1:0:0:3, 2:0:0:0:1, 0:0:0:0:0, 2:0:0:0:1, 2:0:0:0:1, 4:2:1:0:1, 5:2:0:0:3, 3:2:1:0:2, 4:2:0:0:2, 3:1:0:0:1, 3:0:0:0:2, 1:0:0:0:1, 2:0:0:0:1, 4:0:0:0:3,  ,  ,  ,  ,  ,  ,  ,  ,  ,  ,  ,  ,  ,  ,  ,  ,  ,  ,  ,  ,  ,  ,  ,  ,  ,  ,  ,  ,  ,  ,  ,  ,  ,  ,  ,  ,  ,  ,  ,  ,  ,  ,  ,  ,  ,  ,  ,  ,  ,  ,  ,  ,  ,  ,  ,  ,  ,  ,  ,  ,  ,  ,  ,  , 4:1:1:0:4, 4:0:1:0:3, 4:1:1:0:4, 2:0:0:0:2, 5:1:0:0:4, 2:0:0:0:2,  , 2:0:0:0:2, 2:1:0:0:2, 3:1:0:0:1, 1:0:0:0:1, 1:0:0:0:0, 2:2:0:0:0, 3:1:0:0:3, 1:0:0:0:1, 2:0:0:0:1, 2:1:0:0:1, 3:0:0:0:1, 2:0:0:0:1, 1:0:0:0:0, 2:0:0:0:1, 3:0:0:0:1, 3:0:0:0:1, 4:1:0:0:3, 6:2:2:0:3, 4:2:0:0:2, 2:0:0:0:1, 2:0:1:0:2, 2:0:0:0:2, 4:2:0:0:2, 3:0:0:0:2, 5:0:0:0:3, 178:35:9:0:111
F lydian (1b), 1:0:0:0:0, 1:0:0:0:0, 4:0:0:0:0, 1:0:0:0:0, 3:0:0:0:0, 3:0:0:0:0, 2:0:0:0:0, 1:0:0:0:0, 1:0:0:0:0, 2:0:1:0:1, 1:0:0:0:0, 2:1:0:0:1, 3:0:0:0:0, 2:0:0:0:0, 4:0:0:0:0, 4:2:0:0:2, 2:0:0:0:0, 4:2:0:0:2, 3:1:0:0:1, 4:0:1:0:1, 3:0:0:0:0, 1:0:0:0:0, 4:0:0:0:0, 4:2:0:0:2, 5:0:0:0:0, 3:1:0:0:1, 3:0:0:0:0, 3:1:1:0:2, 5:0:0:0:0, 2:0:0:0:0, 2:0:0:0:0, 2:0:0:0:0, 3:0:0:0:0,  ,  ,  ,  ,  ,  ,  ,  ,  ,  ,  ,  ,  ,  ,  ,  ,  ,  ,  ,  ,  ,  ,  ,  ,  ,  ,  ,  ,  ,  ,  ,  ,  ,  ,  ,  ,  ,  ,  ,  ,  ,  ,  ,  ,  ,  ,  ,  ,  ,  ,  ,  ,  ,  ,  ,  ,  ,  ,  ,  ,  ,  ,  ,  , 3:0:0:0:0, 4:0:0:0:0, 3:0:0:0:0, 3:1:1:0:2, 3:0:0:0:0, 2:0:0:0:0,  , 1:0:0:0:0, 1:0:0:0:0, 1:0:0:0:0, 1:0:0:0:0, 2:0:0:0:0, 2:0:0:0:0, 3:0:0:0:0, 3:1:0:0:1, 2:0:0:0:0, 4:2:0:0:2, 3:0:0:0:0, 4:1:0:0:1, 2:0:0:0:0, 4:1:0:0:1, 5:0:0:0:0, 5:2:0:0:2, 5:0:0:0:0, 6:0:0:0:0, 2:0:0:0:0, 2:0:0:0:0, 3:1:0:0:1, 1:0:0:0:0, 2:0:0:0:0, 4:2:0:0:2, 3:0:0:0:0, 177:21:4:0:25
G lydian (1#), 2:0:0:0:2, 2:0:0:0:0, 4:0:1:0:3, 3:0:0:0:2, 2:0:0:0:1, 4:1:0:0:3, 3:0:0:0:2, 2:1:0:0:2, 1:1:0:0:1, 2:1:0:0:1, 1:1:0:0:0, 1:0:0:0:1, 4:2:0:0:3, 4:0:0:0:2, 4:1:0:0:3, 3:0:0:0:2, 4:0:0:0:2, 5:1:0:0:1, 3:0:0:0:2, 3:1:0:0:3, 2:0:0:0:1, 0:0:0:0:0, 2:0:0:0:1, 2:0:0:0:1, 4:2:1:0:1, 5:2:0:0:3, 3:2:1:0:2, 4:2:0:0:2, 3:1:0:0:1, 3:0:0:0:2, 1:0:0:0:1, 2:0:0:0:1, 4:0:0:0:3,  ,  ,  ,  ,  ,  ,  ,  ,  ,  ,  ,  ,  ,  ,  ,  ,  ,  ,  ,  ,  ,  ,  ,  ,  ,  ,  ,  ,  ,  ,  ,  ,  ,  ,  ,  ,  ,  ,  ,  ,  ,  ,  ,  ,  ,  ,  ,  ,  ,  ,  ,  ,  ,  ,  ,  ,  ,  ,  ,  ,  ,  ,  ,  , 4:1:1:0:4, 4:0:1:0:3, 4:1:1:0:4, 2:0:0:0:2, 5:1:0:0:4, 2:0:0:0:2,  , 2:0:0:0:2, 2:1:0:0:2, 3:1:0:0:1, 1:0:0:0:1, 1:0:0:0:0, 2:2:0:0:0, 3:1:0:0:3, 1:0:0:0:1, 2:0:0:0:1, 2:1:0:0:1, 3:0:0:0:1, 2:0:0:0:1, 1:0:0:0:0, 2:0:0:0:1, 3:0:0:0:1, 3:0:0:0:1, 4:1:0:0:3, 6:2:2:0:3, 4:2:0:0:2, 2:0:0:0:1, 2:0:1:0:2, 2:0:0:0:2, 4:2:0:0:2, 3:0:0:0:2, 5:0:0:0:3, 178:35:9:0:111
F mixolydian (1b), 1:0:0:0:0, 1:0:0:0:0, 4:0:0:0:0, 1:0:0:0:0, 3:0:0:0:0, 3:0:0:0:0, 2:0:0:0:0, 1:0:0:0:0, 1:0:0:0:0, 2:0:1:0:1, 1:0:0:0:0, 2:1:0:0:1, 3:0:0:0:0, 2:0:0:0:0, 4:0:0:0:0, 4:2:0:0:2, 2:0:0:0:0, 4:2:0:0:2, 3:1:0:0:1, 4:0:1:0:1, 3:0:0:0:0, 1:0:0:0:0, 4:0:0:0:0, 4:2:0:0:2, 5:0:0:0:0, 3:1:0:0:1, 3:0:0:0:0, 3:1:1:0:2, 5:0:0:0:0, 2:0:0:0:0, 2:0:0:0:0, 2:0:0:0:0, 3:0:0:0:0,  ,  ,  ,  ,  ,  ,  ,  ,  ,  ,  ,  ,  ,  ,  ,  ,  ,  ,  ,  ,  ,  ,  ,  ,  ,  ,  ,  ,  ,  ,  ,  ,  ,  ,  ,  ,  ,  ,  ,  ,  ,  ,  ,  ,  ,  ,  ,  ,  ,  ,  ,  ,  ,  ,  ,  ,  ,  ,  ,  ,  ,  ,  ,  , 3:0:0:0:0, 4:0:0:0:0, 3:0:0:0:0, 3:1:1:0:2, 3:0:0:0:0, 2:0:0:0:0,  , 1:0:0:0:0, 1:0:0:0:0, 1:0:0:0:0, 1:0:0:0:0, 2:0:0:0:0, 2:0:0:0:0, 3:0:0:0:0, 3:1:0:0:1, 2:0:0:0:0, 4:2:0:0:2, 3:0:0:0:0, 4:1:0:0:1, 2:0:0:0:0, 4:1:0:0:1, 5:0:0:0:0, 5:2:0:0:2, 5:0:0:0:0, 6:0:0:0:0, 2:0:0:0:0, 2:0:0:0:0, 3:1:0:0:1, 1:0:0:0:0, 2:0:0:0:0, 4:2:0:0:2, 3:0:0:0:0, 177:21:4:0:25
G mixolydian (1#), 2:0:0:0:2, 2:0:0:0:0, 4:0:1:0:3, 3:0:0:0:2, 2:0:0:0:1, 4:1:0:0:3, 3:0:0:0:2, 2:1:0:0:2, 1:1:0:0:1, 2:1:0:0:1, 1:1:0:0:0, 1:0:0:0:1, 4:2:0:0:3, 4:0:0:0:2, 4:1:0:0:3, 3:0:0:0:2, 4:0:0:0:2, 5:1:0:0:1, 3:0:0:0:2, 3:1:0:0:3, 2:0:0:0:1, 0:0:0:0:0, 2:0:0:0:1, 2:0:0:0:1, 4:2:1:0:1, 5:2:0:0:3, 3:2:1:0:2, 4:2:0:0:2, 3:1:0:0:1, 3:0:0:0:2, 1:0:0:0:1, 2:0:0:0:1, 4:0:0:0:3,  ,  ,  ,  ,  ,  ,  ,  ,  ,  ,  ,  ,  ,  ,  ,  ,  ,  ,  ,  ,  ,  ,  ,  ,  ,  ,  ,  ,  ,  ,  ,  ,  ,  ,  ,  ,  ,  ,  ,  ,  ,  ,  ,  ,  ,  ,  ,  ,  ,  ,  ,  ,  ,  ,  ,  ,  ,  ,  ,  ,  ,  ,  ,  , 4:1:1:0:4, 4:0:1:0:3, 4:1:1:0:4, 2:0:0:0:2, 5:1:0:0:4, 2:0:0:0:2,  , 2:0:0:0:2, 2:1:0:0:2, 3:1:0:0:1, 1:0:0:0:1, 1:0:0:0:0, 2:2:0:0:0, 3:1:0:0:3, 1:0:0:0:1, 2:0:0:0:1, 2:1:0:0:1, 3:0:0:0:1, 2:0:0:0:1, 1:0:0:0:0, 2:0:0:0:1, 3:0:0:0:1, 3:0:0:0:1, 4:1:0:0:3, 6:2:2:0:3, 4:2:0:0:2, 2:0:0:0:1, 2:0:1:0:2, 2:0:0:0:2, 4:2:0:0:2, 3:0:0:0:2, 5:0:0:0:3, 178:35:9:0:111
F aeolian (1b), 1:0:0:0:0, 1:0:0:0:0, 4:0:0:0:0, 1:0:0:0:0, 3:0:0:0:0, 3:0:0:0:0, 2:0:0:0:0, 1:0:0:0:0, 1:0:0:0:0, 2:0:1:0:1, 1:0:0:0:0, 2:1:0:0:1, 3:0:0:0:0, 2:0:0:0:0, 4:0:0:0:0, 4:2:0:0:2, 2:0:0:0:0, 4:2:0:0:2, 3:1:0:0:1, 4:0:1:0:1, 3:0:0:0:0, 1:0:0:0:0, 4:0:0:0:0, 4:2:0:0:2, 5:0:0:0:0, 3:1:0:0:1, 3:0:0:0:0, 3:1:1:0:2, 5:0:0:0:0, 2:0:0:0:0, 2:0:0:0:0, 2:0:0:0:0, 3:0:0:0:0,  ,  ,  ,  ,  ,  ,  ,  ,  ,  ,  ,  ,  ,  ,  ,  ,  ,  ,  ,  ,  ,  ,  ,  ,  ,  ,  ,  ,  ,  ,  ,  ,  ,  ,  ,  ,  ,  ,  ,  ,  ,  ,  ,  ,  ,  ,  ,  ,  ,  ,  ,  ,  ,  ,  ,  ,  ,  ,  ,  ,  ,  ,  ,  , 3:0:0:0:0, 4:0:0:0:0, 3:0:0:0:0, 3:1:1:0:2, 3:0:0:0:0, 2:0:0:0:0,  , 1:0:0:0:0, 1:0:0:0:0, 1:0:0:0:0, 1:0:0:0:0, 2:0:0:0:0, 2:0:0:0:0, 3:0:0:0:0, 3:1:0:0:1, 2:0:0:0:0, 4:2:0:0:2, 3:0:0:0:0, 4:1:0:0:1, 2:0:0:0:0, 4:1:0:0:1, 5:0:0:0:0, 5:2:0:0:2, 5:0:0:0:0, 6:0:0:0:0, 2:0:0:0:0, 2:0:0:0:0, 3:1:0:0:1, 1:0:0:0:0, 2:0:0:0:0, 4:2:0:0:2, 3:0:0:0:0, 177:21:4:0:25
G aeolian (1#), 2:0:0:0:2, 2:0:0:0:0, 4:0:1:0:3, 3:0:0:0:2, 2:0:0:0:1, 4:1:0:0:3, 3:0:0:0:2, 2:1:0:0:2, 1:1:0:0:1, 2:1:0:0:1, 1:1:0:0:0, 1:0:0:0:1, 4:2:0:0:3, 4:0:0:0:2, 4:1:0:0:3, 3:0:0:0:2, 4:0:0:0:2, 5:1:0:0:1, 3:0:0:0:2, 3:1:0:0:3, 2:0:0:0:1, 0:0:0:0:0, 2:0:0:0:1, 2:0:0:0:1, 4:2:1:0:1, 5:2:0:0:3, 3:2:1:0:2, 4:2:0:0:2, 3:1:0:0:1, 3:0:0:0:2, 1:0:0:0:1, 2:0:0:0:1, 4:0:0:0:3,  ,  ,  ,  ,  ,  ,  ,  ,  ,  ,  ,  ,  ,  ,  ,  ,  ,  ,  ,  ,  ,  ,  ,  ,  ,  ,  ,  ,  ,  ,  ,  ,  ,  ,  ,  ,  ,  ,  ,  ,  ,  ,  ,  ,  ,  ,  ,  ,  ,  ,  ,  ,  ,  ,  ,  ,  ,  ,  ,  ,  ,  ,  ,  , 4:1:1:0:4, 4:0:1:0:3, 4:1:1:0:4, 2:0:0:0:2, 5:1:0:0:4, 2:0:0:0:2,  , 2:0:0:0:2, 2:1:0:0:2, 3:1:0:0:1, 1:0:0:0:1, 1:0:0:0:0, 2:2:0:0:0, 3:1:0:0:3, 1:0:0:0:1, 2:0:0:0:1, 2:1:0:0:1, 3:0:0:0:1, 2:0:0:0:1, 1:0:0:0:0, 2:0:0:0:1, 3:0:0:0:1, 3:0:0:0:1, 4:1:0:0:3, 6:2:2:0:3, 4:2:0:0:2, 2:0:0:0:1, 2:0:1:0:2, 2:0:0:0:2, 4:2:0:0:2, 3:0:0:0:2, 5:0:0:0:3, 178:35:9:0:111
F locrian (1b), 1:0:0:0:0, 1:0:0:0:0, 4:0:0:0:0, 1:0:0:0:0, 3:0:0:0:0, 3:0:0:0:0, 2:0:0:0:0, 1:0:0:0:0, 1:0:0:0:0, 2:0:1:0:1, 1:0:0:0:0, 2:1:0:0:1, 3:0:0:0:0, 2:0:0:0:0, 4:0:0:0:0, 4:2:0:0:2, 2:0:0:0:0, 4:2:0:0:2, 3:1:0:0:1, 4:0:1:0:1, 3:0:0:0:0, 1:0:0:0:0, 4:0:0:0:0, 4:2:0:0:2, 5:0:0:0:0, 3:1:0:0:1, 3:0:0:0:0, 3:1:1:0:2, 5:0:0:0:0, 2:0:0:0:0, 2:0:0:0:0, 2:0:0:0:0, 3:0:0:0:0,  ,  ,  ,  ,  ,  ,  ,  ,  ,  ,  ,  ,  ,  ,  ,  ,  ,  ,  ,  ,  ,  ,  ,  ,  ,  ,  ,  ,  ,  ,  ,  ,  ,  ,  ,  ,  ,  ,  ,  ,  ,  ,  ,  ,  ,  ,  ,  ,  ,  ,  ,  ,  ,  ,  ,  ,  ,  ,  ,  ,  ,  ,  ,  , 3:0:0:0:0, 4:0:0:0:0, 3:0:0:0:0, 3:1:1:0:2, 3:0:0:0:0, 2:0:0:0:0,  , 1:0:0:0:0, 1:0:0:0:0, 1:0:0:0:0, 1:0:0:0:0, 2:0:0:0:0, 2:0:0:0:0, 3:0:0:0:0, 3:1:0:0:1, 2:0:0:0:0, 4:2:0:0:2, 3:0:0:0:0, 4:1:0:0:1, 2:0:0:0:0, 4:1:0:0:1, 5:0:0:0:0, 5:2:0:0:2, 5:0:0:0:0, 6:0:0:0:0, 2:0:0:0:0, 2:0:0:0:0, 3:1:0:0:1, 1:0:0:0:0, 2:0:0:0:0, 4:2:0:0:2, 3:0:0:0:0, 177:21:4:0:25
G locrian (1#), 2:0:0:0:2, 2:0:0:0:0, 4:0:1:0:3, 3:0:0:0:2, 2:0:0:0:1, 4:1:0:0:3, 3:0:0:0:2, 2:1:0:0:2, 1:1:0:0:1, 2:1:0:0:1, 1:1:0:0:0, 1:0:0:0:1, 4:2:0:0:3, 4:0:0:0:2, 4:1:0:0:3, 3:0:0:0:2, 4:0:0:0:2, 5:1:0:0:1, 3:0:0:0:2, 3:1:0:0:3, 2:0:0:0:1, 0:0:0:0:0, 2:0:0:0:1, 2:0:0:0:1, 4:2:1:0:1, 5:2:0:0:3, 3:2:1:0:2, 4:2:0:0:2, 3:1:0:0:1, 3:0:0:0:2, 1:0:0:0:1, 2:0:0:0:1, 4:0:0:0:3,  ,  ,  ,  ,  ,  ,  ,  ,  ,  ,  ,  ,  ,  ,  ,  ,  ,  ,  ,  ,  ,  ,  ,  ,  ,  ,  ,  ,  ,  ,  ,  ,  ,  ,  ,  ,  ,  ,  ,  ,  ,  ,  ,  ,  ,  ,  ,  ,  ,  ,  ,  ,  ,  ,  ,  ,  ,  ,  ,  ,  ,  ,  ,  , 4:1:1:0:4, 4:0:1:0:3, 4:1:1:0:4, 2:0:0:0:2, 5:1:0:0:4, 2:0:0:0:2,  , 2:0:0:0:2, 2:1:0:0:2, 3:1:0:0:1, 1:0:0:0:1, 1:0:0:0:0, 2:2:0:0:0, 3:1:0:0:3, 1:0:0:0:1, 2:0:0:0:1, 2:1:0:0:1, 3:0:0:0:1, 2:0:0:0:1, 1:0:0:0:0, 2:0:0:0:1, 3:0:0:0:1, 3:0:0:0:1, 4:1:0:0:3, 6:2:2:0:3, 4:2:0:0:2, 2:0:0:0:1, 2:0:1:0:2, 2:0:0:0:2, 4:2:0:0:2, 3:0:0:0:2, 5:0:0:0:3, 178:35:9:0:111
Bb major (2b), 1:0:0:0:0, 1:0:0:0:0, 3:0:0:0:0, 1:0:0:0:0, 2:0:0:0:1, 2:0:0:0:0, 1:0:0:0:0, 1:0:0:0:0, 1:0:0:0:0, 2:0:1:0:0, 1:0:0:0:0, 2:0:1:0:1, 2:0:0:0:0, 1:0:0:0:0, 3:0:0:0:1, 4:1:0:0:1, 2:0:0:0:0, 5:2:0:0:3, 3:0:0:0:0, 3:0:1:0:0, 3:0:0:0:1, 1:0:0:0:0, 5:0:0:0:1, 5:0:1:0:2, 4:0:0:0:0, 4:1:0:0:1, 2:0:0:0:0, 3:1:1:0:1, 4:0:0:0:1, 1:0:0:0:0, 1:0:0:0:1, 2:0:0:0:0, 2:0:0:0:0,  ,  ,  ,  ,  ,  ,  ,  ,  ,  ,  ,  ,  ,  ,  ,  ,  ,  ,  ,  ,  ,  ,  ,  ,  ,  ,  ,  ,  ,  ,  ,  ,  ,  ,  ,  ,  ,  ,  ,  ,  ,  ,  ,  ,  ,  ,  ,  ,  ,  ,  ,  ,  ,  ,  ,  ,  ,  ,  ,  ,  ,  ,  ,  , 3:0:0:0:0, 3:0:0:0:0, 3:0:0:0:0, 3:1:1:0:1, 2:0:0:0:0, 1:0:0:0:0,  , 1:0:0:0:0, 1:0:0:0:0, 1:0:0:0:0, 0:0:0:0:0, 3:0:0:0:1, 1:0:0:0:0, 2:0:0:0:0, 3:1:0:0:2, 3:0:0:0:0, 4:1:0:0:2, 2:0:0:0:0, 4:1:0:0:2, 2:0:0:0:1, 4:1:0:0:2, 4:0:1:0:2, 4:2:0:0:3, 4:0:0:0:1, 5:0:0:0:0, 2:0:0:0:0, 2:0:0:0:0, 3:1:0:0:1, 0:0:0:0:0, 1:0:0:0:0, 4:1:0:0:1, 3:0:1:0:1, 156:14:8:0:35
D major (2#), 3:0:0:0:1, 1:0:0:0:0, 3:0:1:0:2, 4:0:0:0:1, 1:0:0:0:1, 4:0:0:0:2, 3:0:0:0:1, 2:0:1:0:2, 1:0:0:0:0, 2:1:0:0:0, 1:1:0:0:1, 1:0:0:0:1, 4:0:0:0:2, 3:0:0:0:2, 4:0:0:0:2, 3:0:1:0:2, 3:0:0:0:1, 4:1:0:0:0, 2:0:0:0:1, 3:0:0:0:2, 1:0:0:0:0, 0:0:0:0:0, 1:0:0:0:0, 1:0:0:0:1, 3:2:1:0:1, 6:2:0:0:4, 3:0:2:0:3, 5:1:1:0:1, 3:1:0:0:0, 3:0:0:0:2, 2:0:0:0:1, 1:0:0:0:0, 4:0:0:0:2,  ,  ,  ,  ,  ,  ,  ,  ,  ,  ,  ,  ,  ,  ,  ,  ,  ,  ,  ,  ,  ,  ,  ,  ,  ,  ,  ,  ,  ,  ,  ,  ,  ,  ,  ,  ,  ,  ,  ,  ,  ,  ,  ,  ,  ,  ,  ,  ,  ,  ,  ,  ,  ,  ,  ,  ,  ,  ,  ,  ,  ,  ,  ,  , 4:0:1:0:2, 3:0:1:0:2, 4:0:1:0:2, 2:0:0:0:1, 5:0:0:0:2, 2:0:0:0:1,  , 2:0:0:0:1, 2:0:1:0:2, 4:1:0:0:0, 1:0:0:0:1, 0:0:0:0:0, 2:2:0:0:0, 3:0:1:0:3, 1:0:0:0:0, 1:0:0:0:0, 2:1:0:0:2, 2:0:0:0:1, 1:0:0:0:0, 0:0:0:0:0, 1:0:0:0:0, 2:0:0:0:1, 2:0:0:0:1, 5:1:0:0:3, 5:2:2:0:4, 4:1:0:0:0, 1:0:0:0:0, 3:0:1:0:1, 2:0:0:0:2, 4:1:0:0:1, 3:0:1:0:2, 6:0:0:0:2, 164:18:16:0:76
G minor (2b), 1:0:0:0:0, 1:0:0:0:0, 3:0:0:0:0, 1:0:0:0:0, 2:0:0:0:1, 2:0:0:0:0, 1:0:0:0:0, 1:0:0:0:0, 1:0:0:0:0, 2:0:1:0:0, 1:0:0:0:0, 2:0:1:0:1, 2:0:0:0:0, 1:0:0:0:0, 3:0:0:0:1, 4:1:0:0:1, 2:0:0:0:0, 5:2:0:0:3, 3:0:0:0:0, 3:0:1:0:0, 3:0:0:0:1, 1:0:0:0:0, 5:0:0:0:1, 5:0:1:0:2, 4:0:0:0:0, 4:1:0:0:1, 2:0:0:0:0, 3:1:1:0:1, 4:0:0:0:1, 1:0:0:0:0, 1:0:0:0:1, 2:0:0:0:0, 2:0:0:0:0,  ,  ,  ,  ,  ,  ,  ,  ,  ,  ,  ,  ,  ,  ,  ,  ,  ,  ,  ,  ,  ,  ,  ,  ,  ,  ,  ,  ,  ,  ,  ,  ,  ,  ,  ,  ,  ,  ,  ,  ,  ,  ,  ,  ,  ,  ,  ,  ,  ,  ,  ,  ,  ,  ,  ,  ,  ,  ,  ,  ,  ,  ,  ,  , 3:0:0:0:0, 3:0:0:0:0, 3:0:0:0:0, 3:1:1:0:1, 2:0:0:0:0, 1:0:0:0:0,  , 1:0:0:0:0, 1:0:0:0:0, 1:0:0:0:0, 0:0:0:0:0, 3:0:0:0:1, 1:0:0:0:0, 2:0:0:0:0, 3:1:0:0:2, 3:0:0:0:0, 4:1:0:0:2, 2:0:0:0:0, 4:1:0:0:2, 2:0:0:0:1, 4:1:0:0:2, 4:0:1:0:2, 4:2:0:0:3, 4:0:0:0:1, 5:0:0:0:0, 2:0:0:0:0, 2:0:0:0:0, 3:1:0:0:1, 0:0:0:0:0, 1:0:0:0:0, 4:1:0:0:1, 3:0:1:0:1, 156:14:8:0:35
B minor (2#), 3:0:0:0:1, 1:0:0:0:0, 3:0:1:0:2, 4:0:0:0:1, 1:0:0:0:1, 4:0:0:0:2, 3:0:0:0:1, 2:0:1:0:2, 1:0:0:0:0, 2:1:0:0:0, 1:1:0:0:1, 1:0:0:0:1, 4:0:0:0:2, 3:0:0:0:2, 4:0:0:0:2, 3:0:1:0:2, 3:0:0:0:1, 4:1:0:0:0, 2:0:0:0:1, 3:0:0:0:2, 1:0:0:0:0, 0:0:0:0:0, 1:0:0:0:0, 1:0:0:0:1, 3:2:1:0:1, 6:2:0:0:4, 3:0:2:0:3, 5:1:1:0:1, 3:1:0:0:0, 3:0:0:0:2, 2:0:0:0:1, 1:0:0:0:0, 4:0:0:0:2,  ,  ,  ,  ,  ,  ,  ,  ,  ,  ,  ,  ,  ,  ,  ,  ,  ,  ,  ,  ,  ,  ,  ,  ,  ,  ,  ,  ,  ,  ,  ,  ,  ,  ,  ,  ,  ,  ,  ,  ,  ,  ,  ,  ,  ,  ,  ,  ,  ,  ,  ,  ,  ,  ,  ,  ,  ,  ,  ,  ,  ,  ,  ,  , 4:0:1:0:2, 3:0:1:0:2, 4:0:1:0:2, 2:0:0:0:1, 5:0:0:0:2, 2:0:0:0:1,  , 2:0:0:0:1, 2:0:1:0:2, 4:1:0:0:0, 1:0:0:0:1, 0:0:0:0:0, 2:2:0:0:0, 3:0:1:0:3, 1:0:0:0:0, 1:0:0:0:0, 2:1:0:0:2, 2:0:0:0:1, 1:0:0:0:0, 0:0:0:0:0, 1:0:0:0:0, 2:0:0:0:1, 2:0:0:0:1, 5:1:0:0:3, 5:2:2:0:4, 4:1:0:0:0, 1:0:0:0:0, 3:0:1:0:1, 2:0:0:0:2, 4:1:0:0:1, 3:0:1:0:2, 6:0:0:0:2, 164:18:16:0:76
G minor mel (2b), 1:0:0:0:0, 1:0:0:0:0, 3:0:0:0:0, 1:0:0:0:0, 2:0:0:0:1, 2:0:0:0:0, 1:0:0:0:0, 1:0:0:0:0, 1:0:0:0:0, 2:0:1:0:0, 1:0:0:0:0, 2:0:1:0:1, 2:0:0:0:0, 1:0:0:0:0, 3:0:0:0:1, 4:1:0:0:1, 2:0:0:0:0, 5:2:0:0:3, 3:0:0:0:0, 3:0:1:0:0, 3:0:0:0:1, 1:0:0:0:0, 5:0:0:0:1, 5:0:1:0:2, 4:0:0:0:0, 4:1:0:0:1, 2:0:0:0:0, 3:1:1:0:1, 4:0:0:0:1, 1:0:0:0:0, 1:0:0:0:1, 2:0:0:0:0, 2:0:0:0:0,  ,  ,  ,  ,  ,  ,  ,  ,  ,  ,  ,  ,  ,  ,  ,  ,  ,  ,  ,  ,  ,  ,  ,  ,  ,  ,  ,  ,  ,  ,  ,  ,  ,  ,  ,  ,  ,  ,  ,  ,  ,  ,  ,  ,  ,  ,  ,  ,  ,  ,  ,  ,  ,  ,  ,  ,  ,  ,  ,  ,  ,  ,  ,  , 3:0:0:0:0, 3:0:0:0:0, 3:0:0:0:0, 3:1:1:0:1, 2:0:0:0:0, 1:0:0:0:0,  , 1:0:0:0:0, 1:0:0:0:0, 1:0:0:0:0, 0:0:0:0:0, 3:0:0:0:1, 1:0:0:0:0, 2:0:0:0:0, 3:1:0:0:2, 3:0:0:0:0, 4:1:0:0:2, 2:0:0:0:0, 4:1:0:0:2, 2:0:0:0:1, 4:1:0:0:2, 4:0:1:0:2, 4:2:0:0:3, 4:0:0:0:1, 5:0:0:0:0, 2:0:0:0:0, 2:0:0:0:0, 3:1:0:0:1, 0:0:0:0:0, 1:0:0:0:0, 4:1:0:0:1, 3:0:1:0:1, 156:14:8:0:35
B minor mel (2#), 3:0:0:0:1, 1:0:0:0:0, 3:0:1:0:2, 4:0:0:0:1, 1:0:0:0:1, 4:0:0:0:2, 3:0:0:0:1, 2:0:1:0:2, 1:0:0:0:0, 2:1:0:0:0, 1:1:0:0:1, 1:0:0:0:1, 4:0:0:0:2, 3:0:0:0:2, 4:0:0:0:2, 3:0:1:0:2, 3:0:0:0:1, 4:1:0:0:0, 2:0:0:0:1, 3:0:0:0:2, 1:0:0:0:0, 0:0:0:0:0, 1:0:0:0:0, 1:0:0:0:1, 3:2:1:0:1, 6:2:0:0:4, 3:0:2:0:3, 5:1:1:0:1, 3:1:0:0:0, 3:0:0:0:2, 2:0:0:0:1, 1:0:0:0:0, 4:0:0:0:2,  ,  ,  ,  ,  ,  ,  ,  ,  ,  ,  ,  ,  ,  ,  ,  ,  ,  ,  ,  ,  ,  ,  ,  ,  ,  ,  ,  ,  ,  ,  ,  ,  ,  ,  ,  ,  ,  ,  ,  ,  ,  ,  ,  ,  ,  ,  ,  ,  ,  ,  ,  ,  ,  ,  ,  ,  ,  ,  ,  ,  ,  ,  ,  , 4:0:1:0:2, 3:0:1:0:2, 4:0:1:0:2, 2:0:0:0:1, 5:0:0:0:2, 2:0:0:0:1,  , 2:0:0:0:1, 2:0:1:0:2, 4:1:0:0:0, 1:0:0:0:1, 0:0:0:0:0, 2:2:0:0:0, 3:0:1:0:3, 1:0:0:0:0, 1:0:0:0:0, 2:1:0:0:2, 2:0:0:0:1, 1:0:0:0:0, 0:0:0:0:0, 1:0:0:0:0, 2:0:0:0:1, 2:0:0:0:1, 5:1:0:0:3, 5:2:2:0:4, 4:1:0:0:0, 1:0:0:0:0, 3:0:1:0:1, 2:0:0:0:2, 4:1:0:0:1, 3:0:1:0:2, 6:0:0:0:2, 164:18:16:0:76
Bb major blues (2b), 1:0:0:0:0, 1:0:0:0:0, 3:0:0:0:0, 1:0:0:0:0, 2:0:0:0:1, 2:0:0:0:0, 1:0:0:0:0, 1:0:0:0:0, 1:0:0:0:0, 2:0:1:0:0, 1:0:0:0:0, 2:0:1:0:1, 2:0:0:0:0, 1:0:0:0:0, 3:0:0:0:1, 4:1:0:0:1, 2:0:0:0:0, 5:2:0:0:3, 3:0:0:0:0, 3:0:1:0:0, 3:0:0:0:1, 1:0:0:0:0, 5:0:0:0:1, 5:0:1:0:2, 4:0:0:0:0, 4:1:0:0:1, 2:0:0:0:0, 3:1:1:0:1, 4:0:0:0:1, 1:0:0:0:0, 1:0:0:0:1, 2:0:0:0:0, 2:0:0:0:0,  ,  ,  ,  ,  ,  ,  ,  ,  ,  ,  ,  ,  ,  ,  ,  ,  ,  ,  ,  ,  ,  ,  ,  ,  ,  ,  ,  ,  ,  ,  ,  ,  ,  ,  ,  ,  ,  ,  ,  ,  ,  ,  ,  ,  ,  ,  ,  ,  ,  ,  ,  ,  ,  ,  ,  ,  ,  ,  ,  ,  ,  ,  ,  , 3:0:0:0:0, 3:0:0:0:0, 3:0:0:0:0, 3:1:1:0:1, 2:0:0:0:0, 1:0:0:0:0,  , 1:0:0:0:0, 1:0:0:0:0, 1:0:0:0:0, 0:0:0:0:0, 3:0:0:0:1, 1:0:0:0:0, 2:0:0:0:0, 3:1:0:0:2, 3:0:0:0:0, 4:1:0:0:2, 2:0:0:0:0, 4:1:0:0:2, 2:0:0:0:1, 4:1:0:0:2, 4:0:1:0:2, 4:2:0:0:3, 4:0:0:0:1, 5:0:0:0:0, 2:0:0:0:0, 2:0:0:0:0, 3:1:0:0:1, 0:0:0:0:0, 1:0:0:0:0, 4:1:0:0:1, 3:0:1:0:1, 156:14:8:0:35
D major blues (2#), 3:0:0:0:1, 1:0:0:0:0, 3:0:1:0:2, 4:0:0:0:1, 1:0:0:0:1, 4:0:0:0:2, 3:0:0:0:1, 2:0:1:0:2, 1:0:0:0:0, 2:1:0:0:0, 1:1:0:0:1, 1:0:0:0:1, 4:0:0:0:2, 3:0:0:0:2, 4:0:0:0:2, 3:0:1:0:2, 3:0:0:0:1, 4:1:0:0:0, 2:0:0:0:1, 3:0:0:0:2, 1:0:0:0:0, 0:0:0:0:0, 1:0:0:0:0, 1:0:0:0:1, 3:2:1:0:1, 6:2:0:0:4, 3:0:2:0:3, 5:1:1:0:1, 3:1:0:0:0, 3:0:0:0:2, 2:0:0:0:1, 1:0:0:0:0, 4:0:0:0:2,  ,  ,  ,  ,  ,  ,  ,  ,  ,  ,  ,  ,  ,  ,  ,  ,  ,  ,  ,  ,  ,  ,  ,  ,  ,  ,  ,  ,  ,  ,  ,  ,  ,  ,  ,  ,  ,  ,  ,  ,  ,  ,  ,  ,  ,  ,  ,  ,  ,  ,  ,  ,  ,  ,  ,  ,  ,  ,  ,  ,  ,  ,  ,  , 4:0:1:0:2, 3:0:1:0:2, 4:0:1:0:2, 2:0:0:0:1, 5:0:0:0:2, 2:0:0:0:1,  , 2:0:0:0:1, 2:0:1:0:2, 4:1:0:0:0, 1:0:0:0:1, 0:0:0:0:0, 2:2:0:0:0, 3:0:1:0:3, 1:0:0:0:0, 1:0:0:0:0, 2:1:0:0:2, 2:0:0:0:1, 1:0:0:0:0, 0:0:0:0:0, 1:0:0:0:0, 2:0:0:0:1, 2:0:0:0:1, 5:1:0:0:3, 5:2:2:0:4, 4:1:0:0:0, 1:0:0:0:0, 3:0:1:0:1, 2:0:0:0:2, 4:1:0:0:1, 3:0:1:0:2, 6:0:0:0:2, 164:18:16:0:76
G minor blues (2b), 1:0:0:0:0, 1:0:0:0:0, 3:0:0:0:0, 1:0:0:0:0, 2:0:0:0:1, 2:0:0:0:0, 1:0:0:0:0, 1:0:0:0:0, 1:0:0:0:0, 2:0:1:0:0, 1:0:0:0:0, 2:0:1:0:1, 2:0:0:0:0, 1:0:0:0:0, 3:0:0:0:1, 4:1:0:0:1, 2:0:0:0:0, 5:2:0:0:3, 3:0:0:0:0, 3:0:1:0:0, 3:0:0:0:1, 1:0:0:0:0, 5:0:0:0:1, 5:0:1:0:2, 4:0:0:0:0, 4:1:0:0:1, 2:0:0:0:0, 3:1:1:0:1, 4:0:0:0:1, 1:0:0:0:0, 1:0:0:0:1, 2:0:0:0:0, 2:0:0:0:0,  ,  ,  ,  ,  ,  ,  ,  ,  ,  ,  ,  ,  ,  ,  ,  ,  ,  ,  ,  ,  ,  ,  ,  ,  ,  ,  ,  ,  ,  ,  ,  ,  ,  ,  ,  ,  ,  ,  ,  ,  ,  ,  ,  ,  ,  ,  ,  ,  ,  ,  ,  ,  ,  ,  ,  ,  ,  ,  ,  ,  ,  ,  ,  , 3:0:0:0:0, 3:0:0:0:0, 3:0:0:0:0, 3:1:1:0:1, 2:0:0:0:0, 1:0:0:0:0,  , 1:0:0:0:0, 1:0:0:0:0, 1:0:0:0:0, 0:0:0:0:0, 3:0:0:0:1, 1:0:0:0:0, 2:0:0:0:0, 3:1:0:0:2, 3:0:0:0:0, 4:1:0:0:2, 2:0:0:0:0, 4:1:0:0:2, 2:0:0:0:1, 4:1:0:0:2, 4:0:1:0:2, 4:2:0:0:3, 4:0:0:0:1, 5:0:0:0:0, 2:0:0:0:0, 2:0:0:0:0, 3:1:0:0:1, 0:0:0:0:0, 1:0:0:0:0, 4:1:0:0:1, 3:0:1:0:1, 156:14:8:0:35
B minor blues (2#), 3:0:0:0:1, 1:0:0:0:0, 3:0:1:0:2, 4:0:0:0:1, 1:0:0:0:1, 4:0:0:0:2, 3:0:0:0:1, 2:0:1:0:2, 1:0:0:0:0, 2:1:0:0:0, 1:1:0:0:1, 1:0:0:0:1, 4:0:0:0:2, 3:0:0:0:2, 4:0:0:0:2, 3:0:1:0:2, 3:0:0:0:1, 4:1:0:0:0, 2:0:0:0:1, 3:0:0:0:2, 1:0:0:0:0, 0:0:0:0:0, 1:0:0:0:0, 1:0:0:0:1, 3:2:1:0:1, 6:2:0:0:4, 3:0:2:0:3, 5:1:1:0:1, 3:1:0:0:0, 3:0:0:0:2, 2:0:0:0:1, 1:0:0:0:0, 4:0:0:0:2,  ,  ,  ,  ,  ,  ,  ,  ,  ,  ,  ,  ,  ,  ,  ,  ,  ,  ,  ,  ,  ,  ,  ,  ,  ,  ,  ,  ,  ,  ,  ,  ,  ,  ,  ,  ,  ,  ,  ,  ,  ,  ,  ,  ,  ,  ,  ,  ,  ,  ,  ,  ,  ,  ,  ,  ,  ,  ,  ,  ,  ,  ,  ,  , 4:0:1:0:2, 3:0:1:0:2, 4:0:1:0:2, 2:0:0:0:1, 5:0:0:0:2, 2:0:0:0:1,  , 2:0:0:0:1, 2:0:1:0:2, 4:1:0:0:0, 1:0:0:0:1, 0:0:0:0:0, 2:2:0:0:0, 3:0:1:0:3, 1:0:0:0:0, 1:0:0:0:0, 2:1:0:0:2, 2:0:0:0:1, 1:0:0:0:0, 0:0:0:0:0, 1:0:0:0:0, 2:0:0:0:1, 2:0:0:0:1, 5:1:0:0:3, 5:2:2:0:4, 4:1:0:0:0, 1:0:0:0:0, 3:0:1:0:1, 2:0:0:0:2, 4:1:0:0:1, 3:0:1:0:2, 6:0:0:0:2, 164:18:16:0:76
Bb dorian (2b), 1:0:0:0:0, 1:0:0:0:0, 3:0:0:0:0, 1:0:0:0:0, 2:0:0:0:1, 2:0:0:0:0, 1:0:0:0:0, 1:0:0:0:0, 1:0:0:0:0, 2:0:1:0:0, 1:0:0:0:0, 2:0:1:0:1, 2:0:0:0:0, 1:0:0:0:0, 3:0:0:0:1, 4:1:0:0:1, 2:0:0:0:0, 5:2:0:0:3, 3:0:0:0:0, 3:0:1:0:0, 3:0:0:0:1, 1:0:0:0:0, 5:0:0:0:1, 5:0:1:0:2, 4:0:0:0:0, 4:1:0:0:1, 2:0:0:0:0, 3:1:1:0:1, 4:0:0:0:1, 1:0:0:0:0, 1:0:0:0:1, 2:0:0:0:0, 2:0:0:0:0,  ,  ,  ,  ,  ,  ,  ,  ,  ,  ,  ,  ,  ,  ,  ,  ,  ,  ,  ,  ,  ,  ,  ,  ,  ,  ,  ,  ,  ,  ,  ,  ,  ,  ,  ,  ,  ,  ,  ,  ,  ,  ,  ,  ,  ,  ,  ,  ,  ,  ,  ,  ,  ,  ,  ,  ,  ,  ,  ,  ,  ,  ,  ,  , 3:0:0:0:0, 3:0:0:0:0, 3:0:0:0:0, 3:1:1:0:1, 2:0:0:0:0, 1:0:0:0:0,  , 1:0:0:0:0, 1:0:0:0:0, 1:0:0:0:0, 0:0:0:0:0, 3:0:0:0:1, 1:0:0:0:0, 2:0:0:0:0, 3:1:0:0:2, 3:0:0:0:0, 4:1:0:0:2, 2:0:0:0:0, 4:1:0:0:2, 2:0:0:0:1, 4:1:0:0:2, 4:0:1:0:2, 4:2:0:0:3, 4:0:0:0:1, 5:0:0:0:0, 2:0:0:0:0, 2:0:0:0:0, 3:1:0:0:1, 0:0:0:0:0, 1:0:0:0:0, 4:1:0:0:1, 3:0:1:0:1, 156:14:8:0:35
D dorian (2#), 3:0:0:0:1, 1:0:0:0:0, 3:0:1:0:2, 4:0:0:0:1, 1:0:0:0:1, 4:0:0:0:2, 3:0:0:0:1, 2:0:1:0:2, 1:0:0:0:0, 2:1:0:0:0, 1:1:0:0:1, 1:0:0:0:1, 4:0:0:0:2, 3:0:0:0:2, 4:0:0:0:2, 3:0:1:0:2, 3:0:0:0:1, 4:1:0:0:0, 2:0:0:0:1, 3:0:0:0:2, 1:0:0:0:0, 0:0:0:0:0, 1:0:0:0:0, 1:0:0:0:1, 3:2:1:0:1, 6:2:0:0:4, 3:0:2:0:3, 5:1:1:0:1, 3:1:0:0:0, 3:0:0:0:2, 2:0:0:0:1, 1:0:0:0:0, 4:0:0:0:2,  ,  ,  ,  ,  ,  ,  ,  ,  ,  ,  ,  ,  ,  ,  ,  ,  ,  ,  ,  ,  ,  ,  ,  ,  ,  ,  ,  ,  ,  ,  ,  ,  ,  ,  ,  ,  ,  ,  ,  ,  ,  ,  ,  ,  ,  ,  ,  ,  ,  ,  ,  ,  ,  ,  ,  ,  ,  ,  ,  ,  ,  ,  ,  , 4:0:1:0:2, 3:0:1:0:2, 4:0:1:0:2, 2:0:0:0:1, 5:0:0:0:2, 2:0:0:0:1,  , 2:0:0:0:1, 2:0:1:0:2, 4:1:0:0:0, 1:0:0:0:1, 0:0:0:0:0, 2:2:0:0:0, 3:0:1:0:3, 1:0:0:0:0, 1:0:0:0:0, 2:1:0:0:2, 2:0:0:0:1, 1:0:0:0:0, 0:0:0:0:0, 1:0:0:0:0, 2:0:0:0:1, 2:0:0:0:1, 5:1:0:0:3, 5:2:2:0:4, 4:1:0:0:0, 1:0:0:0:0, 3:0:1:0:1, 2:0:0:0:2, 4:1:0:0:1, 3:0:1:0:2, 6:0:0:0:2, 164:18:16:0:76
Bb phrygian (2b), 1:0:0:0:0, 1:0:0:0:0, 3:0:0:0:0, 1:0:0:0:0, 2:0:0:0:1, 2:0:0:0:0, 1:0:0:0:0, 1:0:0:0:0, 1:0:0:0:0, 2:0:1:0:0, 1:0:0:0:0, 2:0:1:0:1, 2:0:0:0:0, 1:0:0:0:0, 3:0:0:0:1, 4:1:0:0:1, 2:0:0:0:0, 5:2:0:0:3, 3:0:0:0:0, 3:0:1:0:0, 3:0:0:0:1, 1:0:0:0:0, 5:0:0:0:1, 5:0:1:0:2, 4:0:0:0:0, 4:1:0:0:1, 2:0:0:0:0, 3:1:1:0:1, 4:0:0:0:1, 1:0:0:0:0, 1:0:0:0:1, 2:0:0:0:0, 2:0:0:0:0,  ,  ,  ,  ,  ,  ,  ,  ,  ,  ,  ,  ,  ,  ,  ,  ,  ,  ,  ,  ,  ,  ,  ,  ,  ,  ,  ,  ,  ,  ,  ,  ,  ,  ,  ,  ,  ,  ,  ,  ,  ,  ,  ,  ,  ,  ,  ,  ,  ,  ,  ,  ,  ,  ,  ,  ,  ,  ,  ,  ,  ,  ,  ,  , 3:0:0:0:0, 3:0:0:0:0, 3:0:0:0:0, 3:1:1:0:1, 2:0:0:0:0, 1:0:0:0:0,  , 1:0:0:0:0, 1:0:0:0:0, 1:0:0:0:0, 0:0:0:0:0, 3:0:0:0:1, 1:0:0:0:0, 2:0:0:0:0, 3:1:0:0:2, 3:0:0:0:0, 4:1:0:0:2, 2:0:0:0:0, 4:1:0:0:2, 2:0:0:0:1, 4:1:0:0:2, 4:0:1:0:2, 4:2:0:0:3, 4:0:0:0:1, 5:0:0:0:0, 2:0:0:0:0, 2:0:0:0:0, 3:1:0:0:1, 0:0:0:0:0, 1:0:0:0:0, 4:1:0:0:1, 3:0:1:0:1, 156:14:8:0:35
D phrygian (2#), 3:0:0:0:1, 1:0:0:0:0, 3:0:1:0:2, 4:0:0:0:1, 1:0:0:0:1, 4:0:0:0:2, 3:0:0:0:1, 2:0:1:0:2, 1:0:0:0:0, 2:1:0:0:0, 1:1:0:0:1, 1:0:0:0:1, 4:0:0:0:2, 3:0:0:0:2, 4:0:0:0:2, 3:0:1:0:2, 3:0:0:0:1, 4:1:0:0:0, 2:0:0:0:1, 3:0:0:0:2, 1:0:0:0:0, 0:0:0:0:0, 1:0:0:0:0, 1:0:0:0:1, 3:2:1:0:1, 6:2:0:0:4, 3:0:2:0:3, 5:1:1:0:1, 3:1:0:0:0, 3:0:0:0:2, 2:0:0:0:1, 1:0:0:0:0, 4:0:0:0:2,  ,  ,  ,  ,  ,  ,  ,  ,  ,  ,  ,  ,  ,  ,  ,  ,  ,  ,  ,  ,  ,  ,  ,  ,  ,  ,  ,  ,  ,  ,  ,  ,  ,  ,  ,  ,  ,  ,  ,  ,  ,  ,  ,  ,  ,  ,  ,  ,  ,  ,  ,  ,  ,  ,  ,  ,  ,  ,  ,  ,  ,  ,  ,  , 4:0:1:0:2, 3:0:1:0:2, 4:0:1:0:2, 2:0:0:0:1, 5:0:0:0:2, 2:0:0:0:1,  , 2:0:0:0:1, 2:0:1:0:2, 4:1:0:0:0, 1:0:0:0:1, 0:0:0:0:0, 2:2:0:0:0, 3:0:1:0:3, 1:0:0:0:0, 1:0:0:0:0, 2:1:0:0:2, 2:0:0:0:1, 1:0:0:0:0, 0:0:0:0:0, 1:0:0:0:0, 2:0:0:0:1, 2:0:0:0:1, 5:1:0:0:3, 5:2:2:0:4, 4:1:0:0:0, 1:0:0:0:0, 3:0:1:0:1, 2:0:0:0:2, 4:1:0:0:1, 3:0:1:0:2, 6:0:0:0:2, 164:18:16:0:76
Bb lydian (2b), 1:0:0:0:0, 1:0:0:0:0, 3:0:0:0:0, 1:0:0:0:0, 2:0:0:0:1, 2:0:0:0:0, 1:0:0:0:0, 1:0:0:0:0, 1:0:0:0:0, 2:0:1:0:0, 1:0:0:0:0, 2:0:1:0:1, 2:0:0:0:0, 1:0:0:0:0, 3:0:0:0:1, 4:1:0:0:1, 2:0:0:0:0, 5:2:0:0:3, 3:0:0:0:0, 3:0:1:0:0, 3:0:0:0:1, 1:0:0:0:0, 5:0:0:0:1, 5:0:1:0:2, 4:0:0:0:0, 4:1:0:0:1, 2:0:0:0:0, 3:1:1:0:1, 4:0:0:0:1, 1:0:0:0:0, 1:0:0:0:1, 2:0:0:0:0, 2:0:0:0:0,  ,  ,  ,  ,  ,  ,  ,  ,  ,  ,  ,  ,  ,  ,  ,  ,  ,  ,  ,  ,  ,  ,  ,  ,  ,  ,  ,  ,  ,  ,  ,  ,  ,  ,  ,  ,  ,  ,  ,  ,  ,  ,  ,  ,  ,  ,  ,  ,  ,  ,  ,  ,  ,  ,  ,  ,  ,  ,  ,  ,  ,  ,  ,  , 3:0:0:0:0, 3:0:0:0:0, 3:0:0:0:0, 3:1:1:0:1, 2:0:0:0:0, 1:0:0:0:0,  , 1:0:0:0:0, 1:0:0:0:0, 1:0:0:0:0, 0:0:0:0:0, 3:0:0:0:1, 1:0:0:0:0, 2:0:0:0:0, 3:1:0:0:2, 3:0:0:0:0, 4:1:0:0:2, 2:0:0:0:0, 4:1:0:0:2, 2:0:0:0:1, 4:1:0:0:2, 4:0:1:0:2, 4:2:0:0:3, 4:0:0:0:1, 5:0:0:0:0, 2:0:0:0:0, 2:0:0:0:0, 3:1:0:0:1, 0:0:0:0:0, 1:0:0:0:0, 4:1:0:0:1, 3:0:1:0:1, 156:14:8:0:35
D lydian (2#), 3:0:0:0:1, 1:0:0:0:0, 3:0:1:0:2, 4:0:0:0:1, 1:0:0:0:1, 4:0:0:0:2, 3:0:0:0:1, 2:0:1:0:2, 1:0:0:0:0, 2:1:0:0:0, 1:1:0:0:1, 1:0:0:0:1, 4:0:0:0:2, 3:0:0:0:2, 4:0:0:0:2, 3:0:1:0:2, 3:0:0:0:1, 4:1:0:0:0, 2:0:0:0:1, 3:0:0:0:2, 1:0:0:0:0, 0:0:0:0:0, 1:0:0:0:0, 1:0:0:0:1, 3:2:1:0:1, 6:2:0:0:4, 3:0:2:0:3, 5:1:1:0:1, 3:1:0:0:0, 3:0:0:0:2, 2:0:0:0:1, 1:0:0:0:0, 4:0:0:0:2,  ,  ,  ,  ,  ,  ,  ,  ,  ,  ,  ,  ,  ,  ,  ,  ,  ,  ,  ,  ,  ,  ,  ,  ,  ,  ,  ,  ,  ,  ,  ,  ,  ,  ,  ,  ,  ,  ,  ,  ,  ,  ,  ,  ,  ,  ,  ,  ,  ,  ,  ,  ,  ,  ,  ,  ,  ,  ,  ,  ,  ,  ,  ,  , 4:0:1:0:2, 3:0:1:0:2, 4:0:1:0:2, 2:0:0:0:1, 5:0:0:0:2, 2:0:0:0:1,  , 2:0:0:0:1, 2:0:1:0:2, 4:1:0:0:0, 1:0:0:0:1, 0:0:0:0:0, 2:2:0:0:0, 3:0:1:0:3, 1:0:0:0:0, 1:0:0:0:0, 2:1:0:0:2, 2:0:0:0:1, 1:0:0:0:0, 0:0:0:0:0, 1:0:0:0:0, 2:0:0:0:1, 2:0:0:0:1, 5:1:0:0:3, 5:2:2:0:4, 4:1:0:0:0, 1:0:0:0:0, 3:0:1:0:1, 2:0:0:0:2, 4:1:0:0:1, 3:0:1:0:2, 6:0:0:0:2, 164:18:16:0:76
Bb mixolydian (2b), 1:0:0:0:0, 1:0:0:0:0, 3:0:0:0:0, 1:0:0:0:0, 2:0:0:0:1, 2:0:0:0:0, 1:0:0:0:0, 1:0:0:0:0, 1:0:0:0:0, 2:0:1:0:0, 1:0:0:0:0, 2:0:1:0:1, 2:0:0:0:0, 1:0:0:0:0, 3:0:0:0:1, 4:1:0:0:1, 2:0:0:0:0, 5:2:0:0:3, 3:0:0:0:0, 3:0:1:0:0, 3:0:0:0:1, 1:0:0:0:0, 5:0:0:0:1, 5:0:1:0:2, 4:0:0:0:0, 4:1:0:0:1, 2:0:0:0:0, 3:1:1:0:1, 4:0:0:0:1, 1:0:0:0:0, 1:0:0:0:1, 2:0:0:0:0, 2:0:0:0:0,  ,  ,  ,  ,  ,  ,  ,  ,  ,  ,  ,  ,  ,  ,  ,  ,  ,  ,  ,  ,  ,  ,  ,  ,  ,  ,  ,  ,  ,  ,  ,  ,  ,  ,  ,  ,  ,  ,  ,  ,  ,  ,  ,  ,  ,  ,  ,  ,  ,  ,  ,  ,  ,  ,  ,  ,  ,  ,  ,  ,  ,  ,  ,  , 3:0:0:0:0, 3:0:0:0:0, 3:0:0:0:0, 3:1:1:0:1, 2:0:0:0:0, 1:0:0:0:0,  , 1:0:0:0:0, 1:0:0:0:0, 1:0:0:0:0, 0:0:0:0:0, 3:0:0:0:1, 1:0:0:0:0, 2:0:0:0:0, 3:1:0:0:2, 3:0:0:0:0, 4:1:0:0:2, 2:0:0:0:0, 4:1:0:0:2, 2:0:0:0:1, 4:1:0:0:2, 4:0:1:0:2, 4:2:0:0:3, 4:0:0:0:1, 5:0:0:0:0, 2:0:0:0:0, 2:0:0:0:0, 3:1:0:0:1, 0:0:0:0:0, 1:0:0:0:0, 4:1:0:0:1, 3:0:1:0:1, 156:14:8:0:35
D mixolydian (2#), 3:0:0:0:1, 1:0:0:0:0, 3:0:1:0:2, 4:0:0:0:1, 1:0:0:0:1, 4:0:0:0:2, 3:0:0:0:1, 2:0:1:0:2, 1:0:0:0:0, 2:1:0:0:0, 1:1:0:0:1, 1:0:0:0:1, 4:0:0:0:2, 3:0:0:0:2, 4:0:0:0:2, 3:0:1:0:2, 3:0:0:0:1, 4:1:0:0:0, 2:0:0:0:1, 3:0:0:0:2, 1:0:0:0:0, 0:0:0:0:0, 1:0:0:0:0, 1:0:0:0:1, 3:2:1:0:1, 6:2:0:0:4, 3:0:2:0:3, 5:1:1:0:1, 3:1:0:0:0, 3:0:0:0:2, 2:0:0:0:1, 1:0:0:0:0, 4:0:0:0:2,  ,  ,  ,  ,  ,  ,  ,  ,  ,  ,  ,  ,  ,  ,  ,  ,  ,  ,  ,  ,  ,  ,  ,  ,  ,  ,  ,  ,  ,  ,  ,  ,  ,  ,  ,  ,  ,  ,  ,  ,  ,  ,  ,  ,  ,  ,  ,  ,  ,  ,  ,  ,  ,  ,  ,  ,  ,  ,  ,  ,  ,  ,  ,  , 4:0:1:0:2, 3:0:1:0:2, 4:0:1:0:2, 2:0:0:0:1, 5:0:0:0:2, 2:0:0:0:1,  , 2:0:0:0:1, 2:0:1:0:2, 4:1:0:0:0, 1:0:0:0:1, 0:0:0:0:0, 2:2:0:0:0, 3:0:1:0:3, 1:0:0:0:0, 1:0:0:0:0, 2:1:0:0:2, 2:0:0:0:1, 1:0:0:0:0, 0:0:0:0:0, 1:0:0:0:0, 2:0:0:0:1, 2:0:0:0:1, 5:1:0:0:3, 5:2:2:0:4, 4:1:0:0:0, 1:0:0:0:0, 3:0:1:0:1, 2:0:0:0:2, 4:1:0:0:1, 3:0:1:0:2, 6:0:0:0:2, 164:18:16:0:76
Bb aeolian (2b), 1:0:0:0:0, 1:0:0:0:0, 3:0:0:0:0, 1:0:0:0:0, 2:0:0:0:1, 2:0:0:0:0, 1:0:0:0:0, 1:0:0:0:0, 1:0:0:0:0, 2:0:1:0:0, 1:0:0:0:0, 2:0:1:0:1, 2:0:0:0:0, 1:0:0:0:0, 3:0:0:0:1, 4:1:0:0:1, 2:0:0:0:0, 5:2:0:0:3, 3:0:0:0:0, 3:0:1:0:0, 3:0:0:0:1, 1:0:0:0:0, 5:0:0:0:1, 5:0:1:0:2, 4:0:0:0:0, 4:1:0:0:1, 2:0:0:0:0, 3:1:1:0:1, 4:0:0:0:1, 1:0:0:0:0, 1:0:0:0:1, 2:0:0:0:0, 2:0:0:0:0,  ,  ,  ,  ,  ,  ,  ,  ,  ,  ,  ,  ,  ,  ,  ,  ,  ,  ,  ,  ,  ,  ,  ,  ,  ,  ,  ,  ,  ,  ,  ,  ,  ,  ,  ,  ,  ,  ,  ,  ,  ,  ,  ,  ,  ,  ,  ,  ,  ,  ,  ,  ,  ,  ,  ,  ,  ,  ,  ,  ,  ,  ,  ,  , 3:0:0:0:0, 3:0:0:0:0, 3:0:0:0:0, 3:1:1:0:1, 2:0:0:0:0, 1:0:0:0:0,  , 1:0:0:0:0, 1:0:0:0:0, 1:0:0:0:0, 0:0:0:0:0, 3:0:0:0:1, 1:0:0:0:0, 2:0:0:0:0, 3:1:0:0:2, 3:0:0:0:0, 4:1:0:0:2, 2:0:0:0:0, 4:1:0:0:2, 2:0:0:0:1, 4:1:0:0:2, 4:0:1:0:2, 4:2:0:0:3, 4:0:0:0:1, 5:0:0:0:0, 2:0:0:0:0, 2:0:0:0:0, 3:1:0:0:1, 0:0:0:0:0, 1:0:0:0:0, 4:1:0:0:1, 3:0:1:0:1, 156:14:8:0:35
D aeolian (2#), 3:0:0:0:1, 1:0:0:0:0, 3:0:1:0:2, 4:0:0:0:1, 1:0:0:0:1, 4:0:0:0:2, 3:0:0:0:1, 2:0:1:0:2, 1:0:0:0:0, 2:1:0:0:0, 1:1:0:0:1, 1:0:0:0:1, 4:0:0:0:2, 3:0:0:0:2, 4:0:0:0:2, 3:0:1:0:2, 3:0:0:0:1, 4:1:0:0:0, 2:0:0:0:1, 3:0:0:0:2, 1:0:0:0:0, 0:0:0:0:0, 1:0:0:0:0, 1:0:0:0:1, 3:2:1:0:1, 6:2:0:0:4, 3:0:2:0:3, 5:1:1:0:1, 3:1:0:0:0, 3:0:0:0:2, 2:0:0:0:1, 1:0:0:0:0, 4:0:0:0:2,  ,  ,  ,  ,  ,  ,  ,  ,  ,  ,  ,  ,  ,  ,  ,  ,  ,  ,  ,  ,  ,  ,  ,  ,  ,  ,  ,  ,  ,  ,  ,  ,  ,  ,  ,  ,  ,  ,  ,  ,  ,  ,  ,  ,  ,  ,  ,  ,  ,  ,  ,  ,  ,  ,  ,  ,  ,  ,  ,  ,  ,  ,  ,  , 4:0:1:0:2, 3:0:1:0:2, 4:0:1:0:2, 2:0:0:0:1, 5:0:0:0:2, 2:0:0:0:1,  , 2:0:0:0:1, 2:0:1:0:2, 4:1:0:0:0, 1:0:0:0:1, 0:0:0:0:0, 2:2:0:0:0, 3:0:1:0:3, 1:0:0:0:0, 1:0:0:0:0, 2:1:0:0:2, 2:0:0:0:1, 1:0:0:0:0, 0:0:0:0:0, 1:0:0:0:0, 2:0:0:0:1, 2:0:0:0:1, 5:1:0:0:3, 5:2:2:0:4, 4:1:0:0:0, 1:0:0:0:0, 3:0:1:0:1, 2:0:0:0:2, 4:1:0:0:1, 3:0:1:0:2, 6:0:0:0:2, 164:18:16:0:76
Bb locrian (2b), 1:0:0:0:0, 1:0:0:0:0, 3:0:0:0:0, 1:0:0:0:0, 2:0:0:0:1, 2:0:0:0:0, 1:0:0:0:0, 1:0:0:0:0, 1:0:0:0:0, 2:0:1:0:0, 1:0:0:0:0, 2:0:1:0:1, 2:0:0:0:0, 1:0:0:0:0, 3:0:0:0:1, 4:1:0:0:1, 2:0:0:0:0, 5:2:0:0:3, 3:0:0:0:0, 3:0:1:0:0, 3:0:0:0:1, 1:0:0:0:0, 5:0:0:0:1, 5:0:1:0:2, 4:0:0:0:0, 4:1:0:0:1, 2:0:0:0:0, 3:1:1:0:1, 4:0:0:0:1, 1:0:0:0:0, 1:0:0:0:1, 2:0:0:0:0, 2:0:0:0:0,  ,  ,  ,  ,  ,  ,  ,  ,  ,  ,  ,  ,  ,  ,  ,  ,  ,  ,  ,  ,  ,  ,  ,  ,  ,  ,  ,  ,  ,  ,  ,  ,  ,  ,  ,  ,  ,  ,  ,  ,  ,  ,  ,  ,  ,  ,  ,  ,  ,  ,  ,  ,  ,  ,  ,  ,  ,  ,  ,  ,  ,  ,  ,  , 3:0:0:0:0, 3:0:0:0:0, 3:0:0:0:0, 3:1:1:0:1, 2:0:0:0:0, 1:0:0:0:0,  , 1:0:0:0:0, 1:0:0:0:0, 1:0:0:0:0, 0:0:0:0:0, 3:0:0:0:1, 1:0:0:0:0, 2:0:0:0:0, 3:1:0:0:2, 3:0:0:0:0, 4:1:0:0:2, 2:0:0:0:0, 4:1:0:0:2, 2:0:0:0:1, 4:1:0:0:2, 4:0:1:0:2, 4:2:0:0:3, 4:0:0:0:1, 5:0:0:0:0, 2:0:0:0:0, 2:0:0:0:0, 3:1:0:0:1, 0:0:0:0:0, 1:0:0:0:0, 4:1:0:0:1, 3:0:1:0:1, 156:14:8:0:35
D locrian (2#), 3:0:0:0:1, 1:0:0:0:0, 3:0:1:0:2, 4:0:0:0:1, 1:0:0:0:1, 4:0:0:0:2, 3:0:0:0:1, 2:0:1:0:2, 1:0:0:0:0, 2:1:0:0:0, 1:1:0:0:1, 1:0:0:0:1, 4:0:0:0:2, 3:0:0:0:2, 4:0:0:0:2, 3:0:1:0:2, 3:0:0:0:1, 4:1:0:0:0, 2:0:0:0:1, 3:0:0:0:2, 1:0:0:0:0, 0:0:0:0:0, 1:0:0:0:0, 1:0:0:0:1, 3:2:1:0:1, 6:2:0:0:4, 3:0:2:0:3, 5:1:1:0:1, 3:1:0:0:0, 3:0:0:0:2, 2:0:0:0:1, 1:0:0:0:0, 4:0:0:0:2,  ,  ,  ,  ,  ,  ,  ,  ,  ,  ,  ,  ,  ,  ,  ,  ,  ,  ,  ,  ,  ,  ,  ,  ,  ,  ,  ,  ,  ,  ,  ,  ,  ,  ,  ,  ,  ,  ,  ,  ,  ,  ,  ,  ,  ,  ,  ,  ,  ,  ,  ,  ,  ,  ,  ,  ,  ,  ,  ,  ,  ,  ,  ,  , 4:0:1:0:2, 3:0:1:0:2, 4:0:1:0:2, 2:0:0:0:1, 5:0:0:0:2, 2:0:0:0:1,  , 2:0:0:0:1, 2:0:1:0:2, 4:1:0:0:0, 1:0:0:0:1, 0:0:0:0:0, 2:2:0:0:0, 3:0:1:0:3, 1:0:0:0:0, 1:0:0:0:0, 2:1:0:0:2, 2:0:0:0:1, 1:0:0:0:0, 0:0:0:0:0, 1:0:0:0:0, 2:0:0:0:1, 2:0:0:0:1, 5:1:0:0:3, 5:2:2:0:4, 4:1:0:0:0, 1:0:0:0:0, 3:0:1:0:1, 2:0:0:0:2, 4:1:0:0:1, 3:0:1:0:2, 6:0:0:0:2, 164:18:16:0:76
Eb major (3b), 0:0:0:0:0, 1:0:0:0:0, 2:0:0:0:0, 0:0:0:0:0, 2:0:0:0:1, 2:0:0:0:0, 0:0:0:0:0, 1:0:0:0:0, 1:0:0:0:0, 3:0:1:0:0, 0:0:0:0:0, 2:0:1:0:0, 1:0:0:0:0, 1:0:0:0:0, 4:0:0:0:1, 3:1:0:0:2, 3:0:0:0:0, 5:1:0:0:3, 2:0:0:0:1, 3:0:1:0:0, 4:0:0:0:1, 1:0:0:0:0, 4:0:0:0:2, 5:0:1:0:1, 5:0:0:0:0, 3:1:0:0:2, 2:0:0:0:0, 3:0:1:0:0, 3:0:0:0:1, 1:0:0:0:0, 1:0:0:0:1, 1:0:0:0:0, 1:0:0:0:0,  ,  ,  ,  ,  ,  ,  ,  ,  ,  ,  ,  ,  ,  ,  ,  ,  ,  ,  ,  ,  ,  ,  ,  ,  ,  ,  ,  ,  ,  ,  ,  ,  ,  ,  ,  ,  ,  ,  ,  ,  ,  ,  ,  ,  ,  ,  ,  ,  ,  ,  ,  ,  ,  ,  ,  ,  ,  ,  ,  ,  ,  ,  ,  , 2:0:0:0:0, 2:0:0:0:0, 2:0:0:0:0, 3:0:1:0:0, 1:0:0:0:0, 0:0:0:0:0,  , 0:0:0:0:0, 1:0:0:0:0, 2:0:0:0:0, 0:0:0:0:0, 3:0:0:0:2, 2:0:0:0:0, 2:0:0:0:0, 4:1:0:0:2, 2:0:0:0:1, 3:1:0:0:3, 2:0:0:0:1, 4:0:0:0:1, 2:0:0:0:1, 5:1:0:0:2, 5:0:1:0:1, 4:2:0:0:4, 4:0:0:0:1, 4:0:0:0:0, 3:0:0:0:0, 1:0:0:0:0, 3:0:0:0:0, 0:0:0:0:0, 2:0:0:0:0, 3:1:0:0:2, 2:0:1:0:0, 143:9:8:0:37
A major (3#), 2:0:0:0:1, 1:0:0:0:0, 2:0:1:0:1, 3:0:0:0:1, 2:0:0:0:0, 4:0:0:0:1, 2:0:0:0:0, 2:0:1:0:2, 1:0:0:0:0, 1:1:0:0:0, 1:0:0:0:0, 1:0:0:0:0, 3:0:0:0:1, 3:0:0:0:1, 4:0:0:0:1, 4:0:1:0:1, 2:0:0:0:1, 3:1:0:0:0, 1:0:0:0:0, 3:0:0:0:1, 0:0:0:0:0, 0:0:0:0:0, 0:0:0:0:0, 2:0:0:0:0, 3:2:1:0:2, 6:0:0:0:1, 3:0:2:0:2, 4:1:1:0:1, 2:1:0:0:1, 3:0:0:0:1, 2:0:0:0:0, 0:0:0:0:0, 3:0:0:0:1,  ,  ,  ,  ,  ,  ,  ,  ,  ,  ,  ,  ,  ,  ,  ,  ,  ,  ,  ,  ,  ,  ,  ,  ,  ,  ,  ,  ,  ,  ,  ,  ,  ,  ,  ,  ,  ,  ,  ,  ,  ,  ,  ,  ,  ,  ,  ,  ,  ,  ,  ,  ,  ,  ,  ,  ,  ,  ,  ,  ,  ,  ,  ,  , 3:0:1:0:2, 2:0:1:0:1, 3:0:1:0:2, 1:0:0:0:1, 4:0:0:0:1, 1:0:0:0:0,  , 1:0:0:0:1, 2:0:1:0:2, 3:1:0:0:0, 1:0:0:0:0, 1:0:0:0:0, 2:2:0:0:1, 3:0:1:0:2, 2:0:0:0:0, 0:0:0:0:0, 3:0:0:0:0, 2:0:0:0:0, 0:0:0:0:0, 0:0:0:0:0, 0:0:0:0:0, 2:0:0:0:0, 3:0:0:0:0, 5:1:0:0:2, 6:0:2:0:3, 3:1:0:0:0, 0:0:0:0:0, 2:0:1:0:1, 2:0:0:0:1, 4:1:0:0:0, 4:0:1:0:1, 5:0:0:0:1, 143:12:16:0:43
C minor (3b), 0:0:0:0:0, 1:0:0:0:0, 2:0:0:0:0, 0:0:0:0:0, 2:0:0:0:1, 2:0:0:0:0, 0:0:0:0:0, 1:0:0:0:0, 1:0:0:0:0, 3:0:1:0:0, 0:0:0:0:0, 2:0:1:0:0, 1:0:0:0:0, 1:0:0:0:0, 4:0:0:0:1, 3:1:0:0:2, 3:0:0:0:0, 5:1:0:0:3, 2:0:0:0:1, 3:0:1:0:0, 4:0:0:0:1, 1:0:0:0:0, 4:0:0:0:2, 5:0:1:0:1, 5:0:0:0:0, 3:1:0:0:2, 2:0:0:0:0, 3:0:1:0:0, 3:0:0:0:1, 1:0:0:0:0, 1:0:0:0:1, 1:0:0:0:0, 1:0:0:0:0,  ,  ,  ,  ,  ,  ,  ,  ,  ,  ,  ,  ,  ,  ,  ,  ,  ,  ,  ,  ,  ,  ,  ,  ,  ,  ,  ,  ,  ,  ,  ,  ,  ,  ,  ,  ,  ,  ,  ,  ,  ,  ,  ,  ,  ,  ,  ,  ,  ,  ,  ,  ,  ,  ,  ,  ,  ,  ,  ,  ,  ,  ,  ,  , 2:0:0:0:0, 2:0:0:0:0, 2:0:0:0:0, 3:0:1:0:0, 1:0:0:0:0, 0:0:0:0:0,  , 0:0:0:0:0, 1:0:0:0:0, 2:0:0:0:0, 0:0:0:0:0, 3:0:0:0:2, 2:0:0:0:0, 2:0:0:0:0, 4:1:0:0:2, 2:0:0:0:1, 3:1:0:0:3, 2:0:0:0:1, 4:0:0:0:1, 2:0:0:0:1, 5:1:0:0:2, 5:0:1:0:1, 4:2:0:0:4, 4:0:0:0:1, 4:0:0:0:0, 3:0:0:0:0, 1:0:0:0:0, 3:0:0:0:0, 0:0:0:0:0, 2:0:0:0:0, 3:1:0:0:2, 2:0:1:0:0, 143:9:8:0:37
F# minor (3#), 2:0:0:0:1, 1:0:0:0:0, 2:0:1:0:1, 3:0:0:0:1, 2:0:0:0:0, 4:0:0:0:1, 2:0:0:0:0, 2:0:1:0:2, 1:0:0:0:0, 1:1:0:0:0, 1:0:0:0:0, 1:0:0:0:0, 3:0:0:0:1, 3:0:0:0:1, 4:0:0:0:1, 4:0:1:0:1, 2:0:0:0:1, 3:1:0:0:0, 1:0:0:0:0, 3:0:0:0:1, 0:0:0:0:0, 0:0:0:0:0, 0:0:0:0:0, 2:0:0:0:0, 3:2:1:0:2, 6:0:0:0:1, 3:0:2:0:2, 4:1:1:0:1, 2:1:0:0:1, 3:0:0:0:1, 2:0:0:0:0, 0:0:0:0:0, 3:0:0:0:1,  ,  ,  ,  ,  ,  ,  ,  ,  ,  ,  ,  ,  ,  ,  ,  ,  ,  ,  ,  ,  ,  ,  ,  ,  ,  ,  ,  ,  ,  ,  ,  ,  ,  ,  ,  ,  ,  ,  ,  ,  ,  ,  ,  ,  ,  ,  ,  ,  ,  ,  ,  ,  ,  ,  ,  ,  ,  ,  ,  ,  ,  ,  ,  , 3:0:1:0:2, 2:0:1:0:1, 3:0:1:0:2, 1:0:0:0:1, 4:0:0:0:1, 1:0:0:0:0,  , 1:0:0:0:1, 2:0:1:0:2, 3:1:0:0:0, 1:0:0:0:0, 1:0:0:0:0, 2:2:0:0:1, 3:0:1:0:2, 2:0:0:0:0, 0:0:0:0:0, 3:0:0:0:0, 2:0:0:0:0, 0:0:0:0:0, 0:0:0:0:0, 0:0:0:0:0, 2:0:0:0:0, 3:0:0:0:0, 5:1:0:0:2, 6:0:2:0:3, 3:1:0:0:0, 0:0:0:0:0, 2:0:1:0:1, 2:0:0:0:1, 4:1:0:0:0, 4:0:1:0:1, 5:0:0:0:1, 143:12:16:0:43
C minor mel (3b), 0:0:0:0:0, 1:0:0:0:0, 2:0:0:0:0, 0:0:0:0:0, 2:0:0:0:1, 2:0:0:0:0, 0:0:0:0:0, 1:0:0:0:0, 1:0:0:0:0, 3:0:1:0:0, 0:0:0:0:0, 2:0:1:0:0, 1:0:0:0:0, 1:0:0:0:0, 4:0:0:0:1, 3:1:0:0:2, 3:0:0:0:0, 5:1:0:0:3, 2:0:0:0:1, 3:0:1:0:0, 4:0:0:0:1, 1:0:0:0:0, 4:0:0:0:2, 5:0:1:0:1, 5:0:0:0:0, 3:1:0:0:2, 2:0:0:0:0, 3:0:1:0:0, 3:0:0:0:1, 1:0:0:0:0, 1:0:0:0:1, 1:0:0:0:0, 1:0:0:0:0,  ,  ,  ,  ,  ,  ,  ,  ,  ,  ,  ,  ,  ,  ,  ,  ,  ,  ,  ,  ,  ,  ,  ,  ,  ,  ,  ,  ,  ,  ,  ,  ,  ,  ,  ,  ,  ,  ,  ,  ,  ,  ,  ,  ,  ,  ,  ,  ,  ,  ,  ,  ,  ,  ,  ,  ,  ,  ,  ,  ,  ,  ,  ,  , 2:0:0:0:0, 2:0:0:0:0, 2:0:0:0:0, 3:0:1:0:0, 1:0:0:0:0, 0:0:0:0:0,  , 0:0:0:0:0, 1:0:0:0:0, 2:0:0:0:0, 0:0:0:0:0, 3:0:0:0:2, 2:0:0:0:0, 2:0:0:0:0, 4:1:0:0:2, 2:0:0:0:1, 3:1:0:0:3, 2:0:0:0:1, 4:0:0:0:1, 2:0:0:0:1, 5:1:0:0:2, 5:0:1:0:1, 4:2:0:0:4, 4:0:0:0:1, 4:0:0:0:0, 3:0:0:0:0, 1:0:0:0:0, 3:0:0:0:0, 0:0:0:0:0, 2:0:0:0:0, 3:1:0:0:2, 2:0:1:0:0, 143:9:8:0:37
F# minor mel (3#), 2:0:0:0:1, 1:0:0:0:0, 2:0:1:0:1, 3:0:0:0:1, 2:0:0:0:0, 4:0:0:0:1, 2:0:0:0:0, 2:0:1:0:2, 1:0:0:0:0, 1:1:0:0:0, 1:0:0:0:0, 1:0:0:0:0, 3:0:0:0:1, 3:0:0:0:1, 4:0:0:0:1, 4:0:1:0:1, 2:0:0:0:1, 3:1:0:0:0, 1:0:0:0:0, 3:0:0:0:1, 0:0:0:0:0, 0:0:0:0:0, 0:0:0:0:0, 2:0:0:0:0, 3:2:1:0:2, 6:0:0:0:1, 3:0:2:0:2, 4:1:1:0:1, 2:1:0:0:1, 3:0:0:0:1, 2:0:0:0:0, 0:0:0:0:0, 3:0:0:0:1,  ,  ,  ,  ,  ,  ,  ,  ,  ,  ,  ,  ,  ,  ,  ,  ,  ,  ,  ,  ,  ,  ,  ,  ,  ,  ,  ,  ,  ,  ,  ,  ,  ,  ,  ,  ,  ,  ,  ,  ,  ,  ,  ,  ,  ,  ,  ,  ,  ,  ,  ,  ,  ,  ,  ,  ,  ,  ,  ,  ,  ,  ,  ,  , 3:0:1:0:2, 2:0:1:0:1, 3:0:1:0:2, 1:0:0:0:1, 4:0:0:0:1, 1:0:0:0:0,  , 1:0:0:0:1, 2:0:1:0:2, 3:1:0:0:0, 1:0:0:0:0, 1:0:0:0:0, 2:2:0:0:1, 3:0:1:0:2, 2:0:0:0:0, 0:0:0:0:0, 3:0:0:0:0, 2:0:0:0:0, 0:0:0:0:0, 0:0:0:0:0, 0:0:0:0:0, 2:0:0:0:0, 3:0:0:0:0, 5:1:0:0:2, 6:0:2:0:3, 3:1:0:0:0, 0:0:0:0:0, 2:0:1:0:1, 2:0:0:0:1, 4:1:0:0:0, 4:0:1:0:1, 5:0:0:0:1, 143:12:16:0:43
Eb major blues (3b), 0:0:0:0:0, 1:0:0:0:0, 2:0:0:0:0, 0:0:0:0:0, 2:0:0:0:1, 2:0:0:0:0, 0:0:0:0:0, 1:0:0:0:0, 1:0:0:0:0, 3:0:1:0:0, 0:0:0:0:0, 2:0:1:0:0, 1:0:0:0:0, 1:0:0:0:0, 4:0:0:0:1, 3:1:0:0:2, 3:0:0:0:0, 5:1:0:0:3, 2:0:0:0:1, 3:0:1:0:0, 4:0:0:0:1, 1:0:0:0:0, 4:0:0:0:2, 5:0:1:0:1, 5:0:0:0:0, 3:1:0:0:2, 2:0:0:0:0, 3:0:1:0:0, 3:0:0:0:1, 1:0:0:0:0, 1:0:0:0:1, 1:0:0:0:0, 1:0:0:0:0,  ,  ,  ,  ,  ,  ,  ,  ,  ,  ,  ,  ,  ,  ,  ,  ,  ,  ,  ,  ,  ,  ,  ,  ,  ,  ,  ,  ,  ,  ,  ,  ,  ,  ,  ,  ,  ,  ,  ,  ,  ,  ,  ,  ,  ,  ,  ,  ,  ,  ,  ,  ,  ,  ,  ,  ,  ,  ,  ,  ,  ,  ,  ,  , 2:0:0:0:0, 2:0:0:0:0, 2:0:0:0:0, 3:0:1:0:0, 1:0:0:0:0, 0:0:0:0:0,  , 0:0:0:0:0, 1:0:0:0:0, 2:0:0:0:0, 0:0:0:0:0, 3:0:0:0:2, 2:0:0:0:0, 2:0:0:0:0, 4:1:0:0:2, 2:0:0:0:1, 3:1:0:0:3, 2:0:0:0:1, 4:0:0:0:1, 2:0:0:0:1, 5:1:0:0:2, 5:0:1:0:1, 4:2:0:0:4, 4:0:0:0:1, 4:0:0:0:0, 3:0:0:0:0, 1:0:0:0:0, 3:0:0:0:0, 0:0:0:0:0, 2:0:0:0:0, 3:1:0:0:2, 2:0:1:0:0, 143:9:8:0:37
A major blues (3#), 2:0:0:0:1, 1:0:0:0:0, 2:0:1:0:1, 3:0:0:0:1, 2:0:0:0:0, 4:0:0:0:1, 2:0:0:0:0, 2:0:1:0:2, 1:0:0:0:0, 1:1:0:0:0, 1:0:0:0:0, 1:0:0:0:0, 3:0:0:0:1, 3:0:0:0:1, 4:0:0:0:1, 4:0:1:0:1, 2:0:0:0:1, 3:1:0:0:0, 1:0:0:0:0, 3:0:0:0:1, 0:0:0:0:0, 0:0:0:0:0, 0:0:0:0:0, 2:0:0:0:0, 3:2:1:0:2, 6:0:0:0:1, 3:0:2:0:2, 4:1:1:0:1, 2:1:0:0:1, 3:0:0:0:1, 2:0:0:0:0, 0:0:0:0:0, 3:0:0:0:1,  ,  ,  ,  ,  ,  ,  ,  ,  ,  ,  ,  ,  ,  ,  ,  ,  ,  ,  ,  ,  ,  ,  ,  ,  ,  ,  ,  ,  ,  ,  ,  ,  ,  ,  ,  ,  ,  ,  ,  ,  ,  ,  ,  ,  ,  ,  ,  ,  ,  ,  ,  ,  ,  ,  ,  ,  ,  ,  ,  ,  ,  ,  ,  , 3:0:1:0:2, 2:0:1:0:1, 3:0:1:0:2, 1:0:0:0:1, 4:0:0:0:1, 1:0:0:0:0,  , 1:0:0:0:1, 2:0:1:0:2, 3:1:0:0:0, 1:0:0:0:0, 1:0:0:0:0, 2:2:0:0:1, 3:0:1:0:2, 2:0:0:0:0, 0:0:0:0:0, 3:0:0:0:0, 2:0:0:0:0, 0:0:0:0:0, 0:0:0:0:0, 0:0:0:0:0, 2:0:0:0:0, 3:0:0:0:0, 5:1:0:0:2, 6:0:2:0:3, 3:1:0:0:0, 0:0:0:0:0, 2:0:1:0:1, 2:0:0:0:1, 4:1:0:0:0, 4:0:1:0:1, 5:0:0:0:1, 143:12:16:0:43
C minor blues (3b), 0:0:0:0:0, 1:0:0:0:0, 2:0:0:0:0, 0:0:0:0:0, 2:0:0:0:1, 2:0:0:0:0, 0:0:0:0:0, 1:0:0:0:0, 1:0:0:0:0, 3:0:1:0:0, 0:0:0:0:0, 2:0:1:0:0, 1:0:0:0:0, 1:0:0:0:0, 4:0:0:0:1, 3:1:0:0:2, 3:0:0:0:0, 5:1:0:0:3, 2:0:0:0:1, 3:0:1:0:0, 4:0:0:0:1, 1:0:0:0:0, 4:0:0:0:2, 5:0:1:0:1, 5:0:0:0:0, 3:1:0:0:2, 2:0:0:0:0, 3:0:1:0:0, 3:0:0:0:1, 1:0:0:0:0, 1:0:0:0:1, 1:0:0:0:0, 1:0:0:0:0,  ,  ,  ,  ,  ,  ,  ,  ,  ,  ,  ,  ,  ,  ,  ,  ,  ,  ,  ,  ,  ,  ,  ,  ,  ,  ,  ,  ,  ,  ,  ,  ,  ,  ,  ,  ,  ,  ,  ,  ,  ,  ,  ,  ,  ,  ,  ,  ,  ,  ,  ,  ,  ,  ,  ,  ,  ,  ,  ,  ,  ,  ,  ,  , 2:0:0:0:0, 2:0:0:0:0, 2:0:0:0:0, 3:0:1:0:0, 1:0:0:0:0, 0:0:0:0:0,  , 0:0:0:0:0, 1:0:0:0:0, 2:0:0:0:0, 0:0:0:0:0, 3:0:0:0:2, 2:0:0:0:0, 2:0:0:0:0, 4:1:0:0:2, 2:0:0:0:1, 3:1:0:0:3, 2:0:0:0:1, 4:0:0:0:1, 2:0:0:0:1, 5:1:0:0:2, 5:0:1:0:1, 4:2:0:0:4, 4:0:0:0:1, 4:0:0:0:0, 3:0:0:0:0, 1:0:0:0:0, 3:0:0:0:0, 0:0:0:0:0, 2:0:0:0:0, 3:1:0:0:2, 2:0:1:0:0, 143:9:8:0:37
F# minor blues (3#), 2:0:0:0:1, 1:0:0:0:0, 2:0:1:0:1, 3:0:0:0:1, 2:0:0:0:0, 4:0:0:0:1, 2:0:0:0:0, 2:0:1:0:2, 1:0:0:0:0, 1:1:0:0:0, 1:0:0:0:0, 1:0:0:0:0, 3:0:0:0:1, 3:0:0:0:1, 4:0:0:0:1, 4:0:1:0:1, 2:0:0:0:1, 3:1:0:0:0, 1:0:0:0:0, 3:0:0:0:1, 0:0:0:0:0, 0:0:0:0:0, 0:0:0:0:0, 2:0:0:0:0, 3:2:1:0:2, 6:0:0:0:1, 3:0:2:0:2, 4:1:1:0:1, 2:1:0:0:1, 3:0:0:0:1, 2:0:0:0:0, 0:0:0:0:0, 3:0:0:0:1,  ,  ,  ,  ,  ,  ,  ,  ,  ,  ,  ,  ,  ,  ,  ,  ,  ,  ,  ,  ,  ,  ,  ,  ,  ,  ,  ,  ,  ,  ,  ,  ,  ,  ,  ,  ,  ,  ,  ,  ,  ,  ,  ,  ,  ,  ,  ,  ,  ,  ,  ,  ,  ,  ,  ,  ,  ,  ,  ,  ,  ,  ,  ,  , 3:0:1:0:2, 2:0:1:0:1, 3:0:1:0:2, 1:0:0:0:1, 4:0:0:0:1, 1:0:0:0:0,  , 1:0:0:0:1, 2:0:1:0:2, 3:1:0:0:0, 1:0:0:0:0, 1:0:0:0:0, 2:2:0:0:1, 3:0:1:0:2, 2:0:0:0:0, 0:0:0:0:0, 3:0:0:0:0, 2:0:0:0:0, 0:0:0:0:0, 0:0:0:0:0, 0:0:0:0:0, 2:0:0:0:0, 3:0:0:0:0, 5:1:0:0:2, 6:0:2:0:3, 3:1:0:0:0, 0:0:0:0:0, 2:0:1:0:1, 2:0:0:0:1, 4:1:0:0:0, 4:0:1:0:1, 5:0:0:0:1, 143:12:16:0:43
Eb dorian (3b), 0:0:0:0:0, 1:0:0:0:0, 2:0:0:0:0, 0:0:0:0:0, 2:0:0:0:1, 2:0:0:0:0, 0:0:0:0:0, 1:0:0:0:0, 1:0:0:0:0, 3:0:1:0:0, 0:0:0:0:0, 2:0:1:0:0, 1:0:0:0:0, 1:0:0:0:0, 4:0:0:0:1, 3:1:0:0:2, 3:0:0:0:0, 5:1:0:0:3, 2:0:0:0:1, 3:0:1:0:0, 4:0:0:0:1, 1:0:0:0:0, 4:0:0:0:2, 5:0:1:0:1, 5:0:0:0:0, 3:1:0:0:2, 2:0:0:0:0, 3:0:1:0:0, 3:0:0:0:1, 1:0:0:0:0, 1:0:0:0:1, 1:0:0:0:0, 1:0:0:0:0,  ,  ,  ,  ,  ,  ,  ,  ,  ,  ,  ,  ,  ,  ,  ,  ,  ,  ,  ,  ,  ,  ,  ,  ,  ,  ,  ,  ,  ,  ,  ,  ,  ,  ,  ,  ,  ,  ,  ,  ,  ,  ,  ,  ,  ,  ,  ,  ,  ,  ,  ,  ,  ,  ,  ,  ,  ,  ,  ,  ,  ,  ,  ,  , 2:0:0:0:0, 2:0:0:0:0, 2:0:0:0:0, 3:0:1:0:0, 1:0:0:0:0, 0:0:0:0:0,  , 0:0:0:0:0, 1:0:0:0:0, 2:0:0:0:0, 0:0:0:0:0, 3:0:0:0:2, 2:0:0:0:0, 2:0:0:0:0, 4:1:0:0:2, 2:0:0:0:1, 3:1:0:0:3, 2:0:0:0:1, 4:0:0:0:1, 2:0:0:0:1, 5:1:0:0:2, 5:0:1:0:1, 4:2:0:0:4, 4:0:0:0:1, 4:0:0:0:0, 3:0:0:0:0, 1:0:0:0:0, 3:0:0:0:0, 0:0:0:0:0, 2:0:0:0:0, 3:1:0:0:2, 2:0:1:0:0, 143:9:8:0:37
A dorian (3#), 2:0:0:0:1, 1:0:0:0:0, 2:0:1:0:1, 3:0:0:0:1, 2:0:0:0:0, 4:0:0:0:1, 2:0:0:0:0, 2:0:1:0:2, 1:0:0:0:0, 1:1:0:0:0, 1:0:0:0:0, 1:0:0:0:0, 3:0:0:0:1, 3:0:0:0:1, 4:0:0:0:1, 4:0:1:0:1, 2:0:0:0:1, 3:1:0:0:0, 1:0:0:0:0, 3:0:0:0:1, 0:0:0:0:0, 0:0:0:0:0, 0:0:0:0:0, 2:0:0:0:0, 3:2:1:0:2, 6:0:0:0:1, 3:0:2:0:2, 4:1:1:0:1, 2:1:0:0:1, 3:0:0:0:1, 2:0:0:0:0, 0:0:0:0:0, 3:0:0:0:1,  ,  ,  ,  ,  ,  ,  ,  ,  ,  ,  ,  ,  ,  ,  ,  ,  ,  ,  ,  ,  ,  ,  ,  ,  ,  ,  ,  ,  ,  ,  ,  ,  ,  ,  ,  ,  ,  ,  ,  ,  ,  ,  ,  ,  ,  ,  ,  ,  ,  ,  ,  ,  ,  ,  ,  ,  ,  ,  ,  ,  ,  ,  ,  , 3:0:1:0:2, 2:0:1:0:1, 3:0:1:0:2, 1:0:0:0:1, 4:0:0:0:1, 1:0:0:0:0,  , 1:0:0:0:1, 2:0:1:0:2, 3:1:0:0:0, 1:0:0:0:0, 1:0:0:0:0, 2:2:0:0:1, 3:0:1:0:2, 2:0:0:0:0, 0:0:0:0:0, 3:0:0:0:0, 2:0:0:0:0, 0:0:0:0:0, 0:0:0:0:0, 0:0:0:0:0, 2:0:0:0:0, 3:0:0:0:0, 5:1:0:0:2, 6:0:2:0:3, 3:1:0:0:0, 0:0:0:0:0, 2:0:1:0:1, 2:0:0:0:1, 4:1:0:0:0, 4:0:1:0:1, 5:0:0:0:1, 143:12:16:0:43
Eb phrygian (3b), 0:0:0:0:0, 1:0:0:0:0, 2:0:0:0:0, 0:0:0:0:0, 2:0:0:0:1, 2:0:0:0:0, 0:0:0:0:0, 1:0:0:0:0, 1:0:0:0:0, 3:0:1:0:0, 0:0:0:0:0, 2:0:1:0:0, 1:0:0:0:0, 1:0:0:0:0, 4:0:0:0:1, 3:1:0:0:2, 3:0:0:0:0, 5:1:0:0:3, 2:0:0:0:1, 3:0:1:0:0, 4:0:0:0:1, 1:0:0:0:0, 4:0:0:0:2, 5:0:1:0:1, 5:0:0:0:0, 3:1:0:0:2, 2:0:0:0:0, 3:0:1:0:0, 3:0:0:0:1, 1:0:0:0:0, 1:0:0:0:1, 1:0:0:0:0, 1:0:0:0:0,  ,  ,  ,  ,  ,  ,  ,  ,  ,  ,  ,  ,  ,  ,  ,  ,  ,  ,  ,  ,  ,  ,  ,  ,  ,  ,  ,  ,  ,  ,  ,  ,  ,  ,  ,  ,  ,  ,  ,  ,  ,  ,  ,  ,  ,  ,  ,  ,  ,  ,  ,  ,  ,  ,  ,  ,  ,  ,  ,  ,  ,  ,  ,  , 2:0:0:0:0, 2:0:0:0:0, 2:0:0:0:0, 3:0:1:0:0, 1:0:0:0:0, 0:0:0:0:0,  , 0:0:0:0:0, 1:0:0:0:0, 2:0:0:0:0, 0:0:0:0:0, 3:0:0:0:2, 2:0:0:0:0, 2:0:0:0:0, 4:1:0:0:2, 2:0:0:0:1, 3:1:0:0:3, 2:0:0:0:1, 4:0:0:0:1, 2:0:0:0:1, 5:1:0:0:2, 5:0:1:0:1, 4:2:0:0:4, 4:0:0:0:1, 4:0:0:0:0, 3:0:0:0:0, 1:0:0:0:0, 3:0:0:0:0, 0:0:0:0:0, 2:0:0:0:0, 3:1:0:0:2, 2:0:1:0:0, 143:9:8:0:37
A phrygian (3#), 2:0:0:0:1, 1:0:0:0:0, 2:0:1:0:1, 3:0:0:0:1, 2:0:0:0:0, 4:0:0:0:1, 2:0:0:0:0, 2:0:1:0:2, 1:0:0:0:0, 1:1:0:0:0, 1:0:0:0:0, 1:0:0:0:0, 3:0:0:0:1, 3:0:0:0:1, 4:0:0:0:1, 4:0:1:0:1, 2:0:0:0:1, 3:1:0:0:0, 1:0:0:0:0, 3:0:0:0:1, 0:0:0:0:0, 0:0:0:0:0, 0:0:0:0:0, 2:0:0:0:0, 3:2:1:0:2, 6:0:0:0:1, 3:0:2:0:2, 4:1:1:0:1, 2:1:0:0:1, 3:0:0:0:1, 2:0:0:0:0, 0:0:0:0:0, 3:0:0:0:1,  ,  ,  ,  ,  ,  ,  ,  ,  ,  ,  ,  ,  ,  ,  ,  ,  ,  ,  ,  ,  ,  ,  ,  ,  ,  ,  ,  ,  ,  ,  ,  ,  ,  ,  ,  ,  ,  ,  ,  ,  ,  ,  ,  ,  ,  ,  ,  ,  ,  ,  ,  ,  ,  ,  ,  ,  ,  ,  ,  ,  ,  ,  ,  , 3:0:1:0:2, 2:0:1:0:1, 3:0:1:0:2, 1:0:0:0:1, 4:0:0:0:1, 1:0:0:0:0,  , 1:0:0:0:1, 2:0:1:0:2, 3:1:0:0:0, 1:0:0:0:0, 1:0:0:0:0, 2:2:0:0:1, 3:0:1:0:2, 2:0:0:0:0, 0:0:0:0:0, 3:0:0:0:0, 2:0:0:0:0, 0:0:0:0:0, 0:0:0:0:0, 0:0:0:0:0, 2:0:0:0:0, 3:0:0:0:0, 5:1:0:0:2, 6:0:2:0:3, 3:1:0:0:0, 0:0:0:0:0, 2:0:1:0:1, 2:0:0:0:1, 4:1:0:0:0, 4:0:1:0:1, 5:0:0:0:1, 143:12:16:0:43
Eb lydian (3b), 0:0:0:0:0, 1:0:0:0:0, 2:0:0:0:0, 0:0:0:0:0, 2:0:0:0:1, 2:0:0:0:0, 0:0:0:0:0, 1:0:0:0:0, 1:0:0:0:0, 3:0:1:0:0, 0:0:0:0:0, 2:0:1:0:0, 1:0:0:0:0, 1:0:0:0:0, 4:0:0:0:1, 3:1:0:0:2, 3:0:0:0:0, 5:1:0:0:3, 2:0:0:0:1, 3:0:1:0:0, 4:0:0:0:1, 1:0:0:0:0, 4:0:0:0:2, 5:0:1:0:1, 5:0:0:0:0, 3:1:0:0:2, 2:0:0:0:0, 3:0:1:0:0, 3:0:0:0:1, 1:0:0:0:0, 1:0:0:0:1, 1:0:0:0:0, 1:0:0:0:0,  ,  ,  ,  ,  ,  ,  ,  ,  ,  ,  ,  ,  ,  ,  ,  ,  ,  ,  ,  ,  ,  ,  ,  ,  ,  ,  ,  ,  ,  ,  ,  ,  ,  ,  ,  ,  ,  ,  ,  ,  ,  ,  ,  ,  ,  ,  ,  ,  ,  ,  ,  ,  ,  ,  ,  ,  ,  ,  ,  ,  ,  ,  ,  , 2:0:0:0:0, 2:0:0:0:0, 2:0:0:0:0, 3:0:1:0:0, 1:0:0:0:0, 0:0:0:0:0,  , 0:0:0:0:0, 1:0:0:0:0, 2:0:0:0:0, 0:0:0:0:0, 3:0:0:0:2, 2:0:0:0:0, 2:0:0:0:0, 4:1:0:0:2, 2:0:0:0:1, 3:1:0:0:3, 2:0:0:0:1, 4:0:0:0:1, 2:0:0:0:1, 5:1:0:0:2, 5:0:1:0:1, 4:2:0:0:4, 4:0:0:0:1, 4:0:0:0:0, 3:0:0:0:0, 1:0:0:0:0, 3:0:0:0:0, 0:0:0:0:0, 2:0:0:0:0, 3:1:0:0:2, 2:0:1:0:0, 143:9:8:0:37
A lydian (3#), 2:0:0:0:1, 1:0:0:0:0, 2:0:1:0:1, 3:0:0:0:1, 2:0:0:0:0, 4:0:0:0:1, 2:0:0:0:0, 2:0:1:0:2, 1:0:0:0:0, 1:1:0:0:0, 1:0:0:0:0, 1:0:0:0:0, 3:0:0:0:1, 3:0:0:0:1, 4:0:0:0:1, 4:0:1:0:1, 2:0:0:0:1, 3:1:0:0:0, 1:0:0:0:0, 3:0:0:0:1, 0:0:0:0:0, 0:0:0:0:0, 0:0:0:0:0, 2:0:0:0:0, 3:2:1:0:2, 6:0:0:0:1, 3:0:2:0:2, 4:1:1:0:1, 2:1:0:0:1, 3:0:0:0:1, 2:0:0:0:0, 0:0:0:0:0, 3:0:0:0:1,  ,  ,  ,  ,  ,  ,  ,  ,  ,  ,  ,  ,  ,  ,  ,  ,  ,  ,  ,  ,  ,  ,  ,  ,  ,  ,  ,  ,  ,  ,  ,  ,  ,  ,  ,  ,  ,  ,  ,  ,  ,  ,  ,  ,  ,  ,  ,  ,  ,  ,  ,  ,  ,  ,  ,  ,  ,  ,  ,  ,  ,  ,  ,  , 3:0:1:0:2, 2:0:1:0:1, 3:0:1:0:2, 1:0:0:0:1, 4:0:0:0:1, 1:0:0:0:0,  , 1:0:0:0:1, 2:0:1:0:2, 3:1:0:0:0, 1:0:0:0:0, 1:0:0:0:0, 2:2:0:0:1, 3:0:1:0:2, 2:0:0:0:0, 0:0:0:0:0, 3:0:0:0:0, 2:0:0:0:0, 0:0:0:0:0, 0:0:0:0:0, 0:0:0:0:0, 2:0:0:0:0, 3:0:0:0:0, 5:1:0:0:2, 6:0:2:0:3, 3:1:0:0:0, 0:0:0:0:0, 2:0:1:0:1, 2:0:0:0:1, 4:1:0:0:0, 4:0:1:0:1, 5:0:0:0:1, 143:12:16:0:43
Eb mixolydian (3b), 0:0:0:0:0, 1:0:0:0:0, 2:0:0:0:0, 0:0:0:0:0, 2:0:0:0:1, 2:0:0:0:0, 0:0:0:0:0, 1:0:0:0:0, 1:0:0:0:0, 3:0:1:0:0, 0:0:0:0:0, 2:0:1:0:0, 1:0:0:0:0, 1:0:0:0:0, 4:0:0:0:1, 3:1:0:0:2, 3:0:0:0:0, 5:1:0:0:3, 2:0:0:0:1, 3:0:1:0:0, 4:0:0:0:1, 1:0:0:0:0, 4:0:0:0:2, 5:0:1:0:1, 5:0:0:0:0, 3:1:0:0:2, 2:0:0:0:0, 3:0:1:0:0, 3:0:0:0:1, 1:0:0:0:0, 1:0:0:0:1, 1:0:0:0:0, 1:0:0:0:0,  ,  ,  ,  ,  ,  ,  ,  ,  ,  ,  ,  ,  ,  ,  ,  ,  ,  ,  ,  ,  ,  ,  ,  ,  ,  ,  ,  ,  ,  ,  ,  ,  ,  ,  ,  ,  ,  ,  ,  ,  ,  ,  ,  ,  ,  ,  ,  ,  ,  ,  ,  ,  ,  ,  ,  ,  ,  ,  ,  ,  ,  ,  ,  , 2:0:0:0:0, 2:0:0:0:0, 2:0:0:0:0, 3:0:1:0:0, 1:0:0:0:0, 0:0:0:0:0,  , 0:0:0:0:0, 1:0:0:0:0, 2:0:0:0:0, 0:0:0:0:0, 3:0:0:0:2, 2:0:0:0:0, 2:0:0:0:0, 4:1:0:0:2, 2:0:0:0:1, 3:1:0:0:3, 2:0:0:0:1, 4:0:0:0:1, 2:0:0:0:1, 5:1:0:0:2, 5:0:1:0:1, 4:2:0:0:4, 4:0:0:0:1, 4:0:0:0:0, 3:0:0:0:0, 1:0:0:0:0, 3:0:0:0:0, 0:0:0:0:0, 2:0:0:0:0, 3:1:0:0:2, 2:0:1:0:0, 143:9:8:0:37
A mixolydian (3#), 2:0:0:0:1, 1:0:0:0:0, 2:0:1:0:1, 3:0:0:0:1, 2:0:0:0:0, 4:0:0:0:1, 2:0:0:0:0, 2:0:1:0:2, 1:0:0:0:0, 1:1:0:0:0, 1:0:0:0:0, 1:0:0:0:0, 3:0:0:0:1, 3:0:0:0:1, 4:0:0:0:1, 4:0:1:0:1, 2:0:0:0:1, 3:1:0:0:0, 1:0:0:0:0, 3:0:0:0:1, 0:0:0:0:0, 0:0:0:0:0, 0:0:0:0:0, 2:0:0:0:0, 3:2:1:0:2, 6:0:0:0:1, 3:0:2:0:2, 4:1:1:0:1, 2:1:0:0:1, 3:0:0:0:1, 2:0:0:0:0, 0:0:0:0:0, 3:0:0:0:1,  ,  ,  ,  ,  ,  ,  ,  ,  ,  ,  ,  ,  ,  ,  ,  ,  ,  ,  ,  ,  ,  ,  ,  ,  ,  ,  ,  ,  ,  ,  ,  ,  ,  ,  ,  ,  ,  ,  ,  ,  ,  ,  ,  ,  ,  ,  ,  ,  ,  ,  ,  ,  ,  ,  ,  ,  ,  ,  ,  ,  ,  ,  ,  , 3:0:1:0:2, 2:0:1:0:1, 3:0:1:0:2, 1:0:0:0:1, 4:0:0:0:1, 1:0:0:0:0,  , 1:0:0:0:1, 2:0:1:0:2, 3:1:0:0:0, 1:0:0:0:0, 1:0:0:0:0, 2:2:0:0:1, 3:0:1:0:2, 2:0:0:0:0, 0:0:0:0:0, 3:0:0:0:0, 2:0:0:0:0, 0:0:0:0:0, 0:0:0:0:0, 0:0:0:0:0, 2:0:0:0:0, 3:0:0:0:0, 5:1:0:0:2, 6:0:2:0:3, 3:1:0:0:0, 0:0:0:0:0, 2:0:1:0:1, 2:0:0:0:1, 4:1:0:0:0, 4:0:1:0:1, 5:0:0:0:1, 143:12:16:0:43
Eb aeolian (3b), 0:0:0:0:0, 1:0:0:0:0, 2:0:0:0:0, 0:0:0:0:0, 2:0:0:0:1, 2:0:0:0:0, 0:0:0:0:0, 1:0:0:0:0, 1:0:0:0:0, 3:0:1:0:0, 0:0:0:0:0, 2:0:1:0:0, 1:0:0:0:0, 1:0:0:0:0, 4:0:0:0:1, 3:1:0:0:2, 3:0:0:0:0, 5:1:0:0:3, 2:0:0:0:1, 3:0:1:0:0, 4:0:0:0:1, 1:0:0:0:0, 4:0:0:0:2, 5:0:1:0:1, 5:0:0:0:0, 3:1:0:0:2, 2:0:0:0:0, 3:0:1:0:0, 3:0:0:0:1, 1:0:0:0:0, 1:0:0:0:1, 1:0:0:0:0, 1:0:0:0:0,  ,  ,  ,  ,  ,  ,  ,  ,  ,  ,  ,  ,  ,  ,  ,  ,  ,  ,  ,  ,  ,  ,  ,  ,  ,  ,  ,  ,  ,  ,  ,  ,  ,  ,  ,  ,  ,  ,  ,  ,  ,  ,  ,  ,  ,  ,  ,  ,  ,  ,  ,  ,  ,  ,  ,  ,  ,  ,  ,  ,  ,  ,  ,  , 2:0:0:0:0, 2:0:0:0:0, 2:0:0:0:0, 3:0:1:0:0, 1:0:0:0:0, 0:0:0:0:0,  , 0:0:0:0:0, 1:0:0:0:0, 2:0:0:0:0, 0:0:0:0:0, 3:0:0:0:2, 2:0:0:0:0, 2:0:0:0:0, 4:1:0:0:2, 2:0:0:0:1, 3:1:0:0:3, 2:0:0:0:1, 4:0:0:0:1, 2:0:0:0:1, 5:1:0:0:2, 5:0:1:0:1, 4:2:0:0:4, 4:0:0:0:1, 4:0:0:0:0, 3:0:0:0:0, 1:0:0:0:0, 3:0:0:0:0, 0:0:0:0:0, 2:0:0:0:0, 3:1:0:0:2, 2:0:1:0:0, 143:9:8:0:37
A aeolian (3#), 2:0:0:0:1, 1:0:0:0:0, 2:0:1:0:1, 3:0:0:0:1, 2:0:0:0:0, 4:0:0:0:1, 2:0:0:0:0, 2:0:1:0:2, 1:0:0:0:0, 1:1:0:0:0, 1:0:0:0:0, 1:0:0:0:0, 3:0:0:0:1, 3:0:0:0:1, 4:0:0:0:1, 4:0:1:0:1, 2:0:0:0:1, 3:1:0:0:0, 1:0:0:0:0, 3:0:0:0:1, 0:0:0:0:0, 0:0:0:0:0, 0:0:0:0:0, 2:0:0:0:0, 3:2:1:0:2, 6:0:0:0:1, 3:0:2:0:2, 4:1:1:0:1, 2:1:0:0:1, 3:0:0:0:1, 2:0:0:0:0, 0:0:0:0:0, 3:0:0:0:1,  ,  ,  ,  ,  ,  ,  ,  ,  ,  ,  ,  ,  ,  ,  ,  ,  ,  ,  ,  ,  ,  ,  ,  ,  ,  ,  ,  ,  ,  ,  ,  ,  ,  ,  ,  ,  ,  ,  ,  ,  ,  ,  ,  ,  ,  ,  ,  ,  ,  ,  ,  ,  ,  ,  ,  ,  ,  ,  ,  ,  ,  ,  ,  , 3:0:1:0:2, 2:0:1:0:1, 3:0:1:0:2, 1:0:0:0:1, 4:0:0:0:1, 1:0:0:0:0,  , 1:0:0:0:1, 2:0:1:0:2, 3:1:0:0:0, 1:0:0:0:0, 1:0:0:0:0, 2:2:0:0:1, 3:0:1:0:2, 2:0:0:0:0, 0:0:0:0:0, 3:0:0:0:0, 2:0:0:0:0, 0:0:0:0:0, 0:0:0:0:0, 0:0:0:0:0, 2:0:0:0:0, 3:0:0:0:0, 5:1:0:0:2, 6:0:2:0:3, 3:1:0:0:0, 0:0:0:0:0, 2:0:1:0:1, 2:0:0:0:1, 4:1:0:0:0, 4:0:1:0:1, 5:0:0:0:1, 143:12:16:0:43
Eb locrian (3b), 0:0:0:0:0, 1:0:0:0:0, 2:0:0:0:0, 0:0:0:0:0, 2:0:0:0:1, 2:0:0:0:0, 0:0:0:0:0, 1:0:0:0:0, 1:0:0:0:0, 3:0:1:0:0, 0:0:0:0:0, 2:0:1:0:0, 1:0:0:0:0, 1:0:0:0:0, 4:0:0:0:1, 3:1:0:0:2, 3:0:0:0:0, 5:1:0:0:3, 2:0:0:0:1, 3:0:1:0:0, 4:0:0:0:1, 1:0:0:0:0, 4:0:0:0:2, 5:0:1:0:1, 5:0:0:0:0, 3:1:0:0:2, 2:0:0:0:0, 3:0:1:0:0, 3:0:0:0:1, 1:0:0:0:0, 1:0:0:0:1, 1:0:0:0:0, 1:0:0:0:0,  ,  ,  ,  ,  ,  ,  ,  ,  ,  ,  ,  ,  ,  ,  ,  ,  ,  ,  ,  ,  ,  ,  ,  ,  ,  ,  ,  ,  ,  ,  ,  ,  ,  ,  ,  ,  ,  ,  ,  ,  ,  ,  ,  ,  ,  ,  ,  ,  ,  ,  ,  ,  ,  ,  ,  ,  ,  ,  ,  ,  ,  ,  ,  , 2:0:0:0:0, 2:0:0:0:0, 2:0:0:0:0, 3:0:1:0:0, 1:0:0:0:0, 0:0:0:0:0,  , 0:0:0:0:0, 1:0:0:0:0, 2:0:0:0:0, 0:0:0:0:0, 3:0:0:0:2, 2:0:0:0:0, 2:0:0:0:0, 4:1:0:0:2, 2:0:0:0:1, 3:1:0:0:3, 2:0:0:0:1, 4:0:0:0:1, 2:0:0:0:1, 5:1:0:0:2, 5:0:1:0:1, 4:2:0:0:4, 4:0:0:0:1, 4:0:0:0:0, 3:0:0:0:0, 1:0:0:0:0, 3:0:0:0:0, 0:0:0:0:0, 2:0:0:0:0, 3:1:0:0:2, 2:0:1:0:0, 143:9:8:0:37
A locrian (3#), 2:0:0:0:1, 1:0:0:0:0, 2:0:1:0:1, 3:0:0:0:1, 2:0:0:0:0, 4:0:0:0:1, 2:0:0:0:0, 2:0:1:0:2, 1:0:0:0:0, 1:1:0:0:0, 1:0:0:0:0, 1:0:0:0:0, 3:0:0:0:1, 3:0:0:0:1, 4:0:0:0:1, 4:0:1:0:1, 2:0:0:0:1, 3:1:0:0:0, 1:0:0:0:0, 3:0:0:0:1, 0:0:0:0:0, 0:0:0:0:0, 0:0:0:0:0, 2:0:0:0:0, 3:2:1:0:2, 6:0:0:0:1, 3:0:2:0:2, 4:1:1:0:1, 2:1:0:0:1, 3:0:0:0:1, 2:0:0:0:0, 0:0:0:0:0, 3:0:0:0:1,  ,  ,  ,  ,  ,  ,  ,  ,  ,  ,  ,  ,  ,  ,  ,  ,  ,  ,  ,  ,  ,  ,  ,  ,  ,  ,  ,  ,  ,  ,  ,  ,  ,  ,  ,  ,  ,  ,  ,  ,  ,  ,  ,  ,  ,  ,  ,  ,  ,  ,  ,  ,  ,  ,  ,  ,  ,  ,  ,  ,  ,  ,  ,  , 3:0:1:0:2, 2:0:1:0:1, 3:0:1:0:2, 1:0:0:0:1, 4:0:0:0:1, 1:0:0:0:0,  , 1:0:0:0:1, 2:0:1:0:2, 3:1:0:0:0, 1:0:0:0:0, 1:0:0:0:0, 2:2:0:0:1, 3:0:1:0:2, 2:0:0:0:0, 0:0:0:0:0, 3:0:0:0:0, 2:0:0:0:0, 0:0:0:0:0, 0:0:0:0:0, 0:0:0:0:0, 2:0:0:0:0, 3:0:0:0:0, 5:1:0:0:2, 6:0:2:0:3, 3:1:0:0:0, 0:0:0:0:0, 2:0:1:0:1, 2:0:0:0:1, 4:1:0:0:0, 4:0:1:0:1, 5:0:0:0:1, 143:12:16:0:43
Ab major (4b), 0:0:0:0:0, 0:0:0:0:0, 1:0:0:0:0, 0:0:0:0:0, 1:0:0:0:1, 1:0:0:0:0, 0:0:0:0:0, 0:0:0:0:0, 0:0:0:0:0, 3:0:1:0:1, 0:0:0:0:0, 2:0:1:0:0, 0:0:0:0:0, 0:0:0:0:0, 3:0:0:0:2, 2:1:0:0:2, 2:0:0:0:1, 5:0:0:0:3, 1:0:0:0:1, 2:0:1:0:0, 3:0:0:0:2, 2:0:0:0:0, 5:0:0:0:2, 6:0:1:0:1, 4:0:0:0:1, 3:1:0:0:2, 1:0:0:0:0, 2:0:1:0:1, 4:0:0:0:2, 1:0:0:0:0, 1:0:0:0:1, 0:0:0:0:0, 1:0:0:0:0,  ,  ,  ,  ,  ,  ,  ,  ,  ,  ,  ,  ,  ,  ,  ,  ,  ,  ,  ,  ,  ,  ,  ,  ,  ,  ,  ,  ,  ,  ,  ,  ,  ,  ,  ,  ,  ,  ,  ,  ,  ,  ,  ,  ,  ,  ,  ,  ,  ,  ,  ,  ,  ,  ,  ,  ,  ,  ,  ,  ,  ,  ,  ,  , 1:0:0:0:0, 1:0:0:0:0, 1:0:0:0:0, 4:0:1:0:1, 0:0:0:0:0, 0:0:0:0:0,  , 0:0:0:0:0, 0:0:0:0:0, 2:0:0:0:1, 0:0:0:0:0, 2:0:0:0:2, 3:0:0:0:1, 3:0:0:0:0, 4:1:0:0:3, 1:0:0:0:1, 3:1:0:0:3, 3:0:0:0:1, 3:0:0:0:2, 1:0:0:0:1, 6:0:0:1:3, 6:0:1:0:2, 5:2:0:0:4, 3:0:0:0:1, 3:0:0:0:0, 2:0:0:0:1, 0:0:0:0:0, 3:0:0:0:1, 0:0:0:0:0, 1:0:0:0:1, 2:1:0:0:2, 2:0:1:0:0, 121:7:8:1:54
E major (4#), 2:0:0:0:0, 1:0:0:0:0, 1:0:1:0:1, 3:0:0:0:0, 1:0:0:0:0, 3:0:0:0:0, 1:0:0:0:0, 2:0:1:0:1, 1:0:0:0:0, 1:1:0:0:1, 1:0:0:0:0, 0:0:0:0:0, 2:0:0:0:0, 2:0:0:0:0, 3:0:0:0:0, 3:0:1:0:1, 2:0:0:0:0, 4:1:0:0:1, 0:0:0:0:0, 2:0:0:0:0, 0:0:0:0:0, 1:0:0:0:0, 1:0:0:0:0, 3:0:0:0:0, 3:1:1:0:2, 5:0:0:0:0, 2:0:2:0:2, 4:1:1:0:2, 2:0:0:0:0, 2:0:0:0:0, 1:0:0:0:0, 0:0:0:0:0, 2:0:0:0:0,  ,  ,  ,  ,  ,  ,  ,  ,  ,  ,  ,  ,  ,  ,  ,  ,  ,  ,  ,  ,  ,  ,  ,  ,  ,  ,  ,  ,  ,  ,  ,  ,  ,  ,  ,  ,  ,  ,  ,  ,  ,  ,  ,  ,  ,  ,  ,  ,  ,  ,  ,  ,  ,  ,  ,  ,  ,  ,  ,  ,  ,  ,  ,  , 3:0:1:0:1, 1:0:1:0:1, 3:0:1:0:1, 2:0:0:0:0, 3:0:0:0:0, 0:0:0:0:0,  , 1:0:0:0:0, 2:0:1:0:1, 3:1:0:0:1, 0:0:0:0:0, 1:0:0:0:0, 2:1:0:0:1, 4:0:1:0:1, 2:0:0:0:0, 0:0:0:0:0, 2:0:0:0:0, 1:0:0:0:0, 0:0:0:0:0, 0:0:0:0:0, 1:0:0:0:0, 1:0:0:0:0, 2:0:0:0:0, 4:1:0:0:1, 5:0:2:0:2, 3:1:0:0:1, 0:0:0:0:0, 2:0:1:0:1, 1:0:0:0:0, 3:1:0:0:1, 3:0:1:0:1, 4:0:0:0:0, 120:9:16:0:25
F minor (4b), 0:0:0:0:0, 0:0:0:0:0, 1:0:0:0:0, 0:0:0:0:0, 1:0:0:0:1, 1:0:0:0:0, 0:0:0:0:0, 0:0:0:0:0, 0:0:0:0:0, 3:0:1:0:1, 0:0:0:0:0, 2:0:1:0:0, 0:0:0:0:0, 0:0:0:0:0, 3:0:0:0:2, 2:1:0:0:2, 2:0:0:0:1, 5:0:0:0:3, 1:0:0:0:1, 2:0:1:0:0, 3:0:0:0:2, 2:0:0:0:0, 5:0:0:0:2, 6:0:1:0:1, 4:0:0:0:1, 3:1:0:0:2, 1:0:0:0:0, 2:0:1:0:1, 4:0:0:0:2, 1:0:0:0:0, 1:0:0:0:1, 0:0:0:0:0, 1:0:0:0:0,  ,  ,  ,  ,  ,  ,  ,  ,  ,  ,  ,  ,  ,  ,  ,  ,  ,  ,  ,  ,  ,  ,  ,  ,  ,  ,  ,  ,  ,  ,  ,  ,  ,  ,  ,  ,  ,  ,  ,  ,  ,  ,  ,  ,  ,  ,  ,  ,  ,  ,  ,  ,  ,  ,  ,  ,  ,  ,  ,  ,  ,  ,  ,  , 1:0:0:0:0, 1:0:0:0:0, 1:0:0:0:0, 4:0:1:0:1, 0:0:0:0:0, 0:0:0:0:0,  , 0:0:0:0:0, 0:0:0:0:0, 2:0:0:0:1, 0:0:0:0:0, 2:0:0:0:2, 3:0:0:0:1, 3:0:0:0:0, 4:1:0:0:3, 1:0:0:0:1, 3:1:0:0:3, 3:0:0:0:1, 3:0:0:0:2, 1:0:0:0:1, 6:0:0:1:3, 6:0:1:0:2, 5:2:0:0:4, 3:0:0:0:1, 3:0:0:0:0, 2:0:0:0:1, 0:0:0:0:0, 3:0:0:0:1, 0:0:0:0:0, 1:0:0:0:1, 2:1:0:0:2, 2:0:1:0:0, 121:7:8:1:54
C# minor (4#), 2:0:0:0:0, 1:0:0:0:0, 1:0:1:0:1, 3:0:0:0:0, 1:0:0:0:0, 3:0:0:0:0, 1:0:0:0:0, 2:0:1:0:1, 1:0:0:0:0, 1:1:0:0:1, 1:0:0:0:0, 0:0:0:0:0, 2:0:0:0:0, 2:0:0:0:0, 3:0:0:0:0, 3:0:1:0:1, 2:0:0:0:0, 4:1:0:0:1, 0:0:0:0:0, 2:0:0:0:0, 0:0:0:0:0, 1:0:0:0:0, 1:0:0:0:0, 3:0:0:0:0, 3:1:1:0:2, 5:0:0:0:0, 2:0:2:0:2, 4:1:1:0:2, 2:0:0:0:0, 2:0:0:0:0, 1:0:0:0:0, 0:0:0:0:0, 2:0:0:0:0,  ,  ,  ,  ,  ,  ,  ,  ,  ,  ,  ,  ,  ,  ,  ,  ,  ,  ,  ,  ,  ,  ,  ,  ,  ,  ,  ,  ,  ,  ,  ,  ,  ,  ,  ,  ,  ,  ,  ,  ,  ,  ,  ,  ,  ,  ,  ,  ,  ,  ,  ,  ,  ,  ,  ,  ,  ,  ,  ,  ,  ,  ,  ,  , 3:0:1:0:1, 1:0:1:0:1, 3:0:1:0:1, 2:0:0:0:0, 3:0:0:0:0, 0:0:0:0:0,  , 1:0:0:0:0, 2:0:1:0:1, 3:1:0:0:1, 0:0:0:0:0, 1:0:0:0:0, 2:1:0:0:1, 4:0:1:0:1, 2:0:0:0:0, 0:0:0:0:0, 2:0:0:0:0, 1:0:0:0:0, 0:0:0:0:0, 0:0:0:0:0, 1:0:0:0:0, 1:0:0:0:0, 2:0:0:0:0, 4:1:0:0:1, 5:0:2:0:2, 3:1:0:0:1, 0:0:0:0:0, 2:0:1:0:1, 1:0:0:0:0, 3:1:0:0:1, 3:0:1:0:1, 4:0:0:0:0, 120:9:16:0:25
F minor mel (4b), 0:0:0:0:0, 0:0:0:0:0, 1:0:0:0:0, 0:0:0:0:0, 1:0:0:0:1, 1:0:0:0:0, 0:0:0:0:0, 0:0:0:0:0, 0:0:0:0:0, 3:0:1:0:1, 0:0:0:0:0, 2:0:1:0:0, 0:0:0:0:0, 0:0:0:0:0, 3:0:0:0:2, 2:1:0:0:2, 2:0:0:0:1, 5:0:0:0:3, 1:0:0:0:1, 2:0:1:0:0, 3:0:0:0:2, 2:0:0:0:0, 5:0:0:0:2, 6:0:1:0:1, 4:0:0:0:1, 3:1:0:0:2, 1:0:0:0:0, 2:0:1:0:1, 4:0:0:0:2, 1:0:0:0:0, 1:0:0:0:1, 0:0:0:0:0, 1:0:0:0:0,  ,  ,  ,  ,  ,  ,  ,  ,  ,  ,  ,  ,  ,  ,  ,  ,  ,  ,  ,  ,  ,  ,  ,  ,  ,  ,  ,  ,  ,  ,  ,  ,  ,  ,  ,  ,  ,  ,  ,  ,  ,  ,  ,  ,  ,  ,  ,  ,  ,  ,  ,  ,  ,  ,  ,  ,  ,  ,  ,  ,  ,  ,  ,  , 1:0:0:0:0, 1:0:0:0:0, 1:0:0:0:0, 4:0:1:0:1, 0:0:0:0:0, 0:0:0:0:0,  , 0:0:0:0:0, 0:0:0:0:0, 2:0:0:0:1, 0:0:0:0:0, 2:0:0:0:2, 3:0:0:0:1, 3:0:0:0:0, 4:1:0:0:3, 1:0:0:0:1, 3:1:0:0:3, 3:0:0:0:1, 3:0:0:0:2, 1:0:0:0:1, 6:0:0:1:3, 6:0:1:0:2, 5:2:0:0:4, 3:0:0:0:1, 3:0:0:0:0, 2:0:0:0:1, 0:0:0:0:0, 3:0:0:0:1, 0:0:0:0:0, 1:0:0:0:1, 2:1:0:0:2, 2:0:1:0:0, 121:7:8:1:54
C# minor mel (4#), 2:0:0:0:0, 1:0:0:0:0, 1:0:1:0:1, 3:0:0:0:0, 1:0:0:0:0, 3:0:0:0:0, 1:0:0:0:0, 2:0:1:0:1, 1:0:0:0:0, 1:1:0:0:1, 1:0:0:0:0, 0:0:0:0:0, 2:0:0:0:0, 2:0:0:0:0, 3:0:0:0:0, 3:0:1:0:1, 2:0:0:0:0, 4:1:0:0:1, 0:0:0:0:0, 2:0:0:0:0, 0:0:0:0:0, 1:0:0:0:0, 1:0:0:0:0, 3:0:0:0:0, 3:1:1:0:2, 5:0:0:0:0, 2:0:2:0:2, 4:1:1:0:2, 2:0:0:0:0, 2:0:0:0:0, 1:0:0:0:0, 0:0:0:0:0, 2:0:0:0:0,  ,  ,  ,  ,  ,  ,  ,  ,  ,  ,  ,  ,  ,  ,  ,  ,  ,  ,  ,  ,  ,  ,  ,  ,  ,  ,  ,  ,  ,  ,  ,  ,  ,  ,  ,  ,  ,  ,  ,  ,  ,  ,  ,  ,  ,  ,  ,  ,  ,  ,  ,  ,  ,  ,  ,  ,  ,  ,  ,  ,  ,  ,  ,  , 3:0:1:0:1, 1:0:1:0:1, 3:0:1:0:1, 2:0:0:0:0, 3:0:0:0:0, 0:0:0:0:0,  , 1:0:0:0:0, 2:0:1:0:1, 3:1:0:0:1, 0:0:0:0:0, 1:0:0:0:0, 2:1:0:0:1, 4:0:1:0:1, 2:0:0:0:0, 0:0:0:0:0, 2:0:0:0:0, 1:0:0:0:0, 0:0:0:0:0, 0:0:0:0:0, 1:0:0:0:0, 1:0:0:0:0, 2:0:0:0:0, 4:1:0:0:1, 5:0:2:0:2, 3:1:0:0:1, 0:0:0:0:0, 2:0:1:0:1, 1:0:0:0:0, 3:1:0:0:1, 3:0:1:0:1, 4:0:0:0:0, 120:9:16:0:25
Ab major blues (4b), 0:0:0:0:0, 0:0:0:0:0, 1:0:0:0:0, 0:0:0:0:0, 1:0:0:0:1, 1:0:0:0:0, 0:0:0:0:0, 0:0:0:0:0, 0:0:0:0:0, 3:0:1:0:1, 0:0:0:0:0, 2:0:1:0:0, 0:0:0:0:0, 0:0:0:0:0, 3:0:0:0:2, 2:1:0:0:2, 2:0:0:0:1, 5:0:0:0:3, 1:0:0:0:1, 2:0:1:0:0, 3:0:0:0:2, 2:0:0:0:0, 5:0:0:0:2, 6:0:1:0:1, 4:0:0:0:1, 3:1:0:0:2, 1:0:0:0:0, 2:0:1:0:1, 4:0:0:0:2, 1:0:0:0:0, 1:0:0:0:1, 0:0:0:0:0, 1:0:0:0:0,  ,  ,  ,  ,  ,  ,  ,  ,  ,  ,  ,  ,  ,  ,  ,  ,  ,  ,  ,  ,  ,  ,  ,  ,  ,  ,  ,  ,  ,  ,  ,  ,  ,  ,  ,  ,  ,  ,  ,  ,  ,  ,  ,  ,  ,  ,  ,  ,  ,  ,  ,  ,  ,  ,  ,  ,  ,  ,  ,  ,  ,  ,  ,  , 1:0:0:0:0, 1:0:0:0:0, 1:0:0:0:0, 4:0:1:0:1, 0:0:0:0:0, 0:0:0:0:0,  , 0:0:0:0:0, 0:0:0:0:0, 2:0:0:0:1, 0:0:0:0:0, 2:0:0:0:2, 3:0:0:0:1, 3:0:0:0:0, 4:1:0:0:3, 1:0:0:0:1, 3:1:0:0:3, 3:0:0:0:1, 3:0:0:0:2, 1:0:0:0:1, 6:0:0:1:3, 6:0:1:0:2, 5:2:0:0:4, 3:0:0:0:1, 3:0:0:0:0, 2:0:0:0:1, 0:0:0:0:0, 3:0:0:0:1, 0:0:0:0:0, 1:0:0:0:1, 2:1:0:0:2, 2:0:1:0:0, 121:7:8:1:54
E major blues (4#), 2:0:0:0:0, 1:0:0:0:0, 1:0:1:0:1, 3:0:0:0:0, 1:0:0:0:0, 3:0:0:0:0, 1:0:0:0:0, 2:0:1:0:1, 1:0:0:0:0, 1:1:0:0:1, 1:0:0:0:0, 0:0:0:0:0, 2:0:0:0:0, 2:0:0:0:0, 3:0:0:0:0, 3:0:1:0:1, 2:0:0:0:0, 4:1:0:0:1, 0:0:0:0:0, 2:0:0:0:0, 0:0:0:0:0, 1:0:0:0:0, 1:0:0:0:0, 3:0:0:0:0, 3:1:1:0:2, 5:0:0:0:0, 2:0:2:0:2, 4:1:1:0:2, 2:0:0:0:0, 2:0:0:0:0, 1:0:0:0:0, 0:0:0:0:0, 2:0:0:0:0,  ,  ,  ,  ,  ,  ,  ,  ,  ,  ,  ,  ,  ,  ,  ,  ,  ,  ,  ,  ,  ,  ,  ,  ,  ,  ,  ,  ,  ,  ,  ,  ,  ,  ,  ,  ,  ,  ,  ,  ,  ,  ,  ,  ,  ,  ,  ,  ,  ,  ,  ,  ,  ,  ,  ,  ,  ,  ,  ,  ,  ,  ,  ,  , 3:0:1:0:1, 1:0:1:0:1, 3:0:1:0:1, 2:0:0:0:0, 3:0:0:0:0, 0:0:0:0:0,  , 1:0:0:0:0, 2:0:1:0:1, 3:1:0:0:1, 0:0:0:0:0, 1:0:0:0:0, 2:1:0:0:1, 4:0:1:0:1, 2:0:0:0:0, 0:0:0:0:0, 2:0:0:0:0, 1:0:0:0:0, 0:0:0:0:0, 0:0:0:0:0, 1:0:0:0:0, 1:0:0:0:0, 2:0:0:0:0, 4:1:0:0:1, 5:0:2:0:2, 3:1:0:0:1, 0:0:0:0:0, 2:0:1:0:1, 1:0:0:0:0, 3:1:0:0:1, 3:0:1:0:1, 4:0:0:0:0, 120:9:16:0:25
F minor blues (4b), 0:0:0:0:0, 0:0:0:0:0, 1:0:0:0:0, 0:0:0:0:0, 1:0:0:0:1, 1:0:0:0:0, 0:0:0:0:0, 0:0:0:0:0, 0:0:0:0:0, 3:0:1:0:1, 0:0:0:0:0, 2:0:1:0:0, 0:0:0:0:0, 0:0:0:0:0, 3:0:0:0:2, 2:1:0:0:2, 2:0:0:0:1, 5:0:0:0:3, 1:0:0:0:1, 2:0:1:0:0, 3:0:0:0:2, 2:0:0:0:0, 5:0:0:0:2, 6:0:1:0:1, 4:0:0:0:1, 3:1:0:0:2, 1:0:0:0:0, 2:0:1:0:1, 4:0:0:0:2, 1:0:0:0:0, 1:0:0:0:1, 0:0:0:0:0, 1:0:0:0:0,  ,  ,  ,  ,  ,  ,  ,  ,  ,  ,  ,  ,  ,  ,  ,  ,  ,  ,  ,  ,  ,  ,  ,  ,  ,  ,  ,  ,  ,  ,  ,  ,  ,  ,  ,  ,  ,  ,  ,  ,  ,  ,  ,  ,  ,  ,  ,  ,  ,  ,  ,  ,  ,  ,  ,  ,  ,  ,  ,  ,  ,  ,  ,  , 1:0:0:0:0, 1:0:0:0:0, 1:0:0:0:0, 4:0:1:0:1, 0:0:0:0:0, 0:0:0:0:0,  , 0:0:0:0:0, 0:0:0:0:0, 2:0:0:0:1, 0:0:0:0:0, 2:0:0:0:2, 3:0:0:0:1, 3:0:0:0:0, 4:1:0:0:3, 1:0:0:0:1, 3:1:0:0:3, 3:0:0:0:1, 3:0:0:0:2, 1:0:0:0:1, 6:0:0:1:3, 6:0:1:0:2, 5:2:0:0:4, 3:0:0:0:1, 3:0:0:0:0, 2:0:0:0:1, 0:0:0:0:0, 3:0:0:0:1, 0:0:0:0:0, 1:0:0:0:1, 2:1:0:0:2, 2:0:1:0:0, 121:7:8:1:54
C# minor blues (4#), 2:0:0:0:0, 1:0:0:0:0, 1:0:1:0:1, 3:0:0:0:0, 1:0:0:0:0, 3:0:0:0:0, 1:0:0:0:0, 2:0:1:0:1, 1:0:0:0:0, 1:1:0:0:1, 1:0:0:0:0, 0:0:0:0:0, 2:0:0:0:0, 2:0:0:0:0, 3:0:0:0:0, 3:0:1:0:1, 2:0:0:0:0, 4:1:0:0:1, 0:0:0:0:0, 2:0:0:0:0, 0:0:0:0:0, 1:0:0:0:0, 1:0:0:0:0, 3:0:0:0:0, 3:1:1:0:2, 5:0:0:0:0, 2:0:2:0:2, 4:1:1:0:2, 2:0:0:0:0, 2:0:0:0:0, 1:0:0:0:0, 0:0:0:0:0, 2:0:0:0:0,  ,  ,  ,  ,  ,  ,  ,  ,  ,  ,  ,  ,  ,  ,  ,  ,  ,  ,  ,  ,  ,  ,  ,  ,  ,  ,  ,  ,  ,  ,  ,  ,  ,  ,  ,  ,  ,  ,  ,  ,  ,  ,  ,  ,  ,  ,  ,  ,  ,  ,  ,  ,  ,  ,  ,  ,  ,  ,  ,  ,  ,  ,  ,  , 3:0:1:0:1, 1:0:1:0:1, 3:0:1:0:1, 2:0:0:0:0, 3:0:0:0:0, 0:0:0:0:0,  , 1:0:0:0:0, 2:0:1:0:1, 3:1:0:0:1, 0:0:0:0:0, 1:0:0:0:0, 2:1:0:0:1, 4:0:1:0:1, 2:0:0:0:0, 0:0:0:0:0, 2:0:0:0:0, 1:0:0:0:0, 0:0:0:0:0, 0:0:0:0:0, 1:0:0:0:0, 1:0:0:0:0, 2:0:0:0:0, 4:1:0:0:1, 5:0:2:0:2, 3:1:0:0:1, 0:0:0:0:0, 2:0:1:0:1, 1:0:0:0:0, 3:1:0:0:1, 3:0:1:0:1, 4:0:0:0:0, 120:9:16:0:25
Ab dorian (4b), 0:0:0:0:0, 0:0:0:0:0, 1:0:0:0:0, 0:0:0:0:0, 1:0:0:0:1, 1:0:0:0:0, 0:0:0:0:0, 0:0:0:0:0, 0:0:0:0:0, 3:0:1:0:1, 0:0:0:0:0, 2:0:1:0:0, 0:0:0:0:0, 0:0:0:0:0, 3:0:0:0:2, 2:1:0:0:2, 2:0:0:0:1, 5:0:0:0:3, 1:0:0:0:1, 2:0:1:0:0, 3:0:0:0:2, 2:0:0:0:0, 5:0:0:0:2, 6:0:1:0:1, 4:0:0:0:1, 3:1:0:0:2, 1:0:0:0:0, 2:0:1:0:1, 4:0:0:0:2, 1:0:0:0:0, 1:0:0:0:1, 0:0:0:0:0, 1:0:0:0:0,  ,  ,  ,  ,  ,  ,  ,  ,  ,  ,  ,  ,  ,  ,  ,  ,  ,  ,  ,  ,  ,  ,  ,  ,  ,  ,  ,  ,  ,  ,  ,  ,  ,  ,  ,  ,  ,  ,  ,  ,  ,  ,  ,  ,  ,  ,  ,  ,  ,  ,  ,  ,  ,  ,  ,  ,  ,  ,  ,  ,  ,  ,  ,  , 1:0:0:0:0, 1:0:0:0:0, 1:0:0:0:0, 4:0:1:0:1, 0:0:0:0:0, 0:0:0:0:0,  , 0:0:0:0:0, 0:0:0:0:0, 2:0:0:0:1, 0:0:0:0:0, 2:0:0:0:2, 3:0:0:0:1, 3:0:0:0:0, 4:1:0:0:3, 1:0:0:0:1, 3:1:0:0:3, 3:0:0:0:1, 3:0:0:0:2, 1:0:0:0:1, 6:0:0:1:3, 6:0:1:0:2, 5:2:0:0:4, 3:0:0:0:1, 3:0:0:0:0, 2:0:0:0:1, 0:0:0:0:0, 3:0:0:0:1, 0:0:0:0:0, 1:0:0:0:1, 2:1:0:0:2, 2:0:1:0:0, 121:7:8:1:54
E dorian (4#), 2:0:0:0:0, 1:0:0:0:0, 1:0:1:0:1, 3:0:0:0:0, 1:0:0:0:0, 3:0:0:0:0, 1:0:0:0:0, 2:0:1:0:1, 1:0:0:0:0, 1:1:0:0:1, 1:0:0:0:0, 0:0:0:0:0, 2:0:0:0:0, 2:0:0:0:0, 3:0:0:0:0, 3:0:1:0:1, 2:0:0:0:0, 4:1:0:0:1, 0:0:0:0:0, 2:0:0:0:0, 0:0:0:0:0, 1:0:0:0:0, 1:0:0:0:0, 3:0:0:0:0, 3:1:1:0:2, 5:0:0:0:0, 2:0:2:0:2, 4:1:1:0:2, 2:0:0:0:0, 2:0:0:0:0, 1:0:0:0:0, 0:0:0:0:0, 2:0:0:0:0,  ,  ,  ,  ,  ,  ,  ,  ,  ,  ,  ,  ,  ,  ,  ,  ,  ,  ,  ,  ,  ,  ,  ,  ,  ,  ,  ,  ,  ,  ,  ,  ,  ,  ,  ,  ,  ,  ,  ,  ,  ,  ,  ,  ,  ,  ,  ,  ,  ,  ,  ,  ,  ,  ,  ,  ,  ,  ,  ,  ,  ,  ,  ,  , 3:0:1:0:1, 1:0:1:0:1, 3:0:1:0:1, 2:0:0:0:0, 3:0:0:0:0, 0:0:0:0:0,  , 1:0:0:0:0, 2:0:1:0:1, 3:1:0:0:1, 0:0:0:0:0, 1:0:0:0:0, 2:1:0:0:1, 4:0:1:0:1, 2:0:0:0:0, 0:0:0:0:0, 2:0:0:0:0, 1:0:0:0:0, 0:0:0:0:0, 0:0:0:0:0, 1:0:0:0:0, 1:0:0:0:0, 2:0:0:0:0, 4:1:0:0:1, 5:0:2:0:2, 3:1:0:0:1, 0:0:0:0:0, 2:0:1:0:1, 1:0:0:0:0, 3:1:0:0:1, 3:0:1:0:1, 4:0:0:0:0, 120:9:16:0:25
Ab phrygian (4b), 0:0:0:0:0, 0:0:0:0:0, 1:0:0:0:0, 0:0:0:0:0, 1:0:0:0:1, 1:0:0:0:0, 0:0:0:0:0, 0:0:0:0:0, 0:0:0:0:0, 3:0:1:0:1, 0:0:0:0:0, 2:0:1:0:0, 0:0:0:0:0, 0:0:0:0:0, 3:0:0:0:2, 2:1:0:0:2, 2:0:0:0:1, 5:0:0:0:3, 1:0:0:0:1, 2:0:1:0:0, 3:0:0:0:2, 2:0:0:0:0, 5:0:0:0:2, 6:0:1:0:1, 4:0:0:0:1, 3:1:0:0:2, 1:0:0:0:0, 2:0:1:0:1, 4:0:0:0:2, 1:0:0:0:0, 1:0:0:0:1, 0:0:0:0:0, 1:0:0:0:0,  ,  ,  ,  ,  ,  ,  ,  ,  ,  ,  ,  ,  ,  ,  ,  ,  ,  ,  ,  ,  ,  ,  ,  ,  ,  ,  ,  ,  ,  ,  ,  ,  ,  ,  ,  ,  ,  ,  ,  ,  ,  ,  ,  ,  ,  ,  ,  ,  ,  ,  ,  ,  ,  ,  ,  ,  ,  ,  ,  ,  ,  ,  ,  , 1:0:0:0:0, 1:0:0:0:0, 1:0:0:0:0, 4:0:1:0:1, 0:0:0:0:0, 0:0:0:0:0,  , 0:0:0:0:0, 0:0:0:0:0, 2:0:0:0:1, 0:0:0:0:0, 2:0:0:0:2, 3:0:0:0:1, 3:0:0:0:0, 4:1:0:0:3, 1:0:0:0:1, 3:1:0:0:3, 3:0:0:0:1, 3:0:0:0:2, 1:0:0:0:1, 6:0:0:1:3, 6:0:1:0:2, 5:2:0:0:4, 3:0:0:0:1, 3:0:0:0:0, 2:0:0:0:1, 0:0:0:0:0, 3:0:0:0:1, 0:0:0:0:0, 1:0:0:0:1, 2:1:0:0:2, 2:0:1:0:0, 121:7:8:1:54
E phrygian (4#), 2:0:0:0:0, 1:0:0:0:0, 1:0:1:0:1, 3:0:0:0:0, 1:0:0:0:0, 3:0:0:0:0, 1:0:0:0:0, 2:0:1:0:1, 1:0:0:0:0, 1:1:0:0:1, 1:0:0:0:0, 0:0:0:0:0, 2:0:0:0:0, 2:0:0:0:0, 3:0:0:0:0, 3:0:1:0:1, 2:0:0:0:0, 4:1:0:0:1, 0:0:0:0:0, 2:0:0:0:0, 0:0:0:0:0, 1:0:0:0:0, 1:0:0:0:0, 3:0:0:0:0, 3:1:1:0:2, 5:0:0:0:0, 2:0:2:0:2, 4:1:1:0:2, 2:0:0:0:0, 2:0:0:0:0, 1:0:0:0:0, 0:0:0:0:0, 2:0:0:0:0,  ,  ,  ,  ,  ,  ,  ,  ,  ,  ,  ,  ,  ,  ,  ,  ,  ,  ,  ,  ,  ,  ,  ,  ,  ,  ,  ,  ,  ,  ,  ,  ,  ,  ,  ,  ,  ,  ,  ,  ,  ,  ,  ,  ,  ,  ,  ,  ,  ,  ,  ,  ,  ,  ,  ,  ,  ,  ,  ,  ,  ,  ,  ,  , 3:0:1:0:1, 1:0:1:0:1, 3:0:1:0:1, 2:0:0:0:0, 3:0:0:0:0, 0:0:0:0:0,  , 1:0:0:0:0, 2:0:1:0:1, 3:1:0:0:1, 0:0:0:0:0, 1:0:0:0:0, 2:1:0:0:1, 4:0:1:0:1, 2:0:0:0:0, 0:0:0:0:0, 2:0:0:0:0, 1:0:0:0:0, 0:0:0:0:0, 0:0:0:0:0, 1:0:0:0:0, 1:0:0:0:0, 2:0:0:0:0, 4:1:0:0:1, 5:0:2:0:2, 3:1:0:0:1, 0:0:0:0:0, 2:0:1:0:1, 1:0:0:0:0, 3:1:0:0:1, 3:0:1:0:1, 4:0:0:0:0, 120:9:16:0:25
Ab lydian (4b), 0:0:0:0:0, 0:0:0:0:0, 1:0:0:0:0, 0:0:0:0:0, 1:0:0:0:1, 1:0:0:0:0, 0:0:0:0:0, 0:0:0:0:0, 0:0:0:0:0, 3:0:1:0:1, 0:0:0:0:0, 2:0:1:0:0, 0:0:0:0:0, 0:0:0:0:0, 3:0:0:0:2, 2:1:0:0:2, 2:0:0:0:1, 5:0:0:0:3, 1:0:0:0:1, 2:0:1:0:0, 3:0:0:0:2, 2:0:0:0:0, 5:0:0:0:2, 6:0:1:0:1, 4:0:0:0:1, 3:1:0:0:2, 1:0:0:0:0, 2:0:1:0:1, 4:0:0:0:2, 1:0:0:0:0, 1:0:0:0:1, 0:0:0:0:0, 1:0:0:0:0,  ,  ,  ,  ,  ,  ,  ,  ,  ,  ,  ,  ,  ,  ,  ,  ,  ,  ,  ,  ,  ,  ,  ,  ,  ,  ,  ,  ,  ,  ,  ,  ,  ,  ,  ,  ,  ,  ,  ,  ,  ,  ,  ,  ,  ,  ,  ,  ,  ,  ,  ,  ,  ,  ,  ,  ,  ,  ,  ,  ,  ,  ,  ,  , 1:0:0:0:0, 1:0:0:0:0, 1:0:0:0:0, 4:0:1:0:1, 0:0:0:0:0, 0:0:0:0:0,  , 0:0:0:0:0, 0:0:0:0:0, 2:0:0:0:1, 0:0:0:0:0, 2:0:0:0:2, 3:0:0:0:1, 3:0:0:0:0, 4:1:0:0:3, 1:0:0:0:1, 3:1:0:0:3, 3:0:0:0:1, 3:0:0:0:2, 1:0:0:0:1, 6:0:0:1:3, 6:0:1:0:2, 5:2:0:0:4, 3:0:0:0:1, 3:0:0:0:0, 2:0:0:0:1, 0:0:0:0:0, 3:0:0:0:1, 0:0:0:0:0, 1:0:0:0:1, 2:1:0:0:2, 2:0:1:0:0, 121:7:8:1:54
E lydian (4#), 2:0:0:0:0, 1:0:0:0:0, 1:0:1:0:1, 3:0:0:0:0, 1:0:0:0:0, 3:0:0:0:0, 1:0:0:0:0, 2:0:1:0:1, 1:0:0:0:0, 1:1:0:0:1, 1:0:0:0:0, 0:0:0:0:0, 2:0:0:0:0, 2:0:0:0:0, 3:0:0:0:0, 3:0:1:0:1, 2:0:0:0:0, 4:1:0:0:1, 0:0:0:0:0, 2:0:0:0:0, 0:0:0:0:0, 1:0:0:0:0, 1:0:0:0:0, 3:0:0:0:0, 3:1:1:0:2, 5:0:0:0:0, 2:0:2:0:2, 4:1:1:0:2, 2:0:0:0:0, 2:0:0:0:0, 1:0:0:0:0, 0:0:0:0:0, 2:0:0:0:0,  ,  ,  ,  ,  ,  ,  ,  ,  ,  ,  ,  ,  ,  ,  ,  ,  ,  ,  ,  ,  ,  ,  ,  ,  ,  ,  ,  ,  ,  ,  ,  ,  ,  ,  ,  ,  ,  ,  ,  ,  ,  ,  ,  ,  ,  ,  ,  ,  ,  ,  ,  ,  ,  ,  ,  ,  ,  ,  ,  ,  ,  ,  ,  , 3:0:1:0:1, 1:0:1:0:1, 3:0:1:0:1, 2:0:0:0:0, 3:0:0:0:0, 0:0:0:0:0,  , 1:0:0:0:0, 2:0:1:0:1, 3:1:0:0:1, 0:0:0:0:0, 1:0:0:0:0, 2:1:0:0:1, 4:0:1:0:1, 2:0:0:0:0, 0:0:0:0:0, 2:0:0:0:0, 1:0:0:0:0, 0:0:0:0:0, 0:0:0:0:0, 1:0:0:0:0, 1:0:0:0:0, 2:0:0:0:0, 4:1:0:0:1, 5:0:2:0:2, 3:1:0:0:1, 0:0:0:0:0, 2:0:1:0:1, 1:0:0:0:0, 3:1:0:0:1, 3:0:1:0:1, 4:0:0:0:0, 120:9:16:0:25
Ab mixolydian (4b), 0:0:0:0:0, 0:0:0:0:0, 1:0:0:0:0, 0:0:0:0:0, 1:0:0:0:1, 1:0:0:0:0, 0:0:0:0:0, 0:0:0:0:0, 0:0:0:0:0, 3:0:1:0:1, 0:0:0:0:0, 2:0:1:0:0, 0:0:0:0:0, 0:0:0:0:0, 3:0:0:0:2, 2:1:0:0:2, 2:0:0:0:1, 5:0:0:0:3, 1:0:0:0:1, 2:0:1:0:0, 3:0:0:0:2, 2:0:0:0:0, 5:0:0:0:2, 6:0:1:0:1, 4:0:0:0:1, 3:1:0:0:2, 1:0:0:0:0, 2:0:1:0:1, 4:0:0:0:2, 1:0:0:0:0, 1:0:0:0:1, 0:0:0:0:0, 1:0:0:0:0,  ,  ,  ,  ,  ,  ,  ,  ,  ,  ,  ,  ,  ,  ,  ,  ,  ,  ,  ,  ,  ,  ,  ,  ,  ,  ,  ,  ,  ,  ,  ,  ,  ,  ,  ,  ,  ,  ,  ,  ,  ,  ,  ,  ,  ,  ,  ,  ,  ,  ,  ,  ,  ,  ,  ,  ,  ,  ,  ,  ,  ,  ,  ,  , 1:0:0:0:0, 1:0:0:0:0, 1:0:0:0:0, 4:0:1:0:1, 0:0:0:0:0, 0:0:0:0:0,  , 0:0:0:0:0, 0:0:0:0:0, 2:0:0:0:1, 0:0:0:0:0, 2:0:0:0:2, 3:0:0:0:1, 3:0:0:0:0, 4:1:0:0:3, 1:0:0:0:1, 3:1:0:0:3, 3:0:0:0:1, 3:0:0:0:2, 1:0:0:0:1, 6:0:0:1:3, 6:0:1:0:2, 5:2:0:0:4, 3:0:0:0:1, 3:0:0:0:0, 2:0:0:0:1, 0:0:0:0:0, 3:0:0:0:1, 0:0:0:0:0, 1:0:0:0:1, 2:1:0:0:2, 2:0:1:0:0, 121:7:8:1:54
E mixolydian (4#), 2:0:0:0:0, 1:0:0:0:0, 1:0:1:0:1, 3:0:0:0:0, 1:0:0:0:0, 3:0:0:0:0, 1:0:0:0:0, 2:0:1:0:1, 1:0:0:0:0, 1:1:0:0:1, 1:0:0:0:0, 0:0:0:0:0, 2:0:0:0:0, 2:0:0:0:0, 3:0:0:0:0, 3:0:1:0:1, 2:0:0:0:0, 4:1:0:0:1, 0:0:0:0:0, 2:0:0:0:0, 0:0:0:0:0, 1:0:0:0:0, 1:0:0:0:0, 3:0:0:0:0, 3:1:1:0:2, 5:0:0:0:0, 2:0:2:0:2, 4:1:1:0:2, 2:0:0:0:0, 2:0:0:0:0, 1:0:0:0:0, 0:0:0:0:0, 2:0:0:0:0,  ,  ,  ,  ,  ,  ,  ,  ,  ,  ,  ,  ,  ,  ,  ,  ,  ,  ,  ,  ,  ,  ,  ,  ,  ,  ,  ,  ,  ,  ,  ,  ,  ,  ,  ,  ,  ,  ,  ,  ,  ,  ,  ,  ,  ,  ,  ,  ,  ,  ,  ,  ,  ,  ,  ,  ,  ,  ,  ,  ,  ,  ,  ,  , 3:0:1:0:1, 1:0:1:0:1, 3:0:1:0:1, 2:0:0:0:0, 3:0:0:0:0, 0:0:0:0:0,  , 1:0:0:0:0, 2:0:1:0:1, 3:1:0:0:1, 0:0:0:0:0, 1:0:0:0:0, 2:1:0:0:1, 4:0:1:0:1, 2:0:0:0:0, 0:0:0:0:0, 2:0:0:0:0, 1:0:0:0:0, 0:0:0:0:0, 0:0:0:0:0, 1:0:0:0:0, 1:0:0:0:0, 2:0:0:0:0, 4:1:0:0:1, 5:0:2:0:2, 3:1:0:0:1, 0:0:0:0:0, 2:0:1:0:1, 1:0:0:0:0, 3:1:0:0:1, 3:0:1:0:1, 4:0:0:0:0, 120:9:16:0:25
Ab aeolian (4b), 0:0:0:0:0, 0:0:0:0:0, 1:0:0:0:0, 0:0:0:0:0, 1:0:0:0:1, 1:0:0:0:0, 0:0:0:0:0, 0:0:0:0:0, 0:0:0:0:0, 3:0:1:0:1, 0:0:0:0:0, 2:0:1:0:0, 0:0:0:0:0, 0:0:0:0:0, 3:0:0:0:2, 2:1:0:0:2, 2:0:0:0:1, 5:0:0:0:3, 1:0:0:0:1, 2:0:1:0:0, 3:0:0:0:2, 2:0:0:0:0, 5:0:0:0:2, 6:0:1:0:1, 4:0:0:0:1, 3:1:0:0:2, 1:0:0:0:0, 2:0:1:0:1, 4:0:0:0:2, 1:0:0:0:0, 1:0:0:0:1, 0:0:0:0:0, 1:0:0:0:0,  ,  ,  ,  ,  ,  ,  ,  ,  ,  ,  ,  ,  ,  ,  ,  ,  ,  ,  ,  ,  ,  ,  ,  ,  ,  ,  ,  ,  ,  ,  ,  ,  ,  ,  ,  ,  ,  ,  ,  ,  ,  ,  ,  ,  ,  ,  ,  ,  ,  ,  ,  ,  ,  ,  ,  ,  ,  ,  ,  ,  ,  ,  ,  , 1:0:0:0:0, 1:0:0:0:0, 1:0:0:0:0, 4:0:1:0:1, 0:0:0:0:0, 0:0:0:0:0,  , 0:0:0:0:0, 0:0:0:0:0, 2:0:0:0:1, 0:0:0:0:0, 2:0:0:0:2, 3:0:0:0:1, 3:0:0:0:0, 4:1:0:0:3, 1:0:0:0:1, 3:1:0:0:3, 3:0:0:0:1, 3:0:0:0:2, 1:0:0:0:1, 6:0:0:1:3, 6:0:1:0:2, 5:2:0:0:4, 3:0:0:0:1, 3:0:0:0:0, 2:0:0:0:1, 0:0:0:0:0, 3:0:0:0:1, 0:0:0:0:0, 1:0:0:0:1, 2:1:0:0:2, 2:0:1:0:0, 121:7:8:1:54
E aeolian (4#), 2:0:0:0:0, 1:0:0:0:0, 1:0:1:0:1, 3:0:0:0:0, 1:0:0:0:0, 3:0:0:0:0, 1:0:0:0:0, 2:0:1:0:1, 1:0:0:0:0, 1:1:0:0:1, 1:0:0:0:0, 0:0:0:0:0, 2:0:0:0:0, 2:0:0:0:0, 3:0:0:0:0, 3:0:1:0:1, 2:0:0:0:0, 4:1:0:0:1, 0:0:0:0:0, 2:0:0:0:0, 0:0:0:0:0, 1:0:0:0:0, 1:0:0:0:0, 3:0:0:0:0, 3:1:1:0:2, 5:0:0:0:0, 2:0:2:0:2, 4:1:1:0:2, 2:0:0:0:0, 2:0:0:0:0, 1:0:0:0:0, 0:0:0:0:0, 2:0:0:0:0,  ,  ,  ,  ,  ,  ,  ,  ,  ,  ,  ,  ,  ,  ,  ,  ,  ,  ,  ,  ,  ,  ,  ,  ,  ,  ,  ,  ,  ,  ,  ,  ,  ,  ,  ,  ,  ,  ,  ,  ,  ,  ,  ,  ,  ,  ,  ,  ,  ,  ,  ,  ,  ,  ,  ,  ,  ,  ,  ,  ,  ,  ,  ,  , 3:0:1:0:1, 1:0:1:0:1, 3:0:1:0:1, 2:0:0:0:0, 3:0:0:0:0, 0:0:0:0:0,  , 1:0:0:0:0, 2:0:1:0:1, 3:1:0:0:1, 0:0:0:0:0, 1:0:0:0:0, 2:1:0:0:1, 4:0:1:0:1, 2:0:0:0:0, 0:0:0:0:0, 2:0:0:0:0, 1:0:0:0:0, 0:0:0:0:0, 0:0:0:0:0, 1:0:0:0:0, 1:0:0:0:0, 2:0:0:0:0, 4:1:0:0:1, 5:0:2:0:2, 3:1:0:0:1, 0:0:0:0:0, 2:0:1:0:1, 1:0:0:0:0, 3:1:0:0:1, 3:0:1:0:1, 4:0:0:0:0, 120:9:16:0:25
Ab locrian (4b), 0:0:0:0:0, 0:0:0:0:0, 1:0:0:0:0, 0:0:0:0:0, 1:0:0:0:1, 1:0:0:0:0, 0:0:0:0:0, 0:0:0:0:0, 0:0:0:0:0, 3:0:1:0:1, 0:0:0:0:0, 2:0:1:0:0, 0:0:0:0:0, 0:0:0:0:0, 3:0:0:0:2, 2:1:0:0:2, 2:0:0:0:1, 5:0:0:0:3, 1:0:0:0:1, 2:0:1:0:0, 3:0:0:0:2, 2:0:0:0:0, 5:0:0:0:2, 6:0:1:0:1, 4:0:0:0:1, 3:1:0:0:2, 1:0:0:0:0, 2:0:1:0:1, 4:0:0:0:2, 1:0:0:0:0, 1:0:0:0:1, 0:0:0:0:0, 1:0:0:0:0,  ,  ,  ,  ,  ,  ,  ,  ,  ,  ,  ,  ,  ,  ,  ,  ,  ,  ,  ,  ,  ,  ,  ,  ,  ,  ,  ,  ,  ,  ,  ,  ,  ,  ,  ,  ,  ,  ,  ,  ,  ,  ,  ,  ,  ,  ,  ,  ,  ,  ,  ,  ,  ,  ,  ,  ,  ,  ,  ,  ,  ,  ,  ,  , 1:0:0:0:0, 1:0:0:0:0, 1:0:0:0:0, 4:0:1:0:1, 0:0:0:0:0, 0:0:0:0:0,  , 0:0:0:0:0, 0:0:0:0:0, 2:0:0:0:1, 0:0:0:0:0, 2:0:0:0:2, 3:0:0:0:1, 3:0:0:0:0, 4:1:0:0:3, 1:0:0:0:1, 3:1:0:0:3, 3:0:0:0:1, 3:0:0:0:2, 1:0:0:0:1, 6:0:0:1:3, 6:0:1:0:2, 5:2:0:0:4, 3:0:0:0:1, 3:0:0:0:0, 2:0:0:0:1, 0:0:0:0:0, 3:0:0:0:1, 0:0:0:0:0, 1:0:0:0:1, 2:1:0:0:2, 2:0:1:0:0, 121:7:8:1:54
E locrian (4#), 2:0:0:0:0, 1:0:0:0:0, 1:0:1:0:1, 3:0:0:0:0, 1:0:0:0:0, 3:0:0:0:0, 1:0:0:0:0, 2:0:1:0:1, 1:0:0:0:0, 1:1:0:0:1, 1:0:0:0:0, 0:0:0:0:0, 2:0:0:0:0, 2:0:0:0:0, 3:0:0:0:0, 3:0:1:0:1, 2:0:0:0:0, 4:1:0:0:1, 0:0:0:0:0, 2:0:0:0:0, 0:0:0:0:0, 1:0:0:0:0, 1:0:0:0:0, 3:0:0:0:0, 3:1:1:0:2, 5:0:0:0:0, 2:0:2:0:2, 4:1:1:0:2, 2:0:0:0:0, 2:0:0:0:0, 1:0:0:0:0, 0:0:0:0:0, 2:0:0:0:0,  ,  ,  ,  ,  ,  ,  ,  ,  ,  ,  ,  ,  ,  ,  ,  ,  ,  ,  ,  ,  ,  ,  ,  ,  ,  ,  ,  ,  ,  ,  ,  ,  ,  ,  ,  ,  ,  ,  ,  ,  ,  ,  ,  ,  ,  ,  ,  ,  ,  ,  ,  ,  ,  ,  ,  ,  ,  ,  ,  ,  ,  ,  ,  , 3:0:1:0:1, 1:0:1:0:1, 3:0:1:0:1, 2:0:0:0:0, 3:0:0:0:0, 0:0:0:0:0,  , 1:0:0:0:0, 2:0:1:0:1, 3:1:0:0:1, 0:0:0:0:0, 1:0:0:0:0, 2:1:0:0:1, 4:0:1:0:1, 2:0:0:0:0, 0:0:0:0:0, 2:0:0:0:0, 1:0:0:0:0, 0:0:0:0:0, 0:0:0:0:0, 1:0:0:0:0, 1:0:0:0:0, 2:0:0:0:0, 4:1:0:0:1, 5:0:2:0:2, 3:1:0:0:1, 0:0:0:0:0, 2:0:1:0:1, 1:0:0:0:0, 3:1:0:0:1, 3:0:1:0:1, 4:0:0:0:0, 120:9:16:0:25
Db major (5b), 0:0:0:0:0, 0:0:0:0:0, 0:0:0:0:0, 0:0:0:0:0, 2:0:0:0:1, 0:0:0:0:0, 0:0:0:0:0, 0:0:0:0:0, 0:0:0:0:0, 3:0:1:0:1, 1:0:0:0:0, 1:0:1:0:0, 0:0:0:0:0, 0:0:0:0:0, 2:0:0:0:2, 3:0:0:0:1, 2:0:0:0:1, 4:0:0:0:4, 1:0:0:0:1, 1:0:1:0:0, 3:0:0:0:2, 1:0:0:0:1, 4:0:0:0:3, 5:0:1:0:2, 3:0:0:0:2, 2:1:0:0:2, 0:0:0:0:0, 2:0:1:0:1, 3:0:0:0:3, 0:0:0:0:0, 1:0:0:0:1, 0:0:0:0:0, 0:0:0:0:0,  ,  ,  ,  ,  ,  ,  ,  ,  ,  ,  ,  ,  ,  ,  ,  ,  ,  ,  ,  ,  ,  ,  ,  ,  ,  ,  ,  ,  ,  ,  ,  ,  ,  ,  ,  ,  ,  ,  ,  ,  ,  ,  ,  ,  ,  ,  ,  ,  ,  ,  ,  ,  ,  ,  ,  ,  ,  ,  ,  ,  ,  ,  ,  , 0:0:0:0:0, 0:0:0:0:0, 0:0:0:0:0, 3:0:1:0:2, 0:0:0:0:0, 0:0:0:0:0,  , 0:0:0:0:0, 0:0:0:0:0, 2:0:0:0:1, 0:0:0:0:0, 3:0:0:0:2, 2:0:0:0:2, 2:0:0:0:1, 4:0:0:0:2, 1:0:0:0:1, 3:0:0:0:2, 3:0:0:0:2, 2:0:0:0:2, 1:0:0:0:1, 5:0:0:1:2, 5:0:1:0:3, 6:0:1:1:1, 2:0:0:0:1, 2:0:0:0:0, 2:0:0:0:1, 0:0:0:0:0, 2:0:0:0:1, 0:0:0:0:0, 1:0:0:0:1, 3:0:0:0:1, 1:0:1:0:0, 99:1:9:2:57
B major (5#), 1:0:0:0:0, 1:0:0:0:1, 1:0:1:0:0, 2:0:0:0:1, 1:0:0:0:0, 2:0:0:0:1, 1:0:0:0:1, 1:0:1:0:1, 1:0:0:0:0, 1:0:0:0:0, 1:0:0:0:0, 0:0:0:0:0, 1:0:0:0:0, 1:0:0:0:1, 2:0:0:0:0, 3:0:1:0:1, 3:0:0:0:1, 4:0:0:1:2, 0:0:0:0:0, 1:0:0:0:0, 1:0:0:0:0, 1:0:0:0:0, 1:0:0:0:0, 3:0:0:0:0, 3:0:1:0:1, 4:0:0:0:2, 2:0:2:0:1, 4:0:1:0:2, 3:0:0:0:1, 1:0:0:0:1, 1:0:0:0:0, 0:0:0:0:0, 1:0:0:0:1,  ,  ,  ,  ,  ,  ,  ,  ,  ,  ,  ,  ,  ,  ,  ,  ,  ,  ,  ,  ,  ,  ,  ,  ,  ,  ,  ,  ,  ,  ,  ,  ,  ,  ,  ,  ,  ,  ,  ,  ,  ,  ,  ,  ,  ,  ,  ,  ,  ,  ,  ,  ,  ,  ,  ,  ,  ,  ,  ,  ,  ,  ,  ,  , 2:0:1:0:0, 1:0:1:0:0, 2:0:1:0:0, 3:0:0:0:0, 2:0:0:0:1, 0:0:0:0:0,  , 0:0:0:0:0, 1:0:1:0:1, 3:0:0:0:1, 0:0:0:0:0, 1:0:0:0:0, 3:0:0:0:0, 3:0:1:0:1, 3:0:0:0:0, 0:0:0:0:0, 2:0:0:0:0, 1:0:0:0:0, 1:0:0:0:0, 0:0:0:0:0, 2:0:0:0:0, 2:0:0:0:0, 2:0:0:0:0, 3:1:0:0:2, 4:0:2:0:1, 3:0:0:0:1, 0:0:0:0:0, 3:0:1:0:0, 0:0:0:0:0, 3:0:0:0:1, 3:0:1:0:1, 3:0:0:0:1, 109:1:16:1:30
Bb minor (5b), 0:0:0:0:0, 0:0:0:0:0, 0:0:0:0:0, 0:0:0:0:0, 2:0:0:0:1, 0:0:0:0:0, 0:0:0:0:0, 0:0:0:0:0, 0:0:0:0:0, 3:0:1:0:1, 1:0:0:0:0, 1:0:1:0:0, 0:0:0:0:0, 0:0:0:0:0, 2:0:0:0:2, 3:0:0:0:1, 2:0:0:0:1, 4:0:0:0:4, 1:0:0:0:1, 1:0:1:0:0, 3:0:0:0:2, 1:0:0:0:1, 4:0:0:0:3, 5:0:1:0:2, 3:0:0:0:2, 2:1:0:0:2, 0:0:0:0:0, 2:0:1:0:1, 3:0:0:0:3, 0:0:0:0:0, 1:0:0:0:1, 0:0:0:0:0, 0:0:0:0:0,  ,  ,  ,  ,  ,  ,  ,  ,  ,  ,  ,  ,  ,  ,  ,  ,  ,  ,  ,  ,  ,  ,  ,  ,  ,  ,  ,  ,  ,  ,  ,  ,  ,  ,  ,  ,  ,  ,  ,  ,  ,  ,  ,  ,  ,  ,  ,  ,  ,  ,  ,  ,  ,  ,  ,  ,  ,  ,  ,  ,  ,  ,  ,  , 0:0:0:0:0, 0:0:0:0:0, 0:0:0:0:0, 3:0:1:0:2, 0:0:0:0:0, 0:0:0:0:0,  , 0:0:0:0:0, 0:0:0:0:0, 2:0:0:0:1, 0:0:0:0:0, 3:0:0:0:2, 2:0:0:0:2, 2:0:0:0:1, 4:0:0:0:2, 1:0:0:0:1, 3:0:0:0:2, 3:0:0:0:2, 2:0:0:0:2, 1:0:0:0:1, 5:0:0:1:2, 5:0:1:0:3, 6:0:1:1:1, 2:0:0:0:1, 2:0:0:0:0, 2:0:0:0:1, 0:0:0:0:0, 2:0:0:0:1, 0:0:0:0:0, 1:0:0:0:1, 3:0:0:0:1, 1:0:1:0:0, 99:1:9:2:57
G# minor (5#), 1:0:0:0:0, 1:0:0:0:1, 1:0:1:0:0, 2:0:0:0:1, 1:0:0:0:0, 2:0:0:0:1, 1:0:0:0:1, 1:0:1:0:1, 1:0:0:0:0, 1:0:0:0:0, 1:0:0:0:0, 0:0:0:0:0, 1:0:0:0:0, 1:0:0:0:1, 2:0:0:0:0, 3:0:1:0:1, 3:0:0:0:1, 4:0:0:1:2, 0:0:0:0:0, 1:0:0:0:0, 1:0:0:0:0, 1:0:0:0:0, 1:0:0:0:0, 3:0:0:0:0, 3:0:1:0:1, 4:0:0:0:2, 2:0:2:0:1, 4:0:1:0:2, 3:0:0:0:1, 1:0:0:0:1, 1:0:0:0:0, 0:0:0:0:0, 1:0:0:0:1,  ,  ,  ,  ,  ,  ,  ,  ,  ,  ,  ,  ,  ,  ,  ,  ,  ,  ,  ,  ,  ,  ,  ,  ,  ,  ,  ,  ,  ,  ,  ,  ,  ,  ,  ,  ,  ,  ,  ,  ,  ,  ,  ,  ,  ,  ,  ,  ,  ,  ,  ,  ,  ,  ,  ,  ,  ,  ,  ,  ,  ,  ,  ,  , 2:0:1:0:0, 1:0:1:0:0, 2:0:1:0:0, 3:0:0:0:0, 2:0:0:0:1, 0:0:0:0:0,  , 0:0:0:0:0, 1:0:1:0:1, 3:0:0:0:1, 0:0:0:0:0, 1:0:0:0:0, 3:0:0:0:0, 3:0:1:0:1, 3:0:0:0:0, 0:0:0:0:0, 2:0:0:0:0, 1:0:0:0:0, 1:0:0:0:0, 0:0:0:0:0, 2:0:0:0:0, 2:0:0:0:0, 2:0:0:0:0, 3:1:0:0:2, 4:0:2:0:1, 3:0:0:0:1, 0:0:0:0:0, 3:0:1:0:0, 0:0:0:0:0, 3:0:0:0:1, 3:0:1:0:1, 3:0:0:0:1, 109:1:16:1:30
Bb minor mel (5b), 0:0:0:0:0, 0:0:0:0:0, 0:0:0:0:0, 0:0:0:0:0, 2:0:0:0:1, 0:0:0:0:0, 0:0:0:0:0, 0:0:0:0:0, 0:0:0:0:0, 3:0:1:0:1, 1:0:0:0:0, 1:0:1:0:0, 0:0:0:0:0, 0:0:0:0:0, 2:0:0:0:2, 3:0:0:0:1, 2:0:0:0:1, 4:0:0:0:4, 1:0:0:0:1, 1:0:1:0:0, 3:0:0:0:2, 1:0:0:0:1, 4:0:0:0:3, 5:0:1:0:2, 3:0:0:0:2, 2:1:0:0:2, 0:0:0:0:0, 2:0:1:0:1, 3:0:0:0:3, 0:0:0:0:0, 1:0:0:0:1, 0:0:0:0:0, 0:0:0:0:0,  ,  ,  ,  ,  ,  ,  ,  ,  ,  ,  ,  ,  ,  ,  ,  ,  ,  ,  ,  ,  ,  ,  ,  ,  ,  ,  ,  ,  ,  ,  ,  ,  ,  ,  ,  ,  ,  ,  ,  ,  ,  ,  ,  ,  ,  ,  ,  ,  ,  ,  ,  ,  ,  ,  ,  ,  ,  ,  ,  ,  ,  ,  ,  , 0:0:0:0:0, 0:0:0:0:0, 0:0:0:0:0, 3:0:1:0:2, 0:0:0:0:0, 0:0:0:0:0,  , 0:0:0:0:0, 0:0:0:0:0, 2:0:0:0:1, 0:0:0:0:0, 3:0:0:0:2, 2:0:0:0:2, 2:0:0:0:1, 4:0:0:0:2, 1:0:0:0:1, 3:0:0:0:2, 3:0:0:0:2, 2:0:0:0:2, 1:0:0:0:1, 5:0:0:1:2, 5:0:1:0:3, 6:0:1:1:1, 2:0:0:0:1, 2:0:0:0:0, 2:0:0:0:1, 0:0:0:0:0, 2:0:0:0:1, 0:0:0:0:0, 1:0:0:0:1, 3:0:0:0:1, 1:0:1:0:0, 99:1:9:2:57
G# minor mel (5#), 1:0:0:0:0, 1:0:0:0:1, 1:0:1:0:0, 2:0:0:0:1, 1:0:0:0:0, 2:0:0:0:1, 1:0:0:0:1, 1:0:1:0:1, 1:0:0:0:0, 1:0:0:0:0, 1:0:0:0:0, 0:0:0:0:0, 1:0:0:0:0, 1:0:0:0:1, 2:0:0:0:0, 3:0:1:0:1, 3:0:0:0:1, 4:0:0:1:2, 0:0:0:0:0, 1:0:0:0:0, 1:0:0:0:0, 1:0:0:0:0, 1:0:0:0:0, 3:0:0:0:0, 3:0:1:0:1, 4:0:0:0:2, 2:0:2:0:1, 4:0:1:0:2, 3:0:0:0:1, 1:0:0:0:1, 1:0:0:0:0, 0:0:0:0:0, 1:0:0:0:1,  ,  ,  ,  ,  ,  ,  ,  ,  ,  ,  ,  ,  ,  ,  ,  ,  ,  ,  ,  ,  ,  ,  ,  ,  ,  ,  ,  ,  ,  ,  ,  ,  ,  ,  ,  ,  ,  ,  ,  ,  ,  ,  ,  ,  ,  ,  ,  ,  ,  ,  ,  ,  ,  ,  ,  ,  ,  ,  ,  ,  ,  ,  ,  , 2:0:1:0:0, 1:0:1:0:0, 2:0:1:0:0, 3:0:0:0:0, 2:0:0:0:1, 0:0:0:0:0,  , 0:0:0:0:0, 1:0:1:0:1, 3:0:0:0:1, 0:0:0:0:0, 1:0:0:0:0, 3:0:0:0:0, 3:0:1:0:1, 3:0:0:0:0, 0:0:0:0:0, 2:0:0:0:0, 1:0:0:0:0, 1:0:0:0:0, 0:0:0:0:0, 2:0:0:0:0, 2:0:0:0:0, 2:0:0:0:0, 3:1:0:0:2, 4:0:2:0:1, 3:0:0:0:1, 0:0:0:0:0, 3:0:1:0:0, 0:0:0:0:0, 3:0:0:0:1, 3:0:1:0:1, 3:0:0:0:1, 109:1:16:1:30
Db major blues (5b), 0:0:0:0:0, 0:0:0:0:0, 0:0:0:0:0, 0:0:0:0:0, 2:0:0:0:1, 0:0:0:0:0, 0:0:0:0:0, 0:0:0:0:0, 0:0:0:0:0, 3:0:1:0:1, 1:0:0:0:0, 1:0:1:0:0, 0:0:0:0:0, 0:0:0:0:0, 2:0:0:0:2, 3:0:0:0:1, 2:0:0:0:1, 4:0:0:0:4, 1:0:0:0:1, 1:0:1:0:0, 3:0:0:0:2, 1:0:0:0:1, 4:0:0:0:3, 5:0:1:0:2, 3:0:0:0:2, 2:1:0:0:2, 0:0:0:0:0, 2:0:1:0:1, 3:0:0:0:3, 0:0:0:0:0, 1:0:0:0:1, 0:0:0:0:0, 0:0:0:0:0,  ,  ,  ,  ,  ,  ,  ,  ,  ,  ,  ,  ,  ,  ,  ,  ,  ,  ,  ,  ,  ,  ,  ,  ,  ,  ,  ,  ,  ,  ,  ,  ,  ,  ,  ,  ,  ,  ,  ,  ,  ,  ,  ,  ,  ,  ,  ,  ,  ,  ,  ,  ,  ,  ,  ,  ,  ,  ,  ,  ,  ,  ,  ,  , 0:0:0:0:0, 0:0:0:0:0, 0:0:0:0:0, 3:0:1:0:2, 0:0:0:0:0, 0:0:0:0:0,  , 0:0:0:0:0, 0:0:0:0:0, 2:0:0:0:1, 0:0:0:0:0, 3:0:0:0:2, 2:0:0:0:2, 2:0:0:0:1, 4:0:0:0:2, 1:0:0:0:1, 3:0:0:0:2, 3:0:0:0:2, 2:0:0:0:2, 1:0:0:0:1, 5:0:0:1:2, 5:0:1:0:3, 6:0:1:1:1, 2:0:0:0:1, 2:0:0:0:0, 2:0:0:0:1, 0:0:0:0:0, 2:0:0:0:1, 0:0:0:0:0, 1:0:0:0:1, 3:0:0:0:1, 1:0:1:0:0, 99:1:9:2:57
B major blues (5#), 1:0:0:0:0, 1:0:0:0:1, 1:0:1:0:0, 2:0:0:0:1, 1:0:0:0:0, 2:0:0:0:1, 1:0:0:0:1, 1:0:1:0:1, 1:0:0:0:0, 1:0:0:0:0, 1:0:0:0:0, 0:0:0:0:0, 1:0:0:0:0, 1:0:0:0:1, 2:0:0:0:0, 3:0:1:0:1, 3:0:0:0:1, 4:0:0:1:2, 0:0:0:0:0, 1:0:0:0:0, 1:0:0:0:0, 1:0:0:0:0, 1:0:0:0:0, 3:0:0:0:0, 3:0:1:0:1, 4:0:0:0:2, 2:0:2:0:1, 4:0:1:0:2, 3:0:0:0:1, 1:0:0:0:1, 1:0:0:0:0, 0:0:0:0:0, 1:0:0:0:1,  ,  ,  ,  ,  ,  ,  ,  ,  ,  ,  ,  ,  ,  ,  ,  ,  ,  ,  ,  ,  ,  ,  ,  ,  ,  ,  ,  ,  ,  ,  ,  ,  ,  ,  ,  ,  ,  ,  ,  ,  ,  ,  ,  ,  ,  ,  ,  ,  ,  ,  ,  ,  ,  ,  ,  ,  ,  ,  ,  ,  ,  ,  ,  , 2:0:1:0:0, 1:0:1:0:0, 2:0:1:0:0, 3:0:0:0:0, 2:0:0:0:1, 0:0:0:0:0,  , 0:0:0:0:0, 1:0:1:0:1, 3:0:0:0:1, 0:0:0:0:0, 1:0:0:0:0, 3:0:0:0:0, 3:0:1:0:1, 3:0:0:0:0, 0:0:0:0:0, 2:0:0:0:0, 1:0:0:0:0, 1:0:0:0:0, 0:0:0:0:0, 2:0:0:0:0, 2:0:0:0:0, 2:0:0:0:0, 3:1:0:0:2, 4:0:2:0:1, 3:0:0:0:1, 0:0:0:0:0, 3:0:1:0:0, 0:0:0:0:0, 3:0:0:0:1, 3:0:1:0:1, 3:0:0:0:1, 109:1:16:1:30
Bb minor blues (5b), 0:0:0:0:0, 0:0:0:0:0, 0:0:0:0:0, 0:0:0:0:0, 2:0:0:0:1, 0:0:0:0:0, 0:0:0:0:0, 0:0:0:0:0, 0:0:0:0:0, 3:0:1:0:1, 1:0:0:0:0, 1:0:1:0:0, 0:0:0:0:0, 0:0:0:0:0, 2:0:0:0:2, 3:0:0:0:1, 2:0:0:0:1, 4:0:0:0:4, 1:0:0:0:1, 1:0:1:0:0, 3:0:0:0:2, 1:0:0:0:1, 4:0:0:0:3, 5:0:1:0:2, 3:0:0:0:2, 2:1:0:0:2, 0:0:0:0:0, 2:0:1:0:1, 3:0:0:0:3, 0:0:0:0:0, 1:0:0:0:1, 0:0:0:0:0, 0:0:0:0:0,  ,  ,  ,  ,  ,  ,  ,  ,  ,  ,  ,  ,  ,  ,  ,  ,  ,  ,  ,  ,  ,  ,  ,  ,  ,  ,  ,  ,  ,  ,  ,  ,  ,  ,  ,  ,  ,  ,  ,  ,  ,  ,  ,  ,  ,  ,  ,  ,  ,  ,  ,  ,  ,  ,  ,  ,  ,  ,  ,  ,  ,  ,  ,  , 0:0:0:0:0, 0:0:0:0:0, 0:0:0:0:0, 3:0:1:0:2, 0:0:0:0:0, 0:0:0:0:0,  , 0:0:0:0:0, 0:0:0:0:0, 2:0:0:0:1, 0:0:0:0:0, 3:0:0:0:2, 2:0:0:0:2, 2:0:0:0:1, 4:0:0:0:2, 1:0:0:0:1, 3:0:0:0:2, 3:0:0:0:2, 2:0:0:0:2, 1:0:0:0:1, 5:0:0:1:2, 5:0:1:0:3, 6:0:1:1:1, 2:0:0:0:1, 2:0:0:0:0, 2:0:0:0:1, 0:0:0:0:0, 2:0:0:0:1, 0:0:0:0:0, 1:0:0:0:1, 3:0:0:0:1, 1:0:1:0:0, 99:1:9:2:57
G# minor blues (5#), 1:0:0:0:0, 1:0:0:0:1, 1:0:1:0:0, 2:0:0:0:1, 1:0:0:0:0, 2:0:0:0:1, 1:0:0:0:1, 1:0:1:0:1, 1:0:0:0:0, 1:0:0:0:0, 1:0:0:0:0, 0:0:0:0:0, 1:0:0:0:0, 1:0:0:0:1, 2:0:0:0:0, 3:0:1:0:1, 3:0:0:0:1, 4:0:0:1:2, 0:0:0:0:0, 1:0:0:0:0, 1:0:0:0:0, 1:0:0:0:0, 1:0:0:0:0, 3:0:0:0:0, 3:0:1:0:1, 4:0:0:0:2, 2:0:2:0:1, 4:0:1:0:2, 3:0:0:0:1, 1:0:0:0:1, 1:0:0:0:0, 0:0:0:0:0, 1:0:0:0:1,  ,  ,  ,  ,  ,  ,  ,  ,  ,  ,  ,  ,  ,  ,  ,  ,  ,  ,  ,  ,  ,  ,  ,  ,  ,  ,  ,  ,  ,  ,  ,  ,  ,  ,  ,  ,  ,  ,  ,  ,  ,  ,  ,  ,  ,  ,  ,  ,  ,  ,  ,  ,  ,  ,  ,  ,  ,  ,  ,  ,  ,  ,  ,  , 2:0:1:0:0, 1:0:1:0:0, 2:0:1:0:0, 3:0:0:0:0, 2:0:0:0:1, 0:0:0:0:0,  , 0:0:0:0:0, 1:0:1:0:1, 3:0:0:0:1, 0:0:0:0:0, 1:0:0:0:0, 3:0:0:0:0, 3:0:1:0:1, 3:0:0:0:0, 0:0:0:0:0, 2:0:0:0:0, 1:0:0:0:0, 1:0:0:0:0, 0:0:0:0:0, 2:0:0:0:0, 2:0:0:0:0, 2:0:0:0:0, 3:1:0:0:2, 4:0:2:0:1, 3:0:0:0:1, 0:0:0:0:0, 3:0:1:0:0, 0:0:0:0:0, 3:0:0:0:1, 3:0:1:0:1, 3:0:0:0:1, 109:1:16:1:30
Db dorian (5b), 0:0:0:0:0, 0:0:0:0:0, 0:0:0:0:0, 0:0:0:0:0, 2:0:0:0:1, 0:0:0:0:0, 0:0:0:0:0, 0:0:0:0:0, 0:0:0:0:0, 3:0:1:0:1, 1:0:0:0:0, 1:0:1:0:0, 0:0:0:0:0, 0:0:0:0:0, 2:0:0:0:2, 3:0:0:0:1, 2:0:0:0:1, 4:0:0:0:4, 1:0:0:0:1, 1:0:1:0:0, 3:0:0:0:2, 1:0:0:0:1, 4:0:0:0:3, 5:0:1:0:2, 3:0:0:0:2, 2:1:0:0:2, 0:0:0:0:0, 2:0:1:0:1, 3:0:0:0:3, 0:0:0:0:0, 1:0:0:0:1, 0:0:0:0:0, 0:0:0:0:0,  ,  ,  ,  ,  ,  ,  ,  ,  ,  ,  ,  ,  ,  ,  ,  ,  ,  ,  ,  ,  ,  ,  ,  ,  ,  ,  ,  ,  ,  ,  ,  ,  ,  ,  ,  ,  ,  ,  ,  ,  ,  ,  ,  ,  ,  ,  ,  ,  ,  ,  ,  ,  ,  ,  ,  ,  ,  ,  ,  ,  ,  ,  ,  , 0:0:0:0:0, 0:0:0:0:0, 0:0:0:0:0, 3:0:1:0:2, 0:0:0:0:0, 0:0:0:0:0,  , 0:0:0:0:0, 0:0:0:0:0, 2:0:0:0:1, 0:0:0:0:0, 3:0:0:0:2, 2:0:0:0:2, 2:0:0:0:1, 4:0:0:0:2, 1:0:0:0:1, 3:0:0:0:2, 3:0:0:0:2, 2:0:0:0:2, 1:0:0:0:1, 5:0:0:1:2, 5:0:1:0:3, 6:0:1:1:1, 2:0:0:0:1, 2:0:0:0:0, 2:0:0:0:1, 0:0:0:0:0, 2:0:0:0:1, 0:0:0:0:0, 1:0:0:0:1, 3:0:0:0:1, 1:0:1:0:0, 99:1:9:2:57
B dorian (5#), 1:0:0:0:0, 1:0:0:0:1, 1:0:1:0:0, 2:0:0:0:1, 1:0:0:0:0, 2:0:0:0:1, 1:0:0:0:1, 1:0:1:0:1, 1:0:0:0:0, 1:0:0:0:0, 1:0:0:0:0, 0:0:0:0:0, 1:0:0:0:0, 1:0:0:0:1, 2:0:0:0:0, 3:0:1:0:1, 3:0:0:0:1, 4:0:0:1:2, 0:0:0:0:0, 1:0:0:0:0, 1:0:0:0:0, 1:0:0:0:0, 1:0:0:0:0, 3:0:0:0:0, 3:0:1:0:1, 4:0:0:0:2, 2:0:2:0:1, 4:0:1:0:2, 3:0:0:0:1, 1:0:0:0:1, 1:0:0:0:0, 0:0:0:0:0, 1:0:0:0:1,  ,  ,  ,  ,  ,  ,  ,  ,  ,  ,  ,  ,  ,  ,  ,  ,  ,  ,  ,  ,  ,  ,  ,  ,  ,  ,  ,  ,  ,  ,  ,  ,  ,  ,  ,  ,  ,  ,  ,  ,  ,  ,  ,  ,  ,  ,  ,  ,  ,  ,  ,  ,  ,  ,  ,  ,  ,  ,  ,  ,  ,  ,  ,  , 2:0:1:0:0, 1:0:1:0:0, 2:0:1:0:0, 3:0:0:0:0, 2:0:0:0:1, 0:0:0:0:0,  , 0:0:0:0:0, 1:0:1:0:1, 3:0:0:0:1, 0:0:0:0:0, 1:0:0:0:0, 3:0:0:0:0, 3:0:1:0:1, 3:0:0:0:0, 0:0:0:0:0, 2:0:0:0:0, 1:0:0:0:0, 1:0:0:0:0, 0:0:0:0:0, 2:0:0:0:0, 2:0:0:0:0, 2:0:0:0:0, 3:1:0:0:2, 4:0:2:0:1, 3:0:0:0:1, 0:0:0:0:0, 3:0:1:0:0, 0:0:0:0:0, 3:0:0:0:1, 3:0:1:0:1, 3:0:0:0:1, 109:1:16:1:30
Db phrygian (5b), 0:0:0:0:0, 0:0:0:0:0, 0:0:0:0:0, 0:0:0:0:0, 2:0:0:0:1, 0:0:0:0:0, 0:0:0:0:0, 0:0:0:0:0, 0:0:0:0:0, 3:0:1:0:1, 1:0:0:0:0, 1:0:1:0:0, 0:0:0:0:0, 0:0:0:0:0, 2:0:0:0:2, 3:0:0:0:1, 2:0:0:0:1, 4:0:0:0:4, 1:0:0:0:1, 1:0:1:0:0, 3:0:0:0:2, 1:0:0:0:1, 4:0:0:0:3, 5:0:1:0:2, 3:0:0:0:2, 2:1:0:0:2, 0:0:0:0:0, 2:0:1:0:1, 3:0:0:0:3, 0:0:0:0:0, 1:0:0:0:1, 0:0:0:0:0, 0:0:0:0:0,  ,  ,  ,  ,  ,  ,  ,  ,  ,  ,  ,  ,  ,  ,  ,  ,  ,  ,  ,  ,  ,  ,  ,  ,  ,  ,  ,  ,  ,  ,  ,  ,  ,  ,  ,  ,  ,  ,  ,  ,  ,  ,  ,  ,  ,  ,  ,  ,  ,  ,  ,  ,  ,  ,  ,  ,  ,  ,  ,  ,  ,  ,  ,  , 0:0:0:0:0, 0:0:0:0:0, 0:0:0:0:0, 3:0:1:0:2, 0:0:0:0:0, 0:0:0:0:0,  , 0:0:0:0:0, 0:0:0:0:0, 2:0:0:0:1, 0:0:0:0:0, 3:0:0:0:2, 2:0:0:0:2, 2:0:0:0:1, 4:0:0:0:2, 1:0:0:0:1, 3:0:0:0:2, 3:0:0:0:2, 2:0:0:0:2, 1:0:0:0:1, 5:0:0:1:2, 5:0:1:0:3, 6:0:1:1:1, 2:0:0:0:1, 2:0:0:0:0, 2:0:0:0:1, 0:0:0:0:0, 2:0:0:0:1, 0:0:0:0:0, 1:0:0:0:1, 3:0:0:0:1, 1:0:1:0:0, 99:1:9:2:57
B phrygian (5#), 1:0:0:0:0, 1:0:0:0:1, 1:0:1:0:0, 2:0:0:0:1, 1:0:0:0:0, 2:0:0:0:1, 1:0:0:0:1, 1:0:1:0:1, 1:0:0:0:0, 1:0:0:0:0, 1:0:0:0:0, 0:0:0:0:0, 1:0:0:0:0, 1:0:0:0:1, 2:0:0:0:0, 3:0:1:0:1, 3:0:0:0:1, 4:0:0:1:2, 0:0:0:0:0, 1:0:0:0:0, 1:0:0:0:0, 1:0:0:0:0, 1:0:0:0:0, 3:0:0:0:0, 3:0:1:0:1, 4:0:0:0:2, 2:0:2:0:1, 4:0:1:0:2, 3:0:0:0:1, 1:0:0:0:1, 1:0:0:0:0, 0:0:0:0:0, 1:0:0:0:1,  ,  ,  ,  ,  ,  ,  ,  ,  ,  ,  ,  ,  ,  ,  ,  ,  ,  ,  ,  ,  ,  ,  ,  ,  ,  ,  ,  ,  ,  ,  ,  ,  ,  ,  ,  ,  ,  ,  ,  ,  ,  ,  ,  ,  ,  ,  ,  ,  ,  ,  ,  ,  ,  ,  ,  ,  ,  ,  ,  ,  ,  ,  ,  , 2:0:1:0:0, 1:0:1:0:0, 2:0:1:0:0, 3:0:0:0:0, 2:0:0:0:1, 0:0:0:0:0,  , 0:0:0:0:0, 1:0:1:0:1, 3:0:0:0:1, 0:0:0:0:0, 1:0:0:0:0, 3:0:0:0:0, 3:0:1:0:1, 3:0:0:0:0, 0:0:0:0:0, 2:0:0:0:0, 1:0:0:0:0, 1:0:0:0:0, 0:0:0:0:0, 2:0:0:0:0, 2:0:0:0:0, 2:0:0:0:0, 3:1:0:0:2, 4:0:2:0:1, 3:0:0:0:1, 0:0:0:0:0, 3:0:1:0:0, 0:0:0:0:0, 3:0:0:0:1, 3:0:1:0:1, 3:0:0:0:1, 109:1:16:1:30
Db lydian (5b), 0:0:0:0:0, 0:0:0:0:0, 0:0:0:0:0, 0:0:0:0:0, 2:0:0:0:1, 0:0:0:0:0, 0:0:0:0:0, 0:0:0:0:0, 0:0:0:0:0, 3:0:1:0:1, 1:0:0:0:0, 1:0:1:0:0, 0:0:0:0:0, 0:0:0:0:0, 2:0:0:0:2, 3:0:0:0:1, 2:0:0:0:1, 4:0:0:0:4, 1:0:0:0:1, 1:0:1:0:0, 3:0:0:0:2, 1:0:0:0:1, 4:0:0:0:3, 5:0:1:0:2, 3:0:0:0:2, 2:1:0:0:2, 0:0:0:0:0, 2:0:1:0:1, 3:0:0:0:3, 0:0:0:0:0, 1:0:0:0:1, 0:0:0:0:0, 0:0:0:0:0,  ,  ,  ,  ,  ,  ,  ,  ,  ,  ,  ,  ,  ,  ,  ,  ,  ,  ,  ,  ,  ,  ,  ,  ,  ,  ,  ,  ,  ,  ,  ,  ,  ,  ,  ,  ,  ,  ,  ,  ,  ,  ,  ,  ,  ,  ,  ,  ,  ,  ,  ,  ,  ,  ,  ,  ,  ,  ,  ,  ,  ,  ,  ,  , 0:0:0:0:0, 0:0:0:0:0, 0:0:0:0:0, 3:0:1:0:2, 0:0:0:0:0, 0:0:0:0:0,  , 0:0:0:0:0, 0:0:0:0:0, 2:0:0:0:1, 0:0:0:0:0, 3:0:0:0:2, 2:0:0:0:2, 2:0:0:0:1, 4:0:0:0:2, 1:0:0:0:1, 3:0:0:0:2, 3:0:0:0:2, 2:0:0:0:2, 1:0:0:0:1, 5:0:0:1:2, 5:0:1:0:3, 6:0:1:1:1, 2:0:0:0:1, 2:0:0:0:0, 2:0:0:0:1, 0:0:0:0:0, 2:0:0:0:1, 0:0:0:0:0, 1:0:0:0:1, 3:0:0:0:1, 1:0:1:0:0, 99:1:9:2:57
B lydian (5#), 1:0:0:0:0, 1:0:0:0:1, 1:0:1:0:0, 2:0:0:0:1, 1:0:0:0:0, 2:0:0:0:1, 1:0:0:0:1, 1:0:1:0:1, 1:0:0:0:0, 1:0:0:0:0, 1:0:0:0:0, 0:0:0:0:0, 1:0:0:0:0, 1:0:0:0:1, 2:0:0:0:0, 3:0:1:0:1, 3:0:0:0:1, 4:0:0:1:2, 0:0:0:0:0, 1:0:0:0:0, 1:0:0:0:0, 1:0:0:0:0, 1:0:0:0:0, 3:0:0:0:0, 3:0:1:0:1, 4:0:0:0:2, 2:0:2:0:1, 4:0:1:0:2, 3:0:0:0:1, 1:0:0:0:1, 1:0:0:0:0, 0:0:0:0:0, 1:0:0:0:1,  ,  ,  ,  ,  ,  ,  ,  ,  ,  ,  ,  ,  ,  ,  ,  ,  ,  ,  ,  ,  ,  ,  ,  ,  ,  ,  ,  ,  ,  ,  ,  ,  ,  ,  ,  ,  ,  ,  ,  ,  ,  ,  ,  ,  ,  ,  ,  ,  ,  ,  ,  ,  ,  ,  ,  ,  ,  ,  ,  ,  ,  ,  ,  , 2:0:1:0:0, 1:0:1:0:0, 2:0:1:0:0, 3:0:0:0:0, 2:0:0:0:1, 0:0:0:0:0,  , 0:0:0:0:0, 1:0:1:0:1, 3:0:0:0:1, 0:0:0:0:0, 1:0:0:0:0, 3:0:0:0:0, 3:0:1:0:1, 3:0:0:0:0, 0:0:0:0:0, 2:0:0:0:0, 1:0:0:0:0, 1:0:0:0:0, 0:0:0:0:0, 2:0:0:0:0, 2:0:0:0:0, 2:0:0:0:0, 3:1:0:0:2, 4:0:2:0:1, 3:0:0:0:1, 0:0:0:0:0, 3:0:1:0:0, 0:0:0:0:0, 3:0:0:0:1, 3:0:1:0:1, 3:0:0:0:1, 109:1:16:1:30
Db mixolydian (5b), 0:0:0:0:0, 0:0:0:0:0, 0:0:0:0:0, 0:0:0:0:0, 2:0:0:0:1, 0:0:0:0:0, 0:0:0:0:0, 0:0:0:0:0, 0:0:0:0:0, 3:0:1:0:1, 1:0:0:0:0, 1:0:1:0:0, 0:0:0:0:0, 0:0:0:0:0, 2:0:0:0:2, 3:0:0:0:1, 2:0:0:0:1, 4:0:0:0:4, 1:0:0:0:1, 1:0:1:0:0, 3:0:0:0:2, 1:0:0:0:1, 4:0:0:0:3, 5:0:1:0:2, 3:0:0:0:2, 2:1:0:0:2, 0:0:0:0:0, 2:0:1:0:1, 3:0:0:0:3, 0:0:0:0:0, 1:0:0:0:1, 0:0:0:0:0, 0:0:0:0:0,  ,  ,  ,  ,  ,  ,  ,  ,  ,  ,  ,  ,  ,  ,  ,  ,  ,  ,  ,  ,  ,  ,  ,  ,  ,  ,  ,  ,  ,  ,  ,  ,  ,  ,  ,  ,  ,  ,  ,  ,  ,  ,  ,  ,  ,  ,  ,  ,  ,  ,  ,  ,  ,  ,  ,  ,  ,  ,  ,  ,  ,  ,  ,  , 0:0:0:0:0, 0:0:0:0:0, 0:0:0:0:0, 3:0:1:0:2, 0:0:0:0:0, 0:0:0:0:0,  , 0:0:0:0:0, 0:0:0:0:0, 2:0:0:0:1, 0:0:0:0:0, 3:0:0:0:2, 2:0:0:0:2, 2:0:0:0:1, 4:0:0:0:2, 1:0:0:0:1, 3:0:0:0:2, 3:0:0:0:2, 2:0:0:0:2, 1:0:0:0:1, 5:0:0:1:2, 5:0:1:0:3, 6:0:1:1:1, 2:0:0:0:1, 2:0:0:0:0, 2:0:0:0:1, 0:0:0:0:0, 2:0:0:0:1, 0:0:0:0:0, 1:0:0:0:1, 3:0:0:0:1, 1:0:1:0:0, 99:1:9:2:57
B mixolydian (5#), 1:0:0:0:0, 1:0:0:0:1, 1:0:1:0:0, 2:0:0:0:1, 1:0:0:0:0, 2:0:0:0:1, 1:0:0:0:1, 1:0:1:0:1, 1:0:0:0:0, 1:0:0:0:0, 1:0:0:0:0, 0:0:0:0:0, 1:0:0:0:0, 1:0:0:0:1, 2:0:0:0:0, 3:0:1:0:1, 3:0:0:0:1, 4:0:0:1:2, 0:0:0:0:0, 1:0:0:0:0, 1:0:0:0:0, 1:0:0:0:0, 1:0:0:0:0, 3:0:0:0:0, 3:0:1:0:1, 4:0:0:0:2, 2:0:2:0:1, 4:0:1:0:2, 3:0:0:0:1, 1:0:0:0:1, 1:0:0:0:0, 0:0:0:0:0, 1:0:0:0:1,  ,  ,  ,  ,  ,  ,  ,  ,  ,  ,  ,  ,  ,  ,  ,  ,  ,  ,  ,  ,  ,  ,  ,  ,  ,  ,  ,  ,  ,  ,  ,  ,  ,  ,  ,  ,  ,  ,  ,  ,  ,  ,  ,  ,  ,  ,  ,  ,  ,  ,  ,  ,  ,  ,  ,  ,  ,  ,  ,  ,  ,  ,  ,  , 2:0:1:0:0, 1:0:1:0:0, 2:0:1:0:0, 3:0:0:0:0, 2:0:0:0:1, 0:0:0:0:0,  , 0:0:0:0:0, 1:0:1:0:1, 3:0:0:0:1, 0:0:0:0:0, 1:0:0:0:0, 3:0:0:0:0, 3:0:1:0:1, 3:0:0:0:0, 0:0:0:0:0, 2:0:0:0:0, 1:0:0:0:0, 1:0:0:0:0, 0:0:0:0:0, 2:0:0:0:0, 2:0:0:0:0, 2:0:0:0:0, 3:1:0:0:2, 4:0:2:0:1, 3:0:0:0:1, 0:0:0:0:0, 3:0:1:0:0, 0:0:0:0:0, 3:0:0:0:1, 3:0:1:0:1, 3:0:0:0:1, 109:1:16:1:30
Db aeolian (5b), 0:0:0:0:0, 0:0:0:0:0, 0:0:0:0:0, 0:0:0:0:0, 2:0:0:0:1, 0:0:0:0:0, 0:0:0:0:0, 0:0:0:0:0, 0:0:0:0:0, 3:0:1:0:1, 1:0:0:0:0, 1:0:1:0:0, 0:0:0:0:0, 0:0:0:0:0, 2:0:0:0:2, 3:0:0:0:1, 2:0:0:0:1, 4:0:0:0:4, 1:0:0:0:1, 1:0:1:0:0, 3:0:0:0:2, 1:0:0:0:1, 4:0:0:0:3, 5:0:1:0:2, 3:0:0:0:2, 2:1:0:0:2, 0:0:0:0:0, 2:0:1:0:1, 3:0:0:0:3, 0:0:0:0:0, 1:0:0:0:1, 0:0:0:0:0, 0:0:0:0:0,  ,  ,  ,  ,  ,  ,  ,  ,  ,  ,  ,  ,  ,  ,  ,  ,  ,  ,  ,  ,  ,  ,  ,  ,  ,  ,  ,  ,  ,  ,  ,  ,  ,  ,  ,  ,  ,  ,  ,  ,  ,  ,  ,  ,  ,  ,  ,  ,  ,  ,  ,  ,  ,  ,  ,  ,  ,  ,  ,  ,  ,  ,  ,  , 0:0:0:0:0, 0:0:0:0:0, 0:0:0:0:0, 3:0:1:0:2, 0:0:0:0:0, 0:0:0:0:0,  , 0:0:0:0:0, 0:0:0:0:0, 2:0:0:0:1, 0:0:0:0:0, 3:0:0:0:2, 2:0:0:0:2, 2:0:0:0:1, 4:0:0:0:2, 1:0:0:0:1, 3:0:0:0:2, 3:0:0:0:2, 2:0:0:0:2, 1:0:0:0:1, 5:0:0:1:2, 5:0:1:0:3, 6:0:1:1:1, 2:0:0:0:1, 2:0:0:0:0, 2:0:0:0:1, 0:0:0:0:0, 2:0:0:0:1, 0:0:0:0:0, 1:0:0:0:1, 3:0:0:0:1, 1:0:1:0:0, 99:1:9:2:57
B aeolian (5#), 1:0:0:0:0, 1:0:0:0:1, 1:0:1:0:0, 2:0:0:0:1, 1:0:0:0:0, 2:0:0:0:1, 1:0:0:0:1, 1:0:1:0:1, 1:0:0:0:0, 1:0:0:0:0, 1:0:0:0:0, 0:0:0:0:0, 1:0:0:0:0, 1:0:0:0:1, 2:0:0:0:0, 3:0:1:0:1, 3:0:0:0:1, 4:0:0:1:2, 0:0:0:0:0, 1:0:0:0:0, 1:0:0:0:0, 1:0:0:0:0, 1:0:0:0:0, 3:0:0:0:0, 3:0:1:0:1, 4:0:0:0:2, 2:0:2:0:1, 4:0:1:0:2, 3:0:0:0:1, 1:0:0:0:1, 1:0:0:0:0, 0:0:0:0:0, 1:0:0:0:1,  ,  ,  ,  ,  ,  ,  ,  ,  ,  ,  ,  ,  ,  ,  ,  ,  ,  ,  ,  ,  ,  ,  ,  ,  ,  ,  ,  ,  ,  ,  ,  ,  ,  ,  ,  ,  ,  ,  ,  ,  ,  ,  ,  ,  ,  ,  ,  ,  ,  ,  ,  ,  ,  ,  ,  ,  ,  ,  ,  ,  ,  ,  ,  , 2:0:1:0:0, 1:0:1:0:0, 2:0:1:0:0, 3:0:0:0:0, 2:0:0:0:1, 0:0:0:0:0,  , 0:0:0:0:0, 1:0:1:0:1, 3:0:0:0:1, 0:0:0:0:0, 1:0:0:0:0, 3:0:0:0:0, 3:0:1:0:1, 3:0:0:0:0, 0:0:0:0:0, 2:0:0:0:0, 1:0:0:0:0, 1:0:0:0:0, 0:0:0:0:0, 2:0:0:0:0, 2:0:0:0:0, 2:0:0:0:0, 3:1:0:0:2, 4:0:2:0:1, 3:0:0:0:1, 0:0:0:0:0, 3:0:1:0:0, 0:0:0:0:0, 3:0:0:0:1, 3:0:1:0:1, 3:0:0:0:1, 109:1:16:1:30
Db locrian (5b), 0:0:0:0:0, 0:0:0:0:0, 0:0:0:0:0, 0:0:0:0:0, 2:0:0:0:1, 0:0:0:0:0, 0:0:0:0:0, 0:0:0:0:0, 0:0:0:0:0, 3:0:1:0:1, 1:0:0:0:0, 1:0:1:0:0, 0:0:0:0:0, 0:0:0:0:0, 2:0:0:0:2, 3:0:0:0:1, 2:0:0:0:1, 4:0:0:0:4, 1:0:0:0:1, 1:0:1:0:0, 3:0:0:0:2, 1:0:0:0:1, 4:0:0:0:3, 5:0:1:0:2, 3:0:0:0:2, 2:1:0:0:2, 0:0:0:0:0, 2:0:1:0:1, 3:0:0:0:3, 0:0:0:0:0, 1:0:0:0:1, 0:0:0:0:0, 0:0:0:0:0,  ,  ,  ,  ,  ,  ,  ,  ,  ,  ,  ,  ,  ,  ,  ,  ,  ,  ,  ,  ,  ,  ,  ,  ,  ,  ,  ,  ,  ,  ,  ,  ,  ,  ,  ,  ,  ,  ,  ,  ,  ,  ,  ,  ,  ,  ,  ,  ,  ,  ,  ,  ,  ,  ,  ,  ,  ,  ,  ,  ,  ,  ,  ,  , 0:0:0:0:0, 0:0:0:0:0, 0:0:0:0:0, 3:0:1:0:2, 0:0:0:0:0, 0:0:0:0:0,  , 0:0:0:0:0, 0:0:0:0:0, 2:0:0:0:1, 0:0:0:0:0, 3:0:0:0:2, 2:0:0:0:2, 2:0:0:0:1, 4:0:0:0:2, 1:0:0:0:1, 3:0:0:0:2, 3:0:0:0:2, 2:0:0:0:2, 1:0:0:0:1, 5:0:0:1:2, 5:0:1:0:3, 6:0:1:1:1, 2:0:0:0:1, 2:0:0:0:0, 2:0:0:0:1, 0:0:0:0:0, 2:0:0:0:1, 0:0:0:0:0, 1:0:0:0:1, 3:0:0:0:1, 1:0:1:0:0, 99:1:9:2:57
B locrian (5#), 1:0:0:0:0, 1:0:0:0:1, 1:0:1:0:0, 2:0:0:0:1, 1:0:0:0:0, 2:0:0:0:1, 1:0:0:0:1, 1:0:1:0:1, 1:0:0:0:0, 1:0:0:0:0, 1:0:0:0:0, 0:0:0:0:0, 1:0:0:0:0, 1:0:0:0:1, 2:0:0:0:0, 3:0:1:0:1, 3:0:0:0:1, 4:0:0:1:2, 0:0:0:0:0, 1:0:0:0:0, 1:0:0:0:0, 1:0:0:0:0, 1:0:0:0:0, 3:0:0:0:0, 3:0:1:0:1, 4:0:0:0:2, 2:0:2:0:1, 4:0:1:0:2, 3:0:0:0:1, 1:0:0:0:1, 1:0:0:0:0, 0:0:0:0:0, 1:0:0:0:1,  ,  ,  ,  ,  ,  ,  ,  ,  ,  ,  ,  ,  ,  ,  ,  ,  ,  ,  ,  ,  ,  ,  ,  ,  ,  ,  ,  ,  ,  ,  ,  ,  ,  ,  ,  ,  ,  ,  ,  ,  ,  ,  ,  ,  ,  ,  ,  ,  ,  ,  ,  ,  ,  ,  ,  ,  ,  ,  ,  ,  ,  ,  ,  , 2:0:1:0:0, 1:0:1:0:0, 2:0:1:0:0, 3:0:0:0:0, 2:0:0:0:1, 0:0:0:0:0,  , 0:0:0:0:0, 1:0:1:0:1, 3:0:0:0:1, 0:0:0:0:0, 1:0:0:0:0, 3:0:0:0:0, 3:0:1:0:1, 3:0:0:0:0, 0:0:0:0:0, 2:0:0:0:0, 1:0:0:0:0, 1:0:0:0:0, 0:0:0:0:0, 2:0:0:0:0, 2:0:0:0:0, 2:0:0:0:0, 3:1:0:0:2, 4:0:2:0:1, 3:0:0:0:1, 0:0:0:0:0, 3:0:1:0:0, 0:0:0:0:0, 3:0:0:0:1, 3:0:1:0:1, 3:0:0:0:1, 109:1:16:1:30
Gb major (6b), 1:0:0:0:0, 0:0:0:0:0, 0:0:0:0:0, 1:0:0:0:0, 1:0:0:0:1, 1:0:0:0:0, 0:0:0:0:0, 1:0:0:0:0, 1:0:0:0:0, 2:0:0:0:1, 1:0:0:0:1, 1:0:1:0:0, 1:0:0:0:0, 0:0:0:0:0, 2:0:0:0:1, 4:0:0:0:2, 2:0:0:0:1, 3:0:0:0:3, 1:0:0:0:1, 2:0:0:0:0, 2:0:0:0:1, 1:0:0:0:1, 3:0:0:0:2, 4:0:1:0:2, 4:0:0:0:2, 3:1:0:0:2, 1:0:0:0:0, 3:0:0:0:1, 2:0:0:0:2, 0:0:0:0:0, 1:0:0:0:0, 0:0:0:0:0, 0:0:0:0:0,  ,  ,  ,  ,  ,  ,  ,  ,  ,  ,  ,  ,  ,  ,  ,  ,  ,  ,  ,  ,  ,  ,  ,  ,  ,  ,  ,  ,  ,  ,  ,  ,  ,  ,  ,  ,  ,  ,  ,  ,  ,  ,  ,  ,  ,  ,  ,  ,  ,  ,  ,  ,  ,  ,  ,  ,  ,  ,  ,  ,  ,  ,  ,  , 1:0:0:0:0, 0:0:0:0:0, 1:0:0:0:0, 2:0:0:0:2, 1:0:0:0:0, 0:0:0:0:0,  , 0:0:0:0:0, 1:0:0:0:0, 3:0:0:0:1, 0:0:0:0:0, 2:0:0:0:2, 2:0:0:0:2, 3:0:0:0:1, 3:0:0:0:2, 1:0:0:0:1, 2:0:0:0:2, 3:0:0:0:2, 1:0:0:0:1, 0:0:0:0:0, 4:0:0:1:1, 4:0:1:0:2, 5:0:1:1:1, 2:2:1:0:2, 3:0:0:0:1, 3:0:0:0:1, 0:0:0:0:0, 3:0:0:0:1, 0:0:0:0:0, 2:0:0:0:1, 4:0:0:0:2, 2:0:1:0:0, 107:3:6:2:52
F# major (6#), 1:0:0:0:1, 0:0:0:0:0, 0:0:0:0:0, 1:0:0:0:1, 1:0:0:0:0, 1:0:0:0:1, 0:0:0:0:0, 1:0:1:0:0, 1:0:0:0:1, 1:0:0:0:0, 1:0:0:0:0, 1:0:0:0:0, 1:0:0:0:1, 0:0:0:0:0, 2:0:0:0:1, 4:0:1:0:0, 2:0:0:0:0, 4:1:1:1:2, 1:0:0:0:0, 1:0:0:0:1, 1:0:0:0:0, 1:0:0:0:0, 2:0:0:0:0, 4:0:0:0:0, 3:0:1:0:0, 3:0:0:0:2, 1:0:1:0:0, 3:0:1:0:0, 2:0:0:0:0, 0:0:0:0:0, 1:0:0:0:1, 0:0:0:0:0, 0:0:0:0:0,  ,  ,  ,  ,  ,  ,  ,  ,  ,  ,  ,  ,  ,  ,  ,  ,  ,  ,  ,  ,  ,  ,  ,  ,  ,  ,  ,  ,  ,  ,  ,  ,  ,  ,  ,  ,  ,  ,  ,  ,  ,  ,  ,  ,  ,  ,  ,  ,  ,  ,  ,  ,  ,  ,  ,  ,  ,  ,  ,  ,  ,  ,  ,  , 1:0:0:0:1, 0:0:0:0:0, 1:0:0:0:1, 3:0:0:0:0, 1:0:0:0:1, 0:0:0:0:0,  , 0:0:0:0:0, 1:0:1:0:0, 2:0:0:0:1, 0:0:0:0:0, 2:0:0:0:0, 3:0:0:0:0, 3:0:1:0:0, 3:0:0:0:0, 1:0:0:0:0, 3:0:0:0:0, 2:0:0:0:0, 1:0:0:0:0, 0:0:0:0:0, 2:0:0:0:0, 3:0:0:0:0, 3:0:0:0:0, 2:1:0:0:2, 3:0:1:0:0, 2:0:0:0:1, 0:0:0:0:0, 2:0:0:0:1, 0:0:0:0:0, 2:0:0:0:1, 4:0:1:0:0, 2:0:0:0:1, 97:2:10:1:22
Eb minor (6b), 1:0:0:0:0, 0:0:0:0:0, 0:0:0:0:0, 1:0:0:0:0, 1:0:0:0:1, 1:0:0:0:0, 0:0:0:0:0, 1:0:0:0:0, 1:0:0:0:0, 2:0:0:0:1, 1:0:0:0:1, 1:0:1:0:0, 1:0:0:0:0, 0:0:0:0:0, 2:0:0:0:1, 4:0:0:0:2, 2:0:0:0:1, 3:0:0:0:3, 1:0:0:0:1, 2:0:0:0:0, 2:0:0:0:1, 1:0:0:0:1, 3:0:0:0:2, 4:0:1:0:2, 4:0:0:0:2, 3:1:0:0:2, 1:0:0:0:0, 3:0:0:0:1, 2:0:0:0:2, 0:0:0:0:0, 1:0:0:0:0, 0:0:0:0:0, 0:0:0:0:0,  ,  ,  ,  ,  ,  ,  ,  ,  ,  ,  ,  ,  ,  ,  ,  ,  ,  ,  ,  ,  ,  ,  ,  ,  ,  ,  ,  ,  ,  ,  ,  ,  ,  ,  ,  ,  ,  ,  ,  ,  ,  ,  ,  ,  ,  ,  ,  ,  ,  ,  ,  ,  ,  ,  ,  ,  ,  ,  ,  ,  ,  ,  ,  , 1:0:0:0:0, 0:0:0:0:0, 1:0:0:0:0, 2:0:0:0:2, 1:0:0:0:0, 0:0:0:0:0,  , 0:0:0:0:0, 1:0:0:0:0, 3:0:0:0:1, 0:0:0:0:0, 2:0:0:0:2, 2:0:0:0:2, 3:0:0:0:1, 3:0:0:0:2, 1:0:0:0:1, 2:0:0:0:2, 3:0:0:0:2, 1:0:0:0:1, 0:0:0:0:0, 4:0:0:1:1, 4:0:1:0:2, 5:0:1:1:1, 2:2:1:0:2, 3:0:0:0:1, 3:0:0:0:1, 0:0:0:0:0, 3:0:0:0:1, 0:0:0:0:0, 2:0:0:0:1, 4:0:0:0:2, 2:0:1:0:0, 107:3:6:2:52
D# minor (6#), 1:0:0:0:1, 0:0:0:0:0, 0:0:0:0:0, 1:0:0:0:1, 1:0:0:0:0, 1:0:0:0:1, 0:0:0:0:0, 1:0:1:0:0, 1:0:0:0:1, 1:0:0:0:0, 1:0:0:0:0, 1:0:0:0:0, 1:0:0:0:1, 0:0:0:0:0, 2:0:0:0:1, 4:0:1:0:0, 2:0:0:0:0, 4:1:1:1:2, 1:0:0:0:0, 1:0:0:0:1, 1:0:0:0:0, 1:0:0:0:0, 2:0:0:0:0, 4:0:0:0:0, 3:0:1:0:0, 3:0:0:0:2, 1:0:1:0:0, 3:0:1:0:0, 2:0:0:0:0, 0:0:0:0:0, 1:0:0:0:1, 0:0:0:0:0, 0:0:0:0:0,  ,  ,  ,  ,  ,  ,  ,  ,  ,  ,  ,  ,  ,  ,  ,  ,  ,  ,  ,  ,  ,  ,  ,  ,  ,  ,  ,  ,  ,  ,  ,  ,  ,  ,  ,  ,  ,  ,  ,  ,  ,  ,  ,  ,  ,  ,  ,  ,  ,  ,  ,  ,  ,  ,  ,  ,  ,  ,  ,  ,  ,  ,  ,  , 1:0:0:0:1, 0:0:0:0:0, 1:0:0:0:1, 3:0:0:0:0, 1:0:0:0:1, 0:0:0:0:0,  , 0:0:0:0:0, 1:0:1:0:0, 2:0:0:0:1, 0:0:0:0:0, 2:0:0:0:0, 3:0:0:0:0, 3:0:1:0:0, 3:0:0:0:0, 1:0:0:0:0, 3:0:0:0:0, 2:0:0:0:0, 1:0:0:0:0, 0:0:0:0:0, 2:0:0:0:0, 3:0:0:0:0, 3:0:0:0:0, 2:1:0:0:2, 3:0:1:0:0, 2:0:0:0:1, 0:0:0:0:0, 2:0:0:0:1, 0:0:0:0:0, 2:0:0:0:1, 4:0:1:0:0, 2:0:0:0:1, 97:2:10:1:22
Eb minor mel (6b), 1:0:0:0:0, 0:0:0:0:0, 0:0:0:0:0, 1:0:0:0:0, 1:0:0:0:1, 1:0:0:0:0, 0:0:0:0:0, 1:0:0:0:0, 1:0:0:0:0, 2:0:0:0:1, 1:0:0:0:1, 1:0:1:0:0, 1:0:0:0:0, 0:0:0:0:0, 2:0:0:0:1, 4:0:0:0:2, 2:0:0:0:1, 3:0:0:0:3, 1:0:0:0:1, 2:0:0:0:0, 2:0:0:0:1, 1:0:0:0:1, 3:0:0:0:2, 4:0:1:0:2, 4:0:0:0:2, 3:1:0:0:2, 1:0:0:0:0, 3:0:0:0:1, 2:0:0:0:2, 0:0:0:0:0, 1:0:0:0:0, 0:0:0:0:0, 0:0:0:0:0,  ,  ,  ,  ,  ,  ,  ,  ,  ,  ,  ,  ,  ,  ,  ,  ,  ,  ,  ,  ,  ,  ,  ,  ,  ,  ,  ,  ,  ,  ,  ,  ,  ,  ,  ,  ,  ,  ,  ,  ,  ,  ,  ,  ,  ,  ,  ,  ,  ,  ,  ,  ,  ,  ,  ,  ,  ,  ,  ,  ,  ,  ,  ,  , 1:0:0:0:0, 0:0:0:0:0, 1:0:0:0:0, 2:0:0:0:2, 1:0:0:0:0, 0:0:0:0:0,  , 0:0:0:0:0, 1:0:0:0:0, 3:0:0:0:1, 0:0:0:0:0, 2:0:0:0:2, 2:0:0:0:2, 3:0:0:0:1, 3:0:0:0:2, 1:0:0:0:1, 2:0:0:0:2, 3:0:0:0:2, 1:0:0:0:1, 0:0:0:0:0, 4:0:0:1:1, 4:0:1:0:2, 5:0:1:1:1, 2:2:1:0:2, 3:0:0:0:1, 3:0:0:0:1, 0:0:0:0:0, 3:0:0:0:1, 0:0:0:0:0, 2:0:0:0:1, 4:0:0:0:2, 2:0:1:0:0, 107:3:6:2:52
D# minor mel (6#), 1:0:0:0:1, 0:0:0:0:0, 0:0:0:0:0, 1:0:0:0:1, 1:0:0:0:0, 1:0:0:0:1, 0:0:0:0:0, 1:0:1:0:0, 1:0:0:0:1, 1:0:0:0:0, 1:0:0:0:0, 1:0:0:0:0, 1:0:0:0:1, 0:0:0:0:0, 2:0:0:0:1, 4:0:1:0:0, 2:0:0:0:0, 4:1:1:1:2, 1:0:0:0:0, 1:0:0:0:1, 1:0:0:0:0, 1:0:0:0:0, 2:0:0:0:0, 4:0:0:0:0, 3:0:1:0:0, 3:0:0:0:2, 1:0:1:0:0, 3:0:1:0:0, 2:0:0:0:0, 0:0:0:0:0, 1:0:0:0:1, 0:0:0:0:0, 0:0:0:0:0,  ,  ,  ,  ,  ,  ,  ,  ,  ,  ,  ,  ,  ,  ,  ,  ,  ,  ,  ,  ,  ,  ,  ,  ,  ,  ,  ,  ,  ,  ,  ,  ,  ,  ,  ,  ,  ,  ,  ,  ,  ,  ,  ,  ,  ,  ,  ,  ,  ,  ,  ,  ,  ,  ,  ,  ,  ,  ,  ,  ,  ,  ,  ,  , 1:0:0:0:1, 0:0:0:0:0, 1:0:0:0:1, 3:0:0:0:0, 1:0:0:0:1, 0:0:0:0:0,  , 0:0:0:0:0, 1:0:1:0:0, 2:0:0:0:1, 0:0:0:0:0, 2:0:0:0:0, 3:0:0:0:0, 3:0:1:0:0, 3:0:0:0:0, 1:0:0:0:0, 3:0:0:0:0, 2:0:0:0:0, 1:0:0:0:0, 0:0:0:0:0, 2:0:0:0:0, 3:0:0:0:0, 3:0:0:0:0, 2:1:0:0:2, 3:0:1:0:0, 2:0:0:0:1, 0:0:0:0:0, 2:0:0:0:1, 0:0:0:0:0, 2:0:0:0:1, 4:0:1:0:0, 2:0:0:0:1, 97:2:10:1:22
Gb major blues (6b), 1:0:0:0:0, 0:0:0:0:0, 0:0:0:0:0, 1:0:0:0:0, 1:0:0:0:1, 1:0:0:0:0, 0:0:0:0:0, 1:0:0:0:0, 1:0:0:0:0, 2:0:0:0:1, 1:0:0:0:1, 1:0:1:0:0, 1:0:0:0:0, 0:0:0:0:0, 2:0:0:0:1, 4:0:0:0:2, 2:0:0:0:1, 3:0:0:0:3, 1:0:0:0:1, 2:0:0:0:0, 2:0:0:0:1, 1:0:0:0:1, 3:0:0:0:2, 4:0:1:0:2, 4:0:0:0:2, 3:1:0:0:2, 1:0:0:0:0, 3:0:0:0:1, 2:0:0:0:2, 0:0:0:0:0, 1:0:0:0:0, 0:0:0:0:0, 0:0:0:0:0,  ,  ,  ,  ,  ,  ,  ,  ,  ,  ,  ,  ,  ,  ,  ,  ,  ,  ,  ,  ,  ,  ,  ,  ,  ,  ,  ,  ,  ,  ,  ,  ,  ,  ,  ,  ,  ,  ,  ,  ,  ,  ,  ,  ,  ,  ,  ,  ,  ,  ,  ,  ,  ,  ,  ,  ,  ,  ,  ,  ,  ,  ,  ,  , 1:0:0:0:0, 0:0:0:0:0, 1:0:0:0:0, 2:0:0:0:2, 1:0:0:0:0, 0:0:0:0:0,  , 0:0:0:0:0, 1:0:0:0:0, 3:0:0:0:1, 0:0:0:0:0, 2:0:0:0:2, 2:0:0:0:2, 3:0:0:0:1, 3:0:0:0:2, 1:0:0:0:1, 2:0:0:0:2, 3:0:0:0:2, 1:0:0:0:1, 0:0:0:0:0, 4:0:0:1:1, 4:0:1:0:2, 5:0:1:1:1, 2:2:1:0:2, 3:0:0:0:1, 3:0:0:0:1, 0:0:0:0:0, 3:0:0:0:1, 0:0:0:0:0, 2:0:0:0:1, 4:0:0:0:2, 2:0:1:0:0, 107:3:6:2:52
F# major blues (6#), 1:0:0:0:1, 0:0:0:0:0, 0:0:0:0:0, 1:0:0:0:1, 1:0:0:0:0, 1:0:0:0:1, 0:0:0:0:0, 1:0:1:0:0, 1:0:0:0:1, 1:0:0:0:0, 1:0:0:0:0, 1:0:0:0:0, 1:0:0:0:1, 0:0:0:0:0, 2:0:0:0:1, 4:0:1:0:0, 2:0:0:0:0, 4:1:1:1:2, 1:0:0:0:0, 1:0:0:0:1, 1:0:0:0:0, 1:0:0:0:0, 2:0:0:0:0, 4:0:0:0:0, 3:0:1:0:0, 3:0:0:0:2, 1:0:1:0:0, 3:0:1:0:0, 2:0:0:0:0, 0:0:0:0:0, 1:0:0:0:1, 0:0:0:0:0, 0:0:0:0:0,  ,  ,  ,  ,  ,  ,  ,  ,  ,  ,  ,  ,  ,  ,  ,  ,  ,  ,  ,  ,  ,  ,  ,  ,  ,  ,  ,  ,  ,  ,  ,  ,  ,  ,  ,  ,  ,  ,  ,  ,  ,  ,  ,  ,  ,  ,  ,  ,  ,  ,  ,  ,  ,  ,  ,  ,  ,  ,  ,  ,  ,  ,  ,  , 1:0:0:0:1, 0:0:0:0:0, 1:0:0:0:1, 3:0:0:0:0, 1:0:0:0:1, 0:0:0:0:0,  , 0:0:0:0:0, 1:0:1:0:0, 2:0:0:0:1, 0:0:0:0:0, 2:0:0:0:0, 3:0:0:0:0, 3:0:1:0:0, 3:0:0:0:0, 1:0:0:0:0, 3:0:0:0:0, 2:0:0:0:0, 1:0:0:0:0, 0:0:0:0:0, 2:0:0:0:0, 3:0:0:0:0, 3:0:0:0:0, 2:1:0:0:2, 3:0:1:0:0, 2:0:0:0:1, 0:0:0:0:0, 2:0:0:0:1, 0:0:0:0:0, 2:0:0:0:1, 4:0:1:0:0, 2:0:0:0:1, 97:2:10:1:22
Eb minor blues (6b), 1:0:0:0:0, 0:0:0:0:0, 0:0:0:0:0, 1:0:0:0:0, 1:0:0:0:1, 1:0:0:0:0, 0:0:0:0:0, 1:0:0:0:0, 1:0:0:0:0, 2:0:0:0:1, 1:0:0:0:1, 1:0:1:0:0, 1:0:0:0:0, 0:0:0:0:0, 2:0:0:0:1, 4:0:0:0:2, 2:0:0:0:1, 3:0:0:0:3, 1:0:0:0:1, 2:0:0:0:0, 2:0:0:0:1, 1:0:0:0:1, 3:0:0:0:2, 4:0:1:0:2, 4:0:0:0:2, 3:1:0:0:2, 1:0:0:0:0, 3:0:0:0:1, 2:0:0:0:2, 0:0:0:0:0, 1:0:0:0:0, 0:0:0:0:0, 0:0:0:0:0,  ,  ,  ,  ,  ,  ,  ,  ,  ,  ,  ,  ,  ,  ,  ,  ,  ,  ,  ,  ,  ,  ,  ,  ,  ,  ,  ,  ,  ,  ,  ,  ,  ,  ,  ,  ,  ,  ,  ,  ,  ,  ,  ,  ,  ,  ,  ,  ,  ,  ,  ,  ,  ,  ,  ,  ,  ,  ,  ,  ,  ,  ,  ,  , 1:0:0:0:0, 0:0:0:0:0, 1:0:0:0:0, 2:0:0:0:2, 1:0:0:0:0, 0:0:0:0:0,  , 0:0:0:0:0, 1:0:0:0:0, 3:0:0:0:1, 0:0:0:0:0, 2:0:0:0:2, 2:0:0:0:2, 3:0:0:0:1, 3:0:0:0:2, 1:0:0:0:1, 2:0:0:0:2, 3:0:0:0:2, 1:0:0:0:1, 0:0:0:0:0, 4:0:0:1:1, 4:0:1:0:2, 5:0:1:1:1, 2:2:1:0:2, 3:0:0:0:1, 3:0:0:0:1, 0:0:0:0:0, 3:0:0:0:1, 0:0:0:0:0, 2:0:0:0:1, 4:0:0:0:2, 2:0:1:0:0, 107:3:6:2:52
D# minor blues (6#), 1:0:0:0:1, 0:0:0:0:0, 0:0:0:0:0, 1:0:0:0:1, 1:0:0:0:0, 1:0:0:0:1, 0:0:0:0:0, 1:0:1:0:0, 1:0:0:0:1, 1:0:0:0:0, 1:0:0:0:0, 1:0:0:0:0, 1:0:0:0:1, 0:0:0:0:0, 2:0:0:0:1, 4:0:1:0:0, 2:0:0:0:0, 4:1:1:1:2, 1:0:0:0:0, 1:0:0:0:1, 1:0:0:0:0, 1:0:0:0:0, 2:0:0:0:0, 4:0:0:0:0, 3:0:1:0:0, 3:0:0:0:2, 1:0:1:0:0, 3:0:1:0:0, 2:0:0:0:0, 0:0:0:0:0, 1:0:0:0:1, 0:0:0:0:0, 0:0:0:0:0,  ,  ,  ,  ,  ,  ,  ,  ,  ,  ,  ,  ,  ,  ,  ,  ,  ,  ,  ,  ,  ,  ,  ,  ,  ,  ,  ,  ,  ,  ,  ,  ,  ,  ,  ,  ,  ,  ,  ,  ,  ,  ,  ,  ,  ,  ,  ,  ,  ,  ,  ,  ,  ,  ,  ,  ,  ,  ,  ,  ,  ,  ,  ,  , 1:0:0:0:1, 0:0:0:0:0, 1:0:0:0:1, 3:0:0:0:0, 1:0:0:0:1, 0:0:0:0:0,  , 0:0:0:0:0, 1:0:1:0:0, 2:0:0:0:1, 0:0:0:0:0, 2:0:0:0:0, 3:0:0:0:0, 3:0:1:0:0, 3:0:0:0:0, 1:0:0:0:0, 3:0:0:0:0, 2:0:0:0:0, 1:0:0:0:0, 0:0:0:0:0, 2:0:0:0:0, 3:0:0:0:0, 3:0:0:0:0, 2:1:0:0:2, 3:0:1:0:0, 2:0:0:0:1, 0:0:0:0:0, 2:0:0:0:1, 0:0:0:0:0, 2:0:0:0:1, 4:0:1:0:0, 2:0:0:0:1, 97:2:10:1:22
Gb dorian (6b), 1:0:0:0:0, 0:0:0:0:0, 0:0:0:0:0, 1:0:0:0:0, 1:0:0:0:1, 1:0:0:0:0, 0:0:0:0:0, 1:0:0:0:0, 1:0:0:0:0, 2:0:0:0:1, 1:0:0:0:1, 1:0:1:0:0, 1:0:0:0:0, 0:0:0:0:0, 2:0:0:0:1, 4:0:0:0:2, 2:0:0:0:1, 3:0:0:0:3, 1:0:0:0:1, 2:0:0:0:0, 2:0:0:0:1, 1:0:0:0:1, 3:0:0:0:2, 4:0:1:0:2, 4:0:0:0:2, 3:1:0:0:2, 1:0:0:0:0, 3:0:0:0:1, 2:0:0:0:2, 0:0:0:0:0, 1:0:0:0:0, 0:0:0:0:0, 0:0:0:0:0,  ,  ,  ,  ,  ,  ,  ,  ,  ,  ,  ,  ,  ,  ,  ,  ,  ,  ,  ,  ,  ,  ,  ,  ,  ,  ,  ,  ,  ,  ,  ,  ,  ,  ,  ,  ,  ,  ,  ,  ,  ,  ,  ,  ,  ,  ,  ,  ,  ,  ,  ,  ,  ,  ,  ,  ,  ,  ,  ,  ,  ,  ,  ,  , 1:0:0:0:0, 0:0:0:0:0, 1:0:0:0:0, 2:0:0:0:2, 1:0:0:0:0, 0:0:0:0:0,  , 0:0:0:0:0, 1:0:0:0:0, 3:0:0:0:1, 0:0:0:0:0, 2:0:0:0:2, 2:0:0:0:2, 3:0:0:0:1, 3:0:0:0:2, 1:0:0:0:1, 2:0:0:0:2, 3:0:0:0:2, 1:0:0:0:1, 0:0:0:0:0, 4:0:0:1:1, 4:0:1:0:2, 5:0:1:1:1, 2:2:1:0:2, 3:0:0:0:1, 3:0:0:0:1, 0:0:0:0:0, 3:0:0:0:1, 0:0:0:0:0, 2:0:0:0:1, 4:0:0:0:2, 2:0:1:0:0, 107:3:6:2:52
F# dorian (6#), 1:0:0:0:1, 0:0:0:0:0, 0:0:0:0:0, 1:0:0:0:1, 1:0:0:0:0, 1:0:0:0:1, 0:0:0:0:0, 1:0:1:0:0, 1:0:0:0:1, 1:0:0:0:0, 1:0:0:0:0, 1:0:0:0:0, 1:0:0:0:1, 0:0:0:0:0, 2:0:0:0:1, 4:0:1:0:0, 2:0:0:0:0, 4:1:1:1:2, 1:0:0:0:0, 1:0:0:0:1, 1:0:0:0:0, 1:0:0:0:0, 2:0:0:0:0, 4:0:0:0:0, 3:0:1:0:0, 3:0:0:0:2, 1:0:1:0:0, 3:0:1:0:0, 2:0:0:0:0, 0:0:0:0:0, 1:0:0:0:1, 0:0:0:0:0, 0:0:0:0:0,  ,  ,  ,  ,  ,  ,  ,  ,  ,  ,  ,  ,  ,  ,  ,  ,  ,  ,  ,  ,  ,  ,  ,  ,  ,  ,  ,  ,  ,  ,  ,  ,  ,  ,  ,  ,  ,  ,  ,  ,  ,  ,  ,  ,  ,  ,  ,  ,  ,  ,  ,  ,  ,  ,  ,  ,  ,  ,  ,  ,  ,  ,  ,  , 1:0:0:0:1, 0:0:0:0:0, 1:0:0:0:1, 3:0:0:0:0, 1:0:0:0:1, 0:0:0:0:0,  , 0:0:0:0:0, 1:0:1:0:0, 2:0:0:0:1, 0:0:0:0:0, 2:0:0:0:0, 3:0:0:0:0, 3:0:1:0:0, 3:0:0:0:0, 1:0:0:0:0, 3:0:0:0:0, 2:0:0:0:0, 1:0:0:0:0, 0:0:0:0:0, 2:0:0:0:0, 3:0:0:0:0, 3:0:0:0:0, 2:1:0:0:2, 3:0:1:0:0, 2:0:0:0:1, 0:0:0:0:0, 2:0:0:0:1, 0:0:0:0:0, 2:0:0:0:1, 4:0:1:0:0, 2:0:0:0:1, 97:2:10:1:22
Gb phrygian (6b), 1:0:0:0:0, 0:0:0:0:0, 0:0:0:0:0, 1:0:0:0:0, 1:0:0:0:1, 1:0:0:0:0, 0:0:0:0:0, 1:0:0:0:0, 1:0:0:0:0, 2:0:0:0:1, 1:0:0:0:1, 1:0:1:0:0, 1:0:0:0:0, 0:0:0:0:0, 2:0:0:0:1, 4:0:0:0:2, 2:0:0:0:1, 3:0:0:0:3, 1:0:0:0:1, 2:0:0:0:0, 2:0:0:0:1, 1:0:0:0:1, 3:0:0:0:2, 4:0:1:0:2, 4:0:0:0:2, 3:1:0:0:2, 1:0:0:0:0, 3:0:0:0:1, 2:0:0:0:2, 0:0:0:0:0, 1:0:0:0:0, 0:0:0:0:0, 0:0:0:0:0,  ,  ,  ,  ,  ,  ,  ,  ,  ,  ,  ,  ,  ,  ,  ,  ,  ,  ,  ,  ,  ,  ,  ,  ,  ,  ,  ,  ,  ,  ,  ,  ,  ,  ,  ,  ,  ,  ,  ,  ,  ,  ,  ,  ,  ,  ,  ,  ,  ,  ,  ,  ,  ,  ,  ,  ,  ,  ,  ,  ,  ,  ,  ,  , 1:0:0:0:0, 0:0:0:0:0, 1:0:0:0:0, 2:0:0:0:2, 1:0:0:0:0, 0:0:0:0:0,  , 0:0:0:0:0, 1:0:0:0:0, 3:0:0:0:1, 0:0:0:0:0, 2:0:0:0:2, 2:0:0:0:2, 3:0:0:0:1, 3:0:0:0:2, 1:0:0:0:1, 2:0:0:0:2, 3:0:0:0:2, 1:0:0:0:1, 0:0:0:0:0, 4:0:0:1:1, 4:0:1:0:2, 5:0:1:1:1, 2:2:1:0:2, 3:0:0:0:1, 3:0:0:0:1, 0:0:0:0:0, 3:0:0:0:1, 0:0:0:0:0, 2:0:0:0:1, 4:0:0:0:2, 2:0:1:0:0, 107:3:6:2:52
F# phrygian (6#), 1:0:0:0:1, 0:0:0:0:0, 0:0:0:0:0, 1:0:0:0:1, 1:0:0:0:0, 1:0:0:0:1, 0:0:0:0:0, 1:0:1:0:0, 1:0:0:0:1, 1:0:0:0:0, 1:0:0:0:0, 1:0:0:0:0, 1:0:0:0:1, 0:0:0:0:0, 2:0:0:0:1, 4:0:1:0:0, 2:0:0:0:0, 4:1:1:1:2, 1:0:0:0:0, 1:0:0:0:1, 1:0:0:0:0, 1:0:0:0:0, 2:0:0:0:0, 4:0:0:0:0, 3:0:1:0:0, 3:0:0:0:2, 1:0:1:0:0, 3:0:1:0:0, 2:0:0:0:0, 0:0:0:0:0, 1:0:0:0:1, 0:0:0:0:0, 0:0:0:0:0,  ,  ,  ,  ,  ,  ,  ,  ,  ,  ,  ,  ,  ,  ,  ,  ,  ,  ,  ,  ,  ,  ,  ,  ,  ,  ,  ,  ,  ,  ,  ,  ,  ,  ,  ,  ,  ,  ,  ,  ,  ,  ,  ,  ,  ,  ,  ,  ,  ,  ,  ,  ,  ,  ,  ,  ,  ,  ,  ,  ,  ,  ,  ,  , 1:0:0:0:1, 0:0:0:0:0, 1:0:0:0:1, 3:0:0:0:0, 1:0:0:0:1, 0:0:0:0:0,  , 0:0:0:0:0, 1:0:1:0:0, 2:0:0:0:1, 0:0:0:0:0, 2:0:0:0:0, 3:0:0:0:0, 3:0:1:0:0, 3:0:0:0:0, 1:0:0:0:0, 3:0:0:0:0, 2:0:0:0:0, 1:0:0:0:0, 0:0:0:0:0, 2:0:0:0:0, 3:0:0:0:0, 3:0:0:0:0, 2:1:0:0:2, 3:0:1:0:0, 2:0:0:0:1, 0:0:0:0:0, 2:0:0:0:1, 0:0:0:0:0, 2:0:0:0:1, 4:0:1:0:0, 2:0:0:0:1, 97:2:10:1:22
Gb lydian (6b), 1:0:0:0:0, 0:0:0:0:0, 0:0:0:0:0, 1:0:0:0:0, 1:0:0:0:1, 1:0:0:0:0, 0:0:0:0:0, 1:0:0:0:0, 1:0:0:0:0, 2:0:0:0:1, 1:0:0:0:1, 1:0:1:0:0, 1:0:0:0:0, 0:0:0:0:0, 2:0:0:0:1, 4:0:0:0:2, 2:0:0:0:1, 3:0:0:0:3, 1:0:0:0:1, 2:0:0:0:0, 2:0:0:0:1, 1:0:0:0:1, 3:0:0:0:2, 4:0:1:0:2, 4:0:0:0:2, 3:1:0:0:2, 1:0:0:0:0, 3:0:0:0:1, 2:0:0:0:2, 0:0:0:0:0, 1:0:0:0:0, 0:0:0:0:0, 0:0:0:0:0,  ,  ,  ,  ,  ,  ,  ,  ,  ,  ,  ,  ,  ,  ,  ,  ,  ,  ,  ,  ,  ,  ,  ,  ,  ,  ,  ,  ,  ,  ,  ,  ,  ,  ,  ,  ,  ,  ,  ,  ,  ,  ,  ,  ,  ,  ,  ,  ,  ,  ,  ,  ,  ,  ,  ,  ,  ,  ,  ,  ,  ,  ,  ,  , 1:0:0:0:0, 0:0:0:0:0, 1:0:0:0:0, 2:0:0:0:2, 1:0:0:0:0, 0:0:0:0:0,  , 0:0:0:0:0, 1:0:0:0:0, 3:0:0:0:1, 0:0:0:0:0, 2:0:0:0:2, 2:0:0:0:2, 3:0:0:0:1, 3:0:0:0:2, 1:0:0:0:1, 2:0:0:0:2, 3:0:0:0:2, 1:0:0:0:1, 0:0:0:0:0, 4:0:0:1:1, 4:0:1:0:2, 5:0:1:1:1, 2:2:1:0:2, 3:0:0:0:1, 3:0:0:0:1, 0:0:0:0:0, 3:0:0:0:1, 0:0:0:0:0, 2:0:0:0:1, 4:0:0:0:2, 2:0:1:0:0, 107:3:6:2:52
F# lydian (6#), 1:0:0:0:1, 0:0:0:0:0, 0:0:0:0:0, 1:0:0:0:1, 1:0:0:0:0, 1:0:0:0:1, 0:0:0:0:0, 1:0:1:0:0, 1:0:0:0:1, 1:0:0:0:0, 1:0:0:0:0, 1:0:0:0:0, 1:0:0:0:1, 0:0:0:0:0, 2:0:0:0:1, 4:0:1:0:0, 2:0:0:0:0, 4:1:1:1:2, 1:0:0:0:0, 1:0:0:0:1, 1:0:0:0:0, 1:0:0:0:0, 2:0:0:0:0, 4:0:0:0:0, 3:0:1:0:0, 3:0:0:0:2, 1:0:1:0:0, 3:0:1:0:0, 2:0:0:0:0, 0:0:0:0:0, 1:0:0:0:1, 0:0:0:0:0, 0:0:0:0:0,  ,  ,  ,  ,  ,  ,  ,  ,  ,  ,  ,  ,  ,  ,  ,  ,  ,  ,  ,  ,  ,  ,  ,  ,  ,  ,  ,  ,  ,  ,  ,  ,  ,  ,  ,  ,  ,  ,  ,  ,  ,  ,  ,  ,  ,  ,  ,  ,  ,  ,  ,  ,  ,  ,  ,  ,  ,  ,  ,  ,  ,  ,  ,  , 1:0:0:0:1, 0:0:0:0:0, 1:0:0:0:1, 3:0:0:0:0, 1:0:0:0:1, 0:0:0:0:0,  , 0:0:0:0:0, 1:0:1:0:0, 2:0:0:0:1, 0:0:0:0:0, 2:0:0:0:0, 3:0:0:0:0, 3:0:1:0:0, 3:0:0:0:0, 1:0:0:0:0, 3:0:0:0:0, 2:0:0:0:0, 1:0:0:0:0, 0:0:0:0:0, 2:0:0:0:0, 3:0:0:0:0, 3:0:0:0:0, 2:1:0:0:2, 3:0:1:0:0, 2:0:0:0:1, 0:0:0:0:0, 2:0:0:0:1, 0:0:0:0:0, 2:0:0:0:1, 4:0:1:0:0, 2:0:0:0:1, 97:2:10:1:22
Gb mixolydian (6b), 1:0:0:0:0, 0:0:0:0:0, 0:0:0:0:0, 1:0:0:0:0, 1:0:0:0:1, 1:0:0:0:0, 0:0:0:0:0, 1:0:0:0:0, 1:0:0:0:0, 2:0:0:0:1, 1:0:0:0:1, 1:0:1:0:0, 1:0:0:0:0, 0:0:0:0:0, 2:0:0:0:1, 4:0:0:0:2, 2:0:0:0:1, 3:0:0:0:3, 1:0:0:0:1, 2:0:0:0:0, 2:0:0:0:1, 1:0:0:0:1, 3:0:0:0:2, 4:0:1:0:2, 4:0:0:0:2, 3:1:0:0:2, 1:0:0:0:0, 3:0:0:0:1, 2:0:0:0:2, 0:0:0:0:0, 1:0:0:0:0, 0:0:0:0:0, 0:0:0:0:0,  ,  ,  ,  ,  ,  ,  ,  ,  ,  ,  ,  ,  ,  ,  ,  ,  ,  ,  ,  ,  ,  ,  ,  ,  ,  ,  ,  ,  ,  ,  ,  ,  ,  ,  ,  ,  ,  ,  ,  ,  ,  ,  ,  ,  ,  ,  ,  ,  ,  ,  ,  ,  ,  ,  ,  ,  ,  ,  ,  ,  ,  ,  ,  , 1:0:0:0:0, 0:0:0:0:0, 1:0:0:0:0, 2:0:0:0:2, 1:0:0:0:0, 0:0:0:0:0,  , 0:0:0:0:0, 1:0:0:0:0, 3:0:0:0:1, 0:0:0:0:0, 2:0:0:0:2, 2:0:0:0:2, 3:0:0:0:1, 3:0:0:0:2, 1:0:0:0:1, 2:0:0:0:2, 3:0:0:0:2, 1:0:0:0:1, 0:0:0:0:0, 4:0:0:1:1, 4:0:1:0:2, 5:0:1:1:1, 2:2:1:0:2, 3:0:0:0:1, 3:0:0:0:1, 0:0:0:0:0, 3:0:0:0:1, 0:0:0:0:0, 2:0:0:0:1, 4:0:0:0:2, 2:0:1:0:0, 107:3:6:2:52
F# mixolydian (6#), 1:0:0:0:1, 0:0:0:0:0, 0:0:0:0:0, 1:0:0:0:1, 1:0:0:0:0, 1:0:0:0:1, 0:0:0:0:0, 1:0:1:0:0, 1:0:0:0:1, 1:0:0:0:0, 1:0:0:0:0, 1:0:0:0:0, 1:0:0:0:1, 0:0:0:0:0, 2:0:0:0:1, 4:0:1:0:0, 2:0:0:0:0, 4:1:1:1:2, 1:0:0:0:0, 1:0:0:0:1, 1:0:0:0:0, 1:0:0:0:0, 2:0:0:0:0, 4:0:0:0:0, 3:0:1:0:0, 3:0:0:0:2, 1:0:1:0:0, 3:0:1:0:0, 2:0:0:0:0, 0:0:0:0:0, 1:0:0:0:1, 0:0:0:0:0, 0:0:0:0:0,  ,  ,  ,  ,  ,  ,  ,  ,  ,  ,  ,  ,  ,  ,  ,  ,  ,  ,  ,  ,  ,  ,  ,  ,  ,  ,  ,  ,  ,  ,  ,  ,  ,  ,  ,  ,  ,  ,  ,  ,  ,  ,  ,  ,  ,  ,  ,  ,  ,  ,  ,  ,  ,  ,  ,  ,  ,  ,  ,  ,  ,  ,  ,  , 1:0:0:0:1, 0:0:0:0:0, 1:0:0:0:1, 3:0:0:0:0, 1:0:0:0:1, 0:0:0:0:0,  , 0:0:0:0:0, 1:0:1:0:0, 2:0:0:0:1, 0:0:0:0:0, 2:0:0:0:0, 3:0:0:0:0, 3:0:1:0:0, 3:0:0:0:0, 1:0:0:0:0, 3:0:0:0:0, 2:0:0:0:0, 1:0:0:0:0, 0:0:0:0:0, 2:0:0:0:0, 3:0:0:0:0, 3:0:0:0:0, 2:1:0:0:2, 3:0:1:0:0, 2:0:0:0:1, 0:0:0:0:0, 2:0:0:0:1, 0:0:0:0:0, 2:0:0:0:1, 4:0:1:0:0, 2:0:0:0:1, 97:2:10:1:22
Gb aeolian (6b), 1:0:0:0:0, 0:0:0:0:0, 0:0:0:0:0, 1:0:0:0:0, 1:0:0:0:1, 1:0:0:0:0, 0:0:0:0:0, 1:0:0:0:0, 1:0:0:0:0, 2:0:0:0:1, 1:0:0:0:1, 1:0:1:0:0, 1:0:0:0:0, 0:0:0:0:0, 2:0:0:0:1, 4:0:0:0:2, 2:0:0:0:1, 3:0:0:0:3, 1:0:0:0:1, 2:0:0:0:0, 2:0:0:0:1, 1:0:0:0:1, 3:0:0:0:2, 4:0:1:0:2, 4:0:0:0:2, 3:1:0:0:2, 1:0:0:0:0, 3:0:0:0:1, 2:0:0:0:2, 0:0:0:0:0, 1:0:0:0:0, 0:0:0:0:0, 0:0:0:0:0,  ,  ,  ,  ,  ,  ,  ,  ,  ,  ,  ,  ,  ,  ,  ,  ,  ,  ,  ,  ,  ,  ,  ,  ,  ,  ,  ,  ,  ,  ,  ,  ,  ,  ,  ,  ,  ,  ,  ,  ,  ,  ,  ,  ,  ,  ,  ,  ,  ,  ,  ,  ,  ,  ,  ,  ,  ,  ,  ,  ,  ,  ,  ,  , 1:0:0:0:0, 0:0:0:0:0, 1:0:0:0:0, 2:0:0:0:2, 1:0:0:0:0, 0:0:0:0:0,  , 0:0:0:0:0, 1:0:0:0:0, 3:0:0:0:1, 0:0:0:0:0, 2:0:0:0:2, 2:0:0:0:2, 3:0:0:0:1, 3:0:0:0:2, 1:0:0:0:1, 2:0:0:0:2, 3:0:0:0:2, 1:0:0:0:1, 0:0:0:0:0, 4:0:0:1:1, 4:0:1:0:2, 5:0:1:1:1, 2:2:1:0:2, 3:0:0:0:1, 3:0:0:0:1, 0:0:0:0:0, 3:0:0:0:1, 0:0:0:0:0, 2:0:0:0:1, 4:0:0:0:2, 2:0:1:0:0, 107:3:6:2:52
F# aeolian (6#), 1:0:0:0:1, 0:0:0:0:0, 0:0:0:0:0, 1:0:0:0:1, 1:0:0:0:0, 1:0:0:0:1, 0:0:0:0:0, 1:0:1:0:0, 1:0:0:0:1, 1:0:0:0:0, 1:0:0:0:0, 1:0:0:0:0, 1:0:0:0:1, 0:0:0:0:0, 2:0:0:0:1, 4:0:1:0:0, 2:0:0:0:0, 4:1:1:1:2, 1:0:0:0:0, 1:0:0:0:1, 1:0:0:0:0, 1:0:0:0:0, 2:0:0:0:0, 4:0:0:0:0, 3:0:1:0:0, 3:0:0:0:2, 1:0:1:0:0, 3:0:1:0:0, 2:0:0:0:0, 0:0:0:0:0, 1:0:0:0:1, 0:0:0:0:0, 0:0:0:0:0,  ,  ,  ,  ,  ,  ,  ,  ,  ,  ,  ,  ,  ,  ,  ,  ,  ,  ,  ,  ,  ,  ,  ,  ,  ,  ,  ,  ,  ,  ,  ,  ,  ,  ,  ,  ,  ,  ,  ,  ,  ,  ,  ,  ,  ,  ,  ,  ,  ,  ,  ,  ,  ,  ,  ,  ,  ,  ,  ,  ,  ,  ,  ,  , 1:0:0:0:1, 0:0:0:0:0, 1:0:0:0:1, 3:0:0:0:0, 1:0:0:0:1, 0:0:0:0:0,  , 0:0:0:0:0, 1:0:1:0:0, 2:0:0:0:1, 0:0:0:0:0, 2:0:0:0:0, 3:0:0:0:0, 3:0:1:0:0, 3:0:0:0:0, 1:0:0:0:0, 3:0:0:0:0, 2:0:0:0:0, 1:0:0:0:0, 0:0:0:0:0, 2:0:0:0:0, 3:0:0:0:0, 3:0:0:0:0, 2:1:0:0:2, 3:0:1:0:0, 2:0:0:0:1, 0:0:0:0:0, 2:0:0:0:1, 0:0:0:0:0, 2:0:0:0:1, 4:0:1:0:0, 2:0:0:0:1, 97:2:10:1:22
Gb locrian (6b), 1:0:0:0:0, 0:0:0:0:0, 0:0:0:0:0, 1:0:0:0:0, 1:0:0:0:1, 1:0:0:0:0, 0:0:0:0:0, 1:0:0:0:0, 1:0:0:0:0, 2:0:0:0:1, 1:0:0:0:1, 1:0:1:0:0, 1:0:0:0:0, 0:0:0:0:0, 2:0:0:0:1, 4:0:0:0:2, 2:0:0:0:1, 3:0:0:0:3, 1:0:0:0:1, 2:0:0:0:0, 2:0:0:0:1, 1:0:0:0:1, 3:0:0:0:2, 4:0:1:0:2, 4:0:0:0:2, 3:1:0:0:2, 1:0:0:0:0, 3:0:0:0:1, 2:0:0:0:2, 0:0:0:0:0, 1:0:0:0:0, 0:0:0:0:0, 0:0:0:0:0,  ,  ,  ,  ,  ,  ,  ,  ,  ,  ,  ,  ,  ,  ,  ,  ,  ,  ,  ,  ,  ,  ,  ,  ,  ,  ,  ,  ,  ,  ,  ,  ,  ,  ,  ,  ,  ,  ,  ,  ,  ,  ,  ,  ,  ,  ,  ,  ,  ,  ,  ,  ,  ,  ,  ,  ,  ,  ,  ,  ,  ,  ,  ,  , 1:0:0:0:0, 0:0:0:0:0, 1:0:0:0:0, 2:0:0:0:2, 1:0:0:0:0, 0:0:0:0:0,  , 0:0:0:0:0, 1:0:0:0:0, 3:0:0:0:1, 0:0:0:0:0, 2:0:0:0:2, 2:0:0:0:2, 3:0:0:0:1, 3:0:0:0:2, 1:0:0:0:1, 2:0:0:0:2, 3:0:0:0:2, 1:0:0:0:1, 0:0:0:0:0, 4:0:0:1:1, 4:0:1:0:2, 5:0:1:1:1, 2:2:1:0:2, 3:0:0:0:1, 3:0:0:0:1, 0:0:0:0:0, 3:0:0:0:1, 0:0:0:0:0, 2:0:0:0:1, 4:0:0:0:2, 2:0:1:0:0, 107:3:6:2:52
F# locrian (6#), 1:0:0:0:1, 0:0:0:0:0, 0:0:0:0:0, 1:0:0:0:1, 1:0:0:0:0, 1:0:0:0:1, 0:0:0:0:0, 1:0:1:0:0, 1:0:0:0:1, 1:0:0:0:0, 1:0:0:0:0, 1:0:0:0:0, 1:0:0:0:1, 0:0:0:0:0, 2:0:0:0:1, 4:0:1:0:0, 2:0:0:0:0, 4:1:1:1:2, 1:0:0:0:0, 1:0:0:0:1, 1:0:0:0:0, 1:0:0:0:0, 2:0:0:0:0, 4:0:0:0:0, 3:0:1:0:0, 3:0:0:0:2, 1:0:1:0:0, 3:0:1:0:0, 2:0:0:0:0, 0:0:0:0:0, 1:0:0:0:1, 0:0:0:0:0, 0:0:0:0:0,  ,  ,  ,  ,  ,  ,  ,  ,  ,  ,  ,  ,  ,  ,  ,  ,  ,  ,  ,  ,  ,  ,  ,  ,  ,  ,  ,  ,  ,  ,  ,  ,  ,  ,  ,  ,  ,  ,  ,  ,  ,  ,  ,  ,  ,  ,  ,  ,  ,  ,  ,  ,  ,  ,  ,  ,  ,  ,  ,  ,  ,  ,  ,  , 1:0:0:0:1, 0:0:0:0:0, 1:0:0:0:1, 3:0:0:0:0, 1:0:0:0:1, 0:0:0:0:0,  , 0:0:0:0:0, 1:0:1:0:0, 2:0:0:0:1, 0:0:0:0:0, 2:0:0:0:0, 3:0:0:0:0, 3:0:1:0:0, 3:0:0:0:0, 1:0:0:0:0, 3:0:0:0:0, 2:0:0:0:0, 1:0:0:0:0, 0:0:0:0:0, 2:0:0:0:0, 3:0:0:0:0, 3:0:0:0:0, 2:1:0:0:2, 3:0:1:0:0, 2:0:0:0:1, 0:0:0:0:0, 2:0:0:0:1, 0:0:0:0:0, 2:0:0:0:1, 4:0:1:0:0, 2:0:0:0:1, 97:2:10:1:22
Cb major (7b), 1:0:0:0:1, 1:0:0:0:0, 1:0:0:0:0, 2:0:0:0:1, 1:0:0:0:1, 2:0:0:0:1, 1:0:0:0:0, 1:0:0:0:1, 1:0:0:0:1, 2:0:0:0:1, 1:0:0:0:1, 0:0:0:0:0, 1:0:0:0:1, 1:0:0:0:0, 2:0:0:0:2, 3:0:0:0:2, 3:0:0:0:1, 3:0:0:0:2, 0:0:0:0:0, 2:0:0:0:1, 2:0:0:0:1, 1:0:0:0:1, 2:0:0:0:1, 3:0:0:0:2, 4:0:0:0:3, 3:2:1:0:3, 2:0:0:0:1, 4:0:0:0:2, 3:0:0:0:2, 1:0:0:0:0, 1:0:0:0:1, 0:0:0:0:0, 1:0:0:0:0,  ,  ,  ,  ,  ,  ,  ,  ,  ,  ,  ,  ,  ,  ,  ,  ,  ,  ,  ,  ,  ,  ,  ,  ,  ,  ,  ,  ,  ,  ,  ,  ,  ,  ,  ,  ,  ,  ,  ,  ,  ,  ,  ,  ,  ,  ,  ,  ,  ,  ,  ,  ,  ,  ,  ,  ,  ,  ,  ,  ,  ,  ,  ,  , 2:0:0:0:1, 1:0:0:0:0, 2:0:0:0:1, 2:0:0:0:2, 2:0:0:0:1, 0:0:0:0:0,  , 0:0:0:0:0, 1:0:0:0:1, 4:0:0:0:2, 0:0:0:0:0, 1:0:0:0:1, 2:0:0:0:2, 3:0:0:0:2, 3:0:0:0:2, 0:0:0:0:0, 1:0:0:0:1, 2:0:0:0:1, 1:0:0:0:1, 0:0:0:0:0, 4:0:0:1:1, 3:0:0:0:2, 4:0:0:1:1, 3:2:1:0:2, 4:0:0:0:2, 4:0:0:0:2, 0:0:0:0:0, 4:0:0:0:2, 0:0:0:0:0, 3:0:0:0:2, 3:0:0:0:2, 3:0:0:0:1, 118:4:2:2:69
C# major (7#), 0:0:0:0:0, 0:0:0:0:0, 0:0:0:0:0, 0:0:0:0:0, 2:0:0:0:1, 0:0:0:0:0, 0:0:0:0:0, 0:0:0:0:0, 0:0:0:0:0, 2:0:0:0:0, 1:0:0:0:1, 1:0:0:0:0, 0:0:0:0:0, 0:0:0:0:0, 2:1:1:0:1, 3:0:0:0:1, 2:0:0:0:0, 5:1:1:1:2, 1:0:0:0:0, 1:0:0:0:0, 2:0:0:0:0, 1:0:0:0:0, 3:0:0:0:0, 5:0:0:0:1, 2:0:0:0:0, 2:0:0:0:1, 0:0:0:0:0, 2:0:0:0:0, 3:0:0:0:0, 0:0:0:0:0, 1:1:1:0:1, 0:0:0:0:0, 0:0:0:0:0,  ,  ,  ,  ,  ,  ,  ,  ,  ,  ,  ,  ,  ,  ,  ,  ,  ,  ,  ,  ,  ,  ,  ,  ,  ,  ,  ,  ,  ,  ,  ,  ,  ,  ,  ,  ,  ,  ,  ,  ,  ,  ,  ,  ,  ,  ,  ,  ,  ,  ,  ,  ,  ,  ,  ,  ,  ,  ,  ,  ,  ,  ,  ,  , 0:0:0:0:0, 0:0:0:0:0, 0:0:0:0:0, 4:0:0:0:0, 0:0:0:0:0, 0:0:0:0:0,  , 0:0:0:0:0, 0:0:0:0:0, 1:0:0:0:0, 0:0:0:0:0, 3:0:0:0:1, 3:0:0:0:0, 2:0:0:0:0, 4:0:0:0:1, 1:0:0:0:0, 4:0:0:0:1, 2:0:0:0:0, 2:0:0:0:0, 1:0:0:0:0, 3:0:0:0:0, 4:0:0:0:0, 4:0:0:0:1, 2:0:0:0:0, 2:0:0:0:1, 1:0:0:0:0, 0:0:0:0:0, 1:0:0:0:0, 0:0:0:0:0, 1:0:0:0:0, 3:0:0:0:1, 1:0:0:0:0, 90:3:3:1:15
Ab minor (7b), 1:0:0:0:1, 1:0:0:0:0, 1:0:0:0:0, 2:0:0:0:1, 1:0:0:0:1, 2:0:0:0:1, 1:0:0:0:0, 1:0:0:0:1, 1:0:0:0:1, 2:0:0:0:1, 1:0:0:0:1, 0:0:0:0:0, 1:0:0:0:1, 1:0:0:0:0, 2:0:0:0:2, 3:0:0:0:2, 3:0:0:0:1, 3:0:0:0:2, 0:0:0:0:0, 2:0:0:0:1, 2:0:0:0:1, 1:0:0:0:1, 2:0:0:0:1, 3:0:0:0:2, 4:0:0:0:3, 3:2:1:0:3, 2:0:0:0:1, 4:0:0:0:2, 3:0:0:0:2, 1:0:0:0:0, 1:0:0:0:1, 0:0:0:0:0, 1:0:0:0:0,  ,  ,  ,  ,  ,  ,  ,  ,  ,  ,  ,  ,  ,  ,  ,  ,  ,  ,  ,  ,  ,  ,  ,  ,  ,  ,  ,  ,  ,  ,  ,  ,  ,  ,  ,  ,  ,  ,  ,  ,  ,  ,  ,  ,  ,  ,  ,  ,  ,  ,  ,  ,  ,  ,  ,  ,  ,  ,  ,  ,  ,  ,  ,  , 2:0:0:0:1, 1:0:0:0:0, 2:0:0:0:1, 2:0:0:0:2, 2:0:0:0:1, 0:0:0:0:0,  , 0:0:0:0:0, 1:0:0:0:1, 4:0:0:0:2, 0:0:0:0:0, 1:0:0:0:1, 2:0:0:0:2, 3:0:0:0:2, 3:0:0:0:2, 0:0:0:0:0, 1:0:0:0:1, 2:0:0:0:1, 1:0:0:0:1, 0:0:0:0:0, 4:0:0:1:1, 3:0:0:0:2, 4:0:0:1:1, 3:2:1:0:2, 4:0:0:0:2, 4:0:0:0:2, 0:0:0:0:0, 4:0:0:0:2, 0:0:0:0:0, 3:0:0:0:2, 3:0:0:0:2, 3:0:0:0:1, 118:4:2:2:69
A# minor (7#), 0:0:0:0:0, 0:0:0:0:0, 0:0:0:0:0, 0:0:0:0:0, 2:0:0:0:1, 0:0:0:0:0, 0:0:0:0:0, 0:0:0:0:0, 0:0:0:0:0, 2:0:0:0:0, 1:0:0:0:1, 1:0:0:0:0, 0:0:0:0:0, 0:0:0:0:0, 2:1:1:0:1, 3:0:0:0:1, 2:0:0:0:0, 5:1:1:1:2, 1:0:0:0:0, 1:0:0:0:0, 2:0:0:0:0, 1:0:0:0:0, 3:0:0:0:0, 5:0:0:0:1, 2:0:0:0:0, 2:0:0:0:1, 0:0:0:0:0, 2:0:0:0:0, 3:0:0:0:0, 0:0:0:0:0, 1:1:1:0:1, 0:0:0:0:0, 0:0:0:0:0,  ,  ,  ,  ,  ,  ,  ,  ,  ,  ,  ,  ,  ,  ,  ,  ,  ,  ,  ,  ,  ,  ,  ,  ,  ,  ,  ,  ,  ,  ,  ,  ,  ,  ,  ,  ,  ,  ,  ,  ,  ,  ,  ,  ,  ,  ,  ,  ,  ,  ,  ,  ,  ,  ,  ,  ,  ,  ,  ,  ,  ,  ,  ,  , 0:0:0:0:0, 0:0:0:0:0, 0:0:0:0:0, 4:0:0:0:0, 0:0:0:0:0, 0:0:0:0:0,  , 0:0:0:0:0, 0:0:0:0:0, 1:0:0:0:0, 0:0:0:0:0, 3:0:0:0:1, 3:0:0:0:0, 2:0:0:0:0, 4:0:0:0:1, 1:0:0:0:0, 4:0:0:0:1, 2:0:0:0:0, 2:0:0:0:0, 1:0:0:0:0, 3:0:0:0:0, 4:0:0:0:0, 4:0:0:0:1, 2:0:0:0:0, 2:0:0:0:1, 1:0:0:0:0, 0:0:0:0:0, 1:0:0:0:0, 0:0:0:0:0, 1:0:0:0:0, 3:0:0:0:1, 1:0:0:0:0, 90:3:3:1:15
Ab minor mel (7b), 1:0:0:0:1, 1:0:0:0:0, 1:0:0:0:0, 2:0:0:0:1, 1:0:0:0:1, 2:0:0:0:1, 1:0:0:0:0, 1:0:0:0:1, 1:0:0:0:1, 2:0:0:0:1, 1:0:0:0:1, 0:0:0:0:0, 1:0:0:0:1, 1:0:0:0:0, 2:0:0:0:2, 3:0:0:0:2, 3:0:0:0:1, 3:0:0:0:2, 0:0:0:0:0, 2:0:0:0:1, 2:0:0:0:1, 1:0:0:0:1, 2:0:0:0:1, 3:0:0:0:2, 4:0:0:0:3, 3:2:1:0:3, 2:0:0:0:1, 4:0:0:0:2, 3:0:0:0:2, 1:0:0:0:0, 1:0:0:0:1, 0:0:0:0:0, 1:0:0:0:0,  ,  ,  ,  ,  ,  ,  ,  ,  ,  ,  ,  ,  ,  ,  ,  ,  ,  ,  ,  ,  ,  ,  ,  ,  ,  ,  ,  ,  ,  ,  ,  ,  ,  ,  ,  ,  ,  ,  ,  ,  ,  ,  ,  ,  ,  ,  ,  ,  ,  ,  ,  ,  ,  ,  ,  ,  ,  ,  ,  ,  ,  ,  ,  , 2:0:0:0:1, 1:0:0:0:0, 2:0:0:0:1, 2:0:0:0:2, 2:0:0:0:1, 0:0:0:0:0,  , 0:0:0:0:0, 1:0:0:0:1, 4:0:0:0:2, 0:0:0:0:0, 1:0:0:0:1, 2:0:0:0:2, 3:0:0:0:2, 3:0:0:0:2, 0:0:0:0:0, 1:0:0:0:1, 2:0:0:0:1, 1:0:0:0:1, 0:0:0:0:0, 4:0:0:1:1, 3:0:0:0:2, 4:0:0:1:1, 3:2:1:0:2, 4:0:0:0:2, 4:0:0:0:2, 0:0:0:0:0, 4:0:0:0:2, 0:0:0:0:0, 3:0:0:0:2, 3:0:0:0:2, 3:0:0:0:1, 118:4:2:2:69
A# minor mel (7#), 0:0:0:0:0, 0:0:0:0:0, 0:0:0:0:0, 0:0:0:0:0, 2:0:0:0:1, 0:0:0:0:0, 0:0:0:0:0, 0:0:0:0:0, 0:0:0:0:0, 2:0:0:0:0, 1:0:0:0:1, 1:0:0:0:0, 0:0:0:0:0, 0:0:0:0:0, 2:1:1:0:1, 3:0:0:0:1, 2:0:0:0:0, 5:1:1:1:2, 1:0:0:0:0, 1:0:0:0:0, 2:0:0:0:0, 1:0:0:0:0, 3:0:0:0:0, 5:0:0:0:1, 2:0:0:0:0, 2:0:0:0:1, 0:0:0:0:0, 2:0:0:0:0, 3:0:0:0:0, 0:0:0:0:0, 1:1:1:0:1, 0:0:0:0:0, 0:0:0:0:0,  ,  ,  ,  ,  ,  ,  ,  ,  ,  ,  ,  ,  ,  ,  ,  ,  ,  ,  ,  ,  ,  ,  ,  ,  ,  ,  ,  ,  ,  ,  ,  ,  ,  ,  ,  ,  ,  ,  ,  ,  ,  ,  ,  ,  ,  ,  ,  ,  ,  ,  ,  ,  ,  ,  ,  ,  ,  ,  ,  ,  ,  ,  ,  , 0:0:0:0:0, 0:0:0:0:0, 0:0:0:0:0, 4:0:0:0:0, 0:0:0:0:0, 0:0:0:0:0,  , 0:0:0:0:0, 0:0:0:0:0, 1:0:0:0:0, 0:0:0:0:0, 3:0:0:0:1, 3:0:0:0:0, 2:0:0:0:0, 4:0:0:0:1, 1:0:0:0:0, 4:0:0:0:1, 2:0:0:0:0, 2:0:0:0:0, 1:0:0:0:0, 3:0:0:0:0, 4:0:0:0:0, 4:0:0:0:1, 2:0:0:0:0, 2:0:0:0:1, 1:0:0:0:0, 0:0:0:0:0, 1:0:0:0:0, 0:0:0:0:0, 1:0:0:0:0, 3:0:0:0:1, 1:0:0:0:0, 90:3:3:1:15
Cb major blues (7b), 1:0:0:0:1, 1:0:0:0:0, 1:0:0:0:0, 2:0:0:0:1, 1:0:0:0:1, 2:0:0:0:1, 1:0:0:0:0, 1:0:0:0:1, 1:0:0:0:1, 2:0:0:0:1, 1:0:0:0:1, 0:0:0:0:0, 1:0:0:0:1, 1:0:0:0:0, 2:0:0:0:2, 3:0:0:0:2, 3:0:0:0:1, 3:0:0:0:2, 0:0:0:0:0, 2:0:0:0:1, 2:0:0:0:1, 1:0:0:0:1, 2:0:0:0:1, 3:0:0:0:2, 4:0:0:0:3, 3:2:1:0:3, 2:0:0:0:1, 4:0:0:0:2, 3:0:0:0:2, 1:0:0:0:0, 1:0:0:0:1, 0:0:0:0:0, 1:0:0:0:0,  ,  ,  ,  ,  ,  ,  ,  ,  ,  ,  ,  ,  ,  ,  ,  ,  ,  ,  ,  ,  ,  ,  ,  ,  ,  ,  ,  ,  ,  ,  ,  ,  ,  ,  ,  ,  ,  ,  ,  ,  ,  ,  ,  ,  ,  ,  ,  ,  ,  ,  ,  ,  ,  ,  ,  ,  ,  ,  ,  ,  ,  ,  ,  , 2:0:0:0:1, 1:0:0:0:0, 2:0:0:0:1, 2:0:0:0:2, 2:0:0:0:1, 0:0:0:0:0,  , 0:0:0:0:0, 1:0:0:0:1, 4:0:0:0:2, 0:0:0:0:0, 1:0:0:0:1, 2:0:0:0:2, 3:0:0:0:2, 3:0:0:0:2, 0:0:0:0:0, 1:0:0:0:1, 2:0:0:0:1, 1:0:0:0:1, 0:0:0:0:0, 4:0:0:1:1, 3:0:0:0:2, 4:0:0:1:1, 3:2:1:0:2, 4:0:0:0:2, 4:0:0:0:2, 0:0:0:0:0, 4:0:0:0:2, 0:0:0:0:0, 3:0:0:0:2, 3:0:0:0:2, 3:0:0:0:1, 118:4:2:2:69
C# major blues (7#), 0:0:0:0:0, 0:0:0:0:0, 0:0:0:0:0, 0:0:0:0:0, 2:0:0:0:1, 0:0:0:0:0, 0:0:0:0:0, 0:0:0:0:0, 0:0:0:0:0, 2:0:0:0:0, 1:0:0:0:1, 1:0:0:0:0, 0:0:0:0:0, 0:0:0:0:0, 2:1:1:0:1, 3:0:0:0:1, 2:0:0:0:0, 5:1:1:1:2, 1:0:0:0:0, 1:0:0:0:0, 2:0:0:0:0, 1:0:0:0:0, 3:0:0:0:0, 5:0:0:0:1, 2:0:0:0:0, 2:0:0:0:1, 0:0:0:0:0, 2:0:0:0:0, 3:0:0:0:0, 0:0:0:0:0, 1:1:1:0:1, 0:0:0:0:0, 0:0:0:0:0,  ,  ,  ,  ,  ,  ,  ,  ,  ,  ,  ,  ,  ,  ,  ,  ,  ,  ,  ,  ,  ,  ,  ,  ,  ,  ,  ,  ,  ,  ,  ,  ,  ,  ,  ,  ,  ,  ,  ,  ,  ,  ,  ,  ,  ,  ,  ,  ,  ,  ,  ,  ,  ,  ,  ,  ,  ,  ,  ,  ,  ,  ,  ,  , 0:0:0:0:0, 0:0:0:0:0, 0:0:0:0:0, 4:0:0:0:0, 0:0:0:0:0, 0:0:0:0:0,  , 0:0:0:0:0, 0:0:0:0:0, 1:0:0:0:0, 0:0:0:0:0, 3:0:0:0:1, 3:0:0:0:0, 2:0:0:0:0, 4:0:0:0:1, 1:0:0:0:0, 4:0:0:0:1, 2:0:0:0:0, 2:0:0:0:0, 1:0:0:0:0, 3:0:0:0:0, 4:0:0:0:0, 4:0:0:0:1, 2:0:0:0:0, 2:0:0:0:1, 1:0:0:0:0, 0:0:0:0:0, 1:0:0:0:0, 0:0:0:0:0, 1:0:0:0:0, 3:0:0:0:1, 1:0:0:0:0, 90:3:3:1:15
Ab minor blues (7b), 1:0:0:0:1, 1:0:0:0:0, 1:0:0:0:0, 2:0:0:0:1, 1:0:0:0:1, 2:0:0:0:1, 1:0:0:0:0, 1:0:0:0:1, 1:0:0:0:1, 2:0:0:0:1, 1:0:0:0:1, 0:0:0:0:0, 1:0:0:0:1, 1:0:0:0:0, 2:0:0:0:2, 3:0:0:0:2, 3:0:0:0:1, 3:0:0:0:2, 0:0:0:0:0, 2:0:0:0:1, 2:0:0:0:1, 1:0:0:0:1, 2:0:0:0:1, 3:0:0:0:2, 4:0:0:0:3, 3:2:1:0:3, 2:0:0:0:1, 4:0:0:0:2, 3:0:0:0:2, 1:0:0:0:0, 1:0:0:0:1, 0:0:0:0:0, 1:0:0:0:0,  ,  ,  ,  ,  ,  ,  ,  ,  ,  ,  ,  ,  ,  ,  ,  ,  ,  ,  ,  ,  ,  ,  ,  ,  ,  ,  ,  ,  ,  ,  ,  ,  ,  ,  ,  ,  ,  ,  ,  ,  ,  ,  ,  ,  ,  ,  ,  ,  ,  ,  ,  ,  ,  ,  ,  ,  ,  ,  ,  ,  ,  ,  ,  , 2:0:0:0:1, 1:0:0:0:0, 2:0:0:0:1, 2:0:0:0:2, 2:0:0:0:1, 0:0:0:0:0,  , 0:0:0:0:0, 1:0:0:0:1, 4:0:0:0:2, 0:0:0:0:0, 1:0:0:0:1, 2:0:0:0:2, 3:0:0:0:2, 3:0:0:0:2, 0:0:0:0:0, 1:0:0:0:1, 2:0:0:0:1, 1:0:0:0:1, 0:0:0:0:0, 4:0:0:1:1, 3:0:0:0:2, 4:0:0:1:1, 3:2:1:0:2, 4:0:0:0:2, 4:0:0:0:2, 0:0:0:0:0, 4:0:0:0:2, 0:0:0:0:0, 3:0:0:0:2, 3:0:0:0:2, 3:0:0:0:1, 118:4:2:2:69
A# minor blues (7#), 0:0:0:0:0, 0:0:0:0:0, 0:0:0:0:0, 0:0:0:0:0, 2:0:0:0:1, 0:0:0:0:0, 0:0:0:0:0, 0:0:0:0:0, 0:0:0:0:0, 2:0:0:0:0, 1:0:0:0:1, 1:0:0:0:0, 0:0:0:0:0, 0:0:0:0:0, 2:1:1:0:1, 3:0:0:0:1, 2:0:0:0:0, 5:1:1:1:2, 1:0:0:0:0, 1:0:0:0:0, 2:0:0:0:0, 1:0:0:0:0, 3:0:0:0:0, 5:0:0:0:1, 2:0:0:0:0, 2:0:0:0:1, 0:0:0:0:0, 2:0:0:0:0, 3:0:0:0:0, 0:0:0:0:0, 1:1:1:0:1, 0:0:0:0:0, 0:0:0:0:0,  ,  ,  ,  ,  ,  ,  ,  ,  ,  ,  ,  ,  ,  ,  ,  ,  ,  ,  ,  ,  ,  ,  ,  ,  ,  ,  ,  ,  ,  ,  ,  ,  ,  ,  ,  ,  ,  ,  ,  ,  ,  ,  ,  ,  ,  ,  ,  ,  ,  ,  ,  ,  ,  ,  ,  ,  ,  ,  ,  ,  ,  ,  ,  , 0:0:0:0:0, 0:0:0:0:0, 0:0:0:0:0, 4:0:0:0:0, 0:0:0:0:0, 0:0:0:0:0,  , 0:0:0:0:0, 0:0:0:0:0, 1:0:0:0:0, 0:0:0:0:0, 3:0:0:0:1, 3:0:0:0:0, 2:0:0:0:0, 4:0:0:0:1, 1:0:0:0:0, 4:0:0:0:1, 2:0:0:0:0, 2:0:0:0:0, 1:0:0:0:0, 3:0:0:0:0, 4:0:0:0:0, 4:0:0:0:1, 2:0:0:0:0, 2:0:0:0:1, 1:0:0:0:0, 0:0:0:0:0, 1:0:0:0:0, 0:0:0:0:0, 1:0:0:0:0, 3:0:0:0:1, 1:0:0:0:0, 90:3:3:1:15
Cb dorian (7b), 1:0:0:0:1, 1:0:0:0:0, 1:0:0:0:0, 2:0:0:0:1, 1:0:0:0:1, 2:0:0:0:1, 1:0:0:0:0, 1:0:0:0:1, 1:0:0:0:1, 2:0:0:0:1, 1:0:0:0:1, 0:0:0:0:0, 1:0:0:0:1, 1:0:0:0:0, 2:0:0:0:2, 3:0:0:0:2, 3:0:0:0:1, 3:0:0:0:2, 0:0:0:0:0, 2:0:0:0:1, 2:0:0:0:1, 1:0:0:0:1, 2:0:0:0:1, 3:0:0:0:2, 4:0:0:0:3, 3:2:1:0:3, 2:0:0:0:1, 4:0:0:0:2, 3:0:0:0:2, 1:0:0:0:0, 1:0:0:0:1, 0:0:0:0:0, 1:0:0:0:0,  ,  ,  ,  ,  ,  ,  ,  ,  ,  ,  ,  ,  ,  ,  ,  ,  ,  ,  ,  ,  ,  ,  ,  ,  ,  ,  ,  ,  ,  ,  ,  ,  ,  ,  ,  ,  ,  ,  ,  ,  ,  ,  ,  ,  ,  ,  ,  ,  ,  ,  ,  ,  ,  ,  ,  ,  ,  ,  ,  ,  ,  ,  ,  , 2:0:0:0:1, 1:0:0:0:0, 2:0:0:0:1, 2:0:0:0:2, 2:0:0:0:1, 0:0:0:0:0,  , 0:0:0:0:0, 1:0:0:0:1, 4:0:0:0:2, 0:0:0:0:0, 1:0:0:0:1, 2:0:0:0:2, 3:0:0:0:2, 3:0:0:0:2, 0:0:0:0:0, 1:0:0:0:1, 2:0:0:0:1, 1:0:0:0:1, 0:0:0:0:0, 4:0:0:1:1, 3:0:0:0:2, 4:0:0:1:1, 3:2:1:0:2, 4:0:0:0:2, 4:0:0:0:2, 0:0:0:0:0, 4:0:0:0:2, 0:0:0:0:0, 3:0:0:0:2, 3:0:0:0:2, 3:0:0:0:1, 118:4:2:2:69
C# dorian (7#), 0:0:0:0:0, 0:0:0:0:0, 0:0:0:0:0, 0:0:0:0:0, 2:0:0:0:1, 0:0:0:0:0, 0:0:0:0:0, 0:0:0:0:0, 0:0:0:0:0, 2:0:0:0:0, 1:0:0:0:1, 1:0:0:0:0, 0:0:0:0:0, 0:0:0:0:0, 2:1:1:0:1, 3:0:0:0:1, 2:0:0:0:0, 5:1:1:1:2, 1:0:0:0:0, 1:0:0:0:0, 2:0:0:0:0, 1:0:0:0:0, 3:0:0:0:0, 5:0:0:0:1, 2:0:0:0:0, 2:0:0:0:1, 0:0:0:0:0, 2:0:0:0:0, 3:0:0:0:0, 0:0:0:0:0, 1:1:1:0:1, 0:0:0:0:0, 0:0:0:0:0,  ,  ,  ,  ,  ,  ,  ,  ,  ,  ,  ,  ,  ,  ,  ,  ,  ,  ,  ,  ,  ,  ,  ,  ,  ,  ,  ,  ,  ,  ,  ,  ,  ,  ,  ,  ,  ,  ,  ,  ,  ,  ,  ,  ,  ,  ,  ,  ,  ,  ,  ,  ,  ,  ,  ,  ,  ,  ,  ,  ,  ,  ,  ,  , 0:0:0:0:0, 0:0:0:0:0, 0:0:0:0:0, 4:0:0:0:0, 0:0:0:0:0, 0:0:0:0:0,  , 0:0:0:0:0, 0:0:0:0:0, 1:0:0:0:0, 0:0:0:0:0, 3:0:0:0:1, 3:0:0:0:0, 2:0:0:0:0, 4:0:0:0:1, 1:0:0:0:0, 4:0:0:0:1, 2:0:0:0:0, 2:0:0:0:0, 1:0:0:0:0, 3:0:0:0:0, 4:0:0:0:0, 4:0:0:0:1, 2:0:0:0:0, 2:0:0:0:1, 1:0:0:0:0, 0:0:0:0:0, 1:0:0:0:0, 0:0:0:0:0, 1:0:0:0:0, 3:0:0:0:1, 1:0:0:0:0, 90:3:3:1:15
Cb phrygian (7b), 1:0:0:0:1, 1:0:0:0:0, 1:0:0:0:0, 2:0:0:0:1, 1:0:0:0:1, 2:0:0:0:1, 1:0:0:0:0, 1:0:0:0:1, 1:0:0:0:1, 2:0:0:0:1, 1:0:0:0:1, 0:0:0:0:0, 1:0:0:0:1, 1:0:0:0:0, 2:0:0:0:2, 3:0:0:0:2, 3:0:0:0:1, 3:0:0:0:2, 0:0:0:0:0, 2:0:0:0:1, 2:0:0:0:1, 1:0:0:0:1, 2:0:0:0:1, 3:0:0:0:2, 4:0:0:0:3, 3:2:1:0:3, 2:0:0:0:1, 4:0:0:0:2, 3:0:0:0:2, 1:0:0:0:0, 1:0:0:0:1, 0:0:0:0:0, 1:0:0:0:0,  ,  ,  ,  ,  ,  ,  ,  ,  ,  ,  ,  ,  ,  ,  ,  ,  ,  ,  ,  ,  ,  ,  ,  ,  ,  ,  ,  ,  ,  ,  ,  ,  ,  ,  ,  ,  ,  ,  ,  ,  ,  ,  ,  ,  ,  ,  ,  ,  ,  ,  ,  ,  ,  ,  ,  ,  ,  ,  ,  ,  ,  ,  ,  , 2:0:0:0:1, 1:0:0:0:0, 2:0:0:0:1, 2:0:0:0:2, 2:0:0:0:1, 0:0:0:0:0,  , 0:0:0:0:0, 1:0:0:0:1, 4:0:0:0:2, 0:0:0:0:0, 1:0:0:0:1, 2:0:0:0:2, 3:0:0:0:2, 3:0:0:0:2, 0:0:0:0:0, 1:0:0:0:1, 2:0:0:0:1, 1:0:0:0:1, 0:0:0:0:0, 4:0:0:1:1, 3:0:0:0:2, 4:0:0:1:1, 3:2:1:0:2, 4:0:0:0:2, 4:0:0:0:2, 0:0:0:0:0, 4:0:0:0:2, 0:0:0:0:0, 3:0:0:0:2, 3:0:0:0:2, 3:0:0:0:1, 118:4:2:2:69
C# phrygian (7#), 0:0:0:0:0, 0:0:0:0:0, 0:0:0:0:0, 0:0:0:0:0, 2:0:0:0:1, 0:0:0:0:0, 0:0:0:0:0, 0:0:0:0:0, 0:0:0:0:0, 2:0:0:0:0, 1:0:0:0:1, 1:0:0:0:0, 0:0:0:0:0, 0:0:0:0:0, 2:1:1:0:1, 3:0:0:0:1, 2:0:0:0:0, 5:1:1:1:2, 1:0:0:0:0, 1:0:0:0:0, 2:0:0:0:0, 1:0:0:0:0, 3:0:0:0:0, 5:0:0:0:1, 2:0:0:0:0, 2:0:0:0:1, 0:0:0:0:0, 2:0:0:0:0, 3:0:0:0:0, 0:0:0:0:0, 1:1:1:0:1, 0:0:0:0:0, 0:0:0:0:0,  ,  ,  ,  ,  ,  ,  ,  ,  ,  ,  ,  ,  ,  ,  ,  ,  ,  ,  ,  ,  ,  ,  ,  ,  ,  ,  ,  ,  ,  ,  ,  ,  ,  ,  ,  ,  ,  ,  ,  ,  ,  ,  ,  ,  ,  ,  ,  ,  ,  ,  ,  ,  ,  ,  ,  ,  ,  ,  ,  ,  ,  ,  ,  , 0:0:0:0:0, 0:0:0:0:0, 0:0:0:0:0, 4:0:0:0:0, 0:0:0:0:0, 0:0:0:0:0,  , 0:0:0:0:0, 0:0:0:0:0, 1:0:0:0:0, 0:0:0:0:0, 3:0:0:0:1, 3:0:0:0:0, 2:0:0:0:0, 4:0:0:0:1, 1:0:0:0:0, 4:0:0:0:1, 2:0:0:0:0, 2:0:0:0:0, 1:0:0:0:0, 3:0:0:0:0, 4:0:0:0:0, 4:0:0:0:1, 2:0:0:0:0, 2:0:0:0:1, 1:0:0:0:0, 0:0:0:0:0, 1:0:0:0:0, 0:0:0:0:0, 1:0:0:0:0, 3:0:0:0:1, 1:0:0:0:0, 90:3:3:1:15
Cb lydian (7b), 1:0:0:0:1, 1:0:0:0:0, 1:0:0:0:0, 2:0:0:0:1, 1:0:0:0:1, 2:0:0:0:1, 1:0:0:0:0, 1:0:0:0:1, 1:0:0:0:1, 2:0:0:0:1, 1:0:0:0:1, 0:0:0:0:0, 1:0:0:0:1, 1:0:0:0:0, 2:0:0:0:2, 3:0:0:0:2, 3:0:0:0:1, 3:0:0:0:2, 0:0:0:0:0, 2:0:0:0:1, 2:0:0:0:1, 1:0:0:0:1, 2:0:0:0:1, 3:0:0:0:2, 4:0:0:0:3, 3:2:1:0:3, 2:0:0:0:1, 4:0:0:0:2, 3:0:0:0:2, 1:0:0:0:0, 1:0:0:0:1, 0:0:0:0:0, 1:0:0:0:0,  ,  ,  ,  ,  ,  ,  ,  ,  ,  ,  ,  ,  ,  ,  ,  ,  ,  ,  ,  ,  ,  ,  ,  ,  ,  ,  ,  ,  ,  ,  ,  ,  ,  ,  ,  ,  ,  ,  ,  ,  ,  ,  ,  ,  ,  ,  ,  ,  ,  ,  ,  ,  ,  ,  ,  ,  ,  ,  ,  ,  ,  ,  ,  , 2:0:0:0:1, 1:0:0:0:0, 2:0:0:0:1, 2:0:0:0:2, 2:0:0:0:1, 0:0:0:0:0,  , 0:0:0:0:0, 1:0:0:0:1, 4:0:0:0:2, 0:0:0:0:0, 1:0:0:0:1, 2:0:0:0:2, 3:0:0:0:2, 3:0:0:0:2, 0:0:0:0:0, 1:0:0:0:1, 2:0:0:0:1, 1:0:0:0:1, 0:0:0:0:0, 4:0:0:1:1, 3:0:0:0:2, 4:0:0:1:1, 3:2:1:0:2, 4:0:0:0:2, 4:0:0:0:2, 0:0:0:0:0, 4:0:0:0:2, 0:0:0:0:0, 3:0:0:0:2, 3:0:0:0:2, 3:0:0:0:1, 118:4:2:2:69
C# lydian (7#), 0:0:0:0:0, 0:0:0:0:0, 0:0:0:0:0, 0:0:0:0:0, 2:0:0:0:1, 0:0:0:0:0, 0:0:0:0:0, 0:0:0:0:0, 0:0:0:0:0, 2:0:0:0:0, 1:0:0:0:1, 1:0:0:0:0, 0:0:0:0:0, 0:0:0:0:0, 2:1:1:0:1, 3:0:0:0:1, 2:0:0:0:0, 5:1:1:1:2, 1:0:0:0:0, 1:0:0:0:0, 2:0:0:0:0, 1:0:0:0:0, 3:0:0:0:0, 5:0:0:0:1, 2:0:0:0:0, 2:0:0:0:1, 0:0:0:0:0, 2:0:0:0:0, 3:0:0:0:0, 0:0:0:0:0, 1:1:1:0:1, 0:0:0:0:0, 0:0:0:0:0,  ,  ,  ,  ,  ,  ,  ,  ,  ,  ,  ,  ,  ,  ,  ,  ,  ,  ,  ,  ,  ,  ,  ,  ,  ,  ,  ,  ,  ,  ,  ,  ,  ,  ,  ,  ,  ,  ,  ,  ,  ,  ,  ,  ,  ,  ,  ,  ,  ,  ,  ,  ,  ,  ,  ,  ,  ,  ,  ,  ,  ,  ,  ,  , 0:0:0:0:0, 0:0:0:0:0, 0:0:0:0:0, 4:0:0:0:0, 0:0:0:0:0, 0:0:0:0:0,  , 0:0:0:0:0, 0:0:0:0:0, 1:0:0:0:0, 0:0:0:0:0, 3:0:0:0:1, 3:0:0:0:0, 2:0:0:0:0, 4:0:0:0:1, 1:0:0:0:0, 4:0:0:0:1, 2:0:0:0:0, 2:0:0:0:0, 1:0:0:0:0, 3:0:0:0:0, 4:0:0:0:0, 4:0:0:0:1, 2:0:0:0:0, 2:0:0:0:1, 1:0:0:0:0, 0:0:0:0:0, 1:0:0:0:0, 0:0:0:0:0, 1:0:0:0:0, 3:0:0:0:1, 1:0:0:0:0, 90:3:3:1:15
Cb mixolydian (7b), 1:0:0:0:1, 1:0:0:0:0, 1:0:0:0:0, 2:0:0:0:1, 1:0:0:0:1, 2:0:0:0:1, 1:0:0:0:0, 1:0:0:0:1, 1:0:0:0:1, 2:0:0:0:1, 1:0:0:0:1, 0:0:0:0:0, 1:0:0:0:1, 1:0:0:0:0, 2:0:0:0:2, 3:0:0:0:2, 3:0:0:0:1, 3:0:0:0:2, 0:0:0:0:0, 2:0:0:0:1, 2:0:0:0:1, 1:0:0:0:1, 2:0:0:0:1, 3:0:0:0:2, 4:0:0:0:3, 3:2:1:0:3, 2:0:0:0:1, 4:0:0:0:2, 3:0:0:0:2, 1:0:0:0:0, 1:0:0:0:1, 0:0:0:0:0, 1:0:0:0:0,  ,  ,  ,  ,  ,  ,  ,  ,  ,  ,  ,  ,  ,  ,  ,  ,  ,  ,  ,  ,  ,  ,  ,  ,  ,  ,  ,  ,  ,  ,  ,  ,  ,  ,  ,  ,  ,  ,  ,  ,  ,  ,  ,  ,  ,  ,  ,  ,  ,  ,  ,  ,  ,  ,  ,  ,  ,  ,  ,  ,  ,  ,  ,  , 2:0:0:0:1, 1:0:0:0:0, 2:0:0:0:1, 2:0:0:0:2, 2:0:0:0:1, 0:0:0:0:0,  , 0:0:0:0:0, 1:0:0:0:1, 4:0:0:0:2, 0:0:0:0:0, 1:0:0:0:1, 2:0:0:0:2, 3:0:0:0:2, 3:0:0:0:2, 0:0:0:0:0, 1:0:0:0:1, 2:0:0:0:1, 1:0:0:0:1, 0:0:0:0:0, 4:0:0:1:1, 3:0:0:0:2, 4:0:0:1:1, 3:2:1:0:2, 4:0:0:0:2, 4:0:0:0:2, 0:0:0:0:0, 4:0:0:0:2, 0:0:0:0:0, 3:0:0:0:2, 3:0:0:0:2, 3:0:0:0:1, 118:4:2:2:69
C# mixolydian (7#), 0:0:0:0:0, 0:0:0:0:0, 0:0:0:0:0, 0:0:0:0:0, 2:0:0:0:1, 0:0:0:0:0, 0:0:0:0:0, 0:0:0:0:0, 0:0:0:0:0, 2:0:0:0:0, 1:0:0:0:1, 1:0:0:0:0, 0:0:0:0:0, 0:0:0:0:0, 2:1:1:0:1, 3:0:0:0:1, 2:0:0:0:0, 5:1:1:1:2, 1:0:0:0:0, 1:0:0:0:0, 2:0:0:0:0, 1:0:0:0:0, 3:0:0:0:0, 5:0:0:0:1, 2:0:0:0:0, 2:0:0:0:1, 0:0:0:0:0, 2:0:0:0:0, 3:0:0:0:0, 0:0:0:0:0, 1:1:1:0:1, 0:0:0:0:0, 0:0:0:0:0,  ,  ,  ,  ,  ,  ,  ,  ,  ,  ,  ,  ,  ,  ,  ,  ,  ,  ,  ,  ,  ,  ,  ,  ,  ,  ,  ,  ,  ,  ,  ,  ,  ,  ,  ,  ,  ,  ,  ,  ,  ,  ,  ,  ,  ,  ,  ,  ,  ,  ,  ,  ,  ,  ,  ,  ,  ,  ,  ,  ,  ,  ,  ,  , 0:0:0:0:0, 0:0:0:0:0, 0:0:0:0:0, 4:0:0:0:0, 0:0:0:0:0, 0:0:0:0:0,  , 0:0:0:0:0, 0:0:0:0:0, 1:0:0:0:0, 0:0:0:0:0, 3:0:0:0:1, 3:0:0:0:0, 2:0:0:0:0, 4:0:0:0:1, 1:0:0:0:0, 4:0:0:0:1, 2:0:0:0:0, 2:0:0:0:0, 1:0:0:0:0, 3:0:0:0:0, 4:0:0:0:0, 4:0:0:0:1, 2:0:0:0:0, 2:0:0:0:1, 1:0:0:0:0, 0:0:0:0:0, 1:0:0:0:0, 0:0:0:0:0, 1:0:0:0:0, 3:0:0:0:1, 1:0:0:0:0, 90:3:3:1:15
Cb aeolian (7b), 1:0:0:0:1, 1:0:0:0:0, 1:0:0:0:0, 2:0:0:0:1, 1:0:0:0:1, 2:0:0:0:1, 1:0:0:0:0, 1:0:0:0:1, 1:0:0:0:1, 2:0:0:0:1, 1:0:0:0:1, 0:0:0:0:0, 1:0:0:0:1, 1:0:0:0:0, 2:0:0:0:2, 3:0:0:0:2, 3:0:0:0:1, 3:0:0:0:2, 0:0:0:0:0, 2:0:0:0:1, 2:0:0:0:1, 1:0:0:0:1, 2:0:0:0:1, 3:0:0:0:2, 4:0:0:0:3, 3:2:1:0:3, 2:0:0:0:1, 4:0:0:0:2, 3:0:0:0:2, 1:0:0:0:0, 1:0:0:0:1, 0:0:0:0:0, 1:0:0:0:0,  ,  ,  ,  ,  ,  ,  ,  ,  ,  ,  ,  ,  ,  ,  ,  ,  ,  ,  ,  ,  ,  ,  ,  ,  ,  ,  ,  ,  ,  ,  ,  ,  ,  ,  ,  ,  ,  ,  ,  ,  ,  ,  ,  ,  ,  ,  ,  ,  ,  ,  ,  ,  ,  ,  ,  ,  ,  ,  ,  ,  ,  ,  ,  , 2:0:0:0:1, 1:0:0:0:0, 2:0:0:0:1, 2:0:0:0:2, 2:0:0:0:1, 0:0:0:0:0,  , 0:0:0:0:0, 1:0:0:0:1, 4:0:0:0:2, 0:0:0:0:0, 1:0:0:0:1, 2:0:0:0:2, 3:0:0:0:2, 3:0:0:0:2, 0:0:0:0:0, 1:0:0:0:1, 2:0:0:0:1, 1:0:0:0:1, 0:0:0:0:0, 4:0:0:1:1, 3:0:0:0:2, 4:0:0:1:1, 3:2:1:0:2, 4:0:0:0:2, 4:0:0:0:2, 0:0:0:0:0, 4:0:0:0:2, 0:0:0:0:0, 3:0:0:0:2, 3:0:0:0:2, 3:0:0:0:1, 118:4:2:2:69
C# aeolian (7#), 0:0:0:0:0, 0:0:0:0:0, 0:0:0:0:0, 0:0:0:0:0, 2:0:0:0:1, 0:0:0:0:0, 0:0:0:0:0, 0:0:0:0:0, 0:0:0:0:0, 2:0:0:0:0, 1:0:0:0:1, 1:0:0:0:0, 0:0:0:0:0, 0:0:0:0:0, 2:1:1:0:1, 3:0:0:0:1, 2:0:0:0:0, 5:1:1:1:2, 1:0:0:0:0, 1:0:0:0:0, 2:0:0:0:0, 1:0:0:0:0, 3:0:0:0:0, 5:0:0:0:1, 2:0:0:0:0, 2:0:0:0:1, 0:0:0:0:0, 2:0:0:0:0, 3:0:0:0:0, 0:0:0:0:0, 1:1:1:0:1, 0:0:0:0:0, 0:0:0:0:0,  ,  ,  ,  ,  ,  ,  ,  ,  ,  ,  ,  ,  ,  ,  ,  ,  ,  ,  ,  ,  ,  ,  ,  ,  ,  ,  ,  ,  ,  ,  ,  ,  ,  ,  ,  ,  ,  ,  ,  ,  ,  ,  ,  ,  ,  ,  ,  ,  ,  ,  ,  ,  ,  ,  ,  ,  ,  ,  ,  ,  ,  ,  ,  , 0:0:0:0:0, 0:0:0:0:0, 0:0:0:0:0, 4:0:0:0:0, 0:0:0:0:0, 0:0:0:0:0,  , 0:0:0:0:0, 0:0:0:0:0, 1:0:0:0:0, 0:0:0:0:0, 3:0:0:0:1, 3:0:0:0:0, 2:0:0:0:0, 4:0:0:0:1, 1:0:0:0:0, 4:0:0:0:1, 2:0:0:0:0, 2:0:0:0:0, 1:0:0:0:0, 3:0:0:0:0, 4:0:0:0:0, 4:0:0:0:1, 2:0:0:0:0, 2:0:0:0:1, 1:0:0:0:0, 0:0:0:0:0, 1:0:0:0:0, 0:0:0:0:0, 1:0:0:0:0, 3:0:0:0:1, 1:0:0:0:0, 90:3:3:1:15
Cb locrian (7b), 1:0:0:0:1, 1:0:0:0:0, 1:0:0:0:0, 2:0:0:0:1, 1:0:0:0:1, 2:0:0:0:1, 1:0:0:0:0, 1:0:0:0:1, 1:0:0:0:1, 2:0:0:0:1, 1:0:0:0:1, 0:0:0:0:0, 1:0:0:0:1, 1:0:0:0:0, 2:0:0:0:2, 3:0:0:0:2, 3:0:0:0:1, 3:0:0:0:2, 0:0:0:0:0, 2:0:0:0:1, 2:0:0:0:1, 1:0:0:0:1, 2:0:0:0:1, 3:0:0:0:2, 4:0:0:0:3, 3:2:1:0:3, 2:0:0:0:1, 4:0:0:0:2, 3:0:0:0:2, 1:0:0:0:0, 1:0:0:0:1, 0:0:0:0:0, 1:0:0:0:0,  ,  ,  ,  ,  ,  ,  ,  ,  ,  ,  ,  ,  ,  ,  ,  ,  ,  ,  ,  ,  ,  ,  ,  ,  ,  ,  ,  ,  ,  ,  ,  ,  ,  ,  ,  ,  ,  ,  ,  ,  ,  ,  ,  ,  ,  ,  ,  ,  ,  ,  ,  ,  ,  ,  ,  ,  ,  ,  ,  ,  ,  ,  ,  , 2:0:0:0:1, 1:0:0:0:0, 2:0:0:0:1, 2:0:0:0:2, 2:0:0:0:1, 0:0:0:0:0,  , 0:0:0:0:0, 1:0:0:0:1, 4:0:0:0:2, 0:0:0:0:0, 1:0:0:0:1, 2:0:0:0:2, 3:0:0:0:2, 3:0:0:0:2, 0:0:0:0:0, 1:0:0:0:1, 2:0:0:0:1, 1:0:0:0:1, 0:0:0:0:0, 4:0:0:1:1, 3:0:0:0:2, 4:0:0:1:1, 3:2:1:0:2, 4:0:0:0:2, 4:0:0:0:2, 0:0:0:0:0, 4:0:0:0:2, 0:0:0:0:0, 3:0:0:0:2, 3:0:0:0:2, 3:0:0:0:1, 118:4:2:2:69
C# locrian (7#), 0:0:0:0:0, 0:0:0:0:0, 0:0:0:0:0, 0:0:0:0:0, 2:0:0:0:1, 0:0:0:0:0, 0:0:0:0:0, 0:0:0:0:0, 0:0:0:0:0, 2:0:0:0:0, 1:0:0:0:1, 1:0:0:0:0, 0:0:0:0:0, 0:0:0:0:0, 2:1:1:0:1, 3:0:0:0:1, 2:0:0:0:0, 5:1:1:1:2, 1:0:0:0:0, 1:0:0:0:0, 2:0:0:0:0, 1:0:0:0:0, 3:0:0:0:0, 5:0:0:0:1, 2:0:0:0:0, 2:0:0:0:1, 0:0:0:0:0, 2:0:0:0:0, 3:0:0:0:0, 0:0:0:0:0, 1:1:1:0:1, 0:0:0:0:0, 0:0:0:0:0,  ,  ,  ,  ,  ,  ,  ,  ,  ,  ,  ,  ,  ,  ,  ,  ,  ,  ,  ,  ,  ,  ,  ,  ,  ,  ,  ,  ,  ,  ,  ,  ,  ,  ,  ,  ,  ,  ,  ,  ,  ,  ,  ,  ,  ,  ,  ,  ,  ,  ,  ,  ,  ,  ,  ,  ,  ,  ,  ,  ,  ,  ,  ,  , 0:0:0:0:0, 0:0:0:0:0, 0:0:0:0:0, 4:0:0:0:0, 0:0:0:0:0, 0:0:0:0:0,  , 0:0:0:0:0, 0:0:0:0:0, 1:0:0:0:0, 0:0:0:0:0, 3:0:0:0:1, 3:0:0:0:0, 2:0:0:0:0, 4:0:0:0:1, 1:0:0:0:0, 4:0:0:0:1, 2:0:0:0:0, 2:0:0:0:0, 1:0:0:0:0, 3:0:0:0:0, 4:0:0:0:0, 4:0:0:0:1, 2:0:0:0:0, 2:0:0:0:1, 1:0:0:0:0, 0:0:0:0:0, 1:0:0:0:0, 0:0:0:0:0, 1:0:0:0:0, 3:0:0:0:1, 1:0:0:0:0, 90:3:3:1:15
