 , 0, 1, 2, 3, 4, 5, 6, 7, 8, 9, 10, 11, 12, 13, 14, 15, 16, 17, 18, 19, 20, 21, 22, 23, 24, 25, 26, 27, 28, 29, 30, 31, 32, 33, 34, 35, 36, 37, 38, 39, 40, 41, 42, 43, 44, 45, 46, 47, 48, 49, 50, 51, 52, 53, 54, 55, 56, 57, 58, 59, 60, 61, 62, 63, 64, 65, 66, 67, 68, 69, 70, 71, 72, 73, 74, 75, 76, 77, 78, 79, 80, 81, 82, 83, 84, 85, 86, 87, 88, 89, 90, 91, 92, 93, 94, 95, 96, 97, 98, 99, 100, 101, 102, 103, 104, 105, 106, 107, 108, 109, 110, 111, 112, 113, 114, 115, 116, 117, 118, 119, 120, 121, 122, 123, 124, 125, 126, 127, 128, 129, 130, 131, 132, 133, 134, 135, 136, 137, 138, 139, 140, 141, 142, 143, 144, 145, 146, 147, 148, 149, 150, 151, 152, 153, 154, 155, 156, 157, 158, 159, 160, 161, 162, 163, 164, 165, 166, 167, 168, 169, 170, 171, 172, 173, 174, 175, 176, 177, 178, 179, 180, 181, 182, 183, 184, 185, 186, 187, 188, 189, 190, 191, 192, 193, 194, 195, 196, 197, 198, 199, 200, 201, 202, 203, 204, 205, 206, 207, 208, 209, 210, 211, 212, 213, 214, 215, 216, 217, 218, 219, 220, 221, 222, 223, 224, 225, 226, 227, rowcost
C major (0), 2+1:0:0:0:1, 3+1:0:0:0:0, 0+5:0:0:0:0, 0+0:0:0:0:0, 2+1:0:0:0:1, 1+0:0:0:0:0, 0+0:0:0:0:0, 0+0:0:0:0:0, 2+2:0:0:0:0, 1+1:0:0:0:0, 4+2:0:0:0:0, 2+3:1:0:0:0, 3+1:0:0:0:0, 1+1:0:0:0:0, 3+2:0:0:0:1, 5+2:0:0:0:1, 1+0:0:0:0:0, 3+1:0:0:0:0, 0+5:0:0:0:0,  , 4+0:0:0:0:0, 3+1:0:1:0:1, 3+1:0:0:0:0, 2+1:0:0:0:0, 1+0:0:0:0:0, 1+0:0:0:0:0, 2+1:0:0:0:1, 2+0:0:0:0:0, 1+2:0:0:0:0, 4+2:0:0:0:1, 3+2:0:0:0:0, 6+3:1:0:0:1, 2+1:0:0:0:1, 4+3:0:0:0:2, 3+2:0:0:0:2, 1+0:0:0:0:0, 2+0:0:0:0:0, 1+0:0:0:0:0, 1+2:0:0:0:0, 1+1:0:0:0:0, 1+0:0:0:0:0, 3+3:0:0:0:0, 1+2:0:0:0:0, 3+3:3:0:0:0, 4+3:2:0:0:0, 3+3:0:0:0:2, 3+3:0:0:0:1, 4+4:1:0:0:0, 1+0:0:0:0:0, 5+5:3:0:0:4, 1+1:0:0:0:0,  , 5+2:0:0:0:0, 6+3:1:1:0:1, 5+3:0:0:0:1, 5+4:1:0:0:4, 4+1:0:0:0:1, 3+0:0:0:0:0, 2+1:0:0:0:0, 1+0:0:0:0:0, 3+1:0:0:0:1, 2+2:0:0:0:2, 1+1:0:0:0:0, 4+2:1:0:0:0, 1+0:0:0:0:0, 3+1:0:0:0:0, 0+2:0:0:0:0, 0+0:0:0:0:0, 2+1:0:1:0:1, 1+0:0:0:0:0, 0+0:0:0:0:0, 0+0:0:0:0:0, 1+0:0:0:0:0, 1+1:0:0:0:0, 1+1:0:0:0:0, 2+4:2:0:0:0, 1+1:0:0:0:0, 1+1:0:0:0:1, 1+2:0:0:0:0, 3+1:0:0:0:0, 1+0:0:0:0:0, 3+2:0:0:0:0, 0+1:0:0:0:0,  , 3+0:0:0:0:0, 3+2:0:1:0:1, 3+0:0:0:0:0, 2+1:0:0:0:0, 1+0:0:0:0:0, 1+0:0:0:0:0, 0+0:0:0:0:0, 2+1:0:1:0:1, 1+0:0:0:0:0, 2+2:0:0:0:2, 1+1:0:0:0:0, 4+2:1:0:0:0, 1+0:0:0:0:0, 4+4:0:0:0:0, 1+0:0:0:0:0,  , 2+1:0:0:0:1, 1+0:0:0:0:0, 2+1:0:0:0:0, 3+6:0:0:0:0, 2+6:1:0:0:1, 1+0:0:0:0:0, 1+1:0:0:0:0, 4+6:3:0:0:4, 3+2:0:0:0:0, 1+0:0:0:0:0, 2+2:0:0:0:2, 6+3:0:0:0:1, 2+1:0:0:0:1, 4+2:0:0:0:0, 2+5:0:0:0:4, 2+2:0:0:0:0, 4+5:0:0:0:0, 5+3:0:3:0:3, 2+0:0:0:0:0, 2+1:0:0:0:0, 1+0:0:0:0:0, 1+1:0:0:0:0, 1+1:0:0:0:1, 3+2:1:1:0:1, 2+1:1:0:0:0, 5+4:0:0:0:3, 3+5:0:0:0:3, 5+4:2:0:0:0, 1+1:0:0:0:0, 4+2:0:0:0:0, 1+2:0:0:0:0, 1+1:0:0:0:0, 1+2:0:0:0:0, 4+6:2:0:0:2, 1+2:0:0:0:0, 3+2:0:0:0:0, 1+1:0:0:0:0, 4+2:0:0:0:0, 4+2:0:0:0:0, 2+4:2:0:0:0, 2+4:0:0:0:0, 5+2:0:0:0:1, 2+3:0:0:0:2, 5+4:0:0:0:1, 1+1:0:0:0:0, 5+4:0:2:0:2, 1+2:0:0:0:0, 1+2:0:0:0:0, 6+3:0:1:0:1, 6+2:0:1:0:1, 5+2:0:0:0:0, 3+3:0:0:0:3, 1+0:0:0:0:0, 3+3:0:0:0:0, 3+4:0:0:0:0, 6+4:1:1:0:3, 3+1:0:0:0:0, 3+3:0:0:0:3, 3+3:0:0:0:1, 4+2:1:0:0:0, 1+0:0:0:0:0, 7+5:1:0:0:4, 3+3:0:0:0:1, 4+4:0:0:0:0, 1+1:0:0:0:0, 3+3:1:0:0:1, 3+2:0:0:0:0, 2+2:0:0:0:0, 1+1:0:0:0:0, 2+3:1:0:0:1, 2+1:0:0:0:0, 7+10:4:0:0:4, 3+3:1:0:0:1, 6+3:0:0:0:0, 5+4:0:0:0:2, 3+1:0:0:0:0, 1+0:0:0:0:0, 4+3:0:0:0:2, 3+2:0:0:0:1, 1+1:0:0:0:0, 4+2:0:0:0:0, 4+2:0:1:0:1, 4+4:0:0:0:0, 2+1:0:0:0:1, 1+0:0:0:0:0, 4+1:0:0:0:0, 1+0:0:0:0:0, 7+5:1:0:0:1, 1+0:0:0:0:0, 2+2:0:0:0:2, 4+2:0:0:0:0, 8+6:1:1:0:1, 1+0:0:0:0:0, 3+2:0:0:0:1, 2+1:0:0:0:0, 2+1:0:0:0:1, 1+0:0:0:0:0, 4+3:0:0:0:2, 2+2:0:0:0:1, 0+0:0:0:0:0, 3+3:0:0:0:0, 2+1:0:1:0:1, 3+1:1:0:0:1, 2+1:1:0:0:0, 1+3:0:0:0:0, 4+4:0:0:0:1, 2+3:0:0:0:2, 6+5:2:0:0:0, 1+3:0:0:0:0, 5+3:0:0:0:0, 2+5:0:0:0:2, 1+1:0:0:0:0, 6+4:1:0:0:1, 6+7:0:4:0:4, 4+1:0:0:0:0, 4+4:0:0:0:3, 1+0:0:0:0:0, 2+3:0:0:0:2, 2+2:2:0:0:0, 3+1:0:0:0:0, 1+0:0:0:0:0, 4+4:0:0:0:4, 1+0:0:0:0:0, 4+2:1:0:0:1, 2+0:0:0:0:0, 4+4:1:0:0:3, 1+0:0:0:0:0, 4+2:1:0:0:1, 568+425:51:21:0:135
A minor (0), 2+2:0:0:0:0, 3+0:0:0:0:0, 0+1:0:0:0:0, 0+0:0:0:0:0, 2+1:0:0:0:0, 1+2:0:0:0:0, 0+5:0:0:0:0, 0+3:0:0:0:0, 2+3:0:0:0:1, 1+0:0:0:0:0, 4+1:0:0:0:1, 2+1:1:0:0:0, 3+1:0:0:0:0, 1+1:0:0:0:1, 3+1:0:0:0:0, 5+4:0:0:0:0, 1+2:0:0:0:0, 3+0:0:0:0:0, 0+1:0:0:0:0,  , 4+0:0:0:0:0, 3+1:0:1:0:1, 3+0:0:0:0:0, 2+0:0:0:0:0, 1+0:0:0:0:0, 1+0:0:0:0:0, 2+1:0:0:0:0, 2+1:0:0:0:0, 1+3:0:0:0:0, 4+3:0:0:0:0, 3+2:0:0:0:0, 6+3:1:0:0:1, 2+1:0:0:0:0, 4+2:0:0:0:0, 3+2:0:0:0:0, 1+0:0:0:0:0, 2+2:0:0:0:0, 1+2:0:0:0:0, 1+5:0:0:0:0, 1+2:0:0:0:1, 1+0:0:0:0:0, 3+3:0:0:0:0, 1+2:0:0:0:0, 3+0:0:0:0:0, 4+3:2:0:0:0, 3+3:0:0:0:2, 3+3:0:0:0:1, 4+4:1:0:0:0, 1+3:0:0:0:0, 7+2:0:0:0:0, 1+2:0:0:0:0,  , 5+1:0:0:0:0, 7+4:0:0:0:0, 5+2:0:0:0:0, 6+3:0:0:0:0, 4+1:0:0:0:1, 3+0:0:0:0:0, 2+1:0:0:0:0, 1+0:0:0:0:0, 3+1:0:0:0:0, 2+0:0:0:0:0, 1+1:0:0:0:0, 4+2:1:0:0:0, 1+1:0:0:0:0, 3+0:0:0:0:0, 0+1:0:0:0:0, 0+0:0:0:0:0, 2+2:0:1:0:1, 1+1:0:0:0:0, 0+1:0:0:0:0, 0+5:0:0:0:0, 1+2:0:0:0:0, 1+0:0:0:0:0, 1+0:0:0:0:0, 2+2:2:0:0:0, 1+0:0:0:0:0, 1+1:0:0:0:1, 1+2:0:0:0:0, 3+1:0:0:0:0, 1+1:0:0:0:0, 3+0:0:0:0:0, 0+3:0:0:0:0,  , 3+0:0:0:0:0, 3+0:0:0:0:0, 3+0:0:0:0:0, 2+0:0:0:0:0, 1+0:0:0:0:0, 1+0:0:0:0:0, 0+2:0:0:0:0, 2+2:0:1:0:1, 1+2:0:0:0:0, 2+3:0:0:0:0, 1+1:0:0:0:0, 4+2:1:0:0:0, 1+2:0:0:0:0, 4+1:0:0:0:0, 1+1:0:0:0:0,  , 2+2:0:0:0:0, 1+2:0:0:0:0, 2+2:0:0:0:0, 3+6:0:0:0:1, 2+6:1:0:0:1, 1+1:0:0:0:0, 1+0:0:0:0:0, 4+1:0:0:0:0, 2+2:0:1:0:1, 2+1:0:0:0:1, 2+4:0:0:0:1, 6+3:0:0:0:1, 2+4:0:0:0:0, 4+1:0:0:0:0, 2+5:0:0:0:4, 2+2:0:0:0:0, 4+2:0:0:0:0, 5+1:0:1:0:0, 2+0:0:0:0:0, 2+0:0:0:0:0, 1+0:0:0:0:0, 1+1:0:0:0:0, 1+2:0:0:0:0, 3+5:1:1:0:1, 2+4:1:0:0:0, 5+7:0:0:0:0, 3+4:0:0:0:4, 5+8:2:0:0:3, 1+1:0:0:0:0, 4+1:0:0:0:0, 1+1:0:0:0:0, 1+2:0:0:0:0, 1+2:0:0:0:0, 5+6:0:0:0:0, 1+4:0:0:0:0, 4+3:0:0:0:0, 1+0:0:0:0:0, 5+3:0:0:0:0, 4+3:0:0:0:0, 2+2:2:0:0:0, 2+4:0:0:0:3, 5+2:0:0:0:1, 2+3:0:0:0:2, 5+5:0:0:0:0, 1+1:0:0:0:0, 5+4:0:2:0:2, 1+2:0:0:0:0, 1+1:0:0:0:0, 6+1:0:0:0:0, 5+1:1:1:0:1, 5+1:0:0:0:0, 3+1:0:0:0:0, 1+1:0:0:0:0, 3+3:0:0:0:0, 3+4:0:0:0:0, 7+5:0:0:0:0, 3+2:0:0:0:0, 3+1:0:0:0:0, 3+3:0:0:0:0, 4+4:1:0:0:1, 1+2:0:0:0:0, 7+5:1:0:0:4, 3+3:0:0:0:1, 4+4:0:0:0:0, 1+0:0:0:0:0, 3+3:1:0:0:0, 3+4:0:0:0:1, 2+6:0:0:0:1, 1+2:0:0:0:0, 2+1:1:0:0:0, 2+4:0:0:0:0, 7+6:4:0:0:4, 3+2:1:0:0:0, 5+6:2:0:0:2, 5+4:0:0:0:0, 3+1:0:0:0:0, 1+5:0:0:0:0, 4+4:0:0:0:0, 3+2:0:0:0:1, 1+1:0:0:0:0, 4+1:0:0:0:0, 4+2:0:1:0:1, 4+4:0:0:0:0, 2+2:0:0:0:0, 1+2:0:0:0:0, 4+1:0:0:0:0, 1+2:0:0:0:0, 7+6:1:0:0:1, 1+1:0:0:0:0, 2+7:0:0:0:2, 4+2:0:0:0:0, 8+6:1:1:0:1, 1+2:0:0:0:0, 3+2:0:0:0:0, 2+3:0:0:0:0, 2+1:0:0:0:0, 1+1:0:0:0:0, 4+3:0:0:0:0, 2+2:0:0:0:0, 0+3:0:0:0:0, 3+5:0:0:0:1, 2+2:0:1:0:1, 3+0:0:0:0:0, 2+1:1:0:0:0, 1+1:0:0:0:0, 4+7:0:0:0:4, 2+2:0:0:0:0, 6+4:2:0:0:0, 1+2:0:0:0:0, 5+2:0:0:0:0, 2+2:0:0:0:0, 1+0:0:0:0:0, 6+2:1:0:0:1, 6+4:0:3:0:0, 4+1:0:0:0:0, 4+5:0:0:0:3, 1+2:0:0:0:0, 2+2:0:0:0:0, 2+2:2:0:0:0, 3+1:0:0:0:0, 1+2:0:0:0:0, 4+2:0:0:0:0, 1+0:0:0:0:0, 4+1:1:0:0:1, 2+1:0:0:0:0, 4+1:1:0:0:1, 1+0:0:0:0:0, 4+1:1:0:0:1, 574+465:39:15:0:73
A minor mel (0),  ,  ,  ,  ,  ,  ,  ,  ,  ,  ,  ,  ,  ,  ,  ,  ,  ,  ,  ,  ,  ,  ,  ,  ,  ,  ,  ,  ,  ,  ,  ,  ,  ,  ,  ,  ,  ,  ,  ,  ,  ,  ,  ,  ,  ,  ,  ,  ,  ,  ,  ,  ,  ,  ,  ,  ,  ,  ,  ,  ,  ,  ,  ,  ,  ,  ,  ,  ,  ,  ,  ,  ,  ,  ,  ,  ,  ,  ,  ,  ,  ,  ,  ,  ,  ,  ,  ,  ,  ,  ,  ,  ,  ,  ,  ,  ,  ,  ,  ,  ,  ,  ,  ,  ,  ,  ,  ,  ,  ,  ,  ,  ,  ,  ,  ,  ,  ,  ,  ,  ,  ,  ,  ,  ,  ,  ,  ,  ,  ,  ,  ,  ,  ,  ,  ,  ,  ,  ,  ,  ,  ,  ,  ,  ,  ,  ,  ,  ,  ,  ,  ,  ,  ,  ,  ,  ,  ,  ,  ,  ,  ,  ,  ,  ,  ,  ,  ,  ,  ,  ,  ,  ,  ,  ,  ,  ,  ,  ,  ,  ,  ,  ,  ,  ,  ,  ,  ,  ,  ,  ,  ,  ,  ,  ,  ,  ,  ,  ,  ,  ,  ,  ,  ,  ,  ,  ,  ,  ,  ,  ,  ,  ,  ,  ,  ,  ,  ,  ,  ,  ,  ,  ,  ,  ,  ,  ,  ,  , 0+0:0:0:0:0
C major blues (0),  ,  ,  ,  ,  ,  ,  ,  ,  ,  ,  ,  ,  ,  ,  ,  ,  ,  ,  ,  ,  ,  ,  ,  ,  ,  ,  ,  ,  ,  ,  ,  ,  ,  ,  ,  ,  ,  ,  ,  ,  ,  ,  ,  ,  ,  ,  ,  ,  ,  ,  ,  ,  ,  ,  ,  ,  ,  ,  ,  ,  ,  ,  ,  ,  ,  ,  ,  ,  ,  ,  ,  ,  ,  ,  ,  ,  ,  ,  ,  ,  ,  ,  ,  ,  ,  ,  ,  ,  ,  ,  ,  ,  ,  ,  ,  ,  ,  ,  ,  ,  ,  ,  ,  ,  ,  ,  ,  ,  ,  ,  ,  ,  ,  ,  ,  ,  ,  ,  ,  ,  ,  ,  ,  ,  ,  ,  ,  ,  ,  ,  ,  ,  ,  ,  ,  ,  ,  ,  ,  ,  ,  ,  ,  ,  ,  ,  ,  ,  ,  ,  ,  ,  ,  ,  ,  ,  ,  ,  ,  ,  ,  ,  ,  ,  ,  ,  ,  ,  ,  ,  ,  ,  ,  ,  ,  ,  ,  ,  ,  ,  ,  ,  ,  ,  ,  ,  ,  ,  ,  ,  ,  ,  ,  ,  ,  ,  ,  ,  ,  ,  ,  ,  ,  ,  ,  ,  ,  ,  ,  ,  ,  ,  ,  ,  ,  ,  ,  ,  ,  ,  ,  ,  ,  ,  ,  ,  ,  , 0+0:0:0:0:0
A minor blues (0),  ,  ,  ,  ,  ,  ,  ,  ,  ,  ,  ,  ,  ,  ,  ,  ,  ,  ,  ,  ,  ,  ,  ,  ,  ,  ,  ,  ,  ,  ,  ,  ,  ,  ,  ,  ,  ,  ,  ,  ,  ,  ,  ,  ,  ,  ,  ,  ,  ,  ,  ,  ,  ,  ,  ,  ,  ,  ,  ,  ,  ,  ,  ,  ,  ,  ,  ,  ,  ,  ,  ,  ,  ,  ,  ,  ,  ,  ,  ,  ,  ,  ,  ,  ,  ,  ,  ,  ,  ,  ,  ,  ,  ,  ,  ,  ,  ,  ,  ,  ,  ,  ,  ,  ,  ,  ,  ,  ,  ,  ,  ,  ,  ,  ,  ,  ,  ,  ,  ,  ,  ,  ,  ,  ,  ,  ,  ,  ,  ,  ,  ,  ,  ,  ,  ,  ,  ,  ,  ,  ,  ,  ,  ,  ,  ,  ,  ,  ,  ,  ,  ,  ,  ,  ,  ,  ,  ,  ,  ,  ,  ,  ,  ,  ,  ,  ,  ,  ,  ,  ,  ,  ,  ,  ,  ,  ,  ,  ,  ,  ,  ,  ,  ,  ,  ,  ,  ,  ,  ,  ,  ,  ,  ,  ,  ,  ,  ,  ,  ,  ,  ,  ,  ,  ,  ,  ,  ,  ,  ,  ,  ,  ,  ,  ,  ,  ,  ,  ,  ,  ,  ,  ,  ,  ,  ,  ,  ,  , 0+0:0:0:0:0
C dorian (0),  ,  ,  ,  ,  ,  ,  ,  ,  ,  ,  ,  ,  ,  ,  ,  ,  ,  ,  ,  ,  ,  ,  ,  ,  ,  ,  ,  ,  ,  ,  ,  ,  ,  ,  ,  ,  ,  ,  ,  ,  ,  ,  ,  ,  ,  ,  ,  ,  ,  ,  ,  ,  ,  ,  ,  ,  ,  ,  ,  ,  ,  ,  ,  ,  ,  ,  ,  ,  ,  ,  ,  ,  ,  ,  ,  ,  ,  ,  ,  ,  ,  ,  ,  ,  ,  ,  ,  ,  ,  ,  ,  ,  ,  ,  ,  ,  ,  ,  ,  ,  ,  ,  ,  ,  ,  ,  ,  ,  ,  ,  ,  ,  ,  ,  ,  ,  ,  ,  ,  ,  ,  ,  ,  ,  ,  ,  ,  ,  ,  ,  ,  ,  ,  ,  ,  ,  ,  ,  ,  ,  ,  ,  ,  ,  ,  ,  ,  ,  ,  ,  ,  ,  ,  ,  ,  ,  ,  ,  ,  ,  ,  ,  ,  ,  ,  ,  ,  ,  ,  ,  ,  ,  ,  ,  ,  ,  ,  ,  ,  ,  ,  ,  ,  ,  ,  ,  ,  ,  ,  ,  ,  ,  ,  ,  ,  ,  ,  ,  ,  ,  ,  ,  ,  ,  ,  ,  ,  ,  ,  ,  ,  ,  ,  ,  ,  ,  ,  ,  ,  ,  ,  ,  ,  ,  ,  ,  ,  , 0+0:0:0:0:0
C phrygian (0),  ,  ,  ,  ,  ,  ,  ,  ,  ,  ,  ,  ,  ,  ,  ,  ,  ,  ,  ,  ,  ,  ,  ,  ,  ,  ,  ,  ,  ,  ,  ,  ,  ,  ,  ,  ,  ,  ,  ,  ,  ,  ,  ,  ,  ,  ,  ,  ,  ,  ,  ,  ,  ,  ,  ,  ,  ,  ,  ,  ,  ,  ,  ,  ,  ,  ,  ,  ,  ,  ,  ,  ,  ,  ,  ,  ,  ,  ,  ,  ,  ,  ,  ,  ,  ,  ,  ,  ,  ,  ,  ,  ,  ,  ,  ,  ,  ,  ,  ,  ,  ,  ,  ,  ,  ,  ,  ,  ,  ,  ,  ,  ,  ,  ,  ,  ,  ,  ,  ,  ,  ,  ,  ,  ,  ,  ,  ,  ,  ,  ,  ,  ,  ,  ,  ,  ,  ,  ,  ,  ,  ,  ,  ,  ,  ,  ,  ,  ,  ,  ,  ,  ,  ,  ,  ,  ,  ,  ,  ,  ,  ,  ,  ,  ,  ,  ,  ,  ,  ,  ,  ,  ,  ,  ,  ,  ,  ,  ,  ,  ,  ,  ,  ,  ,  ,  ,  ,  ,  ,  ,  ,  ,  ,  ,  ,  ,  ,  ,  ,  ,  ,  ,  ,  ,  ,  ,  ,  ,  ,  ,  ,  ,  ,  ,  ,  ,  ,  ,  ,  ,  ,  ,  ,  ,  ,  ,  ,  , 0+0:0:0:0:0
C lydian (0),  ,  ,  ,  ,  ,  ,  ,  ,  ,  ,  ,  ,  ,  ,  ,  ,  ,  ,  ,  ,  ,  ,  ,  ,  ,  ,  ,  ,  ,  ,  ,  ,  ,  ,  ,  ,  ,  ,  ,  ,  ,  ,  ,  ,  ,  ,  ,  ,  ,  ,  ,  ,  ,  ,  ,  ,  ,  ,  ,  ,  ,  ,  ,  ,  ,  ,  ,  ,  ,  ,  ,  ,  ,  ,  ,  ,  ,  ,  ,  ,  ,  ,  ,  ,  ,  ,  ,  ,  ,  ,  ,  ,  ,  ,  ,  ,  ,  ,  ,  ,  ,  ,  ,  ,  ,  ,  ,  ,  ,  ,  ,  ,  ,  ,  ,  ,  ,  ,  ,  ,  ,  ,  ,  ,  ,  ,  ,  ,  ,  ,  ,  ,  ,  ,  ,  ,  ,  ,  ,  ,  ,  ,  ,  ,  ,  ,  ,  ,  ,  ,  ,  ,  ,  ,  ,  ,  ,  ,  ,  ,  ,  ,  ,  ,  ,  ,  ,  ,  ,  ,  ,  ,  ,  ,  ,  ,  ,  ,  ,  ,  ,  ,  ,  ,  ,  ,  ,  ,  ,  ,  ,  ,  ,  ,  ,  ,  ,  ,  ,  ,  ,  ,  ,  ,  ,  ,  ,  ,  ,  ,  ,  ,  ,  ,  ,  ,  ,  ,  ,  ,  ,  ,  ,  ,  ,  ,  ,  , 0+0:0:0:0:0
C mixolydian (0),  ,  ,  ,  ,  ,  ,  ,  ,  ,  ,  ,  ,  ,  ,  ,  ,  ,  ,  ,  ,  ,  ,  ,  ,  ,  ,  ,  ,  ,  ,  ,  ,  ,  ,  ,  ,  ,  ,  ,  ,  ,  ,  ,  ,  ,  ,  ,  ,  ,  ,  ,  ,  ,  ,  ,  ,  ,  ,  ,  ,  ,  ,  ,  ,  ,  ,  ,  ,  ,  ,  ,  ,  ,  ,  ,  ,  ,  ,  ,  ,  ,  ,  ,  ,  ,  ,  ,  ,  ,  ,  ,  ,  ,  ,  ,  ,  ,  ,  ,  ,  ,  ,  ,  ,  ,  ,  ,  ,  ,  ,  ,  ,  ,  ,  ,  ,  ,  ,  ,  ,  ,  ,  ,  ,  ,  ,  ,  ,  ,  ,  ,  ,  ,  ,  ,  ,  ,  ,  ,  ,  ,  ,  ,  ,  ,  ,  ,  ,  ,  ,  ,  ,  ,  ,  ,  ,  ,  ,  ,  ,  ,  ,  ,  ,  ,  ,  ,  ,  ,  ,  ,  ,  ,  ,  ,  ,  ,  ,  ,  ,  ,  ,  ,  ,  ,  ,  ,  ,  ,  ,  ,  ,  ,  ,  ,  ,  ,  ,  ,  ,  ,  ,  ,  ,  ,  ,  ,  ,  ,  ,  ,  ,  ,  ,  ,  ,  ,  ,  ,  ,  ,  ,  ,  ,  ,  ,  ,  , 0+0:0:0:0:0
C aeolian (0),  ,  ,  ,  ,  ,  ,  ,  ,  ,  ,  ,  ,  ,  ,  ,  ,  ,  ,  ,  ,  ,  ,  ,  ,  ,  ,  ,  ,  ,  ,  ,  ,  ,  ,  ,  ,  ,  ,  ,  ,  ,  ,  ,  ,  ,  ,  ,  ,  ,  ,  ,  ,  ,  ,  ,  ,  ,  ,  ,  ,  ,  ,  ,  ,  ,  ,  ,  ,  ,  ,  ,  ,  ,  ,  ,  ,  ,  ,  ,  ,  ,  ,  ,  ,  ,  ,  ,  ,  ,  ,  ,  ,  ,  ,  ,  ,  ,  ,  ,  ,  ,  ,  ,  ,  ,  ,  ,  ,  ,  ,  ,  ,  ,  ,  ,  ,  ,  ,  ,  ,  ,  ,  ,  ,  ,  ,  ,  ,  ,  ,  ,  ,  ,  ,  ,  ,  ,  ,  ,  ,  ,  ,  ,  ,  ,  ,  ,  ,  ,  ,  ,  ,  ,  ,  ,  ,  ,  ,  ,  ,  ,  ,  ,  ,  ,  ,  ,  ,  ,  ,  ,  ,  ,  ,  ,  ,  ,  ,  ,  ,  ,  ,  ,  ,  ,  ,  ,  ,  ,  ,  ,  ,  ,  ,  ,  ,  ,  ,  ,  ,  ,  ,  ,  ,  ,  ,  ,  ,  ,  ,  ,  ,  ,  ,  ,  ,  ,  ,  ,  ,  ,  ,  ,  ,  ,  ,  ,  , 0+0:0:0:0:0
C locrian (0),  ,  ,  ,  ,  ,  ,  ,  ,  ,  ,  ,  ,  ,  ,  ,  ,  ,  ,  ,  ,  ,  ,  ,  ,  ,  ,  ,  ,  ,  ,  ,  ,  ,  ,  ,  ,  ,  ,  ,  ,  ,  ,  ,  ,  ,  ,  ,  ,  ,  ,  ,  ,  ,  ,  ,  ,  ,  ,  ,  ,  ,  ,  ,  ,  ,  ,  ,  ,  ,  ,  ,  ,  ,  ,  ,  ,  ,  ,  ,  ,  ,  ,  ,  ,  ,  ,  ,  ,  ,  ,  ,  ,  ,  ,  ,  ,  ,  ,  ,  ,  ,  ,  ,  ,  ,  ,  ,  ,  ,  ,  ,  ,  ,  ,  ,  ,  ,  ,  ,  ,  ,  ,  ,  ,  ,  ,  ,  ,  ,  ,  ,  ,  ,  ,  ,  ,  ,  ,  ,  ,  ,  ,  ,  ,  ,  ,  ,  ,  ,  ,  ,  ,  ,  ,  ,  ,  ,  ,  ,  ,  ,  ,  ,  ,  ,  ,  ,  ,  ,  ,  ,  ,  ,  ,  ,  ,  ,  ,  ,  ,  ,  ,  ,  ,  ,  ,  ,  ,  ,  ,  ,  ,  ,  ,  ,  ,  ,  ,  ,  ,  ,  ,  ,  ,  ,  ,  ,  ,  ,  ,  ,  ,  ,  ,  ,  ,  ,  ,  ,  ,  ,  ,  ,  ,  ,  ,  ,  , 0+0:0:0:0:0
F major (1b), 3+1:0:0:0:1, 4+1:0:0:0:0, 1+5:0:0:0:0, 0+0:0:0:0:0, 2+1:1:0:0:0, 2+0:0:0:0:0, 1+0:0:0:0:0, 1+0:0:0:0:0, 3+2:0:0:0:0, 0+0:0:0:0:0, 3+1:0:0:0:0, 2+2:2:0:0:2, 2+1:0:0:0:0, 1+1:0:0:0:0, 4+2:0:0:0:1, 4+2:1:0:0:0, 2+0:0:0:0:0, 4+1:0:0:0:0, 1+2:0:0:0:0,  , 5+1:0:0:0:0, 4+1:0:1:0:1, 4+1:0:0:0:0, 3+1:0:0:0:0, 2+0:0:0:0:0, 2+1:0:0:0:0, 3+1:0:0:0:1, 2+0:0:0:0:0, 2+2:0:0:0:0, 5+2:0:0:0:1, 4+3:0:0:0:1, 6+3:2:0:0:0, 3+1:0:0:0:1, 5+3:0:0:0:2, 4+2:0:0:0:2, 1+0:0:0:0:0, 3+0:0:0:0:0, 2+0:0:0:0:0, 2+2:0:0:0:0, 2+1:0:0:0:0, 1+0:0:0:0:0, 2+2:0:0:0:0, 2+2:0:0:0:0, 2+3:3:0:0:3, 3+2:1:0:0:1, 2+3:1:0:0:1, 4+3:0:0:0:2, 4+4:1:0:0:0, 2+0:0:0:0:0, 6+5:3:0:0:4, 2+0:0:0:0:0,  , 6+2:0:0:0:0, 7+3:1:1:0:1, 5+3:0:0:0:1, 6+4:1:0:0:4, 5+1:0:0:0:1, 4+1:0:0:0:0, 3+1:0:0:0:0, 2+0:0:0:0:0, 4+1:0:0:0:1, 3+2:0:0:0:2, 2+1:0:0:0:1, 4+2:1:0:0:0, 2+0:0:0:0:0, 4+1:0:0:0:0, 1+2:0:0:0:0, 0+0:0:0:0:0, 2+1:0:1:0:1, 1+0:0:0:0:0, 1+0:0:0:0:0, 1+0:0:0:0:0, 1+0:0:0:0:0, 0+0:0:0:0:0, 1+0:0:0:0:0, 2+2:2:0:0:2, 0+0:0:0:0:0, 1+0:0:0:0:0, 2+2:0:0:0:2, 3+1:0:0:0:0, 2+0:0:0:0:0, 4+2:0:0:0:0, 1+1:0:0:0:0,  , 4+1:0:0:0:0, 4+2:0:1:0:1, 3+0:0:0:0:0, 3+1:0:0:0:0, 2+0:0:0:0:0, 2+2:0:0:0:0, 1+0:0:0:0:0, 2+1:0:1:0:1, 2+0:0:0:0:0, 3+2:0:0:0:2, 2+1:0:0:0:1, 4+2:1:0:0:0, 2+0:0:0:0:0, 5+4:0:0:0:0, 2+0:0:0:0:0,  , 3+1:0:0:0:1, 1+0:0:0:0:0, 3+1:0:0:0:0, 4+2:0:0:0:0, 2+1:1:0:0:1, 0+0:0:0:0:0, 1+0:0:0:0:0, 3+4:3:0:0:4, 1+1:0:1:0:1, 1+0:0:0:0:0, 3+2:0:0:0:2, 6+3:0:1:0:2, 3+1:0:0:0:1, 5+2:0:0:0:0, 4+7:0:3:0:5, 3+2:0:0:0:0, 5+5:0:0:0:0, 6+3:0:3:0:3, 2+0:0:0:0:0, 3+1:0:0:0:0, 2+0:0:0:0:0, 2+2:0:0:0:2, 2+1:0:0:0:1, 3+2:1:0:0:0, 3+1:1:0:0:0, 6+4:0:0:0:3, 4+5:0:0:0:3, 5+5:2:0:0:0, 2+0:0:0:0:0, 5+2:0:0:0:2, 2+0:0:0:0:0, 2+1:0:0:0:0, 2+0:0:0:0:0, 3+5:3:0:0:3, 2+3:0:0:0:0, 4+5:0:0:0:0, 1+0:0:0:0:0, 3+2:0:0:0:0, 3+1:0:0:0:0, 2+2:2:0:0:0, 1+3:0:0:0:0, 5+2:0:0:0:1, 3+3:0:0:0:2, 5+5:0:0:0:1, 2+0:0:0:0:0, 6+4:0:2:0:4, 2+1:0:0:0:0, 1+2:0:0:0:2, 7+4:0:1:0:2, 7+4:0:1:0:1, 4+2:1:0:0:1, 4+3:0:0:0:3, 2+0:0:0:0:0, 4+2:0:0:0:1, 4+2:0:0:0:0, 6+4:1:0:0:2, 4+1:0:0:0:0, 4+3:0:0:0:3, 4+3:0:0:0:1, 4+2:1:0:0:0, 2+0:0:0:0:0, 7+6:1:0:0:2, 4+2:0:0:0:1, 5+2:0:0:0:0, 2+0:0:0:0:0, 2+2:1:0:0:1, 4+3:0:0:0:0, 3+4:0:0:0:0, 1+0:0:0:0:0, 1+1:1:0:0:1, 1+0:0:0:0:0, 6+6:4:0:0:4, 2+2:1:0:0:0, 4+4:2:0:0:2, 6+4:0:0:0:2, 3+1:0:0:0:0, 2+0:0:0:0:0, 5+3:0:0:0:2, 4+1:0:0:0:1, 1+0:0:0:0:0, 5+0:0:0:0:0, 5+2:0:1:0:1, 4+4:0:0:0:0, 3+1:0:0:0:1, 2+0:0:0:0:0, 5+3:0:0:0:0, 2+0:0:0:0:0, 8+5:1:0:0:1, 2+0:0:0:0:0, 3+2:0:0:0:2, 5+6:0:0:0:4, 9+6:1:1:0:1, 2+0:0:0:0:0, 4+1:0:0:0:1, 3+1:0:0:0:0, 3+1:0:0:0:1, 1+0:0:0:0:0, 3+3:1:0:0:1, 3+3:0:0:0:1, 1+1:0:0:0:0, 4+4:0:0:0:0, 1+1:0:1:0:1, 2+1:1:0:0:1, 2+3:3:0:0:3, 0+0:0:0:0:0, 3+4:0:0:0:1, 3+3:0:0:0:2, 5+4:2:0:0:0, 2+0:0:0:0:0, 6+3:0:0:0:2, 3+2:0:0:0:2, 2+0:0:0:0:0, 7+5:1:0:0:0, 7+8:0:4:0:4, 3+1:1:0:0:1, 5+4:0:0:0:3, 2+0:0:0:0:0, 3+3:0:0:0:2, 3+2:2:0:0:0, 3+1:0:0:0:0, 2+0:0:0:0:0, 3+4:2:0:0:2, 2+0:0:0:0:0, 3+2:1:0:0:1, 3+0:0:0:0:0, 3+4:1:0:0:3, 2+0:0:0:0:0, 3+2:1:0:0:1, 676+388:65:24:0:162
G major (1#), 1+2:0:0:0:0, 2+0:0:0:0:0, 0+1:0:0:0:0, 0+0:0:0:0:0, 2+1:0:0:0:1, 0+0:0:0:0:0, 1+1:0:0:0:0, 1+2:0:0:0:0, 2+2:0:0:0:0, 2+1:0:0:0:0, 4+1:0:0:0:1, 1+1:1:0:0:0, 4+2:0:0:0:0, 2+3:0:0:0:0, 4+5:0:0:0:1, 4+2:0:0:0:1, 0+2:0:0:0:0, 2+0:0:0:0:0, 0+1:0:0:0:0,  , 3+0:0:0:0:0, 3+1:0:1:0:1, 2+0:0:0:0:0, 1+0:0:0:0:0, 0+0:0:0:0:0, 1+0:0:0:0:0, 1+1:0:0:0:1, 1+0:0:0:0:0, 1+2:0:0:0:0, 3+3:0:0:0:0, 4+2:0:0:0:0, 5+3:1:0:0:1, 1+1:0:0:0:1, 3+3:0:0:0:2, 2+2:0:0:0:2, 0+0:0:0:0:0, 1+0:0:0:0:0, 0+0:0:0:0:0, 2+1:0:0:0:0, 2+5:0:0:0:0, 1+0:0:0:0:0, 4+1:0:0:0:0, 2+3:0:0:0:0, 2+0:0:0:0:0, 3+3:2:0:0:0, 4+5:1:0:0:1, 4+5:0:0:0:1, 3+2:1:0:0:0, 0+3:0:0:0:0, 6+2:0:0:0:0, 0+2:0:0:0:0,  , 4+1:0:0:0:0, 6+3:1:1:0:1, 4+2:0:0:0:0, 5+3:0:0:0:0, 3+1:0:0:0:1, 2+0:0:0:0:0, 1+1:0:0:0:0, 1+0:0:0:0:0, 2+1:0:0:0:1, 1+2:0:0:0:2, 2+2:0:0:0:0, 3+2:1:0:0:0, 0+1:0:0:0:0, 2+0:0:0:0:0, 0+1:0:0:0:0, 0+0:0:0:0:0, 2+1:0:1:0:1, 0+0:0:0:0:0, 1+1:0:0:0:0, 1+2:0:0:0:0, 1+0:0:0:0:0, 2+1:0:0:0:0, 1+0:0:0:0:0, 1+2:2:0:0:0, 1+1:0:0:0:0, 2+1:0:0:0:0, 2+4:0:0:0:2, 2+1:0:0:0:0, 0+1:0:0:0:0, 2+0:0:0:0:0, 0+3:0:0:0:0,  , 2+0:0:0:0:0, 3+2:0:2:0:2, 2+0:0:0:0:0, 1+0:0:0:0:0, 0+0:0:0:0:0, 1+0:0:0:0:0, 0+0:0:0:0:0, 2+1:0:1:0:1, 1+0:0:0:0:0, 1+3:0:0:0:0, 2+1:0:0:0:0, 3+2:1:0:0:0, 0+0:0:0:0:0, 3+1:0:0:0:0, 0+0:0:0:0:0,  , 2+1:0:0:0:1, 0+0:0:0:0:0, 3+3:0:0:0:0, 4+5:0:0:0:0, 1+0:0:0:0:0, 2+2:0:0:0:0, 1+0:0:0:0:0, 3+1:0:0:0:0, 3+2:0:1:0:1, 3+1:0:0:0:1, 3+4:0:0:0:1, 5+3:0:0:0:1, 1+1:0:0:0:1, 3+1:0:0:0:0, 3+5:0:0:0:2, 2+2:0:0:0:0, 3+2:0:0:0:0, 4+3:0:3:0:3, 1+0:0:0:0:0, 1+0:0:0:0:0, 0+0:0:0:0:0, 2+1:0:0:0:0, 1+1:0:0:0:1, 3+2:1:1:0:1, 2+1:1:0:0:0, 4+4:0:0:0:3, 4+6:0:0:0:3, 4+4:2:0:0:0, 0+1:0:0:0:0, 3+1:0:0:0:0, 0+1:0:0:0:0, 1+1:0:0:0:0, 1+2:0:0:0:0, 3+2:0:0:0:0, 2+1:0:0:0:0, 4+6:0:0:0:0, 1+0:0:0:0:0, 6+3:0:0:0:0, 5+3:0:0:0:0, 1+2:2:0:0:0, 1+4:3:0:0:3, 6+4:0:0:0:0, 3+8:0:0:0:2, 6+4:0:0:0:1, 0+2:0:0:0:0, 4+2:0:2:0:2, 1+3:0:1:0:1, 2+1:0:0:0:0, 5+2:0:1:0:1, 5+2:0:1:0:1, 4+1:0:0:0:0, 2+1:0:0:0:0, 0+0:0:0:0:0, 4+3:0:0:0:1, 3+2:0:0:0:0, 5+4:1:1:0:3, 3+1:0:0:0:0, 2+3:0:0:0:3, 4+4:0:0:0:1, 3+2:1:0:0:0, 0+0:0:0:0:0, 6+6:1:1:0:3, 2+2:0:0:0:1, 4+2:0:0:0:0, 1+1:0:0:0:0, 2+0:0:0:0:0, 4+3:0:0:0:0, 3+5:0:0:0:0, 1+0:0:0:0:0, 3+1:0:0:0:0, 3+4:0:0:0:0, 6+6:4:0:0:4, 2+2:0:0:0:1, 6+4:2:0:0:2, 6+7:0:0:0:2, 2+1:0:0:0:0, 0+2:0:0:0:0, 3+2:0:0:0:0, 2+3:0:0:0:0, 0+0:0:0:0:0, 3+1:0:0:0:0, 4+2:0:2:0:2, 3+2:0:0:0:0, 1+1:0:0:0:0, 0+3:0:0:0:0, 3+1:0:0:0:0, 0+0:0:0:0:0, 6+5:1:0:0:1, 1+0:0:0:0:0, 1+2:0:0:0:2, 5+5:0:0:0:0, 7+5:1:1:0:1, 0+0:0:0:0:0, 2+2:0:0:0:1, 3+1:0:0:0:0, 1+1:0:0:0:1, 1+1:0:0:0:0, 3+1:0:0:0:1, 3+2:0:0:0:1, 1+0:0:0:0:0, 4+3:0:0:0:0, 3+1:0:1:0:1, 2+0:0:0:0:0, 1+1:1:0:0:0, 1+3:0:0:0:0, 5+5:0:0:0:1, 3+4:0:0:0:2, 5+5:2:0:0:0, 0+2:0:0:0:0, 4+2:0:0:0:0, 1+2:0:0:0:0, 0+0:0:0:0:0, 5+2:1:0:0:1, 6+7:0:6:0:6, 3+1:0:0:0:0, 3+2:0:0:0:0, 0+0:0:0:0:0, 3+2:0:0:0:0, 1+2:2:0:0:0, 2+1:0:0:0:0, 1+0:0:0:0:0, 3+4:0:0:0:4, 1+0:0:0:0:0, 3+2:1:0:0:1, 1+0:0:0:0:0, 3+4:1:0:0:3, 1+0:0:0:0:0, 3+2:1:0:0:1, 502+399:40:28:0:106
D minor (1b), 3+1:0:0:0:1, 4+1:0:0:0:0, 1+0:0:0:0:0, 0+0:0:0:0:0, 2+1:1:0:0:0, 2+0:0:0:0:0, 1+5:0:0:0:0, 1+3:0:0:0:0, 3+3:0:0:0:1, 0+0:0:0:0:0, 3+2:0:0:0:0, 2+3:1:0:0:0, 2+1:0:0:0:0, 1+2:0:0:0:1, 4+4:0:0:0:1, 4+2:1:0:0:0, 2+0:0:0:0:0, 4+1:0:0:0:0, 1+2:0:0:0:0,  , 5+1:0:0:0:0, 4+1:0:1:0:1, 4+1:0:0:0:0, 3+1:0:0:0:0, 2+0:0:0:0:0, 2+0:0:0:0:0, 3+1:0:0:0:1, 2+0:0:0:0:0, 2+1:0:0:0:0, 5+4:0:0:0:1, 4+2:0:0:0:0, 6+3:2:0:0:0, 3+1:0:0:0:1, 5+3:0:0:0:2, 4+2:0:0:0:2, 1+0:0:0:0:0, 3+0:0:0:0:0, 2+0:0:0:0:0, 2+5:0:0:0:0, 2+2:0:0:0:1, 1+0:0:0:0:0, 2+3:0:0:0:0, 2+2:0:0:0:0, 2+0:0:0:0:0, 3+3:2:0:0:0, 2+3:0:0:0:2, 4+3:0:0:0:1, 4+4:1:0:0:0, 2+0:0:0:0:0, 6+5:3:0:0:4, 2+0:0:0:0:0,  , 6+1:0:0:0:0, 7+3:1:1:0:1, 5+3:0:0:0:1, 7+5:0:0:0:3, 5+1:0:0:0:1, 4+0:0:0:0:0, 3+1:0:0:0:0, 2+0:0:0:0:0, 4+1:0:0:0:1, 3+4:0:0:0:2, 2+1:0:0:0:0, 4+2:1:0:0:0, 2+0:0:0:0:0, 4+1:0:0:0:0, 1+0:0:0:0:0, 0+0:0:0:0:0, 2+1:0:1:0:1, 1+0:0:0:0:0, 1+1:0:0:0:0, 1+1:0:0:0:0, 1+2:0:0:0:0, 0+0:0:0:0:0, 1+2:0:0:0:0, 2+5:2:0:0:0, 0+0:0:0:0:0, 1+1:0:0:0:1, 2+2:0:0:0:0, 3+1:0:0:0:0, 2+0:0:0:0:0, 4+2:0:0:0:0, 1+1:0:0:0:0,  , 4+1:0:0:0:0, 4+2:0:1:0:1, 3+0:0:0:0:0, 3+1:0:0:0:0, 2+0:0:0:0:0, 2+0:0:0:0:0, 1+0:0:0:0:0, 2+1:0:1:0:1, 2+0:0:0:0:0, 3+5:0:0:0:2, 2+1:0:0:0:0, 4+2:1:0:0:0, 2+0:0:0:0:0, 5+4:0:0:0:0, 2+0:0:0:0:0,  , 3+1:0:0:0:1, 1+0:0:0:0:0, 3+2:0:0:0:0, 5+4:0:0:0:0, 2+0:0:0:0:0, 0+2:0:0:0:0, 1+0:0:0:0:0, 3+1:0:0:0:0, 1+2:0:1:0:1, 2+1:0:0:0:1, 3+4:0:0:0:1, 6+3:0:1:0:2, 3+2:0:0:0:1, 5+2:0:0:0:0, 4+7:0:3:0:5, 3+2:0:0:0:0, 5+5:0:0:0:0, 6+3:0:3:0:3, 2+0:0:0:0:0, 3+1:0:0:0:0, 2+0:0:0:0:0, 2+1:0:0:0:0, 2+1:0:0:0:1, 3+2:1:0:0:0, 3+1:1:0:0:0, 6+4:0:0:0:3, 4+5:0:0:0:3, 5+5:2:0:0:0, 2+0:0:0:0:0, 5+2:0:0:0:0, 2+0:0:0:0:0, 2+1:0:0:0:0, 2+0:0:0:0:0, 3+2:0:0:0:0, 2+3:0:0:0:0, 4+5:0:0:0:0, 1+2:0:0:0:0, 3+4:0:0:0:0, 3+4:0:0:0:0, 2+4:2:0:0:0, 1+4:0:0:0:3, 5+2:0:0:0:1, 3+3:0:0:0:2, 5+5:0:0:0:1, 2+0:0:0:0:0, 6+4:0:2:0:2, 2+2:0:0:0:0, 1+2:0:0:0:2, 7+4:0:1:0:1, 7+4:0:1:0:1, 4+2:1:0:0:1, 4+3:0:0:0:3, 2+0:0:0:0:0, 4+3:0:0:0:0, 4+3:0:0:0:0, 6+4:1:0:0:2, 4+1:0:0:0:0, 4+3:0:0:0:3, 4+3:0:0:0:1, 4+2:1:0:0:0, 2+0:0:0:0:0, 7+6:1:0:0:2, 4+2:0:0:0:1, 5+2:0:0:0:0, 2+0:0:0:0:0, 2+0:0:0:0:0, 4+3:0:0:0:0, 3+4:0:0:0:0, 1+0:0:0:0:0, 1+1:0:0:0:0, 1+4:0:0:0:0, 6+6:4:0:0:4, 2+2:1:0:0:0, 4+6:2:0:0:2, 6+9:0:0:0:2, 3+1:0:0:0:0, 2+0:0:0:0:0, 5+3:0:0:0:2, 4+1:0:0:0:1, 1+0:0:0:0:0, 5+0:0:0:0:0, 5+2:0:1:0:1, 4+4:0:0:0:0, 3+1:0:0:0:1, 2+1:0:0:0:0, 5+3:0:0:0:0, 2+0:0:0:0:0, 8+5:1:0:0:1, 2+0:0:0:0:0, 3+4:0:0:0:2, 5+2:0:0:0:0, 9+6:1:1:0:1, 2+0:0:0:0:0, 4+1:0:0:0:1, 3+3:0:0:0:0, 3+1:0:0:0:1, 1+0:0:0:0:0, 3+1:0:0:0:1, 3+2:0:0:0:0, 1+3:0:0:0:0, 4+5:0:0:0:1, 1+2:0:1:0:1, 2+3:1:0:0:1, 2+3:1:0:0:0, 0+1:0:0:0:0, 3+7:0:0:0:4, 3+2:0:0:0:0, 5+4:2:0:0:0, 2+0:0:0:0:0, 6+3:0:0:0:0, 3+2:0:0:0:2, 2+0:0:0:0:0, 7+5:1:0:0:0, 7+8:0:4:0:4, 3+1:1:0:0:1, 5+4:0:0:0:3, 2+0:0:0:0:0, 3+2:0:0:0:0, 3+2:2:0:0:0, 3+1:0:0:0:0, 2+0:0:0:0:0, 3+4:2:0:0:2, 2+0:0:0:0:0, 3+2:1:0:0:1, 3+0:0:0:0:0, 3+4:1:0:0:3, 2+0:0:0:0:0, 3+2:1:0:0:1, 679+439:48:24:0:127
E minor (1#), 1+2:0:0:0:0, 2+0:0:0:0:0, 0+1:0:0:0:0, 0+0:0:0:0:0, 2+1:0:0:0:0, 0+2:0:0:0:0, 1+5:0:0:0:0, 1+3:0:0:0:0, 2+3:0:0:0:1, 2+0:0:0:0:0, 4+1:0:0:0:1, 1+1:1:0:0:0, 4+1:0:0:0:0, 2+1:0:0:0:1, 4+1:0:0:0:0, 4+4:0:0:0:0, 0+2:0:0:0:0, 2+0:0:0:0:0, 0+1:0:0:0:0,  , 3+0:0:0:0:0, 3+1:0:1:0:1, 2+0:0:0:0:0, 1+0:0:0:0:0, 0+1:0:0:0:0, 1+3:0:0:0:0, 1+1:0:0:0:0, 1+1:0:0:0:0, 1+3:0:0:0:0, 3+3:0:0:0:0, 4+2:0:0:0:0, 5+4:1:0:0:1, 1+1:0:0:0:0, 3+2:0:0:0:0, 2+2:0:0:0:0, 0+2:0:0:0:0, 1+2:0:0:0:0, 0+2:0:0:0:0, 2+5:0:0:0:0, 2+2:0:0:0:1, 1+0:0:0:0:0, 4+2:0:0:0:1, 2+3:0:0:0:2, 2+6:3:0:0:3, 4+2:1:0:0:1, 4+3:0:0:0:2, 4+3:0:0:0:1, 3+6:1:0:0:1, 0+3:0:0:0:0, 6+2:0:0:0:0, 0+2:0:0:0:0,  , 4+1:0:0:0:0, 7+3:0:1:0:0, 4+2:0:0:0:0, 5+3:0:0:0:0, 3+1:0:0:0:1, 2+2:0:0:0:0, 1+2:0:0:0:0, 1+2:0:0:0:0, 2+1:0:0:0:0, 1+0:0:0:0:0, 2+3:0:0:0:1, 3+4:1:0:0:1, 0+1:0:0:0:0, 2+0:0:0:0:0, 0+1:0:0:0:0, 0+0:0:0:0:0, 2+2:0:1:0:1, 0+1:0:0:0:0, 1+1:0:0:0:0, 1+1:0:0:0:0, 1+0:0:0:0:0, 2+1:0:0:0:0, 1+0:0:0:0:0, 1+2:2:0:0:0, 1+0:0:0:0:0, 2+1:0:0:0:1, 2+2:0:0:0:0, 2+3:0:0:0:0, 0+1:0:0:0:0, 2+0:0:0:0:0, 0+3:0:0:0:0,  , 2+0:0:0:0:0, 3+2:0:2:0:0, 2+0:0:0:0:0, 1+0:0:0:0:0, 0+2:0:0:0:0, 1+2:0:0:0:0, 0+0:0:0:0:0, 3+3:0:0:0:0, 1+1:0:0:0:0, 1+3:0:0:0:0, 2+1:0:0:0:0, 3+4:1:0:0:1, 0+2:0:0:0:0, 3+1:0:0:0:0, 0+1:0:0:0:0,  , 2+2:0:0:0:0, 0+2:0:0:0:0, 3+2:0:0:0:0, 5+4:0:0:0:0, 1+0:0:0:0:0, 2+2:0:0:0:0, 1+0:0:0:0:0, 3+1:0:0:0:0, 3+2:0:1:0:1, 3+1:0:0:0:1, 3+4:0:0:0:1, 5+7:0:0:0:0, 1+4:0:0:0:0, 3+1:0:0:0:0, 3+5:0:0:0:2, 2+2:0:0:0:0, 3+2:0:0:0:0, 4+3:0:3:0:0, 1+0:0:0:0:0, 1+0:0:0:0:0, 0+1:0:0:0:0, 2+3:0:0:0:0, 1+1:0:0:0:1, 4+3:1:0:0:0, 2+4:1:0:0:0, 4+5:0:0:0:0, 4+4:0:0:0:4, 4+8:2:0:0:3, 0+1:0:0:0:0, 3+1:0:0:0:0, 0+1:0:0:0:0, 1+2:0:0:0:0, 1+2:0:0:0:0, 4+6:0:0:0:0, 2+4:0:0:0:0, 5+3:0:0:0:0, 1+0:0:0:0:0, 6+3:0:0:0:0, 5+3:0:0:0:0, 1+2:2:0:0:0, 1+4:3:0:0:0, 7+5:0:0:0:0, 3+1:0:0:0:0, 6+7:0:0:0:2, 0+2:0:0:0:0, 4+2:0:2:0:2, 2+2:0:0:0:0, 2+1:0:0:0:0, 5+2:0:1:0:0, 5+2:0:1:0:1, 4+1:0:0:0:0, 2+1:0:0:0:0, 0+0:0:0:0:0, 4+3:0:0:0:0, 3+2:0:0:0:0, 6+5:0:0:0:0, 3+2:0:0:0:0, 2+1:0:0:0:0, 4+3:0:0:0:0, 3+4:1:0:0:1, 0+0:0:0:0:0, 7+8:0:0:0:0, 2+3:0:0:0:0, 3+2:0:0:0:0, 1+0:0:0:0:0, 2+0:0:0:0:0, 4+4:0:0:0:1, 3+2:0:0:0:0, 1+0:0:0:0:0, 3+1:0:0:0:0, 3+4:0:0:0:0, 6+6:4:0:0:4, 2+2:1:0:0:0, 6+6:2:0:0:2, 6+4:0:0:0:0, 2+3:0:0:0:0, 0+2:0:0:0:0, 3+2:0:0:0:0, 2+3:0:0:0:0, 0+0:0:0:0:0, 3+1:0:0:0:0, 4+2:0:2:0:2, 3+2:0:0:0:0, 1+1:0:0:0:0, 0+3:0:0:0:0, 3+3:0:0:0:0, 0+2:0:0:0:0, 6+6:1:0:0:2, 1+3:0:0:0:0, 1+1:0:0:0:0, 5+4:0:0:0:1, 7+10:1:1:0:1, 0+2:0:0:0:0, 2+2:0:0:0:0, 3+3:0:0:0:0, 1+1:0:0:0:0, 1+1:0:0:0:0, 3+3:0:0:0:0, 3+2:0:0:0:0, 1+3:0:0:0:0, 4+5:0:0:0:1, 3+2:0:1:0:1, 2+0:0:0:0:0, 1+1:1:0:0:0, 1+1:0:0:0:0, 5+7:0:0:0:4, 3+2:0:0:0:0, 6+6:1:0:0:1, 0+2:0:0:0:0, 4+2:0:0:0:0, 1+2:0:0:0:0, 0+0:0:0:0:0, 5+2:1:0:0:1, 6+7:0:6:0:0, 3+1:0:0:0:0, 3+2:0:0:0:0, 0+1:0:0:0:0, 3+2:0:0:0:0, 2+2:0:0:0:0, 2+2:0:0:0:0, 1+2:0:0:0:0, 3+2:0:0:0:0, 1+0:0:0:0:0, 3+1:1:0:0:1, 1+1:0:0:0:0, 3+1:1:0:0:1, 1+0:0:0:0:0, 3+1:1:0:0:1, 514+479:36:23:0:66
D minor mel (1b),  ,  ,  ,  ,  ,  ,  ,  ,  ,  ,  ,  ,  ,  ,  ,  ,  ,  ,  ,  ,  ,  ,  ,  ,  ,  ,  ,  ,  ,  ,  ,  ,  ,  ,  ,  ,  ,  ,  ,  ,  ,  ,  ,  ,  ,  ,  ,  ,  ,  ,  ,  ,  ,  ,  ,  ,  ,  ,  ,  ,  ,  ,  ,  ,  ,  ,  ,  ,  ,  ,  ,  ,  ,  ,  ,  ,  ,  ,  ,  ,  ,  ,  ,  ,  ,  ,  ,  ,  ,  ,  ,  ,  ,  ,  ,  ,  ,  ,  ,  ,  ,  ,  ,  ,  ,  ,  ,  ,  ,  ,  ,  ,  ,  ,  ,  ,  ,  ,  ,  ,  ,  ,  ,  ,  ,  ,  ,  ,  ,  ,  ,  ,  ,  ,  ,  ,  ,  ,  ,  ,  ,  ,  ,  ,  ,  ,  ,  ,  ,  ,  ,  ,  ,  ,  ,  ,  ,  ,  ,  ,  ,  ,  ,  ,  ,  ,  ,  ,  ,  ,  ,  ,  ,  ,  ,  ,  ,  ,  ,  ,  ,  ,  ,  ,  ,  ,  ,  ,  ,  ,  ,  ,  ,  ,  ,  ,  ,  ,  ,  ,  ,  ,  ,  ,  ,  ,  ,  ,  ,  ,  ,  ,  ,  ,  ,  ,  ,  ,  ,  ,  ,  ,  ,  ,  ,  ,  ,  , 0+0:0:0:0:0
E minor mel (1#),  ,  ,  ,  ,  ,  ,  ,  ,  ,  ,  ,  ,  ,  ,  ,  ,  ,  ,  ,  ,  ,  ,  ,  ,  ,  ,  ,  ,  ,  ,  ,  ,  ,  ,  ,  ,  ,  ,  ,  ,  ,  ,  ,  ,  ,  ,  ,  ,  ,  ,  ,  ,  ,  ,  ,  ,  ,  ,  ,  ,  ,  ,  ,  ,  ,  ,  ,  ,  ,  ,  ,  ,  ,  ,  ,  ,  ,  ,  ,  ,  ,  ,  ,  ,  ,  ,  ,  ,  ,  ,  ,  ,  ,  ,  ,  ,  ,  ,  ,  ,  ,  ,  ,  ,  ,  ,  ,  ,  ,  ,  ,  ,  ,  ,  ,  ,  ,  ,  ,  ,  ,  ,  ,  ,  ,  ,  ,  ,  ,  ,  ,  ,  ,  ,  ,  ,  ,  ,  ,  ,  ,  ,  ,  ,  ,  ,  ,  ,  ,  ,  ,  ,  ,  ,  ,  ,  ,  ,  ,  ,  ,  ,  ,  ,  ,  ,  ,  ,  ,  ,  ,  ,  ,  ,  ,  ,  ,  ,  ,  ,  ,  ,  ,  ,  ,  ,  ,  ,  ,  ,  ,  ,  ,  ,  ,  ,  ,  ,  ,  ,  ,  ,  ,  ,  ,  ,  ,  ,  ,  ,  ,  ,  ,  ,  ,  ,  ,  ,  ,  ,  ,  ,  ,  ,  ,  ,  ,  , 0+0:0:0:0:0
F major blues (1b),  ,  ,  ,  ,  ,  ,  ,  ,  ,  ,  ,  ,  ,  ,  ,  ,  ,  ,  ,  ,  ,  ,  ,  ,  ,  ,  ,  ,  ,  ,  ,  ,  ,  ,  ,  ,  ,  ,  ,  ,  ,  ,  ,  ,  ,  ,  ,  ,  ,  ,  ,  ,  ,  ,  ,  ,  ,  ,  ,  ,  ,  ,  ,  ,  ,  ,  ,  ,  ,  ,  ,  ,  ,  ,  ,  ,  ,  ,  ,  ,  ,  ,  ,  ,  ,  ,  ,  ,  ,  ,  ,  ,  ,  ,  ,  ,  ,  ,  ,  ,  ,  ,  ,  ,  ,  ,  ,  ,  ,  ,  ,  ,  ,  ,  ,  ,  ,  ,  ,  ,  ,  ,  ,  ,  ,  ,  ,  ,  ,  ,  ,  ,  ,  ,  ,  ,  ,  ,  ,  ,  ,  ,  ,  ,  ,  ,  ,  ,  ,  ,  ,  ,  ,  ,  ,  ,  ,  ,  ,  ,  ,  ,  ,  ,  ,  ,  ,  ,  ,  ,  ,  ,  ,  ,  ,  ,  ,  ,  ,  ,  ,  ,  ,  ,  ,  ,  ,  ,  ,  ,  ,  ,  ,  ,  ,  ,  ,  ,  ,  ,  ,  ,  ,  ,  ,  ,  ,  ,  ,  ,  ,  ,  ,  ,  ,  ,  ,  ,  ,  ,  ,  ,  ,  ,  ,  ,  ,  , 0+0:0:0:0:0
G major blues (1#),  ,  ,  ,  ,  ,  ,  ,  ,  ,  ,  ,  ,  ,  ,  ,  ,  ,  ,  ,  ,  ,  ,  ,  ,  ,  ,  ,  ,  ,  ,  ,  ,  ,  ,  ,  ,  ,  ,  ,  ,  ,  ,  ,  ,  ,  ,  ,  ,  ,  ,  ,  ,  ,  ,  ,  ,  ,  ,  ,  ,  ,  ,  ,  ,  ,  ,  ,  ,  ,  ,  ,  ,  ,  ,  ,  ,  ,  ,  ,  ,  ,  ,  ,  ,  ,  ,  ,  ,  ,  ,  ,  ,  ,  ,  ,  ,  ,  ,  ,  ,  ,  ,  ,  ,  ,  ,  ,  ,  ,  ,  ,  ,  ,  ,  ,  ,  ,  ,  ,  ,  ,  ,  ,  ,  ,  ,  ,  ,  ,  ,  ,  ,  ,  ,  ,  ,  ,  ,  ,  ,  ,  ,  ,  ,  ,  ,  ,  ,  ,  ,  ,  ,  ,  ,  ,  ,  ,  ,  ,  ,  ,  ,  ,  ,  ,  ,  ,  ,  ,  ,  ,  ,  ,  ,  ,  ,  ,  ,  ,  ,  ,  ,  ,  ,  ,  ,  ,  ,  ,  ,  ,  ,  ,  ,  ,  ,  ,  ,  ,  ,  ,  ,  ,  ,  ,  ,  ,  ,  ,  ,  ,  ,  ,  ,  ,  ,  ,  ,  ,  ,  ,  ,  ,  ,  ,  ,  ,  , 0+0:0:0:0:0
D minor blues (1b),  ,  ,  ,  ,  ,  ,  ,  ,  ,  ,  ,  ,  ,  ,  ,  ,  ,  ,  ,  ,  ,  ,  ,  ,  ,  ,  ,  ,  ,  ,  ,  ,  ,  ,  ,  ,  ,  ,  ,  ,  ,  ,  ,  ,  ,  ,  ,  ,  ,  ,  ,  ,  ,  ,  ,  ,  ,  ,  ,  ,  ,  ,  ,  ,  ,  ,  ,  ,  ,  ,  ,  ,  ,  ,  ,  ,  ,  ,  ,  ,  ,  ,  ,  ,  ,  ,  ,  ,  ,  ,  ,  ,  ,  ,  ,  ,  ,  ,  ,  ,  ,  ,  ,  ,  ,  ,  ,  ,  ,  ,  ,  ,  ,  ,  ,  ,  ,  ,  ,  ,  ,  ,  ,  ,  ,  ,  ,  ,  ,  ,  ,  ,  ,  ,  ,  ,  ,  ,  ,  ,  ,  ,  ,  ,  ,  ,  ,  ,  ,  ,  ,  ,  ,  ,  ,  ,  ,  ,  ,  ,  ,  ,  ,  ,  ,  ,  ,  ,  ,  ,  ,  ,  ,  ,  ,  ,  ,  ,  ,  ,  ,  ,  ,  ,  ,  ,  ,  ,  ,  ,  ,  ,  ,  ,  ,  ,  ,  ,  ,  ,  ,  ,  ,  ,  ,  ,  ,  ,  ,  ,  ,  ,  ,  ,  ,  ,  ,  ,  ,  ,  ,  ,  ,  ,  ,  ,  ,  , 0+0:0:0:0:0
E minor blues (1#),  ,  ,  ,  ,  ,  ,  ,  ,  ,  ,  ,  ,  ,  ,  ,  ,  ,  ,  ,  ,  ,  ,  ,  ,  ,  ,  ,  ,  ,  ,  ,  ,  ,  ,  ,  ,  ,  ,  ,  ,  ,  ,  ,  ,  ,  ,  ,  ,  ,  ,  ,  ,  ,  ,  ,  ,  ,  ,  ,  ,  ,  ,  ,  ,  ,  ,  ,  ,  ,  ,  ,  ,  ,  ,  ,  ,  ,  ,  ,  ,  ,  ,  ,  ,  ,  ,  ,  ,  ,  ,  ,  ,  ,  ,  ,  ,  ,  ,  ,  ,  ,  ,  ,  ,  ,  ,  ,  ,  ,  ,  ,  ,  ,  ,  ,  ,  ,  ,  ,  ,  ,  ,  ,  ,  ,  ,  ,  ,  ,  ,  ,  ,  ,  ,  ,  ,  ,  ,  ,  ,  ,  ,  ,  ,  ,  ,  ,  ,  ,  ,  ,  ,  ,  ,  ,  ,  ,  ,  ,  ,  ,  ,  ,  ,  ,  ,  ,  ,  ,  ,  ,  ,  ,  ,  ,  ,  ,  ,  ,  ,  ,  ,  ,  ,  ,  ,  ,  ,  ,  ,  ,  ,  ,  ,  ,  ,  ,  ,  ,  ,  ,  ,  ,  ,  ,  ,  ,  ,  ,  ,  ,  ,  ,  ,  ,  ,  ,  ,  ,  ,  ,  ,  ,  ,  ,  ,  ,  , 0+0:0:0:0:0
F dorian (1b),  ,  ,  ,  ,  ,  ,  ,  ,  ,  ,  ,  ,  ,  ,  ,  ,  ,  ,  ,  ,  ,  ,  ,  ,  ,  ,  ,  ,  ,  ,  ,  ,  ,  ,  ,  ,  ,  ,  ,  ,  ,  ,  ,  ,  ,  ,  ,  ,  ,  ,  ,  ,  ,  ,  ,  ,  ,  ,  ,  ,  ,  ,  ,  ,  ,  ,  ,  ,  ,  ,  ,  ,  ,  ,  ,  ,  ,  ,  ,  ,  ,  ,  ,  ,  ,  ,  ,  ,  ,  ,  ,  ,  ,  ,  ,  ,  ,  ,  ,  ,  ,  ,  ,  ,  ,  ,  ,  ,  ,  ,  ,  ,  ,  ,  ,  ,  ,  ,  ,  ,  ,  ,  ,  ,  ,  ,  ,  ,  ,  ,  ,  ,  ,  ,  ,  ,  ,  ,  ,  ,  ,  ,  ,  ,  ,  ,  ,  ,  ,  ,  ,  ,  ,  ,  ,  ,  ,  ,  ,  ,  ,  ,  ,  ,  ,  ,  ,  ,  ,  ,  ,  ,  ,  ,  ,  ,  ,  ,  ,  ,  ,  ,  ,  ,  ,  ,  ,  ,  ,  ,  ,  ,  ,  ,  ,  ,  ,  ,  ,  ,  ,  ,  ,  ,  ,  ,  ,  ,  ,  ,  ,  ,  ,  ,  ,  ,  ,  ,  ,  ,  ,  ,  ,  ,  ,  ,  ,  , 0+0:0:0:0:0
G dorian (1#),  ,  ,  ,  ,  ,  ,  ,  ,  ,  ,  ,  ,  ,  ,  ,  ,  ,  ,  ,  ,  ,  ,  ,  ,  ,  ,  ,  ,  ,  ,  ,  ,  ,  ,  ,  ,  ,  ,  ,  ,  ,  ,  ,  ,  ,  ,  ,  ,  ,  ,  ,  ,  ,  ,  ,  ,  ,  ,  ,  ,  ,  ,  ,  ,  ,  ,  ,  ,  ,  ,  ,  ,  ,  ,  ,  ,  ,  ,  ,  ,  ,  ,  ,  ,  ,  ,  ,  ,  ,  ,  ,  ,  ,  ,  ,  ,  ,  ,  ,  ,  ,  ,  ,  ,  ,  ,  ,  ,  ,  ,  ,  ,  ,  ,  ,  ,  ,  ,  ,  ,  ,  ,  ,  ,  ,  ,  ,  ,  ,  ,  ,  ,  ,  ,  ,  ,  ,  ,  ,  ,  ,  ,  ,  ,  ,  ,  ,  ,  ,  ,  ,  ,  ,  ,  ,  ,  ,  ,  ,  ,  ,  ,  ,  ,  ,  ,  ,  ,  ,  ,  ,  ,  ,  ,  ,  ,  ,  ,  ,  ,  ,  ,  ,  ,  ,  ,  ,  ,  ,  ,  ,  ,  ,  ,  ,  ,  ,  ,  ,  ,  ,  ,  ,  ,  ,  ,  ,  ,  ,  ,  ,  ,  ,  ,  ,  ,  ,  ,  ,  ,  ,  ,  ,  ,  ,  ,  ,  , 0+0:0:0:0:0
F phrygian (1b),  ,  ,  ,  ,  ,  ,  ,  ,  ,  ,  ,  ,  ,  ,  ,  ,  ,  ,  ,  ,  ,  ,  ,  ,  ,  ,  ,  ,  ,  ,  ,  ,  ,  ,  ,  ,  ,  ,  ,  ,  ,  ,  ,  ,  ,  ,  ,  ,  ,  ,  ,  ,  ,  ,  ,  ,  ,  ,  ,  ,  ,  ,  ,  ,  ,  ,  ,  ,  ,  ,  ,  ,  ,  ,  ,  ,  ,  ,  ,  ,  ,  ,  ,  ,  ,  ,  ,  ,  ,  ,  ,  ,  ,  ,  ,  ,  ,  ,  ,  ,  ,  ,  ,  ,  ,  ,  ,  ,  ,  ,  ,  ,  ,  ,  ,  ,  ,  ,  ,  ,  ,  ,  ,  ,  ,  ,  ,  ,  ,  ,  ,  ,  ,  ,  ,  ,  ,  ,  ,  ,  ,  ,  ,  ,  ,  ,  ,  ,  ,  ,  ,  ,  ,  ,  ,  ,  ,  ,  ,  ,  ,  ,  ,  ,  ,  ,  ,  ,  ,  ,  ,  ,  ,  ,  ,  ,  ,  ,  ,  ,  ,  ,  ,  ,  ,  ,  ,  ,  ,  ,  ,  ,  ,  ,  ,  ,  ,  ,  ,  ,  ,  ,  ,  ,  ,  ,  ,  ,  ,  ,  ,  ,  ,  ,  ,  ,  ,  ,  ,  ,  ,  ,  ,  ,  ,  ,  ,  , 0+0:0:0:0:0
G phrygian (1#),  ,  ,  ,  ,  ,  ,  ,  ,  ,  ,  ,  ,  ,  ,  ,  ,  ,  ,  ,  ,  ,  ,  ,  ,  ,  ,  ,  ,  ,  ,  ,  ,  ,  ,  ,  ,  ,  ,  ,  ,  ,  ,  ,  ,  ,  ,  ,  ,  ,  ,  ,  ,  ,  ,  ,  ,  ,  ,  ,  ,  ,  ,  ,  ,  ,  ,  ,  ,  ,  ,  ,  ,  ,  ,  ,  ,  ,  ,  ,  ,  ,  ,  ,  ,  ,  ,  ,  ,  ,  ,  ,  ,  ,  ,  ,  ,  ,  ,  ,  ,  ,  ,  ,  ,  ,  ,  ,  ,  ,  ,  ,  ,  ,  ,  ,  ,  ,  ,  ,  ,  ,  ,  ,  ,  ,  ,  ,  ,  ,  ,  ,  ,  ,  ,  ,  ,  ,  ,  ,  ,  ,  ,  ,  ,  ,  ,  ,  ,  ,  ,  ,  ,  ,  ,  ,  ,  ,  ,  ,  ,  ,  ,  ,  ,  ,  ,  ,  ,  ,  ,  ,  ,  ,  ,  ,  ,  ,  ,  ,  ,  ,  ,  ,  ,  ,  ,  ,  ,  ,  ,  ,  ,  ,  ,  ,  ,  ,  ,  ,  ,  ,  ,  ,  ,  ,  ,  ,  ,  ,  ,  ,  ,  ,  ,  ,  ,  ,  ,  ,  ,  ,  ,  ,  ,  ,  ,  ,  , 0+0:0:0:0:0
F lydian (1b),  ,  ,  ,  ,  ,  ,  ,  ,  ,  ,  ,  ,  ,  ,  ,  ,  ,  ,  ,  ,  ,  ,  ,  ,  ,  ,  ,  ,  ,  ,  ,  ,  ,  ,  ,  ,  ,  ,  ,  ,  ,  ,  ,  ,  ,  ,  ,  ,  ,  ,  ,  ,  ,  ,  ,  ,  ,  ,  ,  ,  ,  ,  ,  ,  ,  ,  ,  ,  ,  ,  ,  ,  ,  ,  ,  ,  ,  ,  ,  ,  ,  ,  ,  ,  ,  ,  ,  ,  ,  ,  ,  ,  ,  ,  ,  ,  ,  ,  ,  ,  ,  ,  ,  ,  ,  ,  ,  ,  ,  ,  ,  ,  ,  ,  ,  ,  ,  ,  ,  ,  ,  ,  ,  ,  ,  ,  ,  ,  ,  ,  ,  ,  ,  ,  ,  ,  ,  ,  ,  ,  ,  ,  ,  ,  ,  ,  ,  ,  ,  ,  ,  ,  ,  ,  ,  ,  ,  ,  ,  ,  ,  ,  ,  ,  ,  ,  ,  ,  ,  ,  ,  ,  ,  ,  ,  ,  ,  ,  ,  ,  ,  ,  ,  ,  ,  ,  ,  ,  ,  ,  ,  ,  ,  ,  ,  ,  ,  ,  ,  ,  ,  ,  ,  ,  ,  ,  ,  ,  ,  ,  ,  ,  ,  ,  ,  ,  ,  ,  ,  ,  ,  ,  ,  ,  ,  ,  ,  , 0+0:0:0:0:0
G lydian (1#),  ,  ,  ,  ,  ,  ,  ,  ,  ,  ,  ,  ,  ,  ,  ,  ,  ,  ,  ,  ,  ,  ,  ,  ,  ,  ,  ,  ,  ,  ,  ,  ,  ,  ,  ,  ,  ,  ,  ,  ,  ,  ,  ,  ,  ,  ,  ,  ,  ,  ,  ,  ,  ,  ,  ,  ,  ,  ,  ,  ,  ,  ,  ,  ,  ,  ,  ,  ,  ,  ,  ,  ,  ,  ,  ,  ,  ,  ,  ,  ,  ,  ,  ,  ,  ,  ,  ,  ,  ,  ,  ,  ,  ,  ,  ,  ,  ,  ,  ,  ,  ,  ,  ,  ,  ,  ,  ,  ,  ,  ,  ,  ,  ,  ,  ,  ,  ,  ,  ,  ,  ,  ,  ,  ,  ,  ,  ,  ,  ,  ,  ,  ,  ,  ,  ,  ,  ,  ,  ,  ,  ,  ,  ,  ,  ,  ,  ,  ,  ,  ,  ,  ,  ,  ,  ,  ,  ,  ,  ,  ,  ,  ,  ,  ,  ,  ,  ,  ,  ,  ,  ,  ,  ,  ,  ,  ,  ,  ,  ,  ,  ,  ,  ,  ,  ,  ,  ,  ,  ,  ,  ,  ,  ,  ,  ,  ,  ,  ,  ,  ,  ,  ,  ,  ,  ,  ,  ,  ,  ,  ,  ,  ,  ,  ,  ,  ,  ,  ,  ,  ,  ,  ,  ,  ,  ,  ,  ,  , 0+0:0:0:0:0
F mixolydian (1b),  ,  ,  ,  ,  ,  ,  ,  ,  ,  ,  ,  ,  ,  ,  ,  ,  ,  ,  ,  ,  ,  ,  ,  ,  ,  ,  ,  ,  ,  ,  ,  ,  ,  ,  ,  ,  ,  ,  ,  ,  ,  ,  ,  ,  ,  ,  ,  ,  ,  ,  ,  ,  ,  ,  ,  ,  ,  ,  ,  ,  ,  ,  ,  ,  ,  ,  ,  ,  ,  ,  ,  ,  ,  ,  ,  ,  ,  ,  ,  ,  ,  ,  ,  ,  ,  ,  ,  ,  ,  ,  ,  ,  ,  ,  ,  ,  ,  ,  ,  ,  ,  ,  ,  ,  ,  ,  ,  ,  ,  ,  ,  ,  ,  ,  ,  ,  ,  ,  ,  ,  ,  ,  ,  ,  ,  ,  ,  ,  ,  ,  ,  ,  ,  ,  ,  ,  ,  ,  ,  ,  ,  ,  ,  ,  ,  ,  ,  ,  ,  ,  ,  ,  ,  ,  ,  ,  ,  ,  ,  ,  ,  ,  ,  ,  ,  ,  ,  ,  ,  ,  ,  ,  ,  ,  ,  ,  ,  ,  ,  ,  ,  ,  ,  ,  ,  ,  ,  ,  ,  ,  ,  ,  ,  ,  ,  ,  ,  ,  ,  ,  ,  ,  ,  ,  ,  ,  ,  ,  ,  ,  ,  ,  ,  ,  ,  ,  ,  ,  ,  ,  ,  ,  ,  ,  ,  ,  ,  , 0+0:0:0:0:0
G mixolydian (1#),  ,  ,  ,  ,  ,  ,  ,  ,  ,  ,  ,  ,  ,  ,  ,  ,  ,  ,  ,  ,  ,  ,  ,  ,  ,  ,  ,  ,  ,  ,  ,  ,  ,  ,  ,  ,  ,  ,  ,  ,  ,  ,  ,  ,  ,  ,  ,  ,  ,  ,  ,  ,  ,  ,  ,  ,  ,  ,  ,  ,  ,  ,  ,  ,  ,  ,  ,  ,  ,  ,  ,  ,  ,  ,  ,  ,  ,  ,  ,  ,  ,  ,  ,  ,  ,  ,  ,  ,  ,  ,  ,  ,  ,  ,  ,  ,  ,  ,  ,  ,  ,  ,  ,  ,  ,  ,  ,  ,  ,  ,  ,  ,  ,  ,  ,  ,  ,  ,  ,  ,  ,  ,  ,  ,  ,  ,  ,  ,  ,  ,  ,  ,  ,  ,  ,  ,  ,  ,  ,  ,  ,  ,  ,  ,  ,  ,  ,  ,  ,  ,  ,  ,  ,  ,  ,  ,  ,  ,  ,  ,  ,  ,  ,  ,  ,  ,  ,  ,  ,  ,  ,  ,  ,  ,  ,  ,  ,  ,  ,  ,  ,  ,  ,  ,  ,  ,  ,  ,  ,  ,  ,  ,  ,  ,  ,  ,  ,  ,  ,  ,  ,  ,  ,  ,  ,  ,  ,  ,  ,  ,  ,  ,  ,  ,  ,  ,  ,  ,  ,  ,  ,  ,  ,  ,  ,  ,  ,  , 0+0:0:0:0:0
F aeolian (1b),  ,  ,  ,  ,  ,  ,  ,  ,  ,  ,  ,  ,  ,  ,  ,  ,  ,  ,  ,  ,  ,  ,  ,  ,  ,  ,  ,  ,  ,  ,  ,  ,  ,  ,  ,  ,  ,  ,  ,  ,  ,  ,  ,  ,  ,  ,  ,  ,  ,  ,  ,  ,  ,  ,  ,  ,  ,  ,  ,  ,  ,  ,  ,  ,  ,  ,  ,  ,  ,  ,  ,  ,  ,  ,  ,  ,  ,  ,  ,  ,  ,  ,  ,  ,  ,  ,  ,  ,  ,  ,  ,  ,  ,  ,  ,  ,  ,  ,  ,  ,  ,  ,  ,  ,  ,  ,  ,  ,  ,  ,  ,  ,  ,  ,  ,  ,  ,  ,  ,  ,  ,  ,  ,  ,  ,  ,  ,  ,  ,  ,  ,  ,  ,  ,  ,  ,  ,  ,  ,  ,  ,  ,  ,  ,  ,  ,  ,  ,  ,  ,  ,  ,  ,  ,  ,  ,  ,  ,  ,  ,  ,  ,  ,  ,  ,  ,  ,  ,  ,  ,  ,  ,  ,  ,  ,  ,  ,  ,  ,  ,  ,  ,  ,  ,  ,  ,  ,  ,  ,  ,  ,  ,  ,  ,  ,  ,  ,  ,  ,  ,  ,  ,  ,  ,  ,  ,  ,  ,  ,  ,  ,  ,  ,  ,  ,  ,  ,  ,  ,  ,  ,  ,  ,  ,  ,  ,  ,  , 0+0:0:0:0:0
G aeolian (1#),  ,  ,  ,  ,  ,  ,  ,  ,  ,  ,  ,  ,  ,  ,  ,  ,  ,  ,  ,  ,  ,  ,  ,  ,  ,  ,  ,  ,  ,  ,  ,  ,  ,  ,  ,  ,  ,  ,  ,  ,  ,  ,  ,  ,  ,  ,  ,  ,  ,  ,  ,  ,  ,  ,  ,  ,  ,  ,  ,  ,  ,  ,  ,  ,  ,  ,  ,  ,  ,  ,  ,  ,  ,  ,  ,  ,  ,  ,  ,  ,  ,  ,  ,  ,  ,  ,  ,  ,  ,  ,  ,  ,  ,  ,  ,  ,  ,  ,  ,  ,  ,  ,  ,  ,  ,  ,  ,  ,  ,  ,  ,  ,  ,  ,  ,  ,  ,  ,  ,  ,  ,  ,  ,  ,  ,  ,  ,  ,  ,  ,  ,  ,  ,  ,  ,  ,  ,  ,  ,  ,  ,  ,  ,  ,  ,  ,  ,  ,  ,  ,  ,  ,  ,  ,  ,  ,  ,  ,  ,  ,  ,  ,  ,  ,  ,  ,  ,  ,  ,  ,  ,  ,  ,  ,  ,  ,  ,  ,  ,  ,  ,  ,  ,  ,  ,  ,  ,  ,  ,  ,  ,  ,  ,  ,  ,  ,  ,  ,  ,  ,  ,  ,  ,  ,  ,  ,  ,  ,  ,  ,  ,  ,  ,  ,  ,  ,  ,  ,  ,  ,  ,  ,  ,  ,  ,  ,  ,  , 0+0:0:0:0:0
F locrian (1b),  ,  ,  ,  ,  ,  ,  ,  ,  ,  ,  ,  ,  ,  ,  ,  ,  ,  ,  ,  ,  ,  ,  ,  ,  ,  ,  ,  ,  ,  ,  ,  ,  ,  ,  ,  ,  ,  ,  ,  ,  ,  ,  ,  ,  ,  ,  ,  ,  ,  ,  ,  ,  ,  ,  ,  ,  ,  ,  ,  ,  ,  ,  ,  ,  ,  ,  ,  ,  ,  ,  ,  ,  ,  ,  ,  ,  ,  ,  ,  ,  ,  ,  ,  ,  ,  ,  ,  ,  ,  ,  ,  ,  ,  ,  ,  ,  ,  ,  ,  ,  ,  ,  ,  ,  ,  ,  ,  ,  ,  ,  ,  ,  ,  ,  ,  ,  ,  ,  ,  ,  ,  ,  ,  ,  ,  ,  ,  ,  ,  ,  ,  ,  ,  ,  ,  ,  ,  ,  ,  ,  ,  ,  ,  ,  ,  ,  ,  ,  ,  ,  ,  ,  ,  ,  ,  ,  ,  ,  ,  ,  ,  ,  ,  ,  ,  ,  ,  ,  ,  ,  ,  ,  ,  ,  ,  ,  ,  ,  ,  ,  ,  ,  ,  ,  ,  ,  ,  ,  ,  ,  ,  ,  ,  ,  ,  ,  ,  ,  ,  ,  ,  ,  ,  ,  ,  ,  ,  ,  ,  ,  ,  ,  ,  ,  ,  ,  ,  ,  ,  ,  ,  ,  ,  ,  ,  ,  ,  , 0+0:0:0:0:0
G locrian (1#),  ,  ,  ,  ,  ,  ,  ,  ,  ,  ,  ,  ,  ,  ,  ,  ,  ,  ,  ,  ,  ,  ,  ,  ,  ,  ,  ,  ,  ,  ,  ,  ,  ,  ,  ,  ,  ,  ,  ,  ,  ,  ,  ,  ,  ,  ,  ,  ,  ,  ,  ,  ,  ,  ,  ,  ,  ,  ,  ,  ,  ,  ,  ,  ,  ,  ,  ,  ,  ,  ,  ,  ,  ,  ,  ,  ,  ,  ,  ,  ,  ,  ,  ,  ,  ,  ,  ,  ,  ,  ,  ,  ,  ,  ,  ,  ,  ,  ,  ,  ,  ,  ,  ,  ,  ,  ,  ,  ,  ,  ,  ,  ,  ,  ,  ,  ,  ,  ,  ,  ,  ,  ,  ,  ,  ,  ,  ,  ,  ,  ,  ,  ,  ,  ,  ,  ,  ,  ,  ,  ,  ,  ,  ,  ,  ,  ,  ,  ,  ,  ,  ,  ,  ,  ,  ,  ,  ,  ,  ,  ,  ,  ,  ,  ,  ,  ,  ,  ,  ,  ,  ,  ,  ,  ,  ,  ,  ,  ,  ,  ,  ,  ,  ,  ,  ,  ,  ,  ,  ,  ,  ,  ,  ,  ,  ,  ,  ,  ,  ,  ,  ,  ,  ,  ,  ,  ,  ,  ,  ,  ,  ,  ,  ,  ,  ,  ,  ,  ,  ,  ,  ,  ,  ,  ,  ,  ,  ,  , 0+0:0:0:0:0
Bb major (2b), 3+1:0:0:0:1, 5+0:0:0:0:0, 2+0:0:0:0:0, 0+0:0:0:0:0, 3+1:1:0:0:0, 2+0:0:0:0:0, 1+0:0:0:0:0, 1+0:0:0:0:0, 2+2:0:0:0:0, 0+0:0:0:0:0, 2+1:0:0:0:0, 1+2:2:0:0:2, 3+1:0:0:0:0, 2+1:0:0:0:0, 3+2:0:0:0:1, 5+2:1:0:0:0, 2+0:0:0:0:0, 5+0:0:0:0:0, 2+0:0:0:0:0,  , 5+2:0:0:0:0, 4+0:0:0:0:0, 5+4:0:0:0:0, 4+2:0:0:0:0, 3+0:0:0:0:0, 3+1:0:0:0:0, 4+1:0:0:0:1, 3+1:0:0:0:0, 3+2:0:0:0:0, 6+2:0:0:0:1, 5+3:0:0:0:1, 7+3:2:0:0:0, 4+1:0:0:0:1, 6+3:0:0:0:2, 5+2:0:0:0:2, 2+0:0:0:0:0, 4+1:0:0:0:0, 3+0:0:0:0:0, 2+2:0:0:0:0, 3+1:0:0:0:0, 0+0:0:0:0:0, 2+2:0:0:0:0, 1+1:0:0:0:1, 1+3:3:0:0:3, 4+2:1:0:0:1, 3+3:1:0:0:1, 5+3:0:0:0:2, 5+2:1:0:0:0, 2+0:0:0:0:0, 7+5:3:0:0:4, 3+0:0:0:0:0,  , 7+3:0:0:0:1, 8+5:0:0:0:1, 6+2:0:0:0:2, 8+3:0:0:0:0, 5+1:0:0:0:0, 5+1:0:0:0:0, 4+1:0:0:0:1, 3+2:0:0:0:0, 5+2:0:0:0:1, 4+2:0:0:0:2, 3+1:0:0:0:1, 5+2:1:0:0:0, 2+0:0:0:0:0, 5+0:0:0:0:0, 2+0:0:0:0:0, 0+0:0:0:0:0, 4+2:0:0:0:0, 1+0:0:0:0:0, 1+0:0:0:0:0, 1+0:0:0:0:0, 0+0:0:0:0:0, 0+0:0:0:0:0, 0+0:0:0:0:0, 1+2:2:0:0:2, 1+1:0:0:0:0, 1+0:0:0:0:0, 3+2:0:0:0:2, 4+1:0:0:0:0, 2+0:0:0:0:0, 5+0:0:0:0:0, 2+0:0:0:0:0,  , 4+1:0:0:0:0, 4+1:0:0:0:0, 4+0:0:0:0:0, 3+1:0:0:0:0, 2+0:0:0:0:0, 3+2:0:0:0:0, 2+0:0:0:0:0, 4+3:0:0:0:0, 3+1:0:0:0:0, 4+2:0:0:0:2, 3+1:0:0:0:1, 5+2:1:0:0:0, 3+0:0:0:0:0, 6+1:0:0:0:0, 3+0:0:0:0:0,  , 4+1:0:0:0:1, 2+0:0:0:0:0, 3+1:0:0:0:0, 4+2:0:0:0:0, 1+1:1:0:0:1, 0+0:0:0:0:0, 0+0:0:0:0:0, 2+4:3:0:0:4, 2+2:0:1:0:1, 1+0:0:0:0:0, 4+2:0:0:0:2, 7+3:0:1:0:2, 4+1:0:0:0:1, 6+2:0:0:0:1, 4+4:0:0:0:4, 4+2:0:0:0:0, 6+5:0:0:0:2, 6+1:0:0:0:0, 3+0:0:0:0:0, 3+1:0:0:0:0, 2+0:0:0:0:0, 3+2:0:0:0:2, 3+1:0:0:0:1, 4+2:1:0:0:1, 4+4:0:0:0:3, 7+4:0:0:0:3, 5+5:0:0:0:3, 6+4:2:0:0:0, 2+0:0:0:0:0, 6+1:0:0:0:0, 3+0:0:0:0:0, 3+1:0:0:0:0, 3+2:0:0:0:0, 2+2:0:0:0:0, 3+2:0:0:0:0, 5+2:0:0:0:0, 0+0:0:0:0:0, 2+2:0:0:0:0, 2+3:0:0:0:0, 3+2:2:0:0:0, 2+3:0:0:0:0, 4+2:0:0:0:0, 4+3:0:0:0:2, 6+4:0:0:0:1, 2+0:0:0:0:0, 7+4:0:2:0:0, 3+3:0:0:0:0, 2+1:0:0:0:1, 7+2:0:0:0:1, 6+2:1:1:0:1, 6+1:0:0:0:1, 5+1:0:0:0:0, 2+0:0:0:0:0, 5+2:0:0:0:1, 5+2:0:0:0:0, 7+4:1:0:0:2, 5+2:0:0:0:0, 5+3:0:0:0:3, 5+3:0:0:0:1, 5+2:1:0:0:0, 3+0:0:0:0:0, 8+6:1:0:0:2, 5+2:0:0:0:1, 4+2:0:0:0:0, 3+1:0:0:0:0, 1+0:0:0:0:0, 4+2:0:0:0:0, 4+2:0:0:0:0, 0+0:0:0:0:0, 1+1:1:0:0:1, 0+4:0:0:0:0, 7+6:4:0:0:4, 3+2:1:0:0:1, 5+3:0:0:0:0, 5+4:0:0:0:2, 4+1:0:0:0:0, 3+0:0:0:0:0, 6+3:0:0:0:2, 5+1:0:0:0:1, 2+0:0:0:0:0, 5+2:0:0:0:0, 5+2:0:0:0:0, 5+2:0:0:0:0, 4+0:0:0:0:0, 2+0:0:0:0:0, 6+3:0:0:0:0, 3+0:0:0:0:0, 8+6:0:0:0:4, 3+1:0:0:0:0, 4+2:0:0:0:2, 6+6:0:0:0:4, 10+5:1:1:0:2, 2+0:0:0:0:0, 5+2:0:0:0:1, 4+1:0:0:0:0, 4+1:0:0:0:1, 2+1:0:0:0:0, 2+1:0:0:0:1, 3+2:0:0:0:1, 1+0:0:0:0:0, 3+3:0:0:0:0, 2+1:0:1:0:1, 1+1:1:0:0:1, 1+3:3:0:0:3, 1+1:0:0:0:0, 3+2:0:1:0:0, 4+3:0:0:0:2, 6+4:2:0:0:0, 3+0:0:0:0:0, 7+2:0:0:0:0, 4+2:0:0:0:2, 3+0:0:0:0:0, 7+4:1:0:0:2, 7+2:0:0:0:1, 5+1:0:0:0:1, 6+2:0:0:0:0, 2+0:0:0:0:0, 4+3:0:0:0:2, 4+2:2:0:0:0, 4+1:0:0:0:0, 3+2:0:0:0:0, 4+4:2:0:0:2, 3+2:0:0:0:0, 4+2:1:0:0:1, 4+1:0:0:0:0, 4+4:1:0:0:3, 3+4:0:0:0:0, 4+2:1:0:0:1, 799+363:53:8:0:138
D major (2#), 1+1:0:0:0:1, 1+1:0:0:0:0, 0+0:0:0:0:0, 0+0:0:0:0:0, 1+1:0:0:0:1, 1+0:0:0:0:0, 1+0:0:0:0:0, 2+0:0:0:0:0, 3+3:0:0:0:1, 2+0:0:0:0:0, 5+2:0:0:0:0, 2+3:1:0:0:0, 4+1:0:0:0:0, 3+2:0:0:0:1, 5+4:0:0:0:1, 3+2:0:0:0:1, 0+0:0:0:0:0, 1+1:0:0:0:0, 0+0:0:0:0:0,  , 2+0:0:0:0:0, 2+1:0:1:0:1, 1+0:0:0:0:0, 1+0:0:0:0:0, 0+0:0:0:0:0, 1+0:0:0:0:0, 1+1:0:0:0:1, 0+0:0:0:0:0, 2+2:0:0:0:0, 4+3:0:0:0:0, 4+2:0:0:0:0, 4+3:1:0:0:1, 2+1:0:0:0:1, 2+3:0:0:0:2, 1+2:0:0:0:2, 0+0:0:0:0:0, 0+0:0:0:0:0, 1+0:0:0:0:0, 2+1:0:0:0:0, 3+5:0:0:0:0, 2+0:0:0:0:0, 5+2:0:0:0:1, 3+3:0:0:0:0, 3+0:0:0:0:0, 2+3:2:0:0:0, 5+3:0:0:0:2, 4+3:0:0:0:1, 2+4:1:0:0:0, 0+0:0:0:0:0, 3+5:3:0:0:4, 0+1:0:0:0:0,  , 3+1:0:0:0:0, 6+3:0:1:0:0, 3+2:0:0:0:0, 4+3:0:2:0:2, 3+1:0:0:0:1, 1+0:0:0:0:0, 1+1:0:0:0:0, 0+0:0:0:0:0, 1+1:0:0:0:1, 2+4:0:0:0:2, 2+1:0:0:0:0, 2+2:1:0:0:0, 0+0:0:0:0:0, 1+1:0:0:0:0, 0+0:0:0:0:0, 0+0:0:0:0:0, 1+1:0:1:0:1, 1+0:0:0:0:0, 1+1:0:0:0:0, 2+2:0:0:0:0, 2+0:0:0:0:0, 2+0:0:0:0:0, 2+2:0:0:0:0, 2+5:2:0:0:0, 1+0:0:0:0:0, 3+2:0:0:0:1, 2+2:0:0:0:0, 1+1:0:0:0:0, 0+0:0:0:0:0, 1+0:0:0:0:0, 0+0:0:0:0:0,  , 2+0:0:0:0:0, 2+2:0:2:0:0, 1+1:0:0:0:0, 1+1:0:0:0:0, 0+0:0:0:0:0, 1+0:0:0:0:0, 0+0:0:0:0:0, 1+1:0:1:0:1, 0+0:0:0:0:0, 2+3:0:0:0:0, 2+1:0:0:0:0, 2+2:1:0:0:0, 0+0:0:0:0:0, 2+4:0:0:0:0, 0+0:0:0:0:0,  , 1+1:0:0:0:1, 1+0:0:0:0:0, 3+3:0:0:0:0, 5+5:0:0:0:0, 2+0:0:0:0:0, 3+1:0:0:0:0, 2+0:0:0:0:0, 4+1:0:0:0:0, 4+2:0:1:0:1, 3+4:0:0:0:2, 3+4:0:0:0:1, 4+3:0:0:0:1, 2+1:0:0:0:1, 2+1:0:0:0:0, 3+5:0:0:0:2, 1+2:0:0:0:0, 3+5:0:0:0:0, 3+3:0:3:0:0, 0+0:0:0:0:0, 1+1:0:0:0:0, 0+0:0:0:0:0, 2+1:0:0:0:0, 1+1:0:0:0:1, 2+2:1:1:0:1, 1+1:1:0:0:0, 5+4:0:0:0:3, 5+6:0:0:0:3, 3+5:2:0:0:0, 0+0:0:0:0:0, 2+2:0:0:0:0, 0+0:0:0:0:0, 2+1:0:0:0:0, 0+0:0:0:0:0, 4+6:2:0:0:2, 3+1:0:0:0:0, 5+6:0:0:0:0, 2+2:0:0:0:0, 6+4:0:0:0:0, 6+4:0:0:0:0, 2+4:2:0:0:0, 2+4:3:0:0:0, 7+5:0:0:0:0, 3+6:0:0:0:0, 5+5:0:0:0:1, 0+0:0:0:0:0, 3+4:0:2:0:2, 2+2:0:0:0:0, 2+3:0:0:0:0, 5+2:0:1:0:0, 4+2:0:1:0:1, 3+1:0:0:0:0, 3+3:0:0:0:3, 0+0:0:0:0:0, 4+3:0:0:0:0, 4+3:0:0:0:0, 4+4:1:1:0:3, 2+1:0:0:0:0, 3+3:0:0:0:3, 5+4:0:0:0:1, 2+2:1:0:0:0, 0+0:0:0:0:0, 5+6:1:1:0:3, 3+2:0:0:0:1, 4+2:0:0:0:0, 0+0:0:0:0:0, 3+3:1:0:0:0, 4+3:0:0:0:1, 4+4:0:0:0:0, 2+0:0:0:0:0, 3+1:1:0:0:0, 4+4:0:0:0:0, 7+6:4:0:0:4, 2+2:1:0:0:0, 7+6:2:0:0:2, 7+9:0:0:0:2, 1+1:0:0:0:0, 0+0:0:0:0:0, 2+3:0:0:0:2, 2+1:0:0:0:1, 0+0:0:0:0:0, 3+0:0:0:0:0, 3+2:0:2:0:2, 2+4:0:0:0:0, 1+2:0:0:0:0, 1+1:0:0:0:0, 3+3:0:0:0:0, 1+0:0:0:0:0, 5+5:1:0:0:1, 0+0:0:0:0:0, 2+4:0:0:0:2, 5+2:0:0:0:0, 6+6:1:1:0:1, 0+0:0:0:0:0, 1+4:0:0:0:1, 4+2:0:0:0:0, 1+1:0:0:0:1, 0+0:0:0:0:0, 4+3:0:0:0:2, 4+2:0:0:0:1, 2+0:0:0:0:0, 5+5:0:0:0:1, 4+2:0:1:0:1, 3+3:1:0:0:1, 2+3:1:0:0:0, 2+1:0:0:0:0, 6+7:0:0:0:4, 3+2:0:0:0:0, 4+4:2:0:0:0, 0+0:0:0:0:0, 3+3:0:0:0:0, 1+2:0:0:0:2, 0+0:0:0:0:0, 5+4:1:0:0:1, 5+7:0:6:0:0, 1+1:1:0:0:1, 4+4:0:0:0:3, 0+0:0:0:0:0, 3+2:0:0:0:0, 1+2:2:0:0:0, 1+1:0:0:0:0, 0+0:0:0:0:0, 4+4:0:0:0:4, 0+0:0:0:0:0, 4+2:1:0:0:1, 0+0:0:0:0:0, 4+4:1:0:0:3, 0+0:0:0:0:0, 4+2:1:0:0:1, 504+428:48:29:0:114
G minor (2b), 3+1:0:0:0:1, 5+0:0:0:0:0, 2+0:0:0:0:0, 0+0:0:0:0:0, 3+1:1:0:0:0, 2+0:0:0:0:0, 1+0:0:0:0:0, 1+0:0:0:0:0, 2+2:0:0:0:0, 0+1:0:0:0:0, 2+1:0:0:0:1, 1+1:1:0:0:0, 3+5:0:0:0:0, 2+2:0:0:0:0, 3+5:0:0:0:1, 5+2:1:0:0:0, 2+0:0:0:0:0, 5+0:0:0:0:0, 2+0:0:0:0:0,  , 5+0:0:0:0:0, 4+1:0:1:0:1, 5+0:0:0:0:0, 4+0:0:0:0:0, 3+0:0:0:0:0, 3+1:0:0:0:0, 4+1:0:0:0:1, 3+0:0:0:0:0, 3+2:0:0:0:0, 6+2:0:0:0:1, 5+2:0:0:0:1, 7+3:2:0:0:0, 4+1:0:0:0:1, 6+3:0:0:0:2, 5+2:0:0:0:2, 2+0:0:0:0:0, 4+0:0:0:0:0, 3+0:0:0:0:0, 2+1:0:0:0:0, 3+5:0:0:0:0, 0+0:0:0:0:0, 2+1:0:0:0:0, 1+3:0:0:0:0, 1+0:0:0:0:0, 4+3:2:0:0:0, 3+5:1:0:0:1, 5+6:0:0:0:2, 5+2:1:0:0:0, 2+0:0:0:0:0, 7+5:3:0:0:4, 3+0:0:0:0:0,  , 7+1:0:0:0:0, 7+3:1:1:0:1, 6+3:0:0:0:1, 7+4:1:0:0:4, 5+1:0:0:0:1, 5+1:0:0:0:0, 4+1:0:0:0:0, 3+0:0:0:0:0, 5+1:0:0:0:1, 4+2:0:0:0:2, 3+2:0:0:0:1, 5+2:1:0:0:0, 2+0:0:0:0:0, 5+0:0:0:0:0, 2+0:0:0:0:0, 0+0:0:0:0:0, 3+1:0:1:0:1, 1+0:0:0:0:0, 1+1:0:0:0:0, 1+2:0:0:0:0, 0+0:0:0:0:0, 0+1:0:0:0:0, 0+0:0:0:0:0, 1+2:2:0:0:0, 1+1:0:0:0:0, 1+1:0:0:0:0, 3+4:0:0:0:2, 4+1:0:0:0:0, 2+0:0:0:0:0, 5+0:0:0:0:0, 2+0:0:0:0:0,  , 4+0:0:0:0:0, 4+2:0:1:0:1, 4+0:0:0:0:0, 3+0:0:0:0:0, 2+0:0:0:0:0, 3+2:0:0:0:0, 2+0:0:0:0:0, 3+1:0:1:0:1, 3+0:0:0:0:0, 4+2:0:0:0:2, 3+2:0:0:0:1, 5+2:1:0:0:0, 3+0:0:0:0:0, 6+1:0:0:0:0, 3+0:0:0:0:0,  , 4+1:0:0:0:1, 2+0:0:0:0:0, 3+3:0:0:0:0, 4+5:0:0:0:0, 1+0:0:0:0:0, 0+2:0:0:0:0, 0+0:0:0:0:0, 2+1:0:0:0:0, 2+2:0:1:0:1, 1+2:0:0:0:0, 4+5:0:0:0:2, 7+3:0:1:0:2, 4+1:0:0:0:1, 6+1:0:0:0:0, 4+5:0:0:0:4, 4+2:0:0:0:0, 6+2:0:0:0:0, 6+3:0:3:0:3, 3+0:0:0:0:0, 3+0:0:0:0:0, 2+0:0:0:0:0, 3+2:0:0:0:2, 3+1:0:0:0:1, 4+2:1:0:0:0, 4+1:1:0:0:0, 7+4:0:0:0:3, 5+6:0:0:0:3, 6+5:2:0:0:0, 2+0:0:0:0:0, 6+1:0:0:0:0, 3+0:0:0:0:0, 3+1:0:0:0:0, 3+2:0:0:0:0, 2+2:0:0:0:0, 3+1:0:0:0:0, 5+6:0:0:0:0, 0+0:0:0:0:0, 3+3:0:0:0:0, 2+3:0:0:0:0, 3+2:2:0:0:0, 2+4:0:0:0:0, 4+4:0:0:0:0, 4+8:0:0:0:2, 6+5:0:0:0:1, 2+0:0:0:0:0, 7+2:0:2:0:2, 3+2:0:0:0:0, 2+2:0:0:0:0, 7+2:0:1:0:1, 7+2:0:1:0:1, 6+1:0:0:0:0, 5+3:0:0:0:3, 2+0:0:0:0:0, 5+3:0:0:0:1, 5+2:0:0:0:0, 7+4:1:0:0:2, 5+1:0:0:0:0, 5+3:0:0:0:3, 5+4:0:0:0:1, 5+2:1:0:0:0, 3+0:0:0:0:0, 8+6:1:0:0:2, 5+2:0:0:0:1, 4+2:0:0:0:0, 3+1:0:0:0:0, 1+0:0:0:0:0, 4+3:0:0:0:0, 4+5:0:0:0:0, 0+0:0:0:0:0, 1+1:0:0:0:0, 0+4:0:0:0:0, 7+6:4:0:0:4, 3+2:1:0:0:1, 4+4:2:0:0:2, 5+7:0:0:0:2, 4+1:0:0:0:0, 3+0:0:0:0:0, 6+3:0:0:0:2, 5+1:0:0:0:1, 2+0:0:0:0:0, 5+1:0:0:0:0, 5+2:0:1:0:1, 5+2:0:0:0:0, 4+1:0:0:0:1, 2+0:0:0:0:0, 6+3:0:0:0:0, 3+0:0:0:0:0, 9+5:1:0:0:1, 3+0:0:0:0:0, 4+2:0:0:0:2, 6+5:0:0:0:4, 10+6:1:1:0:1, 2+0:0:0:0:0, 5+2:0:0:0:1, 4+1:0:0:0:0, 4+1:0:0:0:1, 2+1:0:0:0:0, 2+1:0:0:0:1, 3+2:0:0:0:0, 1+3:0:0:0:0, 3+5:0:0:0:1, 2+2:0:1:0:1, 1+0:0:0:0:0, 1+1:1:0:0:0, 1+1:0:0:0:0, 3+5:0:1:0:0, 4+4:0:0:0:2, 6+4:2:0:0:0, 3+0:0:0:0:0, 7+2:0:0:0:0, 4+2:0:0:0:2, 3+0:0:0:0:0, 7+2:1:0:0:1, 7+7:0:4:0:4, 5+1:0:0:0:0, 6+4:0:0:0:3, 2+0:0:0:0:0, 4+3:0:0:0:2, 4+2:2:0:0:0, 4+1:0:0:0:0, 3+0:0:0:0:0, 4+4:2:0:0:2, 3+0:0:0:0:0, 4+2:1:0:0:1, 4+0:0:0:0:0, 4+4:1:0:0:3, 3+0:0:0:0:0, 4+2:1:0:0:1, 797+395:47:22:0:129
B minor (2#), 1+2:0:0:0:0, 1+0:0:0:0:0, 0+1:0:0:0:0, 0+0:0:0:0:0, 1+1:0:0:0:0, 1+2:0:0:0:0, 1+5:0:0:0:0, 2+3:0:0:0:0, 3+3:0:0:0:1, 2+0:0:0:0:0, 5+2:0:0:0:0, 2+3:1:0:0:0, 4+1:0:0:0:0, 3+2:0:0:0:1, 5+1:0:0:0:0, 3+4:0:0:0:0, 0+0:0:0:0:0, 1+3:0:0:0:0, 0+0:0:0:0:0,  , 2+0:0:0:0:0, 2+2:0:1:0:0, 1+1:0:0:0:0, 1+1:0:0:0:0, 0+5:0:0:0:0, 1+3:0:0:0:0, 1+1:0:0:0:0, 0+1:0:0:0:0, 2+3:0:0:0:0, 4+3:0:0:0:0, 4+5:0:0:0:1, 4+4:1:0:0:1, 2+2:0:0:0:1, 2+5:0:0:0:0, 1+2:0:0:0:0, 0+2:0:0:0:0, 0+2:0:0:0:0, 1+2:0:0:0:0, 2+5:0:0:0:0, 3+2:0:0:0:1, 2+4:0:0:0:2, 5+2:0:0:0:1, 3+3:0:0:0:2, 3+6:3:0:0:3, 3+2:1:0:0:1, 5+3:0:0:0:2, 4+3:0:0:0:1, 2+4:1:0:0:0, 0+0:0:0:0:0, 3+8:3:0:0:3, 0+1:0:0:0:0,  , 3+1:0:0:0:0, 6+3:0:1:0:0, 3+3:0:0:0:0, 4+5:0:2:0:2, 3+1:0:0:0:0, 1+2:0:0:0:0, 1+2:0:0:0:0, 0+2:0:0:0:0, 1+1:0:0:0:0, 2+0:0:0:0:0, 2+3:0:0:0:1, 2+4:1:0:0:1, 0+1:0:0:0:0, 1+0:0:0:0:0, 0+1:0:0:0:0, 0+0:0:0:0:0, 1+2:0:1:0:1, 1+1:0:0:0:0, 1+1:0:0:0:0, 2+1:0:0:0:0, 2+3:0:0:0:2, 2+0:0:0:0:0, 2+3:0:0:0:2, 3+3:1:0:0:1, 1+0:0:0:0:0, 3+1:0:0:0:1, 2+3:0:0:0:2, 1+3:0:0:0:0, 0+0:0:0:0:0, 1+3:0:0:0:0, 0+0:0:0:0:0,  , 2+0:0:0:0:0, 2+0:0:0:0:0, 1+1:0:0:0:0, 1+1:0:0:0:0, 0+0:0:0:0:0, 1+1:0:0:0:0, 0+0:0:0:0:0, 1+2:0:1:0:1, 0+2:0:0:0:0, 2+4:0:0:0:3, 2+3:0:0:0:1, 2+4:1:0:0:1, 0+2:0:0:0:0, 2+1:0:0:0:0, 0+1:0:0:0:0,  , 1+2:0:0:0:0, 1+2:0:0:0:0, 3+2:0:0:0:0, 6+4:0:0:0:0, 3+1:1:0:0:1, 3+1:0:0:0:0, 2+2:0:0:0:1, 5+4:1:0:0:1, 4+2:0:1:0:1, 4+1:0:0:0:1, 3+6:0:0:0:3, 4+7:0:0:0:0, 2+2:0:0:0:1, 2+4:0:0:0:0, 2+1:0:1:0:0, 1+2:0:0:0:0, 3+4:0:0:0:0, 3+3:0:3:0:0, 0+0:0:0:0:0, 1+1:0:0:0:0, 0+0:0:0:0:0, 2+1:0:0:0:0, 1+1:0:0:0:0, 3+4:0:1:0:1, 1+7:1:0:0:1, 5+7:0:0:0:0, 5+3:0:0:0:1, 3+8:2:0:0:3, 0+1:0:0:0:0, 2+1:0:0:0:0, 0+1:0:0:0:0, 2+2:0:0:0:0, 0+2:0:0:0:0, 5+6:0:0:0:0, 3+4:0:0:0:0, 6+3:0:0:0:0, 2+3:0:0:0:2, 6+5:0:0:0:2, 6+6:0:0:0:1, 2+5:2:0:0:2, 2+4:3:0:0:0, 7+7:0:0:0:4, 3+8:0:0:0:0, 5+7:0:0:0:2, 0+0:0:0:0:0, 3+4:0:2:0:2, 1+1:0:1:0:1, 2+2:0:0:0:0, 5+2:0:1:0:0, 4+2:0:1:0:1, 3+1:0:0:0:0, 3+1:0:0:0:0, 0+1:0:0:0:0, 4+3:0:0:0:0, 4+4:0:0:0:0, 5+5:0:0:0:0, 2+2:0:0:0:0, 3+1:0:0:0:0, 5+3:0:0:0:0, 2+4:1:0:0:1, 0+0:0:0:0:0, 6+8:0:0:0:0, 3+3:0:0:0:0, 3+2:0:0:0:0, 0+0:0:0:0:0, 3+3:1:0:0:0, 4+4:0:0:0:0, 4+2:0:0:0:0, 2+3:0:0:0:2, 3+1:1:0:0:0, 4+4:0:0:0:0, 7+6:4:0:0:4, 2+2:1:0:0:0, 7+6:2:0:0:2, 7+4:0:0:0:0, 1+3:0:0:0:0, 0+2:0:0:0:0, 2+2:0:0:0:0, 2+3:0:0:0:0, 0+0:0:0:0:0, 3+0:0:0:0:0, 3+7:0:2:0:0, 2+3:0:0:0:0, 1+3:0:0:0:0, 1+1:0:0:0:0, 3+3:0:0:0:0, 1+1:0:0:0:0, 5+6:1:0:0:2, 0+3:0:0:0:0, 2+1:0:0:0:0, 5+4:0:0:0:1, 6+10:1:1:0:1, 0+0:0:0:0:0, 1+6:0:0:0:0, 4+2:0:0:0:0, 1+1:0:0:0:0, 0+1:0:0:0:0, 4+3:0:0:0:0, 4+2:0:0:0:0, 2+3:0:0:0:0, 5+5:0:0:0:1, 4+2:0:1:0:1, 3+5:1:0:0:0, 2+4:1:0:0:1, 2+1:0:0:0:0, 6+7:0:0:0:4, 3+4:0:0:0:0, 5+6:1:0:0:1, 0+0:0:0:0:0, 3+4:0:0:0:0, 1+2:0:0:0:2, 0+0:0:0:0:0, 6+3:0:0:0:0, 5+7:0:6:0:0, 1+1:1:0:0:1, 4+2:0:0:0:0, 0+1:0:0:0:0, 3+2:0:0:0:0, 2+2:0:0:0:0, 1+2:0:0:0:0, 0+2:0:0:0:0, 4+2:0:0:0:0, 0+0:0:0:0:0, 4+1:1:0:0:1, 0+1:0:0:0:0, 4+1:1:0:0:1, 0+0:0:0:0:0, 4+1:1:0:0:1, 515+564:42:27:0:99
G minor mel (2b),  ,  ,  ,  ,  ,  ,  ,  ,  ,  ,  ,  ,  ,  ,  ,  ,  ,  ,  ,  ,  ,  ,  ,  ,  ,  ,  ,  ,  ,  ,  ,  ,  ,  ,  ,  ,  ,  ,  ,  ,  ,  ,  ,  ,  ,  ,  ,  ,  ,  ,  ,  ,  ,  ,  ,  ,  ,  ,  ,  ,  ,  ,  ,  ,  ,  ,  ,  ,  ,  ,  ,  ,  ,  ,  ,  ,  ,  ,  ,  ,  ,  ,  ,  ,  ,  ,  ,  ,  ,  ,  ,  ,  ,  ,  ,  ,  ,  ,  ,  ,  ,  ,  ,  ,  ,  ,  ,  ,  ,  ,  ,  ,  ,  ,  ,  ,  ,  ,  ,  ,  ,  ,  ,  ,  ,  ,  ,  ,  ,  ,  ,  ,  ,  ,  ,  ,  ,  ,  ,  ,  ,  ,  ,  ,  ,  ,  ,  ,  ,  ,  ,  ,  ,  ,  ,  ,  ,  ,  ,  ,  ,  ,  ,  ,  ,  ,  ,  ,  ,  ,  ,  ,  ,  ,  ,  ,  ,  ,  ,  ,  ,  ,  ,  ,  ,  ,  ,  ,  ,  ,  ,  ,  ,  ,  ,  ,  ,  ,  ,  ,  ,  ,  ,  ,  ,  ,  ,  ,  ,  ,  ,  ,  ,  ,  ,  ,  ,  ,  ,  ,  ,  ,  ,  ,  ,  ,  ,  , 0+0:0:0:0:0
B minor mel (2#),  ,  ,  ,  ,  ,  ,  ,  ,  ,  ,  ,  ,  ,  ,  ,  ,  ,  ,  ,  ,  ,  ,  ,  ,  ,  ,  ,  ,  ,  ,  ,  ,  ,  ,  ,  ,  ,  ,  ,  ,  ,  ,  ,  ,  ,  ,  ,  ,  ,  ,  ,  ,  ,  ,  ,  ,  ,  ,  ,  ,  ,  ,  ,  ,  ,  ,  ,  ,  ,  ,  ,  ,  ,  ,  ,  ,  ,  ,  ,  ,  ,  ,  ,  ,  ,  ,  ,  ,  ,  ,  ,  ,  ,  ,  ,  ,  ,  ,  ,  ,  ,  ,  ,  ,  ,  ,  ,  ,  ,  ,  ,  ,  ,  ,  ,  ,  ,  ,  ,  ,  ,  ,  ,  ,  ,  ,  ,  ,  ,  ,  ,  ,  ,  ,  ,  ,  ,  ,  ,  ,  ,  ,  ,  ,  ,  ,  ,  ,  ,  ,  ,  ,  ,  ,  ,  ,  ,  ,  ,  ,  ,  ,  ,  ,  ,  ,  ,  ,  ,  ,  ,  ,  ,  ,  ,  ,  ,  ,  ,  ,  ,  ,  ,  ,  ,  ,  ,  ,  ,  ,  ,  ,  ,  ,  ,  ,  ,  ,  ,  ,  ,  ,  ,  ,  ,  ,  ,  ,  ,  ,  ,  ,  ,  ,  ,  ,  ,  ,  ,  ,  ,  ,  ,  ,  ,  ,  ,  , 0+0:0:0:0:0
Bb major blues (2b),  ,  ,  ,  ,  ,  ,  ,  ,  ,  ,  ,  ,  ,  ,  ,  ,  ,  ,  ,  ,  ,  ,  ,  ,  ,  ,  ,  ,  ,  ,  ,  ,  ,  ,  ,  ,  ,  ,  ,  ,  ,  ,  ,  ,  ,  ,  ,  ,  ,  ,  ,  ,  ,  ,  ,  ,  ,  ,  ,  ,  ,  ,  ,  ,  ,  ,  ,  ,  ,  ,  ,  ,  ,  ,  ,  ,  ,  ,  ,  ,  ,  ,  ,  ,  ,  ,  ,  ,  ,  ,  ,  ,  ,  ,  ,  ,  ,  ,  ,  ,  ,  ,  ,  ,  ,  ,  ,  ,  ,  ,  ,  ,  ,  ,  ,  ,  ,  ,  ,  ,  ,  ,  ,  ,  ,  ,  ,  ,  ,  ,  ,  ,  ,  ,  ,  ,  ,  ,  ,  ,  ,  ,  ,  ,  ,  ,  ,  ,  ,  ,  ,  ,  ,  ,  ,  ,  ,  ,  ,  ,  ,  ,  ,  ,  ,  ,  ,  ,  ,  ,  ,  ,  ,  ,  ,  ,  ,  ,  ,  ,  ,  ,  ,  ,  ,  ,  ,  ,  ,  ,  ,  ,  ,  ,  ,  ,  ,  ,  ,  ,  ,  ,  ,  ,  ,  ,  ,  ,  ,  ,  ,  ,  ,  ,  ,  ,  ,  ,  ,  ,  ,  ,  ,  ,  ,  ,  ,  , 0+0:0:0:0:0
D major blues (2#),  ,  ,  ,  ,  ,  ,  ,  ,  ,  ,  ,  ,  ,  ,  ,  ,  ,  ,  ,  ,  ,  ,  ,  ,  ,  ,  ,  ,  ,  ,  ,  ,  ,  ,  ,  ,  ,  ,  ,  ,  ,  ,  ,  ,  ,  ,  ,  ,  ,  ,  ,  ,  ,  ,  ,  ,  ,  ,  ,  ,  ,  ,  ,  ,  ,  ,  ,  ,  ,  ,  ,  ,  ,  ,  ,  ,  ,  ,  ,  ,  ,  ,  ,  ,  ,  ,  ,  ,  ,  ,  ,  ,  ,  ,  ,  ,  ,  ,  ,  ,  ,  ,  ,  ,  ,  ,  ,  ,  ,  ,  ,  ,  ,  ,  ,  ,  ,  ,  ,  ,  ,  ,  ,  ,  ,  ,  ,  ,  ,  ,  ,  ,  ,  ,  ,  ,  ,  ,  ,  ,  ,  ,  ,  ,  ,  ,  ,  ,  ,  ,  ,  ,  ,  ,  ,  ,  ,  ,  ,  ,  ,  ,  ,  ,  ,  ,  ,  ,  ,  ,  ,  ,  ,  ,  ,  ,  ,  ,  ,  ,  ,  ,  ,  ,  ,  ,  ,  ,  ,  ,  ,  ,  ,  ,  ,  ,  ,  ,  ,  ,  ,  ,  ,  ,  ,  ,  ,  ,  ,  ,  ,  ,  ,  ,  ,  ,  ,  ,  ,  ,  ,  ,  ,  ,  ,  ,  ,  , 0+0:0:0:0:0
G minor blues (2b),  ,  ,  ,  ,  ,  ,  ,  ,  ,  ,  ,  ,  ,  ,  ,  ,  ,  ,  ,  ,  ,  ,  ,  ,  ,  ,  ,  ,  ,  ,  ,  ,  ,  ,  ,  ,  ,  ,  ,  ,  ,  ,  ,  ,  ,  ,  ,  ,  ,  ,  ,  ,  ,  ,  ,  ,  ,  ,  ,  ,  ,  ,  ,  ,  ,  ,  ,  ,  ,  ,  ,  ,  ,  ,  ,  ,  ,  ,  ,  ,  ,  ,  ,  ,  ,  ,  ,  ,  ,  ,  ,  ,  ,  ,  ,  ,  ,  ,  ,  ,  ,  ,  ,  ,  ,  ,  ,  ,  ,  ,  ,  ,  ,  ,  ,  ,  ,  ,  ,  ,  ,  ,  ,  ,  ,  ,  ,  ,  ,  ,  ,  ,  ,  ,  ,  ,  ,  ,  ,  ,  ,  ,  ,  ,  ,  ,  ,  ,  ,  ,  ,  ,  ,  ,  ,  ,  ,  ,  ,  ,  ,  ,  ,  ,  ,  ,  ,  ,  ,  ,  ,  ,  ,  ,  ,  ,  ,  ,  ,  ,  ,  ,  ,  ,  ,  ,  ,  ,  ,  ,  ,  ,  ,  ,  ,  ,  ,  ,  ,  ,  ,  ,  ,  ,  ,  ,  ,  ,  ,  ,  ,  ,  ,  ,  ,  ,  ,  ,  ,  ,  ,  ,  ,  ,  ,  ,  ,  , 0+0:0:0:0:0
B minor blues (2#),  ,  ,  ,  ,  ,  ,  ,  ,  ,  ,  ,  ,  ,  ,  ,  ,  ,  ,  ,  ,  ,  ,  ,  ,  ,  ,  ,  ,  ,  ,  ,  ,  ,  ,  ,  ,  ,  ,  ,  ,  ,  ,  ,  ,  ,  ,  ,  ,  ,  ,  ,  ,  ,  ,  ,  ,  ,  ,  ,  ,  ,  ,  ,  ,  ,  ,  ,  ,  ,  ,  ,  ,  ,  ,  ,  ,  ,  ,  ,  ,  ,  ,  ,  ,  ,  ,  ,  ,  ,  ,  ,  ,  ,  ,  ,  ,  ,  ,  ,  ,  ,  ,  ,  ,  ,  ,  ,  ,  ,  ,  ,  ,  ,  ,  ,  ,  ,  ,  ,  ,  ,  ,  ,  ,  ,  ,  ,  ,  ,  ,  ,  ,  ,  ,  ,  ,  ,  ,  ,  ,  ,  ,  ,  ,  ,  ,  ,  ,  ,  ,  ,  ,  ,  ,  ,  ,  ,  ,  ,  ,  ,  ,  ,  ,  ,  ,  ,  ,  ,  ,  ,  ,  ,  ,  ,  ,  ,  ,  ,  ,  ,  ,  ,  ,  ,  ,  ,  ,  ,  ,  ,  ,  ,  ,  ,  ,  ,  ,  ,  ,  ,  ,  ,  ,  ,  ,  ,  ,  ,  ,  ,  ,  ,  ,  ,  ,  ,  ,  ,  ,  ,  ,  ,  ,  ,  ,  ,  , 0+0:0:0:0:0
Bb dorian (2b),  ,  ,  ,  ,  ,  ,  ,  ,  ,  ,  ,  ,  ,  ,  ,  ,  ,  ,  ,  ,  ,  ,  ,  ,  ,  ,  ,  ,  ,  ,  ,  ,  ,  ,  ,  ,  ,  ,  ,  ,  ,  ,  ,  ,  ,  ,  ,  ,  ,  ,  ,  ,  ,  ,  ,  ,  ,  ,  ,  ,  ,  ,  ,  ,  ,  ,  ,  ,  ,  ,  ,  ,  ,  ,  ,  ,  ,  ,  ,  ,  ,  ,  ,  ,  ,  ,  ,  ,  ,  ,  ,  ,  ,  ,  ,  ,  ,  ,  ,  ,  ,  ,  ,  ,  ,  ,  ,  ,  ,  ,  ,  ,  ,  ,  ,  ,  ,  ,  ,  ,  ,  ,  ,  ,  ,  ,  ,  ,  ,  ,  ,  ,  ,  ,  ,  ,  ,  ,  ,  ,  ,  ,  ,  ,  ,  ,  ,  ,  ,  ,  ,  ,  ,  ,  ,  ,  ,  ,  ,  ,  ,  ,  ,  ,  ,  ,  ,  ,  ,  ,  ,  ,  ,  ,  ,  ,  ,  ,  ,  ,  ,  ,  ,  ,  ,  ,  ,  ,  ,  ,  ,  ,  ,  ,  ,  ,  ,  ,  ,  ,  ,  ,  ,  ,  ,  ,  ,  ,  ,  ,  ,  ,  ,  ,  ,  ,  ,  ,  ,  ,  ,  ,  ,  ,  ,  ,  ,  , 0+0:0:0:0:0
D dorian (2#),  ,  ,  ,  ,  ,  ,  ,  ,  ,  ,  ,  ,  ,  ,  ,  ,  ,  ,  ,  ,  ,  ,  ,  ,  ,  ,  ,  ,  ,  ,  ,  ,  ,  ,  ,  ,  ,  ,  ,  ,  ,  ,  ,  ,  ,  ,  ,  ,  ,  ,  ,  ,  ,  ,  ,  ,  ,  ,  ,  ,  ,  ,  ,  ,  ,  ,  ,  ,  ,  ,  ,  ,  ,  ,  ,  ,  ,  ,  ,  ,  ,  ,  ,  ,  ,  ,  ,  ,  ,  ,  ,  ,  ,  ,  ,  ,  ,  ,  ,  ,  ,  ,  ,  ,  ,  ,  ,  ,  ,  ,  ,  ,  ,  ,  ,  ,  ,  ,  ,  ,  ,  ,  ,  ,  ,  ,  ,  ,  ,  ,  ,  ,  ,  ,  ,  ,  ,  ,  ,  ,  ,  ,  ,  ,  ,  ,  ,  ,  ,  ,  ,  ,  ,  ,  ,  ,  ,  ,  ,  ,  ,  ,  ,  ,  ,  ,  ,  ,  ,  ,  ,  ,  ,  ,  ,  ,  ,  ,  ,  ,  ,  ,  ,  ,  ,  ,  ,  ,  ,  ,  ,  ,  ,  ,  ,  ,  ,  ,  ,  ,  ,  ,  ,  ,  ,  ,  ,  ,  ,  ,  ,  ,  ,  ,  ,  ,  ,  ,  ,  ,  ,  ,  ,  ,  ,  ,  ,  , 0+0:0:0:0:0
Bb phrygian (2b),  ,  ,  ,  ,  ,  ,  ,  ,  ,  ,  ,  ,  ,  ,  ,  ,  ,  ,  ,  ,  ,  ,  ,  ,  ,  ,  ,  ,  ,  ,  ,  ,  ,  ,  ,  ,  ,  ,  ,  ,  ,  ,  ,  ,  ,  ,  ,  ,  ,  ,  ,  ,  ,  ,  ,  ,  ,  ,  ,  ,  ,  ,  ,  ,  ,  ,  ,  ,  ,  ,  ,  ,  ,  ,  ,  ,  ,  ,  ,  ,  ,  ,  ,  ,  ,  ,  ,  ,  ,  ,  ,  ,  ,  ,  ,  ,  ,  ,  ,  ,  ,  ,  ,  ,  ,  ,  ,  ,  ,  ,  ,  ,  ,  ,  ,  ,  ,  ,  ,  ,  ,  ,  ,  ,  ,  ,  ,  ,  ,  ,  ,  ,  ,  ,  ,  ,  ,  ,  ,  ,  ,  ,  ,  ,  ,  ,  ,  ,  ,  ,  ,  ,  ,  ,  ,  ,  ,  ,  ,  ,  ,  ,  ,  ,  ,  ,  ,  ,  ,  ,  ,  ,  ,  ,  ,  ,  ,  ,  ,  ,  ,  ,  ,  ,  ,  ,  ,  ,  ,  ,  ,  ,  ,  ,  ,  ,  ,  ,  ,  ,  ,  ,  ,  ,  ,  ,  ,  ,  ,  ,  ,  ,  ,  ,  ,  ,  ,  ,  ,  ,  ,  ,  ,  ,  ,  ,  ,  , 0+0:0:0:0:0
D phrygian (2#),  ,  ,  ,  ,  ,  ,  ,  ,  ,  ,  ,  ,  ,  ,  ,  ,  ,  ,  ,  ,  ,  ,  ,  ,  ,  ,  ,  ,  ,  ,  ,  ,  ,  ,  ,  ,  ,  ,  ,  ,  ,  ,  ,  ,  ,  ,  ,  ,  ,  ,  ,  ,  ,  ,  ,  ,  ,  ,  ,  ,  ,  ,  ,  ,  ,  ,  ,  ,  ,  ,  ,  ,  ,  ,  ,  ,  ,  ,  ,  ,  ,  ,  ,  ,  ,  ,  ,  ,  ,  ,  ,  ,  ,  ,  ,  ,  ,  ,  ,  ,  ,  ,  ,  ,  ,  ,  ,  ,  ,  ,  ,  ,  ,  ,  ,  ,  ,  ,  ,  ,  ,  ,  ,  ,  ,  ,  ,  ,  ,  ,  ,  ,  ,  ,  ,  ,  ,  ,  ,  ,  ,  ,  ,  ,  ,  ,  ,  ,  ,  ,  ,  ,  ,  ,  ,  ,  ,  ,  ,  ,  ,  ,  ,  ,  ,  ,  ,  ,  ,  ,  ,  ,  ,  ,  ,  ,  ,  ,  ,  ,  ,  ,  ,  ,  ,  ,  ,  ,  ,  ,  ,  ,  ,  ,  ,  ,  ,  ,  ,  ,  ,  ,  ,  ,  ,  ,  ,  ,  ,  ,  ,  ,  ,  ,  ,  ,  ,  ,  ,  ,  ,  ,  ,  ,  ,  ,  ,  , 0+0:0:0:0:0
Bb lydian (2b),  ,  ,  ,  ,  ,  ,  ,  ,  ,  ,  ,  ,  ,  ,  ,  ,  ,  ,  ,  ,  ,  ,  ,  ,  ,  ,  ,  ,  ,  ,  ,  ,  ,  ,  ,  ,  ,  ,  ,  ,  ,  ,  ,  ,  ,  ,  ,  ,  ,  ,  ,  ,  ,  ,  ,  ,  ,  ,  ,  ,  ,  ,  ,  ,  ,  ,  ,  ,  ,  ,  ,  ,  ,  ,  ,  ,  ,  ,  ,  ,  ,  ,  ,  ,  ,  ,  ,  ,  ,  ,  ,  ,  ,  ,  ,  ,  ,  ,  ,  ,  ,  ,  ,  ,  ,  ,  ,  ,  ,  ,  ,  ,  ,  ,  ,  ,  ,  ,  ,  ,  ,  ,  ,  ,  ,  ,  ,  ,  ,  ,  ,  ,  ,  ,  ,  ,  ,  ,  ,  ,  ,  ,  ,  ,  ,  ,  ,  ,  ,  ,  ,  ,  ,  ,  ,  ,  ,  ,  ,  ,  ,  ,  ,  ,  ,  ,  ,  ,  ,  ,  ,  ,  ,  ,  ,  ,  ,  ,  ,  ,  ,  ,  ,  ,  ,  ,  ,  ,  ,  ,  ,  ,  ,  ,  ,  ,  ,  ,  ,  ,  ,  ,  ,  ,  ,  ,  ,  ,  ,  ,  ,  ,  ,  ,  ,  ,  ,  ,  ,  ,  ,  ,  ,  ,  ,  ,  ,  , 0+0:0:0:0:0
D lydian (2#),  ,  ,  ,  ,  ,  ,  ,  ,  ,  ,  ,  ,  ,  ,  ,  ,  ,  ,  ,  ,  ,  ,  ,  ,  ,  ,  ,  ,  ,  ,  ,  ,  ,  ,  ,  ,  ,  ,  ,  ,  ,  ,  ,  ,  ,  ,  ,  ,  ,  ,  ,  ,  ,  ,  ,  ,  ,  ,  ,  ,  ,  ,  ,  ,  ,  ,  ,  ,  ,  ,  ,  ,  ,  ,  ,  ,  ,  ,  ,  ,  ,  ,  ,  ,  ,  ,  ,  ,  ,  ,  ,  ,  ,  ,  ,  ,  ,  ,  ,  ,  ,  ,  ,  ,  ,  ,  ,  ,  ,  ,  ,  ,  ,  ,  ,  ,  ,  ,  ,  ,  ,  ,  ,  ,  ,  ,  ,  ,  ,  ,  ,  ,  ,  ,  ,  ,  ,  ,  ,  ,  ,  ,  ,  ,  ,  ,  ,  ,  ,  ,  ,  ,  ,  ,  ,  ,  ,  ,  ,  ,  ,  ,  ,  ,  ,  ,  ,  ,  ,  ,  ,  ,  ,  ,  ,  ,  ,  ,  ,  ,  ,  ,  ,  ,  ,  ,  ,  ,  ,  ,  ,  ,  ,  ,  ,  ,  ,  ,  ,  ,  ,  ,  ,  ,  ,  ,  ,  ,  ,  ,  ,  ,  ,  ,  ,  ,  ,  ,  ,  ,  ,  ,  ,  ,  ,  ,  ,  , 0+0:0:0:0:0
Bb mixolydian (2b),  ,  ,  ,  ,  ,  ,  ,  ,  ,  ,  ,  ,  ,  ,  ,  ,  ,  ,  ,  ,  ,  ,  ,  ,  ,  ,  ,  ,  ,  ,  ,  ,  ,  ,  ,  ,  ,  ,  ,  ,  ,  ,  ,  ,  ,  ,  ,  ,  ,  ,  ,  ,  ,  ,  ,  ,  ,  ,  ,  ,  ,  ,  ,  ,  ,  ,  ,  ,  ,  ,  ,  ,  ,  ,  ,  ,  ,  ,  ,  ,  ,  ,  ,  ,  ,  ,  ,  ,  ,  ,  ,  ,  ,  ,  ,  ,  ,  ,  ,  ,  ,  ,  ,  ,  ,  ,  ,  ,  ,  ,  ,  ,  ,  ,  ,  ,  ,  ,  ,  ,  ,  ,  ,  ,  ,  ,  ,  ,  ,  ,  ,  ,  ,  ,  ,  ,  ,  ,  ,  ,  ,  ,  ,  ,  ,  ,  ,  ,  ,  ,  ,  ,  ,  ,  ,  ,  ,  ,  ,  ,  ,  ,  ,  ,  ,  ,  ,  ,  ,  ,  ,  ,  ,  ,  ,  ,  ,  ,  ,  ,  ,  ,  ,  ,  ,  ,  ,  ,  ,  ,  ,  ,  ,  ,  ,  ,  ,  ,  ,  ,  ,  ,  ,  ,  ,  ,  ,  ,  ,  ,  ,  ,  ,  ,  ,  ,  ,  ,  ,  ,  ,  ,  ,  ,  ,  ,  ,  , 0+0:0:0:0:0
D mixolydian (2#),  ,  ,  ,  ,  ,  ,  ,  ,  ,  ,  ,  ,  ,  ,  ,  ,  ,  ,  ,  ,  ,  ,  ,  ,  ,  ,  ,  ,  ,  ,  ,  ,  ,  ,  ,  ,  ,  ,  ,  ,  ,  ,  ,  ,  ,  ,  ,  ,  ,  ,  ,  ,  ,  ,  ,  ,  ,  ,  ,  ,  ,  ,  ,  ,  ,  ,  ,  ,  ,  ,  ,  ,  ,  ,  ,  ,  ,  ,  ,  ,  ,  ,  ,  ,  ,  ,  ,  ,  ,  ,  ,  ,  ,  ,  ,  ,  ,  ,  ,  ,  ,  ,  ,  ,  ,  ,  ,  ,  ,  ,  ,  ,  ,  ,  ,  ,  ,  ,  ,  ,  ,  ,  ,  ,  ,  ,  ,  ,  ,  ,  ,  ,  ,  ,  ,  ,  ,  ,  ,  ,  ,  ,  ,  ,  ,  ,  ,  ,  ,  ,  ,  ,  ,  ,  ,  ,  ,  ,  ,  ,  ,  ,  ,  ,  ,  ,  ,  ,  ,  ,  ,  ,  ,  ,  ,  ,  ,  ,  ,  ,  ,  ,  ,  ,  ,  ,  ,  ,  ,  ,  ,  ,  ,  ,  ,  ,  ,  ,  ,  ,  ,  ,  ,  ,  ,  ,  ,  ,  ,  ,  ,  ,  ,  ,  ,  ,  ,  ,  ,  ,  ,  ,  ,  ,  ,  ,  ,  , 0+0:0:0:0:0
Bb aeolian (2b),  ,  ,  ,  ,  ,  ,  ,  ,  ,  ,  ,  ,  ,  ,  ,  ,  ,  ,  ,  ,  ,  ,  ,  ,  ,  ,  ,  ,  ,  ,  ,  ,  ,  ,  ,  ,  ,  ,  ,  ,  ,  ,  ,  ,  ,  ,  ,  ,  ,  ,  ,  ,  ,  ,  ,  ,  ,  ,  ,  ,  ,  ,  ,  ,  ,  ,  ,  ,  ,  ,  ,  ,  ,  ,  ,  ,  ,  ,  ,  ,  ,  ,  ,  ,  ,  ,  ,  ,  ,  ,  ,  ,  ,  ,  ,  ,  ,  ,  ,  ,  ,  ,  ,  ,  ,  ,  ,  ,  ,  ,  ,  ,  ,  ,  ,  ,  ,  ,  ,  ,  ,  ,  ,  ,  ,  ,  ,  ,  ,  ,  ,  ,  ,  ,  ,  ,  ,  ,  ,  ,  ,  ,  ,  ,  ,  ,  ,  ,  ,  ,  ,  ,  ,  ,  ,  ,  ,  ,  ,  ,  ,  ,  ,  ,  ,  ,  ,  ,  ,  ,  ,  ,  ,  ,  ,  ,  ,  ,  ,  ,  ,  ,  ,  ,  ,  ,  ,  ,  ,  ,  ,  ,  ,  ,  ,  ,  ,  ,  ,  ,  ,  ,  ,  ,  ,  ,  ,  ,  ,  ,  ,  ,  ,  ,  ,  ,  ,  ,  ,  ,  ,  ,  ,  ,  ,  ,  ,  , 0+0:0:0:0:0
D aeolian (2#),  ,  ,  ,  ,  ,  ,  ,  ,  ,  ,  ,  ,  ,  ,  ,  ,  ,  ,  ,  ,  ,  ,  ,  ,  ,  ,  ,  ,  ,  ,  ,  ,  ,  ,  ,  ,  ,  ,  ,  ,  ,  ,  ,  ,  ,  ,  ,  ,  ,  ,  ,  ,  ,  ,  ,  ,  ,  ,  ,  ,  ,  ,  ,  ,  ,  ,  ,  ,  ,  ,  ,  ,  ,  ,  ,  ,  ,  ,  ,  ,  ,  ,  ,  ,  ,  ,  ,  ,  ,  ,  ,  ,  ,  ,  ,  ,  ,  ,  ,  ,  ,  ,  ,  ,  ,  ,  ,  ,  ,  ,  ,  ,  ,  ,  ,  ,  ,  ,  ,  ,  ,  ,  ,  ,  ,  ,  ,  ,  ,  ,  ,  ,  ,  ,  ,  ,  ,  ,  ,  ,  ,  ,  ,  ,  ,  ,  ,  ,  ,  ,  ,  ,  ,  ,  ,  ,  ,  ,  ,  ,  ,  ,  ,  ,  ,  ,  ,  ,  ,  ,  ,  ,  ,  ,  ,  ,  ,  ,  ,  ,  ,  ,  ,  ,  ,  ,  ,  ,  ,  ,  ,  ,  ,  ,  ,  ,  ,  ,  ,  ,  ,  ,  ,  ,  ,  ,  ,  ,  ,  ,  ,  ,  ,  ,  ,  ,  ,  ,  ,  ,  ,  ,  ,  ,  ,  ,  ,  , 0+0:0:0:0:0
Bb locrian (2b),  ,  ,  ,  ,  ,  ,  ,  ,  ,  ,  ,  ,  ,  ,  ,  ,  ,  ,  ,  ,  ,  ,  ,  ,  ,  ,  ,  ,  ,  ,  ,  ,  ,  ,  ,  ,  ,  ,  ,  ,  ,  ,  ,  ,  ,  ,  ,  ,  ,  ,  ,  ,  ,  ,  ,  ,  ,  ,  ,  ,  ,  ,  ,  ,  ,  ,  ,  ,  ,  ,  ,  ,  ,  ,  ,  ,  ,  ,  ,  ,  ,  ,  ,  ,  ,  ,  ,  ,  ,  ,  ,  ,  ,  ,  ,  ,  ,  ,  ,  ,  ,  ,  ,  ,  ,  ,  ,  ,  ,  ,  ,  ,  ,  ,  ,  ,  ,  ,  ,  ,  ,  ,  ,  ,  ,  ,  ,  ,  ,  ,  ,  ,  ,  ,  ,  ,  ,  ,  ,  ,  ,  ,  ,  ,  ,  ,  ,  ,  ,  ,  ,  ,  ,  ,  ,  ,  ,  ,  ,  ,  ,  ,  ,  ,  ,  ,  ,  ,  ,  ,  ,  ,  ,  ,  ,  ,  ,  ,  ,  ,  ,  ,  ,  ,  ,  ,  ,  ,  ,  ,  ,  ,  ,  ,  ,  ,  ,  ,  ,  ,  ,  ,  ,  ,  ,  ,  ,  ,  ,  ,  ,  ,  ,  ,  ,  ,  ,  ,  ,  ,  ,  ,  ,  ,  ,  ,  ,  , 0+0:0:0:0:0
D locrian (2#),  ,  ,  ,  ,  ,  ,  ,  ,  ,  ,  ,  ,  ,  ,  ,  ,  ,  ,  ,  ,  ,  ,  ,  ,  ,  ,  ,  ,  ,  ,  ,  ,  ,  ,  ,  ,  ,  ,  ,  ,  ,  ,  ,  ,  ,  ,  ,  ,  ,  ,  ,  ,  ,  ,  ,  ,  ,  ,  ,  ,  ,  ,  ,  ,  ,  ,  ,  ,  ,  ,  ,  ,  ,  ,  ,  ,  ,  ,  ,  ,  ,  ,  ,  ,  ,  ,  ,  ,  ,  ,  ,  ,  ,  ,  ,  ,  ,  ,  ,  ,  ,  ,  ,  ,  ,  ,  ,  ,  ,  ,  ,  ,  ,  ,  ,  ,  ,  ,  ,  ,  ,  ,  ,  ,  ,  ,  ,  ,  ,  ,  ,  ,  ,  ,  ,  ,  ,  ,  ,  ,  ,  ,  ,  ,  ,  ,  ,  ,  ,  ,  ,  ,  ,  ,  ,  ,  ,  ,  ,  ,  ,  ,  ,  ,  ,  ,  ,  ,  ,  ,  ,  ,  ,  ,  ,  ,  ,  ,  ,  ,  ,  ,  ,  ,  ,  ,  ,  ,  ,  ,  ,  ,  ,  ,  ,  ,  ,  ,  ,  ,  ,  ,  ,  ,  ,  ,  ,  ,  ,  ,  ,  ,  ,  ,  ,  ,  ,  ,  ,  ,  ,  ,  ,  ,  ,  ,  ,  , 0+0:0:0:0:0
Eb major (3b), 3+1:0:0:0:1, 6+1:0:0:0:0, 2+0:0:0:0:0, 0+0:0:0:0:0, 4+2:1:0:0:0, 3+1:0:0:0:0, 1+0:0:0:0:0, 2+0:0:0:0:0, 3+2:0:0:0:0, 0+0:0:0:0:0, 3+1:0:0:0:0, 2+2:2:0:0:2, 3+1:0:0:0:0, 1+1:0:0:0:0, 4+2:0:0:0:1, 6+2:1:0:0:0, 3+0:0:0:0:0, 6+0:0:0:0:0, 2+0:0:0:0:0,  , 5+2:0:0:0:0, 4+0:0:0:0:0, 6+4:0:0:0:0, 5+2:0:0:0:0, 4+5:0:0:0:0, 3+3:0:0:0:0, 4+1:0:0:0:1, 4+1:0:0:0:0, 4+2:0:0:0:2, 7+2:0:0:0:1, 5+3:0:0:0:1, 8+3:2:0:0:0, 5+1:0:0:0:1, 7+3:0:0:0:1, 5+6:0:0:0:0, 3+0:0:0:0:0, 5+1:0:0:0:0, 4+1:0:0:0:0, 2+2:0:0:0:0, 4+1:0:0:0:0, 1+0:0:0:0:0, 1+2:0:0:0:0, 2+1:0:0:0:1, 2+3:3:0:0:3, 4+2:1:0:0:1, 2+3:1:0:0:1, 6+3:0:0:0:2, 6+2:1:0:0:0, 2+0:0:0:0:0, 11+3:0:0:0:1, 4+2:0:0:0:0,  , 7+3:0:0:0:1, 8+4:0:0:0:0, 7+2:0:0:0:2, 9+3:0:0:0:0, 6+1:0:0:0:0, 5+2:0:0:0:0, 5+2:0:0:0:0, 4+2:0:0:0:0, 6+2:0:0:0:1, 5+2:0:0:0:2, 3+1:0:0:0:1, 6+2:1:0:0:0, 2+0:0:0:0:0, 6+1:0:0:0:0, 2+0:0:0:0:0, 0+0:0:0:0:0, 5+2:0:0:0:0, 2+1:0:0:0:0, 1+0:0:0:0:0, 2+0:0:0:0:0, 1+0:0:0:0:0, 0+0:0:0:0:0, 1+0:0:0:0:0, 2+2:2:0:0:2, 1+0:0:0:0:0, 0+0:0:0:0:0, 4+2:0:0:0:2, 5+1:0:0:0:0, 2+0:0:0:0:0, 6+0:0:0:0:0, 2+0:0:0:0:0,  , 4+1:0:0:0:0, 4+0:0:0:0:0, 5+1:0:0:0:0, 4+1:0:0:0:0, 3+0:0:0:0:0, 3+1:0:0:0:0, 2+0:0:0:0:0, 5+3:0:0:0:0, 4+1:0:0:0:0, 5+2:0:0:0:2, 3+1:0:0:0:1, 6+2:1:0:0:0, 3+0:0:0:0:0, 7+1:0:0:0:0, 4+0:0:0:0:0,  , 5+4:0:0:0:3, 3+3:0:0:0:0, 3+1:0:0:0:1, 5+2:0:0:0:0, 2+1:1:0:0:1, 1+0:0:0:0:0, 1+0:0:0:0:0, 3+4:3:0:0:4, 3+1:0:1:0:1, 0+0:0:0:0:0, 5+2:0:0:0:2, 9+3:0:0:0:1, 5+1:0:0:0:1, 7+1:0:0:0:0, 4+5:0:0:0:4, 5+3:0:0:0:2, 7+5:0:0:0:2, 6+1:0:1:0:0, 4+1:0:0:0:0, 4+1:0:0:0:0, 3+0:0:0:0:0, 4+0:0:0:0:0, 3+1:0:0:0:1, 5+2:1:0:0:1, 5+4:0:0:0:3, 8+4:0:0:0:3, 5+5:0:0:0:3, 7+4:2:0:0:0, 2+0:0:0:0:0, 7+1:0:0:0:0, 3+0:0:0:0:0, 4+1:0:0:0:0, 4+2:0:0:0:0, 3+4:3:0:0:3, 4+2:0:0:0:0, 6+2:0:0:0:0, 1+0:0:0:0:0, 3+2:0:0:0:0, 3+1:0:0:0:0, 4+4:0:0:0:0, 3+3:0:0:0:0, 3+2:0:0:0:1, 5+3:0:0:0:2, 7+4:0:0:0:1, 2+0:0:0:0:0, 8+2:0:2:0:2, 3+2:0:0:0:0, 3+1:0:0:0:1, 7+1:0:0:0:0, 6+1:1:1:0:1, 7+1:0:0:0:1, 6+3:0:0:0:3, 3+0:0:0:0:0, 6+2:0:0:0:1, 5+2:0:0:0:0, 8+7:0:0:0:1, 6+2:0:0:0:0, 6+3:0:0:0:3, 5+3:0:0:0:1, 6+2:1:0:0:0, 3+0:0:0:0:0, 8+5:2:0:0:3, 5+3:0:0:0:1, 4+4:0:0:0:0, 4+1:0:0:0:0, 2+3:1:0:0:1, 3+2:0:0:0:0, 5+2:0:0:0:0, 1+0:0:0:0:0, 2+1:1:0:0:1, 1+0:0:0:0:0, 8+9:5:0:0:5, 3+2:1:0:0:1, 4+3:0:0:0:0, 6+4:0:0:0:2, 5+1:0:0:0:0, 4+0:0:0:0:0, 7+2:0:0:0:0, 5+1:0:0:0:1, 2+0:0:0:0:0, 5+2:0:0:0:0, 5+2:0:0:0:0, 6+2:0:0:0:0, 5+2:0:0:0:1, 3+3:0:0:0:0, 6+2:0:0:0:0, 3+3:0:0:0:0, 9+6:0:0:0:4, 4+1:0:0:0:0, 5+2:0:0:0:2, 7+6:0:0:0:3, 11+5:1:1:0:2, 2+0:0:0:0:0, 6+2:0:0:0:1, 5+1:0:0:0:0, 5+3:0:0:0:1, 3+1:0:0:0:0, 3+3:1:0:0:1, 4+2:0:0:0:1, 2+0:0:0:0:0, 4+3:0:0:0:0, 3+1:0:1:0:1, 2+1:1:0:0:1, 2+3:3:0:0:3, 2+0:0:0:0:0, 2+4:0:1:0:2, 5+3:0:0:0:2, 7+5:2:0:0:0, 3+0:0:0:0:0, 8+2:0:0:0:0, 4+2:0:0:0:2, 4+0:0:0:0:0, 8+4:1:0:0:2, 7+4:0:3:0:0, 6+3:0:0:0:0, 7+4:0:0:0:3, 3+0:0:0:0:0, 5+3:0:0:0:2, 5+2:2:0:0:0, 5+1:0:0:0:0, 4+2:0:0:0:0, 5+4:2:0:0:2, 3+2:0:0:0:0, 5+2:1:0:0:1, 5+1:0:0:0:0, 5+4:1:0:0:3, 3+4:0:0:0:0, 5+2:1:0:0:1, 945+408:54:11:0:144
A major (3#), 2+2:0:0:0:1, 1+1:0:0:0:0, 1+0:0:0:0:0, 1+0:0:0:0:0, 2+1:0:0:0:1, 1+0:0:0:0:0, 2+5:0:0:0:0, 3+3:0:0:0:0, 4+3:0:0:0:1, 3+0:0:0:0:0, 6+2:0:0:0:0, 2+3:1:0:0:0, 5+1:0:0:0:0, 3+1:0:0:0:1, 4+1:0:0:0:0, 4+3:0:0:0:1, 1+1:0:0:0:0, 1+1:0:0:0:0, 1+5:0:0:0:0,  , 1+0:0:0:0:0, 1+1:0:1:0:1, 1+0:0:0:0:0, 1+0:0:0:0:0, 0+0:0:0:0:0, 0+0:0:0:0:0, 2+1:0:0:0:1, 1+0:0:0:0:0, 3+2:0:0:0:0, 4+3:0:0:0:0, 3+2:0:0:0:0, 5+3:1:0:0:1, 3+1:0:0:0:1, 3+2:0:0:0:0, 2+2:0:0:0:2, 1+0:0:0:0:0, 1+0:0:0:0:0, 2+0:0:0:0:0, 3+5:0:0:0:0, 4+2:0:0:0:1, 3+4:0:0:0:2, 6+2:0:0:0:1, 4+3:0:0:0:2, 4+6:3:0:0:3, 3+3:2:0:0:0, 5+3:0:0:0:2, 3+3:0:0:0:1, 3+6:1:0:0:0, 1+1:0:0:0:0, 4+3:0:0:0:0, 1+1:0:0:0:0,  , 2+1:0:0:0:0, 5+4:0:0:0:0, 4+2:0:0:0:0, 4+3:0:2:0:2, 2+1:0:0:0:1, 0+0:0:0:0:0, 2+1:0:0:0:0, 1+0:0:0:0:0, 2+1:0:0:0:1, 3+4:0:0:0:2, 1+1:0:0:0:0, 3+3:1:0:0:0, 1+1:0:0:0:0, 1+1:0:0:0:0, 1+0:0:0:0:0, 1+0:0:0:0:0, 2+1:0:1:0:1, 1+0:0:0:0:0, 2+1:0:0:0:0, 3+1:0:0:0:0, 3+3:0:0:0:2, 3+0:0:0:0:0, 3+3:0:0:0:2, 2+4:2:0:0:0, 2+0:0:0:0:0, 3+1:0:0:0:1, 1+2:0:0:0:0, 2+3:0:0:0:0, 1+1:0:0:0:0, 1+2:0:0:0:0, 1+1:0:0:0:0,  , 1+0:0:0:0:0, 1+0:0:0:0:0, 0+0:0:0:0:0, 1+0:0:0:0:0, 0+0:0:0:0:0, 0+0:0:0:0:0, 1+2:0:0:0:0, 2+2:0:1:0:1, 1+2:0:0:0:0, 2+3:0:0:0:0, 1+1:0:0:0:0, 3+3:1:0:0:0, 1+1:0:0:0:0, 2+4:0:0:0:0, 1+0:0:0:0:0,  , 2+1:0:0:0:1, 2+0:0:0:0:0, 4+2:0:0:0:0, 7+4:0:0:0:0, 3+6:5:0:0:0, 4+1:0:0:0:0, 3+2:0:0:0:1, 5+6:2:0:0:1, 5+2:0:1:0:1, 3+1:0:0:0:1, 2+4:0:0:0:1, 5+3:0:0:0:1, 3+1:0:0:0:1, 2+1:0:0:0:0, 4+5:0:0:0:2, 1+2:0:0:0:0, 2+2:0:0:0:0, 2+1:0:1:0:0, 0+0:0:0:0:0, 1+0:0:0:0:0, 0+0:0:0:0:0, 1+1:0:0:0:0, 2+2:0:0:0:1, 3+5:1:1:0:1, 2+4:1:0:0:0, 5+7:0:0:0:0, 4+4:0:0:0:2, 4+7:2:0:0:0, 1+2:0:0:0:0, 2+2:0:0:0:0, 1+0:0:0:0:0, 3+1:0:0:0:0, 1+0:0:0:0:0, 4+6:2:0:0:2, 4+4:0:0:0:0, 7+3:0:0:0:0, 3+3:0:0:0:2, 7+5:0:0:0:2, 7+4:0:0:0:0, 2+4:2:0:0:0, 3+4:3:0:0:0, 8+2:0:0:0:1, 2+6:0:0:0:0, 6+6:0:0:0:1, 1+1:0:0:0:0, 3+4:0:2:0:2, 3+2:0:0:0:0, 2+1:0:0:0:0, 4+1:0:0:0:0, 2+1:1:1:0:1, 2+1:0:0:0:0, 4+1:0:0:0:0, 0+0:0:0:0:0, 3+3:0:0:0:0, 5+4:0:0:0:0, 5+4:1:1:0:3, 3+1:0:0:0:0, 4+3:0:0:0:3, 4+3:0:0:0:1, 3+2:1:0:0:0, 1+0:0:0:0:0, 6+6:1:1:0:3, 4+2:0:0:0:1, 4+2:0:0:0:0, 1+0:0:0:0:0, 3+3:1:0:0:0, 5+4:0:0:0:0, 5+2:0:0:0:0, 3+3:0:0:0:2, 4+1:1:0:0:0, 5+4:0:0:0:0, 8+6:4:0:0:4, 3+2:1:0:0:0, 8+6:2:0:0:2, 8+4:0:0:0:0, 2+2:0:0:0:0, 1+1:0:0:0:0, 3+4:0:0:0:0, 3+1:0:0:0:1, 1+0:0:0:0:0, 2+0:0:0:0:0, 2+7:0:0:0:0, 2+2:0:0:0:0, 2+1:0:0:0:0, 2+3:0:0:0:0, 2+1:0:0:0:0, 2+0:0:0:0:0, 6+5:1:0:0:1, 1+0:0:0:0:0, 2+4:0:0:0:2, 4+2:0:0:0:0, 7+6:1:1:0:1, 1+1:0:0:0:0, 2+3:0:0:0:0, 5+3:0:0:0:0, 2+1:0:0:0:1, 1+0:0:0:0:0, 4+3:0:0:0:2, 5+2:0:0:0:0, 3+3:0:0:0:0, 6+5:0:0:0:1, 5+2:0:1:0:1, 4+3:1:0:0:1, 3+3:1:0:0:0, 3+1:0:0:0:0, 7+7:0:0:0:4, 2+2:0:0:0:0, 5+6:2:0:0:0, 1+1:0:0:0:0, 3+3:0:0:0:0, 2+5:0:0:0:2, 1+2:0:0:0:0, 4+2:1:0:0:1, 4+4:0:3:0:0, 1+3:0:0:0:0, 5+2:0:0:0:0, 0+0:0:0:0:0, 2+2:0:0:0:0, 2+2:2:0:0:0, 2+1:0:0:0:0, 1+0:0:0:0:0, 5+4:0:0:0:4, 1+0:0:0:0:0, 5+2:1:0:0:1, 1+0:0:0:0:0, 5+4:1:0:0:3, 1+0:0:0:0:0, 5+2:1:0:0:1, 616+482:55:18:0:107
C minor (3b), 3+1:0:0:0:1, 6+1:0:0:0:0, 2+0:0:0:0:0, 0+0:0:0:0:0, 4+1:1:0:0:0, 3+0:0:0:0:0, 1+0:0:0:0:0, 2+0:0:0:0:0, 3+2:0:0:0:0, 0+1:0:0:0:0, 3+2:0:0:0:0, 2+3:1:0:0:0, 3+1:0:0:0:0, 1+1:0:0:0:0, 4+2:0:0:0:1, 6+2:1:0:0:0, 3+0:0:0:0:0, 6+1:0:0:0:0, 2+5:0:0:0:0,  , 5+0:0:0:0:0, 4+1:0:1:0:1, 6+1:0:0:0:0, 5+1:0:0:0:0, 4+0:0:0:0:0, 3+0:0:0:0:0, 4+1:0:0:0:1, 4+1:0:0:0:0, 4+2:0:0:0:0, 7+2:0:0:0:1, 5+3:0:0:0:1, 8+3:2:0:0:0, 5+1:0:0:0:1, 7+3:0:0:0:2, 5+2:0:0:0:2, 3+0:0:0:0:0, 5+1:0:0:0:0, 4+0:0:0:0:0, 2+2:0:0:0:0, 4+1:0:0:0:0, 1+0:0:0:0:0, 1+3:0:0:0:0, 2+2:0:0:0:0, 2+0:0:0:0:0, 4+2:1:0:0:0, 2+3:1:0:0:1, 6+3:0:0:0:2, 6+2:1:0:0:0, 2+0:0:0:0:0, 8+5:3:0:0:4, 4+1:0:0:0:0,  , 7+2:0:0:0:0, 8+3:0:1:0:2, 7+3:0:0:0:1, 8+4:1:0:0:4, 6+1:0:0:0:1, 5+0:0:0:0:0, 5+1:0:0:0:0, 4+2:0:0:0:0, 6+2:0:0:0:1, 5+2:0:0:0:2, 3+1:0:0:0:1, 6+2:1:0:0:0, 2+0:0:0:0:0, 6+1:0:0:0:0, 2+0:0:0:0:0, 0+0:0:0:0:0, 5+2:0:0:0:0, 2+0:0:0:0:0, 1+0:0:0:0:0, 2+0:0:0:0:0, 1+1:0:0:0:0, 0+0:0:0:0:0, 1+1:0:0:0:0, 2+4:2:0:0:0, 1+1:0:0:0:0, 0+0:0:0:0:0, 4+2:0:0:0:2, 5+1:0:0:0:0, 2+0:0:0:0:0, 6+2:0:0:0:0, 2+1:0:0:0:0,  , 4+0:0:0:0:0, 4+2:0:1:0:1, 5+0:0:0:0:0, 4+1:0:0:0:0, 3+0:0:0:0:0, 3+0:0:0:0:0, 2+0:0:0:0:0, 5+3:0:0:0:0, 4+1:0:0:0:0, 5+2:0:0:0:2, 3+1:0:0:0:1, 6+2:1:0:0:0, 3+0:0:0:0:0, 7+4:0:0:0:0, 4+0:0:0:0:0,  , 5+1:0:0:0:1, 3+0:0:0:0:0, 3+1:0:0:0:1, 5+2:0:0:0:0, 2+2:1:0:0:1, 1+1:0:0:0:0, 1+1:0:0:0:0, 3+8:3:0:0:4, 3+3:0:1:0:1, 0+0:0:0:0:0, 5+2:0:0:0:2, 8+3:0:1:0:2, 5+1:0:0:0:1, 7+2:0:0:0:0, 4+5:0:0:0:4, 5+2:0:0:0:0, 7+5:0:0:0:0, 6+3:0:3:0:3, 4+0:0:0:0:0, 4+1:0:0:0:0, 3+0:0:0:0:0, 4+2:0:0:0:2, 3+1:0:0:0:1, 5+2:1:0:0:1, 5+4:0:0:0:3, 8+4:0:0:0:3, 5+5:0:0:0:3, 7+5:2:0:0:0, 2+1:0:0:0:0, 7+2:0:0:0:0, 3+2:0:0:0:0, 4+1:0:0:0:0, 4+2:0:0:0:0, 3+4:3:0:0:3, 4+2:0:0:0:0, 6+2:0:0:0:0, 1+1:0:0:0:0, 3+2:0:0:0:0, 3+2:0:0:0:0, 4+4:2:0:0:0, 3+4:0:0:0:0, 3+2:0:0:0:1, 5+3:0:0:0:2, 7+4:0:0:0:1, 2+0:0:0:0:0, 8+4:0:2:0:2, 3+1:0:0:0:0, 3+2:0:0:0:2, 7+3:0:1:0:1, 7+2:0:1:0:1, 7+2:0:0:0:0, 6+3:0:0:0:3, 3+0:0:0:0:0, 6+2:0:0:0:1, 5+2:0:0:0:0, 8+4:1:0:0:2, 6+2:0:0:0:0, 6+3:0:0:0:3, 5+3:0:0:0:1, 6+2:1:0:0:0, 3+0:0:0:0:0, 8+5:2:0:0:3, 5+3:0:0:0:1, 4+4:0:0:0:0, 4+1:0:0:0:0, 2+3:1:0:0:1, 3+2:0:0:0:0, 5+2:0:0:0:0, 1+1:0:0:0:0, 2+3:1:0:0:1, 1+1:0:0:0:0, 8+10:4:0:0:4, 3+3:2:0:0:0, 4+3:0:0:0:0, 6+4:0:0:0:2, 5+1:0:0:0:0, 4+0:0:0:0:0, 7+3:0:0:0:2, 5+2:0:0:0:1, 2+1:0:0:0:0, 5+2:0:0:0:0, 5+2:0:1:0:1, 6+4:0:0:0:0, 5+1:0:0:0:1, 3+0:0:0:0:0, 6+1:0:0:0:0, 3+0:0:0:0:0, 9+6:0:0:0:4, 4+1:0:0:0:0, 5+2:0:0:0:2, 7+6:0:0:0:3, 11+5:1:1:0:2, 2+0:0:0:0:0, 6+2:0:0:0:1, 5+1:0:0:0:0, 5+3:0:0:0:1, 3+1:0:0:0:0, 3+3:1:0:0:1, 4+2:0:0:0:1, 2+0:0:0:0:0, 4+3:0:0:0:0, 3+1:0:1:0:1, 2+0:0:0:0:0, 2+1:1:0:0:0, 2+3:0:0:0:0, 2+4:0:1:0:2, 5+3:0:0:0:2, 7+4:2:0:0:0, 3+0:0:0:0:0, 8+2:0:0:0:0, 4+2:0:0:0:2, 4+0:0:0:0:0, 8+4:1:0:0:0, 7+7:0:4:0:4, 6+1:0:0:0:0, 7+4:0:0:0:3, 3+0:0:0:0:0, 5+3:0:0:0:2, 5+2:2:0:0:0, 5+1:0:0:0:0, 4+2:0:0:0:0, 5+4:2:0:0:2, 3+2:0:0:0:0, 5+2:1:0:0:1, 5+1:0:0:0:0, 5+4:1:0:0:3, 3+4:0:0:0:0, 5+2:1:0:0:1, 941+423:53:20:0:147
F# minor (3#), 2+0:0:0:0:0, 1+1:0:0:0:0, 1+0:0:0:0:0, 1+0:0:0:0:0, 2+1:0:0:0:0, 1+2:0:0:0:0, 2+5:0:0:0:0, 3+3:0:0:0:0, 4+3:0:0:0:1, 3+0:0:0:0:0, 6+1:0:0:0:1, 2+6:1:0:0:1, 5+3:0:0:0:0, 3+1:0:0:0:1, 4+1:0:0:0:0, 4+4:0:0:0:0, 1+1:0:0:0:0, 1+1:0:0:0:0, 1+0:0:0:0:0,  , 1+0:0:0:0:0, 1+1:0:0:0:0, 1+4:0:0:0:0, 1+2:0:0:0:0, 0+5:0:0:0:0, 0+3:0:0:0:0, 2+1:0:0:0:0, 1+1:0:0:0:0, 3+3:0:0:0:0, 4+4:0:0:0:3, 3+5:0:0:0:1, 5+4:1:0:0:1, 3+1:0:0:0:0, 3+2:0:0:0:0, 2+2:0:0:0:0, 1+2:0:0:0:0, 1+2:0:0:0:0, 2+2:0:0:0:0, 3+5:0:0:0:0, 4+2:0:0:0:1, 3+4:0:0:0:2, 6+2:0:0:0:1, 4+3:0:0:0:2, 4+6:3:0:0:3, 4+2:1:0:0:1, 5+3:0:0:0:2, 3+3:0:0:0:1, 3+6:1:0:0:0, 1+1:0:0:0:0, 4+3:0:0:0:0, 1+1:0:0:0:0,  , 2+2:0:0:0:0, 5+4:0:0:0:0, 4+2:0:0:0:2, 4+3:0:0:0:0, 2+1:0:0:0:0, 0+2:0:0:0:0, 2+2:0:0:0:0, 1+2:0:0:0:0, 2+1:0:0:0:0, 3+0:0:0:0:0, 1+3:0:0:0:1, 3+4:1:0:0:1, 1+0:0:0:0:0, 1+1:0:0:0:0, 1+0:0:0:0:0, 1+0:0:0:0:0, 2+2:0:1:0:1, 1+1:0:0:0:0, 2+1:0:0:0:0, 3+1:0:0:0:0, 3+3:0:0:0:2, 3+0:0:0:0:0, 3+3:0:0:0:2, 3+3:1:0:0:1, 2+4:0:0:0:0, 3+1:0:0:0:1, 1+3:0:0:0:2, 2+3:0:0:0:0, 1+1:0:0:0:0, 1+2:0:0:0:0, 1+1:0:0:0:0,  , 1+0:0:0:0:0, 1+0:0:0:0:0, 0+1:0:0:0:0, 1+1:0:0:0:0, 0+0:0:0:0:0, 0+1:0:0:0:0, 1+0:0:0:0:0, 2+2:0:1:0:1, 1+2:0:0:0:0, 2+4:0:0:0:3, 1+3:0:0:0:1, 3+4:1:0:0:1, 1+0:0:0:0:0, 2+4:0:0:0:0, 1+1:0:0:0:0,  , 2+2:0:0:0:0, 2+2:0:0:0:0, 4+2:0:0:0:0, 7+4:0:0:0:0, 4+1:1:0:0:1, 4+1:0:0:0:0, 3+2:0:0:0:1, 6+4:1:0:0:1, 5+2:0:1:0:1, 3+1:0:0:0:1, 2+6:0:0:0:3, 5+7:0:0:0:0, 3+4:0:0:0:0, 2+1:0:0:0:0, 4+5:0:0:0:2, 1+3:0:0:0:2, 2+5:0:0:0:0, 2+1:0:1:0:0, 0+1:0:0:0:0, 1+1:0:0:0:0, 0+0:0:0:0:0, 1+1:0:0:0:0, 2+1:0:0:0:0, 4+4:0:1:0:1, 3+1:0:0:0:0, 5+7:0:0:0:0, 4+4:0:0:0:1, 4+7:2:0:0:0, 1+2:0:0:0:0, 2+2:0:0:0:0, 1+3:0:0:0:0, 2+1:0:1:0:1, 1+2:0:0:0:0, 5+6:0:0:0:0, 4+4:0:0:0:0, 7+3:0:0:0:0, 3+3:0:0:0:2, 7+5:0:0:0:2, 7+6:0:0:0:1, 2+5:2:0:0:2, 3+3:1:0:0:1, 7+4:0:0:0:3, 5+4:0:0:0:2, 6+6:0:0:0:1, 1+1:0:0:0:0, 3+4:0:2:0:2, 2+2:0:1:0:1, 2+3:0:0:0:0, 4+1:0:0:0:0, 2+1:1:1:0:1, 2+1:0:0:0:1, 4+3:0:0:0:1, 0+0:0:0:0:0, 3+3:0:0:0:0, 5+4:0:0:0:0, 6+5:0:0:0:0, 3+2:0:0:0:0, 4+1:0:0:0:0, 4+3:0:0:0:0, 3+4:1:0:0:1, 1+0:0:0:0:0, 7+8:0:0:0:0, 4+3:0:0:0:0, 4+2:0:0:0:0, 1+1:0:0:0:0, 3+3:1:0:0:0, 5+4:0:0:0:0, 5+2:0:0:0:0, 3+3:0:0:0:2, 4+1:1:0:0:0, 5+3:0:0:0:0, 8+6:4:0:0:4, 3+3:1:0:0:1, 8+6:2:0:0:2, 8+4:0:0:0:0, 2+3:0:0:0:0, 1+1:0:0:0:0, 3+4:0:0:0:0, 3+1:0:0:0:0, 1+0:0:0:0:0, 2+0:0:0:0:0, 2+7:0:0:0:0, 2+2:0:0:0:0, 2+2:0:0:0:1, 2+3:0:0:0:0, 2+2:0:0:0:0, 2+2:0:0:0:0, 6+6:1:0:0:2, 1+3:0:0:0:0, 2+1:0:0:0:0, 4+4:0:0:0:1, 7+6:1:1:0:1, 1+1:0:0:0:0, 2+3:0:0:0:0, 5+3:0:0:0:0, 2+3:0:0:0:0, 1+1:0:0:0:0, 4+3:0:0:0:0, 5+2:0:0:0:0, 3+3:0:0:0:0, 6+5:0:0:0:1, 5+2:0:1:0:1, 4+5:1:0:0:0, 3+4:1:0:0:1, 3+4:0:0:0:0, 7+7:0:0:0:4, 2+2:0:0:0:0, 5+6:2:0:0:0, 1+1:0:0:0:0, 3+3:0:0:0:0, 2+5:0:0:0:2, 1+2:0:0:0:0, 4+4:1:0:0:1, 4+4:0:3:0:0, 1+3:0:0:0:0, 5+2:0:0:0:0, 0+1:0:0:0:0, 2+2:0:0:0:0, 3+2:0:0:0:0, 2+2:0:0:0:0, 1+2:0:0:0:0, 5+2:0:0:0:0, 1+0:0:0:0:0, 5+1:1:0:0:1, 1+1:0:0:0:0, 5+1:1:0:0:1, 1+0:0:0:0:0, 5+1:1:0:0:1, 626+563:38:15:0:104
C minor mel (3b),  ,  ,  ,  ,  ,  ,  ,  ,  ,  ,  ,  ,  ,  ,  ,  ,  ,  ,  ,  ,  ,  ,  ,  ,  ,  ,  ,  ,  ,  ,  ,  ,  ,  ,  ,  ,  ,  ,  ,  ,  ,  ,  ,  ,  ,  ,  ,  ,  ,  ,  ,  ,  ,  ,  ,  ,  ,  ,  ,  ,  ,  ,  ,  ,  ,  ,  ,  ,  ,  ,  ,  ,  ,  ,  ,  ,  ,  ,  ,  ,  ,  ,  ,  ,  ,  ,  ,  ,  ,  ,  ,  ,  ,  ,  ,  ,  ,  ,  ,  ,  ,  ,  ,  ,  ,  ,  ,  ,  ,  ,  ,  ,  ,  ,  ,  ,  ,  ,  ,  ,  ,  ,  ,  ,  ,  ,  ,  ,  ,  ,  ,  ,  ,  ,  ,  ,  ,  ,  ,  ,  ,  ,  ,  ,  ,  ,  ,  ,  ,  ,  ,  ,  ,  ,  ,  ,  ,  ,  ,  ,  ,  ,  ,  ,  ,  ,  ,  ,  ,  ,  ,  ,  ,  ,  ,  ,  ,  ,  ,  ,  ,  ,  ,  ,  ,  ,  ,  ,  ,  ,  ,  ,  ,  ,  ,  ,  ,  ,  ,  ,  ,  ,  ,  ,  ,  ,  ,  ,  ,  ,  ,  ,  ,  ,  ,  ,  ,  ,  ,  ,  ,  ,  ,  ,  ,  ,  ,  , 0+0:0:0:0:0
F# minor mel (3#),  ,  ,  ,  ,  ,  ,  ,  ,  ,  ,  ,  ,  ,  ,  ,  ,  ,  ,  ,  ,  ,  ,  ,  ,  ,  ,  ,  ,  ,  ,  ,  ,  ,  ,  ,  ,  ,  ,  ,  ,  ,  ,  ,  ,  ,  ,  ,  ,  ,  ,  ,  ,  ,  ,  ,  ,  ,  ,  ,  ,  ,  ,  ,  ,  ,  ,  ,  ,  ,  ,  ,  ,  ,  ,  ,  ,  ,  ,  ,  ,  ,  ,  ,  ,  ,  ,  ,  ,  ,  ,  ,  ,  ,  ,  ,  ,  ,  ,  ,  ,  ,  ,  ,  ,  ,  ,  ,  ,  ,  ,  ,  ,  ,  ,  ,  ,  ,  ,  ,  ,  ,  ,  ,  ,  ,  ,  ,  ,  ,  ,  ,  ,  ,  ,  ,  ,  ,  ,  ,  ,  ,  ,  ,  ,  ,  ,  ,  ,  ,  ,  ,  ,  ,  ,  ,  ,  ,  ,  ,  ,  ,  ,  ,  ,  ,  ,  ,  ,  ,  ,  ,  ,  ,  ,  ,  ,  ,  ,  ,  ,  ,  ,  ,  ,  ,  ,  ,  ,  ,  ,  ,  ,  ,  ,  ,  ,  ,  ,  ,  ,  ,  ,  ,  ,  ,  ,  ,  ,  ,  ,  ,  ,  ,  ,  ,  ,  ,  ,  ,  ,  ,  ,  ,  ,  ,  ,  ,  , 0+0:0:0:0:0
Eb major blues (3b),  ,  ,  ,  ,  ,  ,  ,  ,  ,  ,  ,  ,  ,  ,  ,  ,  ,  ,  ,  ,  ,  ,  ,  ,  ,  ,  ,  ,  ,  ,  ,  ,  ,  ,  ,  ,  ,  ,  ,  ,  ,  ,  ,  ,  ,  ,  ,  ,  ,  ,  ,  ,  ,  ,  ,  ,  ,  ,  ,  ,  ,  ,  ,  ,  ,  ,  ,  ,  ,  ,  ,  ,  ,  ,  ,  ,  ,  ,  ,  ,  ,  ,  ,  ,  ,  ,  ,  ,  ,  ,  ,  ,  ,  ,  ,  ,  ,  ,  ,  ,  ,  ,  ,  ,  ,  ,  ,  ,  ,  ,  ,  ,  ,  ,  ,  ,  ,  ,  ,  ,  ,  ,  ,  ,  ,  ,  ,  ,  ,  ,  ,  ,  ,  ,  ,  ,  ,  ,  ,  ,  ,  ,  ,  ,  ,  ,  ,  ,  ,  ,  ,  ,  ,  ,  ,  ,  ,  ,  ,  ,  ,  ,  ,  ,  ,  ,  ,  ,  ,  ,  ,  ,  ,  ,  ,  ,  ,  ,  ,  ,  ,  ,  ,  ,  ,  ,  ,  ,  ,  ,  ,  ,  ,  ,  ,  ,  ,  ,  ,  ,  ,  ,  ,  ,  ,  ,  ,  ,  ,  ,  ,  ,  ,  ,  ,  ,  ,  ,  ,  ,  ,  ,  ,  ,  ,  ,  ,  , 0+0:0:0:0:0
A major blues (3#),  ,  ,  ,  ,  ,  ,  ,  ,  ,  ,  ,  ,  ,  ,  ,  ,  ,  ,  ,  ,  ,  ,  ,  ,  ,  ,  ,  ,  ,  ,  ,  ,  ,  ,  ,  ,  ,  ,  ,  ,  ,  ,  ,  ,  ,  ,  ,  ,  ,  ,  ,  ,  ,  ,  ,  ,  ,  ,  ,  ,  ,  ,  ,  ,  ,  ,  ,  ,  ,  ,  ,  ,  ,  ,  ,  ,  ,  ,  ,  ,  ,  ,  ,  ,  ,  ,  ,  ,  ,  ,  ,  ,  ,  ,  ,  ,  ,  ,  ,  ,  ,  ,  ,  ,  ,  ,  ,  ,  ,  ,  ,  ,  ,  ,  ,  ,  ,  ,  ,  ,  ,  ,  ,  ,  ,  ,  ,  ,  ,  ,  ,  ,  ,  ,  ,  ,  ,  ,  ,  ,  ,  ,  ,  ,  ,  ,  ,  ,  ,  ,  ,  ,  ,  ,  ,  ,  ,  ,  ,  ,  ,  ,  ,  ,  ,  ,  ,  ,  ,  ,  ,  ,  ,  ,  ,  ,  ,  ,  ,  ,  ,  ,  ,  ,  ,  ,  ,  ,  ,  ,  ,  ,  ,  ,  ,  ,  ,  ,  ,  ,  ,  ,  ,  ,  ,  ,  ,  ,  ,  ,  ,  ,  ,  ,  ,  ,  ,  ,  ,  ,  ,  ,  ,  ,  ,  ,  ,  , 0+0:0:0:0:0
C minor blues (3b),  ,  ,  ,  ,  ,  ,  ,  ,  ,  ,  ,  ,  ,  ,  ,  ,  ,  ,  ,  ,  ,  ,  ,  ,  ,  ,  ,  ,  ,  ,  ,  ,  ,  ,  ,  ,  ,  ,  ,  ,  ,  ,  ,  ,  ,  ,  ,  ,  ,  ,  ,  ,  ,  ,  ,  ,  ,  ,  ,  ,  ,  ,  ,  ,  ,  ,  ,  ,  ,  ,  ,  ,  ,  ,  ,  ,  ,  ,  ,  ,  ,  ,  ,  ,  ,  ,  ,  ,  ,  ,  ,  ,  ,  ,  ,  ,  ,  ,  ,  ,  ,  ,  ,  ,  ,  ,  ,  ,  ,  ,  ,  ,  ,  ,  ,  ,  ,  ,  ,  ,  ,  ,  ,  ,  ,  ,  ,  ,  ,  ,  ,  ,  ,  ,  ,  ,  ,  ,  ,  ,  ,  ,  ,  ,  ,  ,  ,  ,  ,  ,  ,  ,  ,  ,  ,  ,  ,  ,  ,  ,  ,  ,  ,  ,  ,  ,  ,  ,  ,  ,  ,  ,  ,  ,  ,  ,  ,  ,  ,  ,  ,  ,  ,  ,  ,  ,  ,  ,  ,  ,  ,  ,  ,  ,  ,  ,  ,  ,  ,  ,  ,  ,  ,  ,  ,  ,  ,  ,  ,  ,  ,  ,  ,  ,  ,  ,  ,  ,  ,  ,  ,  ,  ,  ,  ,  ,  ,  , 0+0:0:0:0:0
F# minor blues (3#),  ,  ,  ,  ,  ,  ,  ,  ,  ,  ,  ,  ,  ,  ,  ,  ,  ,  ,  ,  ,  ,  ,  ,  ,  ,  ,  ,  ,  ,  ,  ,  ,  ,  ,  ,  ,  ,  ,  ,  ,  ,  ,  ,  ,  ,  ,  ,  ,  ,  ,  ,  ,  ,  ,  ,  ,  ,  ,  ,  ,  ,  ,  ,  ,  ,  ,  ,  ,  ,  ,  ,  ,  ,  ,  ,  ,  ,  ,  ,  ,  ,  ,  ,  ,  ,  ,  ,  ,  ,  ,  ,  ,  ,  ,  ,  ,  ,  ,  ,  ,  ,  ,  ,  ,  ,  ,  ,  ,  ,  ,  ,  ,  ,  ,  ,  ,  ,  ,  ,  ,  ,  ,  ,  ,  ,  ,  ,  ,  ,  ,  ,  ,  ,  ,  ,  ,  ,  ,  ,  ,  ,  ,  ,  ,  ,  ,  ,  ,  ,  ,  ,  ,  ,  ,  ,  ,  ,  ,  ,  ,  ,  ,  ,  ,  ,  ,  ,  ,  ,  ,  ,  ,  ,  ,  ,  ,  ,  ,  ,  ,  ,  ,  ,  ,  ,  ,  ,  ,  ,  ,  ,  ,  ,  ,  ,  ,  ,  ,  ,  ,  ,  ,  ,  ,  ,  ,  ,  ,  ,  ,  ,  ,  ,  ,  ,  ,  ,  ,  ,  ,  ,  ,  ,  ,  ,  ,  ,  , 0+0:0:0:0:0
Eb dorian (3b),  ,  ,  ,  ,  ,  ,  ,  ,  ,  ,  ,  ,  ,  ,  ,  ,  ,  ,  ,  ,  ,  ,  ,  ,  ,  ,  ,  ,  ,  ,  ,  ,  ,  ,  ,  ,  ,  ,  ,  ,  ,  ,  ,  ,  ,  ,  ,  ,  ,  ,  ,  ,  ,  ,  ,  ,  ,  ,  ,  ,  ,  ,  ,  ,  ,  ,  ,  ,  ,  ,  ,  ,  ,  ,  ,  ,  ,  ,  ,  ,  ,  ,  ,  ,  ,  ,  ,  ,  ,  ,  ,  ,  ,  ,  ,  ,  ,  ,  ,  ,  ,  ,  ,  ,  ,  ,  ,  ,  ,  ,  ,  ,  ,  ,  ,  ,  ,  ,  ,  ,  ,  ,  ,  ,  ,  ,  ,  ,  ,  ,  ,  ,  ,  ,  ,  ,  ,  ,  ,  ,  ,  ,  ,  ,  ,  ,  ,  ,  ,  ,  ,  ,  ,  ,  ,  ,  ,  ,  ,  ,  ,  ,  ,  ,  ,  ,  ,  ,  ,  ,  ,  ,  ,  ,  ,  ,  ,  ,  ,  ,  ,  ,  ,  ,  ,  ,  ,  ,  ,  ,  ,  ,  ,  ,  ,  ,  ,  ,  ,  ,  ,  ,  ,  ,  ,  ,  ,  ,  ,  ,  ,  ,  ,  ,  ,  ,  ,  ,  ,  ,  ,  ,  ,  ,  ,  ,  ,  , 0+0:0:0:0:0
A dorian (3#),  ,  ,  ,  ,  ,  ,  ,  ,  ,  ,  ,  ,  ,  ,  ,  ,  ,  ,  ,  ,  ,  ,  ,  ,  ,  ,  ,  ,  ,  ,  ,  ,  ,  ,  ,  ,  ,  ,  ,  ,  ,  ,  ,  ,  ,  ,  ,  ,  ,  ,  ,  ,  ,  ,  ,  ,  ,  ,  ,  ,  ,  ,  ,  ,  ,  ,  ,  ,  ,  ,  ,  ,  ,  ,  ,  ,  ,  ,  ,  ,  ,  ,  ,  ,  ,  ,  ,  ,  ,  ,  ,  ,  ,  ,  ,  ,  ,  ,  ,  ,  ,  ,  ,  ,  ,  ,  ,  ,  ,  ,  ,  ,  ,  ,  ,  ,  ,  ,  ,  ,  ,  ,  ,  ,  ,  ,  ,  ,  ,  ,  ,  ,  ,  ,  ,  ,  ,  ,  ,  ,  ,  ,  ,  ,  ,  ,  ,  ,  ,  ,  ,  ,  ,  ,  ,  ,  ,  ,  ,  ,  ,  ,  ,  ,  ,  ,  ,  ,  ,  ,  ,  ,  ,  ,  ,  ,  ,  ,  ,  ,  ,  ,  ,  ,  ,  ,  ,  ,  ,  ,  ,  ,  ,  ,  ,  ,  ,  ,  ,  ,  ,  ,  ,  ,  ,  ,  ,  ,  ,  ,  ,  ,  ,  ,  ,  ,  ,  ,  ,  ,  ,  ,  ,  ,  ,  ,  ,  , 0+0:0:0:0:0
Eb phrygian (3b),  ,  ,  ,  ,  ,  ,  ,  ,  ,  ,  ,  ,  ,  ,  ,  ,  ,  ,  ,  ,  ,  ,  ,  ,  ,  ,  ,  ,  ,  ,  ,  ,  ,  ,  ,  ,  ,  ,  ,  ,  ,  ,  ,  ,  ,  ,  ,  ,  ,  ,  ,  ,  ,  ,  ,  ,  ,  ,  ,  ,  ,  ,  ,  ,  ,  ,  ,  ,  ,  ,  ,  ,  ,  ,  ,  ,  ,  ,  ,  ,  ,  ,  ,  ,  ,  ,  ,  ,  ,  ,  ,  ,  ,  ,  ,  ,  ,  ,  ,  ,  ,  ,  ,  ,  ,  ,  ,  ,  ,  ,  ,  ,  ,  ,  ,  ,  ,  ,  ,  ,  ,  ,  ,  ,  ,  ,  ,  ,  ,  ,  ,  ,  ,  ,  ,  ,  ,  ,  ,  ,  ,  ,  ,  ,  ,  ,  ,  ,  ,  ,  ,  ,  ,  ,  ,  ,  ,  ,  ,  ,  ,  ,  ,  ,  ,  ,  ,  ,  ,  ,  ,  ,  ,  ,  ,  ,  ,  ,  ,  ,  ,  ,  ,  ,  ,  ,  ,  ,  ,  ,  ,  ,  ,  ,  ,  ,  ,  ,  ,  ,  ,  ,  ,  ,  ,  ,  ,  ,  ,  ,  ,  ,  ,  ,  ,  ,  ,  ,  ,  ,  ,  ,  ,  ,  ,  ,  ,  , 0+0:0:0:0:0
A phrygian (3#),  ,  ,  ,  ,  ,  ,  ,  ,  ,  ,  ,  ,  ,  ,  ,  ,  ,  ,  ,  ,  ,  ,  ,  ,  ,  ,  ,  ,  ,  ,  ,  ,  ,  ,  ,  ,  ,  ,  ,  ,  ,  ,  ,  ,  ,  ,  ,  ,  ,  ,  ,  ,  ,  ,  ,  ,  ,  ,  ,  ,  ,  ,  ,  ,  ,  ,  ,  ,  ,  ,  ,  ,  ,  ,  ,  ,  ,  ,  ,  ,  ,  ,  ,  ,  ,  ,  ,  ,  ,  ,  ,  ,  ,  ,  ,  ,  ,  ,  ,  ,  ,  ,  ,  ,  ,  ,  ,  ,  ,  ,  ,  ,  ,  ,  ,  ,  ,  ,  ,  ,  ,  ,  ,  ,  ,  ,  ,  ,  ,  ,  ,  ,  ,  ,  ,  ,  ,  ,  ,  ,  ,  ,  ,  ,  ,  ,  ,  ,  ,  ,  ,  ,  ,  ,  ,  ,  ,  ,  ,  ,  ,  ,  ,  ,  ,  ,  ,  ,  ,  ,  ,  ,  ,  ,  ,  ,  ,  ,  ,  ,  ,  ,  ,  ,  ,  ,  ,  ,  ,  ,  ,  ,  ,  ,  ,  ,  ,  ,  ,  ,  ,  ,  ,  ,  ,  ,  ,  ,  ,  ,  ,  ,  ,  ,  ,  ,  ,  ,  ,  ,  ,  ,  ,  ,  ,  ,  ,  , 0+0:0:0:0:0
Eb lydian (3b),  ,  ,  ,  ,  ,  ,  ,  ,  ,  ,  ,  ,  ,  ,  ,  ,  ,  ,  ,  ,  ,  ,  ,  ,  ,  ,  ,  ,  ,  ,  ,  ,  ,  ,  ,  ,  ,  ,  ,  ,  ,  ,  ,  ,  ,  ,  ,  ,  ,  ,  ,  ,  ,  ,  ,  ,  ,  ,  ,  ,  ,  ,  ,  ,  ,  ,  ,  ,  ,  ,  ,  ,  ,  ,  ,  ,  ,  ,  ,  ,  ,  ,  ,  ,  ,  ,  ,  ,  ,  ,  ,  ,  ,  ,  ,  ,  ,  ,  ,  ,  ,  ,  ,  ,  ,  ,  ,  ,  ,  ,  ,  ,  ,  ,  ,  ,  ,  ,  ,  ,  ,  ,  ,  ,  ,  ,  ,  ,  ,  ,  ,  ,  ,  ,  ,  ,  ,  ,  ,  ,  ,  ,  ,  ,  ,  ,  ,  ,  ,  ,  ,  ,  ,  ,  ,  ,  ,  ,  ,  ,  ,  ,  ,  ,  ,  ,  ,  ,  ,  ,  ,  ,  ,  ,  ,  ,  ,  ,  ,  ,  ,  ,  ,  ,  ,  ,  ,  ,  ,  ,  ,  ,  ,  ,  ,  ,  ,  ,  ,  ,  ,  ,  ,  ,  ,  ,  ,  ,  ,  ,  ,  ,  ,  ,  ,  ,  ,  ,  ,  ,  ,  ,  ,  ,  ,  ,  ,  , 0+0:0:0:0:0
A lydian (3#),  ,  ,  ,  ,  ,  ,  ,  ,  ,  ,  ,  ,  ,  ,  ,  ,  ,  ,  ,  ,  ,  ,  ,  ,  ,  ,  ,  ,  ,  ,  ,  ,  ,  ,  ,  ,  ,  ,  ,  ,  ,  ,  ,  ,  ,  ,  ,  ,  ,  ,  ,  ,  ,  ,  ,  ,  ,  ,  ,  ,  ,  ,  ,  ,  ,  ,  ,  ,  ,  ,  ,  ,  ,  ,  ,  ,  ,  ,  ,  ,  ,  ,  ,  ,  ,  ,  ,  ,  ,  ,  ,  ,  ,  ,  ,  ,  ,  ,  ,  ,  ,  ,  ,  ,  ,  ,  ,  ,  ,  ,  ,  ,  ,  ,  ,  ,  ,  ,  ,  ,  ,  ,  ,  ,  ,  ,  ,  ,  ,  ,  ,  ,  ,  ,  ,  ,  ,  ,  ,  ,  ,  ,  ,  ,  ,  ,  ,  ,  ,  ,  ,  ,  ,  ,  ,  ,  ,  ,  ,  ,  ,  ,  ,  ,  ,  ,  ,  ,  ,  ,  ,  ,  ,  ,  ,  ,  ,  ,  ,  ,  ,  ,  ,  ,  ,  ,  ,  ,  ,  ,  ,  ,  ,  ,  ,  ,  ,  ,  ,  ,  ,  ,  ,  ,  ,  ,  ,  ,  ,  ,  ,  ,  ,  ,  ,  ,  ,  ,  ,  ,  ,  ,  ,  ,  ,  ,  ,  , 0+0:0:0:0:0
Eb mixolydian (3b),  ,  ,  ,  ,  ,  ,  ,  ,  ,  ,  ,  ,  ,  ,  ,  ,  ,  ,  ,  ,  ,  ,  ,  ,  ,  ,  ,  ,  ,  ,  ,  ,  ,  ,  ,  ,  ,  ,  ,  ,  ,  ,  ,  ,  ,  ,  ,  ,  ,  ,  ,  ,  ,  ,  ,  ,  ,  ,  ,  ,  ,  ,  ,  ,  ,  ,  ,  ,  ,  ,  ,  ,  ,  ,  ,  ,  ,  ,  ,  ,  ,  ,  ,  ,  ,  ,  ,  ,  ,  ,  ,  ,  ,  ,  ,  ,  ,  ,  ,  ,  ,  ,  ,  ,  ,  ,  ,  ,  ,  ,  ,  ,  ,  ,  ,  ,  ,  ,  ,  ,  ,  ,  ,  ,  ,  ,  ,  ,  ,  ,  ,  ,  ,  ,  ,  ,  ,  ,  ,  ,  ,  ,  ,  ,  ,  ,  ,  ,  ,  ,  ,  ,  ,  ,  ,  ,  ,  ,  ,  ,  ,  ,  ,  ,  ,  ,  ,  ,  ,  ,  ,  ,  ,  ,  ,  ,  ,  ,  ,  ,  ,  ,  ,  ,  ,  ,  ,  ,  ,  ,  ,  ,  ,  ,  ,  ,  ,  ,  ,  ,  ,  ,  ,  ,  ,  ,  ,  ,  ,  ,  ,  ,  ,  ,  ,  ,  ,  ,  ,  ,  ,  ,  ,  ,  ,  ,  ,  , 0+0:0:0:0:0
A mixolydian (3#),  ,  ,  ,  ,  ,  ,  ,  ,  ,  ,  ,  ,  ,  ,  ,  ,  ,  ,  ,  ,  ,  ,  ,  ,  ,  ,  ,  ,  ,  ,  ,  ,  ,  ,  ,  ,  ,  ,  ,  ,  ,  ,  ,  ,  ,  ,  ,  ,  ,  ,  ,  ,  ,  ,  ,  ,  ,  ,  ,  ,  ,  ,  ,  ,  ,  ,  ,  ,  ,  ,  ,  ,  ,  ,  ,  ,  ,  ,  ,  ,  ,  ,  ,  ,  ,  ,  ,  ,  ,  ,  ,  ,  ,  ,  ,  ,  ,  ,  ,  ,  ,  ,  ,  ,  ,  ,  ,  ,  ,  ,  ,  ,  ,  ,  ,  ,  ,  ,  ,  ,  ,  ,  ,  ,  ,  ,  ,  ,  ,  ,  ,  ,  ,  ,  ,  ,  ,  ,  ,  ,  ,  ,  ,  ,  ,  ,  ,  ,  ,  ,  ,  ,  ,  ,  ,  ,  ,  ,  ,  ,  ,  ,  ,  ,  ,  ,  ,  ,  ,  ,  ,  ,  ,  ,  ,  ,  ,  ,  ,  ,  ,  ,  ,  ,  ,  ,  ,  ,  ,  ,  ,  ,  ,  ,  ,  ,  ,  ,  ,  ,  ,  ,  ,  ,  ,  ,  ,  ,  ,  ,  ,  ,  ,  ,  ,  ,  ,  ,  ,  ,  ,  ,  ,  ,  ,  ,  ,  , 0+0:0:0:0:0
Eb aeolian (3b),  ,  ,  ,  ,  ,  ,  ,  ,  ,  ,  ,  ,  ,  ,  ,  ,  ,  ,  ,  ,  ,  ,  ,  ,  ,  ,  ,  ,  ,  ,  ,  ,  ,  ,  ,  ,  ,  ,  ,  ,  ,  ,  ,  ,  ,  ,  ,  ,  ,  ,  ,  ,  ,  ,  ,  ,  ,  ,  ,  ,  ,  ,  ,  ,  ,  ,  ,  ,  ,  ,  ,  ,  ,  ,  ,  ,  ,  ,  ,  ,  ,  ,  ,  ,  ,  ,  ,  ,  ,  ,  ,  ,  ,  ,  ,  ,  ,  ,  ,  ,  ,  ,  ,  ,  ,  ,  ,  ,  ,  ,  ,  ,  ,  ,  ,  ,  ,  ,  ,  ,  ,  ,  ,  ,  ,  ,  ,  ,  ,  ,  ,  ,  ,  ,  ,  ,  ,  ,  ,  ,  ,  ,  ,  ,  ,  ,  ,  ,  ,  ,  ,  ,  ,  ,  ,  ,  ,  ,  ,  ,  ,  ,  ,  ,  ,  ,  ,  ,  ,  ,  ,  ,  ,  ,  ,  ,  ,  ,  ,  ,  ,  ,  ,  ,  ,  ,  ,  ,  ,  ,  ,  ,  ,  ,  ,  ,  ,  ,  ,  ,  ,  ,  ,  ,  ,  ,  ,  ,  ,  ,  ,  ,  ,  ,  ,  ,  ,  ,  ,  ,  ,  ,  ,  ,  ,  ,  ,  , 0+0:0:0:0:0
A aeolian (3#),  ,  ,  ,  ,  ,  ,  ,  ,  ,  ,  ,  ,  ,  ,  ,  ,  ,  ,  ,  ,  ,  ,  ,  ,  ,  ,  ,  ,  ,  ,  ,  ,  ,  ,  ,  ,  ,  ,  ,  ,  ,  ,  ,  ,  ,  ,  ,  ,  ,  ,  ,  ,  ,  ,  ,  ,  ,  ,  ,  ,  ,  ,  ,  ,  ,  ,  ,  ,  ,  ,  ,  ,  ,  ,  ,  ,  ,  ,  ,  ,  ,  ,  ,  ,  ,  ,  ,  ,  ,  ,  ,  ,  ,  ,  ,  ,  ,  ,  ,  ,  ,  ,  ,  ,  ,  ,  ,  ,  ,  ,  ,  ,  ,  ,  ,  ,  ,  ,  ,  ,  ,  ,  ,  ,  ,  ,  ,  ,  ,  ,  ,  ,  ,  ,  ,  ,  ,  ,  ,  ,  ,  ,  ,  ,  ,  ,  ,  ,  ,  ,  ,  ,  ,  ,  ,  ,  ,  ,  ,  ,  ,  ,  ,  ,  ,  ,  ,  ,  ,  ,  ,  ,  ,  ,  ,  ,  ,  ,  ,  ,  ,  ,  ,  ,  ,  ,  ,  ,  ,  ,  ,  ,  ,  ,  ,  ,  ,  ,  ,  ,  ,  ,  ,  ,  ,  ,  ,  ,  ,  ,  ,  ,  ,  ,  ,  ,  ,  ,  ,  ,  ,  ,  ,  ,  ,  ,  ,  , 0+0:0:0:0:0
Eb locrian (3b),  ,  ,  ,  ,  ,  ,  ,  ,  ,  ,  ,  ,  ,  ,  ,  ,  ,  ,  ,  ,  ,  ,  ,  ,  ,  ,  ,  ,  ,  ,  ,  ,  ,  ,  ,  ,  ,  ,  ,  ,  ,  ,  ,  ,  ,  ,  ,  ,  ,  ,  ,  ,  ,  ,  ,  ,  ,  ,  ,  ,  ,  ,  ,  ,  ,  ,  ,  ,  ,  ,  ,  ,  ,  ,  ,  ,  ,  ,  ,  ,  ,  ,  ,  ,  ,  ,  ,  ,  ,  ,  ,  ,  ,  ,  ,  ,  ,  ,  ,  ,  ,  ,  ,  ,  ,  ,  ,  ,  ,  ,  ,  ,  ,  ,  ,  ,  ,  ,  ,  ,  ,  ,  ,  ,  ,  ,  ,  ,  ,  ,  ,  ,  ,  ,  ,  ,  ,  ,  ,  ,  ,  ,  ,  ,  ,  ,  ,  ,  ,  ,  ,  ,  ,  ,  ,  ,  ,  ,  ,  ,  ,  ,  ,  ,  ,  ,  ,  ,  ,  ,  ,  ,  ,  ,  ,  ,  ,  ,  ,  ,  ,  ,  ,  ,  ,  ,  ,  ,  ,  ,  ,  ,  ,  ,  ,  ,  ,  ,  ,  ,  ,  ,  ,  ,  ,  ,  ,  ,  ,  ,  ,  ,  ,  ,  ,  ,  ,  ,  ,  ,  ,  ,  ,  ,  ,  ,  ,  , 0+0:0:0:0:0
A locrian (3#),  ,  ,  ,  ,  ,  ,  ,  ,  ,  ,  ,  ,  ,  ,  ,  ,  ,  ,  ,  ,  ,  ,  ,  ,  ,  ,  ,  ,  ,  ,  ,  ,  ,  ,  ,  ,  ,  ,  ,  ,  ,  ,  ,  ,  ,  ,  ,  ,  ,  ,  ,  ,  ,  ,  ,  ,  ,  ,  ,  ,  ,  ,  ,  ,  ,  ,  ,  ,  ,  ,  ,  ,  ,  ,  ,  ,  ,  ,  ,  ,  ,  ,  ,  ,  ,  ,  ,  ,  ,  ,  ,  ,  ,  ,  ,  ,  ,  ,  ,  ,  ,  ,  ,  ,  ,  ,  ,  ,  ,  ,  ,  ,  ,  ,  ,  ,  ,  ,  ,  ,  ,  ,  ,  ,  ,  ,  ,  ,  ,  ,  ,  ,  ,  ,  ,  ,  ,  ,  ,  ,  ,  ,  ,  ,  ,  ,  ,  ,  ,  ,  ,  ,  ,  ,  ,  ,  ,  ,  ,  ,  ,  ,  ,  ,  ,  ,  ,  ,  ,  ,  ,  ,  ,  ,  ,  ,  ,  ,  ,  ,  ,  ,  ,  ,  ,  ,  ,  ,  ,  ,  ,  ,  ,  ,  ,  ,  ,  ,  ,  ,  ,  ,  ,  ,  ,  ,  ,  ,  ,  ,  ,  ,  ,  ,  ,  ,  ,  ,  ,  ,  ,  ,  ,  ,  ,  ,  ,  , 0+0:0:0:0:0
Ab major (4b), 4+0:0:0:0:0, 6+8:0:0:0:0, 3+0:0:0:0:0, 0+0:0:0:0:0, 5+1:0:0:0:0, 4+2:0:0:0:0, 2+2:0:0:0:0, 3+1:0:0:0:0, 3+1:0:0:0:1, 1+0:0:0:0:0, 2+1:0:0:0:0, 3+2:2:0:0:2, 4+1:0:0:0:0, 2+1:0:0:0:0, 5+2:0:0:0:1, 7+5:1:0:0:1, 4+1:0:0:0:0, 6+6:0:0:0:0, 3+0:0:0:0:0,  , 5+2:0:0:0:0, 5+0:0:0:0:0, 6+4:0:0:0:0, 5+2:0:0:0:0, 5+5:0:0:0:0, 4+3:0:0:0:0, 5+1:0:0:0:0, 4+1:0:0:0:0, 5+2:0:0:0:0, 7+4:0:0:0:3, 6+5:0:0:0:1, 10+4:1:0:0:1, 6+4:0:0:0:0, 7+3:0:0:0:1, 6+2:0:0:0:0, 3+2:0:0:0:0, 5+2:0:0:0:0, 5+4:0:0:0:0, 3+2:0:0:0:0, 5+3:0:0:0:0, 2+0:0:0:0:0, 2+2:0:0:0:0, 3+1:0:0:0:1, 3+3:3:0:0:3, 5+2:1:0:0:1, 3+3:1:0:0:1, 7+3:0:0:0:2, 7+6:1:0:0:1, 3+0:0:0:0:0, 11+3:0:0:0:1, 5+1:0:0:0:0,  , 7+3:0:0:0:1, 8+5:0:0:0:1, 7+2:0:0:0:2, 9+3:0:0:0:0, 7+5:0:0:0:0, 6+2:0:0:0:0, 6+2:0:0:0:0, 5+2:0:0:0:0, 7+1:0:0:0:0, 5+4:0:0:0:3, 4+3:0:0:0:1, 7+4:1:0:0:1, 3+0:0:0:0:0, 6+1:0:0:0:0, 3+0:0:0:0:0, 0+0:0:0:0:0, 4+2:0:1:0:1, 3+3:0:0:0:0, 2+2:0:0:0:0, 3+3:0:0:0:0, 1+0:0:0:0:0, 1+0:0:0:0:0, 1+0:0:0:0:0, 3+2:2:0:0:2, 2+0:0:0:0:0, 1+0:0:0:0:0, 5+3:0:0:0:2, 6+3:0:0:0:0, 3+0:0:0:0:0, 6+1:0:0:0:0, 3+0:0:0:0:0,  , 4+1:0:0:0:0, 4+1:0:0:0:0, 5+0:0:0:0:0, 4+1:0:0:0:0, 4+0:0:0:0:0, 4+1:0:0:0:0, 3+0:0:0:0:0, 4+2:0:1:0:1, 5+2:0:0:0:0, 6+3:0:0:0:2, 4+3:0:0:0:1, 7+4:1:0:0:1, 4+0:0:0:0:0, 7+1:0:0:0:0, 5+1:0:0:0:0,  , 6+2:0:0:0:0, 4+3:0:0:0:0, 5+2:0:0:0:0, 6+3:0:0:0:0, 2+1:1:0:0:1, 2+0:0:0:0:0, 1+0:0:0:0:0, 4+4:3:0:0:4, 4+1:0:1:0:1, 1+0:0:0:0:0, 7+5:0:0:0:2, 8+8:1:0:0:1, 6+2:0:0:0:0, 8+2:0:0:0:0, 6+1:0:1:0:0, 6+3:0:0:0:2, 7+5:0:0:0:2, 6+1:0:0:0:0, 4+0:0:0:0:0, 4+1:0:0:0:0, 4+0:0:0:0:0, 6+1:0:0:0:0, 4+1:0:0:0:0, 7+4:0:1:0:1, 6+1:0:0:0:0, 9+5:0:0:0:3, 8+3:0:0:0:3, 8+8:2:0:0:3, 3+0:0:0:0:0, 7+3:0:0:0:0, 4+0:0:0:0:0, 5+2:0:0:0:0, 4+5:0:0:0:2, 4+3:3:0:0:3, 5+2:0:0:0:0, 7+5:0:0:0:0, 1+0:0:0:0:0, 4+2:0:0:0:0, 4+1:0:0:0:0, 5+4:0:0:0:0, 4+3:0:0:0:0, 4+2:0:0:0:0, 8+4:0:0:0:2, 8+7:0:0:0:2, 3+0:0:0:0:0, 8+4:0:2:0:0, 4+1:0:0:0:1, 3+2:0:0:0:0, 7+2:0:1:0:0, 7+2:0:1:0:1, 7+3:0:0:0:0, 6+4:0:0:0:0, 4+1:0:0:0:0, 8+3:0:0:0:0, 6+2:0:0:0:0, 9+6:1:0:0:1, 7+2:0:0:0:0, 7+5:0:0:0:3, 6+5:0:0:0:3, 7+4:1:0:0:1, 4+0:0:0:0:0, 7+10:2:0:0:2, 6+1:0:0:0:0, 5+2:0:1:0:1, 4+2:0:0:0:1, 3+1:1:0:0:1, 4+3:0:0:0:1, 6+4:0:0:0:0, 1+0:0:0:0:0, 3+1:1:0:0:1, 2+0:0:0:0:0, 9+9:5:0:0:5, 4+2:1:0:0:1, 5+2:0:0:0:0, 7+4:0:0:0:2, 6+3:0:0:0:0, 5+1:0:0:0:0, 7+2:0:0:0:1, 6+1:0:0:0:0, 2+0:0:0:0:0, 5+0:0:0:0:0, 6+7:0:1:0:1, 6+3:0:0:0:0, 5+2:0:0:0:1, 4+3:0:0:0:0, 7+2:0:0:0:0, 4+1:0:0:0:0, 11+6:1:0:0:2, 5+3:0:0:0:0, 6+7:0:0:0:2, 8+4:0:0:0:1, 12+10:1:1:0:1, 3+0:0:0:0:0, 6+3:0:0:0:2, 6+4:0:0:0:1, 6+3:0:0:0:0, 3+1:0:0:0:1, 4+2:1:0:0:1, 5+2:0:0:0:1, 3+1:0:0:0:0, 3+2:0:1:0:2, 4+1:0:1:0:1, 3+1:1:0:0:1, 3+3:3:0:0:3, 3+0:0:0:0:0, 3+2:0:1:0:0, 6+3:0:0:0:2, 8+7:1:0:0:1, 4+0:0:0:0:0, 9+3:0:0:0:0, 5+2:0:0:0:0, 4+1:0:0:0:0, 8+4:1:0:0:2, 7+2:0:0:0:1, 6+1:0:0:0:1, 7+5:0:0:0:2, 4+0:0:0:0:0, 7+2:0:0:0:0, 7+2:0:0:0:0, 5+2:0:0:0:0, 5+2:0:0:0:0, 5+7:2:0:0:6, 4+0:0:0:0:0, 5+8:3:0:0:1, 6+1:0:0:0:0, 5+12:8:0:0:3, 4+0:0:0:0:0, 5+7:3:0:0:1, 1110+537:61:15:0:139
E major (4#), 3+2:0:0:0:0, 0+0:0:0:0:0, 2+1:0:0:0:0, 1+0:0:0:0:0, 2+1:0:0:0:0, 2+2:0:0:0:0, 3+5:0:0:0:0, 4+3:0:0:0:0, 4+3:0:0:0:1, 4+0:0:0:0:0, 6+1:0:0:0:1, 3+6:1:0:0:1, 6+3:0:0:0:0, 4+1:0:0:0:1, 5+1:0:0:0:0, 5+4:0:0:0:0, 2+2:0:0:0:0, 0+0:0:0:0:0, 2+1:0:0:0:0,  , 0+0:0:0:0:0, 2+1:0:1:0:1, 0+0:0:0:0:0, 0+0:0:0:0:0, 1+1:0:0:0:0, 1+1:0:0:0:0, 3+1:0:0:0:0, 1+1:0:0:0:0, 4+3:0:0:0:0, 3+3:0:0:0:0, 4+2:0:0:0:0, 6+3:1:0:0:1, 4+1:0:0:0:0, 2+2:0:0:0:0, 3+2:0:0:0:0, 1+0:0:0:0:0, 1+2:0:0:0:0, 3+2:0:0:0:0, 4+5:0:0:0:0, 5+2:0:0:0:1, 4+4:0:0:0:2, 7+2:0:0:0:1, 5+3:0:0:0:2, 5+6:3:0:0:3, 5+2:1:0:0:1, 6+3:0:0:0:2, 4+3:0:0:0:1, 4+4:1:0:0:0, 2+3:0:0:0:0, 3+2:0:0:0:0, 2+2:0:0:0:0,  , 1+1:0:0:0:0, 5+3:0:1:0:0, 3+2:0:0:0:0, 3+3:0:2:0:2, 3+1:0:0:0:1, 1+0:0:0:0:0, 3+1:0:0:0:0, 2+0:0:0:0:0, 3+1:0:0:0:0, 2+0:0:0:0:0, 2+1:0:0:0:0, 4+2:1:0:0:0, 2+1:0:0:0:0, 0+0:0:0:0:0, 2+1:0:0:0:0, 1+0:0:0:0:0, 2+2:0:1:0:1, 2+1:0:0:0:0, 3+1:0:0:0:0, 4+1:0:0:0:0, 3+3:0:0:0:1, 4+0:0:0:0:0, 3+3:0:0:0:1, 4+3:1:0:0:1, 3+4:0:0:0:0, 4+1:0:0:0:1, 2+2:0:0:0:0, 3+1:0:0:0:0, 2+1:0:0:0:0, 0+0:0:0:0:0, 2+3:0:0:0:0,  , 0+0:0:0:0:0, 1+2:0:2:0:0, 0+0:0:0:0:0, 0+0:0:0:0:0, 1+2:0:0:0:0, 1+1:0:0:0:0, 2+1:0:0:0:0, 3+3:0:0:0:0, 2+1:0:0:0:0, 1+3:0:0:0:0, 2+1:0:0:0:0, 4+2:1:0:0:0, 2+2:0:0:0:0, 1+1:0:0:0:0, 2+1:0:0:0:0,  , 3+2:0:0:0:0, 3+2:0:0:0:0, 5+2:0:0:0:0, 8+4:0:0:0:0, 3+1:1:0:0:1, 5+1:0:0:0:0, 3+2:0:0:0:1, 7+4:1:0:0:1, 6+2:0:1:0:1, 4+1:0:0:0:1, 3+4:0:0:0:1, 6+3:0:0:0:1, 4+4:0:0:0:0, 1+1:0:0:0:0, 5+5:0:0:0:2, 2+2:0:0:0:0, 1+2:0:0:0:0, 2+3:0:3:0:0, 0+0:0:0:0:0, 0+0:0:0:0:0, 1+1:0:0:0:0, 2+4:0:0:0:0, 3+1:0:0:0:0, 5+3:1:0:0:0, 3+4:1:0:0:0, 4+5:0:0:0:0, 5+3:0:0:0:1, 5+8:2:0:0:3, 2+1:0:0:0:0, 1+1:0:0:0:0, 2+1:0:0:0:0, 4+2:0:0:0:0, 1+2:0:0:0:0, 6+6:0:0:0:0, 5+4:0:0:0:0, 8+3:0:0:0:0, 3+3:0:0:0:1, 9+3:0:0:0:0, 8+3:0:0:0:0, 3+5:2:0:0:2, 4+3:1:0:0:1, 8+4:0:0:0:3, 3+6:0:0:0:0, 7+5:0:0:0:1, 2+2:0:0:0:0, 2+2:0:2:0:2, 3+3:0:1:0:1, 1+1:0:0:0:0, 3+2:0:1:0:0, 3+2:0:1:0:1, 1+1:0:0:0:0, 3+1:0:0:0:0, 1+1:0:0:0:0, 4+3:0:0:0:0, 6+4:0:0:0:0, 7+5:0:0:0:0, 4+2:0:0:0:0, 3+1:0:0:0:0, 5+3:0:0:0:0, 4+4:1:0:0:1, 2+2:0:0:0:0, 6+8:0:0:0:0, 5+3:0:0:0:0, 3+2:0:0:0:0, 1+0:0:0:0:0, 4+0:0:0:0:0, 6+4:0:0:0:0, 6+2:0:0:0:0, 3+3:0:0:0:1, 5+1:1:0:0:0, 6+4:0:0:0:0, 9+6:4:0:0:4, 4+2:1:0:0:0, 9+6:2:0:0:2, 9+4:0:0:0:0, 3+3:0:0:0:0, 2+2:0:0:0:0, 2+2:0:0:0:0, 4+3:0:0:0:0, 1+0:0:0:0:0, 1+0:0:0:0:0, 3+7:0:2:0:0, 1+2:0:0:0:0, 1+1:0:0:0:0, 3+3:0:0:0:0, 3+3:0:0:0:0, 3+2:0:0:0:0, 7+6:1:0:0:2, 2+3:0:0:0:0, 3+1:0:0:0:0, 5+2:0:0:0:0, 8+6:1:1:0:1, 2+2:0:0:0:0, 1+2:0:0:0:0, 6+3:0:0:0:0, 3+1:0:0:0:0, 1+1:0:0:0:0, 5+3:0:0:0:0, 6+2:0:0:0:0, 4+3:0:0:0:0, 5+5:0:0:0:1, 6+2:0:1:0:1, 5+0:0:0:0:0, 4+4:1:0:0:1, 4+4:0:0:0:0, 8+7:0:0:0:4, 3+2:0:0:0:0, 5+4:1:0:0:1, 2+2:0:0:0:0, 2+2:0:0:0:0, 3+2:0:0:0:0, 1+0:0:0:0:0, 3+2:1:0:0:1, 4+7:0:6:0:0, 1+1:0:0:0:0, 4+2:0:0:0:0, 1+1:0:0:0:0, 3+4:0:0:0:0, 3+3:2:0:0:2, 2+2:0:0:0:0, 2+2:0:0:0:0, 4+2:0:0:0:0, 2+0:0:0:0:0, 4+1:1:0:0:1, 2+1:0:0:0:0, 4+1:1:0:0:1, 2+0:0:0:0:0, 4+1:1:0:0:1, 729+502:38:26:0:77
F minor (4b), 4+1:0:0:0:1, 6+1:0:0:0:0, 3+2:0:0:0:0, 0+0:0:0:0:0, 4+1:1:0:0:0, 4+0:0:0:0:0, 2+0:0:0:0:0, 3+0:0:0:0:0, 3+2:0:0:0:0, 1+0:0:0:0:0, 2+1:0:0:0:0, 3+2:2:0:0:2, 4+1:0:0:0:0, 2+1:0:0:0:0, 5+2:0:0:0:1, 7+2:1:0:0:0, 4+0:0:0:0:0, 6+1:0:0:0:0, 3+0:0:0:0:0,  , 5+0:0:0:0:0, 5+2:0:1:0:0, 6+1:0:0:0:0, 5+2:0:0:0:0, 5+0:0:0:0:0, 4+1:0:0:0:0, 5+1:0:0:0:1, 4+0:0:0:0:0, 5+2:0:0:0:0, 7+2:0:0:0:1, 6+3:0:0:0:1, 9+3:2:0:0:0, 6+1:0:0:0:1, 7+3:0:0:0:2, 6+2:0:0:0:2, 3+0:0:0:0:0, 5+0:0:0:0:0, 5+0:0:0:0:0, 3+2:0:0:0:0, 5+1:0:0:0:0, 2+1:0:0:0:0, 2+4:0:0:0:0, 3+3:0:0:0:0, 3+3:3:0:0:3, 5+2:1:0:0:1, 3+3:1:0:0:1, 7+3:0:0:0:2, 7+4:1:0:0:0, 3+0:0:0:0:0, 8+5:3:0:0:4, 5+0:0:0:0:0,  , 7+3:0:0:0:1, 8+5:0:0:0:1, 7+2:0:0:0:2, 9+3:0:0:0:0, 7+5:0:0:0:0, 6+2:0:0:0:0, 6+1:0:0:0:0, 5+0:0:0:0:0, 7+1:0:0:0:1, 5+2:0:0:0:2, 4+1:0:0:0:1, 7+2:1:0:0:0, 3+0:0:0:0:0, 6+1:0:0:0:0, 3+1:0:0:0:0, 0+0:0:0:0:0, 4+1:0:1:0:1, 3+0:0:0:0:0, 2+0:0:0:0:0, 3+0:0:0:0:0, 1+0:0:0:0:0, 1+0:0:0:0:0, 1+0:0:0:0:0, 3+2:2:0:0:2, 2+0:0:0:0:0, 1+0:0:0:0:0, 5+2:0:0:0:2, 6+1:0:0:0:0, 3+0:0:0:0:0, 6+2:0:0:0:0, 3+0:0:0:0:0,  , 4+0:0:0:0:0, 4+2:0:1:0:1, 5+2:0:0:0:0, 4+1:0:0:0:0, 4+0:0:0:0:0, 4+2:0:0:0:0, 3+0:0:0:0:0, 4+1:0:1:0:1, 5+0:0:0:0:0, 5+2:0:0:0:2, 4+1:0:0:0:1, 7+2:1:0:0:0, 4+0:0:0:0:0, 7+1:0:0:0:0, 5+0:0:0:0:0,  , 6+1:0:0:0:1, 4+0:0:0:0:0, 4+1:0:0:0:1, 6+2:0:0:0:0, 2+1:1:0:0:1, 2+0:0:0:0:0, 1+0:0:0:0:0, 4+4:3:0:0:4, 4+1:0:1:0:1, 1+0:0:0:0:0, 6+2:0:0:0:2, 8+4:1:0:0:2, 6+1:0:0:0:1, 7+2:0:0:0:1, 5+4:0:0:0:4, 6+2:0:0:0:0, 7+5:0:0:0:2, 6+1:0:0:0:0, 4+0:0:0:0:0, 4+1:0:0:0:0, 4+0:0:0:0:0, 5+2:0:0:0:2, 4+1:0:0:0:1, 6+2:1:0:0:1, 6+4:0:0:0:3, 8+4:0:0:0:3, 6+5:0:0:0:3, 8+5:2:0:0:0, 3+0:0:0:0:0, 7+1:0:0:0:0, 4+0:0:0:0:0, 5+1:0:0:0:0, 4+0:0:0:0:0, 4+2:0:0:0:0, 5+2:0:0:0:0, 7+2:0:0:0:0, 1+2:0:0:0:0, 4+4:0:0:0:0, 4+4:0:0:0:0, 5+4:0:0:0:0, 4+3:0:0:0:0, 4+2:0:0:0:1, 6+3:0:0:0:2, 8+4:0:0:0:1, 3+0:0:0:0:0, 8+2:0:2:0:2, 4+2:0:0:0:0, 3+1:0:0:0:0, 7+2:0:1:0:0, 7+2:0:1:0:1, 7+1:0:0:0:0, 6+3:0:0:0:3, 4+0:0:0:0:0, 7+2:0:0:0:1, 6+2:0:0:0:0, 9+4:1:0:0:2, 7+1:0:0:0:0, 6+3:0:0:0:3, 6+3:0:0:0:1, 7+2:1:0:0:0, 4+0:0:0:0:0, 7+7:2:0:0:3, 6+2:0:0:0:1, 5+2:0:0:0:0, 4+0:0:0:0:0, 3+0:0:0:0:0, 4+2:0:0:0:0, 6+2:0:0:0:0, 1+0:0:0:0:0, 3+1:1:0:0:1, 2+0:0:0:0:0, 9+9:5:0:0:5, 4+2:1:0:0:1, 5+3:0:0:0:0, 7+4:0:0:0:2, 6+1:0:0:0:0, 5+0:0:0:0:0, 7+3:0:0:0:2, 6+1:0:0:0:1, 2+0:0:0:0:0, 5+0:0:0:0:0, 6+7:0:1:0:1, 6+3:0:0:0:0, 5+2:0:0:0:1, 4+0:0:0:0:0, 6+3:1:0:0:1, 4+0:0:0:0:0, 11+5:1:0:0:1, 5+0:0:0:0:0, 6+2:0:0:0:2, 8+6:0:0:0:3, 12+6:1:1:0:1, 3+0:0:0:0:0, 6+1:0:0:0:1, 6+1:0:0:0:0, 6+1:0:0:0:1, 3+0:0:0:0:0, 4+1:0:0:0:1, 5+2:0:0:0:1, 3+0:0:0:0:0, 4+3:0:0:0:0, 4+1:0:1:0:1, 3+1:1:0:0:1, 3+3:3:0:0:3, 3+0:0:0:0:0, 3+4:0:1:0:2, 6+3:0:0:0:2, 8+4:1:0:0:1, 4+0:0:0:0:0, 8+2:0:0:0:0, 5+2:0:0:0:2, 4+0:0:0:0:0, 8+4:1:0:0:2, 7+2:0:0:0:1, 6+1:0:0:0:1, 7+4:0:0:0:3, 4+0:0:0:0:0, 6+3:0:0:0:2, 6+2:2:0:0:0, 5+1:0:0:0:0, 5+0:0:0:0:0, 5+9:5:0:0:2, 4+0:0:0:0:0, 5+8:3:0:0:1, 6+0:0:0:0:0, 5+12:8:0:0:3, 4+0:0:0:0:0, 5+4:3:0:0:3, 1088+393:68:13:0:151
C# minor (4#), 3+2:0:0:0:0, 0+0:0:0:0:0, 2+1:0:0:0:0, 1+0:0:0:0:0, 2+1:0:0:0:0, 2+2:0:0:0:0, 3+2:0:0:0:0, 4+4:0:0:0:0, 4+3:0:0:0:1, 4+0:0:0:0:0, 6+1:0:0:0:0, 3+6:1:0:0:1, 6+3:0:0:0:0, 4+1:0:0:0:1, 5+1:0:0:0:0, 5+4:0:0:0:0, 2+2:0:0:0:0, 0+0:0:0:0:0, 2+1:0:0:0:0,  , 0+0:0:0:0:0, 2+1:0:0:0:0, 0+4:0:0:0:0, 0+2:0:0:0:0, 1+5:0:0:0:0, 1+3:0:0:0:0, 3+1:0:0:0:0, 1+1:0:0:0:0, 4+3:0:0:0:0, 3+4:0:0:0:3, 4+5:0:0:0:1, 6+4:1:0:0:1, 4+1:0:0:0:0, 2+2:0:0:0:0, 3+2:0:0:0:0, 1+2:0:0:0:0, 1+2:0:0:0:0, 3+2:0:0:0:0, 4+2:0:0:0:0, 5+2:0:0:0:1, 4+0:0:0:0:0, 7+2:0:0:0:0, 5+3:0:0:0:2, 5+6:3:0:0:3, 5+2:1:0:0:1, 6+3:0:0:0:1, 4+4:0:0:0:2, 4+6:1:0:0:1, 2+3:0:0:0:0, 3+2:0:0:0:0, 2+2:0:0:0:0,  , 1+1:0:0:0:0, 5+4:0:0:0:0, 3+2:0:0:0:2, 3+3:0:0:0:0, 3+1:0:0:0:0, 1+2:0:0:0:0, 3+2:0:0:0:0, 2+2:0:0:0:0, 3+1:0:0:0:0, 2+0:0:0:0:0, 2+3:0:0:0:1, 4+4:1:0:0:1, 2+1:0:0:0:0, 0+0:0:0:0:0, 2+1:0:0:0:0, 1+0:0:0:0:0, 2+2:0:1:0:1, 2+1:0:0:0:0, 3+2:0:0:0:0, 4+4:0:0:0:0, 3+0:0:0:0:0, 4+0:0:0:0:0, 3+0:0:0:0:0, 4+3:1:0:0:1, 3+4:0:0:0:0, 4+1:0:0:0:1, 2+3:0:0:0:2, 3+3:0:0:0:0, 2+1:0:0:0:0, 0+0:0:0:0:0, 2+3:0:0:0:0,  , 0+0:0:0:0:0, 1+0:0:0:0:0, 0+1:0:0:0:0, 0+1:0:0:0:0, 1+0:0:0:0:0, 1+1:0:0:0:0, 2+0:0:0:0:0, 2+2:0:1:0:1, 2+2:0:0:0:0, 1+4:0:0:0:3, 2+3:0:0:0:1, 4+4:1:0:0:1, 2+2:0:0:0:0, 1+1:0:0:0:0, 2+1:0:0:0:0,  , 3+2:0:0:0:0, 3+2:0:0:0:0, 5+2:0:0:0:0, 8+4:0:0:0:0, 3+1:1:0:0:1, 5+0:0:0:0:0, 3+0:0:0:0:0, 6+4:3:0:0:4, 6+2:0:1:0:0, 4+0:0:0:0:0, 3+6:0:0:0:3, 6+7:0:0:0:0, 4+4:0:0:0:0, 1+1:0:0:0:0, 4+4:0:1:0:1, 2+3:0:0:0:2, 1+5:0:0:0:2, 2+1:0:1:0:0, 0+1:0:0:0:0, 0+1:0:0:0:0, 1+0:0:0:0:0, 2+1:0:0:0:0, 3+1:0:0:0:0, 5+4:0:1:0:1, 4+1:0:0:0:0, 5+5:0:0:0:3, 5+3:0:0:0:3, 5+8:2:0:0:3, 2+1:0:0:0:0, 1+1:0:0:0:0, 2+1:0:0:0:0, 4+2:0:0:0:0, 1+2:0:0:0:0, 6+6:0:0:0:0, 5+3:0:0:0:0, 8+3:0:0:0:0, 3+0:0:0:0:0, 8+2:0:0:0:0, 8+1:0:0:0:0, 3+2:2:0:0:0, 4+4:3:0:0:3, 9+2:0:0:0:0, 6+4:0:0:0:2, 7+7:0:0:0:2, 2+2:0:0:0:0, 2+2:0:2:0:2, 3+3:0:1:0:1, 1+1:0:0:0:0, 3+1:0:0:0:0, 2+1:1:1:0:1, 1+1:0:0:0:0, 3+1:0:0:0:0, 1+0:0:0:0:0, 4+3:0:0:0:0, 6+3:0:0:0:0, 7+5:0:0:0:0, 4+2:0:0:0:0, 3+1:0:0:0:0, 4+5:0:2:0:1, 4+4:1:0:0:1, 2+0:0:0:0:0, 6+8:0:0:0:0, 5+3:0:0:0:0, 3+2:0:0:0:0, 1+1:0:0:0:0, 5+3:1:0:0:1, 6+4:0:0:0:0, 6+2:0:0:0:0, 3+0:0:0:0:0, 5+1:1:0:0:1, 6+0:0:0:0:0, 9+6:4:0:0:4, 4+3:1:0:0:1, 9+6:2:0:0:2, 9+4:0:0:0:0, 3+3:0:0:0:0, 2+2:0:0:0:0, 2+2:0:0:0:0, 4+3:0:0:0:0, 1+0:0:0:0:0, 1+2:0:0:0:0, 3+7:0:2:0:0, 1+2:0:0:0:0, 1+1:0:0:0:0, 3+3:0:0:0:0, 3+2:0:0:0:0, 3+2:0:0:0:0, 7+6:1:0:0:2, 2+3:0:0:0:0, 3+1:0:0:0:0, 5+4:0:0:0:1, 8+10:1:1:0:1, 2+2:0:0:0:0, 1+2:0:0:0:0, 6+3:0:0:0:0, 3+1:0:0:0:0, 1+1:0:0:0:0, 5+3:0:0:0:0, 6+6:0:0:0:0, 4+4:0:0:0:0, 5+5:0:0:0:1, 6+2:0:1:0:1, 5+1:1:0:0:1, 4+1:1:0:0:0, 4+1:0:0:0:0, 8+2:0:0:0:1, 3+3:0:0:0:2, 6+6:0:0:0:0, 2+2:0:0:0:0, 2+2:0:0:0:0, 3+2:0:0:0:0, 1+0:0:0:0:0, 3+2:1:0:0:1, 4+4:0:3:0:0, 1+3:0:0:0:0, 4+4:0:0:0:1, 1+0:0:0:0:0, 3+2:0:0:0:0, 4+2:0:0:0:0, 2+2:0:0:0:0, 2+2:0:0:0:0, 4+2:0:0:0:0, 2+0:0:0:0:0, 4+1:1:0:0:1, 2+1:0:0:0:0, 4+1:1:0:0:1, 2+0:0:0:0:0, 4+1:1:0:0:1, 732+512:40:19:0:94
F minor mel (4b),  ,  ,  ,  ,  ,  ,  ,  ,  ,  ,  ,  ,  ,  ,  ,  ,  ,  ,  ,  ,  ,  ,  ,  ,  ,  ,  ,  ,  ,  ,  ,  ,  ,  ,  ,  ,  ,  ,  ,  ,  ,  ,  ,  ,  ,  ,  ,  ,  ,  ,  ,  ,  ,  ,  ,  ,  ,  ,  ,  ,  ,  ,  ,  ,  ,  ,  ,  ,  ,  ,  ,  ,  ,  ,  ,  ,  ,  ,  ,  ,  ,  ,  ,  ,  ,  ,  ,  ,  ,  ,  ,  ,  ,  ,  ,  ,  ,  ,  ,  ,  ,  ,  ,  ,  ,  ,  ,  ,  ,  ,  ,  ,  ,  ,  ,  ,  ,  ,  ,  ,  ,  ,  ,  ,  ,  ,  ,  ,  ,  ,  ,  ,  ,  ,  ,  ,  ,  ,  ,  ,  ,  ,  ,  ,  ,  ,  ,  ,  ,  ,  ,  ,  ,  ,  ,  ,  ,  ,  ,  ,  ,  ,  ,  ,  ,  ,  ,  ,  ,  ,  ,  ,  ,  ,  ,  ,  ,  ,  ,  ,  ,  ,  ,  ,  ,  ,  ,  ,  ,  ,  ,  ,  ,  ,  ,  ,  ,  ,  ,  ,  ,  ,  ,  ,  ,  ,  ,  ,  ,  ,  ,  ,  ,  ,  ,  ,  ,  ,  ,  ,  ,  ,  ,  ,  ,  ,  ,  , 0+0:0:0:0:0
C# minor mel (4#),  ,  ,  ,  ,  ,  ,  ,  ,  ,  ,  ,  ,  ,  ,  ,  ,  ,  ,  ,  ,  ,  ,  ,  ,  ,  ,  ,  ,  ,  ,  ,  ,  ,  ,  ,  ,  ,  ,  ,  ,  ,  ,  ,  ,  ,  ,  ,  ,  ,  ,  ,  ,  ,  ,  ,  ,  ,  ,  ,  ,  ,  ,  ,  ,  ,  ,  ,  ,  ,  ,  ,  ,  ,  ,  ,  ,  ,  ,  ,  ,  ,  ,  ,  ,  ,  ,  ,  ,  ,  ,  ,  ,  ,  ,  ,  ,  ,  ,  ,  ,  ,  ,  ,  ,  ,  ,  ,  ,  ,  ,  ,  ,  ,  ,  ,  ,  ,  ,  ,  ,  ,  ,  ,  ,  ,  ,  ,  ,  ,  ,  ,  ,  ,  ,  ,  ,  ,  ,  ,  ,  ,  ,  ,  ,  ,  ,  ,  ,  ,  ,  ,  ,  ,  ,  ,  ,  ,  ,  ,  ,  ,  ,  ,  ,  ,  ,  ,  ,  ,  ,  ,  ,  ,  ,  ,  ,  ,  ,  ,  ,  ,  ,  ,  ,  ,  ,  ,  ,  ,  ,  ,  ,  ,  ,  ,  ,  ,  ,  ,  ,  ,  ,  ,  ,  ,  ,  ,  ,  ,  ,  ,  ,  ,  ,  ,  ,  ,  ,  ,  ,  ,  ,  ,  ,  ,  ,  ,  , 0+0:0:0:0:0
Ab major blues (4b),  ,  ,  ,  ,  ,  ,  ,  ,  ,  ,  ,  ,  ,  ,  ,  ,  ,  ,  ,  ,  ,  ,  ,  ,  ,  ,  ,  ,  ,  ,  ,  ,  ,  ,  ,  ,  ,  ,  ,  ,  ,  ,  ,  ,  ,  ,  ,  ,  ,  ,  ,  ,  ,  ,  ,  ,  ,  ,  ,  ,  ,  ,  ,  ,  ,  ,  ,  ,  ,  ,  ,  ,  ,  ,  ,  ,  ,  ,  ,  ,  ,  ,  ,  ,  ,  ,  ,  ,  ,  ,  ,  ,  ,  ,  ,  ,  ,  ,  ,  ,  ,  ,  ,  ,  ,  ,  ,  ,  ,  ,  ,  ,  ,  ,  ,  ,  ,  ,  ,  ,  ,  ,  ,  ,  ,  ,  ,  ,  ,  ,  ,  ,  ,  ,  ,  ,  ,  ,  ,  ,  ,  ,  ,  ,  ,  ,  ,  ,  ,  ,  ,  ,  ,  ,  ,  ,  ,  ,  ,  ,  ,  ,  ,  ,  ,  ,  ,  ,  ,  ,  ,  ,  ,  ,  ,  ,  ,  ,  ,  ,  ,  ,  ,  ,  ,  ,  ,  ,  ,  ,  ,  ,  ,  ,  ,  ,  ,  ,  ,  ,  ,  ,  ,  ,  ,  ,  ,  ,  ,  ,  ,  ,  ,  ,  ,  ,  ,  ,  ,  ,  ,  ,  ,  ,  ,  ,  ,  , 0+0:0:0:0:0
E major blues (4#),  ,  ,  ,  ,  ,  ,  ,  ,  ,  ,  ,  ,  ,  ,  ,  ,  ,  ,  ,  ,  ,  ,  ,  ,  ,  ,  ,  ,  ,  ,  ,  ,  ,  ,  ,  ,  ,  ,  ,  ,  ,  ,  ,  ,  ,  ,  ,  ,  ,  ,  ,  ,  ,  ,  ,  ,  ,  ,  ,  ,  ,  ,  ,  ,  ,  ,  ,  ,  ,  ,  ,  ,  ,  ,  ,  ,  ,  ,  ,  ,  ,  ,  ,  ,  ,  ,  ,  ,  ,  ,  ,  ,  ,  ,  ,  ,  ,  ,  ,  ,  ,  ,  ,  ,  ,  ,  ,  ,  ,  ,  ,  ,  ,  ,  ,  ,  ,  ,  ,  ,  ,  ,  ,  ,  ,  ,  ,  ,  ,  ,  ,  ,  ,  ,  ,  ,  ,  ,  ,  ,  ,  ,  ,  ,  ,  ,  ,  ,  ,  ,  ,  ,  ,  ,  ,  ,  ,  ,  ,  ,  ,  ,  ,  ,  ,  ,  ,  ,  ,  ,  ,  ,  ,  ,  ,  ,  ,  ,  ,  ,  ,  ,  ,  ,  ,  ,  ,  ,  ,  ,  ,  ,  ,  ,  ,  ,  ,  ,  ,  ,  ,  ,  ,  ,  ,  ,  ,  ,  ,  ,  ,  ,  ,  ,  ,  ,  ,  ,  ,  ,  ,  ,  ,  ,  ,  ,  ,  , 0+0:0:0:0:0
F minor blues (4b),  ,  ,  ,  ,  ,  ,  ,  ,  ,  ,  ,  ,  ,  ,  ,  ,  ,  ,  ,  ,  ,  ,  ,  ,  ,  ,  ,  ,  ,  ,  ,  ,  ,  ,  ,  ,  ,  ,  ,  ,  ,  ,  ,  ,  ,  ,  ,  ,  ,  ,  ,  ,  ,  ,  ,  ,  ,  ,  ,  ,  ,  ,  ,  ,  ,  ,  ,  ,  ,  ,  ,  ,  ,  ,  ,  ,  ,  ,  ,  ,  ,  ,  ,  ,  ,  ,  ,  ,  ,  ,  ,  ,  ,  ,  ,  ,  ,  ,  ,  ,  ,  ,  ,  ,  ,  ,  ,  ,  ,  ,  ,  ,  ,  ,  ,  ,  ,  ,  ,  ,  ,  ,  ,  ,  ,  ,  ,  ,  ,  ,  ,  ,  ,  ,  ,  ,  ,  ,  ,  ,  ,  ,  ,  ,  ,  ,  ,  ,  ,  ,  ,  ,  ,  ,  ,  ,  ,  ,  ,  ,  ,  ,  ,  ,  ,  ,  ,  ,  ,  ,  ,  ,  ,  ,  ,  ,  ,  ,  ,  ,  ,  ,  ,  ,  ,  ,  ,  ,  ,  ,  ,  ,  ,  ,  ,  ,  ,  ,  ,  ,  ,  ,  ,  ,  ,  ,  ,  ,  ,  ,  ,  ,  ,  ,  ,  ,  ,  ,  ,  ,  ,  ,  ,  ,  ,  ,  ,  , 0+0:0:0:0:0
C# minor blues (4#),  ,  ,  ,  ,  ,  ,  ,  ,  ,  ,  ,  ,  ,  ,  ,  ,  ,  ,  ,  ,  ,  ,  ,  ,  ,  ,  ,  ,  ,  ,  ,  ,  ,  ,  ,  ,  ,  ,  ,  ,  ,  ,  ,  ,  ,  ,  ,  ,  ,  ,  ,  ,  ,  ,  ,  ,  ,  ,  ,  ,  ,  ,  ,  ,  ,  ,  ,  ,  ,  ,  ,  ,  ,  ,  ,  ,  ,  ,  ,  ,  ,  ,  ,  ,  ,  ,  ,  ,  ,  ,  ,  ,  ,  ,  ,  ,  ,  ,  ,  ,  ,  ,  ,  ,  ,  ,  ,  ,  ,  ,  ,  ,  ,  ,  ,  ,  ,  ,  ,  ,  ,  ,  ,  ,  ,  ,  ,  ,  ,  ,  ,  ,  ,  ,  ,  ,  ,  ,  ,  ,  ,  ,  ,  ,  ,  ,  ,  ,  ,  ,  ,  ,  ,  ,  ,  ,  ,  ,  ,  ,  ,  ,  ,  ,  ,  ,  ,  ,  ,  ,  ,  ,  ,  ,  ,  ,  ,  ,  ,  ,  ,  ,  ,  ,  ,  ,  ,  ,  ,  ,  ,  ,  ,  ,  ,  ,  ,  ,  ,  ,  ,  ,  ,  ,  ,  ,  ,  ,  ,  ,  ,  ,  ,  ,  ,  ,  ,  ,  ,  ,  ,  ,  ,  ,  ,  ,  ,  , 0+0:0:0:0:0
Ab dorian (4b),  ,  ,  ,  ,  ,  ,  ,  ,  ,  ,  ,  ,  ,  ,  ,  ,  ,  ,  ,  ,  ,  ,  ,  ,  ,  ,  ,  ,  ,  ,  ,  ,  ,  ,  ,  ,  ,  ,  ,  ,  ,  ,  ,  ,  ,  ,  ,  ,  ,  ,  ,  ,  ,  ,  ,  ,  ,  ,  ,  ,  ,  ,  ,  ,  ,  ,  ,  ,  ,  ,  ,  ,  ,  ,  ,  ,  ,  ,  ,  ,  ,  ,  ,  ,  ,  ,  ,  ,  ,  ,  ,  ,  ,  ,  ,  ,  ,  ,  ,  ,  ,  ,  ,  ,  ,  ,  ,  ,  ,  ,  ,  ,  ,  ,  ,  ,  ,  ,  ,  ,  ,  ,  ,  ,  ,  ,  ,  ,  ,  ,  ,  ,  ,  ,  ,  ,  ,  ,  ,  ,  ,  ,  ,  ,  ,  ,  ,  ,  ,  ,  ,  ,  ,  ,  ,  ,  ,  ,  ,  ,  ,  ,  ,  ,  ,  ,  ,  ,  ,  ,  ,  ,  ,  ,  ,  ,  ,  ,  ,  ,  ,  ,  ,  ,  ,  ,  ,  ,  ,  ,  ,  ,  ,  ,  ,  ,  ,  ,  ,  ,  ,  ,  ,  ,  ,  ,  ,  ,  ,  ,  ,  ,  ,  ,  ,  ,  ,  ,  ,  ,  ,  ,  ,  ,  ,  ,  ,  , 0+0:0:0:0:0
E dorian (4#),  ,  ,  ,  ,  ,  ,  ,  ,  ,  ,  ,  ,  ,  ,  ,  ,  ,  ,  ,  ,  ,  ,  ,  ,  ,  ,  ,  ,  ,  ,  ,  ,  ,  ,  ,  ,  ,  ,  ,  ,  ,  ,  ,  ,  ,  ,  ,  ,  ,  ,  ,  ,  ,  ,  ,  ,  ,  ,  ,  ,  ,  ,  ,  ,  ,  ,  ,  ,  ,  ,  ,  ,  ,  ,  ,  ,  ,  ,  ,  ,  ,  ,  ,  ,  ,  ,  ,  ,  ,  ,  ,  ,  ,  ,  ,  ,  ,  ,  ,  ,  ,  ,  ,  ,  ,  ,  ,  ,  ,  ,  ,  ,  ,  ,  ,  ,  ,  ,  ,  ,  ,  ,  ,  ,  ,  ,  ,  ,  ,  ,  ,  ,  ,  ,  ,  ,  ,  ,  ,  ,  ,  ,  ,  ,  ,  ,  ,  ,  ,  ,  ,  ,  ,  ,  ,  ,  ,  ,  ,  ,  ,  ,  ,  ,  ,  ,  ,  ,  ,  ,  ,  ,  ,  ,  ,  ,  ,  ,  ,  ,  ,  ,  ,  ,  ,  ,  ,  ,  ,  ,  ,  ,  ,  ,  ,  ,  ,  ,  ,  ,  ,  ,  ,  ,  ,  ,  ,  ,  ,  ,  ,  ,  ,  ,  ,  ,  ,  ,  ,  ,  ,  ,  ,  ,  ,  ,  ,  , 0+0:0:0:0:0
Ab phrygian (4b),  ,  ,  ,  ,  ,  ,  ,  ,  ,  ,  ,  ,  ,  ,  ,  ,  ,  ,  ,  ,  ,  ,  ,  ,  ,  ,  ,  ,  ,  ,  ,  ,  ,  ,  ,  ,  ,  ,  ,  ,  ,  ,  ,  ,  ,  ,  ,  ,  ,  ,  ,  ,  ,  ,  ,  ,  ,  ,  ,  ,  ,  ,  ,  ,  ,  ,  ,  ,  ,  ,  ,  ,  ,  ,  ,  ,  ,  ,  ,  ,  ,  ,  ,  ,  ,  ,  ,  ,  ,  ,  ,  ,  ,  ,  ,  ,  ,  ,  ,  ,  ,  ,  ,  ,  ,  ,  ,  ,  ,  ,  ,  ,  ,  ,  ,  ,  ,  ,  ,  ,  ,  ,  ,  ,  ,  ,  ,  ,  ,  ,  ,  ,  ,  ,  ,  ,  ,  ,  ,  ,  ,  ,  ,  ,  ,  ,  ,  ,  ,  ,  ,  ,  ,  ,  ,  ,  ,  ,  ,  ,  ,  ,  ,  ,  ,  ,  ,  ,  ,  ,  ,  ,  ,  ,  ,  ,  ,  ,  ,  ,  ,  ,  ,  ,  ,  ,  ,  ,  ,  ,  ,  ,  ,  ,  ,  ,  ,  ,  ,  ,  ,  ,  ,  ,  ,  ,  ,  ,  ,  ,  ,  ,  ,  ,  ,  ,  ,  ,  ,  ,  ,  ,  ,  ,  ,  ,  ,  , 0+0:0:0:0:0
E phrygian (4#),  ,  ,  ,  ,  ,  ,  ,  ,  ,  ,  ,  ,  ,  ,  ,  ,  ,  ,  ,  ,  ,  ,  ,  ,  ,  ,  ,  ,  ,  ,  ,  ,  ,  ,  ,  ,  ,  ,  ,  ,  ,  ,  ,  ,  ,  ,  ,  ,  ,  ,  ,  ,  ,  ,  ,  ,  ,  ,  ,  ,  ,  ,  ,  ,  ,  ,  ,  ,  ,  ,  ,  ,  ,  ,  ,  ,  ,  ,  ,  ,  ,  ,  ,  ,  ,  ,  ,  ,  ,  ,  ,  ,  ,  ,  ,  ,  ,  ,  ,  ,  ,  ,  ,  ,  ,  ,  ,  ,  ,  ,  ,  ,  ,  ,  ,  ,  ,  ,  ,  ,  ,  ,  ,  ,  ,  ,  ,  ,  ,  ,  ,  ,  ,  ,  ,  ,  ,  ,  ,  ,  ,  ,  ,  ,  ,  ,  ,  ,  ,  ,  ,  ,  ,  ,  ,  ,  ,  ,  ,  ,  ,  ,  ,  ,  ,  ,  ,  ,  ,  ,  ,  ,  ,  ,  ,  ,  ,  ,  ,  ,  ,  ,  ,  ,  ,  ,  ,  ,  ,  ,  ,  ,  ,  ,  ,  ,  ,  ,  ,  ,  ,  ,  ,  ,  ,  ,  ,  ,  ,  ,  ,  ,  ,  ,  ,  ,  ,  ,  ,  ,  ,  ,  ,  ,  ,  ,  ,  , 0+0:0:0:0:0
Ab lydian (4b),  ,  ,  ,  ,  ,  ,  ,  ,  ,  ,  ,  ,  ,  ,  ,  ,  ,  ,  ,  ,  ,  ,  ,  ,  ,  ,  ,  ,  ,  ,  ,  ,  ,  ,  ,  ,  ,  ,  ,  ,  ,  ,  ,  ,  ,  ,  ,  ,  ,  ,  ,  ,  ,  ,  ,  ,  ,  ,  ,  ,  ,  ,  ,  ,  ,  ,  ,  ,  ,  ,  ,  ,  ,  ,  ,  ,  ,  ,  ,  ,  ,  ,  ,  ,  ,  ,  ,  ,  ,  ,  ,  ,  ,  ,  ,  ,  ,  ,  ,  ,  ,  ,  ,  ,  ,  ,  ,  ,  ,  ,  ,  ,  ,  ,  ,  ,  ,  ,  ,  ,  ,  ,  ,  ,  ,  ,  ,  ,  ,  ,  ,  ,  ,  ,  ,  ,  ,  ,  ,  ,  ,  ,  ,  ,  ,  ,  ,  ,  ,  ,  ,  ,  ,  ,  ,  ,  ,  ,  ,  ,  ,  ,  ,  ,  ,  ,  ,  ,  ,  ,  ,  ,  ,  ,  ,  ,  ,  ,  ,  ,  ,  ,  ,  ,  ,  ,  ,  ,  ,  ,  ,  ,  ,  ,  ,  ,  ,  ,  ,  ,  ,  ,  ,  ,  ,  ,  ,  ,  ,  ,  ,  ,  ,  ,  ,  ,  ,  ,  ,  ,  ,  ,  ,  ,  ,  ,  ,  , 0+0:0:0:0:0
E lydian (4#),  ,  ,  ,  ,  ,  ,  ,  ,  ,  ,  ,  ,  ,  ,  ,  ,  ,  ,  ,  ,  ,  ,  ,  ,  ,  ,  ,  ,  ,  ,  ,  ,  ,  ,  ,  ,  ,  ,  ,  ,  ,  ,  ,  ,  ,  ,  ,  ,  ,  ,  ,  ,  ,  ,  ,  ,  ,  ,  ,  ,  ,  ,  ,  ,  ,  ,  ,  ,  ,  ,  ,  ,  ,  ,  ,  ,  ,  ,  ,  ,  ,  ,  ,  ,  ,  ,  ,  ,  ,  ,  ,  ,  ,  ,  ,  ,  ,  ,  ,  ,  ,  ,  ,  ,  ,  ,  ,  ,  ,  ,  ,  ,  ,  ,  ,  ,  ,  ,  ,  ,  ,  ,  ,  ,  ,  ,  ,  ,  ,  ,  ,  ,  ,  ,  ,  ,  ,  ,  ,  ,  ,  ,  ,  ,  ,  ,  ,  ,  ,  ,  ,  ,  ,  ,  ,  ,  ,  ,  ,  ,  ,  ,  ,  ,  ,  ,  ,  ,  ,  ,  ,  ,  ,  ,  ,  ,  ,  ,  ,  ,  ,  ,  ,  ,  ,  ,  ,  ,  ,  ,  ,  ,  ,  ,  ,  ,  ,  ,  ,  ,  ,  ,  ,  ,  ,  ,  ,  ,  ,  ,  ,  ,  ,  ,  ,  ,  ,  ,  ,  ,  ,  ,  ,  ,  ,  ,  ,  , 0+0:0:0:0:0
Ab mixolydian (4b),  ,  ,  ,  ,  ,  ,  ,  ,  ,  ,  ,  ,  ,  ,  ,  ,  ,  ,  ,  ,  ,  ,  ,  ,  ,  ,  ,  ,  ,  ,  ,  ,  ,  ,  ,  ,  ,  ,  ,  ,  ,  ,  ,  ,  ,  ,  ,  ,  ,  ,  ,  ,  ,  ,  ,  ,  ,  ,  ,  ,  ,  ,  ,  ,  ,  ,  ,  ,  ,  ,  ,  ,  ,  ,  ,  ,  ,  ,  ,  ,  ,  ,  ,  ,  ,  ,  ,  ,  ,  ,  ,  ,  ,  ,  ,  ,  ,  ,  ,  ,  ,  ,  ,  ,  ,  ,  ,  ,  ,  ,  ,  ,  ,  ,  ,  ,  ,  ,  ,  ,  ,  ,  ,  ,  ,  ,  ,  ,  ,  ,  ,  ,  ,  ,  ,  ,  ,  ,  ,  ,  ,  ,  ,  ,  ,  ,  ,  ,  ,  ,  ,  ,  ,  ,  ,  ,  ,  ,  ,  ,  ,  ,  ,  ,  ,  ,  ,  ,  ,  ,  ,  ,  ,  ,  ,  ,  ,  ,  ,  ,  ,  ,  ,  ,  ,  ,  ,  ,  ,  ,  ,  ,  ,  ,  ,  ,  ,  ,  ,  ,  ,  ,  ,  ,  ,  ,  ,  ,  ,  ,  ,  ,  ,  ,  ,  ,  ,  ,  ,  ,  ,  ,  ,  ,  ,  ,  ,  , 0+0:0:0:0:0
E mixolydian (4#),  ,  ,  ,  ,  ,  ,  ,  ,  ,  ,  ,  ,  ,  ,  ,  ,  ,  ,  ,  ,  ,  ,  ,  ,  ,  ,  ,  ,  ,  ,  ,  ,  ,  ,  ,  ,  ,  ,  ,  ,  ,  ,  ,  ,  ,  ,  ,  ,  ,  ,  ,  ,  ,  ,  ,  ,  ,  ,  ,  ,  ,  ,  ,  ,  ,  ,  ,  ,  ,  ,  ,  ,  ,  ,  ,  ,  ,  ,  ,  ,  ,  ,  ,  ,  ,  ,  ,  ,  ,  ,  ,  ,  ,  ,  ,  ,  ,  ,  ,  ,  ,  ,  ,  ,  ,  ,  ,  ,  ,  ,  ,  ,  ,  ,  ,  ,  ,  ,  ,  ,  ,  ,  ,  ,  ,  ,  ,  ,  ,  ,  ,  ,  ,  ,  ,  ,  ,  ,  ,  ,  ,  ,  ,  ,  ,  ,  ,  ,  ,  ,  ,  ,  ,  ,  ,  ,  ,  ,  ,  ,  ,  ,  ,  ,  ,  ,  ,  ,  ,  ,  ,  ,  ,  ,  ,  ,  ,  ,  ,  ,  ,  ,  ,  ,  ,  ,  ,  ,  ,  ,  ,  ,  ,  ,  ,  ,  ,  ,  ,  ,  ,  ,  ,  ,  ,  ,  ,  ,  ,  ,  ,  ,  ,  ,  ,  ,  ,  ,  ,  ,  ,  ,  ,  ,  ,  ,  ,  , 0+0:0:0:0:0
Ab aeolian (4b),  ,  ,  ,  ,  ,  ,  ,  ,  ,  ,  ,  ,  ,  ,  ,  ,  ,  ,  ,  ,  ,  ,  ,  ,  ,  ,  ,  ,  ,  ,  ,  ,  ,  ,  ,  ,  ,  ,  ,  ,  ,  ,  ,  ,  ,  ,  ,  ,  ,  ,  ,  ,  ,  ,  ,  ,  ,  ,  ,  ,  ,  ,  ,  ,  ,  ,  ,  ,  ,  ,  ,  ,  ,  ,  ,  ,  ,  ,  ,  ,  ,  ,  ,  ,  ,  ,  ,  ,  ,  ,  ,  ,  ,  ,  ,  ,  ,  ,  ,  ,  ,  ,  ,  ,  ,  ,  ,  ,  ,  ,  ,  ,  ,  ,  ,  ,  ,  ,  ,  ,  ,  ,  ,  ,  ,  ,  ,  ,  ,  ,  ,  ,  ,  ,  ,  ,  ,  ,  ,  ,  ,  ,  ,  ,  ,  ,  ,  ,  ,  ,  ,  ,  ,  ,  ,  ,  ,  ,  ,  ,  ,  ,  ,  ,  ,  ,  ,  ,  ,  ,  ,  ,  ,  ,  ,  ,  ,  ,  ,  ,  ,  ,  ,  ,  ,  ,  ,  ,  ,  ,  ,  ,  ,  ,  ,  ,  ,  ,  ,  ,  ,  ,  ,  ,  ,  ,  ,  ,  ,  ,  ,  ,  ,  ,  ,  ,  ,  ,  ,  ,  ,  ,  ,  ,  ,  ,  ,  , 0+0:0:0:0:0
E aeolian (4#),  ,  ,  ,  ,  ,  ,  ,  ,  ,  ,  ,  ,  ,  ,  ,  ,  ,  ,  ,  ,  ,  ,  ,  ,  ,  ,  ,  ,  ,  ,  ,  ,  ,  ,  ,  ,  ,  ,  ,  ,  ,  ,  ,  ,  ,  ,  ,  ,  ,  ,  ,  ,  ,  ,  ,  ,  ,  ,  ,  ,  ,  ,  ,  ,  ,  ,  ,  ,  ,  ,  ,  ,  ,  ,  ,  ,  ,  ,  ,  ,  ,  ,  ,  ,  ,  ,  ,  ,  ,  ,  ,  ,  ,  ,  ,  ,  ,  ,  ,  ,  ,  ,  ,  ,  ,  ,  ,  ,  ,  ,  ,  ,  ,  ,  ,  ,  ,  ,  ,  ,  ,  ,  ,  ,  ,  ,  ,  ,  ,  ,  ,  ,  ,  ,  ,  ,  ,  ,  ,  ,  ,  ,  ,  ,  ,  ,  ,  ,  ,  ,  ,  ,  ,  ,  ,  ,  ,  ,  ,  ,  ,  ,  ,  ,  ,  ,  ,  ,  ,  ,  ,  ,  ,  ,  ,  ,  ,  ,  ,  ,  ,  ,  ,  ,  ,  ,  ,  ,  ,  ,  ,  ,  ,  ,  ,  ,  ,  ,  ,  ,  ,  ,  ,  ,  ,  ,  ,  ,  ,  ,  ,  ,  ,  ,  ,  ,  ,  ,  ,  ,  ,  ,  ,  ,  ,  ,  ,  , 0+0:0:0:0:0
Ab locrian (4b),  ,  ,  ,  ,  ,  ,  ,  ,  ,  ,  ,  ,  ,  ,  ,  ,  ,  ,  ,  ,  ,  ,  ,  ,  ,  ,  ,  ,  ,  ,  ,  ,  ,  ,  ,  ,  ,  ,  ,  ,  ,  ,  ,  ,  ,  ,  ,  ,  ,  ,  ,  ,  ,  ,  ,  ,  ,  ,  ,  ,  ,  ,  ,  ,  ,  ,  ,  ,  ,  ,  ,  ,  ,  ,  ,  ,  ,  ,  ,  ,  ,  ,  ,  ,  ,  ,  ,  ,  ,  ,  ,  ,  ,  ,  ,  ,  ,  ,  ,  ,  ,  ,  ,  ,  ,  ,  ,  ,  ,  ,  ,  ,  ,  ,  ,  ,  ,  ,  ,  ,  ,  ,  ,  ,  ,  ,  ,  ,  ,  ,  ,  ,  ,  ,  ,  ,  ,  ,  ,  ,  ,  ,  ,  ,  ,  ,  ,  ,  ,  ,  ,  ,  ,  ,  ,  ,  ,  ,  ,  ,  ,  ,  ,  ,  ,  ,  ,  ,  ,  ,  ,  ,  ,  ,  ,  ,  ,  ,  ,  ,  ,  ,  ,  ,  ,  ,  ,  ,  ,  ,  ,  ,  ,  ,  ,  ,  ,  ,  ,  ,  ,  ,  ,  ,  ,  ,  ,  ,  ,  ,  ,  ,  ,  ,  ,  ,  ,  ,  ,  ,  ,  ,  ,  ,  ,  ,  ,  , 0+0:0:0:0:0
E locrian (4#),  ,  ,  ,  ,  ,  ,  ,  ,  ,  ,  ,  ,  ,  ,  ,  ,  ,  ,  ,  ,  ,  ,  ,  ,  ,  ,  ,  ,  ,  ,  ,  ,  ,  ,  ,  ,  ,  ,  ,  ,  ,  ,  ,  ,  ,  ,  ,  ,  ,  ,  ,  ,  ,  ,  ,  ,  ,  ,  ,  ,  ,  ,  ,  ,  ,  ,  ,  ,  ,  ,  ,  ,  ,  ,  ,  ,  ,  ,  ,  ,  ,  ,  ,  ,  ,  ,  ,  ,  ,  ,  ,  ,  ,  ,  ,  ,  ,  ,  ,  ,  ,  ,  ,  ,  ,  ,  ,  ,  ,  ,  ,  ,  ,  ,  ,  ,  ,  ,  ,  ,  ,  ,  ,  ,  ,  ,  ,  ,  ,  ,  ,  ,  ,  ,  ,  ,  ,  ,  ,  ,  ,  ,  ,  ,  ,  ,  ,  ,  ,  ,  ,  ,  ,  ,  ,  ,  ,  ,  ,  ,  ,  ,  ,  ,  ,  ,  ,  ,  ,  ,  ,  ,  ,  ,  ,  ,  ,  ,  ,  ,  ,  ,  ,  ,  ,  ,  ,  ,  ,  ,  ,  ,  ,  ,  ,  ,  ,  ,  ,  ,  ,  ,  ,  ,  ,  ,  ,  ,  ,  ,  ,  ,  ,  ,  ,  ,  ,  ,  ,  ,  ,  ,  ,  ,  ,  ,  ,  , 0+0:0:0:0:0
Db major (5b), 5+3:0:0:0:2, 6+8:0:0:0:0, 4+0:0:0:0:0, 1+0:0:0:0:0, 5+7:1:0:0:2, 4+1:0:0:0:1, 3+1:0:0:0:1, 4+4:0:0:0:0, 4+1:0:0:0:1, 2+0:0:0:0:0, 3+1:0:0:0:0, 3+2:2:0:0:2, 5+5:0:0:0:0, 2+1:0:0:0:0, 5+5:1:0:0:3, 8+3:1:0:0:1, 5+2:0:0:0:0, 6+6:0:0:0:0, 4+6:0:0:0:0,  , 5+2:0:0:0:0, 5+0:0:0:0:0, 6+4:0:0:0:0, 5+2:0:0:0:0, 5+5:0:0:0:0, 4+3:0:0:0:0, 6+1:0:0:0:0, 5+1:0:0:0:0, 6+3:0:0:0:0, 7+4:0:0:0:3, 6+5:0:0:0:1, 11+4:1:0:0:1, 7+1:0:0:0:0, 8+3:0:0:0:1, 7+6:0:0:0:0, 4+3:0:0:0:3, 6+7:0:0:0:4, 6+2:0:0:0:0, 4+2:0:0:0:0, 6+3:0:0:0:0, 3+0:0:0:0:0, 3+2:0:0:0:0, 4+1:0:0:0:1, 4+3:3:0:0:3, 6+5:1:0:0:1, 3+3:1:0:0:3, 7+4:0:0:0:2, 8+6:1:0:0:1, 4+0:0:0:0:0, 11+3:0:0:0:1, 6+2:0:0:0:0,  , 7+3:0:0:0:1, 8+5:0:0:0:1, 8+2:0:0:0:2, 9+3:0:0:0:0, 7+1:0:0:0:0, 6+2:0:0:0:0, 7+2:0:0:0:0, 6+5:0:0:0:0, 8+6:0:0:0:0, 6+4:0:0:0:3, 4+3:0:0:0:1, 8+4:1:0:0:1, 4+1:0:0:0:0, 6+0:0:0:0:0, 4+1:0:0:0:0, 1+0:0:0:0:0, 5+1:0:0:0:1, 3+2:0:0:0:2, 3+1:0:0:0:1, 4+4:0:0:0:0, 2+0:0:0:0:0, 2+0:0:0:0:0, 2+0:0:0:0:0, 3+2:2:0:0:2, 3+1:0:0:0:0, 1+0:0:0:0:0, 5+3:0:0:0:2, 7+4:0:0:0:1, 4+0:0:0:0:0, 6+1:0:0:0:0, 4+2:0:0:0:0,  , 4+1:0:0:0:0, 4+1:0:0:0:0, 5+0:0:0:0:0, 4+1:0:0:0:0, 4+0:0:0:0:0, 4+1:0:0:0:0, 4+0:0:0:0:0, 5+3:0:1:0:0, 6+5:0:0:0:0, 6+3:0:0:0:2, 4+3:0:0:0:1, 8+4:1:0:0:1, 5+0:0:0:0:0, 7+1:0:0:0:0, 6+4:0:0:0:0,  , 7+2:0:0:0:0, 5+2:0:0:0:0, 6+2:0:0:0:0, 7+3:0:0:0:1, 3+1:1:0:0:1, 3+0:0:0:0:0, 2+0:0:0:0:0, 5+4:3:0:0:4, 5+2:0:1:0:0, 1+0:0:0:0:0, 7+5:0:0:0:2, 9+8:1:0:0:1, 7+4:0:0:0:0, 7+1:0:0:0:0, 7+4:0:1:0:1, 6+3:0:0:0:2, 7+5:0:0:0:2, 6+1:0:0:0:0, 4+0:0:0:0:0, 4+1:0:0:0:0, 4+0:0:0:0:0, 6+1:0:0:0:0, 5+1:0:0:0:0, 8+4:0:1:0:1, 7+1:0:0:0:0, 9+5:0:0:0:3, 8+3:0:0:0:3, 9+8:2:0:0:3, 4+1:0:0:0:0, 7+1:0:0:0:0, 5+1:0:0:0:0, 6+2:0:0:0:0, 5+5:0:0:0:2, 4+3:1:0:0:1, 6+3:2:0:0:2, 8+5:0:0:0:0, 2+0:0:0:0:0, 5+2:0:0:0:0, 5+1:0:0:0:0, 5+3:2:0:0:2, 5+4:0:0:0:0, 5+2:0:0:0:0, 8+4:0:0:0:2, 9+7:0:0:0:2, 4+2:0:0:0:0, 8+2:0:2:0:2, 5+3:0:0:0:0, 3+1:0:0:0:1, 7+2:0:0:0:1, 6+2:1:1:0:1, 7+1:0:0:0:1, 8+3:0:0:0:1, 4+0:0:0:0:0, 8+3:0:0:0:0, 7+3:0:0:0:0, 10+6:1:0:0:1, 8+7:0:0:0:1, 8+5:0:0:0:3, 6+5:0:0:0:3, 8+4:1:0:0:1, 5+2:0:0:0:0, 8+6:2:0:0:2, 7+3:0:0:0:0, 6+2:0:1:0:1, 5+2:0:0:0:1, 3+1:1:0:0:1, 5+3:0:0:0:1, 7+4:0:0:0:0, 2+0:0:0:0:0, 4+1:1:0:0:1, 3+0:0:0:0:0, 9+8:3:2:0:5, 5+3:1:0:0:1, 6+2:0:0:0:0, 8+11:2:0:0:7, 7+2:0:0:0:0, 6+2:0:0:0:0, 8+2:0:0:0:0, 7+3:0:0:0:0, 3+0:0:0:0:0, 5+2:0:0:0:0, 6+2:0:0:0:0, 6+2:0:0:0:0, 6+2:0:0:0:1, 5+3:0:0:0:0, 7+2:0:0:0:0, 5+2:0:0:0:0, 12+6:1:0:0:2, 6+5:0:0:0:0, 6+7:0:0:0:2, 8+4:0:0:0:1, 13+10:1:1:0:1, 4+2:0:0:0:0, 7+2:0:0:0:0, 7+3:0:0:0:0, 7+1:0:0:0:0, 4+1:0:0:0:1, 4+2:1:0:0:1, 6+3:1:0:0:1, 4+1:0:0:0:0, 4+2:0:1:0:2, 5+3:0:1:0:0, 4+1:1:0:0:1, 4+3:2:0:0:2, 4+1:0:0:0:0, 4+2:0:1:0:0, 6+3:0:0:0:2, 9+7:1:0:0:5, 5+2:0:0:0:0, 8+2:0:0:0:0, 6+2:0:0:0:0, 5+0:0:0:0:0, 8+4:1:0:0:2, 7+2:0:0:0:1, 6+1:0:0:0:1, 8+5:0:0:0:2, 4+0:0:0:0:0, 7+2:0:0:0:0, 8+2:0:0:0:0, 6+4:0:0:0:1, 6+8:0:0:0:0, 6+7:2:0:0:6, 5+4:0:0:0:0, 6+1:1:0:0:1, 7+1:0:0:0:0, 6+1:1:0:0:1, 5+0:0:0:0:0, 6+1:1:0:0:1, 1253+590:55:14:0:169
B major (5#), 2+0:0:0:0:0, 1+2:0:0:0:0, 2+0:0:0:0:0, 1+0:0:0:0:0, 3+1:0:0:0:0, 3+2:0:0:0:0, 3+1:0:0:0:1, 5+4:0:0:0:0, 5+3:0:0:0:1, 4+0:0:0:0:0, 8+7:0:0:0:0, 4+6:1:0:0:1, 6+1:0:0:0:0, 4+2:0:0:0:1, 6+1:0:0:0:0, 6+4:0:0:0:0, 3+1:0:0:0:0, 1+3:0:0:0:0, 2+0:0:0:0:0,  , 0+0:0:0:0:0, 2+2:0:1:0:0, 1+1:0:0:0:0, 1+1:0:0:0:0, 2+1:0:0:0:0, 1+3:0:0:0:0, 3+1:0:0:0:0, 2+1:0:0:0:0, 5+3:0:0:0:0, 4+3:0:0:0:0, 4+2:0:0:0:0, 7+4:1:0:0:1, 5+2:0:0:0:1, 3+5:0:0:0:0, 3+2:0:0:0:0, 2+2:0:0:0:0, 2+2:0:0:0:0, 4+2:0:0:0:0, 4+2:0:0:0:0, 6+2:0:0:0:1, 5+4:0:0:0:2, 7+2:0:0:0:1, 6+3:0:0:0:2, 6+6:3:0:0:3, 4+2:1:0:0:1, 6+3:0:0:0:2, 5+3:0:0:0:1, 5+6:1:0:0:1, 2+0:0:0:0:0, 4+5:0:0:0:0, 3+1:0:0:0:0,  , 1+1:0:0:0:0, 4+3:0:1:0:0, 4+2:0:0:0:0, 4+3:0:2:0:2, 4+1:0:0:0:1, 1+2:0:0:0:0, 4+2:0:0:0:0, 3+2:0:0:0:0, 4+1:0:0:0:0, 3+0:0:0:0:0, 2+3:0:0:0:1, 5+4:1:0:0:1, 2+0:0:0:0:0, 1+3:0:0:0:0, 2+0:0:0:0:0, 1+0:0:0:0:0, 3+2:0:1:0:1, 3+1:0:0:0:0, 3+1:0:0:0:1, 5+4:0:0:0:0, 4+3:0:0:0:1, 4+0:0:0:0:0, 4+3:0:0:0:1, 5+3:1:0:0:1, 3+0:0:0:0:0, 4+1:0:0:0:1, 3+2:0:0:0:0, 4+3:0:0:0:0, 2+0:0:0:0:0, 1+3:0:0:0:0, 2+0:0:0:0:0,  , 0+0:0:0:0:0, 1+2:0:2:0:0, 1+2:0:0:0:0, 1+2:0:0:0:0, 2+1:0:0:0:0, 1+1:0:0:0:0, 2+0:0:0:0:0, 3+2:0:1:0:1, 3+2:0:0:0:0, 2+3:0:0:0:0, 2+1:0:0:0:0, 5+4:1:0:0:1, 2+0:0:0:0:0, 2+3:0:0:0:0, 3+1:0:0:0:0,  , 4+2:0:0:0:0, 4+2:0:0:0:0, 4+2:0:0:0:1, 9+4:0:0:0:0, 4+1:1:0:0:1, 6+1:0:0:0:0, 4+2:0:0:0:1, 8+4:1:0:0:1, 7+2:0:1:0:1, 4+1:0:0:0:1, 4+4:0:0:0:1, 7+7:0:0:0:0, 5+2:0:0:0:1, 2+4:0:0:0:0, 3+1:0:1:0:0, 3+3:0:0:0:0, 2+3:0:0:0:0, 2+3:0:3:0:0, 1+1:0:0:0:0, 1+1:0:0:0:0, 2+2:0:0:0:0, 3+1:0:0:0:0, 3+1:0:0:0:0, 6+4:0:1:0:1, 3+1:0:0:0:0, 5+5:0:0:0:0, 4+3:0:0:0:1, 6+8:2:0:0:3, 2+0:0:0:0:0, 2+2:0:0:0:0, 2+0:0:0:0:0, 5+2:0:0:0:0, 2+2:0:0:0:0, 7+6:0:0:0:0, 6+3:0:0:0:0, 9+3:0:0:0:0, 4+3:0:0:0:1, 9+5:0:0:0:2, 9+6:0:0:0:1, 4+5:2:0:0:2, 5+4:3:0:0:0, 9+2:0:0:0:0, 7+4:0:0:0:2, 8+7:0:0:0:2, 2+0:0:0:0:0, 3+4:0:2:0:2, 3+1:0:1:0:1, 2+2:0:0:0:0, 3+2:0:1:0:0, 3+2:0:1:0:1, 2+1:0:0:0:0, 4+1:0:0:0:0, 2+1:0:0:0:0, 5+3:0:0:0:0, 6+3:0:0:0:0, 8+5:0:0:0:0, 5+2:0:0:0:0, 4+1:0:0:0:0, 4+5:0:2:0:1, 5+4:1:0:0:1, 2+0:0:0:0:0, 7+8:0:0:0:0, 3+2:0:1:0:2, 4+3:0:0:0:0, 2+1:0:0:0:0, 5+3:1:0:0:0, 7+4:0:0:0:0, 7+2:0:0:0:0, 4+3:0:0:0:1, 6+1:1:0:0:0, 7+3:0:0:0:0, 10+6:4:0:0:4, 5+3:1:0:0:1, 9+6:2:0:0:2, 10+4:0:0:0:0, 4+3:0:0:0:0, 3+1:0:0:0:0, 3+4:0:0:0:0, 3+1:0:0:0:0, 1+0:0:0:0:0, 0+0:0:0:0:0, 3+7:0:2:0:0, 2+2:0:0:0:0, 2+1:0:0:0:0, 4+3:0:0:0:0, 3+3:0:0:0:0, 3+2:0:0:0:0, 8+6:1:0:0:2, 3+3:0:0:0:0, 4+1:0:0:0:0, 6+4:0:0:0:1, 9+10:1:1:0:1, 2+0:0:0:0:0, 2+6:0:0:0:0, 7+2:0:0:0:0, 4+3:0:0:0:0, 2+1:0:0:0:0, 6+3:0:0:0:0, 7+6:0:0:0:0, 5+4:0:0:0:0, 6+5:0:0:0:1, 7+2:0:1:0:1, 6+5:1:0:0:0, 5+4:1:0:0:1, 5+1:0:0:0:0, 8+7:0:0:0:4, 4+2:0:0:0:0, 7+6:0:0:0:0, 2+0:0:0:0:0, 3+4:0:0:0:0, 3+2:0:0:0:0, 2+1:0:0:0:0, 5+3:0:0:0:0, 4+7:0:6:0:0, 2+1:0:0:0:0, 5+2:0:0:0:0, 2+1:0:0:0:0, 4+2:0:0:0:0, 5+2:0:0:0:0, 3+2:0:0:0:0, 3+2:0:0:0:0, 5+2:0:0:0:0, 2+0:0:0:0:0, 5+1:1:0:0:1, 3+1:0:0:0:0, 5+1:1:0:0:1, 2+0:0:0:0:0, 5+1:1:0:0:1, 877+549:36:32:0:86
Bb minor (5b), 5+1:0:0:0:1, 6+0:0:0:0:0, 4+0:0:0:0:0, 1+0:0:0:0:0, 5+2:1:0:0:0, 4+0:0:0:0:0, 3+0:0:0:0:0, 4+1:0:0:0:0, 4+1:0:0:0:1, 2+0:0:0:0:0, 3+1:0:0:0:0, 3+2:2:0:0:2, 5+1:0:0:0:0, 2+1:0:0:0:0, 5+5:1:0:0:3, 8+2:1:0:0:0, 5+0:0:0:0:0, 6+0:0:0:0:0, 4+0:0:0:0:0,  , 5+2:0:0:0:0, 5+0:0:0:0:0, 6+4:0:0:0:0, 5+2:0:0:0:0, 5+5:0:0:0:0, 4+2:0:0:0:0, 6+1:0:0:0:1, 5+1:0:0:0:0, 6+2:0:0:0:0, 7+4:0:0:0:3, 6+5:0:0:0:1, 11+4:1:0:0:1, 7+1:0:0:0:1, 8+3:0:0:0:1, 7+6:0:0:0:0, 4+3:0:0:0:3, 6+7:0:0:0:4, 6+0:0:0:0:0, 4+2:0:0:0:0, 6+3:0:0:0:0, 3+0:0:0:0:0, 3+2:0:0:0:0, 4+1:0:0:0:1, 4+3:3:0:0:3, 6+2:1:0:0:1, 3+3:1:0:0:1, 7+3:0:0:0:2, 8+2:1:0:0:0, 4+0:0:0:0:0, 11+3:0:0:0:1, 6+5:0:0:0:1,  , 7+3:0:0:0:1, 8+5:0:0:0:1, 8+2:0:0:0:2, 9+3:0:0:0:0, 7+5:0:0:0:0, 6+4:0:0:0:0, 7+2:0:0:0:0, 6+5:0:0:0:0, 8+6:0:0:0:0, 6+4:0:0:0:3, 4+3:0:0:0:1, 8+4:1:0:0:1, 4+0:0:0:0:0, 6+0:0:0:0:0, 4+0:0:0:0:0, 1+0:0:0:0:0, 5+2:1:0:0:1, 3+0:0:0:0:0, 3+0:0:0:0:0, 4+3:0:0:0:0, 2+0:0:0:0:0, 2+0:0:0:0:0, 2+0:0:0:0:0, 3+2:2:0:0:2, 3+0:0:0:0:0, 1+0:0:0:0:0, 5+2:0:0:0:2, 7+1:0:0:0:0, 4+0:0:0:0:0, 6+0:0:0:0:0, 4+0:0:0:0:0,  , 4+1:0:0:0:0, 4+1:0:0:0:0, 5+0:0:0:0:0, 4+1:0:0:0:0, 4+0:0:0:0:0, 4+1:0:0:0:0, 4+0:0:0:0:0, 5+1:0:0:0:1, 6+5:0:0:0:0, 6+3:0:0:0:2, 4+3:0:0:0:1, 8+4:1:0:0:1, 5+0:0:0:0:0, 7+1:0:0:0:0, 6+0:0:0:0:0,  , 7+4:0:0:0:1, 5+0:0:0:0:0, 5+1:0:0:0:1, 7+3:0:0:0:0, 3+1:1:0:0:1, 3+0:0:0:0:0, 2+0:0:0:0:0, 5+4:3:0:0:4, 5+1:0:1:0:1, 1+0:0:0:0:0, 6+2:0:0:0:2, 9+3:1:0:0:2, 7+1:0:0:0:1, 7+1:0:0:0:0, 6+5:0:0:0:4, 6+3:0:0:0:2, 7+5:0:0:0:2, 6+1:0:0:0:0, 4+0:0:0:0:0, 4+1:0:0:0:0, 4+0:0:0:0:0, 6+1:0:0:0:0, 5+1:0:0:0:1, 7+2:1:0:0:1, 7+4:0:0:0:3, 8+4:0:0:0:3, 6+5:0:0:0:3, 9+4:2:0:0:0, 4+0:0:0:0:0, 7+1:0:0:0:0, 5+0:0:0:0:0, 6+1:0:0:0:0, 5+2:0:0:0:0, 4+3:1:0:0:1, 6+2:0:0:0:0, 8+5:0:0:0:0, 2+0:0:0:0:0, 5+2:0:0:0:0, 5+1:0:0:0:0, 5+2:2:0:0:0, 5+3:0:0:0:0, 5+2:0:0:0:1, 6+3:0:0:0:2, 9+4:0:0:0:1, 4+0:0:0:0:0, 8+2:0:2:0:2, 5+1:0:0:0:0, 3+1:0:0:0:1, 7+2:0:0:0:1, 6+2:1:1:0:1, 7+1:0:0:0:1, 8+3:0:0:0:1, 4+0:0:0:0:0, 8+3:0:0:0:0, 7+2:0:0:0:0, 10+5:1:0:0:2, 8+2:0:0:0:0, 7+3:0:0:0:3, 6+3:0:0:0:1, 8+2:1:0:0:0, 5+0:0:0:0:0, 8+6:2:0:0:2, 7+2:0:0:0:1, 4+3:0:0:0:1, 5+1:0:0:0:0, 3+1:1:0:0:1, 5+3:0:0:0:1, 7+4:0:0:0:0, 2+0:0:0:0:0, 4+1:1:0:0:1, 3+0:0:0:0:0, 9+8:3:2:0:5, 5+3:1:0:0:1, 6+2:0:0:0:0, 8+11:2:0:0:7, 7+1:0:0:0:0, 6+0:0:0:0:0, 8+2:0:0:0:0, 7+1:0:0:0:1, 3+0:0:0:0:0, 5+2:0:0:0:0, 6+2:0:0:0:0, 6+2:0:0:0:0, 6+2:0:0:0:1, 5+0:0:0:0:0, 7+3:0:0:0:0, 5+0:0:0:0:0, 11+6:0:0:0:3, 6+1:0:0:0:0, 6+2:0:0:0:2, 8+6:0:0:0:3, 13+5:1:1:0:2, 4+0:0:0:0:0, 7+2:0:0:0:0, 7+1:0:0:0:0, 7+1:0:0:0:1, 4+1:0:0:0:0, 4+2:1:0:0:1, 6+2:0:0:0:1, 4+1:0:0:0:0, 4+2:0:1:0:2, 5+1:0:1:0:1, 4+1:1:0:0:1, 4+3:2:0:0:2, 4+1:0:0:0:0, 4+5:0:1:0:0, 6+5:0:0:0:0, 9+7:1:0:0:5, 5+2:0:0:0:0, 9+3:0:0:0:0, 6+6:0:0:0:0, 5+3:0:0:0:2, 8+4:1:0:0:2, 7+2:0:0:0:1, 6+1:0:0:0:1, 8+5:0:0:0:2, 4+0:0:0:0:0, 7+2:0:0:0:0, 7+2:2:0:0:0, 6+1:0:0:0:0, 6+2:0:0:0:0, 6+4:2:0:0:2, 5+2:0:0:0:0, 6+2:1:0:0:1, 7+1:0:0:0:0, 6+4:1:0:0:3, 5+4:0:0:0:0, 6+2:1:0:0:1, 1240+462:55:10:0:162
G# minor (5#), 2+0:0:0:0:0, 1+8:0:0:0:0, 2+0:0:0:0:0, 1+0:0:0:0:0, 3+1:0:0:0:0, 3+2:0:0:0:0, 3+1:0:0:0:1, 5+4:0:0:0:0, 5+1:0:0:0:1, 4+0:0:0:0:0, 7+2:0:0:0:1, 4+2:2:0:0:2, 6+1:0:0:0:0, 4+1:0:0:0:0, 6+1:0:0:0:0, 6+4:0:0:0:0, 3+1:0:0:0:0, 1+6:0:0:0:0, 2+0:0:0:0:0,  , 0+1:0:0:0:0, 2+2:0:1:0:0, 1+4:0:0:0:0, 1+2:0:0:0:0, 2+5:0:0:0:0, 1+3:0:0:0:0, 3+1:0:0:0:0, 2+1:0:0:0:0, 5+3:0:0:0:0, 4+4:0:0:0:3, 4+5:0:0:0:1, 7+4:1:0:0:1, 5+4:0:0:0:0, 4+3:0:0:0:1, 3+2:0:0:0:0, 2+2:0:0:0:0, 2+2:0:0:0:0, 4+4:0:0:0:0, 4+1:0:0:0:1, 6+3:0:0:0:0, 5+0:0:0:0:0, 7+2:0:0:0:0, 6+1:0:0:0:1, 6+3:3:0:0:3, 4+2:2:0:0:2, 6+3:1:0:0:3, 5+4:0:0:0:2, 5+6:1:0:0:1, 2+0:0:0:0:0, 5+3:0:0:0:1, 3+1:0:0:0:0,  , 2+1:0:0:0:0, 4+3:0:1:0:0, 4+2:0:0:0:2, 4+3:0:0:0:0, 4+1:0:0:0:0, 1+2:0:0:0:0, 4+2:0:0:0:0, 3+2:0:0:0:0, 4+1:0:0:0:0, 3+4:0:0:0:3, 2+3:0:0:0:1, 5+4:1:0:0:1, 2+0:0:0:0:0, 1+1:0:0:0:0, 2+0:0:0:0:0, 1+0:0:0:0:0, 3+2:0:1:0:1, 3+3:0:0:0:0, 3+1:0:0:0:1, 5+4:0:0:0:0, 4+0:0:0:0:0, 4+0:0:0:0:0, 4+1:0:0:0:0, 4+2:2:0:0:2, 3+0:0:0:0:0, 4+0:0:0:0:0, 3+3:0:0:0:2, 4+3:0:0:0:0, 2+0:0:0:0:0, 1+1:0:0:0:0, 2+0:0:0:0:0,  , 0+2:0:0:0:0, 1+2:0:2:0:0, 1+0:0:0:0:0, 1+1:0:0:0:0, 2+0:0:0:0:0, 1+1:0:0:0:0, 2+0:0:0:0:0, 3+2:0:1:0:1, 3+2:0:0:0:0, 2+4:0:0:0:3, 2+3:0:0:0:1, 5+4:1:0:0:1, 2+0:0:0:0:0, 2+1:0:0:0:0, 3+1:0:0:0:0,  , 4+2:0:0:0:0, 4+3:0:0:0:0, 4+3:0:0:0:2, 8+3:0:0:0:0, 4+1:1:0:0:1, 6+0:0:0:0:0, 4+1:0:0:0:0, 7+4:3:0:0:4, 7+1:0:1:0:1, 4+0:0:0:0:0, 4+6:0:0:0:3, 7+7:0:0:0:0, 5+2:0:0:0:0, 3+2:0:0:0:0, 3+1:0:1:0:0, 3+3:0:0:0:2, 2+5:0:0:0:2, 2+3:0:3:0:0, 1+0:0:0:0:0, 1+1:0:0:0:0, 2+0:0:0:0:0, 3+1:0:0:0:0, 3+1:0:0:0:0, 6+4:0:1:0:1, 3+1:0:0:0:0, 6+5:0:0:0:3, 4+3:0:0:0:3, 6+8:2:0:0:3, 2+0:0:0:0:0, 2+3:0:0:0:0, 2+0:0:0:0:0, 5+2:0:0:0:0, 2+2:0:0:0:0, 7+6:0:0:0:0, 6+3:0:0:0:0, 8+5:0:0:0:0, 4+0:0:0:0:0, 9+2:0:0:0:0, 9+2:0:0:0:0, 4+4:2:0:0:2, 5+3:3:0:0:3, 9+2:0:0:0:0, 7+4:0:0:0:2, 8+7:0:0:0:2, 2+0:0:0:0:0, 3+4:0:2:0:0, 3+1:0:1:0:0, 2+1:0:0:0:1, 3+2:0:1:0:0, 3+2:0:1:0:1, 2+1:0:0:0:1, 4+3:0:0:0:1, 2+0:0:0:0:0, 5+3:0:0:0:0, 5+2:0:1:0:1, 8+5:0:0:0:0, 5+2:0:0:0:0, 5+5:0:0:0:3, 4+5:0:2:0:1, 5+4:1:0:0:1, 2+0:0:0:0:0, 7+8:0:0:0:0, 3+1:0:1:0:1, 4+2:0:0:0:2, 2+2:0:0:0:1, 5+3:1:0:0:1, 6+3:1:0:0:2, 7+4:0:0:0:0, 4+0:0:0:0:0, 6+1:1:0:0:1, 7+0:0:0:0:0, 10+9:5:0:0:5, 5+2:1:0:0:1, 10+2:0:0:0:0, 10+11:2:0:0:7, 4+1:0:0:0:0, 3+1:0:0:0:0, 3+2:0:0:0:1, 3+1:0:0:0:0, 1+0:0:0:0:0, 0+0:0:0:0:0, 3+7:0:2:0:0, 2+3:0:0:0:0, 2+3:0:0:0:0, 4+3:0:0:0:0, 3+2:0:0:0:0, 3+1:0:0:0:0, 8+6:1:0:0:2, 3+3:0:0:0:0, 4+7:0:0:0:2, 6+4:0:0:0:1, 9+10:1:1:0:1, 2+0:0:0:0:0, 2+3:0:0:0:2, 7+4:0:0:0:1, 4+3:0:0:0:0, 2+1:0:0:0:0, 6+3:0:0:0:0, 6+4:0:1:0:2, 5+4:0:0:0:0, 6+2:0:1:0:2, 7+1:0:1:0:1, 6+1:1:0:0:1, 5+3:3:0:0:3, 5+0:0:0:0:0, 8+2:0:0:0:1, 4+3:0:0:0:2, 7+6:0:0:0:0, 2+0:0:0:0:0, 4+3:0:0:0:0, 3+2:0:0:0:0, 2+1:0:0:0:0, 4+4:1:0:0:2, 4+7:0:6:0:0, 2+1:0:0:0:1, 5+4:0:0:0:1, 2+0:0:0:0:0, 4+2:0:0:0:0, 5+2:0:0:0:0, 3+2:0:0:0:0, 3+2:0:0:0:0, 5+2:0:0:0:0, 2+0:0:0:0:0, 5+1:1:0:0:1, 3+1:0:0:0:0, 5+1:1:0:0:1, 2+0:0:0:0:0, 5+1:1:0:0:1, 876+522:47:33:0:138
Bb minor mel (5b),  ,  ,  ,  ,  ,  ,  ,  ,  ,  ,  ,  ,  ,  ,  ,  ,  ,  ,  ,  ,  ,  ,  ,  ,  ,  ,  ,  ,  ,  ,  ,  ,  ,  ,  ,  ,  ,  ,  ,  ,  ,  ,  ,  ,  ,  ,  ,  ,  ,  ,  ,  ,  ,  ,  ,  ,  ,  ,  ,  ,  ,  ,  ,  ,  ,  ,  ,  ,  ,  ,  ,  ,  ,  ,  ,  ,  ,  ,  ,  ,  ,  ,  ,  ,  ,  ,  ,  ,  ,  ,  ,  ,  ,  ,  ,  ,  ,  ,  ,  ,  ,  ,  ,  ,  ,  ,  ,  ,  ,  ,  ,  ,  ,  ,  ,  ,  ,  ,  ,  ,  ,  ,  ,  ,  ,  ,  ,  ,  ,  ,  ,  ,  ,  ,  ,  ,  ,  ,  ,  ,  ,  ,  ,  ,  ,  ,  ,  ,  ,  ,  ,  ,  ,  ,  ,  ,  ,  ,  ,  ,  ,  ,  ,  ,  ,  ,  ,  ,  ,  ,  ,  ,  ,  ,  ,  ,  ,  ,  ,  ,  ,  ,  ,  ,  ,  ,  ,  ,  ,  ,  ,  ,  ,  ,  ,  ,  ,  ,  ,  ,  ,  ,  ,  ,  ,  ,  ,  ,  ,  ,  ,  ,  ,  ,  ,  ,  ,  ,  ,  ,  ,  ,  ,  ,  ,  ,  ,  , 0+0:0:0:0:0
G# minor mel (5#),  ,  ,  ,  ,  ,  ,  ,  ,  ,  ,  ,  ,  ,  ,  ,  ,  ,  ,  ,  ,  ,  ,  ,  ,  ,  ,  ,  ,  ,  ,  ,  ,  ,  ,  ,  ,  ,  ,  ,  ,  ,  ,  ,  ,  ,  ,  ,  ,  ,  ,  ,  ,  ,  ,  ,  ,  ,  ,  ,  ,  ,  ,  ,  ,  ,  ,  ,  ,  ,  ,  ,  ,  ,  ,  ,  ,  ,  ,  ,  ,  ,  ,  ,  ,  ,  ,  ,  ,  ,  ,  ,  ,  ,  ,  ,  ,  ,  ,  ,  ,  ,  ,  ,  ,  ,  ,  ,  ,  ,  ,  ,  ,  ,  ,  ,  ,  ,  ,  ,  ,  ,  ,  ,  ,  ,  ,  ,  ,  ,  ,  ,  ,  ,  ,  ,  ,  ,  ,  ,  ,  ,  ,  ,  ,  ,  ,  ,  ,  ,  ,  ,  ,  ,  ,  ,  ,  ,  ,  ,  ,  ,  ,  ,  ,  ,  ,  ,  ,  ,  ,  ,  ,  ,  ,  ,  ,  ,  ,  ,  ,  ,  ,  ,  ,  ,  ,  ,  ,  ,  ,  ,  ,  ,  ,  ,  ,  ,  ,  ,  ,  ,  ,  ,  ,  ,  ,  ,  ,  ,  ,  ,  ,  ,  ,  ,  ,  ,  ,  ,  ,  ,  ,  ,  ,  ,  ,  ,  , 0+0:0:0:0:0
Db major blues (5b),  ,  ,  ,  ,  ,  ,  ,  ,  ,  ,  ,  ,  ,  ,  ,  ,  ,  ,  ,  ,  ,  ,  ,  ,  ,  ,  ,  ,  ,  ,  ,  ,  ,  ,  ,  ,  ,  ,  ,  ,  ,  ,  ,  ,  ,  ,  ,  ,  ,  ,  ,  ,  ,  ,  ,  ,  ,  ,  ,  ,  ,  ,  ,  ,  ,  ,  ,  ,  ,  ,  ,  ,  ,  ,  ,  ,  ,  ,  ,  ,  ,  ,  ,  ,  ,  ,  ,  ,  ,  ,  ,  ,  ,  ,  ,  ,  ,  ,  ,  ,  ,  ,  ,  ,  ,  ,  ,  ,  ,  ,  ,  ,  ,  ,  ,  ,  ,  ,  ,  ,  ,  ,  ,  ,  ,  ,  ,  ,  ,  ,  ,  ,  ,  ,  ,  ,  ,  ,  ,  ,  ,  ,  ,  ,  ,  ,  ,  ,  ,  ,  ,  ,  ,  ,  ,  ,  ,  ,  ,  ,  ,  ,  ,  ,  ,  ,  ,  ,  ,  ,  ,  ,  ,  ,  ,  ,  ,  ,  ,  ,  ,  ,  ,  ,  ,  ,  ,  ,  ,  ,  ,  ,  ,  ,  ,  ,  ,  ,  ,  ,  ,  ,  ,  ,  ,  ,  ,  ,  ,  ,  ,  ,  ,  ,  ,  ,  ,  ,  ,  ,  ,  ,  ,  ,  ,  ,  ,  , 0+0:0:0:0:0
B major blues (5#),  ,  ,  ,  ,  ,  ,  ,  ,  ,  ,  ,  ,  ,  ,  ,  ,  ,  ,  ,  ,  ,  ,  ,  ,  ,  ,  ,  ,  ,  ,  ,  ,  ,  ,  ,  ,  ,  ,  ,  ,  ,  ,  ,  ,  ,  ,  ,  ,  ,  ,  ,  ,  ,  ,  ,  ,  ,  ,  ,  ,  ,  ,  ,  ,  ,  ,  ,  ,  ,  ,  ,  ,  ,  ,  ,  ,  ,  ,  ,  ,  ,  ,  ,  ,  ,  ,  ,  ,  ,  ,  ,  ,  ,  ,  ,  ,  ,  ,  ,  ,  ,  ,  ,  ,  ,  ,  ,  ,  ,  ,  ,  ,  ,  ,  ,  ,  ,  ,  ,  ,  ,  ,  ,  ,  ,  ,  ,  ,  ,  ,  ,  ,  ,  ,  ,  ,  ,  ,  ,  ,  ,  ,  ,  ,  ,  ,  ,  ,  ,  ,  ,  ,  ,  ,  ,  ,  ,  ,  ,  ,  ,  ,  ,  ,  ,  ,  ,  ,  ,  ,  ,  ,  ,  ,  ,  ,  ,  ,  ,  ,  ,  ,  ,  ,  ,  ,  ,  ,  ,  ,  ,  ,  ,  ,  ,  ,  ,  ,  ,  ,  ,  ,  ,  ,  ,  ,  ,  ,  ,  ,  ,  ,  ,  ,  ,  ,  ,  ,  ,  ,  ,  ,  ,  ,  ,  ,  ,  , 0+0:0:0:0:0
Bb minor blues (5b),  ,  ,  ,  ,  ,  ,  ,  ,  ,  ,  ,  ,  ,  ,  ,  ,  ,  ,  ,  ,  ,  ,  ,  ,  ,  ,  ,  ,  ,  ,  ,  ,  ,  ,  ,  ,  ,  ,  ,  ,  ,  ,  ,  ,  ,  ,  ,  ,  ,  ,  ,  ,  ,  ,  ,  ,  ,  ,  ,  ,  ,  ,  ,  ,  ,  ,  ,  ,  ,  ,  ,  ,  ,  ,  ,  ,  ,  ,  ,  ,  ,  ,  ,  ,  ,  ,  ,  ,  ,  ,  ,  ,  ,  ,  ,  ,  ,  ,  ,  ,  ,  ,  ,  ,  ,  ,  ,  ,  ,  ,  ,  ,  ,  ,  ,  ,  ,  ,  ,  ,  ,  ,  ,  ,  ,  ,  ,  ,  ,  ,  ,  ,  ,  ,  ,  ,  ,  ,  ,  ,  ,  ,  ,  ,  ,  ,  ,  ,  ,  ,  ,  ,  ,  ,  ,  ,  ,  ,  ,  ,  ,  ,  ,  ,  ,  ,  ,  ,  ,  ,  ,  ,  ,  ,  ,  ,  ,  ,  ,  ,  ,  ,  ,  ,  ,  ,  ,  ,  ,  ,  ,  ,  ,  ,  ,  ,  ,  ,  ,  ,  ,  ,  ,  ,  ,  ,  ,  ,  ,  ,  ,  ,  ,  ,  ,  ,  ,  ,  ,  ,  ,  ,  ,  ,  ,  ,  ,  , 0+0:0:0:0:0
G# minor blues (5#),  ,  ,  ,  ,  ,  ,  ,  ,  ,  ,  ,  ,  ,  ,  ,  ,  ,  ,  ,  ,  ,  ,  ,  ,  ,  ,  ,  ,  ,  ,  ,  ,  ,  ,  ,  ,  ,  ,  ,  ,  ,  ,  ,  ,  ,  ,  ,  ,  ,  ,  ,  ,  ,  ,  ,  ,  ,  ,  ,  ,  ,  ,  ,  ,  ,  ,  ,  ,  ,  ,  ,  ,  ,  ,  ,  ,  ,  ,  ,  ,  ,  ,  ,  ,  ,  ,  ,  ,  ,  ,  ,  ,  ,  ,  ,  ,  ,  ,  ,  ,  ,  ,  ,  ,  ,  ,  ,  ,  ,  ,  ,  ,  ,  ,  ,  ,  ,  ,  ,  ,  ,  ,  ,  ,  ,  ,  ,  ,  ,  ,  ,  ,  ,  ,  ,  ,  ,  ,  ,  ,  ,  ,  ,  ,  ,  ,  ,  ,  ,  ,  ,  ,  ,  ,  ,  ,  ,  ,  ,  ,  ,  ,  ,  ,  ,  ,  ,  ,  ,  ,  ,  ,  ,  ,  ,  ,  ,  ,  ,  ,  ,  ,  ,  ,  ,  ,  ,  ,  ,  ,  ,  ,  ,  ,  ,  ,  ,  ,  ,  ,  ,  ,  ,  ,  ,  ,  ,  ,  ,  ,  ,  ,  ,  ,  ,  ,  ,  ,  ,  ,  ,  ,  ,  ,  ,  ,  ,  , 0+0:0:0:0:0
Db dorian (5b),  ,  ,  ,  ,  ,  ,  ,  ,  ,  ,  ,  ,  ,  ,  ,  ,  ,  ,  ,  ,  ,  ,  ,  ,  ,  ,  ,  ,  ,  ,  ,  ,  ,  ,  ,  ,  ,  ,  ,  ,  ,  ,  ,  ,  ,  ,  ,  ,  ,  ,  ,  ,  ,  ,  ,  ,  ,  ,  ,  ,  ,  ,  ,  ,  ,  ,  ,  ,  ,  ,  ,  ,  ,  ,  ,  ,  ,  ,  ,  ,  ,  ,  ,  ,  ,  ,  ,  ,  ,  ,  ,  ,  ,  ,  ,  ,  ,  ,  ,  ,  ,  ,  ,  ,  ,  ,  ,  ,  ,  ,  ,  ,  ,  ,  ,  ,  ,  ,  ,  ,  ,  ,  ,  ,  ,  ,  ,  ,  ,  ,  ,  ,  ,  ,  ,  ,  ,  ,  ,  ,  ,  ,  ,  ,  ,  ,  ,  ,  ,  ,  ,  ,  ,  ,  ,  ,  ,  ,  ,  ,  ,  ,  ,  ,  ,  ,  ,  ,  ,  ,  ,  ,  ,  ,  ,  ,  ,  ,  ,  ,  ,  ,  ,  ,  ,  ,  ,  ,  ,  ,  ,  ,  ,  ,  ,  ,  ,  ,  ,  ,  ,  ,  ,  ,  ,  ,  ,  ,  ,  ,  ,  ,  ,  ,  ,  ,  ,  ,  ,  ,  ,  ,  ,  ,  ,  ,  ,  , 0+0:0:0:0:0
B dorian (5#),  ,  ,  ,  ,  ,  ,  ,  ,  ,  ,  ,  ,  ,  ,  ,  ,  ,  ,  ,  ,  ,  ,  ,  ,  ,  ,  ,  ,  ,  ,  ,  ,  ,  ,  ,  ,  ,  ,  ,  ,  ,  ,  ,  ,  ,  ,  ,  ,  ,  ,  ,  ,  ,  ,  ,  ,  ,  ,  ,  ,  ,  ,  ,  ,  ,  ,  ,  ,  ,  ,  ,  ,  ,  ,  ,  ,  ,  ,  ,  ,  ,  ,  ,  ,  ,  ,  ,  ,  ,  ,  ,  ,  ,  ,  ,  ,  ,  ,  ,  ,  ,  ,  ,  ,  ,  ,  ,  ,  ,  ,  ,  ,  ,  ,  ,  ,  ,  ,  ,  ,  ,  ,  ,  ,  ,  ,  ,  ,  ,  ,  ,  ,  ,  ,  ,  ,  ,  ,  ,  ,  ,  ,  ,  ,  ,  ,  ,  ,  ,  ,  ,  ,  ,  ,  ,  ,  ,  ,  ,  ,  ,  ,  ,  ,  ,  ,  ,  ,  ,  ,  ,  ,  ,  ,  ,  ,  ,  ,  ,  ,  ,  ,  ,  ,  ,  ,  ,  ,  ,  ,  ,  ,  ,  ,  ,  ,  ,  ,  ,  ,  ,  ,  ,  ,  ,  ,  ,  ,  ,  ,  ,  ,  ,  ,  ,  ,  ,  ,  ,  ,  ,  ,  ,  ,  ,  ,  ,  , 0+0:0:0:0:0
Db phrygian (5b),  ,  ,  ,  ,  ,  ,  ,  ,  ,  ,  ,  ,  ,  ,  ,  ,  ,  ,  ,  ,  ,  ,  ,  ,  ,  ,  ,  ,  ,  ,  ,  ,  ,  ,  ,  ,  ,  ,  ,  ,  ,  ,  ,  ,  ,  ,  ,  ,  ,  ,  ,  ,  ,  ,  ,  ,  ,  ,  ,  ,  ,  ,  ,  ,  ,  ,  ,  ,  ,  ,  ,  ,  ,  ,  ,  ,  ,  ,  ,  ,  ,  ,  ,  ,  ,  ,  ,  ,  ,  ,  ,  ,  ,  ,  ,  ,  ,  ,  ,  ,  ,  ,  ,  ,  ,  ,  ,  ,  ,  ,  ,  ,  ,  ,  ,  ,  ,  ,  ,  ,  ,  ,  ,  ,  ,  ,  ,  ,  ,  ,  ,  ,  ,  ,  ,  ,  ,  ,  ,  ,  ,  ,  ,  ,  ,  ,  ,  ,  ,  ,  ,  ,  ,  ,  ,  ,  ,  ,  ,  ,  ,  ,  ,  ,  ,  ,  ,  ,  ,  ,  ,  ,  ,  ,  ,  ,  ,  ,  ,  ,  ,  ,  ,  ,  ,  ,  ,  ,  ,  ,  ,  ,  ,  ,  ,  ,  ,  ,  ,  ,  ,  ,  ,  ,  ,  ,  ,  ,  ,  ,  ,  ,  ,  ,  ,  ,  ,  ,  ,  ,  ,  ,  ,  ,  ,  ,  ,  , 0+0:0:0:0:0
B phrygian (5#),  ,  ,  ,  ,  ,  ,  ,  ,  ,  ,  ,  ,  ,  ,  ,  ,  ,  ,  ,  ,  ,  ,  ,  ,  ,  ,  ,  ,  ,  ,  ,  ,  ,  ,  ,  ,  ,  ,  ,  ,  ,  ,  ,  ,  ,  ,  ,  ,  ,  ,  ,  ,  ,  ,  ,  ,  ,  ,  ,  ,  ,  ,  ,  ,  ,  ,  ,  ,  ,  ,  ,  ,  ,  ,  ,  ,  ,  ,  ,  ,  ,  ,  ,  ,  ,  ,  ,  ,  ,  ,  ,  ,  ,  ,  ,  ,  ,  ,  ,  ,  ,  ,  ,  ,  ,  ,  ,  ,  ,  ,  ,  ,  ,  ,  ,  ,  ,  ,  ,  ,  ,  ,  ,  ,  ,  ,  ,  ,  ,  ,  ,  ,  ,  ,  ,  ,  ,  ,  ,  ,  ,  ,  ,  ,  ,  ,  ,  ,  ,  ,  ,  ,  ,  ,  ,  ,  ,  ,  ,  ,  ,  ,  ,  ,  ,  ,  ,  ,  ,  ,  ,  ,  ,  ,  ,  ,  ,  ,  ,  ,  ,  ,  ,  ,  ,  ,  ,  ,  ,  ,  ,  ,  ,  ,  ,  ,  ,  ,  ,  ,  ,  ,  ,  ,  ,  ,  ,  ,  ,  ,  ,  ,  ,  ,  ,  ,  ,  ,  ,  ,  ,  ,  ,  ,  ,  ,  ,  , 0+0:0:0:0:0
Db lydian (5b),  ,  ,  ,  ,  ,  ,  ,  ,  ,  ,  ,  ,  ,  ,  ,  ,  ,  ,  ,  ,  ,  ,  ,  ,  ,  ,  ,  ,  ,  ,  ,  ,  ,  ,  ,  ,  ,  ,  ,  ,  ,  ,  ,  ,  ,  ,  ,  ,  ,  ,  ,  ,  ,  ,  ,  ,  ,  ,  ,  ,  ,  ,  ,  ,  ,  ,  ,  ,  ,  ,  ,  ,  ,  ,  ,  ,  ,  ,  ,  ,  ,  ,  ,  ,  ,  ,  ,  ,  ,  ,  ,  ,  ,  ,  ,  ,  ,  ,  ,  ,  ,  ,  ,  ,  ,  ,  ,  ,  ,  ,  ,  ,  ,  ,  ,  ,  ,  ,  ,  ,  ,  ,  ,  ,  ,  ,  ,  ,  ,  ,  ,  ,  ,  ,  ,  ,  ,  ,  ,  ,  ,  ,  ,  ,  ,  ,  ,  ,  ,  ,  ,  ,  ,  ,  ,  ,  ,  ,  ,  ,  ,  ,  ,  ,  ,  ,  ,  ,  ,  ,  ,  ,  ,  ,  ,  ,  ,  ,  ,  ,  ,  ,  ,  ,  ,  ,  ,  ,  ,  ,  ,  ,  ,  ,  ,  ,  ,  ,  ,  ,  ,  ,  ,  ,  ,  ,  ,  ,  ,  ,  ,  ,  ,  ,  ,  ,  ,  ,  ,  ,  ,  ,  ,  ,  ,  ,  ,  , 0+0:0:0:0:0
B lydian (5#),  ,  ,  ,  ,  ,  ,  ,  ,  ,  ,  ,  ,  ,  ,  ,  ,  ,  ,  ,  ,  ,  ,  ,  ,  ,  ,  ,  ,  ,  ,  ,  ,  ,  ,  ,  ,  ,  ,  ,  ,  ,  ,  ,  ,  ,  ,  ,  ,  ,  ,  ,  ,  ,  ,  ,  ,  ,  ,  ,  ,  ,  ,  ,  ,  ,  ,  ,  ,  ,  ,  ,  ,  ,  ,  ,  ,  ,  ,  ,  ,  ,  ,  ,  ,  ,  ,  ,  ,  ,  ,  ,  ,  ,  ,  ,  ,  ,  ,  ,  ,  ,  ,  ,  ,  ,  ,  ,  ,  ,  ,  ,  ,  ,  ,  ,  ,  ,  ,  ,  ,  ,  ,  ,  ,  ,  ,  ,  ,  ,  ,  ,  ,  ,  ,  ,  ,  ,  ,  ,  ,  ,  ,  ,  ,  ,  ,  ,  ,  ,  ,  ,  ,  ,  ,  ,  ,  ,  ,  ,  ,  ,  ,  ,  ,  ,  ,  ,  ,  ,  ,  ,  ,  ,  ,  ,  ,  ,  ,  ,  ,  ,  ,  ,  ,  ,  ,  ,  ,  ,  ,  ,  ,  ,  ,  ,  ,  ,  ,  ,  ,  ,  ,  ,  ,  ,  ,  ,  ,  ,  ,  ,  ,  ,  ,  ,  ,  ,  ,  ,  ,  ,  ,  ,  ,  ,  ,  ,  , 0+0:0:0:0:0
Db mixolydian (5b),  ,  ,  ,  ,  ,  ,  ,  ,  ,  ,  ,  ,  ,  ,  ,  ,  ,  ,  ,  ,  ,  ,  ,  ,  ,  ,  ,  ,  ,  ,  ,  ,  ,  ,  ,  ,  ,  ,  ,  ,  ,  ,  ,  ,  ,  ,  ,  ,  ,  ,  ,  ,  ,  ,  ,  ,  ,  ,  ,  ,  ,  ,  ,  ,  ,  ,  ,  ,  ,  ,  ,  ,  ,  ,  ,  ,  ,  ,  ,  ,  ,  ,  ,  ,  ,  ,  ,  ,  ,  ,  ,  ,  ,  ,  ,  ,  ,  ,  ,  ,  ,  ,  ,  ,  ,  ,  ,  ,  ,  ,  ,  ,  ,  ,  ,  ,  ,  ,  ,  ,  ,  ,  ,  ,  ,  ,  ,  ,  ,  ,  ,  ,  ,  ,  ,  ,  ,  ,  ,  ,  ,  ,  ,  ,  ,  ,  ,  ,  ,  ,  ,  ,  ,  ,  ,  ,  ,  ,  ,  ,  ,  ,  ,  ,  ,  ,  ,  ,  ,  ,  ,  ,  ,  ,  ,  ,  ,  ,  ,  ,  ,  ,  ,  ,  ,  ,  ,  ,  ,  ,  ,  ,  ,  ,  ,  ,  ,  ,  ,  ,  ,  ,  ,  ,  ,  ,  ,  ,  ,  ,  ,  ,  ,  ,  ,  ,  ,  ,  ,  ,  ,  ,  ,  ,  ,  ,  ,  , 0+0:0:0:0:0
B mixolydian (5#),  ,  ,  ,  ,  ,  ,  ,  ,  ,  ,  ,  ,  ,  ,  ,  ,  ,  ,  ,  ,  ,  ,  ,  ,  ,  ,  ,  ,  ,  ,  ,  ,  ,  ,  ,  ,  ,  ,  ,  ,  ,  ,  ,  ,  ,  ,  ,  ,  ,  ,  ,  ,  ,  ,  ,  ,  ,  ,  ,  ,  ,  ,  ,  ,  ,  ,  ,  ,  ,  ,  ,  ,  ,  ,  ,  ,  ,  ,  ,  ,  ,  ,  ,  ,  ,  ,  ,  ,  ,  ,  ,  ,  ,  ,  ,  ,  ,  ,  ,  ,  ,  ,  ,  ,  ,  ,  ,  ,  ,  ,  ,  ,  ,  ,  ,  ,  ,  ,  ,  ,  ,  ,  ,  ,  ,  ,  ,  ,  ,  ,  ,  ,  ,  ,  ,  ,  ,  ,  ,  ,  ,  ,  ,  ,  ,  ,  ,  ,  ,  ,  ,  ,  ,  ,  ,  ,  ,  ,  ,  ,  ,  ,  ,  ,  ,  ,  ,  ,  ,  ,  ,  ,  ,  ,  ,  ,  ,  ,  ,  ,  ,  ,  ,  ,  ,  ,  ,  ,  ,  ,  ,  ,  ,  ,  ,  ,  ,  ,  ,  ,  ,  ,  ,  ,  ,  ,  ,  ,  ,  ,  ,  ,  ,  ,  ,  ,  ,  ,  ,  ,  ,  ,  ,  ,  ,  ,  ,  , 0+0:0:0:0:0
Db aeolian (5b),  ,  ,  ,  ,  ,  ,  ,  ,  ,  ,  ,  ,  ,  ,  ,  ,  ,  ,  ,  ,  ,  ,  ,  ,  ,  ,  ,  ,  ,  ,  ,  ,  ,  ,  ,  ,  ,  ,  ,  ,  ,  ,  ,  ,  ,  ,  ,  ,  ,  ,  ,  ,  ,  ,  ,  ,  ,  ,  ,  ,  ,  ,  ,  ,  ,  ,  ,  ,  ,  ,  ,  ,  ,  ,  ,  ,  ,  ,  ,  ,  ,  ,  ,  ,  ,  ,  ,  ,  ,  ,  ,  ,  ,  ,  ,  ,  ,  ,  ,  ,  ,  ,  ,  ,  ,  ,  ,  ,  ,  ,  ,  ,  ,  ,  ,  ,  ,  ,  ,  ,  ,  ,  ,  ,  ,  ,  ,  ,  ,  ,  ,  ,  ,  ,  ,  ,  ,  ,  ,  ,  ,  ,  ,  ,  ,  ,  ,  ,  ,  ,  ,  ,  ,  ,  ,  ,  ,  ,  ,  ,  ,  ,  ,  ,  ,  ,  ,  ,  ,  ,  ,  ,  ,  ,  ,  ,  ,  ,  ,  ,  ,  ,  ,  ,  ,  ,  ,  ,  ,  ,  ,  ,  ,  ,  ,  ,  ,  ,  ,  ,  ,  ,  ,  ,  ,  ,  ,  ,  ,  ,  ,  ,  ,  ,  ,  ,  ,  ,  ,  ,  ,  ,  ,  ,  ,  ,  ,  , 0+0:0:0:0:0
B aeolian (5#),  ,  ,  ,  ,  ,  ,  ,  ,  ,  ,  ,  ,  ,  ,  ,  ,  ,  ,  ,  ,  ,  ,  ,  ,  ,  ,  ,  ,  ,  ,  ,  ,  ,  ,  ,  ,  ,  ,  ,  ,  ,  ,  ,  ,  ,  ,  ,  ,  ,  ,  ,  ,  ,  ,  ,  ,  ,  ,  ,  ,  ,  ,  ,  ,  ,  ,  ,  ,  ,  ,  ,  ,  ,  ,  ,  ,  ,  ,  ,  ,  ,  ,  ,  ,  ,  ,  ,  ,  ,  ,  ,  ,  ,  ,  ,  ,  ,  ,  ,  ,  ,  ,  ,  ,  ,  ,  ,  ,  ,  ,  ,  ,  ,  ,  ,  ,  ,  ,  ,  ,  ,  ,  ,  ,  ,  ,  ,  ,  ,  ,  ,  ,  ,  ,  ,  ,  ,  ,  ,  ,  ,  ,  ,  ,  ,  ,  ,  ,  ,  ,  ,  ,  ,  ,  ,  ,  ,  ,  ,  ,  ,  ,  ,  ,  ,  ,  ,  ,  ,  ,  ,  ,  ,  ,  ,  ,  ,  ,  ,  ,  ,  ,  ,  ,  ,  ,  ,  ,  ,  ,  ,  ,  ,  ,  ,  ,  ,  ,  ,  ,  ,  ,  ,  ,  ,  ,  ,  ,  ,  ,  ,  ,  ,  ,  ,  ,  ,  ,  ,  ,  ,  ,  ,  ,  ,  ,  ,  , 0+0:0:0:0:0
Db locrian (5b),  ,  ,  ,  ,  ,  ,  ,  ,  ,  ,  ,  ,  ,  ,  ,  ,  ,  ,  ,  ,  ,  ,  ,  ,  ,  ,  ,  ,  ,  ,  ,  ,  ,  ,  ,  ,  ,  ,  ,  ,  ,  ,  ,  ,  ,  ,  ,  ,  ,  ,  ,  ,  ,  ,  ,  ,  ,  ,  ,  ,  ,  ,  ,  ,  ,  ,  ,  ,  ,  ,  ,  ,  ,  ,  ,  ,  ,  ,  ,  ,  ,  ,  ,  ,  ,  ,  ,  ,  ,  ,  ,  ,  ,  ,  ,  ,  ,  ,  ,  ,  ,  ,  ,  ,  ,  ,  ,  ,  ,  ,  ,  ,  ,  ,  ,  ,  ,  ,  ,  ,  ,  ,  ,  ,  ,  ,  ,  ,  ,  ,  ,  ,  ,  ,  ,  ,  ,  ,  ,  ,  ,  ,  ,  ,  ,  ,  ,  ,  ,  ,  ,  ,  ,  ,  ,  ,  ,  ,  ,  ,  ,  ,  ,  ,  ,  ,  ,  ,  ,  ,  ,  ,  ,  ,  ,  ,  ,  ,  ,  ,  ,  ,  ,  ,  ,  ,  ,  ,  ,  ,  ,  ,  ,  ,  ,  ,  ,  ,  ,  ,  ,  ,  ,  ,  ,  ,  ,  ,  ,  ,  ,  ,  ,  ,  ,  ,  ,  ,  ,  ,  ,  ,  ,  ,  ,  ,  ,  , 0+0:0:0:0:0
B locrian (5#),  ,  ,  ,  ,  ,  ,  ,  ,  ,  ,  ,  ,  ,  ,  ,  ,  ,  ,  ,  ,  ,  ,  ,  ,  ,  ,  ,  ,  ,  ,  ,  ,  ,  ,  ,  ,  ,  ,  ,  ,  ,  ,  ,  ,  ,  ,  ,  ,  ,  ,  ,  ,  ,  ,  ,  ,  ,  ,  ,  ,  ,  ,  ,  ,  ,  ,  ,  ,  ,  ,  ,  ,  ,  ,  ,  ,  ,  ,  ,  ,  ,  ,  ,  ,  ,  ,  ,  ,  ,  ,  ,  ,  ,  ,  ,  ,  ,  ,  ,  ,  ,  ,  ,  ,  ,  ,  ,  ,  ,  ,  ,  ,  ,  ,  ,  ,  ,  ,  ,  ,  ,  ,  ,  ,  ,  ,  ,  ,  ,  ,  ,  ,  ,  ,  ,  ,  ,  ,  ,  ,  ,  ,  ,  ,  ,  ,  ,  ,  ,  ,  ,  ,  ,  ,  ,  ,  ,  ,  ,  ,  ,  ,  ,  ,  ,  ,  ,  ,  ,  ,  ,  ,  ,  ,  ,  ,  ,  ,  ,  ,  ,  ,  ,  ,  ,  ,  ,  ,  ,  ,  ,  ,  ,  ,  ,  ,  ,  ,  ,  ,  ,  ,  ,  ,  ,  ,  ,  ,  ,  ,  ,  ,  ,  ,  ,  ,  ,  ,  ,  ,  ,  ,  ,  ,  ,  ,  ,  , 0+0:0:0:0:0
Gb major (6b), 5+0:0:0:0:0, 6+2:0:0:0:0, 4+0:0:0:0:0, 1+0:0:0:0:0, 6+1:0:0:0:0, 5+1:0:0:0:1, 3+1:0:0:0:1, 5+3:0:0:0:0, 5+3:0:0:0:1, 2+0:0:0:0:0, 4+1:0:0:0:0, 4+6:1:0:0:1, 5+3:0:0:0:0, 3+1:0:0:0:1, 6+1:0:0:0:1, 8+5:1:0:0:1, 5+1:0:0:0:0, 6+2:0:0:0:0, 4+0:0:0:0:0,  , 5+0:0:0:0:0, 5+1:0:0:0:0, 6+4:0:0:0:0, 5+2:0:0:0:0, 5+5:0:0:0:0, 4+3:0:0:0:0, 6+1:0:0:0:0, 5+1:0:0:0:0, 7+3:0:0:0:0, 8+3:0:0:0:0, 6+5:0:0:0:1, 11+4:1:0:0:1, 8+2:0:0:0:1, 8+5:0:0:0:0, 7+2:0:0:0:0, 4+2:0:0:0:0, 6+2:0:0:0:0, 7+4:0:0:0:0, 4+1:0:0:0:1, 7+2:0:0:0:1, 4+1:0:0:0:0, 4+2:0:0:0:0, 5+3:0:0:0:2, 5+6:3:0:0:3, 7+2:1:0:0:1, 5+3:0:0:0:1, 7+4:0:0:0:2, 8+6:1:0:0:1, 4+0:0:0:0:0, 10+5:0:0:0:0, 6+1:0:0:0:0,  , 7+1:0:0:0:0, 8+4:0:0:0:0, 8+2:0:0:0:2, 9+3:0:0:0:0, 7+1:0:0:0:0, 6+2:0:0:0:0, 7+2:0:0:0:0, 6+2:0:0:0:0, 8+1:0:0:0:0, 7+4:0:0:0:3, 4+3:0:0:0:1, 8+4:1:0:0:1, 4+0:0:0:0:0, 6+2:0:0:0:0, 4+0:0:0:0:0, 1+0:0:0:0:0, 5+2:0:1:0:1, 4+2:0:0:0:2, 3+1:0:0:0:1, 5+1:0:0:0:0, 3+1:0:0:0:0, 2+0:0:0:0:0, 3+1:0:0:0:0, 4+2:2:0:0:2, 3+1:0:0:0:0, 2+0:0:0:0:0, 5+3:0:0:0:2, 7+3:0:0:0:0, 4+0:0:0:0:0, 6+3:0:0:0:0, 4+0:0:0:0:0,  , 4+0:0:0:0:0, 4+0:0:0:0:0, 5+1:0:0:0:0, 4+1:0:0:0:0, 4+0:0:0:0:0, 4+1:0:0:0:0, 4+0:0:0:0:0, 5+2:0:1:0:1, 6+2:0:0:0:0, 7+3:0:0:0:2, 4+3:0:0:0:1, 8+4:1:0:0:1, 5+0:0:0:0:0, 7+6:0:0:0:1, 6+1:0:0:0:0,  , 7+2:0:0:0:0, 6+2:0:0:0:0, 5+2:0:0:0:1, 9+4:0:0:0:0, 4+1:1:0:0:1, 4+0:0:0:0:0, 3+1:0:0:0:0, 6+4:3:0:0:4, 6+2:0:1:0:0, 2+0:0:0:0:0, 7+5:0:0:0:2, 9+8:1:0:0:1, 8+2:0:0:0:1, 7+4:0:0:0:0, 7+1:0:1:0:0, 6+3:0:0:0:2, 7+5:0:0:0:0, 6+1:0:1:0:0, 4+1:0:0:0:0, 4+1:0:0:0:0, 4+0:0:0:0:0, 6+1:0:0:0:0, 5+1:0:0:0:0, 8+4:0:1:0:1, 7+1:0:0:0:0, 10+5:0:0:0:3, 8+5:0:0:0:2, 9+8:2:0:0:3, 4+0:0:0:0:0, 7+2:0:0:0:0, 5+0:0:0:0:0, 7+2:0:0:0:0, 5+2:0:0:0:0, 7+6:2:0:0:2, 7+4:0:0:0:0, 10+3:0:0:0:0, 3+1:0:0:0:0, 6+2:0:0:0:0, 6+1:0:0:0:0, 6+2:2:0:0:0, 6+4:0:0:0:0, 6+2:0:0:0:0, 8+4:0:0:0:2, 9+7:0:0:0:2, 4+0:0:0:0:0, 8+4:0:2:0:2, 5+1:0:0:0:1, 3+2:0:0:0:0, 7+1:0:0:0:0, 6+1:1:1:0:1, 7+1:0:0:0:1, 8+3:0:0:0:1, 4+0:0:0:0:0, 8+3:0:0:0:0, 8+2:0:0:0:0, 10+6:1:0:0:1, 8+2:0:0:0:0, 9+5:0:0:0:3, 7+5:0:0:0:3, 8+4:1:0:0:1, 5+0:0:0:0:0, 8+10:2:0:0:2, 8+2:0:0:0:1, 5+4:1:0:0:1, 5+1:0:0:0:0, 4+4:2:0:0:2, 6+5:0:0:0:1, 8+2:0:0:0:0, 3+1:0:0:0:0, 4+1:1:0:0:1, 4+0:0:0:0:0, 11+6:4:0:0:4, 5+2:2:0:0:1, 7+3:0:0:0:0, 9+4:0:0:0:1, 7+3:0:0:0:0, 6+1:0:0:0:0, 8+4:0:0:0:0, 7+1:0:0:0:0, 3+0:0:0:0:0, 5+0:0:0:0:0, 6+7:0:0:0:0, 6+3:0:0:0:0, 6+3:0:0:0:0, 6+3:0:0:0:0, 7+2:0:0:0:0, 6+1:0:0:0:0, 12+6:1:0:0:2, 6+3:0:0:0:0, 7+7:0:0:0:2, 8+4:0:0:0:1, 13+10:1:1:0:1, 4+0:0:0:0:0, 7+2:0:0:0:0, 8+3:0:0:0:0, 7+3:0:0:0:0, 4+1:0:0:0:0, 6+3:1:0:0:1, 7+2:0:0:0:0, 5+3:0:0:0:0, 6+5:0:0:0:1, 6+3:0:1:0:0, 5+4:1:0:0:1, 5+3:2:0:0:2, 5+1:0:0:0:0, 5+2:0:1:0:0, 6+3:0:0:0:2, 9+7:1:0:0:1, 5+0:0:0:0:0, 8+4:0:0:0:0, 6+2:0:0:0:0, 5+1:0:0:0:0, 8+4:1:0:0:1, 7+4:0:3:0:0, 6+3:0:0:0:0, 9+4:1:1:0:2, 4+0:0:0:0:0, 7+2:0:0:0:0, 8+2:0:0:0:0, 6+2:0:0:0:0, 6+2:0:0:0:0, 7+2:2:0:0:2, 5+0:0:0:0:0, 7+1:1:0:0:1, 7+1:0:0:0:0, 7+1:1:0:0:1, 5+0:0:0:0:0, 7+1:1:0:0:1, 1335+531:52:16:0:120
F# major (6#), 2+0:0:0:0:0, 2+2:0:0:0:0, 3+0:0:0:0:0, 1+0:0:0:0:0, 4+1:0:0:0:0, 3+1:0:0:0:1, 3+1:0:0:0:1, 5+3:0:0:0:0, 5+3:0:0:0:1, 4+0:0:0:0:0, 7+1:0:0:0:0, 4+6:1:0:0:1, 7+3:0:0:0:0, 5+1:0:0:0:1, 6+1:0:0:0:1, 7+4:0:0:0:0, 3+1:0:0:0:0, 2+2:0:0:0:0, 3+0:0:0:0:0,  , 0+0:0:0:0:0, 1+1:0:0:0:0, 2+4:0:0:0:0, 2+2:0:0:0:0, 3+5:0:0:0:0, 2+3:0:0:0:0, 4+1:0:0:0:0, 3+1:0:0:0:0, 6+3:0:0:0:0, 5+3:0:0:0:0, 5+5:0:0:0:1, 8+4:1:0:0:1, 6+2:0:0:0:1, 4+5:0:0:0:0, 4+2:0:0:0:0, 3+2:0:0:0:0, 3+2:0:0:0:0, 5+4:0:0:0:0, 4+1:0:0:0:1, 7+2:0:0:0:1, 5+4:0:0:0:2, 7+3:0:0:0:0, 6+3:0:0:0:2, 6+6:3:0:0:3, 5+2:1:0:0:1, 7+3:0:0:0:1, 6+4:0:0:0:2, 6+6:1:0:0:1, 2+0:0:0:0:0, 5+5:0:0:0:0, 4+1:0:0:0:0,  , 2+1:0:0:0:0, 3+4:0:0:0:0, 5+2:0:0:0:2, 5+3:0:0:0:0, 4+1:0:0:0:0, 2+2:0:0:0:0, 5+2:0:0:0:0, 4+2:0:0:0:0, 5+1:0:0:0:0, 4+4:0:0:0:3, 3+3:0:0:0:1, 6+4:1:0:0:1, 2+0:0:0:0:0, 2+2:0:0:0:0, 3+0:0:0:0:0, 1+0:0:0:0:0, 4+2:0:1:0:1, 3+2:0:0:0:2, 3+1:0:0:0:1, 5+1:0:0:0:0, 4+1:0:0:0:0, 4+0:0:0:0:0, 4+1:0:0:0:0, 4+2:2:0:0:2, 4+1:0:0:0:0, 4+0:0:0:0:0, 4+3:0:0:0:2, 5+3:0:0:0:0, 2+0:0:0:0:0, 2+3:0:0:0:0, 3+0:0:0:0:0,  , 0+0:0:0:0:0, 0+0:0:0:0:0, 2+1:0:0:0:0, 1+1:0:0:0:0, 2+0:0:0:0:0, 2+1:0:0:0:0, 3+0:0:0:0:0, 4+2:0:1:0:1, 4+2:0:0:0:0, 3+4:0:0:0:3, 3+3:0:0:0:1, 6+4:1:0:0:1, 3+0:0:0:0:0, 3+6:0:0:0:1, 4+1:0:0:0:0,  , 5+2:0:0:0:0, 5+2:0:0:0:0, 4+2:0:0:0:1, 9+4:0:0:0:0, 4+1:1:0:0:1, 6+0:0:0:0:0, 4+1:0:0:0:0, 7+4:3:0:0:4, 8+2:0:1:0:0, 4+0:0:0:0:0, 5+5:0:0:0:2, 8+7:0:0:0:0, 6+2:0:0:0:1, 3+4:0:0:0:0, 4+1:0:1:0:0, 4+3:0:0:0:2, 3+5:0:0:0:0, 1+1:0:1:0:0, 2+1:0:0:0:0, 1+1:0:0:0:0, 2+0:0:0:0:0, 4+1:0:0:0:0, 4+1:0:0:0:0, 7+4:0:1:0:1, 4+1:0:0:0:0, 6+5:0:0:0:0, 5+3:0:0:0:1, 7+8:2:0:0:3, 2+0:0:0:0:0, 3+2:0:0:0:0, 3+0:0:0:0:0, 6+2:0:0:0:0, 3+2:0:0:0:0, 6+6:0:2:0:2, 7+4:0:0:0:0, 10+3:0:0:0:0, 4+1:0:0:0:0, 9+2:0:0:0:0, 9+1:0:0:0:0, 5+2:2:0:0:0, 6+4:3:0:0:3, 9+2:0:0:0:0, 6+4:0:0:0:2, 9+7:0:0:0:2, 2+0:0:0:0:0, 4+4:0:2:0:0, 4+1:0:1:0:0, 2+2:0:1:0:1, 2+1:0:0:0:0, 1+1:1:1:0:1, 3+1:0:0:0:1, 5+3:0:0:0:1, 2+0:0:0:0:0, 6+3:0:0:0:0, 6+2:0:1:0:1, 9+5:0:0:0:0, 6+2:0:0:0:0, 6+5:0:0:0:3, 5+5:0:2:0:1, 6+4:1:0:0:1, 3+0:0:0:0:0, 8+8:0:0:0:0, 4+1:0:1:0:1, 3+3:0:0:0:0, 3+3:0:0:0:0, 5+3:1:0:0:1, 6+3:1:0:0:2, 8+2:0:0:0:0, 4+1:0:0:0:0, 6+1:1:0:0:1, 7+0:0:0:0:0, 11+6:4:0:0:4, 6+3:1:0:0:1, 9+6:2:0:0:2, 10+4:0:0:0:1, 5+3:0:0:0:0, 4+1:0:0:0:0, 4+4:0:0:0:0, 4+1:0:0:0:0, 2+0:0:0:0:0, 0+0:0:0:0:0, 2+7:0:0:0:0, 3+3:0:0:0:0, 3+3:0:0:0:0, 4+3:0:0:0:0, 4+2:0:0:0:0, 4+1:0:0:0:0, 9+6:1:0:0:2, 4+3:0:0:0:0, 5+7:0:0:0:2, 7+4:0:0:0:1, 10+10:1:1:0:1, 2+0:0:0:0:0, 3+2:0:0:0:0, 8+3:0:0:0:0, 5+3:0:0:0:0, 3+1:0:0:0:0, 6+3:0:0:0:0, 7+2:0:0:0:0, 5+3:0:0:0:0, 6+5:0:0:0:1, 8+3:0:1:0:0, 6+4:1:0:0:1, 5+3:3:0:0:3, 6+1:0:0:0:0, 9+2:0:0:0:1, 5+3:0:0:0:2, 8+6:0:0:0:0, 3+0:0:0:0:0, 4+4:0:0:0:0, 4+2:0:0:0:0, 3+1:0:0:0:0, 4+4:1:0:0:1, 3+4:0:3:0:0, 3+3:0:0:0:0, 6+4:0:0:0:1, 2+0:0:0:0:0, 5+2:0:0:0:0, 6+2:0:0:0:0, 4+2:0:0:0:0, 4+2:0:0:0:0, 6+2:0:0:0:0, 3+0:0:0:0:0, 6+1:1:0:0:1, 4+1:0:0:0:0, 6+1:1:0:0:1, 3+0:0:0:0:0, 6+1:1:0:0:1, 1005+529:44:22:0:112
Eb minor (6b), 5+0:0:0:0:0, 6+8:0:0:0:0, 4+0:0:0:0:0, 1+0:0:0:0:0, 6+1:0:0:0:0, 5+1:0:0:0:1, 3+0:0:0:0:0, 5+0:0:0:0:0, 5+1:0:0:0:1, 2+0:0:0:0:0, 4+1:0:0:0:0, 4+2:2:0:0:2, 5+5:0:0:0:0, 3+1:0:0:0:0, 6+2:0:0:0:1, 8+4:1:0:0:2, 5+1:0:0:0:0, 6+6:0:0:0:0, 4+6:0:0:0:0,  , 5+2:0:0:0:0, 5+0:0:0:0:0, 6+4:0:0:0:0, 5+2:0:0:0:0, 5+5:0:0:0:0, 4+3:0:0:0:0, 6+1:0:0:0:0, 5+4:0:0:0:0, 7+6:0:0:0:1, 8+4:0:0:0:3, 6+5:0:0:0:1, 11+4:1:0:0:1, 8+4:0:0:0:0, 8+3:0:0:0:1, 7+6:0:0:0:0, 4+2:0:0:0:0, 6+6:0:0:0:0, 7+1:0:0:0:0, 4+2:0:0:0:0, 7+1:0:0:0:0, 4+0:0:0:0:0, 4+2:0:0:0:0, 5+1:0:0:0:1, 5+3:3:0:0:3, 6+5:2:0:0:2, 4+3:1:0:0:3, 7+4:0:0:0:2, 8+6:1:0:0:1, 4+0:0:0:0:0, 11+3:0:0:0:1, 6+2:0:0:0:0,  , 7+3:0:0:0:1, 8+4:0:0:0:0, 8+2:0:0:0:2, 9+3:0:0:0:0, 7+1:0:0:0:0, 6+2:0:0:0:0, 7+2:0:0:0:0, 6+5:0:0:0:0, 8+6:0:0:0:0, 7+4:0:0:0:3, 4+3:0:0:0:1, 8+4:1:0:0:1, 4+0:0:0:0:0, 6+1:0:0:0:0, 4+0:0:0:0:0, 1+0:0:0:0:0, 5+3:0:1:0:0, 4+2:0:0:0:2, 3+0:0:0:0:0, 5+0:0:0:0:0, 3+0:0:0:0:0, 2+0:0:0:0:0, 3+0:0:0:0:0, 4+2:2:0:0:2, 3+1:0:0:0:0, 2+0:0:0:0:0, 5+3:0:0:0:2, 7+4:0:0:0:1, 4+0:0:0:0:0, 6+1:0:0:0:0, 4+2:0:0:0:0,  , 4+1:0:0:0:0, 4+0:0:0:0:0, 5+1:0:0:0:0, 4+1:0:0:0:0, 4+0:0:0:0:0, 4+1:0:0:0:0, 4+0:0:0:0:0, 5+3:0:1:0:0, 6+5:0:0:0:0, 7+3:0:0:0:2, 4+3:0:0:0:1, 8+4:1:0:0:1, 5+0:0:0:0:0, 7+1:0:0:0:0, 6+4:0:0:0:0,  , 7+7:0:0:0:0, 6+3:0:0:0:0, 5+1:0:0:0:1, 8+2:0:0:0:0, 4+1:1:0:0:1, 4+0:0:0:0:0, 3+0:0:0:0:0, 6+4:3:0:0:4, 6+2:0:1:0:0, 2+0:0:0:0:0, 7+5:0:0:0:2, 10+7:0:1:0:1, 8+2:0:0:0:0, 8+2:0:0:0:0, 7+1:0:1:0:0, 6+3:0:0:0:2, 7+5:0:0:0:2, 6+1:0:1:0:0, 4+1:0:0:0:0, 4+1:0:0:0:0, 4+0:0:0:0:0, 6+1:0:0:0:0, 5+1:0:0:0:0, 8+4:0:1:0:1, 7+1:0:0:0:0, 10+5:0:0:0:3, 8+5:0:0:0:2, 9+8:2:0:0:3, 4+0:0:0:0:0, 7+3:0:0:0:0, 5+0:0:0:0:0, 7+2:0:0:0:0, 5+5:0:0:0:2, 5+3:1:0:0:1, 7+2:0:0:0:0, 9+2:0:0:0:0, 3+0:0:0:0:0, 6+2:0:0:0:0, 6+1:0:0:0:0, 6+4:0:0:0:0, 6+3:0:0:0:0, 6+2:0:0:0:0, 8+4:0:0:0:2, 9+7:0:0:0:2, 4+0:0:0:0:0, 8+4:0:2:0:0, 5+2:0:0:0:0, 3+2:0:0:0:0, 7+2:0:1:0:0, 7+2:0:1:0:1, 7+3:0:0:0:0, 8+3:0:0:0:1, 4+0:0:0:0:0, 8+3:0:0:0:0, 8+2:0:0:0:0, 10+10:1:0:0:2, 8+7:0:0:0:1, 9+5:0:0:0:3, 7+5:0:0:0:3, 8+4:1:0:0:1, 5+0:0:0:0:0, 8+10:2:0:0:2, 8+1:0:0:0:0, 6+2:0:1:0:1, 5+2:0:0:0:1, 4+1:1:0:0:1, 6+3:0:0:0:1, 8+2:0:0:0:0, 3+0:0:0:0:0, 4+1:1:0:0:1, 4+0:0:0:0:0, 10+8:3:2:0:5, 5+3:1:0:0:1, 7+2:0:0:0:0, 9+4:0:0:0:2, 7+3:0:0:0:1, 6+1:0:0:0:0, 8+2:0:0:0:1, 7+1:0:0:0:0, 3+0:0:0:0:0, 5+0:0:0:0:0, 6+2:0:0:0:0, 6+2:0:0:0:0, 6+2:0:0:0:1, 6+3:0:0:0:0, 7+2:0:0:0:0, 6+1:0:0:0:0, 12+6:1:0:0:2, 6+5:0:0:0:0, 7+7:0:0:0:2, 8+4:0:0:0:1, 13+7:1:0:0:4, 4+0:0:0:0:0, 7+3:0:0:0:2, 8+4:0:0:0:1, 7+3:0:0:0:0, 4+1:0:0:0:1, 5+2:1:0:0:1, 7+2:0:0:0:1, 5+0:0:0:0:0, 5+2:0:1:0:2, 6+3:0:1:0:0, 5+1:1:0:0:1, 5+3:2:0:0:2, 5+1:0:0:0:0, 5+2:0:1:0:0, 6+3:0:0:0:2, 9+7:1:0:0:1, 5+0:0:0:0:0, 9+3:0:0:0:0, 6+5:0:0:0:2, 5+2:0:0:0:0, 9+3:0:0:0:0, 7+7:0:4:0:2, 6+2:0:0:0:0, 9+4:1:1:0:2, 4+0:0:0:0:0, 7+2:0:0:0:0, 8+2:0:0:0:0, 6+4:0:0:0:1, 6+8:0:0:0:0, 7+7:2:0:0:6, 5+4:0:0:0:0, 8+7:1:0:0:5, 7+6:0:0:0:0, 7+8:1:0:0:6, 5+4:0:0:0:0, 8+5:1:0:0:4, 1335+592:45:22:0:156
D# minor (6#), 2+3:0:0:0:2, 2+8:0:0:0:0, 3+0:0:0:0:0, 1+0:0:0:0:0, 4+1:0:0:0:0, 3+1:0:0:0:1, 3+0:0:0:0:0, 5+0:0:0:0:0, 5+1:0:0:0:1, 4+0:0:0:0:0, 7+1:0:0:0:0, 4+2:2:0:0:2, 7+5:0:0:0:0, 5+1:0:0:0:0, 6+2:0:0:0:1, 7+4:0:0:0:1, 3+1:0:0:0:0, 2+6:0:0:0:0, 3+6:0:0:0:0,  , 0+0:0:0:0:0, 1+1:0:0:0:0, 2+4:0:0:0:0, 2+2:0:0:0:0, 3+5:0:0:0:0, 2+3:0:0:0:0, 4+1:0:0:0:0, 3+4:0:0:0:0, 5+6:0:1:0:0, 5+4:0:0:0:3, 5+5:0:0:0:1, 8+4:1:0:0:1, 6+4:0:0:0:0, 5+3:0:0:0:1, 4+6:0:0:0:0, 3+2:0:0:0:0, 3+6:0:0:0:0, 5+1:0:0:0:0, 4+2:0:0:0:0, 7+1:0:0:0:0, 5+0:0:0:0:0, 7+2:0:0:0:0, 6+1:0:0:0:1, 6+3:3:0:0:3, 5+5:2:0:0:2, 7+3:1:0:0:3, 6+4:0:0:0:2, 6+6:1:0:0:1, 2+0:0:0:0:0, 6+3:0:0:0:1, 4+2:0:0:0:0,  , 3+1:0:0:0:0, 3+6:0:0:0:2, 5+2:0:0:0:2, 5+3:0:0:0:0, 4+1:0:0:0:0, 2+2:0:0:0:0, 5+2:0:0:0:0, 4+5:0:0:0:0, 5+6:0:0:0:0, 4+4:0:0:0:3, 3+3:0:0:0:1, 6+4:1:0:0:1, 2+0:0:0:0:0, 2+1:0:0:0:0, 3+0:0:0:0:0, 1+0:0:0:0:0, 4+3:0:1:0:0, 3+2:0:0:0:2, 3+0:0:0:0:0, 5+0:0:0:0:0, 4+0:0:0:0:0, 4+0:0:0:0:0, 4+0:0:0:0:0, 4+2:2:0:0:2, 4+1:0:0:0:0, 4+0:0:0:0:0, 4+3:0:0:0:2, 5+4:0:0:0:1, 2+0:0:0:0:0, 2+1:0:0:0:0, 3+2:0:0:0:0,  , 0+0:0:0:0:0, 0+0:0:0:0:0, 2+1:0:0:0:0, 1+1:0:0:0:0, 2+0:0:0:0:0, 2+1:0:0:0:0, 3+0:0:0:0:0, 4+3:0:1:0:0, 4+5:0:0:0:0, 3+4:0:0:0:3, 3+3:0:0:0:1, 6+4:1:0:0:1, 3+0:0:0:0:0, 3+1:0:0:0:0, 4+4:0:0:0:0,  , 5+7:0:0:0:0, 5+3:0:0:0:0, 4+1:0:0:0:1, 8+2:0:0:0:0, 4+1:1:0:0:1, 6+0:0:0:0:0, 4+0:0:0:0:0, 7+4:3:0:0:4, 8+2:0:1:0:0, 4+0:0:0:0:0, 5+5:0:0:0:2, 8+7:0:0:0:2, 6+2:0:0:0:0, 4+2:0:0:0:0, 4+1:0:1:0:0, 4+3:0:0:0:2, 3+5:0:0:0:2, 1+1:0:1:0:0, 2+1:0:0:0:0, 1+1:0:0:0:0, 2+0:0:0:0:0, 4+1:0:0:0:0, 4+1:0:0:0:0, 7+4:0:1:0:1, 4+1:0:0:0:0, 7+5:0:0:0:3, 5+3:0:0:0:3, 7+8:2:0:0:3, 2+0:0:0:0:0, 3+3:0:0:0:0, 3+0:0:0:0:0, 5+2:0:1:0:1, 3+5:0:0:0:2, 6+3:3:0:0:3, 7+2:0:0:0:0, 9+2:0:0:0:0, 4+0:0:0:0:0, 9+2:0:0:0:0, 9+1:0:0:0:0, 5+4:0:0:0:0, 6+3:3:0:0:3, 9+2:0:0:0:0, 6+4:0:0:0:2, 9+7:0:0:0:2, 2+0:0:0:0:0, 4+4:0:2:0:0, 4+1:0:1:0:0, 2+1:0:1:0:0, 2+1:0:0:0:1, 1+2:1:1:0:1, 3+1:0:0:0:1, 5+3:0:0:0:1, 2+0:0:0:0:0, 6+3:0:0:0:0, 6+2:0:1:0:1, 8+10:1:1:0:1, 6+7:0:0:0:1, 6+5:0:0:0:3, 5+5:0:2:0:1, 6+4:1:0:0:1, 3+0:0:0:0:0, 8+8:0:0:0:0, 4+1:0:1:0:1, 3+2:0:1:0:1, 3+2:0:0:0:1, 5+1:1:0:0:1, 6+3:1:0:0:2, 8+2:0:0:0:0, 4+0:0:0:0:0, 6+1:1:0:0:1, 7+0:0:0:0:0, 11+8:4:2:0:6, 6+3:1:0:0:1, 10+2:0:0:0:0, 10+4:0:0:0:2, 5+3:0:0:0:1, 4+1:0:0:0:0, 4+2:0:0:0:1, 4+5:0:0:0:3, 3+1:0:0:0:0, 0+0:0:0:0:0, 2+10:0:2:0:5, 3+3:0:0:0:0, 3+3:0:0:0:0, 4+3:0:0:0:0, 4+2:0:0:0:0, 4+1:0:0:0:0, 9+6:1:0:0:2, 4+5:0:0:0:0, 5+7:0:0:0:2, 7+4:0:0:0:1, 10+7:1:0:0:4, 2+0:0:0:0:0, 3+3:0:0:0:2, 8+4:0:0:0:1, 5+3:0:0:0:0, 3+1:0:0:0:1, 6+2:1:0:0:1, 7+2:0:0:0:1, 5+0:0:0:0:0, 6+2:0:1:0:2, 8+3:0:1:0:0, 6+1:1:0:0:1, 5+3:3:0:0:3, 6+1:0:0:0:0, 9+2:0:0:0:1, 5+3:0:0:0:2, 8+6:0:0:0:0, 3+0:0:0:0:0, 5+3:0:0:0:0, 4+2:0:0:0:0, 3+1:0:0:0:0, 4+4:1:0:0:2, 3+4:0:3:0:0, 3+3:0:0:0:0, 6+4:0:0:0:1, 2+0:0:0:0:0, 5+2:0:0:0:0, 6+2:0:0:0:0, 4+4:0:0:0:1, 4+8:0:0:0:0, 6+7:0:0:0:4, 3+4:0:0:0:0, 7+7:1:0:0:5, 4+6:0:0:0:0, 6+8:1:0:0:6, 3+4:0:0:0:0, 7+5:1:0:0:4, 1010+594:48:28:0:170
Eb minor mel (6b),  ,  ,  ,  ,  ,  ,  ,  ,  ,  ,  ,  ,  ,  ,  ,  ,  ,  ,  ,  ,  ,  ,  ,  ,  ,  ,  ,  ,  ,  ,  ,  ,  ,  ,  ,  ,  ,  ,  ,  ,  ,  ,  ,  ,  ,  ,  ,  ,  ,  ,  ,  ,  ,  ,  ,  ,  ,  ,  ,  ,  ,  ,  ,  ,  ,  ,  ,  ,  ,  ,  ,  ,  ,  ,  ,  ,  ,  ,  ,  ,  ,  ,  ,  ,  ,  ,  ,  ,  ,  ,  ,  ,  ,  ,  ,  ,  ,  ,  ,  ,  ,  ,  ,  ,  ,  ,  ,  ,  ,  ,  ,  ,  ,  ,  ,  ,  ,  ,  ,  ,  ,  ,  ,  ,  ,  ,  ,  ,  ,  ,  ,  ,  ,  ,  ,  ,  ,  ,  ,  ,  ,  ,  ,  ,  ,  ,  ,  ,  ,  ,  ,  ,  ,  ,  ,  ,  ,  ,  ,  ,  ,  ,  ,  ,  ,  ,  ,  ,  ,  ,  ,  ,  ,  ,  ,  ,  ,  ,  ,  ,  ,  ,  ,  ,  ,  ,  ,  ,  ,  ,  ,  ,  ,  ,  ,  ,  ,  ,  ,  ,  ,  ,  ,  ,  ,  ,  ,  ,  ,  ,  ,  ,  ,  ,  ,  ,  ,  ,  ,  ,  ,  ,  ,  ,  ,  ,  ,  , 0+0:0:0:0:0
D# minor mel (6#),  ,  ,  ,  ,  ,  ,  ,  ,  ,  ,  ,  ,  ,  ,  ,  ,  ,  ,  ,  ,  ,  ,  ,  ,  ,  ,  ,  ,  ,  ,  ,  ,  ,  ,  ,  ,  ,  ,  ,  ,  ,  ,  ,  ,  ,  ,  ,  ,  ,  ,  ,  ,  ,  ,  ,  ,  ,  ,  ,  ,  ,  ,  ,  ,  ,  ,  ,  ,  ,  ,  ,  ,  ,  ,  ,  ,  ,  ,  ,  ,  ,  ,  ,  ,  ,  ,  ,  ,  ,  ,  ,  ,  ,  ,  ,  ,  ,  ,  ,  ,  ,  ,  ,  ,  ,  ,  ,  ,  ,  ,  ,  ,  ,  ,  ,  ,  ,  ,  ,  ,  ,  ,  ,  ,  ,  ,  ,  ,  ,  ,  ,  ,  ,  ,  ,  ,  ,  ,  ,  ,  ,  ,  ,  ,  ,  ,  ,  ,  ,  ,  ,  ,  ,  ,  ,  ,  ,  ,  ,  ,  ,  ,  ,  ,  ,  ,  ,  ,  ,  ,  ,  ,  ,  ,  ,  ,  ,  ,  ,  ,  ,  ,  ,  ,  ,  ,  ,  ,  ,  ,  ,  ,  ,  ,  ,  ,  ,  ,  ,  ,  ,  ,  ,  ,  ,  ,  ,  ,  ,  ,  ,  ,  ,  ,  ,  ,  ,  ,  ,  ,  ,  ,  ,  ,  ,  ,  ,  , 0+0:0:0:0:0
Gb major blues (6b),  ,  ,  ,  ,  ,  ,  ,  ,  ,  ,  ,  ,  ,  ,  ,  ,  ,  ,  ,  ,  ,  ,  ,  ,  ,  ,  ,  ,  ,  ,  ,  ,  ,  ,  ,  ,  ,  ,  ,  ,  ,  ,  ,  ,  ,  ,  ,  ,  ,  ,  ,  ,  ,  ,  ,  ,  ,  ,  ,  ,  ,  ,  ,  ,  ,  ,  ,  ,  ,  ,  ,  ,  ,  ,  ,  ,  ,  ,  ,  ,  ,  ,  ,  ,  ,  ,  ,  ,  ,  ,  ,  ,  ,  ,  ,  ,  ,  ,  ,  ,  ,  ,  ,  ,  ,  ,  ,  ,  ,  ,  ,  ,  ,  ,  ,  ,  ,  ,  ,  ,  ,  ,  ,  ,  ,  ,  ,  ,  ,  ,  ,  ,  ,  ,  ,  ,  ,  ,  ,  ,  ,  ,  ,  ,  ,  ,  ,  ,  ,  ,  ,  ,  ,  ,  ,  ,  ,  ,  ,  ,  ,  ,  ,  ,  ,  ,  ,  ,  ,  ,  ,  ,  ,  ,  ,  ,  ,  ,  ,  ,  ,  ,  ,  ,  ,  ,  ,  ,  ,  ,  ,  ,  ,  ,  ,  ,  ,  ,  ,  ,  ,  ,  ,  ,  ,  ,  ,  ,  ,  ,  ,  ,  ,  ,  ,  ,  ,  ,  ,  ,  ,  ,  ,  ,  ,  ,  ,  , 0+0:0:0:0:0
F# major blues (6#),  ,  ,  ,  ,  ,  ,  ,  ,  ,  ,  ,  ,  ,  ,  ,  ,  ,  ,  ,  ,  ,  ,  ,  ,  ,  ,  ,  ,  ,  ,  ,  ,  ,  ,  ,  ,  ,  ,  ,  ,  ,  ,  ,  ,  ,  ,  ,  ,  ,  ,  ,  ,  ,  ,  ,  ,  ,  ,  ,  ,  ,  ,  ,  ,  ,  ,  ,  ,  ,  ,  ,  ,  ,  ,  ,  ,  ,  ,  ,  ,  ,  ,  ,  ,  ,  ,  ,  ,  ,  ,  ,  ,  ,  ,  ,  ,  ,  ,  ,  ,  ,  ,  ,  ,  ,  ,  ,  ,  ,  ,  ,  ,  ,  ,  ,  ,  ,  ,  ,  ,  ,  ,  ,  ,  ,  ,  ,  ,  ,  ,  ,  ,  ,  ,  ,  ,  ,  ,  ,  ,  ,  ,  ,  ,  ,  ,  ,  ,  ,  ,  ,  ,  ,  ,  ,  ,  ,  ,  ,  ,  ,  ,  ,  ,  ,  ,  ,  ,  ,  ,  ,  ,  ,  ,  ,  ,  ,  ,  ,  ,  ,  ,  ,  ,  ,  ,  ,  ,  ,  ,  ,  ,  ,  ,  ,  ,  ,  ,  ,  ,  ,  ,  ,  ,  ,  ,  ,  ,  ,  ,  ,  ,  ,  ,  ,  ,  ,  ,  ,  ,  ,  ,  ,  ,  ,  ,  ,  , 0+0:0:0:0:0
Eb minor blues (6b),  ,  ,  ,  ,  ,  ,  ,  ,  ,  ,  ,  ,  ,  ,  ,  ,  ,  ,  ,  ,  ,  ,  ,  ,  ,  ,  ,  ,  ,  ,  ,  ,  ,  ,  ,  ,  ,  ,  ,  ,  ,  ,  ,  ,  ,  ,  ,  ,  ,  ,  ,  ,  ,  ,  ,  ,  ,  ,  ,  ,  ,  ,  ,  ,  ,  ,  ,  ,  ,  ,  ,  ,  ,  ,  ,  ,  ,  ,  ,  ,  ,  ,  ,  ,  ,  ,  ,  ,  ,  ,  ,  ,  ,  ,  ,  ,  ,  ,  ,  ,  ,  ,  ,  ,  ,  ,  ,  ,  ,  ,  ,  ,  ,  ,  ,  ,  ,  ,  ,  ,  ,  ,  ,  ,  ,  ,  ,  ,  ,  ,  ,  ,  ,  ,  ,  ,  ,  ,  ,  ,  ,  ,  ,  ,  ,  ,  ,  ,  ,  ,  ,  ,  ,  ,  ,  ,  ,  ,  ,  ,  ,  ,  ,  ,  ,  ,  ,  ,  ,  ,  ,  ,  ,  ,  ,  ,  ,  ,  ,  ,  ,  ,  ,  ,  ,  ,  ,  ,  ,  ,  ,  ,  ,  ,  ,  ,  ,  ,  ,  ,  ,  ,  ,  ,  ,  ,  ,  ,  ,  ,  ,  ,  ,  ,  ,  ,  ,  ,  ,  ,  ,  ,  ,  ,  ,  ,  ,  , 0+0:0:0:0:0
D# minor blues (6#),  ,  ,  ,  ,  ,  ,  ,  ,  ,  ,  ,  ,  ,  ,  ,  ,  ,  ,  ,  ,  ,  ,  ,  ,  ,  ,  ,  ,  ,  ,  ,  ,  ,  ,  ,  ,  ,  ,  ,  ,  ,  ,  ,  ,  ,  ,  ,  ,  ,  ,  ,  ,  ,  ,  ,  ,  ,  ,  ,  ,  ,  ,  ,  ,  ,  ,  ,  ,  ,  ,  ,  ,  ,  ,  ,  ,  ,  ,  ,  ,  ,  ,  ,  ,  ,  ,  ,  ,  ,  ,  ,  ,  ,  ,  ,  ,  ,  ,  ,  ,  ,  ,  ,  ,  ,  ,  ,  ,  ,  ,  ,  ,  ,  ,  ,  ,  ,  ,  ,  ,  ,  ,  ,  ,  ,  ,  ,  ,  ,  ,  ,  ,  ,  ,  ,  ,  ,  ,  ,  ,  ,  ,  ,  ,  ,  ,  ,  ,  ,  ,  ,  ,  ,  ,  ,  ,  ,  ,  ,  ,  ,  ,  ,  ,  ,  ,  ,  ,  ,  ,  ,  ,  ,  ,  ,  ,  ,  ,  ,  ,  ,  ,  ,  ,  ,  ,  ,  ,  ,  ,  ,  ,  ,  ,  ,  ,  ,  ,  ,  ,  ,  ,  ,  ,  ,  ,  ,  ,  ,  ,  ,  ,  ,  ,  ,  ,  ,  ,  ,  ,  ,  ,  ,  ,  ,  ,  ,  , 0+0:0:0:0:0
Gb dorian (6b),  ,  ,  ,  ,  ,  ,  ,  ,  ,  ,  ,  ,  ,  ,  ,  ,  ,  ,  ,  ,  ,  ,  ,  ,  ,  ,  ,  ,  ,  ,  ,  ,  ,  ,  ,  ,  ,  ,  ,  ,  ,  ,  ,  ,  ,  ,  ,  ,  ,  ,  ,  ,  ,  ,  ,  ,  ,  ,  ,  ,  ,  ,  ,  ,  ,  ,  ,  ,  ,  ,  ,  ,  ,  ,  ,  ,  ,  ,  ,  ,  ,  ,  ,  ,  ,  ,  ,  ,  ,  ,  ,  ,  ,  ,  ,  ,  ,  ,  ,  ,  ,  ,  ,  ,  ,  ,  ,  ,  ,  ,  ,  ,  ,  ,  ,  ,  ,  ,  ,  ,  ,  ,  ,  ,  ,  ,  ,  ,  ,  ,  ,  ,  ,  ,  ,  ,  ,  ,  ,  ,  ,  ,  ,  ,  ,  ,  ,  ,  ,  ,  ,  ,  ,  ,  ,  ,  ,  ,  ,  ,  ,  ,  ,  ,  ,  ,  ,  ,  ,  ,  ,  ,  ,  ,  ,  ,  ,  ,  ,  ,  ,  ,  ,  ,  ,  ,  ,  ,  ,  ,  ,  ,  ,  ,  ,  ,  ,  ,  ,  ,  ,  ,  ,  ,  ,  ,  ,  ,  ,  ,  ,  ,  ,  ,  ,  ,  ,  ,  ,  ,  ,  ,  ,  ,  ,  ,  ,  , 0+0:0:0:0:0
F# dorian (6#),  ,  ,  ,  ,  ,  ,  ,  ,  ,  ,  ,  ,  ,  ,  ,  ,  ,  ,  ,  ,  ,  ,  ,  ,  ,  ,  ,  ,  ,  ,  ,  ,  ,  ,  ,  ,  ,  ,  ,  ,  ,  ,  ,  ,  ,  ,  ,  ,  ,  ,  ,  ,  ,  ,  ,  ,  ,  ,  ,  ,  ,  ,  ,  ,  ,  ,  ,  ,  ,  ,  ,  ,  ,  ,  ,  ,  ,  ,  ,  ,  ,  ,  ,  ,  ,  ,  ,  ,  ,  ,  ,  ,  ,  ,  ,  ,  ,  ,  ,  ,  ,  ,  ,  ,  ,  ,  ,  ,  ,  ,  ,  ,  ,  ,  ,  ,  ,  ,  ,  ,  ,  ,  ,  ,  ,  ,  ,  ,  ,  ,  ,  ,  ,  ,  ,  ,  ,  ,  ,  ,  ,  ,  ,  ,  ,  ,  ,  ,  ,  ,  ,  ,  ,  ,  ,  ,  ,  ,  ,  ,  ,  ,  ,  ,  ,  ,  ,  ,  ,  ,  ,  ,  ,  ,  ,  ,  ,  ,  ,  ,  ,  ,  ,  ,  ,  ,  ,  ,  ,  ,  ,  ,  ,  ,  ,  ,  ,  ,  ,  ,  ,  ,  ,  ,  ,  ,  ,  ,  ,  ,  ,  ,  ,  ,  ,  ,  ,  ,  ,  ,  ,  ,  ,  ,  ,  ,  ,  , 0+0:0:0:0:0
Gb phrygian (6b),  ,  ,  ,  ,  ,  ,  ,  ,  ,  ,  ,  ,  ,  ,  ,  ,  ,  ,  ,  ,  ,  ,  ,  ,  ,  ,  ,  ,  ,  ,  ,  ,  ,  ,  ,  ,  ,  ,  ,  ,  ,  ,  ,  ,  ,  ,  ,  ,  ,  ,  ,  ,  ,  ,  ,  ,  ,  ,  ,  ,  ,  ,  ,  ,  ,  ,  ,  ,  ,  ,  ,  ,  ,  ,  ,  ,  ,  ,  ,  ,  ,  ,  ,  ,  ,  ,  ,  ,  ,  ,  ,  ,  ,  ,  ,  ,  ,  ,  ,  ,  ,  ,  ,  ,  ,  ,  ,  ,  ,  ,  ,  ,  ,  ,  ,  ,  ,  ,  ,  ,  ,  ,  ,  ,  ,  ,  ,  ,  ,  ,  ,  ,  ,  ,  ,  ,  ,  ,  ,  ,  ,  ,  ,  ,  ,  ,  ,  ,  ,  ,  ,  ,  ,  ,  ,  ,  ,  ,  ,  ,  ,  ,  ,  ,  ,  ,  ,  ,  ,  ,  ,  ,  ,  ,  ,  ,  ,  ,  ,  ,  ,  ,  ,  ,  ,  ,  ,  ,  ,  ,  ,  ,  ,  ,  ,  ,  ,  ,  ,  ,  ,  ,  ,  ,  ,  ,  ,  ,  ,  ,  ,  ,  ,  ,  ,  ,  ,  ,  ,  ,  ,  ,  ,  ,  ,  ,  ,  , 0+0:0:0:0:0
F# phrygian (6#),  ,  ,  ,  ,  ,  ,  ,  ,  ,  ,  ,  ,  ,  ,  ,  ,  ,  ,  ,  ,  ,  ,  ,  ,  ,  ,  ,  ,  ,  ,  ,  ,  ,  ,  ,  ,  ,  ,  ,  ,  ,  ,  ,  ,  ,  ,  ,  ,  ,  ,  ,  ,  ,  ,  ,  ,  ,  ,  ,  ,  ,  ,  ,  ,  ,  ,  ,  ,  ,  ,  ,  ,  ,  ,  ,  ,  ,  ,  ,  ,  ,  ,  ,  ,  ,  ,  ,  ,  ,  ,  ,  ,  ,  ,  ,  ,  ,  ,  ,  ,  ,  ,  ,  ,  ,  ,  ,  ,  ,  ,  ,  ,  ,  ,  ,  ,  ,  ,  ,  ,  ,  ,  ,  ,  ,  ,  ,  ,  ,  ,  ,  ,  ,  ,  ,  ,  ,  ,  ,  ,  ,  ,  ,  ,  ,  ,  ,  ,  ,  ,  ,  ,  ,  ,  ,  ,  ,  ,  ,  ,  ,  ,  ,  ,  ,  ,  ,  ,  ,  ,  ,  ,  ,  ,  ,  ,  ,  ,  ,  ,  ,  ,  ,  ,  ,  ,  ,  ,  ,  ,  ,  ,  ,  ,  ,  ,  ,  ,  ,  ,  ,  ,  ,  ,  ,  ,  ,  ,  ,  ,  ,  ,  ,  ,  ,  ,  ,  ,  ,  ,  ,  ,  ,  ,  ,  ,  ,  , 0+0:0:0:0:0
Gb lydian (6b),  ,  ,  ,  ,  ,  ,  ,  ,  ,  ,  ,  ,  ,  ,  ,  ,  ,  ,  ,  ,  ,  ,  ,  ,  ,  ,  ,  ,  ,  ,  ,  ,  ,  ,  ,  ,  ,  ,  ,  ,  ,  ,  ,  ,  ,  ,  ,  ,  ,  ,  ,  ,  ,  ,  ,  ,  ,  ,  ,  ,  ,  ,  ,  ,  ,  ,  ,  ,  ,  ,  ,  ,  ,  ,  ,  ,  ,  ,  ,  ,  ,  ,  ,  ,  ,  ,  ,  ,  ,  ,  ,  ,  ,  ,  ,  ,  ,  ,  ,  ,  ,  ,  ,  ,  ,  ,  ,  ,  ,  ,  ,  ,  ,  ,  ,  ,  ,  ,  ,  ,  ,  ,  ,  ,  ,  ,  ,  ,  ,  ,  ,  ,  ,  ,  ,  ,  ,  ,  ,  ,  ,  ,  ,  ,  ,  ,  ,  ,  ,  ,  ,  ,  ,  ,  ,  ,  ,  ,  ,  ,  ,  ,  ,  ,  ,  ,  ,  ,  ,  ,  ,  ,  ,  ,  ,  ,  ,  ,  ,  ,  ,  ,  ,  ,  ,  ,  ,  ,  ,  ,  ,  ,  ,  ,  ,  ,  ,  ,  ,  ,  ,  ,  ,  ,  ,  ,  ,  ,  ,  ,  ,  ,  ,  ,  ,  ,  ,  ,  ,  ,  ,  ,  ,  ,  ,  ,  ,  , 0+0:0:0:0:0
F# lydian (6#),  ,  ,  ,  ,  ,  ,  ,  ,  ,  ,  ,  ,  ,  ,  ,  ,  ,  ,  ,  ,  ,  ,  ,  ,  ,  ,  ,  ,  ,  ,  ,  ,  ,  ,  ,  ,  ,  ,  ,  ,  ,  ,  ,  ,  ,  ,  ,  ,  ,  ,  ,  ,  ,  ,  ,  ,  ,  ,  ,  ,  ,  ,  ,  ,  ,  ,  ,  ,  ,  ,  ,  ,  ,  ,  ,  ,  ,  ,  ,  ,  ,  ,  ,  ,  ,  ,  ,  ,  ,  ,  ,  ,  ,  ,  ,  ,  ,  ,  ,  ,  ,  ,  ,  ,  ,  ,  ,  ,  ,  ,  ,  ,  ,  ,  ,  ,  ,  ,  ,  ,  ,  ,  ,  ,  ,  ,  ,  ,  ,  ,  ,  ,  ,  ,  ,  ,  ,  ,  ,  ,  ,  ,  ,  ,  ,  ,  ,  ,  ,  ,  ,  ,  ,  ,  ,  ,  ,  ,  ,  ,  ,  ,  ,  ,  ,  ,  ,  ,  ,  ,  ,  ,  ,  ,  ,  ,  ,  ,  ,  ,  ,  ,  ,  ,  ,  ,  ,  ,  ,  ,  ,  ,  ,  ,  ,  ,  ,  ,  ,  ,  ,  ,  ,  ,  ,  ,  ,  ,  ,  ,  ,  ,  ,  ,  ,  ,  ,  ,  ,  ,  ,  ,  ,  ,  ,  ,  ,  , 0+0:0:0:0:0
Gb mixolydian (6b),  ,  ,  ,  ,  ,  ,  ,  ,  ,  ,  ,  ,  ,  ,  ,  ,  ,  ,  ,  ,  ,  ,  ,  ,  ,  ,  ,  ,  ,  ,  ,  ,  ,  ,  ,  ,  ,  ,  ,  ,  ,  ,  ,  ,  ,  ,  ,  ,  ,  ,  ,  ,  ,  ,  ,  ,  ,  ,  ,  ,  ,  ,  ,  ,  ,  ,  ,  ,  ,  ,  ,  ,  ,  ,  ,  ,  ,  ,  ,  ,  ,  ,  ,  ,  ,  ,  ,  ,  ,  ,  ,  ,  ,  ,  ,  ,  ,  ,  ,  ,  ,  ,  ,  ,  ,  ,  ,  ,  ,  ,  ,  ,  ,  ,  ,  ,  ,  ,  ,  ,  ,  ,  ,  ,  ,  ,  ,  ,  ,  ,  ,  ,  ,  ,  ,  ,  ,  ,  ,  ,  ,  ,  ,  ,  ,  ,  ,  ,  ,  ,  ,  ,  ,  ,  ,  ,  ,  ,  ,  ,  ,  ,  ,  ,  ,  ,  ,  ,  ,  ,  ,  ,  ,  ,  ,  ,  ,  ,  ,  ,  ,  ,  ,  ,  ,  ,  ,  ,  ,  ,  ,  ,  ,  ,  ,  ,  ,  ,  ,  ,  ,  ,  ,  ,  ,  ,  ,  ,  ,  ,  ,  ,  ,  ,  ,  ,  ,  ,  ,  ,  ,  ,  ,  ,  ,  ,  ,  , 0+0:0:0:0:0
F# mixolydian (6#),  ,  ,  ,  ,  ,  ,  ,  ,  ,  ,  ,  ,  ,  ,  ,  ,  ,  ,  ,  ,  ,  ,  ,  ,  ,  ,  ,  ,  ,  ,  ,  ,  ,  ,  ,  ,  ,  ,  ,  ,  ,  ,  ,  ,  ,  ,  ,  ,  ,  ,  ,  ,  ,  ,  ,  ,  ,  ,  ,  ,  ,  ,  ,  ,  ,  ,  ,  ,  ,  ,  ,  ,  ,  ,  ,  ,  ,  ,  ,  ,  ,  ,  ,  ,  ,  ,  ,  ,  ,  ,  ,  ,  ,  ,  ,  ,  ,  ,  ,  ,  ,  ,  ,  ,  ,  ,  ,  ,  ,  ,  ,  ,  ,  ,  ,  ,  ,  ,  ,  ,  ,  ,  ,  ,  ,  ,  ,  ,  ,  ,  ,  ,  ,  ,  ,  ,  ,  ,  ,  ,  ,  ,  ,  ,  ,  ,  ,  ,  ,  ,  ,  ,  ,  ,  ,  ,  ,  ,  ,  ,  ,  ,  ,  ,  ,  ,  ,  ,  ,  ,  ,  ,  ,  ,  ,  ,  ,  ,  ,  ,  ,  ,  ,  ,  ,  ,  ,  ,  ,  ,  ,  ,  ,  ,  ,  ,  ,  ,  ,  ,  ,  ,  ,  ,  ,  ,  ,  ,  ,  ,  ,  ,  ,  ,  ,  ,  ,  ,  ,  ,  ,  ,  ,  ,  ,  ,  ,  , 0+0:0:0:0:0
Gb aeolian (6b),  ,  ,  ,  ,  ,  ,  ,  ,  ,  ,  ,  ,  ,  ,  ,  ,  ,  ,  ,  ,  ,  ,  ,  ,  ,  ,  ,  ,  ,  ,  ,  ,  ,  ,  ,  ,  ,  ,  ,  ,  ,  ,  ,  ,  ,  ,  ,  ,  ,  ,  ,  ,  ,  ,  ,  ,  ,  ,  ,  ,  ,  ,  ,  ,  ,  ,  ,  ,  ,  ,  ,  ,  ,  ,  ,  ,  ,  ,  ,  ,  ,  ,  ,  ,  ,  ,  ,  ,  ,  ,  ,  ,  ,  ,  ,  ,  ,  ,  ,  ,  ,  ,  ,  ,  ,  ,  ,  ,  ,  ,  ,  ,  ,  ,  ,  ,  ,  ,  ,  ,  ,  ,  ,  ,  ,  ,  ,  ,  ,  ,  ,  ,  ,  ,  ,  ,  ,  ,  ,  ,  ,  ,  ,  ,  ,  ,  ,  ,  ,  ,  ,  ,  ,  ,  ,  ,  ,  ,  ,  ,  ,  ,  ,  ,  ,  ,  ,  ,  ,  ,  ,  ,  ,  ,  ,  ,  ,  ,  ,  ,  ,  ,  ,  ,  ,  ,  ,  ,  ,  ,  ,  ,  ,  ,  ,  ,  ,  ,  ,  ,  ,  ,  ,  ,  ,  ,  ,  ,  ,  ,  ,  ,  ,  ,  ,  ,  ,  ,  ,  ,  ,  ,  ,  ,  ,  ,  ,  , 0+0:0:0:0:0
F# aeolian (6#),  ,  ,  ,  ,  ,  ,  ,  ,  ,  ,  ,  ,  ,  ,  ,  ,  ,  ,  ,  ,  ,  ,  ,  ,  ,  ,  ,  ,  ,  ,  ,  ,  ,  ,  ,  ,  ,  ,  ,  ,  ,  ,  ,  ,  ,  ,  ,  ,  ,  ,  ,  ,  ,  ,  ,  ,  ,  ,  ,  ,  ,  ,  ,  ,  ,  ,  ,  ,  ,  ,  ,  ,  ,  ,  ,  ,  ,  ,  ,  ,  ,  ,  ,  ,  ,  ,  ,  ,  ,  ,  ,  ,  ,  ,  ,  ,  ,  ,  ,  ,  ,  ,  ,  ,  ,  ,  ,  ,  ,  ,  ,  ,  ,  ,  ,  ,  ,  ,  ,  ,  ,  ,  ,  ,  ,  ,  ,  ,  ,  ,  ,  ,  ,  ,  ,  ,  ,  ,  ,  ,  ,  ,  ,  ,  ,  ,  ,  ,  ,  ,  ,  ,  ,  ,  ,  ,  ,  ,  ,  ,  ,  ,  ,  ,  ,  ,  ,  ,  ,  ,  ,  ,  ,  ,  ,  ,  ,  ,  ,  ,  ,  ,  ,  ,  ,  ,  ,  ,  ,  ,  ,  ,  ,  ,  ,  ,  ,  ,  ,  ,  ,  ,  ,  ,  ,  ,  ,  ,  ,  ,  ,  ,  ,  ,  ,  ,  ,  ,  ,  ,  ,  ,  ,  ,  ,  ,  ,  , 0+0:0:0:0:0
Gb locrian (6b),  ,  ,  ,  ,  ,  ,  ,  ,  ,  ,  ,  ,  ,  ,  ,  ,  ,  ,  ,  ,  ,  ,  ,  ,  ,  ,  ,  ,  ,  ,  ,  ,  ,  ,  ,  ,  ,  ,  ,  ,  ,  ,  ,  ,  ,  ,  ,  ,  ,  ,  ,  ,  ,  ,  ,  ,  ,  ,  ,  ,  ,  ,  ,  ,  ,  ,  ,  ,  ,  ,  ,  ,  ,  ,  ,  ,  ,  ,  ,  ,  ,  ,  ,  ,  ,  ,  ,  ,  ,  ,  ,  ,  ,  ,  ,  ,  ,  ,  ,  ,  ,  ,  ,  ,  ,  ,  ,  ,  ,  ,  ,  ,  ,  ,  ,  ,  ,  ,  ,  ,  ,  ,  ,  ,  ,  ,  ,  ,  ,  ,  ,  ,  ,  ,  ,  ,  ,  ,  ,  ,  ,  ,  ,  ,  ,  ,  ,  ,  ,  ,  ,  ,  ,  ,  ,  ,  ,  ,  ,  ,  ,  ,  ,  ,  ,  ,  ,  ,  ,  ,  ,  ,  ,  ,  ,  ,  ,  ,  ,  ,  ,  ,  ,  ,  ,  ,  ,  ,  ,  ,  ,  ,  ,  ,  ,  ,  ,  ,  ,  ,  ,  ,  ,  ,  ,  ,  ,  ,  ,  ,  ,  ,  ,  ,  ,  ,  ,  ,  ,  ,  ,  ,  ,  ,  ,  ,  ,  , 0+0:0:0:0:0
F# locrian (6#),  ,  ,  ,  ,  ,  ,  ,  ,  ,  ,  ,  ,  ,  ,  ,  ,  ,  ,  ,  ,  ,  ,  ,  ,  ,  ,  ,  ,  ,  ,  ,  ,  ,  ,  ,  ,  ,  ,  ,  ,  ,  ,  ,  ,  ,  ,  ,  ,  ,  ,  ,  ,  ,  ,  ,  ,  ,  ,  ,  ,  ,  ,  ,  ,  ,  ,  ,  ,  ,  ,  ,  ,  ,  ,  ,  ,  ,  ,  ,  ,  ,  ,  ,  ,  ,  ,  ,  ,  ,  ,  ,  ,  ,  ,  ,  ,  ,  ,  ,  ,  ,  ,  ,  ,  ,  ,  ,  ,  ,  ,  ,  ,  ,  ,  ,  ,  ,  ,  ,  ,  ,  ,  ,  ,  ,  ,  ,  ,  ,  ,  ,  ,  ,  ,  ,  ,  ,  ,  ,  ,  ,  ,  ,  ,  ,  ,  ,  ,  ,  ,  ,  ,  ,  ,  ,  ,  ,  ,  ,  ,  ,  ,  ,  ,  ,  ,  ,  ,  ,  ,  ,  ,  ,  ,  ,  ,  ,  ,  ,  ,  ,  ,  ,  ,  ,  ,  ,  ,  ,  ,  ,  ,  ,  ,  ,  ,  ,  ,  ,  ,  ,  ,  ,  ,  ,  ,  ,  ,  ,  ,  ,  ,  ,  ,  ,  ,  ,  ,  ,  ,  ,  ,  ,  ,  ,  ,  ,  , 0+0:0:0:0:0
Cb major (7b), 5+0:0:0:0:0, 6+2:0:0:0:0, 4+0:0:0:0:0, 1+0:0:0:0:0, 6+1:0:0:0:0, 5+2:0:0:0:0, 4+1:0:0:0:1, 6+4:0:0:0:0, 5+3:0:0:0:1, 3+0:0:0:0:0, 4+8:0:0:0:1, 4+6:1:0:0:1, 6+1:0:0:0:0, 4+2:0:0:0:1, 7+1:0:0:0:1, 8+5:1:0:0:1, 5+1:0:0:0:0, 6+3:0:0:0:0, 4+0:0:0:0:0,  , 5+0:0:0:0:0, 5+2:0:1:0:1, 6+1:0:0:0:0, 5+1:0:0:0:0, 5+1:0:0:0:0, 4+3:0:0:0:0, 6+1:0:0:0:0, 5+1:0:0:0:0, 7+3:0:0:0:0, 8+3:0:0:0:0, 7+2:0:0:0:0, 11+4:1:0:0:1, 8+2:0:0:0:1, 8+5:0:0:0:0, 7+2:0:0:0:0, 4+2:0:0:0:0, 6+2:0:0:0:0, 7+2:0:0:0:0, 5+2:0:0:0:0, 8+2:0:0:0:1, 4+4:0:0:0:2, 5+2:0:0:0:1, 6+3:0:0:0:2, 5+6:3:0:0:3, 7+2:1:0:0:1, 5+3:0:0:0:2, 8+3:0:0:0:1, 8+6:1:0:0:1, 4+0:0:0:0:0, 10+5:0:0:0:0, 6+1:0:0:0:0,  , 7+1:0:0:0:0, 8+3:0:1:0:0, 8+2:0:0:0:0, 9+3:0:2:0:2, 7+1:0:0:0:1, 6+2:0:0:0:0, 7+2:0:0:0:0, 6+2:0:0:0:0, 8+1:0:0:0:0, 7+0:0:0:0:0, 5+3:0:0:0:1, 8+4:1:0:0:1, 4+0:0:0:0:0, 6+3:0:0:0:0, 4+0:0:0:0:0, 1+0:0:0:0:0, 5+2:0:1:0:1, 4+1:0:0:0:0, 4+1:0:0:0:1, 6+4:0:0:0:0, 3+3:0:0:0:2, 3+0:0:0:0:0, 3+3:0:0:0:2, 5+3:1:0:0:1, 3+0:0:0:0:0, 3+1:0:0:0:1, 6+2:0:0:0:0, 7+3:0:0:0:0, 4+0:0:0:0:0, 6+3:0:0:0:0, 4+0:0:0:0:0,  , 4+0:0:0:0:0, 4+2:0:2:0:0, 5+2:0:0:0:0, 4+2:0:0:0:0, 4+1:0:0:0:0, 4+1:0:0:0:0, 4+0:0:0:0:0, 5+2:0:1:0:1, 6+2:0:0:0:0, 6+3:0:0:0:0, 5+1:0:0:0:0, 8+4:1:0:0:1, 5+0:0:0:0:0, 7+3:0:0:0:0, 6+1:0:0:0:0,  , 7+2:0:0:0:0, 6+2:0:0:0:0, 6+2:0:0:0:1, 10+4:0:0:0:0, 5+1:1:0:0:1, 5+1:0:0:0:0, 3+2:0:0:0:1, 7+4:2:0:0:2, 7+2:0:1:0:1, 4+1:0:0:0:1, 7+4:0:0:0:1, 9+8:1:0:0:1, 8+2:0:0:0:1, 7+4:0:0:0:0, 7+1:0:1:0:0, 6+3:0:0:0:0, 7+3:0:0:0:0, 6+1:0:0:0:0, 4+1:0:0:0:0, 4+1:0:0:0:0, 4+2:0:0:0:0, 6+1:0:0:0:0, 5+1:0:0:0:0, 8+4:0:1:0:1, 7+1:0:0:0:0, 9+5:0:0:0:0, 9+3:0:0:0:1, 9+8:2:0:0:3, 4+0:0:0:0:0, 7+2:0:0:0:0, 5+0:0:0:0:0, 7+2:0:0:0:0, 5+2:0:0:0:0, 7+6:2:0:0:2, 8+3:0:0:0:0, 11+3:0:0:0:0, 3+3:0:0:0:2, 7+5:0:0:0:2, 7+6:0:0:0:1, 6+5:2:0:0:2, 6+4:0:0:0:3, 7+2:0:0:0:0, 9+4:0:0:0:2, 10+7:0:0:0:2, 4+0:0:0:0:0, 8+4:0:2:0:2, 6+1:0:0:0:0, 4+2:0:0:0:0, 7+2:0:0:0:0, 6+2:1:1:0:1, 7+3:0:0:0:0, 8+4:0:0:0:3, 4+1:0:0:0:0, 8+3:0:0:0:0, 8+3:0:0:0:0, 10+6:1:0:0:1, 8+2:0:0:0:0, 8+1:0:0:0:0, 8+5:0:0:0:3, 8+4:1:0:0:1, 5+0:0:0:0:0, 8+10:2:0:0:2, 8+2:0:0:0:1, 6+3:0:1:0:1, 5+1:0:0:0:0, 4+3:1:0:0:0, 7+5:0:0:0:1, 9+2:0:0:0:0, 3+3:0:0:0:2, 5+1:1:0:0:0, 5+3:0:0:0:0, 11+6:4:0:0:4, 5+3:2:0:0:2, 7+6:2:0:0:2, 10+4:0:0:0:1, 7+3:0:0:0:0, 6+1:0:0:0:0, 8+4:0:0:0:0, 7+1:0:0:0:0, 3+0:0:0:0:0, 5+0:0:0:0:0, 6+2:0:2:0:2, 6+2:0:0:0:0, 6+1:0:0:0:0, 6+3:0:0:0:0, 6+3:1:0:0:1, 6+2:0:0:0:0, 12+6:1:0:0:2, 6+3:0:0:0:0, 7+1:0:0:0:0, 9+4:0:0:0:1, 13+10:1:1:0:1, 4+0:0:0:0:0, 7+6:0:0:0:0, 9+2:0:0:0:0, 7+3:0:0:0:0, 4+1:0:0:0:0, 6+3:1:0:0:1, 8+6:0:0:0:0, 6+4:0:0:0:0, 7+5:0:0:0:1, 7+2:0:1:0:1, 5+5:1:0:0:0, 5+4:1:0:0:1, 5+1:0:0:0:0, 7+7:0:0:0:4, 7+2:0:0:0:0, 9+7:1:0:0:1, 5+0:0:0:0:0, 8+4:0:0:0:0, 6+2:0:0:0:0, 5+1:0:0:0:0, 9+3:0:0:0:0, 7+2:0:0:0:0, 6+2:0:0:0:0, 9+4:0:0:0:3, 4+1:0:0:0:0, 7+2:0:0:0:0, 8+2:0:0:0:0, 6+2:0:0:0:0, 6+2:0:0:0:0, 7+2:2:0:0:2, 5+0:0:0:0:0, 7+1:1:0:0:1, 7+1:0:0:0:0, 7+1:1:0:0:1, 5+0:0:0:0:0, 7+1:1:0:0:1, 1386+553:48:19:0:121
C# major (7#), 3+9:0:0:0:0, 3+8:0:0:0:0, 4+0:0:0:0:0, 1+0:0:0:0:0, 5+7:0:0:0:1, 4+1:0:0:0:1, 4+1:0:0:0:1, 6+4:0:0:0:0, 6+1:0:0:0:1, 4+0:0:0:0:0, 7+1:0:0:0:0, 4+2:2:0:0:2, 7+5:0:0:0:0, 5+1:0:0:0:0, 7+5:1:0:0:3, 7+3:1:0:0:1, 4+2:0:0:0:0, 3+6:0:0:0:0, 4+6:0:0:0:0,  , 1+2:0:0:0:0, 2+2:0:0:0:0, 3+4:0:0:0:0, 3+2:0:0:0:0, 4+5:0:0:0:0, 3+3:0:0:0:0, 5+1:0:0:0:0, 3+4:0:0:0:0, 7+3:0:0:0:0, 6+4:0:0:0:3, 6+5:0:0:0:1, 9+4:1:0:0:1, 7+1:0:0:0:0, 4+3:0:0:0:1, 5+6:0:0:0:0, 3+3:0:0:0:3, 4+7:0:0:0:4, 6+2:0:0:0:0, 5+2:0:0:0:0, 8+3:0:0:0:0, 5+0:0:0:0:0, 7+2:0:0:0:0, 7+1:0:0:0:1, 6+3:3:0:0:3, 5+5:2:0:0:2, 7+3:1:0:0:3, 7+4:0:0:0:2, 6+6:1:0:0:1, 3+0:0:0:0:0, 6+3:1:1:0:2, 5+2:0:0:0:0,  , 3+3:0:0:0:1, 4+5:0:0:0:0, 5+2:0:0:0:2, 6+3:0:0:0:0, 5+1:0:0:0:0, 3+2:0:0:0:0, 6+2:0:0:0:0, 5+5:0:0:0:0, 6+6:0:0:0:0, 5+4:0:0:0:3, 4+3:0:0:0:1, 6+4:1:0:0:1, 3+1:0:0:0:0, 3+0:0:0:0:0, 4+1:0:0:0:0, 1+0:0:0:0:0, 3+1:0:0:0:1, 3+2:0:0:0:2, 4+1:0:0:0:1, 6+4:0:0:0:0, 4+0:0:0:0:0, 4+0:0:0:0:0, 4+0:0:0:0:0, 4+2:2:0:0:2, 4+1:0:0:0:0, 4+0:0:0:0:0, 5+3:0:0:0:2, 5+4:0:0:0:1, 3+0:0:0:0:0, 3+1:0:0:0:0, 4+4:0:0:0:0,  , 1+1:0:0:0:0, 1+1:0:0:0:0, 2+0:0:0:0:0, 2+1:0:0:0:0, 3+0:0:0:0:0, 3+1:0:0:0:0, 4+0:0:0:0:0, 3+3:0:1:0:0, 5+5:0:0:0:0, 4+3:0:0:0:2, 4+3:0:0:0:1, 6+4:1:0:0:1, 4+0:0:0:0:0, 4+1:0:0:0:0, 5+4:0:0:0:0,  , 6+7:0:0:0:0, 5+2:0:0:0:0, 5+3:1:0:0:1, 9+3:0:0:0:1, 4+1:1:0:0:1, 6+0:0:0:0:0, 4+0:0:0:0:0, 7+4:3:0:0:4, 8+2:0:1:0:0, 4+0:0:0:0:0, 6+5:0:0:0:2, 7+7:0:1:0:1, 7+4:0:0:0:0, 4+1:0:0:0:0, 5+4:0:1:0:1, 5+3:0:0:0:2, 4+5:0:0:0:2, 2+1:0:0:0:0, 2+0:0:0:0:0, 2+1:0:0:0:0, 3+0:0:0:0:0, 5+1:0:0:0:0, 5+1:0:0:0:0, 6+4:0:1:0:1, 5+1:0:0:0:0, 8+5:0:0:0:3, 6+3:0:0:0:3, 7+8:2:0:0:3, 3+1:0:0:0:0, 4+1:0:0:0:0, 4+1:0:0:0:0, 7+2:0:0:0:0, 4+5:0:0:0:2, 6+3:3:0:0:3, 8+3:2:0:0:2, 10+5:0:0:0:0, 4+0:0:0:0:0, 9+2:0:0:0:0, 9+1:0:0:0:0, 5+3:2:0:0:2, 6+4:3:0:0:3, 9+2:0:0:0:0, 7+4:0:0:0:2, 9+7:0:0:0:2, 3+2:0:0:0:0, 5+2:0:2:0:2, 5+3:0:1:0:1, 2+1:0:1:0:0, 3+2:0:0:0:0, 2+2:1:1:0:1, 3+1:0:0:0:1, 6+3:0:0:0:1, 3+0:0:0:0:0, 7+3:0:0:0:0, 8+3:0:0:0:0, 7+10:1:1:0:1, 7+7:0:0:0:1, 7+5:0:0:0:3, 6+5:0:2:0:1, 6+4:1:0:0:1, 4+2:0:0:0:0, 6+5:1:1:0:2, 6+3:0:0:0:0, 3+2:0:1:0:1, 4+2:0:0:0:1, 5+1:1:0:0:1, 7+3:1:0:0:2, 9+4:0:0:0:0, 4+0:0:0:0:0, 6+1:1:0:0:1, 7+0:0:0:0:0, 11+8:4:2:0:6, 6+3:1:0:0:1, 10+2:0:0:0:0, 11+11:2:0:0:7, 5+2:0:0:0:0, 5+2:0:0:0:0, 5+2:0:0:0:0, 5+3:0:0:0:0, 2+0:0:0:0:0, 1+0:0:0:0:0, 3+7:0:0:0:0, 3+2:0:0:0:0, 4+2:0:0:0:1, 5+3:0:0:0:0, 5+2:0:0:0:0, 5+2:0:0:0:0, 10+6:1:0:0:2, 5+5:0:0:0:0, 6+7:0:0:0:2, 8+4:0:0:0:1, 11+7:1:0:0:4, 3+0:0:0:0:0, 4+3:0:0:0:2, 9+3:0:0:0:0, 6+1:0:0:0:0, 3+1:0:0:0:1, 6+2:1:0:0:1, 8+3:1:0:0:1, 6+1:0:0:0:0, 7+2:0:1:0:2, 8+3:0:1:0:0, 6+1:1:0:0:1, 5+3:3:0:0:3, 6+1:0:0:0:0, 9+2:0:0:0:1, 6+3:0:0:0:2, 7+6:1:0:0:4, 4+2:0:0:0:0, 5+2:0:0:0:0, 5+2:0:0:0:0, 4+0:0:0:0:0, 5+4:1:0:0:2, 4+2:0:0:0:0, 3+1:0:0:0:1, 7+4:0:0:0:1, 3+0:0:0:0:0, 6+2:0:0:0:0, 7+2:0:0:0:0, 3+4:0:1:0:0, 5+8:0:0:0:0, 7+6:0:0:0:3, 4+4:0:0:0:0, 6+1:1:0:0:1, 5+1:0:0:0:0, 6+1:1:0:0:1, 4+0:0:0:0:0, 6+1:1:0:0:1, 1142+607:61:21:0:172
Ab minor (7b), 5+0:0:0:0:0, 6+8:0:0:0:0, 4+0:0:0:0:0, 1+0:0:0:0:0, 6+1:0:0:0:0, 5+2:0:0:0:0, 4+1:0:0:0:1, 6+4:0:0:0:0, 5+1:0:0:0:1, 3+0:0:0:0:0, 4+2:0:0:0:1, 4+2:2:0:0:2, 6+1:0:0:0:0, 4+1:0:0:0:1, 7+7:1:0:0:5, 8+5:1:0:0:1, 5+1:0:0:0:0, 6+6:0:0:0:0, 4+0:0:0:0:0,  , 5+0:0:0:0:0, 5+2:0:1:0:0, 6+1:0:0:0:0, 5+1:0:0:0:0, 5+1:0:0:0:0, 4+3:0:0:0:0, 6+1:0:0:0:0, 5+1:0:0:0:0, 7+3:0:0:0:0, 8+4:0:0:0:3, 7+5:0:0:0:1, 11+4:1:0:0:1, 8+4:0:0:0:0, 8+3:0:0:0:1, 7+2:0:0:0:0, 4+2:0:0:0:0, 6+2:0:0:0:0, 7+4:0:0:0:0, 5+1:0:0:0:1, 8+3:0:0:0:0, 4+1:0:0:0:0, 5+2:0:0:0:0, 6+1:0:0:0:1, 5+3:3:0:0:3, 6+2:2:0:0:2, 5+3:1:0:0:3, 8+4:0:0:0:2, 8+6:1:0:0:1, 4+0:0:0:0:0, 11+3:0:0:0:1, 6+1:0:0:0:0,  , 7+3:0:0:0:1, 7+5:2:2:0:3, 8+2:0:0:0:2, 9+3:0:0:0:0, 7+1:0:0:0:0, 6+2:0:0:0:0, 7+2:0:0:0:0, 6+2:0:0:0:0, 8+1:0:0:0:0, 7+4:0:0:0:3, 5+3:0:0:0:1, 8+4:1:0:0:1, 4+0:0:0:0:0, 6+1:0:0:0:0, 4+0:0:0:0:0, 1+0:0:0:0:0, 5+2:0:1:0:1, 4+3:0:0:0:0, 4+1:0:0:0:1, 6+3:0:0:0:0, 3+1:0:0:0:0, 3+0:0:0:0:0, 3+1:0:0:0:0, 4+2:2:0:0:2, 3+0:0:0:0:0, 3+0:0:0:0:0, 6+3:0:0:0:2, 7+3:0:0:0:0, 4+0:0:0:0:0, 6+1:0:0:0:0, 4+0:0:0:0:0,  , 4+0:0:0:0:0, 4+2:0:2:0:0, 5+2:0:0:0:0, 4+2:0:0:0:0, 4+2:0:0:0:0, 4+1:0:0:0:0, 4+0:0:0:0:0, 5+2:0:1:0:1, 6+2:0:0:0:0, 7+3:0:0:0:2, 5+3:0:0:0:1, 8+4:1:0:0:1, 5+0:0:0:0:0, 7+1:0:0:0:0, 6+1:0:0:0:0,  , 7+2:0:0:0:0, 6+3:0:0:0:0, 6+3:0:0:0:2, 9+3:0:0:0:0, 4+1:1:0:0:1, 5+0:0:0:0:0, 3+1:0:0:0:0, 6+4:3:0:0:4, 7+1:0:1:0:1, 3+0:0:0:0:0, 8+5:0:0:0:2, 9+8:1:0:0:1, 8+2:0:0:0:0, 8+2:0:0:0:0, 7+1:0:1:0:0, 5+3:1:1:0:3, 7+5:0:0:0:2, 6+1:0:0:0:0, 4+0:0:0:0:0, 4+1:0:0:0:0, 4+0:0:0:0:0, 6+1:0:0:0:0, 5+1:0:0:0:0, 8+4:0:1:0:1, 7+1:0:0:0:0, 10+5:0:0:0:3, 9+3:0:0:0:3, 9+8:2:0:0:3, 4+0:0:0:0:0, 7+3:0:0:0:0, 5+0:0:0:0:0, 7+2:0:0:0:0, 5+2:0:0:0:0, 7+6:2:0:0:2, 8+3:0:0:0:0, 10+5:0:0:0:0, 3+1:0:0:0:0, 7+2:0:0:0:0, 7+2:0:0:0:0, 6+4:2:0:0:2, 6+3:0:0:0:0, 7+2:0:0:0:0, 9+4:0:0:0:2, 10+7:0:0:0:2, 4+0:0:0:0:0, 8+4:0:2:0:0, 6+1:0:0:0:1, 4+2:0:0:0:0, 7+2:0:1:0:0, 7+2:0:1:0:1, 7+3:0:0:0:0, 8+4:0:0:0:0, 4+1:0:0:0:0, 8+3:0:0:0:0, 8+2:0:0:0:0, 10+6:1:0:0:1, 8+2:0:0:0:0, 9+5:0:0:0:3, 8+5:0:0:0:3, 8+4:1:0:0:1, 5+0:0:0:0:0, 8+10:2:0:0:2, 8+1:0:0:0:0, 6+2:0:1:0:1, 5+2:0:0:0:1, 4+3:1:0:0:1, 7+3:0:0:0:1, 9+4:0:0:0:0, 3+1:0:0:0:0, 5+1:1:0:0:1, 5+1:0:0:0:0, 11+9:4:0:0:4, 5+2:1:0:0:1, 8+2:0:0:0:0, 10+11:2:0:0:7, 7+1:0:0:0:0, 6+1:0:0:0:0, 8+2:0:0:0:1, 7+1:0:0:0:0, 3+0:0:0:0:0, 5+0:0:0:0:0, 6+7:0:2:0:0, 6+3:0:0:0:0, 6+3:0:0:0:0, 6+3:0:0:0:0, 7+2:0:0:0:0, 6+1:0:0:0:0, 12+6:1:0:0:2, 6+3:0:0:0:0, 7+7:0:0:0:2, 9+4:0:0:0:1, 13+10:1:1:0:1, 4+0:0:0:0:0, 7+3:0:0:0:2, 9+4:0:0:0:1, 7+3:0:0:0:0, 4+1:0:0:0:0, 6+3:1:0:0:1, 8+4:0:0:0:1, 6+4:0:0:0:0, 6+2:0:1:0:2, 7+1:0:1:0:1, 5+4:1:0:0:1, 5+3:2:0:0:2, 5+0:0:0:0:0, 6+2:0:1:0:0, 7+3:0:0:0:2, 9+7:1:0:0:1, 5+0:0:0:0:0, 9+3:0:0:0:0, 6+2:0:0:0:0, 5+1:0:0:0:0, 8+4:1:0:0:2, 7+2:0:0:0:1, 6+1:0:0:0:1, 9+4:1:1:0:2, 4+0:0:0:0:0, 7+2:0:0:0:0, 8+2:0:0:0:0, 6+2:0:0:0:0, 6+2:0:0:0:0, 7+2:2:0:0:2, 5+0:0:0:0:0, 7+1:1:0:0:1, 7+1:0:0:0:0, 7+1:1:0:0:1, 5+0:0:0:0:0, 7+1:1:0:0:1, 1384+535:57:23:0:149
A# minor (7#), 3+2:0:0:0:2, 3+8:0:0:0:0, 4+0:0:0:0:0, 1+0:0:0:0:0, 5+2:0:0:0:1, 4+0:0:0:0:0, 4+2:0:0:0:0, 6+1:0:0:0:0, 6+1:0:0:0:1, 4+0:0:0:0:0, 7+1:0:0:0:0, 4+2:2:0:0:2, 7+1:0:0:0:0, 5+1:0:0:0:0, 7+5:1:0:0:3, 7+2:1:0:0:0, 4+0:0:0:0:0, 3+6:0:0:0:0, 6+2:0:0:0:2,  , 1+6:0:0:0:0, 3+6:0:0:0:0, 3+4:0:0:0:0, 3+2:0:0:0:0, 4+5:0:0:0:0, 3+2:0:0:0:0, 5+1:0:0:0:1, 3+1:0:0:0:0, 7+2:0:0:0:0, 6+4:0:0:0:3, 6+5:0:0:0:1, 9+3:1:0:0:1, 7+1:0:0:0:1, 4+3:0:0:0:1, 5+6:0:0:0:0, 3+3:0:0:0:3, 4+7:0:0:0:4, 6+0:0:0:0:0, 5+2:0:0:0:0, 8+3:0:0:0:0, 5+0:0:0:0:0, 7+2:0:0:0:0, 7+1:0:0:0:1, 6+3:3:0:0:3, 5+2:2:0:0:2, 7+3:1:0:0:1, 7+3:0:0:0:2, 6+2:1:0:0:0, 3+0:0:0:0:0, 6+3:1:1:0:2, 5+5:0:0:0:1,  , 4+1:0:0:0:0, 4+6:0:0:0:2, 5+2:0:0:0:2, 6+3:0:0:0:0, 5+5:0:0:0:0, 3+4:0:0:0:0, 6+2:0:0:0:0, 5+5:0:0:0:0, 6+6:0:0:0:0, 5+4:0:0:0:3, 4+3:0:0:0:1, 6+2:1:0:0:0, 3+0:0:0:0:0, 3+0:0:0:0:0, 4+0:0:0:0:0, 1+0:0:0:0:0, 3+3:0:1:0:1, 3+0:0:0:0:0, 4+2:0:0:0:0, 6+3:0:0:0:0, 4+0:0:0:0:0, 4+0:0:0:0:0, 4+0:0:0:0:0, 4+2:2:0:0:2, 4+0:0:0:0:0, 4+0:0:0:0:0, 5+2:0:0:0:2, 5+1:0:0:0:0, 3+0:0:0:0:0, 3+1:0:0:0:0, 4+4:0:0:0:4,  , 1+0:0:0:0:0, 1+1:0:0:0:0, 2+0:0:0:0:0, 2+1:0:0:0:0, 3+0:0:0:0:0, 3+2:0:0:0:0, 4+3:0:0:0:0, 3+1:0:0:0:1, 5+5:0:0:0:0, 4+3:0:0:0:2, 4+3:0:0:0:1, 6+2:1:0:0:0, 4+0:0:0:0:0, 4+1:0:0:0:0, 5+0:0:0:0:0,  , 6+4:0:0:0:1, 5+0:0:0:0:0, 5+3:1:0:0:1, 9+3:0:0:0:0, 4+1:1:0:0:1, 6+0:0:0:0:0, 4+0:0:0:0:0, 7+4:3:0:0:4, 8+1:0:1:0:1, 4+0:0:0:0:0, 6+2:0:0:0:2, 8+3:1:0:0:2, 7+1:0:0:0:1, 4+2:1:1:0:1, 5+5:0:1:0:2, 5+3:0:0:0:2, 4+5:0:0:0:2, 2+4:0:1:0:0, 2+0:0:0:0:0, 2+1:0:0:0:0, 3+0:0:0:0:0, 5+1:0:0:0:0, 5+1:0:0:0:1, 5+3:3:1:0:3, 5+4:0:0:0:4, 7+4:0:0:0:3, 6+5:0:0:0:3, 7+4:2:0:0:0, 3+0:0:0:0:0, 4+1:0:0:0:0, 4+0:0:0:0:0, 7+1:0:0:0:0, 4+2:0:0:0:0, 6+3:3:0:0:3, 8+2:0:0:0:0, 10+5:0:0:0:0, 4+0:0:0:0:0, 9+2:0:0:0:0, 9+1:0:0:0:0, 5+2:2:0:0:0, 6+3:3:0:0:3, 9+2:0:0:0:1, 6+3:0:0:0:2, 9+4:3:0:0:3, 3+0:0:0:0:0, 5+2:0:2:0:2, 5+1:0:1:0:1, 2+1:0:1:0:0, 3+1:0:0:0:1, 2+2:1:1:0:1, 3+1:0:0:0:1, 6+3:0:0:0:1, 3+0:0:0:0:0, 7+3:0:0:0:0, 8+2:0:0:0:0, 7+6:1:1:0:3, 7+2:0:0:0:0, 6+3:0:0:0:3, 7+3:0:0:0:1, 6+2:1:0:0:0, 4+0:0:0:0:0, 6+5:1:1:0:2, 6+2:0:0:0:1, 4+3:2:1:0:2, 4+1:0:0:0:0, 5+1:1:0:0:1, 7+3:1:0:0:2, 9+4:0:0:0:0, 4+0:0:0:0:0, 6+1:1:0:0:1, 7+0:0:0:0:0, 11+8:4:2:0:6, 6+3:1:0:0:1, 10+2:0:0:0:0, 11+11:2:0:0:7, 5+1:0:0:0:0, 5+0:0:0:0:0, 5+2:0:0:0:1, 5+5:0:0:0:3, 3+1:0:0:0:0, 1+0:0:0:0:0, 5+6:2:0:0:2, 3+2:0:0:0:0, 4+2:0:0:0:1, 5+0:0:0:0:0, 5+3:0:0:0:0, 5+0:0:0:0:0, 10+6:0:0:0:3, 5+1:0:0:0:0, 6+2:0:0:0:2, 8+6:0:0:0:4, 11+5:1:1:0:2, 3+0:0:0:0:0, 4+2:0:0:0:0, 9+1:0:0:0:0, 6+1:0:0:0:1, 3+1:0:0:0:0, 6+2:1:0:0:1, 8+2:0:0:0:1, 6+1:0:0:0:0, 7+2:0:1:0:2, 8+1:0:1:0:1, 6+1:1:0:0:1, 5+3:3:0:0:3, 6+1:0:0:0:0, 9+5:0:0:0:1, 6+5:0:0:0:0, 7+6:1:0:0:4, 4+2:0:0:0:0, 6+3:0:0:0:0, 5+6:0:0:0:0, 4+3:0:0:0:2, 5+4:1:0:0:2, 4+9:0:3:0:1, 3+1:0:0:0:1, 7+4:0:0:0:1, 3+0:0:0:0:0, 6+2:0:0:0:0, 6+2:2:0:0:0, 4+1:0:0:0:0, 5+2:0:0:0:0, 6+4:2:0:0:2, 4+2:0:0:0:0, 6+2:1:0:0:1, 5+1:0:0:0:0, 6+4:1:0:0:3, 4+4:0:0:0:0, 6+4:3:0:0:3, 1148+516:75:23:0:191
Ab minor mel (7b),  ,  ,  ,  ,  ,  ,  ,  ,  ,  ,  ,  ,  ,  ,  ,  ,  ,  ,  ,  ,  ,  ,  ,  ,  ,  ,  ,  ,  ,  ,  ,  ,  ,  ,  ,  ,  ,  ,  ,  ,  ,  ,  ,  ,  ,  ,  ,  ,  ,  ,  ,  ,  ,  ,  ,  ,  ,  ,  ,  ,  ,  ,  ,  ,  ,  ,  ,  ,  ,  ,  ,  ,  ,  ,  ,  ,  ,  ,  ,  ,  ,  ,  ,  ,  ,  ,  ,  ,  ,  ,  ,  ,  ,  ,  ,  ,  ,  ,  ,  ,  ,  ,  ,  ,  ,  ,  ,  ,  ,  ,  ,  ,  ,  ,  ,  ,  ,  ,  ,  ,  ,  ,  ,  ,  ,  ,  ,  ,  ,  ,  ,  ,  ,  ,  ,  ,  ,  ,  ,  ,  ,  ,  ,  ,  ,  ,  ,  ,  ,  ,  ,  ,  ,  ,  ,  ,  ,  ,  ,  ,  ,  ,  ,  ,  ,  ,  ,  ,  ,  ,  ,  ,  ,  ,  ,  ,  ,  ,  ,  ,  ,  ,  ,  ,  ,  ,  ,  ,  ,  ,  ,  ,  ,  ,  ,  ,  ,  ,  ,  ,  ,  ,  ,  ,  ,  ,  ,  ,  ,  ,  ,  ,  ,  ,  ,  ,  ,  ,  ,  ,  ,  ,  ,  ,  ,  ,  ,  , 0+0:0:0:0:0
A# minor mel (7#),  ,  ,  ,  ,  ,  ,  ,  ,  ,  ,  ,  ,  ,  ,  ,  ,  ,  ,  ,  ,  ,  ,  ,  ,  ,  ,  ,  ,  ,  ,  ,  ,  ,  ,  ,  ,  ,  ,  ,  ,  ,  ,  ,  ,  ,  ,  ,  ,  ,  ,  ,  ,  ,  ,  ,  ,  ,  ,  ,  ,  ,  ,  ,  ,  ,  ,  ,  ,  ,  ,  ,  ,  ,  ,  ,  ,  ,  ,  ,  ,  ,  ,  ,  ,  ,  ,  ,  ,  ,  ,  ,  ,  ,  ,  ,  ,  ,  ,  ,  ,  ,  ,  ,  ,  ,  ,  ,  ,  ,  ,  ,  ,  ,  ,  ,  ,  ,  ,  ,  ,  ,  ,  ,  ,  ,  ,  ,  ,  ,  ,  ,  ,  ,  ,  ,  ,  ,  ,  ,  ,  ,  ,  ,  ,  ,  ,  ,  ,  ,  ,  ,  ,  ,  ,  ,  ,  ,  ,  ,  ,  ,  ,  ,  ,  ,  ,  ,  ,  ,  ,  ,  ,  ,  ,  ,  ,  ,  ,  ,  ,  ,  ,  ,  ,  ,  ,  ,  ,  ,  ,  ,  ,  ,  ,  ,  ,  ,  ,  ,  ,  ,  ,  ,  ,  ,  ,  ,  ,  ,  ,  ,  ,  ,  ,  ,  ,  ,  ,  ,  ,  ,  ,  ,  ,  ,  ,  ,  , 0+0:0:0:0:0
Cb major blues (7b),  ,  ,  ,  ,  ,  ,  ,  ,  ,  ,  ,  ,  ,  ,  ,  ,  ,  ,  ,  ,  ,  ,  ,  ,  ,  ,  ,  ,  ,  ,  ,  ,  ,  ,  ,  ,  ,  ,  ,  ,  ,  ,  ,  ,  ,  ,  ,  ,  ,  ,  ,  ,  ,  ,  ,  ,  ,  ,  ,  ,  ,  ,  ,  ,  ,  ,  ,  ,  ,  ,  ,  ,  ,  ,  ,  ,  ,  ,  ,  ,  ,  ,  ,  ,  ,  ,  ,  ,  ,  ,  ,  ,  ,  ,  ,  ,  ,  ,  ,  ,  ,  ,  ,  ,  ,  ,  ,  ,  ,  ,  ,  ,  ,  ,  ,  ,  ,  ,  ,  ,  ,  ,  ,  ,  ,  ,  ,  ,  ,  ,  ,  ,  ,  ,  ,  ,  ,  ,  ,  ,  ,  ,  ,  ,  ,  ,  ,  ,  ,  ,  ,  ,  ,  ,  ,  ,  ,  ,  ,  ,  ,  ,  ,  ,  ,  ,  ,  ,  ,  ,  ,  ,  ,  ,  ,  ,  ,  ,  ,  ,  ,  ,  ,  ,  ,  ,  ,  ,  ,  ,  ,  ,  ,  ,  ,  ,  ,  ,  ,  ,  ,  ,  ,  ,  ,  ,  ,  ,  ,  ,  ,  ,  ,  ,  ,  ,  ,  ,  ,  ,  ,  ,  ,  ,  ,  ,  ,  , 0+0:0:0:0:0
C# major blues (7#),  ,  ,  ,  ,  ,  ,  ,  ,  ,  ,  ,  ,  ,  ,  ,  ,  ,  ,  ,  ,  ,  ,  ,  ,  ,  ,  ,  ,  ,  ,  ,  ,  ,  ,  ,  ,  ,  ,  ,  ,  ,  ,  ,  ,  ,  ,  ,  ,  ,  ,  ,  ,  ,  ,  ,  ,  ,  ,  ,  ,  ,  ,  ,  ,  ,  ,  ,  ,  ,  ,  ,  ,  ,  ,  ,  ,  ,  ,  ,  ,  ,  ,  ,  ,  ,  ,  ,  ,  ,  ,  ,  ,  ,  ,  ,  ,  ,  ,  ,  ,  ,  ,  ,  ,  ,  ,  ,  ,  ,  ,  ,  ,  ,  ,  ,  ,  ,  ,  ,  ,  ,  ,  ,  ,  ,  ,  ,  ,  ,  ,  ,  ,  ,  ,  ,  ,  ,  ,  ,  ,  ,  ,  ,  ,  ,  ,  ,  ,  ,  ,  ,  ,  ,  ,  ,  ,  ,  ,  ,  ,  ,  ,  ,  ,  ,  ,  ,  ,  ,  ,  ,  ,  ,  ,  ,  ,  ,  ,  ,  ,  ,  ,  ,  ,  ,  ,  ,  ,  ,  ,  ,  ,  ,  ,  ,  ,  ,  ,  ,  ,  ,  ,  ,  ,  ,  ,  ,  ,  ,  ,  ,  ,  ,  ,  ,  ,  ,  ,  ,  ,  ,  ,  ,  ,  ,  ,  ,  , 0+0:0:0:0:0
Ab minor blues (7b),  ,  ,  ,  ,  ,  ,  ,  ,  ,  ,  ,  ,  ,  ,  ,  ,  ,  ,  ,  ,  ,  ,  ,  ,  ,  ,  ,  ,  ,  ,  ,  ,  ,  ,  ,  ,  ,  ,  ,  ,  ,  ,  ,  ,  ,  ,  ,  ,  ,  ,  ,  ,  ,  ,  ,  ,  ,  ,  ,  ,  ,  ,  ,  ,  ,  ,  ,  ,  ,  ,  ,  ,  ,  ,  ,  ,  ,  ,  ,  ,  ,  ,  ,  ,  ,  ,  ,  ,  ,  ,  ,  ,  ,  ,  ,  ,  ,  ,  ,  ,  ,  ,  ,  ,  ,  ,  ,  ,  ,  ,  ,  ,  ,  ,  ,  ,  ,  ,  ,  ,  ,  ,  ,  ,  ,  ,  ,  ,  ,  ,  ,  ,  ,  ,  ,  ,  ,  ,  ,  ,  ,  ,  ,  ,  ,  ,  ,  ,  ,  ,  ,  ,  ,  ,  ,  ,  ,  ,  ,  ,  ,  ,  ,  ,  ,  ,  ,  ,  ,  ,  ,  ,  ,  ,  ,  ,  ,  ,  ,  ,  ,  ,  ,  ,  ,  ,  ,  ,  ,  ,  ,  ,  ,  ,  ,  ,  ,  ,  ,  ,  ,  ,  ,  ,  ,  ,  ,  ,  ,  ,  ,  ,  ,  ,  ,  ,  ,  ,  ,  ,  ,  ,  ,  ,  ,  ,  ,  , 0+0:0:0:0:0
A# minor blues (7#),  ,  ,  ,  ,  ,  ,  ,  ,  ,  ,  ,  ,  ,  ,  ,  ,  ,  ,  ,  ,  ,  ,  ,  ,  ,  ,  ,  ,  ,  ,  ,  ,  ,  ,  ,  ,  ,  ,  ,  ,  ,  ,  ,  ,  ,  ,  ,  ,  ,  ,  ,  ,  ,  ,  ,  ,  ,  ,  ,  ,  ,  ,  ,  ,  ,  ,  ,  ,  ,  ,  ,  ,  ,  ,  ,  ,  ,  ,  ,  ,  ,  ,  ,  ,  ,  ,  ,  ,  ,  ,  ,  ,  ,  ,  ,  ,  ,  ,  ,  ,  ,  ,  ,  ,  ,  ,  ,  ,  ,  ,  ,  ,  ,  ,  ,  ,  ,  ,  ,  ,  ,  ,  ,  ,  ,  ,  ,  ,  ,  ,  ,  ,  ,  ,  ,  ,  ,  ,  ,  ,  ,  ,  ,  ,  ,  ,  ,  ,  ,  ,  ,  ,  ,  ,  ,  ,  ,  ,  ,  ,  ,  ,  ,  ,  ,  ,  ,  ,  ,  ,  ,  ,  ,  ,  ,  ,  ,  ,  ,  ,  ,  ,  ,  ,  ,  ,  ,  ,  ,  ,  ,  ,  ,  ,  ,  ,  ,  ,  ,  ,  ,  ,  ,  ,  ,  ,  ,  ,  ,  ,  ,  ,  ,  ,  ,  ,  ,  ,  ,  ,  ,  ,  ,  ,  ,  ,  ,  , 0+0:0:0:0:0
Cb dorian (7b),  ,  ,  ,  ,  ,  ,  ,  ,  ,  ,  ,  ,  ,  ,  ,  ,  ,  ,  ,  ,  ,  ,  ,  ,  ,  ,  ,  ,  ,  ,  ,  ,  ,  ,  ,  ,  ,  ,  ,  ,  ,  ,  ,  ,  ,  ,  ,  ,  ,  ,  ,  ,  ,  ,  ,  ,  ,  ,  ,  ,  ,  ,  ,  ,  ,  ,  ,  ,  ,  ,  ,  ,  ,  ,  ,  ,  ,  ,  ,  ,  ,  ,  ,  ,  ,  ,  ,  ,  ,  ,  ,  ,  ,  ,  ,  ,  ,  ,  ,  ,  ,  ,  ,  ,  ,  ,  ,  ,  ,  ,  ,  ,  ,  ,  ,  ,  ,  ,  ,  ,  ,  ,  ,  ,  ,  ,  ,  ,  ,  ,  ,  ,  ,  ,  ,  ,  ,  ,  ,  ,  ,  ,  ,  ,  ,  ,  ,  ,  ,  ,  ,  ,  ,  ,  ,  ,  ,  ,  ,  ,  ,  ,  ,  ,  ,  ,  ,  ,  ,  ,  ,  ,  ,  ,  ,  ,  ,  ,  ,  ,  ,  ,  ,  ,  ,  ,  ,  ,  ,  ,  ,  ,  ,  ,  ,  ,  ,  ,  ,  ,  ,  ,  ,  ,  ,  ,  ,  ,  ,  ,  ,  ,  ,  ,  ,  ,  ,  ,  ,  ,  ,  ,  ,  ,  ,  ,  ,  , 0+0:0:0:0:0
C# dorian (7#),  ,  ,  ,  ,  ,  ,  ,  ,  ,  ,  ,  ,  ,  ,  ,  ,  ,  ,  ,  ,  ,  ,  ,  ,  ,  ,  ,  ,  ,  ,  ,  ,  ,  ,  ,  ,  ,  ,  ,  ,  ,  ,  ,  ,  ,  ,  ,  ,  ,  ,  ,  ,  ,  ,  ,  ,  ,  ,  ,  ,  ,  ,  ,  ,  ,  ,  ,  ,  ,  ,  ,  ,  ,  ,  ,  ,  ,  ,  ,  ,  ,  ,  ,  ,  ,  ,  ,  ,  ,  ,  ,  ,  ,  ,  ,  ,  ,  ,  ,  ,  ,  ,  ,  ,  ,  ,  ,  ,  ,  ,  ,  ,  ,  ,  ,  ,  ,  ,  ,  ,  ,  ,  ,  ,  ,  ,  ,  ,  ,  ,  ,  ,  ,  ,  ,  ,  ,  ,  ,  ,  ,  ,  ,  ,  ,  ,  ,  ,  ,  ,  ,  ,  ,  ,  ,  ,  ,  ,  ,  ,  ,  ,  ,  ,  ,  ,  ,  ,  ,  ,  ,  ,  ,  ,  ,  ,  ,  ,  ,  ,  ,  ,  ,  ,  ,  ,  ,  ,  ,  ,  ,  ,  ,  ,  ,  ,  ,  ,  ,  ,  ,  ,  ,  ,  ,  ,  ,  ,  ,  ,  ,  ,  ,  ,  ,  ,  ,  ,  ,  ,  ,  ,  ,  ,  ,  ,  ,  , 0+0:0:0:0:0
Cb phrygian (7b),  ,  ,  ,  ,  ,  ,  ,  ,  ,  ,  ,  ,  ,  ,  ,  ,  ,  ,  ,  ,  ,  ,  ,  ,  ,  ,  ,  ,  ,  ,  ,  ,  ,  ,  ,  ,  ,  ,  ,  ,  ,  ,  ,  ,  ,  ,  ,  ,  ,  ,  ,  ,  ,  ,  ,  ,  ,  ,  ,  ,  ,  ,  ,  ,  ,  ,  ,  ,  ,  ,  ,  ,  ,  ,  ,  ,  ,  ,  ,  ,  ,  ,  ,  ,  ,  ,  ,  ,  ,  ,  ,  ,  ,  ,  ,  ,  ,  ,  ,  ,  ,  ,  ,  ,  ,  ,  ,  ,  ,  ,  ,  ,  ,  ,  ,  ,  ,  ,  ,  ,  ,  ,  ,  ,  ,  ,  ,  ,  ,  ,  ,  ,  ,  ,  ,  ,  ,  ,  ,  ,  ,  ,  ,  ,  ,  ,  ,  ,  ,  ,  ,  ,  ,  ,  ,  ,  ,  ,  ,  ,  ,  ,  ,  ,  ,  ,  ,  ,  ,  ,  ,  ,  ,  ,  ,  ,  ,  ,  ,  ,  ,  ,  ,  ,  ,  ,  ,  ,  ,  ,  ,  ,  ,  ,  ,  ,  ,  ,  ,  ,  ,  ,  ,  ,  ,  ,  ,  ,  ,  ,  ,  ,  ,  ,  ,  ,  ,  ,  ,  ,  ,  ,  ,  ,  ,  ,  ,  , 0+0:0:0:0:0
C# phrygian (7#),  ,  ,  ,  ,  ,  ,  ,  ,  ,  ,  ,  ,  ,  ,  ,  ,  ,  ,  ,  ,  ,  ,  ,  ,  ,  ,  ,  ,  ,  ,  ,  ,  ,  ,  ,  ,  ,  ,  ,  ,  ,  ,  ,  ,  ,  ,  ,  ,  ,  ,  ,  ,  ,  ,  ,  ,  ,  ,  ,  ,  ,  ,  ,  ,  ,  ,  ,  ,  ,  ,  ,  ,  ,  ,  ,  ,  ,  ,  ,  ,  ,  ,  ,  ,  ,  ,  ,  ,  ,  ,  ,  ,  ,  ,  ,  ,  ,  ,  ,  ,  ,  ,  ,  ,  ,  ,  ,  ,  ,  ,  ,  ,  ,  ,  ,  ,  ,  ,  ,  ,  ,  ,  ,  ,  ,  ,  ,  ,  ,  ,  ,  ,  ,  ,  ,  ,  ,  ,  ,  ,  ,  ,  ,  ,  ,  ,  ,  ,  ,  ,  ,  ,  ,  ,  ,  ,  ,  ,  ,  ,  ,  ,  ,  ,  ,  ,  ,  ,  ,  ,  ,  ,  ,  ,  ,  ,  ,  ,  ,  ,  ,  ,  ,  ,  ,  ,  ,  ,  ,  ,  ,  ,  ,  ,  ,  ,  ,  ,  ,  ,  ,  ,  ,  ,  ,  ,  ,  ,  ,  ,  ,  ,  ,  ,  ,  ,  ,  ,  ,  ,  ,  ,  ,  ,  ,  ,  ,  , 0+0:0:0:0:0
Cb lydian (7b),  ,  ,  ,  ,  ,  ,  ,  ,  ,  ,  ,  ,  ,  ,  ,  ,  ,  ,  ,  ,  ,  ,  ,  ,  ,  ,  ,  ,  ,  ,  ,  ,  ,  ,  ,  ,  ,  ,  ,  ,  ,  ,  ,  ,  ,  ,  ,  ,  ,  ,  ,  ,  ,  ,  ,  ,  ,  ,  ,  ,  ,  ,  ,  ,  ,  ,  ,  ,  ,  ,  ,  ,  ,  ,  ,  ,  ,  ,  ,  ,  ,  ,  ,  ,  ,  ,  ,  ,  ,  ,  ,  ,  ,  ,  ,  ,  ,  ,  ,  ,  ,  ,  ,  ,  ,  ,  ,  ,  ,  ,  ,  ,  ,  ,  ,  ,  ,  ,  ,  ,  ,  ,  ,  ,  ,  ,  ,  ,  ,  ,  ,  ,  ,  ,  ,  ,  ,  ,  ,  ,  ,  ,  ,  ,  ,  ,  ,  ,  ,  ,  ,  ,  ,  ,  ,  ,  ,  ,  ,  ,  ,  ,  ,  ,  ,  ,  ,  ,  ,  ,  ,  ,  ,  ,  ,  ,  ,  ,  ,  ,  ,  ,  ,  ,  ,  ,  ,  ,  ,  ,  ,  ,  ,  ,  ,  ,  ,  ,  ,  ,  ,  ,  ,  ,  ,  ,  ,  ,  ,  ,  ,  ,  ,  ,  ,  ,  ,  ,  ,  ,  ,  ,  ,  ,  ,  ,  ,  , 0+0:0:0:0:0
C# lydian (7#),  ,  ,  ,  ,  ,  ,  ,  ,  ,  ,  ,  ,  ,  ,  ,  ,  ,  ,  ,  ,  ,  ,  ,  ,  ,  ,  ,  ,  ,  ,  ,  ,  ,  ,  ,  ,  ,  ,  ,  ,  ,  ,  ,  ,  ,  ,  ,  ,  ,  ,  ,  ,  ,  ,  ,  ,  ,  ,  ,  ,  ,  ,  ,  ,  ,  ,  ,  ,  ,  ,  ,  ,  ,  ,  ,  ,  ,  ,  ,  ,  ,  ,  ,  ,  ,  ,  ,  ,  ,  ,  ,  ,  ,  ,  ,  ,  ,  ,  ,  ,  ,  ,  ,  ,  ,  ,  ,  ,  ,  ,  ,  ,  ,  ,  ,  ,  ,  ,  ,  ,  ,  ,  ,  ,  ,  ,  ,  ,  ,  ,  ,  ,  ,  ,  ,  ,  ,  ,  ,  ,  ,  ,  ,  ,  ,  ,  ,  ,  ,  ,  ,  ,  ,  ,  ,  ,  ,  ,  ,  ,  ,  ,  ,  ,  ,  ,  ,  ,  ,  ,  ,  ,  ,  ,  ,  ,  ,  ,  ,  ,  ,  ,  ,  ,  ,  ,  ,  ,  ,  ,  ,  ,  ,  ,  ,  ,  ,  ,  ,  ,  ,  ,  ,  ,  ,  ,  ,  ,  ,  ,  ,  ,  ,  ,  ,  ,  ,  ,  ,  ,  ,  ,  ,  ,  ,  ,  ,  , 0+0:0:0:0:0
Cb mixolydian (7b),  ,  ,  ,  ,  ,  ,  ,  ,  ,  ,  ,  ,  ,  ,  ,  ,  ,  ,  ,  ,  ,  ,  ,  ,  ,  ,  ,  ,  ,  ,  ,  ,  ,  ,  ,  ,  ,  ,  ,  ,  ,  ,  ,  ,  ,  ,  ,  ,  ,  ,  ,  ,  ,  ,  ,  ,  ,  ,  ,  ,  ,  ,  ,  ,  ,  ,  ,  ,  ,  ,  ,  ,  ,  ,  ,  ,  ,  ,  ,  ,  ,  ,  ,  ,  ,  ,  ,  ,  ,  ,  ,  ,  ,  ,  ,  ,  ,  ,  ,  ,  ,  ,  ,  ,  ,  ,  ,  ,  ,  ,  ,  ,  ,  ,  ,  ,  ,  ,  ,  ,  ,  ,  ,  ,  ,  ,  ,  ,  ,  ,  ,  ,  ,  ,  ,  ,  ,  ,  ,  ,  ,  ,  ,  ,  ,  ,  ,  ,  ,  ,  ,  ,  ,  ,  ,  ,  ,  ,  ,  ,  ,  ,  ,  ,  ,  ,  ,  ,  ,  ,  ,  ,  ,  ,  ,  ,  ,  ,  ,  ,  ,  ,  ,  ,  ,  ,  ,  ,  ,  ,  ,  ,  ,  ,  ,  ,  ,  ,  ,  ,  ,  ,  ,  ,  ,  ,  ,  ,  ,  ,  ,  ,  ,  ,  ,  ,  ,  ,  ,  ,  ,  ,  ,  ,  ,  ,  ,  , 0+0:0:0:0:0
C# mixolydian (7#),  ,  ,  ,  ,  ,  ,  ,  ,  ,  ,  ,  ,  ,  ,  ,  ,  ,  ,  ,  ,  ,  ,  ,  ,  ,  ,  ,  ,  ,  ,  ,  ,  ,  ,  ,  ,  ,  ,  ,  ,  ,  ,  ,  ,  ,  ,  ,  ,  ,  ,  ,  ,  ,  ,  ,  ,  ,  ,  ,  ,  ,  ,  ,  ,  ,  ,  ,  ,  ,  ,  ,  ,  ,  ,  ,  ,  ,  ,  ,  ,  ,  ,  ,  ,  ,  ,  ,  ,  ,  ,  ,  ,  ,  ,  ,  ,  ,  ,  ,  ,  ,  ,  ,  ,  ,  ,  ,  ,  ,  ,  ,  ,  ,  ,  ,  ,  ,  ,  ,  ,  ,  ,  ,  ,  ,  ,  ,  ,  ,  ,  ,  ,  ,  ,  ,  ,  ,  ,  ,  ,  ,  ,  ,  ,  ,  ,  ,  ,  ,  ,  ,  ,  ,  ,  ,  ,  ,  ,  ,  ,  ,  ,  ,  ,  ,  ,  ,  ,  ,  ,  ,  ,  ,  ,  ,  ,  ,  ,  ,  ,  ,  ,  ,  ,  ,  ,  ,  ,  ,  ,  ,  ,  ,  ,  ,  ,  ,  ,  ,  ,  ,  ,  ,  ,  ,  ,  ,  ,  ,  ,  ,  ,  ,  ,  ,  ,  ,  ,  ,  ,  ,  ,  ,  ,  ,  ,  ,  , 0+0:0:0:0:0
Cb aeolian (7b),  ,  ,  ,  ,  ,  ,  ,  ,  ,  ,  ,  ,  ,  ,  ,  ,  ,  ,  ,  ,  ,  ,  ,  ,  ,  ,  ,  ,  ,  ,  ,  ,  ,  ,  ,  ,  ,  ,  ,  ,  ,  ,  ,  ,  ,  ,  ,  ,  ,  ,  ,  ,  ,  ,  ,  ,  ,  ,  ,  ,  ,  ,  ,  ,  ,  ,  ,  ,  ,  ,  ,  ,  ,  ,  ,  ,  ,  ,  ,  ,  ,  ,  ,  ,  ,  ,  ,  ,  ,  ,  ,  ,  ,  ,  ,  ,  ,  ,  ,  ,  ,  ,  ,  ,  ,  ,  ,  ,  ,  ,  ,  ,  ,  ,  ,  ,  ,  ,  ,  ,  ,  ,  ,  ,  ,  ,  ,  ,  ,  ,  ,  ,  ,  ,  ,  ,  ,  ,  ,  ,  ,  ,  ,  ,  ,  ,  ,  ,  ,  ,  ,  ,  ,  ,  ,  ,  ,  ,  ,  ,  ,  ,  ,  ,  ,  ,  ,  ,  ,  ,  ,  ,  ,  ,  ,  ,  ,  ,  ,  ,  ,  ,  ,  ,  ,  ,  ,  ,  ,  ,  ,  ,  ,  ,  ,  ,  ,  ,  ,  ,  ,  ,  ,  ,  ,  ,  ,  ,  ,  ,  ,  ,  ,  ,  ,  ,  ,  ,  ,  ,  ,  ,  ,  ,  ,  ,  ,  , 0+0:0:0:0:0
C# aeolian (7#),  ,  ,  ,  ,  ,  ,  ,  ,  ,  ,  ,  ,  ,  ,  ,  ,  ,  ,  ,  ,  ,  ,  ,  ,  ,  ,  ,  ,  ,  ,  ,  ,  ,  ,  ,  ,  ,  ,  ,  ,  ,  ,  ,  ,  ,  ,  ,  ,  ,  ,  ,  ,  ,  ,  ,  ,  ,  ,  ,  ,  ,  ,  ,  ,  ,  ,  ,  ,  ,  ,  ,  ,  ,  ,  ,  ,  ,  ,  ,  ,  ,  ,  ,  ,  ,  ,  ,  ,  ,  ,  ,  ,  ,  ,  ,  ,  ,  ,  ,  ,  ,  ,  ,  ,  ,  ,  ,  ,  ,  ,  ,  ,  ,  ,  ,  ,  ,  ,  ,  ,  ,  ,  ,  ,  ,  ,  ,  ,  ,  ,  ,  ,  ,  ,  ,  ,  ,  ,  ,  ,  ,  ,  ,  ,  ,  ,  ,  ,  ,  ,  ,  ,  ,  ,  ,  ,  ,  ,  ,  ,  ,  ,  ,  ,  ,  ,  ,  ,  ,  ,  ,  ,  ,  ,  ,  ,  ,  ,  ,  ,  ,  ,  ,  ,  ,  ,  ,  ,  ,  ,  ,  ,  ,  ,  ,  ,  ,  ,  ,  ,  ,  ,  ,  ,  ,  ,  ,  ,  ,  ,  ,  ,  ,  ,  ,  ,  ,  ,  ,  ,  ,  ,  ,  ,  ,  ,  ,  , 0+0:0:0:0:0
Cb locrian (7b),  ,  ,  ,  ,  ,  ,  ,  ,  ,  ,  ,  ,  ,  ,  ,  ,  ,  ,  ,  ,  ,  ,  ,  ,  ,  ,  ,  ,  ,  ,  ,  ,  ,  ,  ,  ,  ,  ,  ,  ,  ,  ,  ,  ,  ,  ,  ,  ,  ,  ,  ,  ,  ,  ,  ,  ,  ,  ,  ,  ,  ,  ,  ,  ,  ,  ,  ,  ,  ,  ,  ,  ,  ,  ,  ,  ,  ,  ,  ,  ,  ,  ,  ,  ,  ,  ,  ,  ,  ,  ,  ,  ,  ,  ,  ,  ,  ,  ,  ,  ,  ,  ,  ,  ,  ,  ,  ,  ,  ,  ,  ,  ,  ,  ,  ,  ,  ,  ,  ,  ,  ,  ,  ,  ,  ,  ,  ,  ,  ,  ,  ,  ,  ,  ,  ,  ,  ,  ,  ,  ,  ,  ,  ,  ,  ,  ,  ,  ,  ,  ,  ,  ,  ,  ,  ,  ,  ,  ,  ,  ,  ,  ,  ,  ,  ,  ,  ,  ,  ,  ,  ,  ,  ,  ,  ,  ,  ,  ,  ,  ,  ,  ,  ,  ,  ,  ,  ,  ,  ,  ,  ,  ,  ,  ,  ,  ,  ,  ,  ,  ,  ,  ,  ,  ,  ,  ,  ,  ,  ,  ,  ,  ,  ,  ,  ,  ,  ,  ,  ,  ,  ,  ,  ,  ,  ,  ,  ,  , 0+0:0:0:0:0
C# locrian (7#),  ,  ,  ,  ,  ,  ,  ,  ,  ,  ,  ,  ,  ,  ,  ,  ,  ,  ,  ,  ,  ,  ,  ,  ,  ,  ,  ,  ,  ,  ,  ,  ,  ,  ,  ,  ,  ,  ,  ,  ,  ,  ,  ,  ,  ,  ,  ,  ,  ,  ,  ,  ,  ,  ,  ,  ,  ,  ,  ,  ,  ,  ,  ,  ,  ,  ,  ,  ,  ,  ,  ,  ,  ,  ,  ,  ,  ,  ,  ,  ,  ,  ,  ,  ,  ,  ,  ,  ,  ,  ,  ,  ,  ,  ,  ,  ,  ,  ,  ,  ,  ,  ,  ,  ,  ,  ,  ,  ,  ,  ,  ,  ,  ,  ,  ,  ,  ,  ,  ,  ,  ,  ,  ,  ,  ,  ,  ,  ,  ,  ,  ,  ,  ,  ,  ,  ,  ,  ,  ,  ,  ,  ,  ,  ,  ,  ,  ,  ,  ,  ,  ,  ,  ,  ,  ,  ,  ,  ,  ,  ,  ,  ,  ,  ,  ,  ,  ,  ,  ,  ,  ,  ,  ,  ,  ,  ,  ,  ,  ,  ,  ,  ,  ,  ,  ,  ,  ,  ,  ,  ,  ,  ,  ,  ,  ,  ,  ,  ,  ,  ,  ,  ,  ,  ,  ,  ,  ,  ,  ,  ,  ,  ,  ,  ,  ,  ,  ,  ,  ,  ,  ,  ,  ,  ,  ,  ,  ,  , 0+0:0:0:0:0
