 , 0, 1, 2, 3, 4, 5, 6, 7, 8, 9, 10, 11, 12, 13, 14, 15, 16, 17, 18, 19, 20, 21, 22, 23, 24, 25, 26, 27, 28, 29, 30, 31, 32, 33, 34, 35, 36, 37, 38, 39, 40, 41, 42, 43, 44, 45, 46, 47, 48, 49, 50, 51, 52, 53, 54, 55, 56, 57, 58, 59, 60, 61, 62, 63, 64, 65, 66, 67, 68, 69, 70, 71, 72, 73, 74, 75, 76, 77, 78, 79, 80, 81, 82, 83, 84, 85, 86, 87, 88, 89, 90, 91, 92, 93, 94, 95, 96, 97, 98, 99, 100, 101, 102, 103, 104, 105, 106, 107, 108, 109, 110, 111, 112, 113, 114, 115, 116, 117, 118, 119, 120, 121, 122, 123, 124, 125, 126, 127, 128, 129, 130, 131, 132, 133, 134, 135, 136, 137, 138, 139, 140, 141, 142, 143, 144, 145, 146, 147, 148, 149, 150, 151, 152, 153, 154, 155, 156, 157, 158, 159, 160, 161, 162, 163, 164, 165, 166, 167, 168, 169, 170, 171, 172, 173, 174, rowcost
C major (0), 3:0:0:0:0, 2:0:0:0:0, 3:0:0:0:0, 2:0:0:0:1, 0:0:0:0:0, 2:0:0:0:0, 0:0:0:0:0, 3:0:0:0:2, 2:0:0:0:5, 3:0:0:0:0, 1:0:0:0:0, 1:0:0:0:0, 1:0:0:0:1, 0:0:0:0:0, 1:0:0:0:0, 1:0:0:0:1, 2:0:0:0:3, 0:0:0:0:0, 4:0:0:0:1, 1:0:0:0:1, 0:0:0:0:0, 1:0:0:0:1, 0:0:0:0:0, 3:0:0:0:2, 3:0:0:0:1, 3:0:0:0:3, 5:0:2:0:8, 3:0:0:0:2, 5:0:0:0:2, 4:0:0:0:1, 3:0:0:0:3, 2:0:0:0:0, 3:0:0:0:3, 2:0:0:0:0, 2:0:0:0:0, 2:0:0:0:0, 5:0:0:0:2, 3:0:0:0:1, 0:0:0:0:0, 3:0:0:0:0, 0:0:0:0:0, 3:0:0:0:1, 2:0:0:0:6, 5:0:0:0:0, 1:0:0:0:0, 6:0:0:0:1, 1:0:0:0:0, 2:0:0:0:0, 7:0:0:0:2, 3:0:0:0:1, 2:0:0:0:6, 1:0:0:0:0, 4:0:0:0:4, 3:0:0:0:2, 3:0:0:0:0, 4:0:0:0:2, 2:0:0:0:0, 5:0:0:0:6, 2:0:0:0:0, 3:0:0:0:1, 4:0:1:0:8, 5:0:1:0:6, 4:0:0:0:1, 8:0:0:0:1, 4:0:0:0:5, 2:0:0:0:0, 4:0:0:0:3, 2:0:0:0:0, 2:0:0:0:0, 2:0:0:0:0, 3:0:0:0:1, 2:0:0:0:1, 0:0:0:0:0, 2:0:0:0:0, 0:0:0:0:0, 2:0:0:0:1, 3:0:0:0:3, 3:0:0:0:0, 3:0:0:0:0, 3:0:0:0:0, 0:0:0:0:0, 1:0:0:0:1, 2:0:0:0:2, 4:0:0:0:1, 3:0:0:0:3, 0:0:0:0:0, 3:0:0:0:2, 0:0:0:0:0, 0:0:0:0:0, 2:0:0:0:1, 0:0:0:0:0, 4:0:0:0:3, 1:0:0:0:0, 2:0:0:0:2, 2:0:0:0:2, 3:0:0:0:3, 5:0:0:0:4, 5:0:1:0:3, 4:0:0:0:4, 2:0:0:0:0, 3:0:0:0:5, 2:0:0:0:2, 2:0:0:0:0, 5:0:0:0:0, 5:0:0:0:1, 3:0:0:0:2, 2:0:0:0:0, 4:0:0:0:0, 0:0:0:0:0, 2:0:0:0:2, 3:0:0:0:4, 4:0:0:0:0, 2:0:0:0:0, 2:0:0:0:0, 2:0:0:0:0, 0:0:0:0:0, 2:0:0:0:2, 3:0:0:0:3, 3:0:0:0:5, 1:0:0:0:0, 2:0:0:0:4, 0:0:0:0:0, 1:0:0:0:0, 3:0:0:0:1, 1:0:0:0:0, 4:0:0:0:3, 1:0:0:0:0, 2:0:0:0:2, 2:0:0:0:4, 5:0:0:0:3, 5:0:0:0:4, 3:0:0:0:3, 3:0:0:0:6, 2:0:0:0:0, 3:0:0:0:4, 3:0:0:0:1, 2:0:0:0:0, 4:0:0:0:0, 4:0:0:0:1, 5:0:1:0:3, 0:0:0:0:0, 3:0:0:0:0, 0:0:0:0:0, 5:0:0:0:3, 3:0:1:0:4, 9:0:0:0:0, 5:0:0:0:4, 2:0:0:0:0, 0:0:0:0:0, 0:0:0:0:0, 3:0:0:0:0, 1:0:0:0:4, 2:0:0:0:6, 2:0:0:0:3, 1:0:0:0:1, 1:0:0:0:0, 1:0:0:0:0, 4:0:0:0:1, 3:0:0:0:1, 3:0:0:0:3, 2:0:0:0:0, 5:0:0:0:2, 2:0:0:0:5, 6:0:0:0:6, 5:0:0:0:3, 6:0:0:0:2, 3:0:0:0:2, 3:0:0:0:0, 3:0:0:0:6, 3:0:0:0:0, 3:0:0:0:2, 0:0:0:0:0, 0:0:0:0:0, 0:0:0:0:0, 0:0:0:0:0, 438:0:7:0:260
A minor (0), 3:0:0:0:0, 2:0:0:0:0, 3:0:0:0:0, 2:0:0:0:1, 0:0:0:0:0, 2:0:0:0:0, 0:0:0:0:0, 3:0:0:0:2, 2:0:0:0:5, 3:0:0:0:0, 1:0:0:0:0, 1:0:0:0:0, 1:0:0:0:1, 0:0:0:0:0, 1:0:0:0:0, 1:0:0:0:1, 2:0:0:0:3, 0:0:0:0:0, 4:0:0:0:1, 1:0:0:0:1, 0:0:0:0:0, 1:0:0:0:1, 0:0:0:0:0, 3:0:0:0:2, 3:0:0:0:1, 3:0:0:0:3, 5:0:2:0:8, 3:0:0:0:2, 5:0:0:0:2, 4:0:0:0:1, 3:0:0:0:3, 2:0:0:0:0, 3:0:0:0:3, 2:0:0:0:0, 2:0:0:0:0, 2:0:0:0:0, 5:0:0:0:2, 3:0:0:0:1, 0:0:0:0:0, 3:0:0:0:0, 0:0:0:0:0, 3:0:0:0:1, 2:0:0:0:6, 5:0:0:0:0, 1:0:0:0:0, 6:0:0:0:1, 1:0:0:0:0, 2:0:0:0:0, 7:0:0:0:2, 3:0:0:0:1, 2:0:0:0:6, 1:0:0:0:0, 4:0:0:0:4, 3:0:0:0:2, 3:0:0:0:0, 4:0:0:0:2, 2:0:0:0:0, 5:0:0:0:6, 2:0:0:0:0, 3:0:0:0:1, 4:0:1:0:8, 5:0:1:0:6, 4:0:0:0:1, 8:0:0:0:1, 4:0:0:0:5, 2:0:0:0:0, 4:0:0:0:3, 2:0:0:0:0, 2:0:0:0:0, 2:0:0:0:0, 3:0:0:0:1, 2:0:0:0:1, 0:0:0:0:0, 2:0:0:0:0, 0:0:0:0:0, 2:0:0:0:1, 3:0:0:0:3, 3:0:0:0:0, 3:0:0:0:0, 3:0:0:0:0, 0:0:0:0:0, 1:0:0:0:1, 2:0:0:0:2, 4:0:0:0:1, 3:0:0:0:3, 0:0:0:0:0, 3:0:0:0:2, 0:0:0:0:0, 0:0:0:0:0, 2:0:0:0:1, 0:0:0:0:0, 4:0:0:0:3, 1:0:0:0:0, 2:0:0:0:2, 2:0:0:0:2, 3:0:0:0:3, 5:0:0:0:4, 5:0:1:0:3, 4:0:0:0:4, 2:0:0:0:0, 3:0:0:0:5, 2:0:0:0:2, 2:0:0:0:0, 5:0:0:0:0, 5:0:0:0:1, 3:0:0:0:2, 2:0:0:0:0, 4:0:0:0:0, 0:0:0:0:0, 2:0:0:0:2, 3:0:0:0:4, 4:0:0:0:0, 2:0:0:0:0, 2:0:0:0:0, 2:0:0:0:0, 0:0:0:0:0, 2:0:0:0:2, 3:0:0:0:3, 3:0:0:0:5, 1:0:0:0:0, 2:0:0:0:4, 0:0:0:0:0, 1:0:0:0:0, 3:0:0:0:1, 1:0:0:0:0, 4:0:0:0:3, 1:0:0:0:0, 2:0:0:0:2, 2:0:0:0:4, 5:0:0:0:3, 5:0:0:0:4, 3:0:0:0:3, 3:0:0:0:6, 2:0:0:0:0, 3:0:0:0:4, 3:0:0:0:1, 2:0:0:0:0, 4:0:0:0:0, 4:0:0:0:1, 5:0:1:0:3, 0:0:0:0:0, 3:0:0:0:0, 0:0:0:0:0, 5:0:0:0:3, 3:0:1:0:4, 9:0:0:0:0, 5:0:0:0:4, 2:0:0:0:0, 0:0:0:0:0, 0:0:0:0:0, 3:0:0:0:0, 1:0:0:0:4, 2:0:0:0:6, 2:0:0:0:3, 1:0:0:0:1, 1:0:0:0:0, 1:0:0:0:0, 4:0:0:0:1, 3:0:0:0:1, 3:0:0:0:3, 2:0:0:0:0, 5:0:0:0:2, 2:0:0:0:5, 6:0:0:0:6, 5:0:0:0:3, 6:0:0:0:2, 3:0:0:0:2, 3:0:0:0:0, 3:0:0:0:6, 3:0:0:0:0, 3:0:0:0:2, 0:0:0:0:0, 0:0:0:0:0, 0:0:0:0:0, 0:0:0:0:0, 438:0:7:0:260
A minor mel (0), 3:0:0:0:0, 2:0:0:0:0, 3:0:0:0:0, 2:0:0:0:1, 0:0:0:0:0, 2:0:0:0:0, 0:0:0:0:0, 3:0:0:0:2, 2:0:0:0:5, 3:0:0:0:0, 1:0:0:0:0, 1:0:0:0:0, 1:0:0:0:1, 0:0:0:0:0, 1:0:0:0:0, 1:0:0:0:1, 2:0:0:0:3, 0:0:0:0:0, 4:0:0:0:1, 1:0:0:0:1, 0:0:0:0:0, 1:0:0:0:1, 0:0:0:0:0, 3:0:0:0:2, 3:0:0:0:1, 3:0:0:0:3, 5:0:2:0:8, 3:0:0:0:2, 5:0:0:0:2, 4:0:0:0:1, 3:0:0:0:3, 2:0:0:0:0, 3:0:0:0:3, 2:0:0:0:0, 2:0:0:0:0, 2:0:0:0:0, 5:0:0:0:2, 3:0:0:0:1, 0:0:0:0:0, 3:0:0:0:0, 0:0:0:0:0, 3:0:0:0:1, 2:0:0:0:6, 5:0:0:0:0, 1:0:0:0:0, 6:0:0:0:1, 1:0:0:0:0, 2:0:0:0:0, 7:0:0:0:2, 3:0:0:0:1, 2:0:0:0:6, 1:0:0:0:0, 4:0:0:0:4, 3:0:0:0:2, 3:0:0:0:0, 4:0:0:0:2, 2:0:0:0:0, 5:0:0:0:6, 2:0:0:0:0, 3:0:0:0:1, 4:0:1:0:8, 5:0:1:0:6, 4:0:0:0:1, 8:0:0:0:1, 4:0:0:0:5, 2:0:0:0:0, 4:0:0:0:3, 2:0:0:0:0, 2:0:0:0:0, 2:0:0:0:0, 3:0:0:0:1, 2:0:0:0:1, 0:0:0:0:0, 2:0:0:0:0, 0:0:0:0:0, 2:0:0:0:1, 3:0:0:0:3, 3:0:0:0:0, 3:0:0:0:0, 3:0:0:0:0, 0:0:0:0:0, 1:0:0:0:1, 2:0:0:0:2, 4:0:0:0:1, 3:0:0:0:3, 0:0:0:0:0, 3:0:0:0:2, 0:0:0:0:0, 0:0:0:0:0, 2:0:0:0:1, 0:0:0:0:0, 4:0:0:0:3, 1:0:0:0:0, 2:0:0:0:2, 2:0:0:0:2, 3:0:0:0:3, 5:0:0:0:4, 5:0:1:0:3, 4:0:0:0:4, 2:0:0:0:0, 3:0:0:0:5, 2:0:0:0:2, 2:0:0:0:0, 5:0:0:0:0, 5:0:0:0:1, 3:0:0:0:2, 2:0:0:0:0, 4:0:0:0:0, 0:0:0:0:0, 2:0:0:0:2, 3:0:0:0:4, 4:0:0:0:0, 2:0:0:0:0, 2:0:0:0:0, 2:0:0:0:0, 0:0:0:0:0, 2:0:0:0:2, 3:0:0:0:3, 3:0:0:0:5, 1:0:0:0:0, 2:0:0:0:4, 0:0:0:0:0, 1:0:0:0:0, 3:0:0:0:1, 1:0:0:0:0, 4:0:0:0:3, 1:0:0:0:0, 2:0:0:0:2, 2:0:0:0:4, 5:0:0:0:3, 5:0:0:0:4, 3:0:0:0:3, 3:0:0:0:6, 2:0:0:0:0, 3:0:0:0:4, 3:0:0:0:1, 2:0:0:0:0, 4:0:0:0:0, 4:0:0:0:1, 5:0:1:0:3, 0:0:0:0:0, 3:0:0:0:0, 0:0:0:0:0, 5:0:0:0:3, 3:0:1:0:4, 9:0:0:0:0, 5:0:0:0:4, 2:0:0:0:0, 0:0:0:0:0, 0:0:0:0:0, 3:0:0:0:0, 1:0:0:0:4, 2:0:0:0:6, 2:0:0:0:3, 1:0:0:0:1, 1:0:0:0:0, 1:0:0:0:0, 4:0:0:0:1, 3:0:0:0:1, 3:0:0:0:3, 2:0:0:0:0, 5:0:0:0:2, 2:0:0:0:5, 6:0:0:0:6, 5:0:0:0:3, 6:0:0:0:2, 3:0:0:0:2, 3:0:0:0:0, 3:0:0:0:6, 3:0:0:0:0, 3:0:0:0:2, 0:0:0:0:0, 0:0:0:0:0, 0:0:0:0:0, 0:0:0:0:0, 438:0:7:0:260
C major blues (0), 3:0:0:0:0, 2:0:0:0:0, 3:0:0:0:0, 2:0:0:0:1, 0:0:0:0:0, 2:0:0:0:0, 0:0:0:0:0, 3:0:0:0:2, 2:0:0:0:5, 3:0:0:0:0, 1:0:0:0:0, 1:0:0:0:0, 1:0:0:0:1, 0:0:0:0:0, 1:0:0:0:0, 1:0:0:0:1, 2:0:0:0:3, 0:0:0:0:0, 4:0:0:0:1, 1:0:0:0:1, 0:0:0:0:0, 1:0:0:0:1, 0:0:0:0:0, 3:0:0:0:2, 3:0:0:0:1, 3:0:0:0:3, 5:0:2:0:8, 3:0:0:0:2, 5:0:0:0:2, 4:0:0:0:1, 3:0:0:0:3, 2:0:0:0:0, 3:0:0:0:3, 2:0:0:0:0, 2:0:0:0:0, 2:0:0:0:0, 5:0:0:0:2, 3:0:0:0:1, 0:0:0:0:0, 3:0:0:0:0, 0:0:0:0:0, 3:0:0:0:1, 2:0:0:0:6, 5:0:0:0:0, 1:0:0:0:0, 6:0:0:0:1, 1:0:0:0:0, 2:0:0:0:0, 7:0:0:0:2, 3:0:0:0:1, 2:0:0:0:6, 1:0:0:0:0, 4:0:0:0:4, 3:0:0:0:2, 3:0:0:0:0, 4:0:0:0:2, 2:0:0:0:0, 5:0:0:0:6, 2:0:0:0:0, 3:0:0:0:1, 4:0:1:0:8, 5:0:1:0:6, 4:0:0:0:1, 8:0:0:0:1, 4:0:0:0:5, 2:0:0:0:0, 4:0:0:0:3, 2:0:0:0:0, 2:0:0:0:0, 2:0:0:0:0, 3:0:0:0:1, 2:0:0:0:1, 0:0:0:0:0, 2:0:0:0:0, 0:0:0:0:0, 2:0:0:0:1, 3:0:0:0:3, 3:0:0:0:0, 3:0:0:0:0, 3:0:0:0:0, 0:0:0:0:0, 1:0:0:0:1, 2:0:0:0:2, 4:0:0:0:1, 3:0:0:0:3, 0:0:0:0:0, 3:0:0:0:2, 0:0:0:0:0, 0:0:0:0:0, 2:0:0:0:1, 0:0:0:0:0, 4:0:0:0:3, 1:0:0:0:0, 2:0:0:0:2, 2:0:0:0:2, 3:0:0:0:3, 5:0:0:0:4, 5:0:1:0:3, 4:0:0:0:4, 2:0:0:0:0, 3:0:0:0:5, 2:0:0:0:2, 2:0:0:0:0, 5:0:0:0:0, 5:0:0:0:1, 3:0:0:0:2, 2:0:0:0:0, 4:0:0:0:0, 0:0:0:0:0, 2:0:0:0:2, 3:0:0:0:4, 4:0:0:0:0, 2:0:0:0:0, 2:0:0:0:0, 2:0:0:0:0, 0:0:0:0:0, 2:0:0:0:2, 3:0:0:0:3, 3:0:0:0:5, 1:0:0:0:0, 2:0:0:0:4, 0:0:0:0:0, 1:0:0:0:0, 3:0:0:0:1, 1:0:0:0:0, 4:0:0:0:3, 1:0:0:0:0, 2:0:0:0:2, 2:0:0:0:4, 5:0:0:0:3, 5:0:0:0:4, 3:0:0:0:3, 3:0:0:0:6, 2:0:0:0:0, 3:0:0:0:4, 3:0:0:0:1, 2:0:0:0:0, 4:0:0:0:0, 4:0:0:0:1, 5:0:1:0:3, 0:0:0:0:0, 3:0:0:0:0, 0:0:0:0:0, 5:0:0:0:3, 3:0:1:0:4, 9:0:0:0:0, 5:0:0:0:4, 2:0:0:0:0, 0:0:0:0:0, 0:0:0:0:0, 3:0:0:0:0, 1:0:0:0:4, 2:0:0:0:6, 2:0:0:0:3, 1:0:0:0:1, 1:0:0:0:0, 1:0:0:0:0, 4:0:0:0:1, 3:0:0:0:1, 3:0:0:0:3, 2:0:0:0:0, 5:0:0:0:2, 2:0:0:0:5, 6:0:0:0:6, 5:0:0:0:3, 6:0:0:0:2, 3:0:0:0:2, 3:0:0:0:0, 3:0:0:0:6, 3:0:0:0:0, 3:0:0:0:2, 0:0:0:0:0, 0:0:0:0:0, 0:0:0:0:0, 0:0:0:0:0, 438:0:7:0:260
A minor blues (0), 3:0:0:0:0, 2:0:0:0:0, 3:0:0:0:0, 2:0:0:0:1, 0:0:0:0:0, 2:0:0:0:0, 0:0:0:0:0, 3:0:0:0:2, 2:0:0:0:5, 3:0:0:0:0, 1:0:0:0:0, 1:0:0:0:0, 1:0:0:0:1, 0:0:0:0:0, 1:0:0:0:0, 1:0:0:0:1, 2:0:0:0:3, 0:0:0:0:0, 4:0:0:0:1, 1:0:0:0:1, 0:0:0:0:0, 1:0:0:0:1, 0:0:0:0:0, 3:0:0:0:2, 3:0:0:0:1, 3:0:0:0:3, 5:0:2:0:8, 3:0:0:0:2, 5:0:0:0:2, 4:0:0:0:1, 3:0:0:0:3, 2:0:0:0:0, 3:0:0:0:3, 2:0:0:0:0, 2:0:0:0:0, 2:0:0:0:0, 5:0:0:0:2, 3:0:0:0:1, 0:0:0:0:0, 3:0:0:0:0, 0:0:0:0:0, 3:0:0:0:1, 2:0:0:0:6, 5:0:0:0:0, 1:0:0:0:0, 6:0:0:0:1, 1:0:0:0:0, 2:0:0:0:0, 7:0:0:0:2, 3:0:0:0:1, 2:0:0:0:6, 1:0:0:0:0, 4:0:0:0:4, 3:0:0:0:2, 3:0:0:0:0, 4:0:0:0:2, 2:0:0:0:0, 5:0:0:0:6, 2:0:0:0:0, 3:0:0:0:1, 4:0:1:0:8, 5:0:1:0:6, 4:0:0:0:1, 8:0:0:0:1, 4:0:0:0:5, 2:0:0:0:0, 4:0:0:0:3, 2:0:0:0:0, 2:0:0:0:0, 2:0:0:0:0, 3:0:0:0:1, 2:0:0:0:1, 0:0:0:0:0, 2:0:0:0:0, 0:0:0:0:0, 2:0:0:0:1, 3:0:0:0:3, 3:0:0:0:0, 3:0:0:0:0, 3:0:0:0:0, 0:0:0:0:0, 1:0:0:0:1, 2:0:0:0:2, 4:0:0:0:1, 3:0:0:0:3, 0:0:0:0:0, 3:0:0:0:2, 0:0:0:0:0, 0:0:0:0:0, 2:0:0:0:1, 0:0:0:0:0, 4:0:0:0:3, 1:0:0:0:0, 2:0:0:0:2, 2:0:0:0:2, 3:0:0:0:3, 5:0:0:0:4, 5:0:1:0:3, 4:0:0:0:4, 2:0:0:0:0, 3:0:0:0:5, 2:0:0:0:2, 2:0:0:0:0, 5:0:0:0:0, 5:0:0:0:1, 3:0:0:0:2, 2:0:0:0:0, 4:0:0:0:0, 0:0:0:0:0, 2:0:0:0:2, 3:0:0:0:4, 4:0:0:0:0, 2:0:0:0:0, 2:0:0:0:0, 2:0:0:0:0, 0:0:0:0:0, 2:0:0:0:2, 3:0:0:0:3, 3:0:0:0:5, 1:0:0:0:0, 2:0:0:0:4, 0:0:0:0:0, 1:0:0:0:0, 3:0:0:0:1, 1:0:0:0:0, 4:0:0:0:3, 1:0:0:0:0, 2:0:0:0:2, 2:0:0:0:4, 5:0:0:0:3, 5:0:0:0:4, 3:0:0:0:3, 3:0:0:0:6, 2:0:0:0:0, 3:0:0:0:4, 3:0:0:0:1, 2:0:0:0:0, 4:0:0:0:0, 4:0:0:0:1, 5:0:1:0:3, 0:0:0:0:0, 3:0:0:0:0, 0:0:0:0:0, 5:0:0:0:3, 3:0:1:0:4, 9:0:0:0:0, 5:0:0:0:4, 2:0:0:0:0, 0:0:0:0:0, 0:0:0:0:0, 3:0:0:0:0, 1:0:0:0:4, 2:0:0:0:6, 2:0:0:0:3, 1:0:0:0:1, 1:0:0:0:0, 1:0:0:0:0, 4:0:0:0:1, 3:0:0:0:1, 3:0:0:0:3, 2:0:0:0:0, 5:0:0:0:2, 2:0:0:0:5, 6:0:0:0:6, 5:0:0:0:3, 6:0:0:0:2, 3:0:0:0:2, 3:0:0:0:0, 3:0:0:0:6, 3:0:0:0:0, 3:0:0:0:2, 0:0:0:0:0, 0:0:0:0:0, 0:0:0:0:0, 0:0:0:0:0, 438:0:7:0:260
C dorian (0), 3:0:0:0:0, 2:0:0:0:0, 3:0:0:0:0, 2:0:0:0:1, 0:0:0:0:0, 2:0:0:0:0, 0:0:0:0:0, 3:0:0:0:2, 2:0:0:0:5, 3:0:0:0:0, 1:0:0:0:0, 1:0:0:0:0, 1:0:0:0:1, 0:0:0:0:0, 1:0:0:0:0, 1:0:0:0:1, 2:0:0:0:3, 0:0:0:0:0, 4:0:0:0:1, 1:0:0:0:1, 0:0:0:0:0, 1:0:0:0:1, 0:0:0:0:0, 3:0:0:0:2, 3:0:0:0:1, 3:0:0:0:3, 5:0:2:0:8, 3:0:0:0:2, 5:0:0:0:2, 4:0:0:0:1, 3:0:0:0:3, 2:0:0:0:0, 3:0:0:0:3, 2:0:0:0:0, 2:0:0:0:0, 2:0:0:0:0, 5:0:0:0:2, 3:0:0:0:1, 0:0:0:0:0, 3:0:0:0:0, 0:0:0:0:0, 3:0:0:0:1, 2:0:0:0:6, 5:0:0:0:0, 1:0:0:0:0, 6:0:0:0:1, 1:0:0:0:0, 2:0:0:0:0, 7:0:0:0:2, 3:0:0:0:1, 2:0:0:0:6, 1:0:0:0:0, 4:0:0:0:4, 3:0:0:0:2, 3:0:0:0:0, 4:0:0:0:2, 2:0:0:0:0, 5:0:0:0:6, 2:0:0:0:0, 3:0:0:0:1, 4:0:1:0:8, 5:0:1:0:6, 4:0:0:0:1, 8:0:0:0:1, 4:0:0:0:5, 2:0:0:0:0, 4:0:0:0:3, 2:0:0:0:0, 2:0:0:0:0, 2:0:0:0:0, 3:0:0:0:1, 2:0:0:0:1, 0:0:0:0:0, 2:0:0:0:0, 0:0:0:0:0, 2:0:0:0:1, 3:0:0:0:3, 3:0:0:0:0, 3:0:0:0:0, 3:0:0:0:0, 0:0:0:0:0, 1:0:0:0:1, 2:0:0:0:2, 4:0:0:0:1, 3:0:0:0:3, 0:0:0:0:0, 3:0:0:0:2, 0:0:0:0:0, 0:0:0:0:0, 2:0:0:0:1, 0:0:0:0:0, 4:0:0:0:3, 1:0:0:0:0, 2:0:0:0:2, 2:0:0:0:2, 3:0:0:0:3, 5:0:0:0:4, 5:0:1:0:3, 4:0:0:0:4, 2:0:0:0:0, 3:0:0:0:5, 2:0:0:0:2, 2:0:0:0:0, 5:0:0:0:0, 5:0:0:0:1, 3:0:0:0:2, 2:0:0:0:0, 4:0:0:0:0, 0:0:0:0:0, 2:0:0:0:2, 3:0:0:0:4, 4:0:0:0:0, 2:0:0:0:0, 2:0:0:0:0, 2:0:0:0:0, 0:0:0:0:0, 2:0:0:0:2, 3:0:0:0:3, 3:0:0:0:5, 1:0:0:0:0, 2:0:0:0:4, 0:0:0:0:0, 1:0:0:0:0, 3:0:0:0:1, 1:0:0:0:0, 4:0:0:0:3, 1:0:0:0:0, 2:0:0:0:2, 2:0:0:0:4, 5:0:0:0:3, 5:0:0:0:4, 3:0:0:0:3, 3:0:0:0:6, 2:0:0:0:0, 3:0:0:0:4, 3:0:0:0:1, 2:0:0:0:0, 4:0:0:0:0, 4:0:0:0:1, 5:0:1:0:3, 0:0:0:0:0, 3:0:0:0:0, 0:0:0:0:0, 5:0:0:0:3, 3:0:1:0:4, 9:0:0:0:0, 5:0:0:0:4, 2:0:0:0:0, 0:0:0:0:0, 0:0:0:0:0, 3:0:0:0:0, 1:0:0:0:4, 2:0:0:0:6, 2:0:0:0:3, 1:0:0:0:1, 1:0:0:0:0, 1:0:0:0:0, 4:0:0:0:1, 3:0:0:0:1, 3:0:0:0:3, 2:0:0:0:0, 5:0:0:0:2, 2:0:0:0:5, 6:0:0:0:6, 5:0:0:0:3, 6:0:0:0:2, 3:0:0:0:2, 3:0:0:0:0, 3:0:0:0:6, 3:0:0:0:0, 3:0:0:0:2, 0:0:0:0:0, 0:0:0:0:0, 0:0:0:0:0, 0:0:0:0:0, 438:0:7:0:260
C phrygian (0), 3:0:0:0:0, 2:0:0:0:0, 3:0:0:0:0, 2:0:0:0:1, 0:0:0:0:0, 2:0:0:0:0, 0:0:0:0:0, 3:0:0:0:2, 2:0:0:0:5, 3:0:0:0:0, 1:0:0:0:0, 1:0:0:0:0, 1:0:0:0:1, 0:0:0:0:0, 1:0:0:0:0, 1:0:0:0:1, 2:0:0:0:3, 0:0:0:0:0, 4:0:0:0:1, 1:0:0:0:1, 0:0:0:0:0, 1:0:0:0:1, 0:0:0:0:0, 3:0:0:0:2, 3:0:0:0:1, 3:0:0:0:3, 5:0:2:0:8, 3:0:0:0:2, 5:0:0:0:2, 4:0:0:0:1, 3:0:0:0:3, 2:0:0:0:0, 3:0:0:0:3, 2:0:0:0:0, 2:0:0:0:0, 2:0:0:0:0, 5:0:0:0:2, 3:0:0:0:1, 0:0:0:0:0, 3:0:0:0:0, 0:0:0:0:0, 3:0:0:0:1, 2:0:0:0:6, 5:0:0:0:0, 1:0:0:0:0, 6:0:0:0:1, 1:0:0:0:0, 2:0:0:0:0, 7:0:0:0:2, 3:0:0:0:1, 2:0:0:0:6, 1:0:0:0:0, 4:0:0:0:4, 3:0:0:0:2, 3:0:0:0:0, 4:0:0:0:2, 2:0:0:0:0, 5:0:0:0:6, 2:0:0:0:0, 3:0:0:0:1, 4:0:1:0:8, 5:0:1:0:6, 4:0:0:0:1, 8:0:0:0:1, 4:0:0:0:5, 2:0:0:0:0, 4:0:0:0:3, 2:0:0:0:0, 2:0:0:0:0, 2:0:0:0:0, 3:0:0:0:1, 2:0:0:0:1, 0:0:0:0:0, 2:0:0:0:0, 0:0:0:0:0, 2:0:0:0:1, 3:0:0:0:3, 3:0:0:0:0, 3:0:0:0:0, 3:0:0:0:0, 0:0:0:0:0, 1:0:0:0:1, 2:0:0:0:2, 4:0:0:0:1, 3:0:0:0:3, 0:0:0:0:0, 3:0:0:0:2, 0:0:0:0:0, 0:0:0:0:0, 2:0:0:0:1, 0:0:0:0:0, 4:0:0:0:3, 1:0:0:0:0, 2:0:0:0:2, 2:0:0:0:2, 3:0:0:0:3, 5:0:0:0:4, 5:0:1:0:3, 4:0:0:0:4, 2:0:0:0:0, 3:0:0:0:5, 2:0:0:0:2, 2:0:0:0:0, 5:0:0:0:0, 5:0:0:0:1, 3:0:0:0:2, 2:0:0:0:0, 4:0:0:0:0, 0:0:0:0:0, 2:0:0:0:2, 3:0:0:0:4, 4:0:0:0:0, 2:0:0:0:0, 2:0:0:0:0, 2:0:0:0:0, 0:0:0:0:0, 2:0:0:0:2, 3:0:0:0:3, 3:0:0:0:5, 1:0:0:0:0, 2:0:0:0:4, 0:0:0:0:0, 1:0:0:0:0, 3:0:0:0:1, 1:0:0:0:0, 4:0:0:0:3, 1:0:0:0:0, 2:0:0:0:2, 2:0:0:0:4, 5:0:0:0:3, 5:0:0:0:4, 3:0:0:0:3, 3:0:0:0:6, 2:0:0:0:0, 3:0:0:0:4, 3:0:0:0:1, 2:0:0:0:0, 4:0:0:0:0, 4:0:0:0:1, 5:0:1:0:3, 0:0:0:0:0, 3:0:0:0:0, 0:0:0:0:0, 5:0:0:0:3, 3:0:1:0:4, 9:0:0:0:0, 5:0:0:0:4, 2:0:0:0:0, 0:0:0:0:0, 0:0:0:0:0, 3:0:0:0:0, 1:0:0:0:4, 2:0:0:0:6, 2:0:0:0:3, 1:0:0:0:1, 1:0:0:0:0, 1:0:0:0:0, 4:0:0:0:1, 3:0:0:0:1, 3:0:0:0:3, 2:0:0:0:0, 5:0:0:0:2, 2:0:0:0:5, 6:0:0:0:6, 5:0:0:0:3, 6:0:0:0:2, 3:0:0:0:2, 3:0:0:0:0, 3:0:0:0:6, 3:0:0:0:0, 3:0:0:0:2, 0:0:0:0:0, 0:0:0:0:0, 0:0:0:0:0, 0:0:0:0:0, 438:0:7:0:260
C lydian (0), 3:0:0:0:0, 2:0:0:0:0, 3:0:0:0:0, 2:0:0:0:1, 0:0:0:0:0, 2:0:0:0:0, 0:0:0:0:0, 3:0:0:0:2, 2:0:0:0:5, 3:0:0:0:0, 1:0:0:0:0, 1:0:0:0:0, 1:0:0:0:1, 0:0:0:0:0, 1:0:0:0:0, 1:0:0:0:1, 2:0:0:0:3, 0:0:0:0:0, 4:0:0:0:1, 1:0:0:0:1, 0:0:0:0:0, 1:0:0:0:1, 0:0:0:0:0, 3:0:0:0:2, 3:0:0:0:1, 3:0:0:0:3, 5:0:2:0:8, 3:0:0:0:2, 5:0:0:0:2, 4:0:0:0:1, 3:0:0:0:3, 2:0:0:0:0, 3:0:0:0:3, 2:0:0:0:0, 2:0:0:0:0, 2:0:0:0:0, 5:0:0:0:2, 3:0:0:0:1, 0:0:0:0:0, 3:0:0:0:0, 0:0:0:0:0, 3:0:0:0:1, 2:0:0:0:6, 5:0:0:0:0, 1:0:0:0:0, 6:0:0:0:1, 1:0:0:0:0, 2:0:0:0:0, 7:0:0:0:2, 3:0:0:0:1, 2:0:0:0:6, 1:0:0:0:0, 4:0:0:0:4, 3:0:0:0:2, 3:0:0:0:0, 4:0:0:0:2, 2:0:0:0:0, 5:0:0:0:6, 2:0:0:0:0, 3:0:0:0:1, 4:0:1:0:8, 5:0:1:0:6, 4:0:0:0:1, 8:0:0:0:1, 4:0:0:0:5, 2:0:0:0:0, 4:0:0:0:3, 2:0:0:0:0, 2:0:0:0:0, 2:0:0:0:0, 3:0:0:0:1, 2:0:0:0:1, 0:0:0:0:0, 2:0:0:0:0, 0:0:0:0:0, 2:0:0:0:1, 3:0:0:0:3, 3:0:0:0:0, 3:0:0:0:0, 3:0:0:0:0, 0:0:0:0:0, 1:0:0:0:1, 2:0:0:0:2, 4:0:0:0:1, 3:0:0:0:3, 0:0:0:0:0, 3:0:0:0:2, 0:0:0:0:0, 0:0:0:0:0, 2:0:0:0:1, 0:0:0:0:0, 4:0:0:0:3, 1:0:0:0:0, 2:0:0:0:2, 2:0:0:0:2, 3:0:0:0:3, 5:0:0:0:4, 5:0:1:0:3, 4:0:0:0:4, 2:0:0:0:0, 3:0:0:0:5, 2:0:0:0:2, 2:0:0:0:0, 5:0:0:0:0, 5:0:0:0:1, 3:0:0:0:2, 2:0:0:0:0, 4:0:0:0:0, 0:0:0:0:0, 2:0:0:0:2, 3:0:0:0:4, 4:0:0:0:0, 2:0:0:0:0, 2:0:0:0:0, 2:0:0:0:0, 0:0:0:0:0, 2:0:0:0:2, 3:0:0:0:3, 3:0:0:0:5, 1:0:0:0:0, 2:0:0:0:4, 0:0:0:0:0, 1:0:0:0:0, 3:0:0:0:1, 1:0:0:0:0, 4:0:0:0:3, 1:0:0:0:0, 2:0:0:0:2, 2:0:0:0:4, 5:0:0:0:3, 5:0:0:0:4, 3:0:0:0:3, 3:0:0:0:6, 2:0:0:0:0, 3:0:0:0:4, 3:0:0:0:1, 2:0:0:0:0, 4:0:0:0:0, 4:0:0:0:1, 5:0:1:0:3, 0:0:0:0:0, 3:0:0:0:0, 0:0:0:0:0, 5:0:0:0:3, 3:0:1:0:4, 9:0:0:0:0, 5:0:0:0:4, 2:0:0:0:0, 0:0:0:0:0, 0:0:0:0:0, 3:0:0:0:0, 1:0:0:0:4, 2:0:0:0:6, 2:0:0:0:3, 1:0:0:0:1, 1:0:0:0:0, 1:0:0:0:0, 4:0:0:0:1, 3:0:0:0:1, 3:0:0:0:3, 2:0:0:0:0, 5:0:0:0:2, 2:0:0:0:5, 6:0:0:0:6, 5:0:0:0:3, 6:0:0:0:2, 3:0:0:0:2, 3:0:0:0:0, 3:0:0:0:6, 3:0:0:0:0, 3:0:0:0:2, 0:0:0:0:0, 0:0:0:0:0, 0:0:0:0:0, 0:0:0:0:0, 438:0:7:0:260
C mixolydian (0), 3:0:0:0:0, 2:0:0:0:0, 3:0:0:0:0, 2:0:0:0:1, 0:0:0:0:0, 2:0:0:0:0, 0:0:0:0:0, 3:0:0:0:2, 2:0:0:0:5, 3:0:0:0:0, 1:0:0:0:0, 1:0:0:0:0, 1:0:0:0:1, 0:0:0:0:0, 1:0:0:0:0, 1:0:0:0:1, 2:0:0:0:3, 0:0:0:0:0, 4:0:0:0:1, 1:0:0:0:1, 0:0:0:0:0, 1:0:0:0:1, 0:0:0:0:0, 3:0:0:0:2, 3:0:0:0:1, 3:0:0:0:3, 5:0:2:0:8, 3:0:0:0:2, 5:0:0:0:2, 4:0:0:0:1, 3:0:0:0:3, 2:0:0:0:0, 3:0:0:0:3, 2:0:0:0:0, 2:0:0:0:0, 2:0:0:0:0, 5:0:0:0:2, 3:0:0:0:1, 0:0:0:0:0, 3:0:0:0:0, 0:0:0:0:0, 3:0:0:0:1, 2:0:0:0:6, 5:0:0:0:0, 1:0:0:0:0, 6:0:0:0:1, 1:0:0:0:0, 2:0:0:0:0, 7:0:0:0:2, 3:0:0:0:1, 2:0:0:0:6, 1:0:0:0:0, 4:0:0:0:4, 3:0:0:0:2, 3:0:0:0:0, 4:0:0:0:2, 2:0:0:0:0, 5:0:0:0:6, 2:0:0:0:0, 3:0:0:0:1, 4:0:1:0:8, 5:0:1:0:6, 4:0:0:0:1, 8:0:0:0:1, 4:0:0:0:5, 2:0:0:0:0, 4:0:0:0:3, 2:0:0:0:0, 2:0:0:0:0, 2:0:0:0:0, 3:0:0:0:1, 2:0:0:0:1, 0:0:0:0:0, 2:0:0:0:0, 0:0:0:0:0, 2:0:0:0:1, 3:0:0:0:3, 3:0:0:0:0, 3:0:0:0:0, 3:0:0:0:0, 0:0:0:0:0, 1:0:0:0:1, 2:0:0:0:2, 4:0:0:0:1, 3:0:0:0:3, 0:0:0:0:0, 3:0:0:0:2, 0:0:0:0:0, 0:0:0:0:0, 2:0:0:0:1, 0:0:0:0:0, 4:0:0:0:3, 1:0:0:0:0, 2:0:0:0:2, 2:0:0:0:2, 3:0:0:0:3, 5:0:0:0:4, 5:0:1:0:3, 4:0:0:0:4, 2:0:0:0:0, 3:0:0:0:5, 2:0:0:0:2, 2:0:0:0:0, 5:0:0:0:0, 5:0:0:0:1, 3:0:0:0:2, 2:0:0:0:0, 4:0:0:0:0, 0:0:0:0:0, 2:0:0:0:2, 3:0:0:0:4, 4:0:0:0:0, 2:0:0:0:0, 2:0:0:0:0, 2:0:0:0:0, 0:0:0:0:0, 2:0:0:0:2, 3:0:0:0:3, 3:0:0:0:5, 1:0:0:0:0, 2:0:0:0:4, 0:0:0:0:0, 1:0:0:0:0, 3:0:0:0:1, 1:0:0:0:0, 4:0:0:0:3, 1:0:0:0:0, 2:0:0:0:2, 2:0:0:0:4, 5:0:0:0:3, 5:0:0:0:4, 3:0:0:0:3, 3:0:0:0:6, 2:0:0:0:0, 3:0:0:0:4, 3:0:0:0:1, 2:0:0:0:0, 4:0:0:0:0, 4:0:0:0:1, 5:0:1:0:3, 0:0:0:0:0, 3:0:0:0:0, 0:0:0:0:0, 5:0:0:0:3, 3:0:1:0:4, 9:0:0:0:0, 5:0:0:0:4, 2:0:0:0:0, 0:0:0:0:0, 0:0:0:0:0, 3:0:0:0:0, 1:0:0:0:4, 2:0:0:0:6, 2:0:0:0:3, 1:0:0:0:1, 1:0:0:0:0, 1:0:0:0:0, 4:0:0:0:1, 3:0:0:0:1, 3:0:0:0:3, 2:0:0:0:0, 5:0:0:0:2, 2:0:0:0:5, 6:0:0:0:6, 5:0:0:0:3, 6:0:0:0:2, 3:0:0:0:2, 3:0:0:0:0, 3:0:0:0:6, 3:0:0:0:0, 3:0:0:0:2, 0:0:0:0:0, 0:0:0:0:0, 0:0:0:0:0, 0:0:0:0:0, 438:0:7:0:260
C aeolian (0), 3:0:0:0:0, 2:0:0:0:0, 3:0:0:0:0, 2:0:0:0:1, 0:0:0:0:0, 2:0:0:0:0, 0:0:0:0:0, 3:0:0:0:2, 2:0:0:0:5, 3:0:0:0:0, 1:0:0:0:0, 1:0:0:0:0, 1:0:0:0:1, 0:0:0:0:0, 1:0:0:0:0, 1:0:0:0:1, 2:0:0:0:3, 0:0:0:0:0, 4:0:0:0:1, 1:0:0:0:1, 0:0:0:0:0, 1:0:0:0:1, 0:0:0:0:0, 3:0:0:0:2, 3:0:0:0:1, 3:0:0:0:3, 5:0:2:0:8, 3:0:0:0:2, 5:0:0:0:2, 4:0:0:0:1, 3:0:0:0:3, 2:0:0:0:0, 3:0:0:0:3, 2:0:0:0:0, 2:0:0:0:0, 2:0:0:0:0, 5:0:0:0:2, 3:0:0:0:1, 0:0:0:0:0, 3:0:0:0:0, 0:0:0:0:0, 3:0:0:0:1, 2:0:0:0:6, 5:0:0:0:0, 1:0:0:0:0, 6:0:0:0:1, 1:0:0:0:0, 2:0:0:0:0, 7:0:0:0:2, 3:0:0:0:1, 2:0:0:0:6, 1:0:0:0:0, 4:0:0:0:4, 3:0:0:0:2, 3:0:0:0:0, 4:0:0:0:2, 2:0:0:0:0, 5:0:0:0:6, 2:0:0:0:0, 3:0:0:0:1, 4:0:1:0:8, 5:0:1:0:6, 4:0:0:0:1, 8:0:0:0:1, 4:0:0:0:5, 2:0:0:0:0, 4:0:0:0:3, 2:0:0:0:0, 2:0:0:0:0, 2:0:0:0:0, 3:0:0:0:1, 2:0:0:0:1, 0:0:0:0:0, 2:0:0:0:0, 0:0:0:0:0, 2:0:0:0:1, 3:0:0:0:3, 3:0:0:0:0, 3:0:0:0:0, 3:0:0:0:0, 0:0:0:0:0, 1:0:0:0:1, 2:0:0:0:2, 4:0:0:0:1, 3:0:0:0:3, 0:0:0:0:0, 3:0:0:0:2, 0:0:0:0:0, 0:0:0:0:0, 2:0:0:0:1, 0:0:0:0:0, 4:0:0:0:3, 1:0:0:0:0, 2:0:0:0:2, 2:0:0:0:2, 3:0:0:0:3, 5:0:0:0:4, 5:0:1:0:3, 4:0:0:0:4, 2:0:0:0:0, 3:0:0:0:5, 2:0:0:0:2, 2:0:0:0:0, 5:0:0:0:0, 5:0:0:0:1, 3:0:0:0:2, 2:0:0:0:0, 4:0:0:0:0, 0:0:0:0:0, 2:0:0:0:2, 3:0:0:0:4, 4:0:0:0:0, 2:0:0:0:0, 2:0:0:0:0, 2:0:0:0:0, 0:0:0:0:0, 2:0:0:0:2, 3:0:0:0:3, 3:0:0:0:5, 1:0:0:0:0, 2:0:0:0:4, 0:0:0:0:0, 1:0:0:0:0, 3:0:0:0:1, 1:0:0:0:0, 4:0:0:0:3, 1:0:0:0:0, 2:0:0:0:2, 2:0:0:0:4, 5:0:0:0:3, 5:0:0:0:4, 3:0:0:0:3, 3:0:0:0:6, 2:0:0:0:0, 3:0:0:0:4, 3:0:0:0:1, 2:0:0:0:0, 4:0:0:0:0, 4:0:0:0:1, 5:0:1:0:3, 0:0:0:0:0, 3:0:0:0:0, 0:0:0:0:0, 5:0:0:0:3, 3:0:1:0:4, 9:0:0:0:0, 5:0:0:0:4, 2:0:0:0:0, 0:0:0:0:0, 0:0:0:0:0, 3:0:0:0:0, 1:0:0:0:4, 2:0:0:0:6, 2:0:0:0:3, 1:0:0:0:1, 1:0:0:0:0, 1:0:0:0:0, 4:0:0:0:1, 3:0:0:0:1, 3:0:0:0:3, 2:0:0:0:0, 5:0:0:0:2, 2:0:0:0:5, 6:0:0:0:6, 5:0:0:0:3, 6:0:0:0:2, 3:0:0:0:2, 3:0:0:0:0, 3:0:0:0:6, 3:0:0:0:0, 3:0:0:0:2, 0:0:0:0:0, 0:0:0:0:0, 0:0:0:0:0, 0:0:0:0:0, 438:0:7:0:260
C locrian (0), 3:0:0:0:0, 2:0:0:0:0, 3:0:0:0:0, 2:0:0:0:1, 0:0:0:0:0, 2:0:0:0:0, 0:0:0:0:0, 3:0:0:0:2, 2:0:0:0:5, 3:0:0:0:0, 1:0:0:0:0, 1:0:0:0:0, 1:0:0:0:1, 0:0:0:0:0, 1:0:0:0:0, 1:0:0:0:1, 2:0:0:0:3, 0:0:0:0:0, 4:0:0:0:1, 1:0:0:0:1, 0:0:0:0:0, 1:0:0:0:1, 0:0:0:0:0, 3:0:0:0:2, 3:0:0:0:1, 3:0:0:0:3, 5:0:2:0:8, 3:0:0:0:2, 5:0:0:0:2, 4:0:0:0:1, 3:0:0:0:3, 2:0:0:0:0, 3:0:0:0:3, 2:0:0:0:0, 2:0:0:0:0, 2:0:0:0:0, 5:0:0:0:2, 3:0:0:0:1, 0:0:0:0:0, 3:0:0:0:0, 0:0:0:0:0, 3:0:0:0:1, 2:0:0:0:6, 5:0:0:0:0, 1:0:0:0:0, 6:0:0:0:1, 1:0:0:0:0, 2:0:0:0:0, 7:0:0:0:2, 3:0:0:0:1, 2:0:0:0:6, 1:0:0:0:0, 4:0:0:0:4, 3:0:0:0:2, 3:0:0:0:0, 4:0:0:0:2, 2:0:0:0:0, 5:0:0:0:6, 2:0:0:0:0, 3:0:0:0:1, 4:0:1:0:8, 5:0:1:0:6, 4:0:0:0:1, 8:0:0:0:1, 4:0:0:0:5, 2:0:0:0:0, 4:0:0:0:3, 2:0:0:0:0, 2:0:0:0:0, 2:0:0:0:0, 3:0:0:0:1, 2:0:0:0:1, 0:0:0:0:0, 2:0:0:0:0, 0:0:0:0:0, 2:0:0:0:1, 3:0:0:0:3, 3:0:0:0:0, 3:0:0:0:0, 3:0:0:0:0, 0:0:0:0:0, 1:0:0:0:1, 2:0:0:0:2, 4:0:0:0:1, 3:0:0:0:3, 0:0:0:0:0, 3:0:0:0:2, 0:0:0:0:0, 0:0:0:0:0, 2:0:0:0:1, 0:0:0:0:0, 4:0:0:0:3, 1:0:0:0:0, 2:0:0:0:2, 2:0:0:0:2, 3:0:0:0:3, 5:0:0:0:4, 5:0:1:0:3, 4:0:0:0:4, 2:0:0:0:0, 3:0:0:0:5, 2:0:0:0:2, 2:0:0:0:0, 5:0:0:0:0, 5:0:0:0:1, 3:0:0:0:2, 2:0:0:0:0, 4:0:0:0:0, 0:0:0:0:0, 2:0:0:0:2, 3:0:0:0:4, 4:0:0:0:0, 2:0:0:0:0, 2:0:0:0:0, 2:0:0:0:0, 0:0:0:0:0, 2:0:0:0:2, 3:0:0:0:3, 3:0:0:0:5, 1:0:0:0:0, 2:0:0:0:4, 0:0:0:0:0, 1:0:0:0:0, 3:0:0:0:1, 1:0:0:0:0, 4:0:0:0:3, 1:0:0:0:0, 2:0:0:0:2, 2:0:0:0:4, 5:0:0:0:3, 5:0:0:0:4, 3:0:0:0:3, 3:0:0:0:6, 2:0:0:0:0, 3:0:0:0:4, 3:0:0:0:1, 2:0:0:0:0, 4:0:0:0:0, 4:0:0:0:1, 5:0:1:0:3, 0:0:0:0:0, 3:0:0:0:0, 0:0:0:0:0, 5:0:0:0:3, 3:0:1:0:4, 9:0:0:0:0, 5:0:0:0:4, 2:0:0:0:0, 0:0:0:0:0, 0:0:0:0:0, 3:0:0:0:0, 1:0:0:0:4, 2:0:0:0:6, 2:0:0:0:3, 1:0:0:0:1, 1:0:0:0:0, 1:0:0:0:0, 4:0:0:0:1, 3:0:0:0:1, 3:0:0:0:3, 2:0:0:0:0, 5:0:0:0:2, 2:0:0:0:5, 6:0:0:0:6, 5:0:0:0:3, 6:0:0:0:2, 3:0:0:0:2, 3:0:0:0:0, 3:0:0:0:6, 3:0:0:0:0, 3:0:0:0:2, 0:0:0:0:0, 0:0:0:0:0, 0:0:0:0:0, 0:0:0:0:0, 438:0:7:0:260
F major (1b), 2:0:0:0:0, 1:0:0:0:0, 2:0:0:0:0, 1:1:0:0:1, 0:0:0:0:0, 1:0:0:0:0, 0:0:0:0:0, 4:3:0:0:3, 2:5:0:0:5, 2:0:0:0:0, 0:0:0:0:0, 0:0:0:0:0, 1:1:0:0:1, 0:0:0:0:0, 2:1:0:0:1, 2:1:0:0:1, 3:3:0:0:3, 1:0:0:0:0, 5:1:0:0:1, 1:1:0:0:1, 0:0:0:0:0, 2:1:0:0:1, 1:0:0:0:0, 4:4:0:0:4, 4:1:0:0:1, 4:4:0:0:4, 6:8:2:0:8, 4:5:0:0:5, 4:0:0:0:0, 4:0:0:0:0, 4:4:0:0:4, 3:1:0:0:1, 4:4:0:0:4, 3:1:0:0:1, 1:0:0:0:0, 1:0:0:0:0, 4:1:0:0:1, 2:1:0:0:1, 0:0:0:0:0, 2:0:0:0:0, 0:0:0:0:0, 4:2:0:0:2, 2:6:0:0:6, 4:0:0:0:0, 0:0:0:0:0, 5:2:0:0:2, 0:0:0:0:0, 2:0:0:0:0, 8:3:0:0:3, 4:1:0:0:1, 2:6:0:0:6, 2:2:0:0:2, 5:4:0:0:4, 4:1:0:0:1, 4:1:0:0:1, 5:1:0:0:1, 3:0:0:0:0, 6:10:0:0:10, 2:0:0:0:0, 4:3:0:0:3, 5:7:1:0:8, 6:9:1:0:9, 3:0:0:0:0, 7:0:0:0:0, 5:6:0:0:6, 3:2:0:0:2, 5:5:0:0:5, 3:3:0:0:3, 1:0:0:0:0, 1:0:0:0:0, 2:0:0:0:0, 1:1:0:0:1, 0:0:0:0:0, 1:0:0:0:0, 0:0:0:0:0, 3:4:0:0:4, 3:3:0:0:3, 2:0:0:0:0, 2:0:0:0:0, 2:0:0:0:0, 0:0:0:0:0, 1:1:0:0:1, 3:3:0:0:3, 5:1:0:0:1, 3:3:0:0:3, 1:0:0:0:0, 4:2:0:0:2, 1:0:0:0:0, 1:0:0:0:0, 3:1:0:0:1, 1:0:0:0:0, 5:6:0:0:6, 1:0:0:0:0, 3:3:0:0:3, 3:2:0:0:2, 4:3:0:0:3, 4:0:0:0:0, 5:0:1:0:1, 5:5:0:0:5, 3:1:0:0:1, 4:6:0:0:6, 3:5:0:0:5, 1:0:0:0:0, 4:0:0:0:0, 4:0:0:0:0, 2:2:0:0:2, 1:0:0:0:0, 3:0:0:0:0, 0:0:0:0:0, 3:4:0:0:4, 4:4:0:0:4, 3:0:0:0:0, 1:0:0:0:0, 1:0:0:0:0, 2:0:0:0:0, 0:0:0:0:0, 3:5:0:0:5, 4:4:0:0:4, 3:5:0:0:5, 2:2:0:0:2, 3:4:0:0:4, 1:0:0:0:0, 2:0:0:0:0, 4:1:0:0:1, 2:0:0:0:0, 5:6:0:0:6, 2:0:0:0:0, 3:6:0:0:6, 3:4:0:0:4, 6:4:1:0:5, 4:0:0:0:0, 3:0:0:0:0, 4:7:0:0:7, 3:1:0:0:1, 4:6:0:0:6, 4:4:0:0:4, 1:0:0:0:0, 3:0:0:0:0, 3:0:0:0:0, 4:3:1:0:3, 0:0:0:0:0, 2:0:0:0:0, 0:0:0:0:0, 6:4:0:0:4, 4:4:1:0:4, 8:0:0:0:0, 4:3:0:0:3, 1:0:0:0:0, 0:0:0:0:0, 0:0:0:0:0, 4:1:0:0:1, 2:4:0:0:4, 2:6:0:0:6, 3:7:0:0:7, 2:1:0:0:1, 2:0:0:0:0, 1:0:0:0:0, 5:1:0:0:1, 4:1:0:0:1, 4:5:0:0:5, 2:0:0:0:0, 6:3:0:0:3, 3:5:0:0:5, 6:6:0:0:6, 4:0:0:0:0, 7:0:0:0:0, 4:3:0:0:3, 4:2:0:0:2, 4:9:0:0:9, 4:3:0:0:3, 4:3:0:0:3, 1:0:0:0:0, 1:0:0:0:0, 1:0:0:0:0, 1:0:0:0:0, 482:319:8:0:322
G major (1#), 4:0:0:0:2, 2:2:0:0:0, 4:0:0:0:2, 2:2:0:0:0, 1:0:0:0:0, 3:2:0:0:0, 1:0:0:0:0, 2:0:0:0:1, 2:0:0:0:3, 4:8:0:0:1, 2:1:0:0:0, 1:1:0:0:0, 2:0:0:0:1, 0:0:0:0:0, 0:0:0:0:0, 1:0:0:0:1, 2:0:0:0:1, 0:0:0:0:0, 4:0:0:0:2, 2:0:0:0:0, 1:0:0:0:0, 2:0:0:0:1, 1:0:0:0:0, 2:0:0:0:1, 4:1:0:0:1, 2:0:0:0:1, 4:0:2:0:4, 2:0:0:0:1, 5:6:0:0:4, 5:4:0:0:1, 2:0:0:0:1, 1:0:0:0:0, 2:0:0:0:1, 1:0:0:0:0, 3:3:0:0:0, 3:2:0:0:1, 6:4:0:0:2, 2:2:0:0:0, 1:0:0:0:0, 4:2:0:0:0, 1:0:0:0:0, 2:0:0:0:1, 2:0:0:0:4, 6:9:0:0:4, 2:2:0:0:0, 5:5:0:0:4, 2:0:0:0:1, 3:0:0:0:1, 6:0:0:0:4, 4:0:0:0:1, 2:0:0:0:4, 1:0:1:0:1, 3:1:0:0:5, 3:0:0:0:1, 4:2:0:0:1, 5:1:0:0:3, 3:0:0:0:0, 4:0:0:0:3, 3:1:0:0:0, 2:1:0:0:2, 4:3:1:0:4, 4:0:1:0:2, 5:7:0:0:3, 9:3:0:0:3, 3:0:0:0:4, 1:0:0:0:0, 3:0:0:0:2, 1:0:0:0:1, 3:2:0:0:0, 3:2:0:0:1, 4:3:0:0:1, 3:1:0:0:0, 1:0:0:0:0, 3:2:0:0:0, 1:0:0:0:0, 1:0:0:0:1, 2:0:0:0:1, 4:6:0:0:3, 4:2:0:0:0, 3:2:0:0:1, 1:0:0:0:0, 2:0:0:0:1, 1:0:0:0:2, 5:0:0:0:4, 2:0:0:0:1, 0:0:0:0:0, 2:0:0:0:2, 0:0:0:0:0, 1:0:0:0:0, 3:0:0:0:1, 1:0:0:0:0, 3:0:0:0:2, 2:1:0:0:0, 1:0:0:0:2, 2:0:0:0:1, 2:0:0:0:2, 5:6:0:0:4, 5:8:1:0:2, 3:0:0:0:2, 1:0:0:0:0, 2:0:0:0:3, 1:0:0:0:2, 3:2:0:0:0, 6:2:0:0:3, 6:4:0:0:1, 3:2:0:0:1, 3:0:0:0:3, 5:3:0:0:0, 1:0:0:0:0, 1:0:0:0:2, 2:0:0:0:1, 5:5:0:0:4, 3:3:0:0:0, 3:2:0:0:0, 3:0:0:0:1, 1:0:0:0:0, 1:0:0:0:2, 4:0:0:0:3, 2:0:0:0:2, 0:0:0:0:0, 1:0:0:0:4, 0:0:0:0:0, 2:0:0:0:0, 4:0:0:0:1, 2:0:0:0:0, 3:0:0:0:2, 2:1:0:0:0, 1:0:0:0:2, 2:0:0:0:1, 4:0:0:0:3, 6:11:0:0:5, 4:6:0:0:1, 2:0:0:0:1, 1:0:0:0:1, 2:0:0:0:3, 2:0:0:0:2, 3:4:0:0:0, 5:8:0:0:2, 5:5:0:0:2, 6:2:1:0:2, 1:0:0:0:0, 4:4:0:0:0, 1:0:0:0:0, 4:0:0:0:3, 3:0:1:0:2, 10:5:0:0:2, 6:4:0:0:3, 3:2:0:0:0, 1:0:0:0:0, 0:0:0:0:0, 2:0:0:0:1, 2:0:0:0:4, 2:0:0:0:2, 1:0:0:0:3, 1:0:0:0:1, 2:0:0:0:0, 2:0:0:0:0, 5:0:0:0:1, 4:1:0:0:1, 2:0:0:0:2, 3:2:0:0:0, 4:0:0:0:3, 2:0:0:0:4, 5:0:0:0:6, 6:6:0:0:3, 6:5:0:0:3, 2:0:0:0:1, 2:0:0:0:3, 2:0:0:0:3, 2:0:0:0:2, 2:0:0:0:1, 0:0:0:0:0, 0:0:0:0:0, 0:0:0:0:0, 0:0:0:0:0, 463:199:8:0:240
D minor (1b), 2:0:0:0:0, 1:0:0:0:0, 2:0:0:0:0, 1:1:0:0:1, 0:0:0:0:0, 1:0:0:0:0, 0:0:0:0:0, 4:3:0:0:3, 2:5:0:0:5, 2:0:0:0:0, 0:0:0:0:0, 0:0:0:0:0, 1:1:0:0:1, 0:0:0:0:0, 2:1:0:0:1, 2:1:0:0:1, 3:3:0:0:3, 1:0:0:0:0, 5:1:0:0:1, 1:1:0:0:1, 0:0:0:0:0, 2:1:0:0:1, 1:0:0:0:0, 4:4:0:0:4, 4:1:0:0:1, 4:4:0:0:4, 6:8:2:0:8, 4:5:0:0:5, 4:0:0:0:0, 4:0:0:0:0, 4:4:0:0:4, 3:1:0:0:1, 4:4:0:0:4, 3:1:0:0:1, 1:0:0:0:0, 1:0:0:0:0, 4:1:0:0:1, 2:1:0:0:1, 0:0:0:0:0, 2:0:0:0:0, 0:0:0:0:0, 4:2:0:0:2, 2:6:0:0:6, 4:0:0:0:0, 0:0:0:0:0, 5:2:0:0:2, 0:0:0:0:0, 2:0:0:0:0, 8:3:0:0:3, 4:1:0:0:1, 2:6:0:0:6, 2:2:0:0:2, 5:4:0:0:4, 4:1:0:0:1, 4:1:0:0:1, 5:1:0:0:1, 3:0:0:0:0, 6:10:0:0:10, 2:0:0:0:0, 4:3:0:0:3, 5:7:1:0:8, 6:9:1:0:9, 3:0:0:0:0, 7:0:0:0:0, 5:6:0:0:6, 3:2:0:0:2, 5:5:0:0:5, 3:3:0:0:3, 1:0:0:0:0, 1:0:0:0:0, 2:0:0:0:0, 1:1:0:0:1, 0:0:0:0:0, 1:0:0:0:0, 0:0:0:0:0, 3:4:0:0:4, 3:3:0:0:3, 2:0:0:0:0, 2:0:0:0:0, 2:0:0:0:0, 0:0:0:0:0, 1:1:0:0:1, 3:3:0:0:3, 5:1:0:0:1, 3:3:0:0:3, 1:0:0:0:0, 4:2:0:0:2, 1:0:0:0:0, 1:0:0:0:0, 3:1:0:0:1, 1:0:0:0:0, 5:6:0:0:6, 1:0:0:0:0, 3:3:0:0:3, 3:2:0:0:2, 4:3:0:0:3, 4:0:0:0:0, 5:0:1:0:1, 5:5:0:0:5, 3:1:0:0:1, 4:6:0:0:6, 3:5:0:0:5, 1:0:0:0:0, 4:0:0:0:0, 4:0:0:0:0, 2:2:0:0:2, 1:0:0:0:0, 3:0:0:0:0, 0:0:0:0:0, 3:4:0:0:4, 4:4:0:0:4, 3:0:0:0:0, 1:0:0:0:0, 1:0:0:0:0, 2:0:0:0:0, 0:0:0:0:0, 3:5:0:0:5, 4:4:0:0:4, 3:5:0:0:5, 2:2:0:0:2, 3:4:0:0:4, 1:0:0:0:0, 2:0:0:0:0, 4:1:0:0:1, 2:0:0:0:0, 5:6:0:0:6, 2:0:0:0:0, 3:6:0:0:6, 3:4:0:0:4, 6:4:1:0:5, 4:0:0:0:0, 3:0:0:0:0, 4:7:0:0:7, 3:1:0:0:1, 4:6:0:0:6, 4:4:0:0:4, 1:0:0:0:0, 3:0:0:0:0, 3:0:0:0:0, 4:3:1:0:3, 0:0:0:0:0, 2:0:0:0:0, 0:0:0:0:0, 6:4:0:0:4, 4:4:1:0:4, 8:0:0:0:0, 4:3:0:0:3, 1:0:0:0:0, 0:0:0:0:0, 0:0:0:0:0, 4:1:0:0:1, 2:4:0:0:4, 2:6:0:0:6, 3:7:0:0:7, 2:1:0:0:1, 2:0:0:0:0, 1:0:0:0:0, 5:1:0:0:1, 4:1:0:0:1, 4:5:0:0:5, 2:0:0:0:0, 6:3:0:0:3, 3:5:0:0:5, 6:6:0:0:6, 4:0:0:0:0, 7:0:0:0:0, 4:3:0:0:3, 4:2:0:0:2, 4:9:0:0:9, 4:3:0:0:3, 4:3:0:0:3, 1:0:0:0:0, 1:0:0:0:0, 1:0:0:0:0, 1:0:0:0:0, 482:319:8:0:322
E minor (1#), 4:0:0:0:2, 2:2:0:0:0, 4:0:0:0:2, 2:2:0:0:0, 1:0:0:0:0, 3:2:0:0:0, 1:0:0:0:0, 2:0:0:0:1, 2:0:0:0:3, 4:8:0:0:1, 2:1:0:0:0, 1:1:0:0:0, 2:0:0:0:1, 0:0:0:0:0, 0:0:0:0:0, 1:0:0:0:1, 2:0:0:0:1, 0:0:0:0:0, 4:0:0:0:2, 2:0:0:0:0, 1:0:0:0:0, 2:0:0:0:1, 1:0:0:0:0, 2:0:0:0:1, 4:1:0:0:1, 2:0:0:0:1, 4:0:2:0:4, 2:0:0:0:1, 5:6:0:0:4, 5:4:0:0:1, 2:0:0:0:1, 1:0:0:0:0, 2:0:0:0:1, 1:0:0:0:0, 3:3:0:0:0, 3:2:0:0:1, 6:4:0:0:2, 2:2:0:0:0, 1:0:0:0:0, 4:2:0:0:0, 1:0:0:0:0, 2:0:0:0:1, 2:0:0:0:4, 6:9:0:0:4, 2:2:0:0:0, 5:5:0:0:4, 2:0:0:0:1, 3:0:0:0:1, 6:0:0:0:4, 4:0:0:0:1, 2:0:0:0:4, 1:0:1:0:1, 3:1:0:0:5, 3:0:0:0:1, 4:2:0:0:1, 5:1:0:0:3, 3:0:0:0:0, 4:0:0:0:3, 3:1:0:0:0, 2:1:0:0:2, 4:3:1:0:4, 4:0:1:0:2, 5:7:0:0:3, 9:3:0:0:3, 3:0:0:0:4, 1:0:0:0:0, 3:0:0:0:2, 1:0:0:0:1, 3:2:0:0:0, 3:2:0:0:1, 4:3:0:0:1, 3:1:0:0:0, 1:0:0:0:0, 3:2:0:0:0, 1:0:0:0:0, 1:0:0:0:1, 2:0:0:0:1, 4:6:0:0:3, 4:2:0:0:0, 3:2:0:0:1, 1:0:0:0:0, 2:0:0:0:1, 1:0:0:0:2, 5:0:0:0:4, 2:0:0:0:1, 0:0:0:0:0, 2:0:0:0:2, 0:0:0:0:0, 1:0:0:0:0, 3:0:0:0:1, 1:0:0:0:0, 3:0:0:0:2, 2:1:0:0:0, 1:0:0:0:2, 2:0:0:0:1, 2:0:0:0:2, 5:6:0:0:4, 5:8:1:0:2, 3:0:0:0:2, 1:0:0:0:0, 2:0:0:0:3, 1:0:0:0:2, 3:2:0:0:0, 6:2:0:0:3, 6:4:0:0:1, 3:2:0:0:1, 3:0:0:0:3, 5:3:0:0:0, 1:0:0:0:0, 1:0:0:0:2, 2:0:0:0:1, 5:5:0:0:4, 3:3:0:0:0, 3:2:0:0:0, 3:0:0:0:1, 1:0:0:0:0, 1:0:0:0:2, 4:0:0:0:3, 2:0:0:0:2, 0:0:0:0:0, 1:0:0:0:4, 0:0:0:0:0, 2:0:0:0:0, 4:0:0:0:1, 2:0:0:0:0, 3:0:0:0:2, 2:1:0:0:0, 1:0:0:0:2, 2:0:0:0:1, 4:0:0:0:3, 6:11:0:0:5, 4:6:0:0:1, 2:0:0:0:1, 1:0:0:0:1, 2:0:0:0:3, 2:0:0:0:2, 3:4:0:0:0, 5:8:0:0:2, 5:5:0:0:2, 6:2:1:0:2, 1:0:0:0:0, 4:4:0:0:0, 1:0:0:0:0, 4:0:0:0:3, 3:0:1:0:2, 10:5:0:0:2, 6:4:0:0:3, 3:2:0:0:0, 1:0:0:0:0, 0:0:0:0:0, 2:0:0:0:1, 2:0:0:0:4, 2:0:0:0:2, 1:0:0:0:3, 1:0:0:0:1, 2:0:0:0:0, 2:0:0:0:0, 5:0:0:0:1, 4:1:0:0:1, 2:0:0:0:2, 3:2:0:0:0, 4:0:0:0:3, 2:0:0:0:4, 5:0:0:0:6, 6:6:0:0:3, 6:5:0:0:3, 2:0:0:0:1, 2:0:0:0:3, 2:0:0:0:3, 2:0:0:0:2, 2:0:0:0:1, 0:0:0:0:0, 0:0:0:0:0, 0:0:0:0:0, 0:0:0:0:0, 463:199:8:0:240
D minor mel (1b), 2:0:0:0:0, 1:0:0:0:0, 2:0:0:0:0, 1:1:0:0:1, 0:0:0:0:0, 1:0:0:0:0, 0:0:0:0:0, 4:3:0:0:3, 2:5:0:0:5, 2:0:0:0:0, 0:0:0:0:0, 0:0:0:0:0, 1:1:0:0:1, 0:0:0:0:0, 2:1:0:0:1, 2:1:0:0:1, 3:3:0:0:3, 1:0:0:0:0, 5:1:0:0:1, 1:1:0:0:1, 0:0:0:0:0, 2:1:0:0:1, 1:0:0:0:0, 4:4:0:0:4, 4:1:0:0:1, 4:4:0:0:4, 6:8:2:0:8, 4:5:0:0:5, 4:0:0:0:0, 4:0:0:0:0, 4:4:0:0:4, 3:1:0:0:1, 4:4:0:0:4, 3:1:0:0:1, 1:0:0:0:0, 1:0:0:0:0, 4:1:0:0:1, 2:1:0:0:1, 0:0:0:0:0, 2:0:0:0:0, 0:0:0:0:0, 4:2:0:0:2, 2:6:0:0:6, 4:0:0:0:0, 0:0:0:0:0, 5:2:0:0:2, 0:0:0:0:0, 2:0:0:0:0, 8:3:0:0:3, 4:1:0:0:1, 2:6:0:0:6, 2:2:0:0:2, 5:4:0:0:4, 4:1:0:0:1, 4:1:0:0:1, 5:1:0:0:1, 3:0:0:0:0, 6:10:0:0:10, 2:0:0:0:0, 4:3:0:0:3, 5:7:1:0:8, 6:9:1:0:9, 3:0:0:0:0, 7:0:0:0:0, 5:6:0:0:6, 3:2:0:0:2, 5:5:0:0:5, 3:3:0:0:3, 1:0:0:0:0, 1:0:0:0:0, 2:0:0:0:0, 1:1:0:0:1, 0:0:0:0:0, 1:0:0:0:0, 0:0:0:0:0, 3:4:0:0:4, 3:3:0:0:3, 2:0:0:0:0, 2:0:0:0:0, 2:0:0:0:0, 0:0:0:0:0, 1:1:0:0:1, 3:3:0:0:3, 5:1:0:0:1, 3:3:0:0:3, 1:0:0:0:0, 4:2:0:0:2, 1:0:0:0:0, 1:0:0:0:0, 3:1:0:0:1, 1:0:0:0:0, 5:6:0:0:6, 1:0:0:0:0, 3:3:0:0:3, 3:2:0:0:2, 4:3:0:0:3, 4:0:0:0:0, 5:0:1:0:1, 5:5:0:0:5, 3:1:0:0:1, 4:6:0:0:6, 3:5:0:0:5, 1:0:0:0:0, 4:0:0:0:0, 4:0:0:0:0, 2:2:0:0:2, 1:0:0:0:0, 3:0:0:0:0, 0:0:0:0:0, 3:4:0:0:4, 4:4:0:0:4, 3:0:0:0:0, 1:0:0:0:0, 1:0:0:0:0, 2:0:0:0:0, 0:0:0:0:0, 3:5:0:0:5, 4:4:0:0:4, 3:5:0:0:5, 2:2:0:0:2, 3:4:0:0:4, 1:0:0:0:0, 2:0:0:0:0, 4:1:0:0:1, 2:0:0:0:0, 5:6:0:0:6, 2:0:0:0:0, 3:6:0:0:6, 3:4:0:0:4, 6:4:1:0:5, 4:0:0:0:0, 3:0:0:0:0, 4:7:0:0:7, 3:1:0:0:1, 4:6:0:0:6, 4:4:0:0:4, 1:0:0:0:0, 3:0:0:0:0, 3:0:0:0:0, 4:3:1:0:3, 0:0:0:0:0, 2:0:0:0:0, 0:0:0:0:0, 6:4:0:0:4, 4:4:1:0:4, 8:0:0:0:0, 4:3:0:0:3, 1:0:0:0:0, 0:0:0:0:0, 0:0:0:0:0, 4:1:0:0:1, 2:4:0:0:4, 2:6:0:0:6, 3:7:0:0:7, 2:1:0:0:1, 2:0:0:0:0, 1:0:0:0:0, 5:1:0:0:1, 4:1:0:0:1, 4:5:0:0:5, 2:0:0:0:0, 6:3:0:0:3, 3:5:0:0:5, 6:6:0:0:6, 4:0:0:0:0, 7:0:0:0:0, 4:3:0:0:3, 4:2:0:0:2, 4:9:0:0:9, 4:3:0:0:3, 4:3:0:0:3, 1:0:0:0:0, 1:0:0:0:0, 1:0:0:0:0, 1:0:0:0:0, 482:319:8:0:322
E minor mel (1#), 4:0:0:0:2, 2:2:0:0:0, 4:0:0:0:2, 2:2:0:0:0, 1:0:0:0:0, 3:2:0:0:0, 1:0:0:0:0, 2:0:0:0:1, 2:0:0:0:3, 4:8:0:0:1, 2:1:0:0:0, 1:1:0:0:0, 2:0:0:0:1, 0:0:0:0:0, 0:0:0:0:0, 1:0:0:0:1, 2:0:0:0:1, 0:0:0:0:0, 4:0:0:0:2, 2:0:0:0:0, 1:0:0:0:0, 2:0:0:0:1, 1:0:0:0:0, 2:0:0:0:1, 4:1:0:0:1, 2:0:0:0:1, 4:0:2:0:4, 2:0:0:0:1, 5:6:0:0:4, 5:4:0:0:1, 2:0:0:0:1, 1:0:0:0:0, 2:0:0:0:1, 1:0:0:0:0, 3:3:0:0:0, 3:2:0:0:1, 6:4:0:0:2, 2:2:0:0:0, 1:0:0:0:0, 4:2:0:0:0, 1:0:0:0:0, 2:0:0:0:1, 2:0:0:0:4, 6:9:0:0:4, 2:2:0:0:0, 5:5:0:0:4, 2:0:0:0:1, 3:0:0:0:1, 6:0:0:0:4, 4:0:0:0:1, 2:0:0:0:4, 1:0:1:0:1, 3:1:0:0:5, 3:0:0:0:1, 4:2:0:0:1, 5:1:0:0:3, 3:0:0:0:0, 4:0:0:0:3, 3:1:0:0:0, 2:1:0:0:2, 4:3:1:0:4, 4:0:1:0:2, 5:7:0:0:3, 9:3:0:0:3, 3:0:0:0:4, 1:0:0:0:0, 3:0:0:0:2, 1:0:0:0:1, 3:2:0:0:0, 3:2:0:0:1, 4:3:0:0:1, 3:1:0:0:0, 1:0:0:0:0, 3:2:0:0:0, 1:0:0:0:0, 1:0:0:0:1, 2:0:0:0:1, 4:6:0:0:3, 4:2:0:0:0, 3:2:0:0:1, 1:0:0:0:0, 2:0:0:0:1, 1:0:0:0:2, 5:0:0:0:4, 2:0:0:0:1, 0:0:0:0:0, 2:0:0:0:2, 0:0:0:0:0, 1:0:0:0:0, 3:0:0:0:1, 1:0:0:0:0, 3:0:0:0:2, 2:1:0:0:0, 1:0:0:0:2, 2:0:0:0:1, 2:0:0:0:2, 5:6:0:0:4, 5:8:1:0:2, 3:0:0:0:2, 1:0:0:0:0, 2:0:0:0:3, 1:0:0:0:2, 3:2:0:0:0, 6:2:0:0:3, 6:4:0:0:1, 3:2:0:0:1, 3:0:0:0:3, 5:3:0:0:0, 1:0:0:0:0, 1:0:0:0:2, 2:0:0:0:1, 5:5:0:0:4, 3:3:0:0:0, 3:2:0:0:0, 3:0:0:0:1, 1:0:0:0:0, 1:0:0:0:2, 4:0:0:0:3, 2:0:0:0:2, 0:0:0:0:0, 1:0:0:0:4, 0:0:0:0:0, 2:0:0:0:0, 4:0:0:0:1, 2:0:0:0:0, 3:0:0:0:2, 2:1:0:0:0, 1:0:0:0:2, 2:0:0:0:1, 4:0:0:0:3, 6:11:0:0:5, 4:6:0:0:1, 2:0:0:0:1, 1:0:0:0:1, 2:0:0:0:3, 2:0:0:0:2, 3:4:0:0:0, 5:8:0:0:2, 5:5:0:0:2, 6:2:1:0:2, 1:0:0:0:0, 4:4:0:0:0, 1:0:0:0:0, 4:0:0:0:3, 3:0:1:0:2, 10:5:0:0:2, 6:4:0:0:3, 3:2:0:0:0, 1:0:0:0:0, 0:0:0:0:0, 2:0:0:0:1, 2:0:0:0:4, 2:0:0:0:2, 1:0:0:0:3, 1:0:0:0:1, 2:0:0:0:0, 2:0:0:0:0, 5:0:0:0:1, 4:1:0:0:1, 2:0:0:0:2, 3:2:0:0:0, 4:0:0:0:3, 2:0:0:0:4, 5:0:0:0:6, 6:6:0:0:3, 6:5:0:0:3, 2:0:0:0:1, 2:0:0:0:3, 2:0:0:0:3, 2:0:0:0:2, 2:0:0:0:1, 0:0:0:0:0, 0:0:0:0:0, 0:0:0:0:0, 0:0:0:0:0, 463:199:8:0:240
F major blues (1b), 2:0:0:0:0, 1:0:0:0:0, 2:0:0:0:0, 1:1:0:0:1, 0:0:0:0:0, 1:0:0:0:0, 0:0:0:0:0, 4:3:0:0:3, 2:5:0:0:5, 2:0:0:0:0, 0:0:0:0:0, 0:0:0:0:0, 1:1:0:0:1, 0:0:0:0:0, 2:1:0:0:1, 2:1:0:0:1, 3:3:0:0:3, 1:0:0:0:0, 5:1:0:0:1, 1:1:0:0:1, 0:0:0:0:0, 2:1:0:0:1, 1:0:0:0:0, 4:4:0:0:4, 4:1:0:0:1, 4:4:0:0:4, 6:8:2:0:8, 4:5:0:0:5, 4:0:0:0:0, 4:0:0:0:0, 4:4:0:0:4, 3:1:0:0:1, 4:4:0:0:4, 3:1:0:0:1, 1:0:0:0:0, 1:0:0:0:0, 4:1:0:0:1, 2:1:0:0:1, 0:0:0:0:0, 2:0:0:0:0, 0:0:0:0:0, 4:2:0:0:2, 2:6:0:0:6, 4:0:0:0:0, 0:0:0:0:0, 5:2:0:0:2, 0:0:0:0:0, 2:0:0:0:0, 8:3:0:0:3, 4:1:0:0:1, 2:6:0:0:6, 2:2:0:0:2, 5:4:0:0:4, 4:1:0:0:1, 4:1:0:0:1, 5:1:0:0:1, 3:0:0:0:0, 6:10:0:0:10, 2:0:0:0:0, 4:3:0:0:3, 5:7:1:0:8, 6:9:1:0:9, 3:0:0:0:0, 7:0:0:0:0, 5:6:0:0:6, 3:2:0:0:2, 5:5:0:0:5, 3:3:0:0:3, 1:0:0:0:0, 1:0:0:0:0, 2:0:0:0:0, 1:1:0:0:1, 0:0:0:0:0, 1:0:0:0:0, 0:0:0:0:0, 3:4:0:0:4, 3:3:0:0:3, 2:0:0:0:0, 2:0:0:0:0, 2:0:0:0:0, 0:0:0:0:0, 1:1:0:0:1, 3:3:0:0:3, 5:1:0:0:1, 3:3:0:0:3, 1:0:0:0:0, 4:2:0:0:2, 1:0:0:0:0, 1:0:0:0:0, 3:1:0:0:1, 1:0:0:0:0, 5:6:0:0:6, 1:0:0:0:0, 3:3:0:0:3, 3:2:0:0:2, 4:3:0:0:3, 4:0:0:0:0, 5:0:1:0:1, 5:5:0:0:5, 3:1:0:0:1, 4:6:0:0:6, 3:5:0:0:5, 1:0:0:0:0, 4:0:0:0:0, 4:0:0:0:0, 2:2:0:0:2, 1:0:0:0:0, 3:0:0:0:0, 0:0:0:0:0, 3:4:0:0:4, 4:4:0:0:4, 3:0:0:0:0, 1:0:0:0:0, 1:0:0:0:0, 2:0:0:0:0, 0:0:0:0:0, 3:5:0:0:5, 4:4:0:0:4, 3:5:0:0:5, 2:2:0:0:2, 3:4:0:0:4, 1:0:0:0:0, 2:0:0:0:0, 4:1:0:0:1, 2:0:0:0:0, 5:6:0:0:6, 2:0:0:0:0, 3:6:0:0:6, 3:4:0:0:4, 6:4:1:0:5, 4:0:0:0:0, 3:0:0:0:0, 4:7:0:0:7, 3:1:0:0:1, 4:6:0:0:6, 4:4:0:0:4, 1:0:0:0:0, 3:0:0:0:0, 3:0:0:0:0, 4:3:1:0:3, 0:0:0:0:0, 2:0:0:0:0, 0:0:0:0:0, 6:4:0:0:4, 4:4:1:0:4, 8:0:0:0:0, 4:3:0:0:3, 1:0:0:0:0, 0:0:0:0:0, 0:0:0:0:0, 4:1:0:0:1, 2:4:0:0:4, 2:6:0:0:6, 3:7:0:0:7, 2:1:0:0:1, 2:0:0:0:0, 1:0:0:0:0, 5:1:0:0:1, 4:1:0:0:1, 4:5:0:0:5, 2:0:0:0:0, 6:3:0:0:3, 3:5:0:0:5, 6:6:0:0:6, 4:0:0:0:0, 7:0:0:0:0, 4:3:0:0:3, 4:2:0:0:2, 4:9:0:0:9, 4:3:0:0:3, 4:3:0:0:3, 1:0:0:0:0, 1:0:0:0:0, 1:0:0:0:0, 1:0:0:0:0, 482:319:8:0:322
G major blues (1#), 4:0:0:0:2, 2:2:0:0:0, 4:0:0:0:2, 2:2:0:0:0, 1:0:0:0:0, 3:2:0:0:0, 1:0:0:0:0, 2:0:0:0:1, 2:0:0:0:3, 4:8:0:0:1, 2:1:0:0:0, 1:1:0:0:0, 2:0:0:0:1, 0:0:0:0:0, 0:0:0:0:0, 1:0:0:0:1, 2:0:0:0:1, 0:0:0:0:0, 4:0:0:0:2, 2:0:0:0:0, 1:0:0:0:0, 2:0:0:0:1, 1:0:0:0:0, 2:0:0:0:1, 4:1:0:0:1, 2:0:0:0:1, 4:0:2:0:4, 2:0:0:0:1, 5:6:0:0:4, 5:4:0:0:1, 2:0:0:0:1, 1:0:0:0:0, 2:0:0:0:1, 1:0:0:0:0, 3:3:0:0:0, 3:2:0:0:1, 6:4:0:0:2, 2:2:0:0:0, 1:0:0:0:0, 4:2:0:0:0, 1:0:0:0:0, 2:0:0:0:1, 2:0:0:0:4, 6:9:0:0:4, 2:2:0:0:0, 5:5:0:0:4, 2:0:0:0:1, 3:0:0:0:1, 6:0:0:0:4, 4:0:0:0:1, 2:0:0:0:4, 1:0:1:0:1, 3:1:0:0:5, 3:0:0:0:1, 4:2:0:0:1, 5:1:0:0:3, 3:0:0:0:0, 4:0:0:0:3, 3:1:0:0:0, 2:1:0:0:2, 4:3:1:0:4, 4:0:1:0:2, 5:7:0:0:3, 9:3:0:0:3, 3:0:0:0:4, 1:0:0:0:0, 3:0:0:0:2, 1:0:0:0:1, 3:2:0:0:0, 3:2:0:0:1, 4:3:0:0:1, 3:1:0:0:0, 1:0:0:0:0, 3:2:0:0:0, 1:0:0:0:0, 1:0:0:0:1, 2:0:0:0:1, 4:6:0:0:3, 4:2:0:0:0, 3:2:0:0:1, 1:0:0:0:0, 2:0:0:0:1, 1:0:0:0:2, 5:0:0:0:4, 2:0:0:0:1, 0:0:0:0:0, 2:0:0:0:2, 0:0:0:0:0, 1:0:0:0:0, 3:0:0:0:1, 1:0:0:0:0, 3:0:0:0:2, 2:1:0:0:0, 1:0:0:0:2, 2:0:0:0:1, 2:0:0:0:2, 5:6:0:0:4, 5:8:1:0:2, 3:0:0:0:2, 1:0:0:0:0, 2:0:0:0:3, 1:0:0:0:2, 3:2:0:0:0, 6:2:0:0:3, 6:4:0:0:1, 3:2:0:0:1, 3:0:0:0:3, 5:3:0:0:0, 1:0:0:0:0, 1:0:0:0:2, 2:0:0:0:1, 5:5:0:0:4, 3:3:0:0:0, 3:2:0:0:0, 3:0:0:0:1, 1:0:0:0:0, 1:0:0:0:2, 4:0:0:0:3, 2:0:0:0:2, 0:0:0:0:0, 1:0:0:0:4, 0:0:0:0:0, 2:0:0:0:0, 4:0:0:0:1, 2:0:0:0:0, 3:0:0:0:2, 2:1:0:0:0, 1:0:0:0:2, 2:0:0:0:1, 4:0:0:0:3, 6:11:0:0:5, 4:6:0:0:1, 2:0:0:0:1, 1:0:0:0:1, 2:0:0:0:3, 2:0:0:0:2, 3:4:0:0:0, 5:8:0:0:2, 5:5:0:0:2, 6:2:1:0:2, 1:0:0:0:0, 4:4:0:0:0, 1:0:0:0:0, 4:0:0:0:3, 3:0:1:0:2, 10:5:0:0:2, 6:4:0:0:3, 3:2:0:0:0, 1:0:0:0:0, 0:0:0:0:0, 2:0:0:0:1, 2:0:0:0:4, 2:0:0:0:2, 1:0:0:0:3, 1:0:0:0:1, 2:0:0:0:0, 2:0:0:0:0, 5:0:0:0:1, 4:1:0:0:1, 2:0:0:0:2, 3:2:0:0:0, 4:0:0:0:3, 2:0:0:0:4, 5:0:0:0:6, 6:6:0:0:3, 6:5:0:0:3, 2:0:0:0:1, 2:0:0:0:3, 2:0:0:0:3, 2:0:0:0:2, 2:0:0:0:1, 0:0:0:0:0, 0:0:0:0:0, 0:0:0:0:0, 0:0:0:0:0, 463:199:8:0:240
D minor blues (1b), 2:0:0:0:0, 1:0:0:0:0, 2:0:0:0:0, 1:1:0:0:1, 0:0:0:0:0, 1:0:0:0:0, 0:0:0:0:0, 4:3:0:0:3, 2:5:0:0:5, 2:0:0:0:0, 0:0:0:0:0, 0:0:0:0:0, 1:1:0:0:1, 0:0:0:0:0, 2:1:0:0:1, 2:1:0:0:1, 3:3:0:0:3, 1:0:0:0:0, 5:1:0:0:1, 1:1:0:0:1, 0:0:0:0:0, 2:1:0:0:1, 1:0:0:0:0, 4:4:0:0:4, 4:1:0:0:1, 4:4:0:0:4, 6:8:2:0:8, 4:5:0:0:5, 4:0:0:0:0, 4:0:0:0:0, 4:4:0:0:4, 3:1:0:0:1, 4:4:0:0:4, 3:1:0:0:1, 1:0:0:0:0, 1:0:0:0:0, 4:1:0:0:1, 2:1:0:0:1, 0:0:0:0:0, 2:0:0:0:0, 0:0:0:0:0, 4:2:0:0:2, 2:6:0:0:6, 4:0:0:0:0, 0:0:0:0:0, 5:2:0:0:2, 0:0:0:0:0, 2:0:0:0:0, 8:3:0:0:3, 4:1:0:0:1, 2:6:0:0:6, 2:2:0:0:2, 5:4:0:0:4, 4:1:0:0:1, 4:1:0:0:1, 5:1:0:0:1, 3:0:0:0:0, 6:10:0:0:10, 2:0:0:0:0, 4:3:0:0:3, 5:7:1:0:8, 6:9:1:0:9, 3:0:0:0:0, 7:0:0:0:0, 5:6:0:0:6, 3:2:0:0:2, 5:5:0:0:5, 3:3:0:0:3, 1:0:0:0:0, 1:0:0:0:0, 2:0:0:0:0, 1:1:0:0:1, 0:0:0:0:0, 1:0:0:0:0, 0:0:0:0:0, 3:4:0:0:4, 3:3:0:0:3, 2:0:0:0:0, 2:0:0:0:0, 2:0:0:0:0, 0:0:0:0:0, 1:1:0:0:1, 3:3:0:0:3, 5:1:0:0:1, 3:3:0:0:3, 1:0:0:0:0, 4:2:0:0:2, 1:0:0:0:0, 1:0:0:0:0, 3:1:0:0:1, 1:0:0:0:0, 5:6:0:0:6, 1:0:0:0:0, 3:3:0:0:3, 3:2:0:0:2, 4:3:0:0:3, 4:0:0:0:0, 5:0:1:0:1, 5:5:0:0:5, 3:1:0:0:1, 4:6:0:0:6, 3:5:0:0:5, 1:0:0:0:0, 4:0:0:0:0, 4:0:0:0:0, 2:2:0:0:2, 1:0:0:0:0, 3:0:0:0:0, 0:0:0:0:0, 3:4:0:0:4, 4:4:0:0:4, 3:0:0:0:0, 1:0:0:0:0, 1:0:0:0:0, 2:0:0:0:0, 0:0:0:0:0, 3:5:0:0:5, 4:4:0:0:4, 3:5:0:0:5, 2:2:0:0:2, 3:4:0:0:4, 1:0:0:0:0, 2:0:0:0:0, 4:1:0:0:1, 2:0:0:0:0, 5:6:0:0:6, 2:0:0:0:0, 3:6:0:0:6, 3:4:0:0:4, 6:4:1:0:5, 4:0:0:0:0, 3:0:0:0:0, 4:7:0:0:7, 3:1:0:0:1, 4:6:0:0:6, 4:4:0:0:4, 1:0:0:0:0, 3:0:0:0:0, 3:0:0:0:0, 4:3:1:0:3, 0:0:0:0:0, 2:0:0:0:0, 0:0:0:0:0, 6:4:0:0:4, 4:4:1:0:4, 8:0:0:0:0, 4:3:0:0:3, 1:0:0:0:0, 0:0:0:0:0, 0:0:0:0:0, 4:1:0:0:1, 2:4:0:0:4, 2:6:0:0:6, 3:7:0:0:7, 2:1:0:0:1, 2:0:0:0:0, 1:0:0:0:0, 5:1:0:0:1, 4:1:0:0:1, 4:5:0:0:5, 2:0:0:0:0, 6:3:0:0:3, 3:5:0:0:5, 6:6:0:0:6, 4:0:0:0:0, 7:0:0:0:0, 4:3:0:0:3, 4:2:0:0:2, 4:9:0:0:9, 4:3:0:0:3, 4:3:0:0:3, 1:0:0:0:0, 1:0:0:0:0, 1:0:0:0:0, 1:0:0:0:0, 482:319:8:0:322
E minor blues (1#), 4:0:0:0:2, 2:2:0:0:0, 4:0:0:0:2, 2:2:0:0:0, 1:0:0:0:0, 3:2:0:0:0, 1:0:0:0:0, 2:0:0:0:1, 2:0:0:0:3, 4:8:0:0:1, 2:1:0:0:0, 1:1:0:0:0, 2:0:0:0:1, 0:0:0:0:0, 0:0:0:0:0, 1:0:0:0:1, 2:0:0:0:1, 0:0:0:0:0, 4:0:0:0:2, 2:0:0:0:0, 1:0:0:0:0, 2:0:0:0:1, 1:0:0:0:0, 2:0:0:0:1, 4:1:0:0:1, 2:0:0:0:1, 4:0:2:0:4, 2:0:0:0:1, 5:6:0:0:4, 5:4:0:0:1, 2:0:0:0:1, 1:0:0:0:0, 2:0:0:0:1, 1:0:0:0:0, 3:3:0:0:0, 3:2:0:0:1, 6:4:0:0:2, 2:2:0:0:0, 1:0:0:0:0, 4:2:0:0:0, 1:0:0:0:0, 2:0:0:0:1, 2:0:0:0:4, 6:9:0:0:4, 2:2:0:0:0, 5:5:0:0:4, 2:0:0:0:1, 3:0:0:0:1, 6:0:0:0:4, 4:0:0:0:1, 2:0:0:0:4, 1:0:1:0:1, 3:1:0:0:5, 3:0:0:0:1, 4:2:0:0:1, 5:1:0:0:3, 3:0:0:0:0, 4:0:0:0:3, 3:1:0:0:0, 2:1:0:0:2, 4:3:1:0:4, 4:0:1:0:2, 5:7:0:0:3, 9:3:0:0:3, 3:0:0:0:4, 1:0:0:0:0, 3:0:0:0:2, 1:0:0:0:1, 3:2:0:0:0, 3:2:0:0:1, 4:3:0:0:1, 3:1:0:0:0, 1:0:0:0:0, 3:2:0:0:0, 1:0:0:0:0, 1:0:0:0:1, 2:0:0:0:1, 4:6:0:0:3, 4:2:0:0:0, 3:2:0:0:1, 1:0:0:0:0, 2:0:0:0:1, 1:0:0:0:2, 5:0:0:0:4, 2:0:0:0:1, 0:0:0:0:0, 2:0:0:0:2, 0:0:0:0:0, 1:0:0:0:0, 3:0:0:0:1, 1:0:0:0:0, 3:0:0:0:2, 2:1:0:0:0, 1:0:0:0:2, 2:0:0:0:1, 2:0:0:0:2, 5:6:0:0:4, 5:8:1:0:2, 3:0:0:0:2, 1:0:0:0:0, 2:0:0:0:3, 1:0:0:0:2, 3:2:0:0:0, 6:2:0:0:3, 6:4:0:0:1, 3:2:0:0:1, 3:0:0:0:3, 5:3:0:0:0, 1:0:0:0:0, 1:0:0:0:2, 2:0:0:0:1, 5:5:0:0:4, 3:3:0:0:0, 3:2:0:0:0, 3:0:0:0:1, 1:0:0:0:0, 1:0:0:0:2, 4:0:0:0:3, 2:0:0:0:2, 0:0:0:0:0, 1:0:0:0:4, 0:0:0:0:0, 2:0:0:0:0, 4:0:0:0:1, 2:0:0:0:0, 3:0:0:0:2, 2:1:0:0:0, 1:0:0:0:2, 2:0:0:0:1, 4:0:0:0:3, 6:11:0:0:5, 4:6:0:0:1, 2:0:0:0:1, 1:0:0:0:1, 2:0:0:0:3, 2:0:0:0:2, 3:4:0:0:0, 5:8:0:0:2, 5:5:0:0:2, 6:2:1:0:2, 1:0:0:0:0, 4:4:0:0:0, 1:0:0:0:0, 4:0:0:0:3, 3:0:1:0:2, 10:5:0:0:2, 6:4:0:0:3, 3:2:0:0:0, 1:0:0:0:0, 0:0:0:0:0, 2:0:0:0:1, 2:0:0:0:4, 2:0:0:0:2, 1:0:0:0:3, 1:0:0:0:1, 2:0:0:0:0, 2:0:0:0:0, 5:0:0:0:1, 4:1:0:0:1, 2:0:0:0:2, 3:2:0:0:0, 4:0:0:0:3, 2:0:0:0:4, 5:0:0:0:6, 6:6:0:0:3, 6:5:0:0:3, 2:0:0:0:1, 2:0:0:0:3, 2:0:0:0:3, 2:0:0:0:2, 2:0:0:0:1, 0:0:0:0:0, 0:0:0:0:0, 0:0:0:0:0, 0:0:0:0:0, 463:199:8:0:240
F dorian (1b), 2:0:0:0:0, 1:0:0:0:0, 2:0:0:0:0, 1:1:0:0:1, 0:0:0:0:0, 1:0:0:0:0, 0:0:0:0:0, 4:3:0:0:3, 2:5:0:0:5, 2:0:0:0:0, 0:0:0:0:0, 0:0:0:0:0, 1:1:0:0:1, 0:0:0:0:0, 2:1:0:0:1, 2:1:0:0:1, 3:3:0:0:3, 1:0:0:0:0, 5:1:0:0:1, 1:1:0:0:1, 0:0:0:0:0, 2:1:0:0:1, 1:0:0:0:0, 4:4:0:0:4, 4:1:0:0:1, 4:4:0:0:4, 6:8:2:0:8, 4:5:0:0:5, 4:0:0:0:0, 4:0:0:0:0, 4:4:0:0:4, 3:1:0:0:1, 4:4:0:0:4, 3:1:0:0:1, 1:0:0:0:0, 1:0:0:0:0, 4:1:0:0:1, 2:1:0:0:1, 0:0:0:0:0, 2:0:0:0:0, 0:0:0:0:0, 4:2:0:0:2, 2:6:0:0:6, 4:0:0:0:0, 0:0:0:0:0, 5:2:0:0:2, 0:0:0:0:0, 2:0:0:0:0, 8:3:0:0:3, 4:1:0:0:1, 2:6:0:0:6, 2:2:0:0:2, 5:4:0:0:4, 4:1:0:0:1, 4:1:0:0:1, 5:1:0:0:1, 3:0:0:0:0, 6:10:0:0:10, 2:0:0:0:0, 4:3:0:0:3, 5:7:1:0:8, 6:9:1:0:9, 3:0:0:0:0, 7:0:0:0:0, 5:6:0:0:6, 3:2:0:0:2, 5:5:0:0:5, 3:3:0:0:3, 1:0:0:0:0, 1:0:0:0:0, 2:0:0:0:0, 1:1:0:0:1, 0:0:0:0:0, 1:0:0:0:0, 0:0:0:0:0, 3:4:0:0:4, 3:3:0:0:3, 2:0:0:0:0, 2:0:0:0:0, 2:0:0:0:0, 0:0:0:0:0, 1:1:0:0:1, 3:3:0:0:3, 5:1:0:0:1, 3:3:0:0:3, 1:0:0:0:0, 4:2:0:0:2, 1:0:0:0:0, 1:0:0:0:0, 3:1:0:0:1, 1:0:0:0:0, 5:6:0:0:6, 1:0:0:0:0, 3:3:0:0:3, 3:2:0:0:2, 4:3:0:0:3, 4:0:0:0:0, 5:0:1:0:1, 5:5:0:0:5, 3:1:0:0:1, 4:6:0:0:6, 3:5:0:0:5, 1:0:0:0:0, 4:0:0:0:0, 4:0:0:0:0, 2:2:0:0:2, 1:0:0:0:0, 3:0:0:0:0, 0:0:0:0:0, 3:4:0:0:4, 4:4:0:0:4, 3:0:0:0:0, 1:0:0:0:0, 1:0:0:0:0, 2:0:0:0:0, 0:0:0:0:0, 3:5:0:0:5, 4:4:0:0:4, 3:5:0:0:5, 2:2:0:0:2, 3:4:0:0:4, 1:0:0:0:0, 2:0:0:0:0, 4:1:0:0:1, 2:0:0:0:0, 5:6:0:0:6, 2:0:0:0:0, 3:6:0:0:6, 3:4:0:0:4, 6:4:1:0:5, 4:0:0:0:0, 3:0:0:0:0, 4:7:0:0:7, 3:1:0:0:1, 4:6:0:0:6, 4:4:0:0:4, 1:0:0:0:0, 3:0:0:0:0, 3:0:0:0:0, 4:3:1:0:3, 0:0:0:0:0, 2:0:0:0:0, 0:0:0:0:0, 6:4:0:0:4, 4:4:1:0:4, 8:0:0:0:0, 4:3:0:0:3, 1:0:0:0:0, 0:0:0:0:0, 0:0:0:0:0, 4:1:0:0:1, 2:4:0:0:4, 2:6:0:0:6, 3:7:0:0:7, 2:1:0:0:1, 2:0:0:0:0, 1:0:0:0:0, 5:1:0:0:1, 4:1:0:0:1, 4:5:0:0:5, 2:0:0:0:0, 6:3:0:0:3, 3:5:0:0:5, 6:6:0:0:6, 4:0:0:0:0, 7:0:0:0:0, 4:3:0:0:3, 4:2:0:0:2, 4:9:0:0:9, 4:3:0:0:3, 4:3:0:0:3, 1:0:0:0:0, 1:0:0:0:0, 1:0:0:0:0, 1:0:0:0:0, 482:319:8:0:322
G dorian (1#), 4:0:0:0:2, 2:2:0:0:0, 4:0:0:0:2, 2:2:0:0:0, 1:0:0:0:0, 3:2:0:0:0, 1:0:0:0:0, 2:0:0:0:1, 2:0:0:0:3, 4:8:0:0:1, 2:1:0:0:0, 1:1:0:0:0, 2:0:0:0:1, 0:0:0:0:0, 0:0:0:0:0, 1:0:0:0:1, 2:0:0:0:1, 0:0:0:0:0, 4:0:0:0:2, 2:0:0:0:0, 1:0:0:0:0, 2:0:0:0:1, 1:0:0:0:0, 2:0:0:0:1, 4:1:0:0:1, 2:0:0:0:1, 4:0:2:0:4, 2:0:0:0:1, 5:6:0:0:4, 5:4:0:0:1, 2:0:0:0:1, 1:0:0:0:0, 2:0:0:0:1, 1:0:0:0:0, 3:3:0:0:0, 3:2:0:0:1, 6:4:0:0:2, 2:2:0:0:0, 1:0:0:0:0, 4:2:0:0:0, 1:0:0:0:0, 2:0:0:0:1, 2:0:0:0:4, 6:9:0:0:4, 2:2:0:0:0, 5:5:0:0:4, 2:0:0:0:1, 3:0:0:0:1, 6:0:0:0:4, 4:0:0:0:1, 2:0:0:0:4, 1:0:1:0:1, 3:1:0:0:5, 3:0:0:0:1, 4:2:0:0:1, 5:1:0:0:3, 3:0:0:0:0, 4:0:0:0:3, 3:1:0:0:0, 2:1:0:0:2, 4:3:1:0:4, 4:0:1:0:2, 5:7:0:0:3, 9:3:0:0:3, 3:0:0:0:4, 1:0:0:0:0, 3:0:0:0:2, 1:0:0:0:1, 3:2:0:0:0, 3:2:0:0:1, 4:3:0:0:1, 3:1:0:0:0, 1:0:0:0:0, 3:2:0:0:0, 1:0:0:0:0, 1:0:0:0:1, 2:0:0:0:1, 4:6:0:0:3, 4:2:0:0:0, 3:2:0:0:1, 1:0:0:0:0, 2:0:0:0:1, 1:0:0:0:2, 5:0:0:0:4, 2:0:0:0:1, 0:0:0:0:0, 2:0:0:0:2, 0:0:0:0:0, 1:0:0:0:0, 3:0:0:0:1, 1:0:0:0:0, 3:0:0:0:2, 2:1:0:0:0, 1:0:0:0:2, 2:0:0:0:1, 2:0:0:0:2, 5:6:0:0:4, 5:8:1:0:2, 3:0:0:0:2, 1:0:0:0:0, 2:0:0:0:3, 1:0:0:0:2, 3:2:0:0:0, 6:2:0:0:3, 6:4:0:0:1, 3:2:0:0:1, 3:0:0:0:3, 5:3:0:0:0, 1:0:0:0:0, 1:0:0:0:2, 2:0:0:0:1, 5:5:0:0:4, 3:3:0:0:0, 3:2:0:0:0, 3:0:0:0:1, 1:0:0:0:0, 1:0:0:0:2, 4:0:0:0:3, 2:0:0:0:2, 0:0:0:0:0, 1:0:0:0:4, 0:0:0:0:0, 2:0:0:0:0, 4:0:0:0:1, 2:0:0:0:0, 3:0:0:0:2, 2:1:0:0:0, 1:0:0:0:2, 2:0:0:0:1, 4:0:0:0:3, 6:11:0:0:5, 4:6:0:0:1, 2:0:0:0:1, 1:0:0:0:1, 2:0:0:0:3, 2:0:0:0:2, 3:4:0:0:0, 5:8:0:0:2, 5:5:0:0:2, 6:2:1:0:2, 1:0:0:0:0, 4:4:0:0:0, 1:0:0:0:0, 4:0:0:0:3, 3:0:1:0:2, 10:5:0:0:2, 6:4:0:0:3, 3:2:0:0:0, 1:0:0:0:0, 0:0:0:0:0, 2:0:0:0:1, 2:0:0:0:4, 2:0:0:0:2, 1:0:0:0:3, 1:0:0:0:1, 2:0:0:0:0, 2:0:0:0:0, 5:0:0:0:1, 4:1:0:0:1, 2:0:0:0:2, 3:2:0:0:0, 4:0:0:0:3, 2:0:0:0:4, 5:0:0:0:6, 6:6:0:0:3, 6:5:0:0:3, 2:0:0:0:1, 2:0:0:0:3, 2:0:0:0:3, 2:0:0:0:2, 2:0:0:0:1, 0:0:0:0:0, 0:0:0:0:0, 0:0:0:0:0, 0:0:0:0:0, 463:199:8:0:240
F phrygian (1b), 2:0:0:0:0, 1:0:0:0:0, 2:0:0:0:0, 1:1:0:0:1, 0:0:0:0:0, 1:0:0:0:0, 0:0:0:0:0, 4:3:0:0:3, 2:5:0:0:5, 2:0:0:0:0, 0:0:0:0:0, 0:0:0:0:0, 1:1:0:0:1, 0:0:0:0:0, 2:1:0:0:1, 2:1:0:0:1, 3:3:0:0:3, 1:0:0:0:0, 5:1:0:0:1, 1:1:0:0:1, 0:0:0:0:0, 2:1:0:0:1, 1:0:0:0:0, 4:4:0:0:4, 4:1:0:0:1, 4:4:0:0:4, 6:8:2:0:8, 4:5:0:0:5, 4:0:0:0:0, 4:0:0:0:0, 4:4:0:0:4, 3:1:0:0:1, 4:4:0:0:4, 3:1:0:0:1, 1:0:0:0:0, 1:0:0:0:0, 4:1:0:0:1, 2:1:0:0:1, 0:0:0:0:0, 2:0:0:0:0, 0:0:0:0:0, 4:2:0:0:2, 2:6:0:0:6, 4:0:0:0:0, 0:0:0:0:0, 5:2:0:0:2, 0:0:0:0:0, 2:0:0:0:0, 8:3:0:0:3, 4:1:0:0:1, 2:6:0:0:6, 2:2:0:0:2, 5:4:0:0:4, 4:1:0:0:1, 4:1:0:0:1, 5:1:0:0:1, 3:0:0:0:0, 6:10:0:0:10, 2:0:0:0:0, 4:3:0:0:3, 5:7:1:0:8, 6:9:1:0:9, 3:0:0:0:0, 7:0:0:0:0, 5:6:0:0:6, 3:2:0:0:2, 5:5:0:0:5, 3:3:0:0:3, 1:0:0:0:0, 1:0:0:0:0, 2:0:0:0:0, 1:1:0:0:1, 0:0:0:0:0, 1:0:0:0:0, 0:0:0:0:0, 3:4:0:0:4, 3:3:0:0:3, 2:0:0:0:0, 2:0:0:0:0, 2:0:0:0:0, 0:0:0:0:0, 1:1:0:0:1, 3:3:0:0:3, 5:1:0:0:1, 3:3:0:0:3, 1:0:0:0:0, 4:2:0:0:2, 1:0:0:0:0, 1:0:0:0:0, 3:1:0:0:1, 1:0:0:0:0, 5:6:0:0:6, 1:0:0:0:0, 3:3:0:0:3, 3:2:0:0:2, 4:3:0:0:3, 4:0:0:0:0, 5:0:1:0:1, 5:5:0:0:5, 3:1:0:0:1, 4:6:0:0:6, 3:5:0:0:5, 1:0:0:0:0, 4:0:0:0:0, 4:0:0:0:0, 2:2:0:0:2, 1:0:0:0:0, 3:0:0:0:0, 0:0:0:0:0, 3:4:0:0:4, 4:4:0:0:4, 3:0:0:0:0, 1:0:0:0:0, 1:0:0:0:0, 2:0:0:0:0, 0:0:0:0:0, 3:5:0:0:5, 4:4:0:0:4, 3:5:0:0:5, 2:2:0:0:2, 3:4:0:0:4, 1:0:0:0:0, 2:0:0:0:0, 4:1:0:0:1, 2:0:0:0:0, 5:6:0:0:6, 2:0:0:0:0, 3:6:0:0:6, 3:4:0:0:4, 6:4:1:0:5, 4:0:0:0:0, 3:0:0:0:0, 4:7:0:0:7, 3:1:0:0:1, 4:6:0:0:6, 4:4:0:0:4, 1:0:0:0:0, 3:0:0:0:0, 3:0:0:0:0, 4:3:1:0:3, 0:0:0:0:0, 2:0:0:0:0, 0:0:0:0:0, 6:4:0:0:4, 4:4:1:0:4, 8:0:0:0:0, 4:3:0:0:3, 1:0:0:0:0, 0:0:0:0:0, 0:0:0:0:0, 4:1:0:0:1, 2:4:0:0:4, 2:6:0:0:6, 3:7:0:0:7, 2:1:0:0:1, 2:0:0:0:0, 1:0:0:0:0, 5:1:0:0:1, 4:1:0:0:1, 4:5:0:0:5, 2:0:0:0:0, 6:3:0:0:3, 3:5:0:0:5, 6:6:0:0:6, 4:0:0:0:0, 7:0:0:0:0, 4:3:0:0:3, 4:2:0:0:2, 4:9:0:0:9, 4:3:0:0:3, 4:3:0:0:3, 1:0:0:0:0, 1:0:0:0:0, 1:0:0:0:0, 1:0:0:0:0, 482:319:8:0:322
G phrygian (1#), 4:0:0:0:2, 2:2:0:0:0, 4:0:0:0:2, 2:2:0:0:0, 1:0:0:0:0, 3:2:0:0:0, 1:0:0:0:0, 2:0:0:0:1, 2:0:0:0:3, 4:8:0:0:1, 2:1:0:0:0, 1:1:0:0:0, 2:0:0:0:1, 0:0:0:0:0, 0:0:0:0:0, 1:0:0:0:1, 2:0:0:0:1, 0:0:0:0:0, 4:0:0:0:2, 2:0:0:0:0, 1:0:0:0:0, 2:0:0:0:1, 1:0:0:0:0, 2:0:0:0:1, 4:1:0:0:1, 2:0:0:0:1, 4:0:2:0:4, 2:0:0:0:1, 5:6:0:0:4, 5:4:0:0:1, 2:0:0:0:1, 1:0:0:0:0, 2:0:0:0:1, 1:0:0:0:0, 3:3:0:0:0, 3:2:0:0:1, 6:4:0:0:2, 2:2:0:0:0, 1:0:0:0:0, 4:2:0:0:0, 1:0:0:0:0, 2:0:0:0:1, 2:0:0:0:4, 6:9:0:0:4, 2:2:0:0:0, 5:5:0:0:4, 2:0:0:0:1, 3:0:0:0:1, 6:0:0:0:4, 4:0:0:0:1, 2:0:0:0:4, 1:0:1:0:1, 3:1:0:0:5, 3:0:0:0:1, 4:2:0:0:1, 5:1:0:0:3, 3:0:0:0:0, 4:0:0:0:3, 3:1:0:0:0, 2:1:0:0:2, 4:3:1:0:4, 4:0:1:0:2, 5:7:0:0:3, 9:3:0:0:3, 3:0:0:0:4, 1:0:0:0:0, 3:0:0:0:2, 1:0:0:0:1, 3:2:0:0:0, 3:2:0:0:1, 4:3:0:0:1, 3:1:0:0:0, 1:0:0:0:0, 3:2:0:0:0, 1:0:0:0:0, 1:0:0:0:1, 2:0:0:0:1, 4:6:0:0:3, 4:2:0:0:0, 3:2:0:0:1, 1:0:0:0:0, 2:0:0:0:1, 1:0:0:0:2, 5:0:0:0:4, 2:0:0:0:1, 0:0:0:0:0, 2:0:0:0:2, 0:0:0:0:0, 1:0:0:0:0, 3:0:0:0:1, 1:0:0:0:0, 3:0:0:0:2, 2:1:0:0:0, 1:0:0:0:2, 2:0:0:0:1, 2:0:0:0:2, 5:6:0:0:4, 5:8:1:0:2, 3:0:0:0:2, 1:0:0:0:0, 2:0:0:0:3, 1:0:0:0:2, 3:2:0:0:0, 6:2:0:0:3, 6:4:0:0:1, 3:2:0:0:1, 3:0:0:0:3, 5:3:0:0:0, 1:0:0:0:0, 1:0:0:0:2, 2:0:0:0:1, 5:5:0:0:4, 3:3:0:0:0, 3:2:0:0:0, 3:0:0:0:1, 1:0:0:0:0, 1:0:0:0:2, 4:0:0:0:3, 2:0:0:0:2, 0:0:0:0:0, 1:0:0:0:4, 0:0:0:0:0, 2:0:0:0:0, 4:0:0:0:1, 2:0:0:0:0, 3:0:0:0:2, 2:1:0:0:0, 1:0:0:0:2, 2:0:0:0:1, 4:0:0:0:3, 6:11:0:0:5, 4:6:0:0:1, 2:0:0:0:1, 1:0:0:0:1, 2:0:0:0:3, 2:0:0:0:2, 3:4:0:0:0, 5:8:0:0:2, 5:5:0:0:2, 6:2:1:0:2, 1:0:0:0:0, 4:4:0:0:0, 1:0:0:0:0, 4:0:0:0:3, 3:0:1:0:2, 10:5:0:0:2, 6:4:0:0:3, 3:2:0:0:0, 1:0:0:0:0, 0:0:0:0:0, 2:0:0:0:1, 2:0:0:0:4, 2:0:0:0:2, 1:0:0:0:3, 1:0:0:0:1, 2:0:0:0:0, 2:0:0:0:0, 5:0:0:0:1, 4:1:0:0:1, 2:0:0:0:2, 3:2:0:0:0, 4:0:0:0:3, 2:0:0:0:4, 5:0:0:0:6, 6:6:0:0:3, 6:5:0:0:3, 2:0:0:0:1, 2:0:0:0:3, 2:0:0:0:3, 2:0:0:0:2, 2:0:0:0:1, 0:0:0:0:0, 0:0:0:0:0, 0:0:0:0:0, 0:0:0:0:0, 463:199:8:0:240
F lydian (1b), 2:0:0:0:0, 1:0:0:0:0, 2:0:0:0:0, 1:1:0:0:1, 0:0:0:0:0, 1:0:0:0:0, 0:0:0:0:0, 4:3:0:0:3, 2:5:0:0:5, 2:0:0:0:0, 0:0:0:0:0, 0:0:0:0:0, 1:1:0:0:1, 0:0:0:0:0, 2:1:0:0:1, 2:1:0:0:1, 3:3:0:0:3, 1:0:0:0:0, 5:1:0:0:1, 1:1:0:0:1, 0:0:0:0:0, 2:1:0:0:1, 1:0:0:0:0, 4:4:0:0:4, 4:1:0:0:1, 4:4:0:0:4, 6:8:2:0:8, 4:5:0:0:5, 4:0:0:0:0, 4:0:0:0:0, 4:4:0:0:4, 3:1:0:0:1, 4:4:0:0:4, 3:1:0:0:1, 1:0:0:0:0, 1:0:0:0:0, 4:1:0:0:1, 2:1:0:0:1, 0:0:0:0:0, 2:0:0:0:0, 0:0:0:0:0, 4:2:0:0:2, 2:6:0:0:6, 4:0:0:0:0, 0:0:0:0:0, 5:2:0:0:2, 0:0:0:0:0, 2:0:0:0:0, 8:3:0:0:3, 4:1:0:0:1, 2:6:0:0:6, 2:2:0:0:2, 5:4:0:0:4, 4:1:0:0:1, 4:1:0:0:1, 5:1:0:0:1, 3:0:0:0:0, 6:10:0:0:10, 2:0:0:0:0, 4:3:0:0:3, 5:7:1:0:8, 6:9:1:0:9, 3:0:0:0:0, 7:0:0:0:0, 5:6:0:0:6, 3:2:0:0:2, 5:5:0:0:5, 3:3:0:0:3, 1:0:0:0:0, 1:0:0:0:0, 2:0:0:0:0, 1:1:0:0:1, 0:0:0:0:0, 1:0:0:0:0, 0:0:0:0:0, 3:4:0:0:4, 3:3:0:0:3, 2:0:0:0:0, 2:0:0:0:0, 2:0:0:0:0, 0:0:0:0:0, 1:1:0:0:1, 3:3:0:0:3, 5:1:0:0:1, 3:3:0:0:3, 1:0:0:0:0, 4:2:0:0:2, 1:0:0:0:0, 1:0:0:0:0, 3:1:0:0:1, 1:0:0:0:0, 5:6:0:0:6, 1:0:0:0:0, 3:3:0:0:3, 3:2:0:0:2, 4:3:0:0:3, 4:0:0:0:0, 5:0:1:0:1, 5:5:0:0:5, 3:1:0:0:1, 4:6:0:0:6, 3:5:0:0:5, 1:0:0:0:0, 4:0:0:0:0, 4:0:0:0:0, 2:2:0:0:2, 1:0:0:0:0, 3:0:0:0:0, 0:0:0:0:0, 3:4:0:0:4, 4:4:0:0:4, 3:0:0:0:0, 1:0:0:0:0, 1:0:0:0:0, 2:0:0:0:0, 0:0:0:0:0, 3:5:0:0:5, 4:4:0:0:4, 3:5:0:0:5, 2:2:0:0:2, 3:4:0:0:4, 1:0:0:0:0, 2:0:0:0:0, 4:1:0:0:1, 2:0:0:0:0, 5:6:0:0:6, 2:0:0:0:0, 3:6:0:0:6, 3:4:0:0:4, 6:4:1:0:5, 4:0:0:0:0, 3:0:0:0:0, 4:7:0:0:7, 3:1:0:0:1, 4:6:0:0:6, 4:4:0:0:4, 1:0:0:0:0, 3:0:0:0:0, 3:0:0:0:0, 4:3:1:0:3, 0:0:0:0:0, 2:0:0:0:0, 0:0:0:0:0, 6:4:0:0:4, 4:4:1:0:4, 8:0:0:0:0, 4:3:0:0:3, 1:0:0:0:0, 0:0:0:0:0, 0:0:0:0:0, 4:1:0:0:1, 2:4:0:0:4, 2:6:0:0:6, 3:7:0:0:7, 2:1:0:0:1, 2:0:0:0:0, 1:0:0:0:0, 5:1:0:0:1, 4:1:0:0:1, 4:5:0:0:5, 2:0:0:0:0, 6:3:0:0:3, 3:5:0:0:5, 6:6:0:0:6, 4:0:0:0:0, 7:0:0:0:0, 4:3:0:0:3, 4:2:0:0:2, 4:9:0:0:9, 4:3:0:0:3, 4:3:0:0:3, 1:0:0:0:0, 1:0:0:0:0, 1:0:0:0:0, 1:0:0:0:0, 482:319:8:0:322
G lydian (1#), 4:0:0:0:2, 2:2:0:0:0, 4:0:0:0:2, 2:2:0:0:0, 1:0:0:0:0, 3:2:0:0:0, 1:0:0:0:0, 2:0:0:0:1, 2:0:0:0:3, 4:8:0:0:1, 2:1:0:0:0, 1:1:0:0:0, 2:0:0:0:1, 0:0:0:0:0, 0:0:0:0:0, 1:0:0:0:1, 2:0:0:0:1, 0:0:0:0:0, 4:0:0:0:2, 2:0:0:0:0, 1:0:0:0:0, 2:0:0:0:1, 1:0:0:0:0, 2:0:0:0:1, 4:1:0:0:1, 2:0:0:0:1, 4:0:2:0:4, 2:0:0:0:1, 5:6:0:0:4, 5:4:0:0:1, 2:0:0:0:1, 1:0:0:0:0, 2:0:0:0:1, 1:0:0:0:0, 3:3:0:0:0, 3:2:0:0:1, 6:4:0:0:2, 2:2:0:0:0, 1:0:0:0:0, 4:2:0:0:0, 1:0:0:0:0, 2:0:0:0:1, 2:0:0:0:4, 6:9:0:0:4, 2:2:0:0:0, 5:5:0:0:4, 2:0:0:0:1, 3:0:0:0:1, 6:0:0:0:4, 4:0:0:0:1, 2:0:0:0:4, 1:0:1:0:1, 3:1:0:0:5, 3:0:0:0:1, 4:2:0:0:1, 5:1:0:0:3, 3:0:0:0:0, 4:0:0:0:3, 3:1:0:0:0, 2:1:0:0:2, 4:3:1:0:4, 4:0:1:0:2, 5:7:0:0:3, 9:3:0:0:3, 3:0:0:0:4, 1:0:0:0:0, 3:0:0:0:2, 1:0:0:0:1, 3:2:0:0:0, 3:2:0:0:1, 4:3:0:0:1, 3:1:0:0:0, 1:0:0:0:0, 3:2:0:0:0, 1:0:0:0:0, 1:0:0:0:1, 2:0:0:0:1, 4:6:0:0:3, 4:2:0:0:0, 3:2:0:0:1, 1:0:0:0:0, 2:0:0:0:1, 1:0:0:0:2, 5:0:0:0:4, 2:0:0:0:1, 0:0:0:0:0, 2:0:0:0:2, 0:0:0:0:0, 1:0:0:0:0, 3:0:0:0:1, 1:0:0:0:0, 3:0:0:0:2, 2:1:0:0:0, 1:0:0:0:2, 2:0:0:0:1, 2:0:0:0:2, 5:6:0:0:4, 5:8:1:0:2, 3:0:0:0:2, 1:0:0:0:0, 2:0:0:0:3, 1:0:0:0:2, 3:2:0:0:0, 6:2:0:0:3, 6:4:0:0:1, 3:2:0:0:1, 3:0:0:0:3, 5:3:0:0:0, 1:0:0:0:0, 1:0:0:0:2, 2:0:0:0:1, 5:5:0:0:4, 3:3:0:0:0, 3:2:0:0:0, 3:0:0:0:1, 1:0:0:0:0, 1:0:0:0:2, 4:0:0:0:3, 2:0:0:0:2, 0:0:0:0:0, 1:0:0:0:4, 0:0:0:0:0, 2:0:0:0:0, 4:0:0:0:1, 2:0:0:0:0, 3:0:0:0:2, 2:1:0:0:0, 1:0:0:0:2, 2:0:0:0:1, 4:0:0:0:3, 6:11:0:0:5, 4:6:0:0:1, 2:0:0:0:1, 1:0:0:0:1, 2:0:0:0:3, 2:0:0:0:2, 3:4:0:0:0, 5:8:0:0:2, 5:5:0:0:2, 6:2:1:0:2, 1:0:0:0:0, 4:4:0:0:0, 1:0:0:0:0, 4:0:0:0:3, 3:0:1:0:2, 10:5:0:0:2, 6:4:0:0:3, 3:2:0:0:0, 1:0:0:0:0, 0:0:0:0:0, 2:0:0:0:1, 2:0:0:0:4, 2:0:0:0:2, 1:0:0:0:3, 1:0:0:0:1, 2:0:0:0:0, 2:0:0:0:0, 5:0:0:0:1, 4:1:0:0:1, 2:0:0:0:2, 3:2:0:0:0, 4:0:0:0:3, 2:0:0:0:4, 5:0:0:0:6, 6:6:0:0:3, 6:5:0:0:3, 2:0:0:0:1, 2:0:0:0:3, 2:0:0:0:3, 2:0:0:0:2, 2:0:0:0:1, 0:0:0:0:0, 0:0:0:0:0, 0:0:0:0:0, 0:0:0:0:0, 463:199:8:0:240
F mixolydian (1b), 2:0:0:0:0, 1:0:0:0:0, 2:0:0:0:0, 1:1:0:0:1, 0:0:0:0:0, 1:0:0:0:0, 0:0:0:0:0, 4:3:0:0:3, 2:5:0:0:5, 2:0:0:0:0, 0:0:0:0:0, 0:0:0:0:0, 1:1:0:0:1, 0:0:0:0:0, 2:1:0:0:1, 2:1:0:0:1, 3:3:0:0:3, 1:0:0:0:0, 5:1:0:0:1, 1:1:0:0:1, 0:0:0:0:0, 2:1:0:0:1, 1:0:0:0:0, 4:4:0:0:4, 4:1:0:0:1, 4:4:0:0:4, 6:8:2:0:8, 4:5:0:0:5, 4:0:0:0:0, 4:0:0:0:0, 4:4:0:0:4, 3:1:0:0:1, 4:4:0:0:4, 3:1:0:0:1, 1:0:0:0:0, 1:0:0:0:0, 4:1:0:0:1, 2:1:0:0:1, 0:0:0:0:0, 2:0:0:0:0, 0:0:0:0:0, 4:2:0:0:2, 2:6:0:0:6, 4:0:0:0:0, 0:0:0:0:0, 5:2:0:0:2, 0:0:0:0:0, 2:0:0:0:0, 8:3:0:0:3, 4:1:0:0:1, 2:6:0:0:6, 2:2:0:0:2, 5:4:0:0:4, 4:1:0:0:1, 4:1:0:0:1, 5:1:0:0:1, 3:0:0:0:0, 6:10:0:0:10, 2:0:0:0:0, 4:3:0:0:3, 5:7:1:0:8, 6:9:1:0:9, 3:0:0:0:0, 7:0:0:0:0, 5:6:0:0:6, 3:2:0:0:2, 5:5:0:0:5, 3:3:0:0:3, 1:0:0:0:0, 1:0:0:0:0, 2:0:0:0:0, 1:1:0:0:1, 0:0:0:0:0, 1:0:0:0:0, 0:0:0:0:0, 3:4:0:0:4, 3:3:0:0:3, 2:0:0:0:0, 2:0:0:0:0, 2:0:0:0:0, 0:0:0:0:0, 1:1:0:0:1, 3:3:0:0:3, 5:1:0:0:1, 3:3:0:0:3, 1:0:0:0:0, 4:2:0:0:2, 1:0:0:0:0, 1:0:0:0:0, 3:1:0:0:1, 1:0:0:0:0, 5:6:0:0:6, 1:0:0:0:0, 3:3:0:0:3, 3:2:0:0:2, 4:3:0:0:3, 4:0:0:0:0, 5:0:1:0:1, 5:5:0:0:5, 3:1:0:0:1, 4:6:0:0:6, 3:5:0:0:5, 1:0:0:0:0, 4:0:0:0:0, 4:0:0:0:0, 2:2:0:0:2, 1:0:0:0:0, 3:0:0:0:0, 0:0:0:0:0, 3:4:0:0:4, 4:4:0:0:4, 3:0:0:0:0, 1:0:0:0:0, 1:0:0:0:0, 2:0:0:0:0, 0:0:0:0:0, 3:5:0:0:5, 4:4:0:0:4, 3:5:0:0:5, 2:2:0:0:2, 3:4:0:0:4, 1:0:0:0:0, 2:0:0:0:0, 4:1:0:0:1, 2:0:0:0:0, 5:6:0:0:6, 2:0:0:0:0, 3:6:0:0:6, 3:4:0:0:4, 6:4:1:0:5, 4:0:0:0:0, 3:0:0:0:0, 4:7:0:0:7, 3:1:0:0:1, 4:6:0:0:6, 4:4:0:0:4, 1:0:0:0:0, 3:0:0:0:0, 3:0:0:0:0, 4:3:1:0:3, 0:0:0:0:0, 2:0:0:0:0, 0:0:0:0:0, 6:4:0:0:4, 4:4:1:0:4, 8:0:0:0:0, 4:3:0:0:3, 1:0:0:0:0, 0:0:0:0:0, 0:0:0:0:0, 4:1:0:0:1, 2:4:0:0:4, 2:6:0:0:6, 3:7:0:0:7, 2:1:0:0:1, 2:0:0:0:0, 1:0:0:0:0, 5:1:0:0:1, 4:1:0:0:1, 4:5:0:0:5, 2:0:0:0:0, 6:3:0:0:3, 3:5:0:0:5, 6:6:0:0:6, 4:0:0:0:0, 7:0:0:0:0, 4:3:0:0:3, 4:2:0:0:2, 4:9:0:0:9, 4:3:0:0:3, 4:3:0:0:3, 1:0:0:0:0, 1:0:0:0:0, 1:0:0:0:0, 1:0:0:0:0, 482:319:8:0:322
G mixolydian (1#), 4:0:0:0:2, 2:2:0:0:0, 4:0:0:0:2, 2:2:0:0:0, 1:0:0:0:0, 3:2:0:0:0, 1:0:0:0:0, 2:0:0:0:1, 2:0:0:0:3, 4:8:0:0:1, 2:1:0:0:0, 1:1:0:0:0, 2:0:0:0:1, 0:0:0:0:0, 0:0:0:0:0, 1:0:0:0:1, 2:0:0:0:1, 0:0:0:0:0, 4:0:0:0:2, 2:0:0:0:0, 1:0:0:0:0, 2:0:0:0:1, 1:0:0:0:0, 2:0:0:0:1, 4:1:0:0:1, 2:0:0:0:1, 4:0:2:0:4, 2:0:0:0:1, 5:6:0:0:4, 5:4:0:0:1, 2:0:0:0:1, 1:0:0:0:0, 2:0:0:0:1, 1:0:0:0:0, 3:3:0:0:0, 3:2:0:0:1, 6:4:0:0:2, 2:2:0:0:0, 1:0:0:0:0, 4:2:0:0:0, 1:0:0:0:0, 2:0:0:0:1, 2:0:0:0:4, 6:9:0:0:4, 2:2:0:0:0, 5:5:0:0:4, 2:0:0:0:1, 3:0:0:0:1, 6:0:0:0:4, 4:0:0:0:1, 2:0:0:0:4, 1:0:1:0:1, 3:1:0:0:5, 3:0:0:0:1, 4:2:0:0:1, 5:1:0:0:3, 3:0:0:0:0, 4:0:0:0:3, 3:1:0:0:0, 2:1:0:0:2, 4:3:1:0:4, 4:0:1:0:2, 5:7:0:0:3, 9:3:0:0:3, 3:0:0:0:4, 1:0:0:0:0, 3:0:0:0:2, 1:0:0:0:1, 3:2:0:0:0, 3:2:0:0:1, 4:3:0:0:1, 3:1:0:0:0, 1:0:0:0:0, 3:2:0:0:0, 1:0:0:0:0, 1:0:0:0:1, 2:0:0:0:1, 4:6:0:0:3, 4:2:0:0:0, 3:2:0:0:1, 1:0:0:0:0, 2:0:0:0:1, 1:0:0:0:2, 5:0:0:0:4, 2:0:0:0:1, 0:0:0:0:0, 2:0:0:0:2, 0:0:0:0:0, 1:0:0:0:0, 3:0:0:0:1, 1:0:0:0:0, 3:0:0:0:2, 2:1:0:0:0, 1:0:0:0:2, 2:0:0:0:1, 2:0:0:0:2, 5:6:0:0:4, 5:8:1:0:2, 3:0:0:0:2, 1:0:0:0:0, 2:0:0:0:3, 1:0:0:0:2, 3:2:0:0:0, 6:2:0:0:3, 6:4:0:0:1, 3:2:0:0:1, 3:0:0:0:3, 5:3:0:0:0, 1:0:0:0:0, 1:0:0:0:2, 2:0:0:0:1, 5:5:0:0:4, 3:3:0:0:0, 3:2:0:0:0, 3:0:0:0:1, 1:0:0:0:0, 1:0:0:0:2, 4:0:0:0:3, 2:0:0:0:2, 0:0:0:0:0, 1:0:0:0:4, 0:0:0:0:0, 2:0:0:0:0, 4:0:0:0:1, 2:0:0:0:0, 3:0:0:0:2, 2:1:0:0:0, 1:0:0:0:2, 2:0:0:0:1, 4:0:0:0:3, 6:11:0:0:5, 4:6:0:0:1, 2:0:0:0:1, 1:0:0:0:1, 2:0:0:0:3, 2:0:0:0:2, 3:4:0:0:0, 5:8:0:0:2, 5:5:0:0:2, 6:2:1:0:2, 1:0:0:0:0, 4:4:0:0:0, 1:0:0:0:0, 4:0:0:0:3, 3:0:1:0:2, 10:5:0:0:2, 6:4:0:0:3, 3:2:0:0:0, 1:0:0:0:0, 0:0:0:0:0, 2:0:0:0:1, 2:0:0:0:4, 2:0:0:0:2, 1:0:0:0:3, 1:0:0:0:1, 2:0:0:0:0, 2:0:0:0:0, 5:0:0:0:1, 4:1:0:0:1, 2:0:0:0:2, 3:2:0:0:0, 4:0:0:0:3, 2:0:0:0:4, 5:0:0:0:6, 6:6:0:0:3, 6:5:0:0:3, 2:0:0:0:1, 2:0:0:0:3, 2:0:0:0:3, 2:0:0:0:2, 2:0:0:0:1, 0:0:0:0:0, 0:0:0:0:0, 0:0:0:0:0, 0:0:0:0:0, 463:199:8:0:240
F aeolian (1b), 2:0:0:0:0, 1:0:0:0:0, 2:0:0:0:0, 1:1:0:0:1, 0:0:0:0:0, 1:0:0:0:0, 0:0:0:0:0, 4:3:0:0:3, 2:5:0:0:5, 2:0:0:0:0, 0:0:0:0:0, 0:0:0:0:0, 1:1:0:0:1, 0:0:0:0:0, 2:1:0:0:1, 2:1:0:0:1, 3:3:0:0:3, 1:0:0:0:0, 5:1:0:0:1, 1:1:0:0:1, 0:0:0:0:0, 2:1:0:0:1, 1:0:0:0:0, 4:4:0:0:4, 4:1:0:0:1, 4:4:0:0:4, 6:8:2:0:8, 4:5:0:0:5, 4:0:0:0:0, 4:0:0:0:0, 4:4:0:0:4, 3:1:0:0:1, 4:4:0:0:4, 3:1:0:0:1, 1:0:0:0:0, 1:0:0:0:0, 4:1:0:0:1, 2:1:0:0:1, 0:0:0:0:0, 2:0:0:0:0, 0:0:0:0:0, 4:2:0:0:2, 2:6:0:0:6, 4:0:0:0:0, 0:0:0:0:0, 5:2:0:0:2, 0:0:0:0:0, 2:0:0:0:0, 8:3:0:0:3, 4:1:0:0:1, 2:6:0:0:6, 2:2:0:0:2, 5:4:0:0:4, 4:1:0:0:1, 4:1:0:0:1, 5:1:0:0:1, 3:0:0:0:0, 6:10:0:0:10, 2:0:0:0:0, 4:3:0:0:3, 5:7:1:0:8, 6:9:1:0:9, 3:0:0:0:0, 7:0:0:0:0, 5:6:0:0:6, 3:2:0:0:2, 5:5:0:0:5, 3:3:0:0:3, 1:0:0:0:0, 1:0:0:0:0, 2:0:0:0:0, 1:1:0:0:1, 0:0:0:0:0, 1:0:0:0:0, 0:0:0:0:0, 3:4:0:0:4, 3:3:0:0:3, 2:0:0:0:0, 2:0:0:0:0, 2:0:0:0:0, 0:0:0:0:0, 1:1:0:0:1, 3:3:0:0:3, 5:1:0:0:1, 3:3:0:0:3, 1:0:0:0:0, 4:2:0:0:2, 1:0:0:0:0, 1:0:0:0:0, 3:1:0:0:1, 1:0:0:0:0, 5:6:0:0:6, 1:0:0:0:0, 3:3:0:0:3, 3:2:0:0:2, 4:3:0:0:3, 4:0:0:0:0, 5:0:1:0:1, 5:5:0:0:5, 3:1:0:0:1, 4:6:0:0:6, 3:5:0:0:5, 1:0:0:0:0, 4:0:0:0:0, 4:0:0:0:0, 2:2:0:0:2, 1:0:0:0:0, 3:0:0:0:0, 0:0:0:0:0, 3:4:0:0:4, 4:4:0:0:4, 3:0:0:0:0, 1:0:0:0:0, 1:0:0:0:0, 2:0:0:0:0, 0:0:0:0:0, 3:5:0:0:5, 4:4:0:0:4, 3:5:0:0:5, 2:2:0:0:2, 3:4:0:0:4, 1:0:0:0:0, 2:0:0:0:0, 4:1:0:0:1, 2:0:0:0:0, 5:6:0:0:6, 2:0:0:0:0, 3:6:0:0:6, 3:4:0:0:4, 6:4:1:0:5, 4:0:0:0:0, 3:0:0:0:0, 4:7:0:0:7, 3:1:0:0:1, 4:6:0:0:6, 4:4:0:0:4, 1:0:0:0:0, 3:0:0:0:0, 3:0:0:0:0, 4:3:1:0:3, 0:0:0:0:0, 2:0:0:0:0, 0:0:0:0:0, 6:4:0:0:4, 4:4:1:0:4, 8:0:0:0:0, 4:3:0:0:3, 1:0:0:0:0, 0:0:0:0:0, 0:0:0:0:0, 4:1:0:0:1, 2:4:0:0:4, 2:6:0:0:6, 3:7:0:0:7, 2:1:0:0:1, 2:0:0:0:0, 1:0:0:0:0, 5:1:0:0:1, 4:1:0:0:1, 4:5:0:0:5, 2:0:0:0:0, 6:3:0:0:3, 3:5:0:0:5, 6:6:0:0:6, 4:0:0:0:0, 7:0:0:0:0, 4:3:0:0:3, 4:2:0:0:2, 4:9:0:0:9, 4:3:0:0:3, 4:3:0:0:3, 1:0:0:0:0, 1:0:0:0:0, 1:0:0:0:0, 1:0:0:0:0, 482:319:8:0:322
G aeolian (1#), 4:0:0:0:2, 2:2:0:0:0, 4:0:0:0:2, 2:2:0:0:0, 1:0:0:0:0, 3:2:0:0:0, 1:0:0:0:0, 2:0:0:0:1, 2:0:0:0:3, 4:8:0:0:1, 2:1:0:0:0, 1:1:0:0:0, 2:0:0:0:1, 0:0:0:0:0, 0:0:0:0:0, 1:0:0:0:1, 2:0:0:0:1, 0:0:0:0:0, 4:0:0:0:2, 2:0:0:0:0, 1:0:0:0:0, 2:0:0:0:1, 1:0:0:0:0, 2:0:0:0:1, 4:1:0:0:1, 2:0:0:0:1, 4:0:2:0:4, 2:0:0:0:1, 5:6:0:0:4, 5:4:0:0:1, 2:0:0:0:1, 1:0:0:0:0, 2:0:0:0:1, 1:0:0:0:0, 3:3:0:0:0, 3:2:0:0:1, 6:4:0:0:2, 2:2:0:0:0, 1:0:0:0:0, 4:2:0:0:0, 1:0:0:0:0, 2:0:0:0:1, 2:0:0:0:4, 6:9:0:0:4, 2:2:0:0:0, 5:5:0:0:4, 2:0:0:0:1, 3:0:0:0:1, 6:0:0:0:4, 4:0:0:0:1, 2:0:0:0:4, 1:0:1:0:1, 3:1:0:0:5, 3:0:0:0:1, 4:2:0:0:1, 5:1:0:0:3, 3:0:0:0:0, 4:0:0:0:3, 3:1:0:0:0, 2:1:0:0:2, 4:3:1:0:4, 4:0:1:0:2, 5:7:0:0:3, 9:3:0:0:3, 3:0:0:0:4, 1:0:0:0:0, 3:0:0:0:2, 1:0:0:0:1, 3:2:0:0:0, 3:2:0:0:1, 4:3:0:0:1, 3:1:0:0:0, 1:0:0:0:0, 3:2:0:0:0, 1:0:0:0:0, 1:0:0:0:1, 2:0:0:0:1, 4:6:0:0:3, 4:2:0:0:0, 3:2:0:0:1, 1:0:0:0:0, 2:0:0:0:1, 1:0:0:0:2, 5:0:0:0:4, 2:0:0:0:1, 0:0:0:0:0, 2:0:0:0:2, 0:0:0:0:0, 1:0:0:0:0, 3:0:0:0:1, 1:0:0:0:0, 3:0:0:0:2, 2:1:0:0:0, 1:0:0:0:2, 2:0:0:0:1, 2:0:0:0:2, 5:6:0:0:4, 5:8:1:0:2, 3:0:0:0:2, 1:0:0:0:0, 2:0:0:0:3, 1:0:0:0:2, 3:2:0:0:0, 6:2:0:0:3, 6:4:0:0:1, 3:2:0:0:1, 3:0:0:0:3, 5:3:0:0:0, 1:0:0:0:0, 1:0:0:0:2, 2:0:0:0:1, 5:5:0:0:4, 3:3:0:0:0, 3:2:0:0:0, 3:0:0:0:1, 1:0:0:0:0, 1:0:0:0:2, 4:0:0:0:3, 2:0:0:0:2, 0:0:0:0:0, 1:0:0:0:4, 0:0:0:0:0, 2:0:0:0:0, 4:0:0:0:1, 2:0:0:0:0, 3:0:0:0:2, 2:1:0:0:0, 1:0:0:0:2, 2:0:0:0:1, 4:0:0:0:3, 6:11:0:0:5, 4:6:0:0:1, 2:0:0:0:1, 1:0:0:0:1, 2:0:0:0:3, 2:0:0:0:2, 3:4:0:0:0, 5:8:0:0:2, 5:5:0:0:2, 6:2:1:0:2, 1:0:0:0:0, 4:4:0:0:0, 1:0:0:0:0, 4:0:0:0:3, 3:0:1:0:2, 10:5:0:0:2, 6:4:0:0:3, 3:2:0:0:0, 1:0:0:0:0, 0:0:0:0:0, 2:0:0:0:1, 2:0:0:0:4, 2:0:0:0:2, 1:0:0:0:3, 1:0:0:0:1, 2:0:0:0:0, 2:0:0:0:0, 5:0:0:0:1, 4:1:0:0:1, 2:0:0:0:2, 3:2:0:0:0, 4:0:0:0:3, 2:0:0:0:4, 5:0:0:0:6, 6:6:0:0:3, 6:5:0:0:3, 2:0:0:0:1, 2:0:0:0:3, 2:0:0:0:3, 2:0:0:0:2, 2:0:0:0:1, 0:0:0:0:0, 0:0:0:0:0, 0:0:0:0:0, 0:0:0:0:0, 463:199:8:0:240
F locrian (1b), 2:0:0:0:0, 1:0:0:0:0, 2:0:0:0:0, 1:1:0:0:1, 0:0:0:0:0, 1:0:0:0:0, 0:0:0:0:0, 4:3:0:0:3, 2:5:0:0:5, 2:0:0:0:0, 0:0:0:0:0, 0:0:0:0:0, 1:1:0:0:1, 0:0:0:0:0, 2:1:0:0:1, 2:1:0:0:1, 3:3:0:0:3, 1:0:0:0:0, 5:1:0:0:1, 1:1:0:0:1, 0:0:0:0:0, 2:1:0:0:1, 1:0:0:0:0, 4:4:0:0:4, 4:1:0:0:1, 4:4:0:0:4, 6:8:2:0:8, 4:5:0:0:5, 4:0:0:0:0, 4:0:0:0:0, 4:4:0:0:4, 3:1:0:0:1, 4:4:0:0:4, 3:1:0:0:1, 1:0:0:0:0, 1:0:0:0:0, 4:1:0:0:1, 2:1:0:0:1, 0:0:0:0:0, 2:0:0:0:0, 0:0:0:0:0, 4:2:0:0:2, 2:6:0:0:6, 4:0:0:0:0, 0:0:0:0:0, 5:2:0:0:2, 0:0:0:0:0, 2:0:0:0:0, 8:3:0:0:3, 4:1:0:0:1, 2:6:0:0:6, 2:2:0:0:2, 5:4:0:0:4, 4:1:0:0:1, 4:1:0:0:1, 5:1:0:0:1, 3:0:0:0:0, 6:10:0:0:10, 2:0:0:0:0, 4:3:0:0:3, 5:7:1:0:8, 6:9:1:0:9, 3:0:0:0:0, 7:0:0:0:0, 5:6:0:0:6, 3:2:0:0:2, 5:5:0:0:5, 3:3:0:0:3, 1:0:0:0:0, 1:0:0:0:0, 2:0:0:0:0, 1:1:0:0:1, 0:0:0:0:0, 1:0:0:0:0, 0:0:0:0:0, 3:4:0:0:4, 3:3:0:0:3, 2:0:0:0:0, 2:0:0:0:0, 2:0:0:0:0, 0:0:0:0:0, 1:1:0:0:1, 3:3:0:0:3, 5:1:0:0:1, 3:3:0:0:3, 1:0:0:0:0, 4:2:0:0:2, 1:0:0:0:0, 1:0:0:0:0, 3:1:0:0:1, 1:0:0:0:0, 5:6:0:0:6, 1:0:0:0:0, 3:3:0:0:3, 3:2:0:0:2, 4:3:0:0:3, 4:0:0:0:0, 5:0:1:0:1, 5:5:0:0:5, 3:1:0:0:1, 4:6:0:0:6, 3:5:0:0:5, 1:0:0:0:0, 4:0:0:0:0, 4:0:0:0:0, 2:2:0:0:2, 1:0:0:0:0, 3:0:0:0:0, 0:0:0:0:0, 3:4:0:0:4, 4:4:0:0:4, 3:0:0:0:0, 1:0:0:0:0, 1:0:0:0:0, 2:0:0:0:0, 0:0:0:0:0, 3:5:0:0:5, 4:4:0:0:4, 3:5:0:0:5, 2:2:0:0:2, 3:4:0:0:4, 1:0:0:0:0, 2:0:0:0:0, 4:1:0:0:1, 2:0:0:0:0, 5:6:0:0:6, 2:0:0:0:0, 3:6:0:0:6, 3:4:0:0:4, 6:4:1:0:5, 4:0:0:0:0, 3:0:0:0:0, 4:7:0:0:7, 3:1:0:0:1, 4:6:0:0:6, 4:4:0:0:4, 1:0:0:0:0, 3:0:0:0:0, 3:0:0:0:0, 4:3:1:0:3, 0:0:0:0:0, 2:0:0:0:0, 0:0:0:0:0, 6:4:0:0:4, 4:4:1:0:4, 8:0:0:0:0, 4:3:0:0:3, 1:0:0:0:0, 0:0:0:0:0, 0:0:0:0:0, 4:1:0:0:1, 2:4:0:0:4, 2:6:0:0:6, 3:7:0:0:7, 2:1:0:0:1, 2:0:0:0:0, 1:0:0:0:0, 5:1:0:0:1, 4:1:0:0:1, 4:5:0:0:5, 2:0:0:0:0, 6:3:0:0:3, 3:5:0:0:5, 6:6:0:0:6, 4:0:0:0:0, 7:0:0:0:0, 4:3:0:0:3, 4:2:0:0:2, 4:9:0:0:9, 4:3:0:0:3, 4:3:0:0:3, 1:0:0:0:0, 1:0:0:0:0, 1:0:0:0:0, 1:0:0:0:0, 482:319:8:0:322
G locrian (1#), 4:0:0:0:2, 2:2:0:0:0, 4:0:0:0:2, 2:2:0:0:0, 1:0:0:0:0, 3:2:0:0:0, 1:0:0:0:0, 2:0:0:0:1, 2:0:0:0:3, 4:8:0:0:1, 2:1:0:0:0, 1:1:0:0:0, 2:0:0:0:1, 0:0:0:0:0, 0:0:0:0:0, 1:0:0:0:1, 2:0:0:0:1, 0:0:0:0:0, 4:0:0:0:2, 2:0:0:0:0, 1:0:0:0:0, 2:0:0:0:1, 1:0:0:0:0, 2:0:0:0:1, 4:1:0:0:1, 2:0:0:0:1, 4:0:2:0:4, 2:0:0:0:1, 5:6:0:0:4, 5:4:0:0:1, 2:0:0:0:1, 1:0:0:0:0, 2:0:0:0:1, 1:0:0:0:0, 3:3:0:0:0, 3:2:0:0:1, 6:4:0:0:2, 2:2:0:0:0, 1:0:0:0:0, 4:2:0:0:0, 1:0:0:0:0, 2:0:0:0:1, 2:0:0:0:4, 6:9:0:0:4, 2:2:0:0:0, 5:5:0:0:4, 2:0:0:0:1, 3:0:0:0:1, 6:0:0:0:4, 4:0:0:0:1, 2:0:0:0:4, 1:0:1:0:1, 3:1:0:0:5, 3:0:0:0:1, 4:2:0:0:1, 5:1:0:0:3, 3:0:0:0:0, 4:0:0:0:3, 3:1:0:0:0, 2:1:0:0:2, 4:3:1:0:4, 4:0:1:0:2, 5:7:0:0:3, 9:3:0:0:3, 3:0:0:0:4, 1:0:0:0:0, 3:0:0:0:2, 1:0:0:0:1, 3:2:0:0:0, 3:2:0:0:1, 4:3:0:0:1, 3:1:0:0:0, 1:0:0:0:0, 3:2:0:0:0, 1:0:0:0:0, 1:0:0:0:1, 2:0:0:0:1, 4:6:0:0:3, 4:2:0:0:0, 3:2:0:0:1, 1:0:0:0:0, 2:0:0:0:1, 1:0:0:0:2, 5:0:0:0:4, 2:0:0:0:1, 0:0:0:0:0, 2:0:0:0:2, 0:0:0:0:0, 1:0:0:0:0, 3:0:0:0:1, 1:0:0:0:0, 3:0:0:0:2, 2:1:0:0:0, 1:0:0:0:2, 2:0:0:0:1, 2:0:0:0:2, 5:6:0:0:4, 5:8:1:0:2, 3:0:0:0:2, 1:0:0:0:0, 2:0:0:0:3, 1:0:0:0:2, 3:2:0:0:0, 6:2:0:0:3, 6:4:0:0:1, 3:2:0:0:1, 3:0:0:0:3, 5:3:0:0:0, 1:0:0:0:0, 1:0:0:0:2, 2:0:0:0:1, 5:5:0:0:4, 3:3:0:0:0, 3:2:0:0:0, 3:0:0:0:1, 1:0:0:0:0, 1:0:0:0:2, 4:0:0:0:3, 2:0:0:0:2, 0:0:0:0:0, 1:0:0:0:4, 0:0:0:0:0, 2:0:0:0:0, 4:0:0:0:1, 2:0:0:0:0, 3:0:0:0:2, 2:1:0:0:0, 1:0:0:0:2, 2:0:0:0:1, 4:0:0:0:3, 6:11:0:0:5, 4:6:0:0:1, 2:0:0:0:1, 1:0:0:0:1, 2:0:0:0:3, 2:0:0:0:2, 3:4:0:0:0, 5:8:0:0:2, 5:5:0:0:2, 6:2:1:0:2, 1:0:0:0:0, 4:4:0:0:0, 1:0:0:0:0, 4:0:0:0:3, 3:0:1:0:2, 10:5:0:0:2, 6:4:0:0:3, 3:2:0:0:0, 1:0:0:0:0, 0:0:0:0:0, 2:0:0:0:1, 2:0:0:0:4, 2:0:0:0:2, 1:0:0:0:3, 1:0:0:0:1, 2:0:0:0:0, 2:0:0:0:0, 5:0:0:0:1, 4:1:0:0:1, 2:0:0:0:2, 3:2:0:0:0, 4:0:0:0:3, 2:0:0:0:4, 5:0:0:0:6, 6:6:0:0:3, 6:5:0:0:3, 2:0:0:0:1, 2:0:0:0:3, 2:0:0:0:3, 2:0:0:0:2, 2:0:0:0:1, 0:0:0:0:0, 0:0:0:0:0, 0:0:0:0:0, 0:0:0:0:0, 463:199:8:0:240
Bb major (2b), 3:0:0:0:0, 0:0:0:0:0, 3:0:0:0:0, 2:1:0:0:1, 1:0:0:0:0, 2:0:0:0:0, 1:0:0:0:0, 5:3:0:0:5, 3:5:0:0:5, 2:0:0:0:0, 0:0:0:0:0, 1:0:0:0:0, 1:1:0:0:1, 1:0:0:0:0, 3:1:0:0:2, 3:1:0:0:2, 4:3:0:0:5, 2:0:0:0:2, 6:1:0:0:4, 1:1:0:0:1, 1:0:0:0:0, 3:1:0:0:2, 2:0:0:0:1, 5:4:0:0:6, 3:1:0:0:5, 5:4:0:0:6, 7:8:2:0:9, 5:5:0:0:6, 3:0:0:0:0, 3:0:0:0:0, 5:4:0:0:5, 3:1:0:0:2, 5:4:0:0:6, 3:1:0:0:2, 0:0:0:0:0, 1:0:0:0:0, 3:1:0:0:1, 3:1:0:0:1, 0:0:0:0:0, 2:0:0:0:0, 1:0:0:0:0, 5:2:0:0:4, 3:6:0:0:6, 4:0:0:0:0, 0:0:0:0:0, 6:2:0:0:2, 1:0:0:0:0, 2:1:3:0:3, 8:3:0:0:6, 5:1:0:0:2, 3:6:0:0:6, 3:2:0:0:4, 6:4:0:0:7, 5:1:0:0:2, 4:1:0:0:3, 6:1:0:0:3, 4:0:0:0:1, 7:10:0:0:12, 1:0:0:0:0, 5:3:0:0:6, 6:7:1:0:11, 7:9:1:0:10, 2:0:0:0:0, 6:0:0:0:0, 6:6:0:0:7, 4:2:0:0:3, 6:5:0:0:6, 4:3:0:0:4, 0:0:0:0:0, 1:0:0:0:0, 1:0:0:0:0, 2:1:0:0:1, 0:0:0:0:0, 1:0:0:0:0, 0:0:0:0:0, 4:4:0:0:6, 4:3:0:0:3, 2:0:0:0:0, 2:0:0:0:1, 3:0:0:0:0, 0:0:0:0:0, 1:0:0:0:0, 3:1:2:0:4, 6:1:0:0:3, 4:3:0:0:3, 2:0:0:0:1, 5:2:0:0:3, 2:0:0:0:2, 1:0:0:0:1, 4:1:0:0:3, 1:0:0:0:1, 6:6:0:0:8, 0:0:0:0:0, 4:3:0:0:8, 4:2:0:0:4, 5:3:0:0:4, 3:0:0:0:2, 4:0:1:0:1, 6:5:0:0:7, 3:1:0:0:3, 5:6:0:0:9, 3:5:0:0:6, 0:0:0:0:0, 3:0:0:0:0, 3:0:0:0:0, 3:2:0:0:2, 1:0:0:0:0, 3:0:0:0:1, 0:0:0:0:0, 4:4:0:0:8, 5:4:0:0:6, 2:0:0:0:0, 1:0:0:0:0, 2:0:0:0:0, 1:0:0:0:0, 0:0:0:0:0, 4:5:0:0:6, 5:4:0:0:7, 4:5:0:0:5, 3:2:0:0:3, 4:4:0:0:6, 2:0:0:0:1, 3:0:0:0:2, 5:1:0:0:2, 2:0:0:0:1, 6:6:0:0:8, 1:0:0:0:1, 4:6:0:0:9, 4:4:0:0:5, 7:4:1:0:5, 3:0:0:0:0, 2:0:0:0:0, 5:7:0:0:10, 3:1:0:0:2, 5:6:0:0:9, 5:4:0:0:6, 0:0:0:0:0, 2:0:0:0:0, 2:0:0:0:0, 5:3:1:0:3, 0:0:0:0:0, 2:0:0:0:0, 1:0:0:0:0, 7:4:0:0:8, 5:4:1:0:5, 7:0:0:0:1, 3:3:0:0:3, 2:0:0:0:0, 0:0:0:0:0, 0:0:0:0:0, 5:1:0:0:2, 3:4:0:0:7, 3:6:0:0:6, 4:7:0:0:10, 3:1:0:0:2, 3:0:0:0:3, 1:0:0:0:0, 6:1:0:0:3, 5:1:0:0:3, 5:5:0:0:6, 1:0:0:0:0, 5:3:0:0:5, 4:5:0:0:8, 7:6:0:0:7, 3:0:0:0:0, 6:0:0:0:3, 5:3:0:0:6, 5:2:0:0:5, 5:9:0:0:11, 5:3:0:0:4, 5:3:0:0:4, 1:0:0:0:2, 1:0:0:0:3, 1:0:0:0:1, 1:0:0:0:1, 552:317:13:0:499
D major (2#), 5:0:0:0:1, 3:2:0:0:0, 5:0:0:0:1, 1:2:0:0:0, 2:0:0:0:0, 3:2:0:0:1, 2:0:0:0:0, 1:0:0:0:0, 1:0:0:0:0, 5:8:0:0:5, 3:1:0:0:0, 2:1:0:0:0, 3:0:0:0:0, 1:0:0:0:0, 0:0:0:0:0, 1:0:0:0:0, 1:0:0:0:0, 0:0:0:0:0, 3:0:0:0:1, 1:0:0:0:0, 2:0:0:0:0, 2:0:0:0:0, 2:0:0:0:0, 1:0:0:0:1, 5:1:0:0:1, 1:0:0:0:0, 3:0:2:0:3, 1:0:0:0:1, 5:5:0:0:2, 6:4:0:0:3, 1:0:0:0:0, 0:0:0:0:0, 1:0:0:0:0, 0:0:0:0:0, 4:3:0:0:0, 4:2:0:0:1, 7:4:0:0:1, 1:2:0:0:0, 2:0:0:0:0, 4:2:0:0:1, 2:0:0:0:0, 2:0:0:0:0, 1:0:0:0:0, 7:8:0:0:5, 2:2:0:0:0, 6:5:0:0:2, 3:0:0:0:1, 4:0:0:0:1, 5:0:0:0:2, 4:0:0:0:0, 1:0:0:0:0, 1:0:1:0:1, 4:1:0:0:4, 2:0:0:0:0, 5:2:0:0:1, 6:1:0:0:2, 4:0:0:0:0, 3:0:0:0:2, 4:1:0:0:0, 2:0:0:0:0, 3:3:1:0:1, 3:0:1:0:2, 5:6:0:0:2, 10:3:0:0:3, 2:0:0:0:3, 0:0:0:0:0, 2:0:0:0:1, 1:0:0:0:0, 4:2:0:0:0, 3:2:0:0:1, 4:3:0:0:1, 2:1:0:0:0, 2:0:0:0:0, 3:2:0:0:1, 2:0:0:0:0, 1:0:0:0:0, 1:0:0:0:0, 5:5:0:0:3, 4:3:1:0:1, 4:2:0:0:1, 2:0:0:0:0, 2:0:0:0:1, 1:0:0:0:2, 6:0:0:0:1, 1:0:0:0:0, 0:0:0:0:0, 1:0:0:0:2, 0:0:0:0:0, 2:0:0:0:0, 4:0:0:0:0, 2:0:0:0:0, 2:0:0:0:2, 3:1:0:0:0, 1:0:0:0:0, 1:0:0:0:0, 1:0:0:0:2, 5:4:0:0:2, 6:8:1:0:6, 2:0:0:0:1, 0:0:0:0:0, 1:0:0:0:0, 1:0:0:0:0, 4:2:0:0:0, 5:2:0:0:3, 6:4:0:0:2, 2:2:0:0:0, 4:0:0:0:1, 5:3:0:0:1, 2:0:0:0:0, 1:0:0:0:0, 1:0:0:0:0, 5:5:0:0:5, 3:3:0:0:1, 4:2:0:0:0, 4:0:0:0:1, 1:0:0:0:0, 1:0:0:0:0, 5:0:0:0:0, 1:0:0:0:0, 0:0:0:0:0, 1:0:0:0:4, 0:0:0:0:0, 3:0:0:0:0, 3:0:0:0:0, 3:0:0:0:0, 2:0:0:0:2, 3:1:0:0:0, 1:0:0:0:0, 1:0:0:0:0, 3:0:0:0:2, 7:10:0:0:5, 5:6:0:0:3, 1:0:0:0:0, 1:0:0:0:0, 1:0:0:0:0, 2:0:0:0:1, 4:4:0:0:0, 5:5:0:0:4, 6:5:0:0:1, 5:2:1:0:1, 2:0:0:0:0, 4:4:0:0:3, 2:0:0:0:0, 5:0:0:0:1, 2:0:1:0:1, 9:5:0:0:4, 5:4:0:0:1, 4:2:0:0:1, 2:0:0:0:0, 1:0:0:0:0, 1:0:0:0:0, 2:0:0:0:0, 1:0:0:0:0, 1:0:0:0:3, 1:0:0:0:1, 1:0:0:0:0, 3:0:0:0:0, 6:0:0:0:0, 5:1:0:0:2, 1:0:0:0:2, 4:2:0:0:0, 3:0:0:0:1, 1:0:0:0:0, 4:0:0:0:4, 6:6:0:0:2, 7:5:0:0:3, 1:0:0:0:0, 1:0:0:0:0, 1:0:0:0:0, 1:0:0:0:0, 1:0:0:0:0, 0:0:0:0:0, 0:0:0:0:0, 0:0:0:0:0, 0:0:0:0:0, 467:189:9:0:149
G minor (2b), 3:0:0:0:0, 0:0:0:0:0, 3:0:0:0:0, 2:1:0:0:1, 1:0:0:0:0, 2:0:0:0:0, 1:0:0:0:0, 5:3:0:0:5, 3:5:0:0:5, 2:0:0:0:0, 0:0:0:0:0, 1:0:0:0:0, 1:1:0:0:1, 1:0:0:0:0, 3:1:0:0:2, 3:1:0:0:2, 4:3:0:0:5, 2:0:0:0:2, 6:1:0:0:4, 1:1:0:0:1, 1:0:0:0:0, 3:1:0:0:2, 2:0:0:0:1, 5:4:0:0:6, 3:1:0:0:5, 5:4:0:0:6, 7:8:2:0:9, 5:5:0:0:6, 3:0:0:0:0, 3:0:0:0:0, 5:4:0:0:5, 3:1:0:0:2, 5:4:0:0:6, 3:1:0:0:2, 0:0:0:0:0, 1:0:0:0:0, 3:1:0:0:1, 3:1:0:0:1, 0:0:0:0:0, 2:0:0:0:0, 1:0:0:0:0, 5:2:0:0:4, 3:6:0:0:6, 4:0:0:0:0, 0:0:0:0:0, 6:2:0:0:2, 1:0:0:0:0, 2:1:3:0:3, 8:3:0:0:6, 5:1:0:0:2, 3:6:0:0:6, 3:2:0:0:4, 6:4:0:0:7, 5:1:0:0:2, 4:1:0:0:3, 6:1:0:0:3, 4:0:0:0:1, 7:10:0:0:12, 1:0:0:0:0, 5:3:0:0:6, 6:7:1:0:11, 7:9:1:0:10, 2:0:0:0:0, 6:0:0:0:0, 6:6:0:0:7, 4:2:0:0:3, 6:5:0:0:6, 4:3:0:0:4, 0:0:0:0:0, 1:0:0:0:0, 1:0:0:0:0, 2:1:0:0:1, 0:0:0:0:0, 1:0:0:0:0, 0:0:0:0:0, 4:4:0:0:6, 4:3:0:0:3, 2:0:0:0:0, 2:0:0:0:1, 3:0:0:0:0, 0:0:0:0:0, 1:0:0:0:0, 3:1:2:0:4, 6:1:0:0:3, 4:3:0:0:3, 2:0:0:0:1, 5:2:0:0:3, 2:0:0:0:2, 1:0:0:0:1, 4:1:0:0:3, 1:0:0:0:1, 6:6:0:0:8, 0:0:0:0:0, 4:3:0:0:8, 4:2:0:0:4, 5:3:0:0:4, 3:0:0:0:2, 4:0:1:0:1, 6:5:0:0:7, 3:1:0:0:3, 5:6:0:0:9, 3:5:0:0:6, 0:0:0:0:0, 3:0:0:0:0, 3:0:0:0:0, 3:2:0:0:2, 1:0:0:0:0, 3:0:0:0:1, 0:0:0:0:0, 4:4:0:0:8, 5:4:0:0:6, 2:0:0:0:0, 1:0:0:0:0, 2:0:0:0:0, 1:0:0:0:0, 0:0:0:0:0, 4:5:0:0:6, 5:4:0:0:7, 4:5:0:0:5, 3:2:0:0:3, 4:4:0:0:6, 2:0:0:0:1, 3:0:0:0:2, 5:1:0:0:2, 2:0:0:0:1, 6:6:0:0:8, 1:0:0:0:1, 4:6:0:0:9, 4:4:0:0:5, 7:4:1:0:5, 3:0:0:0:0, 2:0:0:0:0, 5:7:0:0:10, 3:1:0:0:2, 5:6:0:0:9, 5:4:0:0:6, 0:0:0:0:0, 2:0:0:0:0, 2:0:0:0:0, 5:3:1:0:3, 0:0:0:0:0, 2:0:0:0:0, 1:0:0:0:0, 7:4:0:0:8, 5:4:1:0:5, 7:0:0:0:1, 3:3:0:0:3, 2:0:0:0:0, 0:0:0:0:0, 0:0:0:0:0, 5:1:0:0:2, 3:4:0:0:7, 3:6:0:0:6, 4:7:0:0:10, 3:1:0:0:2, 3:0:0:0:3, 1:0:0:0:0, 6:1:0:0:3, 5:1:0:0:3, 5:5:0:0:6, 1:0:0:0:0, 5:3:0:0:5, 4:5:0:0:8, 7:6:0:0:7, 3:0:0:0:0, 6:0:0:0:3, 5:3:0:0:6, 5:2:0:0:5, 5:9:0:0:11, 5:3:0:0:4, 5:3:0:0:4, 1:0:0:0:2, 1:0:0:0:3, 1:0:0:0:1, 1:0:0:0:1, 552:317:13:0:499
B minor (2#), 5:0:0:0:1, 3:2:0:0:0, 5:0:0:0:1, 1:2:0:0:0, 2:0:0:0:0, 3:2:0:0:1, 2:0:0:0:0, 1:0:0:0:0, 1:0:0:0:0, 5:8:0:0:5, 3:1:0:0:0, 2:1:0:0:0, 3:0:0:0:0, 1:0:0:0:0, 0:0:0:0:0, 1:0:0:0:0, 1:0:0:0:0, 0:0:0:0:0, 3:0:0:0:1, 1:0:0:0:0, 2:0:0:0:0, 2:0:0:0:0, 2:0:0:0:0, 1:0:0:0:1, 5:1:0:0:1, 1:0:0:0:0, 3:0:2:0:3, 1:0:0:0:1, 5:5:0:0:2, 6:4:0:0:3, 1:0:0:0:0, 0:0:0:0:0, 1:0:0:0:0, 0:0:0:0:0, 4:3:0:0:0, 4:2:0:0:1, 7:4:0:0:1, 1:2:0:0:0, 2:0:0:0:0, 4:2:0:0:1, 2:0:0:0:0, 2:0:0:0:0, 1:0:0:0:0, 7:8:0:0:5, 2:2:0:0:0, 6:5:0:0:2, 3:0:0:0:1, 4:0:0:0:1, 5:0:0:0:2, 4:0:0:0:0, 1:0:0:0:0, 1:0:1:0:1, 4:1:0:0:4, 2:0:0:0:0, 5:2:0:0:1, 6:1:0:0:2, 4:0:0:0:0, 3:0:0:0:2, 4:1:0:0:0, 2:0:0:0:0, 3:3:1:0:1, 3:0:1:0:2, 5:6:0:0:2, 10:3:0:0:3, 2:0:0:0:3, 0:0:0:0:0, 2:0:0:0:1, 1:0:0:0:0, 4:2:0:0:0, 3:2:0:0:1, 4:3:0:0:1, 2:1:0:0:0, 2:0:0:0:0, 3:2:0:0:1, 2:0:0:0:0, 1:0:0:0:0, 1:0:0:0:0, 5:5:0:0:3, 4:3:1:0:1, 4:2:0:0:1, 2:0:0:0:0, 2:0:0:0:1, 1:0:0:0:2, 6:0:0:0:1, 1:0:0:0:0, 0:0:0:0:0, 1:0:0:0:2, 0:0:0:0:0, 2:0:0:0:0, 4:0:0:0:0, 2:0:0:0:0, 2:0:0:0:2, 3:1:0:0:0, 1:0:0:0:0, 1:0:0:0:0, 1:0:0:0:2, 5:4:0:0:2, 6:8:1:0:6, 2:0:0:0:1, 0:0:0:0:0, 1:0:0:0:0, 1:0:0:0:0, 4:2:0:0:0, 5:2:0:0:3, 6:4:0:0:2, 2:2:0:0:0, 4:0:0:0:1, 5:3:0:0:1, 2:0:0:0:0, 1:0:0:0:0, 1:0:0:0:0, 5:5:0:0:5, 3:3:0:0:1, 4:2:0:0:0, 4:0:0:0:1, 1:0:0:0:0, 1:0:0:0:0, 5:0:0:0:0, 1:0:0:0:0, 0:0:0:0:0, 1:0:0:0:4, 0:0:0:0:0, 3:0:0:0:0, 3:0:0:0:0, 3:0:0:0:0, 2:0:0:0:2, 3:1:0:0:0, 1:0:0:0:0, 1:0:0:0:0, 3:0:0:0:2, 7:10:0:0:5, 5:6:0:0:3, 1:0:0:0:0, 1:0:0:0:0, 1:0:0:0:0, 2:0:0:0:1, 4:4:0:0:0, 5:5:0:0:4, 6:5:0:0:1, 5:2:1:0:1, 2:0:0:0:0, 4:4:0:0:3, 2:0:0:0:0, 5:0:0:0:1, 2:0:1:0:1, 9:5:0:0:4, 5:4:0:0:1, 4:2:0:0:1, 2:0:0:0:0, 1:0:0:0:0, 1:0:0:0:0, 2:0:0:0:0, 1:0:0:0:0, 1:0:0:0:3, 1:0:0:0:1, 1:0:0:0:0, 3:0:0:0:0, 6:0:0:0:0, 5:1:0:0:2, 1:0:0:0:2, 4:2:0:0:0, 3:0:0:0:1, 1:0:0:0:0, 4:0:0:0:4, 6:6:0:0:2, 7:5:0:0:3, 1:0:0:0:0, 1:0:0:0:0, 1:0:0:0:0, 1:0:0:0:0, 1:0:0:0:0, 0:0:0:0:0, 0:0:0:0:0, 0:0:0:0:0, 0:0:0:0:0, 467:189:9:0:149
G minor mel (2b), 3:0:0:0:0, 0:0:0:0:0, 3:0:0:0:0, 2:1:0:0:1, 1:0:0:0:0, 2:0:0:0:0, 1:0:0:0:0, 5:3:0:0:5, 3:5:0:0:5, 2:0:0:0:0, 0:0:0:0:0, 1:0:0:0:0, 1:1:0:0:1, 1:0:0:0:0, 3:1:0:0:2, 3:1:0:0:2, 4:3:0:0:5, 2:0:0:0:2, 6:1:0:0:4, 1:1:0:0:1, 1:0:0:0:0, 3:1:0:0:2, 2:0:0:0:1, 5:4:0:0:6, 3:1:0:0:5, 5:4:0:0:6, 7:8:2:0:9, 5:5:0:0:6, 3:0:0:0:0, 3:0:0:0:0, 5:4:0:0:5, 3:1:0:0:2, 5:4:0:0:6, 3:1:0:0:2, 0:0:0:0:0, 1:0:0:0:0, 3:1:0:0:1, 3:1:0:0:1, 0:0:0:0:0, 2:0:0:0:0, 1:0:0:0:0, 5:2:0:0:4, 3:6:0:0:6, 4:0:0:0:0, 0:0:0:0:0, 6:2:0:0:2, 1:0:0:0:0, 2:1:3:0:3, 8:3:0:0:6, 5:1:0:0:2, 3:6:0:0:6, 3:2:0:0:4, 6:4:0:0:7, 5:1:0:0:2, 4:1:0:0:3, 6:1:0:0:3, 4:0:0:0:1, 7:10:0:0:12, 1:0:0:0:0, 5:3:0:0:6, 6:7:1:0:11, 7:9:1:0:10, 2:0:0:0:0, 6:0:0:0:0, 6:6:0:0:7, 4:2:0:0:3, 6:5:0:0:6, 4:3:0:0:4, 0:0:0:0:0, 1:0:0:0:0, 1:0:0:0:0, 2:1:0:0:1, 0:0:0:0:0, 1:0:0:0:0, 0:0:0:0:0, 4:4:0:0:6, 4:3:0:0:3, 2:0:0:0:0, 2:0:0:0:1, 3:0:0:0:0, 0:0:0:0:0, 1:0:0:0:0, 3:1:2:0:4, 6:1:0:0:3, 4:3:0:0:3, 2:0:0:0:1, 5:2:0:0:3, 2:0:0:0:2, 1:0:0:0:1, 4:1:0:0:3, 1:0:0:0:1, 6:6:0:0:8, 0:0:0:0:0, 4:3:0:0:8, 4:2:0:0:4, 5:3:0:0:4, 3:0:0:0:2, 4:0:1:0:1, 6:5:0:0:7, 3:1:0:0:3, 5:6:0:0:9, 3:5:0:0:6, 0:0:0:0:0, 3:0:0:0:0, 3:0:0:0:0, 3:2:0:0:2, 1:0:0:0:0, 3:0:0:0:1, 0:0:0:0:0, 4:4:0:0:8, 5:4:0:0:6, 2:0:0:0:0, 1:0:0:0:0, 2:0:0:0:0, 1:0:0:0:0, 0:0:0:0:0, 4:5:0:0:6, 5:4:0:0:7, 4:5:0:0:5, 3:2:0:0:3, 4:4:0:0:6, 2:0:0:0:1, 3:0:0:0:2, 5:1:0:0:2, 2:0:0:0:1, 6:6:0:0:8, 1:0:0:0:1, 4:6:0:0:9, 4:4:0:0:5, 7:4:1:0:5, 3:0:0:0:0, 2:0:0:0:0, 5:7:0:0:10, 3:1:0:0:2, 5:6:0:0:9, 5:4:0:0:6, 0:0:0:0:0, 2:0:0:0:0, 2:0:0:0:0, 5:3:1:0:3, 0:0:0:0:0, 2:0:0:0:0, 1:0:0:0:0, 7:4:0:0:8, 5:4:1:0:5, 7:0:0:0:1, 3:3:0:0:3, 2:0:0:0:0, 0:0:0:0:0, 0:0:0:0:0, 5:1:0:0:2, 3:4:0:0:7, 3:6:0:0:6, 4:7:0:0:10, 3:1:0:0:2, 3:0:0:0:3, 1:0:0:0:0, 6:1:0:0:3, 5:1:0:0:3, 5:5:0:0:6, 1:0:0:0:0, 5:3:0:0:5, 4:5:0:0:8, 7:6:0:0:7, 3:0:0:0:0, 6:0:0:0:3, 5:3:0:0:6, 5:2:0:0:5, 5:9:0:0:11, 5:3:0:0:4, 5:3:0:0:4, 1:0:0:0:2, 1:0:0:0:3, 1:0:0:0:1, 1:0:0:0:1, 552:317:13:0:499
B minor mel (2#), 5:0:0:0:1, 3:2:0:0:0, 5:0:0:0:1, 1:2:0:0:0, 2:0:0:0:0, 3:2:0:0:1, 2:0:0:0:0, 1:0:0:0:0, 1:0:0:0:0, 5:8:0:0:5, 3:1:0:0:0, 2:1:0:0:0, 3:0:0:0:0, 1:0:0:0:0, 0:0:0:0:0, 1:0:0:0:0, 1:0:0:0:0, 0:0:0:0:0, 3:0:0:0:1, 1:0:0:0:0, 2:0:0:0:0, 2:0:0:0:0, 2:0:0:0:0, 1:0:0:0:1, 5:1:0:0:1, 1:0:0:0:0, 3:0:2:0:3, 1:0:0:0:1, 5:5:0:0:2, 6:4:0:0:3, 1:0:0:0:0, 0:0:0:0:0, 1:0:0:0:0, 0:0:0:0:0, 4:3:0:0:0, 4:2:0:0:1, 7:4:0:0:1, 1:2:0:0:0, 2:0:0:0:0, 4:2:0:0:1, 2:0:0:0:0, 2:0:0:0:0, 1:0:0:0:0, 7:8:0:0:5, 2:2:0:0:0, 6:5:0:0:2, 3:0:0:0:1, 4:0:0:0:1, 5:0:0:0:2, 4:0:0:0:0, 1:0:0:0:0, 1:0:1:0:1, 4:1:0:0:4, 2:0:0:0:0, 5:2:0:0:1, 6:1:0:0:2, 4:0:0:0:0, 3:0:0:0:2, 4:1:0:0:0, 2:0:0:0:0, 3:3:1:0:1, 3:0:1:0:2, 5:6:0:0:2, 10:3:0:0:3, 2:0:0:0:3, 0:0:0:0:0, 2:0:0:0:1, 1:0:0:0:0, 4:2:0:0:0, 3:2:0:0:1, 4:3:0:0:1, 2:1:0:0:0, 2:0:0:0:0, 3:2:0:0:1, 2:0:0:0:0, 1:0:0:0:0, 1:0:0:0:0, 5:5:0:0:3, 4:3:1:0:1, 4:2:0:0:1, 2:0:0:0:0, 2:0:0:0:1, 1:0:0:0:2, 6:0:0:0:1, 1:0:0:0:0, 0:0:0:0:0, 1:0:0:0:2, 0:0:0:0:0, 2:0:0:0:0, 4:0:0:0:0, 2:0:0:0:0, 2:0:0:0:2, 3:1:0:0:0, 1:0:0:0:0, 1:0:0:0:0, 1:0:0:0:2, 5:4:0:0:2, 6:8:1:0:6, 2:0:0:0:1, 0:0:0:0:0, 1:0:0:0:0, 1:0:0:0:0, 4:2:0:0:0, 5:2:0:0:3, 6:4:0:0:2, 2:2:0:0:0, 4:0:0:0:1, 5:3:0:0:1, 2:0:0:0:0, 1:0:0:0:0, 1:0:0:0:0, 5:5:0:0:5, 3:3:0:0:1, 4:2:0:0:0, 4:0:0:0:1, 1:0:0:0:0, 1:0:0:0:0, 5:0:0:0:0, 1:0:0:0:0, 0:0:0:0:0, 1:0:0:0:4, 0:0:0:0:0, 3:0:0:0:0, 3:0:0:0:0, 3:0:0:0:0, 2:0:0:0:2, 3:1:0:0:0, 1:0:0:0:0, 1:0:0:0:0, 3:0:0:0:2, 7:10:0:0:5, 5:6:0:0:3, 1:0:0:0:0, 1:0:0:0:0, 1:0:0:0:0, 2:0:0:0:1, 4:4:0:0:0, 5:5:0:0:4, 6:5:0:0:1, 5:2:1:0:1, 2:0:0:0:0, 4:4:0:0:3, 2:0:0:0:0, 5:0:0:0:1, 2:0:1:0:1, 9:5:0:0:4, 5:4:0:0:1, 4:2:0:0:1, 2:0:0:0:0, 1:0:0:0:0, 1:0:0:0:0, 2:0:0:0:0, 1:0:0:0:0, 1:0:0:0:3, 1:0:0:0:1, 1:0:0:0:0, 3:0:0:0:0, 6:0:0:0:0, 5:1:0:0:2, 1:0:0:0:2, 4:2:0:0:0, 3:0:0:0:1, 1:0:0:0:0, 4:0:0:0:4, 6:6:0:0:2, 7:5:0:0:3, 1:0:0:0:0, 1:0:0:0:0, 1:0:0:0:0, 1:0:0:0:0, 1:0:0:0:0, 0:0:0:0:0, 0:0:0:0:0, 0:0:0:0:0, 0:0:0:0:0, 467:189:9:0:149
Bb major blues (2b), 3:0:0:0:0, 0:0:0:0:0, 3:0:0:0:0, 2:1:0:0:1, 1:0:0:0:0, 2:0:0:0:0, 1:0:0:0:0, 5:3:0:0:5, 3:5:0:0:5, 2:0:0:0:0, 0:0:0:0:0, 1:0:0:0:0, 1:1:0:0:1, 1:0:0:0:0, 3:1:0:0:2, 3:1:0:0:2, 4:3:0:0:5, 2:0:0:0:2, 6:1:0:0:4, 1:1:0:0:1, 1:0:0:0:0, 3:1:0:0:2, 2:0:0:0:1, 5:4:0:0:6, 3:1:0:0:5, 5:4:0:0:6, 7:8:2:0:9, 5:5:0:0:6, 3:0:0:0:0, 3:0:0:0:0, 5:4:0:0:5, 3:1:0:0:2, 5:4:0:0:6, 3:1:0:0:2, 0:0:0:0:0, 1:0:0:0:0, 3:1:0:0:1, 3:1:0:0:1, 0:0:0:0:0, 2:0:0:0:0, 1:0:0:0:0, 5:2:0:0:4, 3:6:0:0:6, 4:0:0:0:0, 0:0:0:0:0, 6:2:0:0:2, 1:0:0:0:0, 2:1:3:0:3, 8:3:0:0:6, 5:1:0:0:2, 3:6:0:0:6, 3:2:0:0:4, 6:4:0:0:7, 5:1:0:0:2, 4:1:0:0:3, 6:1:0:0:3, 4:0:0:0:1, 7:10:0:0:12, 1:0:0:0:0, 5:3:0:0:6, 6:7:1:0:11, 7:9:1:0:10, 2:0:0:0:0, 6:0:0:0:0, 6:6:0:0:7, 4:2:0:0:3, 6:5:0:0:6, 4:3:0:0:4, 0:0:0:0:0, 1:0:0:0:0, 1:0:0:0:0, 2:1:0:0:1, 0:0:0:0:0, 1:0:0:0:0, 0:0:0:0:0, 4:4:0:0:6, 4:3:0:0:3, 2:0:0:0:0, 2:0:0:0:1, 3:0:0:0:0, 0:0:0:0:0, 1:0:0:0:0, 3:1:2:0:4, 6:1:0:0:3, 4:3:0:0:3, 2:0:0:0:1, 5:2:0:0:3, 2:0:0:0:2, 1:0:0:0:1, 4:1:0:0:3, 1:0:0:0:1, 6:6:0:0:8, 0:0:0:0:0, 4:3:0:0:8, 4:2:0:0:4, 5:3:0:0:4, 3:0:0:0:2, 4:0:1:0:1, 6:5:0:0:7, 3:1:0:0:3, 5:6:0:0:9, 3:5:0:0:6, 0:0:0:0:0, 3:0:0:0:0, 3:0:0:0:0, 3:2:0:0:2, 1:0:0:0:0, 3:0:0:0:1, 0:0:0:0:0, 4:4:0:0:8, 5:4:0:0:6, 2:0:0:0:0, 1:0:0:0:0, 2:0:0:0:0, 1:0:0:0:0, 0:0:0:0:0, 4:5:0:0:6, 5:4:0:0:7, 4:5:0:0:5, 3:2:0:0:3, 4:4:0:0:6, 2:0:0:0:1, 3:0:0:0:2, 5:1:0:0:2, 2:0:0:0:1, 6:6:0:0:8, 1:0:0:0:1, 4:6:0:0:9, 4:4:0:0:5, 7:4:1:0:5, 3:0:0:0:0, 2:0:0:0:0, 5:7:0:0:10, 3:1:0:0:2, 5:6:0:0:9, 5:4:0:0:6, 0:0:0:0:0, 2:0:0:0:0, 2:0:0:0:0, 5:3:1:0:3, 0:0:0:0:0, 2:0:0:0:0, 1:0:0:0:0, 7:4:0:0:8, 5:4:1:0:5, 7:0:0:0:1, 3:3:0:0:3, 2:0:0:0:0, 0:0:0:0:0, 0:0:0:0:0, 5:1:0:0:2, 3:4:0:0:7, 3:6:0:0:6, 4:7:0:0:10, 3:1:0:0:2, 3:0:0:0:3, 1:0:0:0:0, 6:1:0:0:3, 5:1:0:0:3, 5:5:0:0:6, 1:0:0:0:0, 5:3:0:0:5, 4:5:0:0:8, 7:6:0:0:7, 3:0:0:0:0, 6:0:0:0:3, 5:3:0:0:6, 5:2:0:0:5, 5:9:0:0:11, 5:3:0:0:4, 5:3:0:0:4, 1:0:0:0:2, 1:0:0:0:3, 1:0:0:0:1, 1:0:0:0:1, 552:317:13:0:499
D major blues (2#), 5:0:0:0:1, 3:2:0:0:0, 5:0:0:0:1, 1:2:0:0:0, 2:0:0:0:0, 3:2:0:0:1, 2:0:0:0:0, 1:0:0:0:0, 1:0:0:0:0, 5:8:0:0:5, 3:1:0:0:0, 2:1:0:0:0, 3:0:0:0:0, 1:0:0:0:0, 0:0:0:0:0, 1:0:0:0:0, 1:0:0:0:0, 0:0:0:0:0, 3:0:0:0:1, 1:0:0:0:0, 2:0:0:0:0, 2:0:0:0:0, 2:0:0:0:0, 1:0:0:0:1, 5:1:0:0:1, 1:0:0:0:0, 3:0:2:0:3, 1:0:0:0:1, 5:5:0:0:2, 6:4:0:0:3, 1:0:0:0:0, 0:0:0:0:0, 1:0:0:0:0, 0:0:0:0:0, 4:3:0:0:0, 4:2:0:0:1, 7:4:0:0:1, 1:2:0:0:0, 2:0:0:0:0, 4:2:0:0:1, 2:0:0:0:0, 2:0:0:0:0, 1:0:0:0:0, 7:8:0:0:5, 2:2:0:0:0, 6:5:0:0:2, 3:0:0:0:1, 4:0:0:0:1, 5:0:0:0:2, 4:0:0:0:0, 1:0:0:0:0, 1:0:1:0:1, 4:1:0:0:4, 2:0:0:0:0, 5:2:0:0:1, 6:1:0:0:2, 4:0:0:0:0, 3:0:0:0:2, 4:1:0:0:0, 2:0:0:0:0, 3:3:1:0:1, 3:0:1:0:2, 5:6:0:0:2, 10:3:0:0:3, 2:0:0:0:3, 0:0:0:0:0, 2:0:0:0:1, 1:0:0:0:0, 4:2:0:0:0, 3:2:0:0:1, 4:3:0:0:1, 2:1:0:0:0, 2:0:0:0:0, 3:2:0:0:1, 2:0:0:0:0, 1:0:0:0:0, 1:0:0:0:0, 5:5:0:0:3, 4:3:1:0:1, 4:2:0:0:1, 2:0:0:0:0, 2:0:0:0:1, 1:0:0:0:2, 6:0:0:0:1, 1:0:0:0:0, 0:0:0:0:0, 1:0:0:0:2, 0:0:0:0:0, 2:0:0:0:0, 4:0:0:0:0, 2:0:0:0:0, 2:0:0:0:2, 3:1:0:0:0, 1:0:0:0:0, 1:0:0:0:0, 1:0:0:0:2, 5:4:0:0:2, 6:8:1:0:6, 2:0:0:0:1, 0:0:0:0:0, 1:0:0:0:0, 1:0:0:0:0, 4:2:0:0:0, 5:2:0:0:3, 6:4:0:0:2, 2:2:0:0:0, 4:0:0:0:1, 5:3:0:0:1, 2:0:0:0:0, 1:0:0:0:0, 1:0:0:0:0, 5:5:0:0:5, 3:3:0:0:1, 4:2:0:0:0, 4:0:0:0:1, 1:0:0:0:0, 1:0:0:0:0, 5:0:0:0:0, 1:0:0:0:0, 0:0:0:0:0, 1:0:0:0:4, 0:0:0:0:0, 3:0:0:0:0, 3:0:0:0:0, 3:0:0:0:0, 2:0:0:0:2, 3:1:0:0:0, 1:0:0:0:0, 1:0:0:0:0, 3:0:0:0:2, 7:10:0:0:5, 5:6:0:0:3, 1:0:0:0:0, 1:0:0:0:0, 1:0:0:0:0, 2:0:0:0:1, 4:4:0:0:0, 5:5:0:0:4, 6:5:0:0:1, 5:2:1:0:1, 2:0:0:0:0, 4:4:0:0:3, 2:0:0:0:0, 5:0:0:0:1, 2:0:1:0:1, 9:5:0:0:4, 5:4:0:0:1, 4:2:0:0:1, 2:0:0:0:0, 1:0:0:0:0, 1:0:0:0:0, 2:0:0:0:0, 1:0:0:0:0, 1:0:0:0:3, 1:0:0:0:1, 1:0:0:0:0, 3:0:0:0:0, 6:0:0:0:0, 5:1:0:0:2, 1:0:0:0:2, 4:2:0:0:0, 3:0:0:0:1, 1:0:0:0:0, 4:0:0:0:4, 6:6:0:0:2, 7:5:0:0:3, 1:0:0:0:0, 1:0:0:0:0, 1:0:0:0:0, 1:0:0:0:0, 1:0:0:0:0, 0:0:0:0:0, 0:0:0:0:0, 0:0:0:0:0, 0:0:0:0:0, 467:189:9:0:149
G minor blues (2b), 3:0:0:0:0, 0:0:0:0:0, 3:0:0:0:0, 2:1:0:0:1, 1:0:0:0:0, 2:0:0:0:0, 1:0:0:0:0, 5:3:0:0:5, 3:5:0:0:5, 2:0:0:0:0, 0:0:0:0:0, 1:0:0:0:0, 1:1:0:0:1, 1:0:0:0:0, 3:1:0:0:2, 3:1:0:0:2, 4:3:0:0:5, 2:0:0:0:2, 6:1:0:0:4, 1:1:0:0:1, 1:0:0:0:0, 3:1:0:0:2, 2:0:0:0:1, 5:4:0:0:6, 3:1:0:0:5, 5:4:0:0:6, 7:8:2:0:9, 5:5:0:0:6, 3:0:0:0:0, 3:0:0:0:0, 5:4:0:0:5, 3:1:0:0:2, 5:4:0:0:6, 3:1:0:0:2, 0:0:0:0:0, 1:0:0:0:0, 3:1:0:0:1, 3:1:0:0:1, 0:0:0:0:0, 2:0:0:0:0, 1:0:0:0:0, 5:2:0:0:4, 3:6:0:0:6, 4:0:0:0:0, 0:0:0:0:0, 6:2:0:0:2, 1:0:0:0:0, 2:1:3:0:3, 8:3:0:0:6, 5:1:0:0:2, 3:6:0:0:6, 3:2:0:0:4, 6:4:0:0:7, 5:1:0:0:2, 4:1:0:0:3, 6:1:0:0:3, 4:0:0:0:1, 7:10:0:0:12, 1:0:0:0:0, 5:3:0:0:6, 6:7:1:0:11, 7:9:1:0:10, 2:0:0:0:0, 6:0:0:0:0, 6:6:0:0:7, 4:2:0:0:3, 6:5:0:0:6, 4:3:0:0:4, 0:0:0:0:0, 1:0:0:0:0, 1:0:0:0:0, 2:1:0:0:1, 0:0:0:0:0, 1:0:0:0:0, 0:0:0:0:0, 4:4:0:0:6, 4:3:0:0:3, 2:0:0:0:0, 2:0:0:0:1, 3:0:0:0:0, 0:0:0:0:0, 1:0:0:0:0, 3:1:2:0:4, 6:1:0:0:3, 4:3:0:0:3, 2:0:0:0:1, 5:2:0:0:3, 2:0:0:0:2, 1:0:0:0:1, 4:1:0:0:3, 1:0:0:0:1, 6:6:0:0:8, 0:0:0:0:0, 4:3:0:0:8, 4:2:0:0:4, 5:3:0:0:4, 3:0:0:0:2, 4:0:1:0:1, 6:5:0:0:7, 3:1:0:0:3, 5:6:0:0:9, 3:5:0:0:6, 0:0:0:0:0, 3:0:0:0:0, 3:0:0:0:0, 3:2:0:0:2, 1:0:0:0:0, 3:0:0:0:1, 0:0:0:0:0, 4:4:0:0:8, 5:4:0:0:6, 2:0:0:0:0, 1:0:0:0:0, 2:0:0:0:0, 1:0:0:0:0, 0:0:0:0:0, 4:5:0:0:6, 5:4:0:0:7, 4:5:0:0:5, 3:2:0:0:3, 4:4:0:0:6, 2:0:0:0:1, 3:0:0:0:2, 5:1:0:0:2, 2:0:0:0:1, 6:6:0:0:8, 1:0:0:0:1, 4:6:0:0:9, 4:4:0:0:5, 7:4:1:0:5, 3:0:0:0:0, 2:0:0:0:0, 5:7:0:0:10, 3:1:0:0:2, 5:6:0:0:9, 5:4:0:0:6, 0:0:0:0:0, 2:0:0:0:0, 2:0:0:0:0, 5:3:1:0:3, 0:0:0:0:0, 2:0:0:0:0, 1:0:0:0:0, 7:4:0:0:8, 5:4:1:0:5, 7:0:0:0:1, 3:3:0:0:3, 2:0:0:0:0, 0:0:0:0:0, 0:0:0:0:0, 5:1:0:0:2, 3:4:0:0:7, 3:6:0:0:6, 4:7:0:0:10, 3:1:0:0:2, 3:0:0:0:3, 1:0:0:0:0, 6:1:0:0:3, 5:1:0:0:3, 5:5:0:0:6, 1:0:0:0:0, 5:3:0:0:5, 4:5:0:0:8, 7:6:0:0:7, 3:0:0:0:0, 6:0:0:0:3, 5:3:0:0:6, 5:2:0:0:5, 5:9:0:0:11, 5:3:0:0:4, 5:3:0:0:4, 1:0:0:0:2, 1:0:0:0:3, 1:0:0:0:1, 1:0:0:0:1, 552:317:13:0:499
B minor blues (2#), 5:0:0:0:1, 3:2:0:0:0, 5:0:0:0:1, 1:2:0:0:0, 2:0:0:0:0, 3:2:0:0:1, 2:0:0:0:0, 1:0:0:0:0, 1:0:0:0:0, 5:8:0:0:5, 3:1:0:0:0, 2:1:0:0:0, 3:0:0:0:0, 1:0:0:0:0, 0:0:0:0:0, 1:0:0:0:0, 1:0:0:0:0, 0:0:0:0:0, 3:0:0:0:1, 1:0:0:0:0, 2:0:0:0:0, 2:0:0:0:0, 2:0:0:0:0, 1:0:0:0:1, 5:1:0:0:1, 1:0:0:0:0, 3:0:2:0:3, 1:0:0:0:1, 5:5:0:0:2, 6:4:0:0:3, 1:0:0:0:0, 0:0:0:0:0, 1:0:0:0:0, 0:0:0:0:0, 4:3:0:0:0, 4:2:0:0:1, 7:4:0:0:1, 1:2:0:0:0, 2:0:0:0:0, 4:2:0:0:1, 2:0:0:0:0, 2:0:0:0:0, 1:0:0:0:0, 7:8:0:0:5, 2:2:0:0:0, 6:5:0:0:2, 3:0:0:0:1, 4:0:0:0:1, 5:0:0:0:2, 4:0:0:0:0, 1:0:0:0:0, 1:0:1:0:1, 4:1:0:0:4, 2:0:0:0:0, 5:2:0:0:1, 6:1:0:0:2, 4:0:0:0:0, 3:0:0:0:2, 4:1:0:0:0, 2:0:0:0:0, 3:3:1:0:1, 3:0:1:0:2, 5:6:0:0:2, 10:3:0:0:3, 2:0:0:0:3, 0:0:0:0:0, 2:0:0:0:1, 1:0:0:0:0, 4:2:0:0:0, 3:2:0:0:1, 4:3:0:0:1, 2:1:0:0:0, 2:0:0:0:0, 3:2:0:0:1, 2:0:0:0:0, 1:0:0:0:0, 1:0:0:0:0, 5:5:0:0:3, 4:3:1:0:1, 4:2:0:0:1, 2:0:0:0:0, 2:0:0:0:1, 1:0:0:0:2, 6:0:0:0:1, 1:0:0:0:0, 0:0:0:0:0, 1:0:0:0:2, 0:0:0:0:0, 2:0:0:0:0, 4:0:0:0:0, 2:0:0:0:0, 2:0:0:0:2, 3:1:0:0:0, 1:0:0:0:0, 1:0:0:0:0, 1:0:0:0:2, 5:4:0:0:2, 6:8:1:0:6, 2:0:0:0:1, 0:0:0:0:0, 1:0:0:0:0, 1:0:0:0:0, 4:2:0:0:0, 5:2:0:0:3, 6:4:0:0:2, 2:2:0:0:0, 4:0:0:0:1, 5:3:0:0:1, 2:0:0:0:0, 1:0:0:0:0, 1:0:0:0:0, 5:5:0:0:5, 3:3:0:0:1, 4:2:0:0:0, 4:0:0:0:1, 1:0:0:0:0, 1:0:0:0:0, 5:0:0:0:0, 1:0:0:0:0, 0:0:0:0:0, 1:0:0:0:4, 0:0:0:0:0, 3:0:0:0:0, 3:0:0:0:0, 3:0:0:0:0, 2:0:0:0:2, 3:1:0:0:0, 1:0:0:0:0, 1:0:0:0:0, 3:0:0:0:2, 7:10:0:0:5, 5:6:0:0:3, 1:0:0:0:0, 1:0:0:0:0, 1:0:0:0:0, 2:0:0:0:1, 4:4:0:0:0, 5:5:0:0:4, 6:5:0:0:1, 5:2:1:0:1, 2:0:0:0:0, 4:4:0:0:3, 2:0:0:0:0, 5:0:0:0:1, 2:0:1:0:1, 9:5:0:0:4, 5:4:0:0:1, 4:2:0:0:1, 2:0:0:0:0, 1:0:0:0:0, 1:0:0:0:0, 2:0:0:0:0, 1:0:0:0:0, 1:0:0:0:3, 1:0:0:0:1, 1:0:0:0:0, 3:0:0:0:0, 6:0:0:0:0, 5:1:0:0:2, 1:0:0:0:2, 4:2:0:0:0, 3:0:0:0:1, 1:0:0:0:0, 4:0:0:0:4, 6:6:0:0:2, 7:5:0:0:3, 1:0:0:0:0, 1:0:0:0:0, 1:0:0:0:0, 1:0:0:0:0, 1:0:0:0:0, 0:0:0:0:0, 0:0:0:0:0, 0:0:0:0:0, 0:0:0:0:0, 467:189:9:0:149
Bb dorian (2b), 3:0:0:0:0, 0:0:0:0:0, 3:0:0:0:0, 2:1:0:0:1, 1:0:0:0:0, 2:0:0:0:0, 1:0:0:0:0, 5:3:0:0:5, 3:5:0:0:5, 2:0:0:0:0, 0:0:0:0:0, 1:0:0:0:0, 1:1:0:0:1, 1:0:0:0:0, 3:1:0:0:2, 3:1:0:0:2, 4:3:0:0:5, 2:0:0:0:2, 6:1:0:0:4, 1:1:0:0:1, 1:0:0:0:0, 3:1:0:0:2, 2:0:0:0:1, 5:4:0:0:6, 3:1:0:0:5, 5:4:0:0:6, 7:8:2:0:9, 5:5:0:0:6, 3:0:0:0:0, 3:0:0:0:0, 5:4:0:0:5, 3:1:0:0:2, 5:4:0:0:6, 3:1:0:0:2, 0:0:0:0:0, 1:0:0:0:0, 3:1:0:0:1, 3:1:0:0:1, 0:0:0:0:0, 2:0:0:0:0, 1:0:0:0:0, 5:2:0:0:4, 3:6:0:0:6, 4:0:0:0:0, 0:0:0:0:0, 6:2:0:0:2, 1:0:0:0:0, 2:1:3:0:3, 8:3:0:0:6, 5:1:0:0:2, 3:6:0:0:6, 3:2:0:0:4, 6:4:0:0:7, 5:1:0:0:2, 4:1:0:0:3, 6:1:0:0:3, 4:0:0:0:1, 7:10:0:0:12, 1:0:0:0:0, 5:3:0:0:6, 6:7:1:0:11, 7:9:1:0:10, 2:0:0:0:0, 6:0:0:0:0, 6:6:0:0:7, 4:2:0:0:3, 6:5:0:0:6, 4:3:0:0:4, 0:0:0:0:0, 1:0:0:0:0, 1:0:0:0:0, 2:1:0:0:1, 0:0:0:0:0, 1:0:0:0:0, 0:0:0:0:0, 4:4:0:0:6, 4:3:0:0:3, 2:0:0:0:0, 2:0:0:0:1, 3:0:0:0:0, 0:0:0:0:0, 1:0:0:0:0, 3:1:2:0:4, 6:1:0:0:3, 4:3:0:0:3, 2:0:0:0:1, 5:2:0:0:3, 2:0:0:0:2, 1:0:0:0:1, 4:1:0:0:3, 1:0:0:0:1, 6:6:0:0:8, 0:0:0:0:0, 4:3:0:0:8, 4:2:0:0:4, 5:3:0:0:4, 3:0:0:0:2, 4:0:1:0:1, 6:5:0:0:7, 3:1:0:0:3, 5:6:0:0:9, 3:5:0:0:6, 0:0:0:0:0, 3:0:0:0:0, 3:0:0:0:0, 3:2:0:0:2, 1:0:0:0:0, 3:0:0:0:1, 0:0:0:0:0, 4:4:0:0:8, 5:4:0:0:6, 2:0:0:0:0, 1:0:0:0:0, 2:0:0:0:0, 1:0:0:0:0, 0:0:0:0:0, 4:5:0:0:6, 5:4:0:0:7, 4:5:0:0:5, 3:2:0:0:3, 4:4:0:0:6, 2:0:0:0:1, 3:0:0:0:2, 5:1:0:0:2, 2:0:0:0:1, 6:6:0:0:8, 1:0:0:0:1, 4:6:0:0:9, 4:4:0:0:5, 7:4:1:0:5, 3:0:0:0:0, 2:0:0:0:0, 5:7:0:0:10, 3:1:0:0:2, 5:6:0:0:9, 5:4:0:0:6, 0:0:0:0:0, 2:0:0:0:0, 2:0:0:0:0, 5:3:1:0:3, 0:0:0:0:0, 2:0:0:0:0, 1:0:0:0:0, 7:4:0:0:8, 5:4:1:0:5, 7:0:0:0:1, 3:3:0:0:3, 2:0:0:0:0, 0:0:0:0:0, 0:0:0:0:0, 5:1:0:0:2, 3:4:0:0:7, 3:6:0:0:6, 4:7:0:0:10, 3:1:0:0:2, 3:0:0:0:3, 1:0:0:0:0, 6:1:0:0:3, 5:1:0:0:3, 5:5:0:0:6, 1:0:0:0:0, 5:3:0:0:5, 4:5:0:0:8, 7:6:0:0:7, 3:0:0:0:0, 6:0:0:0:3, 5:3:0:0:6, 5:2:0:0:5, 5:9:0:0:11, 5:3:0:0:4, 5:3:0:0:4, 1:0:0:0:2, 1:0:0:0:3, 1:0:0:0:1, 1:0:0:0:1, 552:317:13:0:499
D dorian (2#), 5:0:0:0:1, 3:2:0:0:0, 5:0:0:0:1, 1:2:0:0:0, 2:0:0:0:0, 3:2:0:0:1, 2:0:0:0:0, 1:0:0:0:0, 1:0:0:0:0, 5:8:0:0:5, 3:1:0:0:0, 2:1:0:0:0, 3:0:0:0:0, 1:0:0:0:0, 0:0:0:0:0, 1:0:0:0:0, 1:0:0:0:0, 0:0:0:0:0, 3:0:0:0:1, 1:0:0:0:0, 2:0:0:0:0, 2:0:0:0:0, 2:0:0:0:0, 1:0:0:0:1, 5:1:0:0:1, 1:0:0:0:0, 3:0:2:0:3, 1:0:0:0:1, 5:5:0:0:2, 6:4:0:0:3, 1:0:0:0:0, 0:0:0:0:0, 1:0:0:0:0, 0:0:0:0:0, 4:3:0:0:0, 4:2:0:0:1, 7:4:0:0:1, 1:2:0:0:0, 2:0:0:0:0, 4:2:0:0:1, 2:0:0:0:0, 2:0:0:0:0, 1:0:0:0:0, 7:8:0:0:5, 2:2:0:0:0, 6:5:0:0:2, 3:0:0:0:1, 4:0:0:0:1, 5:0:0:0:2, 4:0:0:0:0, 1:0:0:0:0, 1:0:1:0:1, 4:1:0:0:4, 2:0:0:0:0, 5:2:0:0:1, 6:1:0:0:2, 4:0:0:0:0, 3:0:0:0:2, 4:1:0:0:0, 2:0:0:0:0, 3:3:1:0:1, 3:0:1:0:2, 5:6:0:0:2, 10:3:0:0:3, 2:0:0:0:3, 0:0:0:0:0, 2:0:0:0:1, 1:0:0:0:0, 4:2:0:0:0, 3:2:0:0:1, 4:3:0:0:1, 2:1:0:0:0, 2:0:0:0:0, 3:2:0:0:1, 2:0:0:0:0, 1:0:0:0:0, 1:0:0:0:0, 5:5:0:0:3, 4:3:1:0:1, 4:2:0:0:1, 2:0:0:0:0, 2:0:0:0:1, 1:0:0:0:2, 6:0:0:0:1, 1:0:0:0:0, 0:0:0:0:0, 1:0:0:0:2, 0:0:0:0:0, 2:0:0:0:0, 4:0:0:0:0, 2:0:0:0:0, 2:0:0:0:2, 3:1:0:0:0, 1:0:0:0:0, 1:0:0:0:0, 1:0:0:0:2, 5:4:0:0:2, 6:8:1:0:6, 2:0:0:0:1, 0:0:0:0:0, 1:0:0:0:0, 1:0:0:0:0, 4:2:0:0:0, 5:2:0:0:3, 6:4:0:0:2, 2:2:0:0:0, 4:0:0:0:1, 5:3:0:0:1, 2:0:0:0:0, 1:0:0:0:0, 1:0:0:0:0, 5:5:0:0:5, 3:3:0:0:1, 4:2:0:0:0, 4:0:0:0:1, 1:0:0:0:0, 1:0:0:0:0, 5:0:0:0:0, 1:0:0:0:0, 0:0:0:0:0, 1:0:0:0:4, 0:0:0:0:0, 3:0:0:0:0, 3:0:0:0:0, 3:0:0:0:0, 2:0:0:0:2, 3:1:0:0:0, 1:0:0:0:0, 1:0:0:0:0, 3:0:0:0:2, 7:10:0:0:5, 5:6:0:0:3, 1:0:0:0:0, 1:0:0:0:0, 1:0:0:0:0, 2:0:0:0:1, 4:4:0:0:0, 5:5:0:0:4, 6:5:0:0:1, 5:2:1:0:1, 2:0:0:0:0, 4:4:0:0:3, 2:0:0:0:0, 5:0:0:0:1, 2:0:1:0:1, 9:5:0:0:4, 5:4:0:0:1, 4:2:0:0:1, 2:0:0:0:0, 1:0:0:0:0, 1:0:0:0:0, 2:0:0:0:0, 1:0:0:0:0, 1:0:0:0:3, 1:0:0:0:1, 1:0:0:0:0, 3:0:0:0:0, 6:0:0:0:0, 5:1:0:0:2, 1:0:0:0:2, 4:2:0:0:0, 3:0:0:0:1, 1:0:0:0:0, 4:0:0:0:4, 6:6:0:0:2, 7:5:0:0:3, 1:0:0:0:0, 1:0:0:0:0, 1:0:0:0:0, 1:0:0:0:0, 1:0:0:0:0, 0:0:0:0:0, 0:0:0:0:0, 0:0:0:0:0, 0:0:0:0:0, 467:189:9:0:149
Bb phrygian (2b), 3:0:0:0:0, 0:0:0:0:0, 3:0:0:0:0, 2:1:0:0:1, 1:0:0:0:0, 2:0:0:0:0, 1:0:0:0:0, 5:3:0:0:5, 3:5:0:0:5, 2:0:0:0:0, 0:0:0:0:0, 1:0:0:0:0, 1:1:0:0:1, 1:0:0:0:0, 3:1:0:0:2, 3:1:0:0:2, 4:3:0:0:5, 2:0:0:0:2, 6:1:0:0:4, 1:1:0:0:1, 1:0:0:0:0, 3:1:0:0:2, 2:0:0:0:1, 5:4:0:0:6, 3:1:0:0:5, 5:4:0:0:6, 7:8:2:0:9, 5:5:0:0:6, 3:0:0:0:0, 3:0:0:0:0, 5:4:0:0:5, 3:1:0:0:2, 5:4:0:0:6, 3:1:0:0:2, 0:0:0:0:0, 1:0:0:0:0, 3:1:0:0:1, 3:1:0:0:1, 0:0:0:0:0, 2:0:0:0:0, 1:0:0:0:0, 5:2:0:0:4, 3:6:0:0:6, 4:0:0:0:0, 0:0:0:0:0, 6:2:0:0:2, 1:0:0:0:0, 2:1:3:0:3, 8:3:0:0:6, 5:1:0:0:2, 3:6:0:0:6, 3:2:0:0:4, 6:4:0:0:7, 5:1:0:0:2, 4:1:0:0:3, 6:1:0:0:3, 4:0:0:0:1, 7:10:0:0:12, 1:0:0:0:0, 5:3:0:0:6, 6:7:1:0:11, 7:9:1:0:10, 2:0:0:0:0, 6:0:0:0:0, 6:6:0:0:7, 4:2:0:0:3, 6:5:0:0:6, 4:3:0:0:4, 0:0:0:0:0, 1:0:0:0:0, 1:0:0:0:0, 2:1:0:0:1, 0:0:0:0:0, 1:0:0:0:0, 0:0:0:0:0, 4:4:0:0:6, 4:3:0:0:3, 2:0:0:0:0, 2:0:0:0:1, 3:0:0:0:0, 0:0:0:0:0, 1:0:0:0:0, 3:1:2:0:4, 6:1:0:0:3, 4:3:0:0:3, 2:0:0:0:1, 5:2:0:0:3, 2:0:0:0:2, 1:0:0:0:1, 4:1:0:0:3, 1:0:0:0:1, 6:6:0:0:8, 0:0:0:0:0, 4:3:0:0:8, 4:2:0:0:4, 5:3:0:0:4, 3:0:0:0:2, 4:0:1:0:1, 6:5:0:0:7, 3:1:0:0:3, 5:6:0:0:9, 3:5:0:0:6, 0:0:0:0:0, 3:0:0:0:0, 3:0:0:0:0, 3:2:0:0:2, 1:0:0:0:0, 3:0:0:0:1, 0:0:0:0:0, 4:4:0:0:8, 5:4:0:0:6, 2:0:0:0:0, 1:0:0:0:0, 2:0:0:0:0, 1:0:0:0:0, 0:0:0:0:0, 4:5:0:0:6, 5:4:0:0:7, 4:5:0:0:5, 3:2:0:0:3, 4:4:0:0:6, 2:0:0:0:1, 3:0:0:0:2, 5:1:0:0:2, 2:0:0:0:1, 6:6:0:0:8, 1:0:0:0:1, 4:6:0:0:9, 4:4:0:0:5, 7:4:1:0:5, 3:0:0:0:0, 2:0:0:0:0, 5:7:0:0:10, 3:1:0:0:2, 5:6:0:0:9, 5:4:0:0:6, 0:0:0:0:0, 2:0:0:0:0, 2:0:0:0:0, 5:3:1:0:3, 0:0:0:0:0, 2:0:0:0:0, 1:0:0:0:0, 7:4:0:0:8, 5:4:1:0:5, 7:0:0:0:1, 3:3:0:0:3, 2:0:0:0:0, 0:0:0:0:0, 0:0:0:0:0, 5:1:0:0:2, 3:4:0:0:7, 3:6:0:0:6, 4:7:0:0:10, 3:1:0:0:2, 3:0:0:0:3, 1:0:0:0:0, 6:1:0:0:3, 5:1:0:0:3, 5:5:0:0:6, 1:0:0:0:0, 5:3:0:0:5, 4:5:0:0:8, 7:6:0:0:7, 3:0:0:0:0, 6:0:0:0:3, 5:3:0:0:6, 5:2:0:0:5, 5:9:0:0:11, 5:3:0:0:4, 5:3:0:0:4, 1:0:0:0:2, 1:0:0:0:3, 1:0:0:0:1, 1:0:0:0:1, 552:317:13:0:499
D phrygian (2#), 5:0:0:0:1, 3:2:0:0:0, 5:0:0:0:1, 1:2:0:0:0, 2:0:0:0:0, 3:2:0:0:1, 2:0:0:0:0, 1:0:0:0:0, 1:0:0:0:0, 5:8:0:0:5, 3:1:0:0:0, 2:1:0:0:0, 3:0:0:0:0, 1:0:0:0:0, 0:0:0:0:0, 1:0:0:0:0, 1:0:0:0:0, 0:0:0:0:0, 3:0:0:0:1, 1:0:0:0:0, 2:0:0:0:0, 2:0:0:0:0, 2:0:0:0:0, 1:0:0:0:1, 5:1:0:0:1, 1:0:0:0:0, 3:0:2:0:3, 1:0:0:0:1, 5:5:0:0:2, 6:4:0:0:3, 1:0:0:0:0, 0:0:0:0:0, 1:0:0:0:0, 0:0:0:0:0, 4:3:0:0:0, 4:2:0:0:1, 7:4:0:0:1, 1:2:0:0:0, 2:0:0:0:0, 4:2:0:0:1, 2:0:0:0:0, 2:0:0:0:0, 1:0:0:0:0, 7:8:0:0:5, 2:2:0:0:0, 6:5:0:0:2, 3:0:0:0:1, 4:0:0:0:1, 5:0:0:0:2, 4:0:0:0:0, 1:0:0:0:0, 1:0:1:0:1, 4:1:0:0:4, 2:0:0:0:0, 5:2:0:0:1, 6:1:0:0:2, 4:0:0:0:0, 3:0:0:0:2, 4:1:0:0:0, 2:0:0:0:0, 3:3:1:0:1, 3:0:1:0:2, 5:6:0:0:2, 10:3:0:0:3, 2:0:0:0:3, 0:0:0:0:0, 2:0:0:0:1, 1:0:0:0:0, 4:2:0:0:0, 3:2:0:0:1, 4:3:0:0:1, 2:1:0:0:0, 2:0:0:0:0, 3:2:0:0:1, 2:0:0:0:0, 1:0:0:0:0, 1:0:0:0:0, 5:5:0:0:3, 4:3:1:0:1, 4:2:0:0:1, 2:0:0:0:0, 2:0:0:0:1, 1:0:0:0:2, 6:0:0:0:1, 1:0:0:0:0, 0:0:0:0:0, 1:0:0:0:2, 0:0:0:0:0, 2:0:0:0:0, 4:0:0:0:0, 2:0:0:0:0, 2:0:0:0:2, 3:1:0:0:0, 1:0:0:0:0, 1:0:0:0:0, 1:0:0:0:2, 5:4:0:0:2, 6:8:1:0:6, 2:0:0:0:1, 0:0:0:0:0, 1:0:0:0:0, 1:0:0:0:0, 4:2:0:0:0, 5:2:0:0:3, 6:4:0:0:2, 2:2:0:0:0, 4:0:0:0:1, 5:3:0:0:1, 2:0:0:0:0, 1:0:0:0:0, 1:0:0:0:0, 5:5:0:0:5, 3:3:0:0:1, 4:2:0:0:0, 4:0:0:0:1, 1:0:0:0:0, 1:0:0:0:0, 5:0:0:0:0, 1:0:0:0:0, 0:0:0:0:0, 1:0:0:0:4, 0:0:0:0:0, 3:0:0:0:0, 3:0:0:0:0, 3:0:0:0:0, 2:0:0:0:2, 3:1:0:0:0, 1:0:0:0:0, 1:0:0:0:0, 3:0:0:0:2, 7:10:0:0:5, 5:6:0:0:3, 1:0:0:0:0, 1:0:0:0:0, 1:0:0:0:0, 2:0:0:0:1, 4:4:0:0:0, 5:5:0:0:4, 6:5:0:0:1, 5:2:1:0:1, 2:0:0:0:0, 4:4:0:0:3, 2:0:0:0:0, 5:0:0:0:1, 2:0:1:0:1, 9:5:0:0:4, 5:4:0:0:1, 4:2:0:0:1, 2:0:0:0:0, 1:0:0:0:0, 1:0:0:0:0, 2:0:0:0:0, 1:0:0:0:0, 1:0:0:0:3, 1:0:0:0:1, 1:0:0:0:0, 3:0:0:0:0, 6:0:0:0:0, 5:1:0:0:2, 1:0:0:0:2, 4:2:0:0:0, 3:0:0:0:1, 1:0:0:0:0, 4:0:0:0:4, 6:6:0:0:2, 7:5:0:0:3, 1:0:0:0:0, 1:0:0:0:0, 1:0:0:0:0, 1:0:0:0:0, 1:0:0:0:0, 0:0:0:0:0, 0:0:0:0:0, 0:0:0:0:0, 0:0:0:0:0, 467:189:9:0:149
Bb lydian (2b), 3:0:0:0:0, 0:0:0:0:0, 3:0:0:0:0, 2:1:0:0:1, 1:0:0:0:0, 2:0:0:0:0, 1:0:0:0:0, 5:3:0:0:5, 3:5:0:0:5, 2:0:0:0:0, 0:0:0:0:0, 1:0:0:0:0, 1:1:0:0:1, 1:0:0:0:0, 3:1:0:0:2, 3:1:0:0:2, 4:3:0:0:5, 2:0:0:0:2, 6:1:0:0:4, 1:1:0:0:1, 1:0:0:0:0, 3:1:0:0:2, 2:0:0:0:1, 5:4:0:0:6, 3:1:0:0:5, 5:4:0:0:6, 7:8:2:0:9, 5:5:0:0:6, 3:0:0:0:0, 3:0:0:0:0, 5:4:0:0:5, 3:1:0:0:2, 5:4:0:0:6, 3:1:0:0:2, 0:0:0:0:0, 1:0:0:0:0, 3:1:0:0:1, 3:1:0:0:1, 0:0:0:0:0, 2:0:0:0:0, 1:0:0:0:0, 5:2:0:0:4, 3:6:0:0:6, 4:0:0:0:0, 0:0:0:0:0, 6:2:0:0:2, 1:0:0:0:0, 2:1:3:0:3, 8:3:0:0:6, 5:1:0:0:2, 3:6:0:0:6, 3:2:0:0:4, 6:4:0:0:7, 5:1:0:0:2, 4:1:0:0:3, 6:1:0:0:3, 4:0:0:0:1, 7:10:0:0:12, 1:0:0:0:0, 5:3:0:0:6, 6:7:1:0:11, 7:9:1:0:10, 2:0:0:0:0, 6:0:0:0:0, 6:6:0:0:7, 4:2:0:0:3, 6:5:0:0:6, 4:3:0:0:4, 0:0:0:0:0, 1:0:0:0:0, 1:0:0:0:0, 2:1:0:0:1, 0:0:0:0:0, 1:0:0:0:0, 0:0:0:0:0, 4:4:0:0:6, 4:3:0:0:3, 2:0:0:0:0, 2:0:0:0:1, 3:0:0:0:0, 0:0:0:0:0, 1:0:0:0:0, 3:1:2:0:4, 6:1:0:0:3, 4:3:0:0:3, 2:0:0:0:1, 5:2:0:0:3, 2:0:0:0:2, 1:0:0:0:1, 4:1:0:0:3, 1:0:0:0:1, 6:6:0:0:8, 0:0:0:0:0, 4:3:0:0:8, 4:2:0:0:4, 5:3:0:0:4, 3:0:0:0:2, 4:0:1:0:1, 6:5:0:0:7, 3:1:0:0:3, 5:6:0:0:9, 3:5:0:0:6, 0:0:0:0:0, 3:0:0:0:0, 3:0:0:0:0, 3:2:0:0:2, 1:0:0:0:0, 3:0:0:0:1, 0:0:0:0:0, 4:4:0:0:8, 5:4:0:0:6, 2:0:0:0:0, 1:0:0:0:0, 2:0:0:0:0, 1:0:0:0:0, 0:0:0:0:0, 4:5:0:0:6, 5:4:0:0:7, 4:5:0:0:5, 3:2:0:0:3, 4:4:0:0:6, 2:0:0:0:1, 3:0:0:0:2, 5:1:0:0:2, 2:0:0:0:1, 6:6:0:0:8, 1:0:0:0:1, 4:6:0:0:9, 4:4:0:0:5, 7:4:1:0:5, 3:0:0:0:0, 2:0:0:0:0, 5:7:0:0:10, 3:1:0:0:2, 5:6:0:0:9, 5:4:0:0:6, 0:0:0:0:0, 2:0:0:0:0, 2:0:0:0:0, 5:3:1:0:3, 0:0:0:0:0, 2:0:0:0:0, 1:0:0:0:0, 7:4:0:0:8, 5:4:1:0:5, 7:0:0:0:1, 3:3:0:0:3, 2:0:0:0:0, 0:0:0:0:0, 0:0:0:0:0, 5:1:0:0:2, 3:4:0:0:7, 3:6:0:0:6, 4:7:0:0:10, 3:1:0:0:2, 3:0:0:0:3, 1:0:0:0:0, 6:1:0:0:3, 5:1:0:0:3, 5:5:0:0:6, 1:0:0:0:0, 5:3:0:0:5, 4:5:0:0:8, 7:6:0:0:7, 3:0:0:0:0, 6:0:0:0:3, 5:3:0:0:6, 5:2:0:0:5, 5:9:0:0:11, 5:3:0:0:4, 5:3:0:0:4, 1:0:0:0:2, 1:0:0:0:3, 1:0:0:0:1, 1:0:0:0:1, 552:317:13:0:499
D lydian (2#), 5:0:0:0:1, 3:2:0:0:0, 5:0:0:0:1, 1:2:0:0:0, 2:0:0:0:0, 3:2:0:0:1, 2:0:0:0:0, 1:0:0:0:0, 1:0:0:0:0, 5:8:0:0:5, 3:1:0:0:0, 2:1:0:0:0, 3:0:0:0:0, 1:0:0:0:0, 0:0:0:0:0, 1:0:0:0:0, 1:0:0:0:0, 0:0:0:0:0, 3:0:0:0:1, 1:0:0:0:0, 2:0:0:0:0, 2:0:0:0:0, 2:0:0:0:0, 1:0:0:0:1, 5:1:0:0:1, 1:0:0:0:0, 3:0:2:0:3, 1:0:0:0:1, 5:5:0:0:2, 6:4:0:0:3, 1:0:0:0:0, 0:0:0:0:0, 1:0:0:0:0, 0:0:0:0:0, 4:3:0:0:0, 4:2:0:0:1, 7:4:0:0:1, 1:2:0:0:0, 2:0:0:0:0, 4:2:0:0:1, 2:0:0:0:0, 2:0:0:0:0, 1:0:0:0:0, 7:8:0:0:5, 2:2:0:0:0, 6:5:0:0:2, 3:0:0:0:1, 4:0:0:0:1, 5:0:0:0:2, 4:0:0:0:0, 1:0:0:0:0, 1:0:1:0:1, 4:1:0:0:4, 2:0:0:0:0, 5:2:0:0:1, 6:1:0:0:2, 4:0:0:0:0, 3:0:0:0:2, 4:1:0:0:0, 2:0:0:0:0, 3:3:1:0:1, 3:0:1:0:2, 5:6:0:0:2, 10:3:0:0:3, 2:0:0:0:3, 0:0:0:0:0, 2:0:0:0:1, 1:0:0:0:0, 4:2:0:0:0, 3:2:0:0:1, 4:3:0:0:1, 2:1:0:0:0, 2:0:0:0:0, 3:2:0:0:1, 2:0:0:0:0, 1:0:0:0:0, 1:0:0:0:0, 5:5:0:0:3, 4:3:1:0:1, 4:2:0:0:1, 2:0:0:0:0, 2:0:0:0:1, 1:0:0:0:2, 6:0:0:0:1, 1:0:0:0:0, 0:0:0:0:0, 1:0:0:0:2, 0:0:0:0:0, 2:0:0:0:0, 4:0:0:0:0, 2:0:0:0:0, 2:0:0:0:2, 3:1:0:0:0, 1:0:0:0:0, 1:0:0:0:0, 1:0:0:0:2, 5:4:0:0:2, 6:8:1:0:6, 2:0:0:0:1, 0:0:0:0:0, 1:0:0:0:0, 1:0:0:0:0, 4:2:0:0:0, 5:2:0:0:3, 6:4:0:0:2, 2:2:0:0:0, 4:0:0:0:1, 5:3:0:0:1, 2:0:0:0:0, 1:0:0:0:0, 1:0:0:0:0, 5:5:0:0:5, 3:3:0:0:1, 4:2:0:0:0, 4:0:0:0:1, 1:0:0:0:0, 1:0:0:0:0, 5:0:0:0:0, 1:0:0:0:0, 0:0:0:0:0, 1:0:0:0:4, 0:0:0:0:0, 3:0:0:0:0, 3:0:0:0:0, 3:0:0:0:0, 2:0:0:0:2, 3:1:0:0:0, 1:0:0:0:0, 1:0:0:0:0, 3:0:0:0:2, 7:10:0:0:5, 5:6:0:0:3, 1:0:0:0:0, 1:0:0:0:0, 1:0:0:0:0, 2:0:0:0:1, 4:4:0:0:0, 5:5:0:0:4, 6:5:0:0:1, 5:2:1:0:1, 2:0:0:0:0, 4:4:0:0:3, 2:0:0:0:0, 5:0:0:0:1, 2:0:1:0:1, 9:5:0:0:4, 5:4:0:0:1, 4:2:0:0:1, 2:0:0:0:0, 1:0:0:0:0, 1:0:0:0:0, 2:0:0:0:0, 1:0:0:0:0, 1:0:0:0:3, 1:0:0:0:1, 1:0:0:0:0, 3:0:0:0:0, 6:0:0:0:0, 5:1:0:0:2, 1:0:0:0:2, 4:2:0:0:0, 3:0:0:0:1, 1:0:0:0:0, 4:0:0:0:4, 6:6:0:0:2, 7:5:0:0:3, 1:0:0:0:0, 1:0:0:0:0, 1:0:0:0:0, 1:0:0:0:0, 1:0:0:0:0, 0:0:0:0:0, 0:0:0:0:0, 0:0:0:0:0, 0:0:0:0:0, 467:189:9:0:149
Bb mixolydian (2b), 3:0:0:0:0, 0:0:0:0:0, 3:0:0:0:0, 2:1:0:0:1, 1:0:0:0:0, 2:0:0:0:0, 1:0:0:0:0, 5:3:0:0:5, 3:5:0:0:5, 2:0:0:0:0, 0:0:0:0:0, 1:0:0:0:0, 1:1:0:0:1, 1:0:0:0:0, 3:1:0:0:2, 3:1:0:0:2, 4:3:0:0:5, 2:0:0:0:2, 6:1:0:0:4, 1:1:0:0:1, 1:0:0:0:0, 3:1:0:0:2, 2:0:0:0:1, 5:4:0:0:6, 3:1:0:0:5, 5:4:0:0:6, 7:8:2:0:9, 5:5:0:0:6, 3:0:0:0:0, 3:0:0:0:0, 5:4:0:0:5, 3:1:0:0:2, 5:4:0:0:6, 3:1:0:0:2, 0:0:0:0:0, 1:0:0:0:0, 3:1:0:0:1, 3:1:0:0:1, 0:0:0:0:0, 2:0:0:0:0, 1:0:0:0:0, 5:2:0:0:4, 3:6:0:0:6, 4:0:0:0:0, 0:0:0:0:0, 6:2:0:0:2, 1:0:0:0:0, 2:1:3:0:3, 8:3:0:0:6, 5:1:0:0:2, 3:6:0:0:6, 3:2:0:0:4, 6:4:0:0:7, 5:1:0:0:2, 4:1:0:0:3, 6:1:0:0:3, 4:0:0:0:1, 7:10:0:0:12, 1:0:0:0:0, 5:3:0:0:6, 6:7:1:0:11, 7:9:1:0:10, 2:0:0:0:0, 6:0:0:0:0, 6:6:0:0:7, 4:2:0:0:3, 6:5:0:0:6, 4:3:0:0:4, 0:0:0:0:0, 1:0:0:0:0, 1:0:0:0:0, 2:1:0:0:1, 0:0:0:0:0, 1:0:0:0:0, 0:0:0:0:0, 4:4:0:0:6, 4:3:0:0:3, 2:0:0:0:0, 2:0:0:0:1, 3:0:0:0:0, 0:0:0:0:0, 1:0:0:0:0, 3:1:2:0:4, 6:1:0:0:3, 4:3:0:0:3, 2:0:0:0:1, 5:2:0:0:3, 2:0:0:0:2, 1:0:0:0:1, 4:1:0:0:3, 1:0:0:0:1, 6:6:0:0:8, 0:0:0:0:0, 4:3:0:0:8, 4:2:0:0:4, 5:3:0:0:4, 3:0:0:0:2, 4:0:1:0:1, 6:5:0:0:7, 3:1:0:0:3, 5:6:0:0:9, 3:5:0:0:6, 0:0:0:0:0, 3:0:0:0:0, 3:0:0:0:0, 3:2:0:0:2, 1:0:0:0:0, 3:0:0:0:1, 0:0:0:0:0, 4:4:0:0:8, 5:4:0:0:6, 2:0:0:0:0, 1:0:0:0:0, 2:0:0:0:0, 1:0:0:0:0, 0:0:0:0:0, 4:5:0:0:6, 5:4:0:0:7, 4:5:0:0:5, 3:2:0:0:3, 4:4:0:0:6, 2:0:0:0:1, 3:0:0:0:2, 5:1:0:0:2, 2:0:0:0:1, 6:6:0:0:8, 1:0:0:0:1, 4:6:0:0:9, 4:4:0:0:5, 7:4:1:0:5, 3:0:0:0:0, 2:0:0:0:0, 5:7:0:0:10, 3:1:0:0:2, 5:6:0:0:9, 5:4:0:0:6, 0:0:0:0:0, 2:0:0:0:0, 2:0:0:0:0, 5:3:1:0:3, 0:0:0:0:0, 2:0:0:0:0, 1:0:0:0:0, 7:4:0:0:8, 5:4:1:0:5, 7:0:0:0:1, 3:3:0:0:3, 2:0:0:0:0, 0:0:0:0:0, 0:0:0:0:0, 5:1:0:0:2, 3:4:0:0:7, 3:6:0:0:6, 4:7:0:0:10, 3:1:0:0:2, 3:0:0:0:3, 1:0:0:0:0, 6:1:0:0:3, 5:1:0:0:3, 5:5:0:0:6, 1:0:0:0:0, 5:3:0:0:5, 4:5:0:0:8, 7:6:0:0:7, 3:0:0:0:0, 6:0:0:0:3, 5:3:0:0:6, 5:2:0:0:5, 5:9:0:0:11, 5:3:0:0:4, 5:3:0:0:4, 1:0:0:0:2, 1:0:0:0:3, 1:0:0:0:1, 1:0:0:0:1, 552:317:13:0:499
D mixolydian (2#), 5:0:0:0:1, 3:2:0:0:0, 5:0:0:0:1, 1:2:0:0:0, 2:0:0:0:0, 3:2:0:0:1, 2:0:0:0:0, 1:0:0:0:0, 1:0:0:0:0, 5:8:0:0:5, 3:1:0:0:0, 2:1:0:0:0, 3:0:0:0:0, 1:0:0:0:0, 0:0:0:0:0, 1:0:0:0:0, 1:0:0:0:0, 0:0:0:0:0, 3:0:0:0:1, 1:0:0:0:0, 2:0:0:0:0, 2:0:0:0:0, 2:0:0:0:0, 1:0:0:0:1, 5:1:0:0:1, 1:0:0:0:0, 3:0:2:0:3, 1:0:0:0:1, 5:5:0:0:2, 6:4:0:0:3, 1:0:0:0:0, 0:0:0:0:0, 1:0:0:0:0, 0:0:0:0:0, 4:3:0:0:0, 4:2:0:0:1, 7:4:0:0:1, 1:2:0:0:0, 2:0:0:0:0, 4:2:0:0:1, 2:0:0:0:0, 2:0:0:0:0, 1:0:0:0:0, 7:8:0:0:5, 2:2:0:0:0, 6:5:0:0:2, 3:0:0:0:1, 4:0:0:0:1, 5:0:0:0:2, 4:0:0:0:0, 1:0:0:0:0, 1:0:1:0:1, 4:1:0:0:4, 2:0:0:0:0, 5:2:0:0:1, 6:1:0:0:2, 4:0:0:0:0, 3:0:0:0:2, 4:1:0:0:0, 2:0:0:0:0, 3:3:1:0:1, 3:0:1:0:2, 5:6:0:0:2, 10:3:0:0:3, 2:0:0:0:3, 0:0:0:0:0, 2:0:0:0:1, 1:0:0:0:0, 4:2:0:0:0, 3:2:0:0:1, 4:3:0:0:1, 2:1:0:0:0, 2:0:0:0:0, 3:2:0:0:1, 2:0:0:0:0, 1:0:0:0:0, 1:0:0:0:0, 5:5:0:0:3, 4:3:1:0:1, 4:2:0:0:1, 2:0:0:0:0, 2:0:0:0:1, 1:0:0:0:2, 6:0:0:0:1, 1:0:0:0:0, 0:0:0:0:0, 1:0:0:0:2, 0:0:0:0:0, 2:0:0:0:0, 4:0:0:0:0, 2:0:0:0:0, 2:0:0:0:2, 3:1:0:0:0, 1:0:0:0:0, 1:0:0:0:0, 1:0:0:0:2, 5:4:0:0:2, 6:8:1:0:6, 2:0:0:0:1, 0:0:0:0:0, 1:0:0:0:0, 1:0:0:0:0, 4:2:0:0:0, 5:2:0:0:3, 6:4:0:0:2, 2:2:0:0:0, 4:0:0:0:1, 5:3:0:0:1, 2:0:0:0:0, 1:0:0:0:0, 1:0:0:0:0, 5:5:0:0:5, 3:3:0:0:1, 4:2:0:0:0, 4:0:0:0:1, 1:0:0:0:0, 1:0:0:0:0, 5:0:0:0:0, 1:0:0:0:0, 0:0:0:0:0, 1:0:0:0:4, 0:0:0:0:0, 3:0:0:0:0, 3:0:0:0:0, 3:0:0:0:0, 2:0:0:0:2, 3:1:0:0:0, 1:0:0:0:0, 1:0:0:0:0, 3:0:0:0:2, 7:10:0:0:5, 5:6:0:0:3, 1:0:0:0:0, 1:0:0:0:0, 1:0:0:0:0, 2:0:0:0:1, 4:4:0:0:0, 5:5:0:0:4, 6:5:0:0:1, 5:2:1:0:1, 2:0:0:0:0, 4:4:0:0:3, 2:0:0:0:0, 5:0:0:0:1, 2:0:1:0:1, 9:5:0:0:4, 5:4:0:0:1, 4:2:0:0:1, 2:0:0:0:0, 1:0:0:0:0, 1:0:0:0:0, 2:0:0:0:0, 1:0:0:0:0, 1:0:0:0:3, 1:0:0:0:1, 1:0:0:0:0, 3:0:0:0:0, 6:0:0:0:0, 5:1:0:0:2, 1:0:0:0:2, 4:2:0:0:0, 3:0:0:0:1, 1:0:0:0:0, 4:0:0:0:4, 6:6:0:0:2, 7:5:0:0:3, 1:0:0:0:0, 1:0:0:0:0, 1:0:0:0:0, 1:0:0:0:0, 1:0:0:0:0, 0:0:0:0:0, 0:0:0:0:0, 0:0:0:0:0, 0:0:0:0:0, 467:189:9:0:149
Bb aeolian (2b), 3:0:0:0:0, 0:0:0:0:0, 3:0:0:0:0, 2:1:0:0:1, 1:0:0:0:0, 2:0:0:0:0, 1:0:0:0:0, 5:3:0:0:5, 3:5:0:0:5, 2:0:0:0:0, 0:0:0:0:0, 1:0:0:0:0, 1:1:0:0:1, 1:0:0:0:0, 3:1:0:0:2, 3:1:0:0:2, 4:3:0:0:5, 2:0:0:0:2, 6:1:0:0:4, 1:1:0:0:1, 1:0:0:0:0, 3:1:0:0:2, 2:0:0:0:1, 5:4:0:0:6, 3:1:0:0:5, 5:4:0:0:6, 7:8:2:0:9, 5:5:0:0:6, 3:0:0:0:0, 3:0:0:0:0, 5:4:0:0:5, 3:1:0:0:2, 5:4:0:0:6, 3:1:0:0:2, 0:0:0:0:0, 1:0:0:0:0, 3:1:0:0:1, 3:1:0:0:1, 0:0:0:0:0, 2:0:0:0:0, 1:0:0:0:0, 5:2:0:0:4, 3:6:0:0:6, 4:0:0:0:0, 0:0:0:0:0, 6:2:0:0:2, 1:0:0:0:0, 2:1:3:0:3, 8:3:0:0:6, 5:1:0:0:2, 3:6:0:0:6, 3:2:0:0:4, 6:4:0:0:7, 5:1:0:0:2, 4:1:0:0:3, 6:1:0:0:3, 4:0:0:0:1, 7:10:0:0:12, 1:0:0:0:0, 5:3:0:0:6, 6:7:1:0:11, 7:9:1:0:10, 2:0:0:0:0, 6:0:0:0:0, 6:6:0:0:7, 4:2:0:0:3, 6:5:0:0:6, 4:3:0:0:4, 0:0:0:0:0, 1:0:0:0:0, 1:0:0:0:0, 2:1:0:0:1, 0:0:0:0:0, 1:0:0:0:0, 0:0:0:0:0, 4:4:0:0:6, 4:3:0:0:3, 2:0:0:0:0, 2:0:0:0:1, 3:0:0:0:0, 0:0:0:0:0, 1:0:0:0:0, 3:1:2:0:4, 6:1:0:0:3, 4:3:0:0:3, 2:0:0:0:1, 5:2:0:0:3, 2:0:0:0:2, 1:0:0:0:1, 4:1:0:0:3, 1:0:0:0:1, 6:6:0:0:8, 0:0:0:0:0, 4:3:0:0:8, 4:2:0:0:4, 5:3:0:0:4, 3:0:0:0:2, 4:0:1:0:1, 6:5:0:0:7, 3:1:0:0:3, 5:6:0:0:9, 3:5:0:0:6, 0:0:0:0:0, 3:0:0:0:0, 3:0:0:0:0, 3:2:0:0:2, 1:0:0:0:0, 3:0:0:0:1, 0:0:0:0:0, 4:4:0:0:8, 5:4:0:0:6, 2:0:0:0:0, 1:0:0:0:0, 2:0:0:0:0, 1:0:0:0:0, 0:0:0:0:0, 4:5:0:0:6, 5:4:0:0:7, 4:5:0:0:5, 3:2:0:0:3, 4:4:0:0:6, 2:0:0:0:1, 3:0:0:0:2, 5:1:0:0:2, 2:0:0:0:1, 6:6:0:0:8, 1:0:0:0:1, 4:6:0:0:9, 4:4:0:0:5, 7:4:1:0:5, 3:0:0:0:0, 2:0:0:0:0, 5:7:0:0:10, 3:1:0:0:2, 5:6:0:0:9, 5:4:0:0:6, 0:0:0:0:0, 2:0:0:0:0, 2:0:0:0:0, 5:3:1:0:3, 0:0:0:0:0, 2:0:0:0:0, 1:0:0:0:0, 7:4:0:0:8, 5:4:1:0:5, 7:0:0:0:1, 3:3:0:0:3, 2:0:0:0:0, 0:0:0:0:0, 0:0:0:0:0, 5:1:0:0:2, 3:4:0:0:7, 3:6:0:0:6, 4:7:0:0:10, 3:1:0:0:2, 3:0:0:0:3, 1:0:0:0:0, 6:1:0:0:3, 5:1:0:0:3, 5:5:0:0:6, 1:0:0:0:0, 5:3:0:0:5, 4:5:0:0:8, 7:6:0:0:7, 3:0:0:0:0, 6:0:0:0:3, 5:3:0:0:6, 5:2:0:0:5, 5:9:0:0:11, 5:3:0:0:4, 5:3:0:0:4, 1:0:0:0:2, 1:0:0:0:3, 1:0:0:0:1, 1:0:0:0:1, 552:317:13:0:499
D aeolian (2#), 5:0:0:0:1, 3:2:0:0:0, 5:0:0:0:1, 1:2:0:0:0, 2:0:0:0:0, 3:2:0:0:1, 2:0:0:0:0, 1:0:0:0:0, 1:0:0:0:0, 5:8:0:0:5, 3:1:0:0:0, 2:1:0:0:0, 3:0:0:0:0, 1:0:0:0:0, 0:0:0:0:0, 1:0:0:0:0, 1:0:0:0:0, 0:0:0:0:0, 3:0:0:0:1, 1:0:0:0:0, 2:0:0:0:0, 2:0:0:0:0, 2:0:0:0:0, 1:0:0:0:1, 5:1:0:0:1, 1:0:0:0:0, 3:0:2:0:3, 1:0:0:0:1, 5:5:0:0:2, 6:4:0:0:3, 1:0:0:0:0, 0:0:0:0:0, 1:0:0:0:0, 0:0:0:0:0, 4:3:0:0:0, 4:2:0:0:1, 7:4:0:0:1, 1:2:0:0:0, 2:0:0:0:0, 4:2:0:0:1, 2:0:0:0:0, 2:0:0:0:0, 1:0:0:0:0, 7:8:0:0:5, 2:2:0:0:0, 6:5:0:0:2, 3:0:0:0:1, 4:0:0:0:1, 5:0:0:0:2, 4:0:0:0:0, 1:0:0:0:0, 1:0:1:0:1, 4:1:0:0:4, 2:0:0:0:0, 5:2:0:0:1, 6:1:0:0:2, 4:0:0:0:0, 3:0:0:0:2, 4:1:0:0:0, 2:0:0:0:0, 3:3:1:0:1, 3:0:1:0:2, 5:6:0:0:2, 10:3:0:0:3, 2:0:0:0:3, 0:0:0:0:0, 2:0:0:0:1, 1:0:0:0:0, 4:2:0:0:0, 3:2:0:0:1, 4:3:0:0:1, 2:1:0:0:0, 2:0:0:0:0, 3:2:0:0:1, 2:0:0:0:0, 1:0:0:0:0, 1:0:0:0:0, 5:5:0:0:3, 4:3:1:0:1, 4:2:0:0:1, 2:0:0:0:0, 2:0:0:0:1, 1:0:0:0:2, 6:0:0:0:1, 1:0:0:0:0, 0:0:0:0:0, 1:0:0:0:2, 0:0:0:0:0, 2:0:0:0:0, 4:0:0:0:0, 2:0:0:0:0, 2:0:0:0:2, 3:1:0:0:0, 1:0:0:0:0, 1:0:0:0:0, 1:0:0:0:2, 5:4:0:0:2, 6:8:1:0:6, 2:0:0:0:1, 0:0:0:0:0, 1:0:0:0:0, 1:0:0:0:0, 4:2:0:0:0, 5:2:0:0:3, 6:4:0:0:2, 2:2:0:0:0, 4:0:0:0:1, 5:3:0:0:1, 2:0:0:0:0, 1:0:0:0:0, 1:0:0:0:0, 5:5:0:0:5, 3:3:0:0:1, 4:2:0:0:0, 4:0:0:0:1, 1:0:0:0:0, 1:0:0:0:0, 5:0:0:0:0, 1:0:0:0:0, 0:0:0:0:0, 1:0:0:0:4, 0:0:0:0:0, 3:0:0:0:0, 3:0:0:0:0, 3:0:0:0:0, 2:0:0:0:2, 3:1:0:0:0, 1:0:0:0:0, 1:0:0:0:0, 3:0:0:0:2, 7:10:0:0:5, 5:6:0:0:3, 1:0:0:0:0, 1:0:0:0:0, 1:0:0:0:0, 2:0:0:0:1, 4:4:0:0:0, 5:5:0:0:4, 6:5:0:0:1, 5:2:1:0:1, 2:0:0:0:0, 4:4:0:0:3, 2:0:0:0:0, 5:0:0:0:1, 2:0:1:0:1, 9:5:0:0:4, 5:4:0:0:1, 4:2:0:0:1, 2:0:0:0:0, 1:0:0:0:0, 1:0:0:0:0, 2:0:0:0:0, 1:0:0:0:0, 1:0:0:0:3, 1:0:0:0:1, 1:0:0:0:0, 3:0:0:0:0, 6:0:0:0:0, 5:1:0:0:2, 1:0:0:0:2, 4:2:0:0:0, 3:0:0:0:1, 1:0:0:0:0, 4:0:0:0:4, 6:6:0:0:2, 7:5:0:0:3, 1:0:0:0:0, 1:0:0:0:0, 1:0:0:0:0, 1:0:0:0:0, 1:0:0:0:0, 0:0:0:0:0, 0:0:0:0:0, 0:0:0:0:0, 0:0:0:0:0, 467:189:9:0:149
Bb locrian (2b), 3:0:0:0:0, 0:0:0:0:0, 3:0:0:0:0, 2:1:0:0:1, 1:0:0:0:0, 2:0:0:0:0, 1:0:0:0:0, 5:3:0:0:5, 3:5:0:0:5, 2:0:0:0:0, 0:0:0:0:0, 1:0:0:0:0, 1:1:0:0:1, 1:0:0:0:0, 3:1:0:0:2, 3:1:0:0:2, 4:3:0:0:5, 2:0:0:0:2, 6:1:0:0:4, 1:1:0:0:1, 1:0:0:0:0, 3:1:0:0:2, 2:0:0:0:1, 5:4:0:0:6, 3:1:0:0:5, 5:4:0:0:6, 7:8:2:0:9, 5:5:0:0:6, 3:0:0:0:0, 3:0:0:0:0, 5:4:0:0:5, 3:1:0:0:2, 5:4:0:0:6, 3:1:0:0:2, 0:0:0:0:0, 1:0:0:0:0, 3:1:0:0:1, 3:1:0:0:1, 0:0:0:0:0, 2:0:0:0:0, 1:0:0:0:0, 5:2:0:0:4, 3:6:0:0:6, 4:0:0:0:0, 0:0:0:0:0, 6:2:0:0:2, 1:0:0:0:0, 2:1:3:0:3, 8:3:0:0:6, 5:1:0:0:2, 3:6:0:0:6, 3:2:0:0:4, 6:4:0:0:7, 5:1:0:0:2, 4:1:0:0:3, 6:1:0:0:3, 4:0:0:0:1, 7:10:0:0:12, 1:0:0:0:0, 5:3:0:0:6, 6:7:1:0:11, 7:9:1:0:10, 2:0:0:0:0, 6:0:0:0:0, 6:6:0:0:7, 4:2:0:0:3, 6:5:0:0:6, 4:3:0:0:4, 0:0:0:0:0, 1:0:0:0:0, 1:0:0:0:0, 2:1:0:0:1, 0:0:0:0:0, 1:0:0:0:0, 0:0:0:0:0, 4:4:0:0:6, 4:3:0:0:3, 2:0:0:0:0, 2:0:0:0:1, 3:0:0:0:0, 0:0:0:0:0, 1:0:0:0:0, 3:1:2:0:4, 6:1:0:0:3, 4:3:0:0:3, 2:0:0:0:1, 5:2:0:0:3, 2:0:0:0:2, 1:0:0:0:1, 4:1:0:0:3, 1:0:0:0:1, 6:6:0:0:8, 0:0:0:0:0, 4:3:0:0:8, 4:2:0:0:4, 5:3:0:0:4, 3:0:0:0:2, 4:0:1:0:1, 6:5:0:0:7, 3:1:0:0:3, 5:6:0:0:9, 3:5:0:0:6, 0:0:0:0:0, 3:0:0:0:0, 3:0:0:0:0, 3:2:0:0:2, 1:0:0:0:0, 3:0:0:0:1, 0:0:0:0:0, 4:4:0:0:8, 5:4:0:0:6, 2:0:0:0:0, 1:0:0:0:0, 2:0:0:0:0, 1:0:0:0:0, 0:0:0:0:0, 4:5:0:0:6, 5:4:0:0:7, 4:5:0:0:5, 3:2:0:0:3, 4:4:0:0:6, 2:0:0:0:1, 3:0:0:0:2, 5:1:0:0:2, 2:0:0:0:1, 6:6:0:0:8, 1:0:0:0:1, 4:6:0:0:9, 4:4:0:0:5, 7:4:1:0:5, 3:0:0:0:0, 2:0:0:0:0, 5:7:0:0:10, 3:1:0:0:2, 5:6:0:0:9, 5:4:0:0:6, 0:0:0:0:0, 2:0:0:0:0, 2:0:0:0:0, 5:3:1:0:3, 0:0:0:0:0, 2:0:0:0:0, 1:0:0:0:0, 7:4:0:0:8, 5:4:1:0:5, 7:0:0:0:1, 3:3:0:0:3, 2:0:0:0:0, 0:0:0:0:0, 0:0:0:0:0, 5:1:0:0:2, 3:4:0:0:7, 3:6:0:0:6, 4:7:0:0:10, 3:1:0:0:2, 3:0:0:0:3, 1:0:0:0:0, 6:1:0:0:3, 5:1:0:0:3, 5:5:0:0:6, 1:0:0:0:0, 5:3:0:0:5, 4:5:0:0:8, 7:6:0:0:7, 3:0:0:0:0, 6:0:0:0:3, 5:3:0:0:6, 5:2:0:0:5, 5:9:0:0:11, 5:3:0:0:4, 5:3:0:0:4, 1:0:0:0:2, 1:0:0:0:3, 1:0:0:0:1, 1:0:0:0:1, 552:317:13:0:499
D locrian (2#), 5:0:0:0:1, 3:2:0:0:0, 5:0:0:0:1, 1:2:0:0:0, 2:0:0:0:0, 3:2:0:0:1, 2:0:0:0:0, 1:0:0:0:0, 1:0:0:0:0, 5:8:0:0:5, 3:1:0:0:0, 2:1:0:0:0, 3:0:0:0:0, 1:0:0:0:0, 0:0:0:0:0, 1:0:0:0:0, 1:0:0:0:0, 0:0:0:0:0, 3:0:0:0:1, 1:0:0:0:0, 2:0:0:0:0, 2:0:0:0:0, 2:0:0:0:0, 1:0:0:0:1, 5:1:0:0:1, 1:0:0:0:0, 3:0:2:0:3, 1:0:0:0:1, 5:5:0:0:2, 6:4:0:0:3, 1:0:0:0:0, 0:0:0:0:0, 1:0:0:0:0, 0:0:0:0:0, 4:3:0:0:0, 4:2:0:0:1, 7:4:0:0:1, 1:2:0:0:0, 2:0:0:0:0, 4:2:0:0:1, 2:0:0:0:0, 2:0:0:0:0, 1:0:0:0:0, 7:8:0:0:5, 2:2:0:0:0, 6:5:0:0:2, 3:0:0:0:1, 4:0:0:0:1, 5:0:0:0:2, 4:0:0:0:0, 1:0:0:0:0, 1:0:1:0:1, 4:1:0:0:4, 2:0:0:0:0, 5:2:0:0:1, 6:1:0:0:2, 4:0:0:0:0, 3:0:0:0:2, 4:1:0:0:0, 2:0:0:0:0, 3:3:1:0:1, 3:0:1:0:2, 5:6:0:0:2, 10:3:0:0:3, 2:0:0:0:3, 0:0:0:0:0, 2:0:0:0:1, 1:0:0:0:0, 4:2:0:0:0, 3:2:0:0:1, 4:3:0:0:1, 2:1:0:0:0, 2:0:0:0:0, 3:2:0:0:1, 2:0:0:0:0, 1:0:0:0:0, 1:0:0:0:0, 5:5:0:0:3, 4:3:1:0:1, 4:2:0:0:1, 2:0:0:0:0, 2:0:0:0:1, 1:0:0:0:2, 6:0:0:0:1, 1:0:0:0:0, 0:0:0:0:0, 1:0:0:0:2, 0:0:0:0:0, 2:0:0:0:0, 4:0:0:0:0, 2:0:0:0:0, 2:0:0:0:2, 3:1:0:0:0, 1:0:0:0:0, 1:0:0:0:0, 1:0:0:0:2, 5:4:0:0:2, 6:8:1:0:6, 2:0:0:0:1, 0:0:0:0:0, 1:0:0:0:0, 1:0:0:0:0, 4:2:0:0:0, 5:2:0:0:3, 6:4:0:0:2, 2:2:0:0:0, 4:0:0:0:1, 5:3:0:0:1, 2:0:0:0:0, 1:0:0:0:0, 1:0:0:0:0, 5:5:0:0:5, 3:3:0:0:1, 4:2:0:0:0, 4:0:0:0:1, 1:0:0:0:0, 1:0:0:0:0, 5:0:0:0:0, 1:0:0:0:0, 0:0:0:0:0, 1:0:0:0:4, 0:0:0:0:0, 3:0:0:0:0, 3:0:0:0:0, 3:0:0:0:0, 2:0:0:0:2, 3:1:0:0:0, 1:0:0:0:0, 1:0:0:0:0, 3:0:0:0:2, 7:10:0:0:5, 5:6:0:0:3, 1:0:0:0:0, 1:0:0:0:0, 1:0:0:0:0, 2:0:0:0:1, 4:4:0:0:0, 5:5:0:0:4, 6:5:0:0:1, 5:2:1:0:1, 2:0:0:0:0, 4:4:0:0:3, 2:0:0:0:0, 5:0:0:0:1, 2:0:1:0:1, 9:5:0:0:4, 5:4:0:0:1, 4:2:0:0:1, 2:0:0:0:0, 1:0:0:0:0, 1:0:0:0:0, 2:0:0:0:0, 1:0:0:0:0, 1:0:0:0:3, 1:0:0:0:1, 1:0:0:0:0, 3:0:0:0:0, 6:0:0:0:0, 5:1:0:0:2, 1:0:0:0:2, 4:2:0:0:0, 3:0:0:0:1, 1:0:0:0:0, 4:0:0:0:4, 6:6:0:0:2, 7:5:0:0:3, 1:0:0:0:0, 1:0:0:0:0, 1:0:0:0:0, 1:0:0:0:0, 1:0:0:0:0, 0:0:0:0:0, 0:0:0:0:0, 0:0:0:0:0, 0:0:0:0:0, 467:189:9:0:149
Eb major (3b), 4:0:0:0:1, 0:0:0:0:0, 4:0:0:0:1, 3:1:0:0:3, 2:0:0:0:1, 1:0:0:0:2, 2:0:0:0:3, 6:3:0:0:7, 4:5:0:0:6, 1:0:0:0:0, 0:0:0:0:0, 1:0:0:0:1, 2:1:0:0:1, 1:0:0:0:1, 4:1:0:0:3, 3:1:0:0:4, 5:3:0:0:7, 3:0:0:0:3, 7:1:0:0:5, 2:1:0:0:1, 2:0:0:0:1, 3:1:0:0:5, 3:0:0:0:2, 6:4:0:0:7, 4:1:0:0:6, 6:4:0:0:7, 7:8:2:0:10, 5:5:0:0:8, 2:0:0:0:0, 2:0:0:0:0, 5:4:0:0:6, 4:1:0:0:2, 5:4:0:0:8, 4:1:0:0:2, 0:0:0:0:0, 2:0:0:0:0, 3:0:0:0:0, 4:1:0:0:3, 1:0:0:0:0, 1:0:0:0:0, 2:0:0:0:2, 6:2:0:0:7, 4:6:0:0:9, 3:0:0:0:0, 1:0:0:0:0, 7:2:0:0:4, 2:0:0:0:2, 3:1:3:0:1, 9:3:0:0:6, 5:1:0:0:5, 4:6:0:0:8, 4:2:0:0:5, 7:4:0:0:9, 6:1:0:0:6, 5:1:0:0:3, 7:1:0:0:6, 5:0:0:0:2, 8:10:0:0:15, 2:0:0:0:0, 6:3:0:0:7, 6:5:1:0:9, 7:9:1:0:13, 3:0:0:0:0, 5:0:0:0:1, 6:6:0:0:9, 5:2:0:0:4, 6:5:0:0:10, 5:3:0:0:5, 0:0:0:0:0, 2:0:0:0:0, 1:0:0:0:0, 3:1:0:0:2, 1:0:0:0:0, 0:0:0:0:0, 1:0:0:0:0, 5:4:0:0:7, 5:3:0:0:6, 1:0:0:0:0, 3:0:0:0:1, 4:0:0:0:2, 1:0:0:0:0, 2:0:0:0:1, 4:1:2:0:2, 7:1:0:0:4, 5:3:0:0:9, 3:0:0:0:4, 6:2:0:0:6, 3:0:0:0:3, 2:0:0:0:1, 5:1:0:0:4, 2:0:0:0:1, 7:6:0:0:10, 1:0:0:0:0, 5:3:0:0:10, 4:2:0:0:9, 5:3:0:0:7, 3:0:0:0:2, 3:0:1:0:0, 6:5:0:0:8, 4:1:0:0:3, 5:4:0:0:8, 4:5:0:0:6, 1:0:0:0:0, 4:0:0:0:0, 2:0:0:0:0, 4:2:0:0:3, 2:0:0:0:0, 2:0:0:0:1, 1:0:0:0:0, 5:4:0:0:10, 6:4:0:0:8, 1:0:0:0:0, 2:0:0:0:0, 3:0:0:0:3, 2:0:0:0:1, 1:0:0:0:0, 5:5:0:0:8, 6:1:0:0:7, 5:5:0:0:7, 4:2:0:0:5, 5:4:0:0:7, 3:0:0:0:3, 4:0:0:0:3, 6:1:0:0:4, 3:0:0:0:1, 7:6:0:0:10, 2:0:0:0:1, 5:6:0:0:11, 4:4:0:0:6, 7:4:1:0:8, 2:0:0:0:0, 1:0:0:0:0, 5:7:0:0:13, 4:1:0:0:2, 6:5:0:0:11, 6:3:1:0:5, 1:0:0:0:0, 3:0:0:0:0, 1:0:0:0:0, 6:3:1:0:5, 1:0:0:0:0, 1:0:0:0:0, 2:0:0:0:1, 8:4:0:0:12, 6:4:1:0:7, 6:0:0:0:2, 2:3:0:0:3, 3:0:0:0:2, 1:0:0:0:0, 1:0:0:0:0, 6:1:0:0:4, 3:1:0:0:7, 4:6:0:0:8, 5:7:0:0:12, 4:1:0:0:3, 4:0:0:0:4, 2:0:0:0:0, 7:1:0:0:4, 6:1:0:0:5, 6:5:0:0:7, 2:0:0:0:0, 6:3:0:0:7, 4:2:0:0:8, 7:6:0:0:9, 2:0:0:0:0, 5:0:0:0:3, 5:3:0:0:10, 6:2:0:0:6, 5:7:0:0:13, 6:3:0:0:5, 5:3:0:0:6, 1:0:0:0:2, 1:0:0:0:3, 1:0:0:0:1, 1:0:0:0:1, 648:299:14:0:679
A major (3#), 4:0:0:0:1, 4:2:0:0:1, 4:0:0:0:1, 2:2:0:0:0, 3:0:0:0:0, 3:2:0:0:1, 3:0:0:0:0, 0:0:0:0:0, 0:0:0:0:0, 5:5:0:0:2, 4:1:0:0:0, 3:1:0:0:0, 2:0:0:0:0, 1:0:0:0:0, 0:0:0:0:0, 0:0:0:0:0, 0:0:0:0:0, 1:0:0:0:0, 4:0:0:0:0, 2:0:0:0:0, 3:0:0:0:0, 3:0:0:0:0, 3:0:0:0:0, 1:0:0:0:0, 5:1:0:0:2, 0:0:0:0:0, 2:0:2:0:2, 2:0:0:0:1, 5:5:0:0:3, 6:4:0:0:4, 0:0:0:0:0, 0:0:0:0:0, 0:0:0:0:0, 0:0:0:0:0, 5:3:0:0:2, 4:2:0:0:1, 7:4:0:0:2, 2:2:0:0:0, 2:0:0:0:0, 4:2:0:0:1, 2:0:0:0:0, 3:0:0:0:0, 0:0:0:0:0, 7:7:0:0:4, 3:2:0:0:0, 7:5:0:0:2, 4:0:0:0:1, 4:0:0:0:0, 4:0:0:0:2, 3:0:0:0:0, 0:0:0:0:0, 2:0:1:0:1, 5:1:0:0:1, 3:0:0:0:0, 6:2:0:0:1, 7:1:0:0:1, 5:0:0:0:0, 2:0:0:0:0, 4:1:0:0:1, 1:0:0:0:0, 2:3:1:0:3, 4:0:1:0:2, 5:6:0:0:4, 10:3:0:0:4, 1:0:0:0:0, 0:0:0:0:0, 1:0:0:0:0, 0:0:0:0:0, 5:2:0:0:1, 3:2:0:0:1, 4:3:0:0:2, 3:1:0:0:0, 2:0:0:0:0, 3:2:0:0:1, 2:0:0:0:0, 0:0:0:0:0, 0:0:0:0:0, 5:5:0:0:3, 5:3:1:0:1, 5:2:0:0:0, 3:0:0:0:0, 3:0:0:0:0, 1:0:0:0:0, 5:0:0:0:0, 0:0:0:0:0, 1:0:0:0:0, 2:0:0:0:0, 1:0:0:0:0, 3:0:0:0:0, 5:0:0:0:0, 3:0:0:0:0, 2:0:0:0:0, 4:1:0:0:1, 0:0:0:0:0, 0:0:0:0:0, 2:0:0:0:2, 5:4:0:0:3, 6:8:1:0:8, 1:0:0:0:1, 0:0:0:0:0, 0:0:0:0:0, 0:0:0:0:0, 5:2:0:0:1, 6:2:0:0:1, 6:4:0:0:3, 3:2:0:0:0, 5:0:0:0:1, 6:3:0:0:1, 3:0:0:0:0, 0:0:0:0:0, 0:0:0:0:0, 5:5:0:0:2, 4:3:0:0:1, 5:2:0:0:0, 4:0:0:0:0, 2:0:0:0:0, 0:0:0:0:0, 4:0:0:0:0, 0:0:0:0:0, 1:0:0:0:0, 2:0:0:0:0, 1:0:0:0:0, 4:0:0:0:0, 4:0:0:0:0, 4:0:0:0:0, 3:0:0:0:0, 4:1:0:0:1, 0:0:0:0:0, 0:0:0:0:0, 2:0:0:0:2, 7:10:0:0:7, 5:6:0:0:6, 0:0:0:0:0, 0:0:0:0:0, 0:0:0:0:0, 1:0:0:0:0, 5:4:0:0:2, 6:5:0:0:2, 6:5:0:0:3, 6:2:1:0:1, 2:0:0:0:0, 4:2:0:0:1, 2:0:0:0:0, 4:0:0:0:0, 1:0:1:0:1, 10:4:0:0:2, 6:4:0:0:2, 5:2:0:0:1, 2:0:0:0:0, 1:0:0:0:0, 0:0:0:0:0, 1:0:0:0:0, 0:0:0:0:0, 2:0:0:0:0, 2:0:0:0:0, 2:0:0:0:0, 4:0:0:0:0, 7:0:0:0:0, 6:1:0:0:2, 1:0:0:0:0, 5:2:0:0:2, 2:0:0:0:0, 0:0:0:0:0, 3:0:0:0:4, 6:6:0:0:4, 7:5:0:0:5, 0:0:0:0:0, 0:0:0:0:0, 0:0:0:0:0, 0:0:0:0:0, 0:0:0:0:0, 0:0:0:0:0, 0:0:0:0:0, 0:0:0:0:0, 0:0:0:0:0, 482:182:9:0:133
C minor (3b), 4:0:0:0:1, 0:0:0:0:0, 4:0:0:0:1, 3:1:0:0:3, 2:0:0:0:1, 1:0:0:0:2, 2:0:0:0:3, 6:3:0:0:7, 4:5:0:0:6, 1:0:0:0:0, 0:0:0:0:0, 1:0:0:0:1, 2:1:0:0:1, 1:0:0:0:1, 4:1:0:0:3, 3:1:0:0:4, 5:3:0:0:7, 3:0:0:0:3, 7:1:0:0:5, 2:1:0:0:1, 2:0:0:0:1, 3:1:0:0:5, 3:0:0:0:2, 6:4:0:0:7, 4:1:0:0:6, 6:4:0:0:7, 7:8:2:0:10, 5:5:0:0:8, 2:0:0:0:0, 2:0:0:0:0, 5:4:0:0:6, 4:1:0:0:2, 5:4:0:0:8, 4:1:0:0:2, 0:0:0:0:0, 2:0:0:0:0, 3:0:0:0:0, 4:1:0:0:3, 1:0:0:0:0, 1:0:0:0:0, 2:0:0:0:2, 6:2:0:0:7, 4:6:0:0:9, 3:0:0:0:0, 1:0:0:0:0, 7:2:0:0:4, 2:0:0:0:2, 3:1:3:0:1, 9:3:0:0:6, 5:1:0:0:5, 4:6:0:0:8, 4:2:0:0:5, 7:4:0:0:9, 6:1:0:0:6, 5:1:0:0:3, 7:1:0:0:6, 5:0:0:0:2, 8:10:0:0:15, 2:0:0:0:0, 6:3:0:0:7, 6:5:1:0:9, 7:9:1:0:13, 3:0:0:0:0, 5:0:0:0:1, 6:6:0:0:9, 5:2:0:0:4, 6:5:0:0:10, 5:3:0:0:5, 0:0:0:0:0, 2:0:0:0:0, 1:0:0:0:0, 3:1:0:0:2, 1:0:0:0:0, 0:0:0:0:0, 1:0:0:0:0, 5:4:0:0:7, 5:3:0:0:6, 1:0:0:0:0, 3:0:0:0:1, 4:0:0:0:2, 1:0:0:0:0, 2:0:0:0:1, 4:1:2:0:2, 7:1:0:0:4, 5:3:0:0:9, 3:0:0:0:4, 6:2:0:0:6, 3:0:0:0:3, 2:0:0:0:1, 5:1:0:0:4, 2:0:0:0:1, 7:6:0:0:10, 1:0:0:0:0, 5:3:0:0:10, 4:2:0:0:9, 5:3:0:0:7, 3:0:0:0:2, 3:0:1:0:0, 6:5:0:0:8, 4:1:0:0:3, 5:4:0:0:8, 4:5:0:0:6, 1:0:0:0:0, 4:0:0:0:0, 2:0:0:0:0, 4:2:0:0:3, 2:0:0:0:0, 2:0:0:0:1, 1:0:0:0:0, 5:4:0:0:10, 6:4:0:0:8, 1:0:0:0:0, 2:0:0:0:0, 3:0:0:0:3, 2:0:0:0:1, 1:0:0:0:0, 5:5:0:0:8, 6:1:0:0:7, 5:5:0:0:7, 4:2:0:0:5, 5:4:0:0:7, 3:0:0:0:3, 4:0:0:0:3, 6:1:0:0:4, 3:0:0:0:1, 7:6:0:0:10, 2:0:0:0:1, 5:6:0:0:11, 4:4:0:0:6, 7:4:1:0:8, 2:0:0:0:0, 1:0:0:0:0, 5:7:0:0:13, 4:1:0:0:2, 6:5:0:0:11, 6:3:1:0:5, 1:0:0:0:0, 3:0:0:0:0, 1:0:0:0:0, 6:3:1:0:5, 1:0:0:0:0, 1:0:0:0:0, 2:0:0:0:1, 8:4:0:0:12, 6:4:1:0:7, 6:0:0:0:2, 2:3:0:0:3, 3:0:0:0:2, 1:0:0:0:0, 1:0:0:0:0, 6:1:0:0:4, 3:1:0:0:7, 4:6:0:0:8, 5:7:0:0:12, 4:1:0:0:3, 4:0:0:0:4, 2:0:0:0:0, 7:1:0:0:4, 6:1:0:0:5, 6:5:0:0:7, 2:0:0:0:0, 6:3:0:0:7, 4:2:0:0:8, 7:6:0:0:9, 2:0:0:0:0, 5:0:0:0:3, 5:3:0:0:10, 6:2:0:0:6, 5:7:0:0:13, 6:3:0:0:5, 5:3:0:0:6, 1:0:0:0:2, 1:0:0:0:3, 1:0:0:0:1, 1:0:0:0:1, 648:299:14:0:679
F# minor (3#), 4:0:0:0:1, 4:2:0:0:1, 4:0:0:0:1, 2:2:0:0:0, 3:0:0:0:0, 3:2:0:0:1, 3:0:0:0:0, 0:0:0:0:0, 0:0:0:0:0, 5:5:0:0:2, 4:1:0:0:0, 3:1:0:0:0, 2:0:0:0:0, 1:0:0:0:0, 0:0:0:0:0, 0:0:0:0:0, 0:0:0:0:0, 1:0:0:0:0, 4:0:0:0:0, 2:0:0:0:0, 3:0:0:0:0, 3:0:0:0:0, 3:0:0:0:0, 1:0:0:0:0, 5:1:0:0:2, 0:0:0:0:0, 2:0:2:0:2, 2:0:0:0:1, 5:5:0:0:3, 6:4:0:0:4, 0:0:0:0:0, 0:0:0:0:0, 0:0:0:0:0, 0:0:0:0:0, 5:3:0:0:2, 4:2:0:0:1, 7:4:0:0:2, 2:2:0:0:0, 2:0:0:0:0, 4:2:0:0:1, 2:0:0:0:0, 3:0:0:0:0, 0:0:0:0:0, 7:7:0:0:4, 3:2:0:0:0, 7:5:0:0:2, 4:0:0:0:1, 4:0:0:0:0, 4:0:0:0:2, 3:0:0:0:0, 0:0:0:0:0, 2:0:1:0:1, 5:1:0:0:1, 3:0:0:0:0, 6:2:0:0:1, 7:1:0:0:1, 5:0:0:0:0, 2:0:0:0:0, 4:1:0:0:1, 1:0:0:0:0, 2:3:1:0:3, 4:0:1:0:2, 5:6:0:0:4, 10:3:0:0:4, 1:0:0:0:0, 0:0:0:0:0, 1:0:0:0:0, 0:0:0:0:0, 5:2:0:0:1, 3:2:0:0:1, 4:3:0:0:2, 3:1:0:0:0, 2:0:0:0:0, 3:2:0:0:1, 2:0:0:0:0, 0:0:0:0:0, 0:0:0:0:0, 5:5:0:0:3, 5:3:1:0:1, 5:2:0:0:0, 3:0:0:0:0, 3:0:0:0:0, 1:0:0:0:0, 5:0:0:0:0, 0:0:0:0:0, 1:0:0:0:0, 2:0:0:0:0, 1:0:0:0:0, 3:0:0:0:0, 5:0:0:0:0, 3:0:0:0:0, 2:0:0:0:0, 4:1:0:0:1, 0:0:0:0:0, 0:0:0:0:0, 2:0:0:0:2, 5:4:0:0:3, 6:8:1:0:8, 1:0:0:0:1, 0:0:0:0:0, 0:0:0:0:0, 0:0:0:0:0, 5:2:0:0:1, 6:2:0:0:1, 6:4:0:0:3, 3:2:0:0:0, 5:0:0:0:1, 6:3:0:0:1, 3:0:0:0:0, 0:0:0:0:0, 0:0:0:0:0, 5:5:0:0:2, 4:3:0:0:1, 5:2:0:0:0, 4:0:0:0:0, 2:0:0:0:0, 0:0:0:0:0, 4:0:0:0:0, 0:0:0:0:0, 1:0:0:0:0, 2:0:0:0:0, 1:0:0:0:0, 4:0:0:0:0, 4:0:0:0:0, 4:0:0:0:0, 3:0:0:0:0, 4:1:0:0:1, 0:0:0:0:0, 0:0:0:0:0, 2:0:0:0:2, 7:10:0:0:7, 5:6:0:0:6, 0:0:0:0:0, 0:0:0:0:0, 0:0:0:0:0, 1:0:0:0:0, 5:4:0:0:2, 6:5:0:0:2, 6:5:0:0:3, 6:2:1:0:1, 2:0:0:0:0, 4:2:0:0:1, 2:0:0:0:0, 4:0:0:0:0, 1:0:1:0:1, 10:4:0:0:2, 6:4:0:0:2, 5:2:0:0:1, 2:0:0:0:0, 1:0:0:0:0, 0:0:0:0:0, 1:0:0:0:0, 0:0:0:0:0, 2:0:0:0:0, 2:0:0:0:0, 2:0:0:0:0, 4:0:0:0:0, 7:0:0:0:0, 6:1:0:0:2, 1:0:0:0:0, 5:2:0:0:2, 2:0:0:0:0, 0:0:0:0:0, 3:0:0:0:4, 6:6:0:0:4, 7:5:0:0:5, 0:0:0:0:0, 0:0:0:0:0, 0:0:0:0:0, 0:0:0:0:0, 0:0:0:0:0, 0:0:0:0:0, 0:0:0:0:0, 0:0:0:0:0, 0:0:0:0:0, 482:182:9:0:133
C minor mel (3b), 4:0:0:0:1, 0:0:0:0:0, 4:0:0:0:1, 3:1:0:0:3, 2:0:0:0:1, 1:0:0:0:2, 2:0:0:0:3, 6:3:0:0:7, 4:5:0:0:6, 1:0:0:0:0, 0:0:0:0:0, 1:0:0:0:1, 2:1:0:0:1, 1:0:0:0:1, 4:1:0:0:3, 3:1:0:0:4, 5:3:0:0:7, 3:0:0:0:3, 7:1:0:0:5, 2:1:0:0:1, 2:0:0:0:1, 3:1:0:0:5, 3:0:0:0:2, 6:4:0:0:7, 4:1:0:0:6, 6:4:0:0:7, 7:8:2:0:10, 5:5:0:0:8, 2:0:0:0:0, 2:0:0:0:0, 5:4:0:0:6, 4:1:0:0:2, 5:4:0:0:8, 4:1:0:0:2, 0:0:0:0:0, 2:0:0:0:0, 3:0:0:0:0, 4:1:0:0:3, 1:0:0:0:0, 1:0:0:0:0, 2:0:0:0:2, 6:2:0:0:7, 4:6:0:0:9, 3:0:0:0:0, 1:0:0:0:0, 7:2:0:0:4, 2:0:0:0:2, 3:1:3:0:1, 9:3:0:0:6, 5:1:0:0:5, 4:6:0:0:8, 4:2:0:0:5, 7:4:0:0:9, 6:1:0:0:6, 5:1:0:0:3, 7:1:0:0:6, 5:0:0:0:2, 8:10:0:0:15, 2:0:0:0:0, 6:3:0:0:7, 6:5:1:0:9, 7:9:1:0:13, 3:0:0:0:0, 5:0:0:0:1, 6:6:0:0:9, 5:2:0:0:4, 6:5:0:0:10, 5:3:0:0:5, 0:0:0:0:0, 2:0:0:0:0, 1:0:0:0:0, 3:1:0:0:2, 1:0:0:0:0, 0:0:0:0:0, 1:0:0:0:0, 5:4:0:0:7, 5:3:0:0:6, 1:0:0:0:0, 3:0:0:0:1, 4:0:0:0:2, 1:0:0:0:0, 2:0:0:0:1, 4:1:2:0:2, 7:1:0:0:4, 5:3:0:0:9, 3:0:0:0:4, 6:2:0:0:6, 3:0:0:0:3, 2:0:0:0:1, 5:1:0:0:4, 2:0:0:0:1, 7:6:0:0:10, 1:0:0:0:0, 5:3:0:0:10, 4:2:0:0:9, 5:3:0:0:7, 3:0:0:0:2, 3:0:1:0:0, 6:5:0:0:8, 4:1:0:0:3, 5:4:0:0:8, 4:5:0:0:6, 1:0:0:0:0, 4:0:0:0:0, 2:0:0:0:0, 4:2:0:0:3, 2:0:0:0:0, 2:0:0:0:1, 1:0:0:0:0, 5:4:0:0:10, 6:4:0:0:8, 1:0:0:0:0, 2:0:0:0:0, 3:0:0:0:3, 2:0:0:0:1, 1:0:0:0:0, 5:5:0:0:8, 6:1:0:0:7, 5:5:0:0:7, 4:2:0:0:5, 5:4:0:0:7, 3:0:0:0:3, 4:0:0:0:3, 6:1:0:0:4, 3:0:0:0:1, 7:6:0:0:10, 2:0:0:0:1, 5:6:0:0:11, 4:4:0:0:6, 7:4:1:0:8, 2:0:0:0:0, 1:0:0:0:0, 5:7:0:0:13, 4:1:0:0:2, 6:5:0:0:11, 6:3:1:0:5, 1:0:0:0:0, 3:0:0:0:0, 1:0:0:0:0, 6:3:1:0:5, 1:0:0:0:0, 1:0:0:0:0, 2:0:0:0:1, 8:4:0:0:12, 6:4:1:0:7, 6:0:0:0:2, 2:3:0:0:3, 3:0:0:0:2, 1:0:0:0:0, 1:0:0:0:0, 6:1:0:0:4, 3:1:0:0:7, 4:6:0:0:8, 5:7:0:0:12, 4:1:0:0:3, 4:0:0:0:4, 2:0:0:0:0, 7:1:0:0:4, 6:1:0:0:5, 6:5:0:0:7, 2:0:0:0:0, 6:3:0:0:7, 4:2:0:0:8, 7:6:0:0:9, 2:0:0:0:0, 5:0:0:0:3, 5:3:0:0:10, 6:2:0:0:6, 5:7:0:0:13, 6:3:0:0:5, 5:3:0:0:6, 1:0:0:0:2, 1:0:0:0:3, 1:0:0:0:1, 1:0:0:0:1, 648:299:14:0:679
F# minor mel (3#), 4:0:0:0:1, 4:2:0:0:1, 4:0:0:0:1, 2:2:0:0:0, 3:0:0:0:0, 3:2:0:0:1, 3:0:0:0:0, 0:0:0:0:0, 0:0:0:0:0, 5:5:0:0:2, 4:1:0:0:0, 3:1:0:0:0, 2:0:0:0:0, 1:0:0:0:0, 0:0:0:0:0, 0:0:0:0:0, 0:0:0:0:0, 1:0:0:0:0, 4:0:0:0:0, 2:0:0:0:0, 3:0:0:0:0, 3:0:0:0:0, 3:0:0:0:0, 1:0:0:0:0, 5:1:0:0:2, 0:0:0:0:0, 2:0:2:0:2, 2:0:0:0:1, 5:5:0:0:3, 6:4:0:0:4, 0:0:0:0:0, 0:0:0:0:0, 0:0:0:0:0, 0:0:0:0:0, 5:3:0:0:2, 4:2:0:0:1, 7:4:0:0:2, 2:2:0:0:0, 2:0:0:0:0, 4:2:0:0:1, 2:0:0:0:0, 3:0:0:0:0, 0:0:0:0:0, 7:7:0:0:4, 3:2:0:0:0, 7:5:0:0:2, 4:0:0:0:1, 4:0:0:0:0, 4:0:0:0:2, 3:0:0:0:0, 0:0:0:0:0, 2:0:1:0:1, 5:1:0:0:1, 3:0:0:0:0, 6:2:0:0:1, 7:1:0:0:1, 5:0:0:0:0, 2:0:0:0:0, 4:1:0:0:1, 1:0:0:0:0, 2:3:1:0:3, 4:0:1:0:2, 5:6:0:0:4, 10:3:0:0:4, 1:0:0:0:0, 0:0:0:0:0, 1:0:0:0:0, 0:0:0:0:0, 5:2:0:0:1, 3:2:0:0:1, 4:3:0:0:2, 3:1:0:0:0, 2:0:0:0:0, 3:2:0:0:1, 2:0:0:0:0, 0:0:0:0:0, 0:0:0:0:0, 5:5:0:0:3, 5:3:1:0:1, 5:2:0:0:0, 3:0:0:0:0, 3:0:0:0:0, 1:0:0:0:0, 5:0:0:0:0, 0:0:0:0:0, 1:0:0:0:0, 2:0:0:0:0, 1:0:0:0:0, 3:0:0:0:0, 5:0:0:0:0, 3:0:0:0:0, 2:0:0:0:0, 4:1:0:0:1, 0:0:0:0:0, 0:0:0:0:0, 2:0:0:0:2, 5:4:0:0:3, 6:8:1:0:8, 1:0:0:0:1, 0:0:0:0:0, 0:0:0:0:0, 0:0:0:0:0, 5:2:0:0:1, 6:2:0:0:1, 6:4:0:0:3, 3:2:0:0:0, 5:0:0:0:1, 6:3:0:0:1, 3:0:0:0:0, 0:0:0:0:0, 0:0:0:0:0, 5:5:0:0:2, 4:3:0:0:1, 5:2:0:0:0, 4:0:0:0:0, 2:0:0:0:0, 0:0:0:0:0, 4:0:0:0:0, 0:0:0:0:0, 1:0:0:0:0, 2:0:0:0:0, 1:0:0:0:0, 4:0:0:0:0, 4:0:0:0:0, 4:0:0:0:0, 3:0:0:0:0, 4:1:0:0:1, 0:0:0:0:0, 0:0:0:0:0, 2:0:0:0:2, 7:10:0:0:7, 5:6:0:0:6, 0:0:0:0:0, 0:0:0:0:0, 0:0:0:0:0, 1:0:0:0:0, 5:4:0:0:2, 6:5:0:0:2, 6:5:0:0:3, 6:2:1:0:1, 2:0:0:0:0, 4:2:0:0:1, 2:0:0:0:0, 4:0:0:0:0, 1:0:1:0:1, 10:4:0:0:2, 6:4:0:0:2, 5:2:0:0:1, 2:0:0:0:0, 1:0:0:0:0, 0:0:0:0:0, 1:0:0:0:0, 0:0:0:0:0, 2:0:0:0:0, 2:0:0:0:0, 2:0:0:0:0, 4:0:0:0:0, 7:0:0:0:0, 6:1:0:0:2, 1:0:0:0:0, 5:2:0:0:2, 2:0:0:0:0, 0:0:0:0:0, 3:0:0:0:4, 6:6:0:0:4, 7:5:0:0:5, 0:0:0:0:0, 0:0:0:0:0, 0:0:0:0:0, 0:0:0:0:0, 0:0:0:0:0, 0:0:0:0:0, 0:0:0:0:0, 0:0:0:0:0, 0:0:0:0:0, 482:182:9:0:133
Eb major blues (3b), 4:0:0:0:1, 0:0:0:0:0, 4:0:0:0:1, 3:1:0:0:3, 2:0:0:0:1, 1:0:0:0:2, 2:0:0:0:3, 6:3:0:0:7, 4:5:0:0:6, 1:0:0:0:0, 0:0:0:0:0, 1:0:0:0:1, 2:1:0:0:1, 1:0:0:0:1, 4:1:0:0:3, 3:1:0:0:4, 5:3:0:0:7, 3:0:0:0:3, 7:1:0:0:5, 2:1:0:0:1, 2:0:0:0:1, 3:1:0:0:5, 3:0:0:0:2, 6:4:0:0:7, 4:1:0:0:6, 6:4:0:0:7, 7:8:2:0:10, 5:5:0:0:8, 2:0:0:0:0, 2:0:0:0:0, 5:4:0:0:6, 4:1:0:0:2, 5:4:0:0:8, 4:1:0:0:2, 0:0:0:0:0, 2:0:0:0:0, 3:0:0:0:0, 4:1:0:0:3, 1:0:0:0:0, 1:0:0:0:0, 2:0:0:0:2, 6:2:0:0:7, 4:6:0:0:9, 3:0:0:0:0, 1:0:0:0:0, 7:2:0:0:4, 2:0:0:0:2, 3:1:3:0:1, 9:3:0:0:6, 5:1:0:0:5, 4:6:0:0:8, 4:2:0:0:5, 7:4:0:0:9, 6:1:0:0:6, 5:1:0:0:3, 7:1:0:0:6, 5:0:0:0:2, 8:10:0:0:15, 2:0:0:0:0, 6:3:0:0:7, 6:5:1:0:9, 7:9:1:0:13, 3:0:0:0:0, 5:0:0:0:1, 6:6:0:0:9, 5:2:0:0:4, 6:5:0:0:10, 5:3:0:0:5, 0:0:0:0:0, 2:0:0:0:0, 1:0:0:0:0, 3:1:0:0:2, 1:0:0:0:0, 0:0:0:0:0, 1:0:0:0:0, 5:4:0:0:7, 5:3:0:0:6, 1:0:0:0:0, 3:0:0:0:1, 4:0:0:0:2, 1:0:0:0:0, 2:0:0:0:1, 4:1:2:0:2, 7:1:0:0:4, 5:3:0:0:9, 3:0:0:0:4, 6:2:0:0:6, 3:0:0:0:3, 2:0:0:0:1, 5:1:0:0:4, 2:0:0:0:1, 7:6:0:0:10, 1:0:0:0:0, 5:3:0:0:10, 4:2:0:0:9, 5:3:0:0:7, 3:0:0:0:2, 3:0:1:0:0, 6:5:0:0:8, 4:1:0:0:3, 5:4:0:0:8, 4:5:0:0:6, 1:0:0:0:0, 4:0:0:0:0, 2:0:0:0:0, 4:2:0:0:3, 2:0:0:0:0, 2:0:0:0:1, 1:0:0:0:0, 5:4:0:0:10, 6:4:0:0:8, 1:0:0:0:0, 2:0:0:0:0, 3:0:0:0:3, 2:0:0:0:1, 1:0:0:0:0, 5:5:0:0:8, 6:1:0:0:7, 5:5:0:0:7, 4:2:0:0:5, 5:4:0:0:7, 3:0:0:0:3, 4:0:0:0:3, 6:1:0:0:4, 3:0:0:0:1, 7:6:0:0:10, 2:0:0:0:1, 5:6:0:0:11, 4:4:0:0:6, 7:4:1:0:8, 2:0:0:0:0, 1:0:0:0:0, 5:7:0:0:13, 4:1:0:0:2, 6:5:0:0:11, 6:3:1:0:5, 1:0:0:0:0, 3:0:0:0:0, 1:0:0:0:0, 6:3:1:0:5, 1:0:0:0:0, 1:0:0:0:0, 2:0:0:0:1, 8:4:0:0:12, 6:4:1:0:7, 6:0:0:0:2, 2:3:0:0:3, 3:0:0:0:2, 1:0:0:0:0, 1:0:0:0:0, 6:1:0:0:4, 3:1:0:0:7, 4:6:0:0:8, 5:7:0:0:12, 4:1:0:0:3, 4:0:0:0:4, 2:0:0:0:0, 7:1:0:0:4, 6:1:0:0:5, 6:5:0:0:7, 2:0:0:0:0, 6:3:0:0:7, 4:2:0:0:8, 7:6:0:0:9, 2:0:0:0:0, 5:0:0:0:3, 5:3:0:0:10, 6:2:0:0:6, 5:7:0:0:13, 6:3:0:0:5, 5:3:0:0:6, 1:0:0:0:2, 1:0:0:0:3, 1:0:0:0:1, 1:0:0:0:1, 648:299:14:0:679
A major blues (3#), 4:0:0:0:1, 4:2:0:0:1, 4:0:0:0:1, 2:2:0:0:0, 3:0:0:0:0, 3:2:0:0:1, 3:0:0:0:0, 0:0:0:0:0, 0:0:0:0:0, 5:5:0:0:2, 4:1:0:0:0, 3:1:0:0:0, 2:0:0:0:0, 1:0:0:0:0, 0:0:0:0:0, 0:0:0:0:0, 0:0:0:0:0, 1:0:0:0:0, 4:0:0:0:0, 2:0:0:0:0, 3:0:0:0:0, 3:0:0:0:0, 3:0:0:0:0, 1:0:0:0:0, 5:1:0:0:2, 0:0:0:0:0, 2:0:2:0:2, 2:0:0:0:1, 5:5:0:0:3, 6:4:0:0:4, 0:0:0:0:0, 0:0:0:0:0, 0:0:0:0:0, 0:0:0:0:0, 5:3:0:0:2, 4:2:0:0:1, 7:4:0:0:2, 2:2:0:0:0, 2:0:0:0:0, 4:2:0:0:1, 2:0:0:0:0, 3:0:0:0:0, 0:0:0:0:0, 7:7:0:0:4, 3:2:0:0:0, 7:5:0:0:2, 4:0:0:0:1, 4:0:0:0:0, 4:0:0:0:2, 3:0:0:0:0, 0:0:0:0:0, 2:0:1:0:1, 5:1:0:0:1, 3:0:0:0:0, 6:2:0:0:1, 7:1:0:0:1, 5:0:0:0:0, 2:0:0:0:0, 4:1:0:0:1, 1:0:0:0:0, 2:3:1:0:3, 4:0:1:0:2, 5:6:0:0:4, 10:3:0:0:4, 1:0:0:0:0, 0:0:0:0:0, 1:0:0:0:0, 0:0:0:0:0, 5:2:0:0:1, 3:2:0:0:1, 4:3:0:0:2, 3:1:0:0:0, 2:0:0:0:0, 3:2:0:0:1, 2:0:0:0:0, 0:0:0:0:0, 0:0:0:0:0, 5:5:0:0:3, 5:3:1:0:1, 5:2:0:0:0, 3:0:0:0:0, 3:0:0:0:0, 1:0:0:0:0, 5:0:0:0:0, 0:0:0:0:0, 1:0:0:0:0, 2:0:0:0:0, 1:0:0:0:0, 3:0:0:0:0, 5:0:0:0:0, 3:0:0:0:0, 2:0:0:0:0, 4:1:0:0:1, 0:0:0:0:0, 0:0:0:0:0, 2:0:0:0:2, 5:4:0:0:3, 6:8:1:0:8, 1:0:0:0:1, 0:0:0:0:0, 0:0:0:0:0, 0:0:0:0:0, 5:2:0:0:1, 6:2:0:0:1, 6:4:0:0:3, 3:2:0:0:0, 5:0:0:0:1, 6:3:0:0:1, 3:0:0:0:0, 0:0:0:0:0, 0:0:0:0:0, 5:5:0:0:2, 4:3:0:0:1, 5:2:0:0:0, 4:0:0:0:0, 2:0:0:0:0, 0:0:0:0:0, 4:0:0:0:0, 0:0:0:0:0, 1:0:0:0:0, 2:0:0:0:0, 1:0:0:0:0, 4:0:0:0:0, 4:0:0:0:0, 4:0:0:0:0, 3:0:0:0:0, 4:1:0:0:1, 0:0:0:0:0, 0:0:0:0:0, 2:0:0:0:2, 7:10:0:0:7, 5:6:0:0:6, 0:0:0:0:0, 0:0:0:0:0, 0:0:0:0:0, 1:0:0:0:0, 5:4:0:0:2, 6:5:0:0:2, 6:5:0:0:3, 6:2:1:0:1, 2:0:0:0:0, 4:2:0:0:1, 2:0:0:0:0, 4:0:0:0:0, 1:0:1:0:1, 10:4:0:0:2, 6:4:0:0:2, 5:2:0:0:1, 2:0:0:0:0, 1:0:0:0:0, 0:0:0:0:0, 1:0:0:0:0, 0:0:0:0:0, 2:0:0:0:0, 2:0:0:0:0, 2:0:0:0:0, 4:0:0:0:0, 7:0:0:0:0, 6:1:0:0:2, 1:0:0:0:0, 5:2:0:0:2, 2:0:0:0:0, 0:0:0:0:0, 3:0:0:0:4, 6:6:0:0:4, 7:5:0:0:5, 0:0:0:0:0, 0:0:0:0:0, 0:0:0:0:0, 0:0:0:0:0, 0:0:0:0:0, 0:0:0:0:0, 0:0:0:0:0, 0:0:0:0:0, 0:0:0:0:0, 482:182:9:0:133
C minor blues (3b), 4:0:0:0:1, 0:0:0:0:0, 4:0:0:0:1, 3:1:0:0:3, 2:0:0:0:1, 1:0:0:0:2, 2:0:0:0:3, 6:3:0:0:7, 4:5:0:0:6, 1:0:0:0:0, 0:0:0:0:0, 1:0:0:0:1, 2:1:0:0:1, 1:0:0:0:1, 4:1:0:0:3, 3:1:0:0:4, 5:3:0:0:7, 3:0:0:0:3, 7:1:0:0:5, 2:1:0:0:1, 2:0:0:0:1, 3:1:0:0:5, 3:0:0:0:2, 6:4:0:0:7, 4:1:0:0:6, 6:4:0:0:7, 7:8:2:0:10, 5:5:0:0:8, 2:0:0:0:0, 2:0:0:0:0, 5:4:0:0:6, 4:1:0:0:2, 5:4:0:0:8, 4:1:0:0:2, 0:0:0:0:0, 2:0:0:0:0, 3:0:0:0:0, 4:1:0:0:3, 1:0:0:0:0, 1:0:0:0:0, 2:0:0:0:2, 6:2:0:0:7, 4:6:0:0:9, 3:0:0:0:0, 1:0:0:0:0, 7:2:0:0:4, 2:0:0:0:2, 3:1:3:0:1, 9:3:0:0:6, 5:1:0:0:5, 4:6:0:0:8, 4:2:0:0:5, 7:4:0:0:9, 6:1:0:0:6, 5:1:0:0:3, 7:1:0:0:6, 5:0:0:0:2, 8:10:0:0:15, 2:0:0:0:0, 6:3:0:0:7, 6:5:1:0:9, 7:9:1:0:13, 3:0:0:0:0, 5:0:0:0:1, 6:6:0:0:9, 5:2:0:0:4, 6:5:0:0:10, 5:3:0:0:5, 0:0:0:0:0, 2:0:0:0:0, 1:0:0:0:0, 3:1:0:0:2, 1:0:0:0:0, 0:0:0:0:0, 1:0:0:0:0, 5:4:0:0:7, 5:3:0:0:6, 1:0:0:0:0, 3:0:0:0:1, 4:0:0:0:2, 1:0:0:0:0, 2:0:0:0:1, 4:1:2:0:2, 7:1:0:0:4, 5:3:0:0:9, 3:0:0:0:4, 6:2:0:0:6, 3:0:0:0:3, 2:0:0:0:1, 5:1:0:0:4, 2:0:0:0:1, 7:6:0:0:10, 1:0:0:0:0, 5:3:0:0:10, 4:2:0:0:9, 5:3:0:0:7, 3:0:0:0:2, 3:0:1:0:0, 6:5:0:0:8, 4:1:0:0:3, 5:4:0:0:8, 4:5:0:0:6, 1:0:0:0:0, 4:0:0:0:0, 2:0:0:0:0, 4:2:0:0:3, 2:0:0:0:0, 2:0:0:0:1, 1:0:0:0:0, 5:4:0:0:10, 6:4:0:0:8, 1:0:0:0:0, 2:0:0:0:0, 3:0:0:0:3, 2:0:0:0:1, 1:0:0:0:0, 5:5:0:0:8, 6:1:0:0:7, 5:5:0:0:7, 4:2:0:0:5, 5:4:0:0:7, 3:0:0:0:3, 4:0:0:0:3, 6:1:0:0:4, 3:0:0:0:1, 7:6:0:0:10, 2:0:0:0:1, 5:6:0:0:11, 4:4:0:0:6, 7:4:1:0:8, 2:0:0:0:0, 1:0:0:0:0, 5:7:0:0:13, 4:1:0:0:2, 6:5:0:0:11, 6:3:1:0:5, 1:0:0:0:0, 3:0:0:0:0, 1:0:0:0:0, 6:3:1:0:5, 1:0:0:0:0, 1:0:0:0:0, 2:0:0:0:1, 8:4:0:0:12, 6:4:1:0:7, 6:0:0:0:2, 2:3:0:0:3, 3:0:0:0:2, 1:0:0:0:0, 1:0:0:0:0, 6:1:0:0:4, 3:1:0:0:7, 4:6:0:0:8, 5:7:0:0:12, 4:1:0:0:3, 4:0:0:0:4, 2:0:0:0:0, 7:1:0:0:4, 6:1:0:0:5, 6:5:0:0:7, 2:0:0:0:0, 6:3:0:0:7, 4:2:0:0:8, 7:6:0:0:9, 2:0:0:0:0, 5:0:0:0:3, 5:3:0:0:10, 6:2:0:0:6, 5:7:0:0:13, 6:3:0:0:5, 5:3:0:0:6, 1:0:0:0:2, 1:0:0:0:3, 1:0:0:0:1, 1:0:0:0:1, 648:299:14:0:679
F# minor blues (3#), 4:0:0:0:1, 4:2:0:0:1, 4:0:0:0:1, 2:2:0:0:0, 3:0:0:0:0, 3:2:0:0:1, 3:0:0:0:0, 0:0:0:0:0, 0:0:0:0:0, 5:5:0:0:2, 4:1:0:0:0, 3:1:0:0:0, 2:0:0:0:0, 1:0:0:0:0, 0:0:0:0:0, 0:0:0:0:0, 0:0:0:0:0, 1:0:0:0:0, 4:0:0:0:0, 2:0:0:0:0, 3:0:0:0:0, 3:0:0:0:0, 3:0:0:0:0, 1:0:0:0:0, 5:1:0:0:2, 0:0:0:0:0, 2:0:2:0:2, 2:0:0:0:1, 5:5:0:0:3, 6:4:0:0:4, 0:0:0:0:0, 0:0:0:0:0, 0:0:0:0:0, 0:0:0:0:0, 5:3:0:0:2, 4:2:0:0:1, 7:4:0:0:2, 2:2:0:0:0, 2:0:0:0:0, 4:2:0:0:1, 2:0:0:0:0, 3:0:0:0:0, 0:0:0:0:0, 7:7:0:0:4, 3:2:0:0:0, 7:5:0:0:2, 4:0:0:0:1, 4:0:0:0:0, 4:0:0:0:2, 3:0:0:0:0, 0:0:0:0:0, 2:0:1:0:1, 5:1:0:0:1, 3:0:0:0:0, 6:2:0:0:1, 7:1:0:0:1, 5:0:0:0:0, 2:0:0:0:0, 4:1:0:0:1, 1:0:0:0:0, 2:3:1:0:3, 4:0:1:0:2, 5:6:0:0:4, 10:3:0:0:4, 1:0:0:0:0, 0:0:0:0:0, 1:0:0:0:0, 0:0:0:0:0, 5:2:0:0:1, 3:2:0:0:1, 4:3:0:0:2, 3:1:0:0:0, 2:0:0:0:0, 3:2:0:0:1, 2:0:0:0:0, 0:0:0:0:0, 0:0:0:0:0, 5:5:0:0:3, 5:3:1:0:1, 5:2:0:0:0, 3:0:0:0:0, 3:0:0:0:0, 1:0:0:0:0, 5:0:0:0:0, 0:0:0:0:0, 1:0:0:0:0, 2:0:0:0:0, 1:0:0:0:0, 3:0:0:0:0, 5:0:0:0:0, 3:0:0:0:0, 2:0:0:0:0, 4:1:0:0:1, 0:0:0:0:0, 0:0:0:0:0, 2:0:0:0:2, 5:4:0:0:3, 6:8:1:0:8, 1:0:0:0:1, 0:0:0:0:0, 0:0:0:0:0, 0:0:0:0:0, 5:2:0:0:1, 6:2:0:0:1, 6:4:0:0:3, 3:2:0:0:0, 5:0:0:0:1, 6:3:0:0:1, 3:0:0:0:0, 0:0:0:0:0, 0:0:0:0:0, 5:5:0:0:2, 4:3:0:0:1, 5:2:0:0:0, 4:0:0:0:0, 2:0:0:0:0, 0:0:0:0:0, 4:0:0:0:0, 0:0:0:0:0, 1:0:0:0:0, 2:0:0:0:0, 1:0:0:0:0, 4:0:0:0:0, 4:0:0:0:0, 4:0:0:0:0, 3:0:0:0:0, 4:1:0:0:1, 0:0:0:0:0, 0:0:0:0:0, 2:0:0:0:2, 7:10:0:0:7, 5:6:0:0:6, 0:0:0:0:0, 0:0:0:0:0, 0:0:0:0:0, 1:0:0:0:0, 5:4:0:0:2, 6:5:0:0:2, 6:5:0:0:3, 6:2:1:0:1, 2:0:0:0:0, 4:2:0:0:1, 2:0:0:0:0, 4:0:0:0:0, 1:0:1:0:1, 10:4:0:0:2, 6:4:0:0:2, 5:2:0:0:1, 2:0:0:0:0, 1:0:0:0:0, 0:0:0:0:0, 1:0:0:0:0, 0:0:0:0:0, 2:0:0:0:0, 2:0:0:0:0, 2:0:0:0:0, 4:0:0:0:0, 7:0:0:0:0, 6:1:0:0:2, 1:0:0:0:0, 5:2:0:0:2, 2:0:0:0:0, 0:0:0:0:0, 3:0:0:0:4, 6:6:0:0:4, 7:5:0:0:5, 0:0:0:0:0, 0:0:0:0:0, 0:0:0:0:0, 0:0:0:0:0, 0:0:0:0:0, 0:0:0:0:0, 0:0:0:0:0, 0:0:0:0:0, 0:0:0:0:0, 482:182:9:0:133
Eb dorian (3b), 4:0:0:0:1, 0:0:0:0:0, 4:0:0:0:1, 3:1:0:0:3, 2:0:0:0:1, 1:0:0:0:2, 2:0:0:0:3, 6:3:0:0:7, 4:5:0:0:6, 1:0:0:0:0, 0:0:0:0:0, 1:0:0:0:1, 2:1:0:0:1, 1:0:0:0:1, 4:1:0:0:3, 3:1:0:0:4, 5:3:0:0:7, 3:0:0:0:3, 7:1:0:0:5, 2:1:0:0:1, 2:0:0:0:1, 3:1:0:0:5, 3:0:0:0:2, 6:4:0:0:7, 4:1:0:0:6, 6:4:0:0:7, 7:8:2:0:10, 5:5:0:0:8, 2:0:0:0:0, 2:0:0:0:0, 5:4:0:0:6, 4:1:0:0:2, 5:4:0:0:8, 4:1:0:0:2, 0:0:0:0:0, 2:0:0:0:0, 3:0:0:0:0, 4:1:0:0:3, 1:0:0:0:0, 1:0:0:0:0, 2:0:0:0:2, 6:2:0:0:7, 4:6:0:0:9, 3:0:0:0:0, 1:0:0:0:0, 7:2:0:0:4, 2:0:0:0:2, 3:1:3:0:1, 9:3:0:0:6, 5:1:0:0:5, 4:6:0:0:8, 4:2:0:0:5, 7:4:0:0:9, 6:1:0:0:6, 5:1:0:0:3, 7:1:0:0:6, 5:0:0:0:2, 8:10:0:0:15, 2:0:0:0:0, 6:3:0:0:7, 6:5:1:0:9, 7:9:1:0:13, 3:0:0:0:0, 5:0:0:0:1, 6:6:0:0:9, 5:2:0:0:4, 6:5:0:0:10, 5:3:0:0:5, 0:0:0:0:0, 2:0:0:0:0, 1:0:0:0:0, 3:1:0:0:2, 1:0:0:0:0, 0:0:0:0:0, 1:0:0:0:0, 5:4:0:0:7, 5:3:0:0:6, 1:0:0:0:0, 3:0:0:0:1, 4:0:0:0:2, 1:0:0:0:0, 2:0:0:0:1, 4:1:2:0:2, 7:1:0:0:4, 5:3:0:0:9, 3:0:0:0:4, 6:2:0:0:6, 3:0:0:0:3, 2:0:0:0:1, 5:1:0:0:4, 2:0:0:0:1, 7:6:0:0:10, 1:0:0:0:0, 5:3:0:0:10, 4:2:0:0:9, 5:3:0:0:7, 3:0:0:0:2, 3:0:1:0:0, 6:5:0:0:8, 4:1:0:0:3, 5:4:0:0:8, 4:5:0:0:6, 1:0:0:0:0, 4:0:0:0:0, 2:0:0:0:0, 4:2:0:0:3, 2:0:0:0:0, 2:0:0:0:1, 1:0:0:0:0, 5:4:0:0:10, 6:4:0:0:8, 1:0:0:0:0, 2:0:0:0:0, 3:0:0:0:3, 2:0:0:0:1, 1:0:0:0:0, 5:5:0:0:8, 6:1:0:0:7, 5:5:0:0:7, 4:2:0:0:5, 5:4:0:0:7, 3:0:0:0:3, 4:0:0:0:3, 6:1:0:0:4, 3:0:0:0:1, 7:6:0:0:10, 2:0:0:0:1, 5:6:0:0:11, 4:4:0:0:6, 7:4:1:0:8, 2:0:0:0:0, 1:0:0:0:0, 5:7:0:0:13, 4:1:0:0:2, 6:5:0:0:11, 6:3:1:0:5, 1:0:0:0:0, 3:0:0:0:0, 1:0:0:0:0, 6:3:1:0:5, 1:0:0:0:0, 1:0:0:0:0, 2:0:0:0:1, 8:4:0:0:12, 6:4:1:0:7, 6:0:0:0:2, 2:3:0:0:3, 3:0:0:0:2, 1:0:0:0:0, 1:0:0:0:0, 6:1:0:0:4, 3:1:0:0:7, 4:6:0:0:8, 5:7:0:0:12, 4:1:0:0:3, 4:0:0:0:4, 2:0:0:0:0, 7:1:0:0:4, 6:1:0:0:5, 6:5:0:0:7, 2:0:0:0:0, 6:3:0:0:7, 4:2:0:0:8, 7:6:0:0:9, 2:0:0:0:0, 5:0:0:0:3, 5:3:0:0:10, 6:2:0:0:6, 5:7:0:0:13, 6:3:0:0:5, 5:3:0:0:6, 1:0:0:0:2, 1:0:0:0:3, 1:0:0:0:1, 1:0:0:0:1, 648:299:14:0:679
A dorian (3#), 4:0:0:0:1, 4:2:0:0:1, 4:0:0:0:1, 2:2:0:0:0, 3:0:0:0:0, 3:2:0:0:1, 3:0:0:0:0, 0:0:0:0:0, 0:0:0:0:0, 5:5:0:0:2, 4:1:0:0:0, 3:1:0:0:0, 2:0:0:0:0, 1:0:0:0:0, 0:0:0:0:0, 0:0:0:0:0, 0:0:0:0:0, 1:0:0:0:0, 4:0:0:0:0, 2:0:0:0:0, 3:0:0:0:0, 3:0:0:0:0, 3:0:0:0:0, 1:0:0:0:0, 5:1:0:0:2, 0:0:0:0:0, 2:0:2:0:2, 2:0:0:0:1, 5:5:0:0:3, 6:4:0:0:4, 0:0:0:0:0, 0:0:0:0:0, 0:0:0:0:0, 0:0:0:0:0, 5:3:0:0:2, 4:2:0:0:1, 7:4:0:0:2, 2:2:0:0:0, 2:0:0:0:0, 4:2:0:0:1, 2:0:0:0:0, 3:0:0:0:0, 0:0:0:0:0, 7:7:0:0:4, 3:2:0:0:0, 7:5:0:0:2, 4:0:0:0:1, 4:0:0:0:0, 4:0:0:0:2, 3:0:0:0:0, 0:0:0:0:0, 2:0:1:0:1, 5:1:0:0:1, 3:0:0:0:0, 6:2:0:0:1, 7:1:0:0:1, 5:0:0:0:0, 2:0:0:0:0, 4:1:0:0:1, 1:0:0:0:0, 2:3:1:0:3, 4:0:1:0:2, 5:6:0:0:4, 10:3:0:0:4, 1:0:0:0:0, 0:0:0:0:0, 1:0:0:0:0, 0:0:0:0:0, 5:2:0:0:1, 3:2:0:0:1, 4:3:0:0:2, 3:1:0:0:0, 2:0:0:0:0, 3:2:0:0:1, 2:0:0:0:0, 0:0:0:0:0, 0:0:0:0:0, 5:5:0:0:3, 5:3:1:0:1, 5:2:0:0:0, 3:0:0:0:0, 3:0:0:0:0, 1:0:0:0:0, 5:0:0:0:0, 0:0:0:0:0, 1:0:0:0:0, 2:0:0:0:0, 1:0:0:0:0, 3:0:0:0:0, 5:0:0:0:0, 3:0:0:0:0, 2:0:0:0:0, 4:1:0:0:1, 0:0:0:0:0, 0:0:0:0:0, 2:0:0:0:2, 5:4:0:0:3, 6:8:1:0:8, 1:0:0:0:1, 0:0:0:0:0, 0:0:0:0:0, 0:0:0:0:0, 5:2:0:0:1, 6:2:0:0:1, 6:4:0:0:3, 3:2:0:0:0, 5:0:0:0:1, 6:3:0:0:1, 3:0:0:0:0, 0:0:0:0:0, 0:0:0:0:0, 5:5:0:0:2, 4:3:0:0:1, 5:2:0:0:0, 4:0:0:0:0, 2:0:0:0:0, 0:0:0:0:0, 4:0:0:0:0, 0:0:0:0:0, 1:0:0:0:0, 2:0:0:0:0, 1:0:0:0:0, 4:0:0:0:0, 4:0:0:0:0, 4:0:0:0:0, 3:0:0:0:0, 4:1:0:0:1, 0:0:0:0:0, 0:0:0:0:0, 2:0:0:0:2, 7:10:0:0:7, 5:6:0:0:6, 0:0:0:0:0, 0:0:0:0:0, 0:0:0:0:0, 1:0:0:0:0, 5:4:0:0:2, 6:5:0:0:2, 6:5:0:0:3, 6:2:1:0:1, 2:0:0:0:0, 4:2:0:0:1, 2:0:0:0:0, 4:0:0:0:0, 1:0:1:0:1, 10:4:0:0:2, 6:4:0:0:2, 5:2:0:0:1, 2:0:0:0:0, 1:0:0:0:0, 0:0:0:0:0, 1:0:0:0:0, 0:0:0:0:0, 2:0:0:0:0, 2:0:0:0:0, 2:0:0:0:0, 4:0:0:0:0, 7:0:0:0:0, 6:1:0:0:2, 1:0:0:0:0, 5:2:0:0:2, 2:0:0:0:0, 0:0:0:0:0, 3:0:0:0:4, 6:6:0:0:4, 7:5:0:0:5, 0:0:0:0:0, 0:0:0:0:0, 0:0:0:0:0, 0:0:0:0:0, 0:0:0:0:0, 0:0:0:0:0, 0:0:0:0:0, 0:0:0:0:0, 0:0:0:0:0, 482:182:9:0:133
Eb phrygian (3b), 4:0:0:0:1, 0:0:0:0:0, 4:0:0:0:1, 3:1:0:0:3, 2:0:0:0:1, 1:0:0:0:2, 2:0:0:0:3, 6:3:0:0:7, 4:5:0:0:6, 1:0:0:0:0, 0:0:0:0:0, 1:0:0:0:1, 2:1:0:0:1, 1:0:0:0:1, 4:1:0:0:3, 3:1:0:0:4, 5:3:0:0:7, 3:0:0:0:3, 7:1:0:0:5, 2:1:0:0:1, 2:0:0:0:1, 3:1:0:0:5, 3:0:0:0:2, 6:4:0:0:7, 4:1:0:0:6, 6:4:0:0:7, 7:8:2:0:10, 5:5:0:0:8, 2:0:0:0:0, 2:0:0:0:0, 5:4:0:0:6, 4:1:0:0:2, 5:4:0:0:8, 4:1:0:0:2, 0:0:0:0:0, 2:0:0:0:0, 3:0:0:0:0, 4:1:0:0:3, 1:0:0:0:0, 1:0:0:0:0, 2:0:0:0:2, 6:2:0:0:7, 4:6:0:0:9, 3:0:0:0:0, 1:0:0:0:0, 7:2:0:0:4, 2:0:0:0:2, 3:1:3:0:1, 9:3:0:0:6, 5:1:0:0:5, 4:6:0:0:8, 4:2:0:0:5, 7:4:0:0:9, 6:1:0:0:6, 5:1:0:0:3, 7:1:0:0:6, 5:0:0:0:2, 8:10:0:0:15, 2:0:0:0:0, 6:3:0:0:7, 6:5:1:0:9, 7:9:1:0:13, 3:0:0:0:0, 5:0:0:0:1, 6:6:0:0:9, 5:2:0:0:4, 6:5:0:0:10, 5:3:0:0:5, 0:0:0:0:0, 2:0:0:0:0, 1:0:0:0:0, 3:1:0:0:2, 1:0:0:0:0, 0:0:0:0:0, 1:0:0:0:0, 5:4:0:0:7, 5:3:0:0:6, 1:0:0:0:0, 3:0:0:0:1, 4:0:0:0:2, 1:0:0:0:0, 2:0:0:0:1, 4:1:2:0:2, 7:1:0:0:4, 5:3:0:0:9, 3:0:0:0:4, 6:2:0:0:6, 3:0:0:0:3, 2:0:0:0:1, 5:1:0:0:4, 2:0:0:0:1, 7:6:0:0:10, 1:0:0:0:0, 5:3:0:0:10, 4:2:0:0:9, 5:3:0:0:7, 3:0:0:0:2, 3:0:1:0:0, 6:5:0:0:8, 4:1:0:0:3, 5:4:0:0:8, 4:5:0:0:6, 1:0:0:0:0, 4:0:0:0:0, 2:0:0:0:0, 4:2:0:0:3, 2:0:0:0:0, 2:0:0:0:1, 1:0:0:0:0, 5:4:0:0:10, 6:4:0:0:8, 1:0:0:0:0, 2:0:0:0:0, 3:0:0:0:3, 2:0:0:0:1, 1:0:0:0:0, 5:5:0:0:8, 6:1:0:0:7, 5:5:0:0:7, 4:2:0:0:5, 5:4:0:0:7, 3:0:0:0:3, 4:0:0:0:3, 6:1:0:0:4, 3:0:0:0:1, 7:6:0:0:10, 2:0:0:0:1, 5:6:0:0:11, 4:4:0:0:6, 7:4:1:0:8, 2:0:0:0:0, 1:0:0:0:0, 5:7:0:0:13, 4:1:0:0:2, 6:5:0:0:11, 6:3:1:0:5, 1:0:0:0:0, 3:0:0:0:0, 1:0:0:0:0, 6:3:1:0:5, 1:0:0:0:0, 1:0:0:0:0, 2:0:0:0:1, 8:4:0:0:12, 6:4:1:0:7, 6:0:0:0:2, 2:3:0:0:3, 3:0:0:0:2, 1:0:0:0:0, 1:0:0:0:0, 6:1:0:0:4, 3:1:0:0:7, 4:6:0:0:8, 5:7:0:0:12, 4:1:0:0:3, 4:0:0:0:4, 2:0:0:0:0, 7:1:0:0:4, 6:1:0:0:5, 6:5:0:0:7, 2:0:0:0:0, 6:3:0:0:7, 4:2:0:0:8, 7:6:0:0:9, 2:0:0:0:0, 5:0:0:0:3, 5:3:0:0:10, 6:2:0:0:6, 5:7:0:0:13, 6:3:0:0:5, 5:3:0:0:6, 1:0:0:0:2, 1:0:0:0:3, 1:0:0:0:1, 1:0:0:0:1, 648:299:14:0:679
A phrygian (3#), 4:0:0:0:1, 4:2:0:0:1, 4:0:0:0:1, 2:2:0:0:0, 3:0:0:0:0, 3:2:0:0:1, 3:0:0:0:0, 0:0:0:0:0, 0:0:0:0:0, 5:5:0:0:2, 4:1:0:0:0, 3:1:0:0:0, 2:0:0:0:0, 1:0:0:0:0, 0:0:0:0:0, 0:0:0:0:0, 0:0:0:0:0, 1:0:0:0:0, 4:0:0:0:0, 2:0:0:0:0, 3:0:0:0:0, 3:0:0:0:0, 3:0:0:0:0, 1:0:0:0:0, 5:1:0:0:2, 0:0:0:0:0, 2:0:2:0:2, 2:0:0:0:1, 5:5:0:0:3, 6:4:0:0:4, 0:0:0:0:0, 0:0:0:0:0, 0:0:0:0:0, 0:0:0:0:0, 5:3:0:0:2, 4:2:0:0:1, 7:4:0:0:2, 2:2:0:0:0, 2:0:0:0:0, 4:2:0:0:1, 2:0:0:0:0, 3:0:0:0:0, 0:0:0:0:0, 7:7:0:0:4, 3:2:0:0:0, 7:5:0:0:2, 4:0:0:0:1, 4:0:0:0:0, 4:0:0:0:2, 3:0:0:0:0, 0:0:0:0:0, 2:0:1:0:1, 5:1:0:0:1, 3:0:0:0:0, 6:2:0:0:1, 7:1:0:0:1, 5:0:0:0:0, 2:0:0:0:0, 4:1:0:0:1, 1:0:0:0:0, 2:3:1:0:3, 4:0:1:0:2, 5:6:0:0:4, 10:3:0:0:4, 1:0:0:0:0, 0:0:0:0:0, 1:0:0:0:0, 0:0:0:0:0, 5:2:0:0:1, 3:2:0:0:1, 4:3:0:0:2, 3:1:0:0:0, 2:0:0:0:0, 3:2:0:0:1, 2:0:0:0:0, 0:0:0:0:0, 0:0:0:0:0, 5:5:0:0:3, 5:3:1:0:1, 5:2:0:0:0, 3:0:0:0:0, 3:0:0:0:0, 1:0:0:0:0, 5:0:0:0:0, 0:0:0:0:0, 1:0:0:0:0, 2:0:0:0:0, 1:0:0:0:0, 3:0:0:0:0, 5:0:0:0:0, 3:0:0:0:0, 2:0:0:0:0, 4:1:0:0:1, 0:0:0:0:0, 0:0:0:0:0, 2:0:0:0:2, 5:4:0:0:3, 6:8:1:0:8, 1:0:0:0:1, 0:0:0:0:0, 0:0:0:0:0, 0:0:0:0:0, 5:2:0:0:1, 6:2:0:0:1, 6:4:0:0:3, 3:2:0:0:0, 5:0:0:0:1, 6:3:0:0:1, 3:0:0:0:0, 0:0:0:0:0, 0:0:0:0:0, 5:5:0:0:2, 4:3:0:0:1, 5:2:0:0:0, 4:0:0:0:0, 2:0:0:0:0, 0:0:0:0:0, 4:0:0:0:0, 0:0:0:0:0, 1:0:0:0:0, 2:0:0:0:0, 1:0:0:0:0, 4:0:0:0:0, 4:0:0:0:0, 4:0:0:0:0, 3:0:0:0:0, 4:1:0:0:1, 0:0:0:0:0, 0:0:0:0:0, 2:0:0:0:2, 7:10:0:0:7, 5:6:0:0:6, 0:0:0:0:0, 0:0:0:0:0, 0:0:0:0:0, 1:0:0:0:0, 5:4:0:0:2, 6:5:0:0:2, 6:5:0:0:3, 6:2:1:0:1, 2:0:0:0:0, 4:2:0:0:1, 2:0:0:0:0, 4:0:0:0:0, 1:0:1:0:1, 10:4:0:0:2, 6:4:0:0:2, 5:2:0:0:1, 2:0:0:0:0, 1:0:0:0:0, 0:0:0:0:0, 1:0:0:0:0, 0:0:0:0:0, 2:0:0:0:0, 2:0:0:0:0, 2:0:0:0:0, 4:0:0:0:0, 7:0:0:0:0, 6:1:0:0:2, 1:0:0:0:0, 5:2:0:0:2, 2:0:0:0:0, 0:0:0:0:0, 3:0:0:0:4, 6:6:0:0:4, 7:5:0:0:5, 0:0:0:0:0, 0:0:0:0:0, 0:0:0:0:0, 0:0:0:0:0, 0:0:0:0:0, 0:0:0:0:0, 0:0:0:0:0, 0:0:0:0:0, 0:0:0:0:0, 482:182:9:0:133
Eb lydian (3b), 4:0:0:0:1, 0:0:0:0:0, 4:0:0:0:1, 3:1:0:0:3, 2:0:0:0:1, 1:0:0:0:2, 2:0:0:0:3, 6:3:0:0:7, 4:5:0:0:6, 1:0:0:0:0, 0:0:0:0:0, 1:0:0:0:1, 2:1:0:0:1, 1:0:0:0:1, 4:1:0:0:3, 3:1:0:0:4, 5:3:0:0:7, 3:0:0:0:3, 7:1:0:0:5, 2:1:0:0:1, 2:0:0:0:1, 3:1:0:0:5, 3:0:0:0:2, 6:4:0:0:7, 4:1:0:0:6, 6:4:0:0:7, 7:8:2:0:10, 5:5:0:0:8, 2:0:0:0:0, 2:0:0:0:0, 5:4:0:0:6, 4:1:0:0:2, 5:4:0:0:8, 4:1:0:0:2, 0:0:0:0:0, 2:0:0:0:0, 3:0:0:0:0, 4:1:0:0:3, 1:0:0:0:0, 1:0:0:0:0, 2:0:0:0:2, 6:2:0:0:7, 4:6:0:0:9, 3:0:0:0:0, 1:0:0:0:0, 7:2:0:0:4, 2:0:0:0:2, 3:1:3:0:1, 9:3:0:0:6, 5:1:0:0:5, 4:6:0:0:8, 4:2:0:0:5, 7:4:0:0:9, 6:1:0:0:6, 5:1:0:0:3, 7:1:0:0:6, 5:0:0:0:2, 8:10:0:0:15, 2:0:0:0:0, 6:3:0:0:7, 6:5:1:0:9, 7:9:1:0:13, 3:0:0:0:0, 5:0:0:0:1, 6:6:0:0:9, 5:2:0:0:4, 6:5:0:0:10, 5:3:0:0:5, 0:0:0:0:0, 2:0:0:0:0, 1:0:0:0:0, 3:1:0:0:2, 1:0:0:0:0, 0:0:0:0:0, 1:0:0:0:0, 5:4:0:0:7, 5:3:0:0:6, 1:0:0:0:0, 3:0:0:0:1, 4:0:0:0:2, 1:0:0:0:0, 2:0:0:0:1, 4:1:2:0:2, 7:1:0:0:4, 5:3:0:0:9, 3:0:0:0:4, 6:2:0:0:6, 3:0:0:0:3, 2:0:0:0:1, 5:1:0:0:4, 2:0:0:0:1, 7:6:0:0:10, 1:0:0:0:0, 5:3:0:0:10, 4:2:0:0:9, 5:3:0:0:7, 3:0:0:0:2, 3:0:1:0:0, 6:5:0:0:8, 4:1:0:0:3, 5:4:0:0:8, 4:5:0:0:6, 1:0:0:0:0, 4:0:0:0:0, 2:0:0:0:0, 4:2:0:0:3, 2:0:0:0:0, 2:0:0:0:1, 1:0:0:0:0, 5:4:0:0:10, 6:4:0:0:8, 1:0:0:0:0, 2:0:0:0:0, 3:0:0:0:3, 2:0:0:0:1, 1:0:0:0:0, 5:5:0:0:8, 6:1:0:0:7, 5:5:0:0:7, 4:2:0:0:5, 5:4:0:0:7, 3:0:0:0:3, 4:0:0:0:3, 6:1:0:0:4, 3:0:0:0:1, 7:6:0:0:10, 2:0:0:0:1, 5:6:0:0:11, 4:4:0:0:6, 7:4:1:0:8, 2:0:0:0:0, 1:0:0:0:0, 5:7:0:0:13, 4:1:0:0:2, 6:5:0:0:11, 6:3:1:0:5, 1:0:0:0:0, 3:0:0:0:0, 1:0:0:0:0, 6:3:1:0:5, 1:0:0:0:0, 1:0:0:0:0, 2:0:0:0:1, 8:4:0:0:12, 6:4:1:0:7, 6:0:0:0:2, 2:3:0:0:3, 3:0:0:0:2, 1:0:0:0:0, 1:0:0:0:0, 6:1:0:0:4, 3:1:0:0:7, 4:6:0:0:8, 5:7:0:0:12, 4:1:0:0:3, 4:0:0:0:4, 2:0:0:0:0, 7:1:0:0:4, 6:1:0:0:5, 6:5:0:0:7, 2:0:0:0:0, 6:3:0:0:7, 4:2:0:0:8, 7:6:0:0:9, 2:0:0:0:0, 5:0:0:0:3, 5:3:0:0:10, 6:2:0:0:6, 5:7:0:0:13, 6:3:0:0:5, 5:3:0:0:6, 1:0:0:0:2, 1:0:0:0:3, 1:0:0:0:1, 1:0:0:0:1, 648:299:14:0:679
A lydian (3#), 4:0:0:0:1, 4:2:0:0:1, 4:0:0:0:1, 2:2:0:0:0, 3:0:0:0:0, 3:2:0:0:1, 3:0:0:0:0, 0:0:0:0:0, 0:0:0:0:0, 5:5:0:0:2, 4:1:0:0:0, 3:1:0:0:0, 2:0:0:0:0, 1:0:0:0:0, 0:0:0:0:0, 0:0:0:0:0, 0:0:0:0:0, 1:0:0:0:0, 4:0:0:0:0, 2:0:0:0:0, 3:0:0:0:0, 3:0:0:0:0, 3:0:0:0:0, 1:0:0:0:0, 5:1:0:0:2, 0:0:0:0:0, 2:0:2:0:2, 2:0:0:0:1, 5:5:0:0:3, 6:4:0:0:4, 0:0:0:0:0, 0:0:0:0:0, 0:0:0:0:0, 0:0:0:0:0, 5:3:0:0:2, 4:2:0:0:1, 7:4:0:0:2, 2:2:0:0:0, 2:0:0:0:0, 4:2:0:0:1, 2:0:0:0:0, 3:0:0:0:0, 0:0:0:0:0, 7:7:0:0:4, 3:2:0:0:0, 7:5:0:0:2, 4:0:0:0:1, 4:0:0:0:0, 4:0:0:0:2, 3:0:0:0:0, 0:0:0:0:0, 2:0:1:0:1, 5:1:0:0:1, 3:0:0:0:0, 6:2:0:0:1, 7:1:0:0:1, 5:0:0:0:0, 2:0:0:0:0, 4:1:0:0:1, 1:0:0:0:0, 2:3:1:0:3, 4:0:1:0:2, 5:6:0:0:4, 10:3:0:0:4, 1:0:0:0:0, 0:0:0:0:0, 1:0:0:0:0, 0:0:0:0:0, 5:2:0:0:1, 3:2:0:0:1, 4:3:0:0:2, 3:1:0:0:0, 2:0:0:0:0, 3:2:0:0:1, 2:0:0:0:0, 0:0:0:0:0, 0:0:0:0:0, 5:5:0:0:3, 5:3:1:0:1, 5:2:0:0:0, 3:0:0:0:0, 3:0:0:0:0, 1:0:0:0:0, 5:0:0:0:0, 0:0:0:0:0, 1:0:0:0:0, 2:0:0:0:0, 1:0:0:0:0, 3:0:0:0:0, 5:0:0:0:0, 3:0:0:0:0, 2:0:0:0:0, 4:1:0:0:1, 0:0:0:0:0, 0:0:0:0:0, 2:0:0:0:2, 5:4:0:0:3, 6:8:1:0:8, 1:0:0:0:1, 0:0:0:0:0, 0:0:0:0:0, 0:0:0:0:0, 5:2:0:0:1, 6:2:0:0:1, 6:4:0:0:3, 3:2:0:0:0, 5:0:0:0:1, 6:3:0:0:1, 3:0:0:0:0, 0:0:0:0:0, 0:0:0:0:0, 5:5:0:0:2, 4:3:0:0:1, 5:2:0:0:0, 4:0:0:0:0, 2:0:0:0:0, 0:0:0:0:0, 4:0:0:0:0, 0:0:0:0:0, 1:0:0:0:0, 2:0:0:0:0, 1:0:0:0:0, 4:0:0:0:0, 4:0:0:0:0, 4:0:0:0:0, 3:0:0:0:0, 4:1:0:0:1, 0:0:0:0:0, 0:0:0:0:0, 2:0:0:0:2, 7:10:0:0:7, 5:6:0:0:6, 0:0:0:0:0, 0:0:0:0:0, 0:0:0:0:0, 1:0:0:0:0, 5:4:0:0:2, 6:5:0:0:2, 6:5:0:0:3, 6:2:1:0:1, 2:0:0:0:0, 4:2:0:0:1, 2:0:0:0:0, 4:0:0:0:0, 1:0:1:0:1, 10:4:0:0:2, 6:4:0:0:2, 5:2:0:0:1, 2:0:0:0:0, 1:0:0:0:0, 0:0:0:0:0, 1:0:0:0:0, 0:0:0:0:0, 2:0:0:0:0, 2:0:0:0:0, 2:0:0:0:0, 4:0:0:0:0, 7:0:0:0:0, 6:1:0:0:2, 1:0:0:0:0, 5:2:0:0:2, 2:0:0:0:0, 0:0:0:0:0, 3:0:0:0:4, 6:6:0:0:4, 7:5:0:0:5, 0:0:0:0:0, 0:0:0:0:0, 0:0:0:0:0, 0:0:0:0:0, 0:0:0:0:0, 0:0:0:0:0, 0:0:0:0:0, 0:0:0:0:0, 0:0:0:0:0, 482:182:9:0:133
Eb mixolydian (3b), 4:0:0:0:1, 0:0:0:0:0, 4:0:0:0:1, 3:1:0:0:3, 2:0:0:0:1, 1:0:0:0:2, 2:0:0:0:3, 6:3:0:0:7, 4:5:0:0:6, 1:0:0:0:0, 0:0:0:0:0, 1:0:0:0:1, 2:1:0:0:1, 1:0:0:0:1, 4:1:0:0:3, 3:1:0:0:4, 5:3:0:0:7, 3:0:0:0:3, 7:1:0:0:5, 2:1:0:0:1, 2:0:0:0:1, 3:1:0:0:5, 3:0:0:0:2, 6:4:0:0:7, 4:1:0:0:6, 6:4:0:0:7, 7:8:2:0:10, 5:5:0:0:8, 2:0:0:0:0, 2:0:0:0:0, 5:4:0:0:6, 4:1:0:0:2, 5:4:0:0:8, 4:1:0:0:2, 0:0:0:0:0, 2:0:0:0:0, 3:0:0:0:0, 4:1:0:0:3, 1:0:0:0:0, 1:0:0:0:0, 2:0:0:0:2, 6:2:0:0:7, 4:6:0:0:9, 3:0:0:0:0, 1:0:0:0:0, 7:2:0:0:4, 2:0:0:0:2, 3:1:3:0:1, 9:3:0:0:6, 5:1:0:0:5, 4:6:0:0:8, 4:2:0:0:5, 7:4:0:0:9, 6:1:0:0:6, 5:1:0:0:3, 7:1:0:0:6, 5:0:0:0:2, 8:10:0:0:15, 2:0:0:0:0, 6:3:0:0:7, 6:5:1:0:9, 7:9:1:0:13, 3:0:0:0:0, 5:0:0:0:1, 6:6:0:0:9, 5:2:0:0:4, 6:5:0:0:10, 5:3:0:0:5, 0:0:0:0:0, 2:0:0:0:0, 1:0:0:0:0, 3:1:0:0:2, 1:0:0:0:0, 0:0:0:0:0, 1:0:0:0:0, 5:4:0:0:7, 5:3:0:0:6, 1:0:0:0:0, 3:0:0:0:1, 4:0:0:0:2, 1:0:0:0:0, 2:0:0:0:1, 4:1:2:0:2, 7:1:0:0:4, 5:3:0:0:9, 3:0:0:0:4, 6:2:0:0:6, 3:0:0:0:3, 2:0:0:0:1, 5:1:0:0:4, 2:0:0:0:1, 7:6:0:0:10, 1:0:0:0:0, 5:3:0:0:10, 4:2:0:0:9, 5:3:0:0:7, 3:0:0:0:2, 3:0:1:0:0, 6:5:0:0:8, 4:1:0:0:3, 5:4:0:0:8, 4:5:0:0:6, 1:0:0:0:0, 4:0:0:0:0, 2:0:0:0:0, 4:2:0:0:3, 2:0:0:0:0, 2:0:0:0:1, 1:0:0:0:0, 5:4:0:0:10, 6:4:0:0:8, 1:0:0:0:0, 2:0:0:0:0, 3:0:0:0:3, 2:0:0:0:1, 1:0:0:0:0, 5:5:0:0:8, 6:1:0:0:7, 5:5:0:0:7, 4:2:0:0:5, 5:4:0:0:7, 3:0:0:0:3, 4:0:0:0:3, 6:1:0:0:4, 3:0:0:0:1, 7:6:0:0:10, 2:0:0:0:1, 5:6:0:0:11, 4:4:0:0:6, 7:4:1:0:8, 2:0:0:0:0, 1:0:0:0:0, 5:7:0:0:13, 4:1:0:0:2, 6:5:0:0:11, 6:3:1:0:5, 1:0:0:0:0, 3:0:0:0:0, 1:0:0:0:0, 6:3:1:0:5, 1:0:0:0:0, 1:0:0:0:0, 2:0:0:0:1, 8:4:0:0:12, 6:4:1:0:7, 6:0:0:0:2, 2:3:0:0:3, 3:0:0:0:2, 1:0:0:0:0, 1:0:0:0:0, 6:1:0:0:4, 3:1:0:0:7, 4:6:0:0:8, 5:7:0:0:12, 4:1:0:0:3, 4:0:0:0:4, 2:0:0:0:0, 7:1:0:0:4, 6:1:0:0:5, 6:5:0:0:7, 2:0:0:0:0, 6:3:0:0:7, 4:2:0:0:8, 7:6:0:0:9, 2:0:0:0:0, 5:0:0:0:3, 5:3:0:0:10, 6:2:0:0:6, 5:7:0:0:13, 6:3:0:0:5, 5:3:0:0:6, 1:0:0:0:2, 1:0:0:0:3, 1:0:0:0:1, 1:0:0:0:1, 648:299:14:0:679
A mixolydian (3#), 4:0:0:0:1, 4:2:0:0:1, 4:0:0:0:1, 2:2:0:0:0, 3:0:0:0:0, 3:2:0:0:1, 3:0:0:0:0, 0:0:0:0:0, 0:0:0:0:0, 5:5:0:0:2, 4:1:0:0:0, 3:1:0:0:0, 2:0:0:0:0, 1:0:0:0:0, 0:0:0:0:0, 0:0:0:0:0, 0:0:0:0:0, 1:0:0:0:0, 4:0:0:0:0, 2:0:0:0:0, 3:0:0:0:0, 3:0:0:0:0, 3:0:0:0:0, 1:0:0:0:0, 5:1:0:0:2, 0:0:0:0:0, 2:0:2:0:2, 2:0:0:0:1, 5:5:0:0:3, 6:4:0:0:4, 0:0:0:0:0, 0:0:0:0:0, 0:0:0:0:0, 0:0:0:0:0, 5:3:0:0:2, 4:2:0:0:1, 7:4:0:0:2, 2:2:0:0:0, 2:0:0:0:0, 4:2:0:0:1, 2:0:0:0:0, 3:0:0:0:0, 0:0:0:0:0, 7:7:0:0:4, 3:2:0:0:0, 7:5:0:0:2, 4:0:0:0:1, 4:0:0:0:0, 4:0:0:0:2, 3:0:0:0:0, 0:0:0:0:0, 2:0:1:0:1, 5:1:0:0:1, 3:0:0:0:0, 6:2:0:0:1, 7:1:0:0:1, 5:0:0:0:0, 2:0:0:0:0, 4:1:0:0:1, 1:0:0:0:0, 2:3:1:0:3, 4:0:1:0:2, 5:6:0:0:4, 10:3:0:0:4, 1:0:0:0:0, 0:0:0:0:0, 1:0:0:0:0, 0:0:0:0:0, 5:2:0:0:1, 3:2:0:0:1, 4:3:0:0:2, 3:1:0:0:0, 2:0:0:0:0, 3:2:0:0:1, 2:0:0:0:0, 0:0:0:0:0, 0:0:0:0:0, 5:5:0:0:3, 5:3:1:0:1, 5:2:0:0:0, 3:0:0:0:0, 3:0:0:0:0, 1:0:0:0:0, 5:0:0:0:0, 0:0:0:0:0, 1:0:0:0:0, 2:0:0:0:0, 1:0:0:0:0, 3:0:0:0:0, 5:0:0:0:0, 3:0:0:0:0, 2:0:0:0:0, 4:1:0:0:1, 0:0:0:0:0, 0:0:0:0:0, 2:0:0:0:2, 5:4:0:0:3, 6:8:1:0:8, 1:0:0:0:1, 0:0:0:0:0, 0:0:0:0:0, 0:0:0:0:0, 5:2:0:0:1, 6:2:0:0:1, 6:4:0:0:3, 3:2:0:0:0, 5:0:0:0:1, 6:3:0:0:1, 3:0:0:0:0, 0:0:0:0:0, 0:0:0:0:0, 5:5:0:0:2, 4:3:0:0:1, 5:2:0:0:0, 4:0:0:0:0, 2:0:0:0:0, 0:0:0:0:0, 4:0:0:0:0, 0:0:0:0:0, 1:0:0:0:0, 2:0:0:0:0, 1:0:0:0:0, 4:0:0:0:0, 4:0:0:0:0, 4:0:0:0:0, 3:0:0:0:0, 4:1:0:0:1, 0:0:0:0:0, 0:0:0:0:0, 2:0:0:0:2, 7:10:0:0:7, 5:6:0:0:6, 0:0:0:0:0, 0:0:0:0:0, 0:0:0:0:0, 1:0:0:0:0, 5:4:0:0:2, 6:5:0:0:2, 6:5:0:0:3, 6:2:1:0:1, 2:0:0:0:0, 4:2:0:0:1, 2:0:0:0:0, 4:0:0:0:0, 1:0:1:0:1, 10:4:0:0:2, 6:4:0:0:2, 5:2:0:0:1, 2:0:0:0:0, 1:0:0:0:0, 0:0:0:0:0, 1:0:0:0:0, 0:0:0:0:0, 2:0:0:0:0, 2:0:0:0:0, 2:0:0:0:0, 4:0:0:0:0, 7:0:0:0:0, 6:1:0:0:2, 1:0:0:0:0, 5:2:0:0:2, 2:0:0:0:0, 0:0:0:0:0, 3:0:0:0:4, 6:6:0:0:4, 7:5:0:0:5, 0:0:0:0:0, 0:0:0:0:0, 0:0:0:0:0, 0:0:0:0:0, 0:0:0:0:0, 0:0:0:0:0, 0:0:0:0:0, 0:0:0:0:0, 0:0:0:0:0, 482:182:9:0:133
Eb aeolian (3b), 4:0:0:0:1, 0:0:0:0:0, 4:0:0:0:1, 3:1:0:0:3, 2:0:0:0:1, 1:0:0:0:2, 2:0:0:0:3, 6:3:0:0:7, 4:5:0:0:6, 1:0:0:0:0, 0:0:0:0:0, 1:0:0:0:1, 2:1:0:0:1, 1:0:0:0:1, 4:1:0:0:3, 3:1:0:0:4, 5:3:0:0:7, 3:0:0:0:3, 7:1:0:0:5, 2:1:0:0:1, 2:0:0:0:1, 3:1:0:0:5, 3:0:0:0:2, 6:4:0:0:7, 4:1:0:0:6, 6:4:0:0:7, 7:8:2:0:10, 5:5:0:0:8, 2:0:0:0:0, 2:0:0:0:0, 5:4:0:0:6, 4:1:0:0:2, 5:4:0:0:8, 4:1:0:0:2, 0:0:0:0:0, 2:0:0:0:0, 3:0:0:0:0, 4:1:0:0:3, 1:0:0:0:0, 1:0:0:0:0, 2:0:0:0:2, 6:2:0:0:7, 4:6:0:0:9, 3:0:0:0:0, 1:0:0:0:0, 7:2:0:0:4, 2:0:0:0:2, 3:1:3:0:1, 9:3:0:0:6, 5:1:0:0:5, 4:6:0:0:8, 4:2:0:0:5, 7:4:0:0:9, 6:1:0:0:6, 5:1:0:0:3, 7:1:0:0:6, 5:0:0:0:2, 8:10:0:0:15, 2:0:0:0:0, 6:3:0:0:7, 6:5:1:0:9, 7:9:1:0:13, 3:0:0:0:0, 5:0:0:0:1, 6:6:0:0:9, 5:2:0:0:4, 6:5:0:0:10, 5:3:0:0:5, 0:0:0:0:0, 2:0:0:0:0, 1:0:0:0:0, 3:1:0:0:2, 1:0:0:0:0, 0:0:0:0:0, 1:0:0:0:0, 5:4:0:0:7, 5:3:0:0:6, 1:0:0:0:0, 3:0:0:0:1, 4:0:0:0:2, 1:0:0:0:0, 2:0:0:0:1, 4:1:2:0:2, 7:1:0:0:4, 5:3:0:0:9, 3:0:0:0:4, 6:2:0:0:6, 3:0:0:0:3, 2:0:0:0:1, 5:1:0:0:4, 2:0:0:0:1, 7:6:0:0:10, 1:0:0:0:0, 5:3:0:0:10, 4:2:0:0:9, 5:3:0:0:7, 3:0:0:0:2, 3:0:1:0:0, 6:5:0:0:8, 4:1:0:0:3, 5:4:0:0:8, 4:5:0:0:6, 1:0:0:0:0, 4:0:0:0:0, 2:0:0:0:0, 4:2:0:0:3, 2:0:0:0:0, 2:0:0:0:1, 1:0:0:0:0, 5:4:0:0:10, 6:4:0:0:8, 1:0:0:0:0, 2:0:0:0:0, 3:0:0:0:3, 2:0:0:0:1, 1:0:0:0:0, 5:5:0:0:8, 6:1:0:0:7, 5:5:0:0:7, 4:2:0:0:5, 5:4:0:0:7, 3:0:0:0:3, 4:0:0:0:3, 6:1:0:0:4, 3:0:0:0:1, 7:6:0:0:10, 2:0:0:0:1, 5:6:0:0:11, 4:4:0:0:6, 7:4:1:0:8, 2:0:0:0:0, 1:0:0:0:0, 5:7:0:0:13, 4:1:0:0:2, 6:5:0:0:11, 6:3:1:0:5, 1:0:0:0:0, 3:0:0:0:0, 1:0:0:0:0, 6:3:1:0:5, 1:0:0:0:0, 1:0:0:0:0, 2:0:0:0:1, 8:4:0:0:12, 6:4:1:0:7, 6:0:0:0:2, 2:3:0:0:3, 3:0:0:0:2, 1:0:0:0:0, 1:0:0:0:0, 6:1:0:0:4, 3:1:0:0:7, 4:6:0:0:8, 5:7:0:0:12, 4:1:0:0:3, 4:0:0:0:4, 2:0:0:0:0, 7:1:0:0:4, 6:1:0:0:5, 6:5:0:0:7, 2:0:0:0:0, 6:3:0:0:7, 4:2:0:0:8, 7:6:0:0:9, 2:0:0:0:0, 5:0:0:0:3, 5:3:0:0:10, 6:2:0:0:6, 5:7:0:0:13, 6:3:0:0:5, 5:3:0:0:6, 1:0:0:0:2, 1:0:0:0:3, 1:0:0:0:1, 1:0:0:0:1, 648:299:14:0:679
A aeolian (3#), 4:0:0:0:1, 4:2:0:0:1, 4:0:0:0:1, 2:2:0:0:0, 3:0:0:0:0, 3:2:0:0:1, 3:0:0:0:0, 0:0:0:0:0, 0:0:0:0:0, 5:5:0:0:2, 4:1:0:0:0, 3:1:0:0:0, 2:0:0:0:0, 1:0:0:0:0, 0:0:0:0:0, 0:0:0:0:0, 0:0:0:0:0, 1:0:0:0:0, 4:0:0:0:0, 2:0:0:0:0, 3:0:0:0:0, 3:0:0:0:0, 3:0:0:0:0, 1:0:0:0:0, 5:1:0:0:2, 0:0:0:0:0, 2:0:2:0:2, 2:0:0:0:1, 5:5:0:0:3, 6:4:0:0:4, 0:0:0:0:0, 0:0:0:0:0, 0:0:0:0:0, 0:0:0:0:0, 5:3:0:0:2, 4:2:0:0:1, 7:4:0:0:2, 2:2:0:0:0, 2:0:0:0:0, 4:2:0:0:1, 2:0:0:0:0, 3:0:0:0:0, 0:0:0:0:0, 7:7:0:0:4, 3:2:0:0:0, 7:5:0:0:2, 4:0:0:0:1, 4:0:0:0:0, 4:0:0:0:2, 3:0:0:0:0, 0:0:0:0:0, 2:0:1:0:1, 5:1:0:0:1, 3:0:0:0:0, 6:2:0:0:1, 7:1:0:0:1, 5:0:0:0:0, 2:0:0:0:0, 4:1:0:0:1, 1:0:0:0:0, 2:3:1:0:3, 4:0:1:0:2, 5:6:0:0:4, 10:3:0:0:4, 1:0:0:0:0, 0:0:0:0:0, 1:0:0:0:0, 0:0:0:0:0, 5:2:0:0:1, 3:2:0:0:1, 4:3:0:0:2, 3:1:0:0:0, 2:0:0:0:0, 3:2:0:0:1, 2:0:0:0:0, 0:0:0:0:0, 0:0:0:0:0, 5:5:0:0:3, 5:3:1:0:1, 5:2:0:0:0, 3:0:0:0:0, 3:0:0:0:0, 1:0:0:0:0, 5:0:0:0:0, 0:0:0:0:0, 1:0:0:0:0, 2:0:0:0:0, 1:0:0:0:0, 3:0:0:0:0, 5:0:0:0:0, 3:0:0:0:0, 2:0:0:0:0, 4:1:0:0:1, 0:0:0:0:0, 0:0:0:0:0, 2:0:0:0:2, 5:4:0:0:3, 6:8:1:0:8, 1:0:0:0:1, 0:0:0:0:0, 0:0:0:0:0, 0:0:0:0:0, 5:2:0:0:1, 6:2:0:0:1, 6:4:0:0:3, 3:2:0:0:0, 5:0:0:0:1, 6:3:0:0:1, 3:0:0:0:0, 0:0:0:0:0, 0:0:0:0:0, 5:5:0:0:2, 4:3:0:0:1, 5:2:0:0:0, 4:0:0:0:0, 2:0:0:0:0, 0:0:0:0:0, 4:0:0:0:0, 0:0:0:0:0, 1:0:0:0:0, 2:0:0:0:0, 1:0:0:0:0, 4:0:0:0:0, 4:0:0:0:0, 4:0:0:0:0, 3:0:0:0:0, 4:1:0:0:1, 0:0:0:0:0, 0:0:0:0:0, 2:0:0:0:2, 7:10:0:0:7, 5:6:0:0:6, 0:0:0:0:0, 0:0:0:0:0, 0:0:0:0:0, 1:0:0:0:0, 5:4:0:0:2, 6:5:0:0:2, 6:5:0:0:3, 6:2:1:0:1, 2:0:0:0:0, 4:2:0:0:1, 2:0:0:0:0, 4:0:0:0:0, 1:0:1:0:1, 10:4:0:0:2, 6:4:0:0:2, 5:2:0:0:1, 2:0:0:0:0, 1:0:0:0:0, 0:0:0:0:0, 1:0:0:0:0, 0:0:0:0:0, 2:0:0:0:0, 2:0:0:0:0, 2:0:0:0:0, 4:0:0:0:0, 7:0:0:0:0, 6:1:0:0:2, 1:0:0:0:0, 5:2:0:0:2, 2:0:0:0:0, 0:0:0:0:0, 3:0:0:0:4, 6:6:0:0:4, 7:5:0:0:5, 0:0:0:0:0, 0:0:0:0:0, 0:0:0:0:0, 0:0:0:0:0, 0:0:0:0:0, 0:0:0:0:0, 0:0:0:0:0, 0:0:0:0:0, 0:0:0:0:0, 482:182:9:0:133
Eb locrian (3b), 4:0:0:0:1, 0:0:0:0:0, 4:0:0:0:1, 3:1:0:0:3, 2:0:0:0:1, 1:0:0:0:2, 2:0:0:0:3, 6:3:0:0:7, 4:5:0:0:6, 1:0:0:0:0, 0:0:0:0:0, 1:0:0:0:1, 2:1:0:0:1, 1:0:0:0:1, 4:1:0:0:3, 3:1:0:0:4, 5:3:0:0:7, 3:0:0:0:3, 7:1:0:0:5, 2:1:0:0:1, 2:0:0:0:1, 3:1:0:0:5, 3:0:0:0:2, 6:4:0:0:7, 4:1:0:0:6, 6:4:0:0:7, 7:8:2:0:10, 5:5:0:0:8, 2:0:0:0:0, 2:0:0:0:0, 5:4:0:0:6, 4:1:0:0:2, 5:4:0:0:8, 4:1:0:0:2, 0:0:0:0:0, 2:0:0:0:0, 3:0:0:0:0, 4:1:0:0:3, 1:0:0:0:0, 1:0:0:0:0, 2:0:0:0:2, 6:2:0:0:7, 4:6:0:0:9, 3:0:0:0:0, 1:0:0:0:0, 7:2:0:0:4, 2:0:0:0:2, 3:1:3:0:1, 9:3:0:0:6, 5:1:0:0:5, 4:6:0:0:8, 4:2:0:0:5, 7:4:0:0:9, 6:1:0:0:6, 5:1:0:0:3, 7:1:0:0:6, 5:0:0:0:2, 8:10:0:0:15, 2:0:0:0:0, 6:3:0:0:7, 6:5:1:0:9, 7:9:1:0:13, 3:0:0:0:0, 5:0:0:0:1, 6:6:0:0:9, 5:2:0:0:4, 6:5:0:0:10, 5:3:0:0:5, 0:0:0:0:0, 2:0:0:0:0, 1:0:0:0:0, 3:1:0:0:2, 1:0:0:0:0, 0:0:0:0:0, 1:0:0:0:0, 5:4:0:0:7, 5:3:0:0:6, 1:0:0:0:0, 3:0:0:0:1, 4:0:0:0:2, 1:0:0:0:0, 2:0:0:0:1, 4:1:2:0:2, 7:1:0:0:4, 5:3:0:0:9, 3:0:0:0:4, 6:2:0:0:6, 3:0:0:0:3, 2:0:0:0:1, 5:1:0:0:4, 2:0:0:0:1, 7:6:0:0:10, 1:0:0:0:0, 5:3:0:0:10, 4:2:0:0:9, 5:3:0:0:7, 3:0:0:0:2, 3:0:1:0:0, 6:5:0:0:8, 4:1:0:0:3, 5:4:0:0:8, 4:5:0:0:6, 1:0:0:0:0, 4:0:0:0:0, 2:0:0:0:0, 4:2:0:0:3, 2:0:0:0:0, 2:0:0:0:1, 1:0:0:0:0, 5:4:0:0:10, 6:4:0:0:8, 1:0:0:0:0, 2:0:0:0:0, 3:0:0:0:3, 2:0:0:0:1, 1:0:0:0:0, 5:5:0:0:8, 6:1:0:0:7, 5:5:0:0:7, 4:2:0:0:5, 5:4:0:0:7, 3:0:0:0:3, 4:0:0:0:3, 6:1:0:0:4, 3:0:0:0:1, 7:6:0:0:10, 2:0:0:0:1, 5:6:0:0:11, 4:4:0:0:6, 7:4:1:0:8, 2:0:0:0:0, 1:0:0:0:0, 5:7:0:0:13, 4:1:0:0:2, 6:5:0:0:11, 6:3:1:0:5, 1:0:0:0:0, 3:0:0:0:0, 1:0:0:0:0, 6:3:1:0:5, 1:0:0:0:0, 1:0:0:0:0, 2:0:0:0:1, 8:4:0:0:12, 6:4:1:0:7, 6:0:0:0:2, 2:3:0:0:3, 3:0:0:0:2, 1:0:0:0:0, 1:0:0:0:0, 6:1:0:0:4, 3:1:0:0:7, 4:6:0:0:8, 5:7:0:0:12, 4:1:0:0:3, 4:0:0:0:4, 2:0:0:0:0, 7:1:0:0:4, 6:1:0:0:5, 6:5:0:0:7, 2:0:0:0:0, 6:3:0:0:7, 4:2:0:0:8, 7:6:0:0:9, 2:0:0:0:0, 5:0:0:0:3, 5:3:0:0:10, 6:2:0:0:6, 5:7:0:0:13, 6:3:0:0:5, 5:3:0:0:6, 1:0:0:0:2, 1:0:0:0:3, 1:0:0:0:1, 1:0:0:0:1, 648:299:14:0:679
A locrian (3#), 4:0:0:0:1, 4:2:0:0:1, 4:0:0:0:1, 2:2:0:0:0, 3:0:0:0:0, 3:2:0:0:1, 3:0:0:0:0, 0:0:0:0:0, 0:0:0:0:0, 5:5:0:0:2, 4:1:0:0:0, 3:1:0:0:0, 2:0:0:0:0, 1:0:0:0:0, 0:0:0:0:0, 0:0:0:0:0, 0:0:0:0:0, 1:0:0:0:0, 4:0:0:0:0, 2:0:0:0:0, 3:0:0:0:0, 3:0:0:0:0, 3:0:0:0:0, 1:0:0:0:0, 5:1:0:0:2, 0:0:0:0:0, 2:0:2:0:2, 2:0:0:0:1, 5:5:0:0:3, 6:4:0:0:4, 0:0:0:0:0, 0:0:0:0:0, 0:0:0:0:0, 0:0:0:0:0, 5:3:0:0:2, 4:2:0:0:1, 7:4:0:0:2, 2:2:0:0:0, 2:0:0:0:0, 4:2:0:0:1, 2:0:0:0:0, 3:0:0:0:0, 0:0:0:0:0, 7:7:0:0:4, 3:2:0:0:0, 7:5:0:0:2, 4:0:0:0:1, 4:0:0:0:0, 4:0:0:0:2, 3:0:0:0:0, 0:0:0:0:0, 2:0:1:0:1, 5:1:0:0:1, 3:0:0:0:0, 6:2:0:0:1, 7:1:0:0:1, 5:0:0:0:0, 2:0:0:0:0, 4:1:0:0:1, 1:0:0:0:0, 2:3:1:0:3, 4:0:1:0:2, 5:6:0:0:4, 10:3:0:0:4, 1:0:0:0:0, 0:0:0:0:0, 1:0:0:0:0, 0:0:0:0:0, 5:2:0:0:1, 3:2:0:0:1, 4:3:0:0:2, 3:1:0:0:0, 2:0:0:0:0, 3:2:0:0:1, 2:0:0:0:0, 0:0:0:0:0, 0:0:0:0:0, 5:5:0:0:3, 5:3:1:0:1, 5:2:0:0:0, 3:0:0:0:0, 3:0:0:0:0, 1:0:0:0:0, 5:0:0:0:0, 0:0:0:0:0, 1:0:0:0:0, 2:0:0:0:0, 1:0:0:0:0, 3:0:0:0:0, 5:0:0:0:0, 3:0:0:0:0, 2:0:0:0:0, 4:1:0:0:1, 0:0:0:0:0, 0:0:0:0:0, 2:0:0:0:2, 5:4:0:0:3, 6:8:1:0:8, 1:0:0:0:1, 0:0:0:0:0, 0:0:0:0:0, 0:0:0:0:0, 5:2:0:0:1, 6:2:0:0:1, 6:4:0:0:3, 3:2:0:0:0, 5:0:0:0:1, 6:3:0:0:1, 3:0:0:0:0, 0:0:0:0:0, 0:0:0:0:0, 5:5:0:0:2, 4:3:0:0:1, 5:2:0:0:0, 4:0:0:0:0, 2:0:0:0:0, 0:0:0:0:0, 4:0:0:0:0, 0:0:0:0:0, 1:0:0:0:0, 2:0:0:0:0, 1:0:0:0:0, 4:0:0:0:0, 4:0:0:0:0, 4:0:0:0:0, 3:0:0:0:0, 4:1:0:0:1, 0:0:0:0:0, 0:0:0:0:0, 2:0:0:0:2, 7:10:0:0:7, 5:6:0:0:6, 0:0:0:0:0, 0:0:0:0:0, 0:0:0:0:0, 1:0:0:0:0, 5:4:0:0:2, 6:5:0:0:2, 6:5:0:0:3, 6:2:1:0:1, 2:0:0:0:0, 4:2:0:0:1, 2:0:0:0:0, 4:0:0:0:0, 1:0:1:0:1, 10:4:0:0:2, 6:4:0:0:2, 5:2:0:0:1, 2:0:0:0:0, 1:0:0:0:0, 0:0:0:0:0, 1:0:0:0:0, 0:0:0:0:0, 2:0:0:0:0, 2:0:0:0:0, 2:0:0:0:0, 4:0:0:0:0, 7:0:0:0:0, 6:1:0:0:2, 1:0:0:0:0, 5:2:0:0:2, 2:0:0:0:0, 0:0:0:0:0, 3:0:0:0:4, 6:6:0:0:4, 7:5:0:0:5, 0:0:0:0:0, 0:0:0:0:0, 0:0:0:0:0, 0:0:0:0:0, 0:0:0:0:0, 0:0:0:0:0, 0:0:0:0:0, 0:0:0:0:0, 0:0:0:0:0, 482:182:9:0:133
Ab major (4b), 4:0:0:0:3, 0:0:0:0:0, 4:0:0:0:3, 4:1:0:0:4, 3:0:0:0:3, 2:0:0:0:2, 3:0:0:0:5, 7:3:0:0:8, 4:4:0:0:6, 0:0:0:0:0, 1:0:0:0:0, 1:0:0:0:1, 3:1:0:0:3, 2:0:0:0:1, 5:1:0:0:4, 4:1:0:0:4, 6:2:0:0:7, 4:0:0:0:4, 7:1:0:0:7, 3:1:0:0:2, 3:0:0:0:3, 4:1:0:0:5, 4:0:0:0:4, 6:4:0:0:9, 4:1:0:0:7, 7:4:0:0:8, 7:2:0:0:4, 6:5:0:0:8, 1:0:0:0:0, 1:0:0:0:0, 5:3:0:0:5, 5:1:0:0:3, 5:3:0:0:7, 5:1:0:0:3, 1:0:0:0:0, 1:0:0:0:1, 4:0:0:0:1, 4:1:0:0:6, 2:0:0:0:2, 2:0:0:0:1, 3:0:0:0:4, 7:2:0:0:8, 4:5:0:0:11, 2:0:0:0:1, 2:0:0:0:1, 8:2:0:0:7, 3:0:0:0:3, 4:1:0:0:4, 10:3:0:0:8, 6:1:0:0:5, 4:5:0:0:9, 5:2:0:0:6, 7:4:0:0:13, 7:1:0:0:10, 6:1:0:0:7, 8:1:0:0:9, 6:0:0:0:6, 8:10:0:0:19, 3:0:0:0:1, 7:3:0:0:9, 7:4:1:0:8, 8:7:1:0:12, 2:0:0:0:1, 5:0:0:0:2, 6:6:0:0:9, 6:2:0:0:5, 6:5:0:0:10, 6:3:0:0:6, 0:0:0:0:0, 1:0:0:0:1, 2:0:0:0:0, 4:1:0:0:3, 2:0:0:0:1, 1:0:0:0:0, 2:0:0:0:1, 6:4:0:0:8, 5:2:0:0:6, 0:0:0:0:0, 4:0:0:0:2, 4:1:0:0:4, 2:0:0:0:1, 3:0:0:0:2, 5:1:2:0:3, 8:1:0:0:5, 6:2:0:0:9, 4:0:0:0:5, 6:2:0:0:8, 4:0:0:0:5, 3:0:0:0:4, 6:1:0:0:5, 3:0:0:0:3, 7:6:0:0:14, 1:0:0:0:2, 6:3:0:0:13, 4:2:0:0:9, 6:3:0:0:7, 2:0:0:0:2, 2:0:1:0:0, 6:4:0:0:7, 5:1:0:0:4, 5:3:0:0:7, 5:5:0:0:8, 1:0:0:0:1, 3:0:0:0:1, 3:0:0:0:0, 4:2:0:0:6, 3:0:0:0:2, 3:0:0:0:2, 2:0:0:0:3, 6:4:0:0:12, 6:2:0:0:8, 0:0:0:0:0, 3:0:0:0:2, 4:0:0:0:5, 3:0:0:0:3, 2:0:0:0:3, 6:5:0:0:11, 7:1:0:0:8, 5:3:0:0:6, 5:2:0:0:6, 5:4:0:0:8, 4:0:0:0:4, 5:0:0:0:6, 7:1:0:0:6, 4:0:0:0:4, 7:6:0:0:13, 2:0:0:0:3, 6:6:0:0:12, 4:2:0:0:4, 8:4:1:0:8, 1:0:0:0:0, 1:0:0:0:0, 5:3:0:0:9, 5:1:0:0:3, 7:5:0:0:12, 7:3:1:0:8, 1:0:0:0:1, 2:0:0:0:1, 2:0:0:0:0, 7:3:1:0:8, 2:0:0:0:3, 2:0:0:0:1, 3:0:0:0:3, 9:4:0:0:14, 6:2:0:0:7, 5:0:0:0:4, 3:3:0:0:3, 3:0:0:0:4, 2:0:0:0:1, 1:0:0:0:2, 7:1:0:0:5, 4:1:0:0:7, 4:3:0:0:6, 6:7:0:0:13, 4:1:0:0:6, 5:0:0:0:6, 3:0:0:0:3, 8:1:0:0:8, 7:1:0:0:7, 6:5:0:0:9, 1:0:0:0:2, 7:3:0:0:8, 4:2:0:0:8, 8:6:0:0:9, 1:0:0:0:0, 4:0:0:0:4, 5:3:0:0:10, 7:2:0:0:7, 5:5:0:0:11, 7:3:0:0:6, 5:3:0:0:6, 1:0:0:0:2, 1:0:0:0:3, 1:0:0:0:1, 1:0:0:0:1, 734:264:8:0:866
E major (4#), 4:0:0:0:0, 4:2:0:0:2, 4:0:0:0:0, 3:2:0:0:2, 4:0:0:0:0, 4:2:0:0:2, 4:0:0:0:0, 1:0:0:0:0, 0:0:0:0:0, 5:5:0:0:5, 5:1:0:0:1, 3:1:0:0:1, 3:0:0:0:0, 2:0:0:0:0, 1:0:0:0:0, 1:0:0:0:0, 1:0:0:0:0, 2:0:0:0:0, 3:0:0:0:0, 3:0:0:0:0, 4:0:0:0:0, 4:0:0:0:0, 4:0:0:0:0, 0:0:0:0:0, 5:1:0:0:1, 1:0:0:0:0, 1:0:2:0:2, 3:0:0:0:0, 5:5:0:0:5, 6:4:0:0:4, 0:0:0:0:0, 1:0:0:0:0, 0:0:0:0:0, 1:0:0:0:0, 6:3:0:0:3, 4:2:0:0:2, 8:4:0:0:4, 2:2:0:0:2, 3:0:0:0:0, 5:2:0:0:2, 3:0:0:0:0, 4:0:0:0:0, 0:0:0:0:0, 7:7:0:0:7, 4:2:0:0:2, 8:5:0:0:5, 5:0:0:0:0, 3:0:0:0:0, 5:0:0:0:0, 4:0:0:0:0, 0:0:0:0:0, 3:0:1:0:1, 4:1:0:0:1, 4:0:0:0:0, 7:2:0:0:2, 8:1:0:0:1, 6:0:0:0:0, 1:0:0:0:0, 5:1:0:0:1, 2:0:0:0:0, 2:0:0:0:0, 5:0:1:0:1, 5:6:0:0:6, 10:3:0:0:3, 0:0:0:0:0, 1:0:0:0:0, 0:0:0:0:0, 1:0:0:0:0, 5:2:0:0:2, 3:2:0:0:2, 5:3:0:0:3, 4:1:0:0:1, 3:0:0:0:0, 4:2:0:0:2, 3:0:0:0:0, 1:0:0:0:0, 0:0:0:0:0, 5:5:0:0:5, 6:3:1:0:3, 4:2:0:0:2, 4:0:0:0:0, 4:0:0:0:0, 2:0:0:0:0, 6:0:0:0:0, 1:0:0:0:0, 2:0:0:0:0, 1:0:0:0:0, 2:0:0:0:0, 4:0:0:0:0, 6:0:0:0:0, 4:0:0:0:0, 1:0:0:0:0, 4:1:0:0:1, 1:0:0:0:0, 0:0:0:0:0, 3:0:0:0:0, 5:4:0:0:4, 6:6:0:0:6, 1:0:0:0:0, 1:0:0:0:0, 0:0:0:0:0, 1:0:0:0:0, 5:2:0:0:2, 6:2:0:0:2, 7:4:0:0:4, 3:2:0:0:2, 6:0:0:0:0, 7:3:0:0:3, 4:0:0:0:0, 1:0:0:0:0, 0:0:0:0:0, 5:5:0:0:5, 5:3:0:0:3, 6:2:0:0:2, 5:0:0:0:0, 3:0:0:0:0, 1:0:0:0:0, 5:0:0:0:0, 0:0:0:0:0, 2:0:0:0:0, 1:0:0:0:0, 2:0:0:0:0, 5:0:0:0:0, 5:0:0:0:0, 5:0:0:0:0, 2:0:0:0:0, 4:1:0:0:1, 1:0:0:0:0, 0:0:0:0:0, 3:0:0:0:0, 7:10:0:0:10, 5:4:0:0:4, 0:0:0:0:0, 1:0:0:0:0, 1:0:0:0:0, 2:0:0:0:0, 5:3:0:0:3, 6:5:0:0:5, 7:5:0:0:5, 7:2:1:0:3, 3:0:0:0:0, 5:2:0:0:2, 3:0:0:0:0, 5:0:0:0:0, 1:0:1:0:1, 10:4:0:0:4, 7:4:0:0:4, 5:2:0:0:2, 3:0:0:0:0, 1:0:0:0:0, 1:0:0:0:0, 2:0:0:0:0, 0:0:0:0:0, 3:0:0:0:0, 1:0:0:0:0, 3:0:0:0:0, 5:0:0:0:0, 8:0:0:0:0, 7:1:0:0:1, 0:0:0:0:0, 5:1:0:0:1, 3:0:0:0:0, 0:0:0:0:0, 4:0:0:0:0, 6:6:0:0:6, 7:4:0:0:4, 0:0:0:0:0, 1:0:0:0:0, 0:0:0:0:0, 1:0:0:0:0, 0:0:0:0:0, 0:0:0:0:0, 0:0:0:0:0, 0:0:0:0:0, 0:0:0:0:0, 569:172:7:0:178
F minor (4b), 4:0:0:0:3, 0:0:0:0:0, 4:0:0:0:3, 4:1:0:0:4, 3:0:0:0:3, 2:0:0:0:2, 3:0:0:0:5, 7:3:0:0:8, 4:4:0:0:6, 0:0:0:0:0, 1:0:0:0:0, 1:0:0:0:1, 3:1:0:0:3, 2:0:0:0:1, 5:1:0:0:4, 4:1:0:0:4, 6:2:0:0:7, 4:0:0:0:4, 7:1:0:0:7, 3:1:0:0:2, 3:0:0:0:3, 4:1:0:0:5, 4:0:0:0:4, 6:4:0:0:9, 4:1:0:0:7, 7:4:0:0:8, 7:2:0:0:4, 6:5:0:0:8, 1:0:0:0:0, 1:0:0:0:0, 5:3:0:0:5, 5:1:0:0:3, 5:3:0:0:7, 5:1:0:0:3, 1:0:0:0:0, 1:0:0:0:1, 4:0:0:0:1, 4:1:0:0:6, 2:0:0:0:2, 2:0:0:0:1, 3:0:0:0:4, 7:2:0:0:8, 4:5:0:0:11, 2:0:0:0:1, 2:0:0:0:1, 8:2:0:0:7, 3:0:0:0:3, 4:1:0:0:4, 10:3:0:0:8, 6:1:0:0:5, 4:5:0:0:9, 5:2:0:0:6, 7:4:0:0:13, 7:1:0:0:10, 6:1:0:0:7, 8:1:0:0:9, 6:0:0:0:6, 8:10:0:0:19, 3:0:0:0:1, 7:3:0:0:9, 7:4:1:0:8, 8:7:1:0:12, 2:0:0:0:1, 5:0:0:0:2, 6:6:0:0:9, 6:2:0:0:5, 6:5:0:0:10, 6:3:0:0:6, 0:0:0:0:0, 1:0:0:0:1, 2:0:0:0:0, 4:1:0:0:3, 2:0:0:0:1, 1:0:0:0:0, 2:0:0:0:1, 6:4:0:0:8, 5:2:0:0:6, 0:0:0:0:0, 4:0:0:0:2, 4:1:0:0:4, 2:0:0:0:1, 3:0:0:0:2, 5:1:2:0:3, 8:1:0:0:5, 6:2:0:0:9, 4:0:0:0:5, 6:2:0:0:8, 4:0:0:0:5, 3:0:0:0:4, 6:1:0:0:5, 3:0:0:0:3, 7:6:0:0:14, 1:0:0:0:2, 6:3:0:0:13, 4:2:0:0:9, 6:3:0:0:7, 2:0:0:0:2, 2:0:1:0:0, 6:4:0:0:7, 5:1:0:0:4, 5:3:0:0:7, 5:5:0:0:8, 1:0:0:0:1, 3:0:0:0:1, 3:0:0:0:0, 4:2:0:0:6, 3:0:0:0:2, 3:0:0:0:2, 2:0:0:0:3, 6:4:0:0:12, 6:2:0:0:8, 0:0:0:0:0, 3:0:0:0:2, 4:0:0:0:5, 3:0:0:0:3, 2:0:0:0:3, 6:5:0:0:11, 7:1:0:0:8, 5:3:0:0:6, 5:2:0:0:6, 5:4:0:0:8, 4:0:0:0:4, 5:0:0:0:6, 7:1:0:0:6, 4:0:0:0:4, 7:6:0:0:13, 2:0:0:0:3, 6:6:0:0:12, 4:2:0:0:4, 8:4:1:0:8, 1:0:0:0:0, 1:0:0:0:0, 5:3:0:0:9, 5:1:0:0:3, 7:5:0:0:12, 7:3:1:0:8, 1:0:0:0:1, 2:0:0:0:1, 2:0:0:0:0, 7:3:1:0:8, 2:0:0:0:3, 2:0:0:0:1, 3:0:0:0:3, 9:4:0:0:14, 6:2:0:0:7, 5:0:0:0:4, 3:3:0:0:3, 3:0:0:0:4, 2:0:0:0:1, 1:0:0:0:2, 7:1:0:0:5, 4:1:0:0:7, 4:3:0:0:6, 6:7:0:0:13, 4:1:0:0:6, 5:0:0:0:6, 3:0:0:0:3, 8:1:0:0:8, 7:1:0:0:7, 6:5:0:0:9, 1:0:0:0:2, 7:3:0:0:8, 4:2:0:0:8, 8:6:0:0:9, 1:0:0:0:0, 4:0:0:0:4, 5:3:0:0:10, 7:2:0:0:7, 5:5:0:0:11, 7:3:0:0:6, 5:3:0:0:6, 1:0:0:0:2, 1:0:0:0:3, 1:0:0:0:1, 1:0:0:0:1, 734:264:8:0:866
C# minor (4#), 4:0:0:0:0, 4:2:0:0:2, 4:0:0:0:0, 3:2:0:0:2, 4:0:0:0:0, 4:2:0:0:2, 4:0:0:0:0, 1:0:0:0:0, 0:0:0:0:0, 5:5:0:0:5, 5:1:0:0:1, 3:1:0:0:1, 3:0:0:0:0, 2:0:0:0:0, 1:0:0:0:0, 1:0:0:0:0, 1:0:0:0:0, 2:0:0:0:0, 3:0:0:0:0, 3:0:0:0:0, 4:0:0:0:0, 4:0:0:0:0, 4:0:0:0:0, 0:0:0:0:0, 5:1:0:0:1, 1:0:0:0:0, 1:0:2:0:2, 3:0:0:0:0, 5:5:0:0:5, 6:4:0:0:4, 0:0:0:0:0, 1:0:0:0:0, 0:0:0:0:0, 1:0:0:0:0, 6:3:0:0:3, 4:2:0:0:2, 8:4:0:0:4, 2:2:0:0:2, 3:0:0:0:0, 5:2:0:0:2, 3:0:0:0:0, 4:0:0:0:0, 0:0:0:0:0, 7:7:0:0:7, 4:2:0:0:2, 8:5:0:0:5, 5:0:0:0:0, 3:0:0:0:0, 5:0:0:0:0, 4:0:0:0:0, 0:0:0:0:0, 3:0:1:0:1, 4:1:0:0:1, 4:0:0:0:0, 7:2:0:0:2, 8:1:0:0:1, 6:0:0:0:0, 1:0:0:0:0, 5:1:0:0:1, 2:0:0:0:0, 2:0:0:0:0, 5:0:1:0:1, 5:6:0:0:6, 10:3:0:0:3, 0:0:0:0:0, 1:0:0:0:0, 0:0:0:0:0, 1:0:0:0:0, 5:2:0:0:2, 3:2:0:0:2, 5:3:0:0:3, 4:1:0:0:1, 3:0:0:0:0, 4:2:0:0:2, 3:0:0:0:0, 1:0:0:0:0, 0:0:0:0:0, 5:5:0:0:5, 6:3:1:0:3, 4:2:0:0:2, 4:0:0:0:0, 4:0:0:0:0, 2:0:0:0:0, 6:0:0:0:0, 1:0:0:0:0, 2:0:0:0:0, 1:0:0:0:0, 2:0:0:0:0, 4:0:0:0:0, 6:0:0:0:0, 4:0:0:0:0, 1:0:0:0:0, 4:1:0:0:1, 1:0:0:0:0, 0:0:0:0:0, 3:0:0:0:0, 5:4:0:0:4, 6:6:0:0:6, 1:0:0:0:0, 1:0:0:0:0, 0:0:0:0:0, 1:0:0:0:0, 5:2:0:0:2, 6:2:0:0:2, 7:4:0:0:4, 3:2:0:0:2, 6:0:0:0:0, 7:3:0:0:3, 4:0:0:0:0, 1:0:0:0:0, 0:0:0:0:0, 5:5:0:0:5, 5:3:0:0:3, 6:2:0:0:2, 5:0:0:0:0, 3:0:0:0:0, 1:0:0:0:0, 5:0:0:0:0, 0:0:0:0:0, 2:0:0:0:0, 1:0:0:0:0, 2:0:0:0:0, 5:0:0:0:0, 5:0:0:0:0, 5:0:0:0:0, 2:0:0:0:0, 4:1:0:0:1, 1:0:0:0:0, 0:0:0:0:0, 3:0:0:0:0, 7:10:0:0:10, 5:4:0:0:4, 0:0:0:0:0, 1:0:0:0:0, 1:0:0:0:0, 2:0:0:0:0, 5:3:0:0:3, 6:5:0:0:5, 7:5:0:0:5, 7:2:1:0:3, 3:0:0:0:0, 5:2:0:0:2, 3:0:0:0:0, 5:0:0:0:0, 1:0:1:0:1, 10:4:0:0:4, 7:4:0:0:4, 5:2:0:0:2, 3:0:0:0:0, 1:0:0:0:0, 1:0:0:0:0, 2:0:0:0:0, 0:0:0:0:0, 3:0:0:0:0, 1:0:0:0:0, 3:0:0:0:0, 5:0:0:0:0, 8:0:0:0:0, 7:1:0:0:1, 0:0:0:0:0, 5:1:0:0:1, 3:0:0:0:0, 0:0:0:0:0, 4:0:0:0:0, 6:6:0:0:6, 7:4:0:0:4, 0:0:0:0:0, 1:0:0:0:0, 0:0:0:0:0, 1:0:0:0:0, 0:0:0:0:0, 0:0:0:0:0, 0:0:0:0:0, 0:0:0:0:0, 0:0:0:0:0, 569:172:7:0:178
F minor mel (4b), 4:0:0:0:3, 0:0:0:0:0, 4:0:0:0:3, 4:1:0:0:4, 3:0:0:0:3, 2:0:0:0:2, 3:0:0:0:5, 7:3:0:0:8, 4:4:0:0:6, 0:0:0:0:0, 1:0:0:0:0, 1:0:0:0:1, 3:1:0:0:3, 2:0:0:0:1, 5:1:0:0:4, 4:1:0:0:4, 6:2:0:0:7, 4:0:0:0:4, 7:1:0:0:7, 3:1:0:0:2, 3:0:0:0:3, 4:1:0:0:5, 4:0:0:0:4, 6:4:0:0:9, 4:1:0:0:7, 7:4:0:0:8, 7:2:0:0:4, 6:5:0:0:8, 1:0:0:0:0, 1:0:0:0:0, 5:3:0:0:5, 5:1:0:0:3, 5:3:0:0:7, 5:1:0:0:3, 1:0:0:0:0, 1:0:0:0:1, 4:0:0:0:1, 4:1:0:0:6, 2:0:0:0:2, 2:0:0:0:1, 3:0:0:0:4, 7:2:0:0:8, 4:5:0:0:11, 2:0:0:0:1, 2:0:0:0:1, 8:2:0:0:7, 3:0:0:0:3, 4:1:0:0:4, 10:3:0:0:8, 6:1:0:0:5, 4:5:0:0:9, 5:2:0:0:6, 7:4:0:0:13, 7:1:0:0:10, 6:1:0:0:7, 8:1:0:0:9, 6:0:0:0:6, 8:10:0:0:19, 3:0:0:0:1, 7:3:0:0:9, 7:4:1:0:8, 8:7:1:0:12, 2:0:0:0:1, 5:0:0:0:2, 6:6:0:0:9, 6:2:0:0:5, 6:5:0:0:10, 6:3:0:0:6, 0:0:0:0:0, 1:0:0:0:1, 2:0:0:0:0, 4:1:0:0:3, 2:0:0:0:1, 1:0:0:0:0, 2:0:0:0:1, 6:4:0:0:8, 5:2:0:0:6, 0:0:0:0:0, 4:0:0:0:2, 4:1:0:0:4, 2:0:0:0:1, 3:0:0:0:2, 5:1:2:0:3, 8:1:0:0:5, 6:2:0:0:9, 4:0:0:0:5, 6:2:0:0:8, 4:0:0:0:5, 3:0:0:0:4, 6:1:0:0:5, 3:0:0:0:3, 7:6:0:0:14, 1:0:0:0:2, 6:3:0:0:13, 4:2:0:0:9, 6:3:0:0:7, 2:0:0:0:2, 2:0:1:0:0, 6:4:0:0:7, 5:1:0:0:4, 5:3:0:0:7, 5:5:0:0:8, 1:0:0:0:1, 3:0:0:0:1, 3:0:0:0:0, 4:2:0:0:6, 3:0:0:0:2, 3:0:0:0:2, 2:0:0:0:3, 6:4:0:0:12, 6:2:0:0:8, 0:0:0:0:0, 3:0:0:0:2, 4:0:0:0:5, 3:0:0:0:3, 2:0:0:0:3, 6:5:0:0:11, 7:1:0:0:8, 5:3:0:0:6, 5:2:0:0:6, 5:4:0:0:8, 4:0:0:0:4, 5:0:0:0:6, 7:1:0:0:6, 4:0:0:0:4, 7:6:0:0:13, 2:0:0:0:3, 6:6:0:0:12, 4:2:0:0:4, 8:4:1:0:8, 1:0:0:0:0, 1:0:0:0:0, 5:3:0:0:9, 5:1:0:0:3, 7:5:0:0:12, 7:3:1:0:8, 1:0:0:0:1, 2:0:0:0:1, 2:0:0:0:0, 7:3:1:0:8, 2:0:0:0:3, 2:0:0:0:1, 3:0:0:0:3, 9:4:0:0:14, 6:2:0:0:7, 5:0:0:0:4, 3:3:0:0:3, 3:0:0:0:4, 2:0:0:0:1, 1:0:0:0:2, 7:1:0:0:5, 4:1:0:0:7, 4:3:0:0:6, 6:7:0:0:13, 4:1:0:0:6, 5:0:0:0:6, 3:0:0:0:3, 8:1:0:0:8, 7:1:0:0:7, 6:5:0:0:9, 1:0:0:0:2, 7:3:0:0:8, 4:2:0:0:8, 8:6:0:0:9, 1:0:0:0:0, 4:0:0:0:4, 5:3:0:0:10, 7:2:0:0:7, 5:5:0:0:11, 7:3:0:0:6, 5:3:0:0:6, 1:0:0:0:2, 1:0:0:0:3, 1:0:0:0:1, 1:0:0:0:1, 734:264:8:0:866
C# minor mel (4#), 4:0:0:0:0, 4:2:0:0:2, 4:0:0:0:0, 3:2:0:0:2, 4:0:0:0:0, 4:2:0:0:2, 4:0:0:0:0, 1:0:0:0:0, 0:0:0:0:0, 5:5:0:0:5, 5:1:0:0:1, 3:1:0:0:1, 3:0:0:0:0, 2:0:0:0:0, 1:0:0:0:0, 1:0:0:0:0, 1:0:0:0:0, 2:0:0:0:0, 3:0:0:0:0, 3:0:0:0:0, 4:0:0:0:0, 4:0:0:0:0, 4:0:0:0:0, 0:0:0:0:0, 5:1:0:0:1, 1:0:0:0:0, 1:0:2:0:2, 3:0:0:0:0, 5:5:0:0:5, 6:4:0:0:4, 0:0:0:0:0, 1:0:0:0:0, 0:0:0:0:0, 1:0:0:0:0, 6:3:0:0:3, 4:2:0:0:2, 8:4:0:0:4, 2:2:0:0:2, 3:0:0:0:0, 5:2:0:0:2, 3:0:0:0:0, 4:0:0:0:0, 0:0:0:0:0, 7:7:0:0:7, 4:2:0:0:2, 8:5:0:0:5, 5:0:0:0:0, 3:0:0:0:0, 5:0:0:0:0, 4:0:0:0:0, 0:0:0:0:0, 3:0:1:0:1, 4:1:0:0:1, 4:0:0:0:0, 7:2:0:0:2, 8:1:0:0:1, 6:0:0:0:0, 1:0:0:0:0, 5:1:0:0:1, 2:0:0:0:0, 2:0:0:0:0, 5:0:1:0:1, 5:6:0:0:6, 10:3:0:0:3, 0:0:0:0:0, 1:0:0:0:0, 0:0:0:0:0, 1:0:0:0:0, 5:2:0:0:2, 3:2:0:0:2, 5:3:0:0:3, 4:1:0:0:1, 3:0:0:0:0, 4:2:0:0:2, 3:0:0:0:0, 1:0:0:0:0, 0:0:0:0:0, 5:5:0:0:5, 6:3:1:0:3, 4:2:0:0:2, 4:0:0:0:0, 4:0:0:0:0, 2:0:0:0:0, 6:0:0:0:0, 1:0:0:0:0, 2:0:0:0:0, 1:0:0:0:0, 2:0:0:0:0, 4:0:0:0:0, 6:0:0:0:0, 4:0:0:0:0, 1:0:0:0:0, 4:1:0:0:1, 1:0:0:0:0, 0:0:0:0:0, 3:0:0:0:0, 5:4:0:0:4, 6:6:0:0:6, 1:0:0:0:0, 1:0:0:0:0, 0:0:0:0:0, 1:0:0:0:0, 5:2:0:0:2, 6:2:0:0:2, 7:4:0:0:4, 3:2:0:0:2, 6:0:0:0:0, 7:3:0:0:3, 4:0:0:0:0, 1:0:0:0:0, 0:0:0:0:0, 5:5:0:0:5, 5:3:0:0:3, 6:2:0:0:2, 5:0:0:0:0, 3:0:0:0:0, 1:0:0:0:0, 5:0:0:0:0, 0:0:0:0:0, 2:0:0:0:0, 1:0:0:0:0, 2:0:0:0:0, 5:0:0:0:0, 5:0:0:0:0, 5:0:0:0:0, 2:0:0:0:0, 4:1:0:0:1, 1:0:0:0:0, 0:0:0:0:0, 3:0:0:0:0, 7:10:0:0:10, 5:4:0:0:4, 0:0:0:0:0, 1:0:0:0:0, 1:0:0:0:0, 2:0:0:0:0, 5:3:0:0:3, 6:5:0:0:5, 7:5:0:0:5, 7:2:1:0:3, 3:0:0:0:0, 5:2:0:0:2, 3:0:0:0:0, 5:0:0:0:0, 1:0:1:0:1, 10:4:0:0:4, 7:4:0:0:4, 5:2:0:0:2, 3:0:0:0:0, 1:0:0:0:0, 1:0:0:0:0, 2:0:0:0:0, 0:0:0:0:0, 3:0:0:0:0, 1:0:0:0:0, 3:0:0:0:0, 5:0:0:0:0, 8:0:0:0:0, 7:1:0:0:1, 0:0:0:0:0, 5:1:0:0:1, 3:0:0:0:0, 0:0:0:0:0, 4:0:0:0:0, 6:6:0:0:6, 7:4:0:0:4, 0:0:0:0:0, 1:0:0:0:0, 0:0:0:0:0, 1:0:0:0:0, 0:0:0:0:0, 0:0:0:0:0, 0:0:0:0:0, 0:0:0:0:0, 0:0:0:0:0, 569:172:7:0:178
Ab major blues (4b), 4:0:0:0:3, 0:0:0:0:0, 4:0:0:0:3, 4:1:0:0:4, 3:0:0:0:3, 2:0:0:0:2, 3:0:0:0:5, 7:3:0:0:8, 4:4:0:0:6, 0:0:0:0:0, 1:0:0:0:0, 1:0:0:0:1, 3:1:0:0:3, 2:0:0:0:1, 5:1:0:0:4, 4:1:0:0:4, 6:2:0:0:7, 4:0:0:0:4, 7:1:0:0:7, 3:1:0:0:2, 3:0:0:0:3, 4:1:0:0:5, 4:0:0:0:4, 6:4:0:0:9, 4:1:0:0:7, 7:4:0:0:8, 7:2:0:0:4, 6:5:0:0:8, 1:0:0:0:0, 1:0:0:0:0, 5:3:0:0:5, 5:1:0:0:3, 5:3:0:0:7, 5:1:0:0:3, 1:0:0:0:0, 1:0:0:0:1, 4:0:0:0:1, 4:1:0:0:6, 2:0:0:0:2, 2:0:0:0:1, 3:0:0:0:4, 7:2:0:0:8, 4:5:0:0:11, 2:0:0:0:1, 2:0:0:0:1, 8:2:0:0:7, 3:0:0:0:3, 4:1:0:0:4, 10:3:0:0:8, 6:1:0:0:5, 4:5:0:0:9, 5:2:0:0:6, 7:4:0:0:13, 7:1:0:0:10, 6:1:0:0:7, 8:1:0:0:9, 6:0:0:0:6, 8:10:0:0:19, 3:0:0:0:1, 7:3:0:0:9, 7:4:1:0:8, 8:7:1:0:12, 2:0:0:0:1, 5:0:0:0:2, 6:6:0:0:9, 6:2:0:0:5, 6:5:0:0:10, 6:3:0:0:6, 0:0:0:0:0, 1:0:0:0:1, 2:0:0:0:0, 4:1:0:0:3, 2:0:0:0:1, 1:0:0:0:0, 2:0:0:0:1, 6:4:0:0:8, 5:2:0:0:6, 0:0:0:0:0, 4:0:0:0:2, 4:1:0:0:4, 2:0:0:0:1, 3:0:0:0:2, 5:1:2:0:3, 8:1:0:0:5, 6:2:0:0:9, 4:0:0:0:5, 6:2:0:0:8, 4:0:0:0:5, 3:0:0:0:4, 6:1:0:0:5, 3:0:0:0:3, 7:6:0:0:14, 1:0:0:0:2, 6:3:0:0:13, 4:2:0:0:9, 6:3:0:0:7, 2:0:0:0:2, 2:0:1:0:0, 6:4:0:0:7, 5:1:0:0:4, 5:3:0:0:7, 5:5:0:0:8, 1:0:0:0:1, 3:0:0:0:1, 3:0:0:0:0, 4:2:0:0:6, 3:0:0:0:2, 3:0:0:0:2, 2:0:0:0:3, 6:4:0:0:12, 6:2:0:0:8, 0:0:0:0:0, 3:0:0:0:2, 4:0:0:0:5, 3:0:0:0:3, 2:0:0:0:3, 6:5:0:0:11, 7:1:0:0:8, 5:3:0:0:6, 5:2:0:0:6, 5:4:0:0:8, 4:0:0:0:4, 5:0:0:0:6, 7:1:0:0:6, 4:0:0:0:4, 7:6:0:0:13, 2:0:0:0:3, 6:6:0:0:12, 4:2:0:0:4, 8:4:1:0:8, 1:0:0:0:0, 1:0:0:0:0, 5:3:0:0:9, 5:1:0:0:3, 7:5:0:0:12, 7:3:1:0:8, 1:0:0:0:1, 2:0:0:0:1, 2:0:0:0:0, 7:3:1:0:8, 2:0:0:0:3, 2:0:0:0:1, 3:0:0:0:3, 9:4:0:0:14, 6:2:0:0:7, 5:0:0:0:4, 3:3:0:0:3, 3:0:0:0:4, 2:0:0:0:1, 1:0:0:0:2, 7:1:0:0:5, 4:1:0:0:7, 4:3:0:0:6, 6:7:0:0:13, 4:1:0:0:6, 5:0:0:0:6, 3:0:0:0:3, 8:1:0:0:8, 7:1:0:0:7, 6:5:0:0:9, 1:0:0:0:2, 7:3:0:0:8, 4:2:0:0:8, 8:6:0:0:9, 1:0:0:0:0, 4:0:0:0:4, 5:3:0:0:10, 7:2:0:0:7, 5:5:0:0:11, 7:3:0:0:6, 5:3:0:0:6, 1:0:0:0:2, 1:0:0:0:3, 1:0:0:0:1, 1:0:0:0:1, 734:264:8:0:866
E major blues (4#), 4:0:0:0:0, 4:2:0:0:2, 4:0:0:0:0, 3:2:0:0:2, 4:0:0:0:0, 4:2:0:0:2, 4:0:0:0:0, 1:0:0:0:0, 0:0:0:0:0, 5:5:0:0:5, 5:1:0:0:1, 3:1:0:0:1, 3:0:0:0:0, 2:0:0:0:0, 1:0:0:0:0, 1:0:0:0:0, 1:0:0:0:0, 2:0:0:0:0, 3:0:0:0:0, 3:0:0:0:0, 4:0:0:0:0, 4:0:0:0:0, 4:0:0:0:0, 0:0:0:0:0, 5:1:0:0:1, 1:0:0:0:0, 1:0:2:0:2, 3:0:0:0:0, 5:5:0:0:5, 6:4:0:0:4, 0:0:0:0:0, 1:0:0:0:0, 0:0:0:0:0, 1:0:0:0:0, 6:3:0:0:3, 4:2:0:0:2, 8:4:0:0:4, 2:2:0:0:2, 3:0:0:0:0, 5:2:0:0:2, 3:0:0:0:0, 4:0:0:0:0, 0:0:0:0:0, 7:7:0:0:7, 4:2:0:0:2, 8:5:0:0:5, 5:0:0:0:0, 3:0:0:0:0, 5:0:0:0:0, 4:0:0:0:0, 0:0:0:0:0, 3:0:1:0:1, 4:1:0:0:1, 4:0:0:0:0, 7:2:0:0:2, 8:1:0:0:1, 6:0:0:0:0, 1:0:0:0:0, 5:1:0:0:1, 2:0:0:0:0, 2:0:0:0:0, 5:0:1:0:1, 5:6:0:0:6, 10:3:0:0:3, 0:0:0:0:0, 1:0:0:0:0, 0:0:0:0:0, 1:0:0:0:0, 5:2:0:0:2, 3:2:0:0:2, 5:3:0:0:3, 4:1:0:0:1, 3:0:0:0:0, 4:2:0:0:2, 3:0:0:0:0, 1:0:0:0:0, 0:0:0:0:0, 5:5:0:0:5, 6:3:1:0:3, 4:2:0:0:2, 4:0:0:0:0, 4:0:0:0:0, 2:0:0:0:0, 6:0:0:0:0, 1:0:0:0:0, 2:0:0:0:0, 1:0:0:0:0, 2:0:0:0:0, 4:0:0:0:0, 6:0:0:0:0, 4:0:0:0:0, 1:0:0:0:0, 4:1:0:0:1, 1:0:0:0:0, 0:0:0:0:0, 3:0:0:0:0, 5:4:0:0:4, 6:6:0:0:6, 1:0:0:0:0, 1:0:0:0:0, 0:0:0:0:0, 1:0:0:0:0, 5:2:0:0:2, 6:2:0:0:2, 7:4:0:0:4, 3:2:0:0:2, 6:0:0:0:0, 7:3:0:0:3, 4:0:0:0:0, 1:0:0:0:0, 0:0:0:0:0, 5:5:0:0:5, 5:3:0:0:3, 6:2:0:0:2, 5:0:0:0:0, 3:0:0:0:0, 1:0:0:0:0, 5:0:0:0:0, 0:0:0:0:0, 2:0:0:0:0, 1:0:0:0:0, 2:0:0:0:0, 5:0:0:0:0, 5:0:0:0:0, 5:0:0:0:0, 2:0:0:0:0, 4:1:0:0:1, 1:0:0:0:0, 0:0:0:0:0, 3:0:0:0:0, 7:10:0:0:10, 5:4:0:0:4, 0:0:0:0:0, 1:0:0:0:0, 1:0:0:0:0, 2:0:0:0:0, 5:3:0:0:3, 6:5:0:0:5, 7:5:0:0:5, 7:2:1:0:3, 3:0:0:0:0, 5:2:0:0:2, 3:0:0:0:0, 5:0:0:0:0, 1:0:1:0:1, 10:4:0:0:4, 7:4:0:0:4, 5:2:0:0:2, 3:0:0:0:0, 1:0:0:0:0, 1:0:0:0:0, 2:0:0:0:0, 0:0:0:0:0, 3:0:0:0:0, 1:0:0:0:0, 3:0:0:0:0, 5:0:0:0:0, 8:0:0:0:0, 7:1:0:0:1, 0:0:0:0:0, 5:1:0:0:1, 3:0:0:0:0, 0:0:0:0:0, 4:0:0:0:0, 6:6:0:0:6, 7:4:0:0:4, 0:0:0:0:0, 1:0:0:0:0, 0:0:0:0:0, 1:0:0:0:0, 0:0:0:0:0, 0:0:0:0:0, 0:0:0:0:0, 0:0:0:0:0, 0:0:0:0:0, 569:172:7:0:178
F minor blues (4b), 4:0:0:0:3, 0:0:0:0:0, 4:0:0:0:3, 4:1:0:0:4, 3:0:0:0:3, 2:0:0:0:2, 3:0:0:0:5, 7:3:0:0:8, 4:4:0:0:6, 0:0:0:0:0, 1:0:0:0:0, 1:0:0:0:1, 3:1:0:0:3, 2:0:0:0:1, 5:1:0:0:4, 4:1:0:0:4, 6:2:0:0:7, 4:0:0:0:4, 7:1:0:0:7, 3:1:0:0:2, 3:0:0:0:3, 4:1:0:0:5, 4:0:0:0:4, 6:4:0:0:9, 4:1:0:0:7, 7:4:0:0:8, 7:2:0:0:4, 6:5:0:0:8, 1:0:0:0:0, 1:0:0:0:0, 5:3:0:0:5, 5:1:0:0:3, 5:3:0:0:7, 5:1:0:0:3, 1:0:0:0:0, 1:0:0:0:1, 4:0:0:0:1, 4:1:0:0:6, 2:0:0:0:2, 2:0:0:0:1, 3:0:0:0:4, 7:2:0:0:8, 4:5:0:0:11, 2:0:0:0:1, 2:0:0:0:1, 8:2:0:0:7, 3:0:0:0:3, 4:1:0:0:4, 10:3:0:0:8, 6:1:0:0:5, 4:5:0:0:9, 5:2:0:0:6, 7:4:0:0:13, 7:1:0:0:10, 6:1:0:0:7, 8:1:0:0:9, 6:0:0:0:6, 8:10:0:0:19, 3:0:0:0:1, 7:3:0:0:9, 7:4:1:0:8, 8:7:1:0:12, 2:0:0:0:1, 5:0:0:0:2, 6:6:0:0:9, 6:2:0:0:5, 6:5:0:0:10, 6:3:0:0:6, 0:0:0:0:0, 1:0:0:0:1, 2:0:0:0:0, 4:1:0:0:3, 2:0:0:0:1, 1:0:0:0:0, 2:0:0:0:1, 6:4:0:0:8, 5:2:0:0:6, 0:0:0:0:0, 4:0:0:0:2, 4:1:0:0:4, 2:0:0:0:1, 3:0:0:0:2, 5:1:2:0:3, 8:1:0:0:5, 6:2:0:0:9, 4:0:0:0:5, 6:2:0:0:8, 4:0:0:0:5, 3:0:0:0:4, 6:1:0:0:5, 3:0:0:0:3, 7:6:0:0:14, 1:0:0:0:2, 6:3:0:0:13, 4:2:0:0:9, 6:3:0:0:7, 2:0:0:0:2, 2:0:1:0:0, 6:4:0:0:7, 5:1:0:0:4, 5:3:0:0:7, 5:5:0:0:8, 1:0:0:0:1, 3:0:0:0:1, 3:0:0:0:0, 4:2:0:0:6, 3:0:0:0:2, 3:0:0:0:2, 2:0:0:0:3, 6:4:0:0:12, 6:2:0:0:8, 0:0:0:0:0, 3:0:0:0:2, 4:0:0:0:5, 3:0:0:0:3, 2:0:0:0:3, 6:5:0:0:11, 7:1:0:0:8, 5:3:0:0:6, 5:2:0:0:6, 5:4:0:0:8, 4:0:0:0:4, 5:0:0:0:6, 7:1:0:0:6, 4:0:0:0:4, 7:6:0:0:13, 2:0:0:0:3, 6:6:0:0:12, 4:2:0:0:4, 8:4:1:0:8, 1:0:0:0:0, 1:0:0:0:0, 5:3:0:0:9, 5:1:0:0:3, 7:5:0:0:12, 7:3:1:0:8, 1:0:0:0:1, 2:0:0:0:1, 2:0:0:0:0, 7:3:1:0:8, 2:0:0:0:3, 2:0:0:0:1, 3:0:0:0:3, 9:4:0:0:14, 6:2:0:0:7, 5:0:0:0:4, 3:3:0:0:3, 3:0:0:0:4, 2:0:0:0:1, 1:0:0:0:2, 7:1:0:0:5, 4:1:0:0:7, 4:3:0:0:6, 6:7:0:0:13, 4:1:0:0:6, 5:0:0:0:6, 3:0:0:0:3, 8:1:0:0:8, 7:1:0:0:7, 6:5:0:0:9, 1:0:0:0:2, 7:3:0:0:8, 4:2:0:0:8, 8:6:0:0:9, 1:0:0:0:0, 4:0:0:0:4, 5:3:0:0:10, 7:2:0:0:7, 5:5:0:0:11, 7:3:0:0:6, 5:3:0:0:6, 1:0:0:0:2, 1:0:0:0:3, 1:0:0:0:1, 1:0:0:0:1, 734:264:8:0:866
C# minor blues (4#), 4:0:0:0:0, 4:2:0:0:2, 4:0:0:0:0, 3:2:0:0:2, 4:0:0:0:0, 4:2:0:0:2, 4:0:0:0:0, 1:0:0:0:0, 0:0:0:0:0, 5:5:0:0:5, 5:1:0:0:1, 3:1:0:0:1, 3:0:0:0:0, 2:0:0:0:0, 1:0:0:0:0, 1:0:0:0:0, 1:0:0:0:0, 2:0:0:0:0, 3:0:0:0:0, 3:0:0:0:0, 4:0:0:0:0, 4:0:0:0:0, 4:0:0:0:0, 0:0:0:0:0, 5:1:0:0:1, 1:0:0:0:0, 1:0:2:0:2, 3:0:0:0:0, 5:5:0:0:5, 6:4:0:0:4, 0:0:0:0:0, 1:0:0:0:0, 0:0:0:0:0, 1:0:0:0:0, 6:3:0:0:3, 4:2:0:0:2, 8:4:0:0:4, 2:2:0:0:2, 3:0:0:0:0, 5:2:0:0:2, 3:0:0:0:0, 4:0:0:0:0, 0:0:0:0:0, 7:7:0:0:7, 4:2:0:0:2, 8:5:0:0:5, 5:0:0:0:0, 3:0:0:0:0, 5:0:0:0:0, 4:0:0:0:0, 0:0:0:0:0, 3:0:1:0:1, 4:1:0:0:1, 4:0:0:0:0, 7:2:0:0:2, 8:1:0:0:1, 6:0:0:0:0, 1:0:0:0:0, 5:1:0:0:1, 2:0:0:0:0, 2:0:0:0:0, 5:0:1:0:1, 5:6:0:0:6, 10:3:0:0:3, 0:0:0:0:0, 1:0:0:0:0, 0:0:0:0:0, 1:0:0:0:0, 5:2:0:0:2, 3:2:0:0:2, 5:3:0:0:3, 4:1:0:0:1, 3:0:0:0:0, 4:2:0:0:2, 3:0:0:0:0, 1:0:0:0:0, 0:0:0:0:0, 5:5:0:0:5, 6:3:1:0:3, 4:2:0:0:2, 4:0:0:0:0, 4:0:0:0:0, 2:0:0:0:0, 6:0:0:0:0, 1:0:0:0:0, 2:0:0:0:0, 1:0:0:0:0, 2:0:0:0:0, 4:0:0:0:0, 6:0:0:0:0, 4:0:0:0:0, 1:0:0:0:0, 4:1:0:0:1, 1:0:0:0:0, 0:0:0:0:0, 3:0:0:0:0, 5:4:0:0:4, 6:6:0:0:6, 1:0:0:0:0, 1:0:0:0:0, 0:0:0:0:0, 1:0:0:0:0, 5:2:0:0:2, 6:2:0:0:2, 7:4:0:0:4, 3:2:0:0:2, 6:0:0:0:0, 7:3:0:0:3, 4:0:0:0:0, 1:0:0:0:0, 0:0:0:0:0, 5:5:0:0:5, 5:3:0:0:3, 6:2:0:0:2, 5:0:0:0:0, 3:0:0:0:0, 1:0:0:0:0, 5:0:0:0:0, 0:0:0:0:0, 2:0:0:0:0, 1:0:0:0:0, 2:0:0:0:0, 5:0:0:0:0, 5:0:0:0:0, 5:0:0:0:0, 2:0:0:0:0, 4:1:0:0:1, 1:0:0:0:0, 0:0:0:0:0, 3:0:0:0:0, 7:10:0:0:10, 5:4:0:0:4, 0:0:0:0:0, 1:0:0:0:0, 1:0:0:0:0, 2:0:0:0:0, 5:3:0:0:3, 6:5:0:0:5, 7:5:0:0:5, 7:2:1:0:3, 3:0:0:0:0, 5:2:0:0:2, 3:0:0:0:0, 5:0:0:0:0, 1:0:1:0:1, 10:4:0:0:4, 7:4:0:0:4, 5:2:0:0:2, 3:0:0:0:0, 1:0:0:0:0, 1:0:0:0:0, 2:0:0:0:0, 0:0:0:0:0, 3:0:0:0:0, 1:0:0:0:0, 3:0:0:0:0, 5:0:0:0:0, 8:0:0:0:0, 7:1:0:0:1, 0:0:0:0:0, 5:1:0:0:1, 3:0:0:0:0, 0:0:0:0:0, 4:0:0:0:0, 6:6:0:0:6, 7:4:0:0:4, 0:0:0:0:0, 1:0:0:0:0, 0:0:0:0:0, 1:0:0:0:0, 0:0:0:0:0, 0:0:0:0:0, 0:0:0:0:0, 0:0:0:0:0, 0:0:0:0:0, 569:172:7:0:178
Ab dorian (4b), 4:0:0:0:3, 0:0:0:0:0, 4:0:0:0:3, 4:1:0:0:4, 3:0:0:0:3, 2:0:0:0:2, 3:0:0:0:5, 7:3:0:0:8, 4:4:0:0:6, 0:0:0:0:0, 1:0:0:0:0, 1:0:0:0:1, 3:1:0:0:3, 2:0:0:0:1, 5:1:0:0:4, 4:1:0:0:4, 6:2:0:0:7, 4:0:0:0:4, 7:1:0:0:7, 3:1:0:0:2, 3:0:0:0:3, 4:1:0:0:5, 4:0:0:0:4, 6:4:0:0:9, 4:1:0:0:7, 7:4:0:0:8, 7:2:0:0:4, 6:5:0:0:8, 1:0:0:0:0, 1:0:0:0:0, 5:3:0:0:5, 5:1:0:0:3, 5:3:0:0:7, 5:1:0:0:3, 1:0:0:0:0, 1:0:0:0:1, 4:0:0:0:1, 4:1:0:0:6, 2:0:0:0:2, 2:0:0:0:1, 3:0:0:0:4, 7:2:0:0:8, 4:5:0:0:11, 2:0:0:0:1, 2:0:0:0:1, 8:2:0:0:7, 3:0:0:0:3, 4:1:0:0:4, 10:3:0:0:8, 6:1:0:0:5, 4:5:0:0:9, 5:2:0:0:6, 7:4:0:0:13, 7:1:0:0:10, 6:1:0:0:7, 8:1:0:0:9, 6:0:0:0:6, 8:10:0:0:19, 3:0:0:0:1, 7:3:0:0:9, 7:4:1:0:8, 8:7:1:0:12, 2:0:0:0:1, 5:0:0:0:2, 6:6:0:0:9, 6:2:0:0:5, 6:5:0:0:10, 6:3:0:0:6, 0:0:0:0:0, 1:0:0:0:1, 2:0:0:0:0, 4:1:0:0:3, 2:0:0:0:1, 1:0:0:0:0, 2:0:0:0:1, 6:4:0:0:8, 5:2:0:0:6, 0:0:0:0:0, 4:0:0:0:2, 4:1:0:0:4, 2:0:0:0:1, 3:0:0:0:2, 5:1:2:0:3, 8:1:0:0:5, 6:2:0:0:9, 4:0:0:0:5, 6:2:0:0:8, 4:0:0:0:5, 3:0:0:0:4, 6:1:0:0:5, 3:0:0:0:3, 7:6:0:0:14, 1:0:0:0:2, 6:3:0:0:13, 4:2:0:0:9, 6:3:0:0:7, 2:0:0:0:2, 2:0:1:0:0, 6:4:0:0:7, 5:1:0:0:4, 5:3:0:0:7, 5:5:0:0:8, 1:0:0:0:1, 3:0:0:0:1, 3:0:0:0:0, 4:2:0:0:6, 3:0:0:0:2, 3:0:0:0:2, 2:0:0:0:3, 6:4:0:0:12, 6:2:0:0:8, 0:0:0:0:0, 3:0:0:0:2, 4:0:0:0:5, 3:0:0:0:3, 2:0:0:0:3, 6:5:0:0:11, 7:1:0:0:8, 5:3:0:0:6, 5:2:0:0:6, 5:4:0:0:8, 4:0:0:0:4, 5:0:0:0:6, 7:1:0:0:6, 4:0:0:0:4, 7:6:0:0:13, 2:0:0:0:3, 6:6:0:0:12, 4:2:0:0:4, 8:4:1:0:8, 1:0:0:0:0, 1:0:0:0:0, 5:3:0:0:9, 5:1:0:0:3, 7:5:0:0:12, 7:3:1:0:8, 1:0:0:0:1, 2:0:0:0:1, 2:0:0:0:0, 7:3:1:0:8, 2:0:0:0:3, 2:0:0:0:1, 3:0:0:0:3, 9:4:0:0:14, 6:2:0:0:7, 5:0:0:0:4, 3:3:0:0:3, 3:0:0:0:4, 2:0:0:0:1, 1:0:0:0:2, 7:1:0:0:5, 4:1:0:0:7, 4:3:0:0:6, 6:7:0:0:13, 4:1:0:0:6, 5:0:0:0:6, 3:0:0:0:3, 8:1:0:0:8, 7:1:0:0:7, 6:5:0:0:9, 1:0:0:0:2, 7:3:0:0:8, 4:2:0:0:8, 8:6:0:0:9, 1:0:0:0:0, 4:0:0:0:4, 5:3:0:0:10, 7:2:0:0:7, 5:5:0:0:11, 7:3:0:0:6, 5:3:0:0:6, 1:0:0:0:2, 1:0:0:0:3, 1:0:0:0:1, 1:0:0:0:1, 734:264:8:0:866
E dorian (4#), 4:0:0:0:0, 4:2:0:0:2, 4:0:0:0:0, 3:2:0:0:2, 4:0:0:0:0, 4:2:0:0:2, 4:0:0:0:0, 1:0:0:0:0, 0:0:0:0:0, 5:5:0:0:5, 5:1:0:0:1, 3:1:0:0:1, 3:0:0:0:0, 2:0:0:0:0, 1:0:0:0:0, 1:0:0:0:0, 1:0:0:0:0, 2:0:0:0:0, 3:0:0:0:0, 3:0:0:0:0, 4:0:0:0:0, 4:0:0:0:0, 4:0:0:0:0, 0:0:0:0:0, 5:1:0:0:1, 1:0:0:0:0, 1:0:2:0:2, 3:0:0:0:0, 5:5:0:0:5, 6:4:0:0:4, 0:0:0:0:0, 1:0:0:0:0, 0:0:0:0:0, 1:0:0:0:0, 6:3:0:0:3, 4:2:0:0:2, 8:4:0:0:4, 2:2:0:0:2, 3:0:0:0:0, 5:2:0:0:2, 3:0:0:0:0, 4:0:0:0:0, 0:0:0:0:0, 7:7:0:0:7, 4:2:0:0:2, 8:5:0:0:5, 5:0:0:0:0, 3:0:0:0:0, 5:0:0:0:0, 4:0:0:0:0, 0:0:0:0:0, 3:0:1:0:1, 4:1:0:0:1, 4:0:0:0:0, 7:2:0:0:2, 8:1:0:0:1, 6:0:0:0:0, 1:0:0:0:0, 5:1:0:0:1, 2:0:0:0:0, 2:0:0:0:0, 5:0:1:0:1, 5:6:0:0:6, 10:3:0:0:3, 0:0:0:0:0, 1:0:0:0:0, 0:0:0:0:0, 1:0:0:0:0, 5:2:0:0:2, 3:2:0:0:2, 5:3:0:0:3, 4:1:0:0:1, 3:0:0:0:0, 4:2:0:0:2, 3:0:0:0:0, 1:0:0:0:0, 0:0:0:0:0, 5:5:0:0:5, 6:3:1:0:3, 4:2:0:0:2, 4:0:0:0:0, 4:0:0:0:0, 2:0:0:0:0, 6:0:0:0:0, 1:0:0:0:0, 2:0:0:0:0, 1:0:0:0:0, 2:0:0:0:0, 4:0:0:0:0, 6:0:0:0:0, 4:0:0:0:0, 1:0:0:0:0, 4:1:0:0:1, 1:0:0:0:0, 0:0:0:0:0, 3:0:0:0:0, 5:4:0:0:4, 6:6:0:0:6, 1:0:0:0:0, 1:0:0:0:0, 0:0:0:0:0, 1:0:0:0:0, 5:2:0:0:2, 6:2:0:0:2, 7:4:0:0:4, 3:2:0:0:2, 6:0:0:0:0, 7:3:0:0:3, 4:0:0:0:0, 1:0:0:0:0, 0:0:0:0:0, 5:5:0:0:5, 5:3:0:0:3, 6:2:0:0:2, 5:0:0:0:0, 3:0:0:0:0, 1:0:0:0:0, 5:0:0:0:0, 0:0:0:0:0, 2:0:0:0:0, 1:0:0:0:0, 2:0:0:0:0, 5:0:0:0:0, 5:0:0:0:0, 5:0:0:0:0, 2:0:0:0:0, 4:1:0:0:1, 1:0:0:0:0, 0:0:0:0:0, 3:0:0:0:0, 7:10:0:0:10, 5:4:0:0:4, 0:0:0:0:0, 1:0:0:0:0, 1:0:0:0:0, 2:0:0:0:0, 5:3:0:0:3, 6:5:0:0:5, 7:5:0:0:5, 7:2:1:0:3, 3:0:0:0:0, 5:2:0:0:2, 3:0:0:0:0, 5:0:0:0:0, 1:0:1:0:1, 10:4:0:0:4, 7:4:0:0:4, 5:2:0:0:2, 3:0:0:0:0, 1:0:0:0:0, 1:0:0:0:0, 2:0:0:0:0, 0:0:0:0:0, 3:0:0:0:0, 1:0:0:0:0, 3:0:0:0:0, 5:0:0:0:0, 8:0:0:0:0, 7:1:0:0:1, 0:0:0:0:0, 5:1:0:0:1, 3:0:0:0:0, 0:0:0:0:0, 4:0:0:0:0, 6:6:0:0:6, 7:4:0:0:4, 0:0:0:0:0, 1:0:0:0:0, 0:0:0:0:0, 1:0:0:0:0, 0:0:0:0:0, 0:0:0:0:0, 0:0:0:0:0, 0:0:0:0:0, 0:0:0:0:0, 569:172:7:0:178
Ab phrygian (4b), 4:0:0:0:3, 0:0:0:0:0, 4:0:0:0:3, 4:1:0:0:4, 3:0:0:0:3, 2:0:0:0:2, 3:0:0:0:5, 7:3:0:0:8, 4:4:0:0:6, 0:0:0:0:0, 1:0:0:0:0, 1:0:0:0:1, 3:1:0:0:3, 2:0:0:0:1, 5:1:0:0:4, 4:1:0:0:4, 6:2:0:0:7, 4:0:0:0:4, 7:1:0:0:7, 3:1:0:0:2, 3:0:0:0:3, 4:1:0:0:5, 4:0:0:0:4, 6:4:0:0:9, 4:1:0:0:7, 7:4:0:0:8, 7:2:0:0:4, 6:5:0:0:8, 1:0:0:0:0, 1:0:0:0:0, 5:3:0:0:5, 5:1:0:0:3, 5:3:0:0:7, 5:1:0:0:3, 1:0:0:0:0, 1:0:0:0:1, 4:0:0:0:1, 4:1:0:0:6, 2:0:0:0:2, 2:0:0:0:1, 3:0:0:0:4, 7:2:0:0:8, 4:5:0:0:11, 2:0:0:0:1, 2:0:0:0:1, 8:2:0:0:7, 3:0:0:0:3, 4:1:0:0:4, 10:3:0:0:8, 6:1:0:0:5, 4:5:0:0:9, 5:2:0:0:6, 7:4:0:0:13, 7:1:0:0:10, 6:1:0:0:7, 8:1:0:0:9, 6:0:0:0:6, 8:10:0:0:19, 3:0:0:0:1, 7:3:0:0:9, 7:4:1:0:8, 8:7:1:0:12, 2:0:0:0:1, 5:0:0:0:2, 6:6:0:0:9, 6:2:0:0:5, 6:5:0:0:10, 6:3:0:0:6, 0:0:0:0:0, 1:0:0:0:1, 2:0:0:0:0, 4:1:0:0:3, 2:0:0:0:1, 1:0:0:0:0, 2:0:0:0:1, 6:4:0:0:8, 5:2:0:0:6, 0:0:0:0:0, 4:0:0:0:2, 4:1:0:0:4, 2:0:0:0:1, 3:0:0:0:2, 5:1:2:0:3, 8:1:0:0:5, 6:2:0:0:9, 4:0:0:0:5, 6:2:0:0:8, 4:0:0:0:5, 3:0:0:0:4, 6:1:0:0:5, 3:0:0:0:3, 7:6:0:0:14, 1:0:0:0:2, 6:3:0:0:13, 4:2:0:0:9, 6:3:0:0:7, 2:0:0:0:2, 2:0:1:0:0, 6:4:0:0:7, 5:1:0:0:4, 5:3:0:0:7, 5:5:0:0:8, 1:0:0:0:1, 3:0:0:0:1, 3:0:0:0:0, 4:2:0:0:6, 3:0:0:0:2, 3:0:0:0:2, 2:0:0:0:3, 6:4:0:0:12, 6:2:0:0:8, 0:0:0:0:0, 3:0:0:0:2, 4:0:0:0:5, 3:0:0:0:3, 2:0:0:0:3, 6:5:0:0:11, 7:1:0:0:8, 5:3:0:0:6, 5:2:0:0:6, 5:4:0:0:8, 4:0:0:0:4, 5:0:0:0:6, 7:1:0:0:6, 4:0:0:0:4, 7:6:0:0:13, 2:0:0:0:3, 6:6:0:0:12, 4:2:0:0:4, 8:4:1:0:8, 1:0:0:0:0, 1:0:0:0:0, 5:3:0:0:9, 5:1:0:0:3, 7:5:0:0:12, 7:3:1:0:8, 1:0:0:0:1, 2:0:0:0:1, 2:0:0:0:0, 7:3:1:0:8, 2:0:0:0:3, 2:0:0:0:1, 3:0:0:0:3, 9:4:0:0:14, 6:2:0:0:7, 5:0:0:0:4, 3:3:0:0:3, 3:0:0:0:4, 2:0:0:0:1, 1:0:0:0:2, 7:1:0:0:5, 4:1:0:0:7, 4:3:0:0:6, 6:7:0:0:13, 4:1:0:0:6, 5:0:0:0:6, 3:0:0:0:3, 8:1:0:0:8, 7:1:0:0:7, 6:5:0:0:9, 1:0:0:0:2, 7:3:0:0:8, 4:2:0:0:8, 8:6:0:0:9, 1:0:0:0:0, 4:0:0:0:4, 5:3:0:0:10, 7:2:0:0:7, 5:5:0:0:11, 7:3:0:0:6, 5:3:0:0:6, 1:0:0:0:2, 1:0:0:0:3, 1:0:0:0:1, 1:0:0:0:1, 734:264:8:0:866
E phrygian (4#), 4:0:0:0:0, 4:2:0:0:2, 4:0:0:0:0, 3:2:0:0:2, 4:0:0:0:0, 4:2:0:0:2, 4:0:0:0:0, 1:0:0:0:0, 0:0:0:0:0, 5:5:0:0:5, 5:1:0:0:1, 3:1:0:0:1, 3:0:0:0:0, 2:0:0:0:0, 1:0:0:0:0, 1:0:0:0:0, 1:0:0:0:0, 2:0:0:0:0, 3:0:0:0:0, 3:0:0:0:0, 4:0:0:0:0, 4:0:0:0:0, 4:0:0:0:0, 0:0:0:0:0, 5:1:0:0:1, 1:0:0:0:0, 1:0:2:0:2, 3:0:0:0:0, 5:5:0:0:5, 6:4:0:0:4, 0:0:0:0:0, 1:0:0:0:0, 0:0:0:0:0, 1:0:0:0:0, 6:3:0:0:3, 4:2:0:0:2, 8:4:0:0:4, 2:2:0:0:2, 3:0:0:0:0, 5:2:0:0:2, 3:0:0:0:0, 4:0:0:0:0, 0:0:0:0:0, 7:7:0:0:7, 4:2:0:0:2, 8:5:0:0:5, 5:0:0:0:0, 3:0:0:0:0, 5:0:0:0:0, 4:0:0:0:0, 0:0:0:0:0, 3:0:1:0:1, 4:1:0:0:1, 4:0:0:0:0, 7:2:0:0:2, 8:1:0:0:1, 6:0:0:0:0, 1:0:0:0:0, 5:1:0:0:1, 2:0:0:0:0, 2:0:0:0:0, 5:0:1:0:1, 5:6:0:0:6, 10:3:0:0:3, 0:0:0:0:0, 1:0:0:0:0, 0:0:0:0:0, 1:0:0:0:0, 5:2:0:0:2, 3:2:0:0:2, 5:3:0:0:3, 4:1:0:0:1, 3:0:0:0:0, 4:2:0:0:2, 3:0:0:0:0, 1:0:0:0:0, 0:0:0:0:0, 5:5:0:0:5, 6:3:1:0:3, 4:2:0:0:2, 4:0:0:0:0, 4:0:0:0:0, 2:0:0:0:0, 6:0:0:0:0, 1:0:0:0:0, 2:0:0:0:0, 1:0:0:0:0, 2:0:0:0:0, 4:0:0:0:0, 6:0:0:0:0, 4:0:0:0:0, 1:0:0:0:0, 4:1:0:0:1, 1:0:0:0:0, 0:0:0:0:0, 3:0:0:0:0, 5:4:0:0:4, 6:6:0:0:6, 1:0:0:0:0, 1:0:0:0:0, 0:0:0:0:0, 1:0:0:0:0, 5:2:0:0:2, 6:2:0:0:2, 7:4:0:0:4, 3:2:0:0:2, 6:0:0:0:0, 7:3:0:0:3, 4:0:0:0:0, 1:0:0:0:0, 0:0:0:0:0, 5:5:0:0:5, 5:3:0:0:3, 6:2:0:0:2, 5:0:0:0:0, 3:0:0:0:0, 1:0:0:0:0, 5:0:0:0:0, 0:0:0:0:0, 2:0:0:0:0, 1:0:0:0:0, 2:0:0:0:0, 5:0:0:0:0, 5:0:0:0:0, 5:0:0:0:0, 2:0:0:0:0, 4:1:0:0:1, 1:0:0:0:0, 0:0:0:0:0, 3:0:0:0:0, 7:10:0:0:10, 5:4:0:0:4, 0:0:0:0:0, 1:0:0:0:0, 1:0:0:0:0, 2:0:0:0:0, 5:3:0:0:3, 6:5:0:0:5, 7:5:0:0:5, 7:2:1:0:3, 3:0:0:0:0, 5:2:0:0:2, 3:0:0:0:0, 5:0:0:0:0, 1:0:1:0:1, 10:4:0:0:4, 7:4:0:0:4, 5:2:0:0:2, 3:0:0:0:0, 1:0:0:0:0, 1:0:0:0:0, 2:0:0:0:0, 0:0:0:0:0, 3:0:0:0:0, 1:0:0:0:0, 3:0:0:0:0, 5:0:0:0:0, 8:0:0:0:0, 7:1:0:0:1, 0:0:0:0:0, 5:1:0:0:1, 3:0:0:0:0, 0:0:0:0:0, 4:0:0:0:0, 6:6:0:0:6, 7:4:0:0:4, 0:0:0:0:0, 1:0:0:0:0, 0:0:0:0:0, 1:0:0:0:0, 0:0:0:0:0, 0:0:0:0:0, 0:0:0:0:0, 0:0:0:0:0, 0:0:0:0:0, 569:172:7:0:178
Ab lydian (4b), 4:0:0:0:3, 0:0:0:0:0, 4:0:0:0:3, 4:1:0:0:4, 3:0:0:0:3, 2:0:0:0:2, 3:0:0:0:5, 7:3:0:0:8, 4:4:0:0:6, 0:0:0:0:0, 1:0:0:0:0, 1:0:0:0:1, 3:1:0:0:3, 2:0:0:0:1, 5:1:0:0:4, 4:1:0:0:4, 6:2:0:0:7, 4:0:0:0:4, 7:1:0:0:7, 3:1:0:0:2, 3:0:0:0:3, 4:1:0:0:5, 4:0:0:0:4, 6:4:0:0:9, 4:1:0:0:7, 7:4:0:0:8, 7:2:0:0:4, 6:5:0:0:8, 1:0:0:0:0, 1:0:0:0:0, 5:3:0:0:5, 5:1:0:0:3, 5:3:0:0:7, 5:1:0:0:3, 1:0:0:0:0, 1:0:0:0:1, 4:0:0:0:1, 4:1:0:0:6, 2:0:0:0:2, 2:0:0:0:1, 3:0:0:0:4, 7:2:0:0:8, 4:5:0:0:11, 2:0:0:0:1, 2:0:0:0:1, 8:2:0:0:7, 3:0:0:0:3, 4:1:0:0:4, 10:3:0:0:8, 6:1:0:0:5, 4:5:0:0:9, 5:2:0:0:6, 7:4:0:0:13, 7:1:0:0:10, 6:1:0:0:7, 8:1:0:0:9, 6:0:0:0:6, 8:10:0:0:19, 3:0:0:0:1, 7:3:0:0:9, 7:4:1:0:8, 8:7:1:0:12, 2:0:0:0:1, 5:0:0:0:2, 6:6:0:0:9, 6:2:0:0:5, 6:5:0:0:10, 6:3:0:0:6, 0:0:0:0:0, 1:0:0:0:1, 2:0:0:0:0, 4:1:0:0:3, 2:0:0:0:1, 1:0:0:0:0, 2:0:0:0:1, 6:4:0:0:8, 5:2:0:0:6, 0:0:0:0:0, 4:0:0:0:2, 4:1:0:0:4, 2:0:0:0:1, 3:0:0:0:2, 5:1:2:0:3, 8:1:0:0:5, 6:2:0:0:9, 4:0:0:0:5, 6:2:0:0:8, 4:0:0:0:5, 3:0:0:0:4, 6:1:0:0:5, 3:0:0:0:3, 7:6:0:0:14, 1:0:0:0:2, 6:3:0:0:13, 4:2:0:0:9, 6:3:0:0:7, 2:0:0:0:2, 2:0:1:0:0, 6:4:0:0:7, 5:1:0:0:4, 5:3:0:0:7, 5:5:0:0:8, 1:0:0:0:1, 3:0:0:0:1, 3:0:0:0:0, 4:2:0:0:6, 3:0:0:0:2, 3:0:0:0:2, 2:0:0:0:3, 6:4:0:0:12, 6:2:0:0:8, 0:0:0:0:0, 3:0:0:0:2, 4:0:0:0:5, 3:0:0:0:3, 2:0:0:0:3, 6:5:0:0:11, 7:1:0:0:8, 5:3:0:0:6, 5:2:0:0:6, 5:4:0:0:8, 4:0:0:0:4, 5:0:0:0:6, 7:1:0:0:6, 4:0:0:0:4, 7:6:0:0:13, 2:0:0:0:3, 6:6:0:0:12, 4:2:0:0:4, 8:4:1:0:8, 1:0:0:0:0, 1:0:0:0:0, 5:3:0:0:9, 5:1:0:0:3, 7:5:0:0:12, 7:3:1:0:8, 1:0:0:0:1, 2:0:0:0:1, 2:0:0:0:0, 7:3:1:0:8, 2:0:0:0:3, 2:0:0:0:1, 3:0:0:0:3, 9:4:0:0:14, 6:2:0:0:7, 5:0:0:0:4, 3:3:0:0:3, 3:0:0:0:4, 2:0:0:0:1, 1:0:0:0:2, 7:1:0:0:5, 4:1:0:0:7, 4:3:0:0:6, 6:7:0:0:13, 4:1:0:0:6, 5:0:0:0:6, 3:0:0:0:3, 8:1:0:0:8, 7:1:0:0:7, 6:5:0:0:9, 1:0:0:0:2, 7:3:0:0:8, 4:2:0:0:8, 8:6:0:0:9, 1:0:0:0:0, 4:0:0:0:4, 5:3:0:0:10, 7:2:0:0:7, 5:5:0:0:11, 7:3:0:0:6, 5:3:0:0:6, 1:0:0:0:2, 1:0:0:0:3, 1:0:0:0:1, 1:0:0:0:1, 734:264:8:0:866
E lydian (4#), 4:0:0:0:0, 4:2:0:0:2, 4:0:0:0:0, 3:2:0:0:2, 4:0:0:0:0, 4:2:0:0:2, 4:0:0:0:0, 1:0:0:0:0, 0:0:0:0:0, 5:5:0:0:5, 5:1:0:0:1, 3:1:0:0:1, 3:0:0:0:0, 2:0:0:0:0, 1:0:0:0:0, 1:0:0:0:0, 1:0:0:0:0, 2:0:0:0:0, 3:0:0:0:0, 3:0:0:0:0, 4:0:0:0:0, 4:0:0:0:0, 4:0:0:0:0, 0:0:0:0:0, 5:1:0:0:1, 1:0:0:0:0, 1:0:2:0:2, 3:0:0:0:0, 5:5:0:0:5, 6:4:0:0:4, 0:0:0:0:0, 1:0:0:0:0, 0:0:0:0:0, 1:0:0:0:0, 6:3:0:0:3, 4:2:0:0:2, 8:4:0:0:4, 2:2:0:0:2, 3:0:0:0:0, 5:2:0:0:2, 3:0:0:0:0, 4:0:0:0:0, 0:0:0:0:0, 7:7:0:0:7, 4:2:0:0:2, 8:5:0:0:5, 5:0:0:0:0, 3:0:0:0:0, 5:0:0:0:0, 4:0:0:0:0, 0:0:0:0:0, 3:0:1:0:1, 4:1:0:0:1, 4:0:0:0:0, 7:2:0:0:2, 8:1:0:0:1, 6:0:0:0:0, 1:0:0:0:0, 5:1:0:0:1, 2:0:0:0:0, 2:0:0:0:0, 5:0:1:0:1, 5:6:0:0:6, 10:3:0:0:3, 0:0:0:0:0, 1:0:0:0:0, 0:0:0:0:0, 1:0:0:0:0, 5:2:0:0:2, 3:2:0:0:2, 5:3:0:0:3, 4:1:0:0:1, 3:0:0:0:0, 4:2:0:0:2, 3:0:0:0:0, 1:0:0:0:0, 0:0:0:0:0, 5:5:0:0:5, 6:3:1:0:3, 4:2:0:0:2, 4:0:0:0:0, 4:0:0:0:0, 2:0:0:0:0, 6:0:0:0:0, 1:0:0:0:0, 2:0:0:0:0, 1:0:0:0:0, 2:0:0:0:0, 4:0:0:0:0, 6:0:0:0:0, 4:0:0:0:0, 1:0:0:0:0, 4:1:0:0:1, 1:0:0:0:0, 0:0:0:0:0, 3:0:0:0:0, 5:4:0:0:4, 6:6:0:0:6, 1:0:0:0:0, 1:0:0:0:0, 0:0:0:0:0, 1:0:0:0:0, 5:2:0:0:2, 6:2:0:0:2, 7:4:0:0:4, 3:2:0:0:2, 6:0:0:0:0, 7:3:0:0:3, 4:0:0:0:0, 1:0:0:0:0, 0:0:0:0:0, 5:5:0:0:5, 5:3:0:0:3, 6:2:0:0:2, 5:0:0:0:0, 3:0:0:0:0, 1:0:0:0:0, 5:0:0:0:0, 0:0:0:0:0, 2:0:0:0:0, 1:0:0:0:0, 2:0:0:0:0, 5:0:0:0:0, 5:0:0:0:0, 5:0:0:0:0, 2:0:0:0:0, 4:1:0:0:1, 1:0:0:0:0, 0:0:0:0:0, 3:0:0:0:0, 7:10:0:0:10, 5:4:0:0:4, 0:0:0:0:0, 1:0:0:0:0, 1:0:0:0:0, 2:0:0:0:0, 5:3:0:0:3, 6:5:0:0:5, 7:5:0:0:5, 7:2:1:0:3, 3:0:0:0:0, 5:2:0:0:2, 3:0:0:0:0, 5:0:0:0:0, 1:0:1:0:1, 10:4:0:0:4, 7:4:0:0:4, 5:2:0:0:2, 3:0:0:0:0, 1:0:0:0:0, 1:0:0:0:0, 2:0:0:0:0, 0:0:0:0:0, 3:0:0:0:0, 1:0:0:0:0, 3:0:0:0:0, 5:0:0:0:0, 8:0:0:0:0, 7:1:0:0:1, 0:0:0:0:0, 5:1:0:0:1, 3:0:0:0:0, 0:0:0:0:0, 4:0:0:0:0, 6:6:0:0:6, 7:4:0:0:4, 0:0:0:0:0, 1:0:0:0:0, 0:0:0:0:0, 1:0:0:0:0, 0:0:0:0:0, 0:0:0:0:0, 0:0:0:0:0, 0:0:0:0:0, 0:0:0:0:0, 569:172:7:0:178
Ab mixolydian (4b), 4:0:0:0:3, 0:0:0:0:0, 4:0:0:0:3, 4:1:0:0:4, 3:0:0:0:3, 2:0:0:0:2, 3:0:0:0:5, 7:3:0:0:8, 4:4:0:0:6, 0:0:0:0:0, 1:0:0:0:0, 1:0:0:0:1, 3:1:0:0:3, 2:0:0:0:1, 5:1:0:0:4, 4:1:0:0:4, 6:2:0:0:7, 4:0:0:0:4, 7:1:0:0:7, 3:1:0:0:2, 3:0:0:0:3, 4:1:0:0:5, 4:0:0:0:4, 6:4:0:0:9, 4:1:0:0:7, 7:4:0:0:8, 7:2:0:0:4, 6:5:0:0:8, 1:0:0:0:0, 1:0:0:0:0, 5:3:0:0:5, 5:1:0:0:3, 5:3:0:0:7, 5:1:0:0:3, 1:0:0:0:0, 1:0:0:0:1, 4:0:0:0:1, 4:1:0:0:6, 2:0:0:0:2, 2:0:0:0:1, 3:0:0:0:4, 7:2:0:0:8, 4:5:0:0:11, 2:0:0:0:1, 2:0:0:0:1, 8:2:0:0:7, 3:0:0:0:3, 4:1:0:0:4, 10:3:0:0:8, 6:1:0:0:5, 4:5:0:0:9, 5:2:0:0:6, 7:4:0:0:13, 7:1:0:0:10, 6:1:0:0:7, 8:1:0:0:9, 6:0:0:0:6, 8:10:0:0:19, 3:0:0:0:1, 7:3:0:0:9, 7:4:1:0:8, 8:7:1:0:12, 2:0:0:0:1, 5:0:0:0:2, 6:6:0:0:9, 6:2:0:0:5, 6:5:0:0:10, 6:3:0:0:6, 0:0:0:0:0, 1:0:0:0:1, 2:0:0:0:0, 4:1:0:0:3, 2:0:0:0:1, 1:0:0:0:0, 2:0:0:0:1, 6:4:0:0:8, 5:2:0:0:6, 0:0:0:0:0, 4:0:0:0:2, 4:1:0:0:4, 2:0:0:0:1, 3:0:0:0:2, 5:1:2:0:3, 8:1:0:0:5, 6:2:0:0:9, 4:0:0:0:5, 6:2:0:0:8, 4:0:0:0:5, 3:0:0:0:4, 6:1:0:0:5, 3:0:0:0:3, 7:6:0:0:14, 1:0:0:0:2, 6:3:0:0:13, 4:2:0:0:9, 6:3:0:0:7, 2:0:0:0:2, 2:0:1:0:0, 6:4:0:0:7, 5:1:0:0:4, 5:3:0:0:7, 5:5:0:0:8, 1:0:0:0:1, 3:0:0:0:1, 3:0:0:0:0, 4:2:0:0:6, 3:0:0:0:2, 3:0:0:0:2, 2:0:0:0:3, 6:4:0:0:12, 6:2:0:0:8, 0:0:0:0:0, 3:0:0:0:2, 4:0:0:0:5, 3:0:0:0:3, 2:0:0:0:3, 6:5:0:0:11, 7:1:0:0:8, 5:3:0:0:6, 5:2:0:0:6, 5:4:0:0:8, 4:0:0:0:4, 5:0:0:0:6, 7:1:0:0:6, 4:0:0:0:4, 7:6:0:0:13, 2:0:0:0:3, 6:6:0:0:12, 4:2:0:0:4, 8:4:1:0:8, 1:0:0:0:0, 1:0:0:0:0, 5:3:0:0:9, 5:1:0:0:3, 7:5:0:0:12, 7:3:1:0:8, 1:0:0:0:1, 2:0:0:0:1, 2:0:0:0:0, 7:3:1:0:8, 2:0:0:0:3, 2:0:0:0:1, 3:0:0:0:3, 9:4:0:0:14, 6:2:0:0:7, 5:0:0:0:4, 3:3:0:0:3, 3:0:0:0:4, 2:0:0:0:1, 1:0:0:0:2, 7:1:0:0:5, 4:1:0:0:7, 4:3:0:0:6, 6:7:0:0:13, 4:1:0:0:6, 5:0:0:0:6, 3:0:0:0:3, 8:1:0:0:8, 7:1:0:0:7, 6:5:0:0:9, 1:0:0:0:2, 7:3:0:0:8, 4:2:0:0:8, 8:6:0:0:9, 1:0:0:0:0, 4:0:0:0:4, 5:3:0:0:10, 7:2:0:0:7, 5:5:0:0:11, 7:3:0:0:6, 5:3:0:0:6, 1:0:0:0:2, 1:0:0:0:3, 1:0:0:0:1, 1:0:0:0:1, 734:264:8:0:866
E mixolydian (4#), 4:0:0:0:0, 4:2:0:0:2, 4:0:0:0:0, 3:2:0:0:2, 4:0:0:0:0, 4:2:0:0:2, 4:0:0:0:0, 1:0:0:0:0, 0:0:0:0:0, 5:5:0:0:5, 5:1:0:0:1, 3:1:0:0:1, 3:0:0:0:0, 2:0:0:0:0, 1:0:0:0:0, 1:0:0:0:0, 1:0:0:0:0, 2:0:0:0:0, 3:0:0:0:0, 3:0:0:0:0, 4:0:0:0:0, 4:0:0:0:0, 4:0:0:0:0, 0:0:0:0:0, 5:1:0:0:1, 1:0:0:0:0, 1:0:2:0:2, 3:0:0:0:0, 5:5:0:0:5, 6:4:0:0:4, 0:0:0:0:0, 1:0:0:0:0, 0:0:0:0:0, 1:0:0:0:0, 6:3:0:0:3, 4:2:0:0:2, 8:4:0:0:4, 2:2:0:0:2, 3:0:0:0:0, 5:2:0:0:2, 3:0:0:0:0, 4:0:0:0:0, 0:0:0:0:0, 7:7:0:0:7, 4:2:0:0:2, 8:5:0:0:5, 5:0:0:0:0, 3:0:0:0:0, 5:0:0:0:0, 4:0:0:0:0, 0:0:0:0:0, 3:0:1:0:1, 4:1:0:0:1, 4:0:0:0:0, 7:2:0:0:2, 8:1:0:0:1, 6:0:0:0:0, 1:0:0:0:0, 5:1:0:0:1, 2:0:0:0:0, 2:0:0:0:0, 5:0:1:0:1, 5:6:0:0:6, 10:3:0:0:3, 0:0:0:0:0, 1:0:0:0:0, 0:0:0:0:0, 1:0:0:0:0, 5:2:0:0:2, 3:2:0:0:2, 5:3:0:0:3, 4:1:0:0:1, 3:0:0:0:0, 4:2:0:0:2, 3:0:0:0:0, 1:0:0:0:0, 0:0:0:0:0, 5:5:0:0:5, 6:3:1:0:3, 4:2:0:0:2, 4:0:0:0:0, 4:0:0:0:0, 2:0:0:0:0, 6:0:0:0:0, 1:0:0:0:0, 2:0:0:0:0, 1:0:0:0:0, 2:0:0:0:0, 4:0:0:0:0, 6:0:0:0:0, 4:0:0:0:0, 1:0:0:0:0, 4:1:0:0:1, 1:0:0:0:0, 0:0:0:0:0, 3:0:0:0:0, 5:4:0:0:4, 6:6:0:0:6, 1:0:0:0:0, 1:0:0:0:0, 0:0:0:0:0, 1:0:0:0:0, 5:2:0:0:2, 6:2:0:0:2, 7:4:0:0:4, 3:2:0:0:2, 6:0:0:0:0, 7:3:0:0:3, 4:0:0:0:0, 1:0:0:0:0, 0:0:0:0:0, 5:5:0:0:5, 5:3:0:0:3, 6:2:0:0:2, 5:0:0:0:0, 3:0:0:0:0, 1:0:0:0:0, 5:0:0:0:0, 0:0:0:0:0, 2:0:0:0:0, 1:0:0:0:0, 2:0:0:0:0, 5:0:0:0:0, 5:0:0:0:0, 5:0:0:0:0, 2:0:0:0:0, 4:1:0:0:1, 1:0:0:0:0, 0:0:0:0:0, 3:0:0:0:0, 7:10:0:0:10, 5:4:0:0:4, 0:0:0:0:0, 1:0:0:0:0, 1:0:0:0:0, 2:0:0:0:0, 5:3:0:0:3, 6:5:0:0:5, 7:5:0:0:5, 7:2:1:0:3, 3:0:0:0:0, 5:2:0:0:2, 3:0:0:0:0, 5:0:0:0:0, 1:0:1:0:1, 10:4:0:0:4, 7:4:0:0:4, 5:2:0:0:2, 3:0:0:0:0, 1:0:0:0:0, 1:0:0:0:0, 2:0:0:0:0, 0:0:0:0:0, 3:0:0:0:0, 1:0:0:0:0, 3:0:0:0:0, 5:0:0:0:0, 8:0:0:0:0, 7:1:0:0:1, 0:0:0:0:0, 5:1:0:0:1, 3:0:0:0:0, 0:0:0:0:0, 4:0:0:0:0, 6:6:0:0:6, 7:4:0:0:4, 0:0:0:0:0, 1:0:0:0:0, 0:0:0:0:0, 1:0:0:0:0, 0:0:0:0:0, 0:0:0:0:0, 0:0:0:0:0, 0:0:0:0:0, 0:0:0:0:0, 569:172:7:0:178
Ab aeolian (4b), 4:0:0:0:3, 0:0:0:0:0, 4:0:0:0:3, 4:1:0:0:4, 3:0:0:0:3, 2:0:0:0:2, 3:0:0:0:5, 7:3:0:0:8, 4:4:0:0:6, 0:0:0:0:0, 1:0:0:0:0, 1:0:0:0:1, 3:1:0:0:3, 2:0:0:0:1, 5:1:0:0:4, 4:1:0:0:4, 6:2:0:0:7, 4:0:0:0:4, 7:1:0:0:7, 3:1:0:0:2, 3:0:0:0:3, 4:1:0:0:5, 4:0:0:0:4, 6:4:0:0:9, 4:1:0:0:7, 7:4:0:0:8, 7:2:0:0:4, 6:5:0:0:8, 1:0:0:0:0, 1:0:0:0:0, 5:3:0:0:5, 5:1:0:0:3, 5:3:0:0:7, 5:1:0:0:3, 1:0:0:0:0, 1:0:0:0:1, 4:0:0:0:1, 4:1:0:0:6, 2:0:0:0:2, 2:0:0:0:1, 3:0:0:0:4, 7:2:0:0:8, 4:5:0:0:11, 2:0:0:0:1, 2:0:0:0:1, 8:2:0:0:7, 3:0:0:0:3, 4:1:0:0:4, 10:3:0:0:8, 6:1:0:0:5, 4:5:0:0:9, 5:2:0:0:6, 7:4:0:0:13, 7:1:0:0:10, 6:1:0:0:7, 8:1:0:0:9, 6:0:0:0:6, 8:10:0:0:19, 3:0:0:0:1, 7:3:0:0:9, 7:4:1:0:8, 8:7:1:0:12, 2:0:0:0:1, 5:0:0:0:2, 6:6:0:0:9, 6:2:0:0:5, 6:5:0:0:10, 6:3:0:0:6, 0:0:0:0:0, 1:0:0:0:1, 2:0:0:0:0, 4:1:0:0:3, 2:0:0:0:1, 1:0:0:0:0, 2:0:0:0:1, 6:4:0:0:8, 5:2:0:0:6, 0:0:0:0:0, 4:0:0:0:2, 4:1:0:0:4, 2:0:0:0:1, 3:0:0:0:2, 5:1:2:0:3, 8:1:0:0:5, 6:2:0:0:9, 4:0:0:0:5, 6:2:0:0:8, 4:0:0:0:5, 3:0:0:0:4, 6:1:0:0:5, 3:0:0:0:3, 7:6:0:0:14, 1:0:0:0:2, 6:3:0:0:13, 4:2:0:0:9, 6:3:0:0:7, 2:0:0:0:2, 2:0:1:0:0, 6:4:0:0:7, 5:1:0:0:4, 5:3:0:0:7, 5:5:0:0:8, 1:0:0:0:1, 3:0:0:0:1, 3:0:0:0:0, 4:2:0:0:6, 3:0:0:0:2, 3:0:0:0:2, 2:0:0:0:3, 6:4:0:0:12, 6:2:0:0:8, 0:0:0:0:0, 3:0:0:0:2, 4:0:0:0:5, 3:0:0:0:3, 2:0:0:0:3, 6:5:0:0:11, 7:1:0:0:8, 5:3:0:0:6, 5:2:0:0:6, 5:4:0:0:8, 4:0:0:0:4, 5:0:0:0:6, 7:1:0:0:6, 4:0:0:0:4, 7:6:0:0:13, 2:0:0:0:3, 6:6:0:0:12, 4:2:0:0:4, 8:4:1:0:8, 1:0:0:0:0, 1:0:0:0:0, 5:3:0:0:9, 5:1:0:0:3, 7:5:0:0:12, 7:3:1:0:8, 1:0:0:0:1, 2:0:0:0:1, 2:0:0:0:0, 7:3:1:0:8, 2:0:0:0:3, 2:0:0:0:1, 3:0:0:0:3, 9:4:0:0:14, 6:2:0:0:7, 5:0:0:0:4, 3:3:0:0:3, 3:0:0:0:4, 2:0:0:0:1, 1:0:0:0:2, 7:1:0:0:5, 4:1:0:0:7, 4:3:0:0:6, 6:7:0:0:13, 4:1:0:0:6, 5:0:0:0:6, 3:0:0:0:3, 8:1:0:0:8, 7:1:0:0:7, 6:5:0:0:9, 1:0:0:0:2, 7:3:0:0:8, 4:2:0:0:8, 8:6:0:0:9, 1:0:0:0:0, 4:0:0:0:4, 5:3:0:0:10, 7:2:0:0:7, 5:5:0:0:11, 7:3:0:0:6, 5:3:0:0:6, 1:0:0:0:2, 1:0:0:0:3, 1:0:0:0:1, 1:0:0:0:1, 734:264:8:0:866
E aeolian (4#), 4:0:0:0:0, 4:2:0:0:2, 4:0:0:0:0, 3:2:0:0:2, 4:0:0:0:0, 4:2:0:0:2, 4:0:0:0:0, 1:0:0:0:0, 0:0:0:0:0, 5:5:0:0:5, 5:1:0:0:1, 3:1:0:0:1, 3:0:0:0:0, 2:0:0:0:0, 1:0:0:0:0, 1:0:0:0:0, 1:0:0:0:0, 2:0:0:0:0, 3:0:0:0:0, 3:0:0:0:0, 4:0:0:0:0, 4:0:0:0:0, 4:0:0:0:0, 0:0:0:0:0, 5:1:0:0:1, 1:0:0:0:0, 1:0:2:0:2, 3:0:0:0:0, 5:5:0:0:5, 6:4:0:0:4, 0:0:0:0:0, 1:0:0:0:0, 0:0:0:0:0, 1:0:0:0:0, 6:3:0:0:3, 4:2:0:0:2, 8:4:0:0:4, 2:2:0:0:2, 3:0:0:0:0, 5:2:0:0:2, 3:0:0:0:0, 4:0:0:0:0, 0:0:0:0:0, 7:7:0:0:7, 4:2:0:0:2, 8:5:0:0:5, 5:0:0:0:0, 3:0:0:0:0, 5:0:0:0:0, 4:0:0:0:0, 0:0:0:0:0, 3:0:1:0:1, 4:1:0:0:1, 4:0:0:0:0, 7:2:0:0:2, 8:1:0:0:1, 6:0:0:0:0, 1:0:0:0:0, 5:1:0:0:1, 2:0:0:0:0, 2:0:0:0:0, 5:0:1:0:1, 5:6:0:0:6, 10:3:0:0:3, 0:0:0:0:0, 1:0:0:0:0, 0:0:0:0:0, 1:0:0:0:0, 5:2:0:0:2, 3:2:0:0:2, 5:3:0:0:3, 4:1:0:0:1, 3:0:0:0:0, 4:2:0:0:2, 3:0:0:0:0, 1:0:0:0:0, 0:0:0:0:0, 5:5:0:0:5, 6:3:1:0:3, 4:2:0:0:2, 4:0:0:0:0, 4:0:0:0:0, 2:0:0:0:0, 6:0:0:0:0, 1:0:0:0:0, 2:0:0:0:0, 1:0:0:0:0, 2:0:0:0:0, 4:0:0:0:0, 6:0:0:0:0, 4:0:0:0:0, 1:0:0:0:0, 4:1:0:0:1, 1:0:0:0:0, 0:0:0:0:0, 3:0:0:0:0, 5:4:0:0:4, 6:6:0:0:6, 1:0:0:0:0, 1:0:0:0:0, 0:0:0:0:0, 1:0:0:0:0, 5:2:0:0:2, 6:2:0:0:2, 7:4:0:0:4, 3:2:0:0:2, 6:0:0:0:0, 7:3:0:0:3, 4:0:0:0:0, 1:0:0:0:0, 0:0:0:0:0, 5:5:0:0:5, 5:3:0:0:3, 6:2:0:0:2, 5:0:0:0:0, 3:0:0:0:0, 1:0:0:0:0, 5:0:0:0:0, 0:0:0:0:0, 2:0:0:0:0, 1:0:0:0:0, 2:0:0:0:0, 5:0:0:0:0, 5:0:0:0:0, 5:0:0:0:0, 2:0:0:0:0, 4:1:0:0:1, 1:0:0:0:0, 0:0:0:0:0, 3:0:0:0:0, 7:10:0:0:10, 5:4:0:0:4, 0:0:0:0:0, 1:0:0:0:0, 1:0:0:0:0, 2:0:0:0:0, 5:3:0:0:3, 6:5:0:0:5, 7:5:0:0:5, 7:2:1:0:3, 3:0:0:0:0, 5:2:0:0:2, 3:0:0:0:0, 5:0:0:0:0, 1:0:1:0:1, 10:4:0:0:4, 7:4:0:0:4, 5:2:0:0:2, 3:0:0:0:0, 1:0:0:0:0, 1:0:0:0:0, 2:0:0:0:0, 0:0:0:0:0, 3:0:0:0:0, 1:0:0:0:0, 3:0:0:0:0, 5:0:0:0:0, 8:0:0:0:0, 7:1:0:0:1, 0:0:0:0:0, 5:1:0:0:1, 3:0:0:0:0, 0:0:0:0:0, 4:0:0:0:0, 6:6:0:0:6, 7:4:0:0:4, 0:0:0:0:0, 1:0:0:0:0, 0:0:0:0:0, 1:0:0:0:0, 0:0:0:0:0, 0:0:0:0:0, 0:0:0:0:0, 0:0:0:0:0, 0:0:0:0:0, 569:172:7:0:178
Ab locrian (4b), 4:0:0:0:3, 0:0:0:0:0, 4:0:0:0:3, 4:1:0:0:4, 3:0:0:0:3, 2:0:0:0:2, 3:0:0:0:5, 7:3:0:0:8, 4:4:0:0:6, 0:0:0:0:0, 1:0:0:0:0, 1:0:0:0:1, 3:1:0:0:3, 2:0:0:0:1, 5:1:0:0:4, 4:1:0:0:4, 6:2:0:0:7, 4:0:0:0:4, 7:1:0:0:7, 3:1:0:0:2, 3:0:0:0:3, 4:1:0:0:5, 4:0:0:0:4, 6:4:0:0:9, 4:1:0:0:7, 7:4:0:0:8, 7:2:0:0:4, 6:5:0:0:8, 1:0:0:0:0, 1:0:0:0:0, 5:3:0:0:5, 5:1:0:0:3, 5:3:0:0:7, 5:1:0:0:3, 1:0:0:0:0, 1:0:0:0:1, 4:0:0:0:1, 4:1:0:0:6, 2:0:0:0:2, 2:0:0:0:1, 3:0:0:0:4, 7:2:0:0:8, 4:5:0:0:11, 2:0:0:0:1, 2:0:0:0:1, 8:2:0:0:7, 3:0:0:0:3, 4:1:0:0:4, 10:3:0:0:8, 6:1:0:0:5, 4:5:0:0:9, 5:2:0:0:6, 7:4:0:0:13, 7:1:0:0:10, 6:1:0:0:7, 8:1:0:0:9, 6:0:0:0:6, 8:10:0:0:19, 3:0:0:0:1, 7:3:0:0:9, 7:4:1:0:8, 8:7:1:0:12, 2:0:0:0:1, 5:0:0:0:2, 6:6:0:0:9, 6:2:0:0:5, 6:5:0:0:10, 6:3:0:0:6, 0:0:0:0:0, 1:0:0:0:1, 2:0:0:0:0, 4:1:0:0:3, 2:0:0:0:1, 1:0:0:0:0, 2:0:0:0:1, 6:4:0:0:8, 5:2:0:0:6, 0:0:0:0:0, 4:0:0:0:2, 4:1:0:0:4, 2:0:0:0:1, 3:0:0:0:2, 5:1:2:0:3, 8:1:0:0:5, 6:2:0:0:9, 4:0:0:0:5, 6:2:0:0:8, 4:0:0:0:5, 3:0:0:0:4, 6:1:0:0:5, 3:0:0:0:3, 7:6:0:0:14, 1:0:0:0:2, 6:3:0:0:13, 4:2:0:0:9, 6:3:0:0:7, 2:0:0:0:2, 2:0:1:0:0, 6:4:0:0:7, 5:1:0:0:4, 5:3:0:0:7, 5:5:0:0:8, 1:0:0:0:1, 3:0:0:0:1, 3:0:0:0:0, 4:2:0:0:6, 3:0:0:0:2, 3:0:0:0:2, 2:0:0:0:3, 6:4:0:0:12, 6:2:0:0:8, 0:0:0:0:0, 3:0:0:0:2, 4:0:0:0:5, 3:0:0:0:3, 2:0:0:0:3, 6:5:0:0:11, 7:1:0:0:8, 5:3:0:0:6, 5:2:0:0:6, 5:4:0:0:8, 4:0:0:0:4, 5:0:0:0:6, 7:1:0:0:6, 4:0:0:0:4, 7:6:0:0:13, 2:0:0:0:3, 6:6:0:0:12, 4:2:0:0:4, 8:4:1:0:8, 1:0:0:0:0, 1:0:0:0:0, 5:3:0:0:9, 5:1:0:0:3, 7:5:0:0:12, 7:3:1:0:8, 1:0:0:0:1, 2:0:0:0:1, 2:0:0:0:0, 7:3:1:0:8, 2:0:0:0:3, 2:0:0:0:1, 3:0:0:0:3, 9:4:0:0:14, 6:2:0:0:7, 5:0:0:0:4, 3:3:0:0:3, 3:0:0:0:4, 2:0:0:0:1, 1:0:0:0:2, 7:1:0:0:5, 4:1:0:0:7, 4:3:0:0:6, 6:7:0:0:13, 4:1:0:0:6, 5:0:0:0:6, 3:0:0:0:3, 8:1:0:0:8, 7:1:0:0:7, 6:5:0:0:9, 1:0:0:0:2, 7:3:0:0:8, 4:2:0:0:8, 8:6:0:0:9, 1:0:0:0:0, 4:0:0:0:4, 5:3:0:0:10, 7:2:0:0:7, 5:5:0:0:11, 7:3:0:0:6, 5:3:0:0:6, 1:0:0:0:2, 1:0:0:0:3, 1:0:0:0:1, 1:0:0:0:1, 734:264:8:0:866
E locrian (4#), 4:0:0:0:0, 4:2:0:0:2, 4:0:0:0:0, 3:2:0:0:2, 4:0:0:0:0, 4:2:0:0:2, 4:0:0:0:0, 1:0:0:0:0, 0:0:0:0:0, 5:5:0:0:5, 5:1:0:0:1, 3:1:0:0:1, 3:0:0:0:0, 2:0:0:0:0, 1:0:0:0:0, 1:0:0:0:0, 1:0:0:0:0, 2:0:0:0:0, 3:0:0:0:0, 3:0:0:0:0, 4:0:0:0:0, 4:0:0:0:0, 4:0:0:0:0, 0:0:0:0:0, 5:1:0:0:1, 1:0:0:0:0, 1:0:2:0:2, 3:0:0:0:0, 5:5:0:0:5, 6:4:0:0:4, 0:0:0:0:0, 1:0:0:0:0, 0:0:0:0:0, 1:0:0:0:0, 6:3:0:0:3, 4:2:0:0:2, 8:4:0:0:4, 2:2:0:0:2, 3:0:0:0:0, 5:2:0:0:2, 3:0:0:0:0, 4:0:0:0:0, 0:0:0:0:0, 7:7:0:0:7, 4:2:0:0:2, 8:5:0:0:5, 5:0:0:0:0, 3:0:0:0:0, 5:0:0:0:0, 4:0:0:0:0, 0:0:0:0:0, 3:0:1:0:1, 4:1:0:0:1, 4:0:0:0:0, 7:2:0:0:2, 8:1:0:0:1, 6:0:0:0:0, 1:0:0:0:0, 5:1:0:0:1, 2:0:0:0:0, 2:0:0:0:0, 5:0:1:0:1, 5:6:0:0:6, 10:3:0:0:3, 0:0:0:0:0, 1:0:0:0:0, 0:0:0:0:0, 1:0:0:0:0, 5:2:0:0:2, 3:2:0:0:2, 5:3:0:0:3, 4:1:0:0:1, 3:0:0:0:0, 4:2:0:0:2, 3:0:0:0:0, 1:0:0:0:0, 0:0:0:0:0, 5:5:0:0:5, 6:3:1:0:3, 4:2:0:0:2, 4:0:0:0:0, 4:0:0:0:0, 2:0:0:0:0, 6:0:0:0:0, 1:0:0:0:0, 2:0:0:0:0, 1:0:0:0:0, 2:0:0:0:0, 4:0:0:0:0, 6:0:0:0:0, 4:0:0:0:0, 1:0:0:0:0, 4:1:0:0:1, 1:0:0:0:0, 0:0:0:0:0, 3:0:0:0:0, 5:4:0:0:4, 6:6:0:0:6, 1:0:0:0:0, 1:0:0:0:0, 0:0:0:0:0, 1:0:0:0:0, 5:2:0:0:2, 6:2:0:0:2, 7:4:0:0:4, 3:2:0:0:2, 6:0:0:0:0, 7:3:0:0:3, 4:0:0:0:0, 1:0:0:0:0, 0:0:0:0:0, 5:5:0:0:5, 5:3:0:0:3, 6:2:0:0:2, 5:0:0:0:0, 3:0:0:0:0, 1:0:0:0:0, 5:0:0:0:0, 0:0:0:0:0, 2:0:0:0:0, 1:0:0:0:0, 2:0:0:0:0, 5:0:0:0:0, 5:0:0:0:0, 5:0:0:0:0, 2:0:0:0:0, 4:1:0:0:1, 1:0:0:0:0, 0:0:0:0:0, 3:0:0:0:0, 7:10:0:0:10, 5:4:0:0:4, 0:0:0:0:0, 1:0:0:0:0, 1:0:0:0:0, 2:0:0:0:0, 5:3:0:0:3, 6:5:0:0:5, 7:5:0:0:5, 7:2:1:0:3, 3:0:0:0:0, 5:2:0:0:2, 3:0:0:0:0, 5:0:0:0:0, 1:0:1:0:1, 10:4:0:0:4, 7:4:0:0:4, 5:2:0:0:2, 3:0:0:0:0, 1:0:0:0:0, 1:0:0:0:0, 2:0:0:0:0, 0:0:0:0:0, 3:0:0:0:0, 1:0:0:0:0, 3:0:0:0:0, 5:0:0:0:0, 8:0:0:0:0, 7:1:0:0:1, 0:0:0:0:0, 5:1:0:0:1, 3:0:0:0:0, 0:0:0:0:0, 4:0:0:0:0, 6:6:0:0:6, 7:4:0:0:4, 0:0:0:0:0, 1:0:0:0:0, 0:0:0:0:0, 1:0:0:0:0, 0:0:0:0:0, 0:0:0:0:0, 0:0:0:0:0, 0:0:0:0:0, 0:0:0:0:0, 569:172:7:0:178
Db major (5b), 4:1:0:0:4, 1:0:0:0:0, 4:1:0:0:4, 5:1:0:0:5, 4:0:0:0:4, 2:0:0:0:3, 4:0:0:0:6, 7:3:0:0:11, 4:4:0:0:6, 0:0:0:0:0, 2:0:0:0:1, 2:0:0:0:1, 3:1:0:0:4, 2:0:0:0:3, 5:1:0:0:5, 4:1:0:0:5, 6:2:0:0:8, 5:0:0:0:5, 8:1:0:0:7, 4:1:0:0:3, 4:0:0:0:4, 5:1:0:0:6, 5:0:0:0:5, 6:4:0:0:9, 4:1:0:0:7, 7:4:0:0:10, 7:2:0:0:4, 7:4:0:0:8, 0:0:0:0:0, 0:0:0:0:0, 5:3:0:0:5, 5:1:0:0:4, 5:3:0:0:7, 5:1:0:0:4, 2:0:0:0:1, 1:0:0:0:1, 3:0:0:0:2, 5:1:0:0:6, 2:0:0:0:4, 2:0:0:0:3, 3:0:0:0:5, 8:2:0:0:10, 4:5:0:0:11, 2:0:0:0:2, 3:0:0:0:3, 9:2:0:0:8, 4:0:0:0:4, 4:1:0:0:5, 10:3:1:0:8, 6:1:0:0:7, 4:5:0:0:9, 6:2:0:0:8, 8:4:0:0:13, 8:1:0:0:11, 7:1:0:0:8, 9:1:0:0:11, 7:0:0:0:9, 8:9:0:0:18, 3:0:0:0:3, 7:2:0:0:11, 7:4:1:0:9, 9:7:1:0:13, 1:0:0:0:1, 4:0:0:0:2, 6:6:0:0:9, 6:1:0:0:7, 6:5:0:0:10, 6:1:0:0:6, 1:0:0:0:0, 1:0:0:0:1, 1:0:0:0:1, 5:1:0:0:6, 2:0:0:0:2, 1:0:0:0:2, 2:0:0:0:4, 6:4:0:0:12, 5:2:0:0:6, 0:0:0:0:0, 5:0:0:0:3, 5:1:0:0:5, 3:0:0:0:4, 4:0:0:0:3, 5:1:2:0:4, 8:1:0:0:7, 6:2:0:0:10, 5:0:0:0:6, 7:2:0:0:8, 5:0:0:0:6, 4:0:0:0:5, 7:1:0:0:7, 4:0:0:0:6, 7:5:0:0:13, 2:0:0:0:2, 6:3:0:0:15, 4:2:0:0:9, 7:3:0:0:8, 1:0:0:0:2, 1:0:1:0:0, 6:4:0:0:7, 5:1:0:0:6, 5:3:0:0:7, 5:4:0:0:8, 2:0:0:0:1, 4:0:0:0:2, 2:0:0:0:1, 5:2:0:0:6, 4:0:0:0:3, 4:0:0:0:4, 3:0:0:0:5, 6:4:0:0:16, 6:2:0:0:8, 0:0:0:0:0, 4:0:0:0:4, 5:0:0:0:6, 3:0:0:0:6, 3:0:0:0:6, 6:5:0:0:12, 7:1:0:0:9, 5:3:0:0:6, 6:2:0:0:7, 6:4:0:0:8, 5:0:0:0:5, 6:0:0:0:7, 8:1:0:0:7, 5:0:0:0:5, 8:6:0:0:13, 3:0:0:0:3, 6:6:0:0:15, 4:2:0:0:4, 8:6:0:0:12, 0:0:0:0:0, 0:0:0:0:0, 5:3:0:0:9, 5:1:0:0:5, 7:5:0:0:13, 7:1:1:0:8, 2:0:0:0:1, 3:0:0:0:1, 1:0:0:0:2, 8:3:1:0:9, 2:0:0:0:4, 2:0:0:0:2, 3:0:0:0:5, 9:4:0:0:18, 6:2:0:0:7, 6:0:0:0:5, 4:3:0:0:5, 4:0:0:0:4, 2:0:0:0:5, 1:0:0:0:2, 7:1:0:0:6, 4:1:0:0:8, 4:3:0:0:6, 7:7:0:0:14, 5:1:0:0:6, 6:0:0:0:7, 4:0:0:0:5, 9:1:0:0:9, 8:1:0:0:11, 6:5:0:0:9, 2:0:0:0:2, 7:3:0:0:11, 4:2:0:0:8, 9:4:0:0:8, 0:0:0:0:0, 3:0:0:0:4, 5:3:0:0:10, 7:1:0:0:7, 5:5:0:0:11, 7:1:0:0:5, 5:3:0:0:6, 1:0:0:0:2, 1:0:0:0:3, 1:0:0:0:1, 1:0:0:0:1, 791:253:8:0:1027
B major (5#), 5:0:0:0:1, 4:2:0:0:2, 5:0:0:0:1, 4:2:0:0:2, 5:0:0:0:2, 4:2:0:0:3, 5:0:0:0:2, 2:0:0:0:0, 1:0:0:0:0, 5:5:0:0:6, 5:1:0:0:2, 3:1:0:0:1, 4:0:0:0:1, 2:0:0:0:0, 2:0:0:0:0, 1:0:0:0:0, 2:0:0:0:0, 3:0:0:0:0, 4:0:0:0:0, 4:0:0:0:1, 5:0:0:0:2, 4:0:0:0:1, 5:0:0:0:2, 1:0:0:0:0, 6:1:0:0:2, 2:0:0:0:0, 1:0:2:0:2, 2:0:0:0:0, 5:4:0:0:4, 6:4:0:0:5, 0:0:0:0:0, 2:0:0:0:0, 0:0:0:0:0, 2:0:0:0:0, 6:3:0:0:5, 5:2:0:0:3, 9:4:0:0:5, 3:2:0:0:2, 4:0:0:0:4, 5:2:0:0:4, 4:0:0:0:3, 5:0:0:0:1, 1:0:0:0:0, 7:7:0:0:9, 5:2:0:0:5, 9:4:0:0:4, 6:0:0:0:2, 4:0:0:0:1, 6:0:0:0:1, 4:0:0:0:1, 1:0:0:0:0, 4:0:1:0:0, 5:1:0:0:1, 5:0:0:0:1, 8:2:0:0:3, 9:1:0:0:4, 7:0:0:0:2, 2:0:0:0:0, 6:1:0:0:2, 3:0:0:0:0, 2:0:0:0:0, 4:0:1:0:1, 6:5:0:0:8, 10:3:0:0:5, 0:0:0:0:0, 2:0:0:0:0, 0:0:0:0:0, 2:0:0:0:0, 5:2:0:0:6, 4:2:0:0:7, 5:3:0:0:5, 5:1:0:0:3, 4:0:0:0:4, 4:2:0:0:4, 4:0:0:0:4, 2:0:0:0:0, 1:0:0:0:0, 5:5:0:0:8, 7:1:0:0:2, 5:1:0:0:1, 5:0:0:0:3, 5:0:0:0:2, 3:0:0:0:0, 7:0:0:0:2, 2:0:0:0:0, 3:0:0:0:0, 2:0:0:0:0, 3:0:0:0:0, 5:0:0:0:2, 7:0:0:0:1, 5:0:0:0:3, 2:0:0:0:0, 5:1:0:0:2, 2:0:0:0:0, 0:0:0:0:0, 2:0:0:0:0, 5:4:0:0:4, 6:6:0:0:6, 0:0:0:0:0, 2:0:0:0:0, 0:0:0:0:0, 2:0:0:0:0, 6:2:0:0:5, 7:2:0:0:5, 7:4:0:0:7, 4:2:0:0:2, 7:0:0:0:3, 7:3:0:0:6, 5:0:0:0:2, 2:0:0:0:0, 1:0:0:0:0, 5:5:0:0:8, 6:3:0:0:5, 7:2:0:0:4, 6:0:0:0:2, 4:0:0:0:3, 2:0:0:0:0, 6:0:0:0:1, 1:0:0:0:0, 3:0:0:0:0, 2:0:0:0:0, 3:0:0:0:0, 6:0:0:0:4, 6:0:0:0:3, 6:0:0:0:3, 3:0:0:0:0, 5:1:0:0:4, 2:0:0:0:0, 0:0:0:0:0, 2:0:0:0:0, 7:10:0:0:11, 5:4:0:0:6, 0:0:0:0:0, 2:0:0:0:0, 2:0:0:0:0, 3:0:0:0:0, 6:2:0:0:4, 7:5:0:0:7, 7:4:0:0:6, 8:2:1:0:4, 4:0:0:0:2, 5:2:0:0:7, 4:0:0:0:3, 6:0:0:0:0, 2:0:1:0:1, 10:4:0:0:7, 7:3:0:0:6, 6:2:0:0:3, 4:0:0:0:2, 2:0:0:0:0, 2:0:0:0:0, 2:0:0:0:1, 1:0:0:0:0, 4:0:0:0:0, 2:0:0:0:0, 4:0:0:0:1, 6:0:0:0:3, 9:0:0:0:3, 8:1:0:0:5, 1:0:0:0:0, 6:1:0:0:4, 4:0:0:0:0, 0:0:0:0:0, 3:0:0:0:0, 6:5:0:0:6, 7:4:0:0:4, 0:0:0:0:0, 2:0:0:0:0, 0:0:0:0:0, 2:0:0:0:0, 0:0:0:0:0, 0:0:0:0:0, 0:0:0:0:0, 0:0:0:0:0, 0:0:0:0:0, 681:162:6:0:351
Bb minor (5b), 4:1:0:0:4, 1:0:0:0:0, 4:1:0:0:4, 5:1:0:0:5, 4:0:0:0:4, 2:0:0:0:3, 4:0:0:0:6, 7:3:0:0:11, 4:4:0:0:6, 0:0:0:0:0, 2:0:0:0:1, 2:0:0:0:1, 3:1:0:0:4, 2:0:0:0:3, 5:1:0:0:5, 4:1:0:0:5, 6:2:0:0:8, 5:0:0:0:5, 8:1:0:0:7, 4:1:0:0:3, 4:0:0:0:4, 5:1:0:0:6, 5:0:0:0:5, 6:4:0:0:9, 4:1:0:0:7, 7:4:0:0:10, 7:2:0:0:4, 7:4:0:0:8, 0:0:0:0:0, 0:0:0:0:0, 5:3:0:0:5, 5:1:0:0:4, 5:3:0:0:7, 5:1:0:0:4, 2:0:0:0:1, 1:0:0:0:1, 3:0:0:0:2, 5:1:0:0:6, 2:0:0:0:4, 2:0:0:0:3, 3:0:0:0:5, 8:2:0:0:10, 4:5:0:0:11, 2:0:0:0:2, 3:0:0:0:3, 9:2:0:0:8, 4:0:0:0:4, 4:1:0:0:5, 10:3:1:0:8, 6:1:0:0:7, 4:5:0:0:9, 6:2:0:0:8, 8:4:0:0:13, 8:1:0:0:11, 7:1:0:0:8, 9:1:0:0:11, 7:0:0:0:9, 8:9:0:0:18, 3:0:0:0:3, 7:2:0:0:11, 7:4:1:0:9, 9:7:1:0:13, 1:0:0:0:1, 4:0:0:0:2, 6:6:0:0:9, 6:1:0:0:7, 6:5:0:0:10, 6:1:0:0:6, 1:0:0:0:0, 1:0:0:0:1, 1:0:0:0:1, 5:1:0:0:6, 2:0:0:0:2, 1:0:0:0:2, 2:0:0:0:4, 6:4:0:0:12, 5:2:0:0:6, 0:0:0:0:0, 5:0:0:0:3, 5:1:0:0:5, 3:0:0:0:4, 4:0:0:0:3, 5:1:2:0:4, 8:1:0:0:7, 6:2:0:0:10, 5:0:0:0:6, 7:2:0:0:8, 5:0:0:0:6, 4:0:0:0:5, 7:1:0:0:7, 4:0:0:0:6, 7:5:0:0:13, 2:0:0:0:2, 6:3:0:0:15, 4:2:0:0:9, 7:3:0:0:8, 1:0:0:0:2, 1:0:1:0:0, 6:4:0:0:7, 5:1:0:0:6, 5:3:0:0:7, 5:4:0:0:8, 2:0:0:0:1, 4:0:0:0:2, 2:0:0:0:1, 5:2:0:0:6, 4:0:0:0:3, 4:0:0:0:4, 3:0:0:0:5, 6:4:0:0:16, 6:2:0:0:8, 0:0:0:0:0, 4:0:0:0:4, 5:0:0:0:6, 3:0:0:0:6, 3:0:0:0:6, 6:5:0:0:12, 7:1:0:0:9, 5:3:0:0:6, 6:2:0:0:7, 6:4:0:0:8, 5:0:0:0:5, 6:0:0:0:7, 8:1:0:0:7, 5:0:0:0:5, 8:6:0:0:13, 3:0:0:0:3, 6:6:0:0:15, 4:2:0:0:4, 8:6:0:0:12, 0:0:0:0:0, 0:0:0:0:0, 5:3:0:0:9, 5:1:0:0:5, 7:5:0:0:13, 7:1:1:0:8, 2:0:0:0:1, 3:0:0:0:1, 1:0:0:0:2, 8:3:1:0:9, 2:0:0:0:4, 2:0:0:0:2, 3:0:0:0:5, 9:4:0:0:18, 6:2:0:0:7, 6:0:0:0:5, 4:3:0:0:5, 4:0:0:0:4, 2:0:0:0:5, 1:0:0:0:2, 7:1:0:0:6, 4:1:0:0:8, 4:3:0:0:6, 7:7:0:0:14, 5:1:0:0:6, 6:0:0:0:7, 4:0:0:0:5, 9:1:0:0:9, 8:1:0:0:11, 6:5:0:0:9, 2:0:0:0:2, 7:3:0:0:11, 4:2:0:0:8, 9:4:0:0:8, 0:0:0:0:0, 3:0:0:0:4, 5:3:0:0:10, 7:1:0:0:7, 5:5:0:0:11, 7:1:0:0:5, 5:3:0:0:6, 1:0:0:0:2, 1:0:0:0:3, 1:0:0:0:1, 1:0:0:0:1, 791:253:8:0:1027
G# minor (5#), 5:0:0:0:1, 4:2:0:0:2, 5:0:0:0:1, 4:2:0:0:2, 5:0:0:0:2, 4:2:0:0:3, 5:0:0:0:2, 2:0:0:0:0, 1:0:0:0:0, 5:5:0:0:6, 5:1:0:0:2, 3:1:0:0:1, 4:0:0:0:1, 2:0:0:0:0, 2:0:0:0:0, 1:0:0:0:0, 2:0:0:0:0, 3:0:0:0:0, 4:0:0:0:0, 4:0:0:0:1, 5:0:0:0:2, 4:0:0:0:1, 5:0:0:0:2, 1:0:0:0:0, 6:1:0:0:2, 2:0:0:0:0, 1:0:2:0:2, 2:0:0:0:0, 5:4:0:0:4, 6:4:0:0:5, 0:0:0:0:0, 2:0:0:0:0, 0:0:0:0:0, 2:0:0:0:0, 6:3:0:0:5, 5:2:0:0:3, 9:4:0:0:5, 3:2:0:0:2, 4:0:0:0:4, 5:2:0:0:4, 4:0:0:0:3, 5:0:0:0:1, 1:0:0:0:0, 7:7:0:0:9, 5:2:0:0:5, 9:4:0:0:4, 6:0:0:0:2, 4:0:0:0:1, 6:0:0:0:1, 4:0:0:0:1, 1:0:0:0:0, 4:0:1:0:0, 5:1:0:0:1, 5:0:0:0:1, 8:2:0:0:3, 9:1:0:0:4, 7:0:0:0:2, 2:0:0:0:0, 6:1:0:0:2, 3:0:0:0:0, 2:0:0:0:0, 4:0:1:0:1, 6:5:0:0:8, 10:3:0:0:5, 0:0:0:0:0, 2:0:0:0:0, 0:0:0:0:0, 2:0:0:0:0, 5:2:0:0:6, 4:2:0:0:7, 5:3:0:0:5, 5:1:0:0:3, 4:0:0:0:4, 4:2:0:0:4, 4:0:0:0:4, 2:0:0:0:0, 1:0:0:0:0, 5:5:0:0:8, 7:1:0:0:2, 5:1:0:0:1, 5:0:0:0:3, 5:0:0:0:2, 3:0:0:0:0, 7:0:0:0:2, 2:0:0:0:0, 3:0:0:0:0, 2:0:0:0:0, 3:0:0:0:0, 5:0:0:0:2, 7:0:0:0:1, 5:0:0:0:3, 2:0:0:0:0, 5:1:0:0:2, 2:0:0:0:0, 0:0:0:0:0, 2:0:0:0:0, 5:4:0:0:4, 6:6:0:0:6, 0:0:0:0:0, 2:0:0:0:0, 0:0:0:0:0, 2:0:0:0:0, 6:2:0:0:5, 7:2:0:0:5, 7:4:0:0:7, 4:2:0:0:2, 7:0:0:0:3, 7:3:0:0:6, 5:0:0:0:2, 2:0:0:0:0, 1:0:0:0:0, 5:5:0:0:8, 6:3:0:0:5, 7:2:0:0:4, 6:0:0:0:2, 4:0:0:0:3, 2:0:0:0:0, 6:0:0:0:1, 1:0:0:0:0, 3:0:0:0:0, 2:0:0:0:0, 3:0:0:0:0, 6:0:0:0:4, 6:0:0:0:3, 6:0:0:0:3, 3:0:0:0:0, 5:1:0:0:4, 2:0:0:0:0, 0:0:0:0:0, 2:0:0:0:0, 7:10:0:0:11, 5:4:0:0:6, 0:0:0:0:0, 2:0:0:0:0, 2:0:0:0:0, 3:0:0:0:0, 6:2:0:0:4, 7:5:0:0:7, 7:4:0:0:6, 8:2:1:0:4, 4:0:0:0:2, 5:2:0:0:7, 4:0:0:0:3, 6:0:0:0:0, 2:0:1:0:1, 10:4:0:0:7, 7:3:0:0:6, 6:2:0:0:3, 4:0:0:0:2, 2:0:0:0:0, 2:0:0:0:0, 2:0:0:0:1, 1:0:0:0:0, 4:0:0:0:0, 2:0:0:0:0, 4:0:0:0:1, 6:0:0:0:3, 9:0:0:0:3, 8:1:0:0:5, 1:0:0:0:0, 6:1:0:0:4, 4:0:0:0:0, 0:0:0:0:0, 3:0:0:0:0, 6:5:0:0:6, 7:4:0:0:4, 0:0:0:0:0, 2:0:0:0:0, 0:0:0:0:0, 2:0:0:0:0, 0:0:0:0:0, 0:0:0:0:0, 0:0:0:0:0, 0:0:0:0:0, 0:0:0:0:0, 681:162:6:0:351
Bb minor mel (5b), 4:1:0:0:4, 1:0:0:0:0, 4:1:0:0:4, 5:1:0:0:5, 4:0:0:0:4, 2:0:0:0:3, 4:0:0:0:6, 7:3:0:0:11, 4:4:0:0:6, 0:0:0:0:0, 2:0:0:0:1, 2:0:0:0:1, 3:1:0:0:4, 2:0:0:0:3, 5:1:0:0:5, 4:1:0:0:5, 6:2:0:0:8, 5:0:0:0:5, 8:1:0:0:7, 4:1:0:0:3, 4:0:0:0:4, 5:1:0:0:6, 5:0:0:0:5, 6:4:0:0:9, 4:1:0:0:7, 7:4:0:0:10, 7:2:0:0:4, 7:4:0:0:8, 0:0:0:0:0, 0:0:0:0:0, 5:3:0:0:5, 5:1:0:0:4, 5:3:0:0:7, 5:1:0:0:4, 2:0:0:0:1, 1:0:0:0:1, 3:0:0:0:2, 5:1:0:0:6, 2:0:0:0:4, 2:0:0:0:3, 3:0:0:0:5, 8:2:0:0:10, 4:5:0:0:11, 2:0:0:0:2, 3:0:0:0:3, 9:2:0:0:8, 4:0:0:0:4, 4:1:0:0:5, 10:3:1:0:8, 6:1:0:0:7, 4:5:0:0:9, 6:2:0:0:8, 8:4:0:0:13, 8:1:0:0:11, 7:1:0:0:8, 9:1:0:0:11, 7:0:0:0:9, 8:9:0:0:18, 3:0:0:0:3, 7:2:0:0:11, 7:4:1:0:9, 9:7:1:0:13, 1:0:0:0:1, 4:0:0:0:2, 6:6:0:0:9, 6:1:0:0:7, 6:5:0:0:10, 6:1:0:0:6, 1:0:0:0:0, 1:0:0:0:1, 1:0:0:0:1, 5:1:0:0:6, 2:0:0:0:2, 1:0:0:0:2, 2:0:0:0:4, 6:4:0:0:12, 5:2:0:0:6, 0:0:0:0:0, 5:0:0:0:3, 5:1:0:0:5, 3:0:0:0:4, 4:0:0:0:3, 5:1:2:0:4, 8:1:0:0:7, 6:2:0:0:10, 5:0:0:0:6, 7:2:0:0:8, 5:0:0:0:6, 4:0:0:0:5, 7:1:0:0:7, 4:0:0:0:6, 7:5:0:0:13, 2:0:0:0:2, 6:3:0:0:15, 4:2:0:0:9, 7:3:0:0:8, 1:0:0:0:2, 1:0:1:0:0, 6:4:0:0:7, 5:1:0:0:6, 5:3:0:0:7, 5:4:0:0:8, 2:0:0:0:1, 4:0:0:0:2, 2:0:0:0:1, 5:2:0:0:6, 4:0:0:0:3, 4:0:0:0:4, 3:0:0:0:5, 6:4:0:0:16, 6:2:0:0:8, 0:0:0:0:0, 4:0:0:0:4, 5:0:0:0:6, 3:0:0:0:6, 3:0:0:0:6, 6:5:0:0:12, 7:1:0:0:9, 5:3:0:0:6, 6:2:0:0:7, 6:4:0:0:8, 5:0:0:0:5, 6:0:0:0:7, 8:1:0:0:7, 5:0:0:0:5, 8:6:0:0:13, 3:0:0:0:3, 6:6:0:0:15, 4:2:0:0:4, 8:6:0:0:12, 0:0:0:0:0, 0:0:0:0:0, 5:3:0:0:9, 5:1:0:0:5, 7:5:0:0:13, 7:1:1:0:8, 2:0:0:0:1, 3:0:0:0:1, 1:0:0:0:2, 8:3:1:0:9, 2:0:0:0:4, 2:0:0:0:2, 3:0:0:0:5, 9:4:0:0:18, 6:2:0:0:7, 6:0:0:0:5, 4:3:0:0:5, 4:0:0:0:4, 2:0:0:0:5, 1:0:0:0:2, 7:1:0:0:6, 4:1:0:0:8, 4:3:0:0:6, 7:7:0:0:14, 5:1:0:0:6, 6:0:0:0:7, 4:0:0:0:5, 9:1:0:0:9, 8:1:0:0:11, 6:5:0:0:9, 2:0:0:0:2, 7:3:0:0:11, 4:2:0:0:8, 9:4:0:0:8, 0:0:0:0:0, 3:0:0:0:4, 5:3:0:0:10, 7:1:0:0:7, 5:5:0:0:11, 7:1:0:0:5, 5:3:0:0:6, 1:0:0:0:2, 1:0:0:0:3, 1:0:0:0:1, 1:0:0:0:1, 791:253:8:0:1027
G# minor mel (5#), 5:0:0:0:1, 4:2:0:0:2, 5:0:0:0:1, 4:2:0:0:2, 5:0:0:0:2, 4:2:0:0:3, 5:0:0:0:2, 2:0:0:0:0, 1:0:0:0:0, 5:5:0:0:6, 5:1:0:0:2, 3:1:0:0:1, 4:0:0:0:1, 2:0:0:0:0, 2:0:0:0:0, 1:0:0:0:0, 2:0:0:0:0, 3:0:0:0:0, 4:0:0:0:0, 4:0:0:0:1, 5:0:0:0:2, 4:0:0:0:1, 5:0:0:0:2, 1:0:0:0:0, 6:1:0:0:2, 2:0:0:0:0, 1:0:2:0:2, 2:0:0:0:0, 5:4:0:0:4, 6:4:0:0:5, 0:0:0:0:0, 2:0:0:0:0, 0:0:0:0:0, 2:0:0:0:0, 6:3:0:0:5, 5:2:0:0:3, 9:4:0:0:5, 3:2:0:0:2, 4:0:0:0:4, 5:2:0:0:4, 4:0:0:0:3, 5:0:0:0:1, 1:0:0:0:0, 7:7:0:0:9, 5:2:0:0:5, 9:4:0:0:4, 6:0:0:0:2, 4:0:0:0:1, 6:0:0:0:1, 4:0:0:0:1, 1:0:0:0:0, 4:0:1:0:0, 5:1:0:0:1, 5:0:0:0:1, 8:2:0:0:3, 9:1:0:0:4, 7:0:0:0:2, 2:0:0:0:0, 6:1:0:0:2, 3:0:0:0:0, 2:0:0:0:0, 4:0:1:0:1, 6:5:0:0:8, 10:3:0:0:5, 0:0:0:0:0, 2:0:0:0:0, 0:0:0:0:0, 2:0:0:0:0, 5:2:0:0:6, 4:2:0:0:7, 5:3:0:0:5, 5:1:0:0:3, 4:0:0:0:4, 4:2:0:0:4, 4:0:0:0:4, 2:0:0:0:0, 1:0:0:0:0, 5:5:0:0:8, 7:1:0:0:2, 5:1:0:0:1, 5:0:0:0:3, 5:0:0:0:2, 3:0:0:0:0, 7:0:0:0:2, 2:0:0:0:0, 3:0:0:0:0, 2:0:0:0:0, 3:0:0:0:0, 5:0:0:0:2, 7:0:0:0:1, 5:0:0:0:3, 2:0:0:0:0, 5:1:0:0:2, 2:0:0:0:0, 0:0:0:0:0, 2:0:0:0:0, 5:4:0:0:4, 6:6:0:0:6, 0:0:0:0:0, 2:0:0:0:0, 0:0:0:0:0, 2:0:0:0:0, 6:2:0:0:5, 7:2:0:0:5, 7:4:0:0:7, 4:2:0:0:2, 7:0:0:0:3, 7:3:0:0:6, 5:0:0:0:2, 2:0:0:0:0, 1:0:0:0:0, 5:5:0:0:8, 6:3:0:0:5, 7:2:0:0:4, 6:0:0:0:2, 4:0:0:0:3, 2:0:0:0:0, 6:0:0:0:1, 1:0:0:0:0, 3:0:0:0:0, 2:0:0:0:0, 3:0:0:0:0, 6:0:0:0:4, 6:0:0:0:3, 6:0:0:0:3, 3:0:0:0:0, 5:1:0:0:4, 2:0:0:0:0, 0:0:0:0:0, 2:0:0:0:0, 7:10:0:0:11, 5:4:0:0:6, 0:0:0:0:0, 2:0:0:0:0, 2:0:0:0:0, 3:0:0:0:0, 6:2:0:0:4, 7:5:0:0:7, 7:4:0:0:6, 8:2:1:0:4, 4:0:0:0:2, 5:2:0:0:7, 4:0:0:0:3, 6:0:0:0:0, 2:0:1:0:1, 10:4:0:0:7, 7:3:0:0:6, 6:2:0:0:3, 4:0:0:0:2, 2:0:0:0:0, 2:0:0:0:0, 2:0:0:0:1, 1:0:0:0:0, 4:0:0:0:0, 2:0:0:0:0, 4:0:0:0:1, 6:0:0:0:3, 9:0:0:0:3, 8:1:0:0:5, 1:0:0:0:0, 6:1:0:0:4, 4:0:0:0:0, 0:0:0:0:0, 3:0:0:0:0, 6:5:0:0:6, 7:4:0:0:4, 0:0:0:0:0, 2:0:0:0:0, 0:0:0:0:0, 2:0:0:0:0, 0:0:0:0:0, 0:0:0:0:0, 0:0:0:0:0, 0:0:0:0:0, 0:0:0:0:0, 681:162:6:0:351
Db major blues (5b), 4:1:0:0:4, 1:0:0:0:0, 4:1:0:0:4, 5:1:0:0:5, 4:0:0:0:4, 2:0:0:0:3, 4:0:0:0:6, 7:3:0:0:11, 4:4:0:0:6, 0:0:0:0:0, 2:0:0:0:1, 2:0:0:0:1, 3:1:0:0:4, 2:0:0:0:3, 5:1:0:0:5, 4:1:0:0:5, 6:2:0:0:8, 5:0:0:0:5, 8:1:0:0:7, 4:1:0:0:3, 4:0:0:0:4, 5:1:0:0:6, 5:0:0:0:5, 6:4:0:0:9, 4:1:0:0:7, 7:4:0:0:10, 7:2:0:0:4, 7:4:0:0:8, 0:0:0:0:0, 0:0:0:0:0, 5:3:0:0:5, 5:1:0:0:4, 5:3:0:0:7, 5:1:0:0:4, 2:0:0:0:1, 1:0:0:0:1, 3:0:0:0:2, 5:1:0:0:6, 2:0:0:0:4, 2:0:0:0:3, 3:0:0:0:5, 8:2:0:0:10, 4:5:0:0:11, 2:0:0:0:2, 3:0:0:0:3, 9:2:0:0:8, 4:0:0:0:4, 4:1:0:0:5, 10:3:1:0:8, 6:1:0:0:7, 4:5:0:0:9, 6:2:0:0:8, 8:4:0:0:13, 8:1:0:0:11, 7:1:0:0:8, 9:1:0:0:11, 7:0:0:0:9, 8:9:0:0:18, 3:0:0:0:3, 7:2:0:0:11, 7:4:1:0:9, 9:7:1:0:13, 1:0:0:0:1, 4:0:0:0:2, 6:6:0:0:9, 6:1:0:0:7, 6:5:0:0:10, 6:1:0:0:6, 1:0:0:0:0, 1:0:0:0:1, 1:0:0:0:1, 5:1:0:0:6, 2:0:0:0:2, 1:0:0:0:2, 2:0:0:0:4, 6:4:0:0:12, 5:2:0:0:6, 0:0:0:0:0, 5:0:0:0:3, 5:1:0:0:5, 3:0:0:0:4, 4:0:0:0:3, 5:1:2:0:4, 8:1:0:0:7, 6:2:0:0:10, 5:0:0:0:6, 7:2:0:0:8, 5:0:0:0:6, 4:0:0:0:5, 7:1:0:0:7, 4:0:0:0:6, 7:5:0:0:13, 2:0:0:0:2, 6:3:0:0:15, 4:2:0:0:9, 7:3:0:0:8, 1:0:0:0:2, 1:0:1:0:0, 6:4:0:0:7, 5:1:0:0:6, 5:3:0:0:7, 5:4:0:0:8, 2:0:0:0:1, 4:0:0:0:2, 2:0:0:0:1, 5:2:0:0:6, 4:0:0:0:3, 4:0:0:0:4, 3:0:0:0:5, 6:4:0:0:16, 6:2:0:0:8, 0:0:0:0:0, 4:0:0:0:4, 5:0:0:0:6, 3:0:0:0:6, 3:0:0:0:6, 6:5:0:0:12, 7:1:0:0:9, 5:3:0:0:6, 6:2:0:0:7, 6:4:0:0:8, 5:0:0:0:5, 6:0:0:0:7, 8:1:0:0:7, 5:0:0:0:5, 8:6:0:0:13, 3:0:0:0:3, 6:6:0:0:15, 4:2:0:0:4, 8:6:0:0:12, 0:0:0:0:0, 0:0:0:0:0, 5:3:0:0:9, 5:1:0:0:5, 7:5:0:0:13, 7:1:1:0:8, 2:0:0:0:1, 3:0:0:0:1, 1:0:0:0:2, 8:3:1:0:9, 2:0:0:0:4, 2:0:0:0:2, 3:0:0:0:5, 9:4:0:0:18, 6:2:0:0:7, 6:0:0:0:5, 4:3:0:0:5, 4:0:0:0:4, 2:0:0:0:5, 1:0:0:0:2, 7:1:0:0:6, 4:1:0:0:8, 4:3:0:0:6, 7:7:0:0:14, 5:1:0:0:6, 6:0:0:0:7, 4:0:0:0:5, 9:1:0:0:9, 8:1:0:0:11, 6:5:0:0:9, 2:0:0:0:2, 7:3:0:0:11, 4:2:0:0:8, 9:4:0:0:8, 0:0:0:0:0, 3:0:0:0:4, 5:3:0:0:10, 7:1:0:0:7, 5:5:0:0:11, 7:1:0:0:5, 5:3:0:0:6, 1:0:0:0:2, 1:0:0:0:3, 1:0:0:0:1, 1:0:0:0:1, 791:253:8:0:1027
B major blues (5#), 5:0:0:0:1, 4:2:0:0:2, 5:0:0:0:1, 4:2:0:0:2, 5:0:0:0:2, 4:2:0:0:3, 5:0:0:0:2, 2:0:0:0:0, 1:0:0:0:0, 5:5:0:0:6, 5:1:0:0:2, 3:1:0:0:1, 4:0:0:0:1, 2:0:0:0:0, 2:0:0:0:0, 1:0:0:0:0, 2:0:0:0:0, 3:0:0:0:0, 4:0:0:0:0, 4:0:0:0:1, 5:0:0:0:2, 4:0:0:0:1, 5:0:0:0:2, 1:0:0:0:0, 6:1:0:0:2, 2:0:0:0:0, 1:0:2:0:2, 2:0:0:0:0, 5:4:0:0:4, 6:4:0:0:5, 0:0:0:0:0, 2:0:0:0:0, 0:0:0:0:0, 2:0:0:0:0, 6:3:0:0:5, 5:2:0:0:3, 9:4:0:0:5, 3:2:0:0:2, 4:0:0:0:4, 5:2:0:0:4, 4:0:0:0:3, 5:0:0:0:1, 1:0:0:0:0, 7:7:0:0:9, 5:2:0:0:5, 9:4:0:0:4, 6:0:0:0:2, 4:0:0:0:1, 6:0:0:0:1, 4:0:0:0:1, 1:0:0:0:0, 4:0:1:0:0, 5:1:0:0:1, 5:0:0:0:1, 8:2:0:0:3, 9:1:0:0:4, 7:0:0:0:2, 2:0:0:0:0, 6:1:0:0:2, 3:0:0:0:0, 2:0:0:0:0, 4:0:1:0:1, 6:5:0:0:8, 10:3:0:0:5, 0:0:0:0:0, 2:0:0:0:0, 0:0:0:0:0, 2:0:0:0:0, 5:2:0:0:6, 4:2:0:0:7, 5:3:0:0:5, 5:1:0:0:3, 4:0:0:0:4, 4:2:0:0:4, 4:0:0:0:4, 2:0:0:0:0, 1:0:0:0:0, 5:5:0:0:8, 7:1:0:0:2, 5:1:0:0:1, 5:0:0:0:3, 5:0:0:0:2, 3:0:0:0:0, 7:0:0:0:2, 2:0:0:0:0, 3:0:0:0:0, 2:0:0:0:0, 3:0:0:0:0, 5:0:0:0:2, 7:0:0:0:1, 5:0:0:0:3, 2:0:0:0:0, 5:1:0:0:2, 2:0:0:0:0, 0:0:0:0:0, 2:0:0:0:0, 5:4:0:0:4, 6:6:0:0:6, 0:0:0:0:0, 2:0:0:0:0, 0:0:0:0:0, 2:0:0:0:0, 6:2:0:0:5, 7:2:0:0:5, 7:4:0:0:7, 4:2:0:0:2, 7:0:0:0:3, 7:3:0:0:6, 5:0:0:0:2, 2:0:0:0:0, 1:0:0:0:0, 5:5:0:0:8, 6:3:0:0:5, 7:2:0:0:4, 6:0:0:0:2, 4:0:0:0:3, 2:0:0:0:0, 6:0:0:0:1, 1:0:0:0:0, 3:0:0:0:0, 2:0:0:0:0, 3:0:0:0:0, 6:0:0:0:4, 6:0:0:0:3, 6:0:0:0:3, 3:0:0:0:0, 5:1:0:0:4, 2:0:0:0:0, 0:0:0:0:0, 2:0:0:0:0, 7:10:0:0:11, 5:4:0:0:6, 0:0:0:0:0, 2:0:0:0:0, 2:0:0:0:0, 3:0:0:0:0, 6:2:0:0:4, 7:5:0:0:7, 7:4:0:0:6, 8:2:1:0:4, 4:0:0:0:2, 5:2:0:0:7, 4:0:0:0:3, 6:0:0:0:0, 2:0:1:0:1, 10:4:0:0:7, 7:3:0:0:6, 6:2:0:0:3, 4:0:0:0:2, 2:0:0:0:0, 2:0:0:0:0, 2:0:0:0:1, 1:0:0:0:0, 4:0:0:0:0, 2:0:0:0:0, 4:0:0:0:1, 6:0:0:0:3, 9:0:0:0:3, 8:1:0:0:5, 1:0:0:0:0, 6:1:0:0:4, 4:0:0:0:0, 0:0:0:0:0, 3:0:0:0:0, 6:5:0:0:6, 7:4:0:0:4, 0:0:0:0:0, 2:0:0:0:0, 0:0:0:0:0, 2:0:0:0:0, 0:0:0:0:0, 0:0:0:0:0, 0:0:0:0:0, 0:0:0:0:0, 0:0:0:0:0, 681:162:6:0:351
Bb minor blues (5b), 4:1:0:0:4, 1:0:0:0:0, 4:1:0:0:4, 5:1:0:0:5, 4:0:0:0:4, 2:0:0:0:3, 4:0:0:0:6, 7:3:0:0:11, 4:4:0:0:6, 0:0:0:0:0, 2:0:0:0:1, 2:0:0:0:1, 3:1:0:0:4, 2:0:0:0:3, 5:1:0:0:5, 4:1:0:0:5, 6:2:0:0:8, 5:0:0:0:5, 8:1:0:0:7, 4:1:0:0:3, 4:0:0:0:4, 5:1:0:0:6, 5:0:0:0:5, 6:4:0:0:9, 4:1:0:0:7, 7:4:0:0:10, 7:2:0:0:4, 7:4:0:0:8, 0:0:0:0:0, 0:0:0:0:0, 5:3:0:0:5, 5:1:0:0:4, 5:3:0:0:7, 5:1:0:0:4, 2:0:0:0:1, 1:0:0:0:1, 3:0:0:0:2, 5:1:0:0:6, 2:0:0:0:4, 2:0:0:0:3, 3:0:0:0:5, 8:2:0:0:10, 4:5:0:0:11, 2:0:0:0:2, 3:0:0:0:3, 9:2:0:0:8, 4:0:0:0:4, 4:1:0:0:5, 10:3:1:0:8, 6:1:0:0:7, 4:5:0:0:9, 6:2:0:0:8, 8:4:0:0:13, 8:1:0:0:11, 7:1:0:0:8, 9:1:0:0:11, 7:0:0:0:9, 8:9:0:0:18, 3:0:0:0:3, 7:2:0:0:11, 7:4:1:0:9, 9:7:1:0:13, 1:0:0:0:1, 4:0:0:0:2, 6:6:0:0:9, 6:1:0:0:7, 6:5:0:0:10, 6:1:0:0:6, 1:0:0:0:0, 1:0:0:0:1, 1:0:0:0:1, 5:1:0:0:6, 2:0:0:0:2, 1:0:0:0:2, 2:0:0:0:4, 6:4:0:0:12, 5:2:0:0:6, 0:0:0:0:0, 5:0:0:0:3, 5:1:0:0:5, 3:0:0:0:4, 4:0:0:0:3, 5:1:2:0:4, 8:1:0:0:7, 6:2:0:0:10, 5:0:0:0:6, 7:2:0:0:8, 5:0:0:0:6, 4:0:0:0:5, 7:1:0:0:7, 4:0:0:0:6, 7:5:0:0:13, 2:0:0:0:2, 6:3:0:0:15, 4:2:0:0:9, 7:3:0:0:8, 1:0:0:0:2, 1:0:1:0:0, 6:4:0:0:7, 5:1:0:0:6, 5:3:0:0:7, 5:4:0:0:8, 2:0:0:0:1, 4:0:0:0:2, 2:0:0:0:1, 5:2:0:0:6, 4:0:0:0:3, 4:0:0:0:4, 3:0:0:0:5, 6:4:0:0:16, 6:2:0:0:8, 0:0:0:0:0, 4:0:0:0:4, 5:0:0:0:6, 3:0:0:0:6, 3:0:0:0:6, 6:5:0:0:12, 7:1:0:0:9, 5:3:0:0:6, 6:2:0:0:7, 6:4:0:0:8, 5:0:0:0:5, 6:0:0:0:7, 8:1:0:0:7, 5:0:0:0:5, 8:6:0:0:13, 3:0:0:0:3, 6:6:0:0:15, 4:2:0:0:4, 8:6:0:0:12, 0:0:0:0:0, 0:0:0:0:0, 5:3:0:0:9, 5:1:0:0:5, 7:5:0:0:13, 7:1:1:0:8, 2:0:0:0:1, 3:0:0:0:1, 1:0:0:0:2, 8:3:1:0:9, 2:0:0:0:4, 2:0:0:0:2, 3:0:0:0:5, 9:4:0:0:18, 6:2:0:0:7, 6:0:0:0:5, 4:3:0:0:5, 4:0:0:0:4, 2:0:0:0:5, 1:0:0:0:2, 7:1:0:0:6, 4:1:0:0:8, 4:3:0:0:6, 7:7:0:0:14, 5:1:0:0:6, 6:0:0:0:7, 4:0:0:0:5, 9:1:0:0:9, 8:1:0:0:11, 6:5:0:0:9, 2:0:0:0:2, 7:3:0:0:11, 4:2:0:0:8, 9:4:0:0:8, 0:0:0:0:0, 3:0:0:0:4, 5:3:0:0:10, 7:1:0:0:7, 5:5:0:0:11, 7:1:0:0:5, 5:3:0:0:6, 1:0:0:0:2, 1:0:0:0:3, 1:0:0:0:1, 1:0:0:0:1, 791:253:8:0:1027
G# minor blues (5#), 5:0:0:0:1, 4:2:0:0:2, 5:0:0:0:1, 4:2:0:0:2, 5:0:0:0:2, 4:2:0:0:3, 5:0:0:0:2, 2:0:0:0:0, 1:0:0:0:0, 5:5:0:0:6, 5:1:0:0:2, 3:1:0:0:1, 4:0:0:0:1, 2:0:0:0:0, 2:0:0:0:0, 1:0:0:0:0, 2:0:0:0:0, 3:0:0:0:0, 4:0:0:0:0, 4:0:0:0:1, 5:0:0:0:2, 4:0:0:0:1, 5:0:0:0:2, 1:0:0:0:0, 6:1:0:0:2, 2:0:0:0:0, 1:0:2:0:2, 2:0:0:0:0, 5:4:0:0:4, 6:4:0:0:5, 0:0:0:0:0, 2:0:0:0:0, 0:0:0:0:0, 2:0:0:0:0, 6:3:0:0:5, 5:2:0:0:3, 9:4:0:0:5, 3:2:0:0:2, 4:0:0:0:4, 5:2:0:0:4, 4:0:0:0:3, 5:0:0:0:1, 1:0:0:0:0, 7:7:0:0:9, 5:2:0:0:5, 9:4:0:0:4, 6:0:0:0:2, 4:0:0:0:1, 6:0:0:0:1, 4:0:0:0:1, 1:0:0:0:0, 4:0:1:0:0, 5:1:0:0:1, 5:0:0:0:1, 8:2:0:0:3, 9:1:0:0:4, 7:0:0:0:2, 2:0:0:0:0, 6:1:0:0:2, 3:0:0:0:0, 2:0:0:0:0, 4:0:1:0:1, 6:5:0:0:8, 10:3:0:0:5, 0:0:0:0:0, 2:0:0:0:0, 0:0:0:0:0, 2:0:0:0:0, 5:2:0:0:6, 4:2:0:0:7, 5:3:0:0:5, 5:1:0:0:3, 4:0:0:0:4, 4:2:0:0:4, 4:0:0:0:4, 2:0:0:0:0, 1:0:0:0:0, 5:5:0:0:8, 7:1:0:0:2, 5:1:0:0:1, 5:0:0:0:3, 5:0:0:0:2, 3:0:0:0:0, 7:0:0:0:2, 2:0:0:0:0, 3:0:0:0:0, 2:0:0:0:0, 3:0:0:0:0, 5:0:0:0:2, 7:0:0:0:1, 5:0:0:0:3, 2:0:0:0:0, 5:1:0:0:2, 2:0:0:0:0, 0:0:0:0:0, 2:0:0:0:0, 5:4:0:0:4, 6:6:0:0:6, 0:0:0:0:0, 2:0:0:0:0, 0:0:0:0:0, 2:0:0:0:0, 6:2:0:0:5, 7:2:0:0:5, 7:4:0:0:7, 4:2:0:0:2, 7:0:0:0:3, 7:3:0:0:6, 5:0:0:0:2, 2:0:0:0:0, 1:0:0:0:0, 5:5:0:0:8, 6:3:0:0:5, 7:2:0:0:4, 6:0:0:0:2, 4:0:0:0:3, 2:0:0:0:0, 6:0:0:0:1, 1:0:0:0:0, 3:0:0:0:0, 2:0:0:0:0, 3:0:0:0:0, 6:0:0:0:4, 6:0:0:0:3, 6:0:0:0:3, 3:0:0:0:0, 5:1:0:0:4, 2:0:0:0:0, 0:0:0:0:0, 2:0:0:0:0, 7:10:0:0:11, 5:4:0:0:6, 0:0:0:0:0, 2:0:0:0:0, 2:0:0:0:0, 3:0:0:0:0, 6:2:0:0:4, 7:5:0:0:7, 7:4:0:0:6, 8:2:1:0:4, 4:0:0:0:2, 5:2:0:0:7, 4:0:0:0:3, 6:0:0:0:0, 2:0:1:0:1, 10:4:0:0:7, 7:3:0:0:6, 6:2:0:0:3, 4:0:0:0:2, 2:0:0:0:0, 2:0:0:0:0, 2:0:0:0:1, 1:0:0:0:0, 4:0:0:0:0, 2:0:0:0:0, 4:0:0:0:1, 6:0:0:0:3, 9:0:0:0:3, 8:1:0:0:5, 1:0:0:0:0, 6:1:0:0:4, 4:0:0:0:0, 0:0:0:0:0, 3:0:0:0:0, 6:5:0:0:6, 7:4:0:0:4, 0:0:0:0:0, 2:0:0:0:0, 0:0:0:0:0, 2:0:0:0:0, 0:0:0:0:0, 0:0:0:0:0, 0:0:0:0:0, 0:0:0:0:0, 0:0:0:0:0, 681:162:6:0:351
Db dorian (5b), 4:1:0:0:4, 1:0:0:0:0, 4:1:0:0:4, 5:1:0:0:5, 4:0:0:0:4, 2:0:0:0:3, 4:0:0:0:6, 7:3:0:0:11, 4:4:0:0:6, 0:0:0:0:0, 2:0:0:0:1, 2:0:0:0:1, 3:1:0:0:4, 2:0:0:0:3, 5:1:0:0:5, 4:1:0:0:5, 6:2:0:0:8, 5:0:0:0:5, 8:1:0:0:7, 4:1:0:0:3, 4:0:0:0:4, 5:1:0:0:6, 5:0:0:0:5, 6:4:0:0:9, 4:1:0:0:7, 7:4:0:0:10, 7:2:0:0:4, 7:4:0:0:8, 0:0:0:0:0, 0:0:0:0:0, 5:3:0:0:5, 5:1:0:0:4, 5:3:0:0:7, 5:1:0:0:4, 2:0:0:0:1, 1:0:0:0:1, 3:0:0:0:2, 5:1:0:0:6, 2:0:0:0:4, 2:0:0:0:3, 3:0:0:0:5, 8:2:0:0:10, 4:5:0:0:11, 2:0:0:0:2, 3:0:0:0:3, 9:2:0:0:8, 4:0:0:0:4, 4:1:0:0:5, 10:3:1:0:8, 6:1:0:0:7, 4:5:0:0:9, 6:2:0:0:8, 8:4:0:0:13, 8:1:0:0:11, 7:1:0:0:8, 9:1:0:0:11, 7:0:0:0:9, 8:9:0:0:18, 3:0:0:0:3, 7:2:0:0:11, 7:4:1:0:9, 9:7:1:0:13, 1:0:0:0:1, 4:0:0:0:2, 6:6:0:0:9, 6:1:0:0:7, 6:5:0:0:10, 6:1:0:0:6, 1:0:0:0:0, 1:0:0:0:1, 1:0:0:0:1, 5:1:0:0:6, 2:0:0:0:2, 1:0:0:0:2, 2:0:0:0:4, 6:4:0:0:12, 5:2:0:0:6, 0:0:0:0:0, 5:0:0:0:3, 5:1:0:0:5, 3:0:0:0:4, 4:0:0:0:3, 5:1:2:0:4, 8:1:0:0:7, 6:2:0:0:10, 5:0:0:0:6, 7:2:0:0:8, 5:0:0:0:6, 4:0:0:0:5, 7:1:0:0:7, 4:0:0:0:6, 7:5:0:0:13, 2:0:0:0:2, 6:3:0:0:15, 4:2:0:0:9, 7:3:0:0:8, 1:0:0:0:2, 1:0:1:0:0, 6:4:0:0:7, 5:1:0:0:6, 5:3:0:0:7, 5:4:0:0:8, 2:0:0:0:1, 4:0:0:0:2, 2:0:0:0:1, 5:2:0:0:6, 4:0:0:0:3, 4:0:0:0:4, 3:0:0:0:5, 6:4:0:0:16, 6:2:0:0:8, 0:0:0:0:0, 4:0:0:0:4, 5:0:0:0:6, 3:0:0:0:6, 3:0:0:0:6, 6:5:0:0:12, 7:1:0:0:9, 5:3:0:0:6, 6:2:0:0:7, 6:4:0:0:8, 5:0:0:0:5, 6:0:0:0:7, 8:1:0:0:7, 5:0:0:0:5, 8:6:0:0:13, 3:0:0:0:3, 6:6:0:0:15, 4:2:0:0:4, 8:6:0:0:12, 0:0:0:0:0, 0:0:0:0:0, 5:3:0:0:9, 5:1:0:0:5, 7:5:0:0:13, 7:1:1:0:8, 2:0:0:0:1, 3:0:0:0:1, 1:0:0:0:2, 8:3:1:0:9, 2:0:0:0:4, 2:0:0:0:2, 3:0:0:0:5, 9:4:0:0:18, 6:2:0:0:7, 6:0:0:0:5, 4:3:0:0:5, 4:0:0:0:4, 2:0:0:0:5, 1:0:0:0:2, 7:1:0:0:6, 4:1:0:0:8, 4:3:0:0:6, 7:7:0:0:14, 5:1:0:0:6, 6:0:0:0:7, 4:0:0:0:5, 9:1:0:0:9, 8:1:0:0:11, 6:5:0:0:9, 2:0:0:0:2, 7:3:0:0:11, 4:2:0:0:8, 9:4:0:0:8, 0:0:0:0:0, 3:0:0:0:4, 5:3:0:0:10, 7:1:0:0:7, 5:5:0:0:11, 7:1:0:0:5, 5:3:0:0:6, 1:0:0:0:2, 1:0:0:0:3, 1:0:0:0:1, 1:0:0:0:1, 791:253:8:0:1027
B dorian (5#), 5:0:0:0:1, 4:2:0:0:2, 5:0:0:0:1, 4:2:0:0:2, 5:0:0:0:2, 4:2:0:0:3, 5:0:0:0:2, 2:0:0:0:0, 1:0:0:0:0, 5:5:0:0:6, 5:1:0:0:2, 3:1:0:0:1, 4:0:0:0:1, 2:0:0:0:0, 2:0:0:0:0, 1:0:0:0:0, 2:0:0:0:0, 3:0:0:0:0, 4:0:0:0:0, 4:0:0:0:1, 5:0:0:0:2, 4:0:0:0:1, 5:0:0:0:2, 1:0:0:0:0, 6:1:0:0:2, 2:0:0:0:0, 1:0:2:0:2, 2:0:0:0:0, 5:4:0:0:4, 6:4:0:0:5, 0:0:0:0:0, 2:0:0:0:0, 0:0:0:0:0, 2:0:0:0:0, 6:3:0:0:5, 5:2:0:0:3, 9:4:0:0:5, 3:2:0:0:2, 4:0:0:0:4, 5:2:0:0:4, 4:0:0:0:3, 5:0:0:0:1, 1:0:0:0:0, 7:7:0:0:9, 5:2:0:0:5, 9:4:0:0:4, 6:0:0:0:2, 4:0:0:0:1, 6:0:0:0:1, 4:0:0:0:1, 1:0:0:0:0, 4:0:1:0:0, 5:1:0:0:1, 5:0:0:0:1, 8:2:0:0:3, 9:1:0:0:4, 7:0:0:0:2, 2:0:0:0:0, 6:1:0:0:2, 3:0:0:0:0, 2:0:0:0:0, 4:0:1:0:1, 6:5:0:0:8, 10:3:0:0:5, 0:0:0:0:0, 2:0:0:0:0, 0:0:0:0:0, 2:0:0:0:0, 5:2:0:0:6, 4:2:0:0:7, 5:3:0:0:5, 5:1:0:0:3, 4:0:0:0:4, 4:2:0:0:4, 4:0:0:0:4, 2:0:0:0:0, 1:0:0:0:0, 5:5:0:0:8, 7:1:0:0:2, 5:1:0:0:1, 5:0:0:0:3, 5:0:0:0:2, 3:0:0:0:0, 7:0:0:0:2, 2:0:0:0:0, 3:0:0:0:0, 2:0:0:0:0, 3:0:0:0:0, 5:0:0:0:2, 7:0:0:0:1, 5:0:0:0:3, 2:0:0:0:0, 5:1:0:0:2, 2:0:0:0:0, 0:0:0:0:0, 2:0:0:0:0, 5:4:0:0:4, 6:6:0:0:6, 0:0:0:0:0, 2:0:0:0:0, 0:0:0:0:0, 2:0:0:0:0, 6:2:0:0:5, 7:2:0:0:5, 7:4:0:0:7, 4:2:0:0:2, 7:0:0:0:3, 7:3:0:0:6, 5:0:0:0:2, 2:0:0:0:0, 1:0:0:0:0, 5:5:0:0:8, 6:3:0:0:5, 7:2:0:0:4, 6:0:0:0:2, 4:0:0:0:3, 2:0:0:0:0, 6:0:0:0:1, 1:0:0:0:0, 3:0:0:0:0, 2:0:0:0:0, 3:0:0:0:0, 6:0:0:0:4, 6:0:0:0:3, 6:0:0:0:3, 3:0:0:0:0, 5:1:0:0:4, 2:0:0:0:0, 0:0:0:0:0, 2:0:0:0:0, 7:10:0:0:11, 5:4:0:0:6, 0:0:0:0:0, 2:0:0:0:0, 2:0:0:0:0, 3:0:0:0:0, 6:2:0:0:4, 7:5:0:0:7, 7:4:0:0:6, 8:2:1:0:4, 4:0:0:0:2, 5:2:0:0:7, 4:0:0:0:3, 6:0:0:0:0, 2:0:1:0:1, 10:4:0:0:7, 7:3:0:0:6, 6:2:0:0:3, 4:0:0:0:2, 2:0:0:0:0, 2:0:0:0:0, 2:0:0:0:1, 1:0:0:0:0, 4:0:0:0:0, 2:0:0:0:0, 4:0:0:0:1, 6:0:0:0:3, 9:0:0:0:3, 8:1:0:0:5, 1:0:0:0:0, 6:1:0:0:4, 4:0:0:0:0, 0:0:0:0:0, 3:0:0:0:0, 6:5:0:0:6, 7:4:0:0:4, 0:0:0:0:0, 2:0:0:0:0, 0:0:0:0:0, 2:0:0:0:0, 0:0:0:0:0, 0:0:0:0:0, 0:0:0:0:0, 0:0:0:0:0, 0:0:0:0:0, 681:162:6:0:351
Db phrygian (5b), 4:1:0:0:4, 1:0:0:0:0, 4:1:0:0:4, 5:1:0:0:5, 4:0:0:0:4, 2:0:0:0:3, 4:0:0:0:6, 7:3:0:0:11, 4:4:0:0:6, 0:0:0:0:0, 2:0:0:0:1, 2:0:0:0:1, 3:1:0:0:4, 2:0:0:0:3, 5:1:0:0:5, 4:1:0:0:5, 6:2:0:0:8, 5:0:0:0:5, 8:1:0:0:7, 4:1:0:0:3, 4:0:0:0:4, 5:1:0:0:6, 5:0:0:0:5, 6:4:0:0:9, 4:1:0:0:7, 7:4:0:0:10, 7:2:0:0:4, 7:4:0:0:8, 0:0:0:0:0, 0:0:0:0:0, 5:3:0:0:5, 5:1:0:0:4, 5:3:0:0:7, 5:1:0:0:4, 2:0:0:0:1, 1:0:0:0:1, 3:0:0:0:2, 5:1:0:0:6, 2:0:0:0:4, 2:0:0:0:3, 3:0:0:0:5, 8:2:0:0:10, 4:5:0:0:11, 2:0:0:0:2, 3:0:0:0:3, 9:2:0:0:8, 4:0:0:0:4, 4:1:0:0:5, 10:3:1:0:8, 6:1:0:0:7, 4:5:0:0:9, 6:2:0:0:8, 8:4:0:0:13, 8:1:0:0:11, 7:1:0:0:8, 9:1:0:0:11, 7:0:0:0:9, 8:9:0:0:18, 3:0:0:0:3, 7:2:0:0:11, 7:4:1:0:9, 9:7:1:0:13, 1:0:0:0:1, 4:0:0:0:2, 6:6:0:0:9, 6:1:0:0:7, 6:5:0:0:10, 6:1:0:0:6, 1:0:0:0:0, 1:0:0:0:1, 1:0:0:0:1, 5:1:0:0:6, 2:0:0:0:2, 1:0:0:0:2, 2:0:0:0:4, 6:4:0:0:12, 5:2:0:0:6, 0:0:0:0:0, 5:0:0:0:3, 5:1:0:0:5, 3:0:0:0:4, 4:0:0:0:3, 5:1:2:0:4, 8:1:0:0:7, 6:2:0:0:10, 5:0:0:0:6, 7:2:0:0:8, 5:0:0:0:6, 4:0:0:0:5, 7:1:0:0:7, 4:0:0:0:6, 7:5:0:0:13, 2:0:0:0:2, 6:3:0:0:15, 4:2:0:0:9, 7:3:0:0:8, 1:0:0:0:2, 1:0:1:0:0, 6:4:0:0:7, 5:1:0:0:6, 5:3:0:0:7, 5:4:0:0:8, 2:0:0:0:1, 4:0:0:0:2, 2:0:0:0:1, 5:2:0:0:6, 4:0:0:0:3, 4:0:0:0:4, 3:0:0:0:5, 6:4:0:0:16, 6:2:0:0:8, 0:0:0:0:0, 4:0:0:0:4, 5:0:0:0:6, 3:0:0:0:6, 3:0:0:0:6, 6:5:0:0:12, 7:1:0:0:9, 5:3:0:0:6, 6:2:0:0:7, 6:4:0:0:8, 5:0:0:0:5, 6:0:0:0:7, 8:1:0:0:7, 5:0:0:0:5, 8:6:0:0:13, 3:0:0:0:3, 6:6:0:0:15, 4:2:0:0:4, 8:6:0:0:12, 0:0:0:0:0, 0:0:0:0:0, 5:3:0:0:9, 5:1:0:0:5, 7:5:0:0:13, 7:1:1:0:8, 2:0:0:0:1, 3:0:0:0:1, 1:0:0:0:2, 8:3:1:0:9, 2:0:0:0:4, 2:0:0:0:2, 3:0:0:0:5, 9:4:0:0:18, 6:2:0:0:7, 6:0:0:0:5, 4:3:0:0:5, 4:0:0:0:4, 2:0:0:0:5, 1:0:0:0:2, 7:1:0:0:6, 4:1:0:0:8, 4:3:0:0:6, 7:7:0:0:14, 5:1:0:0:6, 6:0:0:0:7, 4:0:0:0:5, 9:1:0:0:9, 8:1:0:0:11, 6:5:0:0:9, 2:0:0:0:2, 7:3:0:0:11, 4:2:0:0:8, 9:4:0:0:8, 0:0:0:0:0, 3:0:0:0:4, 5:3:0:0:10, 7:1:0:0:7, 5:5:0:0:11, 7:1:0:0:5, 5:3:0:0:6, 1:0:0:0:2, 1:0:0:0:3, 1:0:0:0:1, 1:0:0:0:1, 791:253:8:0:1027
B phrygian (5#), 5:0:0:0:1, 4:2:0:0:2, 5:0:0:0:1, 4:2:0:0:2, 5:0:0:0:2, 4:2:0:0:3, 5:0:0:0:2, 2:0:0:0:0, 1:0:0:0:0, 5:5:0:0:6, 5:1:0:0:2, 3:1:0:0:1, 4:0:0:0:1, 2:0:0:0:0, 2:0:0:0:0, 1:0:0:0:0, 2:0:0:0:0, 3:0:0:0:0, 4:0:0:0:0, 4:0:0:0:1, 5:0:0:0:2, 4:0:0:0:1, 5:0:0:0:2, 1:0:0:0:0, 6:1:0:0:2, 2:0:0:0:0, 1:0:2:0:2, 2:0:0:0:0, 5:4:0:0:4, 6:4:0:0:5, 0:0:0:0:0, 2:0:0:0:0, 0:0:0:0:0, 2:0:0:0:0, 6:3:0:0:5, 5:2:0:0:3, 9:4:0:0:5, 3:2:0:0:2, 4:0:0:0:4, 5:2:0:0:4, 4:0:0:0:3, 5:0:0:0:1, 1:0:0:0:0, 7:7:0:0:9, 5:2:0:0:5, 9:4:0:0:4, 6:0:0:0:2, 4:0:0:0:1, 6:0:0:0:1, 4:0:0:0:1, 1:0:0:0:0, 4:0:1:0:0, 5:1:0:0:1, 5:0:0:0:1, 8:2:0:0:3, 9:1:0:0:4, 7:0:0:0:2, 2:0:0:0:0, 6:1:0:0:2, 3:0:0:0:0, 2:0:0:0:0, 4:0:1:0:1, 6:5:0:0:8, 10:3:0:0:5, 0:0:0:0:0, 2:0:0:0:0, 0:0:0:0:0, 2:0:0:0:0, 5:2:0:0:6, 4:2:0:0:7, 5:3:0:0:5, 5:1:0:0:3, 4:0:0:0:4, 4:2:0:0:4, 4:0:0:0:4, 2:0:0:0:0, 1:0:0:0:0, 5:5:0:0:8, 7:1:0:0:2, 5:1:0:0:1, 5:0:0:0:3, 5:0:0:0:2, 3:0:0:0:0, 7:0:0:0:2, 2:0:0:0:0, 3:0:0:0:0, 2:0:0:0:0, 3:0:0:0:0, 5:0:0:0:2, 7:0:0:0:1, 5:0:0:0:3, 2:0:0:0:0, 5:1:0:0:2, 2:0:0:0:0, 0:0:0:0:0, 2:0:0:0:0, 5:4:0:0:4, 6:6:0:0:6, 0:0:0:0:0, 2:0:0:0:0, 0:0:0:0:0, 2:0:0:0:0, 6:2:0:0:5, 7:2:0:0:5, 7:4:0:0:7, 4:2:0:0:2, 7:0:0:0:3, 7:3:0:0:6, 5:0:0:0:2, 2:0:0:0:0, 1:0:0:0:0, 5:5:0:0:8, 6:3:0:0:5, 7:2:0:0:4, 6:0:0:0:2, 4:0:0:0:3, 2:0:0:0:0, 6:0:0:0:1, 1:0:0:0:0, 3:0:0:0:0, 2:0:0:0:0, 3:0:0:0:0, 6:0:0:0:4, 6:0:0:0:3, 6:0:0:0:3, 3:0:0:0:0, 5:1:0:0:4, 2:0:0:0:0, 0:0:0:0:0, 2:0:0:0:0, 7:10:0:0:11, 5:4:0:0:6, 0:0:0:0:0, 2:0:0:0:0, 2:0:0:0:0, 3:0:0:0:0, 6:2:0:0:4, 7:5:0:0:7, 7:4:0:0:6, 8:2:1:0:4, 4:0:0:0:2, 5:2:0:0:7, 4:0:0:0:3, 6:0:0:0:0, 2:0:1:0:1, 10:4:0:0:7, 7:3:0:0:6, 6:2:0:0:3, 4:0:0:0:2, 2:0:0:0:0, 2:0:0:0:0, 2:0:0:0:1, 1:0:0:0:0, 4:0:0:0:0, 2:0:0:0:0, 4:0:0:0:1, 6:0:0:0:3, 9:0:0:0:3, 8:1:0:0:5, 1:0:0:0:0, 6:1:0:0:4, 4:0:0:0:0, 0:0:0:0:0, 3:0:0:0:0, 6:5:0:0:6, 7:4:0:0:4, 0:0:0:0:0, 2:0:0:0:0, 0:0:0:0:0, 2:0:0:0:0, 0:0:0:0:0, 0:0:0:0:0, 0:0:0:0:0, 0:0:0:0:0, 0:0:0:0:0, 681:162:6:0:351
Db lydian (5b), 4:1:0:0:4, 1:0:0:0:0, 4:1:0:0:4, 5:1:0:0:5, 4:0:0:0:4, 2:0:0:0:3, 4:0:0:0:6, 7:3:0:0:11, 4:4:0:0:6, 0:0:0:0:0, 2:0:0:0:1, 2:0:0:0:1, 3:1:0:0:4, 2:0:0:0:3, 5:1:0:0:5, 4:1:0:0:5, 6:2:0:0:8, 5:0:0:0:5, 8:1:0:0:7, 4:1:0:0:3, 4:0:0:0:4, 5:1:0:0:6, 5:0:0:0:5, 6:4:0:0:9, 4:1:0:0:7, 7:4:0:0:10, 7:2:0:0:4, 7:4:0:0:8, 0:0:0:0:0, 0:0:0:0:0, 5:3:0:0:5, 5:1:0:0:4, 5:3:0:0:7, 5:1:0:0:4, 2:0:0:0:1, 1:0:0:0:1, 3:0:0:0:2, 5:1:0:0:6, 2:0:0:0:4, 2:0:0:0:3, 3:0:0:0:5, 8:2:0:0:10, 4:5:0:0:11, 2:0:0:0:2, 3:0:0:0:3, 9:2:0:0:8, 4:0:0:0:4, 4:1:0:0:5, 10:3:1:0:8, 6:1:0:0:7, 4:5:0:0:9, 6:2:0:0:8, 8:4:0:0:13, 8:1:0:0:11, 7:1:0:0:8, 9:1:0:0:11, 7:0:0:0:9, 8:9:0:0:18, 3:0:0:0:3, 7:2:0:0:11, 7:4:1:0:9, 9:7:1:0:13, 1:0:0:0:1, 4:0:0:0:2, 6:6:0:0:9, 6:1:0:0:7, 6:5:0:0:10, 6:1:0:0:6, 1:0:0:0:0, 1:0:0:0:1, 1:0:0:0:1, 5:1:0:0:6, 2:0:0:0:2, 1:0:0:0:2, 2:0:0:0:4, 6:4:0:0:12, 5:2:0:0:6, 0:0:0:0:0, 5:0:0:0:3, 5:1:0:0:5, 3:0:0:0:4, 4:0:0:0:3, 5:1:2:0:4, 8:1:0:0:7, 6:2:0:0:10, 5:0:0:0:6, 7:2:0:0:8, 5:0:0:0:6, 4:0:0:0:5, 7:1:0:0:7, 4:0:0:0:6, 7:5:0:0:13, 2:0:0:0:2, 6:3:0:0:15, 4:2:0:0:9, 7:3:0:0:8, 1:0:0:0:2, 1:0:1:0:0, 6:4:0:0:7, 5:1:0:0:6, 5:3:0:0:7, 5:4:0:0:8, 2:0:0:0:1, 4:0:0:0:2, 2:0:0:0:1, 5:2:0:0:6, 4:0:0:0:3, 4:0:0:0:4, 3:0:0:0:5, 6:4:0:0:16, 6:2:0:0:8, 0:0:0:0:0, 4:0:0:0:4, 5:0:0:0:6, 3:0:0:0:6, 3:0:0:0:6, 6:5:0:0:12, 7:1:0:0:9, 5:3:0:0:6, 6:2:0:0:7, 6:4:0:0:8, 5:0:0:0:5, 6:0:0:0:7, 8:1:0:0:7, 5:0:0:0:5, 8:6:0:0:13, 3:0:0:0:3, 6:6:0:0:15, 4:2:0:0:4, 8:6:0:0:12, 0:0:0:0:0, 0:0:0:0:0, 5:3:0:0:9, 5:1:0:0:5, 7:5:0:0:13, 7:1:1:0:8, 2:0:0:0:1, 3:0:0:0:1, 1:0:0:0:2, 8:3:1:0:9, 2:0:0:0:4, 2:0:0:0:2, 3:0:0:0:5, 9:4:0:0:18, 6:2:0:0:7, 6:0:0:0:5, 4:3:0:0:5, 4:0:0:0:4, 2:0:0:0:5, 1:0:0:0:2, 7:1:0:0:6, 4:1:0:0:8, 4:3:0:0:6, 7:7:0:0:14, 5:1:0:0:6, 6:0:0:0:7, 4:0:0:0:5, 9:1:0:0:9, 8:1:0:0:11, 6:5:0:0:9, 2:0:0:0:2, 7:3:0:0:11, 4:2:0:0:8, 9:4:0:0:8, 0:0:0:0:0, 3:0:0:0:4, 5:3:0:0:10, 7:1:0:0:7, 5:5:0:0:11, 7:1:0:0:5, 5:3:0:0:6, 1:0:0:0:2, 1:0:0:0:3, 1:0:0:0:1, 1:0:0:0:1, 791:253:8:0:1027
B lydian (5#), 5:0:0:0:1, 4:2:0:0:2, 5:0:0:0:1, 4:2:0:0:2, 5:0:0:0:2, 4:2:0:0:3, 5:0:0:0:2, 2:0:0:0:0, 1:0:0:0:0, 5:5:0:0:6, 5:1:0:0:2, 3:1:0:0:1, 4:0:0:0:1, 2:0:0:0:0, 2:0:0:0:0, 1:0:0:0:0, 2:0:0:0:0, 3:0:0:0:0, 4:0:0:0:0, 4:0:0:0:1, 5:0:0:0:2, 4:0:0:0:1, 5:0:0:0:2, 1:0:0:0:0, 6:1:0:0:2, 2:0:0:0:0, 1:0:2:0:2, 2:0:0:0:0, 5:4:0:0:4, 6:4:0:0:5, 0:0:0:0:0, 2:0:0:0:0, 0:0:0:0:0, 2:0:0:0:0, 6:3:0:0:5, 5:2:0:0:3, 9:4:0:0:5, 3:2:0:0:2, 4:0:0:0:4, 5:2:0:0:4, 4:0:0:0:3, 5:0:0:0:1, 1:0:0:0:0, 7:7:0:0:9, 5:2:0:0:5, 9:4:0:0:4, 6:0:0:0:2, 4:0:0:0:1, 6:0:0:0:1, 4:0:0:0:1, 1:0:0:0:0, 4:0:1:0:0, 5:1:0:0:1, 5:0:0:0:1, 8:2:0:0:3, 9:1:0:0:4, 7:0:0:0:2, 2:0:0:0:0, 6:1:0:0:2, 3:0:0:0:0, 2:0:0:0:0, 4:0:1:0:1, 6:5:0:0:8, 10:3:0:0:5, 0:0:0:0:0, 2:0:0:0:0, 0:0:0:0:0, 2:0:0:0:0, 5:2:0:0:6, 4:2:0:0:7, 5:3:0:0:5, 5:1:0:0:3, 4:0:0:0:4, 4:2:0:0:4, 4:0:0:0:4, 2:0:0:0:0, 1:0:0:0:0, 5:5:0:0:8, 7:1:0:0:2, 5:1:0:0:1, 5:0:0:0:3, 5:0:0:0:2, 3:0:0:0:0, 7:0:0:0:2, 2:0:0:0:0, 3:0:0:0:0, 2:0:0:0:0, 3:0:0:0:0, 5:0:0:0:2, 7:0:0:0:1, 5:0:0:0:3, 2:0:0:0:0, 5:1:0:0:2, 2:0:0:0:0, 0:0:0:0:0, 2:0:0:0:0, 5:4:0:0:4, 6:6:0:0:6, 0:0:0:0:0, 2:0:0:0:0, 0:0:0:0:0, 2:0:0:0:0, 6:2:0:0:5, 7:2:0:0:5, 7:4:0:0:7, 4:2:0:0:2, 7:0:0:0:3, 7:3:0:0:6, 5:0:0:0:2, 2:0:0:0:0, 1:0:0:0:0, 5:5:0:0:8, 6:3:0:0:5, 7:2:0:0:4, 6:0:0:0:2, 4:0:0:0:3, 2:0:0:0:0, 6:0:0:0:1, 1:0:0:0:0, 3:0:0:0:0, 2:0:0:0:0, 3:0:0:0:0, 6:0:0:0:4, 6:0:0:0:3, 6:0:0:0:3, 3:0:0:0:0, 5:1:0:0:4, 2:0:0:0:0, 0:0:0:0:0, 2:0:0:0:0, 7:10:0:0:11, 5:4:0:0:6, 0:0:0:0:0, 2:0:0:0:0, 2:0:0:0:0, 3:0:0:0:0, 6:2:0:0:4, 7:5:0:0:7, 7:4:0:0:6, 8:2:1:0:4, 4:0:0:0:2, 5:2:0:0:7, 4:0:0:0:3, 6:0:0:0:0, 2:0:1:0:1, 10:4:0:0:7, 7:3:0:0:6, 6:2:0:0:3, 4:0:0:0:2, 2:0:0:0:0, 2:0:0:0:0, 2:0:0:0:1, 1:0:0:0:0, 4:0:0:0:0, 2:0:0:0:0, 4:0:0:0:1, 6:0:0:0:3, 9:0:0:0:3, 8:1:0:0:5, 1:0:0:0:0, 6:1:0:0:4, 4:0:0:0:0, 0:0:0:0:0, 3:0:0:0:0, 6:5:0:0:6, 7:4:0:0:4, 0:0:0:0:0, 2:0:0:0:0, 0:0:0:0:0, 2:0:0:0:0, 0:0:0:0:0, 0:0:0:0:0, 0:0:0:0:0, 0:0:0:0:0, 0:0:0:0:0, 681:162:6:0:351
Db mixolydian (5b), 4:1:0:0:4, 1:0:0:0:0, 4:1:0:0:4, 5:1:0:0:5, 4:0:0:0:4, 2:0:0:0:3, 4:0:0:0:6, 7:3:0:0:11, 4:4:0:0:6, 0:0:0:0:0, 2:0:0:0:1, 2:0:0:0:1, 3:1:0:0:4, 2:0:0:0:3, 5:1:0:0:5, 4:1:0:0:5, 6:2:0:0:8, 5:0:0:0:5, 8:1:0:0:7, 4:1:0:0:3, 4:0:0:0:4, 5:1:0:0:6, 5:0:0:0:5, 6:4:0:0:9, 4:1:0:0:7, 7:4:0:0:10, 7:2:0:0:4, 7:4:0:0:8, 0:0:0:0:0, 0:0:0:0:0, 5:3:0:0:5, 5:1:0:0:4, 5:3:0:0:7, 5:1:0:0:4, 2:0:0:0:1, 1:0:0:0:1, 3:0:0:0:2, 5:1:0:0:6, 2:0:0:0:4, 2:0:0:0:3, 3:0:0:0:5, 8:2:0:0:10, 4:5:0:0:11, 2:0:0:0:2, 3:0:0:0:3, 9:2:0:0:8, 4:0:0:0:4, 4:1:0:0:5, 10:3:1:0:8, 6:1:0:0:7, 4:5:0:0:9, 6:2:0:0:8, 8:4:0:0:13, 8:1:0:0:11, 7:1:0:0:8, 9:1:0:0:11, 7:0:0:0:9, 8:9:0:0:18, 3:0:0:0:3, 7:2:0:0:11, 7:4:1:0:9, 9:7:1:0:13, 1:0:0:0:1, 4:0:0:0:2, 6:6:0:0:9, 6:1:0:0:7, 6:5:0:0:10, 6:1:0:0:6, 1:0:0:0:0, 1:0:0:0:1, 1:0:0:0:1, 5:1:0:0:6, 2:0:0:0:2, 1:0:0:0:2, 2:0:0:0:4, 6:4:0:0:12, 5:2:0:0:6, 0:0:0:0:0, 5:0:0:0:3, 5:1:0:0:5, 3:0:0:0:4, 4:0:0:0:3, 5:1:2:0:4, 8:1:0:0:7, 6:2:0:0:10, 5:0:0:0:6, 7:2:0:0:8, 5:0:0:0:6, 4:0:0:0:5, 7:1:0:0:7, 4:0:0:0:6, 7:5:0:0:13, 2:0:0:0:2, 6:3:0:0:15, 4:2:0:0:9, 7:3:0:0:8, 1:0:0:0:2, 1:0:1:0:0, 6:4:0:0:7, 5:1:0:0:6, 5:3:0:0:7, 5:4:0:0:8, 2:0:0:0:1, 4:0:0:0:2, 2:0:0:0:1, 5:2:0:0:6, 4:0:0:0:3, 4:0:0:0:4, 3:0:0:0:5, 6:4:0:0:16, 6:2:0:0:8, 0:0:0:0:0, 4:0:0:0:4, 5:0:0:0:6, 3:0:0:0:6, 3:0:0:0:6, 6:5:0:0:12, 7:1:0:0:9, 5:3:0:0:6, 6:2:0:0:7, 6:4:0:0:8, 5:0:0:0:5, 6:0:0:0:7, 8:1:0:0:7, 5:0:0:0:5, 8:6:0:0:13, 3:0:0:0:3, 6:6:0:0:15, 4:2:0:0:4, 8:6:0:0:12, 0:0:0:0:0, 0:0:0:0:0, 5:3:0:0:9, 5:1:0:0:5, 7:5:0:0:13, 7:1:1:0:8, 2:0:0:0:1, 3:0:0:0:1, 1:0:0:0:2, 8:3:1:0:9, 2:0:0:0:4, 2:0:0:0:2, 3:0:0:0:5, 9:4:0:0:18, 6:2:0:0:7, 6:0:0:0:5, 4:3:0:0:5, 4:0:0:0:4, 2:0:0:0:5, 1:0:0:0:2, 7:1:0:0:6, 4:1:0:0:8, 4:3:0:0:6, 7:7:0:0:14, 5:1:0:0:6, 6:0:0:0:7, 4:0:0:0:5, 9:1:0:0:9, 8:1:0:0:11, 6:5:0:0:9, 2:0:0:0:2, 7:3:0:0:11, 4:2:0:0:8, 9:4:0:0:8, 0:0:0:0:0, 3:0:0:0:4, 5:3:0:0:10, 7:1:0:0:7, 5:5:0:0:11, 7:1:0:0:5, 5:3:0:0:6, 1:0:0:0:2, 1:0:0:0:3, 1:0:0:0:1, 1:0:0:0:1, 791:253:8:0:1027
B mixolydian (5#), 5:0:0:0:1, 4:2:0:0:2, 5:0:0:0:1, 4:2:0:0:2, 5:0:0:0:2, 4:2:0:0:3, 5:0:0:0:2, 2:0:0:0:0, 1:0:0:0:0, 5:5:0:0:6, 5:1:0:0:2, 3:1:0:0:1, 4:0:0:0:1, 2:0:0:0:0, 2:0:0:0:0, 1:0:0:0:0, 2:0:0:0:0, 3:0:0:0:0, 4:0:0:0:0, 4:0:0:0:1, 5:0:0:0:2, 4:0:0:0:1, 5:0:0:0:2, 1:0:0:0:0, 6:1:0:0:2, 2:0:0:0:0, 1:0:2:0:2, 2:0:0:0:0, 5:4:0:0:4, 6:4:0:0:5, 0:0:0:0:0, 2:0:0:0:0, 0:0:0:0:0, 2:0:0:0:0, 6:3:0:0:5, 5:2:0:0:3, 9:4:0:0:5, 3:2:0:0:2, 4:0:0:0:4, 5:2:0:0:4, 4:0:0:0:3, 5:0:0:0:1, 1:0:0:0:0, 7:7:0:0:9, 5:2:0:0:5, 9:4:0:0:4, 6:0:0:0:2, 4:0:0:0:1, 6:0:0:0:1, 4:0:0:0:1, 1:0:0:0:0, 4:0:1:0:0, 5:1:0:0:1, 5:0:0:0:1, 8:2:0:0:3, 9:1:0:0:4, 7:0:0:0:2, 2:0:0:0:0, 6:1:0:0:2, 3:0:0:0:0, 2:0:0:0:0, 4:0:1:0:1, 6:5:0:0:8, 10:3:0:0:5, 0:0:0:0:0, 2:0:0:0:0, 0:0:0:0:0, 2:0:0:0:0, 5:2:0:0:6, 4:2:0:0:7, 5:3:0:0:5, 5:1:0:0:3, 4:0:0:0:4, 4:2:0:0:4, 4:0:0:0:4, 2:0:0:0:0, 1:0:0:0:0, 5:5:0:0:8, 7:1:0:0:2, 5:1:0:0:1, 5:0:0:0:3, 5:0:0:0:2, 3:0:0:0:0, 7:0:0:0:2, 2:0:0:0:0, 3:0:0:0:0, 2:0:0:0:0, 3:0:0:0:0, 5:0:0:0:2, 7:0:0:0:1, 5:0:0:0:3, 2:0:0:0:0, 5:1:0:0:2, 2:0:0:0:0, 0:0:0:0:0, 2:0:0:0:0, 5:4:0:0:4, 6:6:0:0:6, 0:0:0:0:0, 2:0:0:0:0, 0:0:0:0:0, 2:0:0:0:0, 6:2:0:0:5, 7:2:0:0:5, 7:4:0:0:7, 4:2:0:0:2, 7:0:0:0:3, 7:3:0:0:6, 5:0:0:0:2, 2:0:0:0:0, 1:0:0:0:0, 5:5:0:0:8, 6:3:0:0:5, 7:2:0:0:4, 6:0:0:0:2, 4:0:0:0:3, 2:0:0:0:0, 6:0:0:0:1, 1:0:0:0:0, 3:0:0:0:0, 2:0:0:0:0, 3:0:0:0:0, 6:0:0:0:4, 6:0:0:0:3, 6:0:0:0:3, 3:0:0:0:0, 5:1:0:0:4, 2:0:0:0:0, 0:0:0:0:0, 2:0:0:0:0, 7:10:0:0:11, 5:4:0:0:6, 0:0:0:0:0, 2:0:0:0:0, 2:0:0:0:0, 3:0:0:0:0, 6:2:0:0:4, 7:5:0:0:7, 7:4:0:0:6, 8:2:1:0:4, 4:0:0:0:2, 5:2:0:0:7, 4:0:0:0:3, 6:0:0:0:0, 2:0:1:0:1, 10:4:0:0:7, 7:3:0:0:6, 6:2:0:0:3, 4:0:0:0:2, 2:0:0:0:0, 2:0:0:0:0, 2:0:0:0:1, 1:0:0:0:0, 4:0:0:0:0, 2:0:0:0:0, 4:0:0:0:1, 6:0:0:0:3, 9:0:0:0:3, 8:1:0:0:5, 1:0:0:0:0, 6:1:0:0:4, 4:0:0:0:0, 0:0:0:0:0, 3:0:0:0:0, 6:5:0:0:6, 7:4:0:0:4, 0:0:0:0:0, 2:0:0:0:0, 0:0:0:0:0, 2:0:0:0:0, 0:0:0:0:0, 0:0:0:0:0, 0:0:0:0:0, 0:0:0:0:0, 0:0:0:0:0, 681:162:6:0:351
Db aeolian (5b), 4:1:0:0:4, 1:0:0:0:0, 4:1:0:0:4, 5:1:0:0:5, 4:0:0:0:4, 2:0:0:0:3, 4:0:0:0:6, 7:3:0:0:11, 4:4:0:0:6, 0:0:0:0:0, 2:0:0:0:1, 2:0:0:0:1, 3:1:0:0:4, 2:0:0:0:3, 5:1:0:0:5, 4:1:0:0:5, 6:2:0:0:8, 5:0:0:0:5, 8:1:0:0:7, 4:1:0:0:3, 4:0:0:0:4, 5:1:0:0:6, 5:0:0:0:5, 6:4:0:0:9, 4:1:0:0:7, 7:4:0:0:10, 7:2:0:0:4, 7:4:0:0:8, 0:0:0:0:0, 0:0:0:0:0, 5:3:0:0:5, 5:1:0:0:4, 5:3:0:0:7, 5:1:0:0:4, 2:0:0:0:1, 1:0:0:0:1, 3:0:0:0:2, 5:1:0:0:6, 2:0:0:0:4, 2:0:0:0:3, 3:0:0:0:5, 8:2:0:0:10, 4:5:0:0:11, 2:0:0:0:2, 3:0:0:0:3, 9:2:0:0:8, 4:0:0:0:4, 4:1:0:0:5, 10:3:1:0:8, 6:1:0:0:7, 4:5:0:0:9, 6:2:0:0:8, 8:4:0:0:13, 8:1:0:0:11, 7:1:0:0:8, 9:1:0:0:11, 7:0:0:0:9, 8:9:0:0:18, 3:0:0:0:3, 7:2:0:0:11, 7:4:1:0:9, 9:7:1:0:13, 1:0:0:0:1, 4:0:0:0:2, 6:6:0:0:9, 6:1:0:0:7, 6:5:0:0:10, 6:1:0:0:6, 1:0:0:0:0, 1:0:0:0:1, 1:0:0:0:1, 5:1:0:0:6, 2:0:0:0:2, 1:0:0:0:2, 2:0:0:0:4, 6:4:0:0:12, 5:2:0:0:6, 0:0:0:0:0, 5:0:0:0:3, 5:1:0:0:5, 3:0:0:0:4, 4:0:0:0:3, 5:1:2:0:4, 8:1:0:0:7, 6:2:0:0:10, 5:0:0:0:6, 7:2:0:0:8, 5:0:0:0:6, 4:0:0:0:5, 7:1:0:0:7, 4:0:0:0:6, 7:5:0:0:13, 2:0:0:0:2, 6:3:0:0:15, 4:2:0:0:9, 7:3:0:0:8, 1:0:0:0:2, 1:0:1:0:0, 6:4:0:0:7, 5:1:0:0:6, 5:3:0:0:7, 5:4:0:0:8, 2:0:0:0:1, 4:0:0:0:2, 2:0:0:0:1, 5:2:0:0:6, 4:0:0:0:3, 4:0:0:0:4, 3:0:0:0:5, 6:4:0:0:16, 6:2:0:0:8, 0:0:0:0:0, 4:0:0:0:4, 5:0:0:0:6, 3:0:0:0:6, 3:0:0:0:6, 6:5:0:0:12, 7:1:0:0:9, 5:3:0:0:6, 6:2:0:0:7, 6:4:0:0:8, 5:0:0:0:5, 6:0:0:0:7, 8:1:0:0:7, 5:0:0:0:5, 8:6:0:0:13, 3:0:0:0:3, 6:6:0:0:15, 4:2:0:0:4, 8:6:0:0:12, 0:0:0:0:0, 0:0:0:0:0, 5:3:0:0:9, 5:1:0:0:5, 7:5:0:0:13, 7:1:1:0:8, 2:0:0:0:1, 3:0:0:0:1, 1:0:0:0:2, 8:3:1:0:9, 2:0:0:0:4, 2:0:0:0:2, 3:0:0:0:5, 9:4:0:0:18, 6:2:0:0:7, 6:0:0:0:5, 4:3:0:0:5, 4:0:0:0:4, 2:0:0:0:5, 1:0:0:0:2, 7:1:0:0:6, 4:1:0:0:8, 4:3:0:0:6, 7:7:0:0:14, 5:1:0:0:6, 6:0:0:0:7, 4:0:0:0:5, 9:1:0:0:9, 8:1:0:0:11, 6:5:0:0:9, 2:0:0:0:2, 7:3:0:0:11, 4:2:0:0:8, 9:4:0:0:8, 0:0:0:0:0, 3:0:0:0:4, 5:3:0:0:10, 7:1:0:0:7, 5:5:0:0:11, 7:1:0:0:5, 5:3:0:0:6, 1:0:0:0:2, 1:0:0:0:3, 1:0:0:0:1, 1:0:0:0:1, 791:253:8:0:1027
B aeolian (5#), 5:0:0:0:1, 4:2:0:0:2, 5:0:0:0:1, 4:2:0:0:2, 5:0:0:0:2, 4:2:0:0:3, 5:0:0:0:2, 2:0:0:0:0, 1:0:0:0:0, 5:5:0:0:6, 5:1:0:0:2, 3:1:0:0:1, 4:0:0:0:1, 2:0:0:0:0, 2:0:0:0:0, 1:0:0:0:0, 2:0:0:0:0, 3:0:0:0:0, 4:0:0:0:0, 4:0:0:0:1, 5:0:0:0:2, 4:0:0:0:1, 5:0:0:0:2, 1:0:0:0:0, 6:1:0:0:2, 2:0:0:0:0, 1:0:2:0:2, 2:0:0:0:0, 5:4:0:0:4, 6:4:0:0:5, 0:0:0:0:0, 2:0:0:0:0, 0:0:0:0:0, 2:0:0:0:0, 6:3:0:0:5, 5:2:0:0:3, 9:4:0:0:5, 3:2:0:0:2, 4:0:0:0:4, 5:2:0:0:4, 4:0:0:0:3, 5:0:0:0:1, 1:0:0:0:0, 7:7:0:0:9, 5:2:0:0:5, 9:4:0:0:4, 6:0:0:0:2, 4:0:0:0:1, 6:0:0:0:1, 4:0:0:0:1, 1:0:0:0:0, 4:0:1:0:0, 5:1:0:0:1, 5:0:0:0:1, 8:2:0:0:3, 9:1:0:0:4, 7:0:0:0:2, 2:0:0:0:0, 6:1:0:0:2, 3:0:0:0:0, 2:0:0:0:0, 4:0:1:0:1, 6:5:0:0:8, 10:3:0:0:5, 0:0:0:0:0, 2:0:0:0:0, 0:0:0:0:0, 2:0:0:0:0, 5:2:0:0:6, 4:2:0:0:7, 5:3:0:0:5, 5:1:0:0:3, 4:0:0:0:4, 4:2:0:0:4, 4:0:0:0:4, 2:0:0:0:0, 1:0:0:0:0, 5:5:0:0:8, 7:1:0:0:2, 5:1:0:0:1, 5:0:0:0:3, 5:0:0:0:2, 3:0:0:0:0, 7:0:0:0:2, 2:0:0:0:0, 3:0:0:0:0, 2:0:0:0:0, 3:0:0:0:0, 5:0:0:0:2, 7:0:0:0:1, 5:0:0:0:3, 2:0:0:0:0, 5:1:0:0:2, 2:0:0:0:0, 0:0:0:0:0, 2:0:0:0:0, 5:4:0:0:4, 6:6:0:0:6, 0:0:0:0:0, 2:0:0:0:0, 0:0:0:0:0, 2:0:0:0:0, 6:2:0:0:5, 7:2:0:0:5, 7:4:0:0:7, 4:2:0:0:2, 7:0:0:0:3, 7:3:0:0:6, 5:0:0:0:2, 2:0:0:0:0, 1:0:0:0:0, 5:5:0:0:8, 6:3:0:0:5, 7:2:0:0:4, 6:0:0:0:2, 4:0:0:0:3, 2:0:0:0:0, 6:0:0:0:1, 1:0:0:0:0, 3:0:0:0:0, 2:0:0:0:0, 3:0:0:0:0, 6:0:0:0:4, 6:0:0:0:3, 6:0:0:0:3, 3:0:0:0:0, 5:1:0:0:4, 2:0:0:0:0, 0:0:0:0:0, 2:0:0:0:0, 7:10:0:0:11, 5:4:0:0:6, 0:0:0:0:0, 2:0:0:0:0, 2:0:0:0:0, 3:0:0:0:0, 6:2:0:0:4, 7:5:0:0:7, 7:4:0:0:6, 8:2:1:0:4, 4:0:0:0:2, 5:2:0:0:7, 4:0:0:0:3, 6:0:0:0:0, 2:0:1:0:1, 10:4:0:0:7, 7:3:0:0:6, 6:2:0:0:3, 4:0:0:0:2, 2:0:0:0:0, 2:0:0:0:0, 2:0:0:0:1, 1:0:0:0:0, 4:0:0:0:0, 2:0:0:0:0, 4:0:0:0:1, 6:0:0:0:3, 9:0:0:0:3, 8:1:0:0:5, 1:0:0:0:0, 6:1:0:0:4, 4:0:0:0:0, 0:0:0:0:0, 3:0:0:0:0, 6:5:0:0:6, 7:4:0:0:4, 0:0:0:0:0, 2:0:0:0:0, 0:0:0:0:0, 2:0:0:0:0, 0:0:0:0:0, 0:0:0:0:0, 0:0:0:0:0, 0:0:0:0:0, 0:0:0:0:0, 681:162:6:0:351
Db locrian (5b), 4:1:0:0:4, 1:0:0:0:0, 4:1:0:0:4, 5:1:0:0:5, 4:0:0:0:4, 2:0:0:0:3, 4:0:0:0:6, 7:3:0:0:11, 4:4:0:0:6, 0:0:0:0:0, 2:0:0:0:1, 2:0:0:0:1, 3:1:0:0:4, 2:0:0:0:3, 5:1:0:0:5, 4:1:0:0:5, 6:2:0:0:8, 5:0:0:0:5, 8:1:0:0:7, 4:1:0:0:3, 4:0:0:0:4, 5:1:0:0:6, 5:0:0:0:5, 6:4:0:0:9, 4:1:0:0:7, 7:4:0:0:10, 7:2:0:0:4, 7:4:0:0:8, 0:0:0:0:0, 0:0:0:0:0, 5:3:0:0:5, 5:1:0:0:4, 5:3:0:0:7, 5:1:0:0:4, 2:0:0:0:1, 1:0:0:0:1, 3:0:0:0:2, 5:1:0:0:6, 2:0:0:0:4, 2:0:0:0:3, 3:0:0:0:5, 8:2:0:0:10, 4:5:0:0:11, 2:0:0:0:2, 3:0:0:0:3, 9:2:0:0:8, 4:0:0:0:4, 4:1:0:0:5, 10:3:1:0:8, 6:1:0:0:7, 4:5:0:0:9, 6:2:0:0:8, 8:4:0:0:13, 8:1:0:0:11, 7:1:0:0:8, 9:1:0:0:11, 7:0:0:0:9, 8:9:0:0:18, 3:0:0:0:3, 7:2:0:0:11, 7:4:1:0:9, 9:7:1:0:13, 1:0:0:0:1, 4:0:0:0:2, 6:6:0:0:9, 6:1:0:0:7, 6:5:0:0:10, 6:1:0:0:6, 1:0:0:0:0, 1:0:0:0:1, 1:0:0:0:1, 5:1:0:0:6, 2:0:0:0:2, 1:0:0:0:2, 2:0:0:0:4, 6:4:0:0:12, 5:2:0:0:6, 0:0:0:0:0, 5:0:0:0:3, 5:1:0:0:5, 3:0:0:0:4, 4:0:0:0:3, 5:1:2:0:4, 8:1:0:0:7, 6:2:0:0:10, 5:0:0:0:6, 7:2:0:0:8, 5:0:0:0:6, 4:0:0:0:5, 7:1:0:0:7, 4:0:0:0:6, 7:5:0:0:13, 2:0:0:0:2, 6:3:0:0:15, 4:2:0:0:9, 7:3:0:0:8, 1:0:0:0:2, 1:0:1:0:0, 6:4:0:0:7, 5:1:0:0:6, 5:3:0:0:7, 5:4:0:0:8, 2:0:0:0:1, 4:0:0:0:2, 2:0:0:0:1, 5:2:0:0:6, 4:0:0:0:3, 4:0:0:0:4, 3:0:0:0:5, 6:4:0:0:16, 6:2:0:0:8, 0:0:0:0:0, 4:0:0:0:4, 5:0:0:0:6, 3:0:0:0:6, 3:0:0:0:6, 6:5:0:0:12, 7:1:0:0:9, 5:3:0:0:6, 6:2:0:0:7, 6:4:0:0:8, 5:0:0:0:5, 6:0:0:0:7, 8:1:0:0:7, 5:0:0:0:5, 8:6:0:0:13, 3:0:0:0:3, 6:6:0:0:15, 4:2:0:0:4, 8:6:0:0:12, 0:0:0:0:0, 0:0:0:0:0, 5:3:0:0:9, 5:1:0:0:5, 7:5:0:0:13, 7:1:1:0:8, 2:0:0:0:1, 3:0:0:0:1, 1:0:0:0:2, 8:3:1:0:9, 2:0:0:0:4, 2:0:0:0:2, 3:0:0:0:5, 9:4:0:0:18, 6:2:0:0:7, 6:0:0:0:5, 4:3:0:0:5, 4:0:0:0:4, 2:0:0:0:5, 1:0:0:0:2, 7:1:0:0:6, 4:1:0:0:8, 4:3:0:0:6, 7:7:0:0:14, 5:1:0:0:6, 6:0:0:0:7, 4:0:0:0:5, 9:1:0:0:9, 8:1:0:0:11, 6:5:0:0:9, 2:0:0:0:2, 7:3:0:0:11, 4:2:0:0:8, 9:4:0:0:8, 0:0:0:0:0, 3:0:0:0:4, 5:3:0:0:10, 7:1:0:0:7, 5:5:0:0:11, 7:1:0:0:5, 5:3:0:0:6, 1:0:0:0:2, 1:0:0:0:3, 1:0:0:0:1, 1:0:0:0:1, 791:253:8:0:1027
B locrian (5#), 5:0:0:0:1, 4:2:0:0:2, 5:0:0:0:1, 4:2:0:0:2, 5:0:0:0:2, 4:2:0:0:3, 5:0:0:0:2, 2:0:0:0:0, 1:0:0:0:0, 5:5:0:0:6, 5:1:0:0:2, 3:1:0:0:1, 4:0:0:0:1, 2:0:0:0:0, 2:0:0:0:0, 1:0:0:0:0, 2:0:0:0:0, 3:0:0:0:0, 4:0:0:0:0, 4:0:0:0:1, 5:0:0:0:2, 4:0:0:0:1, 5:0:0:0:2, 1:0:0:0:0, 6:1:0:0:2, 2:0:0:0:0, 1:0:2:0:2, 2:0:0:0:0, 5:4:0:0:4, 6:4:0:0:5, 0:0:0:0:0, 2:0:0:0:0, 0:0:0:0:0, 2:0:0:0:0, 6:3:0:0:5, 5:2:0:0:3, 9:4:0:0:5, 3:2:0:0:2, 4:0:0:0:4, 5:2:0:0:4, 4:0:0:0:3, 5:0:0:0:1, 1:0:0:0:0, 7:7:0:0:9, 5:2:0:0:5, 9:4:0:0:4, 6:0:0:0:2, 4:0:0:0:1, 6:0:0:0:1, 4:0:0:0:1, 1:0:0:0:0, 4:0:1:0:0, 5:1:0:0:1, 5:0:0:0:1, 8:2:0:0:3, 9:1:0:0:4, 7:0:0:0:2, 2:0:0:0:0, 6:1:0:0:2, 3:0:0:0:0, 2:0:0:0:0, 4:0:1:0:1, 6:5:0:0:8, 10:3:0:0:5, 0:0:0:0:0, 2:0:0:0:0, 0:0:0:0:0, 2:0:0:0:0, 5:2:0:0:6, 4:2:0:0:7, 5:3:0:0:5, 5:1:0:0:3, 4:0:0:0:4, 4:2:0:0:4, 4:0:0:0:4, 2:0:0:0:0, 1:0:0:0:0, 5:5:0:0:8, 7:1:0:0:2, 5:1:0:0:1, 5:0:0:0:3, 5:0:0:0:2, 3:0:0:0:0, 7:0:0:0:2, 2:0:0:0:0, 3:0:0:0:0, 2:0:0:0:0, 3:0:0:0:0, 5:0:0:0:2, 7:0:0:0:1, 5:0:0:0:3, 2:0:0:0:0, 5:1:0:0:2, 2:0:0:0:0, 0:0:0:0:0, 2:0:0:0:0, 5:4:0:0:4, 6:6:0:0:6, 0:0:0:0:0, 2:0:0:0:0, 0:0:0:0:0, 2:0:0:0:0, 6:2:0:0:5, 7:2:0:0:5, 7:4:0:0:7, 4:2:0:0:2, 7:0:0:0:3, 7:3:0:0:6, 5:0:0:0:2, 2:0:0:0:0, 1:0:0:0:0, 5:5:0:0:8, 6:3:0:0:5, 7:2:0:0:4, 6:0:0:0:2, 4:0:0:0:3, 2:0:0:0:0, 6:0:0:0:1, 1:0:0:0:0, 3:0:0:0:0, 2:0:0:0:0, 3:0:0:0:0, 6:0:0:0:4, 6:0:0:0:3, 6:0:0:0:3, 3:0:0:0:0, 5:1:0:0:4, 2:0:0:0:0, 0:0:0:0:0, 2:0:0:0:0, 7:10:0:0:11, 5:4:0:0:6, 0:0:0:0:0, 2:0:0:0:0, 2:0:0:0:0, 3:0:0:0:0, 6:2:0:0:4, 7:5:0:0:7, 7:4:0:0:6, 8:2:1:0:4, 4:0:0:0:2, 5:2:0:0:7, 4:0:0:0:3, 6:0:0:0:0, 2:0:1:0:1, 10:4:0:0:7, 7:3:0:0:6, 6:2:0:0:3, 4:0:0:0:2, 2:0:0:0:0, 2:0:0:0:0, 2:0:0:0:1, 1:0:0:0:0, 4:0:0:0:0, 2:0:0:0:0, 4:0:0:0:1, 6:0:0:0:3, 9:0:0:0:3, 8:1:0:0:5, 1:0:0:0:0, 6:1:0:0:4, 4:0:0:0:0, 0:0:0:0:0, 3:0:0:0:0, 6:5:0:0:6, 7:4:0:0:4, 0:0:0:0:0, 2:0:0:0:0, 0:0:0:0:0, 2:0:0:0:0, 0:0:0:0:0, 0:0:0:0:0, 0:0:0:0:0, 0:0:0:0:0, 0:0:0:0:0, 681:162:6:0:351
Gb major (6b), 5:1:0:0:5, 2:0:0:0:2, 5:1:0:0:5, 5:1:0:0:8, 5:0:0:0:6, 2:0:0:0:3, 5:0:0:0:7, 7:3:0:0:11, 4:4:0:0:6, 1:0:0:0:0, 3:0:0:0:2, 3:0:0:0:2, 4:1:0:0:4, 3:0:0:0:3, 5:1:0:0:5, 4:1:0:0:5, 6:2:0:0:6, 5:0:0:0:5, 8:1:0:0:7, 4:1:0:0:4, 5:0:0:0:6, 5:1:0:0:7, 6:0:0:0:6, 6:4:0:0:9, 5:1:0:0:7, 7:4:0:0:10, 7:2:0:0:4, 7:4:0:0:10, 0:0:0:0:0, 1:0:0:0:0, 5:3:0:0:5, 5:1:0:0:4, 5:3:0:0:7, 5:1:0:0:4, 3:0:0:0:2, 2:0:0:0:1, 4:0:0:0:3, 5:1:0:0:9, 3:0:0:0:4, 2:0:0:0:3, 4:0:0:0:5, 8:2:0:0:11, 4:5:0:0:11, 3:0:0:0:2, 3:0:0:0:4, 10:2:0:0:11, 5:0:0:0:5, 5:1:0:0:5, 9:3:0:0:8, 6:1:0:0:9, 4:5:0:0:9, 6:2:0:0:9, 9:4:0:0:15, 8:1:0:0:12, 8:1:0:0:11, 10:1:0:0:13, 8:0:0:0:9, 8:9:0:0:18, 4:0:0:0:3, 8:2:0:0:11, 7:4:1:0:9, 9:7:1:0:15, 1:0:0:0:1, 5:0:0:0:3, 6:6:0:0:9, 6:1:0:0:7, 6:5:0:0:10, 6:1:0:0:6, 2:0:0:0:1, 1:0:0:0:1, 1:0:0:0:1, 5:1:0:0:8, 3:0:0:0:2, 1:0:0:0:2, 3:0:0:0:4, 6:4:0:0:12, 5:2:0:0:6, 1:0:0:0:0, 4:0:0:0:4, 6:1:0:0:9, 4:0:0:0:5, 4:0:0:0:4, 5:1:2:0:4, 9:1:0:0:8, 6:2:0:0:10, 5:0:0:0:7, 7:2:0:0:9, 5:0:0:0:6, 5:0:0:0:6, 8:1:0:0:8, 5:0:0:0:7, 7:5:0:0:13, 3:0:0:0:3, 6:3:0:0:12, 4:2:0:0:9, 7:3:0:0:9, 0:0:0:0:0, 2:0:1:0:0, 6:4:0:0:7, 5:1:0:0:5, 5:3:0:0:7, 5:4:0:0:8, 3:0:0:0:4, 4:0:0:0:3, 2:0:0:0:3, 5:2:0:0:7, 5:0:0:0:4, 3:0:0:0:5, 4:0:0:0:6, 6:4:0:0:14, 6:2:0:0:6, 0:0:0:0:0, 4:0:0:0:6, 6:0:0:0:8, 4:0:0:0:6, 3:0:0:0:9, 6:5:0:0:12, 8:1:0:0:9, 5:3:0:0:6, 6:2:0:0:10, 6:4:0:0:10, 5:0:0:0:6, 7:0:0:0:8, 8:1:0:0:9, 6:0:0:0:5, 8:6:0:0:14, 4:0:0:0:3, 6:6:0:0:14, 4:2:0:0:4, 8:6:0:0:14, 1:0:0:0:0, 1:0:0:0:0, 5:3:0:0:9, 5:1:0:0:5, 7:5:0:0:13, 7:1:1:0:7, 3:0:0:0:3, 3:0:0:0:3, 2:0:0:0:2, 8:3:1:0:11, 3:0:0:0:4, 2:0:0:0:2, 4:0:0:0:5, 10:4:0:0:17, 6:2:0:0:6, 5:0:0:0:5, 4:3:0:0:6, 5:0:0:0:7, 3:0:0:0:5, 2:0:0:0:2, 7:1:0:0:6, 4:1:0:0:6, 4:3:0:0:6, 7:7:0:0:15, 5:1:0:0:8, 6:0:0:0:7, 5:0:0:0:8, 10:1:0:0:12, 9:0:0:0:11, 6:5:0:0:9, 3:0:0:0:3, 7:3:0:0:11, 4:2:0:0:8, 9:4:0:0:9, 0:0:0:0:0, 4:0:0:0:4, 5:3:0:0:10, 7:1:0:0:5, 5:5:0:0:11, 7:1:0:0:5, 5:3:0:0:6, 0:0:0:0:0, 0:0:0:0:0, 0:0:0:0:0, 0:0:0:0:0, 848:252:7:0:1112
F# major (6#), 6:0:0:0:3, 4:2:0:0:3, 6:0:0:0:3, 5:2:0:0:2, 6:0:0:0:3, 5:2:0:0:3, 6:0:0:0:3, 3:0:0:0:0, 2:0:0:0:0, 5:5:0:0:7, 5:1:0:0:3, 4:1:0:0:3, 4:0:0:0:4, 3:0:0:0:4, 3:0:0:0:0, 2:0:0:0:0, 3:0:0:0:0, 4:0:0:0:0, 5:0:0:0:0, 4:0:0:0:1, 6:0:0:0:3, 5:0:0:0:1, 6:0:0:0:3, 2:0:0:0:0, 6:1:0:0:4, 3:0:0:0:0, 2:0:2:0:0, 3:0:0:0:0, 5:4:0:0:4, 6:4:0:0:5, 1:0:0:0:0, 2:0:0:0:0, 1:0:0:0:0, 2:0:0:0:0, 6:3:0:0:7, 5:2:0:0:4, 9:4:0:0:6, 4:2:0:0:2, 4:0:0:0:2, 5:2:0:0:3, 5:0:0:0:3, 6:0:0:0:1, 2:0:0:0:0, 7:7:0:0:11, 5:2:0:0:3, 10:4:0:0:7, 7:0:0:0:4, 4:2:2:0:3, 5:0:0:0:0, 5:0:0:0:1, 2:0:0:0:0, 5:0:0:0:0, 6:1:0:0:4, 6:0:0:0:0, 8:2:0:0:7, 10:1:0:0:6, 8:0:0:0:3, 3:0:0:0:1, 6:1:0:0:5, 4:0:0:0:1, 3:0:0:0:0, 5:0:1:0:0, 6:5:0:0:8, 10:3:0:0:4, 1:0:0:0:0, 3:0:0:0:0, 1:0:0:0:0, 3:0:0:0:0, 5:2:0:0:7, 4:2:0:0:3, 5:3:0:0:5, 6:1:0:0:1, 4:0:0:0:2, 4:2:0:0:3, 4:0:0:0:2, 3:0:0:0:0, 2:0:0:0:0, 5:5:0:0:8, 7:1:0:0:4, 6:1:0:0:2, 5:0:0:0:4, 5:0:0:0:0, 4:0:0:0:0, 8:0:0:0:3, 3:0:0:0:0, 4:0:0:0:0, 3:0:0:0:0, 4:0:0:0:0, 5:0:0:0:2, 8:0:0:0:3, 5:0:0:0:2, 3:0:0:0:2, 5:1:0:0:4, 3:0:0:0:0, 1:0:0:0:0, 3:0:0:0:0, 5:4:0:0:4, 6:6:0:0:8, 1:0:0:0:0, 2:0:0:0:0, 1:0:0:0:0, 2:0:0:0:0, 6:2:0:0:6, 7:2:0:0:3, 7:4:0:0:7, 5:2:0:0:2, 7:0:0:0:2, 7:3:0:0:4, 5:0:0:0:3, 3:0:0:0:0, 2:0:0:0:0, 5:5:0:0:6, 6:3:0:0:4, 8:2:0:0:5, 6:1:0:0:4, 3:0:0:0:0, 3:0:0:0:0, 7:0:0:0:2, 2:0:0:0:0, 4:0:0:0:0, 3:0:0:0:0, 4:0:0:0:0, 7:0:0:0:5, 7:0:0:0:3, 6:0:0:0:2, 4:0:0:0:1, 5:1:0:0:5, 3:0:0:0:0, 1:0:0:0:0, 3:0:0:0:0, 7:10:0:0:12, 5:4:0:0:5, 1:0:0:0:0, 2:0:0:0:0, 3:0:0:0:0, 4:0:0:0:0, 6:2:0:0:6, 7:5:0:0:6, 7:4:0:0:7, 9:2:1:0:3, 4:0:0:0:2, 5:2:0:0:3, 5:0:0:0:2, 7:0:0:0:1, 3:0:1:0:0, 11:4:0:0:5, 7:3:0:0:6, 7:2:0:0:4, 4:0:0:0:3, 2:0:0:0:2, 3:0:0:0:0, 3:0:0:0:1, 2:0:0:0:0, 5:0:0:0:0, 3:0:0:0:0, 5:0:0:0:0, 6:0:0:0:2, 10:0:0:0:4, 9:1:0:0:4, 2:0:0:0:0, 6:1:0:0:6, 4:1:0:0:1, 1:0:0:0:0, 4:0:0:0:0, 6:5:0:0:6, 7:4:0:0:7, 1:0:0:0:0, 3:0:0:0:0, 1:0:0:0:0, 3:0:0:0:0, 1:0:0:0:0, 0:0:0:0:0, 0:0:0:0:0, 0:0:0:0:0, 0:0:0:0:0, 782:166:7:0:389
Eb minor (6b), 5:1:0:0:5, 2:0:0:0:2, 5:1:0:0:5, 5:1:0:0:8, 5:0:0:0:6, 2:0:0:0:3, 5:0:0:0:7, 7:3:0:0:11, 4:4:0:0:6, 1:0:0:0:0, 3:0:0:0:2, 3:0:0:0:2, 4:1:0:0:4, 3:0:0:0:3, 5:1:0:0:5, 4:1:0:0:5, 6:2:0:0:6, 5:0:0:0:5, 8:1:0:0:7, 4:1:0:0:4, 5:0:0:0:6, 5:1:0:0:7, 6:0:0:0:6, 6:4:0:0:9, 5:1:0:0:7, 7:4:0:0:10, 7:2:0:0:4, 7:4:0:0:10, 0:0:0:0:0, 1:0:0:0:0, 5:3:0:0:5, 5:1:0:0:4, 5:3:0:0:7, 5:1:0:0:4, 3:0:0:0:2, 2:0:0:0:1, 4:0:0:0:3, 5:1:0:0:9, 3:0:0:0:4, 2:0:0:0:3, 4:0:0:0:5, 8:2:0:0:11, 4:5:0:0:11, 3:0:0:0:2, 3:0:0:0:4, 10:2:0:0:11, 5:0:0:0:5, 5:1:0:0:5, 9:3:0:0:8, 6:1:0:0:9, 4:5:0:0:9, 6:2:0:0:9, 9:4:0:0:15, 8:1:0:0:12, 8:1:0:0:11, 10:1:0:0:13, 8:0:0:0:9, 8:9:0:0:18, 4:0:0:0:3, 8:2:0:0:11, 7:4:1:0:9, 9:7:1:0:15, 1:0:0:0:1, 5:0:0:0:3, 6:6:0:0:9, 6:1:0:0:7, 6:5:0:0:10, 6:1:0:0:6, 2:0:0:0:1, 1:0:0:0:1, 1:0:0:0:1, 5:1:0:0:8, 3:0:0:0:2, 1:0:0:0:2, 3:0:0:0:4, 6:4:0:0:12, 5:2:0:0:6, 1:0:0:0:0, 4:0:0:0:4, 6:1:0:0:9, 4:0:0:0:5, 4:0:0:0:4, 5:1:2:0:4, 9:1:0:0:8, 6:2:0:0:10, 5:0:0:0:7, 7:2:0:0:9, 5:0:0:0:6, 5:0:0:0:6, 8:1:0:0:8, 5:0:0:0:7, 7:5:0:0:13, 3:0:0:0:3, 6:3:0:0:12, 4:2:0:0:9, 7:3:0:0:9, 0:0:0:0:0, 2:0:1:0:0, 6:4:0:0:7, 5:1:0:0:5, 5:3:0:0:7, 5:4:0:0:8, 3:0:0:0:4, 4:0:0:0:3, 2:0:0:0:3, 5:2:0:0:7, 5:0:0:0:4, 3:0:0:0:5, 4:0:0:0:6, 6:4:0:0:14, 6:2:0:0:6, 0:0:0:0:0, 4:0:0:0:6, 6:0:0:0:8, 4:0:0:0:6, 3:0:0:0:9, 6:5:0:0:12, 8:1:0:0:9, 5:3:0:0:6, 6:2:0:0:10, 6:4:0:0:10, 5:0:0:0:6, 7:0:0:0:8, 8:1:0:0:9, 6:0:0:0:5, 8:6:0:0:14, 4:0:0:0:3, 6:6:0:0:14, 4:2:0:0:4, 8:6:0:0:14, 1:0:0:0:0, 1:0:0:0:0, 5:3:0:0:9, 5:1:0:0:5, 7:5:0:0:13, 7:1:1:0:7, 3:0:0:0:3, 3:0:0:0:3, 2:0:0:0:2, 8:3:1:0:11, 3:0:0:0:4, 2:0:0:0:2, 4:0:0:0:5, 10:4:0:0:17, 6:2:0:0:6, 5:0:0:0:5, 4:3:0:0:6, 5:0:0:0:7, 3:0:0:0:5, 2:0:0:0:2, 7:1:0:0:6, 4:1:0:0:6, 4:3:0:0:6, 7:7:0:0:15, 5:1:0:0:8, 6:0:0:0:7, 5:0:0:0:8, 10:1:0:0:12, 9:0:0:0:11, 6:5:0:0:9, 3:0:0:0:3, 7:3:0:0:11, 4:2:0:0:8, 9:4:0:0:9, 0:0:0:0:0, 4:0:0:0:4, 5:3:0:0:10, 7:1:0:0:5, 5:5:0:0:11, 7:1:0:0:5, 5:3:0:0:6, 0:0:0:0:0, 0:0:0:0:0, 0:0:0:0:0, 0:0:0:0:0, 848:252:7:0:1112
D# minor (6#), 6:0:0:0:3, 4:2:0:0:3, 6:0:0:0:3, 5:2:0:0:2, 6:0:0:0:3, 5:2:0:0:3, 6:0:0:0:3, 3:0:0:0:0, 2:0:0:0:0, 5:5:0:0:7, 5:1:0:0:3, 4:1:0:0:3, 4:0:0:0:4, 3:0:0:0:4, 3:0:0:0:0, 2:0:0:0:0, 3:0:0:0:0, 4:0:0:0:0, 5:0:0:0:0, 4:0:0:0:1, 6:0:0:0:3, 5:0:0:0:1, 6:0:0:0:3, 2:0:0:0:0, 6:1:0:0:4, 3:0:0:0:0, 2:0:2:0:0, 3:0:0:0:0, 5:4:0:0:4, 6:4:0:0:5, 1:0:0:0:0, 2:0:0:0:0, 1:0:0:0:0, 2:0:0:0:0, 6:3:0:0:7, 5:2:0:0:4, 9:4:0:0:6, 4:2:0:0:2, 4:0:0:0:2, 5:2:0:0:3, 5:0:0:0:3, 6:0:0:0:1, 2:0:0:0:0, 7:7:0:0:11, 5:2:0:0:3, 10:4:0:0:7, 7:0:0:0:4, 4:2:2:0:3, 5:0:0:0:0, 5:0:0:0:1, 2:0:0:0:0, 5:0:0:0:0, 6:1:0:0:4, 6:0:0:0:0, 8:2:0:0:7, 10:1:0:0:6, 8:0:0:0:3, 3:0:0:0:1, 6:1:0:0:5, 4:0:0:0:1, 3:0:0:0:0, 5:0:1:0:0, 6:5:0:0:8, 10:3:0:0:4, 1:0:0:0:0, 3:0:0:0:0, 1:0:0:0:0, 3:0:0:0:0, 5:2:0:0:7, 4:2:0:0:3, 5:3:0:0:5, 6:1:0:0:1, 4:0:0:0:2, 4:2:0:0:3, 4:0:0:0:2, 3:0:0:0:0, 2:0:0:0:0, 5:5:0:0:8, 7:1:0:0:4, 6:1:0:0:2, 5:0:0:0:4, 5:0:0:0:0, 4:0:0:0:0, 8:0:0:0:3, 3:0:0:0:0, 4:0:0:0:0, 3:0:0:0:0, 4:0:0:0:0, 5:0:0:0:2, 8:0:0:0:3, 5:0:0:0:2, 3:0:0:0:2, 5:1:0:0:4, 3:0:0:0:0, 1:0:0:0:0, 3:0:0:0:0, 5:4:0:0:4, 6:6:0:0:8, 1:0:0:0:0, 2:0:0:0:0, 1:0:0:0:0, 2:0:0:0:0, 6:2:0:0:6, 7:2:0:0:3, 7:4:0:0:7, 5:2:0:0:2, 7:0:0:0:2, 7:3:0:0:4, 5:0:0:0:3, 3:0:0:0:0, 2:0:0:0:0, 5:5:0:0:6, 6:3:0:0:4, 8:2:0:0:5, 6:1:0:0:4, 3:0:0:0:0, 3:0:0:0:0, 7:0:0:0:2, 2:0:0:0:0, 4:0:0:0:0, 3:0:0:0:0, 4:0:0:0:0, 7:0:0:0:5, 7:0:0:0:3, 6:0:0:0:2, 4:0:0:0:1, 5:1:0:0:5, 3:0:0:0:0, 1:0:0:0:0, 3:0:0:0:0, 7:10:0:0:12, 5:4:0:0:5, 1:0:0:0:0, 2:0:0:0:0, 3:0:0:0:0, 4:0:0:0:0, 6:2:0:0:6, 7:5:0:0:6, 7:4:0:0:7, 9:2:1:0:3, 4:0:0:0:2, 5:2:0:0:3, 5:0:0:0:2, 7:0:0:0:1, 3:0:1:0:0, 11:4:0:0:5, 7:3:0:0:6, 7:2:0:0:4, 4:0:0:0:3, 2:0:0:0:2, 3:0:0:0:0, 3:0:0:0:1, 2:0:0:0:0, 5:0:0:0:0, 3:0:0:0:0, 5:0:0:0:0, 6:0:0:0:2, 10:0:0:0:4, 9:1:0:0:4, 2:0:0:0:0, 6:1:0:0:6, 4:1:0:0:1, 1:0:0:0:0, 4:0:0:0:0, 6:5:0:0:6, 7:4:0:0:7, 1:0:0:0:0, 3:0:0:0:0, 1:0:0:0:0, 3:0:0:0:0, 1:0:0:0:0, 0:0:0:0:0, 0:0:0:0:0, 0:0:0:0:0, 0:0:0:0:0, 782:166:7:0:389
Eb minor mel (6b), 5:1:0:0:5, 2:0:0:0:2, 5:1:0:0:5, 5:1:0:0:8, 5:0:0:0:6, 2:0:0:0:3, 5:0:0:0:7, 7:3:0:0:11, 4:4:0:0:6, 1:0:0:0:0, 3:0:0:0:2, 3:0:0:0:2, 4:1:0:0:4, 3:0:0:0:3, 5:1:0:0:5, 4:1:0:0:5, 6:2:0:0:6, 5:0:0:0:5, 8:1:0:0:7, 4:1:0:0:4, 5:0:0:0:6, 5:1:0:0:7, 6:0:0:0:6, 6:4:0:0:9, 5:1:0:0:7, 7:4:0:0:10, 7:2:0:0:4, 7:4:0:0:10, 0:0:0:0:0, 1:0:0:0:0, 5:3:0:0:5, 5:1:0:0:4, 5:3:0:0:7, 5:1:0:0:4, 3:0:0:0:2, 2:0:0:0:1, 4:0:0:0:3, 5:1:0:0:9, 3:0:0:0:4, 2:0:0:0:3, 4:0:0:0:5, 8:2:0:0:11, 4:5:0:0:11, 3:0:0:0:2, 3:0:0:0:4, 10:2:0:0:11, 5:0:0:0:5, 5:1:0:0:5, 9:3:0:0:8, 6:1:0:0:9, 4:5:0:0:9, 6:2:0:0:9, 9:4:0:0:15, 8:1:0:0:12, 8:1:0:0:11, 10:1:0:0:13, 8:0:0:0:9, 8:9:0:0:18, 4:0:0:0:3, 8:2:0:0:11, 7:4:1:0:9, 9:7:1:0:15, 1:0:0:0:1, 5:0:0:0:3, 6:6:0:0:9, 6:1:0:0:7, 6:5:0:0:10, 6:1:0:0:6, 2:0:0:0:1, 1:0:0:0:1, 1:0:0:0:1, 5:1:0:0:8, 3:0:0:0:2, 1:0:0:0:2, 3:0:0:0:4, 6:4:0:0:12, 5:2:0:0:6, 1:0:0:0:0, 4:0:0:0:4, 6:1:0:0:9, 4:0:0:0:5, 4:0:0:0:4, 5:1:2:0:4, 9:1:0:0:8, 6:2:0:0:10, 5:0:0:0:7, 7:2:0:0:9, 5:0:0:0:6, 5:0:0:0:6, 8:1:0:0:8, 5:0:0:0:7, 7:5:0:0:13, 3:0:0:0:3, 6:3:0:0:12, 4:2:0:0:9, 7:3:0:0:9, 0:0:0:0:0, 2:0:1:0:0, 6:4:0:0:7, 5:1:0:0:5, 5:3:0:0:7, 5:4:0:0:8, 3:0:0:0:4, 4:0:0:0:3, 2:0:0:0:3, 5:2:0:0:7, 5:0:0:0:4, 3:0:0:0:5, 4:0:0:0:6, 6:4:0:0:14, 6:2:0:0:6, 0:0:0:0:0, 4:0:0:0:6, 6:0:0:0:8, 4:0:0:0:6, 3:0:0:0:9, 6:5:0:0:12, 8:1:0:0:9, 5:3:0:0:6, 6:2:0:0:10, 6:4:0:0:10, 5:0:0:0:6, 7:0:0:0:8, 8:1:0:0:9, 6:0:0:0:5, 8:6:0:0:14, 4:0:0:0:3, 6:6:0:0:14, 4:2:0:0:4, 8:6:0:0:14, 1:0:0:0:0, 1:0:0:0:0, 5:3:0:0:9, 5:1:0:0:5, 7:5:0:0:13, 7:1:1:0:7, 3:0:0:0:3, 3:0:0:0:3, 2:0:0:0:2, 8:3:1:0:11, 3:0:0:0:4, 2:0:0:0:2, 4:0:0:0:5, 10:4:0:0:17, 6:2:0:0:6, 5:0:0:0:5, 4:3:0:0:6, 5:0:0:0:7, 3:0:0:0:5, 2:0:0:0:2, 7:1:0:0:6, 4:1:0:0:6, 4:3:0:0:6, 7:7:0:0:15, 5:1:0:0:8, 6:0:0:0:7, 5:0:0:0:8, 10:1:0:0:12, 9:0:0:0:11, 6:5:0:0:9, 3:0:0:0:3, 7:3:0:0:11, 4:2:0:0:8, 9:4:0:0:9, 0:0:0:0:0, 4:0:0:0:4, 5:3:0:0:10, 7:1:0:0:5, 5:5:0:0:11, 7:1:0:0:5, 5:3:0:0:6, 0:0:0:0:0, 0:0:0:0:0, 0:0:0:0:0, 0:0:0:0:0, 848:252:7:0:1112
D# minor mel (6#), 6:0:0:0:3, 4:2:0:0:3, 6:0:0:0:3, 5:2:0:0:2, 6:0:0:0:3, 5:2:0:0:3, 6:0:0:0:3, 3:0:0:0:0, 2:0:0:0:0, 5:5:0:0:7, 5:1:0:0:3, 4:1:0:0:3, 4:0:0:0:4, 3:0:0:0:4, 3:0:0:0:0, 2:0:0:0:0, 3:0:0:0:0, 4:0:0:0:0, 5:0:0:0:0, 4:0:0:0:1, 6:0:0:0:3, 5:0:0:0:1, 6:0:0:0:3, 2:0:0:0:0, 6:1:0:0:4, 3:0:0:0:0, 2:0:2:0:0, 3:0:0:0:0, 5:4:0:0:4, 6:4:0:0:5, 1:0:0:0:0, 2:0:0:0:0, 1:0:0:0:0, 2:0:0:0:0, 6:3:0:0:7, 5:2:0:0:4, 9:4:0:0:6, 4:2:0:0:2, 4:0:0:0:2, 5:2:0:0:3, 5:0:0:0:3, 6:0:0:0:1, 2:0:0:0:0, 7:7:0:0:11, 5:2:0:0:3, 10:4:0:0:7, 7:0:0:0:4, 4:2:2:0:3, 5:0:0:0:0, 5:0:0:0:1, 2:0:0:0:0, 5:0:0:0:0, 6:1:0:0:4, 6:0:0:0:0, 8:2:0:0:7, 10:1:0:0:6, 8:0:0:0:3, 3:0:0:0:1, 6:1:0:0:5, 4:0:0:0:1, 3:0:0:0:0, 5:0:1:0:0, 6:5:0:0:8, 10:3:0:0:4, 1:0:0:0:0, 3:0:0:0:0, 1:0:0:0:0, 3:0:0:0:0, 5:2:0:0:7, 4:2:0:0:3, 5:3:0:0:5, 6:1:0:0:1, 4:0:0:0:2, 4:2:0:0:3, 4:0:0:0:2, 3:0:0:0:0, 2:0:0:0:0, 5:5:0:0:8, 7:1:0:0:4, 6:1:0:0:2, 5:0:0:0:4, 5:0:0:0:0, 4:0:0:0:0, 8:0:0:0:3, 3:0:0:0:0, 4:0:0:0:0, 3:0:0:0:0, 4:0:0:0:0, 5:0:0:0:2, 8:0:0:0:3, 5:0:0:0:2, 3:0:0:0:2, 5:1:0:0:4, 3:0:0:0:0, 1:0:0:0:0, 3:0:0:0:0, 5:4:0:0:4, 6:6:0:0:8, 1:0:0:0:0, 2:0:0:0:0, 1:0:0:0:0, 2:0:0:0:0, 6:2:0:0:6, 7:2:0:0:3, 7:4:0:0:7, 5:2:0:0:2, 7:0:0:0:2, 7:3:0:0:4, 5:0:0:0:3, 3:0:0:0:0, 2:0:0:0:0, 5:5:0:0:6, 6:3:0:0:4, 8:2:0:0:5, 6:1:0:0:4, 3:0:0:0:0, 3:0:0:0:0, 7:0:0:0:2, 2:0:0:0:0, 4:0:0:0:0, 3:0:0:0:0, 4:0:0:0:0, 7:0:0:0:5, 7:0:0:0:3, 6:0:0:0:2, 4:0:0:0:1, 5:1:0:0:5, 3:0:0:0:0, 1:0:0:0:0, 3:0:0:0:0, 7:10:0:0:12, 5:4:0:0:5, 1:0:0:0:0, 2:0:0:0:0, 3:0:0:0:0, 4:0:0:0:0, 6:2:0:0:6, 7:5:0:0:6, 7:4:0:0:7, 9:2:1:0:3, 4:0:0:0:2, 5:2:0:0:3, 5:0:0:0:2, 7:0:0:0:1, 3:0:1:0:0, 11:4:0:0:5, 7:3:0:0:6, 7:2:0:0:4, 4:0:0:0:3, 2:0:0:0:2, 3:0:0:0:0, 3:0:0:0:1, 2:0:0:0:0, 5:0:0:0:0, 3:0:0:0:0, 5:0:0:0:0, 6:0:0:0:2, 10:0:0:0:4, 9:1:0:0:4, 2:0:0:0:0, 6:1:0:0:6, 4:1:0:0:1, 1:0:0:0:0, 4:0:0:0:0, 6:5:0:0:6, 7:4:0:0:7, 1:0:0:0:0, 3:0:0:0:0, 1:0:0:0:0, 3:0:0:0:0, 1:0:0:0:0, 0:0:0:0:0, 0:0:0:0:0, 0:0:0:0:0, 0:0:0:0:0, 782:166:7:0:389
Gb major blues (6b), 5:1:0:0:5, 2:0:0:0:2, 5:1:0:0:5, 5:1:0:0:8, 5:0:0:0:6, 2:0:0:0:3, 5:0:0:0:7, 7:3:0:0:11, 4:4:0:0:6, 1:0:0:0:0, 3:0:0:0:2, 3:0:0:0:2, 4:1:0:0:4, 3:0:0:0:3, 5:1:0:0:5, 4:1:0:0:5, 6:2:0:0:6, 5:0:0:0:5, 8:1:0:0:7, 4:1:0:0:4, 5:0:0:0:6, 5:1:0:0:7, 6:0:0:0:6, 6:4:0:0:9, 5:1:0:0:7, 7:4:0:0:10, 7:2:0:0:4, 7:4:0:0:10, 0:0:0:0:0, 1:0:0:0:0, 5:3:0:0:5, 5:1:0:0:4, 5:3:0:0:7, 5:1:0:0:4, 3:0:0:0:2, 2:0:0:0:1, 4:0:0:0:3, 5:1:0:0:9, 3:0:0:0:4, 2:0:0:0:3, 4:0:0:0:5, 8:2:0:0:11, 4:5:0:0:11, 3:0:0:0:2, 3:0:0:0:4, 10:2:0:0:11, 5:0:0:0:5, 5:1:0:0:5, 9:3:0:0:8, 6:1:0:0:9, 4:5:0:0:9, 6:2:0:0:9, 9:4:0:0:15, 8:1:0:0:12, 8:1:0:0:11, 10:1:0:0:13, 8:0:0:0:9, 8:9:0:0:18, 4:0:0:0:3, 8:2:0:0:11, 7:4:1:0:9, 9:7:1:0:15, 1:0:0:0:1, 5:0:0:0:3, 6:6:0:0:9, 6:1:0:0:7, 6:5:0:0:10, 6:1:0:0:6, 2:0:0:0:1, 1:0:0:0:1, 1:0:0:0:1, 5:1:0:0:8, 3:0:0:0:2, 1:0:0:0:2, 3:0:0:0:4, 6:4:0:0:12, 5:2:0:0:6, 1:0:0:0:0, 4:0:0:0:4, 6:1:0:0:9, 4:0:0:0:5, 4:0:0:0:4, 5:1:2:0:4, 9:1:0:0:8, 6:2:0:0:10, 5:0:0:0:7, 7:2:0:0:9, 5:0:0:0:6, 5:0:0:0:6, 8:1:0:0:8, 5:0:0:0:7, 7:5:0:0:13, 3:0:0:0:3, 6:3:0:0:12, 4:2:0:0:9, 7:3:0:0:9, 0:0:0:0:0, 2:0:1:0:0, 6:4:0:0:7, 5:1:0:0:5, 5:3:0:0:7, 5:4:0:0:8, 3:0:0:0:4, 4:0:0:0:3, 2:0:0:0:3, 5:2:0:0:7, 5:0:0:0:4, 3:0:0:0:5, 4:0:0:0:6, 6:4:0:0:14, 6:2:0:0:6, 0:0:0:0:0, 4:0:0:0:6, 6:0:0:0:8, 4:0:0:0:6, 3:0:0:0:9, 6:5:0:0:12, 8:1:0:0:9, 5:3:0:0:6, 6:2:0:0:10, 6:4:0:0:10, 5:0:0:0:6, 7:0:0:0:8, 8:1:0:0:9, 6:0:0:0:5, 8:6:0:0:14, 4:0:0:0:3, 6:6:0:0:14, 4:2:0:0:4, 8:6:0:0:14, 1:0:0:0:0, 1:0:0:0:0, 5:3:0:0:9, 5:1:0:0:5, 7:5:0:0:13, 7:1:1:0:7, 3:0:0:0:3, 3:0:0:0:3, 2:0:0:0:2, 8:3:1:0:11, 3:0:0:0:4, 2:0:0:0:2, 4:0:0:0:5, 10:4:0:0:17, 6:2:0:0:6, 5:0:0:0:5, 4:3:0:0:6, 5:0:0:0:7, 3:0:0:0:5, 2:0:0:0:2, 7:1:0:0:6, 4:1:0:0:6, 4:3:0:0:6, 7:7:0:0:15, 5:1:0:0:8, 6:0:0:0:7, 5:0:0:0:8, 10:1:0:0:12, 9:0:0:0:11, 6:5:0:0:9, 3:0:0:0:3, 7:3:0:0:11, 4:2:0:0:8, 9:4:0:0:9, 0:0:0:0:0, 4:0:0:0:4, 5:3:0:0:10, 7:1:0:0:5, 5:5:0:0:11, 7:1:0:0:5, 5:3:0:0:6, 0:0:0:0:0, 0:0:0:0:0, 0:0:0:0:0, 0:0:0:0:0, 848:252:7:0:1112
F# major blues (6#), 6:0:0:0:3, 4:2:0:0:3, 6:0:0:0:3, 5:2:0:0:2, 6:0:0:0:3, 5:2:0:0:3, 6:0:0:0:3, 3:0:0:0:0, 2:0:0:0:0, 5:5:0:0:7, 5:1:0:0:3, 4:1:0:0:3, 4:0:0:0:4, 3:0:0:0:4, 3:0:0:0:0, 2:0:0:0:0, 3:0:0:0:0, 4:0:0:0:0, 5:0:0:0:0, 4:0:0:0:1, 6:0:0:0:3, 5:0:0:0:1, 6:0:0:0:3, 2:0:0:0:0, 6:1:0:0:4, 3:0:0:0:0, 2:0:2:0:0, 3:0:0:0:0, 5:4:0:0:4, 6:4:0:0:5, 1:0:0:0:0, 2:0:0:0:0, 1:0:0:0:0, 2:0:0:0:0, 6:3:0:0:7, 5:2:0:0:4, 9:4:0:0:6, 4:2:0:0:2, 4:0:0:0:2, 5:2:0:0:3, 5:0:0:0:3, 6:0:0:0:1, 2:0:0:0:0, 7:7:0:0:11, 5:2:0:0:3, 10:4:0:0:7, 7:0:0:0:4, 4:2:2:0:3, 5:0:0:0:0, 5:0:0:0:1, 2:0:0:0:0, 5:0:0:0:0, 6:1:0:0:4, 6:0:0:0:0, 8:2:0:0:7, 10:1:0:0:6, 8:0:0:0:3, 3:0:0:0:1, 6:1:0:0:5, 4:0:0:0:1, 3:0:0:0:0, 5:0:1:0:0, 6:5:0:0:8, 10:3:0:0:4, 1:0:0:0:0, 3:0:0:0:0, 1:0:0:0:0, 3:0:0:0:0, 5:2:0:0:7, 4:2:0:0:3, 5:3:0:0:5, 6:1:0:0:1, 4:0:0:0:2, 4:2:0:0:3, 4:0:0:0:2, 3:0:0:0:0, 2:0:0:0:0, 5:5:0:0:8, 7:1:0:0:4, 6:1:0:0:2, 5:0:0:0:4, 5:0:0:0:0, 4:0:0:0:0, 8:0:0:0:3, 3:0:0:0:0, 4:0:0:0:0, 3:0:0:0:0, 4:0:0:0:0, 5:0:0:0:2, 8:0:0:0:3, 5:0:0:0:2, 3:0:0:0:2, 5:1:0:0:4, 3:0:0:0:0, 1:0:0:0:0, 3:0:0:0:0, 5:4:0:0:4, 6:6:0:0:8, 1:0:0:0:0, 2:0:0:0:0, 1:0:0:0:0, 2:0:0:0:0, 6:2:0:0:6, 7:2:0:0:3, 7:4:0:0:7, 5:2:0:0:2, 7:0:0:0:2, 7:3:0:0:4, 5:0:0:0:3, 3:0:0:0:0, 2:0:0:0:0, 5:5:0:0:6, 6:3:0:0:4, 8:2:0:0:5, 6:1:0:0:4, 3:0:0:0:0, 3:0:0:0:0, 7:0:0:0:2, 2:0:0:0:0, 4:0:0:0:0, 3:0:0:0:0, 4:0:0:0:0, 7:0:0:0:5, 7:0:0:0:3, 6:0:0:0:2, 4:0:0:0:1, 5:1:0:0:5, 3:0:0:0:0, 1:0:0:0:0, 3:0:0:0:0, 7:10:0:0:12, 5:4:0:0:5, 1:0:0:0:0, 2:0:0:0:0, 3:0:0:0:0, 4:0:0:0:0, 6:2:0:0:6, 7:5:0:0:6, 7:4:0:0:7, 9:2:1:0:3, 4:0:0:0:2, 5:2:0:0:3, 5:0:0:0:2, 7:0:0:0:1, 3:0:1:0:0, 11:4:0:0:5, 7:3:0:0:6, 7:2:0:0:4, 4:0:0:0:3, 2:0:0:0:2, 3:0:0:0:0, 3:0:0:0:1, 2:0:0:0:0, 5:0:0:0:0, 3:0:0:0:0, 5:0:0:0:0, 6:0:0:0:2, 10:0:0:0:4, 9:1:0:0:4, 2:0:0:0:0, 6:1:0:0:6, 4:1:0:0:1, 1:0:0:0:0, 4:0:0:0:0, 6:5:0:0:6, 7:4:0:0:7, 1:0:0:0:0, 3:0:0:0:0, 1:0:0:0:0, 3:0:0:0:0, 1:0:0:0:0, 0:0:0:0:0, 0:0:0:0:0, 0:0:0:0:0, 0:0:0:0:0, 782:166:7:0:389
Eb minor blues (6b), 5:1:0:0:5, 2:0:0:0:2, 5:1:0:0:5, 5:1:0:0:8, 5:0:0:0:6, 2:0:0:0:3, 5:0:0:0:7, 7:3:0:0:11, 4:4:0:0:6, 1:0:0:0:0, 3:0:0:0:2, 3:0:0:0:2, 4:1:0:0:4, 3:0:0:0:3, 5:1:0:0:5, 4:1:0:0:5, 6:2:0:0:6, 5:0:0:0:5, 8:1:0:0:7, 4:1:0:0:4, 5:0:0:0:6, 5:1:0:0:7, 6:0:0:0:6, 6:4:0:0:9, 5:1:0:0:7, 7:4:0:0:10, 7:2:0:0:4, 7:4:0:0:10, 0:0:0:0:0, 1:0:0:0:0, 5:3:0:0:5, 5:1:0:0:4, 5:3:0:0:7, 5:1:0:0:4, 3:0:0:0:2, 2:0:0:0:1, 4:0:0:0:3, 5:1:0:0:9, 3:0:0:0:4, 2:0:0:0:3, 4:0:0:0:5, 8:2:0:0:11, 4:5:0:0:11, 3:0:0:0:2, 3:0:0:0:4, 10:2:0:0:11, 5:0:0:0:5, 5:1:0:0:5, 9:3:0:0:8, 6:1:0:0:9, 4:5:0:0:9, 6:2:0:0:9, 9:4:0:0:15, 8:1:0:0:12, 8:1:0:0:11, 10:1:0:0:13, 8:0:0:0:9, 8:9:0:0:18, 4:0:0:0:3, 8:2:0:0:11, 7:4:1:0:9, 9:7:1:0:15, 1:0:0:0:1, 5:0:0:0:3, 6:6:0:0:9, 6:1:0:0:7, 6:5:0:0:10, 6:1:0:0:6, 2:0:0:0:1, 1:0:0:0:1, 1:0:0:0:1, 5:1:0:0:8, 3:0:0:0:2, 1:0:0:0:2, 3:0:0:0:4, 6:4:0:0:12, 5:2:0:0:6, 1:0:0:0:0, 4:0:0:0:4, 6:1:0:0:9, 4:0:0:0:5, 4:0:0:0:4, 5:1:2:0:4, 9:1:0:0:8, 6:2:0:0:10, 5:0:0:0:7, 7:2:0:0:9, 5:0:0:0:6, 5:0:0:0:6, 8:1:0:0:8, 5:0:0:0:7, 7:5:0:0:13, 3:0:0:0:3, 6:3:0:0:12, 4:2:0:0:9, 7:3:0:0:9, 0:0:0:0:0, 2:0:1:0:0, 6:4:0:0:7, 5:1:0:0:5, 5:3:0:0:7, 5:4:0:0:8, 3:0:0:0:4, 4:0:0:0:3, 2:0:0:0:3, 5:2:0:0:7, 5:0:0:0:4, 3:0:0:0:5, 4:0:0:0:6, 6:4:0:0:14, 6:2:0:0:6, 0:0:0:0:0, 4:0:0:0:6, 6:0:0:0:8, 4:0:0:0:6, 3:0:0:0:9, 6:5:0:0:12, 8:1:0:0:9, 5:3:0:0:6, 6:2:0:0:10, 6:4:0:0:10, 5:0:0:0:6, 7:0:0:0:8, 8:1:0:0:9, 6:0:0:0:5, 8:6:0:0:14, 4:0:0:0:3, 6:6:0:0:14, 4:2:0:0:4, 8:6:0:0:14, 1:0:0:0:0, 1:0:0:0:0, 5:3:0:0:9, 5:1:0:0:5, 7:5:0:0:13, 7:1:1:0:7, 3:0:0:0:3, 3:0:0:0:3, 2:0:0:0:2, 8:3:1:0:11, 3:0:0:0:4, 2:0:0:0:2, 4:0:0:0:5, 10:4:0:0:17, 6:2:0:0:6, 5:0:0:0:5, 4:3:0:0:6, 5:0:0:0:7, 3:0:0:0:5, 2:0:0:0:2, 7:1:0:0:6, 4:1:0:0:6, 4:3:0:0:6, 7:7:0:0:15, 5:1:0:0:8, 6:0:0:0:7, 5:0:0:0:8, 10:1:0:0:12, 9:0:0:0:11, 6:5:0:0:9, 3:0:0:0:3, 7:3:0:0:11, 4:2:0:0:8, 9:4:0:0:9, 0:0:0:0:0, 4:0:0:0:4, 5:3:0:0:10, 7:1:0:0:5, 5:5:0:0:11, 7:1:0:0:5, 5:3:0:0:6, 0:0:0:0:0, 0:0:0:0:0, 0:0:0:0:0, 0:0:0:0:0, 848:252:7:0:1112
D# minor blues (6#), 6:0:0:0:3, 4:2:0:0:3, 6:0:0:0:3, 5:2:0:0:2, 6:0:0:0:3, 5:2:0:0:3, 6:0:0:0:3, 3:0:0:0:0, 2:0:0:0:0, 5:5:0:0:7, 5:1:0:0:3, 4:1:0:0:3, 4:0:0:0:4, 3:0:0:0:4, 3:0:0:0:0, 2:0:0:0:0, 3:0:0:0:0, 4:0:0:0:0, 5:0:0:0:0, 4:0:0:0:1, 6:0:0:0:3, 5:0:0:0:1, 6:0:0:0:3, 2:0:0:0:0, 6:1:0:0:4, 3:0:0:0:0, 2:0:2:0:0, 3:0:0:0:0, 5:4:0:0:4, 6:4:0:0:5, 1:0:0:0:0, 2:0:0:0:0, 1:0:0:0:0, 2:0:0:0:0, 6:3:0:0:7, 5:2:0:0:4, 9:4:0:0:6, 4:2:0:0:2, 4:0:0:0:2, 5:2:0:0:3, 5:0:0:0:3, 6:0:0:0:1, 2:0:0:0:0, 7:7:0:0:11, 5:2:0:0:3, 10:4:0:0:7, 7:0:0:0:4, 4:2:2:0:3, 5:0:0:0:0, 5:0:0:0:1, 2:0:0:0:0, 5:0:0:0:0, 6:1:0:0:4, 6:0:0:0:0, 8:2:0:0:7, 10:1:0:0:6, 8:0:0:0:3, 3:0:0:0:1, 6:1:0:0:5, 4:0:0:0:1, 3:0:0:0:0, 5:0:1:0:0, 6:5:0:0:8, 10:3:0:0:4, 1:0:0:0:0, 3:0:0:0:0, 1:0:0:0:0, 3:0:0:0:0, 5:2:0:0:7, 4:2:0:0:3, 5:3:0:0:5, 6:1:0:0:1, 4:0:0:0:2, 4:2:0:0:3, 4:0:0:0:2, 3:0:0:0:0, 2:0:0:0:0, 5:5:0:0:8, 7:1:0:0:4, 6:1:0:0:2, 5:0:0:0:4, 5:0:0:0:0, 4:0:0:0:0, 8:0:0:0:3, 3:0:0:0:0, 4:0:0:0:0, 3:0:0:0:0, 4:0:0:0:0, 5:0:0:0:2, 8:0:0:0:3, 5:0:0:0:2, 3:0:0:0:2, 5:1:0:0:4, 3:0:0:0:0, 1:0:0:0:0, 3:0:0:0:0, 5:4:0:0:4, 6:6:0:0:8, 1:0:0:0:0, 2:0:0:0:0, 1:0:0:0:0, 2:0:0:0:0, 6:2:0:0:6, 7:2:0:0:3, 7:4:0:0:7, 5:2:0:0:2, 7:0:0:0:2, 7:3:0:0:4, 5:0:0:0:3, 3:0:0:0:0, 2:0:0:0:0, 5:5:0:0:6, 6:3:0:0:4, 8:2:0:0:5, 6:1:0:0:4, 3:0:0:0:0, 3:0:0:0:0, 7:0:0:0:2, 2:0:0:0:0, 4:0:0:0:0, 3:0:0:0:0, 4:0:0:0:0, 7:0:0:0:5, 7:0:0:0:3, 6:0:0:0:2, 4:0:0:0:1, 5:1:0:0:5, 3:0:0:0:0, 1:0:0:0:0, 3:0:0:0:0, 7:10:0:0:12, 5:4:0:0:5, 1:0:0:0:0, 2:0:0:0:0, 3:0:0:0:0, 4:0:0:0:0, 6:2:0:0:6, 7:5:0:0:6, 7:4:0:0:7, 9:2:1:0:3, 4:0:0:0:2, 5:2:0:0:3, 5:0:0:0:2, 7:0:0:0:1, 3:0:1:0:0, 11:4:0:0:5, 7:3:0:0:6, 7:2:0:0:4, 4:0:0:0:3, 2:0:0:0:2, 3:0:0:0:0, 3:0:0:0:1, 2:0:0:0:0, 5:0:0:0:0, 3:0:0:0:0, 5:0:0:0:0, 6:0:0:0:2, 10:0:0:0:4, 9:1:0:0:4, 2:0:0:0:0, 6:1:0:0:6, 4:1:0:0:1, 1:0:0:0:0, 4:0:0:0:0, 6:5:0:0:6, 7:4:0:0:7, 1:0:0:0:0, 3:0:0:0:0, 1:0:0:0:0, 3:0:0:0:0, 1:0:0:0:0, 0:0:0:0:0, 0:0:0:0:0, 0:0:0:0:0, 0:0:0:0:0, 782:166:7:0:389
Gb dorian (6b), 5:1:0:0:5, 2:0:0:0:2, 5:1:0:0:5, 5:1:0:0:8, 5:0:0:0:6, 2:0:0:0:3, 5:0:0:0:7, 7:3:0:0:11, 4:4:0:0:6, 1:0:0:0:0, 3:0:0:0:2, 3:0:0:0:2, 4:1:0:0:4, 3:0:0:0:3, 5:1:0:0:5, 4:1:0:0:5, 6:2:0:0:6, 5:0:0:0:5, 8:1:0:0:7, 4:1:0:0:4, 5:0:0:0:6, 5:1:0:0:7, 6:0:0:0:6, 6:4:0:0:9, 5:1:0:0:7, 7:4:0:0:10, 7:2:0:0:4, 7:4:0:0:10, 0:0:0:0:0, 1:0:0:0:0, 5:3:0:0:5, 5:1:0:0:4, 5:3:0:0:7, 5:1:0:0:4, 3:0:0:0:2, 2:0:0:0:1, 4:0:0:0:3, 5:1:0:0:9, 3:0:0:0:4, 2:0:0:0:3, 4:0:0:0:5, 8:2:0:0:11, 4:5:0:0:11, 3:0:0:0:2, 3:0:0:0:4, 10:2:0:0:11, 5:0:0:0:5, 5:1:0:0:5, 9:3:0:0:8, 6:1:0:0:9, 4:5:0:0:9, 6:2:0:0:9, 9:4:0:0:15, 8:1:0:0:12, 8:1:0:0:11, 10:1:0:0:13, 8:0:0:0:9, 8:9:0:0:18, 4:0:0:0:3, 8:2:0:0:11, 7:4:1:0:9, 9:7:1:0:15, 1:0:0:0:1, 5:0:0:0:3, 6:6:0:0:9, 6:1:0:0:7, 6:5:0:0:10, 6:1:0:0:6, 2:0:0:0:1, 1:0:0:0:1, 1:0:0:0:1, 5:1:0:0:8, 3:0:0:0:2, 1:0:0:0:2, 3:0:0:0:4, 6:4:0:0:12, 5:2:0:0:6, 1:0:0:0:0, 4:0:0:0:4, 6:1:0:0:9, 4:0:0:0:5, 4:0:0:0:4, 5:1:2:0:4, 9:1:0:0:8, 6:2:0:0:10, 5:0:0:0:7, 7:2:0:0:9, 5:0:0:0:6, 5:0:0:0:6, 8:1:0:0:8, 5:0:0:0:7, 7:5:0:0:13, 3:0:0:0:3, 6:3:0:0:12, 4:2:0:0:9, 7:3:0:0:9, 0:0:0:0:0, 2:0:1:0:0, 6:4:0:0:7, 5:1:0:0:5, 5:3:0:0:7, 5:4:0:0:8, 3:0:0:0:4, 4:0:0:0:3, 2:0:0:0:3, 5:2:0:0:7, 5:0:0:0:4, 3:0:0:0:5, 4:0:0:0:6, 6:4:0:0:14, 6:2:0:0:6, 0:0:0:0:0, 4:0:0:0:6, 6:0:0:0:8, 4:0:0:0:6, 3:0:0:0:9, 6:5:0:0:12, 8:1:0:0:9, 5:3:0:0:6, 6:2:0:0:10, 6:4:0:0:10, 5:0:0:0:6, 7:0:0:0:8, 8:1:0:0:9, 6:0:0:0:5, 8:6:0:0:14, 4:0:0:0:3, 6:6:0:0:14, 4:2:0:0:4, 8:6:0:0:14, 1:0:0:0:0, 1:0:0:0:0, 5:3:0:0:9, 5:1:0:0:5, 7:5:0:0:13, 7:1:1:0:7, 3:0:0:0:3, 3:0:0:0:3, 2:0:0:0:2, 8:3:1:0:11, 3:0:0:0:4, 2:0:0:0:2, 4:0:0:0:5, 10:4:0:0:17, 6:2:0:0:6, 5:0:0:0:5, 4:3:0:0:6, 5:0:0:0:7, 3:0:0:0:5, 2:0:0:0:2, 7:1:0:0:6, 4:1:0:0:6, 4:3:0:0:6, 7:7:0:0:15, 5:1:0:0:8, 6:0:0:0:7, 5:0:0:0:8, 10:1:0:0:12, 9:0:0:0:11, 6:5:0:0:9, 3:0:0:0:3, 7:3:0:0:11, 4:2:0:0:8, 9:4:0:0:9, 0:0:0:0:0, 4:0:0:0:4, 5:3:0:0:10, 7:1:0:0:5, 5:5:0:0:11, 7:1:0:0:5, 5:3:0:0:6, 0:0:0:0:0, 0:0:0:0:0, 0:0:0:0:0, 0:0:0:0:0, 848:252:7:0:1112
F# dorian (6#), 6:0:0:0:3, 4:2:0:0:3, 6:0:0:0:3, 5:2:0:0:2, 6:0:0:0:3, 5:2:0:0:3, 6:0:0:0:3, 3:0:0:0:0, 2:0:0:0:0, 5:5:0:0:7, 5:1:0:0:3, 4:1:0:0:3, 4:0:0:0:4, 3:0:0:0:4, 3:0:0:0:0, 2:0:0:0:0, 3:0:0:0:0, 4:0:0:0:0, 5:0:0:0:0, 4:0:0:0:1, 6:0:0:0:3, 5:0:0:0:1, 6:0:0:0:3, 2:0:0:0:0, 6:1:0:0:4, 3:0:0:0:0, 2:0:2:0:0, 3:0:0:0:0, 5:4:0:0:4, 6:4:0:0:5, 1:0:0:0:0, 2:0:0:0:0, 1:0:0:0:0, 2:0:0:0:0, 6:3:0:0:7, 5:2:0:0:4, 9:4:0:0:6, 4:2:0:0:2, 4:0:0:0:2, 5:2:0:0:3, 5:0:0:0:3, 6:0:0:0:1, 2:0:0:0:0, 7:7:0:0:11, 5:2:0:0:3, 10:4:0:0:7, 7:0:0:0:4, 4:2:2:0:3, 5:0:0:0:0, 5:0:0:0:1, 2:0:0:0:0, 5:0:0:0:0, 6:1:0:0:4, 6:0:0:0:0, 8:2:0:0:7, 10:1:0:0:6, 8:0:0:0:3, 3:0:0:0:1, 6:1:0:0:5, 4:0:0:0:1, 3:0:0:0:0, 5:0:1:0:0, 6:5:0:0:8, 10:3:0:0:4, 1:0:0:0:0, 3:0:0:0:0, 1:0:0:0:0, 3:0:0:0:0, 5:2:0:0:7, 4:2:0:0:3, 5:3:0:0:5, 6:1:0:0:1, 4:0:0:0:2, 4:2:0:0:3, 4:0:0:0:2, 3:0:0:0:0, 2:0:0:0:0, 5:5:0:0:8, 7:1:0:0:4, 6:1:0:0:2, 5:0:0:0:4, 5:0:0:0:0, 4:0:0:0:0, 8:0:0:0:3, 3:0:0:0:0, 4:0:0:0:0, 3:0:0:0:0, 4:0:0:0:0, 5:0:0:0:2, 8:0:0:0:3, 5:0:0:0:2, 3:0:0:0:2, 5:1:0:0:4, 3:0:0:0:0, 1:0:0:0:0, 3:0:0:0:0, 5:4:0:0:4, 6:6:0:0:8, 1:0:0:0:0, 2:0:0:0:0, 1:0:0:0:0, 2:0:0:0:0, 6:2:0:0:6, 7:2:0:0:3, 7:4:0:0:7, 5:2:0:0:2, 7:0:0:0:2, 7:3:0:0:4, 5:0:0:0:3, 3:0:0:0:0, 2:0:0:0:0, 5:5:0:0:6, 6:3:0:0:4, 8:2:0:0:5, 6:1:0:0:4, 3:0:0:0:0, 3:0:0:0:0, 7:0:0:0:2, 2:0:0:0:0, 4:0:0:0:0, 3:0:0:0:0, 4:0:0:0:0, 7:0:0:0:5, 7:0:0:0:3, 6:0:0:0:2, 4:0:0:0:1, 5:1:0:0:5, 3:0:0:0:0, 1:0:0:0:0, 3:0:0:0:0, 7:10:0:0:12, 5:4:0:0:5, 1:0:0:0:0, 2:0:0:0:0, 3:0:0:0:0, 4:0:0:0:0, 6:2:0:0:6, 7:5:0:0:6, 7:4:0:0:7, 9:2:1:0:3, 4:0:0:0:2, 5:2:0:0:3, 5:0:0:0:2, 7:0:0:0:1, 3:0:1:0:0, 11:4:0:0:5, 7:3:0:0:6, 7:2:0:0:4, 4:0:0:0:3, 2:0:0:0:2, 3:0:0:0:0, 3:0:0:0:1, 2:0:0:0:0, 5:0:0:0:0, 3:0:0:0:0, 5:0:0:0:0, 6:0:0:0:2, 10:0:0:0:4, 9:1:0:0:4, 2:0:0:0:0, 6:1:0:0:6, 4:1:0:0:1, 1:0:0:0:0, 4:0:0:0:0, 6:5:0:0:6, 7:4:0:0:7, 1:0:0:0:0, 3:0:0:0:0, 1:0:0:0:0, 3:0:0:0:0, 1:0:0:0:0, 0:0:0:0:0, 0:0:0:0:0, 0:0:0:0:0, 0:0:0:0:0, 782:166:7:0:389
Gb phrygian (6b), 5:1:0:0:5, 2:0:0:0:2, 5:1:0:0:5, 5:1:0:0:8, 5:0:0:0:6, 2:0:0:0:3, 5:0:0:0:7, 7:3:0:0:11, 4:4:0:0:6, 1:0:0:0:0, 3:0:0:0:2, 3:0:0:0:2, 4:1:0:0:4, 3:0:0:0:3, 5:1:0:0:5, 4:1:0:0:5, 6:2:0:0:6, 5:0:0:0:5, 8:1:0:0:7, 4:1:0:0:4, 5:0:0:0:6, 5:1:0:0:7, 6:0:0:0:6, 6:4:0:0:9, 5:1:0:0:7, 7:4:0:0:10, 7:2:0:0:4, 7:4:0:0:10, 0:0:0:0:0, 1:0:0:0:0, 5:3:0:0:5, 5:1:0:0:4, 5:3:0:0:7, 5:1:0:0:4, 3:0:0:0:2, 2:0:0:0:1, 4:0:0:0:3, 5:1:0:0:9, 3:0:0:0:4, 2:0:0:0:3, 4:0:0:0:5, 8:2:0:0:11, 4:5:0:0:11, 3:0:0:0:2, 3:0:0:0:4, 10:2:0:0:11, 5:0:0:0:5, 5:1:0:0:5, 9:3:0:0:8, 6:1:0:0:9, 4:5:0:0:9, 6:2:0:0:9, 9:4:0:0:15, 8:1:0:0:12, 8:1:0:0:11, 10:1:0:0:13, 8:0:0:0:9, 8:9:0:0:18, 4:0:0:0:3, 8:2:0:0:11, 7:4:1:0:9, 9:7:1:0:15, 1:0:0:0:1, 5:0:0:0:3, 6:6:0:0:9, 6:1:0:0:7, 6:5:0:0:10, 6:1:0:0:6, 2:0:0:0:1, 1:0:0:0:1, 1:0:0:0:1, 5:1:0:0:8, 3:0:0:0:2, 1:0:0:0:2, 3:0:0:0:4, 6:4:0:0:12, 5:2:0:0:6, 1:0:0:0:0, 4:0:0:0:4, 6:1:0:0:9, 4:0:0:0:5, 4:0:0:0:4, 5:1:2:0:4, 9:1:0:0:8, 6:2:0:0:10, 5:0:0:0:7, 7:2:0:0:9, 5:0:0:0:6, 5:0:0:0:6, 8:1:0:0:8, 5:0:0:0:7, 7:5:0:0:13, 3:0:0:0:3, 6:3:0:0:12, 4:2:0:0:9, 7:3:0:0:9, 0:0:0:0:0, 2:0:1:0:0, 6:4:0:0:7, 5:1:0:0:5, 5:3:0:0:7, 5:4:0:0:8, 3:0:0:0:4, 4:0:0:0:3, 2:0:0:0:3, 5:2:0:0:7, 5:0:0:0:4, 3:0:0:0:5, 4:0:0:0:6, 6:4:0:0:14, 6:2:0:0:6, 0:0:0:0:0, 4:0:0:0:6, 6:0:0:0:8, 4:0:0:0:6, 3:0:0:0:9, 6:5:0:0:12, 8:1:0:0:9, 5:3:0:0:6, 6:2:0:0:10, 6:4:0:0:10, 5:0:0:0:6, 7:0:0:0:8, 8:1:0:0:9, 6:0:0:0:5, 8:6:0:0:14, 4:0:0:0:3, 6:6:0:0:14, 4:2:0:0:4, 8:6:0:0:14, 1:0:0:0:0, 1:0:0:0:0, 5:3:0:0:9, 5:1:0:0:5, 7:5:0:0:13, 7:1:1:0:7, 3:0:0:0:3, 3:0:0:0:3, 2:0:0:0:2, 8:3:1:0:11, 3:0:0:0:4, 2:0:0:0:2, 4:0:0:0:5, 10:4:0:0:17, 6:2:0:0:6, 5:0:0:0:5, 4:3:0:0:6, 5:0:0:0:7, 3:0:0:0:5, 2:0:0:0:2, 7:1:0:0:6, 4:1:0:0:6, 4:3:0:0:6, 7:7:0:0:15, 5:1:0:0:8, 6:0:0:0:7, 5:0:0:0:8, 10:1:0:0:12, 9:0:0:0:11, 6:5:0:0:9, 3:0:0:0:3, 7:3:0:0:11, 4:2:0:0:8, 9:4:0:0:9, 0:0:0:0:0, 4:0:0:0:4, 5:3:0:0:10, 7:1:0:0:5, 5:5:0:0:11, 7:1:0:0:5, 5:3:0:0:6, 0:0:0:0:0, 0:0:0:0:0, 0:0:0:0:0, 0:0:0:0:0, 848:252:7:0:1112
F# phrygian (6#), 6:0:0:0:3, 4:2:0:0:3, 6:0:0:0:3, 5:2:0:0:2, 6:0:0:0:3, 5:2:0:0:3, 6:0:0:0:3, 3:0:0:0:0, 2:0:0:0:0, 5:5:0:0:7, 5:1:0:0:3, 4:1:0:0:3, 4:0:0:0:4, 3:0:0:0:4, 3:0:0:0:0, 2:0:0:0:0, 3:0:0:0:0, 4:0:0:0:0, 5:0:0:0:0, 4:0:0:0:1, 6:0:0:0:3, 5:0:0:0:1, 6:0:0:0:3, 2:0:0:0:0, 6:1:0:0:4, 3:0:0:0:0, 2:0:2:0:0, 3:0:0:0:0, 5:4:0:0:4, 6:4:0:0:5, 1:0:0:0:0, 2:0:0:0:0, 1:0:0:0:0, 2:0:0:0:0, 6:3:0:0:7, 5:2:0:0:4, 9:4:0:0:6, 4:2:0:0:2, 4:0:0:0:2, 5:2:0:0:3, 5:0:0:0:3, 6:0:0:0:1, 2:0:0:0:0, 7:7:0:0:11, 5:2:0:0:3, 10:4:0:0:7, 7:0:0:0:4, 4:2:2:0:3, 5:0:0:0:0, 5:0:0:0:1, 2:0:0:0:0, 5:0:0:0:0, 6:1:0:0:4, 6:0:0:0:0, 8:2:0:0:7, 10:1:0:0:6, 8:0:0:0:3, 3:0:0:0:1, 6:1:0:0:5, 4:0:0:0:1, 3:0:0:0:0, 5:0:1:0:0, 6:5:0:0:8, 10:3:0:0:4, 1:0:0:0:0, 3:0:0:0:0, 1:0:0:0:0, 3:0:0:0:0, 5:2:0:0:7, 4:2:0:0:3, 5:3:0:0:5, 6:1:0:0:1, 4:0:0:0:2, 4:2:0:0:3, 4:0:0:0:2, 3:0:0:0:0, 2:0:0:0:0, 5:5:0:0:8, 7:1:0:0:4, 6:1:0:0:2, 5:0:0:0:4, 5:0:0:0:0, 4:0:0:0:0, 8:0:0:0:3, 3:0:0:0:0, 4:0:0:0:0, 3:0:0:0:0, 4:0:0:0:0, 5:0:0:0:2, 8:0:0:0:3, 5:0:0:0:2, 3:0:0:0:2, 5:1:0:0:4, 3:0:0:0:0, 1:0:0:0:0, 3:0:0:0:0, 5:4:0:0:4, 6:6:0:0:8, 1:0:0:0:0, 2:0:0:0:0, 1:0:0:0:0, 2:0:0:0:0, 6:2:0:0:6, 7:2:0:0:3, 7:4:0:0:7, 5:2:0:0:2, 7:0:0:0:2, 7:3:0:0:4, 5:0:0:0:3, 3:0:0:0:0, 2:0:0:0:0, 5:5:0:0:6, 6:3:0:0:4, 8:2:0:0:5, 6:1:0:0:4, 3:0:0:0:0, 3:0:0:0:0, 7:0:0:0:2, 2:0:0:0:0, 4:0:0:0:0, 3:0:0:0:0, 4:0:0:0:0, 7:0:0:0:5, 7:0:0:0:3, 6:0:0:0:2, 4:0:0:0:1, 5:1:0:0:5, 3:0:0:0:0, 1:0:0:0:0, 3:0:0:0:0, 7:10:0:0:12, 5:4:0:0:5, 1:0:0:0:0, 2:0:0:0:0, 3:0:0:0:0, 4:0:0:0:0, 6:2:0:0:6, 7:5:0:0:6, 7:4:0:0:7, 9:2:1:0:3, 4:0:0:0:2, 5:2:0:0:3, 5:0:0:0:2, 7:0:0:0:1, 3:0:1:0:0, 11:4:0:0:5, 7:3:0:0:6, 7:2:0:0:4, 4:0:0:0:3, 2:0:0:0:2, 3:0:0:0:0, 3:0:0:0:1, 2:0:0:0:0, 5:0:0:0:0, 3:0:0:0:0, 5:0:0:0:0, 6:0:0:0:2, 10:0:0:0:4, 9:1:0:0:4, 2:0:0:0:0, 6:1:0:0:6, 4:1:0:0:1, 1:0:0:0:0, 4:0:0:0:0, 6:5:0:0:6, 7:4:0:0:7, 1:0:0:0:0, 3:0:0:0:0, 1:0:0:0:0, 3:0:0:0:0, 1:0:0:0:0, 0:0:0:0:0, 0:0:0:0:0, 0:0:0:0:0, 0:0:0:0:0, 782:166:7:0:389
Gb lydian (6b), 5:1:0:0:5, 2:0:0:0:2, 5:1:0:0:5, 5:1:0:0:8, 5:0:0:0:6, 2:0:0:0:3, 5:0:0:0:7, 7:3:0:0:11, 4:4:0:0:6, 1:0:0:0:0, 3:0:0:0:2, 3:0:0:0:2, 4:1:0:0:4, 3:0:0:0:3, 5:1:0:0:5, 4:1:0:0:5, 6:2:0:0:6, 5:0:0:0:5, 8:1:0:0:7, 4:1:0:0:4, 5:0:0:0:6, 5:1:0:0:7, 6:0:0:0:6, 6:4:0:0:9, 5:1:0:0:7, 7:4:0:0:10, 7:2:0:0:4, 7:4:0:0:10, 0:0:0:0:0, 1:0:0:0:0, 5:3:0:0:5, 5:1:0:0:4, 5:3:0:0:7, 5:1:0:0:4, 3:0:0:0:2, 2:0:0:0:1, 4:0:0:0:3, 5:1:0:0:9, 3:0:0:0:4, 2:0:0:0:3, 4:0:0:0:5, 8:2:0:0:11, 4:5:0:0:11, 3:0:0:0:2, 3:0:0:0:4, 10:2:0:0:11, 5:0:0:0:5, 5:1:0:0:5, 9:3:0:0:8, 6:1:0:0:9, 4:5:0:0:9, 6:2:0:0:9, 9:4:0:0:15, 8:1:0:0:12, 8:1:0:0:11, 10:1:0:0:13, 8:0:0:0:9, 8:9:0:0:18, 4:0:0:0:3, 8:2:0:0:11, 7:4:1:0:9, 9:7:1:0:15, 1:0:0:0:1, 5:0:0:0:3, 6:6:0:0:9, 6:1:0:0:7, 6:5:0:0:10, 6:1:0:0:6, 2:0:0:0:1, 1:0:0:0:1, 1:0:0:0:1, 5:1:0:0:8, 3:0:0:0:2, 1:0:0:0:2, 3:0:0:0:4, 6:4:0:0:12, 5:2:0:0:6, 1:0:0:0:0, 4:0:0:0:4, 6:1:0:0:9, 4:0:0:0:5, 4:0:0:0:4, 5:1:2:0:4, 9:1:0:0:8, 6:2:0:0:10, 5:0:0:0:7, 7:2:0:0:9, 5:0:0:0:6, 5:0:0:0:6, 8:1:0:0:8, 5:0:0:0:7, 7:5:0:0:13, 3:0:0:0:3, 6:3:0:0:12, 4:2:0:0:9, 7:3:0:0:9, 0:0:0:0:0, 2:0:1:0:0, 6:4:0:0:7, 5:1:0:0:5, 5:3:0:0:7, 5:4:0:0:8, 3:0:0:0:4, 4:0:0:0:3, 2:0:0:0:3, 5:2:0:0:7, 5:0:0:0:4, 3:0:0:0:5, 4:0:0:0:6, 6:4:0:0:14, 6:2:0:0:6, 0:0:0:0:0, 4:0:0:0:6, 6:0:0:0:8, 4:0:0:0:6, 3:0:0:0:9, 6:5:0:0:12, 8:1:0:0:9, 5:3:0:0:6, 6:2:0:0:10, 6:4:0:0:10, 5:0:0:0:6, 7:0:0:0:8, 8:1:0:0:9, 6:0:0:0:5, 8:6:0:0:14, 4:0:0:0:3, 6:6:0:0:14, 4:2:0:0:4, 8:6:0:0:14, 1:0:0:0:0, 1:0:0:0:0, 5:3:0:0:9, 5:1:0:0:5, 7:5:0:0:13, 7:1:1:0:7, 3:0:0:0:3, 3:0:0:0:3, 2:0:0:0:2, 8:3:1:0:11, 3:0:0:0:4, 2:0:0:0:2, 4:0:0:0:5, 10:4:0:0:17, 6:2:0:0:6, 5:0:0:0:5, 4:3:0:0:6, 5:0:0:0:7, 3:0:0:0:5, 2:0:0:0:2, 7:1:0:0:6, 4:1:0:0:6, 4:3:0:0:6, 7:7:0:0:15, 5:1:0:0:8, 6:0:0:0:7, 5:0:0:0:8, 10:1:0:0:12, 9:0:0:0:11, 6:5:0:0:9, 3:0:0:0:3, 7:3:0:0:11, 4:2:0:0:8, 9:4:0:0:9, 0:0:0:0:0, 4:0:0:0:4, 5:3:0:0:10, 7:1:0:0:5, 5:5:0:0:11, 7:1:0:0:5, 5:3:0:0:6, 0:0:0:0:0, 0:0:0:0:0, 0:0:0:0:0, 0:0:0:0:0, 848:252:7:0:1112
F# lydian (6#), 6:0:0:0:3, 4:2:0:0:3, 6:0:0:0:3, 5:2:0:0:2, 6:0:0:0:3, 5:2:0:0:3, 6:0:0:0:3, 3:0:0:0:0, 2:0:0:0:0, 5:5:0:0:7, 5:1:0:0:3, 4:1:0:0:3, 4:0:0:0:4, 3:0:0:0:4, 3:0:0:0:0, 2:0:0:0:0, 3:0:0:0:0, 4:0:0:0:0, 5:0:0:0:0, 4:0:0:0:1, 6:0:0:0:3, 5:0:0:0:1, 6:0:0:0:3, 2:0:0:0:0, 6:1:0:0:4, 3:0:0:0:0, 2:0:2:0:0, 3:0:0:0:0, 5:4:0:0:4, 6:4:0:0:5, 1:0:0:0:0, 2:0:0:0:0, 1:0:0:0:0, 2:0:0:0:0, 6:3:0:0:7, 5:2:0:0:4, 9:4:0:0:6, 4:2:0:0:2, 4:0:0:0:2, 5:2:0:0:3, 5:0:0:0:3, 6:0:0:0:1, 2:0:0:0:0, 7:7:0:0:11, 5:2:0:0:3, 10:4:0:0:7, 7:0:0:0:4, 4:2:2:0:3, 5:0:0:0:0, 5:0:0:0:1, 2:0:0:0:0, 5:0:0:0:0, 6:1:0:0:4, 6:0:0:0:0, 8:2:0:0:7, 10:1:0:0:6, 8:0:0:0:3, 3:0:0:0:1, 6:1:0:0:5, 4:0:0:0:1, 3:0:0:0:0, 5:0:1:0:0, 6:5:0:0:8, 10:3:0:0:4, 1:0:0:0:0, 3:0:0:0:0, 1:0:0:0:0, 3:0:0:0:0, 5:2:0:0:7, 4:2:0:0:3, 5:3:0:0:5, 6:1:0:0:1, 4:0:0:0:2, 4:2:0:0:3, 4:0:0:0:2, 3:0:0:0:0, 2:0:0:0:0, 5:5:0:0:8, 7:1:0:0:4, 6:1:0:0:2, 5:0:0:0:4, 5:0:0:0:0, 4:0:0:0:0, 8:0:0:0:3, 3:0:0:0:0, 4:0:0:0:0, 3:0:0:0:0, 4:0:0:0:0, 5:0:0:0:2, 8:0:0:0:3, 5:0:0:0:2, 3:0:0:0:2, 5:1:0:0:4, 3:0:0:0:0, 1:0:0:0:0, 3:0:0:0:0, 5:4:0:0:4, 6:6:0:0:8, 1:0:0:0:0, 2:0:0:0:0, 1:0:0:0:0, 2:0:0:0:0, 6:2:0:0:6, 7:2:0:0:3, 7:4:0:0:7, 5:2:0:0:2, 7:0:0:0:2, 7:3:0:0:4, 5:0:0:0:3, 3:0:0:0:0, 2:0:0:0:0, 5:5:0:0:6, 6:3:0:0:4, 8:2:0:0:5, 6:1:0:0:4, 3:0:0:0:0, 3:0:0:0:0, 7:0:0:0:2, 2:0:0:0:0, 4:0:0:0:0, 3:0:0:0:0, 4:0:0:0:0, 7:0:0:0:5, 7:0:0:0:3, 6:0:0:0:2, 4:0:0:0:1, 5:1:0:0:5, 3:0:0:0:0, 1:0:0:0:0, 3:0:0:0:0, 7:10:0:0:12, 5:4:0:0:5, 1:0:0:0:0, 2:0:0:0:0, 3:0:0:0:0, 4:0:0:0:0, 6:2:0:0:6, 7:5:0:0:6, 7:4:0:0:7, 9:2:1:0:3, 4:0:0:0:2, 5:2:0:0:3, 5:0:0:0:2, 7:0:0:0:1, 3:0:1:0:0, 11:4:0:0:5, 7:3:0:0:6, 7:2:0:0:4, 4:0:0:0:3, 2:0:0:0:2, 3:0:0:0:0, 3:0:0:0:1, 2:0:0:0:0, 5:0:0:0:0, 3:0:0:0:0, 5:0:0:0:0, 6:0:0:0:2, 10:0:0:0:4, 9:1:0:0:4, 2:0:0:0:0, 6:1:0:0:6, 4:1:0:0:1, 1:0:0:0:0, 4:0:0:0:0, 6:5:0:0:6, 7:4:0:0:7, 1:0:0:0:0, 3:0:0:0:0, 1:0:0:0:0, 3:0:0:0:0, 1:0:0:0:0, 0:0:0:0:0, 0:0:0:0:0, 0:0:0:0:0, 0:0:0:0:0, 782:166:7:0:389
Gb mixolydian (6b), 5:1:0:0:5, 2:0:0:0:2, 5:1:0:0:5, 5:1:0:0:8, 5:0:0:0:6, 2:0:0:0:3, 5:0:0:0:7, 7:3:0:0:11, 4:4:0:0:6, 1:0:0:0:0, 3:0:0:0:2, 3:0:0:0:2, 4:1:0:0:4, 3:0:0:0:3, 5:1:0:0:5, 4:1:0:0:5, 6:2:0:0:6, 5:0:0:0:5, 8:1:0:0:7, 4:1:0:0:4, 5:0:0:0:6, 5:1:0:0:7, 6:0:0:0:6, 6:4:0:0:9, 5:1:0:0:7, 7:4:0:0:10, 7:2:0:0:4, 7:4:0:0:10, 0:0:0:0:0, 1:0:0:0:0, 5:3:0:0:5, 5:1:0:0:4, 5:3:0:0:7, 5:1:0:0:4, 3:0:0:0:2, 2:0:0:0:1, 4:0:0:0:3, 5:1:0:0:9, 3:0:0:0:4, 2:0:0:0:3, 4:0:0:0:5, 8:2:0:0:11, 4:5:0:0:11, 3:0:0:0:2, 3:0:0:0:4, 10:2:0:0:11, 5:0:0:0:5, 5:1:0:0:5, 9:3:0:0:8, 6:1:0:0:9, 4:5:0:0:9, 6:2:0:0:9, 9:4:0:0:15, 8:1:0:0:12, 8:1:0:0:11, 10:1:0:0:13, 8:0:0:0:9, 8:9:0:0:18, 4:0:0:0:3, 8:2:0:0:11, 7:4:1:0:9, 9:7:1:0:15, 1:0:0:0:1, 5:0:0:0:3, 6:6:0:0:9, 6:1:0:0:7, 6:5:0:0:10, 6:1:0:0:6, 2:0:0:0:1, 1:0:0:0:1, 1:0:0:0:1, 5:1:0:0:8, 3:0:0:0:2, 1:0:0:0:2, 3:0:0:0:4, 6:4:0:0:12, 5:2:0:0:6, 1:0:0:0:0, 4:0:0:0:4, 6:1:0:0:9, 4:0:0:0:5, 4:0:0:0:4, 5:1:2:0:4, 9:1:0:0:8, 6:2:0:0:10, 5:0:0:0:7, 7:2:0:0:9, 5:0:0:0:6, 5:0:0:0:6, 8:1:0:0:8, 5:0:0:0:7, 7:5:0:0:13, 3:0:0:0:3, 6:3:0:0:12, 4:2:0:0:9, 7:3:0:0:9, 0:0:0:0:0, 2:0:1:0:0, 6:4:0:0:7, 5:1:0:0:5, 5:3:0:0:7, 5:4:0:0:8, 3:0:0:0:4, 4:0:0:0:3, 2:0:0:0:3, 5:2:0:0:7, 5:0:0:0:4, 3:0:0:0:5, 4:0:0:0:6, 6:4:0:0:14, 6:2:0:0:6, 0:0:0:0:0, 4:0:0:0:6, 6:0:0:0:8, 4:0:0:0:6, 3:0:0:0:9, 6:5:0:0:12, 8:1:0:0:9, 5:3:0:0:6, 6:2:0:0:10, 6:4:0:0:10, 5:0:0:0:6, 7:0:0:0:8, 8:1:0:0:9, 6:0:0:0:5, 8:6:0:0:14, 4:0:0:0:3, 6:6:0:0:14, 4:2:0:0:4, 8:6:0:0:14, 1:0:0:0:0, 1:0:0:0:0, 5:3:0:0:9, 5:1:0:0:5, 7:5:0:0:13, 7:1:1:0:7, 3:0:0:0:3, 3:0:0:0:3, 2:0:0:0:2, 8:3:1:0:11, 3:0:0:0:4, 2:0:0:0:2, 4:0:0:0:5, 10:4:0:0:17, 6:2:0:0:6, 5:0:0:0:5, 4:3:0:0:6, 5:0:0:0:7, 3:0:0:0:5, 2:0:0:0:2, 7:1:0:0:6, 4:1:0:0:6, 4:3:0:0:6, 7:7:0:0:15, 5:1:0:0:8, 6:0:0:0:7, 5:0:0:0:8, 10:1:0:0:12, 9:0:0:0:11, 6:5:0:0:9, 3:0:0:0:3, 7:3:0:0:11, 4:2:0:0:8, 9:4:0:0:9, 0:0:0:0:0, 4:0:0:0:4, 5:3:0:0:10, 7:1:0:0:5, 5:5:0:0:11, 7:1:0:0:5, 5:3:0:0:6, 0:0:0:0:0, 0:0:0:0:0, 0:0:0:0:0, 0:0:0:0:0, 848:252:7:0:1112
F# mixolydian (6#), 6:0:0:0:3, 4:2:0:0:3, 6:0:0:0:3, 5:2:0:0:2, 6:0:0:0:3, 5:2:0:0:3, 6:0:0:0:3, 3:0:0:0:0, 2:0:0:0:0, 5:5:0:0:7, 5:1:0:0:3, 4:1:0:0:3, 4:0:0:0:4, 3:0:0:0:4, 3:0:0:0:0, 2:0:0:0:0, 3:0:0:0:0, 4:0:0:0:0, 5:0:0:0:0, 4:0:0:0:1, 6:0:0:0:3, 5:0:0:0:1, 6:0:0:0:3, 2:0:0:0:0, 6:1:0:0:4, 3:0:0:0:0, 2:0:2:0:0, 3:0:0:0:0, 5:4:0:0:4, 6:4:0:0:5, 1:0:0:0:0, 2:0:0:0:0, 1:0:0:0:0, 2:0:0:0:0, 6:3:0:0:7, 5:2:0:0:4, 9:4:0:0:6, 4:2:0:0:2, 4:0:0:0:2, 5:2:0:0:3, 5:0:0:0:3, 6:0:0:0:1, 2:0:0:0:0, 7:7:0:0:11, 5:2:0:0:3, 10:4:0:0:7, 7:0:0:0:4, 4:2:2:0:3, 5:0:0:0:0, 5:0:0:0:1, 2:0:0:0:0, 5:0:0:0:0, 6:1:0:0:4, 6:0:0:0:0, 8:2:0:0:7, 10:1:0:0:6, 8:0:0:0:3, 3:0:0:0:1, 6:1:0:0:5, 4:0:0:0:1, 3:0:0:0:0, 5:0:1:0:0, 6:5:0:0:8, 10:3:0:0:4, 1:0:0:0:0, 3:0:0:0:0, 1:0:0:0:0, 3:0:0:0:0, 5:2:0:0:7, 4:2:0:0:3, 5:3:0:0:5, 6:1:0:0:1, 4:0:0:0:2, 4:2:0:0:3, 4:0:0:0:2, 3:0:0:0:0, 2:0:0:0:0, 5:5:0:0:8, 7:1:0:0:4, 6:1:0:0:2, 5:0:0:0:4, 5:0:0:0:0, 4:0:0:0:0, 8:0:0:0:3, 3:0:0:0:0, 4:0:0:0:0, 3:0:0:0:0, 4:0:0:0:0, 5:0:0:0:2, 8:0:0:0:3, 5:0:0:0:2, 3:0:0:0:2, 5:1:0:0:4, 3:0:0:0:0, 1:0:0:0:0, 3:0:0:0:0, 5:4:0:0:4, 6:6:0:0:8, 1:0:0:0:0, 2:0:0:0:0, 1:0:0:0:0, 2:0:0:0:0, 6:2:0:0:6, 7:2:0:0:3, 7:4:0:0:7, 5:2:0:0:2, 7:0:0:0:2, 7:3:0:0:4, 5:0:0:0:3, 3:0:0:0:0, 2:0:0:0:0, 5:5:0:0:6, 6:3:0:0:4, 8:2:0:0:5, 6:1:0:0:4, 3:0:0:0:0, 3:0:0:0:0, 7:0:0:0:2, 2:0:0:0:0, 4:0:0:0:0, 3:0:0:0:0, 4:0:0:0:0, 7:0:0:0:5, 7:0:0:0:3, 6:0:0:0:2, 4:0:0:0:1, 5:1:0:0:5, 3:0:0:0:0, 1:0:0:0:0, 3:0:0:0:0, 7:10:0:0:12, 5:4:0:0:5, 1:0:0:0:0, 2:0:0:0:0, 3:0:0:0:0, 4:0:0:0:0, 6:2:0:0:6, 7:5:0:0:6, 7:4:0:0:7, 9:2:1:0:3, 4:0:0:0:2, 5:2:0:0:3, 5:0:0:0:2, 7:0:0:0:1, 3:0:1:0:0, 11:4:0:0:5, 7:3:0:0:6, 7:2:0:0:4, 4:0:0:0:3, 2:0:0:0:2, 3:0:0:0:0, 3:0:0:0:1, 2:0:0:0:0, 5:0:0:0:0, 3:0:0:0:0, 5:0:0:0:0, 6:0:0:0:2, 10:0:0:0:4, 9:1:0:0:4, 2:0:0:0:0, 6:1:0:0:6, 4:1:0:0:1, 1:0:0:0:0, 4:0:0:0:0, 6:5:0:0:6, 7:4:0:0:7, 1:0:0:0:0, 3:0:0:0:0, 1:0:0:0:0, 3:0:0:0:0, 1:0:0:0:0, 0:0:0:0:0, 0:0:0:0:0, 0:0:0:0:0, 0:0:0:0:0, 782:166:7:0:389
Gb aeolian (6b), 5:1:0:0:5, 2:0:0:0:2, 5:1:0:0:5, 5:1:0:0:8, 5:0:0:0:6, 2:0:0:0:3, 5:0:0:0:7, 7:3:0:0:11, 4:4:0:0:6, 1:0:0:0:0, 3:0:0:0:2, 3:0:0:0:2, 4:1:0:0:4, 3:0:0:0:3, 5:1:0:0:5, 4:1:0:0:5, 6:2:0:0:6, 5:0:0:0:5, 8:1:0:0:7, 4:1:0:0:4, 5:0:0:0:6, 5:1:0:0:7, 6:0:0:0:6, 6:4:0:0:9, 5:1:0:0:7, 7:4:0:0:10, 7:2:0:0:4, 7:4:0:0:10, 0:0:0:0:0, 1:0:0:0:0, 5:3:0:0:5, 5:1:0:0:4, 5:3:0:0:7, 5:1:0:0:4, 3:0:0:0:2, 2:0:0:0:1, 4:0:0:0:3, 5:1:0:0:9, 3:0:0:0:4, 2:0:0:0:3, 4:0:0:0:5, 8:2:0:0:11, 4:5:0:0:11, 3:0:0:0:2, 3:0:0:0:4, 10:2:0:0:11, 5:0:0:0:5, 5:1:0:0:5, 9:3:0:0:8, 6:1:0:0:9, 4:5:0:0:9, 6:2:0:0:9, 9:4:0:0:15, 8:1:0:0:12, 8:1:0:0:11, 10:1:0:0:13, 8:0:0:0:9, 8:9:0:0:18, 4:0:0:0:3, 8:2:0:0:11, 7:4:1:0:9, 9:7:1:0:15, 1:0:0:0:1, 5:0:0:0:3, 6:6:0:0:9, 6:1:0:0:7, 6:5:0:0:10, 6:1:0:0:6, 2:0:0:0:1, 1:0:0:0:1, 1:0:0:0:1, 5:1:0:0:8, 3:0:0:0:2, 1:0:0:0:2, 3:0:0:0:4, 6:4:0:0:12, 5:2:0:0:6, 1:0:0:0:0, 4:0:0:0:4, 6:1:0:0:9, 4:0:0:0:5, 4:0:0:0:4, 5:1:2:0:4, 9:1:0:0:8, 6:2:0:0:10, 5:0:0:0:7, 7:2:0:0:9, 5:0:0:0:6, 5:0:0:0:6, 8:1:0:0:8, 5:0:0:0:7, 7:5:0:0:13, 3:0:0:0:3, 6:3:0:0:12, 4:2:0:0:9, 7:3:0:0:9, 0:0:0:0:0, 2:0:1:0:0, 6:4:0:0:7, 5:1:0:0:5, 5:3:0:0:7, 5:4:0:0:8, 3:0:0:0:4, 4:0:0:0:3, 2:0:0:0:3, 5:2:0:0:7, 5:0:0:0:4, 3:0:0:0:5, 4:0:0:0:6, 6:4:0:0:14, 6:2:0:0:6, 0:0:0:0:0, 4:0:0:0:6, 6:0:0:0:8, 4:0:0:0:6, 3:0:0:0:9, 6:5:0:0:12, 8:1:0:0:9, 5:3:0:0:6, 6:2:0:0:10, 6:4:0:0:10, 5:0:0:0:6, 7:0:0:0:8, 8:1:0:0:9, 6:0:0:0:5, 8:6:0:0:14, 4:0:0:0:3, 6:6:0:0:14, 4:2:0:0:4, 8:6:0:0:14, 1:0:0:0:0, 1:0:0:0:0, 5:3:0:0:9, 5:1:0:0:5, 7:5:0:0:13, 7:1:1:0:7, 3:0:0:0:3, 3:0:0:0:3, 2:0:0:0:2, 8:3:1:0:11, 3:0:0:0:4, 2:0:0:0:2, 4:0:0:0:5, 10:4:0:0:17, 6:2:0:0:6, 5:0:0:0:5, 4:3:0:0:6, 5:0:0:0:7, 3:0:0:0:5, 2:0:0:0:2, 7:1:0:0:6, 4:1:0:0:6, 4:3:0:0:6, 7:7:0:0:15, 5:1:0:0:8, 6:0:0:0:7, 5:0:0:0:8, 10:1:0:0:12, 9:0:0:0:11, 6:5:0:0:9, 3:0:0:0:3, 7:3:0:0:11, 4:2:0:0:8, 9:4:0:0:9, 0:0:0:0:0, 4:0:0:0:4, 5:3:0:0:10, 7:1:0:0:5, 5:5:0:0:11, 7:1:0:0:5, 5:3:0:0:6, 0:0:0:0:0, 0:0:0:0:0, 0:0:0:0:0, 0:0:0:0:0, 848:252:7:0:1112
F# aeolian (6#), 6:0:0:0:3, 4:2:0:0:3, 6:0:0:0:3, 5:2:0:0:2, 6:0:0:0:3, 5:2:0:0:3, 6:0:0:0:3, 3:0:0:0:0, 2:0:0:0:0, 5:5:0:0:7, 5:1:0:0:3, 4:1:0:0:3, 4:0:0:0:4, 3:0:0:0:4, 3:0:0:0:0, 2:0:0:0:0, 3:0:0:0:0, 4:0:0:0:0, 5:0:0:0:0, 4:0:0:0:1, 6:0:0:0:3, 5:0:0:0:1, 6:0:0:0:3, 2:0:0:0:0, 6:1:0:0:4, 3:0:0:0:0, 2:0:2:0:0, 3:0:0:0:0, 5:4:0:0:4, 6:4:0:0:5, 1:0:0:0:0, 2:0:0:0:0, 1:0:0:0:0, 2:0:0:0:0, 6:3:0:0:7, 5:2:0:0:4, 9:4:0:0:6, 4:2:0:0:2, 4:0:0:0:2, 5:2:0:0:3, 5:0:0:0:3, 6:0:0:0:1, 2:0:0:0:0, 7:7:0:0:11, 5:2:0:0:3, 10:4:0:0:7, 7:0:0:0:4, 4:2:2:0:3, 5:0:0:0:0, 5:0:0:0:1, 2:0:0:0:0, 5:0:0:0:0, 6:1:0:0:4, 6:0:0:0:0, 8:2:0:0:7, 10:1:0:0:6, 8:0:0:0:3, 3:0:0:0:1, 6:1:0:0:5, 4:0:0:0:1, 3:0:0:0:0, 5:0:1:0:0, 6:5:0:0:8, 10:3:0:0:4, 1:0:0:0:0, 3:0:0:0:0, 1:0:0:0:0, 3:0:0:0:0, 5:2:0:0:7, 4:2:0:0:3, 5:3:0:0:5, 6:1:0:0:1, 4:0:0:0:2, 4:2:0:0:3, 4:0:0:0:2, 3:0:0:0:0, 2:0:0:0:0, 5:5:0:0:8, 7:1:0:0:4, 6:1:0:0:2, 5:0:0:0:4, 5:0:0:0:0, 4:0:0:0:0, 8:0:0:0:3, 3:0:0:0:0, 4:0:0:0:0, 3:0:0:0:0, 4:0:0:0:0, 5:0:0:0:2, 8:0:0:0:3, 5:0:0:0:2, 3:0:0:0:2, 5:1:0:0:4, 3:0:0:0:0, 1:0:0:0:0, 3:0:0:0:0, 5:4:0:0:4, 6:6:0:0:8, 1:0:0:0:0, 2:0:0:0:0, 1:0:0:0:0, 2:0:0:0:0, 6:2:0:0:6, 7:2:0:0:3, 7:4:0:0:7, 5:2:0:0:2, 7:0:0:0:2, 7:3:0:0:4, 5:0:0:0:3, 3:0:0:0:0, 2:0:0:0:0, 5:5:0:0:6, 6:3:0:0:4, 8:2:0:0:5, 6:1:0:0:4, 3:0:0:0:0, 3:0:0:0:0, 7:0:0:0:2, 2:0:0:0:0, 4:0:0:0:0, 3:0:0:0:0, 4:0:0:0:0, 7:0:0:0:5, 7:0:0:0:3, 6:0:0:0:2, 4:0:0:0:1, 5:1:0:0:5, 3:0:0:0:0, 1:0:0:0:0, 3:0:0:0:0, 7:10:0:0:12, 5:4:0:0:5, 1:0:0:0:0, 2:0:0:0:0, 3:0:0:0:0, 4:0:0:0:0, 6:2:0:0:6, 7:5:0:0:6, 7:4:0:0:7, 9:2:1:0:3, 4:0:0:0:2, 5:2:0:0:3, 5:0:0:0:2, 7:0:0:0:1, 3:0:1:0:0, 11:4:0:0:5, 7:3:0:0:6, 7:2:0:0:4, 4:0:0:0:3, 2:0:0:0:2, 3:0:0:0:0, 3:0:0:0:1, 2:0:0:0:0, 5:0:0:0:0, 3:0:0:0:0, 5:0:0:0:0, 6:0:0:0:2, 10:0:0:0:4, 9:1:0:0:4, 2:0:0:0:0, 6:1:0:0:6, 4:1:0:0:1, 1:0:0:0:0, 4:0:0:0:0, 6:5:0:0:6, 7:4:0:0:7, 1:0:0:0:0, 3:0:0:0:0, 1:0:0:0:0, 3:0:0:0:0, 1:0:0:0:0, 0:0:0:0:0, 0:0:0:0:0, 0:0:0:0:0, 0:0:0:0:0, 782:166:7:0:389
Gb locrian (6b), 5:1:0:0:5, 2:0:0:0:2, 5:1:0:0:5, 5:1:0:0:8, 5:0:0:0:6, 2:0:0:0:3, 5:0:0:0:7, 7:3:0:0:11, 4:4:0:0:6, 1:0:0:0:0, 3:0:0:0:2, 3:0:0:0:2, 4:1:0:0:4, 3:0:0:0:3, 5:1:0:0:5, 4:1:0:0:5, 6:2:0:0:6, 5:0:0:0:5, 8:1:0:0:7, 4:1:0:0:4, 5:0:0:0:6, 5:1:0:0:7, 6:0:0:0:6, 6:4:0:0:9, 5:1:0:0:7, 7:4:0:0:10, 7:2:0:0:4, 7:4:0:0:10, 0:0:0:0:0, 1:0:0:0:0, 5:3:0:0:5, 5:1:0:0:4, 5:3:0:0:7, 5:1:0:0:4, 3:0:0:0:2, 2:0:0:0:1, 4:0:0:0:3, 5:1:0:0:9, 3:0:0:0:4, 2:0:0:0:3, 4:0:0:0:5, 8:2:0:0:11, 4:5:0:0:11, 3:0:0:0:2, 3:0:0:0:4, 10:2:0:0:11, 5:0:0:0:5, 5:1:0:0:5, 9:3:0:0:8, 6:1:0:0:9, 4:5:0:0:9, 6:2:0:0:9, 9:4:0:0:15, 8:1:0:0:12, 8:1:0:0:11, 10:1:0:0:13, 8:0:0:0:9, 8:9:0:0:18, 4:0:0:0:3, 8:2:0:0:11, 7:4:1:0:9, 9:7:1:0:15, 1:0:0:0:1, 5:0:0:0:3, 6:6:0:0:9, 6:1:0:0:7, 6:5:0:0:10, 6:1:0:0:6, 2:0:0:0:1, 1:0:0:0:1, 1:0:0:0:1, 5:1:0:0:8, 3:0:0:0:2, 1:0:0:0:2, 3:0:0:0:4, 6:4:0:0:12, 5:2:0:0:6, 1:0:0:0:0, 4:0:0:0:4, 6:1:0:0:9, 4:0:0:0:5, 4:0:0:0:4, 5:1:2:0:4, 9:1:0:0:8, 6:2:0:0:10, 5:0:0:0:7, 7:2:0:0:9, 5:0:0:0:6, 5:0:0:0:6, 8:1:0:0:8, 5:0:0:0:7, 7:5:0:0:13, 3:0:0:0:3, 6:3:0:0:12, 4:2:0:0:9, 7:3:0:0:9, 0:0:0:0:0, 2:0:1:0:0, 6:4:0:0:7, 5:1:0:0:5, 5:3:0:0:7, 5:4:0:0:8, 3:0:0:0:4, 4:0:0:0:3, 2:0:0:0:3, 5:2:0:0:7, 5:0:0:0:4, 3:0:0:0:5, 4:0:0:0:6, 6:4:0:0:14, 6:2:0:0:6, 0:0:0:0:0, 4:0:0:0:6, 6:0:0:0:8, 4:0:0:0:6, 3:0:0:0:9, 6:5:0:0:12, 8:1:0:0:9, 5:3:0:0:6, 6:2:0:0:10, 6:4:0:0:10, 5:0:0:0:6, 7:0:0:0:8, 8:1:0:0:9, 6:0:0:0:5, 8:6:0:0:14, 4:0:0:0:3, 6:6:0:0:14, 4:2:0:0:4, 8:6:0:0:14, 1:0:0:0:0, 1:0:0:0:0, 5:3:0:0:9, 5:1:0:0:5, 7:5:0:0:13, 7:1:1:0:7, 3:0:0:0:3, 3:0:0:0:3, 2:0:0:0:2, 8:3:1:0:11, 3:0:0:0:4, 2:0:0:0:2, 4:0:0:0:5, 10:4:0:0:17, 6:2:0:0:6, 5:0:0:0:5, 4:3:0:0:6, 5:0:0:0:7, 3:0:0:0:5, 2:0:0:0:2, 7:1:0:0:6, 4:1:0:0:6, 4:3:0:0:6, 7:7:0:0:15, 5:1:0:0:8, 6:0:0:0:7, 5:0:0:0:8, 10:1:0:0:12, 9:0:0:0:11, 6:5:0:0:9, 3:0:0:0:3, 7:3:0:0:11, 4:2:0:0:8, 9:4:0:0:9, 0:0:0:0:0, 4:0:0:0:4, 5:3:0:0:10, 7:1:0:0:5, 5:5:0:0:11, 7:1:0:0:5, 5:3:0:0:6, 0:0:0:0:0, 0:0:0:0:0, 0:0:0:0:0, 0:0:0:0:0, 848:252:7:0:1112
F# locrian (6#), 6:0:0:0:3, 4:2:0:0:3, 6:0:0:0:3, 5:2:0:0:2, 6:0:0:0:3, 5:2:0:0:3, 6:0:0:0:3, 3:0:0:0:0, 2:0:0:0:0, 5:5:0:0:7, 5:1:0:0:3, 4:1:0:0:3, 4:0:0:0:4, 3:0:0:0:4, 3:0:0:0:0, 2:0:0:0:0, 3:0:0:0:0, 4:0:0:0:0, 5:0:0:0:0, 4:0:0:0:1, 6:0:0:0:3, 5:0:0:0:1, 6:0:0:0:3, 2:0:0:0:0, 6:1:0:0:4, 3:0:0:0:0, 2:0:2:0:0, 3:0:0:0:0, 5:4:0:0:4, 6:4:0:0:5, 1:0:0:0:0, 2:0:0:0:0, 1:0:0:0:0, 2:0:0:0:0, 6:3:0:0:7, 5:2:0:0:4, 9:4:0:0:6, 4:2:0:0:2, 4:0:0:0:2, 5:2:0:0:3, 5:0:0:0:3, 6:0:0:0:1, 2:0:0:0:0, 7:7:0:0:11, 5:2:0:0:3, 10:4:0:0:7, 7:0:0:0:4, 4:2:2:0:3, 5:0:0:0:0, 5:0:0:0:1, 2:0:0:0:0, 5:0:0:0:0, 6:1:0:0:4, 6:0:0:0:0, 8:2:0:0:7, 10:1:0:0:6, 8:0:0:0:3, 3:0:0:0:1, 6:1:0:0:5, 4:0:0:0:1, 3:0:0:0:0, 5:0:1:0:0, 6:5:0:0:8, 10:3:0:0:4, 1:0:0:0:0, 3:0:0:0:0, 1:0:0:0:0, 3:0:0:0:0, 5:2:0:0:7, 4:2:0:0:3, 5:3:0:0:5, 6:1:0:0:1, 4:0:0:0:2, 4:2:0:0:3, 4:0:0:0:2, 3:0:0:0:0, 2:0:0:0:0, 5:5:0:0:8, 7:1:0:0:4, 6:1:0:0:2, 5:0:0:0:4, 5:0:0:0:0, 4:0:0:0:0, 8:0:0:0:3, 3:0:0:0:0, 4:0:0:0:0, 3:0:0:0:0, 4:0:0:0:0, 5:0:0:0:2, 8:0:0:0:3, 5:0:0:0:2, 3:0:0:0:2, 5:1:0:0:4, 3:0:0:0:0, 1:0:0:0:0, 3:0:0:0:0, 5:4:0:0:4, 6:6:0:0:8, 1:0:0:0:0, 2:0:0:0:0, 1:0:0:0:0, 2:0:0:0:0, 6:2:0:0:6, 7:2:0:0:3, 7:4:0:0:7, 5:2:0:0:2, 7:0:0:0:2, 7:3:0:0:4, 5:0:0:0:3, 3:0:0:0:0, 2:0:0:0:0, 5:5:0:0:6, 6:3:0:0:4, 8:2:0:0:5, 6:1:0:0:4, 3:0:0:0:0, 3:0:0:0:0, 7:0:0:0:2, 2:0:0:0:0, 4:0:0:0:0, 3:0:0:0:0, 4:0:0:0:0, 7:0:0:0:5, 7:0:0:0:3, 6:0:0:0:2, 4:0:0:0:1, 5:1:0:0:5, 3:0:0:0:0, 1:0:0:0:0, 3:0:0:0:0, 7:10:0:0:12, 5:4:0:0:5, 1:0:0:0:0, 2:0:0:0:0, 3:0:0:0:0, 4:0:0:0:0, 6:2:0:0:6, 7:5:0:0:6, 7:4:0:0:7, 9:2:1:0:3, 4:0:0:0:2, 5:2:0:0:3, 5:0:0:0:2, 7:0:0:0:1, 3:0:1:0:0, 11:4:0:0:5, 7:3:0:0:6, 7:2:0:0:4, 4:0:0:0:3, 2:0:0:0:2, 3:0:0:0:0, 3:0:0:0:1, 2:0:0:0:0, 5:0:0:0:0, 3:0:0:0:0, 5:0:0:0:0, 6:0:0:0:2, 10:0:0:0:4, 9:1:0:0:4, 2:0:0:0:0, 6:1:0:0:6, 4:1:0:0:1, 1:0:0:0:0, 4:0:0:0:0, 6:5:0:0:6, 7:4:0:0:7, 1:0:0:0:0, 3:0:0:0:0, 1:0:0:0:0, 3:0:0:0:0, 1:0:0:0:0, 0:0:0:0:0, 0:0:0:0:0, 0:0:0:0:0, 0:0:0:0:0, 782:166:7:0:389
Cb major (7b), 6:1:0:0:7, 2:0:0:0:3, 6:1:0:0:7, 5:1:0:0:8, 6:0:0:0:7, 3:0:0:0:1, 6:0:0:0:8, 7:3:0:0:11, 4:4:0:0:6, 2:0:0:0:1, 4:0:0:0:3, 3:0:0:0:4, 5:1:0:0:7, 2:0:0:0:6, 5:1:0:0:4, 4:1:0:0:4, 6:2:0:0:5, 5:0:0:0:5, 8:1:0:0:7, 5:1:0:0:4, 6:0:0:0:7, 6:1:0:0:7, 7:0:0:0:7, 6:4:0:0:9, 6:1:0:0:8, 7:4:0:0:10, 7:2:0:0:6, 7:4:0:0:10, 0:0:0:0:0, 2:0:0:0:1, 5:3:0:0:5, 5:1:0:0:4, 5:3:0:0:7, 5:1:0:0:4, 4:0:0:0:4, 3:0:0:0:2, 5:0:0:0:4, 5:1:0:0:8, 4:0:0:0:5, 3:0:0:0:3, 5:0:0:0:6, 8:2:0:0:11, 4:5:0:0:9, 4:0:0:0:5, 4:0:0:0:4, 10:2:0:0:14, 6:0:0:0:7, 4:1:1:0:4, 9:3:0:0:8, 7:1:0:0:9, 4:5:0:0:8, 7:2:0:0:9, 9:4:0:0:17, 9:1:0:0:9, 9:1:0:0:15, 11:1:0:0:15, 9:0:0:0:10, 8:9:0:0:19, 5:0:0:0:6, 8:2:0:0:12, 6:4:0:0:9, 9:7:1:0:15, 2:0:0:0:1, 5:2:2:0:5, 6:6:0:0:9, 6:1:0:0:6, 6:5:0:0:10, 6:1:0:0:5, 3:0:0:0:2, 2:0:0:0:1, 2:0:0:0:1, 6:1:0:0:8, 4:0:0:0:3, 2:0:0:0:2, 4:0:0:0:5, 6:4:0:0:12, 5:2:0:0:4, 2:0:0:0:2, 5:0:0:0:6, 6:0:0:0:8, 5:0:0:0:8, 5:0:0:0:3, 5:1:0:0:4, 10:1:0:0:9, 6:2:0:0:5, 5:0:0:0:5, 7:2:0:0:7, 5:0:0:0:6, 6:0:0:0:7, 9:1:0:0:10, 6:0:0:0:8, 7:5:0:0:15, 4:0:0:0:5, 6:3:0:0:12, 4:2:0:0:5, 7:3:0:0:9, 0:0:0:0:0, 1:0:0:0:2, 6:4:0:0:7, 5:1:0:0:5, 5:3:0:0:7, 5:4:0:0:8, 4:0:0:0:5, 5:0:0:0:3, 3:0:0:0:3, 5:2:0:0:7, 6:0:0:0:5, 4:0:0:0:5, 5:0:0:0:8, 6:4:0:0:14, 6:2:0:0:5, 1:0:0:0:0, 5:0:0:0:6, 7:0:0:0:9, 5:0:0:0:7, 4:0:0:0:9, 6:5:0:0:12, 9:1:0:0:10, 5:3:0:0:5, 6:2:0:0:10, 6:4:0:0:10, 5:0:0:0:5, 8:0:0:0:9, 9:1:0:0:9, 7:0:0:0:6, 8:6:0:0:15, 5:0:0:0:4, 6:6:0:0:14, 4:2:0:0:4, 8:6:0:0:14, 2:0:0:0:1, 2:0:0:0:1, 5:3:0:0:9, 5:1:0:0:5, 7:5:0:0:13, 7:1:0:0:7, 4:0:0:0:5, 4:0:0:0:3, 3:0:0:0:3, 9:3:1:0:11, 4:0:0:0:5, 3:0:0:0:2, 5:0:0:0:5, 10:4:0:0:15, 6:2:0:0:6, 6:0:0:0:4, 5:3:0:0:6, 6:0:0:0:8, 4:0:0:0:7, 2:0:0:0:4, 7:1:0:0:4, 5:1:0:0:6, 4:3:0:0:5, 7:7:0:0:15, 5:1:0:0:8, 7:0:0:0:7, 6:0:0:0:9, 11:1:0:0:15, 10:0:0:0:12, 6:5:0:0:9, 4:0:0:0:5, 7:3:0:0:11, 4:2:0:0:6, 9:4:0:0:9, 1:0:0:0:0, 4:0:0:0:7, 5:3:0:0:10, 7:1:0:0:4, 5:5:0:0:11, 7:1:0:0:4, 5:3:0:0:6, 0:0:0:0:0, 0:0:0:0:0, 0:0:0:0:0, 0:0:0:0:0, 927:253:5:0:1173
C# major (7#), 6:0:0:0:3, 4:2:0:0:5, 6:0:0:0:3, 5:2:0:0:5, 6:0:0:0:5, 5:2:0:0:3, 6:0:0:0:4, 4:0:0:0:0, 2:0:0:0:0, 5:5:0:0:6, 5:1:0:0:3, 4:1:0:0:4, 4:0:0:0:2, 2:0:0:0:0, 4:0:0:0:0, 3:0:0:0:0, 4:0:0:0:0, 5:0:0:0:1, 6:0:0:0:2, 4:0:0:0:2, 6:0:0:0:5, 6:0:0:0:2, 7:0:0:0:5, 3:0:0:0:0, 7:1:0:0:4, 4:0:0:0:0, 3:0:0:0:0, 4:0:0:0:2, 5:4:0:0:4, 6:4:0:0:5, 2:0:0:0:0, 3:0:0:0:0, 2:0:0:0:0, 3:0:0:0:0, 6:3:0:0:8, 5:2:0:0:3, 9:4:0:0:6, 4:2:0:0:5, 4:0:0:0:2, 5:2:0:0:3, 5:0:0:0:3, 7:0:0:0:2, 2:0:0:0:0, 7:7:0:0:11, 5:2:0:0:4, 10:4:0:0:10, 7:0:0:0:4, 3:2:2:0:2, 6:0:0:0:1, 6:0:0:0:3, 2:0:0:0:0, 6:0:0:0:2, 7:0:0:0:2, 7:0:0:0:1, 9:2:0:0:8, 11:1:0:0:8, 8:0:0:0:3, 4:0:0:0:0, 6:1:0:0:3, 5:0:0:0:1, 4:0:0:0:0, 6:0:0:0:2, 6:5:0:0:8, 10:3:0:0:5, 2:0:0:0:0, 4:0:0:0:0, 2:0:0:0:0, 4:0:0:0:0, 5:2:0:0:8, 4:2:0:0:3, 5:3:0:0:5, 6:1:0:0:3, 4:0:0:0:2, 4:2:0:0:3, 4:0:0:0:2, 4:0:0:0:0, 2:0:0:0:0, 5:5:0:0:8, 7:1:0:0:4, 6:1:0:0:6, 5:0:0:0:3, 5:0:0:0:1, 5:0:0:0:0, 9:0:0:0:4, 3:0:0:0:0, 5:0:0:0:1, 4:0:0:0:1, 5:0:0:0:1, 6:0:0:0:4, 9:0:0:0:3, 6:0:0:0:4, 4:0:0:0:1, 5:1:0:0:4, 4:0:0:0:0, 2:0:0:0:0, 4:0:0:0:1, 5:4:0:0:4, 6:6:0:0:7, 2:0:0:0:0, 3:0:0:0:0, 2:0:0:0:0, 3:0:0:0:0, 6:2:0:0:9, 7:2:0:0:4, 7:4:0:0:9, 5:2:0:0:3, 7:0:0:0:3, 7:3:0:0:6, 5:0:0:0:3, 4:0:0:0:0, 3:0:0:0:0, 5:5:0:0:6, 6:3:0:0:6, 8:2:0:0:7, 6:1:0:0:3, 3:0:0:0:3, 4:0:0:0:0, 8:0:0:0:1, 2:0:0:0:0, 5:0:0:0:3, 4:0:0:0:3, 5:0:0:0:1, 8:0:0:0:8, 8:0:0:0:5, 7:0:0:0:3, 5:0:0:0:2, 6:1:0:0:6, 4:0:0:0:0, 2:0:0:0:0, 4:0:0:0:2, 7:10:0:0:12, 5:4:0:0:5, 2:0:0:0:0, 3:0:0:0:0, 4:0:0:0:0, 5:0:0:0:0, 6:2:0:0:8, 7:5:0:0:8, 7:4:0:0:6, 9:2:0:0:5, 4:0:0:0:2, 5:2:0:0:3, 5:0:0:0:2, 8:0:0:0:0, 4:0:0:0:0, 11:4:0:0:6, 7:3:0:0:7, 7:2:0:0:7, 4:0:0:0:2, 1:0:0:0:0, 4:0:0:0:0, 4:0:0:0:1, 2:0:0:0:0, 6:0:0:0:3, 4:0:0:0:2, 6:0:0:0:2, 6:0:0:0:5, 11:0:0:0:7, 10:1:0:0:7, 3:0:0:0:0, 6:1:0:0:6, 5:1:0:0:1, 2:0:0:0:0, 5:0:0:0:1, 6:5:0:0:6, 8:4:0:0:6, 2:0:0:0:0, 4:0:0:0:0, 2:0:0:0:0, 4:0:0:0:0, 2:0:0:0:0, 1:0:0:0:0, 1:0:0:0:0, 1:0:0:0:0, 1:0:0:0:0, 871:165:2:0:484
Ab minor (7b), 6:1:0:0:7, 2:0:0:0:3, 6:1:0:0:7, 5:1:0:0:8, 6:0:0:0:7, 3:0:0:0:1, 6:0:0:0:8, 7:3:0:0:11, 4:4:0:0:6, 2:0:0:0:1, 4:0:0:0:3, 3:0:0:0:4, 5:1:0:0:7, 2:0:0:0:6, 5:1:0:0:4, 4:1:0:0:4, 6:2:0:0:5, 5:0:0:0:5, 8:1:0:0:7, 5:1:0:0:4, 6:0:0:0:7, 6:1:0:0:7, 7:0:0:0:7, 6:4:0:0:9, 6:1:0:0:8, 7:4:0:0:10, 7:2:0:0:6, 7:4:0:0:10, 0:0:0:0:0, 2:0:0:0:1, 5:3:0:0:5, 5:1:0:0:4, 5:3:0:0:7, 5:1:0:0:4, 4:0:0:0:4, 3:0:0:0:2, 5:0:0:0:4, 5:1:0:0:8, 4:0:0:0:5, 3:0:0:0:3, 5:0:0:0:6, 8:2:0:0:11, 4:5:0:0:9, 4:0:0:0:5, 4:0:0:0:4, 10:2:0:0:14, 6:0:0:0:7, 4:1:1:0:4, 9:3:0:0:8, 7:1:0:0:9, 4:5:0:0:8, 7:2:0:0:9, 9:4:0:0:17, 9:1:0:0:9, 9:1:0:0:15, 11:1:0:0:15, 9:0:0:0:10, 8:9:0:0:19, 5:0:0:0:6, 8:2:0:0:12, 6:4:0:0:9, 9:7:1:0:15, 2:0:0:0:1, 5:2:2:0:5, 6:6:0:0:9, 6:1:0:0:6, 6:5:0:0:10, 6:1:0:0:5, 3:0:0:0:2, 2:0:0:0:1, 2:0:0:0:1, 6:1:0:0:8, 4:0:0:0:3, 2:0:0:0:2, 4:0:0:0:5, 6:4:0:0:12, 5:2:0:0:4, 2:0:0:0:2, 5:0:0:0:6, 6:0:0:0:8, 5:0:0:0:8, 5:0:0:0:3, 5:1:0:0:4, 10:1:0:0:9, 6:2:0:0:5, 5:0:0:0:5, 7:2:0:0:7, 5:0:0:0:6, 6:0:0:0:7, 9:1:0:0:10, 6:0:0:0:8, 7:5:0:0:15, 4:0:0:0:5, 6:3:0:0:12, 4:2:0:0:5, 7:3:0:0:9, 0:0:0:0:0, 1:0:0:0:2, 6:4:0:0:7, 5:1:0:0:5, 5:3:0:0:7, 5:4:0:0:8, 4:0:0:0:5, 5:0:0:0:3, 3:0:0:0:3, 5:2:0:0:7, 6:0:0:0:5, 4:0:0:0:5, 5:0:0:0:8, 6:4:0:0:14, 6:2:0:0:5, 1:0:0:0:0, 5:0:0:0:6, 7:0:0:0:9, 5:0:0:0:7, 4:0:0:0:9, 6:5:0:0:12, 9:1:0:0:10, 5:3:0:0:5, 6:2:0:0:10, 6:4:0:0:10, 5:0:0:0:5, 8:0:0:0:9, 9:1:0:0:9, 7:0:0:0:6, 8:6:0:0:15, 5:0:0:0:4, 6:6:0:0:14, 4:2:0:0:4, 8:6:0:0:14, 2:0:0:0:1, 2:0:0:0:1, 5:3:0:0:9, 5:1:0:0:5, 7:5:0:0:13, 7:1:0:0:7, 4:0:0:0:5, 4:0:0:0:3, 3:0:0:0:3, 9:3:1:0:11, 4:0:0:0:5, 3:0:0:0:2, 5:0:0:0:5, 10:4:0:0:15, 6:2:0:0:6, 6:0:0:0:4, 5:3:0:0:6, 6:0:0:0:8, 4:0:0:0:7, 2:0:0:0:4, 7:1:0:0:4, 5:1:0:0:6, 4:3:0:0:5, 7:7:0:0:15, 5:1:0:0:8, 7:0:0:0:7, 6:0:0:0:9, 11:1:0:0:15, 10:0:0:0:12, 6:5:0:0:9, 4:0:0:0:5, 7:3:0:0:11, 4:2:0:0:6, 9:4:0:0:9, 1:0:0:0:0, 4:0:0:0:7, 5:3:0:0:10, 7:1:0:0:4, 5:5:0:0:11, 7:1:0:0:4, 5:3:0:0:6, 0:0:0:0:0, 0:0:0:0:0, 0:0:0:0:0, 0:0:0:0:0, 927:253:5:0:1173
A# minor (7#), 6:0:0:0:3, 4:2:0:0:5, 6:0:0:0:3, 5:2:0:0:5, 6:0:0:0:5, 5:2:0:0:3, 6:0:0:0:4, 4:0:0:0:0, 2:0:0:0:0, 5:5:0:0:6, 5:1:0:0:3, 4:1:0:0:4, 4:0:0:0:2, 2:0:0:0:0, 4:0:0:0:0, 3:0:0:0:0, 4:0:0:0:0, 5:0:0:0:1, 6:0:0:0:2, 4:0:0:0:2, 6:0:0:0:5, 6:0:0:0:2, 7:0:0:0:5, 3:0:0:0:0, 7:1:0:0:4, 4:0:0:0:0, 3:0:0:0:0, 4:0:0:0:2, 5:4:0:0:4, 6:4:0:0:5, 2:0:0:0:0, 3:0:0:0:0, 2:0:0:0:0, 3:0:0:0:0, 6:3:0:0:8, 5:2:0:0:3, 9:4:0:0:6, 4:2:0:0:5, 4:0:0:0:2, 5:2:0:0:3, 5:0:0:0:3, 7:0:0:0:2, 2:0:0:0:0, 7:7:0:0:11, 5:2:0:0:4, 10:4:0:0:10, 7:0:0:0:4, 3:2:2:0:2, 6:0:0:0:1, 6:0:0:0:3, 2:0:0:0:0, 6:0:0:0:2, 7:0:0:0:2, 7:0:0:0:1, 9:2:0:0:8, 11:1:0:0:8, 8:0:0:0:3, 4:0:0:0:0, 6:1:0:0:3, 5:0:0:0:1, 4:0:0:0:0, 6:0:0:0:2, 6:5:0:0:8, 10:3:0:0:5, 2:0:0:0:0, 4:0:0:0:0, 2:0:0:0:0, 4:0:0:0:0, 5:2:0:0:8, 4:2:0:0:3, 5:3:0:0:5, 6:1:0:0:3, 4:0:0:0:2, 4:2:0:0:3, 4:0:0:0:2, 4:0:0:0:0, 2:0:0:0:0, 5:5:0:0:8, 7:1:0:0:4, 6:1:0:0:6, 5:0:0:0:3, 5:0:0:0:1, 5:0:0:0:0, 9:0:0:0:4, 3:0:0:0:0, 5:0:0:0:1, 4:0:0:0:1, 5:0:0:0:1, 6:0:0:0:4, 9:0:0:0:3, 6:0:0:0:4, 4:0:0:0:1, 5:1:0:0:4, 4:0:0:0:0, 2:0:0:0:0, 4:0:0:0:1, 5:4:0:0:4, 6:6:0:0:7, 2:0:0:0:0, 3:0:0:0:0, 2:0:0:0:0, 3:0:0:0:0, 6:2:0:0:9, 7:2:0:0:4, 7:4:0:0:9, 5:2:0:0:3, 7:0:0:0:3, 7:3:0:0:6, 5:0:0:0:3, 4:0:0:0:0, 3:0:0:0:0, 5:5:0:0:6, 6:3:0:0:6, 8:2:0:0:7, 6:1:0:0:3, 3:0:0:0:3, 4:0:0:0:0, 8:0:0:0:1, 2:0:0:0:0, 5:0:0:0:3, 4:0:0:0:3, 5:0:0:0:1, 8:0:0:0:8, 8:0:0:0:5, 7:0:0:0:3, 5:0:0:0:2, 6:1:0:0:6, 4:0:0:0:0, 2:0:0:0:0, 4:0:0:0:2, 7:10:0:0:12, 5:4:0:0:5, 2:0:0:0:0, 3:0:0:0:0, 4:0:0:0:0, 5:0:0:0:0, 6:2:0:0:8, 7:5:0:0:8, 7:4:0:0:6, 9:2:0:0:5, 4:0:0:0:2, 5:2:0:0:3, 5:0:0:0:2, 8:0:0:0:0, 4:0:0:0:0, 11:4:0:0:6, 7:3:0:0:7, 7:2:0:0:7, 4:0:0:0:2, 1:0:0:0:0, 4:0:0:0:0, 4:0:0:0:1, 2:0:0:0:0, 6:0:0:0:3, 4:0:0:0:2, 6:0:0:0:2, 6:0:0:0:5, 11:0:0:0:7, 10:1:0:0:7, 3:0:0:0:0, 6:1:0:0:6, 5:1:0:0:1, 2:0:0:0:0, 5:0:0:0:1, 6:5:0:0:6, 8:4:0:0:6, 2:0:0:0:0, 4:0:0:0:0, 2:0:0:0:0, 4:0:0:0:0, 2:0:0:0:0, 1:0:0:0:0, 1:0:0:0:0, 1:0:0:0:0, 1:0:0:0:0, 871:165:2:0:484
Ab minor mel (7b), 6:1:0:0:7, 2:0:0:0:3, 6:1:0:0:7, 5:1:0:0:8, 6:0:0:0:7, 3:0:0:0:1, 6:0:0:0:8, 7:3:0:0:11, 4:4:0:0:6, 2:0:0:0:1, 4:0:0:0:3, 3:0:0:0:4, 5:1:0:0:7, 2:0:0:0:6, 5:1:0:0:4, 4:1:0:0:4, 6:2:0:0:5, 5:0:0:0:5, 8:1:0:0:7, 5:1:0:0:4, 6:0:0:0:7, 6:1:0:0:7, 7:0:0:0:7, 6:4:0:0:9, 6:1:0:0:8, 7:4:0:0:10, 7:2:0:0:6, 7:4:0:0:10, 0:0:0:0:0, 2:0:0:0:1, 5:3:0:0:5, 5:1:0:0:4, 5:3:0:0:7, 5:1:0:0:4, 4:0:0:0:4, 3:0:0:0:2, 5:0:0:0:4, 5:1:0:0:8, 4:0:0:0:5, 3:0:0:0:3, 5:0:0:0:6, 8:2:0:0:11, 4:5:0:0:9, 4:0:0:0:5, 4:0:0:0:4, 10:2:0:0:14, 6:0:0:0:7, 4:1:1:0:4, 9:3:0:0:8, 7:1:0:0:9, 4:5:0:0:8, 7:2:0:0:9, 9:4:0:0:17, 9:1:0:0:9, 9:1:0:0:15, 11:1:0:0:15, 9:0:0:0:10, 8:9:0:0:19, 5:0:0:0:6, 8:2:0:0:12, 6:4:0:0:9, 9:7:1:0:15, 2:0:0:0:1, 5:2:2:0:5, 6:6:0:0:9, 6:1:0:0:6, 6:5:0:0:10, 6:1:0:0:5, 3:0:0:0:2, 2:0:0:0:1, 2:0:0:0:1, 6:1:0:0:8, 4:0:0:0:3, 2:0:0:0:2, 4:0:0:0:5, 6:4:0:0:12, 5:2:0:0:4, 2:0:0:0:2, 5:0:0:0:6, 6:0:0:0:8, 5:0:0:0:8, 5:0:0:0:3, 5:1:0:0:4, 10:1:0:0:9, 6:2:0:0:5, 5:0:0:0:5, 7:2:0:0:7, 5:0:0:0:6, 6:0:0:0:7, 9:1:0:0:10, 6:0:0:0:8, 7:5:0:0:15, 4:0:0:0:5, 6:3:0:0:12, 4:2:0:0:5, 7:3:0:0:9, 0:0:0:0:0, 1:0:0:0:2, 6:4:0:0:7, 5:1:0:0:5, 5:3:0:0:7, 5:4:0:0:8, 4:0:0:0:5, 5:0:0:0:3, 3:0:0:0:3, 5:2:0:0:7, 6:0:0:0:5, 4:0:0:0:5, 5:0:0:0:8, 6:4:0:0:14, 6:2:0:0:5, 1:0:0:0:0, 5:0:0:0:6, 7:0:0:0:9, 5:0:0:0:7, 4:0:0:0:9, 6:5:0:0:12, 9:1:0:0:10, 5:3:0:0:5, 6:2:0:0:10, 6:4:0:0:10, 5:0:0:0:5, 8:0:0:0:9, 9:1:0:0:9, 7:0:0:0:6, 8:6:0:0:15, 5:0:0:0:4, 6:6:0:0:14, 4:2:0:0:4, 8:6:0:0:14, 2:0:0:0:1, 2:0:0:0:1, 5:3:0:0:9, 5:1:0:0:5, 7:5:0:0:13, 7:1:0:0:7, 4:0:0:0:5, 4:0:0:0:3, 3:0:0:0:3, 9:3:1:0:11, 4:0:0:0:5, 3:0:0:0:2, 5:0:0:0:5, 10:4:0:0:15, 6:2:0:0:6, 6:0:0:0:4, 5:3:0:0:6, 6:0:0:0:8, 4:0:0:0:7, 2:0:0:0:4, 7:1:0:0:4, 5:1:0:0:6, 4:3:0:0:5, 7:7:0:0:15, 5:1:0:0:8, 7:0:0:0:7, 6:0:0:0:9, 11:1:0:0:15, 10:0:0:0:12, 6:5:0:0:9, 4:0:0:0:5, 7:3:0:0:11, 4:2:0:0:6, 9:4:0:0:9, 1:0:0:0:0, 4:0:0:0:7, 5:3:0:0:10, 7:1:0:0:4, 5:5:0:0:11, 7:1:0:0:4, 5:3:0:0:6, 0:0:0:0:0, 0:0:0:0:0, 0:0:0:0:0, 0:0:0:0:0, 927:253:5:0:1173
A# minor mel (7#), 6:0:0:0:3, 4:2:0:0:5, 6:0:0:0:3, 5:2:0:0:5, 6:0:0:0:5, 5:2:0:0:3, 6:0:0:0:4, 4:0:0:0:0, 2:0:0:0:0, 5:5:0:0:6, 5:1:0:0:3, 4:1:0:0:4, 4:0:0:0:2, 2:0:0:0:0, 4:0:0:0:0, 3:0:0:0:0, 4:0:0:0:0, 5:0:0:0:1, 6:0:0:0:2, 4:0:0:0:2, 6:0:0:0:5, 6:0:0:0:2, 7:0:0:0:5, 3:0:0:0:0, 7:1:0:0:4, 4:0:0:0:0, 3:0:0:0:0, 4:0:0:0:2, 5:4:0:0:4, 6:4:0:0:5, 2:0:0:0:0, 3:0:0:0:0, 2:0:0:0:0, 3:0:0:0:0, 6:3:0:0:8, 5:2:0:0:3, 9:4:0:0:6, 4:2:0:0:5, 4:0:0:0:2, 5:2:0:0:3, 5:0:0:0:3, 7:0:0:0:2, 2:0:0:0:0, 7:7:0:0:11, 5:2:0:0:4, 10:4:0:0:10, 7:0:0:0:4, 3:2:2:0:2, 6:0:0:0:1, 6:0:0:0:3, 2:0:0:0:0, 6:0:0:0:2, 7:0:0:0:2, 7:0:0:0:1, 9:2:0:0:8, 11:1:0:0:8, 8:0:0:0:3, 4:0:0:0:0, 6:1:0:0:3, 5:0:0:0:1, 4:0:0:0:0, 6:0:0:0:2, 6:5:0:0:8, 10:3:0:0:5, 2:0:0:0:0, 4:0:0:0:0, 2:0:0:0:0, 4:0:0:0:0, 5:2:0:0:8, 4:2:0:0:3, 5:3:0:0:5, 6:1:0:0:3, 4:0:0:0:2, 4:2:0:0:3, 4:0:0:0:2, 4:0:0:0:0, 2:0:0:0:0, 5:5:0:0:8, 7:1:0:0:4, 6:1:0:0:6, 5:0:0:0:3, 5:0:0:0:1, 5:0:0:0:0, 9:0:0:0:4, 3:0:0:0:0, 5:0:0:0:1, 4:0:0:0:1, 5:0:0:0:1, 6:0:0:0:4, 9:0:0:0:3, 6:0:0:0:4, 4:0:0:0:1, 5:1:0:0:4, 4:0:0:0:0, 2:0:0:0:0, 4:0:0:0:1, 5:4:0:0:4, 6:6:0:0:7, 2:0:0:0:0, 3:0:0:0:0, 2:0:0:0:0, 3:0:0:0:0, 6:2:0:0:9, 7:2:0:0:4, 7:4:0:0:9, 5:2:0:0:3, 7:0:0:0:3, 7:3:0:0:6, 5:0:0:0:3, 4:0:0:0:0, 3:0:0:0:0, 5:5:0:0:6, 6:3:0:0:6, 8:2:0:0:7, 6:1:0:0:3, 3:0:0:0:3, 4:0:0:0:0, 8:0:0:0:1, 2:0:0:0:0, 5:0:0:0:3, 4:0:0:0:3, 5:0:0:0:1, 8:0:0:0:8, 8:0:0:0:5, 7:0:0:0:3, 5:0:0:0:2, 6:1:0:0:6, 4:0:0:0:0, 2:0:0:0:0, 4:0:0:0:2, 7:10:0:0:12, 5:4:0:0:5, 2:0:0:0:0, 3:0:0:0:0, 4:0:0:0:0, 5:0:0:0:0, 6:2:0:0:8, 7:5:0:0:8, 7:4:0:0:6, 9:2:0:0:5, 4:0:0:0:2, 5:2:0:0:3, 5:0:0:0:2, 8:0:0:0:0, 4:0:0:0:0, 11:4:0:0:6, 7:3:0:0:7, 7:2:0:0:7, 4:0:0:0:2, 1:0:0:0:0, 4:0:0:0:0, 4:0:0:0:1, 2:0:0:0:0, 6:0:0:0:3, 4:0:0:0:2, 6:0:0:0:2, 6:0:0:0:5, 11:0:0:0:7, 10:1:0:0:7, 3:0:0:0:0, 6:1:0:0:6, 5:1:0:0:1, 2:0:0:0:0, 5:0:0:0:1, 6:5:0:0:6, 8:4:0:0:6, 2:0:0:0:0, 4:0:0:0:0, 2:0:0:0:0, 4:0:0:0:0, 2:0:0:0:0, 1:0:0:0:0, 1:0:0:0:0, 1:0:0:0:0, 1:0:0:0:0, 871:165:2:0:484
Cb major blues (7b), 6:1:0:0:7, 2:0:0:0:3, 6:1:0:0:7, 5:1:0:0:8, 6:0:0:0:7, 3:0:0:0:1, 6:0:0:0:8, 7:3:0:0:11, 4:4:0:0:6, 2:0:0:0:1, 4:0:0:0:3, 3:0:0:0:4, 5:1:0:0:7, 2:0:0:0:6, 5:1:0:0:4, 4:1:0:0:4, 6:2:0:0:5, 5:0:0:0:5, 8:1:0:0:7, 5:1:0:0:4, 6:0:0:0:7, 6:1:0:0:7, 7:0:0:0:7, 6:4:0:0:9, 6:1:0:0:8, 7:4:0:0:10, 7:2:0:0:6, 7:4:0:0:10, 0:0:0:0:0, 2:0:0:0:1, 5:3:0:0:5, 5:1:0:0:4, 5:3:0:0:7, 5:1:0:0:4, 4:0:0:0:4, 3:0:0:0:2, 5:0:0:0:4, 5:1:0:0:8, 4:0:0:0:5, 3:0:0:0:3, 5:0:0:0:6, 8:2:0:0:11, 4:5:0:0:9, 4:0:0:0:5, 4:0:0:0:4, 10:2:0:0:14, 6:0:0:0:7, 4:1:1:0:4, 9:3:0:0:8, 7:1:0:0:9, 4:5:0:0:8, 7:2:0:0:9, 9:4:0:0:17, 9:1:0:0:9, 9:1:0:0:15, 11:1:0:0:15, 9:0:0:0:10, 8:9:0:0:19, 5:0:0:0:6, 8:2:0:0:12, 6:4:0:0:9, 9:7:1:0:15, 2:0:0:0:1, 5:2:2:0:5, 6:6:0:0:9, 6:1:0:0:6, 6:5:0:0:10, 6:1:0:0:5, 3:0:0:0:2, 2:0:0:0:1, 2:0:0:0:1, 6:1:0:0:8, 4:0:0:0:3, 2:0:0:0:2, 4:0:0:0:5, 6:4:0:0:12, 5:2:0:0:4, 2:0:0:0:2, 5:0:0:0:6, 6:0:0:0:8, 5:0:0:0:8, 5:0:0:0:3, 5:1:0:0:4, 10:1:0:0:9, 6:2:0:0:5, 5:0:0:0:5, 7:2:0:0:7, 5:0:0:0:6, 6:0:0:0:7, 9:1:0:0:10, 6:0:0:0:8, 7:5:0:0:15, 4:0:0:0:5, 6:3:0:0:12, 4:2:0:0:5, 7:3:0:0:9, 0:0:0:0:0, 1:0:0:0:2, 6:4:0:0:7, 5:1:0:0:5, 5:3:0:0:7, 5:4:0:0:8, 4:0:0:0:5, 5:0:0:0:3, 3:0:0:0:3, 5:2:0:0:7, 6:0:0:0:5, 4:0:0:0:5, 5:0:0:0:8, 6:4:0:0:14, 6:2:0:0:5, 1:0:0:0:0, 5:0:0:0:6, 7:0:0:0:9, 5:0:0:0:7, 4:0:0:0:9, 6:5:0:0:12, 9:1:0:0:10, 5:3:0:0:5, 6:2:0:0:10, 6:4:0:0:10, 5:0:0:0:5, 8:0:0:0:9, 9:1:0:0:9, 7:0:0:0:6, 8:6:0:0:15, 5:0:0:0:4, 6:6:0:0:14, 4:2:0:0:4, 8:6:0:0:14, 2:0:0:0:1, 2:0:0:0:1, 5:3:0:0:9, 5:1:0:0:5, 7:5:0:0:13, 7:1:0:0:7, 4:0:0:0:5, 4:0:0:0:3, 3:0:0:0:3, 9:3:1:0:11, 4:0:0:0:5, 3:0:0:0:2, 5:0:0:0:5, 10:4:0:0:15, 6:2:0:0:6, 6:0:0:0:4, 5:3:0:0:6, 6:0:0:0:8, 4:0:0:0:7, 2:0:0:0:4, 7:1:0:0:4, 5:1:0:0:6, 4:3:0:0:5, 7:7:0:0:15, 5:1:0:0:8, 7:0:0:0:7, 6:0:0:0:9, 11:1:0:0:15, 10:0:0:0:12, 6:5:0:0:9, 4:0:0:0:5, 7:3:0:0:11, 4:2:0:0:6, 9:4:0:0:9, 1:0:0:0:0, 4:0:0:0:7, 5:3:0:0:10, 7:1:0:0:4, 5:5:0:0:11, 7:1:0:0:4, 5:3:0:0:6, 0:0:0:0:0, 0:0:0:0:0, 0:0:0:0:0, 0:0:0:0:0, 927:253:5:0:1173
C# major blues (7#), 6:0:0:0:3, 4:2:0:0:5, 6:0:0:0:3, 5:2:0:0:5, 6:0:0:0:5, 5:2:0:0:3, 6:0:0:0:4, 4:0:0:0:0, 2:0:0:0:0, 5:5:0:0:6, 5:1:0:0:3, 4:1:0:0:4, 4:0:0:0:2, 2:0:0:0:0, 4:0:0:0:0, 3:0:0:0:0, 4:0:0:0:0, 5:0:0:0:1, 6:0:0:0:2, 4:0:0:0:2, 6:0:0:0:5, 6:0:0:0:2, 7:0:0:0:5, 3:0:0:0:0, 7:1:0:0:4, 4:0:0:0:0, 3:0:0:0:0, 4:0:0:0:2, 5:4:0:0:4, 6:4:0:0:5, 2:0:0:0:0, 3:0:0:0:0, 2:0:0:0:0, 3:0:0:0:0, 6:3:0:0:8, 5:2:0:0:3, 9:4:0:0:6, 4:2:0:0:5, 4:0:0:0:2, 5:2:0:0:3, 5:0:0:0:3, 7:0:0:0:2, 2:0:0:0:0, 7:7:0:0:11, 5:2:0:0:4, 10:4:0:0:10, 7:0:0:0:4, 3:2:2:0:2, 6:0:0:0:1, 6:0:0:0:3, 2:0:0:0:0, 6:0:0:0:2, 7:0:0:0:2, 7:0:0:0:1, 9:2:0:0:8, 11:1:0:0:8, 8:0:0:0:3, 4:0:0:0:0, 6:1:0:0:3, 5:0:0:0:1, 4:0:0:0:0, 6:0:0:0:2, 6:5:0:0:8, 10:3:0:0:5, 2:0:0:0:0, 4:0:0:0:0, 2:0:0:0:0, 4:0:0:0:0, 5:2:0:0:8, 4:2:0:0:3, 5:3:0:0:5, 6:1:0:0:3, 4:0:0:0:2, 4:2:0:0:3, 4:0:0:0:2, 4:0:0:0:0, 2:0:0:0:0, 5:5:0:0:8, 7:1:0:0:4, 6:1:0:0:6, 5:0:0:0:3, 5:0:0:0:1, 5:0:0:0:0, 9:0:0:0:4, 3:0:0:0:0, 5:0:0:0:1, 4:0:0:0:1, 5:0:0:0:1, 6:0:0:0:4, 9:0:0:0:3, 6:0:0:0:4, 4:0:0:0:1, 5:1:0:0:4, 4:0:0:0:0, 2:0:0:0:0, 4:0:0:0:1, 5:4:0:0:4, 6:6:0:0:7, 2:0:0:0:0, 3:0:0:0:0, 2:0:0:0:0, 3:0:0:0:0, 6:2:0:0:9, 7:2:0:0:4, 7:4:0:0:9, 5:2:0:0:3, 7:0:0:0:3, 7:3:0:0:6, 5:0:0:0:3, 4:0:0:0:0, 3:0:0:0:0, 5:5:0:0:6, 6:3:0:0:6, 8:2:0:0:7, 6:1:0:0:3, 3:0:0:0:3, 4:0:0:0:0, 8:0:0:0:1, 2:0:0:0:0, 5:0:0:0:3, 4:0:0:0:3, 5:0:0:0:1, 8:0:0:0:8, 8:0:0:0:5, 7:0:0:0:3, 5:0:0:0:2, 6:1:0:0:6, 4:0:0:0:0, 2:0:0:0:0, 4:0:0:0:2, 7:10:0:0:12, 5:4:0:0:5, 2:0:0:0:0, 3:0:0:0:0, 4:0:0:0:0, 5:0:0:0:0, 6:2:0:0:8, 7:5:0:0:8, 7:4:0:0:6, 9:2:0:0:5, 4:0:0:0:2, 5:2:0:0:3, 5:0:0:0:2, 8:0:0:0:0, 4:0:0:0:0, 11:4:0:0:6, 7:3:0:0:7, 7:2:0:0:7, 4:0:0:0:2, 1:0:0:0:0, 4:0:0:0:0, 4:0:0:0:1, 2:0:0:0:0, 6:0:0:0:3, 4:0:0:0:2, 6:0:0:0:2, 6:0:0:0:5, 11:0:0:0:7, 10:1:0:0:7, 3:0:0:0:0, 6:1:0:0:6, 5:1:0:0:1, 2:0:0:0:0, 5:0:0:0:1, 6:5:0:0:6, 8:4:0:0:6, 2:0:0:0:0, 4:0:0:0:0, 2:0:0:0:0, 4:0:0:0:0, 2:0:0:0:0, 1:0:0:0:0, 1:0:0:0:0, 1:0:0:0:0, 1:0:0:0:0, 871:165:2:0:484
Ab minor blues (7b), 6:1:0:0:7, 2:0:0:0:3, 6:1:0:0:7, 5:1:0:0:8, 6:0:0:0:7, 3:0:0:0:1, 6:0:0:0:8, 7:3:0:0:11, 4:4:0:0:6, 2:0:0:0:1, 4:0:0:0:3, 3:0:0:0:4, 5:1:0:0:7, 2:0:0:0:6, 5:1:0:0:4, 4:1:0:0:4, 6:2:0:0:5, 5:0:0:0:5, 8:1:0:0:7, 5:1:0:0:4, 6:0:0:0:7, 6:1:0:0:7, 7:0:0:0:7, 6:4:0:0:9, 6:1:0:0:8, 7:4:0:0:10, 7:2:0:0:6, 7:4:0:0:10, 0:0:0:0:0, 2:0:0:0:1, 5:3:0:0:5, 5:1:0:0:4, 5:3:0:0:7, 5:1:0:0:4, 4:0:0:0:4, 3:0:0:0:2, 5:0:0:0:4, 5:1:0:0:8, 4:0:0:0:5, 3:0:0:0:3, 5:0:0:0:6, 8:2:0:0:11, 4:5:0:0:9, 4:0:0:0:5, 4:0:0:0:4, 10:2:0:0:14, 6:0:0:0:7, 4:1:1:0:4, 9:3:0:0:8, 7:1:0:0:9, 4:5:0:0:8, 7:2:0:0:9, 9:4:0:0:17, 9:1:0:0:9, 9:1:0:0:15, 11:1:0:0:15, 9:0:0:0:10, 8:9:0:0:19, 5:0:0:0:6, 8:2:0:0:12, 6:4:0:0:9, 9:7:1:0:15, 2:0:0:0:1, 5:2:2:0:5, 6:6:0:0:9, 6:1:0:0:6, 6:5:0:0:10, 6:1:0:0:5, 3:0:0:0:2, 2:0:0:0:1, 2:0:0:0:1, 6:1:0:0:8, 4:0:0:0:3, 2:0:0:0:2, 4:0:0:0:5, 6:4:0:0:12, 5:2:0:0:4, 2:0:0:0:2, 5:0:0:0:6, 6:0:0:0:8, 5:0:0:0:8, 5:0:0:0:3, 5:1:0:0:4, 10:1:0:0:9, 6:2:0:0:5, 5:0:0:0:5, 7:2:0:0:7, 5:0:0:0:6, 6:0:0:0:7, 9:1:0:0:10, 6:0:0:0:8, 7:5:0:0:15, 4:0:0:0:5, 6:3:0:0:12, 4:2:0:0:5, 7:3:0:0:9, 0:0:0:0:0, 1:0:0:0:2, 6:4:0:0:7, 5:1:0:0:5, 5:3:0:0:7, 5:4:0:0:8, 4:0:0:0:5, 5:0:0:0:3, 3:0:0:0:3, 5:2:0:0:7, 6:0:0:0:5, 4:0:0:0:5, 5:0:0:0:8, 6:4:0:0:14, 6:2:0:0:5, 1:0:0:0:0, 5:0:0:0:6, 7:0:0:0:9, 5:0:0:0:7, 4:0:0:0:9, 6:5:0:0:12, 9:1:0:0:10, 5:3:0:0:5, 6:2:0:0:10, 6:4:0:0:10, 5:0:0:0:5, 8:0:0:0:9, 9:1:0:0:9, 7:0:0:0:6, 8:6:0:0:15, 5:0:0:0:4, 6:6:0:0:14, 4:2:0:0:4, 8:6:0:0:14, 2:0:0:0:1, 2:0:0:0:1, 5:3:0:0:9, 5:1:0:0:5, 7:5:0:0:13, 7:1:0:0:7, 4:0:0:0:5, 4:0:0:0:3, 3:0:0:0:3, 9:3:1:0:11, 4:0:0:0:5, 3:0:0:0:2, 5:0:0:0:5, 10:4:0:0:15, 6:2:0:0:6, 6:0:0:0:4, 5:3:0:0:6, 6:0:0:0:8, 4:0:0:0:7, 2:0:0:0:4, 7:1:0:0:4, 5:1:0:0:6, 4:3:0:0:5, 7:7:0:0:15, 5:1:0:0:8, 7:0:0:0:7, 6:0:0:0:9, 11:1:0:0:15, 10:0:0:0:12, 6:5:0:0:9, 4:0:0:0:5, 7:3:0:0:11, 4:2:0:0:6, 9:4:0:0:9, 1:0:0:0:0, 4:0:0:0:7, 5:3:0:0:10, 7:1:0:0:4, 5:5:0:0:11, 7:1:0:0:4, 5:3:0:0:6, 0:0:0:0:0, 0:0:0:0:0, 0:0:0:0:0, 0:0:0:0:0, 927:253:5:0:1173
A# minor blues (7#), 6:0:0:0:3, 4:2:0:0:5, 6:0:0:0:3, 5:2:0:0:5, 6:0:0:0:5, 5:2:0:0:3, 6:0:0:0:4, 4:0:0:0:0, 2:0:0:0:0, 5:5:0:0:6, 5:1:0:0:3, 4:1:0:0:4, 4:0:0:0:2, 2:0:0:0:0, 4:0:0:0:0, 3:0:0:0:0, 4:0:0:0:0, 5:0:0:0:1, 6:0:0:0:2, 4:0:0:0:2, 6:0:0:0:5, 6:0:0:0:2, 7:0:0:0:5, 3:0:0:0:0, 7:1:0:0:4, 4:0:0:0:0, 3:0:0:0:0, 4:0:0:0:2, 5:4:0:0:4, 6:4:0:0:5, 2:0:0:0:0, 3:0:0:0:0, 2:0:0:0:0, 3:0:0:0:0, 6:3:0:0:8, 5:2:0:0:3, 9:4:0:0:6, 4:2:0:0:5, 4:0:0:0:2, 5:2:0:0:3, 5:0:0:0:3, 7:0:0:0:2, 2:0:0:0:0, 7:7:0:0:11, 5:2:0:0:4, 10:4:0:0:10, 7:0:0:0:4, 3:2:2:0:2, 6:0:0:0:1, 6:0:0:0:3, 2:0:0:0:0, 6:0:0:0:2, 7:0:0:0:2, 7:0:0:0:1, 9:2:0:0:8, 11:1:0:0:8, 8:0:0:0:3, 4:0:0:0:0, 6:1:0:0:3, 5:0:0:0:1, 4:0:0:0:0, 6:0:0:0:2, 6:5:0:0:8, 10:3:0:0:5, 2:0:0:0:0, 4:0:0:0:0, 2:0:0:0:0, 4:0:0:0:0, 5:2:0:0:8, 4:2:0:0:3, 5:3:0:0:5, 6:1:0:0:3, 4:0:0:0:2, 4:2:0:0:3, 4:0:0:0:2, 4:0:0:0:0, 2:0:0:0:0, 5:5:0:0:8, 7:1:0:0:4, 6:1:0:0:6, 5:0:0:0:3, 5:0:0:0:1, 5:0:0:0:0, 9:0:0:0:4, 3:0:0:0:0, 5:0:0:0:1, 4:0:0:0:1, 5:0:0:0:1, 6:0:0:0:4, 9:0:0:0:3, 6:0:0:0:4, 4:0:0:0:1, 5:1:0:0:4, 4:0:0:0:0, 2:0:0:0:0, 4:0:0:0:1, 5:4:0:0:4, 6:6:0:0:7, 2:0:0:0:0, 3:0:0:0:0, 2:0:0:0:0, 3:0:0:0:0, 6:2:0:0:9, 7:2:0:0:4, 7:4:0:0:9, 5:2:0:0:3, 7:0:0:0:3, 7:3:0:0:6, 5:0:0:0:3, 4:0:0:0:0, 3:0:0:0:0, 5:5:0:0:6, 6:3:0:0:6, 8:2:0:0:7, 6:1:0:0:3, 3:0:0:0:3, 4:0:0:0:0, 8:0:0:0:1, 2:0:0:0:0, 5:0:0:0:3, 4:0:0:0:3, 5:0:0:0:1, 8:0:0:0:8, 8:0:0:0:5, 7:0:0:0:3, 5:0:0:0:2, 6:1:0:0:6, 4:0:0:0:0, 2:0:0:0:0, 4:0:0:0:2, 7:10:0:0:12, 5:4:0:0:5, 2:0:0:0:0, 3:0:0:0:0, 4:0:0:0:0, 5:0:0:0:0, 6:2:0:0:8, 7:5:0:0:8, 7:4:0:0:6, 9:2:0:0:5, 4:0:0:0:2, 5:2:0:0:3, 5:0:0:0:2, 8:0:0:0:0, 4:0:0:0:0, 11:4:0:0:6, 7:3:0:0:7, 7:2:0:0:7, 4:0:0:0:2, 1:0:0:0:0, 4:0:0:0:0, 4:0:0:0:1, 2:0:0:0:0, 6:0:0:0:3, 4:0:0:0:2, 6:0:0:0:2, 6:0:0:0:5, 11:0:0:0:7, 10:1:0:0:7, 3:0:0:0:0, 6:1:0:0:6, 5:1:0:0:1, 2:0:0:0:0, 5:0:0:0:1, 6:5:0:0:6, 8:4:0:0:6, 2:0:0:0:0, 4:0:0:0:0, 2:0:0:0:0, 4:0:0:0:0, 2:0:0:0:0, 1:0:0:0:0, 1:0:0:0:0, 1:0:0:0:0, 1:0:0:0:0, 871:165:2:0:484
Cb dorian (7b), 6:1:0:0:7, 2:0:0:0:3, 6:1:0:0:7, 5:1:0:0:8, 6:0:0:0:7, 3:0:0:0:1, 6:0:0:0:8, 7:3:0:0:11, 4:4:0:0:6, 2:0:0:0:1, 4:0:0:0:3, 3:0:0:0:4, 5:1:0:0:7, 2:0:0:0:6, 5:1:0:0:4, 4:1:0:0:4, 6:2:0:0:5, 5:0:0:0:5, 8:1:0:0:7, 5:1:0:0:4, 6:0:0:0:7, 6:1:0:0:7, 7:0:0:0:7, 6:4:0:0:9, 6:1:0:0:8, 7:4:0:0:10, 7:2:0:0:6, 7:4:0:0:10, 0:0:0:0:0, 2:0:0:0:1, 5:3:0:0:5, 5:1:0:0:4, 5:3:0:0:7, 5:1:0:0:4, 4:0:0:0:4, 3:0:0:0:2, 5:0:0:0:4, 5:1:0:0:8, 4:0:0:0:5, 3:0:0:0:3, 5:0:0:0:6, 8:2:0:0:11, 4:5:0:0:9, 4:0:0:0:5, 4:0:0:0:4, 10:2:0:0:14, 6:0:0:0:7, 4:1:1:0:4, 9:3:0:0:8, 7:1:0:0:9, 4:5:0:0:8, 7:2:0:0:9, 9:4:0:0:17, 9:1:0:0:9, 9:1:0:0:15, 11:1:0:0:15, 9:0:0:0:10, 8:9:0:0:19, 5:0:0:0:6, 8:2:0:0:12, 6:4:0:0:9, 9:7:1:0:15, 2:0:0:0:1, 5:2:2:0:5, 6:6:0:0:9, 6:1:0:0:6, 6:5:0:0:10, 6:1:0:0:5, 3:0:0:0:2, 2:0:0:0:1, 2:0:0:0:1, 6:1:0:0:8, 4:0:0:0:3, 2:0:0:0:2, 4:0:0:0:5, 6:4:0:0:12, 5:2:0:0:4, 2:0:0:0:2, 5:0:0:0:6, 6:0:0:0:8, 5:0:0:0:8, 5:0:0:0:3, 5:1:0:0:4, 10:1:0:0:9, 6:2:0:0:5, 5:0:0:0:5, 7:2:0:0:7, 5:0:0:0:6, 6:0:0:0:7, 9:1:0:0:10, 6:0:0:0:8, 7:5:0:0:15, 4:0:0:0:5, 6:3:0:0:12, 4:2:0:0:5, 7:3:0:0:9, 0:0:0:0:0, 1:0:0:0:2, 6:4:0:0:7, 5:1:0:0:5, 5:3:0:0:7, 5:4:0:0:8, 4:0:0:0:5, 5:0:0:0:3, 3:0:0:0:3, 5:2:0:0:7, 6:0:0:0:5, 4:0:0:0:5, 5:0:0:0:8, 6:4:0:0:14, 6:2:0:0:5, 1:0:0:0:0, 5:0:0:0:6, 7:0:0:0:9, 5:0:0:0:7, 4:0:0:0:9, 6:5:0:0:12, 9:1:0:0:10, 5:3:0:0:5, 6:2:0:0:10, 6:4:0:0:10, 5:0:0:0:5, 8:0:0:0:9, 9:1:0:0:9, 7:0:0:0:6, 8:6:0:0:15, 5:0:0:0:4, 6:6:0:0:14, 4:2:0:0:4, 8:6:0:0:14, 2:0:0:0:1, 2:0:0:0:1, 5:3:0:0:9, 5:1:0:0:5, 7:5:0:0:13, 7:1:0:0:7, 4:0:0:0:5, 4:0:0:0:3, 3:0:0:0:3, 9:3:1:0:11, 4:0:0:0:5, 3:0:0:0:2, 5:0:0:0:5, 10:4:0:0:15, 6:2:0:0:6, 6:0:0:0:4, 5:3:0:0:6, 6:0:0:0:8, 4:0:0:0:7, 2:0:0:0:4, 7:1:0:0:4, 5:1:0:0:6, 4:3:0:0:5, 7:7:0:0:15, 5:1:0:0:8, 7:0:0:0:7, 6:0:0:0:9, 11:1:0:0:15, 10:0:0:0:12, 6:5:0:0:9, 4:0:0:0:5, 7:3:0:0:11, 4:2:0:0:6, 9:4:0:0:9, 1:0:0:0:0, 4:0:0:0:7, 5:3:0:0:10, 7:1:0:0:4, 5:5:0:0:11, 7:1:0:0:4, 5:3:0:0:6, 0:0:0:0:0, 0:0:0:0:0, 0:0:0:0:0, 0:0:0:0:0, 927:253:5:0:1173
C# dorian (7#), 6:0:0:0:3, 4:2:0:0:5, 6:0:0:0:3, 5:2:0:0:5, 6:0:0:0:5, 5:2:0:0:3, 6:0:0:0:4, 4:0:0:0:0, 2:0:0:0:0, 5:5:0:0:6, 5:1:0:0:3, 4:1:0:0:4, 4:0:0:0:2, 2:0:0:0:0, 4:0:0:0:0, 3:0:0:0:0, 4:0:0:0:0, 5:0:0:0:1, 6:0:0:0:2, 4:0:0:0:2, 6:0:0:0:5, 6:0:0:0:2, 7:0:0:0:5, 3:0:0:0:0, 7:1:0:0:4, 4:0:0:0:0, 3:0:0:0:0, 4:0:0:0:2, 5:4:0:0:4, 6:4:0:0:5, 2:0:0:0:0, 3:0:0:0:0, 2:0:0:0:0, 3:0:0:0:0, 6:3:0:0:8, 5:2:0:0:3, 9:4:0:0:6, 4:2:0:0:5, 4:0:0:0:2, 5:2:0:0:3, 5:0:0:0:3, 7:0:0:0:2, 2:0:0:0:0, 7:7:0:0:11, 5:2:0:0:4, 10:4:0:0:10, 7:0:0:0:4, 3:2:2:0:2, 6:0:0:0:1, 6:0:0:0:3, 2:0:0:0:0, 6:0:0:0:2, 7:0:0:0:2, 7:0:0:0:1, 9:2:0:0:8, 11:1:0:0:8, 8:0:0:0:3, 4:0:0:0:0, 6:1:0:0:3, 5:0:0:0:1, 4:0:0:0:0, 6:0:0:0:2, 6:5:0:0:8, 10:3:0:0:5, 2:0:0:0:0, 4:0:0:0:0, 2:0:0:0:0, 4:0:0:0:0, 5:2:0:0:8, 4:2:0:0:3, 5:3:0:0:5, 6:1:0:0:3, 4:0:0:0:2, 4:2:0:0:3, 4:0:0:0:2, 4:0:0:0:0, 2:0:0:0:0, 5:5:0:0:8, 7:1:0:0:4, 6:1:0:0:6, 5:0:0:0:3, 5:0:0:0:1, 5:0:0:0:0, 9:0:0:0:4, 3:0:0:0:0, 5:0:0:0:1, 4:0:0:0:1, 5:0:0:0:1, 6:0:0:0:4, 9:0:0:0:3, 6:0:0:0:4, 4:0:0:0:1, 5:1:0:0:4, 4:0:0:0:0, 2:0:0:0:0, 4:0:0:0:1, 5:4:0:0:4, 6:6:0:0:7, 2:0:0:0:0, 3:0:0:0:0, 2:0:0:0:0, 3:0:0:0:0, 6:2:0:0:9, 7:2:0:0:4, 7:4:0:0:9, 5:2:0:0:3, 7:0:0:0:3, 7:3:0:0:6, 5:0:0:0:3, 4:0:0:0:0, 3:0:0:0:0, 5:5:0:0:6, 6:3:0:0:6, 8:2:0:0:7, 6:1:0:0:3, 3:0:0:0:3, 4:0:0:0:0, 8:0:0:0:1, 2:0:0:0:0, 5:0:0:0:3, 4:0:0:0:3, 5:0:0:0:1, 8:0:0:0:8, 8:0:0:0:5, 7:0:0:0:3, 5:0:0:0:2, 6:1:0:0:6, 4:0:0:0:0, 2:0:0:0:0, 4:0:0:0:2, 7:10:0:0:12, 5:4:0:0:5, 2:0:0:0:0, 3:0:0:0:0, 4:0:0:0:0, 5:0:0:0:0, 6:2:0:0:8, 7:5:0:0:8, 7:4:0:0:6, 9:2:0:0:5, 4:0:0:0:2, 5:2:0:0:3, 5:0:0:0:2, 8:0:0:0:0, 4:0:0:0:0, 11:4:0:0:6, 7:3:0:0:7, 7:2:0:0:7, 4:0:0:0:2, 1:0:0:0:0, 4:0:0:0:0, 4:0:0:0:1, 2:0:0:0:0, 6:0:0:0:3, 4:0:0:0:2, 6:0:0:0:2, 6:0:0:0:5, 11:0:0:0:7, 10:1:0:0:7, 3:0:0:0:0, 6:1:0:0:6, 5:1:0:0:1, 2:0:0:0:0, 5:0:0:0:1, 6:5:0:0:6, 8:4:0:0:6, 2:0:0:0:0, 4:0:0:0:0, 2:0:0:0:0, 4:0:0:0:0, 2:0:0:0:0, 1:0:0:0:0, 1:0:0:0:0, 1:0:0:0:0, 1:0:0:0:0, 871:165:2:0:484
Cb phrygian (7b), 6:1:0:0:7, 2:0:0:0:3, 6:1:0:0:7, 5:1:0:0:8, 6:0:0:0:7, 3:0:0:0:1, 6:0:0:0:8, 7:3:0:0:11, 4:4:0:0:6, 2:0:0:0:1, 4:0:0:0:3, 3:0:0:0:4, 5:1:0:0:7, 2:0:0:0:6, 5:1:0:0:4, 4:1:0:0:4, 6:2:0:0:5, 5:0:0:0:5, 8:1:0:0:7, 5:1:0:0:4, 6:0:0:0:7, 6:1:0:0:7, 7:0:0:0:7, 6:4:0:0:9, 6:1:0:0:8, 7:4:0:0:10, 7:2:0:0:6, 7:4:0:0:10, 0:0:0:0:0, 2:0:0:0:1, 5:3:0:0:5, 5:1:0:0:4, 5:3:0:0:7, 5:1:0:0:4, 4:0:0:0:4, 3:0:0:0:2, 5:0:0:0:4, 5:1:0:0:8, 4:0:0:0:5, 3:0:0:0:3, 5:0:0:0:6, 8:2:0:0:11, 4:5:0:0:9, 4:0:0:0:5, 4:0:0:0:4, 10:2:0:0:14, 6:0:0:0:7, 4:1:1:0:4, 9:3:0:0:8, 7:1:0:0:9, 4:5:0:0:8, 7:2:0:0:9, 9:4:0:0:17, 9:1:0:0:9, 9:1:0:0:15, 11:1:0:0:15, 9:0:0:0:10, 8:9:0:0:19, 5:0:0:0:6, 8:2:0:0:12, 6:4:0:0:9, 9:7:1:0:15, 2:0:0:0:1, 5:2:2:0:5, 6:6:0:0:9, 6:1:0:0:6, 6:5:0:0:10, 6:1:0:0:5, 3:0:0:0:2, 2:0:0:0:1, 2:0:0:0:1, 6:1:0:0:8, 4:0:0:0:3, 2:0:0:0:2, 4:0:0:0:5, 6:4:0:0:12, 5:2:0:0:4, 2:0:0:0:2, 5:0:0:0:6, 6:0:0:0:8, 5:0:0:0:8, 5:0:0:0:3, 5:1:0:0:4, 10:1:0:0:9, 6:2:0:0:5, 5:0:0:0:5, 7:2:0:0:7, 5:0:0:0:6, 6:0:0:0:7, 9:1:0:0:10, 6:0:0:0:8, 7:5:0:0:15, 4:0:0:0:5, 6:3:0:0:12, 4:2:0:0:5, 7:3:0:0:9, 0:0:0:0:0, 1:0:0:0:2, 6:4:0:0:7, 5:1:0:0:5, 5:3:0:0:7, 5:4:0:0:8, 4:0:0:0:5, 5:0:0:0:3, 3:0:0:0:3, 5:2:0:0:7, 6:0:0:0:5, 4:0:0:0:5, 5:0:0:0:8, 6:4:0:0:14, 6:2:0:0:5, 1:0:0:0:0, 5:0:0:0:6, 7:0:0:0:9, 5:0:0:0:7, 4:0:0:0:9, 6:5:0:0:12, 9:1:0:0:10, 5:3:0:0:5, 6:2:0:0:10, 6:4:0:0:10, 5:0:0:0:5, 8:0:0:0:9, 9:1:0:0:9, 7:0:0:0:6, 8:6:0:0:15, 5:0:0:0:4, 6:6:0:0:14, 4:2:0:0:4, 8:6:0:0:14, 2:0:0:0:1, 2:0:0:0:1, 5:3:0:0:9, 5:1:0:0:5, 7:5:0:0:13, 7:1:0:0:7, 4:0:0:0:5, 4:0:0:0:3, 3:0:0:0:3, 9:3:1:0:11, 4:0:0:0:5, 3:0:0:0:2, 5:0:0:0:5, 10:4:0:0:15, 6:2:0:0:6, 6:0:0:0:4, 5:3:0:0:6, 6:0:0:0:8, 4:0:0:0:7, 2:0:0:0:4, 7:1:0:0:4, 5:1:0:0:6, 4:3:0:0:5, 7:7:0:0:15, 5:1:0:0:8, 7:0:0:0:7, 6:0:0:0:9, 11:1:0:0:15, 10:0:0:0:12, 6:5:0:0:9, 4:0:0:0:5, 7:3:0:0:11, 4:2:0:0:6, 9:4:0:0:9, 1:0:0:0:0, 4:0:0:0:7, 5:3:0:0:10, 7:1:0:0:4, 5:5:0:0:11, 7:1:0:0:4, 5:3:0:0:6, 0:0:0:0:0, 0:0:0:0:0, 0:0:0:0:0, 0:0:0:0:0, 927:253:5:0:1173
C# phrygian (7#), 6:0:0:0:3, 4:2:0:0:5, 6:0:0:0:3, 5:2:0:0:5, 6:0:0:0:5, 5:2:0:0:3, 6:0:0:0:4, 4:0:0:0:0, 2:0:0:0:0, 5:5:0:0:6, 5:1:0:0:3, 4:1:0:0:4, 4:0:0:0:2, 2:0:0:0:0, 4:0:0:0:0, 3:0:0:0:0, 4:0:0:0:0, 5:0:0:0:1, 6:0:0:0:2, 4:0:0:0:2, 6:0:0:0:5, 6:0:0:0:2, 7:0:0:0:5, 3:0:0:0:0, 7:1:0:0:4, 4:0:0:0:0, 3:0:0:0:0, 4:0:0:0:2, 5:4:0:0:4, 6:4:0:0:5, 2:0:0:0:0, 3:0:0:0:0, 2:0:0:0:0, 3:0:0:0:0, 6:3:0:0:8, 5:2:0:0:3, 9:4:0:0:6, 4:2:0:0:5, 4:0:0:0:2, 5:2:0:0:3, 5:0:0:0:3, 7:0:0:0:2, 2:0:0:0:0, 7:7:0:0:11, 5:2:0:0:4, 10:4:0:0:10, 7:0:0:0:4, 3:2:2:0:2, 6:0:0:0:1, 6:0:0:0:3, 2:0:0:0:0, 6:0:0:0:2, 7:0:0:0:2, 7:0:0:0:1, 9:2:0:0:8, 11:1:0:0:8, 8:0:0:0:3, 4:0:0:0:0, 6:1:0:0:3, 5:0:0:0:1, 4:0:0:0:0, 6:0:0:0:2, 6:5:0:0:8, 10:3:0:0:5, 2:0:0:0:0, 4:0:0:0:0, 2:0:0:0:0, 4:0:0:0:0, 5:2:0:0:8, 4:2:0:0:3, 5:3:0:0:5, 6:1:0:0:3, 4:0:0:0:2, 4:2:0:0:3, 4:0:0:0:2, 4:0:0:0:0, 2:0:0:0:0, 5:5:0:0:8, 7:1:0:0:4, 6:1:0:0:6, 5:0:0:0:3, 5:0:0:0:1, 5:0:0:0:0, 9:0:0:0:4, 3:0:0:0:0, 5:0:0:0:1, 4:0:0:0:1, 5:0:0:0:1, 6:0:0:0:4, 9:0:0:0:3, 6:0:0:0:4, 4:0:0:0:1, 5:1:0:0:4, 4:0:0:0:0, 2:0:0:0:0, 4:0:0:0:1, 5:4:0:0:4, 6:6:0:0:7, 2:0:0:0:0, 3:0:0:0:0, 2:0:0:0:0, 3:0:0:0:0, 6:2:0:0:9, 7:2:0:0:4, 7:4:0:0:9, 5:2:0:0:3, 7:0:0:0:3, 7:3:0:0:6, 5:0:0:0:3, 4:0:0:0:0, 3:0:0:0:0, 5:5:0:0:6, 6:3:0:0:6, 8:2:0:0:7, 6:1:0:0:3, 3:0:0:0:3, 4:0:0:0:0, 8:0:0:0:1, 2:0:0:0:0, 5:0:0:0:3, 4:0:0:0:3, 5:0:0:0:1, 8:0:0:0:8, 8:0:0:0:5, 7:0:0:0:3, 5:0:0:0:2, 6:1:0:0:6, 4:0:0:0:0, 2:0:0:0:0, 4:0:0:0:2, 7:10:0:0:12, 5:4:0:0:5, 2:0:0:0:0, 3:0:0:0:0, 4:0:0:0:0, 5:0:0:0:0, 6:2:0:0:8, 7:5:0:0:8, 7:4:0:0:6, 9:2:0:0:5, 4:0:0:0:2, 5:2:0:0:3, 5:0:0:0:2, 8:0:0:0:0, 4:0:0:0:0, 11:4:0:0:6, 7:3:0:0:7, 7:2:0:0:7, 4:0:0:0:2, 1:0:0:0:0, 4:0:0:0:0, 4:0:0:0:1, 2:0:0:0:0, 6:0:0:0:3, 4:0:0:0:2, 6:0:0:0:2, 6:0:0:0:5, 11:0:0:0:7, 10:1:0:0:7, 3:0:0:0:0, 6:1:0:0:6, 5:1:0:0:1, 2:0:0:0:0, 5:0:0:0:1, 6:5:0:0:6, 8:4:0:0:6, 2:0:0:0:0, 4:0:0:0:0, 2:0:0:0:0, 4:0:0:0:0, 2:0:0:0:0, 1:0:0:0:0, 1:0:0:0:0, 1:0:0:0:0, 1:0:0:0:0, 871:165:2:0:484
Cb lydian (7b), 6:1:0:0:7, 2:0:0:0:3, 6:1:0:0:7, 5:1:0:0:8, 6:0:0:0:7, 3:0:0:0:1, 6:0:0:0:8, 7:3:0:0:11, 4:4:0:0:6, 2:0:0:0:1, 4:0:0:0:3, 3:0:0:0:4, 5:1:0:0:7, 2:0:0:0:6, 5:1:0:0:4, 4:1:0:0:4, 6:2:0:0:5, 5:0:0:0:5, 8:1:0:0:7, 5:1:0:0:4, 6:0:0:0:7, 6:1:0:0:7, 7:0:0:0:7, 6:4:0:0:9, 6:1:0:0:8, 7:4:0:0:10, 7:2:0:0:6, 7:4:0:0:10, 0:0:0:0:0, 2:0:0:0:1, 5:3:0:0:5, 5:1:0:0:4, 5:3:0:0:7, 5:1:0:0:4, 4:0:0:0:4, 3:0:0:0:2, 5:0:0:0:4, 5:1:0:0:8, 4:0:0:0:5, 3:0:0:0:3, 5:0:0:0:6, 8:2:0:0:11, 4:5:0:0:9, 4:0:0:0:5, 4:0:0:0:4, 10:2:0:0:14, 6:0:0:0:7, 4:1:1:0:4, 9:3:0:0:8, 7:1:0:0:9, 4:5:0:0:8, 7:2:0:0:9, 9:4:0:0:17, 9:1:0:0:9, 9:1:0:0:15, 11:1:0:0:15, 9:0:0:0:10, 8:9:0:0:19, 5:0:0:0:6, 8:2:0:0:12, 6:4:0:0:9, 9:7:1:0:15, 2:0:0:0:1, 5:2:2:0:5, 6:6:0:0:9, 6:1:0:0:6, 6:5:0:0:10, 6:1:0:0:5, 3:0:0:0:2, 2:0:0:0:1, 2:0:0:0:1, 6:1:0:0:8, 4:0:0:0:3, 2:0:0:0:2, 4:0:0:0:5, 6:4:0:0:12, 5:2:0:0:4, 2:0:0:0:2, 5:0:0:0:6, 6:0:0:0:8, 5:0:0:0:8, 5:0:0:0:3, 5:1:0:0:4, 10:1:0:0:9, 6:2:0:0:5, 5:0:0:0:5, 7:2:0:0:7, 5:0:0:0:6, 6:0:0:0:7, 9:1:0:0:10, 6:0:0:0:8, 7:5:0:0:15, 4:0:0:0:5, 6:3:0:0:12, 4:2:0:0:5, 7:3:0:0:9, 0:0:0:0:0, 1:0:0:0:2, 6:4:0:0:7, 5:1:0:0:5, 5:3:0:0:7, 5:4:0:0:8, 4:0:0:0:5, 5:0:0:0:3, 3:0:0:0:3, 5:2:0:0:7, 6:0:0:0:5, 4:0:0:0:5, 5:0:0:0:8, 6:4:0:0:14, 6:2:0:0:5, 1:0:0:0:0, 5:0:0:0:6, 7:0:0:0:9, 5:0:0:0:7, 4:0:0:0:9, 6:5:0:0:12, 9:1:0:0:10, 5:3:0:0:5, 6:2:0:0:10, 6:4:0:0:10, 5:0:0:0:5, 8:0:0:0:9, 9:1:0:0:9, 7:0:0:0:6, 8:6:0:0:15, 5:0:0:0:4, 6:6:0:0:14, 4:2:0:0:4, 8:6:0:0:14, 2:0:0:0:1, 2:0:0:0:1, 5:3:0:0:9, 5:1:0:0:5, 7:5:0:0:13, 7:1:0:0:7, 4:0:0:0:5, 4:0:0:0:3, 3:0:0:0:3, 9:3:1:0:11, 4:0:0:0:5, 3:0:0:0:2, 5:0:0:0:5, 10:4:0:0:15, 6:2:0:0:6, 6:0:0:0:4, 5:3:0:0:6, 6:0:0:0:8, 4:0:0:0:7, 2:0:0:0:4, 7:1:0:0:4, 5:1:0:0:6, 4:3:0:0:5, 7:7:0:0:15, 5:1:0:0:8, 7:0:0:0:7, 6:0:0:0:9, 11:1:0:0:15, 10:0:0:0:12, 6:5:0:0:9, 4:0:0:0:5, 7:3:0:0:11, 4:2:0:0:6, 9:4:0:0:9, 1:0:0:0:0, 4:0:0:0:7, 5:3:0:0:10, 7:1:0:0:4, 5:5:0:0:11, 7:1:0:0:4, 5:3:0:0:6, 0:0:0:0:0, 0:0:0:0:0, 0:0:0:0:0, 0:0:0:0:0, 927:253:5:0:1173
C# lydian (7#), 6:0:0:0:3, 4:2:0:0:5, 6:0:0:0:3, 5:2:0:0:5, 6:0:0:0:5, 5:2:0:0:3, 6:0:0:0:4, 4:0:0:0:0, 2:0:0:0:0, 5:5:0:0:6, 5:1:0:0:3, 4:1:0:0:4, 4:0:0:0:2, 2:0:0:0:0, 4:0:0:0:0, 3:0:0:0:0, 4:0:0:0:0, 5:0:0:0:1, 6:0:0:0:2, 4:0:0:0:2, 6:0:0:0:5, 6:0:0:0:2, 7:0:0:0:5, 3:0:0:0:0, 7:1:0:0:4, 4:0:0:0:0, 3:0:0:0:0, 4:0:0:0:2, 5:4:0:0:4, 6:4:0:0:5, 2:0:0:0:0, 3:0:0:0:0, 2:0:0:0:0, 3:0:0:0:0, 6:3:0:0:8, 5:2:0:0:3, 9:4:0:0:6, 4:2:0:0:5, 4:0:0:0:2, 5:2:0:0:3, 5:0:0:0:3, 7:0:0:0:2, 2:0:0:0:0, 7:7:0:0:11, 5:2:0:0:4, 10:4:0:0:10, 7:0:0:0:4, 3:2:2:0:2, 6:0:0:0:1, 6:0:0:0:3, 2:0:0:0:0, 6:0:0:0:2, 7:0:0:0:2, 7:0:0:0:1, 9:2:0:0:8, 11:1:0:0:8, 8:0:0:0:3, 4:0:0:0:0, 6:1:0:0:3, 5:0:0:0:1, 4:0:0:0:0, 6:0:0:0:2, 6:5:0:0:8, 10:3:0:0:5, 2:0:0:0:0, 4:0:0:0:0, 2:0:0:0:0, 4:0:0:0:0, 5:2:0:0:8, 4:2:0:0:3, 5:3:0:0:5, 6:1:0:0:3, 4:0:0:0:2, 4:2:0:0:3, 4:0:0:0:2, 4:0:0:0:0, 2:0:0:0:0, 5:5:0:0:8, 7:1:0:0:4, 6:1:0:0:6, 5:0:0:0:3, 5:0:0:0:1, 5:0:0:0:0, 9:0:0:0:4, 3:0:0:0:0, 5:0:0:0:1, 4:0:0:0:1, 5:0:0:0:1, 6:0:0:0:4, 9:0:0:0:3, 6:0:0:0:4, 4:0:0:0:1, 5:1:0:0:4, 4:0:0:0:0, 2:0:0:0:0, 4:0:0:0:1, 5:4:0:0:4, 6:6:0:0:7, 2:0:0:0:0, 3:0:0:0:0, 2:0:0:0:0, 3:0:0:0:0, 6:2:0:0:9, 7:2:0:0:4, 7:4:0:0:9, 5:2:0:0:3, 7:0:0:0:3, 7:3:0:0:6, 5:0:0:0:3, 4:0:0:0:0, 3:0:0:0:0, 5:5:0:0:6, 6:3:0:0:6, 8:2:0:0:7, 6:1:0:0:3, 3:0:0:0:3, 4:0:0:0:0, 8:0:0:0:1, 2:0:0:0:0, 5:0:0:0:3, 4:0:0:0:3, 5:0:0:0:1, 8:0:0:0:8, 8:0:0:0:5, 7:0:0:0:3, 5:0:0:0:2, 6:1:0:0:6, 4:0:0:0:0, 2:0:0:0:0, 4:0:0:0:2, 7:10:0:0:12, 5:4:0:0:5, 2:0:0:0:0, 3:0:0:0:0, 4:0:0:0:0, 5:0:0:0:0, 6:2:0:0:8, 7:5:0:0:8, 7:4:0:0:6, 9:2:0:0:5, 4:0:0:0:2, 5:2:0:0:3, 5:0:0:0:2, 8:0:0:0:0, 4:0:0:0:0, 11:4:0:0:6, 7:3:0:0:7, 7:2:0:0:7, 4:0:0:0:2, 1:0:0:0:0, 4:0:0:0:0, 4:0:0:0:1, 2:0:0:0:0, 6:0:0:0:3, 4:0:0:0:2, 6:0:0:0:2, 6:0:0:0:5, 11:0:0:0:7, 10:1:0:0:7, 3:0:0:0:0, 6:1:0:0:6, 5:1:0:0:1, 2:0:0:0:0, 5:0:0:0:1, 6:5:0:0:6, 8:4:0:0:6, 2:0:0:0:0, 4:0:0:0:0, 2:0:0:0:0, 4:0:0:0:0, 2:0:0:0:0, 1:0:0:0:0, 1:0:0:0:0, 1:0:0:0:0, 1:0:0:0:0, 871:165:2:0:484
Cb mixolydian (7b), 6:1:0:0:7, 2:0:0:0:3, 6:1:0:0:7, 5:1:0:0:8, 6:0:0:0:7, 3:0:0:0:1, 6:0:0:0:8, 7:3:0:0:11, 4:4:0:0:6, 2:0:0:0:1, 4:0:0:0:3, 3:0:0:0:4, 5:1:0:0:7, 2:0:0:0:6, 5:1:0:0:4, 4:1:0:0:4, 6:2:0:0:5, 5:0:0:0:5, 8:1:0:0:7, 5:1:0:0:4, 6:0:0:0:7, 6:1:0:0:7, 7:0:0:0:7, 6:4:0:0:9, 6:1:0:0:8, 7:4:0:0:10, 7:2:0:0:6, 7:4:0:0:10, 0:0:0:0:0, 2:0:0:0:1, 5:3:0:0:5, 5:1:0:0:4, 5:3:0:0:7, 5:1:0:0:4, 4:0:0:0:4, 3:0:0:0:2, 5:0:0:0:4, 5:1:0:0:8, 4:0:0:0:5, 3:0:0:0:3, 5:0:0:0:6, 8:2:0:0:11, 4:5:0:0:9, 4:0:0:0:5, 4:0:0:0:4, 10:2:0:0:14, 6:0:0:0:7, 4:1:1:0:4, 9:3:0:0:8, 7:1:0:0:9, 4:5:0:0:8, 7:2:0:0:9, 9:4:0:0:17, 9:1:0:0:9, 9:1:0:0:15, 11:1:0:0:15, 9:0:0:0:10, 8:9:0:0:19, 5:0:0:0:6, 8:2:0:0:12, 6:4:0:0:9, 9:7:1:0:15, 2:0:0:0:1, 5:2:2:0:5, 6:6:0:0:9, 6:1:0:0:6, 6:5:0:0:10, 6:1:0:0:5, 3:0:0:0:2, 2:0:0:0:1, 2:0:0:0:1, 6:1:0:0:8, 4:0:0:0:3, 2:0:0:0:2, 4:0:0:0:5, 6:4:0:0:12, 5:2:0:0:4, 2:0:0:0:2, 5:0:0:0:6, 6:0:0:0:8, 5:0:0:0:8, 5:0:0:0:3, 5:1:0:0:4, 10:1:0:0:9, 6:2:0:0:5, 5:0:0:0:5, 7:2:0:0:7, 5:0:0:0:6, 6:0:0:0:7, 9:1:0:0:10, 6:0:0:0:8, 7:5:0:0:15, 4:0:0:0:5, 6:3:0:0:12, 4:2:0:0:5, 7:3:0:0:9, 0:0:0:0:0, 1:0:0:0:2, 6:4:0:0:7, 5:1:0:0:5, 5:3:0:0:7, 5:4:0:0:8, 4:0:0:0:5, 5:0:0:0:3, 3:0:0:0:3, 5:2:0:0:7, 6:0:0:0:5, 4:0:0:0:5, 5:0:0:0:8, 6:4:0:0:14, 6:2:0:0:5, 1:0:0:0:0, 5:0:0:0:6, 7:0:0:0:9, 5:0:0:0:7, 4:0:0:0:9, 6:5:0:0:12, 9:1:0:0:10, 5:3:0:0:5, 6:2:0:0:10, 6:4:0:0:10, 5:0:0:0:5, 8:0:0:0:9, 9:1:0:0:9, 7:0:0:0:6, 8:6:0:0:15, 5:0:0:0:4, 6:6:0:0:14, 4:2:0:0:4, 8:6:0:0:14, 2:0:0:0:1, 2:0:0:0:1, 5:3:0:0:9, 5:1:0:0:5, 7:5:0:0:13, 7:1:0:0:7, 4:0:0:0:5, 4:0:0:0:3, 3:0:0:0:3, 9:3:1:0:11, 4:0:0:0:5, 3:0:0:0:2, 5:0:0:0:5, 10:4:0:0:15, 6:2:0:0:6, 6:0:0:0:4, 5:3:0:0:6, 6:0:0:0:8, 4:0:0:0:7, 2:0:0:0:4, 7:1:0:0:4, 5:1:0:0:6, 4:3:0:0:5, 7:7:0:0:15, 5:1:0:0:8, 7:0:0:0:7, 6:0:0:0:9, 11:1:0:0:15, 10:0:0:0:12, 6:5:0:0:9, 4:0:0:0:5, 7:3:0:0:11, 4:2:0:0:6, 9:4:0:0:9, 1:0:0:0:0, 4:0:0:0:7, 5:3:0:0:10, 7:1:0:0:4, 5:5:0:0:11, 7:1:0:0:4, 5:3:0:0:6, 0:0:0:0:0, 0:0:0:0:0, 0:0:0:0:0, 0:0:0:0:0, 927:253:5:0:1173
C# mixolydian (7#), 6:0:0:0:3, 4:2:0:0:5, 6:0:0:0:3, 5:2:0:0:5, 6:0:0:0:5, 5:2:0:0:3, 6:0:0:0:4, 4:0:0:0:0, 2:0:0:0:0, 5:5:0:0:6, 5:1:0:0:3, 4:1:0:0:4, 4:0:0:0:2, 2:0:0:0:0, 4:0:0:0:0, 3:0:0:0:0, 4:0:0:0:0, 5:0:0:0:1, 6:0:0:0:2, 4:0:0:0:2, 6:0:0:0:5, 6:0:0:0:2, 7:0:0:0:5, 3:0:0:0:0, 7:1:0:0:4, 4:0:0:0:0, 3:0:0:0:0, 4:0:0:0:2, 5:4:0:0:4, 6:4:0:0:5, 2:0:0:0:0, 3:0:0:0:0, 2:0:0:0:0, 3:0:0:0:0, 6:3:0:0:8, 5:2:0:0:3, 9:4:0:0:6, 4:2:0:0:5, 4:0:0:0:2, 5:2:0:0:3, 5:0:0:0:3, 7:0:0:0:2, 2:0:0:0:0, 7:7:0:0:11, 5:2:0:0:4, 10:4:0:0:10, 7:0:0:0:4, 3:2:2:0:2, 6:0:0:0:1, 6:0:0:0:3, 2:0:0:0:0, 6:0:0:0:2, 7:0:0:0:2, 7:0:0:0:1, 9:2:0:0:8, 11:1:0:0:8, 8:0:0:0:3, 4:0:0:0:0, 6:1:0:0:3, 5:0:0:0:1, 4:0:0:0:0, 6:0:0:0:2, 6:5:0:0:8, 10:3:0:0:5, 2:0:0:0:0, 4:0:0:0:0, 2:0:0:0:0, 4:0:0:0:0, 5:2:0:0:8, 4:2:0:0:3, 5:3:0:0:5, 6:1:0:0:3, 4:0:0:0:2, 4:2:0:0:3, 4:0:0:0:2, 4:0:0:0:0, 2:0:0:0:0, 5:5:0:0:8, 7:1:0:0:4, 6:1:0:0:6, 5:0:0:0:3, 5:0:0:0:1, 5:0:0:0:0, 9:0:0:0:4, 3:0:0:0:0, 5:0:0:0:1, 4:0:0:0:1, 5:0:0:0:1, 6:0:0:0:4, 9:0:0:0:3, 6:0:0:0:4, 4:0:0:0:1, 5:1:0:0:4, 4:0:0:0:0, 2:0:0:0:0, 4:0:0:0:1, 5:4:0:0:4, 6:6:0:0:7, 2:0:0:0:0, 3:0:0:0:0, 2:0:0:0:0, 3:0:0:0:0, 6:2:0:0:9, 7:2:0:0:4, 7:4:0:0:9, 5:2:0:0:3, 7:0:0:0:3, 7:3:0:0:6, 5:0:0:0:3, 4:0:0:0:0, 3:0:0:0:0, 5:5:0:0:6, 6:3:0:0:6, 8:2:0:0:7, 6:1:0:0:3, 3:0:0:0:3, 4:0:0:0:0, 8:0:0:0:1, 2:0:0:0:0, 5:0:0:0:3, 4:0:0:0:3, 5:0:0:0:1, 8:0:0:0:8, 8:0:0:0:5, 7:0:0:0:3, 5:0:0:0:2, 6:1:0:0:6, 4:0:0:0:0, 2:0:0:0:0, 4:0:0:0:2, 7:10:0:0:12, 5:4:0:0:5, 2:0:0:0:0, 3:0:0:0:0, 4:0:0:0:0, 5:0:0:0:0, 6:2:0:0:8, 7:5:0:0:8, 7:4:0:0:6, 9:2:0:0:5, 4:0:0:0:2, 5:2:0:0:3, 5:0:0:0:2, 8:0:0:0:0, 4:0:0:0:0, 11:4:0:0:6, 7:3:0:0:7, 7:2:0:0:7, 4:0:0:0:2, 1:0:0:0:0, 4:0:0:0:0, 4:0:0:0:1, 2:0:0:0:0, 6:0:0:0:3, 4:0:0:0:2, 6:0:0:0:2, 6:0:0:0:5, 11:0:0:0:7, 10:1:0:0:7, 3:0:0:0:0, 6:1:0:0:6, 5:1:0:0:1, 2:0:0:0:0, 5:0:0:0:1, 6:5:0:0:6, 8:4:0:0:6, 2:0:0:0:0, 4:0:0:0:0, 2:0:0:0:0, 4:0:0:0:0, 2:0:0:0:0, 1:0:0:0:0, 1:0:0:0:0, 1:0:0:0:0, 1:0:0:0:0, 871:165:2:0:484
Cb aeolian (7b), 6:1:0:0:7, 2:0:0:0:3, 6:1:0:0:7, 5:1:0:0:8, 6:0:0:0:7, 3:0:0:0:1, 6:0:0:0:8, 7:3:0:0:11, 4:4:0:0:6, 2:0:0:0:1, 4:0:0:0:3, 3:0:0:0:4, 5:1:0:0:7, 2:0:0:0:6, 5:1:0:0:4, 4:1:0:0:4, 6:2:0:0:5, 5:0:0:0:5, 8:1:0:0:7, 5:1:0:0:4, 6:0:0:0:7, 6:1:0:0:7, 7:0:0:0:7, 6:4:0:0:9, 6:1:0:0:8, 7:4:0:0:10, 7:2:0:0:6, 7:4:0:0:10, 0:0:0:0:0, 2:0:0:0:1, 5:3:0:0:5, 5:1:0:0:4, 5:3:0:0:7, 5:1:0:0:4, 4:0:0:0:4, 3:0:0:0:2, 5:0:0:0:4, 5:1:0:0:8, 4:0:0:0:5, 3:0:0:0:3, 5:0:0:0:6, 8:2:0:0:11, 4:5:0:0:9, 4:0:0:0:5, 4:0:0:0:4, 10:2:0:0:14, 6:0:0:0:7, 4:1:1:0:4, 9:3:0:0:8, 7:1:0:0:9, 4:5:0:0:8, 7:2:0:0:9, 9:4:0:0:17, 9:1:0:0:9, 9:1:0:0:15, 11:1:0:0:15, 9:0:0:0:10, 8:9:0:0:19, 5:0:0:0:6, 8:2:0:0:12, 6:4:0:0:9, 9:7:1:0:15, 2:0:0:0:1, 5:2:2:0:5, 6:6:0:0:9, 6:1:0:0:6, 6:5:0:0:10, 6:1:0:0:5, 3:0:0:0:2, 2:0:0:0:1, 2:0:0:0:1, 6:1:0:0:8, 4:0:0:0:3, 2:0:0:0:2, 4:0:0:0:5, 6:4:0:0:12, 5:2:0:0:4, 2:0:0:0:2, 5:0:0:0:6, 6:0:0:0:8, 5:0:0:0:8, 5:0:0:0:3, 5:1:0:0:4, 10:1:0:0:9, 6:2:0:0:5, 5:0:0:0:5, 7:2:0:0:7, 5:0:0:0:6, 6:0:0:0:7, 9:1:0:0:10, 6:0:0:0:8, 7:5:0:0:15, 4:0:0:0:5, 6:3:0:0:12, 4:2:0:0:5, 7:3:0:0:9, 0:0:0:0:0, 1:0:0:0:2, 6:4:0:0:7, 5:1:0:0:5, 5:3:0:0:7, 5:4:0:0:8, 4:0:0:0:5, 5:0:0:0:3, 3:0:0:0:3, 5:2:0:0:7, 6:0:0:0:5, 4:0:0:0:5, 5:0:0:0:8, 6:4:0:0:14, 6:2:0:0:5, 1:0:0:0:0, 5:0:0:0:6, 7:0:0:0:9, 5:0:0:0:7, 4:0:0:0:9, 6:5:0:0:12, 9:1:0:0:10, 5:3:0:0:5, 6:2:0:0:10, 6:4:0:0:10, 5:0:0:0:5, 8:0:0:0:9, 9:1:0:0:9, 7:0:0:0:6, 8:6:0:0:15, 5:0:0:0:4, 6:6:0:0:14, 4:2:0:0:4, 8:6:0:0:14, 2:0:0:0:1, 2:0:0:0:1, 5:3:0:0:9, 5:1:0:0:5, 7:5:0:0:13, 7:1:0:0:7, 4:0:0:0:5, 4:0:0:0:3, 3:0:0:0:3, 9:3:1:0:11, 4:0:0:0:5, 3:0:0:0:2, 5:0:0:0:5, 10:4:0:0:15, 6:2:0:0:6, 6:0:0:0:4, 5:3:0:0:6, 6:0:0:0:8, 4:0:0:0:7, 2:0:0:0:4, 7:1:0:0:4, 5:1:0:0:6, 4:3:0:0:5, 7:7:0:0:15, 5:1:0:0:8, 7:0:0:0:7, 6:0:0:0:9, 11:1:0:0:15, 10:0:0:0:12, 6:5:0:0:9, 4:0:0:0:5, 7:3:0:0:11, 4:2:0:0:6, 9:4:0:0:9, 1:0:0:0:0, 4:0:0:0:7, 5:3:0:0:10, 7:1:0:0:4, 5:5:0:0:11, 7:1:0:0:4, 5:3:0:0:6, 0:0:0:0:0, 0:0:0:0:0, 0:0:0:0:0, 0:0:0:0:0, 927:253:5:0:1173
C# aeolian (7#), 6:0:0:0:3, 4:2:0:0:5, 6:0:0:0:3, 5:2:0:0:5, 6:0:0:0:5, 5:2:0:0:3, 6:0:0:0:4, 4:0:0:0:0, 2:0:0:0:0, 5:5:0:0:6, 5:1:0:0:3, 4:1:0:0:4, 4:0:0:0:2, 2:0:0:0:0, 4:0:0:0:0, 3:0:0:0:0, 4:0:0:0:0, 5:0:0:0:1, 6:0:0:0:2, 4:0:0:0:2, 6:0:0:0:5, 6:0:0:0:2, 7:0:0:0:5, 3:0:0:0:0, 7:1:0:0:4, 4:0:0:0:0, 3:0:0:0:0, 4:0:0:0:2, 5:4:0:0:4, 6:4:0:0:5, 2:0:0:0:0, 3:0:0:0:0, 2:0:0:0:0, 3:0:0:0:0, 6:3:0:0:8, 5:2:0:0:3, 9:4:0:0:6, 4:2:0:0:5, 4:0:0:0:2, 5:2:0:0:3, 5:0:0:0:3, 7:0:0:0:2, 2:0:0:0:0, 7:7:0:0:11, 5:2:0:0:4, 10:4:0:0:10, 7:0:0:0:4, 3:2:2:0:2, 6:0:0:0:1, 6:0:0:0:3, 2:0:0:0:0, 6:0:0:0:2, 7:0:0:0:2, 7:0:0:0:1, 9:2:0:0:8, 11:1:0:0:8, 8:0:0:0:3, 4:0:0:0:0, 6:1:0:0:3, 5:0:0:0:1, 4:0:0:0:0, 6:0:0:0:2, 6:5:0:0:8, 10:3:0:0:5, 2:0:0:0:0, 4:0:0:0:0, 2:0:0:0:0, 4:0:0:0:0, 5:2:0:0:8, 4:2:0:0:3, 5:3:0:0:5, 6:1:0:0:3, 4:0:0:0:2, 4:2:0:0:3, 4:0:0:0:2, 4:0:0:0:0, 2:0:0:0:0, 5:5:0:0:8, 7:1:0:0:4, 6:1:0:0:6, 5:0:0:0:3, 5:0:0:0:1, 5:0:0:0:0, 9:0:0:0:4, 3:0:0:0:0, 5:0:0:0:1, 4:0:0:0:1, 5:0:0:0:1, 6:0:0:0:4, 9:0:0:0:3, 6:0:0:0:4, 4:0:0:0:1, 5:1:0:0:4, 4:0:0:0:0, 2:0:0:0:0, 4:0:0:0:1, 5:4:0:0:4, 6:6:0:0:7, 2:0:0:0:0, 3:0:0:0:0, 2:0:0:0:0, 3:0:0:0:0, 6:2:0:0:9, 7:2:0:0:4, 7:4:0:0:9, 5:2:0:0:3, 7:0:0:0:3, 7:3:0:0:6, 5:0:0:0:3, 4:0:0:0:0, 3:0:0:0:0, 5:5:0:0:6, 6:3:0:0:6, 8:2:0:0:7, 6:1:0:0:3, 3:0:0:0:3, 4:0:0:0:0, 8:0:0:0:1, 2:0:0:0:0, 5:0:0:0:3, 4:0:0:0:3, 5:0:0:0:1, 8:0:0:0:8, 8:0:0:0:5, 7:0:0:0:3, 5:0:0:0:2, 6:1:0:0:6, 4:0:0:0:0, 2:0:0:0:0, 4:0:0:0:2, 7:10:0:0:12, 5:4:0:0:5, 2:0:0:0:0, 3:0:0:0:0, 4:0:0:0:0, 5:0:0:0:0, 6:2:0:0:8, 7:5:0:0:8, 7:4:0:0:6, 9:2:0:0:5, 4:0:0:0:2, 5:2:0:0:3, 5:0:0:0:2, 8:0:0:0:0, 4:0:0:0:0, 11:4:0:0:6, 7:3:0:0:7, 7:2:0:0:7, 4:0:0:0:2, 1:0:0:0:0, 4:0:0:0:0, 4:0:0:0:1, 2:0:0:0:0, 6:0:0:0:3, 4:0:0:0:2, 6:0:0:0:2, 6:0:0:0:5, 11:0:0:0:7, 10:1:0:0:7, 3:0:0:0:0, 6:1:0:0:6, 5:1:0:0:1, 2:0:0:0:0, 5:0:0:0:1, 6:5:0:0:6, 8:4:0:0:6, 2:0:0:0:0, 4:0:0:0:0, 2:0:0:0:0, 4:0:0:0:0, 2:0:0:0:0, 1:0:0:0:0, 1:0:0:0:0, 1:0:0:0:0, 1:0:0:0:0, 871:165:2:0:484
Cb locrian (7b), 6:1:0:0:7, 2:0:0:0:3, 6:1:0:0:7, 5:1:0:0:8, 6:0:0:0:7, 3:0:0:0:1, 6:0:0:0:8, 7:3:0:0:11, 4:4:0:0:6, 2:0:0:0:1, 4:0:0:0:3, 3:0:0:0:4, 5:1:0:0:7, 2:0:0:0:6, 5:1:0:0:4, 4:1:0:0:4, 6:2:0:0:5, 5:0:0:0:5, 8:1:0:0:7, 5:1:0:0:4, 6:0:0:0:7, 6:1:0:0:7, 7:0:0:0:7, 6:4:0:0:9, 6:1:0:0:8, 7:4:0:0:10, 7:2:0:0:6, 7:4:0:0:10, 0:0:0:0:0, 2:0:0:0:1, 5:3:0:0:5, 5:1:0:0:4, 5:3:0:0:7, 5:1:0:0:4, 4:0:0:0:4, 3:0:0:0:2, 5:0:0:0:4, 5:1:0:0:8, 4:0:0:0:5, 3:0:0:0:3, 5:0:0:0:6, 8:2:0:0:11, 4:5:0:0:9, 4:0:0:0:5, 4:0:0:0:4, 10:2:0:0:14, 6:0:0:0:7, 4:1:1:0:4, 9:3:0:0:8, 7:1:0:0:9, 4:5:0:0:8, 7:2:0:0:9, 9:4:0:0:17, 9:1:0:0:9, 9:1:0:0:15, 11:1:0:0:15, 9:0:0:0:10, 8:9:0:0:19, 5:0:0:0:6, 8:2:0:0:12, 6:4:0:0:9, 9:7:1:0:15, 2:0:0:0:1, 5:2:2:0:5, 6:6:0:0:9, 6:1:0:0:6, 6:5:0:0:10, 6:1:0:0:5, 3:0:0:0:2, 2:0:0:0:1, 2:0:0:0:1, 6:1:0:0:8, 4:0:0:0:3, 2:0:0:0:2, 4:0:0:0:5, 6:4:0:0:12, 5:2:0:0:4, 2:0:0:0:2, 5:0:0:0:6, 6:0:0:0:8, 5:0:0:0:8, 5:0:0:0:3, 5:1:0:0:4, 10:1:0:0:9, 6:2:0:0:5, 5:0:0:0:5, 7:2:0:0:7, 5:0:0:0:6, 6:0:0:0:7, 9:1:0:0:10, 6:0:0:0:8, 7:5:0:0:15, 4:0:0:0:5, 6:3:0:0:12, 4:2:0:0:5, 7:3:0:0:9, 0:0:0:0:0, 1:0:0:0:2, 6:4:0:0:7, 5:1:0:0:5, 5:3:0:0:7, 5:4:0:0:8, 4:0:0:0:5, 5:0:0:0:3, 3:0:0:0:3, 5:2:0:0:7, 6:0:0:0:5, 4:0:0:0:5, 5:0:0:0:8, 6:4:0:0:14, 6:2:0:0:5, 1:0:0:0:0, 5:0:0:0:6, 7:0:0:0:9, 5:0:0:0:7, 4:0:0:0:9, 6:5:0:0:12, 9:1:0:0:10, 5:3:0:0:5, 6:2:0:0:10, 6:4:0:0:10, 5:0:0:0:5, 8:0:0:0:9, 9:1:0:0:9, 7:0:0:0:6, 8:6:0:0:15, 5:0:0:0:4, 6:6:0:0:14, 4:2:0:0:4, 8:6:0:0:14, 2:0:0:0:1, 2:0:0:0:1, 5:3:0:0:9, 5:1:0:0:5, 7:5:0:0:13, 7:1:0:0:7, 4:0:0:0:5, 4:0:0:0:3, 3:0:0:0:3, 9:3:1:0:11, 4:0:0:0:5, 3:0:0:0:2, 5:0:0:0:5, 10:4:0:0:15, 6:2:0:0:6, 6:0:0:0:4, 5:3:0:0:6, 6:0:0:0:8, 4:0:0:0:7, 2:0:0:0:4, 7:1:0:0:4, 5:1:0:0:6, 4:3:0:0:5, 7:7:0:0:15, 5:1:0:0:8, 7:0:0:0:7, 6:0:0:0:9, 11:1:0:0:15, 10:0:0:0:12, 6:5:0:0:9, 4:0:0:0:5, 7:3:0:0:11, 4:2:0:0:6, 9:4:0:0:9, 1:0:0:0:0, 4:0:0:0:7, 5:3:0:0:10, 7:1:0:0:4, 5:5:0:0:11, 7:1:0:0:4, 5:3:0:0:6, 0:0:0:0:0, 0:0:0:0:0, 0:0:0:0:0, 0:0:0:0:0, 927:253:5:0:1173
C# locrian (7#), 6:0:0:0:3, 4:2:0:0:5, 6:0:0:0:3, 5:2:0:0:5, 6:0:0:0:5, 5:2:0:0:3, 6:0:0:0:4, 4:0:0:0:0, 2:0:0:0:0, 5:5:0:0:6, 5:1:0:0:3, 4:1:0:0:4, 4:0:0:0:2, 2:0:0:0:0, 4:0:0:0:0, 3:0:0:0:0, 4:0:0:0:0, 5:0:0:0:1, 6:0:0:0:2, 4:0:0:0:2, 6:0:0:0:5, 6:0:0:0:2, 7:0:0:0:5, 3:0:0:0:0, 7:1:0:0:4, 4:0:0:0:0, 3:0:0:0:0, 4:0:0:0:2, 5:4:0:0:4, 6:4:0:0:5, 2:0:0:0:0, 3:0:0:0:0, 2:0:0:0:0, 3:0:0:0:0, 6:3:0:0:8, 5:2:0:0:3, 9:4:0:0:6, 4:2:0:0:5, 4:0:0:0:2, 5:2:0:0:3, 5:0:0:0:3, 7:0:0:0:2, 2:0:0:0:0, 7:7:0:0:11, 5:2:0:0:4, 10:4:0:0:10, 7:0:0:0:4, 3:2:2:0:2, 6:0:0:0:1, 6:0:0:0:3, 2:0:0:0:0, 6:0:0:0:2, 7:0:0:0:2, 7:0:0:0:1, 9:2:0:0:8, 11:1:0:0:8, 8:0:0:0:3, 4:0:0:0:0, 6:1:0:0:3, 5:0:0:0:1, 4:0:0:0:0, 6:0:0:0:2, 6:5:0:0:8, 10:3:0:0:5, 2:0:0:0:0, 4:0:0:0:0, 2:0:0:0:0, 4:0:0:0:0, 5:2:0:0:8, 4:2:0:0:3, 5:3:0:0:5, 6:1:0:0:3, 4:0:0:0:2, 4:2:0:0:3, 4:0:0:0:2, 4:0:0:0:0, 2:0:0:0:0, 5:5:0:0:8, 7:1:0:0:4, 6:1:0:0:6, 5:0:0:0:3, 5:0:0:0:1, 5:0:0:0:0, 9:0:0:0:4, 3:0:0:0:0, 5:0:0:0:1, 4:0:0:0:1, 5:0:0:0:1, 6:0:0:0:4, 9:0:0:0:3, 6:0:0:0:4, 4:0:0:0:1, 5:1:0:0:4, 4:0:0:0:0, 2:0:0:0:0, 4:0:0:0:1, 5:4:0:0:4, 6:6:0:0:7, 2:0:0:0:0, 3:0:0:0:0, 2:0:0:0:0, 3:0:0:0:0, 6:2:0:0:9, 7:2:0:0:4, 7:4:0:0:9, 5:2:0:0:3, 7:0:0:0:3, 7:3:0:0:6, 5:0:0:0:3, 4:0:0:0:0, 3:0:0:0:0, 5:5:0:0:6, 6:3:0:0:6, 8:2:0:0:7, 6:1:0:0:3, 3:0:0:0:3, 4:0:0:0:0, 8:0:0:0:1, 2:0:0:0:0, 5:0:0:0:3, 4:0:0:0:3, 5:0:0:0:1, 8:0:0:0:8, 8:0:0:0:5, 7:0:0:0:3, 5:0:0:0:2, 6:1:0:0:6, 4:0:0:0:0, 2:0:0:0:0, 4:0:0:0:2, 7:10:0:0:12, 5:4:0:0:5, 2:0:0:0:0, 3:0:0:0:0, 4:0:0:0:0, 5:0:0:0:0, 6:2:0:0:8, 7:5:0:0:8, 7:4:0:0:6, 9:2:0:0:5, 4:0:0:0:2, 5:2:0:0:3, 5:0:0:0:2, 8:0:0:0:0, 4:0:0:0:0, 11:4:0:0:6, 7:3:0:0:7, 7:2:0:0:7, 4:0:0:0:2, 1:0:0:0:0, 4:0:0:0:0, 4:0:0:0:1, 2:0:0:0:0, 6:0:0:0:3, 4:0:0:0:2, 6:0:0:0:2, 6:0:0:0:5, 11:0:0:0:7, 10:1:0:0:7, 3:0:0:0:0, 6:1:0:0:6, 5:1:0:0:1, 2:0:0:0:0, 5:0:0:0:1, 6:5:0:0:6, 8:4:0:0:6, 2:0:0:0:0, 4:0:0:0:0, 2:0:0:0:0, 4:0:0:0:0, 2:0:0:0:0, 1:0:0:0:0, 1:0:0:0:0, 1:0:0:0:0, 1:0:0:0:0, 871:165:2:0:484
