 , 0, 1, 2, 3, 4, 5, 6, 7, 8, 9, 10, 11, 12, 13, 14, 15, 16, 17, 18, 19, 20, 21, 22, 23, 24, 25, 26, 27, 28, 29, 30, 31, 32, 33, 34, 35, 36, 37, 38, 39, 40, 41, 42, 43, 44, 45, 46, 47, 48, 49, 50, 51, 52, 53, 54, 55, 56, 57, 58, 59, 60, rowcost
C major (0), 1:1:0:0:0, 0:0:0:0:0, 2:2:0:0:0, 2:2:0:0:0, 1:1:0:0:0, 2:2:0:0:0, 1:1:0:0:0, 1:1:0:0:0, 0:0:0:0:0, 1:1:0:0:0, 0:0:0:0:0, 1:1:0:0:0, 1:1:0:0:0, 0:0:0:0:0, 2:2:0:0:0, 2:2:0:0:0, 1:1:0:0:0, 2:2:0:0:0, 1:1:0:0:0, 1:1:0:0:0, 0:0:0:0:0, 1:1:0:0:0, 0:0:0:0:0, 1:1:0:0:0, 1:1:0:0:0, 1:1:0:0:0, 2:2:0:0:0, 1:1:0:0:0, 1:1:0:0:0, 1:1:0:0:0, 2:2:0:0:0, 4:4:0:0:0, 1:1:0:0:0, 1:1:0:0:1, 0:0:0:0:0, 0:0:0:0:0, 0:0:0:0:0, 1:1:0:0:1, 3:2:0:0:0, 1:1:0:0:0, 1:1:0:0:0, 0:0:0:0:0, 0:0:0:0:0, 1:1:0:0:0, 4:3:0:0:1, 3:3:0:0:1, 1:1:0:0:0, 1:1:0:0:0, 2:1:0:0:0, 3:3:0:0:0, 1:1:0:0:0, 1:1:0:0:0, 2:2:0:0:0, 1:1:0:0:0, 1:1:0:0:0, 3:3:0:0:0, 1:1:0:0:0, 3:3:0:0:0, 1:1:0:0:0, 0:0:0:0:0, 0:0:0:0:0, 74:71:0:0:4
A minor (0), 1:1:0:0:0, 0:0:0:0:0, 2:2:0:0:0, 2:2:0:0:0, 1:1:0:0:0, 2:2:0:0:0, 1:1:0:0:0, 1:1:0:0:0, 0:0:0:0:0, 1:1:0:0:0, 0:0:0:0:0, 1:1:0:0:0, 1:1:0:0:0, 0:0:0:0:0, 2:2:0:0:0, 2:2:0:0:0, 1:1:0:0:0, 2:2:0:0:0, 1:1:0:0:0, 1:1:0:0:0, 0:0:0:0:0, 1:1:0:0:0, 0:0:0:0:0, 1:1:0:0:0, 1:1:0:0:0, 1:1:0:0:0, 2:2:0:0:0, 1:1:0:0:0, 1:1:0:0:0, 1:1:0:0:0, 2:2:0:0:0, 4:4:0:0:0, 1:1:0:0:0, 1:1:0:0:1, 0:0:0:0:0, 0:0:0:0:0, 0:0:0:0:0, 1:1:0:0:1, 3:2:0:0:0, 1:1:0:0:0, 1:1:0:0:0, 0:0:0:0:0, 0:0:0:0:0, 1:1:0:0:0, 4:3:0:0:1, 3:3:0:0:1, 1:1:0:0:0, 1:1:0:0:0, 2:1:0:0:0, 3:3:0:0:0, 1:1:0:0:0, 1:1:0:0:0, 2:2:0:0:0, 1:1:0:0:0, 1:1:0:0:0, 3:3:0:0:0, 1:1:0:0:0, 3:3:0:0:0, 1:1:0:0:0, 0:0:0:0:0, 0:0:0:0:0, 74:71:0:0:4
A minor mel (0), 1:1:0:0:0, 0:0:0:0:0, 2:2:0:0:0, 2:2:0:0:0, 1:1:0:0:0, 2:2:0:0:0, 1:1:0:0:0, 1:1:0:0:0, 0:0:0:0:0, 1:1:0:0:0, 0:0:0:0:0, 1:1:0:0:0, 1:1:0:0:0, 0:0:0:0:0, 2:2:0:0:0, 2:2:0:0:0, 1:1:0:0:0, 2:2:0:0:0, 1:1:0:0:0, 1:1:0:0:0, 0:0:0:0:0, 1:1:0:0:0, 0:0:0:0:0, 1:1:0:0:0, 1:1:0:0:0, 1:1:0:0:0, 2:2:0:0:0, 1:1:0:0:0, 1:1:0:0:0, 1:1:0:0:0, 2:2:0:0:0, 4:4:0:0:0, 1:1:0:0:0, 1:1:0:0:1, 0:0:0:0:0, 0:0:0:0:0, 0:0:0:0:0, 1:1:0:0:1, 3:2:0:0:0, 1:1:0:0:0, 1:1:0:0:0, 0:0:0:0:0, 0:0:0:0:0, 1:1:0:0:0, 4:3:0:0:1, 3:3:0:0:1, 1:1:0:0:0, 1:1:0:0:0, 2:1:0:0:0, 3:3:0:0:0, 1:1:0:0:0, 1:1:0:0:0, 2:2:0:0:0, 1:1:0:0:0, 1:1:0:0:0, 3:3:0:0:0, 1:1:0:0:0, 3:3:0:0:0, 1:1:0:0:0, 0:0:0:0:0, 0:0:0:0:0, 74:71:0:0:4
C major blues (0), 1:1:0:0:0, 0:0:0:0:0, 2:2:0:0:0, 2:2:0:0:0, 1:1:0:0:0, 2:2:0:0:0, 1:1:0:0:0, 1:1:0:0:0, 0:0:0:0:0, 1:1:0:0:0, 0:0:0:0:0, 1:1:0:0:0, 1:1:0:0:0, 0:0:0:0:0, 2:2:0:0:0, 2:2:0:0:0, 1:1:0:0:0, 2:2:0:0:0, 1:1:0:0:0, 1:1:0:0:0, 0:0:0:0:0, 1:1:0:0:0, 0:0:0:0:0, 1:1:0:0:0, 1:1:0:0:0, 1:1:0:0:0, 2:2:0:0:0, 1:1:0:0:0, 1:1:0:0:0, 1:1:0:0:0, 2:2:0:0:0, 4:4:0:0:0, 1:1:0:0:0, 1:1:0:0:1, 0:0:0:0:0, 0:0:0:0:0, 0:0:0:0:0, 1:1:0:0:1, 3:2:0:0:0, 1:1:0:0:0, 1:1:0:0:0, 0:0:0:0:0, 0:0:0:0:0, 1:1:0:0:0, 4:3:0:0:1, 3:3:0:0:1, 1:1:0:0:0, 1:1:0:0:0, 2:1:0:0:0, 3:3:0:0:0, 1:1:0:0:0, 1:1:0:0:0, 2:2:0:0:0, 1:1:0:0:0, 1:1:0:0:0, 3:3:0:0:0, 1:1:0:0:0, 3:3:0:0:0, 1:1:0:0:0, 0:0:0:0:0, 0:0:0:0:0, 74:71:0:0:4
A minor blues (0), 1:1:0:0:0, 0:0:0:0:0, 2:2:0:0:0, 2:2:0:0:0, 1:1:0:0:0, 2:2:0:0:0, 1:1:0:0:0, 1:1:0:0:0, 0:0:0:0:0, 1:1:0:0:0, 0:0:0:0:0, 1:1:0:0:0, 1:1:0:0:0, 0:0:0:0:0, 2:2:0:0:0, 2:2:0:0:0, 1:1:0:0:0, 2:2:0:0:0, 1:1:0:0:0, 1:1:0:0:0, 0:0:0:0:0, 1:1:0:0:0, 0:0:0:0:0, 1:1:0:0:0, 1:1:0:0:0, 1:1:0:0:0, 2:2:0:0:0, 1:1:0:0:0, 1:1:0:0:0, 1:1:0:0:0, 2:2:0:0:0, 4:4:0:0:0, 1:1:0:0:0, 1:1:0:0:1, 0:0:0:0:0, 0:0:0:0:0, 0:0:0:0:0, 1:1:0:0:1, 3:2:0:0:0, 1:1:0:0:0, 1:1:0:0:0, 0:0:0:0:0, 0:0:0:0:0, 1:1:0:0:0, 4:3:0:0:1, 3:3:0:0:1, 1:1:0:0:0, 1:1:0:0:0, 2:1:0:0:0, 3:3:0:0:0, 1:1:0:0:0, 1:1:0:0:0, 2:2:0:0:0, 1:1:0:0:0, 1:1:0:0:0, 3:3:0:0:0, 1:1:0:0:0, 3:3:0:0:0, 1:1:0:0:0, 0:0:0:0:0, 0:0:0:0:0, 74:71:0:0:4
C dorian (0), 1:1:0:0:0, 0:0:0:0:0, 2:2:0:0:0, 2:2:0:0:0, 1:1:0:0:0, 2:2:0:0:0, 1:1:0:0:0, 1:1:0:0:0, 0:0:0:0:0, 1:1:0:0:0, 0:0:0:0:0, 1:1:0:0:0, 1:1:0:0:0, 0:0:0:0:0, 2:2:0:0:0, 2:2:0:0:0, 1:1:0:0:0, 2:2:0:0:0, 1:1:0:0:0, 1:1:0:0:0, 0:0:0:0:0, 1:1:0:0:0, 0:0:0:0:0, 1:1:0:0:0, 1:1:0:0:0, 1:1:0:0:0, 2:2:0:0:0, 1:1:0:0:0, 1:1:0:0:0, 1:1:0:0:0, 2:2:0:0:0, 4:4:0:0:0, 1:1:0:0:0, 1:1:0:0:1, 0:0:0:0:0, 0:0:0:0:0, 0:0:0:0:0, 1:1:0:0:1, 3:2:0:0:0, 1:1:0:0:0, 1:1:0:0:0, 0:0:0:0:0, 0:0:0:0:0, 1:1:0:0:0, 4:3:0:0:1, 3:3:0:0:1, 1:1:0:0:0, 1:1:0:0:0, 2:1:0:0:0, 3:3:0:0:0, 1:1:0:0:0, 1:1:0:0:0, 2:2:0:0:0, 1:1:0:0:0, 1:1:0:0:0, 3:3:0:0:0, 1:1:0:0:0, 3:3:0:0:0, 1:1:0:0:0, 0:0:0:0:0, 0:0:0:0:0, 74:71:0:0:4
C phrygian (0), 1:1:0:0:0, 0:0:0:0:0, 2:2:0:0:0, 2:2:0:0:0, 1:1:0:0:0, 2:2:0:0:0, 1:1:0:0:0, 1:1:0:0:0, 0:0:0:0:0, 1:1:0:0:0, 0:0:0:0:0, 1:1:0:0:0, 1:1:0:0:0, 0:0:0:0:0, 2:2:0:0:0, 2:2:0:0:0, 1:1:0:0:0, 2:2:0:0:0, 1:1:0:0:0, 1:1:0:0:0, 0:0:0:0:0, 1:1:0:0:0, 0:0:0:0:0, 1:1:0:0:0, 1:1:0:0:0, 1:1:0:0:0, 2:2:0:0:0, 1:1:0:0:0, 1:1:0:0:0, 1:1:0:0:0, 2:2:0:0:0, 4:4:0:0:0, 1:1:0:0:0, 1:1:0:0:1, 0:0:0:0:0, 0:0:0:0:0, 0:0:0:0:0, 1:1:0:0:1, 3:2:0:0:0, 1:1:0:0:0, 1:1:0:0:0, 0:0:0:0:0, 0:0:0:0:0, 1:1:0:0:0, 4:3:0:0:1, 3:3:0:0:1, 1:1:0:0:0, 1:1:0:0:0, 2:1:0:0:0, 3:3:0:0:0, 1:1:0:0:0, 1:1:0:0:0, 2:2:0:0:0, 1:1:0:0:0, 1:1:0:0:0, 3:3:0:0:0, 1:1:0:0:0, 3:3:0:0:0, 1:1:0:0:0, 0:0:0:0:0, 0:0:0:0:0, 74:71:0:0:4
C lydian (0), 1:1:0:0:0, 0:0:0:0:0, 2:2:0:0:0, 2:2:0:0:0, 1:1:0:0:0, 2:2:0:0:0, 1:1:0:0:0, 1:1:0:0:0, 0:0:0:0:0, 1:1:0:0:0, 0:0:0:0:0, 1:1:0:0:0, 1:1:0:0:0, 0:0:0:0:0, 2:2:0:0:0, 2:2:0:0:0, 1:1:0:0:0, 2:2:0:0:0, 1:1:0:0:0, 1:1:0:0:0, 0:0:0:0:0, 1:1:0:0:0, 0:0:0:0:0, 1:1:0:0:0, 1:1:0:0:0, 1:1:0:0:0, 2:2:0:0:0, 1:1:0:0:0, 1:1:0:0:0, 1:1:0:0:0, 2:2:0:0:0, 4:4:0:0:0, 1:1:0:0:0, 1:1:0:0:1, 0:0:0:0:0, 0:0:0:0:0, 0:0:0:0:0, 1:1:0:0:1, 3:2:0:0:0, 1:1:0:0:0, 1:1:0:0:0, 0:0:0:0:0, 0:0:0:0:0, 1:1:0:0:0, 4:3:0:0:1, 3:3:0:0:1, 1:1:0:0:0, 1:1:0:0:0, 2:1:0:0:0, 3:3:0:0:0, 1:1:0:0:0, 1:1:0:0:0, 2:2:0:0:0, 1:1:0:0:0, 1:1:0:0:0, 3:3:0:0:0, 1:1:0:0:0, 3:3:0:0:0, 1:1:0:0:0, 0:0:0:0:0, 0:0:0:0:0, 74:71:0:0:4
C mixolydian (0), 1:1:0:0:0, 0:0:0:0:0, 2:2:0:0:0, 2:2:0:0:0, 1:1:0:0:0, 2:2:0:0:0, 1:1:0:0:0, 1:1:0:0:0, 0:0:0:0:0, 1:1:0:0:0, 0:0:0:0:0, 1:1:0:0:0, 1:1:0:0:0, 0:0:0:0:0, 2:2:0:0:0, 2:2:0:0:0, 1:1:0:0:0, 2:2:0:0:0, 1:1:0:0:0, 1:1:0:0:0, 0:0:0:0:0, 1:1:0:0:0, 0:0:0:0:0, 1:1:0:0:0, 1:1:0:0:0, 1:1:0:0:0, 2:2:0:0:0, 1:1:0:0:0, 1:1:0:0:0, 1:1:0:0:0, 2:2:0:0:0, 4:4:0:0:0, 1:1:0:0:0, 1:1:0:0:1, 0:0:0:0:0, 0:0:0:0:0, 0:0:0:0:0, 1:1:0:0:1, 3:2:0:0:0, 1:1:0:0:0, 1:1:0:0:0, 0:0:0:0:0, 0:0:0:0:0, 1:1:0:0:0, 4:3:0:0:1, 3:3:0:0:1, 1:1:0:0:0, 1:1:0:0:0, 2:1:0:0:0, 3:3:0:0:0, 1:1:0:0:0, 1:1:0:0:0, 2:2:0:0:0, 1:1:0:0:0, 1:1:0:0:0, 3:3:0:0:0, 1:1:0:0:0, 3:3:0:0:0, 1:1:0:0:0, 0:0:0:0:0, 0:0:0:0:0, 74:71:0:0:4
C aeolian (0), 1:1:0:0:0, 0:0:0:0:0, 2:2:0:0:0, 2:2:0:0:0, 1:1:0:0:0, 2:2:0:0:0, 1:1:0:0:0, 1:1:0:0:0, 0:0:0:0:0, 1:1:0:0:0, 0:0:0:0:0, 1:1:0:0:0, 1:1:0:0:0, 0:0:0:0:0, 2:2:0:0:0, 2:2:0:0:0, 1:1:0:0:0, 2:2:0:0:0, 1:1:0:0:0, 1:1:0:0:0, 0:0:0:0:0, 1:1:0:0:0, 0:0:0:0:0, 1:1:0:0:0, 1:1:0:0:0, 1:1:0:0:0, 2:2:0:0:0, 1:1:0:0:0, 1:1:0:0:0, 1:1:0:0:0, 2:2:0:0:0, 4:4:0:0:0, 1:1:0:0:0, 1:1:0:0:1, 0:0:0:0:0, 0:0:0:0:0, 0:0:0:0:0, 1:1:0:0:1, 3:2:0:0:0, 1:1:0:0:0, 1:1:0:0:0, 0:0:0:0:0, 0:0:0:0:0, 1:1:0:0:0, 4:3:0:0:1, 3:3:0:0:1, 1:1:0:0:0, 1:1:0:0:0, 2:1:0:0:0, 3:3:0:0:0, 1:1:0:0:0, 1:1:0:0:0, 2:2:0:0:0, 1:1:0:0:0, 1:1:0:0:0, 3:3:0:0:0, 1:1:0:0:0, 3:3:0:0:0, 1:1:0:0:0, 0:0:0:0:0, 0:0:0:0:0, 74:71:0:0:4
C locrian (0), 1:1:0:0:0, 0:0:0:0:0, 2:2:0:0:0, 2:2:0:0:0, 1:1:0:0:0, 2:2:0:0:0, 1:1:0:0:0, 1:1:0:0:0, 0:0:0:0:0, 1:1:0:0:0, 0:0:0:0:0, 1:1:0:0:0, 1:1:0:0:0, 0:0:0:0:0, 2:2:0:0:0, 2:2:0:0:0, 1:1:0:0:0, 2:2:0:0:0, 1:1:0:0:0, 1:1:0:0:0, 0:0:0:0:0, 1:1:0:0:0, 0:0:0:0:0, 1:1:0:0:0, 1:1:0:0:0, 1:1:0:0:0, 2:2:0:0:0, 1:1:0:0:0, 1:1:0:0:0, 1:1:0:0:0, 2:2:0:0:0, 4:4:0:0:0, 1:1:0:0:0, 1:1:0:0:1, 0:0:0:0:0, 0:0:0:0:0, 0:0:0:0:0, 1:1:0:0:1, 3:2:0:0:0, 1:1:0:0:0, 1:1:0:0:0, 0:0:0:0:0, 0:0:0:0:0, 1:1:0:0:0, 4:3:0:0:1, 3:3:0:0:1, 1:1:0:0:0, 1:1:0:0:0, 2:1:0:0:0, 3:3:0:0:0, 1:1:0:0:0, 1:1:0:0:0, 2:2:0:0:0, 1:1:0:0:0, 1:1:0:0:0, 3:3:0:0:0, 1:1:0:0:0, 3:3:0:0:0, 1:1:0:0:0, 0:0:0:0:0, 0:0:0:0:0, 74:71:0:0:4
F major (1b), 1:0:0:0:0, 0:0:0:0:0, 1:0:0:0:0, 1:0:0:0:0, 1:0:1:0:1, 1:0:0:0:0, 0:0:0:0:0, 0:0:0:0:0, 0:0:0:0:0, 0:0:0:0:0, 0:0:0:0:0, 0:0:0:0:0, 1:0:0:0:0, 0:0:0:0:0, 1:0:0:0:0, 1:0:0:0:0, 1:0:1:0:1, 1:0:0:0:0, 0:0:0:0:0, 0:0:0:0:0, 0:0:0:0:0, 0:0:0:0:0, 0:0:0:0:0, 0:0:0:0:0, 2:0:0:0:0, 0:0:0:0:0, 1:0:0:0:0, 0:0:0:0:0, 0:0:0:0:0, 1:0:0:0:0, 2:0:0:0:0, 3:0:0:0:0, 0:0:0:0:0, 1:1:0:0:1, 0:0:0:0:0, 0:0:0:0:0, 1:0:0:0:0, 2:0:0:0:0, 2:0:0:0:0, 1:0:0:0:0, 2:0:0:0:0, 0:0:0:0:0, 0:0:0:0:0, 0:0:0:0:0, 3:1:0:0:1, 2:1:0:0:1, 0:0:0:0:0, 0:0:0:0:0, 1:0:0:0:0, 3:0:1:0:1, 1:0:0:0:0, 1:0:0:0:0, 1:0:0:0:0, 2:0:0:0:0, 1:0:0:0:0, 2:1:0:0:1, 0:0:0:0:0, 4:0:0:0:0, 2:0:0:0:0, 0:0:0:0:0, 0:0:0:0:0, 51:4:3:0:7
G major (1#), 2:0:0:0:1, 1:0:0:0:0, 3:1:0:0:1, 2:0:0:0:1, 2:0:0:0:1, 3:1:0:0:1, 1:0:0:0:1, 1:0:0:0:1, 1:0:0:0:0, 2:0:0:0:1, 0:0:0:0:0, 2:1:0:0:0, 2:0:0:0:1, 1:0:0:0:0, 3:1:0:0:1, 2:0:0:0:1, 2:0:0:0:1, 3:1:0:0:1, 1:0:0:0:1, 1:0:0:0:1, 1:0:0:0:0, 2:0:0:0:1, 0:0:0:0:0, 2:1:0:0:0, 2:1:0:0:1, 2:1:0:0:0, 3:1:0:0:1, 2:0:0:0:1, 2:0:0:0:1, 2:0:0:0:0, 3:1:0:0:0, 3:1:0:0:1, 2:1:0:0:0, 1:0:0:0:1, 0:0:0:0:0, 1:0:0:0:0, 1:0:0:0:0, 1:0:0:0:1, 3:1:0:0:1, 2:1:0:0:0, 2:1:0:0:0, 1:0:0:0:0, 0:0:0:0:0, 1:0:0:0:1, 5:2:0:0:2, 4:2:0:0:0, 1:1:0:0:0, 2:0:0:0:1, 3:0:0:0:1, 4:2:0:0:1, 1:0:0:0:1, 2:0:0:0:1, 3:0:0:0:2, 2:0:0:0:0, 1:0:0:0:1, 2:2:0:0:1, 1:0:0:0:1, 3:2:0:0:2, 2:1:0:0:1, 0:0:0:0:0, 1:0:0:0:0, 111:27:0:0:40
D minor (1b), 1:0:0:0:0, 0:0:0:0:0, 1:0:0:0:0, 1:0:0:0:0, 1:0:1:0:1, 1:0:0:0:0, 0:0:0:0:0, 0:0:0:0:0, 0:0:0:0:0, 0:0:0:0:0, 0:0:0:0:0, 0:0:0:0:0, 1:0:0:0:0, 0:0:0:0:0, 1:0:0:0:0, 1:0:0:0:0, 1:0:1:0:1, 1:0:0:0:0, 0:0:0:0:0, 0:0:0:0:0, 0:0:0:0:0, 0:0:0:0:0, 0:0:0:0:0, 0:0:0:0:0, 2:0:0:0:0, 0:0:0:0:0, 1:0:0:0:0, 0:0:0:0:0, 0:0:0:0:0, 1:0:0:0:0, 2:0:0:0:0, 3:0:0:0:0, 0:0:0:0:0, 1:1:0:0:1, 0:0:0:0:0, 0:0:0:0:0, 1:0:0:0:0, 2:0:0:0:0, 2:0:0:0:0, 1:0:0:0:0, 2:0:0:0:0, 0:0:0:0:0, 0:0:0:0:0, 0:0:0:0:0, 3:1:0:0:1, 2:1:0:0:1, 0:0:0:0:0, 0:0:0:0:0, 1:0:0:0:0, 3:0:1:0:1, 1:0:0:0:0, 1:0:0:0:0, 1:0:0:0:0, 2:0:0:0:0, 1:0:0:0:0, 2:1:0:0:1, 0:0:0:0:0, 4:0:0:0:0, 2:0:0:0:0, 0:0:0:0:0, 0:0:0:0:0, 51:4:3:0:7
E minor (1#), 2:0:0:0:1, 1:0:0:0:0, 3:1:0:0:1, 2:0:0:0:1, 2:0:0:0:1, 3:1:0:0:1, 1:0:0:0:1, 1:0:0:0:1, 1:0:0:0:0, 2:0:0:0:1, 0:0:0:0:0, 2:1:0:0:0, 2:0:0:0:1, 1:0:0:0:0, 3:1:0:0:1, 2:0:0:0:1, 2:0:0:0:1, 3:1:0:0:1, 1:0:0:0:1, 1:0:0:0:1, 1:0:0:0:0, 2:0:0:0:1, 0:0:0:0:0, 2:1:0:0:0, 2:1:0:0:1, 2:1:0:0:0, 3:1:0:0:1, 2:0:0:0:1, 2:0:0:0:1, 2:0:0:0:0, 3:1:0:0:0, 3:1:0:0:1, 2:1:0:0:0, 1:0:0:0:1, 0:0:0:0:0, 1:0:0:0:0, 1:0:0:0:0, 1:0:0:0:1, 3:1:0:0:1, 2:1:0:0:0, 2:1:0:0:0, 1:0:0:0:0, 0:0:0:0:0, 1:0:0:0:1, 5:2:0:0:2, 4:2:0:0:0, 1:1:0:0:0, 2:0:0:0:1, 3:0:0:0:1, 4:2:0:0:1, 1:0:0:0:1, 2:0:0:0:1, 3:0:0:0:2, 2:0:0:0:0, 1:0:0:0:1, 2:2:0:0:1, 1:0:0:0:1, 3:2:0:0:2, 2:1:0:0:1, 0:0:0:0:0, 1:0:0:0:0, 111:27:0:0:40
D minor mel (1b), 1:0:0:0:0, 0:0:0:0:0, 1:0:0:0:0, 1:0:0:0:0, 1:0:1:0:1, 1:0:0:0:0, 0:0:0:0:0, 0:0:0:0:0, 0:0:0:0:0, 0:0:0:0:0, 0:0:0:0:0, 0:0:0:0:0, 1:0:0:0:0, 0:0:0:0:0, 1:0:0:0:0, 1:0:0:0:0, 1:0:1:0:1, 1:0:0:0:0, 0:0:0:0:0, 0:0:0:0:0, 0:0:0:0:0, 0:0:0:0:0, 0:0:0:0:0, 0:0:0:0:0, 2:0:0:0:0, 0:0:0:0:0, 1:0:0:0:0, 0:0:0:0:0, 0:0:0:0:0, 1:0:0:0:0, 2:0:0:0:0, 3:0:0:0:0, 0:0:0:0:0, 1:1:0:0:1, 0:0:0:0:0, 0:0:0:0:0, 1:0:0:0:0, 2:0:0:0:0, 2:0:0:0:0, 1:0:0:0:0, 2:0:0:0:0, 0:0:0:0:0, 0:0:0:0:0, 0:0:0:0:0, 3:1:0:0:1, 2:1:0:0:1, 0:0:0:0:0, 0:0:0:0:0, 1:0:0:0:0, 3:0:1:0:1, 1:0:0:0:0, 1:0:0:0:0, 1:0:0:0:0, 2:0:0:0:0, 1:0:0:0:0, 2:1:0:0:1, 0:0:0:0:0, 4:0:0:0:0, 2:0:0:0:0, 0:0:0:0:0, 0:0:0:0:0, 51:4:3:0:7
E minor mel (1#), 2:0:0:0:1, 1:0:0:0:0, 3:1:0:0:1, 2:0:0:0:1, 2:0:0:0:1, 3:1:0:0:1, 1:0:0:0:1, 1:0:0:0:1, 1:0:0:0:0, 2:0:0:0:1, 0:0:0:0:0, 2:1:0:0:0, 2:0:0:0:1, 1:0:0:0:0, 3:1:0:0:1, 2:0:0:0:1, 2:0:0:0:1, 3:1:0:0:1, 1:0:0:0:1, 1:0:0:0:1, 1:0:0:0:0, 2:0:0:0:1, 0:0:0:0:0, 2:1:0:0:0, 2:1:0:0:1, 2:1:0:0:0, 3:1:0:0:1, 2:0:0:0:1, 2:0:0:0:1, 2:0:0:0:0, 3:1:0:0:0, 3:1:0:0:1, 2:1:0:0:0, 1:0:0:0:1, 0:0:0:0:0, 1:0:0:0:0, 1:0:0:0:0, 1:0:0:0:1, 3:1:0:0:1, 2:1:0:0:0, 2:1:0:0:0, 1:0:0:0:0, 0:0:0:0:0, 1:0:0:0:1, 5:2:0:0:2, 4:2:0:0:0, 1:1:0:0:0, 2:0:0:0:1, 3:0:0:0:1, 4:2:0:0:1, 1:0:0:0:1, 2:0:0:0:1, 3:0:0:0:2, 2:0:0:0:0, 1:0:0:0:1, 2:2:0:0:1, 1:0:0:0:1, 3:2:0:0:2, 2:1:0:0:1, 0:0:0:0:0, 1:0:0:0:0, 111:27:0:0:40
F major blues (1b), 1:0:0:0:0, 0:0:0:0:0, 1:0:0:0:0, 1:0:0:0:0, 1:0:1:0:1, 1:0:0:0:0, 0:0:0:0:0, 0:0:0:0:0, 0:0:0:0:0, 0:0:0:0:0, 0:0:0:0:0, 0:0:0:0:0, 1:0:0:0:0, 0:0:0:0:0, 1:0:0:0:0, 1:0:0:0:0, 1:0:1:0:1, 1:0:0:0:0, 0:0:0:0:0, 0:0:0:0:0, 0:0:0:0:0, 0:0:0:0:0, 0:0:0:0:0, 0:0:0:0:0, 2:0:0:0:0, 0:0:0:0:0, 1:0:0:0:0, 0:0:0:0:0, 0:0:0:0:0, 1:0:0:0:0, 2:0:0:0:0, 3:0:0:0:0, 0:0:0:0:0, 1:1:0:0:1, 0:0:0:0:0, 0:0:0:0:0, 1:0:0:0:0, 2:0:0:0:0, 2:0:0:0:0, 1:0:0:0:0, 2:0:0:0:0, 0:0:0:0:0, 0:0:0:0:0, 0:0:0:0:0, 3:1:0:0:1, 2:1:0:0:1, 0:0:0:0:0, 0:0:0:0:0, 1:0:0:0:0, 3:0:1:0:1, 1:0:0:0:0, 1:0:0:0:0, 1:0:0:0:0, 2:0:0:0:0, 1:0:0:0:0, 2:1:0:0:1, 0:0:0:0:0, 4:0:0:0:0, 2:0:0:0:0, 0:0:0:0:0, 0:0:0:0:0, 51:4:3:0:7
G major blues (1#), 2:0:0:0:1, 1:0:0:0:0, 3:1:0:0:1, 2:0:0:0:1, 2:0:0:0:1, 3:1:0:0:1, 1:0:0:0:1, 1:0:0:0:1, 1:0:0:0:0, 2:0:0:0:1, 0:0:0:0:0, 2:1:0:0:0, 2:0:0:0:1, 1:0:0:0:0, 3:1:0:0:1, 2:0:0:0:1, 2:0:0:0:1, 3:1:0:0:1, 1:0:0:0:1, 1:0:0:0:1, 1:0:0:0:0, 2:0:0:0:1, 0:0:0:0:0, 2:1:0:0:0, 2:1:0:0:1, 2:1:0:0:0, 3:1:0:0:1, 2:0:0:0:1, 2:0:0:0:1, 2:0:0:0:0, 3:1:0:0:0, 3:1:0:0:1, 2:1:0:0:0, 1:0:0:0:1, 0:0:0:0:0, 1:0:0:0:0, 1:0:0:0:0, 1:0:0:0:1, 3:1:0:0:1, 2:1:0:0:0, 2:1:0:0:0, 1:0:0:0:0, 0:0:0:0:0, 1:0:0:0:1, 5:2:0:0:2, 4:2:0:0:0, 1:1:0:0:0, 2:0:0:0:1, 3:0:0:0:1, 4:2:0:0:1, 1:0:0:0:1, 2:0:0:0:1, 3:0:0:0:2, 2:0:0:0:0, 1:0:0:0:1, 2:2:0:0:1, 1:0:0:0:1, 3:2:0:0:2, 2:1:0:0:1, 0:0:0:0:0, 1:0:0:0:0, 111:27:0:0:40
D minor blues (1b), 1:0:0:0:0, 0:0:0:0:0, 1:0:0:0:0, 1:0:0:0:0, 1:0:1:0:1, 1:0:0:0:0, 0:0:0:0:0, 0:0:0:0:0, 0:0:0:0:0, 0:0:0:0:0, 0:0:0:0:0, 0:0:0:0:0, 1:0:0:0:0, 0:0:0:0:0, 1:0:0:0:0, 1:0:0:0:0, 1:0:1:0:1, 1:0:0:0:0, 0:0:0:0:0, 0:0:0:0:0, 0:0:0:0:0, 0:0:0:0:0, 0:0:0:0:0, 0:0:0:0:0, 2:0:0:0:0, 0:0:0:0:0, 1:0:0:0:0, 0:0:0:0:0, 0:0:0:0:0, 1:0:0:0:0, 2:0:0:0:0, 3:0:0:0:0, 0:0:0:0:0, 1:1:0:0:1, 0:0:0:0:0, 0:0:0:0:0, 1:0:0:0:0, 2:0:0:0:0, 2:0:0:0:0, 1:0:0:0:0, 2:0:0:0:0, 0:0:0:0:0, 0:0:0:0:0, 0:0:0:0:0, 3:1:0:0:1, 2:1:0:0:1, 0:0:0:0:0, 0:0:0:0:0, 1:0:0:0:0, 3:0:1:0:1, 1:0:0:0:0, 1:0:0:0:0, 1:0:0:0:0, 2:0:0:0:0, 1:0:0:0:0, 2:1:0:0:1, 0:0:0:0:0, 4:0:0:0:0, 2:0:0:0:0, 0:0:0:0:0, 0:0:0:0:0, 51:4:3:0:7
E minor blues (1#), 2:0:0:0:1, 1:0:0:0:0, 3:1:0:0:1, 2:0:0:0:1, 2:0:0:0:1, 3:1:0:0:1, 1:0:0:0:1, 1:0:0:0:1, 1:0:0:0:0, 2:0:0:0:1, 0:0:0:0:0, 2:1:0:0:0, 2:0:0:0:1, 1:0:0:0:0, 3:1:0:0:1, 2:0:0:0:1, 2:0:0:0:1, 3:1:0:0:1, 1:0:0:0:1, 1:0:0:0:1, 1:0:0:0:0, 2:0:0:0:1, 0:0:0:0:0, 2:1:0:0:0, 2:1:0:0:1, 2:1:0:0:0, 3:1:0:0:1, 2:0:0:0:1, 2:0:0:0:1, 2:0:0:0:0, 3:1:0:0:0, 3:1:0:0:1, 2:1:0:0:0, 1:0:0:0:1, 0:0:0:0:0, 1:0:0:0:0, 1:0:0:0:0, 1:0:0:0:1, 3:1:0:0:1, 2:1:0:0:0, 2:1:0:0:0, 1:0:0:0:0, 0:0:0:0:0, 1:0:0:0:1, 5:2:0:0:2, 4:2:0:0:0, 1:1:0:0:0, 2:0:0:0:1, 3:0:0:0:1, 4:2:0:0:1, 1:0:0:0:1, 2:0:0:0:1, 3:0:0:0:2, 2:0:0:0:0, 1:0:0:0:1, 2:2:0:0:1, 1:0:0:0:1, 3:2:0:0:2, 2:1:0:0:1, 0:0:0:0:0, 1:0:0:0:0, 111:27:0:0:40
F dorian (1b), 1:0:0:0:0, 0:0:0:0:0, 1:0:0:0:0, 1:0:0:0:0, 1:0:1:0:1, 1:0:0:0:0, 0:0:0:0:0, 0:0:0:0:0, 0:0:0:0:0, 0:0:0:0:0, 0:0:0:0:0, 0:0:0:0:0, 1:0:0:0:0, 0:0:0:0:0, 1:0:0:0:0, 1:0:0:0:0, 1:0:1:0:1, 1:0:0:0:0, 0:0:0:0:0, 0:0:0:0:0, 0:0:0:0:0, 0:0:0:0:0, 0:0:0:0:0, 0:0:0:0:0, 2:0:0:0:0, 0:0:0:0:0, 1:0:0:0:0, 0:0:0:0:0, 0:0:0:0:0, 1:0:0:0:0, 2:0:0:0:0, 3:0:0:0:0, 0:0:0:0:0, 1:1:0:0:1, 0:0:0:0:0, 0:0:0:0:0, 1:0:0:0:0, 2:0:0:0:0, 2:0:0:0:0, 1:0:0:0:0, 2:0:0:0:0, 0:0:0:0:0, 0:0:0:0:0, 0:0:0:0:0, 3:1:0:0:1, 2:1:0:0:1, 0:0:0:0:0, 0:0:0:0:0, 1:0:0:0:0, 3:0:1:0:1, 1:0:0:0:0, 1:0:0:0:0, 1:0:0:0:0, 2:0:0:0:0, 1:0:0:0:0, 2:1:0:0:1, 0:0:0:0:0, 4:0:0:0:0, 2:0:0:0:0, 0:0:0:0:0, 0:0:0:0:0, 51:4:3:0:7
G dorian (1#), 2:0:0:0:1, 1:0:0:0:0, 3:1:0:0:1, 2:0:0:0:1, 2:0:0:0:1, 3:1:0:0:1, 1:0:0:0:1, 1:0:0:0:1, 1:0:0:0:0, 2:0:0:0:1, 0:0:0:0:0, 2:1:0:0:0, 2:0:0:0:1, 1:0:0:0:0, 3:1:0:0:1, 2:0:0:0:1, 2:0:0:0:1, 3:1:0:0:1, 1:0:0:0:1, 1:0:0:0:1, 1:0:0:0:0, 2:0:0:0:1, 0:0:0:0:0, 2:1:0:0:0, 2:1:0:0:1, 2:1:0:0:0, 3:1:0:0:1, 2:0:0:0:1, 2:0:0:0:1, 2:0:0:0:0, 3:1:0:0:0, 3:1:0:0:1, 2:1:0:0:0, 1:0:0:0:1, 0:0:0:0:0, 1:0:0:0:0, 1:0:0:0:0, 1:0:0:0:1, 3:1:0:0:1, 2:1:0:0:0, 2:1:0:0:0, 1:0:0:0:0, 0:0:0:0:0, 1:0:0:0:1, 5:2:0:0:2, 4:2:0:0:0, 1:1:0:0:0, 2:0:0:0:1, 3:0:0:0:1, 4:2:0:0:1, 1:0:0:0:1, 2:0:0:0:1, 3:0:0:0:2, 2:0:0:0:0, 1:0:0:0:1, 2:2:0:0:1, 1:0:0:0:1, 3:2:0:0:2, 2:1:0:0:1, 0:0:0:0:0, 1:0:0:0:0, 111:27:0:0:40
F phrygian (1b), 1:0:0:0:0, 0:0:0:0:0, 1:0:0:0:0, 1:0:0:0:0, 1:0:1:0:1, 1:0:0:0:0, 0:0:0:0:0, 0:0:0:0:0, 0:0:0:0:0, 0:0:0:0:0, 0:0:0:0:0, 0:0:0:0:0, 1:0:0:0:0, 0:0:0:0:0, 1:0:0:0:0, 1:0:0:0:0, 1:0:1:0:1, 1:0:0:0:0, 0:0:0:0:0, 0:0:0:0:0, 0:0:0:0:0, 0:0:0:0:0, 0:0:0:0:0, 0:0:0:0:0, 2:0:0:0:0, 0:0:0:0:0, 1:0:0:0:0, 0:0:0:0:0, 0:0:0:0:0, 1:0:0:0:0, 2:0:0:0:0, 3:0:0:0:0, 0:0:0:0:0, 1:1:0:0:1, 0:0:0:0:0, 0:0:0:0:0, 1:0:0:0:0, 2:0:0:0:0, 2:0:0:0:0, 1:0:0:0:0, 2:0:0:0:0, 0:0:0:0:0, 0:0:0:0:0, 0:0:0:0:0, 3:1:0:0:1, 2:1:0:0:1, 0:0:0:0:0, 0:0:0:0:0, 1:0:0:0:0, 3:0:1:0:1, 1:0:0:0:0, 1:0:0:0:0, 1:0:0:0:0, 2:0:0:0:0, 1:0:0:0:0, 2:1:0:0:1, 0:0:0:0:0, 4:0:0:0:0, 2:0:0:0:0, 0:0:0:0:0, 0:0:0:0:0, 51:4:3:0:7
G phrygian (1#), 2:0:0:0:1, 1:0:0:0:0, 3:1:0:0:1, 2:0:0:0:1, 2:0:0:0:1, 3:1:0:0:1, 1:0:0:0:1, 1:0:0:0:1, 1:0:0:0:0, 2:0:0:0:1, 0:0:0:0:0, 2:1:0:0:0, 2:0:0:0:1, 1:0:0:0:0, 3:1:0:0:1, 2:0:0:0:1, 2:0:0:0:1, 3:1:0:0:1, 1:0:0:0:1, 1:0:0:0:1, 1:0:0:0:0, 2:0:0:0:1, 0:0:0:0:0, 2:1:0:0:0, 2:1:0:0:1, 2:1:0:0:0, 3:1:0:0:1, 2:0:0:0:1, 2:0:0:0:1, 2:0:0:0:0, 3:1:0:0:0, 3:1:0:0:1, 2:1:0:0:0, 1:0:0:0:1, 0:0:0:0:0, 1:0:0:0:0, 1:0:0:0:0, 1:0:0:0:1, 3:1:0:0:1, 2:1:0:0:0, 2:1:0:0:0, 1:0:0:0:0, 0:0:0:0:0, 1:0:0:0:1, 5:2:0:0:2, 4:2:0:0:0, 1:1:0:0:0, 2:0:0:0:1, 3:0:0:0:1, 4:2:0:0:1, 1:0:0:0:1, 2:0:0:0:1, 3:0:0:0:2, 2:0:0:0:0, 1:0:0:0:1, 2:2:0:0:1, 1:0:0:0:1, 3:2:0:0:2, 2:1:0:0:1, 0:0:0:0:0, 1:0:0:0:0, 111:27:0:0:40
F lydian (1b), 1:0:0:0:0, 0:0:0:0:0, 1:0:0:0:0, 1:0:0:0:0, 1:0:1:0:1, 1:0:0:0:0, 0:0:0:0:0, 0:0:0:0:0, 0:0:0:0:0, 0:0:0:0:0, 0:0:0:0:0, 0:0:0:0:0, 1:0:0:0:0, 0:0:0:0:0, 1:0:0:0:0, 1:0:0:0:0, 1:0:1:0:1, 1:0:0:0:0, 0:0:0:0:0, 0:0:0:0:0, 0:0:0:0:0, 0:0:0:0:0, 0:0:0:0:0, 0:0:0:0:0, 2:0:0:0:0, 0:0:0:0:0, 1:0:0:0:0, 0:0:0:0:0, 0:0:0:0:0, 1:0:0:0:0, 2:0:0:0:0, 3:0:0:0:0, 0:0:0:0:0, 1:1:0:0:1, 0:0:0:0:0, 0:0:0:0:0, 1:0:0:0:0, 2:0:0:0:0, 2:0:0:0:0, 1:0:0:0:0, 2:0:0:0:0, 0:0:0:0:0, 0:0:0:0:0, 0:0:0:0:0, 3:1:0:0:1, 2:1:0:0:1, 0:0:0:0:0, 0:0:0:0:0, 1:0:0:0:0, 3:0:1:0:1, 1:0:0:0:0, 1:0:0:0:0, 1:0:0:0:0, 2:0:0:0:0, 1:0:0:0:0, 2:1:0:0:1, 0:0:0:0:0, 4:0:0:0:0, 2:0:0:0:0, 0:0:0:0:0, 0:0:0:0:0, 51:4:3:0:7
G lydian (1#), 2:0:0:0:1, 1:0:0:0:0, 3:1:0:0:1, 2:0:0:0:1, 2:0:0:0:1, 3:1:0:0:1, 1:0:0:0:1, 1:0:0:0:1, 1:0:0:0:0, 2:0:0:0:1, 0:0:0:0:0, 2:1:0:0:0, 2:0:0:0:1, 1:0:0:0:0, 3:1:0:0:1, 2:0:0:0:1, 2:0:0:0:1, 3:1:0:0:1, 1:0:0:0:1, 1:0:0:0:1, 1:0:0:0:0, 2:0:0:0:1, 0:0:0:0:0, 2:1:0:0:0, 2:1:0:0:1, 2:1:0:0:0, 3:1:0:0:1, 2:0:0:0:1, 2:0:0:0:1, 2:0:0:0:0, 3:1:0:0:0, 3:1:0:0:1, 2:1:0:0:0, 1:0:0:0:1, 0:0:0:0:0, 1:0:0:0:0, 1:0:0:0:0, 1:0:0:0:1, 3:1:0:0:1, 2:1:0:0:0, 2:1:0:0:0, 1:0:0:0:0, 0:0:0:0:0, 1:0:0:0:1, 5:2:0:0:2, 4:2:0:0:0, 1:1:0:0:0, 2:0:0:0:1, 3:0:0:0:1, 4:2:0:0:1, 1:0:0:0:1, 2:0:0:0:1, 3:0:0:0:2, 2:0:0:0:0, 1:0:0:0:1, 2:2:0:0:1, 1:0:0:0:1, 3:2:0:0:2, 2:1:0:0:1, 0:0:0:0:0, 1:0:0:0:0, 111:27:0:0:40
F mixolydian (1b), 1:0:0:0:0, 0:0:0:0:0, 1:0:0:0:0, 1:0:0:0:0, 1:0:1:0:1, 1:0:0:0:0, 0:0:0:0:0, 0:0:0:0:0, 0:0:0:0:0, 0:0:0:0:0, 0:0:0:0:0, 0:0:0:0:0, 1:0:0:0:0, 0:0:0:0:0, 1:0:0:0:0, 1:0:0:0:0, 1:0:1:0:1, 1:0:0:0:0, 0:0:0:0:0, 0:0:0:0:0, 0:0:0:0:0, 0:0:0:0:0, 0:0:0:0:0, 0:0:0:0:0, 2:0:0:0:0, 0:0:0:0:0, 1:0:0:0:0, 0:0:0:0:0, 0:0:0:0:0, 1:0:0:0:0, 2:0:0:0:0, 3:0:0:0:0, 0:0:0:0:0, 1:1:0:0:1, 0:0:0:0:0, 0:0:0:0:0, 1:0:0:0:0, 2:0:0:0:0, 2:0:0:0:0, 1:0:0:0:0, 2:0:0:0:0, 0:0:0:0:0, 0:0:0:0:0, 0:0:0:0:0, 3:1:0:0:1, 2:1:0:0:1, 0:0:0:0:0, 0:0:0:0:0, 1:0:0:0:0, 3:0:1:0:1, 1:0:0:0:0, 1:0:0:0:0, 1:0:0:0:0, 2:0:0:0:0, 1:0:0:0:0, 2:1:0:0:1, 0:0:0:0:0, 4:0:0:0:0, 2:0:0:0:0, 0:0:0:0:0, 0:0:0:0:0, 51:4:3:0:7
G mixolydian (1#), 2:0:0:0:1, 1:0:0:0:0, 3:1:0:0:1, 2:0:0:0:1, 2:0:0:0:1, 3:1:0:0:1, 1:0:0:0:1, 1:0:0:0:1, 1:0:0:0:0, 2:0:0:0:1, 0:0:0:0:0, 2:1:0:0:0, 2:0:0:0:1, 1:0:0:0:0, 3:1:0:0:1, 2:0:0:0:1, 2:0:0:0:1, 3:1:0:0:1, 1:0:0:0:1, 1:0:0:0:1, 1:0:0:0:0, 2:0:0:0:1, 0:0:0:0:0, 2:1:0:0:0, 2:1:0:0:1, 2:1:0:0:0, 3:1:0:0:1, 2:0:0:0:1, 2:0:0:0:1, 2:0:0:0:0, 3:1:0:0:0, 3:1:0:0:1, 2:1:0:0:0, 1:0:0:0:1, 0:0:0:0:0, 1:0:0:0:0, 1:0:0:0:0, 1:0:0:0:1, 3:1:0:0:1, 2:1:0:0:0, 2:1:0:0:0, 1:0:0:0:0, 0:0:0:0:0, 1:0:0:0:1, 5:2:0:0:2, 4:2:0:0:0, 1:1:0:0:0, 2:0:0:0:1, 3:0:0:0:1, 4:2:0:0:1, 1:0:0:0:1, 2:0:0:0:1, 3:0:0:0:2, 2:0:0:0:0, 1:0:0:0:1, 2:2:0:0:1, 1:0:0:0:1, 3:2:0:0:2, 2:1:0:0:1, 0:0:0:0:0, 1:0:0:0:0, 111:27:0:0:40
F aeolian (1b), 1:0:0:0:0, 0:0:0:0:0, 1:0:0:0:0, 1:0:0:0:0, 1:0:1:0:1, 1:0:0:0:0, 0:0:0:0:0, 0:0:0:0:0, 0:0:0:0:0, 0:0:0:0:0, 0:0:0:0:0, 0:0:0:0:0, 1:0:0:0:0, 0:0:0:0:0, 1:0:0:0:0, 1:0:0:0:0, 1:0:1:0:1, 1:0:0:0:0, 0:0:0:0:0, 0:0:0:0:0, 0:0:0:0:0, 0:0:0:0:0, 0:0:0:0:0, 0:0:0:0:0, 2:0:0:0:0, 0:0:0:0:0, 1:0:0:0:0, 0:0:0:0:0, 0:0:0:0:0, 1:0:0:0:0, 2:0:0:0:0, 3:0:0:0:0, 0:0:0:0:0, 1:1:0:0:1, 0:0:0:0:0, 0:0:0:0:0, 1:0:0:0:0, 2:0:0:0:0, 2:0:0:0:0, 1:0:0:0:0, 2:0:0:0:0, 0:0:0:0:0, 0:0:0:0:0, 0:0:0:0:0, 3:1:0:0:1, 2:1:0:0:1, 0:0:0:0:0, 0:0:0:0:0, 1:0:0:0:0, 3:0:1:0:1, 1:0:0:0:0, 1:0:0:0:0, 1:0:0:0:0, 2:0:0:0:0, 1:0:0:0:0, 2:1:0:0:1, 0:0:0:0:0, 4:0:0:0:0, 2:0:0:0:0, 0:0:0:0:0, 0:0:0:0:0, 51:4:3:0:7
G aeolian (1#), 2:0:0:0:1, 1:0:0:0:0, 3:1:0:0:1, 2:0:0:0:1, 2:0:0:0:1, 3:1:0:0:1, 1:0:0:0:1, 1:0:0:0:1, 1:0:0:0:0, 2:0:0:0:1, 0:0:0:0:0, 2:1:0:0:0, 2:0:0:0:1, 1:0:0:0:0, 3:1:0:0:1, 2:0:0:0:1, 2:0:0:0:1, 3:1:0:0:1, 1:0:0:0:1, 1:0:0:0:1, 1:0:0:0:0, 2:0:0:0:1, 0:0:0:0:0, 2:1:0:0:0, 2:1:0:0:1, 2:1:0:0:0, 3:1:0:0:1, 2:0:0:0:1, 2:0:0:0:1, 2:0:0:0:0, 3:1:0:0:0, 3:1:0:0:1, 2:1:0:0:0, 1:0:0:0:1, 0:0:0:0:0, 1:0:0:0:0, 1:0:0:0:0, 1:0:0:0:1, 3:1:0:0:1, 2:1:0:0:0, 2:1:0:0:0, 1:0:0:0:0, 0:0:0:0:0, 1:0:0:0:1, 5:2:0:0:2, 4:2:0:0:0, 1:1:0:0:0, 2:0:0:0:1, 3:0:0:0:1, 4:2:0:0:1, 1:0:0:0:1, 2:0:0:0:1, 3:0:0:0:2, 2:0:0:0:0, 1:0:0:0:1, 2:2:0:0:1, 1:0:0:0:1, 3:2:0:0:2, 2:1:0:0:1, 0:0:0:0:0, 1:0:0:0:0, 111:27:0:0:40
F locrian (1b), 1:0:0:0:0, 0:0:0:0:0, 1:0:0:0:0, 1:0:0:0:0, 1:0:1:0:1, 1:0:0:0:0, 0:0:0:0:0, 0:0:0:0:0, 0:0:0:0:0, 0:0:0:0:0, 0:0:0:0:0, 0:0:0:0:0, 1:0:0:0:0, 0:0:0:0:0, 1:0:0:0:0, 1:0:0:0:0, 1:0:1:0:1, 1:0:0:0:0, 0:0:0:0:0, 0:0:0:0:0, 0:0:0:0:0, 0:0:0:0:0, 0:0:0:0:0, 0:0:0:0:0, 2:0:0:0:0, 0:0:0:0:0, 1:0:0:0:0, 0:0:0:0:0, 0:0:0:0:0, 1:0:0:0:0, 2:0:0:0:0, 3:0:0:0:0, 0:0:0:0:0, 1:1:0:0:1, 0:0:0:0:0, 0:0:0:0:0, 1:0:0:0:0, 2:0:0:0:0, 2:0:0:0:0, 1:0:0:0:0, 2:0:0:0:0, 0:0:0:0:0, 0:0:0:0:0, 0:0:0:0:0, 3:1:0:0:1, 2:1:0:0:1, 0:0:0:0:0, 0:0:0:0:0, 1:0:0:0:0, 3:0:1:0:1, 1:0:0:0:0, 1:0:0:0:0, 1:0:0:0:0, 2:0:0:0:0, 1:0:0:0:0, 2:1:0:0:1, 0:0:0:0:0, 4:0:0:0:0, 2:0:0:0:0, 0:0:0:0:0, 0:0:0:0:0, 51:4:3:0:7
G locrian (1#), 2:0:0:0:1, 1:0:0:0:0, 3:1:0:0:1, 2:0:0:0:1, 2:0:0:0:1, 3:1:0:0:1, 1:0:0:0:1, 1:0:0:0:1, 1:0:0:0:0, 2:0:0:0:1, 0:0:0:0:0, 2:1:0:0:0, 2:0:0:0:1, 1:0:0:0:0, 3:1:0:0:1, 2:0:0:0:1, 2:0:0:0:1, 3:1:0:0:1, 1:0:0:0:1, 1:0:0:0:1, 1:0:0:0:0, 2:0:0:0:1, 0:0:0:0:0, 2:1:0:0:0, 2:1:0:0:1, 2:1:0:0:0, 3:1:0:0:1, 2:0:0:0:1, 2:0:0:0:1, 2:0:0:0:0, 3:1:0:0:0, 3:1:0:0:1, 2:1:0:0:0, 1:0:0:0:1, 0:0:0:0:0, 1:0:0:0:0, 1:0:0:0:0, 1:0:0:0:1, 3:1:0:0:1, 2:1:0:0:0, 2:1:0:0:0, 1:0:0:0:0, 0:0:0:0:0, 1:0:0:0:1, 5:2:0:0:2, 4:2:0:0:0, 1:1:0:0:0, 2:0:0:0:1, 3:0:0:0:1, 4:2:0:0:1, 1:0:0:0:1, 2:0:0:0:1, 3:0:0:0:2, 2:0:0:0:0, 1:0:0:0:1, 2:2:0:0:1, 1:0:0:0:1, 3:2:0:0:2, 2:1:0:0:1, 0:0:0:0:0, 1:0:0:0:0, 111:27:0:0:40
Bb major (2b), 2:0:0:0:0, 1:0:0:0:0, 0:0:0:0:0, 1:0:0:0:0, 1:0:1:0:0, 1:0:0:0:0, 0:0:0:0:0, 0:0:0:0:0, 1:0:0:0:0, 1:0:0:0:0, 0:0:0:0:0, 0:0:0:0:0, 2:0:0:0:0, 1:0:0:0:0, 0:0:0:0:0, 1:0:0:0:0, 1:0:1:0:0, 1:0:0:0:0, 0:0:0:0:0, 0:0:0:0:0, 1:0:0:0:0, 1:0:0:0:0, 0:0:0:0:0, 0:0:0:0:0, 2:0:0:0:1, 1:0:0:0:0, 0:0:0:0:0, 0:0:0:0:0, 0:0:0:0:0, 1:0:0:0:0, 3:0:0:0:0, 2:0:0:0:0, 0:0:0:0:0, 1:1:0:0:1, 0:0:0:0:0, 1:0:0:0:0, 1:0:0:0:1, 2:0:0:0:1, 2:0:0:0:0, 2:0:0:0:0, 3:0:0:0:1, 1:0:0:0:0, 0:0:0:0:0, 0:0:0:0:0, 3:0:0:0:0, 3:1:0:0:1, 1:0:0:0:0, 1:0:0:0:0, 1:0:0:0:1, 2:0:1:0:0, 0:0:0:0:0, 0:0:0:0:0, 1:0:0:0:0, 2:0:0:0:1, 1:0:1:0:1, 2:1:0:0:1, 0:0:0:0:0, 3:0:0:0:1, 2:0:0:0:1, 0:0:0:0:0, 0:0:0:0:0, 60:3:4:0:12
D major (2#), 3:0:0:0:0, 2:0:0:0:0, 3:1:0:0:1, 1:0:0:0:1, 2:0:0:0:1, 3:1:0:0:2, 2:0:0:0:1, 2:0:0:0:1, 2:0:0:0:0, 3:0:0:0:1, 1:0:0:0:0, 2:1:0:0:0, 3:0:0:0:0, 2:0:0:0:0, 3:1:0:0:1, 1:0:0:0:1, 2:0:0:0:1, 3:1:0:0:2, 2:0:0:0:1, 2:0:0:0:1, 2:0:0:0:0, 3:0:0:0:1, 1:0:0:0:0, 2:1:0:0:0, 2:0:0:0:0, 3:1:0:0:0, 4:1:0:0:1, 2:0:0:0:1, 2:0:0:0:1, 1:0:0:0:0, 3:1:1:0:1, 4:1:0:0:1, 2:1:0:0:0, 2:0:0:0:0, 1:0:0:0:0, 1:0:0:0:0, 2:0:0:0:0, 2:0:0:0:1, 4:1:0:0:0, 3:1:0:0:0, 2:1:0:0:1, 2:0:0:0:0, 0:0:0:0:0, 1:0:0:0:1, 5:1:1:0:2, 5:2:0:0:1, 2:1:0:0:0, 3:0:0:0:1, 4:0:0:0:1, 4:2:0:0:2, 2:0:0:0:1, 2:0:0:0:1, 4:0:0:0:1, 1:0:0:0:0, 2:0:0:0:1, 2:1:0:0:0, 2:0:0:0:1, 3:0:0:0:2, 2:0:0:0:0, 1:0:0:0:0, 1:0:0:0:0, 140:21:2:0:38
G minor (2b), 2:0:0:0:0, 1:0:0:0:0, 0:0:0:0:0, 1:0:0:0:0, 1:0:1:0:0, 1:0:0:0:0, 0:0:0:0:0, 0:0:0:0:0, 1:0:0:0:0, 1:0:0:0:0, 0:0:0:0:0, 0:0:0:0:0, 2:0:0:0:0, 1:0:0:0:0, 0:0:0:0:0, 1:0:0:0:0, 1:0:1:0:0, 1:0:0:0:0, 0:0:0:0:0, 0:0:0:0:0, 1:0:0:0:0, 1:0:0:0:0, 0:0:0:0:0, 0:0:0:0:0, 2:0:0:0:1, 1:0:0:0:0, 0:0:0:0:0, 0:0:0:0:0, 0:0:0:0:0, 1:0:0:0:0, 3:0:0:0:0, 2:0:0:0:0, 0:0:0:0:0, 1:1:0:0:1, 0:0:0:0:0, 1:0:0:0:0, 1:0:0:0:1, 2:0:0:0:1, 2:0:0:0:0, 2:0:0:0:0, 3:0:0:0:1, 1:0:0:0:0, 0:0:0:0:0, 0:0:0:0:0, 3:0:0:0:0, 3:1:0:0:1, 1:0:0:0:0, 1:0:0:0:0, 1:0:0:0:1, 2:0:1:0:0, 0:0:0:0:0, 0:0:0:0:0, 1:0:0:0:0, 2:0:0:0:1, 1:0:1:0:1, 2:1:0:0:1, 0:0:0:0:0, 3:0:0:0:1, 2:0:0:0:1, 0:0:0:0:0, 0:0:0:0:0, 60:3:4:0:12
B minor (2#), 3:0:0:0:0, 2:0:0:0:0, 3:1:0:0:1, 1:0:0:0:1, 2:0:0:0:1, 3:1:0:0:2, 2:0:0:0:1, 2:0:0:0:1, 2:0:0:0:0, 3:0:0:0:1, 1:0:0:0:0, 2:1:0:0:0, 3:0:0:0:0, 2:0:0:0:0, 3:1:0:0:1, 1:0:0:0:1, 2:0:0:0:1, 3:1:0:0:2, 2:0:0:0:1, 2:0:0:0:1, 2:0:0:0:0, 3:0:0:0:1, 1:0:0:0:0, 2:1:0:0:0, 2:0:0:0:0, 3:1:0:0:0, 4:1:0:0:1, 2:0:0:0:1, 2:0:0:0:1, 1:0:0:0:0, 3:1:1:0:1, 4:1:0:0:1, 2:1:0:0:0, 2:0:0:0:0, 1:0:0:0:0, 1:0:0:0:0, 2:0:0:0:0, 2:0:0:0:1, 4:1:0:0:0, 3:1:0:0:0, 2:1:0:0:1, 2:0:0:0:0, 0:0:0:0:0, 1:0:0:0:1, 5:1:1:0:2, 5:2:0:0:1, 2:1:0:0:0, 3:0:0:0:1, 4:0:0:0:1, 4:2:0:0:2, 2:0:0:0:1, 2:0:0:0:1, 4:0:0:0:1, 1:0:0:0:0, 2:0:0:0:1, 2:1:0:0:0, 2:0:0:0:1, 3:0:0:0:2, 2:0:0:0:0, 1:0:0:0:0, 1:0:0:0:0, 140:21:2:0:38
G minor mel (2b), 2:0:0:0:0, 1:0:0:0:0, 0:0:0:0:0, 1:0:0:0:0, 1:0:1:0:0, 1:0:0:0:0, 0:0:0:0:0, 0:0:0:0:0, 1:0:0:0:0, 1:0:0:0:0, 0:0:0:0:0, 0:0:0:0:0, 2:0:0:0:0, 1:0:0:0:0, 0:0:0:0:0, 1:0:0:0:0, 1:0:1:0:0, 1:0:0:0:0, 0:0:0:0:0, 0:0:0:0:0, 1:0:0:0:0, 1:0:0:0:0, 0:0:0:0:0, 0:0:0:0:0, 2:0:0:0:1, 1:0:0:0:0, 0:0:0:0:0, 0:0:0:0:0, 0:0:0:0:0, 1:0:0:0:0, 3:0:0:0:0, 2:0:0:0:0, 0:0:0:0:0, 1:1:0:0:1, 0:0:0:0:0, 1:0:0:0:0, 1:0:0:0:1, 2:0:0:0:1, 2:0:0:0:0, 2:0:0:0:0, 3:0:0:0:1, 1:0:0:0:0, 0:0:0:0:0, 0:0:0:0:0, 3:0:0:0:0, 3:1:0:0:1, 1:0:0:0:0, 1:0:0:0:0, 1:0:0:0:1, 2:0:1:0:0, 0:0:0:0:0, 0:0:0:0:0, 1:0:0:0:0, 2:0:0:0:1, 1:0:1:0:1, 2:1:0:0:1, 0:0:0:0:0, 3:0:0:0:1, 2:0:0:0:1, 0:0:0:0:0, 0:0:0:0:0, 60:3:4:0:12
B minor mel (2#), 3:0:0:0:0, 2:0:0:0:0, 3:1:0:0:1, 1:0:0:0:1, 2:0:0:0:1, 3:1:0:0:2, 2:0:0:0:1, 2:0:0:0:1, 2:0:0:0:0, 3:0:0:0:1, 1:0:0:0:0, 2:1:0:0:0, 3:0:0:0:0, 2:0:0:0:0, 3:1:0:0:1, 1:0:0:0:1, 2:0:0:0:1, 3:1:0:0:2, 2:0:0:0:1, 2:0:0:0:1, 2:0:0:0:0, 3:0:0:0:1, 1:0:0:0:0, 2:1:0:0:0, 2:0:0:0:0, 3:1:0:0:0, 4:1:0:0:1, 2:0:0:0:1, 2:0:0:0:1, 1:0:0:0:0, 3:1:1:0:1, 4:1:0:0:1, 2:1:0:0:0, 2:0:0:0:0, 1:0:0:0:0, 1:0:0:0:0, 2:0:0:0:0, 2:0:0:0:1, 4:1:0:0:0, 3:1:0:0:0, 2:1:0:0:1, 2:0:0:0:0, 0:0:0:0:0, 1:0:0:0:1, 5:1:1:0:2, 5:2:0:0:1, 2:1:0:0:0, 3:0:0:0:1, 4:0:0:0:1, 4:2:0:0:2, 2:0:0:0:1, 2:0:0:0:1, 4:0:0:0:1, 1:0:0:0:0, 2:0:0:0:1, 2:1:0:0:0, 2:0:0:0:1, 3:0:0:0:2, 2:0:0:0:0, 1:0:0:0:0, 1:0:0:0:0, 140:21:2:0:38
Bb major blues (2b), 2:0:0:0:0, 1:0:0:0:0, 0:0:0:0:0, 1:0:0:0:0, 1:0:1:0:0, 1:0:0:0:0, 0:0:0:0:0, 0:0:0:0:0, 1:0:0:0:0, 1:0:0:0:0, 0:0:0:0:0, 0:0:0:0:0, 2:0:0:0:0, 1:0:0:0:0, 0:0:0:0:0, 1:0:0:0:0, 1:0:1:0:0, 1:0:0:0:0, 0:0:0:0:0, 0:0:0:0:0, 1:0:0:0:0, 1:0:0:0:0, 0:0:0:0:0, 0:0:0:0:0, 2:0:0:0:1, 1:0:0:0:0, 0:0:0:0:0, 0:0:0:0:0, 0:0:0:0:0, 1:0:0:0:0, 3:0:0:0:0, 2:0:0:0:0, 0:0:0:0:0, 1:1:0:0:1, 0:0:0:0:0, 1:0:0:0:0, 1:0:0:0:1, 2:0:0:0:1, 2:0:0:0:0, 2:0:0:0:0, 3:0:0:0:1, 1:0:0:0:0, 0:0:0:0:0, 0:0:0:0:0, 3:0:0:0:0, 3:1:0:0:1, 1:0:0:0:0, 1:0:0:0:0, 1:0:0:0:1, 2:0:1:0:0, 0:0:0:0:0, 0:0:0:0:0, 1:0:0:0:0, 2:0:0:0:1, 1:0:1:0:1, 2:1:0:0:1, 0:0:0:0:0, 3:0:0:0:1, 2:0:0:0:1, 0:0:0:0:0, 0:0:0:0:0, 60:3:4:0:12
D major blues (2#), 3:0:0:0:0, 2:0:0:0:0, 3:1:0:0:1, 1:0:0:0:1, 2:0:0:0:1, 3:1:0:0:2, 2:0:0:0:1, 2:0:0:0:1, 2:0:0:0:0, 3:0:0:0:1, 1:0:0:0:0, 2:1:0:0:0, 3:0:0:0:0, 2:0:0:0:0, 3:1:0:0:1, 1:0:0:0:1, 2:0:0:0:1, 3:1:0:0:2, 2:0:0:0:1, 2:0:0:0:1, 2:0:0:0:0, 3:0:0:0:1, 1:0:0:0:0, 2:1:0:0:0, 2:0:0:0:0, 3:1:0:0:0, 4:1:0:0:1, 2:0:0:0:1, 2:0:0:0:1, 1:0:0:0:0, 3:1:1:0:1, 4:1:0:0:1, 2:1:0:0:0, 2:0:0:0:0, 1:0:0:0:0, 1:0:0:0:0, 2:0:0:0:0, 2:0:0:0:1, 4:1:0:0:0, 3:1:0:0:0, 2:1:0:0:1, 2:0:0:0:0, 0:0:0:0:0, 1:0:0:0:1, 5:1:1:0:2, 5:2:0:0:1, 2:1:0:0:0, 3:0:0:0:1, 4:0:0:0:1, 4:2:0:0:2, 2:0:0:0:1, 2:0:0:0:1, 4:0:0:0:1, 1:0:0:0:0, 2:0:0:0:1, 2:1:0:0:0, 2:0:0:0:1, 3:0:0:0:2, 2:0:0:0:0, 1:0:0:0:0, 1:0:0:0:0, 140:21:2:0:38
G minor blues (2b), 2:0:0:0:0, 1:0:0:0:0, 0:0:0:0:0, 1:0:0:0:0, 1:0:1:0:0, 1:0:0:0:0, 0:0:0:0:0, 0:0:0:0:0, 1:0:0:0:0, 1:0:0:0:0, 0:0:0:0:0, 0:0:0:0:0, 2:0:0:0:0, 1:0:0:0:0, 0:0:0:0:0, 1:0:0:0:0, 1:0:1:0:0, 1:0:0:0:0, 0:0:0:0:0, 0:0:0:0:0, 1:0:0:0:0, 1:0:0:0:0, 0:0:0:0:0, 0:0:0:0:0, 2:0:0:0:1, 1:0:0:0:0, 0:0:0:0:0, 0:0:0:0:0, 0:0:0:0:0, 1:0:0:0:0, 3:0:0:0:0, 2:0:0:0:0, 0:0:0:0:0, 1:1:0:0:1, 0:0:0:0:0, 1:0:0:0:0, 1:0:0:0:1, 2:0:0:0:1, 2:0:0:0:0, 2:0:0:0:0, 3:0:0:0:1, 1:0:0:0:0, 0:0:0:0:0, 0:0:0:0:0, 3:0:0:0:0, 3:1:0:0:1, 1:0:0:0:0, 1:0:0:0:0, 1:0:0:0:1, 2:0:1:0:0, 0:0:0:0:0, 0:0:0:0:0, 1:0:0:0:0, 2:0:0:0:1, 1:0:1:0:1, 2:1:0:0:1, 0:0:0:0:0, 3:0:0:0:1, 2:0:0:0:1, 0:0:0:0:0, 0:0:0:0:0, 60:3:4:0:12
B minor blues (2#), 3:0:0:0:0, 2:0:0:0:0, 3:1:0:0:1, 1:0:0:0:1, 2:0:0:0:1, 3:1:0:0:2, 2:0:0:0:1, 2:0:0:0:1, 2:0:0:0:0, 3:0:0:0:1, 1:0:0:0:0, 2:1:0:0:0, 3:0:0:0:0, 2:0:0:0:0, 3:1:0:0:1, 1:0:0:0:1, 2:0:0:0:1, 3:1:0:0:2, 2:0:0:0:1, 2:0:0:0:1, 2:0:0:0:0, 3:0:0:0:1, 1:0:0:0:0, 2:1:0:0:0, 2:0:0:0:0, 3:1:0:0:0, 4:1:0:0:1, 2:0:0:0:1, 2:0:0:0:1, 1:0:0:0:0, 3:1:1:0:1, 4:1:0:0:1, 2:1:0:0:0, 2:0:0:0:0, 1:0:0:0:0, 1:0:0:0:0, 2:0:0:0:0, 2:0:0:0:1, 4:1:0:0:0, 3:1:0:0:0, 2:1:0:0:1, 2:0:0:0:0, 0:0:0:0:0, 1:0:0:0:1, 5:1:1:0:2, 5:2:0:0:1, 2:1:0:0:0, 3:0:0:0:1, 4:0:0:0:1, 4:2:0:0:2, 2:0:0:0:1, 2:0:0:0:1, 4:0:0:0:1, 1:0:0:0:0, 2:0:0:0:1, 2:1:0:0:0, 2:0:0:0:1, 3:0:0:0:2, 2:0:0:0:0, 1:0:0:0:0, 1:0:0:0:0, 140:21:2:0:38
Bb dorian (2b), 2:0:0:0:0, 1:0:0:0:0, 0:0:0:0:0, 1:0:0:0:0, 1:0:1:0:0, 1:0:0:0:0, 0:0:0:0:0, 0:0:0:0:0, 1:0:0:0:0, 1:0:0:0:0, 0:0:0:0:0, 0:0:0:0:0, 2:0:0:0:0, 1:0:0:0:0, 0:0:0:0:0, 1:0:0:0:0, 1:0:1:0:0, 1:0:0:0:0, 0:0:0:0:0, 0:0:0:0:0, 1:0:0:0:0, 1:0:0:0:0, 0:0:0:0:0, 0:0:0:0:0, 2:0:0:0:1, 1:0:0:0:0, 0:0:0:0:0, 0:0:0:0:0, 0:0:0:0:0, 1:0:0:0:0, 3:0:0:0:0, 2:0:0:0:0, 0:0:0:0:0, 1:1:0:0:1, 0:0:0:0:0, 1:0:0:0:0, 1:0:0:0:1, 2:0:0:0:1, 2:0:0:0:0, 2:0:0:0:0, 3:0:0:0:1, 1:0:0:0:0, 0:0:0:0:0, 0:0:0:0:0, 3:0:0:0:0, 3:1:0:0:1, 1:0:0:0:0, 1:0:0:0:0, 1:0:0:0:1, 2:0:1:0:0, 0:0:0:0:0, 0:0:0:0:0, 1:0:0:0:0, 2:0:0:0:1, 1:0:1:0:1, 2:1:0:0:1, 0:0:0:0:0, 3:0:0:0:1, 2:0:0:0:1, 0:0:0:0:0, 0:0:0:0:0, 60:3:4:0:12
D dorian (2#), 3:0:0:0:0, 2:0:0:0:0, 3:1:0:0:1, 1:0:0:0:1, 2:0:0:0:1, 3:1:0:0:2, 2:0:0:0:1, 2:0:0:0:1, 2:0:0:0:0, 3:0:0:0:1, 1:0:0:0:0, 2:1:0:0:0, 3:0:0:0:0, 2:0:0:0:0, 3:1:0:0:1, 1:0:0:0:1, 2:0:0:0:1, 3:1:0:0:2, 2:0:0:0:1, 2:0:0:0:1, 2:0:0:0:0, 3:0:0:0:1, 1:0:0:0:0, 2:1:0:0:0, 2:0:0:0:0, 3:1:0:0:0, 4:1:0:0:1, 2:0:0:0:1, 2:0:0:0:1, 1:0:0:0:0, 3:1:1:0:1, 4:1:0:0:1, 2:1:0:0:0, 2:0:0:0:0, 1:0:0:0:0, 1:0:0:0:0, 2:0:0:0:0, 2:0:0:0:1, 4:1:0:0:0, 3:1:0:0:0, 2:1:0:0:1, 2:0:0:0:0, 0:0:0:0:0, 1:0:0:0:1, 5:1:1:0:2, 5:2:0:0:1, 2:1:0:0:0, 3:0:0:0:1, 4:0:0:0:1, 4:2:0:0:2, 2:0:0:0:1, 2:0:0:0:1, 4:0:0:0:1, 1:0:0:0:0, 2:0:0:0:1, 2:1:0:0:0, 2:0:0:0:1, 3:0:0:0:2, 2:0:0:0:0, 1:0:0:0:0, 1:0:0:0:0, 140:21:2:0:38
Bb phrygian (2b), 2:0:0:0:0, 1:0:0:0:0, 0:0:0:0:0, 1:0:0:0:0, 1:0:1:0:0, 1:0:0:0:0, 0:0:0:0:0, 0:0:0:0:0, 1:0:0:0:0, 1:0:0:0:0, 0:0:0:0:0, 0:0:0:0:0, 2:0:0:0:0, 1:0:0:0:0, 0:0:0:0:0, 1:0:0:0:0, 1:0:1:0:0, 1:0:0:0:0, 0:0:0:0:0, 0:0:0:0:0, 1:0:0:0:0, 1:0:0:0:0, 0:0:0:0:0, 0:0:0:0:0, 2:0:0:0:1, 1:0:0:0:0, 0:0:0:0:0, 0:0:0:0:0, 0:0:0:0:0, 1:0:0:0:0, 3:0:0:0:0, 2:0:0:0:0, 0:0:0:0:0, 1:1:0:0:1, 0:0:0:0:0, 1:0:0:0:0, 1:0:0:0:1, 2:0:0:0:1, 2:0:0:0:0, 2:0:0:0:0, 3:0:0:0:1, 1:0:0:0:0, 0:0:0:0:0, 0:0:0:0:0, 3:0:0:0:0, 3:1:0:0:1, 1:0:0:0:0, 1:0:0:0:0, 1:0:0:0:1, 2:0:1:0:0, 0:0:0:0:0, 0:0:0:0:0, 1:0:0:0:0, 2:0:0:0:1, 1:0:1:0:1, 2:1:0:0:1, 0:0:0:0:0, 3:0:0:0:1, 2:0:0:0:1, 0:0:0:0:0, 0:0:0:0:0, 60:3:4:0:12
D phrygian (2#), 3:0:0:0:0, 2:0:0:0:0, 3:1:0:0:1, 1:0:0:0:1, 2:0:0:0:1, 3:1:0:0:2, 2:0:0:0:1, 2:0:0:0:1, 2:0:0:0:0, 3:0:0:0:1, 1:0:0:0:0, 2:1:0:0:0, 3:0:0:0:0, 2:0:0:0:0, 3:1:0:0:1, 1:0:0:0:1, 2:0:0:0:1, 3:1:0:0:2, 2:0:0:0:1, 2:0:0:0:1, 2:0:0:0:0, 3:0:0:0:1, 1:0:0:0:0, 2:1:0:0:0, 2:0:0:0:0, 3:1:0:0:0, 4:1:0:0:1, 2:0:0:0:1, 2:0:0:0:1, 1:0:0:0:0, 3:1:1:0:1, 4:1:0:0:1, 2:1:0:0:0, 2:0:0:0:0, 1:0:0:0:0, 1:0:0:0:0, 2:0:0:0:0, 2:0:0:0:1, 4:1:0:0:0, 3:1:0:0:0, 2:1:0:0:1, 2:0:0:0:0, 0:0:0:0:0, 1:0:0:0:1, 5:1:1:0:2, 5:2:0:0:1, 2:1:0:0:0, 3:0:0:0:1, 4:0:0:0:1, 4:2:0:0:2, 2:0:0:0:1, 2:0:0:0:1, 4:0:0:0:1, 1:0:0:0:0, 2:0:0:0:1, 2:1:0:0:0, 2:0:0:0:1, 3:0:0:0:2, 2:0:0:0:0, 1:0:0:0:0, 1:0:0:0:0, 140:21:2:0:38
Bb lydian (2b), 2:0:0:0:0, 1:0:0:0:0, 0:0:0:0:0, 1:0:0:0:0, 1:0:1:0:0, 1:0:0:0:0, 0:0:0:0:0, 0:0:0:0:0, 1:0:0:0:0, 1:0:0:0:0, 0:0:0:0:0, 0:0:0:0:0, 2:0:0:0:0, 1:0:0:0:0, 0:0:0:0:0, 1:0:0:0:0, 1:0:1:0:0, 1:0:0:0:0, 0:0:0:0:0, 0:0:0:0:0, 1:0:0:0:0, 1:0:0:0:0, 0:0:0:0:0, 0:0:0:0:0, 2:0:0:0:1, 1:0:0:0:0, 0:0:0:0:0, 0:0:0:0:0, 0:0:0:0:0, 1:0:0:0:0, 3:0:0:0:0, 2:0:0:0:0, 0:0:0:0:0, 1:1:0:0:1, 0:0:0:0:0, 1:0:0:0:0, 1:0:0:0:1, 2:0:0:0:1, 2:0:0:0:0, 2:0:0:0:0, 3:0:0:0:1, 1:0:0:0:0, 0:0:0:0:0, 0:0:0:0:0, 3:0:0:0:0, 3:1:0:0:1, 1:0:0:0:0, 1:0:0:0:0, 1:0:0:0:1, 2:0:1:0:0, 0:0:0:0:0, 0:0:0:0:0, 1:0:0:0:0, 2:0:0:0:1, 1:0:1:0:1, 2:1:0:0:1, 0:0:0:0:0, 3:0:0:0:1, 2:0:0:0:1, 0:0:0:0:0, 0:0:0:0:0, 60:3:4:0:12
D lydian (2#), 3:0:0:0:0, 2:0:0:0:0, 3:1:0:0:1, 1:0:0:0:1, 2:0:0:0:1, 3:1:0:0:2, 2:0:0:0:1, 2:0:0:0:1, 2:0:0:0:0, 3:0:0:0:1, 1:0:0:0:0, 2:1:0:0:0, 3:0:0:0:0, 2:0:0:0:0, 3:1:0:0:1, 1:0:0:0:1, 2:0:0:0:1, 3:1:0:0:2, 2:0:0:0:1, 2:0:0:0:1, 2:0:0:0:0, 3:0:0:0:1, 1:0:0:0:0, 2:1:0:0:0, 2:0:0:0:0, 3:1:0:0:0, 4:1:0:0:1, 2:0:0:0:1, 2:0:0:0:1, 1:0:0:0:0, 3:1:1:0:1, 4:1:0:0:1, 2:1:0:0:0, 2:0:0:0:0, 1:0:0:0:0, 1:0:0:0:0, 2:0:0:0:0, 2:0:0:0:1, 4:1:0:0:0, 3:1:0:0:0, 2:1:0:0:1, 2:0:0:0:0, 0:0:0:0:0, 1:0:0:0:1, 5:1:1:0:2, 5:2:0:0:1, 2:1:0:0:0, 3:0:0:0:1, 4:0:0:0:1, 4:2:0:0:2, 2:0:0:0:1, 2:0:0:0:1, 4:0:0:0:1, 1:0:0:0:0, 2:0:0:0:1, 2:1:0:0:0, 2:0:0:0:1, 3:0:0:0:2, 2:0:0:0:0, 1:0:0:0:0, 1:0:0:0:0, 140:21:2:0:38
Bb mixolydian (2b), 2:0:0:0:0, 1:0:0:0:0, 0:0:0:0:0, 1:0:0:0:0, 1:0:1:0:0, 1:0:0:0:0, 0:0:0:0:0, 0:0:0:0:0, 1:0:0:0:0, 1:0:0:0:0, 0:0:0:0:0, 0:0:0:0:0, 2:0:0:0:0, 1:0:0:0:0, 0:0:0:0:0, 1:0:0:0:0, 1:0:1:0:0, 1:0:0:0:0, 0:0:0:0:0, 0:0:0:0:0, 1:0:0:0:0, 1:0:0:0:0, 0:0:0:0:0, 0:0:0:0:0, 2:0:0:0:1, 1:0:0:0:0, 0:0:0:0:0, 0:0:0:0:0, 0:0:0:0:0, 1:0:0:0:0, 3:0:0:0:0, 2:0:0:0:0, 0:0:0:0:0, 1:1:0:0:1, 0:0:0:0:0, 1:0:0:0:0, 1:0:0:0:1, 2:0:0:0:1, 2:0:0:0:0, 2:0:0:0:0, 3:0:0:0:1, 1:0:0:0:0, 0:0:0:0:0, 0:0:0:0:0, 3:0:0:0:0, 3:1:0:0:1, 1:0:0:0:0, 1:0:0:0:0, 1:0:0:0:1, 2:0:1:0:0, 0:0:0:0:0, 0:0:0:0:0, 1:0:0:0:0, 2:0:0:0:1, 1:0:1:0:1, 2:1:0:0:1, 0:0:0:0:0, 3:0:0:0:1, 2:0:0:0:1, 0:0:0:0:0, 0:0:0:0:0, 60:3:4:0:12
D mixolydian (2#), 3:0:0:0:0, 2:0:0:0:0, 3:1:0:0:1, 1:0:0:0:1, 2:0:0:0:1, 3:1:0:0:2, 2:0:0:0:1, 2:0:0:0:1, 2:0:0:0:0, 3:0:0:0:1, 1:0:0:0:0, 2:1:0:0:0, 3:0:0:0:0, 2:0:0:0:0, 3:1:0:0:1, 1:0:0:0:1, 2:0:0:0:1, 3:1:0:0:2, 2:0:0:0:1, 2:0:0:0:1, 2:0:0:0:0, 3:0:0:0:1, 1:0:0:0:0, 2:1:0:0:0, 2:0:0:0:0, 3:1:0:0:0, 4:1:0:0:1, 2:0:0:0:1, 2:0:0:0:1, 1:0:0:0:0, 3:1:1:0:1, 4:1:0:0:1, 2:1:0:0:0, 2:0:0:0:0, 1:0:0:0:0, 1:0:0:0:0, 2:0:0:0:0, 2:0:0:0:1, 4:1:0:0:0, 3:1:0:0:0, 2:1:0:0:1, 2:0:0:0:0, 0:0:0:0:0, 1:0:0:0:1, 5:1:1:0:2, 5:2:0:0:1, 2:1:0:0:0, 3:0:0:0:1, 4:0:0:0:1, 4:2:0:0:2, 2:0:0:0:1, 2:0:0:0:1, 4:0:0:0:1, 1:0:0:0:0, 2:0:0:0:1, 2:1:0:0:0, 2:0:0:0:1, 3:0:0:0:2, 2:0:0:0:0, 1:0:0:0:0, 1:0:0:0:0, 140:21:2:0:38
Bb aeolian (2b), 2:0:0:0:0, 1:0:0:0:0, 0:0:0:0:0, 1:0:0:0:0, 1:0:1:0:0, 1:0:0:0:0, 0:0:0:0:0, 0:0:0:0:0, 1:0:0:0:0, 1:0:0:0:0, 0:0:0:0:0, 0:0:0:0:0, 2:0:0:0:0, 1:0:0:0:0, 0:0:0:0:0, 1:0:0:0:0, 1:0:1:0:0, 1:0:0:0:0, 0:0:0:0:0, 0:0:0:0:0, 1:0:0:0:0, 1:0:0:0:0, 0:0:0:0:0, 0:0:0:0:0, 2:0:0:0:1, 1:0:0:0:0, 0:0:0:0:0, 0:0:0:0:0, 0:0:0:0:0, 1:0:0:0:0, 3:0:0:0:0, 2:0:0:0:0, 0:0:0:0:0, 1:1:0:0:1, 0:0:0:0:0, 1:0:0:0:0, 1:0:0:0:1, 2:0:0:0:1, 2:0:0:0:0, 2:0:0:0:0, 3:0:0:0:1, 1:0:0:0:0, 0:0:0:0:0, 0:0:0:0:0, 3:0:0:0:0, 3:1:0:0:1, 1:0:0:0:0, 1:0:0:0:0, 1:0:0:0:1, 2:0:1:0:0, 0:0:0:0:0, 0:0:0:0:0, 1:0:0:0:0, 2:0:0:0:1, 1:0:1:0:1, 2:1:0:0:1, 0:0:0:0:0, 3:0:0:0:1, 2:0:0:0:1, 0:0:0:0:0, 0:0:0:0:0, 60:3:4:0:12
D aeolian (2#), 3:0:0:0:0, 2:0:0:0:0, 3:1:0:0:1, 1:0:0:0:1, 2:0:0:0:1, 3:1:0:0:2, 2:0:0:0:1, 2:0:0:0:1, 2:0:0:0:0, 3:0:0:0:1, 1:0:0:0:0, 2:1:0:0:0, 3:0:0:0:0, 2:0:0:0:0, 3:1:0:0:1, 1:0:0:0:1, 2:0:0:0:1, 3:1:0:0:2, 2:0:0:0:1, 2:0:0:0:1, 2:0:0:0:0, 3:0:0:0:1, 1:0:0:0:0, 2:1:0:0:0, 2:0:0:0:0, 3:1:0:0:0, 4:1:0:0:1, 2:0:0:0:1, 2:0:0:0:1, 1:0:0:0:0, 3:1:1:0:1, 4:1:0:0:1, 2:1:0:0:0, 2:0:0:0:0, 1:0:0:0:0, 1:0:0:0:0, 2:0:0:0:0, 2:0:0:0:1, 4:1:0:0:0, 3:1:0:0:0, 2:1:0:0:1, 2:0:0:0:0, 0:0:0:0:0, 1:0:0:0:1, 5:1:1:0:2, 5:2:0:0:1, 2:1:0:0:0, 3:0:0:0:1, 4:0:0:0:1, 4:2:0:0:2, 2:0:0:0:1, 2:0:0:0:1, 4:0:0:0:1, 1:0:0:0:0, 2:0:0:0:1, 2:1:0:0:0, 2:0:0:0:1, 3:0:0:0:2, 2:0:0:0:0, 1:0:0:0:0, 1:0:0:0:0, 140:21:2:0:38
Bb locrian (2b), 2:0:0:0:0, 1:0:0:0:0, 0:0:0:0:0, 1:0:0:0:0, 1:0:1:0:0, 1:0:0:0:0, 0:0:0:0:0, 0:0:0:0:0, 1:0:0:0:0, 1:0:0:0:0, 0:0:0:0:0, 0:0:0:0:0, 2:0:0:0:0, 1:0:0:0:0, 0:0:0:0:0, 1:0:0:0:0, 1:0:1:0:0, 1:0:0:0:0, 0:0:0:0:0, 0:0:0:0:0, 1:0:0:0:0, 1:0:0:0:0, 0:0:0:0:0, 0:0:0:0:0, 2:0:0:0:1, 1:0:0:0:0, 0:0:0:0:0, 0:0:0:0:0, 0:0:0:0:0, 1:0:0:0:0, 3:0:0:0:0, 2:0:0:0:0, 0:0:0:0:0, 1:1:0:0:1, 0:0:0:0:0, 1:0:0:0:0, 1:0:0:0:1, 2:0:0:0:1, 2:0:0:0:0, 2:0:0:0:0, 3:0:0:0:1, 1:0:0:0:0, 0:0:0:0:0, 0:0:0:0:0, 3:0:0:0:0, 3:1:0:0:1, 1:0:0:0:0, 1:0:0:0:0, 1:0:0:0:1, 2:0:1:0:0, 0:0:0:0:0, 0:0:0:0:0, 1:0:0:0:0, 2:0:0:0:1, 1:0:1:0:1, 2:1:0:0:1, 0:0:0:0:0, 3:0:0:0:1, 2:0:0:0:1, 0:0:0:0:0, 0:0:0:0:0, 60:3:4:0:12
D locrian (2#), 3:0:0:0:0, 2:0:0:0:0, 3:1:0:0:1, 1:0:0:0:1, 2:0:0:0:1, 3:1:0:0:2, 2:0:0:0:1, 2:0:0:0:1, 2:0:0:0:0, 3:0:0:0:1, 1:0:0:0:0, 2:1:0:0:0, 3:0:0:0:0, 2:0:0:0:0, 3:1:0:0:1, 1:0:0:0:1, 2:0:0:0:1, 3:1:0:0:2, 2:0:0:0:1, 2:0:0:0:1, 2:0:0:0:0, 3:0:0:0:1, 1:0:0:0:0, 2:1:0:0:0, 2:0:0:0:0, 3:1:0:0:0, 4:1:0:0:1, 2:0:0:0:1, 2:0:0:0:1, 1:0:0:0:0, 3:1:1:0:1, 4:1:0:0:1, 2:1:0:0:0, 2:0:0:0:0, 1:0:0:0:0, 1:0:0:0:0, 2:0:0:0:0, 2:0:0:0:1, 4:1:0:0:0, 3:1:0:0:0, 2:1:0:0:1, 2:0:0:0:0, 0:0:0:0:0, 1:0:0:0:1, 5:1:1:0:2, 5:2:0:0:1, 2:1:0:0:0, 3:0:0:0:1, 4:0:0:0:1, 4:2:0:0:2, 2:0:0:0:1, 2:0:0:0:1, 4:0:0:0:1, 1:0:0:0:0, 2:0:0:0:1, 2:1:0:0:0, 2:0:0:0:1, 3:0:0:0:2, 2:0:0:0:0, 1:0:0:0:0, 1:0:0:0:0, 140:21:2:0:38
Eb major (3b), 3:0:0:0:1, 2:0:0:0:1, 1:0:0:0:0, 1:0:0:0:0, 1:0:1:0:0, 0:0:0:0:0, 1:0:0:0:0, 1:0:0:0:0, 2:0:0:0:1, 1:0:0:0:1, 1:0:0:0:0, 1:0:0:0:0, 3:0:0:0:1, 2:0:0:0:1, 1:0:0:0:0, 1:0:0:0:0, 1:0:1:0:0, 0:0:0:0:0, 1:0:0:0:0, 1:0:0:0:0, 2:0:0:0:1, 1:0:0:0:1, 1:0:0:0:0, 1:0:0:0:0, 2:0:0:0:1, 2:0:0:0:1, 1:0:0:0:0, 0:0:0:0:0, 0:0:0:0:0, 1:0:0:0:0, 4:0:0:0:1, 3:0:0:0:0, 1:0:0:0:0, 1:0:0:0:0, 1:0:0:0:0, 1:0:0:0:1, 2:0:0:0:1, 2:0:0:0:1, 1:0:0:0:0, 2:0:0:0:1, 2:0:0:0:2, 1:0:0:0:1, 1:0:0:0:0, 1:0:0:0:0, 4:0:0:0:1, 4:1:0:0:2, 2:0:0:0:1, 1:0:0:0:1, 2:0:0:0:1, 1:0:1:0:0, 0:0:0:0:0, 0:0:0:0:0, 0:0:0:0:0, 2:0:0:0:1, 1:0:1:0:0, 3:1:0:0:1, 1:0:0:0:0, 3:0:0:0:1, 3:0:0:0:1, 1:0:0:0:0, 0:0:0:0:0, 87:2:4:0:28
A major (3#), 2:0:0:0:0, 3:0:0:0:0, 4:1:0:0:0, 1:0:0:0:1, 2:0:0:0:1, 3:0:0:0:1, 3:0:0:0:1, 2:0:0:0:1, 3:0:0:0:0, 3:0:0:0:1, 1:0:0:0:0, 2:1:0:0:0, 2:0:0:0:0, 3:0:0:0:0, 4:1:0:0:0, 1:0:0:0:1, 2:0:0:0:1, 3:0:0:0:1, 3:0:0:0:1, 2:0:0:0:1, 3:0:0:0:0, 3:0:0:0:1, 1:0:0:0:0, 3:1:0:0:0, 2:0:0:0:0, 4:1:0:0:0, 5:1:0:0:0, 3:0:0:0:1, 3:0:0:0:1, 2:0:0:0:0, 3:1:1:0:2, 5:1:0:0:0, 2:1:0:0:0, 3:0:0:0:0, 1:0:0:0:0, 1:0:0:0:0, 2:0:0:0:0, 2:0:0:0:1, 3:1:0:0:0, 4:1:0:0:1, 2:0:0:0:0, 3:0:0:0:0, 0:0:0:0:0, 2:0:0:0:1, 6:1:1:0:1, 6:1:0:1:1, 3:1:0:0:0, 4:0:0:0:1, 4:0:0:0:1, 4:0:0:0:1, 2:0:0:0:0, 3:0:0:0:0, 3:0:0:0:1, 2:0:0:0:0, 2:0:0:0:0, 3:1:0:0:0, 3:0:0:0:1, 4:0:0:0:1, 2:0:0:0:0, 1:0:0:0:0, 2:0:0:0:0, 165:15:2:1:27
C minor (3b), 3:0:0:0:1, 2:0:0:0:1, 1:0:0:0:0, 1:0:0:0:0, 1:0:1:0:0, 0:0:0:0:0, 1:0:0:0:0, 1:0:0:0:0, 2:0:0:0:1, 1:0:0:0:1, 1:0:0:0:0, 1:0:0:0:0, 3:0:0:0:1, 2:0:0:0:1, 1:0:0:0:0, 1:0:0:0:0, 1:0:1:0:0, 0:0:0:0:0, 1:0:0:0:0, 1:0:0:0:0, 2:0:0:0:1, 1:0:0:0:1, 1:0:0:0:0, 1:0:0:0:0, 2:0:0:0:1, 2:0:0:0:1, 1:0:0:0:0, 0:0:0:0:0, 0:0:0:0:0, 1:0:0:0:0, 4:0:0:0:1, 3:0:0:0:0, 1:0:0:0:0, 1:0:0:0:0, 1:0:0:0:0, 1:0:0:0:1, 2:0:0:0:1, 2:0:0:0:1, 1:0:0:0:0, 2:0:0:0:1, 2:0:0:0:2, 1:0:0:0:1, 1:0:0:0:0, 1:0:0:0:0, 4:0:0:0:1, 4:1:0:0:2, 2:0:0:0:1, 1:0:0:0:1, 2:0:0:0:1, 1:0:1:0:0, 0:0:0:0:0, 0:0:0:0:0, 0:0:0:0:0, 2:0:0:0:1, 1:0:1:0:0, 3:1:0:0:1, 1:0:0:0:0, 3:0:0:0:1, 3:0:0:0:1, 1:0:0:0:0, 0:0:0:0:0, 87:2:4:0:28
F# minor (3#), 2:0:0:0:0, 3:0:0:0:0, 4:1:0:0:0, 1:0:0:0:1, 2:0:0:0:1, 3:0:0:0:1, 3:0:0:0:1, 2:0:0:0:1, 3:0:0:0:0, 3:0:0:0:1, 1:0:0:0:0, 2:1:0:0:0, 2:0:0:0:0, 3:0:0:0:0, 4:1:0:0:0, 1:0:0:0:1, 2:0:0:0:1, 3:0:0:0:1, 3:0:0:0:1, 2:0:0:0:1, 3:0:0:0:0, 3:0:0:0:1, 1:0:0:0:0, 3:1:0:0:0, 2:0:0:0:0, 4:1:0:0:0, 5:1:0:0:0, 3:0:0:0:1, 3:0:0:0:1, 2:0:0:0:0, 3:1:1:0:2, 5:1:0:0:0, 2:1:0:0:0, 3:0:0:0:0, 1:0:0:0:0, 1:0:0:0:0, 2:0:0:0:0, 2:0:0:0:1, 3:1:0:0:0, 4:1:0:0:1, 2:0:0:0:0, 3:0:0:0:0, 0:0:0:0:0, 2:0:0:0:1, 6:1:1:0:1, 6:1:0:1:1, 3:1:0:0:0, 4:0:0:0:1, 4:0:0:0:1, 4:0:0:0:1, 2:0:0:0:0, 3:0:0:0:0, 3:0:0:0:1, 2:0:0:0:0, 2:0:0:0:0, 3:1:0:0:0, 3:0:0:0:1, 4:0:0:0:1, 2:0:0:0:0, 1:0:0:0:0, 2:0:0:0:0, 165:15:2:1:27
C minor mel (3b), 3:0:0:0:1, 2:0:0:0:1, 1:0:0:0:0, 1:0:0:0:0, 1:0:1:0:0, 0:0:0:0:0, 1:0:0:0:0, 1:0:0:0:0, 2:0:0:0:1, 1:0:0:0:1, 1:0:0:0:0, 1:0:0:0:0, 3:0:0:0:1, 2:0:0:0:1, 1:0:0:0:0, 1:0:0:0:0, 1:0:1:0:0, 0:0:0:0:0, 1:0:0:0:0, 1:0:0:0:0, 2:0:0:0:1, 1:0:0:0:1, 1:0:0:0:0, 1:0:0:0:0, 2:0:0:0:1, 2:0:0:0:1, 1:0:0:0:0, 0:0:0:0:0, 0:0:0:0:0, 1:0:0:0:0, 4:0:0:0:1, 3:0:0:0:0, 1:0:0:0:0, 1:0:0:0:0, 1:0:0:0:0, 1:0:0:0:1, 2:0:0:0:1, 2:0:0:0:1, 1:0:0:0:0, 2:0:0:0:1, 2:0:0:0:2, 1:0:0:0:1, 1:0:0:0:0, 1:0:0:0:0, 4:0:0:0:1, 4:1:0:0:2, 2:0:0:0:1, 1:0:0:0:1, 2:0:0:0:1, 1:0:1:0:0, 0:0:0:0:0, 0:0:0:0:0, 0:0:0:0:0, 2:0:0:0:1, 1:0:1:0:0, 3:1:0:0:1, 1:0:0:0:0, 3:0:0:0:1, 3:0:0:0:1, 1:0:0:0:0, 0:0:0:0:0, 87:2:4:0:28
F# minor mel (3#), 2:0:0:0:0, 3:0:0:0:0, 4:1:0:0:0, 1:0:0:0:1, 2:0:0:0:1, 3:0:0:0:1, 3:0:0:0:1, 2:0:0:0:1, 3:0:0:0:0, 3:0:0:0:1, 1:0:0:0:0, 2:1:0:0:0, 2:0:0:0:0, 3:0:0:0:0, 4:1:0:0:0, 1:0:0:0:1, 2:0:0:0:1, 3:0:0:0:1, 3:0:0:0:1, 2:0:0:0:1, 3:0:0:0:0, 3:0:0:0:1, 1:0:0:0:0, 3:1:0:0:0, 2:0:0:0:0, 4:1:0:0:0, 5:1:0:0:0, 3:0:0:0:1, 3:0:0:0:1, 2:0:0:0:0, 3:1:1:0:2, 5:1:0:0:0, 2:1:0:0:0, 3:0:0:0:0, 1:0:0:0:0, 1:0:0:0:0, 2:0:0:0:0, 2:0:0:0:1, 3:1:0:0:0, 4:1:0:0:1, 2:0:0:0:0, 3:0:0:0:0, 0:0:0:0:0, 2:0:0:0:1, 6:1:1:0:1, 6:1:0:1:1, 3:1:0:0:0, 4:0:0:0:1, 4:0:0:0:1, 4:0:0:0:1, 2:0:0:0:0, 3:0:0:0:0, 3:0:0:0:1, 2:0:0:0:0, 2:0:0:0:0, 3:1:0:0:0, 3:0:0:0:1, 4:0:0:0:1, 2:0:0:0:0, 1:0:0:0:0, 2:0:0:0:0, 165:15:2:1:27
Eb major blues (3b), 3:0:0:0:1, 2:0:0:0:1, 1:0:0:0:0, 1:0:0:0:0, 1:0:1:0:0, 0:0:0:0:0, 1:0:0:0:0, 1:0:0:0:0, 2:0:0:0:1, 1:0:0:0:1, 1:0:0:0:0, 1:0:0:0:0, 3:0:0:0:1, 2:0:0:0:1, 1:0:0:0:0, 1:0:0:0:0, 1:0:1:0:0, 0:0:0:0:0, 1:0:0:0:0, 1:0:0:0:0, 2:0:0:0:1, 1:0:0:0:1, 1:0:0:0:0, 1:0:0:0:0, 2:0:0:0:1, 2:0:0:0:1, 1:0:0:0:0, 0:0:0:0:0, 0:0:0:0:0, 1:0:0:0:0, 4:0:0:0:1, 3:0:0:0:0, 1:0:0:0:0, 1:0:0:0:0, 1:0:0:0:0, 1:0:0:0:1, 2:0:0:0:1, 2:0:0:0:1, 1:0:0:0:0, 2:0:0:0:1, 2:0:0:0:2, 1:0:0:0:1, 1:0:0:0:0, 1:0:0:0:0, 4:0:0:0:1, 4:1:0:0:2, 2:0:0:0:1, 1:0:0:0:1, 2:0:0:0:1, 1:0:1:0:0, 0:0:0:0:0, 0:0:0:0:0, 0:0:0:0:0, 2:0:0:0:1, 1:0:1:0:0, 3:1:0:0:1, 1:0:0:0:0, 3:0:0:0:1, 3:0:0:0:1, 1:0:0:0:0, 0:0:0:0:0, 87:2:4:0:28
A major blues (3#), 2:0:0:0:0, 3:0:0:0:0, 4:1:0:0:0, 1:0:0:0:1, 2:0:0:0:1, 3:0:0:0:1, 3:0:0:0:1, 2:0:0:0:1, 3:0:0:0:0, 3:0:0:0:1, 1:0:0:0:0, 2:1:0:0:0, 2:0:0:0:0, 3:0:0:0:0, 4:1:0:0:0, 1:0:0:0:1, 2:0:0:0:1, 3:0:0:0:1, 3:0:0:0:1, 2:0:0:0:1, 3:0:0:0:0, 3:0:0:0:1, 1:0:0:0:0, 3:1:0:0:0, 2:0:0:0:0, 4:1:0:0:0, 5:1:0:0:0, 3:0:0:0:1, 3:0:0:0:1, 2:0:0:0:0, 3:1:1:0:2, 5:1:0:0:0, 2:1:0:0:0, 3:0:0:0:0, 1:0:0:0:0, 1:0:0:0:0, 2:0:0:0:0, 2:0:0:0:1, 3:1:0:0:0, 4:1:0:0:1, 2:0:0:0:0, 3:0:0:0:0, 0:0:0:0:0, 2:0:0:0:1, 6:1:1:0:1, 6:1:0:1:1, 3:1:0:0:0, 4:0:0:0:1, 4:0:0:0:1, 4:0:0:0:1, 2:0:0:0:0, 3:0:0:0:0, 3:0:0:0:1, 2:0:0:0:0, 2:0:0:0:0, 3:1:0:0:0, 3:0:0:0:1, 4:0:0:0:1, 2:0:0:0:0, 1:0:0:0:0, 2:0:0:0:0, 165:15:2:1:27
C minor blues (3b), 3:0:0:0:1, 2:0:0:0:1, 1:0:0:0:0, 1:0:0:0:0, 1:0:1:0:0, 0:0:0:0:0, 1:0:0:0:0, 1:0:0:0:0, 2:0:0:0:1, 1:0:0:0:1, 1:0:0:0:0, 1:0:0:0:0, 3:0:0:0:1, 2:0:0:0:1, 1:0:0:0:0, 1:0:0:0:0, 1:0:1:0:0, 0:0:0:0:0, 1:0:0:0:0, 1:0:0:0:0, 2:0:0:0:1, 1:0:0:0:1, 1:0:0:0:0, 1:0:0:0:0, 2:0:0:0:1, 2:0:0:0:1, 1:0:0:0:0, 0:0:0:0:0, 0:0:0:0:0, 1:0:0:0:0, 4:0:0:0:1, 3:0:0:0:0, 1:0:0:0:0, 1:0:0:0:0, 1:0:0:0:0, 1:0:0:0:1, 2:0:0:0:1, 2:0:0:0:1, 1:0:0:0:0, 2:0:0:0:1, 2:0:0:0:2, 1:0:0:0:1, 1:0:0:0:0, 1:0:0:0:0, 4:0:0:0:1, 4:1:0:0:2, 2:0:0:0:1, 1:0:0:0:1, 2:0:0:0:1, 1:0:1:0:0, 0:0:0:0:0, 0:0:0:0:0, 0:0:0:0:0, 2:0:0:0:1, 1:0:1:0:0, 3:1:0:0:1, 1:0:0:0:0, 3:0:0:0:1, 3:0:0:0:1, 1:0:0:0:0, 0:0:0:0:0, 87:2:4:0:28
F# minor blues (3#), 2:0:0:0:0, 3:0:0:0:0, 4:1:0:0:0, 1:0:0:0:1, 2:0:0:0:1, 3:0:0:0:1, 3:0:0:0:1, 2:0:0:0:1, 3:0:0:0:0, 3:0:0:0:1, 1:0:0:0:0, 2:1:0:0:0, 2:0:0:0:0, 3:0:0:0:0, 4:1:0:0:0, 1:0:0:0:1, 2:0:0:0:1, 3:0:0:0:1, 3:0:0:0:1, 2:0:0:0:1, 3:0:0:0:0, 3:0:0:0:1, 1:0:0:0:0, 3:1:0:0:0, 2:0:0:0:0, 4:1:0:0:0, 5:1:0:0:0, 3:0:0:0:1, 3:0:0:0:1, 2:0:0:0:0, 3:1:1:0:2, 5:1:0:0:0, 2:1:0:0:0, 3:0:0:0:0, 1:0:0:0:0, 1:0:0:0:0, 2:0:0:0:0, 2:0:0:0:1, 3:1:0:0:0, 4:1:0:0:1, 2:0:0:0:0, 3:0:0:0:0, 0:0:0:0:0, 2:0:0:0:1, 6:1:1:0:1, 6:1:0:1:1, 3:1:0:0:0, 4:0:0:0:1, 4:0:0:0:1, 4:0:0:0:1, 2:0:0:0:0, 3:0:0:0:0, 3:0:0:0:1, 2:0:0:0:0, 2:0:0:0:0, 3:1:0:0:0, 3:0:0:0:1, 4:0:0:0:1, 2:0:0:0:0, 1:0:0:0:0, 2:0:0:0:0, 165:15:2:1:27
Eb dorian (3b), 3:0:0:0:1, 2:0:0:0:1, 1:0:0:0:0, 1:0:0:0:0, 1:0:1:0:0, 0:0:0:0:0, 1:0:0:0:0, 1:0:0:0:0, 2:0:0:0:1, 1:0:0:0:1, 1:0:0:0:0, 1:0:0:0:0, 3:0:0:0:1, 2:0:0:0:1, 1:0:0:0:0, 1:0:0:0:0, 1:0:1:0:0, 0:0:0:0:0, 1:0:0:0:0, 1:0:0:0:0, 2:0:0:0:1, 1:0:0:0:1, 1:0:0:0:0, 1:0:0:0:0, 2:0:0:0:1, 2:0:0:0:1, 1:0:0:0:0, 0:0:0:0:0, 0:0:0:0:0, 1:0:0:0:0, 4:0:0:0:1, 3:0:0:0:0, 1:0:0:0:0, 1:0:0:0:0, 1:0:0:0:0, 1:0:0:0:1, 2:0:0:0:1, 2:0:0:0:1, 1:0:0:0:0, 2:0:0:0:1, 2:0:0:0:2, 1:0:0:0:1, 1:0:0:0:0, 1:0:0:0:0, 4:0:0:0:1, 4:1:0:0:2, 2:0:0:0:1, 1:0:0:0:1, 2:0:0:0:1, 1:0:1:0:0, 0:0:0:0:0, 0:0:0:0:0, 0:0:0:0:0, 2:0:0:0:1, 1:0:1:0:0, 3:1:0:0:1, 1:0:0:0:0, 3:0:0:0:1, 3:0:0:0:1, 1:0:0:0:0, 0:0:0:0:0, 87:2:4:0:28
A dorian (3#), 2:0:0:0:0, 3:0:0:0:0, 4:1:0:0:0, 1:0:0:0:1, 2:0:0:0:1, 3:0:0:0:1, 3:0:0:0:1, 2:0:0:0:1, 3:0:0:0:0, 3:0:0:0:1, 1:0:0:0:0, 2:1:0:0:0, 2:0:0:0:0, 3:0:0:0:0, 4:1:0:0:0, 1:0:0:0:1, 2:0:0:0:1, 3:0:0:0:1, 3:0:0:0:1, 2:0:0:0:1, 3:0:0:0:0, 3:0:0:0:1, 1:0:0:0:0, 3:1:0:0:0, 2:0:0:0:0, 4:1:0:0:0, 5:1:0:0:0, 3:0:0:0:1, 3:0:0:0:1, 2:0:0:0:0, 3:1:1:0:2, 5:1:0:0:0, 2:1:0:0:0, 3:0:0:0:0, 1:0:0:0:0, 1:0:0:0:0, 2:0:0:0:0, 2:0:0:0:1, 3:1:0:0:0, 4:1:0:0:1, 2:0:0:0:0, 3:0:0:0:0, 0:0:0:0:0, 2:0:0:0:1, 6:1:1:0:1, 6:1:0:1:1, 3:1:0:0:0, 4:0:0:0:1, 4:0:0:0:1, 4:0:0:0:1, 2:0:0:0:0, 3:0:0:0:0, 3:0:0:0:1, 2:0:0:0:0, 2:0:0:0:0, 3:1:0:0:0, 3:0:0:0:1, 4:0:0:0:1, 2:0:0:0:0, 1:0:0:0:0, 2:0:0:0:0, 165:15:2:1:27
Eb phrygian (3b), 3:0:0:0:1, 2:0:0:0:1, 1:0:0:0:0, 1:0:0:0:0, 1:0:1:0:0, 0:0:0:0:0, 1:0:0:0:0, 1:0:0:0:0, 2:0:0:0:1, 1:0:0:0:1, 1:0:0:0:0, 1:0:0:0:0, 3:0:0:0:1, 2:0:0:0:1, 1:0:0:0:0, 1:0:0:0:0, 1:0:1:0:0, 0:0:0:0:0, 1:0:0:0:0, 1:0:0:0:0, 2:0:0:0:1, 1:0:0:0:1, 1:0:0:0:0, 1:0:0:0:0, 2:0:0:0:1, 2:0:0:0:1, 1:0:0:0:0, 0:0:0:0:0, 0:0:0:0:0, 1:0:0:0:0, 4:0:0:0:1, 3:0:0:0:0, 1:0:0:0:0, 1:0:0:0:0, 1:0:0:0:0, 1:0:0:0:1, 2:0:0:0:1, 2:0:0:0:1, 1:0:0:0:0, 2:0:0:0:1, 2:0:0:0:2, 1:0:0:0:1, 1:0:0:0:0, 1:0:0:0:0, 4:0:0:0:1, 4:1:0:0:2, 2:0:0:0:1, 1:0:0:0:1, 2:0:0:0:1, 1:0:1:0:0, 0:0:0:0:0, 0:0:0:0:0, 0:0:0:0:0, 2:0:0:0:1, 1:0:1:0:0, 3:1:0:0:1, 1:0:0:0:0, 3:0:0:0:1, 3:0:0:0:1, 1:0:0:0:0, 0:0:0:0:0, 87:2:4:0:28
A phrygian (3#), 2:0:0:0:0, 3:0:0:0:0, 4:1:0:0:0, 1:0:0:0:1, 2:0:0:0:1, 3:0:0:0:1, 3:0:0:0:1, 2:0:0:0:1, 3:0:0:0:0, 3:0:0:0:1, 1:0:0:0:0, 2:1:0:0:0, 2:0:0:0:0, 3:0:0:0:0, 4:1:0:0:0, 1:0:0:0:1, 2:0:0:0:1, 3:0:0:0:1, 3:0:0:0:1, 2:0:0:0:1, 3:0:0:0:0, 3:0:0:0:1, 1:0:0:0:0, 3:1:0:0:0, 2:0:0:0:0, 4:1:0:0:0, 5:1:0:0:0, 3:0:0:0:1, 3:0:0:0:1, 2:0:0:0:0, 3:1:1:0:2, 5:1:0:0:0, 2:1:0:0:0, 3:0:0:0:0, 1:0:0:0:0, 1:0:0:0:0, 2:0:0:0:0, 2:0:0:0:1, 3:1:0:0:0, 4:1:0:0:1, 2:0:0:0:0, 3:0:0:0:0, 0:0:0:0:0, 2:0:0:0:1, 6:1:1:0:1, 6:1:0:1:1, 3:1:0:0:0, 4:0:0:0:1, 4:0:0:0:1, 4:0:0:0:1, 2:0:0:0:0, 3:0:0:0:0, 3:0:0:0:1, 2:0:0:0:0, 2:0:0:0:0, 3:1:0:0:0, 3:0:0:0:1, 4:0:0:0:1, 2:0:0:0:0, 1:0:0:0:0, 2:0:0:0:0, 165:15:2:1:27
Eb lydian (3b), 3:0:0:0:1, 2:0:0:0:1, 1:0:0:0:0, 1:0:0:0:0, 1:0:1:0:0, 0:0:0:0:0, 1:0:0:0:0, 1:0:0:0:0, 2:0:0:0:1, 1:0:0:0:1, 1:0:0:0:0, 1:0:0:0:0, 3:0:0:0:1, 2:0:0:0:1, 1:0:0:0:0, 1:0:0:0:0, 1:0:1:0:0, 0:0:0:0:0, 1:0:0:0:0, 1:0:0:0:0, 2:0:0:0:1, 1:0:0:0:1, 1:0:0:0:0, 1:0:0:0:0, 2:0:0:0:1, 2:0:0:0:1, 1:0:0:0:0, 0:0:0:0:0, 0:0:0:0:0, 1:0:0:0:0, 4:0:0:0:1, 3:0:0:0:0, 1:0:0:0:0, 1:0:0:0:0, 1:0:0:0:0, 1:0:0:0:1, 2:0:0:0:1, 2:0:0:0:1, 1:0:0:0:0, 2:0:0:0:1, 2:0:0:0:2, 1:0:0:0:1, 1:0:0:0:0, 1:0:0:0:0, 4:0:0:0:1, 4:1:0:0:2, 2:0:0:0:1, 1:0:0:0:1, 2:0:0:0:1, 1:0:1:0:0, 0:0:0:0:0, 0:0:0:0:0, 0:0:0:0:0, 2:0:0:0:1, 1:0:1:0:0, 3:1:0:0:1, 1:0:0:0:0, 3:0:0:0:1, 3:0:0:0:1, 1:0:0:0:0, 0:0:0:0:0, 87:2:4:0:28
A lydian (3#), 2:0:0:0:0, 3:0:0:0:0, 4:1:0:0:0, 1:0:0:0:1, 2:0:0:0:1, 3:0:0:0:1, 3:0:0:0:1, 2:0:0:0:1, 3:0:0:0:0, 3:0:0:0:1, 1:0:0:0:0, 2:1:0:0:0, 2:0:0:0:0, 3:0:0:0:0, 4:1:0:0:0, 1:0:0:0:1, 2:0:0:0:1, 3:0:0:0:1, 3:0:0:0:1, 2:0:0:0:1, 3:0:0:0:0, 3:0:0:0:1, 1:0:0:0:0, 3:1:0:0:0, 2:0:0:0:0, 4:1:0:0:0, 5:1:0:0:0, 3:0:0:0:1, 3:0:0:0:1, 2:0:0:0:0, 3:1:1:0:2, 5:1:0:0:0, 2:1:0:0:0, 3:0:0:0:0, 1:0:0:0:0, 1:0:0:0:0, 2:0:0:0:0, 2:0:0:0:1, 3:1:0:0:0, 4:1:0:0:1, 2:0:0:0:0, 3:0:0:0:0, 0:0:0:0:0, 2:0:0:0:1, 6:1:1:0:1, 6:1:0:1:1, 3:1:0:0:0, 4:0:0:0:1, 4:0:0:0:1, 4:0:0:0:1, 2:0:0:0:0, 3:0:0:0:0, 3:0:0:0:1, 2:0:0:0:0, 2:0:0:0:0, 3:1:0:0:0, 3:0:0:0:1, 4:0:0:0:1, 2:0:0:0:0, 1:0:0:0:0, 2:0:0:0:0, 165:15:2:1:27
Eb mixolydian (3b), 3:0:0:0:1, 2:0:0:0:1, 1:0:0:0:0, 1:0:0:0:0, 1:0:1:0:0, 0:0:0:0:0, 1:0:0:0:0, 1:0:0:0:0, 2:0:0:0:1, 1:0:0:0:1, 1:0:0:0:0, 1:0:0:0:0, 3:0:0:0:1, 2:0:0:0:1, 1:0:0:0:0, 1:0:0:0:0, 1:0:1:0:0, 0:0:0:0:0, 1:0:0:0:0, 1:0:0:0:0, 2:0:0:0:1, 1:0:0:0:1, 1:0:0:0:0, 1:0:0:0:0, 2:0:0:0:1, 2:0:0:0:1, 1:0:0:0:0, 0:0:0:0:0, 0:0:0:0:0, 1:0:0:0:0, 4:0:0:0:1, 3:0:0:0:0, 1:0:0:0:0, 1:0:0:0:0, 1:0:0:0:0, 1:0:0:0:1, 2:0:0:0:1, 2:0:0:0:1, 1:0:0:0:0, 2:0:0:0:1, 2:0:0:0:2, 1:0:0:0:1, 1:0:0:0:0, 1:0:0:0:0, 4:0:0:0:1, 4:1:0:0:2, 2:0:0:0:1, 1:0:0:0:1, 2:0:0:0:1, 1:0:1:0:0, 0:0:0:0:0, 0:0:0:0:0, 0:0:0:0:0, 2:0:0:0:1, 1:0:1:0:0, 3:1:0:0:1, 1:0:0:0:0, 3:0:0:0:1, 3:0:0:0:1, 1:0:0:0:0, 0:0:0:0:0, 87:2:4:0:28
A mixolydian (3#), 2:0:0:0:0, 3:0:0:0:0, 4:1:0:0:0, 1:0:0:0:1, 2:0:0:0:1, 3:0:0:0:1, 3:0:0:0:1, 2:0:0:0:1, 3:0:0:0:0, 3:0:0:0:1, 1:0:0:0:0, 2:1:0:0:0, 2:0:0:0:0, 3:0:0:0:0, 4:1:0:0:0, 1:0:0:0:1, 2:0:0:0:1, 3:0:0:0:1, 3:0:0:0:1, 2:0:0:0:1, 3:0:0:0:0, 3:0:0:0:1, 1:0:0:0:0, 3:1:0:0:0, 2:0:0:0:0, 4:1:0:0:0, 5:1:0:0:0, 3:0:0:0:1, 3:0:0:0:1, 2:0:0:0:0, 3:1:1:0:2, 5:1:0:0:0, 2:1:0:0:0, 3:0:0:0:0, 1:0:0:0:0, 1:0:0:0:0, 2:0:0:0:0, 2:0:0:0:1, 3:1:0:0:0, 4:1:0:0:1, 2:0:0:0:0, 3:0:0:0:0, 0:0:0:0:0, 2:0:0:0:1, 6:1:1:0:1, 6:1:0:1:1, 3:1:0:0:0, 4:0:0:0:1, 4:0:0:0:1, 4:0:0:0:1, 2:0:0:0:0, 3:0:0:0:0, 3:0:0:0:1, 2:0:0:0:0, 2:0:0:0:0, 3:1:0:0:0, 3:0:0:0:1, 4:0:0:0:1, 2:0:0:0:0, 1:0:0:0:0, 2:0:0:0:0, 165:15:2:1:27
Eb aeolian (3b), 3:0:0:0:1, 2:0:0:0:1, 1:0:0:0:0, 1:0:0:0:0, 1:0:1:0:0, 0:0:0:0:0, 1:0:0:0:0, 1:0:0:0:0, 2:0:0:0:1, 1:0:0:0:1, 1:0:0:0:0, 1:0:0:0:0, 3:0:0:0:1, 2:0:0:0:1, 1:0:0:0:0, 1:0:0:0:0, 1:0:1:0:0, 0:0:0:0:0, 1:0:0:0:0, 1:0:0:0:0, 2:0:0:0:1, 1:0:0:0:1, 1:0:0:0:0, 1:0:0:0:0, 2:0:0:0:1, 2:0:0:0:1, 1:0:0:0:0, 0:0:0:0:0, 0:0:0:0:0, 1:0:0:0:0, 4:0:0:0:1, 3:0:0:0:0, 1:0:0:0:0, 1:0:0:0:0, 1:0:0:0:0, 1:0:0:0:1, 2:0:0:0:1, 2:0:0:0:1, 1:0:0:0:0, 2:0:0:0:1, 2:0:0:0:2, 1:0:0:0:1, 1:0:0:0:0, 1:0:0:0:0, 4:0:0:0:1, 4:1:0:0:2, 2:0:0:0:1, 1:0:0:0:1, 2:0:0:0:1, 1:0:1:0:0, 0:0:0:0:0, 0:0:0:0:0, 0:0:0:0:0, 2:0:0:0:1, 1:0:1:0:0, 3:1:0:0:1, 1:0:0:0:0, 3:0:0:0:1, 3:0:0:0:1, 1:0:0:0:0, 0:0:0:0:0, 87:2:4:0:28
A aeolian (3#), 2:0:0:0:0, 3:0:0:0:0, 4:1:0:0:0, 1:0:0:0:1, 2:0:0:0:1, 3:0:0:0:1, 3:0:0:0:1, 2:0:0:0:1, 3:0:0:0:0, 3:0:0:0:1, 1:0:0:0:0, 2:1:0:0:0, 2:0:0:0:0, 3:0:0:0:0, 4:1:0:0:0, 1:0:0:0:1, 2:0:0:0:1, 3:0:0:0:1, 3:0:0:0:1, 2:0:0:0:1, 3:0:0:0:0, 3:0:0:0:1, 1:0:0:0:0, 3:1:0:0:0, 2:0:0:0:0, 4:1:0:0:0, 5:1:0:0:0, 3:0:0:0:1, 3:0:0:0:1, 2:0:0:0:0, 3:1:1:0:2, 5:1:0:0:0, 2:1:0:0:0, 3:0:0:0:0, 1:0:0:0:0, 1:0:0:0:0, 2:0:0:0:0, 2:0:0:0:1, 3:1:0:0:0, 4:1:0:0:1, 2:0:0:0:0, 3:0:0:0:0, 0:0:0:0:0, 2:0:0:0:1, 6:1:1:0:1, 6:1:0:1:1, 3:1:0:0:0, 4:0:0:0:1, 4:0:0:0:1, 4:0:0:0:1, 2:0:0:0:0, 3:0:0:0:0, 3:0:0:0:1, 2:0:0:0:0, 2:0:0:0:0, 3:1:0:0:0, 3:0:0:0:1, 4:0:0:0:1, 2:0:0:0:0, 1:0:0:0:0, 2:0:0:0:0, 165:15:2:1:27
Eb locrian (3b), 3:0:0:0:1, 2:0:0:0:1, 1:0:0:0:0, 1:0:0:0:0, 1:0:1:0:0, 0:0:0:0:0, 1:0:0:0:0, 1:0:0:0:0, 2:0:0:0:1, 1:0:0:0:1, 1:0:0:0:0, 1:0:0:0:0, 3:0:0:0:1, 2:0:0:0:1, 1:0:0:0:0, 1:0:0:0:0, 1:0:1:0:0, 0:0:0:0:0, 1:0:0:0:0, 1:0:0:0:0, 2:0:0:0:1, 1:0:0:0:1, 1:0:0:0:0, 1:0:0:0:0, 2:0:0:0:1, 2:0:0:0:1, 1:0:0:0:0, 0:0:0:0:0, 0:0:0:0:0, 1:0:0:0:0, 4:0:0:0:1, 3:0:0:0:0, 1:0:0:0:0, 1:0:0:0:0, 1:0:0:0:0, 1:0:0:0:1, 2:0:0:0:1, 2:0:0:0:1, 1:0:0:0:0, 2:0:0:0:1, 2:0:0:0:2, 1:0:0:0:1, 1:0:0:0:0, 1:0:0:0:0, 4:0:0:0:1, 4:1:0:0:2, 2:0:0:0:1, 1:0:0:0:1, 2:0:0:0:1, 1:0:1:0:0, 0:0:0:0:0, 0:0:0:0:0, 0:0:0:0:0, 2:0:0:0:1, 1:0:1:0:0, 3:1:0:0:1, 1:0:0:0:0, 3:0:0:0:1, 3:0:0:0:1, 1:0:0:0:0, 0:0:0:0:0, 87:2:4:0:28
A locrian (3#), 2:0:0:0:0, 3:0:0:0:0, 4:1:0:0:0, 1:0:0:0:1, 2:0:0:0:1, 3:0:0:0:1, 3:0:0:0:1, 2:0:0:0:1, 3:0:0:0:0, 3:0:0:0:1, 1:0:0:0:0, 2:1:0:0:0, 2:0:0:0:0, 3:0:0:0:0, 4:1:0:0:0, 1:0:0:0:1, 2:0:0:0:1, 3:0:0:0:1, 3:0:0:0:1, 2:0:0:0:1, 3:0:0:0:0, 3:0:0:0:1, 1:0:0:0:0, 3:1:0:0:0, 2:0:0:0:0, 4:1:0:0:0, 5:1:0:0:0, 3:0:0:0:1, 3:0:0:0:1, 2:0:0:0:0, 3:1:1:0:2, 5:1:0:0:0, 2:1:0:0:0, 3:0:0:0:0, 1:0:0:0:0, 1:0:0:0:0, 2:0:0:0:0, 2:0:0:0:1, 3:1:0:0:0, 4:1:0:0:1, 2:0:0:0:0, 3:0:0:0:0, 0:0:0:0:0, 2:0:0:0:1, 6:1:1:0:1, 6:1:0:1:1, 3:1:0:0:0, 4:0:0:0:1, 4:0:0:0:1, 4:0:0:0:1, 2:0:0:0:0, 3:0:0:0:0, 3:0:0:0:1, 2:0:0:0:0, 2:0:0:0:0, 3:1:0:0:0, 3:0:0:0:1, 4:0:0:0:1, 2:0:0:0:0, 1:0:0:0:0, 2:0:0:0:0, 165:15:2:1:27
Ab major (4b), 3:0:0:0:2, 2:0:0:0:2, 1:0:0:0:1, 2:0:0:0:0, 1:0:1:0:0, 0:0:0:0:0, 1:0:0:0:1, 1:0:0:0:1, 2:0:0:0:2, 1:0:0:0:1, 1:0:0:0:1, 2:0:0:0:1, 3:0:0:0:2, 2:0:0:0:2, 1:0:0:0:1, 2:0:0:0:0, 1:0:1:0:0, 0:0:0:0:0, 1:0:0:0:1, 1:0:0:0:1, 2:0:0:0:2, 1:0:0:0:1, 1:0:0:0:1, 2:0:0:0:1, 1:0:0:0:1, 2:0:0:0:2, 1:0:0:0:1, 1:0:0:0:0, 1:0:0:0:0, 0:0:0:0:0, 5:0:0:0:2, 2:0:0:0:1, 2:0:0:0:1, 1:0:0:0:1, 2:0:0:0:1, 1:0:0:0:1, 2:0:0:0:2, 3:0:0:0:1, 1:0:0:0:1, 3:0:0:0:1, 3:0:0:0:2, 1:0:0:0:1, 2:0:0:0:1, 2:0:0:0:1, 5:0:0:0:2, 5:0:1:1:2, 2:0:0:0:2, 2:0:0:0:1, 2:0:0:0:2, 1:0:1:0:0, 0:0:0:0:0, 0:0:0:0:0, 1:0:0:0:0, 1:0:0:0:1, 1:0:1:0:0, 4:1:0:0:2, 1:0:0:0:1, 2:0:0:0:1, 2:0:0:0:2, 1:0:0:0:1, 0:0:0:0:0, 100:1:5:1:62
E major (4#), 2:0:0:0:0, 3:0:0:0:0, 3:1:0:0:1, 2:0:0:0:0, 2:0:0:0:0, 3:0:0:0:0, 3:0:0:0:0, 2:0:0:0:0, 3:0:0:0:0, 3:0:0:0:0, 1:0:0:0:0, 3:1:0:0:1, 2:0:0:0:0, 3:0:0:0:0, 3:1:0:0:1, 2:0:0:0:0, 2:0:0:0:0, 3:0:0:0:0, 3:0:0:0:0, 2:0:0:0:0, 3:0:0:0:0, 3:0:0:0:0, 1:0:0:0:0, 4:1:0:0:1, 2:0:0:0:0, 4:1:0:0:1, 4:1:0:0:1, 4:0:0:0:0, 4:0:0:0:0, 2:0:0:0:0, 3:0:1:0:1, 4:1:0:0:1, 3:1:0:0:1, 3:0:0:0:0, 2:0:0:0:0, 1:0:0:0:0, 2:0:0:0:0, 3:0:0:0:0, 3:1:0:0:1, 5:0:0:0:0, 3:0:0:0:0, 3:0:0:0:0, 1:0:0:0:0, 3:0:0:0:0, 7:1:1:0:2, 7:1:0:1:2, 3:1:0:0:1, 5:0:0:0:0, 4:0:0:0:0, 3:0:0:0:0, 1:0:0:0:0, 2:0:0:0:0, 4:0:0:0:0, 2:0:0:0:0, 1:0:0:0:0, 4:1:0:0:1, 3:0:0:0:0, 3:0:0:0:0, 2:0:0:0:0, 1:0:0:0:0, 2:0:0:0:0, 174:13:2:1:16
F minor (4b), 3:0:0:0:2, 2:0:0:0:2, 1:0:0:0:1, 2:0:0:0:0, 1:0:1:0:0, 0:0:0:0:0, 1:0:0:0:1, 1:0:0:0:1, 2:0:0:0:2, 1:0:0:0:1, 1:0:0:0:1, 2:0:0:0:1, 3:0:0:0:2, 2:0:0:0:2, 1:0:0:0:1, 2:0:0:0:0, 1:0:1:0:0, 0:0:0:0:0, 1:0:0:0:1, 1:0:0:0:1, 2:0:0:0:2, 1:0:0:0:1, 1:0:0:0:1, 2:0:0:0:1, 1:0:0:0:1, 2:0:0:0:2, 1:0:0:0:1, 1:0:0:0:0, 1:0:0:0:0, 0:0:0:0:0, 5:0:0:0:2, 2:0:0:0:1, 2:0:0:0:1, 1:0:0:0:1, 2:0:0:0:1, 1:0:0:0:1, 2:0:0:0:2, 3:0:0:0:1, 1:0:0:0:1, 3:0:0:0:1, 3:0:0:0:2, 1:0:0:0:1, 2:0:0:0:1, 2:0:0:0:1, 5:0:0:0:2, 5:0:1:1:2, 2:0:0:0:2, 2:0:0:0:1, 2:0:0:0:2, 1:0:1:0:0, 0:0:0:0:0, 0:0:0:0:0, 1:0:0:0:0, 1:0:0:0:1, 1:0:1:0:0, 4:1:0:0:2, 1:0:0:0:1, 2:0:0:0:1, 2:0:0:0:2, 1:0:0:0:1, 0:0:0:0:0, 100:1:5:1:62
C# minor (4#), 2:0:0:0:0, 3:0:0:0:0, 3:1:0:0:1, 2:0:0:0:0, 2:0:0:0:0, 3:0:0:0:0, 3:0:0:0:0, 2:0:0:0:0, 3:0:0:0:0, 3:0:0:0:0, 1:0:0:0:0, 3:1:0:0:1, 2:0:0:0:0, 3:0:0:0:0, 3:1:0:0:1, 2:0:0:0:0, 2:0:0:0:0, 3:0:0:0:0, 3:0:0:0:0, 2:0:0:0:0, 3:0:0:0:0, 3:0:0:0:0, 1:0:0:0:0, 4:1:0:0:1, 2:0:0:0:0, 4:1:0:0:1, 4:1:0:0:1, 4:0:0:0:0, 4:0:0:0:0, 2:0:0:0:0, 3:0:1:0:1, 4:1:0:0:1, 3:1:0:0:1, 3:0:0:0:0, 2:0:0:0:0, 1:0:0:0:0, 2:0:0:0:0, 3:0:0:0:0, 3:1:0:0:1, 5:0:0:0:0, 3:0:0:0:0, 3:0:0:0:0, 1:0:0:0:0, 3:0:0:0:0, 7:1:1:0:2, 7:1:0:1:2, 3:1:0:0:1, 5:0:0:0:0, 4:0:0:0:0, 3:0:0:0:0, 1:0:0:0:0, 2:0:0:0:0, 4:0:0:0:0, 2:0:0:0:0, 1:0:0:0:0, 4:1:0:0:1, 3:0:0:0:0, 3:0:0:0:0, 2:0:0:0:0, 1:0:0:0:0, 2:0:0:0:0, 174:13:2:1:16
F minor mel (4b), 3:0:0:0:2, 2:0:0:0:2, 1:0:0:0:1, 2:0:0:0:0, 1:0:1:0:0, 0:0:0:0:0, 1:0:0:0:1, 1:0:0:0:1, 2:0:0:0:2, 1:0:0:0:1, 1:0:0:0:1, 2:0:0:0:1, 3:0:0:0:2, 2:0:0:0:2, 1:0:0:0:1, 2:0:0:0:0, 1:0:1:0:0, 0:0:0:0:0, 1:0:0:0:1, 1:0:0:0:1, 2:0:0:0:2, 1:0:0:0:1, 1:0:0:0:1, 2:0:0:0:1, 1:0:0:0:1, 2:0:0:0:2, 1:0:0:0:1, 1:0:0:0:0, 1:0:0:0:0, 0:0:0:0:0, 5:0:0:0:2, 2:0:0:0:1, 2:0:0:0:1, 1:0:0:0:1, 2:0:0:0:1, 1:0:0:0:1, 2:0:0:0:2, 3:0:0:0:1, 1:0:0:0:1, 3:0:0:0:1, 3:0:0:0:2, 1:0:0:0:1, 2:0:0:0:1, 2:0:0:0:1, 5:0:0:0:2, 5:0:1:1:2, 2:0:0:0:2, 2:0:0:0:1, 2:0:0:0:2, 1:0:1:0:0, 0:0:0:0:0, 0:0:0:0:0, 1:0:0:0:0, 1:0:0:0:1, 1:0:1:0:0, 4:1:0:0:2, 1:0:0:0:1, 2:0:0:0:1, 2:0:0:0:2, 1:0:0:0:1, 0:0:0:0:0, 100:1:5:1:62
C# minor mel (4#), 2:0:0:0:0, 3:0:0:0:0, 3:1:0:0:1, 2:0:0:0:0, 2:0:0:0:0, 3:0:0:0:0, 3:0:0:0:0, 2:0:0:0:0, 3:0:0:0:0, 3:0:0:0:0, 1:0:0:0:0, 3:1:0:0:1, 2:0:0:0:0, 3:0:0:0:0, 3:1:0:0:1, 2:0:0:0:0, 2:0:0:0:0, 3:0:0:0:0, 3:0:0:0:0, 2:0:0:0:0, 3:0:0:0:0, 3:0:0:0:0, 1:0:0:0:0, 4:1:0:0:1, 2:0:0:0:0, 4:1:0:0:1, 4:1:0:0:1, 4:0:0:0:0, 4:0:0:0:0, 2:0:0:0:0, 3:0:1:0:1, 4:1:0:0:1, 3:1:0:0:1, 3:0:0:0:0, 2:0:0:0:0, 1:0:0:0:0, 2:0:0:0:0, 3:0:0:0:0, 3:1:0:0:1, 5:0:0:0:0, 3:0:0:0:0, 3:0:0:0:0, 1:0:0:0:0, 3:0:0:0:0, 7:1:1:0:2, 7:1:0:1:2, 3:1:0:0:1, 5:0:0:0:0, 4:0:0:0:0, 3:0:0:0:0, 1:0:0:0:0, 2:0:0:0:0, 4:0:0:0:0, 2:0:0:0:0, 1:0:0:0:0, 4:1:0:0:1, 3:0:0:0:0, 3:0:0:0:0, 2:0:0:0:0, 1:0:0:0:0, 2:0:0:0:0, 174:13:2:1:16
Ab major blues (4b), 3:0:0:0:2, 2:0:0:0:2, 1:0:0:0:1, 2:0:0:0:0, 1:0:1:0:0, 0:0:0:0:0, 1:0:0:0:1, 1:0:0:0:1, 2:0:0:0:2, 1:0:0:0:1, 1:0:0:0:1, 2:0:0:0:1, 3:0:0:0:2, 2:0:0:0:2, 1:0:0:0:1, 2:0:0:0:0, 1:0:1:0:0, 0:0:0:0:0, 1:0:0:0:1, 1:0:0:0:1, 2:0:0:0:2, 1:0:0:0:1, 1:0:0:0:1, 2:0:0:0:1, 1:0:0:0:1, 2:0:0:0:2, 1:0:0:0:1, 1:0:0:0:0, 1:0:0:0:0, 0:0:0:0:0, 5:0:0:0:2, 2:0:0:0:1, 2:0:0:0:1, 1:0:0:0:1, 2:0:0:0:1, 1:0:0:0:1, 2:0:0:0:2, 3:0:0:0:1, 1:0:0:0:1, 3:0:0:0:1, 3:0:0:0:2, 1:0:0:0:1, 2:0:0:0:1, 2:0:0:0:1, 5:0:0:0:2, 5:0:1:1:2, 2:0:0:0:2, 2:0:0:0:1, 2:0:0:0:2, 1:0:1:0:0, 0:0:0:0:0, 0:0:0:0:0, 1:0:0:0:0, 1:0:0:0:1, 1:0:1:0:0, 4:1:0:0:2, 1:0:0:0:1, 2:0:0:0:1, 2:0:0:0:2, 1:0:0:0:1, 0:0:0:0:0, 100:1:5:1:62
E major blues (4#), 2:0:0:0:0, 3:0:0:0:0, 3:1:0:0:1, 2:0:0:0:0, 2:0:0:0:0, 3:0:0:0:0, 3:0:0:0:0, 2:0:0:0:0, 3:0:0:0:0, 3:0:0:0:0, 1:0:0:0:0, 3:1:0:0:1, 2:0:0:0:0, 3:0:0:0:0, 3:1:0:0:1, 2:0:0:0:0, 2:0:0:0:0, 3:0:0:0:0, 3:0:0:0:0, 2:0:0:0:0, 3:0:0:0:0, 3:0:0:0:0, 1:0:0:0:0, 4:1:0:0:1, 2:0:0:0:0, 4:1:0:0:1, 4:1:0:0:1, 4:0:0:0:0, 4:0:0:0:0, 2:0:0:0:0, 3:0:1:0:1, 4:1:0:0:1, 3:1:0:0:1, 3:0:0:0:0, 2:0:0:0:0, 1:0:0:0:0, 2:0:0:0:0, 3:0:0:0:0, 3:1:0:0:1, 5:0:0:0:0, 3:0:0:0:0, 3:0:0:0:0, 1:0:0:0:0, 3:0:0:0:0, 7:1:1:0:2, 7:1:0:1:2, 3:1:0:0:1, 5:0:0:0:0, 4:0:0:0:0, 3:0:0:0:0, 1:0:0:0:0, 2:0:0:0:0, 4:0:0:0:0, 2:0:0:0:0, 1:0:0:0:0, 4:1:0:0:1, 3:0:0:0:0, 3:0:0:0:0, 2:0:0:0:0, 1:0:0:0:0, 2:0:0:0:0, 174:13:2:1:16
F minor blues (4b), 3:0:0:0:2, 2:0:0:0:2, 1:0:0:0:1, 2:0:0:0:0, 1:0:1:0:0, 0:0:0:0:0, 1:0:0:0:1, 1:0:0:0:1, 2:0:0:0:2, 1:0:0:0:1, 1:0:0:0:1, 2:0:0:0:1, 3:0:0:0:2, 2:0:0:0:2, 1:0:0:0:1, 2:0:0:0:0, 1:0:1:0:0, 0:0:0:0:0, 1:0:0:0:1, 1:0:0:0:1, 2:0:0:0:2, 1:0:0:0:1, 1:0:0:0:1, 2:0:0:0:1, 1:0:0:0:1, 2:0:0:0:2, 1:0:0:0:1, 1:0:0:0:0, 1:0:0:0:0, 0:0:0:0:0, 5:0:0:0:2, 2:0:0:0:1, 2:0:0:0:1, 1:0:0:0:1, 2:0:0:0:1, 1:0:0:0:1, 2:0:0:0:2, 3:0:0:0:1, 1:0:0:0:1, 3:0:0:0:1, 3:0:0:0:2, 1:0:0:0:1, 2:0:0:0:1, 2:0:0:0:1, 5:0:0:0:2, 5:0:1:1:2, 2:0:0:0:2, 2:0:0:0:1, 2:0:0:0:2, 1:0:1:0:0, 0:0:0:0:0, 0:0:0:0:0, 1:0:0:0:0, 1:0:0:0:1, 1:0:1:0:0, 4:1:0:0:2, 1:0:0:0:1, 2:0:0:0:1, 2:0:0:0:2, 1:0:0:0:1, 0:0:0:0:0, 100:1:5:1:62
C# minor blues (4#), 2:0:0:0:0, 3:0:0:0:0, 3:1:0:0:1, 2:0:0:0:0, 2:0:0:0:0, 3:0:0:0:0, 3:0:0:0:0, 2:0:0:0:0, 3:0:0:0:0, 3:0:0:0:0, 1:0:0:0:0, 3:1:0:0:1, 2:0:0:0:0, 3:0:0:0:0, 3:1:0:0:1, 2:0:0:0:0, 2:0:0:0:0, 3:0:0:0:0, 3:0:0:0:0, 2:0:0:0:0, 3:0:0:0:0, 3:0:0:0:0, 1:0:0:0:0, 4:1:0:0:1, 2:0:0:0:0, 4:1:0:0:1, 4:1:0:0:1, 4:0:0:0:0, 4:0:0:0:0, 2:0:0:0:0, 3:0:1:0:1, 4:1:0:0:1, 3:1:0:0:1, 3:0:0:0:0, 2:0:0:0:0, 1:0:0:0:0, 2:0:0:0:0, 3:0:0:0:0, 3:1:0:0:1, 5:0:0:0:0, 3:0:0:0:0, 3:0:0:0:0, 1:0:0:0:0, 3:0:0:0:0, 7:1:1:0:2, 7:1:0:1:2, 3:1:0:0:1, 5:0:0:0:0, 4:0:0:0:0, 3:0:0:0:0, 1:0:0:0:0, 2:0:0:0:0, 4:0:0:0:0, 2:0:0:0:0, 1:0:0:0:0, 4:1:0:0:1, 3:0:0:0:0, 3:0:0:0:0, 2:0:0:0:0, 1:0:0:0:0, 2:0:0:0:0, 174:13:2:1:16
Ab dorian (4b), 3:0:0:0:2, 2:0:0:0:2, 1:0:0:0:1, 2:0:0:0:0, 1:0:1:0:0, 0:0:0:0:0, 1:0:0:0:1, 1:0:0:0:1, 2:0:0:0:2, 1:0:0:0:1, 1:0:0:0:1, 2:0:0:0:1, 3:0:0:0:2, 2:0:0:0:2, 1:0:0:0:1, 2:0:0:0:0, 1:0:1:0:0, 0:0:0:0:0, 1:0:0:0:1, 1:0:0:0:1, 2:0:0:0:2, 1:0:0:0:1, 1:0:0:0:1, 2:0:0:0:1, 1:0:0:0:1, 2:0:0:0:2, 1:0:0:0:1, 1:0:0:0:0, 1:0:0:0:0, 0:0:0:0:0, 5:0:0:0:2, 2:0:0:0:1, 2:0:0:0:1, 1:0:0:0:1, 2:0:0:0:1, 1:0:0:0:1, 2:0:0:0:2, 3:0:0:0:1, 1:0:0:0:1, 3:0:0:0:1, 3:0:0:0:2, 1:0:0:0:1, 2:0:0:0:1, 2:0:0:0:1, 5:0:0:0:2, 5:0:1:1:2, 2:0:0:0:2, 2:0:0:0:1, 2:0:0:0:2, 1:0:1:0:0, 0:0:0:0:0, 0:0:0:0:0, 1:0:0:0:0, 1:0:0:0:1, 1:0:1:0:0, 4:1:0:0:2, 1:0:0:0:1, 2:0:0:0:1, 2:0:0:0:2, 1:0:0:0:1, 0:0:0:0:0, 100:1:5:1:62
E dorian (4#), 2:0:0:0:0, 3:0:0:0:0, 3:1:0:0:1, 2:0:0:0:0, 2:0:0:0:0, 3:0:0:0:0, 3:0:0:0:0, 2:0:0:0:0, 3:0:0:0:0, 3:0:0:0:0, 1:0:0:0:0, 3:1:0:0:1, 2:0:0:0:0, 3:0:0:0:0, 3:1:0:0:1, 2:0:0:0:0, 2:0:0:0:0, 3:0:0:0:0, 3:0:0:0:0, 2:0:0:0:0, 3:0:0:0:0, 3:0:0:0:0, 1:0:0:0:0, 4:1:0:0:1, 2:0:0:0:0, 4:1:0:0:1, 4:1:0:0:1, 4:0:0:0:0, 4:0:0:0:0, 2:0:0:0:0, 3:0:1:0:1, 4:1:0:0:1, 3:1:0:0:1, 3:0:0:0:0, 2:0:0:0:0, 1:0:0:0:0, 2:0:0:0:0, 3:0:0:0:0, 3:1:0:0:1, 5:0:0:0:0, 3:0:0:0:0, 3:0:0:0:0, 1:0:0:0:0, 3:0:0:0:0, 7:1:1:0:2, 7:1:0:1:2, 3:1:0:0:1, 5:0:0:0:0, 4:0:0:0:0, 3:0:0:0:0, 1:0:0:0:0, 2:0:0:0:0, 4:0:0:0:0, 2:0:0:0:0, 1:0:0:0:0, 4:1:0:0:1, 3:0:0:0:0, 3:0:0:0:0, 2:0:0:0:0, 1:0:0:0:0, 2:0:0:0:0, 174:13:2:1:16
Ab phrygian (4b), 3:0:0:0:2, 2:0:0:0:2, 1:0:0:0:1, 2:0:0:0:0, 1:0:1:0:0, 0:0:0:0:0, 1:0:0:0:1, 1:0:0:0:1, 2:0:0:0:2, 1:0:0:0:1, 1:0:0:0:1, 2:0:0:0:1, 3:0:0:0:2, 2:0:0:0:2, 1:0:0:0:1, 2:0:0:0:0, 1:0:1:0:0, 0:0:0:0:0, 1:0:0:0:1, 1:0:0:0:1, 2:0:0:0:2, 1:0:0:0:1, 1:0:0:0:1, 2:0:0:0:1, 1:0:0:0:1, 2:0:0:0:2, 1:0:0:0:1, 1:0:0:0:0, 1:0:0:0:0, 0:0:0:0:0, 5:0:0:0:2, 2:0:0:0:1, 2:0:0:0:1, 1:0:0:0:1, 2:0:0:0:1, 1:0:0:0:1, 2:0:0:0:2, 3:0:0:0:1, 1:0:0:0:1, 3:0:0:0:1, 3:0:0:0:2, 1:0:0:0:1, 2:0:0:0:1, 2:0:0:0:1, 5:0:0:0:2, 5:0:1:1:2, 2:0:0:0:2, 2:0:0:0:1, 2:0:0:0:2, 1:0:1:0:0, 0:0:0:0:0, 0:0:0:0:0, 1:0:0:0:0, 1:0:0:0:1, 1:0:1:0:0, 4:1:0:0:2, 1:0:0:0:1, 2:0:0:0:1, 2:0:0:0:2, 1:0:0:0:1, 0:0:0:0:0, 100:1:5:1:62
E phrygian (4#), 2:0:0:0:0, 3:0:0:0:0, 3:1:0:0:1, 2:0:0:0:0, 2:0:0:0:0, 3:0:0:0:0, 3:0:0:0:0, 2:0:0:0:0, 3:0:0:0:0, 3:0:0:0:0, 1:0:0:0:0, 3:1:0:0:1, 2:0:0:0:0, 3:0:0:0:0, 3:1:0:0:1, 2:0:0:0:0, 2:0:0:0:0, 3:0:0:0:0, 3:0:0:0:0, 2:0:0:0:0, 3:0:0:0:0, 3:0:0:0:0, 1:0:0:0:0, 4:1:0:0:1, 2:0:0:0:0, 4:1:0:0:1, 4:1:0:0:1, 4:0:0:0:0, 4:0:0:0:0, 2:0:0:0:0, 3:0:1:0:1, 4:1:0:0:1, 3:1:0:0:1, 3:0:0:0:0, 2:0:0:0:0, 1:0:0:0:0, 2:0:0:0:0, 3:0:0:0:0, 3:1:0:0:1, 5:0:0:0:0, 3:0:0:0:0, 3:0:0:0:0, 1:0:0:0:0, 3:0:0:0:0, 7:1:1:0:2, 7:1:0:1:2, 3:1:0:0:1, 5:0:0:0:0, 4:0:0:0:0, 3:0:0:0:0, 1:0:0:0:0, 2:0:0:0:0, 4:0:0:0:0, 2:0:0:0:0, 1:0:0:0:0, 4:1:0:0:1, 3:0:0:0:0, 3:0:0:0:0, 2:0:0:0:0, 1:0:0:0:0, 2:0:0:0:0, 174:13:2:1:16
Ab lydian (4b), 3:0:0:0:2, 2:0:0:0:2, 1:0:0:0:1, 2:0:0:0:0, 1:0:1:0:0, 0:0:0:0:0, 1:0:0:0:1, 1:0:0:0:1, 2:0:0:0:2, 1:0:0:0:1, 1:0:0:0:1, 2:0:0:0:1, 3:0:0:0:2, 2:0:0:0:2, 1:0:0:0:1, 2:0:0:0:0, 1:0:1:0:0, 0:0:0:0:0, 1:0:0:0:1, 1:0:0:0:1, 2:0:0:0:2, 1:0:0:0:1, 1:0:0:0:1, 2:0:0:0:1, 1:0:0:0:1, 2:0:0:0:2, 1:0:0:0:1, 1:0:0:0:0, 1:0:0:0:0, 0:0:0:0:0, 5:0:0:0:2, 2:0:0:0:1, 2:0:0:0:1, 1:0:0:0:1, 2:0:0:0:1, 1:0:0:0:1, 2:0:0:0:2, 3:0:0:0:1, 1:0:0:0:1, 3:0:0:0:1, 3:0:0:0:2, 1:0:0:0:1, 2:0:0:0:1, 2:0:0:0:1, 5:0:0:0:2, 5:0:1:1:2, 2:0:0:0:2, 2:0:0:0:1, 2:0:0:0:2, 1:0:1:0:0, 0:0:0:0:0, 0:0:0:0:0, 1:0:0:0:0, 1:0:0:0:1, 1:0:1:0:0, 4:1:0:0:2, 1:0:0:0:1, 2:0:0:0:1, 2:0:0:0:2, 1:0:0:0:1, 0:0:0:0:0, 100:1:5:1:62
E lydian (4#), 2:0:0:0:0, 3:0:0:0:0, 3:1:0:0:1, 2:0:0:0:0, 2:0:0:0:0, 3:0:0:0:0, 3:0:0:0:0, 2:0:0:0:0, 3:0:0:0:0, 3:0:0:0:0, 1:0:0:0:0, 3:1:0:0:1, 2:0:0:0:0, 3:0:0:0:0, 3:1:0:0:1, 2:0:0:0:0, 2:0:0:0:0, 3:0:0:0:0, 3:0:0:0:0, 2:0:0:0:0, 3:0:0:0:0, 3:0:0:0:0, 1:0:0:0:0, 4:1:0:0:1, 2:0:0:0:0, 4:1:0:0:1, 4:1:0:0:1, 4:0:0:0:0, 4:0:0:0:0, 2:0:0:0:0, 3:0:1:0:1, 4:1:0:0:1, 3:1:0:0:1, 3:0:0:0:0, 2:0:0:0:0, 1:0:0:0:0, 2:0:0:0:0, 3:0:0:0:0, 3:1:0:0:1, 5:0:0:0:0, 3:0:0:0:0, 3:0:0:0:0, 1:0:0:0:0, 3:0:0:0:0, 7:1:1:0:2, 7:1:0:1:2, 3:1:0:0:1, 5:0:0:0:0, 4:0:0:0:0, 3:0:0:0:0, 1:0:0:0:0, 2:0:0:0:0, 4:0:0:0:0, 2:0:0:0:0, 1:0:0:0:0, 4:1:0:0:1, 3:0:0:0:0, 3:0:0:0:0, 2:0:0:0:0, 1:0:0:0:0, 2:0:0:0:0, 174:13:2:1:16
Ab mixolydian (4b), 3:0:0:0:2, 2:0:0:0:2, 1:0:0:0:1, 2:0:0:0:0, 1:0:1:0:0, 0:0:0:0:0, 1:0:0:0:1, 1:0:0:0:1, 2:0:0:0:2, 1:0:0:0:1, 1:0:0:0:1, 2:0:0:0:1, 3:0:0:0:2, 2:0:0:0:2, 1:0:0:0:1, 2:0:0:0:0, 1:0:1:0:0, 0:0:0:0:0, 1:0:0:0:1, 1:0:0:0:1, 2:0:0:0:2, 1:0:0:0:1, 1:0:0:0:1, 2:0:0:0:1, 1:0:0:0:1, 2:0:0:0:2, 1:0:0:0:1, 1:0:0:0:0, 1:0:0:0:0, 0:0:0:0:0, 5:0:0:0:2, 2:0:0:0:1, 2:0:0:0:1, 1:0:0:0:1, 2:0:0:0:1, 1:0:0:0:1, 2:0:0:0:2, 3:0:0:0:1, 1:0:0:0:1, 3:0:0:0:1, 3:0:0:0:2, 1:0:0:0:1, 2:0:0:0:1, 2:0:0:0:1, 5:0:0:0:2, 5:0:1:1:2, 2:0:0:0:2, 2:0:0:0:1, 2:0:0:0:2, 1:0:1:0:0, 0:0:0:0:0, 0:0:0:0:0, 1:0:0:0:0, 1:0:0:0:1, 1:0:1:0:0, 4:1:0:0:2, 1:0:0:0:1, 2:0:0:0:1, 2:0:0:0:2, 1:0:0:0:1, 0:0:0:0:0, 100:1:5:1:62
E mixolydian (4#), 2:0:0:0:0, 3:0:0:0:0, 3:1:0:0:1, 2:0:0:0:0, 2:0:0:0:0, 3:0:0:0:0, 3:0:0:0:0, 2:0:0:0:0, 3:0:0:0:0, 3:0:0:0:0, 1:0:0:0:0, 3:1:0:0:1, 2:0:0:0:0, 3:0:0:0:0, 3:1:0:0:1, 2:0:0:0:0, 2:0:0:0:0, 3:0:0:0:0, 3:0:0:0:0, 2:0:0:0:0, 3:0:0:0:0, 3:0:0:0:0, 1:0:0:0:0, 4:1:0:0:1, 2:0:0:0:0, 4:1:0:0:1, 4:1:0:0:1, 4:0:0:0:0, 4:0:0:0:0, 2:0:0:0:0, 3:0:1:0:1, 4:1:0:0:1, 3:1:0:0:1, 3:0:0:0:0, 2:0:0:0:0, 1:0:0:0:0, 2:0:0:0:0, 3:0:0:0:0, 3:1:0:0:1, 5:0:0:0:0, 3:0:0:0:0, 3:0:0:0:0, 1:0:0:0:0, 3:0:0:0:0, 7:1:1:0:2, 7:1:0:1:2, 3:1:0:0:1, 5:0:0:0:0, 4:0:0:0:0, 3:0:0:0:0, 1:0:0:0:0, 2:0:0:0:0, 4:0:0:0:0, 2:0:0:0:0, 1:0:0:0:0, 4:1:0:0:1, 3:0:0:0:0, 3:0:0:0:0, 2:0:0:0:0, 1:0:0:0:0, 2:0:0:0:0, 174:13:2:1:16
Ab aeolian (4b), 3:0:0:0:2, 2:0:0:0:2, 1:0:0:0:1, 2:0:0:0:0, 1:0:1:0:0, 0:0:0:0:0, 1:0:0:0:1, 1:0:0:0:1, 2:0:0:0:2, 1:0:0:0:1, 1:0:0:0:1, 2:0:0:0:1, 3:0:0:0:2, 2:0:0:0:2, 1:0:0:0:1, 2:0:0:0:0, 1:0:1:0:0, 0:0:0:0:0, 1:0:0:0:1, 1:0:0:0:1, 2:0:0:0:2, 1:0:0:0:1, 1:0:0:0:1, 2:0:0:0:1, 1:0:0:0:1, 2:0:0:0:2, 1:0:0:0:1, 1:0:0:0:0, 1:0:0:0:0, 0:0:0:0:0, 5:0:0:0:2, 2:0:0:0:1, 2:0:0:0:1, 1:0:0:0:1, 2:0:0:0:1, 1:0:0:0:1, 2:0:0:0:2, 3:0:0:0:1, 1:0:0:0:1, 3:0:0:0:1, 3:0:0:0:2, 1:0:0:0:1, 2:0:0:0:1, 2:0:0:0:1, 5:0:0:0:2, 5:0:1:1:2, 2:0:0:0:2, 2:0:0:0:1, 2:0:0:0:2, 1:0:1:0:0, 0:0:0:0:0, 0:0:0:0:0, 1:0:0:0:0, 1:0:0:0:1, 1:0:1:0:0, 4:1:0:0:2, 1:0:0:0:1, 2:0:0:0:1, 2:0:0:0:2, 1:0:0:0:1, 0:0:0:0:0, 100:1:5:1:62
E aeolian (4#), 2:0:0:0:0, 3:0:0:0:0, 3:1:0:0:1, 2:0:0:0:0, 2:0:0:0:0, 3:0:0:0:0, 3:0:0:0:0, 2:0:0:0:0, 3:0:0:0:0, 3:0:0:0:0, 1:0:0:0:0, 3:1:0:0:1, 2:0:0:0:0, 3:0:0:0:0, 3:1:0:0:1, 2:0:0:0:0, 2:0:0:0:0, 3:0:0:0:0, 3:0:0:0:0, 2:0:0:0:0, 3:0:0:0:0, 3:0:0:0:0, 1:0:0:0:0, 4:1:0:0:1, 2:0:0:0:0, 4:1:0:0:1, 4:1:0:0:1, 4:0:0:0:0, 4:0:0:0:0, 2:0:0:0:0, 3:0:1:0:1, 4:1:0:0:1, 3:1:0:0:1, 3:0:0:0:0, 2:0:0:0:0, 1:0:0:0:0, 2:0:0:0:0, 3:0:0:0:0, 3:1:0:0:1, 5:0:0:0:0, 3:0:0:0:0, 3:0:0:0:0, 1:0:0:0:0, 3:0:0:0:0, 7:1:1:0:2, 7:1:0:1:2, 3:1:0:0:1, 5:0:0:0:0, 4:0:0:0:0, 3:0:0:0:0, 1:0:0:0:0, 2:0:0:0:0, 4:0:0:0:0, 2:0:0:0:0, 1:0:0:0:0, 4:1:0:0:1, 3:0:0:0:0, 3:0:0:0:0, 2:0:0:0:0, 1:0:0:0:0, 2:0:0:0:0, 174:13:2:1:16
Ab locrian (4b), 3:0:0:0:2, 2:0:0:0:2, 1:0:0:0:1, 2:0:0:0:0, 1:0:1:0:0, 0:0:0:0:0, 1:0:0:0:1, 1:0:0:0:1, 2:0:0:0:2, 1:0:0:0:1, 1:0:0:0:1, 2:0:0:0:1, 3:0:0:0:2, 2:0:0:0:2, 1:0:0:0:1, 2:0:0:0:0, 1:0:1:0:0, 0:0:0:0:0, 1:0:0:0:1, 1:0:0:0:1, 2:0:0:0:2, 1:0:0:0:1, 1:0:0:0:1, 2:0:0:0:1, 1:0:0:0:1, 2:0:0:0:2, 1:0:0:0:1, 1:0:0:0:0, 1:0:0:0:0, 0:0:0:0:0, 5:0:0:0:2, 2:0:0:0:1, 2:0:0:0:1, 1:0:0:0:1, 2:0:0:0:1, 1:0:0:0:1, 2:0:0:0:2, 3:0:0:0:1, 1:0:0:0:1, 3:0:0:0:1, 3:0:0:0:2, 1:0:0:0:1, 2:0:0:0:1, 2:0:0:0:1, 5:0:0:0:2, 5:0:1:1:2, 2:0:0:0:2, 2:0:0:0:1, 2:0:0:0:2, 1:0:1:0:0, 0:0:0:0:0, 0:0:0:0:0, 1:0:0:0:0, 1:0:0:0:1, 1:0:1:0:0, 4:1:0:0:2, 1:0:0:0:1, 2:0:0:0:1, 2:0:0:0:2, 1:0:0:0:1, 0:0:0:0:0, 100:1:5:1:62
E locrian (4#), 2:0:0:0:0, 3:0:0:0:0, 3:1:0:0:1, 2:0:0:0:0, 2:0:0:0:0, 3:0:0:0:0, 3:0:0:0:0, 2:0:0:0:0, 3:0:0:0:0, 3:0:0:0:0, 1:0:0:0:0, 3:1:0:0:1, 2:0:0:0:0, 3:0:0:0:0, 3:1:0:0:1, 2:0:0:0:0, 2:0:0:0:0, 3:0:0:0:0, 3:0:0:0:0, 2:0:0:0:0, 3:0:0:0:0, 3:0:0:0:0, 1:0:0:0:0, 4:1:0:0:1, 2:0:0:0:0, 4:1:0:0:1, 4:1:0:0:1, 4:0:0:0:0, 4:0:0:0:0, 2:0:0:0:0, 3:0:1:0:1, 4:1:0:0:1, 3:1:0:0:1, 3:0:0:0:0, 2:0:0:0:0, 1:0:0:0:0, 2:0:0:0:0, 3:0:0:0:0, 3:1:0:0:1, 5:0:0:0:0, 3:0:0:0:0, 3:0:0:0:0, 1:0:0:0:0, 3:0:0:0:0, 7:1:1:0:2, 7:1:0:1:2, 3:1:0:0:1, 5:0:0:0:0, 4:0:0:0:0, 3:0:0:0:0, 1:0:0:0:0, 2:0:0:0:0, 4:0:0:0:0, 2:0:0:0:0, 1:0:0:0:0, 4:1:0:0:1, 3:0:0:0:0, 3:0:0:0:0, 2:0:0:0:0, 1:0:0:0:0, 2:0:0:0:0, 174:13:2:1:16
Db major (5b), 3:0:0:0:2, 3:0:0:0:2, 2:0:0:0:1, 2:0:0:0:1, 1:0:1:0:0, 1:0:0:0:0, 2:0:0:0:1, 1:0:0:0:1, 3:0:0:0:2, 1:0:0:0:1, 1:0:0:0:1, 2:0:0:0:2, 3:0:0:0:2, 3:0:0:0:2, 2:0:0:0:1, 2:0:0:0:1, 1:0:1:0:0, 1:0:0:0:0, 2:0:0:0:1, 1:0:0:0:1, 3:0:0:0:2, 1:0:0:0:1, 1:0:0:0:1, 3:0:0:0:2, 1:0:0:0:1, 3:0:0:0:2, 2:0:0:0:1, 2:0:0:0:1, 2:0:0:0:1, 1:0:0:0:0, 5:0:0:0:3, 3:0:0:0:1, 2:0:0:0:2, 2:0:0:0:1, 2:0:0:0:2, 1:0:0:0:1, 2:0:0:0:2, 3:0:0:0:2, 2:0:0:0:1, 4:0:0:0:2, 4:0:0:0:3, 2:0:0:0:1, 2:0:0:0:2, 3:0:0:0:2, 6:0:0:0:4, 6:0:1:1:1, 3:0:0:0:2, 3:0:0:0:2, 2:0:0:0:2, 2:0:1:0:0, 0:0:0:0:0, 1:0:0:0:0, 1:0:0:0:1, 2:0:0:0:1, 1:0:1:0:0, 5:0:0:1:3, 2:0:0:0:1, 3:0:0:0:1, 2:0:0:0:2, 1:0:0:0:1, 1:0:0:0:0, 134:0:5:2:80
B major (5#), 3:0:0:0:1, 4:0:0:0:1, 4:1:0:0:2, 1:0:0:0:0, 1:0:0:0:1, 2:0:0:0:1, 4:0:0:0:0, 3:0:0:0:0, 4:0:0:0:1, 2:0:0:0:1, 2:0:0:0:0, 3:0:0:0:1, 3:0:0:0:1, 4:0:0:0:1, 4:1:0:0:2, 1:0:0:0:0, 1:0:0:0:1, 2:0:0:0:1, 4:0:0:0:0, 3:0:0:0:0, 4:0:0:0:1, 2:0:0:0:1, 2:0:0:0:0, 4:0:0:0:1, 2:0:0:0:1, 5:0:0:1:2, 4:0:0:0:1, 3:0:0:0:1, 3:0:0:0:1, 2:0:0:0:1, 4:0:1:0:2, 4:0:1:1:2, 4:0:0:1:2, 4:0:0:0:0, 3:0:0:0:0, 1:0:0:0:1, 3:0:0:0:1, 2:0:0:0:0, 4:0:0:1:1, 5:0:0:0:1, 3:0:0:0:1, 3:0:0:0:1, 2:0:0:0:0, 4:0:0:0:0, 8:0:1:0:2, 8:0:1:1:3, 3:0:0:0:0, 4:0:0:0:1, 3:0:0:0:1, 2:0:0:0:1, 1:0:0:0:0, 2:0:0:0:1, 3:0:0:0:1, 2:0:0:0:1, 1:0:0:0:0, 5:0:0:1:1, 4:0:0:0:0, 2:0:0:0:0, 3:0:0:0:1, 2:0:0:0:0, 2:0:0:0:1, 187:2:4:6:51
Bb minor (5b), 3:0:0:0:2, 3:0:0:0:2, 2:0:0:0:1, 2:0:0:0:1, 1:0:1:0:0, 1:0:0:0:0, 2:0:0:0:1, 1:0:0:0:1, 3:0:0:0:2, 1:0:0:0:1, 1:0:0:0:1, 2:0:0:0:2, 3:0:0:0:2, 3:0:0:0:2, 2:0:0:0:1, 2:0:0:0:1, 1:0:1:0:0, 1:0:0:0:0, 2:0:0:0:1, 1:0:0:0:1, 3:0:0:0:2, 1:0:0:0:1, 1:0:0:0:1, 3:0:0:0:2, 1:0:0:0:1, 3:0:0:0:2, 2:0:0:0:1, 2:0:0:0:1, 2:0:0:0:1, 1:0:0:0:0, 5:0:0:0:3, 3:0:0:0:1, 2:0:0:0:2, 2:0:0:0:1, 2:0:0:0:2, 1:0:0:0:1, 2:0:0:0:2, 3:0:0:0:2, 2:0:0:0:1, 4:0:0:0:2, 4:0:0:0:3, 2:0:0:0:1, 2:0:0:0:2, 3:0:0:0:2, 6:0:0:0:4, 6:0:1:1:1, 3:0:0:0:2, 3:0:0:0:2, 2:0:0:0:2, 2:0:1:0:0, 0:0:0:0:0, 1:0:0:0:0, 1:0:0:0:1, 2:0:0:0:1, 1:0:1:0:0, 5:0:0:1:3, 2:0:0:0:1, 3:0:0:0:1, 2:0:0:0:2, 1:0:0:0:1, 1:0:0:0:0, 134:0:5:2:80
G# minor (5#), 3:0:0:0:1, 4:0:0:0:1, 4:1:0:0:2, 1:0:0:0:0, 1:0:0:0:1, 2:0:0:0:1, 4:0:0:0:0, 3:0:0:0:0, 4:0:0:0:1, 2:0:0:0:1, 2:0:0:0:0, 3:0:0:0:1, 3:0:0:0:1, 4:0:0:0:1, 4:1:0:0:2, 1:0:0:0:0, 1:0:0:0:1, 2:0:0:0:1, 4:0:0:0:0, 3:0:0:0:0, 4:0:0:0:1, 2:0:0:0:1, 2:0:0:0:0, 4:0:0:0:1, 2:0:0:0:1, 5:0:0:1:2, 4:0:0:0:1, 3:0:0:0:1, 3:0:0:0:1, 2:0:0:0:1, 4:0:1:0:2, 4:0:1:1:2, 4:0:0:1:2, 4:0:0:0:0, 3:0:0:0:0, 1:0:0:0:1, 3:0:0:0:1, 2:0:0:0:0, 4:0:0:1:1, 5:0:0:0:1, 3:0:0:0:1, 3:0:0:0:1, 2:0:0:0:0, 4:0:0:0:0, 8:0:1:0:2, 8:0:1:1:3, 3:0:0:0:0, 4:0:0:0:1, 3:0:0:0:1, 2:0:0:0:1, 1:0:0:0:0, 2:0:0:0:1, 3:0:0:0:1, 2:0:0:0:1, 1:0:0:0:0, 5:0:0:1:1, 4:0:0:0:0, 2:0:0:0:0, 3:0:0:0:1, 2:0:0:0:0, 2:0:0:0:1, 187:2:4:6:51
Bb minor mel (5b), 3:0:0:0:2, 3:0:0:0:2, 2:0:0:0:1, 2:0:0:0:1, 1:0:1:0:0, 1:0:0:0:0, 2:0:0:0:1, 1:0:0:0:1, 3:0:0:0:2, 1:0:0:0:1, 1:0:0:0:1, 2:0:0:0:2, 3:0:0:0:2, 3:0:0:0:2, 2:0:0:0:1, 2:0:0:0:1, 1:0:1:0:0, 1:0:0:0:0, 2:0:0:0:1, 1:0:0:0:1, 3:0:0:0:2, 1:0:0:0:1, 1:0:0:0:1, 3:0:0:0:2, 1:0:0:0:1, 3:0:0:0:2, 2:0:0:0:1, 2:0:0:0:1, 2:0:0:0:1, 1:0:0:0:0, 5:0:0:0:3, 3:0:0:0:1, 2:0:0:0:2, 2:0:0:0:1, 2:0:0:0:2, 1:0:0:0:1, 2:0:0:0:2, 3:0:0:0:2, 2:0:0:0:1, 4:0:0:0:2, 4:0:0:0:3, 2:0:0:0:1, 2:0:0:0:2, 3:0:0:0:2, 6:0:0:0:4, 6:0:1:1:1, 3:0:0:0:2, 3:0:0:0:2, 2:0:0:0:2, 2:0:1:0:0, 0:0:0:0:0, 1:0:0:0:0, 1:0:0:0:1, 2:0:0:0:1, 1:0:1:0:0, 5:0:0:1:3, 2:0:0:0:1, 3:0:0:0:1, 2:0:0:0:2, 1:0:0:0:1, 1:0:0:0:0, 134:0:5:2:80
G# minor mel (5#), 3:0:0:0:1, 4:0:0:0:1, 4:1:0:0:2, 1:0:0:0:0, 1:0:0:0:1, 2:0:0:0:1, 4:0:0:0:0, 3:0:0:0:0, 4:0:0:0:1, 2:0:0:0:1, 2:0:0:0:0, 3:0:0:0:1, 3:0:0:0:1, 4:0:0:0:1, 4:1:0:0:2, 1:0:0:0:0, 1:0:0:0:1, 2:0:0:0:1, 4:0:0:0:0, 3:0:0:0:0, 4:0:0:0:1, 2:0:0:0:1, 2:0:0:0:0, 4:0:0:0:1, 2:0:0:0:1, 5:0:0:1:2, 4:0:0:0:1, 3:0:0:0:1, 3:0:0:0:1, 2:0:0:0:1, 4:0:1:0:2, 4:0:1:1:2, 4:0:0:1:2, 4:0:0:0:0, 3:0:0:0:0, 1:0:0:0:1, 3:0:0:0:1, 2:0:0:0:0, 4:0:0:1:1, 5:0:0:0:1, 3:0:0:0:1, 3:0:0:0:1, 2:0:0:0:0, 4:0:0:0:0, 8:0:1:0:2, 8:0:1:1:3, 3:0:0:0:0, 4:0:0:0:1, 3:0:0:0:1, 2:0:0:0:1, 1:0:0:0:0, 2:0:0:0:1, 3:0:0:0:1, 2:0:0:0:1, 1:0:0:0:0, 5:0:0:1:1, 4:0:0:0:0, 2:0:0:0:0, 3:0:0:0:1, 2:0:0:0:0, 2:0:0:0:1, 187:2:4:6:51
Db major blues (5b), 3:0:0:0:2, 3:0:0:0:2, 2:0:0:0:1, 2:0:0:0:1, 1:0:1:0:0, 1:0:0:0:0, 2:0:0:0:1, 1:0:0:0:1, 3:0:0:0:2, 1:0:0:0:1, 1:0:0:0:1, 2:0:0:0:2, 3:0:0:0:2, 3:0:0:0:2, 2:0:0:0:1, 2:0:0:0:1, 1:0:1:0:0, 1:0:0:0:0, 2:0:0:0:1, 1:0:0:0:1, 3:0:0:0:2, 1:0:0:0:1, 1:0:0:0:1, 3:0:0:0:2, 1:0:0:0:1, 3:0:0:0:2, 2:0:0:0:1, 2:0:0:0:1, 2:0:0:0:1, 1:0:0:0:0, 5:0:0:0:3, 3:0:0:0:1, 2:0:0:0:2, 2:0:0:0:1, 2:0:0:0:2, 1:0:0:0:1, 2:0:0:0:2, 3:0:0:0:2, 2:0:0:0:1, 4:0:0:0:2, 4:0:0:0:3, 2:0:0:0:1, 2:0:0:0:2, 3:0:0:0:2, 6:0:0:0:4, 6:0:1:1:1, 3:0:0:0:2, 3:0:0:0:2, 2:0:0:0:2, 2:0:1:0:0, 0:0:0:0:0, 1:0:0:0:0, 1:0:0:0:1, 2:0:0:0:1, 1:0:1:0:0, 5:0:0:1:3, 2:0:0:0:1, 3:0:0:0:1, 2:0:0:0:2, 1:0:0:0:1, 1:0:0:0:0, 134:0:5:2:80
B major blues (5#), 3:0:0:0:1, 4:0:0:0:1, 4:1:0:0:2, 1:0:0:0:0, 1:0:0:0:1, 2:0:0:0:1, 4:0:0:0:0, 3:0:0:0:0, 4:0:0:0:1, 2:0:0:0:1, 2:0:0:0:0, 3:0:0:0:1, 3:0:0:0:1, 4:0:0:0:1, 4:1:0:0:2, 1:0:0:0:0, 1:0:0:0:1, 2:0:0:0:1, 4:0:0:0:0, 3:0:0:0:0, 4:0:0:0:1, 2:0:0:0:1, 2:0:0:0:0, 4:0:0:0:1, 2:0:0:0:1, 5:0:0:1:2, 4:0:0:0:1, 3:0:0:0:1, 3:0:0:0:1, 2:0:0:0:1, 4:0:1:0:2, 4:0:1:1:2, 4:0:0:1:2, 4:0:0:0:0, 3:0:0:0:0, 1:0:0:0:1, 3:0:0:0:1, 2:0:0:0:0, 4:0:0:1:1, 5:0:0:0:1, 3:0:0:0:1, 3:0:0:0:1, 2:0:0:0:0, 4:0:0:0:0, 8:0:1:0:2, 8:0:1:1:3, 3:0:0:0:0, 4:0:0:0:1, 3:0:0:0:1, 2:0:0:0:1, 1:0:0:0:0, 2:0:0:0:1, 3:0:0:0:1, 2:0:0:0:1, 1:0:0:0:0, 5:0:0:1:1, 4:0:0:0:0, 2:0:0:0:0, 3:0:0:0:1, 2:0:0:0:0, 2:0:0:0:1, 187:2:4:6:51
Bb minor blues (5b), 3:0:0:0:2, 3:0:0:0:2, 2:0:0:0:1, 2:0:0:0:1, 1:0:1:0:0, 1:0:0:0:0, 2:0:0:0:1, 1:0:0:0:1, 3:0:0:0:2, 1:0:0:0:1, 1:0:0:0:1, 2:0:0:0:2, 3:0:0:0:2, 3:0:0:0:2, 2:0:0:0:1, 2:0:0:0:1, 1:0:1:0:0, 1:0:0:0:0, 2:0:0:0:1, 1:0:0:0:1, 3:0:0:0:2, 1:0:0:0:1, 1:0:0:0:1, 3:0:0:0:2, 1:0:0:0:1, 3:0:0:0:2, 2:0:0:0:1, 2:0:0:0:1, 2:0:0:0:1, 1:0:0:0:0, 5:0:0:0:3, 3:0:0:0:1, 2:0:0:0:2, 2:0:0:0:1, 2:0:0:0:2, 1:0:0:0:1, 2:0:0:0:2, 3:0:0:0:2, 2:0:0:0:1, 4:0:0:0:2, 4:0:0:0:3, 2:0:0:0:1, 2:0:0:0:2, 3:0:0:0:2, 6:0:0:0:4, 6:0:1:1:1, 3:0:0:0:2, 3:0:0:0:2, 2:0:0:0:2, 2:0:1:0:0, 0:0:0:0:0, 1:0:0:0:0, 1:0:0:0:1, 2:0:0:0:1, 1:0:1:0:0, 5:0:0:1:3, 2:0:0:0:1, 3:0:0:0:1, 2:0:0:0:2, 1:0:0:0:1, 1:0:0:0:0, 134:0:5:2:80
G# minor blues (5#), 3:0:0:0:1, 4:0:0:0:1, 4:1:0:0:2, 1:0:0:0:0, 1:0:0:0:1, 2:0:0:0:1, 4:0:0:0:0, 3:0:0:0:0, 4:0:0:0:1, 2:0:0:0:1, 2:0:0:0:0, 3:0:0:0:1, 3:0:0:0:1, 4:0:0:0:1, 4:1:0:0:2, 1:0:0:0:0, 1:0:0:0:1, 2:0:0:0:1, 4:0:0:0:0, 3:0:0:0:0, 4:0:0:0:1, 2:0:0:0:1, 2:0:0:0:0, 4:0:0:0:1, 2:0:0:0:1, 5:0:0:1:2, 4:0:0:0:1, 3:0:0:0:1, 3:0:0:0:1, 2:0:0:0:1, 4:0:1:0:2, 4:0:1:1:2, 4:0:0:1:2, 4:0:0:0:0, 3:0:0:0:0, 1:0:0:0:1, 3:0:0:0:1, 2:0:0:0:0, 4:0:0:1:1, 5:0:0:0:1, 3:0:0:0:1, 3:0:0:0:1, 2:0:0:0:0, 4:0:0:0:0, 8:0:1:0:2, 8:0:1:1:3, 3:0:0:0:0, 4:0:0:0:1, 3:0:0:0:1, 2:0:0:0:1, 1:0:0:0:0, 2:0:0:0:1, 3:0:0:0:1, 2:0:0:0:1, 1:0:0:0:0, 5:0:0:1:1, 4:0:0:0:0, 2:0:0:0:0, 3:0:0:0:1, 2:0:0:0:0, 2:0:0:0:1, 187:2:4:6:51
Db dorian (5b), 3:0:0:0:2, 3:0:0:0:2, 2:0:0:0:1, 2:0:0:0:1, 1:0:1:0:0, 1:0:0:0:0, 2:0:0:0:1, 1:0:0:0:1, 3:0:0:0:2, 1:0:0:0:1, 1:0:0:0:1, 2:0:0:0:2, 3:0:0:0:2, 3:0:0:0:2, 2:0:0:0:1, 2:0:0:0:1, 1:0:1:0:0, 1:0:0:0:0, 2:0:0:0:1, 1:0:0:0:1, 3:0:0:0:2, 1:0:0:0:1, 1:0:0:0:1, 3:0:0:0:2, 1:0:0:0:1, 3:0:0:0:2, 2:0:0:0:1, 2:0:0:0:1, 2:0:0:0:1, 1:0:0:0:0, 5:0:0:0:3, 3:0:0:0:1, 2:0:0:0:2, 2:0:0:0:1, 2:0:0:0:2, 1:0:0:0:1, 2:0:0:0:2, 3:0:0:0:2, 2:0:0:0:1, 4:0:0:0:2, 4:0:0:0:3, 2:0:0:0:1, 2:0:0:0:2, 3:0:0:0:2, 6:0:0:0:4, 6:0:1:1:1, 3:0:0:0:2, 3:0:0:0:2, 2:0:0:0:2, 2:0:1:0:0, 0:0:0:0:0, 1:0:0:0:0, 1:0:0:0:1, 2:0:0:0:1, 1:0:1:0:0, 5:0:0:1:3, 2:0:0:0:1, 3:0:0:0:1, 2:0:0:0:2, 1:0:0:0:1, 1:0:0:0:0, 134:0:5:2:80
B dorian (5#), 3:0:0:0:1, 4:0:0:0:1, 4:1:0:0:2, 1:0:0:0:0, 1:0:0:0:1, 2:0:0:0:1, 4:0:0:0:0, 3:0:0:0:0, 4:0:0:0:1, 2:0:0:0:1, 2:0:0:0:0, 3:0:0:0:1, 3:0:0:0:1, 4:0:0:0:1, 4:1:0:0:2, 1:0:0:0:0, 1:0:0:0:1, 2:0:0:0:1, 4:0:0:0:0, 3:0:0:0:0, 4:0:0:0:1, 2:0:0:0:1, 2:0:0:0:0, 4:0:0:0:1, 2:0:0:0:1, 5:0:0:1:2, 4:0:0:0:1, 3:0:0:0:1, 3:0:0:0:1, 2:0:0:0:1, 4:0:1:0:2, 4:0:1:1:2, 4:0:0:1:2, 4:0:0:0:0, 3:0:0:0:0, 1:0:0:0:1, 3:0:0:0:1, 2:0:0:0:0, 4:0:0:1:1, 5:0:0:0:1, 3:0:0:0:1, 3:0:0:0:1, 2:0:0:0:0, 4:0:0:0:0, 8:0:1:0:2, 8:0:1:1:3, 3:0:0:0:0, 4:0:0:0:1, 3:0:0:0:1, 2:0:0:0:1, 1:0:0:0:0, 2:0:0:0:1, 3:0:0:0:1, 2:0:0:0:1, 1:0:0:0:0, 5:0:0:1:1, 4:0:0:0:0, 2:0:0:0:0, 3:0:0:0:1, 2:0:0:0:0, 2:0:0:0:1, 187:2:4:6:51
Db phrygian (5b), 3:0:0:0:2, 3:0:0:0:2, 2:0:0:0:1, 2:0:0:0:1, 1:0:1:0:0, 1:0:0:0:0, 2:0:0:0:1, 1:0:0:0:1, 3:0:0:0:2, 1:0:0:0:1, 1:0:0:0:1, 2:0:0:0:2, 3:0:0:0:2, 3:0:0:0:2, 2:0:0:0:1, 2:0:0:0:1, 1:0:1:0:0, 1:0:0:0:0, 2:0:0:0:1, 1:0:0:0:1, 3:0:0:0:2, 1:0:0:0:1, 1:0:0:0:1, 3:0:0:0:2, 1:0:0:0:1, 3:0:0:0:2, 2:0:0:0:1, 2:0:0:0:1, 2:0:0:0:1, 1:0:0:0:0, 5:0:0:0:3, 3:0:0:0:1, 2:0:0:0:2, 2:0:0:0:1, 2:0:0:0:2, 1:0:0:0:1, 2:0:0:0:2, 3:0:0:0:2, 2:0:0:0:1, 4:0:0:0:2, 4:0:0:0:3, 2:0:0:0:1, 2:0:0:0:2, 3:0:0:0:2, 6:0:0:0:4, 6:0:1:1:1, 3:0:0:0:2, 3:0:0:0:2, 2:0:0:0:2, 2:0:1:0:0, 0:0:0:0:0, 1:0:0:0:0, 1:0:0:0:1, 2:0:0:0:1, 1:0:1:0:0, 5:0:0:1:3, 2:0:0:0:1, 3:0:0:0:1, 2:0:0:0:2, 1:0:0:0:1, 1:0:0:0:0, 134:0:5:2:80
B phrygian (5#), 3:0:0:0:1, 4:0:0:0:1, 4:1:0:0:2, 1:0:0:0:0, 1:0:0:0:1, 2:0:0:0:1, 4:0:0:0:0, 3:0:0:0:0, 4:0:0:0:1, 2:0:0:0:1, 2:0:0:0:0, 3:0:0:0:1, 3:0:0:0:1, 4:0:0:0:1, 4:1:0:0:2, 1:0:0:0:0, 1:0:0:0:1, 2:0:0:0:1, 4:0:0:0:0, 3:0:0:0:0, 4:0:0:0:1, 2:0:0:0:1, 2:0:0:0:0, 4:0:0:0:1, 2:0:0:0:1, 5:0:0:1:2, 4:0:0:0:1, 3:0:0:0:1, 3:0:0:0:1, 2:0:0:0:1, 4:0:1:0:2, 4:0:1:1:2, 4:0:0:1:2, 4:0:0:0:0, 3:0:0:0:0, 1:0:0:0:1, 3:0:0:0:1, 2:0:0:0:0, 4:0:0:1:1, 5:0:0:0:1, 3:0:0:0:1, 3:0:0:0:1, 2:0:0:0:0, 4:0:0:0:0, 8:0:1:0:2, 8:0:1:1:3, 3:0:0:0:0, 4:0:0:0:1, 3:0:0:0:1, 2:0:0:0:1, 1:0:0:0:0, 2:0:0:0:1, 3:0:0:0:1, 2:0:0:0:1, 1:0:0:0:0, 5:0:0:1:1, 4:0:0:0:0, 2:0:0:0:0, 3:0:0:0:1, 2:0:0:0:0, 2:0:0:0:1, 187:2:4:6:51
Db lydian (5b), 3:0:0:0:2, 3:0:0:0:2, 2:0:0:0:1, 2:0:0:0:1, 1:0:1:0:0, 1:0:0:0:0, 2:0:0:0:1, 1:0:0:0:1, 3:0:0:0:2, 1:0:0:0:1, 1:0:0:0:1, 2:0:0:0:2, 3:0:0:0:2, 3:0:0:0:2, 2:0:0:0:1, 2:0:0:0:1, 1:0:1:0:0, 1:0:0:0:0, 2:0:0:0:1, 1:0:0:0:1, 3:0:0:0:2, 1:0:0:0:1, 1:0:0:0:1, 3:0:0:0:2, 1:0:0:0:1, 3:0:0:0:2, 2:0:0:0:1, 2:0:0:0:1, 2:0:0:0:1, 1:0:0:0:0, 5:0:0:0:3, 3:0:0:0:1, 2:0:0:0:2, 2:0:0:0:1, 2:0:0:0:2, 1:0:0:0:1, 2:0:0:0:2, 3:0:0:0:2, 2:0:0:0:1, 4:0:0:0:2, 4:0:0:0:3, 2:0:0:0:1, 2:0:0:0:2, 3:0:0:0:2, 6:0:0:0:4, 6:0:1:1:1, 3:0:0:0:2, 3:0:0:0:2, 2:0:0:0:2, 2:0:1:0:0, 0:0:0:0:0, 1:0:0:0:0, 1:0:0:0:1, 2:0:0:0:1, 1:0:1:0:0, 5:0:0:1:3, 2:0:0:0:1, 3:0:0:0:1, 2:0:0:0:2, 1:0:0:0:1, 1:0:0:0:0, 134:0:5:2:80
B lydian (5#), 3:0:0:0:1, 4:0:0:0:1, 4:1:0:0:2, 1:0:0:0:0, 1:0:0:0:1, 2:0:0:0:1, 4:0:0:0:0, 3:0:0:0:0, 4:0:0:0:1, 2:0:0:0:1, 2:0:0:0:0, 3:0:0:0:1, 3:0:0:0:1, 4:0:0:0:1, 4:1:0:0:2, 1:0:0:0:0, 1:0:0:0:1, 2:0:0:0:1, 4:0:0:0:0, 3:0:0:0:0, 4:0:0:0:1, 2:0:0:0:1, 2:0:0:0:0, 4:0:0:0:1, 2:0:0:0:1, 5:0:0:1:2, 4:0:0:0:1, 3:0:0:0:1, 3:0:0:0:1, 2:0:0:0:1, 4:0:1:0:2, 4:0:1:1:2, 4:0:0:1:2, 4:0:0:0:0, 3:0:0:0:0, 1:0:0:0:1, 3:0:0:0:1, 2:0:0:0:0, 4:0:0:1:1, 5:0:0:0:1, 3:0:0:0:1, 3:0:0:0:1, 2:0:0:0:0, 4:0:0:0:0, 8:0:1:0:2, 8:0:1:1:3, 3:0:0:0:0, 4:0:0:0:1, 3:0:0:0:1, 2:0:0:0:1, 1:0:0:0:0, 2:0:0:0:1, 3:0:0:0:1, 2:0:0:0:1, 1:0:0:0:0, 5:0:0:1:1, 4:0:0:0:0, 2:0:0:0:0, 3:0:0:0:1, 2:0:0:0:0, 2:0:0:0:1, 187:2:4:6:51
Db mixolydian (5b), 3:0:0:0:2, 3:0:0:0:2, 2:0:0:0:1, 2:0:0:0:1, 1:0:1:0:0, 1:0:0:0:0, 2:0:0:0:1, 1:0:0:0:1, 3:0:0:0:2, 1:0:0:0:1, 1:0:0:0:1, 2:0:0:0:2, 3:0:0:0:2, 3:0:0:0:2, 2:0:0:0:1, 2:0:0:0:1, 1:0:1:0:0, 1:0:0:0:0, 2:0:0:0:1, 1:0:0:0:1, 3:0:0:0:2, 1:0:0:0:1, 1:0:0:0:1, 3:0:0:0:2, 1:0:0:0:1, 3:0:0:0:2, 2:0:0:0:1, 2:0:0:0:1, 2:0:0:0:1, 1:0:0:0:0, 5:0:0:0:3, 3:0:0:0:1, 2:0:0:0:2, 2:0:0:0:1, 2:0:0:0:2, 1:0:0:0:1, 2:0:0:0:2, 3:0:0:0:2, 2:0:0:0:1, 4:0:0:0:2, 4:0:0:0:3, 2:0:0:0:1, 2:0:0:0:2, 3:0:0:0:2, 6:0:0:0:4, 6:0:1:1:1, 3:0:0:0:2, 3:0:0:0:2, 2:0:0:0:2, 2:0:1:0:0, 0:0:0:0:0, 1:0:0:0:0, 1:0:0:0:1, 2:0:0:0:1, 1:0:1:0:0, 5:0:0:1:3, 2:0:0:0:1, 3:0:0:0:1, 2:0:0:0:2, 1:0:0:0:1, 1:0:0:0:0, 134:0:5:2:80
B mixolydian (5#), 3:0:0:0:1, 4:0:0:0:1, 4:1:0:0:2, 1:0:0:0:0, 1:0:0:0:1, 2:0:0:0:1, 4:0:0:0:0, 3:0:0:0:0, 4:0:0:0:1, 2:0:0:0:1, 2:0:0:0:0, 3:0:0:0:1, 3:0:0:0:1, 4:0:0:0:1, 4:1:0:0:2, 1:0:0:0:0, 1:0:0:0:1, 2:0:0:0:1, 4:0:0:0:0, 3:0:0:0:0, 4:0:0:0:1, 2:0:0:0:1, 2:0:0:0:0, 4:0:0:0:1, 2:0:0:0:1, 5:0:0:1:2, 4:0:0:0:1, 3:0:0:0:1, 3:0:0:0:1, 2:0:0:0:1, 4:0:1:0:2, 4:0:1:1:2, 4:0:0:1:2, 4:0:0:0:0, 3:0:0:0:0, 1:0:0:0:1, 3:0:0:0:1, 2:0:0:0:0, 4:0:0:1:1, 5:0:0:0:1, 3:0:0:0:1, 3:0:0:0:1, 2:0:0:0:0, 4:0:0:0:0, 8:0:1:0:2, 8:0:1:1:3, 3:0:0:0:0, 4:0:0:0:1, 3:0:0:0:1, 2:0:0:0:1, 1:0:0:0:0, 2:0:0:0:1, 3:0:0:0:1, 2:0:0:0:1, 1:0:0:0:0, 5:0:0:1:1, 4:0:0:0:0, 2:0:0:0:0, 3:0:0:0:1, 2:0:0:0:0, 2:0:0:0:1, 187:2:4:6:51
Db aeolian (5b), 3:0:0:0:2, 3:0:0:0:2, 2:0:0:0:1, 2:0:0:0:1, 1:0:1:0:0, 1:0:0:0:0, 2:0:0:0:1, 1:0:0:0:1, 3:0:0:0:2, 1:0:0:0:1, 1:0:0:0:1, 2:0:0:0:2, 3:0:0:0:2, 3:0:0:0:2, 2:0:0:0:1, 2:0:0:0:1, 1:0:1:0:0, 1:0:0:0:0, 2:0:0:0:1, 1:0:0:0:1, 3:0:0:0:2, 1:0:0:0:1, 1:0:0:0:1, 3:0:0:0:2, 1:0:0:0:1, 3:0:0:0:2, 2:0:0:0:1, 2:0:0:0:1, 2:0:0:0:1, 1:0:0:0:0, 5:0:0:0:3, 3:0:0:0:1, 2:0:0:0:2, 2:0:0:0:1, 2:0:0:0:2, 1:0:0:0:1, 2:0:0:0:2, 3:0:0:0:2, 2:0:0:0:1, 4:0:0:0:2, 4:0:0:0:3, 2:0:0:0:1, 2:0:0:0:2, 3:0:0:0:2, 6:0:0:0:4, 6:0:1:1:1, 3:0:0:0:2, 3:0:0:0:2, 2:0:0:0:2, 2:0:1:0:0, 0:0:0:0:0, 1:0:0:0:0, 1:0:0:0:1, 2:0:0:0:1, 1:0:1:0:0, 5:0:0:1:3, 2:0:0:0:1, 3:0:0:0:1, 2:0:0:0:2, 1:0:0:0:1, 1:0:0:0:0, 134:0:5:2:80
B aeolian (5#), 3:0:0:0:1, 4:0:0:0:1, 4:1:0:0:2, 1:0:0:0:0, 1:0:0:0:1, 2:0:0:0:1, 4:0:0:0:0, 3:0:0:0:0, 4:0:0:0:1, 2:0:0:0:1, 2:0:0:0:0, 3:0:0:0:1, 3:0:0:0:1, 4:0:0:0:1, 4:1:0:0:2, 1:0:0:0:0, 1:0:0:0:1, 2:0:0:0:1, 4:0:0:0:0, 3:0:0:0:0, 4:0:0:0:1, 2:0:0:0:1, 2:0:0:0:0, 4:0:0:0:1, 2:0:0:0:1, 5:0:0:1:2, 4:0:0:0:1, 3:0:0:0:1, 3:0:0:0:1, 2:0:0:0:1, 4:0:1:0:2, 4:0:1:1:2, 4:0:0:1:2, 4:0:0:0:0, 3:0:0:0:0, 1:0:0:0:1, 3:0:0:0:1, 2:0:0:0:0, 4:0:0:1:1, 5:0:0:0:1, 3:0:0:0:1, 3:0:0:0:1, 2:0:0:0:0, 4:0:0:0:0, 8:0:1:0:2, 8:0:1:1:3, 3:0:0:0:0, 4:0:0:0:1, 3:0:0:0:1, 2:0:0:0:1, 1:0:0:0:0, 2:0:0:0:1, 3:0:0:0:1, 2:0:0:0:1, 1:0:0:0:0, 5:0:0:1:1, 4:0:0:0:0, 2:0:0:0:0, 3:0:0:0:1, 2:0:0:0:0, 2:0:0:0:1, 187:2:4:6:51
Db locrian (5b), 3:0:0:0:2, 3:0:0:0:2, 2:0:0:0:1, 2:0:0:0:1, 1:0:1:0:0, 1:0:0:0:0, 2:0:0:0:1, 1:0:0:0:1, 3:0:0:0:2, 1:0:0:0:1, 1:0:0:0:1, 2:0:0:0:2, 3:0:0:0:2, 3:0:0:0:2, 2:0:0:0:1, 2:0:0:0:1, 1:0:1:0:0, 1:0:0:0:0, 2:0:0:0:1, 1:0:0:0:1, 3:0:0:0:2, 1:0:0:0:1, 1:0:0:0:1, 3:0:0:0:2, 1:0:0:0:1, 3:0:0:0:2, 2:0:0:0:1, 2:0:0:0:1, 2:0:0:0:1, 1:0:0:0:0, 5:0:0:0:3, 3:0:0:0:1, 2:0:0:0:2, 2:0:0:0:1, 2:0:0:0:2, 1:0:0:0:1, 2:0:0:0:2, 3:0:0:0:2, 2:0:0:0:1, 4:0:0:0:2, 4:0:0:0:3, 2:0:0:0:1, 2:0:0:0:2, 3:0:0:0:2, 6:0:0:0:4, 6:0:1:1:1, 3:0:0:0:2, 3:0:0:0:2, 2:0:0:0:2, 2:0:1:0:0, 0:0:0:0:0, 1:0:0:0:0, 1:0:0:0:1, 2:0:0:0:1, 1:0:1:0:0, 5:0:0:1:3, 2:0:0:0:1, 3:0:0:0:1, 2:0:0:0:2, 1:0:0:0:1, 1:0:0:0:0, 134:0:5:2:80
B locrian (5#), 3:0:0:0:1, 4:0:0:0:1, 4:1:0:0:2, 1:0:0:0:0, 1:0:0:0:1, 2:0:0:0:1, 4:0:0:0:0, 3:0:0:0:0, 4:0:0:0:1, 2:0:0:0:1, 2:0:0:0:0, 3:0:0:0:1, 3:0:0:0:1, 4:0:0:0:1, 4:1:0:0:2, 1:0:0:0:0, 1:0:0:0:1, 2:0:0:0:1, 4:0:0:0:0, 3:0:0:0:0, 4:0:0:0:1, 2:0:0:0:1, 2:0:0:0:0, 4:0:0:0:1, 2:0:0:0:1, 5:0:0:1:2, 4:0:0:0:1, 3:0:0:0:1, 3:0:0:0:1, 2:0:0:0:1, 4:0:1:0:2, 4:0:1:1:2, 4:0:0:1:2, 4:0:0:0:0, 3:0:0:0:0, 1:0:0:0:1, 3:0:0:0:1, 2:0:0:0:0, 4:0:0:1:1, 5:0:0:0:1, 3:0:0:0:1, 3:0:0:0:1, 2:0:0:0:0, 4:0:0:0:0, 8:0:1:0:2, 8:0:1:1:3, 3:0:0:0:0, 4:0:0:0:1, 3:0:0:0:1, 2:0:0:0:1, 1:0:0:0:0, 2:0:0:0:1, 3:0:0:0:1, 2:0:0:0:1, 1:0:0:0:0, 5:0:0:1:1, 4:0:0:0:0, 2:0:0:0:0, 3:0:0:0:1, 2:0:0:0:0, 2:0:0:0:1, 187:2:4:6:51
Gb major (6b), 4:0:0:0:2, 4:0:0:0:3, 2:0:0:0:2, 2:0:0:0:1, 0:0:0:0:0, 1:0:0:0:1, 3:0:0:0:2, 2:0:0:0:1, 4:0:0:0:3, 2:0:0:0:1, 2:0:0:0:1, 2:0:0:0:2, 4:0:0:0:2, 4:0:0:0:3, 2:0:0:0:2, 2:0:0:0:1, 0:0:0:0:0, 1:0:0:0:1, 3:0:0:0:2, 2:0:0:0:1, 4:0:0:0:3, 2:0:0:0:1, 2:0:0:0:1, 3:0:0:0:3, 1:1:1:0:1, 4:0:0:0:3, 3:0:0:0:2, 2:0:0:0:2, 2:0:0:0:2, 1:0:0:0:1, 6:0:0:0:3, 4:0:0:0:2, 2:0:0:0:2, 3:0:0:0:2, 3:0:0:0:2, 1:0:0:0:1, 2:1:1:0:2, 3:1:1:0:2, 3:0:0:0:2, 5:0:0:0:3, 3:0:0:0:3, 3:0:0:0:2, 2:0:0:0:2, 3:0:0:0:3, 7:0:0:0:5, 7:0:1:1:2, 4:0:0:0:3, 4:0:0:0:3, 3:0:0:0:1, 1:0:0:0:1, 1:0:0:0:0, 1:0:0:0:1, 2:0:0:0:1, 1:0:0:0:1, 2:0:1:0:0, 6:0:0:1:2, 3:0:0:0:2, 3:0:0:1:2, 2:0:0:0:1, 2:0:0:0:1, 1:0:0:0:1, 163:3:5:3:108
F# major (6#), 3:1:1:0:2, 4:1:1:0:2, 3:1:0:0:1, 1:0:0:0:0, 0:0:0:0:0, 1:0:0:0:0, 4:0:0:0:1, 3:0:0:0:1, 4:1:1:0:2, 2:1:1:0:2, 2:0:0:0:1, 2:0:0:0:0, 3:1:1:0:2, 4:1:1:0:2, 3:1:0:0:1, 1:0:0:0:0, 0:0:0:0:0, 1:0:0:0:0, 4:0:0:0:1, 3:0:0:0:1, 4:1:1:0:2, 2:1:1:0:2, 2:0:0:0:1, 3:0:0:0:0, 1:0:0:0:1, 5:1:1:1:3, 3:0:0:0:1, 2:0:0:0:0, 2:0:0:0:0, 1:0:0:0:0, 4:1:2:0:1, 4:0:1:1:1, 3:0:0:1:1, 4:0:0:0:1, 3:0:0:0:1, 1:0:0:0:0, 2:0:0:0:1, 2:0:0:0:1, 4:0:0:1:2, 5:1:1:0:2, 3:0:0:0:0, 3:0:0:0:1, 2:0:0:0:0, 4:0:0:0:0, 8:1:1:0:2, 8:0:1:1:1, 4:0:0:0:1, 4:0:0:0:1, 2:0:0:0:1, 1:0:0:0:0, 1:0:0:0:1, 1:0:0:0:0, 2:0:0:0:1, 1:0:0:0:0, 2:0:0:0:1, 5:0:0:1:2, 4:0:0:0:1, 2:0:0:0:1, 2:0:0:0:1, 2:0:0:0:1, 1:0:0:0:0, 167:14:15:6:56
Eb minor (6b), 4:0:0:0:2, 4:0:0:0:3, 2:0:0:0:2, 2:0:0:0:1, 0:0:0:0:0, 1:0:0:0:1, 3:0:0:0:2, 2:0:0:0:1, 4:0:0:0:3, 2:0:0:0:1, 2:0:0:0:1, 2:0:0:0:2, 4:0:0:0:2, 4:0:0:0:3, 2:0:0:0:2, 2:0:0:0:1, 0:0:0:0:0, 1:0:0:0:1, 3:0:0:0:2, 2:0:0:0:1, 4:0:0:0:3, 2:0:0:0:1, 2:0:0:0:1, 3:0:0:0:3, 1:1:1:0:1, 4:0:0:0:3, 3:0:0:0:2, 2:0:0:0:2, 2:0:0:0:2, 1:0:0:0:1, 6:0:0:0:3, 4:0:0:0:2, 2:0:0:0:2, 3:0:0:0:2, 3:0:0:0:2, 1:0:0:0:1, 2:1:1:0:2, 3:1:1:0:2, 3:0:0:0:2, 5:0:0:0:3, 3:0:0:0:3, 3:0:0:0:2, 2:0:0:0:2, 3:0:0:0:3, 7:0:0:0:5, 7:0:1:1:2, 4:0:0:0:3, 4:0:0:0:3, 3:0:0:0:1, 1:0:0:0:1, 1:0:0:0:0, 1:0:0:0:1, 2:0:0:0:1, 1:0:0:0:1, 2:0:1:0:0, 6:0:0:1:2, 3:0:0:0:2, 3:0:0:1:2, 2:0:0:0:1, 2:0:0:0:1, 1:0:0:0:1, 163:3:5:3:108
D# minor (6#), 3:1:1:0:2, 4:1:1:0:2, 3:1:0:0:1, 1:0:0:0:0, 0:0:0:0:0, 1:0:0:0:0, 4:0:0:0:1, 3:0:0:0:1, 4:1:1:0:2, 2:1:1:0:2, 2:0:0:0:1, 2:0:0:0:0, 3:1:1:0:2, 4:1:1:0:2, 3:1:0:0:1, 1:0:0:0:0, 0:0:0:0:0, 1:0:0:0:0, 4:0:0:0:1, 3:0:0:0:1, 4:1:1:0:2, 2:1:1:0:2, 2:0:0:0:1, 3:0:0:0:0, 1:0:0:0:1, 5:1:1:1:3, 3:0:0:0:1, 2:0:0:0:0, 2:0:0:0:0, 1:0:0:0:0, 4:1:2:0:1, 4:0:1:1:1, 3:0:0:1:1, 4:0:0:0:1, 3:0:0:0:1, 1:0:0:0:0, 2:0:0:0:1, 2:0:0:0:1, 4:0:0:1:2, 5:1:1:0:2, 3:0:0:0:0, 3:0:0:0:1, 2:0:0:0:0, 4:0:0:0:0, 8:1:1:0:2, 8:0:1:1:1, 4:0:0:0:1, 4:0:0:0:1, 2:0:0:0:1, 1:0:0:0:0, 1:0:0:0:1, 1:0:0:0:0, 2:0:0:0:1, 1:0:0:0:0, 2:0:0:0:1, 5:0:0:1:2, 4:0:0:0:1, 2:0:0:0:1, 2:0:0:0:1, 2:0:0:0:1, 1:0:0:0:0, 167:14:15:6:56
Eb minor mel (6b), 4:0:0:0:2, 4:0:0:0:3, 2:0:0:0:2, 2:0:0:0:1, 0:0:0:0:0, 1:0:0:0:1, 3:0:0:0:2, 2:0:0:0:1, 4:0:0:0:3, 2:0:0:0:1, 2:0:0:0:1, 2:0:0:0:2, 4:0:0:0:2, 4:0:0:0:3, 2:0:0:0:2, 2:0:0:0:1, 0:0:0:0:0, 1:0:0:0:1, 3:0:0:0:2, 2:0:0:0:1, 4:0:0:0:3, 2:0:0:0:1, 2:0:0:0:1, 3:0:0:0:3, 1:1:1:0:1, 4:0:0:0:3, 3:0:0:0:2, 2:0:0:0:2, 2:0:0:0:2, 1:0:0:0:1, 6:0:0:0:3, 4:0:0:0:2, 2:0:0:0:2, 3:0:0:0:2, 3:0:0:0:2, 1:0:0:0:1, 2:1:1:0:2, 3:1:1:0:2, 3:0:0:0:2, 5:0:0:0:3, 3:0:0:0:3, 3:0:0:0:2, 2:0:0:0:2, 3:0:0:0:3, 7:0:0:0:5, 7:0:1:1:2, 4:0:0:0:3, 4:0:0:0:3, 3:0:0:0:1, 1:0:0:0:1, 1:0:0:0:0, 1:0:0:0:1, 2:0:0:0:1, 1:0:0:0:1, 2:0:1:0:0, 6:0:0:1:2, 3:0:0:0:2, 3:0:0:1:2, 2:0:0:0:1, 2:0:0:0:1, 1:0:0:0:1, 163:3:5:3:108
D# minor mel (6#), 3:1:1:0:2, 4:1:1:0:2, 3:1:0:0:1, 1:0:0:0:0, 0:0:0:0:0, 1:0:0:0:0, 4:0:0:0:1, 3:0:0:0:1, 4:1:1:0:2, 2:1:1:0:2, 2:0:0:0:1, 2:0:0:0:0, 3:1:1:0:2, 4:1:1:0:2, 3:1:0:0:1, 1:0:0:0:0, 0:0:0:0:0, 1:0:0:0:0, 4:0:0:0:1, 3:0:0:0:1, 4:1:1:0:2, 2:1:1:0:2, 2:0:0:0:1, 3:0:0:0:0, 1:0:0:0:1, 5:1:1:1:3, 3:0:0:0:1, 2:0:0:0:0, 2:0:0:0:0, 1:0:0:0:0, 4:1:2:0:1, 4:0:1:1:1, 3:0:0:1:1, 4:0:0:0:1, 3:0:0:0:1, 1:0:0:0:0, 2:0:0:0:1, 2:0:0:0:1, 4:0:0:1:2, 5:1:1:0:2, 3:0:0:0:0, 3:0:0:0:1, 2:0:0:0:0, 4:0:0:0:0, 8:1:1:0:2, 8:0:1:1:1, 4:0:0:0:1, 4:0:0:0:1, 2:0:0:0:1, 1:0:0:0:0, 1:0:0:0:1, 1:0:0:0:0, 2:0:0:0:1, 1:0:0:0:0, 2:0:0:0:1, 5:0:0:1:2, 4:0:0:0:1, 2:0:0:0:1, 2:0:0:0:1, 2:0:0:0:1, 1:0:0:0:0, 167:14:15:6:56
Gb major blues (6b), 4:0:0:0:2, 4:0:0:0:3, 2:0:0:0:2, 2:0:0:0:1, 0:0:0:0:0, 1:0:0:0:1, 3:0:0:0:2, 2:0:0:0:1, 4:0:0:0:3, 2:0:0:0:1, 2:0:0:0:1, 2:0:0:0:2, 4:0:0:0:2, 4:0:0:0:3, 2:0:0:0:2, 2:0:0:0:1, 0:0:0:0:0, 1:0:0:0:1, 3:0:0:0:2, 2:0:0:0:1, 4:0:0:0:3, 2:0:0:0:1, 2:0:0:0:1, 3:0:0:0:3, 1:1:1:0:1, 4:0:0:0:3, 3:0:0:0:2, 2:0:0:0:2, 2:0:0:0:2, 1:0:0:0:1, 6:0:0:0:3, 4:0:0:0:2, 2:0:0:0:2, 3:0:0:0:2, 3:0:0:0:2, 1:0:0:0:1, 2:1:1:0:2, 3:1:1:0:2, 3:0:0:0:2, 5:0:0:0:3, 3:0:0:0:3, 3:0:0:0:2, 2:0:0:0:2, 3:0:0:0:3, 7:0:0:0:5, 7:0:1:1:2, 4:0:0:0:3, 4:0:0:0:3, 3:0:0:0:1, 1:0:0:0:1, 1:0:0:0:0, 1:0:0:0:1, 2:0:0:0:1, 1:0:0:0:1, 2:0:1:0:0, 6:0:0:1:2, 3:0:0:0:2, 3:0:0:1:2, 2:0:0:0:1, 2:0:0:0:1, 1:0:0:0:1, 163:3:5:3:108
F# major blues (6#), 3:1:1:0:2, 4:1:1:0:2, 3:1:0:0:1, 1:0:0:0:0, 0:0:0:0:0, 1:0:0:0:0, 4:0:0:0:1, 3:0:0:0:1, 4:1:1:0:2, 2:1:1:0:2, 2:0:0:0:1, 2:0:0:0:0, 3:1:1:0:2, 4:1:1:0:2, 3:1:0:0:1, 1:0:0:0:0, 0:0:0:0:0, 1:0:0:0:0, 4:0:0:0:1, 3:0:0:0:1, 4:1:1:0:2, 2:1:1:0:2, 2:0:0:0:1, 3:0:0:0:0, 1:0:0:0:1, 5:1:1:1:3, 3:0:0:0:1, 2:0:0:0:0, 2:0:0:0:0, 1:0:0:0:0, 4:1:2:0:1, 4:0:1:1:1, 3:0:0:1:1, 4:0:0:0:1, 3:0:0:0:1, 1:0:0:0:0, 2:0:0:0:1, 2:0:0:0:1, 4:0:0:1:2, 5:1:1:0:2, 3:0:0:0:0, 3:0:0:0:1, 2:0:0:0:0, 4:0:0:0:0, 8:1:1:0:2, 8:0:1:1:1, 4:0:0:0:1, 4:0:0:0:1, 2:0:0:0:1, 1:0:0:0:0, 1:0:0:0:1, 1:0:0:0:0, 2:0:0:0:1, 1:0:0:0:0, 2:0:0:0:1, 5:0:0:1:2, 4:0:0:0:1, 2:0:0:0:1, 2:0:0:0:1, 2:0:0:0:1, 1:0:0:0:0, 167:14:15:6:56
Eb minor blues (6b), 4:0:0:0:2, 4:0:0:0:3, 2:0:0:0:2, 2:0:0:0:1, 0:0:0:0:0, 1:0:0:0:1, 3:0:0:0:2, 2:0:0:0:1, 4:0:0:0:3, 2:0:0:0:1, 2:0:0:0:1, 2:0:0:0:2, 4:0:0:0:2, 4:0:0:0:3, 2:0:0:0:2, 2:0:0:0:1, 0:0:0:0:0, 1:0:0:0:1, 3:0:0:0:2, 2:0:0:0:1, 4:0:0:0:3, 2:0:0:0:1, 2:0:0:0:1, 3:0:0:0:3, 1:1:1:0:1, 4:0:0:0:3, 3:0:0:0:2, 2:0:0:0:2, 2:0:0:0:2, 1:0:0:0:1, 6:0:0:0:3, 4:0:0:0:2, 2:0:0:0:2, 3:0:0:0:2, 3:0:0:0:2, 1:0:0:0:1, 2:1:1:0:2, 3:1:1:0:2, 3:0:0:0:2, 5:0:0:0:3, 3:0:0:0:3, 3:0:0:0:2, 2:0:0:0:2, 3:0:0:0:3, 7:0:0:0:5, 7:0:1:1:2, 4:0:0:0:3, 4:0:0:0:3, 3:0:0:0:1, 1:0:0:0:1, 1:0:0:0:0, 1:0:0:0:1, 2:0:0:0:1, 1:0:0:0:1, 2:0:1:0:0, 6:0:0:1:2, 3:0:0:0:2, 3:0:0:1:2, 2:0:0:0:1, 2:0:0:0:1, 1:0:0:0:1, 163:3:5:3:108
D# minor blues (6#), 3:1:1:0:2, 4:1:1:0:2, 3:1:0:0:1, 1:0:0:0:0, 0:0:0:0:0, 1:0:0:0:0, 4:0:0:0:1, 3:0:0:0:1, 4:1:1:0:2, 2:1:1:0:2, 2:0:0:0:1, 2:0:0:0:0, 3:1:1:0:2, 4:1:1:0:2, 3:1:0:0:1, 1:0:0:0:0, 0:0:0:0:0, 1:0:0:0:0, 4:0:0:0:1, 3:0:0:0:1, 4:1:1:0:2, 2:1:1:0:2, 2:0:0:0:1, 3:0:0:0:0, 1:0:0:0:1, 5:1:1:1:3, 3:0:0:0:1, 2:0:0:0:0, 2:0:0:0:0, 1:0:0:0:0, 4:1:2:0:1, 4:0:1:1:1, 3:0:0:1:1, 4:0:0:0:1, 3:0:0:0:1, 1:0:0:0:0, 2:0:0:0:1, 2:0:0:0:1, 4:0:0:1:2, 5:1:1:0:2, 3:0:0:0:0, 3:0:0:0:1, 2:0:0:0:0, 4:0:0:0:0, 8:1:1:0:2, 8:0:1:1:1, 4:0:0:0:1, 4:0:0:0:1, 2:0:0:0:1, 1:0:0:0:0, 1:0:0:0:1, 1:0:0:0:0, 2:0:0:0:1, 1:0:0:0:0, 2:0:0:0:1, 5:0:0:1:2, 4:0:0:0:1, 2:0:0:0:1, 2:0:0:0:1, 2:0:0:0:1, 1:0:0:0:0, 167:14:15:6:56
Gb dorian (6b), 4:0:0:0:2, 4:0:0:0:3, 2:0:0:0:2, 2:0:0:0:1, 0:0:0:0:0, 1:0:0:0:1, 3:0:0:0:2, 2:0:0:0:1, 4:0:0:0:3, 2:0:0:0:1, 2:0:0:0:1, 2:0:0:0:2, 4:0:0:0:2, 4:0:0:0:3, 2:0:0:0:2, 2:0:0:0:1, 0:0:0:0:0, 1:0:0:0:1, 3:0:0:0:2, 2:0:0:0:1, 4:0:0:0:3, 2:0:0:0:1, 2:0:0:0:1, 3:0:0:0:3, 1:1:1:0:1, 4:0:0:0:3, 3:0:0:0:2, 2:0:0:0:2, 2:0:0:0:2, 1:0:0:0:1, 6:0:0:0:3, 4:0:0:0:2, 2:0:0:0:2, 3:0:0:0:2, 3:0:0:0:2, 1:0:0:0:1, 2:1:1:0:2, 3:1:1:0:2, 3:0:0:0:2, 5:0:0:0:3, 3:0:0:0:3, 3:0:0:0:2, 2:0:0:0:2, 3:0:0:0:3, 7:0:0:0:5, 7:0:1:1:2, 4:0:0:0:3, 4:0:0:0:3, 3:0:0:0:1, 1:0:0:0:1, 1:0:0:0:0, 1:0:0:0:1, 2:0:0:0:1, 1:0:0:0:1, 2:0:1:0:0, 6:0:0:1:2, 3:0:0:0:2, 3:0:0:1:2, 2:0:0:0:1, 2:0:0:0:1, 1:0:0:0:1, 163:3:5:3:108
F# dorian (6#), 3:1:1:0:2, 4:1:1:0:2, 3:1:0:0:1, 1:0:0:0:0, 0:0:0:0:0, 1:0:0:0:0, 4:0:0:0:1, 3:0:0:0:1, 4:1:1:0:2, 2:1:1:0:2, 2:0:0:0:1, 2:0:0:0:0, 3:1:1:0:2, 4:1:1:0:2, 3:1:0:0:1, 1:0:0:0:0, 0:0:0:0:0, 1:0:0:0:0, 4:0:0:0:1, 3:0:0:0:1, 4:1:1:0:2, 2:1:1:0:2, 2:0:0:0:1, 3:0:0:0:0, 1:0:0:0:1, 5:1:1:1:3, 3:0:0:0:1, 2:0:0:0:0, 2:0:0:0:0, 1:0:0:0:0, 4:1:2:0:1, 4:0:1:1:1, 3:0:0:1:1, 4:0:0:0:1, 3:0:0:0:1, 1:0:0:0:0, 2:0:0:0:1, 2:0:0:0:1, 4:0:0:1:2, 5:1:1:0:2, 3:0:0:0:0, 3:0:0:0:1, 2:0:0:0:0, 4:0:0:0:0, 8:1:1:0:2, 8:0:1:1:1, 4:0:0:0:1, 4:0:0:0:1, 2:0:0:0:1, 1:0:0:0:0, 1:0:0:0:1, 1:0:0:0:0, 2:0:0:0:1, 1:0:0:0:0, 2:0:0:0:1, 5:0:0:1:2, 4:0:0:0:1, 2:0:0:0:1, 2:0:0:0:1, 2:0:0:0:1, 1:0:0:0:0, 167:14:15:6:56
Gb phrygian (6b), 4:0:0:0:2, 4:0:0:0:3, 2:0:0:0:2, 2:0:0:0:1, 0:0:0:0:0, 1:0:0:0:1, 3:0:0:0:2, 2:0:0:0:1, 4:0:0:0:3, 2:0:0:0:1, 2:0:0:0:1, 2:0:0:0:2, 4:0:0:0:2, 4:0:0:0:3, 2:0:0:0:2, 2:0:0:0:1, 0:0:0:0:0, 1:0:0:0:1, 3:0:0:0:2, 2:0:0:0:1, 4:0:0:0:3, 2:0:0:0:1, 2:0:0:0:1, 3:0:0:0:3, 1:1:1:0:1, 4:0:0:0:3, 3:0:0:0:2, 2:0:0:0:2, 2:0:0:0:2, 1:0:0:0:1, 6:0:0:0:3, 4:0:0:0:2, 2:0:0:0:2, 3:0:0:0:2, 3:0:0:0:2, 1:0:0:0:1, 2:1:1:0:2, 3:1:1:0:2, 3:0:0:0:2, 5:0:0:0:3, 3:0:0:0:3, 3:0:0:0:2, 2:0:0:0:2, 3:0:0:0:3, 7:0:0:0:5, 7:0:1:1:2, 4:0:0:0:3, 4:0:0:0:3, 3:0:0:0:1, 1:0:0:0:1, 1:0:0:0:0, 1:0:0:0:1, 2:0:0:0:1, 1:0:0:0:1, 2:0:1:0:0, 6:0:0:1:2, 3:0:0:0:2, 3:0:0:1:2, 2:0:0:0:1, 2:0:0:0:1, 1:0:0:0:1, 163:3:5:3:108
F# phrygian (6#), 3:1:1:0:2, 4:1:1:0:2, 3:1:0:0:1, 1:0:0:0:0, 0:0:0:0:0, 1:0:0:0:0, 4:0:0:0:1, 3:0:0:0:1, 4:1:1:0:2, 2:1:1:0:2, 2:0:0:0:1, 2:0:0:0:0, 3:1:1:0:2, 4:1:1:0:2, 3:1:0:0:1, 1:0:0:0:0, 0:0:0:0:0, 1:0:0:0:0, 4:0:0:0:1, 3:0:0:0:1, 4:1:1:0:2, 2:1:1:0:2, 2:0:0:0:1, 3:0:0:0:0, 1:0:0:0:1, 5:1:1:1:3, 3:0:0:0:1, 2:0:0:0:0, 2:0:0:0:0, 1:0:0:0:0, 4:1:2:0:1, 4:0:1:1:1, 3:0:0:1:1, 4:0:0:0:1, 3:0:0:0:1, 1:0:0:0:0, 2:0:0:0:1, 2:0:0:0:1, 4:0:0:1:2, 5:1:1:0:2, 3:0:0:0:0, 3:0:0:0:1, 2:0:0:0:0, 4:0:0:0:0, 8:1:1:0:2, 8:0:1:1:1, 4:0:0:0:1, 4:0:0:0:1, 2:0:0:0:1, 1:0:0:0:0, 1:0:0:0:1, 1:0:0:0:0, 2:0:0:0:1, 1:0:0:0:0, 2:0:0:0:1, 5:0:0:1:2, 4:0:0:0:1, 2:0:0:0:1, 2:0:0:0:1, 2:0:0:0:1, 1:0:0:0:0, 167:14:15:6:56
Gb lydian (6b), 4:0:0:0:2, 4:0:0:0:3, 2:0:0:0:2, 2:0:0:0:1, 0:0:0:0:0, 1:0:0:0:1, 3:0:0:0:2, 2:0:0:0:1, 4:0:0:0:3, 2:0:0:0:1, 2:0:0:0:1, 2:0:0:0:2, 4:0:0:0:2, 4:0:0:0:3, 2:0:0:0:2, 2:0:0:0:1, 0:0:0:0:0, 1:0:0:0:1, 3:0:0:0:2, 2:0:0:0:1, 4:0:0:0:3, 2:0:0:0:1, 2:0:0:0:1, 3:0:0:0:3, 1:1:1:0:1, 4:0:0:0:3, 3:0:0:0:2, 2:0:0:0:2, 2:0:0:0:2, 1:0:0:0:1, 6:0:0:0:3, 4:0:0:0:2, 2:0:0:0:2, 3:0:0:0:2, 3:0:0:0:2, 1:0:0:0:1, 2:1:1:0:2, 3:1:1:0:2, 3:0:0:0:2, 5:0:0:0:3, 3:0:0:0:3, 3:0:0:0:2, 2:0:0:0:2, 3:0:0:0:3, 7:0:0:0:5, 7:0:1:1:2, 4:0:0:0:3, 4:0:0:0:3, 3:0:0:0:1, 1:0:0:0:1, 1:0:0:0:0, 1:0:0:0:1, 2:0:0:0:1, 1:0:0:0:1, 2:0:1:0:0, 6:0:0:1:2, 3:0:0:0:2, 3:0:0:1:2, 2:0:0:0:1, 2:0:0:0:1, 1:0:0:0:1, 163:3:5:3:108
F# lydian (6#), 3:1:1:0:2, 4:1:1:0:2, 3:1:0:0:1, 1:0:0:0:0, 0:0:0:0:0, 1:0:0:0:0, 4:0:0:0:1, 3:0:0:0:1, 4:1:1:0:2, 2:1:1:0:2, 2:0:0:0:1, 2:0:0:0:0, 3:1:1:0:2, 4:1:1:0:2, 3:1:0:0:1, 1:0:0:0:0, 0:0:0:0:0, 1:0:0:0:0, 4:0:0:0:1, 3:0:0:0:1, 4:1:1:0:2, 2:1:1:0:2, 2:0:0:0:1, 3:0:0:0:0, 1:0:0:0:1, 5:1:1:1:3, 3:0:0:0:1, 2:0:0:0:0, 2:0:0:0:0, 1:0:0:0:0, 4:1:2:0:1, 4:0:1:1:1, 3:0:0:1:1, 4:0:0:0:1, 3:0:0:0:1, 1:0:0:0:0, 2:0:0:0:1, 2:0:0:0:1, 4:0:0:1:2, 5:1:1:0:2, 3:0:0:0:0, 3:0:0:0:1, 2:0:0:0:0, 4:0:0:0:0, 8:1:1:0:2, 8:0:1:1:1, 4:0:0:0:1, 4:0:0:0:1, 2:0:0:0:1, 1:0:0:0:0, 1:0:0:0:1, 1:0:0:0:0, 2:0:0:0:1, 1:0:0:0:0, 2:0:0:0:1, 5:0:0:1:2, 4:0:0:0:1, 2:0:0:0:1, 2:0:0:0:1, 2:0:0:0:1, 1:0:0:0:0, 167:14:15:6:56
Gb mixolydian (6b), 4:0:0:0:2, 4:0:0:0:3, 2:0:0:0:2, 2:0:0:0:1, 0:0:0:0:0, 1:0:0:0:1, 3:0:0:0:2, 2:0:0:0:1, 4:0:0:0:3, 2:0:0:0:1, 2:0:0:0:1, 2:0:0:0:2, 4:0:0:0:2, 4:0:0:0:3, 2:0:0:0:2, 2:0:0:0:1, 0:0:0:0:0, 1:0:0:0:1, 3:0:0:0:2, 2:0:0:0:1, 4:0:0:0:3, 2:0:0:0:1, 2:0:0:0:1, 3:0:0:0:3, 1:1:1:0:1, 4:0:0:0:3, 3:0:0:0:2, 2:0:0:0:2, 2:0:0:0:2, 1:0:0:0:1, 6:0:0:0:3, 4:0:0:0:2, 2:0:0:0:2, 3:0:0:0:2, 3:0:0:0:2, 1:0:0:0:1, 2:1:1:0:2, 3:1:1:0:2, 3:0:0:0:2, 5:0:0:0:3, 3:0:0:0:3, 3:0:0:0:2, 2:0:0:0:2, 3:0:0:0:3, 7:0:0:0:5, 7:0:1:1:2, 4:0:0:0:3, 4:0:0:0:3, 3:0:0:0:1, 1:0:0:0:1, 1:0:0:0:0, 1:0:0:0:1, 2:0:0:0:1, 1:0:0:0:1, 2:0:1:0:0, 6:0:0:1:2, 3:0:0:0:2, 3:0:0:1:2, 2:0:0:0:1, 2:0:0:0:1, 1:0:0:0:1, 163:3:5:3:108
F# mixolydian (6#), 3:1:1:0:2, 4:1:1:0:2, 3:1:0:0:1, 1:0:0:0:0, 0:0:0:0:0, 1:0:0:0:0, 4:0:0:0:1, 3:0:0:0:1, 4:1:1:0:2, 2:1:1:0:2, 2:0:0:0:1, 2:0:0:0:0, 3:1:1:0:2, 4:1:1:0:2, 3:1:0:0:1, 1:0:0:0:0, 0:0:0:0:0, 1:0:0:0:0, 4:0:0:0:1, 3:0:0:0:1, 4:1:1:0:2, 2:1:1:0:2, 2:0:0:0:1, 3:0:0:0:0, 1:0:0:0:1, 5:1:1:1:3, 3:0:0:0:1, 2:0:0:0:0, 2:0:0:0:0, 1:0:0:0:0, 4:1:2:0:1, 4:0:1:1:1, 3:0:0:1:1, 4:0:0:0:1, 3:0:0:0:1, 1:0:0:0:0, 2:0:0:0:1, 2:0:0:0:1, 4:0:0:1:2, 5:1:1:0:2, 3:0:0:0:0, 3:0:0:0:1, 2:0:0:0:0, 4:0:0:0:0, 8:1:1:0:2, 8:0:1:1:1, 4:0:0:0:1, 4:0:0:0:1, 2:0:0:0:1, 1:0:0:0:0, 1:0:0:0:1, 1:0:0:0:0, 2:0:0:0:1, 1:0:0:0:0, 2:0:0:0:1, 5:0:0:1:2, 4:0:0:0:1, 2:0:0:0:1, 2:0:0:0:1, 2:0:0:0:1, 1:0:0:0:0, 167:14:15:6:56
Gb aeolian (6b), 4:0:0:0:2, 4:0:0:0:3, 2:0:0:0:2, 2:0:0:0:1, 0:0:0:0:0, 1:0:0:0:1, 3:0:0:0:2, 2:0:0:0:1, 4:0:0:0:3, 2:0:0:0:1, 2:0:0:0:1, 2:0:0:0:2, 4:0:0:0:2, 4:0:0:0:3, 2:0:0:0:2, 2:0:0:0:1, 0:0:0:0:0, 1:0:0:0:1, 3:0:0:0:2, 2:0:0:0:1, 4:0:0:0:3, 2:0:0:0:1, 2:0:0:0:1, 3:0:0:0:3, 1:1:1:0:1, 4:0:0:0:3, 3:0:0:0:2, 2:0:0:0:2, 2:0:0:0:2, 1:0:0:0:1, 6:0:0:0:3, 4:0:0:0:2, 2:0:0:0:2, 3:0:0:0:2, 3:0:0:0:2, 1:0:0:0:1, 2:1:1:0:2, 3:1:1:0:2, 3:0:0:0:2, 5:0:0:0:3, 3:0:0:0:3, 3:0:0:0:2, 2:0:0:0:2, 3:0:0:0:3, 7:0:0:0:5, 7:0:1:1:2, 4:0:0:0:3, 4:0:0:0:3, 3:0:0:0:1, 1:0:0:0:1, 1:0:0:0:0, 1:0:0:0:1, 2:0:0:0:1, 1:0:0:0:1, 2:0:1:0:0, 6:0:0:1:2, 3:0:0:0:2, 3:0:0:1:2, 2:0:0:0:1, 2:0:0:0:1, 1:0:0:0:1, 163:3:5:3:108
F# aeolian (6#), 3:1:1:0:2, 4:1:1:0:2, 3:1:0:0:1, 1:0:0:0:0, 0:0:0:0:0, 1:0:0:0:0, 4:0:0:0:1, 3:0:0:0:1, 4:1:1:0:2, 2:1:1:0:2, 2:0:0:0:1, 2:0:0:0:0, 3:1:1:0:2, 4:1:1:0:2, 3:1:0:0:1, 1:0:0:0:0, 0:0:0:0:0, 1:0:0:0:0, 4:0:0:0:1, 3:0:0:0:1, 4:1:1:0:2, 2:1:1:0:2, 2:0:0:0:1, 3:0:0:0:0, 1:0:0:0:1, 5:1:1:1:3, 3:0:0:0:1, 2:0:0:0:0, 2:0:0:0:0, 1:0:0:0:0, 4:1:2:0:1, 4:0:1:1:1, 3:0:0:1:1, 4:0:0:0:1, 3:0:0:0:1, 1:0:0:0:0, 2:0:0:0:1, 2:0:0:0:1, 4:0:0:1:2, 5:1:1:0:2, 3:0:0:0:0, 3:0:0:0:1, 2:0:0:0:0, 4:0:0:0:0, 8:1:1:0:2, 8:0:1:1:1, 4:0:0:0:1, 4:0:0:0:1, 2:0:0:0:1, 1:0:0:0:0, 1:0:0:0:1, 1:0:0:0:0, 2:0:0:0:1, 1:0:0:0:0, 2:0:0:0:1, 5:0:0:1:2, 4:0:0:0:1, 2:0:0:0:1, 2:0:0:0:1, 2:0:0:0:1, 1:0:0:0:0, 167:14:15:6:56
Gb locrian (6b), 4:0:0:0:2, 4:0:0:0:3, 2:0:0:0:2, 2:0:0:0:1, 0:0:0:0:0, 1:0:0:0:1, 3:0:0:0:2, 2:0:0:0:1, 4:0:0:0:3, 2:0:0:0:1, 2:0:0:0:1, 2:0:0:0:2, 4:0:0:0:2, 4:0:0:0:3, 2:0:0:0:2, 2:0:0:0:1, 0:0:0:0:0, 1:0:0:0:1, 3:0:0:0:2, 2:0:0:0:1, 4:0:0:0:3, 2:0:0:0:1, 2:0:0:0:1, 3:0:0:0:3, 1:1:1:0:1, 4:0:0:0:3, 3:0:0:0:2, 2:0:0:0:2, 2:0:0:0:2, 1:0:0:0:1, 6:0:0:0:3, 4:0:0:0:2, 2:0:0:0:2, 3:0:0:0:2, 3:0:0:0:2, 1:0:0:0:1, 2:1:1:0:2, 3:1:1:0:2, 3:0:0:0:2, 5:0:0:0:3, 3:0:0:0:3, 3:0:0:0:2, 2:0:0:0:2, 3:0:0:0:3, 7:0:0:0:5, 7:0:1:1:2, 4:0:0:0:3, 4:0:0:0:3, 3:0:0:0:1, 1:0:0:0:1, 1:0:0:0:0, 1:0:0:0:1, 2:0:0:0:1, 1:0:0:0:1, 2:0:1:0:0, 6:0:0:1:2, 3:0:0:0:2, 3:0:0:1:2, 2:0:0:0:1, 2:0:0:0:1, 1:0:0:0:1, 163:3:5:3:108
F# locrian (6#), 3:1:1:0:2, 4:1:1:0:2, 3:1:0:0:1, 1:0:0:0:0, 0:0:0:0:0, 1:0:0:0:0, 4:0:0:0:1, 3:0:0:0:1, 4:1:1:0:2, 2:1:1:0:2, 2:0:0:0:1, 2:0:0:0:0, 3:1:1:0:2, 4:1:1:0:2, 3:1:0:0:1, 1:0:0:0:0, 0:0:0:0:0, 1:0:0:0:0, 4:0:0:0:1, 3:0:0:0:1, 4:1:1:0:2, 2:1:1:0:2, 2:0:0:0:1, 3:0:0:0:0, 1:0:0:0:1, 5:1:1:1:3, 3:0:0:0:1, 2:0:0:0:0, 2:0:0:0:0, 1:0:0:0:0, 4:1:2:0:1, 4:0:1:1:1, 3:0:0:1:1, 4:0:0:0:1, 3:0:0:0:1, 1:0:0:0:0, 2:0:0:0:1, 2:0:0:0:1, 4:0:0:1:2, 5:1:1:0:2, 3:0:0:0:0, 3:0:0:0:1, 2:0:0:0:0, 4:0:0:0:0, 8:1:1:0:2, 8:0:1:1:1, 4:0:0:0:1, 4:0:0:0:1, 2:0:0:0:1, 1:0:0:0:0, 1:0:0:0:1, 1:0:0:0:0, 2:0:0:0:1, 1:0:0:0:0, 2:0:0:0:1, 5:0:0:1:2, 4:0:0:0:1, 2:0:0:0:1, 2:0:0:0:1, 2:0:0:0:1, 1:0:0:0:0, 167:14:15:6:56
Cb major (7b), 4:1:1:0:3, 4:1:1:0:4, 3:0:0:0:2, 2:0:0:0:1, 1:0:0:0:0, 2:0:0:0:1, 3:0:0:0:3, 2:0:0:0:2, 4:1:1:0:4, 2:1:1:0:2, 2:0:0:0:2, 3:0:0:0:2, 4:1:1:0:3, 4:1:1:0:4, 3:0:0:0:2, 2:0:0:0:1, 1:0:0:0:0, 2:0:0:0:1, 3:0:0:0:3, 2:0:0:0:2, 4:1:1:0:4, 2:1:1:0:2, 2:0:0:0:2, 4:0:0:0:3, 2:1:1:0:1, 4:0:0:0:3, 4:0:0:0:3, 3:0:0:0:2, 3:0:0:0:2, 2:0:0:0:1, 6:0:0:0:3, 4:0:0:0:3, 3:0:0:0:2, 3:0:0:0:3, 3:0:0:0:3, 1:1:1:0:1, 3:1:1:0:2, 3:1:1:0:2, 3:0:0:0:3, 6:0:0:0:3, 3:1:1:0:3, 3:1:1:0:3, 2:0:0:0:2, 3:0:0:0:3, 8:0:0:0:6, 7:1:1:1:4, 3:0:0:0:3, 4:1:1:0:4, 4:0:0:0:2, 2:0:0:0:1, 1:0:0:0:1, 2:0:0:0:1, 3:0:0:0:2, 2:0:0:0:1, 1:0:0:0:1, 6:0:0:1:3, 3:0:0:0:3, 3:0:0:1:1, 3:0:0:0:2, 2:0:0:0:2, 2:0:0:0:1, 185:16:16:3:139
C# major (7#), 2:1:1:0:1, 3:1:1:0:2, 3:1:0:0:2, 1:0:0:0:0, 1:0:0:0:0, 1:0:0:0:1, 3:0:0:0:1, 2:0:0:0:0, 3:1:1:0:2, 1:1:1:0:1, 1:0:0:0:0, 2:0:0:0:0, 2:1:1:0:1, 3:1:1:0:2, 3:1:0:0:2, 1:0:0:0:0, 1:0:0:0:0, 1:0:0:0:1, 3:0:0:0:1, 2:0:0:0:0, 3:1:1:0:2, 1:1:1:0:1, 1:0:0:0:0, 3:0:0:0:1, 1:1:1:0:1, 4:1:1:1:3, 2:0:0:0:1, 2:0:0:0:1, 2:0:0:0:1, 1:0:0:0:1, 3:1:1:0:1, 3:0:0:1:2, 3:0:0:1:1, 3:0:0:0:1, 2:0:0:0:0, 1:0:0:0:0, 2:1:1:0:1, 2:1:1:0:1, 3:0:0:1:2, 4:1:1:0:2, 4:0:0:0:1, 2:0:0:0:1, 2:0:0:0:0, 4:0:0:0:1, 7:1:0:0:3, 7:0:0:1:3, 3:0:0:0:1, 3:0:0:0:1, 2:0:0:0:0, 2:0:0:0:1, 0:0:0:0:0, 1:0:0:0:1, 1:0:0:0:0, 2:0:0:0:1, 1:0:0:0:0, 4:0:0:1:2, 3:0:0:0:1, 2:1:1:0:2, 2:1:1:0:1, 1:0:0:0:0, 1:0:0:0:1, 139:19:16:6:61
Ab minor (7b), 4:1:1:0:3, 4:1:1:0:4, 3:0:0:0:2, 2:0:0:0:1, 1:0:0:0:0, 2:0:0:0:1, 3:0:0:0:3, 2:0:0:0:2, 4:1:1:0:4, 2:1:1:0:2, 2:0:0:0:2, 3:0:0:0:2, 4:1:1:0:3, 4:1:1:0:4, 3:0:0:0:2, 2:0:0:0:1, 1:0:0:0:0, 2:0:0:0:1, 3:0:0:0:3, 2:0:0:0:2, 4:1:1:0:4, 2:1:1:0:2, 2:0:0:0:2, 4:0:0:0:3, 2:1:1:0:1, 4:0:0:0:3, 4:0:0:0:3, 3:0:0:0:2, 3:0:0:0:2, 2:0:0:0:1, 6:0:0:0:3, 4:0:0:0:3, 3:0:0:0:2, 3:0:0:0:3, 3:0:0:0:3, 1:1:1:0:1, 3:1:1:0:2, 3:1:1:0:2, 3:0:0:0:3, 6:0:0:0:3, 3:1:1:0:3, 3:1:1:0:3, 2:0:0:0:2, 3:0:0:0:3, 8:0:0:0:6, 7:1:1:1:4, 3:0:0:0:3, 4:1:1:0:4, 4:0:0:0:2, 2:0:0:0:1, 1:0:0:0:1, 2:0:0:0:1, 3:0:0:0:2, 2:0:0:0:1, 1:0:0:0:1, 6:0:0:1:3, 3:0:0:0:3, 3:0:0:1:1, 3:0:0:0:2, 2:0:0:0:2, 2:0:0:0:1, 185:16:16:3:139
A# minor (7#), 2:1:1:0:1, 3:1:1:0:2, 3:1:0:0:2, 1:0:0:0:0, 1:0:0:0:0, 1:0:0:0:1, 3:0:0:0:1, 2:0:0:0:0, 3:1:1:0:2, 1:1:1:0:1, 1:0:0:0:0, 2:0:0:0:0, 2:1:1:0:1, 3:1:1:0:2, 3:1:0:0:2, 1:0:0:0:0, 1:0:0:0:0, 1:0:0:0:1, 3:0:0:0:1, 2:0:0:0:0, 3:1:1:0:2, 1:1:1:0:1, 1:0:0:0:0, 3:0:0:0:1, 1:1:1:0:1, 4:1:1:1:3, 2:0:0:0:1, 2:0:0:0:1, 2:0:0:0:1, 1:0:0:0:1, 3:1:1:0:1, 3:0:0:1:2, 3:0:0:1:1, 3:0:0:0:1, 2:0:0:0:0, 1:0:0:0:0, 2:1:1:0:1, 2:1:1:0:1, 3:0:0:1:2, 4:1:1:0:2, 4:0:0:0:1, 2:0:0:0:1, 2:0:0:0:0, 4:0:0:0:1, 7:1:0:0:3, 7:0:0:1:3, 3:0:0:0:1, 3:0:0:0:1, 2:0:0:0:0, 2:0:0:0:1, 0:0:0:0:0, 1:0:0:0:1, 1:0:0:0:0, 2:0:0:0:1, 1:0:0:0:0, 4:0:0:1:2, 3:0:0:0:1, 2:1:1:0:2, 2:1:1:0:1, 1:0:0:0:0, 1:0:0:0:1, 139:19:16:6:61
Ab minor mel (7b), 4:1:1:0:3, 4:1:1:0:4, 3:0:0:0:2, 2:0:0:0:1, 1:0:0:0:0, 2:0:0:0:1, 3:0:0:0:3, 2:0:0:0:2, 4:1:1:0:4, 2:1:1:0:2, 2:0:0:0:2, 3:0:0:0:2, 4:1:1:0:3, 4:1:1:0:4, 3:0:0:0:2, 2:0:0:0:1, 1:0:0:0:0, 2:0:0:0:1, 3:0:0:0:3, 2:0:0:0:2, 4:1:1:0:4, 2:1:1:0:2, 2:0:0:0:2, 4:0:0:0:3, 2:1:1:0:1, 4:0:0:0:3, 4:0:0:0:3, 3:0:0:0:2, 3:0:0:0:2, 2:0:0:0:1, 6:0:0:0:3, 4:0:0:0:3, 3:0:0:0:2, 3:0:0:0:3, 3:0:0:0:3, 1:1:1:0:1, 3:1:1:0:2, 3:1:1:0:2, 3:0:0:0:3, 6:0:0:0:3, 3:1:1:0:3, 3:1:1:0:3, 2:0:0:0:2, 3:0:0:0:3, 8:0:0:0:6, 7:1:1:1:4, 3:0:0:0:3, 4:1:1:0:4, 4:0:0:0:2, 2:0:0:0:1, 1:0:0:0:1, 2:0:0:0:1, 3:0:0:0:2, 2:0:0:0:1, 1:0:0:0:1, 6:0:0:1:3, 3:0:0:0:3, 3:0:0:1:1, 3:0:0:0:2, 2:0:0:0:2, 2:0:0:0:1, 185:16:16:3:139
A# minor mel (7#), 2:1:1:0:1, 3:1:1:0:2, 3:1:0:0:2, 1:0:0:0:0, 1:0:0:0:0, 1:0:0:0:1, 3:0:0:0:1, 2:0:0:0:0, 3:1:1:0:2, 1:1:1:0:1, 1:0:0:0:0, 2:0:0:0:0, 2:1:1:0:1, 3:1:1:0:2, 3:1:0:0:2, 1:0:0:0:0, 1:0:0:0:0, 1:0:0:0:1, 3:0:0:0:1, 2:0:0:0:0, 3:1:1:0:2, 1:1:1:0:1, 1:0:0:0:0, 3:0:0:0:1, 1:1:1:0:1, 4:1:1:1:3, 2:0:0:0:1, 2:0:0:0:1, 2:0:0:0:1, 1:0:0:0:1, 3:1:1:0:1, 3:0:0:1:2, 3:0:0:1:1, 3:0:0:0:1, 2:0:0:0:0, 1:0:0:0:0, 2:1:1:0:1, 2:1:1:0:1, 3:0:0:1:2, 4:1:1:0:2, 4:0:0:0:1, 2:0:0:0:1, 2:0:0:0:0, 4:0:0:0:1, 7:1:0:0:3, 7:0:0:1:3, 3:0:0:0:1, 3:0:0:0:1, 2:0:0:0:0, 2:0:0:0:1, 0:0:0:0:0, 1:0:0:0:1, 1:0:0:0:0, 2:0:0:0:1, 1:0:0:0:0, 4:0:0:1:2, 3:0:0:0:1, 2:1:1:0:2, 2:1:1:0:1, 1:0:0:0:0, 1:0:0:0:1, 139:19:16:6:61
Cb major blues (7b), 4:1:1:0:3, 4:1:1:0:4, 3:0:0:0:2, 2:0:0:0:1, 1:0:0:0:0, 2:0:0:0:1, 3:0:0:0:3, 2:0:0:0:2, 4:1:1:0:4, 2:1:1:0:2, 2:0:0:0:2, 3:0:0:0:2, 4:1:1:0:3, 4:1:1:0:4, 3:0:0:0:2, 2:0:0:0:1, 1:0:0:0:0, 2:0:0:0:1, 3:0:0:0:3, 2:0:0:0:2, 4:1:1:0:4, 2:1:1:0:2, 2:0:0:0:2, 4:0:0:0:3, 2:1:1:0:1, 4:0:0:0:3, 4:0:0:0:3, 3:0:0:0:2, 3:0:0:0:2, 2:0:0:0:1, 6:0:0:0:3, 4:0:0:0:3, 3:0:0:0:2, 3:0:0:0:3, 3:0:0:0:3, 1:1:1:0:1, 3:1:1:0:2, 3:1:1:0:2, 3:0:0:0:3, 6:0:0:0:3, 3:1:1:0:3, 3:1:1:0:3, 2:0:0:0:2, 3:0:0:0:3, 8:0:0:0:6, 7:1:1:1:4, 3:0:0:0:3, 4:1:1:0:4, 4:0:0:0:2, 2:0:0:0:1, 1:0:0:0:1, 2:0:0:0:1, 3:0:0:0:2, 2:0:0:0:1, 1:0:0:0:1, 6:0:0:1:3, 3:0:0:0:3, 3:0:0:1:1, 3:0:0:0:2, 2:0:0:0:2, 2:0:0:0:1, 185:16:16:3:139
C# major blues (7#), 2:1:1:0:1, 3:1:1:0:2, 3:1:0:0:2, 1:0:0:0:0, 1:0:0:0:0, 1:0:0:0:1, 3:0:0:0:1, 2:0:0:0:0, 3:1:1:0:2, 1:1:1:0:1, 1:0:0:0:0, 2:0:0:0:0, 2:1:1:0:1, 3:1:1:0:2, 3:1:0:0:2, 1:0:0:0:0, 1:0:0:0:0, 1:0:0:0:1, 3:0:0:0:1, 2:0:0:0:0, 3:1:1:0:2, 1:1:1:0:1, 1:0:0:0:0, 3:0:0:0:1, 1:1:1:0:1, 4:1:1:1:3, 2:0:0:0:1, 2:0:0:0:1, 2:0:0:0:1, 1:0:0:0:1, 3:1:1:0:1, 3:0:0:1:2, 3:0:0:1:1, 3:0:0:0:1, 2:0:0:0:0, 1:0:0:0:0, 2:1:1:0:1, 2:1:1:0:1, 3:0:0:1:2, 4:1:1:0:2, 4:0:0:0:1, 2:0:0:0:1, 2:0:0:0:0, 4:0:0:0:1, 7:1:0:0:3, 7:0:0:1:3, 3:0:0:0:1, 3:0:0:0:1, 2:0:0:0:0, 2:0:0:0:1, 0:0:0:0:0, 1:0:0:0:1, 1:0:0:0:0, 2:0:0:0:1, 1:0:0:0:0, 4:0:0:1:2, 3:0:0:0:1, 2:1:1:0:2, 2:1:1:0:1, 1:0:0:0:0, 1:0:0:0:1, 139:19:16:6:61
Ab minor blues (7b), 4:1:1:0:3, 4:1:1:0:4, 3:0:0:0:2, 2:0:0:0:1, 1:0:0:0:0, 2:0:0:0:1, 3:0:0:0:3, 2:0:0:0:2, 4:1:1:0:4, 2:1:1:0:2, 2:0:0:0:2, 3:0:0:0:2, 4:1:1:0:3, 4:1:1:0:4, 3:0:0:0:2, 2:0:0:0:1, 1:0:0:0:0, 2:0:0:0:1, 3:0:0:0:3, 2:0:0:0:2, 4:1:1:0:4, 2:1:1:0:2, 2:0:0:0:2, 4:0:0:0:3, 2:1:1:0:1, 4:0:0:0:3, 4:0:0:0:3, 3:0:0:0:2, 3:0:0:0:2, 2:0:0:0:1, 6:0:0:0:3, 4:0:0:0:3, 3:0:0:0:2, 3:0:0:0:3, 3:0:0:0:3, 1:1:1:0:1, 3:1:1:0:2, 3:1:1:0:2, 3:0:0:0:3, 6:0:0:0:3, 3:1:1:0:3, 3:1:1:0:3, 2:0:0:0:2, 3:0:0:0:3, 8:0:0:0:6, 7:1:1:1:4, 3:0:0:0:3, 4:1:1:0:4, 4:0:0:0:2, 2:0:0:0:1, 1:0:0:0:1, 2:0:0:0:1, 3:0:0:0:2, 2:0:0:0:1, 1:0:0:0:1, 6:0:0:1:3, 3:0:0:0:3, 3:0:0:1:1, 3:0:0:0:2, 2:0:0:0:2, 2:0:0:0:1, 185:16:16:3:139
A# minor blues (7#), 2:1:1:0:1, 3:1:1:0:2, 3:1:0:0:2, 1:0:0:0:0, 1:0:0:0:0, 1:0:0:0:1, 3:0:0:0:1, 2:0:0:0:0, 3:1:1:0:2, 1:1:1:0:1, 1:0:0:0:0, 2:0:0:0:0, 2:1:1:0:1, 3:1:1:0:2, 3:1:0:0:2, 1:0:0:0:0, 1:0:0:0:0, 1:0:0:0:1, 3:0:0:0:1, 2:0:0:0:0, 3:1:1:0:2, 1:1:1:0:1, 1:0:0:0:0, 3:0:0:0:1, 1:1:1:0:1, 4:1:1:1:3, 2:0:0:0:1, 2:0:0:0:1, 2:0:0:0:1, 1:0:0:0:1, 3:1:1:0:1, 3:0:0:1:2, 3:0:0:1:1, 3:0:0:0:1, 2:0:0:0:0, 1:0:0:0:0, 2:1:1:0:1, 2:1:1:0:1, 3:0:0:1:2, 4:1:1:0:2, 4:0:0:0:1, 2:0:0:0:1, 2:0:0:0:0, 4:0:0:0:1, 7:1:0:0:3, 7:0:0:1:3, 3:0:0:0:1, 3:0:0:0:1, 2:0:0:0:0, 2:0:0:0:1, 0:0:0:0:0, 1:0:0:0:1, 1:0:0:0:0, 2:0:0:0:1, 1:0:0:0:0, 4:0:0:1:2, 3:0:0:0:1, 2:1:1:0:2, 2:1:1:0:1, 1:0:0:0:0, 1:0:0:0:1, 139:19:16:6:61
Cb dorian (7b), 4:1:1:0:3, 4:1:1:0:4, 3:0:0:0:2, 2:0:0:0:1, 1:0:0:0:0, 2:0:0:0:1, 3:0:0:0:3, 2:0:0:0:2, 4:1:1:0:4, 2:1:1:0:2, 2:0:0:0:2, 3:0:0:0:2, 4:1:1:0:3, 4:1:1:0:4, 3:0:0:0:2, 2:0:0:0:1, 1:0:0:0:0, 2:0:0:0:1, 3:0:0:0:3, 2:0:0:0:2, 4:1:1:0:4, 2:1:1:0:2, 2:0:0:0:2, 4:0:0:0:3, 2:1:1:0:1, 4:0:0:0:3, 4:0:0:0:3, 3:0:0:0:2, 3:0:0:0:2, 2:0:0:0:1, 6:0:0:0:3, 4:0:0:0:3, 3:0:0:0:2, 3:0:0:0:3, 3:0:0:0:3, 1:1:1:0:1, 3:1:1:0:2, 3:1:1:0:2, 3:0:0:0:3, 6:0:0:0:3, 3:1:1:0:3, 3:1:1:0:3, 2:0:0:0:2, 3:0:0:0:3, 8:0:0:0:6, 7:1:1:1:4, 3:0:0:0:3, 4:1:1:0:4, 4:0:0:0:2, 2:0:0:0:1, 1:0:0:0:1, 2:0:0:0:1, 3:0:0:0:2, 2:0:0:0:1, 1:0:0:0:1, 6:0:0:1:3, 3:0:0:0:3, 3:0:0:1:1, 3:0:0:0:2, 2:0:0:0:2, 2:0:0:0:1, 185:16:16:3:139
C# dorian (7#), 2:1:1:0:1, 3:1:1:0:2, 3:1:0:0:2, 1:0:0:0:0, 1:0:0:0:0, 1:0:0:0:1, 3:0:0:0:1, 2:0:0:0:0, 3:1:1:0:2, 1:1:1:0:1, 1:0:0:0:0, 2:0:0:0:0, 2:1:1:0:1, 3:1:1:0:2, 3:1:0:0:2, 1:0:0:0:0, 1:0:0:0:0, 1:0:0:0:1, 3:0:0:0:1, 2:0:0:0:0, 3:1:1:0:2, 1:1:1:0:1, 1:0:0:0:0, 3:0:0:0:1, 1:1:1:0:1, 4:1:1:1:3, 2:0:0:0:1, 2:0:0:0:1, 2:0:0:0:1, 1:0:0:0:1, 3:1:1:0:1, 3:0:0:1:2, 3:0:0:1:1, 3:0:0:0:1, 2:0:0:0:0, 1:0:0:0:0, 2:1:1:0:1, 2:1:1:0:1, 3:0:0:1:2, 4:1:1:0:2, 4:0:0:0:1, 2:0:0:0:1, 2:0:0:0:0, 4:0:0:0:1, 7:1:0:0:3, 7:0:0:1:3, 3:0:0:0:1, 3:0:0:0:1, 2:0:0:0:0, 2:0:0:0:1, 0:0:0:0:0, 1:0:0:0:1, 1:0:0:0:0, 2:0:0:0:1, 1:0:0:0:0, 4:0:0:1:2, 3:0:0:0:1, 2:1:1:0:2, 2:1:1:0:1, 1:0:0:0:0, 1:0:0:0:1, 139:19:16:6:61
Cb phrygian (7b), 4:1:1:0:3, 4:1:1:0:4, 3:0:0:0:2, 2:0:0:0:1, 1:0:0:0:0, 2:0:0:0:1, 3:0:0:0:3, 2:0:0:0:2, 4:1:1:0:4, 2:1:1:0:2, 2:0:0:0:2, 3:0:0:0:2, 4:1:1:0:3, 4:1:1:0:4, 3:0:0:0:2, 2:0:0:0:1, 1:0:0:0:0, 2:0:0:0:1, 3:0:0:0:3, 2:0:0:0:2, 4:1:1:0:4, 2:1:1:0:2, 2:0:0:0:2, 4:0:0:0:3, 2:1:1:0:1, 4:0:0:0:3, 4:0:0:0:3, 3:0:0:0:2, 3:0:0:0:2, 2:0:0:0:1, 6:0:0:0:3, 4:0:0:0:3, 3:0:0:0:2, 3:0:0:0:3, 3:0:0:0:3, 1:1:1:0:1, 3:1:1:0:2, 3:1:1:0:2, 3:0:0:0:3, 6:0:0:0:3, 3:1:1:0:3, 3:1:1:0:3, 2:0:0:0:2, 3:0:0:0:3, 8:0:0:0:6, 7:1:1:1:4, 3:0:0:0:3, 4:1:1:0:4, 4:0:0:0:2, 2:0:0:0:1, 1:0:0:0:1, 2:0:0:0:1, 3:0:0:0:2, 2:0:0:0:1, 1:0:0:0:1, 6:0:0:1:3, 3:0:0:0:3, 3:0:0:1:1, 3:0:0:0:2, 2:0:0:0:2, 2:0:0:0:1, 185:16:16:3:139
C# phrygian (7#), 2:1:1:0:1, 3:1:1:0:2, 3:1:0:0:2, 1:0:0:0:0, 1:0:0:0:0, 1:0:0:0:1, 3:0:0:0:1, 2:0:0:0:0, 3:1:1:0:2, 1:1:1:0:1, 1:0:0:0:0, 2:0:0:0:0, 2:1:1:0:1, 3:1:1:0:2, 3:1:0:0:2, 1:0:0:0:0, 1:0:0:0:0, 1:0:0:0:1, 3:0:0:0:1, 2:0:0:0:0, 3:1:1:0:2, 1:1:1:0:1, 1:0:0:0:0, 3:0:0:0:1, 1:1:1:0:1, 4:1:1:1:3, 2:0:0:0:1, 2:0:0:0:1, 2:0:0:0:1, 1:0:0:0:1, 3:1:1:0:1, 3:0:0:1:2, 3:0:0:1:1, 3:0:0:0:1, 2:0:0:0:0, 1:0:0:0:0, 2:1:1:0:1, 2:1:1:0:1, 3:0:0:1:2, 4:1:1:0:2, 4:0:0:0:1, 2:0:0:0:1, 2:0:0:0:0, 4:0:0:0:1, 7:1:0:0:3, 7:0:0:1:3, 3:0:0:0:1, 3:0:0:0:1, 2:0:0:0:0, 2:0:0:0:1, 0:0:0:0:0, 1:0:0:0:1, 1:0:0:0:0, 2:0:0:0:1, 1:0:0:0:0, 4:0:0:1:2, 3:0:0:0:1, 2:1:1:0:2, 2:1:1:0:1, 1:0:0:0:0, 1:0:0:0:1, 139:19:16:6:61
Cb lydian (7b), 4:1:1:0:3, 4:1:1:0:4, 3:0:0:0:2, 2:0:0:0:1, 1:0:0:0:0, 2:0:0:0:1, 3:0:0:0:3, 2:0:0:0:2, 4:1:1:0:4, 2:1:1:0:2, 2:0:0:0:2, 3:0:0:0:2, 4:1:1:0:3, 4:1:1:0:4, 3:0:0:0:2, 2:0:0:0:1, 1:0:0:0:0, 2:0:0:0:1, 3:0:0:0:3, 2:0:0:0:2, 4:1:1:0:4, 2:1:1:0:2, 2:0:0:0:2, 4:0:0:0:3, 2:1:1:0:1, 4:0:0:0:3, 4:0:0:0:3, 3:0:0:0:2, 3:0:0:0:2, 2:0:0:0:1, 6:0:0:0:3, 4:0:0:0:3, 3:0:0:0:2, 3:0:0:0:3, 3:0:0:0:3, 1:1:1:0:1, 3:1:1:0:2, 3:1:1:0:2, 3:0:0:0:3, 6:0:0:0:3, 3:1:1:0:3, 3:1:1:0:3, 2:0:0:0:2, 3:0:0:0:3, 8:0:0:0:6, 7:1:1:1:4, 3:0:0:0:3, 4:1:1:0:4, 4:0:0:0:2, 2:0:0:0:1, 1:0:0:0:1, 2:0:0:0:1, 3:0:0:0:2, 2:0:0:0:1, 1:0:0:0:1, 6:0:0:1:3, 3:0:0:0:3, 3:0:0:1:1, 3:0:0:0:2, 2:0:0:0:2, 2:0:0:0:1, 185:16:16:3:139
C# lydian (7#), 2:1:1:0:1, 3:1:1:0:2, 3:1:0:0:2, 1:0:0:0:0, 1:0:0:0:0, 1:0:0:0:1, 3:0:0:0:1, 2:0:0:0:0, 3:1:1:0:2, 1:1:1:0:1, 1:0:0:0:0, 2:0:0:0:0, 2:1:1:0:1, 3:1:1:0:2, 3:1:0:0:2, 1:0:0:0:0, 1:0:0:0:0, 1:0:0:0:1, 3:0:0:0:1, 2:0:0:0:0, 3:1:1:0:2, 1:1:1:0:1, 1:0:0:0:0, 3:0:0:0:1, 1:1:1:0:1, 4:1:1:1:3, 2:0:0:0:1, 2:0:0:0:1, 2:0:0:0:1, 1:0:0:0:1, 3:1:1:0:1, 3:0:0:1:2, 3:0:0:1:1, 3:0:0:0:1, 2:0:0:0:0, 1:0:0:0:0, 2:1:1:0:1, 2:1:1:0:1, 3:0:0:1:2, 4:1:1:0:2, 4:0:0:0:1, 2:0:0:0:1, 2:0:0:0:0, 4:0:0:0:1, 7:1:0:0:3, 7:0:0:1:3, 3:0:0:0:1, 3:0:0:0:1, 2:0:0:0:0, 2:0:0:0:1, 0:0:0:0:0, 1:0:0:0:1, 1:0:0:0:0, 2:0:0:0:1, 1:0:0:0:0, 4:0:0:1:2, 3:0:0:0:1, 2:1:1:0:2, 2:1:1:0:1, 1:0:0:0:0, 1:0:0:0:1, 139:19:16:6:61
Cb mixolydian (7b), 4:1:1:0:3, 4:1:1:0:4, 3:0:0:0:2, 2:0:0:0:1, 1:0:0:0:0, 2:0:0:0:1, 3:0:0:0:3, 2:0:0:0:2, 4:1:1:0:4, 2:1:1:0:2, 2:0:0:0:2, 3:0:0:0:2, 4:1:1:0:3, 4:1:1:0:4, 3:0:0:0:2, 2:0:0:0:1, 1:0:0:0:0, 2:0:0:0:1, 3:0:0:0:3, 2:0:0:0:2, 4:1:1:0:4, 2:1:1:0:2, 2:0:0:0:2, 4:0:0:0:3, 2:1:1:0:1, 4:0:0:0:3, 4:0:0:0:3, 3:0:0:0:2, 3:0:0:0:2, 2:0:0:0:1, 6:0:0:0:3, 4:0:0:0:3, 3:0:0:0:2, 3:0:0:0:3, 3:0:0:0:3, 1:1:1:0:1, 3:1:1:0:2, 3:1:1:0:2, 3:0:0:0:3, 6:0:0:0:3, 3:1:1:0:3, 3:1:1:0:3, 2:0:0:0:2, 3:0:0:0:3, 8:0:0:0:6, 7:1:1:1:4, 3:0:0:0:3, 4:1:1:0:4, 4:0:0:0:2, 2:0:0:0:1, 1:0:0:0:1, 2:0:0:0:1, 3:0:0:0:2, 2:0:0:0:1, 1:0:0:0:1, 6:0:0:1:3, 3:0:0:0:3, 3:0:0:1:1, 3:0:0:0:2, 2:0:0:0:2, 2:0:0:0:1, 185:16:16:3:139
C# mixolydian (7#), 2:1:1:0:1, 3:1:1:0:2, 3:1:0:0:2, 1:0:0:0:0, 1:0:0:0:0, 1:0:0:0:1, 3:0:0:0:1, 2:0:0:0:0, 3:1:1:0:2, 1:1:1:0:1, 1:0:0:0:0, 2:0:0:0:0, 2:1:1:0:1, 3:1:1:0:2, 3:1:0:0:2, 1:0:0:0:0, 1:0:0:0:0, 1:0:0:0:1, 3:0:0:0:1, 2:0:0:0:0, 3:1:1:0:2, 1:1:1:0:1, 1:0:0:0:0, 3:0:0:0:1, 1:1:1:0:1, 4:1:1:1:3, 2:0:0:0:1, 2:0:0:0:1, 2:0:0:0:1, 1:0:0:0:1, 3:1:1:0:1, 3:0:0:1:2, 3:0:0:1:1, 3:0:0:0:1, 2:0:0:0:0, 1:0:0:0:0, 2:1:1:0:1, 2:1:1:0:1, 3:0:0:1:2, 4:1:1:0:2, 4:0:0:0:1, 2:0:0:0:1, 2:0:0:0:0, 4:0:0:0:1, 7:1:0:0:3, 7:0:0:1:3, 3:0:0:0:1, 3:0:0:0:1, 2:0:0:0:0, 2:0:0:0:1, 0:0:0:0:0, 1:0:0:0:1, 1:0:0:0:0, 2:0:0:0:1, 1:0:0:0:0, 4:0:0:1:2, 3:0:0:0:1, 2:1:1:0:2, 2:1:1:0:1, 1:0:0:0:0, 1:0:0:0:1, 139:19:16:6:61
Cb aeolian (7b), 4:1:1:0:3, 4:1:1:0:4, 3:0:0:0:2, 2:0:0:0:1, 1:0:0:0:0, 2:0:0:0:1, 3:0:0:0:3, 2:0:0:0:2, 4:1:1:0:4, 2:1:1:0:2, 2:0:0:0:2, 3:0:0:0:2, 4:1:1:0:3, 4:1:1:0:4, 3:0:0:0:2, 2:0:0:0:1, 1:0:0:0:0, 2:0:0:0:1, 3:0:0:0:3, 2:0:0:0:2, 4:1:1:0:4, 2:1:1:0:2, 2:0:0:0:2, 4:0:0:0:3, 2:1:1:0:1, 4:0:0:0:3, 4:0:0:0:3, 3:0:0:0:2, 3:0:0:0:2, 2:0:0:0:1, 6:0:0:0:3, 4:0:0:0:3, 3:0:0:0:2, 3:0:0:0:3, 3:0:0:0:3, 1:1:1:0:1, 3:1:1:0:2, 3:1:1:0:2, 3:0:0:0:3, 6:0:0:0:3, 3:1:1:0:3, 3:1:1:0:3, 2:0:0:0:2, 3:0:0:0:3, 8:0:0:0:6, 7:1:1:1:4, 3:0:0:0:3, 4:1:1:0:4, 4:0:0:0:2, 2:0:0:0:1, 1:0:0:0:1, 2:0:0:0:1, 3:0:0:0:2, 2:0:0:0:1, 1:0:0:0:1, 6:0:0:1:3, 3:0:0:0:3, 3:0:0:1:1, 3:0:0:0:2, 2:0:0:0:2, 2:0:0:0:1, 185:16:16:3:139
C# aeolian (7#), 2:1:1:0:1, 3:1:1:0:2, 3:1:0:0:2, 1:0:0:0:0, 1:0:0:0:0, 1:0:0:0:1, 3:0:0:0:1, 2:0:0:0:0, 3:1:1:0:2, 1:1:1:0:1, 1:0:0:0:0, 2:0:0:0:0, 2:1:1:0:1, 3:1:1:0:2, 3:1:0:0:2, 1:0:0:0:0, 1:0:0:0:0, 1:0:0:0:1, 3:0:0:0:1, 2:0:0:0:0, 3:1:1:0:2, 1:1:1:0:1, 1:0:0:0:0, 3:0:0:0:1, 1:1:1:0:1, 4:1:1:1:3, 2:0:0:0:1, 2:0:0:0:1, 2:0:0:0:1, 1:0:0:0:1, 3:1:1:0:1, 3:0:0:1:2, 3:0:0:1:1, 3:0:0:0:1, 2:0:0:0:0, 1:0:0:0:0, 2:1:1:0:1, 2:1:1:0:1, 3:0:0:1:2, 4:1:1:0:2, 4:0:0:0:1, 2:0:0:0:1, 2:0:0:0:0, 4:0:0:0:1, 7:1:0:0:3, 7:0:0:1:3, 3:0:0:0:1, 3:0:0:0:1, 2:0:0:0:0, 2:0:0:0:1, 0:0:0:0:0, 1:0:0:0:1, 1:0:0:0:0, 2:0:0:0:1, 1:0:0:0:0, 4:0:0:1:2, 3:0:0:0:1, 2:1:1:0:2, 2:1:1:0:1, 1:0:0:0:0, 1:0:0:0:1, 139:19:16:6:61
Cb locrian (7b), 4:1:1:0:3, 4:1:1:0:4, 3:0:0:0:2, 2:0:0:0:1, 1:0:0:0:0, 2:0:0:0:1, 3:0:0:0:3, 2:0:0:0:2, 4:1:1:0:4, 2:1:1:0:2, 2:0:0:0:2, 3:0:0:0:2, 4:1:1:0:3, 4:1:1:0:4, 3:0:0:0:2, 2:0:0:0:1, 1:0:0:0:0, 2:0:0:0:1, 3:0:0:0:3, 2:0:0:0:2, 4:1:1:0:4, 2:1:1:0:2, 2:0:0:0:2, 4:0:0:0:3, 2:1:1:0:1, 4:0:0:0:3, 4:0:0:0:3, 3:0:0:0:2, 3:0:0:0:2, 2:0:0:0:1, 6:0:0:0:3, 4:0:0:0:3, 3:0:0:0:2, 3:0:0:0:3, 3:0:0:0:3, 1:1:1:0:1, 3:1:1:0:2, 3:1:1:0:2, 3:0:0:0:3, 6:0:0:0:3, 3:1:1:0:3, 3:1:1:0:3, 2:0:0:0:2, 3:0:0:0:3, 8:0:0:0:6, 7:1:1:1:4, 3:0:0:0:3, 4:1:1:0:4, 4:0:0:0:2, 2:0:0:0:1, 1:0:0:0:1, 2:0:0:0:1, 3:0:0:0:2, 2:0:0:0:1, 1:0:0:0:1, 6:0:0:1:3, 3:0:0:0:3, 3:0:0:1:1, 3:0:0:0:2, 2:0:0:0:2, 2:0:0:0:1, 185:16:16:3:139
C# locrian (7#), 2:1:1:0:1, 3:1:1:0:2, 3:1:0:0:2, 1:0:0:0:0, 1:0:0:0:0, 1:0:0:0:1, 3:0:0:0:1, 2:0:0:0:0, 3:1:1:0:2, 1:1:1:0:1, 1:0:0:0:0, 2:0:0:0:0, 2:1:1:0:1, 3:1:1:0:2, 3:1:0:0:2, 1:0:0:0:0, 1:0:0:0:0, 1:0:0:0:1, 3:0:0:0:1, 2:0:0:0:0, 3:1:1:0:2, 1:1:1:0:1, 1:0:0:0:0, 3:0:0:0:1, 1:1:1:0:1, 4:1:1:1:3, 2:0:0:0:1, 2:0:0:0:1, 2:0:0:0:1, 1:0:0:0:1, 3:1:1:0:1, 3:0:0:1:2, 3:0:0:1:1, 3:0:0:0:1, 2:0:0:0:0, 1:0:0:0:0, 2:1:1:0:1, 2:1:1:0:1, 3:0:0:1:2, 4:1:1:0:2, 4:0:0:0:1, 2:0:0:0:1, 2:0:0:0:0, 4:0:0:0:1, 7:1:0:0:3, 7:0:0:1:3, 3:0:0:0:1, 3:0:0:0:1, 2:0:0:0:0, 2:0:0:0:1, 0:0:0:0:0, 1:0:0:0:1, 1:0:0:0:0, 2:0:0:0:1, 1:0:0:0:0, 4:0:0:1:2, 3:0:0:0:1, 2:1:1:0:2, 2:1:1:0:1, 1:0:0:0:0, 1:0:0:0:1, 139:19:16:6:61
