 , 0, 1, 2, 3, 4, 5, 6, 7, 8, 9, 10, 11, 12, 13, 14, 15, 16, 17, 18, 19, 20, 21, 22, 23, 24, 25, 26, 27, 28, 29, 30, 31, 32, 33, 34, 35, 36, 37, 38, 39, 40, 41, 42, 43, 44, 45, 46, 47, 48, 49, 50, 51, 52, 53, 54, 55, 56, 57, 58, 59, 60, 61, 62, 63, 64, rowcost
C major (0), 0:0:0:0:0, 1:1:0:0:0, 2:2:0:0:0, 0:0:0:0:0, 2:2:0:0:0, 0:0:0:0:0, 4:4:0:0:0, 0:0:0:0:0, 0:0:0:0:0, 1:1:0:0:0, 2:2:0:0:0, 0:0:0:0:0, 2:2:0:0:0, 0:0:0:0:0, 1:1:0:0:0,  , 2:2:0:0:0, 1:1:0:0:0, 1:1:0:0:0, 1:1:0:0:0, 0:0:0:0:0, 1:1:0:0:0, 3:3:0:0:0, 1:1:0:0:0, 0:0:0:0:0, 1:1:0:0:0, 2:2:0:0:0, 0:0:0:0:0, 2:2:0:0:0, 0:0:0:0:0, 1:1:0:0:0, 0:0:0:0:0, 1:1:0:0:0,  , 1:1:0:0:1, 1:1:0:0:0, 3:3:0:0:1, 2:2:0:0:0, 1:1:0:0:0, 1:1:0:0:1, 3:3:0:0:2, 0:0:0:0:0, 1:1:0:0:0, 2:2:0:0:0, 3:3:0:0:1, 2:2:0:0:0, 1:1:0:0:0,  , 2:2:0:0:0, 2:2:0:0:2, 3:3:0:0:0, 2:2:0:0:0, 2:1:0:0:0, 0:0:0:0:0, 2:2:0:0:0, 1:1:0:0:0, 1:1:0:0:0, 1:1:0:0:0, 1:1:0:0:0, 0:0:0:0:0, 2:2:0:0:0, 2:2:0:0:0, 0:0:0:0:0, 0:0:0:0:0, 1:1:0:0:0, 75:74:0:0:8
A minor (0), 0:0:0:0:0, 1:1:0:0:0, 2:2:0:0:0, 0:0:0:0:0, 2:2:0:0:0, 0:0:0:0:0, 4:4:0:0:0, 0:0:0:0:0, 0:0:0:0:0, 1:1:0:0:0, 2:2:0:0:0, 0:0:0:0:0, 2:2:0:0:0, 0:0:0:0:0, 1:1:0:0:0,  , 2:2:0:0:0, 1:1:0:0:0, 1:1:0:0:0, 1:1:0:0:0, 0:0:0:0:0, 1:1:0:0:0, 3:3:0:0:0, 1:1:0:0:0, 0:0:0:0:0, 1:1:0:0:0, 2:2:0:0:0, 0:0:0:0:0, 2:2:0:0:0, 0:0:0:0:0, 1:1:0:0:0, 0:0:0:0:0, 1:1:0:0:0,  , 1:1:0:0:1, 1:1:0:0:0, 3:3:0:0:1, 2:2:0:0:0, 1:1:0:0:0, 1:1:0:0:1, 3:3:0:0:2, 0:0:0:0:0, 1:1:0:0:0, 2:2:0:0:0, 3:3:0:0:1, 2:2:0:0:0, 1:1:0:0:0,  , 2:2:0:0:0, 2:2:0:0:2, 3:3:0:0:0, 2:2:0:0:0, 2:1:0:0:0, 0:0:0:0:0, 2:2:0:0:0, 1:1:0:0:0, 1:1:0:0:0, 1:1:0:0:0, 1:1:0:0:0, 0:0:0:0:0, 2:2:0:0:0, 2:2:0:0:0, 0:0:0:0:0, 0:0:0:0:0, 1:1:0:0:0, 75:74:0:0:8
A minor mel (0), 0:0:0:0:0, 1:1:0:0:0, 2:2:0:0:0, 0:0:0:0:0, 2:2:0:0:0, 0:0:0:0:0, 4:4:0:0:0, 0:0:0:0:0, 0:0:0:0:0, 1:1:0:0:0, 2:2:0:0:0, 0:0:0:0:0, 2:2:0:0:0, 0:0:0:0:0, 1:1:0:0:0,  , 2:2:0:0:0, 1:1:0:0:0, 1:1:0:0:0, 1:1:0:0:0, 0:0:0:0:0, 1:1:0:0:0, 3:3:0:0:0, 1:1:0:0:0, 0:0:0:0:0, 1:1:0:0:0, 2:2:0:0:0, 0:0:0:0:0, 2:2:0:0:0, 0:0:0:0:0, 1:1:0:0:0, 0:0:0:0:0, 1:1:0:0:0,  , 1:1:0:0:1, 1:1:0:0:0, 3:3:0:0:1, 2:2:0:0:0, 1:1:0:0:0, 1:1:0:0:1, 3:3:0:0:2, 0:0:0:0:0, 1:1:0:0:0, 2:2:0:0:0, 3:3:0:0:1, 2:2:0:0:0, 1:1:0:0:0,  , 2:2:0:0:0, 2:2:0:0:2, 3:3:0:0:0, 2:2:0:0:0, 2:1:0:0:0, 0:0:0:0:0, 2:2:0:0:0, 1:1:0:0:0, 1:1:0:0:0, 1:1:0:0:0, 1:1:0:0:0, 0:0:0:0:0, 2:2:0:0:0, 2:2:0:0:0, 0:0:0:0:0, 0:0:0:0:0, 1:1:0:0:0, 75:74:0:0:8
C major blues (0), 0:0:0:0:0, 1:1:0:0:0, 2:2:0:0:0, 0:0:0:0:0, 2:2:0:0:0, 0:0:0:0:0, 4:4:0:0:0, 0:0:0:0:0, 0:0:0:0:0, 1:1:0:0:0, 2:2:0:0:0, 0:0:0:0:0, 2:2:0:0:0, 0:0:0:0:0, 1:1:0:0:0,  , 2:2:0:0:0, 1:1:0:0:0, 1:1:0:0:0, 1:1:0:0:0, 0:0:0:0:0, 1:1:0:0:0, 3:3:0:0:0, 1:1:0:0:0, 0:0:0:0:0, 1:1:0:0:0, 2:2:0:0:0, 0:0:0:0:0, 2:2:0:0:0, 0:0:0:0:0, 1:1:0:0:0, 0:0:0:0:0, 1:1:0:0:0,  , 1:1:0:0:1, 1:1:0:0:0, 3:3:0:0:1, 2:2:0:0:0, 1:1:0:0:0, 1:1:0:0:1, 3:3:0:0:2, 0:0:0:0:0, 1:1:0:0:0, 2:2:0:0:0, 3:3:0:0:1, 2:2:0:0:0, 1:1:0:0:0,  , 2:2:0:0:0, 2:2:0:0:2, 3:3:0:0:0, 2:2:0:0:0, 2:1:0:0:0, 0:0:0:0:0, 2:2:0:0:0, 1:1:0:0:0, 1:1:0:0:0, 1:1:0:0:0, 1:1:0:0:0, 0:0:0:0:0, 2:2:0:0:0, 2:2:0:0:0, 0:0:0:0:0, 0:0:0:0:0, 1:1:0:0:0, 75:74:0:0:8
A minor blues (0), 0:0:0:0:0, 1:1:0:0:0, 2:2:0:0:0, 0:0:0:0:0, 2:2:0:0:0, 0:0:0:0:0, 4:4:0:0:0, 0:0:0:0:0, 0:0:0:0:0, 1:1:0:0:0, 2:2:0:0:0, 0:0:0:0:0, 2:2:0:0:0, 0:0:0:0:0, 1:1:0:0:0,  , 2:2:0:0:0, 1:1:0:0:0, 1:1:0:0:0, 1:1:0:0:0, 0:0:0:0:0, 1:1:0:0:0, 3:3:0:0:0, 1:1:0:0:0, 0:0:0:0:0, 1:1:0:0:0, 2:2:0:0:0, 0:0:0:0:0, 2:2:0:0:0, 0:0:0:0:0, 1:1:0:0:0, 0:0:0:0:0, 1:1:0:0:0,  , 1:1:0:0:1, 1:1:0:0:0, 3:3:0:0:1, 2:2:0:0:0, 1:1:0:0:0, 1:1:0:0:1, 3:3:0:0:2, 0:0:0:0:0, 1:1:0:0:0, 2:2:0:0:0, 3:3:0:0:1, 2:2:0:0:0, 1:1:0:0:0,  , 2:2:0:0:0, 2:2:0:0:2, 3:3:0:0:0, 2:2:0:0:0, 2:1:0:0:0, 0:0:0:0:0, 2:2:0:0:0, 1:1:0:0:0, 1:1:0:0:0, 1:1:0:0:0, 1:1:0:0:0, 0:0:0:0:0, 2:2:0:0:0, 2:2:0:0:0, 0:0:0:0:0, 0:0:0:0:0, 1:1:0:0:0, 75:74:0:0:8
C dorian (0), 0:0:0:0:0, 1:1:0:0:0, 2:2:0:0:0, 0:0:0:0:0, 2:2:0:0:0, 0:0:0:0:0, 4:4:0:0:0, 0:0:0:0:0, 0:0:0:0:0, 1:1:0:0:0, 2:2:0:0:0, 0:0:0:0:0, 2:2:0:0:0, 0:0:0:0:0, 1:1:0:0:0,  , 2:2:0:0:0, 1:1:0:0:0, 1:1:0:0:0, 1:1:0:0:0, 0:0:0:0:0, 1:1:0:0:0, 3:3:0:0:0, 1:1:0:0:0, 0:0:0:0:0, 1:1:0:0:0, 2:2:0:0:0, 0:0:0:0:0, 2:2:0:0:0, 0:0:0:0:0, 1:1:0:0:0, 0:0:0:0:0, 1:1:0:0:0,  , 1:1:0:0:1, 1:1:0:0:0, 3:3:0:0:1, 2:2:0:0:0, 1:1:0:0:0, 1:1:0:0:1, 3:3:0:0:2, 0:0:0:0:0, 1:1:0:0:0, 2:2:0:0:0, 3:3:0:0:1, 2:2:0:0:0, 1:1:0:0:0,  , 2:2:0:0:0, 2:2:0:0:2, 3:3:0:0:0, 2:2:0:0:0, 2:1:0:0:0, 0:0:0:0:0, 2:2:0:0:0, 1:1:0:0:0, 1:1:0:0:0, 1:1:0:0:0, 1:1:0:0:0, 0:0:0:0:0, 2:2:0:0:0, 2:2:0:0:0, 0:0:0:0:0, 0:0:0:0:0, 1:1:0:0:0, 75:74:0:0:8
C phrygian (0), 0:0:0:0:0, 1:1:0:0:0, 2:2:0:0:0, 0:0:0:0:0, 2:2:0:0:0, 0:0:0:0:0, 4:4:0:0:0, 0:0:0:0:0, 0:0:0:0:0, 1:1:0:0:0, 2:2:0:0:0, 0:0:0:0:0, 2:2:0:0:0, 0:0:0:0:0, 1:1:0:0:0,  , 2:2:0:0:0, 1:1:0:0:0, 1:1:0:0:0, 1:1:0:0:0, 0:0:0:0:0, 1:1:0:0:0, 3:3:0:0:0, 1:1:0:0:0, 0:0:0:0:0, 1:1:0:0:0, 2:2:0:0:0, 0:0:0:0:0, 2:2:0:0:0, 0:0:0:0:0, 1:1:0:0:0, 0:0:0:0:0, 1:1:0:0:0,  , 1:1:0:0:1, 1:1:0:0:0, 3:3:0:0:1, 2:2:0:0:0, 1:1:0:0:0, 1:1:0:0:1, 3:3:0:0:2, 0:0:0:0:0, 1:1:0:0:0, 2:2:0:0:0, 3:3:0:0:1, 2:2:0:0:0, 1:1:0:0:0,  , 2:2:0:0:0, 2:2:0:0:2, 3:3:0:0:0, 2:2:0:0:0, 2:1:0:0:0, 0:0:0:0:0, 2:2:0:0:0, 1:1:0:0:0, 1:1:0:0:0, 1:1:0:0:0, 1:1:0:0:0, 0:0:0:0:0, 2:2:0:0:0, 2:2:0:0:0, 0:0:0:0:0, 0:0:0:0:0, 1:1:0:0:0, 75:74:0:0:8
C lydian (0), 0:0:0:0:0, 1:1:0:0:0, 2:2:0:0:0, 0:0:0:0:0, 2:2:0:0:0, 0:0:0:0:0, 4:4:0:0:0, 0:0:0:0:0, 0:0:0:0:0, 1:1:0:0:0, 2:2:0:0:0, 0:0:0:0:0, 2:2:0:0:0, 0:0:0:0:0, 1:1:0:0:0,  , 2:2:0:0:0, 1:1:0:0:0, 1:1:0:0:0, 1:1:0:0:0, 0:0:0:0:0, 1:1:0:0:0, 3:3:0:0:0, 1:1:0:0:0, 0:0:0:0:0, 1:1:0:0:0, 2:2:0:0:0, 0:0:0:0:0, 2:2:0:0:0, 0:0:0:0:0, 1:1:0:0:0, 0:0:0:0:0, 1:1:0:0:0,  , 1:1:0:0:1, 1:1:0:0:0, 3:3:0:0:1, 2:2:0:0:0, 1:1:0:0:0, 1:1:0:0:1, 3:3:0:0:2, 0:0:0:0:0, 1:1:0:0:0, 2:2:0:0:0, 3:3:0:0:1, 2:2:0:0:0, 1:1:0:0:0,  , 2:2:0:0:0, 2:2:0:0:2, 3:3:0:0:0, 2:2:0:0:0, 2:1:0:0:0, 0:0:0:0:0, 2:2:0:0:0, 1:1:0:0:0, 1:1:0:0:0, 1:1:0:0:0, 1:1:0:0:0, 0:0:0:0:0, 2:2:0:0:0, 2:2:0:0:0, 0:0:0:0:0, 0:0:0:0:0, 1:1:0:0:0, 75:74:0:0:8
C mixolydian (0), 0:0:0:0:0, 1:1:0:0:0, 2:2:0:0:0, 0:0:0:0:0, 2:2:0:0:0, 0:0:0:0:0, 4:4:0:0:0, 0:0:0:0:0, 0:0:0:0:0, 1:1:0:0:0, 2:2:0:0:0, 0:0:0:0:0, 2:2:0:0:0, 0:0:0:0:0, 1:1:0:0:0,  , 2:2:0:0:0, 1:1:0:0:0, 1:1:0:0:0, 1:1:0:0:0, 0:0:0:0:0, 1:1:0:0:0, 3:3:0:0:0, 1:1:0:0:0, 0:0:0:0:0, 1:1:0:0:0, 2:2:0:0:0, 0:0:0:0:0, 2:2:0:0:0, 0:0:0:0:0, 1:1:0:0:0, 0:0:0:0:0, 1:1:0:0:0,  , 1:1:0:0:1, 1:1:0:0:0, 3:3:0:0:1, 2:2:0:0:0, 1:1:0:0:0, 1:1:0:0:1, 3:3:0:0:2, 0:0:0:0:0, 1:1:0:0:0, 2:2:0:0:0, 3:3:0:0:1, 2:2:0:0:0, 1:1:0:0:0,  , 2:2:0:0:0, 2:2:0:0:2, 3:3:0:0:0, 2:2:0:0:0, 2:1:0:0:0, 0:0:0:0:0, 2:2:0:0:0, 1:1:0:0:0, 1:1:0:0:0, 1:1:0:0:0, 1:1:0:0:0, 0:0:0:0:0, 2:2:0:0:0, 2:2:0:0:0, 0:0:0:0:0, 0:0:0:0:0, 1:1:0:0:0, 75:74:0:0:8
C aeolian (0), 0:0:0:0:0, 1:1:0:0:0, 2:2:0:0:0, 0:0:0:0:0, 2:2:0:0:0, 0:0:0:0:0, 4:4:0:0:0, 0:0:0:0:0, 0:0:0:0:0, 1:1:0:0:0, 2:2:0:0:0, 0:0:0:0:0, 2:2:0:0:0, 0:0:0:0:0, 1:1:0:0:0,  , 2:2:0:0:0, 1:1:0:0:0, 1:1:0:0:0, 1:1:0:0:0, 0:0:0:0:0, 1:1:0:0:0, 3:3:0:0:0, 1:1:0:0:0, 0:0:0:0:0, 1:1:0:0:0, 2:2:0:0:0, 0:0:0:0:0, 2:2:0:0:0, 0:0:0:0:0, 1:1:0:0:0, 0:0:0:0:0, 1:1:0:0:0,  , 1:1:0:0:1, 1:1:0:0:0, 3:3:0:0:1, 2:2:0:0:0, 1:1:0:0:0, 1:1:0:0:1, 3:3:0:0:2, 0:0:0:0:0, 1:1:0:0:0, 2:2:0:0:0, 3:3:0:0:1, 2:2:0:0:0, 1:1:0:0:0,  , 2:2:0:0:0, 2:2:0:0:2, 3:3:0:0:0, 2:2:0:0:0, 2:1:0:0:0, 0:0:0:0:0, 2:2:0:0:0, 1:1:0:0:0, 1:1:0:0:0, 1:1:0:0:0, 1:1:0:0:0, 0:0:0:0:0, 2:2:0:0:0, 2:2:0:0:0, 0:0:0:0:0, 0:0:0:0:0, 1:1:0:0:0, 75:74:0:0:8
C locrian (0), 0:0:0:0:0, 1:1:0:0:0, 2:2:0:0:0, 0:0:0:0:0, 2:2:0:0:0, 0:0:0:0:0, 4:4:0:0:0, 0:0:0:0:0, 0:0:0:0:0, 1:1:0:0:0, 2:2:0:0:0, 0:0:0:0:0, 2:2:0:0:0, 0:0:0:0:0, 1:1:0:0:0,  , 2:2:0:0:0, 1:1:0:0:0, 1:1:0:0:0, 1:1:0:0:0, 0:0:0:0:0, 1:1:0:0:0, 3:3:0:0:0, 1:1:0:0:0, 0:0:0:0:0, 1:1:0:0:0, 2:2:0:0:0, 0:0:0:0:0, 2:2:0:0:0, 0:0:0:0:0, 1:1:0:0:0, 0:0:0:0:0, 1:1:0:0:0,  , 1:1:0:0:1, 1:1:0:0:0, 3:3:0:0:1, 2:2:0:0:0, 1:1:0:0:0, 1:1:0:0:1, 3:3:0:0:2, 0:0:0:0:0, 1:1:0:0:0, 2:2:0:0:0, 3:3:0:0:1, 2:2:0:0:0, 1:1:0:0:0,  , 2:2:0:0:0, 2:2:0:0:2, 3:3:0:0:0, 2:2:0:0:0, 2:1:0:0:0, 0:0:0:0:0, 2:2:0:0:0, 1:1:0:0:0, 1:1:0:0:0, 1:1:0:0:0, 1:1:0:0:0, 0:0:0:0:0, 2:2:0:0:0, 2:2:0:0:0, 0:0:0:0:0, 0:0:0:0:0, 1:1:0:0:0, 75:74:0:0:8
F major (1b), 0:0:0:0:0, 0:0:0:0:0, 3:0:0:0:0, 0:0:0:0:0, 2:0:0:0:0, 0:0:0:0:0, 3:0:0:0:0, 0:0:0:0:0, 0:0:0:0:0, 0:0:0:0:0, 3:0:0:0:0, 0:0:0:0:0, 2:0:0:0:0, 0:0:0:0:0, 0:0:0:0:0,  , 2:0:0:0:0, 2:0:0:0:0, 2:0:0:0:0, 2:0:0:0:0, 0:0:0:0:0, 2:0:0:0:0, 2:0:0:0:0, 1:0:0:0:0, 0:0:0:0:0, 0:0:0:0:0, 3:0:0:0:0, 0:0:0:0:0, 2:0:0:0:0, 0:0:0:0:0, 0:0:0:0:0, 0:0:0:0:0, 0:0:0:0:0,  , 1:1:0:0:1, 0:0:0:0:0, 3:0:0:0:0, 1:0:0:0:0, 1:0:0:0:0, 1:0:0:0:0, 4:0:0:0:0, 0:0:0:0:0, 1:0:0:0:0, 1:0:0:0:0, 3:0:0:0:0, 1:0:0:0:0, 0:0:0:0:0,  , 2:1:0:0:1, 3:1:0:0:1, 2:0:0:0:0, 2:0:0:0:0, 3:0:0:0:0, 0:0:0:0:0, 1:0:0:0:0, 0:0:0:0:0, 0:0:0:0:0, 0:0:0:0:0, 0:0:0:0:0, 0:0:0:0:0, 1:0:0:0:0, 1:0:0:0:0, 0:0:0:0:0, 0:0:0:0:0, 0:0:0:0:0, 63:3:0:0:3
G major (1#), 1:0:0:0:0, 2:1:0:0:0, 2:0:0:0:1, 1:0:0:0:0, 3:0:0:0:1, 1:0:0:0:0, 3:1:0:0:1, 1:0:0:0:0, 1:0:0:0:0, 2:1:0:0:0, 2:0:0:0:1, 1:0:0:0:0, 3:0:0:0:1, 1:0:0:0:0, 2:1:0:0:0,  , 1:1:0:0:0, 1:0:0:0:0, 0:0:0:0:0, 0:0:0:0:0, 0:0:0:0:0, 2:0:0:0:1, 3:2:0:0:2, 2:1:0:0:1, 1:0:0:0:0, 2:1:0:0:0, 2:0:0:0:1, 1:0:0:0:0, 3:0:0:0:1, 1:0:0:0:0, 2:1:0:0:0, 0:0:0:0:0, 2:1:0:0:0,  , 2:0:0:0:0, 2:1:0:0:0, 3:2:0:0:2, 3:2:0:0:0, 2:1:0:0:0, 1:0:0:0:1, 4:0:0:0:3, 0:0:0:0:0, 2:0:0:0:1, 2:2:0:0:1, 4:2:0:0:2, 3:0:0:0:2, 1:1:0:0:0,  , 1:0:0:0:0, 2:0:0:0:0, 2:1:0:0:1, 1:0:0:0:1, 2:0:0:0:0, 0:0:0:0:0, 2:1:0:0:1, 2:1:0:0:0, 2:1:0:0:0, 1:0:0:0:1, 2:1:0:0:0, 0:0:0:0:0, 3:1:0:0:1, 3:1:0:0:2, 1:0:0:0:0, 1:0:0:0:0, 1:1:0:0:0, 104:30:0:0:30
D minor (1b), 0:0:0:0:0, 0:0:0:0:0, 3:0:0:0:0, 0:0:0:0:0, 2:0:0:0:0, 0:0:0:0:0, 3:0:0:0:0, 0:0:0:0:0, 0:0:0:0:0, 0:0:0:0:0, 3:0:0:0:0, 0:0:0:0:0, 2:0:0:0:0, 0:0:0:0:0, 0:0:0:0:0,  , 2:0:0:0:0, 2:0:0:0:0, 2:0:0:0:0, 2:0:0:0:0, 0:0:0:0:0, 2:0:0:0:0, 2:0:0:0:0, 1:0:0:0:0, 0:0:0:0:0, 0:0:0:0:0, 3:0:0:0:0, 0:0:0:0:0, 2:0:0:0:0, 0:0:0:0:0, 0:0:0:0:0, 0:0:0:0:0, 0:0:0:0:0,  , 1:1:0:0:1, 0:0:0:0:0, 3:0:0:0:0, 1:0:0:0:0, 1:0:0:0:0, 1:0:0:0:0, 4:0:0:0:0, 0:0:0:0:0, 1:0:0:0:0, 1:0:0:0:0, 3:0:0:0:0, 1:0:0:0:0, 0:0:0:0:0,  , 2:1:0:0:1, 3:1:0:0:1, 2:0:0:0:0, 2:0:0:0:0, 3:0:0:0:0, 0:0:0:0:0, 1:0:0:0:0, 0:0:0:0:0, 0:0:0:0:0, 0:0:0:0:0, 0:0:0:0:0, 0:0:0:0:0, 1:0:0:0:0, 1:0:0:0:0, 0:0:0:0:0, 0:0:0:0:0, 0:0:0:0:0, 63:3:0:0:3
E minor (1#), 1:0:0:0:0, 2:1:0:0:0, 2:0:0:0:1, 1:0:0:0:0, 3:0:0:0:1, 1:0:0:0:0, 3:1:0:0:1, 1:0:0:0:0, 1:0:0:0:0, 2:1:0:0:0, 2:0:0:0:1, 1:0:0:0:0, 3:0:0:0:1, 1:0:0:0:0, 2:1:0:0:0,  , 1:1:0:0:0, 1:0:0:0:0, 0:0:0:0:0, 0:0:0:0:0, 0:0:0:0:0, 2:0:0:0:1, 3:2:0:0:2, 2:1:0:0:1, 1:0:0:0:0, 2:1:0:0:0, 2:0:0:0:1, 1:0:0:0:0, 3:0:0:0:1, 1:0:0:0:0, 2:1:0:0:0, 0:0:0:0:0, 2:1:0:0:0,  , 2:0:0:0:0, 2:1:0:0:0, 3:2:0:0:2, 3:2:0:0:0, 2:1:0:0:0, 1:0:0:0:1, 4:0:0:0:3, 0:0:0:0:0, 2:0:0:0:1, 2:2:0:0:1, 4:2:0:0:2, 3:0:0:0:2, 1:1:0:0:0,  , 1:0:0:0:0, 2:0:0:0:0, 2:1:0:0:1, 1:0:0:0:1, 2:0:0:0:0, 0:0:0:0:0, 2:1:0:0:1, 2:1:0:0:0, 2:1:0:0:0, 1:0:0:0:1, 2:1:0:0:0, 0:0:0:0:0, 3:1:0:0:1, 3:1:0:0:2, 1:0:0:0:0, 1:0:0:0:0, 1:1:0:0:0, 104:30:0:0:30
D minor mel (1b), 0:0:0:0:0, 0:0:0:0:0, 3:0:0:0:0, 0:0:0:0:0, 2:0:0:0:0, 0:0:0:0:0, 3:0:0:0:0, 0:0:0:0:0, 0:0:0:0:0, 0:0:0:0:0, 3:0:0:0:0, 0:0:0:0:0, 2:0:0:0:0, 0:0:0:0:0, 0:0:0:0:0,  , 2:0:0:0:0, 2:0:0:0:0, 2:0:0:0:0, 2:0:0:0:0, 0:0:0:0:0, 2:0:0:0:0, 2:0:0:0:0, 1:0:0:0:0, 0:0:0:0:0, 0:0:0:0:0, 3:0:0:0:0, 0:0:0:0:0, 2:0:0:0:0, 0:0:0:0:0, 0:0:0:0:0, 0:0:0:0:0, 0:0:0:0:0,  , 1:1:0:0:1, 0:0:0:0:0, 3:0:0:0:0, 1:0:0:0:0, 1:0:0:0:0, 1:0:0:0:0, 4:0:0:0:0, 0:0:0:0:0, 1:0:0:0:0, 1:0:0:0:0, 3:0:0:0:0, 1:0:0:0:0, 0:0:0:0:0,  , 2:1:0:0:1, 3:1:0:0:1, 2:0:0:0:0, 2:0:0:0:0, 3:0:0:0:0, 0:0:0:0:0, 1:0:0:0:0, 0:0:0:0:0, 0:0:0:0:0, 0:0:0:0:0, 0:0:0:0:0, 0:0:0:0:0, 1:0:0:0:0, 1:0:0:0:0, 0:0:0:0:0, 0:0:0:0:0, 0:0:0:0:0, 63:3:0:0:3
E minor mel (1#), 1:0:0:0:0, 2:1:0:0:0, 2:0:0:0:1, 1:0:0:0:0, 3:0:0:0:1, 1:0:0:0:0, 3:1:0:0:1, 1:0:0:0:0, 1:0:0:0:0, 2:1:0:0:0, 2:0:0:0:1, 1:0:0:0:0, 3:0:0:0:1, 1:0:0:0:0, 2:1:0:0:0,  , 1:1:0:0:0, 1:0:0:0:0, 0:0:0:0:0, 0:0:0:0:0, 0:0:0:0:0, 2:0:0:0:1, 3:2:0:0:2, 2:1:0:0:1, 1:0:0:0:0, 2:1:0:0:0, 2:0:0:0:1, 1:0:0:0:0, 3:0:0:0:1, 1:0:0:0:0, 2:1:0:0:0, 0:0:0:0:0, 2:1:0:0:0,  , 2:0:0:0:0, 2:1:0:0:0, 3:2:0:0:2, 3:2:0:0:0, 2:1:0:0:0, 1:0:0:0:1, 4:0:0:0:3, 0:0:0:0:0, 2:0:0:0:1, 2:2:0:0:1, 4:2:0:0:2, 3:0:0:0:2, 1:1:0:0:0,  , 1:0:0:0:0, 2:0:0:0:0, 2:1:0:0:1, 1:0:0:0:1, 2:0:0:0:0, 0:0:0:0:0, 2:1:0:0:1, 2:1:0:0:0, 2:1:0:0:0, 1:0:0:0:1, 2:1:0:0:0, 0:0:0:0:0, 3:1:0:0:1, 3:1:0:0:2, 1:0:0:0:0, 1:0:0:0:0, 1:1:0:0:0, 104:30:0:0:30
F major blues (1b), 0:0:0:0:0, 0:0:0:0:0, 3:0:0:0:0, 0:0:0:0:0, 2:0:0:0:0, 0:0:0:0:0, 3:0:0:0:0, 0:0:0:0:0, 0:0:0:0:0, 0:0:0:0:0, 3:0:0:0:0, 0:0:0:0:0, 2:0:0:0:0, 0:0:0:0:0, 0:0:0:0:0,  , 2:0:0:0:0, 2:0:0:0:0, 2:0:0:0:0, 2:0:0:0:0, 0:0:0:0:0, 2:0:0:0:0, 2:0:0:0:0, 1:0:0:0:0, 0:0:0:0:0, 0:0:0:0:0, 3:0:0:0:0, 0:0:0:0:0, 2:0:0:0:0, 0:0:0:0:0, 0:0:0:0:0, 0:0:0:0:0, 0:0:0:0:0,  , 1:1:0:0:1, 0:0:0:0:0, 3:0:0:0:0, 1:0:0:0:0, 1:0:0:0:0, 1:0:0:0:0, 4:0:0:0:0, 0:0:0:0:0, 1:0:0:0:0, 1:0:0:0:0, 3:0:0:0:0, 1:0:0:0:0, 0:0:0:0:0,  , 2:1:0:0:1, 3:1:0:0:1, 2:0:0:0:0, 2:0:0:0:0, 3:0:0:0:0, 0:0:0:0:0, 1:0:0:0:0, 0:0:0:0:0, 0:0:0:0:0, 0:0:0:0:0, 0:0:0:0:0, 0:0:0:0:0, 1:0:0:0:0, 1:0:0:0:0, 0:0:0:0:0, 0:0:0:0:0, 0:0:0:0:0, 63:3:0:0:3
G major blues (1#), 1:0:0:0:0, 2:1:0:0:0, 2:0:0:0:1, 1:0:0:0:0, 3:0:0:0:1, 1:0:0:0:0, 3:1:0:0:1, 1:0:0:0:0, 1:0:0:0:0, 2:1:0:0:0, 2:0:0:0:1, 1:0:0:0:0, 3:0:0:0:1, 1:0:0:0:0, 2:1:0:0:0,  , 1:1:0:0:0, 1:0:0:0:0, 0:0:0:0:0, 0:0:0:0:0, 0:0:0:0:0, 2:0:0:0:1, 3:2:0:0:2, 2:1:0:0:1, 1:0:0:0:0, 2:1:0:0:0, 2:0:0:0:1, 1:0:0:0:0, 3:0:0:0:1, 1:0:0:0:0, 2:1:0:0:0, 0:0:0:0:0, 2:1:0:0:0,  , 2:0:0:0:0, 2:1:0:0:0, 3:2:0:0:2, 3:2:0:0:0, 2:1:0:0:0, 1:0:0:0:1, 4:0:0:0:3, 0:0:0:0:0, 2:0:0:0:1, 2:2:0:0:1, 4:2:0:0:2, 3:0:0:0:2, 1:1:0:0:0,  , 1:0:0:0:0, 2:0:0:0:0, 2:1:0:0:1, 1:0:0:0:1, 2:0:0:0:0, 0:0:0:0:0, 2:1:0:0:1, 2:1:0:0:0, 2:1:0:0:0, 1:0:0:0:1, 2:1:0:0:0, 0:0:0:0:0, 3:1:0:0:1, 3:1:0:0:2, 1:0:0:0:0, 1:0:0:0:0, 1:1:0:0:0, 104:30:0:0:30
D minor blues (1b), 0:0:0:0:0, 0:0:0:0:0, 3:0:0:0:0, 0:0:0:0:0, 2:0:0:0:0, 0:0:0:0:0, 3:0:0:0:0, 0:0:0:0:0, 0:0:0:0:0, 0:0:0:0:0, 3:0:0:0:0, 0:0:0:0:0, 2:0:0:0:0, 0:0:0:0:0, 0:0:0:0:0,  , 2:0:0:0:0, 2:0:0:0:0, 2:0:0:0:0, 2:0:0:0:0, 0:0:0:0:0, 2:0:0:0:0, 2:0:0:0:0, 1:0:0:0:0, 0:0:0:0:0, 0:0:0:0:0, 3:0:0:0:0, 0:0:0:0:0, 2:0:0:0:0, 0:0:0:0:0, 0:0:0:0:0, 0:0:0:0:0, 0:0:0:0:0,  , 1:1:0:0:1, 0:0:0:0:0, 3:0:0:0:0, 1:0:0:0:0, 1:0:0:0:0, 1:0:0:0:0, 4:0:0:0:0, 0:0:0:0:0, 1:0:0:0:0, 1:0:0:0:0, 3:0:0:0:0, 1:0:0:0:0, 0:0:0:0:0,  , 2:1:0:0:1, 3:1:0:0:1, 2:0:0:0:0, 2:0:0:0:0, 3:0:0:0:0, 0:0:0:0:0, 1:0:0:0:0, 0:0:0:0:0, 0:0:0:0:0, 0:0:0:0:0, 0:0:0:0:0, 0:0:0:0:0, 1:0:0:0:0, 1:0:0:0:0, 0:0:0:0:0, 0:0:0:0:0, 0:0:0:0:0, 63:3:0:0:3
E minor blues (1#), 1:0:0:0:0, 2:1:0:0:0, 2:0:0:0:1, 1:0:0:0:0, 3:0:0:0:1, 1:0:0:0:0, 3:1:0:0:1, 1:0:0:0:0, 1:0:0:0:0, 2:1:0:0:0, 2:0:0:0:1, 1:0:0:0:0, 3:0:0:0:1, 1:0:0:0:0, 2:1:0:0:0,  , 1:1:0:0:0, 1:0:0:0:0, 0:0:0:0:0, 0:0:0:0:0, 0:0:0:0:0, 2:0:0:0:1, 3:2:0:0:2, 2:1:0:0:1, 1:0:0:0:0, 2:1:0:0:0, 2:0:0:0:1, 1:0:0:0:0, 3:0:0:0:1, 1:0:0:0:0, 2:1:0:0:0, 0:0:0:0:0, 2:1:0:0:0,  , 2:0:0:0:0, 2:1:0:0:0, 3:2:0:0:2, 3:2:0:0:0, 2:1:0:0:0, 1:0:0:0:1, 4:0:0:0:3, 0:0:0:0:0, 2:0:0:0:1, 2:2:0:0:1, 4:2:0:0:2, 3:0:0:0:2, 1:1:0:0:0,  , 1:0:0:0:0, 2:0:0:0:0, 2:1:0:0:1, 1:0:0:0:1, 2:0:0:0:0, 0:0:0:0:0, 2:1:0:0:1, 2:1:0:0:0, 2:1:0:0:0, 1:0:0:0:1, 2:1:0:0:0, 0:0:0:0:0, 3:1:0:0:1, 3:1:0:0:2, 1:0:0:0:0, 1:0:0:0:0, 1:1:0:0:0, 104:30:0:0:30
F dorian (1b), 0:0:0:0:0, 0:0:0:0:0, 3:0:0:0:0, 0:0:0:0:0, 2:0:0:0:0, 0:0:0:0:0, 3:0:0:0:0, 0:0:0:0:0, 0:0:0:0:0, 0:0:0:0:0, 3:0:0:0:0, 0:0:0:0:0, 2:0:0:0:0, 0:0:0:0:0, 0:0:0:0:0,  , 2:0:0:0:0, 2:0:0:0:0, 2:0:0:0:0, 2:0:0:0:0, 0:0:0:0:0, 2:0:0:0:0, 2:0:0:0:0, 1:0:0:0:0, 0:0:0:0:0, 0:0:0:0:0, 3:0:0:0:0, 0:0:0:0:0, 2:0:0:0:0, 0:0:0:0:0, 0:0:0:0:0, 0:0:0:0:0, 0:0:0:0:0,  , 1:1:0:0:1, 0:0:0:0:0, 3:0:0:0:0, 1:0:0:0:0, 1:0:0:0:0, 1:0:0:0:0, 4:0:0:0:0, 0:0:0:0:0, 1:0:0:0:0, 1:0:0:0:0, 3:0:0:0:0, 1:0:0:0:0, 0:0:0:0:0,  , 2:1:0:0:1, 3:1:0:0:1, 2:0:0:0:0, 2:0:0:0:0, 3:0:0:0:0, 0:0:0:0:0, 1:0:0:0:0, 0:0:0:0:0, 0:0:0:0:0, 0:0:0:0:0, 0:0:0:0:0, 0:0:0:0:0, 1:0:0:0:0, 1:0:0:0:0, 0:0:0:0:0, 0:0:0:0:0, 0:0:0:0:0, 63:3:0:0:3
G dorian (1#), 1:0:0:0:0, 2:1:0:0:0, 2:0:0:0:1, 1:0:0:0:0, 3:0:0:0:1, 1:0:0:0:0, 3:1:0:0:1, 1:0:0:0:0, 1:0:0:0:0, 2:1:0:0:0, 2:0:0:0:1, 1:0:0:0:0, 3:0:0:0:1, 1:0:0:0:0, 2:1:0:0:0,  , 1:1:0:0:0, 1:0:0:0:0, 0:0:0:0:0, 0:0:0:0:0, 0:0:0:0:0, 2:0:0:0:1, 3:2:0:0:2, 2:1:0:0:1, 1:0:0:0:0, 2:1:0:0:0, 2:0:0:0:1, 1:0:0:0:0, 3:0:0:0:1, 1:0:0:0:0, 2:1:0:0:0, 0:0:0:0:0, 2:1:0:0:0,  , 2:0:0:0:0, 2:1:0:0:0, 3:2:0:0:2, 3:2:0:0:0, 2:1:0:0:0, 1:0:0:0:1, 4:0:0:0:3, 0:0:0:0:0, 2:0:0:0:1, 2:2:0:0:1, 4:2:0:0:2, 3:0:0:0:2, 1:1:0:0:0,  , 1:0:0:0:0, 2:0:0:0:0, 2:1:0:0:1, 1:0:0:0:1, 2:0:0:0:0, 0:0:0:0:0, 2:1:0:0:1, 2:1:0:0:0, 2:1:0:0:0, 1:0:0:0:1, 2:1:0:0:0, 0:0:0:0:0, 3:1:0:0:1, 3:1:0:0:2, 1:0:0:0:0, 1:0:0:0:0, 1:1:0:0:0, 104:30:0:0:30
F phrygian (1b), 0:0:0:0:0, 0:0:0:0:0, 3:0:0:0:0, 0:0:0:0:0, 2:0:0:0:0, 0:0:0:0:0, 3:0:0:0:0, 0:0:0:0:0, 0:0:0:0:0, 0:0:0:0:0, 3:0:0:0:0, 0:0:0:0:0, 2:0:0:0:0, 0:0:0:0:0, 0:0:0:0:0,  , 2:0:0:0:0, 2:0:0:0:0, 2:0:0:0:0, 2:0:0:0:0, 0:0:0:0:0, 2:0:0:0:0, 2:0:0:0:0, 1:0:0:0:0, 0:0:0:0:0, 0:0:0:0:0, 3:0:0:0:0, 0:0:0:0:0, 2:0:0:0:0, 0:0:0:0:0, 0:0:0:0:0, 0:0:0:0:0, 0:0:0:0:0,  , 1:1:0:0:1, 0:0:0:0:0, 3:0:0:0:0, 1:0:0:0:0, 1:0:0:0:0, 1:0:0:0:0, 4:0:0:0:0, 0:0:0:0:0, 1:0:0:0:0, 1:0:0:0:0, 3:0:0:0:0, 1:0:0:0:0, 0:0:0:0:0,  , 2:1:0:0:1, 3:1:0:0:1, 2:0:0:0:0, 2:0:0:0:0, 3:0:0:0:0, 0:0:0:0:0, 1:0:0:0:0, 0:0:0:0:0, 0:0:0:0:0, 0:0:0:0:0, 0:0:0:0:0, 0:0:0:0:0, 1:0:0:0:0, 1:0:0:0:0, 0:0:0:0:0, 0:0:0:0:0, 0:0:0:0:0, 63:3:0:0:3
G phrygian (1#), 1:0:0:0:0, 2:1:0:0:0, 2:0:0:0:1, 1:0:0:0:0, 3:0:0:0:1, 1:0:0:0:0, 3:1:0:0:1, 1:0:0:0:0, 1:0:0:0:0, 2:1:0:0:0, 2:0:0:0:1, 1:0:0:0:0, 3:0:0:0:1, 1:0:0:0:0, 2:1:0:0:0,  , 1:1:0:0:0, 1:0:0:0:0, 0:0:0:0:0, 0:0:0:0:0, 0:0:0:0:0, 2:0:0:0:1, 3:2:0:0:2, 2:1:0:0:1, 1:0:0:0:0, 2:1:0:0:0, 2:0:0:0:1, 1:0:0:0:0, 3:0:0:0:1, 1:0:0:0:0, 2:1:0:0:0, 0:0:0:0:0, 2:1:0:0:0,  , 2:0:0:0:0, 2:1:0:0:0, 3:2:0:0:2, 3:2:0:0:0, 2:1:0:0:0, 1:0:0:0:1, 4:0:0:0:3, 0:0:0:0:0, 2:0:0:0:1, 2:2:0:0:1, 4:2:0:0:2, 3:0:0:0:2, 1:1:0:0:0,  , 1:0:0:0:0, 2:0:0:0:0, 2:1:0:0:1, 1:0:0:0:1, 2:0:0:0:0, 0:0:0:0:0, 2:1:0:0:1, 2:1:0:0:0, 2:1:0:0:0, 1:0:0:0:1, 2:1:0:0:0, 0:0:0:0:0, 3:1:0:0:1, 3:1:0:0:2, 1:0:0:0:0, 1:0:0:0:0, 1:1:0:0:0, 104:30:0:0:30
F lydian (1b), 0:0:0:0:0, 0:0:0:0:0, 3:0:0:0:0, 0:0:0:0:0, 2:0:0:0:0, 0:0:0:0:0, 3:0:0:0:0, 0:0:0:0:0, 0:0:0:0:0, 0:0:0:0:0, 3:0:0:0:0, 0:0:0:0:0, 2:0:0:0:0, 0:0:0:0:0, 0:0:0:0:0,  , 2:0:0:0:0, 2:0:0:0:0, 2:0:0:0:0, 2:0:0:0:0, 0:0:0:0:0, 2:0:0:0:0, 2:0:0:0:0, 1:0:0:0:0, 0:0:0:0:0, 0:0:0:0:0, 3:0:0:0:0, 0:0:0:0:0, 2:0:0:0:0, 0:0:0:0:0, 0:0:0:0:0, 0:0:0:0:0, 0:0:0:0:0,  , 1:1:0:0:1, 0:0:0:0:0, 3:0:0:0:0, 1:0:0:0:0, 1:0:0:0:0, 1:0:0:0:0, 4:0:0:0:0, 0:0:0:0:0, 1:0:0:0:0, 1:0:0:0:0, 3:0:0:0:0, 1:0:0:0:0, 0:0:0:0:0,  , 2:1:0:0:1, 3:1:0:0:1, 2:0:0:0:0, 2:0:0:0:0, 3:0:0:0:0, 0:0:0:0:0, 1:0:0:0:0, 0:0:0:0:0, 0:0:0:0:0, 0:0:0:0:0, 0:0:0:0:0, 0:0:0:0:0, 1:0:0:0:0, 1:0:0:0:0, 0:0:0:0:0, 0:0:0:0:0, 0:0:0:0:0, 63:3:0:0:3
G lydian (1#), 1:0:0:0:0, 2:1:0:0:0, 2:0:0:0:1, 1:0:0:0:0, 3:0:0:0:1, 1:0:0:0:0, 3:1:0:0:1, 1:0:0:0:0, 1:0:0:0:0, 2:1:0:0:0, 2:0:0:0:1, 1:0:0:0:0, 3:0:0:0:1, 1:0:0:0:0, 2:1:0:0:0,  , 1:1:0:0:0, 1:0:0:0:0, 0:0:0:0:0, 0:0:0:0:0, 0:0:0:0:0, 2:0:0:0:1, 3:2:0:0:2, 2:1:0:0:1, 1:0:0:0:0, 2:1:0:0:0, 2:0:0:0:1, 1:0:0:0:0, 3:0:0:0:1, 1:0:0:0:0, 2:1:0:0:0, 0:0:0:0:0, 2:1:0:0:0,  , 2:0:0:0:0, 2:1:0:0:0, 3:2:0:0:2, 3:2:0:0:0, 2:1:0:0:0, 1:0:0:0:1, 4:0:0:0:3, 0:0:0:0:0, 2:0:0:0:1, 2:2:0:0:1, 4:2:0:0:2, 3:0:0:0:2, 1:1:0:0:0,  , 1:0:0:0:0, 2:0:0:0:0, 2:1:0:0:1, 1:0:0:0:1, 2:0:0:0:0, 0:0:0:0:0, 2:1:0:0:1, 2:1:0:0:0, 2:1:0:0:0, 1:0:0:0:1, 2:1:0:0:0, 0:0:0:0:0, 3:1:0:0:1, 3:1:0:0:2, 1:0:0:0:0, 1:0:0:0:0, 1:1:0:0:0, 104:30:0:0:30
F mixolydian (1b), 0:0:0:0:0, 0:0:0:0:0, 3:0:0:0:0, 0:0:0:0:0, 2:0:0:0:0, 0:0:0:0:0, 3:0:0:0:0, 0:0:0:0:0, 0:0:0:0:0, 0:0:0:0:0, 3:0:0:0:0, 0:0:0:0:0, 2:0:0:0:0, 0:0:0:0:0, 0:0:0:0:0,  , 2:0:0:0:0, 2:0:0:0:0, 2:0:0:0:0, 2:0:0:0:0, 0:0:0:0:0, 2:0:0:0:0, 2:0:0:0:0, 1:0:0:0:0, 0:0:0:0:0, 0:0:0:0:0, 3:0:0:0:0, 0:0:0:0:0, 2:0:0:0:0, 0:0:0:0:0, 0:0:0:0:0, 0:0:0:0:0, 0:0:0:0:0,  , 1:1:0:0:1, 0:0:0:0:0, 3:0:0:0:0, 1:0:0:0:0, 1:0:0:0:0, 1:0:0:0:0, 4:0:0:0:0, 0:0:0:0:0, 1:0:0:0:0, 1:0:0:0:0, 3:0:0:0:0, 1:0:0:0:0, 0:0:0:0:0,  , 2:1:0:0:1, 3:1:0:0:1, 2:0:0:0:0, 2:0:0:0:0, 3:0:0:0:0, 0:0:0:0:0, 1:0:0:0:0, 0:0:0:0:0, 0:0:0:0:0, 0:0:0:0:0, 0:0:0:0:0, 0:0:0:0:0, 1:0:0:0:0, 1:0:0:0:0, 0:0:0:0:0, 0:0:0:0:0, 0:0:0:0:0, 63:3:0:0:3
G mixolydian (1#), 1:0:0:0:0, 2:1:0:0:0, 2:0:0:0:1, 1:0:0:0:0, 3:0:0:0:1, 1:0:0:0:0, 3:1:0:0:1, 1:0:0:0:0, 1:0:0:0:0, 2:1:0:0:0, 2:0:0:0:1, 1:0:0:0:0, 3:0:0:0:1, 1:0:0:0:0, 2:1:0:0:0,  , 1:1:0:0:0, 1:0:0:0:0, 0:0:0:0:0, 0:0:0:0:0, 0:0:0:0:0, 2:0:0:0:1, 3:2:0:0:2, 2:1:0:0:1, 1:0:0:0:0, 2:1:0:0:0, 2:0:0:0:1, 1:0:0:0:0, 3:0:0:0:1, 1:0:0:0:0, 2:1:0:0:0, 0:0:0:0:0, 2:1:0:0:0,  , 2:0:0:0:0, 2:1:0:0:0, 3:2:0:0:2, 3:2:0:0:0, 2:1:0:0:0, 1:0:0:0:1, 4:0:0:0:3, 0:0:0:0:0, 2:0:0:0:1, 2:2:0:0:1, 4:2:0:0:2, 3:0:0:0:2, 1:1:0:0:0,  , 1:0:0:0:0, 2:0:0:0:0, 2:1:0:0:1, 1:0:0:0:1, 2:0:0:0:0, 0:0:0:0:0, 2:1:0:0:1, 2:1:0:0:0, 2:1:0:0:0, 1:0:0:0:1, 2:1:0:0:0, 0:0:0:0:0, 3:1:0:0:1, 3:1:0:0:2, 1:0:0:0:0, 1:0:0:0:0, 1:1:0:0:0, 104:30:0:0:30
F aeolian (1b), 0:0:0:0:0, 0:0:0:0:0, 3:0:0:0:0, 0:0:0:0:0, 2:0:0:0:0, 0:0:0:0:0, 3:0:0:0:0, 0:0:0:0:0, 0:0:0:0:0, 0:0:0:0:0, 3:0:0:0:0, 0:0:0:0:0, 2:0:0:0:0, 0:0:0:0:0, 0:0:0:0:0,  , 2:0:0:0:0, 2:0:0:0:0, 2:0:0:0:0, 2:0:0:0:0, 0:0:0:0:0, 2:0:0:0:0, 2:0:0:0:0, 1:0:0:0:0, 0:0:0:0:0, 0:0:0:0:0, 3:0:0:0:0, 0:0:0:0:0, 2:0:0:0:0, 0:0:0:0:0, 0:0:0:0:0, 0:0:0:0:0, 0:0:0:0:0,  , 1:1:0:0:1, 0:0:0:0:0, 3:0:0:0:0, 1:0:0:0:0, 1:0:0:0:0, 1:0:0:0:0, 4:0:0:0:0, 0:0:0:0:0, 1:0:0:0:0, 1:0:0:0:0, 3:0:0:0:0, 1:0:0:0:0, 0:0:0:0:0,  , 2:1:0:0:1, 3:1:0:0:1, 2:0:0:0:0, 2:0:0:0:0, 3:0:0:0:0, 0:0:0:0:0, 1:0:0:0:0, 0:0:0:0:0, 0:0:0:0:0, 0:0:0:0:0, 0:0:0:0:0, 0:0:0:0:0, 1:0:0:0:0, 1:0:0:0:0, 0:0:0:0:0, 0:0:0:0:0, 0:0:0:0:0, 63:3:0:0:3
G aeolian (1#), 1:0:0:0:0, 2:1:0:0:0, 2:0:0:0:1, 1:0:0:0:0, 3:0:0:0:1, 1:0:0:0:0, 3:1:0:0:1, 1:0:0:0:0, 1:0:0:0:0, 2:1:0:0:0, 2:0:0:0:1, 1:0:0:0:0, 3:0:0:0:1, 1:0:0:0:0, 2:1:0:0:0,  , 1:1:0:0:0, 1:0:0:0:0, 0:0:0:0:0, 0:0:0:0:0, 0:0:0:0:0, 2:0:0:0:1, 3:2:0:0:2, 2:1:0:0:1, 1:0:0:0:0, 2:1:0:0:0, 2:0:0:0:1, 1:0:0:0:0, 3:0:0:0:1, 1:0:0:0:0, 2:1:0:0:0, 0:0:0:0:0, 2:1:0:0:0,  , 2:0:0:0:0, 2:1:0:0:0, 3:2:0:0:2, 3:2:0:0:0, 2:1:0:0:0, 1:0:0:0:1, 4:0:0:0:3, 0:0:0:0:0, 2:0:0:0:1, 2:2:0:0:1, 4:2:0:0:2, 3:0:0:0:2, 1:1:0:0:0,  , 1:0:0:0:0, 2:0:0:0:0, 2:1:0:0:1, 1:0:0:0:1, 2:0:0:0:0, 0:0:0:0:0, 2:1:0:0:1, 2:1:0:0:0, 2:1:0:0:0, 1:0:0:0:1, 2:1:0:0:0, 0:0:0:0:0, 3:1:0:0:1, 3:1:0:0:2, 1:0:0:0:0, 1:0:0:0:0, 1:1:0:0:0, 104:30:0:0:30
F locrian (1b), 0:0:0:0:0, 0:0:0:0:0, 3:0:0:0:0, 0:0:0:0:0, 2:0:0:0:0, 0:0:0:0:0, 3:0:0:0:0, 0:0:0:0:0, 0:0:0:0:0, 0:0:0:0:0, 3:0:0:0:0, 0:0:0:0:0, 2:0:0:0:0, 0:0:0:0:0, 0:0:0:0:0,  , 2:0:0:0:0, 2:0:0:0:0, 2:0:0:0:0, 2:0:0:0:0, 0:0:0:0:0, 2:0:0:0:0, 2:0:0:0:0, 1:0:0:0:0, 0:0:0:0:0, 0:0:0:0:0, 3:0:0:0:0, 0:0:0:0:0, 2:0:0:0:0, 0:0:0:0:0, 0:0:0:0:0, 0:0:0:0:0, 0:0:0:0:0,  , 1:1:0:0:1, 0:0:0:0:0, 3:0:0:0:0, 1:0:0:0:0, 1:0:0:0:0, 1:0:0:0:0, 4:0:0:0:0, 0:0:0:0:0, 1:0:0:0:0, 1:0:0:0:0, 3:0:0:0:0, 1:0:0:0:0, 0:0:0:0:0,  , 2:1:0:0:1, 3:1:0:0:1, 2:0:0:0:0, 2:0:0:0:0, 3:0:0:0:0, 0:0:0:0:0, 1:0:0:0:0, 0:0:0:0:0, 0:0:0:0:0, 0:0:0:0:0, 0:0:0:0:0, 0:0:0:0:0, 1:0:0:0:0, 1:0:0:0:0, 0:0:0:0:0, 0:0:0:0:0, 0:0:0:0:0, 63:3:0:0:3
G locrian (1#), 1:0:0:0:0, 2:1:0:0:0, 2:0:0:0:1, 1:0:0:0:0, 3:0:0:0:1, 1:0:0:0:0, 3:1:0:0:1, 1:0:0:0:0, 1:0:0:0:0, 2:1:0:0:0, 2:0:0:0:1, 1:0:0:0:0, 3:0:0:0:1, 1:0:0:0:0, 2:1:0:0:0,  , 1:1:0:0:0, 1:0:0:0:0, 0:0:0:0:0, 0:0:0:0:0, 0:0:0:0:0, 2:0:0:0:1, 3:2:0:0:2, 2:1:0:0:1, 1:0:0:0:0, 2:1:0:0:0, 2:0:0:0:1, 1:0:0:0:0, 3:0:0:0:1, 1:0:0:0:0, 2:1:0:0:0, 0:0:0:0:0, 2:1:0:0:0,  , 2:0:0:0:0, 2:1:0:0:0, 3:2:0:0:2, 3:2:0:0:0, 2:1:0:0:0, 1:0:0:0:1, 4:0:0:0:3, 0:0:0:0:0, 2:0:0:0:1, 2:2:0:0:1, 4:2:0:0:2, 3:0:0:0:2, 1:1:0:0:0,  , 1:0:0:0:0, 2:0:0:0:0, 2:1:0:0:1, 1:0:0:0:1, 2:0:0:0:0, 0:0:0:0:0, 2:1:0:0:1, 2:1:0:0:0, 2:1:0:0:0, 1:0:0:0:1, 2:1:0:0:0, 0:0:0:0:0, 3:1:0:0:1, 3:1:0:0:2, 1:0:0:0:0, 1:0:0:0:0, 1:1:0:0:0, 104:30:0:0:30
Bb major (2b), 1:0:0:0:0, 1:0:0:0:0, 2:0:0:0:1, 1:0:0:0:0, 1:0:0:0:0, 0:0:0:0:0, 2:0:0:0:0, 1:0:0:0:0, 1:0:0:0:0, 1:0:0:0:0, 2:0:0:0:1, 1:0:0:0:0, 1:0:0:0:0, 0:0:0:0:0, 1:0:0:0:0,  , 3:0:0:0:0, 3:0:0:0:1, 3:0:0:0:1, 3:0:0:0:1, 0:0:0:0:0, 3:0:0:0:1, 2:0:0:0:0, 2:0:0:0:0, 1:0:0:0:0, 1:0:0:0:0, 2:0:0:0:1, 1:0:0:0:0, 1:0:0:0:0, 0:0:0:0:0, 1:0:0:0:0, 1:0:0:0:0, 0:0:0:0:0,  , 2:1:0:0:1, 0:0:0:0:0, 2:0:0:0:1, 1:0:0:0:0, 1:0:0:0:0, 1:0:0:0:1, 3:0:0:0:1, 0:0:0:0:0, 2:0:0:0:0, 1:0:0:0:0, 2:0:0:0:1, 1:0:0:0:0, 0:0:0:0:0,  , 3:1:0:0:1, 4:1:0:0:2, 1:0:0:0:0, 2:0:1:0:1, 4:0:0:0:1, 0:0:0:0:0, 1:0:0:0:0, 1:0:0:0:0, 1:0:0:0:0, 1:0:0:0:0, 0:0:0:0:0, 0:0:0:0:0, 0:0:0:0:0, 1:0:0:0:0, 1:0:0:0:0, 1:0:0:0:0, 0:0:0:0:0, 80:3:1:0:17
D major (2#), 2:0:0:0:0, 2:1:0:0:0, 3:0:0:0:1, 2:0:0:0:0, 3:0:1:0:2, 1:0:0:0:0, 3:1:1:0:2, 1:0:0:0:0, 1:0:0:0:0, 2:1:0:0:0, 3:0:0:0:1, 2:0:0:0:0, 3:0:1:0:2, 1:0:0:0:0, 3:1:0:0:0,  , 1:1:0:0:1, 0:0:0:0:0, 1:0:0:0:0, 1:0:0:0:0, 0:0:0:0:0, 3:0:0:0:1, 3:1:0:0:0, 2:0:0:0:0, 1:0:0:0:0, 2:1:0:0:0, 3:0:0:0:1, 2:0:0:0:0, 3:0:1:0:2, 1:0:0:0:0, 3:1:0:0:0, 0:0:0:0:0, 3:1:0:0:0,  , 2:0:1:0:1, 3:1:0:0:0, 4:1:1:0:2, 3:2:0:0:1, 2:1:0:0:1, 1:0:0:0:1, 5:0:0:0:2, 1:0:0:0:0, 3:0:0:0:1, 2:1:0:0:0, 5:1:1:0:2, 3:0:0:0:1, 1:1:0:0:0,  , 0:0:0:0:0, 1:0:0:0:0, 3:1:0:0:1, 2:0:0:0:1, 2:1:2:0:2, 0:0:0:0:0, 3:1:0:0:0, 3:1:0:0:0, 3:1:0:0:0, 1:0:0:0:1, 3:1:0:0:0, 1:0:0:0:0, 4:1:0:0:1, 3:0:0:0:1, 2:0:0:0:0, 2:0:0:0:0, 2:1:0:0:0, 131:25:9:0:32
G minor (2b), 1:0:0:0:0, 1:0:0:0:0, 2:0:0:0:1, 1:0:0:0:0, 1:0:0:0:0, 0:0:0:0:0, 2:0:0:0:0, 1:0:0:0:0, 1:0:0:0:0, 1:0:0:0:0, 2:0:0:0:1, 1:0:0:0:0, 1:0:0:0:0, 0:0:0:0:0, 1:0:0:0:0,  , 3:0:0:0:0, 3:0:0:0:1, 3:0:0:0:1, 3:0:0:0:1, 0:0:0:0:0, 3:0:0:0:1, 2:0:0:0:0, 2:0:0:0:0, 1:0:0:0:0, 1:0:0:0:0, 2:0:0:0:1, 1:0:0:0:0, 1:0:0:0:0, 0:0:0:0:0, 1:0:0:0:0, 1:0:0:0:0, 0:0:0:0:0,  , 2:1:0:0:1, 0:0:0:0:0, 2:0:0:0:1, 1:0:0:0:0, 1:0:0:0:0, 1:0:0:0:1, 3:0:0:0:1, 0:0:0:0:0, 2:0:0:0:0, 1:0:0:0:0, 2:0:0:0:1, 1:0:0:0:0, 0:0:0:0:0,  , 3:1:0:0:1, 4:1:0:0:2, 1:0:0:0:0, 2:0:1:0:1, 4:0:0:0:1, 0:0:0:0:0, 1:0:0:0:0, 1:0:0:0:0, 1:0:0:0:0, 1:0:0:0:0, 0:0:0:0:0, 0:0:0:0:0, 0:0:0:0:0, 1:0:0:0:0, 1:0:0:0:0, 1:0:0:0:0, 0:0:0:0:0, 80:3:1:0:17
B minor (2#), 2:0:0:0:0, 2:1:0:0:0, 3:0:0:0:1, 2:0:0:0:0, 3:0:1:0:2, 1:0:0:0:0, 3:1:1:0:2, 1:0:0:0:0, 1:0:0:0:0, 2:1:0:0:0, 3:0:0:0:1, 2:0:0:0:0, 3:0:1:0:2, 1:0:0:0:0, 3:1:0:0:0,  , 1:1:0:0:1, 0:0:0:0:0, 1:0:0:0:0, 1:0:0:0:0, 0:0:0:0:0, 3:0:0:0:1, 3:1:0:0:0, 2:0:0:0:0, 1:0:0:0:0, 2:1:0:0:0, 3:0:0:0:1, 2:0:0:0:0, 3:0:1:0:2, 1:0:0:0:0, 3:1:0:0:0, 0:0:0:0:0, 3:1:0:0:0,  , 2:0:1:0:1, 3:1:0:0:0, 4:1:1:0:2, 3:2:0:0:1, 2:1:0:0:1, 1:0:0:0:1, 5:0:0:0:2, 1:0:0:0:0, 3:0:0:0:1, 2:1:0:0:0, 5:1:1:0:2, 3:0:0:0:1, 1:1:0:0:0,  , 0:0:0:0:0, 1:0:0:0:0, 3:1:0:0:1, 2:0:0:0:1, 2:1:2:0:2, 0:0:0:0:0, 3:1:0:0:0, 3:1:0:0:0, 3:1:0:0:0, 1:0:0:0:1, 3:1:0:0:0, 1:0:0:0:0, 4:1:0:0:1, 3:0:0:0:1, 2:0:0:0:0, 2:0:0:0:0, 2:1:0:0:0, 131:25:9:0:32
G minor mel (2b), 1:0:0:0:0, 1:0:0:0:0, 2:0:0:0:1, 1:0:0:0:0, 1:0:0:0:0, 0:0:0:0:0, 2:0:0:0:0, 1:0:0:0:0, 1:0:0:0:0, 1:0:0:0:0, 2:0:0:0:1, 1:0:0:0:0, 1:0:0:0:0, 0:0:0:0:0, 1:0:0:0:0,  , 3:0:0:0:0, 3:0:0:0:1, 3:0:0:0:1, 3:0:0:0:1, 0:0:0:0:0, 3:0:0:0:1, 2:0:0:0:0, 2:0:0:0:0, 1:0:0:0:0, 1:0:0:0:0, 2:0:0:0:1, 1:0:0:0:0, 1:0:0:0:0, 0:0:0:0:0, 1:0:0:0:0, 1:0:0:0:0, 0:0:0:0:0,  , 2:1:0:0:1, 0:0:0:0:0, 2:0:0:0:1, 1:0:0:0:0, 1:0:0:0:0, 1:0:0:0:1, 3:0:0:0:1, 0:0:0:0:0, 2:0:0:0:0, 1:0:0:0:0, 2:0:0:0:1, 1:0:0:0:0, 0:0:0:0:0,  , 3:1:0:0:1, 4:1:0:0:2, 1:0:0:0:0, 2:0:1:0:1, 4:0:0:0:1, 0:0:0:0:0, 1:0:0:0:0, 1:0:0:0:0, 1:0:0:0:0, 1:0:0:0:0, 0:0:0:0:0, 0:0:0:0:0, 0:0:0:0:0, 1:0:0:0:0, 1:0:0:0:0, 1:0:0:0:0, 0:0:0:0:0, 80:3:1:0:17
B minor mel (2#), 2:0:0:0:0, 2:1:0:0:0, 3:0:0:0:1, 2:0:0:0:0, 3:0:1:0:2, 1:0:0:0:0, 3:1:1:0:2, 1:0:0:0:0, 1:0:0:0:0, 2:1:0:0:0, 3:0:0:0:1, 2:0:0:0:0, 3:0:1:0:2, 1:0:0:0:0, 3:1:0:0:0,  , 1:1:0:0:1, 0:0:0:0:0, 1:0:0:0:0, 1:0:0:0:0, 0:0:0:0:0, 3:0:0:0:1, 3:1:0:0:0, 2:0:0:0:0, 1:0:0:0:0, 2:1:0:0:0, 3:0:0:0:1, 2:0:0:0:0, 3:0:1:0:2, 1:0:0:0:0, 3:1:0:0:0, 0:0:0:0:0, 3:1:0:0:0,  , 2:0:1:0:1, 3:1:0:0:0, 4:1:1:0:2, 3:2:0:0:1, 2:1:0:0:1, 1:0:0:0:1, 5:0:0:0:2, 1:0:0:0:0, 3:0:0:0:1, 2:1:0:0:0, 5:1:1:0:2, 3:0:0:0:1, 1:1:0:0:0,  , 0:0:0:0:0, 1:0:0:0:0, 3:1:0:0:1, 2:0:0:0:1, 2:1:2:0:2, 0:0:0:0:0, 3:1:0:0:0, 3:1:0:0:0, 3:1:0:0:0, 1:0:0:0:1, 3:1:0:0:0, 1:0:0:0:0, 4:1:0:0:1, 3:0:0:0:1, 2:0:0:0:0, 2:0:0:0:0, 2:1:0:0:0, 131:25:9:0:32
Bb major blues (2b), 1:0:0:0:0, 1:0:0:0:0, 2:0:0:0:1, 1:0:0:0:0, 1:0:0:0:0, 0:0:0:0:0, 2:0:0:0:0, 1:0:0:0:0, 1:0:0:0:0, 1:0:0:0:0, 2:0:0:0:1, 1:0:0:0:0, 1:0:0:0:0, 0:0:0:0:0, 1:0:0:0:0,  , 3:0:0:0:0, 3:0:0:0:1, 3:0:0:0:1, 3:0:0:0:1, 0:0:0:0:0, 3:0:0:0:1, 2:0:0:0:0, 2:0:0:0:0, 1:0:0:0:0, 1:0:0:0:0, 2:0:0:0:1, 1:0:0:0:0, 1:0:0:0:0, 0:0:0:0:0, 1:0:0:0:0, 1:0:0:0:0, 0:0:0:0:0,  , 2:1:0:0:1, 0:0:0:0:0, 2:0:0:0:1, 1:0:0:0:0, 1:0:0:0:0, 1:0:0:0:1, 3:0:0:0:1, 0:0:0:0:0, 2:0:0:0:0, 1:0:0:0:0, 2:0:0:0:1, 1:0:0:0:0, 0:0:0:0:0,  , 3:1:0:0:1, 4:1:0:0:2, 1:0:0:0:0, 2:0:1:0:1, 4:0:0:0:1, 0:0:0:0:0, 1:0:0:0:0, 1:0:0:0:0, 1:0:0:0:0, 1:0:0:0:0, 0:0:0:0:0, 0:0:0:0:0, 0:0:0:0:0, 1:0:0:0:0, 1:0:0:0:0, 1:0:0:0:0, 0:0:0:0:0, 80:3:1:0:17
D major blues (2#), 2:0:0:0:0, 2:1:0:0:0, 3:0:0:0:1, 2:0:0:0:0, 3:0:1:0:2, 1:0:0:0:0, 3:1:1:0:2, 1:0:0:0:0, 1:0:0:0:0, 2:1:0:0:0, 3:0:0:0:1, 2:0:0:0:0, 3:0:1:0:2, 1:0:0:0:0, 3:1:0:0:0,  , 1:1:0:0:1, 0:0:0:0:0, 1:0:0:0:0, 1:0:0:0:0, 0:0:0:0:0, 3:0:0:0:1, 3:1:0:0:0, 2:0:0:0:0, 1:0:0:0:0, 2:1:0:0:0, 3:0:0:0:1, 2:0:0:0:0, 3:0:1:0:2, 1:0:0:0:0, 3:1:0:0:0, 0:0:0:0:0, 3:1:0:0:0,  , 2:0:1:0:1, 3:1:0:0:0, 4:1:1:0:2, 3:2:0:0:1, 2:1:0:0:1, 1:0:0:0:1, 5:0:0:0:2, 1:0:0:0:0, 3:0:0:0:1, 2:1:0:0:0, 5:1:1:0:2, 3:0:0:0:1, 1:1:0:0:0,  , 0:0:0:0:0, 1:0:0:0:0, 3:1:0:0:1, 2:0:0:0:1, 2:1:2:0:2, 0:0:0:0:0, 3:1:0:0:0, 3:1:0:0:0, 3:1:0:0:0, 1:0:0:0:1, 3:1:0:0:0, 1:0:0:0:0, 4:1:0:0:1, 3:0:0:0:1, 2:0:0:0:0, 2:0:0:0:0, 2:1:0:0:0, 131:25:9:0:32
G minor blues (2b), 1:0:0:0:0, 1:0:0:0:0, 2:0:0:0:1, 1:0:0:0:0, 1:0:0:0:0, 0:0:0:0:0, 2:0:0:0:0, 1:0:0:0:0, 1:0:0:0:0, 1:0:0:0:0, 2:0:0:0:1, 1:0:0:0:0, 1:0:0:0:0, 0:0:0:0:0, 1:0:0:0:0,  , 3:0:0:0:0, 3:0:0:0:1, 3:0:0:0:1, 3:0:0:0:1, 0:0:0:0:0, 3:0:0:0:1, 2:0:0:0:0, 2:0:0:0:0, 1:0:0:0:0, 1:0:0:0:0, 2:0:0:0:1, 1:0:0:0:0, 1:0:0:0:0, 0:0:0:0:0, 1:0:0:0:0, 1:0:0:0:0, 0:0:0:0:0,  , 2:1:0:0:1, 0:0:0:0:0, 2:0:0:0:1, 1:0:0:0:0, 1:0:0:0:0, 1:0:0:0:1, 3:0:0:0:1, 0:0:0:0:0, 2:0:0:0:0, 1:0:0:0:0, 2:0:0:0:1, 1:0:0:0:0, 0:0:0:0:0,  , 3:1:0:0:1, 4:1:0:0:2, 1:0:0:0:0, 2:0:1:0:1, 4:0:0:0:1, 0:0:0:0:0, 1:0:0:0:0, 1:0:0:0:0, 1:0:0:0:0, 1:0:0:0:0, 0:0:0:0:0, 0:0:0:0:0, 0:0:0:0:0, 1:0:0:0:0, 1:0:0:0:0, 1:0:0:0:0, 0:0:0:0:0, 80:3:1:0:17
B minor blues (2#), 2:0:0:0:0, 2:1:0:0:0, 3:0:0:0:1, 2:0:0:0:0, 3:0:1:0:2, 1:0:0:0:0, 3:1:1:0:2, 1:0:0:0:0, 1:0:0:0:0, 2:1:0:0:0, 3:0:0:0:1, 2:0:0:0:0, 3:0:1:0:2, 1:0:0:0:0, 3:1:0:0:0,  , 1:1:0:0:1, 0:0:0:0:0, 1:0:0:0:0, 1:0:0:0:0, 0:0:0:0:0, 3:0:0:0:1, 3:1:0:0:0, 2:0:0:0:0, 1:0:0:0:0, 2:1:0:0:0, 3:0:0:0:1, 2:0:0:0:0, 3:0:1:0:2, 1:0:0:0:0, 3:1:0:0:0, 0:0:0:0:0, 3:1:0:0:0,  , 2:0:1:0:1, 3:1:0:0:0, 4:1:1:0:2, 3:2:0:0:1, 2:1:0:0:1, 1:0:0:0:1, 5:0:0:0:2, 1:0:0:0:0, 3:0:0:0:1, 2:1:0:0:0, 5:1:1:0:2, 3:0:0:0:1, 1:1:0:0:0,  , 0:0:0:0:0, 1:0:0:0:0, 3:1:0:0:1, 2:0:0:0:1, 2:1:2:0:2, 0:0:0:0:0, 3:1:0:0:0, 3:1:0:0:0, 3:1:0:0:0, 1:0:0:0:1, 3:1:0:0:0, 1:0:0:0:0, 4:1:0:0:1, 3:0:0:0:1, 2:0:0:0:0, 2:0:0:0:0, 2:1:0:0:0, 131:25:9:0:32
Bb dorian (2b), 1:0:0:0:0, 1:0:0:0:0, 2:0:0:0:1, 1:0:0:0:0, 1:0:0:0:0, 0:0:0:0:0, 2:0:0:0:0, 1:0:0:0:0, 1:0:0:0:0, 1:0:0:0:0, 2:0:0:0:1, 1:0:0:0:0, 1:0:0:0:0, 0:0:0:0:0, 1:0:0:0:0,  , 3:0:0:0:0, 3:0:0:0:1, 3:0:0:0:1, 3:0:0:0:1, 0:0:0:0:0, 3:0:0:0:1, 2:0:0:0:0, 2:0:0:0:0, 1:0:0:0:0, 1:0:0:0:0, 2:0:0:0:1, 1:0:0:0:0, 1:0:0:0:0, 0:0:0:0:0, 1:0:0:0:0, 1:0:0:0:0, 0:0:0:0:0,  , 2:1:0:0:1, 0:0:0:0:0, 2:0:0:0:1, 1:0:0:0:0, 1:0:0:0:0, 1:0:0:0:1, 3:0:0:0:1, 0:0:0:0:0, 2:0:0:0:0, 1:0:0:0:0, 2:0:0:0:1, 1:0:0:0:0, 0:0:0:0:0,  , 3:1:0:0:1, 4:1:0:0:2, 1:0:0:0:0, 2:0:1:0:1, 4:0:0:0:1, 0:0:0:0:0, 1:0:0:0:0, 1:0:0:0:0, 1:0:0:0:0, 1:0:0:0:0, 0:0:0:0:0, 0:0:0:0:0, 0:0:0:0:0, 1:0:0:0:0, 1:0:0:0:0, 1:0:0:0:0, 0:0:0:0:0, 80:3:1:0:17
D dorian (2#), 2:0:0:0:0, 2:1:0:0:0, 3:0:0:0:1, 2:0:0:0:0, 3:0:1:0:2, 1:0:0:0:0, 3:1:1:0:2, 1:0:0:0:0, 1:0:0:0:0, 2:1:0:0:0, 3:0:0:0:1, 2:0:0:0:0, 3:0:1:0:2, 1:0:0:0:0, 3:1:0:0:0,  , 1:1:0:0:1, 0:0:0:0:0, 1:0:0:0:0, 1:0:0:0:0, 0:0:0:0:0, 3:0:0:0:1, 3:1:0:0:0, 2:0:0:0:0, 1:0:0:0:0, 2:1:0:0:0, 3:0:0:0:1, 2:0:0:0:0, 3:0:1:0:2, 1:0:0:0:0, 3:1:0:0:0, 0:0:0:0:0, 3:1:0:0:0,  , 2:0:1:0:1, 3:1:0:0:0, 4:1:1:0:2, 3:2:0:0:1, 2:1:0:0:1, 1:0:0:0:1, 5:0:0:0:2, 1:0:0:0:0, 3:0:0:0:1, 2:1:0:0:0, 5:1:1:0:2, 3:0:0:0:1, 1:1:0:0:0,  , 0:0:0:0:0, 1:0:0:0:0, 3:1:0:0:1, 2:0:0:0:1, 2:1:2:0:2, 0:0:0:0:0, 3:1:0:0:0, 3:1:0:0:0, 3:1:0:0:0, 1:0:0:0:1, 3:1:0:0:0, 1:0:0:0:0, 4:1:0:0:1, 3:0:0:0:1, 2:0:0:0:0, 2:0:0:0:0, 2:1:0:0:0, 131:25:9:0:32
Bb phrygian (2b), 1:0:0:0:0, 1:0:0:0:0, 2:0:0:0:1, 1:0:0:0:0, 1:0:0:0:0, 0:0:0:0:0, 2:0:0:0:0, 1:0:0:0:0, 1:0:0:0:0, 1:0:0:0:0, 2:0:0:0:1, 1:0:0:0:0, 1:0:0:0:0, 0:0:0:0:0, 1:0:0:0:0,  , 3:0:0:0:0, 3:0:0:0:1, 3:0:0:0:1, 3:0:0:0:1, 0:0:0:0:0, 3:0:0:0:1, 2:0:0:0:0, 2:0:0:0:0, 1:0:0:0:0, 1:0:0:0:0, 2:0:0:0:1, 1:0:0:0:0, 1:0:0:0:0, 0:0:0:0:0, 1:0:0:0:0, 1:0:0:0:0, 0:0:0:0:0,  , 2:1:0:0:1, 0:0:0:0:0, 2:0:0:0:1, 1:0:0:0:0, 1:0:0:0:0, 1:0:0:0:1, 3:0:0:0:1, 0:0:0:0:0, 2:0:0:0:0, 1:0:0:0:0, 2:0:0:0:1, 1:0:0:0:0, 0:0:0:0:0,  , 3:1:0:0:1, 4:1:0:0:2, 1:0:0:0:0, 2:0:1:0:1, 4:0:0:0:1, 0:0:0:0:0, 1:0:0:0:0, 1:0:0:0:0, 1:0:0:0:0, 1:0:0:0:0, 0:0:0:0:0, 0:0:0:0:0, 0:0:0:0:0, 1:0:0:0:0, 1:0:0:0:0, 1:0:0:0:0, 0:0:0:0:0, 80:3:1:0:17
D phrygian (2#), 2:0:0:0:0, 2:1:0:0:0, 3:0:0:0:1, 2:0:0:0:0, 3:0:1:0:2, 1:0:0:0:0, 3:1:1:0:2, 1:0:0:0:0, 1:0:0:0:0, 2:1:0:0:0, 3:0:0:0:1, 2:0:0:0:0, 3:0:1:0:2, 1:0:0:0:0, 3:1:0:0:0,  , 1:1:0:0:1, 0:0:0:0:0, 1:0:0:0:0, 1:0:0:0:0, 0:0:0:0:0, 3:0:0:0:1, 3:1:0:0:0, 2:0:0:0:0, 1:0:0:0:0, 2:1:0:0:0, 3:0:0:0:1, 2:0:0:0:0, 3:0:1:0:2, 1:0:0:0:0, 3:1:0:0:0, 0:0:0:0:0, 3:1:0:0:0,  , 2:0:1:0:1, 3:1:0:0:0, 4:1:1:0:2, 3:2:0:0:1, 2:1:0:0:1, 1:0:0:0:1, 5:0:0:0:2, 1:0:0:0:0, 3:0:0:0:1, 2:1:0:0:0, 5:1:1:0:2, 3:0:0:0:1, 1:1:0:0:0,  , 0:0:0:0:0, 1:0:0:0:0, 3:1:0:0:1, 2:0:0:0:1, 2:1:2:0:2, 0:0:0:0:0, 3:1:0:0:0, 3:1:0:0:0, 3:1:0:0:0, 1:0:0:0:1, 3:1:0:0:0, 1:0:0:0:0, 4:1:0:0:1, 3:0:0:0:1, 2:0:0:0:0, 2:0:0:0:0, 2:1:0:0:0, 131:25:9:0:32
Bb lydian (2b), 1:0:0:0:0, 1:0:0:0:0, 2:0:0:0:1, 1:0:0:0:0, 1:0:0:0:0, 0:0:0:0:0, 2:0:0:0:0, 1:0:0:0:0, 1:0:0:0:0, 1:0:0:0:0, 2:0:0:0:1, 1:0:0:0:0, 1:0:0:0:0, 0:0:0:0:0, 1:0:0:0:0,  , 3:0:0:0:0, 3:0:0:0:1, 3:0:0:0:1, 3:0:0:0:1, 0:0:0:0:0, 3:0:0:0:1, 2:0:0:0:0, 2:0:0:0:0, 1:0:0:0:0, 1:0:0:0:0, 2:0:0:0:1, 1:0:0:0:0, 1:0:0:0:0, 0:0:0:0:0, 1:0:0:0:0, 1:0:0:0:0, 0:0:0:0:0,  , 2:1:0:0:1, 0:0:0:0:0, 2:0:0:0:1, 1:0:0:0:0, 1:0:0:0:0, 1:0:0:0:1, 3:0:0:0:1, 0:0:0:0:0, 2:0:0:0:0, 1:0:0:0:0, 2:0:0:0:1, 1:0:0:0:0, 0:0:0:0:0,  , 3:1:0:0:1, 4:1:0:0:2, 1:0:0:0:0, 2:0:1:0:1, 4:0:0:0:1, 0:0:0:0:0, 1:0:0:0:0, 1:0:0:0:0, 1:0:0:0:0, 1:0:0:0:0, 0:0:0:0:0, 0:0:0:0:0, 0:0:0:0:0, 1:0:0:0:0, 1:0:0:0:0, 1:0:0:0:0, 0:0:0:0:0, 80:3:1:0:17
D lydian (2#), 2:0:0:0:0, 2:1:0:0:0, 3:0:0:0:1, 2:0:0:0:0, 3:0:1:0:2, 1:0:0:0:0, 3:1:1:0:2, 1:0:0:0:0, 1:0:0:0:0, 2:1:0:0:0, 3:0:0:0:1, 2:0:0:0:0, 3:0:1:0:2, 1:0:0:0:0, 3:1:0:0:0,  , 1:1:0:0:1, 0:0:0:0:0, 1:0:0:0:0, 1:0:0:0:0, 0:0:0:0:0, 3:0:0:0:1, 3:1:0:0:0, 2:0:0:0:0, 1:0:0:0:0, 2:1:0:0:0, 3:0:0:0:1, 2:0:0:0:0, 3:0:1:0:2, 1:0:0:0:0, 3:1:0:0:0, 0:0:0:0:0, 3:1:0:0:0,  , 2:0:1:0:1, 3:1:0:0:0, 4:1:1:0:2, 3:2:0:0:1, 2:1:0:0:1, 1:0:0:0:1, 5:0:0:0:2, 1:0:0:0:0, 3:0:0:0:1, 2:1:0:0:0, 5:1:1:0:2, 3:0:0:0:1, 1:1:0:0:0,  , 0:0:0:0:0, 1:0:0:0:0, 3:1:0:0:1, 2:0:0:0:1, 2:1:2:0:2, 0:0:0:0:0, 3:1:0:0:0, 3:1:0:0:0, 3:1:0:0:0, 1:0:0:0:1, 3:1:0:0:0, 1:0:0:0:0, 4:1:0:0:1, 3:0:0:0:1, 2:0:0:0:0, 2:0:0:0:0, 2:1:0:0:0, 131:25:9:0:32
Bb mixolydian (2b), 1:0:0:0:0, 1:0:0:0:0, 2:0:0:0:1, 1:0:0:0:0, 1:0:0:0:0, 0:0:0:0:0, 2:0:0:0:0, 1:0:0:0:0, 1:0:0:0:0, 1:0:0:0:0, 2:0:0:0:1, 1:0:0:0:0, 1:0:0:0:0, 0:0:0:0:0, 1:0:0:0:0,  , 3:0:0:0:0, 3:0:0:0:1, 3:0:0:0:1, 3:0:0:0:1, 0:0:0:0:0, 3:0:0:0:1, 2:0:0:0:0, 2:0:0:0:0, 1:0:0:0:0, 1:0:0:0:0, 2:0:0:0:1, 1:0:0:0:0, 1:0:0:0:0, 0:0:0:0:0, 1:0:0:0:0, 1:0:0:0:0, 0:0:0:0:0,  , 2:1:0:0:1, 0:0:0:0:0, 2:0:0:0:1, 1:0:0:0:0, 1:0:0:0:0, 1:0:0:0:1, 3:0:0:0:1, 0:0:0:0:0, 2:0:0:0:0, 1:0:0:0:0, 2:0:0:0:1, 1:0:0:0:0, 0:0:0:0:0,  , 3:1:0:0:1, 4:1:0:0:2, 1:0:0:0:0, 2:0:1:0:1, 4:0:0:0:1, 0:0:0:0:0, 1:0:0:0:0, 1:0:0:0:0, 1:0:0:0:0, 1:0:0:0:0, 0:0:0:0:0, 0:0:0:0:0, 0:0:0:0:0, 1:0:0:0:0, 1:0:0:0:0, 1:0:0:0:0, 0:0:0:0:0, 80:3:1:0:17
D mixolydian (2#), 2:0:0:0:0, 2:1:0:0:0, 3:0:0:0:1, 2:0:0:0:0, 3:0:1:0:2, 1:0:0:0:0, 3:1:1:0:2, 1:0:0:0:0, 1:0:0:0:0, 2:1:0:0:0, 3:0:0:0:1, 2:0:0:0:0, 3:0:1:0:2, 1:0:0:0:0, 3:1:0:0:0,  , 1:1:0:0:1, 0:0:0:0:0, 1:0:0:0:0, 1:0:0:0:0, 0:0:0:0:0, 3:0:0:0:1, 3:1:0:0:0, 2:0:0:0:0, 1:0:0:0:0, 2:1:0:0:0, 3:0:0:0:1, 2:0:0:0:0, 3:0:1:0:2, 1:0:0:0:0, 3:1:0:0:0, 0:0:0:0:0, 3:1:0:0:0,  , 2:0:1:0:1, 3:1:0:0:0, 4:1:1:0:2, 3:2:0:0:1, 2:1:0:0:1, 1:0:0:0:1, 5:0:0:0:2, 1:0:0:0:0, 3:0:0:0:1, 2:1:0:0:0, 5:1:1:0:2, 3:0:0:0:1, 1:1:0:0:0,  , 0:0:0:0:0, 1:0:0:0:0, 3:1:0:0:1, 2:0:0:0:1, 2:1:2:0:2, 0:0:0:0:0, 3:1:0:0:0, 3:1:0:0:0, 3:1:0:0:0, 1:0:0:0:1, 3:1:0:0:0, 1:0:0:0:0, 4:1:0:0:1, 3:0:0:0:1, 2:0:0:0:0, 2:0:0:0:0, 2:1:0:0:0, 131:25:9:0:32
Bb aeolian (2b), 1:0:0:0:0, 1:0:0:0:0, 2:0:0:0:1, 1:0:0:0:0, 1:0:0:0:0, 0:0:0:0:0, 2:0:0:0:0, 1:0:0:0:0, 1:0:0:0:0, 1:0:0:0:0, 2:0:0:0:1, 1:0:0:0:0, 1:0:0:0:0, 0:0:0:0:0, 1:0:0:0:0,  , 3:0:0:0:0, 3:0:0:0:1, 3:0:0:0:1, 3:0:0:0:1, 0:0:0:0:0, 3:0:0:0:1, 2:0:0:0:0, 2:0:0:0:0, 1:0:0:0:0, 1:0:0:0:0, 2:0:0:0:1, 1:0:0:0:0, 1:0:0:0:0, 0:0:0:0:0, 1:0:0:0:0, 1:0:0:0:0, 0:0:0:0:0,  , 2:1:0:0:1, 0:0:0:0:0, 2:0:0:0:1, 1:0:0:0:0, 1:0:0:0:0, 1:0:0:0:1, 3:0:0:0:1, 0:0:0:0:0, 2:0:0:0:0, 1:0:0:0:0, 2:0:0:0:1, 1:0:0:0:0, 0:0:0:0:0,  , 3:1:0:0:1, 4:1:0:0:2, 1:0:0:0:0, 2:0:1:0:1, 4:0:0:0:1, 0:0:0:0:0, 1:0:0:0:0, 1:0:0:0:0, 1:0:0:0:0, 1:0:0:0:0, 0:0:0:0:0, 0:0:0:0:0, 0:0:0:0:0, 1:0:0:0:0, 1:0:0:0:0, 1:0:0:0:0, 0:0:0:0:0, 80:3:1:0:17
D aeolian (2#), 2:0:0:0:0, 2:1:0:0:0, 3:0:0:0:1, 2:0:0:0:0, 3:0:1:0:2, 1:0:0:0:0, 3:1:1:0:2, 1:0:0:0:0, 1:0:0:0:0, 2:1:0:0:0, 3:0:0:0:1, 2:0:0:0:0, 3:0:1:0:2, 1:0:0:0:0, 3:1:0:0:0,  , 1:1:0:0:1, 0:0:0:0:0, 1:0:0:0:0, 1:0:0:0:0, 0:0:0:0:0, 3:0:0:0:1, 3:1:0:0:0, 2:0:0:0:0, 1:0:0:0:0, 2:1:0:0:0, 3:0:0:0:1, 2:0:0:0:0, 3:0:1:0:2, 1:0:0:0:0, 3:1:0:0:0, 0:0:0:0:0, 3:1:0:0:0,  , 2:0:1:0:1, 3:1:0:0:0, 4:1:1:0:2, 3:2:0:0:1, 2:1:0:0:1, 1:0:0:0:1, 5:0:0:0:2, 1:0:0:0:0, 3:0:0:0:1, 2:1:0:0:0, 5:1:1:0:2, 3:0:0:0:1, 1:1:0:0:0,  , 0:0:0:0:0, 1:0:0:0:0, 3:1:0:0:1, 2:0:0:0:1, 2:1:2:0:2, 0:0:0:0:0, 3:1:0:0:0, 3:1:0:0:0, 3:1:0:0:0, 1:0:0:0:1, 3:1:0:0:0, 1:0:0:0:0, 4:1:0:0:1, 3:0:0:0:1, 2:0:0:0:0, 2:0:0:0:0, 2:1:0:0:0, 131:25:9:0:32
Bb locrian (2b), 1:0:0:0:0, 1:0:0:0:0, 2:0:0:0:1, 1:0:0:0:0, 1:0:0:0:0, 0:0:0:0:0, 2:0:0:0:0, 1:0:0:0:0, 1:0:0:0:0, 1:0:0:0:0, 2:0:0:0:1, 1:0:0:0:0, 1:0:0:0:0, 0:0:0:0:0, 1:0:0:0:0,  , 3:0:0:0:0, 3:0:0:0:1, 3:0:0:0:1, 3:0:0:0:1, 0:0:0:0:0, 3:0:0:0:1, 2:0:0:0:0, 2:0:0:0:0, 1:0:0:0:0, 1:0:0:0:0, 2:0:0:0:1, 1:0:0:0:0, 1:0:0:0:0, 0:0:0:0:0, 1:0:0:0:0, 1:0:0:0:0, 0:0:0:0:0,  , 2:1:0:0:1, 0:0:0:0:0, 2:0:0:0:1, 1:0:0:0:0, 1:0:0:0:0, 1:0:0:0:1, 3:0:0:0:1, 0:0:0:0:0, 2:0:0:0:0, 1:0:0:0:0, 2:0:0:0:1, 1:0:0:0:0, 0:0:0:0:0,  , 3:1:0:0:1, 4:1:0:0:2, 1:0:0:0:0, 2:0:1:0:1, 4:0:0:0:1, 0:0:0:0:0, 1:0:0:0:0, 1:0:0:0:0, 1:0:0:0:0, 1:0:0:0:0, 0:0:0:0:0, 0:0:0:0:0, 0:0:0:0:0, 1:0:0:0:0, 1:0:0:0:0, 1:0:0:0:0, 0:0:0:0:0, 80:3:1:0:17
D locrian (2#), 2:0:0:0:0, 2:1:0:0:0, 3:0:0:0:1, 2:0:0:0:0, 3:0:1:0:2, 1:0:0:0:0, 3:1:1:0:2, 1:0:0:0:0, 1:0:0:0:0, 2:1:0:0:0, 3:0:0:0:1, 2:0:0:0:0, 3:0:1:0:2, 1:0:0:0:0, 3:1:0:0:0,  , 1:1:0:0:1, 0:0:0:0:0, 1:0:0:0:0, 1:0:0:0:0, 0:0:0:0:0, 3:0:0:0:1, 3:1:0:0:0, 2:0:0:0:0, 1:0:0:0:0, 2:1:0:0:0, 3:0:0:0:1, 2:0:0:0:0, 3:0:1:0:2, 1:0:0:0:0, 3:1:0:0:0, 0:0:0:0:0, 3:1:0:0:0,  , 2:0:1:0:1, 3:1:0:0:0, 4:1:1:0:2, 3:2:0:0:1, 2:1:0:0:1, 1:0:0:0:1, 5:0:0:0:2, 1:0:0:0:0, 3:0:0:0:1, 2:1:0:0:0, 5:1:1:0:2, 3:0:0:0:1, 1:1:0:0:0,  , 0:0:0:0:0, 1:0:0:0:0, 3:1:0:0:1, 2:0:0:0:1, 2:1:2:0:2, 0:0:0:0:0, 3:1:0:0:0, 3:1:0:0:0, 3:1:0:0:0, 1:0:0:0:1, 3:1:0:0:0, 1:0:0:0:0, 4:1:0:0:1, 3:0:0:0:1, 2:0:0:0:0, 2:0:0:0:0, 2:1:0:0:0, 131:25:9:0:32
Eb major (3b), 2:0:0:0:1, 2:0:0:0:1, 2:0:0:0:1, 2:0:0:0:1, 2:0:0:0:0, 0:0:0:0:0, 3:0:0:0:0, 2:0:0:0:1, 2:0:0:0:1, 2:0:0:0:1, 2:0:0:0:1, 2:0:0:0:1, 2:0:0:0:0, 0:0:0:0:0, 2:0:0:0:1,  , 2:0:0:0:1, 4:0:0:0:2, 3:0:0:0:2, 3:0:0:0:2, 1:0:0:0:0, 3:0:0:0:2, 3:0:0:0:0, 2:0:0:0:1, 2:0:0:0:1, 2:0:0:0:1, 2:0:0:0:1, 2:0:0:0:1, 2:0:0:0:0, 0:0:0:0:0, 2:0:0:0:1, 2:0:0:0:1, 1:0:0:0:0,  , 3:1:0:0:2, 1:0:0:0:0, 2:0:0:0:1, 0:0:0:0:0, 0:0:0:0:0, 1:0:0:0:1, 2:0:0:0:1, 1:0:0:0:0, 3:0:0:0:1, 2:0:0:0:0, 2:0:0:0:1, 0:0:0:0:0, 1:0:0:0:0,  , 3:1:0:0:2, 5:1:0:0:3, 2:0:0:0:0, 3:0:1:0:0, 4:0:0:0:2, 1:0:0:0:0, 2:0:0:0:0, 2:0:0:0:1, 2:0:0:0:1, 1:0:0:0:1, 1:0:0:0:0, 0:0:0:0:0, 1:0:0:0:0, 1:0:0:0:0, 2:0:0:0:1, 1:0:0:0:1, 1:0:0:0:0, 113:3:1:0:45
A major (3#), 3:0:0:0:0, 3:1:0:0:0, 3:0:0:0:0, 3:0:0:0:0, 4:0:1:0:1, 2:0:0:0:0, 4:1:1:0:1, 2:0:0:0:0, 2:0:0:0:0, 3:1:0:0:0, 3:0:0:0:0, 3:0:0:0:0, 4:0:1:0:1, 2:0:0:0:0, 4:1:0:0:0,  , 2:1:0:0:1, 1:0:0:0:0, 1:0:0:0:0, 1:0:0:0:0, 1:0:0:0:0, 3:0:0:0:0, 2:1:0:0:0, 3:0:0:0:0, 2:0:0:0:0, 3:1:0:0:0, 3:0:0:0:0, 3:0:0:0:0, 4:0:1:0:1, 2:0:0:0:0, 4:1:0:0:0, 0:0:0:0:0, 3:1:0:0:0,  , 2:0:1:0:1, 4:1:0:0:0, 5:1:1:0:3, 4:0:1:1:3, 3:0:0:1:1, 1:0:0:0:1, 4:0:0:0:1, 1:0:0:0:0, 3:0:0:0:0, 3:1:0:0:0, 6:1:1:0:3, 4:0:0:0:1, 1:1:0:0:0,  , 1:0:0:0:0, 2:0:0:0:0, 3:1:0:0:0, 3:0:0:0:0, 2:1:2:0:2, 0:0:0:0:0, 2:1:0:0:0, 4:1:0:0:0, 3:1:0:0:0, 1:0:0:0:1, 4:1:0:0:0, 1:0:0:0:0, 5:1:0:0:0, 4:0:0:0:1, 2:0:0:0:0, 2:0:0:0:0, 2:1:0:0:0, 165:22:10:2:23
C minor (3b), 2:0:0:0:1, 2:0:0:0:1, 2:0:0:0:1, 2:0:0:0:1, 2:0:0:0:0, 0:0:0:0:0, 3:0:0:0:0, 2:0:0:0:1, 2:0:0:0:1, 2:0:0:0:1, 2:0:0:0:1, 2:0:0:0:1, 2:0:0:0:0, 0:0:0:0:0, 2:0:0:0:1,  , 2:0:0:0:1, 4:0:0:0:2, 3:0:0:0:2, 3:0:0:0:2, 1:0:0:0:0, 3:0:0:0:2, 3:0:0:0:0, 2:0:0:0:1, 2:0:0:0:1, 2:0:0:0:1, 2:0:0:0:1, 2:0:0:0:1, 2:0:0:0:0, 0:0:0:0:0, 2:0:0:0:1, 2:0:0:0:1, 1:0:0:0:0,  , 3:1:0:0:2, 1:0:0:0:0, 2:0:0:0:1, 0:0:0:0:0, 0:0:0:0:0, 1:0:0:0:1, 2:0:0:0:1, 1:0:0:0:0, 3:0:0:0:1, 2:0:0:0:0, 2:0:0:0:1, 0:0:0:0:0, 1:0:0:0:0,  , 3:1:0:0:2, 5:1:0:0:3, 2:0:0:0:0, 3:0:1:0:0, 4:0:0:0:2, 1:0:0:0:0, 2:0:0:0:0, 2:0:0:0:1, 2:0:0:0:1, 1:0:0:0:1, 1:0:0:0:0, 0:0:0:0:0, 1:0:0:0:0, 1:0:0:0:0, 2:0:0:0:1, 1:0:0:0:1, 1:0:0:0:0, 113:3:1:0:45
F# minor (3#), 3:0:0:0:0, 3:1:0:0:0, 3:0:0:0:0, 3:0:0:0:0, 4:0:1:0:1, 2:0:0:0:0, 4:1:1:0:1, 2:0:0:0:0, 2:0:0:0:0, 3:1:0:0:0, 3:0:0:0:0, 3:0:0:0:0, 4:0:1:0:1, 2:0:0:0:0, 4:1:0:0:0,  , 2:1:0:0:1, 1:0:0:0:0, 1:0:0:0:0, 1:0:0:0:0, 1:0:0:0:0, 3:0:0:0:0, 2:1:0:0:0, 3:0:0:0:0, 2:0:0:0:0, 3:1:0:0:0, 3:0:0:0:0, 3:0:0:0:0, 4:0:1:0:1, 2:0:0:0:0, 4:1:0:0:0, 0:0:0:0:0, 3:1:0:0:0,  , 2:0:1:0:1, 4:1:0:0:0, 5:1:1:0:3, 4:0:1:1:3, 3:0:0:1:1, 1:0:0:0:1, 4:0:0:0:1, 1:0:0:0:0, 3:0:0:0:0, 3:1:0:0:0, 6:1:1:0:3, 4:0:0:0:1, 1:1:0:0:0,  , 1:0:0:0:0, 2:0:0:0:0, 3:1:0:0:0, 3:0:0:0:0, 2:1:2:0:2, 0:0:0:0:0, 2:1:0:0:0, 4:1:0:0:0, 3:1:0:0:0, 1:0:0:0:1, 4:1:0:0:0, 1:0:0:0:0, 5:1:0:0:0, 4:0:0:0:1, 2:0:0:0:0, 2:0:0:0:0, 2:1:0:0:0, 165:22:10:2:23
C minor mel (3b), 2:0:0:0:1, 2:0:0:0:1, 2:0:0:0:1, 2:0:0:0:1, 2:0:0:0:0, 0:0:0:0:0, 3:0:0:0:0, 2:0:0:0:1, 2:0:0:0:1, 2:0:0:0:1, 2:0:0:0:1, 2:0:0:0:1, 2:0:0:0:0, 0:0:0:0:0, 2:0:0:0:1,  , 2:0:0:0:1, 4:0:0:0:2, 3:0:0:0:2, 3:0:0:0:2, 1:0:0:0:0, 3:0:0:0:2, 3:0:0:0:0, 2:0:0:0:1, 2:0:0:0:1, 2:0:0:0:1, 2:0:0:0:1, 2:0:0:0:1, 2:0:0:0:0, 0:0:0:0:0, 2:0:0:0:1, 2:0:0:0:1, 1:0:0:0:0,  , 3:1:0:0:2, 1:0:0:0:0, 2:0:0:0:1, 0:0:0:0:0, 0:0:0:0:0, 1:0:0:0:1, 2:0:0:0:1, 1:0:0:0:0, 3:0:0:0:1, 2:0:0:0:0, 2:0:0:0:1, 0:0:0:0:0, 1:0:0:0:0,  , 3:1:0:0:2, 5:1:0:0:3, 2:0:0:0:0, 3:0:1:0:0, 4:0:0:0:2, 1:0:0:0:0, 2:0:0:0:0, 2:0:0:0:1, 2:0:0:0:1, 1:0:0:0:1, 1:0:0:0:0, 0:0:0:0:0, 1:0:0:0:0, 1:0:0:0:0, 2:0:0:0:1, 1:0:0:0:1, 1:0:0:0:0, 113:3:1:0:45
F# minor mel (3#), 3:0:0:0:0, 3:1:0:0:0, 3:0:0:0:0, 3:0:0:0:0, 4:0:1:0:1, 2:0:0:0:0, 4:1:1:0:1, 2:0:0:0:0, 2:0:0:0:0, 3:1:0:0:0, 3:0:0:0:0, 3:0:0:0:0, 4:0:1:0:1, 2:0:0:0:0, 4:1:0:0:0,  , 2:1:0:0:1, 1:0:0:0:0, 1:0:0:0:0, 1:0:0:0:0, 1:0:0:0:0, 3:0:0:0:0, 2:1:0:0:0, 3:0:0:0:0, 2:0:0:0:0, 3:1:0:0:0, 3:0:0:0:0, 3:0:0:0:0, 4:0:1:0:1, 2:0:0:0:0, 4:1:0:0:0, 0:0:0:0:0, 3:1:0:0:0,  , 2:0:1:0:1, 4:1:0:0:0, 5:1:1:0:3, 4:0:1:1:3, 3:0:0:1:1, 1:0:0:0:1, 4:0:0:0:1, 1:0:0:0:0, 3:0:0:0:0, 3:1:0:0:0, 6:1:1:0:3, 4:0:0:0:1, 1:1:0:0:0,  , 1:0:0:0:0, 2:0:0:0:0, 3:1:0:0:0, 3:0:0:0:0, 2:1:2:0:2, 0:0:0:0:0, 2:1:0:0:0, 4:1:0:0:0, 3:1:0:0:0, 1:0:0:0:1, 4:1:0:0:0, 1:0:0:0:0, 5:1:0:0:0, 4:0:0:0:1, 2:0:0:0:0, 2:0:0:0:0, 2:1:0:0:0, 165:22:10:2:23
Eb major blues (3b), 2:0:0:0:1, 2:0:0:0:1, 2:0:0:0:1, 2:0:0:0:1, 2:0:0:0:0, 0:0:0:0:0, 3:0:0:0:0, 2:0:0:0:1, 2:0:0:0:1, 2:0:0:0:1, 2:0:0:0:1, 2:0:0:0:1, 2:0:0:0:0, 0:0:0:0:0, 2:0:0:0:1,  , 2:0:0:0:1, 4:0:0:0:2, 3:0:0:0:2, 3:0:0:0:2, 1:0:0:0:0, 3:0:0:0:2, 3:0:0:0:0, 2:0:0:0:1, 2:0:0:0:1, 2:0:0:0:1, 2:0:0:0:1, 2:0:0:0:1, 2:0:0:0:0, 0:0:0:0:0, 2:0:0:0:1, 2:0:0:0:1, 1:0:0:0:0,  , 3:1:0:0:2, 1:0:0:0:0, 2:0:0:0:1, 0:0:0:0:0, 0:0:0:0:0, 1:0:0:0:1, 2:0:0:0:1, 1:0:0:0:0, 3:0:0:0:1, 2:0:0:0:0, 2:0:0:0:1, 0:0:0:0:0, 1:0:0:0:0,  , 3:1:0:0:2, 5:1:0:0:3, 2:0:0:0:0, 3:0:1:0:0, 4:0:0:0:2, 1:0:0:0:0, 2:0:0:0:0, 2:0:0:0:1, 2:0:0:0:1, 1:0:0:0:1, 1:0:0:0:0, 0:0:0:0:0, 1:0:0:0:0, 1:0:0:0:0, 2:0:0:0:1, 1:0:0:0:1, 1:0:0:0:0, 113:3:1:0:45
A major blues (3#), 3:0:0:0:0, 3:1:0:0:0, 3:0:0:0:0, 3:0:0:0:0, 4:0:1:0:1, 2:0:0:0:0, 4:1:1:0:1, 2:0:0:0:0, 2:0:0:0:0, 3:1:0:0:0, 3:0:0:0:0, 3:0:0:0:0, 4:0:1:0:1, 2:0:0:0:0, 4:1:0:0:0,  , 2:1:0:0:1, 1:0:0:0:0, 1:0:0:0:0, 1:0:0:0:0, 1:0:0:0:0, 3:0:0:0:0, 2:1:0:0:0, 3:0:0:0:0, 2:0:0:0:0, 3:1:0:0:0, 3:0:0:0:0, 3:0:0:0:0, 4:0:1:0:1, 2:0:0:0:0, 4:1:0:0:0, 0:0:0:0:0, 3:1:0:0:0,  , 2:0:1:0:1, 4:1:0:0:0, 5:1:1:0:3, 4:0:1:1:3, 3:0:0:1:1, 1:0:0:0:1, 4:0:0:0:1, 1:0:0:0:0, 3:0:0:0:0, 3:1:0:0:0, 6:1:1:0:3, 4:0:0:0:1, 1:1:0:0:0,  , 1:0:0:0:0, 2:0:0:0:0, 3:1:0:0:0, 3:0:0:0:0, 2:1:2:0:2, 0:0:0:0:0, 2:1:0:0:0, 4:1:0:0:0, 3:1:0:0:0, 1:0:0:0:1, 4:1:0:0:0, 1:0:0:0:0, 5:1:0:0:0, 4:0:0:0:1, 2:0:0:0:0, 2:0:0:0:0, 2:1:0:0:0, 165:22:10:2:23
C minor blues (3b), 2:0:0:0:1, 2:0:0:0:1, 2:0:0:0:1, 2:0:0:0:1, 2:0:0:0:0, 0:0:0:0:0, 3:0:0:0:0, 2:0:0:0:1, 2:0:0:0:1, 2:0:0:0:1, 2:0:0:0:1, 2:0:0:0:1, 2:0:0:0:0, 0:0:0:0:0, 2:0:0:0:1,  , 2:0:0:0:1, 4:0:0:0:2, 3:0:0:0:2, 3:0:0:0:2, 1:0:0:0:0, 3:0:0:0:2, 3:0:0:0:0, 2:0:0:0:1, 2:0:0:0:1, 2:0:0:0:1, 2:0:0:0:1, 2:0:0:0:1, 2:0:0:0:0, 0:0:0:0:0, 2:0:0:0:1, 2:0:0:0:1, 1:0:0:0:0,  , 3:1:0:0:2, 1:0:0:0:0, 2:0:0:0:1, 0:0:0:0:0, 0:0:0:0:0, 1:0:0:0:1, 2:0:0:0:1, 1:0:0:0:0, 3:0:0:0:1, 2:0:0:0:0, 2:0:0:0:1, 0:0:0:0:0, 1:0:0:0:0,  , 3:1:0:0:2, 5:1:0:0:3, 2:0:0:0:0, 3:0:1:0:0, 4:0:0:0:2, 1:0:0:0:0, 2:0:0:0:0, 2:0:0:0:1, 2:0:0:0:1, 1:0:0:0:1, 1:0:0:0:0, 0:0:0:0:0, 1:0:0:0:0, 1:0:0:0:0, 2:0:0:0:1, 1:0:0:0:1, 1:0:0:0:0, 113:3:1:0:45
F# minor blues (3#), 3:0:0:0:0, 3:1:0:0:0, 3:0:0:0:0, 3:0:0:0:0, 4:0:1:0:1, 2:0:0:0:0, 4:1:1:0:1, 2:0:0:0:0, 2:0:0:0:0, 3:1:0:0:0, 3:0:0:0:0, 3:0:0:0:0, 4:0:1:0:1, 2:0:0:0:0, 4:1:0:0:0,  , 2:1:0:0:1, 1:0:0:0:0, 1:0:0:0:0, 1:0:0:0:0, 1:0:0:0:0, 3:0:0:0:0, 2:1:0:0:0, 3:0:0:0:0, 2:0:0:0:0, 3:1:0:0:0, 3:0:0:0:0, 3:0:0:0:0, 4:0:1:0:1, 2:0:0:0:0, 4:1:0:0:0, 0:0:0:0:0, 3:1:0:0:0,  , 2:0:1:0:1, 4:1:0:0:0, 5:1:1:0:3, 4:0:1:1:3, 3:0:0:1:1, 1:0:0:0:1, 4:0:0:0:1, 1:0:0:0:0, 3:0:0:0:0, 3:1:0:0:0, 6:1:1:0:3, 4:0:0:0:1, 1:1:0:0:0,  , 1:0:0:0:0, 2:0:0:0:0, 3:1:0:0:0, 3:0:0:0:0, 2:1:2:0:2, 0:0:0:0:0, 2:1:0:0:0, 4:1:0:0:0, 3:1:0:0:0, 1:0:0:0:1, 4:1:0:0:0, 1:0:0:0:0, 5:1:0:0:0, 4:0:0:0:1, 2:0:0:0:0, 2:0:0:0:0, 2:1:0:0:0, 165:22:10:2:23
Eb dorian (3b), 2:0:0:0:1, 2:0:0:0:1, 2:0:0:0:1, 2:0:0:0:1, 2:0:0:0:0, 0:0:0:0:0, 3:0:0:0:0, 2:0:0:0:1, 2:0:0:0:1, 2:0:0:0:1, 2:0:0:0:1, 2:0:0:0:1, 2:0:0:0:0, 0:0:0:0:0, 2:0:0:0:1,  , 2:0:0:0:1, 4:0:0:0:2, 3:0:0:0:2, 3:0:0:0:2, 1:0:0:0:0, 3:0:0:0:2, 3:0:0:0:0, 2:0:0:0:1, 2:0:0:0:1, 2:0:0:0:1, 2:0:0:0:1, 2:0:0:0:1, 2:0:0:0:0, 0:0:0:0:0, 2:0:0:0:1, 2:0:0:0:1, 1:0:0:0:0,  , 3:1:0:0:2, 1:0:0:0:0, 2:0:0:0:1, 0:0:0:0:0, 0:0:0:0:0, 1:0:0:0:1, 2:0:0:0:1, 1:0:0:0:0, 3:0:0:0:1, 2:0:0:0:0, 2:0:0:0:1, 0:0:0:0:0, 1:0:0:0:0,  , 3:1:0:0:2, 5:1:0:0:3, 2:0:0:0:0, 3:0:1:0:0, 4:0:0:0:2, 1:0:0:0:0, 2:0:0:0:0, 2:0:0:0:1, 2:0:0:0:1, 1:0:0:0:1, 1:0:0:0:0, 0:0:0:0:0, 1:0:0:0:0, 1:0:0:0:0, 2:0:0:0:1, 1:0:0:0:1, 1:0:0:0:0, 113:3:1:0:45
A dorian (3#), 3:0:0:0:0, 3:1:0:0:0, 3:0:0:0:0, 3:0:0:0:0, 4:0:1:0:1, 2:0:0:0:0, 4:1:1:0:1, 2:0:0:0:0, 2:0:0:0:0, 3:1:0:0:0, 3:0:0:0:0, 3:0:0:0:0, 4:0:1:0:1, 2:0:0:0:0, 4:1:0:0:0,  , 2:1:0:0:1, 1:0:0:0:0, 1:0:0:0:0, 1:0:0:0:0, 1:0:0:0:0, 3:0:0:0:0, 2:1:0:0:0, 3:0:0:0:0, 2:0:0:0:0, 3:1:0:0:0, 3:0:0:0:0, 3:0:0:0:0, 4:0:1:0:1, 2:0:0:0:0, 4:1:0:0:0, 0:0:0:0:0, 3:1:0:0:0,  , 2:0:1:0:1, 4:1:0:0:0, 5:1:1:0:3, 4:0:1:1:3, 3:0:0:1:1, 1:0:0:0:1, 4:0:0:0:1, 1:0:0:0:0, 3:0:0:0:0, 3:1:0:0:0, 6:1:1:0:3, 4:0:0:0:1, 1:1:0:0:0,  , 1:0:0:0:0, 2:0:0:0:0, 3:1:0:0:0, 3:0:0:0:0, 2:1:2:0:2, 0:0:0:0:0, 2:1:0:0:0, 4:1:0:0:0, 3:1:0:0:0, 1:0:0:0:1, 4:1:0:0:0, 1:0:0:0:0, 5:1:0:0:0, 4:0:0:0:1, 2:0:0:0:0, 2:0:0:0:0, 2:1:0:0:0, 165:22:10:2:23
Eb phrygian (3b), 2:0:0:0:1, 2:0:0:0:1, 2:0:0:0:1, 2:0:0:0:1, 2:0:0:0:0, 0:0:0:0:0, 3:0:0:0:0, 2:0:0:0:1, 2:0:0:0:1, 2:0:0:0:1, 2:0:0:0:1, 2:0:0:0:1, 2:0:0:0:0, 0:0:0:0:0, 2:0:0:0:1,  , 2:0:0:0:1, 4:0:0:0:2, 3:0:0:0:2, 3:0:0:0:2, 1:0:0:0:0, 3:0:0:0:2, 3:0:0:0:0, 2:0:0:0:1, 2:0:0:0:1, 2:0:0:0:1, 2:0:0:0:1, 2:0:0:0:1, 2:0:0:0:0, 0:0:0:0:0, 2:0:0:0:1, 2:0:0:0:1, 1:0:0:0:0,  , 3:1:0:0:2, 1:0:0:0:0, 2:0:0:0:1, 0:0:0:0:0, 0:0:0:0:0, 1:0:0:0:1, 2:0:0:0:1, 1:0:0:0:0, 3:0:0:0:1, 2:0:0:0:0, 2:0:0:0:1, 0:0:0:0:0, 1:0:0:0:0,  , 3:1:0:0:2, 5:1:0:0:3, 2:0:0:0:0, 3:0:1:0:0, 4:0:0:0:2, 1:0:0:0:0, 2:0:0:0:0, 2:0:0:0:1, 2:0:0:0:1, 1:0:0:0:1, 1:0:0:0:0, 0:0:0:0:0, 1:0:0:0:0, 1:0:0:0:0, 2:0:0:0:1, 1:0:0:0:1, 1:0:0:0:0, 113:3:1:0:45
A phrygian (3#), 3:0:0:0:0, 3:1:0:0:0, 3:0:0:0:0, 3:0:0:0:0, 4:0:1:0:1, 2:0:0:0:0, 4:1:1:0:1, 2:0:0:0:0, 2:0:0:0:0, 3:1:0:0:0, 3:0:0:0:0, 3:0:0:0:0, 4:0:1:0:1, 2:0:0:0:0, 4:1:0:0:0,  , 2:1:0:0:1, 1:0:0:0:0, 1:0:0:0:0, 1:0:0:0:0, 1:0:0:0:0, 3:0:0:0:0, 2:1:0:0:0, 3:0:0:0:0, 2:0:0:0:0, 3:1:0:0:0, 3:0:0:0:0, 3:0:0:0:0, 4:0:1:0:1, 2:0:0:0:0, 4:1:0:0:0, 0:0:0:0:0, 3:1:0:0:0,  , 2:0:1:0:1, 4:1:0:0:0, 5:1:1:0:3, 4:0:1:1:3, 3:0:0:1:1, 1:0:0:0:1, 4:0:0:0:1, 1:0:0:0:0, 3:0:0:0:0, 3:1:0:0:0, 6:1:1:0:3, 4:0:0:0:1, 1:1:0:0:0,  , 1:0:0:0:0, 2:0:0:0:0, 3:1:0:0:0, 3:0:0:0:0, 2:1:2:0:2, 0:0:0:0:0, 2:1:0:0:0, 4:1:0:0:0, 3:1:0:0:0, 1:0:0:0:1, 4:1:0:0:0, 1:0:0:0:0, 5:1:0:0:0, 4:0:0:0:1, 2:0:0:0:0, 2:0:0:0:0, 2:1:0:0:0, 165:22:10:2:23
Eb lydian (3b), 2:0:0:0:1, 2:0:0:0:1, 2:0:0:0:1, 2:0:0:0:1, 2:0:0:0:0, 0:0:0:0:0, 3:0:0:0:0, 2:0:0:0:1, 2:0:0:0:1, 2:0:0:0:1, 2:0:0:0:1, 2:0:0:0:1, 2:0:0:0:0, 0:0:0:0:0, 2:0:0:0:1,  , 2:0:0:0:1, 4:0:0:0:2, 3:0:0:0:2, 3:0:0:0:2, 1:0:0:0:0, 3:0:0:0:2, 3:0:0:0:0, 2:0:0:0:1, 2:0:0:0:1, 2:0:0:0:1, 2:0:0:0:1, 2:0:0:0:1, 2:0:0:0:0, 0:0:0:0:0, 2:0:0:0:1, 2:0:0:0:1, 1:0:0:0:0,  , 3:1:0:0:2, 1:0:0:0:0, 2:0:0:0:1, 0:0:0:0:0, 0:0:0:0:0, 1:0:0:0:1, 2:0:0:0:1, 1:0:0:0:0, 3:0:0:0:1, 2:0:0:0:0, 2:0:0:0:1, 0:0:0:0:0, 1:0:0:0:0,  , 3:1:0:0:2, 5:1:0:0:3, 2:0:0:0:0, 3:0:1:0:0, 4:0:0:0:2, 1:0:0:0:0, 2:0:0:0:0, 2:0:0:0:1, 2:0:0:0:1, 1:0:0:0:1, 1:0:0:0:0, 0:0:0:0:0, 1:0:0:0:0, 1:0:0:0:0, 2:0:0:0:1, 1:0:0:0:1, 1:0:0:0:0, 113:3:1:0:45
A lydian (3#), 3:0:0:0:0, 3:1:0:0:0, 3:0:0:0:0, 3:0:0:0:0, 4:0:1:0:1, 2:0:0:0:0, 4:1:1:0:1, 2:0:0:0:0, 2:0:0:0:0, 3:1:0:0:0, 3:0:0:0:0, 3:0:0:0:0, 4:0:1:0:1, 2:0:0:0:0, 4:1:0:0:0,  , 2:1:0:0:1, 1:0:0:0:0, 1:0:0:0:0, 1:0:0:0:0, 1:0:0:0:0, 3:0:0:0:0, 2:1:0:0:0, 3:0:0:0:0, 2:0:0:0:0, 3:1:0:0:0, 3:0:0:0:0, 3:0:0:0:0, 4:0:1:0:1, 2:0:0:0:0, 4:1:0:0:0, 0:0:0:0:0, 3:1:0:0:0,  , 2:0:1:0:1, 4:1:0:0:0, 5:1:1:0:3, 4:0:1:1:3, 3:0:0:1:1, 1:0:0:0:1, 4:0:0:0:1, 1:0:0:0:0, 3:0:0:0:0, 3:1:0:0:0, 6:1:1:0:3, 4:0:0:0:1, 1:1:0:0:0,  , 1:0:0:0:0, 2:0:0:0:0, 3:1:0:0:0, 3:0:0:0:0, 2:1:2:0:2, 0:0:0:0:0, 2:1:0:0:0, 4:1:0:0:0, 3:1:0:0:0, 1:0:0:0:1, 4:1:0:0:0, 1:0:0:0:0, 5:1:0:0:0, 4:0:0:0:1, 2:0:0:0:0, 2:0:0:0:0, 2:1:0:0:0, 165:22:10:2:23
Eb mixolydian (3b), 2:0:0:0:1, 2:0:0:0:1, 2:0:0:0:1, 2:0:0:0:1, 2:0:0:0:0, 0:0:0:0:0, 3:0:0:0:0, 2:0:0:0:1, 2:0:0:0:1, 2:0:0:0:1, 2:0:0:0:1, 2:0:0:0:1, 2:0:0:0:0, 0:0:0:0:0, 2:0:0:0:1,  , 2:0:0:0:1, 4:0:0:0:2, 3:0:0:0:2, 3:0:0:0:2, 1:0:0:0:0, 3:0:0:0:2, 3:0:0:0:0, 2:0:0:0:1, 2:0:0:0:1, 2:0:0:0:1, 2:0:0:0:1, 2:0:0:0:1, 2:0:0:0:0, 0:0:0:0:0, 2:0:0:0:1, 2:0:0:0:1, 1:0:0:0:0,  , 3:1:0:0:2, 1:0:0:0:0, 2:0:0:0:1, 0:0:0:0:0, 0:0:0:0:0, 1:0:0:0:1, 2:0:0:0:1, 1:0:0:0:0, 3:0:0:0:1, 2:0:0:0:0, 2:0:0:0:1, 0:0:0:0:0, 1:0:0:0:0,  , 3:1:0:0:2, 5:1:0:0:3, 2:0:0:0:0, 3:0:1:0:0, 4:0:0:0:2, 1:0:0:0:0, 2:0:0:0:0, 2:0:0:0:1, 2:0:0:0:1, 1:0:0:0:1, 1:0:0:0:0, 0:0:0:0:0, 1:0:0:0:0, 1:0:0:0:0, 2:0:0:0:1, 1:0:0:0:1, 1:0:0:0:0, 113:3:1:0:45
A mixolydian (3#), 3:0:0:0:0, 3:1:0:0:0, 3:0:0:0:0, 3:0:0:0:0, 4:0:1:0:1, 2:0:0:0:0, 4:1:1:0:1, 2:0:0:0:0, 2:0:0:0:0, 3:1:0:0:0, 3:0:0:0:0, 3:0:0:0:0, 4:0:1:0:1, 2:0:0:0:0, 4:1:0:0:0,  , 2:1:0:0:1, 1:0:0:0:0, 1:0:0:0:0, 1:0:0:0:0, 1:0:0:0:0, 3:0:0:0:0, 2:1:0:0:0, 3:0:0:0:0, 2:0:0:0:0, 3:1:0:0:0, 3:0:0:0:0, 3:0:0:0:0, 4:0:1:0:1, 2:0:0:0:0, 4:1:0:0:0, 0:0:0:0:0, 3:1:0:0:0,  , 2:0:1:0:1, 4:1:0:0:0, 5:1:1:0:3, 4:0:1:1:3, 3:0:0:1:1, 1:0:0:0:1, 4:0:0:0:1, 1:0:0:0:0, 3:0:0:0:0, 3:1:0:0:0, 6:1:1:0:3, 4:0:0:0:1, 1:1:0:0:0,  , 1:0:0:0:0, 2:0:0:0:0, 3:1:0:0:0, 3:0:0:0:0, 2:1:2:0:2, 0:0:0:0:0, 2:1:0:0:0, 4:1:0:0:0, 3:1:0:0:0, 1:0:0:0:1, 4:1:0:0:0, 1:0:0:0:0, 5:1:0:0:0, 4:0:0:0:1, 2:0:0:0:0, 2:0:0:0:0, 2:1:0:0:0, 165:22:10:2:23
Eb aeolian (3b), 2:0:0:0:1, 2:0:0:0:1, 2:0:0:0:1, 2:0:0:0:1, 2:0:0:0:0, 0:0:0:0:0, 3:0:0:0:0, 2:0:0:0:1, 2:0:0:0:1, 2:0:0:0:1, 2:0:0:0:1, 2:0:0:0:1, 2:0:0:0:0, 0:0:0:0:0, 2:0:0:0:1,  , 2:0:0:0:1, 4:0:0:0:2, 3:0:0:0:2, 3:0:0:0:2, 1:0:0:0:0, 3:0:0:0:2, 3:0:0:0:0, 2:0:0:0:1, 2:0:0:0:1, 2:0:0:0:1, 2:0:0:0:1, 2:0:0:0:1, 2:0:0:0:0, 0:0:0:0:0, 2:0:0:0:1, 2:0:0:0:1, 1:0:0:0:0,  , 3:1:0:0:2, 1:0:0:0:0, 2:0:0:0:1, 0:0:0:0:0, 0:0:0:0:0, 1:0:0:0:1, 2:0:0:0:1, 1:0:0:0:0, 3:0:0:0:1, 2:0:0:0:0, 2:0:0:0:1, 0:0:0:0:0, 1:0:0:0:0,  , 3:1:0:0:2, 5:1:0:0:3, 2:0:0:0:0, 3:0:1:0:0, 4:0:0:0:2, 1:0:0:0:0, 2:0:0:0:0, 2:0:0:0:1, 2:0:0:0:1, 1:0:0:0:1, 1:0:0:0:0, 0:0:0:0:0, 1:0:0:0:0, 1:0:0:0:0, 2:0:0:0:1, 1:0:0:0:1, 1:0:0:0:0, 113:3:1:0:45
A aeolian (3#), 3:0:0:0:0, 3:1:0:0:0, 3:0:0:0:0, 3:0:0:0:0, 4:0:1:0:1, 2:0:0:0:0, 4:1:1:0:1, 2:0:0:0:0, 2:0:0:0:0, 3:1:0:0:0, 3:0:0:0:0, 3:0:0:0:0, 4:0:1:0:1, 2:0:0:0:0, 4:1:0:0:0,  , 2:1:0:0:1, 1:0:0:0:0, 1:0:0:0:0, 1:0:0:0:0, 1:0:0:0:0, 3:0:0:0:0, 2:1:0:0:0, 3:0:0:0:0, 2:0:0:0:0, 3:1:0:0:0, 3:0:0:0:0, 3:0:0:0:0, 4:0:1:0:1, 2:0:0:0:0, 4:1:0:0:0, 0:0:0:0:0, 3:1:0:0:0,  , 2:0:1:0:1, 4:1:0:0:0, 5:1:1:0:3, 4:0:1:1:3, 3:0:0:1:1, 1:0:0:0:1, 4:0:0:0:1, 1:0:0:0:0, 3:0:0:0:0, 3:1:0:0:0, 6:1:1:0:3, 4:0:0:0:1, 1:1:0:0:0,  , 1:0:0:0:0, 2:0:0:0:0, 3:1:0:0:0, 3:0:0:0:0, 2:1:2:0:2, 0:0:0:0:0, 2:1:0:0:0, 4:1:0:0:0, 3:1:0:0:0, 1:0:0:0:1, 4:1:0:0:0, 1:0:0:0:0, 5:1:0:0:0, 4:0:0:0:1, 2:0:0:0:0, 2:0:0:0:0, 2:1:0:0:0, 165:22:10:2:23
Eb locrian (3b), 2:0:0:0:1, 2:0:0:0:1, 2:0:0:0:1, 2:0:0:0:1, 2:0:0:0:0, 0:0:0:0:0, 3:0:0:0:0, 2:0:0:0:1, 2:0:0:0:1, 2:0:0:0:1, 2:0:0:0:1, 2:0:0:0:1, 2:0:0:0:0, 0:0:0:0:0, 2:0:0:0:1,  , 2:0:0:0:1, 4:0:0:0:2, 3:0:0:0:2, 3:0:0:0:2, 1:0:0:0:0, 3:0:0:0:2, 3:0:0:0:0, 2:0:0:0:1, 2:0:0:0:1, 2:0:0:0:1, 2:0:0:0:1, 2:0:0:0:1, 2:0:0:0:0, 0:0:0:0:0, 2:0:0:0:1, 2:0:0:0:1, 1:0:0:0:0,  , 3:1:0:0:2, 1:0:0:0:0, 2:0:0:0:1, 0:0:0:0:0, 0:0:0:0:0, 1:0:0:0:1, 2:0:0:0:1, 1:0:0:0:0, 3:0:0:0:1, 2:0:0:0:0, 2:0:0:0:1, 0:0:0:0:0, 1:0:0:0:0,  , 3:1:0:0:2, 5:1:0:0:3, 2:0:0:0:0, 3:0:1:0:0, 4:0:0:0:2, 1:0:0:0:0, 2:0:0:0:0, 2:0:0:0:1, 2:0:0:0:1, 1:0:0:0:1, 1:0:0:0:0, 0:0:0:0:0, 1:0:0:0:0, 1:0:0:0:0, 2:0:0:0:1, 1:0:0:0:1, 1:0:0:0:0, 113:3:1:0:45
A locrian (3#), 3:0:0:0:0, 3:1:0:0:0, 3:0:0:0:0, 3:0:0:0:0, 4:0:1:0:1, 2:0:0:0:0, 4:1:1:0:1, 2:0:0:0:0, 2:0:0:0:0, 3:1:0:0:0, 3:0:0:0:0, 3:0:0:0:0, 4:0:1:0:1, 2:0:0:0:0, 4:1:0:0:0,  , 2:1:0:0:1, 1:0:0:0:0, 1:0:0:0:0, 1:0:0:0:0, 1:0:0:0:0, 3:0:0:0:0, 2:1:0:0:0, 3:0:0:0:0, 2:0:0:0:0, 3:1:0:0:0, 3:0:0:0:0, 3:0:0:0:0, 4:0:1:0:1, 2:0:0:0:0, 4:1:0:0:0, 0:0:0:0:0, 3:1:0:0:0,  , 2:0:1:0:1, 4:1:0:0:0, 5:1:1:0:3, 4:0:1:1:3, 3:0:0:1:1, 1:0:0:0:1, 4:0:0:0:1, 1:0:0:0:0, 3:0:0:0:0, 3:1:0:0:0, 6:1:1:0:3, 4:0:0:0:1, 1:1:0:0:0,  , 1:0:0:0:0, 2:0:0:0:0, 3:1:0:0:0, 3:0:0:0:0, 2:1:2:0:2, 0:0:0:0:0, 2:1:0:0:0, 4:1:0:0:0, 3:1:0:0:0, 1:0:0:0:1, 4:1:0:0:0, 1:0:0:0:0, 5:1:0:0:0, 4:0:0:0:1, 2:0:0:0:0, 2:0:0:0:0, 2:1:0:0:0, 165:22:10:2:23
Ab major (4b), 2:0:0:0:2, 3:0:0:0:2, 1:0:0:0:1, 3:0:0:0:2, 1:0:0:0:1, 0:0:0:0:0, 2:0:0:0:1, 3:0:0:0:2, 2:0:0:0:2, 3:0:0:0:2, 1:0:0:0:1, 3:0:0:0:2, 1:0:0:0:1, 0:0:0:0:0, 2:0:0:0:2,  , 3:0:0:0:1, 3:0:0:0:3, 3:0:0:0:2, 3:0:0:0:2, 1:0:0:0:1, 4:0:0:0:2, 4:0:0:0:1, 1:0:0:0:1, 2:0:0:0:2, 3:0:0:0:2, 1:0:0:0:1, 3:0:0:0:2, 1:0:0:0:1, 0:0:0:0:0, 2:0:0:0:2, 3:0:0:0:2, 1:0:0:0:1,  , 4:1:0:0:3, 2:0:0:0:1, 3:0:0:0:1, 0:0:0:0:0, 0:0:0:0:0, 1:0:0:0:1, 2:0:0:0:1, 1:0:0:0:1, 3:0:0:0:2, 3:0:0:0:1, 3:0:0:0:1, 0:0:0:0:0, 1:0:0:0:1,  , 4:1:0:0:2, 5:0:0:0:3, 2:0:0:0:1, 3:0:1:0:1, 3:0:0:0:2, 2:0:0:0:1, 2:0:0:0:1, 3:0:0:0:2, 2:0:0:0:2, 2:0:0:0:1, 2:0:0:0:1, 0:0:0:0:0, 1:0:0:0:1, 2:0:0:0:0, 2:0:0:0:2, 2:0:0:0:1, 1:0:0:0:1, 126:2:1:0:82
E major (4#), 3:0:0:0:0, 4:1:0:0:1, 2:0:0:0:0, 4:0:0:0:0, 3:0:1:0:1, 2:0:0:0:0, 3:1:1:0:2, 3:0:0:0:0, 2:0:0:0:0, 4:1:0:0:1, 2:0:0:0:0, 4:0:0:0:0, 3:0:1:0:1, 2:0:0:0:0, 4:1:0:0:1,  , 3:1:0:0:1, 1:0:0:0:0, 1:0:0:0:0, 1:0:0:0:0, 1:0:0:0:0, 4:0:0:0:0, 3:1:0:0:1, 3:0:0:0:0, 2:0:0:0:0, 4:1:0:0:1, 2:0:0:0:0, 4:0:0:0:0, 3:0:1:0:1, 2:0:0:0:0, 4:1:0:0:1, 1:0:0:0:0, 3:1:0:0:1,  , 3:0:1:0:1, 5:1:0:0:1, 5:0:1:0:1, 4:0:1:1:2, 3:0:0:1:1, 1:0:0:0:0, 3:0:0:0:0, 1:0:0:0:0, 2:0:0:0:0, 4:1:0:0:1, 6:0:1:0:1, 4:0:0:0:0, 1:1:0:0:1,  , 2:0:0:0:0, 3:0:0:0:0, 2:1:0:0:1, 2:0:0:0:0, 3:1:0:0:1, 1:0:0:0:0, 2:1:0:0:1, 5:1:0:0:1, 3:1:0:0:1, 2:0:0:0:0, 5:1:0:0:1, 1:0:0:0:0, 4:1:0:0:1, 5:0:0:0:0, 2:0:0:0:0, 3:0:0:0:0, 2:1:0:0:1, 176:20:8:2:30
F minor (4b), 2:0:0:0:2, 3:0:0:0:2, 1:0:0:0:1, 3:0:0:0:2, 1:0:0:0:1, 0:0:0:0:0, 2:0:0:0:1, 3:0:0:0:2, 2:0:0:0:2, 3:0:0:0:2, 1:0:0:0:1, 3:0:0:0:2, 1:0:0:0:1, 0:0:0:0:0, 2:0:0:0:2,  , 3:0:0:0:1, 3:0:0:0:3, 3:0:0:0:2, 3:0:0:0:2, 1:0:0:0:1, 4:0:0:0:2, 4:0:0:0:1, 1:0:0:0:1, 2:0:0:0:2, 3:0:0:0:2, 1:0:0:0:1, 3:0:0:0:2, 1:0:0:0:1, 0:0:0:0:0, 2:0:0:0:2, 3:0:0:0:2, 1:0:0:0:1,  , 4:1:0:0:3, 2:0:0:0:1, 3:0:0:0:1, 0:0:0:0:0, 0:0:0:0:0, 1:0:0:0:1, 2:0:0:0:1, 1:0:0:0:1, 3:0:0:0:2, 3:0:0:0:1, 3:0:0:0:1, 0:0:0:0:0, 1:0:0:0:1,  , 4:1:0:0:2, 5:0:0:0:3, 2:0:0:0:1, 3:0:1:0:1, 3:0:0:0:2, 2:0:0:0:1, 2:0:0:0:1, 3:0:0:0:2, 2:0:0:0:2, 2:0:0:0:1, 2:0:0:0:1, 0:0:0:0:0, 1:0:0:0:1, 2:0:0:0:0, 2:0:0:0:2, 2:0:0:0:1, 1:0:0:0:1, 126:2:1:0:82
C# minor (4#), 3:0:0:0:0, 4:1:0:0:1, 2:0:0:0:0, 4:0:0:0:0, 3:0:1:0:1, 2:0:0:0:0, 3:1:1:0:2, 3:0:0:0:0, 2:0:0:0:0, 4:1:0:0:1, 2:0:0:0:0, 4:0:0:0:0, 3:0:1:0:1, 2:0:0:0:0, 4:1:0:0:1,  , 3:1:0:0:1, 1:0:0:0:0, 1:0:0:0:0, 1:0:0:0:0, 1:0:0:0:0, 4:0:0:0:0, 3:1:0:0:1, 3:0:0:0:0, 2:0:0:0:0, 4:1:0:0:1, 2:0:0:0:0, 4:0:0:0:0, 3:0:1:0:1, 2:0:0:0:0, 4:1:0:0:1, 1:0:0:0:0, 3:1:0:0:1,  , 3:0:1:0:1, 5:1:0:0:1, 5:0:1:0:1, 4:0:1:1:2, 3:0:0:1:1, 1:0:0:0:0, 3:0:0:0:0, 1:0:0:0:0, 2:0:0:0:0, 4:1:0:0:1, 6:0:1:0:1, 4:0:0:0:0, 1:1:0:0:1,  , 2:0:0:0:0, 3:0:0:0:0, 2:1:0:0:1, 2:0:0:0:0, 3:1:0:0:1, 1:0:0:0:0, 2:1:0:0:1, 5:1:0:0:1, 3:1:0:0:1, 2:0:0:0:0, 5:1:0:0:1, 1:0:0:0:0, 4:1:0:0:1, 5:0:0:0:0, 2:0:0:0:0, 3:0:0:0:0, 2:1:0:0:1, 176:20:8:2:30
F minor mel (4b), 2:0:0:0:2, 3:0:0:0:2, 1:0:0:0:1, 3:0:0:0:2, 1:0:0:0:1, 0:0:0:0:0, 2:0:0:0:1, 3:0:0:0:2, 2:0:0:0:2, 3:0:0:0:2, 1:0:0:0:1, 3:0:0:0:2, 1:0:0:0:1, 0:0:0:0:0, 2:0:0:0:2,  , 3:0:0:0:1, 3:0:0:0:3, 3:0:0:0:2, 3:0:0:0:2, 1:0:0:0:1, 4:0:0:0:2, 4:0:0:0:1, 1:0:0:0:1, 2:0:0:0:2, 3:0:0:0:2, 1:0:0:0:1, 3:0:0:0:2, 1:0:0:0:1, 0:0:0:0:0, 2:0:0:0:2, 3:0:0:0:2, 1:0:0:0:1,  , 4:1:0:0:3, 2:0:0:0:1, 3:0:0:0:1, 0:0:0:0:0, 0:0:0:0:0, 1:0:0:0:1, 2:0:0:0:1, 1:0:0:0:1, 3:0:0:0:2, 3:0:0:0:1, 3:0:0:0:1, 0:0:0:0:0, 1:0:0:0:1,  , 4:1:0:0:2, 5:0:0:0:3, 2:0:0:0:1, 3:0:1:0:1, 3:0:0:0:2, 2:0:0:0:1, 2:0:0:0:1, 3:0:0:0:2, 2:0:0:0:2, 2:0:0:0:1, 2:0:0:0:1, 0:0:0:0:0, 1:0:0:0:1, 2:0:0:0:0, 2:0:0:0:2, 2:0:0:0:1, 1:0:0:0:1, 126:2:1:0:82
C# minor mel (4#), 3:0:0:0:0, 4:1:0:0:1, 2:0:0:0:0, 4:0:0:0:0, 3:0:1:0:1, 2:0:0:0:0, 3:1:1:0:2, 3:0:0:0:0, 2:0:0:0:0, 4:1:0:0:1, 2:0:0:0:0, 4:0:0:0:0, 3:0:1:0:1, 2:0:0:0:0, 4:1:0:0:1,  , 3:1:0:0:1, 1:0:0:0:0, 1:0:0:0:0, 1:0:0:0:0, 1:0:0:0:0, 4:0:0:0:0, 3:1:0:0:1, 3:0:0:0:0, 2:0:0:0:0, 4:1:0:0:1, 2:0:0:0:0, 4:0:0:0:0, 3:0:1:0:1, 2:0:0:0:0, 4:1:0:0:1, 1:0:0:0:0, 3:1:0:0:1,  , 3:0:1:0:1, 5:1:0:0:1, 5:0:1:0:1, 4:0:1:1:2, 3:0:0:1:1, 1:0:0:0:0, 3:0:0:0:0, 1:0:0:0:0, 2:0:0:0:0, 4:1:0:0:1, 6:0:1:0:1, 4:0:0:0:0, 1:1:0:0:1,  , 2:0:0:0:0, 3:0:0:0:0, 2:1:0:0:1, 2:0:0:0:0, 3:1:0:0:1, 1:0:0:0:0, 2:1:0:0:1, 5:1:0:0:1, 3:1:0:0:1, 2:0:0:0:0, 5:1:0:0:1, 1:0:0:0:0, 4:1:0:0:1, 5:0:0:0:0, 2:0:0:0:0, 3:0:0:0:0, 2:1:0:0:1, 176:20:8:2:30
Ab major blues (4b), 2:0:0:0:2, 3:0:0:0:2, 1:0:0:0:1, 3:0:0:0:2, 1:0:0:0:1, 0:0:0:0:0, 2:0:0:0:1, 3:0:0:0:2, 2:0:0:0:2, 3:0:0:0:2, 1:0:0:0:1, 3:0:0:0:2, 1:0:0:0:1, 0:0:0:0:0, 2:0:0:0:2,  , 3:0:0:0:1, 3:0:0:0:3, 3:0:0:0:2, 3:0:0:0:2, 1:0:0:0:1, 4:0:0:0:2, 4:0:0:0:1, 1:0:0:0:1, 2:0:0:0:2, 3:0:0:0:2, 1:0:0:0:1, 3:0:0:0:2, 1:0:0:0:1, 0:0:0:0:0, 2:0:0:0:2, 3:0:0:0:2, 1:0:0:0:1,  , 4:1:0:0:3, 2:0:0:0:1, 3:0:0:0:1, 0:0:0:0:0, 0:0:0:0:0, 1:0:0:0:1, 2:0:0:0:1, 1:0:0:0:1, 3:0:0:0:2, 3:0:0:0:1, 3:0:0:0:1, 0:0:0:0:0, 1:0:0:0:1,  , 4:1:0:0:2, 5:0:0:0:3, 2:0:0:0:1, 3:0:1:0:1, 3:0:0:0:2, 2:0:0:0:1, 2:0:0:0:1, 3:0:0:0:2, 2:0:0:0:2, 2:0:0:0:1, 2:0:0:0:1, 0:0:0:0:0, 1:0:0:0:1, 2:0:0:0:0, 2:0:0:0:2, 2:0:0:0:1, 1:0:0:0:1, 126:2:1:0:82
E major blues (4#), 3:0:0:0:0, 4:1:0:0:1, 2:0:0:0:0, 4:0:0:0:0, 3:0:1:0:1, 2:0:0:0:0, 3:1:1:0:2, 3:0:0:0:0, 2:0:0:0:0, 4:1:0:0:1, 2:0:0:0:0, 4:0:0:0:0, 3:0:1:0:1, 2:0:0:0:0, 4:1:0:0:1,  , 3:1:0:0:1, 1:0:0:0:0, 1:0:0:0:0, 1:0:0:0:0, 1:0:0:0:0, 4:0:0:0:0, 3:1:0:0:1, 3:0:0:0:0, 2:0:0:0:0, 4:1:0:0:1, 2:0:0:0:0, 4:0:0:0:0, 3:0:1:0:1, 2:0:0:0:0, 4:1:0:0:1, 1:0:0:0:0, 3:1:0:0:1,  , 3:0:1:0:1, 5:1:0:0:1, 5:0:1:0:1, 4:0:1:1:2, 3:0:0:1:1, 1:0:0:0:0, 3:0:0:0:0, 1:0:0:0:0, 2:0:0:0:0, 4:1:0:0:1, 6:0:1:0:1, 4:0:0:0:0, 1:1:0:0:1,  , 2:0:0:0:0, 3:0:0:0:0, 2:1:0:0:1, 2:0:0:0:0, 3:1:0:0:1, 1:0:0:0:0, 2:1:0:0:1, 5:1:0:0:1, 3:1:0:0:1, 2:0:0:0:0, 5:1:0:0:1, 1:0:0:0:0, 4:1:0:0:1, 5:0:0:0:0, 2:0:0:0:0, 3:0:0:0:0, 2:1:0:0:1, 176:20:8:2:30
F minor blues (4b), 2:0:0:0:2, 3:0:0:0:2, 1:0:0:0:1, 3:0:0:0:2, 1:0:0:0:1, 0:0:0:0:0, 2:0:0:0:1, 3:0:0:0:2, 2:0:0:0:2, 3:0:0:0:2, 1:0:0:0:1, 3:0:0:0:2, 1:0:0:0:1, 0:0:0:0:0, 2:0:0:0:2,  , 3:0:0:0:1, 3:0:0:0:3, 3:0:0:0:2, 3:0:0:0:2, 1:0:0:0:1, 4:0:0:0:2, 4:0:0:0:1, 1:0:0:0:1, 2:0:0:0:2, 3:0:0:0:2, 1:0:0:0:1, 3:0:0:0:2, 1:0:0:0:1, 0:0:0:0:0, 2:0:0:0:2, 3:0:0:0:2, 1:0:0:0:1,  , 4:1:0:0:3, 2:0:0:0:1, 3:0:0:0:1, 0:0:0:0:0, 0:0:0:0:0, 1:0:0:0:1, 2:0:0:0:1, 1:0:0:0:1, 3:0:0:0:2, 3:0:0:0:1, 3:0:0:0:1, 0:0:0:0:0, 1:0:0:0:1,  , 4:1:0:0:2, 5:0:0:0:3, 2:0:0:0:1, 3:0:1:0:1, 3:0:0:0:2, 2:0:0:0:1, 2:0:0:0:1, 3:0:0:0:2, 2:0:0:0:2, 2:0:0:0:1, 2:0:0:0:1, 0:0:0:0:0, 1:0:0:0:1, 2:0:0:0:0, 2:0:0:0:2, 2:0:0:0:1, 1:0:0:0:1, 126:2:1:0:82
C# minor blues (4#), 3:0:0:0:0, 4:1:0:0:1, 2:0:0:0:0, 4:0:0:0:0, 3:0:1:0:1, 2:0:0:0:0, 3:1:1:0:2, 3:0:0:0:0, 2:0:0:0:0, 4:1:0:0:1, 2:0:0:0:0, 4:0:0:0:0, 3:0:1:0:1, 2:0:0:0:0, 4:1:0:0:1,  , 3:1:0:0:1, 1:0:0:0:0, 1:0:0:0:0, 1:0:0:0:0, 1:0:0:0:0, 4:0:0:0:0, 3:1:0:0:1, 3:0:0:0:0, 2:0:0:0:0, 4:1:0:0:1, 2:0:0:0:0, 4:0:0:0:0, 3:0:1:0:1, 2:0:0:0:0, 4:1:0:0:1, 1:0:0:0:0, 3:1:0:0:1,  , 3:0:1:0:1, 5:1:0:0:1, 5:0:1:0:1, 4:0:1:1:2, 3:0:0:1:1, 1:0:0:0:0, 3:0:0:0:0, 1:0:0:0:0, 2:0:0:0:0, 4:1:0:0:1, 6:0:1:0:1, 4:0:0:0:0, 1:1:0:0:1,  , 2:0:0:0:0, 3:0:0:0:0, 2:1:0:0:1, 2:0:0:0:0, 3:1:0:0:1, 1:0:0:0:0, 2:1:0:0:1, 5:1:0:0:1, 3:1:0:0:1, 2:0:0:0:0, 5:1:0:0:1, 1:0:0:0:0, 4:1:0:0:1, 5:0:0:0:0, 2:0:0:0:0, 3:0:0:0:0, 2:1:0:0:1, 176:20:8:2:30
Ab dorian (4b), 2:0:0:0:2, 3:0:0:0:2, 1:0:0:0:1, 3:0:0:0:2, 1:0:0:0:1, 0:0:0:0:0, 2:0:0:0:1, 3:0:0:0:2, 2:0:0:0:2, 3:0:0:0:2, 1:0:0:0:1, 3:0:0:0:2, 1:0:0:0:1, 0:0:0:0:0, 2:0:0:0:2,  , 3:0:0:0:1, 3:0:0:0:3, 3:0:0:0:2, 3:0:0:0:2, 1:0:0:0:1, 4:0:0:0:2, 4:0:0:0:1, 1:0:0:0:1, 2:0:0:0:2, 3:0:0:0:2, 1:0:0:0:1, 3:0:0:0:2, 1:0:0:0:1, 0:0:0:0:0, 2:0:0:0:2, 3:0:0:0:2, 1:0:0:0:1,  , 4:1:0:0:3, 2:0:0:0:1, 3:0:0:0:1, 0:0:0:0:0, 0:0:0:0:0, 1:0:0:0:1, 2:0:0:0:1, 1:0:0:0:1, 3:0:0:0:2, 3:0:0:0:1, 3:0:0:0:1, 0:0:0:0:0, 1:0:0:0:1,  , 4:1:0:0:2, 5:0:0:0:3, 2:0:0:0:1, 3:0:1:0:1, 3:0:0:0:2, 2:0:0:0:1, 2:0:0:0:1, 3:0:0:0:2, 2:0:0:0:2, 2:0:0:0:1, 2:0:0:0:1, 0:0:0:0:0, 1:0:0:0:1, 2:0:0:0:0, 2:0:0:0:2, 2:0:0:0:1, 1:0:0:0:1, 126:2:1:0:82
E dorian (4#), 3:0:0:0:0, 4:1:0:0:1, 2:0:0:0:0, 4:0:0:0:0, 3:0:1:0:1, 2:0:0:0:0, 3:1:1:0:2, 3:0:0:0:0, 2:0:0:0:0, 4:1:0:0:1, 2:0:0:0:0, 4:0:0:0:0, 3:0:1:0:1, 2:0:0:0:0, 4:1:0:0:1,  , 3:1:0:0:1, 1:0:0:0:0, 1:0:0:0:0, 1:0:0:0:0, 1:0:0:0:0, 4:0:0:0:0, 3:1:0:0:1, 3:0:0:0:0, 2:0:0:0:0, 4:1:0:0:1, 2:0:0:0:0, 4:0:0:0:0, 3:0:1:0:1, 2:0:0:0:0, 4:1:0:0:1, 1:0:0:0:0, 3:1:0:0:1,  , 3:0:1:0:1, 5:1:0:0:1, 5:0:1:0:1, 4:0:1:1:2, 3:0:0:1:1, 1:0:0:0:0, 3:0:0:0:0, 1:0:0:0:0, 2:0:0:0:0, 4:1:0:0:1, 6:0:1:0:1, 4:0:0:0:0, 1:1:0:0:1,  , 2:0:0:0:0, 3:0:0:0:0, 2:1:0:0:1, 2:0:0:0:0, 3:1:0:0:1, 1:0:0:0:0, 2:1:0:0:1, 5:1:0:0:1, 3:1:0:0:1, 2:0:0:0:0, 5:1:0:0:1, 1:0:0:0:0, 4:1:0:0:1, 5:0:0:0:0, 2:0:0:0:0, 3:0:0:0:0, 2:1:0:0:1, 176:20:8:2:30
Ab phrygian (4b), 2:0:0:0:2, 3:0:0:0:2, 1:0:0:0:1, 3:0:0:0:2, 1:0:0:0:1, 0:0:0:0:0, 2:0:0:0:1, 3:0:0:0:2, 2:0:0:0:2, 3:0:0:0:2, 1:0:0:0:1, 3:0:0:0:2, 1:0:0:0:1, 0:0:0:0:0, 2:0:0:0:2,  , 3:0:0:0:1, 3:0:0:0:3, 3:0:0:0:2, 3:0:0:0:2, 1:0:0:0:1, 4:0:0:0:2, 4:0:0:0:1, 1:0:0:0:1, 2:0:0:0:2, 3:0:0:0:2, 1:0:0:0:1, 3:0:0:0:2, 1:0:0:0:1, 0:0:0:0:0, 2:0:0:0:2, 3:0:0:0:2, 1:0:0:0:1,  , 4:1:0:0:3, 2:0:0:0:1, 3:0:0:0:1, 0:0:0:0:0, 0:0:0:0:0, 1:0:0:0:1, 2:0:0:0:1, 1:0:0:0:1, 3:0:0:0:2, 3:0:0:0:1, 3:0:0:0:1, 0:0:0:0:0, 1:0:0:0:1,  , 4:1:0:0:2, 5:0:0:0:3, 2:0:0:0:1, 3:0:1:0:1, 3:0:0:0:2, 2:0:0:0:1, 2:0:0:0:1, 3:0:0:0:2, 2:0:0:0:2, 2:0:0:0:1, 2:0:0:0:1, 0:0:0:0:0, 1:0:0:0:1, 2:0:0:0:0, 2:0:0:0:2, 2:0:0:0:1, 1:0:0:0:1, 126:2:1:0:82
E phrygian (4#), 3:0:0:0:0, 4:1:0:0:1, 2:0:0:0:0, 4:0:0:0:0, 3:0:1:0:1, 2:0:0:0:0, 3:1:1:0:2, 3:0:0:0:0, 2:0:0:0:0, 4:1:0:0:1, 2:0:0:0:0, 4:0:0:0:0, 3:0:1:0:1, 2:0:0:0:0, 4:1:0:0:1,  , 3:1:0:0:1, 1:0:0:0:0, 1:0:0:0:0, 1:0:0:0:0, 1:0:0:0:0, 4:0:0:0:0, 3:1:0:0:1, 3:0:0:0:0, 2:0:0:0:0, 4:1:0:0:1, 2:0:0:0:0, 4:0:0:0:0, 3:0:1:0:1, 2:0:0:0:0, 4:1:0:0:1, 1:0:0:0:0, 3:1:0:0:1,  , 3:0:1:0:1, 5:1:0:0:1, 5:0:1:0:1, 4:0:1:1:2, 3:0:0:1:1, 1:0:0:0:0, 3:0:0:0:0, 1:0:0:0:0, 2:0:0:0:0, 4:1:0:0:1, 6:0:1:0:1, 4:0:0:0:0, 1:1:0:0:1,  , 2:0:0:0:0, 3:0:0:0:0, 2:1:0:0:1, 2:0:0:0:0, 3:1:0:0:1, 1:0:0:0:0, 2:1:0:0:1, 5:1:0:0:1, 3:1:0:0:1, 2:0:0:0:0, 5:1:0:0:1, 1:0:0:0:0, 4:1:0:0:1, 5:0:0:0:0, 2:0:0:0:0, 3:0:0:0:0, 2:1:0:0:1, 176:20:8:2:30
Ab lydian (4b), 2:0:0:0:2, 3:0:0:0:2, 1:0:0:0:1, 3:0:0:0:2, 1:0:0:0:1, 0:0:0:0:0, 2:0:0:0:1, 3:0:0:0:2, 2:0:0:0:2, 3:0:0:0:2, 1:0:0:0:1, 3:0:0:0:2, 1:0:0:0:1, 0:0:0:0:0, 2:0:0:0:2,  , 3:0:0:0:1, 3:0:0:0:3, 3:0:0:0:2, 3:0:0:0:2, 1:0:0:0:1, 4:0:0:0:2, 4:0:0:0:1, 1:0:0:0:1, 2:0:0:0:2, 3:0:0:0:2, 1:0:0:0:1, 3:0:0:0:2, 1:0:0:0:1, 0:0:0:0:0, 2:0:0:0:2, 3:0:0:0:2, 1:0:0:0:1,  , 4:1:0:0:3, 2:0:0:0:1, 3:0:0:0:1, 0:0:0:0:0, 0:0:0:0:0, 1:0:0:0:1, 2:0:0:0:1, 1:0:0:0:1, 3:0:0:0:2, 3:0:0:0:1, 3:0:0:0:1, 0:0:0:0:0, 1:0:0:0:1,  , 4:1:0:0:2, 5:0:0:0:3, 2:0:0:0:1, 3:0:1:0:1, 3:0:0:0:2, 2:0:0:0:1, 2:0:0:0:1, 3:0:0:0:2, 2:0:0:0:2, 2:0:0:0:1, 2:0:0:0:1, 0:0:0:0:0, 1:0:0:0:1, 2:0:0:0:0, 2:0:0:0:2, 2:0:0:0:1, 1:0:0:0:1, 126:2:1:0:82
E lydian (4#), 3:0:0:0:0, 4:1:0:0:1, 2:0:0:0:0, 4:0:0:0:0, 3:0:1:0:1, 2:0:0:0:0, 3:1:1:0:2, 3:0:0:0:0, 2:0:0:0:0, 4:1:0:0:1, 2:0:0:0:0, 4:0:0:0:0, 3:0:1:0:1, 2:0:0:0:0, 4:1:0:0:1,  , 3:1:0:0:1, 1:0:0:0:0, 1:0:0:0:0, 1:0:0:0:0, 1:0:0:0:0, 4:0:0:0:0, 3:1:0:0:1, 3:0:0:0:0, 2:0:0:0:0, 4:1:0:0:1, 2:0:0:0:0, 4:0:0:0:0, 3:0:1:0:1, 2:0:0:0:0, 4:1:0:0:1, 1:0:0:0:0, 3:1:0:0:1,  , 3:0:1:0:1, 5:1:0:0:1, 5:0:1:0:1, 4:0:1:1:2, 3:0:0:1:1, 1:0:0:0:0, 3:0:0:0:0, 1:0:0:0:0, 2:0:0:0:0, 4:1:0:0:1, 6:0:1:0:1, 4:0:0:0:0, 1:1:0:0:1,  , 2:0:0:0:0, 3:0:0:0:0, 2:1:0:0:1, 2:0:0:0:0, 3:1:0:0:1, 1:0:0:0:0, 2:1:0:0:1, 5:1:0:0:1, 3:1:0:0:1, 2:0:0:0:0, 5:1:0:0:1, 1:0:0:0:0, 4:1:0:0:1, 5:0:0:0:0, 2:0:0:0:0, 3:0:0:0:0, 2:1:0:0:1, 176:20:8:2:30
Ab mixolydian (4b), 2:0:0:0:2, 3:0:0:0:2, 1:0:0:0:1, 3:0:0:0:2, 1:0:0:0:1, 0:0:0:0:0, 2:0:0:0:1, 3:0:0:0:2, 2:0:0:0:2, 3:0:0:0:2, 1:0:0:0:1, 3:0:0:0:2, 1:0:0:0:1, 0:0:0:0:0, 2:0:0:0:2,  , 3:0:0:0:1, 3:0:0:0:3, 3:0:0:0:2, 3:0:0:0:2, 1:0:0:0:1, 4:0:0:0:2, 4:0:0:0:1, 1:0:0:0:1, 2:0:0:0:2, 3:0:0:0:2, 1:0:0:0:1, 3:0:0:0:2, 1:0:0:0:1, 0:0:0:0:0, 2:0:0:0:2, 3:0:0:0:2, 1:0:0:0:1,  , 4:1:0:0:3, 2:0:0:0:1, 3:0:0:0:1, 0:0:0:0:0, 0:0:0:0:0, 1:0:0:0:1, 2:0:0:0:1, 1:0:0:0:1, 3:0:0:0:2, 3:0:0:0:1, 3:0:0:0:1, 0:0:0:0:0, 1:0:0:0:1,  , 4:1:0:0:2, 5:0:0:0:3, 2:0:0:0:1, 3:0:1:0:1, 3:0:0:0:2, 2:0:0:0:1, 2:0:0:0:1, 3:0:0:0:2, 2:0:0:0:2, 2:0:0:0:1, 2:0:0:0:1, 0:0:0:0:0, 1:0:0:0:1, 2:0:0:0:0, 2:0:0:0:2, 2:0:0:0:1, 1:0:0:0:1, 126:2:1:0:82
E mixolydian (4#), 3:0:0:0:0, 4:1:0:0:1, 2:0:0:0:0, 4:0:0:0:0, 3:0:1:0:1, 2:0:0:0:0, 3:1:1:0:2, 3:0:0:0:0, 2:0:0:0:0, 4:1:0:0:1, 2:0:0:0:0, 4:0:0:0:0, 3:0:1:0:1, 2:0:0:0:0, 4:1:0:0:1,  , 3:1:0:0:1, 1:0:0:0:0, 1:0:0:0:0, 1:0:0:0:0, 1:0:0:0:0, 4:0:0:0:0, 3:1:0:0:1, 3:0:0:0:0, 2:0:0:0:0, 4:1:0:0:1, 2:0:0:0:0, 4:0:0:0:0, 3:0:1:0:1, 2:0:0:0:0, 4:1:0:0:1, 1:0:0:0:0, 3:1:0:0:1,  , 3:0:1:0:1, 5:1:0:0:1, 5:0:1:0:1, 4:0:1:1:2, 3:0:0:1:1, 1:0:0:0:0, 3:0:0:0:0, 1:0:0:0:0, 2:0:0:0:0, 4:1:0:0:1, 6:0:1:0:1, 4:0:0:0:0, 1:1:0:0:1,  , 2:0:0:0:0, 3:0:0:0:0, 2:1:0:0:1, 2:0:0:0:0, 3:1:0:0:1, 1:0:0:0:0, 2:1:0:0:1, 5:1:0:0:1, 3:1:0:0:1, 2:0:0:0:0, 5:1:0:0:1, 1:0:0:0:0, 4:1:0:0:1, 5:0:0:0:0, 2:0:0:0:0, 3:0:0:0:0, 2:1:0:0:1, 176:20:8:2:30
Ab aeolian (4b), 2:0:0:0:2, 3:0:0:0:2, 1:0:0:0:1, 3:0:0:0:2, 1:0:0:0:1, 0:0:0:0:0, 2:0:0:0:1, 3:0:0:0:2, 2:0:0:0:2, 3:0:0:0:2, 1:0:0:0:1, 3:0:0:0:2, 1:0:0:0:1, 0:0:0:0:0, 2:0:0:0:2,  , 3:0:0:0:1, 3:0:0:0:3, 3:0:0:0:2, 3:0:0:0:2, 1:0:0:0:1, 4:0:0:0:2, 4:0:0:0:1, 1:0:0:0:1, 2:0:0:0:2, 3:0:0:0:2, 1:0:0:0:1, 3:0:0:0:2, 1:0:0:0:1, 0:0:0:0:0, 2:0:0:0:2, 3:0:0:0:2, 1:0:0:0:1,  , 4:1:0:0:3, 2:0:0:0:1, 3:0:0:0:1, 0:0:0:0:0, 0:0:0:0:0, 1:0:0:0:1, 2:0:0:0:1, 1:0:0:0:1, 3:0:0:0:2, 3:0:0:0:1, 3:0:0:0:1, 0:0:0:0:0, 1:0:0:0:1,  , 4:1:0:0:2, 5:0:0:0:3, 2:0:0:0:1, 3:0:1:0:1, 3:0:0:0:2, 2:0:0:0:1, 2:0:0:0:1, 3:0:0:0:2, 2:0:0:0:2, 2:0:0:0:1, 2:0:0:0:1, 0:0:0:0:0, 1:0:0:0:1, 2:0:0:0:0, 2:0:0:0:2, 2:0:0:0:1, 1:0:0:0:1, 126:2:1:0:82
E aeolian (4#), 3:0:0:0:0, 4:1:0:0:1, 2:0:0:0:0, 4:0:0:0:0, 3:0:1:0:1, 2:0:0:0:0, 3:1:1:0:2, 3:0:0:0:0, 2:0:0:0:0, 4:1:0:0:1, 2:0:0:0:0, 4:0:0:0:0, 3:0:1:0:1, 2:0:0:0:0, 4:1:0:0:1,  , 3:1:0:0:1, 1:0:0:0:0, 1:0:0:0:0, 1:0:0:0:0, 1:0:0:0:0, 4:0:0:0:0, 3:1:0:0:1, 3:0:0:0:0, 2:0:0:0:0, 4:1:0:0:1, 2:0:0:0:0, 4:0:0:0:0, 3:0:1:0:1, 2:0:0:0:0, 4:1:0:0:1, 1:0:0:0:0, 3:1:0:0:1,  , 3:0:1:0:1, 5:1:0:0:1, 5:0:1:0:1, 4:0:1:1:2, 3:0:0:1:1, 1:0:0:0:0, 3:0:0:0:0, 1:0:0:0:0, 2:0:0:0:0, 4:1:0:0:1, 6:0:1:0:1, 4:0:0:0:0, 1:1:0:0:1,  , 2:0:0:0:0, 3:0:0:0:0, 2:1:0:0:1, 2:0:0:0:0, 3:1:0:0:1, 1:0:0:0:0, 2:1:0:0:1, 5:1:0:0:1, 3:1:0:0:1, 2:0:0:0:0, 5:1:0:0:1, 1:0:0:0:0, 4:1:0:0:1, 5:0:0:0:0, 2:0:0:0:0, 3:0:0:0:0, 2:1:0:0:1, 176:20:8:2:30
Ab locrian (4b), 2:0:0:0:2, 3:0:0:0:2, 1:0:0:0:1, 3:0:0:0:2, 1:0:0:0:1, 0:0:0:0:0, 2:0:0:0:1, 3:0:0:0:2, 2:0:0:0:2, 3:0:0:0:2, 1:0:0:0:1, 3:0:0:0:2, 1:0:0:0:1, 0:0:0:0:0, 2:0:0:0:2,  , 3:0:0:0:1, 3:0:0:0:3, 3:0:0:0:2, 3:0:0:0:2, 1:0:0:0:1, 4:0:0:0:2, 4:0:0:0:1, 1:0:0:0:1, 2:0:0:0:2, 3:0:0:0:2, 1:0:0:0:1, 3:0:0:0:2, 1:0:0:0:1, 0:0:0:0:0, 2:0:0:0:2, 3:0:0:0:2, 1:0:0:0:1,  , 4:1:0:0:3, 2:0:0:0:1, 3:0:0:0:1, 0:0:0:0:0, 0:0:0:0:0, 1:0:0:0:1, 2:0:0:0:1, 1:0:0:0:1, 3:0:0:0:2, 3:0:0:0:1, 3:0:0:0:1, 0:0:0:0:0, 1:0:0:0:1,  , 4:1:0:0:2, 5:0:0:0:3, 2:0:0:0:1, 3:0:1:0:1, 3:0:0:0:2, 2:0:0:0:1, 2:0:0:0:1, 3:0:0:0:2, 2:0:0:0:2, 2:0:0:0:1, 2:0:0:0:1, 0:0:0:0:0, 1:0:0:0:1, 2:0:0:0:0, 2:0:0:0:2, 2:0:0:0:1, 1:0:0:0:1, 126:2:1:0:82
E locrian (4#), 3:0:0:0:0, 4:1:0:0:1, 2:0:0:0:0, 4:0:0:0:0, 3:0:1:0:1, 2:0:0:0:0, 3:1:1:0:2, 3:0:0:0:0, 2:0:0:0:0, 4:1:0:0:1, 2:0:0:0:0, 4:0:0:0:0, 3:0:1:0:1, 2:0:0:0:0, 4:1:0:0:1,  , 3:1:0:0:1, 1:0:0:0:0, 1:0:0:0:0, 1:0:0:0:0, 1:0:0:0:0, 4:0:0:0:0, 3:1:0:0:1, 3:0:0:0:0, 2:0:0:0:0, 4:1:0:0:1, 2:0:0:0:0, 4:0:0:0:0, 3:0:1:0:1, 2:0:0:0:0, 4:1:0:0:1, 1:0:0:0:0, 3:1:0:0:1,  , 3:0:1:0:1, 5:1:0:0:1, 5:0:1:0:1, 4:0:1:1:2, 3:0:0:1:1, 1:0:0:0:0, 3:0:0:0:0, 1:0:0:0:0, 2:0:0:0:0, 4:1:0:0:1, 6:0:1:0:1, 4:0:0:0:0, 1:1:0:0:1,  , 2:0:0:0:0, 3:0:0:0:0, 2:1:0:0:1, 2:0:0:0:0, 3:1:0:0:1, 1:0:0:0:0, 2:1:0:0:1, 5:1:0:0:1, 3:1:0:0:1, 2:0:0:0:0, 5:1:0:0:1, 1:0:0:0:0, 4:1:0:0:1, 5:0:0:0:0, 2:0:0:0:0, 3:0:0:0:0, 2:1:0:0:1, 176:20:8:2:30
Db major (5b), 3:0:0:0:2, 4:0:0:0:3, 1:0:0:0:1, 4:0:0:0:3, 2:0:0:0:1, 1:0:0:0:0, 3:0:0:0:1, 4:0:0:0:3, 3:0:0:0:2, 4:0:0:0:3, 1:0:0:0:1, 4:0:0:0:3, 2:0:0:0:1, 1:0:0:0:0, 3:0:0:0:2,  , 4:0:0:0:2, 4:0:0:0:3, 2:0:0:0:2, 2:0:0:0:2, 2:0:0:0:1, 4:0:0:0:3, 4:0:0:0:2, 2:0:0:0:1, 3:0:0:0:2, 4:0:0:0:3, 1:0:0:0:1, 4:0:0:0:3, 2:0:0:0:1, 1:0:0:0:0, 3:0:0:0:2, 3:0:0:0:3, 1:0:0:0:1,  , 4:1:0:0:4, 3:0:0:0:2, 4:0:0:0:2, 1:0:0:0:0, 1:0:0:0:0, 1:0:0:0:1, 2:0:0:0:1, 1:0:0:0:1, 3:0:0:0:2, 4:0:0:0:2, 4:0:0:0:2, 1:0:0:0:0, 1:0:0:0:1,  , 5:0:0:0:2, 6:0:0:0:4, 1:0:0:0:1, 4:0:1:0:1, 3:0:0:0:3, 2:0:0:0:2, 2:0:0:0:1, 4:0:0:0:3, 2:0:0:0:2, 2:0:0:0:2, 3:0:0:0:2, 0:0:0:0:0, 2:0:0:0:1, 3:0:0:0:1, 2:0:0:0:2, 2:0:0:0:2, 1:0:0:0:1, 160:1:1:0:106
B major (5#), 4:0:0:0:1, 5:1:0:0:2, 2:0:0:0:0, 5:0:0:0:1, 4:0:1:0:2, 2:0:0:0:1, 3:0:1:0:1, 4:0:0:0:1, 3:0:0:0:1, 5:1:0:0:2, 2:0:0:0:0, 5:0:0:0:1, 4:0:1:0:2, 2:0:0:0:1, 4:0:0:0:1,  , 3:1:0:0:1, 2:0:0:0:0, 1:0:0:0:0, 1:0:0:0:0, 2:0:0:0:0, 4:0:0:0:1, 4:1:0:0:1, 3:0:0:0:1, 3:0:0:0:1, 5:1:0:0:2, 2:0:0:0:0, 5:0:0:0:1, 4:0:1:0:2, 2:0:0:0:1, 4:0:0:0:1, 2:0:0:0:0, 4:0:0:0:1,  , 4:0:1:0:2, 6:0:0:1:2, 4:0:1:0:1, 3:0:1:1:1, 3:0:0:1:2, 0:0:0:0:0, 2:0:0:0:1, 2:0:0:0:0, 3:0:0:0:1, 5:0:0:1:1, 5:0:1:0:2, 3:0:0:0:1, 2:0:0:1:1,  , 2:0:0:0:0, 4:0:0:0:1, 2:0:0:0:0, 3:0:0:0:0, 3:1:0:0:1, 2:0:0:0:0, 3:1:0:0:1, 5:0:0:0:1, 3:0:0:0:1, 1:0:0:0:0, 6:0:0:1:2, 1:0:0:0:0, 5:0:0:1:2, 4:0:0:0:1, 3:0:0:0:1, 3:0:0:0:1, 2:0:0:0:0, 199:7:8:7:57
Bb minor (5b), 3:0:0:0:2, 4:0:0:0:3, 1:0:0:0:1, 4:0:0:0:3, 2:0:0:0:1, 1:0:0:0:0, 3:0:0:0:1, 4:0:0:0:3, 3:0:0:0:2, 4:0:0:0:3, 1:0:0:0:1, 4:0:0:0:3, 2:0:0:0:1, 1:0:0:0:0, 3:0:0:0:2,  , 4:0:0:0:2, 4:0:0:0:3, 2:0:0:0:2, 2:0:0:0:2, 2:0:0:0:1, 4:0:0:0:3, 4:0:0:0:2, 2:0:0:0:1, 3:0:0:0:2, 4:0:0:0:3, 1:0:0:0:1, 4:0:0:0:3, 2:0:0:0:1, 1:0:0:0:0, 3:0:0:0:2, 3:0:0:0:3, 1:0:0:0:1,  , 4:1:0:0:4, 3:0:0:0:2, 4:0:0:0:2, 1:0:0:0:0, 1:0:0:0:0, 1:0:0:0:1, 2:0:0:0:1, 1:0:0:0:1, 3:0:0:0:2, 4:0:0:0:2, 4:0:0:0:2, 1:0:0:0:0, 1:0:0:0:1,  , 5:0:0:0:2, 6:0:0:0:4, 1:0:0:0:1, 4:0:1:0:1, 3:0:0:0:3, 2:0:0:0:2, 2:0:0:0:1, 4:0:0:0:3, 2:0:0:0:2, 2:0:0:0:2, 3:0:0:0:2, 0:0:0:0:0, 2:0:0:0:1, 3:0:0:0:1, 2:0:0:0:2, 2:0:0:0:2, 1:0:0:0:1, 160:1:1:0:106
G# minor (5#), 4:0:0:0:1, 5:1:0:0:2, 2:0:0:0:0, 5:0:0:0:1, 4:0:1:0:2, 2:0:0:0:1, 3:0:1:0:1, 4:0:0:0:1, 3:0:0:0:1, 5:1:0:0:2, 2:0:0:0:0, 5:0:0:0:1, 4:0:1:0:2, 2:0:0:0:1, 4:0:0:0:1,  , 3:1:0:0:1, 2:0:0:0:0, 1:0:0:0:0, 1:0:0:0:0, 2:0:0:0:0, 4:0:0:0:1, 4:1:0:0:1, 3:0:0:0:1, 3:0:0:0:1, 5:1:0:0:2, 2:0:0:0:0, 5:0:0:0:1, 4:0:1:0:2, 2:0:0:0:1, 4:0:0:0:1, 2:0:0:0:0, 4:0:0:0:1,  , 4:0:1:0:2, 6:0:0:1:2, 4:0:1:0:1, 3:0:1:1:1, 3:0:0:1:2, 0:0:0:0:0, 2:0:0:0:1, 2:0:0:0:0, 3:0:0:0:1, 5:0:0:1:1, 5:0:1:0:2, 3:0:0:0:1, 2:0:0:1:1,  , 2:0:0:0:0, 4:0:0:0:1, 2:0:0:0:0, 3:0:0:0:0, 3:1:0:0:1, 2:0:0:0:0, 3:1:0:0:1, 5:0:0:0:1, 3:0:0:0:1, 1:0:0:0:0, 6:0:0:1:2, 1:0:0:0:0, 5:0:0:1:2, 4:0:0:0:1, 3:0:0:0:1, 3:0:0:0:1, 2:0:0:0:0, 199:7:8:7:57
Bb minor mel (5b), 3:0:0:0:2, 4:0:0:0:3, 1:0:0:0:1, 4:0:0:0:3, 2:0:0:0:1, 1:0:0:0:0, 3:0:0:0:1, 4:0:0:0:3, 3:0:0:0:2, 4:0:0:0:3, 1:0:0:0:1, 4:0:0:0:3, 2:0:0:0:1, 1:0:0:0:0, 3:0:0:0:2,  , 4:0:0:0:2, 4:0:0:0:3, 2:0:0:0:2, 2:0:0:0:2, 2:0:0:0:1, 4:0:0:0:3, 4:0:0:0:2, 2:0:0:0:1, 3:0:0:0:2, 4:0:0:0:3, 1:0:0:0:1, 4:0:0:0:3, 2:0:0:0:1, 1:0:0:0:0, 3:0:0:0:2, 3:0:0:0:3, 1:0:0:0:1,  , 4:1:0:0:4, 3:0:0:0:2, 4:0:0:0:2, 1:0:0:0:0, 1:0:0:0:0, 1:0:0:0:1, 2:0:0:0:1, 1:0:0:0:1, 3:0:0:0:2, 4:0:0:0:2, 4:0:0:0:2, 1:0:0:0:0, 1:0:0:0:1,  , 5:0:0:0:2, 6:0:0:0:4, 1:0:0:0:1, 4:0:1:0:1, 3:0:0:0:3, 2:0:0:0:2, 2:0:0:0:1, 4:0:0:0:3, 2:0:0:0:2, 2:0:0:0:2, 3:0:0:0:2, 0:0:0:0:0, 2:0:0:0:1, 3:0:0:0:1, 2:0:0:0:2, 2:0:0:0:2, 1:0:0:0:1, 160:1:1:0:106
G# minor mel (5#), 4:0:0:0:1, 5:1:0:0:2, 2:0:0:0:0, 5:0:0:0:1, 4:0:1:0:2, 2:0:0:0:1, 3:0:1:0:1, 4:0:0:0:1, 3:0:0:0:1, 5:1:0:0:2, 2:0:0:0:0, 5:0:0:0:1, 4:0:1:0:2, 2:0:0:0:1, 4:0:0:0:1,  , 3:1:0:0:1, 2:0:0:0:0, 1:0:0:0:0, 1:0:0:0:0, 2:0:0:0:0, 4:0:0:0:1, 4:1:0:0:1, 3:0:0:0:1, 3:0:0:0:1, 5:1:0:0:2, 2:0:0:0:0, 5:0:0:0:1, 4:0:1:0:2, 2:0:0:0:1, 4:0:0:0:1, 2:0:0:0:0, 4:0:0:0:1,  , 4:0:1:0:2, 6:0:0:1:2, 4:0:1:0:1, 3:0:1:1:1, 3:0:0:1:2, 0:0:0:0:0, 2:0:0:0:1, 2:0:0:0:0, 3:0:0:0:1, 5:0:0:1:1, 5:0:1:0:2, 3:0:0:0:1, 2:0:0:1:1,  , 2:0:0:0:0, 4:0:0:0:1, 2:0:0:0:0, 3:0:0:0:0, 3:1:0:0:1, 2:0:0:0:0, 3:1:0:0:1, 5:0:0:0:1, 3:0:0:0:1, 1:0:0:0:0, 6:0:0:1:2, 1:0:0:0:0, 5:0:0:1:2, 4:0:0:0:1, 3:0:0:0:1, 3:0:0:0:1, 2:0:0:0:0, 199:7:8:7:57
Db major blues (5b), 3:0:0:0:2, 4:0:0:0:3, 1:0:0:0:1, 4:0:0:0:3, 2:0:0:0:1, 1:0:0:0:0, 3:0:0:0:1, 4:0:0:0:3, 3:0:0:0:2, 4:0:0:0:3, 1:0:0:0:1, 4:0:0:0:3, 2:0:0:0:1, 1:0:0:0:0, 3:0:0:0:2,  , 4:0:0:0:2, 4:0:0:0:3, 2:0:0:0:2, 2:0:0:0:2, 2:0:0:0:1, 4:0:0:0:3, 4:0:0:0:2, 2:0:0:0:1, 3:0:0:0:2, 4:0:0:0:3, 1:0:0:0:1, 4:0:0:0:3, 2:0:0:0:1, 1:0:0:0:0, 3:0:0:0:2, 3:0:0:0:3, 1:0:0:0:1,  , 4:1:0:0:4, 3:0:0:0:2, 4:0:0:0:2, 1:0:0:0:0, 1:0:0:0:0, 1:0:0:0:1, 2:0:0:0:1, 1:0:0:0:1, 3:0:0:0:2, 4:0:0:0:2, 4:0:0:0:2, 1:0:0:0:0, 1:0:0:0:1,  , 5:0:0:0:2, 6:0:0:0:4, 1:0:0:0:1, 4:0:1:0:1, 3:0:0:0:3, 2:0:0:0:2, 2:0:0:0:1, 4:0:0:0:3, 2:0:0:0:2, 2:0:0:0:2, 3:0:0:0:2, 0:0:0:0:0, 2:0:0:0:1, 3:0:0:0:1, 2:0:0:0:2, 2:0:0:0:2, 1:0:0:0:1, 160:1:1:0:106
B major blues (5#), 4:0:0:0:1, 5:1:0:0:2, 2:0:0:0:0, 5:0:0:0:1, 4:0:1:0:2, 2:0:0:0:1, 3:0:1:0:1, 4:0:0:0:1, 3:0:0:0:1, 5:1:0:0:2, 2:0:0:0:0, 5:0:0:0:1, 4:0:1:0:2, 2:0:0:0:1, 4:0:0:0:1,  , 3:1:0:0:1, 2:0:0:0:0, 1:0:0:0:0, 1:0:0:0:0, 2:0:0:0:0, 4:0:0:0:1, 4:1:0:0:1, 3:0:0:0:1, 3:0:0:0:1, 5:1:0:0:2, 2:0:0:0:0, 5:0:0:0:1, 4:0:1:0:2, 2:0:0:0:1, 4:0:0:0:1, 2:0:0:0:0, 4:0:0:0:1,  , 4:0:1:0:2, 6:0:0:1:2, 4:0:1:0:1, 3:0:1:1:1, 3:0:0:1:2, 0:0:0:0:0, 2:0:0:0:1, 2:0:0:0:0, 3:0:0:0:1, 5:0:0:1:1, 5:0:1:0:2, 3:0:0:0:1, 2:0:0:1:1,  , 2:0:0:0:0, 4:0:0:0:1, 2:0:0:0:0, 3:0:0:0:0, 3:1:0:0:1, 2:0:0:0:0, 3:1:0:0:1, 5:0:0:0:1, 3:0:0:0:1, 1:0:0:0:0, 6:0:0:1:2, 1:0:0:0:0, 5:0:0:1:2, 4:0:0:0:1, 3:0:0:0:1, 3:0:0:0:1, 2:0:0:0:0, 199:7:8:7:57
Bb minor blues (5b), 3:0:0:0:2, 4:0:0:0:3, 1:0:0:0:1, 4:0:0:0:3, 2:0:0:0:1, 1:0:0:0:0, 3:0:0:0:1, 4:0:0:0:3, 3:0:0:0:2, 4:0:0:0:3, 1:0:0:0:1, 4:0:0:0:3, 2:0:0:0:1, 1:0:0:0:0, 3:0:0:0:2,  , 4:0:0:0:2, 4:0:0:0:3, 2:0:0:0:2, 2:0:0:0:2, 2:0:0:0:1, 4:0:0:0:3, 4:0:0:0:2, 2:0:0:0:1, 3:0:0:0:2, 4:0:0:0:3, 1:0:0:0:1, 4:0:0:0:3, 2:0:0:0:1, 1:0:0:0:0, 3:0:0:0:2, 3:0:0:0:3, 1:0:0:0:1,  , 4:1:0:0:4, 3:0:0:0:2, 4:0:0:0:2, 1:0:0:0:0, 1:0:0:0:0, 1:0:0:0:1, 2:0:0:0:1, 1:0:0:0:1, 3:0:0:0:2, 4:0:0:0:2, 4:0:0:0:2, 1:0:0:0:0, 1:0:0:0:1,  , 5:0:0:0:2, 6:0:0:0:4, 1:0:0:0:1, 4:0:1:0:1, 3:0:0:0:3, 2:0:0:0:2, 2:0:0:0:1, 4:0:0:0:3, 2:0:0:0:2, 2:0:0:0:2, 3:0:0:0:2, 0:0:0:0:0, 2:0:0:0:1, 3:0:0:0:1, 2:0:0:0:2, 2:0:0:0:2, 1:0:0:0:1, 160:1:1:0:106
G# minor blues (5#), 4:0:0:0:1, 5:1:0:0:2, 2:0:0:0:0, 5:0:0:0:1, 4:0:1:0:2, 2:0:0:0:1, 3:0:1:0:1, 4:0:0:0:1, 3:0:0:0:1, 5:1:0:0:2, 2:0:0:0:0, 5:0:0:0:1, 4:0:1:0:2, 2:0:0:0:1, 4:0:0:0:1,  , 3:1:0:0:1, 2:0:0:0:0, 1:0:0:0:0, 1:0:0:0:0, 2:0:0:0:0, 4:0:0:0:1, 4:1:0:0:1, 3:0:0:0:1, 3:0:0:0:1, 5:1:0:0:2, 2:0:0:0:0, 5:0:0:0:1, 4:0:1:0:2, 2:0:0:0:1, 4:0:0:0:1, 2:0:0:0:0, 4:0:0:0:1,  , 4:0:1:0:2, 6:0:0:1:2, 4:0:1:0:1, 3:0:1:1:1, 3:0:0:1:2, 0:0:0:0:0, 2:0:0:0:1, 2:0:0:0:0, 3:0:0:0:1, 5:0:0:1:1, 5:0:1:0:2, 3:0:0:0:1, 2:0:0:1:1,  , 2:0:0:0:0, 4:0:0:0:1, 2:0:0:0:0, 3:0:0:0:0, 3:1:0:0:1, 2:0:0:0:0, 3:1:0:0:1, 5:0:0:0:1, 3:0:0:0:1, 1:0:0:0:0, 6:0:0:1:2, 1:0:0:0:0, 5:0:0:1:2, 4:0:0:0:1, 3:0:0:0:1, 3:0:0:0:1, 2:0:0:0:0, 199:7:8:7:57
Db dorian (5b), 3:0:0:0:2, 4:0:0:0:3, 1:0:0:0:1, 4:0:0:0:3, 2:0:0:0:1, 1:0:0:0:0, 3:0:0:0:1, 4:0:0:0:3, 3:0:0:0:2, 4:0:0:0:3, 1:0:0:0:1, 4:0:0:0:3, 2:0:0:0:1, 1:0:0:0:0, 3:0:0:0:2,  , 4:0:0:0:2, 4:0:0:0:3, 2:0:0:0:2, 2:0:0:0:2, 2:0:0:0:1, 4:0:0:0:3, 4:0:0:0:2, 2:0:0:0:1, 3:0:0:0:2, 4:0:0:0:3, 1:0:0:0:1, 4:0:0:0:3, 2:0:0:0:1, 1:0:0:0:0, 3:0:0:0:2, 3:0:0:0:3, 1:0:0:0:1,  , 4:1:0:0:4, 3:0:0:0:2, 4:0:0:0:2, 1:0:0:0:0, 1:0:0:0:0, 1:0:0:0:1, 2:0:0:0:1, 1:0:0:0:1, 3:0:0:0:2, 4:0:0:0:2, 4:0:0:0:2, 1:0:0:0:0, 1:0:0:0:1,  , 5:0:0:0:2, 6:0:0:0:4, 1:0:0:0:1, 4:0:1:0:1, 3:0:0:0:3, 2:0:0:0:2, 2:0:0:0:1, 4:0:0:0:3, 2:0:0:0:2, 2:0:0:0:2, 3:0:0:0:2, 0:0:0:0:0, 2:0:0:0:1, 3:0:0:0:1, 2:0:0:0:2, 2:0:0:0:2, 1:0:0:0:1, 160:1:1:0:106
B dorian (5#), 4:0:0:0:1, 5:1:0:0:2, 2:0:0:0:0, 5:0:0:0:1, 4:0:1:0:2, 2:0:0:0:1, 3:0:1:0:1, 4:0:0:0:1, 3:0:0:0:1, 5:1:0:0:2, 2:0:0:0:0, 5:0:0:0:1, 4:0:1:0:2, 2:0:0:0:1, 4:0:0:0:1,  , 3:1:0:0:1, 2:0:0:0:0, 1:0:0:0:0, 1:0:0:0:0, 2:0:0:0:0, 4:0:0:0:1, 4:1:0:0:1, 3:0:0:0:1, 3:0:0:0:1, 5:1:0:0:2, 2:0:0:0:0, 5:0:0:0:1, 4:0:1:0:2, 2:0:0:0:1, 4:0:0:0:1, 2:0:0:0:0, 4:0:0:0:1,  , 4:0:1:0:2, 6:0:0:1:2, 4:0:1:0:1, 3:0:1:1:1, 3:0:0:1:2, 0:0:0:0:0, 2:0:0:0:1, 2:0:0:0:0, 3:0:0:0:1, 5:0:0:1:1, 5:0:1:0:2, 3:0:0:0:1, 2:0:0:1:1,  , 2:0:0:0:0, 4:0:0:0:1, 2:0:0:0:0, 3:0:0:0:0, 3:1:0:0:1, 2:0:0:0:0, 3:1:0:0:1, 5:0:0:0:1, 3:0:0:0:1, 1:0:0:0:0, 6:0:0:1:2, 1:0:0:0:0, 5:0:0:1:2, 4:0:0:0:1, 3:0:0:0:1, 3:0:0:0:1, 2:0:0:0:0, 199:7:8:7:57
Db phrygian (5b), 3:0:0:0:2, 4:0:0:0:3, 1:0:0:0:1, 4:0:0:0:3, 2:0:0:0:1, 1:0:0:0:0, 3:0:0:0:1, 4:0:0:0:3, 3:0:0:0:2, 4:0:0:0:3, 1:0:0:0:1, 4:0:0:0:3, 2:0:0:0:1, 1:0:0:0:0, 3:0:0:0:2,  , 4:0:0:0:2, 4:0:0:0:3, 2:0:0:0:2, 2:0:0:0:2, 2:0:0:0:1, 4:0:0:0:3, 4:0:0:0:2, 2:0:0:0:1, 3:0:0:0:2, 4:0:0:0:3, 1:0:0:0:1, 4:0:0:0:3, 2:0:0:0:1, 1:0:0:0:0, 3:0:0:0:2, 3:0:0:0:3, 1:0:0:0:1,  , 4:1:0:0:4, 3:0:0:0:2, 4:0:0:0:2, 1:0:0:0:0, 1:0:0:0:0, 1:0:0:0:1, 2:0:0:0:1, 1:0:0:0:1, 3:0:0:0:2, 4:0:0:0:2, 4:0:0:0:2, 1:0:0:0:0, 1:0:0:0:1,  , 5:0:0:0:2, 6:0:0:0:4, 1:0:0:0:1, 4:0:1:0:1, 3:0:0:0:3, 2:0:0:0:2, 2:0:0:0:1, 4:0:0:0:3, 2:0:0:0:2, 2:0:0:0:2, 3:0:0:0:2, 0:0:0:0:0, 2:0:0:0:1, 3:0:0:0:1, 2:0:0:0:2, 2:0:0:0:2, 1:0:0:0:1, 160:1:1:0:106
B phrygian (5#), 4:0:0:0:1, 5:1:0:0:2, 2:0:0:0:0, 5:0:0:0:1, 4:0:1:0:2, 2:0:0:0:1, 3:0:1:0:1, 4:0:0:0:1, 3:0:0:0:1, 5:1:0:0:2, 2:0:0:0:0, 5:0:0:0:1, 4:0:1:0:2, 2:0:0:0:1, 4:0:0:0:1,  , 3:1:0:0:1, 2:0:0:0:0, 1:0:0:0:0, 1:0:0:0:0, 2:0:0:0:0, 4:0:0:0:1, 4:1:0:0:1, 3:0:0:0:1, 3:0:0:0:1, 5:1:0:0:2, 2:0:0:0:0, 5:0:0:0:1, 4:0:1:0:2, 2:0:0:0:1, 4:0:0:0:1, 2:0:0:0:0, 4:0:0:0:1,  , 4:0:1:0:2, 6:0:0:1:2, 4:0:1:0:1, 3:0:1:1:1, 3:0:0:1:2, 0:0:0:0:0, 2:0:0:0:1, 2:0:0:0:0, 3:0:0:0:1, 5:0:0:1:1, 5:0:1:0:2, 3:0:0:0:1, 2:0:0:1:1,  , 2:0:0:0:0, 4:0:0:0:1, 2:0:0:0:0, 3:0:0:0:0, 3:1:0:0:1, 2:0:0:0:0, 3:1:0:0:1, 5:0:0:0:1, 3:0:0:0:1, 1:0:0:0:0, 6:0:0:1:2, 1:0:0:0:0, 5:0:0:1:2, 4:0:0:0:1, 3:0:0:0:1, 3:0:0:0:1, 2:0:0:0:0, 199:7:8:7:57
Db lydian (5b), 3:0:0:0:2, 4:0:0:0:3, 1:0:0:0:1, 4:0:0:0:3, 2:0:0:0:1, 1:0:0:0:0, 3:0:0:0:1, 4:0:0:0:3, 3:0:0:0:2, 4:0:0:0:3, 1:0:0:0:1, 4:0:0:0:3, 2:0:0:0:1, 1:0:0:0:0, 3:0:0:0:2,  , 4:0:0:0:2, 4:0:0:0:3, 2:0:0:0:2, 2:0:0:0:2, 2:0:0:0:1, 4:0:0:0:3, 4:0:0:0:2, 2:0:0:0:1, 3:0:0:0:2, 4:0:0:0:3, 1:0:0:0:1, 4:0:0:0:3, 2:0:0:0:1, 1:0:0:0:0, 3:0:0:0:2, 3:0:0:0:3, 1:0:0:0:1,  , 4:1:0:0:4, 3:0:0:0:2, 4:0:0:0:2, 1:0:0:0:0, 1:0:0:0:0, 1:0:0:0:1, 2:0:0:0:1, 1:0:0:0:1, 3:0:0:0:2, 4:0:0:0:2, 4:0:0:0:2, 1:0:0:0:0, 1:0:0:0:1,  , 5:0:0:0:2, 6:0:0:0:4, 1:0:0:0:1, 4:0:1:0:1, 3:0:0:0:3, 2:0:0:0:2, 2:0:0:0:1, 4:0:0:0:3, 2:0:0:0:2, 2:0:0:0:2, 3:0:0:0:2, 0:0:0:0:0, 2:0:0:0:1, 3:0:0:0:1, 2:0:0:0:2, 2:0:0:0:2, 1:0:0:0:1, 160:1:1:0:106
B lydian (5#), 4:0:0:0:1, 5:1:0:0:2, 2:0:0:0:0, 5:0:0:0:1, 4:0:1:0:2, 2:0:0:0:1, 3:0:1:0:1, 4:0:0:0:1, 3:0:0:0:1, 5:1:0:0:2, 2:0:0:0:0, 5:0:0:0:1, 4:0:1:0:2, 2:0:0:0:1, 4:0:0:0:1,  , 3:1:0:0:1, 2:0:0:0:0, 1:0:0:0:0, 1:0:0:0:0, 2:0:0:0:0, 4:0:0:0:1, 4:1:0:0:1, 3:0:0:0:1, 3:0:0:0:1, 5:1:0:0:2, 2:0:0:0:0, 5:0:0:0:1, 4:0:1:0:2, 2:0:0:0:1, 4:0:0:0:1, 2:0:0:0:0, 4:0:0:0:1,  , 4:0:1:0:2, 6:0:0:1:2, 4:0:1:0:1, 3:0:1:1:1, 3:0:0:1:2, 0:0:0:0:0, 2:0:0:0:1, 2:0:0:0:0, 3:0:0:0:1, 5:0:0:1:1, 5:0:1:0:2, 3:0:0:0:1, 2:0:0:1:1,  , 2:0:0:0:0, 4:0:0:0:1, 2:0:0:0:0, 3:0:0:0:0, 3:1:0:0:1, 2:0:0:0:0, 3:1:0:0:1, 5:0:0:0:1, 3:0:0:0:1, 1:0:0:0:0, 6:0:0:1:2, 1:0:0:0:0, 5:0:0:1:2, 4:0:0:0:1, 3:0:0:0:1, 3:0:0:0:1, 2:0:0:0:0, 199:7:8:7:57
Db mixolydian (5b), 3:0:0:0:2, 4:0:0:0:3, 1:0:0:0:1, 4:0:0:0:3, 2:0:0:0:1, 1:0:0:0:0, 3:0:0:0:1, 4:0:0:0:3, 3:0:0:0:2, 4:0:0:0:3, 1:0:0:0:1, 4:0:0:0:3, 2:0:0:0:1, 1:0:0:0:0, 3:0:0:0:2,  , 4:0:0:0:2, 4:0:0:0:3, 2:0:0:0:2, 2:0:0:0:2, 2:0:0:0:1, 4:0:0:0:3, 4:0:0:0:2, 2:0:0:0:1, 3:0:0:0:2, 4:0:0:0:3, 1:0:0:0:1, 4:0:0:0:3, 2:0:0:0:1, 1:0:0:0:0, 3:0:0:0:2, 3:0:0:0:3, 1:0:0:0:1,  , 4:1:0:0:4, 3:0:0:0:2, 4:0:0:0:2, 1:0:0:0:0, 1:0:0:0:0, 1:0:0:0:1, 2:0:0:0:1, 1:0:0:0:1, 3:0:0:0:2, 4:0:0:0:2, 4:0:0:0:2, 1:0:0:0:0, 1:0:0:0:1,  , 5:0:0:0:2, 6:0:0:0:4, 1:0:0:0:1, 4:0:1:0:1, 3:0:0:0:3, 2:0:0:0:2, 2:0:0:0:1, 4:0:0:0:3, 2:0:0:0:2, 2:0:0:0:2, 3:0:0:0:2, 0:0:0:0:0, 2:0:0:0:1, 3:0:0:0:1, 2:0:0:0:2, 2:0:0:0:2, 1:0:0:0:1, 160:1:1:0:106
B mixolydian (5#), 4:0:0:0:1, 5:1:0:0:2, 2:0:0:0:0, 5:0:0:0:1, 4:0:1:0:2, 2:0:0:0:1, 3:0:1:0:1, 4:0:0:0:1, 3:0:0:0:1, 5:1:0:0:2, 2:0:0:0:0, 5:0:0:0:1, 4:0:1:0:2, 2:0:0:0:1, 4:0:0:0:1,  , 3:1:0:0:1, 2:0:0:0:0, 1:0:0:0:0, 1:0:0:0:0, 2:0:0:0:0, 4:0:0:0:1, 4:1:0:0:1, 3:0:0:0:1, 3:0:0:0:1, 5:1:0:0:2, 2:0:0:0:0, 5:0:0:0:1, 4:0:1:0:2, 2:0:0:0:1, 4:0:0:0:1, 2:0:0:0:0, 4:0:0:0:1,  , 4:0:1:0:2, 6:0:0:1:2, 4:0:1:0:1, 3:0:1:1:1, 3:0:0:1:2, 0:0:0:0:0, 2:0:0:0:1, 2:0:0:0:0, 3:0:0:0:1, 5:0:0:1:1, 5:0:1:0:2, 3:0:0:0:1, 2:0:0:1:1,  , 2:0:0:0:0, 4:0:0:0:1, 2:0:0:0:0, 3:0:0:0:0, 3:1:0:0:1, 2:0:0:0:0, 3:1:0:0:1, 5:0:0:0:1, 3:0:0:0:1, 1:0:0:0:0, 6:0:0:1:2, 1:0:0:0:0, 5:0:0:1:2, 4:0:0:0:1, 3:0:0:0:1, 3:0:0:0:1, 2:0:0:0:0, 199:7:8:7:57
Db aeolian (5b), 3:0:0:0:2, 4:0:0:0:3, 1:0:0:0:1, 4:0:0:0:3, 2:0:0:0:1, 1:0:0:0:0, 3:0:0:0:1, 4:0:0:0:3, 3:0:0:0:2, 4:0:0:0:3, 1:0:0:0:1, 4:0:0:0:3, 2:0:0:0:1, 1:0:0:0:0, 3:0:0:0:2,  , 4:0:0:0:2, 4:0:0:0:3, 2:0:0:0:2, 2:0:0:0:2, 2:0:0:0:1, 4:0:0:0:3, 4:0:0:0:2, 2:0:0:0:1, 3:0:0:0:2, 4:0:0:0:3, 1:0:0:0:1, 4:0:0:0:3, 2:0:0:0:1, 1:0:0:0:0, 3:0:0:0:2, 3:0:0:0:3, 1:0:0:0:1,  , 4:1:0:0:4, 3:0:0:0:2, 4:0:0:0:2, 1:0:0:0:0, 1:0:0:0:0, 1:0:0:0:1, 2:0:0:0:1, 1:0:0:0:1, 3:0:0:0:2, 4:0:0:0:2, 4:0:0:0:2, 1:0:0:0:0, 1:0:0:0:1,  , 5:0:0:0:2, 6:0:0:0:4, 1:0:0:0:1, 4:0:1:0:1, 3:0:0:0:3, 2:0:0:0:2, 2:0:0:0:1, 4:0:0:0:3, 2:0:0:0:2, 2:0:0:0:2, 3:0:0:0:2, 0:0:0:0:0, 2:0:0:0:1, 3:0:0:0:1, 2:0:0:0:2, 2:0:0:0:2, 1:0:0:0:1, 160:1:1:0:106
B aeolian (5#), 4:0:0:0:1, 5:1:0:0:2, 2:0:0:0:0, 5:0:0:0:1, 4:0:1:0:2, 2:0:0:0:1, 3:0:1:0:1, 4:0:0:0:1, 3:0:0:0:1, 5:1:0:0:2, 2:0:0:0:0, 5:0:0:0:1, 4:0:1:0:2, 2:0:0:0:1, 4:0:0:0:1,  , 3:1:0:0:1, 2:0:0:0:0, 1:0:0:0:0, 1:0:0:0:0, 2:0:0:0:0, 4:0:0:0:1, 4:1:0:0:1, 3:0:0:0:1, 3:0:0:0:1, 5:1:0:0:2, 2:0:0:0:0, 5:0:0:0:1, 4:0:1:0:2, 2:0:0:0:1, 4:0:0:0:1, 2:0:0:0:0, 4:0:0:0:1,  , 4:0:1:0:2, 6:0:0:1:2, 4:0:1:0:1, 3:0:1:1:1, 3:0:0:1:2, 0:0:0:0:0, 2:0:0:0:1, 2:0:0:0:0, 3:0:0:0:1, 5:0:0:1:1, 5:0:1:0:2, 3:0:0:0:1, 2:0:0:1:1,  , 2:0:0:0:0, 4:0:0:0:1, 2:0:0:0:0, 3:0:0:0:0, 3:1:0:0:1, 2:0:0:0:0, 3:1:0:0:1, 5:0:0:0:1, 3:0:0:0:1, 1:0:0:0:0, 6:0:0:1:2, 1:0:0:0:0, 5:0:0:1:2, 4:0:0:0:1, 3:0:0:0:1, 3:0:0:0:1, 2:0:0:0:0, 199:7:8:7:57
Db locrian (5b), 3:0:0:0:2, 4:0:0:0:3, 1:0:0:0:1, 4:0:0:0:3, 2:0:0:0:1, 1:0:0:0:0, 3:0:0:0:1, 4:0:0:0:3, 3:0:0:0:2, 4:0:0:0:3, 1:0:0:0:1, 4:0:0:0:3, 2:0:0:0:1, 1:0:0:0:0, 3:0:0:0:2,  , 4:0:0:0:2, 4:0:0:0:3, 2:0:0:0:2, 2:0:0:0:2, 2:0:0:0:1, 4:0:0:0:3, 4:0:0:0:2, 2:0:0:0:1, 3:0:0:0:2, 4:0:0:0:3, 1:0:0:0:1, 4:0:0:0:3, 2:0:0:0:1, 1:0:0:0:0, 3:0:0:0:2, 3:0:0:0:3, 1:0:0:0:1,  , 4:1:0:0:4, 3:0:0:0:2, 4:0:0:0:2, 1:0:0:0:0, 1:0:0:0:0, 1:0:0:0:1, 2:0:0:0:1, 1:0:0:0:1, 3:0:0:0:2, 4:0:0:0:2, 4:0:0:0:2, 1:0:0:0:0, 1:0:0:0:1,  , 5:0:0:0:2, 6:0:0:0:4, 1:0:0:0:1, 4:0:1:0:1, 3:0:0:0:3, 2:0:0:0:2, 2:0:0:0:1, 4:0:0:0:3, 2:0:0:0:2, 2:0:0:0:2, 3:0:0:0:2, 0:0:0:0:0, 2:0:0:0:1, 3:0:0:0:1, 2:0:0:0:2, 2:0:0:0:2, 1:0:0:0:1, 160:1:1:0:106
B locrian (5#), 4:0:0:0:1, 5:1:0:0:2, 2:0:0:0:0, 5:0:0:0:1, 4:0:1:0:2, 2:0:0:0:1, 3:0:1:0:1, 4:0:0:0:1, 3:0:0:0:1, 5:1:0:0:2, 2:0:0:0:0, 5:0:0:0:1, 4:0:1:0:2, 2:0:0:0:1, 4:0:0:0:1,  , 3:1:0:0:1, 2:0:0:0:0, 1:0:0:0:0, 1:0:0:0:0, 2:0:0:0:0, 4:0:0:0:1, 4:1:0:0:1, 3:0:0:0:1, 3:0:0:0:1, 5:1:0:0:2, 2:0:0:0:0, 5:0:0:0:1, 4:0:1:0:2, 2:0:0:0:1, 4:0:0:0:1, 2:0:0:0:0, 4:0:0:0:1,  , 4:0:1:0:2, 6:0:0:1:2, 4:0:1:0:1, 3:0:1:1:1, 3:0:0:1:2, 0:0:0:0:0, 2:0:0:0:1, 2:0:0:0:0, 3:0:0:0:1, 5:0:0:1:1, 5:0:1:0:2, 3:0:0:0:1, 2:0:0:1:1,  , 2:0:0:0:0, 4:0:0:0:1, 2:0:0:0:0, 3:0:0:0:0, 3:1:0:0:1, 2:0:0:0:0, 3:1:0:0:1, 5:0:0:0:1, 3:0:0:0:1, 1:0:0:0:0, 6:0:0:1:2, 1:0:0:0:0, 5:0:0:1:2, 4:0:0:0:1, 3:0:0:0:1, 3:0:0:0:1, 2:0:0:0:0, 199:7:8:7:57
Gb major (6b), 4:0:0:0:3, 4:0:0:0:4, 1:1:1:0:1, 5:0:0:0:4, 3:0:0:0:2, 1:0:0:0:1, 4:0:0:0:2, 4:0:0:0:4, 3:0:0:0:3, 4:0:0:0:4, 1:1:1:0:1, 5:0:0:0:4, 3:0:0:0:2, 1:0:0:0:1, 4:0:0:0:3,  , 4:0:0:0:3, 3:0:0:0:3, 2:1:1:0:2, 2:1:1:0:2, 2:0:0:0:2, 4:1:1:0:3, 5:0:0:0:2, 3:0:0:0:2, 3:0:0:0:3, 4:0:0:0:4, 1:1:1:0:1, 5:0:0:0:4, 3:0:0:0:2, 1:0:0:0:1, 4:0:0:0:3, 3:0:0:0:3, 2:0:0:0:1,  , 5:1:0:0:4, 4:0:0:0:3, 5:0:0:0:2, 1:0:0:0:1, 1:0:0:0:1, 0:0:0:0:0, 1:0:0:0:0, 2:0:0:0:1, 4:0:0:0:2, 5:0:0:0:3, 5:0:0:0:2, 1:0:0:0:1, 1:0:0:0:1,  , 5:0:0:0:3, 5:0:0:0:4, 2:0:0:0:1, 5:0:1:0:2, 3:1:1:0:3, 2:0:0:0:2, 3:0:0:0:1, 5:0:0:0:4, 3:0:0:0:2, 2:0:0:0:2, 4:0:0:0:3, 1:0:0:0:0, 3:0:0:0:2, 4:0:0:0:2, 3:0:0:0:2, 3:0:0:0:2, 2:0:0:0:1, 188:8:8:0:137
F# major (6#), 4:0:0:0:1, 5:2:1:0:2, 2:0:0:0:1, 5:1:1:0:2, 3:0:1:0:0, 1:0:0:0:0, 3:0:1:0:0, 4:0:0:0:0, 3:0:0:0:0, 5:2:1:0:2, 2:0:0:0:1, 5:1:1:0:2, 3:0:1:0:0, 1:0:0:0:0, 4:1:1:0:2,  , 4:1:0:0:1, 3:0:0:0:0, 2:0:0:0:1, 2:0:0:0:1, 2:0:0:0:0, 4:1:1:0:2, 4:1:0:0:2, 3:0:0:0:1, 3:0:0:0:0, 5:2:1:0:2, 2:0:0:0:1, 5:1:1:0:2, 3:0:1:0:0, 1:0:0:0:0, 4:1:1:0:2, 3:0:0:0:0, 3:0:0:0:1,  , 4:1:2:0:1, 5:0:0:1:2, 4:0:1:0:0, 2:0:0:1:1, 2:0:0:1:1, 0:0:0:0:0, 1:0:0:0:1, 2:0:0:0:1, 3:1:1:0:2, 5:0:0:1:2, 4:0:1:0:0, 2:0:0:0:0, 2:0:0:1:1,  , 3:0:0:0:0, 4:1:1:0:1, 2:0:0:0:1, 4:0:0:0:1, 4:1:0:0:2, 2:0:0:0:0, 3:1:0:0:2, 5:0:0:0:1, 3:1:1:0:2, 2:0:0:0:0, 5:0:0:1:2, 1:0:0:0:1, 4:0:0:1:2, 3:0:0:0:1, 3:1:1:0:2, 3:1:1:0:2, 2:0:0:0:1, 192:22:22:7:62
Eb minor (6b), 4:0:0:0:3, 4:0:0:0:4, 1:1:1:0:1, 5:0:0:0:4, 3:0:0:0:2, 1:0:0:0:1, 4:0:0:0:2, 4:0:0:0:4, 3:0:0:0:3, 4:0:0:0:4, 1:1:1:0:1, 5:0:0:0:4, 3:0:0:0:2, 1:0:0:0:1, 4:0:0:0:3,  , 4:0:0:0:3, 3:0:0:0:3, 2:1:1:0:2, 2:1:1:0:2, 2:0:0:0:2, 4:1:1:0:3, 5:0:0:0:2, 3:0:0:0:2, 3:0:0:0:3, 4:0:0:0:4, 1:1:1:0:1, 5:0:0:0:4, 3:0:0:0:2, 1:0:0:0:1, 4:0:0:0:3, 3:0:0:0:3, 2:0:0:0:1,  , 5:1:0:0:4, 4:0:0:0:3, 5:0:0:0:2, 1:0:0:0:1, 1:0:0:0:1, 0:0:0:0:0, 1:0:0:0:0, 2:0:0:0:1, 4:0:0:0:2, 5:0:0:0:3, 5:0:0:0:2, 1:0:0:0:1, 1:0:0:0:1,  , 5:0:0:0:3, 5:0:0:0:4, 2:0:0:0:1, 5:0:1:0:2, 3:1:1:0:3, 2:0:0:0:2, 3:0:0:0:1, 5:0:0:0:4, 3:0:0:0:2, 2:0:0:0:2, 4:0:0:0:3, 1:0:0:0:0, 3:0:0:0:2, 4:0:0:0:2, 3:0:0:0:2, 3:0:0:0:2, 2:0:0:0:1, 188:8:8:0:137
D# minor (6#), 4:0:0:0:1, 5:2:1:0:2, 2:0:0:0:1, 5:1:1:0:2, 3:0:1:0:0, 1:0:0:0:0, 3:0:1:0:0, 4:0:0:0:0, 3:0:0:0:0, 5:2:1:0:2, 2:0:0:0:1, 5:1:1:0:2, 3:0:1:0:0, 1:0:0:0:0, 4:1:1:0:2,  , 4:1:0:0:1, 3:0:0:0:0, 2:0:0:0:1, 2:0:0:0:1, 2:0:0:0:0, 4:1:1:0:2, 4:1:0:0:2, 3:0:0:0:1, 3:0:0:0:0, 5:2:1:0:2, 2:0:0:0:1, 5:1:1:0:2, 3:0:1:0:0, 1:0:0:0:0, 4:1:1:0:2, 3:0:0:0:0, 3:0:0:0:1,  , 4:1:2:0:1, 5:0:0:1:2, 4:0:1:0:0, 2:0:0:1:1, 2:0:0:1:1, 0:0:0:0:0, 1:0:0:0:1, 2:0:0:0:1, 3:1:1:0:2, 5:0:0:1:2, 4:0:1:0:0, 2:0:0:0:0, 2:0:0:1:1,  , 3:0:0:0:0, 4:1:1:0:1, 2:0:0:0:1, 4:0:0:0:1, 4:1:0:0:2, 2:0:0:0:0, 3:1:0:0:2, 5:0:0:0:1, 3:1:1:0:2, 2:0:0:0:0, 5:0:0:1:2, 1:0:0:0:1, 4:0:0:1:2, 3:0:0:0:1, 3:1:1:0:2, 3:1:1:0:2, 2:0:0:0:1, 192:22:22:7:62
Eb minor mel (6b), 4:0:0:0:3, 4:0:0:0:4, 1:1:1:0:1, 5:0:0:0:4, 3:0:0:0:2, 1:0:0:0:1, 4:0:0:0:2, 4:0:0:0:4, 3:0:0:0:3, 4:0:0:0:4, 1:1:1:0:1, 5:0:0:0:4, 3:0:0:0:2, 1:0:0:0:1, 4:0:0:0:3,  , 4:0:0:0:3, 3:0:0:0:3, 2:1:1:0:2, 2:1:1:0:2, 2:0:0:0:2, 4:1:1:0:3, 5:0:0:0:2, 3:0:0:0:2, 3:0:0:0:3, 4:0:0:0:4, 1:1:1:0:1, 5:0:0:0:4, 3:0:0:0:2, 1:0:0:0:1, 4:0:0:0:3, 3:0:0:0:3, 2:0:0:0:1,  , 5:1:0:0:4, 4:0:0:0:3, 5:0:0:0:2, 1:0:0:0:1, 1:0:0:0:1, 0:0:0:0:0, 1:0:0:0:0, 2:0:0:0:1, 4:0:0:0:2, 5:0:0:0:3, 5:0:0:0:2, 1:0:0:0:1, 1:0:0:0:1,  , 5:0:0:0:3, 5:0:0:0:4, 2:0:0:0:1, 5:0:1:0:2, 3:1:1:0:3, 2:0:0:0:2, 3:0:0:0:1, 5:0:0:0:4, 3:0:0:0:2, 2:0:0:0:2, 4:0:0:0:3, 1:0:0:0:0, 3:0:0:0:2, 4:0:0:0:2, 3:0:0:0:2, 3:0:0:0:2, 2:0:0:0:1, 188:8:8:0:137
D# minor mel (6#), 4:0:0:0:1, 5:2:1:0:2, 2:0:0:0:1, 5:1:1:0:2, 3:0:1:0:0, 1:0:0:0:0, 3:0:1:0:0, 4:0:0:0:0, 3:0:0:0:0, 5:2:1:0:2, 2:0:0:0:1, 5:1:1:0:2, 3:0:1:0:0, 1:0:0:0:0, 4:1:1:0:2,  , 4:1:0:0:1, 3:0:0:0:0, 2:0:0:0:1, 2:0:0:0:1, 2:0:0:0:0, 4:1:1:0:2, 4:1:0:0:2, 3:0:0:0:1, 3:0:0:0:0, 5:2:1:0:2, 2:0:0:0:1, 5:1:1:0:2, 3:0:1:0:0, 1:0:0:0:0, 4:1:1:0:2, 3:0:0:0:0, 3:0:0:0:1,  , 4:1:2:0:1, 5:0:0:1:2, 4:0:1:0:0, 2:0:0:1:1, 2:0:0:1:1, 0:0:0:0:0, 1:0:0:0:1, 2:0:0:0:1, 3:1:1:0:2, 5:0:0:1:2, 4:0:1:0:0, 2:0:0:0:0, 2:0:0:1:1,  , 3:0:0:0:0, 4:1:1:0:1, 2:0:0:0:1, 4:0:0:0:1, 4:1:0:0:2, 2:0:0:0:0, 3:1:0:0:2, 5:0:0:0:1, 3:1:1:0:2, 2:0:0:0:0, 5:0:0:1:2, 1:0:0:0:1, 4:0:0:1:2, 3:0:0:0:1, 3:1:1:0:2, 3:1:1:0:2, 2:0:0:0:1, 192:22:22:7:62
Gb major blues (6b), 4:0:0:0:3, 4:0:0:0:4, 1:1:1:0:1, 5:0:0:0:4, 3:0:0:0:2, 1:0:0:0:1, 4:0:0:0:2, 4:0:0:0:4, 3:0:0:0:3, 4:0:0:0:4, 1:1:1:0:1, 5:0:0:0:4, 3:0:0:0:2, 1:0:0:0:1, 4:0:0:0:3,  , 4:0:0:0:3, 3:0:0:0:3, 2:1:1:0:2, 2:1:1:0:2, 2:0:0:0:2, 4:1:1:0:3, 5:0:0:0:2, 3:0:0:0:2, 3:0:0:0:3, 4:0:0:0:4, 1:1:1:0:1, 5:0:0:0:4, 3:0:0:0:2, 1:0:0:0:1, 4:0:0:0:3, 3:0:0:0:3, 2:0:0:0:1,  , 5:1:0:0:4, 4:0:0:0:3, 5:0:0:0:2, 1:0:0:0:1, 1:0:0:0:1, 0:0:0:0:0, 1:0:0:0:0, 2:0:0:0:1, 4:0:0:0:2, 5:0:0:0:3, 5:0:0:0:2, 1:0:0:0:1, 1:0:0:0:1,  , 5:0:0:0:3, 5:0:0:0:4, 2:0:0:0:1, 5:0:1:0:2, 3:1:1:0:3, 2:0:0:0:2, 3:0:0:0:1, 5:0:0:0:4, 3:0:0:0:2, 2:0:0:0:2, 4:0:0:0:3, 1:0:0:0:0, 3:0:0:0:2, 4:0:0:0:2, 3:0:0:0:2, 3:0:0:0:2, 2:0:0:0:1, 188:8:8:0:137
F# major blues (6#), 4:0:0:0:1, 5:2:1:0:2, 2:0:0:0:1, 5:1:1:0:2, 3:0:1:0:0, 1:0:0:0:0, 3:0:1:0:0, 4:0:0:0:0, 3:0:0:0:0, 5:2:1:0:2, 2:0:0:0:1, 5:1:1:0:2, 3:0:1:0:0, 1:0:0:0:0, 4:1:1:0:2,  , 4:1:0:0:1, 3:0:0:0:0, 2:0:0:0:1, 2:0:0:0:1, 2:0:0:0:0, 4:1:1:0:2, 4:1:0:0:2, 3:0:0:0:1, 3:0:0:0:0, 5:2:1:0:2, 2:0:0:0:1, 5:1:1:0:2, 3:0:1:0:0, 1:0:0:0:0, 4:1:1:0:2, 3:0:0:0:0, 3:0:0:0:1,  , 4:1:2:0:1, 5:0:0:1:2, 4:0:1:0:0, 2:0:0:1:1, 2:0:0:1:1, 0:0:0:0:0, 1:0:0:0:1, 2:0:0:0:1, 3:1:1:0:2, 5:0:0:1:2, 4:0:1:0:0, 2:0:0:0:0, 2:0:0:1:1,  , 3:0:0:0:0, 4:1:1:0:1, 2:0:0:0:1, 4:0:0:0:1, 4:1:0:0:2, 2:0:0:0:0, 3:1:0:0:2, 5:0:0:0:1, 3:1:1:0:2, 2:0:0:0:0, 5:0:0:1:2, 1:0:0:0:1, 4:0:0:1:2, 3:0:0:0:1, 3:1:1:0:2, 3:1:1:0:2, 2:0:0:0:1, 192:22:22:7:62
Eb minor blues (6b), 4:0:0:0:3, 4:0:0:0:4, 1:1:1:0:1, 5:0:0:0:4, 3:0:0:0:2, 1:0:0:0:1, 4:0:0:0:2, 4:0:0:0:4, 3:0:0:0:3, 4:0:0:0:4, 1:1:1:0:1, 5:0:0:0:4, 3:0:0:0:2, 1:0:0:0:1, 4:0:0:0:3,  , 4:0:0:0:3, 3:0:0:0:3, 2:1:1:0:2, 2:1:1:0:2, 2:0:0:0:2, 4:1:1:0:3, 5:0:0:0:2, 3:0:0:0:2, 3:0:0:0:3, 4:0:0:0:4, 1:1:1:0:1, 5:0:0:0:4, 3:0:0:0:2, 1:0:0:0:1, 4:0:0:0:3, 3:0:0:0:3, 2:0:0:0:1,  , 5:1:0:0:4, 4:0:0:0:3, 5:0:0:0:2, 1:0:0:0:1, 1:0:0:0:1, 0:0:0:0:0, 1:0:0:0:0, 2:0:0:0:1, 4:0:0:0:2, 5:0:0:0:3, 5:0:0:0:2, 1:0:0:0:1, 1:0:0:0:1,  , 5:0:0:0:3, 5:0:0:0:4, 2:0:0:0:1, 5:0:1:0:2, 3:1:1:0:3, 2:0:0:0:2, 3:0:0:0:1, 5:0:0:0:4, 3:0:0:0:2, 2:0:0:0:2, 4:0:0:0:3, 1:0:0:0:0, 3:0:0:0:2, 4:0:0:0:2, 3:0:0:0:2, 3:0:0:0:2, 2:0:0:0:1, 188:8:8:0:137
D# minor blues (6#), 4:0:0:0:1, 5:2:1:0:2, 2:0:0:0:1, 5:1:1:0:2, 3:0:1:0:0, 1:0:0:0:0, 3:0:1:0:0, 4:0:0:0:0, 3:0:0:0:0, 5:2:1:0:2, 2:0:0:0:1, 5:1:1:0:2, 3:0:1:0:0, 1:0:0:0:0, 4:1:1:0:2,  , 4:1:0:0:1, 3:0:0:0:0, 2:0:0:0:1, 2:0:0:0:1, 2:0:0:0:0, 4:1:1:0:2, 4:1:0:0:2, 3:0:0:0:1, 3:0:0:0:0, 5:2:1:0:2, 2:0:0:0:1, 5:1:1:0:2, 3:0:1:0:0, 1:0:0:0:0, 4:1:1:0:2, 3:0:0:0:0, 3:0:0:0:1,  , 4:1:2:0:1, 5:0:0:1:2, 4:0:1:0:0, 2:0:0:1:1, 2:0:0:1:1, 0:0:0:0:0, 1:0:0:0:1, 2:0:0:0:1, 3:1:1:0:2, 5:0:0:1:2, 4:0:1:0:0, 2:0:0:0:0, 2:0:0:1:1,  , 3:0:0:0:0, 4:1:1:0:1, 2:0:0:0:1, 4:0:0:0:1, 4:1:0:0:2, 2:0:0:0:0, 3:1:0:0:2, 5:0:0:0:1, 3:1:1:0:2, 2:0:0:0:0, 5:0:0:1:2, 1:0:0:0:1, 4:0:0:1:2, 3:0:0:0:1, 3:1:1:0:2, 3:1:1:0:2, 2:0:0:0:1, 192:22:22:7:62
Gb dorian (6b), 4:0:0:0:3, 4:0:0:0:4, 1:1:1:0:1, 5:0:0:0:4, 3:0:0:0:2, 1:0:0:0:1, 4:0:0:0:2, 4:0:0:0:4, 3:0:0:0:3, 4:0:0:0:4, 1:1:1:0:1, 5:0:0:0:4, 3:0:0:0:2, 1:0:0:0:1, 4:0:0:0:3,  , 4:0:0:0:3, 3:0:0:0:3, 2:1:1:0:2, 2:1:1:0:2, 2:0:0:0:2, 4:1:1:0:3, 5:0:0:0:2, 3:0:0:0:2, 3:0:0:0:3, 4:0:0:0:4, 1:1:1:0:1, 5:0:0:0:4, 3:0:0:0:2, 1:0:0:0:1, 4:0:0:0:3, 3:0:0:0:3, 2:0:0:0:1,  , 5:1:0:0:4, 4:0:0:0:3, 5:0:0:0:2, 1:0:0:0:1, 1:0:0:0:1, 0:0:0:0:0, 1:0:0:0:0, 2:0:0:0:1, 4:0:0:0:2, 5:0:0:0:3, 5:0:0:0:2, 1:0:0:0:1, 1:0:0:0:1,  , 5:0:0:0:3, 5:0:0:0:4, 2:0:0:0:1, 5:0:1:0:2, 3:1:1:0:3, 2:0:0:0:2, 3:0:0:0:1, 5:0:0:0:4, 3:0:0:0:2, 2:0:0:0:2, 4:0:0:0:3, 1:0:0:0:0, 3:0:0:0:2, 4:0:0:0:2, 3:0:0:0:2, 3:0:0:0:2, 2:0:0:0:1, 188:8:8:0:137
F# dorian (6#), 4:0:0:0:1, 5:2:1:0:2, 2:0:0:0:1, 5:1:1:0:2, 3:0:1:0:0, 1:0:0:0:0, 3:0:1:0:0, 4:0:0:0:0, 3:0:0:0:0, 5:2:1:0:2, 2:0:0:0:1, 5:1:1:0:2, 3:0:1:0:0, 1:0:0:0:0, 4:1:1:0:2,  , 4:1:0:0:1, 3:0:0:0:0, 2:0:0:0:1, 2:0:0:0:1, 2:0:0:0:0, 4:1:1:0:2, 4:1:0:0:2, 3:0:0:0:1, 3:0:0:0:0, 5:2:1:0:2, 2:0:0:0:1, 5:1:1:0:2, 3:0:1:0:0, 1:0:0:0:0, 4:1:1:0:2, 3:0:0:0:0, 3:0:0:0:1,  , 4:1:2:0:1, 5:0:0:1:2, 4:0:1:0:0, 2:0:0:1:1, 2:0:0:1:1, 0:0:0:0:0, 1:0:0:0:1, 2:0:0:0:1, 3:1:1:0:2, 5:0:0:1:2, 4:0:1:0:0, 2:0:0:0:0, 2:0:0:1:1,  , 3:0:0:0:0, 4:1:1:0:1, 2:0:0:0:1, 4:0:0:0:1, 4:1:0:0:2, 2:0:0:0:0, 3:1:0:0:2, 5:0:0:0:1, 3:1:1:0:2, 2:0:0:0:0, 5:0:0:1:2, 1:0:0:0:1, 4:0:0:1:2, 3:0:0:0:1, 3:1:1:0:2, 3:1:1:0:2, 2:0:0:0:1, 192:22:22:7:62
Gb phrygian (6b), 4:0:0:0:3, 4:0:0:0:4, 1:1:1:0:1, 5:0:0:0:4, 3:0:0:0:2, 1:0:0:0:1, 4:0:0:0:2, 4:0:0:0:4, 3:0:0:0:3, 4:0:0:0:4, 1:1:1:0:1, 5:0:0:0:4, 3:0:0:0:2, 1:0:0:0:1, 4:0:0:0:3,  , 4:0:0:0:3, 3:0:0:0:3, 2:1:1:0:2, 2:1:1:0:2, 2:0:0:0:2, 4:1:1:0:3, 5:0:0:0:2, 3:0:0:0:2, 3:0:0:0:3, 4:0:0:0:4, 1:1:1:0:1, 5:0:0:0:4, 3:0:0:0:2, 1:0:0:0:1, 4:0:0:0:3, 3:0:0:0:3, 2:0:0:0:1,  , 5:1:0:0:4, 4:0:0:0:3, 5:0:0:0:2, 1:0:0:0:1, 1:0:0:0:1, 0:0:0:0:0, 1:0:0:0:0, 2:0:0:0:1, 4:0:0:0:2, 5:0:0:0:3, 5:0:0:0:2, 1:0:0:0:1, 1:0:0:0:1,  , 5:0:0:0:3, 5:0:0:0:4, 2:0:0:0:1, 5:0:1:0:2, 3:1:1:0:3, 2:0:0:0:2, 3:0:0:0:1, 5:0:0:0:4, 3:0:0:0:2, 2:0:0:0:2, 4:0:0:0:3, 1:0:0:0:0, 3:0:0:0:2, 4:0:0:0:2, 3:0:0:0:2, 3:0:0:0:2, 2:0:0:0:1, 188:8:8:0:137
F# phrygian (6#), 4:0:0:0:1, 5:2:1:0:2, 2:0:0:0:1, 5:1:1:0:2, 3:0:1:0:0, 1:0:0:0:0, 3:0:1:0:0, 4:0:0:0:0, 3:0:0:0:0, 5:2:1:0:2, 2:0:0:0:1, 5:1:1:0:2, 3:0:1:0:0, 1:0:0:0:0, 4:1:1:0:2,  , 4:1:0:0:1, 3:0:0:0:0, 2:0:0:0:1, 2:0:0:0:1, 2:0:0:0:0, 4:1:1:0:2, 4:1:0:0:2, 3:0:0:0:1, 3:0:0:0:0, 5:2:1:0:2, 2:0:0:0:1, 5:1:1:0:2, 3:0:1:0:0, 1:0:0:0:0, 4:1:1:0:2, 3:0:0:0:0, 3:0:0:0:1,  , 4:1:2:0:1, 5:0:0:1:2, 4:0:1:0:0, 2:0:0:1:1, 2:0:0:1:1, 0:0:0:0:0, 1:0:0:0:1, 2:0:0:0:1, 3:1:1:0:2, 5:0:0:1:2, 4:0:1:0:0, 2:0:0:0:0, 2:0:0:1:1,  , 3:0:0:0:0, 4:1:1:0:1, 2:0:0:0:1, 4:0:0:0:1, 4:1:0:0:2, 2:0:0:0:0, 3:1:0:0:2, 5:0:0:0:1, 3:1:1:0:2, 2:0:0:0:0, 5:0:0:1:2, 1:0:0:0:1, 4:0:0:1:2, 3:0:0:0:1, 3:1:1:0:2, 3:1:1:0:2, 2:0:0:0:1, 192:22:22:7:62
Gb lydian (6b), 4:0:0:0:3, 4:0:0:0:4, 1:1:1:0:1, 5:0:0:0:4, 3:0:0:0:2, 1:0:0:0:1, 4:0:0:0:2, 4:0:0:0:4, 3:0:0:0:3, 4:0:0:0:4, 1:1:1:0:1, 5:0:0:0:4, 3:0:0:0:2, 1:0:0:0:1, 4:0:0:0:3,  , 4:0:0:0:3, 3:0:0:0:3, 2:1:1:0:2, 2:1:1:0:2, 2:0:0:0:2, 4:1:1:0:3, 5:0:0:0:2, 3:0:0:0:2, 3:0:0:0:3, 4:0:0:0:4, 1:1:1:0:1, 5:0:0:0:4, 3:0:0:0:2, 1:0:0:0:1, 4:0:0:0:3, 3:0:0:0:3, 2:0:0:0:1,  , 5:1:0:0:4, 4:0:0:0:3, 5:0:0:0:2, 1:0:0:0:1, 1:0:0:0:1, 0:0:0:0:0, 1:0:0:0:0, 2:0:0:0:1, 4:0:0:0:2, 5:0:0:0:3, 5:0:0:0:2, 1:0:0:0:1, 1:0:0:0:1,  , 5:0:0:0:3, 5:0:0:0:4, 2:0:0:0:1, 5:0:1:0:2, 3:1:1:0:3, 2:0:0:0:2, 3:0:0:0:1, 5:0:0:0:4, 3:0:0:0:2, 2:0:0:0:2, 4:0:0:0:3, 1:0:0:0:0, 3:0:0:0:2, 4:0:0:0:2, 3:0:0:0:2, 3:0:0:0:2, 2:0:0:0:1, 188:8:8:0:137
F# lydian (6#), 4:0:0:0:1, 5:2:1:0:2, 2:0:0:0:1, 5:1:1:0:2, 3:0:1:0:0, 1:0:0:0:0, 3:0:1:0:0, 4:0:0:0:0, 3:0:0:0:0, 5:2:1:0:2, 2:0:0:0:1, 5:1:1:0:2, 3:0:1:0:0, 1:0:0:0:0, 4:1:1:0:2,  , 4:1:0:0:1, 3:0:0:0:0, 2:0:0:0:1, 2:0:0:0:1, 2:0:0:0:0, 4:1:1:0:2, 4:1:0:0:2, 3:0:0:0:1, 3:0:0:0:0, 5:2:1:0:2, 2:0:0:0:1, 5:1:1:0:2, 3:0:1:0:0, 1:0:0:0:0, 4:1:1:0:2, 3:0:0:0:0, 3:0:0:0:1,  , 4:1:2:0:1, 5:0:0:1:2, 4:0:1:0:0, 2:0:0:1:1, 2:0:0:1:1, 0:0:0:0:0, 1:0:0:0:1, 2:0:0:0:1, 3:1:1:0:2, 5:0:0:1:2, 4:0:1:0:0, 2:0:0:0:0, 2:0:0:1:1,  , 3:0:0:0:0, 4:1:1:0:1, 2:0:0:0:1, 4:0:0:0:1, 4:1:0:0:2, 2:0:0:0:0, 3:1:0:0:2, 5:0:0:0:1, 3:1:1:0:2, 2:0:0:0:0, 5:0:0:1:2, 1:0:0:0:1, 4:0:0:1:2, 3:0:0:0:1, 3:1:1:0:2, 3:1:1:0:2, 2:0:0:0:1, 192:22:22:7:62
Gb mixolydian (6b), 4:0:0:0:3, 4:0:0:0:4, 1:1:1:0:1, 5:0:0:0:4, 3:0:0:0:2, 1:0:0:0:1, 4:0:0:0:2, 4:0:0:0:4, 3:0:0:0:3, 4:0:0:0:4, 1:1:1:0:1, 5:0:0:0:4, 3:0:0:0:2, 1:0:0:0:1, 4:0:0:0:3,  , 4:0:0:0:3, 3:0:0:0:3, 2:1:1:0:2, 2:1:1:0:2, 2:0:0:0:2, 4:1:1:0:3, 5:0:0:0:2, 3:0:0:0:2, 3:0:0:0:3, 4:0:0:0:4, 1:1:1:0:1, 5:0:0:0:4, 3:0:0:0:2, 1:0:0:0:1, 4:0:0:0:3, 3:0:0:0:3, 2:0:0:0:1,  , 5:1:0:0:4, 4:0:0:0:3, 5:0:0:0:2, 1:0:0:0:1, 1:0:0:0:1, 0:0:0:0:0, 1:0:0:0:0, 2:0:0:0:1, 4:0:0:0:2, 5:0:0:0:3, 5:0:0:0:2, 1:0:0:0:1, 1:0:0:0:1,  , 5:0:0:0:3, 5:0:0:0:4, 2:0:0:0:1, 5:0:1:0:2, 3:1:1:0:3, 2:0:0:0:2, 3:0:0:0:1, 5:0:0:0:4, 3:0:0:0:2, 2:0:0:0:2, 4:0:0:0:3, 1:0:0:0:0, 3:0:0:0:2, 4:0:0:0:2, 3:0:0:0:2, 3:0:0:0:2, 2:0:0:0:1, 188:8:8:0:137
F# mixolydian (6#), 4:0:0:0:1, 5:2:1:0:2, 2:0:0:0:1, 5:1:1:0:2, 3:0:1:0:0, 1:0:0:0:0, 3:0:1:0:0, 4:0:0:0:0, 3:0:0:0:0, 5:2:1:0:2, 2:0:0:0:1, 5:1:1:0:2, 3:0:1:0:0, 1:0:0:0:0, 4:1:1:0:2,  , 4:1:0:0:1, 3:0:0:0:0, 2:0:0:0:1, 2:0:0:0:1, 2:0:0:0:0, 4:1:1:0:2, 4:1:0:0:2, 3:0:0:0:1, 3:0:0:0:0, 5:2:1:0:2, 2:0:0:0:1, 5:1:1:0:2, 3:0:1:0:0, 1:0:0:0:0, 4:1:1:0:2, 3:0:0:0:0, 3:0:0:0:1,  , 4:1:2:0:1, 5:0:0:1:2, 4:0:1:0:0, 2:0:0:1:1, 2:0:0:1:1, 0:0:0:0:0, 1:0:0:0:1, 2:0:0:0:1, 3:1:1:0:2, 5:0:0:1:2, 4:0:1:0:0, 2:0:0:0:0, 2:0:0:1:1,  , 3:0:0:0:0, 4:1:1:0:1, 2:0:0:0:1, 4:0:0:0:1, 4:1:0:0:2, 2:0:0:0:0, 3:1:0:0:2, 5:0:0:0:1, 3:1:1:0:2, 2:0:0:0:0, 5:0:0:1:2, 1:0:0:0:1, 4:0:0:1:2, 3:0:0:0:1, 3:1:1:0:2, 3:1:1:0:2, 2:0:0:0:1, 192:22:22:7:62
Gb aeolian (6b), 4:0:0:0:3, 4:0:0:0:4, 1:1:1:0:1, 5:0:0:0:4, 3:0:0:0:2, 1:0:0:0:1, 4:0:0:0:2, 4:0:0:0:4, 3:0:0:0:3, 4:0:0:0:4, 1:1:1:0:1, 5:0:0:0:4, 3:0:0:0:2, 1:0:0:0:1, 4:0:0:0:3,  , 4:0:0:0:3, 3:0:0:0:3, 2:1:1:0:2, 2:1:1:0:2, 2:0:0:0:2, 4:1:1:0:3, 5:0:0:0:2, 3:0:0:0:2, 3:0:0:0:3, 4:0:0:0:4, 1:1:1:0:1, 5:0:0:0:4, 3:0:0:0:2, 1:0:0:0:1, 4:0:0:0:3, 3:0:0:0:3, 2:0:0:0:1,  , 5:1:0:0:4, 4:0:0:0:3, 5:0:0:0:2, 1:0:0:0:1, 1:0:0:0:1, 0:0:0:0:0, 1:0:0:0:0, 2:0:0:0:1, 4:0:0:0:2, 5:0:0:0:3, 5:0:0:0:2, 1:0:0:0:1, 1:0:0:0:1,  , 5:0:0:0:3, 5:0:0:0:4, 2:0:0:0:1, 5:0:1:0:2, 3:1:1:0:3, 2:0:0:0:2, 3:0:0:0:1, 5:0:0:0:4, 3:0:0:0:2, 2:0:0:0:2, 4:0:0:0:3, 1:0:0:0:0, 3:0:0:0:2, 4:0:0:0:2, 3:0:0:0:2, 3:0:0:0:2, 2:0:0:0:1, 188:8:8:0:137
F# aeolian (6#), 4:0:0:0:1, 5:2:1:0:2, 2:0:0:0:1, 5:1:1:0:2, 3:0:1:0:0, 1:0:0:0:0, 3:0:1:0:0, 4:0:0:0:0, 3:0:0:0:0, 5:2:1:0:2, 2:0:0:0:1, 5:1:1:0:2, 3:0:1:0:0, 1:0:0:0:0, 4:1:1:0:2,  , 4:1:0:0:1, 3:0:0:0:0, 2:0:0:0:1, 2:0:0:0:1, 2:0:0:0:0, 4:1:1:0:2, 4:1:0:0:2, 3:0:0:0:1, 3:0:0:0:0, 5:2:1:0:2, 2:0:0:0:1, 5:1:1:0:2, 3:0:1:0:0, 1:0:0:0:0, 4:1:1:0:2, 3:0:0:0:0, 3:0:0:0:1,  , 4:1:2:0:1, 5:0:0:1:2, 4:0:1:0:0, 2:0:0:1:1, 2:0:0:1:1, 0:0:0:0:0, 1:0:0:0:1, 2:0:0:0:1, 3:1:1:0:2, 5:0:0:1:2, 4:0:1:0:0, 2:0:0:0:0, 2:0:0:1:1,  , 3:0:0:0:0, 4:1:1:0:1, 2:0:0:0:1, 4:0:0:0:1, 4:1:0:0:2, 2:0:0:0:0, 3:1:0:0:2, 5:0:0:0:1, 3:1:1:0:2, 2:0:0:0:0, 5:0:0:1:2, 1:0:0:0:1, 4:0:0:1:2, 3:0:0:0:1, 3:1:1:0:2, 3:1:1:0:2, 2:0:0:0:1, 192:22:22:7:62
Gb locrian (6b), 4:0:0:0:3, 4:0:0:0:4, 1:1:1:0:1, 5:0:0:0:4, 3:0:0:0:2, 1:0:0:0:1, 4:0:0:0:2, 4:0:0:0:4, 3:0:0:0:3, 4:0:0:0:4, 1:1:1:0:1, 5:0:0:0:4, 3:0:0:0:2, 1:0:0:0:1, 4:0:0:0:3,  , 4:0:0:0:3, 3:0:0:0:3, 2:1:1:0:2, 2:1:1:0:2, 2:0:0:0:2, 4:1:1:0:3, 5:0:0:0:2, 3:0:0:0:2, 3:0:0:0:3, 4:0:0:0:4, 1:1:1:0:1, 5:0:0:0:4, 3:0:0:0:2, 1:0:0:0:1, 4:0:0:0:3, 3:0:0:0:3, 2:0:0:0:1,  , 5:1:0:0:4, 4:0:0:0:3, 5:0:0:0:2, 1:0:0:0:1, 1:0:0:0:1, 0:0:0:0:0, 1:0:0:0:0, 2:0:0:0:1, 4:0:0:0:2, 5:0:0:0:3, 5:0:0:0:2, 1:0:0:0:1, 1:0:0:0:1,  , 5:0:0:0:3, 5:0:0:0:4, 2:0:0:0:1, 5:0:1:0:2, 3:1:1:0:3, 2:0:0:0:2, 3:0:0:0:1, 5:0:0:0:4, 3:0:0:0:2, 2:0:0:0:2, 4:0:0:0:3, 1:0:0:0:0, 3:0:0:0:2, 4:0:0:0:2, 3:0:0:0:2, 3:0:0:0:2, 2:0:0:0:1, 188:8:8:0:137
F# locrian (6#), 4:0:0:0:1, 5:2:1:0:2, 2:0:0:0:1, 5:1:1:0:2, 3:0:1:0:0, 1:0:0:0:0, 3:0:1:0:0, 4:0:0:0:0, 3:0:0:0:0, 5:2:1:0:2, 2:0:0:0:1, 5:1:1:0:2, 3:0:1:0:0, 1:0:0:0:0, 4:1:1:0:2,  , 4:1:0:0:1, 3:0:0:0:0, 2:0:0:0:1, 2:0:0:0:1, 2:0:0:0:0, 4:1:1:0:2, 4:1:0:0:2, 3:0:0:0:1, 3:0:0:0:0, 5:2:1:0:2, 2:0:0:0:1, 5:1:1:0:2, 3:0:1:0:0, 1:0:0:0:0, 4:1:1:0:2, 3:0:0:0:0, 3:0:0:0:1,  , 4:1:2:0:1, 5:0:0:1:2, 4:0:1:0:0, 2:0:0:1:1, 2:0:0:1:1, 0:0:0:0:0, 1:0:0:0:1, 2:0:0:0:1, 3:1:1:0:2, 5:0:0:1:2, 4:0:1:0:0, 2:0:0:0:0, 2:0:0:1:1,  , 3:0:0:0:0, 4:1:1:0:1, 2:0:0:0:1, 4:0:0:0:1, 4:1:0:0:2, 2:0:0:0:0, 3:1:0:0:2, 5:0:0:0:1, 3:1:1:0:2, 2:0:0:0:0, 5:0:0:1:2, 1:0:0:0:1, 4:0:0:1:2, 3:0:0:0:1, 3:1:1:0:2, 3:1:1:0:2, 2:0:0:0:1, 192:22:22:7:62
Cb major (7b), 4:1:1:0:4, 4:0:0:0:3, 1:1:1:0:1, 5:0:0:0:4, 4:0:0:0:3, 2:0:0:0:1, 4:0:0:0:3, 4:1:1:0:4, 3:1:1:0:3, 4:0:0:0:3, 1:1:1:0:1, 5:0:0:0:4, 4:0:0:0:3, 2:0:0:0:1, 4:1:1:0:4,  , 3:0:0:0:2, 2:0:0:0:2, 1:1:1:0:1, 1:1:1:0:1, 2:0:0:0:2, 4:1:1:1:3, 5:0:0:0:3, 3:1:1:0:3, 3:1:1:0:3, 4:0:0:0:3, 1:1:1:0:1, 5:0:0:0:4, 4:0:0:0:3, 2:0:0:0:1, 4:1:1:0:4, 2:0:0:0:2, 3:0:0:0:2,  , 5:2:1:0:5, 5:0:0:0:4, 5:0:0:0:3, 2:0:0:0:1, 2:0:0:0:1, 0:0:0:0:0, 2:0:0:0:1, 2:0:0:0:2, 4:0:0:0:2, 5:0:0:0:4, 6:0:0:0:3, 2:0:0:0:1, 1:0:0:0:1,  , 4:0:0:0:2, 5:0:0:0:3, 2:0:0:0:2, 4:0:0:0:3, 2:1:1:0:2, 2:0:0:0:2, 3:0:0:0:2, 5:1:1:0:5, 3:0:0:0:2, 1:0:0:0:1, 5:0:0:0:4, 1:0:0:0:1, 4:0:0:0:3, 5:0:0:0:3, 3:0:0:0:2, 3:1:1:0:3, 2:0:0:0:2, 195:18:17:1:152
C# major (7#), 3:0:0:0:1, 5:2:1:0:3, 1:0:0:0:0, 4:1:1:0:2, 2:0:0:0:1, 1:0:0:0:1, 2:0:0:0:1, 4:0:0:0:1, 3:0:0:0:1, 5:2:1:0:3, 1:0:0:0:0, 4:1:1:0:2, 2:0:0:0:1, 1:0:0:0:1, 3:1:1:0:2,  , 4:1:0:0:2, 4:0:0:0:1, 2:1:1:0:1, 2:1:1:0:1, 2:0:0:0:1, 4:1:1:0:1, 4:0:0:0:0, 2:0:0:0:1, 3:0:0:0:1, 5:2:1:0:3, 1:0:0:0:0, 4:1:1:0:2, 2:0:0:0:1, 1:0:0:0:1, 3:1:1:0:2, 3:0:0:0:0, 2:0:0:0:0,  , 3:1:1:0:1, 4:0:0:1:2, 3:0:0:0:1, 2:0:0:1:0, 2:0:0:1:0, 1:0:0:0:0, 1:1:1:0:1, 1:0:0:0:0, 2:1:1:0:1, 4:0:0:1:2, 3:0:0:0:1, 2:0:0:0:1, 2:0:0:1:1,  , 3:0:0:0:1, 5:1:1:0:2, 1:0:0:0:0, 3:0:0:0:1, 3:1:1:0:1, 2:0:0:0:0, 3:0:0:0:0, 4:0:0:0:1, 2:1:1:0:1, 2:0:0:0:0, 4:0:0:1:2, 0:0:0:0:0, 3:0:0:1:2, 2:0:0:0:1, 2:1:1:0:1, 2:1:1:0:1, 1:0:0:0:0, 161:23:19:7:63
Ab minor (7b), 4:1:1:0:4, 4:0:0:0:3, 1:1:1:0:1, 5:0:0:0:4, 4:0:0:0:3, 2:0:0:0:1, 4:0:0:0:3, 4:1:1:0:4, 3:1:1:0:3, 4:0:0:0:3, 1:1:1:0:1, 5:0:0:0:4, 4:0:0:0:3, 2:0:0:0:1, 4:1:1:0:4,  , 3:0:0:0:2, 2:0:0:0:2, 1:1:1:0:1, 1:1:1:0:1, 2:0:0:0:2, 4:1:1:1:3, 5:0:0:0:3, 3:1:1:0:3, 3:1:1:0:3, 4:0:0:0:3, 1:1:1:0:1, 5:0:0:0:4, 4:0:0:0:3, 2:0:0:0:1, 4:1:1:0:4, 2:0:0:0:2, 3:0:0:0:2,  , 5:2:1:0:5, 5:0:0:0:4, 5:0:0:0:3, 2:0:0:0:1, 2:0:0:0:1, 0:0:0:0:0, 2:0:0:0:1, 2:0:0:0:2, 4:0:0:0:2, 5:0:0:0:4, 6:0:0:0:3, 2:0:0:0:1, 1:0:0:0:1,  , 4:0:0:0:2, 5:0:0:0:3, 2:0:0:0:2, 4:0:0:0:3, 2:1:1:0:2, 2:0:0:0:2, 3:0:0:0:2, 5:1:1:0:5, 3:0:0:0:2, 1:0:0:0:1, 5:0:0:0:4, 1:0:0:0:1, 4:0:0:0:3, 5:0:0:0:3, 3:0:0:0:2, 3:1:1:0:3, 2:0:0:0:2, 195:18:17:1:152
A# minor (7#), 3:0:0:0:1, 5:2:1:0:3, 1:0:0:0:0, 4:1:1:0:2, 2:0:0:0:1, 1:0:0:0:1, 2:0:0:0:1, 4:0:0:0:1, 3:0:0:0:1, 5:2:1:0:3, 1:0:0:0:0, 4:1:1:0:2, 2:0:0:0:1, 1:0:0:0:1, 3:1:1:0:2,  , 4:1:0:0:2, 4:0:0:0:1, 2:1:1:0:1, 2:1:1:0:1, 2:0:0:0:1, 4:1:1:0:1, 4:0:0:0:0, 2:0:0:0:1, 3:0:0:0:1, 5:2:1:0:3, 1:0:0:0:0, 4:1:1:0:2, 2:0:0:0:1, 1:0:0:0:1, 3:1:1:0:2, 3:0:0:0:0, 2:0:0:0:0,  , 3:1:1:0:1, 4:0:0:1:2, 3:0:0:0:1, 2:0:0:1:0, 2:0:0:1:0, 1:0:0:0:0, 1:1:1:0:1, 1:0:0:0:0, 2:1:1:0:1, 4:0:0:1:2, 3:0:0:0:1, 2:0:0:0:1, 2:0:0:1:1,  , 3:0:0:0:1, 5:1:1:0:2, 1:0:0:0:0, 3:0:0:0:1, 3:1:1:0:1, 2:0:0:0:0, 3:0:0:0:0, 4:0:0:0:1, 2:1:1:0:1, 2:0:0:0:0, 4:0:0:1:2, 0:0:0:0:0, 3:0:0:1:2, 2:0:0:0:1, 2:1:1:0:1, 2:1:1:0:1, 1:0:0:0:0, 161:23:19:7:63
Ab minor mel (7b), 4:1:1:0:4, 4:0:0:0:3, 1:1:1:0:1, 5:0:0:0:4, 4:0:0:0:3, 2:0:0:0:1, 4:0:0:0:3, 4:1:1:0:4, 3:1:1:0:3, 4:0:0:0:3, 1:1:1:0:1, 5:0:0:0:4, 4:0:0:0:3, 2:0:0:0:1, 4:1:1:0:4,  , 3:0:0:0:2, 2:0:0:0:2, 1:1:1:0:1, 1:1:1:0:1, 2:0:0:0:2, 4:1:1:1:3, 5:0:0:0:3, 3:1:1:0:3, 3:1:1:0:3, 4:0:0:0:3, 1:1:1:0:1, 5:0:0:0:4, 4:0:0:0:3, 2:0:0:0:1, 4:1:1:0:4, 2:0:0:0:2, 3:0:0:0:2,  , 5:2:1:0:5, 5:0:0:0:4, 5:0:0:0:3, 2:0:0:0:1, 2:0:0:0:1, 0:0:0:0:0, 2:0:0:0:1, 2:0:0:0:2, 4:0:0:0:2, 5:0:0:0:4, 6:0:0:0:3, 2:0:0:0:1, 1:0:0:0:1,  , 4:0:0:0:2, 5:0:0:0:3, 2:0:0:0:2, 4:0:0:0:3, 2:1:1:0:2, 2:0:0:0:2, 3:0:0:0:2, 5:1:1:0:5, 3:0:0:0:2, 1:0:0:0:1, 5:0:0:0:4, 1:0:0:0:1, 4:0:0:0:3, 5:0:0:0:3, 3:0:0:0:2, 3:1:1:0:3, 2:0:0:0:2, 195:18:17:1:152
A# minor mel (7#), 3:0:0:0:1, 5:2:1:0:3, 1:0:0:0:0, 4:1:1:0:2, 2:0:0:0:1, 1:0:0:0:1, 2:0:0:0:1, 4:0:0:0:1, 3:0:0:0:1, 5:2:1:0:3, 1:0:0:0:0, 4:1:1:0:2, 2:0:0:0:1, 1:0:0:0:1, 3:1:1:0:2,  , 4:1:0:0:2, 4:0:0:0:1, 2:1:1:0:1, 2:1:1:0:1, 2:0:0:0:1, 4:1:1:0:1, 4:0:0:0:0, 2:0:0:0:1, 3:0:0:0:1, 5:2:1:0:3, 1:0:0:0:0, 4:1:1:0:2, 2:0:0:0:1, 1:0:0:0:1, 3:1:1:0:2, 3:0:0:0:0, 2:0:0:0:0,  , 3:1:1:0:1, 4:0:0:1:2, 3:0:0:0:1, 2:0:0:1:0, 2:0:0:1:0, 1:0:0:0:0, 1:1:1:0:1, 1:0:0:0:0, 2:1:1:0:1, 4:0:0:1:2, 3:0:0:0:1, 2:0:0:0:1, 2:0:0:1:1,  , 3:0:0:0:1, 5:1:1:0:2, 1:0:0:0:0, 3:0:0:0:1, 3:1:1:0:1, 2:0:0:0:0, 3:0:0:0:0, 4:0:0:0:1, 2:1:1:0:1, 2:0:0:0:0, 4:0:0:1:2, 0:0:0:0:0, 3:0:0:1:2, 2:0:0:0:1, 2:1:1:0:1, 2:1:1:0:1, 1:0:0:0:0, 161:23:19:7:63
Cb major blues (7b), 4:1:1:0:4, 4:0:0:0:3, 1:1:1:0:1, 5:0:0:0:4, 4:0:0:0:3, 2:0:0:0:1, 4:0:0:0:3, 4:1:1:0:4, 3:1:1:0:3, 4:0:0:0:3, 1:1:1:0:1, 5:0:0:0:4, 4:0:0:0:3, 2:0:0:0:1, 4:1:1:0:4,  , 3:0:0:0:2, 2:0:0:0:2, 1:1:1:0:1, 1:1:1:0:1, 2:0:0:0:2, 4:1:1:1:3, 5:0:0:0:3, 3:1:1:0:3, 3:1:1:0:3, 4:0:0:0:3, 1:1:1:0:1, 5:0:0:0:4, 4:0:0:0:3, 2:0:0:0:1, 4:1:1:0:4, 2:0:0:0:2, 3:0:0:0:2,  , 5:2:1:0:5, 5:0:0:0:4, 5:0:0:0:3, 2:0:0:0:1, 2:0:0:0:1, 0:0:0:0:0, 2:0:0:0:1, 2:0:0:0:2, 4:0:0:0:2, 5:0:0:0:4, 6:0:0:0:3, 2:0:0:0:1, 1:0:0:0:1,  , 4:0:0:0:2, 5:0:0:0:3, 2:0:0:0:2, 4:0:0:0:3, 2:1:1:0:2, 2:0:0:0:2, 3:0:0:0:2, 5:1:1:0:5, 3:0:0:0:2, 1:0:0:0:1, 5:0:0:0:4, 1:0:0:0:1, 4:0:0:0:3, 5:0:0:0:3, 3:0:0:0:2, 3:1:1:0:3, 2:0:0:0:2, 195:18:17:1:152
C# major blues (7#), 3:0:0:0:1, 5:2:1:0:3, 1:0:0:0:0, 4:1:1:0:2, 2:0:0:0:1, 1:0:0:0:1, 2:0:0:0:1, 4:0:0:0:1, 3:0:0:0:1, 5:2:1:0:3, 1:0:0:0:0, 4:1:1:0:2, 2:0:0:0:1, 1:0:0:0:1, 3:1:1:0:2,  , 4:1:0:0:2, 4:0:0:0:1, 2:1:1:0:1, 2:1:1:0:1, 2:0:0:0:1, 4:1:1:0:1, 4:0:0:0:0, 2:0:0:0:1, 3:0:0:0:1, 5:2:1:0:3, 1:0:0:0:0, 4:1:1:0:2, 2:0:0:0:1, 1:0:0:0:1, 3:1:1:0:2, 3:0:0:0:0, 2:0:0:0:0,  , 3:1:1:0:1, 4:0:0:1:2, 3:0:0:0:1, 2:0:0:1:0, 2:0:0:1:0, 1:0:0:0:0, 1:1:1:0:1, 1:0:0:0:0, 2:1:1:0:1, 4:0:0:1:2, 3:0:0:0:1, 2:0:0:0:1, 2:0:0:1:1,  , 3:0:0:0:1, 5:1:1:0:2, 1:0:0:0:0, 3:0:0:0:1, 3:1:1:0:1, 2:0:0:0:0, 3:0:0:0:0, 4:0:0:0:1, 2:1:1:0:1, 2:0:0:0:0, 4:0:0:1:2, 0:0:0:0:0, 3:0:0:1:2, 2:0:0:0:1, 2:1:1:0:1, 2:1:1:0:1, 1:0:0:0:0, 161:23:19:7:63
Ab minor blues (7b), 4:1:1:0:4, 4:0:0:0:3, 1:1:1:0:1, 5:0:0:0:4, 4:0:0:0:3, 2:0:0:0:1, 4:0:0:0:3, 4:1:1:0:4, 3:1:1:0:3, 4:0:0:0:3, 1:1:1:0:1, 5:0:0:0:4, 4:0:0:0:3, 2:0:0:0:1, 4:1:1:0:4,  , 3:0:0:0:2, 2:0:0:0:2, 1:1:1:0:1, 1:1:1:0:1, 2:0:0:0:2, 4:1:1:1:3, 5:0:0:0:3, 3:1:1:0:3, 3:1:1:0:3, 4:0:0:0:3, 1:1:1:0:1, 5:0:0:0:4, 4:0:0:0:3, 2:0:0:0:1, 4:1:1:0:4, 2:0:0:0:2, 3:0:0:0:2,  , 5:2:1:0:5, 5:0:0:0:4, 5:0:0:0:3, 2:0:0:0:1, 2:0:0:0:1, 0:0:0:0:0, 2:0:0:0:1, 2:0:0:0:2, 4:0:0:0:2, 5:0:0:0:4, 6:0:0:0:3, 2:0:0:0:1, 1:0:0:0:1,  , 4:0:0:0:2, 5:0:0:0:3, 2:0:0:0:2, 4:0:0:0:3, 2:1:1:0:2, 2:0:0:0:2, 3:0:0:0:2, 5:1:1:0:5, 3:0:0:0:2, 1:0:0:0:1, 5:0:0:0:4, 1:0:0:0:1, 4:0:0:0:3, 5:0:0:0:3, 3:0:0:0:2, 3:1:1:0:3, 2:0:0:0:2, 195:18:17:1:152
A# minor blues (7#), 3:0:0:0:1, 5:2:1:0:3, 1:0:0:0:0, 4:1:1:0:2, 2:0:0:0:1, 1:0:0:0:1, 2:0:0:0:1, 4:0:0:0:1, 3:0:0:0:1, 5:2:1:0:3, 1:0:0:0:0, 4:1:1:0:2, 2:0:0:0:1, 1:0:0:0:1, 3:1:1:0:2,  , 4:1:0:0:2, 4:0:0:0:1, 2:1:1:0:1, 2:1:1:0:1, 2:0:0:0:1, 4:1:1:0:1, 4:0:0:0:0, 2:0:0:0:1, 3:0:0:0:1, 5:2:1:0:3, 1:0:0:0:0, 4:1:1:0:2, 2:0:0:0:1, 1:0:0:0:1, 3:1:1:0:2, 3:0:0:0:0, 2:0:0:0:0,  , 3:1:1:0:1, 4:0:0:1:2, 3:0:0:0:1, 2:0:0:1:0, 2:0:0:1:0, 1:0:0:0:0, 1:1:1:0:1, 1:0:0:0:0, 2:1:1:0:1, 4:0:0:1:2, 3:0:0:0:1, 2:0:0:0:1, 2:0:0:1:1,  , 3:0:0:0:1, 5:1:1:0:2, 1:0:0:0:0, 3:0:0:0:1, 3:1:1:0:1, 2:0:0:0:0, 3:0:0:0:0, 4:0:0:0:1, 2:1:1:0:1, 2:0:0:0:0, 4:0:0:1:2, 0:0:0:0:0, 3:0:0:1:2, 2:0:0:0:1, 2:1:1:0:1, 2:1:1:0:1, 1:0:0:0:0, 161:23:19:7:63
Cb dorian (7b), 4:1:1:0:4, 4:0:0:0:3, 1:1:1:0:1, 5:0:0:0:4, 4:0:0:0:3, 2:0:0:0:1, 4:0:0:0:3, 4:1:1:0:4, 3:1:1:0:3, 4:0:0:0:3, 1:1:1:0:1, 5:0:0:0:4, 4:0:0:0:3, 2:0:0:0:1, 4:1:1:0:4,  , 3:0:0:0:2, 2:0:0:0:2, 1:1:1:0:1, 1:1:1:0:1, 2:0:0:0:2, 4:1:1:1:3, 5:0:0:0:3, 3:1:1:0:3, 3:1:1:0:3, 4:0:0:0:3, 1:1:1:0:1, 5:0:0:0:4, 4:0:0:0:3, 2:0:0:0:1, 4:1:1:0:4, 2:0:0:0:2, 3:0:0:0:2,  , 5:2:1:0:5, 5:0:0:0:4, 5:0:0:0:3, 2:0:0:0:1, 2:0:0:0:1, 0:0:0:0:0, 2:0:0:0:1, 2:0:0:0:2, 4:0:0:0:2, 5:0:0:0:4, 6:0:0:0:3, 2:0:0:0:1, 1:0:0:0:1,  , 4:0:0:0:2, 5:0:0:0:3, 2:0:0:0:2, 4:0:0:0:3, 2:1:1:0:2, 2:0:0:0:2, 3:0:0:0:2, 5:1:1:0:5, 3:0:0:0:2, 1:0:0:0:1, 5:0:0:0:4, 1:0:0:0:1, 4:0:0:0:3, 5:0:0:0:3, 3:0:0:0:2, 3:1:1:0:3, 2:0:0:0:2, 195:18:17:1:152
C# dorian (7#), 3:0:0:0:1, 5:2:1:0:3, 1:0:0:0:0, 4:1:1:0:2, 2:0:0:0:1, 1:0:0:0:1, 2:0:0:0:1, 4:0:0:0:1, 3:0:0:0:1, 5:2:1:0:3, 1:0:0:0:0, 4:1:1:0:2, 2:0:0:0:1, 1:0:0:0:1, 3:1:1:0:2,  , 4:1:0:0:2, 4:0:0:0:1, 2:1:1:0:1, 2:1:1:0:1, 2:0:0:0:1, 4:1:1:0:1, 4:0:0:0:0, 2:0:0:0:1, 3:0:0:0:1, 5:2:1:0:3, 1:0:0:0:0, 4:1:1:0:2, 2:0:0:0:1, 1:0:0:0:1, 3:1:1:0:2, 3:0:0:0:0, 2:0:0:0:0,  , 3:1:1:0:1, 4:0:0:1:2, 3:0:0:0:1, 2:0:0:1:0, 2:0:0:1:0, 1:0:0:0:0, 1:1:1:0:1, 1:0:0:0:0, 2:1:1:0:1, 4:0:0:1:2, 3:0:0:0:1, 2:0:0:0:1, 2:0:0:1:1,  , 3:0:0:0:1, 5:1:1:0:2, 1:0:0:0:0, 3:0:0:0:1, 3:1:1:0:1, 2:0:0:0:0, 3:0:0:0:0, 4:0:0:0:1, 2:1:1:0:1, 2:0:0:0:0, 4:0:0:1:2, 0:0:0:0:0, 3:0:0:1:2, 2:0:0:0:1, 2:1:1:0:1, 2:1:1:0:1, 1:0:0:0:0, 161:23:19:7:63
Cb phrygian (7b), 4:1:1:0:4, 4:0:0:0:3, 1:1:1:0:1, 5:0:0:0:4, 4:0:0:0:3, 2:0:0:0:1, 4:0:0:0:3, 4:1:1:0:4, 3:1:1:0:3, 4:0:0:0:3, 1:1:1:0:1, 5:0:0:0:4, 4:0:0:0:3, 2:0:0:0:1, 4:1:1:0:4,  , 3:0:0:0:2, 2:0:0:0:2, 1:1:1:0:1, 1:1:1:0:1, 2:0:0:0:2, 4:1:1:1:3, 5:0:0:0:3, 3:1:1:0:3, 3:1:1:0:3, 4:0:0:0:3, 1:1:1:0:1, 5:0:0:0:4, 4:0:0:0:3, 2:0:0:0:1, 4:1:1:0:4, 2:0:0:0:2, 3:0:0:0:2,  , 5:2:1:0:5, 5:0:0:0:4, 5:0:0:0:3, 2:0:0:0:1, 2:0:0:0:1, 0:0:0:0:0, 2:0:0:0:1, 2:0:0:0:2, 4:0:0:0:2, 5:0:0:0:4, 6:0:0:0:3, 2:0:0:0:1, 1:0:0:0:1,  , 4:0:0:0:2, 5:0:0:0:3, 2:0:0:0:2, 4:0:0:0:3, 2:1:1:0:2, 2:0:0:0:2, 3:0:0:0:2, 5:1:1:0:5, 3:0:0:0:2, 1:0:0:0:1, 5:0:0:0:4, 1:0:0:0:1, 4:0:0:0:3, 5:0:0:0:3, 3:0:0:0:2, 3:1:1:0:3, 2:0:0:0:2, 195:18:17:1:152
C# phrygian (7#), 3:0:0:0:1, 5:2:1:0:3, 1:0:0:0:0, 4:1:1:0:2, 2:0:0:0:1, 1:0:0:0:1, 2:0:0:0:1, 4:0:0:0:1, 3:0:0:0:1, 5:2:1:0:3, 1:0:0:0:0, 4:1:1:0:2, 2:0:0:0:1, 1:0:0:0:1, 3:1:1:0:2,  , 4:1:0:0:2, 4:0:0:0:1, 2:1:1:0:1, 2:1:1:0:1, 2:0:0:0:1, 4:1:1:0:1, 4:0:0:0:0, 2:0:0:0:1, 3:0:0:0:1, 5:2:1:0:3, 1:0:0:0:0, 4:1:1:0:2, 2:0:0:0:1, 1:0:0:0:1, 3:1:1:0:2, 3:0:0:0:0, 2:0:0:0:0,  , 3:1:1:0:1, 4:0:0:1:2, 3:0:0:0:1, 2:0:0:1:0, 2:0:0:1:0, 1:0:0:0:0, 1:1:1:0:1, 1:0:0:0:0, 2:1:1:0:1, 4:0:0:1:2, 3:0:0:0:1, 2:0:0:0:1, 2:0:0:1:1,  , 3:0:0:0:1, 5:1:1:0:2, 1:0:0:0:0, 3:0:0:0:1, 3:1:1:0:1, 2:0:0:0:0, 3:0:0:0:0, 4:0:0:0:1, 2:1:1:0:1, 2:0:0:0:0, 4:0:0:1:2, 0:0:0:0:0, 3:0:0:1:2, 2:0:0:0:1, 2:1:1:0:1, 2:1:1:0:1, 1:0:0:0:0, 161:23:19:7:63
Cb lydian (7b), 4:1:1:0:4, 4:0:0:0:3, 1:1:1:0:1, 5:0:0:0:4, 4:0:0:0:3, 2:0:0:0:1, 4:0:0:0:3, 4:1:1:0:4, 3:1:1:0:3, 4:0:0:0:3, 1:1:1:0:1, 5:0:0:0:4, 4:0:0:0:3, 2:0:0:0:1, 4:1:1:0:4,  , 3:0:0:0:2, 2:0:0:0:2, 1:1:1:0:1, 1:1:1:0:1, 2:0:0:0:2, 4:1:1:1:3, 5:0:0:0:3, 3:1:1:0:3, 3:1:1:0:3, 4:0:0:0:3, 1:1:1:0:1, 5:0:0:0:4, 4:0:0:0:3, 2:0:0:0:1, 4:1:1:0:4, 2:0:0:0:2, 3:0:0:0:2,  , 5:2:1:0:5, 5:0:0:0:4, 5:0:0:0:3, 2:0:0:0:1, 2:0:0:0:1, 0:0:0:0:0, 2:0:0:0:1, 2:0:0:0:2, 4:0:0:0:2, 5:0:0:0:4, 6:0:0:0:3, 2:0:0:0:1, 1:0:0:0:1,  , 4:0:0:0:2, 5:0:0:0:3, 2:0:0:0:2, 4:0:0:0:3, 2:1:1:0:2, 2:0:0:0:2, 3:0:0:0:2, 5:1:1:0:5, 3:0:0:0:2, 1:0:0:0:1, 5:0:0:0:4, 1:0:0:0:1, 4:0:0:0:3, 5:0:0:0:3, 3:0:0:0:2, 3:1:1:0:3, 2:0:0:0:2, 195:18:17:1:152
C# lydian (7#), 3:0:0:0:1, 5:2:1:0:3, 1:0:0:0:0, 4:1:1:0:2, 2:0:0:0:1, 1:0:0:0:1, 2:0:0:0:1, 4:0:0:0:1, 3:0:0:0:1, 5:2:1:0:3, 1:0:0:0:0, 4:1:1:0:2, 2:0:0:0:1, 1:0:0:0:1, 3:1:1:0:2,  , 4:1:0:0:2, 4:0:0:0:1, 2:1:1:0:1, 2:1:1:0:1, 2:0:0:0:1, 4:1:1:0:1, 4:0:0:0:0, 2:0:0:0:1, 3:0:0:0:1, 5:2:1:0:3, 1:0:0:0:0, 4:1:1:0:2, 2:0:0:0:1, 1:0:0:0:1, 3:1:1:0:2, 3:0:0:0:0, 2:0:0:0:0,  , 3:1:1:0:1, 4:0:0:1:2, 3:0:0:0:1, 2:0:0:1:0, 2:0:0:1:0, 1:0:0:0:0, 1:1:1:0:1, 1:0:0:0:0, 2:1:1:0:1, 4:0:0:1:2, 3:0:0:0:1, 2:0:0:0:1, 2:0:0:1:1,  , 3:0:0:0:1, 5:1:1:0:2, 1:0:0:0:0, 3:0:0:0:1, 3:1:1:0:1, 2:0:0:0:0, 3:0:0:0:0, 4:0:0:0:1, 2:1:1:0:1, 2:0:0:0:0, 4:0:0:1:2, 0:0:0:0:0, 3:0:0:1:2, 2:0:0:0:1, 2:1:1:0:1, 2:1:1:0:1, 1:0:0:0:0, 161:23:19:7:63
Cb mixolydian (7b), 4:1:1:0:4, 4:0:0:0:3, 1:1:1:0:1, 5:0:0:0:4, 4:0:0:0:3, 2:0:0:0:1, 4:0:0:0:3, 4:1:1:0:4, 3:1:1:0:3, 4:0:0:0:3, 1:1:1:0:1, 5:0:0:0:4, 4:0:0:0:3, 2:0:0:0:1, 4:1:1:0:4,  , 3:0:0:0:2, 2:0:0:0:2, 1:1:1:0:1, 1:1:1:0:1, 2:0:0:0:2, 4:1:1:1:3, 5:0:0:0:3, 3:1:1:0:3, 3:1:1:0:3, 4:0:0:0:3, 1:1:1:0:1, 5:0:0:0:4, 4:0:0:0:3, 2:0:0:0:1, 4:1:1:0:4, 2:0:0:0:2, 3:0:0:0:2,  , 5:2:1:0:5, 5:0:0:0:4, 5:0:0:0:3, 2:0:0:0:1, 2:0:0:0:1, 0:0:0:0:0, 2:0:0:0:1, 2:0:0:0:2, 4:0:0:0:2, 5:0:0:0:4, 6:0:0:0:3, 2:0:0:0:1, 1:0:0:0:1,  , 4:0:0:0:2, 5:0:0:0:3, 2:0:0:0:2, 4:0:0:0:3, 2:1:1:0:2, 2:0:0:0:2, 3:0:0:0:2, 5:1:1:0:5, 3:0:0:0:2, 1:0:0:0:1, 5:0:0:0:4, 1:0:0:0:1, 4:0:0:0:3, 5:0:0:0:3, 3:0:0:0:2, 3:1:1:0:3, 2:0:0:0:2, 195:18:17:1:152
C# mixolydian (7#), 3:0:0:0:1, 5:2:1:0:3, 1:0:0:0:0, 4:1:1:0:2, 2:0:0:0:1, 1:0:0:0:1, 2:0:0:0:1, 4:0:0:0:1, 3:0:0:0:1, 5:2:1:0:3, 1:0:0:0:0, 4:1:1:0:2, 2:0:0:0:1, 1:0:0:0:1, 3:1:1:0:2,  , 4:1:0:0:2, 4:0:0:0:1, 2:1:1:0:1, 2:1:1:0:1, 2:0:0:0:1, 4:1:1:0:1, 4:0:0:0:0, 2:0:0:0:1, 3:0:0:0:1, 5:2:1:0:3, 1:0:0:0:0, 4:1:1:0:2, 2:0:0:0:1, 1:0:0:0:1, 3:1:1:0:2, 3:0:0:0:0, 2:0:0:0:0,  , 3:1:1:0:1, 4:0:0:1:2, 3:0:0:0:1, 2:0:0:1:0, 2:0:0:1:0, 1:0:0:0:0, 1:1:1:0:1, 1:0:0:0:0, 2:1:1:0:1, 4:0:0:1:2, 3:0:0:0:1, 2:0:0:0:1, 2:0:0:1:1,  , 3:0:0:0:1, 5:1:1:0:2, 1:0:0:0:0, 3:0:0:0:1, 3:1:1:0:1, 2:0:0:0:0, 3:0:0:0:0, 4:0:0:0:1, 2:1:1:0:1, 2:0:0:0:0, 4:0:0:1:2, 0:0:0:0:0, 3:0:0:1:2, 2:0:0:0:1, 2:1:1:0:1, 2:1:1:0:1, 1:0:0:0:0, 161:23:19:7:63
Cb aeolian (7b), 4:1:1:0:4, 4:0:0:0:3, 1:1:1:0:1, 5:0:0:0:4, 4:0:0:0:3, 2:0:0:0:1, 4:0:0:0:3, 4:1:1:0:4, 3:1:1:0:3, 4:0:0:0:3, 1:1:1:0:1, 5:0:0:0:4, 4:0:0:0:3, 2:0:0:0:1, 4:1:1:0:4,  , 3:0:0:0:2, 2:0:0:0:2, 1:1:1:0:1, 1:1:1:0:1, 2:0:0:0:2, 4:1:1:1:3, 5:0:0:0:3, 3:1:1:0:3, 3:1:1:0:3, 4:0:0:0:3, 1:1:1:0:1, 5:0:0:0:4, 4:0:0:0:3, 2:0:0:0:1, 4:1:1:0:4, 2:0:0:0:2, 3:0:0:0:2,  , 5:2:1:0:5, 5:0:0:0:4, 5:0:0:0:3, 2:0:0:0:1, 2:0:0:0:1, 0:0:0:0:0, 2:0:0:0:1, 2:0:0:0:2, 4:0:0:0:2, 5:0:0:0:4, 6:0:0:0:3, 2:0:0:0:1, 1:0:0:0:1,  , 4:0:0:0:2, 5:0:0:0:3, 2:0:0:0:2, 4:0:0:0:3, 2:1:1:0:2, 2:0:0:0:2, 3:0:0:0:2, 5:1:1:0:5, 3:0:0:0:2, 1:0:0:0:1, 5:0:0:0:4, 1:0:0:0:1, 4:0:0:0:3, 5:0:0:0:3, 3:0:0:0:2, 3:1:1:0:3, 2:0:0:0:2, 195:18:17:1:152
C# aeolian (7#), 3:0:0:0:1, 5:2:1:0:3, 1:0:0:0:0, 4:1:1:0:2, 2:0:0:0:1, 1:0:0:0:1, 2:0:0:0:1, 4:0:0:0:1, 3:0:0:0:1, 5:2:1:0:3, 1:0:0:0:0, 4:1:1:0:2, 2:0:0:0:1, 1:0:0:0:1, 3:1:1:0:2,  , 4:1:0:0:2, 4:0:0:0:1, 2:1:1:0:1, 2:1:1:0:1, 2:0:0:0:1, 4:1:1:0:1, 4:0:0:0:0, 2:0:0:0:1, 3:0:0:0:1, 5:2:1:0:3, 1:0:0:0:0, 4:1:1:0:2, 2:0:0:0:1, 1:0:0:0:1, 3:1:1:0:2, 3:0:0:0:0, 2:0:0:0:0,  , 3:1:1:0:1, 4:0:0:1:2, 3:0:0:0:1, 2:0:0:1:0, 2:0:0:1:0, 1:0:0:0:0, 1:1:1:0:1, 1:0:0:0:0, 2:1:1:0:1, 4:0:0:1:2, 3:0:0:0:1, 2:0:0:0:1, 2:0:0:1:1,  , 3:0:0:0:1, 5:1:1:0:2, 1:0:0:0:0, 3:0:0:0:1, 3:1:1:0:1, 2:0:0:0:0, 3:0:0:0:0, 4:0:0:0:1, 2:1:1:0:1, 2:0:0:0:0, 4:0:0:1:2, 0:0:0:0:0, 3:0:0:1:2, 2:0:0:0:1, 2:1:1:0:1, 2:1:1:0:1, 1:0:0:0:0, 161:23:19:7:63
Cb locrian (7b), 4:1:1:0:4, 4:0:0:0:3, 1:1:1:0:1, 5:0:0:0:4, 4:0:0:0:3, 2:0:0:0:1, 4:0:0:0:3, 4:1:1:0:4, 3:1:1:0:3, 4:0:0:0:3, 1:1:1:0:1, 5:0:0:0:4, 4:0:0:0:3, 2:0:0:0:1, 4:1:1:0:4,  , 3:0:0:0:2, 2:0:0:0:2, 1:1:1:0:1, 1:1:1:0:1, 2:0:0:0:2, 4:1:1:1:3, 5:0:0:0:3, 3:1:1:0:3, 3:1:1:0:3, 4:0:0:0:3, 1:1:1:0:1, 5:0:0:0:4, 4:0:0:0:3, 2:0:0:0:1, 4:1:1:0:4, 2:0:0:0:2, 3:0:0:0:2,  , 5:2:1:0:5, 5:0:0:0:4, 5:0:0:0:3, 2:0:0:0:1, 2:0:0:0:1, 0:0:0:0:0, 2:0:0:0:1, 2:0:0:0:2, 4:0:0:0:2, 5:0:0:0:4, 6:0:0:0:3, 2:0:0:0:1, 1:0:0:0:1,  , 4:0:0:0:2, 5:0:0:0:3, 2:0:0:0:2, 4:0:0:0:3, 2:1:1:0:2, 2:0:0:0:2, 3:0:0:0:2, 5:1:1:0:5, 3:0:0:0:2, 1:0:0:0:1, 5:0:0:0:4, 1:0:0:0:1, 4:0:0:0:3, 5:0:0:0:3, 3:0:0:0:2, 3:1:1:0:3, 2:0:0:0:2, 195:18:17:1:152
C# locrian (7#), 3:0:0:0:1, 5:2:1:0:3, 1:0:0:0:0, 4:1:1:0:2, 2:0:0:0:1, 1:0:0:0:1, 2:0:0:0:1, 4:0:0:0:1, 3:0:0:0:1, 5:2:1:0:3, 1:0:0:0:0, 4:1:1:0:2, 2:0:0:0:1, 1:0:0:0:1, 3:1:1:0:2,  , 4:1:0:0:2, 4:0:0:0:1, 2:1:1:0:1, 2:1:1:0:1, 2:0:0:0:1, 4:1:1:0:1, 4:0:0:0:0, 2:0:0:0:1, 3:0:0:0:1, 5:2:1:0:3, 1:0:0:0:0, 4:1:1:0:2, 2:0:0:0:1, 1:0:0:0:1, 3:1:1:0:2, 3:0:0:0:0, 2:0:0:0:0,  , 3:1:1:0:1, 4:0:0:1:2, 3:0:0:0:1, 2:0:0:1:0, 2:0:0:1:0, 1:0:0:0:0, 1:1:1:0:1, 1:0:0:0:0, 2:1:1:0:1, 4:0:0:1:2, 3:0:0:0:1, 2:0:0:0:1, 2:0:0:1:1,  , 3:0:0:0:1, 5:1:1:0:2, 1:0:0:0:0, 3:0:0:0:1, 3:1:1:0:1, 2:0:0:0:0, 3:0:0:0:0, 4:0:0:0:1, 2:1:1:0:1, 2:0:0:0:0, 4:0:0:1:2, 0:0:0:0:0, 3:0:0:1:2, 2:0:0:0:1, 2:1:1:0:1, 2:1:1:0:1, 1:0:0:0:0, 161:23:19:7:63
