 , 0, 1, 2, 3, 4, 5, 6, 7, 8, 9, 10, 11, 12, 13, 14, 15, 16, 17, 18, 19, 20, 21, 22, 23, 24, 25, 26, 27, 28, 29, 30, 31, 32, 33, 34, 35, 36, 37, 38, 39, 40, 41, 42, 43, 44, 45, 46, 47, 48, 49, 50, 51, 52, 53, 54, 55, 56, 57, 58, 59, 60, 61, 62, 63, 64, 65, 66, 67, 68, 69, 70, 71, 72, 73, 74, 75, 76, 77, 78, 79, 80, 81, 82, 83, 84, 85, 86, 87, 88, 89, 90, 91, 92, 93, 94, 95, 96, 97, 98, 99, 100, 101, 102, 103, 104, 105, 106, 107, 108, 109, 110, 111, 112, 113, 114, 115, 116, 117, 118, 119, 120, 121, 122, 123, 124, 125, 126, 127, 128, 129, 130, 131, 132, 133, 134, 135, 136, 137, 138, 139, 140, 141, 142, 143, 144, 145, 146, 147, 148, 149, 150, 151, 152, 153, 154, 155, 156, 157, 158, 159, 160, 161, 162, 163, 164, 165, 166, 167, 168, 169, 170, 171, 172, 173, 174, 175, 176, 177, 178, 179, 180, 181, 182, 183, 184, 185, 186, 187, 188, 189, 190, 191, 192, 193, 194, 195, 196, 197, 198, 199, 200, 201, 202, 203, 204, 205, 206, 207, 208, 209, 210, 211, 212, 213, 214, 215, 216, 217, 218, 219, 220, 221, 222, 223, 224, 225, 226, 227, 228, 229, 230, 231, 232, 233, 234, 235, 236, 237, 238, 239, 240, 241, 242, 243, 244, 245, 246, 247, 248, 249, 250, 251, 252, 253, 254, 255, 256, 257, 258, 259, 260, 261, 262, 263, 264, 265, 266, 267, 268, 269, 270, 271, 272, 273, 274, 275, 276, 277, 278, 279, 280, 281, 282, 283, 284, 285, 286, 287, 288, 289, 290, 291, 292, 293, 294, 295, 296, 297, 298, 299, 300, 301, 302, 303, rowcost
C major (0), 1:0:0:0:2, 2:0:0:0:0, 2:0:0:0:0, 1:0:0:0:0, 1:0:0:0:0, 1:0:0:0:1, 2:0:0:0:1, 2:0:1:0:1, 2:0:0:0:0, 3:0:0:0:1, 3:0:0:0:1, 3:0:0:0:0, 2:0:0:0:0, 3:0:0:0:0, 2:0:0:0:0, 2:0:0:0:0, 2:0:0:0:0, 1:0:0:0:5, 1:0:0:0:0, 2:0:0:0:0, 2:0:0:0:0, 2:0:0:0:1, 1:0:0:0:0, 2:0:0:0:0, 1:0:0:0:0, 1:0:0:0:0, 2:0:0:0:0, 1:0:0:0:0, 3:0:0:0:0, 3:0:0:0:0, 0:0:0:0:0, 1:0:0:0:0, 2:0:0:0:0, 0:0:0:0:0, 0:0:0:0:0, 3:0:0:0:1, 2:0:0:0:0, 0:0:0:0:0, 1:0:0:0:0, 2:0:0:0:0, 2:0:0:0:0, 4:0:1:0:1, 3:0:0:0:0, 2:0:0:0:0, 1:0:0:0:0, 1:0:0:0:0, 1:0:0:0:0, 2:0:0:0:0, 1:0:0:0:0, 1:0:0:0:0, 1:0:0:0:0, 2:0:0:0:0, 1:0:0:0:0, 1:0:0:0:1, 2:0:0:0:0, 1:0:0:0:0, 2:0:0:0:0, 3:0:0:0:0, 2:0:0:0:0, 3:0:0:0:0, 4:0:0:0:0, 2:0:0:0:0, 2:0:0:0:0, 4:0:0:0:1, 2:0:0:0:0, 4:0:0:0:3, 1:0:0:0:0, 2:0:0:0:0, 1:0:0:0:0, 2:0:0:0:1, 0:0:0:0:0, 2:0:0:0:1, 2:0:0:0:0, 2:0:0:0:0, 3:0:0:0:0, 1:0:0:0:0, 1:0:0:0:0, 2:0:0:0:0, 0:0:0:0:0, 1:0:0:0:0, 1:0:0:0:2, 2:0:0:0:0, 1:0:0:0:0, 1:0:0:0:0, 1:0:0:0:0, 0:0:0:0:0, 1:0:0:0:0, 1:0:0:0:0, 2:0:0:0:0, 3:0:0:0:1, 2:0:0:0:0, 2:0:0:0:0, 1:0:0:0:0, 1:0:0:0:0, 2:0:0:0:0, 2:0:0:0:0, 1:0:0:0:0, 1:0:0:0:0, 2:0:0:0:0, 1:0:0:0:1, 2:0:0:0:0, 0:0:0:0:0, 1:0:0:0:0, 2:0:0:0:1, 2:0:0:0:0, 3:0:0:0:0, 3:0:0:0:0, 3:0:0:0:0, 3:0:0:0:0, 2:0:0:0:0, 2:0:0:0:0, 3:0:0:0:1, 2:0:0:0:0, 4:0:0:0:3, 2:0:0:0:1, 2:0:0:0:0, 2:0:0:0:1, 2:0:0:0:0, 1:0:0:0:1, 1:0:0:0:0, 2:0:0:0:0, 2:0:0:0:0, 1:0:0:0:0, 1:0:0:0:0, 1:0:0:0:0, 2:0:0:0:0, 0:0:0:0:0, 1:0:0:0:0, 1:0:0:0:0, 1:0:0:0:0, 1:0:0:0:0, 1:0:0:0:0, 1:0:0:0:0, 1:0:0:0:1, 2:0:0:0:0, 1:0:0:0:0, 2:0:0:0:0, 4:0:0:0:0, 3:0:0:0:0, 3:0:0:0:0, 1:0:0:0:0, 2:0:2:0:2, 1:0:0:0:0, 2:0:0:0:0, 1:0:0:0:1, 3:0:0:0:0, 1:0:0:0:0, 1:0:0:0:0, 1:0:0:0:0, 1:0:0:0:1, 2:0:0:0:0, 1:0:0:0:0, 1:0:0:0:0, 3:0:0:0:0, 2:0:0:0:1, 2:0:0:0:0, 3:0:0:0:0, 3:0:0:0:0, 2:0:0:0:0, 4:0:0:0:1, 2:0:0:0:0, 4:0:0:0:3, 2:0:0:0:0, 0:0:0:0:0, 1:0:0:0:0, 1:0:0:0:0, 0:0:0:0:0, 1:0:0:0:1, 1:0:0:0:1, 0:0:0:0:0, 1:0:0:0:0, 1:0:0:0:0, 2:0:0:0:0, 2:0:0:0:0, 0:0:0:0:0, 1:0:0:0:0, 2:0:0:0:0, 1:0:0:0:1, 1:0:0:0:0, 0:0:0:0:0, 1:0:0:0:0, 0:0:0:0:0, 1:0:0:0:0, 2:0:0:0:0, 2:0:0:0:0, 3:0:0:0:1, 2:0:0:0:0, 2:0:0:0:0, 1:0:0:0:1, 2:0:1:0:1, 1:0:0:0:0, 3:0:0:0:0, 2:0:0:0:1, 3:0:0:0:0, 1:0:0:0:0, 1:0:0:0:0, 1:0:0:0:0, 1:0:0:0:1, 2:0:0:0:0, 1:0:0:0:0, 1:0:0:0:0, 3:0:0:0:0, 2:0:0:0:1, 2:0:0:0:0, 3:0:0:0:0, 2:0:0:0:0, 2:0:0:0:0, 4:0:0:0:1, 2:0:0:0:0, 4:0:0:0:3, 2:0:0:0:0, 2:0:0:0:0, 1:0:0:0:0, 1:0:0:0:0, 0:0:0:0:0, 1:0:0:0:1, 1:0:0:0:1, 0:0:0:0:0, 1:0:0:0:0, 1:0:0:0:0, 3:0:0:0:0, 2:0:0:0:0, 1:0:0:0:0, 1:0:0:0:0, 2:0:0:0:0, 1:0:0:0:1, 1:0:0:0:0, 0:0:0:0:0, 1:0:0:0:0, 1:0:0:0:1, 1:0:0:0:0, 2:0:0:0:0, 2:0:0:0:0, 3:0:0:0:1, 1:0:0:0:0, 2:0:0:0:0, 1:0:0:0:1, 2:0:1:0:1, 1:0:0:0:0, 2:0:0:0:1, 1:0:0:0:0, 1:0:0:0:0, 1:0:0:0:0, 1:0:0:0:0, 2:0:0:0:0, 0:0:0:0:0, 1:0:0:0:0, 1:0:0:0:0, 3:0:0:0:0, 3:0:0:0:0, 3:0:0:0:0, 2:0:0:0:0, 2:0:0:0:0, 3:0:0:0:0, 2:0:0:0:1, 5:0:0:0:0, 2:0:0:0:0, 5:0:0:0:3, 2:0:0:0:0, 2:0:0:0:0, 2:0:0:0:1, 1:0:0:0:0, 0:0:0:0:0, 0:0:0:0:0, 1:0:0:0:0, 0:0:0:0:0, 2:0:0:0:0, 1:0:0:0:1, 2:0:0:0:1, 2:0:0:0:0, 2:0:0:0:1, 0:0:0:0:0, 1:0:0:0:0, 1:0:0:0:0, 2:0:0:0:0, 1:0:0:0:1, 2:0:0:0:0, 1:0:0:0:1, 2:0:0:0:1, 1:0:0:0:0, 3:0:0:0:1, 3:0:0:0:0, 2:0:0:0:1, 1:0:0:0:0, 1:0:0:0:1, 1:0:0:0:0, 2:0:0:0:0, 0:0:0:0:0, 1:0:0:0:1, 1:0:0:0:0, 2:0:0:0:0, 1:0:0:0:0, 0:0:0:0:0, 1:0:0:0:0, 2:0:0:0:0, 2:0:0:0:0, 1:0:0:0:0, 2:0:0:0:0, 1:0:0:0:0, 1:0:0:0:0, 1:0:0:0:0, 1:0:0:0:0, 1:0:0:0:0, 1:0:0:0:0, 497:0:6:0:80
A minor (0), 1:0:0:0:2, 2:0:0:0:0, 2:0:0:0:0, 1:0:0:0:0, 1:0:0:0:0, 1:0:0:0:1, 2:0:0:0:1, 2:0:1:0:1, 2:0:0:0:0, 3:0:0:0:1, 3:0:0:0:1, 3:0:0:0:0, 2:0:0:0:0, 3:0:0:0:0, 2:0:0:0:0, 2:0:0:0:0, 2:0:0:0:0, 1:0:0:0:5, 1:0:0:0:0, 2:0:0:0:0, 2:0:0:0:0, 2:0:0:0:1, 1:0:0:0:0, 2:0:0:0:0, 1:0:0:0:0, 1:0:0:0:0, 2:0:0:0:0, 1:0:0:0:0, 3:0:0:0:0, 3:0:0:0:0, 0:0:0:0:0, 1:0:0:0:0, 2:0:0:0:0, 0:0:0:0:0, 0:0:0:0:0, 3:0:0:0:1, 2:0:0:0:0, 0:0:0:0:0, 1:0:0:0:0, 2:0:0:0:0, 2:0:0:0:0, 4:0:1:0:1, 3:0:0:0:0, 2:0:0:0:0, 1:0:0:0:0, 1:0:0:0:0, 1:0:0:0:0, 2:0:0:0:0, 1:0:0:0:0, 1:0:0:0:0, 1:0:0:0:0, 2:0:0:0:0, 1:0:0:0:0, 1:0:0:0:1, 2:0:0:0:0, 1:0:0:0:0, 2:0:0:0:0, 3:0:0:0:0, 2:0:0:0:0, 3:0:0:0:0, 4:0:0:0:0, 2:0:0:0:0, 2:0:0:0:0, 4:0:0:0:1, 2:0:0:0:0, 4:0:0:0:3, 1:0:0:0:0, 2:0:0:0:0, 1:0:0:0:0, 2:0:0:0:1, 0:0:0:0:0, 2:0:0:0:1, 2:0:0:0:0, 2:0:0:0:0, 3:0:0:0:0, 1:0:0:0:0, 1:0:0:0:0, 2:0:0:0:0, 0:0:0:0:0, 1:0:0:0:0, 1:0:0:0:2, 2:0:0:0:0, 1:0:0:0:0, 1:0:0:0:0, 1:0:0:0:0, 0:0:0:0:0, 1:0:0:0:0, 1:0:0:0:0, 2:0:0:0:0, 3:0:0:0:1, 2:0:0:0:0, 2:0:0:0:0, 1:0:0:0:0, 1:0:0:0:0, 2:0:0:0:0, 2:0:0:0:0, 1:0:0:0:0, 1:0:0:0:0, 2:0:0:0:0, 1:0:0:0:1, 2:0:0:0:0, 0:0:0:0:0, 1:0:0:0:0, 2:0:0:0:1, 2:0:0:0:0, 3:0:0:0:0, 3:0:0:0:0, 3:0:0:0:0, 3:0:0:0:0, 2:0:0:0:0, 2:0:0:0:0, 3:0:0:0:1, 2:0:0:0:0, 4:0:0:0:3, 2:0:0:0:1, 2:0:0:0:0, 2:0:0:0:1, 2:0:0:0:0, 1:0:0:0:1, 1:0:0:0:0, 2:0:0:0:0, 2:0:0:0:0, 1:0:0:0:0, 1:0:0:0:0, 1:0:0:0:0, 2:0:0:0:0, 0:0:0:0:0, 1:0:0:0:0, 1:0:0:0:0, 1:0:0:0:0, 1:0:0:0:0, 1:0:0:0:0, 1:0:0:0:0, 1:0:0:0:1, 2:0:0:0:0, 1:0:0:0:0, 2:0:0:0:0, 4:0:0:0:0, 3:0:0:0:0, 3:0:0:0:0, 1:0:0:0:0, 2:0:2:0:2, 1:0:0:0:0, 2:0:0:0:0, 1:0:0:0:1, 3:0:0:0:0, 1:0:0:0:0, 1:0:0:0:0, 1:0:0:0:0, 1:0:0:0:1, 2:0:0:0:0, 1:0:0:0:0, 1:0:0:0:0, 3:0:0:0:0, 2:0:0:0:1, 2:0:0:0:0, 3:0:0:0:0, 3:0:0:0:0, 2:0:0:0:0, 4:0:0:0:1, 2:0:0:0:0, 4:0:0:0:3, 2:0:0:0:0, 0:0:0:0:0, 1:0:0:0:0, 1:0:0:0:0, 0:0:0:0:0, 1:0:0:0:1, 1:0:0:0:1, 0:0:0:0:0, 1:0:0:0:0, 1:0:0:0:0, 2:0:0:0:0, 2:0:0:0:0, 0:0:0:0:0, 1:0:0:0:0, 2:0:0:0:0, 1:0:0:0:1, 1:0:0:0:0, 0:0:0:0:0, 1:0:0:0:0, 0:0:0:0:0, 1:0:0:0:0, 2:0:0:0:0, 2:0:0:0:0, 3:0:0:0:1, 2:0:0:0:0, 2:0:0:0:0, 1:0:0:0:1, 2:0:1:0:1, 1:0:0:0:0, 3:0:0:0:0, 2:0:0:0:1, 3:0:0:0:0, 1:0:0:0:0, 1:0:0:0:0, 1:0:0:0:0, 1:0:0:0:1, 2:0:0:0:0, 1:0:0:0:0, 1:0:0:0:0, 3:0:0:0:0, 2:0:0:0:1, 2:0:0:0:0, 3:0:0:0:0, 2:0:0:0:0, 2:0:0:0:0, 4:0:0:0:1, 2:0:0:0:0, 4:0:0:0:3, 2:0:0:0:0, 2:0:0:0:0, 1:0:0:0:0, 1:0:0:0:0, 0:0:0:0:0, 1:0:0:0:1, 1:0:0:0:1, 0:0:0:0:0, 1:0:0:0:0, 1:0:0:0:0, 3:0:0:0:0, 2:0:0:0:0, 1:0:0:0:0, 1:0:0:0:0, 2:0:0:0:0, 1:0:0:0:1, 1:0:0:0:0, 0:0:0:0:0, 1:0:0:0:0, 1:0:0:0:1, 1:0:0:0:0, 2:0:0:0:0, 2:0:0:0:0, 3:0:0:0:1, 1:0:0:0:0, 2:0:0:0:0, 1:0:0:0:1, 2:0:1:0:1, 1:0:0:0:0, 2:0:0:0:1, 1:0:0:0:0, 1:0:0:0:0, 1:0:0:0:0, 1:0:0:0:0, 2:0:0:0:0, 0:0:0:0:0, 1:0:0:0:0, 1:0:0:0:0, 3:0:0:0:0, 3:0:0:0:0, 3:0:0:0:0, 2:0:0:0:0, 2:0:0:0:0, 3:0:0:0:0, 2:0:0:0:1, 5:0:0:0:0, 2:0:0:0:0, 5:0:0:0:3, 2:0:0:0:0, 2:0:0:0:0, 2:0:0:0:1, 1:0:0:0:0, 0:0:0:0:0, 0:0:0:0:0, 1:0:0:0:0, 0:0:0:0:0, 2:0:0:0:0, 1:0:0:0:1, 2:0:0:0:1, 2:0:0:0:0, 2:0:0:0:1, 0:0:0:0:0, 1:0:0:0:0, 1:0:0:0:0, 2:0:0:0:0, 1:0:0:0:1, 2:0:0:0:0, 1:0:0:0:1, 2:0:0:0:1, 1:0:0:0:0, 3:0:0:0:1, 3:0:0:0:0, 2:0:0:0:1, 1:0:0:0:0, 1:0:0:0:1, 1:0:0:0:0, 2:0:0:0:0, 0:0:0:0:0, 1:0:0:0:1, 1:0:0:0:0, 2:0:0:0:0, 1:0:0:0:0, 0:0:0:0:0, 1:0:0:0:0, 2:0:0:0:0, 2:0:0:0:0, 1:0:0:0:0, 2:0:0:0:0, 1:0:0:0:0, 1:0:0:0:0, 1:0:0:0:0, 1:0:0:0:0, 1:0:0:0:0, 1:0:0:0:0, 497:0:6:0:80
A minor mel (0), 1:0:0:0:2, 2:0:0:0:0, 2:0:0:0:0, 1:0:0:0:0, 1:0:0:0:0, 1:0:0:0:1, 2:0:0:0:1, 2:0:1:0:1, 2:0:0:0:0, 3:0:0:0:1, 3:0:0:0:1, 3:0:0:0:0, 2:0:0:0:0, 3:0:0:0:0, 2:0:0:0:0, 2:0:0:0:0, 2:0:0:0:0, 1:0:0:0:5, 1:0:0:0:0, 2:0:0:0:0, 2:0:0:0:0, 2:0:0:0:1, 1:0:0:0:0, 2:0:0:0:0, 1:0:0:0:0, 1:0:0:0:0, 2:0:0:0:0, 1:0:0:0:0, 3:0:0:0:0, 3:0:0:0:0, 0:0:0:0:0, 1:0:0:0:0, 2:0:0:0:0, 0:0:0:0:0, 0:0:0:0:0, 3:0:0:0:1, 2:0:0:0:0, 0:0:0:0:0, 1:0:0:0:0, 2:0:0:0:0, 2:0:0:0:0, 4:0:1:0:1, 3:0:0:0:0, 2:0:0:0:0, 1:0:0:0:0, 1:0:0:0:0, 1:0:0:0:0, 2:0:0:0:0, 1:0:0:0:0, 1:0:0:0:0, 1:0:0:0:0, 2:0:0:0:0, 1:0:0:0:0, 1:0:0:0:1, 2:0:0:0:0, 1:0:0:0:0, 2:0:0:0:0, 3:0:0:0:0, 2:0:0:0:0, 3:0:0:0:0, 4:0:0:0:0, 2:0:0:0:0, 2:0:0:0:0, 4:0:0:0:1, 2:0:0:0:0, 4:0:0:0:3, 1:0:0:0:0, 2:0:0:0:0, 1:0:0:0:0, 2:0:0:0:1, 0:0:0:0:0, 2:0:0:0:1, 2:0:0:0:0, 2:0:0:0:0, 3:0:0:0:0, 1:0:0:0:0, 1:0:0:0:0, 2:0:0:0:0, 0:0:0:0:0, 1:0:0:0:0, 1:0:0:0:2, 2:0:0:0:0, 1:0:0:0:0, 1:0:0:0:0, 1:0:0:0:0, 0:0:0:0:0, 1:0:0:0:0, 1:0:0:0:0, 2:0:0:0:0, 3:0:0:0:1, 2:0:0:0:0, 2:0:0:0:0, 1:0:0:0:0, 1:0:0:0:0, 2:0:0:0:0, 2:0:0:0:0, 1:0:0:0:0, 1:0:0:0:0, 2:0:0:0:0, 1:0:0:0:1, 2:0:0:0:0, 0:0:0:0:0, 1:0:0:0:0, 2:0:0:0:1, 2:0:0:0:0, 3:0:0:0:0, 3:0:0:0:0, 3:0:0:0:0, 3:0:0:0:0, 2:0:0:0:0, 2:0:0:0:0, 3:0:0:0:1, 2:0:0:0:0, 4:0:0:0:3, 2:0:0:0:1, 2:0:0:0:0, 2:0:0:0:1, 2:0:0:0:0, 1:0:0:0:1, 1:0:0:0:0, 2:0:0:0:0, 2:0:0:0:0, 1:0:0:0:0, 1:0:0:0:0, 1:0:0:0:0, 2:0:0:0:0, 0:0:0:0:0, 1:0:0:0:0, 1:0:0:0:0, 1:0:0:0:0, 1:0:0:0:0, 1:0:0:0:0, 1:0:0:0:0, 1:0:0:0:1, 2:0:0:0:0, 1:0:0:0:0, 2:0:0:0:0, 4:0:0:0:0, 3:0:0:0:0, 3:0:0:0:0, 1:0:0:0:0, 2:0:2:0:2, 1:0:0:0:0, 2:0:0:0:0, 1:0:0:0:1, 3:0:0:0:0, 1:0:0:0:0, 1:0:0:0:0, 1:0:0:0:0, 1:0:0:0:1, 2:0:0:0:0, 1:0:0:0:0, 1:0:0:0:0, 3:0:0:0:0, 2:0:0:0:1, 2:0:0:0:0, 3:0:0:0:0, 3:0:0:0:0, 2:0:0:0:0, 4:0:0:0:1, 2:0:0:0:0, 4:0:0:0:3, 2:0:0:0:0, 0:0:0:0:0, 1:0:0:0:0, 1:0:0:0:0, 0:0:0:0:0, 1:0:0:0:1, 1:0:0:0:1, 0:0:0:0:0, 1:0:0:0:0, 1:0:0:0:0, 2:0:0:0:0, 2:0:0:0:0, 0:0:0:0:0, 1:0:0:0:0, 2:0:0:0:0, 1:0:0:0:1, 1:0:0:0:0, 0:0:0:0:0, 1:0:0:0:0, 0:0:0:0:0, 1:0:0:0:0, 2:0:0:0:0, 2:0:0:0:0, 3:0:0:0:1, 2:0:0:0:0, 2:0:0:0:0, 1:0:0:0:1, 2:0:1:0:1, 1:0:0:0:0, 3:0:0:0:0, 2:0:0:0:1, 3:0:0:0:0, 1:0:0:0:0, 1:0:0:0:0, 1:0:0:0:0, 1:0:0:0:1, 2:0:0:0:0, 1:0:0:0:0, 1:0:0:0:0, 3:0:0:0:0, 2:0:0:0:1, 2:0:0:0:0, 3:0:0:0:0, 2:0:0:0:0, 2:0:0:0:0, 4:0:0:0:1, 2:0:0:0:0, 4:0:0:0:3, 2:0:0:0:0, 2:0:0:0:0, 1:0:0:0:0, 1:0:0:0:0, 0:0:0:0:0, 1:0:0:0:1, 1:0:0:0:1, 0:0:0:0:0, 1:0:0:0:0, 1:0:0:0:0, 3:0:0:0:0, 2:0:0:0:0, 1:0:0:0:0, 1:0:0:0:0, 2:0:0:0:0, 1:0:0:0:1, 1:0:0:0:0, 0:0:0:0:0, 1:0:0:0:0, 1:0:0:0:1, 1:0:0:0:0, 2:0:0:0:0, 2:0:0:0:0, 3:0:0:0:1, 1:0:0:0:0, 2:0:0:0:0, 1:0:0:0:1, 2:0:1:0:1, 1:0:0:0:0, 2:0:0:0:1, 1:0:0:0:0, 1:0:0:0:0, 1:0:0:0:0, 1:0:0:0:0, 2:0:0:0:0, 0:0:0:0:0, 1:0:0:0:0, 1:0:0:0:0, 3:0:0:0:0, 3:0:0:0:0, 3:0:0:0:0, 2:0:0:0:0, 2:0:0:0:0, 3:0:0:0:0, 2:0:0:0:1, 5:0:0:0:0, 2:0:0:0:0, 5:0:0:0:3, 2:0:0:0:0, 2:0:0:0:0, 2:0:0:0:1, 1:0:0:0:0, 0:0:0:0:0, 0:0:0:0:0, 1:0:0:0:0, 0:0:0:0:0, 2:0:0:0:0, 1:0:0:0:1, 2:0:0:0:1, 2:0:0:0:0, 2:0:0:0:1, 0:0:0:0:0, 1:0:0:0:0, 1:0:0:0:0, 2:0:0:0:0, 1:0:0:0:1, 2:0:0:0:0, 1:0:0:0:1, 2:0:0:0:1, 1:0:0:0:0, 3:0:0:0:1, 3:0:0:0:0, 2:0:0:0:1, 1:0:0:0:0, 1:0:0:0:1, 1:0:0:0:0, 2:0:0:0:0, 0:0:0:0:0, 1:0:0:0:1, 1:0:0:0:0, 2:0:0:0:0, 1:0:0:0:0, 0:0:0:0:0, 1:0:0:0:0, 2:0:0:0:0, 2:0:0:0:0, 1:0:0:0:0, 2:0:0:0:0, 1:0:0:0:0, 1:0:0:0:0, 1:0:0:0:0, 1:0:0:0:0, 1:0:0:0:0, 1:0:0:0:0, 497:0:6:0:80
C major blues (0), 1:0:0:0:2, 2:0:0:0:0, 2:0:0:0:0, 1:0:0:0:0, 1:0:0:0:0, 1:0:0:0:1, 2:0:0:0:1, 2:0:1:0:1, 2:0:0:0:0, 3:0:0:0:1, 3:0:0:0:1, 3:0:0:0:0, 2:0:0:0:0, 3:0:0:0:0, 2:0:0:0:0, 2:0:0:0:0, 2:0:0:0:0, 1:0:0:0:5, 1:0:0:0:0, 2:0:0:0:0, 2:0:0:0:0, 2:0:0:0:1, 1:0:0:0:0, 2:0:0:0:0, 1:0:0:0:0, 1:0:0:0:0, 2:0:0:0:0, 1:0:0:0:0, 3:0:0:0:0, 3:0:0:0:0, 0:0:0:0:0, 1:0:0:0:0, 2:0:0:0:0, 0:0:0:0:0, 0:0:0:0:0, 3:0:0:0:1, 2:0:0:0:0, 0:0:0:0:0, 1:0:0:0:0, 2:0:0:0:0, 2:0:0:0:0, 4:0:1:0:1, 3:0:0:0:0, 2:0:0:0:0, 1:0:0:0:0, 1:0:0:0:0, 1:0:0:0:0, 2:0:0:0:0, 1:0:0:0:0, 1:0:0:0:0, 1:0:0:0:0, 2:0:0:0:0, 1:0:0:0:0, 1:0:0:0:1, 2:0:0:0:0, 1:0:0:0:0, 2:0:0:0:0, 3:0:0:0:0, 2:0:0:0:0, 3:0:0:0:0, 4:0:0:0:0, 2:0:0:0:0, 2:0:0:0:0, 4:0:0:0:1, 2:0:0:0:0, 4:0:0:0:3, 1:0:0:0:0, 2:0:0:0:0, 1:0:0:0:0, 2:0:0:0:1, 0:0:0:0:0, 2:0:0:0:1, 2:0:0:0:0, 2:0:0:0:0, 3:0:0:0:0, 1:0:0:0:0, 1:0:0:0:0, 2:0:0:0:0, 0:0:0:0:0, 1:0:0:0:0, 1:0:0:0:2, 2:0:0:0:0, 1:0:0:0:0, 1:0:0:0:0, 1:0:0:0:0, 0:0:0:0:0, 1:0:0:0:0, 1:0:0:0:0, 2:0:0:0:0, 3:0:0:0:1, 2:0:0:0:0, 2:0:0:0:0, 1:0:0:0:0, 1:0:0:0:0, 2:0:0:0:0, 2:0:0:0:0, 1:0:0:0:0, 1:0:0:0:0, 2:0:0:0:0, 1:0:0:0:1, 2:0:0:0:0, 0:0:0:0:0, 1:0:0:0:0, 2:0:0:0:1, 2:0:0:0:0, 3:0:0:0:0, 3:0:0:0:0, 3:0:0:0:0, 3:0:0:0:0, 2:0:0:0:0, 2:0:0:0:0, 3:0:0:0:1, 2:0:0:0:0, 4:0:0:0:3, 2:0:0:0:1, 2:0:0:0:0, 2:0:0:0:1, 2:0:0:0:0, 1:0:0:0:1, 1:0:0:0:0, 2:0:0:0:0, 2:0:0:0:0, 1:0:0:0:0, 1:0:0:0:0, 1:0:0:0:0, 2:0:0:0:0, 0:0:0:0:0, 1:0:0:0:0, 1:0:0:0:0, 1:0:0:0:0, 1:0:0:0:0, 1:0:0:0:0, 1:0:0:0:0, 1:0:0:0:1, 2:0:0:0:0, 1:0:0:0:0, 2:0:0:0:0, 4:0:0:0:0, 3:0:0:0:0, 3:0:0:0:0, 1:0:0:0:0, 2:0:2:0:2, 1:0:0:0:0, 2:0:0:0:0, 1:0:0:0:1, 3:0:0:0:0, 1:0:0:0:0, 1:0:0:0:0, 1:0:0:0:0, 1:0:0:0:1, 2:0:0:0:0, 1:0:0:0:0, 1:0:0:0:0, 3:0:0:0:0, 2:0:0:0:1, 2:0:0:0:0, 3:0:0:0:0, 3:0:0:0:0, 2:0:0:0:0, 4:0:0:0:1, 2:0:0:0:0, 4:0:0:0:3, 2:0:0:0:0, 0:0:0:0:0, 1:0:0:0:0, 1:0:0:0:0, 0:0:0:0:0, 1:0:0:0:1, 1:0:0:0:1, 0:0:0:0:0, 1:0:0:0:0, 1:0:0:0:0, 2:0:0:0:0, 2:0:0:0:0, 0:0:0:0:0, 1:0:0:0:0, 2:0:0:0:0, 1:0:0:0:1, 1:0:0:0:0, 0:0:0:0:0, 1:0:0:0:0, 0:0:0:0:0, 1:0:0:0:0, 2:0:0:0:0, 2:0:0:0:0, 3:0:0:0:1, 2:0:0:0:0, 2:0:0:0:0, 1:0:0:0:1, 2:0:1:0:1, 1:0:0:0:0, 3:0:0:0:0, 2:0:0:0:1, 3:0:0:0:0, 1:0:0:0:0, 1:0:0:0:0, 1:0:0:0:0, 1:0:0:0:1, 2:0:0:0:0, 1:0:0:0:0, 1:0:0:0:0, 3:0:0:0:0, 2:0:0:0:1, 2:0:0:0:0, 3:0:0:0:0, 2:0:0:0:0, 2:0:0:0:0, 4:0:0:0:1, 2:0:0:0:0, 4:0:0:0:3, 2:0:0:0:0, 2:0:0:0:0, 1:0:0:0:0, 1:0:0:0:0, 0:0:0:0:0, 1:0:0:0:1, 1:0:0:0:1, 0:0:0:0:0, 1:0:0:0:0, 1:0:0:0:0, 3:0:0:0:0, 2:0:0:0:0, 1:0:0:0:0, 1:0:0:0:0, 2:0:0:0:0, 1:0:0:0:1, 1:0:0:0:0, 0:0:0:0:0, 1:0:0:0:0, 1:0:0:0:1, 1:0:0:0:0, 2:0:0:0:0, 2:0:0:0:0, 3:0:0:0:1, 1:0:0:0:0, 2:0:0:0:0, 1:0:0:0:1, 2:0:1:0:1, 1:0:0:0:0, 2:0:0:0:1, 1:0:0:0:0, 1:0:0:0:0, 1:0:0:0:0, 1:0:0:0:0, 2:0:0:0:0, 0:0:0:0:0, 1:0:0:0:0, 1:0:0:0:0, 3:0:0:0:0, 3:0:0:0:0, 3:0:0:0:0, 2:0:0:0:0, 2:0:0:0:0, 3:0:0:0:0, 2:0:0:0:1, 5:0:0:0:0, 2:0:0:0:0, 5:0:0:0:3, 2:0:0:0:0, 2:0:0:0:0, 2:0:0:0:1, 1:0:0:0:0, 0:0:0:0:0, 0:0:0:0:0, 1:0:0:0:0, 0:0:0:0:0, 2:0:0:0:0, 1:0:0:0:1, 2:0:0:0:1, 2:0:0:0:0, 2:0:0:0:1, 0:0:0:0:0, 1:0:0:0:0, 1:0:0:0:0, 2:0:0:0:0, 1:0:0:0:1, 2:0:0:0:0, 1:0:0:0:1, 2:0:0:0:1, 1:0:0:0:0, 3:0:0:0:1, 3:0:0:0:0, 2:0:0:0:1, 1:0:0:0:0, 1:0:0:0:1, 1:0:0:0:0, 2:0:0:0:0, 0:0:0:0:0, 1:0:0:0:1, 1:0:0:0:0, 2:0:0:0:0, 1:0:0:0:0, 0:0:0:0:0, 1:0:0:0:0, 2:0:0:0:0, 2:0:0:0:0, 1:0:0:0:0, 2:0:0:0:0, 1:0:0:0:0, 1:0:0:0:0, 1:0:0:0:0, 1:0:0:0:0, 1:0:0:0:0, 1:0:0:0:0, 497:0:6:0:80
A minor blues (0), 1:0:0:0:2, 2:0:0:0:0, 2:0:0:0:0, 1:0:0:0:0, 1:0:0:0:0, 1:0:0:0:1, 2:0:0:0:1, 2:0:1:0:1, 2:0:0:0:0, 3:0:0:0:1, 3:0:0:0:1, 3:0:0:0:0, 2:0:0:0:0, 3:0:0:0:0, 2:0:0:0:0, 2:0:0:0:0, 2:0:0:0:0, 1:0:0:0:5, 1:0:0:0:0, 2:0:0:0:0, 2:0:0:0:0, 2:0:0:0:1, 1:0:0:0:0, 2:0:0:0:0, 1:0:0:0:0, 1:0:0:0:0, 2:0:0:0:0, 1:0:0:0:0, 3:0:0:0:0, 3:0:0:0:0, 0:0:0:0:0, 1:0:0:0:0, 2:0:0:0:0, 0:0:0:0:0, 0:0:0:0:0, 3:0:0:0:1, 2:0:0:0:0, 0:0:0:0:0, 1:0:0:0:0, 2:0:0:0:0, 2:0:0:0:0, 4:0:1:0:1, 3:0:0:0:0, 2:0:0:0:0, 1:0:0:0:0, 1:0:0:0:0, 1:0:0:0:0, 2:0:0:0:0, 1:0:0:0:0, 1:0:0:0:0, 1:0:0:0:0, 2:0:0:0:0, 1:0:0:0:0, 1:0:0:0:1, 2:0:0:0:0, 1:0:0:0:0, 2:0:0:0:0, 3:0:0:0:0, 2:0:0:0:0, 3:0:0:0:0, 4:0:0:0:0, 2:0:0:0:0, 2:0:0:0:0, 4:0:0:0:1, 2:0:0:0:0, 4:0:0:0:3, 1:0:0:0:0, 2:0:0:0:0, 1:0:0:0:0, 2:0:0:0:1, 0:0:0:0:0, 2:0:0:0:1, 2:0:0:0:0, 2:0:0:0:0, 3:0:0:0:0, 1:0:0:0:0, 1:0:0:0:0, 2:0:0:0:0, 0:0:0:0:0, 1:0:0:0:0, 1:0:0:0:2, 2:0:0:0:0, 1:0:0:0:0, 1:0:0:0:0, 1:0:0:0:0, 0:0:0:0:0, 1:0:0:0:0, 1:0:0:0:0, 2:0:0:0:0, 3:0:0:0:1, 2:0:0:0:0, 2:0:0:0:0, 1:0:0:0:0, 1:0:0:0:0, 2:0:0:0:0, 2:0:0:0:0, 1:0:0:0:0, 1:0:0:0:0, 2:0:0:0:0, 1:0:0:0:1, 2:0:0:0:0, 0:0:0:0:0, 1:0:0:0:0, 2:0:0:0:1, 2:0:0:0:0, 3:0:0:0:0, 3:0:0:0:0, 3:0:0:0:0, 3:0:0:0:0, 2:0:0:0:0, 2:0:0:0:0, 3:0:0:0:1, 2:0:0:0:0, 4:0:0:0:3, 2:0:0:0:1, 2:0:0:0:0, 2:0:0:0:1, 2:0:0:0:0, 1:0:0:0:1, 1:0:0:0:0, 2:0:0:0:0, 2:0:0:0:0, 1:0:0:0:0, 1:0:0:0:0, 1:0:0:0:0, 2:0:0:0:0, 0:0:0:0:0, 1:0:0:0:0, 1:0:0:0:0, 1:0:0:0:0, 1:0:0:0:0, 1:0:0:0:0, 1:0:0:0:0, 1:0:0:0:1, 2:0:0:0:0, 1:0:0:0:0, 2:0:0:0:0, 4:0:0:0:0, 3:0:0:0:0, 3:0:0:0:0, 1:0:0:0:0, 2:0:2:0:2, 1:0:0:0:0, 2:0:0:0:0, 1:0:0:0:1, 3:0:0:0:0, 1:0:0:0:0, 1:0:0:0:0, 1:0:0:0:0, 1:0:0:0:1, 2:0:0:0:0, 1:0:0:0:0, 1:0:0:0:0, 3:0:0:0:0, 2:0:0:0:1, 2:0:0:0:0, 3:0:0:0:0, 3:0:0:0:0, 2:0:0:0:0, 4:0:0:0:1, 2:0:0:0:0, 4:0:0:0:3, 2:0:0:0:0, 0:0:0:0:0, 1:0:0:0:0, 1:0:0:0:0, 0:0:0:0:0, 1:0:0:0:1, 1:0:0:0:1, 0:0:0:0:0, 1:0:0:0:0, 1:0:0:0:0, 2:0:0:0:0, 2:0:0:0:0, 0:0:0:0:0, 1:0:0:0:0, 2:0:0:0:0, 1:0:0:0:1, 1:0:0:0:0, 0:0:0:0:0, 1:0:0:0:0, 0:0:0:0:0, 1:0:0:0:0, 2:0:0:0:0, 2:0:0:0:0, 3:0:0:0:1, 2:0:0:0:0, 2:0:0:0:0, 1:0:0:0:1, 2:0:1:0:1, 1:0:0:0:0, 3:0:0:0:0, 2:0:0:0:1, 3:0:0:0:0, 1:0:0:0:0, 1:0:0:0:0, 1:0:0:0:0, 1:0:0:0:1, 2:0:0:0:0, 1:0:0:0:0, 1:0:0:0:0, 3:0:0:0:0, 2:0:0:0:1, 2:0:0:0:0, 3:0:0:0:0, 2:0:0:0:0, 2:0:0:0:0, 4:0:0:0:1, 2:0:0:0:0, 4:0:0:0:3, 2:0:0:0:0, 2:0:0:0:0, 1:0:0:0:0, 1:0:0:0:0, 0:0:0:0:0, 1:0:0:0:1, 1:0:0:0:1, 0:0:0:0:0, 1:0:0:0:0, 1:0:0:0:0, 3:0:0:0:0, 2:0:0:0:0, 1:0:0:0:0, 1:0:0:0:0, 2:0:0:0:0, 1:0:0:0:1, 1:0:0:0:0, 0:0:0:0:0, 1:0:0:0:0, 1:0:0:0:1, 1:0:0:0:0, 2:0:0:0:0, 2:0:0:0:0, 3:0:0:0:1, 1:0:0:0:0, 2:0:0:0:0, 1:0:0:0:1, 2:0:1:0:1, 1:0:0:0:0, 2:0:0:0:1, 1:0:0:0:0, 1:0:0:0:0, 1:0:0:0:0, 1:0:0:0:0, 2:0:0:0:0, 0:0:0:0:0, 1:0:0:0:0, 1:0:0:0:0, 3:0:0:0:0, 3:0:0:0:0, 3:0:0:0:0, 2:0:0:0:0, 2:0:0:0:0, 3:0:0:0:0, 2:0:0:0:1, 5:0:0:0:0, 2:0:0:0:0, 5:0:0:0:3, 2:0:0:0:0, 2:0:0:0:0, 2:0:0:0:1, 1:0:0:0:0, 0:0:0:0:0, 0:0:0:0:0, 1:0:0:0:0, 0:0:0:0:0, 2:0:0:0:0, 1:0:0:0:1, 2:0:0:0:1, 2:0:0:0:0, 2:0:0:0:1, 0:0:0:0:0, 1:0:0:0:0, 1:0:0:0:0, 2:0:0:0:0, 1:0:0:0:1, 2:0:0:0:0, 1:0:0:0:1, 2:0:0:0:1, 1:0:0:0:0, 3:0:0:0:1, 3:0:0:0:0, 2:0:0:0:1, 1:0:0:0:0, 1:0:0:0:1, 1:0:0:0:0, 2:0:0:0:0, 0:0:0:0:0, 1:0:0:0:1, 1:0:0:0:0, 2:0:0:0:0, 1:0:0:0:0, 0:0:0:0:0, 1:0:0:0:0, 2:0:0:0:0, 2:0:0:0:0, 1:0:0:0:0, 2:0:0:0:0, 1:0:0:0:0, 1:0:0:0:0, 1:0:0:0:0, 1:0:0:0:0, 1:0:0:0:0, 1:0:0:0:0, 497:0:6:0:80
C dorian (0), 1:0:0:0:2, 2:0:0:0:0, 2:0:0:0:0, 1:0:0:0:0, 1:0:0:0:0, 1:0:0:0:1, 2:0:0:0:1, 2:0:1:0:1, 2:0:0:0:0, 3:0:0:0:1, 3:0:0:0:1, 3:0:0:0:0, 2:0:0:0:0, 3:0:0:0:0, 2:0:0:0:0, 2:0:0:0:0, 2:0:0:0:0, 1:0:0:0:5, 1:0:0:0:0, 2:0:0:0:0, 2:0:0:0:0, 2:0:0:0:1, 1:0:0:0:0, 2:0:0:0:0, 1:0:0:0:0, 1:0:0:0:0, 2:0:0:0:0, 1:0:0:0:0, 3:0:0:0:0, 3:0:0:0:0, 0:0:0:0:0, 1:0:0:0:0, 2:0:0:0:0, 0:0:0:0:0, 0:0:0:0:0, 3:0:0:0:1, 2:0:0:0:0, 0:0:0:0:0, 1:0:0:0:0, 2:0:0:0:0, 2:0:0:0:0, 4:0:1:0:1, 3:0:0:0:0, 2:0:0:0:0, 1:0:0:0:0, 1:0:0:0:0, 1:0:0:0:0, 2:0:0:0:0, 1:0:0:0:0, 1:0:0:0:0, 1:0:0:0:0, 2:0:0:0:0, 1:0:0:0:0, 1:0:0:0:1, 2:0:0:0:0, 1:0:0:0:0, 2:0:0:0:0, 3:0:0:0:0, 2:0:0:0:0, 3:0:0:0:0, 4:0:0:0:0, 2:0:0:0:0, 2:0:0:0:0, 4:0:0:0:1, 2:0:0:0:0, 4:0:0:0:3, 1:0:0:0:0, 2:0:0:0:0, 1:0:0:0:0, 2:0:0:0:1, 0:0:0:0:0, 2:0:0:0:1, 2:0:0:0:0, 2:0:0:0:0, 3:0:0:0:0, 1:0:0:0:0, 1:0:0:0:0, 2:0:0:0:0, 0:0:0:0:0, 1:0:0:0:0, 1:0:0:0:2, 2:0:0:0:0, 1:0:0:0:0, 1:0:0:0:0, 1:0:0:0:0, 0:0:0:0:0, 1:0:0:0:0, 1:0:0:0:0, 2:0:0:0:0, 3:0:0:0:1, 2:0:0:0:0, 2:0:0:0:0, 1:0:0:0:0, 1:0:0:0:0, 2:0:0:0:0, 2:0:0:0:0, 1:0:0:0:0, 1:0:0:0:0, 2:0:0:0:0, 1:0:0:0:1, 2:0:0:0:0, 0:0:0:0:0, 1:0:0:0:0, 2:0:0:0:1, 2:0:0:0:0, 3:0:0:0:0, 3:0:0:0:0, 3:0:0:0:0, 3:0:0:0:0, 2:0:0:0:0, 2:0:0:0:0, 3:0:0:0:1, 2:0:0:0:0, 4:0:0:0:3, 2:0:0:0:1, 2:0:0:0:0, 2:0:0:0:1, 2:0:0:0:0, 1:0:0:0:1, 1:0:0:0:0, 2:0:0:0:0, 2:0:0:0:0, 1:0:0:0:0, 1:0:0:0:0, 1:0:0:0:0, 2:0:0:0:0, 0:0:0:0:0, 1:0:0:0:0, 1:0:0:0:0, 1:0:0:0:0, 1:0:0:0:0, 1:0:0:0:0, 1:0:0:0:0, 1:0:0:0:1, 2:0:0:0:0, 1:0:0:0:0, 2:0:0:0:0, 4:0:0:0:0, 3:0:0:0:0, 3:0:0:0:0, 1:0:0:0:0, 2:0:2:0:2, 1:0:0:0:0, 2:0:0:0:0, 1:0:0:0:1, 3:0:0:0:0, 1:0:0:0:0, 1:0:0:0:0, 1:0:0:0:0, 1:0:0:0:1, 2:0:0:0:0, 1:0:0:0:0, 1:0:0:0:0, 3:0:0:0:0, 2:0:0:0:1, 2:0:0:0:0, 3:0:0:0:0, 3:0:0:0:0, 2:0:0:0:0, 4:0:0:0:1, 2:0:0:0:0, 4:0:0:0:3, 2:0:0:0:0, 0:0:0:0:0, 1:0:0:0:0, 1:0:0:0:0, 0:0:0:0:0, 1:0:0:0:1, 1:0:0:0:1, 0:0:0:0:0, 1:0:0:0:0, 1:0:0:0:0, 2:0:0:0:0, 2:0:0:0:0, 0:0:0:0:0, 1:0:0:0:0, 2:0:0:0:0, 1:0:0:0:1, 1:0:0:0:0, 0:0:0:0:0, 1:0:0:0:0, 0:0:0:0:0, 1:0:0:0:0, 2:0:0:0:0, 2:0:0:0:0, 3:0:0:0:1, 2:0:0:0:0, 2:0:0:0:0, 1:0:0:0:1, 2:0:1:0:1, 1:0:0:0:0, 3:0:0:0:0, 2:0:0:0:1, 3:0:0:0:0, 1:0:0:0:0, 1:0:0:0:0, 1:0:0:0:0, 1:0:0:0:1, 2:0:0:0:0, 1:0:0:0:0, 1:0:0:0:0, 3:0:0:0:0, 2:0:0:0:1, 2:0:0:0:0, 3:0:0:0:0, 2:0:0:0:0, 2:0:0:0:0, 4:0:0:0:1, 2:0:0:0:0, 4:0:0:0:3, 2:0:0:0:0, 2:0:0:0:0, 1:0:0:0:0, 1:0:0:0:0, 0:0:0:0:0, 1:0:0:0:1, 1:0:0:0:1, 0:0:0:0:0, 1:0:0:0:0, 1:0:0:0:0, 3:0:0:0:0, 2:0:0:0:0, 1:0:0:0:0, 1:0:0:0:0, 2:0:0:0:0, 1:0:0:0:1, 1:0:0:0:0, 0:0:0:0:0, 1:0:0:0:0, 1:0:0:0:1, 1:0:0:0:0, 2:0:0:0:0, 2:0:0:0:0, 3:0:0:0:1, 1:0:0:0:0, 2:0:0:0:0, 1:0:0:0:1, 2:0:1:0:1, 1:0:0:0:0, 2:0:0:0:1, 1:0:0:0:0, 1:0:0:0:0, 1:0:0:0:0, 1:0:0:0:0, 2:0:0:0:0, 0:0:0:0:0, 1:0:0:0:0, 1:0:0:0:0, 3:0:0:0:0, 3:0:0:0:0, 3:0:0:0:0, 2:0:0:0:0, 2:0:0:0:0, 3:0:0:0:0, 2:0:0:0:1, 5:0:0:0:0, 2:0:0:0:0, 5:0:0:0:3, 2:0:0:0:0, 2:0:0:0:0, 2:0:0:0:1, 1:0:0:0:0, 0:0:0:0:0, 0:0:0:0:0, 1:0:0:0:0, 0:0:0:0:0, 2:0:0:0:0, 1:0:0:0:1, 2:0:0:0:1, 2:0:0:0:0, 2:0:0:0:1, 0:0:0:0:0, 1:0:0:0:0, 1:0:0:0:0, 2:0:0:0:0, 1:0:0:0:1, 2:0:0:0:0, 1:0:0:0:1, 2:0:0:0:1, 1:0:0:0:0, 3:0:0:0:1, 3:0:0:0:0, 2:0:0:0:1, 1:0:0:0:0, 1:0:0:0:1, 1:0:0:0:0, 2:0:0:0:0, 0:0:0:0:0, 1:0:0:0:1, 1:0:0:0:0, 2:0:0:0:0, 1:0:0:0:0, 0:0:0:0:0, 1:0:0:0:0, 2:0:0:0:0, 2:0:0:0:0, 1:0:0:0:0, 2:0:0:0:0, 1:0:0:0:0, 1:0:0:0:0, 1:0:0:0:0, 1:0:0:0:0, 1:0:0:0:0, 1:0:0:0:0, 497:0:6:0:80
C phrygian (0), 1:0:0:0:2, 2:0:0:0:0, 2:0:0:0:0, 1:0:0:0:0, 1:0:0:0:0, 1:0:0:0:1, 2:0:0:0:1, 2:0:1:0:1, 2:0:0:0:0, 3:0:0:0:1, 3:0:0:0:1, 3:0:0:0:0, 2:0:0:0:0, 3:0:0:0:0, 2:0:0:0:0, 2:0:0:0:0, 2:0:0:0:0, 1:0:0:0:5, 1:0:0:0:0, 2:0:0:0:0, 2:0:0:0:0, 2:0:0:0:1, 1:0:0:0:0, 2:0:0:0:0, 1:0:0:0:0, 1:0:0:0:0, 2:0:0:0:0, 1:0:0:0:0, 3:0:0:0:0, 3:0:0:0:0, 0:0:0:0:0, 1:0:0:0:0, 2:0:0:0:0, 0:0:0:0:0, 0:0:0:0:0, 3:0:0:0:1, 2:0:0:0:0, 0:0:0:0:0, 1:0:0:0:0, 2:0:0:0:0, 2:0:0:0:0, 4:0:1:0:1, 3:0:0:0:0, 2:0:0:0:0, 1:0:0:0:0, 1:0:0:0:0, 1:0:0:0:0, 2:0:0:0:0, 1:0:0:0:0, 1:0:0:0:0, 1:0:0:0:0, 2:0:0:0:0, 1:0:0:0:0, 1:0:0:0:1, 2:0:0:0:0, 1:0:0:0:0, 2:0:0:0:0, 3:0:0:0:0, 2:0:0:0:0, 3:0:0:0:0, 4:0:0:0:0, 2:0:0:0:0, 2:0:0:0:0, 4:0:0:0:1, 2:0:0:0:0, 4:0:0:0:3, 1:0:0:0:0, 2:0:0:0:0, 1:0:0:0:0, 2:0:0:0:1, 0:0:0:0:0, 2:0:0:0:1, 2:0:0:0:0, 2:0:0:0:0, 3:0:0:0:0, 1:0:0:0:0, 1:0:0:0:0, 2:0:0:0:0, 0:0:0:0:0, 1:0:0:0:0, 1:0:0:0:2, 2:0:0:0:0, 1:0:0:0:0, 1:0:0:0:0, 1:0:0:0:0, 0:0:0:0:0, 1:0:0:0:0, 1:0:0:0:0, 2:0:0:0:0, 3:0:0:0:1, 2:0:0:0:0, 2:0:0:0:0, 1:0:0:0:0, 1:0:0:0:0, 2:0:0:0:0, 2:0:0:0:0, 1:0:0:0:0, 1:0:0:0:0, 2:0:0:0:0, 1:0:0:0:1, 2:0:0:0:0, 0:0:0:0:0, 1:0:0:0:0, 2:0:0:0:1, 2:0:0:0:0, 3:0:0:0:0, 3:0:0:0:0, 3:0:0:0:0, 3:0:0:0:0, 2:0:0:0:0, 2:0:0:0:0, 3:0:0:0:1, 2:0:0:0:0, 4:0:0:0:3, 2:0:0:0:1, 2:0:0:0:0, 2:0:0:0:1, 2:0:0:0:0, 1:0:0:0:1, 1:0:0:0:0, 2:0:0:0:0, 2:0:0:0:0, 1:0:0:0:0, 1:0:0:0:0, 1:0:0:0:0, 2:0:0:0:0, 0:0:0:0:0, 1:0:0:0:0, 1:0:0:0:0, 1:0:0:0:0, 1:0:0:0:0, 1:0:0:0:0, 1:0:0:0:0, 1:0:0:0:1, 2:0:0:0:0, 1:0:0:0:0, 2:0:0:0:0, 4:0:0:0:0, 3:0:0:0:0, 3:0:0:0:0, 1:0:0:0:0, 2:0:2:0:2, 1:0:0:0:0, 2:0:0:0:0, 1:0:0:0:1, 3:0:0:0:0, 1:0:0:0:0, 1:0:0:0:0, 1:0:0:0:0, 1:0:0:0:1, 2:0:0:0:0, 1:0:0:0:0, 1:0:0:0:0, 3:0:0:0:0, 2:0:0:0:1, 2:0:0:0:0, 3:0:0:0:0, 3:0:0:0:0, 2:0:0:0:0, 4:0:0:0:1, 2:0:0:0:0, 4:0:0:0:3, 2:0:0:0:0, 0:0:0:0:0, 1:0:0:0:0, 1:0:0:0:0, 0:0:0:0:0, 1:0:0:0:1, 1:0:0:0:1, 0:0:0:0:0, 1:0:0:0:0, 1:0:0:0:0, 2:0:0:0:0, 2:0:0:0:0, 0:0:0:0:0, 1:0:0:0:0, 2:0:0:0:0, 1:0:0:0:1, 1:0:0:0:0, 0:0:0:0:0, 1:0:0:0:0, 0:0:0:0:0, 1:0:0:0:0, 2:0:0:0:0, 2:0:0:0:0, 3:0:0:0:1, 2:0:0:0:0, 2:0:0:0:0, 1:0:0:0:1, 2:0:1:0:1, 1:0:0:0:0, 3:0:0:0:0, 2:0:0:0:1, 3:0:0:0:0, 1:0:0:0:0, 1:0:0:0:0, 1:0:0:0:0, 1:0:0:0:1, 2:0:0:0:0, 1:0:0:0:0, 1:0:0:0:0, 3:0:0:0:0, 2:0:0:0:1, 2:0:0:0:0, 3:0:0:0:0, 2:0:0:0:0, 2:0:0:0:0, 4:0:0:0:1, 2:0:0:0:0, 4:0:0:0:3, 2:0:0:0:0, 2:0:0:0:0, 1:0:0:0:0, 1:0:0:0:0, 0:0:0:0:0, 1:0:0:0:1, 1:0:0:0:1, 0:0:0:0:0, 1:0:0:0:0, 1:0:0:0:0, 3:0:0:0:0, 2:0:0:0:0, 1:0:0:0:0, 1:0:0:0:0, 2:0:0:0:0, 1:0:0:0:1, 1:0:0:0:0, 0:0:0:0:0, 1:0:0:0:0, 1:0:0:0:1, 1:0:0:0:0, 2:0:0:0:0, 2:0:0:0:0, 3:0:0:0:1, 1:0:0:0:0, 2:0:0:0:0, 1:0:0:0:1, 2:0:1:0:1, 1:0:0:0:0, 2:0:0:0:1, 1:0:0:0:0, 1:0:0:0:0, 1:0:0:0:0, 1:0:0:0:0, 2:0:0:0:0, 0:0:0:0:0, 1:0:0:0:0, 1:0:0:0:0, 3:0:0:0:0, 3:0:0:0:0, 3:0:0:0:0, 2:0:0:0:0, 2:0:0:0:0, 3:0:0:0:0, 2:0:0:0:1, 5:0:0:0:0, 2:0:0:0:0, 5:0:0:0:3, 2:0:0:0:0, 2:0:0:0:0, 2:0:0:0:1, 1:0:0:0:0, 0:0:0:0:0, 0:0:0:0:0, 1:0:0:0:0, 0:0:0:0:0, 2:0:0:0:0, 1:0:0:0:1, 2:0:0:0:1, 2:0:0:0:0, 2:0:0:0:1, 0:0:0:0:0, 1:0:0:0:0, 1:0:0:0:0, 2:0:0:0:0, 1:0:0:0:1, 2:0:0:0:0, 1:0:0:0:1, 2:0:0:0:1, 1:0:0:0:0, 3:0:0:0:1, 3:0:0:0:0, 2:0:0:0:1, 1:0:0:0:0, 1:0:0:0:1, 1:0:0:0:0, 2:0:0:0:0, 0:0:0:0:0, 1:0:0:0:1, 1:0:0:0:0, 2:0:0:0:0, 1:0:0:0:0, 0:0:0:0:0, 1:0:0:0:0, 2:0:0:0:0, 2:0:0:0:0, 1:0:0:0:0, 2:0:0:0:0, 1:0:0:0:0, 1:0:0:0:0, 1:0:0:0:0, 1:0:0:0:0, 1:0:0:0:0, 1:0:0:0:0, 497:0:6:0:80
C lydian (0), 1:0:0:0:2, 2:0:0:0:0, 2:0:0:0:0, 1:0:0:0:0, 1:0:0:0:0, 1:0:0:0:1, 2:0:0:0:1, 2:0:1:0:1, 2:0:0:0:0, 3:0:0:0:1, 3:0:0:0:1, 3:0:0:0:0, 2:0:0:0:0, 3:0:0:0:0, 2:0:0:0:0, 2:0:0:0:0, 2:0:0:0:0, 1:0:0:0:5, 1:0:0:0:0, 2:0:0:0:0, 2:0:0:0:0, 2:0:0:0:1, 1:0:0:0:0, 2:0:0:0:0, 1:0:0:0:0, 1:0:0:0:0, 2:0:0:0:0, 1:0:0:0:0, 3:0:0:0:0, 3:0:0:0:0, 0:0:0:0:0, 1:0:0:0:0, 2:0:0:0:0, 0:0:0:0:0, 0:0:0:0:0, 3:0:0:0:1, 2:0:0:0:0, 0:0:0:0:0, 1:0:0:0:0, 2:0:0:0:0, 2:0:0:0:0, 4:0:1:0:1, 3:0:0:0:0, 2:0:0:0:0, 1:0:0:0:0, 1:0:0:0:0, 1:0:0:0:0, 2:0:0:0:0, 1:0:0:0:0, 1:0:0:0:0, 1:0:0:0:0, 2:0:0:0:0, 1:0:0:0:0, 1:0:0:0:1, 2:0:0:0:0, 1:0:0:0:0, 2:0:0:0:0, 3:0:0:0:0, 2:0:0:0:0, 3:0:0:0:0, 4:0:0:0:0, 2:0:0:0:0, 2:0:0:0:0, 4:0:0:0:1, 2:0:0:0:0, 4:0:0:0:3, 1:0:0:0:0, 2:0:0:0:0, 1:0:0:0:0, 2:0:0:0:1, 0:0:0:0:0, 2:0:0:0:1, 2:0:0:0:0, 2:0:0:0:0, 3:0:0:0:0, 1:0:0:0:0, 1:0:0:0:0, 2:0:0:0:0, 0:0:0:0:0, 1:0:0:0:0, 1:0:0:0:2, 2:0:0:0:0, 1:0:0:0:0, 1:0:0:0:0, 1:0:0:0:0, 0:0:0:0:0, 1:0:0:0:0, 1:0:0:0:0, 2:0:0:0:0, 3:0:0:0:1, 2:0:0:0:0, 2:0:0:0:0, 1:0:0:0:0, 1:0:0:0:0, 2:0:0:0:0, 2:0:0:0:0, 1:0:0:0:0, 1:0:0:0:0, 2:0:0:0:0, 1:0:0:0:1, 2:0:0:0:0, 0:0:0:0:0, 1:0:0:0:0, 2:0:0:0:1, 2:0:0:0:0, 3:0:0:0:0, 3:0:0:0:0, 3:0:0:0:0, 3:0:0:0:0, 2:0:0:0:0, 2:0:0:0:0, 3:0:0:0:1, 2:0:0:0:0, 4:0:0:0:3, 2:0:0:0:1, 2:0:0:0:0, 2:0:0:0:1, 2:0:0:0:0, 1:0:0:0:1, 1:0:0:0:0, 2:0:0:0:0, 2:0:0:0:0, 1:0:0:0:0, 1:0:0:0:0, 1:0:0:0:0, 2:0:0:0:0, 0:0:0:0:0, 1:0:0:0:0, 1:0:0:0:0, 1:0:0:0:0, 1:0:0:0:0, 1:0:0:0:0, 1:0:0:0:0, 1:0:0:0:1, 2:0:0:0:0, 1:0:0:0:0, 2:0:0:0:0, 4:0:0:0:0, 3:0:0:0:0, 3:0:0:0:0, 1:0:0:0:0, 2:0:2:0:2, 1:0:0:0:0, 2:0:0:0:0, 1:0:0:0:1, 3:0:0:0:0, 1:0:0:0:0, 1:0:0:0:0, 1:0:0:0:0, 1:0:0:0:1, 2:0:0:0:0, 1:0:0:0:0, 1:0:0:0:0, 3:0:0:0:0, 2:0:0:0:1, 2:0:0:0:0, 3:0:0:0:0, 3:0:0:0:0, 2:0:0:0:0, 4:0:0:0:1, 2:0:0:0:0, 4:0:0:0:3, 2:0:0:0:0, 0:0:0:0:0, 1:0:0:0:0, 1:0:0:0:0, 0:0:0:0:0, 1:0:0:0:1, 1:0:0:0:1, 0:0:0:0:0, 1:0:0:0:0, 1:0:0:0:0, 2:0:0:0:0, 2:0:0:0:0, 0:0:0:0:0, 1:0:0:0:0, 2:0:0:0:0, 1:0:0:0:1, 1:0:0:0:0, 0:0:0:0:0, 1:0:0:0:0, 0:0:0:0:0, 1:0:0:0:0, 2:0:0:0:0, 2:0:0:0:0, 3:0:0:0:1, 2:0:0:0:0, 2:0:0:0:0, 1:0:0:0:1, 2:0:1:0:1, 1:0:0:0:0, 3:0:0:0:0, 2:0:0:0:1, 3:0:0:0:0, 1:0:0:0:0, 1:0:0:0:0, 1:0:0:0:0, 1:0:0:0:1, 2:0:0:0:0, 1:0:0:0:0, 1:0:0:0:0, 3:0:0:0:0, 2:0:0:0:1, 2:0:0:0:0, 3:0:0:0:0, 2:0:0:0:0, 2:0:0:0:0, 4:0:0:0:1, 2:0:0:0:0, 4:0:0:0:3, 2:0:0:0:0, 2:0:0:0:0, 1:0:0:0:0, 1:0:0:0:0, 0:0:0:0:0, 1:0:0:0:1, 1:0:0:0:1, 0:0:0:0:0, 1:0:0:0:0, 1:0:0:0:0, 3:0:0:0:0, 2:0:0:0:0, 1:0:0:0:0, 1:0:0:0:0, 2:0:0:0:0, 1:0:0:0:1, 1:0:0:0:0, 0:0:0:0:0, 1:0:0:0:0, 1:0:0:0:1, 1:0:0:0:0, 2:0:0:0:0, 2:0:0:0:0, 3:0:0:0:1, 1:0:0:0:0, 2:0:0:0:0, 1:0:0:0:1, 2:0:1:0:1, 1:0:0:0:0, 2:0:0:0:1, 1:0:0:0:0, 1:0:0:0:0, 1:0:0:0:0, 1:0:0:0:0, 2:0:0:0:0, 0:0:0:0:0, 1:0:0:0:0, 1:0:0:0:0, 3:0:0:0:0, 3:0:0:0:0, 3:0:0:0:0, 2:0:0:0:0, 2:0:0:0:0, 3:0:0:0:0, 2:0:0:0:1, 5:0:0:0:0, 2:0:0:0:0, 5:0:0:0:3, 2:0:0:0:0, 2:0:0:0:0, 2:0:0:0:1, 1:0:0:0:0, 0:0:0:0:0, 0:0:0:0:0, 1:0:0:0:0, 0:0:0:0:0, 2:0:0:0:0, 1:0:0:0:1, 2:0:0:0:1, 2:0:0:0:0, 2:0:0:0:1, 0:0:0:0:0, 1:0:0:0:0, 1:0:0:0:0, 2:0:0:0:0, 1:0:0:0:1, 2:0:0:0:0, 1:0:0:0:1, 2:0:0:0:1, 1:0:0:0:0, 3:0:0:0:1, 3:0:0:0:0, 2:0:0:0:1, 1:0:0:0:0, 1:0:0:0:1, 1:0:0:0:0, 2:0:0:0:0, 0:0:0:0:0, 1:0:0:0:1, 1:0:0:0:0, 2:0:0:0:0, 1:0:0:0:0, 0:0:0:0:0, 1:0:0:0:0, 2:0:0:0:0, 2:0:0:0:0, 1:0:0:0:0, 2:0:0:0:0, 1:0:0:0:0, 1:0:0:0:0, 1:0:0:0:0, 1:0:0:0:0, 1:0:0:0:0, 1:0:0:0:0, 497:0:6:0:80
C mixolydian (0), 1:0:0:0:2, 2:0:0:0:0, 2:0:0:0:0, 1:0:0:0:0, 1:0:0:0:0, 1:0:0:0:1, 2:0:0:0:1, 2:0:1:0:1, 2:0:0:0:0, 3:0:0:0:1, 3:0:0:0:1, 3:0:0:0:0, 2:0:0:0:0, 3:0:0:0:0, 2:0:0:0:0, 2:0:0:0:0, 2:0:0:0:0, 1:0:0:0:5, 1:0:0:0:0, 2:0:0:0:0, 2:0:0:0:0, 2:0:0:0:1, 1:0:0:0:0, 2:0:0:0:0, 1:0:0:0:0, 1:0:0:0:0, 2:0:0:0:0, 1:0:0:0:0, 3:0:0:0:0, 3:0:0:0:0, 0:0:0:0:0, 1:0:0:0:0, 2:0:0:0:0, 0:0:0:0:0, 0:0:0:0:0, 3:0:0:0:1, 2:0:0:0:0, 0:0:0:0:0, 1:0:0:0:0, 2:0:0:0:0, 2:0:0:0:0, 4:0:1:0:1, 3:0:0:0:0, 2:0:0:0:0, 1:0:0:0:0, 1:0:0:0:0, 1:0:0:0:0, 2:0:0:0:0, 1:0:0:0:0, 1:0:0:0:0, 1:0:0:0:0, 2:0:0:0:0, 1:0:0:0:0, 1:0:0:0:1, 2:0:0:0:0, 1:0:0:0:0, 2:0:0:0:0, 3:0:0:0:0, 2:0:0:0:0, 3:0:0:0:0, 4:0:0:0:0, 2:0:0:0:0, 2:0:0:0:0, 4:0:0:0:1, 2:0:0:0:0, 4:0:0:0:3, 1:0:0:0:0, 2:0:0:0:0, 1:0:0:0:0, 2:0:0:0:1, 0:0:0:0:0, 2:0:0:0:1, 2:0:0:0:0, 2:0:0:0:0, 3:0:0:0:0, 1:0:0:0:0, 1:0:0:0:0, 2:0:0:0:0, 0:0:0:0:0, 1:0:0:0:0, 1:0:0:0:2, 2:0:0:0:0, 1:0:0:0:0, 1:0:0:0:0, 1:0:0:0:0, 0:0:0:0:0, 1:0:0:0:0, 1:0:0:0:0, 2:0:0:0:0, 3:0:0:0:1, 2:0:0:0:0, 2:0:0:0:0, 1:0:0:0:0, 1:0:0:0:0, 2:0:0:0:0, 2:0:0:0:0, 1:0:0:0:0, 1:0:0:0:0, 2:0:0:0:0, 1:0:0:0:1, 2:0:0:0:0, 0:0:0:0:0, 1:0:0:0:0, 2:0:0:0:1, 2:0:0:0:0, 3:0:0:0:0, 3:0:0:0:0, 3:0:0:0:0, 3:0:0:0:0, 2:0:0:0:0, 2:0:0:0:0, 3:0:0:0:1, 2:0:0:0:0, 4:0:0:0:3, 2:0:0:0:1, 2:0:0:0:0, 2:0:0:0:1, 2:0:0:0:0, 1:0:0:0:1, 1:0:0:0:0, 2:0:0:0:0, 2:0:0:0:0, 1:0:0:0:0, 1:0:0:0:0, 1:0:0:0:0, 2:0:0:0:0, 0:0:0:0:0, 1:0:0:0:0, 1:0:0:0:0, 1:0:0:0:0, 1:0:0:0:0, 1:0:0:0:0, 1:0:0:0:0, 1:0:0:0:1, 2:0:0:0:0, 1:0:0:0:0, 2:0:0:0:0, 4:0:0:0:0, 3:0:0:0:0, 3:0:0:0:0, 1:0:0:0:0, 2:0:2:0:2, 1:0:0:0:0, 2:0:0:0:0, 1:0:0:0:1, 3:0:0:0:0, 1:0:0:0:0, 1:0:0:0:0, 1:0:0:0:0, 1:0:0:0:1, 2:0:0:0:0, 1:0:0:0:0, 1:0:0:0:0, 3:0:0:0:0, 2:0:0:0:1, 2:0:0:0:0, 3:0:0:0:0, 3:0:0:0:0, 2:0:0:0:0, 4:0:0:0:1, 2:0:0:0:0, 4:0:0:0:3, 2:0:0:0:0, 0:0:0:0:0, 1:0:0:0:0, 1:0:0:0:0, 0:0:0:0:0, 1:0:0:0:1, 1:0:0:0:1, 0:0:0:0:0, 1:0:0:0:0, 1:0:0:0:0, 2:0:0:0:0, 2:0:0:0:0, 0:0:0:0:0, 1:0:0:0:0, 2:0:0:0:0, 1:0:0:0:1, 1:0:0:0:0, 0:0:0:0:0, 1:0:0:0:0, 0:0:0:0:0, 1:0:0:0:0, 2:0:0:0:0, 2:0:0:0:0, 3:0:0:0:1, 2:0:0:0:0, 2:0:0:0:0, 1:0:0:0:1, 2:0:1:0:1, 1:0:0:0:0, 3:0:0:0:0, 2:0:0:0:1, 3:0:0:0:0, 1:0:0:0:0, 1:0:0:0:0, 1:0:0:0:0, 1:0:0:0:1, 2:0:0:0:0, 1:0:0:0:0, 1:0:0:0:0, 3:0:0:0:0, 2:0:0:0:1, 2:0:0:0:0, 3:0:0:0:0, 2:0:0:0:0, 2:0:0:0:0, 4:0:0:0:1, 2:0:0:0:0, 4:0:0:0:3, 2:0:0:0:0, 2:0:0:0:0, 1:0:0:0:0, 1:0:0:0:0, 0:0:0:0:0, 1:0:0:0:1, 1:0:0:0:1, 0:0:0:0:0, 1:0:0:0:0, 1:0:0:0:0, 3:0:0:0:0, 2:0:0:0:0, 1:0:0:0:0, 1:0:0:0:0, 2:0:0:0:0, 1:0:0:0:1, 1:0:0:0:0, 0:0:0:0:0, 1:0:0:0:0, 1:0:0:0:1, 1:0:0:0:0, 2:0:0:0:0, 2:0:0:0:0, 3:0:0:0:1, 1:0:0:0:0, 2:0:0:0:0, 1:0:0:0:1, 2:0:1:0:1, 1:0:0:0:0, 2:0:0:0:1, 1:0:0:0:0, 1:0:0:0:0, 1:0:0:0:0, 1:0:0:0:0, 2:0:0:0:0, 0:0:0:0:0, 1:0:0:0:0, 1:0:0:0:0, 3:0:0:0:0, 3:0:0:0:0, 3:0:0:0:0, 2:0:0:0:0, 2:0:0:0:0, 3:0:0:0:0, 2:0:0:0:1, 5:0:0:0:0, 2:0:0:0:0, 5:0:0:0:3, 2:0:0:0:0, 2:0:0:0:0, 2:0:0:0:1, 1:0:0:0:0, 0:0:0:0:0, 0:0:0:0:0, 1:0:0:0:0, 0:0:0:0:0, 2:0:0:0:0, 1:0:0:0:1, 2:0:0:0:1, 2:0:0:0:0, 2:0:0:0:1, 0:0:0:0:0, 1:0:0:0:0, 1:0:0:0:0, 2:0:0:0:0, 1:0:0:0:1, 2:0:0:0:0, 1:0:0:0:1, 2:0:0:0:1, 1:0:0:0:0, 3:0:0:0:1, 3:0:0:0:0, 2:0:0:0:1, 1:0:0:0:0, 1:0:0:0:1, 1:0:0:0:0, 2:0:0:0:0, 0:0:0:0:0, 1:0:0:0:1, 1:0:0:0:0, 2:0:0:0:0, 1:0:0:0:0, 0:0:0:0:0, 1:0:0:0:0, 2:0:0:0:0, 2:0:0:0:0, 1:0:0:0:0, 2:0:0:0:0, 1:0:0:0:0, 1:0:0:0:0, 1:0:0:0:0, 1:0:0:0:0, 1:0:0:0:0, 1:0:0:0:0, 497:0:6:0:80
C aeolian (0), 1:0:0:0:2, 2:0:0:0:0, 2:0:0:0:0, 1:0:0:0:0, 1:0:0:0:0, 1:0:0:0:1, 2:0:0:0:1, 2:0:1:0:1, 2:0:0:0:0, 3:0:0:0:1, 3:0:0:0:1, 3:0:0:0:0, 2:0:0:0:0, 3:0:0:0:0, 2:0:0:0:0, 2:0:0:0:0, 2:0:0:0:0, 1:0:0:0:5, 1:0:0:0:0, 2:0:0:0:0, 2:0:0:0:0, 2:0:0:0:1, 1:0:0:0:0, 2:0:0:0:0, 1:0:0:0:0, 1:0:0:0:0, 2:0:0:0:0, 1:0:0:0:0, 3:0:0:0:0, 3:0:0:0:0, 0:0:0:0:0, 1:0:0:0:0, 2:0:0:0:0, 0:0:0:0:0, 0:0:0:0:0, 3:0:0:0:1, 2:0:0:0:0, 0:0:0:0:0, 1:0:0:0:0, 2:0:0:0:0, 2:0:0:0:0, 4:0:1:0:1, 3:0:0:0:0, 2:0:0:0:0, 1:0:0:0:0, 1:0:0:0:0, 1:0:0:0:0, 2:0:0:0:0, 1:0:0:0:0, 1:0:0:0:0, 1:0:0:0:0, 2:0:0:0:0, 1:0:0:0:0, 1:0:0:0:1, 2:0:0:0:0, 1:0:0:0:0, 2:0:0:0:0, 3:0:0:0:0, 2:0:0:0:0, 3:0:0:0:0, 4:0:0:0:0, 2:0:0:0:0, 2:0:0:0:0, 4:0:0:0:1, 2:0:0:0:0, 4:0:0:0:3, 1:0:0:0:0, 2:0:0:0:0, 1:0:0:0:0, 2:0:0:0:1, 0:0:0:0:0, 2:0:0:0:1, 2:0:0:0:0, 2:0:0:0:0, 3:0:0:0:0, 1:0:0:0:0, 1:0:0:0:0, 2:0:0:0:0, 0:0:0:0:0, 1:0:0:0:0, 1:0:0:0:2, 2:0:0:0:0, 1:0:0:0:0, 1:0:0:0:0, 1:0:0:0:0, 0:0:0:0:0, 1:0:0:0:0, 1:0:0:0:0, 2:0:0:0:0, 3:0:0:0:1, 2:0:0:0:0, 2:0:0:0:0, 1:0:0:0:0, 1:0:0:0:0, 2:0:0:0:0, 2:0:0:0:0, 1:0:0:0:0, 1:0:0:0:0, 2:0:0:0:0, 1:0:0:0:1, 2:0:0:0:0, 0:0:0:0:0, 1:0:0:0:0, 2:0:0:0:1, 2:0:0:0:0, 3:0:0:0:0, 3:0:0:0:0, 3:0:0:0:0, 3:0:0:0:0, 2:0:0:0:0, 2:0:0:0:0, 3:0:0:0:1, 2:0:0:0:0, 4:0:0:0:3, 2:0:0:0:1, 2:0:0:0:0, 2:0:0:0:1, 2:0:0:0:0, 1:0:0:0:1, 1:0:0:0:0, 2:0:0:0:0, 2:0:0:0:0, 1:0:0:0:0, 1:0:0:0:0, 1:0:0:0:0, 2:0:0:0:0, 0:0:0:0:0, 1:0:0:0:0, 1:0:0:0:0, 1:0:0:0:0, 1:0:0:0:0, 1:0:0:0:0, 1:0:0:0:0, 1:0:0:0:1, 2:0:0:0:0, 1:0:0:0:0, 2:0:0:0:0, 4:0:0:0:0, 3:0:0:0:0, 3:0:0:0:0, 1:0:0:0:0, 2:0:2:0:2, 1:0:0:0:0, 2:0:0:0:0, 1:0:0:0:1, 3:0:0:0:0, 1:0:0:0:0, 1:0:0:0:0, 1:0:0:0:0, 1:0:0:0:1, 2:0:0:0:0, 1:0:0:0:0, 1:0:0:0:0, 3:0:0:0:0, 2:0:0:0:1, 2:0:0:0:0, 3:0:0:0:0, 3:0:0:0:0, 2:0:0:0:0, 4:0:0:0:1, 2:0:0:0:0, 4:0:0:0:3, 2:0:0:0:0, 0:0:0:0:0, 1:0:0:0:0, 1:0:0:0:0, 0:0:0:0:0, 1:0:0:0:1, 1:0:0:0:1, 0:0:0:0:0, 1:0:0:0:0, 1:0:0:0:0, 2:0:0:0:0, 2:0:0:0:0, 0:0:0:0:0, 1:0:0:0:0, 2:0:0:0:0, 1:0:0:0:1, 1:0:0:0:0, 0:0:0:0:0, 1:0:0:0:0, 0:0:0:0:0, 1:0:0:0:0, 2:0:0:0:0, 2:0:0:0:0, 3:0:0:0:1, 2:0:0:0:0, 2:0:0:0:0, 1:0:0:0:1, 2:0:1:0:1, 1:0:0:0:0, 3:0:0:0:0, 2:0:0:0:1, 3:0:0:0:0, 1:0:0:0:0, 1:0:0:0:0, 1:0:0:0:0, 1:0:0:0:1, 2:0:0:0:0, 1:0:0:0:0, 1:0:0:0:0, 3:0:0:0:0, 2:0:0:0:1, 2:0:0:0:0, 3:0:0:0:0, 2:0:0:0:0, 2:0:0:0:0, 4:0:0:0:1, 2:0:0:0:0, 4:0:0:0:3, 2:0:0:0:0, 2:0:0:0:0, 1:0:0:0:0, 1:0:0:0:0, 0:0:0:0:0, 1:0:0:0:1, 1:0:0:0:1, 0:0:0:0:0, 1:0:0:0:0, 1:0:0:0:0, 3:0:0:0:0, 2:0:0:0:0, 1:0:0:0:0, 1:0:0:0:0, 2:0:0:0:0, 1:0:0:0:1, 1:0:0:0:0, 0:0:0:0:0, 1:0:0:0:0, 1:0:0:0:1, 1:0:0:0:0, 2:0:0:0:0, 2:0:0:0:0, 3:0:0:0:1, 1:0:0:0:0, 2:0:0:0:0, 1:0:0:0:1, 2:0:1:0:1, 1:0:0:0:0, 2:0:0:0:1, 1:0:0:0:0, 1:0:0:0:0, 1:0:0:0:0, 1:0:0:0:0, 2:0:0:0:0, 0:0:0:0:0, 1:0:0:0:0, 1:0:0:0:0, 3:0:0:0:0, 3:0:0:0:0, 3:0:0:0:0, 2:0:0:0:0, 2:0:0:0:0, 3:0:0:0:0, 2:0:0:0:1, 5:0:0:0:0, 2:0:0:0:0, 5:0:0:0:3, 2:0:0:0:0, 2:0:0:0:0, 2:0:0:0:1, 1:0:0:0:0, 0:0:0:0:0, 0:0:0:0:0, 1:0:0:0:0, 0:0:0:0:0, 2:0:0:0:0, 1:0:0:0:1, 2:0:0:0:1, 2:0:0:0:0, 2:0:0:0:1, 0:0:0:0:0, 1:0:0:0:0, 1:0:0:0:0, 2:0:0:0:0, 1:0:0:0:1, 2:0:0:0:0, 1:0:0:0:1, 2:0:0:0:1, 1:0:0:0:0, 3:0:0:0:1, 3:0:0:0:0, 2:0:0:0:1, 1:0:0:0:0, 1:0:0:0:1, 1:0:0:0:0, 2:0:0:0:0, 0:0:0:0:0, 1:0:0:0:1, 1:0:0:0:0, 2:0:0:0:0, 1:0:0:0:0, 0:0:0:0:0, 1:0:0:0:0, 2:0:0:0:0, 2:0:0:0:0, 1:0:0:0:0, 2:0:0:0:0, 1:0:0:0:0, 1:0:0:0:0, 1:0:0:0:0, 1:0:0:0:0, 1:0:0:0:0, 1:0:0:0:0, 497:0:6:0:80
C locrian (0), 1:0:0:0:2, 2:0:0:0:0, 2:0:0:0:0, 1:0:0:0:0, 1:0:0:0:0, 1:0:0:0:1, 2:0:0:0:1, 2:0:1:0:1, 2:0:0:0:0, 3:0:0:0:1, 3:0:0:0:1, 3:0:0:0:0, 2:0:0:0:0, 3:0:0:0:0, 2:0:0:0:0, 2:0:0:0:0, 2:0:0:0:0, 1:0:0:0:5, 1:0:0:0:0, 2:0:0:0:0, 2:0:0:0:0, 2:0:0:0:1, 1:0:0:0:0, 2:0:0:0:0, 1:0:0:0:0, 1:0:0:0:0, 2:0:0:0:0, 1:0:0:0:0, 3:0:0:0:0, 3:0:0:0:0, 0:0:0:0:0, 1:0:0:0:0, 2:0:0:0:0, 0:0:0:0:0, 0:0:0:0:0, 3:0:0:0:1, 2:0:0:0:0, 0:0:0:0:0, 1:0:0:0:0, 2:0:0:0:0, 2:0:0:0:0, 4:0:1:0:1, 3:0:0:0:0, 2:0:0:0:0, 1:0:0:0:0, 1:0:0:0:0, 1:0:0:0:0, 2:0:0:0:0, 1:0:0:0:0, 1:0:0:0:0, 1:0:0:0:0, 2:0:0:0:0, 1:0:0:0:0, 1:0:0:0:1, 2:0:0:0:0, 1:0:0:0:0, 2:0:0:0:0, 3:0:0:0:0, 2:0:0:0:0, 3:0:0:0:0, 4:0:0:0:0, 2:0:0:0:0, 2:0:0:0:0, 4:0:0:0:1, 2:0:0:0:0, 4:0:0:0:3, 1:0:0:0:0, 2:0:0:0:0, 1:0:0:0:0, 2:0:0:0:1, 0:0:0:0:0, 2:0:0:0:1, 2:0:0:0:0, 2:0:0:0:0, 3:0:0:0:0, 1:0:0:0:0, 1:0:0:0:0, 2:0:0:0:0, 0:0:0:0:0, 1:0:0:0:0, 1:0:0:0:2, 2:0:0:0:0, 1:0:0:0:0, 1:0:0:0:0, 1:0:0:0:0, 0:0:0:0:0, 1:0:0:0:0, 1:0:0:0:0, 2:0:0:0:0, 3:0:0:0:1, 2:0:0:0:0, 2:0:0:0:0, 1:0:0:0:0, 1:0:0:0:0, 2:0:0:0:0, 2:0:0:0:0, 1:0:0:0:0, 1:0:0:0:0, 2:0:0:0:0, 1:0:0:0:1, 2:0:0:0:0, 0:0:0:0:0, 1:0:0:0:0, 2:0:0:0:1, 2:0:0:0:0, 3:0:0:0:0, 3:0:0:0:0, 3:0:0:0:0, 3:0:0:0:0, 2:0:0:0:0, 2:0:0:0:0, 3:0:0:0:1, 2:0:0:0:0, 4:0:0:0:3, 2:0:0:0:1, 2:0:0:0:0, 2:0:0:0:1, 2:0:0:0:0, 1:0:0:0:1, 1:0:0:0:0, 2:0:0:0:0, 2:0:0:0:0, 1:0:0:0:0, 1:0:0:0:0, 1:0:0:0:0, 2:0:0:0:0, 0:0:0:0:0, 1:0:0:0:0, 1:0:0:0:0, 1:0:0:0:0, 1:0:0:0:0, 1:0:0:0:0, 1:0:0:0:0, 1:0:0:0:1, 2:0:0:0:0, 1:0:0:0:0, 2:0:0:0:0, 4:0:0:0:0, 3:0:0:0:0, 3:0:0:0:0, 1:0:0:0:0, 2:0:2:0:2, 1:0:0:0:0, 2:0:0:0:0, 1:0:0:0:1, 3:0:0:0:0, 1:0:0:0:0, 1:0:0:0:0, 1:0:0:0:0, 1:0:0:0:1, 2:0:0:0:0, 1:0:0:0:0, 1:0:0:0:0, 3:0:0:0:0, 2:0:0:0:1, 2:0:0:0:0, 3:0:0:0:0, 3:0:0:0:0, 2:0:0:0:0, 4:0:0:0:1, 2:0:0:0:0, 4:0:0:0:3, 2:0:0:0:0, 0:0:0:0:0, 1:0:0:0:0, 1:0:0:0:0, 0:0:0:0:0, 1:0:0:0:1, 1:0:0:0:1, 0:0:0:0:0, 1:0:0:0:0, 1:0:0:0:0, 2:0:0:0:0, 2:0:0:0:0, 0:0:0:0:0, 1:0:0:0:0, 2:0:0:0:0, 1:0:0:0:1, 1:0:0:0:0, 0:0:0:0:0, 1:0:0:0:0, 0:0:0:0:0, 1:0:0:0:0, 2:0:0:0:0, 2:0:0:0:0, 3:0:0:0:1, 2:0:0:0:0, 2:0:0:0:0, 1:0:0:0:1, 2:0:1:0:1, 1:0:0:0:0, 3:0:0:0:0, 2:0:0:0:1, 3:0:0:0:0, 1:0:0:0:0, 1:0:0:0:0, 1:0:0:0:0, 1:0:0:0:1, 2:0:0:0:0, 1:0:0:0:0, 1:0:0:0:0, 3:0:0:0:0, 2:0:0:0:1, 2:0:0:0:0, 3:0:0:0:0, 2:0:0:0:0, 2:0:0:0:0, 4:0:0:0:1, 2:0:0:0:0, 4:0:0:0:3, 2:0:0:0:0, 2:0:0:0:0, 1:0:0:0:0, 1:0:0:0:0, 0:0:0:0:0, 1:0:0:0:1, 1:0:0:0:1, 0:0:0:0:0, 1:0:0:0:0, 1:0:0:0:0, 3:0:0:0:0, 2:0:0:0:0, 1:0:0:0:0, 1:0:0:0:0, 2:0:0:0:0, 1:0:0:0:1, 1:0:0:0:0, 0:0:0:0:0, 1:0:0:0:0, 1:0:0:0:1, 1:0:0:0:0, 2:0:0:0:0, 2:0:0:0:0, 3:0:0:0:1, 1:0:0:0:0, 2:0:0:0:0, 1:0:0:0:1, 2:0:1:0:1, 1:0:0:0:0, 2:0:0:0:1, 1:0:0:0:0, 1:0:0:0:0, 1:0:0:0:0, 1:0:0:0:0, 2:0:0:0:0, 0:0:0:0:0, 1:0:0:0:0, 1:0:0:0:0, 3:0:0:0:0, 3:0:0:0:0, 3:0:0:0:0, 2:0:0:0:0, 2:0:0:0:0, 3:0:0:0:0, 2:0:0:0:1, 5:0:0:0:0, 2:0:0:0:0, 5:0:0:0:3, 2:0:0:0:0, 2:0:0:0:0, 2:0:0:0:1, 1:0:0:0:0, 0:0:0:0:0, 0:0:0:0:0, 1:0:0:0:0, 0:0:0:0:0, 2:0:0:0:0, 1:0:0:0:1, 2:0:0:0:1, 2:0:0:0:0, 2:0:0:0:1, 0:0:0:0:0, 1:0:0:0:0, 1:0:0:0:0, 2:0:0:0:0, 1:0:0:0:1, 2:0:0:0:0, 1:0:0:0:1, 2:0:0:0:1, 1:0:0:0:0, 3:0:0:0:1, 3:0:0:0:0, 2:0:0:0:1, 1:0:0:0:0, 1:0:0:0:1, 1:0:0:0:0, 2:0:0:0:0, 0:0:0:0:0, 1:0:0:0:1, 1:0:0:0:0, 2:0:0:0:0, 1:0:0:0:0, 0:0:0:0:0, 1:0:0:0:0, 2:0:0:0:0, 2:0:0:0:0, 1:0:0:0:0, 2:0:0:0:0, 1:0:0:0:0, 1:0:0:0:0, 1:0:0:0:0, 1:0:0:0:0, 1:0:0:0:0, 1:0:0:0:0, 497:0:6:0:80
F major (1b), 1:2:0:0:2, 1:0:0:0:0, 2:0:0:0:0, 0:0:0:0:0, 1:0:0:0:0, 1:0:0:0:0, 1:1:0:0:1, 1:0:1:0:1, 3:0:0:0:0, 2:0:0:0:0, 2:1:0:0:1, 2:0:0:0:0, 1:0:0:0:0, 2:0:0:0:0, 2:2:0:0:2, 3:0:0:0:0, 2:0:0:0:0, 1:0:0:0:0, 2:0:0:0:0, 3:0:0:0:0, 3:0:0:0:0, 2:1:0:0:1, 2:0:0:0:0, 2:0:0:0:0, 1:0:0:0:0, 1:0:0:0:0, 2:0:0:0:0, 1:0:0:0:0, 2:0:0:0:0, 3:0:1:0:1, 0:0:0:0:0, 1:0:0:0:0, 1:0:0:0:0, 1:0:0:0:0, 1:0:0:0:0, 3:1:0:0:1, 2:0:0:0:0, 1:0:0:0:0, 0:0:0:0:0, 1:0:0:0:0, 2:0:0:0:0, 3:0:1:0:1, 4:0:0:0:0, 3:0:0:0:0, 1:0:0:0:0, 0:0:0:0:0, 1:0:0:0:0, 2:0:0:0:0, 2:0:0:0:0, 2:0:0:0:0, 1:0:0:0:0, 1:0:0:0:0, 2:0:0:0:0, 2:0:0:0:0, 1:0:0:0:0, 0:0:0:0:0, 2:0:0:0:0, 4:0:0:0:0, 3:0:0:0:0, 3:0:0:0:0, 3:0:0:0:0, 2:0:0:0:0, 2:0:1:0:1, 4:0:0:0:0, 3:0:0:0:0, 3:0:0:0:0, 2:0:0:0:0, 3:0:0:0:0, 2:0:0:0:0, 2:1:0:0:1, 1:0:0:0:0, 2:1:0:0:1, 2:0:0:0:0, 2:0:0:0:0, 2:0:0:0:0, 0:0:0:0:0, 2:0:0:0:0, 1:0:0:0:0, 0:0:0:0:0, 1:0:0:0:0, 1:2:0:0:2, 1:0:0:0:0, 1:0:0:0:0, 0:0:0:0:0, 0:0:0:0:0, 1:0:0:0:0, 0:0:0:0:0, 0:0:0:0:0, 3:0:0:0:0, 2:0:0:0:0, 3:0:0:0:0, 3:0:0:0:0, 1:0:0:0:0, 0:0:0:0:0, 1:0:0:0:0, 2:0:0:0:0, 1:0:0:0:0, 1:0:0:0:0, 2:0:0:0:0, 1:1:0:0:1, 2:0:0:0:0, 1:0:0:0:0, 0:0:0:0:0, 1:1:0:0:1, 2:0:0:0:0, 3:0:1:0:1, 2:0:0:0:0, 3:0:0:0:0, 2:0:0:0:0, 2:0:0:0:0, 2:1:0:0:1, 3:0:0:0:0, 3:0:0:0:0, 3:0:0:0:0, 3:1:0:0:1, 3:0:0:0:0, 3:1:0:0:1, 2:1:0:0:1, 2:1:0:0:1, 2:0:0:0:0, 1:0:0:0:0, 1:0:0:0:0, 0:0:0:0:0, 0:0:0:0:0, 1:0:0:0:0, 1:0:0:0:0, 0:0:0:0:0, 2:0:0:0:0, 2:0:0:0:0, 2:0:0:0:0, 1:0:0:0:0, 2:0:0:0:0, 2:0:0:0:0, 2:0:0:0:0, 1:0:0:0:0, 0:0:0:0:0, 3:0:0:0:0, 3:0:0:0:0, 4:0:0:0:0, 4:0:0:0:0, 1:0:0:0:0, 1:0:2:0:2, 1:0:0:0:0, 3:1:0:0:1, 1:1:0:0:1, 2:0:0:0:0, 1:0:0:0:0, 2:0:0:0:0, 1:0:0:0:0, 2:0:0:0:0, 1:0:0:0:0, 0:0:0:0:0, 1:0:0:0:0, 3:0:1:0:1, 2:0:0:0:0, 2:0:1:0:1, 2:0:0:0:0, 2:0:0:0:0, 2:0:1:0:1, 4:0:0:0:0, 3:0:0:0:0, 3:0:0:0:0, 3:0:0:0:0, 1:0:0:0:0, 2:0:0:0:0, 2:0:0:0:0, 1:0:0:0:0, 2:1:0:0:1, 1:1:0:0:1, 0:0:0:0:0, 0:0:0:0:0, 0:0:0:0:0, 2:0:0:0:0, 1:0:0:0:0, 0:0:0:0:0, 1:0:0:0:0, 1:0:0:0:0, 1:0:0:0:0, 1:0:0:0:0, 0:0:0:0:0, 2:0:0:0:0, 1:0:0:0:0, 0:0:0:0:0, 1:0:0:0:0, 3:0:0:0:0, 2:0:0:0:0, 3:0:0:0:0, 3:0:0:0:0, 1:1:0:0:1, 1:0:1:0:1, 1:0:0:0:0, 3:0:0:0:0, 2:1:0:0:1, 2:0:0:0:0, 1:0:0:0:0, 2:0:0:0:0, 1:0:0:0:0, 2:0:0:0:0, 1:0:0:0:0, 0:0:0:0:0, 1:0:0:0:0, 3:0:1:0:1, 2:0:0:0:0, 2:0:1:0:1, 2:0:0:0:0, 3:0:0:0:0, 2:0:1:0:1, 4:0:0:0:0, 3:0:0:0:0, 3:0:0:0:0, 3:0:0:0:0, 3:0:0:0:0, 2:0:0:0:0, 2:0:0:0:0, 1:0:0:0:0, 2:1:0:0:1, 1:1:0:0:1, 0:0:0:0:0, 0:0:0:0:0, 0:0:0:0:0, 3:0:0:0:0, 1:0:0:0:0, 0:0:0:0:0, 1:0:0:0:0, 1:0:0:0:0, 1:0:0:0:0, 1:0:0:0:0, 0:0:0:0:0, 2:0:0:0:0, 2:0:0:0:0, 0:0:0:0:0, 1:0:0:0:0, 3:0:0:0:0, 2:0:0:0:0, 2:0:0:0:0, 3:0:0:0:0, 1:1:0:0:1, 1:0:1:0:1, 1:0:0:0:0, 2:1:0:0:1, 1:0:0:0:0, 1:0:0:0:0, 1:0:0:0:0, 1:0:0:0:0, 3:0:0:0:0, 1:0:0:0:0, 0:0:0:0:0, 0:0:0:0:0, 3:0:0:0:0, 3:0:0:0:0, 2:0:0:0:0, 1:0:0:0:0, 2:0:0:0:0, 3:0:1:0:1, 3:1:0:0:1, 4:0:0:0:0, 3:0:0:0:0, 4:0:0:0:0, 3:0:0:0:0, 3:0:0:0:0, 3:1:0:0:1, 2:0:0:0:0, 1:0:0:0:0, 1:0:0:0:0, 1:0:1:0:1, 0:0:0:0:0, 1:0:0:0:0, 1:0:0:0:0, 2:1:0:0:1, 1:0:0:0:0, 2:1:0:0:1, 0:0:0:0:0, 2:0:0:0:0, 1:0:0:0:0, 1:0:0:0:0, 1:0:0:0:0, 1:0:0:0:0, 2:0:0:0:0, 1:1:0:0:1, 0:0:0:0:0, 3:1:0:0:1, 2:0:0:0:0, 3:1:0:0:1, 2:0:0:0:0, 1:1:0:0:1, 0:0:0:0:0, 1:0:0:0:0, 0:0:0:0:0, 1:1:0:0:1, 0:0:0:0:0, 2:0:0:0:0, 1:0:0:0:0, 1:0:0:0:0, 0:0:0:0:0, 1:0:0:0:0, 1:0:0:0:0, 1:0:0:0:0, 1:0:0:0:0, 1:0:0:0:0, 1:0:0:0:0, 1:0:0:0:0, 1:0:0:0:0, 1:0:0:0:0, 1:0:0:0:0, 492:38:17:0:55
G major (1#), 1:0:0:0:0, 2:1:0:0:1, 2:1:0:0:0, 1:0:0:0:1, 1:0:0:0:1, 2:1:0:0:1, 2:2:0:0:1, 3:3:1:0:1, 2:3:0:0:1, 3:2:0:0:0, 3:1:0:0:1, 2:3:0:0:0, 2:2:0:0:1, 3:3:0:0:1, 1:2:0:0:2, 2:1:0:0:2, 3:3:0:0:2, 1:2:0:0:2, 1:1:0:0:1, 2:2:0:0:0, 1:0:0:0:0, 2:0:0:0:2, 1:0:0:0:1, 2:0:0:0:1, 1:0:0:0:1, 0:0:0:0:0, 1:0:0:0:0, 1:1:0:0:0, 3:2:0:0:1, 3:1:0:0:2, 0:0:0:0:0, 2:1:0:0:0, 2:1:0:0:1, 0:0:0:0:0, 0:0:0:0:0, 3:0:0:0:2, 1:0:0:0:1, 1:0:0:0:0, 1:2:0:0:0, 3:1:0:0:2, 2:2:0:0:0, 4:3:1:0:2, 2:0:0:0:2, 1:0:0:0:1, 2:1:0:0:0, 2:3:0:0:0, 1:3:0:0:0, 2:2:0:0:0, 1:0:0:0:1, 1:1:0:0:0, 1:0:0:0:1, 2:0:0:0:1, 1:0:0:0:1, 2:1:0:0:1, 2:2:0:0:1, 2:2:0:0:0, 2:1:0:0:0, 2:1:0:0:1, 3:1:0:0:1, 3:1:1:0:1, 4:3:1:0:2, 2:3:0:0:1, 2:3:0:0:2, 4:1:0:0:3, 2:3:0:0:4, 4:2:0:0:4, 1:0:0:0:0, 1:1:0:0:1, 0:0:0:0:0, 2:0:0:0:2, 0:0:0:0:0, 1:0:0:0:1, 2:0:0:0:1, 1:1:0:0:0, 3:1:0:0:1, 1:1:0:0:0, 1:3:0:0:0, 2:2:0:0:2, 0:0:0:0:0, 1:1:0:0:0, 1:0:0:0:0, 2:1:0:0:1, 2:1:0:0:0, 1:1:0:0:0, 1:0:0:0:1, 1:0:0:0:0, 1:2:0:0:0, 2:2:0:0:0, 2:3:0:0:1, 3:2:0:0:1, 1:0:0:0:0, 1:0:0:0:0, 2:1:0:0:0, 2:3:0:0:0, 2:3:0:0:0, 2:3:0:0:0, 1:1:0:0:0, 2:1:0:0:0, 2:0:0:0:1, 2:0:0:0:0, 1:1:0:0:0, 1:0:0:0:0, 1:2:0:0:0, 3:1:0:0:0, 2:3:0:0:0, 3:1:0:0:2, 2:1:0:0:1, 3:1:1:0:1, 3:3:0:0:2, 2:5:0:0:0, 2:2:1:0:3, 3:1:0:0:3, 3:2:0:0:3, 5:3:0:0:4, 1:0:0:0:0, 2:1:1:0:2, 2:0:0:0:1, 1:0:0:0:1, 1:0:0:0:1, 1:0:0:0:1, 1:0:0:0:1, 2:1:0:0:1, 1:1:0:0:0, 1:0:0:0:1, 2:2:0:0:0, 3:1:0:0:2, 0:0:0:0:0, 1:1:0:0:0, 1:0:0:0:1, 1:1:0:0:0, 1:1:0:0:0, 1:0:0:0:0, 1:0:0:0:1, 2:1:0:0:1, 2:3:1:0:1, 2:2:0:0:0, 2:3:0:0:1, 3:1:0:0:2, 2:0:0:0:2, 2:0:0:0:2, 2:0:0:0:1, 3:4:2:0:2, 1:2:0:0:0, 1:1:0:0:0, 1:0:0:0:0, 3:1:0:0:1, 1:1:0:0:0, 1:0:0:0:1, 1:0:0:0:1, 2:1:0:0:1, 1:2:0:0:0, 2:2:0:0:0, 1:3:0:0:0, 2:1:0:0:1, 3:1:0:0:1, 2:1:0:0:1, 2:2:0:0:1, 3:3:0:0:2, 2:3:0:0:2, 4:1:0:0:3, 2:2:0:0:3, 4:2:0:0:4, 2:0:0:0:1, 0:0:0:0:0, 0:0:0:0:0, 2:0:0:0:2, 0:0:0:0:0, 1:0:0:0:1, 1:0:0:0:0, 1:0:0:0:0, 1:1:0:0:0, 1:1:0:0:0, 2:2:0:0:0, 3:2:0:0:2, 0:0:0:0:0, 2:1:0:0:0, 2:1:0:0:1, 1:0:0:0:1, 1:0:0:0:1, 0:0:0:0:0, 1:0:0:0:1, 1:0:0:0:0, 1:2:0:0:0, 3:2:0:0:1, 2:3:0:0:1, 3:2:0:0:1, 1:0:0:0:1, 1:0:0:0:0, 2:0:0:0:1, 3:3:1:0:1, 1:3:0:0:0, 3:2:0:0:0, 2:0:0:0:1, 3:1:0:0:1, 1:1:0:0:0, 1:0:0:0:1, 1:0:0:0:1, 2:1:0:0:1, 1:2:0:0:0, 2:2:0:0:0, 1:3:0:0:0, 2:1:0:0:1, 3:1:0:0:1, 2:1:0:0:1, 2:2:0:0:1, 2:2:0:0:2, 2:3:0:0:2, 4:1:0:0:3, 2:3:0:0:2, 4:2:0:0:4, 2:0:0:0:1, 1:1:0:0:0, 0:0:0:0:0, 1:0:0:0:2, 0:0:0:0:0, 1:0:0:0:1, 1:0:0:0:0, 1:0:0:0:0, 1:1:0:0:0, 1:1:0:0:0, 3:2:0:0:1, 3:2:0:0:2, 1:1:0:0:0, 2:1:0:0:0, 2:1:0:0:1, 1:0:0:0:1, 1:0:0:0:1, 0:0:0:0:0, 1:0:0:0:1, 2:1:0:0:1, 1:2:0:0:0, 3:2:0:0:1, 2:3:0:0:1, 3:2:0:0:1, 1:1:0:0:0, 1:0:0:0:0, 2:0:0:0:1, 3:3:1:0:1, 1:3:0:0:0, 2:1:0:0:0, 1:1:0:0:0, 2:1:0:0:0, 2:0:0:0:2, 2:1:0:0:0, 1:0:0:0:1, 1:0:0:0:0, 1:2:0:0:0, 2:2:0:0:0, 3:4:0:0:0, 3:1:1:0:1, 2:2:0:0:1, 3:1:0:0:1, 2:4:0:0:2, 2:3:0:0:0, 2:1:0:0:2, 5:1:0:0:4, 2:3:0:0:4, 5:2:0:0:4, 2:0:0:0:1, 1:1:0:0:0, 2:0:0:0:1, 1:0:0:0:0, 1:0:0:0:0, 0:0:0:0:0, 1:0:0:0:1, 0:0:0:0:0, 2:1:0:0:1, 1:0:0:0:0, 2:2:0:0:1, 2:2:0:0:2, 2:0:0:0:1, 0:0:0:0:0, 1:0:0:0:1, 1:1:0:0:0, 1:1:0:0:0, 1:0:0:0:1, 2:0:0:0:1, 2:1:0:0:1, 2:2:0:0:1, 2:1:0:0:0, 2:2:0:0:1, 3:2:0:0:1, 1:0:0:0:1, 0:0:0:0:0, 2:0:0:0:1, 2:3:0:0:0, 2:3:0:0:1, 0:0:0:0:0, 2:0:0:0:1, 2:3:0:0:0, 2:4:0:0:0, 0:0:0:0:0, 1:0:0:0:0, 2:3:0:0:0, 2:3:0:0:1, 2:4:0:0:1, 1:7:0:0:0, 2:0:0:0:3, 1:0:0:0:1, 1:0:0:0:1, 1:0:0:0:1, 1:0:0:0:1, 1:0:0:0:1, 1:0:0:0:1, 516:347:13:0:249
D minor (1b), 1:2:0:0:2, 1:0:0:0:0, 2:0:0:0:0, 0:0:0:0:0, 1:0:0:0:0, 1:0:0:0:0, 1:1:0:0:1, 1:0:1:0:1, 3:0:0:0:0, 2:0:0:0:0, 2:1:0:0:1, 2:0:0:0:0, 1:0:0:0:0, 2:0:0:0:0, 2:2:0:0:2, 3:0:0:0:0, 2:0:0:0:0, 1:0:0:0:0, 2:0:0:0:0, 3:0:0:0:0, 3:0:0:0:0, 2:1:0:0:1, 2:0:0:0:0, 2:0:0:0:0, 1:0:0:0:0, 1:0:0:0:0, 2:0:0:0:0, 1:0:0:0:0, 2:0:0:0:0, 3:0:1:0:1, 0:0:0:0:0, 1:0:0:0:0, 1:0:0:0:0, 1:0:0:0:0, 1:0:0:0:0, 3:1:0:0:1, 2:0:0:0:0, 1:0:0:0:0, 0:0:0:0:0, 1:0:0:0:0, 2:0:0:0:0, 3:0:1:0:1, 4:0:0:0:0, 3:0:0:0:0, 1:0:0:0:0, 0:0:0:0:0, 1:0:0:0:0, 2:0:0:0:0, 2:0:0:0:0, 2:0:0:0:0, 1:0:0:0:0, 1:0:0:0:0, 2:0:0:0:0, 2:0:0:0:0, 1:0:0:0:0, 0:0:0:0:0, 2:0:0:0:0, 4:0:0:0:0, 3:0:0:0:0, 3:0:0:0:0, 3:0:0:0:0, 2:0:0:0:0, 2:0:1:0:1, 4:0:0:0:0, 3:0:0:0:0, 3:0:0:0:0, 2:0:0:0:0, 3:0:0:0:0, 2:0:0:0:0, 2:1:0:0:1, 1:0:0:0:0, 2:1:0:0:1, 2:0:0:0:0, 2:0:0:0:0, 2:0:0:0:0, 0:0:0:0:0, 2:0:0:0:0, 1:0:0:0:0, 0:0:0:0:0, 1:0:0:0:0, 1:2:0:0:2, 1:0:0:0:0, 1:0:0:0:0, 0:0:0:0:0, 0:0:0:0:0, 1:0:0:0:0, 0:0:0:0:0, 0:0:0:0:0, 3:0:0:0:0, 2:0:0:0:0, 3:0:0:0:0, 3:0:0:0:0, 1:0:0:0:0, 0:0:0:0:0, 1:0:0:0:0, 2:0:0:0:0, 1:0:0:0:0, 1:0:0:0:0, 2:0:0:0:0, 1:1:0:0:1, 2:0:0:0:0, 1:0:0:0:0, 0:0:0:0:0, 1:1:0:0:1, 2:0:0:0:0, 3:0:1:0:1, 2:0:0:0:0, 3:0:0:0:0, 2:0:0:0:0, 2:0:0:0:0, 2:1:0:0:1, 3:0:0:0:0, 3:0:0:0:0, 3:0:0:0:0, 3:1:0:0:1, 3:0:0:0:0, 3:1:0:0:1, 2:1:0:0:1, 2:1:0:0:1, 2:0:0:0:0, 1:0:0:0:0, 1:0:0:0:0, 0:0:0:0:0, 0:0:0:0:0, 1:0:0:0:0, 1:0:0:0:0, 0:0:0:0:0, 2:0:0:0:0, 2:0:0:0:0, 2:0:0:0:0, 1:0:0:0:0, 2:0:0:0:0, 2:0:0:0:0, 2:0:0:0:0, 1:0:0:0:0, 0:0:0:0:0, 3:0:0:0:0, 3:0:0:0:0, 4:0:0:0:0, 4:0:0:0:0, 1:0:0:0:0, 1:0:2:0:2, 1:0:0:0:0, 3:1:0:0:1, 1:1:0:0:1, 2:0:0:0:0, 1:0:0:0:0, 2:0:0:0:0, 1:0:0:0:0, 2:0:0:0:0, 1:0:0:0:0, 0:0:0:0:0, 1:0:0:0:0, 3:0:1:0:1, 2:0:0:0:0, 2:0:1:0:1, 2:0:0:0:0, 2:0:0:0:0, 2:0:1:0:1, 4:0:0:0:0, 3:0:0:0:0, 3:0:0:0:0, 3:0:0:0:0, 1:0:0:0:0, 2:0:0:0:0, 2:0:0:0:0, 1:0:0:0:0, 2:1:0:0:1, 1:1:0:0:1, 0:0:0:0:0, 0:0:0:0:0, 0:0:0:0:0, 2:0:0:0:0, 1:0:0:0:0, 0:0:0:0:0, 1:0:0:0:0, 1:0:0:0:0, 1:0:0:0:0, 1:0:0:0:0, 0:0:0:0:0, 2:0:0:0:0, 1:0:0:0:0, 0:0:0:0:0, 1:0:0:0:0, 3:0:0:0:0, 2:0:0:0:0, 3:0:0:0:0, 3:0:0:0:0, 1:1:0:0:1, 1:0:1:0:1, 1:0:0:0:0, 3:0:0:0:0, 2:1:0:0:1, 2:0:0:0:0, 1:0:0:0:0, 2:0:0:0:0, 1:0:0:0:0, 2:0:0:0:0, 1:0:0:0:0, 0:0:0:0:0, 1:0:0:0:0, 3:0:1:0:1, 2:0:0:0:0, 2:0:1:0:1, 2:0:0:0:0, 3:0:0:0:0, 2:0:1:0:1, 4:0:0:0:0, 3:0:0:0:0, 3:0:0:0:0, 3:0:0:0:0, 3:0:0:0:0, 2:0:0:0:0, 2:0:0:0:0, 1:0:0:0:0, 2:1:0:0:1, 1:1:0:0:1, 0:0:0:0:0, 0:0:0:0:0, 0:0:0:0:0, 3:0:0:0:0, 1:0:0:0:0, 0:0:0:0:0, 1:0:0:0:0, 1:0:0:0:0, 1:0:0:0:0, 1:0:0:0:0, 0:0:0:0:0, 2:0:0:0:0, 2:0:0:0:0, 0:0:0:0:0, 1:0:0:0:0, 3:0:0:0:0, 2:0:0:0:0, 2:0:0:0:0, 3:0:0:0:0, 1:1:0:0:1, 1:0:1:0:1, 1:0:0:0:0, 2:1:0:0:1, 1:0:0:0:0, 1:0:0:0:0, 1:0:0:0:0, 1:0:0:0:0, 3:0:0:0:0, 1:0:0:0:0, 0:0:0:0:0, 0:0:0:0:0, 3:0:0:0:0, 3:0:0:0:0, 2:0:0:0:0, 1:0:0:0:0, 2:0:0:0:0, 3:0:1:0:1, 3:1:0:0:1, 4:0:0:0:0, 3:0:0:0:0, 4:0:0:0:0, 3:0:0:0:0, 3:0:0:0:0, 3:1:0:0:1, 2:0:0:0:0, 1:0:0:0:0, 1:0:0:0:0, 1:0:1:0:1, 0:0:0:0:0, 1:0:0:0:0, 1:0:0:0:0, 2:1:0:0:1, 1:0:0:0:0, 2:1:0:0:1, 0:0:0:0:0, 2:0:0:0:0, 1:0:0:0:0, 1:0:0:0:0, 1:0:0:0:0, 1:0:0:0:0, 2:0:0:0:0, 1:1:0:0:1, 0:0:0:0:0, 3:1:0:0:1, 2:0:0:0:0, 3:1:0:0:1, 2:0:0:0:0, 1:1:0:0:1, 0:0:0:0:0, 1:0:0:0:0, 0:0:0:0:0, 1:1:0:0:1, 0:0:0:0:0, 2:0:0:0:0, 1:0:0:0:0, 1:0:0:0:0, 0:0:0:0:0, 1:0:0:0:0, 1:0:0:0:0, 1:0:0:0:0, 1:0:0:0:0, 1:0:0:0:0, 1:0:0:0:0, 1:0:0:0:0, 1:0:0:0:0, 1:0:0:0:0, 1:0:0:0:0, 492:38:17:0:55
E minor (1#), 1:0:0:0:0, 2:1:0:0:1, 2:1:0:0:0, 1:0:0:0:1, 1:0:0:0:1, 2:1:0:0:1, 2:2:0:0:1, 3:3:1:0:1, 2:3:0:0:1, 3:2:0:0:0, 3:1:0:0:1, 2:3:0:0:0, 2:2:0:0:1, 3:3:0:0:1, 1:2:0:0:2, 2:1:0:0:2, 3:3:0:0:2, 1:2:0:0:2, 1:1:0:0:1, 2:2:0:0:0, 1:0:0:0:0, 2:0:0:0:2, 1:0:0:0:1, 2:0:0:0:1, 1:0:0:0:1, 0:0:0:0:0, 1:0:0:0:0, 1:1:0:0:0, 3:2:0:0:1, 3:1:0:0:2, 0:0:0:0:0, 2:1:0:0:0, 2:1:0:0:1, 0:0:0:0:0, 0:0:0:0:0, 3:0:0:0:2, 1:0:0:0:1, 1:0:0:0:0, 1:2:0:0:0, 3:1:0:0:2, 2:2:0:0:0, 4:3:1:0:2, 2:0:0:0:2, 1:0:0:0:1, 2:1:0:0:0, 2:3:0:0:0, 1:3:0:0:0, 2:2:0:0:0, 1:0:0:0:1, 1:1:0:0:0, 1:0:0:0:1, 2:0:0:0:1, 1:0:0:0:1, 2:1:0:0:1, 2:2:0:0:1, 2:2:0:0:0, 2:1:0:0:0, 2:1:0:0:1, 3:1:0:0:1, 3:1:1:0:1, 4:3:1:0:2, 2:3:0:0:1, 2:3:0:0:2, 4:1:0:0:3, 2:3:0:0:4, 4:2:0:0:4, 1:0:0:0:0, 1:1:0:0:1, 0:0:0:0:0, 2:0:0:0:2, 0:0:0:0:0, 1:0:0:0:1, 2:0:0:0:1, 1:1:0:0:0, 3:1:0:0:1, 1:1:0:0:0, 1:3:0:0:0, 2:2:0:0:2, 0:0:0:0:0, 1:1:0:0:0, 1:0:0:0:0, 2:1:0:0:1, 2:1:0:0:0, 1:1:0:0:0, 1:0:0:0:1, 1:0:0:0:0, 1:2:0:0:0, 2:2:0:0:0, 2:3:0:0:1, 3:2:0:0:1, 1:0:0:0:0, 1:0:0:0:0, 2:1:0:0:0, 2:3:0:0:0, 2:3:0:0:0, 2:3:0:0:0, 1:1:0:0:0, 2:1:0:0:0, 2:0:0:0:1, 2:0:0:0:0, 1:1:0:0:0, 1:0:0:0:0, 1:2:0:0:0, 3:1:0:0:0, 2:3:0:0:0, 3:1:0:0:2, 2:1:0:0:1, 3:1:1:0:1, 3:3:0:0:2, 2:5:0:0:0, 2:2:1:0:3, 3:1:0:0:3, 3:2:0:0:3, 5:3:0:0:4, 1:0:0:0:0, 2:1:1:0:2, 2:0:0:0:1, 1:0:0:0:1, 1:0:0:0:1, 1:0:0:0:1, 1:0:0:0:1, 2:1:0:0:1, 1:1:0:0:0, 1:0:0:0:1, 2:2:0:0:0, 3:1:0:0:2, 0:0:0:0:0, 1:1:0:0:0, 1:0:0:0:1, 1:1:0:0:0, 1:1:0:0:0, 1:0:0:0:0, 1:0:0:0:1, 2:1:0:0:1, 2:3:1:0:1, 2:2:0:0:0, 2:3:0:0:1, 3:1:0:0:2, 2:0:0:0:2, 2:0:0:0:2, 2:0:0:0:1, 3:4:2:0:2, 1:2:0:0:0, 1:1:0:0:0, 1:0:0:0:0, 3:1:0:0:1, 1:1:0:0:0, 1:0:0:0:1, 1:0:0:0:1, 2:1:0:0:1, 1:2:0:0:0, 2:2:0:0:0, 1:3:0:0:0, 2:1:0:0:1, 3:1:0:0:1, 2:1:0:0:1, 2:2:0:0:1, 3:3:0:0:2, 2:3:0:0:2, 4:1:0:0:3, 2:2:0:0:3, 4:2:0:0:4, 2:0:0:0:1, 0:0:0:0:0, 0:0:0:0:0, 2:0:0:0:2, 0:0:0:0:0, 1:0:0:0:1, 1:0:0:0:0, 1:0:0:0:0, 1:1:0:0:0, 1:1:0:0:0, 2:2:0:0:0, 3:2:0:0:2, 0:0:0:0:0, 2:1:0:0:0, 2:1:0:0:1, 1:0:0:0:1, 1:0:0:0:1, 0:0:0:0:0, 1:0:0:0:1, 1:0:0:0:0, 1:2:0:0:0, 3:2:0:0:1, 2:3:0:0:1, 3:2:0:0:1, 1:0:0:0:1, 1:0:0:0:0, 2:0:0:0:1, 3:3:1:0:1, 1:3:0:0:0, 3:2:0:0:0, 2:0:0:0:1, 3:1:0:0:1, 1:1:0:0:0, 1:0:0:0:1, 1:0:0:0:1, 2:1:0:0:1, 1:2:0:0:0, 2:2:0:0:0, 1:3:0:0:0, 2:1:0:0:1, 3:1:0:0:1, 2:1:0:0:1, 2:2:0:0:1, 2:2:0:0:2, 2:3:0:0:2, 4:1:0:0:3, 2:3:0:0:2, 4:2:0:0:4, 2:0:0:0:1, 1:1:0:0:0, 0:0:0:0:0, 1:0:0:0:2, 0:0:0:0:0, 1:0:0:0:1, 1:0:0:0:0, 1:0:0:0:0, 1:1:0:0:0, 1:1:0:0:0, 3:2:0:0:1, 3:2:0:0:2, 1:1:0:0:0, 2:1:0:0:0, 2:1:0:0:1, 1:0:0:0:1, 1:0:0:0:1, 0:0:0:0:0, 1:0:0:0:1, 2:1:0:0:1, 1:2:0:0:0, 3:2:0:0:1, 2:3:0:0:1, 3:2:0:0:1, 1:1:0:0:0, 1:0:0:0:0, 2:0:0:0:1, 3:3:1:0:1, 1:3:0:0:0, 2:1:0:0:0, 1:1:0:0:0, 2:1:0:0:0, 2:0:0:0:2, 2:1:0:0:0, 1:0:0:0:1, 1:0:0:0:0, 1:2:0:0:0, 2:2:0:0:0, 3:4:0:0:0, 3:1:1:0:1, 2:2:0:0:1, 3:1:0:0:1, 2:4:0:0:2, 2:3:0:0:0, 2:1:0:0:2, 5:1:0:0:4, 2:3:0:0:4, 5:2:0:0:4, 2:0:0:0:1, 1:1:0:0:0, 2:0:0:0:1, 1:0:0:0:0, 1:0:0:0:0, 0:0:0:0:0, 1:0:0:0:1, 0:0:0:0:0, 2:1:0:0:1, 1:0:0:0:0, 2:2:0:0:1, 2:2:0:0:2, 2:0:0:0:1, 0:0:0:0:0, 1:0:0:0:1, 1:1:0:0:0, 1:1:0:0:0, 1:0:0:0:1, 2:0:0:0:1, 2:1:0:0:1, 2:2:0:0:1, 2:1:0:0:0, 2:2:0:0:1, 3:2:0:0:1, 1:0:0:0:1, 0:0:0:0:0, 2:0:0:0:1, 2:3:0:0:0, 2:3:0:0:1, 0:0:0:0:0, 2:0:0:0:1, 2:3:0:0:0, 2:4:0:0:0, 0:0:0:0:0, 1:0:0:0:0, 2:3:0:0:0, 2:3:0:0:1, 2:4:0:0:1, 1:7:0:0:0, 2:0:0:0:3, 1:0:0:0:1, 1:0:0:0:1, 1:0:0:0:1, 1:0:0:0:1, 1:0:0:0:1, 1:0:0:0:1, 516:347:13:0:249
D minor mel (1b), 1:2:0:0:2, 1:0:0:0:0, 2:0:0:0:0, 0:0:0:0:0, 1:0:0:0:0, 1:0:0:0:0, 1:1:0:0:1, 1:0:1:0:1, 3:0:0:0:0, 2:0:0:0:0, 2:1:0:0:1, 2:0:0:0:0, 1:0:0:0:0, 2:0:0:0:0, 2:2:0:0:2, 3:0:0:0:0, 2:0:0:0:0, 1:0:0:0:0, 2:0:0:0:0, 3:0:0:0:0, 3:0:0:0:0, 2:1:0:0:1, 2:0:0:0:0, 2:0:0:0:0, 1:0:0:0:0, 1:0:0:0:0, 2:0:0:0:0, 1:0:0:0:0, 2:0:0:0:0, 3:0:1:0:1, 0:0:0:0:0, 1:0:0:0:0, 1:0:0:0:0, 1:0:0:0:0, 1:0:0:0:0, 3:1:0:0:1, 2:0:0:0:0, 1:0:0:0:0, 0:0:0:0:0, 1:0:0:0:0, 2:0:0:0:0, 3:0:1:0:1, 4:0:0:0:0, 3:0:0:0:0, 1:0:0:0:0, 0:0:0:0:0, 1:0:0:0:0, 2:0:0:0:0, 2:0:0:0:0, 2:0:0:0:0, 1:0:0:0:0, 1:0:0:0:0, 2:0:0:0:0, 2:0:0:0:0, 1:0:0:0:0, 0:0:0:0:0, 2:0:0:0:0, 4:0:0:0:0, 3:0:0:0:0, 3:0:0:0:0, 3:0:0:0:0, 2:0:0:0:0, 2:0:1:0:1, 4:0:0:0:0, 3:0:0:0:0, 3:0:0:0:0, 2:0:0:0:0, 3:0:0:0:0, 2:0:0:0:0, 2:1:0:0:1, 1:0:0:0:0, 2:1:0:0:1, 2:0:0:0:0, 2:0:0:0:0, 2:0:0:0:0, 0:0:0:0:0, 2:0:0:0:0, 1:0:0:0:0, 0:0:0:0:0, 1:0:0:0:0, 1:2:0:0:2, 1:0:0:0:0, 1:0:0:0:0, 0:0:0:0:0, 0:0:0:0:0, 1:0:0:0:0, 0:0:0:0:0, 0:0:0:0:0, 3:0:0:0:0, 2:0:0:0:0, 3:0:0:0:0, 3:0:0:0:0, 1:0:0:0:0, 0:0:0:0:0, 1:0:0:0:0, 2:0:0:0:0, 1:0:0:0:0, 1:0:0:0:0, 2:0:0:0:0, 1:1:0:0:1, 2:0:0:0:0, 1:0:0:0:0, 0:0:0:0:0, 1:1:0:0:1, 2:0:0:0:0, 3:0:1:0:1, 2:0:0:0:0, 3:0:0:0:0, 2:0:0:0:0, 2:0:0:0:0, 2:1:0:0:1, 3:0:0:0:0, 3:0:0:0:0, 3:0:0:0:0, 3:1:0:0:1, 3:0:0:0:0, 3:1:0:0:1, 2:1:0:0:1, 2:1:0:0:1, 2:0:0:0:0, 1:0:0:0:0, 1:0:0:0:0, 0:0:0:0:0, 0:0:0:0:0, 1:0:0:0:0, 1:0:0:0:0, 0:0:0:0:0, 2:0:0:0:0, 2:0:0:0:0, 2:0:0:0:0, 1:0:0:0:0, 2:0:0:0:0, 2:0:0:0:0, 2:0:0:0:0, 1:0:0:0:0, 0:0:0:0:0, 3:0:0:0:0, 3:0:0:0:0, 4:0:0:0:0, 4:0:0:0:0, 1:0:0:0:0, 1:0:2:0:2, 1:0:0:0:0, 3:1:0:0:1, 1:1:0:0:1, 2:0:0:0:0, 1:0:0:0:0, 2:0:0:0:0, 1:0:0:0:0, 2:0:0:0:0, 1:0:0:0:0, 0:0:0:0:0, 1:0:0:0:0, 3:0:1:0:1, 2:0:0:0:0, 2:0:1:0:1, 2:0:0:0:0, 2:0:0:0:0, 2:0:1:0:1, 4:0:0:0:0, 3:0:0:0:0, 3:0:0:0:0, 3:0:0:0:0, 1:0:0:0:0, 2:0:0:0:0, 2:0:0:0:0, 1:0:0:0:0, 2:1:0:0:1, 1:1:0:0:1, 0:0:0:0:0, 0:0:0:0:0, 0:0:0:0:0, 2:0:0:0:0, 1:0:0:0:0, 0:0:0:0:0, 1:0:0:0:0, 1:0:0:0:0, 1:0:0:0:0, 1:0:0:0:0, 0:0:0:0:0, 2:0:0:0:0, 1:0:0:0:0, 0:0:0:0:0, 1:0:0:0:0, 3:0:0:0:0, 2:0:0:0:0, 3:0:0:0:0, 3:0:0:0:0, 1:1:0:0:1, 1:0:1:0:1, 1:0:0:0:0, 3:0:0:0:0, 2:1:0:0:1, 2:0:0:0:0, 1:0:0:0:0, 2:0:0:0:0, 1:0:0:0:0, 2:0:0:0:0, 1:0:0:0:0, 0:0:0:0:0, 1:0:0:0:0, 3:0:1:0:1, 2:0:0:0:0, 2:0:1:0:1, 2:0:0:0:0, 3:0:0:0:0, 2:0:1:0:1, 4:0:0:0:0, 3:0:0:0:0, 3:0:0:0:0, 3:0:0:0:0, 3:0:0:0:0, 2:0:0:0:0, 2:0:0:0:0, 1:0:0:0:0, 2:1:0:0:1, 1:1:0:0:1, 0:0:0:0:0, 0:0:0:0:0, 0:0:0:0:0, 3:0:0:0:0, 1:0:0:0:0, 0:0:0:0:0, 1:0:0:0:0, 1:0:0:0:0, 1:0:0:0:0, 1:0:0:0:0, 0:0:0:0:0, 2:0:0:0:0, 2:0:0:0:0, 0:0:0:0:0, 1:0:0:0:0, 3:0:0:0:0, 2:0:0:0:0, 2:0:0:0:0, 3:0:0:0:0, 1:1:0:0:1, 1:0:1:0:1, 1:0:0:0:0, 2:1:0:0:1, 1:0:0:0:0, 1:0:0:0:0, 1:0:0:0:0, 1:0:0:0:0, 3:0:0:0:0, 1:0:0:0:0, 0:0:0:0:0, 0:0:0:0:0, 3:0:0:0:0, 3:0:0:0:0, 2:0:0:0:0, 1:0:0:0:0, 2:0:0:0:0, 3:0:1:0:1, 3:1:0:0:1, 4:0:0:0:0, 3:0:0:0:0, 4:0:0:0:0, 3:0:0:0:0, 3:0:0:0:0, 3:1:0:0:1, 2:0:0:0:0, 1:0:0:0:0, 1:0:0:0:0, 1:0:1:0:1, 0:0:0:0:0, 1:0:0:0:0, 1:0:0:0:0, 2:1:0:0:1, 1:0:0:0:0, 2:1:0:0:1, 0:0:0:0:0, 2:0:0:0:0, 1:0:0:0:0, 1:0:0:0:0, 1:0:0:0:0, 1:0:0:0:0, 2:0:0:0:0, 1:1:0:0:1, 0:0:0:0:0, 3:1:0:0:1, 2:0:0:0:0, 3:1:0:0:1, 2:0:0:0:0, 1:1:0:0:1, 0:0:0:0:0, 1:0:0:0:0, 0:0:0:0:0, 1:1:0:0:1, 0:0:0:0:0, 2:0:0:0:0, 1:0:0:0:0, 1:0:0:0:0, 0:0:0:0:0, 1:0:0:0:0, 1:0:0:0:0, 1:0:0:0:0, 1:0:0:0:0, 1:0:0:0:0, 1:0:0:0:0, 1:0:0:0:0, 1:0:0:0:0, 1:0:0:0:0, 1:0:0:0:0, 492:38:17:0:55
E minor mel (1#), 1:0:0:0:0, 2:1:0:0:1, 2:1:0:0:0, 1:0:0:0:1, 1:0:0:0:1, 2:1:0:0:1, 2:2:0:0:1, 3:3:1:0:1, 2:3:0:0:1, 3:2:0:0:0, 3:1:0:0:1, 2:3:0:0:0, 2:2:0:0:1, 3:3:0:0:1, 1:2:0:0:2, 2:1:0:0:2, 3:3:0:0:2, 1:2:0:0:2, 1:1:0:0:1, 2:2:0:0:0, 1:0:0:0:0, 2:0:0:0:2, 1:0:0:0:1, 2:0:0:0:1, 1:0:0:0:1, 0:0:0:0:0, 1:0:0:0:0, 1:1:0:0:0, 3:2:0:0:1, 3:1:0:0:2, 0:0:0:0:0, 2:1:0:0:0, 2:1:0:0:1, 0:0:0:0:0, 0:0:0:0:0, 3:0:0:0:2, 1:0:0:0:1, 1:0:0:0:0, 1:2:0:0:0, 3:1:0:0:2, 2:2:0:0:0, 4:3:1:0:2, 2:0:0:0:2, 1:0:0:0:1, 2:1:0:0:0, 2:3:0:0:0, 1:3:0:0:0, 2:2:0:0:0, 1:0:0:0:1, 1:1:0:0:0, 1:0:0:0:1, 2:0:0:0:1, 1:0:0:0:1, 2:1:0:0:1, 2:2:0:0:1, 2:2:0:0:0, 2:1:0:0:0, 2:1:0:0:1, 3:1:0:0:1, 3:1:1:0:1, 4:3:1:0:2, 2:3:0:0:1, 2:3:0:0:2, 4:1:0:0:3, 2:3:0:0:4, 4:2:0:0:4, 1:0:0:0:0, 1:1:0:0:1, 0:0:0:0:0, 2:0:0:0:2, 0:0:0:0:0, 1:0:0:0:1, 2:0:0:0:1, 1:1:0:0:0, 3:1:0:0:1, 1:1:0:0:0, 1:3:0:0:0, 2:2:0:0:2, 0:0:0:0:0, 1:1:0:0:0, 1:0:0:0:0, 2:1:0:0:1, 2:1:0:0:0, 1:1:0:0:0, 1:0:0:0:1, 1:0:0:0:0, 1:2:0:0:0, 2:2:0:0:0, 2:3:0:0:1, 3:2:0:0:1, 1:0:0:0:0, 1:0:0:0:0, 2:1:0:0:0, 2:3:0:0:0, 2:3:0:0:0, 2:3:0:0:0, 1:1:0:0:0, 2:1:0:0:0, 2:0:0:0:1, 2:0:0:0:0, 1:1:0:0:0, 1:0:0:0:0, 1:2:0:0:0, 3:1:0:0:0, 2:3:0:0:0, 3:1:0:0:2, 2:1:0:0:1, 3:1:1:0:1, 3:3:0:0:2, 2:5:0:0:0, 2:2:1:0:3, 3:1:0:0:3, 3:2:0:0:3, 5:3:0:0:4, 1:0:0:0:0, 2:1:1:0:2, 2:0:0:0:1, 1:0:0:0:1, 1:0:0:0:1, 1:0:0:0:1, 1:0:0:0:1, 2:1:0:0:1, 1:1:0:0:0, 1:0:0:0:1, 2:2:0:0:0, 3:1:0:0:2, 0:0:0:0:0, 1:1:0:0:0, 1:0:0:0:1, 1:1:0:0:0, 1:1:0:0:0, 1:0:0:0:0, 1:0:0:0:1, 2:1:0:0:1, 2:3:1:0:1, 2:2:0:0:0, 2:3:0:0:1, 3:1:0:0:2, 2:0:0:0:2, 2:0:0:0:2, 2:0:0:0:1, 3:4:2:0:2, 1:2:0:0:0, 1:1:0:0:0, 1:0:0:0:0, 3:1:0:0:1, 1:1:0:0:0, 1:0:0:0:1, 1:0:0:0:1, 2:1:0:0:1, 1:2:0:0:0, 2:2:0:0:0, 1:3:0:0:0, 2:1:0:0:1, 3:1:0:0:1, 2:1:0:0:1, 2:2:0:0:1, 3:3:0:0:2, 2:3:0:0:2, 4:1:0:0:3, 2:2:0:0:3, 4:2:0:0:4, 2:0:0:0:1, 0:0:0:0:0, 0:0:0:0:0, 2:0:0:0:2, 0:0:0:0:0, 1:0:0:0:1, 1:0:0:0:0, 1:0:0:0:0, 1:1:0:0:0, 1:1:0:0:0, 2:2:0:0:0, 3:2:0:0:2, 0:0:0:0:0, 2:1:0:0:0, 2:1:0:0:1, 1:0:0:0:1, 1:0:0:0:1, 0:0:0:0:0, 1:0:0:0:1, 1:0:0:0:0, 1:2:0:0:0, 3:2:0:0:1, 2:3:0:0:1, 3:2:0:0:1, 1:0:0:0:1, 1:0:0:0:0, 2:0:0:0:1, 3:3:1:0:1, 1:3:0:0:0, 3:2:0:0:0, 2:0:0:0:1, 3:1:0:0:1, 1:1:0:0:0, 1:0:0:0:1, 1:0:0:0:1, 2:1:0:0:1, 1:2:0:0:0, 2:2:0:0:0, 1:3:0:0:0, 2:1:0:0:1, 3:1:0:0:1, 2:1:0:0:1, 2:2:0:0:1, 2:2:0:0:2, 2:3:0:0:2, 4:1:0:0:3, 2:3:0:0:2, 4:2:0:0:4, 2:0:0:0:1, 1:1:0:0:0, 0:0:0:0:0, 1:0:0:0:2, 0:0:0:0:0, 1:0:0:0:1, 1:0:0:0:0, 1:0:0:0:0, 1:1:0:0:0, 1:1:0:0:0, 3:2:0:0:1, 3:2:0:0:2, 1:1:0:0:0, 2:1:0:0:0, 2:1:0:0:1, 1:0:0:0:1, 1:0:0:0:1, 0:0:0:0:0, 1:0:0:0:1, 2:1:0:0:1, 1:2:0:0:0, 3:2:0:0:1, 2:3:0:0:1, 3:2:0:0:1, 1:1:0:0:0, 1:0:0:0:0, 2:0:0:0:1, 3:3:1:0:1, 1:3:0:0:0, 2:1:0:0:0, 1:1:0:0:0, 2:1:0:0:0, 2:0:0:0:2, 2:1:0:0:0, 1:0:0:0:1, 1:0:0:0:0, 1:2:0:0:0, 2:2:0:0:0, 3:4:0:0:0, 3:1:1:0:1, 2:2:0:0:1, 3:1:0:0:1, 2:4:0:0:2, 2:3:0:0:0, 2:1:0:0:2, 5:1:0:0:4, 2:3:0:0:4, 5:2:0:0:4, 2:0:0:0:1, 1:1:0:0:0, 2:0:0:0:1, 1:0:0:0:0, 1:0:0:0:0, 0:0:0:0:0, 1:0:0:0:1, 0:0:0:0:0, 2:1:0:0:1, 1:0:0:0:0, 2:2:0:0:1, 2:2:0:0:2, 2:0:0:0:1, 0:0:0:0:0, 1:0:0:0:1, 1:1:0:0:0, 1:1:0:0:0, 1:0:0:0:1, 2:0:0:0:1, 2:1:0:0:1, 2:2:0:0:1, 2:1:0:0:0, 2:2:0:0:1, 3:2:0:0:1, 1:0:0:0:1, 0:0:0:0:0, 2:0:0:0:1, 2:3:0:0:0, 2:3:0:0:1, 0:0:0:0:0, 2:0:0:0:1, 2:3:0:0:0, 2:4:0:0:0, 0:0:0:0:0, 1:0:0:0:0, 2:3:0:0:0, 2:3:0:0:1, 2:4:0:0:1, 1:7:0:0:0, 2:0:0:0:3, 1:0:0:0:1, 1:0:0:0:1, 1:0:0:0:1, 1:0:0:0:1, 1:0:0:0:1, 1:0:0:0:1, 516:347:13:0:249
F major blues (1b), 1:2:0:0:2, 1:0:0:0:0, 2:0:0:0:0, 0:0:0:0:0, 1:0:0:0:0, 1:0:0:0:0, 1:1:0:0:1, 1:0:1:0:1, 3:0:0:0:0, 2:0:0:0:0, 2:1:0:0:1, 2:0:0:0:0, 1:0:0:0:0, 2:0:0:0:0, 2:2:0:0:2, 3:0:0:0:0, 2:0:0:0:0, 1:0:0:0:0, 2:0:0:0:0, 3:0:0:0:0, 3:0:0:0:0, 2:1:0:0:1, 2:0:0:0:0, 2:0:0:0:0, 1:0:0:0:0, 1:0:0:0:0, 2:0:0:0:0, 1:0:0:0:0, 2:0:0:0:0, 3:0:1:0:1, 0:0:0:0:0, 1:0:0:0:0, 1:0:0:0:0, 1:0:0:0:0, 1:0:0:0:0, 3:1:0:0:1, 2:0:0:0:0, 1:0:0:0:0, 0:0:0:0:0, 1:0:0:0:0, 2:0:0:0:0, 3:0:1:0:1, 4:0:0:0:0, 3:0:0:0:0, 1:0:0:0:0, 0:0:0:0:0, 1:0:0:0:0, 2:0:0:0:0, 2:0:0:0:0, 2:0:0:0:0, 1:0:0:0:0, 1:0:0:0:0, 2:0:0:0:0, 2:0:0:0:0, 1:0:0:0:0, 0:0:0:0:0, 2:0:0:0:0, 4:0:0:0:0, 3:0:0:0:0, 3:0:0:0:0, 3:0:0:0:0, 2:0:0:0:0, 2:0:1:0:1, 4:0:0:0:0, 3:0:0:0:0, 3:0:0:0:0, 2:0:0:0:0, 3:0:0:0:0, 2:0:0:0:0, 2:1:0:0:1, 1:0:0:0:0, 2:1:0:0:1, 2:0:0:0:0, 2:0:0:0:0, 2:0:0:0:0, 0:0:0:0:0, 2:0:0:0:0, 1:0:0:0:0, 0:0:0:0:0, 1:0:0:0:0, 1:2:0:0:2, 1:0:0:0:0, 1:0:0:0:0, 0:0:0:0:0, 0:0:0:0:0, 1:0:0:0:0, 0:0:0:0:0, 0:0:0:0:0, 3:0:0:0:0, 2:0:0:0:0, 3:0:0:0:0, 3:0:0:0:0, 1:0:0:0:0, 0:0:0:0:0, 1:0:0:0:0, 2:0:0:0:0, 1:0:0:0:0, 1:0:0:0:0, 2:0:0:0:0, 1:1:0:0:1, 2:0:0:0:0, 1:0:0:0:0, 0:0:0:0:0, 1:1:0:0:1, 2:0:0:0:0, 3:0:1:0:1, 2:0:0:0:0, 3:0:0:0:0, 2:0:0:0:0, 2:0:0:0:0, 2:1:0:0:1, 3:0:0:0:0, 3:0:0:0:0, 3:0:0:0:0, 3:1:0:0:1, 3:0:0:0:0, 3:1:0:0:1, 2:1:0:0:1, 2:1:0:0:1, 2:0:0:0:0, 1:0:0:0:0, 1:0:0:0:0, 0:0:0:0:0, 0:0:0:0:0, 1:0:0:0:0, 1:0:0:0:0, 0:0:0:0:0, 2:0:0:0:0, 2:0:0:0:0, 2:0:0:0:0, 1:0:0:0:0, 2:0:0:0:0, 2:0:0:0:0, 2:0:0:0:0, 1:0:0:0:0, 0:0:0:0:0, 3:0:0:0:0, 3:0:0:0:0, 4:0:0:0:0, 4:0:0:0:0, 1:0:0:0:0, 1:0:2:0:2, 1:0:0:0:0, 3:1:0:0:1, 1:1:0:0:1, 2:0:0:0:0, 1:0:0:0:0, 2:0:0:0:0, 1:0:0:0:0, 2:0:0:0:0, 1:0:0:0:0, 0:0:0:0:0, 1:0:0:0:0, 3:0:1:0:1, 2:0:0:0:0, 2:0:1:0:1, 2:0:0:0:0, 2:0:0:0:0, 2:0:1:0:1, 4:0:0:0:0, 3:0:0:0:0, 3:0:0:0:0, 3:0:0:0:0, 1:0:0:0:0, 2:0:0:0:0, 2:0:0:0:0, 1:0:0:0:0, 2:1:0:0:1, 1:1:0:0:1, 0:0:0:0:0, 0:0:0:0:0, 0:0:0:0:0, 2:0:0:0:0, 1:0:0:0:0, 0:0:0:0:0, 1:0:0:0:0, 1:0:0:0:0, 1:0:0:0:0, 1:0:0:0:0, 0:0:0:0:0, 2:0:0:0:0, 1:0:0:0:0, 0:0:0:0:0, 1:0:0:0:0, 3:0:0:0:0, 2:0:0:0:0, 3:0:0:0:0, 3:0:0:0:0, 1:1:0:0:1, 1:0:1:0:1, 1:0:0:0:0, 3:0:0:0:0, 2:1:0:0:1, 2:0:0:0:0, 1:0:0:0:0, 2:0:0:0:0, 1:0:0:0:0, 2:0:0:0:0, 1:0:0:0:0, 0:0:0:0:0, 1:0:0:0:0, 3:0:1:0:1, 2:0:0:0:0, 2:0:1:0:1, 2:0:0:0:0, 3:0:0:0:0, 2:0:1:0:1, 4:0:0:0:0, 3:0:0:0:0, 3:0:0:0:0, 3:0:0:0:0, 3:0:0:0:0, 2:0:0:0:0, 2:0:0:0:0, 1:0:0:0:0, 2:1:0:0:1, 1:1:0:0:1, 0:0:0:0:0, 0:0:0:0:0, 0:0:0:0:0, 3:0:0:0:0, 1:0:0:0:0, 0:0:0:0:0, 1:0:0:0:0, 1:0:0:0:0, 1:0:0:0:0, 1:0:0:0:0, 0:0:0:0:0, 2:0:0:0:0, 2:0:0:0:0, 0:0:0:0:0, 1:0:0:0:0, 3:0:0:0:0, 2:0:0:0:0, 2:0:0:0:0, 3:0:0:0:0, 1:1:0:0:1, 1:0:1:0:1, 1:0:0:0:0, 2:1:0:0:1, 1:0:0:0:0, 1:0:0:0:0, 1:0:0:0:0, 1:0:0:0:0, 3:0:0:0:0, 1:0:0:0:0, 0:0:0:0:0, 0:0:0:0:0, 3:0:0:0:0, 3:0:0:0:0, 2:0:0:0:0, 1:0:0:0:0, 2:0:0:0:0, 3:0:1:0:1, 3:1:0:0:1, 4:0:0:0:0, 3:0:0:0:0, 4:0:0:0:0, 3:0:0:0:0, 3:0:0:0:0, 3:1:0:0:1, 2:0:0:0:0, 1:0:0:0:0, 1:0:0:0:0, 1:0:1:0:1, 0:0:0:0:0, 1:0:0:0:0, 1:0:0:0:0, 2:1:0:0:1, 1:0:0:0:0, 2:1:0:0:1, 0:0:0:0:0, 2:0:0:0:0, 1:0:0:0:0, 1:0:0:0:0, 1:0:0:0:0, 1:0:0:0:0, 2:0:0:0:0, 1:1:0:0:1, 0:0:0:0:0, 3:1:0:0:1, 2:0:0:0:0, 3:1:0:0:1, 2:0:0:0:0, 1:1:0:0:1, 0:0:0:0:0, 1:0:0:0:0, 0:0:0:0:0, 1:1:0:0:1, 0:0:0:0:0, 2:0:0:0:0, 1:0:0:0:0, 1:0:0:0:0, 0:0:0:0:0, 1:0:0:0:0, 1:0:0:0:0, 1:0:0:0:0, 1:0:0:0:0, 1:0:0:0:0, 1:0:0:0:0, 1:0:0:0:0, 1:0:0:0:0, 1:0:0:0:0, 1:0:0:0:0, 492:38:17:0:55
G major blues (1#), 1:0:0:0:0, 2:1:0:0:1, 2:1:0:0:0, 1:0:0:0:1, 1:0:0:0:1, 2:1:0:0:1, 2:2:0:0:1, 3:3:1:0:1, 2:3:0:0:1, 3:2:0:0:0, 3:1:0:0:1, 2:3:0:0:0, 2:2:0:0:1, 3:3:0:0:1, 1:2:0:0:2, 2:1:0:0:2, 3:3:0:0:2, 1:2:0:0:2, 1:1:0:0:1, 2:2:0:0:0, 1:0:0:0:0, 2:0:0:0:2, 1:0:0:0:1, 2:0:0:0:1, 1:0:0:0:1, 0:0:0:0:0, 1:0:0:0:0, 1:1:0:0:0, 3:2:0:0:1, 3:1:0:0:2, 0:0:0:0:0, 2:1:0:0:0, 2:1:0:0:1, 0:0:0:0:0, 0:0:0:0:0, 3:0:0:0:2, 1:0:0:0:1, 1:0:0:0:0, 1:2:0:0:0, 3:1:0:0:2, 2:2:0:0:0, 4:3:1:0:2, 2:0:0:0:2, 1:0:0:0:1, 2:1:0:0:0, 2:3:0:0:0, 1:3:0:0:0, 2:2:0:0:0, 1:0:0:0:1, 1:1:0:0:0, 1:0:0:0:1, 2:0:0:0:1, 1:0:0:0:1, 2:1:0:0:1, 2:2:0:0:1, 2:2:0:0:0, 2:1:0:0:0, 2:1:0:0:1, 3:1:0:0:1, 3:1:1:0:1, 4:3:1:0:2, 2:3:0:0:1, 2:3:0:0:2, 4:1:0:0:3, 2:3:0:0:4, 4:2:0:0:4, 1:0:0:0:0, 1:1:0:0:1, 0:0:0:0:0, 2:0:0:0:2, 0:0:0:0:0, 1:0:0:0:1, 2:0:0:0:1, 1:1:0:0:0, 3:1:0:0:1, 1:1:0:0:0, 1:3:0:0:0, 2:2:0:0:2, 0:0:0:0:0, 1:1:0:0:0, 1:0:0:0:0, 2:1:0:0:1, 2:1:0:0:0, 1:1:0:0:0, 1:0:0:0:1, 1:0:0:0:0, 1:2:0:0:0, 2:2:0:0:0, 2:3:0:0:1, 3:2:0:0:1, 1:0:0:0:0, 1:0:0:0:0, 2:1:0:0:0, 2:3:0:0:0, 2:3:0:0:0, 2:3:0:0:0, 1:1:0:0:0, 2:1:0:0:0, 2:0:0:0:1, 2:0:0:0:0, 1:1:0:0:0, 1:0:0:0:0, 1:2:0:0:0, 3:1:0:0:0, 2:3:0:0:0, 3:1:0:0:2, 2:1:0:0:1, 3:1:1:0:1, 3:3:0:0:2, 2:5:0:0:0, 2:2:1:0:3, 3:1:0:0:3, 3:2:0:0:3, 5:3:0:0:4, 1:0:0:0:0, 2:1:1:0:2, 2:0:0:0:1, 1:0:0:0:1, 1:0:0:0:1, 1:0:0:0:1, 1:0:0:0:1, 2:1:0:0:1, 1:1:0:0:0, 1:0:0:0:1, 2:2:0:0:0, 3:1:0:0:2, 0:0:0:0:0, 1:1:0:0:0, 1:0:0:0:1, 1:1:0:0:0, 1:1:0:0:0, 1:0:0:0:0, 1:0:0:0:1, 2:1:0:0:1, 2:3:1:0:1, 2:2:0:0:0, 2:3:0:0:1, 3:1:0:0:2, 2:0:0:0:2, 2:0:0:0:2, 2:0:0:0:1, 3:4:2:0:2, 1:2:0:0:0, 1:1:0:0:0, 1:0:0:0:0, 3:1:0:0:1, 1:1:0:0:0, 1:0:0:0:1, 1:0:0:0:1, 2:1:0:0:1, 1:2:0:0:0, 2:2:0:0:0, 1:3:0:0:0, 2:1:0:0:1, 3:1:0:0:1, 2:1:0:0:1, 2:2:0:0:1, 3:3:0:0:2, 2:3:0:0:2, 4:1:0:0:3, 2:2:0:0:3, 4:2:0:0:4, 2:0:0:0:1, 0:0:0:0:0, 0:0:0:0:0, 2:0:0:0:2, 0:0:0:0:0, 1:0:0:0:1, 1:0:0:0:0, 1:0:0:0:0, 1:1:0:0:0, 1:1:0:0:0, 2:2:0:0:0, 3:2:0:0:2, 0:0:0:0:0, 2:1:0:0:0, 2:1:0:0:1, 1:0:0:0:1, 1:0:0:0:1, 0:0:0:0:0, 1:0:0:0:1, 1:0:0:0:0, 1:2:0:0:0, 3:2:0:0:1, 2:3:0:0:1, 3:2:0:0:1, 1:0:0:0:1, 1:0:0:0:0, 2:0:0:0:1, 3:3:1:0:1, 1:3:0:0:0, 3:2:0:0:0, 2:0:0:0:1, 3:1:0:0:1, 1:1:0:0:0, 1:0:0:0:1, 1:0:0:0:1, 2:1:0:0:1, 1:2:0:0:0, 2:2:0:0:0, 1:3:0:0:0, 2:1:0:0:1, 3:1:0:0:1, 2:1:0:0:1, 2:2:0:0:1, 2:2:0:0:2, 2:3:0:0:2, 4:1:0:0:3, 2:3:0:0:2, 4:2:0:0:4, 2:0:0:0:1, 1:1:0:0:0, 0:0:0:0:0, 1:0:0:0:2, 0:0:0:0:0, 1:0:0:0:1, 1:0:0:0:0, 1:0:0:0:0, 1:1:0:0:0, 1:1:0:0:0, 3:2:0:0:1, 3:2:0:0:2, 1:1:0:0:0, 2:1:0:0:0, 2:1:0:0:1, 1:0:0:0:1, 1:0:0:0:1, 0:0:0:0:0, 1:0:0:0:1, 2:1:0:0:1, 1:2:0:0:0, 3:2:0:0:1, 2:3:0:0:1, 3:2:0:0:1, 1:1:0:0:0, 1:0:0:0:0, 2:0:0:0:1, 3:3:1:0:1, 1:3:0:0:0, 2:1:0:0:0, 1:1:0:0:0, 2:1:0:0:0, 2:0:0:0:2, 2:1:0:0:0, 1:0:0:0:1, 1:0:0:0:0, 1:2:0:0:0, 2:2:0:0:0, 3:4:0:0:0, 3:1:1:0:1, 2:2:0:0:1, 3:1:0:0:1, 2:4:0:0:2, 2:3:0:0:0, 2:1:0:0:2, 5:1:0:0:4, 2:3:0:0:4, 5:2:0:0:4, 2:0:0:0:1, 1:1:0:0:0, 2:0:0:0:1, 1:0:0:0:0, 1:0:0:0:0, 0:0:0:0:0, 1:0:0:0:1, 0:0:0:0:0, 2:1:0:0:1, 1:0:0:0:0, 2:2:0:0:1, 2:2:0:0:2, 2:0:0:0:1, 0:0:0:0:0, 1:0:0:0:1, 1:1:0:0:0, 1:1:0:0:0, 1:0:0:0:1, 2:0:0:0:1, 2:1:0:0:1, 2:2:0:0:1, 2:1:0:0:0, 2:2:0:0:1, 3:2:0:0:1, 1:0:0:0:1, 0:0:0:0:0, 2:0:0:0:1, 2:3:0:0:0, 2:3:0:0:1, 0:0:0:0:0, 2:0:0:0:1, 2:3:0:0:0, 2:4:0:0:0, 0:0:0:0:0, 1:0:0:0:0, 2:3:0:0:0, 2:3:0:0:1, 2:4:0:0:1, 1:7:0:0:0, 2:0:0:0:3, 1:0:0:0:1, 1:0:0:0:1, 1:0:0:0:1, 1:0:0:0:1, 1:0:0:0:1, 1:0:0:0:1, 516:347:13:0:249
D minor blues (1b), 1:2:0:0:2, 1:0:0:0:0, 2:0:0:0:0, 0:0:0:0:0, 1:0:0:0:0, 1:0:0:0:0, 1:1:0:0:1, 1:0:1:0:1, 3:0:0:0:0, 2:0:0:0:0, 2:1:0:0:1, 2:0:0:0:0, 1:0:0:0:0, 2:0:0:0:0, 2:2:0:0:2, 3:0:0:0:0, 2:0:0:0:0, 1:0:0:0:0, 2:0:0:0:0, 3:0:0:0:0, 3:0:0:0:0, 2:1:0:0:1, 2:0:0:0:0, 2:0:0:0:0, 1:0:0:0:0, 1:0:0:0:0, 2:0:0:0:0, 1:0:0:0:0, 2:0:0:0:0, 3:0:1:0:1, 0:0:0:0:0, 1:0:0:0:0, 1:0:0:0:0, 1:0:0:0:0, 1:0:0:0:0, 3:1:0:0:1, 2:0:0:0:0, 1:0:0:0:0, 0:0:0:0:0, 1:0:0:0:0, 2:0:0:0:0, 3:0:1:0:1, 4:0:0:0:0, 3:0:0:0:0, 1:0:0:0:0, 0:0:0:0:0, 1:0:0:0:0, 2:0:0:0:0, 2:0:0:0:0, 2:0:0:0:0, 1:0:0:0:0, 1:0:0:0:0, 2:0:0:0:0, 2:0:0:0:0, 1:0:0:0:0, 0:0:0:0:0, 2:0:0:0:0, 4:0:0:0:0, 3:0:0:0:0, 3:0:0:0:0, 3:0:0:0:0, 2:0:0:0:0, 2:0:1:0:1, 4:0:0:0:0, 3:0:0:0:0, 3:0:0:0:0, 2:0:0:0:0, 3:0:0:0:0, 2:0:0:0:0, 2:1:0:0:1, 1:0:0:0:0, 2:1:0:0:1, 2:0:0:0:0, 2:0:0:0:0, 2:0:0:0:0, 0:0:0:0:0, 2:0:0:0:0, 1:0:0:0:0, 0:0:0:0:0, 1:0:0:0:0, 1:2:0:0:2, 1:0:0:0:0, 1:0:0:0:0, 0:0:0:0:0, 0:0:0:0:0, 1:0:0:0:0, 0:0:0:0:0, 0:0:0:0:0, 3:0:0:0:0, 2:0:0:0:0, 3:0:0:0:0, 3:0:0:0:0, 1:0:0:0:0, 0:0:0:0:0, 1:0:0:0:0, 2:0:0:0:0, 1:0:0:0:0, 1:0:0:0:0, 2:0:0:0:0, 1:1:0:0:1, 2:0:0:0:0, 1:0:0:0:0, 0:0:0:0:0, 1:1:0:0:1, 2:0:0:0:0, 3:0:1:0:1, 2:0:0:0:0, 3:0:0:0:0, 2:0:0:0:0, 2:0:0:0:0, 2:1:0:0:1, 3:0:0:0:0, 3:0:0:0:0, 3:0:0:0:0, 3:1:0:0:1, 3:0:0:0:0, 3:1:0:0:1, 2:1:0:0:1, 2:1:0:0:1, 2:0:0:0:0, 1:0:0:0:0, 1:0:0:0:0, 0:0:0:0:0, 0:0:0:0:0, 1:0:0:0:0, 1:0:0:0:0, 0:0:0:0:0, 2:0:0:0:0, 2:0:0:0:0, 2:0:0:0:0, 1:0:0:0:0, 2:0:0:0:0, 2:0:0:0:0, 2:0:0:0:0, 1:0:0:0:0, 0:0:0:0:0, 3:0:0:0:0, 3:0:0:0:0, 4:0:0:0:0, 4:0:0:0:0, 1:0:0:0:0, 1:0:2:0:2, 1:0:0:0:0, 3:1:0:0:1, 1:1:0:0:1, 2:0:0:0:0, 1:0:0:0:0, 2:0:0:0:0, 1:0:0:0:0, 2:0:0:0:0, 1:0:0:0:0, 0:0:0:0:0, 1:0:0:0:0, 3:0:1:0:1, 2:0:0:0:0, 2:0:1:0:1, 2:0:0:0:0, 2:0:0:0:0, 2:0:1:0:1, 4:0:0:0:0, 3:0:0:0:0, 3:0:0:0:0, 3:0:0:0:0, 1:0:0:0:0, 2:0:0:0:0, 2:0:0:0:0, 1:0:0:0:0, 2:1:0:0:1, 1:1:0:0:1, 0:0:0:0:0, 0:0:0:0:0, 0:0:0:0:0, 2:0:0:0:0, 1:0:0:0:0, 0:0:0:0:0, 1:0:0:0:0, 1:0:0:0:0, 1:0:0:0:0, 1:0:0:0:0, 0:0:0:0:0, 2:0:0:0:0, 1:0:0:0:0, 0:0:0:0:0, 1:0:0:0:0, 3:0:0:0:0, 2:0:0:0:0, 3:0:0:0:0, 3:0:0:0:0, 1:1:0:0:1, 1:0:1:0:1, 1:0:0:0:0, 3:0:0:0:0, 2:1:0:0:1, 2:0:0:0:0, 1:0:0:0:0, 2:0:0:0:0, 1:0:0:0:0, 2:0:0:0:0, 1:0:0:0:0, 0:0:0:0:0, 1:0:0:0:0, 3:0:1:0:1, 2:0:0:0:0, 2:0:1:0:1, 2:0:0:0:0, 3:0:0:0:0, 2:0:1:0:1, 4:0:0:0:0, 3:0:0:0:0, 3:0:0:0:0, 3:0:0:0:0, 3:0:0:0:0, 2:0:0:0:0, 2:0:0:0:0, 1:0:0:0:0, 2:1:0:0:1, 1:1:0:0:1, 0:0:0:0:0, 0:0:0:0:0, 0:0:0:0:0, 3:0:0:0:0, 1:0:0:0:0, 0:0:0:0:0, 1:0:0:0:0, 1:0:0:0:0, 1:0:0:0:0, 1:0:0:0:0, 0:0:0:0:0, 2:0:0:0:0, 2:0:0:0:0, 0:0:0:0:0, 1:0:0:0:0, 3:0:0:0:0, 2:0:0:0:0, 2:0:0:0:0, 3:0:0:0:0, 1:1:0:0:1, 1:0:1:0:1, 1:0:0:0:0, 2:1:0:0:1, 1:0:0:0:0, 1:0:0:0:0, 1:0:0:0:0, 1:0:0:0:0, 3:0:0:0:0, 1:0:0:0:0, 0:0:0:0:0, 0:0:0:0:0, 3:0:0:0:0, 3:0:0:0:0, 2:0:0:0:0, 1:0:0:0:0, 2:0:0:0:0, 3:0:1:0:1, 3:1:0:0:1, 4:0:0:0:0, 3:0:0:0:0, 4:0:0:0:0, 3:0:0:0:0, 3:0:0:0:0, 3:1:0:0:1, 2:0:0:0:0, 1:0:0:0:0, 1:0:0:0:0, 1:0:1:0:1, 0:0:0:0:0, 1:0:0:0:0, 1:0:0:0:0, 2:1:0:0:1, 1:0:0:0:0, 2:1:0:0:1, 0:0:0:0:0, 2:0:0:0:0, 1:0:0:0:0, 1:0:0:0:0, 1:0:0:0:0, 1:0:0:0:0, 2:0:0:0:0, 1:1:0:0:1, 0:0:0:0:0, 3:1:0:0:1, 2:0:0:0:0, 3:1:0:0:1, 2:0:0:0:0, 1:1:0:0:1, 0:0:0:0:0, 1:0:0:0:0, 0:0:0:0:0, 1:1:0:0:1, 0:0:0:0:0, 2:0:0:0:0, 1:0:0:0:0, 1:0:0:0:0, 0:0:0:0:0, 1:0:0:0:0, 1:0:0:0:0, 1:0:0:0:0, 1:0:0:0:0, 1:0:0:0:0, 1:0:0:0:0, 1:0:0:0:0, 1:0:0:0:0, 1:0:0:0:0, 1:0:0:0:0, 492:38:17:0:55
E minor blues (1#), 1:0:0:0:0, 2:1:0:0:1, 2:1:0:0:0, 1:0:0:0:1, 1:0:0:0:1, 2:1:0:0:1, 2:2:0:0:1, 3:3:1:0:1, 2:3:0:0:1, 3:2:0:0:0, 3:1:0:0:1, 2:3:0:0:0, 2:2:0:0:1, 3:3:0:0:1, 1:2:0:0:2, 2:1:0:0:2, 3:3:0:0:2, 1:2:0:0:2, 1:1:0:0:1, 2:2:0:0:0, 1:0:0:0:0, 2:0:0:0:2, 1:0:0:0:1, 2:0:0:0:1, 1:0:0:0:1, 0:0:0:0:0, 1:0:0:0:0, 1:1:0:0:0, 3:2:0:0:1, 3:1:0:0:2, 0:0:0:0:0, 2:1:0:0:0, 2:1:0:0:1, 0:0:0:0:0, 0:0:0:0:0, 3:0:0:0:2, 1:0:0:0:1, 1:0:0:0:0, 1:2:0:0:0, 3:1:0:0:2, 2:2:0:0:0, 4:3:1:0:2, 2:0:0:0:2, 1:0:0:0:1, 2:1:0:0:0, 2:3:0:0:0, 1:3:0:0:0, 2:2:0:0:0, 1:0:0:0:1, 1:1:0:0:0, 1:0:0:0:1, 2:0:0:0:1, 1:0:0:0:1, 2:1:0:0:1, 2:2:0:0:1, 2:2:0:0:0, 2:1:0:0:0, 2:1:0:0:1, 3:1:0:0:1, 3:1:1:0:1, 4:3:1:0:2, 2:3:0:0:1, 2:3:0:0:2, 4:1:0:0:3, 2:3:0:0:4, 4:2:0:0:4, 1:0:0:0:0, 1:1:0:0:1, 0:0:0:0:0, 2:0:0:0:2, 0:0:0:0:0, 1:0:0:0:1, 2:0:0:0:1, 1:1:0:0:0, 3:1:0:0:1, 1:1:0:0:0, 1:3:0:0:0, 2:2:0:0:2, 0:0:0:0:0, 1:1:0:0:0, 1:0:0:0:0, 2:1:0:0:1, 2:1:0:0:0, 1:1:0:0:0, 1:0:0:0:1, 1:0:0:0:0, 1:2:0:0:0, 2:2:0:0:0, 2:3:0:0:1, 3:2:0:0:1, 1:0:0:0:0, 1:0:0:0:0, 2:1:0:0:0, 2:3:0:0:0, 2:3:0:0:0, 2:3:0:0:0, 1:1:0:0:0, 2:1:0:0:0, 2:0:0:0:1, 2:0:0:0:0, 1:1:0:0:0, 1:0:0:0:0, 1:2:0:0:0, 3:1:0:0:0, 2:3:0:0:0, 3:1:0:0:2, 2:1:0:0:1, 3:1:1:0:1, 3:3:0:0:2, 2:5:0:0:0, 2:2:1:0:3, 3:1:0:0:3, 3:2:0:0:3, 5:3:0:0:4, 1:0:0:0:0, 2:1:1:0:2, 2:0:0:0:1, 1:0:0:0:1, 1:0:0:0:1, 1:0:0:0:1, 1:0:0:0:1, 2:1:0:0:1, 1:1:0:0:0, 1:0:0:0:1, 2:2:0:0:0, 3:1:0:0:2, 0:0:0:0:0, 1:1:0:0:0, 1:0:0:0:1, 1:1:0:0:0, 1:1:0:0:0, 1:0:0:0:0, 1:0:0:0:1, 2:1:0:0:1, 2:3:1:0:1, 2:2:0:0:0, 2:3:0:0:1, 3:1:0:0:2, 2:0:0:0:2, 2:0:0:0:2, 2:0:0:0:1, 3:4:2:0:2, 1:2:0:0:0, 1:1:0:0:0, 1:0:0:0:0, 3:1:0:0:1, 1:1:0:0:0, 1:0:0:0:1, 1:0:0:0:1, 2:1:0:0:1, 1:2:0:0:0, 2:2:0:0:0, 1:3:0:0:0, 2:1:0:0:1, 3:1:0:0:1, 2:1:0:0:1, 2:2:0:0:1, 3:3:0:0:2, 2:3:0:0:2, 4:1:0:0:3, 2:2:0:0:3, 4:2:0:0:4, 2:0:0:0:1, 0:0:0:0:0, 0:0:0:0:0, 2:0:0:0:2, 0:0:0:0:0, 1:0:0:0:1, 1:0:0:0:0, 1:0:0:0:0, 1:1:0:0:0, 1:1:0:0:0, 2:2:0:0:0, 3:2:0:0:2, 0:0:0:0:0, 2:1:0:0:0, 2:1:0:0:1, 1:0:0:0:1, 1:0:0:0:1, 0:0:0:0:0, 1:0:0:0:1, 1:0:0:0:0, 1:2:0:0:0, 3:2:0:0:1, 2:3:0:0:1, 3:2:0:0:1, 1:0:0:0:1, 1:0:0:0:0, 2:0:0:0:1, 3:3:1:0:1, 1:3:0:0:0, 3:2:0:0:0, 2:0:0:0:1, 3:1:0:0:1, 1:1:0:0:0, 1:0:0:0:1, 1:0:0:0:1, 2:1:0:0:1, 1:2:0:0:0, 2:2:0:0:0, 1:3:0:0:0, 2:1:0:0:1, 3:1:0:0:1, 2:1:0:0:1, 2:2:0:0:1, 2:2:0:0:2, 2:3:0:0:2, 4:1:0:0:3, 2:3:0:0:2, 4:2:0:0:4, 2:0:0:0:1, 1:1:0:0:0, 0:0:0:0:0, 1:0:0:0:2, 0:0:0:0:0, 1:0:0:0:1, 1:0:0:0:0, 1:0:0:0:0, 1:1:0:0:0, 1:1:0:0:0, 3:2:0:0:1, 3:2:0:0:2, 1:1:0:0:0, 2:1:0:0:0, 2:1:0:0:1, 1:0:0:0:1, 1:0:0:0:1, 0:0:0:0:0, 1:0:0:0:1, 2:1:0:0:1, 1:2:0:0:0, 3:2:0:0:1, 2:3:0:0:1, 3:2:0:0:1, 1:1:0:0:0, 1:0:0:0:0, 2:0:0:0:1, 3:3:1:0:1, 1:3:0:0:0, 2:1:0:0:0, 1:1:0:0:0, 2:1:0:0:0, 2:0:0:0:2, 2:1:0:0:0, 1:0:0:0:1, 1:0:0:0:0, 1:2:0:0:0, 2:2:0:0:0, 3:4:0:0:0, 3:1:1:0:1, 2:2:0:0:1, 3:1:0:0:1, 2:4:0:0:2, 2:3:0:0:0, 2:1:0:0:2, 5:1:0:0:4, 2:3:0:0:4, 5:2:0:0:4, 2:0:0:0:1, 1:1:0:0:0, 2:0:0:0:1, 1:0:0:0:0, 1:0:0:0:0, 0:0:0:0:0, 1:0:0:0:1, 0:0:0:0:0, 2:1:0:0:1, 1:0:0:0:0, 2:2:0:0:1, 2:2:0:0:2, 2:0:0:0:1, 0:0:0:0:0, 1:0:0:0:1, 1:1:0:0:0, 1:1:0:0:0, 1:0:0:0:1, 2:0:0:0:1, 2:1:0:0:1, 2:2:0:0:1, 2:1:0:0:0, 2:2:0:0:1, 3:2:0:0:1, 1:0:0:0:1, 0:0:0:0:0, 2:0:0:0:1, 2:3:0:0:0, 2:3:0:0:1, 0:0:0:0:0, 2:0:0:0:1, 2:3:0:0:0, 2:4:0:0:0, 0:0:0:0:0, 1:0:0:0:0, 2:3:0:0:0, 2:3:0:0:1, 2:4:0:0:1, 1:7:0:0:0, 2:0:0:0:3, 1:0:0:0:1, 1:0:0:0:1, 1:0:0:0:1, 1:0:0:0:1, 1:0:0:0:1, 1:0:0:0:1, 516:347:13:0:249
F dorian (1b), 1:2:0:0:2, 1:0:0:0:0, 2:0:0:0:0, 0:0:0:0:0, 1:0:0:0:0, 1:0:0:0:0, 1:1:0:0:1, 1:0:1:0:1, 3:0:0:0:0, 2:0:0:0:0, 2:1:0:0:1, 2:0:0:0:0, 1:0:0:0:0, 2:0:0:0:0, 2:2:0:0:2, 3:0:0:0:0, 2:0:0:0:0, 1:0:0:0:0, 2:0:0:0:0, 3:0:0:0:0, 3:0:0:0:0, 2:1:0:0:1, 2:0:0:0:0, 2:0:0:0:0, 1:0:0:0:0, 1:0:0:0:0, 2:0:0:0:0, 1:0:0:0:0, 2:0:0:0:0, 3:0:1:0:1, 0:0:0:0:0, 1:0:0:0:0, 1:0:0:0:0, 1:0:0:0:0, 1:0:0:0:0, 3:1:0:0:1, 2:0:0:0:0, 1:0:0:0:0, 0:0:0:0:0, 1:0:0:0:0, 2:0:0:0:0, 3:0:1:0:1, 4:0:0:0:0, 3:0:0:0:0, 1:0:0:0:0, 0:0:0:0:0, 1:0:0:0:0, 2:0:0:0:0, 2:0:0:0:0, 2:0:0:0:0, 1:0:0:0:0, 1:0:0:0:0, 2:0:0:0:0, 2:0:0:0:0, 1:0:0:0:0, 0:0:0:0:0, 2:0:0:0:0, 4:0:0:0:0, 3:0:0:0:0, 3:0:0:0:0, 3:0:0:0:0, 2:0:0:0:0, 2:0:1:0:1, 4:0:0:0:0, 3:0:0:0:0, 3:0:0:0:0, 2:0:0:0:0, 3:0:0:0:0, 2:0:0:0:0, 2:1:0:0:1, 1:0:0:0:0, 2:1:0:0:1, 2:0:0:0:0, 2:0:0:0:0, 2:0:0:0:0, 0:0:0:0:0, 2:0:0:0:0, 1:0:0:0:0, 0:0:0:0:0, 1:0:0:0:0, 1:2:0:0:2, 1:0:0:0:0, 1:0:0:0:0, 0:0:0:0:0, 0:0:0:0:0, 1:0:0:0:0, 0:0:0:0:0, 0:0:0:0:0, 3:0:0:0:0, 2:0:0:0:0, 3:0:0:0:0, 3:0:0:0:0, 1:0:0:0:0, 0:0:0:0:0, 1:0:0:0:0, 2:0:0:0:0, 1:0:0:0:0, 1:0:0:0:0, 2:0:0:0:0, 1:1:0:0:1, 2:0:0:0:0, 1:0:0:0:0, 0:0:0:0:0, 1:1:0:0:1, 2:0:0:0:0, 3:0:1:0:1, 2:0:0:0:0, 3:0:0:0:0, 2:0:0:0:0, 2:0:0:0:0, 2:1:0:0:1, 3:0:0:0:0, 3:0:0:0:0, 3:0:0:0:0, 3:1:0:0:1, 3:0:0:0:0, 3:1:0:0:1, 2:1:0:0:1, 2:1:0:0:1, 2:0:0:0:0, 1:0:0:0:0, 1:0:0:0:0, 0:0:0:0:0, 0:0:0:0:0, 1:0:0:0:0, 1:0:0:0:0, 0:0:0:0:0, 2:0:0:0:0, 2:0:0:0:0, 2:0:0:0:0, 1:0:0:0:0, 2:0:0:0:0, 2:0:0:0:0, 2:0:0:0:0, 1:0:0:0:0, 0:0:0:0:0, 3:0:0:0:0, 3:0:0:0:0, 4:0:0:0:0, 4:0:0:0:0, 1:0:0:0:0, 1:0:2:0:2, 1:0:0:0:0, 3:1:0:0:1, 1:1:0:0:1, 2:0:0:0:0, 1:0:0:0:0, 2:0:0:0:0, 1:0:0:0:0, 2:0:0:0:0, 1:0:0:0:0, 0:0:0:0:0, 1:0:0:0:0, 3:0:1:0:1, 2:0:0:0:0, 2:0:1:0:1, 2:0:0:0:0, 2:0:0:0:0, 2:0:1:0:1, 4:0:0:0:0, 3:0:0:0:0, 3:0:0:0:0, 3:0:0:0:0, 1:0:0:0:0, 2:0:0:0:0, 2:0:0:0:0, 1:0:0:0:0, 2:1:0:0:1, 1:1:0:0:1, 0:0:0:0:0, 0:0:0:0:0, 0:0:0:0:0, 2:0:0:0:0, 1:0:0:0:0, 0:0:0:0:0, 1:0:0:0:0, 1:0:0:0:0, 1:0:0:0:0, 1:0:0:0:0, 0:0:0:0:0, 2:0:0:0:0, 1:0:0:0:0, 0:0:0:0:0, 1:0:0:0:0, 3:0:0:0:0, 2:0:0:0:0, 3:0:0:0:0, 3:0:0:0:0, 1:1:0:0:1, 1:0:1:0:1, 1:0:0:0:0, 3:0:0:0:0, 2:1:0:0:1, 2:0:0:0:0, 1:0:0:0:0, 2:0:0:0:0, 1:0:0:0:0, 2:0:0:0:0, 1:0:0:0:0, 0:0:0:0:0, 1:0:0:0:0, 3:0:1:0:1, 2:0:0:0:0, 2:0:1:0:1, 2:0:0:0:0, 3:0:0:0:0, 2:0:1:0:1, 4:0:0:0:0, 3:0:0:0:0, 3:0:0:0:0, 3:0:0:0:0, 3:0:0:0:0, 2:0:0:0:0, 2:0:0:0:0, 1:0:0:0:0, 2:1:0:0:1, 1:1:0:0:1, 0:0:0:0:0, 0:0:0:0:0, 0:0:0:0:0, 3:0:0:0:0, 1:0:0:0:0, 0:0:0:0:0, 1:0:0:0:0, 1:0:0:0:0, 1:0:0:0:0, 1:0:0:0:0, 0:0:0:0:0, 2:0:0:0:0, 2:0:0:0:0, 0:0:0:0:0, 1:0:0:0:0, 3:0:0:0:0, 2:0:0:0:0, 2:0:0:0:0, 3:0:0:0:0, 1:1:0:0:1, 1:0:1:0:1, 1:0:0:0:0, 2:1:0:0:1, 1:0:0:0:0, 1:0:0:0:0, 1:0:0:0:0, 1:0:0:0:0, 3:0:0:0:0, 1:0:0:0:0, 0:0:0:0:0, 0:0:0:0:0, 3:0:0:0:0, 3:0:0:0:0, 2:0:0:0:0, 1:0:0:0:0, 2:0:0:0:0, 3:0:1:0:1, 3:1:0:0:1, 4:0:0:0:0, 3:0:0:0:0, 4:0:0:0:0, 3:0:0:0:0, 3:0:0:0:0, 3:1:0:0:1, 2:0:0:0:0, 1:0:0:0:0, 1:0:0:0:0, 1:0:1:0:1, 0:0:0:0:0, 1:0:0:0:0, 1:0:0:0:0, 2:1:0:0:1, 1:0:0:0:0, 2:1:0:0:1, 0:0:0:0:0, 2:0:0:0:0, 1:0:0:0:0, 1:0:0:0:0, 1:0:0:0:0, 1:0:0:0:0, 2:0:0:0:0, 1:1:0:0:1, 0:0:0:0:0, 3:1:0:0:1, 2:0:0:0:0, 3:1:0:0:1, 2:0:0:0:0, 1:1:0:0:1, 0:0:0:0:0, 1:0:0:0:0, 0:0:0:0:0, 1:1:0:0:1, 0:0:0:0:0, 2:0:0:0:0, 1:0:0:0:0, 1:0:0:0:0, 0:0:0:0:0, 1:0:0:0:0, 1:0:0:0:0, 1:0:0:0:0, 1:0:0:0:0, 1:0:0:0:0, 1:0:0:0:0, 1:0:0:0:0, 1:0:0:0:0, 1:0:0:0:0, 1:0:0:0:0, 492:38:17:0:55
G dorian (1#), 1:0:0:0:0, 2:1:0:0:1, 2:1:0:0:0, 1:0:0:0:1, 1:0:0:0:1, 2:1:0:0:1, 2:2:0:0:1, 3:3:1:0:1, 2:3:0:0:1, 3:2:0:0:0, 3:1:0:0:1, 2:3:0:0:0, 2:2:0:0:1, 3:3:0:0:1, 1:2:0:0:2, 2:1:0:0:2, 3:3:0:0:2, 1:2:0:0:2, 1:1:0:0:1, 2:2:0:0:0, 1:0:0:0:0, 2:0:0:0:2, 1:0:0:0:1, 2:0:0:0:1, 1:0:0:0:1, 0:0:0:0:0, 1:0:0:0:0, 1:1:0:0:0, 3:2:0:0:1, 3:1:0:0:2, 0:0:0:0:0, 2:1:0:0:0, 2:1:0:0:1, 0:0:0:0:0, 0:0:0:0:0, 3:0:0:0:2, 1:0:0:0:1, 1:0:0:0:0, 1:2:0:0:0, 3:1:0:0:2, 2:2:0:0:0, 4:3:1:0:2, 2:0:0:0:2, 1:0:0:0:1, 2:1:0:0:0, 2:3:0:0:0, 1:3:0:0:0, 2:2:0:0:0, 1:0:0:0:1, 1:1:0:0:0, 1:0:0:0:1, 2:0:0:0:1, 1:0:0:0:1, 2:1:0:0:1, 2:2:0:0:1, 2:2:0:0:0, 2:1:0:0:0, 2:1:0:0:1, 3:1:0:0:1, 3:1:1:0:1, 4:3:1:0:2, 2:3:0:0:1, 2:3:0:0:2, 4:1:0:0:3, 2:3:0:0:4, 4:2:0:0:4, 1:0:0:0:0, 1:1:0:0:1, 0:0:0:0:0, 2:0:0:0:2, 0:0:0:0:0, 1:0:0:0:1, 2:0:0:0:1, 1:1:0:0:0, 3:1:0:0:1, 1:1:0:0:0, 1:3:0:0:0, 2:2:0:0:2, 0:0:0:0:0, 1:1:0:0:0, 1:0:0:0:0, 2:1:0:0:1, 2:1:0:0:0, 1:1:0:0:0, 1:0:0:0:1, 1:0:0:0:0, 1:2:0:0:0, 2:2:0:0:0, 2:3:0:0:1, 3:2:0:0:1, 1:0:0:0:0, 1:0:0:0:0, 2:1:0:0:0, 2:3:0:0:0, 2:3:0:0:0, 2:3:0:0:0, 1:1:0:0:0, 2:1:0:0:0, 2:0:0:0:1, 2:0:0:0:0, 1:1:0:0:0, 1:0:0:0:0, 1:2:0:0:0, 3:1:0:0:0, 2:3:0:0:0, 3:1:0:0:2, 2:1:0:0:1, 3:1:1:0:1, 3:3:0:0:2, 2:5:0:0:0, 2:2:1:0:3, 3:1:0:0:3, 3:2:0:0:3, 5:3:0:0:4, 1:0:0:0:0, 2:1:1:0:2, 2:0:0:0:1, 1:0:0:0:1, 1:0:0:0:1, 1:0:0:0:1, 1:0:0:0:1, 2:1:0:0:1, 1:1:0:0:0, 1:0:0:0:1, 2:2:0:0:0, 3:1:0:0:2, 0:0:0:0:0, 1:1:0:0:0, 1:0:0:0:1, 1:1:0:0:0, 1:1:0:0:0, 1:0:0:0:0, 1:0:0:0:1, 2:1:0:0:1, 2:3:1:0:1, 2:2:0:0:0, 2:3:0:0:1, 3:1:0:0:2, 2:0:0:0:2, 2:0:0:0:2, 2:0:0:0:1, 3:4:2:0:2, 1:2:0:0:0, 1:1:0:0:0, 1:0:0:0:0, 3:1:0:0:1, 1:1:0:0:0, 1:0:0:0:1, 1:0:0:0:1, 2:1:0:0:1, 1:2:0:0:0, 2:2:0:0:0, 1:3:0:0:0, 2:1:0:0:1, 3:1:0:0:1, 2:1:0:0:1, 2:2:0:0:1, 3:3:0:0:2, 2:3:0:0:2, 4:1:0:0:3, 2:2:0:0:3, 4:2:0:0:4, 2:0:0:0:1, 0:0:0:0:0, 0:0:0:0:0, 2:0:0:0:2, 0:0:0:0:0, 1:0:0:0:1, 1:0:0:0:0, 1:0:0:0:0, 1:1:0:0:0, 1:1:0:0:0, 2:2:0:0:0, 3:2:0:0:2, 0:0:0:0:0, 2:1:0:0:0, 2:1:0:0:1, 1:0:0:0:1, 1:0:0:0:1, 0:0:0:0:0, 1:0:0:0:1, 1:0:0:0:0, 1:2:0:0:0, 3:2:0:0:1, 2:3:0:0:1, 3:2:0:0:1, 1:0:0:0:1, 1:0:0:0:0, 2:0:0:0:1, 3:3:1:0:1, 1:3:0:0:0, 3:2:0:0:0, 2:0:0:0:1, 3:1:0:0:1, 1:1:0:0:0, 1:0:0:0:1, 1:0:0:0:1, 2:1:0:0:1, 1:2:0:0:0, 2:2:0:0:0, 1:3:0:0:0, 2:1:0:0:1, 3:1:0:0:1, 2:1:0:0:1, 2:2:0:0:1, 2:2:0:0:2, 2:3:0:0:2, 4:1:0:0:3, 2:3:0:0:2, 4:2:0:0:4, 2:0:0:0:1, 1:1:0:0:0, 0:0:0:0:0, 1:0:0:0:2, 0:0:0:0:0, 1:0:0:0:1, 1:0:0:0:0, 1:0:0:0:0, 1:1:0:0:0, 1:1:0:0:0, 3:2:0:0:1, 3:2:0:0:2, 1:1:0:0:0, 2:1:0:0:0, 2:1:0:0:1, 1:0:0:0:1, 1:0:0:0:1, 0:0:0:0:0, 1:0:0:0:1, 2:1:0:0:1, 1:2:0:0:0, 3:2:0:0:1, 2:3:0:0:1, 3:2:0:0:1, 1:1:0:0:0, 1:0:0:0:0, 2:0:0:0:1, 3:3:1:0:1, 1:3:0:0:0, 2:1:0:0:0, 1:1:0:0:0, 2:1:0:0:0, 2:0:0:0:2, 2:1:0:0:0, 1:0:0:0:1, 1:0:0:0:0, 1:2:0:0:0, 2:2:0:0:0, 3:4:0:0:0, 3:1:1:0:1, 2:2:0:0:1, 3:1:0:0:1, 2:4:0:0:2, 2:3:0:0:0, 2:1:0:0:2, 5:1:0:0:4, 2:3:0:0:4, 5:2:0:0:4, 2:0:0:0:1, 1:1:0:0:0, 2:0:0:0:1, 1:0:0:0:0, 1:0:0:0:0, 0:0:0:0:0, 1:0:0:0:1, 0:0:0:0:0, 2:1:0:0:1, 1:0:0:0:0, 2:2:0:0:1, 2:2:0:0:2, 2:0:0:0:1, 0:0:0:0:0, 1:0:0:0:1, 1:1:0:0:0, 1:1:0:0:0, 1:0:0:0:1, 2:0:0:0:1, 2:1:0:0:1, 2:2:0:0:1, 2:1:0:0:0, 2:2:0:0:1, 3:2:0:0:1, 1:0:0:0:1, 0:0:0:0:0, 2:0:0:0:1, 2:3:0:0:0, 2:3:0:0:1, 0:0:0:0:0, 2:0:0:0:1, 2:3:0:0:0, 2:4:0:0:0, 0:0:0:0:0, 1:0:0:0:0, 2:3:0:0:0, 2:3:0:0:1, 2:4:0:0:1, 1:7:0:0:0, 2:0:0:0:3, 1:0:0:0:1, 1:0:0:0:1, 1:0:0:0:1, 1:0:0:0:1, 1:0:0:0:1, 1:0:0:0:1, 516:347:13:0:249
F phrygian (1b), 1:2:0:0:2, 1:0:0:0:0, 2:0:0:0:0, 0:0:0:0:0, 1:0:0:0:0, 1:0:0:0:0, 1:1:0:0:1, 1:0:1:0:1, 3:0:0:0:0, 2:0:0:0:0, 2:1:0:0:1, 2:0:0:0:0, 1:0:0:0:0, 2:0:0:0:0, 2:2:0:0:2, 3:0:0:0:0, 2:0:0:0:0, 1:0:0:0:0, 2:0:0:0:0, 3:0:0:0:0, 3:0:0:0:0, 2:1:0:0:1, 2:0:0:0:0, 2:0:0:0:0, 1:0:0:0:0, 1:0:0:0:0, 2:0:0:0:0, 1:0:0:0:0, 2:0:0:0:0, 3:0:1:0:1, 0:0:0:0:0, 1:0:0:0:0, 1:0:0:0:0, 1:0:0:0:0, 1:0:0:0:0, 3:1:0:0:1, 2:0:0:0:0, 1:0:0:0:0, 0:0:0:0:0, 1:0:0:0:0, 2:0:0:0:0, 3:0:1:0:1, 4:0:0:0:0, 3:0:0:0:0, 1:0:0:0:0, 0:0:0:0:0, 1:0:0:0:0, 2:0:0:0:0, 2:0:0:0:0, 2:0:0:0:0, 1:0:0:0:0, 1:0:0:0:0, 2:0:0:0:0, 2:0:0:0:0, 1:0:0:0:0, 0:0:0:0:0, 2:0:0:0:0, 4:0:0:0:0, 3:0:0:0:0, 3:0:0:0:0, 3:0:0:0:0, 2:0:0:0:0, 2:0:1:0:1, 4:0:0:0:0, 3:0:0:0:0, 3:0:0:0:0, 2:0:0:0:0, 3:0:0:0:0, 2:0:0:0:0, 2:1:0:0:1, 1:0:0:0:0, 2:1:0:0:1, 2:0:0:0:0, 2:0:0:0:0, 2:0:0:0:0, 0:0:0:0:0, 2:0:0:0:0, 1:0:0:0:0, 0:0:0:0:0, 1:0:0:0:0, 1:2:0:0:2, 1:0:0:0:0, 1:0:0:0:0, 0:0:0:0:0, 0:0:0:0:0, 1:0:0:0:0, 0:0:0:0:0, 0:0:0:0:0, 3:0:0:0:0, 2:0:0:0:0, 3:0:0:0:0, 3:0:0:0:0, 1:0:0:0:0, 0:0:0:0:0, 1:0:0:0:0, 2:0:0:0:0, 1:0:0:0:0, 1:0:0:0:0, 2:0:0:0:0, 1:1:0:0:1, 2:0:0:0:0, 1:0:0:0:0, 0:0:0:0:0, 1:1:0:0:1, 2:0:0:0:0, 3:0:1:0:1, 2:0:0:0:0, 3:0:0:0:0, 2:0:0:0:0, 2:0:0:0:0, 2:1:0:0:1, 3:0:0:0:0, 3:0:0:0:0, 3:0:0:0:0, 3:1:0:0:1, 3:0:0:0:0, 3:1:0:0:1, 2:1:0:0:1, 2:1:0:0:1, 2:0:0:0:0, 1:0:0:0:0, 1:0:0:0:0, 0:0:0:0:0, 0:0:0:0:0, 1:0:0:0:0, 1:0:0:0:0, 0:0:0:0:0, 2:0:0:0:0, 2:0:0:0:0, 2:0:0:0:0, 1:0:0:0:0, 2:0:0:0:0, 2:0:0:0:0, 2:0:0:0:0, 1:0:0:0:0, 0:0:0:0:0, 3:0:0:0:0, 3:0:0:0:0, 4:0:0:0:0, 4:0:0:0:0, 1:0:0:0:0, 1:0:2:0:2, 1:0:0:0:0, 3:1:0:0:1, 1:1:0:0:1, 2:0:0:0:0, 1:0:0:0:0, 2:0:0:0:0, 1:0:0:0:0, 2:0:0:0:0, 1:0:0:0:0, 0:0:0:0:0, 1:0:0:0:0, 3:0:1:0:1, 2:0:0:0:0, 2:0:1:0:1, 2:0:0:0:0, 2:0:0:0:0, 2:0:1:0:1, 4:0:0:0:0, 3:0:0:0:0, 3:0:0:0:0, 3:0:0:0:0, 1:0:0:0:0, 2:0:0:0:0, 2:0:0:0:0, 1:0:0:0:0, 2:1:0:0:1, 1:1:0:0:1, 0:0:0:0:0, 0:0:0:0:0, 0:0:0:0:0, 2:0:0:0:0, 1:0:0:0:0, 0:0:0:0:0, 1:0:0:0:0, 1:0:0:0:0, 1:0:0:0:0, 1:0:0:0:0, 0:0:0:0:0, 2:0:0:0:0, 1:0:0:0:0, 0:0:0:0:0, 1:0:0:0:0, 3:0:0:0:0, 2:0:0:0:0, 3:0:0:0:0, 3:0:0:0:0, 1:1:0:0:1, 1:0:1:0:1, 1:0:0:0:0, 3:0:0:0:0, 2:1:0:0:1, 2:0:0:0:0, 1:0:0:0:0, 2:0:0:0:0, 1:0:0:0:0, 2:0:0:0:0, 1:0:0:0:0, 0:0:0:0:0, 1:0:0:0:0, 3:0:1:0:1, 2:0:0:0:0, 2:0:1:0:1, 2:0:0:0:0, 3:0:0:0:0, 2:0:1:0:1, 4:0:0:0:0, 3:0:0:0:0, 3:0:0:0:0, 3:0:0:0:0, 3:0:0:0:0, 2:0:0:0:0, 2:0:0:0:0, 1:0:0:0:0, 2:1:0:0:1, 1:1:0:0:1, 0:0:0:0:0, 0:0:0:0:0, 0:0:0:0:0, 3:0:0:0:0, 1:0:0:0:0, 0:0:0:0:0, 1:0:0:0:0, 1:0:0:0:0, 1:0:0:0:0, 1:0:0:0:0, 0:0:0:0:0, 2:0:0:0:0, 2:0:0:0:0, 0:0:0:0:0, 1:0:0:0:0, 3:0:0:0:0, 2:0:0:0:0, 2:0:0:0:0, 3:0:0:0:0, 1:1:0:0:1, 1:0:1:0:1, 1:0:0:0:0, 2:1:0:0:1, 1:0:0:0:0, 1:0:0:0:0, 1:0:0:0:0, 1:0:0:0:0, 3:0:0:0:0, 1:0:0:0:0, 0:0:0:0:0, 0:0:0:0:0, 3:0:0:0:0, 3:0:0:0:0, 2:0:0:0:0, 1:0:0:0:0, 2:0:0:0:0, 3:0:1:0:1, 3:1:0:0:1, 4:0:0:0:0, 3:0:0:0:0, 4:0:0:0:0, 3:0:0:0:0, 3:0:0:0:0, 3:1:0:0:1, 2:0:0:0:0, 1:0:0:0:0, 1:0:0:0:0, 1:0:1:0:1, 0:0:0:0:0, 1:0:0:0:0, 1:0:0:0:0, 2:1:0:0:1, 1:0:0:0:0, 2:1:0:0:1, 0:0:0:0:0, 2:0:0:0:0, 1:0:0:0:0, 1:0:0:0:0, 1:0:0:0:0, 1:0:0:0:0, 2:0:0:0:0, 1:1:0:0:1, 0:0:0:0:0, 3:1:0:0:1, 2:0:0:0:0, 3:1:0:0:1, 2:0:0:0:0, 1:1:0:0:1, 0:0:0:0:0, 1:0:0:0:0, 0:0:0:0:0, 1:1:0:0:1, 0:0:0:0:0, 2:0:0:0:0, 1:0:0:0:0, 1:0:0:0:0, 0:0:0:0:0, 1:0:0:0:0, 1:0:0:0:0, 1:0:0:0:0, 1:0:0:0:0, 1:0:0:0:0, 1:0:0:0:0, 1:0:0:0:0, 1:0:0:0:0, 1:0:0:0:0, 1:0:0:0:0, 492:38:17:0:55
G phrygian (1#), 1:0:0:0:0, 2:1:0:0:1, 2:1:0:0:0, 1:0:0:0:1, 1:0:0:0:1, 2:1:0:0:1, 2:2:0:0:1, 3:3:1:0:1, 2:3:0:0:1, 3:2:0:0:0, 3:1:0:0:1, 2:3:0:0:0, 2:2:0:0:1, 3:3:0:0:1, 1:2:0:0:2, 2:1:0:0:2, 3:3:0:0:2, 1:2:0:0:2, 1:1:0:0:1, 2:2:0:0:0, 1:0:0:0:0, 2:0:0:0:2, 1:0:0:0:1, 2:0:0:0:1, 1:0:0:0:1, 0:0:0:0:0, 1:0:0:0:0, 1:1:0:0:0, 3:2:0:0:1, 3:1:0:0:2, 0:0:0:0:0, 2:1:0:0:0, 2:1:0:0:1, 0:0:0:0:0, 0:0:0:0:0, 3:0:0:0:2, 1:0:0:0:1, 1:0:0:0:0, 1:2:0:0:0, 3:1:0:0:2, 2:2:0:0:0, 4:3:1:0:2, 2:0:0:0:2, 1:0:0:0:1, 2:1:0:0:0, 2:3:0:0:0, 1:3:0:0:0, 2:2:0:0:0, 1:0:0:0:1, 1:1:0:0:0, 1:0:0:0:1, 2:0:0:0:1, 1:0:0:0:1, 2:1:0:0:1, 2:2:0:0:1, 2:2:0:0:0, 2:1:0:0:0, 2:1:0:0:1, 3:1:0:0:1, 3:1:1:0:1, 4:3:1:0:2, 2:3:0:0:1, 2:3:0:0:2, 4:1:0:0:3, 2:3:0:0:4, 4:2:0:0:4, 1:0:0:0:0, 1:1:0:0:1, 0:0:0:0:0, 2:0:0:0:2, 0:0:0:0:0, 1:0:0:0:1, 2:0:0:0:1, 1:1:0:0:0, 3:1:0:0:1, 1:1:0:0:0, 1:3:0:0:0, 2:2:0:0:2, 0:0:0:0:0, 1:1:0:0:0, 1:0:0:0:0, 2:1:0:0:1, 2:1:0:0:0, 1:1:0:0:0, 1:0:0:0:1, 1:0:0:0:0, 1:2:0:0:0, 2:2:0:0:0, 2:3:0:0:1, 3:2:0:0:1, 1:0:0:0:0, 1:0:0:0:0, 2:1:0:0:0, 2:3:0:0:0, 2:3:0:0:0, 2:3:0:0:0, 1:1:0:0:0, 2:1:0:0:0, 2:0:0:0:1, 2:0:0:0:0, 1:1:0:0:0, 1:0:0:0:0, 1:2:0:0:0, 3:1:0:0:0, 2:3:0:0:0, 3:1:0:0:2, 2:1:0:0:1, 3:1:1:0:1, 3:3:0:0:2, 2:5:0:0:0, 2:2:1:0:3, 3:1:0:0:3, 3:2:0:0:3, 5:3:0:0:4, 1:0:0:0:0, 2:1:1:0:2, 2:0:0:0:1, 1:0:0:0:1, 1:0:0:0:1, 1:0:0:0:1, 1:0:0:0:1, 2:1:0:0:1, 1:1:0:0:0, 1:0:0:0:1, 2:2:0:0:0, 3:1:0:0:2, 0:0:0:0:0, 1:1:0:0:0, 1:0:0:0:1, 1:1:0:0:0, 1:1:0:0:0, 1:0:0:0:0, 1:0:0:0:1, 2:1:0:0:1, 2:3:1:0:1, 2:2:0:0:0, 2:3:0:0:1, 3:1:0:0:2, 2:0:0:0:2, 2:0:0:0:2, 2:0:0:0:1, 3:4:2:0:2, 1:2:0:0:0, 1:1:0:0:0, 1:0:0:0:0, 3:1:0:0:1, 1:1:0:0:0, 1:0:0:0:1, 1:0:0:0:1, 2:1:0:0:1, 1:2:0:0:0, 2:2:0:0:0, 1:3:0:0:0, 2:1:0:0:1, 3:1:0:0:1, 2:1:0:0:1, 2:2:0:0:1, 3:3:0:0:2, 2:3:0:0:2, 4:1:0:0:3, 2:2:0:0:3, 4:2:0:0:4, 2:0:0:0:1, 0:0:0:0:0, 0:0:0:0:0, 2:0:0:0:2, 0:0:0:0:0, 1:0:0:0:1, 1:0:0:0:0, 1:0:0:0:0, 1:1:0:0:0, 1:1:0:0:0, 2:2:0:0:0, 3:2:0:0:2, 0:0:0:0:0, 2:1:0:0:0, 2:1:0:0:1, 1:0:0:0:1, 1:0:0:0:1, 0:0:0:0:0, 1:0:0:0:1, 1:0:0:0:0, 1:2:0:0:0, 3:2:0:0:1, 2:3:0:0:1, 3:2:0:0:1, 1:0:0:0:1, 1:0:0:0:0, 2:0:0:0:1, 3:3:1:0:1, 1:3:0:0:0, 3:2:0:0:0, 2:0:0:0:1, 3:1:0:0:1, 1:1:0:0:0, 1:0:0:0:1, 1:0:0:0:1, 2:1:0:0:1, 1:2:0:0:0, 2:2:0:0:0, 1:3:0:0:0, 2:1:0:0:1, 3:1:0:0:1, 2:1:0:0:1, 2:2:0:0:1, 2:2:0:0:2, 2:3:0:0:2, 4:1:0:0:3, 2:3:0:0:2, 4:2:0:0:4, 2:0:0:0:1, 1:1:0:0:0, 0:0:0:0:0, 1:0:0:0:2, 0:0:0:0:0, 1:0:0:0:1, 1:0:0:0:0, 1:0:0:0:0, 1:1:0:0:0, 1:1:0:0:0, 3:2:0:0:1, 3:2:0:0:2, 1:1:0:0:0, 2:1:0:0:0, 2:1:0:0:1, 1:0:0:0:1, 1:0:0:0:1, 0:0:0:0:0, 1:0:0:0:1, 2:1:0:0:1, 1:2:0:0:0, 3:2:0:0:1, 2:3:0:0:1, 3:2:0:0:1, 1:1:0:0:0, 1:0:0:0:0, 2:0:0:0:1, 3:3:1:0:1, 1:3:0:0:0, 2:1:0:0:0, 1:1:0:0:0, 2:1:0:0:0, 2:0:0:0:2, 2:1:0:0:0, 1:0:0:0:1, 1:0:0:0:0, 1:2:0:0:0, 2:2:0:0:0, 3:4:0:0:0, 3:1:1:0:1, 2:2:0:0:1, 3:1:0:0:1, 2:4:0:0:2, 2:3:0:0:0, 2:1:0:0:2, 5:1:0:0:4, 2:3:0:0:4, 5:2:0:0:4, 2:0:0:0:1, 1:1:0:0:0, 2:0:0:0:1, 1:0:0:0:0, 1:0:0:0:0, 0:0:0:0:0, 1:0:0:0:1, 0:0:0:0:0, 2:1:0:0:1, 1:0:0:0:0, 2:2:0:0:1, 2:2:0:0:2, 2:0:0:0:1, 0:0:0:0:0, 1:0:0:0:1, 1:1:0:0:0, 1:1:0:0:0, 1:0:0:0:1, 2:0:0:0:1, 2:1:0:0:1, 2:2:0:0:1, 2:1:0:0:0, 2:2:0:0:1, 3:2:0:0:1, 1:0:0:0:1, 0:0:0:0:0, 2:0:0:0:1, 2:3:0:0:0, 2:3:0:0:1, 0:0:0:0:0, 2:0:0:0:1, 2:3:0:0:0, 2:4:0:0:0, 0:0:0:0:0, 1:0:0:0:0, 2:3:0:0:0, 2:3:0:0:1, 2:4:0:0:1, 1:7:0:0:0, 2:0:0:0:3, 1:0:0:0:1, 1:0:0:0:1, 1:0:0:0:1, 1:0:0:0:1, 1:0:0:0:1, 1:0:0:0:1, 516:347:13:0:249
F lydian (1b), 1:2:0:0:2, 1:0:0:0:0, 2:0:0:0:0, 0:0:0:0:0, 1:0:0:0:0, 1:0:0:0:0, 1:1:0:0:1, 1:0:1:0:1, 3:0:0:0:0, 2:0:0:0:0, 2:1:0:0:1, 2:0:0:0:0, 1:0:0:0:0, 2:0:0:0:0, 2:2:0:0:2, 3:0:0:0:0, 2:0:0:0:0, 1:0:0:0:0, 2:0:0:0:0, 3:0:0:0:0, 3:0:0:0:0, 2:1:0:0:1, 2:0:0:0:0, 2:0:0:0:0, 1:0:0:0:0, 1:0:0:0:0, 2:0:0:0:0, 1:0:0:0:0, 2:0:0:0:0, 3:0:1:0:1, 0:0:0:0:0, 1:0:0:0:0, 1:0:0:0:0, 1:0:0:0:0, 1:0:0:0:0, 3:1:0:0:1, 2:0:0:0:0, 1:0:0:0:0, 0:0:0:0:0, 1:0:0:0:0, 2:0:0:0:0, 3:0:1:0:1, 4:0:0:0:0, 3:0:0:0:0, 1:0:0:0:0, 0:0:0:0:0, 1:0:0:0:0, 2:0:0:0:0, 2:0:0:0:0, 2:0:0:0:0, 1:0:0:0:0, 1:0:0:0:0, 2:0:0:0:0, 2:0:0:0:0, 1:0:0:0:0, 0:0:0:0:0, 2:0:0:0:0, 4:0:0:0:0, 3:0:0:0:0, 3:0:0:0:0, 3:0:0:0:0, 2:0:0:0:0, 2:0:1:0:1, 4:0:0:0:0, 3:0:0:0:0, 3:0:0:0:0, 2:0:0:0:0, 3:0:0:0:0, 2:0:0:0:0, 2:1:0:0:1, 1:0:0:0:0, 2:1:0:0:1, 2:0:0:0:0, 2:0:0:0:0, 2:0:0:0:0, 0:0:0:0:0, 2:0:0:0:0, 1:0:0:0:0, 0:0:0:0:0, 1:0:0:0:0, 1:2:0:0:2, 1:0:0:0:0, 1:0:0:0:0, 0:0:0:0:0, 0:0:0:0:0, 1:0:0:0:0, 0:0:0:0:0, 0:0:0:0:0, 3:0:0:0:0, 2:0:0:0:0, 3:0:0:0:0, 3:0:0:0:0, 1:0:0:0:0, 0:0:0:0:0, 1:0:0:0:0, 2:0:0:0:0, 1:0:0:0:0, 1:0:0:0:0, 2:0:0:0:0, 1:1:0:0:1, 2:0:0:0:0, 1:0:0:0:0, 0:0:0:0:0, 1:1:0:0:1, 2:0:0:0:0, 3:0:1:0:1, 2:0:0:0:0, 3:0:0:0:0, 2:0:0:0:0, 2:0:0:0:0, 2:1:0:0:1, 3:0:0:0:0, 3:0:0:0:0, 3:0:0:0:0, 3:1:0:0:1, 3:0:0:0:0, 3:1:0:0:1, 2:1:0:0:1, 2:1:0:0:1, 2:0:0:0:0, 1:0:0:0:0, 1:0:0:0:0, 0:0:0:0:0, 0:0:0:0:0, 1:0:0:0:0, 1:0:0:0:0, 0:0:0:0:0, 2:0:0:0:0, 2:0:0:0:0, 2:0:0:0:0, 1:0:0:0:0, 2:0:0:0:0, 2:0:0:0:0, 2:0:0:0:0, 1:0:0:0:0, 0:0:0:0:0, 3:0:0:0:0, 3:0:0:0:0, 4:0:0:0:0, 4:0:0:0:0, 1:0:0:0:0, 1:0:2:0:2, 1:0:0:0:0, 3:1:0:0:1, 1:1:0:0:1, 2:0:0:0:0, 1:0:0:0:0, 2:0:0:0:0, 1:0:0:0:0, 2:0:0:0:0, 1:0:0:0:0, 0:0:0:0:0, 1:0:0:0:0, 3:0:1:0:1, 2:0:0:0:0, 2:0:1:0:1, 2:0:0:0:0, 2:0:0:0:0, 2:0:1:0:1, 4:0:0:0:0, 3:0:0:0:0, 3:0:0:0:0, 3:0:0:0:0, 1:0:0:0:0, 2:0:0:0:0, 2:0:0:0:0, 1:0:0:0:0, 2:1:0:0:1, 1:1:0:0:1, 0:0:0:0:0, 0:0:0:0:0, 0:0:0:0:0, 2:0:0:0:0, 1:0:0:0:0, 0:0:0:0:0, 1:0:0:0:0, 1:0:0:0:0, 1:0:0:0:0, 1:0:0:0:0, 0:0:0:0:0, 2:0:0:0:0, 1:0:0:0:0, 0:0:0:0:0, 1:0:0:0:0, 3:0:0:0:0, 2:0:0:0:0, 3:0:0:0:0, 3:0:0:0:0, 1:1:0:0:1, 1:0:1:0:1, 1:0:0:0:0, 3:0:0:0:0, 2:1:0:0:1, 2:0:0:0:0, 1:0:0:0:0, 2:0:0:0:0, 1:0:0:0:0, 2:0:0:0:0, 1:0:0:0:0, 0:0:0:0:0, 1:0:0:0:0, 3:0:1:0:1, 2:0:0:0:0, 2:0:1:0:1, 2:0:0:0:0, 3:0:0:0:0, 2:0:1:0:1, 4:0:0:0:0, 3:0:0:0:0, 3:0:0:0:0, 3:0:0:0:0, 3:0:0:0:0, 2:0:0:0:0, 2:0:0:0:0, 1:0:0:0:0, 2:1:0:0:1, 1:1:0:0:1, 0:0:0:0:0, 0:0:0:0:0, 0:0:0:0:0, 3:0:0:0:0, 1:0:0:0:0, 0:0:0:0:0, 1:0:0:0:0, 1:0:0:0:0, 1:0:0:0:0, 1:0:0:0:0, 0:0:0:0:0, 2:0:0:0:0, 2:0:0:0:0, 0:0:0:0:0, 1:0:0:0:0, 3:0:0:0:0, 2:0:0:0:0, 2:0:0:0:0, 3:0:0:0:0, 1:1:0:0:1, 1:0:1:0:1, 1:0:0:0:0, 2:1:0:0:1, 1:0:0:0:0, 1:0:0:0:0, 1:0:0:0:0, 1:0:0:0:0, 3:0:0:0:0, 1:0:0:0:0, 0:0:0:0:0, 0:0:0:0:0, 3:0:0:0:0, 3:0:0:0:0, 2:0:0:0:0, 1:0:0:0:0, 2:0:0:0:0, 3:0:1:0:1, 3:1:0:0:1, 4:0:0:0:0, 3:0:0:0:0, 4:0:0:0:0, 3:0:0:0:0, 3:0:0:0:0, 3:1:0:0:1, 2:0:0:0:0, 1:0:0:0:0, 1:0:0:0:0, 1:0:1:0:1, 0:0:0:0:0, 1:0:0:0:0, 1:0:0:0:0, 2:1:0:0:1, 1:0:0:0:0, 2:1:0:0:1, 0:0:0:0:0, 2:0:0:0:0, 1:0:0:0:0, 1:0:0:0:0, 1:0:0:0:0, 1:0:0:0:0, 2:0:0:0:0, 1:1:0:0:1, 0:0:0:0:0, 3:1:0:0:1, 2:0:0:0:0, 3:1:0:0:1, 2:0:0:0:0, 1:1:0:0:1, 0:0:0:0:0, 1:0:0:0:0, 0:0:0:0:0, 1:1:0:0:1, 0:0:0:0:0, 2:0:0:0:0, 1:0:0:0:0, 1:0:0:0:0, 0:0:0:0:0, 1:0:0:0:0, 1:0:0:0:0, 1:0:0:0:0, 1:0:0:0:0, 1:0:0:0:0, 1:0:0:0:0, 1:0:0:0:0, 1:0:0:0:0, 1:0:0:0:0, 1:0:0:0:0, 492:38:17:0:55
G lydian (1#), 1:0:0:0:0, 2:1:0:0:1, 2:1:0:0:0, 1:0:0:0:1, 1:0:0:0:1, 2:1:0:0:1, 2:2:0:0:1, 3:3:1:0:1, 2:3:0:0:1, 3:2:0:0:0, 3:1:0:0:1, 2:3:0:0:0, 2:2:0:0:1, 3:3:0:0:1, 1:2:0:0:2, 2:1:0:0:2, 3:3:0:0:2, 1:2:0:0:2, 1:1:0:0:1, 2:2:0:0:0, 1:0:0:0:0, 2:0:0:0:2, 1:0:0:0:1, 2:0:0:0:1, 1:0:0:0:1, 0:0:0:0:0, 1:0:0:0:0, 1:1:0:0:0, 3:2:0:0:1, 3:1:0:0:2, 0:0:0:0:0, 2:1:0:0:0, 2:1:0:0:1, 0:0:0:0:0, 0:0:0:0:0, 3:0:0:0:2, 1:0:0:0:1, 1:0:0:0:0, 1:2:0:0:0, 3:1:0:0:2, 2:2:0:0:0, 4:3:1:0:2, 2:0:0:0:2, 1:0:0:0:1, 2:1:0:0:0, 2:3:0:0:0, 1:3:0:0:0, 2:2:0:0:0, 1:0:0:0:1, 1:1:0:0:0, 1:0:0:0:1, 2:0:0:0:1, 1:0:0:0:1, 2:1:0:0:1, 2:2:0:0:1, 2:2:0:0:0, 2:1:0:0:0, 2:1:0:0:1, 3:1:0:0:1, 3:1:1:0:1, 4:3:1:0:2, 2:3:0:0:1, 2:3:0:0:2, 4:1:0:0:3, 2:3:0:0:4, 4:2:0:0:4, 1:0:0:0:0, 1:1:0:0:1, 0:0:0:0:0, 2:0:0:0:2, 0:0:0:0:0, 1:0:0:0:1, 2:0:0:0:1, 1:1:0:0:0, 3:1:0:0:1, 1:1:0:0:0, 1:3:0:0:0, 2:2:0:0:2, 0:0:0:0:0, 1:1:0:0:0, 1:0:0:0:0, 2:1:0:0:1, 2:1:0:0:0, 1:1:0:0:0, 1:0:0:0:1, 1:0:0:0:0, 1:2:0:0:0, 2:2:0:0:0, 2:3:0:0:1, 3:2:0:0:1, 1:0:0:0:0, 1:0:0:0:0, 2:1:0:0:0, 2:3:0:0:0, 2:3:0:0:0, 2:3:0:0:0, 1:1:0:0:0, 2:1:0:0:0, 2:0:0:0:1, 2:0:0:0:0, 1:1:0:0:0, 1:0:0:0:0, 1:2:0:0:0, 3:1:0:0:0, 2:3:0:0:0, 3:1:0:0:2, 2:1:0:0:1, 3:1:1:0:1, 3:3:0:0:2, 2:5:0:0:0, 2:2:1:0:3, 3:1:0:0:3, 3:2:0:0:3, 5:3:0:0:4, 1:0:0:0:0, 2:1:1:0:2, 2:0:0:0:1, 1:0:0:0:1, 1:0:0:0:1, 1:0:0:0:1, 1:0:0:0:1, 2:1:0:0:1, 1:1:0:0:0, 1:0:0:0:1, 2:2:0:0:0, 3:1:0:0:2, 0:0:0:0:0, 1:1:0:0:0, 1:0:0:0:1, 1:1:0:0:0, 1:1:0:0:0, 1:0:0:0:0, 1:0:0:0:1, 2:1:0:0:1, 2:3:1:0:1, 2:2:0:0:0, 2:3:0:0:1, 3:1:0:0:2, 2:0:0:0:2, 2:0:0:0:2, 2:0:0:0:1, 3:4:2:0:2, 1:2:0:0:0, 1:1:0:0:0, 1:0:0:0:0, 3:1:0:0:1, 1:1:0:0:0, 1:0:0:0:1, 1:0:0:0:1, 2:1:0:0:1, 1:2:0:0:0, 2:2:0:0:0, 1:3:0:0:0, 2:1:0:0:1, 3:1:0:0:1, 2:1:0:0:1, 2:2:0:0:1, 3:3:0:0:2, 2:3:0:0:2, 4:1:0:0:3, 2:2:0:0:3, 4:2:0:0:4, 2:0:0:0:1, 0:0:0:0:0, 0:0:0:0:0, 2:0:0:0:2, 0:0:0:0:0, 1:0:0:0:1, 1:0:0:0:0, 1:0:0:0:0, 1:1:0:0:0, 1:1:0:0:0, 2:2:0:0:0, 3:2:0:0:2, 0:0:0:0:0, 2:1:0:0:0, 2:1:0:0:1, 1:0:0:0:1, 1:0:0:0:1, 0:0:0:0:0, 1:0:0:0:1, 1:0:0:0:0, 1:2:0:0:0, 3:2:0:0:1, 2:3:0:0:1, 3:2:0:0:1, 1:0:0:0:1, 1:0:0:0:0, 2:0:0:0:1, 3:3:1:0:1, 1:3:0:0:0, 3:2:0:0:0, 2:0:0:0:1, 3:1:0:0:1, 1:1:0:0:0, 1:0:0:0:1, 1:0:0:0:1, 2:1:0:0:1, 1:2:0:0:0, 2:2:0:0:0, 1:3:0:0:0, 2:1:0:0:1, 3:1:0:0:1, 2:1:0:0:1, 2:2:0:0:1, 2:2:0:0:2, 2:3:0:0:2, 4:1:0:0:3, 2:3:0:0:2, 4:2:0:0:4, 2:0:0:0:1, 1:1:0:0:0, 0:0:0:0:0, 1:0:0:0:2, 0:0:0:0:0, 1:0:0:0:1, 1:0:0:0:0, 1:0:0:0:0, 1:1:0:0:0, 1:1:0:0:0, 3:2:0:0:1, 3:2:0:0:2, 1:1:0:0:0, 2:1:0:0:0, 2:1:0:0:1, 1:0:0:0:1, 1:0:0:0:1, 0:0:0:0:0, 1:0:0:0:1, 2:1:0:0:1, 1:2:0:0:0, 3:2:0:0:1, 2:3:0:0:1, 3:2:0:0:1, 1:1:0:0:0, 1:0:0:0:0, 2:0:0:0:1, 3:3:1:0:1, 1:3:0:0:0, 2:1:0:0:0, 1:1:0:0:0, 2:1:0:0:0, 2:0:0:0:2, 2:1:0:0:0, 1:0:0:0:1, 1:0:0:0:0, 1:2:0:0:0, 2:2:0:0:0, 3:4:0:0:0, 3:1:1:0:1, 2:2:0:0:1, 3:1:0:0:1, 2:4:0:0:2, 2:3:0:0:0, 2:1:0:0:2, 5:1:0:0:4, 2:3:0:0:4, 5:2:0:0:4, 2:0:0:0:1, 1:1:0:0:0, 2:0:0:0:1, 1:0:0:0:0, 1:0:0:0:0, 0:0:0:0:0, 1:0:0:0:1, 0:0:0:0:0, 2:1:0:0:1, 1:0:0:0:0, 2:2:0:0:1, 2:2:0:0:2, 2:0:0:0:1, 0:0:0:0:0, 1:0:0:0:1, 1:1:0:0:0, 1:1:0:0:0, 1:0:0:0:1, 2:0:0:0:1, 2:1:0:0:1, 2:2:0:0:1, 2:1:0:0:0, 2:2:0:0:1, 3:2:0:0:1, 1:0:0:0:1, 0:0:0:0:0, 2:0:0:0:1, 2:3:0:0:0, 2:3:0:0:1, 0:0:0:0:0, 2:0:0:0:1, 2:3:0:0:0, 2:4:0:0:0, 0:0:0:0:0, 1:0:0:0:0, 2:3:0:0:0, 2:3:0:0:1, 2:4:0:0:1, 1:7:0:0:0, 2:0:0:0:3, 1:0:0:0:1, 1:0:0:0:1, 1:0:0:0:1, 1:0:0:0:1, 1:0:0:0:1, 1:0:0:0:1, 516:347:13:0:249
F mixolydian (1b), 1:2:0:0:2, 1:0:0:0:0, 2:0:0:0:0, 0:0:0:0:0, 1:0:0:0:0, 1:0:0:0:0, 1:1:0:0:1, 1:0:1:0:1, 3:0:0:0:0, 2:0:0:0:0, 2:1:0:0:1, 2:0:0:0:0, 1:0:0:0:0, 2:0:0:0:0, 2:2:0:0:2, 3:0:0:0:0, 2:0:0:0:0, 1:0:0:0:0, 2:0:0:0:0, 3:0:0:0:0, 3:0:0:0:0, 2:1:0:0:1, 2:0:0:0:0, 2:0:0:0:0, 1:0:0:0:0, 1:0:0:0:0, 2:0:0:0:0, 1:0:0:0:0, 2:0:0:0:0, 3:0:1:0:1, 0:0:0:0:0, 1:0:0:0:0, 1:0:0:0:0, 1:0:0:0:0, 1:0:0:0:0, 3:1:0:0:1, 2:0:0:0:0, 1:0:0:0:0, 0:0:0:0:0, 1:0:0:0:0, 2:0:0:0:0, 3:0:1:0:1, 4:0:0:0:0, 3:0:0:0:0, 1:0:0:0:0, 0:0:0:0:0, 1:0:0:0:0, 2:0:0:0:0, 2:0:0:0:0, 2:0:0:0:0, 1:0:0:0:0, 1:0:0:0:0, 2:0:0:0:0, 2:0:0:0:0, 1:0:0:0:0, 0:0:0:0:0, 2:0:0:0:0, 4:0:0:0:0, 3:0:0:0:0, 3:0:0:0:0, 3:0:0:0:0, 2:0:0:0:0, 2:0:1:0:1, 4:0:0:0:0, 3:0:0:0:0, 3:0:0:0:0, 2:0:0:0:0, 3:0:0:0:0, 2:0:0:0:0, 2:1:0:0:1, 1:0:0:0:0, 2:1:0:0:1, 2:0:0:0:0, 2:0:0:0:0, 2:0:0:0:0, 0:0:0:0:0, 2:0:0:0:0, 1:0:0:0:0, 0:0:0:0:0, 1:0:0:0:0, 1:2:0:0:2, 1:0:0:0:0, 1:0:0:0:0, 0:0:0:0:0, 0:0:0:0:0, 1:0:0:0:0, 0:0:0:0:0, 0:0:0:0:0, 3:0:0:0:0, 2:0:0:0:0, 3:0:0:0:0, 3:0:0:0:0, 1:0:0:0:0, 0:0:0:0:0, 1:0:0:0:0, 2:0:0:0:0, 1:0:0:0:0, 1:0:0:0:0, 2:0:0:0:0, 1:1:0:0:1, 2:0:0:0:0, 1:0:0:0:0, 0:0:0:0:0, 1:1:0:0:1, 2:0:0:0:0, 3:0:1:0:1, 2:0:0:0:0, 3:0:0:0:0, 2:0:0:0:0, 2:0:0:0:0, 2:1:0:0:1, 3:0:0:0:0, 3:0:0:0:0, 3:0:0:0:0, 3:1:0:0:1, 3:0:0:0:0, 3:1:0:0:1, 2:1:0:0:1, 2:1:0:0:1, 2:0:0:0:0, 1:0:0:0:0, 1:0:0:0:0, 0:0:0:0:0, 0:0:0:0:0, 1:0:0:0:0, 1:0:0:0:0, 0:0:0:0:0, 2:0:0:0:0, 2:0:0:0:0, 2:0:0:0:0, 1:0:0:0:0, 2:0:0:0:0, 2:0:0:0:0, 2:0:0:0:0, 1:0:0:0:0, 0:0:0:0:0, 3:0:0:0:0, 3:0:0:0:0, 4:0:0:0:0, 4:0:0:0:0, 1:0:0:0:0, 1:0:2:0:2, 1:0:0:0:0, 3:1:0:0:1, 1:1:0:0:1, 2:0:0:0:0, 1:0:0:0:0, 2:0:0:0:0, 1:0:0:0:0, 2:0:0:0:0, 1:0:0:0:0, 0:0:0:0:0, 1:0:0:0:0, 3:0:1:0:1, 2:0:0:0:0, 2:0:1:0:1, 2:0:0:0:0, 2:0:0:0:0, 2:0:1:0:1, 4:0:0:0:0, 3:0:0:0:0, 3:0:0:0:0, 3:0:0:0:0, 1:0:0:0:0, 2:0:0:0:0, 2:0:0:0:0, 1:0:0:0:0, 2:1:0:0:1, 1:1:0:0:1, 0:0:0:0:0, 0:0:0:0:0, 0:0:0:0:0, 2:0:0:0:0, 1:0:0:0:0, 0:0:0:0:0, 1:0:0:0:0, 1:0:0:0:0, 1:0:0:0:0, 1:0:0:0:0, 0:0:0:0:0, 2:0:0:0:0, 1:0:0:0:0, 0:0:0:0:0, 1:0:0:0:0, 3:0:0:0:0, 2:0:0:0:0, 3:0:0:0:0, 3:0:0:0:0, 1:1:0:0:1, 1:0:1:0:1, 1:0:0:0:0, 3:0:0:0:0, 2:1:0:0:1, 2:0:0:0:0, 1:0:0:0:0, 2:0:0:0:0, 1:0:0:0:0, 2:0:0:0:0, 1:0:0:0:0, 0:0:0:0:0, 1:0:0:0:0, 3:0:1:0:1, 2:0:0:0:0, 2:0:1:0:1, 2:0:0:0:0, 3:0:0:0:0, 2:0:1:0:1, 4:0:0:0:0, 3:0:0:0:0, 3:0:0:0:0, 3:0:0:0:0, 3:0:0:0:0, 2:0:0:0:0, 2:0:0:0:0, 1:0:0:0:0, 2:1:0:0:1, 1:1:0:0:1, 0:0:0:0:0, 0:0:0:0:0, 0:0:0:0:0, 3:0:0:0:0, 1:0:0:0:0, 0:0:0:0:0, 1:0:0:0:0, 1:0:0:0:0, 1:0:0:0:0, 1:0:0:0:0, 0:0:0:0:0, 2:0:0:0:0, 2:0:0:0:0, 0:0:0:0:0, 1:0:0:0:0, 3:0:0:0:0, 2:0:0:0:0, 2:0:0:0:0, 3:0:0:0:0, 1:1:0:0:1, 1:0:1:0:1, 1:0:0:0:0, 2:1:0:0:1, 1:0:0:0:0, 1:0:0:0:0, 1:0:0:0:0, 1:0:0:0:0, 3:0:0:0:0, 1:0:0:0:0, 0:0:0:0:0, 0:0:0:0:0, 3:0:0:0:0, 3:0:0:0:0, 2:0:0:0:0, 1:0:0:0:0, 2:0:0:0:0, 3:0:1:0:1, 3:1:0:0:1, 4:0:0:0:0, 3:0:0:0:0, 4:0:0:0:0, 3:0:0:0:0, 3:0:0:0:0, 3:1:0:0:1, 2:0:0:0:0, 1:0:0:0:0, 1:0:0:0:0, 1:0:1:0:1, 0:0:0:0:0, 1:0:0:0:0, 1:0:0:0:0, 2:1:0:0:1, 1:0:0:0:0, 2:1:0:0:1, 0:0:0:0:0, 2:0:0:0:0, 1:0:0:0:0, 1:0:0:0:0, 1:0:0:0:0, 1:0:0:0:0, 2:0:0:0:0, 1:1:0:0:1, 0:0:0:0:0, 3:1:0:0:1, 2:0:0:0:0, 3:1:0:0:1, 2:0:0:0:0, 1:1:0:0:1, 0:0:0:0:0, 1:0:0:0:0, 0:0:0:0:0, 1:1:0:0:1, 0:0:0:0:0, 2:0:0:0:0, 1:0:0:0:0, 1:0:0:0:0, 0:0:0:0:0, 1:0:0:0:0, 1:0:0:0:0, 1:0:0:0:0, 1:0:0:0:0, 1:0:0:0:0, 1:0:0:0:0, 1:0:0:0:0, 1:0:0:0:0, 1:0:0:0:0, 1:0:0:0:0, 492:38:17:0:55
G mixolydian (1#), 1:0:0:0:0, 2:1:0:0:1, 2:1:0:0:0, 1:0:0:0:1, 1:0:0:0:1, 2:1:0:0:1, 2:2:0:0:1, 3:3:1:0:1, 2:3:0:0:1, 3:2:0:0:0, 3:1:0:0:1, 2:3:0:0:0, 2:2:0:0:1, 3:3:0:0:1, 1:2:0:0:2, 2:1:0:0:2, 3:3:0:0:2, 1:2:0:0:2, 1:1:0:0:1, 2:2:0:0:0, 1:0:0:0:0, 2:0:0:0:2, 1:0:0:0:1, 2:0:0:0:1, 1:0:0:0:1, 0:0:0:0:0, 1:0:0:0:0, 1:1:0:0:0, 3:2:0:0:1, 3:1:0:0:2, 0:0:0:0:0, 2:1:0:0:0, 2:1:0:0:1, 0:0:0:0:0, 0:0:0:0:0, 3:0:0:0:2, 1:0:0:0:1, 1:0:0:0:0, 1:2:0:0:0, 3:1:0:0:2, 2:2:0:0:0, 4:3:1:0:2, 2:0:0:0:2, 1:0:0:0:1, 2:1:0:0:0, 2:3:0:0:0, 1:3:0:0:0, 2:2:0:0:0, 1:0:0:0:1, 1:1:0:0:0, 1:0:0:0:1, 2:0:0:0:1, 1:0:0:0:1, 2:1:0:0:1, 2:2:0:0:1, 2:2:0:0:0, 2:1:0:0:0, 2:1:0:0:1, 3:1:0:0:1, 3:1:1:0:1, 4:3:1:0:2, 2:3:0:0:1, 2:3:0:0:2, 4:1:0:0:3, 2:3:0:0:4, 4:2:0:0:4, 1:0:0:0:0, 1:1:0:0:1, 0:0:0:0:0, 2:0:0:0:2, 0:0:0:0:0, 1:0:0:0:1, 2:0:0:0:1, 1:1:0:0:0, 3:1:0:0:1, 1:1:0:0:0, 1:3:0:0:0, 2:2:0:0:2, 0:0:0:0:0, 1:1:0:0:0, 1:0:0:0:0, 2:1:0:0:1, 2:1:0:0:0, 1:1:0:0:0, 1:0:0:0:1, 1:0:0:0:0, 1:2:0:0:0, 2:2:0:0:0, 2:3:0:0:1, 3:2:0:0:1, 1:0:0:0:0, 1:0:0:0:0, 2:1:0:0:0, 2:3:0:0:0, 2:3:0:0:0, 2:3:0:0:0, 1:1:0:0:0, 2:1:0:0:0, 2:0:0:0:1, 2:0:0:0:0, 1:1:0:0:0, 1:0:0:0:0, 1:2:0:0:0, 3:1:0:0:0, 2:3:0:0:0, 3:1:0:0:2, 2:1:0:0:1, 3:1:1:0:1, 3:3:0:0:2, 2:5:0:0:0, 2:2:1:0:3, 3:1:0:0:3, 3:2:0:0:3, 5:3:0:0:4, 1:0:0:0:0, 2:1:1:0:2, 2:0:0:0:1, 1:0:0:0:1, 1:0:0:0:1, 1:0:0:0:1, 1:0:0:0:1, 2:1:0:0:1, 1:1:0:0:0, 1:0:0:0:1, 2:2:0:0:0, 3:1:0:0:2, 0:0:0:0:0, 1:1:0:0:0, 1:0:0:0:1, 1:1:0:0:0, 1:1:0:0:0, 1:0:0:0:0, 1:0:0:0:1, 2:1:0:0:1, 2:3:1:0:1, 2:2:0:0:0, 2:3:0:0:1, 3:1:0:0:2, 2:0:0:0:2, 2:0:0:0:2, 2:0:0:0:1, 3:4:2:0:2, 1:2:0:0:0, 1:1:0:0:0, 1:0:0:0:0, 3:1:0:0:1, 1:1:0:0:0, 1:0:0:0:1, 1:0:0:0:1, 2:1:0:0:1, 1:2:0:0:0, 2:2:0:0:0, 1:3:0:0:0, 2:1:0:0:1, 3:1:0:0:1, 2:1:0:0:1, 2:2:0:0:1, 3:3:0:0:2, 2:3:0:0:2, 4:1:0:0:3, 2:2:0:0:3, 4:2:0:0:4, 2:0:0:0:1, 0:0:0:0:0, 0:0:0:0:0, 2:0:0:0:2, 0:0:0:0:0, 1:0:0:0:1, 1:0:0:0:0, 1:0:0:0:0, 1:1:0:0:0, 1:1:0:0:0, 2:2:0:0:0, 3:2:0:0:2, 0:0:0:0:0, 2:1:0:0:0, 2:1:0:0:1, 1:0:0:0:1, 1:0:0:0:1, 0:0:0:0:0, 1:0:0:0:1, 1:0:0:0:0, 1:2:0:0:0, 3:2:0:0:1, 2:3:0:0:1, 3:2:0:0:1, 1:0:0:0:1, 1:0:0:0:0, 2:0:0:0:1, 3:3:1:0:1, 1:3:0:0:0, 3:2:0:0:0, 2:0:0:0:1, 3:1:0:0:1, 1:1:0:0:0, 1:0:0:0:1, 1:0:0:0:1, 2:1:0:0:1, 1:2:0:0:0, 2:2:0:0:0, 1:3:0:0:0, 2:1:0:0:1, 3:1:0:0:1, 2:1:0:0:1, 2:2:0:0:1, 2:2:0:0:2, 2:3:0:0:2, 4:1:0:0:3, 2:3:0:0:2, 4:2:0:0:4, 2:0:0:0:1, 1:1:0:0:0, 0:0:0:0:0, 1:0:0:0:2, 0:0:0:0:0, 1:0:0:0:1, 1:0:0:0:0, 1:0:0:0:0, 1:1:0:0:0, 1:1:0:0:0, 3:2:0:0:1, 3:2:0:0:2, 1:1:0:0:0, 2:1:0:0:0, 2:1:0:0:1, 1:0:0:0:1, 1:0:0:0:1, 0:0:0:0:0, 1:0:0:0:1, 2:1:0:0:1, 1:2:0:0:0, 3:2:0:0:1, 2:3:0:0:1, 3:2:0:0:1, 1:1:0:0:0, 1:0:0:0:0, 2:0:0:0:1, 3:3:1:0:1, 1:3:0:0:0, 2:1:0:0:0, 1:1:0:0:0, 2:1:0:0:0, 2:0:0:0:2, 2:1:0:0:0, 1:0:0:0:1, 1:0:0:0:0, 1:2:0:0:0, 2:2:0:0:0, 3:4:0:0:0, 3:1:1:0:1, 2:2:0:0:1, 3:1:0:0:1, 2:4:0:0:2, 2:3:0:0:0, 2:1:0:0:2, 5:1:0:0:4, 2:3:0:0:4, 5:2:0:0:4, 2:0:0:0:1, 1:1:0:0:0, 2:0:0:0:1, 1:0:0:0:0, 1:0:0:0:0, 0:0:0:0:0, 1:0:0:0:1, 0:0:0:0:0, 2:1:0:0:1, 1:0:0:0:0, 2:2:0:0:1, 2:2:0:0:2, 2:0:0:0:1, 0:0:0:0:0, 1:0:0:0:1, 1:1:0:0:0, 1:1:0:0:0, 1:0:0:0:1, 2:0:0:0:1, 2:1:0:0:1, 2:2:0:0:1, 2:1:0:0:0, 2:2:0:0:1, 3:2:0:0:1, 1:0:0:0:1, 0:0:0:0:0, 2:0:0:0:1, 2:3:0:0:0, 2:3:0:0:1, 0:0:0:0:0, 2:0:0:0:1, 2:3:0:0:0, 2:4:0:0:0, 0:0:0:0:0, 1:0:0:0:0, 2:3:0:0:0, 2:3:0:0:1, 2:4:0:0:1, 1:7:0:0:0, 2:0:0:0:3, 1:0:0:0:1, 1:0:0:0:1, 1:0:0:0:1, 1:0:0:0:1, 1:0:0:0:1, 1:0:0:0:1, 516:347:13:0:249
F aeolian (1b), 1:2:0:0:2, 1:0:0:0:0, 2:0:0:0:0, 0:0:0:0:0, 1:0:0:0:0, 1:0:0:0:0, 1:1:0:0:1, 1:0:1:0:1, 3:0:0:0:0, 2:0:0:0:0, 2:1:0:0:1, 2:0:0:0:0, 1:0:0:0:0, 2:0:0:0:0, 2:2:0:0:2, 3:0:0:0:0, 2:0:0:0:0, 1:0:0:0:0, 2:0:0:0:0, 3:0:0:0:0, 3:0:0:0:0, 2:1:0:0:1, 2:0:0:0:0, 2:0:0:0:0, 1:0:0:0:0, 1:0:0:0:0, 2:0:0:0:0, 1:0:0:0:0, 2:0:0:0:0, 3:0:1:0:1, 0:0:0:0:0, 1:0:0:0:0, 1:0:0:0:0, 1:0:0:0:0, 1:0:0:0:0, 3:1:0:0:1, 2:0:0:0:0, 1:0:0:0:0, 0:0:0:0:0, 1:0:0:0:0, 2:0:0:0:0, 3:0:1:0:1, 4:0:0:0:0, 3:0:0:0:0, 1:0:0:0:0, 0:0:0:0:0, 1:0:0:0:0, 2:0:0:0:0, 2:0:0:0:0, 2:0:0:0:0, 1:0:0:0:0, 1:0:0:0:0, 2:0:0:0:0, 2:0:0:0:0, 1:0:0:0:0, 0:0:0:0:0, 2:0:0:0:0, 4:0:0:0:0, 3:0:0:0:0, 3:0:0:0:0, 3:0:0:0:0, 2:0:0:0:0, 2:0:1:0:1, 4:0:0:0:0, 3:0:0:0:0, 3:0:0:0:0, 2:0:0:0:0, 3:0:0:0:0, 2:0:0:0:0, 2:1:0:0:1, 1:0:0:0:0, 2:1:0:0:1, 2:0:0:0:0, 2:0:0:0:0, 2:0:0:0:0, 0:0:0:0:0, 2:0:0:0:0, 1:0:0:0:0, 0:0:0:0:0, 1:0:0:0:0, 1:2:0:0:2, 1:0:0:0:0, 1:0:0:0:0, 0:0:0:0:0, 0:0:0:0:0, 1:0:0:0:0, 0:0:0:0:0, 0:0:0:0:0, 3:0:0:0:0, 2:0:0:0:0, 3:0:0:0:0, 3:0:0:0:0, 1:0:0:0:0, 0:0:0:0:0, 1:0:0:0:0, 2:0:0:0:0, 1:0:0:0:0, 1:0:0:0:0, 2:0:0:0:0, 1:1:0:0:1, 2:0:0:0:0, 1:0:0:0:0, 0:0:0:0:0, 1:1:0:0:1, 2:0:0:0:0, 3:0:1:0:1, 2:0:0:0:0, 3:0:0:0:0, 2:0:0:0:0, 2:0:0:0:0, 2:1:0:0:1, 3:0:0:0:0, 3:0:0:0:0, 3:0:0:0:0, 3:1:0:0:1, 3:0:0:0:0, 3:1:0:0:1, 2:1:0:0:1, 2:1:0:0:1, 2:0:0:0:0, 1:0:0:0:0, 1:0:0:0:0, 0:0:0:0:0, 0:0:0:0:0, 1:0:0:0:0, 1:0:0:0:0, 0:0:0:0:0, 2:0:0:0:0, 2:0:0:0:0, 2:0:0:0:0, 1:0:0:0:0, 2:0:0:0:0, 2:0:0:0:0, 2:0:0:0:0, 1:0:0:0:0, 0:0:0:0:0, 3:0:0:0:0, 3:0:0:0:0, 4:0:0:0:0, 4:0:0:0:0, 1:0:0:0:0, 1:0:2:0:2, 1:0:0:0:0, 3:1:0:0:1, 1:1:0:0:1, 2:0:0:0:0, 1:0:0:0:0, 2:0:0:0:0, 1:0:0:0:0, 2:0:0:0:0, 1:0:0:0:0, 0:0:0:0:0, 1:0:0:0:0, 3:0:1:0:1, 2:0:0:0:0, 2:0:1:0:1, 2:0:0:0:0, 2:0:0:0:0, 2:0:1:0:1, 4:0:0:0:0, 3:0:0:0:0, 3:0:0:0:0, 3:0:0:0:0, 1:0:0:0:0, 2:0:0:0:0, 2:0:0:0:0, 1:0:0:0:0, 2:1:0:0:1, 1:1:0:0:1, 0:0:0:0:0, 0:0:0:0:0, 0:0:0:0:0, 2:0:0:0:0, 1:0:0:0:0, 0:0:0:0:0, 1:0:0:0:0, 1:0:0:0:0, 1:0:0:0:0, 1:0:0:0:0, 0:0:0:0:0, 2:0:0:0:0, 1:0:0:0:0, 0:0:0:0:0, 1:0:0:0:0, 3:0:0:0:0, 2:0:0:0:0, 3:0:0:0:0, 3:0:0:0:0, 1:1:0:0:1, 1:0:1:0:1, 1:0:0:0:0, 3:0:0:0:0, 2:1:0:0:1, 2:0:0:0:0, 1:0:0:0:0, 2:0:0:0:0, 1:0:0:0:0, 2:0:0:0:0, 1:0:0:0:0, 0:0:0:0:0, 1:0:0:0:0, 3:0:1:0:1, 2:0:0:0:0, 2:0:1:0:1, 2:0:0:0:0, 3:0:0:0:0, 2:0:1:0:1, 4:0:0:0:0, 3:0:0:0:0, 3:0:0:0:0, 3:0:0:0:0, 3:0:0:0:0, 2:0:0:0:0, 2:0:0:0:0, 1:0:0:0:0, 2:1:0:0:1, 1:1:0:0:1, 0:0:0:0:0, 0:0:0:0:0, 0:0:0:0:0, 3:0:0:0:0, 1:0:0:0:0, 0:0:0:0:0, 1:0:0:0:0, 1:0:0:0:0, 1:0:0:0:0, 1:0:0:0:0, 0:0:0:0:0, 2:0:0:0:0, 2:0:0:0:0, 0:0:0:0:0, 1:0:0:0:0, 3:0:0:0:0, 2:0:0:0:0, 2:0:0:0:0, 3:0:0:0:0, 1:1:0:0:1, 1:0:1:0:1, 1:0:0:0:0, 2:1:0:0:1, 1:0:0:0:0, 1:0:0:0:0, 1:0:0:0:0, 1:0:0:0:0, 3:0:0:0:0, 1:0:0:0:0, 0:0:0:0:0, 0:0:0:0:0, 3:0:0:0:0, 3:0:0:0:0, 2:0:0:0:0, 1:0:0:0:0, 2:0:0:0:0, 3:0:1:0:1, 3:1:0:0:1, 4:0:0:0:0, 3:0:0:0:0, 4:0:0:0:0, 3:0:0:0:0, 3:0:0:0:0, 3:1:0:0:1, 2:0:0:0:0, 1:0:0:0:0, 1:0:0:0:0, 1:0:1:0:1, 0:0:0:0:0, 1:0:0:0:0, 1:0:0:0:0, 2:1:0:0:1, 1:0:0:0:0, 2:1:0:0:1, 0:0:0:0:0, 2:0:0:0:0, 1:0:0:0:0, 1:0:0:0:0, 1:0:0:0:0, 1:0:0:0:0, 2:0:0:0:0, 1:1:0:0:1, 0:0:0:0:0, 3:1:0:0:1, 2:0:0:0:0, 3:1:0:0:1, 2:0:0:0:0, 1:1:0:0:1, 0:0:0:0:0, 1:0:0:0:0, 0:0:0:0:0, 1:1:0:0:1, 0:0:0:0:0, 2:0:0:0:0, 1:0:0:0:0, 1:0:0:0:0, 0:0:0:0:0, 1:0:0:0:0, 1:0:0:0:0, 1:0:0:0:0, 1:0:0:0:0, 1:0:0:0:0, 1:0:0:0:0, 1:0:0:0:0, 1:0:0:0:0, 1:0:0:0:0, 1:0:0:0:0, 492:38:17:0:55
G aeolian (1#), 1:0:0:0:0, 2:1:0:0:1, 2:1:0:0:0, 1:0:0:0:1, 1:0:0:0:1, 2:1:0:0:1, 2:2:0:0:1, 3:3:1:0:1, 2:3:0:0:1, 3:2:0:0:0, 3:1:0:0:1, 2:3:0:0:0, 2:2:0:0:1, 3:3:0:0:1, 1:2:0:0:2, 2:1:0:0:2, 3:3:0:0:2, 1:2:0:0:2, 1:1:0:0:1, 2:2:0:0:0, 1:0:0:0:0, 2:0:0:0:2, 1:0:0:0:1, 2:0:0:0:1, 1:0:0:0:1, 0:0:0:0:0, 1:0:0:0:0, 1:1:0:0:0, 3:2:0:0:1, 3:1:0:0:2, 0:0:0:0:0, 2:1:0:0:0, 2:1:0:0:1, 0:0:0:0:0, 0:0:0:0:0, 3:0:0:0:2, 1:0:0:0:1, 1:0:0:0:0, 1:2:0:0:0, 3:1:0:0:2, 2:2:0:0:0, 4:3:1:0:2, 2:0:0:0:2, 1:0:0:0:1, 2:1:0:0:0, 2:3:0:0:0, 1:3:0:0:0, 2:2:0:0:0, 1:0:0:0:1, 1:1:0:0:0, 1:0:0:0:1, 2:0:0:0:1, 1:0:0:0:1, 2:1:0:0:1, 2:2:0:0:1, 2:2:0:0:0, 2:1:0:0:0, 2:1:0:0:1, 3:1:0:0:1, 3:1:1:0:1, 4:3:1:0:2, 2:3:0:0:1, 2:3:0:0:2, 4:1:0:0:3, 2:3:0:0:4, 4:2:0:0:4, 1:0:0:0:0, 1:1:0:0:1, 0:0:0:0:0, 2:0:0:0:2, 0:0:0:0:0, 1:0:0:0:1, 2:0:0:0:1, 1:1:0:0:0, 3:1:0:0:1, 1:1:0:0:0, 1:3:0:0:0, 2:2:0:0:2, 0:0:0:0:0, 1:1:0:0:0, 1:0:0:0:0, 2:1:0:0:1, 2:1:0:0:0, 1:1:0:0:0, 1:0:0:0:1, 1:0:0:0:0, 1:2:0:0:0, 2:2:0:0:0, 2:3:0:0:1, 3:2:0:0:1, 1:0:0:0:0, 1:0:0:0:0, 2:1:0:0:0, 2:3:0:0:0, 2:3:0:0:0, 2:3:0:0:0, 1:1:0:0:0, 2:1:0:0:0, 2:0:0:0:1, 2:0:0:0:0, 1:1:0:0:0, 1:0:0:0:0, 1:2:0:0:0, 3:1:0:0:0, 2:3:0:0:0, 3:1:0:0:2, 2:1:0:0:1, 3:1:1:0:1, 3:3:0:0:2, 2:5:0:0:0, 2:2:1:0:3, 3:1:0:0:3, 3:2:0:0:3, 5:3:0:0:4, 1:0:0:0:0, 2:1:1:0:2, 2:0:0:0:1, 1:0:0:0:1, 1:0:0:0:1, 1:0:0:0:1, 1:0:0:0:1, 2:1:0:0:1, 1:1:0:0:0, 1:0:0:0:1, 2:2:0:0:0, 3:1:0:0:2, 0:0:0:0:0, 1:1:0:0:0, 1:0:0:0:1, 1:1:0:0:0, 1:1:0:0:0, 1:0:0:0:0, 1:0:0:0:1, 2:1:0:0:1, 2:3:1:0:1, 2:2:0:0:0, 2:3:0:0:1, 3:1:0:0:2, 2:0:0:0:2, 2:0:0:0:2, 2:0:0:0:1, 3:4:2:0:2, 1:2:0:0:0, 1:1:0:0:0, 1:0:0:0:0, 3:1:0:0:1, 1:1:0:0:0, 1:0:0:0:1, 1:0:0:0:1, 2:1:0:0:1, 1:2:0:0:0, 2:2:0:0:0, 1:3:0:0:0, 2:1:0:0:1, 3:1:0:0:1, 2:1:0:0:1, 2:2:0:0:1, 3:3:0:0:2, 2:3:0:0:2, 4:1:0:0:3, 2:2:0:0:3, 4:2:0:0:4, 2:0:0:0:1, 0:0:0:0:0, 0:0:0:0:0, 2:0:0:0:2, 0:0:0:0:0, 1:0:0:0:1, 1:0:0:0:0, 1:0:0:0:0, 1:1:0:0:0, 1:1:0:0:0, 2:2:0:0:0, 3:2:0:0:2, 0:0:0:0:0, 2:1:0:0:0, 2:1:0:0:1, 1:0:0:0:1, 1:0:0:0:1, 0:0:0:0:0, 1:0:0:0:1, 1:0:0:0:0, 1:2:0:0:0, 3:2:0:0:1, 2:3:0:0:1, 3:2:0:0:1, 1:0:0:0:1, 1:0:0:0:0, 2:0:0:0:1, 3:3:1:0:1, 1:3:0:0:0, 3:2:0:0:0, 2:0:0:0:1, 3:1:0:0:1, 1:1:0:0:0, 1:0:0:0:1, 1:0:0:0:1, 2:1:0:0:1, 1:2:0:0:0, 2:2:0:0:0, 1:3:0:0:0, 2:1:0:0:1, 3:1:0:0:1, 2:1:0:0:1, 2:2:0:0:1, 2:2:0:0:2, 2:3:0:0:2, 4:1:0:0:3, 2:3:0:0:2, 4:2:0:0:4, 2:0:0:0:1, 1:1:0:0:0, 0:0:0:0:0, 1:0:0:0:2, 0:0:0:0:0, 1:0:0:0:1, 1:0:0:0:0, 1:0:0:0:0, 1:1:0:0:0, 1:1:0:0:0, 3:2:0:0:1, 3:2:0:0:2, 1:1:0:0:0, 2:1:0:0:0, 2:1:0:0:1, 1:0:0:0:1, 1:0:0:0:1, 0:0:0:0:0, 1:0:0:0:1, 2:1:0:0:1, 1:2:0:0:0, 3:2:0:0:1, 2:3:0:0:1, 3:2:0:0:1, 1:1:0:0:0, 1:0:0:0:0, 2:0:0:0:1, 3:3:1:0:1, 1:3:0:0:0, 2:1:0:0:0, 1:1:0:0:0, 2:1:0:0:0, 2:0:0:0:2, 2:1:0:0:0, 1:0:0:0:1, 1:0:0:0:0, 1:2:0:0:0, 2:2:0:0:0, 3:4:0:0:0, 3:1:1:0:1, 2:2:0:0:1, 3:1:0:0:1, 2:4:0:0:2, 2:3:0:0:0, 2:1:0:0:2, 5:1:0:0:4, 2:3:0:0:4, 5:2:0:0:4, 2:0:0:0:1, 1:1:0:0:0, 2:0:0:0:1, 1:0:0:0:0, 1:0:0:0:0, 0:0:0:0:0, 1:0:0:0:1, 0:0:0:0:0, 2:1:0:0:1, 1:0:0:0:0, 2:2:0:0:1, 2:2:0:0:2, 2:0:0:0:1, 0:0:0:0:0, 1:0:0:0:1, 1:1:0:0:0, 1:1:0:0:0, 1:0:0:0:1, 2:0:0:0:1, 2:1:0:0:1, 2:2:0:0:1, 2:1:0:0:0, 2:2:0:0:1, 3:2:0:0:1, 1:0:0:0:1, 0:0:0:0:0, 2:0:0:0:1, 2:3:0:0:0, 2:3:0:0:1, 0:0:0:0:0, 2:0:0:0:1, 2:3:0:0:0, 2:4:0:0:0, 0:0:0:0:0, 1:0:0:0:0, 2:3:0:0:0, 2:3:0:0:1, 2:4:0:0:1, 1:7:0:0:0, 2:0:0:0:3, 1:0:0:0:1, 1:0:0:0:1, 1:0:0:0:1, 1:0:0:0:1, 1:0:0:0:1, 1:0:0:0:1, 516:347:13:0:249
F locrian (1b), 1:2:0:0:2, 1:0:0:0:0, 2:0:0:0:0, 0:0:0:0:0, 1:0:0:0:0, 1:0:0:0:0, 1:1:0:0:1, 1:0:1:0:1, 3:0:0:0:0, 2:0:0:0:0, 2:1:0:0:1, 2:0:0:0:0, 1:0:0:0:0, 2:0:0:0:0, 2:2:0:0:2, 3:0:0:0:0, 2:0:0:0:0, 1:0:0:0:0, 2:0:0:0:0, 3:0:0:0:0, 3:0:0:0:0, 2:1:0:0:1, 2:0:0:0:0, 2:0:0:0:0, 1:0:0:0:0, 1:0:0:0:0, 2:0:0:0:0, 1:0:0:0:0, 2:0:0:0:0, 3:0:1:0:1, 0:0:0:0:0, 1:0:0:0:0, 1:0:0:0:0, 1:0:0:0:0, 1:0:0:0:0, 3:1:0:0:1, 2:0:0:0:0, 1:0:0:0:0, 0:0:0:0:0, 1:0:0:0:0, 2:0:0:0:0, 3:0:1:0:1, 4:0:0:0:0, 3:0:0:0:0, 1:0:0:0:0, 0:0:0:0:0, 1:0:0:0:0, 2:0:0:0:0, 2:0:0:0:0, 2:0:0:0:0, 1:0:0:0:0, 1:0:0:0:0, 2:0:0:0:0, 2:0:0:0:0, 1:0:0:0:0, 0:0:0:0:0, 2:0:0:0:0, 4:0:0:0:0, 3:0:0:0:0, 3:0:0:0:0, 3:0:0:0:0, 2:0:0:0:0, 2:0:1:0:1, 4:0:0:0:0, 3:0:0:0:0, 3:0:0:0:0, 2:0:0:0:0, 3:0:0:0:0, 2:0:0:0:0, 2:1:0:0:1, 1:0:0:0:0, 2:1:0:0:1, 2:0:0:0:0, 2:0:0:0:0, 2:0:0:0:0, 0:0:0:0:0, 2:0:0:0:0, 1:0:0:0:0, 0:0:0:0:0, 1:0:0:0:0, 1:2:0:0:2, 1:0:0:0:0, 1:0:0:0:0, 0:0:0:0:0, 0:0:0:0:0, 1:0:0:0:0, 0:0:0:0:0, 0:0:0:0:0, 3:0:0:0:0, 2:0:0:0:0, 3:0:0:0:0, 3:0:0:0:0, 1:0:0:0:0, 0:0:0:0:0, 1:0:0:0:0, 2:0:0:0:0, 1:0:0:0:0, 1:0:0:0:0, 2:0:0:0:0, 1:1:0:0:1, 2:0:0:0:0, 1:0:0:0:0, 0:0:0:0:0, 1:1:0:0:1, 2:0:0:0:0, 3:0:1:0:1, 2:0:0:0:0, 3:0:0:0:0, 2:0:0:0:0, 2:0:0:0:0, 2:1:0:0:1, 3:0:0:0:0, 3:0:0:0:0, 3:0:0:0:0, 3:1:0:0:1, 3:0:0:0:0, 3:1:0:0:1, 2:1:0:0:1, 2:1:0:0:1, 2:0:0:0:0, 1:0:0:0:0, 1:0:0:0:0, 0:0:0:0:0, 0:0:0:0:0, 1:0:0:0:0, 1:0:0:0:0, 0:0:0:0:0, 2:0:0:0:0, 2:0:0:0:0, 2:0:0:0:0, 1:0:0:0:0, 2:0:0:0:0, 2:0:0:0:0, 2:0:0:0:0, 1:0:0:0:0, 0:0:0:0:0, 3:0:0:0:0, 3:0:0:0:0, 4:0:0:0:0, 4:0:0:0:0, 1:0:0:0:0, 1:0:2:0:2, 1:0:0:0:0, 3:1:0:0:1, 1:1:0:0:1, 2:0:0:0:0, 1:0:0:0:0, 2:0:0:0:0, 1:0:0:0:0, 2:0:0:0:0, 1:0:0:0:0, 0:0:0:0:0, 1:0:0:0:0, 3:0:1:0:1, 2:0:0:0:0, 2:0:1:0:1, 2:0:0:0:0, 2:0:0:0:0, 2:0:1:0:1, 4:0:0:0:0, 3:0:0:0:0, 3:0:0:0:0, 3:0:0:0:0, 1:0:0:0:0, 2:0:0:0:0, 2:0:0:0:0, 1:0:0:0:0, 2:1:0:0:1, 1:1:0:0:1, 0:0:0:0:0, 0:0:0:0:0, 0:0:0:0:0, 2:0:0:0:0, 1:0:0:0:0, 0:0:0:0:0, 1:0:0:0:0, 1:0:0:0:0, 1:0:0:0:0, 1:0:0:0:0, 0:0:0:0:0, 2:0:0:0:0, 1:0:0:0:0, 0:0:0:0:0, 1:0:0:0:0, 3:0:0:0:0, 2:0:0:0:0, 3:0:0:0:0, 3:0:0:0:0, 1:1:0:0:1, 1:0:1:0:1, 1:0:0:0:0, 3:0:0:0:0, 2:1:0:0:1, 2:0:0:0:0, 1:0:0:0:0, 2:0:0:0:0, 1:0:0:0:0, 2:0:0:0:0, 1:0:0:0:0, 0:0:0:0:0, 1:0:0:0:0, 3:0:1:0:1, 2:0:0:0:0, 2:0:1:0:1, 2:0:0:0:0, 3:0:0:0:0, 2:0:1:0:1, 4:0:0:0:0, 3:0:0:0:0, 3:0:0:0:0, 3:0:0:0:0, 3:0:0:0:0, 2:0:0:0:0, 2:0:0:0:0, 1:0:0:0:0, 2:1:0:0:1, 1:1:0:0:1, 0:0:0:0:0, 0:0:0:0:0, 0:0:0:0:0, 3:0:0:0:0, 1:0:0:0:0, 0:0:0:0:0, 1:0:0:0:0, 1:0:0:0:0, 1:0:0:0:0, 1:0:0:0:0, 0:0:0:0:0, 2:0:0:0:0, 2:0:0:0:0, 0:0:0:0:0, 1:0:0:0:0, 3:0:0:0:0, 2:0:0:0:0, 2:0:0:0:0, 3:0:0:0:0, 1:1:0:0:1, 1:0:1:0:1, 1:0:0:0:0, 2:1:0:0:1, 1:0:0:0:0, 1:0:0:0:0, 1:0:0:0:0, 1:0:0:0:0, 3:0:0:0:0, 1:0:0:0:0, 0:0:0:0:0, 0:0:0:0:0, 3:0:0:0:0, 3:0:0:0:0, 2:0:0:0:0, 1:0:0:0:0, 2:0:0:0:0, 3:0:1:0:1, 3:1:0:0:1, 4:0:0:0:0, 3:0:0:0:0, 4:0:0:0:0, 3:0:0:0:0, 3:0:0:0:0, 3:1:0:0:1, 2:0:0:0:0, 1:0:0:0:0, 1:0:0:0:0, 1:0:1:0:1, 0:0:0:0:0, 1:0:0:0:0, 1:0:0:0:0, 2:1:0:0:1, 1:0:0:0:0, 2:1:0:0:1, 0:0:0:0:0, 2:0:0:0:0, 1:0:0:0:0, 1:0:0:0:0, 1:0:0:0:0, 1:0:0:0:0, 2:0:0:0:0, 1:1:0:0:1, 0:0:0:0:0, 3:1:0:0:1, 2:0:0:0:0, 3:1:0:0:1, 2:0:0:0:0, 1:1:0:0:1, 0:0:0:0:0, 1:0:0:0:0, 0:0:0:0:0, 1:1:0:0:1, 0:0:0:0:0, 2:0:0:0:0, 1:0:0:0:0, 1:0:0:0:0, 0:0:0:0:0, 1:0:0:0:0, 1:0:0:0:0, 1:0:0:0:0, 1:0:0:0:0, 1:0:0:0:0, 1:0:0:0:0, 1:0:0:0:0, 1:0:0:0:0, 1:0:0:0:0, 1:0:0:0:0, 492:38:17:0:55
G locrian (1#), 1:0:0:0:0, 2:1:0:0:1, 2:1:0:0:0, 1:0:0:0:1, 1:0:0:0:1, 2:1:0:0:1, 2:2:0:0:1, 3:3:1:0:1, 2:3:0:0:1, 3:2:0:0:0, 3:1:0:0:1, 2:3:0:0:0, 2:2:0:0:1, 3:3:0:0:1, 1:2:0:0:2, 2:1:0:0:2, 3:3:0:0:2, 1:2:0:0:2, 1:1:0:0:1, 2:2:0:0:0, 1:0:0:0:0, 2:0:0:0:2, 1:0:0:0:1, 2:0:0:0:1, 1:0:0:0:1, 0:0:0:0:0, 1:0:0:0:0, 1:1:0:0:0, 3:2:0:0:1, 3:1:0:0:2, 0:0:0:0:0, 2:1:0:0:0, 2:1:0:0:1, 0:0:0:0:0, 0:0:0:0:0, 3:0:0:0:2, 1:0:0:0:1, 1:0:0:0:0, 1:2:0:0:0, 3:1:0:0:2, 2:2:0:0:0, 4:3:1:0:2, 2:0:0:0:2, 1:0:0:0:1, 2:1:0:0:0, 2:3:0:0:0, 1:3:0:0:0, 2:2:0:0:0, 1:0:0:0:1, 1:1:0:0:0, 1:0:0:0:1, 2:0:0:0:1, 1:0:0:0:1, 2:1:0:0:1, 2:2:0:0:1, 2:2:0:0:0, 2:1:0:0:0, 2:1:0:0:1, 3:1:0:0:1, 3:1:1:0:1, 4:3:1:0:2, 2:3:0:0:1, 2:3:0:0:2, 4:1:0:0:3, 2:3:0:0:4, 4:2:0:0:4, 1:0:0:0:0, 1:1:0:0:1, 0:0:0:0:0, 2:0:0:0:2, 0:0:0:0:0, 1:0:0:0:1, 2:0:0:0:1, 1:1:0:0:0, 3:1:0:0:1, 1:1:0:0:0, 1:3:0:0:0, 2:2:0:0:2, 0:0:0:0:0, 1:1:0:0:0, 1:0:0:0:0, 2:1:0:0:1, 2:1:0:0:0, 1:1:0:0:0, 1:0:0:0:1, 1:0:0:0:0, 1:2:0:0:0, 2:2:0:0:0, 2:3:0:0:1, 3:2:0:0:1, 1:0:0:0:0, 1:0:0:0:0, 2:1:0:0:0, 2:3:0:0:0, 2:3:0:0:0, 2:3:0:0:0, 1:1:0:0:0, 2:1:0:0:0, 2:0:0:0:1, 2:0:0:0:0, 1:1:0:0:0, 1:0:0:0:0, 1:2:0:0:0, 3:1:0:0:0, 2:3:0:0:0, 3:1:0:0:2, 2:1:0:0:1, 3:1:1:0:1, 3:3:0:0:2, 2:5:0:0:0, 2:2:1:0:3, 3:1:0:0:3, 3:2:0:0:3, 5:3:0:0:4, 1:0:0:0:0, 2:1:1:0:2, 2:0:0:0:1, 1:0:0:0:1, 1:0:0:0:1, 1:0:0:0:1, 1:0:0:0:1, 2:1:0:0:1, 1:1:0:0:0, 1:0:0:0:1, 2:2:0:0:0, 3:1:0:0:2, 0:0:0:0:0, 1:1:0:0:0, 1:0:0:0:1, 1:1:0:0:0, 1:1:0:0:0, 1:0:0:0:0, 1:0:0:0:1, 2:1:0:0:1, 2:3:1:0:1, 2:2:0:0:0, 2:3:0:0:1, 3:1:0:0:2, 2:0:0:0:2, 2:0:0:0:2, 2:0:0:0:1, 3:4:2:0:2, 1:2:0:0:0, 1:1:0:0:0, 1:0:0:0:0, 3:1:0:0:1, 1:1:0:0:0, 1:0:0:0:1, 1:0:0:0:1, 2:1:0:0:1, 1:2:0:0:0, 2:2:0:0:0, 1:3:0:0:0, 2:1:0:0:1, 3:1:0:0:1, 2:1:0:0:1, 2:2:0:0:1, 3:3:0:0:2, 2:3:0:0:2, 4:1:0:0:3, 2:2:0:0:3, 4:2:0:0:4, 2:0:0:0:1, 0:0:0:0:0, 0:0:0:0:0, 2:0:0:0:2, 0:0:0:0:0, 1:0:0:0:1, 1:0:0:0:0, 1:0:0:0:0, 1:1:0:0:0, 1:1:0:0:0, 2:2:0:0:0, 3:2:0:0:2, 0:0:0:0:0, 2:1:0:0:0, 2:1:0:0:1, 1:0:0:0:1, 1:0:0:0:1, 0:0:0:0:0, 1:0:0:0:1, 1:0:0:0:0, 1:2:0:0:0, 3:2:0:0:1, 2:3:0:0:1, 3:2:0:0:1, 1:0:0:0:1, 1:0:0:0:0, 2:0:0:0:1, 3:3:1:0:1, 1:3:0:0:0, 3:2:0:0:0, 2:0:0:0:1, 3:1:0:0:1, 1:1:0:0:0, 1:0:0:0:1, 1:0:0:0:1, 2:1:0:0:1, 1:2:0:0:0, 2:2:0:0:0, 1:3:0:0:0, 2:1:0:0:1, 3:1:0:0:1, 2:1:0:0:1, 2:2:0:0:1, 2:2:0:0:2, 2:3:0:0:2, 4:1:0:0:3, 2:3:0:0:2, 4:2:0:0:4, 2:0:0:0:1, 1:1:0:0:0, 0:0:0:0:0, 1:0:0:0:2, 0:0:0:0:0, 1:0:0:0:1, 1:0:0:0:0, 1:0:0:0:0, 1:1:0:0:0, 1:1:0:0:0, 3:2:0:0:1, 3:2:0:0:2, 1:1:0:0:0, 2:1:0:0:0, 2:1:0:0:1, 1:0:0:0:1, 1:0:0:0:1, 0:0:0:0:0, 1:0:0:0:1, 2:1:0:0:1, 1:2:0:0:0, 3:2:0:0:1, 2:3:0:0:1, 3:2:0:0:1, 1:1:0:0:0, 1:0:0:0:0, 2:0:0:0:1, 3:3:1:0:1, 1:3:0:0:0, 2:1:0:0:0, 1:1:0:0:0, 2:1:0:0:0, 2:0:0:0:2, 2:1:0:0:0, 1:0:0:0:1, 1:0:0:0:0, 1:2:0:0:0, 2:2:0:0:0, 3:4:0:0:0, 3:1:1:0:1, 2:2:0:0:1, 3:1:0:0:1, 2:4:0:0:2, 2:3:0:0:0, 2:1:0:0:2, 5:1:0:0:4, 2:3:0:0:4, 5:2:0:0:4, 2:0:0:0:1, 1:1:0:0:0, 2:0:0:0:1, 1:0:0:0:0, 1:0:0:0:0, 0:0:0:0:0, 1:0:0:0:1, 0:0:0:0:0, 2:1:0:0:1, 1:0:0:0:0, 2:2:0:0:1, 2:2:0:0:2, 2:0:0:0:1, 0:0:0:0:0, 1:0:0:0:1, 1:1:0:0:0, 1:1:0:0:0, 1:0:0:0:1, 2:0:0:0:1, 2:1:0:0:1, 2:2:0:0:1, 2:1:0:0:0, 2:2:0:0:1, 3:2:0:0:1, 1:0:0:0:1, 0:0:0:0:0, 2:0:0:0:1, 2:3:0:0:0, 2:3:0:0:1, 0:0:0:0:0, 2:0:0:0:1, 2:3:0:0:0, 2:4:0:0:0, 0:0:0:0:0, 1:0:0:0:0, 2:3:0:0:0, 2:3:0:0:1, 2:4:0:0:1, 1:7:0:0:0, 2:0:0:0:3, 1:0:0:0:1, 1:0:0:0:1, 1:0:0:0:1, 1:0:0:0:1, 1:0:0:0:1, 1:0:0:0:1, 516:347:13:0:249
Bb major (2b), 1:2:0:0:2, 1:0:0:0:0, 1:0:0:0:0, 0:0:0:0:0, 0:0:0:0:0, 1:0:0:0:0, 1:0:0:0:0, 2:0:1:0:0, 2:0:0:0:1, 1:0:0:0:0, 1:1:0:0:1, 1:0:0:0:0, 0:0:0:0:0, 1:0:0:0:0, 2:2:0:0:2, 3:0:0:0:2, 2:0:0:0:0, 1:0:0:0:0, 2:0:0:0:2, 3:0:0:0:1, 3:0:0:0:2, 3:1:0:0:1, 1:0:0:0:1, 1:0:2:0:2, 1:0:1:0:1, 1:0:0:0:0, 2:0:0:0:0, 1:0:1:0:1, 1:0:0:0:0, 2:0:1:0:0, 0:0:0:0:0, 0:0:0:0:0, 1:0:0:0:0, 1:0:0:0:1, 1:0:0:0:1, 2:1:0:0:1, 2:0:0:0:0, 1:0:0:0:1, 1:0:0:0:0, 1:0:0:0:0, 1:0:0:0:0, 2:0:1:0:1, 4:0:0:0:1, 2:0:0:0:3, 0:0:0:0:0, 0:0:0:0:0, 0:0:0:0:0, 1:0:0:0:0, 2:0:0:0:1, 2:0:0:0:1, 0:0:0:0:0, 1:0:0:0:0, 1:0:0:0:1, 2:0:0:0:1, 0:0:0:0:0, 0:0:0:0:0, 1:0:0:0:0, 3:0:0:0:1, 2:0:0:0:1, 2:0:0:0:0, 2:0:0:0:0, 1:0:0:0:0, 2:0:1:0:0, 3:0:0:0:0, 3:0:0:0:1, 3:0:0:0:0, 3:0:0:0:2, 3:0:0:0:1, 2:0:0:0:2, 3:1:0:0:1, 1:0:0:0:1, 2:0:2:0:2, 2:0:0:0:0, 1:0:0:0:0, 2:0:0:0:0, 0:0:0:0:0, 1:0:0:0:1, 0:0:0:0:0, 1:0:0:0:0, 1:0:0:0:0, 1:2:0:0:2, 1:0:0:0:0, 0:0:0:0:0, 0:0:0:0:0, 1:0:0:0:0, 1:0:0:0:1, 1:0:0:0:0, 0:0:0:0:0, 2:0:0:0:1, 1:0:0:0:0, 3:0:0:0:2, 3:0:0:0:2, 0:0:0:0:0, 0:0:0:0:0, 0:0:0:0:0, 1:0:0:0:0, 0:0:0:0:0, 0:0:0:0:0, 1:0:0:0:0, 1:1:0:0:1, 1:0:0:0:0, 1:0:0:0:1, 1:0:0:0:0, 1:1:0:0:1, 1:0:0:0:0, 2:0:1:0:0, 1:0:0:0:0, 2:0:0:0:0, 1:0:0:0:0, 1:0:0:0:0, 2:1:0:0:1, 3:0:0:0:1, 3:0:0:0:1, 3:0:0:0:0, 3:1:0:0:3, 3:0:0:0:1, 2:1:0:0:3, 3:1:0:0:1, 2:1:0:0:2, 2:0:0:0:1, 1:0:0:0:0, 2:0:0:0:0, 0:0:0:0:0, 0:0:0:0:0, 0:0:0:0:0, 0:0:0:0:0, 0:0:0:0:0, 2:0:0:0:2, 2:0:0:0:1, 2:0:0:0:1, 0:0:0:0:0, 2:0:0:0:1, 1:0:0:0:1, 2:0:0:0:1, 1:0:0:0:0, 0:0:0:0:0, 2:0:0:0:1, 2:0:0:0:0, 3:0:0:0:2, 4:0:0:0:2, 0:0:0:0:0, 1:0:2:0:0, 0:0:0:0:0, 2:1:0:0:2, 1:1:0:0:1, 2:0:0:0:0, 0:0:0:0:0, 2:0:0:0:2, 0:0:0:0:0, 2:0:0:0:1, 1:0:0:0:0, 1:0:0:0:0, 0:0:0:0:0, 2:0:1:0:0, 1:0:0:0:1, 1:0:1:0:0, 1:0:0:0:0, 1:0:0:0:0, 2:0:1:0:0, 3:0:0:0:0, 3:0:0:0:1, 3:0:0:0:0, 3:0:0:0:3, 1:0:0:0:1, 2:0:0:0:2, 3:0:0:0:1, 2:0:0:0:1, 2:1:0:0:2, 2:1:0:0:1, 1:0:0:0:0, 0:0:0:0:0, 0:0:0:0:0, 1:0:0:0:0, 0:0:0:0:0, 0:0:0:0:0, 0:0:0:0:0, 1:0:0:0:0, 1:0:0:0:1, 0:0:0:0:0, 0:0:0:0:0, 1:0:0:0:1, 1:0:0:0:1, 1:0:0:0:0, 1:0:0:0:0, 2:0:0:0:1, 1:0:0:0:0, 3:0:0:0:2, 3:0:0:0:2, 1:0:0:0:0, 1:0:1:0:0, 0:0:0:0:0, 2:0:0:0:0, 1:1:0:0:1, 2:0:0:0:0, 0:0:0:0:0, 2:0:0:0:2, 0:0:0:0:0, 2:0:0:0:1, 1:0:0:0:0, 1:0:0:0:0, 0:0:0:0:0, 2:0:1:0:0, 1:0:0:0:1, 1:0:1:0:0, 1:0:0:0:0, 2:0:0:0:1, 2:0:1:0:0, 3:0:0:0:0, 3:0:0:0:1, 3:0:0:0:0, 3:0:0:0:4, 3:0:0:0:1, 2:0:0:0:2, 3:0:0:0:1, 2:0:0:0:1, 2:1:0:0:2, 2:1:0:0:1, 1:0:0:0:0, 0:0:0:0:0, 0:0:0:0:0, 2:0:0:0:0, 0:0:0:0:0, 0:0:0:0:0, 0:0:0:0:0, 1:0:0:0:0, 1:0:0:0:1, 0:0:0:0:0, 0:0:0:0:0, 1:0:0:0:1, 2:0:0:0:1, 1:0:0:0:0, 1:0:0:0:0, 2:0:0:0:1, 1:0:0:0:0, 2:0:0:0:2, 3:0:0:0:2, 1:0:0:0:0, 1:0:1:0:0, 0:0:0:0:0, 1:1:0:0:1, 0:0:0:0:0, 0:0:0:0:0, 0:0:0:0:0, 1:0:0:0:0, 2:0:0:0:1, 1:0:0:0:1, 1:0:0:0:0, 0:0:0:0:0, 2:0:0:0:0, 2:0:0:0:0, 1:0:0:0:0, 0:0:0:0:0, 1:0:0:0:0, 3:0:1:0:0, 3:1:0:0:2, 3:0:0:0:0, 3:0:0:0:1, 4:0:0:0:0, 3:0:0:0:3, 3:0:0:0:1, 2:1:0:0:3, 3:0:0:0:1, 1:0:0:0:1, 2:0:0:0:1, 2:0:1:0:0, 0:0:0:0:0, 1:0:0:0:0, 2:0:0:0:0, 1:1:0:0:1, 0:0:0:0:0, 2:1:0:0:1, 0:0:0:0:0, 1:0:0:0:1, 0:0:0:0:0, 1:0:0:0:0, 1:0:0:0:1, 1:0:0:0:0, 2:0:0:0:1, 1:0:0:0:0, 1:0:0:0:0, 2:1:0:0:1, 1:0:0:0:0, 3:1:0:0:4, 3:0:0:0:2, 1:1:0:0:1, 0:0:0:0:0, 0:0:0:0:0, 1:0:0:0:0, 1:1:0:0:1, 0:0:0:0:0, 1:0:0:0:0, 1:0:0:0:0, 1:0:0:0:1, 0:0:0:0:0, 0:0:0:0:0, 0:0:0:0:0, 0:0:0:0:0, 0:0:0:0:0, 0:0:0:0:0, 0:0:0:0:0, 0:0:0:0:0, 0:0:0:0:0, 0:0:0:0:0, 0:0:0:0:0, 397:33:23:0:167
D major (2#), 2:0:0:0:0, 3:1:0:0:0, 3:1:0:0:0, 2:0:0:0:1, 2:0:0:0:1, 3:1:0:0:1, 2:2:0:0:1, 3:3:1:0:1, 2:2:0:0:0, 3:2:0:0:0, 3:1:1:0:2, 2:3:0:0:0, 2:2:0:0:1, 3:3:0:0:3, 1:1:0:0:1, 3:1:0:0:1, 3:2:0:0:2, 1:2:0:0:2, 1:0:2:0:2, 2:2:0:0:1, 2:0:0:0:0, 2:0:0:0:1, 2:0:0:0:1, 2:0:0:0:1, 2:0:0:0:1, 0:0:0:0:0, 1:0:0:0:0, 1:1:0:0:0, 2:2:0:0:1, 4:1:0:0:1, 0:0:0:0:0, 2:1:0:0:0, 3:1:0:0:0, 1:0:0:0:0, 1:0:0:0:0, 4:0:0:0:1, 2:0:0:0:0, 2:0:0:0:0, 2:2:0:0:0, 3:1:0:0:0, 1:2:0:0:0, 3:3:1:0:2, 2:0:0:0:1, 1:0:0:0:1, 3:1:0:0:0, 2:3:0:0:0, 2:3:0:0:0, 2:2:0:0:1, 2:0:0:0:1, 2:1:0:0:1, 2:0:0:0:1, 3:0:0:0:1, 2:0:0:0:1, 3:1:0:0:1, 3:2:0:0:1, 2:2:0:0:0, 2:1:0:0:0, 2:1:0:0:0, 4:1:0:0:1, 2:1:1:0:1, 4:3:1:0:2, 3:3:0:0:4, 2:2:0:0:1, 4:1:0:0:2, 2:1:0:0:1, 4:2:0:0:3, 0:0:0:0:0, 1:0:2:0:2, 1:0:0:0:0, 3:0:0:0:1, 1:0:0:0:0, 1:0:0:0:1, 2:0:0:0:0, 1:1:0:0:0, 3:1:0:0:0, 1:1:0:0:0, 2:3:0:0:0, 2:2:0:0:2, 1:0:0:0:0, 1:1:0:0:1, 2:0:0:0:0, 3:1:0:0:0, 3:1:0:0:0, 2:1:0:0:0, 2:0:0:0:1, 2:0:0:0:0, 2:2:0:0:0, 2:2:0:0:0, 2:2:0:0:0, 3:2:0:0:1, 0:0:0:0:0, 0:0:0:0:0, 3:1:0:0:0, 2:3:0:0:0, 3:3:0:0:0, 2:3:0:0:1, 2:1:0:0:0, 3:1:0:0:0, 3:0:0:0:1, 3:0:0:0:0, 2:1:0:0:0, 1:0:0:0:0, 1:2:0:0:0, 3:1:1:0:1, 1:3:0:0:0, 4:1:0:0:1, 3:1:0:0:1, 2:1:1:0:1, 3:2:0:0:1, 2:5:0:0:4, 2:1:1:0:2, 4:1:0:0:2, 3:1:0:0:1, 5:3:0:0:4, 0:0:0:0:0, 2:0:1:0:1, 1:0:0:0:1, 1:0:0:0:0, 1:0:0:0:0, 2:0:0:0:0, 1:0:0:0:1, 2:1:0:0:0, 1:1:0:0:0, 1:0:0:0:1, 3:2:0:0:0, 3:1:0:0:2, 1:0:0:0:0, 1:1:0:0:1, 2:0:0:0:1, 2:1:0:0:1, 2:1:0:0:0, 2:0:0:0:0, 2:0:0:0:1, 3:1:0:0:1, 2:3:1:0:1, 3:2:0:0:0, 2:2:0:0:0, 2:1:0:0:2, 2:0:0:0:2, 2:0:0:0:1, 3:0:0:0:1, 3:4:2:0:2, 2:2:0:0:0, 1:1:0:0:0, 2:0:0:0:0, 4:1:0:0:0, 2:1:0:0:0, 2:0:0:0:0, 2:0:0:0:1, 2:1:0:0:1, 1:2:0:0:0, 2:2:0:0:0, 1:3:0:0:0, 3:1:0:0:1, 3:1:0:0:1, 3:1:0:0:1, 3:2:0:0:1, 3:3:0:0:4, 2:2:0:0:1, 4:1:0:0:2, 2:1:0:0:1, 4:2:0:0:3, 2:0:0:0:1, 1:0:0:0:0, 0:0:0:0:0, 2:0:0:0:0, 1:0:0:0:0, 1:0:0:0:0, 1:0:1:0:1, 1:0:0:0:0, 1:1:0:0:0, 1:1:0:0:0, 1:2:0:0:0, 3:2:0:0:2, 0:0:0:0:0, 2:1:0:0:0, 3:1:0:0:0, 2:0:0:0:1, 2:0:0:0:1, 1:0:0:0:0, 2:0:0:0:1, 2:0:0:0:0, 2:2:0:0:0, 3:2:0:0:0, 2:2:0:0:0, 3:2:0:0:1, 1:0:0:0:0, 0:0:0:0:0, 2:0:0:0:1, 3:3:1:0:1, 2:3:0:0:0, 2:2:0:0:1, 3:0:0:0:1, 4:1:0:0:0, 2:1:0:0:0, 2:0:0:0:0, 2:0:0:0:1, 2:1:0:0:1, 1:2:0:0:0, 2:2:0:0:0, 1:3:0:0:0, 3:1:0:0:1, 3:1:0:0:1, 3:1:0:0:1, 3:2:0:0:1, 2:2:0:0:4, 2:2:0:0:1, 4:1:0:0:2, 2:2:0:0:2, 4:2:0:0:3, 2:0:0:0:1, 2:1:0:0:1, 0:0:0:0:0, 1:0:0:0:0, 1:0:0:0:0, 1:0:0:0:0, 1:0:1:0:1, 1:0:0:0:0, 1:1:0:0:0, 1:1:0:0:0, 2:2:0:0:0, 3:2:0:0:2, 1:1:0:0:0, 2:1:0:0:0, 3:1:0:0:0, 2:0:0:0:1, 2:0:0:0:1, 1:0:0:0:0, 2:0:0:0:1, 3:1:0:0:1, 2:2:0:0:0, 3:2:0:0:0, 2:2:0:0:0, 3:2:0:0:1, 1:1:0:0:1, 0:0:0:0:0, 2:0:0:0:1, 3:3:1:0:1, 2:3:0:0:0, 1:1:0:0:0, 2:1:0:0:0, 3:1:0:0:0, 3:0:0:0:2, 3:1:0:0:1, 2:0:0:0:1, 2:0:0:0:0, 2:2:0:0:0, 2:2:0:0:0, 2:4:0:0:2, 4:1:1:0:1, 2:2:0:0:1, 3:1:0:0:1, 2:2:1:0:1, 2:3:0:0:2, 2:1:0:0:1, 5:1:0:0:3, 2:1:0:0:1, 5:2:0:0:3, 2:0:0:0:1, 2:1:0:0:1, 1:0:0:0:1, 0:0:0:0:0, 1:0:0:0:0, 1:0:0:0:0, 1:0:0:0:1, 0:0:0:0:0, 2:1:0:0:0, 1:0:0:0:0, 2:2:0:0:0, 2:2:0:0:2, 1:0:0:0:0, 0:0:0:0:0, 2:0:0:0:1, 2:1:0:0:0, 2:1:0:0:0, 2:0:0:0:1, 3:0:0:0:1, 3:1:0:0:1, 2:2:0:0:1, 2:1:0:0:0, 2:2:0:0:0, 2:2:0:0:1, 1:0:0:0:1, 0:0:0:0:0, 2:0:0:0:0, 2:3:0:0:0, 2:3:0:0:1, 1:0:0:0:0, 2:0:0:0:0, 2:3:0:0:0, 1:4:0:0:0, 1:0:0:0:0, 1:0:0:0:0, 2:3:0:0:0, 2:3:0:0:1, 2:4:0:0:1, 1:7:0:0:0, 2:0:0:0:3, 1:0:0:0:1, 1:0:0:0:1, 1:0:0:0:1, 1:0:0:0:1, 1:0:0:0:1, 1:0:0:0:1, 609:323:22:0:208
G minor (2b), 1:2:0:0:2, 1:0:0:0:0, 1:0:0:0:0, 0:0:0:0:0, 0:0:0:0:0, 1:0:0:0:0, 1:0:0:0:0, 2:0:1:0:0, 2:0:0:0:1, 1:0:0:0:0, 1:1:0:0:1, 1:0:0:0:0, 0:0:0:0:0, 1:0:0:0:0, 2:2:0:0:2, 3:0:0:0:2, 2:0:0:0:0, 1:0:0:0:0, 2:0:0:0:2, 3:0:0:0:1, 3:0:0:0:2, 3:1:0:0:1, 1:0:0:0:1, 1:0:2:0:2, 1:0:1:0:1, 1:0:0:0:0, 2:0:0:0:0, 1:0:1:0:1, 1:0:0:0:0, 2:0:1:0:0, 0:0:0:0:0, 0:0:0:0:0, 1:0:0:0:0, 1:0:0:0:1, 1:0:0:0:1, 2:1:0:0:1, 2:0:0:0:0, 1:0:0:0:1, 1:0:0:0:0, 1:0:0:0:0, 1:0:0:0:0, 2:0:1:0:1, 4:0:0:0:1, 2:0:0:0:3, 0:0:0:0:0, 0:0:0:0:0, 0:0:0:0:0, 1:0:0:0:0, 2:0:0:0:1, 2:0:0:0:1, 0:0:0:0:0, 1:0:0:0:0, 1:0:0:0:1, 2:0:0:0:1, 0:0:0:0:0, 0:0:0:0:0, 1:0:0:0:0, 3:0:0:0:1, 2:0:0:0:1, 2:0:0:0:0, 2:0:0:0:0, 1:0:0:0:0, 2:0:1:0:0, 3:0:0:0:0, 3:0:0:0:1, 3:0:0:0:0, 3:0:0:0:2, 3:0:0:0:1, 2:0:0:0:2, 3:1:0:0:1, 1:0:0:0:1, 2:0:2:0:2, 2:0:0:0:0, 1:0:0:0:0, 2:0:0:0:0, 0:0:0:0:0, 1:0:0:0:1, 0:0:0:0:0, 1:0:0:0:0, 1:0:0:0:0, 1:2:0:0:2, 1:0:0:0:0, 0:0:0:0:0, 0:0:0:0:0, 1:0:0:0:0, 1:0:0:0:1, 1:0:0:0:0, 0:0:0:0:0, 2:0:0:0:1, 1:0:0:0:0, 3:0:0:0:2, 3:0:0:0:2, 0:0:0:0:0, 0:0:0:0:0, 0:0:0:0:0, 1:0:0:0:0, 0:0:0:0:0, 0:0:0:0:0, 1:0:0:0:0, 1:1:0:0:1, 1:0:0:0:0, 1:0:0:0:1, 1:0:0:0:0, 1:1:0:0:1, 1:0:0:0:0, 2:0:1:0:0, 1:0:0:0:0, 2:0:0:0:0, 1:0:0:0:0, 1:0:0:0:0, 2:1:0:0:1, 3:0:0:0:1, 3:0:0:0:1, 3:0:0:0:0, 3:1:0:0:3, 3:0:0:0:1, 2:1:0:0:3, 3:1:0:0:1, 2:1:0:0:2, 2:0:0:0:1, 1:0:0:0:0, 2:0:0:0:0, 0:0:0:0:0, 0:0:0:0:0, 0:0:0:0:0, 0:0:0:0:0, 0:0:0:0:0, 2:0:0:0:2, 2:0:0:0:1, 2:0:0:0:1, 0:0:0:0:0, 2:0:0:0:1, 1:0:0:0:1, 2:0:0:0:1, 1:0:0:0:0, 0:0:0:0:0, 2:0:0:0:1, 2:0:0:0:0, 3:0:0:0:2, 4:0:0:0:2, 0:0:0:0:0, 1:0:2:0:0, 0:0:0:0:0, 2:1:0:0:2, 1:1:0:0:1, 2:0:0:0:0, 0:0:0:0:0, 2:0:0:0:2, 0:0:0:0:0, 2:0:0:0:1, 1:0:0:0:0, 1:0:0:0:0, 0:0:0:0:0, 2:0:1:0:0, 1:0:0:0:1, 1:0:1:0:0, 1:0:0:0:0, 1:0:0:0:0, 2:0:1:0:0, 3:0:0:0:0, 3:0:0:0:1, 3:0:0:0:0, 3:0:0:0:3, 1:0:0:0:1, 2:0:0:0:2, 3:0:0:0:1, 2:0:0:0:1, 2:1:0:0:2, 2:1:0:0:1, 1:0:0:0:0, 0:0:0:0:0, 0:0:0:0:0, 1:0:0:0:0, 0:0:0:0:0, 0:0:0:0:0, 0:0:0:0:0, 1:0:0:0:0, 1:0:0:0:1, 0:0:0:0:0, 0:0:0:0:0, 1:0:0:0:1, 1:0:0:0:1, 1:0:0:0:0, 1:0:0:0:0, 2:0:0:0:1, 1:0:0:0:0, 3:0:0:0:2, 3:0:0:0:2, 1:0:0:0:0, 1:0:1:0:0, 0:0:0:0:0, 2:0:0:0:0, 1:1:0:0:1, 2:0:0:0:0, 0:0:0:0:0, 2:0:0:0:2, 0:0:0:0:0, 2:0:0:0:1, 1:0:0:0:0, 1:0:0:0:0, 0:0:0:0:0, 2:0:1:0:0, 1:0:0:0:1, 1:0:1:0:0, 1:0:0:0:0, 2:0:0:0:1, 2:0:1:0:0, 3:0:0:0:0, 3:0:0:0:1, 3:0:0:0:0, 3:0:0:0:4, 3:0:0:0:1, 2:0:0:0:2, 3:0:0:0:1, 2:0:0:0:1, 2:1:0:0:2, 2:1:0:0:1, 1:0:0:0:0, 0:0:0:0:0, 0:0:0:0:0, 2:0:0:0:0, 0:0:0:0:0, 0:0:0:0:0, 0:0:0:0:0, 1:0:0:0:0, 1:0:0:0:1, 0:0:0:0:0, 0:0:0:0:0, 1:0:0:0:1, 2:0:0:0:1, 1:0:0:0:0, 1:0:0:0:0, 2:0:0:0:1, 1:0:0:0:0, 2:0:0:0:2, 3:0:0:0:2, 1:0:0:0:0, 1:0:1:0:0, 0:0:0:0:0, 1:1:0:0:1, 0:0:0:0:0, 0:0:0:0:0, 0:0:0:0:0, 1:0:0:0:0, 2:0:0:0:1, 1:0:0:0:1, 1:0:0:0:0, 0:0:0:0:0, 2:0:0:0:0, 2:0:0:0:0, 1:0:0:0:0, 0:0:0:0:0, 1:0:0:0:0, 3:0:1:0:0, 3:1:0:0:2, 3:0:0:0:0, 3:0:0:0:1, 4:0:0:0:0, 3:0:0:0:3, 3:0:0:0:1, 2:1:0:0:3, 3:0:0:0:1, 1:0:0:0:1, 2:0:0:0:1, 2:0:1:0:0, 0:0:0:0:0, 1:0:0:0:0, 2:0:0:0:0, 1:1:0:0:1, 0:0:0:0:0, 2:1:0:0:1, 0:0:0:0:0, 1:0:0:0:1, 0:0:0:0:0, 1:0:0:0:0, 1:0:0:0:1, 1:0:0:0:0, 2:0:0:0:1, 1:0:0:0:0, 1:0:0:0:0, 2:1:0:0:1, 1:0:0:0:0, 3:1:0:0:4, 3:0:0:0:2, 1:1:0:0:1, 0:0:0:0:0, 0:0:0:0:0, 1:0:0:0:0, 1:1:0:0:1, 0:0:0:0:0, 1:0:0:0:0, 1:0:0:0:0, 1:0:0:0:1, 0:0:0:0:0, 0:0:0:0:0, 0:0:0:0:0, 0:0:0:0:0, 0:0:0:0:0, 0:0:0:0:0, 0:0:0:0:0, 0:0:0:0:0, 0:0:0:0:0, 0:0:0:0:0, 0:0:0:0:0, 397:33:23:0:167
B minor (2#), 2:0:0:0:0, 3:1:0:0:0, 3:1:0:0:0, 2:0:0:0:1, 2:0:0:0:1, 3:1:0:0:1, 2:2:0:0:1, 3:3:1:0:1, 2:2:0:0:0, 3:2:0:0:0, 3:1:1:0:2, 2:3:0:0:0, 2:2:0:0:1, 3:3:0:0:3, 1:1:0:0:1, 3:1:0:0:1, 3:2:0:0:2, 1:2:0:0:2, 1:0:2:0:2, 2:2:0:0:1, 2:0:0:0:0, 2:0:0:0:1, 2:0:0:0:1, 2:0:0:0:1, 2:0:0:0:1, 0:0:0:0:0, 1:0:0:0:0, 1:1:0:0:0, 2:2:0:0:1, 4:1:0:0:1, 0:0:0:0:0, 2:1:0:0:0, 3:1:0:0:0, 1:0:0:0:0, 1:0:0:0:0, 4:0:0:0:1, 2:0:0:0:0, 2:0:0:0:0, 2:2:0:0:0, 3:1:0:0:0, 1:2:0:0:0, 3:3:1:0:2, 2:0:0:0:1, 1:0:0:0:1, 3:1:0:0:0, 2:3:0:0:0, 2:3:0:0:0, 2:2:0:0:1, 2:0:0:0:1, 2:1:0:0:1, 2:0:0:0:1, 3:0:0:0:1, 2:0:0:0:1, 3:1:0:0:1, 3:2:0:0:1, 2:2:0:0:0, 2:1:0:0:0, 2:1:0:0:0, 4:1:0:0:1, 2:1:1:0:1, 4:3:1:0:2, 3:3:0:0:4, 2:2:0:0:1, 4:1:0:0:2, 2:1:0:0:1, 4:2:0:0:3, 0:0:0:0:0, 1:0:2:0:2, 1:0:0:0:0, 3:0:0:0:1, 1:0:0:0:0, 1:0:0:0:1, 2:0:0:0:0, 1:1:0:0:0, 3:1:0:0:0, 1:1:0:0:0, 2:3:0:0:0, 2:2:0:0:2, 1:0:0:0:0, 1:1:0:0:1, 2:0:0:0:0, 3:1:0:0:0, 3:1:0:0:0, 2:1:0:0:0, 2:0:0:0:1, 2:0:0:0:0, 2:2:0:0:0, 2:2:0:0:0, 2:2:0:0:0, 3:2:0:0:1, 0:0:0:0:0, 0:0:0:0:0, 3:1:0:0:0, 2:3:0:0:0, 3:3:0:0:0, 2:3:0:0:1, 2:1:0:0:0, 3:1:0:0:0, 3:0:0:0:1, 3:0:0:0:0, 2:1:0:0:0, 1:0:0:0:0, 1:2:0:0:0, 3:1:1:0:1, 1:3:0:0:0, 4:1:0:0:1, 3:1:0:0:1, 2:1:1:0:1, 3:2:0:0:1, 2:5:0:0:4, 2:1:1:0:2, 4:1:0:0:2, 3:1:0:0:1, 5:3:0:0:4, 0:0:0:0:0, 2:0:1:0:1, 1:0:0:0:1, 1:0:0:0:0, 1:0:0:0:0, 2:0:0:0:0, 1:0:0:0:1, 2:1:0:0:0, 1:1:0:0:0, 1:0:0:0:1, 3:2:0:0:0, 3:1:0:0:2, 1:0:0:0:0, 1:1:0:0:1, 2:0:0:0:1, 2:1:0:0:1, 2:1:0:0:0, 2:0:0:0:0, 2:0:0:0:1, 3:1:0:0:1, 2:3:1:0:1, 3:2:0:0:0, 2:2:0:0:0, 2:1:0:0:2, 2:0:0:0:2, 2:0:0:0:1, 3:0:0:0:1, 3:4:2:0:2, 2:2:0:0:0, 1:1:0:0:0, 2:0:0:0:0, 4:1:0:0:0, 2:1:0:0:0, 2:0:0:0:0, 2:0:0:0:1, 2:1:0:0:1, 1:2:0:0:0, 2:2:0:0:0, 1:3:0:0:0, 3:1:0:0:1, 3:1:0:0:1, 3:1:0:0:1, 3:2:0:0:1, 3:3:0:0:4, 2:2:0:0:1, 4:1:0:0:2, 2:1:0:0:1, 4:2:0:0:3, 2:0:0:0:1, 1:0:0:0:0, 0:0:0:0:0, 2:0:0:0:0, 1:0:0:0:0, 1:0:0:0:0, 1:0:1:0:1, 1:0:0:0:0, 1:1:0:0:0, 1:1:0:0:0, 1:2:0:0:0, 3:2:0:0:2, 0:0:0:0:0, 2:1:0:0:0, 3:1:0:0:0, 2:0:0:0:1, 2:0:0:0:1, 1:0:0:0:0, 2:0:0:0:1, 2:0:0:0:0, 2:2:0:0:0, 3:2:0:0:0, 2:2:0:0:0, 3:2:0:0:1, 1:0:0:0:0, 0:0:0:0:0, 2:0:0:0:1, 3:3:1:0:1, 2:3:0:0:0, 2:2:0:0:1, 3:0:0:0:1, 4:1:0:0:0, 2:1:0:0:0, 2:0:0:0:0, 2:0:0:0:1, 2:1:0:0:1, 1:2:0:0:0, 2:2:0:0:0, 1:3:0:0:0, 3:1:0:0:1, 3:1:0:0:1, 3:1:0:0:1, 3:2:0:0:1, 2:2:0:0:4, 2:2:0:0:1, 4:1:0:0:2, 2:2:0:0:2, 4:2:0:0:3, 2:0:0:0:1, 2:1:0:0:1, 0:0:0:0:0, 1:0:0:0:0, 1:0:0:0:0, 1:0:0:0:0, 1:0:1:0:1, 1:0:0:0:0, 1:1:0:0:0, 1:1:0:0:0, 2:2:0:0:0, 3:2:0:0:2, 1:1:0:0:0, 2:1:0:0:0, 3:1:0:0:0, 2:0:0:0:1, 2:0:0:0:1, 1:0:0:0:0, 2:0:0:0:1, 3:1:0:0:1, 2:2:0:0:0, 3:2:0:0:0, 2:2:0:0:0, 3:2:0:0:1, 1:1:0:0:1, 0:0:0:0:0, 2:0:0:0:1, 3:3:1:0:1, 2:3:0:0:0, 1:1:0:0:0, 2:1:0:0:0, 3:1:0:0:0, 3:0:0:0:2, 3:1:0:0:1, 2:0:0:0:1, 2:0:0:0:0, 2:2:0:0:0, 2:2:0:0:0, 2:4:0:0:2, 4:1:1:0:1, 2:2:0:0:1, 3:1:0:0:1, 2:2:1:0:1, 2:3:0:0:2, 2:1:0:0:1, 5:1:0:0:3, 2:1:0:0:1, 5:2:0:0:3, 2:0:0:0:1, 2:1:0:0:1, 1:0:0:0:1, 0:0:0:0:0, 1:0:0:0:0, 1:0:0:0:0, 1:0:0:0:1, 0:0:0:0:0, 2:1:0:0:0, 1:0:0:0:0, 2:2:0:0:0, 2:2:0:0:2, 1:0:0:0:0, 0:0:0:0:0, 2:0:0:0:1, 2:1:0:0:0, 2:1:0:0:0, 2:0:0:0:1, 3:0:0:0:1, 3:1:0:0:1, 2:2:0:0:1, 2:1:0:0:0, 2:2:0:0:0, 2:2:0:0:1, 1:0:0:0:1, 0:0:0:0:0, 2:0:0:0:0, 2:3:0:0:0, 2:3:0:0:1, 1:0:0:0:0, 2:0:0:0:0, 2:3:0:0:0, 1:4:0:0:0, 1:0:0:0:0, 1:0:0:0:0, 2:3:0:0:0, 2:3:0:0:1, 2:4:0:0:1, 1:7:0:0:0, 2:0:0:0:3, 1:0:0:0:1, 1:0:0:0:1, 1:0:0:0:1, 1:0:0:0:1, 1:0:0:0:1, 1:0:0:0:1, 609:323:22:0:208
G minor mel (2b), 1:2:0:0:2, 1:0:0:0:0, 1:0:0:0:0, 0:0:0:0:0, 0:0:0:0:0, 1:0:0:0:0, 1:0:0:0:0, 2:0:1:0:0, 2:0:0:0:1, 1:0:0:0:0, 1:1:0:0:1, 1:0:0:0:0, 0:0:0:0:0, 1:0:0:0:0, 2:2:0:0:2, 3:0:0:0:2, 2:0:0:0:0, 1:0:0:0:0, 2:0:0:0:2, 3:0:0:0:1, 3:0:0:0:2, 3:1:0:0:1, 1:0:0:0:1, 1:0:2:0:2, 1:0:1:0:1, 1:0:0:0:0, 2:0:0:0:0, 1:0:1:0:1, 1:0:0:0:0, 2:0:1:0:0, 0:0:0:0:0, 0:0:0:0:0, 1:0:0:0:0, 1:0:0:0:1, 1:0:0:0:1, 2:1:0:0:1, 2:0:0:0:0, 1:0:0:0:1, 1:0:0:0:0, 1:0:0:0:0, 1:0:0:0:0, 2:0:1:0:1, 4:0:0:0:1, 2:0:0:0:3, 0:0:0:0:0, 0:0:0:0:0, 0:0:0:0:0, 1:0:0:0:0, 2:0:0:0:1, 2:0:0:0:1, 0:0:0:0:0, 1:0:0:0:0, 1:0:0:0:1, 2:0:0:0:1, 0:0:0:0:0, 0:0:0:0:0, 1:0:0:0:0, 3:0:0:0:1, 2:0:0:0:1, 2:0:0:0:0, 2:0:0:0:0, 1:0:0:0:0, 2:0:1:0:0, 3:0:0:0:0, 3:0:0:0:1, 3:0:0:0:0, 3:0:0:0:2, 3:0:0:0:1, 2:0:0:0:2, 3:1:0:0:1, 1:0:0:0:1, 2:0:2:0:2, 2:0:0:0:0, 1:0:0:0:0, 2:0:0:0:0, 0:0:0:0:0, 1:0:0:0:1, 0:0:0:0:0, 1:0:0:0:0, 1:0:0:0:0, 1:2:0:0:2, 1:0:0:0:0, 0:0:0:0:0, 0:0:0:0:0, 1:0:0:0:0, 1:0:0:0:1, 1:0:0:0:0, 0:0:0:0:0, 2:0:0:0:1, 1:0:0:0:0, 3:0:0:0:2, 3:0:0:0:2, 0:0:0:0:0, 0:0:0:0:0, 0:0:0:0:0, 1:0:0:0:0, 0:0:0:0:0, 0:0:0:0:0, 1:0:0:0:0, 1:1:0:0:1, 1:0:0:0:0, 1:0:0:0:1, 1:0:0:0:0, 1:1:0:0:1, 1:0:0:0:0, 2:0:1:0:0, 1:0:0:0:0, 2:0:0:0:0, 1:0:0:0:0, 1:0:0:0:0, 2:1:0:0:1, 3:0:0:0:1, 3:0:0:0:1, 3:0:0:0:0, 3:1:0:0:3, 3:0:0:0:1, 2:1:0:0:3, 3:1:0:0:1, 2:1:0:0:2, 2:0:0:0:1, 1:0:0:0:0, 2:0:0:0:0, 0:0:0:0:0, 0:0:0:0:0, 0:0:0:0:0, 0:0:0:0:0, 0:0:0:0:0, 2:0:0:0:2, 2:0:0:0:1, 2:0:0:0:1, 0:0:0:0:0, 2:0:0:0:1, 1:0:0:0:1, 2:0:0:0:1, 1:0:0:0:0, 0:0:0:0:0, 2:0:0:0:1, 2:0:0:0:0, 3:0:0:0:2, 4:0:0:0:2, 0:0:0:0:0, 1:0:2:0:0, 0:0:0:0:0, 2:1:0:0:2, 1:1:0:0:1, 2:0:0:0:0, 0:0:0:0:0, 2:0:0:0:2, 0:0:0:0:0, 2:0:0:0:1, 1:0:0:0:0, 1:0:0:0:0, 0:0:0:0:0, 2:0:1:0:0, 1:0:0:0:1, 1:0:1:0:0, 1:0:0:0:0, 1:0:0:0:0, 2:0:1:0:0, 3:0:0:0:0, 3:0:0:0:1, 3:0:0:0:0, 3:0:0:0:3, 1:0:0:0:1, 2:0:0:0:2, 3:0:0:0:1, 2:0:0:0:1, 2:1:0:0:2, 2:1:0:0:1, 1:0:0:0:0, 0:0:0:0:0, 0:0:0:0:0, 1:0:0:0:0, 0:0:0:0:0, 0:0:0:0:0, 0:0:0:0:0, 1:0:0:0:0, 1:0:0:0:1, 0:0:0:0:0, 0:0:0:0:0, 1:0:0:0:1, 1:0:0:0:1, 1:0:0:0:0, 1:0:0:0:0, 2:0:0:0:1, 1:0:0:0:0, 3:0:0:0:2, 3:0:0:0:2, 1:0:0:0:0, 1:0:1:0:0, 0:0:0:0:0, 2:0:0:0:0, 1:1:0:0:1, 2:0:0:0:0, 0:0:0:0:0, 2:0:0:0:2, 0:0:0:0:0, 2:0:0:0:1, 1:0:0:0:0, 1:0:0:0:0, 0:0:0:0:0, 2:0:1:0:0, 1:0:0:0:1, 1:0:1:0:0, 1:0:0:0:0, 2:0:0:0:1, 2:0:1:0:0, 3:0:0:0:0, 3:0:0:0:1, 3:0:0:0:0, 3:0:0:0:4, 3:0:0:0:1, 2:0:0:0:2, 3:0:0:0:1, 2:0:0:0:1, 2:1:0:0:2, 2:1:0:0:1, 1:0:0:0:0, 0:0:0:0:0, 0:0:0:0:0, 2:0:0:0:0, 0:0:0:0:0, 0:0:0:0:0, 0:0:0:0:0, 1:0:0:0:0, 1:0:0:0:1, 0:0:0:0:0, 0:0:0:0:0, 1:0:0:0:1, 2:0:0:0:1, 1:0:0:0:0, 1:0:0:0:0, 2:0:0:0:1, 1:0:0:0:0, 2:0:0:0:2, 3:0:0:0:2, 1:0:0:0:0, 1:0:1:0:0, 0:0:0:0:0, 1:1:0:0:1, 0:0:0:0:0, 0:0:0:0:0, 0:0:0:0:0, 1:0:0:0:0, 2:0:0:0:1, 1:0:0:0:1, 1:0:0:0:0, 0:0:0:0:0, 2:0:0:0:0, 2:0:0:0:0, 1:0:0:0:0, 0:0:0:0:0, 1:0:0:0:0, 3:0:1:0:0, 3:1:0:0:2, 3:0:0:0:0, 3:0:0:0:1, 4:0:0:0:0, 3:0:0:0:3, 3:0:0:0:1, 2:1:0:0:3, 3:0:0:0:1, 1:0:0:0:1, 2:0:0:0:1, 2:0:1:0:0, 0:0:0:0:0, 1:0:0:0:0, 2:0:0:0:0, 1:1:0:0:1, 0:0:0:0:0, 2:1:0:0:1, 0:0:0:0:0, 1:0:0:0:1, 0:0:0:0:0, 1:0:0:0:0, 1:0:0:0:1, 1:0:0:0:0, 2:0:0:0:1, 1:0:0:0:0, 1:0:0:0:0, 2:1:0:0:1, 1:0:0:0:0, 3:1:0:0:4, 3:0:0:0:2, 1:1:0:0:1, 0:0:0:0:0, 0:0:0:0:0, 1:0:0:0:0, 1:1:0:0:1, 0:0:0:0:0, 1:0:0:0:0, 1:0:0:0:0, 1:0:0:0:1, 0:0:0:0:0, 0:0:0:0:0, 0:0:0:0:0, 0:0:0:0:0, 0:0:0:0:0, 0:0:0:0:0, 0:0:0:0:0, 0:0:0:0:0, 0:0:0:0:0, 0:0:0:0:0, 0:0:0:0:0, 397:33:23:0:167
B minor mel (2#), 2:0:0:0:0, 3:1:0:0:0, 3:1:0:0:0, 2:0:0:0:1, 2:0:0:0:1, 3:1:0:0:1, 2:2:0:0:1, 3:3:1:0:1, 2:2:0:0:0, 3:2:0:0:0, 3:1:1:0:2, 2:3:0:0:0, 2:2:0:0:1, 3:3:0:0:3, 1:1:0:0:1, 3:1:0:0:1, 3:2:0:0:2, 1:2:0:0:2, 1:0:2:0:2, 2:2:0:0:1, 2:0:0:0:0, 2:0:0:0:1, 2:0:0:0:1, 2:0:0:0:1, 2:0:0:0:1, 0:0:0:0:0, 1:0:0:0:0, 1:1:0:0:0, 2:2:0:0:1, 4:1:0:0:1, 0:0:0:0:0, 2:1:0:0:0, 3:1:0:0:0, 1:0:0:0:0, 1:0:0:0:0, 4:0:0:0:1, 2:0:0:0:0, 2:0:0:0:0, 2:2:0:0:0, 3:1:0:0:0, 1:2:0:0:0, 3:3:1:0:2, 2:0:0:0:1, 1:0:0:0:1, 3:1:0:0:0, 2:3:0:0:0, 2:3:0:0:0, 2:2:0:0:1, 2:0:0:0:1, 2:1:0:0:1, 2:0:0:0:1, 3:0:0:0:1, 2:0:0:0:1, 3:1:0:0:1, 3:2:0:0:1, 2:2:0:0:0, 2:1:0:0:0, 2:1:0:0:0, 4:1:0:0:1, 2:1:1:0:1, 4:3:1:0:2, 3:3:0:0:4, 2:2:0:0:1, 4:1:0:0:2, 2:1:0:0:1, 4:2:0:0:3, 0:0:0:0:0, 1:0:2:0:2, 1:0:0:0:0, 3:0:0:0:1, 1:0:0:0:0, 1:0:0:0:1, 2:0:0:0:0, 1:1:0:0:0, 3:1:0:0:0, 1:1:0:0:0, 2:3:0:0:0, 2:2:0:0:2, 1:0:0:0:0, 1:1:0:0:1, 2:0:0:0:0, 3:1:0:0:0, 3:1:0:0:0, 2:1:0:0:0, 2:0:0:0:1, 2:0:0:0:0, 2:2:0:0:0, 2:2:0:0:0, 2:2:0:0:0, 3:2:0:0:1, 0:0:0:0:0, 0:0:0:0:0, 3:1:0:0:0, 2:3:0:0:0, 3:3:0:0:0, 2:3:0:0:1, 2:1:0:0:0, 3:1:0:0:0, 3:0:0:0:1, 3:0:0:0:0, 2:1:0:0:0, 1:0:0:0:0, 1:2:0:0:0, 3:1:1:0:1, 1:3:0:0:0, 4:1:0:0:1, 3:1:0:0:1, 2:1:1:0:1, 3:2:0:0:1, 2:5:0:0:4, 2:1:1:0:2, 4:1:0:0:2, 3:1:0:0:1, 5:3:0:0:4, 0:0:0:0:0, 2:0:1:0:1, 1:0:0:0:1, 1:0:0:0:0, 1:0:0:0:0, 2:0:0:0:0, 1:0:0:0:1, 2:1:0:0:0, 1:1:0:0:0, 1:0:0:0:1, 3:2:0:0:0, 3:1:0:0:2, 1:0:0:0:0, 1:1:0:0:1, 2:0:0:0:1, 2:1:0:0:1, 2:1:0:0:0, 2:0:0:0:0, 2:0:0:0:1, 3:1:0:0:1, 2:3:1:0:1, 3:2:0:0:0, 2:2:0:0:0, 2:1:0:0:2, 2:0:0:0:2, 2:0:0:0:1, 3:0:0:0:1, 3:4:2:0:2, 2:2:0:0:0, 1:1:0:0:0, 2:0:0:0:0, 4:1:0:0:0, 2:1:0:0:0, 2:0:0:0:0, 2:0:0:0:1, 2:1:0:0:1, 1:2:0:0:0, 2:2:0:0:0, 1:3:0:0:0, 3:1:0:0:1, 3:1:0:0:1, 3:1:0:0:1, 3:2:0:0:1, 3:3:0:0:4, 2:2:0:0:1, 4:1:0:0:2, 2:1:0:0:1, 4:2:0:0:3, 2:0:0:0:1, 1:0:0:0:0, 0:0:0:0:0, 2:0:0:0:0, 1:0:0:0:0, 1:0:0:0:0, 1:0:1:0:1, 1:0:0:0:0, 1:1:0:0:0, 1:1:0:0:0, 1:2:0:0:0, 3:2:0:0:2, 0:0:0:0:0, 2:1:0:0:0, 3:1:0:0:0, 2:0:0:0:1, 2:0:0:0:1, 1:0:0:0:0, 2:0:0:0:1, 2:0:0:0:0, 2:2:0:0:0, 3:2:0:0:0, 2:2:0:0:0, 3:2:0:0:1, 1:0:0:0:0, 0:0:0:0:0, 2:0:0:0:1, 3:3:1:0:1, 2:3:0:0:0, 2:2:0:0:1, 3:0:0:0:1, 4:1:0:0:0, 2:1:0:0:0, 2:0:0:0:0, 2:0:0:0:1, 2:1:0:0:1, 1:2:0:0:0, 2:2:0:0:0, 1:3:0:0:0, 3:1:0:0:1, 3:1:0:0:1, 3:1:0:0:1, 3:2:0:0:1, 2:2:0:0:4, 2:2:0:0:1, 4:1:0:0:2, 2:2:0:0:2, 4:2:0:0:3, 2:0:0:0:1, 2:1:0:0:1, 0:0:0:0:0, 1:0:0:0:0, 1:0:0:0:0, 1:0:0:0:0, 1:0:1:0:1, 1:0:0:0:0, 1:1:0:0:0, 1:1:0:0:0, 2:2:0:0:0, 3:2:0:0:2, 1:1:0:0:0, 2:1:0:0:0, 3:1:0:0:0, 2:0:0:0:1, 2:0:0:0:1, 1:0:0:0:0, 2:0:0:0:1, 3:1:0:0:1, 2:2:0:0:0, 3:2:0:0:0, 2:2:0:0:0, 3:2:0:0:1, 1:1:0:0:1, 0:0:0:0:0, 2:0:0:0:1, 3:3:1:0:1, 2:3:0:0:0, 1:1:0:0:0, 2:1:0:0:0, 3:1:0:0:0, 3:0:0:0:2, 3:1:0:0:1, 2:0:0:0:1, 2:0:0:0:0, 2:2:0:0:0, 2:2:0:0:0, 2:4:0:0:2, 4:1:1:0:1, 2:2:0:0:1, 3:1:0:0:1, 2:2:1:0:1, 2:3:0:0:2, 2:1:0:0:1, 5:1:0:0:3, 2:1:0:0:1, 5:2:0:0:3, 2:0:0:0:1, 2:1:0:0:1, 1:0:0:0:1, 0:0:0:0:0, 1:0:0:0:0, 1:0:0:0:0, 1:0:0:0:1, 0:0:0:0:0, 2:1:0:0:0, 1:0:0:0:0, 2:2:0:0:0, 2:2:0:0:2, 1:0:0:0:0, 0:0:0:0:0, 2:0:0:0:1, 2:1:0:0:0, 2:1:0:0:0, 2:0:0:0:1, 3:0:0:0:1, 3:1:0:0:1, 2:2:0:0:1, 2:1:0:0:0, 2:2:0:0:0, 2:2:0:0:1, 1:0:0:0:1, 0:0:0:0:0, 2:0:0:0:0, 2:3:0:0:0, 2:3:0:0:1, 1:0:0:0:0, 2:0:0:0:0, 2:3:0:0:0, 1:4:0:0:0, 1:0:0:0:0, 1:0:0:0:0, 2:3:0:0:0, 2:3:0:0:1, 2:4:0:0:1, 1:7:0:0:0, 2:0:0:0:3, 1:0:0:0:1, 1:0:0:0:1, 1:0:0:0:1, 1:0:0:0:1, 1:0:0:0:1, 1:0:0:0:1, 609:323:22:0:208
Bb major blues (2b), 1:2:0:0:2, 1:0:0:0:0, 1:0:0:0:0, 0:0:0:0:0, 0:0:0:0:0, 1:0:0:0:0, 1:0:0:0:0, 2:0:1:0:0, 2:0:0:0:1, 1:0:0:0:0, 1:1:0:0:1, 1:0:0:0:0, 0:0:0:0:0, 1:0:0:0:0, 2:2:0:0:2, 3:0:0:0:2, 2:0:0:0:0, 1:0:0:0:0, 2:0:0:0:2, 3:0:0:0:1, 3:0:0:0:2, 3:1:0:0:1, 1:0:0:0:1, 1:0:2:0:2, 1:0:1:0:1, 1:0:0:0:0, 2:0:0:0:0, 1:0:1:0:1, 1:0:0:0:0, 2:0:1:0:0, 0:0:0:0:0, 0:0:0:0:0, 1:0:0:0:0, 1:0:0:0:1, 1:0:0:0:1, 2:1:0:0:1, 2:0:0:0:0, 1:0:0:0:1, 1:0:0:0:0, 1:0:0:0:0, 1:0:0:0:0, 2:0:1:0:1, 4:0:0:0:1, 2:0:0:0:3, 0:0:0:0:0, 0:0:0:0:0, 0:0:0:0:0, 1:0:0:0:0, 2:0:0:0:1, 2:0:0:0:1, 0:0:0:0:0, 1:0:0:0:0, 1:0:0:0:1, 2:0:0:0:1, 0:0:0:0:0, 0:0:0:0:0, 1:0:0:0:0, 3:0:0:0:1, 2:0:0:0:1, 2:0:0:0:0, 2:0:0:0:0, 1:0:0:0:0, 2:0:1:0:0, 3:0:0:0:0, 3:0:0:0:1, 3:0:0:0:0, 3:0:0:0:2, 3:0:0:0:1, 2:0:0:0:2, 3:1:0:0:1, 1:0:0:0:1, 2:0:2:0:2, 2:0:0:0:0, 1:0:0:0:0, 2:0:0:0:0, 0:0:0:0:0, 1:0:0:0:1, 0:0:0:0:0, 1:0:0:0:0, 1:0:0:0:0, 1:2:0:0:2, 1:0:0:0:0, 0:0:0:0:0, 0:0:0:0:0, 1:0:0:0:0, 1:0:0:0:1, 1:0:0:0:0, 0:0:0:0:0, 2:0:0:0:1, 1:0:0:0:0, 3:0:0:0:2, 3:0:0:0:2, 0:0:0:0:0, 0:0:0:0:0, 0:0:0:0:0, 1:0:0:0:0, 0:0:0:0:0, 0:0:0:0:0, 1:0:0:0:0, 1:1:0:0:1, 1:0:0:0:0, 1:0:0:0:1, 1:0:0:0:0, 1:1:0:0:1, 1:0:0:0:0, 2:0:1:0:0, 1:0:0:0:0, 2:0:0:0:0, 1:0:0:0:0, 1:0:0:0:0, 2:1:0:0:1, 3:0:0:0:1, 3:0:0:0:1, 3:0:0:0:0, 3:1:0:0:3, 3:0:0:0:1, 2:1:0:0:3, 3:1:0:0:1, 2:1:0:0:2, 2:0:0:0:1, 1:0:0:0:0, 2:0:0:0:0, 0:0:0:0:0, 0:0:0:0:0, 0:0:0:0:0, 0:0:0:0:0, 0:0:0:0:0, 2:0:0:0:2, 2:0:0:0:1, 2:0:0:0:1, 0:0:0:0:0, 2:0:0:0:1, 1:0:0:0:1, 2:0:0:0:1, 1:0:0:0:0, 0:0:0:0:0, 2:0:0:0:1, 2:0:0:0:0, 3:0:0:0:2, 4:0:0:0:2, 0:0:0:0:0, 1:0:2:0:0, 0:0:0:0:0, 2:1:0:0:2, 1:1:0:0:1, 2:0:0:0:0, 0:0:0:0:0, 2:0:0:0:2, 0:0:0:0:0, 2:0:0:0:1, 1:0:0:0:0, 1:0:0:0:0, 0:0:0:0:0, 2:0:1:0:0, 1:0:0:0:1, 1:0:1:0:0, 1:0:0:0:0, 1:0:0:0:0, 2:0:1:0:0, 3:0:0:0:0, 3:0:0:0:1, 3:0:0:0:0, 3:0:0:0:3, 1:0:0:0:1, 2:0:0:0:2, 3:0:0:0:1, 2:0:0:0:1, 2:1:0:0:2, 2:1:0:0:1, 1:0:0:0:0, 0:0:0:0:0, 0:0:0:0:0, 1:0:0:0:0, 0:0:0:0:0, 0:0:0:0:0, 0:0:0:0:0, 1:0:0:0:0, 1:0:0:0:1, 0:0:0:0:0, 0:0:0:0:0, 1:0:0:0:1, 1:0:0:0:1, 1:0:0:0:0, 1:0:0:0:0, 2:0:0:0:1, 1:0:0:0:0, 3:0:0:0:2, 3:0:0:0:2, 1:0:0:0:0, 1:0:1:0:0, 0:0:0:0:0, 2:0:0:0:0, 1:1:0:0:1, 2:0:0:0:0, 0:0:0:0:0, 2:0:0:0:2, 0:0:0:0:0, 2:0:0:0:1, 1:0:0:0:0, 1:0:0:0:0, 0:0:0:0:0, 2:0:1:0:0, 1:0:0:0:1, 1:0:1:0:0, 1:0:0:0:0, 2:0:0:0:1, 2:0:1:0:0, 3:0:0:0:0, 3:0:0:0:1, 3:0:0:0:0, 3:0:0:0:4, 3:0:0:0:1, 2:0:0:0:2, 3:0:0:0:1, 2:0:0:0:1, 2:1:0:0:2, 2:1:0:0:1, 1:0:0:0:0, 0:0:0:0:0, 0:0:0:0:0, 2:0:0:0:0, 0:0:0:0:0, 0:0:0:0:0, 0:0:0:0:0, 1:0:0:0:0, 1:0:0:0:1, 0:0:0:0:0, 0:0:0:0:0, 1:0:0:0:1, 2:0:0:0:1, 1:0:0:0:0, 1:0:0:0:0, 2:0:0:0:1, 1:0:0:0:0, 2:0:0:0:2, 3:0:0:0:2, 1:0:0:0:0, 1:0:1:0:0, 0:0:0:0:0, 1:1:0:0:1, 0:0:0:0:0, 0:0:0:0:0, 0:0:0:0:0, 1:0:0:0:0, 2:0:0:0:1, 1:0:0:0:1, 1:0:0:0:0, 0:0:0:0:0, 2:0:0:0:0, 2:0:0:0:0, 1:0:0:0:0, 0:0:0:0:0, 1:0:0:0:0, 3:0:1:0:0, 3:1:0:0:2, 3:0:0:0:0, 3:0:0:0:1, 4:0:0:0:0, 3:0:0:0:3, 3:0:0:0:1, 2:1:0:0:3, 3:0:0:0:1, 1:0:0:0:1, 2:0:0:0:1, 2:0:1:0:0, 0:0:0:0:0, 1:0:0:0:0, 2:0:0:0:0, 1:1:0:0:1, 0:0:0:0:0, 2:1:0:0:1, 0:0:0:0:0, 1:0:0:0:1, 0:0:0:0:0, 1:0:0:0:0, 1:0:0:0:1, 1:0:0:0:0, 2:0:0:0:1, 1:0:0:0:0, 1:0:0:0:0, 2:1:0:0:1, 1:0:0:0:0, 3:1:0:0:4, 3:0:0:0:2, 1:1:0:0:1, 0:0:0:0:0, 0:0:0:0:0, 1:0:0:0:0, 1:1:0:0:1, 0:0:0:0:0, 1:0:0:0:0, 1:0:0:0:0, 1:0:0:0:1, 0:0:0:0:0, 0:0:0:0:0, 0:0:0:0:0, 0:0:0:0:0, 0:0:0:0:0, 0:0:0:0:0, 0:0:0:0:0, 0:0:0:0:0, 0:0:0:0:0, 0:0:0:0:0, 0:0:0:0:0, 397:33:23:0:167
D major blues (2#), 2:0:0:0:0, 3:1:0:0:0, 3:1:0:0:0, 2:0:0:0:1, 2:0:0:0:1, 3:1:0:0:1, 2:2:0:0:1, 3:3:1:0:1, 2:2:0:0:0, 3:2:0:0:0, 3:1:1:0:2, 2:3:0:0:0, 2:2:0:0:1, 3:3:0:0:3, 1:1:0:0:1, 3:1:0:0:1, 3:2:0:0:2, 1:2:0:0:2, 1:0:2:0:2, 2:2:0:0:1, 2:0:0:0:0, 2:0:0:0:1, 2:0:0:0:1, 2:0:0:0:1, 2:0:0:0:1, 0:0:0:0:0, 1:0:0:0:0, 1:1:0:0:0, 2:2:0:0:1, 4:1:0:0:1, 0:0:0:0:0, 2:1:0:0:0, 3:1:0:0:0, 1:0:0:0:0, 1:0:0:0:0, 4:0:0:0:1, 2:0:0:0:0, 2:0:0:0:0, 2:2:0:0:0, 3:1:0:0:0, 1:2:0:0:0, 3:3:1:0:2, 2:0:0:0:1, 1:0:0:0:1, 3:1:0:0:0, 2:3:0:0:0, 2:3:0:0:0, 2:2:0:0:1, 2:0:0:0:1, 2:1:0:0:1, 2:0:0:0:1, 3:0:0:0:1, 2:0:0:0:1, 3:1:0:0:1, 3:2:0:0:1, 2:2:0:0:0, 2:1:0:0:0, 2:1:0:0:0, 4:1:0:0:1, 2:1:1:0:1, 4:3:1:0:2, 3:3:0:0:4, 2:2:0:0:1, 4:1:0:0:2, 2:1:0:0:1, 4:2:0:0:3, 0:0:0:0:0, 1:0:2:0:2, 1:0:0:0:0, 3:0:0:0:1, 1:0:0:0:0, 1:0:0:0:1, 2:0:0:0:0, 1:1:0:0:0, 3:1:0:0:0, 1:1:0:0:0, 2:3:0:0:0, 2:2:0:0:2, 1:0:0:0:0, 1:1:0:0:1, 2:0:0:0:0, 3:1:0:0:0, 3:1:0:0:0, 2:1:0:0:0, 2:0:0:0:1, 2:0:0:0:0, 2:2:0:0:0, 2:2:0:0:0, 2:2:0:0:0, 3:2:0:0:1, 0:0:0:0:0, 0:0:0:0:0, 3:1:0:0:0, 2:3:0:0:0, 3:3:0:0:0, 2:3:0:0:1, 2:1:0:0:0, 3:1:0:0:0, 3:0:0:0:1, 3:0:0:0:0, 2:1:0:0:0, 1:0:0:0:0, 1:2:0:0:0, 3:1:1:0:1, 1:3:0:0:0, 4:1:0:0:1, 3:1:0:0:1, 2:1:1:0:1, 3:2:0:0:1, 2:5:0:0:4, 2:1:1:0:2, 4:1:0:0:2, 3:1:0:0:1, 5:3:0:0:4, 0:0:0:0:0, 2:0:1:0:1, 1:0:0:0:1, 1:0:0:0:0, 1:0:0:0:0, 2:0:0:0:0, 1:0:0:0:1, 2:1:0:0:0, 1:1:0:0:0, 1:0:0:0:1, 3:2:0:0:0, 3:1:0:0:2, 1:0:0:0:0, 1:1:0:0:1, 2:0:0:0:1, 2:1:0:0:1, 2:1:0:0:0, 2:0:0:0:0, 2:0:0:0:1, 3:1:0:0:1, 2:3:1:0:1, 3:2:0:0:0, 2:2:0:0:0, 2:1:0:0:2, 2:0:0:0:2, 2:0:0:0:1, 3:0:0:0:1, 3:4:2:0:2, 2:2:0:0:0, 1:1:0:0:0, 2:0:0:0:0, 4:1:0:0:0, 2:1:0:0:0, 2:0:0:0:0, 2:0:0:0:1, 2:1:0:0:1, 1:2:0:0:0, 2:2:0:0:0, 1:3:0:0:0, 3:1:0:0:1, 3:1:0:0:1, 3:1:0:0:1, 3:2:0:0:1, 3:3:0:0:4, 2:2:0:0:1, 4:1:0:0:2, 2:1:0:0:1, 4:2:0:0:3, 2:0:0:0:1, 1:0:0:0:0, 0:0:0:0:0, 2:0:0:0:0, 1:0:0:0:0, 1:0:0:0:0, 1:0:1:0:1, 1:0:0:0:0, 1:1:0:0:0, 1:1:0:0:0, 1:2:0:0:0, 3:2:0:0:2, 0:0:0:0:0, 2:1:0:0:0, 3:1:0:0:0, 2:0:0:0:1, 2:0:0:0:1, 1:0:0:0:0, 2:0:0:0:1, 2:0:0:0:0, 2:2:0:0:0, 3:2:0:0:0, 2:2:0:0:0, 3:2:0:0:1, 1:0:0:0:0, 0:0:0:0:0, 2:0:0:0:1, 3:3:1:0:1, 2:3:0:0:0, 2:2:0:0:1, 3:0:0:0:1, 4:1:0:0:0, 2:1:0:0:0, 2:0:0:0:0, 2:0:0:0:1, 2:1:0:0:1, 1:2:0:0:0, 2:2:0:0:0, 1:3:0:0:0, 3:1:0:0:1, 3:1:0:0:1, 3:1:0:0:1, 3:2:0:0:1, 2:2:0:0:4, 2:2:0:0:1, 4:1:0:0:2, 2:2:0:0:2, 4:2:0:0:3, 2:0:0:0:1, 2:1:0:0:1, 0:0:0:0:0, 1:0:0:0:0, 1:0:0:0:0, 1:0:0:0:0, 1:0:1:0:1, 1:0:0:0:0, 1:1:0:0:0, 1:1:0:0:0, 2:2:0:0:0, 3:2:0:0:2, 1:1:0:0:0, 2:1:0:0:0, 3:1:0:0:0, 2:0:0:0:1, 2:0:0:0:1, 1:0:0:0:0, 2:0:0:0:1, 3:1:0:0:1, 2:2:0:0:0, 3:2:0:0:0, 2:2:0:0:0, 3:2:0:0:1, 1:1:0:0:1, 0:0:0:0:0, 2:0:0:0:1, 3:3:1:0:1, 2:3:0:0:0, 1:1:0:0:0, 2:1:0:0:0, 3:1:0:0:0, 3:0:0:0:2, 3:1:0:0:1, 2:0:0:0:1, 2:0:0:0:0, 2:2:0:0:0, 2:2:0:0:0, 2:4:0:0:2, 4:1:1:0:1, 2:2:0:0:1, 3:1:0:0:1, 2:2:1:0:1, 2:3:0:0:2, 2:1:0:0:1, 5:1:0:0:3, 2:1:0:0:1, 5:2:0:0:3, 2:0:0:0:1, 2:1:0:0:1, 1:0:0:0:1, 0:0:0:0:0, 1:0:0:0:0, 1:0:0:0:0, 1:0:0:0:1, 0:0:0:0:0, 2:1:0:0:0, 1:0:0:0:0, 2:2:0:0:0, 2:2:0:0:2, 1:0:0:0:0, 0:0:0:0:0, 2:0:0:0:1, 2:1:0:0:0, 2:1:0:0:0, 2:0:0:0:1, 3:0:0:0:1, 3:1:0:0:1, 2:2:0:0:1, 2:1:0:0:0, 2:2:0:0:0, 2:2:0:0:1, 1:0:0:0:1, 0:0:0:0:0, 2:0:0:0:0, 2:3:0:0:0, 2:3:0:0:1, 1:0:0:0:0, 2:0:0:0:0, 2:3:0:0:0, 1:4:0:0:0, 1:0:0:0:0, 1:0:0:0:0, 2:3:0:0:0, 2:3:0:0:1, 2:4:0:0:1, 1:7:0:0:0, 2:0:0:0:3, 1:0:0:0:1, 1:0:0:0:1, 1:0:0:0:1, 1:0:0:0:1, 1:0:0:0:1, 1:0:0:0:1, 609:323:22:0:208
G minor blues (2b), 1:2:0:0:2, 1:0:0:0:0, 1:0:0:0:0, 0:0:0:0:0, 0:0:0:0:0, 1:0:0:0:0, 1:0:0:0:0, 2:0:1:0:0, 2:0:0:0:1, 1:0:0:0:0, 1:1:0:0:1, 1:0:0:0:0, 0:0:0:0:0, 1:0:0:0:0, 2:2:0:0:2, 3:0:0:0:2, 2:0:0:0:0, 1:0:0:0:0, 2:0:0:0:2, 3:0:0:0:1, 3:0:0:0:2, 3:1:0:0:1, 1:0:0:0:1, 1:0:2:0:2, 1:0:1:0:1, 1:0:0:0:0, 2:0:0:0:0, 1:0:1:0:1, 1:0:0:0:0, 2:0:1:0:0, 0:0:0:0:0, 0:0:0:0:0, 1:0:0:0:0, 1:0:0:0:1, 1:0:0:0:1, 2:1:0:0:1, 2:0:0:0:0, 1:0:0:0:1, 1:0:0:0:0, 1:0:0:0:0, 1:0:0:0:0, 2:0:1:0:1, 4:0:0:0:1, 2:0:0:0:3, 0:0:0:0:0, 0:0:0:0:0, 0:0:0:0:0, 1:0:0:0:0, 2:0:0:0:1, 2:0:0:0:1, 0:0:0:0:0, 1:0:0:0:0, 1:0:0:0:1, 2:0:0:0:1, 0:0:0:0:0, 0:0:0:0:0, 1:0:0:0:0, 3:0:0:0:1, 2:0:0:0:1, 2:0:0:0:0, 2:0:0:0:0, 1:0:0:0:0, 2:0:1:0:0, 3:0:0:0:0, 3:0:0:0:1, 3:0:0:0:0, 3:0:0:0:2, 3:0:0:0:1, 2:0:0:0:2, 3:1:0:0:1, 1:0:0:0:1, 2:0:2:0:2, 2:0:0:0:0, 1:0:0:0:0, 2:0:0:0:0, 0:0:0:0:0, 1:0:0:0:1, 0:0:0:0:0, 1:0:0:0:0, 1:0:0:0:0, 1:2:0:0:2, 1:0:0:0:0, 0:0:0:0:0, 0:0:0:0:0, 1:0:0:0:0, 1:0:0:0:1, 1:0:0:0:0, 0:0:0:0:0, 2:0:0:0:1, 1:0:0:0:0, 3:0:0:0:2, 3:0:0:0:2, 0:0:0:0:0, 0:0:0:0:0, 0:0:0:0:0, 1:0:0:0:0, 0:0:0:0:0, 0:0:0:0:0, 1:0:0:0:0, 1:1:0:0:1, 1:0:0:0:0, 1:0:0:0:1, 1:0:0:0:0, 1:1:0:0:1, 1:0:0:0:0, 2:0:1:0:0, 1:0:0:0:0, 2:0:0:0:0, 1:0:0:0:0, 1:0:0:0:0, 2:1:0:0:1, 3:0:0:0:1, 3:0:0:0:1, 3:0:0:0:0, 3:1:0:0:3, 3:0:0:0:1, 2:1:0:0:3, 3:1:0:0:1, 2:1:0:0:2, 2:0:0:0:1, 1:0:0:0:0, 2:0:0:0:0, 0:0:0:0:0, 0:0:0:0:0, 0:0:0:0:0, 0:0:0:0:0, 0:0:0:0:0, 2:0:0:0:2, 2:0:0:0:1, 2:0:0:0:1, 0:0:0:0:0, 2:0:0:0:1, 1:0:0:0:1, 2:0:0:0:1, 1:0:0:0:0, 0:0:0:0:0, 2:0:0:0:1, 2:0:0:0:0, 3:0:0:0:2, 4:0:0:0:2, 0:0:0:0:0, 1:0:2:0:0, 0:0:0:0:0, 2:1:0:0:2, 1:1:0:0:1, 2:0:0:0:0, 0:0:0:0:0, 2:0:0:0:2, 0:0:0:0:0, 2:0:0:0:1, 1:0:0:0:0, 1:0:0:0:0, 0:0:0:0:0, 2:0:1:0:0, 1:0:0:0:1, 1:0:1:0:0, 1:0:0:0:0, 1:0:0:0:0, 2:0:1:0:0, 3:0:0:0:0, 3:0:0:0:1, 3:0:0:0:0, 3:0:0:0:3, 1:0:0:0:1, 2:0:0:0:2, 3:0:0:0:1, 2:0:0:0:1, 2:1:0:0:2, 2:1:0:0:1, 1:0:0:0:0, 0:0:0:0:0, 0:0:0:0:0, 1:0:0:0:0, 0:0:0:0:0, 0:0:0:0:0, 0:0:0:0:0, 1:0:0:0:0, 1:0:0:0:1, 0:0:0:0:0, 0:0:0:0:0, 1:0:0:0:1, 1:0:0:0:1, 1:0:0:0:0, 1:0:0:0:0, 2:0:0:0:1, 1:0:0:0:0, 3:0:0:0:2, 3:0:0:0:2, 1:0:0:0:0, 1:0:1:0:0, 0:0:0:0:0, 2:0:0:0:0, 1:1:0:0:1, 2:0:0:0:0, 0:0:0:0:0, 2:0:0:0:2, 0:0:0:0:0, 2:0:0:0:1, 1:0:0:0:0, 1:0:0:0:0, 0:0:0:0:0, 2:0:1:0:0, 1:0:0:0:1, 1:0:1:0:0, 1:0:0:0:0, 2:0:0:0:1, 2:0:1:0:0, 3:0:0:0:0, 3:0:0:0:1, 3:0:0:0:0, 3:0:0:0:4, 3:0:0:0:1, 2:0:0:0:2, 3:0:0:0:1, 2:0:0:0:1, 2:1:0:0:2, 2:1:0:0:1, 1:0:0:0:0, 0:0:0:0:0, 0:0:0:0:0, 2:0:0:0:0, 0:0:0:0:0, 0:0:0:0:0, 0:0:0:0:0, 1:0:0:0:0, 1:0:0:0:1, 0:0:0:0:0, 0:0:0:0:0, 1:0:0:0:1, 2:0:0:0:1, 1:0:0:0:0, 1:0:0:0:0, 2:0:0:0:1, 1:0:0:0:0, 2:0:0:0:2, 3:0:0:0:2, 1:0:0:0:0, 1:0:1:0:0, 0:0:0:0:0, 1:1:0:0:1, 0:0:0:0:0, 0:0:0:0:0, 0:0:0:0:0, 1:0:0:0:0, 2:0:0:0:1, 1:0:0:0:1, 1:0:0:0:0, 0:0:0:0:0, 2:0:0:0:0, 2:0:0:0:0, 1:0:0:0:0, 0:0:0:0:0, 1:0:0:0:0, 3:0:1:0:0, 3:1:0:0:2, 3:0:0:0:0, 3:0:0:0:1, 4:0:0:0:0, 3:0:0:0:3, 3:0:0:0:1, 2:1:0:0:3, 3:0:0:0:1, 1:0:0:0:1, 2:0:0:0:1, 2:0:1:0:0, 0:0:0:0:0, 1:0:0:0:0, 2:0:0:0:0, 1:1:0:0:1, 0:0:0:0:0, 2:1:0:0:1, 0:0:0:0:0, 1:0:0:0:1, 0:0:0:0:0, 1:0:0:0:0, 1:0:0:0:1, 1:0:0:0:0, 2:0:0:0:1, 1:0:0:0:0, 1:0:0:0:0, 2:1:0:0:1, 1:0:0:0:0, 3:1:0:0:4, 3:0:0:0:2, 1:1:0:0:1, 0:0:0:0:0, 0:0:0:0:0, 1:0:0:0:0, 1:1:0:0:1, 0:0:0:0:0, 1:0:0:0:0, 1:0:0:0:0, 1:0:0:0:1, 0:0:0:0:0, 0:0:0:0:0, 0:0:0:0:0, 0:0:0:0:0, 0:0:0:0:0, 0:0:0:0:0, 0:0:0:0:0, 0:0:0:0:0, 0:0:0:0:0, 0:0:0:0:0, 0:0:0:0:0, 397:33:23:0:167
B minor blues (2#), 2:0:0:0:0, 3:1:0:0:0, 3:1:0:0:0, 2:0:0:0:1, 2:0:0:0:1, 3:1:0:0:1, 2:2:0:0:1, 3:3:1:0:1, 2:2:0:0:0, 3:2:0:0:0, 3:1:1:0:2, 2:3:0:0:0, 2:2:0:0:1, 3:3:0:0:3, 1:1:0:0:1, 3:1:0:0:1, 3:2:0:0:2, 1:2:0:0:2, 1:0:2:0:2, 2:2:0:0:1, 2:0:0:0:0, 2:0:0:0:1, 2:0:0:0:1, 2:0:0:0:1, 2:0:0:0:1, 0:0:0:0:0, 1:0:0:0:0, 1:1:0:0:0, 2:2:0:0:1, 4:1:0:0:1, 0:0:0:0:0, 2:1:0:0:0, 3:1:0:0:0, 1:0:0:0:0, 1:0:0:0:0, 4:0:0:0:1, 2:0:0:0:0, 2:0:0:0:0, 2:2:0:0:0, 3:1:0:0:0, 1:2:0:0:0, 3:3:1:0:2, 2:0:0:0:1, 1:0:0:0:1, 3:1:0:0:0, 2:3:0:0:0, 2:3:0:0:0, 2:2:0:0:1, 2:0:0:0:1, 2:1:0:0:1, 2:0:0:0:1, 3:0:0:0:1, 2:0:0:0:1, 3:1:0:0:1, 3:2:0:0:1, 2:2:0:0:0, 2:1:0:0:0, 2:1:0:0:0, 4:1:0:0:1, 2:1:1:0:1, 4:3:1:0:2, 3:3:0:0:4, 2:2:0:0:1, 4:1:0:0:2, 2:1:0:0:1, 4:2:0:0:3, 0:0:0:0:0, 1:0:2:0:2, 1:0:0:0:0, 3:0:0:0:1, 1:0:0:0:0, 1:0:0:0:1, 2:0:0:0:0, 1:1:0:0:0, 3:1:0:0:0, 1:1:0:0:0, 2:3:0:0:0, 2:2:0:0:2, 1:0:0:0:0, 1:1:0:0:1, 2:0:0:0:0, 3:1:0:0:0, 3:1:0:0:0, 2:1:0:0:0, 2:0:0:0:1, 2:0:0:0:0, 2:2:0:0:0, 2:2:0:0:0, 2:2:0:0:0, 3:2:0:0:1, 0:0:0:0:0, 0:0:0:0:0, 3:1:0:0:0, 2:3:0:0:0, 3:3:0:0:0, 2:3:0:0:1, 2:1:0:0:0, 3:1:0:0:0, 3:0:0:0:1, 3:0:0:0:0, 2:1:0:0:0, 1:0:0:0:0, 1:2:0:0:0, 3:1:1:0:1, 1:3:0:0:0, 4:1:0:0:1, 3:1:0:0:1, 2:1:1:0:1, 3:2:0:0:1, 2:5:0:0:4, 2:1:1:0:2, 4:1:0:0:2, 3:1:0:0:1, 5:3:0:0:4, 0:0:0:0:0, 2:0:1:0:1, 1:0:0:0:1, 1:0:0:0:0, 1:0:0:0:0, 2:0:0:0:0, 1:0:0:0:1, 2:1:0:0:0, 1:1:0:0:0, 1:0:0:0:1, 3:2:0:0:0, 3:1:0:0:2, 1:0:0:0:0, 1:1:0:0:1, 2:0:0:0:1, 2:1:0:0:1, 2:1:0:0:0, 2:0:0:0:0, 2:0:0:0:1, 3:1:0:0:1, 2:3:1:0:1, 3:2:0:0:0, 2:2:0:0:0, 2:1:0:0:2, 2:0:0:0:2, 2:0:0:0:1, 3:0:0:0:1, 3:4:2:0:2, 2:2:0:0:0, 1:1:0:0:0, 2:0:0:0:0, 4:1:0:0:0, 2:1:0:0:0, 2:0:0:0:0, 2:0:0:0:1, 2:1:0:0:1, 1:2:0:0:0, 2:2:0:0:0, 1:3:0:0:0, 3:1:0:0:1, 3:1:0:0:1, 3:1:0:0:1, 3:2:0:0:1, 3:3:0:0:4, 2:2:0:0:1, 4:1:0:0:2, 2:1:0:0:1, 4:2:0:0:3, 2:0:0:0:1, 1:0:0:0:0, 0:0:0:0:0, 2:0:0:0:0, 1:0:0:0:0, 1:0:0:0:0, 1:0:1:0:1, 1:0:0:0:0, 1:1:0:0:0, 1:1:0:0:0, 1:2:0:0:0, 3:2:0:0:2, 0:0:0:0:0, 2:1:0:0:0, 3:1:0:0:0, 2:0:0:0:1, 2:0:0:0:1, 1:0:0:0:0, 2:0:0:0:1, 2:0:0:0:0, 2:2:0:0:0, 3:2:0:0:0, 2:2:0:0:0, 3:2:0:0:1, 1:0:0:0:0, 0:0:0:0:0, 2:0:0:0:1, 3:3:1:0:1, 2:3:0:0:0, 2:2:0:0:1, 3:0:0:0:1, 4:1:0:0:0, 2:1:0:0:0, 2:0:0:0:0, 2:0:0:0:1, 2:1:0:0:1, 1:2:0:0:0, 2:2:0:0:0, 1:3:0:0:0, 3:1:0:0:1, 3:1:0:0:1, 3:1:0:0:1, 3:2:0:0:1, 2:2:0:0:4, 2:2:0:0:1, 4:1:0:0:2, 2:2:0:0:2, 4:2:0:0:3, 2:0:0:0:1, 2:1:0:0:1, 0:0:0:0:0, 1:0:0:0:0, 1:0:0:0:0, 1:0:0:0:0, 1:0:1:0:1, 1:0:0:0:0, 1:1:0:0:0, 1:1:0:0:0, 2:2:0:0:0, 3:2:0:0:2, 1:1:0:0:0, 2:1:0:0:0, 3:1:0:0:0, 2:0:0:0:1, 2:0:0:0:1, 1:0:0:0:0, 2:0:0:0:1, 3:1:0:0:1, 2:2:0:0:0, 3:2:0:0:0, 2:2:0:0:0, 3:2:0:0:1, 1:1:0:0:1, 0:0:0:0:0, 2:0:0:0:1, 3:3:1:0:1, 2:3:0:0:0, 1:1:0:0:0, 2:1:0:0:0, 3:1:0:0:0, 3:0:0:0:2, 3:1:0:0:1, 2:0:0:0:1, 2:0:0:0:0, 2:2:0:0:0, 2:2:0:0:0, 2:4:0:0:2, 4:1:1:0:1, 2:2:0:0:1, 3:1:0:0:1, 2:2:1:0:1, 2:3:0:0:2, 2:1:0:0:1, 5:1:0:0:3, 2:1:0:0:1, 5:2:0:0:3, 2:0:0:0:1, 2:1:0:0:1, 1:0:0:0:1, 0:0:0:0:0, 1:0:0:0:0, 1:0:0:0:0, 1:0:0:0:1, 0:0:0:0:0, 2:1:0:0:0, 1:0:0:0:0, 2:2:0:0:0, 2:2:0:0:2, 1:0:0:0:0, 0:0:0:0:0, 2:0:0:0:1, 2:1:0:0:0, 2:1:0:0:0, 2:0:0:0:1, 3:0:0:0:1, 3:1:0:0:1, 2:2:0:0:1, 2:1:0:0:0, 2:2:0:0:0, 2:2:0:0:1, 1:0:0:0:1, 0:0:0:0:0, 2:0:0:0:0, 2:3:0:0:0, 2:3:0:0:1, 1:0:0:0:0, 2:0:0:0:0, 2:3:0:0:0, 1:4:0:0:0, 1:0:0:0:0, 1:0:0:0:0, 2:3:0:0:0, 2:3:0:0:1, 2:4:0:0:1, 1:7:0:0:0, 2:0:0:0:3, 1:0:0:0:1, 1:0:0:0:1, 1:0:0:0:1, 1:0:0:0:1, 1:0:0:0:1, 1:0:0:0:1, 609:323:22:0:208
Bb dorian (2b), 1:2:0:0:2, 1:0:0:0:0, 1:0:0:0:0, 0:0:0:0:0, 0:0:0:0:0, 1:0:0:0:0, 1:0:0:0:0, 2:0:1:0:0, 2:0:0:0:1, 1:0:0:0:0, 1:1:0:0:1, 1:0:0:0:0, 0:0:0:0:0, 1:0:0:0:0, 2:2:0:0:2, 3:0:0:0:2, 2:0:0:0:0, 1:0:0:0:0, 2:0:0:0:2, 3:0:0:0:1, 3:0:0:0:2, 3:1:0:0:1, 1:0:0:0:1, 1:0:2:0:2, 1:0:1:0:1, 1:0:0:0:0, 2:0:0:0:0, 1:0:1:0:1, 1:0:0:0:0, 2:0:1:0:0, 0:0:0:0:0, 0:0:0:0:0, 1:0:0:0:0, 1:0:0:0:1, 1:0:0:0:1, 2:1:0:0:1, 2:0:0:0:0, 1:0:0:0:1, 1:0:0:0:0, 1:0:0:0:0, 1:0:0:0:0, 2:0:1:0:1, 4:0:0:0:1, 2:0:0:0:3, 0:0:0:0:0, 0:0:0:0:0, 0:0:0:0:0, 1:0:0:0:0, 2:0:0:0:1, 2:0:0:0:1, 0:0:0:0:0, 1:0:0:0:0, 1:0:0:0:1, 2:0:0:0:1, 0:0:0:0:0, 0:0:0:0:0, 1:0:0:0:0, 3:0:0:0:1, 2:0:0:0:1, 2:0:0:0:0, 2:0:0:0:0, 1:0:0:0:0, 2:0:1:0:0, 3:0:0:0:0, 3:0:0:0:1, 3:0:0:0:0, 3:0:0:0:2, 3:0:0:0:1, 2:0:0:0:2, 3:1:0:0:1, 1:0:0:0:1, 2:0:2:0:2, 2:0:0:0:0, 1:0:0:0:0, 2:0:0:0:0, 0:0:0:0:0, 1:0:0:0:1, 0:0:0:0:0, 1:0:0:0:0, 1:0:0:0:0, 1:2:0:0:2, 1:0:0:0:0, 0:0:0:0:0, 0:0:0:0:0, 1:0:0:0:0, 1:0:0:0:1, 1:0:0:0:0, 0:0:0:0:0, 2:0:0:0:1, 1:0:0:0:0, 3:0:0:0:2, 3:0:0:0:2, 0:0:0:0:0, 0:0:0:0:0, 0:0:0:0:0, 1:0:0:0:0, 0:0:0:0:0, 0:0:0:0:0, 1:0:0:0:0, 1:1:0:0:1, 1:0:0:0:0, 1:0:0:0:1, 1:0:0:0:0, 1:1:0:0:1, 1:0:0:0:0, 2:0:1:0:0, 1:0:0:0:0, 2:0:0:0:0, 1:0:0:0:0, 1:0:0:0:0, 2:1:0:0:1, 3:0:0:0:1, 3:0:0:0:1, 3:0:0:0:0, 3:1:0:0:3, 3:0:0:0:1, 2:1:0:0:3, 3:1:0:0:1, 2:1:0:0:2, 2:0:0:0:1, 1:0:0:0:0, 2:0:0:0:0, 0:0:0:0:0, 0:0:0:0:0, 0:0:0:0:0, 0:0:0:0:0, 0:0:0:0:0, 2:0:0:0:2, 2:0:0:0:1, 2:0:0:0:1, 0:0:0:0:0, 2:0:0:0:1, 1:0:0:0:1, 2:0:0:0:1, 1:0:0:0:0, 0:0:0:0:0, 2:0:0:0:1, 2:0:0:0:0, 3:0:0:0:2, 4:0:0:0:2, 0:0:0:0:0, 1:0:2:0:0, 0:0:0:0:0, 2:1:0:0:2, 1:1:0:0:1, 2:0:0:0:0, 0:0:0:0:0, 2:0:0:0:2, 0:0:0:0:0, 2:0:0:0:1, 1:0:0:0:0, 1:0:0:0:0, 0:0:0:0:0, 2:0:1:0:0, 1:0:0:0:1, 1:0:1:0:0, 1:0:0:0:0, 1:0:0:0:0, 2:0:1:0:0, 3:0:0:0:0, 3:0:0:0:1, 3:0:0:0:0, 3:0:0:0:3, 1:0:0:0:1, 2:0:0:0:2, 3:0:0:0:1, 2:0:0:0:1, 2:1:0:0:2, 2:1:0:0:1, 1:0:0:0:0, 0:0:0:0:0, 0:0:0:0:0, 1:0:0:0:0, 0:0:0:0:0, 0:0:0:0:0, 0:0:0:0:0, 1:0:0:0:0, 1:0:0:0:1, 0:0:0:0:0, 0:0:0:0:0, 1:0:0:0:1, 1:0:0:0:1, 1:0:0:0:0, 1:0:0:0:0, 2:0:0:0:1, 1:0:0:0:0, 3:0:0:0:2, 3:0:0:0:2, 1:0:0:0:0, 1:0:1:0:0, 0:0:0:0:0, 2:0:0:0:0, 1:1:0:0:1, 2:0:0:0:0, 0:0:0:0:0, 2:0:0:0:2, 0:0:0:0:0, 2:0:0:0:1, 1:0:0:0:0, 1:0:0:0:0, 0:0:0:0:0, 2:0:1:0:0, 1:0:0:0:1, 1:0:1:0:0, 1:0:0:0:0, 2:0:0:0:1, 2:0:1:0:0, 3:0:0:0:0, 3:0:0:0:1, 3:0:0:0:0, 3:0:0:0:4, 3:0:0:0:1, 2:0:0:0:2, 3:0:0:0:1, 2:0:0:0:1, 2:1:0:0:2, 2:1:0:0:1, 1:0:0:0:0, 0:0:0:0:0, 0:0:0:0:0, 2:0:0:0:0, 0:0:0:0:0, 0:0:0:0:0, 0:0:0:0:0, 1:0:0:0:0, 1:0:0:0:1, 0:0:0:0:0, 0:0:0:0:0, 1:0:0:0:1, 2:0:0:0:1, 1:0:0:0:0, 1:0:0:0:0, 2:0:0:0:1, 1:0:0:0:0, 2:0:0:0:2, 3:0:0:0:2, 1:0:0:0:0, 1:0:1:0:0, 0:0:0:0:0, 1:1:0:0:1, 0:0:0:0:0, 0:0:0:0:0, 0:0:0:0:0, 1:0:0:0:0, 2:0:0:0:1, 1:0:0:0:1, 1:0:0:0:0, 0:0:0:0:0, 2:0:0:0:0, 2:0:0:0:0, 1:0:0:0:0, 0:0:0:0:0, 1:0:0:0:0, 3:0:1:0:0, 3:1:0:0:2, 3:0:0:0:0, 3:0:0:0:1, 4:0:0:0:0, 3:0:0:0:3, 3:0:0:0:1, 2:1:0:0:3, 3:0:0:0:1, 1:0:0:0:1, 2:0:0:0:1, 2:0:1:0:0, 0:0:0:0:0, 1:0:0:0:0, 2:0:0:0:0, 1:1:0:0:1, 0:0:0:0:0, 2:1:0:0:1, 0:0:0:0:0, 1:0:0:0:1, 0:0:0:0:0, 1:0:0:0:0, 1:0:0:0:1, 1:0:0:0:0, 2:0:0:0:1, 1:0:0:0:0, 1:0:0:0:0, 2:1:0:0:1, 1:0:0:0:0, 3:1:0:0:4, 3:0:0:0:2, 1:1:0:0:1, 0:0:0:0:0, 0:0:0:0:0, 1:0:0:0:0, 1:1:0:0:1, 0:0:0:0:0, 1:0:0:0:0, 1:0:0:0:0, 1:0:0:0:1, 0:0:0:0:0, 0:0:0:0:0, 0:0:0:0:0, 0:0:0:0:0, 0:0:0:0:0, 0:0:0:0:0, 0:0:0:0:0, 0:0:0:0:0, 0:0:0:0:0, 0:0:0:0:0, 0:0:0:0:0, 397:33:23:0:167
D dorian (2#), 2:0:0:0:0, 3:1:0:0:0, 3:1:0:0:0, 2:0:0:0:1, 2:0:0:0:1, 3:1:0:0:1, 2:2:0:0:1, 3:3:1:0:1, 2:2:0:0:0, 3:2:0:0:0, 3:1:1:0:2, 2:3:0:0:0, 2:2:0:0:1, 3:3:0:0:3, 1:1:0:0:1, 3:1:0:0:1, 3:2:0:0:2, 1:2:0:0:2, 1:0:2:0:2, 2:2:0:0:1, 2:0:0:0:0, 2:0:0:0:1, 2:0:0:0:1, 2:0:0:0:1, 2:0:0:0:1, 0:0:0:0:0, 1:0:0:0:0, 1:1:0:0:0, 2:2:0:0:1, 4:1:0:0:1, 0:0:0:0:0, 2:1:0:0:0, 3:1:0:0:0, 1:0:0:0:0, 1:0:0:0:0, 4:0:0:0:1, 2:0:0:0:0, 2:0:0:0:0, 2:2:0:0:0, 3:1:0:0:0, 1:2:0:0:0, 3:3:1:0:2, 2:0:0:0:1, 1:0:0:0:1, 3:1:0:0:0, 2:3:0:0:0, 2:3:0:0:0, 2:2:0:0:1, 2:0:0:0:1, 2:1:0:0:1, 2:0:0:0:1, 3:0:0:0:1, 2:0:0:0:1, 3:1:0:0:1, 3:2:0:0:1, 2:2:0:0:0, 2:1:0:0:0, 2:1:0:0:0, 4:1:0:0:1, 2:1:1:0:1, 4:3:1:0:2, 3:3:0:0:4, 2:2:0:0:1, 4:1:0:0:2, 2:1:0:0:1, 4:2:0:0:3, 0:0:0:0:0, 1:0:2:0:2, 1:0:0:0:0, 3:0:0:0:1, 1:0:0:0:0, 1:0:0:0:1, 2:0:0:0:0, 1:1:0:0:0, 3:1:0:0:0, 1:1:0:0:0, 2:3:0:0:0, 2:2:0:0:2, 1:0:0:0:0, 1:1:0:0:1, 2:0:0:0:0, 3:1:0:0:0, 3:1:0:0:0, 2:1:0:0:0, 2:0:0:0:1, 2:0:0:0:0, 2:2:0:0:0, 2:2:0:0:0, 2:2:0:0:0, 3:2:0:0:1, 0:0:0:0:0, 0:0:0:0:0, 3:1:0:0:0, 2:3:0:0:0, 3:3:0:0:0, 2:3:0:0:1, 2:1:0:0:0, 3:1:0:0:0, 3:0:0:0:1, 3:0:0:0:0, 2:1:0:0:0, 1:0:0:0:0, 1:2:0:0:0, 3:1:1:0:1, 1:3:0:0:0, 4:1:0:0:1, 3:1:0:0:1, 2:1:1:0:1, 3:2:0:0:1, 2:5:0:0:4, 2:1:1:0:2, 4:1:0:0:2, 3:1:0:0:1, 5:3:0:0:4, 0:0:0:0:0, 2:0:1:0:1, 1:0:0:0:1, 1:0:0:0:0, 1:0:0:0:0, 2:0:0:0:0, 1:0:0:0:1, 2:1:0:0:0, 1:1:0:0:0, 1:0:0:0:1, 3:2:0:0:0, 3:1:0:0:2, 1:0:0:0:0, 1:1:0:0:1, 2:0:0:0:1, 2:1:0:0:1, 2:1:0:0:0, 2:0:0:0:0, 2:0:0:0:1, 3:1:0:0:1, 2:3:1:0:1, 3:2:0:0:0, 2:2:0:0:0, 2:1:0:0:2, 2:0:0:0:2, 2:0:0:0:1, 3:0:0:0:1, 3:4:2:0:2, 2:2:0:0:0, 1:1:0:0:0, 2:0:0:0:0, 4:1:0:0:0, 2:1:0:0:0, 2:0:0:0:0, 2:0:0:0:1, 2:1:0:0:1, 1:2:0:0:0, 2:2:0:0:0, 1:3:0:0:0, 3:1:0:0:1, 3:1:0:0:1, 3:1:0:0:1, 3:2:0:0:1, 3:3:0:0:4, 2:2:0:0:1, 4:1:0:0:2, 2:1:0:0:1, 4:2:0:0:3, 2:0:0:0:1, 1:0:0:0:0, 0:0:0:0:0, 2:0:0:0:0, 1:0:0:0:0, 1:0:0:0:0, 1:0:1:0:1, 1:0:0:0:0, 1:1:0:0:0, 1:1:0:0:0, 1:2:0:0:0, 3:2:0:0:2, 0:0:0:0:0, 2:1:0:0:0, 3:1:0:0:0, 2:0:0:0:1, 2:0:0:0:1, 1:0:0:0:0, 2:0:0:0:1, 2:0:0:0:0, 2:2:0:0:0, 3:2:0:0:0, 2:2:0:0:0, 3:2:0:0:1, 1:0:0:0:0, 0:0:0:0:0, 2:0:0:0:1, 3:3:1:0:1, 2:3:0:0:0, 2:2:0:0:1, 3:0:0:0:1, 4:1:0:0:0, 2:1:0:0:0, 2:0:0:0:0, 2:0:0:0:1, 2:1:0:0:1, 1:2:0:0:0, 2:2:0:0:0, 1:3:0:0:0, 3:1:0:0:1, 3:1:0:0:1, 3:1:0:0:1, 3:2:0:0:1, 2:2:0:0:4, 2:2:0:0:1, 4:1:0:0:2, 2:2:0:0:2, 4:2:0:0:3, 2:0:0:0:1, 2:1:0:0:1, 0:0:0:0:0, 1:0:0:0:0, 1:0:0:0:0, 1:0:0:0:0, 1:0:1:0:1, 1:0:0:0:0, 1:1:0:0:0, 1:1:0:0:0, 2:2:0:0:0, 3:2:0:0:2, 1:1:0:0:0, 2:1:0:0:0, 3:1:0:0:0, 2:0:0:0:1, 2:0:0:0:1, 1:0:0:0:0, 2:0:0:0:1, 3:1:0:0:1, 2:2:0:0:0, 3:2:0:0:0, 2:2:0:0:0, 3:2:0:0:1, 1:1:0:0:1, 0:0:0:0:0, 2:0:0:0:1, 3:3:1:0:1, 2:3:0:0:0, 1:1:0:0:0, 2:1:0:0:0, 3:1:0:0:0, 3:0:0:0:2, 3:1:0:0:1, 2:0:0:0:1, 2:0:0:0:0, 2:2:0:0:0, 2:2:0:0:0, 2:4:0:0:2, 4:1:1:0:1, 2:2:0:0:1, 3:1:0:0:1, 2:2:1:0:1, 2:3:0:0:2, 2:1:0:0:1, 5:1:0:0:3, 2:1:0:0:1, 5:2:0:0:3, 2:0:0:0:1, 2:1:0:0:1, 1:0:0:0:1, 0:0:0:0:0, 1:0:0:0:0, 1:0:0:0:0, 1:0:0:0:1, 0:0:0:0:0, 2:1:0:0:0, 1:0:0:0:0, 2:2:0:0:0, 2:2:0:0:2, 1:0:0:0:0, 0:0:0:0:0, 2:0:0:0:1, 2:1:0:0:0, 2:1:0:0:0, 2:0:0:0:1, 3:0:0:0:1, 3:1:0:0:1, 2:2:0:0:1, 2:1:0:0:0, 2:2:0:0:0, 2:2:0:0:1, 1:0:0:0:1, 0:0:0:0:0, 2:0:0:0:0, 2:3:0:0:0, 2:3:0:0:1, 1:0:0:0:0, 2:0:0:0:0, 2:3:0:0:0, 1:4:0:0:0, 1:0:0:0:0, 1:0:0:0:0, 2:3:0:0:0, 2:3:0:0:1, 2:4:0:0:1, 1:7:0:0:0, 2:0:0:0:3, 1:0:0:0:1, 1:0:0:0:1, 1:0:0:0:1, 1:0:0:0:1, 1:0:0:0:1, 1:0:0:0:1, 609:323:22:0:208
Bb phrygian (2b), 1:2:0:0:2, 1:0:0:0:0, 1:0:0:0:0, 0:0:0:0:0, 0:0:0:0:0, 1:0:0:0:0, 1:0:0:0:0, 2:0:1:0:0, 2:0:0:0:1, 1:0:0:0:0, 1:1:0:0:1, 1:0:0:0:0, 0:0:0:0:0, 1:0:0:0:0, 2:2:0:0:2, 3:0:0:0:2, 2:0:0:0:0, 1:0:0:0:0, 2:0:0:0:2, 3:0:0:0:1, 3:0:0:0:2, 3:1:0:0:1, 1:0:0:0:1, 1:0:2:0:2, 1:0:1:0:1, 1:0:0:0:0, 2:0:0:0:0, 1:0:1:0:1, 1:0:0:0:0, 2:0:1:0:0, 0:0:0:0:0, 0:0:0:0:0, 1:0:0:0:0, 1:0:0:0:1, 1:0:0:0:1, 2:1:0:0:1, 2:0:0:0:0, 1:0:0:0:1, 1:0:0:0:0, 1:0:0:0:0, 1:0:0:0:0, 2:0:1:0:1, 4:0:0:0:1, 2:0:0:0:3, 0:0:0:0:0, 0:0:0:0:0, 0:0:0:0:0, 1:0:0:0:0, 2:0:0:0:1, 2:0:0:0:1, 0:0:0:0:0, 1:0:0:0:0, 1:0:0:0:1, 2:0:0:0:1, 0:0:0:0:0, 0:0:0:0:0, 1:0:0:0:0, 3:0:0:0:1, 2:0:0:0:1, 2:0:0:0:0, 2:0:0:0:0, 1:0:0:0:0, 2:0:1:0:0, 3:0:0:0:0, 3:0:0:0:1, 3:0:0:0:0, 3:0:0:0:2, 3:0:0:0:1, 2:0:0:0:2, 3:1:0:0:1, 1:0:0:0:1, 2:0:2:0:2, 2:0:0:0:0, 1:0:0:0:0, 2:0:0:0:0, 0:0:0:0:0, 1:0:0:0:1, 0:0:0:0:0, 1:0:0:0:0, 1:0:0:0:0, 1:2:0:0:2, 1:0:0:0:0, 0:0:0:0:0, 0:0:0:0:0, 1:0:0:0:0, 1:0:0:0:1, 1:0:0:0:0, 0:0:0:0:0, 2:0:0:0:1, 1:0:0:0:0, 3:0:0:0:2, 3:0:0:0:2, 0:0:0:0:0, 0:0:0:0:0, 0:0:0:0:0, 1:0:0:0:0, 0:0:0:0:0, 0:0:0:0:0, 1:0:0:0:0, 1:1:0:0:1, 1:0:0:0:0, 1:0:0:0:1, 1:0:0:0:0, 1:1:0:0:1, 1:0:0:0:0, 2:0:1:0:0, 1:0:0:0:0, 2:0:0:0:0, 1:0:0:0:0, 1:0:0:0:0, 2:1:0:0:1, 3:0:0:0:1, 3:0:0:0:1, 3:0:0:0:0, 3:1:0:0:3, 3:0:0:0:1, 2:1:0:0:3, 3:1:0:0:1, 2:1:0:0:2, 2:0:0:0:1, 1:0:0:0:0, 2:0:0:0:0, 0:0:0:0:0, 0:0:0:0:0, 0:0:0:0:0, 0:0:0:0:0, 0:0:0:0:0, 2:0:0:0:2, 2:0:0:0:1, 2:0:0:0:1, 0:0:0:0:0, 2:0:0:0:1, 1:0:0:0:1, 2:0:0:0:1, 1:0:0:0:0, 0:0:0:0:0, 2:0:0:0:1, 2:0:0:0:0, 3:0:0:0:2, 4:0:0:0:2, 0:0:0:0:0, 1:0:2:0:0, 0:0:0:0:0, 2:1:0:0:2, 1:1:0:0:1, 2:0:0:0:0, 0:0:0:0:0, 2:0:0:0:2, 0:0:0:0:0, 2:0:0:0:1, 1:0:0:0:0, 1:0:0:0:0, 0:0:0:0:0, 2:0:1:0:0, 1:0:0:0:1, 1:0:1:0:0, 1:0:0:0:0, 1:0:0:0:0, 2:0:1:0:0, 3:0:0:0:0, 3:0:0:0:1, 3:0:0:0:0, 3:0:0:0:3, 1:0:0:0:1, 2:0:0:0:2, 3:0:0:0:1, 2:0:0:0:1, 2:1:0:0:2, 2:1:0:0:1, 1:0:0:0:0, 0:0:0:0:0, 0:0:0:0:0, 1:0:0:0:0, 0:0:0:0:0, 0:0:0:0:0, 0:0:0:0:0, 1:0:0:0:0, 1:0:0:0:1, 0:0:0:0:0, 0:0:0:0:0, 1:0:0:0:1, 1:0:0:0:1, 1:0:0:0:0, 1:0:0:0:0, 2:0:0:0:1, 1:0:0:0:0, 3:0:0:0:2, 3:0:0:0:2, 1:0:0:0:0, 1:0:1:0:0, 0:0:0:0:0, 2:0:0:0:0, 1:1:0:0:1, 2:0:0:0:0, 0:0:0:0:0, 2:0:0:0:2, 0:0:0:0:0, 2:0:0:0:1, 1:0:0:0:0, 1:0:0:0:0, 0:0:0:0:0, 2:0:1:0:0, 1:0:0:0:1, 1:0:1:0:0, 1:0:0:0:0, 2:0:0:0:1, 2:0:1:0:0, 3:0:0:0:0, 3:0:0:0:1, 3:0:0:0:0, 3:0:0:0:4, 3:0:0:0:1, 2:0:0:0:2, 3:0:0:0:1, 2:0:0:0:1, 2:1:0:0:2, 2:1:0:0:1, 1:0:0:0:0, 0:0:0:0:0, 0:0:0:0:0, 2:0:0:0:0, 0:0:0:0:0, 0:0:0:0:0, 0:0:0:0:0, 1:0:0:0:0, 1:0:0:0:1, 0:0:0:0:0, 0:0:0:0:0, 1:0:0:0:1, 2:0:0:0:1, 1:0:0:0:0, 1:0:0:0:0, 2:0:0:0:1, 1:0:0:0:0, 2:0:0:0:2, 3:0:0:0:2, 1:0:0:0:0, 1:0:1:0:0, 0:0:0:0:0, 1:1:0:0:1, 0:0:0:0:0, 0:0:0:0:0, 0:0:0:0:0, 1:0:0:0:0, 2:0:0:0:1, 1:0:0:0:1, 1:0:0:0:0, 0:0:0:0:0, 2:0:0:0:0, 2:0:0:0:0, 1:0:0:0:0, 0:0:0:0:0, 1:0:0:0:0, 3:0:1:0:0, 3:1:0:0:2, 3:0:0:0:0, 3:0:0:0:1, 4:0:0:0:0, 3:0:0:0:3, 3:0:0:0:1, 2:1:0:0:3, 3:0:0:0:1, 1:0:0:0:1, 2:0:0:0:1, 2:0:1:0:0, 0:0:0:0:0, 1:0:0:0:0, 2:0:0:0:0, 1:1:0:0:1, 0:0:0:0:0, 2:1:0:0:1, 0:0:0:0:0, 1:0:0:0:1, 0:0:0:0:0, 1:0:0:0:0, 1:0:0:0:1, 1:0:0:0:0, 2:0:0:0:1, 1:0:0:0:0, 1:0:0:0:0, 2:1:0:0:1, 1:0:0:0:0, 3:1:0:0:4, 3:0:0:0:2, 1:1:0:0:1, 0:0:0:0:0, 0:0:0:0:0, 1:0:0:0:0, 1:1:0:0:1, 0:0:0:0:0, 1:0:0:0:0, 1:0:0:0:0, 1:0:0:0:1, 0:0:0:0:0, 0:0:0:0:0, 0:0:0:0:0, 0:0:0:0:0, 0:0:0:0:0, 0:0:0:0:0, 0:0:0:0:0, 0:0:0:0:0, 0:0:0:0:0, 0:0:0:0:0, 0:0:0:0:0, 397:33:23:0:167
D phrygian (2#), 2:0:0:0:0, 3:1:0:0:0, 3:1:0:0:0, 2:0:0:0:1, 2:0:0:0:1, 3:1:0:0:1, 2:2:0:0:1, 3:3:1:0:1, 2:2:0:0:0, 3:2:0:0:0, 3:1:1:0:2, 2:3:0:0:0, 2:2:0:0:1, 3:3:0:0:3, 1:1:0:0:1, 3:1:0:0:1, 3:2:0:0:2, 1:2:0:0:2, 1:0:2:0:2, 2:2:0:0:1, 2:0:0:0:0, 2:0:0:0:1, 2:0:0:0:1, 2:0:0:0:1, 2:0:0:0:1, 0:0:0:0:0, 1:0:0:0:0, 1:1:0:0:0, 2:2:0:0:1, 4:1:0:0:1, 0:0:0:0:0, 2:1:0:0:0, 3:1:0:0:0, 1:0:0:0:0, 1:0:0:0:0, 4:0:0:0:1, 2:0:0:0:0, 2:0:0:0:0, 2:2:0:0:0, 3:1:0:0:0, 1:2:0:0:0, 3:3:1:0:2, 2:0:0:0:1, 1:0:0:0:1, 3:1:0:0:0, 2:3:0:0:0, 2:3:0:0:0, 2:2:0:0:1, 2:0:0:0:1, 2:1:0:0:1, 2:0:0:0:1, 3:0:0:0:1, 2:0:0:0:1, 3:1:0:0:1, 3:2:0:0:1, 2:2:0:0:0, 2:1:0:0:0, 2:1:0:0:0, 4:1:0:0:1, 2:1:1:0:1, 4:3:1:0:2, 3:3:0:0:4, 2:2:0:0:1, 4:1:0:0:2, 2:1:0:0:1, 4:2:0:0:3, 0:0:0:0:0, 1:0:2:0:2, 1:0:0:0:0, 3:0:0:0:1, 1:0:0:0:0, 1:0:0:0:1, 2:0:0:0:0, 1:1:0:0:0, 3:1:0:0:0, 1:1:0:0:0, 2:3:0:0:0, 2:2:0:0:2, 1:0:0:0:0, 1:1:0:0:1, 2:0:0:0:0, 3:1:0:0:0, 3:1:0:0:0, 2:1:0:0:0, 2:0:0:0:1, 2:0:0:0:0, 2:2:0:0:0, 2:2:0:0:0, 2:2:0:0:0, 3:2:0:0:1, 0:0:0:0:0, 0:0:0:0:0, 3:1:0:0:0, 2:3:0:0:0, 3:3:0:0:0, 2:3:0:0:1, 2:1:0:0:0, 3:1:0:0:0, 3:0:0:0:1, 3:0:0:0:0, 2:1:0:0:0, 1:0:0:0:0, 1:2:0:0:0, 3:1:1:0:1, 1:3:0:0:0, 4:1:0:0:1, 3:1:0:0:1, 2:1:1:0:1, 3:2:0:0:1, 2:5:0:0:4, 2:1:1:0:2, 4:1:0:0:2, 3:1:0:0:1, 5:3:0:0:4, 0:0:0:0:0, 2:0:1:0:1, 1:0:0:0:1, 1:0:0:0:0, 1:0:0:0:0, 2:0:0:0:0, 1:0:0:0:1, 2:1:0:0:0, 1:1:0:0:0, 1:0:0:0:1, 3:2:0:0:0, 3:1:0:0:2, 1:0:0:0:0, 1:1:0:0:1, 2:0:0:0:1, 2:1:0:0:1, 2:1:0:0:0, 2:0:0:0:0, 2:0:0:0:1, 3:1:0:0:1, 2:3:1:0:1, 3:2:0:0:0, 2:2:0:0:0, 2:1:0:0:2, 2:0:0:0:2, 2:0:0:0:1, 3:0:0:0:1, 3:4:2:0:2, 2:2:0:0:0, 1:1:0:0:0, 2:0:0:0:0, 4:1:0:0:0, 2:1:0:0:0, 2:0:0:0:0, 2:0:0:0:1, 2:1:0:0:1, 1:2:0:0:0, 2:2:0:0:0, 1:3:0:0:0, 3:1:0:0:1, 3:1:0:0:1, 3:1:0:0:1, 3:2:0:0:1, 3:3:0:0:4, 2:2:0:0:1, 4:1:0:0:2, 2:1:0:0:1, 4:2:0:0:3, 2:0:0:0:1, 1:0:0:0:0, 0:0:0:0:0, 2:0:0:0:0, 1:0:0:0:0, 1:0:0:0:0, 1:0:1:0:1, 1:0:0:0:0, 1:1:0:0:0, 1:1:0:0:0, 1:2:0:0:0, 3:2:0:0:2, 0:0:0:0:0, 2:1:0:0:0, 3:1:0:0:0, 2:0:0:0:1, 2:0:0:0:1, 1:0:0:0:0, 2:0:0:0:1, 2:0:0:0:0, 2:2:0:0:0, 3:2:0:0:0, 2:2:0:0:0, 3:2:0:0:1, 1:0:0:0:0, 0:0:0:0:0, 2:0:0:0:1, 3:3:1:0:1, 2:3:0:0:0, 2:2:0:0:1, 3:0:0:0:1, 4:1:0:0:0, 2:1:0:0:0, 2:0:0:0:0, 2:0:0:0:1, 2:1:0:0:1, 1:2:0:0:0, 2:2:0:0:0, 1:3:0:0:0, 3:1:0:0:1, 3:1:0:0:1, 3:1:0:0:1, 3:2:0:0:1, 2:2:0:0:4, 2:2:0:0:1, 4:1:0:0:2, 2:2:0:0:2, 4:2:0:0:3, 2:0:0:0:1, 2:1:0:0:1, 0:0:0:0:0, 1:0:0:0:0, 1:0:0:0:0, 1:0:0:0:0, 1:0:1:0:1, 1:0:0:0:0, 1:1:0:0:0, 1:1:0:0:0, 2:2:0:0:0, 3:2:0:0:2, 1:1:0:0:0, 2:1:0:0:0, 3:1:0:0:0, 2:0:0:0:1, 2:0:0:0:1, 1:0:0:0:0, 2:0:0:0:1, 3:1:0:0:1, 2:2:0:0:0, 3:2:0:0:0, 2:2:0:0:0, 3:2:0:0:1, 1:1:0:0:1, 0:0:0:0:0, 2:0:0:0:1, 3:3:1:0:1, 2:3:0:0:0, 1:1:0:0:0, 2:1:0:0:0, 3:1:0:0:0, 3:0:0:0:2, 3:1:0:0:1, 2:0:0:0:1, 2:0:0:0:0, 2:2:0:0:0, 2:2:0:0:0, 2:4:0:0:2, 4:1:1:0:1, 2:2:0:0:1, 3:1:0:0:1, 2:2:1:0:1, 2:3:0:0:2, 2:1:0:0:1, 5:1:0:0:3, 2:1:0:0:1, 5:2:0:0:3, 2:0:0:0:1, 2:1:0:0:1, 1:0:0:0:1, 0:0:0:0:0, 1:0:0:0:0, 1:0:0:0:0, 1:0:0:0:1, 0:0:0:0:0, 2:1:0:0:0, 1:0:0:0:0, 2:2:0:0:0, 2:2:0:0:2, 1:0:0:0:0, 0:0:0:0:0, 2:0:0:0:1, 2:1:0:0:0, 2:1:0:0:0, 2:0:0:0:1, 3:0:0:0:1, 3:1:0:0:1, 2:2:0:0:1, 2:1:0:0:0, 2:2:0:0:0, 2:2:0:0:1, 1:0:0:0:1, 0:0:0:0:0, 2:0:0:0:0, 2:3:0:0:0, 2:3:0:0:1, 1:0:0:0:0, 2:0:0:0:0, 2:3:0:0:0, 1:4:0:0:0, 1:0:0:0:0, 1:0:0:0:0, 2:3:0:0:0, 2:3:0:0:1, 2:4:0:0:1, 1:7:0:0:0, 2:0:0:0:3, 1:0:0:0:1, 1:0:0:0:1, 1:0:0:0:1, 1:0:0:0:1, 1:0:0:0:1, 1:0:0:0:1, 609:323:22:0:208
Bb lydian (2b), 1:2:0:0:2, 1:0:0:0:0, 1:0:0:0:0, 0:0:0:0:0, 0:0:0:0:0, 1:0:0:0:0, 1:0:0:0:0, 2:0:1:0:0, 2:0:0:0:1, 1:0:0:0:0, 1:1:0:0:1, 1:0:0:0:0, 0:0:0:0:0, 1:0:0:0:0, 2:2:0:0:2, 3:0:0:0:2, 2:0:0:0:0, 1:0:0:0:0, 2:0:0:0:2, 3:0:0:0:1, 3:0:0:0:2, 3:1:0:0:1, 1:0:0:0:1, 1:0:2:0:2, 1:0:1:0:1, 1:0:0:0:0, 2:0:0:0:0, 1:0:1:0:1, 1:0:0:0:0, 2:0:1:0:0, 0:0:0:0:0, 0:0:0:0:0, 1:0:0:0:0, 1:0:0:0:1, 1:0:0:0:1, 2:1:0:0:1, 2:0:0:0:0, 1:0:0:0:1, 1:0:0:0:0, 1:0:0:0:0, 1:0:0:0:0, 2:0:1:0:1, 4:0:0:0:1, 2:0:0:0:3, 0:0:0:0:0, 0:0:0:0:0, 0:0:0:0:0, 1:0:0:0:0, 2:0:0:0:1, 2:0:0:0:1, 0:0:0:0:0, 1:0:0:0:0, 1:0:0:0:1, 2:0:0:0:1, 0:0:0:0:0, 0:0:0:0:0, 1:0:0:0:0, 3:0:0:0:1, 2:0:0:0:1, 2:0:0:0:0, 2:0:0:0:0, 1:0:0:0:0, 2:0:1:0:0, 3:0:0:0:0, 3:0:0:0:1, 3:0:0:0:0, 3:0:0:0:2, 3:0:0:0:1, 2:0:0:0:2, 3:1:0:0:1, 1:0:0:0:1, 2:0:2:0:2, 2:0:0:0:0, 1:0:0:0:0, 2:0:0:0:0, 0:0:0:0:0, 1:0:0:0:1, 0:0:0:0:0, 1:0:0:0:0, 1:0:0:0:0, 1:2:0:0:2, 1:0:0:0:0, 0:0:0:0:0, 0:0:0:0:0, 1:0:0:0:0, 1:0:0:0:1, 1:0:0:0:0, 0:0:0:0:0, 2:0:0:0:1, 1:0:0:0:0, 3:0:0:0:2, 3:0:0:0:2, 0:0:0:0:0, 0:0:0:0:0, 0:0:0:0:0, 1:0:0:0:0, 0:0:0:0:0, 0:0:0:0:0, 1:0:0:0:0, 1:1:0:0:1, 1:0:0:0:0, 1:0:0:0:1, 1:0:0:0:0, 1:1:0:0:1, 1:0:0:0:0, 2:0:1:0:0, 1:0:0:0:0, 2:0:0:0:0, 1:0:0:0:0, 1:0:0:0:0, 2:1:0:0:1, 3:0:0:0:1, 3:0:0:0:1, 3:0:0:0:0, 3:1:0:0:3, 3:0:0:0:1, 2:1:0:0:3, 3:1:0:0:1, 2:1:0:0:2, 2:0:0:0:1, 1:0:0:0:0, 2:0:0:0:0, 0:0:0:0:0, 0:0:0:0:0, 0:0:0:0:0, 0:0:0:0:0, 0:0:0:0:0, 2:0:0:0:2, 2:0:0:0:1, 2:0:0:0:1, 0:0:0:0:0, 2:0:0:0:1, 1:0:0:0:1, 2:0:0:0:1, 1:0:0:0:0, 0:0:0:0:0, 2:0:0:0:1, 2:0:0:0:0, 3:0:0:0:2, 4:0:0:0:2, 0:0:0:0:0, 1:0:2:0:0, 0:0:0:0:0, 2:1:0:0:2, 1:1:0:0:1, 2:0:0:0:0, 0:0:0:0:0, 2:0:0:0:2, 0:0:0:0:0, 2:0:0:0:1, 1:0:0:0:0, 1:0:0:0:0, 0:0:0:0:0, 2:0:1:0:0, 1:0:0:0:1, 1:0:1:0:0, 1:0:0:0:0, 1:0:0:0:0, 2:0:1:0:0, 3:0:0:0:0, 3:0:0:0:1, 3:0:0:0:0, 3:0:0:0:3, 1:0:0:0:1, 2:0:0:0:2, 3:0:0:0:1, 2:0:0:0:1, 2:1:0:0:2, 2:1:0:0:1, 1:0:0:0:0, 0:0:0:0:0, 0:0:0:0:0, 1:0:0:0:0, 0:0:0:0:0, 0:0:0:0:0, 0:0:0:0:0, 1:0:0:0:0, 1:0:0:0:1, 0:0:0:0:0, 0:0:0:0:0, 1:0:0:0:1, 1:0:0:0:1, 1:0:0:0:0, 1:0:0:0:0, 2:0:0:0:1, 1:0:0:0:0, 3:0:0:0:2, 3:0:0:0:2, 1:0:0:0:0, 1:0:1:0:0, 0:0:0:0:0, 2:0:0:0:0, 1:1:0:0:1, 2:0:0:0:0, 0:0:0:0:0, 2:0:0:0:2, 0:0:0:0:0, 2:0:0:0:1, 1:0:0:0:0, 1:0:0:0:0, 0:0:0:0:0, 2:0:1:0:0, 1:0:0:0:1, 1:0:1:0:0, 1:0:0:0:0, 2:0:0:0:1, 2:0:1:0:0, 3:0:0:0:0, 3:0:0:0:1, 3:0:0:0:0, 3:0:0:0:4, 3:0:0:0:1, 2:0:0:0:2, 3:0:0:0:1, 2:0:0:0:1, 2:1:0:0:2, 2:1:0:0:1, 1:0:0:0:0, 0:0:0:0:0, 0:0:0:0:0, 2:0:0:0:0, 0:0:0:0:0, 0:0:0:0:0, 0:0:0:0:0, 1:0:0:0:0, 1:0:0:0:1, 0:0:0:0:0, 0:0:0:0:0, 1:0:0:0:1, 2:0:0:0:1, 1:0:0:0:0, 1:0:0:0:0, 2:0:0:0:1, 1:0:0:0:0, 2:0:0:0:2, 3:0:0:0:2, 1:0:0:0:0, 1:0:1:0:0, 0:0:0:0:0, 1:1:0:0:1, 0:0:0:0:0, 0:0:0:0:0, 0:0:0:0:0, 1:0:0:0:0, 2:0:0:0:1, 1:0:0:0:1, 1:0:0:0:0, 0:0:0:0:0, 2:0:0:0:0, 2:0:0:0:0, 1:0:0:0:0, 0:0:0:0:0, 1:0:0:0:0, 3:0:1:0:0, 3:1:0:0:2, 3:0:0:0:0, 3:0:0:0:1, 4:0:0:0:0, 3:0:0:0:3, 3:0:0:0:1, 2:1:0:0:3, 3:0:0:0:1, 1:0:0:0:1, 2:0:0:0:1, 2:0:1:0:0, 0:0:0:0:0, 1:0:0:0:0, 2:0:0:0:0, 1:1:0:0:1, 0:0:0:0:0, 2:1:0:0:1, 0:0:0:0:0, 1:0:0:0:1, 0:0:0:0:0, 1:0:0:0:0, 1:0:0:0:1, 1:0:0:0:0, 2:0:0:0:1, 1:0:0:0:0, 1:0:0:0:0, 2:1:0:0:1, 1:0:0:0:0, 3:1:0:0:4, 3:0:0:0:2, 1:1:0:0:1, 0:0:0:0:0, 0:0:0:0:0, 1:0:0:0:0, 1:1:0:0:1, 0:0:0:0:0, 1:0:0:0:0, 1:0:0:0:0, 1:0:0:0:1, 0:0:0:0:0, 0:0:0:0:0, 0:0:0:0:0, 0:0:0:0:0, 0:0:0:0:0, 0:0:0:0:0, 0:0:0:0:0, 0:0:0:0:0, 0:0:0:0:0, 0:0:0:0:0, 0:0:0:0:0, 397:33:23:0:167
D lydian (2#), 2:0:0:0:0, 3:1:0:0:0, 3:1:0:0:0, 2:0:0:0:1, 2:0:0:0:1, 3:1:0:0:1, 2:2:0:0:1, 3:3:1:0:1, 2:2:0:0:0, 3:2:0:0:0, 3:1:1:0:2, 2:3:0:0:0, 2:2:0:0:1, 3:3:0:0:3, 1:1:0:0:1, 3:1:0:0:1, 3:2:0:0:2, 1:2:0:0:2, 1:0:2:0:2, 2:2:0:0:1, 2:0:0:0:0, 2:0:0:0:1, 2:0:0:0:1, 2:0:0:0:1, 2:0:0:0:1, 0:0:0:0:0, 1:0:0:0:0, 1:1:0:0:0, 2:2:0:0:1, 4:1:0:0:1, 0:0:0:0:0, 2:1:0:0:0, 3:1:0:0:0, 1:0:0:0:0, 1:0:0:0:0, 4:0:0:0:1, 2:0:0:0:0, 2:0:0:0:0, 2:2:0:0:0, 3:1:0:0:0, 1:2:0:0:0, 3:3:1:0:2, 2:0:0:0:1, 1:0:0:0:1, 3:1:0:0:0, 2:3:0:0:0, 2:3:0:0:0, 2:2:0:0:1, 2:0:0:0:1, 2:1:0:0:1, 2:0:0:0:1, 3:0:0:0:1, 2:0:0:0:1, 3:1:0:0:1, 3:2:0:0:1, 2:2:0:0:0, 2:1:0:0:0, 2:1:0:0:0, 4:1:0:0:1, 2:1:1:0:1, 4:3:1:0:2, 3:3:0:0:4, 2:2:0:0:1, 4:1:0:0:2, 2:1:0:0:1, 4:2:0:0:3, 0:0:0:0:0, 1:0:2:0:2, 1:0:0:0:0, 3:0:0:0:1, 1:0:0:0:0, 1:0:0:0:1, 2:0:0:0:0, 1:1:0:0:0, 3:1:0:0:0, 1:1:0:0:0, 2:3:0:0:0, 2:2:0:0:2, 1:0:0:0:0, 1:1:0:0:1, 2:0:0:0:0, 3:1:0:0:0, 3:1:0:0:0, 2:1:0:0:0, 2:0:0:0:1, 2:0:0:0:0, 2:2:0:0:0, 2:2:0:0:0, 2:2:0:0:0, 3:2:0:0:1, 0:0:0:0:0, 0:0:0:0:0, 3:1:0:0:0, 2:3:0:0:0, 3:3:0:0:0, 2:3:0:0:1, 2:1:0:0:0, 3:1:0:0:0, 3:0:0:0:1, 3:0:0:0:0, 2:1:0:0:0, 1:0:0:0:0, 1:2:0:0:0, 3:1:1:0:1, 1:3:0:0:0, 4:1:0:0:1, 3:1:0:0:1, 2:1:1:0:1, 3:2:0:0:1, 2:5:0:0:4, 2:1:1:0:2, 4:1:0:0:2, 3:1:0:0:1, 5:3:0:0:4, 0:0:0:0:0, 2:0:1:0:1, 1:0:0:0:1, 1:0:0:0:0, 1:0:0:0:0, 2:0:0:0:0, 1:0:0:0:1, 2:1:0:0:0, 1:1:0:0:0, 1:0:0:0:1, 3:2:0:0:0, 3:1:0:0:2, 1:0:0:0:0, 1:1:0:0:1, 2:0:0:0:1, 2:1:0:0:1, 2:1:0:0:0, 2:0:0:0:0, 2:0:0:0:1, 3:1:0:0:1, 2:3:1:0:1, 3:2:0:0:0, 2:2:0:0:0, 2:1:0:0:2, 2:0:0:0:2, 2:0:0:0:1, 3:0:0:0:1, 3:4:2:0:2, 2:2:0:0:0, 1:1:0:0:0, 2:0:0:0:0, 4:1:0:0:0, 2:1:0:0:0, 2:0:0:0:0, 2:0:0:0:1, 2:1:0:0:1, 1:2:0:0:0, 2:2:0:0:0, 1:3:0:0:0, 3:1:0:0:1, 3:1:0:0:1, 3:1:0:0:1, 3:2:0:0:1, 3:3:0:0:4, 2:2:0:0:1, 4:1:0:0:2, 2:1:0:0:1, 4:2:0:0:3, 2:0:0:0:1, 1:0:0:0:0, 0:0:0:0:0, 2:0:0:0:0, 1:0:0:0:0, 1:0:0:0:0, 1:0:1:0:1, 1:0:0:0:0, 1:1:0:0:0, 1:1:0:0:0, 1:2:0:0:0, 3:2:0:0:2, 0:0:0:0:0, 2:1:0:0:0, 3:1:0:0:0, 2:0:0:0:1, 2:0:0:0:1, 1:0:0:0:0, 2:0:0:0:1, 2:0:0:0:0, 2:2:0:0:0, 3:2:0:0:0, 2:2:0:0:0, 3:2:0:0:1, 1:0:0:0:0, 0:0:0:0:0, 2:0:0:0:1, 3:3:1:0:1, 2:3:0:0:0, 2:2:0:0:1, 3:0:0:0:1, 4:1:0:0:0, 2:1:0:0:0, 2:0:0:0:0, 2:0:0:0:1, 2:1:0:0:1, 1:2:0:0:0, 2:2:0:0:0, 1:3:0:0:0, 3:1:0:0:1, 3:1:0:0:1, 3:1:0:0:1, 3:2:0:0:1, 2:2:0:0:4, 2:2:0:0:1, 4:1:0:0:2, 2:2:0:0:2, 4:2:0:0:3, 2:0:0:0:1, 2:1:0:0:1, 0:0:0:0:0, 1:0:0:0:0, 1:0:0:0:0, 1:0:0:0:0, 1:0:1:0:1, 1:0:0:0:0, 1:1:0:0:0, 1:1:0:0:0, 2:2:0:0:0, 3:2:0:0:2, 1:1:0:0:0, 2:1:0:0:0, 3:1:0:0:0, 2:0:0:0:1, 2:0:0:0:1, 1:0:0:0:0, 2:0:0:0:1, 3:1:0:0:1, 2:2:0:0:0, 3:2:0:0:0, 2:2:0:0:0, 3:2:0:0:1, 1:1:0:0:1, 0:0:0:0:0, 2:0:0:0:1, 3:3:1:0:1, 2:3:0:0:0, 1:1:0:0:0, 2:1:0:0:0, 3:1:0:0:0, 3:0:0:0:2, 3:1:0:0:1, 2:0:0:0:1, 2:0:0:0:0, 2:2:0:0:0, 2:2:0:0:0, 2:4:0:0:2, 4:1:1:0:1, 2:2:0:0:1, 3:1:0:0:1, 2:2:1:0:1, 2:3:0:0:2, 2:1:0:0:1, 5:1:0:0:3, 2:1:0:0:1, 5:2:0:0:3, 2:0:0:0:1, 2:1:0:0:1, 1:0:0:0:1, 0:0:0:0:0, 1:0:0:0:0, 1:0:0:0:0, 1:0:0:0:1, 0:0:0:0:0, 2:1:0:0:0, 1:0:0:0:0, 2:2:0:0:0, 2:2:0:0:2, 1:0:0:0:0, 0:0:0:0:0, 2:0:0:0:1, 2:1:0:0:0, 2:1:0:0:0, 2:0:0:0:1, 3:0:0:0:1, 3:1:0:0:1, 2:2:0:0:1, 2:1:0:0:0, 2:2:0:0:0, 2:2:0:0:1, 1:0:0:0:1, 0:0:0:0:0, 2:0:0:0:0, 2:3:0:0:0, 2:3:0:0:1, 1:0:0:0:0, 2:0:0:0:0, 2:3:0:0:0, 1:4:0:0:0, 1:0:0:0:0, 1:0:0:0:0, 2:3:0:0:0, 2:3:0:0:1, 2:4:0:0:1, 1:7:0:0:0, 2:0:0:0:3, 1:0:0:0:1, 1:0:0:0:1, 1:0:0:0:1, 1:0:0:0:1, 1:0:0:0:1, 1:0:0:0:1, 609:323:22:0:208
Bb mixolydian (2b), 1:2:0:0:2, 1:0:0:0:0, 1:0:0:0:0, 0:0:0:0:0, 0:0:0:0:0, 1:0:0:0:0, 1:0:0:0:0, 2:0:1:0:0, 2:0:0:0:1, 1:0:0:0:0, 1:1:0:0:1, 1:0:0:0:0, 0:0:0:0:0, 1:0:0:0:0, 2:2:0:0:2, 3:0:0:0:2, 2:0:0:0:0, 1:0:0:0:0, 2:0:0:0:2, 3:0:0:0:1, 3:0:0:0:2, 3:1:0:0:1, 1:0:0:0:1, 1:0:2:0:2, 1:0:1:0:1, 1:0:0:0:0, 2:0:0:0:0, 1:0:1:0:1, 1:0:0:0:0, 2:0:1:0:0, 0:0:0:0:0, 0:0:0:0:0, 1:0:0:0:0, 1:0:0:0:1, 1:0:0:0:1, 2:1:0:0:1, 2:0:0:0:0, 1:0:0:0:1, 1:0:0:0:0, 1:0:0:0:0, 1:0:0:0:0, 2:0:1:0:1, 4:0:0:0:1, 2:0:0:0:3, 0:0:0:0:0, 0:0:0:0:0, 0:0:0:0:0, 1:0:0:0:0, 2:0:0:0:1, 2:0:0:0:1, 0:0:0:0:0, 1:0:0:0:0, 1:0:0:0:1, 2:0:0:0:1, 0:0:0:0:0, 0:0:0:0:0, 1:0:0:0:0, 3:0:0:0:1, 2:0:0:0:1, 2:0:0:0:0, 2:0:0:0:0, 1:0:0:0:0, 2:0:1:0:0, 3:0:0:0:0, 3:0:0:0:1, 3:0:0:0:0, 3:0:0:0:2, 3:0:0:0:1, 2:0:0:0:2, 3:1:0:0:1, 1:0:0:0:1, 2:0:2:0:2, 2:0:0:0:0, 1:0:0:0:0, 2:0:0:0:0, 0:0:0:0:0, 1:0:0:0:1, 0:0:0:0:0, 1:0:0:0:0, 1:0:0:0:0, 1:2:0:0:2, 1:0:0:0:0, 0:0:0:0:0, 0:0:0:0:0, 1:0:0:0:0, 1:0:0:0:1, 1:0:0:0:0, 0:0:0:0:0, 2:0:0:0:1, 1:0:0:0:0, 3:0:0:0:2, 3:0:0:0:2, 0:0:0:0:0, 0:0:0:0:0, 0:0:0:0:0, 1:0:0:0:0, 0:0:0:0:0, 0:0:0:0:0, 1:0:0:0:0, 1:1:0:0:1, 1:0:0:0:0, 1:0:0:0:1, 1:0:0:0:0, 1:1:0:0:1, 1:0:0:0:0, 2:0:1:0:0, 1:0:0:0:0, 2:0:0:0:0, 1:0:0:0:0, 1:0:0:0:0, 2:1:0:0:1, 3:0:0:0:1, 3:0:0:0:1, 3:0:0:0:0, 3:1:0:0:3, 3:0:0:0:1, 2:1:0:0:3, 3:1:0:0:1, 2:1:0:0:2, 2:0:0:0:1, 1:0:0:0:0, 2:0:0:0:0, 0:0:0:0:0, 0:0:0:0:0, 0:0:0:0:0, 0:0:0:0:0, 0:0:0:0:0, 2:0:0:0:2, 2:0:0:0:1, 2:0:0:0:1, 0:0:0:0:0, 2:0:0:0:1, 1:0:0:0:1, 2:0:0:0:1, 1:0:0:0:0, 0:0:0:0:0, 2:0:0:0:1, 2:0:0:0:0, 3:0:0:0:2, 4:0:0:0:2, 0:0:0:0:0, 1:0:2:0:0, 0:0:0:0:0, 2:1:0:0:2, 1:1:0:0:1, 2:0:0:0:0, 0:0:0:0:0, 2:0:0:0:2, 0:0:0:0:0, 2:0:0:0:1, 1:0:0:0:0, 1:0:0:0:0, 0:0:0:0:0, 2:0:1:0:0, 1:0:0:0:1, 1:0:1:0:0, 1:0:0:0:0, 1:0:0:0:0, 2:0:1:0:0, 3:0:0:0:0, 3:0:0:0:1, 3:0:0:0:0, 3:0:0:0:3, 1:0:0:0:1, 2:0:0:0:2, 3:0:0:0:1, 2:0:0:0:1, 2:1:0:0:2, 2:1:0:0:1, 1:0:0:0:0, 0:0:0:0:0, 0:0:0:0:0, 1:0:0:0:0, 0:0:0:0:0, 0:0:0:0:0, 0:0:0:0:0, 1:0:0:0:0, 1:0:0:0:1, 0:0:0:0:0, 0:0:0:0:0, 1:0:0:0:1, 1:0:0:0:1, 1:0:0:0:0, 1:0:0:0:0, 2:0:0:0:1, 1:0:0:0:0, 3:0:0:0:2, 3:0:0:0:2, 1:0:0:0:0, 1:0:1:0:0, 0:0:0:0:0, 2:0:0:0:0, 1:1:0:0:1, 2:0:0:0:0, 0:0:0:0:0, 2:0:0:0:2, 0:0:0:0:0, 2:0:0:0:1, 1:0:0:0:0, 1:0:0:0:0, 0:0:0:0:0, 2:0:1:0:0, 1:0:0:0:1, 1:0:1:0:0, 1:0:0:0:0, 2:0:0:0:1, 2:0:1:0:0, 3:0:0:0:0, 3:0:0:0:1, 3:0:0:0:0, 3:0:0:0:4, 3:0:0:0:1, 2:0:0:0:2, 3:0:0:0:1, 2:0:0:0:1, 2:1:0:0:2, 2:1:0:0:1, 1:0:0:0:0, 0:0:0:0:0, 0:0:0:0:0, 2:0:0:0:0, 0:0:0:0:0, 0:0:0:0:0, 0:0:0:0:0, 1:0:0:0:0, 1:0:0:0:1, 0:0:0:0:0, 0:0:0:0:0, 1:0:0:0:1, 2:0:0:0:1, 1:0:0:0:0, 1:0:0:0:0, 2:0:0:0:1, 1:0:0:0:0, 2:0:0:0:2, 3:0:0:0:2, 1:0:0:0:0, 1:0:1:0:0, 0:0:0:0:0, 1:1:0:0:1, 0:0:0:0:0, 0:0:0:0:0, 0:0:0:0:0, 1:0:0:0:0, 2:0:0:0:1, 1:0:0:0:1, 1:0:0:0:0, 0:0:0:0:0, 2:0:0:0:0, 2:0:0:0:0, 1:0:0:0:0, 0:0:0:0:0, 1:0:0:0:0, 3:0:1:0:0, 3:1:0:0:2, 3:0:0:0:0, 3:0:0:0:1, 4:0:0:0:0, 3:0:0:0:3, 3:0:0:0:1, 2:1:0:0:3, 3:0:0:0:1, 1:0:0:0:1, 2:0:0:0:1, 2:0:1:0:0, 0:0:0:0:0, 1:0:0:0:0, 2:0:0:0:0, 1:1:0:0:1, 0:0:0:0:0, 2:1:0:0:1, 0:0:0:0:0, 1:0:0:0:1, 0:0:0:0:0, 1:0:0:0:0, 1:0:0:0:1, 1:0:0:0:0, 2:0:0:0:1, 1:0:0:0:0, 1:0:0:0:0, 2:1:0:0:1, 1:0:0:0:0, 3:1:0:0:4, 3:0:0:0:2, 1:1:0:0:1, 0:0:0:0:0, 0:0:0:0:0, 1:0:0:0:0, 1:1:0:0:1, 0:0:0:0:0, 1:0:0:0:0, 1:0:0:0:0, 1:0:0:0:1, 0:0:0:0:0, 0:0:0:0:0, 0:0:0:0:0, 0:0:0:0:0, 0:0:0:0:0, 0:0:0:0:0, 0:0:0:0:0, 0:0:0:0:0, 0:0:0:0:0, 0:0:0:0:0, 0:0:0:0:0, 397:33:23:0:167
D mixolydian (2#), 2:0:0:0:0, 3:1:0:0:0, 3:1:0:0:0, 2:0:0:0:1, 2:0:0:0:1, 3:1:0:0:1, 2:2:0:0:1, 3:3:1:0:1, 2:2:0:0:0, 3:2:0:0:0, 3:1:1:0:2, 2:3:0:0:0, 2:2:0:0:1, 3:3:0:0:3, 1:1:0:0:1, 3:1:0:0:1, 3:2:0:0:2, 1:2:0:0:2, 1:0:2:0:2, 2:2:0:0:1, 2:0:0:0:0, 2:0:0:0:1, 2:0:0:0:1, 2:0:0:0:1, 2:0:0:0:1, 0:0:0:0:0, 1:0:0:0:0, 1:1:0:0:0, 2:2:0:0:1, 4:1:0:0:1, 0:0:0:0:0, 2:1:0:0:0, 3:1:0:0:0, 1:0:0:0:0, 1:0:0:0:0, 4:0:0:0:1, 2:0:0:0:0, 2:0:0:0:0, 2:2:0:0:0, 3:1:0:0:0, 1:2:0:0:0, 3:3:1:0:2, 2:0:0:0:1, 1:0:0:0:1, 3:1:0:0:0, 2:3:0:0:0, 2:3:0:0:0, 2:2:0:0:1, 2:0:0:0:1, 2:1:0:0:1, 2:0:0:0:1, 3:0:0:0:1, 2:0:0:0:1, 3:1:0:0:1, 3:2:0:0:1, 2:2:0:0:0, 2:1:0:0:0, 2:1:0:0:0, 4:1:0:0:1, 2:1:1:0:1, 4:3:1:0:2, 3:3:0:0:4, 2:2:0:0:1, 4:1:0:0:2, 2:1:0:0:1, 4:2:0:0:3, 0:0:0:0:0, 1:0:2:0:2, 1:0:0:0:0, 3:0:0:0:1, 1:0:0:0:0, 1:0:0:0:1, 2:0:0:0:0, 1:1:0:0:0, 3:1:0:0:0, 1:1:0:0:0, 2:3:0:0:0, 2:2:0:0:2, 1:0:0:0:0, 1:1:0:0:1, 2:0:0:0:0, 3:1:0:0:0, 3:1:0:0:0, 2:1:0:0:0, 2:0:0:0:1, 2:0:0:0:0, 2:2:0:0:0, 2:2:0:0:0, 2:2:0:0:0, 3:2:0:0:1, 0:0:0:0:0, 0:0:0:0:0, 3:1:0:0:0, 2:3:0:0:0, 3:3:0:0:0, 2:3:0:0:1, 2:1:0:0:0, 3:1:0:0:0, 3:0:0:0:1, 3:0:0:0:0, 2:1:0:0:0, 1:0:0:0:0, 1:2:0:0:0, 3:1:1:0:1, 1:3:0:0:0, 4:1:0:0:1, 3:1:0:0:1, 2:1:1:0:1, 3:2:0:0:1, 2:5:0:0:4, 2:1:1:0:2, 4:1:0:0:2, 3:1:0:0:1, 5:3:0:0:4, 0:0:0:0:0, 2:0:1:0:1, 1:0:0:0:1, 1:0:0:0:0, 1:0:0:0:0, 2:0:0:0:0, 1:0:0:0:1, 2:1:0:0:0, 1:1:0:0:0, 1:0:0:0:1, 3:2:0:0:0, 3:1:0:0:2, 1:0:0:0:0, 1:1:0:0:1, 2:0:0:0:1, 2:1:0:0:1, 2:1:0:0:0, 2:0:0:0:0, 2:0:0:0:1, 3:1:0:0:1, 2:3:1:0:1, 3:2:0:0:0, 2:2:0:0:0, 2:1:0:0:2, 2:0:0:0:2, 2:0:0:0:1, 3:0:0:0:1, 3:4:2:0:2, 2:2:0:0:0, 1:1:0:0:0, 2:0:0:0:0, 4:1:0:0:0, 2:1:0:0:0, 2:0:0:0:0, 2:0:0:0:1, 2:1:0:0:1, 1:2:0:0:0, 2:2:0:0:0, 1:3:0:0:0, 3:1:0:0:1, 3:1:0:0:1, 3:1:0:0:1, 3:2:0:0:1, 3:3:0:0:4, 2:2:0:0:1, 4:1:0:0:2, 2:1:0:0:1, 4:2:0:0:3, 2:0:0:0:1, 1:0:0:0:0, 0:0:0:0:0, 2:0:0:0:0, 1:0:0:0:0, 1:0:0:0:0, 1:0:1:0:1, 1:0:0:0:0, 1:1:0:0:0, 1:1:0:0:0, 1:2:0:0:0, 3:2:0:0:2, 0:0:0:0:0, 2:1:0:0:0, 3:1:0:0:0, 2:0:0:0:1, 2:0:0:0:1, 1:0:0:0:0, 2:0:0:0:1, 2:0:0:0:0, 2:2:0:0:0, 3:2:0:0:0, 2:2:0:0:0, 3:2:0:0:1, 1:0:0:0:0, 0:0:0:0:0, 2:0:0:0:1, 3:3:1:0:1, 2:3:0:0:0, 2:2:0:0:1, 3:0:0:0:1, 4:1:0:0:0, 2:1:0:0:0, 2:0:0:0:0, 2:0:0:0:1, 2:1:0:0:1, 1:2:0:0:0, 2:2:0:0:0, 1:3:0:0:0, 3:1:0:0:1, 3:1:0:0:1, 3:1:0:0:1, 3:2:0:0:1, 2:2:0:0:4, 2:2:0:0:1, 4:1:0:0:2, 2:2:0:0:2, 4:2:0:0:3, 2:0:0:0:1, 2:1:0:0:1, 0:0:0:0:0, 1:0:0:0:0, 1:0:0:0:0, 1:0:0:0:0, 1:0:1:0:1, 1:0:0:0:0, 1:1:0:0:0, 1:1:0:0:0, 2:2:0:0:0, 3:2:0:0:2, 1:1:0:0:0, 2:1:0:0:0, 3:1:0:0:0, 2:0:0:0:1, 2:0:0:0:1, 1:0:0:0:0, 2:0:0:0:1, 3:1:0:0:1, 2:2:0:0:0, 3:2:0:0:0, 2:2:0:0:0, 3:2:0:0:1, 1:1:0:0:1, 0:0:0:0:0, 2:0:0:0:1, 3:3:1:0:1, 2:3:0:0:0, 1:1:0:0:0, 2:1:0:0:0, 3:1:0:0:0, 3:0:0:0:2, 3:1:0:0:1, 2:0:0:0:1, 2:0:0:0:0, 2:2:0:0:0, 2:2:0:0:0, 2:4:0:0:2, 4:1:1:0:1, 2:2:0:0:1, 3:1:0:0:1, 2:2:1:0:1, 2:3:0:0:2, 2:1:0:0:1, 5:1:0:0:3, 2:1:0:0:1, 5:2:0:0:3, 2:0:0:0:1, 2:1:0:0:1, 1:0:0:0:1, 0:0:0:0:0, 1:0:0:0:0, 1:0:0:0:0, 1:0:0:0:1, 0:0:0:0:0, 2:1:0:0:0, 1:0:0:0:0, 2:2:0:0:0, 2:2:0:0:2, 1:0:0:0:0, 0:0:0:0:0, 2:0:0:0:1, 2:1:0:0:0, 2:1:0:0:0, 2:0:0:0:1, 3:0:0:0:1, 3:1:0:0:1, 2:2:0:0:1, 2:1:0:0:0, 2:2:0:0:0, 2:2:0:0:1, 1:0:0:0:1, 0:0:0:0:0, 2:0:0:0:0, 2:3:0:0:0, 2:3:0:0:1, 1:0:0:0:0, 2:0:0:0:0, 2:3:0:0:0, 1:4:0:0:0, 1:0:0:0:0, 1:0:0:0:0, 2:3:0:0:0, 2:3:0:0:1, 2:4:0:0:1, 1:7:0:0:0, 2:0:0:0:3, 1:0:0:0:1, 1:0:0:0:1, 1:0:0:0:1, 1:0:0:0:1, 1:0:0:0:1, 1:0:0:0:1, 609:323:22:0:208
Bb aeolian (2b), 1:2:0:0:2, 1:0:0:0:0, 1:0:0:0:0, 0:0:0:0:0, 0:0:0:0:0, 1:0:0:0:0, 1:0:0:0:0, 2:0:1:0:0, 2:0:0:0:1, 1:0:0:0:0, 1:1:0:0:1, 1:0:0:0:0, 0:0:0:0:0, 1:0:0:0:0, 2:2:0:0:2, 3:0:0:0:2, 2:0:0:0:0, 1:0:0:0:0, 2:0:0:0:2, 3:0:0:0:1, 3:0:0:0:2, 3:1:0:0:1, 1:0:0:0:1, 1:0:2:0:2, 1:0:1:0:1, 1:0:0:0:0, 2:0:0:0:0, 1:0:1:0:1, 1:0:0:0:0, 2:0:1:0:0, 0:0:0:0:0, 0:0:0:0:0, 1:0:0:0:0, 1:0:0:0:1, 1:0:0:0:1, 2:1:0:0:1, 2:0:0:0:0, 1:0:0:0:1, 1:0:0:0:0, 1:0:0:0:0, 1:0:0:0:0, 2:0:1:0:1, 4:0:0:0:1, 2:0:0:0:3, 0:0:0:0:0, 0:0:0:0:0, 0:0:0:0:0, 1:0:0:0:0, 2:0:0:0:1, 2:0:0:0:1, 0:0:0:0:0, 1:0:0:0:0, 1:0:0:0:1, 2:0:0:0:1, 0:0:0:0:0, 0:0:0:0:0, 1:0:0:0:0, 3:0:0:0:1, 2:0:0:0:1, 2:0:0:0:0, 2:0:0:0:0, 1:0:0:0:0, 2:0:1:0:0, 3:0:0:0:0, 3:0:0:0:1, 3:0:0:0:0, 3:0:0:0:2, 3:0:0:0:1, 2:0:0:0:2, 3:1:0:0:1, 1:0:0:0:1, 2:0:2:0:2, 2:0:0:0:0, 1:0:0:0:0, 2:0:0:0:0, 0:0:0:0:0, 1:0:0:0:1, 0:0:0:0:0, 1:0:0:0:0, 1:0:0:0:0, 1:2:0:0:2, 1:0:0:0:0, 0:0:0:0:0, 0:0:0:0:0, 1:0:0:0:0, 1:0:0:0:1, 1:0:0:0:0, 0:0:0:0:0, 2:0:0:0:1, 1:0:0:0:0, 3:0:0:0:2, 3:0:0:0:2, 0:0:0:0:0, 0:0:0:0:0, 0:0:0:0:0, 1:0:0:0:0, 0:0:0:0:0, 0:0:0:0:0, 1:0:0:0:0, 1:1:0:0:1, 1:0:0:0:0, 1:0:0:0:1, 1:0:0:0:0, 1:1:0:0:1, 1:0:0:0:0, 2:0:1:0:0, 1:0:0:0:0, 2:0:0:0:0, 1:0:0:0:0, 1:0:0:0:0, 2:1:0:0:1, 3:0:0:0:1, 3:0:0:0:1, 3:0:0:0:0, 3:1:0:0:3, 3:0:0:0:1, 2:1:0:0:3, 3:1:0:0:1, 2:1:0:0:2, 2:0:0:0:1, 1:0:0:0:0, 2:0:0:0:0, 0:0:0:0:0, 0:0:0:0:0, 0:0:0:0:0, 0:0:0:0:0, 0:0:0:0:0, 2:0:0:0:2, 2:0:0:0:1, 2:0:0:0:1, 0:0:0:0:0, 2:0:0:0:1, 1:0:0:0:1, 2:0:0:0:1, 1:0:0:0:0, 0:0:0:0:0, 2:0:0:0:1, 2:0:0:0:0, 3:0:0:0:2, 4:0:0:0:2, 0:0:0:0:0, 1:0:2:0:0, 0:0:0:0:0, 2:1:0:0:2, 1:1:0:0:1, 2:0:0:0:0, 0:0:0:0:0, 2:0:0:0:2, 0:0:0:0:0, 2:0:0:0:1, 1:0:0:0:0, 1:0:0:0:0, 0:0:0:0:0, 2:0:1:0:0, 1:0:0:0:1, 1:0:1:0:0, 1:0:0:0:0, 1:0:0:0:0, 2:0:1:0:0, 3:0:0:0:0, 3:0:0:0:1, 3:0:0:0:0, 3:0:0:0:3, 1:0:0:0:1, 2:0:0:0:2, 3:0:0:0:1, 2:0:0:0:1, 2:1:0:0:2, 2:1:0:0:1, 1:0:0:0:0, 0:0:0:0:0, 0:0:0:0:0, 1:0:0:0:0, 0:0:0:0:0, 0:0:0:0:0, 0:0:0:0:0, 1:0:0:0:0, 1:0:0:0:1, 0:0:0:0:0, 0:0:0:0:0, 1:0:0:0:1, 1:0:0:0:1, 1:0:0:0:0, 1:0:0:0:0, 2:0:0:0:1, 1:0:0:0:0, 3:0:0:0:2, 3:0:0:0:2, 1:0:0:0:0, 1:0:1:0:0, 0:0:0:0:0, 2:0:0:0:0, 1:1:0:0:1, 2:0:0:0:0, 0:0:0:0:0, 2:0:0:0:2, 0:0:0:0:0, 2:0:0:0:1, 1:0:0:0:0, 1:0:0:0:0, 0:0:0:0:0, 2:0:1:0:0, 1:0:0:0:1, 1:0:1:0:0, 1:0:0:0:0, 2:0:0:0:1, 2:0:1:0:0, 3:0:0:0:0, 3:0:0:0:1, 3:0:0:0:0, 3:0:0:0:4, 3:0:0:0:1, 2:0:0:0:2, 3:0:0:0:1, 2:0:0:0:1, 2:1:0:0:2, 2:1:0:0:1, 1:0:0:0:0, 0:0:0:0:0, 0:0:0:0:0, 2:0:0:0:0, 0:0:0:0:0, 0:0:0:0:0, 0:0:0:0:0, 1:0:0:0:0, 1:0:0:0:1, 0:0:0:0:0, 0:0:0:0:0, 1:0:0:0:1, 2:0:0:0:1, 1:0:0:0:0, 1:0:0:0:0, 2:0:0:0:1, 1:0:0:0:0, 2:0:0:0:2, 3:0:0:0:2, 1:0:0:0:0, 1:0:1:0:0, 0:0:0:0:0, 1:1:0:0:1, 0:0:0:0:0, 0:0:0:0:0, 0:0:0:0:0, 1:0:0:0:0, 2:0:0:0:1, 1:0:0:0:1, 1:0:0:0:0, 0:0:0:0:0, 2:0:0:0:0, 2:0:0:0:0, 1:0:0:0:0, 0:0:0:0:0, 1:0:0:0:0, 3:0:1:0:0, 3:1:0:0:2, 3:0:0:0:0, 3:0:0:0:1, 4:0:0:0:0, 3:0:0:0:3, 3:0:0:0:1, 2:1:0:0:3, 3:0:0:0:1, 1:0:0:0:1, 2:0:0:0:1, 2:0:1:0:0, 0:0:0:0:0, 1:0:0:0:0, 2:0:0:0:0, 1:1:0:0:1, 0:0:0:0:0, 2:1:0:0:1, 0:0:0:0:0, 1:0:0:0:1, 0:0:0:0:0, 1:0:0:0:0, 1:0:0:0:1, 1:0:0:0:0, 2:0:0:0:1, 1:0:0:0:0, 1:0:0:0:0, 2:1:0:0:1, 1:0:0:0:0, 3:1:0:0:4, 3:0:0:0:2, 1:1:0:0:1, 0:0:0:0:0, 0:0:0:0:0, 1:0:0:0:0, 1:1:0:0:1, 0:0:0:0:0, 1:0:0:0:0, 1:0:0:0:0, 1:0:0:0:1, 0:0:0:0:0, 0:0:0:0:0, 0:0:0:0:0, 0:0:0:0:0, 0:0:0:0:0, 0:0:0:0:0, 0:0:0:0:0, 0:0:0:0:0, 0:0:0:0:0, 0:0:0:0:0, 0:0:0:0:0, 397:33:23:0:167
D aeolian (2#), 2:0:0:0:0, 3:1:0:0:0, 3:1:0:0:0, 2:0:0:0:1, 2:0:0:0:1, 3:1:0:0:1, 2:2:0:0:1, 3:3:1:0:1, 2:2:0:0:0, 3:2:0:0:0, 3:1:1:0:2, 2:3:0:0:0, 2:2:0:0:1, 3:3:0:0:3, 1:1:0:0:1, 3:1:0:0:1, 3:2:0:0:2, 1:2:0:0:2, 1:0:2:0:2, 2:2:0:0:1, 2:0:0:0:0, 2:0:0:0:1, 2:0:0:0:1, 2:0:0:0:1, 2:0:0:0:1, 0:0:0:0:0, 1:0:0:0:0, 1:1:0:0:0, 2:2:0:0:1, 4:1:0:0:1, 0:0:0:0:0, 2:1:0:0:0, 3:1:0:0:0, 1:0:0:0:0, 1:0:0:0:0, 4:0:0:0:1, 2:0:0:0:0, 2:0:0:0:0, 2:2:0:0:0, 3:1:0:0:0, 1:2:0:0:0, 3:3:1:0:2, 2:0:0:0:1, 1:0:0:0:1, 3:1:0:0:0, 2:3:0:0:0, 2:3:0:0:0, 2:2:0:0:1, 2:0:0:0:1, 2:1:0:0:1, 2:0:0:0:1, 3:0:0:0:1, 2:0:0:0:1, 3:1:0:0:1, 3:2:0:0:1, 2:2:0:0:0, 2:1:0:0:0, 2:1:0:0:0, 4:1:0:0:1, 2:1:1:0:1, 4:3:1:0:2, 3:3:0:0:4, 2:2:0:0:1, 4:1:0:0:2, 2:1:0:0:1, 4:2:0:0:3, 0:0:0:0:0, 1:0:2:0:2, 1:0:0:0:0, 3:0:0:0:1, 1:0:0:0:0, 1:0:0:0:1, 2:0:0:0:0, 1:1:0:0:0, 3:1:0:0:0, 1:1:0:0:0, 2:3:0:0:0, 2:2:0:0:2, 1:0:0:0:0, 1:1:0:0:1, 2:0:0:0:0, 3:1:0:0:0, 3:1:0:0:0, 2:1:0:0:0, 2:0:0:0:1, 2:0:0:0:0, 2:2:0:0:0, 2:2:0:0:0, 2:2:0:0:0, 3:2:0:0:1, 0:0:0:0:0, 0:0:0:0:0, 3:1:0:0:0, 2:3:0:0:0, 3:3:0:0:0, 2:3:0:0:1, 2:1:0:0:0, 3:1:0:0:0, 3:0:0:0:1, 3:0:0:0:0, 2:1:0:0:0, 1:0:0:0:0, 1:2:0:0:0, 3:1:1:0:1, 1:3:0:0:0, 4:1:0:0:1, 3:1:0:0:1, 2:1:1:0:1, 3:2:0:0:1, 2:5:0:0:4, 2:1:1:0:2, 4:1:0:0:2, 3:1:0:0:1, 5:3:0:0:4, 0:0:0:0:0, 2:0:1:0:1, 1:0:0:0:1, 1:0:0:0:0, 1:0:0:0:0, 2:0:0:0:0, 1:0:0:0:1, 2:1:0:0:0, 1:1:0:0:0, 1:0:0:0:1, 3:2:0:0:0, 3:1:0:0:2, 1:0:0:0:0, 1:1:0:0:1, 2:0:0:0:1, 2:1:0:0:1, 2:1:0:0:0, 2:0:0:0:0, 2:0:0:0:1, 3:1:0:0:1, 2:3:1:0:1, 3:2:0:0:0, 2:2:0:0:0, 2:1:0:0:2, 2:0:0:0:2, 2:0:0:0:1, 3:0:0:0:1, 3:4:2:0:2, 2:2:0:0:0, 1:1:0:0:0, 2:0:0:0:0, 4:1:0:0:0, 2:1:0:0:0, 2:0:0:0:0, 2:0:0:0:1, 2:1:0:0:1, 1:2:0:0:0, 2:2:0:0:0, 1:3:0:0:0, 3:1:0:0:1, 3:1:0:0:1, 3:1:0:0:1, 3:2:0:0:1, 3:3:0:0:4, 2:2:0:0:1, 4:1:0:0:2, 2:1:0:0:1, 4:2:0:0:3, 2:0:0:0:1, 1:0:0:0:0, 0:0:0:0:0, 2:0:0:0:0, 1:0:0:0:0, 1:0:0:0:0, 1:0:1:0:1, 1:0:0:0:0, 1:1:0:0:0, 1:1:0:0:0, 1:2:0:0:0, 3:2:0:0:2, 0:0:0:0:0, 2:1:0:0:0, 3:1:0:0:0, 2:0:0:0:1, 2:0:0:0:1, 1:0:0:0:0, 2:0:0:0:1, 2:0:0:0:0, 2:2:0:0:0, 3:2:0:0:0, 2:2:0:0:0, 3:2:0:0:1, 1:0:0:0:0, 0:0:0:0:0, 2:0:0:0:1, 3:3:1:0:1, 2:3:0:0:0, 2:2:0:0:1, 3:0:0:0:1, 4:1:0:0:0, 2:1:0:0:0, 2:0:0:0:0, 2:0:0:0:1, 2:1:0:0:1, 1:2:0:0:0, 2:2:0:0:0, 1:3:0:0:0, 3:1:0:0:1, 3:1:0:0:1, 3:1:0:0:1, 3:2:0:0:1, 2:2:0:0:4, 2:2:0:0:1, 4:1:0:0:2, 2:2:0:0:2, 4:2:0:0:3, 2:0:0:0:1, 2:1:0:0:1, 0:0:0:0:0, 1:0:0:0:0, 1:0:0:0:0, 1:0:0:0:0, 1:0:1:0:1, 1:0:0:0:0, 1:1:0:0:0, 1:1:0:0:0, 2:2:0:0:0, 3:2:0:0:2, 1:1:0:0:0, 2:1:0:0:0, 3:1:0:0:0, 2:0:0:0:1, 2:0:0:0:1, 1:0:0:0:0, 2:0:0:0:1, 3:1:0:0:1, 2:2:0:0:0, 3:2:0:0:0, 2:2:0:0:0, 3:2:0:0:1, 1:1:0:0:1, 0:0:0:0:0, 2:0:0:0:1, 3:3:1:0:1, 2:3:0:0:0, 1:1:0:0:0, 2:1:0:0:0, 3:1:0:0:0, 3:0:0:0:2, 3:1:0:0:1, 2:0:0:0:1, 2:0:0:0:0, 2:2:0:0:0, 2:2:0:0:0, 2:4:0:0:2, 4:1:1:0:1, 2:2:0:0:1, 3:1:0:0:1, 2:2:1:0:1, 2:3:0:0:2, 2:1:0:0:1, 5:1:0:0:3, 2:1:0:0:1, 5:2:0:0:3, 2:0:0:0:1, 2:1:0:0:1, 1:0:0:0:1, 0:0:0:0:0, 1:0:0:0:0, 1:0:0:0:0, 1:0:0:0:1, 0:0:0:0:0, 2:1:0:0:0, 1:0:0:0:0, 2:2:0:0:0, 2:2:0:0:2, 1:0:0:0:0, 0:0:0:0:0, 2:0:0:0:1, 2:1:0:0:0, 2:1:0:0:0, 2:0:0:0:1, 3:0:0:0:1, 3:1:0:0:1, 2:2:0:0:1, 2:1:0:0:0, 2:2:0:0:0, 2:2:0:0:1, 1:0:0:0:1, 0:0:0:0:0, 2:0:0:0:0, 2:3:0:0:0, 2:3:0:0:1, 1:0:0:0:0, 2:0:0:0:0, 2:3:0:0:0, 1:4:0:0:0, 1:0:0:0:0, 1:0:0:0:0, 2:3:0:0:0, 2:3:0:0:1, 2:4:0:0:1, 1:7:0:0:0, 2:0:0:0:3, 1:0:0:0:1, 1:0:0:0:1, 1:0:0:0:1, 1:0:0:0:1, 1:0:0:0:1, 1:0:0:0:1, 609:323:22:0:208
Bb locrian (2b), 1:2:0:0:2, 1:0:0:0:0, 1:0:0:0:0, 0:0:0:0:0, 0:0:0:0:0, 1:0:0:0:0, 1:0:0:0:0, 2:0:1:0:0, 2:0:0:0:1, 1:0:0:0:0, 1:1:0:0:1, 1:0:0:0:0, 0:0:0:0:0, 1:0:0:0:0, 2:2:0:0:2, 3:0:0:0:2, 2:0:0:0:0, 1:0:0:0:0, 2:0:0:0:2, 3:0:0:0:1, 3:0:0:0:2, 3:1:0:0:1, 1:0:0:0:1, 1:0:2:0:2, 1:0:1:0:1, 1:0:0:0:0, 2:0:0:0:0, 1:0:1:0:1, 1:0:0:0:0, 2:0:1:0:0, 0:0:0:0:0, 0:0:0:0:0, 1:0:0:0:0, 1:0:0:0:1, 1:0:0:0:1, 2:1:0:0:1, 2:0:0:0:0, 1:0:0:0:1, 1:0:0:0:0, 1:0:0:0:0, 1:0:0:0:0, 2:0:1:0:1, 4:0:0:0:1, 2:0:0:0:3, 0:0:0:0:0, 0:0:0:0:0, 0:0:0:0:0, 1:0:0:0:0, 2:0:0:0:1, 2:0:0:0:1, 0:0:0:0:0, 1:0:0:0:0, 1:0:0:0:1, 2:0:0:0:1, 0:0:0:0:0, 0:0:0:0:0, 1:0:0:0:0, 3:0:0:0:1, 2:0:0:0:1, 2:0:0:0:0, 2:0:0:0:0, 1:0:0:0:0, 2:0:1:0:0, 3:0:0:0:0, 3:0:0:0:1, 3:0:0:0:0, 3:0:0:0:2, 3:0:0:0:1, 2:0:0:0:2, 3:1:0:0:1, 1:0:0:0:1, 2:0:2:0:2, 2:0:0:0:0, 1:0:0:0:0, 2:0:0:0:0, 0:0:0:0:0, 1:0:0:0:1, 0:0:0:0:0, 1:0:0:0:0, 1:0:0:0:0, 1:2:0:0:2, 1:0:0:0:0, 0:0:0:0:0, 0:0:0:0:0, 1:0:0:0:0, 1:0:0:0:1, 1:0:0:0:0, 0:0:0:0:0, 2:0:0:0:1, 1:0:0:0:0, 3:0:0:0:2, 3:0:0:0:2, 0:0:0:0:0, 0:0:0:0:0, 0:0:0:0:0, 1:0:0:0:0, 0:0:0:0:0, 0:0:0:0:0, 1:0:0:0:0, 1:1:0:0:1, 1:0:0:0:0, 1:0:0:0:1, 1:0:0:0:0, 1:1:0:0:1, 1:0:0:0:0, 2:0:1:0:0, 1:0:0:0:0, 2:0:0:0:0, 1:0:0:0:0, 1:0:0:0:0, 2:1:0:0:1, 3:0:0:0:1, 3:0:0:0:1, 3:0:0:0:0, 3:1:0:0:3, 3:0:0:0:1, 2:1:0:0:3, 3:1:0:0:1, 2:1:0:0:2, 2:0:0:0:1, 1:0:0:0:0, 2:0:0:0:0, 0:0:0:0:0, 0:0:0:0:0, 0:0:0:0:0, 0:0:0:0:0, 0:0:0:0:0, 2:0:0:0:2, 2:0:0:0:1, 2:0:0:0:1, 0:0:0:0:0, 2:0:0:0:1, 1:0:0:0:1, 2:0:0:0:1, 1:0:0:0:0, 0:0:0:0:0, 2:0:0:0:1, 2:0:0:0:0, 3:0:0:0:2, 4:0:0:0:2, 0:0:0:0:0, 1:0:2:0:0, 0:0:0:0:0, 2:1:0:0:2, 1:1:0:0:1, 2:0:0:0:0, 0:0:0:0:0, 2:0:0:0:2, 0:0:0:0:0, 2:0:0:0:1, 1:0:0:0:0, 1:0:0:0:0, 0:0:0:0:0, 2:0:1:0:0, 1:0:0:0:1, 1:0:1:0:0, 1:0:0:0:0, 1:0:0:0:0, 2:0:1:0:0, 3:0:0:0:0, 3:0:0:0:1, 3:0:0:0:0, 3:0:0:0:3, 1:0:0:0:1, 2:0:0:0:2, 3:0:0:0:1, 2:0:0:0:1, 2:1:0:0:2, 2:1:0:0:1, 1:0:0:0:0, 0:0:0:0:0, 0:0:0:0:0, 1:0:0:0:0, 0:0:0:0:0, 0:0:0:0:0, 0:0:0:0:0, 1:0:0:0:0, 1:0:0:0:1, 0:0:0:0:0, 0:0:0:0:0, 1:0:0:0:1, 1:0:0:0:1, 1:0:0:0:0, 1:0:0:0:0, 2:0:0:0:1, 1:0:0:0:0, 3:0:0:0:2, 3:0:0:0:2, 1:0:0:0:0, 1:0:1:0:0, 0:0:0:0:0, 2:0:0:0:0, 1:1:0:0:1, 2:0:0:0:0, 0:0:0:0:0, 2:0:0:0:2, 0:0:0:0:0, 2:0:0:0:1, 1:0:0:0:0, 1:0:0:0:0, 0:0:0:0:0, 2:0:1:0:0, 1:0:0:0:1, 1:0:1:0:0, 1:0:0:0:0, 2:0:0:0:1, 2:0:1:0:0, 3:0:0:0:0, 3:0:0:0:1, 3:0:0:0:0, 3:0:0:0:4, 3:0:0:0:1, 2:0:0:0:2, 3:0:0:0:1, 2:0:0:0:1, 2:1:0:0:2, 2:1:0:0:1, 1:0:0:0:0, 0:0:0:0:0, 0:0:0:0:0, 2:0:0:0:0, 0:0:0:0:0, 0:0:0:0:0, 0:0:0:0:0, 1:0:0:0:0, 1:0:0:0:1, 0:0:0:0:0, 0:0:0:0:0, 1:0:0:0:1, 2:0:0:0:1, 1:0:0:0:0, 1:0:0:0:0, 2:0:0:0:1, 1:0:0:0:0, 2:0:0:0:2, 3:0:0:0:2, 1:0:0:0:0, 1:0:1:0:0, 0:0:0:0:0, 1:1:0:0:1, 0:0:0:0:0, 0:0:0:0:0, 0:0:0:0:0, 1:0:0:0:0, 2:0:0:0:1, 1:0:0:0:1, 1:0:0:0:0, 0:0:0:0:0, 2:0:0:0:0, 2:0:0:0:0, 1:0:0:0:0, 0:0:0:0:0, 1:0:0:0:0, 3:0:1:0:0, 3:1:0:0:2, 3:0:0:0:0, 3:0:0:0:1, 4:0:0:0:0, 3:0:0:0:3, 3:0:0:0:1, 2:1:0:0:3, 3:0:0:0:1, 1:0:0:0:1, 2:0:0:0:1, 2:0:1:0:0, 0:0:0:0:0, 1:0:0:0:0, 2:0:0:0:0, 1:1:0:0:1, 0:0:0:0:0, 2:1:0:0:1, 0:0:0:0:0, 1:0:0:0:1, 0:0:0:0:0, 1:0:0:0:0, 1:0:0:0:1, 1:0:0:0:0, 2:0:0:0:1, 1:0:0:0:0, 1:0:0:0:0, 2:1:0:0:1, 1:0:0:0:0, 3:1:0:0:4, 3:0:0:0:2, 1:1:0:0:1, 0:0:0:0:0, 0:0:0:0:0, 1:0:0:0:0, 1:1:0:0:1, 0:0:0:0:0, 1:0:0:0:0, 1:0:0:0:0, 1:0:0:0:1, 0:0:0:0:0, 0:0:0:0:0, 0:0:0:0:0, 0:0:0:0:0, 0:0:0:0:0, 0:0:0:0:0, 0:0:0:0:0, 0:0:0:0:0, 0:0:0:0:0, 0:0:0:0:0, 0:0:0:0:0, 397:33:23:0:167
D locrian (2#), 2:0:0:0:0, 3:1:0:0:0, 3:1:0:0:0, 2:0:0:0:1, 2:0:0:0:1, 3:1:0:0:1, 2:2:0:0:1, 3:3:1:0:1, 2:2:0:0:0, 3:2:0:0:0, 3:1:1:0:2, 2:3:0:0:0, 2:2:0:0:1, 3:3:0:0:3, 1:1:0:0:1, 3:1:0:0:1, 3:2:0:0:2, 1:2:0:0:2, 1:0:2:0:2, 2:2:0:0:1, 2:0:0:0:0, 2:0:0:0:1, 2:0:0:0:1, 2:0:0:0:1, 2:0:0:0:1, 0:0:0:0:0, 1:0:0:0:0, 1:1:0:0:0, 2:2:0:0:1, 4:1:0:0:1, 0:0:0:0:0, 2:1:0:0:0, 3:1:0:0:0, 1:0:0:0:0, 1:0:0:0:0, 4:0:0:0:1, 2:0:0:0:0, 2:0:0:0:0, 2:2:0:0:0, 3:1:0:0:0, 1:2:0:0:0, 3:3:1:0:2, 2:0:0:0:1, 1:0:0:0:1, 3:1:0:0:0, 2:3:0:0:0, 2:3:0:0:0, 2:2:0:0:1, 2:0:0:0:1, 2:1:0:0:1, 2:0:0:0:1, 3:0:0:0:1, 2:0:0:0:1, 3:1:0:0:1, 3:2:0:0:1, 2:2:0:0:0, 2:1:0:0:0, 2:1:0:0:0, 4:1:0:0:1, 2:1:1:0:1, 4:3:1:0:2, 3:3:0:0:4, 2:2:0:0:1, 4:1:0:0:2, 2:1:0:0:1, 4:2:0:0:3, 0:0:0:0:0, 1:0:2:0:2, 1:0:0:0:0, 3:0:0:0:1, 1:0:0:0:0, 1:0:0:0:1, 2:0:0:0:0, 1:1:0:0:0, 3:1:0:0:0, 1:1:0:0:0, 2:3:0:0:0, 2:2:0:0:2, 1:0:0:0:0, 1:1:0:0:1, 2:0:0:0:0, 3:1:0:0:0, 3:1:0:0:0, 2:1:0:0:0, 2:0:0:0:1, 2:0:0:0:0, 2:2:0:0:0, 2:2:0:0:0, 2:2:0:0:0, 3:2:0:0:1, 0:0:0:0:0, 0:0:0:0:0, 3:1:0:0:0, 2:3:0:0:0, 3:3:0:0:0, 2:3:0:0:1, 2:1:0:0:0, 3:1:0:0:0, 3:0:0:0:1, 3:0:0:0:0, 2:1:0:0:0, 1:0:0:0:0, 1:2:0:0:0, 3:1:1:0:1, 1:3:0:0:0, 4:1:0:0:1, 3:1:0:0:1, 2:1:1:0:1, 3:2:0:0:1, 2:5:0:0:4, 2:1:1:0:2, 4:1:0:0:2, 3:1:0:0:1, 5:3:0:0:4, 0:0:0:0:0, 2:0:1:0:1, 1:0:0:0:1, 1:0:0:0:0, 1:0:0:0:0, 2:0:0:0:0, 1:0:0:0:1, 2:1:0:0:0, 1:1:0:0:0, 1:0:0:0:1, 3:2:0:0:0, 3:1:0:0:2, 1:0:0:0:0, 1:1:0:0:1, 2:0:0:0:1, 2:1:0:0:1, 2:1:0:0:0, 2:0:0:0:0, 2:0:0:0:1, 3:1:0:0:1, 2:3:1:0:1, 3:2:0:0:0, 2:2:0:0:0, 2:1:0:0:2, 2:0:0:0:2, 2:0:0:0:1, 3:0:0:0:1, 3:4:2:0:2, 2:2:0:0:0, 1:1:0:0:0, 2:0:0:0:0, 4:1:0:0:0, 2:1:0:0:0, 2:0:0:0:0, 2:0:0:0:1, 2:1:0:0:1, 1:2:0:0:0, 2:2:0:0:0, 1:3:0:0:0, 3:1:0:0:1, 3:1:0:0:1, 3:1:0:0:1, 3:2:0:0:1, 3:3:0:0:4, 2:2:0:0:1, 4:1:0:0:2, 2:1:0:0:1, 4:2:0:0:3, 2:0:0:0:1, 1:0:0:0:0, 0:0:0:0:0, 2:0:0:0:0, 1:0:0:0:0, 1:0:0:0:0, 1:0:1:0:1, 1:0:0:0:0, 1:1:0:0:0, 1:1:0:0:0, 1:2:0:0:0, 3:2:0:0:2, 0:0:0:0:0, 2:1:0:0:0, 3:1:0:0:0, 2:0:0:0:1, 2:0:0:0:1, 1:0:0:0:0, 2:0:0:0:1, 2:0:0:0:0, 2:2:0:0:0, 3:2:0:0:0, 2:2:0:0:0, 3:2:0:0:1, 1:0:0:0:0, 0:0:0:0:0, 2:0:0:0:1, 3:3:1:0:1, 2:3:0:0:0, 2:2:0:0:1, 3:0:0:0:1, 4:1:0:0:0, 2:1:0:0:0, 2:0:0:0:0, 2:0:0:0:1, 2:1:0:0:1, 1:2:0:0:0, 2:2:0:0:0, 1:3:0:0:0, 3:1:0:0:1, 3:1:0:0:1, 3:1:0:0:1, 3:2:0:0:1, 2:2:0:0:4, 2:2:0:0:1, 4:1:0:0:2, 2:2:0:0:2, 4:2:0:0:3, 2:0:0:0:1, 2:1:0:0:1, 0:0:0:0:0, 1:0:0:0:0, 1:0:0:0:0, 1:0:0:0:0, 1:0:1:0:1, 1:0:0:0:0, 1:1:0:0:0, 1:1:0:0:0, 2:2:0:0:0, 3:2:0:0:2, 1:1:0:0:0, 2:1:0:0:0, 3:1:0:0:0, 2:0:0:0:1, 2:0:0:0:1, 1:0:0:0:0, 2:0:0:0:1, 3:1:0:0:1, 2:2:0:0:0, 3:2:0:0:0, 2:2:0:0:0, 3:2:0:0:1, 1:1:0:0:1, 0:0:0:0:0, 2:0:0:0:1, 3:3:1:0:1, 2:3:0:0:0, 1:1:0:0:0, 2:1:0:0:0, 3:1:0:0:0, 3:0:0:0:2, 3:1:0:0:1, 2:0:0:0:1, 2:0:0:0:0, 2:2:0:0:0, 2:2:0:0:0, 2:4:0:0:2, 4:1:1:0:1, 2:2:0:0:1, 3:1:0:0:1, 2:2:1:0:1, 2:3:0:0:2, 2:1:0:0:1, 5:1:0:0:3, 2:1:0:0:1, 5:2:0:0:3, 2:0:0:0:1, 2:1:0:0:1, 1:0:0:0:1, 0:0:0:0:0, 1:0:0:0:0, 1:0:0:0:0, 1:0:0:0:1, 0:0:0:0:0, 2:1:0:0:0, 1:0:0:0:0, 2:2:0:0:0, 2:2:0:0:2, 1:0:0:0:0, 0:0:0:0:0, 2:0:0:0:1, 2:1:0:0:0, 2:1:0:0:0, 2:0:0:0:1, 3:0:0:0:1, 3:1:0:0:1, 2:2:0:0:1, 2:1:0:0:0, 2:2:0:0:0, 2:2:0:0:1, 1:0:0:0:1, 0:0:0:0:0, 2:0:0:0:0, 2:3:0:0:0, 2:3:0:0:1, 1:0:0:0:0, 2:0:0:0:0, 2:3:0:0:0, 1:4:0:0:0, 1:0:0:0:0, 1:0:0:0:0, 2:3:0:0:0, 2:3:0:0:1, 2:4:0:0:1, 1:7:0:0:0, 2:0:0:0:3, 1:0:0:0:1, 1:0:0:0:1, 1:0:0:0:1, 1:0:0:0:1, 1:0:0:0:1, 1:0:0:0:1, 609:323:22:0:208
Eb major (3b), 1:2:0:0:2, 2:0:0:0:0, 1:0:0:0:0, 1:0:0:0:0, 0:0:0:0:0, 2:0:0:0:0, 1:0:0:0:1, 2:0:1:0:1, 2:0:0:0:1, 2:0:0:0:0, 1:1:0:0:1, 2:0:0:0:0, 0:0:0:0:0, 0:0:0:0:0, 2:2:0:0:2, 2:0:0:0:2, 1:0:0:0:0, 1:0:0:0:0, 2:0:0:0:2, 4:0:0:0:1, 3:0:0:0:2, 2:1:0:0:4, 2:0:0:0:1, 2:0:2:0:0, 2:0:1:0:0, 2:0:0:0:0, 2:0:0:0:0, 2:0:1:0:0, 2:0:0:0:0, 1:0:1:0:0, 1:0:0:0:0, 0:0:0:0:0, 2:0:0:0:0, 1:0:0:0:1, 1:0:0:0:1, 2:0:0:0:0, 1:0:0:0:0, 1:0:0:0:1, 1:0:0:0:1, 0:0:0:0:0, 2:0:0:0:0, 2:0:1:0:0, 3:0:0:0:1, 2:0:0:0:3, 0:0:0:0:0, 0:0:0:0:0, 1:0:0:0:0, 0:0:0:0:0, 2:0:0:0:1, 3:0:0:0:1, 0:0:0:0:0, 1:0:0:0:0, 1:0:0:0:1, 2:0:0:0:1, 0:0:0:0:0, 1:0:0:0:0, 1:0:0:0:2, 2:0:0:0:1, 2:0:0:0:1, 2:0:0:0:0, 2:0:0:0:1, 0:0:0:0:0, 3:0:1:0:0, 2:0:0:0:0, 2:0:0:0:1, 2:0:0:0:0, 3:0:0:0:3, 3:0:0:0:1, 3:0:0:0:2, 2:1:0:0:4, 2:0:0:0:1, 3:0:2:0:0, 3:0:0:0:0, 1:0:0:0:0, 2:0:0:2:2, 1:0:0:0:0, 1:0:0:0:1, 0:0:0:0:0, 2:0:0:0:1, 0:0:0:0:0, 1:2:0:0:2, 2:0:0:0:0, 0:0:0:0:0, 1:0:0:0:0, 1:0:0:0:1, 2:0:0:0:1, 1:0:0:0:1, 1:0:0:0:0, 2:0:0:0:1, 1:0:0:0:0, 3:0:0:0:2, 3:0:0:0:2, 0:0:0:0:0, 0:0:0:0:0, 1:0:0:0:0, 0:0:0:0:0, 0:0:0:0:0, 0:0:0:0:0, 1:0:0:0:0, 1:1:0:0:1, 1:0:0:0:0, 1:0:0:0:1, 1:0:0:0:1, 1:1:0:0:1, 1:0:0:0:0, 1:0:1:0:0, 2:0:0:0:0, 2:0:0:0:0, 1:0:0:0:0, 0:0:0:0:0, 2:1:0:0:1, 2:0:0:0:1, 2:0:0:0:1, 3:0:0:0:0, 3:1:0:0:3, 3:0:0:0:1, 2:1:0:0:3, 2:1:0:0:4, 3:1:0:0:2, 3:0:0:0:1, 2:0:0:0:0, 3:0:0:0:1, 1:0:0:0:0, 0:0:0:0:0, 0:0:0:0:0, 0:0:0:0:0, 1:0:0:0:0, 1:0:0:0:2, 2:0:0:0:1, 3:0:0:0:1, 1:0:0:0:0, 2:0:0:0:1, 1:0:0:0:1, 2:0:0:0:1, 1:0:0:0:0, 0:0:0:0:0, 2:0:0:0:1, 2:0:0:0:0, 3:0:0:0:2, 3:0:0:0:2, 0:0:0:0:0, 1:0:2:0:0, 0:0:0:0:0, 2:1:0:0:2, 1:1:0:0:1, 3:0:0:0:0, 0:0:0:0:0, 1:0:0:0:2, 0:0:0:0:0, 2:0:0:0:1, 1:0:0:0:0, 1:0:0:0:2, 0:0:0:0:0, 2:0:1:0:0, 2:0:0:0:1, 1:0:1:0:0, 1:0:0:0:0, 0:0:0:0:0, 3:0:1:0:0, 2:0:0:0:0, 4:0:0:0:1, 2:0:0:0:0, 3:1:0:0:4, 2:0:0:0:1, 3:0:0:0:2, 2:0:0:0:3, 3:0:0:0:2, 3:1:0:0:2, 3:1:0:0:2, 2:0:0:0:1, 1:0:0:0:0, 1:0:0:0:0, 1:0:0:0:0, 0:0:0:0:0, 1:0:0:0:0, 0:0:0:0:0, 2:0:0:0:0, 2:0:0:0:1, 1:0:0:0:0, 1:0:0:0:0, 1:0:0:0:1, 1:0:0:0:1, 1:0:0:0:1, 0:0:0:0:0, 2:0:0:0:1, 1:0:0:0:0, 4:0:0:0:2, 3:0:0:0:2, 1:0:0:0:1, 1:0:1:0:0, 0:0:0:0:0, 1:0:0:0:0, 1:1:0:0:1, 3:0:0:0:0, 0:0:0:0:0, 1:0:0:0:2, 0:0:0:0:0, 2:0:0:0:1, 1:0:0:0:0, 1:0:0:0:2, 0:0:0:0:0, 2:0:1:0:0, 2:0:0:0:1, 1:0:1:0:0, 1:0:0:0:0, 1:0:0:0:1, 3:0:1:0:0, 2:0:0:0:0, 2:0:0:0:1, 2:0:0:0:0, 3:1:0:0:5, 2:0:0:0:1, 3:0:0:0:2, 2:0:0:0:4, 3:0:0:0:2, 3:1:0:0:2, 3:1:0:0:2, 2:0:0:0:1, 1:0:0:0:0, 1:0:0:0:0, 1:0:0:0:0, 0:0:0:0:0, 1:0:0:0:0, 0:0:0:0:0, 2:0:0:0:0, 2:0:0:0:1, 1:0:0:0:0, 1:0:0:0:0, 1:0:0:0:1, 2:0:0:0:1, 1:0:0:0:1, 0:0:0:0:0, 2:0:0:0:1, 1:0:0:0:0, 3:0:0:0:2, 3:0:0:0:2, 1:0:0:0:1, 1:0:1:0:0, 0:0:0:0:0, 1:1:0:0:1, 0:0:0:0:0, 0:0:0:0:0, 0:0:0:0:0, 0:0:0:0:0, 2:0:0:0:1, 1:0:0:0:1, 1:0:0:0:1, 1:0:0:0:0, 1:0:0:0:0, 2:0:0:0:1, 1:0:0:0:0, 1:0:0:0:0, 1:0:0:0:0, 2:0:1:0:0, 3:0:0:0:1, 2:0:0:0:0, 2:0:0:0:1, 3:0:0:0:0, 3:1:0:0:4, 2:0:0:0:1, 2:1:0:0:3, 3:0:0:0:4, 2:0:0:0:1, 3:0:0:0:3, 3:0:1:0:1, 1:0:0:0:0, 2:0:0:0:0, 2:0:0:0:1, 1:0:0:0:0, 0:0:0:0:0, 3:1:0:0:1, 1:0:0:0:0, 1:0:0:0:1, 0:0:0:0:0, 2:0:0:0:0, 2:0:0:0:1, 1:0:0:0:0, 2:0:0:0:1, 1:0:0:0:1, 2:0:0:0:1, 2:0:0:0:0, 1:0:0:0:0, 3:1:0:0:4, 4:0:0:0:3, 1:0:0:0:0, 0:0:0:0:0, 0:0:0:0:0, 1:0:0:0:1, 1:0:0:0:0, 0:0:0:0:0, 1:0:0:0:0, 1:0:0:0:0, 2:0:0:0:1, 0:0:0:0:0, 0:0:0:0:0, 0:0:0:0:0, 0:0:0:0:0, 0:0:0:0:0, 0:0:0:0:0, 0:0:0:0:0, 0:0:0:0:0, 0:0:0:0:0, 0:0:0:0:0, 0:0:0:0:0, 437:30:23:2:212
A major (3#), 2:0:0:0:0, 2:1:0:0:0, 4:1:0:0:1, 3:0:0:0:1, 3:0:0:0:0, 3:1:0:0:1, 2:2:0:0:0, 3:3:1:0:1, 2:2:0:0:2, 3:2:0:0:1, 3:1:1:0:3, 2:3:0:0:2, 3:2:0:0:3, 3:2:0:0:3, 2:1:0:0:1, 2:1:0:0:1, 3:1:0:0:1, 1:2:0:0:2, 1:0:2:0:2, 2:1:0:0:0, 2:0:0:0:0, 1:0:0:0:0, 2:0:0:0:0, 2:0:0:0:0, 2:0:0:0:0, 0:0:0:0:0, 2:0:0:0:0, 2:1:0:0:1, 2:2:0:0:3, 3:1:0:0:2, 1:0:0:0:0, 3:1:0:0:1, 2:1:0:0:0, 2:0:0:0:0, 1:0:0:0:0, 3:0:0:0:0, 1:0:0:0:0, 2:0:0:0:0, 2:2:0:0:0, 4:1:0:0:0, 1:2:0:0:2, 3:3:1:0:4, 1:0:0:0:1, 1:0:0:0:0, 3:1:0:0:1, 3:3:0:0:0, 2:3:0:0:3, 2:1:0:0:1, 2:0:0:0:1, 2:0:0:0:0, 3:0:0:0:0, 4:0:0:0:1, 3:0:0:0:0, 3:1:0:0:1, 3:2:0:0:0, 3:2:0:0:0, 2:1:0:0:1, 1:1:0:0:1, 4:1:0:0:2, 2:1:1:0:2, 4:3:1:0:4, 3:1:0:0:1, 2:2:0:0:1, 3:1:0:0:1, 1:1:0:0:1, 4:2:0:0:3, 0:0:0:0:0, 1:0:2:0:2, 1:0:0:0:0, 2:0:0:0:0, 1:0:0:0:0, 1:0:0:0:0, 2:0:0:3:3, 1:1:0:0:1, 4:1:0:0:0, 2:1:0:0:0, 3:3:0:0:3, 2:2:0:0:4, 2:0:0:0:0, 2:1:0:0:1, 2:0:0:0:0, 2:1:0:0:0, 4:1:0:0:1, 3:1:0:0:0, 2:0:0:0:1, 2:0:0:0:0, 2:2:0:0:0, 2:2:0:0:0, 2:2:0:0:2, 3:2:0:0:3, 1:0:0:0:0, 0:0:0:0:0, 3:1:0:0:1, 3:3:0:0:0, 3:3:0:0:2, 2:2:0:0:2, 2:1:0:0:1, 3:1:0:0:1, 4:0:0:0:0, 3:0:0:0:0, 2:1:0:0:1, 2:0:0:0:0, 2:2:0:0:0, 3:1:1:0:1, 1:3:0:0:3, 3:1:0:0:2, 3:1:0:0:2, 2:1:1:0:2, 3:2:0:0:3, 2:2:0:0:2, 3:1:1:0:2, 3:1:0:0:2, 2:1:0:0:1, 5:3:0:0:4, 0:0:0:0:0, 2:0:1:0:1, 1:0:0:0:0, 2:0:0:0:0, 0:0:0:0:0, 1:0:0:0:0, 2:0:0:0:1, 1:1:0:0:0, 2:1:0:0:0, 2:0:0:0:1, 4:2:0:0:2, 3:1:0:0:3, 1:0:0:0:0, 2:1:0:0:1, 2:0:0:0:1, 2:0:0:0:0, 3:1:0:0:1, 3:0:0:0:0, 3:0:0:0:0, 3:1:0:0:1, 3:3:1:0:1, 3:2:0:0:0, 2:2:0:0:2, 2:1:0:0:3, 2:0:0:0:1, 1:0:0:0:1, 4:0:0:0:0, 3:4:2:0:2, 2:2:0:0:2, 2:1:0:0:1, 2:0:0:0:0, 3:1:0:0:0, 3:1:0:0:1, 1:0:0:0:0, 3:0:0:0:0, 2:1:0:0:1, 2:2:0:0:0, 2:2:0:0:0, 1:3:0:0:3, 3:1:0:0:2, 3:1:0:0:2, 3:1:0:0:2, 3:2:0:0:3, 3:1:0:0:2, 2:2:0:0:1, 3:1:0:0:1, 1:1:0:0:1, 4:2:0:0:3, 2:0:0:0:1, 2:0:0:0:0, 0:0:0:0:0, 1:0:0:0:0, 1:0:0:0:0, 0:0:0:0:0, 1:0:1:0:1, 1:0:0:0:0, 2:1:0:0:0, 2:1:0:0:0, 2:2:0:0:2, 3:2:0:0:4, 1:0:0:0:0, 3:1:0:0:1, 2:1:0:0:0, 3:0:0:0:1, 2:0:0:0:0, 2:0:0:0:0, 3:0:0:0:0, 2:0:0:0:0, 2:2:0:0:0, 4:2:0:0:0, 2:2:0:0:2, 3:2:0:0:3, 0:0:0:0:0, 0:0:0:0:0, 3:0:0:0:0, 3:3:1:0:1, 2:3:0:0:3, 2:1:0:0:1, 3:0:0:0:0, 3:1:0:0:0, 3:1:0:0:1, 1:0:0:0:0, 3:0:0:0:0, 2:1:0:0:1, 2:2:0:0:0, 2:2:0:0:0, 1:3:0:0:3, 3:1:0:0:2, 3:1:0:0:2, 3:1:0:0:2, 3:2:0:0:3, 2:1:0:0:1, 2:2:0:0:1, 3:1:0:0:1, 2:1:0:0:1, 4:2:0:0:3, 2:0:0:0:1, 2:0:0:0:0, 0:0:0:0:0, 0:0:0:0:0, 1:0:0:0:0, 0:0:0:0:0, 1:0:1:0:1, 1:0:0:0:0, 2:1:0:0:0, 2:1:0:0:0, 3:2:0:0:2, 3:2:0:0:4, 2:1:0:0:0, 3:1:0:0:1, 2:1:0:0:0, 3:0:0:0:1, 2:0:0:0:0, 2:0:0:0:0, 3:0:0:0:0, 3:1:0:0:1, 2:2:0:0:0, 4:2:0:0:0, 2:2:0:0:2, 3:2:0:0:3, 1:0:0:0:0, 0:0:0:0:0, 3:0:0:0:0, 3:3:1:0:1, 2:3:0:0:3, 2:1:0:0:1, 2:1:0:0:1, 3:1:0:0:1, 4:0:0:0:0, 3:0:0:0:0, 2:0:0:0:0, 2:0:0:0:0, 2:2:0:0:0, 2:2:0:0:0, 3:3:0:0:3, 4:1:1:0:2, 2:2:0:0:3, 3:1:0:0:2, 2:2:1:0:3, 2:1:0:0:2, 3:1:0:0:1, 4:1:0:0:2, 1:1:0:0:1, 5:2:0:0:3, 2:0:0:0:1, 2:0:0:0:0, 1:0:0:0:0, 0:0:0:0:0, 2:0:0:0:0, 1:0:0:0:0, 1:0:0:0:1, 1:0:0:0:0, 3:1:0:0:0, 2:0:0:0:0, 3:2:0:0:2, 2:2:0:0:4, 0:0:0:0:0, 1:0:0:0:0, 2:0:0:0:0, 3:1:0:0:1, 2:1:0:0:0, 3:0:0:0:1, 4:0:0:0:1, 3:1:0:0:1, 3:2:0:0:0, 2:1:0:0:0, 1:2:0:0:2, 2:2:0:0:3, 1:0:0:0:1, 0:0:0:0:0, 3:0:0:0:0, 2:3:0:0:0, 2:3:0:0:4, 1:0:0:0:0, 3:0:0:0:0, 2:3:0:0:0, 1:4:0:0:4, 2:0:0:0:0, 1:0:0:0:0, 2:3:0:0:0, 2:3:0:0:4, 2:4:0:0:5, 1:7:0:0:7, 2:0:0:0:1, 1:0:0:0:0, 1:0:0:0:0, 1:0:0:0:0, 1:0:0:0:0, 1:0:0:0:0, 1:0:0:0:0, 656:299:22:3:293
C minor (3b), 1:2:0:0:2, 2:0:0:0:0, 1:0:0:0:0, 1:0:0:0:0, 0:0:0:0:0, 2:0:0:0:0, 1:0:0:0:1, 2:0:1:0:1, 2:0:0:0:1, 2:0:0:0:0, 1:1:0:0:1, 2:0:0:0:0, 0:0:0:0:0, 0:0:0:0:0, 2:2:0:0:2, 2:0:0:0:2, 1:0:0:0:0, 1:0:0:0:0, 2:0:0:0:2, 4:0:0:0:1, 3:0:0:0:2, 2:1:0:0:4, 2:0:0:0:1, 2:0:2:0:0, 2:0:1:0:0, 2:0:0:0:0, 2:0:0:0:0, 2:0:1:0:0, 2:0:0:0:0, 1:0:1:0:0, 1:0:0:0:0, 0:0:0:0:0, 2:0:0:0:0, 1:0:0:0:1, 1:0:0:0:1, 2:0:0:0:0, 1:0:0:0:0, 1:0:0:0:1, 1:0:0:0:1, 0:0:0:0:0, 2:0:0:0:0, 2:0:1:0:0, 3:0:0:0:1, 2:0:0:0:3, 0:0:0:0:0, 0:0:0:0:0, 1:0:0:0:0, 0:0:0:0:0, 2:0:0:0:1, 3:0:0:0:1, 0:0:0:0:0, 1:0:0:0:0, 1:0:0:0:1, 2:0:0:0:1, 0:0:0:0:0, 1:0:0:0:0, 1:0:0:0:2, 2:0:0:0:1, 2:0:0:0:1, 2:0:0:0:0, 2:0:0:0:1, 0:0:0:0:0, 3:0:1:0:0, 2:0:0:0:0, 2:0:0:0:1, 2:0:0:0:0, 3:0:0:0:3, 3:0:0:0:1, 3:0:0:0:2, 2:1:0:0:4, 2:0:0:0:1, 3:0:2:0:0, 3:0:0:0:0, 1:0:0:0:0, 2:0:0:2:2, 1:0:0:0:0, 1:0:0:0:1, 0:0:0:0:0, 2:0:0:0:1, 0:0:0:0:0, 1:2:0:0:2, 2:0:0:0:0, 0:0:0:0:0, 1:0:0:0:0, 1:0:0:0:1, 2:0:0:0:1, 1:0:0:0:1, 1:0:0:0:0, 2:0:0:0:1, 1:0:0:0:0, 3:0:0:0:2, 3:0:0:0:2, 0:0:0:0:0, 0:0:0:0:0, 1:0:0:0:0, 0:0:0:0:0, 0:0:0:0:0, 0:0:0:0:0, 1:0:0:0:0, 1:1:0:0:1, 1:0:0:0:0, 1:0:0:0:1, 1:0:0:0:1, 1:1:0:0:1, 1:0:0:0:0, 1:0:1:0:0, 2:0:0:0:0, 2:0:0:0:0, 1:0:0:0:0, 0:0:0:0:0, 2:1:0:0:1, 2:0:0:0:1, 2:0:0:0:1, 3:0:0:0:0, 3:1:0:0:3, 3:0:0:0:1, 2:1:0:0:3, 2:1:0:0:4, 3:1:0:0:2, 3:0:0:0:1, 2:0:0:0:0, 3:0:0:0:1, 1:0:0:0:0, 0:0:0:0:0, 0:0:0:0:0, 0:0:0:0:0, 1:0:0:0:0, 1:0:0:0:2, 2:0:0:0:1, 3:0:0:0:1, 1:0:0:0:0, 2:0:0:0:1, 1:0:0:0:1, 2:0:0:0:1, 1:0:0:0:0, 0:0:0:0:0, 2:0:0:0:1, 2:0:0:0:0, 3:0:0:0:2, 3:0:0:0:2, 0:0:0:0:0, 1:0:2:0:0, 0:0:0:0:0, 2:1:0:0:2, 1:1:0:0:1, 3:0:0:0:0, 0:0:0:0:0, 1:0:0:0:2, 0:0:0:0:0, 2:0:0:0:1, 1:0:0:0:0, 1:0:0:0:2, 0:0:0:0:0, 2:0:1:0:0, 2:0:0:0:1, 1:0:1:0:0, 1:0:0:0:0, 0:0:0:0:0, 3:0:1:0:0, 2:0:0:0:0, 4:0:0:0:1, 2:0:0:0:0, 3:1:0:0:4, 2:0:0:0:1, 3:0:0:0:2, 2:0:0:0:3, 3:0:0:0:2, 3:1:0:0:2, 3:1:0:0:2, 2:0:0:0:1, 1:0:0:0:0, 1:0:0:0:0, 1:0:0:0:0, 0:0:0:0:0, 1:0:0:0:0, 0:0:0:0:0, 2:0:0:0:0, 2:0:0:0:1, 1:0:0:0:0, 1:0:0:0:0, 1:0:0:0:1, 1:0:0:0:1, 1:0:0:0:1, 0:0:0:0:0, 2:0:0:0:1, 1:0:0:0:0, 4:0:0:0:2, 3:0:0:0:2, 1:0:0:0:1, 1:0:1:0:0, 0:0:0:0:0, 1:0:0:0:0, 1:1:0:0:1, 3:0:0:0:0, 0:0:0:0:0, 1:0:0:0:2, 0:0:0:0:0, 2:0:0:0:1, 1:0:0:0:0, 1:0:0:0:2, 0:0:0:0:0, 2:0:1:0:0, 2:0:0:0:1, 1:0:1:0:0, 1:0:0:0:0, 1:0:0:0:1, 3:0:1:0:0, 2:0:0:0:0, 2:0:0:0:1, 2:0:0:0:0, 3:1:0:0:5, 2:0:0:0:1, 3:0:0:0:2, 2:0:0:0:4, 3:0:0:0:2, 3:1:0:0:2, 3:1:0:0:2, 2:0:0:0:1, 1:0:0:0:0, 1:0:0:0:0, 1:0:0:0:0, 0:0:0:0:0, 1:0:0:0:0, 0:0:0:0:0, 2:0:0:0:0, 2:0:0:0:1, 1:0:0:0:0, 1:0:0:0:0, 1:0:0:0:1, 2:0:0:0:1, 1:0:0:0:1, 0:0:0:0:0, 2:0:0:0:1, 1:0:0:0:0, 3:0:0:0:2, 3:0:0:0:2, 1:0:0:0:1, 1:0:1:0:0, 0:0:0:0:0, 1:1:0:0:1, 0:0:0:0:0, 0:0:0:0:0, 0:0:0:0:0, 0:0:0:0:0, 2:0:0:0:1, 1:0:0:0:1, 1:0:0:0:1, 1:0:0:0:0, 1:0:0:0:0, 2:0:0:0:1, 1:0:0:0:0, 1:0:0:0:0, 1:0:0:0:0, 2:0:1:0:0, 3:0:0:0:1, 2:0:0:0:0, 2:0:0:0:1, 3:0:0:0:0, 3:1:0:0:4, 2:0:0:0:1, 2:1:0:0:3, 3:0:0:0:4, 2:0:0:0:1, 3:0:0:0:3, 3:0:1:0:1, 1:0:0:0:0, 2:0:0:0:0, 2:0:0:0:1, 1:0:0:0:0, 0:0:0:0:0, 3:1:0:0:1, 1:0:0:0:0, 1:0:0:0:1, 0:0:0:0:0, 2:0:0:0:0, 2:0:0:0:1, 1:0:0:0:0, 2:0:0:0:1, 1:0:0:0:1, 2:0:0:0:1, 2:0:0:0:0, 1:0:0:0:0, 3:1:0:0:4, 4:0:0:0:3, 1:0:0:0:0, 0:0:0:0:0, 0:0:0:0:0, 1:0:0:0:1, 1:0:0:0:0, 0:0:0:0:0, 1:0:0:0:0, 1:0:0:0:0, 2:0:0:0:1, 0:0:0:0:0, 0:0:0:0:0, 0:0:0:0:0, 0:0:0:0:0, 0:0:0:0:0, 0:0:0:0:0, 0:0:0:0:0, 0:0:0:0:0, 0:0:0:0:0, 0:0:0:0:0, 0:0:0:0:0, 437:30:23:2:212
F# minor (3#), 2:0:0:0:0, 2:1:0:0:0, 4:1:0:0:1, 3:0:0:0:1, 3:0:0:0:0, 3:1:0:0:1, 2:2:0:0:0, 3:3:1:0:1, 2:2:0:0:2, 3:2:0:0:1, 3:1:1:0:3, 2:3:0:0:2, 3:2:0:0:3, 3:2:0:0:3, 2:1:0:0:1, 2:1:0:0:1, 3:1:0:0:1, 1:2:0:0:2, 1:0:2:0:2, 2:1:0:0:0, 2:0:0:0:0, 1:0:0:0:0, 2:0:0:0:0, 2:0:0:0:0, 2:0:0:0:0, 0:0:0:0:0, 2:0:0:0:0, 2:1:0:0:1, 2:2:0:0:3, 3:1:0:0:2, 1:0:0:0:0, 3:1:0:0:1, 2:1:0:0:0, 2:0:0:0:0, 1:0:0:0:0, 3:0:0:0:0, 1:0:0:0:0, 2:0:0:0:0, 2:2:0:0:0, 4:1:0:0:0, 1:2:0:0:2, 3:3:1:0:4, 1:0:0:0:1, 1:0:0:0:0, 3:1:0:0:1, 3:3:0:0:0, 2:3:0:0:3, 2:1:0:0:1, 2:0:0:0:1, 2:0:0:0:0, 3:0:0:0:0, 4:0:0:0:1, 3:0:0:0:0, 3:1:0:0:1, 3:2:0:0:0, 3:2:0:0:0, 2:1:0:0:1, 1:1:0:0:1, 4:1:0:0:2, 2:1:1:0:2, 4:3:1:0:4, 3:1:0:0:1, 2:2:0:0:1, 3:1:0:0:1, 1:1:0:0:1, 4:2:0:0:3, 0:0:0:0:0, 1:0:2:0:2, 1:0:0:0:0, 2:0:0:0:0, 1:0:0:0:0, 1:0:0:0:0, 2:0:0:3:3, 1:1:0:0:1, 4:1:0:0:0, 2:1:0:0:0, 3:3:0:0:3, 2:2:0:0:4, 2:0:0:0:0, 2:1:0:0:1, 2:0:0:0:0, 2:1:0:0:0, 4:1:0:0:1, 3:1:0:0:0, 2:0:0:0:1, 2:0:0:0:0, 2:2:0:0:0, 2:2:0:0:0, 2:2:0:0:2, 3:2:0:0:3, 1:0:0:0:0, 0:0:0:0:0, 3:1:0:0:1, 3:3:0:0:0, 3:3:0:0:2, 2:2:0:0:2, 2:1:0:0:1, 3:1:0:0:1, 4:0:0:0:0, 3:0:0:0:0, 2:1:0:0:1, 2:0:0:0:0, 2:2:0:0:0, 3:1:1:0:1, 1:3:0:0:3, 3:1:0:0:2, 3:1:0:0:2, 2:1:1:0:2, 3:2:0:0:3, 2:2:0:0:2, 3:1:1:0:2, 3:1:0:0:2, 2:1:0:0:1, 5:3:0:0:4, 0:0:0:0:0, 2:0:1:0:1, 1:0:0:0:0, 2:0:0:0:0, 0:0:0:0:0, 1:0:0:0:0, 2:0:0:0:1, 1:1:0:0:0, 2:1:0:0:0, 2:0:0:0:1, 4:2:0:0:2, 3:1:0:0:3, 1:0:0:0:0, 2:1:0:0:1, 2:0:0:0:1, 2:0:0:0:0, 3:1:0:0:1, 3:0:0:0:0, 3:0:0:0:0, 3:1:0:0:1, 3:3:1:0:1, 3:2:0:0:0, 2:2:0:0:2, 2:1:0:0:3, 2:0:0:0:1, 1:0:0:0:1, 4:0:0:0:0, 3:4:2:0:2, 2:2:0:0:2, 2:1:0:0:1, 2:0:0:0:0, 3:1:0:0:0, 3:1:0:0:1, 1:0:0:0:0, 3:0:0:0:0, 2:1:0:0:1, 2:2:0:0:0, 2:2:0:0:0, 1:3:0:0:3, 3:1:0:0:2, 3:1:0:0:2, 3:1:0:0:2, 3:2:0:0:3, 3:1:0:0:2, 2:2:0:0:1, 3:1:0:0:1, 1:1:0:0:1, 4:2:0:0:3, 2:0:0:0:1, 2:0:0:0:0, 0:0:0:0:0, 1:0:0:0:0, 1:0:0:0:0, 0:0:0:0:0, 1:0:1:0:1, 1:0:0:0:0, 2:1:0:0:0, 2:1:0:0:0, 2:2:0:0:2, 3:2:0:0:4, 1:0:0:0:0, 3:1:0:0:1, 2:1:0:0:0, 3:0:0:0:1, 2:0:0:0:0, 2:0:0:0:0, 3:0:0:0:0, 2:0:0:0:0, 2:2:0:0:0, 4:2:0:0:0, 2:2:0:0:2, 3:2:0:0:3, 0:0:0:0:0, 0:0:0:0:0, 3:0:0:0:0, 3:3:1:0:1, 2:3:0:0:3, 2:1:0:0:1, 3:0:0:0:0, 3:1:0:0:0, 3:1:0:0:1, 1:0:0:0:0, 3:0:0:0:0, 2:1:0:0:1, 2:2:0:0:0, 2:2:0:0:0, 1:3:0:0:3, 3:1:0:0:2, 3:1:0:0:2, 3:1:0:0:2, 3:2:0:0:3, 2:1:0:0:1, 2:2:0:0:1, 3:1:0:0:1, 2:1:0:0:1, 4:2:0:0:3, 2:0:0:0:1, 2:0:0:0:0, 0:0:0:0:0, 0:0:0:0:0, 1:0:0:0:0, 0:0:0:0:0, 1:0:1:0:1, 1:0:0:0:0, 2:1:0:0:0, 2:1:0:0:0, 3:2:0:0:2, 3:2:0:0:4, 2:1:0:0:0, 3:1:0:0:1, 2:1:0:0:0, 3:0:0:0:1, 2:0:0:0:0, 2:0:0:0:0, 3:0:0:0:0, 3:1:0:0:1, 2:2:0:0:0, 4:2:0:0:0, 2:2:0:0:2, 3:2:0:0:3, 1:0:0:0:0, 0:0:0:0:0, 3:0:0:0:0, 3:3:1:0:1, 2:3:0:0:3, 2:1:0:0:1, 2:1:0:0:1, 3:1:0:0:1, 4:0:0:0:0, 3:0:0:0:0, 2:0:0:0:0, 2:0:0:0:0, 2:2:0:0:0, 2:2:0:0:0, 3:3:0:0:3, 4:1:1:0:2, 2:2:0:0:3, 3:1:0:0:2, 2:2:1:0:3, 2:1:0:0:2, 3:1:0:0:1, 4:1:0:0:2, 1:1:0:0:1, 5:2:0:0:3, 2:0:0:0:1, 2:0:0:0:0, 1:0:0:0:0, 0:0:0:0:0, 2:0:0:0:0, 1:0:0:0:0, 1:0:0:0:1, 1:0:0:0:0, 3:1:0:0:0, 2:0:0:0:0, 3:2:0:0:2, 2:2:0:0:4, 0:0:0:0:0, 1:0:0:0:0, 2:0:0:0:0, 3:1:0:0:1, 2:1:0:0:0, 3:0:0:0:1, 4:0:0:0:1, 3:1:0:0:1, 3:2:0:0:0, 2:1:0:0:0, 1:2:0:0:2, 2:2:0:0:3, 1:0:0:0:1, 0:0:0:0:0, 3:0:0:0:0, 2:3:0:0:0, 2:3:0:0:4, 1:0:0:0:0, 3:0:0:0:0, 2:3:0:0:0, 1:4:0:0:4, 2:0:0:0:0, 1:0:0:0:0, 2:3:0:0:0, 2:3:0:0:4, 2:4:0:0:5, 1:7:0:0:7, 2:0:0:0:1, 1:0:0:0:0, 1:0:0:0:0, 1:0:0:0:0, 1:0:0:0:0, 1:0:0:0:0, 1:0:0:0:0, 656:299:22:3:293
C minor mel (3b), 1:2:0:0:2, 2:0:0:0:0, 1:0:0:0:0, 1:0:0:0:0, 0:0:0:0:0, 2:0:0:0:0, 1:0:0:0:1, 2:0:1:0:1, 2:0:0:0:1, 2:0:0:0:0, 1:1:0:0:1, 2:0:0:0:0, 0:0:0:0:0, 0:0:0:0:0, 2:2:0:0:2, 2:0:0:0:2, 1:0:0:0:0, 1:0:0:0:0, 2:0:0:0:2, 4:0:0:0:1, 3:0:0:0:2, 2:1:0:0:4, 2:0:0:0:1, 2:0:2:0:0, 2:0:1:0:0, 2:0:0:0:0, 2:0:0:0:0, 2:0:1:0:0, 2:0:0:0:0, 1:0:1:0:0, 1:0:0:0:0, 0:0:0:0:0, 2:0:0:0:0, 1:0:0:0:1, 1:0:0:0:1, 2:0:0:0:0, 1:0:0:0:0, 1:0:0:0:1, 1:0:0:0:1, 0:0:0:0:0, 2:0:0:0:0, 2:0:1:0:0, 3:0:0:0:1, 2:0:0:0:3, 0:0:0:0:0, 0:0:0:0:0, 1:0:0:0:0, 0:0:0:0:0, 2:0:0:0:1, 3:0:0:0:1, 0:0:0:0:0, 1:0:0:0:0, 1:0:0:0:1, 2:0:0:0:1, 0:0:0:0:0, 1:0:0:0:0, 1:0:0:0:2, 2:0:0:0:1, 2:0:0:0:1, 2:0:0:0:0, 2:0:0:0:1, 0:0:0:0:0, 3:0:1:0:0, 2:0:0:0:0, 2:0:0:0:1, 2:0:0:0:0, 3:0:0:0:3, 3:0:0:0:1, 3:0:0:0:2, 2:1:0:0:4, 2:0:0:0:1, 3:0:2:0:0, 3:0:0:0:0, 1:0:0:0:0, 2:0:0:2:2, 1:0:0:0:0, 1:0:0:0:1, 0:0:0:0:0, 2:0:0:0:1, 0:0:0:0:0, 1:2:0:0:2, 2:0:0:0:0, 0:0:0:0:0, 1:0:0:0:0, 1:0:0:0:1, 2:0:0:0:1, 1:0:0:0:1, 1:0:0:0:0, 2:0:0:0:1, 1:0:0:0:0, 3:0:0:0:2, 3:0:0:0:2, 0:0:0:0:0, 0:0:0:0:0, 1:0:0:0:0, 0:0:0:0:0, 0:0:0:0:0, 0:0:0:0:0, 1:0:0:0:0, 1:1:0:0:1, 1:0:0:0:0, 1:0:0:0:1, 1:0:0:0:1, 1:1:0:0:1, 1:0:0:0:0, 1:0:1:0:0, 2:0:0:0:0, 2:0:0:0:0, 1:0:0:0:0, 0:0:0:0:0, 2:1:0:0:1, 2:0:0:0:1, 2:0:0:0:1, 3:0:0:0:0, 3:1:0:0:3, 3:0:0:0:1, 2:1:0:0:3, 2:1:0:0:4, 3:1:0:0:2, 3:0:0:0:1, 2:0:0:0:0, 3:0:0:0:1, 1:0:0:0:0, 0:0:0:0:0, 0:0:0:0:0, 0:0:0:0:0, 1:0:0:0:0, 1:0:0:0:2, 2:0:0:0:1, 3:0:0:0:1, 1:0:0:0:0, 2:0:0:0:1, 1:0:0:0:1, 2:0:0:0:1, 1:0:0:0:0, 0:0:0:0:0, 2:0:0:0:1, 2:0:0:0:0, 3:0:0:0:2, 3:0:0:0:2, 0:0:0:0:0, 1:0:2:0:0, 0:0:0:0:0, 2:1:0:0:2, 1:1:0:0:1, 3:0:0:0:0, 0:0:0:0:0, 1:0:0:0:2, 0:0:0:0:0, 2:0:0:0:1, 1:0:0:0:0, 1:0:0:0:2, 0:0:0:0:0, 2:0:1:0:0, 2:0:0:0:1, 1:0:1:0:0, 1:0:0:0:0, 0:0:0:0:0, 3:0:1:0:0, 2:0:0:0:0, 4:0:0:0:1, 2:0:0:0:0, 3:1:0:0:4, 2:0:0:0:1, 3:0:0:0:2, 2:0:0:0:3, 3:0:0:0:2, 3:1:0:0:2, 3:1:0:0:2, 2:0:0:0:1, 1:0:0:0:0, 1:0:0:0:0, 1:0:0:0:0, 0:0:0:0:0, 1:0:0:0:0, 0:0:0:0:0, 2:0:0:0:0, 2:0:0:0:1, 1:0:0:0:0, 1:0:0:0:0, 1:0:0:0:1, 1:0:0:0:1, 1:0:0:0:1, 0:0:0:0:0, 2:0:0:0:1, 1:0:0:0:0, 4:0:0:0:2, 3:0:0:0:2, 1:0:0:0:1, 1:0:1:0:0, 0:0:0:0:0, 1:0:0:0:0, 1:1:0:0:1, 3:0:0:0:0, 0:0:0:0:0, 1:0:0:0:2, 0:0:0:0:0, 2:0:0:0:1, 1:0:0:0:0, 1:0:0:0:2, 0:0:0:0:0, 2:0:1:0:0, 2:0:0:0:1, 1:0:1:0:0, 1:0:0:0:0, 1:0:0:0:1, 3:0:1:0:0, 2:0:0:0:0, 2:0:0:0:1, 2:0:0:0:0, 3:1:0:0:5, 2:0:0:0:1, 3:0:0:0:2, 2:0:0:0:4, 3:0:0:0:2, 3:1:0:0:2, 3:1:0:0:2, 2:0:0:0:1, 1:0:0:0:0, 1:0:0:0:0, 1:0:0:0:0, 0:0:0:0:0, 1:0:0:0:0, 0:0:0:0:0, 2:0:0:0:0, 2:0:0:0:1, 1:0:0:0:0, 1:0:0:0:0, 1:0:0:0:1, 2:0:0:0:1, 1:0:0:0:1, 0:0:0:0:0, 2:0:0:0:1, 1:0:0:0:0, 3:0:0:0:2, 3:0:0:0:2, 1:0:0:0:1, 1:0:1:0:0, 0:0:0:0:0, 1:1:0:0:1, 0:0:0:0:0, 0:0:0:0:0, 0:0:0:0:0, 0:0:0:0:0, 2:0:0:0:1, 1:0:0:0:1, 1:0:0:0:1, 1:0:0:0:0, 1:0:0:0:0, 2:0:0:0:1, 1:0:0:0:0, 1:0:0:0:0, 1:0:0:0:0, 2:0:1:0:0, 3:0:0:0:1, 2:0:0:0:0, 2:0:0:0:1, 3:0:0:0:0, 3:1:0:0:4, 2:0:0:0:1, 2:1:0:0:3, 3:0:0:0:4, 2:0:0:0:1, 3:0:0:0:3, 3:0:1:0:1, 1:0:0:0:0, 2:0:0:0:0, 2:0:0:0:1, 1:0:0:0:0, 0:0:0:0:0, 3:1:0:0:1, 1:0:0:0:0, 1:0:0:0:1, 0:0:0:0:0, 2:0:0:0:0, 2:0:0:0:1, 1:0:0:0:0, 2:0:0:0:1, 1:0:0:0:1, 2:0:0:0:1, 2:0:0:0:0, 1:0:0:0:0, 3:1:0:0:4, 4:0:0:0:3, 1:0:0:0:0, 0:0:0:0:0, 0:0:0:0:0, 1:0:0:0:1, 1:0:0:0:0, 0:0:0:0:0, 1:0:0:0:0, 1:0:0:0:0, 2:0:0:0:1, 0:0:0:0:0, 0:0:0:0:0, 0:0:0:0:0, 0:0:0:0:0, 0:0:0:0:0, 0:0:0:0:0, 0:0:0:0:0, 0:0:0:0:0, 0:0:0:0:0, 0:0:0:0:0, 0:0:0:0:0, 437:30:23:2:212
F# minor mel (3#), 2:0:0:0:0, 2:1:0:0:0, 4:1:0:0:1, 3:0:0:0:1, 3:0:0:0:0, 3:1:0:0:1, 2:2:0:0:0, 3:3:1:0:1, 2:2:0:0:2, 3:2:0:0:1, 3:1:1:0:3, 2:3:0:0:2, 3:2:0:0:3, 3:2:0:0:3, 2:1:0:0:1, 2:1:0:0:1, 3:1:0:0:1, 1:2:0:0:2, 1:0:2:0:2, 2:1:0:0:0, 2:0:0:0:0, 1:0:0:0:0, 2:0:0:0:0, 2:0:0:0:0, 2:0:0:0:0, 0:0:0:0:0, 2:0:0:0:0, 2:1:0:0:1, 2:2:0:0:3, 3:1:0:0:2, 1:0:0:0:0, 3:1:0:0:1, 2:1:0:0:0, 2:0:0:0:0, 1:0:0:0:0, 3:0:0:0:0, 1:0:0:0:0, 2:0:0:0:0, 2:2:0:0:0, 4:1:0:0:0, 1:2:0:0:2, 3:3:1:0:4, 1:0:0:0:1, 1:0:0:0:0, 3:1:0:0:1, 3:3:0:0:0, 2:3:0:0:3, 2:1:0:0:1, 2:0:0:0:1, 2:0:0:0:0, 3:0:0:0:0, 4:0:0:0:1, 3:0:0:0:0, 3:1:0:0:1, 3:2:0:0:0, 3:2:0:0:0, 2:1:0:0:1, 1:1:0:0:1, 4:1:0:0:2, 2:1:1:0:2, 4:3:1:0:4, 3:1:0:0:1, 2:2:0:0:1, 3:1:0:0:1, 1:1:0:0:1, 4:2:0:0:3, 0:0:0:0:0, 1:0:2:0:2, 1:0:0:0:0, 2:0:0:0:0, 1:0:0:0:0, 1:0:0:0:0, 2:0:0:3:3, 1:1:0:0:1, 4:1:0:0:0, 2:1:0:0:0, 3:3:0:0:3, 2:2:0:0:4, 2:0:0:0:0, 2:1:0:0:1, 2:0:0:0:0, 2:1:0:0:0, 4:1:0:0:1, 3:1:0:0:0, 2:0:0:0:1, 2:0:0:0:0, 2:2:0:0:0, 2:2:0:0:0, 2:2:0:0:2, 3:2:0:0:3, 1:0:0:0:0, 0:0:0:0:0, 3:1:0:0:1, 3:3:0:0:0, 3:3:0:0:2, 2:2:0:0:2, 2:1:0:0:1, 3:1:0:0:1, 4:0:0:0:0, 3:0:0:0:0, 2:1:0:0:1, 2:0:0:0:0, 2:2:0:0:0, 3:1:1:0:1, 1:3:0:0:3, 3:1:0:0:2, 3:1:0:0:2, 2:1:1:0:2, 3:2:0:0:3, 2:2:0:0:2, 3:1:1:0:2, 3:1:0:0:2, 2:1:0:0:1, 5:3:0:0:4, 0:0:0:0:0, 2:0:1:0:1, 1:0:0:0:0, 2:0:0:0:0, 0:0:0:0:0, 1:0:0:0:0, 2:0:0:0:1, 1:1:0:0:0, 2:1:0:0:0, 2:0:0:0:1, 4:2:0:0:2, 3:1:0:0:3, 1:0:0:0:0, 2:1:0:0:1, 2:0:0:0:1, 2:0:0:0:0, 3:1:0:0:1, 3:0:0:0:0, 3:0:0:0:0, 3:1:0:0:1, 3:3:1:0:1, 3:2:0:0:0, 2:2:0:0:2, 2:1:0:0:3, 2:0:0:0:1, 1:0:0:0:1, 4:0:0:0:0, 3:4:2:0:2, 2:2:0:0:2, 2:1:0:0:1, 2:0:0:0:0, 3:1:0:0:0, 3:1:0:0:1, 1:0:0:0:0, 3:0:0:0:0, 2:1:0:0:1, 2:2:0:0:0, 2:2:0:0:0, 1:3:0:0:3, 3:1:0:0:2, 3:1:0:0:2, 3:1:0:0:2, 3:2:0:0:3, 3:1:0:0:2, 2:2:0:0:1, 3:1:0:0:1, 1:1:0:0:1, 4:2:0:0:3, 2:0:0:0:1, 2:0:0:0:0, 0:0:0:0:0, 1:0:0:0:0, 1:0:0:0:0, 0:0:0:0:0, 1:0:1:0:1, 1:0:0:0:0, 2:1:0:0:0, 2:1:0:0:0, 2:2:0:0:2, 3:2:0:0:4, 1:0:0:0:0, 3:1:0:0:1, 2:1:0:0:0, 3:0:0:0:1, 2:0:0:0:0, 2:0:0:0:0, 3:0:0:0:0, 2:0:0:0:0, 2:2:0:0:0, 4:2:0:0:0, 2:2:0:0:2, 3:2:0:0:3, 0:0:0:0:0, 0:0:0:0:0, 3:0:0:0:0, 3:3:1:0:1, 2:3:0:0:3, 2:1:0:0:1, 3:0:0:0:0, 3:1:0:0:0, 3:1:0:0:1, 1:0:0:0:0, 3:0:0:0:0, 2:1:0:0:1, 2:2:0:0:0, 2:2:0:0:0, 1:3:0:0:3, 3:1:0:0:2, 3:1:0:0:2, 3:1:0:0:2, 3:2:0:0:3, 2:1:0:0:1, 2:2:0:0:1, 3:1:0:0:1, 2:1:0:0:1, 4:2:0:0:3, 2:0:0:0:1, 2:0:0:0:0, 0:0:0:0:0, 0:0:0:0:0, 1:0:0:0:0, 0:0:0:0:0, 1:0:1:0:1, 1:0:0:0:0, 2:1:0:0:0, 2:1:0:0:0, 3:2:0:0:2, 3:2:0:0:4, 2:1:0:0:0, 3:1:0:0:1, 2:1:0:0:0, 3:0:0:0:1, 2:0:0:0:0, 2:0:0:0:0, 3:0:0:0:0, 3:1:0:0:1, 2:2:0:0:0, 4:2:0:0:0, 2:2:0:0:2, 3:2:0:0:3, 1:0:0:0:0, 0:0:0:0:0, 3:0:0:0:0, 3:3:1:0:1, 2:3:0:0:3, 2:1:0:0:1, 2:1:0:0:1, 3:1:0:0:1, 4:0:0:0:0, 3:0:0:0:0, 2:0:0:0:0, 2:0:0:0:0, 2:2:0:0:0, 2:2:0:0:0, 3:3:0:0:3, 4:1:1:0:2, 2:2:0:0:3, 3:1:0:0:2, 2:2:1:0:3, 2:1:0:0:2, 3:1:0:0:1, 4:1:0:0:2, 1:1:0:0:1, 5:2:0:0:3, 2:0:0:0:1, 2:0:0:0:0, 1:0:0:0:0, 0:0:0:0:0, 2:0:0:0:0, 1:0:0:0:0, 1:0:0:0:1, 1:0:0:0:0, 3:1:0:0:0, 2:0:0:0:0, 3:2:0:0:2, 2:2:0:0:4, 0:0:0:0:0, 1:0:0:0:0, 2:0:0:0:0, 3:1:0:0:1, 2:1:0:0:0, 3:0:0:0:1, 4:0:0:0:1, 3:1:0:0:1, 3:2:0:0:0, 2:1:0:0:0, 1:2:0:0:2, 2:2:0:0:3, 1:0:0:0:1, 0:0:0:0:0, 3:0:0:0:0, 2:3:0:0:0, 2:3:0:0:4, 1:0:0:0:0, 3:0:0:0:0, 2:3:0:0:0, 1:4:0:0:4, 2:0:0:0:0, 1:0:0:0:0, 2:3:0:0:0, 2:3:0:0:4, 2:4:0:0:5, 1:7:0:0:7, 2:0:0:0:1, 1:0:0:0:0, 1:0:0:0:0, 1:0:0:0:0, 1:0:0:0:0, 1:0:0:0:0, 1:0:0:0:0, 656:299:22:3:293
Eb major blues (3b), 1:2:0:0:2, 2:0:0:0:0, 1:0:0:0:0, 1:0:0:0:0, 0:0:0:0:0, 2:0:0:0:0, 1:0:0:0:1, 2:0:1:0:1, 2:0:0:0:1, 2:0:0:0:0, 1:1:0:0:1, 2:0:0:0:0, 0:0:0:0:0, 0:0:0:0:0, 2:2:0:0:2, 2:0:0:0:2, 1:0:0:0:0, 1:0:0:0:0, 2:0:0:0:2, 4:0:0:0:1, 3:0:0:0:2, 2:1:0:0:4, 2:0:0:0:1, 2:0:2:0:0, 2:0:1:0:0, 2:0:0:0:0, 2:0:0:0:0, 2:0:1:0:0, 2:0:0:0:0, 1:0:1:0:0, 1:0:0:0:0, 0:0:0:0:0, 2:0:0:0:0, 1:0:0:0:1, 1:0:0:0:1, 2:0:0:0:0, 1:0:0:0:0, 1:0:0:0:1, 1:0:0:0:1, 0:0:0:0:0, 2:0:0:0:0, 2:0:1:0:0, 3:0:0:0:1, 2:0:0:0:3, 0:0:0:0:0, 0:0:0:0:0, 1:0:0:0:0, 0:0:0:0:0, 2:0:0:0:1, 3:0:0:0:1, 0:0:0:0:0, 1:0:0:0:0, 1:0:0:0:1, 2:0:0:0:1, 0:0:0:0:0, 1:0:0:0:0, 1:0:0:0:2, 2:0:0:0:1, 2:0:0:0:1, 2:0:0:0:0, 2:0:0:0:1, 0:0:0:0:0, 3:0:1:0:0, 2:0:0:0:0, 2:0:0:0:1, 2:0:0:0:0, 3:0:0:0:3, 3:0:0:0:1, 3:0:0:0:2, 2:1:0:0:4, 2:0:0:0:1, 3:0:2:0:0, 3:0:0:0:0, 1:0:0:0:0, 2:0:0:2:2, 1:0:0:0:0, 1:0:0:0:1, 0:0:0:0:0, 2:0:0:0:1, 0:0:0:0:0, 1:2:0:0:2, 2:0:0:0:0, 0:0:0:0:0, 1:0:0:0:0, 1:0:0:0:1, 2:0:0:0:1, 1:0:0:0:1, 1:0:0:0:0, 2:0:0:0:1, 1:0:0:0:0, 3:0:0:0:2, 3:0:0:0:2, 0:0:0:0:0, 0:0:0:0:0, 1:0:0:0:0, 0:0:0:0:0, 0:0:0:0:0, 0:0:0:0:0, 1:0:0:0:0, 1:1:0:0:1, 1:0:0:0:0, 1:0:0:0:1, 1:0:0:0:1, 1:1:0:0:1, 1:0:0:0:0, 1:0:1:0:0, 2:0:0:0:0, 2:0:0:0:0, 1:0:0:0:0, 0:0:0:0:0, 2:1:0:0:1, 2:0:0:0:1, 2:0:0:0:1, 3:0:0:0:0, 3:1:0:0:3, 3:0:0:0:1, 2:1:0:0:3, 2:1:0:0:4, 3:1:0:0:2, 3:0:0:0:1, 2:0:0:0:0, 3:0:0:0:1, 1:0:0:0:0, 0:0:0:0:0, 0:0:0:0:0, 0:0:0:0:0, 1:0:0:0:0, 1:0:0:0:2, 2:0:0:0:1, 3:0:0:0:1, 1:0:0:0:0, 2:0:0:0:1, 1:0:0:0:1, 2:0:0:0:1, 1:0:0:0:0, 0:0:0:0:0, 2:0:0:0:1, 2:0:0:0:0, 3:0:0:0:2, 3:0:0:0:2, 0:0:0:0:0, 1:0:2:0:0, 0:0:0:0:0, 2:1:0:0:2, 1:1:0:0:1, 3:0:0:0:0, 0:0:0:0:0, 1:0:0:0:2, 0:0:0:0:0, 2:0:0:0:1, 1:0:0:0:0, 1:0:0:0:2, 0:0:0:0:0, 2:0:1:0:0, 2:0:0:0:1, 1:0:1:0:0, 1:0:0:0:0, 0:0:0:0:0, 3:0:1:0:0, 2:0:0:0:0, 4:0:0:0:1, 2:0:0:0:0, 3:1:0:0:4, 2:0:0:0:1, 3:0:0:0:2, 2:0:0:0:3, 3:0:0:0:2, 3:1:0:0:2, 3:1:0:0:2, 2:0:0:0:1, 1:0:0:0:0, 1:0:0:0:0, 1:0:0:0:0, 0:0:0:0:0, 1:0:0:0:0, 0:0:0:0:0, 2:0:0:0:0, 2:0:0:0:1, 1:0:0:0:0, 1:0:0:0:0, 1:0:0:0:1, 1:0:0:0:1, 1:0:0:0:1, 0:0:0:0:0, 2:0:0:0:1, 1:0:0:0:0, 4:0:0:0:2, 3:0:0:0:2, 1:0:0:0:1, 1:0:1:0:0, 0:0:0:0:0, 1:0:0:0:0, 1:1:0:0:1, 3:0:0:0:0, 0:0:0:0:0, 1:0:0:0:2, 0:0:0:0:0, 2:0:0:0:1, 1:0:0:0:0, 1:0:0:0:2, 0:0:0:0:0, 2:0:1:0:0, 2:0:0:0:1, 1:0:1:0:0, 1:0:0:0:0, 1:0:0:0:1, 3:0:1:0:0, 2:0:0:0:0, 2:0:0:0:1, 2:0:0:0:0, 3:1:0:0:5, 2:0:0:0:1, 3:0:0:0:2, 2:0:0:0:4, 3:0:0:0:2, 3:1:0:0:2, 3:1:0:0:2, 2:0:0:0:1, 1:0:0:0:0, 1:0:0:0:0, 1:0:0:0:0, 0:0:0:0:0, 1:0:0:0:0, 0:0:0:0:0, 2:0:0:0:0, 2:0:0:0:1, 1:0:0:0:0, 1:0:0:0:0, 1:0:0:0:1, 2:0:0:0:1, 1:0:0:0:1, 0:0:0:0:0, 2:0:0:0:1, 1:0:0:0:0, 3:0:0:0:2, 3:0:0:0:2, 1:0:0:0:1, 1:0:1:0:0, 0:0:0:0:0, 1:1:0:0:1, 0:0:0:0:0, 0:0:0:0:0, 0:0:0:0:0, 0:0:0:0:0, 2:0:0:0:1, 1:0:0:0:1, 1:0:0:0:1, 1:0:0:0:0, 1:0:0:0:0, 2:0:0:0:1, 1:0:0:0:0, 1:0:0:0:0, 1:0:0:0:0, 2:0:1:0:0, 3:0:0:0:1, 2:0:0:0:0, 2:0:0:0:1, 3:0:0:0:0, 3:1:0:0:4, 2:0:0:0:1, 2:1:0:0:3, 3:0:0:0:4, 2:0:0:0:1, 3:0:0:0:3, 3:0:1:0:1, 1:0:0:0:0, 2:0:0:0:0, 2:0:0:0:1, 1:0:0:0:0, 0:0:0:0:0, 3:1:0:0:1, 1:0:0:0:0, 1:0:0:0:1, 0:0:0:0:0, 2:0:0:0:0, 2:0:0:0:1, 1:0:0:0:0, 2:0:0:0:1, 1:0:0:0:1, 2:0:0:0:1, 2:0:0:0:0, 1:0:0:0:0, 3:1:0:0:4, 4:0:0:0:3, 1:0:0:0:0, 0:0:0:0:0, 0:0:0:0:0, 1:0:0:0:1, 1:0:0:0:0, 0:0:0:0:0, 1:0:0:0:0, 1:0:0:0:0, 2:0:0:0:1, 0:0:0:0:0, 0:0:0:0:0, 0:0:0:0:0, 0:0:0:0:0, 0:0:0:0:0, 0:0:0:0:0, 0:0:0:0:0, 0:0:0:0:0, 0:0:0:0:0, 0:0:0:0:0, 0:0:0:0:0, 437:30:23:2:212
A major blues (3#), 2:0:0:0:0, 2:1:0:0:0, 4:1:0:0:1, 3:0:0:0:1, 3:0:0:0:0, 3:1:0:0:1, 2:2:0:0:0, 3:3:1:0:1, 2:2:0:0:2, 3:2:0:0:1, 3:1:1:0:3, 2:3:0:0:2, 3:2:0:0:3, 3:2:0:0:3, 2:1:0:0:1, 2:1:0:0:1, 3:1:0:0:1, 1:2:0:0:2, 1:0:2:0:2, 2:1:0:0:0, 2:0:0:0:0, 1:0:0:0:0, 2:0:0:0:0, 2:0:0:0:0, 2:0:0:0:0, 0:0:0:0:0, 2:0:0:0:0, 2:1:0:0:1, 2:2:0:0:3, 3:1:0:0:2, 1:0:0:0:0, 3:1:0:0:1, 2:1:0:0:0, 2:0:0:0:0, 1:0:0:0:0, 3:0:0:0:0, 1:0:0:0:0, 2:0:0:0:0, 2:2:0:0:0, 4:1:0:0:0, 1:2:0:0:2, 3:3:1:0:4, 1:0:0:0:1, 1:0:0:0:0, 3:1:0:0:1, 3:3:0:0:0, 2:3:0:0:3, 2:1:0:0:1, 2:0:0:0:1, 2:0:0:0:0, 3:0:0:0:0, 4:0:0:0:1, 3:0:0:0:0, 3:1:0:0:1, 3:2:0:0:0, 3:2:0:0:0, 2:1:0:0:1, 1:1:0:0:1, 4:1:0:0:2, 2:1:1:0:2, 4:3:1:0:4, 3:1:0:0:1, 2:2:0:0:1, 3:1:0:0:1, 1:1:0:0:1, 4:2:0:0:3, 0:0:0:0:0, 1:0:2:0:2, 1:0:0:0:0, 2:0:0:0:0, 1:0:0:0:0, 1:0:0:0:0, 2:0:0:3:3, 1:1:0:0:1, 4:1:0:0:0, 2:1:0:0:0, 3:3:0:0:3, 2:2:0:0:4, 2:0:0:0:0, 2:1:0:0:1, 2:0:0:0:0, 2:1:0:0:0, 4:1:0:0:1, 3:1:0:0:0, 2:0:0:0:1, 2:0:0:0:0, 2:2:0:0:0, 2:2:0:0:0, 2:2:0:0:2, 3:2:0:0:3, 1:0:0:0:0, 0:0:0:0:0, 3:1:0:0:1, 3:3:0:0:0, 3:3:0:0:2, 2:2:0:0:2, 2:1:0:0:1, 3:1:0:0:1, 4:0:0:0:0, 3:0:0:0:0, 2:1:0:0:1, 2:0:0:0:0, 2:2:0:0:0, 3:1:1:0:1, 1:3:0:0:3, 3:1:0:0:2, 3:1:0:0:2, 2:1:1:0:2, 3:2:0:0:3, 2:2:0:0:2, 3:1:1:0:2, 3:1:0:0:2, 2:1:0:0:1, 5:3:0:0:4, 0:0:0:0:0, 2:0:1:0:1, 1:0:0:0:0, 2:0:0:0:0, 0:0:0:0:0, 1:0:0:0:0, 2:0:0:0:1, 1:1:0:0:0, 2:1:0:0:0, 2:0:0:0:1, 4:2:0:0:2, 3:1:0:0:3, 1:0:0:0:0, 2:1:0:0:1, 2:0:0:0:1, 2:0:0:0:0, 3:1:0:0:1, 3:0:0:0:0, 3:0:0:0:0, 3:1:0:0:1, 3:3:1:0:1, 3:2:0:0:0, 2:2:0:0:2, 2:1:0:0:3, 2:0:0:0:1, 1:0:0:0:1, 4:0:0:0:0, 3:4:2:0:2, 2:2:0:0:2, 2:1:0:0:1, 2:0:0:0:0, 3:1:0:0:0, 3:1:0:0:1, 1:0:0:0:0, 3:0:0:0:0, 2:1:0:0:1, 2:2:0:0:0, 2:2:0:0:0, 1:3:0:0:3, 3:1:0:0:2, 3:1:0:0:2, 3:1:0:0:2, 3:2:0:0:3, 3:1:0:0:2, 2:2:0:0:1, 3:1:0:0:1, 1:1:0:0:1, 4:2:0:0:3, 2:0:0:0:1, 2:0:0:0:0, 0:0:0:0:0, 1:0:0:0:0, 1:0:0:0:0, 0:0:0:0:0, 1:0:1:0:1, 1:0:0:0:0, 2:1:0:0:0, 2:1:0:0:0, 2:2:0:0:2, 3:2:0:0:4, 1:0:0:0:0, 3:1:0:0:1, 2:1:0:0:0, 3:0:0:0:1, 2:0:0:0:0, 2:0:0:0:0, 3:0:0:0:0, 2:0:0:0:0, 2:2:0:0:0, 4:2:0:0:0, 2:2:0:0:2, 3:2:0:0:3, 0:0:0:0:0, 0:0:0:0:0, 3:0:0:0:0, 3:3:1:0:1, 2:3:0:0:3, 2:1:0:0:1, 3:0:0:0:0, 3:1:0:0:0, 3:1:0:0:1, 1:0:0:0:0, 3:0:0:0:0, 2:1:0:0:1, 2:2:0:0:0, 2:2:0:0:0, 1:3:0:0:3, 3:1:0:0:2, 3:1:0:0:2, 3:1:0:0:2, 3:2:0:0:3, 2:1:0:0:1, 2:2:0:0:1, 3:1:0:0:1, 2:1:0:0:1, 4:2:0:0:3, 2:0:0:0:1, 2:0:0:0:0, 0:0:0:0:0, 0:0:0:0:0, 1:0:0:0:0, 0:0:0:0:0, 1:0:1:0:1, 1:0:0:0:0, 2:1:0:0:0, 2:1:0:0:0, 3:2:0:0:2, 3:2:0:0:4, 2:1:0:0:0, 3:1:0:0:1, 2:1:0:0:0, 3:0:0:0:1, 2:0:0:0:0, 2:0:0:0:0, 3:0:0:0:0, 3:1:0:0:1, 2:2:0:0:0, 4:2:0:0:0, 2:2:0:0:2, 3:2:0:0:3, 1:0:0:0:0, 0:0:0:0:0, 3:0:0:0:0, 3:3:1:0:1, 2:3:0:0:3, 2:1:0:0:1, 2:1:0:0:1, 3:1:0:0:1, 4:0:0:0:0, 3:0:0:0:0, 2:0:0:0:0, 2:0:0:0:0, 2:2:0:0:0, 2:2:0:0:0, 3:3:0:0:3, 4:1:1:0:2, 2:2:0:0:3, 3:1:0:0:2, 2:2:1:0:3, 2:1:0:0:2, 3:1:0:0:1, 4:1:0:0:2, 1:1:0:0:1, 5:2:0:0:3, 2:0:0:0:1, 2:0:0:0:0, 1:0:0:0:0, 0:0:0:0:0, 2:0:0:0:0, 1:0:0:0:0, 1:0:0:0:1, 1:0:0:0:0, 3:1:0:0:0, 2:0:0:0:0, 3:2:0:0:2, 2:2:0:0:4, 0:0:0:0:0, 1:0:0:0:0, 2:0:0:0:0, 3:1:0:0:1, 2:1:0:0:0, 3:0:0:0:1, 4:0:0:0:1, 3:1:0:0:1, 3:2:0:0:0, 2:1:0:0:0, 1:2:0:0:2, 2:2:0:0:3, 1:0:0:0:1, 0:0:0:0:0, 3:0:0:0:0, 2:3:0:0:0, 2:3:0:0:4, 1:0:0:0:0, 3:0:0:0:0, 2:3:0:0:0, 1:4:0:0:4, 2:0:0:0:0, 1:0:0:0:0, 2:3:0:0:0, 2:3:0:0:4, 2:4:0:0:5, 1:7:0:0:7, 2:0:0:0:1, 1:0:0:0:0, 1:0:0:0:0, 1:0:0:0:0, 1:0:0:0:0, 1:0:0:0:0, 1:0:0:0:0, 656:299:22:3:293
C minor blues (3b), 1:2:0:0:2, 2:0:0:0:0, 1:0:0:0:0, 1:0:0:0:0, 0:0:0:0:0, 2:0:0:0:0, 1:0:0:0:1, 2:0:1:0:1, 2:0:0:0:1, 2:0:0:0:0, 1:1:0:0:1, 2:0:0:0:0, 0:0:0:0:0, 0:0:0:0:0, 2:2:0:0:2, 2:0:0:0:2, 1:0:0:0:0, 1:0:0:0:0, 2:0:0:0:2, 4:0:0:0:1, 3:0:0:0:2, 2:1:0:0:4, 2:0:0:0:1, 2:0:2:0:0, 2:0:1:0:0, 2:0:0:0:0, 2:0:0:0:0, 2:0:1:0:0, 2:0:0:0:0, 1:0:1:0:0, 1:0:0:0:0, 0:0:0:0:0, 2:0:0:0:0, 1:0:0:0:1, 1:0:0:0:1, 2:0:0:0:0, 1:0:0:0:0, 1:0:0:0:1, 1:0:0:0:1, 0:0:0:0:0, 2:0:0:0:0, 2:0:1:0:0, 3:0:0:0:1, 2:0:0:0:3, 0:0:0:0:0, 0:0:0:0:0, 1:0:0:0:0, 0:0:0:0:0, 2:0:0:0:1, 3:0:0:0:1, 0:0:0:0:0, 1:0:0:0:0, 1:0:0:0:1, 2:0:0:0:1, 0:0:0:0:0, 1:0:0:0:0, 1:0:0:0:2, 2:0:0:0:1, 2:0:0:0:1, 2:0:0:0:0, 2:0:0:0:1, 0:0:0:0:0, 3:0:1:0:0, 2:0:0:0:0, 2:0:0:0:1, 2:0:0:0:0, 3:0:0:0:3, 3:0:0:0:1, 3:0:0:0:2, 2:1:0:0:4, 2:0:0:0:1, 3:0:2:0:0, 3:0:0:0:0, 1:0:0:0:0, 2:0:0:2:2, 1:0:0:0:0, 1:0:0:0:1, 0:0:0:0:0, 2:0:0:0:1, 0:0:0:0:0, 1:2:0:0:2, 2:0:0:0:0, 0:0:0:0:0, 1:0:0:0:0, 1:0:0:0:1, 2:0:0:0:1, 1:0:0:0:1, 1:0:0:0:0, 2:0:0:0:1, 1:0:0:0:0, 3:0:0:0:2, 3:0:0:0:2, 0:0:0:0:0, 0:0:0:0:0, 1:0:0:0:0, 0:0:0:0:0, 0:0:0:0:0, 0:0:0:0:0, 1:0:0:0:0, 1:1:0:0:1, 1:0:0:0:0, 1:0:0:0:1, 1:0:0:0:1, 1:1:0:0:1, 1:0:0:0:0, 1:0:1:0:0, 2:0:0:0:0, 2:0:0:0:0, 1:0:0:0:0, 0:0:0:0:0, 2:1:0:0:1, 2:0:0:0:1, 2:0:0:0:1, 3:0:0:0:0, 3:1:0:0:3, 3:0:0:0:1, 2:1:0:0:3, 2:1:0:0:4, 3:1:0:0:2, 3:0:0:0:1, 2:0:0:0:0, 3:0:0:0:1, 1:0:0:0:0, 0:0:0:0:0, 0:0:0:0:0, 0:0:0:0:0, 1:0:0:0:0, 1:0:0:0:2, 2:0:0:0:1, 3:0:0:0:1, 1:0:0:0:0, 2:0:0:0:1, 1:0:0:0:1, 2:0:0:0:1, 1:0:0:0:0, 0:0:0:0:0, 2:0:0:0:1, 2:0:0:0:0, 3:0:0:0:2, 3:0:0:0:2, 0:0:0:0:0, 1:0:2:0:0, 0:0:0:0:0, 2:1:0:0:2, 1:1:0:0:1, 3:0:0:0:0, 0:0:0:0:0, 1:0:0:0:2, 0:0:0:0:0, 2:0:0:0:1, 1:0:0:0:0, 1:0:0:0:2, 0:0:0:0:0, 2:0:1:0:0, 2:0:0:0:1, 1:0:1:0:0, 1:0:0:0:0, 0:0:0:0:0, 3:0:1:0:0, 2:0:0:0:0, 4:0:0:0:1, 2:0:0:0:0, 3:1:0:0:4, 2:0:0:0:1, 3:0:0:0:2, 2:0:0:0:3, 3:0:0:0:2, 3:1:0:0:2, 3:1:0:0:2, 2:0:0:0:1, 1:0:0:0:0, 1:0:0:0:0, 1:0:0:0:0, 0:0:0:0:0, 1:0:0:0:0, 0:0:0:0:0, 2:0:0:0:0, 2:0:0:0:1, 1:0:0:0:0, 1:0:0:0:0, 1:0:0:0:1, 1:0:0:0:1, 1:0:0:0:1, 0:0:0:0:0, 2:0:0:0:1, 1:0:0:0:0, 4:0:0:0:2, 3:0:0:0:2, 1:0:0:0:1, 1:0:1:0:0, 0:0:0:0:0, 1:0:0:0:0, 1:1:0:0:1, 3:0:0:0:0, 0:0:0:0:0, 1:0:0:0:2, 0:0:0:0:0, 2:0:0:0:1, 1:0:0:0:0, 1:0:0:0:2, 0:0:0:0:0, 2:0:1:0:0, 2:0:0:0:1, 1:0:1:0:0, 1:0:0:0:0, 1:0:0:0:1, 3:0:1:0:0, 2:0:0:0:0, 2:0:0:0:1, 2:0:0:0:0, 3:1:0:0:5, 2:0:0:0:1, 3:0:0:0:2, 2:0:0:0:4, 3:0:0:0:2, 3:1:0:0:2, 3:1:0:0:2, 2:0:0:0:1, 1:0:0:0:0, 1:0:0:0:0, 1:0:0:0:0, 0:0:0:0:0, 1:0:0:0:0, 0:0:0:0:0, 2:0:0:0:0, 2:0:0:0:1, 1:0:0:0:0, 1:0:0:0:0, 1:0:0:0:1, 2:0:0:0:1, 1:0:0:0:1, 0:0:0:0:0, 2:0:0:0:1, 1:0:0:0:0, 3:0:0:0:2, 3:0:0:0:2, 1:0:0:0:1, 1:0:1:0:0, 0:0:0:0:0, 1:1:0:0:1, 0:0:0:0:0, 0:0:0:0:0, 0:0:0:0:0, 0:0:0:0:0, 2:0:0:0:1, 1:0:0:0:1, 1:0:0:0:1, 1:0:0:0:0, 1:0:0:0:0, 2:0:0:0:1, 1:0:0:0:0, 1:0:0:0:0, 1:0:0:0:0, 2:0:1:0:0, 3:0:0:0:1, 2:0:0:0:0, 2:0:0:0:1, 3:0:0:0:0, 3:1:0:0:4, 2:0:0:0:1, 2:1:0:0:3, 3:0:0:0:4, 2:0:0:0:1, 3:0:0:0:3, 3:0:1:0:1, 1:0:0:0:0, 2:0:0:0:0, 2:0:0:0:1, 1:0:0:0:0, 0:0:0:0:0, 3:1:0:0:1, 1:0:0:0:0, 1:0:0:0:1, 0:0:0:0:0, 2:0:0:0:0, 2:0:0:0:1, 1:0:0:0:0, 2:0:0:0:1, 1:0:0:0:1, 2:0:0:0:1, 2:0:0:0:0, 1:0:0:0:0, 3:1:0:0:4, 4:0:0:0:3, 1:0:0:0:0, 0:0:0:0:0, 0:0:0:0:0, 1:0:0:0:1, 1:0:0:0:0, 0:0:0:0:0, 1:0:0:0:0, 1:0:0:0:0, 2:0:0:0:1, 0:0:0:0:0, 0:0:0:0:0, 0:0:0:0:0, 0:0:0:0:0, 0:0:0:0:0, 0:0:0:0:0, 0:0:0:0:0, 0:0:0:0:0, 0:0:0:0:0, 0:0:0:0:0, 0:0:0:0:0, 437:30:23:2:212
F# minor blues (3#), 2:0:0:0:0, 2:1:0:0:0, 4:1:0:0:1, 3:0:0:0:1, 3:0:0:0:0, 3:1:0:0:1, 2:2:0:0:0, 3:3:1:0:1, 2:2:0:0:2, 3:2:0:0:1, 3:1:1:0:3, 2:3:0:0:2, 3:2:0:0:3, 3:2:0:0:3, 2:1:0:0:1, 2:1:0:0:1, 3:1:0:0:1, 1:2:0:0:2, 1:0:2:0:2, 2:1:0:0:0, 2:0:0:0:0, 1:0:0:0:0, 2:0:0:0:0, 2:0:0:0:0, 2:0:0:0:0, 0:0:0:0:0, 2:0:0:0:0, 2:1:0:0:1, 2:2:0:0:3, 3:1:0:0:2, 1:0:0:0:0, 3:1:0:0:1, 2:1:0:0:0, 2:0:0:0:0, 1:0:0:0:0, 3:0:0:0:0, 1:0:0:0:0, 2:0:0:0:0, 2:2:0:0:0, 4:1:0:0:0, 1:2:0:0:2, 3:3:1:0:4, 1:0:0:0:1, 1:0:0:0:0, 3:1:0:0:1, 3:3:0:0:0, 2:3:0:0:3, 2:1:0:0:1, 2:0:0:0:1, 2:0:0:0:0, 3:0:0:0:0, 4:0:0:0:1, 3:0:0:0:0, 3:1:0:0:1, 3:2:0:0:0, 3:2:0:0:0, 2:1:0:0:1, 1:1:0:0:1, 4:1:0:0:2, 2:1:1:0:2, 4:3:1:0:4, 3:1:0:0:1, 2:2:0:0:1, 3:1:0:0:1, 1:1:0:0:1, 4:2:0:0:3, 0:0:0:0:0, 1:0:2:0:2, 1:0:0:0:0, 2:0:0:0:0, 1:0:0:0:0, 1:0:0:0:0, 2:0:0:3:3, 1:1:0:0:1, 4:1:0:0:0, 2:1:0:0:0, 3:3:0:0:3, 2:2:0:0:4, 2:0:0:0:0, 2:1:0:0:1, 2:0:0:0:0, 2:1:0:0:0, 4:1:0:0:1, 3:1:0:0:0, 2:0:0:0:1, 2:0:0:0:0, 2:2:0:0:0, 2:2:0:0:0, 2:2:0:0:2, 3:2:0:0:3, 1:0:0:0:0, 0:0:0:0:0, 3:1:0:0:1, 3:3:0:0:0, 3:3:0:0:2, 2:2:0:0:2, 2:1:0:0:1, 3:1:0:0:1, 4:0:0:0:0, 3:0:0:0:0, 2:1:0:0:1, 2:0:0:0:0, 2:2:0:0:0, 3:1:1:0:1, 1:3:0:0:3, 3:1:0:0:2, 3:1:0:0:2, 2:1:1:0:2, 3:2:0:0:3, 2:2:0:0:2, 3:1:1:0:2, 3:1:0:0:2, 2:1:0:0:1, 5:3:0:0:4, 0:0:0:0:0, 2:0:1:0:1, 1:0:0:0:0, 2:0:0:0:0, 0:0:0:0:0, 1:0:0:0:0, 2:0:0:0:1, 1:1:0:0:0, 2:1:0:0:0, 2:0:0:0:1, 4:2:0:0:2, 3:1:0:0:3, 1:0:0:0:0, 2:1:0:0:1, 2:0:0:0:1, 2:0:0:0:0, 3:1:0:0:1, 3:0:0:0:0, 3:0:0:0:0, 3:1:0:0:1, 3:3:1:0:1, 3:2:0:0:0, 2:2:0:0:2, 2:1:0:0:3, 2:0:0:0:1, 1:0:0:0:1, 4:0:0:0:0, 3:4:2:0:2, 2:2:0:0:2, 2:1:0:0:1, 2:0:0:0:0, 3:1:0:0:0, 3:1:0:0:1, 1:0:0:0:0, 3:0:0:0:0, 2:1:0:0:1, 2:2:0:0:0, 2:2:0:0:0, 1:3:0:0:3, 3:1:0:0:2, 3:1:0:0:2, 3:1:0:0:2, 3:2:0:0:3, 3:1:0:0:2, 2:2:0:0:1, 3:1:0:0:1, 1:1:0:0:1, 4:2:0:0:3, 2:0:0:0:1, 2:0:0:0:0, 0:0:0:0:0, 1:0:0:0:0, 1:0:0:0:0, 0:0:0:0:0, 1:0:1:0:1, 1:0:0:0:0, 2:1:0:0:0, 2:1:0:0:0, 2:2:0:0:2, 3:2:0:0:4, 1:0:0:0:0, 3:1:0:0:1, 2:1:0:0:0, 3:0:0:0:1, 2:0:0:0:0, 2:0:0:0:0, 3:0:0:0:0, 2:0:0:0:0, 2:2:0:0:0, 4:2:0:0:0, 2:2:0:0:2, 3:2:0:0:3, 0:0:0:0:0, 0:0:0:0:0, 3:0:0:0:0, 3:3:1:0:1, 2:3:0:0:3, 2:1:0:0:1, 3:0:0:0:0, 3:1:0:0:0, 3:1:0:0:1, 1:0:0:0:0, 3:0:0:0:0, 2:1:0:0:1, 2:2:0:0:0, 2:2:0:0:0, 1:3:0:0:3, 3:1:0:0:2, 3:1:0:0:2, 3:1:0:0:2, 3:2:0:0:3, 2:1:0:0:1, 2:2:0:0:1, 3:1:0:0:1, 2:1:0:0:1, 4:2:0:0:3, 2:0:0:0:1, 2:0:0:0:0, 0:0:0:0:0, 0:0:0:0:0, 1:0:0:0:0, 0:0:0:0:0, 1:0:1:0:1, 1:0:0:0:0, 2:1:0:0:0, 2:1:0:0:0, 3:2:0:0:2, 3:2:0:0:4, 2:1:0:0:0, 3:1:0:0:1, 2:1:0:0:0, 3:0:0:0:1, 2:0:0:0:0, 2:0:0:0:0, 3:0:0:0:0, 3:1:0:0:1, 2:2:0:0:0, 4:2:0:0:0, 2:2:0:0:2, 3:2:0:0:3, 1:0:0:0:0, 0:0:0:0:0, 3:0:0:0:0, 3:3:1:0:1, 2:3:0:0:3, 2:1:0:0:1, 2:1:0:0:1, 3:1:0:0:1, 4:0:0:0:0, 3:0:0:0:0, 2:0:0:0:0, 2:0:0:0:0, 2:2:0:0:0, 2:2:0:0:0, 3:3:0:0:3, 4:1:1:0:2, 2:2:0:0:3, 3:1:0:0:2, 2:2:1:0:3, 2:1:0:0:2, 3:1:0:0:1, 4:1:0:0:2, 1:1:0:0:1, 5:2:0:0:3, 2:0:0:0:1, 2:0:0:0:0, 1:0:0:0:0, 0:0:0:0:0, 2:0:0:0:0, 1:0:0:0:0, 1:0:0:0:1, 1:0:0:0:0, 3:1:0:0:0, 2:0:0:0:0, 3:2:0:0:2, 2:2:0:0:4, 0:0:0:0:0, 1:0:0:0:0, 2:0:0:0:0, 3:1:0:0:1, 2:1:0:0:0, 3:0:0:0:1, 4:0:0:0:1, 3:1:0:0:1, 3:2:0:0:0, 2:1:0:0:0, 1:2:0:0:2, 2:2:0:0:3, 1:0:0:0:1, 0:0:0:0:0, 3:0:0:0:0, 2:3:0:0:0, 2:3:0:0:4, 1:0:0:0:0, 3:0:0:0:0, 2:3:0:0:0, 1:4:0:0:4, 2:0:0:0:0, 1:0:0:0:0, 2:3:0:0:0, 2:3:0:0:4, 2:4:0:0:5, 1:7:0:0:7, 2:0:0:0:1, 1:0:0:0:0, 1:0:0:0:0, 1:0:0:0:0, 1:0:0:0:0, 1:0:0:0:0, 1:0:0:0:0, 656:299:22:3:293
Eb dorian (3b), 1:2:0:0:2, 2:0:0:0:0, 1:0:0:0:0, 1:0:0:0:0, 0:0:0:0:0, 2:0:0:0:0, 1:0:0:0:1, 2:0:1:0:1, 2:0:0:0:1, 2:0:0:0:0, 1:1:0:0:1, 2:0:0:0:0, 0:0:0:0:0, 0:0:0:0:0, 2:2:0:0:2, 2:0:0:0:2, 1:0:0:0:0, 1:0:0:0:0, 2:0:0:0:2, 4:0:0:0:1, 3:0:0:0:2, 2:1:0:0:4, 2:0:0:0:1, 2:0:2:0:0, 2:0:1:0:0, 2:0:0:0:0, 2:0:0:0:0, 2:0:1:0:0, 2:0:0:0:0, 1:0:1:0:0, 1:0:0:0:0, 0:0:0:0:0, 2:0:0:0:0, 1:0:0:0:1, 1:0:0:0:1, 2:0:0:0:0, 1:0:0:0:0, 1:0:0:0:1, 1:0:0:0:1, 0:0:0:0:0, 2:0:0:0:0, 2:0:1:0:0, 3:0:0:0:1, 2:0:0:0:3, 0:0:0:0:0, 0:0:0:0:0, 1:0:0:0:0, 0:0:0:0:0, 2:0:0:0:1, 3:0:0:0:1, 0:0:0:0:0, 1:0:0:0:0, 1:0:0:0:1, 2:0:0:0:1, 0:0:0:0:0, 1:0:0:0:0, 1:0:0:0:2, 2:0:0:0:1, 2:0:0:0:1, 2:0:0:0:0, 2:0:0:0:1, 0:0:0:0:0, 3:0:1:0:0, 2:0:0:0:0, 2:0:0:0:1, 2:0:0:0:0, 3:0:0:0:3, 3:0:0:0:1, 3:0:0:0:2, 2:1:0:0:4, 2:0:0:0:1, 3:0:2:0:0, 3:0:0:0:0, 1:0:0:0:0, 2:0:0:2:2, 1:0:0:0:0, 1:0:0:0:1, 0:0:0:0:0, 2:0:0:0:1, 0:0:0:0:0, 1:2:0:0:2, 2:0:0:0:0, 0:0:0:0:0, 1:0:0:0:0, 1:0:0:0:1, 2:0:0:0:1, 1:0:0:0:1, 1:0:0:0:0, 2:0:0:0:1, 1:0:0:0:0, 3:0:0:0:2, 3:0:0:0:2, 0:0:0:0:0, 0:0:0:0:0, 1:0:0:0:0, 0:0:0:0:0, 0:0:0:0:0, 0:0:0:0:0, 1:0:0:0:0, 1:1:0:0:1, 1:0:0:0:0, 1:0:0:0:1, 1:0:0:0:1, 1:1:0:0:1, 1:0:0:0:0, 1:0:1:0:0, 2:0:0:0:0, 2:0:0:0:0, 1:0:0:0:0, 0:0:0:0:0, 2:1:0:0:1, 2:0:0:0:1, 2:0:0:0:1, 3:0:0:0:0, 3:1:0:0:3, 3:0:0:0:1, 2:1:0:0:3, 2:1:0:0:4, 3:1:0:0:2, 3:0:0:0:1, 2:0:0:0:0, 3:0:0:0:1, 1:0:0:0:0, 0:0:0:0:0, 0:0:0:0:0, 0:0:0:0:0, 1:0:0:0:0, 1:0:0:0:2, 2:0:0:0:1, 3:0:0:0:1, 1:0:0:0:0, 2:0:0:0:1, 1:0:0:0:1, 2:0:0:0:1, 1:0:0:0:0, 0:0:0:0:0, 2:0:0:0:1, 2:0:0:0:0, 3:0:0:0:2, 3:0:0:0:2, 0:0:0:0:0, 1:0:2:0:0, 0:0:0:0:0, 2:1:0:0:2, 1:1:0:0:1, 3:0:0:0:0, 0:0:0:0:0, 1:0:0:0:2, 0:0:0:0:0, 2:0:0:0:1, 1:0:0:0:0, 1:0:0:0:2, 0:0:0:0:0, 2:0:1:0:0, 2:0:0:0:1, 1:0:1:0:0, 1:0:0:0:0, 0:0:0:0:0, 3:0:1:0:0, 2:0:0:0:0, 4:0:0:0:1, 2:0:0:0:0, 3:1:0:0:4, 2:0:0:0:1, 3:0:0:0:2, 2:0:0:0:3, 3:0:0:0:2, 3:1:0:0:2, 3:1:0:0:2, 2:0:0:0:1, 1:0:0:0:0, 1:0:0:0:0, 1:0:0:0:0, 0:0:0:0:0, 1:0:0:0:0, 0:0:0:0:0, 2:0:0:0:0, 2:0:0:0:1, 1:0:0:0:0, 1:0:0:0:0, 1:0:0:0:1, 1:0:0:0:1, 1:0:0:0:1, 0:0:0:0:0, 2:0:0:0:1, 1:0:0:0:0, 4:0:0:0:2, 3:0:0:0:2, 1:0:0:0:1, 1:0:1:0:0, 0:0:0:0:0, 1:0:0:0:0, 1:1:0:0:1, 3:0:0:0:0, 0:0:0:0:0, 1:0:0:0:2, 0:0:0:0:0, 2:0:0:0:1, 1:0:0:0:0, 1:0:0:0:2, 0:0:0:0:0, 2:0:1:0:0, 2:0:0:0:1, 1:0:1:0:0, 1:0:0:0:0, 1:0:0:0:1, 3:0:1:0:0, 2:0:0:0:0, 2:0:0:0:1, 2:0:0:0:0, 3:1:0:0:5, 2:0:0:0:1, 3:0:0:0:2, 2:0:0:0:4, 3:0:0:0:2, 3:1:0:0:2, 3:1:0:0:2, 2:0:0:0:1, 1:0:0:0:0, 1:0:0:0:0, 1:0:0:0:0, 0:0:0:0:0, 1:0:0:0:0, 0:0:0:0:0, 2:0:0:0:0, 2:0:0:0:1, 1:0:0:0:0, 1:0:0:0:0, 1:0:0:0:1, 2:0:0:0:1, 1:0:0:0:1, 0:0:0:0:0, 2:0:0:0:1, 1:0:0:0:0, 3:0:0:0:2, 3:0:0:0:2, 1:0:0:0:1, 1:0:1:0:0, 0:0:0:0:0, 1:1:0:0:1, 0:0:0:0:0, 0:0:0:0:0, 0:0:0:0:0, 0:0:0:0:0, 2:0:0:0:1, 1:0:0:0:1, 1:0:0:0:1, 1:0:0:0:0, 1:0:0:0:0, 2:0:0:0:1, 1:0:0:0:0, 1:0:0:0:0, 1:0:0:0:0, 2:0:1:0:0, 3:0:0:0:1, 2:0:0:0:0, 2:0:0:0:1, 3:0:0:0:0, 3:1:0:0:4, 2:0:0:0:1, 2:1:0:0:3, 3:0:0:0:4, 2:0:0:0:1, 3:0:0:0:3, 3:0:1:0:1, 1:0:0:0:0, 2:0:0:0:0, 2:0:0:0:1, 1:0:0:0:0, 0:0:0:0:0, 3:1:0:0:1, 1:0:0:0:0, 1:0:0:0:1, 0:0:0:0:0, 2:0:0:0:0, 2:0:0:0:1, 1:0:0:0:0, 2:0:0:0:1, 1:0:0:0:1, 2:0:0:0:1, 2:0:0:0:0, 1:0:0:0:0, 3:1:0:0:4, 4:0:0:0:3, 1:0:0:0:0, 0:0:0:0:0, 0:0:0:0:0, 1:0:0:0:1, 1:0:0:0:0, 0:0:0:0:0, 1:0:0:0:0, 1:0:0:0:0, 2:0:0:0:1, 0:0:0:0:0, 0:0:0:0:0, 0:0:0:0:0, 0:0:0:0:0, 0:0:0:0:0, 0:0:0:0:0, 0:0:0:0:0, 0:0:0:0:0, 0:0:0:0:0, 0:0:0:0:0, 0:0:0:0:0, 437:30:23:2:212
A dorian (3#), 2:0:0:0:0, 2:1:0:0:0, 4:1:0:0:1, 3:0:0:0:1, 3:0:0:0:0, 3:1:0:0:1, 2:2:0:0:0, 3:3:1:0:1, 2:2:0:0:2, 3:2:0:0:1, 3:1:1:0:3, 2:3:0:0:2, 3:2:0:0:3, 3:2:0:0:3, 2:1:0:0:1, 2:1:0:0:1, 3:1:0:0:1, 1:2:0:0:2, 1:0:2:0:2, 2:1:0:0:0, 2:0:0:0:0, 1:0:0:0:0, 2:0:0:0:0, 2:0:0:0:0, 2:0:0:0:0, 0:0:0:0:0, 2:0:0:0:0, 2:1:0:0:1, 2:2:0:0:3, 3:1:0:0:2, 1:0:0:0:0, 3:1:0:0:1, 2:1:0:0:0, 2:0:0:0:0, 1:0:0:0:0, 3:0:0:0:0, 1:0:0:0:0, 2:0:0:0:0, 2:2:0:0:0, 4:1:0:0:0, 1:2:0:0:2, 3:3:1:0:4, 1:0:0:0:1, 1:0:0:0:0, 3:1:0:0:1, 3:3:0:0:0, 2:3:0:0:3, 2:1:0:0:1, 2:0:0:0:1, 2:0:0:0:0, 3:0:0:0:0, 4:0:0:0:1, 3:0:0:0:0, 3:1:0:0:1, 3:2:0:0:0, 3:2:0:0:0, 2:1:0:0:1, 1:1:0:0:1, 4:1:0:0:2, 2:1:1:0:2, 4:3:1:0:4, 3:1:0:0:1, 2:2:0:0:1, 3:1:0:0:1, 1:1:0:0:1, 4:2:0:0:3, 0:0:0:0:0, 1:0:2:0:2, 1:0:0:0:0, 2:0:0:0:0, 1:0:0:0:0, 1:0:0:0:0, 2:0:0:3:3, 1:1:0:0:1, 4:1:0:0:0, 2:1:0:0:0, 3:3:0:0:3, 2:2:0:0:4, 2:0:0:0:0, 2:1:0:0:1, 2:0:0:0:0, 2:1:0:0:0, 4:1:0:0:1, 3:1:0:0:0, 2:0:0:0:1, 2:0:0:0:0, 2:2:0:0:0, 2:2:0:0:0, 2:2:0:0:2, 3:2:0:0:3, 1:0:0:0:0, 0:0:0:0:0, 3:1:0:0:1, 3:3:0:0:0, 3:3:0:0:2, 2:2:0:0:2, 2:1:0:0:1, 3:1:0:0:1, 4:0:0:0:0, 3:0:0:0:0, 2:1:0:0:1, 2:0:0:0:0, 2:2:0:0:0, 3:1:1:0:1, 1:3:0:0:3, 3:1:0:0:2, 3:1:0:0:2, 2:1:1:0:2, 3:2:0:0:3, 2:2:0:0:2, 3:1:1:0:2, 3:1:0:0:2, 2:1:0:0:1, 5:3:0:0:4, 0:0:0:0:0, 2:0:1:0:1, 1:0:0:0:0, 2:0:0:0:0, 0:0:0:0:0, 1:0:0:0:0, 2:0:0:0:1, 1:1:0:0:0, 2:1:0:0:0, 2:0:0:0:1, 4:2:0:0:2, 3:1:0:0:3, 1:0:0:0:0, 2:1:0:0:1, 2:0:0:0:1, 2:0:0:0:0, 3:1:0:0:1, 3:0:0:0:0, 3:0:0:0:0, 3:1:0:0:1, 3:3:1:0:1, 3:2:0:0:0, 2:2:0:0:2, 2:1:0:0:3, 2:0:0:0:1, 1:0:0:0:1, 4:0:0:0:0, 3:4:2:0:2, 2:2:0:0:2, 2:1:0:0:1, 2:0:0:0:0, 3:1:0:0:0, 3:1:0:0:1, 1:0:0:0:0, 3:0:0:0:0, 2:1:0:0:1, 2:2:0:0:0, 2:2:0:0:0, 1:3:0:0:3, 3:1:0:0:2, 3:1:0:0:2, 3:1:0:0:2, 3:2:0:0:3, 3:1:0:0:2, 2:2:0:0:1, 3:1:0:0:1, 1:1:0:0:1, 4:2:0:0:3, 2:0:0:0:1, 2:0:0:0:0, 0:0:0:0:0, 1:0:0:0:0, 1:0:0:0:0, 0:0:0:0:0, 1:0:1:0:1, 1:0:0:0:0, 2:1:0:0:0, 2:1:0:0:0, 2:2:0:0:2, 3:2:0:0:4, 1:0:0:0:0, 3:1:0:0:1, 2:1:0:0:0, 3:0:0:0:1, 2:0:0:0:0, 2:0:0:0:0, 3:0:0:0:0, 2:0:0:0:0, 2:2:0:0:0, 4:2:0:0:0, 2:2:0:0:2, 3:2:0:0:3, 0:0:0:0:0, 0:0:0:0:0, 3:0:0:0:0, 3:3:1:0:1, 2:3:0:0:3, 2:1:0:0:1, 3:0:0:0:0, 3:1:0:0:0, 3:1:0:0:1, 1:0:0:0:0, 3:0:0:0:0, 2:1:0:0:1, 2:2:0:0:0, 2:2:0:0:0, 1:3:0:0:3, 3:1:0:0:2, 3:1:0:0:2, 3:1:0:0:2, 3:2:0:0:3, 2:1:0:0:1, 2:2:0:0:1, 3:1:0:0:1, 2:1:0:0:1, 4:2:0:0:3, 2:0:0:0:1, 2:0:0:0:0, 0:0:0:0:0, 0:0:0:0:0, 1:0:0:0:0, 0:0:0:0:0, 1:0:1:0:1, 1:0:0:0:0, 2:1:0:0:0, 2:1:0:0:0, 3:2:0:0:2, 3:2:0:0:4, 2:1:0:0:0, 3:1:0:0:1, 2:1:0:0:0, 3:0:0:0:1, 2:0:0:0:0, 2:0:0:0:0, 3:0:0:0:0, 3:1:0:0:1, 2:2:0:0:0, 4:2:0:0:0, 2:2:0:0:2, 3:2:0:0:3, 1:0:0:0:0, 0:0:0:0:0, 3:0:0:0:0, 3:3:1:0:1, 2:3:0:0:3, 2:1:0:0:1, 2:1:0:0:1, 3:1:0:0:1, 4:0:0:0:0, 3:0:0:0:0, 2:0:0:0:0, 2:0:0:0:0, 2:2:0:0:0, 2:2:0:0:0, 3:3:0:0:3, 4:1:1:0:2, 2:2:0:0:3, 3:1:0:0:2, 2:2:1:0:3, 2:1:0:0:2, 3:1:0:0:1, 4:1:0:0:2, 1:1:0:0:1, 5:2:0:0:3, 2:0:0:0:1, 2:0:0:0:0, 1:0:0:0:0, 0:0:0:0:0, 2:0:0:0:0, 1:0:0:0:0, 1:0:0:0:1, 1:0:0:0:0, 3:1:0:0:0, 2:0:0:0:0, 3:2:0:0:2, 2:2:0:0:4, 0:0:0:0:0, 1:0:0:0:0, 2:0:0:0:0, 3:1:0:0:1, 2:1:0:0:0, 3:0:0:0:1, 4:0:0:0:1, 3:1:0:0:1, 3:2:0:0:0, 2:1:0:0:0, 1:2:0:0:2, 2:2:0:0:3, 1:0:0:0:1, 0:0:0:0:0, 3:0:0:0:0, 2:3:0:0:0, 2:3:0:0:4, 1:0:0:0:0, 3:0:0:0:0, 2:3:0:0:0, 1:4:0:0:4, 2:0:0:0:0, 1:0:0:0:0, 2:3:0:0:0, 2:3:0:0:4, 2:4:0:0:5, 1:7:0:0:7, 2:0:0:0:1, 1:0:0:0:0, 1:0:0:0:0, 1:0:0:0:0, 1:0:0:0:0, 1:0:0:0:0, 1:0:0:0:0, 656:299:22:3:293
Eb phrygian (3b), 1:2:0:0:2, 2:0:0:0:0, 1:0:0:0:0, 1:0:0:0:0, 0:0:0:0:0, 2:0:0:0:0, 1:0:0:0:1, 2:0:1:0:1, 2:0:0:0:1, 2:0:0:0:0, 1:1:0:0:1, 2:0:0:0:0, 0:0:0:0:0, 0:0:0:0:0, 2:2:0:0:2, 2:0:0:0:2, 1:0:0:0:0, 1:0:0:0:0, 2:0:0:0:2, 4:0:0:0:1, 3:0:0:0:2, 2:1:0:0:4, 2:0:0:0:1, 2:0:2:0:0, 2:0:1:0:0, 2:0:0:0:0, 2:0:0:0:0, 2:0:1:0:0, 2:0:0:0:0, 1:0:1:0:0, 1:0:0:0:0, 0:0:0:0:0, 2:0:0:0:0, 1:0:0:0:1, 1:0:0:0:1, 2:0:0:0:0, 1:0:0:0:0, 1:0:0:0:1, 1:0:0:0:1, 0:0:0:0:0, 2:0:0:0:0, 2:0:1:0:0, 3:0:0:0:1, 2:0:0:0:3, 0:0:0:0:0, 0:0:0:0:0, 1:0:0:0:0, 0:0:0:0:0, 2:0:0:0:1, 3:0:0:0:1, 0:0:0:0:0, 1:0:0:0:0, 1:0:0:0:1, 2:0:0:0:1, 0:0:0:0:0, 1:0:0:0:0, 1:0:0:0:2, 2:0:0:0:1, 2:0:0:0:1, 2:0:0:0:0, 2:0:0:0:1, 0:0:0:0:0, 3:0:1:0:0, 2:0:0:0:0, 2:0:0:0:1, 2:0:0:0:0, 3:0:0:0:3, 3:0:0:0:1, 3:0:0:0:2, 2:1:0:0:4, 2:0:0:0:1, 3:0:2:0:0, 3:0:0:0:0, 1:0:0:0:0, 2:0:0:2:2, 1:0:0:0:0, 1:0:0:0:1, 0:0:0:0:0, 2:0:0:0:1, 0:0:0:0:0, 1:2:0:0:2, 2:0:0:0:0, 0:0:0:0:0, 1:0:0:0:0, 1:0:0:0:1, 2:0:0:0:1, 1:0:0:0:1, 1:0:0:0:0, 2:0:0:0:1, 1:0:0:0:0, 3:0:0:0:2, 3:0:0:0:2, 0:0:0:0:0, 0:0:0:0:0, 1:0:0:0:0, 0:0:0:0:0, 0:0:0:0:0, 0:0:0:0:0, 1:0:0:0:0, 1:1:0:0:1, 1:0:0:0:0, 1:0:0:0:1, 1:0:0:0:1, 1:1:0:0:1, 1:0:0:0:0, 1:0:1:0:0, 2:0:0:0:0, 2:0:0:0:0, 1:0:0:0:0, 0:0:0:0:0, 2:1:0:0:1, 2:0:0:0:1, 2:0:0:0:1, 3:0:0:0:0, 3:1:0:0:3, 3:0:0:0:1, 2:1:0:0:3, 2:1:0:0:4, 3:1:0:0:2, 3:0:0:0:1, 2:0:0:0:0, 3:0:0:0:1, 1:0:0:0:0, 0:0:0:0:0, 0:0:0:0:0, 0:0:0:0:0, 1:0:0:0:0, 1:0:0:0:2, 2:0:0:0:1, 3:0:0:0:1, 1:0:0:0:0, 2:0:0:0:1, 1:0:0:0:1, 2:0:0:0:1, 1:0:0:0:0, 0:0:0:0:0, 2:0:0:0:1, 2:0:0:0:0, 3:0:0:0:2, 3:0:0:0:2, 0:0:0:0:0, 1:0:2:0:0, 0:0:0:0:0, 2:1:0:0:2, 1:1:0:0:1, 3:0:0:0:0, 0:0:0:0:0, 1:0:0:0:2, 0:0:0:0:0, 2:0:0:0:1, 1:0:0:0:0, 1:0:0:0:2, 0:0:0:0:0, 2:0:1:0:0, 2:0:0:0:1, 1:0:1:0:0, 1:0:0:0:0, 0:0:0:0:0, 3:0:1:0:0, 2:0:0:0:0, 4:0:0:0:1, 2:0:0:0:0, 3:1:0:0:4, 2:0:0:0:1, 3:0:0:0:2, 2:0:0:0:3, 3:0:0:0:2, 3:1:0:0:2, 3:1:0:0:2, 2:0:0:0:1, 1:0:0:0:0, 1:0:0:0:0, 1:0:0:0:0, 0:0:0:0:0, 1:0:0:0:0, 0:0:0:0:0, 2:0:0:0:0, 2:0:0:0:1, 1:0:0:0:0, 1:0:0:0:0, 1:0:0:0:1, 1:0:0:0:1, 1:0:0:0:1, 0:0:0:0:0, 2:0:0:0:1, 1:0:0:0:0, 4:0:0:0:2, 3:0:0:0:2, 1:0:0:0:1, 1:0:1:0:0, 0:0:0:0:0, 1:0:0:0:0, 1:1:0:0:1, 3:0:0:0:0, 0:0:0:0:0, 1:0:0:0:2, 0:0:0:0:0, 2:0:0:0:1, 1:0:0:0:0, 1:0:0:0:2, 0:0:0:0:0, 2:0:1:0:0, 2:0:0:0:1, 1:0:1:0:0, 1:0:0:0:0, 1:0:0:0:1, 3:0:1:0:0, 2:0:0:0:0, 2:0:0:0:1, 2:0:0:0:0, 3:1:0:0:5, 2:0:0:0:1, 3:0:0:0:2, 2:0:0:0:4, 3:0:0:0:2, 3:1:0:0:2, 3:1:0:0:2, 2:0:0:0:1, 1:0:0:0:0, 1:0:0:0:0, 1:0:0:0:0, 0:0:0:0:0, 1:0:0:0:0, 0:0:0:0:0, 2:0:0:0:0, 2:0:0:0:1, 1:0:0:0:0, 1:0:0:0:0, 1:0:0:0:1, 2:0:0:0:1, 1:0:0:0:1, 0:0:0:0:0, 2:0:0:0:1, 1:0:0:0:0, 3:0:0:0:2, 3:0:0:0:2, 1:0:0:0:1, 1:0:1:0:0, 0:0:0:0:0, 1:1:0:0:1, 0:0:0:0:0, 0:0:0:0:0, 0:0:0:0:0, 0:0:0:0:0, 2:0:0:0:1, 1:0:0:0:1, 1:0:0:0:1, 1:0:0:0:0, 1:0:0:0:0, 2:0:0:0:1, 1:0:0:0:0, 1:0:0:0:0, 1:0:0:0:0, 2:0:1:0:0, 3:0:0:0:1, 2:0:0:0:0, 2:0:0:0:1, 3:0:0:0:0, 3:1:0:0:4, 2:0:0:0:1, 2:1:0:0:3, 3:0:0:0:4, 2:0:0:0:1, 3:0:0:0:3, 3:0:1:0:1, 1:0:0:0:0, 2:0:0:0:0, 2:0:0:0:1, 1:0:0:0:0, 0:0:0:0:0, 3:1:0:0:1, 1:0:0:0:0, 1:0:0:0:1, 0:0:0:0:0, 2:0:0:0:0, 2:0:0:0:1, 1:0:0:0:0, 2:0:0:0:1, 1:0:0:0:1, 2:0:0:0:1, 2:0:0:0:0, 1:0:0:0:0, 3:1:0:0:4, 4:0:0:0:3, 1:0:0:0:0, 0:0:0:0:0, 0:0:0:0:0, 1:0:0:0:1, 1:0:0:0:0, 0:0:0:0:0, 1:0:0:0:0, 1:0:0:0:0, 2:0:0:0:1, 0:0:0:0:0, 0:0:0:0:0, 0:0:0:0:0, 0:0:0:0:0, 0:0:0:0:0, 0:0:0:0:0, 0:0:0:0:0, 0:0:0:0:0, 0:0:0:0:0, 0:0:0:0:0, 0:0:0:0:0, 437:30:23:2:212
A phrygian (3#), 2:0:0:0:0, 2:1:0:0:0, 4:1:0:0:1, 3:0:0:0:1, 3:0:0:0:0, 3:1:0:0:1, 2:2:0:0:0, 3:3:1:0:1, 2:2:0:0:2, 3:2:0:0:1, 3:1:1:0:3, 2:3:0:0:2, 3:2:0:0:3, 3:2:0:0:3, 2:1:0:0:1, 2:1:0:0:1, 3:1:0:0:1, 1:2:0:0:2, 1:0:2:0:2, 2:1:0:0:0, 2:0:0:0:0, 1:0:0:0:0, 2:0:0:0:0, 2:0:0:0:0, 2:0:0:0:0, 0:0:0:0:0, 2:0:0:0:0, 2:1:0:0:1, 2:2:0:0:3, 3:1:0:0:2, 1:0:0:0:0, 3:1:0:0:1, 2:1:0:0:0, 2:0:0:0:0, 1:0:0:0:0, 3:0:0:0:0, 1:0:0:0:0, 2:0:0:0:0, 2:2:0:0:0, 4:1:0:0:0, 1:2:0:0:2, 3:3:1:0:4, 1:0:0:0:1, 1:0:0:0:0, 3:1:0:0:1, 3:3:0:0:0, 2:3:0:0:3, 2:1:0:0:1, 2:0:0:0:1, 2:0:0:0:0, 3:0:0:0:0, 4:0:0:0:1, 3:0:0:0:0, 3:1:0:0:1, 3:2:0:0:0, 3:2:0:0:0, 2:1:0:0:1, 1:1:0:0:1, 4:1:0:0:2, 2:1:1:0:2, 4:3:1:0:4, 3:1:0:0:1, 2:2:0:0:1, 3:1:0:0:1, 1:1:0:0:1, 4:2:0:0:3, 0:0:0:0:0, 1:0:2:0:2, 1:0:0:0:0, 2:0:0:0:0, 1:0:0:0:0, 1:0:0:0:0, 2:0:0:3:3, 1:1:0:0:1, 4:1:0:0:0, 2:1:0:0:0, 3:3:0:0:3, 2:2:0:0:4, 2:0:0:0:0, 2:1:0:0:1, 2:0:0:0:0, 2:1:0:0:0, 4:1:0:0:1, 3:1:0:0:0, 2:0:0:0:1, 2:0:0:0:0, 2:2:0:0:0, 2:2:0:0:0, 2:2:0:0:2, 3:2:0:0:3, 1:0:0:0:0, 0:0:0:0:0, 3:1:0:0:1, 3:3:0:0:0, 3:3:0:0:2, 2:2:0:0:2, 2:1:0:0:1, 3:1:0:0:1, 4:0:0:0:0, 3:0:0:0:0, 2:1:0:0:1, 2:0:0:0:0, 2:2:0:0:0, 3:1:1:0:1, 1:3:0:0:3, 3:1:0:0:2, 3:1:0:0:2, 2:1:1:0:2, 3:2:0:0:3, 2:2:0:0:2, 3:1:1:0:2, 3:1:0:0:2, 2:1:0:0:1, 5:3:0:0:4, 0:0:0:0:0, 2:0:1:0:1, 1:0:0:0:0, 2:0:0:0:0, 0:0:0:0:0, 1:0:0:0:0, 2:0:0:0:1, 1:1:0:0:0, 2:1:0:0:0, 2:0:0:0:1, 4:2:0:0:2, 3:1:0:0:3, 1:0:0:0:0, 2:1:0:0:1, 2:0:0:0:1, 2:0:0:0:0, 3:1:0:0:1, 3:0:0:0:0, 3:0:0:0:0, 3:1:0:0:1, 3:3:1:0:1, 3:2:0:0:0, 2:2:0:0:2, 2:1:0:0:3, 2:0:0:0:1, 1:0:0:0:1, 4:0:0:0:0, 3:4:2:0:2, 2:2:0:0:2, 2:1:0:0:1, 2:0:0:0:0, 3:1:0:0:0, 3:1:0:0:1, 1:0:0:0:0, 3:0:0:0:0, 2:1:0:0:1, 2:2:0:0:0, 2:2:0:0:0, 1:3:0:0:3, 3:1:0:0:2, 3:1:0:0:2, 3:1:0:0:2, 3:2:0:0:3, 3:1:0:0:2, 2:2:0:0:1, 3:1:0:0:1, 1:1:0:0:1, 4:2:0:0:3, 2:0:0:0:1, 2:0:0:0:0, 0:0:0:0:0, 1:0:0:0:0, 1:0:0:0:0, 0:0:0:0:0, 1:0:1:0:1, 1:0:0:0:0, 2:1:0:0:0, 2:1:0:0:0, 2:2:0:0:2, 3:2:0:0:4, 1:0:0:0:0, 3:1:0:0:1, 2:1:0:0:0, 3:0:0:0:1, 2:0:0:0:0, 2:0:0:0:0, 3:0:0:0:0, 2:0:0:0:0, 2:2:0:0:0, 4:2:0:0:0, 2:2:0:0:2, 3:2:0:0:3, 0:0:0:0:0, 0:0:0:0:0, 3:0:0:0:0, 3:3:1:0:1, 2:3:0:0:3, 2:1:0:0:1, 3:0:0:0:0, 3:1:0:0:0, 3:1:0:0:1, 1:0:0:0:0, 3:0:0:0:0, 2:1:0:0:1, 2:2:0:0:0, 2:2:0:0:0, 1:3:0:0:3, 3:1:0:0:2, 3:1:0:0:2, 3:1:0:0:2, 3:2:0:0:3, 2:1:0:0:1, 2:2:0:0:1, 3:1:0:0:1, 2:1:0:0:1, 4:2:0:0:3, 2:0:0:0:1, 2:0:0:0:0, 0:0:0:0:0, 0:0:0:0:0, 1:0:0:0:0, 0:0:0:0:0, 1:0:1:0:1, 1:0:0:0:0, 2:1:0:0:0, 2:1:0:0:0, 3:2:0:0:2, 3:2:0:0:4, 2:1:0:0:0, 3:1:0:0:1, 2:1:0:0:0, 3:0:0:0:1, 2:0:0:0:0, 2:0:0:0:0, 3:0:0:0:0, 3:1:0:0:1, 2:2:0:0:0, 4:2:0:0:0, 2:2:0:0:2, 3:2:0:0:3, 1:0:0:0:0, 0:0:0:0:0, 3:0:0:0:0, 3:3:1:0:1, 2:3:0:0:3, 2:1:0:0:1, 2:1:0:0:1, 3:1:0:0:1, 4:0:0:0:0, 3:0:0:0:0, 2:0:0:0:0, 2:0:0:0:0, 2:2:0:0:0, 2:2:0:0:0, 3:3:0:0:3, 4:1:1:0:2, 2:2:0:0:3, 3:1:0:0:2, 2:2:1:0:3, 2:1:0:0:2, 3:1:0:0:1, 4:1:0:0:2, 1:1:0:0:1, 5:2:0:0:3, 2:0:0:0:1, 2:0:0:0:0, 1:0:0:0:0, 0:0:0:0:0, 2:0:0:0:0, 1:0:0:0:0, 1:0:0:0:1, 1:0:0:0:0, 3:1:0:0:0, 2:0:0:0:0, 3:2:0:0:2, 2:2:0:0:4, 0:0:0:0:0, 1:0:0:0:0, 2:0:0:0:0, 3:1:0:0:1, 2:1:0:0:0, 3:0:0:0:1, 4:0:0:0:1, 3:1:0:0:1, 3:2:0:0:0, 2:1:0:0:0, 1:2:0:0:2, 2:2:0:0:3, 1:0:0:0:1, 0:0:0:0:0, 3:0:0:0:0, 2:3:0:0:0, 2:3:0:0:4, 1:0:0:0:0, 3:0:0:0:0, 2:3:0:0:0, 1:4:0:0:4, 2:0:0:0:0, 1:0:0:0:0, 2:3:0:0:0, 2:3:0:0:4, 2:4:0:0:5, 1:7:0:0:7, 2:0:0:0:1, 1:0:0:0:0, 1:0:0:0:0, 1:0:0:0:0, 1:0:0:0:0, 1:0:0:0:0, 1:0:0:0:0, 656:299:22:3:293
Eb lydian (3b), 1:2:0:0:2, 2:0:0:0:0, 1:0:0:0:0, 1:0:0:0:0, 0:0:0:0:0, 2:0:0:0:0, 1:0:0:0:1, 2:0:1:0:1, 2:0:0:0:1, 2:0:0:0:0, 1:1:0:0:1, 2:0:0:0:0, 0:0:0:0:0, 0:0:0:0:0, 2:2:0:0:2, 2:0:0:0:2, 1:0:0:0:0, 1:0:0:0:0, 2:0:0:0:2, 4:0:0:0:1, 3:0:0:0:2, 2:1:0:0:4, 2:0:0:0:1, 2:0:2:0:0, 2:0:1:0:0, 2:0:0:0:0, 2:0:0:0:0, 2:0:1:0:0, 2:0:0:0:0, 1:0:1:0:0, 1:0:0:0:0, 0:0:0:0:0, 2:0:0:0:0, 1:0:0:0:1, 1:0:0:0:1, 2:0:0:0:0, 1:0:0:0:0, 1:0:0:0:1, 1:0:0:0:1, 0:0:0:0:0, 2:0:0:0:0, 2:0:1:0:0, 3:0:0:0:1, 2:0:0:0:3, 0:0:0:0:0, 0:0:0:0:0, 1:0:0:0:0, 0:0:0:0:0, 2:0:0:0:1, 3:0:0:0:1, 0:0:0:0:0, 1:0:0:0:0, 1:0:0:0:1, 2:0:0:0:1, 0:0:0:0:0, 1:0:0:0:0, 1:0:0:0:2, 2:0:0:0:1, 2:0:0:0:1, 2:0:0:0:0, 2:0:0:0:1, 0:0:0:0:0, 3:0:1:0:0, 2:0:0:0:0, 2:0:0:0:1, 2:0:0:0:0, 3:0:0:0:3, 3:0:0:0:1, 3:0:0:0:2, 2:1:0:0:4, 2:0:0:0:1, 3:0:2:0:0, 3:0:0:0:0, 1:0:0:0:0, 2:0:0:2:2, 1:0:0:0:0, 1:0:0:0:1, 0:0:0:0:0, 2:0:0:0:1, 0:0:0:0:0, 1:2:0:0:2, 2:0:0:0:0, 0:0:0:0:0, 1:0:0:0:0, 1:0:0:0:1, 2:0:0:0:1, 1:0:0:0:1, 1:0:0:0:0, 2:0:0:0:1, 1:0:0:0:0, 3:0:0:0:2, 3:0:0:0:2, 0:0:0:0:0, 0:0:0:0:0, 1:0:0:0:0, 0:0:0:0:0, 0:0:0:0:0, 0:0:0:0:0, 1:0:0:0:0, 1:1:0:0:1, 1:0:0:0:0, 1:0:0:0:1, 1:0:0:0:1, 1:1:0:0:1, 1:0:0:0:0, 1:0:1:0:0, 2:0:0:0:0, 2:0:0:0:0, 1:0:0:0:0, 0:0:0:0:0, 2:1:0:0:1, 2:0:0:0:1, 2:0:0:0:1, 3:0:0:0:0, 3:1:0:0:3, 3:0:0:0:1, 2:1:0:0:3, 2:1:0:0:4, 3:1:0:0:2, 3:0:0:0:1, 2:0:0:0:0, 3:0:0:0:1, 1:0:0:0:0, 0:0:0:0:0, 0:0:0:0:0, 0:0:0:0:0, 1:0:0:0:0, 1:0:0:0:2, 2:0:0:0:1, 3:0:0:0:1, 1:0:0:0:0, 2:0:0:0:1, 1:0:0:0:1, 2:0:0:0:1, 1:0:0:0:0, 0:0:0:0:0, 2:0:0:0:1, 2:0:0:0:0, 3:0:0:0:2, 3:0:0:0:2, 0:0:0:0:0, 1:0:2:0:0, 0:0:0:0:0, 2:1:0:0:2, 1:1:0:0:1, 3:0:0:0:0, 0:0:0:0:0, 1:0:0:0:2, 0:0:0:0:0, 2:0:0:0:1, 1:0:0:0:0, 1:0:0:0:2, 0:0:0:0:0, 2:0:1:0:0, 2:0:0:0:1, 1:0:1:0:0, 1:0:0:0:0, 0:0:0:0:0, 3:0:1:0:0, 2:0:0:0:0, 4:0:0:0:1, 2:0:0:0:0, 3:1:0:0:4, 2:0:0:0:1, 3:0:0:0:2, 2:0:0:0:3, 3:0:0:0:2, 3:1:0:0:2, 3:1:0:0:2, 2:0:0:0:1, 1:0:0:0:0, 1:0:0:0:0, 1:0:0:0:0, 0:0:0:0:0, 1:0:0:0:0, 0:0:0:0:0, 2:0:0:0:0, 2:0:0:0:1, 1:0:0:0:0, 1:0:0:0:0, 1:0:0:0:1, 1:0:0:0:1, 1:0:0:0:1, 0:0:0:0:0, 2:0:0:0:1, 1:0:0:0:0, 4:0:0:0:2, 3:0:0:0:2, 1:0:0:0:1, 1:0:1:0:0, 0:0:0:0:0, 1:0:0:0:0, 1:1:0:0:1, 3:0:0:0:0, 0:0:0:0:0, 1:0:0:0:2, 0:0:0:0:0, 2:0:0:0:1, 1:0:0:0:0, 1:0:0:0:2, 0:0:0:0:0, 2:0:1:0:0, 2:0:0:0:1, 1:0:1:0:0, 1:0:0:0:0, 1:0:0:0:1, 3:0:1:0:0, 2:0:0:0:0, 2:0:0:0:1, 2:0:0:0:0, 3:1:0:0:5, 2:0:0:0:1, 3:0:0:0:2, 2:0:0:0:4, 3:0:0:0:2, 3:1:0:0:2, 3:1:0:0:2, 2:0:0:0:1, 1:0:0:0:0, 1:0:0:0:0, 1:0:0:0:0, 0:0:0:0:0, 1:0:0:0:0, 0:0:0:0:0, 2:0:0:0:0, 2:0:0:0:1, 1:0:0:0:0, 1:0:0:0:0, 1:0:0:0:1, 2:0:0:0:1, 1:0:0:0:1, 0:0:0:0:0, 2:0:0:0:1, 1:0:0:0:0, 3:0:0:0:2, 3:0:0:0:2, 1:0:0:0:1, 1:0:1:0:0, 0:0:0:0:0, 1:1:0:0:1, 0:0:0:0:0, 0:0:0:0:0, 0:0:0:0:0, 0:0:0:0:0, 2:0:0:0:1, 1:0:0:0:1, 1:0:0:0:1, 1:0:0:0:0, 1:0:0:0:0, 2:0:0:0:1, 1:0:0:0:0, 1:0:0:0:0, 1:0:0:0:0, 2:0:1:0:0, 3:0:0:0:1, 2:0:0:0:0, 2:0:0:0:1, 3:0:0:0:0, 3:1:0:0:4, 2:0:0:0:1, 2:1:0:0:3, 3:0:0:0:4, 2:0:0:0:1, 3:0:0:0:3, 3:0:1:0:1, 1:0:0:0:0, 2:0:0:0:0, 2:0:0:0:1, 1:0:0:0:0, 0:0:0:0:0, 3:1:0:0:1, 1:0:0:0:0, 1:0:0:0:1, 0:0:0:0:0, 2:0:0:0:0, 2:0:0:0:1, 1:0:0:0:0, 2:0:0:0:1, 1:0:0:0:1, 2:0:0:0:1, 2:0:0:0:0, 1:0:0:0:0, 3:1:0:0:4, 4:0:0:0:3, 1:0:0:0:0, 0:0:0:0:0, 0:0:0:0:0, 1:0:0:0:1, 1:0:0:0:0, 0:0:0:0:0, 1:0:0:0:0, 1:0:0:0:0, 2:0:0:0:1, 0:0:0:0:0, 0:0:0:0:0, 0:0:0:0:0, 0:0:0:0:0, 0:0:0:0:0, 0:0:0:0:0, 0:0:0:0:0, 0:0:0:0:0, 0:0:0:0:0, 0:0:0:0:0, 0:0:0:0:0, 437:30:23:2:212
A lydian (3#), 2:0:0:0:0, 2:1:0:0:0, 4:1:0:0:1, 3:0:0:0:1, 3:0:0:0:0, 3:1:0:0:1, 2:2:0:0:0, 3:3:1:0:1, 2:2:0:0:2, 3:2:0:0:1, 3:1:1:0:3, 2:3:0:0:2, 3:2:0:0:3, 3:2:0:0:3, 2:1:0:0:1, 2:1:0:0:1, 3:1:0:0:1, 1:2:0:0:2, 1:0:2:0:2, 2:1:0:0:0, 2:0:0:0:0, 1:0:0:0:0, 2:0:0:0:0, 2:0:0:0:0, 2:0:0:0:0, 0:0:0:0:0, 2:0:0:0:0, 2:1:0:0:1, 2:2:0:0:3, 3:1:0:0:2, 1:0:0:0:0, 3:1:0:0:1, 2:1:0:0:0, 2:0:0:0:0, 1:0:0:0:0, 3:0:0:0:0, 1:0:0:0:0, 2:0:0:0:0, 2:2:0:0:0, 4:1:0:0:0, 1:2:0:0:2, 3:3:1:0:4, 1:0:0:0:1, 1:0:0:0:0, 3:1:0:0:1, 3:3:0:0:0, 2:3:0:0:3, 2:1:0:0:1, 2:0:0:0:1, 2:0:0:0:0, 3:0:0:0:0, 4:0:0:0:1, 3:0:0:0:0, 3:1:0:0:1, 3:2:0:0:0, 3:2:0:0:0, 2:1:0:0:1, 1:1:0:0:1, 4:1:0:0:2, 2:1:1:0:2, 4:3:1:0:4, 3:1:0:0:1, 2:2:0:0:1, 3:1:0:0:1, 1:1:0:0:1, 4:2:0:0:3, 0:0:0:0:0, 1:0:2:0:2, 1:0:0:0:0, 2:0:0:0:0, 1:0:0:0:0, 1:0:0:0:0, 2:0:0:3:3, 1:1:0:0:1, 4:1:0:0:0, 2:1:0:0:0, 3:3:0:0:3, 2:2:0:0:4, 2:0:0:0:0, 2:1:0:0:1, 2:0:0:0:0, 2:1:0:0:0, 4:1:0:0:1, 3:1:0:0:0, 2:0:0:0:1, 2:0:0:0:0, 2:2:0:0:0, 2:2:0:0:0, 2:2:0:0:2, 3:2:0:0:3, 1:0:0:0:0, 0:0:0:0:0, 3:1:0:0:1, 3:3:0:0:0, 3:3:0:0:2, 2:2:0:0:2, 2:1:0:0:1, 3:1:0:0:1, 4:0:0:0:0, 3:0:0:0:0, 2:1:0:0:1, 2:0:0:0:0, 2:2:0:0:0, 3:1:1:0:1, 1:3:0:0:3, 3:1:0:0:2, 3:1:0:0:2, 2:1:1:0:2, 3:2:0:0:3, 2:2:0:0:2, 3:1:1:0:2, 3:1:0:0:2, 2:1:0:0:1, 5:3:0:0:4, 0:0:0:0:0, 2:0:1:0:1, 1:0:0:0:0, 2:0:0:0:0, 0:0:0:0:0, 1:0:0:0:0, 2:0:0:0:1, 1:1:0:0:0, 2:1:0:0:0, 2:0:0:0:1, 4:2:0:0:2, 3:1:0:0:3, 1:0:0:0:0, 2:1:0:0:1, 2:0:0:0:1, 2:0:0:0:0, 3:1:0:0:1, 3:0:0:0:0, 3:0:0:0:0, 3:1:0:0:1, 3:3:1:0:1, 3:2:0:0:0, 2:2:0:0:2, 2:1:0:0:3, 2:0:0:0:1, 1:0:0:0:1, 4:0:0:0:0, 3:4:2:0:2, 2:2:0:0:2, 2:1:0:0:1, 2:0:0:0:0, 3:1:0:0:0, 3:1:0:0:1, 1:0:0:0:0, 3:0:0:0:0, 2:1:0:0:1, 2:2:0:0:0, 2:2:0:0:0, 1:3:0:0:3, 3:1:0:0:2, 3:1:0:0:2, 3:1:0:0:2, 3:2:0:0:3, 3:1:0:0:2, 2:2:0:0:1, 3:1:0:0:1, 1:1:0:0:1, 4:2:0:0:3, 2:0:0:0:1, 2:0:0:0:0, 0:0:0:0:0, 1:0:0:0:0, 1:0:0:0:0, 0:0:0:0:0, 1:0:1:0:1, 1:0:0:0:0, 2:1:0:0:0, 2:1:0:0:0, 2:2:0:0:2, 3:2:0:0:4, 1:0:0:0:0, 3:1:0:0:1, 2:1:0:0:0, 3:0:0:0:1, 2:0:0:0:0, 2:0:0:0:0, 3:0:0:0:0, 2:0:0:0:0, 2:2:0:0:0, 4:2:0:0:0, 2:2:0:0:2, 3:2:0:0:3, 0:0:0:0:0, 0:0:0:0:0, 3:0:0:0:0, 3:3:1:0:1, 2:3:0:0:3, 2:1:0:0:1, 3:0:0:0:0, 3:1:0:0:0, 3:1:0:0:1, 1:0:0:0:0, 3:0:0:0:0, 2:1:0:0:1, 2:2:0:0:0, 2:2:0:0:0, 1:3:0:0:3, 3:1:0:0:2, 3:1:0:0:2, 3:1:0:0:2, 3:2:0:0:3, 2:1:0:0:1, 2:2:0:0:1, 3:1:0:0:1, 2:1:0:0:1, 4:2:0:0:3, 2:0:0:0:1, 2:0:0:0:0, 0:0:0:0:0, 0:0:0:0:0, 1:0:0:0:0, 0:0:0:0:0, 1:0:1:0:1, 1:0:0:0:0, 2:1:0:0:0, 2:1:0:0:0, 3:2:0:0:2, 3:2:0:0:4, 2:1:0:0:0, 3:1:0:0:1, 2:1:0:0:0, 3:0:0:0:1, 2:0:0:0:0, 2:0:0:0:0, 3:0:0:0:0, 3:1:0:0:1, 2:2:0:0:0, 4:2:0:0:0, 2:2:0:0:2, 3:2:0:0:3, 1:0:0:0:0, 0:0:0:0:0, 3:0:0:0:0, 3:3:1:0:1, 2:3:0:0:3, 2:1:0:0:1, 2:1:0:0:1, 3:1:0:0:1, 4:0:0:0:0, 3:0:0:0:0, 2:0:0:0:0, 2:0:0:0:0, 2:2:0:0:0, 2:2:0:0:0, 3:3:0:0:3, 4:1:1:0:2, 2:2:0:0:3, 3:1:0:0:2, 2:2:1:0:3, 2:1:0:0:2, 3:1:0:0:1, 4:1:0:0:2, 1:1:0:0:1, 5:2:0:0:3, 2:0:0:0:1, 2:0:0:0:0, 1:0:0:0:0, 0:0:0:0:0, 2:0:0:0:0, 1:0:0:0:0, 1:0:0:0:1, 1:0:0:0:0, 3:1:0:0:0, 2:0:0:0:0, 3:2:0:0:2, 2:2:0:0:4, 0:0:0:0:0, 1:0:0:0:0, 2:0:0:0:0, 3:1:0:0:1, 2:1:0:0:0, 3:0:0:0:1, 4:0:0:0:1, 3:1:0:0:1, 3:2:0:0:0, 2:1:0:0:0, 1:2:0:0:2, 2:2:0:0:3, 1:0:0:0:1, 0:0:0:0:0, 3:0:0:0:0, 2:3:0:0:0, 2:3:0:0:4, 1:0:0:0:0, 3:0:0:0:0, 2:3:0:0:0, 1:4:0:0:4, 2:0:0:0:0, 1:0:0:0:0, 2:3:0:0:0, 2:3:0:0:4, 2:4:0:0:5, 1:7:0:0:7, 2:0:0:0:1, 1:0:0:0:0, 1:0:0:0:0, 1:0:0:0:0, 1:0:0:0:0, 1:0:0:0:0, 1:0:0:0:0, 656:299:22:3:293
Eb mixolydian (3b), 1:2:0:0:2, 2:0:0:0:0, 1:0:0:0:0, 1:0:0:0:0, 0:0:0:0:0, 2:0:0:0:0, 1:0:0:0:1, 2:0:1:0:1, 2:0:0:0:1, 2:0:0:0:0, 1:1:0:0:1, 2:0:0:0:0, 0:0:0:0:0, 0:0:0:0:0, 2:2:0:0:2, 2:0:0:0:2, 1:0:0:0:0, 1:0:0:0:0, 2:0:0:0:2, 4:0:0:0:1, 3:0:0:0:2, 2:1:0:0:4, 2:0:0:0:1, 2:0:2:0:0, 2:0:1:0:0, 2:0:0:0:0, 2:0:0:0:0, 2:0:1:0:0, 2:0:0:0:0, 1:0:1:0:0, 1:0:0:0:0, 0:0:0:0:0, 2:0:0:0:0, 1:0:0:0:1, 1:0:0:0:1, 2:0:0:0:0, 1:0:0:0:0, 1:0:0:0:1, 1:0:0:0:1, 0:0:0:0:0, 2:0:0:0:0, 2:0:1:0:0, 3:0:0:0:1, 2:0:0:0:3, 0:0:0:0:0, 0:0:0:0:0, 1:0:0:0:0, 0:0:0:0:0, 2:0:0:0:1, 3:0:0:0:1, 0:0:0:0:0, 1:0:0:0:0, 1:0:0:0:1, 2:0:0:0:1, 0:0:0:0:0, 1:0:0:0:0, 1:0:0:0:2, 2:0:0:0:1, 2:0:0:0:1, 2:0:0:0:0, 2:0:0:0:1, 0:0:0:0:0, 3:0:1:0:0, 2:0:0:0:0, 2:0:0:0:1, 2:0:0:0:0, 3:0:0:0:3, 3:0:0:0:1, 3:0:0:0:2, 2:1:0:0:4, 2:0:0:0:1, 3:0:2:0:0, 3:0:0:0:0, 1:0:0:0:0, 2:0:0:2:2, 1:0:0:0:0, 1:0:0:0:1, 0:0:0:0:0, 2:0:0:0:1, 0:0:0:0:0, 1:2:0:0:2, 2:0:0:0:0, 0:0:0:0:0, 1:0:0:0:0, 1:0:0:0:1, 2:0:0:0:1, 1:0:0:0:1, 1:0:0:0:0, 2:0:0:0:1, 1:0:0:0:0, 3:0:0:0:2, 3:0:0:0:2, 0:0:0:0:0, 0:0:0:0:0, 1:0:0:0:0, 0:0:0:0:0, 0:0:0:0:0, 0:0:0:0:0, 1:0:0:0:0, 1:1:0:0:1, 1:0:0:0:0, 1:0:0:0:1, 1:0:0:0:1, 1:1:0:0:1, 1:0:0:0:0, 1:0:1:0:0, 2:0:0:0:0, 2:0:0:0:0, 1:0:0:0:0, 0:0:0:0:0, 2:1:0:0:1, 2:0:0:0:1, 2:0:0:0:1, 3:0:0:0:0, 3:1:0:0:3, 3:0:0:0:1, 2:1:0:0:3, 2:1:0:0:4, 3:1:0:0:2, 3:0:0:0:1, 2:0:0:0:0, 3:0:0:0:1, 1:0:0:0:0, 0:0:0:0:0, 0:0:0:0:0, 0:0:0:0:0, 1:0:0:0:0, 1:0:0:0:2, 2:0:0:0:1, 3:0:0:0:1, 1:0:0:0:0, 2:0:0:0:1, 1:0:0:0:1, 2:0:0:0:1, 1:0:0:0:0, 0:0:0:0:0, 2:0:0:0:1, 2:0:0:0:0, 3:0:0:0:2, 3:0:0:0:2, 0:0:0:0:0, 1:0:2:0:0, 0:0:0:0:0, 2:1:0:0:2, 1:1:0:0:1, 3:0:0:0:0, 0:0:0:0:0, 1:0:0:0:2, 0:0:0:0:0, 2:0:0:0:1, 1:0:0:0:0, 1:0:0:0:2, 0:0:0:0:0, 2:0:1:0:0, 2:0:0:0:1, 1:0:1:0:0, 1:0:0:0:0, 0:0:0:0:0, 3:0:1:0:0, 2:0:0:0:0, 4:0:0:0:1, 2:0:0:0:0, 3:1:0:0:4, 2:0:0:0:1, 3:0:0:0:2, 2:0:0:0:3, 3:0:0:0:2, 3:1:0:0:2, 3:1:0:0:2, 2:0:0:0:1, 1:0:0:0:0, 1:0:0:0:0, 1:0:0:0:0, 0:0:0:0:0, 1:0:0:0:0, 0:0:0:0:0, 2:0:0:0:0, 2:0:0:0:1, 1:0:0:0:0, 1:0:0:0:0, 1:0:0:0:1, 1:0:0:0:1, 1:0:0:0:1, 0:0:0:0:0, 2:0:0:0:1, 1:0:0:0:0, 4:0:0:0:2, 3:0:0:0:2, 1:0:0:0:1, 1:0:1:0:0, 0:0:0:0:0, 1:0:0:0:0, 1:1:0:0:1, 3:0:0:0:0, 0:0:0:0:0, 1:0:0:0:2, 0:0:0:0:0, 2:0:0:0:1, 1:0:0:0:0, 1:0:0:0:2, 0:0:0:0:0, 2:0:1:0:0, 2:0:0:0:1, 1:0:1:0:0, 1:0:0:0:0, 1:0:0:0:1, 3:0:1:0:0, 2:0:0:0:0, 2:0:0:0:1, 2:0:0:0:0, 3:1:0:0:5, 2:0:0:0:1, 3:0:0:0:2, 2:0:0:0:4, 3:0:0:0:2, 3:1:0:0:2, 3:1:0:0:2, 2:0:0:0:1, 1:0:0:0:0, 1:0:0:0:0, 1:0:0:0:0, 0:0:0:0:0, 1:0:0:0:0, 0:0:0:0:0, 2:0:0:0:0, 2:0:0:0:1, 1:0:0:0:0, 1:0:0:0:0, 1:0:0:0:1, 2:0:0:0:1, 1:0:0:0:1, 0:0:0:0:0, 2:0:0:0:1, 1:0:0:0:0, 3:0:0:0:2, 3:0:0:0:2, 1:0:0:0:1, 1:0:1:0:0, 0:0:0:0:0, 1:1:0:0:1, 0:0:0:0:0, 0:0:0:0:0, 0:0:0:0:0, 0:0:0:0:0, 2:0:0:0:1, 1:0:0:0:1, 1:0:0:0:1, 1:0:0:0:0, 1:0:0:0:0, 2:0:0:0:1, 1:0:0:0:0, 1:0:0:0:0, 1:0:0:0:0, 2:0:1:0:0, 3:0:0:0:1, 2:0:0:0:0, 2:0:0:0:1, 3:0:0:0:0, 3:1:0:0:4, 2:0:0:0:1, 2:1:0:0:3, 3:0:0:0:4, 2:0:0:0:1, 3:0:0:0:3, 3:0:1:0:1, 1:0:0:0:0, 2:0:0:0:0, 2:0:0:0:1, 1:0:0:0:0, 0:0:0:0:0, 3:1:0:0:1, 1:0:0:0:0, 1:0:0:0:1, 0:0:0:0:0, 2:0:0:0:0, 2:0:0:0:1, 1:0:0:0:0, 2:0:0:0:1, 1:0:0:0:1, 2:0:0:0:1, 2:0:0:0:0, 1:0:0:0:0, 3:1:0:0:4, 4:0:0:0:3, 1:0:0:0:0, 0:0:0:0:0, 0:0:0:0:0, 1:0:0:0:1, 1:0:0:0:0, 0:0:0:0:0, 1:0:0:0:0, 1:0:0:0:0, 2:0:0:0:1, 0:0:0:0:0, 0:0:0:0:0, 0:0:0:0:0, 0:0:0:0:0, 0:0:0:0:0, 0:0:0:0:0, 0:0:0:0:0, 0:0:0:0:0, 0:0:0:0:0, 0:0:0:0:0, 0:0:0:0:0, 437:30:23:2:212
A mixolydian (3#), 2:0:0:0:0, 2:1:0:0:0, 4:1:0:0:1, 3:0:0:0:1, 3:0:0:0:0, 3:1:0:0:1, 2:2:0:0:0, 3:3:1:0:1, 2:2:0:0:2, 3:2:0:0:1, 3:1:1:0:3, 2:3:0:0:2, 3:2:0:0:3, 3:2:0:0:3, 2:1:0:0:1, 2:1:0:0:1, 3:1:0:0:1, 1:2:0:0:2, 1:0:2:0:2, 2:1:0:0:0, 2:0:0:0:0, 1:0:0:0:0, 2:0:0:0:0, 2:0:0:0:0, 2:0:0:0:0, 0:0:0:0:0, 2:0:0:0:0, 2:1:0:0:1, 2:2:0:0:3, 3:1:0:0:2, 1:0:0:0:0, 3:1:0:0:1, 2:1:0:0:0, 2:0:0:0:0, 1:0:0:0:0, 3:0:0:0:0, 1:0:0:0:0, 2:0:0:0:0, 2:2:0:0:0, 4:1:0:0:0, 1:2:0:0:2, 3:3:1:0:4, 1:0:0:0:1, 1:0:0:0:0, 3:1:0:0:1, 3:3:0:0:0, 2:3:0:0:3, 2:1:0:0:1, 2:0:0:0:1, 2:0:0:0:0, 3:0:0:0:0, 4:0:0:0:1, 3:0:0:0:0, 3:1:0:0:1, 3:2:0:0:0, 3:2:0:0:0, 2:1:0:0:1, 1:1:0:0:1, 4:1:0:0:2, 2:1:1:0:2, 4:3:1:0:4, 3:1:0:0:1, 2:2:0:0:1, 3:1:0:0:1, 1:1:0:0:1, 4:2:0:0:3, 0:0:0:0:0, 1:0:2:0:2, 1:0:0:0:0, 2:0:0:0:0, 1:0:0:0:0, 1:0:0:0:0, 2:0:0:3:3, 1:1:0:0:1, 4:1:0:0:0, 2:1:0:0:0, 3:3:0:0:3, 2:2:0:0:4, 2:0:0:0:0, 2:1:0:0:1, 2:0:0:0:0, 2:1:0:0:0, 4:1:0:0:1, 3:1:0:0:0, 2:0:0:0:1, 2:0:0:0:0, 2:2:0:0:0, 2:2:0:0:0, 2:2:0:0:2, 3:2:0:0:3, 1:0:0:0:0, 0:0:0:0:0, 3:1:0:0:1, 3:3:0:0:0, 3:3:0:0:2, 2:2:0:0:2, 2:1:0:0:1, 3:1:0:0:1, 4:0:0:0:0, 3:0:0:0:0, 2:1:0:0:1, 2:0:0:0:0, 2:2:0:0:0, 3:1:1:0:1, 1:3:0:0:3, 3:1:0:0:2, 3:1:0:0:2, 2:1:1:0:2, 3:2:0:0:3, 2:2:0:0:2, 3:1:1:0:2, 3:1:0:0:2, 2:1:0:0:1, 5:3:0:0:4, 0:0:0:0:0, 2:0:1:0:1, 1:0:0:0:0, 2:0:0:0:0, 0:0:0:0:0, 1:0:0:0:0, 2:0:0:0:1, 1:1:0:0:0, 2:1:0:0:0, 2:0:0:0:1, 4:2:0:0:2, 3:1:0:0:3, 1:0:0:0:0, 2:1:0:0:1, 2:0:0:0:1, 2:0:0:0:0, 3:1:0:0:1, 3:0:0:0:0, 3:0:0:0:0, 3:1:0:0:1, 3:3:1:0:1, 3:2:0:0:0, 2:2:0:0:2, 2:1:0:0:3, 2:0:0:0:1, 1:0:0:0:1, 4:0:0:0:0, 3:4:2:0:2, 2:2:0:0:2, 2:1:0:0:1, 2:0:0:0:0, 3:1:0:0:0, 3:1:0:0:1, 1:0:0:0:0, 3:0:0:0:0, 2:1:0:0:1, 2:2:0:0:0, 2:2:0:0:0, 1:3:0:0:3, 3:1:0:0:2, 3:1:0:0:2, 3:1:0:0:2, 3:2:0:0:3, 3:1:0:0:2, 2:2:0:0:1, 3:1:0:0:1, 1:1:0:0:1, 4:2:0:0:3, 2:0:0:0:1, 2:0:0:0:0, 0:0:0:0:0, 1:0:0:0:0, 1:0:0:0:0, 0:0:0:0:0, 1:0:1:0:1, 1:0:0:0:0, 2:1:0:0:0, 2:1:0:0:0, 2:2:0:0:2, 3:2:0:0:4, 1:0:0:0:0, 3:1:0:0:1, 2:1:0:0:0, 3:0:0:0:1, 2:0:0:0:0, 2:0:0:0:0, 3:0:0:0:0, 2:0:0:0:0, 2:2:0:0:0, 4:2:0:0:0, 2:2:0:0:2, 3:2:0:0:3, 0:0:0:0:0, 0:0:0:0:0, 3:0:0:0:0, 3:3:1:0:1, 2:3:0:0:3, 2:1:0:0:1, 3:0:0:0:0, 3:1:0:0:0, 3:1:0:0:1, 1:0:0:0:0, 3:0:0:0:0, 2:1:0:0:1, 2:2:0:0:0, 2:2:0:0:0, 1:3:0:0:3, 3:1:0:0:2, 3:1:0:0:2, 3:1:0:0:2, 3:2:0:0:3, 2:1:0:0:1, 2:2:0:0:1, 3:1:0:0:1, 2:1:0:0:1, 4:2:0:0:3, 2:0:0:0:1, 2:0:0:0:0, 0:0:0:0:0, 0:0:0:0:0, 1:0:0:0:0, 0:0:0:0:0, 1:0:1:0:1, 1:0:0:0:0, 2:1:0:0:0, 2:1:0:0:0, 3:2:0:0:2, 3:2:0:0:4, 2:1:0:0:0, 3:1:0:0:1, 2:1:0:0:0, 3:0:0:0:1, 2:0:0:0:0, 2:0:0:0:0, 3:0:0:0:0, 3:1:0:0:1, 2:2:0:0:0, 4:2:0:0:0, 2:2:0:0:2, 3:2:0:0:3, 1:0:0:0:0, 0:0:0:0:0, 3:0:0:0:0, 3:3:1:0:1, 2:3:0:0:3, 2:1:0:0:1, 2:1:0:0:1, 3:1:0:0:1, 4:0:0:0:0, 3:0:0:0:0, 2:0:0:0:0, 2:0:0:0:0, 2:2:0:0:0, 2:2:0:0:0, 3:3:0:0:3, 4:1:1:0:2, 2:2:0:0:3, 3:1:0:0:2, 2:2:1:0:3, 2:1:0:0:2, 3:1:0:0:1, 4:1:0:0:2, 1:1:0:0:1, 5:2:0:0:3, 2:0:0:0:1, 2:0:0:0:0, 1:0:0:0:0, 0:0:0:0:0, 2:0:0:0:0, 1:0:0:0:0, 1:0:0:0:1, 1:0:0:0:0, 3:1:0:0:0, 2:0:0:0:0, 3:2:0:0:2, 2:2:0:0:4, 0:0:0:0:0, 1:0:0:0:0, 2:0:0:0:0, 3:1:0:0:1, 2:1:0:0:0, 3:0:0:0:1, 4:0:0:0:1, 3:1:0:0:1, 3:2:0:0:0, 2:1:0:0:0, 1:2:0:0:2, 2:2:0:0:3, 1:0:0:0:1, 0:0:0:0:0, 3:0:0:0:0, 2:3:0:0:0, 2:3:0:0:4, 1:0:0:0:0, 3:0:0:0:0, 2:3:0:0:0, 1:4:0:0:4, 2:0:0:0:0, 1:0:0:0:0, 2:3:0:0:0, 2:3:0:0:4, 2:4:0:0:5, 1:7:0:0:7, 2:0:0:0:1, 1:0:0:0:0, 1:0:0:0:0, 1:0:0:0:0, 1:0:0:0:0, 1:0:0:0:0, 1:0:0:0:0, 656:299:22:3:293
Eb aeolian (3b), 1:2:0:0:2, 2:0:0:0:0, 1:0:0:0:0, 1:0:0:0:0, 0:0:0:0:0, 2:0:0:0:0, 1:0:0:0:1, 2:0:1:0:1, 2:0:0:0:1, 2:0:0:0:0, 1:1:0:0:1, 2:0:0:0:0, 0:0:0:0:0, 0:0:0:0:0, 2:2:0:0:2, 2:0:0:0:2, 1:0:0:0:0, 1:0:0:0:0, 2:0:0:0:2, 4:0:0:0:1, 3:0:0:0:2, 2:1:0:0:4, 2:0:0:0:1, 2:0:2:0:0, 2:0:1:0:0, 2:0:0:0:0, 2:0:0:0:0, 2:0:1:0:0, 2:0:0:0:0, 1:0:1:0:0, 1:0:0:0:0, 0:0:0:0:0, 2:0:0:0:0, 1:0:0:0:1, 1:0:0:0:1, 2:0:0:0:0, 1:0:0:0:0, 1:0:0:0:1, 1:0:0:0:1, 0:0:0:0:0, 2:0:0:0:0, 2:0:1:0:0, 3:0:0:0:1, 2:0:0:0:3, 0:0:0:0:0, 0:0:0:0:0, 1:0:0:0:0, 0:0:0:0:0, 2:0:0:0:1, 3:0:0:0:1, 0:0:0:0:0, 1:0:0:0:0, 1:0:0:0:1, 2:0:0:0:1, 0:0:0:0:0, 1:0:0:0:0, 1:0:0:0:2, 2:0:0:0:1, 2:0:0:0:1, 2:0:0:0:0, 2:0:0:0:1, 0:0:0:0:0, 3:0:1:0:0, 2:0:0:0:0, 2:0:0:0:1, 2:0:0:0:0, 3:0:0:0:3, 3:0:0:0:1, 3:0:0:0:2, 2:1:0:0:4, 2:0:0:0:1, 3:0:2:0:0, 3:0:0:0:0, 1:0:0:0:0, 2:0:0:2:2, 1:0:0:0:0, 1:0:0:0:1, 0:0:0:0:0, 2:0:0:0:1, 0:0:0:0:0, 1:2:0:0:2, 2:0:0:0:0, 0:0:0:0:0, 1:0:0:0:0, 1:0:0:0:1, 2:0:0:0:1, 1:0:0:0:1, 1:0:0:0:0, 2:0:0:0:1, 1:0:0:0:0, 3:0:0:0:2, 3:0:0:0:2, 0:0:0:0:0, 0:0:0:0:0, 1:0:0:0:0, 0:0:0:0:0, 0:0:0:0:0, 0:0:0:0:0, 1:0:0:0:0, 1:1:0:0:1, 1:0:0:0:0, 1:0:0:0:1, 1:0:0:0:1, 1:1:0:0:1, 1:0:0:0:0, 1:0:1:0:0, 2:0:0:0:0, 2:0:0:0:0, 1:0:0:0:0, 0:0:0:0:0, 2:1:0:0:1, 2:0:0:0:1, 2:0:0:0:1, 3:0:0:0:0, 3:1:0:0:3, 3:0:0:0:1, 2:1:0:0:3, 2:1:0:0:4, 3:1:0:0:2, 3:0:0:0:1, 2:0:0:0:0, 3:0:0:0:1, 1:0:0:0:0, 0:0:0:0:0, 0:0:0:0:0, 0:0:0:0:0, 1:0:0:0:0, 1:0:0:0:2, 2:0:0:0:1, 3:0:0:0:1, 1:0:0:0:0, 2:0:0:0:1, 1:0:0:0:1, 2:0:0:0:1, 1:0:0:0:0, 0:0:0:0:0, 2:0:0:0:1, 2:0:0:0:0, 3:0:0:0:2, 3:0:0:0:2, 0:0:0:0:0, 1:0:2:0:0, 0:0:0:0:0, 2:1:0:0:2, 1:1:0:0:1, 3:0:0:0:0, 0:0:0:0:0, 1:0:0:0:2, 0:0:0:0:0, 2:0:0:0:1, 1:0:0:0:0, 1:0:0:0:2, 0:0:0:0:0, 2:0:1:0:0, 2:0:0:0:1, 1:0:1:0:0, 1:0:0:0:0, 0:0:0:0:0, 3:0:1:0:0, 2:0:0:0:0, 4:0:0:0:1, 2:0:0:0:0, 3:1:0:0:4, 2:0:0:0:1, 3:0:0:0:2, 2:0:0:0:3, 3:0:0:0:2, 3:1:0:0:2, 3:1:0:0:2, 2:0:0:0:1, 1:0:0:0:0, 1:0:0:0:0, 1:0:0:0:0, 0:0:0:0:0, 1:0:0:0:0, 0:0:0:0:0, 2:0:0:0:0, 2:0:0:0:1, 1:0:0:0:0, 1:0:0:0:0, 1:0:0:0:1, 1:0:0:0:1, 1:0:0:0:1, 0:0:0:0:0, 2:0:0:0:1, 1:0:0:0:0, 4:0:0:0:2, 3:0:0:0:2, 1:0:0:0:1, 1:0:1:0:0, 0:0:0:0:0, 1:0:0:0:0, 1:1:0:0:1, 3:0:0:0:0, 0:0:0:0:0, 1:0:0:0:2, 0:0:0:0:0, 2:0:0:0:1, 1:0:0:0:0, 1:0:0:0:2, 0:0:0:0:0, 2:0:1:0:0, 2:0:0:0:1, 1:0:1:0:0, 1:0:0:0:0, 1:0:0:0:1, 3:0:1:0:0, 2:0:0:0:0, 2:0:0:0:1, 2:0:0:0:0, 3:1:0:0:5, 2:0:0:0:1, 3:0:0:0:2, 2:0:0:0:4, 3:0:0:0:2, 3:1:0:0:2, 3:1:0:0:2, 2:0:0:0:1, 1:0:0:0:0, 1:0:0:0:0, 1:0:0:0:0, 0:0:0:0:0, 1:0:0:0:0, 0:0:0:0:0, 2:0:0:0:0, 2:0:0:0:1, 1:0:0:0:0, 1:0:0:0:0, 1:0:0:0:1, 2:0:0:0:1, 1:0:0:0:1, 0:0:0:0:0, 2:0:0:0:1, 1:0:0:0:0, 3:0:0:0:2, 3:0:0:0:2, 1:0:0:0:1, 1:0:1:0:0, 0:0:0:0:0, 1:1:0:0:1, 0:0:0:0:0, 0:0:0:0:0, 0:0:0:0:0, 0:0:0:0:0, 2:0:0:0:1, 1:0:0:0:1, 1:0:0:0:1, 1:0:0:0:0, 1:0:0:0:0, 2:0:0:0:1, 1:0:0:0:0, 1:0:0:0:0, 1:0:0:0:0, 2:0:1:0:0, 3:0:0:0:1, 2:0:0:0:0, 2:0:0:0:1, 3:0:0:0:0, 3:1:0:0:4, 2:0:0:0:1, 2:1:0:0:3, 3:0:0:0:4, 2:0:0:0:1, 3:0:0:0:3, 3:0:1:0:1, 1:0:0:0:0, 2:0:0:0:0, 2:0:0:0:1, 1:0:0:0:0, 0:0:0:0:0, 3:1:0:0:1, 1:0:0:0:0, 1:0:0:0:1, 0:0:0:0:0, 2:0:0:0:0, 2:0:0:0:1, 1:0:0:0:0, 2:0:0:0:1, 1:0:0:0:1, 2:0:0:0:1, 2:0:0:0:0, 1:0:0:0:0, 3:1:0:0:4, 4:0:0:0:3, 1:0:0:0:0, 0:0:0:0:0, 0:0:0:0:0, 1:0:0:0:1, 1:0:0:0:0, 0:0:0:0:0, 1:0:0:0:0, 1:0:0:0:0, 2:0:0:0:1, 0:0:0:0:0, 0:0:0:0:0, 0:0:0:0:0, 0:0:0:0:0, 0:0:0:0:0, 0:0:0:0:0, 0:0:0:0:0, 0:0:0:0:0, 0:0:0:0:0, 0:0:0:0:0, 0:0:0:0:0, 437:30:23:2:212
A aeolian (3#), 2:0:0:0:0, 2:1:0:0:0, 4:1:0:0:1, 3:0:0:0:1, 3:0:0:0:0, 3:1:0:0:1, 2:2:0:0:0, 3:3:1:0:1, 2:2:0:0:2, 3:2:0:0:1, 3:1:1:0:3, 2:3:0:0:2, 3:2:0:0:3, 3:2:0:0:3, 2:1:0:0:1, 2:1:0:0:1, 3:1:0:0:1, 1:2:0:0:2, 1:0:2:0:2, 2:1:0:0:0, 2:0:0:0:0, 1:0:0:0:0, 2:0:0:0:0, 2:0:0:0:0, 2:0:0:0:0, 0:0:0:0:0, 2:0:0:0:0, 2:1:0:0:1, 2:2:0:0:3, 3:1:0:0:2, 1:0:0:0:0, 3:1:0:0:1, 2:1:0:0:0, 2:0:0:0:0, 1:0:0:0:0, 3:0:0:0:0, 1:0:0:0:0, 2:0:0:0:0, 2:2:0:0:0, 4:1:0:0:0, 1:2:0:0:2, 3:3:1:0:4, 1:0:0:0:1, 1:0:0:0:0, 3:1:0:0:1, 3:3:0:0:0, 2:3:0:0:3, 2:1:0:0:1, 2:0:0:0:1, 2:0:0:0:0, 3:0:0:0:0, 4:0:0:0:1, 3:0:0:0:0, 3:1:0:0:1, 3:2:0:0:0, 3:2:0:0:0, 2:1:0:0:1, 1:1:0:0:1, 4:1:0:0:2, 2:1:1:0:2, 4:3:1:0:4, 3:1:0:0:1, 2:2:0:0:1, 3:1:0:0:1, 1:1:0:0:1, 4:2:0:0:3, 0:0:0:0:0, 1:0:2:0:2, 1:0:0:0:0, 2:0:0:0:0, 1:0:0:0:0, 1:0:0:0:0, 2:0:0:3:3, 1:1:0:0:1, 4:1:0:0:0, 2:1:0:0:0, 3:3:0:0:3, 2:2:0:0:4, 2:0:0:0:0, 2:1:0:0:1, 2:0:0:0:0, 2:1:0:0:0, 4:1:0:0:1, 3:1:0:0:0, 2:0:0:0:1, 2:0:0:0:0, 2:2:0:0:0, 2:2:0:0:0, 2:2:0:0:2, 3:2:0:0:3, 1:0:0:0:0, 0:0:0:0:0, 3:1:0:0:1, 3:3:0:0:0, 3:3:0:0:2, 2:2:0:0:2, 2:1:0:0:1, 3:1:0:0:1, 4:0:0:0:0, 3:0:0:0:0, 2:1:0:0:1, 2:0:0:0:0, 2:2:0:0:0, 3:1:1:0:1, 1:3:0:0:3, 3:1:0:0:2, 3:1:0:0:2, 2:1:1:0:2, 3:2:0:0:3, 2:2:0:0:2, 3:1:1:0:2, 3:1:0:0:2, 2:1:0:0:1, 5:3:0:0:4, 0:0:0:0:0, 2:0:1:0:1, 1:0:0:0:0, 2:0:0:0:0, 0:0:0:0:0, 1:0:0:0:0, 2:0:0:0:1, 1:1:0:0:0, 2:1:0:0:0, 2:0:0:0:1, 4:2:0:0:2, 3:1:0:0:3, 1:0:0:0:0, 2:1:0:0:1, 2:0:0:0:1, 2:0:0:0:0, 3:1:0:0:1, 3:0:0:0:0, 3:0:0:0:0, 3:1:0:0:1, 3:3:1:0:1, 3:2:0:0:0, 2:2:0:0:2, 2:1:0:0:3, 2:0:0:0:1, 1:0:0:0:1, 4:0:0:0:0, 3:4:2:0:2, 2:2:0:0:2, 2:1:0:0:1, 2:0:0:0:0, 3:1:0:0:0, 3:1:0:0:1, 1:0:0:0:0, 3:0:0:0:0, 2:1:0:0:1, 2:2:0:0:0, 2:2:0:0:0, 1:3:0:0:3, 3:1:0:0:2, 3:1:0:0:2, 3:1:0:0:2, 3:2:0:0:3, 3:1:0:0:2, 2:2:0:0:1, 3:1:0:0:1, 1:1:0:0:1, 4:2:0:0:3, 2:0:0:0:1, 2:0:0:0:0, 0:0:0:0:0, 1:0:0:0:0, 1:0:0:0:0, 0:0:0:0:0, 1:0:1:0:1, 1:0:0:0:0, 2:1:0:0:0, 2:1:0:0:0, 2:2:0:0:2, 3:2:0:0:4, 1:0:0:0:0, 3:1:0:0:1, 2:1:0:0:0, 3:0:0:0:1, 2:0:0:0:0, 2:0:0:0:0, 3:0:0:0:0, 2:0:0:0:0, 2:2:0:0:0, 4:2:0:0:0, 2:2:0:0:2, 3:2:0:0:3, 0:0:0:0:0, 0:0:0:0:0, 3:0:0:0:0, 3:3:1:0:1, 2:3:0:0:3, 2:1:0:0:1, 3:0:0:0:0, 3:1:0:0:0, 3:1:0:0:1, 1:0:0:0:0, 3:0:0:0:0, 2:1:0:0:1, 2:2:0:0:0, 2:2:0:0:0, 1:3:0:0:3, 3:1:0:0:2, 3:1:0:0:2, 3:1:0:0:2, 3:2:0:0:3, 2:1:0:0:1, 2:2:0:0:1, 3:1:0:0:1, 2:1:0:0:1, 4:2:0:0:3, 2:0:0:0:1, 2:0:0:0:0, 0:0:0:0:0, 0:0:0:0:0, 1:0:0:0:0, 0:0:0:0:0, 1:0:1:0:1, 1:0:0:0:0, 2:1:0:0:0, 2:1:0:0:0, 3:2:0:0:2, 3:2:0:0:4, 2:1:0:0:0, 3:1:0:0:1, 2:1:0:0:0, 3:0:0:0:1, 2:0:0:0:0, 2:0:0:0:0, 3:0:0:0:0, 3:1:0:0:1, 2:2:0:0:0, 4:2:0:0:0, 2:2:0:0:2, 3:2:0:0:3, 1:0:0:0:0, 0:0:0:0:0, 3:0:0:0:0, 3:3:1:0:1, 2:3:0:0:3, 2:1:0:0:1, 2:1:0:0:1, 3:1:0:0:1, 4:0:0:0:0, 3:0:0:0:0, 2:0:0:0:0, 2:0:0:0:0, 2:2:0:0:0, 2:2:0:0:0, 3:3:0:0:3, 4:1:1:0:2, 2:2:0:0:3, 3:1:0:0:2, 2:2:1:0:3, 2:1:0:0:2, 3:1:0:0:1, 4:1:0:0:2, 1:1:0:0:1, 5:2:0:0:3, 2:0:0:0:1, 2:0:0:0:0, 1:0:0:0:0, 0:0:0:0:0, 2:0:0:0:0, 1:0:0:0:0, 1:0:0:0:1, 1:0:0:0:0, 3:1:0:0:0, 2:0:0:0:0, 3:2:0:0:2, 2:2:0:0:4, 0:0:0:0:0, 1:0:0:0:0, 2:0:0:0:0, 3:1:0:0:1, 2:1:0:0:0, 3:0:0:0:1, 4:0:0:0:1, 3:1:0:0:1, 3:2:0:0:0, 2:1:0:0:0, 1:2:0:0:2, 2:2:0:0:3, 1:0:0:0:1, 0:0:0:0:0, 3:0:0:0:0, 2:3:0:0:0, 2:3:0:0:4, 1:0:0:0:0, 3:0:0:0:0, 2:3:0:0:0, 1:4:0:0:4, 2:0:0:0:0, 1:0:0:0:0, 2:3:0:0:0, 2:3:0:0:4, 2:4:0:0:5, 1:7:0:0:7, 2:0:0:0:1, 1:0:0:0:0, 1:0:0:0:0, 1:0:0:0:0, 1:0:0:0:0, 1:0:0:0:0, 1:0:0:0:0, 656:299:22:3:293
Eb locrian (3b), 1:2:0:0:2, 2:0:0:0:0, 1:0:0:0:0, 1:0:0:0:0, 0:0:0:0:0, 2:0:0:0:0, 1:0:0:0:1, 2:0:1:0:1, 2:0:0:0:1, 2:0:0:0:0, 1:1:0:0:1, 2:0:0:0:0, 0:0:0:0:0, 0:0:0:0:0, 2:2:0:0:2, 2:0:0:0:2, 1:0:0:0:0, 1:0:0:0:0, 2:0:0:0:2, 4:0:0:0:1, 3:0:0:0:2, 2:1:0:0:4, 2:0:0:0:1, 2:0:2:0:0, 2:0:1:0:0, 2:0:0:0:0, 2:0:0:0:0, 2:0:1:0:0, 2:0:0:0:0, 1:0:1:0:0, 1:0:0:0:0, 0:0:0:0:0, 2:0:0:0:0, 1:0:0:0:1, 1:0:0:0:1, 2:0:0:0:0, 1:0:0:0:0, 1:0:0:0:1, 1:0:0:0:1, 0:0:0:0:0, 2:0:0:0:0, 2:0:1:0:0, 3:0:0:0:1, 2:0:0:0:3, 0:0:0:0:0, 0:0:0:0:0, 1:0:0:0:0, 0:0:0:0:0, 2:0:0:0:1, 3:0:0:0:1, 0:0:0:0:0, 1:0:0:0:0, 1:0:0:0:1, 2:0:0:0:1, 0:0:0:0:0, 1:0:0:0:0, 1:0:0:0:2, 2:0:0:0:1, 2:0:0:0:1, 2:0:0:0:0, 2:0:0:0:1, 0:0:0:0:0, 3:0:1:0:0, 2:0:0:0:0, 2:0:0:0:1, 2:0:0:0:0, 3:0:0:0:3, 3:0:0:0:1, 3:0:0:0:2, 2:1:0:0:4, 2:0:0:0:1, 3:0:2:0:0, 3:0:0:0:0, 1:0:0:0:0, 2:0:0:2:2, 1:0:0:0:0, 1:0:0:0:1, 0:0:0:0:0, 2:0:0:0:1, 0:0:0:0:0, 1:2:0:0:2, 2:0:0:0:0, 0:0:0:0:0, 1:0:0:0:0, 1:0:0:0:1, 2:0:0:0:1, 1:0:0:0:1, 1:0:0:0:0, 2:0:0:0:1, 1:0:0:0:0, 3:0:0:0:2, 3:0:0:0:2, 0:0:0:0:0, 0:0:0:0:0, 1:0:0:0:0, 0:0:0:0:0, 0:0:0:0:0, 0:0:0:0:0, 1:0:0:0:0, 1:1:0:0:1, 1:0:0:0:0, 1:0:0:0:1, 1:0:0:0:1, 1:1:0:0:1, 1:0:0:0:0, 1:0:1:0:0, 2:0:0:0:0, 2:0:0:0:0, 1:0:0:0:0, 0:0:0:0:0, 2:1:0:0:1, 2:0:0:0:1, 2:0:0:0:1, 3:0:0:0:0, 3:1:0:0:3, 3:0:0:0:1, 2:1:0:0:3, 2:1:0:0:4, 3:1:0:0:2, 3:0:0:0:1, 2:0:0:0:0, 3:0:0:0:1, 1:0:0:0:0, 0:0:0:0:0, 0:0:0:0:0, 0:0:0:0:0, 1:0:0:0:0, 1:0:0:0:2, 2:0:0:0:1, 3:0:0:0:1, 1:0:0:0:0, 2:0:0:0:1, 1:0:0:0:1, 2:0:0:0:1, 1:0:0:0:0, 0:0:0:0:0, 2:0:0:0:1, 2:0:0:0:0, 3:0:0:0:2, 3:0:0:0:2, 0:0:0:0:0, 1:0:2:0:0, 0:0:0:0:0, 2:1:0:0:2, 1:1:0:0:1, 3:0:0:0:0, 0:0:0:0:0, 1:0:0:0:2, 0:0:0:0:0, 2:0:0:0:1, 1:0:0:0:0, 1:0:0:0:2, 0:0:0:0:0, 2:0:1:0:0, 2:0:0:0:1, 1:0:1:0:0, 1:0:0:0:0, 0:0:0:0:0, 3:0:1:0:0, 2:0:0:0:0, 4:0:0:0:1, 2:0:0:0:0, 3:1:0:0:4, 2:0:0:0:1, 3:0:0:0:2, 2:0:0:0:3, 3:0:0:0:2, 3:1:0:0:2, 3:1:0:0:2, 2:0:0:0:1, 1:0:0:0:0, 1:0:0:0:0, 1:0:0:0:0, 0:0:0:0:0, 1:0:0:0:0, 0:0:0:0:0, 2:0:0:0:0, 2:0:0:0:1, 1:0:0:0:0, 1:0:0:0:0, 1:0:0:0:1, 1:0:0:0:1, 1:0:0:0:1, 0:0:0:0:0, 2:0:0:0:1, 1:0:0:0:0, 4:0:0:0:2, 3:0:0:0:2, 1:0:0:0:1, 1:0:1:0:0, 0:0:0:0:0, 1:0:0:0:0, 1:1:0:0:1, 3:0:0:0:0, 0:0:0:0:0, 1:0:0:0:2, 0:0:0:0:0, 2:0:0:0:1, 1:0:0:0:0, 1:0:0:0:2, 0:0:0:0:0, 2:0:1:0:0, 2:0:0:0:1, 1:0:1:0:0, 1:0:0:0:0, 1:0:0:0:1, 3:0:1:0:0, 2:0:0:0:0, 2:0:0:0:1, 2:0:0:0:0, 3:1:0:0:5, 2:0:0:0:1, 3:0:0:0:2, 2:0:0:0:4, 3:0:0:0:2, 3:1:0:0:2, 3:1:0:0:2, 2:0:0:0:1, 1:0:0:0:0, 1:0:0:0:0, 1:0:0:0:0, 0:0:0:0:0, 1:0:0:0:0, 0:0:0:0:0, 2:0:0:0:0, 2:0:0:0:1, 1:0:0:0:0, 1:0:0:0:0, 1:0:0:0:1, 2:0:0:0:1, 1:0:0:0:1, 0:0:0:0:0, 2:0:0:0:1, 1:0:0:0:0, 3:0:0:0:2, 3:0:0:0:2, 1:0:0:0:1, 1:0:1:0:0, 0:0:0:0:0, 1:1:0:0:1, 0:0:0:0:0, 0:0:0:0:0, 0:0:0:0:0, 0:0:0:0:0, 2:0:0:0:1, 1:0:0:0:1, 1:0:0:0:1, 1:0:0:0:0, 1:0:0:0:0, 2:0:0:0:1, 1:0:0:0:0, 1:0:0:0:0, 1:0:0:0:0, 2:0:1:0:0, 3:0:0:0:1, 2:0:0:0:0, 2:0:0:0:1, 3:0:0:0:0, 3:1:0:0:4, 2:0:0:0:1, 2:1:0:0:3, 3:0:0:0:4, 2:0:0:0:1, 3:0:0:0:3, 3:0:1:0:1, 1:0:0:0:0, 2:0:0:0:0, 2:0:0:0:1, 1:0:0:0:0, 0:0:0:0:0, 3:1:0:0:1, 1:0:0:0:0, 1:0:0:0:1, 0:0:0:0:0, 2:0:0:0:0, 2:0:0:0:1, 1:0:0:0:0, 2:0:0:0:1, 1:0:0:0:1, 2:0:0:0:1, 2:0:0:0:0, 1:0:0:0:0, 3:1:0:0:4, 4:0:0:0:3, 1:0:0:0:0, 0:0:0:0:0, 0:0:0:0:0, 1:0:0:0:1, 1:0:0:0:0, 0:0:0:0:0, 1:0:0:0:0, 1:0:0:0:0, 2:0:0:0:1, 0:0:0:0:0, 0:0:0:0:0, 0:0:0:0:0, 0:0:0:0:0, 0:0:0:0:0, 0:0:0:0:0, 0:0:0:0:0, 0:0:0:0:0, 0:0:0:0:0, 0:0:0:0:0, 0:0:0:0:0, 437:30:23:2:212
A locrian (3#), 2:0:0:0:0, 2:1:0:0:0, 4:1:0:0:1, 3:0:0:0:1, 3:0:0:0:0, 3:1:0:0:1, 2:2:0:0:0, 3:3:1:0:1, 2:2:0:0:2, 3:2:0:0:1, 3:1:1:0:3, 2:3:0:0:2, 3:2:0:0:3, 3:2:0:0:3, 2:1:0:0:1, 2:1:0:0:1, 3:1:0:0:1, 1:2:0:0:2, 1:0:2:0:2, 2:1:0:0:0, 2:0:0:0:0, 1:0:0:0:0, 2:0:0:0:0, 2:0:0:0:0, 2:0:0:0:0, 0:0:0:0:0, 2:0:0:0:0, 2:1:0:0:1, 2:2:0:0:3, 3:1:0:0:2, 1:0:0:0:0, 3:1:0:0:1, 2:1:0:0:0, 2:0:0:0:0, 1:0:0:0:0, 3:0:0:0:0, 1:0:0:0:0, 2:0:0:0:0, 2:2:0:0:0, 4:1:0:0:0, 1:2:0:0:2, 3:3:1:0:4, 1:0:0:0:1, 1:0:0:0:0, 3:1:0:0:1, 3:3:0:0:0, 2:3:0:0:3, 2:1:0:0:1, 2:0:0:0:1, 2:0:0:0:0, 3:0:0:0:0, 4:0:0:0:1, 3:0:0:0:0, 3:1:0:0:1, 3:2:0:0:0, 3:2:0:0:0, 2:1:0:0:1, 1:1:0:0:1, 4:1:0:0:2, 2:1:1:0:2, 4:3:1:0:4, 3:1:0:0:1, 2:2:0:0:1, 3:1:0:0:1, 1:1:0:0:1, 4:2:0:0:3, 0:0:0:0:0, 1:0:2:0:2, 1:0:0:0:0, 2:0:0:0:0, 1:0:0:0:0, 1:0:0:0:0, 2:0:0:3:3, 1:1:0:0:1, 4:1:0:0:0, 2:1:0:0:0, 3:3:0:0:3, 2:2:0:0:4, 2:0:0:0:0, 2:1:0:0:1, 2:0:0:0:0, 2:1:0:0:0, 4:1:0:0:1, 3:1:0:0:0, 2:0:0:0:1, 2:0:0:0:0, 2:2:0:0:0, 2:2:0:0:0, 2:2:0:0:2, 3:2:0:0:3, 1:0:0:0:0, 0:0:0:0:0, 3:1:0:0:1, 3:3:0:0:0, 3:3:0:0:2, 2:2:0:0:2, 2:1:0:0:1, 3:1:0:0:1, 4:0:0:0:0, 3:0:0:0:0, 2:1:0:0:1, 2:0:0:0:0, 2:2:0:0:0, 3:1:1:0:1, 1:3:0:0:3, 3:1:0:0:2, 3:1:0:0:2, 2:1:1:0:2, 3:2:0:0:3, 2:2:0:0:2, 3:1:1:0:2, 3:1:0:0:2, 2:1:0:0:1, 5:3:0:0:4, 0:0:0:0:0, 2:0:1:0:1, 1:0:0:0:0, 2:0:0:0:0, 0:0:0:0:0, 1:0:0:0:0, 2:0:0:0:1, 1:1:0:0:0, 2:1:0:0:0, 2:0:0:0:1, 4:2:0:0:2, 3:1:0:0:3, 1:0:0:0:0, 2:1:0:0:1, 2:0:0:0:1, 2:0:0:0:0, 3:1:0:0:1, 3:0:0:0:0, 3:0:0:0:0, 3:1:0:0:1, 3:3:1:0:1, 3:2:0:0:0, 2:2:0:0:2, 2:1:0:0:3, 2:0:0:0:1, 1:0:0:0:1, 4:0:0:0:0, 3:4:2:0:2, 2:2:0:0:2, 2:1:0:0:1, 2:0:0:0:0, 3:1:0:0:0, 3:1:0:0:1, 1:0:0:0:0, 3:0:0:0:0, 2:1:0:0:1, 2:2:0:0:0, 2:2:0:0:0, 1:3:0:0:3, 3:1:0:0:2, 3:1:0:0:2, 3:1:0:0:2, 3:2:0:0:3, 3:1:0:0:2, 2:2:0:0:1, 3:1:0:0:1, 1:1:0:0:1, 4:2:0:0:3, 2:0:0:0:1, 2:0:0:0:0, 0:0:0:0:0, 1:0:0:0:0, 1:0:0:0:0, 0:0:0:0:0, 1:0:1:0:1, 1:0:0:0:0, 2:1:0:0:0, 2:1:0:0:0, 2:2:0:0:2, 3:2:0:0:4, 1:0:0:0:0, 3:1:0:0:1, 2:1:0:0:0, 3:0:0:0:1, 2:0:0:0:0, 2:0:0:0:0, 3:0:0:0:0, 2:0:0:0:0, 2:2:0:0:0, 4:2:0:0:0, 2:2:0:0:2, 3:2:0:0:3, 0:0:0:0:0, 0:0:0:0:0, 3:0:0:0:0, 3:3:1:0:1, 2:3:0:0:3, 2:1:0:0:1, 3:0:0:0:0, 3:1:0:0:0, 3:1:0:0:1, 1:0:0:0:0, 3:0:0:0:0, 2:1:0:0:1, 2:2:0:0:0, 2:2:0:0:0, 1:3:0:0:3, 3:1:0:0:2, 3:1:0:0:2, 3:1:0:0:2, 3:2:0:0:3, 2:1:0:0:1, 2:2:0:0:1, 3:1:0:0:1, 2:1:0:0:1, 4:2:0:0:3, 2:0:0:0:1, 2:0:0:0:0, 0:0:0:0:0, 0:0:0:0:0, 1:0:0:0:0, 0:0:0:0:0, 1:0:1:0:1, 1:0:0:0:0, 2:1:0:0:0, 2:1:0:0:0, 3:2:0:0:2, 3:2:0:0:4, 2:1:0:0:0, 3:1:0:0:1, 2:1:0:0:0, 3:0:0:0:1, 2:0:0:0:0, 2:0:0:0:0, 3:0:0:0:0, 3:1:0:0:1, 2:2:0:0:0, 4:2:0:0:0, 2:2:0:0:2, 3:2:0:0:3, 1:0:0:0:0, 0:0:0:0:0, 3:0:0:0:0, 3:3:1:0:1, 2:3:0:0:3, 2:1:0:0:1, 2:1:0:0:1, 3:1:0:0:1, 4:0:0:0:0, 3:0:0:0:0, 2:0:0:0:0, 2:0:0:0:0, 2:2:0:0:0, 2:2:0:0:0, 3:3:0:0:3, 4:1:1:0:2, 2:2:0:0:3, 3:1:0:0:2, 2:2:1:0:3, 2:1:0:0:2, 3:1:0:0:1, 4:1:0:0:2, 1:1:0:0:1, 5:2:0:0:3, 2:0:0:0:1, 2:0:0:0:0, 1:0:0:0:0, 0:0:0:0:0, 2:0:0:0:0, 1:0:0:0:0, 1:0:0:0:1, 1:0:0:0:0, 3:1:0:0:0, 2:0:0:0:0, 3:2:0:0:2, 2:2:0:0:4, 0:0:0:0:0, 1:0:0:0:0, 2:0:0:0:0, 3:1:0:0:1, 2:1:0:0:0, 3:0:0:0:1, 4:0:0:0:1, 3:1:0:0:1, 3:2:0:0:0, 2:1:0:0:0, 1:2:0:0:2, 2:2:0:0:3, 1:0:0:0:1, 0:0:0:0:0, 3:0:0:0:0, 2:3:0:0:0, 2:3:0:0:4, 1:0:0:0:0, 3:0:0:0:0, 2:3:0:0:0, 1:4:0:0:4, 2:0:0:0:0, 1:0:0:0:0, 2:3:0:0:0, 2:3:0:0:4, 2:4:0:0:5, 1:7:0:0:7, 2:0:0:0:1, 1:0:0:0:0, 1:0:0:0:0, 1:0:0:0:0, 1:0:0:0:0, 1:0:0:0:0, 1:0:0:0:0, 656:299:22:3:293
Ab major (4b), 2:0:0:0:0, 2:0:0:0:1, 2:0:0:0:0, 1:0:0:0:1, 1:0:0:0:0, 2:0:0:0:1, 2:0:0:0:1, 2:0:1:0:1, 1:0:0:0:1, 2:0:0:0:1, 1:0:0:0:0, 2:0:0:0:1, 1:0:0:0:0, 1:0:0:0:0, 1:2:0:0:2, 1:0:0:0:2, 0:0:0:0:0, 2:0:0:0:0, 1:0:0:0:2, 4:0:0:0:2, 2:0:0:0:2, 3:1:0:0:4, 2:0:0:0:3, 3:0:2:0:1, 2:0:1:0:2, 3:0:0:0:1, 2:0:0:0:0, 3:0:1:0:1, 1:0:0:0:1, 1:0:1:0:0, 2:0:0:0:3, 1:0:0:0:0, 2:0:0:0:1, 2:0:0:0:1, 2:0:0:0:1, 1:0:0:0:1, 2:0:0:0:0, 2:0:0:0:1, 2:0:0:0:1, 0:0:0:0:0, 3:0:0:0:1, 1:0:1:0:0, 3:0:0:0:1, 2:0:0:0:3, 1:0:0:0:0, 0:0:0:0:0, 1:0:0:0:1, 1:0:0:0:0, 2:0:0:0:1, 3:0:0:0:2, 1:0:0:0:0, 2:0:0:0:0, 1:0:0:0:1, 2:0:0:0:1, 1:0:0:0:0, 1:0:0:0:1, 2:0:0:0:2, 3:0:0:0:1, 2:0:0:0:1, 1:0:0:0:0, 2:0:0:0:1, 0:0:0:0:0, 2:0:1:0:1, 1:0:0:0:0, 1:0:0:0:1, 2:0:0:0:1, 4:0:0:0:3, 2:0:0:0:1, 3:0:0:0:3, 2:1:0:0:4, 3:0:0:0:3, 3:0:2:0:1, 3:0:0:0:2, 2:0:0:0:0, 3:0:0:2:0, 2:0:0:0:1, 1:0:0:0:1, 1:0:0:0:0, 3:0:0:0:3, 1:0:0:0:0, 2:0:0:0:0, 2:0:0:0:1, 1:0:0:0:0, 1:0:0:0:1, 2:0:0:0:1, 2:0:0:0:2, 2:0:0:0:1, 2:0:0:0:1, 1:0:0:0:1, 1:0:0:0:0, 2:0:0:0:2, 2:0:0:0:2, 1:0:0:0:0, 0:0:0:0:0, 1:0:0:0:1, 1:0:0:0:0, 1:0:0:0:0, 1:0:0:0:0, 0:0:0:0:0, 2:1:0:0:1, 2:0:0:0:0, 1:0:0:0:1, 2:0:0:0:1, 1:0:0:0:0, 2:0:0:0:0, 1:0:1:0:0, 2:0:0:0:1, 1:0:0:0:0, 0:0:0:0:0, 1:0:0:0:0, 1:1:0:0:1, 1:0:0:0:1, 1:0:0:0:1, 3:0:0:0:0, 3:0:0:0:2, 2:0:0:0:1, 2:0:0:0:2, 2:1:0:0:4, 3:1:0:0:5, 3:0:0:0:3, 2:0:0:0:2, 4:0:0:0:2, 2:0:0:0:1, 1:0:0:0:0, 0:0:0:0:0, 1:0:0:0:0, 2:0:0:0:2, 1:0:0:0:2, 2:0:0:0:1, 3:0:0:0:2, 2:0:0:0:1, 3:0:0:0:1, 1:0:0:0:1, 2:0:0:0:1, 1:0:0:0:0, 1:0:0:0:0, 1:0:0:0:1, 1:0:0:0:0, 3:0:0:0:2, 3:0:0:0:2, 0:0:0:0:0, 1:0:2:0:0, 1:0:0:0:0, 3:1:0:0:2, 1:0:0:0:0, 2:0:0:0:1, 1:0:0:0:0, 2:0:0:0:2, 0:0:0:0:0, 2:0:0:0:1, 2:0:0:0:0, 1:0:0:0:2, 1:0:0:0:0, 2:0:1:0:0, 2:0:0:0:2, 2:0:1:0:0, 1:0:0:0:0, 0:0:0:0:0, 2:0:1:0:1, 1:0:0:0:0, 3:0:0:0:2, 2:0:0:0:1, 3:1:0:0:6, 2:0:0:0:2, 4:0:0:0:3, 2:0:0:0:3, 3:0:0:0:4, 3:1:0:0:5, 3:0:0:0:2, 3:0:0:0:2, 1:0:0:0:1, 2:0:0:0:1, 0:0:0:0:0, 0:0:0:0:0, 2:0:0:0:3, 1:0:0:0:0, 2:0:0:0:1, 2:0:0:0:2, 2:0:0:0:1, 2:0:0:0:1, 1:0:0:0:1, 1:0:0:0:1, 2:0:0:0:1, 0:0:0:0:0, 1:0:0:0:1, 1:0:0:0:0, 4:0:0:0:3, 2:0:0:0:2, 1:0:0:0:1, 1:0:1:0:0, 1:0:0:0:0, 0:0:0:0:0, 1:0:0:0:0, 2:0:0:0:1, 1:0:0:0:0, 2:0:0:0:2, 0:0:0:0:0, 2:0:0:0:1, 2:0:0:0:0, 1:0:0:0:2, 1:0:0:0:0, 2:0:1:0:0, 2:0:0:0:2, 2:0:1:0:0, 1:0:0:0:0, 1:0:0:0:1, 2:0:1:0:1, 1:0:0:0:0, 1:0:0:0:1, 2:0:0:0:1, 3:1:0:0:6, 2:0:0:0:1, 4:0:0:0:3, 2:0:0:0:4, 3:0:0:0:4, 3:1:0:0:5, 3:0:0:0:2, 3:0:0:0:2, 1:0:0:0:1, 2:0:0:0:1, 0:0:0:0:0, 0:0:0:0:0, 2:0:0:0:2, 1:0:0:0:0, 2:0:0:0:1, 2:0:0:0:2, 2:0:0:0:1, 2:0:0:0:1, 1:0:0:0:1, 2:0:0:0:1, 2:0:0:0:1, 0:0:0:0:0, 1:0:0:0:1, 1:0:0:0:0, 3:0:0:0:3, 2:0:0:0:2, 1:0:0:0:1, 1:0:1:0:0, 1:0:0:0:0, 1:0:0:0:0, 1:0:0:0:0, 1:0:0:0:0, 0:0:0:0:0, 0:0:0:0:0, 2:0:0:0:1, 2:0:0:0:1, 2:0:0:0:1, 2:0:0:0:1, 2:0:0:0:0, 2:0:0:0:1, 2:0:0:0:0, 2:0:0:0:1, 0:0:0:0:0, 2:0:1:0:0, 2:0:0:0:2, 1:0:0:0:0, 1:0:0:0:1, 3:0:0:0:0, 3:1:0:0:5, 2:0:0:0:1, 2:0:0:0:2, 4:0:0:0:4, 2:0:0:0:4, 3:0:0:0:4, 3:0:1:0:3, 2:0:0:0:3, 2:0:0:0:1, 2:0:0:0:1, 1:0:0:0:1, 1:0:0:0:0, 4:1:0:0:2, 2:0:0:0:1, 1:0:0:0:1, 1:0:0:0:0, 2:0:0:0:1, 2:0:0:0:2, 0:0:0:0:0, 2:0:0:0:1, 1:0:0:0:1, 3:0:0:0:2, 2:0:0:0:1, 2:0:0:0:0, 3:1:0:0:4, 4:0:0:0:4, 1:0:0:0:1, 1:0:0:0:0, 0:0:0:0:0, 1:0:0:0:1, 1:0:0:0:1, 1:0:0:0:0, 0:0:0:0:0, 1:0:0:0:0, 2:0:0:0:2, 1:0:0:0:0, 0:0:0:0:0, 0:0:0:0:0, 0:0:0:0:0, 0:0:0:0:0, 0:0:0:0:0, 0:0:0:0:0, 0:0:0:0:0, 0:0:0:0:0, 0:0:0:0:0, 0:0:0:0:0, 495:16:23:2:322
E major (4#), 3:0:0:0:0, 2:1:0:0:1, 4:0:0:0:0, 3:0:0:0:0, 4:0:0:0:0, 3:1:0:0:1, 3:2:0:0:2, 3:3:1:0:3, 2:1:0:0:1, 3:2:0:0:2, 4:1:1:0:2, 2:2:0:0:2, 4:2:0:0:2, 3:1:0:0:1, 2:1:0:0:1, 2:1:0:0:1, 3:1:0:0:1, 2:2:0:0:2, 1:0:2:0:2, 2:1:0:0:1, 2:0:0:0:0, 2:0:0:0:0, 1:0:0:0:0, 1:0:0:0:0, 1:0:0:0:0, 1:0:0:0:0, 2:0:0:0:0, 2:0:0:0:0, 2:1:0:0:1, 3:1:0:0:1, 2:0:0:0:0, 3:0:0:0:0, 2:1:0:0:1, 3:0:0:0:0, 2:0:0:0:0, 2:0:0:0:0, 2:0:0:0:0, 3:0:0:0:0, 3:2:0:0:2, 4:1:0:0:1, 2:1:0:0:1, 3:1:0:0:1, 1:0:0:0:0, 0:0:0:0:0, 3:0:0:0:0, 3:3:0:0:3, 2:1:0:0:1, 3:1:0:0:1, 2:0:0:0:0, 2:0:0:0:0, 4:0:0:0:0, 5:0:0:0:0, 2:0:0:0:0, 3:1:0:0:1, 4:2:0:0:2, 3:2:0:0:2, 3:1:0:0:1, 2:1:0:0:1, 4:1:0:0:1, 3:1:1:0:2, 4:1:0:0:1, 2:1:0:0:1, 2:2:0:0:2, 3:1:0:0:1, 1:1:0:0:1, 4:2:0:0:2, 1:0:0:0:0, 1:0:2:0:2, 1:0:0:0:0, 1:0:0:0:0, 2:0:0:0:0, 0:0:0:0:0, 2:0:0:3:3, 2:1:0:0:1, 5:1:0:0:1, 3:1:0:0:1, 3:1:0:0:1, 3:2:0:0:2, 3:0:0:0:0, 3:1:0:0:1, 3:0:0:0:0, 2:1:0:0:1, 4:0:0:0:0, 3:1:0:0:1, 3:0:0:0:0, 2:0:0:0:0, 3:2:0:0:2, 3:2:0:0:2, 2:1:0:0:1, 3:1:0:0:1, 1:0:0:0:0, 0:0:0:0:0, 3:0:0:0:0, 3:3:0:0:3, 3:2:0:0:2, 3:2:0:0:2, 2:0:0:0:0, 4:1:0:0:1, 3:0:0:0:0, 4:0:0:0:0, 2:0:0:0:0, 2:0:0:0:0, 3:2:0:0:2, 4:1:1:0:2, 2:2:0:0:2, 3:1:0:0:1, 3:1:0:0:1, 3:1:1:0:2, 3:1:0:0:1, 2:1:0:0:1, 3:1:1:0:2, 3:1:0:0:1, 2:1:0:0:1, 5:3:0:0:3, 1:0:0:0:0, 2:0:1:0:1, 2:0:0:0:0, 2:0:0:0:0, 0:0:0:0:0, 1:0:0:0:0, 2:0:0:0:0, 2:1:0:0:1, 3:1:0:0:1, 3:0:0:0:0, 4:1:0:0:1, 4:1:0:0:1, 2:0:0:0:0, 2:1:0:0:1, 2:0:0:0:0, 2:0:0:0:0, 3:0:0:0:0, 4:0:0:0:0, 2:0:0:0:0, 3:1:0:0:1, 3:3:1:0:4, 4:2:0:0:2, 2:1:0:0:1, 2:1:0:0:1, 1:0:0:0:0, 1:0:0:0:0, 3:0:0:0:0, 3:4:2:0:4, 3:2:0:0:2, 3:1:0:0:1, 3:0:0:0:0, 3:1:0:0:1, 3:0:0:0:0, 2:0:0:0:0, 2:0:0:0:0, 2:1:0:0:1, 3:2:0:0:2, 2:2:0:0:2, 2:2:0:0:2, 3:1:0:0:1, 3:1:0:0:1, 4:1:0:0:1, 3:1:0:0:1, 2:1:0:0:1, 2:2:0:0:2, 3:1:0:0:1, 1:1:0:0:1, 4:2:0:0:2, 2:0:0:0:0, 2:0:0:0:0, 1:0:0:0:0, 1:0:0:0:0, 1:0:0:0:0, 0:0:0:0:0, 2:0:1:0:1, 2:0:0:0:0, 2:1:0:0:1, 3:1:0:0:1, 2:1:0:0:1, 3:1:0:0:1, 2:0:0:0:0, 3:0:0:0:0, 2:1:0:0:1, 3:0:0:0:0, 3:0:0:0:0, 3:0:0:0:0, 2:0:0:0:0, 2:0:0:0:0, 3:2:0:0:2, 4:2:0:0:2, 2:1:0:0:1, 3:1:0:0:1, 0:0:0:0:0, 0:0:0:0:0, 2:0:0:0:0, 3:3:1:0:3, 3:2:0:0:2, 2:1:0:0:1, 4:0:0:0:0, 3:1:0:0:1, 3:0:0:0:0, 2:0:0:0:0, 2:0:0:0:0, 2:1:0:0:1, 3:2:0:0:2, 2:2:0:0:2, 2:2:0:0:2, 3:1:0:0:1, 3:1:0:0:1, 4:1:0:0:1, 3:1:0:0:1, 1:1:0:0:1, 2:2:0:0:2, 3:1:0:0:1, 2:1:0:0:1, 4:2:0:0:2, 2:0:0:0:0, 2:0:0:0:0, 1:0:0:0:0, 0:0:0:0:0, 1:0:0:0:0, 0:0:0:0:0, 2:0:1:0:1, 2:0:0:0:0, 2:1:0:0:1, 3:1:0:0:1, 3:1:0:0:1, 3:1:0:0:1, 3:1:0:0:1, 3:0:0:0:0, 2:1:0:0:1, 3:0:0:0:0, 3:0:0:0:0, 3:0:0:0:0, 2:0:0:0:0, 3:1:0:0:1, 3:2:0:0:2, 4:2:0:0:2, 2:1:0:0:1, 3:1:0:0:1, 1:0:0:0:0, 0:0:0:0:0, 2:0:0:0:0, 3:3:1:0:3, 3:2:0:0:2, 3:1:0:0:1, 2:0:0:0:0, 4:1:0:0:1, 3:0:0:0:0, 3:0:0:0:0, 1:0:0:0:0, 3:0:0:0:0, 3:2:0:0:2, 3:2:0:0:2, 4:2:0:0:2, 4:1:1:0:2, 3:2:0:0:2, 4:1:0:0:1, 2:1:1:0:2, 2:1:0:0:1, 3:1:0:0:1, 4:1:0:0:1, 1:1:0:0:1, 5:2:0:0:2, 2:0:0:0:0, 2:0:0:0:0, 2:0:0:0:0, 1:0:0:0:0, 2:0:0:0:0, 1:0:0:0:0, 1:0:0:0:0, 2:0:0:0:0, 3:1:0:0:1, 2:0:0:0:0, 3:1:0:0:1, 3:2:0:0:2, 1:0:0:0:0, 2:0:0:0:0, 1:0:0:0:0, 4:1:0:0:1, 2:1:0:0:1, 3:0:0:0:0, 4:0:0:0:0, 3:1:0:0:1, 2:2:0:0:2, 3:1:0:0:1, 1:1:0:0:1, 3:2:0:0:2, 1:0:0:0:0, 0:0:0:0:0, 3:0:0:0:0, 3:3:0:0:3, 2:1:0:0:1, 1:0:0:0:0, 3:0:0:0:0, 3:3:0:0:3, 1:1:0:0:1, 2:0:0:0:0, 1:0:0:0:0, 3:3:0:0:3, 2:1:0:0:1, 2:1:0:0:1, 1:1:0:0:1, 1:0:0:0:0, 0:0:0:0:0, 0:0:0:0:0, 0:0:0:0:0, 0:0:0:0:0, 0:0:0:0:0, 0:0:0:0:0, 724:230:20:3:248
F minor (4b), 2:0:0:0:0, 2:0:0:0:1, 2:0:0:0:0, 1:0:0:0:1, 1:0:0:0:0, 2:0:0:0:1, 2:0:0:0:1, 2:0:1:0:1, 1:0:0:0:1, 2:0:0:0:1, 1:0:0:0:0, 2:0:0:0:1, 1:0:0:0:0, 1:0:0:0:0, 1:2:0:0:2, 1:0:0:0:2, 0:0:0:0:0, 2:0:0:0:0, 1:0:0:0:2, 4:0:0:0:2, 2:0:0:0:2, 3:1:0:0:4, 2:0:0:0:3, 3:0:2:0:1, 2:0:1:0:2, 3:0:0:0:1, 2:0:0:0:0, 3:0:1:0:1, 1:0:0:0:1, 1:0:1:0:0, 2:0:0:0:3, 1:0:0:0:0, 2:0:0:0:1, 2:0:0:0:1, 2:0:0:0:1, 1:0:0:0:1, 2:0:0:0:0, 2:0:0:0:1, 2:0:0:0:1, 0:0:0:0:0, 3:0:0:0:1, 1:0:1:0:0, 3:0:0:0:1, 2:0:0:0:3, 1:0:0:0:0, 0:0:0:0:0, 1:0:0:0:1, 1:0:0:0:0, 2:0:0:0:1, 3:0:0:0:2, 1:0:0:0:0, 2:0:0:0:0, 1:0:0:0:1, 2:0:0:0:1, 1:0:0:0:0, 1:0:0:0:1, 2:0:0:0:2, 3:0:0:0:1, 2:0:0:0:1, 1:0:0:0:0, 2:0:0:0:1, 0:0:0:0:0, 2:0:1:0:1, 1:0:0:0:0, 1:0:0:0:1, 2:0:0:0:1, 4:0:0:0:3, 2:0:0:0:1, 3:0:0:0:3, 2:1:0:0:4, 3:0:0:0:3, 3:0:2:0:1, 3:0:0:0:2, 2:0:0:0:0, 3:0:0:2:0, 2:0:0:0:1, 1:0:0:0:1, 1:0:0:0:0, 3:0:0:0:3, 1:0:0:0:0, 2:0:0:0:0, 2:0:0:0:1, 1:0:0:0:0, 1:0:0:0:1, 2:0:0:0:1, 2:0:0:0:2, 2:0:0:0:1, 2:0:0:0:1, 1:0:0:0:1, 1:0:0:0:0, 2:0:0:0:2, 2:0:0:0:2, 1:0:0:0:0, 0:0:0:0:0, 1:0:0:0:1, 1:0:0:0:0, 1:0:0:0:0, 1:0:0:0:0, 0:0:0:0:0, 2:1:0:0:1, 2:0:0:0:0, 1:0:0:0:1, 2:0:0:0:1, 1:0:0:0:0, 2:0:0:0:0, 1:0:1:0:0, 2:0:0:0:1, 1:0:0:0:0, 0:0:0:0:0, 1:0:0:0:0, 1:1:0:0:1, 1:0:0:0:1, 1:0:0:0:1, 3:0:0:0:0, 3:0:0:0:2, 2:0:0:0:1, 2:0:0:0:2, 2:1:0:0:4, 3:1:0:0:5, 3:0:0:0:3, 2:0:0:0:2, 4:0:0:0:2, 2:0:0:0:1, 1:0:0:0:0, 0:0:0:0:0, 1:0:0:0:0, 2:0:0:0:2, 1:0:0:0:2, 2:0:0:0:1, 3:0:0:0:2, 2:0:0:0:1, 3:0:0:0:1, 1:0:0:0:1, 2:0:0:0:1, 1:0:0:0:0, 1:0:0:0:0, 1:0:0:0:1, 1:0:0:0:0, 3:0:0:0:2, 3:0:0:0:2, 0:0:0:0:0, 1:0:2:0:0, 1:0:0:0:0, 3:1:0:0:2, 1:0:0:0:0, 2:0:0:0:1, 1:0:0:0:0, 2:0:0:0:2, 0:0:0:0:0, 2:0:0:0:1, 2:0:0:0:0, 1:0:0:0:2, 1:0:0:0:0, 2:0:1:0:0, 2:0:0:0:2, 2:0:1:0:0, 1:0:0:0:0, 0:0:0:0:0, 2:0:1:0:1, 1:0:0:0:0, 3:0:0:0:2, 2:0:0:0:1, 3:1:0:0:6, 2:0:0:0:2, 4:0:0:0:3, 2:0:0:0:3, 3:0:0:0:4, 3:1:0:0:5, 3:0:0:0:2, 3:0:0:0:2, 1:0:0:0:1, 2:0:0:0:1, 0:0:0:0:0, 0:0:0:0:0, 2:0:0:0:3, 1:0:0:0:0, 2:0:0:0:1, 2:0:0:0:2, 2:0:0:0:1, 2:0:0:0:1, 1:0:0:0:1, 1:0:0:0:1, 2:0:0:0:1, 0:0:0:0:0, 1:0:0:0:1, 1:0:0:0:0, 4:0:0:0:3, 2:0:0:0:2, 1:0:0:0:1, 1:0:1:0:0, 1:0:0:0:0, 0:0:0:0:0, 1:0:0:0:0, 2:0:0:0:1, 1:0:0:0:0, 2:0:0:0:2, 0:0:0:0:0, 2:0:0:0:1, 2:0:0:0:0, 1:0:0:0:2, 1:0:0:0:0, 2:0:1:0:0, 2:0:0:0:2, 2:0:1:0:0, 1:0:0:0:0, 1:0:0:0:1, 2:0:1:0:1, 1:0:0:0:0, 1:0:0:0:1, 2:0:0:0:1, 3:1:0:0:6, 2:0:0:0:1, 4:0:0:0:3, 2:0:0:0:4, 3:0:0:0:4, 3:1:0:0:5, 3:0:0:0:2, 3:0:0:0:2, 1:0:0:0:1, 2:0:0:0:1, 0:0:0:0:0, 0:0:0:0:0, 2:0:0:0:2, 1:0:0:0:0, 2:0:0:0:1, 2:0:0:0:2, 2:0:0:0:1, 2:0:0:0:1, 1:0:0:0:1, 2:0:0:0:1, 2:0:0:0:1, 0:0:0:0:0, 1:0:0:0:1, 1:0:0:0:0, 3:0:0:0:3, 2:0:0:0:2, 1:0:0:0:1, 1:0:1:0:0, 1:0:0:0:0, 1:0:0:0:0, 1:0:0:0:0, 1:0:0:0:0, 0:0:0:0:0, 0:0:0:0:0, 2:0:0:0:1, 2:0:0:0:1, 2:0:0:0:1, 2:0:0:0:1, 2:0:0:0:0, 2:0:0:0:1, 2:0:0:0:0, 2:0:0:0:1, 0:0:0:0:0, 2:0:1:0:0, 2:0:0:0:2, 1:0:0:0:0, 1:0:0:0:1, 3:0:0:0:0, 3:1:0:0:5, 2:0:0:0:1, 2:0:0:0:2, 4:0:0:0:4, 2:0:0:0:4, 3:0:0:0:4, 3:0:1:0:3, 2:0:0:0:3, 2:0:0:0:1, 2:0:0:0:1, 1:0:0:0:1, 1:0:0:0:0, 4:1:0:0:2, 2:0:0:0:1, 1:0:0:0:1, 1:0:0:0:0, 2:0:0:0:1, 2:0:0:0:2, 0:0:0:0:0, 2:0:0:0:1, 1:0:0:0:1, 3:0:0:0:2, 2:0:0:0:1, 2:0:0:0:0, 3:1:0:0:4, 4:0:0:0:4, 1:0:0:0:1, 1:0:0:0:0, 0:0:0:0:0, 1:0:0:0:1, 1:0:0:0:1, 1:0:0:0:0, 0:0:0:0:0, 1:0:0:0:0, 2:0:0:0:2, 1:0:0:0:0, 0:0:0:0:0, 0:0:0:0:0, 0:0:0:0:0, 0:0:0:0:0, 0:0:0:0:0, 0:0:0:0:0, 0:0:0:0:0, 0:0:0:0:0, 0:0:0:0:0, 0:0:0:0:0, 495:16:23:2:322
C# minor (4#), 3:0:0:0:0, 2:1:0:0:1, 4:0:0:0:0, 3:0:0:0:0, 4:0:0:0:0, 3:1:0:0:1, 3:2:0:0:2, 3:3:1:0:3, 2:1:0:0:1, 3:2:0:0:2, 4:1:1:0:2, 2:2:0:0:2, 4:2:0:0:2, 3:1:0:0:1, 2:1:0:0:1, 2:1:0:0:1, 3:1:0:0:1, 2:2:0:0:2, 1:0:2:0:2, 2:1:0:0:1, 2:0:0:0:0, 2:0:0:0:0, 1:0:0:0:0, 1:0:0:0:0, 1:0:0:0:0, 1:0:0:0:0, 2:0:0:0:0, 2:0:0:0:0, 2:1:0:0:1, 3:1:0:0:1, 2:0:0:0:0, 3:0:0:0:0, 2:1:0:0:1, 3:0:0:0:0, 2:0:0:0:0, 2:0:0:0:0, 2:0:0:0:0, 3:0:0:0:0, 3:2:0:0:2, 4:1:0:0:1, 2:1:0:0:1, 3:1:0:0:1, 1:0:0:0:0, 0:0:0:0:0, 3:0:0:0:0, 3:3:0:0:3, 2:1:0:0:1, 3:1:0:0:1, 2:0:0:0:0, 2:0:0:0:0, 4:0:0:0:0, 5:0:0:0:0, 2:0:0:0:0, 3:1:0:0:1, 4:2:0:0:2, 3:2:0:0:2, 3:1:0:0:1, 2:1:0:0:1, 4:1:0:0:1, 3:1:1:0:2, 4:1:0:0:1, 2:1:0:0:1, 2:2:0:0:2, 3:1:0:0:1, 1:1:0:0:1, 4:2:0:0:2, 1:0:0:0:0, 1:0:2:0:2, 1:0:0:0:0, 1:0:0:0:0, 2:0:0:0:0, 0:0:0:0:0, 2:0:0:3:3, 2:1:0:0:1, 5:1:0:0:1, 3:1:0:0:1, 3:1:0:0:1, 3:2:0:0:2, 3:0:0:0:0, 3:1:0:0:1, 3:0:0:0:0, 2:1:0:0:1, 4:0:0:0:0, 3:1:0:0:1, 3:0:0:0:0, 2:0:0:0:0, 3:2:0:0:2, 3:2:0:0:2, 2:1:0:0:1, 3:1:0:0:1, 1:0:0:0:0, 0:0:0:0:0, 3:0:0:0:0, 3:3:0:0:3, 3:2:0:0:2, 3:2:0:0:2, 2:0:0:0:0, 4:1:0:0:1, 3:0:0:0:0, 4:0:0:0:0, 2:0:0:0:0, 2:0:0:0:0, 3:2:0:0:2, 4:1:1:0:2, 2:2:0:0:2, 3:1:0:0:1, 3:1:0:0:1, 3:1:1:0:2, 3:1:0:0:1, 2:1:0:0:1, 3:1:1:0:2, 3:1:0:0:1, 2:1:0:0:1, 5:3:0:0:3, 1:0:0:0:0, 2:0:1:0:1, 2:0:0:0:0, 2:0:0:0:0, 0:0:0:0:0, 1:0:0:0:0, 2:0:0:0:0, 2:1:0:0:1, 3:1:0:0:1, 3:0:0:0:0, 4:1:0:0:1, 4:1:0:0:1, 2:0:0:0:0, 2:1:0:0:1, 2:0:0:0:0, 2:0:0:0:0, 3:0:0:0:0, 4:0:0:0:0, 2:0:0:0:0, 3:1:0:0:1, 3:3:1:0:4, 4:2:0:0:2, 2:1:0:0:1, 2:1:0:0:1, 1:0:0:0:0, 1:0:0:0:0, 3:0:0:0:0, 3:4:2:0:4, 3:2:0:0:2, 3:1:0:0:1, 3:0:0:0:0, 3:1:0:0:1, 3:0:0:0:0, 2:0:0:0:0, 2:0:0:0:0, 2:1:0:0:1, 3:2:0:0:2, 2:2:0:0:2, 2:2:0:0:2, 3:1:0:0:1, 3:1:0:0:1, 4:1:0:0:1, 3:1:0:0:1, 2:1:0:0:1, 2:2:0:0:2, 3:1:0:0:1, 1:1:0:0:1, 4:2:0:0:2, 2:0:0:0:0, 2:0:0:0:0, 1:0:0:0:0, 1:0:0:0:0, 1:0:0:0:0, 0:0:0:0:0, 2:0:1:0:1, 2:0:0:0:0, 2:1:0:0:1, 3:1:0:0:1, 2:1:0:0:1, 3:1:0:0:1, 2:0:0:0:0, 3:0:0:0:0, 2:1:0:0:1, 3:0:0:0:0, 3:0:0:0:0, 3:0:0:0:0, 2:0:0:0:0, 2:0:0:0:0, 3:2:0:0:2, 4:2:0:0:2, 2:1:0:0:1, 3:1:0:0:1, 0:0:0:0:0, 0:0:0:0:0, 2:0:0:0:0, 3:3:1:0:3, 3:2:0:0:2, 2:1:0:0:1, 4:0:0:0:0, 3:1:0:0:1, 3:0:0:0:0, 2:0:0:0:0, 2:0:0:0:0, 2:1:0:0:1, 3:2:0:0:2, 2:2:0:0:2, 2:2:0:0:2, 3:1:0:0:1, 3:1:0:0:1, 4:1:0:0:1, 3:1:0:0:1, 1:1:0:0:1, 2:2:0:0:2, 3:1:0:0:1, 2:1:0:0:1, 4:2:0:0:2, 2:0:0:0:0, 2:0:0:0:0, 1:0:0:0:0, 0:0:0:0:0, 1:0:0:0:0, 0:0:0:0:0, 2:0:1:0:1, 2:0:0:0:0, 2:1:0:0:1, 3:1:0:0:1, 3:1:0:0:1, 3:1:0:0:1, 3:1:0:0:1, 3:0:0:0:0, 2:1:0:0:1, 3:0:0:0:0, 3:0:0:0:0, 3:0:0:0:0, 2:0:0:0:0, 3:1:0:0:1, 3:2:0:0:2, 4:2:0:0:2, 2:1:0:0:1, 3:1:0:0:1, 1:0:0:0:0, 0:0:0:0:0, 2:0:0:0:0, 3:3:1:0:3, 3:2:0:0:2, 3:1:0:0:1, 2:0:0:0:0, 4:1:0:0:1, 3:0:0:0:0, 3:0:0:0:0, 1:0:0:0:0, 3:0:0:0:0, 3:2:0:0:2, 3:2:0:0:2, 4:2:0:0:2, 4:1:1:0:2, 3:2:0:0:2, 4:1:0:0:1, 2:1:1:0:2, 2:1:0:0:1, 3:1:0:0:1, 4:1:0:0:1, 1:1:0:0:1, 5:2:0:0:2, 2:0:0:0:0, 2:0:0:0:0, 2:0:0:0:0, 1:0:0:0:0, 2:0:0:0:0, 1:0:0:0:0, 1:0:0:0:0, 2:0:0:0:0, 3:1:0:0:1, 2:0:0:0:0, 3:1:0:0:1, 3:2:0:0:2, 1:0:0:0:0, 2:0:0:0:0, 1:0:0:0:0, 4:1:0:0:1, 2:1:0:0:1, 3:0:0:0:0, 4:0:0:0:0, 3:1:0:0:1, 2:2:0:0:2, 3:1:0:0:1, 1:1:0:0:1, 3:2:0:0:2, 1:0:0:0:0, 0:0:0:0:0, 3:0:0:0:0, 3:3:0:0:3, 2:1:0:0:1, 1:0:0:0:0, 3:0:0:0:0, 3:3:0:0:3, 1:1:0:0:1, 2:0:0:0:0, 1:0:0:0:0, 3:3:0:0:3, 2:1:0:0:1, 2:1:0:0:1, 1:1:0:0:1, 1:0:0:0:0, 0:0:0:0:0, 0:0:0:0:0, 0:0:0:0:0, 0:0:0:0:0, 0:0:0:0:0, 0:0:0:0:0, 724:230:20:3:248
F minor mel (4b), 2:0:0:0:0, 2:0:0:0:1, 2:0:0:0:0, 1:0:0:0:1, 1:0:0:0:0, 2:0:0:0:1, 2:0:0:0:1, 2:0:1:0:1, 1:0:0:0:1, 2:0:0:0:1, 1:0:0:0:0, 2:0:0:0:1, 1:0:0:0:0, 1:0:0:0:0, 1:2:0:0:2, 1:0:0:0:2, 0:0:0:0:0, 2:0:0:0:0, 1:0:0:0:2, 4:0:0:0:2, 2:0:0:0:2, 3:1:0:0:4, 2:0:0:0:3, 3:0:2:0:1, 2:0:1:0:2, 3:0:0:0:1, 2:0:0:0:0, 3:0:1:0:1, 1:0:0:0:1, 1:0:1:0:0, 2:0:0:0:3, 1:0:0:0:0, 2:0:0:0:1, 2:0:0:0:1, 2:0:0:0:1, 1:0:0:0:1, 2:0:0:0:0, 2:0:0:0:1, 2:0:0:0:1, 0:0:0:0:0, 3:0:0:0:1, 1:0:1:0:0, 3:0:0:0:1, 2:0:0:0:3, 1:0:0:0:0, 0:0:0:0:0, 1:0:0:0:1, 1:0:0:0:0, 2:0:0:0:1, 3:0:0:0:2, 1:0:0:0:0, 2:0:0:0:0, 1:0:0:0:1, 2:0:0:0:1, 1:0:0:0:0, 1:0:0:0:1, 2:0:0:0:2, 3:0:0:0:1, 2:0:0:0:1, 1:0:0:0:0, 2:0:0:0:1, 0:0:0:0:0, 2:0:1:0:1, 1:0:0:0:0, 1:0:0:0:1, 2:0:0:0:1, 4:0:0:0:3, 2:0:0:0:1, 3:0:0:0:3, 2:1:0:0:4, 3:0:0:0:3, 3:0:2:0:1, 3:0:0:0:2, 2:0:0:0:0, 3:0:0:2:0, 2:0:0:0:1, 1:0:0:0:1, 1:0:0:0:0, 3:0:0:0:3, 1:0:0:0:0, 2:0:0:0:0, 2:0:0:0:1, 1:0:0:0:0, 1:0:0:0:1, 2:0:0:0:1, 2:0:0:0:2, 2:0:0:0:1, 2:0:0:0:1, 1:0:0:0:1, 1:0:0:0:0, 2:0:0:0:2, 2:0:0:0:2, 1:0:0:0:0, 0:0:0:0:0, 1:0:0:0:1, 1:0:0:0:0, 1:0:0:0:0, 1:0:0:0:0, 0:0:0:0:0, 2:1:0:0:1, 2:0:0:0:0, 1:0:0:0:1, 2:0:0:0:1, 1:0:0:0:0, 2:0:0:0:0, 1:0:1:0:0, 2:0:0:0:1, 1:0:0:0:0, 0:0:0:0:0, 1:0:0:0:0, 1:1:0:0:1, 1:0:0:0:1, 1:0:0:0:1, 3:0:0:0:0, 3:0:0:0:2, 2:0:0:0:1, 2:0:0:0:2, 2:1:0:0:4, 3:1:0:0:5, 3:0:0:0:3, 2:0:0:0:2, 4:0:0:0:2, 2:0:0:0:1, 1:0:0:0:0, 0:0:0:0:0, 1:0:0:0:0, 2:0:0:0:2, 1:0:0:0:2, 2:0:0:0:1, 3:0:0:0:2, 2:0:0:0:1, 3:0:0:0:1, 1:0:0:0:1, 2:0:0:0:1, 1:0:0:0:0, 1:0:0:0:0, 1:0:0:0:1, 1:0:0:0:0, 3:0:0:0:2, 3:0:0:0:2, 0:0:0:0:0, 1:0:2:0:0, 1:0:0:0:0, 3:1:0:0:2, 1:0:0:0:0, 2:0:0:0:1, 1:0:0:0:0, 2:0:0:0:2, 0:0:0:0:0, 2:0:0:0:1, 2:0:0:0:0, 1:0:0:0:2, 1:0:0:0:0, 2:0:1:0:0, 2:0:0:0:2, 2:0:1:0:0, 1:0:0:0:0, 0:0:0:0:0, 2:0:1:0:1, 1:0:0:0:0, 3:0:0:0:2, 2:0:0:0:1, 3:1:0:0:6, 2:0:0:0:2, 4:0:0:0:3, 2:0:0:0:3, 3:0:0:0:4, 3:1:0:0:5, 3:0:0:0:2, 3:0:0:0:2, 1:0:0:0:1, 2:0:0:0:1, 0:0:0:0:0, 0:0:0:0:0, 2:0:0:0:3, 1:0:0:0:0, 2:0:0:0:1, 2:0:0:0:2, 2:0:0:0:1, 2:0:0:0:1, 1:0:0:0:1, 1:0:0:0:1, 2:0:0:0:1, 0:0:0:0:0, 1:0:0:0:1, 1:0:0:0:0, 4:0:0:0:3, 2:0:0:0:2, 1:0:0:0:1, 1:0:1:0:0, 1:0:0:0:0, 0:0:0:0:0, 1:0:0:0:0, 2:0:0:0:1, 1:0:0:0:0, 2:0:0:0:2, 0:0:0:0:0, 2:0:0:0:1, 2:0:0:0:0, 1:0:0:0:2, 1:0:0:0:0, 2:0:1:0:0, 2:0:0:0:2, 2:0:1:0:0, 1:0:0:0:0, 1:0:0:0:1, 2:0:1:0:1, 1:0:0:0:0, 1:0:0:0:1, 2:0:0:0:1, 3:1:0:0:6, 2:0:0:0:1, 4:0:0:0:3, 2:0:0:0:4, 3:0:0:0:4, 3:1:0:0:5, 3:0:0:0:2, 3:0:0:0:2, 1:0:0:0:1, 2:0:0:0:1, 0:0:0:0:0, 0:0:0:0:0, 2:0:0:0:2, 1:0:0:0:0, 2:0:0:0:1, 2:0:0:0:2, 2:0:0:0:1, 2:0:0:0:1, 1:0:0:0:1, 2:0:0:0:1, 2:0:0:0:1, 0:0:0:0:0, 1:0:0:0:1, 1:0:0:0:0, 3:0:0:0:3, 2:0:0:0:2, 1:0:0:0:1, 1:0:1:0:0, 1:0:0:0:0, 1:0:0:0:0, 1:0:0:0:0, 1:0:0:0:0, 0:0:0:0:0, 0:0:0:0:0, 2:0:0:0:1, 2:0:0:0:1, 2:0:0:0:1, 2:0:0:0:1, 2:0:0:0:0, 2:0:0:0:1, 2:0:0:0:0, 2:0:0:0:1, 0:0:0:0:0, 2:0:1:0:0, 2:0:0:0:2, 1:0:0:0:0, 1:0:0:0:1, 3:0:0:0:0, 3:1:0:0:5, 2:0:0:0:1, 2:0:0:0:2, 4:0:0:0:4, 2:0:0:0:4, 3:0:0:0:4, 3:0:1:0:3, 2:0:0:0:3, 2:0:0:0:1, 2:0:0:0:1, 1:0:0:0:1, 1:0:0:0:0, 4:1:0:0:2, 2:0:0:0:1, 1:0:0:0:1, 1:0:0:0:0, 2:0:0:0:1, 2:0:0:0:2, 0:0:0:0:0, 2:0:0:0:1, 1:0:0:0:1, 3:0:0:0:2, 2:0:0:0:1, 2:0:0:0:0, 3:1:0:0:4, 4:0:0:0:4, 1:0:0:0:1, 1:0:0:0:0, 0:0:0:0:0, 1:0:0:0:1, 1:0:0:0:1, 1:0:0:0:0, 0:0:0:0:0, 1:0:0:0:0, 2:0:0:0:2, 1:0:0:0:0, 0:0:0:0:0, 0:0:0:0:0, 0:0:0:0:0, 0:0:0:0:0, 0:0:0:0:0, 0:0:0:0:0, 0:0:0:0:0, 0:0:0:0:0, 0:0:0:0:0, 0:0:0:0:0, 495:16:23:2:322
C# minor mel (4#), 3:0:0:0:0, 2:1:0:0:1, 4:0:0:0:0, 3:0:0:0:0, 4:0:0:0:0, 3:1:0:0:1, 3:2:0:0:2, 3:3:1:0:3, 2:1:0:0:1, 3:2:0:0:2, 4:1:1:0:2, 2:2:0:0:2, 4:2:0:0:2, 3:1:0:0:1, 2:1:0:0:1, 2:1:0:0:1, 3:1:0:0:1, 2:2:0:0:2, 1:0:2:0:2, 2:1:0:0:1, 2:0:0:0:0, 2:0:0:0:0, 1:0:0:0:0, 1:0:0:0:0, 1:0:0:0:0, 1:0:0:0:0, 2:0:0:0:0, 2:0:0:0:0, 2:1:0:0:1, 3:1:0:0:1, 2:0:0:0:0, 3:0:0:0:0, 2:1:0:0:1, 3:0:0:0:0, 2:0:0:0:0, 2:0:0:0:0, 2:0:0:0:0, 3:0:0:0:0, 3:2:0:0:2, 4:1:0:0:1, 2:1:0:0:1, 3:1:0:0:1, 1:0:0:0:0, 0:0:0:0:0, 3:0:0:0:0, 3:3:0:0:3, 2:1:0:0:1, 3:1:0:0:1, 2:0:0:0:0, 2:0:0:0:0, 4:0:0:0:0, 5:0:0:0:0, 2:0:0:0:0, 3:1:0:0:1, 4:2:0:0:2, 3:2:0:0:2, 3:1:0:0:1, 2:1:0:0:1, 4:1:0:0:1, 3:1:1:0:2, 4:1:0:0:1, 2:1:0:0:1, 2:2:0:0:2, 3:1:0:0:1, 1:1:0:0:1, 4:2:0:0:2, 1:0:0:0:0, 1:0:2:0:2, 1:0:0:0:0, 1:0:0:0:0, 2:0:0:0:0, 0:0:0:0:0, 2:0:0:3:3, 2:1:0:0:1, 5:1:0:0:1, 3:1:0:0:1, 3:1:0:0:1, 3:2:0:0:2, 3:0:0:0:0, 3:1:0:0:1, 3:0:0:0:0, 2:1:0:0:1, 4:0:0:0:0, 3:1:0:0:1, 3:0:0:0:0, 2:0:0:0:0, 3:2:0:0:2, 3:2:0:0:2, 2:1:0:0:1, 3:1:0:0:1, 1:0:0:0:0, 0:0:0:0:0, 3:0:0:0:0, 3:3:0:0:3, 3:2:0:0:2, 3:2:0:0:2, 2:0:0:0:0, 4:1:0:0:1, 3:0:0:0:0, 4:0:0:0:0, 2:0:0:0:0, 2:0:0:0:0, 3:2:0:0:2, 4:1:1:0:2, 2:2:0:0:2, 3:1:0:0:1, 3:1:0:0:1, 3:1:1:0:2, 3:1:0:0:1, 2:1:0:0:1, 3:1:1:0:2, 3:1:0:0:1, 2:1:0:0:1, 5:3:0:0:3, 1:0:0:0:0, 2:0:1:0:1, 2:0:0:0:0, 2:0:0:0:0, 0:0:0:0:0, 1:0:0:0:0, 2:0:0:0:0, 2:1:0:0:1, 3:1:0:0:1, 3:0:0:0:0, 4:1:0:0:1, 4:1:0:0:1, 2:0:0:0:0, 2:1:0:0:1, 2:0:0:0:0, 2:0:0:0:0, 3:0:0:0:0, 4:0:0:0:0, 2:0:0:0:0, 3:1:0:0:1, 3:3:1:0:4, 4:2:0:0:2, 2:1:0:0:1, 2:1:0:0:1, 1:0:0:0:0, 1:0:0:0:0, 3:0:0:0:0, 3:4:2:0:4, 3:2:0:0:2, 3:1:0:0:1, 3:0:0:0:0, 3:1:0:0:1, 3:0:0:0:0, 2:0:0:0:0, 2:0:0:0:0, 2:1:0:0:1, 3:2:0:0:2, 2:2:0:0:2, 2:2:0:0:2, 3:1:0:0:1, 3:1:0:0:1, 4:1:0:0:1, 3:1:0:0:1, 2:1:0:0:1, 2:2:0:0:2, 3:1:0:0:1, 1:1:0:0:1, 4:2:0:0:2, 2:0:0:0:0, 2:0:0:0:0, 1:0:0:0:0, 1:0:0:0:0, 1:0:0:0:0, 0:0:0:0:0, 2:0:1:0:1, 2:0:0:0:0, 2:1:0:0:1, 3:1:0:0:1, 2:1:0:0:1, 3:1:0:0:1, 2:0:0:0:0, 3:0:0:0:0, 2:1:0:0:1, 3:0:0:0:0, 3:0:0:0:0, 3:0:0:0:0, 2:0:0:0:0, 2:0:0:0:0, 3:2:0:0:2, 4:2:0:0:2, 2:1:0:0:1, 3:1:0:0:1, 0:0:0:0:0, 0:0:0:0:0, 2:0:0:0:0, 3:3:1:0:3, 3:2:0:0:2, 2:1:0:0:1, 4:0:0:0:0, 3:1:0:0:1, 3:0:0:0:0, 2:0:0:0:0, 2:0:0:0:0, 2:1:0:0:1, 3:2:0:0:2, 2:2:0:0:2, 2:2:0:0:2, 3:1:0:0:1, 3:1:0:0:1, 4:1:0:0:1, 3:1:0:0:1, 1:1:0:0:1, 2:2:0:0:2, 3:1:0:0:1, 2:1:0:0:1, 4:2:0:0:2, 2:0:0:0:0, 2:0:0:0:0, 1:0:0:0:0, 0:0:0:0:0, 1:0:0:0:0, 0:0:0:0:0, 2:0:1:0:1, 2:0:0:0:0, 2:1:0:0:1, 3:1:0:0:1, 3:1:0:0:1, 3:1:0:0:1, 3:1:0:0:1, 3:0:0:0:0, 2:1:0:0:1, 3:0:0:0:0, 3:0:0:0:0, 3:0:0:0:0, 2:0:0:0:0, 3:1:0:0:1, 3:2:0:0:2, 4:2:0:0:2, 2:1:0:0:1, 3:1:0:0:1, 1:0:0:0:0, 0:0:0:0:0, 2:0:0:0:0, 3:3:1:0:3, 3:2:0:0:2, 3:1:0:0:1, 2:0:0:0:0, 4:1:0:0:1, 3:0:0:0:0, 3:0:0:0:0, 1:0:0:0:0, 3:0:0:0:0, 3:2:0:0:2, 3:2:0:0:2, 4:2:0:0:2, 4:1:1:0:2, 3:2:0:0:2, 4:1:0:0:1, 2:1:1:0:2, 2:1:0:0:1, 3:1:0:0:1, 4:1:0:0:1, 1:1:0:0:1, 5:2:0:0:2, 2:0:0:0:0, 2:0:0:0:0, 2:0:0:0:0, 1:0:0:0:0, 2:0:0:0:0, 1:0:0:0:0, 1:0:0:0:0, 2:0:0:0:0, 3:1:0:0:1, 2:0:0:0:0, 3:1:0:0:1, 3:2:0:0:2, 1:0:0:0:0, 2:0:0:0:0, 1:0:0:0:0, 4:1:0:0:1, 2:1:0:0:1, 3:0:0:0:0, 4:0:0:0:0, 3:1:0:0:1, 2:2:0:0:2, 3:1:0:0:1, 1:1:0:0:1, 3:2:0:0:2, 1:0:0:0:0, 0:0:0:0:0, 3:0:0:0:0, 3:3:0:0:3, 2:1:0:0:1, 1:0:0:0:0, 3:0:0:0:0, 3:3:0:0:3, 1:1:0:0:1, 2:0:0:0:0, 1:0:0:0:0, 3:3:0:0:3, 2:1:0:0:1, 2:1:0:0:1, 1:1:0:0:1, 1:0:0:0:0, 0:0:0:0:0, 0:0:0:0:0, 0:0:0:0:0, 0:0:0:0:0, 0:0:0:0:0, 0:0:0:0:0, 724:230:20:3:248
Ab major blues (4b), 2:0:0:0:0, 2:0:0:0:1, 2:0:0:0:0, 1:0:0:0:1, 1:0:0:0:0, 2:0:0:0:1, 2:0:0:0:1, 2:0:1:0:1, 1:0:0:0:1, 2:0:0:0:1, 1:0:0:0:0, 2:0:0:0:1, 1:0:0:0:0, 1:0:0:0:0, 1:2:0:0:2, 1:0:0:0:2, 0:0:0:0:0, 2:0:0:0:0, 1:0:0:0:2, 4:0:0:0:2, 2:0:0:0:2, 3:1:0:0:4, 2:0:0:0:3, 3:0:2:0:1, 2:0:1:0:2, 3:0:0:0:1, 2:0:0:0:0, 3:0:1:0:1, 1:0:0:0:1, 1:0:1:0:0, 2:0:0:0:3, 1:0:0:0:0, 2:0:0:0:1, 2:0:0:0:1, 2:0:0:0:1, 1:0:0:0:1, 2:0:0:0:0, 2:0:0:0:1, 2:0:0:0:1, 0:0:0:0:0, 3:0:0:0:1, 1:0:1:0:0, 3:0:0:0:1, 2:0:0:0:3, 1:0:0:0:0, 0:0:0:0:0, 1:0:0:0:1, 1:0:0:0:0, 2:0:0:0:1, 3:0:0:0:2, 1:0:0:0:0, 2:0:0:0:0, 1:0:0:0:1, 2:0:0:0:1, 1:0:0:0:0, 1:0:0:0:1, 2:0:0:0:2, 3:0:0:0:1, 2:0:0:0:1, 1:0:0:0:0, 2:0:0:0:1, 0:0:0:0:0, 2:0:1:0:1, 1:0:0:0:0, 1:0:0:0:1, 2:0:0:0:1, 4:0:0:0:3, 2:0:0:0:1, 3:0:0:0:3, 2:1:0:0:4, 3:0:0:0:3, 3:0:2:0:1, 3:0:0:0:2, 2:0:0:0:0, 3:0:0:2:0, 2:0:0:0:1, 1:0:0:0:1, 1:0:0:0:0, 3:0:0:0:3, 1:0:0:0:0, 2:0:0:0:0, 2:0:0:0:1, 1:0:0:0:0, 1:0:0:0:1, 2:0:0:0:1, 2:0:0:0:2, 2:0:0:0:1, 2:0:0:0:1, 1:0:0:0:1, 1:0:0:0:0, 2:0:0:0:2, 2:0:0:0:2, 1:0:0:0:0, 0:0:0:0:0, 1:0:0:0:1, 1:0:0:0:0, 1:0:0:0:0, 1:0:0:0:0, 0:0:0:0:0, 2:1:0:0:1, 2:0:0:0:0, 1:0:0:0:1, 2:0:0:0:1, 1:0:0:0:0, 2:0:0:0:0, 1:0:1:0:0, 2:0:0:0:1, 1:0:0:0:0, 0:0:0:0:0, 1:0:0:0:0, 1:1:0:0:1, 1:0:0:0:1, 1:0:0:0:1, 3:0:0:0:0, 3:0:0:0:2, 2:0:0:0:1, 2:0:0:0:2, 2:1:0:0:4, 3:1:0:0:5, 3:0:0:0:3, 2:0:0:0:2, 4:0:0:0:2, 2:0:0:0:1, 1:0:0:0:0, 0:0:0:0:0, 1:0:0:0:0, 2:0:0:0:2, 1:0:0:0:2, 2:0:0:0:1, 3:0:0:0:2, 2:0:0:0:1, 3:0:0:0:1, 1:0:0:0:1, 2:0:0:0:1, 1:0:0:0:0, 1:0:0:0:0, 1:0:0:0:1, 1:0:0:0:0, 3:0:0:0:2, 3:0:0:0:2, 0:0:0:0:0, 1:0:2:0:0, 1:0:0:0:0, 3:1:0:0:2, 1:0:0:0:0, 2:0:0:0:1, 1:0:0:0:0, 2:0:0:0:2, 0:0:0:0:0, 2:0:0:0:1, 2:0:0:0:0, 1:0:0:0:2, 1:0:0:0:0, 2:0:1:0:0, 2:0:0:0:2, 2:0:1:0:0, 1:0:0:0:0, 0:0:0:0:0, 2:0:1:0:1, 1:0:0:0:0, 3:0:0:0:2, 2:0:0:0:1, 3:1:0:0:6, 2:0:0:0:2, 4:0:0:0:3, 2:0:0:0:3, 3:0:0:0:4, 3:1:0:0:5, 3:0:0:0:2, 3:0:0:0:2, 1:0:0:0:1, 2:0:0:0:1, 0:0:0:0:0, 0:0:0:0:0, 2:0:0:0:3, 1:0:0:0:0, 2:0:0:0:1, 2:0:0:0:2, 2:0:0:0:1, 2:0:0:0:1, 1:0:0:0:1, 1:0:0:0:1, 2:0:0:0:1, 0:0:0:0:0, 1:0:0:0:1, 1:0:0:0:0, 4:0:0:0:3, 2:0:0:0:2, 1:0:0:0:1, 1:0:1:0:0, 1:0:0:0:0, 0:0:0:0:0, 1:0:0:0:0, 2:0:0:0:1, 1:0:0:0:0, 2:0:0:0:2, 0:0:0:0:0, 2:0:0:0:1, 2:0:0:0:0, 1:0:0:0:2, 1:0:0:0:0, 2:0:1:0:0, 2:0:0:0:2, 2:0:1:0:0, 1:0:0:0:0, 1:0:0:0:1, 2:0:1:0:1, 1:0:0:0:0, 1:0:0:0:1, 2:0:0:0:1, 3:1:0:0:6, 2:0:0:0:1, 4:0:0:0:3, 2:0:0:0:4, 3:0:0:0:4, 3:1:0:0:5, 3:0:0:0:2, 3:0:0:0:2, 1:0:0:0:1, 2:0:0:0:1, 0:0:0:0:0, 0:0:0:0:0, 2:0:0:0:2, 1:0:0:0:0, 2:0:0:0:1, 2:0:0:0:2, 2:0:0:0:1, 2:0:0:0:1, 1:0:0:0:1, 2:0:0:0:1, 2:0:0:0:1, 0:0:0:0:0, 1:0:0:0:1, 1:0:0:0:0, 3:0:0:0:3, 2:0:0:0:2, 1:0:0:0:1, 1:0:1:0:0, 1:0:0:0:0, 1:0:0:0:0, 1:0:0:0:0, 1:0:0:0:0, 0:0:0:0:0, 0:0:0:0:0, 2:0:0:0:1, 2:0:0:0:1, 2:0:0:0:1, 2:0:0:0:1, 2:0:0:0:0, 2:0:0:0:1, 2:0:0:0:0, 2:0:0:0:1, 0:0:0:0:0, 2:0:1:0:0, 2:0:0:0:2, 1:0:0:0:0, 1:0:0:0:1, 3:0:0:0:0, 3:1:0:0:5, 2:0:0:0:1, 2:0:0:0:2, 4:0:0:0:4, 2:0:0:0:4, 3:0:0:0:4, 3:0:1:0:3, 2:0:0:0:3, 2:0:0:0:1, 2:0:0:0:1, 1:0:0:0:1, 1:0:0:0:0, 4:1:0:0:2, 2:0:0:0:1, 1:0:0:0:1, 1:0:0:0:0, 2:0:0:0:1, 2:0:0:0:2, 0:0:0:0:0, 2:0:0:0:1, 1:0:0:0:1, 3:0:0:0:2, 2:0:0:0:1, 2:0:0:0:0, 3:1:0:0:4, 4:0:0:0:4, 1:0:0:0:1, 1:0:0:0:0, 0:0:0:0:0, 1:0:0:0:1, 1:0:0:0:1, 1:0:0:0:0, 0:0:0:0:0, 1:0:0:0:0, 2:0:0:0:2, 1:0:0:0:0, 0:0:0:0:0, 0:0:0:0:0, 0:0:0:0:0, 0:0:0:0:0, 0:0:0:0:0, 0:0:0:0:0, 0:0:0:0:0, 0:0:0:0:0, 0:0:0:0:0, 0:0:0:0:0, 495:16:23:2:322
E major blues (4#), 3:0:0:0:0, 2:1:0:0:1, 4:0:0:0:0, 3:0:0:0:0, 4:0:0:0:0, 3:1:0:0:1, 3:2:0:0:2, 3:3:1:0:3, 2:1:0:0:1, 3:2:0:0:2, 4:1:1:0:2, 2:2:0:0:2, 4:2:0:0:2, 3:1:0:0:1, 2:1:0:0:1, 2:1:0:0:1, 3:1:0:0:1, 2:2:0:0:2, 1:0:2:0:2, 2:1:0:0:1, 2:0:0:0:0, 2:0:0:0:0, 1:0:0:0:0, 1:0:0:0:0, 1:0:0:0:0, 1:0:0:0:0, 2:0:0:0:0, 2:0:0:0:0, 2:1:0:0:1, 3:1:0:0:1, 2:0:0:0:0, 3:0:0:0:0, 2:1:0:0:1, 3:0:0:0:0, 2:0:0:0:0, 2:0:0:0:0, 2:0:0:0:0, 3:0:0:0:0, 3:2:0:0:2, 4:1:0:0:1, 2:1:0:0:1, 3:1:0:0:1, 1:0:0:0:0, 0:0:0:0:0, 3:0:0:0:0, 3:3:0:0:3, 2:1:0:0:1, 3:1:0:0:1, 2:0:0:0:0, 2:0:0:0:0, 4:0:0:0:0, 5:0:0:0:0, 2:0:0:0:0, 3:1:0:0:1, 4:2:0:0:2, 3:2:0:0:2, 3:1:0:0:1, 2:1:0:0:1, 4:1:0:0:1, 3:1:1:0:2, 4:1:0:0:1, 2:1:0:0:1, 2:2:0:0:2, 3:1:0:0:1, 1:1:0:0:1, 4:2:0:0:2, 1:0:0:0:0, 1:0:2:0:2, 1:0:0:0:0, 1:0:0:0:0, 2:0:0:0:0, 0:0:0:0:0, 2:0:0:3:3, 2:1:0:0:1, 5:1:0:0:1, 3:1:0:0:1, 3:1:0:0:1, 3:2:0:0:2, 3:0:0:0:0, 3:1:0:0:1, 3:0:0:0:0, 2:1:0:0:1, 4:0:0:0:0, 3:1:0:0:1, 3:0:0:0:0, 2:0:0:0:0, 3:2:0:0:2, 3:2:0:0:2, 2:1:0:0:1, 3:1:0:0:1, 1:0:0:0:0, 0:0:0:0:0, 3:0:0:0:0, 3:3:0:0:3, 3:2:0:0:2, 3:2:0:0:2, 2:0:0:0:0, 4:1:0:0:1, 3:0:0:0:0, 4:0:0:0:0, 2:0:0:0:0, 2:0:0:0:0, 3:2:0:0:2, 4:1:1:0:2, 2:2:0:0:2, 3:1:0:0:1, 3:1:0:0:1, 3:1:1:0:2, 3:1:0:0:1, 2:1:0:0:1, 3:1:1:0:2, 3:1:0:0:1, 2:1:0:0:1, 5:3:0:0:3, 1:0:0:0:0, 2:0:1:0:1, 2:0:0:0:0, 2:0:0:0:0, 0:0:0:0:0, 1:0:0:0:0, 2:0:0:0:0, 2:1:0:0:1, 3:1:0:0:1, 3:0:0:0:0, 4:1:0:0:1, 4:1:0:0:1, 2:0:0:0:0, 2:1:0:0:1, 2:0:0:0:0, 2:0:0:0:0, 3:0:0:0:0, 4:0:0:0:0, 2:0:0:0:0, 3:1:0:0:1, 3:3:1:0:4, 4:2:0:0:2, 2:1:0:0:1, 2:1:0:0:1, 1:0:0:0:0, 1:0:0:0:0, 3:0:0:0:0, 3:4:2:0:4, 3:2:0:0:2, 3:1:0:0:1, 3:0:0:0:0, 3:1:0:0:1, 3:0:0:0:0, 2:0:0:0:0, 2:0:0:0:0, 2:1:0:0:1, 3:2:0:0:2, 2:2:0:0:2, 2:2:0:0:2, 3:1:0:0:1, 3:1:0:0:1, 4:1:0:0:1, 3:1:0:0:1, 2:1:0:0:1, 2:2:0:0:2, 3:1:0:0:1, 1:1:0:0:1, 4:2:0:0:2, 2:0:0:0:0, 2:0:0:0:0, 1:0:0:0:0, 1:0:0:0:0, 1:0:0:0:0, 0:0:0:0:0, 2:0:1:0:1, 2:0:0:0:0, 2:1:0:0:1, 3:1:0:0:1, 2:1:0:0:1, 3:1:0:0:1, 2:0:0:0:0, 3:0:0:0:0, 2:1:0:0:1, 3:0:0:0:0, 3:0:0:0:0, 3:0:0:0:0, 2:0:0:0:0, 2:0:0:0:0, 3:2:0:0:2, 4:2:0:0:2, 2:1:0:0:1, 3:1:0:0:1, 0:0:0:0:0, 0:0:0:0:0, 2:0:0:0:0, 3:3:1:0:3, 3:2:0:0:2, 2:1:0:0:1, 4:0:0:0:0, 3:1:0:0:1, 3:0:0:0:0, 2:0:0:0:0, 2:0:0:0:0, 2:1:0:0:1, 3:2:0:0:2, 2:2:0:0:2, 2:2:0:0:2, 3:1:0:0:1, 3:1:0:0:1, 4:1:0:0:1, 3:1:0:0:1, 1:1:0:0:1, 2:2:0:0:2, 3:1:0:0:1, 2:1:0:0:1, 4:2:0:0:2, 2:0:0:0:0, 2:0:0:0:0, 1:0:0:0:0, 0:0:0:0:0, 1:0:0:0:0, 0:0:0:0:0, 2:0:1:0:1, 2:0:0:0:0, 2:1:0:0:1, 3:1:0:0:1, 3:1:0:0:1, 3:1:0:0:1, 3:1:0:0:1, 3:0:0:0:0, 2:1:0:0:1, 3:0:0:0:0, 3:0:0:0:0, 3:0:0:0:0, 2:0:0:0:0, 3:1:0:0:1, 3:2:0:0:2, 4:2:0:0:2, 2:1:0:0:1, 3:1:0:0:1, 1:0:0:0:0, 0:0:0:0:0, 2:0:0:0:0, 3:3:1:0:3, 3:2:0:0:2, 3:1:0:0:1, 2:0:0:0:0, 4:1:0:0:1, 3:0:0:0:0, 3:0:0:0:0, 1:0:0:0:0, 3:0:0:0:0, 3:2:0:0:2, 3:2:0:0:2, 4:2:0:0:2, 4:1:1:0:2, 3:2:0:0:2, 4:1:0:0:1, 2:1:1:0:2, 2:1:0:0:1, 3:1:0:0:1, 4:1:0:0:1, 1:1:0:0:1, 5:2:0:0:2, 2:0:0:0:0, 2:0:0:0:0, 2:0:0:0:0, 1:0:0:0:0, 2:0:0:0:0, 1:0:0:0:0, 1:0:0:0:0, 2:0:0:0:0, 3:1:0:0:1, 2:0:0:0:0, 3:1:0:0:1, 3:2:0:0:2, 1:0:0:0:0, 2:0:0:0:0, 1:0:0:0:0, 4:1:0:0:1, 2:1:0:0:1, 3:0:0:0:0, 4:0:0:0:0, 3:1:0:0:1, 2:2:0:0:2, 3:1:0:0:1, 1:1:0:0:1, 3:2:0:0:2, 1:0:0:0:0, 0:0:0:0:0, 3:0:0:0:0, 3:3:0:0:3, 2:1:0:0:1, 1:0:0:0:0, 3:0:0:0:0, 3:3:0:0:3, 1:1:0:0:1, 2:0:0:0:0, 1:0:0:0:0, 3:3:0:0:3, 2:1:0:0:1, 2:1:0:0:1, 1:1:0:0:1, 1:0:0:0:0, 0:0:0:0:0, 0:0:0:0:0, 0:0:0:0:0, 0:0:0:0:0, 0:0:0:0:0, 0:0:0:0:0, 724:230:20:3:248
F minor blues (4b), 2:0:0:0:0, 2:0:0:0:1, 2:0:0:0:0, 1:0:0:0:1, 1:0:0:0:0, 2:0:0:0:1, 2:0:0:0:1, 2:0:1:0:1, 1:0:0:0:1, 2:0:0:0:1, 1:0:0:0:0, 2:0:0:0:1, 1:0:0:0:0, 1:0:0:0:0, 1:2:0:0:2, 1:0:0:0:2, 0:0:0:0:0, 2:0:0:0:0, 1:0:0:0:2, 4:0:0:0:2, 2:0:0:0:2, 3:1:0:0:4, 2:0:0:0:3, 3:0:2:0:1, 2:0:1:0:2, 3:0:0:0:1, 2:0:0:0:0, 3:0:1:0:1, 1:0:0:0:1, 1:0:1:0:0, 2:0:0:0:3, 1:0:0:0:0, 2:0:0:0:1, 2:0:0:0:1, 2:0:0:0:1, 1:0:0:0:1, 2:0:0:0:0, 2:0:0:0:1, 2:0:0:0:1, 0:0:0:0:0, 3:0:0:0:1, 1:0:1:0:0, 3:0:0:0:1, 2:0:0:0:3, 1:0:0:0:0, 0:0:0:0:0, 1:0:0:0:1, 1:0:0:0:0, 2:0:0:0:1, 3:0:0:0:2, 1:0:0:0:0, 2:0:0:0:0, 1:0:0:0:1, 2:0:0:0:1, 1:0:0:0:0, 1:0:0:0:1, 2:0:0:0:2, 3:0:0:0:1, 2:0:0:0:1, 1:0:0:0:0, 2:0:0:0:1, 0:0:0:0:0, 2:0:1:0:1, 1:0:0:0:0, 1:0:0:0:1, 2:0:0:0:1, 4:0:0:0:3, 2:0:0:0:1, 3:0:0:0:3, 2:1:0:0:4, 3:0:0:0:3, 3:0:2:0:1, 3:0:0:0:2, 2:0:0:0:0, 3:0:0:2:0, 2:0:0:0:1, 1:0:0:0:1, 1:0:0:0:0, 3:0:0:0:3, 1:0:0:0:0, 2:0:0:0:0, 2:0:0:0:1, 1:0:0:0:0, 1:0:0:0:1, 2:0:0:0:1, 2:0:0:0:2, 2:0:0:0:1, 2:0:0:0:1, 1:0:0:0:1, 1:0:0:0:0, 2:0:0:0:2, 2:0:0:0:2, 1:0:0:0:0, 0:0:0:0:0, 1:0:0:0:1, 1:0:0:0:0, 1:0:0:0:0, 1:0:0:0:0, 0:0:0:0:0, 2:1:0:0:1, 2:0:0:0:0, 1:0:0:0:1, 2:0:0:0:1, 1:0:0:0:0, 2:0:0:0:0, 1:0:1:0:0, 2:0:0:0:1, 1:0:0:0:0, 0:0:0:0:0, 1:0:0:0:0, 1:1:0:0:1, 1:0:0:0:1, 1:0:0:0:1, 3:0:0:0:0, 3:0:0:0:2, 2:0:0:0:1, 2:0:0:0:2, 2:1:0:0:4, 3:1:0:0:5, 3:0:0:0:3, 2:0:0:0:2, 4:0:0:0:2, 2:0:0:0:1, 1:0:0:0:0, 0:0:0:0:0, 1:0:0:0:0, 2:0:0:0:2, 1:0:0:0:2, 2:0:0:0:1, 3:0:0:0:2, 2:0:0:0:1, 3:0:0:0:1, 1:0:0:0:1, 2:0:0:0:1, 1:0:0:0:0, 1:0:0:0:0, 1:0:0:0:1, 1:0:0:0:0, 3:0:0:0:2, 3:0:0:0:2, 0:0:0:0:0, 1:0:2:0:0, 1:0:0:0:0, 3:1:0:0:2, 1:0:0:0:0, 2:0:0:0:1, 1:0:0:0:0, 2:0:0:0:2, 0:0:0:0:0, 2:0:0:0:1, 2:0:0:0:0, 1:0:0:0:2, 1:0:0:0:0, 2:0:1:0:0, 2:0:0:0:2, 2:0:1:0:0, 1:0:0:0:0, 0:0:0:0:0, 2:0:1:0:1, 1:0:0:0:0, 3:0:0:0:2, 2:0:0:0:1, 3:1:0:0:6, 2:0:0:0:2, 4:0:0:0:3, 2:0:0:0:3, 3:0:0:0:4, 3:1:0:0:5, 3:0:0:0:2, 3:0:0:0:2, 1:0:0:0:1, 2:0:0:0:1, 0:0:0:0:0, 0:0:0:0:0, 2:0:0:0:3, 1:0:0:0:0, 2:0:0:0:1, 2:0:0:0:2, 2:0:0:0:1, 2:0:0:0:1, 1:0:0:0:1, 1:0:0:0:1, 2:0:0:0:1, 0:0:0:0:0, 1:0:0:0:1, 1:0:0:0:0, 4:0:0:0:3, 2:0:0:0:2, 1:0:0:0:1, 1:0:1:0:0, 1:0:0:0:0, 0:0:0:0:0, 1:0:0:0:0, 2:0:0:0:1, 1:0:0:0:0, 2:0:0:0:2, 0:0:0:0:0, 2:0:0:0:1, 2:0:0:0:0, 1:0:0:0:2, 1:0:0:0:0, 2:0:1:0:0, 2:0:0:0:2, 2:0:1:0:0, 1:0:0:0:0, 1:0:0:0:1, 2:0:1:0:1, 1:0:0:0:0, 1:0:0:0:1, 2:0:0:0:1, 3:1:0:0:6, 2:0:0:0:1, 4:0:0:0:3, 2:0:0:0:4, 3:0:0:0:4, 3:1:0:0:5, 3:0:0:0:2, 3:0:0:0:2, 1:0:0:0:1, 2:0:0:0:1, 0:0:0:0:0, 0:0:0:0:0, 2:0:0:0:2, 1:0:0:0:0, 2:0:0:0:1, 2:0:0:0:2, 2:0:0:0:1, 2:0:0:0:1, 1:0:0:0:1, 2:0:0:0:1, 2:0:0:0:1, 0:0:0:0:0, 1:0:0:0:1, 1:0:0:0:0, 3:0:0:0:3, 2:0:0:0:2, 1:0:0:0:1, 1:0:1:0:0, 1:0:0:0:0, 1:0:0:0:0, 1:0:0:0:0, 1:0:0:0:0, 0:0:0:0:0, 0:0:0:0:0, 2:0:0:0:1, 2:0:0:0:1, 2:0:0:0:1, 2:0:0:0:1, 2:0:0:0:0, 2:0:0:0:1, 2:0:0:0:0, 2:0:0:0:1, 0:0:0:0:0, 2:0:1:0:0, 2:0:0:0:2, 1:0:0:0:0, 1:0:0:0:1, 3:0:0:0:0, 3:1:0:0:5, 2:0:0:0:1, 2:0:0:0:2, 4:0:0:0:4, 2:0:0:0:4, 3:0:0:0:4, 3:0:1:0:3, 2:0:0:0:3, 2:0:0:0:1, 2:0:0:0:1, 1:0:0:0:1, 1:0:0:0:0, 4:1:0:0:2, 2:0:0:0:1, 1:0:0:0:1, 1:0:0:0:0, 2:0:0:0:1, 2:0:0:0:2, 0:0:0:0:0, 2:0:0:0:1, 1:0:0:0:1, 3:0:0:0:2, 2:0:0:0:1, 2:0:0:0:0, 3:1:0:0:4, 4:0:0:0:4, 1:0:0:0:1, 1:0:0:0:0, 0:0:0:0:0, 1:0:0:0:1, 1:0:0:0:1, 1:0:0:0:0, 0:0:0:0:0, 1:0:0:0:0, 2:0:0:0:2, 1:0:0:0:0, 0:0:0:0:0, 0:0:0:0:0, 0:0:0:0:0, 0:0:0:0:0, 0:0:0:0:0, 0:0:0:0:0, 0:0:0:0:0, 0:0:0:0:0, 0:0:0:0:0, 0:0:0:0:0, 495:16:23:2:322
C# minor blues (4#), 3:0:0:0:0, 2:1:0:0:1, 4:0:0:0:0, 3:0:0:0:0, 4:0:0:0:0, 3:1:0:0:1, 3:2:0:0:2, 3:3:1:0:3, 2:1:0:0:1, 3:2:0:0:2, 4:1:1:0:2, 2:2:0:0:2, 4:2:0:0:2, 3:1:0:0:1, 2:1:0:0:1, 2:1:0:0:1, 3:1:0:0:1, 2:2:0:0:2, 1:0:2:0:2, 2:1:0:0:1, 2:0:0:0:0, 2:0:0:0:0, 1:0:0:0:0, 1:0:0:0:0, 1:0:0:0:0, 1:0:0:0:0, 2:0:0:0:0, 2:0:0:0:0, 2:1:0:0:1, 3:1:0:0:1, 2:0:0:0:0, 3:0:0:0:0, 2:1:0:0:1, 3:0:0:0:0, 2:0:0:0:0, 2:0:0:0:0, 2:0:0:0:0, 3:0:0:0:0, 3:2:0:0:2, 4:1:0:0:1, 2:1:0:0:1, 3:1:0:0:1, 1:0:0:0:0, 0:0:0:0:0, 3:0:0:0:0, 3:3:0:0:3, 2:1:0:0:1, 3:1:0:0:1, 2:0:0:0:0, 2:0:0:0:0, 4:0:0:0:0, 5:0:0:0:0, 2:0:0:0:0, 3:1:0:0:1, 4:2:0:0:2, 3:2:0:0:2, 3:1:0:0:1, 2:1:0:0:1, 4:1:0:0:1, 3:1:1:0:2, 4:1:0:0:1, 2:1:0:0:1, 2:2:0:0:2, 3:1:0:0:1, 1:1:0:0:1, 4:2:0:0:2, 1:0:0:0:0, 1:0:2:0:2, 1:0:0:0:0, 1:0:0:0:0, 2:0:0:0:0, 0:0:0:0:0, 2:0:0:3:3, 2:1:0:0:1, 5:1:0:0:1, 3:1:0:0:1, 3:1:0:0:1, 3:2:0:0:2, 3:0:0:0:0, 3:1:0:0:1, 3:0:0:0:0, 2:1:0:0:1, 4:0:0:0:0, 3:1:0:0:1, 3:0:0:0:0, 2:0:0:0:0, 3:2:0:0:2, 3:2:0:0:2, 2:1:0:0:1, 3:1:0:0:1, 1:0:0:0:0, 0:0:0:0:0, 3:0:0:0:0, 3:3:0:0:3, 3:2:0:0:2, 3:2:0:0:2, 2:0:0:0:0, 4:1:0:0:1, 3:0:0:0:0, 4:0:0:0:0, 2:0:0:0:0, 2:0:0:0:0, 3:2:0:0:2, 4:1:1:0:2, 2:2:0:0:2, 3:1:0:0:1, 3:1:0:0:1, 3:1:1:0:2, 3:1:0:0:1, 2:1:0:0:1, 3:1:1:0:2, 3:1:0:0:1, 2:1:0:0:1, 5:3:0:0:3, 1:0:0:0:0, 2:0:1:0:1, 2:0:0:0:0, 2:0:0:0:0, 0:0:0:0:0, 1:0:0:0:0, 2:0:0:0:0, 2:1:0:0:1, 3:1:0:0:1, 3:0:0:0:0, 4:1:0:0:1, 4:1:0:0:1, 2:0:0:0:0, 2:1:0:0:1, 2:0:0:0:0, 2:0:0:0:0, 3:0:0:0:0, 4:0:0:0:0, 2:0:0:0:0, 3:1:0:0:1, 3:3:1:0:4, 4:2:0:0:2, 2:1:0:0:1, 2:1:0:0:1, 1:0:0:0:0, 1:0:0:0:0, 3:0:0:0:0, 3:4:2:0:4, 3:2:0:0:2, 3:1:0:0:1, 3:0:0:0:0, 3:1:0:0:1, 3:0:0:0:0, 2:0:0:0:0, 2:0:0:0:0, 2:1:0:0:1, 3:2:0:0:2, 2:2:0:0:2, 2:2:0:0:2, 3:1:0:0:1, 3:1:0:0:1, 4:1:0:0:1, 3:1:0:0:1, 2:1:0:0:1, 2:2:0:0:2, 3:1:0:0:1, 1:1:0:0:1, 4:2:0:0:2, 2:0:0:0:0, 2:0:0:0:0, 1:0:0:0:0, 1:0:0:0:0, 1:0:0:0:0, 0:0:0:0:0, 2:0:1:0:1, 2:0:0:0:0, 2:1:0:0:1, 3:1:0:0:1, 2:1:0:0:1, 3:1:0:0:1, 2:0:0:0:0, 3:0:0:0:0, 2:1:0:0:1, 3:0:0:0:0, 3:0:0:0:0, 3:0:0:0:0, 2:0:0:0:0, 2:0:0:0:0, 3:2:0:0:2, 4:2:0:0:2, 2:1:0:0:1, 3:1:0:0:1, 0:0:0:0:0, 0:0:0:0:0, 2:0:0:0:0, 3:3:1:0:3, 3:2:0:0:2, 2:1:0:0:1, 4:0:0:0:0, 3:1:0:0:1, 3:0:0:0:0, 2:0:0:0:0, 2:0:0:0:0, 2:1:0:0:1, 3:2:0:0:2, 2:2:0:0:2, 2:2:0:0:2, 3:1:0:0:1, 3:1:0:0:1, 4:1:0:0:1, 3:1:0:0:1, 1:1:0:0:1, 2:2:0:0:2, 3:1:0:0:1, 2:1:0:0:1, 4:2:0:0:2, 2:0:0:0:0, 2:0:0:0:0, 1:0:0:0:0, 0:0:0:0:0, 1:0:0:0:0, 0:0:0:0:0, 2:0:1:0:1, 2:0:0:0:0, 2:1:0:0:1, 3:1:0:0:1, 3:1:0:0:1, 3:1:0:0:1, 3:1:0:0:1, 3:0:0:0:0, 2:1:0:0:1, 3:0:0:0:0, 3:0:0:0:0, 3:0:0:0:0, 2:0:0:0:0, 3:1:0:0:1, 3:2:0:0:2, 4:2:0:0:2, 2:1:0:0:1, 3:1:0:0:1, 1:0:0:0:0, 0:0:0:0:0, 2:0:0:0:0, 3:3:1:0:3, 3:2:0:0:2, 3:1:0:0:1, 2:0:0:0:0, 4:1:0:0:1, 3:0:0:0:0, 3:0:0:0:0, 1:0:0:0:0, 3:0:0:0:0, 3:2:0:0:2, 3:2:0:0:2, 4:2:0:0:2, 4:1:1:0:2, 3:2:0:0:2, 4:1:0:0:1, 2:1:1:0:2, 2:1:0:0:1, 3:1:0:0:1, 4:1:0:0:1, 1:1:0:0:1, 5:2:0:0:2, 2:0:0:0:0, 2:0:0:0:0, 2:0:0:0:0, 1:0:0:0:0, 2:0:0:0:0, 1:0:0:0:0, 1:0:0:0:0, 2:0:0:0:0, 3:1:0:0:1, 2:0:0:0:0, 3:1:0:0:1, 3:2:0:0:2, 1:0:0:0:0, 2:0:0:0:0, 1:0:0:0:0, 4:1:0:0:1, 2:1:0:0:1, 3:0:0:0:0, 4:0:0:0:0, 3:1:0:0:1, 2:2:0:0:2, 3:1:0:0:1, 1:1:0:0:1, 3:2:0:0:2, 1:0:0:0:0, 0:0:0:0:0, 3:0:0:0:0, 3:3:0:0:3, 2:1:0:0:1, 1:0:0:0:0, 3:0:0:0:0, 3:3:0:0:3, 1:1:0:0:1, 2:0:0:0:0, 1:0:0:0:0, 3:3:0:0:3, 2:1:0:0:1, 2:1:0:0:1, 1:1:0:0:1, 1:0:0:0:0, 0:0:0:0:0, 0:0:0:0:0, 0:0:0:0:0, 0:0:0:0:0, 0:0:0:0:0, 0:0:0:0:0, 724:230:20:3:248
Ab dorian (4b), 2:0:0:0:0, 2:0:0:0:1, 2:0:0:0:0, 1:0:0:0:1, 1:0:0:0:0, 2:0:0:0:1, 2:0:0:0:1, 2:0:1:0:1, 1:0:0:0:1, 2:0:0:0:1, 1:0:0:0:0, 2:0:0:0:1, 1:0:0:0:0, 1:0:0:0:0, 1:2:0:0:2, 1:0:0:0:2, 0:0:0:0:0, 2:0:0:0:0, 1:0:0:0:2, 4:0:0:0:2, 2:0:0:0:2, 3:1:0:0:4, 2:0:0:0:3, 3:0:2:0:1, 2:0:1:0:2, 3:0:0:0:1, 2:0:0:0:0, 3:0:1:0:1, 1:0:0:0:1, 1:0:1:0:0, 2:0:0:0:3, 1:0:0:0:0, 2:0:0:0:1, 2:0:0:0:1, 2:0:0:0:1, 1:0:0:0:1, 2:0:0:0:0, 2:0:0:0:1, 2:0:0:0:1, 0:0:0:0:0, 3:0:0:0:1, 1:0:1:0:0, 3:0:0:0:1, 2:0:0:0:3, 1:0:0:0:0, 0:0:0:0:0, 1:0:0:0:1, 1:0:0:0:0, 2:0:0:0:1, 3:0:0:0:2, 1:0:0:0:0, 2:0:0:0:0, 1:0:0:0:1, 2:0:0:0:1, 1:0:0:0:0, 1:0:0:0:1, 2:0:0:0:2, 3:0:0:0:1, 2:0:0:0:1, 1:0:0:0:0, 2:0:0:0:1, 0:0:0:0:0, 2:0:1:0:1, 1:0:0:0:0, 1:0:0:0:1, 2:0:0:0:1, 4:0:0:0:3, 2:0:0:0:1, 3:0:0:0:3, 2:1:0:0:4, 3:0:0:0:3, 3:0:2:0:1, 3:0:0:0:2, 2:0:0:0:0, 3:0:0:2:0, 2:0:0:0:1, 1:0:0:0:1, 1:0:0:0:0, 3:0:0:0:3, 1:0:0:0:0, 2:0:0:0:0, 2:0:0:0:1, 1:0:0:0:0, 1:0:0:0:1, 2:0:0:0:1, 2:0:0:0:2, 2:0:0:0:1, 2:0:0:0:1, 1:0:0:0:1, 1:0:0:0:0, 2:0:0:0:2, 2:0:0:0:2, 1:0:0:0:0, 0:0:0:0:0, 1:0:0:0:1, 1:0:0:0:0, 1:0:0:0:0, 1:0:0:0:0, 0:0:0:0:0, 2:1:0:0:1, 2:0:0:0:0, 1:0:0:0:1, 2:0:0:0:1, 1:0:0:0:0, 2:0:0:0:0, 1:0:1:0:0, 2:0:0:0:1, 1:0:0:0:0, 0:0:0:0:0, 1:0:0:0:0, 1:1:0:0:1, 1:0:0:0:1, 1:0:0:0:1, 3:0:0:0:0, 3:0:0:0:2, 2:0:0:0:1, 2:0:0:0:2, 2:1:0:0:4, 3:1:0:0:5, 3:0:0:0:3, 2:0:0:0:2, 4:0:0:0:2, 2:0:0:0:1, 1:0:0:0:0, 0:0:0:0:0, 1:0:0:0:0, 2:0:0:0:2, 1:0:0:0:2, 2:0:0:0:1, 3:0:0:0:2, 2:0:0:0:1, 3:0:0:0:1, 1:0:0:0:1, 2:0:0:0:1, 1:0:0:0:0, 1:0:0:0:0, 1:0:0:0:1, 1:0:0:0:0, 3:0:0:0:2, 3:0:0:0:2, 0:0:0:0:0, 1:0:2:0:0, 1:0:0:0:0, 3:1:0:0:2, 1:0:0:0:0, 2:0:0:0:1, 1:0:0:0:0, 2:0:0:0:2, 0:0:0:0:0, 2:0:0:0:1, 2:0:0:0:0, 1:0:0:0:2, 1:0:0:0:0, 2:0:1:0:0, 2:0:0:0:2, 2:0:1:0:0, 1:0:0:0:0, 0:0:0:0:0, 2:0:1:0:1, 1:0:0:0:0, 3:0:0:0:2, 2:0:0:0:1, 3:1:0:0:6, 2:0:0:0:2, 4:0:0:0:3, 2:0:0:0:3, 3:0:0:0:4, 3:1:0:0:5, 3:0:0:0:2, 3:0:0:0:2, 1:0:0:0:1, 2:0:0:0:1, 0:0:0:0:0, 0:0:0:0:0, 2:0:0:0:3, 1:0:0:0:0, 2:0:0:0:1, 2:0:0:0:2, 2:0:0:0:1, 2:0:0:0:1, 1:0:0:0:1, 1:0:0:0:1, 2:0:0:0:1, 0:0:0:0:0, 1:0:0:0:1, 1:0:0:0:0, 4:0:0:0:3, 2:0:0:0:2, 1:0:0:0:1, 1:0:1:0:0, 1:0:0:0:0, 0:0:0:0:0, 1:0:0:0:0, 2:0:0:0:1, 1:0:0:0:0, 2:0:0:0:2, 0:0:0:0:0, 2:0:0:0:1, 2:0:0:0:0, 1:0:0:0:2, 1:0:0:0:0, 2:0:1:0:0, 2:0:0:0:2, 2:0:1:0:0, 1:0:0:0:0, 1:0:0:0:1, 2:0:1:0:1, 1:0:0:0:0, 1:0:0:0:1, 2:0:0:0:1, 3:1:0:0:6, 2:0:0:0:1, 4:0:0:0:3, 2:0:0:0:4, 3:0:0:0:4, 3:1:0:0:5, 3:0:0:0:2, 3:0:0:0:2, 1:0:0:0:1, 2:0:0:0:1, 0:0:0:0:0, 0:0:0:0:0, 2:0:0:0:2, 1:0:0:0:0, 2:0:0:0:1, 2:0:0:0:2, 2:0:0:0:1, 2:0:0:0:1, 1:0:0:0:1, 2:0:0:0:1, 2:0:0:0:1, 0:0:0:0:0, 1:0:0:0:1, 1:0:0:0:0, 3:0:0:0:3, 2:0:0:0:2, 1:0:0:0:1, 1:0:1:0:0, 1:0:0:0:0, 1:0:0:0:0, 1:0:0:0:0, 1:0:0:0:0, 0:0:0:0:0, 0:0:0:0:0, 2:0:0:0:1, 2:0:0:0:1, 2:0:0:0:1, 2:0:0:0:1, 2:0:0:0:0, 2:0:0:0:1, 2:0:0:0:0, 2:0:0:0:1, 0:0:0:0:0, 2:0:1:0:0, 2:0:0:0:2, 1:0:0:0:0, 1:0:0:0:1, 3:0:0:0:0, 3:1:0:0:5, 2:0:0:0:1, 2:0:0:0:2, 4:0:0:0:4, 2:0:0:0:4, 3:0:0:0:4, 3:0:1:0:3, 2:0:0:0:3, 2:0:0:0:1, 2:0:0:0:1, 1:0:0:0:1, 1:0:0:0:0, 4:1:0:0:2, 2:0:0:0:1, 1:0:0:0:1, 1:0:0:0:0, 2:0:0:0:1, 2:0:0:0:2, 0:0:0:0:0, 2:0:0:0:1, 1:0:0:0:1, 3:0:0:0:2, 2:0:0:0:1, 2:0:0:0:0, 3:1:0:0:4, 4:0:0:0:4, 1:0:0:0:1, 1:0:0:0:0, 0:0:0:0:0, 1:0:0:0:1, 1:0:0:0:1, 1:0:0:0:0, 0:0:0:0:0, 1:0:0:0:0, 2:0:0:0:2, 1:0:0:0:0, 0:0:0:0:0, 0:0:0:0:0, 0:0:0:0:0, 0:0:0:0:0, 0:0:0:0:0, 0:0:0:0:0, 0:0:0:0:0, 0:0:0:0:0, 0:0:0:0:0, 0:0:0:0:0, 495:16:23:2:322
E dorian (4#), 3:0:0:0:0, 2:1:0:0:1, 4:0:0:0:0, 3:0:0:0:0, 4:0:0:0:0, 3:1:0:0:1, 3:2:0:0:2, 3:3:1:0:3, 2:1:0:0:1, 3:2:0:0:2, 4:1:1:0:2, 2:2:0:0:2, 4:2:0:0:2, 3:1:0:0:1, 2:1:0:0:1, 2:1:0:0:1, 3:1:0:0:1, 2:2:0:0:2, 1:0:2:0:2, 2:1:0:0:1, 2:0:0:0:0, 2:0:0:0:0, 1:0:0:0:0, 1:0:0:0:0, 1:0:0:0:0, 1:0:0:0:0, 2:0:0:0:0, 2:0:0:0:0, 2:1:0:0:1, 3:1:0:0:1, 2:0:0:0:0, 3:0:0:0:0, 2:1:0:0:1, 3:0:0:0:0, 2:0:0:0:0, 2:0:0:0:0, 2:0:0:0:0, 3:0:0:0:0, 3:2:0:0:2, 4:1:0:0:1, 2:1:0:0:1, 3:1:0:0:1, 1:0:0:0:0, 0:0:0:0:0, 3:0:0:0:0, 3:3:0:0:3, 2:1:0:0:1, 3:1:0:0:1, 2:0:0:0:0, 2:0:0:0:0, 4:0:0:0:0, 5:0:0:0:0, 2:0:0:0:0, 3:1:0:0:1, 4:2:0:0:2, 3:2:0:0:2, 3:1:0:0:1, 2:1:0:0:1, 4:1:0:0:1, 3:1:1:0:2, 4:1:0:0:1, 2:1:0:0:1, 2:2:0:0:2, 3:1:0:0:1, 1:1:0:0:1, 4:2:0:0:2, 1:0:0:0:0, 1:0:2:0:2, 1:0:0:0:0, 1:0:0:0:0, 2:0:0:0:0, 0:0:0:0:0, 2:0:0:3:3, 2:1:0:0:1, 5:1:0:0:1, 3:1:0:0:1, 3:1:0:0:1, 3:2:0:0:2, 3:0:0:0:0, 3:1:0:0:1, 3:0:0:0:0, 2:1:0:0:1, 4:0:0:0:0, 3:1:0:0:1, 3:0:0:0:0, 2:0:0:0:0, 3:2:0:0:2, 3:2:0:0:2, 2:1:0:0:1, 3:1:0:0:1, 1:0:0:0:0, 0:0:0:0:0, 3:0:0:0:0, 3:3:0:0:3, 3:2:0:0:2, 3:2:0:0:2, 2:0:0:0:0, 4:1:0:0:1, 3:0:0:0:0, 4:0:0:0:0, 2:0:0:0:0, 2:0:0:0:0, 3:2:0:0:2, 4:1:1:0:2, 2:2:0:0:2, 3:1:0:0:1, 3:1:0:0:1, 3:1:1:0:2, 3:1:0:0:1, 2:1:0:0:1, 3:1:1:0:2, 3:1:0:0:1, 2:1:0:0:1, 5:3:0:0:3, 1:0:0:0:0, 2:0:1:0:1, 2:0:0:0:0, 2:0:0:0:0, 0:0:0:0:0, 1:0:0:0:0, 2:0:0:0:0, 2:1:0:0:1, 3:1:0:0:1, 3:0:0:0:0, 4:1:0:0:1, 4:1:0:0:1, 2:0:0:0:0, 2:1:0:0:1, 2:0:0:0:0, 2:0:0:0:0, 3:0:0:0:0, 4:0:0:0:0, 2:0:0:0:0, 3:1:0:0:1, 3:3:1:0:4, 4:2:0:0:2, 2:1:0:0:1, 2:1:0:0:1, 1:0:0:0:0, 1:0:0:0:0, 3:0:0:0:0, 3:4:2:0:4, 3:2:0:0:2, 3:1:0:0:1, 3:0:0:0:0, 3:1:0:0:1, 3:0:0:0:0, 2:0:0:0:0, 2:0:0:0:0, 2:1:0:0:1, 3:2:0:0:2, 2:2:0:0:2, 2:2:0:0:2, 3:1:0:0:1, 3:1:0:0:1, 4:1:0:0:1, 3:1:0:0:1, 2:1:0:0:1, 2:2:0:0:2, 3:1:0:0:1, 1:1:0:0:1, 4:2:0:0:2, 2:0:0:0:0, 2:0:0:0:0, 1:0:0:0:0, 1:0:0:0:0, 1:0:0:0:0, 0:0:0:0:0, 2:0:1:0:1, 2:0:0:0:0, 2:1:0:0:1, 3:1:0:0:1, 2:1:0:0:1, 3:1:0:0:1, 2:0:0:0:0, 3:0:0:0:0, 2:1:0:0:1, 3:0:0:0:0, 3:0:0:0:0, 3:0:0:0:0, 2:0:0:0:0, 2:0:0:0:0, 3:2:0:0:2, 4:2:0:0:2, 2:1:0:0:1, 3:1:0:0:1, 0:0:0:0:0, 0:0:0:0:0, 2:0:0:0:0, 3:3:1:0:3, 3:2:0:0:2, 2:1:0:0:1, 4:0:0:0:0, 3:1:0:0:1, 3:0:0:0:0, 2:0:0:0:0, 2:0:0:0:0, 2:1:0:0:1, 3:2:0:0:2, 2:2:0:0:2, 2:2:0:0:2, 3:1:0:0:1, 3:1:0:0:1, 4:1:0:0:1, 3:1:0:0:1, 1:1:0:0:1, 2:2:0:0:2, 3:1:0:0:1, 2:1:0:0:1, 4:2:0:0:2, 2:0:0:0:0, 2:0:0:0:0, 1:0:0:0:0, 0:0:0:0:0, 1:0:0:0:0, 0:0:0:0:0, 2:0:1:0:1, 2:0:0:0:0, 2:1:0:0:1, 3:1:0:0:1, 3:1:0:0:1, 3:1:0:0:1, 3:1:0:0:1, 3:0:0:0:0, 2:1:0:0:1, 3:0:0:0:0, 3:0:0:0:0, 3:0:0:0:0, 2:0:0:0:0, 3:1:0:0:1, 3:2:0:0:2, 4:2:0:0:2, 2:1:0:0:1, 3:1:0:0:1, 1:0:0:0:0, 0:0:0:0:0, 2:0:0:0:0, 3:3:1:0:3, 3:2:0:0:2, 3:1:0:0:1, 2:0:0:0:0, 4:1:0:0:1, 3:0:0:0:0, 3:0:0:0:0, 1:0:0:0:0, 3:0:0:0:0, 3:2:0:0:2, 3:2:0:0:2, 4:2:0:0:2, 4:1:1:0:2, 3:2:0:0:2, 4:1:0:0:1, 2:1:1:0:2, 2:1:0:0:1, 3:1:0:0:1, 4:1:0:0:1, 1:1:0:0:1, 5:2:0:0:2, 2:0:0:0:0, 2:0:0:0:0, 2:0:0:0:0, 1:0:0:0:0, 2:0:0:0:0, 1:0:0:0:0, 1:0:0:0:0, 2:0:0:0:0, 3:1:0:0:1, 2:0:0:0:0, 3:1:0:0:1, 3:2:0:0:2, 1:0:0:0:0, 2:0:0:0:0, 1:0:0:0:0, 4:1:0:0:1, 2:1:0:0:1, 3:0:0:0:0, 4:0:0:0:0, 3:1:0:0:1, 2:2:0:0:2, 3:1:0:0:1, 1:1:0:0:1, 3:2:0:0:2, 1:0:0:0:0, 0:0:0:0:0, 3:0:0:0:0, 3:3:0:0:3, 2:1:0:0:1, 1:0:0:0:0, 3:0:0:0:0, 3:3:0:0:3, 1:1:0:0:1, 2:0:0:0:0, 1:0:0:0:0, 3:3:0:0:3, 2:1:0:0:1, 2:1:0:0:1, 1:1:0:0:1, 1:0:0:0:0, 0:0:0:0:0, 0:0:0:0:0, 0:0:0:0:0, 0:0:0:0:0, 0:0:0:0:0, 0:0:0:0:0, 724:230:20:3:248
Ab phrygian (4b), 2:0:0:0:0, 2:0:0:0:1, 2:0:0:0:0, 1:0:0:0:1, 1:0:0:0:0, 2:0:0:0:1, 2:0:0:0:1, 2:0:1:0:1, 1:0:0:0:1, 2:0:0:0:1, 1:0:0:0:0, 2:0:0:0:1, 1:0:0:0:0, 1:0:0:0:0, 1:2:0:0:2, 1:0:0:0:2, 0:0:0:0:0, 2:0:0:0:0, 1:0:0:0:2, 4:0:0:0:2, 2:0:0:0:2, 3:1:0:0:4, 2:0:0:0:3, 3:0:2:0:1, 2:0:1:0:2, 3:0:0:0:1, 2:0:0:0:0, 3:0:1:0:1, 1:0:0:0:1, 1:0:1:0:0, 2:0:0:0:3, 1:0:0:0:0, 2:0:0:0:1, 2:0:0:0:1, 2:0:0:0:1, 1:0:0:0:1, 2:0:0:0:0, 2:0:0:0:1, 2:0:0:0:1, 0:0:0:0:0, 3:0:0:0:1, 1:0:1:0:0, 3:0:0:0:1, 2:0:0:0:3, 1:0:0:0:0, 0:0:0:0:0, 1:0:0:0:1, 1:0:0:0:0, 2:0:0:0:1, 3:0:0:0:2, 1:0:0:0:0, 2:0:0:0:0, 1:0:0:0:1, 2:0:0:0:1, 1:0:0:0:0, 1:0:0:0:1, 2:0:0:0:2, 3:0:0:0:1, 2:0:0:0:1, 1:0:0:0:0, 2:0:0:0:1, 0:0:0:0:0, 2:0:1:0:1, 1:0:0:0:0, 1:0:0:0:1, 2:0:0:0:1, 4:0:0:0:3, 2:0:0:0:1, 3:0:0:0:3, 2:1:0:0:4, 3:0:0:0:3, 3:0:2:0:1, 3:0:0:0:2, 2:0:0:0:0, 3:0:0:2:0, 2:0:0:0:1, 1:0:0:0:1, 1:0:0:0:0, 3:0:0:0:3, 1:0:0:0:0, 2:0:0:0:0, 2:0:0:0:1, 1:0:0:0:0, 1:0:0:0:1, 2:0:0:0:1, 2:0:0:0:2, 2:0:0:0:1, 2:0:0:0:1, 1:0:0:0:1, 1:0:0:0:0, 2:0:0:0:2, 2:0:0:0:2, 1:0:0:0:0, 0:0:0:0:0, 1:0:0:0:1, 1:0:0:0:0, 1:0:0:0:0, 1:0:0:0:0, 0:0:0:0:0, 2:1:0:0:1, 2:0:0:0:0, 1:0:0:0:1, 2:0:0:0:1, 1:0:0:0:0, 2:0:0:0:0, 1:0:1:0:0, 2:0:0:0:1, 1:0:0:0:0, 0:0:0:0:0, 1:0:0:0:0, 1:1:0:0:1, 1:0:0:0:1, 1:0:0:0:1, 3:0:0:0:0, 3:0:0:0:2, 2:0:0:0:1, 2:0:0:0:2, 2:1:0:0:4, 3:1:0:0:5, 3:0:0:0:3, 2:0:0:0:2, 4:0:0:0:2, 2:0:0:0:1, 1:0:0:0:0, 0:0:0:0:0, 1:0:0:0:0, 2:0:0:0:2, 1:0:0:0:2, 2:0:0:0:1, 3:0:0:0:2, 2:0:0:0:1, 3:0:0:0:1, 1:0:0:0:1, 2:0:0:0:1, 1:0:0:0:0, 1:0:0:0:0, 1:0:0:0:1, 1:0:0:0:0, 3:0:0:0:2, 3:0:0:0:2, 0:0:0:0:0, 1:0:2:0:0, 1:0:0:0:0, 3:1:0:0:2, 1:0:0:0:0, 2:0:0:0:1, 1:0:0:0:0, 2:0:0:0:2, 0:0:0:0:0, 2:0:0:0:1, 2:0:0:0:0, 1:0:0:0:2, 1:0:0:0:0, 2:0:1:0:0, 2:0:0:0:2, 2:0:1:0:0, 1:0:0:0:0, 0:0:0:0:0, 2:0:1:0:1, 1:0:0:0:0, 3:0:0:0:2, 2:0:0:0:1, 3:1:0:0:6, 2:0:0:0:2, 4:0:0:0:3, 2:0:0:0:3, 3:0:0:0:4, 3:1:0:0:5, 3:0:0:0:2, 3:0:0:0:2, 1:0:0:0:1, 2:0:0:0:1, 0:0:0:0:0, 0:0:0:0:0, 2:0:0:0:3, 1:0:0:0:0, 2:0:0:0:1, 2:0:0:0:2, 2:0:0:0:1, 2:0:0:0:1, 1:0:0:0:1, 1:0:0:0:1, 2:0:0:0:1, 0:0:0:0:0, 1:0:0:0:1, 1:0:0:0:0, 4:0:0:0:3, 2:0:0:0:2, 1:0:0:0:1, 1:0:1:0:0, 1:0:0:0:0, 0:0:0:0:0, 1:0:0:0:0, 2:0:0:0:1, 1:0:0:0:0, 2:0:0:0:2, 0:0:0:0:0, 2:0:0:0:1, 2:0:0:0:0, 1:0:0:0:2, 1:0:0:0:0, 2:0:1:0:0, 2:0:0:0:2, 2:0:1:0:0, 1:0:0:0:0, 1:0:0:0:1, 2:0:1:0:1, 1:0:0:0:0, 1:0:0:0:1, 2:0:0:0:1, 3:1:0:0:6, 2:0:0:0:1, 4:0:0:0:3, 2:0:0:0:4, 3:0:0:0:4, 3:1:0:0:5, 3:0:0:0:2, 3:0:0:0:2, 1:0:0:0:1, 2:0:0:0:1, 0:0:0:0:0, 0:0:0:0:0, 2:0:0:0:2, 1:0:0:0:0, 2:0:0:0:1, 2:0:0:0:2, 2:0:0:0:1, 2:0:0:0:1, 1:0:0:0:1, 2:0:0:0:1, 2:0:0:0:1, 0:0:0:0:0, 1:0:0:0:1, 1:0:0:0:0, 3:0:0:0:3, 2:0:0:0:2, 1:0:0:0:1, 1:0:1:0:0, 1:0:0:0:0, 1:0:0:0:0, 1:0:0:0:0, 1:0:0:0:0, 0:0:0:0:0, 0:0:0:0:0, 2:0:0:0:1, 2:0:0:0:1, 2:0:0:0:1, 2:0:0:0:1, 2:0:0:0:0, 2:0:0:0:1, 2:0:0:0:0, 2:0:0:0:1, 0:0:0:0:0, 2:0:1:0:0, 2:0:0:0:2, 1:0:0:0:0, 1:0:0:0:1, 3:0:0:0:0, 3:1:0:0:5, 2:0:0:0:1, 2:0:0:0:2, 4:0:0:0:4, 2:0:0:0:4, 3:0:0:0:4, 3:0:1:0:3, 2:0:0:0:3, 2:0:0:0:1, 2:0:0:0:1, 1:0:0:0:1, 1:0:0:0:0, 4:1:0:0:2, 2:0:0:0:1, 1:0:0:0:1, 1:0:0:0:0, 2:0:0:0:1, 2:0:0:0:2, 0:0:0:0:0, 2:0:0:0:1, 1:0:0:0:1, 3:0:0:0:2, 2:0:0:0:1, 2:0:0:0:0, 3:1:0:0:4, 4:0:0:0:4, 1:0:0:0:1, 1:0:0:0:0, 0:0:0:0:0, 1:0:0:0:1, 1:0:0:0:1, 1:0:0:0:0, 0:0:0:0:0, 1:0:0:0:0, 2:0:0:0:2, 1:0:0:0:0, 0:0:0:0:0, 0:0:0:0:0, 0:0:0:0:0, 0:0:0:0:0, 0:0:0:0:0, 0:0:0:0:0, 0:0:0:0:0, 0:0:0:0:0, 0:0:0:0:0, 0:0:0:0:0, 495:16:23:2:322
E phrygian (4#), 3:0:0:0:0, 2:1:0:0:1, 4:0:0:0:0, 3:0:0:0:0, 4:0:0:0:0, 3:1:0:0:1, 3:2:0:0:2, 3:3:1:0:3, 2:1:0:0:1, 3:2:0:0:2, 4:1:1:0:2, 2:2:0:0:2, 4:2:0:0:2, 3:1:0:0:1, 2:1:0:0:1, 2:1:0:0:1, 3:1:0:0:1, 2:2:0:0:2, 1:0:2:0:2, 2:1:0:0:1, 2:0:0:0:0, 2:0:0:0:0, 1:0:0:0:0, 1:0:0:0:0, 1:0:0:0:0, 1:0:0:0:0, 2:0:0:0:0, 2:0:0:0:0, 2:1:0:0:1, 3:1:0:0:1, 2:0:0:0:0, 3:0:0:0:0, 2:1:0:0:1, 3:0:0:0:0, 2:0:0:0:0, 2:0:0:0:0, 2:0:0:0:0, 3:0:0:0:0, 3:2:0:0:2, 4:1:0:0:1, 2:1:0:0:1, 3:1:0:0:1, 1:0:0:0:0, 0:0:0:0:0, 3:0:0:0:0, 3:3:0:0:3, 2:1:0:0:1, 3:1:0:0:1, 2:0:0:0:0, 2:0:0:0:0, 4:0:0:0:0, 5:0:0:0:0, 2:0:0:0:0, 3:1:0:0:1, 4:2:0:0:2, 3:2:0:0:2, 3:1:0:0:1, 2:1:0:0:1, 4:1:0:0:1, 3:1:1:0:2, 4:1:0:0:1, 2:1:0:0:1, 2:2:0:0:2, 3:1:0:0:1, 1:1:0:0:1, 4:2:0:0:2, 1:0:0:0:0, 1:0:2:0:2, 1:0:0:0:0, 1:0:0:0:0, 2:0:0:0:0, 0:0:0:0:0, 2:0:0:3:3, 2:1:0:0:1, 5:1:0:0:1, 3:1:0:0:1, 3:1:0:0:1, 3:2:0:0:2, 3:0:0:0:0, 3:1:0:0:1, 3:0:0:0:0, 2:1:0:0:1, 4:0:0:0:0, 3:1:0:0:1, 3:0:0:0:0, 2:0:0:0:0, 3:2:0:0:2, 3:2:0:0:2, 2:1:0:0:1, 3:1:0:0:1, 1:0:0:0:0, 0:0:0:0:0, 3:0:0:0:0, 3:3:0:0:3, 3:2:0:0:2, 3:2:0:0:2, 2:0:0:0:0, 4:1:0:0:1, 3:0:0:0:0, 4:0:0:0:0, 2:0:0:0:0, 2:0:0:0:0, 3:2:0:0:2, 4:1:1:0:2, 2:2:0:0:2, 3:1:0:0:1, 3:1:0:0:1, 3:1:1:0:2, 3:1:0:0:1, 2:1:0:0:1, 3:1:1:0:2, 3:1:0:0:1, 2:1:0:0:1, 5:3:0:0:3, 1:0:0:0:0, 2:0:1:0:1, 2:0:0:0:0, 2:0:0:0:0, 0:0:0:0:0, 1:0:0:0:0, 2:0:0:0:0, 2:1:0:0:1, 3:1:0:0:1, 3:0:0:0:0, 4:1:0:0:1, 4:1:0:0:1, 2:0:0:0:0, 2:1:0:0:1, 2:0:0:0:0, 2:0:0:0:0, 3:0:0:0:0, 4:0:0:0:0, 2:0:0:0:0, 3:1:0:0:1, 3:3:1:0:4, 4:2:0:0:2, 2:1:0:0:1, 2:1:0:0:1, 1:0:0:0:0, 1:0:0:0:0, 3:0:0:0:0, 3:4:2:0:4, 3:2:0:0:2, 3:1:0:0:1, 3:0:0:0:0, 3:1:0:0:1, 3:0:0:0:0, 2:0:0:0:0, 2:0:0:0:0, 2:1:0:0:1, 3:2:0:0:2, 2:2:0:0:2, 2:2:0:0:2, 3:1:0:0:1, 3:1:0:0:1, 4:1:0:0:1, 3:1:0:0:1, 2:1:0:0:1, 2:2:0:0:2, 3:1:0:0:1, 1:1:0:0:1, 4:2:0:0:2, 2:0:0:0:0, 2:0:0:0:0, 1:0:0:0:0, 1:0:0:0:0, 1:0:0:0:0, 0:0:0:0:0, 2:0:1:0:1, 2:0:0:0:0, 2:1:0:0:1, 3:1:0:0:1, 2:1:0:0:1, 3:1:0:0:1, 2:0:0:0:0, 3:0:0:0:0, 2:1:0:0:1, 3:0:0:0:0, 3:0:0:0:0, 3:0:0:0:0, 2:0:0:0:0, 2:0:0:0:0, 3:2:0:0:2, 4:2:0:0:2, 2:1:0:0:1, 3:1:0:0:1, 0:0:0:0:0, 0:0:0:0:0, 2:0:0:0:0, 3:3:1:0:3, 3:2:0:0:2, 2:1:0:0:1, 4:0:0:0:0, 3:1:0:0:1, 3:0:0:0:0, 2:0:0:0:0, 2:0:0:0:0, 2:1:0:0:1, 3:2:0:0:2, 2:2:0:0:2, 2:2:0:0:2, 3:1:0:0:1, 3:1:0:0:1, 4:1:0:0:1, 3:1:0:0:1, 1:1:0:0:1, 2:2:0:0:2, 3:1:0:0:1, 2:1:0:0:1, 4:2:0:0:2, 2:0:0:0:0, 2:0:0:0:0, 1:0:0:0:0, 0:0:0:0:0, 1:0:0:0:0, 0:0:0:0:0, 2:0:1:0:1, 2:0:0:0:0, 2:1:0:0:1, 3:1:0:0:1, 3:1:0:0:1, 3:1:0:0:1, 3:1:0:0:1, 3:0:0:0:0, 2:1:0:0:1, 3:0:0:0:0, 3:0:0:0:0, 3:0:0:0:0, 2:0:0:0:0, 3:1:0:0:1, 3:2:0:0:2, 4:2:0:0:2, 2:1:0:0:1, 3:1:0:0:1, 1:0:0:0:0, 0:0:0:0:0, 2:0:0:0:0, 3:3:1:0:3, 3:2:0:0:2, 3:1:0:0:1, 2:0:0:0:0, 4:1:0:0:1, 3:0:0:0:0, 3:0:0:0:0, 1:0:0:0:0, 3:0:0:0:0, 3:2:0:0:2, 3:2:0:0:2, 4:2:0:0:2, 4:1:1:0:2, 3:2:0:0:2, 4:1:0:0:1, 2:1:1:0:2, 2:1:0:0:1, 3:1:0:0:1, 4:1:0:0:1, 1:1:0:0:1, 5:2:0:0:2, 2:0:0:0:0, 2:0:0:0:0, 2:0:0:0:0, 1:0:0:0:0, 2:0:0:0:0, 1:0:0:0:0, 1:0:0:0:0, 2:0:0:0:0, 3:1:0:0:1, 2:0:0:0:0, 3:1:0:0:1, 3:2:0:0:2, 1:0:0:0:0, 2:0:0:0:0, 1:0:0:0:0, 4:1:0:0:1, 2:1:0:0:1, 3:0:0:0:0, 4:0:0:0:0, 3:1:0:0:1, 2:2:0:0:2, 3:1:0:0:1, 1:1:0:0:1, 3:2:0:0:2, 1:0:0:0:0, 0:0:0:0:0, 3:0:0:0:0, 3:3:0:0:3, 2:1:0:0:1, 1:0:0:0:0, 3:0:0:0:0, 3:3:0:0:3, 1:1:0:0:1, 2:0:0:0:0, 1:0:0:0:0, 3:3:0:0:3, 2:1:0:0:1, 2:1:0:0:1, 1:1:0:0:1, 1:0:0:0:0, 0:0:0:0:0, 0:0:0:0:0, 0:0:0:0:0, 0:0:0:0:0, 0:0:0:0:0, 0:0:0:0:0, 724:230:20:3:248
Ab lydian (4b), 2:0:0:0:0, 2:0:0:0:1, 2:0:0:0:0, 1:0:0:0:1, 1:0:0:0:0, 2:0:0:0:1, 2:0:0:0:1, 2:0:1:0:1, 1:0:0:0:1, 2:0:0:0:1, 1:0:0:0:0, 2:0:0:0:1, 1:0:0:0:0, 1:0:0:0:0, 1:2:0:0:2, 1:0:0:0:2, 0:0:0:0:0, 2:0:0:0:0, 1:0:0:0:2, 4:0:0:0:2, 2:0:0:0:2, 3:1:0:0:4, 2:0:0:0:3, 3:0:2:0:1, 2:0:1:0:2, 3:0:0:0:1, 2:0:0:0:0, 3:0:1:0:1, 1:0:0:0:1, 1:0:1:0:0, 2:0:0:0:3, 1:0:0:0:0, 2:0:0:0:1, 2:0:0:0:1, 2:0:0:0:1, 1:0:0:0:1, 2:0:0:0:0, 2:0:0:0:1, 2:0:0:0:1, 0:0:0:0:0, 3:0:0:0:1, 1:0:1:0:0, 3:0:0:0:1, 2:0:0:0:3, 1:0:0:0:0, 0:0:0:0:0, 1:0:0:0:1, 1:0:0:0:0, 2:0:0:0:1, 3:0:0:0:2, 1:0:0:0:0, 2:0:0:0:0, 1:0:0:0:1, 2:0:0:0:1, 1:0:0:0:0, 1:0:0:0:1, 2:0:0:0:2, 3:0:0:0:1, 2:0:0:0:1, 1:0:0:0:0, 2:0:0:0:1, 0:0:0:0:0, 2:0:1:0:1, 1:0:0:0:0, 1:0:0:0:1, 2:0:0:0:1, 4:0:0:0:3, 2:0:0:0:1, 3:0:0:0:3, 2:1:0:0:4, 3:0:0:0:3, 3:0:2:0:1, 3:0:0:0:2, 2:0:0:0:0, 3:0:0:2:0, 2:0:0:0:1, 1:0:0:0:1, 1:0:0:0:0, 3:0:0:0:3, 1:0:0:0:0, 2:0:0:0:0, 2:0:0:0:1, 1:0:0:0:0, 1:0:0:0:1, 2:0:0:0:1, 2:0:0:0:2, 2:0:0:0:1, 2:0:0:0:1, 1:0:0:0:1, 1:0:0:0:0, 2:0:0:0:2, 2:0:0:0:2, 1:0:0:0:0, 0:0:0:0:0, 1:0:0:0:1, 1:0:0:0:0, 1:0:0:0:0, 1:0:0:0:0, 0:0:0:0:0, 2:1:0:0:1, 2:0:0:0:0, 1:0:0:0:1, 2:0:0:0:1, 1:0:0:0:0, 2:0:0:0:0, 1:0:1:0:0, 2:0:0:0:1, 1:0:0:0:0, 0:0:0:0:0, 1:0:0:0:0, 1:1:0:0:1, 1:0:0:0:1, 1:0:0:0:1, 3:0:0:0:0, 3:0:0:0:2, 2:0:0:0:1, 2:0:0:0:2, 2:1:0:0:4, 3:1:0:0:5, 3:0:0:0:3, 2:0:0:0:2, 4:0:0:0:2, 2:0:0:0:1, 1:0:0:0:0, 0:0:0:0:0, 1:0:0:0:0, 2:0:0:0:2, 1:0:0:0:2, 2:0:0:0:1, 3:0:0:0:2, 2:0:0:0:1, 3:0:0:0:1, 1:0:0:0:1, 2:0:0:0:1, 1:0:0:0:0, 1:0:0:0:0, 1:0:0:0:1, 1:0:0:0:0, 3:0:0:0:2, 3:0:0:0:2, 0:0:0:0:0, 1:0:2:0:0, 1:0:0:0:0, 3:1:0:0:2, 1:0:0:0:0, 2:0:0:0:1, 1:0:0:0:0, 2:0:0:0:2, 0:0:0:0:0, 2:0:0:0:1, 2:0:0:0:0, 1:0:0:0:2, 1:0:0:0:0, 2:0:1:0:0, 2:0:0:0:2, 2:0:1:0:0, 1:0:0:0:0, 0:0:0:0:0, 2:0:1:0:1, 1:0:0:0:0, 3:0:0:0:2, 2:0:0:0:1, 3:1:0:0:6, 2:0:0:0:2, 4:0:0:0:3, 2:0:0:0:3, 3:0:0:0:4, 3:1:0:0:5, 3:0:0:0:2, 3:0:0:0:2, 1:0:0:0:1, 2:0:0:0:1, 0:0:0:0:0, 0:0:0:0:0, 2:0:0:0:3, 1:0:0:0:0, 2:0:0:0:1, 2:0:0:0:2, 2:0:0:0:1, 2:0:0:0:1, 1:0:0:0:1, 1:0:0:0:1, 2:0:0:0:1, 0:0:0:0:0, 1:0:0:0:1, 1:0:0:0:0, 4:0:0:0:3, 2:0:0:0:2, 1:0:0:0:1, 1:0:1:0:0, 1:0:0:0:0, 0:0:0:0:0, 1:0:0:0:0, 2:0:0:0:1, 1:0:0:0:0, 2:0:0:0:2, 0:0:0:0:0, 2:0:0:0:1, 2:0:0:0:0, 1:0:0:0:2, 1:0:0:0:0, 2:0:1:0:0, 2:0:0:0:2, 2:0:1:0:0, 1:0:0:0:0, 1:0:0:0:1, 2:0:1:0:1, 1:0:0:0:0, 1:0:0:0:1, 2:0:0:0:1, 3:1:0:0:6, 2:0:0:0:1, 4:0:0:0:3, 2:0:0:0:4, 3:0:0:0:4, 3:1:0:0:5, 3:0:0:0:2, 3:0:0:0:2, 1:0:0:0:1, 2:0:0:0:1, 0:0:0:0:0, 0:0:0:0:0, 2:0:0:0:2, 1:0:0:0:0, 2:0:0:0:1, 2:0:0:0:2, 2:0:0:0:1, 2:0:0:0:1, 1:0:0:0:1, 2:0:0:0:1, 2:0:0:0:1, 0:0:0:0:0, 1:0:0:0:1, 1:0:0:0:0, 3:0:0:0:3, 2:0:0:0:2, 1:0:0:0:1, 1:0:1:0:0, 1:0:0:0:0, 1:0:0:0:0, 1:0:0:0:0, 1:0:0:0:0, 0:0:0:0:0, 0:0:0:0:0, 2:0:0:0:1, 2:0:0:0:1, 2:0:0:0:1, 2:0:0:0:1, 2:0:0:0:0, 2:0:0:0:1, 2:0:0:0:0, 2:0:0:0:1, 0:0:0:0:0, 2:0:1:0:0, 2:0:0:0:2, 1:0:0:0:0, 1:0:0:0:1, 3:0:0:0:0, 3:1:0:0:5, 2:0:0:0:1, 2:0:0:0:2, 4:0:0:0:4, 2:0:0:0:4, 3:0:0:0:4, 3:0:1:0:3, 2:0:0:0:3, 2:0:0:0:1, 2:0:0:0:1, 1:0:0:0:1, 1:0:0:0:0, 4:1:0:0:2, 2:0:0:0:1, 1:0:0:0:1, 1:0:0:0:0, 2:0:0:0:1, 2:0:0:0:2, 0:0:0:0:0, 2:0:0:0:1, 1:0:0:0:1, 3:0:0:0:2, 2:0:0:0:1, 2:0:0:0:0, 3:1:0:0:4, 4:0:0:0:4, 1:0:0:0:1, 1:0:0:0:0, 0:0:0:0:0, 1:0:0:0:1, 1:0:0:0:1, 1:0:0:0:0, 0:0:0:0:0, 1:0:0:0:0, 2:0:0:0:2, 1:0:0:0:0, 0:0:0:0:0, 0:0:0:0:0, 0:0:0:0:0, 0:0:0:0:0, 0:0:0:0:0, 0:0:0:0:0, 0:0:0:0:0, 0:0:0:0:0, 0:0:0:0:0, 0:0:0:0:0, 495:16:23:2:322
E lydian (4#), 3:0:0:0:0, 2:1:0:0:1, 4:0:0:0:0, 3:0:0:0:0, 4:0:0:0:0, 3:1:0:0:1, 3:2:0:0:2, 3:3:1:0:3, 2:1:0:0:1, 3:2:0:0:2, 4:1:1:0:2, 2:2:0:0:2, 4:2:0:0:2, 3:1:0:0:1, 2:1:0:0:1, 2:1:0:0:1, 3:1:0:0:1, 2:2:0:0:2, 1:0:2:0:2, 2:1:0:0:1, 2:0:0:0:0, 2:0:0:0:0, 1:0:0:0:0, 1:0:0:0:0, 1:0:0:0:0, 1:0:0:0:0, 2:0:0:0:0, 2:0:0:0:0, 2:1:0:0:1, 3:1:0:0:1, 2:0:0:0:0, 3:0:0:0:0, 2:1:0:0:1, 3:0:0:0:0, 2:0:0:0:0, 2:0:0:0:0, 2:0:0:0:0, 3:0:0:0:0, 3:2:0:0:2, 4:1:0:0:1, 2:1:0:0:1, 3:1:0:0:1, 1:0:0:0:0, 0:0:0:0:0, 3:0:0:0:0, 3:3:0:0:3, 2:1:0:0:1, 3:1:0:0:1, 2:0:0:0:0, 2:0:0:0:0, 4:0:0:0:0, 5:0:0:0:0, 2:0:0:0:0, 3:1:0:0:1, 4:2:0:0:2, 3:2:0:0:2, 3:1:0:0:1, 2:1:0:0:1, 4:1:0:0:1, 3:1:1:0:2, 4:1:0:0:1, 2:1:0:0:1, 2:2:0:0:2, 3:1:0:0:1, 1:1:0:0:1, 4:2:0:0:2, 1:0:0:0:0, 1:0:2:0:2, 1:0:0:0:0, 1:0:0:0:0, 2:0:0:0:0, 0:0:0:0:0, 2:0:0:3:3, 2:1:0:0:1, 5:1:0:0:1, 3:1:0:0:1, 3:1:0:0:1, 3:2:0:0:2, 3:0:0:0:0, 3:1:0:0:1, 3:0:0:0:0, 2:1:0:0:1, 4:0:0:0:0, 3:1:0:0:1, 3:0:0:0:0, 2:0:0:0:0, 3:2:0:0:2, 3:2:0:0:2, 2:1:0:0:1, 3:1:0:0:1, 1:0:0:0:0, 0:0:0:0:0, 3:0:0:0:0, 3:3:0:0:3, 3:2:0:0:2, 3:2:0:0:2, 2:0:0:0:0, 4:1:0:0:1, 3:0:0:0:0, 4:0:0:0:0, 2:0:0:0:0, 2:0:0:0:0, 3:2:0:0:2, 4:1:1:0:2, 2:2:0:0:2, 3:1:0:0:1, 3:1:0:0:1, 3:1:1:0:2, 3:1:0:0:1, 2:1:0:0:1, 3:1:1:0:2, 3:1:0:0:1, 2:1:0:0:1, 5:3:0:0:3, 1:0:0:0:0, 2:0:1:0:1, 2:0:0:0:0, 2:0:0:0:0, 0:0:0:0:0, 1:0:0:0:0, 2:0:0:0:0, 2:1:0:0:1, 3:1:0:0:1, 3:0:0:0:0, 4:1:0:0:1, 4:1:0:0:1, 2:0:0:0:0, 2:1:0:0:1, 2:0:0:0:0, 2:0:0:0:0, 3:0:0:0:0, 4:0:0:0:0, 2:0:0:0:0, 3:1:0:0:1, 3:3:1:0:4, 4:2:0:0:2, 2:1:0:0:1, 2:1:0:0:1, 1:0:0:0:0, 1:0:0:0:0, 3:0:0:0:0, 3:4:2:0:4, 3:2:0:0:2, 3:1:0:0:1, 3:0:0:0:0, 3:1:0:0:1, 3:0:0:0:0, 2:0:0:0:0, 2:0:0:0:0, 2:1:0:0:1, 3:2:0:0:2, 2:2:0:0:2, 2:2:0:0:2, 3:1:0:0:1, 3:1:0:0:1, 4:1:0:0:1, 3:1:0:0:1, 2:1:0:0:1, 2:2:0:0:2, 3:1:0:0:1, 1:1:0:0:1, 4:2:0:0:2, 2:0:0:0:0, 2:0:0:0:0, 1:0:0:0:0, 1:0:0:0:0, 1:0:0:0:0, 0:0:0:0:0, 2:0:1:0:1, 2:0:0:0:0, 2:1:0:0:1, 3:1:0:0:1, 2:1:0:0:1, 3:1:0:0:1, 2:0:0:0:0, 3:0:0:0:0, 2:1:0:0:1, 3:0:0:0:0, 3:0:0:0:0, 3:0:0:0:0, 2:0:0:0:0, 2:0:0:0:0, 3:2:0:0:2, 4:2:0:0:2, 2:1:0:0:1, 3:1:0:0:1, 0:0:0:0:0, 0:0:0:0:0, 2:0:0:0:0, 3:3:1:0:3, 3:2:0:0:2, 2:1:0:0:1, 4:0:0:0:0, 3:1:0:0:1, 3:0:0:0:0, 2:0:0:0:0, 2:0:0:0:0, 2:1:0:0:1, 3:2:0:0:2, 2:2:0:0:2, 2:2:0:0:2, 3:1:0:0:1, 3:1:0:0:1, 4:1:0:0:1, 3:1:0:0:1, 1:1:0:0:1, 2:2:0:0:2, 3:1:0:0:1, 2:1:0:0:1, 4:2:0:0:2, 2:0:0:0:0, 2:0:0:0:0, 1:0:0:0:0, 0:0:0:0:0, 1:0:0:0:0, 0:0:0:0:0, 2:0:1:0:1, 2:0:0:0:0, 2:1:0:0:1, 3:1:0:0:1, 3:1:0:0:1, 3:1:0:0:1, 3:1:0:0:1, 3:0:0:0:0, 2:1:0:0:1, 3:0:0:0:0, 3:0:0:0:0, 3:0:0:0:0, 2:0:0:0:0, 3:1:0:0:1, 3:2:0:0:2, 4:2:0:0:2, 2:1:0:0:1, 3:1:0:0:1, 1:0:0:0:0, 0:0:0:0:0, 2:0:0:0:0, 3:3:1:0:3, 3:2:0:0:2, 3:1:0:0:1, 2:0:0:0:0, 4:1:0:0:1, 3:0:0:0:0, 3:0:0:0:0, 1:0:0:0:0, 3:0:0:0:0, 3:2:0:0:2, 3:2:0:0:2, 4:2:0:0:2, 4:1:1:0:2, 3:2:0:0:2, 4:1:0:0:1, 2:1:1:0:2, 2:1:0:0:1, 3:1:0:0:1, 4:1:0:0:1, 1:1:0:0:1, 5:2:0:0:2, 2:0:0:0:0, 2:0:0:0:0, 2:0:0:0:0, 1:0:0:0:0, 2:0:0:0:0, 1:0:0:0:0, 1:0:0:0:0, 2:0:0:0:0, 3:1:0:0:1, 2:0:0:0:0, 3:1:0:0:1, 3:2:0:0:2, 1:0:0:0:0, 2:0:0:0:0, 1:0:0:0:0, 4:1:0:0:1, 2:1:0:0:1, 3:0:0:0:0, 4:0:0:0:0, 3:1:0:0:1, 2:2:0:0:2, 3:1:0:0:1, 1:1:0:0:1, 3:2:0:0:2, 1:0:0:0:0, 0:0:0:0:0, 3:0:0:0:0, 3:3:0:0:3, 2:1:0:0:1, 1:0:0:0:0, 3:0:0:0:0, 3:3:0:0:3, 1:1:0:0:1, 2:0:0:0:0, 1:0:0:0:0, 3:3:0:0:3, 2:1:0:0:1, 2:1:0:0:1, 1:1:0:0:1, 1:0:0:0:0, 0:0:0:0:0, 0:0:0:0:0, 0:0:0:0:0, 0:0:0:0:0, 0:0:0:0:0, 0:0:0:0:0, 724:230:20:3:248
Ab mixolydian (4b), 2:0:0:0:0, 2:0:0:0:1, 2:0:0:0:0, 1:0:0:0:1, 1:0:0:0:0, 2:0:0:0:1, 2:0:0:0:1, 2:0:1:0:1, 1:0:0:0:1, 2:0:0:0:1, 1:0:0:0:0, 2:0:0:0:1, 1:0:0:0:0, 1:0:0:0:0, 1:2:0:0:2, 1:0:0:0:2, 0:0:0:0:0, 2:0:0:0:0, 1:0:0:0:2, 4:0:0:0:2, 2:0:0:0:2, 3:1:0:0:4, 2:0:0:0:3, 3:0:2:0:1, 2:0:1:0:2, 3:0:0:0:1, 2:0:0:0:0, 3:0:1:0:1, 1:0:0:0:1, 1:0:1:0:0, 2:0:0:0:3, 1:0:0:0:0, 2:0:0:0:1, 2:0:0:0:1, 2:0:0:0:1, 1:0:0:0:1, 2:0:0:0:0, 2:0:0:0:1, 2:0:0:0:1, 0:0:0:0:0, 3:0:0:0:1, 1:0:1:0:0, 3:0:0:0:1, 2:0:0:0:3, 1:0:0:0:0, 0:0:0:0:0, 1:0:0:0:1, 1:0:0:0:0, 2:0:0:0:1, 3:0:0:0:2, 1:0:0:0:0, 2:0:0:0:0, 1:0:0:0:1, 2:0:0:0:1, 1:0:0:0:0, 1:0:0:0:1, 2:0:0:0:2, 3:0:0:0:1, 2:0:0:0:1, 1:0:0:0:0, 2:0:0:0:1, 0:0:0:0:0, 2:0:1:0:1, 1:0:0:0:0, 1:0:0:0:1, 2:0:0:0:1, 4:0:0:0:3, 2:0:0:0:1, 3:0:0:0:3, 2:1:0:0:4, 3:0:0:0:3, 3:0:2:0:1, 3:0:0:0:2, 2:0:0:0:0, 3:0:0:2:0, 2:0:0:0:1, 1:0:0:0:1, 1:0:0:0:0, 3:0:0:0:3, 1:0:0:0:0, 2:0:0:0:0, 2:0:0:0:1, 1:0:0:0:0, 1:0:0:0:1, 2:0:0:0:1, 2:0:0:0:2, 2:0:0:0:1, 2:0:0:0:1, 1:0:0:0:1, 1:0:0:0:0, 2:0:0:0:2, 2:0:0:0:2, 1:0:0:0:0, 0:0:0:0:0, 1:0:0:0:1, 1:0:0:0:0, 1:0:0:0:0, 1:0:0:0:0, 0:0:0:0:0, 2:1:0:0:1, 2:0:0:0:0, 1:0:0:0:1, 2:0:0:0:1, 1:0:0:0:0, 2:0:0:0:0, 1:0:1:0:0, 2:0:0:0:1, 1:0:0:0:0, 0:0:0:0:0, 1:0:0:0:0, 1:1:0:0:1, 1:0:0:0:1, 1:0:0:0:1, 3:0:0:0:0, 3:0:0:0:2, 2:0:0:0:1, 2:0:0:0:2, 2:1:0:0:4, 3:1:0:0:5, 3:0:0:0:3, 2:0:0:0:2, 4:0:0:0:2, 2:0:0:0:1, 1:0:0:0:0, 0:0:0:0:0, 1:0:0:0:0, 2:0:0:0:2, 1:0:0:0:2, 2:0:0:0:1, 3:0:0:0:2, 2:0:0:0:1, 3:0:0:0:1, 1:0:0:0:1, 2:0:0:0:1, 1:0:0:0:0, 1:0:0:0:0, 1:0:0:0:1, 1:0:0:0:0, 3:0:0:0:2, 3:0:0:0:2, 0:0:0:0:0, 1:0:2:0:0, 1:0:0:0:0, 3:1:0:0:2, 1:0:0:0:0, 2:0:0:0:1, 1:0:0:0:0, 2:0:0:0:2, 0:0:0:0:0, 2:0:0:0:1, 2:0:0:0:0, 1:0:0:0:2, 1:0:0:0:0, 2:0:1:0:0, 2:0:0:0:2, 2:0:1:0:0, 1:0:0:0:0, 0:0:0:0:0, 2:0:1:0:1, 1:0:0:0:0, 3:0:0:0:2, 2:0:0:0:1, 3:1:0:0:6, 2:0:0:0:2, 4:0:0:0:3, 2:0:0:0:3, 3:0:0:0:4, 3:1:0:0:5, 3:0:0:0:2, 3:0:0:0:2, 1:0:0:0:1, 2:0:0:0:1, 0:0:0:0:0, 0:0:0:0:0, 2:0:0:0:3, 1:0:0:0:0, 2:0:0:0:1, 2:0:0:0:2, 2:0:0:0:1, 2:0:0:0:1, 1:0:0:0:1, 1:0:0:0:1, 2:0:0:0:1, 0:0:0:0:0, 1:0:0:0:1, 1:0:0:0:0, 4:0:0:0:3, 2:0:0:0:2, 1:0:0:0:1, 1:0:1:0:0, 1:0:0:0:0, 0:0:0:0:0, 1:0:0:0:0, 2:0:0:0:1, 1:0:0:0:0, 2:0:0:0:2, 0:0:0:0:0, 2:0:0:0:1, 2:0:0:0:0, 1:0:0:0:2, 1:0:0:0:0, 2:0:1:0:0, 2:0:0:0:2, 2:0:1:0:0, 1:0:0:0:0, 1:0:0:0:1, 2:0:1:0:1, 1:0:0:0:0, 1:0:0:0:1, 2:0:0:0:1, 3:1:0:0:6, 2:0:0:0:1, 4:0:0:0:3, 2:0:0:0:4, 3:0:0:0:4, 3:1:0:0:5, 3:0:0:0:2, 3:0:0:0:2, 1:0:0:0:1, 2:0:0:0:1, 0:0:0:0:0, 0:0:0:0:0, 2:0:0:0:2, 1:0:0:0:0, 2:0:0:0:1, 2:0:0:0:2, 2:0:0:0:1, 2:0:0:0:1, 1:0:0:0:1, 2:0:0:0:1, 2:0:0:0:1, 0:0:0:0:0, 1:0:0:0:1, 1:0:0:0:0, 3:0:0:0:3, 2:0:0:0:2, 1:0:0:0:1, 1:0:1:0:0, 1:0:0:0:0, 1:0:0:0:0, 1:0:0:0:0, 1:0:0:0:0, 0:0:0:0:0, 0:0:0:0:0, 2:0:0:0:1, 2:0:0:0:1, 2:0:0:0:1, 2:0:0:0:1, 2:0:0:0:0, 2:0:0:0:1, 2:0:0:0:0, 2:0:0:0:1, 0:0:0:0:0, 2:0:1:0:0, 2:0:0:0:2, 1:0:0:0:0, 1:0:0:0:1, 3:0:0:0:0, 3:1:0:0:5, 2:0:0:0:1, 2:0:0:0:2, 4:0:0:0:4, 2:0:0:0:4, 3:0:0:0:4, 3:0:1:0:3, 2:0:0:0:3, 2:0:0:0:1, 2:0:0:0:1, 1:0:0:0:1, 1:0:0:0:0, 4:1:0:0:2, 2:0:0:0:1, 1:0:0:0:1, 1:0:0:0:0, 2:0:0:0:1, 2:0:0:0:2, 0:0:0:0:0, 2:0:0:0:1, 1:0:0:0:1, 3:0:0:0:2, 2:0:0:0:1, 2:0:0:0:0, 3:1:0:0:4, 4:0:0:0:4, 1:0:0:0:1, 1:0:0:0:0, 0:0:0:0:0, 1:0:0:0:1, 1:0:0:0:1, 1:0:0:0:0, 0:0:0:0:0, 1:0:0:0:0, 2:0:0:0:2, 1:0:0:0:0, 0:0:0:0:0, 0:0:0:0:0, 0:0:0:0:0, 0:0:0:0:0, 0:0:0:0:0, 0:0:0:0:0, 0:0:0:0:0, 0:0:0:0:0, 0:0:0:0:0, 0:0:0:0:0, 495:16:23:2:322
E mixolydian (4#), 3:0:0:0:0, 2:1:0:0:1, 4:0:0:0:0, 3:0:0:0:0, 4:0:0:0:0, 3:1:0:0:1, 3:2:0:0:2, 3:3:1:0:3, 2:1:0:0:1, 3:2:0:0:2, 4:1:1:0:2, 2:2:0:0:2, 4:2:0:0:2, 3:1:0:0:1, 2:1:0:0:1, 2:1:0:0:1, 3:1:0:0:1, 2:2:0:0:2, 1:0:2:0:2, 2:1:0:0:1, 2:0:0:0:0, 2:0:0:0:0, 1:0:0:0:0, 1:0:0:0:0, 1:0:0:0:0, 1:0:0:0:0, 2:0:0:0:0, 2:0:0:0:0, 2:1:0:0:1, 3:1:0:0:1, 2:0:0:0:0, 3:0:0:0:0, 2:1:0:0:1, 3:0:0:0:0, 2:0:0:0:0, 2:0:0:0:0, 2:0:0:0:0, 3:0:0:0:0, 3:2:0:0:2, 4:1:0:0:1, 2:1:0:0:1, 3:1:0:0:1, 1:0:0:0:0, 0:0:0:0:0, 3:0:0:0:0, 3:3:0:0:3, 2:1:0:0:1, 3:1:0:0:1, 2:0:0:0:0, 2:0:0:0:0, 4:0:0:0:0, 5:0:0:0:0, 2:0:0:0:0, 3:1:0:0:1, 4:2:0:0:2, 3:2:0:0:2, 3:1:0:0:1, 2:1:0:0:1, 4:1:0:0:1, 3:1:1:0:2, 4:1:0:0:1, 2:1:0:0:1, 2:2:0:0:2, 3:1:0:0:1, 1:1:0:0:1, 4:2:0:0:2, 1:0:0:0:0, 1:0:2:0:2, 1:0:0:0:0, 1:0:0:0:0, 2:0:0:0:0, 0:0:0:0:0, 2:0:0:3:3, 2:1:0:0:1, 5:1:0:0:1, 3:1:0:0:1, 3:1:0:0:1, 3:2:0:0:2, 3:0:0:0:0, 3:1:0:0:1, 3:0:0:0:0, 2:1:0:0:1, 4:0:0:0:0, 3:1:0:0:1, 3:0:0:0:0, 2:0:0:0:0, 3:2:0:0:2, 3:2:0:0:2, 2:1:0:0:1, 3:1:0:0:1, 1:0:0:0:0, 0:0:0:0:0, 3:0:0:0:0, 3:3:0:0:3, 3:2:0:0:2, 3:2:0:0:2, 2:0:0:0:0, 4:1:0:0:1, 3:0:0:0:0, 4:0:0:0:0, 2:0:0:0:0, 2:0:0:0:0, 3:2:0:0:2, 4:1:1:0:2, 2:2:0:0:2, 3:1:0:0:1, 3:1:0:0:1, 3:1:1:0:2, 3:1:0:0:1, 2:1:0:0:1, 3:1:1:0:2, 3:1:0:0:1, 2:1:0:0:1, 5:3:0:0:3, 1:0:0:0:0, 2:0:1:0:1, 2:0:0:0:0, 2:0:0:0:0, 0:0:0:0:0, 1:0:0:0:0, 2:0:0:0:0, 2:1:0:0:1, 3:1:0:0:1, 3:0:0:0:0, 4:1:0:0:1, 4:1:0:0:1, 2:0:0:0:0, 2:1:0:0:1, 2:0:0:0:0, 2:0:0:0:0, 3:0:0:0:0, 4:0:0:0:0, 2:0:0:0:0, 3:1:0:0:1, 3:3:1:0:4, 4:2:0:0:2, 2:1:0:0:1, 2:1:0:0:1, 1:0:0:0:0, 1:0:0:0:0, 3:0:0:0:0, 3:4:2:0:4, 3:2:0:0:2, 3:1:0:0:1, 3:0:0:0:0, 3:1:0:0:1, 3:0:0:0:0, 2:0:0:0:0, 2:0:0:0:0, 2:1:0:0:1, 3:2:0:0:2, 2:2:0:0:2, 2:2:0:0:2, 3:1:0:0:1, 3:1:0:0:1, 4:1:0:0:1, 3:1:0:0:1, 2:1:0:0:1, 2:2:0:0:2, 3:1:0:0:1, 1:1:0:0:1, 4:2:0:0:2, 2:0:0:0:0, 2:0:0:0:0, 1:0:0:0:0, 1:0:0:0:0, 1:0:0:0:0, 0:0:0:0:0, 2:0:1:0:1, 2:0:0:0:0, 2:1:0:0:1, 3:1:0:0:1, 2:1:0:0:1, 3:1:0:0:1, 2:0:0:0:0, 3:0:0:0:0, 2:1:0:0:1, 3:0:0:0:0, 3:0:0:0:0, 3:0:0:0:0, 2:0:0:0:0, 2:0:0:0:0, 3:2:0:0:2, 4:2:0:0:2, 2:1:0:0:1, 3:1:0:0:1, 0:0:0:0:0, 0:0:0:0:0, 2:0:0:0:0, 3:3:1:0:3, 3:2:0:0:2, 2:1:0:0:1, 4:0:0:0:0, 3:1:0:0:1, 3:0:0:0:0, 2:0:0:0:0, 2:0:0:0:0, 2:1:0:0:1, 3:2:0:0:2, 2:2:0:0:2, 2:2:0:0:2, 3:1:0:0:1, 3:1:0:0:1, 4:1:0:0:1, 3:1:0:0:1, 1:1:0:0:1, 2:2:0:0:2, 3:1:0:0:1, 2:1:0:0:1, 4:2:0:0:2, 2:0:0:0:0, 2:0:0:0:0, 1:0:0:0:0, 0:0:0:0:0, 1:0:0:0:0, 0:0:0:0:0, 2:0:1:0:1, 2:0:0:0:0, 2:1:0:0:1, 3:1:0:0:1, 3:1:0:0:1, 3:1:0:0:1, 3:1:0:0:1, 3:0:0:0:0, 2:1:0:0:1, 3:0:0:0:0, 3:0:0:0:0, 3:0:0:0:0, 2:0:0:0:0, 3:1:0:0:1, 3:2:0:0:2, 4:2:0:0:2, 2:1:0:0:1, 3:1:0:0:1, 1:0:0:0:0, 0:0:0:0:0, 2:0:0:0:0, 3:3:1:0:3, 3:2:0:0:2, 3:1:0:0:1, 2:0:0:0:0, 4:1:0:0:1, 3:0:0:0:0, 3:0:0:0:0, 1:0:0:0:0, 3:0:0:0:0, 3:2:0:0:2, 3:2:0:0:2, 4:2:0:0:2, 4:1:1:0:2, 3:2:0:0:2, 4:1:0:0:1, 2:1:1:0:2, 2:1:0:0:1, 3:1:0:0:1, 4:1:0:0:1, 1:1:0:0:1, 5:2:0:0:2, 2:0:0:0:0, 2:0:0:0:0, 2:0:0:0:0, 1:0:0:0:0, 2:0:0:0:0, 1:0:0:0:0, 1:0:0:0:0, 2:0:0:0:0, 3:1:0:0:1, 2:0:0:0:0, 3:1:0:0:1, 3:2:0:0:2, 1:0:0:0:0, 2:0:0:0:0, 1:0:0:0:0, 4:1:0:0:1, 2:1:0:0:1, 3:0:0:0:0, 4:0:0:0:0, 3:1:0:0:1, 2:2:0:0:2, 3:1:0:0:1, 1:1:0:0:1, 3:2:0:0:2, 1:0:0:0:0, 0:0:0:0:0, 3:0:0:0:0, 3:3:0:0:3, 2:1:0:0:1, 1:0:0:0:0, 3:0:0:0:0, 3:3:0:0:3, 1:1:0:0:1, 2:0:0:0:0, 1:0:0:0:0, 3:3:0:0:3, 2:1:0:0:1, 2:1:0:0:1, 1:1:0:0:1, 1:0:0:0:0, 0:0:0:0:0, 0:0:0:0:0, 0:0:0:0:0, 0:0:0:0:0, 0:0:0:0:0, 0:0:0:0:0, 724:230:20:3:248
Ab aeolian (4b), 2:0:0:0:0, 2:0:0:0:1, 2:0:0:0:0, 1:0:0:0:1, 1:0:0:0:0, 2:0:0:0:1, 2:0:0:0:1, 2:0:1:0:1, 1:0:0:0:1, 2:0:0:0:1, 1:0:0:0:0, 2:0:0:0:1, 1:0:0:0:0, 1:0:0:0:0, 1:2:0:0:2, 1:0:0:0:2, 0:0:0:0:0, 2:0:0:0:0, 1:0:0:0:2, 4:0:0:0:2, 2:0:0:0:2, 3:1:0:0:4, 2:0:0:0:3, 3:0:2:0:1, 2:0:1:0:2, 3:0:0:0:1, 2:0:0:0:0, 3:0:1:0:1, 1:0:0:0:1, 1:0:1:0:0, 2:0:0:0:3, 1:0:0:0:0, 2:0:0:0:1, 2:0:0:0:1, 2:0:0:0:1, 1:0:0:0:1, 2:0:0:0:0, 2:0:0:0:1, 2:0:0:0:1, 0:0:0:0:0, 3:0:0:0:1, 1:0:1:0:0, 3:0:0:0:1, 2:0:0:0:3, 1:0:0:0:0, 0:0:0:0:0, 1:0:0:0:1, 1:0:0:0:0, 2:0:0:0:1, 3:0:0:0:2, 1:0:0:0:0, 2:0:0:0:0, 1:0:0:0:1, 2:0:0:0:1, 1:0:0:0:0, 1:0:0:0:1, 2:0:0:0:2, 3:0:0:0:1, 2:0:0:0:1, 1:0:0:0:0, 2:0:0:0:1, 0:0:0:0:0, 2:0:1:0:1, 1:0:0:0:0, 1:0:0:0:1, 2:0:0:0:1, 4:0:0:0:3, 2:0:0:0:1, 3:0:0:0:3, 2:1:0:0:4, 3:0:0:0:3, 3:0:2:0:1, 3:0:0:0:2, 2:0:0:0:0, 3:0:0:2:0, 2:0:0:0:1, 1:0:0:0:1, 1:0:0:0:0, 3:0:0:0:3, 1:0:0:0:0, 2:0:0:0:0, 2:0:0:0:1, 1:0:0:0:0, 1:0:0:0:1, 2:0:0:0:1, 2:0:0:0:2, 2:0:0:0:1, 2:0:0:0:1, 1:0:0:0:1, 1:0:0:0:0, 2:0:0:0:2, 2:0:0:0:2, 1:0:0:0:0, 0:0:0:0:0, 1:0:0:0:1, 1:0:0:0:0, 1:0:0:0:0, 1:0:0:0:0, 0:0:0:0:0, 2:1:0:0:1, 2:0:0:0:0, 1:0:0:0:1, 2:0:0:0:1, 1:0:0:0:0, 2:0:0:0:0, 1:0:1:0:0, 2:0:0:0:1, 1:0:0:0:0, 0:0:0:0:0, 1:0:0:0:0, 1:1:0:0:1, 1:0:0:0:1, 1:0:0:0:1, 3:0:0:0:0, 3:0:0:0:2, 2:0:0:0:1, 2:0:0:0:2, 2:1:0:0:4, 3:1:0:0:5, 3:0:0:0:3, 2:0:0:0:2, 4:0:0:0:2, 2:0:0:0:1, 1:0:0:0:0, 0:0:0:0:0, 1:0:0:0:0, 2:0:0:0:2, 1:0:0:0:2, 2:0:0:0:1, 3:0:0:0:2, 2:0:0:0:1, 3:0:0:0:1, 1:0:0:0:1, 2:0:0:0:1, 1:0:0:0:0, 1:0:0:0:0, 1:0:0:0:1, 1:0:0:0:0, 3:0:0:0:2, 3:0:0:0:2, 0:0:0:0:0, 1:0:2:0:0, 1:0:0:0:0, 3:1:0:0:2, 1:0:0:0:0, 2:0:0:0:1, 1:0:0:0:0, 2:0:0:0:2, 0:0:0:0:0, 2:0:0:0:1, 2:0:0:0:0, 1:0:0:0:2, 1:0:0:0:0, 2:0:1:0:0, 2:0:0:0:2, 2:0:1:0:0, 1:0:0:0:0, 0:0:0:0:0, 2:0:1:0:1, 1:0:0:0:0, 3:0:0:0:2, 2:0:0:0:1, 3:1:0:0:6, 2:0:0:0:2, 4:0:0:0:3, 2:0:0:0:3, 3:0:0:0:4, 3:1:0:0:5, 3:0:0:0:2, 3:0:0:0:2, 1:0:0:0:1, 2:0:0:0:1, 0:0:0:0:0, 0:0:0:0:0, 2:0:0:0:3, 1:0:0:0:0, 2:0:0:0:1, 2:0:0:0:2, 2:0:0:0:1, 2:0:0:0:1, 1:0:0:0:1, 1:0:0:0:1, 2:0:0:0:1, 0:0:0:0:0, 1:0:0:0:1, 1:0:0:0:0, 4:0:0:0:3, 2:0:0:0:2, 1:0:0:0:1, 1:0:1:0:0, 1:0:0:0:0, 0:0:0:0:0, 1:0:0:0:0, 2:0:0:0:1, 1:0:0:0:0, 2:0:0:0:2, 0:0:0:0:0, 2:0:0:0:1, 2:0:0:0:0, 1:0:0:0:2, 1:0:0:0:0, 2:0:1:0:0, 2:0:0:0:2, 2:0:1:0:0, 1:0:0:0:0, 1:0:0:0:1, 2:0:1:0:1, 1:0:0:0:0, 1:0:0:0:1, 2:0:0:0:1, 3:1:0:0:6, 2:0:0:0:1, 4:0:0:0:3, 2:0:0:0:4, 3:0:0:0:4, 3:1:0:0:5, 3:0:0:0:2, 3:0:0:0:2, 1:0:0:0:1, 2:0:0:0:1, 0:0:0:0:0, 0:0:0:0:0, 2:0:0:0:2, 1:0:0:0:0, 2:0:0:0:1, 2:0:0:0:2, 2:0:0:0:1, 2:0:0:0:1, 1:0:0:0:1, 2:0:0:0:1, 2:0:0:0:1, 0:0:0:0:0, 1:0:0:0:1, 1:0:0:0:0, 3:0:0:0:3, 2:0:0:0:2, 1:0:0:0:1, 1:0:1:0:0, 1:0:0:0:0, 1:0:0:0:0, 1:0:0:0:0, 1:0:0:0:0, 0:0:0:0:0, 0:0:0:0:0, 2:0:0:0:1, 2:0:0:0:1, 2:0:0:0:1, 2:0:0:0:1, 2:0:0:0:0, 2:0:0:0:1, 2:0:0:0:0, 2:0:0:0:1, 0:0:0:0:0, 2:0:1:0:0, 2:0:0:0:2, 1:0:0:0:0, 1:0:0:0:1, 3:0:0:0:0, 3:1:0:0:5, 2:0:0:0:1, 2:0:0:0:2, 4:0:0:0:4, 2:0:0:0:4, 3:0:0:0:4, 3:0:1:0:3, 2:0:0:0:3, 2:0:0:0:1, 2:0:0:0:1, 1:0:0:0:1, 1:0:0:0:0, 4:1:0:0:2, 2:0:0:0:1, 1:0:0:0:1, 1:0:0:0:0, 2:0:0:0:1, 2:0:0:0:2, 0:0:0:0:0, 2:0:0:0:1, 1:0:0:0:1, 3:0:0:0:2, 2:0:0:0:1, 2:0:0:0:0, 3:1:0:0:4, 4:0:0:0:4, 1:0:0:0:1, 1:0:0:0:0, 0:0:0:0:0, 1:0:0:0:1, 1:0:0:0:1, 1:0:0:0:0, 0:0:0:0:0, 1:0:0:0:0, 2:0:0:0:2, 1:0:0:0:0, 0:0:0:0:0, 0:0:0:0:0, 0:0:0:0:0, 0:0:0:0:0, 0:0:0:0:0, 0:0:0:0:0, 0:0:0:0:0, 0:0:0:0:0, 0:0:0:0:0, 0:0:0:0:0, 495:16:23:2:322
E aeolian (4#), 3:0:0:0:0, 2:1:0:0:1, 4:0:0:0:0, 3:0:0:0:0, 4:0:0:0:0, 3:1:0:0:1, 3:2:0:0:2, 3:3:1:0:3, 2:1:0:0:1, 3:2:0:0:2, 4:1:1:0:2, 2:2:0:0:2, 4:2:0:0:2, 3:1:0:0:1, 2:1:0:0:1, 2:1:0:0:1, 3:1:0:0:1, 2:2:0:0:2, 1:0:2:0:2, 2:1:0:0:1, 2:0:0:0:0, 2:0:0:0:0, 1:0:0:0:0, 1:0:0:0:0, 1:0:0:0:0, 1:0:0:0:0, 2:0:0:0:0, 2:0:0:0:0, 2:1:0:0:1, 3:1:0:0:1, 2:0:0:0:0, 3:0:0:0:0, 2:1:0:0:1, 3:0:0:0:0, 2:0:0:0:0, 2:0:0:0:0, 2:0:0:0:0, 3:0:0:0:0, 3:2:0:0:2, 4:1:0:0:1, 2:1:0:0:1, 3:1:0:0:1, 1:0:0:0:0, 0:0:0:0:0, 3:0:0:0:0, 3:3:0:0:3, 2:1:0:0:1, 3:1:0:0:1, 2:0:0:0:0, 2:0:0:0:0, 4:0:0:0:0, 5:0:0:0:0, 2:0:0:0:0, 3:1:0:0:1, 4:2:0:0:2, 3:2:0:0:2, 3:1:0:0:1, 2:1:0:0:1, 4:1:0:0:1, 3:1:1:0:2, 4:1:0:0:1, 2:1:0:0:1, 2:2:0:0:2, 3:1:0:0:1, 1:1:0:0:1, 4:2:0:0:2, 1:0:0:0:0, 1:0:2:0:2, 1:0:0:0:0, 1:0:0:0:0, 2:0:0:0:0, 0:0:0:0:0, 2:0:0:3:3, 2:1:0:0:1, 5:1:0:0:1, 3:1:0:0:1, 3:1:0:0:1, 3:2:0:0:2, 3:0:0:0:0, 3:1:0:0:1, 3:0:0:0:0, 2:1:0:0:1, 4:0:0:0:0, 3:1:0:0:1, 3:0:0:0:0, 2:0:0:0:0, 3:2:0:0:2, 3:2:0:0:2, 2:1:0:0:1, 3:1:0:0:1, 1:0:0:0:0, 0:0:0:0:0, 3:0:0:0:0, 3:3:0:0:3, 3:2:0:0:2, 3:2:0:0:2, 2:0:0:0:0, 4:1:0:0:1, 3:0:0:0:0, 4:0:0:0:0, 2:0:0:0:0, 2:0:0:0:0, 3:2:0:0:2, 4:1:1:0:2, 2:2:0:0:2, 3:1:0:0:1, 3:1:0:0:1, 3:1:1:0:2, 3:1:0:0:1, 2:1:0:0:1, 3:1:1:0:2, 3:1:0:0:1, 2:1:0:0:1, 5:3:0:0:3, 1:0:0:0:0, 2:0:1:0:1, 2:0:0:0:0, 2:0:0:0:0, 0:0:0:0:0, 1:0:0:0:0, 2:0:0:0:0, 2:1:0:0:1, 3:1:0:0:1, 3:0:0:0:0, 4:1:0:0:1, 4:1:0:0:1, 2:0:0:0:0, 2:1:0:0:1, 2:0:0:0:0, 2:0:0:0:0, 3:0:0:0:0, 4:0:0:0:0, 2:0:0:0:0, 3:1:0:0:1, 3:3:1:0:4, 4:2:0:0:2, 2:1:0:0:1, 2:1:0:0:1, 1:0:0:0:0, 1:0:0:0:0, 3:0:0:0:0, 3:4:2:0:4, 3:2:0:0:2, 3:1:0:0:1, 3:0:0:0:0, 3:1:0:0:1, 3:0:0:0:0, 2:0:0:0:0, 2:0:0:0:0, 2:1:0:0:1, 3:2:0:0:2, 2:2:0:0:2, 2:2:0:0:2, 3:1:0:0:1, 3:1:0:0:1, 4:1:0:0:1, 3:1:0:0:1, 2:1:0:0:1, 2:2:0:0:2, 3:1:0:0:1, 1:1:0:0:1, 4:2:0:0:2, 2:0:0:0:0, 2:0:0:0:0, 1:0:0:0:0, 1:0:0:0:0, 1:0:0:0:0, 0:0:0:0:0, 2:0:1:0:1, 2:0:0:0:0, 2:1:0:0:1, 3:1:0:0:1, 2:1:0:0:1, 3:1:0:0:1, 2:0:0:0:0, 3:0:0:0:0, 2:1:0:0:1, 3:0:0:0:0, 3:0:0:0:0, 3:0:0:0:0, 2:0:0:0:0, 2:0:0:0:0, 3:2:0:0:2, 4:2:0:0:2, 2:1:0:0:1, 3:1:0:0:1, 0:0:0:0:0, 0:0:0:0:0, 2:0:0:0:0, 3:3:1:0:3, 3:2:0:0:2, 2:1:0:0:1, 4:0:0:0:0, 3:1:0:0:1, 3:0:0:0:0, 2:0:0:0:0, 2:0:0:0:0, 2:1:0:0:1, 3:2:0:0:2, 2:2:0:0:2, 2:2:0:0:2, 3:1:0:0:1, 3:1:0:0:1, 4:1:0:0:1, 3:1:0:0:1, 1:1:0:0:1, 2:2:0:0:2, 3:1:0:0:1, 2:1:0:0:1, 4:2:0:0:2, 2:0:0:0:0, 2:0:0:0:0, 1:0:0:0:0, 0:0:0:0:0, 1:0:0:0:0, 0:0:0:0:0, 2:0:1:0:1, 2:0:0:0:0, 2:1:0:0:1, 3:1:0:0:1, 3:1:0:0:1, 3:1:0:0:1, 3:1:0:0:1, 3:0:0:0:0, 2:1:0:0:1, 3:0:0:0:0, 3:0:0:0:0, 3:0:0:0:0, 2:0:0:0:0, 3:1:0:0:1, 3:2:0:0:2, 4:2:0:0:2, 2:1:0:0:1, 3:1:0:0:1, 1:0:0:0:0, 0:0:0:0:0, 2:0:0:0:0, 3:3:1:0:3, 3:2:0:0:2, 3:1:0:0:1, 2:0:0:0:0, 4:1:0:0:1, 3:0:0:0:0, 3:0:0:0:0, 1:0:0:0:0, 3:0:0:0:0, 3:2:0:0:2, 3:2:0:0:2, 4:2:0:0:2, 4:1:1:0:2, 3:2:0:0:2, 4:1:0:0:1, 2:1:1:0:2, 2:1:0:0:1, 3:1:0:0:1, 4:1:0:0:1, 1:1:0:0:1, 5:2:0:0:2, 2:0:0:0:0, 2:0:0:0:0, 2:0:0:0:0, 1:0:0:0:0, 2:0:0:0:0, 1:0:0:0:0, 1:0:0:0:0, 2:0:0:0:0, 3:1:0:0:1, 2:0:0:0:0, 3:1:0:0:1, 3:2:0:0:2, 1:0:0:0:0, 2:0:0:0:0, 1:0:0:0:0, 4:1:0:0:1, 2:1:0:0:1, 3:0:0:0:0, 4:0:0:0:0, 3:1:0:0:1, 2:2:0:0:2, 3:1:0:0:1, 1:1:0:0:1, 3:2:0:0:2, 1:0:0:0:0, 0:0:0:0:0, 3:0:0:0:0, 3:3:0:0:3, 2:1:0:0:1, 1:0:0:0:0, 3:0:0:0:0, 3:3:0:0:3, 1:1:0:0:1, 2:0:0:0:0, 1:0:0:0:0, 3:3:0:0:3, 2:1:0:0:1, 2:1:0:0:1, 1:1:0:0:1, 1:0:0:0:0, 0:0:0:0:0, 0:0:0:0:0, 0:0:0:0:0, 0:0:0:0:0, 0:0:0:0:0, 0:0:0:0:0, 724:230:20:3:248
Ab locrian (4b), 2:0:0:0:0, 2:0:0:0:1, 2:0:0:0:0, 1:0:0:0:1, 1:0:0:0:0, 2:0:0:0:1, 2:0:0:0:1, 2:0:1:0:1, 1:0:0:0:1, 2:0:0:0:1, 1:0:0:0:0, 2:0:0:0:1, 1:0:0:0:0, 1:0:0:0:0, 1:2:0:0:2, 1:0:0:0:2, 0:0:0:0:0, 2:0:0:0:0, 1:0:0:0:2, 4:0:0:0:2, 2:0:0:0:2, 3:1:0:0:4, 2:0:0:0:3, 3:0:2:0:1, 2:0:1:0:2, 3:0:0:0:1, 2:0:0:0:0, 3:0:1:0:1, 1:0:0:0:1, 1:0:1:0:0, 2:0:0:0:3, 1:0:0:0:0, 2:0:0:0:1, 2:0:0:0:1, 2:0:0:0:1, 1:0:0:0:1, 2:0:0:0:0, 2:0:0:0:1, 2:0:0:0:1, 0:0:0:0:0, 3:0:0:0:1, 1:0:1:0:0, 3:0:0:0:1, 2:0:0:0:3, 1:0:0:0:0, 0:0:0:0:0, 1:0:0:0:1, 1:0:0:0:0, 2:0:0:0:1, 3:0:0:0:2, 1:0:0:0:0, 2:0:0:0:0, 1:0:0:0:1, 2:0:0:0:1, 1:0:0:0:0, 1:0:0:0:1, 2:0:0:0:2, 3:0:0:0:1, 2:0:0:0:1, 1:0:0:0:0, 2:0:0:0:1, 0:0:0:0:0, 2:0:1:0:1, 1:0:0:0:0, 1:0:0:0:1, 2:0:0:0:1, 4:0:0:0:3, 2:0:0:0:1, 3:0:0:0:3, 2:1:0:0:4, 3:0:0:0:3, 3:0:2:0:1, 3:0:0:0:2, 2:0:0:0:0, 3:0:0:2:0, 2:0:0:0:1, 1:0:0:0:1, 1:0:0:0:0, 3:0:0:0:3, 1:0:0:0:0, 2:0:0:0:0, 2:0:0:0:1, 1:0:0:0:0, 1:0:0:0:1, 2:0:0:0:1, 2:0:0:0:2, 2:0:0:0:1, 2:0:0:0:1, 1:0:0:0:1, 1:0:0:0:0, 2:0:0:0:2, 2:0:0:0:2, 1:0:0:0:0, 0:0:0:0:0, 1:0:0:0:1, 1:0:0:0:0, 1:0:0:0:0, 1:0:0:0:0, 0:0:0:0:0, 2:1:0:0:1, 2:0:0:0:0, 1:0:0:0:1, 2:0:0:0:1, 1:0:0:0:0, 2:0:0:0:0, 1:0:1:0:0, 2:0:0:0:1, 1:0:0:0:0, 0:0:0:0:0, 1:0:0:0:0, 1:1:0:0:1, 1:0:0:0:1, 1:0:0:0:1, 3:0:0:0:0, 3:0:0:0:2, 2:0:0:0:1, 2:0:0:0:2, 2:1:0:0:4, 3:1:0:0:5, 3:0:0:0:3, 2:0:0:0:2, 4:0:0:0:2, 2:0:0:0:1, 1:0:0:0:0, 0:0:0:0:0, 1:0:0:0:0, 2:0:0:0:2, 1:0:0:0:2, 2:0:0:0:1, 3:0:0:0:2, 2:0:0:0:1, 3:0:0:0:1, 1:0:0:0:1, 2:0:0:0:1, 1:0:0:0:0, 1:0:0:0:0, 1:0:0:0:1, 1:0:0:0:0, 3:0:0:0:2, 3:0:0:0:2, 0:0:0:0:0, 1:0:2:0:0, 1:0:0:0:0, 3:1:0:0:2, 1:0:0:0:0, 2:0:0:0:1, 1:0:0:0:0, 2:0:0:0:2, 0:0:0:0:0, 2:0:0:0:1, 2:0:0:0:0, 1:0:0:0:2, 1:0:0:0:0, 2:0:1:0:0, 2:0:0:0:2, 2:0:1:0:0, 1:0:0:0:0, 0:0:0:0:0, 2:0:1:0:1, 1:0:0:0:0, 3:0:0:0:2, 2:0:0:0:1, 3:1:0:0:6, 2:0:0:0:2, 4:0:0:0:3, 2:0:0:0:3, 3:0:0:0:4, 3:1:0:0:5, 3:0:0:0:2, 3:0:0:0:2, 1:0:0:0:1, 2:0:0:0:1, 0:0:0:0:0, 0:0:0:0:0, 2:0:0:0:3, 1:0:0:0:0, 2:0:0:0:1, 2:0:0:0:2, 2:0:0:0:1, 2:0:0:0:1, 1:0:0:0:1, 1:0:0:0:1, 2:0:0:0:1, 0:0:0:0:0, 1:0:0:0:1, 1:0:0:0:0, 4:0:0:0:3, 2:0:0:0:2, 1:0:0:0:1, 1:0:1:0:0, 1:0:0:0:0, 0:0:0:0:0, 1:0:0:0:0, 2:0:0:0:1, 1:0:0:0:0, 2:0:0:0:2, 0:0:0:0:0, 2:0:0:0:1, 2:0:0:0:0, 1:0:0:0:2, 1:0:0:0:0, 2:0:1:0:0, 2:0:0:0:2, 2:0:1:0:0, 1:0:0:0:0, 1:0:0:0:1, 2:0:1:0:1, 1:0:0:0:0, 1:0:0:0:1, 2:0:0:0:1, 3:1:0:0:6, 2:0:0:0:1, 4:0:0:0:3, 2:0:0:0:4, 3:0:0:0:4, 3:1:0:0:5, 3:0:0:0:2, 3:0:0:0:2, 1:0:0:0:1, 2:0:0:0:1, 0:0:0:0:0, 0:0:0:0:0, 2:0:0:0:2, 1:0:0:0:0, 2:0:0:0:1, 2:0:0:0:2, 2:0:0:0:1, 2:0:0:0:1, 1:0:0:0:1, 2:0:0:0:1, 2:0:0:0:1, 0:0:0:0:0, 1:0:0:0:1, 1:0:0:0:0, 3:0:0:0:3, 2:0:0:0:2, 1:0:0:0:1, 1:0:1:0:0, 1:0:0:0:0, 1:0:0:0:0, 1:0:0:0:0, 1:0:0:0:0, 0:0:0:0:0, 0:0:0:0:0, 2:0:0:0:1, 2:0:0:0:1, 2:0:0:0:1, 2:0:0:0:1, 2:0:0:0:0, 2:0:0:0:1, 2:0:0:0:0, 2:0:0:0:1, 0:0:0:0:0, 2:0:1:0:0, 2:0:0:0:2, 1:0:0:0:0, 1:0:0:0:1, 3:0:0:0:0, 3:1:0:0:5, 2:0:0:0:1, 2:0:0:0:2, 4:0:0:0:4, 2:0:0:0:4, 3:0:0:0:4, 3:0:1:0:3, 2:0:0:0:3, 2:0:0:0:1, 2:0:0:0:1, 1:0:0:0:1, 1:0:0:0:0, 4:1:0:0:2, 2:0:0:0:1, 1:0:0:0:1, 1:0:0:0:0, 2:0:0:0:1, 2:0:0:0:2, 0:0:0:0:0, 2:0:0:0:1, 1:0:0:0:1, 3:0:0:0:2, 2:0:0:0:1, 2:0:0:0:0, 3:1:0:0:4, 4:0:0:0:4, 1:0:0:0:1, 1:0:0:0:0, 0:0:0:0:0, 1:0:0:0:1, 1:0:0:0:1, 1:0:0:0:0, 0:0:0:0:0, 1:0:0:0:0, 2:0:0:0:2, 1:0:0:0:0, 0:0:0:0:0, 0:0:0:0:0, 0:0:0:0:0, 0:0:0:0:0, 0:0:0:0:0, 0:0:0:0:0, 0:0:0:0:0, 0:0:0:0:0, 0:0:0:0:0, 0:0:0:0:0, 495:16:23:2:322
E locrian (4#), 3:0:0:0:0, 2:1:0:0:1, 4:0:0:0:0, 3:0:0:0:0, 4:0:0:0:0, 3:1:0:0:1, 3:2:0:0:2, 3:3:1:0:3, 2:1:0:0:1, 3:2:0:0:2, 4:1:1:0:2, 2:2:0:0:2, 4:2:0:0:2, 3:1:0:0:1, 2:1:0:0:1, 2:1:0:0:1, 3:1:0:0:1, 2:2:0:0:2, 1:0:2:0:2, 2:1:0:0:1, 2:0:0:0:0, 2:0:0:0:0, 1:0:0:0:0, 1:0:0:0:0, 1:0:0:0:0, 1:0:0:0:0, 2:0:0:0:0, 2:0:0:0:0, 2:1:0:0:1, 3:1:0:0:1, 2:0:0:0:0, 3:0:0:0:0, 2:1:0:0:1, 3:0:0:0:0, 2:0:0:0:0, 2:0:0:0:0, 2:0:0:0:0, 3:0:0:0:0, 3:2:0:0:2, 4:1:0:0:1, 2:1:0:0:1, 3:1:0:0:1, 1:0:0:0:0, 0:0:0:0:0, 3:0:0:0:0, 3:3:0:0:3, 2:1:0:0:1, 3:1:0:0:1, 2:0:0:0:0, 2:0:0:0:0, 4:0:0:0:0, 5:0:0:0:0, 2:0:0:0:0, 3:1:0:0:1, 4:2:0:0:2, 3:2:0:0:2, 3:1:0:0:1, 2:1:0:0:1, 4:1:0:0:1, 3:1:1:0:2, 4:1:0:0:1, 2:1:0:0:1, 2:2:0:0:2, 3:1:0:0:1, 1:1:0:0:1, 4:2:0:0:2, 1:0:0:0:0, 1:0:2:0:2, 1:0:0:0:0, 1:0:0:0:0, 2:0:0:0:0, 0:0:0:0:0, 2:0:0:3:3, 2:1:0:0:1, 5:1:0:0:1, 3:1:0:0:1, 3:1:0:0:1, 3:2:0:0:2, 3:0:0:0:0, 3:1:0:0:1, 3:0:0:0:0, 2:1:0:0:1, 4:0:0:0:0, 3:1:0:0:1, 3:0:0:0:0, 2:0:0:0:0, 3:2:0:0:2, 3:2:0:0:2, 2:1:0:0:1, 3:1:0:0:1, 1:0:0:0:0, 0:0:0:0:0, 3:0:0:0:0, 3:3:0:0:3, 3:2:0:0:2, 3:2:0:0:2, 2:0:0:0:0, 4:1:0:0:1, 3:0:0:0:0, 4:0:0:0:0, 2:0:0:0:0, 2:0:0:0:0, 3:2:0:0:2, 4:1:1:0:2, 2:2:0:0:2, 3:1:0:0:1, 3:1:0:0:1, 3:1:1:0:2, 3:1:0:0:1, 2:1:0:0:1, 3:1:1:0:2, 3:1:0:0:1, 2:1:0:0:1, 5:3:0:0:3, 1:0:0:0:0, 2:0:1:0:1, 2:0:0:0:0, 2:0:0:0:0, 0:0:0:0:0, 1:0:0:0:0, 2:0:0:0:0, 2:1:0:0:1, 3:1:0:0:1, 3:0:0:0:0, 4:1:0:0:1, 4:1:0:0:1, 2:0:0:0:0, 2:1:0:0:1, 2:0:0:0:0, 2:0:0:0:0, 3:0:0:0:0, 4:0:0:0:0, 2:0:0:0:0, 3:1:0:0:1, 3:3:1:0:4, 4:2:0:0:2, 2:1:0:0:1, 2:1:0:0:1, 1:0:0:0:0, 1:0:0:0:0, 3:0:0:0:0, 3:4:2:0:4, 3:2:0:0:2, 3:1:0:0:1, 3:0:0:0:0, 3:1:0:0:1, 3:0:0:0:0, 2:0:0:0:0, 2:0:0:0:0, 2:1:0:0:1, 3:2:0:0:2, 2:2:0:0:2, 2:2:0:0:2, 3:1:0:0:1, 3:1:0:0:1, 4:1:0:0:1, 3:1:0:0:1, 2:1:0:0:1, 2:2:0:0:2, 3:1:0:0:1, 1:1:0:0:1, 4:2:0:0:2, 2:0:0:0:0, 2:0:0:0:0, 1:0:0:0:0, 1:0:0:0:0, 1:0:0:0:0, 0:0:0:0:0, 2:0:1:0:1, 2:0:0:0:0, 2:1:0:0:1, 3:1:0:0:1, 2:1:0:0:1, 3:1:0:0:1, 2:0:0:0:0, 3:0:0:0:0, 2:1:0:0:1, 3:0:0:0:0, 3:0:0:0:0, 3:0:0:0:0, 2:0:0:0:0, 2:0:0:0:0, 3:2:0:0:2, 4:2:0:0:2, 2:1:0:0:1, 3:1:0:0:1, 0:0:0:0:0, 0:0:0:0:0, 2:0:0:0:0, 3:3:1:0:3, 3:2:0:0:2, 2:1:0:0:1, 4:0:0:0:0, 3:1:0:0:1, 3:0:0:0:0, 2:0:0:0:0, 2:0:0:0:0, 2:1:0:0:1, 3:2:0:0:2, 2:2:0:0:2, 2:2:0:0:2, 3:1:0:0:1, 3:1:0:0:1, 4:1:0:0:1, 3:1:0:0:1, 1:1:0:0:1, 2:2:0:0:2, 3:1:0:0:1, 2:1:0:0:1, 4:2:0:0:2, 2:0:0:0:0, 2:0:0:0:0, 1:0:0:0:0, 0:0:0:0:0, 1:0:0:0:0, 0:0:0:0:0, 2:0:1:0:1, 2:0:0:0:0, 2:1:0:0:1, 3:1:0:0:1, 3:1:0:0:1, 3:1:0:0:1, 3:1:0:0:1, 3:0:0:0:0, 2:1:0:0:1, 3:0:0:0:0, 3:0:0:0:0, 3:0:0:0:0, 2:0:0:0:0, 3:1:0:0:1, 3:2:0:0:2, 4:2:0:0:2, 2:1:0:0:1, 3:1:0:0:1, 1:0:0:0:0, 0:0:0:0:0, 2:0:0:0:0, 3:3:1:0:3, 3:2:0:0:2, 3:1:0:0:1, 2:0:0:0:0, 4:1:0:0:1, 3:0:0:0:0, 3:0:0:0:0, 1:0:0:0:0, 3:0:0:0:0, 3:2:0:0:2, 3:2:0:0:2, 4:2:0:0:2, 4:1:1:0:2, 3:2:0:0:2, 4:1:0:0:1, 2:1:1:0:2, 2:1:0:0:1, 3:1:0:0:1, 4:1:0:0:1, 1:1:0:0:1, 5:2:0:0:2, 2:0:0:0:0, 2:0:0:0:0, 2:0:0:0:0, 1:0:0:0:0, 2:0:0:0:0, 1:0:0:0:0, 1:0:0:0:0, 2:0:0:0:0, 3:1:0:0:1, 2:0:0:0:0, 3:1:0:0:1, 3:2:0:0:2, 1:0:0:0:0, 2:0:0:0:0, 1:0:0:0:0, 4:1:0:0:1, 2:1:0:0:1, 3:0:0:0:0, 4:0:0:0:0, 3:1:0:0:1, 2:2:0:0:2, 3:1:0:0:1, 1:1:0:0:1, 3:2:0:0:2, 1:0:0:0:0, 0:0:0:0:0, 3:0:0:0:0, 3:3:0:0:3, 2:1:0:0:1, 1:0:0:0:0, 3:0:0:0:0, 3:3:0:0:3, 1:1:0:0:1, 2:0:0:0:0, 1:0:0:0:0, 3:3:0:0:3, 2:1:0:0:1, 2:1:0:0:1, 1:1:0:0:1, 1:0:0:0:0, 0:0:0:0:0, 0:0:0:0:0, 0:0:0:0:0, 0:0:0:0:0, 0:0:0:0:0, 0:0:0:0:0, 724:230:20:3:248
Db major (5b), 2:0:0:0:1, 2:0:0:0:1, 3:0:0:0:1, 2:0:0:0:1, 2:0:0:0:1, 1:0:0:0:1, 2:0:0:0:2, 2:0:1:0:1, 1:0:0:0:1, 1:0:0:0:1, 1:0:0:0:1, 1:0:0:0:1, 2:0:0:0:1, 1:0:0:0:1, 1:0:0:0:0, 1:0:0:0:2, 1:0:0:0:0, 1:0:0:0:1, 1:0:0:0:2, 5:0:0:0:2, 1:0:0:0:2, 3:1:0:0:5, 2:0:0:0:3, 3:0:2:0:2, 2:0:1:0:2, 2:0:0:0:5, 3:0:0:0:0, 4:0:1:0:2, 1:0:0:0:1, 1:0:1:0:0, 3:0:0:0:5, 2:0:0:0:1, 2:0:0:0:1, 3:0:0:0:2, 2:0:0:0:2, 1:0:0:0:1, 1:0:0:0:1, 2:0:0:0:2, 2:0:0:0:2, 1:0:0:0:0, 3:0:0:0:2, 1:0:1:0:0, 2:0:0:0:1, 1:0:0:0:3, 1:0:0:0:1, 1:0:0:0:0, 1:0:0:0:1, 2:0:0:0:2, 2:0:0:0:1, 4:0:0:0:2, 2:0:0:0:1, 3:0:0:0:1, 2:0:0:0:1, 1:0:0:0:1, 1:0:0:0:1, 2:0:0:0:1, 2:0:0:0:4, 2:0:0:0:2, 2:0:0:0:1, 1:0:0:0:1, 2:0:0:0:1, 0:0:0:0:0, 2:0:1:0:1, 0:0:0:0:0, 1:0:0:0:1, 1:0:0:0:1, 4:0:0:0:4, 1:0:0:0:1, 2:0:0:0:3, 2:1:0:0:4, 3:0:0:0:4, 2:0:2:0:1, 4:0:0:0:2, 1:0:0:0:4, 4:0:0:2:1, 3:0:0:0:2, 2:0:0:0:1, 1:0:0:0:1, 4:0:0:0:5, 2:0:0:0:2, 2:0:0:0:1, 2:0:0:0:1, 2:0:0:0:1, 2:0:0:0:1, 2:0:0:0:2, 2:0:0:0:2, 2:0:0:0:2, 2:0:0:0:2, 1:0:0:0:1, 0:0:0:0:0, 3:0:0:0:2, 1:0:0:0:2, 1:0:0:0:1, 1:0:0:0:0, 1:0:0:0:1, 2:0:0:0:1, 1:0:0:0:1, 1:0:0:0:2, 1:0:0:0:0, 2:1:0:0:3, 1:0:0:0:1, 2:0:0:0:1, 3:0:0:0:2, 1:0:0:0:1, 2:0:0:0:1, 1:0:1:0:0, 1:0:0:0:1, 1:0:0:0:1, 0:0:0:0:0, 1:0:0:0:1, 1:0:0:0:0, 1:0:0:0:1, 1:0:0:0:1, 2:0:0:0:0, 2:0:0:0:3, 1:0:0:0:1, 2:0:0:0:3, 2:0:0:0:3, 3:1:0:0:5, 3:0:0:0:3, 3:0:0:0:2, 4:0:0:0:4, 3:0:0:0:2, 2:0:0:0:1, 1:0:0:0:0, 1:0:0:0:1, 2:0:0:0:4, 2:0:0:0:2, 2:0:0:0:1, 4:0:0:0:2, 3:0:0:0:2, 4:0:0:0:2, 2:0:0:0:1, 1:0:0:0:1, 2:0:0:0:0, 1:0:0:0:1, 1:0:0:0:1, 0:0:0:0:0, 2:0:0:0:2, 2:0:0:0:2, 1:0:0:0:0, 1:0:2:0:0, 1:0:0:0:1, 3:0:0:0:2, 1:0:0:0:3, 2:0:0:0:1, 2:0:0:0:1, 2:0:0:0:3, 1:0:0:0:0, 1:0:0:0:1, 3:0:0:0:1, 1:0:0:0:2, 1:0:0:0:2, 1:0:1:0:0, 2:0:0:0:2, 2:0:1:0:2, 0:0:0:0:0, 0:0:0:0:0, 2:0:1:0:1, 0:0:0:0:0, 3:0:0:0:2, 1:0:0:0:1, 3:1:0:0:6, 3:0:0:0:2, 3:0:0:0:5, 2:0:0:0:3, 3:0:0:0:4, 3:1:0:0:5, 3:0:0:0:3, 3:0:0:0:5, 2:0:0:0:1, 3:0:0:0:3, 1:0:0:0:0, 0:0:0:0:0, 3:0:0:0:5, 2:0:0:0:1, 2:0:0:0:1, 3:0:0:0:2, 2:0:0:0:2, 3:0:0:0:3, 2:0:0:0:1, 1:0:0:0:1, 2:0:0:0:2, 1:0:0:0:0, 1:0:0:0:1, 0:0:0:0:0, 3:0:0:0:3, 1:0:0:0:2, 2:0:0:0:1, 1:0:1:0:0, 1:0:0:0:1, 1:0:0:0:0, 1:0:0:0:2, 2:0:0:0:1, 2:0:0:0:1, 2:0:0:0:3, 1:0:0:0:0, 1:0:0:0:1, 3:0:0:0:1, 1:0:0:0:2, 1:0:0:0:2, 1:0:1:0:0, 2:0:0:0:2, 2:0:1:0:2, 0:0:0:0:0, 1:0:0:0:1, 2:0:1:0:1, 0:0:0:0:0, 2:0:0:0:1, 1:0:0:0:1, 3:1:0:0:6, 3:0:0:0:1, 3:0:0:0:4, 2:0:0:0:4, 3:0:0:0:4, 3:1:0:0:5, 3:0:0:0:3, 3:0:0:0:5, 2:0:0:0:1, 3:0:0:0:3, 1:0:0:0:0, 0:0:0:0:0, 3:0:0:0:4, 2:0:0:0:1, 2:0:0:0:1, 3:0:0:0:2, 2:0:0:0:2, 3:0:0:0:3, 2:0:0:0:1, 1:0:0:0:1, 2:0:0:0:2, 1:0:0:0:0, 1:0:0:0:1, 0:0:0:0:0, 4:0:0:0:3, 1:0:0:0:2, 2:0:0:0:1, 1:0:1:0:0, 1:0:0:0:1, 2:0:0:0:1, 1:0:0:0:1, 1:0:0:0:2, 1:0:0:0:0, 1:0:0:0:0, 1:0:0:0:1, 2:0:0:0:2, 2:0:0:0:2, 2:0:0:0:2, 3:0:0:0:1, 1:0:0:0:1, 1:0:0:0:1, 2:0:0:0:2, 0:0:0:0:0, 1:0:1:0:0, 3:0:0:0:2, 1:0:0:0:1, 1:0:0:0:1, 2:0:0:0:0, 3:1:0:0:5, 3:0:0:0:1, 2:0:0:0:3, 4:0:0:0:5, 3:0:0:0:4, 3:0:0:0:4, 3:0:1:0:3, 3:0:0:0:6, 3:0:0:0:1, 3:0:0:0:1, 2:0:0:0:1, 1:0:0:0:2, 4:1:0:0:4, 3:0:0:0:2, 1:0:0:0:1, 2:0:0:0:2, 1:0:0:0:1, 3:0:0:0:2, 1:0:0:0:0, 1:0:0:0:1, 2:0:0:0:1, 3:0:0:0:3, 1:0:0:0:1, 2:0:0:0:1, 2:1:0:0:4, 3:0:0:0:4, 2:0:0:0:1, 1:0:0:0:1, 0:0:0:0:0, 1:0:0:0:1, 2:0:0:0:1, 1:0:0:0:1, 0:0:0:0:0, 2:0:0:0:0, 2:0:0:0:2, 1:0:0:0:1, 0:0:0:0:0, 0:0:0:0:0, 0:0:0:0:0, 0:0:0:0:0, 0:0:0:0:0, 0:0:0:0:0, 0:0:0:0:0, 0:0:0:0:0, 0:0:0:0:0, 0:0:0:0:0, 533:11:23:2:474
B major (5#), 3:0:0:0:0, 2:0:0:0:0, 4:0:0:0:0, 4:0:0:0:0, 4:0:0:0:0, 4:1:0:0:3, 3:1:0:0:1, 3:1:0:0:2, 2:1:0:0:1, 3:1:0:0:2, 3:1:1:0:2, 2:1:0:0:1, 3:2:0:0:2, 3:1:0:0:1, 2:1:0:0:1, 2:1:0:0:1, 3:1:0:0:2, 2:2:0:0:2, 1:0:2:0:2, 2:0:0:0:0, 2:0:0:0:0, 2:0:0:0:0, 2:0:0:0:0, 2:0:0:0:0, 2:0:0:0:0, 2:0:0:0:0, 2:0:0:0:1, 3:0:0:0:0, 3:1:0:0:1, 2:1:0:0:1, 3:0:0:0:0, 3:0:0:0:1, 2:0:0:0:0, 3:0:0:0:0, 2:0:0:0:0, 3:0:0:0:0, 2:0:0:0:0, 3:0:0:0:2, 3:1:0:0:1, 4:1:0:0:2, 3:1:0:0:1, 2:1:0:0:1, 0:0:0:0:0, 0:0:0:0:0, 3:0:0:0:2, 3:1:0:0:2, 3:1:0:0:1, 3:1:0:0:1, 1:0:0:0:0, 3:0:0:0:0, 4:0:0:0:0, 4:0:0:0:0, 2:0:0:0:0, 3:1:0:0:3, 4:1:0:0:1, 4:2:0:0:3, 3:1:0:0:1, 2:1:0:0:1, 3:1:0:0:2, 3:1:1:0:2, 3:1:0:0:2, 2:1:0:0:1, 2:1:0:0:1, 3:1:0:0:2, 1:1:0:0:1, 4:3:0:0:3, 1:0:0:0:0, 1:0:2:0:2, 2:0:0:0:0, 1:0:0:0:0, 3:0:0:0:0, 1:0:0:0:0, 3:0:0:3:3, 2:1:0:0:1, 5:0:0:0:0, 3:0:0:0:0, 3:1:0:0:1, 2:2:0:0:2, 4:0:0:0:0, 3:1:0:0:1, 3:0:0:0:0, 2:0:0:0:0, 4:0:0:0:1, 3:0:0:0:0, 2:0:0:0:0, 3:0:0:0:2, 3:1:0:0:1, 4:2:0:0:3, 2:1:0:0:1, 2:1:0:0:2, 1:0:0:0:0, 0:0:0:0:0, 3:0:0:0:2, 3:1:0:0:2, 3:1:0:0:1, 3:2:0:0:2, 2:0:0:0:0, 4:1:0:0:2, 3:0:0:0:0, 4:0:0:0:1, 2:0:0:0:0, 2:0:0:0:3, 3:1:0:0:1, 4:1:1:0:3, 2:2:0:0:2, 2:1:0:0:1, 4:1:0:0:1, 3:1:1:0:2, 2:1:0:0:1, 2:1:0:0:1, 3:1:1:0:1, 2:1:0:0:1, 2:1:0:0:2, 4:2:1:0:2, 1:0:0:0:0, 2:0:1:0:0, 2:0:0:0:0, 2:0:0:0:0, 1:0:0:0:0, 2:0:0:0:0, 3:0:0:0:0, 2:0:0:0:0, 3:0:0:0:0, 2:0:0:0:0, 4:1:0:0:2, 3:1:0:0:2, 3:0:0:0:0, 2:1:0:0:1, 1:0:0:0:0, 3:0:0:0:0, 4:0:0:0:0, 4:0:0:0:0, 2:0:0:0:0, 3:1:0:0:3, 3:1:1:0:1, 4:1:0:0:2, 2:1:0:0:1, 1:1:0:0:1, 0:0:0:0:0, 0:0:0:0:0, 3:0:0:0:2, 3:1:0:0:2, 3:2:0:0:2, 3:1:0:0:1, 3:0:0:0:0, 3:0:0:0:0, 3:0:0:0:0, 2:0:0:0:0, 2:0:0:0:0, 2:1:0:0:4, 3:1:0:0:1, 2:1:0:0:2, 2:2:0:0:2, 2:1:0:0:1, 4:1:0:0:2, 3:1:0:0:1, 2:1:0:0:1, 2:1:0:0:1, 2:1:0:0:1, 3:1:0:0:2, 2:1:0:0:1, 4:3:0:0:3, 1:0:0:0:0, 3:0:0:0:0, 2:0:0:0:0, 1:0:0:0:1, 2:0:0:0:0, 1:0:0:0:0, 3:0:1:0:1, 3:0:0:0:1, 2:0:0:0:0, 3:0:0:0:0, 2:1:0:0:1, 2:1:0:0:2, 3:0:0:0:0, 3:0:0:0:1, 2:0:0:0:0, 4:0:0:0:0, 4:0:0:0:0, 4:0:0:0:0, 2:0:0:0:0, 2:0:0:0:3, 3:1:0:0:1, 4:1:0:0:2, 2:1:0:0:1, 2:1:0:0:2, 1:0:0:0:0, 0:0:0:0:0, 2:0:0:0:2, 3:1:0:0:3, 3:2:0:0:2, 2:1:0:0:1, 4:0:0:0:0, 3:0:0:0:0, 3:0:0:0:0, 2:0:0:0:0, 2:0:0:0:0, 2:1:0:0:4, 3:1:0:0:1, 2:1:0:0:2, 2:2:0:0:2, 2:1:0:0:1, 4:1:0:0:2, 3:1:0:0:1, 2:1:0:0:1, 1:1:0:0:1, 2:1:0:0:1, 3:1:0:0:2, 2:1:0:0:1, 4:3:0:0:3, 1:0:0:0:0, 2:0:0:0:0, 2:0:0:0:0, 0:0:0:0:0, 2:0:0:0:0, 1:0:0:0:0, 3:0:1:0:1, 3:0:0:0:1, 2:0:0:0:0, 3:0:0:0:0, 3:1:0:0:1, 2:1:0:0:2, 3:0:0:0:0, 3:0:0:0:1, 2:0:0:0:0, 4:0:0:0:0, 4:0:0:0:0, 4:0:0:0:0, 2:0:0:0:0, 3:1:0:0:3, 3:1:0:0:1, 4:1:0:0:2, 2:1:0:0:1, 2:1:0:0:2, 2:0:0:0:0, 0:0:0:0:0, 2:0:0:0:2, 3:1:0:0:3, 3:2:0:0:2, 3:1:0:0:1, 2:0:0:0:0, 4:1:0:0:2, 3:0:0:0:1, 3:0:0:0:2, 1:0:0:0:0, 3:0:0:0:2, 3:1:0:0:1, 4:2:0:0:3, 4:2:0:0:2, 4:1:1:0:1, 2:2:0:0:2, 5:1:0:0:2, 2:1:1:0:2, 2:1:0:0:1, 4:1:0:0:1, 3:1:0:0:1, 1:1:0:0:1, 4:2:0:0:2, 1:0:0:0:0, 2:0:0:0:0, 2:0:0:0:0, 1:0:0:0:0, 3:0:0:0:1, 2:0:0:0:0, 2:0:0:0:0, 3:0:0:0:0, 3:0:0:0:0, 2:0:0:0:1, 4:1:0:0:1, 2:2:0:0:2, 2:0:0:0:0, 3:0:0:0:0, 1:0:0:0:0, 4:1:0:0:1, 2:0:0:0:0, 4:0:0:0:0, 3:0:0:0:0, 3:1:0:0:3, 2:1:0:0:1, 4:1:0:0:2, 2:1:0:0:1, 2:2:0:0:2, 0:0:0:0:0, 1:0:0:0:0, 4:0:0:0:2, 3:1:0:0:2, 1:1:0:0:1, 1:0:0:0:0, 4:0:0:0:2, 3:1:0:0:2, 1:1:0:0:1, 2:0:0:0:0, 2:0:0:0:3, 3:1:0:0:2, 1:1:0:0:1, 1:1:0:0:1, 1:1:0:0:1, 0:0:0:0:0, 0:0:0:0:0, 0:0:0:0:0, 0:0:0:0:0, 0:0:0:0:0, 0:0:0:0:0, 0:0:0:0:0, 746:169:16:3:284
Bb minor (5b), 2:0:0:0:1, 2:0:0:0:1, 3:0:0:0:1, 2:0:0:0:1, 2:0:0:0:1, 1:0:0:0:1, 2:0:0:0:2, 2:0:1:0:1, 1:0:0:0:1, 1:0:0:0:1, 1:0:0:0:1, 1:0:0:0:1, 2:0:0:0:1, 1:0:0:0:1, 1:0:0:0:0, 1:0:0:0:2, 1:0:0:0:0, 1:0:0:0:1, 1:0:0:0:2, 5:0:0:0:2, 1:0:0:0:2, 3:1:0:0:5, 2:0:0:0:3, 3:0:2:0:2, 2:0:1:0:2, 2:0:0:0:5, 3:0:0:0:0, 4:0:1:0:2, 1:0:0:0:1, 1:0:1:0:0, 3:0:0:0:5, 2:0:0:0:1, 2:0:0:0:1, 3:0:0:0:2, 2:0:0:0:2, 1:0:0:0:1, 1:0:0:0:1, 2:0:0:0:2, 2:0:0:0:2, 1:0:0:0:0, 3:0:0:0:2, 1:0:1:0:0, 2:0:0:0:1, 1:0:0:0:3, 1:0:0:0:1, 1:0:0:0:0, 1:0:0:0:1, 2:0:0:0:2, 2:0:0:0:1, 4:0:0:0:2, 2:0:0:0:1, 3:0:0:0:1, 2:0:0:0:1, 1:0:0:0:1, 1:0:0:0:1, 2:0:0:0:1, 2:0:0:0:4, 2:0:0:0:2, 2:0:0:0:1, 1:0:0:0:1, 2:0:0:0:1, 0:0:0:0:0, 2:0:1:0:1, 0:0:0:0:0, 1:0:0:0:1, 1:0:0:0:1, 4:0:0:0:4, 1:0:0:0:1, 2:0:0:0:3, 2:1:0:0:4, 3:0:0:0:4, 2:0:2:0:1, 4:0:0:0:2, 1:0:0:0:4, 4:0:0:2:1, 3:0:0:0:2, 2:0:0:0:1, 1:0:0:0:1, 4:0:0:0:5, 2:0:0:0:2, 2:0:0:0:1, 2:0:0:0:1, 2:0:0:0:1, 2:0:0:0:1, 2:0:0:0:2, 2:0:0:0:2, 2:0:0:0:2, 2:0:0:0:2, 1:0:0:0:1, 0:0:0:0:0, 3:0:0:0:2, 1:0:0:0:2, 1:0:0:0:1, 1:0:0:0:0, 1:0:0:0:1, 2:0:0:0:1, 1:0:0:0:1, 1:0:0:0:2, 1:0:0:0:0, 2:1:0:0:3, 1:0:0:0:1, 2:0:0:0:1, 3:0:0:0:2, 1:0:0:0:1, 2:0:0:0:1, 1:0:1:0:0, 1:0:0:0:1, 1:0:0:0:1, 0:0:0:0:0, 1:0:0:0:1, 1:0:0:0:0, 1:0:0:0:1, 1:0:0:0:1, 2:0:0:0:0, 2:0:0:0:3, 1:0:0:0:1, 2:0:0:0:3, 2:0:0:0:3, 3:1:0:0:5, 3:0:0:0:3, 3:0:0:0:2, 4:0:0:0:4, 3:0:0:0:2, 2:0:0:0:1, 1:0:0:0:0, 1:0:0:0:1, 2:0:0:0:4, 2:0:0:0:2, 2:0:0:0:1, 4:0:0:0:2, 3:0:0:0:2, 4:0:0:0:2, 2:0:0:0:1, 1:0:0:0:1, 2:0:0:0:0, 1:0:0:0:1, 1:0:0:0:1, 0:0:0:0:0, 2:0:0:0:2, 2:0:0:0:2, 1:0:0:0:0, 1:0:2:0:0, 1:0:0:0:1, 3:0:0:0:2, 1:0:0:0:3, 2:0:0:0:1, 2:0:0:0:1, 2:0:0:0:3, 1:0:0:0:0, 1:0:0:0:1, 3:0:0:0:1, 1:0:0:0:2, 1:0:0:0:2, 1:0:1:0:0, 2:0:0:0:2, 2:0:1:0:2, 0:0:0:0:0, 0:0:0:0:0, 2:0:1:0:1, 0:0:0:0:0, 3:0:0:0:2, 1:0:0:0:1, 3:1:0:0:6, 3:0:0:0:2, 3:0:0:0:5, 2:0:0:0:3, 3:0:0:0:4, 3:1:0:0:5, 3:0:0:0:3, 3:0:0:0:5, 2:0:0:0:1, 3:0:0:0:3, 1:0:0:0:0, 0:0:0:0:0, 3:0:0:0:5, 2:0:0:0:1, 2:0:0:0:1, 3:0:0:0:2, 2:0:0:0:2, 3:0:0:0:3, 2:0:0:0:1, 1:0:0:0:1, 2:0:0:0:2, 1:0:0:0:0, 1:0:0:0:1, 0:0:0:0:0, 3:0:0:0:3, 1:0:0:0:2, 2:0:0:0:1, 1:0:1:0:0, 1:0:0:0:1, 1:0:0:0:0, 1:0:0:0:2, 2:0:0:0:1, 2:0:0:0:1, 2:0:0:0:3, 1:0:0:0:0, 1:0:0:0:1, 3:0:0:0:1, 1:0:0:0:2, 1:0:0:0:2, 1:0:1:0:0, 2:0:0:0:2, 2:0:1:0:2, 0:0:0:0:0, 1:0:0:0:1, 2:0:1:0:1, 0:0:0:0:0, 2:0:0:0:1, 1:0:0:0:1, 3:1:0:0:6, 3:0:0:0:1, 3:0:0:0:4, 2:0:0:0:4, 3:0:0:0:4, 3:1:0:0:5, 3:0:0:0:3, 3:0:0:0:5, 2:0:0:0:1, 3:0:0:0:3, 1:0:0:0:0, 0:0:0:0:0, 3:0:0:0:4, 2:0:0:0:1, 2:0:0:0:1, 3:0:0:0:2, 2:0:0:0:2, 3:0:0:0:3, 2:0:0:0:1, 1:0:0:0:1, 2:0:0:0:2, 1:0:0:0:0, 1:0:0:0:1, 0:0:0:0:0, 4:0:0:0:3, 1:0:0:0:2, 2:0:0:0:1, 1:0:1:0:0, 1:0:0:0:1, 2:0:0:0:1, 1:0:0:0:1, 1:0:0:0:2, 1:0:0:0:0, 1:0:0:0:0, 1:0:0:0:1, 2:0:0:0:2, 2:0:0:0:2, 2:0:0:0:2, 3:0:0:0:1, 1:0:0:0:1, 1:0:0:0:1, 2:0:0:0:2, 0:0:0:0:0, 1:0:1:0:0, 3:0:0:0:2, 1:0:0:0:1, 1:0:0:0:1, 2:0:0:0:0, 3:1:0:0:5, 3:0:0:0:1, 2:0:0:0:3, 4:0:0:0:5, 3:0:0:0:4, 3:0:0:0:4, 3:0:1:0:3, 3:0:0:0:6, 3:0:0:0:1, 3:0:0:0:1, 2:0:0:0:1, 1:0:0:0:2, 4:1:0:0:4, 3:0:0:0:2, 1:0:0:0:1, 2:0:0:0:2, 1:0:0:0:1, 3:0:0:0:2, 1:0:0:0:0, 1:0:0:0:1, 2:0:0:0:1, 3:0:0:0:3, 1:0:0:0:1, 2:0:0:0:1, 2:1:0:0:4, 3:0:0:0:4, 2:0:0:0:1, 1:0:0:0:1, 0:0:0:0:0, 1:0:0:0:1, 2:0:0:0:1, 1:0:0:0:1, 0:0:0:0:0, 2:0:0:0:0, 2:0:0:0:2, 1:0:0:0:1, 0:0:0:0:0, 0:0:0:0:0, 0:0:0:0:0, 0:0:0:0:0, 0:0:0:0:0, 0:0:0:0:0, 0:0:0:0:0, 0:0:0:0:0, 0:0:0:0:0, 0:0:0:0:0, 533:11:23:2:474
G# minor (5#), 3:0:0:0:0, 2:0:0:0:0, 4:0:0:0:0, 4:0:0:0:0, 4:0:0:0:0, 4:1:0:0:3, 3:1:0:0:1, 3:1:0:0:2, 2:1:0:0:1, 3:1:0:0:2, 3:1:1:0:2, 2:1:0:0:1, 3:2:0:0:2, 3:1:0:0:1, 2:1:0:0:1, 2:1:0:0:1, 3:1:0:0:2, 2:2:0:0:2, 1:0:2:0:2, 2:0:0:0:0, 2:0:0:0:0, 2:0:0:0:0, 2:0:0:0:0, 2:0:0:0:0, 2:0:0:0:0, 2:0:0:0:0, 2:0:0:0:1, 3:0:0:0:0, 3:1:0:0:1, 2:1:0:0:1, 3:0:0:0:0, 3:0:0:0:1, 2:0:0:0:0, 3:0:0:0:0, 2:0:0:0:0, 3:0:0:0:0, 2:0:0:0:0, 3:0:0:0:2, 3:1:0:0:1, 4:1:0:0:2, 3:1:0:0:1, 2:1:0:0:1, 0:0:0:0:0, 0:0:0:0:0, 3:0:0:0:2, 3:1:0:0:2, 3:1:0:0:1, 3:1:0:0:1, 1:0:0:0:0, 3:0:0:0:0, 4:0:0:0:0, 4:0:0:0:0, 2:0:0:0:0, 3:1:0:0:3, 4:1:0:0:1, 4:2:0:0:3, 3:1:0:0:1, 2:1:0:0:1, 3:1:0:0:2, 3:1:1:0:2, 3:1:0:0:2, 2:1:0:0:1, 2:1:0:0:1, 3:1:0:0:2, 1:1:0:0:1, 4:3:0:0:3, 1:0:0:0:0, 1:0:2:0:2, 2:0:0:0:0, 1:0:0:0:0, 3:0:0:0:0, 1:0:0:0:0, 3:0:0:3:3, 2:1:0:0:1, 5:0:0:0:0, 3:0:0:0:0, 3:1:0:0:1, 2:2:0:0:2, 4:0:0:0:0, 3:1:0:0:1, 3:0:0:0:0, 2:0:0:0:0, 4:0:0:0:1, 3:0:0:0:0, 2:0:0:0:0, 3:0:0:0:2, 3:1:0:0:1, 4:2:0:0:3, 2:1:0:0:1, 2:1:0:0:2, 1:0:0:0:0, 0:0:0:0:0, 3:0:0:0:2, 3:1:0:0:2, 3:1:0:0:1, 3:2:0:0:2, 2:0:0:0:0, 4:1:0:0:2, 3:0:0:0:0, 4:0:0:0:1, 2:0:0:0:0, 2:0:0:0:3, 3:1:0:0:1, 4:1:1:0:3, 2:2:0:0:2, 2:1:0:0:1, 4:1:0:0:1, 3:1:1:0:2, 2:1:0:0:1, 2:1:0:0:1, 3:1:1:0:1, 2:1:0:0:1, 2:1:0:0:2, 4:2:1:0:2, 1:0:0:0:0, 2:0:1:0:0, 2:0:0:0:0, 2:0:0:0:0, 1:0:0:0:0, 2:0:0:0:0, 3:0:0:0:0, 2:0:0:0:0, 3:0:0:0:0, 2:0:0:0:0, 4:1:0:0:2, 3:1:0:0:2, 3:0:0:0:0, 2:1:0:0:1, 1:0:0:0:0, 3:0:0:0:0, 4:0:0:0:0, 4:0:0:0:0, 2:0:0:0:0, 3:1:0:0:3, 3:1:1:0:1, 4:1:0:0:2, 2:1:0:0:1, 1:1:0:0:1, 0:0:0:0:0, 0:0:0:0:0, 3:0:0:0:2, 3:1:0:0:2, 3:2:0:0:2, 3:1:0:0:1, 3:0:0:0:0, 3:0:0:0:0, 3:0:0:0:0, 2:0:0:0:0, 2:0:0:0:0, 2:1:0:0:4, 3:1:0:0:1, 2:1:0:0:2, 2:2:0:0:2, 2:1:0:0:1, 4:1:0:0:2, 3:1:0:0:1, 2:1:0:0:1, 2:1:0:0:1, 2:1:0:0:1, 3:1:0:0:2, 2:1:0:0:1, 4:3:0:0:3, 1:0:0:0:0, 3:0:0:0:0, 2:0:0:0:0, 1:0:0:0:1, 2:0:0:0:0, 1:0:0:0:0, 3:0:1:0:1, 3:0:0:0:1, 2:0:0:0:0, 3:0:0:0:0, 2:1:0:0:1, 2:1:0:0:2, 3:0:0:0:0, 3:0:0:0:1, 2:0:0:0:0, 4:0:0:0:0, 4:0:0:0:0, 4:0:0:0:0, 2:0:0:0:0, 2:0:0:0:3, 3:1:0:0:1, 4:1:0:0:2, 2:1:0:0:1, 2:1:0:0:2, 1:0:0:0:0, 0:0:0:0:0, 2:0:0:0:2, 3:1:0:0:3, 3:2:0:0:2, 2:1:0:0:1, 4:0:0:0:0, 3:0:0:0:0, 3:0:0:0:0, 2:0:0:0:0, 2:0:0:0:0, 2:1:0:0:4, 3:1:0:0:1, 2:1:0:0:2, 2:2:0:0:2, 2:1:0:0:1, 4:1:0:0:2, 3:1:0:0:1, 2:1:0:0:1, 1:1:0:0:1, 2:1:0:0:1, 3:1:0:0:2, 2:1:0:0:1, 4:3:0:0:3, 1:0:0:0:0, 2:0:0:0:0, 2:0:0:0:0, 0:0:0:0:0, 2:0:0:0:0, 1:0:0:0:0, 3:0:1:0:1, 3:0:0:0:1, 2:0:0:0:0, 3:0:0:0:0, 3:1:0:0:1, 2:1:0:0:2, 3:0:0:0:0, 3:0:0:0:1, 2:0:0:0:0, 4:0:0:0:0, 4:0:0:0:0, 4:0:0:0:0, 2:0:0:0:0, 3:1:0:0:3, 3:1:0:0:1, 4:1:0:0:2, 2:1:0:0:1, 2:1:0:0:2, 2:0:0:0:0, 0:0:0:0:0, 2:0:0:0:2, 3:1:0:0:3, 3:2:0:0:2, 3:1:0:0:1, 2:0:0:0:0, 4:1:0:0:2, 3:0:0:0:1, 3:0:0:0:2, 1:0:0:0:0, 3:0:0:0:2, 3:1:0:0:1, 4:2:0:0:3, 4:2:0:0:2, 4:1:1:0:1, 2:2:0:0:2, 5:1:0:0:2, 2:1:1:0:2, 2:1:0:0:1, 4:1:0:0:1, 3:1:0:0:1, 1:1:0:0:1, 4:2:0:0:2, 1:0:0:0:0, 2:0:0:0:0, 2:0:0:0:0, 1:0:0:0:0, 3:0:0:0:1, 2:0:0:0:0, 2:0:0:0:0, 3:0:0:0:0, 3:0:0:0:0, 2:0:0:0:1, 4:1:0:0:1, 2:2:0:0:2, 2:0:0:0:0, 3:0:0:0:0, 1:0:0:0:0, 4:1:0:0:1, 2:0:0:0:0, 4:0:0:0:0, 3:0:0:0:0, 3:1:0:0:3, 2:1:0:0:1, 4:1:0:0:2, 2:1:0:0:1, 2:2:0:0:2, 0:0:0:0:0, 1:0:0:0:0, 4:0:0:0:2, 3:1:0:0:2, 1:1:0:0:1, 1:0:0:0:0, 4:0:0:0:2, 3:1:0:0:2, 1:1:0:0:1, 2:0:0:0:0, 2:0:0:0:3, 3:1:0:0:2, 1:1:0:0:1, 1:1:0:0:1, 1:1:0:0:1, 0:0:0:0:0, 0:0:0:0:0, 0:0:0:0:0, 0:0:0:0:0, 0:0:0:0:0, 0:0:0:0:0, 0:0:0:0:0, 746:169:16:3:284
Bb minor mel (5b), 2:0:0:0:1, 2:0:0:0:1, 3:0:0:0:1, 2:0:0:0:1, 2:0:0:0:1, 1:0:0:0:1, 2:0:0:0:2, 2:0:1:0:1, 1:0:0:0:1, 1:0:0:0:1, 1:0:0:0:1, 1:0:0:0:1, 2:0:0:0:1, 1:0:0:0:1, 1:0:0:0:0, 1:0:0:0:2, 1:0:0:0:0, 1:0:0:0:1, 1:0:0:0:2, 5:0:0:0:2, 1:0:0:0:2, 3:1:0:0:5, 2:0:0:0:3, 3:0:2:0:2, 2:0:1:0:2, 2:0:0:0:5, 3:0:0:0:0, 4:0:1:0:2, 1:0:0:0:1, 1:0:1:0:0, 3:0:0:0:5, 2:0:0:0:1, 2:0:0:0:1, 3:0:0:0:2, 2:0:0:0:2, 1:0:0:0:1, 1:0:0:0:1, 2:0:0:0:2, 2:0:0:0:2, 1:0:0:0:0, 3:0:0:0:2, 1:0:1:0:0, 2:0:0:0:1, 1:0:0:0:3, 1:0:0:0:1, 1:0:0:0:0, 1:0:0:0:1, 2:0:0:0:2, 2:0:0:0:1, 4:0:0:0:2, 2:0:0:0:1, 3:0:0:0:1, 2:0:0:0:1, 1:0:0:0:1, 1:0:0:0:1, 2:0:0:0:1, 2:0:0:0:4, 2:0:0:0:2, 2:0:0:0:1, 1:0:0:0:1, 2:0:0:0:1, 0:0:0:0:0, 2:0:1:0:1, 0:0:0:0:0, 1:0:0:0:1, 1:0:0:0:1, 4:0:0:0:4, 1:0:0:0:1, 2:0:0:0:3, 2:1:0:0:4, 3:0:0:0:4, 2:0:2:0:1, 4:0:0:0:2, 1:0:0:0:4, 4:0:0:2:1, 3:0:0:0:2, 2:0:0:0:1, 1:0:0:0:1, 4:0:0:0:5, 2:0:0:0:2, 2:0:0:0:1, 2:0:0:0:1, 2:0:0:0:1, 2:0:0:0:1, 2:0:0:0:2, 2:0:0:0:2, 2:0:0:0:2, 2:0:0:0:2, 1:0:0:0:1, 0:0:0:0:0, 3:0:0:0:2, 1:0:0:0:2, 1:0:0:0:1, 1:0:0:0:0, 1:0:0:0:1, 2:0:0:0:1, 1:0:0:0:1, 1:0:0:0:2, 1:0:0:0:0, 2:1:0:0:3, 1:0:0:0:1, 2:0:0:0:1, 3:0:0:0:2, 1:0:0:0:1, 2:0:0:0:1, 1:0:1:0:0, 1:0:0:0:1, 1:0:0:0:1, 0:0:0:0:0, 1:0:0:0:1, 1:0:0:0:0, 1:0:0:0:1, 1:0:0:0:1, 2:0:0:0:0, 2:0:0:0:3, 1:0:0:0:1, 2:0:0:0:3, 2:0:0:0:3, 3:1:0:0:5, 3:0:0:0:3, 3:0:0:0:2, 4:0:0:0:4, 3:0:0:0:2, 2:0:0:0:1, 1:0:0:0:0, 1:0:0:0:1, 2:0:0:0:4, 2:0:0:0:2, 2:0:0:0:1, 4:0:0:0:2, 3:0:0:0:2, 4:0:0:0:2, 2:0:0:0:1, 1:0:0:0:1, 2:0:0:0:0, 1:0:0:0:1, 1:0:0:0:1, 0:0:0:0:0, 2:0:0:0:2, 2:0:0:0:2, 1:0:0:0:0, 1:0:2:0:0, 1:0:0:0:1, 3:0:0:0:2, 1:0:0:0:3, 2:0:0:0:1, 2:0:0:0:1, 2:0:0:0:3, 1:0:0:0:0, 1:0:0:0:1, 3:0:0:0:1, 1:0:0:0:2, 1:0:0:0:2, 1:0:1:0:0, 2:0:0:0:2, 2:0:1:0:2, 0:0:0:0:0, 0:0:0:0:0, 2:0:1:0:1, 0:0:0:0:0, 3:0:0:0:2, 1:0:0:0:1, 3:1:0:0:6, 3:0:0:0:2, 3:0:0:0:5, 2:0:0:0:3, 3:0:0:0:4, 3:1:0:0:5, 3:0:0:0:3, 3:0:0:0:5, 2:0:0:0:1, 3:0:0:0:3, 1:0:0:0:0, 0:0:0:0:0, 3:0:0:0:5, 2:0:0:0:1, 2:0:0:0:1, 3:0:0:0:2, 2:0:0:0:2, 3:0:0:0:3, 2:0:0:0:1, 1:0:0:0:1, 2:0:0:0:2, 1:0:0:0:0, 1:0:0:0:1, 0:0:0:0:0, 3:0:0:0:3, 1:0:0:0:2, 2:0:0:0:1, 1:0:1:0:0, 1:0:0:0:1, 1:0:0:0:0, 1:0:0:0:2, 2:0:0:0:1, 2:0:0:0:1, 2:0:0:0:3, 1:0:0:0:0, 1:0:0:0:1, 3:0:0:0:1, 1:0:0:0:2, 1:0:0:0:2, 1:0:1:0:0, 2:0:0:0:2, 2:0:1:0:2, 0:0:0:0:0, 1:0:0:0:1, 2:0:1:0:1, 0:0:0:0:0, 2:0:0:0:1, 1:0:0:0:1, 3:1:0:0:6, 3:0:0:0:1, 3:0:0:0:4, 2:0:0:0:4, 3:0:0:0:4, 3:1:0:0:5, 3:0:0:0:3, 3:0:0:0:5, 2:0:0:0:1, 3:0:0:0:3, 1:0:0:0:0, 0:0:0:0:0, 3:0:0:0:4, 2:0:0:0:1, 2:0:0:0:1, 3:0:0:0:2, 2:0:0:0:2, 3:0:0:0:3, 2:0:0:0:1, 1:0:0:0:1, 2:0:0:0:2, 1:0:0:0:0, 1:0:0:0:1, 0:0:0:0:0, 4:0:0:0:3, 1:0:0:0:2, 2:0:0:0:1, 1:0:1:0:0, 1:0:0:0:1, 2:0:0:0:1, 1:0:0:0:1, 1:0:0:0:2, 1:0:0:0:0, 1:0:0:0:0, 1:0:0:0:1, 2:0:0:0:2, 2:0:0:0:2, 2:0:0:0:2, 3:0:0:0:1, 1:0:0:0:1, 1:0:0:0:1, 2:0:0:0:2, 0:0:0:0:0, 1:0:1:0:0, 3:0:0:0:2, 1:0:0:0:1, 1:0:0:0:1, 2:0:0:0:0, 3:1:0:0:5, 3:0:0:0:1, 2:0:0:0:3, 4:0:0:0:5, 3:0:0:0:4, 3:0:0:0:4, 3:0:1:0:3, 3:0:0:0:6, 3:0:0:0:1, 3:0:0:0:1, 2:0:0:0:1, 1:0:0:0:2, 4:1:0:0:4, 3:0:0:0:2, 1:0:0:0:1, 2:0:0:0:2, 1:0:0:0:1, 3:0:0:0:2, 1:0:0:0:0, 1:0:0:0:1, 2:0:0:0:1, 3:0:0:0:3, 1:0:0:0:1, 2:0:0:0:1, 2:1:0:0:4, 3:0:0:0:4, 2:0:0:0:1, 1:0:0:0:1, 0:0:0:0:0, 1:0:0:0:1, 2:0:0:0:1, 1:0:0:0:1, 0:0:0:0:0, 2:0:0:0:0, 2:0:0:0:2, 1:0:0:0:1, 0:0:0:0:0, 0:0:0:0:0, 0:0:0:0:0, 0:0:0:0:0, 0:0:0:0:0, 0:0:0:0:0, 0:0:0:0:0, 0:0:0:0:0, 0:0:0:0:0, 0:0:0:0:0, 533:11:23:2:474
G# minor mel (5#), 3:0:0:0:0, 2:0:0:0:0, 4:0:0:0:0, 4:0:0:0:0, 4:0:0:0:0, 4:1:0:0:3, 3:1:0:0:1, 3:1:0:0:2, 2:1:0:0:1, 3:1:0:0:2, 3:1:1:0:2, 2:1:0:0:1, 3:2:0:0:2, 3:1:0:0:1, 2:1:0:0:1, 2:1:0:0:1, 3:1:0:0:2, 2:2:0:0:2, 1:0:2:0:2, 2:0:0:0:0, 2:0:0:0:0, 2:0:0:0:0, 2:0:0:0:0, 2:0:0:0:0, 2:0:0:0:0, 2:0:0:0:0, 2:0:0:0:1, 3:0:0:0:0, 3:1:0:0:1, 2:1:0:0:1, 3:0:0:0:0, 3:0:0:0:1, 2:0:0:0:0, 3:0:0:0:0, 2:0:0:0:0, 3:0:0:0:0, 2:0:0:0:0, 3:0:0:0:2, 3:1:0:0:1, 4:1:0:0:2, 3:1:0:0:1, 2:1:0:0:1, 0:0:0:0:0, 0:0:0:0:0, 3:0:0:0:2, 3:1:0:0:2, 3:1:0:0:1, 3:1:0:0:1, 1:0:0:0:0, 3:0:0:0:0, 4:0:0:0:0, 4:0:0:0:0, 2:0:0:0:0, 3:1:0:0:3, 4:1:0:0:1, 4:2:0:0:3, 3:1:0:0:1, 2:1:0:0:1, 3:1:0:0:2, 3:1:1:0:2, 3:1:0:0:2, 2:1:0:0:1, 2:1:0:0:1, 3:1:0:0:2, 1:1:0:0:1, 4:3:0:0:3, 1:0:0:0:0, 1:0:2:0:2, 2:0:0:0:0, 1:0:0:0:0, 3:0:0:0:0, 1:0:0:0:0, 3:0:0:3:3, 2:1:0:0:1, 5:0:0:0:0, 3:0:0:0:0, 3:1:0:0:1, 2:2:0:0:2, 4:0:0:0:0, 3:1:0:0:1, 3:0:0:0:0, 2:0:0:0:0, 4:0:0:0:1, 3:0:0:0:0, 2:0:0:0:0, 3:0:0:0:2, 3:1:0:0:1, 4:2:0:0:3, 2:1:0:0:1, 2:1:0:0:2, 1:0:0:0:0, 0:0:0:0:0, 3:0:0:0:2, 3:1:0:0:2, 3:1:0:0:1, 3:2:0:0:2, 2:0:0:0:0, 4:1:0:0:2, 3:0:0:0:0, 4:0:0:0:1, 2:0:0:0:0, 2:0:0:0:3, 3:1:0:0:1, 4:1:1:0:3, 2:2:0:0:2, 2:1:0:0:1, 4:1:0:0:1, 3:1:1:0:2, 2:1:0:0:1, 2:1:0:0:1, 3:1:1:0:1, 2:1:0:0:1, 2:1:0:0:2, 4:2:1:0:2, 1:0:0:0:0, 2:0:1:0:0, 2:0:0:0:0, 2:0:0:0:0, 1:0:0:0:0, 2:0:0:0:0, 3:0:0:0:0, 2:0:0:0:0, 3:0:0:0:0, 2:0:0:0:0, 4:1:0:0:2, 3:1:0:0:2, 3:0:0:0:0, 2:1:0:0:1, 1:0:0:0:0, 3:0:0:0:0, 4:0:0:0:0, 4:0:0:0:0, 2:0:0:0:0, 3:1:0:0:3, 3:1:1:0:1, 4:1:0:0:2, 2:1:0:0:1, 1:1:0:0:1, 0:0:0:0:0, 0:0:0:0:0, 3:0:0:0:2, 3:1:0:0:2, 3:2:0:0:2, 3:1:0:0:1, 3:0:0:0:0, 3:0:0:0:0, 3:0:0:0:0, 2:0:0:0:0, 2:0:0:0:0, 2:1:0:0:4, 3:1:0:0:1, 2:1:0:0:2, 2:2:0:0:2, 2:1:0:0:1, 4:1:0:0:2, 3:1:0:0:1, 2:1:0:0:1, 2:1:0:0:1, 2:1:0:0:1, 3:1:0:0:2, 2:1:0:0:1, 4:3:0:0:3, 1:0:0:0:0, 3:0:0:0:0, 2:0:0:0:0, 1:0:0:0:1, 2:0:0:0:0, 1:0:0:0:0, 3:0:1:0:1, 3:0:0:0:1, 2:0:0:0:0, 3:0:0:0:0, 2:1:0:0:1, 2:1:0:0:2, 3:0:0:0:0, 3:0:0:0:1, 2:0:0:0:0, 4:0:0:0:0, 4:0:0:0:0, 4:0:0:0:0, 2:0:0:0:0, 2:0:0:0:3, 3:1:0:0:1, 4:1:0:0:2, 2:1:0:0:1, 2:1:0:0:2, 1:0:0:0:0, 0:0:0:0:0, 2:0:0:0:2, 3:1:0:0:3, 3:2:0:0:2, 2:1:0:0:1, 4:0:0:0:0, 3:0:0:0:0, 3:0:0:0:0, 2:0:0:0:0, 2:0:0:0:0, 2:1:0:0:4, 3:1:0:0:1, 2:1:0:0:2, 2:2:0:0:2, 2:1:0:0:1, 4:1:0:0:2, 3:1:0:0:1, 2:1:0:0:1, 1:1:0:0:1, 2:1:0:0:1, 3:1:0:0:2, 2:1:0:0:1, 4:3:0:0:3, 1:0:0:0:0, 2:0:0:0:0, 2:0:0:0:0, 0:0:0:0:0, 2:0:0:0:0, 1:0:0:0:0, 3:0:1:0:1, 3:0:0:0:1, 2:0:0:0:0, 3:0:0:0:0, 3:1:0:0:1, 2:1:0:0:2, 3:0:0:0:0, 3:0:0:0:1, 2:0:0:0:0, 4:0:0:0:0, 4:0:0:0:0, 4:0:0:0:0, 2:0:0:0:0, 3:1:0:0:3, 3:1:0:0:1, 4:1:0:0:2, 2:1:0:0:1, 2:1:0:0:2, 2:0:0:0:0, 0:0:0:0:0, 2:0:0:0:2, 3:1:0:0:3, 3:2:0:0:2, 3:1:0:0:1, 2:0:0:0:0, 4:1:0:0:2, 3:0:0:0:1, 3:0:0:0:2, 1:0:0:0:0, 3:0:0:0:2, 3:1:0:0:1, 4:2:0:0:3, 4:2:0:0:2, 4:1:1:0:1, 2:2:0:0:2, 5:1:0:0:2, 2:1:1:0:2, 2:1:0:0:1, 4:1:0:0:1, 3:1:0:0:1, 1:1:0:0:1, 4:2:0:0:2, 1:0:0:0:0, 2:0:0:0:0, 2:0:0:0:0, 1:0:0:0:0, 3:0:0:0:1, 2:0:0:0:0, 2:0:0:0:0, 3:0:0:0:0, 3:0:0:0:0, 2:0:0:0:1, 4:1:0:0:1, 2:2:0:0:2, 2:0:0:0:0, 3:0:0:0:0, 1:0:0:0:0, 4:1:0:0:1, 2:0:0:0:0, 4:0:0:0:0, 3:0:0:0:0, 3:1:0:0:3, 2:1:0:0:1, 4:1:0:0:2, 2:1:0:0:1, 2:2:0:0:2, 0:0:0:0:0, 1:0:0:0:0, 4:0:0:0:2, 3:1:0:0:2, 1:1:0:0:1, 1:0:0:0:0, 4:0:0:0:2, 3:1:0:0:2, 1:1:0:0:1, 2:0:0:0:0, 2:0:0:0:3, 3:1:0:0:2, 1:1:0:0:1, 1:1:0:0:1, 1:1:0:0:1, 0:0:0:0:0, 0:0:0:0:0, 0:0:0:0:0, 0:0:0:0:0, 0:0:0:0:0, 0:0:0:0:0, 0:0:0:0:0, 746:169:16:3:284
Db major blues (5b), 2:0:0:0:1, 2:0:0:0:1, 3:0:0:0:1, 2:0:0:0:1, 2:0:0:0:1, 1:0:0:0:1, 2:0:0:0:2, 2:0:1:0:1, 1:0:0:0:1, 1:0:0:0:1, 1:0:0:0:1, 1:0:0:0:1, 2:0:0:0:1, 1:0:0:0:1, 1:0:0:0:0, 1:0:0:0:2, 1:0:0:0:0, 1:0:0:0:1, 1:0:0:0:2, 5:0:0:0:2, 1:0:0:0:2, 3:1:0:0:5, 2:0:0:0:3, 3:0:2:0:2, 2:0:1:0:2, 2:0:0:0:5, 3:0:0:0:0, 4:0:1:0:2, 1:0:0:0:1, 1:0:1:0:0, 3:0:0:0:5, 2:0:0:0:1, 2:0:0:0:1, 3:0:0:0:2, 2:0:0:0:2, 1:0:0:0:1, 1:0:0:0:1, 2:0:0:0:2, 2:0:0:0:2, 1:0:0:0:0, 3:0:0:0:2, 1:0:1:0:0, 2:0:0:0:1, 1:0:0:0:3, 1:0:0:0:1, 1:0:0:0:0, 1:0:0:0:1, 2:0:0:0:2, 2:0:0:0:1, 4:0:0:0:2, 2:0:0:0:1, 3:0:0:0:1, 2:0:0:0:1, 1:0:0:0:1, 1:0:0:0:1, 2:0:0:0:1, 2:0:0:0:4, 2:0:0:0:2, 2:0:0:0:1, 1:0:0:0:1, 2:0:0:0:1, 0:0:0:0:0, 2:0:1:0:1, 0:0:0:0:0, 1:0:0:0:1, 1:0:0:0:1, 4:0:0:0:4, 1:0:0:0:1, 2:0:0:0:3, 2:1:0:0:4, 3:0:0:0:4, 2:0:2:0:1, 4:0:0:0:2, 1:0:0:0:4, 4:0:0:2:1, 3:0:0:0:2, 2:0:0:0:1, 1:0:0:0:1, 4:0:0:0:5, 2:0:0:0:2, 2:0:0:0:1, 2:0:0:0:1, 2:0:0:0:1, 2:0:0:0:1, 2:0:0:0:2, 2:0:0:0:2, 2:0:0:0:2, 2:0:0:0:2, 1:0:0:0:1, 0:0:0:0:0, 3:0:0:0:2, 1:0:0:0:2, 1:0:0:0:1, 1:0:0:0:0, 1:0:0:0:1, 2:0:0:0:1, 1:0:0:0:1, 1:0:0:0:2, 1:0:0:0:0, 2:1:0:0:3, 1:0:0:0:1, 2:0:0:0:1, 3:0:0:0:2, 1:0:0:0:1, 2:0:0:0:1, 1:0:1:0:0, 1:0:0:0:1, 1:0:0:0:1, 0:0:0:0:0, 1:0:0:0:1, 1:0:0:0:0, 1:0:0:0:1, 1:0:0:0:1, 2:0:0:0:0, 2:0:0:0:3, 1:0:0:0:1, 2:0:0:0:3, 2:0:0:0:3, 3:1:0:0:5, 3:0:0:0:3, 3:0:0:0:2, 4:0:0:0:4, 3:0:0:0:2, 2:0:0:0:1, 1:0:0:0:0, 1:0:0:0:1, 2:0:0:0:4, 2:0:0:0:2, 2:0:0:0:1, 4:0:0:0:2, 3:0:0:0:2, 4:0:0:0:2, 2:0:0:0:1, 1:0:0:0:1, 2:0:0:0:0, 1:0:0:0:1, 1:0:0:0:1, 0:0:0:0:0, 2:0:0:0:2, 2:0:0:0:2, 1:0:0:0:0, 1:0:2:0:0, 1:0:0:0:1, 3:0:0:0:2, 1:0:0:0:3, 2:0:0:0:1, 2:0:0:0:1, 2:0:0:0:3, 1:0:0:0:0, 1:0:0:0:1, 3:0:0:0:1, 1:0:0:0:2, 1:0:0:0:2, 1:0:1:0:0, 2:0:0:0:2, 2:0:1:0:2, 0:0:0:0:0, 0:0:0:0:0, 2:0:1:0:1, 0:0:0:0:0, 3:0:0:0:2, 1:0:0:0:1, 3:1:0:0:6, 3:0:0:0:2, 3:0:0:0:5, 2:0:0:0:3, 3:0:0:0:4, 3:1:0:0:5, 3:0:0:0:3, 3:0:0:0:5, 2:0:0:0:1, 3:0:0:0:3, 1:0:0:0:0, 0:0:0:0:0, 3:0:0:0:5, 2:0:0:0:1, 2:0:0:0:1, 3:0:0:0:2, 2:0:0:0:2, 3:0:0:0:3, 2:0:0:0:1, 1:0:0:0:1, 2:0:0:0:2, 1:0:0:0:0, 1:0:0:0:1, 0:0:0:0:0, 3:0:0:0:3, 1:0:0:0:2, 2:0:0:0:1, 1:0:1:0:0, 1:0:0:0:1, 1:0:0:0:0, 1:0:0:0:2, 2:0:0:0:1, 2:0:0:0:1, 2:0:0:0:3, 1:0:0:0:0, 1:0:0:0:1, 3:0:0:0:1, 1:0:0:0:2, 1:0:0:0:2, 1:0:1:0:0, 2:0:0:0:2, 2:0:1:0:2, 0:0:0:0:0, 1:0:0:0:1, 2:0:1:0:1, 0:0:0:0:0, 2:0:0:0:1, 1:0:0:0:1, 3:1:0:0:6, 3:0:0:0:1, 3:0:0:0:4, 2:0:0:0:4, 3:0:0:0:4, 3:1:0:0:5, 3:0:0:0:3, 3:0:0:0:5, 2:0:0:0:1, 3:0:0:0:3, 1:0:0:0:0, 0:0:0:0:0, 3:0:0:0:4, 2:0:0:0:1, 2:0:0:0:1, 3:0:0:0:2, 2:0:0:0:2, 3:0:0:0:3, 2:0:0:0:1, 1:0:0:0:1, 2:0:0:0:2, 1:0:0:0:0, 1:0:0:0:1, 0:0:0:0:0, 4:0:0:0:3, 1:0:0:0:2, 2:0:0:0:1, 1:0:1:0:0, 1:0:0:0:1, 2:0:0:0:1, 1:0:0:0:1, 1:0:0:0:2, 1:0:0:0:0, 1:0:0:0:0, 1:0:0:0:1, 2:0:0:0:2, 2:0:0:0:2, 2:0:0:0:2, 3:0:0:0:1, 1:0:0:0:1, 1:0:0:0:1, 2:0:0:0:2, 0:0:0:0:0, 1:0:1:0:0, 3:0:0:0:2, 1:0:0:0:1, 1:0:0:0:1, 2:0:0:0:0, 3:1:0:0:5, 3:0:0:0:1, 2:0:0:0:3, 4:0:0:0:5, 3:0:0:0:4, 3:0:0:0:4, 3:0:1:0:3, 3:0:0:0:6, 3:0:0:0:1, 3:0:0:0:1, 2:0:0:0:1, 1:0:0:0:2, 4:1:0:0:4, 3:0:0:0:2, 1:0:0:0:1, 2:0:0:0:2, 1:0:0:0:1, 3:0:0:0:2, 1:0:0:0:0, 1:0:0:0:1, 2:0:0:0:1, 3:0:0:0:3, 1:0:0:0:1, 2:0:0:0:1, 2:1:0:0:4, 3:0:0:0:4, 2:0:0:0:1, 1:0:0:0:1, 0:0:0:0:0, 1:0:0:0:1, 2:0:0:0:1, 1:0:0:0:1, 0:0:0:0:0, 2:0:0:0:0, 2:0:0:0:2, 1:0:0:0:1, 0:0:0:0:0, 0:0:0:0:0, 0:0:0:0:0, 0:0:0:0:0, 0:0:0:0:0, 0:0:0:0:0, 0:0:0:0:0, 0:0:0:0:0, 0:0:0:0:0, 0:0:0:0:0, 533:11:23:2:474
B major blues (5#), 3:0:0:0:0, 2:0:0:0:0, 4:0:0:0:0, 4:0:0:0:0, 4:0:0:0:0, 4:1:0:0:3, 3:1:0:0:1, 3:1:0:0:2, 2:1:0:0:1, 3:1:0:0:2, 3:1:1:0:2, 2:1:0:0:1, 3:2:0:0:2, 3:1:0:0:1, 2:1:0:0:1, 2:1:0:0:1, 3:1:0:0:2, 2:2:0:0:2, 1:0:2:0:2, 2:0:0:0:0, 2:0:0:0:0, 2:0:0:0:0, 2:0:0:0:0, 2:0:0:0:0, 2:0:0:0:0, 2:0:0:0:0, 2:0:0:0:1, 3:0:0:0:0, 3:1:0:0:1, 2:1:0:0:1, 3:0:0:0:0, 3:0:0:0:1, 2:0:0:0:0, 3:0:0:0:0, 2:0:0:0:0, 3:0:0:0:0, 2:0:0:0:0, 3:0:0:0:2, 3:1:0:0:1, 4:1:0:0:2, 3:1:0:0:1, 2:1:0:0:1, 0:0:0:0:0, 0:0:0:0:0, 3:0:0:0:2, 3:1:0:0:2, 3:1:0:0:1, 3:1:0:0:1, 1:0:0:0:0, 3:0:0:0:0, 4:0:0:0:0, 4:0:0:0:0, 2:0:0:0:0, 3:1:0:0:3, 4:1:0:0:1, 4:2:0:0:3, 3:1:0:0:1, 2:1:0:0:1, 3:1:0:0:2, 3:1:1:0:2, 3:1:0:0:2, 2:1:0:0:1, 2:1:0:0:1, 3:1:0:0:2, 1:1:0:0:1, 4:3:0:0:3, 1:0:0:0:0, 1:0:2:0:2, 2:0:0:0:0, 1:0:0:0:0, 3:0:0:0:0, 1:0:0:0:0, 3:0:0:3:3, 2:1:0:0:1, 5:0:0:0:0, 3:0:0:0:0, 3:1:0:0:1, 2:2:0:0:2, 4:0:0:0:0, 3:1:0:0:1, 3:0:0:0:0, 2:0:0:0:0, 4:0:0:0:1, 3:0:0:0:0, 2:0:0:0:0, 3:0:0:0:2, 3:1:0:0:1, 4:2:0:0:3, 2:1:0:0:1, 2:1:0:0:2, 1:0:0:0:0, 0:0:0:0:0, 3:0:0:0:2, 3:1:0:0:2, 3:1:0:0:1, 3:2:0:0:2, 2:0:0:0:0, 4:1:0:0:2, 3:0:0:0:0, 4:0:0:0:1, 2:0:0:0:0, 2:0:0:0:3, 3:1:0:0:1, 4:1:1:0:3, 2:2:0:0:2, 2:1:0:0:1, 4:1:0:0:1, 3:1:1:0:2, 2:1:0:0:1, 2:1:0:0:1, 3:1:1:0:1, 2:1:0:0:1, 2:1:0:0:2, 4:2:1:0:2, 1:0:0:0:0, 2:0:1:0:0, 2:0:0:0:0, 2:0:0:0:0, 1:0:0:0:0, 2:0:0:0:0, 3:0:0:0:0, 2:0:0:0:0, 3:0:0:0:0, 2:0:0:0:0, 4:1:0:0:2, 3:1:0:0:2, 3:0:0:0:0, 2:1:0:0:1, 1:0:0:0:0, 3:0:0:0:0, 4:0:0:0:0, 4:0:0:0:0, 2:0:0:0:0, 3:1:0:0:3, 3:1:1:0:1, 4:1:0:0:2, 2:1:0:0:1, 1:1:0:0:1, 0:0:0:0:0, 0:0:0:0:0, 3:0:0:0:2, 3:1:0:0:2, 3:2:0:0:2, 3:1:0:0:1, 3:0:0:0:0, 3:0:0:0:0, 3:0:0:0:0, 2:0:0:0:0, 2:0:0:0:0, 2:1:0:0:4, 3:1:0:0:1, 2:1:0:0:2, 2:2:0:0:2, 2:1:0:0:1, 4:1:0:0:2, 3:1:0:0:1, 2:1:0:0:1, 2:1:0:0:1, 2:1:0:0:1, 3:1:0:0:2, 2:1:0:0:1, 4:3:0:0:3, 1:0:0:0:0, 3:0:0:0:0, 2:0:0:0:0, 1:0:0:0:1, 2:0:0:0:0, 1:0:0:0:0, 3:0:1:0:1, 3:0:0:0:1, 2:0:0:0:0, 3:0:0:0:0, 2:1:0:0:1, 2:1:0:0:2, 3:0:0:0:0, 3:0:0:0:1, 2:0:0:0:0, 4:0:0:0:0, 4:0:0:0:0, 4:0:0:0:0, 2:0:0:0:0, 2:0:0:0:3, 3:1:0:0:1, 4:1:0:0:2, 2:1:0:0:1, 2:1:0:0:2, 1:0:0:0:0, 0:0:0:0:0, 2:0:0:0:2, 3:1:0:0:3, 3:2:0:0:2, 2:1:0:0:1, 4:0:0:0:0, 3:0:0:0:0, 3:0:0:0:0, 2:0:0:0:0, 2:0:0:0:0, 2:1:0:0:4, 3:1:0:0:1, 2:1:0:0:2, 2:2:0:0:2, 2:1:0:0:1, 4:1:0:0:2, 3:1:0:0:1, 2:1:0:0:1, 1:1:0:0:1, 2:1:0:0:1, 3:1:0:0:2, 2:1:0:0:1, 4:3:0:0:3, 1:0:0:0:0, 2:0:0:0:0, 2:0:0:0:0, 0:0:0:0:0, 2:0:0:0:0, 1:0:0:0:0, 3:0:1:0:1, 3:0:0:0:1, 2:0:0:0:0, 3:0:0:0:0, 3:1:0:0:1, 2:1:0:0:2, 3:0:0:0:0, 3:0:0:0:1, 2:0:0:0:0, 4:0:0:0:0, 4:0:0:0:0, 4:0:0:0:0, 2:0:0:0:0, 3:1:0:0:3, 3:1:0:0:1, 4:1:0:0:2, 2:1:0:0:1, 2:1:0:0:2, 2:0:0:0:0, 0:0:0:0:0, 2:0:0:0:2, 3:1:0:0:3, 3:2:0:0:2, 3:1:0:0:1, 2:0:0:0:0, 4:1:0:0:2, 3:0:0:0:1, 3:0:0:0:2, 1:0:0:0:0, 3:0:0:0:2, 3:1:0:0:1, 4:2:0:0:3, 4:2:0:0:2, 4:1:1:0:1, 2:2:0:0:2, 5:1:0:0:2, 2:1:1:0:2, 2:1:0:0:1, 4:1:0:0:1, 3:1:0:0:1, 1:1:0:0:1, 4:2:0:0:2, 1:0:0:0:0, 2:0:0:0:0, 2:0:0:0:0, 1:0:0:0:0, 3:0:0:0:1, 2:0:0:0:0, 2:0:0:0:0, 3:0:0:0:0, 3:0:0:0:0, 2:0:0:0:1, 4:1:0:0:1, 2:2:0:0:2, 2:0:0:0:0, 3:0:0:0:0, 1:0:0:0:0, 4:1:0:0:1, 2:0:0:0:0, 4:0:0:0:0, 3:0:0:0:0, 3:1:0:0:3, 2:1:0:0:1, 4:1:0:0:2, 2:1:0:0:1, 2:2:0:0:2, 0:0:0:0:0, 1:0:0:0:0, 4:0:0:0:2, 3:1:0:0:2, 1:1:0:0:1, 1:0:0:0:0, 4:0:0:0:2, 3:1:0:0:2, 1:1:0:0:1, 2:0:0:0:0, 2:0:0:0:3, 3:1:0:0:2, 1:1:0:0:1, 1:1:0:0:1, 1:1:0:0:1, 0:0:0:0:0, 0:0:0:0:0, 0:0:0:0:0, 0:0:0:0:0, 0:0:0:0:0, 0:0:0:0:0, 0:0:0:0:0, 746:169:16:3:284
Bb minor blues (5b), 2:0:0:0:1, 2:0:0:0:1, 3:0:0:0:1, 2:0:0:0:1, 2:0:0:0:1, 1:0:0:0:1, 2:0:0:0:2, 2:0:1:0:1, 1:0:0:0:1, 1:0:0:0:1, 1:0:0:0:1, 1:0:0:0:1, 2:0:0:0:1, 1:0:0:0:1, 1:0:0:0:0, 1:0:0:0:2, 1:0:0:0:0, 1:0:0:0:1, 1:0:0:0:2, 5:0:0:0:2, 1:0:0:0:2, 3:1:0:0:5, 2:0:0:0:3, 3:0:2:0:2, 2:0:1:0:2, 2:0:0:0:5, 3:0:0:0:0, 4:0:1:0:2, 1:0:0:0:1, 1:0:1:0:0, 3:0:0:0:5, 2:0:0:0:1, 2:0:0:0:1, 3:0:0:0:2, 2:0:0:0:2, 1:0:0:0:1, 1:0:0:0:1, 2:0:0:0:2, 2:0:0:0:2, 1:0:0:0:0, 3:0:0:0:2, 1:0:1:0:0, 2:0:0:0:1, 1:0:0:0:3, 1:0:0:0:1, 1:0:0:0:0, 1:0:0:0:1, 2:0:0:0:2, 2:0:0:0:1, 4:0:0:0:2, 2:0:0:0:1, 3:0:0:0:1, 2:0:0:0:1, 1:0:0:0:1, 1:0:0:0:1, 2:0:0:0:1, 2:0:0:0:4, 2:0:0:0:2, 2:0:0:0:1, 1:0:0:0:1, 2:0:0:0:1, 0:0:0:0:0, 2:0:1:0:1, 0:0:0:0:0, 1:0:0:0:1, 1:0:0:0:1, 4:0:0:0:4, 1:0:0:0:1, 2:0:0:0:3, 2:1:0:0:4, 3:0:0:0:4, 2:0:2:0:1, 4:0:0:0:2, 1:0:0:0:4, 4:0:0:2:1, 3:0:0:0:2, 2:0:0:0:1, 1:0:0:0:1, 4:0:0:0:5, 2:0:0:0:2, 2:0:0:0:1, 2:0:0:0:1, 2:0:0:0:1, 2:0:0:0:1, 2:0:0:0:2, 2:0:0:0:2, 2:0:0:0:2, 2:0:0:0:2, 1:0:0:0:1, 0:0:0:0:0, 3:0:0:0:2, 1:0:0:0:2, 1:0:0:0:1, 1:0:0:0:0, 1:0:0:0:1, 2:0:0:0:1, 1:0:0:0:1, 1:0:0:0:2, 1:0:0:0:0, 2:1:0:0:3, 1:0:0:0:1, 2:0:0:0:1, 3:0:0:0:2, 1:0:0:0:1, 2:0:0:0:1, 1:0:1:0:0, 1:0:0:0:1, 1:0:0:0:1, 0:0:0:0:0, 1:0:0:0:1, 1:0:0:0:0, 1:0:0:0:1, 1:0:0:0:1, 2:0:0:0:0, 2:0:0:0:3, 1:0:0:0:1, 2:0:0:0:3, 2:0:0:0:3, 3:1:0:0:5, 3:0:0:0:3, 3:0:0:0:2, 4:0:0:0:4, 3:0:0:0:2, 2:0:0:0:1, 1:0:0:0:0, 1:0:0:0:1, 2:0:0:0:4, 2:0:0:0:2, 2:0:0:0:1, 4:0:0:0:2, 3:0:0:0:2, 4:0:0:0:2, 2:0:0:0:1, 1:0:0:0:1, 2:0:0:0:0, 1:0:0:0:1, 1:0:0:0:1, 0:0:0:0:0, 2:0:0:0:2, 2:0:0:0:2, 1:0:0:0:0, 1:0:2:0:0, 1:0:0:0:1, 3:0:0:0:2, 1:0:0:0:3, 2:0:0:0:1, 2:0:0:0:1, 2:0:0:0:3, 1:0:0:0:0, 1:0:0:0:1, 3:0:0:0:1, 1:0:0:0:2, 1:0:0:0:2, 1:0:1:0:0, 2:0:0:0:2, 2:0:1:0:2, 0:0:0:0:0, 0:0:0:0:0, 2:0:1:0:1, 0:0:0:0:0, 3:0:0:0:2, 1:0:0:0:1, 3:1:0:0:6, 3:0:0:0:2, 3:0:0:0:5, 2:0:0:0:3, 3:0:0:0:4, 3:1:0:0:5, 3:0:0:0:3, 3:0:0:0:5, 2:0:0:0:1, 3:0:0:0:3, 1:0:0:0:0, 0:0:0:0:0, 3:0:0:0:5, 2:0:0:0:1, 2:0:0:0:1, 3:0:0:0:2, 2:0:0:0:2, 3:0:0:0:3, 2:0:0:0:1, 1:0:0:0:1, 2:0:0:0:2, 1:0:0:0:0, 1:0:0:0:1, 0:0:0:0:0, 3:0:0:0:3, 1:0:0:0:2, 2:0:0:0:1, 1:0:1:0:0, 1:0:0:0:1, 1:0:0:0:0, 1:0:0:0:2, 2:0:0:0:1, 2:0:0:0:1, 2:0:0:0:3, 1:0:0:0:0, 1:0:0:0:1, 3:0:0:0:1, 1:0:0:0:2, 1:0:0:0:2, 1:0:1:0:0, 2:0:0:0:2, 2:0:1:0:2, 0:0:0:0:0, 1:0:0:0:1, 2:0:1:0:1, 0:0:0:0:0, 2:0:0:0:1, 1:0:0:0:1, 3:1:0:0:6, 3:0:0:0:1, 3:0:0:0:4, 2:0:0:0:4, 3:0:0:0:4, 3:1:0:0:5, 3:0:0:0:3, 3:0:0:0:5, 2:0:0:0:1, 3:0:0:0:3, 1:0:0:0:0, 0:0:0:0:0, 3:0:0:0:4, 2:0:0:0:1, 2:0:0:0:1, 3:0:0:0:2, 2:0:0:0:2, 3:0:0:0:3, 2:0:0:0:1, 1:0:0:0:1, 2:0:0:0:2, 1:0:0:0:0, 1:0:0:0:1, 0:0:0:0:0, 4:0:0:0:3, 1:0:0:0:2, 2:0:0:0:1, 1:0:1:0:0, 1:0:0:0:1, 2:0:0:0:1, 1:0:0:0:1, 1:0:0:0:2, 1:0:0:0:0, 1:0:0:0:0, 1:0:0:0:1, 2:0:0:0:2, 2:0:0:0:2, 2:0:0:0:2, 3:0:0:0:1, 1:0:0:0:1, 1:0:0:0:1, 2:0:0:0:2, 0:0:0:0:0, 1:0:1:0:0, 3:0:0:0:2, 1:0:0:0:1, 1:0:0:0:1, 2:0:0:0:0, 3:1:0:0:5, 3:0:0:0:1, 2:0:0:0:3, 4:0:0:0:5, 3:0:0:0:4, 3:0:0:0:4, 3:0:1:0:3, 3:0:0:0:6, 3:0:0:0:1, 3:0:0:0:1, 2:0:0:0:1, 1:0:0:0:2, 4:1:0:0:4, 3:0:0:0:2, 1:0:0:0:1, 2:0:0:0:2, 1:0:0:0:1, 3:0:0:0:2, 1:0:0:0:0, 1:0:0:0:1, 2:0:0:0:1, 3:0:0:0:3, 1:0:0:0:1, 2:0:0:0:1, 2:1:0:0:4, 3:0:0:0:4, 2:0:0:0:1, 1:0:0:0:1, 0:0:0:0:0, 1:0:0:0:1, 2:0:0:0:1, 1:0:0:0:1, 0:0:0:0:0, 2:0:0:0:0, 2:0:0:0:2, 1:0:0:0:1, 0:0:0:0:0, 0:0:0:0:0, 0:0:0:0:0, 0:0:0:0:0, 0:0:0:0:0, 0:0:0:0:0, 0:0:0:0:0, 0:0:0:0:0, 0:0:0:0:0, 0:0:0:0:0, 533:11:23:2:474
G# minor blues (5#), 3:0:0:0:0, 2:0:0:0:0, 4:0:0:0:0, 4:0:0:0:0, 4:0:0:0:0, 4:1:0:0:3, 3:1:0:0:1, 3:1:0:0:2, 2:1:0:0:1, 3:1:0:0:2, 3:1:1:0:2, 2:1:0:0:1, 3:2:0:0:2, 3:1:0:0:1, 2:1:0:0:1, 2:1:0:0:1, 3:1:0:0:2, 2:2:0:0:2, 1:0:2:0:2, 2:0:0:0:0, 2:0:0:0:0, 2:0:0:0:0, 2:0:0:0:0, 2:0:0:0:0, 2:0:0:0:0, 2:0:0:0:0, 2:0:0:0:1, 3:0:0:0:0, 3:1:0:0:1, 2:1:0:0:1, 3:0:0:0:0, 3:0:0:0:1, 2:0:0:0:0, 3:0:0:0:0, 2:0:0:0:0, 3:0:0:0:0, 2:0:0:0:0, 3:0:0:0:2, 3:1:0:0:1, 4:1:0:0:2, 3:1:0:0:1, 2:1:0:0:1, 0:0:0:0:0, 0:0:0:0:0, 3:0:0:0:2, 3:1:0:0:2, 3:1:0:0:1, 3:1:0:0:1, 1:0:0:0:0, 3:0:0:0:0, 4:0:0:0:0, 4:0:0:0:0, 2:0:0:0:0, 3:1:0:0:3, 4:1:0:0:1, 4:2:0:0:3, 3:1:0:0:1, 2:1:0:0:1, 3:1:0:0:2, 3:1:1:0:2, 3:1:0:0:2, 2:1:0:0:1, 2:1:0:0:1, 3:1:0:0:2, 1:1:0:0:1, 4:3:0:0:3, 1:0:0:0:0, 1:0:2:0:2, 2:0:0:0:0, 1:0:0:0:0, 3:0:0:0:0, 1:0:0:0:0, 3:0:0:3:3, 2:1:0:0:1, 5:0:0:0:0, 3:0:0:0:0, 3:1:0:0:1, 2:2:0:0:2, 4:0:0:0:0, 3:1:0:0:1, 3:0:0:0:0, 2:0:0:0:0, 4:0:0:0:1, 3:0:0:0:0, 2:0:0:0:0, 3:0:0:0:2, 3:1:0:0:1, 4:2:0:0:3, 2:1:0:0:1, 2:1:0:0:2, 1:0:0:0:0, 0:0:0:0:0, 3:0:0:0:2, 3:1:0:0:2, 3:1:0:0:1, 3:2:0:0:2, 2:0:0:0:0, 4:1:0:0:2, 3:0:0:0:0, 4:0:0:0:1, 2:0:0:0:0, 2:0:0:0:3, 3:1:0:0:1, 4:1:1:0:3, 2:2:0:0:2, 2:1:0:0:1, 4:1:0:0:1, 3:1:1:0:2, 2:1:0:0:1, 2:1:0:0:1, 3:1:1:0:1, 2:1:0:0:1, 2:1:0:0:2, 4:2:1:0:2, 1:0:0:0:0, 2:0:1:0:0, 2:0:0:0:0, 2:0:0:0:0, 1:0:0:0:0, 2:0:0:0:0, 3:0:0:0:0, 2:0:0:0:0, 3:0:0:0:0, 2:0:0:0:0, 4:1:0:0:2, 3:1:0:0:2, 3:0:0:0:0, 2:1:0:0:1, 1:0:0:0:0, 3:0:0:0:0, 4:0:0:0:0, 4:0:0:0:0, 2:0:0:0:0, 3:1:0:0:3, 3:1:1:0:1, 4:1:0:0:2, 2:1:0:0:1, 1:1:0:0:1, 0:0:0:0:0, 0:0:0:0:0, 3:0:0:0:2, 3:1:0:0:2, 3:2:0:0:2, 3:1:0:0:1, 3:0:0:0:0, 3:0:0:0:0, 3:0:0:0:0, 2:0:0:0:0, 2:0:0:0:0, 2:1:0:0:4, 3:1:0:0:1, 2:1:0:0:2, 2:2:0:0:2, 2:1:0:0:1, 4:1:0:0:2, 3:1:0:0:1, 2:1:0:0:1, 2:1:0:0:1, 2:1:0:0:1, 3:1:0:0:2, 2:1:0:0:1, 4:3:0:0:3, 1:0:0:0:0, 3:0:0:0:0, 2:0:0:0:0, 1:0:0:0:1, 2:0:0:0:0, 1:0:0:0:0, 3:0:1:0:1, 3:0:0:0:1, 2:0:0:0:0, 3:0:0:0:0, 2:1:0:0:1, 2:1:0:0:2, 3:0:0:0:0, 3:0:0:0:1, 2:0:0:0:0, 4:0:0:0:0, 4:0:0:0:0, 4:0:0:0:0, 2:0:0:0:0, 2:0:0:0:3, 3:1:0:0:1, 4:1:0:0:2, 2:1:0:0:1, 2:1:0:0:2, 1:0:0:0:0, 0:0:0:0:0, 2:0:0:0:2, 3:1:0:0:3, 3:2:0:0:2, 2:1:0:0:1, 4:0:0:0:0, 3:0:0:0:0, 3:0:0:0:0, 2:0:0:0:0, 2:0:0:0:0, 2:1:0:0:4, 3:1:0:0:1, 2:1:0:0:2, 2:2:0:0:2, 2:1:0:0:1, 4:1:0:0:2, 3:1:0:0:1, 2:1:0:0:1, 1:1:0:0:1, 2:1:0:0:1, 3:1:0:0:2, 2:1:0:0:1, 4:3:0:0:3, 1:0:0:0:0, 2:0:0:0:0, 2:0:0:0:0, 0:0:0:0:0, 2:0:0:0:0, 1:0:0:0:0, 3:0:1:0:1, 3:0:0:0:1, 2:0:0:0:0, 3:0:0:0:0, 3:1:0:0:1, 2:1:0:0:2, 3:0:0:0:0, 3:0:0:0:1, 2:0:0:0:0, 4:0:0:0:0, 4:0:0:0:0, 4:0:0:0:0, 2:0:0:0:0, 3:1:0:0:3, 3:1:0:0:1, 4:1:0:0:2, 2:1:0:0:1, 2:1:0:0:2, 2:0:0:0:0, 0:0:0:0:0, 2:0:0:0:2, 3:1:0:0:3, 3:2:0:0:2, 3:1:0:0:1, 2:0:0:0:0, 4:1:0:0:2, 3:0:0:0:1, 3:0:0:0:2, 1:0:0:0:0, 3:0:0:0:2, 3:1:0:0:1, 4:2:0:0:3, 4:2:0:0:2, 4:1:1:0:1, 2:2:0:0:2, 5:1:0:0:2, 2:1:1:0:2, 2:1:0:0:1, 4:1:0:0:1, 3:1:0:0:1, 1:1:0:0:1, 4:2:0:0:2, 1:0:0:0:0, 2:0:0:0:0, 2:0:0:0:0, 1:0:0:0:0, 3:0:0:0:1, 2:0:0:0:0, 2:0:0:0:0, 3:0:0:0:0, 3:0:0:0:0, 2:0:0:0:1, 4:1:0:0:1, 2:2:0:0:2, 2:0:0:0:0, 3:0:0:0:0, 1:0:0:0:0, 4:1:0:0:1, 2:0:0:0:0, 4:0:0:0:0, 3:0:0:0:0, 3:1:0:0:3, 2:1:0:0:1, 4:1:0:0:2, 2:1:0:0:1, 2:2:0:0:2, 0:0:0:0:0, 1:0:0:0:0, 4:0:0:0:2, 3:1:0:0:2, 1:1:0:0:1, 1:0:0:0:0, 4:0:0:0:2, 3:1:0:0:2, 1:1:0:0:1, 2:0:0:0:0, 2:0:0:0:3, 3:1:0:0:2, 1:1:0:0:1, 1:1:0:0:1, 1:1:0:0:1, 0:0:0:0:0, 0:0:0:0:0, 0:0:0:0:0, 0:0:0:0:0, 0:0:0:0:0, 0:0:0:0:0, 0:0:0:0:0, 746:169:16:3:284
Db dorian (5b), 2:0:0:0:1, 2:0:0:0:1, 3:0:0:0:1, 2:0:0:0:1, 2:0:0:0:1, 1:0:0:0:1, 2:0:0:0:2, 2:0:1:0:1, 1:0:0:0:1, 1:0:0:0:1, 1:0:0:0:1, 1:0:0:0:1, 2:0:0:0:1, 1:0:0:0:1, 1:0:0:0:0, 1:0:0:0:2, 1:0:0:0:0, 1:0:0:0:1, 1:0:0:0:2, 5:0:0:0:2, 1:0:0:0:2, 3:1:0:0:5, 2:0:0:0:3, 3:0:2:0:2, 2:0:1:0:2, 2:0:0:0:5, 3:0:0:0:0, 4:0:1:0:2, 1:0:0:0:1, 1:0:1:0:0, 3:0:0:0:5, 2:0:0:0:1, 2:0:0:0:1, 3:0:0:0:2, 2:0:0:0:2, 1:0:0:0:1, 1:0:0:0:1, 2:0:0:0:2, 2:0:0:0:2, 1:0:0:0:0, 3:0:0:0:2, 1:0:1:0:0, 2:0:0:0:1, 1:0:0:0:3, 1:0:0:0:1, 1:0:0:0:0, 1:0:0:0:1, 2:0:0:0:2, 2:0:0:0:1, 4:0:0:0:2, 2:0:0:0:1, 3:0:0:0:1, 2:0:0:0:1, 1:0:0:0:1, 1:0:0:0:1, 2:0:0:0:1, 2:0:0:0:4, 2:0:0:0:2, 2:0:0:0:1, 1:0:0:0:1, 2:0:0:0:1, 0:0:0:0:0, 2:0:1:0:1, 0:0:0:0:0, 1:0:0:0:1, 1:0:0:0:1, 4:0:0:0:4, 1:0:0:0:1, 2:0:0:0:3, 2:1:0:0:4, 3:0:0:0:4, 2:0:2:0:1, 4:0:0:0:2, 1:0:0:0:4, 4:0:0:2:1, 3:0:0:0:2, 2:0:0:0:1, 1:0:0:0:1, 4:0:0:0:5, 2:0:0:0:2, 2:0:0:0:1, 2:0:0:0:1, 2:0:0:0:1, 2:0:0:0:1, 2:0:0:0:2, 2:0:0:0:2, 2:0:0:0:2, 2:0:0:0:2, 1:0:0:0:1, 0:0:0:0:0, 3:0:0:0:2, 1:0:0:0:2, 1:0:0:0:1, 1:0:0:0:0, 1:0:0:0:1, 2:0:0:0:1, 1:0:0:0:1, 1:0:0:0:2, 1:0:0:0:0, 2:1:0:0:3, 1:0:0:0:1, 2:0:0:0:1, 3:0:0:0:2, 1:0:0:0:1, 2:0:0:0:1, 1:0:1:0:0, 1:0:0:0:1, 1:0:0:0:1, 0:0:0:0:0, 1:0:0:0:1, 1:0:0:0:0, 1:0:0:0:1, 1:0:0:0:1, 2:0:0:0:0, 2:0:0:0:3, 1:0:0:0:1, 2:0:0:0:3, 2:0:0:0:3, 3:1:0:0:5, 3:0:0:0:3, 3:0:0:0:2, 4:0:0:0:4, 3:0:0:0:2, 2:0:0:0:1, 1:0:0:0:0, 1:0:0:0:1, 2:0:0:0:4, 2:0:0:0:2, 2:0:0:0:1, 4:0:0:0:2, 3:0:0:0:2, 4:0:0:0:2, 2:0:0:0:1, 1:0:0:0:1, 2:0:0:0:0, 1:0:0:0:1, 1:0:0:0:1, 0:0:0:0:0, 2:0:0:0:2, 2:0:0:0:2, 1:0:0:0:0, 1:0:2:0:0, 1:0:0:0:1, 3:0:0:0:2, 1:0:0:0:3, 2:0:0:0:1, 2:0:0:0:1, 2:0:0:0:3, 1:0:0:0:0, 1:0:0:0:1, 3:0:0:0:1, 1:0:0:0:2, 1:0:0:0:2, 1:0:1:0:0, 2:0:0:0:2, 2:0:1:0:2, 0:0:0:0:0, 0:0:0:0:0, 2:0:1:0:1, 0:0:0:0:0, 3:0:0:0:2, 1:0:0:0:1, 3:1:0:0:6, 3:0:0:0:2, 3:0:0:0:5, 2:0:0:0:3, 3:0:0:0:4, 3:1:0:0:5, 3:0:0:0:3, 3:0:0:0:5, 2:0:0:0:1, 3:0:0:0:3, 1:0:0:0:0, 0:0:0:0:0, 3:0:0:0:5, 2:0:0:0:1, 2:0:0:0:1, 3:0:0:0:2, 2:0:0:0:2, 3:0:0:0:3, 2:0:0:0:1, 1:0:0:0:1, 2:0:0:0:2, 1:0:0:0:0, 1:0:0:0:1, 0:0:0:0:0, 3:0:0:0:3, 1:0:0:0:2, 2:0:0:0:1, 1:0:1:0:0, 1:0:0:0:1, 1:0:0:0:0, 1:0:0:0:2, 2:0:0:0:1, 2:0:0:0:1, 2:0:0:0:3, 1:0:0:0:0, 1:0:0:0:1, 3:0:0:0:1, 1:0:0:0:2, 1:0:0:0:2, 1:0:1:0:0, 2:0:0:0:2, 2:0:1:0:2, 0:0:0:0:0, 1:0:0:0:1, 2:0:1:0:1, 0:0:0:0:0, 2:0:0:0:1, 1:0:0:0:1, 3:1:0:0:6, 3:0:0:0:1, 3:0:0:0:4, 2:0:0:0:4, 3:0:0:0:4, 3:1:0:0:5, 3:0:0:0:3, 3:0:0:0:5, 2:0:0:0:1, 3:0:0:0:3, 1:0:0:0:0, 0:0:0:0:0, 3:0:0:0:4, 2:0:0:0:1, 2:0:0:0:1, 3:0:0:0:2, 2:0:0:0:2, 3:0:0:0:3, 2:0:0:0:1, 1:0:0:0:1, 2:0:0:0:2, 1:0:0:0:0, 1:0:0:0:1, 0:0:0:0:0, 4:0:0:0:3, 1:0:0:0:2, 2:0:0:0:1, 1:0:1:0:0, 1:0:0:0:1, 2:0:0:0:1, 1:0:0:0:1, 1:0:0:0:2, 1:0:0:0:0, 1:0:0:0:0, 1:0:0:0:1, 2:0:0:0:2, 2:0:0:0:2, 2:0:0:0:2, 3:0:0:0:1, 1:0:0:0:1, 1:0:0:0:1, 2:0:0:0:2, 0:0:0:0:0, 1:0:1:0:0, 3:0:0:0:2, 1:0:0:0:1, 1:0:0:0:1, 2:0:0:0:0, 3:1:0:0:5, 3:0:0:0:1, 2:0:0:0:3, 4:0:0:0:5, 3:0:0:0:4, 3:0:0:0:4, 3:0:1:0:3, 3:0:0:0:6, 3:0:0:0:1, 3:0:0:0:1, 2:0:0:0:1, 1:0:0:0:2, 4:1:0:0:4, 3:0:0:0:2, 1:0:0:0:1, 2:0:0:0:2, 1:0:0:0:1, 3:0:0:0:2, 1:0:0:0:0, 1:0:0:0:1, 2:0:0:0:1, 3:0:0:0:3, 1:0:0:0:1, 2:0:0:0:1, 2:1:0:0:4, 3:0:0:0:4, 2:0:0:0:1, 1:0:0:0:1, 0:0:0:0:0, 1:0:0:0:1, 2:0:0:0:1, 1:0:0:0:1, 0:0:0:0:0, 2:0:0:0:0, 2:0:0:0:2, 1:0:0:0:1, 0:0:0:0:0, 0:0:0:0:0, 0:0:0:0:0, 0:0:0:0:0, 0:0:0:0:0, 0:0:0:0:0, 0:0:0:0:0, 0:0:0:0:0, 0:0:0:0:0, 0:0:0:0:0, 533:11:23:2:474
B dorian (5#), 3:0:0:0:0, 2:0:0:0:0, 4:0:0:0:0, 4:0:0:0:0, 4:0:0:0:0, 4:1:0:0:3, 3:1:0:0:1, 3:1:0:0:2, 2:1:0:0:1, 3:1:0:0:2, 3:1:1:0:2, 2:1:0:0:1, 3:2:0:0:2, 3:1:0:0:1, 2:1:0:0:1, 2:1:0:0:1, 3:1:0:0:2, 2:2:0:0:2, 1:0:2:0:2, 2:0:0:0:0, 2:0:0:0:0, 2:0:0:0:0, 2:0:0:0:0, 2:0:0:0:0, 2:0:0:0:0, 2:0:0:0:0, 2:0:0:0:1, 3:0:0:0:0, 3:1:0:0:1, 2:1:0:0:1, 3:0:0:0:0, 3:0:0:0:1, 2:0:0:0:0, 3:0:0:0:0, 2:0:0:0:0, 3:0:0:0:0, 2:0:0:0:0, 3:0:0:0:2, 3:1:0:0:1, 4:1:0:0:2, 3:1:0:0:1, 2:1:0:0:1, 0:0:0:0:0, 0:0:0:0:0, 3:0:0:0:2, 3:1:0:0:2, 3:1:0:0:1, 3:1:0:0:1, 1:0:0:0:0, 3:0:0:0:0, 4:0:0:0:0, 4:0:0:0:0, 2:0:0:0:0, 3:1:0:0:3, 4:1:0:0:1, 4:2:0:0:3, 3:1:0:0:1, 2:1:0:0:1, 3:1:0:0:2, 3:1:1:0:2, 3:1:0:0:2, 2:1:0:0:1, 2:1:0:0:1, 3:1:0:0:2, 1:1:0:0:1, 4:3:0:0:3, 1:0:0:0:0, 1:0:2:0:2, 2:0:0:0:0, 1:0:0:0:0, 3:0:0:0:0, 1:0:0:0:0, 3:0:0:3:3, 2:1:0:0:1, 5:0:0:0:0, 3:0:0:0:0, 3:1:0:0:1, 2:2:0:0:2, 4:0:0:0:0, 3:1:0:0:1, 3:0:0:0:0, 2:0:0:0:0, 4:0:0:0:1, 3:0:0:0:0, 2:0:0:0:0, 3:0:0:0:2, 3:1:0:0:1, 4:2:0:0:3, 2:1:0:0:1, 2:1:0:0:2, 1:0:0:0:0, 0:0:0:0:0, 3:0:0:0:2, 3:1:0:0:2, 3:1:0:0:1, 3:2:0:0:2, 2:0:0:0:0, 4:1:0:0:2, 3:0:0:0:0, 4:0:0:0:1, 2:0:0:0:0, 2:0:0:0:3, 3:1:0:0:1, 4:1:1:0:3, 2:2:0:0:2, 2:1:0:0:1, 4:1:0:0:1, 3:1:1:0:2, 2:1:0:0:1, 2:1:0:0:1, 3:1:1:0:1, 2:1:0:0:1, 2:1:0:0:2, 4:2:1:0:2, 1:0:0:0:0, 2:0:1:0:0, 2:0:0:0:0, 2:0:0:0:0, 1:0:0:0:0, 2:0:0:0:0, 3:0:0:0:0, 2:0:0:0:0, 3:0:0:0:0, 2:0:0:0:0, 4:1:0:0:2, 3:1:0:0:2, 3:0:0:0:0, 2:1:0:0:1, 1:0:0:0:0, 3:0:0:0:0, 4:0:0:0:0, 4:0:0:0:0, 2:0:0:0:0, 3:1:0:0:3, 3:1:1:0:1, 4:1:0:0:2, 2:1:0:0:1, 1:1:0:0:1, 0:0:0:0:0, 0:0:0:0:0, 3:0:0:0:2, 3:1:0:0:2, 3:2:0:0:2, 3:1:0:0:1, 3:0:0:0:0, 3:0:0:0:0, 3:0:0:0:0, 2:0:0:0:0, 2:0:0:0:0, 2:1:0:0:4, 3:1:0:0:1, 2:1:0:0:2, 2:2:0:0:2, 2:1:0:0:1, 4:1:0:0:2, 3:1:0:0:1, 2:1:0:0:1, 2:1:0:0:1, 2:1:0:0:1, 3:1:0:0:2, 2:1:0:0:1, 4:3:0:0:3, 1:0:0:0:0, 3:0:0:0:0, 2:0:0:0:0, 1:0:0:0:1, 2:0:0:0:0, 1:0:0:0:0, 3:0:1:0:1, 3:0:0:0:1, 2:0:0:0:0, 3:0:0:0:0, 2:1:0:0:1, 2:1:0:0:2, 3:0:0:0:0, 3:0:0:0:1, 2:0:0:0:0, 4:0:0:0:0, 4:0:0:0:0, 4:0:0:0:0, 2:0:0:0:0, 2:0:0:0:3, 3:1:0:0:1, 4:1:0:0:2, 2:1:0:0:1, 2:1:0:0:2, 1:0:0:0:0, 0:0:0:0:0, 2:0:0:0:2, 3:1:0:0:3, 3:2:0:0:2, 2:1:0:0:1, 4:0:0:0:0, 3:0:0:0:0, 3:0:0:0:0, 2:0:0:0:0, 2:0:0:0:0, 2:1:0:0:4, 3:1:0:0:1, 2:1:0:0:2, 2:2:0:0:2, 2:1:0:0:1, 4:1:0:0:2, 3:1:0:0:1, 2:1:0:0:1, 1:1:0:0:1, 2:1:0:0:1, 3:1:0:0:2, 2:1:0:0:1, 4:3:0:0:3, 1:0:0:0:0, 2:0:0:0:0, 2:0:0:0:0, 0:0:0:0:0, 2:0:0:0:0, 1:0:0:0:0, 3:0:1:0:1, 3:0:0:0:1, 2:0:0:0:0, 3:0:0:0:0, 3:1:0:0:1, 2:1:0:0:2, 3:0:0:0:0, 3:0:0:0:1, 2:0:0:0:0, 4:0:0:0:0, 4:0:0:0:0, 4:0:0:0:0, 2:0:0:0:0, 3:1:0:0:3, 3:1:0:0:1, 4:1:0:0:2, 2:1:0:0:1, 2:1:0:0:2, 2:0:0:0:0, 0:0:0:0:0, 2:0:0:0:2, 3:1:0:0:3, 3:2:0:0:2, 3:1:0:0:1, 2:0:0:0:0, 4:1:0:0:2, 3:0:0:0:1, 3:0:0:0:2, 1:0:0:0:0, 3:0:0:0:2, 3:1:0:0:1, 4:2:0:0:3, 4:2:0:0:2, 4:1:1:0:1, 2:2:0:0:2, 5:1:0:0:2, 2:1:1:0:2, 2:1:0:0:1, 4:1:0:0:1, 3:1:0:0:1, 1:1:0:0:1, 4:2:0:0:2, 1:0:0:0:0, 2:0:0:0:0, 2:0:0:0:0, 1:0:0:0:0, 3:0:0:0:1, 2:0:0:0:0, 2:0:0:0:0, 3:0:0:0:0, 3:0:0:0:0, 2:0:0:0:1, 4:1:0:0:1, 2:2:0:0:2, 2:0:0:0:0, 3:0:0:0:0, 1:0:0:0:0, 4:1:0:0:1, 2:0:0:0:0, 4:0:0:0:0, 3:0:0:0:0, 3:1:0:0:3, 2:1:0:0:1, 4:1:0:0:2, 2:1:0:0:1, 2:2:0:0:2, 0:0:0:0:0, 1:0:0:0:0, 4:0:0:0:2, 3:1:0:0:2, 1:1:0:0:1, 1:0:0:0:0, 4:0:0:0:2, 3:1:0:0:2, 1:1:0:0:1, 2:0:0:0:0, 2:0:0:0:3, 3:1:0:0:2, 1:1:0:0:1, 1:1:0:0:1, 1:1:0:0:1, 0:0:0:0:0, 0:0:0:0:0, 0:0:0:0:0, 0:0:0:0:0, 0:0:0:0:0, 0:0:0:0:0, 0:0:0:0:0, 746:169:16:3:284
Db phrygian (5b), 2:0:0:0:1, 2:0:0:0:1, 3:0:0:0:1, 2:0:0:0:1, 2:0:0:0:1, 1:0:0:0:1, 2:0:0:0:2, 2:0:1:0:1, 1:0:0:0:1, 1:0:0:0:1, 1:0:0:0:1, 1:0:0:0:1, 2:0:0:0:1, 1:0:0:0:1, 1:0:0:0:0, 1:0:0:0:2, 1:0:0:0:0, 1:0:0:0:1, 1:0:0:0:2, 5:0:0:0:2, 1:0:0:0:2, 3:1:0:0:5, 2:0:0:0:3, 3:0:2:0:2, 2:0:1:0:2, 2:0:0:0:5, 3:0:0:0:0, 4:0:1:0:2, 1:0:0:0:1, 1:0:1:0:0, 3:0:0:0:5, 2:0:0:0:1, 2:0:0:0:1, 3:0:0:0:2, 2:0:0:0:2, 1:0:0:0:1, 1:0:0:0:1, 2:0:0:0:2, 2:0:0:0:2, 1:0:0:0:0, 3:0:0:0:2, 1:0:1:0:0, 2:0:0:0:1, 1:0:0:0:3, 1:0:0:0:1, 1:0:0:0:0, 1:0:0:0:1, 2:0:0:0:2, 2:0:0:0:1, 4:0:0:0:2, 2:0:0:0:1, 3:0:0:0:1, 2:0:0:0:1, 1:0:0:0:1, 1:0:0:0:1, 2:0:0:0:1, 2:0:0:0:4, 2:0:0:0:2, 2:0:0:0:1, 1:0:0:0:1, 2:0:0:0:1, 0:0:0:0:0, 2:0:1:0:1, 0:0:0:0:0, 1:0:0:0:1, 1:0:0:0:1, 4:0:0:0:4, 1:0:0:0:1, 2:0:0:0:3, 2:1:0:0:4, 3:0:0:0:4, 2:0:2:0:1, 4:0:0:0:2, 1:0:0:0:4, 4:0:0:2:1, 3:0:0:0:2, 2:0:0:0:1, 1:0:0:0:1, 4:0:0:0:5, 2:0:0:0:2, 2:0:0:0:1, 2:0:0:0:1, 2:0:0:0:1, 2:0:0:0:1, 2:0:0:0:2, 2:0:0:0:2, 2:0:0:0:2, 2:0:0:0:2, 1:0:0:0:1, 0:0:0:0:0, 3:0:0:0:2, 1:0:0:0:2, 1:0:0:0:1, 1:0:0:0:0, 1:0:0:0:1, 2:0:0:0:1, 1:0:0:0:1, 1:0:0:0:2, 1:0:0:0:0, 2:1:0:0:3, 1:0:0:0:1, 2:0:0:0:1, 3:0:0:0:2, 1:0:0:0:1, 2:0:0:0:1, 1:0:1:0:0, 1:0:0:0:1, 1:0:0:0:1, 0:0:0:0:0, 1:0:0:0:1, 1:0:0:0:0, 1:0:0:0:1, 1:0:0:0:1, 2:0:0:0:0, 2:0:0:0:3, 1:0:0:0:1, 2:0:0:0:3, 2:0:0:0:3, 3:1:0:0:5, 3:0:0:0:3, 3:0:0:0:2, 4:0:0:0:4, 3:0:0:0:2, 2:0:0:0:1, 1:0:0:0:0, 1:0:0:0:1, 2:0:0:0:4, 2:0:0:0:2, 2:0:0:0:1, 4:0:0:0:2, 3:0:0:0:2, 4:0:0:0:2, 2:0:0:0:1, 1:0:0:0:1, 2:0:0:0:0, 1:0:0:0:1, 1:0:0:0:1, 0:0:0:0:0, 2:0:0:0:2, 2:0:0:0:2, 1:0:0:0:0, 1:0:2:0:0, 1:0:0:0:1, 3:0:0:0:2, 1:0:0:0:3, 2:0:0:0:1, 2:0:0:0:1, 2:0:0:0:3, 1:0:0:0:0, 1:0:0:0:1, 3:0:0:0:1, 1:0:0:0:2, 1:0:0:0:2, 1:0:1:0:0, 2:0:0:0:2, 2:0:1:0:2, 0:0:0:0:0, 0:0:0:0:0, 2:0:1:0:1, 0:0:0:0:0, 3:0:0:0:2, 1:0:0:0:1, 3:1:0:0:6, 3:0:0:0:2, 3:0:0:0:5, 2:0:0:0:3, 3:0:0:0:4, 3:1:0:0:5, 3:0:0:0:3, 3:0:0:0:5, 2:0:0:0:1, 3:0:0:0:3, 1:0:0:0:0, 0:0:0:0:0, 3:0:0:0:5, 2:0:0:0:1, 2:0:0:0:1, 3:0:0:0:2, 2:0:0:0:2, 3:0:0:0:3, 2:0:0:0:1, 1:0:0:0:1, 2:0:0:0:2, 1:0:0:0:0, 1:0:0:0:1, 0:0:0:0:0, 3:0:0:0:3, 1:0:0:0:2, 2:0:0:0:1, 1:0:1:0:0, 1:0:0:0:1, 1:0:0:0:0, 1:0:0:0:2, 2:0:0:0:1, 2:0:0:0:1, 2:0:0:0:3, 1:0:0:0:0, 1:0:0:0:1, 3:0:0:0:1, 1:0:0:0:2, 1:0:0:0:2, 1:0:1:0:0, 2:0:0:0:2, 2:0:1:0:2, 0:0:0:0:0, 1:0:0:0:1, 2:0:1:0:1, 0:0:0:0:0, 2:0:0:0:1, 1:0:0:0:1, 3:1:0:0:6, 3:0:0:0:1, 3:0:0:0:4, 2:0:0:0:4, 3:0:0:0:4, 3:1:0:0:5, 3:0:0:0:3, 3:0:0:0:5, 2:0:0:0:1, 3:0:0:0:3, 1:0:0:0:0, 0:0:0:0:0, 3:0:0:0:4, 2:0:0:0:1, 2:0:0:0:1, 3:0:0:0:2, 2:0:0:0:2, 3:0:0:0:3, 2:0:0:0:1, 1:0:0:0:1, 2:0:0:0:2, 1:0:0:0:0, 1:0:0:0:1, 0:0:0:0:0, 4:0:0:0:3, 1:0:0:0:2, 2:0:0:0:1, 1:0:1:0:0, 1:0:0:0:1, 2:0:0:0:1, 1:0:0:0:1, 1:0:0:0:2, 1:0:0:0:0, 1:0:0:0:0, 1:0:0:0:1, 2:0:0:0:2, 2:0:0:0:2, 2:0:0:0:2, 3:0:0:0:1, 1:0:0:0:1, 1:0:0:0:1, 2:0:0:0:2, 0:0:0:0:0, 1:0:1:0:0, 3:0:0:0:2, 1:0:0:0:1, 1:0:0:0:1, 2:0:0:0:0, 3:1:0:0:5, 3:0:0:0:1, 2:0:0:0:3, 4:0:0:0:5, 3:0:0:0:4, 3:0:0:0:4, 3:0:1:0:3, 3:0:0:0:6, 3:0:0:0:1, 3:0:0:0:1, 2:0:0:0:1, 1:0:0:0:2, 4:1:0:0:4, 3:0:0:0:2, 1:0:0:0:1, 2:0:0:0:2, 1:0:0:0:1, 3:0:0:0:2, 1:0:0:0:0, 1:0:0:0:1, 2:0:0:0:1, 3:0:0:0:3, 1:0:0:0:1, 2:0:0:0:1, 2:1:0:0:4, 3:0:0:0:4, 2:0:0:0:1, 1:0:0:0:1, 0:0:0:0:0, 1:0:0:0:1, 2:0:0:0:1, 1:0:0:0:1, 0:0:0:0:0, 2:0:0:0:0, 2:0:0:0:2, 1:0:0:0:1, 0:0:0:0:0, 0:0:0:0:0, 0:0:0:0:0, 0:0:0:0:0, 0:0:0:0:0, 0:0:0:0:0, 0:0:0:0:0, 0:0:0:0:0, 0:0:0:0:0, 0:0:0:0:0, 533:11:23:2:474
B phrygian (5#), 3:0:0:0:0, 2:0:0:0:0, 4:0:0:0:0, 4:0:0:0:0, 4:0:0:0:0, 4:1:0:0:3, 3:1:0:0:1, 3:1:0:0:2, 2:1:0:0:1, 3:1:0:0:2, 3:1:1:0:2, 2:1:0:0:1, 3:2:0:0:2, 3:1:0:0:1, 2:1:0:0:1, 2:1:0:0:1, 3:1:0:0:2, 2:2:0:0:2, 1:0:2:0:2, 2:0:0:0:0, 2:0:0:0:0, 2:0:0:0:0, 2:0:0:0:0, 2:0:0:0:0, 2:0:0:0:0, 2:0:0:0:0, 2:0:0:0:1, 3:0:0:0:0, 3:1:0:0:1, 2:1:0:0:1, 3:0:0:0:0, 3:0:0:0:1, 2:0:0:0:0, 3:0:0:0:0, 2:0:0:0:0, 3:0:0:0:0, 2:0:0:0:0, 3:0:0:0:2, 3:1:0:0:1, 4:1:0:0:2, 3:1:0:0:1, 2:1:0:0:1, 0:0:0:0:0, 0:0:0:0:0, 3:0:0:0:2, 3:1:0:0:2, 3:1:0:0:1, 3:1:0:0:1, 1:0:0:0:0, 3:0:0:0:0, 4:0:0:0:0, 4:0:0:0:0, 2:0:0:0:0, 3:1:0:0:3, 4:1:0:0:1, 4:2:0:0:3, 3:1:0:0:1, 2:1:0:0:1, 3:1:0:0:2, 3:1:1:0:2, 3:1:0:0:2, 2:1:0:0:1, 2:1:0:0:1, 3:1:0:0:2, 1:1:0:0:1, 4:3:0:0:3, 1:0:0:0:0, 1:0:2:0:2, 2:0:0:0:0, 1:0:0:0:0, 3:0:0:0:0, 1:0:0:0:0, 3:0:0:3:3, 2:1:0:0:1, 5:0:0:0:0, 3:0:0:0:0, 3:1:0:0:1, 2:2:0:0:2, 4:0:0:0:0, 3:1:0:0:1, 3:0:0:0:0, 2:0:0:0:0, 4:0:0:0:1, 3:0:0:0:0, 2:0:0:0:0, 3:0:0:0:2, 3:1:0:0:1, 4:2:0:0:3, 2:1:0:0:1, 2:1:0:0:2, 1:0:0:0:0, 0:0:0:0:0, 3:0:0:0:2, 3:1:0:0:2, 3:1:0:0:1, 3:2:0:0:2, 2:0:0:0:0, 4:1:0:0:2, 3:0:0:0:0, 4:0:0:0:1, 2:0:0:0:0, 2:0:0:0:3, 3:1:0:0:1, 4:1:1:0:3, 2:2:0:0:2, 2:1:0:0:1, 4:1:0:0:1, 3:1:1:0:2, 2:1:0:0:1, 2:1:0:0:1, 3:1:1:0:1, 2:1:0:0:1, 2:1:0:0:2, 4:2:1:0:2, 1:0:0:0:0, 2:0:1:0:0, 2:0:0:0:0, 2:0:0:0:0, 1:0:0:0:0, 2:0:0:0:0, 3:0:0:0:0, 2:0:0:0:0, 3:0:0:0:0, 2:0:0:0:0, 4:1:0:0:2, 3:1:0:0:2, 3:0:0:0:0, 2:1:0:0:1, 1:0:0:0:0, 3:0:0:0:0, 4:0:0:0:0, 4:0:0:0:0, 2:0:0:0:0, 3:1:0:0:3, 3:1:1:0:1, 4:1:0:0:2, 2:1:0:0:1, 1:1:0:0:1, 0:0:0:0:0, 0:0:0:0:0, 3:0:0:0:2, 3:1:0:0:2, 3:2:0:0:2, 3:1:0:0:1, 3:0:0:0:0, 3:0:0:0:0, 3:0:0:0:0, 2:0:0:0:0, 2:0:0:0:0, 2:1:0:0:4, 3:1:0:0:1, 2:1:0:0:2, 2:2:0:0:2, 2:1:0:0:1, 4:1:0:0:2, 3:1:0:0:1, 2:1:0:0:1, 2:1:0:0:1, 2:1:0:0:1, 3:1:0:0:2, 2:1:0:0:1, 4:3:0:0:3, 1:0:0:0:0, 3:0:0:0:0, 2:0:0:0:0, 1:0:0:0:1, 2:0:0:0:0, 1:0:0:0:0, 3:0:1:0:1, 3:0:0:0:1, 2:0:0:0:0, 3:0:0:0:0, 2:1:0:0:1, 2:1:0:0:2, 3:0:0:0:0, 3:0:0:0:1, 2:0:0:0:0, 4:0:0:0:0, 4:0:0:0:0, 4:0:0:0:0, 2:0:0:0:0, 2:0:0:0:3, 3:1:0:0:1, 4:1:0:0:2, 2:1:0:0:1, 2:1:0:0:2, 1:0:0:0:0, 0:0:0:0:0, 2:0:0:0:2, 3:1:0:0:3, 3:2:0:0:2, 2:1:0:0:1, 4:0:0:0:0, 3:0:0:0:0, 3:0:0:0:0, 2:0:0:0:0, 2:0:0:0:0, 2:1:0:0:4, 3:1:0:0:1, 2:1:0:0:2, 2:2:0:0:2, 2:1:0:0:1, 4:1:0:0:2, 3:1:0:0:1, 2:1:0:0:1, 1:1:0:0:1, 2:1:0:0:1, 3:1:0:0:2, 2:1:0:0:1, 4:3:0:0:3, 1:0:0:0:0, 2:0:0:0:0, 2:0:0:0:0, 0:0:0:0:0, 2:0:0:0:0, 1:0:0:0:0, 3:0:1:0:1, 3:0:0:0:1, 2:0:0:0:0, 3:0:0:0:0, 3:1:0:0:1, 2:1:0:0:2, 3:0:0:0:0, 3:0:0:0:1, 2:0:0:0:0, 4:0:0:0:0, 4:0:0:0:0, 4:0:0:0:0, 2:0:0:0:0, 3:1:0:0:3, 3:1:0:0:1, 4:1:0:0:2, 2:1:0:0:1, 2:1:0:0:2, 2:0:0:0:0, 0:0:0:0:0, 2:0:0:0:2, 3:1:0:0:3, 3:2:0:0:2, 3:1:0:0:1, 2:0:0:0:0, 4:1:0:0:2, 3:0:0:0:1, 3:0:0:0:2, 1:0:0:0:0, 3:0:0:0:2, 3:1:0:0:1, 4:2:0:0:3, 4:2:0:0:2, 4:1:1:0:1, 2:2:0:0:2, 5:1:0:0:2, 2:1:1:0:2, 2:1:0:0:1, 4:1:0:0:1, 3:1:0:0:1, 1:1:0:0:1, 4:2:0:0:2, 1:0:0:0:0, 2:0:0:0:0, 2:0:0:0:0, 1:0:0:0:0, 3:0:0:0:1, 2:0:0:0:0, 2:0:0:0:0, 3:0:0:0:0, 3:0:0:0:0, 2:0:0:0:1, 4:1:0:0:1, 2:2:0:0:2, 2:0:0:0:0, 3:0:0:0:0, 1:0:0:0:0, 4:1:0:0:1, 2:0:0:0:0, 4:0:0:0:0, 3:0:0:0:0, 3:1:0:0:3, 2:1:0:0:1, 4:1:0:0:2, 2:1:0:0:1, 2:2:0:0:2, 0:0:0:0:0, 1:0:0:0:0, 4:0:0:0:2, 3:1:0:0:2, 1:1:0:0:1, 1:0:0:0:0, 4:0:0:0:2, 3:1:0:0:2, 1:1:0:0:1, 2:0:0:0:0, 2:0:0:0:3, 3:1:0:0:2, 1:1:0:0:1, 1:1:0:0:1, 1:1:0:0:1, 0:0:0:0:0, 0:0:0:0:0, 0:0:0:0:0, 0:0:0:0:0, 0:0:0:0:0, 0:0:0:0:0, 0:0:0:0:0, 746:169:16:3:284
Db lydian (5b), 2:0:0:0:1, 2:0:0:0:1, 3:0:0:0:1, 2:0:0:0:1, 2:0:0:0:1, 1:0:0:0:1, 2:0:0:0:2, 2:0:1:0:1, 1:0:0:0:1, 1:0:0:0:1, 1:0:0:0:1, 1:0:0:0:1, 2:0:0:0:1, 1:0:0:0:1, 1:0:0:0:0, 1:0:0:0:2, 1:0:0:0:0, 1:0:0:0:1, 1:0:0:0:2, 5:0:0:0:2, 1:0:0:0:2, 3:1:0:0:5, 2:0:0:0:3, 3:0:2:0:2, 2:0:1:0:2, 2:0:0:0:5, 3:0:0:0:0, 4:0:1:0:2, 1:0:0:0:1, 1:0:1:0:0, 3:0:0:0:5, 2:0:0:0:1, 2:0:0:0:1, 3:0:0:0:2, 2:0:0:0:2, 1:0:0:0:1, 1:0:0:0:1, 2:0:0:0:2, 2:0:0:0:2, 1:0:0:0:0, 3:0:0:0:2, 1:0:1:0:0, 2:0:0:0:1, 1:0:0:0:3, 1:0:0:0:1, 1:0:0:0:0, 1:0:0:0:1, 2:0:0:0:2, 2:0:0:0:1, 4:0:0:0:2, 2:0:0:0:1, 3:0:0:0:1, 2:0:0:0:1, 1:0:0:0:1, 1:0:0:0:1, 2:0:0:0:1, 2:0:0:0:4, 2:0:0:0:2, 2:0:0:0:1, 1:0:0:0:1, 2:0:0:0:1, 0:0:0:0:0, 2:0:1:0:1, 0:0:0:0:0, 1:0:0:0:1, 1:0:0:0:1, 4:0:0:0:4, 1:0:0:0:1, 2:0:0:0:3, 2:1:0:0:4, 3:0:0:0:4, 2:0:2:0:1, 4:0:0:0:2, 1:0:0:0:4, 4:0:0:2:1, 3:0:0:0:2, 2:0:0:0:1, 1:0:0:0:1, 4:0:0:0:5, 2:0:0:0:2, 2:0:0:0:1, 2:0:0:0:1, 2:0:0:0:1, 2:0:0:0:1, 2:0:0:0:2, 2:0:0:0:2, 2:0:0:0:2, 2:0:0:0:2, 1:0:0:0:1, 0:0:0:0:0, 3:0:0:0:2, 1:0:0:0:2, 1:0:0:0:1, 1:0:0:0:0, 1:0:0:0:1, 2:0:0:0:1, 1:0:0:0:1, 1:0:0:0:2, 1:0:0:0:0, 2:1:0:0:3, 1:0:0:0:1, 2:0:0:0:1, 3:0:0:0:2, 1:0:0:0:1, 2:0:0:0:1, 1:0:1:0:0, 1:0:0:0:1, 1:0:0:0:1, 0:0:0:0:0, 1:0:0:0:1, 1:0:0:0:0, 1:0:0:0:1, 1:0:0:0:1, 2:0:0:0:0, 2:0:0:0:3, 1:0:0:0:1, 2:0:0:0:3, 2:0:0:0:3, 3:1:0:0:5, 3:0:0:0:3, 3:0:0:0:2, 4:0:0:0:4, 3:0:0:0:2, 2:0:0:0:1, 1:0:0:0:0, 1:0:0:0:1, 2:0:0:0:4, 2:0:0:0:2, 2:0:0:0:1, 4:0:0:0:2, 3:0:0:0:2, 4:0:0:0:2, 2:0:0:0:1, 1:0:0:0:1, 2:0:0:0:0, 1:0:0:0:1, 1:0:0:0:1, 0:0:0:0:0, 2:0:0:0:2, 2:0:0:0:2, 1:0:0:0:0, 1:0:2:0:0, 1:0:0:0:1, 3:0:0:0:2, 1:0:0:0:3, 2:0:0:0:1, 2:0:0:0:1, 2:0:0:0:3, 1:0:0:0:0, 1:0:0:0:1, 3:0:0:0:1, 1:0:0:0:2, 1:0:0:0:2, 1:0:1:0:0, 2:0:0:0:2, 2:0:1:0:2, 0:0:0:0:0, 0:0:0:0:0, 2:0:1:0:1, 0:0:0:0:0, 3:0:0:0:2, 1:0:0:0:1, 3:1:0:0:6, 3:0:0:0:2, 3:0:0:0:5, 2:0:0:0:3, 3:0:0:0:4, 3:1:0:0:5, 3:0:0:0:3, 3:0:0:0:5, 2:0:0:0:1, 3:0:0:0:3, 1:0:0:0:0, 0:0:0:0:0, 3:0:0:0:5, 2:0:0:0:1, 2:0:0:0:1, 3:0:0:0:2, 2:0:0:0:2, 3:0:0:0:3, 2:0:0:0:1, 1:0:0:0:1, 2:0:0:0:2, 1:0:0:0:0, 1:0:0:0:1, 0:0:0:0:0, 3:0:0:0:3, 1:0:0:0:2, 2:0:0:0:1, 1:0:1:0:0, 1:0:0:0:1, 1:0:0:0:0, 1:0:0:0:2, 2:0:0:0:1, 2:0:0:0:1, 2:0:0:0:3, 1:0:0:0:0, 1:0:0:0:1, 3:0:0:0:1, 1:0:0:0:2, 1:0:0:0:2, 1:0:1:0:0, 2:0:0:0:2, 2:0:1:0:2, 0:0:0:0:0, 1:0:0:0:1, 2:0:1:0:1, 0:0:0:0:0, 2:0:0:0:1, 1:0:0:0:1, 3:1:0:0:6, 3:0:0:0:1, 3:0:0:0:4, 2:0:0:0:4, 3:0:0:0:4, 3:1:0:0:5, 3:0:0:0:3, 3:0:0:0:5, 2:0:0:0:1, 3:0:0:0:3, 1:0:0:0:0, 0:0:0:0:0, 3:0:0:0:4, 2:0:0:0:1, 2:0:0:0:1, 3:0:0:0:2, 2:0:0:0:2, 3:0:0:0:3, 2:0:0:0:1, 1:0:0:0:1, 2:0:0:0:2, 1:0:0:0:0, 1:0:0:0:1, 0:0:0:0:0, 4:0:0:0:3, 1:0:0:0:2, 2:0:0:0:1, 1:0:1:0:0, 1:0:0:0:1, 2:0:0:0:1, 1:0:0:0:1, 1:0:0:0:2, 1:0:0:0:0, 1:0:0:0:0, 1:0:0:0:1, 2:0:0:0:2, 2:0:0:0:2, 2:0:0:0:2, 3:0:0:0:1, 1:0:0:0:1, 1:0:0:0:1, 2:0:0:0:2, 0:0:0:0:0, 1:0:1:0:0, 3:0:0:0:2, 1:0:0:0:1, 1:0:0:0:1, 2:0:0:0:0, 3:1:0:0:5, 3:0:0:0:1, 2:0:0:0:3, 4:0:0:0:5, 3:0:0:0:4, 3:0:0:0:4, 3:0:1:0:3, 3:0:0:0:6, 3:0:0:0:1, 3:0:0:0:1, 2:0:0:0:1, 1:0:0:0:2, 4:1:0:0:4, 3:0:0:0:2, 1:0:0:0:1, 2:0:0:0:2, 1:0:0:0:1, 3:0:0:0:2, 1:0:0:0:0, 1:0:0:0:1, 2:0:0:0:1, 3:0:0:0:3, 1:0:0:0:1, 2:0:0:0:1, 2:1:0:0:4, 3:0:0:0:4, 2:0:0:0:1, 1:0:0:0:1, 0:0:0:0:0, 1:0:0:0:1, 2:0:0:0:1, 1:0:0:0:1, 0:0:0:0:0, 2:0:0:0:0, 2:0:0:0:2, 1:0:0:0:1, 0:0:0:0:0, 0:0:0:0:0, 0:0:0:0:0, 0:0:0:0:0, 0:0:0:0:0, 0:0:0:0:0, 0:0:0:0:0, 0:0:0:0:0, 0:0:0:0:0, 0:0:0:0:0, 533:11:23:2:474
B lydian (5#), 3:0:0:0:0, 2:0:0:0:0, 4:0:0:0:0, 4:0:0:0:0, 4:0:0:0:0, 4:1:0:0:3, 3:1:0:0:1, 3:1:0:0:2, 2:1:0:0:1, 3:1:0:0:2, 3:1:1:0:2, 2:1:0:0:1, 3:2:0:0:2, 3:1:0:0:1, 2:1:0:0:1, 2:1:0:0:1, 3:1:0:0:2, 2:2:0:0:2, 1:0:2:0:2, 2:0:0:0:0, 2:0:0:0:0, 2:0:0:0:0, 2:0:0:0:0, 2:0:0:0:0, 2:0:0:0:0, 2:0:0:0:0, 2:0:0:0:1, 3:0:0:0:0, 3:1:0:0:1, 2:1:0:0:1, 3:0:0:0:0, 3:0:0:0:1, 2:0:0:0:0, 3:0:0:0:0, 2:0:0:0:0, 3:0:0:0:0, 2:0:0:0:0, 3:0:0:0:2, 3:1:0:0:1, 4:1:0:0:2, 3:1:0:0:1, 2:1:0:0:1, 0:0:0:0:0, 0:0:0:0:0, 3:0:0:0:2, 3:1:0:0:2, 3:1:0:0:1, 3:1:0:0:1, 1:0:0:0:0, 3:0:0:0:0, 4:0:0:0:0, 4:0:0:0:0, 2:0:0:0:0, 3:1:0:0:3, 4:1:0:0:1, 4:2:0:0:3, 3:1:0:0:1, 2:1:0:0:1, 3:1:0:0:2, 3:1:1:0:2, 3:1:0:0:2, 2:1:0:0:1, 2:1:0:0:1, 3:1:0:0:2, 1:1:0:0:1, 4:3:0:0:3, 1:0:0:0:0, 1:0:2:0:2, 2:0:0:0:0, 1:0:0:0:0, 3:0:0:0:0, 1:0:0:0:0, 3:0:0:3:3, 2:1:0:0:1, 5:0:0:0:0, 3:0:0:0:0, 3:1:0:0:1, 2:2:0:0:2, 4:0:0:0:0, 3:1:0:0:1, 3:0:0:0:0, 2:0:0:0:0, 4:0:0:0:1, 3:0:0:0:0, 2:0:0:0:0, 3:0:0:0:2, 3:1:0:0:1, 4:2:0:0:3, 2:1:0:0:1, 2:1:0:0:2, 1:0:0:0:0, 0:0:0:0:0, 3:0:0:0:2, 3:1:0:0:2, 3:1:0:0:1, 3:2:0:0:2, 2:0:0:0:0, 4:1:0:0:2, 3:0:0:0:0, 4:0:0:0:1, 2:0:0:0:0, 2:0:0:0:3, 3:1:0:0:1, 4:1:1:0:3, 2:2:0:0:2, 2:1:0:0:1, 4:1:0:0:1, 3:1:1:0:2, 2:1:0:0:1, 2:1:0:0:1, 3:1:1:0:1, 2:1:0:0:1, 2:1:0:0:2, 4:2:1:0:2, 1:0:0:0:0, 2:0:1:0:0, 2:0:0:0:0, 2:0:0:0:0, 1:0:0:0:0, 2:0:0:0:0, 3:0:0:0:0, 2:0:0:0:0, 3:0:0:0:0, 2:0:0:0:0, 4:1:0:0:2, 3:1:0:0:2, 3:0:0:0:0, 2:1:0:0:1, 1:0:0:0:0, 3:0:0:0:0, 4:0:0:0:0, 4:0:0:0:0, 2:0:0:0:0, 3:1:0:0:3, 3:1:1:0:1, 4:1:0:0:2, 2:1:0:0:1, 1:1:0:0:1, 0:0:0:0:0, 0:0:0:0:0, 3:0:0:0:2, 3:1:0:0:2, 3:2:0:0:2, 3:1:0:0:1, 3:0:0:0:0, 3:0:0:0:0, 3:0:0:0:0, 2:0:0:0:0, 2:0:0:0:0, 2:1:0:0:4, 3:1:0:0:1, 2:1:0:0:2, 2:2:0:0:2, 2:1:0:0:1, 4:1:0:0:2, 3:1:0:0:1, 2:1:0:0:1, 2:1:0:0:1, 2:1:0:0:1, 3:1:0:0:2, 2:1:0:0:1, 4:3:0:0:3, 1:0:0:0:0, 3:0:0:0:0, 2:0:0:0:0, 1:0:0:0:1, 2:0:0:0:0, 1:0:0:0:0, 3:0:1:0:1, 3:0:0:0:1, 2:0:0:0:0, 3:0:0:0:0, 2:1:0:0:1, 2:1:0:0:2, 3:0:0:0:0, 3:0:0:0:1, 2:0:0:0:0, 4:0:0:0:0, 4:0:0:0:0, 4:0:0:0:0, 2:0:0:0:0, 2:0:0:0:3, 3:1:0:0:1, 4:1:0:0:2, 2:1:0:0:1, 2:1:0:0:2, 1:0:0:0:0, 0:0:0:0:0, 2:0:0:0:2, 3:1:0:0:3, 3:2:0:0:2, 2:1:0:0:1, 4:0:0:0:0, 3:0:0:0:0, 3:0:0:0:0, 2:0:0:0:0, 2:0:0:0:0, 2:1:0:0:4, 3:1:0:0:1, 2:1:0:0:2, 2:2:0:0:2, 2:1:0:0:1, 4:1:0:0:2, 3:1:0:0:1, 2:1:0:0:1, 1:1:0:0:1, 2:1:0:0:1, 3:1:0:0:2, 2:1:0:0:1, 4:3:0:0:3, 1:0:0:0:0, 2:0:0:0:0, 2:0:0:0:0, 0:0:0:0:0, 2:0:0:0:0, 1:0:0:0:0, 3:0:1:0:1, 3:0:0:0:1, 2:0:0:0:0, 3:0:0:0:0, 3:1:0:0:1, 2:1:0:0:2, 3:0:0:0:0, 3:0:0:0:1, 2:0:0:0:0, 4:0:0:0:0, 4:0:0:0:0, 4:0:0:0:0, 2:0:0:0:0, 3:1:0:0:3, 3:1:0:0:1, 4:1:0:0:2, 2:1:0:0:1, 2:1:0:0:2, 2:0:0:0:0, 0:0:0:0:0, 2:0:0:0:2, 3:1:0:0:3, 3:2:0:0:2, 3:1:0:0:1, 2:0:0:0:0, 4:1:0:0:2, 3:0:0:0:1, 3:0:0:0:2, 1:0:0:0:0, 3:0:0:0:2, 3:1:0:0:1, 4:2:0:0:3, 4:2:0:0:2, 4:1:1:0:1, 2:2:0:0:2, 5:1:0:0:2, 2:1:1:0:2, 2:1:0:0:1, 4:1:0:0:1, 3:1:0:0:1, 1:1:0:0:1, 4:2:0:0:2, 1:0:0:0:0, 2:0:0:0:0, 2:0:0:0:0, 1:0:0:0:0, 3:0:0:0:1, 2:0:0:0:0, 2:0:0:0:0, 3:0:0:0:0, 3:0:0:0:0, 2:0:0:0:1, 4:1:0:0:1, 2:2:0:0:2, 2:0:0:0:0, 3:0:0:0:0, 1:0:0:0:0, 4:1:0:0:1, 2:0:0:0:0, 4:0:0:0:0, 3:0:0:0:0, 3:1:0:0:3, 2:1:0:0:1, 4:1:0:0:2, 2:1:0:0:1, 2:2:0:0:2, 0:0:0:0:0, 1:0:0:0:0, 4:0:0:0:2, 3:1:0:0:2, 1:1:0:0:1, 1:0:0:0:0, 4:0:0:0:2, 3:1:0:0:2, 1:1:0:0:1, 2:0:0:0:0, 2:0:0:0:3, 3:1:0:0:2, 1:1:0:0:1, 1:1:0:0:1, 1:1:0:0:1, 0:0:0:0:0, 0:0:0:0:0, 0:0:0:0:0, 0:0:0:0:0, 0:0:0:0:0, 0:0:0:0:0, 0:0:0:0:0, 746:169:16:3:284
Db mixolydian (5b), 2:0:0:0:1, 2:0:0:0:1, 3:0:0:0:1, 2:0:0:0:1, 2:0:0:0:1, 1:0:0:0:1, 2:0:0:0:2, 2:0:1:0:1, 1:0:0:0:1, 1:0:0:0:1, 1:0:0:0:1, 1:0:0:0:1, 2:0:0:0:1, 1:0:0:0:1, 1:0:0:0:0, 1:0:0:0:2, 1:0:0:0:0, 1:0:0:0:1, 1:0:0:0:2, 5:0:0:0:2, 1:0:0:0:2, 3:1:0:0:5, 2:0:0:0:3, 3:0:2:0:2, 2:0:1:0:2, 2:0:0:0:5, 3:0:0:0:0, 4:0:1:0:2, 1:0:0:0:1, 1:0:1:0:0, 3:0:0:0:5, 2:0:0:0:1, 2:0:0:0:1, 3:0:0:0:2, 2:0:0:0:2, 1:0:0:0:1, 1:0:0:0:1, 2:0:0:0:2, 2:0:0:0:2, 1:0:0:0:0, 3:0:0:0:2, 1:0:1:0:0, 2:0:0:0:1, 1:0:0:0:3, 1:0:0:0:1, 1:0:0:0:0, 1:0:0:0:1, 2:0:0:0:2, 2:0:0:0:1, 4:0:0:0:2, 2:0:0:0:1, 3:0:0:0:1, 2:0:0:0:1, 1:0:0:0:1, 1:0:0:0:1, 2:0:0:0:1, 2:0:0:0:4, 2:0:0:0:2, 2:0:0:0:1, 1:0:0:0:1, 2:0:0:0:1, 0:0:0:0:0, 2:0:1:0:1, 0:0:0:0:0, 1:0:0:0:1, 1:0:0:0:1, 4:0:0:0:4, 1:0:0:0:1, 2:0:0:0:3, 2:1:0:0:4, 3:0:0:0:4, 2:0:2:0:1, 4:0:0:0:2, 1:0:0:0:4, 4:0:0:2:1, 3:0:0:0:2, 2:0:0:0:1, 1:0:0:0:1, 4:0:0:0:5, 2:0:0:0:2, 2:0:0:0:1, 2:0:0:0:1, 2:0:0:0:1, 2:0:0:0:1, 2:0:0:0:2, 2:0:0:0:2, 2:0:0:0:2, 2:0:0:0:2, 1:0:0:0:1, 0:0:0:0:0, 3:0:0:0:2, 1:0:0:0:2, 1:0:0:0:1, 1:0:0:0:0, 1:0:0:0:1, 2:0:0:0:1, 1:0:0:0:1, 1:0:0:0:2, 1:0:0:0:0, 2:1:0:0:3, 1:0:0:0:1, 2:0:0:0:1, 3:0:0:0:2, 1:0:0:0:1, 2:0:0:0:1, 1:0:1:0:0, 1:0:0:0:1, 1:0:0:0:1, 0:0:0:0:0, 1:0:0:0:1, 1:0:0:0:0, 1:0:0:0:1, 1:0:0:0:1, 2:0:0:0:0, 2:0:0:0:3, 1:0:0:0:1, 2:0:0:0:3, 2:0:0:0:3, 3:1:0:0:5, 3:0:0:0:3, 3:0:0:0:2, 4:0:0:0:4, 3:0:0:0:2, 2:0:0:0:1, 1:0:0:0:0, 1:0:0:0:1, 2:0:0:0:4, 2:0:0:0:2, 2:0:0:0:1, 4:0:0:0:2, 3:0:0:0:2, 4:0:0:0:2, 2:0:0:0:1, 1:0:0:0:1, 2:0:0:0:0, 1:0:0:0:1, 1:0:0:0:1, 0:0:0:0:0, 2:0:0:0:2, 2:0:0:0:2, 1:0:0:0:0, 1:0:2:0:0, 1:0:0:0:1, 3:0:0:0:2, 1:0:0:0:3, 2:0:0:0:1, 2:0:0:0:1, 2:0:0:0:3, 1:0:0:0:0, 1:0:0:0:1, 3:0:0:0:1, 1:0:0:0:2, 1:0:0:0:2, 1:0:1:0:0, 2:0:0:0:2, 2:0:1:0:2, 0:0:0:0:0, 0:0:0:0:0, 2:0:1:0:1, 0:0:0:0:0, 3:0:0:0:2, 1:0:0:0:1, 3:1:0:0:6, 3:0:0:0:2, 3:0:0:0:5, 2:0:0:0:3, 3:0:0:0:4, 3:1:0:0:5, 3:0:0:0:3, 3:0:0:0:5, 2:0:0:0:1, 3:0:0:0:3, 1:0:0:0:0, 0:0:0:0:0, 3:0:0:0:5, 2:0:0:0:1, 2:0:0:0:1, 3:0:0:0:2, 2:0:0:0:2, 3:0:0:0:3, 2:0:0:0:1, 1:0:0:0:1, 2:0:0:0:2, 1:0:0:0:0, 1:0:0:0:1, 0:0:0:0:0, 3:0:0:0:3, 1:0:0:0:2, 2:0:0:0:1, 1:0:1:0:0, 1:0:0:0:1, 1:0:0:0:0, 1:0:0:0:2, 2:0:0:0:1, 2:0:0:0:1, 2:0:0:0:3, 1:0:0:0:0, 1:0:0:0:1, 3:0:0:0:1, 1:0:0:0:2, 1:0:0:0:2, 1:0:1:0:0, 2:0:0:0:2, 2:0:1:0:2, 0:0:0:0:0, 1:0:0:0:1, 2:0:1:0:1, 0:0:0:0:0, 2:0:0:0:1, 1:0:0:0:1, 3:1:0:0:6, 3:0:0:0:1, 3:0:0:0:4, 2:0:0:0:4, 3:0:0:0:4, 3:1:0:0:5, 3:0:0:0:3, 3:0:0:0:5, 2:0:0:0:1, 3:0:0:0:3, 1:0:0:0:0, 0:0:0:0:0, 3:0:0:0:4, 2:0:0:0:1, 2:0:0:0:1, 3:0:0:0:2, 2:0:0:0:2, 3:0:0:0:3, 2:0:0:0:1, 1:0:0:0:1, 2:0:0:0:2, 1:0:0:0:0, 1:0:0:0:1, 0:0:0:0:0, 4:0:0:0:3, 1:0:0:0:2, 2:0:0:0:1, 1:0:1:0:0, 1:0:0:0:1, 2:0:0:0:1, 1:0:0:0:1, 1:0:0:0:2, 1:0:0:0:0, 1:0:0:0:0, 1:0:0:0:1, 2:0:0:0:2, 2:0:0:0:2, 2:0:0:0:2, 3:0:0:0:1, 1:0:0:0:1, 1:0:0:0:1, 2:0:0:0:2, 0:0:0:0:0, 1:0:1:0:0, 3:0:0:0:2, 1:0:0:0:1, 1:0:0:0:1, 2:0:0:0:0, 3:1:0:0:5, 3:0:0:0:1, 2:0:0:0:3, 4:0:0:0:5, 3:0:0:0:4, 3:0:0:0:4, 3:0:1:0:3, 3:0:0:0:6, 3:0:0:0:1, 3:0:0:0:1, 2:0:0:0:1, 1:0:0:0:2, 4:1:0:0:4, 3:0:0:0:2, 1:0:0:0:1, 2:0:0:0:2, 1:0:0:0:1, 3:0:0:0:2, 1:0:0:0:0, 1:0:0:0:1, 2:0:0:0:1, 3:0:0:0:3, 1:0:0:0:1, 2:0:0:0:1, 2:1:0:0:4, 3:0:0:0:4, 2:0:0:0:1, 1:0:0:0:1, 0:0:0:0:0, 1:0:0:0:1, 2:0:0:0:1, 1:0:0:0:1, 0:0:0:0:0, 2:0:0:0:0, 2:0:0:0:2, 1:0:0:0:1, 0:0:0:0:0, 0:0:0:0:0, 0:0:0:0:0, 0:0:0:0:0, 0:0:0:0:0, 0:0:0:0:0, 0:0:0:0:0, 0:0:0:0:0, 0:0:0:0:0, 0:0:0:0:0, 533:11:23:2:474
B mixolydian (5#), 3:0:0:0:0, 2:0:0:0:0, 4:0:0:0:0, 4:0:0:0:0, 4:0:0:0:0, 4:1:0:0:3, 3:1:0:0:1, 3:1:0:0:2, 2:1:0:0:1, 3:1:0:0:2, 3:1:1:0:2, 2:1:0:0:1, 3:2:0:0:2, 3:1:0:0:1, 2:1:0:0:1, 2:1:0:0:1, 3:1:0:0:2, 2:2:0:0:2, 1:0:2:0:2, 2:0:0:0:0, 2:0:0:0:0, 2:0:0:0:0, 2:0:0:0:0, 2:0:0:0:0, 2:0:0:0:0, 2:0:0:0:0, 2:0:0:0:1, 3:0:0:0:0, 3:1:0:0:1, 2:1:0:0:1, 3:0:0:0:0, 3:0:0:0:1, 2:0:0:0:0, 3:0:0:0:0, 2:0:0:0:0, 3:0:0:0:0, 2:0:0:0:0, 3:0:0:0:2, 3:1:0:0:1, 4:1:0:0:2, 3:1:0:0:1, 2:1:0:0:1, 0:0:0:0:0, 0:0:0:0:0, 3:0:0:0:2, 3:1:0:0:2, 3:1:0:0:1, 3:1:0:0:1, 1:0:0:0:0, 3:0:0:0:0, 4:0:0:0:0, 4:0:0:0:0, 2:0:0:0:0, 3:1:0:0:3, 4:1:0:0:1, 4:2:0:0:3, 3:1:0:0:1, 2:1:0:0:1, 3:1:0:0:2, 3:1:1:0:2, 3:1:0:0:2, 2:1:0:0:1, 2:1:0:0:1, 3:1:0:0:2, 1:1:0:0:1, 4:3:0:0:3, 1:0:0:0:0, 1:0:2:0:2, 2:0:0:0:0, 1:0:0:0:0, 3:0:0:0:0, 1:0:0:0:0, 3:0:0:3:3, 2:1:0:0:1, 5:0:0:0:0, 3:0:0:0:0, 3:1:0:0:1, 2:2:0:0:2, 4:0:0:0:0, 3:1:0:0:1, 3:0:0:0:0, 2:0:0:0:0, 4:0:0:0:1, 3:0:0:0:0, 2:0:0:0:0, 3:0:0:0:2, 3:1:0:0:1, 4:2:0:0:3, 2:1:0:0:1, 2:1:0:0:2, 1:0:0:0:0, 0:0:0:0:0, 3:0:0:0:2, 3:1:0:0:2, 3:1:0:0:1, 3:2:0:0:2, 2:0:0:0:0, 4:1:0:0:2, 3:0:0:0:0, 4:0:0:0:1, 2:0:0:0:0, 2:0:0:0:3, 3:1:0:0:1, 4:1:1:0:3, 2:2:0:0:2, 2:1:0:0:1, 4:1:0:0:1, 3:1:1:0:2, 2:1:0:0:1, 2:1:0:0:1, 3:1:1:0:1, 2:1:0:0:1, 2:1:0:0:2, 4:2:1:0:2, 1:0:0:0:0, 2:0:1:0:0, 2:0:0:0:0, 2:0:0:0:0, 1:0:0:0:0, 2:0:0:0:0, 3:0:0:0:0, 2:0:0:0:0, 3:0:0:0:0, 2:0:0:0:0, 4:1:0:0:2, 3:1:0:0:2, 3:0:0:0:0, 2:1:0:0:1, 1:0:0:0:0, 3:0:0:0:0, 4:0:0:0:0, 4:0:0:0:0, 2:0:0:0:0, 3:1:0:0:3, 3:1:1:0:1, 4:1:0:0:2, 2:1:0:0:1, 1:1:0:0:1, 0:0:0:0:0, 0:0:0:0:0, 3:0:0:0:2, 3:1:0:0:2, 3:2:0:0:2, 3:1:0:0:1, 3:0:0:0:0, 3:0:0:0:0, 3:0:0:0:0, 2:0:0:0:0, 2:0:0:0:0, 2:1:0:0:4, 3:1:0:0:1, 2:1:0:0:2, 2:2:0:0:2, 2:1:0:0:1, 4:1:0:0:2, 3:1:0:0:1, 2:1:0:0:1, 2:1:0:0:1, 2:1:0:0:1, 3:1:0:0:2, 2:1:0:0:1, 4:3:0:0:3, 1:0:0:0:0, 3:0:0:0:0, 2:0:0:0:0, 1:0:0:0:1, 2:0:0:0:0, 1:0:0:0:0, 3:0:1:0:1, 3:0:0:0:1, 2:0:0:0:0, 3:0:0:0:0, 2:1:0:0:1, 2:1:0:0:2, 3:0:0:0:0, 3:0:0:0:1, 2:0:0:0:0, 4:0:0:0:0, 4:0:0:0:0, 4:0:0:0:0, 2:0:0:0:0, 2:0:0:0:3, 3:1:0:0:1, 4:1:0:0:2, 2:1:0:0:1, 2:1:0:0:2, 1:0:0:0:0, 0:0:0:0:0, 2:0:0:0:2, 3:1:0:0:3, 3:2:0:0:2, 2:1:0:0:1, 4:0:0:0:0, 3:0:0:0:0, 3:0:0:0:0, 2:0:0:0:0, 2:0:0:0:0, 2:1:0:0:4, 3:1:0:0:1, 2:1:0:0:2, 2:2:0:0:2, 2:1:0:0:1, 4:1:0:0:2, 3:1:0:0:1, 2:1:0:0:1, 1:1:0:0:1, 2:1:0:0:1, 3:1:0:0:2, 2:1:0:0:1, 4:3:0:0:3, 1:0:0:0:0, 2:0:0:0:0, 2:0:0:0:0, 0:0:0:0:0, 2:0:0:0:0, 1:0:0:0:0, 3:0:1:0:1, 3:0:0:0:1, 2:0:0:0:0, 3:0:0:0:0, 3:1:0:0:1, 2:1:0:0:2, 3:0:0:0:0, 3:0:0:0:1, 2:0:0:0:0, 4:0:0:0:0, 4:0:0:0:0, 4:0:0:0:0, 2:0:0:0:0, 3:1:0:0:3, 3:1:0:0:1, 4:1:0:0:2, 2:1:0:0:1, 2:1:0:0:2, 2:0:0:0:0, 0:0:0:0:0, 2:0:0:0:2, 3:1:0:0:3, 3:2:0:0:2, 3:1:0:0:1, 2:0:0:0:0, 4:1:0:0:2, 3:0:0:0:1, 3:0:0:0:2, 1:0:0:0:0, 3:0:0:0:2, 3:1:0:0:1, 4:2:0:0:3, 4:2:0:0:2, 4:1:1:0:1, 2:2:0:0:2, 5:1:0:0:2, 2:1:1:0:2, 2:1:0:0:1, 4:1:0:0:1, 3:1:0:0:1, 1:1:0:0:1, 4:2:0:0:2, 1:0:0:0:0, 2:0:0:0:0, 2:0:0:0:0, 1:0:0:0:0, 3:0:0:0:1, 2:0:0:0:0, 2:0:0:0:0, 3:0:0:0:0, 3:0:0:0:0, 2:0:0:0:1, 4:1:0:0:1, 2:2:0:0:2, 2:0:0:0:0, 3:0:0:0:0, 1:0:0:0:0, 4:1:0:0:1, 2:0:0:0:0, 4:0:0:0:0, 3:0:0:0:0, 3:1:0:0:3, 2:1:0:0:1, 4:1:0:0:2, 2:1:0:0:1, 2:2:0:0:2, 0:0:0:0:0, 1:0:0:0:0, 4:0:0:0:2, 3:1:0:0:2, 1:1:0:0:1, 1:0:0:0:0, 4:0:0:0:2, 3:1:0:0:2, 1:1:0:0:1, 2:0:0:0:0, 2:0:0:0:3, 3:1:0:0:2, 1:1:0:0:1, 1:1:0:0:1, 1:1:0:0:1, 0:0:0:0:0, 0:0:0:0:0, 0:0:0:0:0, 0:0:0:0:0, 0:0:0:0:0, 0:0:0:0:0, 0:0:0:0:0, 746:169:16:3:284
Db aeolian (5b), 2:0:0:0:1, 2:0:0:0:1, 3:0:0:0:1, 2:0:0:0:1, 2:0:0:0:1, 1:0:0:0:1, 2:0:0:0:2, 2:0:1:0:1, 1:0:0:0:1, 1:0:0:0:1, 1:0:0:0:1, 1:0:0:0:1, 2:0:0:0:1, 1:0:0:0:1, 1:0:0:0:0, 1:0:0:0:2, 1:0:0:0:0, 1:0:0:0:1, 1:0:0:0:2, 5:0:0:0:2, 1:0:0:0:2, 3:1:0:0:5, 2:0:0:0:3, 3:0:2:0:2, 2:0:1:0:2, 2:0:0:0:5, 3:0:0:0:0, 4:0:1:0:2, 1:0:0:0:1, 1:0:1:0:0, 3:0:0:0:5, 2:0:0:0:1, 2:0:0:0:1, 3:0:0:0:2, 2:0:0:0:2, 1:0:0:0:1, 1:0:0:0:1, 2:0:0:0:2, 2:0:0:0:2, 1:0:0:0:0, 3:0:0:0:2, 1:0:1:0:0, 2:0:0:0:1, 1:0:0:0:3, 1:0:0:0:1, 1:0:0:0:0, 1:0:0:0:1, 2:0:0:0:2, 2:0:0:0:1, 4:0:0:0:2, 2:0:0:0:1, 3:0:0:0:1, 2:0:0:0:1, 1:0:0:0:1, 1:0:0:0:1, 2:0:0:0:1, 2:0:0:0:4, 2:0:0:0:2, 2:0:0:0:1, 1:0:0:0:1, 2:0:0:0:1, 0:0:0:0:0, 2:0:1:0:1, 0:0:0:0:0, 1:0:0:0:1, 1:0:0:0:1, 4:0:0:0:4, 1:0:0:0:1, 2:0:0:0:3, 2:1:0:0:4, 3:0:0:0:4, 2:0:2:0:1, 4:0:0:0:2, 1:0:0:0:4, 4:0:0:2:1, 3:0:0:0:2, 2:0:0:0:1, 1:0:0:0:1, 4:0:0:0:5, 2:0:0:0:2, 2:0:0:0:1, 2:0:0:0:1, 2:0:0:0:1, 2:0:0:0:1, 2:0:0:0:2, 2:0:0:0:2, 2:0:0:0:2, 2:0:0:0:2, 1:0:0:0:1, 0:0:0:0:0, 3:0:0:0:2, 1:0:0:0:2, 1:0:0:0:1, 1:0:0:0:0, 1:0:0:0:1, 2:0:0:0:1, 1:0:0:0:1, 1:0:0:0:2, 1:0:0:0:0, 2:1:0:0:3, 1:0:0:0:1, 2:0:0:0:1, 3:0:0:0:2, 1:0:0:0:1, 2:0:0:0:1, 1:0:1:0:0, 1:0:0:0:1, 1:0:0:0:1, 0:0:0:0:0, 1:0:0:0:1, 1:0:0:0:0, 1:0:0:0:1, 1:0:0:0:1, 2:0:0:0:0, 2:0:0:0:3, 1:0:0:0:1, 2:0:0:0:3, 2:0:0:0:3, 3:1:0:0:5, 3:0:0:0:3, 3:0:0:0:2, 4:0:0:0:4, 3:0:0:0:2, 2:0:0:0:1, 1:0:0:0:0, 1:0:0:0:1, 2:0:0:0:4, 2:0:0:0:2, 2:0:0:0:1, 4:0:0:0:2, 3:0:0:0:2, 4:0:0:0:2, 2:0:0:0:1, 1:0:0:0:1, 2:0:0:0:0, 1:0:0:0:1, 1:0:0:0:1, 0:0:0:0:0, 2:0:0:0:2, 2:0:0:0:2, 1:0:0:0:0, 1:0:2:0:0, 1:0:0:0:1, 3:0:0:0:2, 1:0:0:0:3, 2:0:0:0:1, 2:0:0:0:1, 2:0:0:0:3, 1:0:0:0:0, 1:0:0:0:1, 3:0:0:0:1, 1:0:0:0:2, 1:0:0:0:2, 1:0:1:0:0, 2:0:0:0:2, 2:0:1:0:2, 0:0:0:0:0, 0:0:0:0:0, 2:0:1:0:1, 0:0:0:0:0, 3:0:0:0:2, 1:0:0:0:1, 3:1:0:0:6, 3:0:0:0:2, 3:0:0:0:5, 2:0:0:0:3, 3:0:0:0:4, 3:1:0:0:5, 3:0:0:0:3, 3:0:0:0:5, 2:0:0:0:1, 3:0:0:0:3, 1:0:0:0:0, 0:0:0:0:0, 3:0:0:0:5, 2:0:0:0:1, 2:0:0:0:1, 3:0:0:0:2, 2:0:0:0:2, 3:0:0:0:3, 2:0:0:0:1, 1:0:0:0:1, 2:0:0:0:2, 1:0:0:0:0, 1:0:0:0:1, 0:0:0:0:0, 3:0:0:0:3, 1:0:0:0:2, 2:0:0:0:1, 1:0:1:0:0, 1:0:0:0:1, 1:0:0:0:0, 1:0:0:0:2, 2:0:0:0:1, 2:0:0:0:1, 2:0:0:0:3, 1:0:0:0:0, 1:0:0:0:1, 3:0:0:0:1, 1:0:0:0:2, 1:0:0:0:2, 1:0:1:0:0, 2:0:0:0:2, 2:0:1:0:2, 0:0:0:0:0, 1:0:0:0:1, 2:0:1:0:1, 0:0:0:0:0, 2:0:0:0:1, 1:0:0:0:1, 3:1:0:0:6, 3:0:0:0:1, 3:0:0:0:4, 2:0:0:0:4, 3:0:0:0:4, 3:1:0:0:5, 3:0:0:0:3, 3:0:0:0:5, 2:0:0:0:1, 3:0:0:0:3, 1:0:0:0:0, 0:0:0:0:0, 3:0:0:0:4, 2:0:0:0:1, 2:0:0:0:1, 3:0:0:0:2, 2:0:0:0:2, 3:0:0:0:3, 2:0:0:0:1, 1:0:0:0:1, 2:0:0:0:2, 1:0:0:0:0, 1:0:0:0:1, 0:0:0:0:0, 4:0:0:0:3, 1:0:0:0:2, 2:0:0:0:1, 1:0:1:0:0, 1:0:0:0:1, 2:0:0:0:1, 1:0:0:0:1, 1:0:0:0:2, 1:0:0:0:0, 1:0:0:0:0, 1:0:0:0:1, 2:0:0:0:2, 2:0:0:0:2, 2:0:0:0:2, 3:0:0:0:1, 1:0:0:0:1, 1:0:0:0:1, 2:0:0:0:2, 0:0:0:0:0, 1:0:1:0:0, 3:0:0:0:2, 1:0:0:0:1, 1:0:0:0:1, 2:0:0:0:0, 3:1:0:0:5, 3:0:0:0:1, 2:0:0:0:3, 4:0:0:0:5, 3:0:0:0:4, 3:0:0:0:4, 3:0:1:0:3, 3:0:0:0:6, 3:0:0:0:1, 3:0:0:0:1, 2:0:0:0:1, 1:0:0:0:2, 4:1:0:0:4, 3:0:0:0:2, 1:0:0:0:1, 2:0:0:0:2, 1:0:0:0:1, 3:0:0:0:2, 1:0:0:0:0, 1:0:0:0:1, 2:0:0:0:1, 3:0:0:0:3, 1:0:0:0:1, 2:0:0:0:1, 2:1:0:0:4, 3:0:0:0:4, 2:0:0:0:1, 1:0:0:0:1, 0:0:0:0:0, 1:0:0:0:1, 2:0:0:0:1, 1:0:0:0:1, 0:0:0:0:0, 2:0:0:0:0, 2:0:0:0:2, 1:0:0:0:1, 0:0:0:0:0, 0:0:0:0:0, 0:0:0:0:0, 0:0:0:0:0, 0:0:0:0:0, 0:0:0:0:0, 0:0:0:0:0, 0:0:0:0:0, 0:0:0:0:0, 0:0:0:0:0, 533:11:23:2:474
B aeolian (5#), 3:0:0:0:0, 2:0:0:0:0, 4:0:0:0:0, 4:0:0:0:0, 4:0:0:0:0, 4:1:0:0:3, 3:1:0:0:1, 3:1:0:0:2, 2:1:0:0:1, 3:1:0:0:2, 3:1:1:0:2, 2:1:0:0:1, 3:2:0:0:2, 3:1:0:0:1, 2:1:0:0:1, 2:1:0:0:1, 3:1:0:0:2, 2:2:0:0:2, 1:0:2:0:2, 2:0:0:0:0, 2:0:0:0:0, 2:0:0:0:0, 2:0:0:0:0, 2:0:0:0:0, 2:0:0:0:0, 2:0:0:0:0, 2:0:0:0:1, 3:0:0:0:0, 3:1:0:0:1, 2:1:0:0:1, 3:0:0:0:0, 3:0:0:0:1, 2:0:0:0:0, 3:0:0:0:0, 2:0:0:0:0, 3:0:0:0:0, 2:0:0:0:0, 3:0:0:0:2, 3:1:0:0:1, 4:1:0:0:2, 3:1:0:0:1, 2:1:0:0:1, 0:0:0:0:0, 0:0:0:0:0, 3:0:0:0:2, 3:1:0:0:2, 3:1:0:0:1, 3:1:0:0:1, 1:0:0:0:0, 3:0:0:0:0, 4:0:0:0:0, 4:0:0:0:0, 2:0:0:0:0, 3:1:0:0:3, 4:1:0:0:1, 4:2:0:0:3, 3:1:0:0:1, 2:1:0:0:1, 3:1:0:0:2, 3:1:1:0:2, 3:1:0:0:2, 2:1:0:0:1, 2:1:0:0:1, 3:1:0:0:2, 1:1:0:0:1, 4:3:0:0:3, 1:0:0:0:0, 1:0:2:0:2, 2:0:0:0:0, 1:0:0:0:0, 3:0:0:0:0, 1:0:0:0:0, 3:0:0:3:3, 2:1:0:0:1, 5:0:0:0:0, 3:0:0:0:0, 3:1:0:0:1, 2:2:0:0:2, 4:0:0:0:0, 3:1:0:0:1, 3:0:0:0:0, 2:0:0:0:0, 4:0:0:0:1, 3:0:0:0:0, 2:0:0:0:0, 3:0:0:0:2, 3:1:0:0:1, 4:2:0:0:3, 2:1:0:0:1, 2:1:0:0:2, 1:0:0:0:0, 0:0:0:0:0, 3:0:0:0:2, 3:1:0:0:2, 3:1:0:0:1, 3:2:0:0:2, 2:0:0:0:0, 4:1:0:0:2, 3:0:0:0:0, 4:0:0:0:1, 2:0:0:0:0, 2:0:0:0:3, 3:1:0:0:1, 4:1:1:0:3, 2:2:0:0:2, 2:1:0:0:1, 4:1:0:0:1, 3:1:1:0:2, 2:1:0:0:1, 2:1:0:0:1, 3:1:1:0:1, 2:1:0:0:1, 2:1:0:0:2, 4:2:1:0:2, 1:0:0:0:0, 2:0:1:0:0, 2:0:0:0:0, 2:0:0:0:0, 1:0:0:0:0, 2:0:0:0:0, 3:0:0:0:0, 2:0:0:0:0, 3:0:0:0:0, 2:0:0:0:0, 4:1:0:0:2, 3:1:0:0:2, 3:0:0:0:0, 2:1:0:0:1, 1:0:0:0:0, 3:0:0:0:0, 4:0:0:0:0, 4:0:0:0:0, 2:0:0:0:0, 3:1:0:0:3, 3:1:1:0:1, 4:1:0:0:2, 2:1:0:0:1, 1:1:0:0:1, 0:0:0:0:0, 0:0:0:0:0, 3:0:0:0:2, 3:1:0:0:2, 3:2:0:0:2, 3:1:0:0:1, 3:0:0:0:0, 3:0:0:0:0, 3:0:0:0:0, 2:0:0:0:0, 2:0:0:0:0, 2:1:0:0:4, 3:1:0:0:1, 2:1:0:0:2, 2:2:0:0:2, 2:1:0:0:1, 4:1:0:0:2, 3:1:0:0:1, 2:1:0:0:1, 2:1:0:0:1, 2:1:0:0:1, 3:1:0:0:2, 2:1:0:0:1, 4:3:0:0:3, 1:0:0:0:0, 3:0:0:0:0, 2:0:0:0:0, 1:0:0:0:1, 2:0:0:0:0, 1:0:0:0:0, 3:0:1:0:1, 3:0:0:0:1, 2:0:0:0:0, 3:0:0:0:0, 2:1:0:0:1, 2:1:0:0:2, 3:0:0:0:0, 3:0:0:0:1, 2:0:0:0:0, 4:0:0:0:0, 4:0:0:0:0, 4:0:0:0:0, 2:0:0:0:0, 2:0:0:0:3, 3:1:0:0:1, 4:1:0:0:2, 2:1:0:0:1, 2:1:0:0:2, 1:0:0:0:0, 0:0:0:0:0, 2:0:0:0:2, 3:1:0:0:3, 3:2:0:0:2, 2:1:0:0:1, 4:0:0:0:0, 3:0:0:0:0, 3:0:0:0:0, 2:0:0:0:0, 2:0:0:0:0, 2:1:0:0:4, 3:1:0:0:1, 2:1:0:0:2, 2:2:0:0:2, 2:1:0:0:1, 4:1:0:0:2, 3:1:0:0:1, 2:1:0:0:1, 1:1:0:0:1, 2:1:0:0:1, 3:1:0:0:2, 2:1:0:0:1, 4:3:0:0:3, 1:0:0:0:0, 2:0:0:0:0, 2:0:0:0:0, 0:0:0:0:0, 2:0:0:0:0, 1:0:0:0:0, 3:0:1:0:1, 3:0:0:0:1, 2:0:0:0:0, 3:0:0:0:0, 3:1:0:0:1, 2:1:0:0:2, 3:0:0:0:0, 3:0:0:0:1, 2:0:0:0:0, 4:0:0:0:0, 4:0:0:0:0, 4:0:0:0:0, 2:0:0:0:0, 3:1:0:0:3, 3:1:0:0:1, 4:1:0:0:2, 2:1:0:0:1, 2:1:0:0:2, 2:0:0:0:0, 0:0:0:0:0, 2:0:0:0:2, 3:1:0:0:3, 3:2:0:0:2, 3:1:0:0:1, 2:0:0:0:0, 4:1:0:0:2, 3:0:0:0:1, 3:0:0:0:2, 1:0:0:0:0, 3:0:0:0:2, 3:1:0:0:1, 4:2:0:0:3, 4:2:0:0:2, 4:1:1:0:1, 2:2:0:0:2, 5:1:0:0:2, 2:1:1:0:2, 2:1:0:0:1, 4:1:0:0:1, 3:1:0:0:1, 1:1:0:0:1, 4:2:0:0:2, 1:0:0:0:0, 2:0:0:0:0, 2:0:0:0:0, 1:0:0:0:0, 3:0:0:0:1, 2:0:0:0:0, 2:0:0:0:0, 3:0:0:0:0, 3:0:0:0:0, 2:0:0:0:1, 4:1:0:0:1, 2:2:0:0:2, 2:0:0:0:0, 3:0:0:0:0, 1:0:0:0:0, 4:1:0:0:1, 2:0:0:0:0, 4:0:0:0:0, 3:0:0:0:0, 3:1:0:0:3, 2:1:0:0:1, 4:1:0:0:2, 2:1:0:0:1, 2:2:0:0:2, 0:0:0:0:0, 1:0:0:0:0, 4:0:0:0:2, 3:1:0:0:2, 1:1:0:0:1, 1:0:0:0:0, 4:0:0:0:2, 3:1:0:0:2, 1:1:0:0:1, 2:0:0:0:0, 2:0:0:0:3, 3:1:0:0:2, 1:1:0:0:1, 1:1:0:0:1, 1:1:0:0:1, 0:0:0:0:0, 0:0:0:0:0, 0:0:0:0:0, 0:0:0:0:0, 0:0:0:0:0, 0:0:0:0:0, 0:0:0:0:0, 746:169:16:3:284
Db locrian (5b), 2:0:0:0:1, 2:0:0:0:1, 3:0:0:0:1, 2:0:0:0:1, 2:0:0:0:1, 1:0:0:0:1, 2:0:0:0:2, 2:0:1:0:1, 1:0:0:0:1, 1:0:0:0:1, 1:0:0:0:1, 1:0:0:0:1, 2:0:0:0:1, 1:0:0:0:1, 1:0:0:0:0, 1:0:0:0:2, 1:0:0:0:0, 1:0:0:0:1, 1:0:0:0:2, 5:0:0:0:2, 1:0:0:0:2, 3:1:0:0:5, 2:0:0:0:3, 3:0:2:0:2, 2:0:1:0:2, 2:0:0:0:5, 3:0:0:0:0, 4:0:1:0:2, 1:0:0:0:1, 1:0:1:0:0, 3:0:0:0:5, 2:0:0:0:1, 2:0:0:0:1, 3:0:0:0:2, 2:0:0:0:2, 1:0:0:0:1, 1:0:0:0:1, 2:0:0:0:2, 2:0:0:0:2, 1:0:0:0:0, 3:0:0:0:2, 1:0:1:0:0, 2:0:0:0:1, 1:0:0:0:3, 1:0:0:0:1, 1:0:0:0:0, 1:0:0:0:1, 2:0:0:0:2, 2:0:0:0:1, 4:0:0:0:2, 2:0:0:0:1, 3:0:0:0:1, 2:0:0:0:1, 1:0:0:0:1, 1:0:0:0:1, 2:0:0:0:1, 2:0:0:0:4, 2:0:0:0:2, 2:0:0:0:1, 1:0:0:0:1, 2:0:0:0:1, 0:0:0:0:0, 2:0:1:0:1, 0:0:0:0:0, 1:0:0:0:1, 1:0:0:0:1, 4:0:0:0:4, 1:0:0:0:1, 2:0:0:0:3, 2:1:0:0:4, 3:0:0:0:4, 2:0:2:0:1, 4:0:0:0:2, 1:0:0:0:4, 4:0:0:2:1, 3:0:0:0:2, 2:0:0:0:1, 1:0:0:0:1, 4:0:0:0:5, 2:0:0:0:2, 2:0:0:0:1, 2:0:0:0:1, 2:0:0:0:1, 2:0:0:0:1, 2:0:0:0:2, 2:0:0:0:2, 2:0:0:0:2, 2:0:0:0:2, 1:0:0:0:1, 0:0:0:0:0, 3:0:0:0:2, 1:0:0:0:2, 1:0:0:0:1, 1:0:0:0:0, 1:0:0:0:1, 2:0:0:0:1, 1:0:0:0:1, 1:0:0:0:2, 1:0:0:0:0, 2:1:0:0:3, 1:0:0:0:1, 2:0:0:0:1, 3:0:0:0:2, 1:0:0:0:1, 2:0:0:0:1, 1:0:1:0:0, 1:0:0:0:1, 1:0:0:0:1, 0:0:0:0:0, 1:0:0:0:1, 1:0:0:0:0, 1:0:0:0:1, 1:0:0:0:1, 2:0:0:0:0, 2:0:0:0:3, 1:0:0:0:1, 2:0:0:0:3, 2:0:0:0:3, 3:1:0:0:5, 3:0:0:0:3, 3:0:0:0:2, 4:0:0:0:4, 3:0:0:0:2, 2:0:0:0:1, 1:0:0:0:0, 1:0:0:0:1, 2:0:0:0:4, 2:0:0:0:2, 2:0:0:0:1, 4:0:0:0:2, 3:0:0:0:2, 4:0:0:0:2, 2:0:0:0:1, 1:0:0:0:1, 2:0:0:0:0, 1:0:0:0:1, 1:0:0:0:1, 0:0:0:0:0, 2:0:0:0:2, 2:0:0:0:2, 1:0:0:0:0, 1:0:2:0:0, 1:0:0:0:1, 3:0:0:0:2, 1:0:0:0:3, 2:0:0:0:1, 2:0:0:0:1, 2:0:0:0:3, 1:0:0:0:0, 1:0:0:0:1, 3:0:0:0:1, 1:0:0:0:2, 1:0:0:0:2, 1:0:1:0:0, 2:0:0:0:2, 2:0:1:0:2, 0:0:0:0:0, 0:0:0:0:0, 2:0:1:0:1, 0:0:0:0:0, 3:0:0:0:2, 1:0:0:0:1, 3:1:0:0:6, 3:0:0:0:2, 3:0:0:0:5, 2:0:0:0:3, 3:0:0:0:4, 3:1:0:0:5, 3:0:0:0:3, 3:0:0:0:5, 2:0:0:0:1, 3:0:0:0:3, 1:0:0:0:0, 0:0:0:0:0, 3:0:0:0:5, 2:0:0:0:1, 2:0:0:0:1, 3:0:0:0:2, 2:0:0:0:2, 3:0:0:0:3, 2:0:0:0:1, 1:0:0:0:1, 2:0:0:0:2, 1:0:0:0:0, 1:0:0:0:1, 0:0:0:0:0, 3:0:0:0:3, 1:0:0:0:2, 2:0:0:0:1, 1:0:1:0:0, 1:0:0:0:1, 1:0:0:0:0, 1:0:0:0:2, 2:0:0:0:1, 2:0:0:0:1, 2:0:0:0:3, 1:0:0:0:0, 1:0:0:0:1, 3:0:0:0:1, 1:0:0:0:2, 1:0:0:0:2, 1:0:1:0:0, 2:0:0:0:2, 2:0:1:0:2, 0:0:0:0:0, 1:0:0:0:1, 2:0:1:0:1, 0:0:0:0:0, 2:0:0:0:1, 1:0:0:0:1, 3:1:0:0:6, 3:0:0:0:1, 3:0:0:0:4, 2:0:0:0:4, 3:0:0:0:4, 3:1:0:0:5, 3:0:0:0:3, 3:0:0:0:5, 2:0:0:0:1, 3:0:0:0:3, 1:0:0:0:0, 0:0:0:0:0, 3:0:0:0:4, 2:0:0:0:1, 2:0:0:0:1, 3:0:0:0:2, 2:0:0:0:2, 3:0:0:0:3, 2:0:0:0:1, 1:0:0:0:1, 2:0:0:0:2, 1:0:0:0:0, 1:0:0:0:1, 0:0:0:0:0, 4:0:0:0:3, 1:0:0:0:2, 2:0:0:0:1, 1:0:1:0:0, 1:0:0:0:1, 2:0:0:0:1, 1:0:0:0:1, 1:0:0:0:2, 1:0:0:0:0, 1:0:0:0:0, 1:0:0:0:1, 2:0:0:0:2, 2:0:0:0:2, 2:0:0:0:2, 3:0:0:0:1, 1:0:0:0:1, 1:0:0:0:1, 2:0:0:0:2, 0:0:0:0:0, 1:0:1:0:0, 3:0:0:0:2, 1:0:0:0:1, 1:0:0:0:1, 2:0:0:0:0, 3:1:0:0:5, 3:0:0:0:1, 2:0:0:0:3, 4:0:0:0:5, 3:0:0:0:4, 3:0:0:0:4, 3:0:1:0:3, 3:0:0:0:6, 3:0:0:0:1, 3:0:0:0:1, 2:0:0:0:1, 1:0:0:0:2, 4:1:0:0:4, 3:0:0:0:2, 1:0:0:0:1, 2:0:0:0:2, 1:0:0:0:1, 3:0:0:0:2, 1:0:0:0:0, 1:0:0:0:1, 2:0:0:0:1, 3:0:0:0:3, 1:0:0:0:1, 2:0:0:0:1, 2:1:0:0:4, 3:0:0:0:4, 2:0:0:0:1, 1:0:0:0:1, 0:0:0:0:0, 1:0:0:0:1, 2:0:0:0:1, 1:0:0:0:1, 0:0:0:0:0, 2:0:0:0:0, 2:0:0:0:2, 1:0:0:0:1, 0:0:0:0:0, 0:0:0:0:0, 0:0:0:0:0, 0:0:0:0:0, 0:0:0:0:0, 0:0:0:0:0, 0:0:0:0:0, 0:0:0:0:0, 0:0:0:0:0, 0:0:0:0:0, 533:11:23:2:474
B locrian (5#), 3:0:0:0:0, 2:0:0:0:0, 4:0:0:0:0, 4:0:0:0:0, 4:0:0:0:0, 4:1:0:0:3, 3:1:0:0:1, 3:1:0:0:2, 2:1:0:0:1, 3:1:0:0:2, 3:1:1:0:2, 2:1:0:0:1, 3:2:0:0:2, 3:1:0:0:1, 2:1:0:0:1, 2:1:0:0:1, 3:1:0:0:2, 2:2:0:0:2, 1:0:2:0:2, 2:0:0:0:0, 2:0:0:0:0, 2:0:0:0:0, 2:0:0:0:0, 2:0:0:0:0, 2:0:0:0:0, 2:0:0:0:0, 2:0:0:0:1, 3:0:0:0:0, 3:1:0:0:1, 2:1:0:0:1, 3:0:0:0:0, 3:0:0:0:1, 2:0:0:0:0, 3:0:0:0:0, 2:0:0:0:0, 3:0:0:0:0, 2:0:0:0:0, 3:0:0:0:2, 3:1:0:0:1, 4:1:0:0:2, 3:1:0:0:1, 2:1:0:0:1, 0:0:0:0:0, 0:0:0:0:0, 3:0:0:0:2, 3:1:0:0:2, 3:1:0:0:1, 3:1:0:0:1, 1:0:0:0:0, 3:0:0:0:0, 4:0:0:0:0, 4:0:0:0:0, 2:0:0:0:0, 3:1:0:0:3, 4:1:0:0:1, 4:2:0:0:3, 3:1:0:0:1, 2:1:0:0:1, 3:1:0:0:2, 3:1:1:0:2, 3:1:0:0:2, 2:1:0:0:1, 2:1:0:0:1, 3:1:0:0:2, 1:1:0:0:1, 4:3:0:0:3, 1:0:0:0:0, 1:0:2:0:2, 2:0:0:0:0, 1:0:0:0:0, 3:0:0:0:0, 1:0:0:0:0, 3:0:0:3:3, 2:1:0:0:1, 5:0:0:0:0, 3:0:0:0:0, 3:1:0:0:1, 2:2:0:0:2, 4:0:0:0:0, 3:1:0:0:1, 3:0:0:0:0, 2:0:0:0:0, 4:0:0:0:1, 3:0:0:0:0, 2:0:0:0:0, 3:0:0:0:2, 3:1:0:0:1, 4:2:0:0:3, 2:1:0:0:1, 2:1:0:0:2, 1:0:0:0:0, 0:0:0:0:0, 3:0:0:0:2, 3:1:0:0:2, 3:1:0:0:1, 3:2:0:0:2, 2:0:0:0:0, 4:1:0:0:2, 3:0:0:0:0, 4:0:0:0:1, 2:0:0:0:0, 2:0:0:0:3, 3:1:0:0:1, 4:1:1:0:3, 2:2:0:0:2, 2:1:0:0:1, 4:1:0:0:1, 3:1:1:0:2, 2:1:0:0:1, 2:1:0:0:1, 3:1:1:0:1, 2:1:0:0:1, 2:1:0:0:2, 4:2:1:0:2, 1:0:0:0:0, 2:0:1:0:0, 2:0:0:0:0, 2:0:0:0:0, 1:0:0:0:0, 2:0:0:0:0, 3:0:0:0:0, 2:0:0:0:0, 3:0:0:0:0, 2:0:0:0:0, 4:1:0:0:2, 3:1:0:0:2, 3:0:0:0:0, 2:1:0:0:1, 1:0:0:0:0, 3:0:0:0:0, 4:0:0:0:0, 4:0:0:0:0, 2:0:0:0:0, 3:1:0:0:3, 3:1:1:0:1, 4:1:0:0:2, 2:1:0:0:1, 1:1:0:0:1, 0:0:0:0:0, 0:0:0:0:0, 3:0:0:0:2, 3:1:0:0:2, 3:2:0:0:2, 3:1:0:0:1, 3:0:0:0:0, 3:0:0:0:0, 3:0:0:0:0, 2:0:0:0:0, 2:0:0:0:0, 2:1:0:0:4, 3:1:0:0:1, 2:1:0:0:2, 2:2:0:0:2, 2:1:0:0:1, 4:1:0:0:2, 3:1:0:0:1, 2:1:0:0:1, 2:1:0:0:1, 2:1:0:0:1, 3:1:0:0:2, 2:1:0:0:1, 4:3:0:0:3, 1:0:0:0:0, 3:0:0:0:0, 2:0:0:0:0, 1:0:0:0:1, 2:0:0:0:0, 1:0:0:0:0, 3:0:1:0:1, 3:0:0:0:1, 2:0:0:0:0, 3:0:0:0:0, 2:1:0:0:1, 2:1:0:0:2, 3:0:0:0:0, 3:0:0:0:1, 2:0:0:0:0, 4:0:0:0:0, 4:0:0:0:0, 4:0:0:0:0, 2:0:0:0:0, 2:0:0:0:3, 3:1:0:0:1, 4:1:0:0:2, 2:1:0:0:1, 2:1:0:0:2, 1:0:0:0:0, 0:0:0:0:0, 2:0:0:0:2, 3:1:0:0:3, 3:2:0:0:2, 2:1:0:0:1, 4:0:0:0:0, 3:0:0:0:0, 3:0:0:0:0, 2:0:0:0:0, 2:0:0:0:0, 2:1:0:0:4, 3:1:0:0:1, 2:1:0:0:2, 2:2:0:0:2, 2:1:0:0:1, 4:1:0:0:2, 3:1:0:0:1, 2:1:0:0:1, 1:1:0:0:1, 2:1:0:0:1, 3:1:0:0:2, 2:1:0:0:1, 4:3:0:0:3, 1:0:0:0:0, 2:0:0:0:0, 2:0:0:0:0, 0:0:0:0:0, 2:0:0:0:0, 1:0:0:0:0, 3:0:1:0:1, 3:0:0:0:1, 2:0:0:0:0, 3:0:0:0:0, 3:1:0:0:1, 2:1:0:0:2, 3:0:0:0:0, 3:0:0:0:1, 2:0:0:0:0, 4:0:0:0:0, 4:0:0:0:0, 4:0:0:0:0, 2:0:0:0:0, 3:1:0:0:3, 3:1:0:0:1, 4:1:0:0:2, 2:1:0:0:1, 2:1:0:0:2, 2:0:0:0:0, 0:0:0:0:0, 2:0:0:0:2, 3:1:0:0:3, 3:2:0:0:2, 3:1:0:0:1, 2:0:0:0:0, 4:1:0:0:2, 3:0:0:0:1, 3:0:0:0:2, 1:0:0:0:0, 3:0:0:0:2, 3:1:0:0:1, 4:2:0:0:3, 4:2:0:0:2, 4:1:1:0:1, 2:2:0:0:2, 5:1:0:0:2, 2:1:1:0:2, 2:1:0:0:1, 4:1:0:0:1, 3:1:0:0:1, 1:1:0:0:1, 4:2:0:0:2, 1:0:0:0:0, 2:0:0:0:0, 2:0:0:0:0, 1:0:0:0:0, 3:0:0:0:1, 2:0:0:0:0, 2:0:0:0:0, 3:0:0:0:0, 3:0:0:0:0, 2:0:0:0:1, 4:1:0:0:1, 2:2:0:0:2, 2:0:0:0:0, 3:0:0:0:0, 1:0:0:0:0, 4:1:0:0:1, 2:0:0:0:0, 4:0:0:0:0, 3:0:0:0:0, 3:1:0:0:3, 2:1:0:0:1, 4:1:0:0:2, 2:1:0:0:1, 2:2:0:0:2, 0:0:0:0:0, 1:0:0:0:0, 4:0:0:0:2, 3:1:0:0:2, 1:1:0:0:1, 1:0:0:0:0, 4:0:0:0:2, 3:1:0:0:2, 1:1:0:0:1, 2:0:0:0:0, 2:0:0:0:3, 3:1:0:0:2, 1:1:0:0:1, 1:1:0:0:1, 1:1:0:0:1, 0:0:0:0:0, 0:0:0:0:0, 0:0:0:0:0, 0:0:0:0:0, 0:0:0:0:0, 0:0:0:0:0, 0:0:0:0:0, 746:169:16:3:284
Gb major (6b), 3:0:0:0:1, 3:0:0:0:1, 4:0:0:0:2, 3:0:0:0:2, 3:0:0:0:2, 2:0:0:0:1, 2:0:0:0:2, 1:0:0:0:1, 1:1:1:0:1, 1:0:0:0:1, 2:0:0:0:1, 1:0:0:0:1, 2:0:0:0:2, 1:0:0:0:1, 1:0:0:0:1, 1:0:0:0:0, 1:0:0:0:1, 1:0:0:0:1, 2:0:0:0:1, 5:0:0:0:3, 2:0:0:0:2, 3:1:0:0:5, 2:1:1:0:3, 3:0:2:0:2, 3:0:1:0:2, 2:0:0:0:5, 3:0:0:0:3, 4:0:1:0:3, 1:0:0:0:1, 2:0:0:0:0, 3:0:0:0:6, 2:0:0:0:3, 3:0:0:0:1, 4:0:0:0:3, 3:0:0:0:2, 2:0:0:0:1, 2:0:0:0:1, 2:1:1:0:2, 3:0:0:0:2, 1:0:0:0:2, 3:0:0:0:2, 1:0:1:0:0, 2:0:0:0:1, 1:0:0:0:1, 2:0:0:0:1, 1:0:0:0:1, 2:0:0:0:1, 2:0:0:0:3, 3:0:0:0:0, 5:0:0:0:2, 3:0:0:0:2, 4:0:0:0:3, 3:0:0:0:2, 1:1:1:0:1, 2:0:0:0:1, 2:0:0:0:2, 2:0:0:0:4, 1:0:0:0:1, 1:0:0:0:0, 2:0:0:0:1, 2:0:0:0:1, 1:0:0:0:0, 1:0:0:0:1, 0:0:0:0:0, 0:0:0:0:0, 1:0:0:0:1, 4:0:0:0:3, 2:0:0:0:1, 3:0:0:0:2, 3:1:0:0:4, 3:1:1:0:4, 2:0:2:0:1, 4:0:0:0:5, 1:0:0:0:4, 4:0:0:2:4, 3:0:0:0:4, 2:1:1:0:2, 1:0:0:0:1, 5:0:0:0:6, 2:0:0:0:4, 3:0:0:0:1, 3:0:0:0:1, 3:0:0:0:2, 3:0:0:0:2, 3:0:0:0:2, 2:1:1:0:2, 3:0:0:0:2, 2:0:0:0:2, 1:1:1:0:1, 0:0:0:0:0, 3:0:0:0:2, 1:0:0:0:1, 2:0:0:0:1, 1:0:0:0:1, 2:0:0:0:1, 2:0:0:0:3, 2:0:0:0:1, 2:0:0:0:2, 2:0:0:0:1, 3:1:0:0:3, 2:0:0:0:1, 1:0:0:0:1, 3:0:0:0:3, 2:0:0:0:1, 2:0:0:0:1, 2:0:0:0:0, 2:0:0:0:1, 2:0:0:0:1, 1:0:0:0:0, 1:0:0:0:1, 1:0:0:0:1, 1:0:0:0:0, 0:0:0:0:0, 2:0:0:0:1, 2:0:0:0:2, 2:0:0:0:1, 2:0:0:0:2, 2:0:0:0:4, 2:1:0:0:4, 3:1:1:0:3, 3:0:0:0:4, 4:0:0:0:4, 3:0:0:0:4, 2:0:0:0:4, 2:0:0:0:1, 1:0:0:0:1, 3:0:0:0:4, 1:0:0:0:2, 3:0:0:0:0, 5:0:0:0:2, 4:0:0:0:3, 5:0:0:0:2, 3:0:0:0:2, 1:1:1:0:1, 2:0:0:0:1, 2:0:0:0:1, 1:1:1:0:1, 0:0:0:0:0, 2:0:0:0:1, 2:0:0:0:1, 2:0:0:0:1, 0:0:0:0:0, 2:0:0:0:1, 2:0:0:0:2, 2:0:0:0:3, 3:0:0:0:1, 3:0:0:0:2, 3:0:0:0:1, 2:0:0:0:2, 0:0:0:0:0, 3:0:0:0:2, 1:0:0:0:2, 1:0:0:0:2, 2:0:0:0:0, 1:0:0:0:1, 3:0:0:0:2, 1:0:0:0:0, 0:0:0:0:0, 1:0:0:0:1, 0:0:0:0:0, 2:0:0:0:1, 1:0:0:0:1, 3:0:0:0:3, 4:0:0:0:4, 3:0:0:0:4, 1:0:0:0:2, 3:1:1:0:4, 2:1:0:0:4, 4:0:0:0:3, 3:0:0:0:5, 2:0:0:0:5, 3:0:0:0:4, 1:0:0:0:2, 0:0:0:0:0, 3:0:0:0:6, 2:0:0:0:3, 3:0:0:0:1, 4:0:0:0:2, 3:0:0:0:2, 4:0:0:0:5, 3:0:0:0:2, 1:1:1:0:1, 3:0:0:0:2, 1:0:0:0:1, 1:1:1:0:1, 0:0:0:0:0, 3:0:0:0:2, 1:0:0:0:1, 2:0:0:0:2, 0:0:0:0:0, 2:0:0:0:1, 1:0:0:0:1, 2:0:0:0:2, 3:0:0:0:1, 3:0:0:0:2, 3:0:0:0:1, 2:0:0:0:2, 0:0:0:0:0, 3:0:0:0:2, 1:0:0:0:2, 1:0:0:0:2, 2:0:0:0:0, 1:0:0:0:1, 3:0:0:0:2, 1:0:0:0:0, 0:0:0:0:0, 1:0:0:0:1, 0:0:0:0:0, 1:0:0:0:1, 1:0:0:0:1, 3:0:0:0:2, 4:0:0:0:2, 3:0:0:0:3, 1:0:0:0:3, 3:1:1:0:4, 2:1:0:0:4, 4:0:0:0:3, 3:0:0:0:5, 2:0:0:0:5, 3:0:0:0:4, 1:0:0:0:1, 0:0:0:0:0, 3:0:0:0:5, 2:0:0:0:3, 3:0:0:0:1, 4:0:0:0:2, 3:0:0:0:2, 4:0:0:0:5, 3:0:0:0:2, 1:1:1:0:1, 3:0:0:0:2, 1:0:0:0:1, 1:1:1:0:1, 0:0:0:0:0, 4:0:0:0:3, 1:0:0:0:1, 2:0:0:0:2, 0:0:0:0:0, 2:0:0:0:1, 2:0:0:0:3, 2:0:0:0:1, 2:0:0:0:2, 2:0:0:0:1, 2:0:0:0:1, 2:0:0:0:1, 2:1:1:0:2, 3:0:0:0:2, 2:0:0:0:2, 3:0:0:0:3, 2:0:0:0:1, 1:0:0:0:1, 2:0:0:0:2, 1:0:0:0:0, 0:0:0:0:0, 2:0:0:0:2, 1:0:0:0:1, 0:0:0:0:0, 2:0:0:0:1, 3:0:0:0:2, 4:0:0:0:3, 2:0:0:0:2, 3:0:0:0:4, 2:0:0:0:4, 3:1:1:0:4, 2:0:0:0:3, 3:0:0:0:7, 3:0:0:0:3, 3:0:0:0:3, 2:0:0:0:2, 1:0:0:0:2, 4:1:0:0:4, 3:0:0:0:5, 2:0:0:0:1, 3:0:0:0:3, 2:0:0:0:1, 4:0:0:0:2, 2:0:0:0:1, 1:1:1:0:1, 2:0:0:0:2, 3:0:0:0:3, 1:0:0:0:1, 2:0:0:0:1, 2:0:0:0:1, 3:0:0:0:3, 2:0:0:0:2, 1:0:0:0:1, 0:0:0:0:0, 2:0:0:0:1, 2:0:0:0:3, 1:0:0:0:1, 0:0:0:0:0, 3:0:0:0:1, 1:0:0:0:1, 1:0:0:0:1, 0:0:0:0:0, 0:0:0:0:0, 0:0:0:0:0, 0:0:0:0:0, 0:0:0:0:0, 0:0:0:0:0, 0:0:0:0:0, 0:0:0:0:0, 0:0:0:0:0, 0:0:0:0:0, 610:27:27:2:541
F# major (6#), 3:0:0:0:2, 2:0:0:0:2, 4:0:0:0:1, 4:0:0:0:2, 4:0:0:0:2, 4:0:0:0:2, 4:1:0:0:1, 3:1:0:0:1, 2:1:0:0:2, 3:1:0:0:1, 3:1:1:0:1, 2:1:0:0:1, 3:2:0:0:2, 3:1:0:0:1, 2:1:0:0:1, 2:1:0:0:2, 2:1:0:0:1, 2:2:0:0:2, 1:0:2:0:0, 2:0:0:0:0, 2:0:0:0:1, 3:0:0:0:0, 2:0:0:0:1, 3:0:0:0:0, 3:0:0:0:1, 2:0:0:0:0, 1:0:0:0:0, 4:0:0:0:0, 3:1:0:0:1, 2:1:0:0:2, 3:0:0:0:0, 2:0:0:0:0, 2:0:0:0:2, 3:0:0:0:1, 2:0:0:0:3, 3:0:0:0:1, 2:0:0:0:2, 3:0:0:0:2, 4:1:0:0:2, 3:1:0:0:1, 3:1:0:0:1, 2:1:0:0:1, 0:0:0:0:0, 0:0:0:0:0, 3:0:0:0:2, 2:1:0:0:1, 3:1:0:0:2, 3:1:0:0:1, 1:0:0:0:3, 3:0:0:0:1, 4:0:0:0:2, 4:0:0:0:1, 2:0:0:0:2, 3:0:0:0:2, 4:1:0:0:2, 3:2:0:0:2, 3:1:0:0:1, 2:1:0:0:1, 3:1:0:0:2, 3:1:1:0:1, 3:1:0:0:1, 2:1:0:0:2, 2:1:0:0:1, 2:1:0:0:1, 1:1:0:0:1, 4:3:0:0:3, 2:0:0:0:0, 1:0:2:0:0, 2:0:0:0:1, 2:0:0:0:1, 3:0:0:0:1, 2:0:0:0:0, 3:0:0:3:3, 2:1:0:0:1, 5:0:0:0:0, 3:0:0:0:0, 3:1:0:0:2, 2:2:0:0:2, 5:0:0:0:1, 3:1:0:0:1, 3:0:0:0:2, 2:0:0:0:2, 3:0:0:0:1, 3:0:0:0:2, 3:0:0:0:2, 3:0:0:0:2, 4:1:0:0:2, 3:2:0:0:2, 2:1:0:0:2, 2:1:0:0:1, 1:0:0:0:0, 0:0:0:0:0, 3:0:0:0:2, 2:1:0:0:1, 3:1:0:0:2, 3:2:0:0:2, 2:0:0:0:3, 3:1:0:0:2, 3:0:0:0:2, 3:0:0:0:1, 2:0:0:0:2, 2:0:0:0:1, 4:1:0:0:1, 3:1:1:0:1, 2:2:0:0:2, 2:1:0:0:2, 4:1:0:0:2, 3:1:1:0:1, 2:1:0:0:2, 2:1:0:0:1, 2:1:0:0:1, 2:1:0:0:2, 1:1:0:0:1, 3:2:0:0:2, 1:0:0:0:0, 1:0:0:0:1, 2:0:0:0:0, 3:0:0:0:0, 1:0:0:0:0, 2:0:0:0:1, 3:0:0:0:0, 3:0:0:0:0, 3:0:0:0:0, 2:0:0:0:0, 4:1:0:0:2, 3:1:0:0:1, 3:0:0:0:1, 2:1:0:0:1, 1:0:0:0:3, 3:0:0:0:1, 4:0:0:0:2, 4:0:0:0:1, 2:0:0:0:2, 3:0:0:0:2, 2:1:0:0:1, 3:1:0:0:2, 2:1:0:0:2, 1:1:0:0:1, 0:0:0:0:0, 0:0:0:0:0, 3:0:0:0:2, 2:1:0:0:1, 3:2:0:0:4, 3:1:0:0:1, 3:0:0:0:2, 3:0:0:0:1, 3:0:0:0:2, 2:0:0:0:2, 2:0:0:0:2, 2:0:0:0:1, 3:1:0:0:1, 2:3:2:0:3, 2:2:0:0:2, 2:1:0:0:2, 4:1:0:0:1, 3:1:0:0:2, 2:1:0:0:2, 2:1:0:0:1, 2:1:0:0:1, 2:1:0:0:1, 2:1:0:0:1, 4:3:0:0:3, 1:0:0:0:0, 3:0:0:0:1, 2:0:0:0:0, 2:0:0:0:0, 3:0:0:0:1, 1:0:0:0:0, 4:0:1:0:0, 3:0:0:0:0, 2:0:0:0:0, 3:0:0:0:0, 2:1:0:0:1, 2:1:0:0:1, 3:0:0:0:0, 2:0:0:0:0, 2:0:0:0:2, 4:0:0:0:1, 4:0:0:0:2, 4:0:0:0:1, 2:0:0:0:2, 2:0:0:0:2, 4:1:0:0:2, 3:1:0:0:1, 2:1:0:0:2, 2:1:0:0:1, 1:0:0:0:0, 0:0:0:0:0, 3:0:0:0:1, 2:1:0:0:1, 3:2:0:0:3, 2:1:0:0:1, 4:0:0:0:2, 3:0:0:0:1, 3:0:0:0:2, 2:0:0:0:2, 2:0:0:0:2, 2:0:0:0:1, 3:1:0:0:1, 2:3:2:0:3, 2:2:0:0:2, 2:1:0:0:2, 4:1:0:0:1, 3:1:0:0:2, 2:1:0:0:2, 1:1:0:0:1, 2:1:0:0:1, 2:1:0:0:1, 2:1:0:0:1, 4:3:0:0:3, 1:0:0:0:0, 2:0:0:0:1, 2:0:0:0:0, 1:0:0:0:0, 3:0:0:0:1, 1:0:0:0:0, 4:0:1:0:0, 3:0:0:0:0, 2:0:0:0:0, 3:0:0:0:0, 3:1:0:0:1, 2:1:0:0:1, 3:0:0:0:0, 2:0:0:0:0, 2:0:0:0:2, 4:0:0:0:1, 4:0:0:0:2, 4:0:0:0:1, 2:0:0:0:2, 3:0:0:0:2, 4:1:0:0:2, 3:1:0:0:1, 2:1:0:0:2, 2:1:0:0:1, 2:0:0:0:0, 0:0:0:0:0, 3:0:0:0:1, 2:1:0:0:1, 3:2:0:0:3, 3:1:0:0:1, 2:0:0:0:3, 3:1:0:0:2, 2:0:0:0:1, 2:0:0:0:1, 1:0:0:0:2, 3:0:0:0:2, 4:1:0:0:2, 3:2:0:0:2, 4:2:0:0:2, 4:1:0:0:2, 2:2:0:0:2, 5:1:0:0:1, 2:1:1:0:1, 2:1:0:0:1, 4:1:0:0:1, 3:1:0:0:1, 1:1:0:0:1, 4:2:0:0:2, 1:0:0:0:0, 2:0:0:0:1, 2:0:0:0:0, 2:0:0:0:0, 2:0:0:0:0, 3:0:0:0:1, 3:0:0:0:0, 3:0:0:0:0, 3:0:0:0:0, 2:0:0:0:0, 4:1:0:0:1, 2:2:0:0:2, 2:0:0:0:0, 3:0:0:0:0, 1:0:0:0:3, 4:1:0:0:2, 2:0:0:0:2, 4:0:0:0:1, 3:0:0:0:2, 3:0:0:0:2, 3:1:0:0:1, 4:1:0:0:1, 2:1:0:0:1, 2:2:0:0:2, 0:0:0:0:0, 2:0:0:0:0, 4:0:0:0:1, 2:1:0:0:1, 1:1:0:0:1, 2:0:0:0:3, 4:0:0:0:1, 2:1:0:0:1, 1:1:0:0:1, 2:0:0:0:3, 2:0:0:0:1, 2:1:0:0:1, 1:1:0:0:1, 1:1:0:0:1, 1:1:0:0:1, 0:0:0:0:0, 0:0:0:0:0, 0:0:0:0:0, 0:0:0:0:0, 0:0:0:0:0, 0:0:0:0:0, 0:0:0:0:0, 742:166:15:3:363
Eb minor (6b), 3:0:0:0:1, 3:0:0:0:1, 4:0:0:0:2, 3:0:0:0:2, 3:0:0:0:2, 2:0:0:0:1, 2:0:0:0:2, 1:0:0:0:1, 1:1:1:0:1, 1:0:0:0:1, 2:0:0:0:1, 1:0:0:0:1, 2:0:0:0:2, 1:0:0:0:1, 1:0:0:0:1, 1:0:0:0:0, 1:0:0:0:1, 1:0:0:0:1, 2:0:0:0:1, 5:0:0:0:3, 2:0:0:0:2, 3:1:0:0:5, 2:1:1:0:3, 3:0:2:0:2, 3:0:1:0:2, 2:0:0:0:5, 3:0:0:0:3, 4:0:1:0:3, 1:0:0:0:1, 2:0:0:0:0, 3:0:0:0:6, 2:0:0:0:3, 3:0:0:0:1, 4:0:0:0:3, 3:0:0:0:2, 2:0:0:0:1, 2:0:0:0:1, 2:1:1:0:2, 3:0:0:0:2, 1:0:0:0:2, 3:0:0:0:2, 1:0:1:0:0, 2:0:0:0:1, 1:0:0:0:1, 2:0:0:0:1, 1:0:0:0:1, 2:0:0:0:1, 2:0:0:0:3, 3:0:0:0:0, 5:0:0:0:2, 3:0:0:0:2, 4:0:0:0:3, 3:0:0:0:2, 1:1:1:0:1, 2:0:0:0:1, 2:0:0:0:2, 2:0:0:0:4, 1:0:0:0:1, 1:0:0:0:0, 2:0:0:0:1, 2:0:0:0:1, 1:0:0:0:0, 1:0:0:0:1, 0:0:0:0:0, 0:0:0:0:0, 1:0:0:0:1, 4:0:0:0:3, 2:0:0:0:1, 3:0:0:0:2, 3:1:0:0:4, 3:1:1:0:4, 2:0:2:0:1, 4:0:0:0:5, 1:0:0:0:4, 4:0:0:2:4, 3:0:0:0:4, 2:1:1:0:2, 1:0:0:0:1, 5:0:0:0:6, 2:0:0:0:4, 3:0:0:0:1, 3:0:0:0:1, 3:0:0:0:2, 3:0:0:0:2, 3:0:0:0:2, 2:1:1:0:2, 3:0:0:0:2, 2:0:0:0:2, 1:1:1:0:1, 0:0:0:0:0, 3:0:0:0:2, 1:0:0:0:1, 2:0:0:0:1, 1:0:0:0:1, 2:0:0:0:1, 2:0:0:0:3, 2:0:0:0:1, 2:0:0:0:2, 2:0:0:0:1, 3:1:0:0:3, 2:0:0:0:1, 1:0:0:0:1, 3:0:0:0:3, 2:0:0:0:1, 2:0:0:0:1, 2:0:0:0:0, 2:0:0:0:1, 2:0:0:0:1, 1:0:0:0:0, 1:0:0:0:1, 1:0:0:0:1, 1:0:0:0:0, 0:0:0:0:0, 2:0:0:0:1, 2:0:0:0:2, 2:0:0:0:1, 2:0:0:0:2, 2:0:0:0:4, 2:1:0:0:4, 3:1:1:0:3, 3:0:0:0:4, 4:0:0:0:4, 3:0:0:0:4, 2:0:0:0:4, 2:0:0:0:1, 1:0:0:0:1, 3:0:0:0:4, 1:0:0:0:2, 3:0:0:0:0, 5:0:0:0:2, 4:0:0:0:3, 5:0:0:0:2, 3:0:0:0:2, 1:1:1:0:1, 2:0:0:0:1, 2:0:0:0:1, 1:1:1:0:1, 0:0:0:0:0, 2:0:0:0:1, 2:0:0:0:1, 2:0:0:0:1, 0:0:0:0:0, 2:0:0:0:1, 2:0:0:0:2, 2:0:0:0:3, 3:0:0:0:1, 3:0:0:0:2, 3:0:0:0:1, 2:0:0:0:2, 0:0:0:0:0, 3:0:0:0:2, 1:0:0:0:2, 1:0:0:0:2, 2:0:0:0:0, 1:0:0:0:1, 3:0:0:0:2, 1:0:0:0:0, 0:0:0:0:0, 1:0:0:0:1, 0:0:0:0:0, 2:0:0:0:1, 1:0:0:0:1, 3:0:0:0:3, 4:0:0:0:4, 3:0:0:0:4, 1:0:0:0:2, 3:1:1:0:4, 2:1:0:0:4, 4:0:0:0:3, 3:0:0:0:5, 2:0:0:0:5, 3:0:0:0:4, 1:0:0:0:2, 0:0:0:0:0, 3:0:0:0:6, 2:0:0:0:3, 3:0:0:0:1, 4:0:0:0:2, 3:0:0:0:2, 4:0:0:0:5, 3:0:0:0:2, 1:1:1:0:1, 3:0:0:0:2, 1:0:0:0:1, 1:1:1:0:1, 0:0:0:0:0, 3:0:0:0:2, 1:0:0:0:1, 2:0:0:0:2, 0:0:0:0:0, 2:0:0:0:1, 1:0:0:0:1, 2:0:0:0:2, 3:0:0:0:1, 3:0:0:0:2, 3:0:0:0:1, 2:0:0:0:2, 0:0:0:0:0, 3:0:0:0:2, 1:0:0:0:2, 1:0:0:0:2, 2:0:0:0:0, 1:0:0:0:1, 3:0:0:0:2, 1:0:0:0:0, 0:0:0:0:0, 1:0:0:0:1, 0:0:0:0:0, 1:0:0:0:1, 1:0:0:0:1, 3:0:0:0:2, 4:0:0:0:2, 3:0:0:0:3, 1:0:0:0:3, 3:1:1:0:4, 2:1:0:0:4, 4:0:0:0:3, 3:0:0:0:5, 2:0:0:0:5, 3:0:0:0:4, 1:0:0:0:1, 0:0:0:0:0, 3:0:0:0:5, 2:0:0:0:3, 3:0:0:0:1, 4:0:0:0:2, 3:0:0:0:2, 4:0:0:0:5, 3:0:0:0:2, 1:1:1:0:1, 3:0:0:0:2, 1:0:0:0:1, 1:1:1:0:1, 0:0:0:0:0, 4:0:0:0:3, 1:0:0:0:1, 2:0:0:0:2, 0:0:0:0:0, 2:0:0:0:1, 2:0:0:0:3, 2:0:0:0:1, 2:0:0:0:2, 2:0:0:0:1, 2:0:0:0:1, 2:0:0:0:1, 2:1:1:0:2, 3:0:0:0:2, 2:0:0:0:2, 3:0:0:0:3, 2:0:0:0:1, 1:0:0:0:1, 2:0:0:0:2, 1:0:0:0:0, 0:0:0:0:0, 2:0:0:0:2, 1:0:0:0:1, 0:0:0:0:0, 2:0:0:0:1, 3:0:0:0:2, 4:0:0:0:3, 2:0:0:0:2, 3:0:0:0:4, 2:0:0:0:4, 3:1:1:0:4, 2:0:0:0:3, 3:0:0:0:7, 3:0:0:0:3, 3:0:0:0:3, 2:0:0:0:2, 1:0:0:0:2, 4:1:0:0:4, 3:0:0:0:5, 2:0:0:0:1, 3:0:0:0:3, 2:0:0:0:1, 4:0:0:0:2, 2:0:0:0:1, 1:1:1:0:1, 2:0:0:0:2, 3:0:0:0:3, 1:0:0:0:1, 2:0:0:0:1, 2:0:0:0:1, 3:0:0:0:3, 2:0:0:0:2, 1:0:0:0:1, 0:0:0:0:0, 2:0:0:0:1, 2:0:0:0:3, 1:0:0:0:1, 0:0:0:0:0, 3:0:0:0:1, 1:0:0:0:1, 1:0:0:0:1, 0:0:0:0:0, 0:0:0:0:0, 0:0:0:0:0, 0:0:0:0:0, 0:0:0:0:0, 0:0:0:0:0, 0:0:0:0:0, 0:0:0:0:0, 0:0:0:0:0, 0:0:0:0:0, 610:27:27:2:541
D# minor (6#), 3:0:0:0:2, 2:0:0:0:2, 4:0:0:0:1, 4:0:0:0:2, 4:0:0:0:2, 4:0:0:0:2, 4:1:0:0:1, 3:1:0:0:1, 2:1:0:0:2, 3:1:0:0:1, 3:1:1:0:1, 2:1:0:0:1, 3:2:0:0:2, 3:1:0:0:1, 2:1:0:0:1, 2:1:0:0:2, 2:1:0:0:1, 2:2:0:0:2, 1:0:2:0:0, 2:0:0:0:0, 2:0:0:0:1, 3:0:0:0:0, 2:0:0:0:1, 3:0:0:0:0, 3:0:0:0:1, 2:0:0:0:0, 1:0:0:0:0, 4:0:0:0:0, 3:1:0:0:1, 2:1:0:0:2, 3:0:0:0:0, 2:0:0:0:0, 2:0:0:0:2, 3:0:0:0:1, 2:0:0:0:3, 3:0:0:0:1, 2:0:0:0:2, 3:0:0:0:2, 4:1:0:0:2, 3:1:0:0:1, 3:1:0:0:1, 2:1:0:0:1, 0:0:0:0:0, 0:0:0:0:0, 3:0:0:0:2, 2:1:0:0:1, 3:1:0:0:2, 3:1:0:0:1, 1:0:0:0:3, 3:0:0:0:1, 4:0:0:0:2, 4:0:0:0:1, 2:0:0:0:2, 3:0:0:0:2, 4:1:0:0:2, 3:2:0:0:2, 3:1:0:0:1, 2:1:0:0:1, 3:1:0:0:2, 3:1:1:0:1, 3:1:0:0:1, 2:1:0:0:2, 2:1:0:0:1, 2:1:0:0:1, 1:1:0:0:1, 4:3:0:0:3, 2:0:0:0:0, 1:0:2:0:0, 2:0:0:0:1, 2:0:0:0:1, 3:0:0:0:1, 2:0:0:0:0, 3:0:0:3:3, 2:1:0:0:1, 5:0:0:0:0, 3:0:0:0:0, 3:1:0:0:2, 2:2:0:0:2, 5:0:0:0:1, 3:1:0:0:1, 3:0:0:0:2, 2:0:0:0:2, 3:0:0:0:1, 3:0:0:0:2, 3:0:0:0:2, 3:0:0:0:2, 4:1:0:0:2, 3:2:0:0:2, 2:1:0:0:2, 2:1:0:0:1, 1:0:0:0:0, 0:0:0:0:0, 3:0:0:0:2, 2:1:0:0:1, 3:1:0:0:2, 3:2:0:0:2, 2:0:0:0:3, 3:1:0:0:2, 3:0:0:0:2, 3:0:0:0:1, 2:0:0:0:2, 2:0:0:0:1, 4:1:0:0:1, 3:1:1:0:1, 2:2:0:0:2, 2:1:0:0:2, 4:1:0:0:2, 3:1:1:0:1, 2:1:0:0:2, 2:1:0:0:1, 2:1:0:0:1, 2:1:0:0:2, 1:1:0:0:1, 3:2:0:0:2, 1:0:0:0:0, 1:0:0:0:1, 2:0:0:0:0, 3:0:0:0:0, 1:0:0:0:0, 2:0:0:0:1, 3:0:0:0:0, 3:0:0:0:0, 3:0:0:0:0, 2:0:0:0:0, 4:1:0:0:2, 3:1:0:0:1, 3:0:0:0:1, 2:1:0:0:1, 1:0:0:0:3, 3:0:0:0:1, 4:0:0:0:2, 4:0:0:0:1, 2:0:0:0:2, 3:0:0:0:2, 2:1:0:0:1, 3:1:0:0:2, 2:1:0:0:2, 1:1:0:0:1, 0:0:0:0:0, 0:0:0:0:0, 3:0:0:0:2, 2:1:0:0:1, 3:2:0:0:4, 3:1:0:0:1, 3:0:0:0:2, 3:0:0:0:1, 3:0:0:0:2, 2:0:0:0:2, 2:0:0:0:2, 2:0:0:0:1, 3:1:0:0:1, 2:3:2:0:3, 2:2:0:0:2, 2:1:0:0:2, 4:1:0:0:1, 3:1:0:0:2, 2:1:0:0:2, 2:1:0:0:1, 2:1:0:0:1, 2:1:0:0:1, 2:1:0:0:1, 4:3:0:0:3, 1:0:0:0:0, 3:0:0:0:1, 2:0:0:0:0, 2:0:0:0:0, 3:0:0:0:1, 1:0:0:0:0, 4:0:1:0:0, 3:0:0:0:0, 2:0:0:0:0, 3:0:0:0:0, 2:1:0:0:1, 2:1:0:0:1, 3:0:0:0:0, 2:0:0:0:0, 2:0:0:0:2, 4:0:0:0:1, 4:0:0:0:2, 4:0:0:0:1, 2:0:0:0:2, 2:0:0:0:2, 4:1:0:0:2, 3:1:0:0:1, 2:1:0:0:2, 2:1:0:0:1, 1:0:0:0:0, 0:0:0:0:0, 3:0:0:0:1, 2:1:0:0:1, 3:2:0:0:3, 2:1:0:0:1, 4:0:0:0:2, 3:0:0:0:1, 3:0:0:0:2, 2:0:0:0:2, 2:0:0:0:2, 2:0:0:0:1, 3:1:0:0:1, 2:3:2:0:3, 2:2:0:0:2, 2:1:0:0:2, 4:1:0:0:1, 3:1:0:0:2, 2:1:0:0:2, 1:1:0:0:1, 2:1:0:0:1, 2:1:0:0:1, 2:1:0:0:1, 4:3:0:0:3, 1:0:0:0:0, 2:0:0:0:1, 2:0:0:0:0, 1:0:0:0:0, 3:0:0:0:1, 1:0:0:0:0, 4:0:1:0:0, 3:0:0:0:0, 2:0:0:0:0, 3:0:0:0:0, 3:1:0:0:1, 2:1:0:0:1, 3:0:0:0:0, 2:0:0:0:0, 2:0:0:0:2, 4:0:0:0:1, 4:0:0:0:2, 4:0:0:0:1, 2:0:0:0:2, 3:0:0:0:2, 4:1:0:0:2, 3:1:0:0:1, 2:1:0:0:2, 2:1:0:0:1, 2:0:0:0:0, 0:0:0:0:0, 3:0:0:0:1, 2:1:0:0:1, 3:2:0:0:3, 3:1:0:0:1, 2:0:0:0:3, 3:1:0:0:2, 2:0:0:0:1, 2:0:0:0:1, 1:0:0:0:2, 3:0:0:0:2, 4:1:0:0:2, 3:2:0:0:2, 4:2:0:0:2, 4:1:0:0:2, 2:2:0:0:2, 5:1:0:0:1, 2:1:1:0:1, 2:1:0:0:1, 4:1:0:0:1, 3:1:0:0:1, 1:1:0:0:1, 4:2:0:0:2, 1:0:0:0:0, 2:0:0:0:1, 2:0:0:0:0, 2:0:0:0:0, 2:0:0:0:0, 3:0:0:0:1, 3:0:0:0:0, 3:0:0:0:0, 3:0:0:0:0, 2:0:0:0:0, 4:1:0:0:1, 2:2:0:0:2, 2:0:0:0:0, 3:0:0:0:0, 1:0:0:0:3, 4:1:0:0:2, 2:0:0:0:2, 4:0:0:0:1, 3:0:0:0:2, 3:0:0:0:2, 3:1:0:0:1, 4:1:0:0:1, 2:1:0:0:1, 2:2:0:0:2, 0:0:0:0:0, 2:0:0:0:0, 4:0:0:0:1, 2:1:0:0:1, 1:1:0:0:1, 2:0:0:0:3, 4:0:0:0:1, 2:1:0:0:1, 1:1:0:0:1, 2:0:0:0:3, 2:0:0:0:1, 2:1:0:0:1, 1:1:0:0:1, 1:1:0:0:1, 1:1:0:0:1, 0:0:0:0:0, 0:0:0:0:0, 0:0:0:0:0, 0:0:0:0:0, 0:0:0:0:0, 0:0:0:0:0, 0:0:0:0:0, 742:166:15:3:363
Eb minor mel (6b), 3:0:0:0:1, 3:0:0:0:1, 4:0:0:0:2, 3:0:0:0:2, 3:0:0:0:2, 2:0:0:0:1, 2:0:0:0:2, 1:0:0:0:1, 1:1:1:0:1, 1:0:0:0:1, 2:0:0:0:1, 1:0:0:0:1, 2:0:0:0:2, 1:0:0:0:1, 1:0:0:0:1, 1:0:0:0:0, 1:0:0:0:1, 1:0:0:0:1, 2:0:0:0:1, 5:0:0:0:3, 2:0:0:0:2, 3:1:0:0:5, 2:1:1:0:3, 3:0:2:0:2, 3:0:1:0:2, 2:0:0:0:5, 3:0:0:0:3, 4:0:1:0:3, 1:0:0:0:1, 2:0:0:0:0, 3:0:0:0:6, 2:0:0:0:3, 3:0:0:0:1, 4:0:0:0:3, 3:0:0:0:2, 2:0:0:0:1, 2:0:0:0:1, 2:1:1:0:2, 3:0:0:0:2, 1:0:0:0:2, 3:0:0:0:2, 1:0:1:0:0, 2:0:0:0:1, 1:0:0:0:1, 2:0:0:0:1, 1:0:0:0:1, 2:0:0:0:1, 2:0:0:0:3, 3:0:0:0:0, 5:0:0:0:2, 3:0:0:0:2, 4:0:0:0:3, 3:0:0:0:2, 1:1:1:0:1, 2:0:0:0:1, 2:0:0:0:2, 2:0:0:0:4, 1:0:0:0:1, 1:0:0:0:0, 2:0:0:0:1, 2:0:0:0:1, 1:0:0:0:0, 1:0:0:0:1, 0:0:0:0:0, 0:0:0:0:0, 1:0:0:0:1, 4:0:0:0:3, 2:0:0:0:1, 3:0:0:0:2, 3:1:0:0:4, 3:1:1:0:4, 2:0:2:0:1, 4:0:0:0:5, 1:0:0:0:4, 4:0:0:2:4, 3:0:0:0:4, 2:1:1:0:2, 1:0:0:0:1, 5:0:0:0:6, 2:0:0:0:4, 3:0:0:0:1, 3:0:0:0:1, 3:0:0:0:2, 3:0:0:0:2, 3:0:0:0:2, 2:1:1:0:2, 3:0:0:0:2, 2:0:0:0:2, 1:1:1:0:1, 0:0:0:0:0, 3:0:0:0:2, 1:0:0:0:1, 2:0:0:0:1, 1:0:0:0:1, 2:0:0:0:1, 2:0:0:0:3, 2:0:0:0:1, 2:0:0:0:2, 2:0:0:0:1, 3:1:0:0:3, 2:0:0:0:1, 1:0:0:0:1, 3:0:0:0:3, 2:0:0:0:1, 2:0:0:0:1, 2:0:0:0:0, 2:0:0:0:1, 2:0:0:0:1, 1:0:0:0:0, 1:0:0:0:1, 1:0:0:0:1, 1:0:0:0:0, 0:0:0:0:0, 2:0:0:0:1, 2:0:0:0:2, 2:0:0:0:1, 2:0:0:0:2, 2:0:0:0:4, 2:1:0:0:4, 3:1:1:0:3, 3:0:0:0:4, 4:0:0:0:4, 3:0:0:0:4, 2:0:0:0:4, 2:0:0:0:1, 1:0:0:0:1, 3:0:0:0:4, 1:0:0:0:2, 3:0:0:0:0, 5:0:0:0:2, 4:0:0:0:3, 5:0:0:0:2, 3:0:0:0:2, 1:1:1:0:1, 2:0:0:0:1, 2:0:0:0:1, 1:1:1:0:1, 0:0:0:0:0, 2:0:0:0:1, 2:0:0:0:1, 2:0:0:0:1, 0:0:0:0:0, 2:0:0:0:1, 2:0:0:0:2, 2:0:0:0:3, 3:0:0:0:1, 3:0:0:0:2, 3:0:0:0:1, 2:0:0:0:2, 0:0:0:0:0, 3:0:0:0:2, 1:0:0:0:2, 1:0:0:0:2, 2:0:0:0:0, 1:0:0:0:1, 3:0:0:0:2, 1:0:0:0:0, 0:0:0:0:0, 1:0:0:0:1, 0:0:0:0:0, 2:0:0:0:1, 1:0:0:0:1, 3:0:0:0:3, 4:0:0:0:4, 3:0:0:0:4, 1:0:0:0:2, 3:1:1:0:4, 2:1:0:0:4, 4:0:0:0:3, 3:0:0:0:5, 2:0:0:0:5, 3:0:0:0:4, 1:0:0:0:2, 0:0:0:0:0, 3:0:0:0:6, 2:0:0:0:3, 3:0:0:0:1, 4:0:0:0:2, 3:0:0:0:2, 4:0:0:0:5, 3:0:0:0:2, 1:1:1:0:1, 3:0:0:0:2, 1:0:0:0:1, 1:1:1:0:1, 0:0:0:0:0, 3:0:0:0:2, 1:0:0:0:1, 2:0:0:0:2, 0:0:0:0:0, 2:0:0:0:1, 1:0:0:0:1, 2:0:0:0:2, 3:0:0:0:1, 3:0:0:0:2, 3:0:0:0:1, 2:0:0:0:2, 0:0:0:0:0, 3:0:0:0:2, 1:0:0:0:2, 1:0:0:0:2, 2:0:0:0:0, 1:0:0:0:1, 3:0:0:0:2, 1:0:0:0:0, 0:0:0:0:0, 1:0:0:0:1, 0:0:0:0:0, 1:0:0:0:1, 1:0:0:0:1, 3:0:0:0:2, 4:0:0:0:2, 3:0:0:0:3, 1:0:0:0:3, 3:1:1:0:4, 2:1:0:0:4, 4:0:0:0:3, 3:0:0:0:5, 2:0:0:0:5, 3:0:0:0:4, 1:0:0:0:1, 0:0:0:0:0, 3:0:0:0:5, 2:0:0:0:3, 3:0:0:0:1, 4:0:0:0:2, 3:0:0:0:2, 4:0:0:0:5, 3:0:0:0:2, 1:1:1:0:1, 3:0:0:0:2, 1:0:0:0:1, 1:1:1:0:1, 0:0:0:0:0, 4:0:0:0:3, 1:0:0:0:1, 2:0:0:0:2, 0:0:0:0:0, 2:0:0:0:1, 2:0:0:0:3, 2:0:0:0:1, 2:0:0:0:2, 2:0:0:0:1, 2:0:0:0:1, 2:0:0:0:1, 2:1:1:0:2, 3:0:0:0:2, 2:0:0:0:2, 3:0:0:0:3, 2:0:0:0:1, 1:0:0:0:1, 2:0:0:0:2, 1:0:0:0:0, 0:0:0:0:0, 2:0:0:0:2, 1:0:0:0:1, 0:0:0:0:0, 2:0:0:0:1, 3:0:0:0:2, 4:0:0:0:3, 2:0:0:0:2, 3:0:0:0:4, 2:0:0:0:4, 3:1:1:0:4, 2:0:0:0:3, 3:0:0:0:7, 3:0:0:0:3, 3:0:0:0:3, 2:0:0:0:2, 1:0:0:0:2, 4:1:0:0:4, 3:0:0:0:5, 2:0:0:0:1, 3:0:0:0:3, 2:0:0:0:1, 4:0:0:0:2, 2:0:0:0:1, 1:1:1:0:1, 2:0:0:0:2, 3:0:0:0:3, 1:0:0:0:1, 2:0:0:0:1, 2:0:0:0:1, 3:0:0:0:3, 2:0:0:0:2, 1:0:0:0:1, 0:0:0:0:0, 2:0:0:0:1, 2:0:0:0:3, 1:0:0:0:1, 0:0:0:0:0, 3:0:0:0:1, 1:0:0:0:1, 1:0:0:0:1, 0:0:0:0:0, 0:0:0:0:0, 0:0:0:0:0, 0:0:0:0:0, 0:0:0:0:0, 0:0:0:0:0, 0:0:0:0:0, 0:0:0:0:0, 0:0:0:0:0, 0:0:0:0:0, 610:27:27:2:541
D# minor mel (6#), 3:0:0:0:2, 2:0:0:0:2, 4:0:0:0:1, 4:0:0:0:2, 4:0:0:0:2, 4:0:0:0:2, 4:1:0:0:1, 3:1:0:0:1, 2:1:0:0:2, 3:1:0:0:1, 3:1:1:0:1, 2:1:0:0:1, 3:2:0:0:2, 3:1:0:0:1, 2:1:0:0:1, 2:1:0:0:2, 2:1:0:0:1, 2:2:0:0:2, 1:0:2:0:0, 2:0:0:0:0, 2:0:0:0:1, 3:0:0:0:0, 2:0:0:0:1, 3:0:0:0:0, 3:0:0:0:1, 2:0:0:0:0, 1:0:0:0:0, 4:0:0:0:0, 3:1:0:0:1, 2:1:0:0:2, 3:0:0:0:0, 2:0:0:0:0, 2:0:0:0:2, 3:0:0:0:1, 2:0:0:0:3, 3:0:0:0:1, 2:0:0:0:2, 3:0:0:0:2, 4:1:0:0:2, 3:1:0:0:1, 3:1:0:0:1, 2:1:0:0:1, 0:0:0:0:0, 0:0:0:0:0, 3:0:0:0:2, 2:1:0:0:1, 3:1:0:0:2, 3:1:0:0:1, 1:0:0:0:3, 3:0:0:0:1, 4:0:0:0:2, 4:0:0:0:1, 2:0:0:0:2, 3:0:0:0:2, 4:1:0:0:2, 3:2:0:0:2, 3:1:0:0:1, 2:1:0:0:1, 3:1:0:0:2, 3:1:1:0:1, 3:1:0:0:1, 2:1:0:0:2, 2:1:0:0:1, 2:1:0:0:1, 1:1:0:0:1, 4:3:0:0:3, 2:0:0:0:0, 1:0:2:0:0, 2:0:0:0:1, 2:0:0:0:1, 3:0:0:0:1, 2:0:0:0:0, 3:0:0:3:3, 2:1:0:0:1, 5:0:0:0:0, 3:0:0:0:0, 3:1:0:0:2, 2:2:0:0:2, 5:0:0:0:1, 3:1:0:0:1, 3:0:0:0:2, 2:0:0:0:2, 3:0:0:0:1, 3:0:0:0:2, 3:0:0:0:2, 3:0:0:0:2, 4:1:0:0:2, 3:2:0:0:2, 2:1:0:0:2, 2:1:0:0:1, 1:0:0:0:0, 0:0:0:0:0, 3:0:0:0:2, 2:1:0:0:1, 3:1:0:0:2, 3:2:0:0:2, 2:0:0:0:3, 3:1:0:0:2, 3:0:0:0:2, 3:0:0:0:1, 2:0:0:0:2, 2:0:0:0:1, 4:1:0:0:1, 3:1:1:0:1, 2:2:0:0:2, 2:1:0:0:2, 4:1:0:0:2, 3:1:1:0:1, 2:1:0:0:2, 2:1:0:0:1, 2:1:0:0:1, 2:1:0:0:2, 1:1:0:0:1, 3:2:0:0:2, 1:0:0:0:0, 1:0:0:0:1, 2:0:0:0:0, 3:0:0:0:0, 1:0:0:0:0, 2:0:0:0:1, 3:0:0:0:0, 3:0:0:0:0, 3:0:0:0:0, 2:0:0:0:0, 4:1:0:0:2, 3:1:0:0:1, 3:0:0:0:1, 2:1:0:0:1, 1:0:0:0:3, 3:0:0:0:1, 4:0:0:0:2, 4:0:0:0:1, 2:0:0:0:2, 3:0:0:0:2, 2:1:0:0:1, 3:1:0:0:2, 2:1:0:0:2, 1:1:0:0:1, 0:0:0:0:0, 0:0:0:0:0, 3:0:0:0:2, 2:1:0:0:1, 3:2:0:0:4, 3:1:0:0:1, 3:0:0:0:2, 3:0:0:0:1, 3:0:0:0:2, 2:0:0:0:2, 2:0:0:0:2, 2:0:0:0:1, 3:1:0:0:1, 2:3:2:0:3, 2:2:0:0:2, 2:1:0:0:2, 4:1:0:0:1, 3:1:0:0:2, 2:1:0:0:2, 2:1:0:0:1, 2:1:0:0:1, 2:1:0:0:1, 2:1:0:0:1, 4:3:0:0:3, 1:0:0:0:0, 3:0:0:0:1, 2:0:0:0:0, 2:0:0:0:0, 3:0:0:0:1, 1:0:0:0:0, 4:0:1:0:0, 3:0:0:0:0, 2:0:0:0:0, 3:0:0:0:0, 2:1:0:0:1, 2:1:0:0:1, 3:0:0:0:0, 2:0:0:0:0, 2:0:0:0:2, 4:0:0:0:1, 4:0:0:0:2, 4:0:0:0:1, 2:0:0:0:2, 2:0:0:0:2, 4:1:0:0:2, 3:1:0:0:1, 2:1:0:0:2, 2:1:0:0:1, 1:0:0:0:0, 0:0:0:0:0, 3:0:0:0:1, 2:1:0:0:1, 3:2:0:0:3, 2:1:0:0:1, 4:0:0:0:2, 3:0:0:0:1, 3:0:0:0:2, 2:0:0:0:2, 2:0:0:0:2, 2:0:0:0:1, 3:1:0:0:1, 2:3:2:0:3, 2:2:0:0:2, 2:1:0:0:2, 4:1:0:0:1, 3:1:0:0:2, 2:1:0:0:2, 1:1:0:0:1, 2:1:0:0:1, 2:1:0:0:1, 2:1:0:0:1, 4:3:0:0:3, 1:0:0:0:0, 2:0:0:0:1, 2:0:0:0:0, 1:0:0:0:0, 3:0:0:0:1, 1:0:0:0:0, 4:0:1:0:0, 3:0:0:0:0, 2:0:0:0:0, 3:0:0:0:0, 3:1:0:0:1, 2:1:0:0:1, 3:0:0:0:0, 2:0:0:0:0, 2:0:0:0:2, 4:0:0:0:1, 4:0:0:0:2, 4:0:0:0:1, 2:0:0:0:2, 3:0:0:0:2, 4:1:0:0:2, 3:1:0:0:1, 2:1:0:0:2, 2:1:0:0:1, 2:0:0:0:0, 0:0:0:0:0, 3:0:0:0:1, 2:1:0:0:1, 3:2:0:0:3, 3:1:0:0:1, 2:0:0:0:3, 3:1:0:0:2, 2:0:0:0:1, 2:0:0:0:1, 1:0:0:0:2, 3:0:0:0:2, 4:1:0:0:2, 3:2:0:0:2, 4:2:0:0:2, 4:1:0:0:2, 2:2:0:0:2, 5:1:0:0:1, 2:1:1:0:1, 2:1:0:0:1, 4:1:0:0:1, 3:1:0:0:1, 1:1:0:0:1, 4:2:0:0:2, 1:0:0:0:0, 2:0:0:0:1, 2:0:0:0:0, 2:0:0:0:0, 2:0:0:0:0, 3:0:0:0:1, 3:0:0:0:0, 3:0:0:0:0, 3:0:0:0:0, 2:0:0:0:0, 4:1:0:0:1, 2:2:0:0:2, 2:0:0:0:0, 3:0:0:0:0, 1:0:0:0:3, 4:1:0:0:2, 2:0:0:0:2, 4:0:0:0:1, 3:0:0:0:2, 3:0:0:0:2, 3:1:0:0:1, 4:1:0:0:1, 2:1:0:0:1, 2:2:0:0:2, 0:0:0:0:0, 2:0:0:0:0, 4:0:0:0:1, 2:1:0:0:1, 1:1:0:0:1, 2:0:0:0:3, 4:0:0:0:1, 2:1:0:0:1, 1:1:0:0:1, 2:0:0:0:3, 2:0:0:0:1, 2:1:0:0:1, 1:1:0:0:1, 1:1:0:0:1, 1:1:0:0:1, 0:0:0:0:0, 0:0:0:0:0, 0:0:0:0:0, 0:0:0:0:0, 0:0:0:0:0, 0:0:0:0:0, 0:0:0:0:0, 742:166:15:3:363
Gb major blues (6b), 3:0:0:0:1, 3:0:0:0:1, 4:0:0:0:2, 3:0:0:0:2, 3:0:0:0:2, 2:0:0:0:1, 2:0:0:0:2, 1:0:0:0:1, 1:1:1:0:1, 1:0:0:0:1, 2:0:0:0:1, 1:0:0:0:1, 2:0:0:0:2, 1:0:0:0:1, 1:0:0:0:1, 1:0:0:0:0, 1:0:0:0:1, 1:0:0:0:1, 2:0:0:0:1, 5:0:0:0:3, 2:0:0:0:2, 3:1:0:0:5, 2:1:1:0:3, 3:0:2:0:2, 3:0:1:0:2, 2:0:0:0:5, 3:0:0:0:3, 4:0:1:0:3, 1:0:0:0:1, 2:0:0:0:0, 3:0:0:0:6, 2:0:0:0:3, 3:0:0:0:1, 4:0:0:0:3, 3:0:0:0:2, 2:0:0:0:1, 2:0:0:0:1, 2:1:1:0:2, 3:0:0:0:2, 1:0:0:0:2, 3:0:0:0:2, 1:0:1:0:0, 2:0:0:0:1, 1:0:0:0:1, 2:0:0:0:1, 1:0:0:0:1, 2:0:0:0:1, 2:0:0:0:3, 3:0:0:0:0, 5:0:0:0:2, 3:0:0:0:2, 4:0:0:0:3, 3:0:0:0:2, 1:1:1:0:1, 2:0:0:0:1, 2:0:0:0:2, 2:0:0:0:4, 1:0:0:0:1, 1:0:0:0:0, 2:0:0:0:1, 2:0:0:0:1, 1:0:0:0:0, 1:0:0:0:1, 0:0:0:0:0, 0:0:0:0:0, 1:0:0:0:1, 4:0:0:0:3, 2:0:0:0:1, 3:0:0:0:2, 3:1:0:0:4, 3:1:1:0:4, 2:0:2:0:1, 4:0:0:0:5, 1:0:0:0:4, 4:0:0:2:4, 3:0:0:0:4, 2:1:1:0:2, 1:0:0:0:1, 5:0:0:0:6, 2:0:0:0:4, 3:0:0:0:1, 3:0:0:0:1, 3:0:0:0:2, 3:0:0:0:2, 3:0:0:0:2, 2:1:1:0:2, 3:0:0:0:2, 2:0:0:0:2, 1:1:1:0:1, 0:0:0:0:0, 3:0:0:0:2, 1:0:0:0:1, 2:0:0:0:1, 1:0:0:0:1, 2:0:0:0:1, 2:0:0:0:3, 2:0:0:0:1, 2:0:0:0:2, 2:0:0:0:1, 3:1:0:0:3, 2:0:0:0:1, 1:0:0:0:1, 3:0:0:0:3, 2:0:0:0:1, 2:0:0:0:1, 2:0:0:0:0, 2:0:0:0:1, 2:0:0:0:1, 1:0:0:0:0, 1:0:0:0:1, 1:0:0:0:1, 1:0:0:0:0, 0:0:0:0:0, 2:0:0:0:1, 2:0:0:0:2, 2:0:0:0:1, 2:0:0:0:2, 2:0:0:0:4, 2:1:0:0:4, 3:1:1:0:3, 3:0:0:0:4, 4:0:0:0:4, 3:0:0:0:4, 2:0:0:0:4, 2:0:0:0:1, 1:0:0:0:1, 3:0:0:0:4, 1:0:0:0:2, 3:0:0:0:0, 5:0:0:0:2, 4:0:0:0:3, 5:0:0:0:2, 3:0:0:0:2, 1:1:1:0:1, 2:0:0:0:1, 2:0:0:0:1, 1:1:1:0:1, 0:0:0:0:0, 2:0:0:0:1, 2:0:0:0:1, 2:0:0:0:1, 0:0:0:0:0, 2:0:0:0:1, 2:0:0:0:2, 2:0:0:0:3, 3:0:0:0:1, 3:0:0:0:2, 3:0:0:0:1, 2:0:0:0:2, 0:0:0:0:0, 3:0:0:0:2, 1:0:0:0:2, 1:0:0:0:2, 2:0:0:0:0, 1:0:0:0:1, 3:0:0:0:2, 1:0:0:0:0, 0:0:0:0:0, 1:0:0:0:1, 0:0:0:0:0, 2:0:0:0:1, 1:0:0:0:1, 3:0:0:0:3, 4:0:0:0:4, 3:0:0:0:4, 1:0:0:0:2, 3:1:1:0:4, 2:1:0:0:4, 4:0:0:0:3, 3:0:0:0:5, 2:0:0:0:5, 3:0:0:0:4, 1:0:0:0:2, 0:0:0:0:0, 3:0:0:0:6, 2:0:0:0:3, 3:0:0:0:1, 4:0:0:0:2, 3:0:0:0:2, 4:0:0:0:5, 3:0:0:0:2, 1:1:1:0:1, 3:0:0:0:2, 1:0:0:0:1, 1:1:1:0:1, 0:0:0:0:0, 3:0:0:0:2, 1:0:0:0:1, 2:0:0:0:2, 0:0:0:0:0, 2:0:0:0:1, 1:0:0:0:1, 2:0:0:0:2, 3:0:0:0:1, 3:0:0:0:2, 3:0:0:0:1, 2:0:0:0:2, 0:0:0:0:0, 3:0:0:0:2, 1:0:0:0:2, 1:0:0:0:2, 2:0:0:0:0, 1:0:0:0:1, 3:0:0:0:2, 1:0:0:0:0, 0:0:0:0:0, 1:0:0:0:1, 0:0:0:0:0, 1:0:0:0:1, 1:0:0:0:1, 3:0:0:0:2, 4:0:0:0:2, 3:0:0:0:3, 1:0:0:0:3, 3:1:1:0:4, 2:1:0:0:4, 4:0:0:0:3, 3:0:0:0:5, 2:0:0:0:5, 3:0:0:0:4, 1:0:0:0:1, 0:0:0:0:0, 3:0:0:0:5, 2:0:0:0:3, 3:0:0:0:1, 4:0:0:0:2, 3:0:0:0:2, 4:0:0:0:5, 3:0:0:0:2, 1:1:1:0:1, 3:0:0:0:2, 1:0:0:0:1, 1:1:1:0:1, 0:0:0:0:0, 4:0:0:0:3, 1:0:0:0:1, 2:0:0:0:2, 0:0:0:0:0, 2:0:0:0:1, 2:0:0:0:3, 2:0:0:0:1, 2:0:0:0:2, 2:0:0:0:1, 2:0:0:0:1, 2:0:0:0:1, 2:1:1:0:2, 3:0:0:0:2, 2:0:0:0:2, 3:0:0:0:3, 2:0:0:0:1, 1:0:0:0:1, 2:0:0:0:2, 1:0:0:0:0, 0:0:0:0:0, 2:0:0:0:2, 1:0:0:0:1, 0:0:0:0:0, 2:0:0:0:1, 3:0:0:0:2, 4:0:0:0:3, 2:0:0:0:2, 3:0:0:0:4, 2:0:0:0:4, 3:1:1:0:4, 2:0:0:0:3, 3:0:0:0:7, 3:0:0:0:3, 3:0:0:0:3, 2:0:0:0:2, 1:0:0:0:2, 4:1:0:0:4, 3:0:0:0:5, 2:0:0:0:1, 3:0:0:0:3, 2:0:0:0:1, 4:0:0:0:2, 2:0:0:0:1, 1:1:1:0:1, 2:0:0:0:2, 3:0:0:0:3, 1:0:0:0:1, 2:0:0:0:1, 2:0:0:0:1, 3:0:0:0:3, 2:0:0:0:2, 1:0:0:0:1, 0:0:0:0:0, 2:0:0:0:1, 2:0:0:0:3, 1:0:0:0:1, 0:0:0:0:0, 3:0:0:0:1, 1:0:0:0:1, 1:0:0:0:1, 0:0:0:0:0, 0:0:0:0:0, 0:0:0:0:0, 0:0:0:0:0, 0:0:0:0:0, 0:0:0:0:0, 0:0:0:0:0, 0:0:0:0:0, 0:0:0:0:0, 0:0:0:0:0, 610:27:27:2:541
F# major blues (6#), 3:0:0:0:2, 2:0:0:0:2, 4:0:0:0:1, 4:0:0:0:2, 4:0:0:0:2, 4:0:0:0:2, 4:1:0:0:1, 3:1:0:0:1, 2:1:0:0:2, 3:1:0:0:1, 3:1:1:0:1, 2:1:0:0:1, 3:2:0:0:2, 3:1:0:0:1, 2:1:0:0:1, 2:1:0:0:2, 2:1:0:0:1, 2:2:0:0:2, 1:0:2:0:0, 2:0:0:0:0, 2:0:0:0:1, 3:0:0:0:0, 2:0:0:0:1, 3:0:0:0:0, 3:0:0:0:1, 2:0:0:0:0, 1:0:0:0:0, 4:0:0:0:0, 3:1:0:0:1, 2:1:0:0:2, 3:0:0:0:0, 2:0:0:0:0, 2:0:0:0:2, 3:0:0:0:1, 2:0:0:0:3, 3:0:0:0:1, 2:0:0:0:2, 3:0:0:0:2, 4:1:0:0:2, 3:1:0:0:1, 3:1:0:0:1, 2:1:0:0:1, 0:0:0:0:0, 0:0:0:0:0, 3:0:0:0:2, 2:1:0:0:1, 3:1:0:0:2, 3:1:0:0:1, 1:0:0:0:3, 3:0:0:0:1, 4:0:0:0:2, 4:0:0:0:1, 2:0:0:0:2, 3:0:0:0:2, 4:1:0:0:2, 3:2:0:0:2, 3:1:0:0:1, 2:1:0:0:1, 3:1:0:0:2, 3:1:1:0:1, 3:1:0:0:1, 2:1:0:0:2, 2:1:0:0:1, 2:1:0:0:1, 1:1:0:0:1, 4:3:0:0:3, 2:0:0:0:0, 1:0:2:0:0, 2:0:0:0:1, 2:0:0:0:1, 3:0:0:0:1, 2:0:0:0:0, 3:0:0:3:3, 2:1:0:0:1, 5:0:0:0:0, 3:0:0:0:0, 3:1:0:0:2, 2:2:0:0:2, 5:0:0:0:1, 3:1:0:0:1, 3:0:0:0:2, 2:0:0:0:2, 3:0:0:0:1, 3:0:0:0:2, 3:0:0:0:2, 3:0:0:0:2, 4:1:0:0:2, 3:2:0:0:2, 2:1:0:0:2, 2:1:0:0:1, 1:0:0:0:0, 0:0:0:0:0, 3:0:0:0:2, 2:1:0:0:1, 3:1:0:0:2, 3:2:0:0:2, 2:0:0:0:3, 3:1:0:0:2, 3:0:0:0:2, 3:0:0:0:1, 2:0:0:0:2, 2:0:0:0:1, 4:1:0:0:1, 3:1:1:0:1, 2:2:0:0:2, 2:1:0:0:2, 4:1:0:0:2, 3:1:1:0:1, 2:1:0:0:2, 2:1:0:0:1, 2:1:0:0:1, 2:1:0:0:2, 1:1:0:0:1, 3:2:0:0:2, 1:0:0:0:0, 1:0:0:0:1, 2:0:0:0:0, 3:0:0:0:0, 1:0:0:0:0, 2:0:0:0:1, 3:0:0:0:0, 3:0:0:0:0, 3:0:0:0:0, 2:0:0:0:0, 4:1:0:0:2, 3:1:0:0:1, 3:0:0:0:1, 2:1:0:0:1, 1:0:0:0:3, 3:0:0:0:1, 4:0:0:0:2, 4:0:0:0:1, 2:0:0:0:2, 3:0:0:0:2, 2:1:0:0:1, 3:1:0:0:2, 2:1:0:0:2, 1:1:0:0:1, 0:0:0:0:0, 0:0:0:0:0, 3:0:0:0:2, 2:1:0:0:1, 3:2:0:0:4, 3:1:0:0:1, 3:0:0:0:2, 3:0:0:0:1, 3:0:0:0:2, 2:0:0:0:2, 2:0:0:0:2, 2:0:0:0:1, 3:1:0:0:1, 2:3:2:0:3, 2:2:0:0:2, 2:1:0:0:2, 4:1:0:0:1, 3:1:0:0:2, 2:1:0:0:2, 2:1:0:0:1, 2:1:0:0:1, 2:1:0:0:1, 2:1:0:0:1, 4:3:0:0:3, 1:0:0:0:0, 3:0:0:0:1, 2:0:0:0:0, 2:0:0:0:0, 3:0:0:0:1, 1:0:0:0:0, 4:0:1:0:0, 3:0:0:0:0, 2:0:0:0:0, 3:0:0:0:0, 2:1:0:0:1, 2:1:0:0:1, 3:0:0:0:0, 2:0:0:0:0, 2:0:0:0:2, 4:0:0:0:1, 4:0:0:0:2, 4:0:0:0:1, 2:0:0:0:2, 2:0:0:0:2, 4:1:0:0:2, 3:1:0:0:1, 2:1:0:0:2, 2:1:0:0:1, 1:0:0:0:0, 0:0:0:0:0, 3:0:0:0:1, 2:1:0:0:1, 3:2:0:0:3, 2:1:0:0:1, 4:0:0:0:2, 3:0:0:0:1, 3:0:0:0:2, 2:0:0:0:2, 2:0:0:0:2, 2:0:0:0:1, 3:1:0:0:1, 2:3:2:0:3, 2:2:0:0:2, 2:1:0:0:2, 4:1:0:0:1, 3:1:0:0:2, 2:1:0:0:2, 1:1:0:0:1, 2:1:0:0:1, 2:1:0:0:1, 2:1:0:0:1, 4:3:0:0:3, 1:0:0:0:0, 2:0:0:0:1, 2:0:0:0:0, 1:0:0:0:0, 3:0:0:0:1, 1:0:0:0:0, 4:0:1:0:0, 3:0:0:0:0, 2:0:0:0:0, 3:0:0:0:0, 3:1:0:0:1, 2:1:0:0:1, 3:0:0:0:0, 2:0:0:0:0, 2:0:0:0:2, 4:0:0:0:1, 4:0:0:0:2, 4:0:0:0:1, 2:0:0:0:2, 3:0:0:0:2, 4:1:0:0:2, 3:1:0:0:1, 2:1:0:0:2, 2:1:0:0:1, 2:0:0:0:0, 0:0:0:0:0, 3:0:0:0:1, 2:1:0:0:1, 3:2:0:0:3, 3:1:0:0:1, 2:0:0:0:3, 3:1:0:0:2, 2:0:0:0:1, 2:0:0:0:1, 1:0:0:0:2, 3:0:0:0:2, 4:1:0:0:2, 3:2:0:0:2, 4:2:0:0:2, 4:1:0:0:2, 2:2:0:0:2, 5:1:0:0:1, 2:1:1:0:1, 2:1:0:0:1, 4:1:0:0:1, 3:1:0:0:1, 1:1:0:0:1, 4:2:0:0:2, 1:0:0:0:0, 2:0:0:0:1, 2:0:0:0:0, 2:0:0:0:0, 2:0:0:0:0, 3:0:0:0:1, 3:0:0:0:0, 3:0:0:0:0, 3:0:0:0:0, 2:0:0:0:0, 4:1:0:0:1, 2:2:0:0:2, 2:0:0:0:0, 3:0:0:0:0, 1:0:0:0:3, 4:1:0:0:2, 2:0:0:0:2, 4:0:0:0:1, 3:0:0:0:2, 3:0:0:0:2, 3:1:0:0:1, 4:1:0:0:1, 2:1:0:0:1, 2:2:0:0:2, 0:0:0:0:0, 2:0:0:0:0, 4:0:0:0:1, 2:1:0:0:1, 1:1:0:0:1, 2:0:0:0:3, 4:0:0:0:1, 2:1:0:0:1, 1:1:0:0:1, 2:0:0:0:3, 2:0:0:0:1, 2:1:0:0:1, 1:1:0:0:1, 1:1:0:0:1, 1:1:0:0:1, 0:0:0:0:0, 0:0:0:0:0, 0:0:0:0:0, 0:0:0:0:0, 0:0:0:0:0, 0:0:0:0:0, 0:0:0:0:0, 742:166:15:3:363
Eb minor blues (6b), 3:0:0:0:1, 3:0:0:0:1, 4:0:0:0:2, 3:0:0:0:2, 3:0:0:0:2, 2:0:0:0:1, 2:0:0:0:2, 1:0:0:0:1, 1:1:1:0:1, 1:0:0:0:1, 2:0:0:0:1, 1:0:0:0:1, 2:0:0:0:2, 1:0:0:0:1, 1:0:0:0:1, 1:0:0:0:0, 1:0:0:0:1, 1:0:0:0:1, 2:0:0:0:1, 5:0:0:0:3, 2:0:0:0:2, 3:1:0:0:5, 2:1:1:0:3, 3:0:2:0:2, 3:0:1:0:2, 2:0:0:0:5, 3:0:0:0:3, 4:0:1:0:3, 1:0:0:0:1, 2:0:0:0:0, 3:0:0:0:6, 2:0:0:0:3, 3:0:0:0:1, 4:0:0:0:3, 3:0:0:0:2, 2:0:0:0:1, 2:0:0:0:1, 2:1:1:0:2, 3:0:0:0:2, 1:0:0:0:2, 3:0:0:0:2, 1:0:1:0:0, 2:0:0:0:1, 1:0:0:0:1, 2:0:0:0:1, 1:0:0:0:1, 2:0:0:0:1, 2:0:0:0:3, 3:0:0:0:0, 5:0:0:0:2, 3:0:0:0:2, 4:0:0:0:3, 3:0:0:0:2, 1:1:1:0:1, 2:0:0:0:1, 2:0:0:0:2, 2:0:0:0:4, 1:0:0:0:1, 1:0:0:0:0, 2:0:0:0:1, 2:0:0:0:1, 1:0:0:0:0, 1:0:0:0:1, 0:0:0:0:0, 0:0:0:0:0, 1:0:0:0:1, 4:0:0:0:3, 2:0:0:0:1, 3:0:0:0:2, 3:1:0:0:4, 3:1:1:0:4, 2:0:2:0:1, 4:0:0:0:5, 1:0:0:0:4, 4:0:0:2:4, 3:0:0:0:4, 2:1:1:0:2, 1:0:0:0:1, 5:0:0:0:6, 2:0:0:0:4, 3:0:0:0:1, 3:0:0:0:1, 3:0:0:0:2, 3:0:0:0:2, 3:0:0:0:2, 2:1:1:0:2, 3:0:0:0:2, 2:0:0:0:2, 1:1:1:0:1, 0:0:0:0:0, 3:0:0:0:2, 1:0:0:0:1, 2:0:0:0:1, 1:0:0:0:1, 2:0:0:0:1, 2:0:0:0:3, 2:0:0:0:1, 2:0:0:0:2, 2:0:0:0:1, 3:1:0:0:3, 2:0:0:0:1, 1:0:0:0:1, 3:0:0:0:3, 2:0:0:0:1, 2:0:0:0:1, 2:0:0:0:0, 2:0:0:0:1, 2:0:0:0:1, 1:0:0:0:0, 1:0:0:0:1, 1:0:0:0:1, 1:0:0:0:0, 0:0:0:0:0, 2:0:0:0:1, 2:0:0:0:2, 2:0:0:0:1, 2:0:0:0:2, 2:0:0:0:4, 2:1:0:0:4, 3:1:1:0:3, 3:0:0:0:4, 4:0:0:0:4, 3:0:0:0:4, 2:0:0:0:4, 2:0:0:0:1, 1:0:0:0:1, 3:0:0:0:4, 1:0:0:0:2, 3:0:0:0:0, 5:0:0:0:2, 4:0:0:0:3, 5:0:0:0:2, 3:0:0:0:2, 1:1:1:0:1, 2:0:0:0:1, 2:0:0:0:1, 1:1:1:0:1, 0:0:0:0:0, 2:0:0:0:1, 2:0:0:0:1, 2:0:0:0:1, 0:0:0:0:0, 2:0:0:0:1, 2:0:0:0:2, 2:0:0:0:3, 3:0:0:0:1, 3:0:0:0:2, 3:0:0:0:1, 2:0:0:0:2, 0:0:0:0:0, 3:0:0:0:2, 1:0:0:0:2, 1:0:0:0:2, 2:0:0:0:0, 1:0:0:0:1, 3:0:0:0:2, 1:0:0:0:0, 0:0:0:0:0, 1:0:0:0:1, 0:0:0:0:0, 2:0:0:0:1, 1:0:0:0:1, 3:0:0:0:3, 4:0:0:0:4, 3:0:0:0:4, 1:0:0:0:2, 3:1:1:0:4, 2:1:0:0:4, 4:0:0:0:3, 3:0:0:0:5, 2:0:0:0:5, 3:0:0:0:4, 1:0:0:0:2, 0:0:0:0:0, 3:0:0:0:6, 2:0:0:0:3, 3:0:0:0:1, 4:0:0:0:2, 3:0:0:0:2, 4:0:0:0:5, 3:0:0:0:2, 1:1:1:0:1, 3:0:0:0:2, 1:0:0:0:1, 1:1:1:0:1, 0:0:0:0:0, 3:0:0:0:2, 1:0:0:0:1, 2:0:0:0:2, 0:0:0:0:0, 2:0:0:0:1, 1:0:0:0:1, 2:0:0:0:2, 3:0:0:0:1, 3:0:0:0:2, 3:0:0:0:1, 2:0:0:0:2, 0:0:0:0:0, 3:0:0:0:2, 1:0:0:0:2, 1:0:0:0:2, 2:0:0:0:0, 1:0:0:0:1, 3:0:0:0:2, 1:0:0:0:0, 0:0:0:0:0, 1:0:0:0:1, 0:0:0:0:0, 1:0:0:0:1, 1:0:0:0:1, 3:0:0:0:2, 4:0:0:0:2, 3:0:0:0:3, 1:0:0:0:3, 3:1:1:0:4, 2:1:0:0:4, 4:0:0:0:3, 3:0:0:0:5, 2:0:0:0:5, 3:0:0:0:4, 1:0:0:0:1, 0:0:0:0:0, 3:0:0:0:5, 2:0:0:0:3, 3:0:0:0:1, 4:0:0:0:2, 3:0:0:0:2, 4:0:0:0:5, 3:0:0:0:2, 1:1:1:0:1, 3:0:0:0:2, 1:0:0:0:1, 1:1:1:0:1, 0:0:0:0:0, 4:0:0:0:3, 1:0:0:0:1, 2:0:0:0:2, 0:0:0:0:0, 2:0:0:0:1, 2:0:0:0:3, 2:0:0:0:1, 2:0:0:0:2, 2:0:0:0:1, 2:0:0:0:1, 2:0:0:0:1, 2:1:1:0:2, 3:0:0:0:2, 2:0:0:0:2, 3:0:0:0:3, 2:0:0:0:1, 1:0:0:0:1, 2:0:0:0:2, 1:0:0:0:0, 0:0:0:0:0, 2:0:0:0:2, 1:0:0:0:1, 0:0:0:0:0, 2:0:0:0:1, 3:0:0:0:2, 4:0:0:0:3, 2:0:0:0:2, 3:0:0:0:4, 2:0:0:0:4, 3:1:1:0:4, 2:0:0:0:3, 3:0:0:0:7, 3:0:0:0:3, 3:0:0:0:3, 2:0:0:0:2, 1:0:0:0:2, 4:1:0:0:4, 3:0:0:0:5, 2:0:0:0:1, 3:0:0:0:3, 2:0:0:0:1, 4:0:0:0:2, 2:0:0:0:1, 1:1:1:0:1, 2:0:0:0:2, 3:0:0:0:3, 1:0:0:0:1, 2:0:0:0:1, 2:0:0:0:1, 3:0:0:0:3, 2:0:0:0:2, 1:0:0:0:1, 0:0:0:0:0, 2:0:0:0:1, 2:0:0:0:3, 1:0:0:0:1, 0:0:0:0:0, 3:0:0:0:1, 1:0:0:0:1, 1:0:0:0:1, 0:0:0:0:0, 0:0:0:0:0, 0:0:0:0:0, 0:0:0:0:0, 0:0:0:0:0, 0:0:0:0:0, 0:0:0:0:0, 0:0:0:0:0, 0:0:0:0:0, 0:0:0:0:0, 610:27:27:2:541
D# minor blues (6#), 3:0:0:0:2, 2:0:0:0:2, 4:0:0:0:1, 4:0:0:0:2, 4:0:0:0:2, 4:0:0:0:2, 4:1:0:0:1, 3:1:0:0:1, 2:1:0:0:2, 3:1:0:0:1, 3:1:1:0:1, 2:1:0:0:1, 3:2:0:0:2, 3:1:0:0:1, 2:1:0:0:1, 2:1:0:0:2, 2:1:0:0:1, 2:2:0:0:2, 1:0:2:0:0, 2:0:0:0:0, 2:0:0:0:1, 3:0:0:0:0, 2:0:0:0:1, 3:0:0:0:0, 3:0:0:0:1, 2:0:0:0:0, 1:0:0:0:0, 4:0:0:0:0, 3:1:0:0:1, 2:1:0:0:2, 3:0:0:0:0, 2:0:0:0:0, 2:0:0:0:2, 3:0:0:0:1, 2:0:0:0:3, 3:0:0:0:1, 2:0:0:0:2, 3:0:0:0:2, 4:1:0:0:2, 3:1:0:0:1, 3:1:0:0:1, 2:1:0:0:1, 0:0:0:0:0, 0:0:0:0:0, 3:0:0:0:2, 2:1:0:0:1, 3:1:0:0:2, 3:1:0:0:1, 1:0:0:0:3, 3:0:0:0:1, 4:0:0:0:2, 4:0:0:0:1, 2:0:0:0:2, 3:0:0:0:2, 4:1:0:0:2, 3:2:0:0:2, 3:1:0:0:1, 2:1:0:0:1, 3:1:0:0:2, 3:1:1:0:1, 3:1:0:0:1, 2:1:0:0:2, 2:1:0:0:1, 2:1:0:0:1, 1:1:0:0:1, 4:3:0:0:3, 2:0:0:0:0, 1:0:2:0:0, 2:0:0:0:1, 2:0:0:0:1, 3:0:0:0:1, 2:0:0:0:0, 3:0:0:3:3, 2:1:0:0:1, 5:0:0:0:0, 3:0:0:0:0, 3:1:0:0:2, 2:2:0:0:2, 5:0:0:0:1, 3:1:0:0:1, 3:0:0:0:2, 2:0:0:0:2, 3:0:0:0:1, 3:0:0:0:2, 3:0:0:0:2, 3:0:0:0:2, 4:1:0:0:2, 3:2:0:0:2, 2:1:0:0:2, 2:1:0:0:1, 1:0:0:0:0, 0:0:0:0:0, 3:0:0:0:2, 2:1:0:0:1, 3:1:0:0:2, 3:2:0:0:2, 2:0:0:0:3, 3:1:0:0:2, 3:0:0:0:2, 3:0:0:0:1, 2:0:0:0:2, 2:0:0:0:1, 4:1:0:0:1, 3:1:1:0:1, 2:2:0:0:2, 2:1:0:0:2, 4:1:0:0:2, 3:1:1:0:1, 2:1:0:0:2, 2:1:0:0:1, 2:1:0:0:1, 2:1:0:0:2, 1:1:0:0:1, 3:2:0:0:2, 1:0:0:0:0, 1:0:0:0:1, 2:0:0:0:0, 3:0:0:0:0, 1:0:0:0:0, 2:0:0:0:1, 3:0:0:0:0, 3:0:0:0:0, 3:0:0:0:0, 2:0:0:0:0, 4:1:0:0:2, 3:1:0:0:1, 3:0:0:0:1, 2:1:0:0:1, 1:0:0:0:3, 3:0:0:0:1, 4:0:0:0:2, 4:0:0:0:1, 2:0:0:0:2, 3:0:0:0:2, 2:1:0:0:1, 3:1:0:0:2, 2:1:0:0:2, 1:1:0:0:1, 0:0:0:0:0, 0:0:0:0:0, 3:0:0:0:2, 2:1:0:0:1, 3:2:0:0:4, 3:1:0:0:1, 3:0:0:0:2, 3:0:0:0:1, 3:0:0:0:2, 2:0:0:0:2, 2:0:0:0:2, 2:0:0:0:1, 3:1:0:0:1, 2:3:2:0:3, 2:2:0:0:2, 2:1:0:0:2, 4:1:0:0:1, 3:1:0:0:2, 2:1:0:0:2, 2:1:0:0:1, 2:1:0:0:1, 2:1:0:0:1, 2:1:0:0:1, 4:3:0:0:3, 1:0:0:0:0, 3:0:0:0:1, 2:0:0:0:0, 2:0:0:0:0, 3:0:0:0:1, 1:0:0:0:0, 4:0:1:0:0, 3:0:0:0:0, 2:0:0:0:0, 3:0:0:0:0, 2:1:0:0:1, 2:1:0:0:1, 3:0:0:0:0, 2:0:0:0:0, 2:0:0:0:2, 4:0:0:0:1, 4:0:0:0:2, 4:0:0:0:1, 2:0:0:0:2, 2:0:0:0:2, 4:1:0:0:2, 3:1:0:0:1, 2:1:0:0:2, 2:1:0:0:1, 1:0:0:0:0, 0:0:0:0:0, 3:0:0:0:1, 2:1:0:0:1, 3:2:0:0:3, 2:1:0:0:1, 4:0:0:0:2, 3:0:0:0:1, 3:0:0:0:2, 2:0:0:0:2, 2:0:0:0:2, 2:0:0:0:1, 3:1:0:0:1, 2:3:2:0:3, 2:2:0:0:2, 2:1:0:0:2, 4:1:0:0:1, 3:1:0:0:2, 2:1:0:0:2, 1:1:0:0:1, 2:1:0:0:1, 2:1:0:0:1, 2:1:0:0:1, 4:3:0:0:3, 1:0:0:0:0, 2:0:0:0:1, 2:0:0:0:0, 1:0:0:0:0, 3:0:0:0:1, 1:0:0:0:0, 4:0:1:0:0, 3:0:0:0:0, 2:0:0:0:0, 3:0:0:0:0, 3:1:0:0:1, 2:1:0:0:1, 3:0:0:0:0, 2:0:0:0:0, 2:0:0:0:2, 4:0:0:0:1, 4:0:0:0:2, 4:0:0:0:1, 2:0:0:0:2, 3:0:0:0:2, 4:1:0:0:2, 3:1:0:0:1, 2:1:0:0:2, 2:1:0:0:1, 2:0:0:0:0, 0:0:0:0:0, 3:0:0:0:1, 2:1:0:0:1, 3:2:0:0:3, 3:1:0:0:1, 2:0:0:0:3, 3:1:0:0:2, 2:0:0:0:1, 2:0:0:0:1, 1:0:0:0:2, 3:0:0:0:2, 4:1:0:0:2, 3:2:0:0:2, 4:2:0:0:2, 4:1:0:0:2, 2:2:0:0:2, 5:1:0:0:1, 2:1:1:0:1, 2:1:0:0:1, 4:1:0:0:1, 3:1:0:0:1, 1:1:0:0:1, 4:2:0:0:2, 1:0:0:0:0, 2:0:0:0:1, 2:0:0:0:0, 2:0:0:0:0, 2:0:0:0:0, 3:0:0:0:1, 3:0:0:0:0, 3:0:0:0:0, 3:0:0:0:0, 2:0:0:0:0, 4:1:0:0:1, 2:2:0:0:2, 2:0:0:0:0, 3:0:0:0:0, 1:0:0:0:3, 4:1:0:0:2, 2:0:0:0:2, 4:0:0:0:1, 3:0:0:0:2, 3:0:0:0:2, 3:1:0:0:1, 4:1:0:0:1, 2:1:0:0:1, 2:2:0:0:2, 0:0:0:0:0, 2:0:0:0:0, 4:0:0:0:1, 2:1:0:0:1, 1:1:0:0:1, 2:0:0:0:3, 4:0:0:0:1, 2:1:0:0:1, 1:1:0:0:1, 2:0:0:0:3, 2:0:0:0:1, 2:1:0:0:1, 1:1:0:0:1, 1:1:0:0:1, 1:1:0:0:1, 0:0:0:0:0, 0:0:0:0:0, 0:0:0:0:0, 0:0:0:0:0, 0:0:0:0:0, 0:0:0:0:0, 0:0:0:0:0, 742:166:15:3:363
Gb dorian (6b), 3:0:0:0:1, 3:0:0:0:1, 4:0:0:0:2, 3:0:0:0:2, 3:0:0:0:2, 2:0:0:0:1, 2:0:0:0:2, 1:0:0:0:1, 1:1:1:0:1, 1:0:0:0:1, 2:0:0:0:1, 1:0:0:0:1, 2:0:0:0:2, 1:0:0:0:1, 1:0:0:0:1, 1:0:0:0:0, 1:0:0:0:1, 1:0:0:0:1, 2:0:0:0:1, 5:0:0:0:3, 2:0:0:0:2, 3:1:0:0:5, 2:1:1:0:3, 3:0:2:0:2, 3:0:1:0:2, 2:0:0:0:5, 3:0:0:0:3, 4:0:1:0:3, 1:0:0:0:1, 2:0:0:0:0, 3:0:0:0:6, 2:0:0:0:3, 3:0:0:0:1, 4:0:0:0:3, 3:0:0:0:2, 2:0:0:0:1, 2:0:0:0:1, 2:1:1:0:2, 3:0:0:0:2, 1:0:0:0:2, 3:0:0:0:2, 1:0:1:0:0, 2:0:0:0:1, 1:0:0:0:1, 2:0:0:0:1, 1:0:0:0:1, 2:0:0:0:1, 2:0:0:0:3, 3:0:0:0:0, 5:0:0:0:2, 3:0:0:0:2, 4:0:0:0:3, 3:0:0:0:2, 1:1:1:0:1, 2:0:0:0:1, 2:0:0:0:2, 2:0:0:0:4, 1:0:0:0:1, 1:0:0:0:0, 2:0:0:0:1, 2:0:0:0:1, 1:0:0:0:0, 1:0:0:0:1, 0:0:0:0:0, 0:0:0:0:0, 1:0:0:0:1, 4:0:0:0:3, 2:0:0:0:1, 3:0:0:0:2, 3:1:0:0:4, 3:1:1:0:4, 2:0:2:0:1, 4:0:0:0:5, 1:0:0:0:4, 4:0:0:2:4, 3:0:0:0:4, 2:1:1:0:2, 1:0:0:0:1, 5:0:0:0:6, 2:0:0:0:4, 3:0:0:0:1, 3:0:0:0:1, 3:0:0:0:2, 3:0:0:0:2, 3:0:0:0:2, 2:1:1:0:2, 3:0:0:0:2, 2:0:0:0:2, 1:1:1:0:1, 0:0:0:0:0, 3:0:0:0:2, 1:0:0:0:1, 2:0:0:0:1, 1:0:0:0:1, 2:0:0:0:1, 2:0:0:0:3, 2:0:0:0:1, 2:0:0:0:2, 2:0:0:0:1, 3:1:0:0:3, 2:0:0:0:1, 1:0:0:0:1, 3:0:0:0:3, 2:0:0:0:1, 2:0:0:0:1, 2:0:0:0:0, 2:0:0:0:1, 2:0:0:0:1, 1:0:0:0:0, 1:0:0:0:1, 1:0:0:0:1, 1:0:0:0:0, 0:0:0:0:0, 2:0:0:0:1, 2:0:0:0:2, 2:0:0:0:1, 2:0:0:0:2, 2:0:0:0:4, 2:1:0:0:4, 3:1:1:0:3, 3:0:0:0:4, 4:0:0:0:4, 3:0:0:0:4, 2:0:0:0:4, 2:0:0:0:1, 1:0:0:0:1, 3:0:0:0:4, 1:0:0:0:2, 3:0:0:0:0, 5:0:0:0:2, 4:0:0:0:3, 5:0:0:0:2, 3:0:0:0:2, 1:1:1:0:1, 2:0:0:0:1, 2:0:0:0:1, 1:1:1:0:1, 0:0:0:0:0, 2:0:0:0:1, 2:0:0:0:1, 2:0:0:0:1, 0:0:0:0:0, 2:0:0:0:1, 2:0:0:0:2, 2:0:0:0:3, 3:0:0:0:1, 3:0:0:0:2, 3:0:0:0:1, 2:0:0:0:2, 0:0:0:0:0, 3:0:0:0:2, 1:0:0:0:2, 1:0:0:0:2, 2:0:0:0:0, 1:0:0:0:1, 3:0:0:0:2, 1:0:0:0:0, 0:0:0:0:0, 1:0:0:0:1, 0:0:0:0:0, 2:0:0:0:1, 1:0:0:0:1, 3:0:0:0:3, 4:0:0:0:4, 3:0:0:0:4, 1:0:0:0:2, 3:1:1:0:4, 2:1:0:0:4, 4:0:0:0:3, 3:0:0:0:5, 2:0:0:0:5, 3:0:0:0:4, 1:0:0:0:2, 0:0:0:0:0, 3:0:0:0:6, 2:0:0:0:3, 3:0:0:0:1, 4:0:0:0:2, 3:0:0:0:2, 4:0:0:0:5, 3:0:0:0:2, 1:1:1:0:1, 3:0:0:0:2, 1:0:0:0:1, 1:1:1:0:1, 0:0:0:0:0, 3:0:0:0:2, 1:0:0:0:1, 2:0:0:0:2, 0:0:0:0:0, 2:0:0:0:1, 1:0:0:0:1, 2:0:0:0:2, 3:0:0:0:1, 3:0:0:0:2, 3:0:0:0:1, 2:0:0:0:2, 0:0:0:0:0, 3:0:0:0:2, 1:0:0:0:2, 1:0:0:0:2, 2:0:0:0:0, 1:0:0:0:1, 3:0:0:0:2, 1:0:0:0:0, 0:0:0:0:0, 1:0:0:0:1, 0:0:0:0:0, 1:0:0:0:1, 1:0:0:0:1, 3:0:0:0:2, 4:0:0:0:2, 3:0:0:0:3, 1:0:0:0:3, 3:1:1:0:4, 2:1:0:0:4, 4:0:0:0:3, 3:0:0:0:5, 2:0:0:0:5, 3:0:0:0:4, 1:0:0:0:1, 0:0:0:0:0, 3:0:0:0:5, 2:0:0:0:3, 3:0:0:0:1, 4:0:0:0:2, 3:0:0:0:2, 4:0:0:0:5, 3:0:0:0:2, 1:1:1:0:1, 3:0:0:0:2, 1:0:0:0:1, 1:1:1:0:1, 0:0:0:0:0, 4:0:0:0:3, 1:0:0:0:1, 2:0:0:0:2, 0:0:0:0:0, 2:0:0:0:1, 2:0:0:0:3, 2:0:0:0:1, 2:0:0:0:2, 2:0:0:0:1, 2:0:0:0:1, 2:0:0:0:1, 2:1:1:0:2, 3:0:0:0:2, 2:0:0:0:2, 3:0:0:0:3, 2:0:0:0:1, 1:0:0:0:1, 2:0:0:0:2, 1:0:0:0:0, 0:0:0:0:0, 2:0:0:0:2, 1:0:0:0:1, 0:0:0:0:0, 2:0:0:0:1, 3:0:0:0:2, 4:0:0:0:3, 2:0:0:0:2, 3:0:0:0:4, 2:0:0:0:4, 3:1:1:0:4, 2:0:0:0:3, 3:0:0:0:7, 3:0:0:0:3, 3:0:0:0:3, 2:0:0:0:2, 1:0:0:0:2, 4:1:0:0:4, 3:0:0:0:5, 2:0:0:0:1, 3:0:0:0:3, 2:0:0:0:1, 4:0:0:0:2, 2:0:0:0:1, 1:1:1:0:1, 2:0:0:0:2, 3:0:0:0:3, 1:0:0:0:1, 2:0:0:0:1, 2:0:0:0:1, 3:0:0:0:3, 2:0:0:0:2, 1:0:0:0:1, 0:0:0:0:0, 2:0:0:0:1, 2:0:0:0:3, 1:0:0:0:1, 0:0:0:0:0, 3:0:0:0:1, 1:0:0:0:1, 1:0:0:0:1, 0:0:0:0:0, 0:0:0:0:0, 0:0:0:0:0, 0:0:0:0:0, 0:0:0:0:0, 0:0:0:0:0, 0:0:0:0:0, 0:0:0:0:0, 0:0:0:0:0, 0:0:0:0:0, 610:27:27:2:541
F# dorian (6#), 3:0:0:0:2, 2:0:0:0:2, 4:0:0:0:1, 4:0:0:0:2, 4:0:0:0:2, 4:0:0:0:2, 4:1:0:0:1, 3:1:0:0:1, 2:1:0:0:2, 3:1:0:0:1, 3:1:1:0:1, 2:1:0:0:1, 3:2:0:0:2, 3:1:0:0:1, 2:1:0:0:1, 2:1:0:0:2, 2:1:0:0:1, 2:2:0:0:2, 1:0:2:0:0, 2:0:0:0:0, 2:0:0:0:1, 3:0:0:0:0, 2:0:0:0:1, 3:0:0:0:0, 3:0:0:0:1, 2:0:0:0:0, 1:0:0:0:0, 4:0:0:0:0, 3:1:0:0:1, 2:1:0:0:2, 3:0:0:0:0, 2:0:0:0:0, 2:0:0:0:2, 3:0:0:0:1, 2:0:0:0:3, 3:0:0:0:1, 2:0:0:0:2, 3:0:0:0:2, 4:1:0:0:2, 3:1:0:0:1, 3:1:0:0:1, 2:1:0:0:1, 0:0:0:0:0, 0:0:0:0:0, 3:0:0:0:2, 2:1:0:0:1, 3:1:0:0:2, 3:1:0:0:1, 1:0:0:0:3, 3:0:0:0:1, 4:0:0:0:2, 4:0:0:0:1, 2:0:0:0:2, 3:0:0:0:2, 4:1:0:0:2, 3:2:0:0:2, 3:1:0:0:1, 2:1:0:0:1, 3:1:0:0:2, 3:1:1:0:1, 3:1:0:0:1, 2:1:0:0:2, 2:1:0:0:1, 2:1:0:0:1, 1:1:0:0:1, 4:3:0:0:3, 2:0:0:0:0, 1:0:2:0:0, 2:0:0:0:1, 2:0:0:0:1, 3:0:0:0:1, 2:0:0:0:0, 3:0:0:3:3, 2:1:0:0:1, 5:0:0:0:0, 3:0:0:0:0, 3:1:0:0:2, 2:2:0:0:2, 5:0:0:0:1, 3:1:0:0:1, 3:0:0:0:2, 2:0:0:0:2, 3:0:0:0:1, 3:0:0:0:2, 3:0:0:0:2, 3:0:0:0:2, 4:1:0:0:2, 3:2:0:0:2, 2:1:0:0:2, 2:1:0:0:1, 1:0:0:0:0, 0:0:0:0:0, 3:0:0:0:2, 2:1:0:0:1, 3:1:0:0:2, 3:2:0:0:2, 2:0:0:0:3, 3:1:0:0:2, 3:0:0:0:2, 3:0:0:0:1, 2:0:0:0:2, 2:0:0:0:1, 4:1:0:0:1, 3:1:1:0:1, 2:2:0:0:2, 2:1:0:0:2, 4:1:0:0:2, 3:1:1:0:1, 2:1:0:0:2, 2:1:0:0:1, 2:1:0:0:1, 2:1:0:0:2, 1:1:0:0:1, 3:2:0:0:2, 1:0:0:0:0, 1:0:0:0:1, 2:0:0:0:0, 3:0:0:0:0, 1:0:0:0:0, 2:0:0:0:1, 3:0:0:0:0, 3:0:0:0:0, 3:0:0:0:0, 2:0:0:0:0, 4:1:0:0:2, 3:1:0:0:1, 3:0:0:0:1, 2:1:0:0:1, 1:0:0:0:3, 3:0:0:0:1, 4:0:0:0:2, 4:0:0:0:1, 2:0:0:0:2, 3:0:0:0:2, 2:1:0:0:1, 3:1:0:0:2, 2:1:0:0:2, 1:1:0:0:1, 0:0:0:0:0, 0:0:0:0:0, 3:0:0:0:2, 2:1:0:0:1, 3:2:0:0:4, 3:1:0:0:1, 3:0:0:0:2, 3:0:0:0:1, 3:0:0:0:2, 2:0:0:0:2, 2:0:0:0:2, 2:0:0:0:1, 3:1:0:0:1, 2:3:2:0:3, 2:2:0:0:2, 2:1:0:0:2, 4:1:0:0:1, 3:1:0:0:2, 2:1:0:0:2, 2:1:0:0:1, 2:1:0:0:1, 2:1:0:0:1, 2:1:0:0:1, 4:3:0:0:3, 1:0:0:0:0, 3:0:0:0:1, 2:0:0:0:0, 2:0:0:0:0, 3:0:0:0:1, 1:0:0:0:0, 4:0:1:0:0, 3:0:0:0:0, 2:0:0:0:0, 3:0:0:0:0, 2:1:0:0:1, 2:1:0:0:1, 3:0:0:0:0, 2:0:0:0:0, 2:0:0:0:2, 4:0:0:0:1, 4:0:0:0:2, 4:0:0:0:1, 2:0:0:0:2, 2:0:0:0:2, 4:1:0:0:2, 3:1:0:0:1, 2:1:0:0:2, 2:1:0:0:1, 1:0:0:0:0, 0:0:0:0:0, 3:0:0:0:1, 2:1:0:0:1, 3:2:0:0:3, 2:1:0:0:1, 4:0:0:0:2, 3:0:0:0:1, 3:0:0:0:2, 2:0:0:0:2, 2:0:0:0:2, 2:0:0:0:1, 3:1:0:0:1, 2:3:2:0:3, 2:2:0:0:2, 2:1:0:0:2, 4:1:0:0:1, 3:1:0:0:2, 2:1:0:0:2, 1:1:0:0:1, 2:1:0:0:1, 2:1:0:0:1, 2:1:0:0:1, 4:3:0:0:3, 1:0:0:0:0, 2:0:0:0:1, 2:0:0:0:0, 1:0:0:0:0, 3:0:0:0:1, 1:0:0:0:0, 4:0:1:0:0, 3:0:0:0:0, 2:0:0:0:0, 3:0:0:0:0, 3:1:0:0:1, 2:1:0:0:1, 3:0:0:0:0, 2:0:0:0:0, 2:0:0:0:2, 4:0:0:0:1, 4:0:0:0:2, 4:0:0:0:1, 2:0:0:0:2, 3:0:0:0:2, 4:1:0:0:2, 3:1:0:0:1, 2:1:0:0:2, 2:1:0:0:1, 2:0:0:0:0, 0:0:0:0:0, 3:0:0:0:1, 2:1:0:0:1, 3:2:0:0:3, 3:1:0:0:1, 2:0:0:0:3, 3:1:0:0:2, 2:0:0:0:1, 2:0:0:0:1, 1:0:0:0:2, 3:0:0:0:2, 4:1:0:0:2, 3:2:0:0:2, 4:2:0:0:2, 4:1:0:0:2, 2:2:0:0:2, 5:1:0:0:1, 2:1:1:0:1, 2:1:0:0:1, 4:1:0:0:1, 3:1:0:0:1, 1:1:0:0:1, 4:2:0:0:2, 1:0:0:0:0, 2:0:0:0:1, 2:0:0:0:0, 2:0:0:0:0, 2:0:0:0:0, 3:0:0:0:1, 3:0:0:0:0, 3:0:0:0:0, 3:0:0:0:0, 2:0:0:0:0, 4:1:0:0:1, 2:2:0:0:2, 2:0:0:0:0, 3:0:0:0:0, 1:0:0:0:3, 4:1:0:0:2, 2:0:0:0:2, 4:0:0:0:1, 3:0:0:0:2, 3:0:0:0:2, 3:1:0:0:1, 4:1:0:0:1, 2:1:0:0:1, 2:2:0:0:2, 0:0:0:0:0, 2:0:0:0:0, 4:0:0:0:1, 2:1:0:0:1, 1:1:0:0:1, 2:0:0:0:3, 4:0:0:0:1, 2:1:0:0:1, 1:1:0:0:1, 2:0:0:0:3, 2:0:0:0:1, 2:1:0:0:1, 1:1:0:0:1, 1:1:0:0:1, 1:1:0:0:1, 0:0:0:0:0, 0:0:0:0:0, 0:0:0:0:0, 0:0:0:0:0, 0:0:0:0:0, 0:0:0:0:0, 0:0:0:0:0, 742:166:15:3:363
Gb phrygian (6b), 3:0:0:0:1, 3:0:0:0:1, 4:0:0:0:2, 3:0:0:0:2, 3:0:0:0:2, 2:0:0:0:1, 2:0:0:0:2, 1:0:0:0:1, 1:1:1:0:1, 1:0:0:0:1, 2:0:0:0:1, 1:0:0:0:1, 2:0:0:0:2, 1:0:0:0:1, 1:0:0:0:1, 1:0:0:0:0, 1:0:0:0:1, 1:0:0:0:1, 2:0:0:0:1, 5:0:0:0:3, 2:0:0:0:2, 3:1:0:0:5, 2:1:1:0:3, 3:0:2:0:2, 3:0:1:0:2, 2:0:0:0:5, 3:0:0:0:3, 4:0:1:0:3, 1:0:0:0:1, 2:0:0:0:0, 3:0:0:0:6, 2:0:0:0:3, 3:0:0:0:1, 4:0:0:0:3, 3:0:0:0:2, 2:0:0:0:1, 2:0:0:0:1, 2:1:1:0:2, 3:0:0:0:2, 1:0:0:0:2, 3:0:0:0:2, 1:0:1:0:0, 2:0:0:0:1, 1:0:0:0:1, 2:0:0:0:1, 1:0:0:0:1, 2:0:0:0:1, 2:0:0:0:3, 3:0:0:0:0, 5:0:0:0:2, 3:0:0:0:2, 4:0:0:0:3, 3:0:0:0:2, 1:1:1:0:1, 2:0:0:0:1, 2:0:0:0:2, 2:0:0:0:4, 1:0:0:0:1, 1:0:0:0:0, 2:0:0:0:1, 2:0:0:0:1, 1:0:0:0:0, 1:0:0:0:1, 0:0:0:0:0, 0:0:0:0:0, 1:0:0:0:1, 4:0:0:0:3, 2:0:0:0:1, 3:0:0:0:2, 3:1:0:0:4, 3:1:1:0:4, 2:0:2:0:1, 4:0:0:0:5, 1:0:0:0:4, 4:0:0:2:4, 3:0:0:0:4, 2:1:1:0:2, 1:0:0:0:1, 5:0:0:0:6, 2:0:0:0:4, 3:0:0:0:1, 3:0:0:0:1, 3:0:0:0:2, 3:0:0:0:2, 3:0:0:0:2, 2:1:1:0:2, 3:0:0:0:2, 2:0:0:0:2, 1:1:1:0:1, 0:0:0:0:0, 3:0:0:0:2, 1:0:0:0:1, 2:0:0:0:1, 1:0:0:0:1, 2:0:0:0:1, 2:0:0:0:3, 2:0:0:0:1, 2:0:0:0:2, 2:0:0:0:1, 3:1:0:0:3, 2:0:0:0:1, 1:0:0:0:1, 3:0:0:0:3, 2:0:0:0:1, 2:0:0:0:1, 2:0:0:0:0, 2:0:0:0:1, 2:0:0:0:1, 1:0:0:0:0, 1:0:0:0:1, 1:0:0:0:1, 1:0:0:0:0, 0:0:0:0:0, 2:0:0:0:1, 2:0:0:0:2, 2:0:0:0:1, 2:0:0:0:2, 2:0:0:0:4, 2:1:0:0:4, 3:1:1:0:3, 3:0:0:0:4, 4:0:0:0:4, 3:0:0:0:4, 2:0:0:0:4, 2:0:0:0:1, 1:0:0:0:1, 3:0:0:0:4, 1:0:0:0:2, 3:0:0:0:0, 5:0:0:0:2, 4:0:0:0:3, 5:0:0:0:2, 3:0:0:0:2, 1:1:1:0:1, 2:0:0:0:1, 2:0:0:0:1, 1:1:1:0:1, 0:0:0:0:0, 2:0:0:0:1, 2:0:0:0:1, 2:0:0:0:1, 0:0:0:0:0, 2:0:0:0:1, 2:0:0:0:2, 2:0:0:0:3, 3:0:0:0:1, 3:0:0:0:2, 3:0:0:0:1, 2:0:0:0:2, 0:0:0:0:0, 3:0:0:0:2, 1:0:0:0:2, 1:0:0:0:2, 2:0:0:0:0, 1:0:0:0:1, 3:0:0:0:2, 1:0:0:0:0, 0:0:0:0:0, 1:0:0:0:1, 0:0:0:0:0, 2:0:0:0:1, 1:0:0:0:1, 3:0:0:0:3, 4:0:0:0:4, 3:0:0:0:4, 1:0:0:0:2, 3:1:1:0:4, 2:1:0:0:4, 4:0:0:0:3, 3:0:0:0:5, 2:0:0:0:5, 3:0:0:0:4, 1:0:0:0:2, 0:0:0:0:0, 3:0:0:0:6, 2:0:0:0:3, 3:0:0:0:1, 4:0:0:0:2, 3:0:0:0:2, 4:0:0:0:5, 3:0:0:0:2, 1:1:1:0:1, 3:0:0:0:2, 1:0:0:0:1, 1:1:1:0:1, 0:0:0:0:0, 3:0:0:0:2, 1:0:0:0:1, 2:0:0:0:2, 0:0:0:0:0, 2:0:0:0:1, 1:0:0:0:1, 2:0:0:0:2, 3:0:0:0:1, 3:0:0:0:2, 3:0:0:0:1, 2:0:0:0:2, 0:0:0:0:0, 3:0:0:0:2, 1:0:0:0:2, 1:0:0:0:2, 2:0:0:0:0, 1:0:0:0:1, 3:0:0:0:2, 1:0:0:0:0, 0:0:0:0:0, 1:0:0:0:1, 0:0:0:0:0, 1:0:0:0:1, 1:0:0:0:1, 3:0:0:0:2, 4:0:0:0:2, 3:0:0:0:3, 1:0:0:0:3, 3:1:1:0:4, 2:1:0:0:4, 4:0:0:0:3, 3:0:0:0:5, 2:0:0:0:5, 3:0:0:0:4, 1:0:0:0:1, 0:0:0:0:0, 3:0:0:0:5, 2:0:0:0:3, 3:0:0:0:1, 4:0:0:0:2, 3:0:0:0:2, 4:0:0:0:5, 3:0:0:0:2, 1:1:1:0:1, 3:0:0:0:2, 1:0:0:0:1, 1:1:1:0:1, 0:0:0:0:0, 4:0:0:0:3, 1:0:0:0:1, 2:0:0:0:2, 0:0:0:0:0, 2:0:0:0:1, 2:0:0:0:3, 2:0:0:0:1, 2:0:0:0:2, 2:0:0:0:1, 2:0:0:0:1, 2:0:0:0:1, 2:1:1:0:2, 3:0:0:0:2, 2:0:0:0:2, 3:0:0:0:3, 2:0:0:0:1, 1:0:0:0:1, 2:0:0:0:2, 1:0:0:0:0, 0:0:0:0:0, 2:0:0:0:2, 1:0:0:0:1, 0:0:0:0:0, 2:0:0:0:1, 3:0:0:0:2, 4:0:0:0:3, 2:0:0:0:2, 3:0:0:0:4, 2:0:0:0:4, 3:1:1:0:4, 2:0:0:0:3, 3:0:0:0:7, 3:0:0:0:3, 3:0:0:0:3, 2:0:0:0:2, 1:0:0:0:2, 4:1:0:0:4, 3:0:0:0:5, 2:0:0:0:1, 3:0:0:0:3, 2:0:0:0:1, 4:0:0:0:2, 2:0:0:0:1, 1:1:1:0:1, 2:0:0:0:2, 3:0:0:0:3, 1:0:0:0:1, 2:0:0:0:1, 2:0:0:0:1, 3:0:0:0:3, 2:0:0:0:2, 1:0:0:0:1, 0:0:0:0:0, 2:0:0:0:1, 2:0:0:0:3, 1:0:0:0:1, 0:0:0:0:0, 3:0:0:0:1, 1:0:0:0:1, 1:0:0:0:1, 0:0:0:0:0, 0:0:0:0:0, 0:0:0:0:0, 0:0:0:0:0, 0:0:0:0:0, 0:0:0:0:0, 0:0:0:0:0, 0:0:0:0:0, 0:0:0:0:0, 0:0:0:0:0, 610:27:27:2:541
F# phrygian (6#), 3:0:0:0:2, 2:0:0:0:2, 4:0:0:0:1, 4:0:0:0:2, 4:0:0:0:2, 4:0:0:0:2, 4:1:0:0:1, 3:1:0:0:1, 2:1:0:0:2, 3:1:0:0:1, 3:1:1:0:1, 2:1:0:0:1, 3:2:0:0:2, 3:1:0:0:1, 2:1:0:0:1, 2:1:0:0:2, 2:1:0:0:1, 2:2:0:0:2, 1:0:2:0:0, 2:0:0:0:0, 2:0:0:0:1, 3:0:0:0:0, 2:0:0:0:1, 3:0:0:0:0, 3:0:0:0:1, 2:0:0:0:0, 1:0:0:0:0, 4:0:0:0:0, 3:1:0:0:1, 2:1:0:0:2, 3:0:0:0:0, 2:0:0:0:0, 2:0:0:0:2, 3:0:0:0:1, 2:0:0:0:3, 3:0:0:0:1, 2:0:0:0:2, 3:0:0:0:2, 4:1:0:0:2, 3:1:0:0:1, 3:1:0:0:1, 2:1:0:0:1, 0:0:0:0:0, 0:0:0:0:0, 3:0:0:0:2, 2:1:0:0:1, 3:1:0:0:2, 3:1:0:0:1, 1:0:0:0:3, 3:0:0:0:1, 4:0:0:0:2, 4:0:0:0:1, 2:0:0:0:2, 3:0:0:0:2, 4:1:0:0:2, 3:2:0:0:2, 3:1:0:0:1, 2:1:0:0:1, 3:1:0:0:2, 3:1:1:0:1, 3:1:0:0:1, 2:1:0:0:2, 2:1:0:0:1, 2:1:0:0:1, 1:1:0:0:1, 4:3:0:0:3, 2:0:0:0:0, 1:0:2:0:0, 2:0:0:0:1, 2:0:0:0:1, 3:0:0:0:1, 2:0:0:0:0, 3:0:0:3:3, 2:1:0:0:1, 5:0:0:0:0, 3:0:0:0:0, 3:1:0:0:2, 2:2:0:0:2, 5:0:0:0:1, 3:1:0:0:1, 3:0:0:0:2, 2:0:0:0:2, 3:0:0:0:1, 3:0:0:0:2, 3:0:0:0:2, 3:0:0:0:2, 4:1:0:0:2, 3:2:0:0:2, 2:1:0:0:2, 2:1:0:0:1, 1:0:0:0:0, 0:0:0:0:0, 3:0:0:0:2, 2:1:0:0:1, 3:1:0:0:2, 3:2:0:0:2, 2:0:0:0:3, 3:1:0:0:2, 3:0:0:0:2, 3:0:0:0:1, 2:0:0:0:2, 2:0:0:0:1, 4:1:0:0:1, 3:1:1:0:1, 2:2:0:0:2, 2:1:0:0:2, 4:1:0:0:2, 3:1:1:0:1, 2:1:0:0:2, 2:1:0:0:1, 2:1:0:0:1, 2:1:0:0:2, 1:1:0:0:1, 3:2:0:0:2, 1:0:0:0:0, 1:0:0:0:1, 2:0:0:0:0, 3:0:0:0:0, 1:0:0:0:0, 2:0:0:0:1, 3:0:0:0:0, 3:0:0:0:0, 3:0:0:0:0, 2:0:0:0:0, 4:1:0:0:2, 3:1:0:0:1, 3:0:0:0:1, 2:1:0:0:1, 1:0:0:0:3, 3:0:0:0:1, 4:0:0:0:2, 4:0:0:0:1, 2:0:0:0:2, 3:0:0:0:2, 2:1:0:0:1, 3:1:0:0:2, 2:1:0:0:2, 1:1:0:0:1, 0:0:0:0:0, 0:0:0:0:0, 3:0:0:0:2, 2:1:0:0:1, 3:2:0:0:4, 3:1:0:0:1, 3:0:0:0:2, 3:0:0:0:1, 3:0:0:0:2, 2:0:0:0:2, 2:0:0:0:2, 2:0:0:0:1, 3:1:0:0:1, 2:3:2:0:3, 2:2:0:0:2, 2:1:0:0:2, 4:1:0:0:1, 3:1:0:0:2, 2:1:0:0:2, 2:1:0:0:1, 2:1:0:0:1, 2:1:0:0:1, 2:1:0:0:1, 4:3:0:0:3, 1:0:0:0:0, 3:0:0:0:1, 2:0:0:0:0, 2:0:0:0:0, 3:0:0:0:1, 1:0:0:0:0, 4:0:1:0:0, 3:0:0:0:0, 2:0:0:0:0, 3:0:0:0:0, 2:1:0:0:1, 2:1:0:0:1, 3:0:0:0:0, 2:0:0:0:0, 2:0:0:0:2, 4:0:0:0:1, 4:0:0:0:2, 4:0:0:0:1, 2:0:0:0:2, 2:0:0:0:2, 4:1:0:0:2, 3:1:0:0:1, 2:1:0:0:2, 2:1:0:0:1, 1:0:0:0:0, 0:0:0:0:0, 3:0:0:0:1, 2:1:0:0:1, 3:2:0:0:3, 2:1:0:0:1, 4:0:0:0:2, 3:0:0:0:1, 3:0:0:0:2, 2:0:0:0:2, 2:0:0:0:2, 2:0:0:0:1, 3:1:0:0:1, 2:3:2:0:3, 2:2:0:0:2, 2:1:0:0:2, 4:1:0:0:1, 3:1:0:0:2, 2:1:0:0:2, 1:1:0:0:1, 2:1:0:0:1, 2:1:0:0:1, 2:1:0:0:1, 4:3:0:0:3, 1:0:0:0:0, 2:0:0:0:1, 2:0:0:0:0, 1:0:0:0:0, 3:0:0:0:1, 1:0:0:0:0, 4:0:1:0:0, 3:0:0:0:0, 2:0:0:0:0, 3:0:0:0:0, 3:1:0:0:1, 2:1:0:0:1, 3:0:0:0:0, 2:0:0:0:0, 2:0:0:0:2, 4:0:0:0:1, 4:0:0:0:2, 4:0:0:0:1, 2:0:0:0:2, 3:0:0:0:2, 4:1:0:0:2, 3:1:0:0:1, 2:1:0:0:2, 2:1:0:0:1, 2:0:0:0:0, 0:0:0:0:0, 3:0:0:0:1, 2:1:0:0:1, 3:2:0:0:3, 3:1:0:0:1, 2:0:0:0:3, 3:1:0:0:2, 2:0:0:0:1, 2:0:0:0:1, 1:0:0:0:2, 3:0:0:0:2, 4:1:0:0:2, 3:2:0:0:2, 4:2:0:0:2, 4:1:0:0:2, 2:2:0:0:2, 5:1:0:0:1, 2:1:1:0:1, 2:1:0:0:1, 4:1:0:0:1, 3:1:0:0:1, 1:1:0:0:1, 4:2:0:0:2, 1:0:0:0:0, 2:0:0:0:1, 2:0:0:0:0, 2:0:0:0:0, 2:0:0:0:0, 3:0:0:0:1, 3:0:0:0:0, 3:0:0:0:0, 3:0:0:0:0, 2:0:0:0:0, 4:1:0:0:1, 2:2:0:0:2, 2:0:0:0:0, 3:0:0:0:0, 1:0:0:0:3, 4:1:0:0:2, 2:0:0:0:2, 4:0:0:0:1, 3:0:0:0:2, 3:0:0:0:2, 3:1:0:0:1, 4:1:0:0:1, 2:1:0:0:1, 2:2:0:0:2, 0:0:0:0:0, 2:0:0:0:0, 4:0:0:0:1, 2:1:0:0:1, 1:1:0:0:1, 2:0:0:0:3, 4:0:0:0:1, 2:1:0:0:1, 1:1:0:0:1, 2:0:0:0:3, 2:0:0:0:1, 2:1:0:0:1, 1:1:0:0:1, 1:1:0:0:1, 1:1:0:0:1, 0:0:0:0:0, 0:0:0:0:0, 0:0:0:0:0, 0:0:0:0:0, 0:0:0:0:0, 0:0:0:0:0, 0:0:0:0:0, 742:166:15:3:363
Gb lydian (6b), 3:0:0:0:1, 3:0:0:0:1, 4:0:0:0:2, 3:0:0:0:2, 3:0:0:0:2, 2:0:0:0:1, 2:0:0:0:2, 1:0:0:0:1, 1:1:1:0:1, 1:0:0:0:1, 2:0:0:0:1, 1:0:0:0:1, 2:0:0:0:2, 1:0:0:0:1, 1:0:0:0:1, 1:0:0:0:0, 1:0:0:0:1, 1:0:0:0:1, 2:0:0:0:1, 5:0:0:0:3, 2:0:0:0:2, 3:1:0:0:5, 2:1:1:0:3, 3:0:2:0:2, 3:0:1:0:2, 2:0:0:0:5, 3:0:0:0:3, 4:0:1:0:3, 1:0:0:0:1, 2:0:0:0:0, 3:0:0:0:6, 2:0:0:0:3, 3:0:0:0:1, 4:0:0:0:3, 3:0:0:0:2, 2:0:0:0:1, 2:0:0:0:1, 2:1:1:0:2, 3:0:0:0:2, 1:0:0:0:2, 3:0:0:0:2, 1:0:1:0:0, 2:0:0:0:1, 1:0:0:0:1, 2:0:0:0:1, 1:0:0:0:1, 2:0:0:0:1, 2:0:0:0:3, 3:0:0:0:0, 5:0:0:0:2, 3:0:0:0:2, 4:0:0:0:3, 3:0:0:0:2, 1:1:1:0:1, 2:0:0:0:1, 2:0:0:0:2, 2:0:0:0:4, 1:0:0:0:1, 1:0:0:0:0, 2:0:0:0:1, 2:0:0:0:1, 1:0:0:0:0, 1:0:0:0:1, 0:0:0:0:0, 0:0:0:0:0, 1:0:0:0:1, 4:0:0:0:3, 2:0:0:0:1, 3:0:0:0:2, 3:1:0:0:4, 3:1:1:0:4, 2:0:2:0:1, 4:0:0:0:5, 1:0:0:0:4, 4:0:0:2:4, 3:0:0:0:4, 2:1:1:0:2, 1:0:0:0:1, 5:0:0:0:6, 2:0:0:0:4, 3:0:0:0:1, 3:0:0:0:1, 3:0:0:0:2, 3:0:0:0:2, 3:0:0:0:2, 2:1:1:0:2, 3:0:0:0:2, 2:0:0:0:2, 1:1:1:0:1, 0:0:0:0:0, 3:0:0:0:2, 1:0:0:0:1, 2:0:0:0:1, 1:0:0:0:1, 2:0:0:0:1, 2:0:0:0:3, 2:0:0:0:1, 2:0:0:0:2, 2:0:0:0:1, 3:1:0:0:3, 2:0:0:0:1, 1:0:0:0:1, 3:0:0:0:3, 2:0:0:0:1, 2:0:0:0:1, 2:0:0:0:0, 2:0:0:0:1, 2:0:0:0:1, 1:0:0:0:0, 1:0:0:0:1, 1:0:0:0:1, 1:0:0:0:0, 0:0:0:0:0, 2:0:0:0:1, 2:0:0:0:2, 2:0:0:0:1, 2:0:0:0:2, 2:0:0:0:4, 2:1:0:0:4, 3:1:1:0:3, 3:0:0:0:4, 4:0:0:0:4, 3:0:0:0:4, 2:0:0:0:4, 2:0:0:0:1, 1:0:0:0:1, 3:0:0:0:4, 1:0:0:0:2, 3:0:0:0:0, 5:0:0:0:2, 4:0:0:0:3, 5:0:0:0:2, 3:0:0:0:2, 1:1:1:0:1, 2:0:0:0:1, 2:0:0:0:1, 1:1:1:0:1, 0:0:0:0:0, 2:0:0:0:1, 2:0:0:0:1, 2:0:0:0:1, 0:0:0:0:0, 2:0:0:0:1, 2:0:0:0:2, 2:0:0:0:3, 3:0:0:0:1, 3:0:0:0:2, 3:0:0:0:1, 2:0:0:0:2, 0:0:0:0:0, 3:0:0:0:2, 1:0:0:0:2, 1:0:0:0:2, 2:0:0:0:0, 1:0:0:0:1, 3:0:0:0:2, 1:0:0:0:0, 0:0:0:0:0, 1:0:0:0:1, 0:0:0:0:0, 2:0:0:0:1, 1:0:0:0:1, 3:0:0:0:3, 4:0:0:0:4, 3:0:0:0:4, 1:0:0:0:2, 3:1:1:0:4, 2:1:0:0:4, 4:0:0:0:3, 3:0:0:0:5, 2:0:0:0:5, 3:0:0:0:4, 1:0:0:0:2, 0:0:0:0:0, 3:0:0:0:6, 2:0:0:0:3, 3:0:0:0:1, 4:0:0:0:2, 3:0:0:0:2, 4:0:0:0:5, 3:0:0:0:2, 1:1:1:0:1, 3:0:0:0:2, 1:0:0:0:1, 1:1:1:0:1, 0:0:0:0:0, 3:0:0:0:2, 1:0:0:0:1, 2:0:0:0:2, 0:0:0:0:0, 2:0:0:0:1, 1:0:0:0:1, 2:0:0:0:2, 3:0:0:0:1, 3:0:0:0:2, 3:0:0:0:1, 2:0:0:0:2, 0:0:0:0:0, 3:0:0:0:2, 1:0:0:0:2, 1:0:0:0:2, 2:0:0:0:0, 1:0:0:0:1, 3:0:0:0:2, 1:0:0:0:0, 0:0:0:0:0, 1:0:0:0:1, 0:0:0:0:0, 1:0:0:0:1, 1:0:0:0:1, 3:0:0:0:2, 4:0:0:0:2, 3:0:0:0:3, 1:0:0:0:3, 3:1:1:0:4, 2:1:0:0:4, 4:0:0:0:3, 3:0:0:0:5, 2:0:0:0:5, 3:0:0:0:4, 1:0:0:0:1, 0:0:0:0:0, 3:0:0:0:5, 2:0:0:0:3, 3:0:0:0:1, 4:0:0:0:2, 3:0:0:0:2, 4:0:0:0:5, 3:0:0:0:2, 1:1:1:0:1, 3:0:0:0:2, 1:0:0:0:1, 1:1:1:0:1, 0:0:0:0:0, 4:0:0:0:3, 1:0:0:0:1, 2:0:0:0:2, 0:0:0:0:0, 2:0:0:0:1, 2:0:0:0:3, 2:0:0:0:1, 2:0:0:0:2, 2:0:0:0:1, 2:0:0:0:1, 2:0:0:0:1, 2:1:1:0:2, 3:0:0:0:2, 2:0:0:0:2, 3:0:0:0:3, 2:0:0:0:1, 1:0:0:0:1, 2:0:0:0:2, 1:0:0:0:0, 0:0:0:0:0, 2:0:0:0:2, 1:0:0:0:1, 0:0:0:0:0, 2:0:0:0:1, 3:0:0:0:2, 4:0:0:0:3, 2:0:0:0:2, 3:0:0:0:4, 2:0:0:0:4, 3:1:1:0:4, 2:0:0:0:3, 3:0:0:0:7, 3:0:0:0:3, 3:0:0:0:3, 2:0:0:0:2, 1:0:0:0:2, 4:1:0:0:4, 3:0:0:0:5, 2:0:0:0:1, 3:0:0:0:3, 2:0:0:0:1, 4:0:0:0:2, 2:0:0:0:1, 1:1:1:0:1, 2:0:0:0:2, 3:0:0:0:3, 1:0:0:0:1, 2:0:0:0:1, 2:0:0:0:1, 3:0:0:0:3, 2:0:0:0:2, 1:0:0:0:1, 0:0:0:0:0, 2:0:0:0:1, 2:0:0:0:3, 1:0:0:0:1, 0:0:0:0:0, 3:0:0:0:1, 1:0:0:0:1, 1:0:0:0:1, 0:0:0:0:0, 0:0:0:0:0, 0:0:0:0:0, 0:0:0:0:0, 0:0:0:0:0, 0:0:0:0:0, 0:0:0:0:0, 0:0:0:0:0, 0:0:0:0:0, 0:0:0:0:0, 610:27:27:2:541
F# lydian (6#), 3:0:0:0:2, 2:0:0:0:2, 4:0:0:0:1, 4:0:0:0:2, 4:0:0:0:2, 4:0:0:0:2, 4:1:0:0:1, 3:1:0:0:1, 2:1:0:0:2, 3:1:0:0:1, 3:1:1:0:1, 2:1:0:0:1, 3:2:0:0:2, 3:1:0:0:1, 2:1:0:0:1, 2:1:0:0:2, 2:1:0:0:1, 2:2:0:0:2, 1:0:2:0:0, 2:0:0:0:0, 2:0:0:0:1, 3:0:0:0:0, 2:0:0:0:1, 3:0:0:0:0, 3:0:0:0:1, 2:0:0:0:0, 1:0:0:0:0, 4:0:0:0:0, 3:1:0:0:1, 2:1:0:0:2, 3:0:0:0:0, 2:0:0:0:0, 2:0:0:0:2, 3:0:0:0:1, 2:0:0:0:3, 3:0:0:0:1, 2:0:0:0:2, 3:0:0:0:2, 4:1:0:0:2, 3:1:0:0:1, 3:1:0:0:1, 2:1:0:0:1, 0:0:0:0:0, 0:0:0:0:0, 3:0:0:0:2, 2:1:0:0:1, 3:1:0:0:2, 3:1:0:0:1, 1:0:0:0:3, 3:0:0:0:1, 4:0:0:0:2, 4:0:0:0:1, 2:0:0:0:2, 3:0:0:0:2, 4:1:0:0:2, 3:2:0:0:2, 3:1:0:0:1, 2:1:0:0:1, 3:1:0:0:2, 3:1:1:0:1, 3:1:0:0:1, 2:1:0:0:2, 2:1:0:0:1, 2:1:0:0:1, 1:1:0:0:1, 4:3:0:0:3, 2:0:0:0:0, 1:0:2:0:0, 2:0:0:0:1, 2:0:0:0:1, 3:0:0:0:1, 2:0:0:0:0, 3:0:0:3:3, 2:1:0:0:1, 5:0:0:0:0, 3:0:0:0:0, 3:1:0:0:2, 2:2:0:0:2, 5:0:0:0:1, 3:1:0:0:1, 3:0:0:0:2, 2:0:0:0:2, 3:0:0:0:1, 3:0:0:0:2, 3:0:0:0:2, 3:0:0:0:2, 4:1:0:0:2, 3:2:0:0:2, 2:1:0:0:2, 2:1:0:0:1, 1:0:0:0:0, 0:0:0:0:0, 3:0:0:0:2, 2:1:0:0:1, 3:1:0:0:2, 3:2:0:0:2, 2:0:0:0:3, 3:1:0:0:2, 3:0:0:0:2, 3:0:0:0:1, 2:0:0:0:2, 2:0:0:0:1, 4:1:0:0:1, 3:1:1:0:1, 2:2:0:0:2, 2:1:0:0:2, 4:1:0:0:2, 3:1:1:0:1, 2:1:0:0:2, 2:1:0:0:1, 2:1:0:0:1, 2:1:0:0:2, 1:1:0:0:1, 3:2:0:0:2, 1:0:0:0:0, 1:0:0:0:1, 2:0:0:0:0, 3:0:0:0:0, 1:0:0:0:0, 2:0:0:0:1, 3:0:0:0:0, 3:0:0:0:0, 3:0:0:0:0, 2:0:0:0:0, 4:1:0:0:2, 3:1:0:0:1, 3:0:0:0:1, 2:1:0:0:1, 1:0:0:0:3, 3:0:0:0:1, 4:0:0:0:2, 4:0:0:0:1, 2:0:0:0:2, 3:0:0:0:2, 2:1:0:0:1, 3:1:0:0:2, 2:1:0:0:2, 1:1:0:0:1, 0:0:0:0:0, 0:0:0:0:0, 3:0:0:0:2, 2:1:0:0:1, 3:2:0:0:4, 3:1:0:0:1, 3:0:0:0:2, 3:0:0:0:1, 3:0:0:0:2, 2:0:0:0:2, 2:0:0:0:2, 2:0:0:0:1, 3:1:0:0:1, 2:3:2:0:3, 2:2:0:0:2, 2:1:0:0:2, 4:1:0:0:1, 3:1:0:0:2, 2:1:0:0:2, 2:1:0:0:1, 2:1:0:0:1, 2:1:0:0:1, 2:1:0:0:1, 4:3:0:0:3, 1:0:0:0:0, 3:0:0:0:1, 2:0:0:0:0, 2:0:0:0:0, 3:0:0:0:1, 1:0:0:0:0, 4:0:1:0:0, 3:0:0:0:0, 2:0:0:0:0, 3:0:0:0:0, 2:1:0:0:1, 2:1:0:0:1, 3:0:0:0:0, 2:0:0:0:0, 2:0:0:0:2, 4:0:0:0:1, 4:0:0:0:2, 4:0:0:0:1, 2:0:0:0:2, 2:0:0:0:2, 4:1:0:0:2, 3:1:0:0:1, 2:1:0:0:2, 2:1:0:0:1, 1:0:0:0:0, 0:0:0:0:0, 3:0:0:0:1, 2:1:0:0:1, 3:2:0:0:3, 2:1:0:0:1, 4:0:0:0:2, 3:0:0:0:1, 3:0:0:0:2, 2:0:0:0:2, 2:0:0:0:2, 2:0:0:0:1, 3:1:0:0:1, 2:3:2:0:3, 2:2:0:0:2, 2:1:0:0:2, 4:1:0:0:1, 3:1:0:0:2, 2:1:0:0:2, 1:1:0:0:1, 2:1:0:0:1, 2:1:0:0:1, 2:1:0:0:1, 4:3:0:0:3, 1:0:0:0:0, 2:0:0:0:1, 2:0:0:0:0, 1:0:0:0:0, 3:0:0:0:1, 1:0:0:0:0, 4:0:1:0:0, 3:0:0:0:0, 2:0:0:0:0, 3:0:0:0:0, 3:1:0:0:1, 2:1:0:0:1, 3:0:0:0:0, 2:0:0:0:0, 2:0:0:0:2, 4:0:0:0:1, 4:0:0:0:2, 4:0:0:0:1, 2:0:0:0:2, 3:0:0:0:2, 4:1:0:0:2, 3:1:0:0:1, 2:1:0:0:2, 2:1:0:0:1, 2:0:0:0:0, 0:0:0:0:0, 3:0:0:0:1, 2:1:0:0:1, 3:2:0:0:3, 3:1:0:0:1, 2:0:0:0:3, 3:1:0:0:2, 2:0:0:0:1, 2:0:0:0:1, 1:0:0:0:2, 3:0:0:0:2, 4:1:0:0:2, 3:2:0:0:2, 4:2:0:0:2, 4:1:0:0:2, 2:2:0:0:2, 5:1:0:0:1, 2:1:1:0:1, 2:1:0:0:1, 4:1:0:0:1, 3:1:0:0:1, 1:1:0:0:1, 4:2:0:0:2, 1:0:0:0:0, 2:0:0:0:1, 2:0:0:0:0, 2:0:0:0:0, 2:0:0:0:0, 3:0:0:0:1, 3:0:0:0:0, 3:0:0:0:0, 3:0:0:0:0, 2:0:0:0:0, 4:1:0:0:1, 2:2:0:0:2, 2:0:0:0:0, 3:0:0:0:0, 1:0:0:0:3, 4:1:0:0:2, 2:0:0:0:2, 4:0:0:0:1, 3:0:0:0:2, 3:0:0:0:2, 3:1:0:0:1, 4:1:0:0:1, 2:1:0:0:1, 2:2:0:0:2, 0:0:0:0:0, 2:0:0:0:0, 4:0:0:0:1, 2:1:0:0:1, 1:1:0:0:1, 2:0:0:0:3, 4:0:0:0:1, 2:1:0:0:1, 1:1:0:0:1, 2:0:0:0:3, 2:0:0:0:1, 2:1:0:0:1, 1:1:0:0:1, 1:1:0:0:1, 1:1:0:0:1, 0:0:0:0:0, 0:0:0:0:0, 0:0:0:0:0, 0:0:0:0:0, 0:0:0:0:0, 0:0:0:0:0, 0:0:0:0:0, 742:166:15:3:363
Gb mixolydian (6b), 3:0:0:0:1, 3:0:0:0:1, 4:0:0:0:2, 3:0:0:0:2, 3:0:0:0:2, 2:0:0:0:1, 2:0:0:0:2, 1:0:0:0:1, 1:1:1:0:1, 1:0:0:0:1, 2:0:0:0:1, 1:0:0:0:1, 2:0:0:0:2, 1:0:0:0:1, 1:0:0:0:1, 1:0:0:0:0, 1:0:0:0:1, 1:0:0:0:1, 2:0:0:0:1, 5:0:0:0:3, 2:0:0:0:2, 3:1:0:0:5, 2:1:1:0:3, 3:0:2:0:2, 3:0:1:0:2, 2:0:0:0:5, 3:0:0:0:3, 4:0:1:0:3, 1:0:0:0:1, 2:0:0:0:0, 3:0:0:0:6, 2:0:0:0:3, 3:0:0:0:1, 4:0:0:0:3, 3:0:0:0:2, 2:0:0:0:1, 2:0:0:0:1, 2:1:1:0:2, 3:0:0:0:2, 1:0:0:0:2, 3:0:0:0:2, 1:0:1:0:0, 2:0:0:0:1, 1:0:0:0:1, 2:0:0:0:1, 1:0:0:0:1, 2:0:0:0:1, 2:0:0:0:3, 3:0:0:0:0, 5:0:0:0:2, 3:0:0:0:2, 4:0:0:0:3, 3:0:0:0:2, 1:1:1:0:1, 2:0:0:0:1, 2:0:0:0:2, 2:0:0:0:4, 1:0:0:0:1, 1:0:0:0:0, 2:0:0:0:1, 2:0:0:0:1, 1:0:0:0:0, 1:0:0:0:1, 0:0:0:0:0, 0:0:0:0:0, 1:0:0:0:1, 4:0:0:0:3, 2:0:0:0:1, 3:0:0:0:2, 3:1:0:0:4, 3:1:1:0:4, 2:0:2:0:1, 4:0:0:0:5, 1:0:0:0:4, 4:0:0:2:4, 3:0:0:0:4, 2:1:1:0:2, 1:0:0:0:1, 5:0:0:0:6, 2:0:0:0:4, 3:0:0:0:1, 3:0:0:0:1, 3:0:0:0:2, 3:0:0:0:2, 3:0:0:0:2, 2:1:1:0:2, 3:0:0:0:2, 2:0:0:0:2, 1:1:1:0:1, 0:0:0:0:0, 3:0:0:0:2, 1:0:0:0:1, 2:0:0:0:1, 1:0:0:0:1, 2:0:0:0:1, 2:0:0:0:3, 2:0:0:0:1, 2:0:0:0:2, 2:0:0:0:1, 3:1:0:0:3, 2:0:0:0:1, 1:0:0:0:1, 3:0:0:0:3, 2:0:0:0:1, 2:0:0:0:1, 2:0:0:0:0, 2:0:0:0:1, 2:0:0:0:1, 1:0:0:0:0, 1:0:0:0:1, 1:0:0:0:1, 1:0:0:0:0, 0:0:0:0:0, 2:0:0:0:1, 2:0:0:0:2, 2:0:0:0:1, 2:0:0:0:2, 2:0:0:0:4, 2:1:0:0:4, 3:1:1:0:3, 3:0:0:0:4, 4:0:0:0:4, 3:0:0:0:4, 2:0:0:0:4, 2:0:0:0:1, 1:0:0:0:1, 3:0:0:0:4, 1:0:0:0:2, 3:0:0:0:0, 5:0:0:0:2, 4:0:0:0:3, 5:0:0:0:2, 3:0:0:0:2, 1:1:1:0:1, 2:0:0:0:1, 2:0:0:0:1, 1:1:1:0:1, 0:0:0:0:0, 2:0:0:0:1, 2:0:0:0:1, 2:0:0:0:1, 0:0:0:0:0, 2:0:0:0:1, 2:0:0:0:2, 2:0:0:0:3, 3:0:0:0:1, 3:0:0:0:2, 3:0:0:0:1, 2:0:0:0:2, 0:0:0:0:0, 3:0:0:0:2, 1:0:0:0:2, 1:0:0:0:2, 2:0:0:0:0, 1:0:0:0:1, 3:0:0:0:2, 1:0:0:0:0, 0:0:0:0:0, 1:0:0:0:1, 0:0:0:0:0, 2:0:0:0:1, 1:0:0:0:1, 3:0:0:0:3, 4:0:0:0:4, 3:0:0:0:4, 1:0:0:0:2, 3:1:1:0:4, 2:1:0:0:4, 4:0:0:0:3, 3:0:0:0:5, 2:0:0:0:5, 3:0:0:0:4, 1:0:0:0:2, 0:0:0:0:0, 3:0:0:0:6, 2:0:0:0:3, 3:0:0:0:1, 4:0:0:0:2, 3:0:0:0:2, 4:0:0:0:5, 3:0:0:0:2, 1:1:1:0:1, 3:0:0:0:2, 1:0:0:0:1, 1:1:1:0:1, 0:0:0:0:0, 3:0:0:0:2, 1:0:0:0:1, 2:0:0:0:2, 0:0:0:0:0, 2:0:0:0:1, 1:0:0:0:1, 2:0:0:0:2, 3:0:0:0:1, 3:0:0:0:2, 3:0:0:0:1, 2:0:0:0:2, 0:0:0:0:0, 3:0:0:0:2, 1:0:0:0:2, 1:0:0:0:2, 2:0:0:0:0, 1:0:0:0:1, 3:0:0:0:2, 1:0:0:0:0, 0:0:0:0:0, 1:0:0:0:1, 0:0:0:0:0, 1:0:0:0:1, 1:0:0:0:1, 3:0:0:0:2, 4:0:0:0:2, 3:0:0:0:3, 1:0:0:0:3, 3:1:1:0:4, 2:1:0:0:4, 4:0:0:0:3, 3:0:0:0:5, 2:0:0:0:5, 3:0:0:0:4, 1:0:0:0:1, 0:0:0:0:0, 3:0:0:0:5, 2:0:0:0:3, 3:0:0:0:1, 4:0:0:0:2, 3:0:0:0:2, 4:0:0:0:5, 3:0:0:0:2, 1:1:1:0:1, 3:0:0:0:2, 1:0:0:0:1, 1:1:1:0:1, 0:0:0:0:0, 4:0:0:0:3, 1:0:0:0:1, 2:0:0:0:2, 0:0:0:0:0, 2:0:0:0:1, 2:0:0:0:3, 2:0:0:0:1, 2:0:0:0:2, 2:0:0:0:1, 2:0:0:0:1, 2:0:0:0:1, 2:1:1:0:2, 3:0:0:0:2, 2:0:0:0:2, 3:0:0:0:3, 2:0:0:0:1, 1:0:0:0:1, 2:0:0:0:2, 1:0:0:0:0, 0:0:0:0:0, 2:0:0:0:2, 1:0:0:0:1, 0:0:0:0:0, 2:0:0:0:1, 3:0:0:0:2, 4:0:0:0:3, 2:0:0:0:2, 3:0:0:0:4, 2:0:0:0:4, 3:1:1:0:4, 2:0:0:0:3, 3:0:0:0:7, 3:0:0:0:3, 3:0:0:0:3, 2:0:0:0:2, 1:0:0:0:2, 4:1:0:0:4, 3:0:0:0:5, 2:0:0:0:1, 3:0:0:0:3, 2:0:0:0:1, 4:0:0:0:2, 2:0:0:0:1, 1:1:1:0:1, 2:0:0:0:2, 3:0:0:0:3, 1:0:0:0:1, 2:0:0:0:1, 2:0:0:0:1, 3:0:0:0:3, 2:0:0:0:2, 1:0:0:0:1, 0:0:0:0:0, 2:0:0:0:1, 2:0:0:0:3, 1:0:0:0:1, 0:0:0:0:0, 3:0:0:0:1, 1:0:0:0:1, 1:0:0:0:1, 0:0:0:0:0, 0:0:0:0:0, 0:0:0:0:0, 0:0:0:0:0, 0:0:0:0:0, 0:0:0:0:0, 0:0:0:0:0, 0:0:0:0:0, 0:0:0:0:0, 0:0:0:0:0, 610:27:27:2:541
F# mixolydian (6#), 3:0:0:0:2, 2:0:0:0:2, 4:0:0:0:1, 4:0:0:0:2, 4:0:0:0:2, 4:0:0:0:2, 4:1:0:0:1, 3:1:0:0:1, 2:1:0:0:2, 3:1:0:0:1, 3:1:1:0:1, 2:1:0:0:1, 3:2:0:0:2, 3:1:0:0:1, 2:1:0:0:1, 2:1:0:0:2, 2:1:0:0:1, 2:2:0:0:2, 1:0:2:0:0, 2:0:0:0:0, 2:0:0:0:1, 3:0:0:0:0, 2:0:0:0:1, 3:0:0:0:0, 3:0:0:0:1, 2:0:0:0:0, 1:0:0:0:0, 4:0:0:0:0, 3:1:0:0:1, 2:1:0:0:2, 3:0:0:0:0, 2:0:0:0:0, 2:0:0:0:2, 3:0:0:0:1, 2:0:0:0:3, 3:0:0:0:1, 2:0:0:0:2, 3:0:0:0:2, 4:1:0:0:2, 3:1:0:0:1, 3:1:0:0:1, 2:1:0:0:1, 0:0:0:0:0, 0:0:0:0:0, 3:0:0:0:2, 2:1:0:0:1, 3:1:0:0:2, 3:1:0:0:1, 1:0:0:0:3, 3:0:0:0:1, 4:0:0:0:2, 4:0:0:0:1, 2:0:0:0:2, 3:0:0:0:2, 4:1:0:0:2, 3:2:0:0:2, 3:1:0:0:1, 2:1:0:0:1, 3:1:0:0:2, 3:1:1:0:1, 3:1:0:0:1, 2:1:0:0:2, 2:1:0:0:1, 2:1:0:0:1, 1:1:0:0:1, 4:3:0:0:3, 2:0:0:0:0, 1:0:2:0:0, 2:0:0:0:1, 2:0:0:0:1, 3:0:0:0:1, 2:0:0:0:0, 3:0:0:3:3, 2:1:0:0:1, 5:0:0:0:0, 3:0:0:0:0, 3:1:0:0:2, 2:2:0:0:2, 5:0:0:0:1, 3:1:0:0:1, 3:0:0:0:2, 2:0:0:0:2, 3:0:0:0:1, 3:0:0:0:2, 3:0:0:0:2, 3:0:0:0:2, 4:1:0:0:2, 3:2:0:0:2, 2:1:0:0:2, 2:1:0:0:1, 1:0:0:0:0, 0:0:0:0:0, 3:0:0:0:2, 2:1:0:0:1, 3:1:0:0:2, 3:2:0:0:2, 2:0:0:0:3, 3:1:0:0:2, 3:0:0:0:2, 3:0:0:0:1, 2:0:0:0:2, 2:0:0:0:1, 4:1:0:0:1, 3:1:1:0:1, 2:2:0:0:2, 2:1:0:0:2, 4:1:0:0:2, 3:1:1:0:1, 2:1:0:0:2, 2:1:0:0:1, 2:1:0:0:1, 2:1:0:0:2, 1:1:0:0:1, 3:2:0:0:2, 1:0:0:0:0, 1:0:0:0:1, 2:0:0:0:0, 3:0:0:0:0, 1:0:0:0:0, 2:0:0:0:1, 3:0:0:0:0, 3:0:0:0:0, 3:0:0:0:0, 2:0:0:0:0, 4:1:0:0:2, 3:1:0:0:1, 3:0:0:0:1, 2:1:0:0:1, 1:0:0:0:3, 3:0:0:0:1, 4:0:0:0:2, 4:0:0:0:1, 2:0:0:0:2, 3:0:0:0:2, 2:1:0:0:1, 3:1:0:0:2, 2:1:0:0:2, 1:1:0:0:1, 0:0:0:0:0, 0:0:0:0:0, 3:0:0:0:2, 2:1:0:0:1, 3:2:0:0:4, 3:1:0:0:1, 3:0:0:0:2, 3:0:0:0:1, 3:0:0:0:2, 2:0:0:0:2, 2:0:0:0:2, 2:0:0:0:1, 3:1:0:0:1, 2:3:2:0:3, 2:2:0:0:2, 2:1:0:0:2, 4:1:0:0:1, 3:1:0:0:2, 2:1:0:0:2, 2:1:0:0:1, 2:1:0:0:1, 2:1:0:0:1, 2:1:0:0:1, 4:3:0:0:3, 1:0:0:0:0, 3:0:0:0:1, 2:0:0:0:0, 2:0:0:0:0, 3:0:0:0:1, 1:0:0:0:0, 4:0:1:0:0, 3:0:0:0:0, 2:0:0:0:0, 3:0:0:0:0, 2:1:0:0:1, 2:1:0:0:1, 3:0:0:0:0, 2:0:0:0:0, 2:0:0:0:2, 4:0:0:0:1, 4:0:0:0:2, 4:0:0:0:1, 2:0:0:0:2, 2:0:0:0:2, 4:1:0:0:2, 3:1:0:0:1, 2:1:0:0:2, 2:1:0:0:1, 1:0:0:0:0, 0:0:0:0:0, 3:0:0:0:1, 2:1:0:0:1, 3:2:0:0:3, 2:1:0:0:1, 4:0:0:0:2, 3:0:0:0:1, 3:0:0:0:2, 2:0:0:0:2, 2:0:0:0:2, 2:0:0:0:1, 3:1:0:0:1, 2:3:2:0:3, 2:2:0:0:2, 2:1:0:0:2, 4:1:0:0:1, 3:1:0:0:2, 2:1:0:0:2, 1:1:0:0:1, 2:1:0:0:1, 2:1:0:0:1, 2:1:0:0:1, 4:3:0:0:3, 1:0:0:0:0, 2:0:0:0:1, 2:0:0:0:0, 1:0:0:0:0, 3:0:0:0:1, 1:0:0:0:0, 4:0:1:0:0, 3:0:0:0:0, 2:0:0:0:0, 3:0:0:0:0, 3:1:0:0:1, 2:1:0:0:1, 3:0:0:0:0, 2:0:0:0:0, 2:0:0:0:2, 4:0:0:0:1, 4:0:0:0:2, 4:0:0:0:1, 2:0:0:0:2, 3:0:0:0:2, 4:1:0:0:2, 3:1:0:0:1, 2:1:0:0:2, 2:1:0:0:1, 2:0:0:0:0, 0:0:0:0:0, 3:0:0:0:1, 2:1:0:0:1, 3:2:0:0:3, 3:1:0:0:1, 2:0:0:0:3, 3:1:0:0:2, 2:0:0:0:1, 2:0:0:0:1, 1:0:0:0:2, 3:0:0:0:2, 4:1:0:0:2, 3:2:0:0:2, 4:2:0:0:2, 4:1:0:0:2, 2:2:0:0:2, 5:1:0:0:1, 2:1:1:0:1, 2:1:0:0:1, 4:1:0:0:1, 3:1:0:0:1, 1:1:0:0:1, 4:2:0:0:2, 1:0:0:0:0, 2:0:0:0:1, 2:0:0:0:0, 2:0:0:0:0, 2:0:0:0:0, 3:0:0:0:1, 3:0:0:0:0, 3:0:0:0:0, 3:0:0:0:0, 2:0:0:0:0, 4:1:0:0:1, 2:2:0:0:2, 2:0:0:0:0, 3:0:0:0:0, 1:0:0:0:3, 4:1:0:0:2, 2:0:0:0:2, 4:0:0:0:1, 3:0:0:0:2, 3:0:0:0:2, 3:1:0:0:1, 4:1:0:0:1, 2:1:0:0:1, 2:2:0:0:2, 0:0:0:0:0, 2:0:0:0:0, 4:0:0:0:1, 2:1:0:0:1, 1:1:0:0:1, 2:0:0:0:3, 4:0:0:0:1, 2:1:0:0:1, 1:1:0:0:1, 2:0:0:0:3, 2:0:0:0:1, 2:1:0:0:1, 1:1:0:0:1, 1:1:0:0:1, 1:1:0:0:1, 0:0:0:0:0, 0:0:0:0:0, 0:0:0:0:0, 0:0:0:0:0, 0:0:0:0:0, 0:0:0:0:0, 0:0:0:0:0, 742:166:15:3:363
Gb aeolian (6b), 3:0:0:0:1, 3:0:0:0:1, 4:0:0:0:2, 3:0:0:0:2, 3:0:0:0:2, 2:0:0:0:1, 2:0:0:0:2, 1:0:0:0:1, 1:1:1:0:1, 1:0:0:0:1, 2:0:0:0:1, 1:0:0:0:1, 2:0:0:0:2, 1:0:0:0:1, 1:0:0:0:1, 1:0:0:0:0, 1:0:0:0:1, 1:0:0:0:1, 2:0:0:0:1, 5:0:0:0:3, 2:0:0:0:2, 3:1:0:0:5, 2:1:1:0:3, 3:0:2:0:2, 3:0:1:0:2, 2:0:0:0:5, 3:0:0:0:3, 4:0:1:0:3, 1:0:0:0:1, 2:0:0:0:0, 3:0:0:0:6, 2:0:0:0:3, 3:0:0:0:1, 4:0:0:0:3, 3:0:0:0:2, 2:0:0:0:1, 2:0:0:0:1, 2:1:1:0:2, 3:0:0:0:2, 1:0:0:0:2, 3:0:0:0:2, 1:0:1:0:0, 2:0:0:0:1, 1:0:0:0:1, 2:0:0:0:1, 1:0:0:0:1, 2:0:0:0:1, 2:0:0:0:3, 3:0:0:0:0, 5:0:0:0:2, 3:0:0:0:2, 4:0:0:0:3, 3:0:0:0:2, 1:1:1:0:1, 2:0:0:0:1, 2:0:0:0:2, 2:0:0:0:4, 1:0:0:0:1, 1:0:0:0:0, 2:0:0:0:1, 2:0:0:0:1, 1:0:0:0:0, 1:0:0:0:1, 0:0:0:0:0, 0:0:0:0:0, 1:0:0:0:1, 4:0:0:0:3, 2:0:0:0:1, 3:0:0:0:2, 3:1:0:0:4, 3:1:1:0:4, 2:0:2:0:1, 4:0:0:0:5, 1:0:0:0:4, 4:0:0:2:4, 3:0:0:0:4, 2:1:1:0:2, 1:0:0:0:1, 5:0:0:0:6, 2:0:0:0:4, 3:0:0:0:1, 3:0:0:0:1, 3:0:0:0:2, 3:0:0:0:2, 3:0:0:0:2, 2:1:1:0:2, 3:0:0:0:2, 2:0:0:0:2, 1:1:1:0:1, 0:0:0:0:0, 3:0:0:0:2, 1:0:0:0:1, 2:0:0:0:1, 1:0:0:0:1, 2:0:0:0:1, 2:0:0:0:3, 2:0:0:0:1, 2:0:0:0:2, 2:0:0:0:1, 3:1:0:0:3, 2:0:0:0:1, 1:0:0:0:1, 3:0:0:0:3, 2:0:0:0:1, 2:0:0:0:1, 2:0:0:0:0, 2:0:0:0:1, 2:0:0:0:1, 1:0:0:0:0, 1:0:0:0:1, 1:0:0:0:1, 1:0:0:0:0, 0:0:0:0:0, 2:0:0:0:1, 2:0:0:0:2, 2:0:0:0:1, 2:0:0:0:2, 2:0:0:0:4, 2:1:0:0:4, 3:1:1:0:3, 3:0:0:0:4, 4:0:0:0:4, 3:0:0:0:4, 2:0:0:0:4, 2:0:0:0:1, 1:0:0:0:1, 3:0:0:0:4, 1:0:0:0:2, 3:0:0:0:0, 5:0:0:0:2, 4:0:0:0:3, 5:0:0:0:2, 3:0:0:0:2, 1:1:1:0:1, 2:0:0:0:1, 2:0:0:0:1, 1:1:1:0:1, 0:0:0:0:0, 2:0:0:0:1, 2:0:0:0:1, 2:0:0:0:1, 0:0:0:0:0, 2:0:0:0:1, 2:0:0:0:2, 2:0:0:0:3, 3:0:0:0:1, 3:0:0:0:2, 3:0:0:0:1, 2:0:0:0:2, 0:0:0:0:0, 3:0:0:0:2, 1:0:0:0:2, 1:0:0:0:2, 2:0:0:0:0, 1:0:0:0:1, 3:0:0:0:2, 1:0:0:0:0, 0:0:0:0:0, 1:0:0:0:1, 0:0:0:0:0, 2:0:0:0:1, 1:0:0:0:1, 3:0:0:0:3, 4:0:0:0:4, 3:0:0:0:4, 1:0:0:0:2, 3:1:1:0:4, 2:1:0:0:4, 4:0:0:0:3, 3:0:0:0:5, 2:0:0:0:5, 3:0:0:0:4, 1:0:0:0:2, 0:0:0:0:0, 3:0:0:0:6, 2:0:0:0:3, 3:0:0:0:1, 4:0:0:0:2, 3:0:0:0:2, 4:0:0:0:5, 3:0:0:0:2, 1:1:1:0:1, 3:0:0:0:2, 1:0:0:0:1, 1:1:1:0:1, 0:0:0:0:0, 3:0:0:0:2, 1:0:0:0:1, 2:0:0:0:2, 0:0:0:0:0, 2:0:0:0:1, 1:0:0:0:1, 2:0:0:0:2, 3:0:0:0:1, 3:0:0:0:2, 3:0:0:0:1, 2:0:0:0:2, 0:0:0:0:0, 3:0:0:0:2, 1:0:0:0:2, 1:0:0:0:2, 2:0:0:0:0, 1:0:0:0:1, 3:0:0:0:2, 1:0:0:0:0, 0:0:0:0:0, 1:0:0:0:1, 0:0:0:0:0, 1:0:0:0:1, 1:0:0:0:1, 3:0:0:0:2, 4:0:0:0:2, 3:0:0:0:3, 1:0:0:0:3, 3:1:1:0:4, 2:1:0:0:4, 4:0:0:0:3, 3:0:0:0:5, 2:0:0:0:5, 3:0:0:0:4, 1:0:0:0:1, 0:0:0:0:0, 3:0:0:0:5, 2:0:0:0:3, 3:0:0:0:1, 4:0:0:0:2, 3:0:0:0:2, 4:0:0:0:5, 3:0:0:0:2, 1:1:1:0:1, 3:0:0:0:2, 1:0:0:0:1, 1:1:1:0:1, 0:0:0:0:0, 4:0:0:0:3, 1:0:0:0:1, 2:0:0:0:2, 0:0:0:0:0, 2:0:0:0:1, 2:0:0:0:3, 2:0:0:0:1, 2:0:0:0:2, 2:0:0:0:1, 2:0:0:0:1, 2:0:0:0:1, 2:1:1:0:2, 3:0:0:0:2, 2:0:0:0:2, 3:0:0:0:3, 2:0:0:0:1, 1:0:0:0:1, 2:0:0:0:2, 1:0:0:0:0, 0:0:0:0:0, 2:0:0:0:2, 1:0:0:0:1, 0:0:0:0:0, 2:0:0:0:1, 3:0:0:0:2, 4:0:0:0:3, 2:0:0:0:2, 3:0:0:0:4, 2:0:0:0:4, 3:1:1:0:4, 2:0:0:0:3, 3:0:0:0:7, 3:0:0:0:3, 3:0:0:0:3, 2:0:0:0:2, 1:0:0:0:2, 4:1:0:0:4, 3:0:0:0:5, 2:0:0:0:1, 3:0:0:0:3, 2:0:0:0:1, 4:0:0:0:2, 2:0:0:0:1, 1:1:1:0:1, 2:0:0:0:2, 3:0:0:0:3, 1:0:0:0:1, 2:0:0:0:1, 2:0:0:0:1, 3:0:0:0:3, 2:0:0:0:2, 1:0:0:0:1, 0:0:0:0:0, 2:0:0:0:1, 2:0:0:0:3, 1:0:0:0:1, 0:0:0:0:0, 3:0:0:0:1, 1:0:0:0:1, 1:0:0:0:1, 0:0:0:0:0, 0:0:0:0:0, 0:0:0:0:0, 0:0:0:0:0, 0:0:0:0:0, 0:0:0:0:0, 0:0:0:0:0, 0:0:0:0:0, 0:0:0:0:0, 0:0:0:0:0, 610:27:27:2:541
F# aeolian (6#), 3:0:0:0:2, 2:0:0:0:2, 4:0:0:0:1, 4:0:0:0:2, 4:0:0:0:2, 4:0:0:0:2, 4:1:0:0:1, 3:1:0:0:1, 2:1:0:0:2, 3:1:0:0:1, 3:1:1:0:1, 2:1:0:0:1, 3:2:0:0:2, 3:1:0:0:1, 2:1:0:0:1, 2:1:0:0:2, 2:1:0:0:1, 2:2:0:0:2, 1:0:2:0:0, 2:0:0:0:0, 2:0:0:0:1, 3:0:0:0:0, 2:0:0:0:1, 3:0:0:0:0, 3:0:0:0:1, 2:0:0:0:0, 1:0:0:0:0, 4:0:0:0:0, 3:1:0:0:1, 2:1:0:0:2, 3:0:0:0:0, 2:0:0:0:0, 2:0:0:0:2, 3:0:0:0:1, 2:0:0:0:3, 3:0:0:0:1, 2:0:0:0:2, 3:0:0:0:2, 4:1:0:0:2, 3:1:0:0:1, 3:1:0:0:1, 2:1:0:0:1, 0:0:0:0:0, 0:0:0:0:0, 3:0:0:0:2, 2:1:0:0:1, 3:1:0:0:2, 3:1:0:0:1, 1:0:0:0:3, 3:0:0:0:1, 4:0:0:0:2, 4:0:0:0:1, 2:0:0:0:2, 3:0:0:0:2, 4:1:0:0:2, 3:2:0:0:2, 3:1:0:0:1, 2:1:0:0:1, 3:1:0:0:2, 3:1:1:0:1, 3:1:0:0:1, 2:1:0:0:2, 2:1:0:0:1, 2:1:0:0:1, 1:1:0:0:1, 4:3:0:0:3, 2:0:0:0:0, 1:0:2:0:0, 2:0:0:0:1, 2:0:0:0:1, 3:0:0:0:1, 2:0:0:0:0, 3:0:0:3:3, 2:1:0:0:1, 5:0:0:0:0, 3:0:0:0:0, 3:1:0:0:2, 2:2:0:0:2, 5:0:0:0:1, 3:1:0:0:1, 3:0:0:0:2, 2:0:0:0:2, 3:0:0:0:1, 3:0:0:0:2, 3:0:0:0:2, 3:0:0:0:2, 4:1:0:0:2, 3:2:0:0:2, 2:1:0:0:2, 2:1:0:0:1, 1:0:0:0:0, 0:0:0:0:0, 3:0:0:0:2, 2:1:0:0:1, 3:1:0:0:2, 3:2:0:0:2, 2:0:0:0:3, 3:1:0:0:2, 3:0:0:0:2, 3:0:0:0:1, 2:0:0:0:2, 2:0:0:0:1, 4:1:0:0:1, 3:1:1:0:1, 2:2:0:0:2, 2:1:0:0:2, 4:1:0:0:2, 3:1:1:0:1, 2:1:0:0:2, 2:1:0:0:1, 2:1:0:0:1, 2:1:0:0:2, 1:1:0:0:1, 3:2:0:0:2, 1:0:0:0:0, 1:0:0:0:1, 2:0:0:0:0, 3:0:0:0:0, 1:0:0:0:0, 2:0:0:0:1, 3:0:0:0:0, 3:0:0:0:0, 3:0:0:0:0, 2:0:0:0:0, 4:1:0:0:2, 3:1:0:0:1, 3:0:0:0:1, 2:1:0:0:1, 1:0:0:0:3, 3:0:0:0:1, 4:0:0:0:2, 4:0:0:0:1, 2:0:0:0:2, 3:0:0:0:2, 2:1:0:0:1, 3:1:0:0:2, 2:1:0:0:2, 1:1:0:0:1, 0:0:0:0:0, 0:0:0:0:0, 3:0:0:0:2, 2:1:0:0:1, 3:2:0:0:4, 3:1:0:0:1, 3:0:0:0:2, 3:0:0:0:1, 3:0:0:0:2, 2:0:0:0:2, 2:0:0:0:2, 2:0:0:0:1, 3:1:0:0:1, 2:3:2:0:3, 2:2:0:0:2, 2:1:0:0:2, 4:1:0:0:1, 3:1:0:0:2, 2:1:0:0:2, 2:1:0:0:1, 2:1:0:0:1, 2:1:0:0:1, 2:1:0:0:1, 4:3:0:0:3, 1:0:0:0:0, 3:0:0:0:1, 2:0:0:0:0, 2:0:0:0:0, 3:0:0:0:1, 1:0:0:0:0, 4:0:1:0:0, 3:0:0:0:0, 2:0:0:0:0, 3:0:0:0:0, 2:1:0:0:1, 2:1:0:0:1, 3:0:0:0:0, 2:0:0:0:0, 2:0:0:0:2, 4:0:0:0:1, 4:0:0:0:2, 4:0:0:0:1, 2:0:0:0:2, 2:0:0:0:2, 4:1:0:0:2, 3:1:0:0:1, 2:1:0:0:2, 2:1:0:0:1, 1:0:0:0:0, 0:0:0:0:0, 3:0:0:0:1, 2:1:0:0:1, 3:2:0:0:3, 2:1:0:0:1, 4:0:0:0:2, 3:0:0:0:1, 3:0:0:0:2, 2:0:0:0:2, 2:0:0:0:2, 2:0:0:0:1, 3:1:0:0:1, 2:3:2:0:3, 2:2:0:0:2, 2:1:0:0:2, 4:1:0:0:1, 3:1:0:0:2, 2:1:0:0:2, 1:1:0:0:1, 2:1:0:0:1, 2:1:0:0:1, 2:1:0:0:1, 4:3:0:0:3, 1:0:0:0:0, 2:0:0:0:1, 2:0:0:0:0, 1:0:0:0:0, 3:0:0:0:1, 1:0:0:0:0, 4:0:1:0:0, 3:0:0:0:0, 2:0:0:0:0, 3:0:0:0:0, 3:1:0:0:1, 2:1:0:0:1, 3:0:0:0:0, 2:0:0:0:0, 2:0:0:0:2, 4:0:0:0:1, 4:0:0:0:2, 4:0:0:0:1, 2:0:0:0:2, 3:0:0:0:2, 4:1:0:0:2, 3:1:0:0:1, 2:1:0:0:2, 2:1:0:0:1, 2:0:0:0:0, 0:0:0:0:0, 3:0:0:0:1, 2:1:0:0:1, 3:2:0:0:3, 3:1:0:0:1, 2:0:0:0:3, 3:1:0:0:2, 2:0:0:0:1, 2:0:0:0:1, 1:0:0:0:2, 3:0:0:0:2, 4:1:0:0:2, 3:2:0:0:2, 4:2:0:0:2, 4:1:0:0:2, 2:2:0:0:2, 5:1:0:0:1, 2:1:1:0:1, 2:1:0:0:1, 4:1:0:0:1, 3:1:0:0:1, 1:1:0:0:1, 4:2:0:0:2, 1:0:0:0:0, 2:0:0:0:1, 2:0:0:0:0, 2:0:0:0:0, 2:0:0:0:0, 3:0:0:0:1, 3:0:0:0:0, 3:0:0:0:0, 3:0:0:0:0, 2:0:0:0:0, 4:1:0:0:1, 2:2:0:0:2, 2:0:0:0:0, 3:0:0:0:0, 1:0:0:0:3, 4:1:0:0:2, 2:0:0:0:2, 4:0:0:0:1, 3:0:0:0:2, 3:0:0:0:2, 3:1:0:0:1, 4:1:0:0:1, 2:1:0:0:1, 2:2:0:0:2, 0:0:0:0:0, 2:0:0:0:0, 4:0:0:0:1, 2:1:0:0:1, 1:1:0:0:1, 2:0:0:0:3, 4:0:0:0:1, 2:1:0:0:1, 1:1:0:0:1, 2:0:0:0:3, 2:0:0:0:1, 2:1:0:0:1, 1:1:0:0:1, 1:1:0:0:1, 1:1:0:0:1, 0:0:0:0:0, 0:0:0:0:0, 0:0:0:0:0, 0:0:0:0:0, 0:0:0:0:0, 0:0:0:0:0, 0:0:0:0:0, 742:166:15:3:363
Gb locrian (6b), 3:0:0:0:1, 3:0:0:0:1, 4:0:0:0:2, 3:0:0:0:2, 3:0:0:0:2, 2:0:0:0:1, 2:0:0:0:2, 1:0:0:0:1, 1:1:1:0:1, 1:0:0:0:1, 2:0:0:0:1, 1:0:0:0:1, 2:0:0:0:2, 1:0:0:0:1, 1:0:0:0:1, 1:0:0:0:0, 1:0:0:0:1, 1:0:0:0:1, 2:0:0:0:1, 5:0:0:0:3, 2:0:0:0:2, 3:1:0:0:5, 2:1:1:0:3, 3:0:2:0:2, 3:0:1:0:2, 2:0:0:0:5, 3:0:0:0:3, 4:0:1:0:3, 1:0:0:0:1, 2:0:0:0:0, 3:0:0:0:6, 2:0:0:0:3, 3:0:0:0:1, 4:0:0:0:3, 3:0:0:0:2, 2:0:0:0:1, 2:0:0:0:1, 2:1:1:0:2, 3:0:0:0:2, 1:0:0:0:2, 3:0:0:0:2, 1:0:1:0:0, 2:0:0:0:1, 1:0:0:0:1, 2:0:0:0:1, 1:0:0:0:1, 2:0:0:0:1, 2:0:0:0:3, 3:0:0:0:0, 5:0:0:0:2, 3:0:0:0:2, 4:0:0:0:3, 3:0:0:0:2, 1:1:1:0:1, 2:0:0:0:1, 2:0:0:0:2, 2:0:0:0:4, 1:0:0:0:1, 1:0:0:0:0, 2:0:0:0:1, 2:0:0:0:1, 1:0:0:0:0, 1:0:0:0:1, 0:0:0:0:0, 0:0:0:0:0, 1:0:0:0:1, 4:0:0:0:3, 2:0:0:0:1, 3:0:0:0:2, 3:1:0:0:4, 3:1:1:0:4, 2:0:2:0:1, 4:0:0:0:5, 1:0:0:0:4, 4:0:0:2:4, 3:0:0:0:4, 2:1:1:0:2, 1:0:0:0:1, 5:0:0:0:6, 2:0:0:0:4, 3:0:0:0:1, 3:0:0:0:1, 3:0:0:0:2, 3:0:0:0:2, 3:0:0:0:2, 2:1:1:0:2, 3:0:0:0:2, 2:0:0:0:2, 1:1:1:0:1, 0:0:0:0:0, 3:0:0:0:2, 1:0:0:0:1, 2:0:0:0:1, 1:0:0:0:1, 2:0:0:0:1, 2:0:0:0:3, 2:0:0:0:1, 2:0:0:0:2, 2:0:0:0:1, 3:1:0:0:3, 2:0:0:0:1, 1:0:0:0:1, 3:0:0:0:3, 2:0:0:0:1, 2:0:0:0:1, 2:0:0:0:0, 2:0:0:0:1, 2:0:0:0:1, 1:0:0:0:0, 1:0:0:0:1, 1:0:0:0:1, 1:0:0:0:0, 0:0:0:0:0, 2:0:0:0:1, 2:0:0:0:2, 2:0:0:0:1, 2:0:0:0:2, 2:0:0:0:4, 2:1:0:0:4, 3:1:1:0:3, 3:0:0:0:4, 4:0:0:0:4, 3:0:0:0:4, 2:0:0:0:4, 2:0:0:0:1, 1:0:0:0:1, 3:0:0:0:4, 1:0:0:0:2, 3:0:0:0:0, 5:0:0:0:2, 4:0:0:0:3, 5:0:0:0:2, 3:0:0:0:2, 1:1:1:0:1, 2:0:0:0:1, 2:0:0:0:1, 1:1:1:0:1, 0:0:0:0:0, 2:0:0:0:1, 2:0:0:0:1, 2:0:0:0:1, 0:0:0:0:0, 2:0:0:0:1, 2:0:0:0:2, 2:0:0:0:3, 3:0:0:0:1, 3:0:0:0:2, 3:0:0:0:1, 2:0:0:0:2, 0:0:0:0:0, 3:0:0:0:2, 1:0:0:0:2, 1:0:0:0:2, 2:0:0:0:0, 1:0:0:0:1, 3:0:0:0:2, 1:0:0:0:0, 0:0:0:0:0, 1:0:0:0:1, 0:0:0:0:0, 2:0:0:0:1, 1:0:0:0:1, 3:0:0:0:3, 4:0:0:0:4, 3:0:0:0:4, 1:0:0:0:2, 3:1:1:0:4, 2:1:0:0:4, 4:0:0:0:3, 3:0:0:0:5, 2:0:0:0:5, 3:0:0:0:4, 1:0:0:0:2, 0:0:0:0:0, 3:0:0:0:6, 2:0:0:0:3, 3:0:0:0:1, 4:0:0:0:2, 3:0:0:0:2, 4:0:0:0:5, 3:0:0:0:2, 1:1:1:0:1, 3:0:0:0:2, 1:0:0:0:1, 1:1:1:0:1, 0:0:0:0:0, 3:0:0:0:2, 1:0:0:0:1, 2:0:0:0:2, 0:0:0:0:0, 2:0:0:0:1, 1:0:0:0:1, 2:0:0:0:2, 3:0:0:0:1, 3:0:0:0:2, 3:0:0:0:1, 2:0:0:0:2, 0:0:0:0:0, 3:0:0:0:2, 1:0:0:0:2, 1:0:0:0:2, 2:0:0:0:0, 1:0:0:0:1, 3:0:0:0:2, 1:0:0:0:0, 0:0:0:0:0, 1:0:0:0:1, 0:0:0:0:0, 1:0:0:0:1, 1:0:0:0:1, 3:0:0:0:2, 4:0:0:0:2, 3:0:0:0:3, 1:0:0:0:3, 3:1:1:0:4, 2:1:0:0:4, 4:0:0:0:3, 3:0:0:0:5, 2:0:0:0:5, 3:0:0:0:4, 1:0:0:0:1, 0:0:0:0:0, 3:0:0:0:5, 2:0:0:0:3, 3:0:0:0:1, 4:0:0:0:2, 3:0:0:0:2, 4:0:0:0:5, 3:0:0:0:2, 1:1:1:0:1, 3:0:0:0:2, 1:0:0:0:1, 1:1:1:0:1, 0:0:0:0:0, 4:0:0:0:3, 1:0:0:0:1, 2:0:0:0:2, 0:0:0:0:0, 2:0:0:0:1, 2:0:0:0:3, 2:0:0:0:1, 2:0:0:0:2, 2:0:0:0:1, 2:0:0:0:1, 2:0:0:0:1, 2:1:1:0:2, 3:0:0:0:2, 2:0:0:0:2, 3:0:0:0:3, 2:0:0:0:1, 1:0:0:0:1, 2:0:0:0:2, 1:0:0:0:0, 0:0:0:0:0, 2:0:0:0:2, 1:0:0:0:1, 0:0:0:0:0, 2:0:0:0:1, 3:0:0:0:2, 4:0:0:0:3, 2:0:0:0:2, 3:0:0:0:4, 2:0:0:0:4, 3:1:1:0:4, 2:0:0:0:3, 3:0:0:0:7, 3:0:0:0:3, 3:0:0:0:3, 2:0:0:0:2, 1:0:0:0:2, 4:1:0:0:4, 3:0:0:0:5, 2:0:0:0:1, 3:0:0:0:3, 2:0:0:0:1, 4:0:0:0:2, 2:0:0:0:1, 1:1:1:0:1, 2:0:0:0:2, 3:0:0:0:3, 1:0:0:0:1, 2:0:0:0:1, 2:0:0:0:1, 3:0:0:0:3, 2:0:0:0:2, 1:0:0:0:1, 0:0:0:0:0, 2:0:0:0:1, 2:0:0:0:3, 1:0:0:0:1, 0:0:0:0:0, 3:0:0:0:1, 1:0:0:0:1, 1:0:0:0:1, 0:0:0:0:0, 0:0:0:0:0, 0:0:0:0:0, 0:0:0:0:0, 0:0:0:0:0, 0:0:0:0:0, 0:0:0:0:0, 0:0:0:0:0, 0:0:0:0:0, 0:0:0:0:0, 610:27:27:2:541
F# locrian (6#), 3:0:0:0:2, 2:0:0:0:2, 4:0:0:0:1, 4:0:0:0:2, 4:0:0:0:2, 4:0:0:0:2, 4:1:0:0:1, 3:1:0:0:1, 2:1:0:0:2, 3:1:0:0:1, 3:1:1:0:1, 2:1:0:0:1, 3:2:0:0:2, 3:1:0:0:1, 2:1:0:0:1, 2:1:0:0:2, 2:1:0:0:1, 2:2:0:0:2, 1:0:2:0:0, 2:0:0:0:0, 2:0:0:0:1, 3:0:0:0:0, 2:0:0:0:1, 3:0:0:0:0, 3:0:0:0:1, 2:0:0:0:0, 1:0:0:0:0, 4:0:0:0:0, 3:1:0:0:1, 2:1:0:0:2, 3:0:0:0:0, 2:0:0:0:0, 2:0:0:0:2, 3:0:0:0:1, 2:0:0:0:3, 3:0:0:0:1, 2:0:0:0:2, 3:0:0:0:2, 4:1:0:0:2, 3:1:0:0:1, 3:1:0:0:1, 2:1:0:0:1, 0:0:0:0:0, 0:0:0:0:0, 3:0:0:0:2, 2:1:0:0:1, 3:1:0:0:2, 3:1:0:0:1, 1:0:0:0:3, 3:0:0:0:1, 4:0:0:0:2, 4:0:0:0:1, 2:0:0:0:2, 3:0:0:0:2, 4:1:0:0:2, 3:2:0:0:2, 3:1:0:0:1, 2:1:0:0:1, 3:1:0:0:2, 3:1:1:0:1, 3:1:0:0:1, 2:1:0:0:2, 2:1:0:0:1, 2:1:0:0:1, 1:1:0:0:1, 4:3:0:0:3, 2:0:0:0:0, 1:0:2:0:0, 2:0:0:0:1, 2:0:0:0:1, 3:0:0:0:1, 2:0:0:0:0, 3:0:0:3:3, 2:1:0:0:1, 5:0:0:0:0, 3:0:0:0:0, 3:1:0:0:2, 2:2:0:0:2, 5:0:0:0:1, 3:1:0:0:1, 3:0:0:0:2, 2:0:0:0:2, 3:0:0:0:1, 3:0:0:0:2, 3:0:0:0:2, 3:0:0:0:2, 4:1:0:0:2, 3:2:0:0:2, 2:1:0:0:2, 2:1:0:0:1, 1:0:0:0:0, 0:0:0:0:0, 3:0:0:0:2, 2:1:0:0:1, 3:1:0:0:2, 3:2:0:0:2, 2:0:0:0:3, 3:1:0:0:2, 3:0:0:0:2, 3:0:0:0:1, 2:0:0:0:2, 2:0:0:0:1, 4:1:0:0:1, 3:1:1:0:1, 2:2:0:0:2, 2:1:0:0:2, 4:1:0:0:2, 3:1:1:0:1, 2:1:0:0:2, 2:1:0:0:1, 2:1:0:0:1, 2:1:0:0:2, 1:1:0:0:1, 3:2:0:0:2, 1:0:0:0:0, 1:0:0:0:1, 2:0:0:0:0, 3:0:0:0:0, 1:0:0:0:0, 2:0:0:0:1, 3:0:0:0:0, 3:0:0:0:0, 3:0:0:0:0, 2:0:0:0:0, 4:1:0:0:2, 3:1:0:0:1, 3:0:0:0:1, 2:1:0:0:1, 1:0:0:0:3, 3:0:0:0:1, 4:0:0:0:2, 4:0:0:0:1, 2:0:0:0:2, 3:0:0:0:2, 2:1:0:0:1, 3:1:0:0:2, 2:1:0:0:2, 1:1:0:0:1, 0:0:0:0:0, 0:0:0:0:0, 3:0:0:0:2, 2:1:0:0:1, 3:2:0:0:4, 3:1:0:0:1, 3:0:0:0:2, 3:0:0:0:1, 3:0:0:0:2, 2:0:0:0:2, 2:0:0:0:2, 2:0:0:0:1, 3:1:0:0:1, 2:3:2:0:3, 2:2:0:0:2, 2:1:0:0:2, 4:1:0:0:1, 3:1:0:0:2, 2:1:0:0:2, 2:1:0:0:1, 2:1:0:0:1, 2:1:0:0:1, 2:1:0:0:1, 4:3:0:0:3, 1:0:0:0:0, 3:0:0:0:1, 2:0:0:0:0, 2:0:0:0:0, 3:0:0:0:1, 1:0:0:0:0, 4:0:1:0:0, 3:0:0:0:0, 2:0:0:0:0, 3:0:0:0:0, 2:1:0:0:1, 2:1:0:0:1, 3:0:0:0:0, 2:0:0:0:0, 2:0:0:0:2, 4:0:0:0:1, 4:0:0:0:2, 4:0:0:0:1, 2:0:0:0:2, 2:0:0:0:2, 4:1:0:0:2, 3:1:0:0:1, 2:1:0:0:2, 2:1:0:0:1, 1:0:0:0:0, 0:0:0:0:0, 3:0:0:0:1, 2:1:0:0:1, 3:2:0:0:3, 2:1:0:0:1, 4:0:0:0:2, 3:0:0:0:1, 3:0:0:0:2, 2:0:0:0:2, 2:0:0:0:2, 2:0:0:0:1, 3:1:0:0:1, 2:3:2:0:3, 2:2:0:0:2, 2:1:0:0:2, 4:1:0:0:1, 3:1:0:0:2, 2:1:0:0:2, 1:1:0:0:1, 2:1:0:0:1, 2:1:0:0:1, 2:1:0:0:1, 4:3:0:0:3, 1:0:0:0:0, 2:0:0:0:1, 2:0:0:0:0, 1:0:0:0:0, 3:0:0:0:1, 1:0:0:0:0, 4:0:1:0:0, 3:0:0:0:0, 2:0:0:0:0, 3:0:0:0:0, 3:1:0:0:1, 2:1:0:0:1, 3:0:0:0:0, 2:0:0:0:0, 2:0:0:0:2, 4:0:0:0:1, 4:0:0:0:2, 4:0:0:0:1, 2:0:0:0:2, 3:0:0:0:2, 4:1:0:0:2, 3:1:0:0:1, 2:1:0:0:2, 2:1:0:0:1, 2:0:0:0:0, 0:0:0:0:0, 3:0:0:0:1, 2:1:0:0:1, 3:2:0:0:3, 3:1:0:0:1, 2:0:0:0:3, 3:1:0:0:2, 2:0:0:0:1, 2:0:0:0:1, 1:0:0:0:2, 3:0:0:0:2, 4:1:0:0:2, 3:2:0:0:2, 4:2:0:0:2, 4:1:0:0:2, 2:2:0:0:2, 5:1:0:0:1, 2:1:1:0:1, 2:1:0:0:1, 4:1:0:0:1, 3:1:0:0:1, 1:1:0:0:1, 4:2:0:0:2, 1:0:0:0:0, 2:0:0:0:1, 2:0:0:0:0, 2:0:0:0:0, 2:0:0:0:0, 3:0:0:0:1, 3:0:0:0:0, 3:0:0:0:0, 3:0:0:0:0, 2:0:0:0:0, 4:1:0:0:1, 2:2:0:0:2, 2:0:0:0:0, 3:0:0:0:0, 1:0:0:0:3, 4:1:0:0:2, 2:0:0:0:2, 4:0:0:0:1, 3:0:0:0:2, 3:0:0:0:2, 3:1:0:0:1, 4:1:0:0:1, 2:1:0:0:1, 2:2:0:0:2, 0:0:0:0:0, 2:0:0:0:0, 4:0:0:0:1, 2:1:0:0:1, 1:1:0:0:1, 2:0:0:0:3, 4:0:0:0:1, 2:1:0:0:1, 1:1:0:0:1, 2:0:0:0:3, 2:0:0:0:1, 2:1:0:0:1, 1:1:0:0:1, 1:1:0:0:1, 1:1:0:0:1, 0:0:0:0:0, 0:0:0:0:0, 0:0:0:0:0, 0:0:0:0:0, 0:0:0:0:0, 0:0:0:0:0, 0:0:0:0:0, 742:166:15:3:363
Cb major (7b), 3:0:0:0:3, 3:0:0:0:3, 4:0:0:0:3, 3:0:0:0:4, 3:0:0:0:4, 3:0:0:0:2, 1:0:0:0:1, 1:1:1:0:1, 1:1:1:0:1, 2:0:0:0:1, 2:0:0:0:2, 1:0:0:0:1, 2:0:0:0:2, 1:0:0:0:1, 1:0:0:0:1, 1:0:0:0:1, 2:0:0:0:1, 1:0:0:0:1, 2:0:0:0:3, 5:0:0:0:3, 2:0:0:0:3, 3:1:0:0:4, 2:1:1:0:3, 2:0:0:0:2, 2:0:0:0:3, 2:0:0:0:5, 3:1:0:0:4, 3:0:0:0:3, 1:0:0:0:1, 2:0:0:0:1, 3:0:0:0:6, 3:0:0:0:3, 3:0:0:0:3, 4:0:0:0:4, 3:0:0:0:5, 2:0:0:0:2, 2:0:0:0:3, 3:1:1:0:2, 2:0:0:0:2, 2:0:0:0:2, 3:0:0:0:2, 0:0:0:0:0, 2:0:0:0:1, 1:0:0:0:1, 3:0:0:0:2, 2:0:0:0:1, 2:0:0:0:2, 2:0:0:0:3, 3:0:0:0:3, 5:0:0:0:3, 3:0:0:0:4, 4:0:0:0:4, 3:0:0:0:4, 2:1:1:0:1, 2:0:0:0:2, 3:0:0:0:2, 1:0:0:0:2, 1:0:0:0:1, 2:0:0:0:1, 2:0:0:0:2, 1:0:0:0:0, 1:0:0:0:1, 1:0:0:0:1, 1:0:0:0:0, 0:0:0:0:0, 1:0:0:0:1, 3:0:0:0:2, 2:0:0:0:3, 3:0:0:0:3, 3:1:0:0:4, 3:1:1:0:4, 1:0:0:0:1, 4:0:0:0:5, 1:0:0:0:4, 4:0:0:2:4, 3:0:0:0:4, 2:1:1:0:2, 1:0:0:0:1, 4:0:0:0:6, 2:0:0:0:4, 3:0:0:0:3, 3:0:0:0:3, 4:0:0:0:3, 3:0:0:0:4, 2:0:0:0:3, 3:1:1:0:2, 2:0:0:0:2, 3:0:0:0:2, 1:1:1:0:1, 1:0:0:0:0, 3:0:0:0:2, 1:0:0:0:1, 3:0:0:0:2, 2:0:0:0:1, 2:0:0:0:2, 2:0:0:0:3, 2:0:0:0:4, 3:0:0:0:3, 2:0:0:0:3, 4:1:0:0:4, 2:0:0:0:3, 2:0:0:0:1, 2:0:0:0:2, 3:0:0:0:2, 2:0:0:0:1, 2:0:0:0:1, 2:0:0:0:2, 2:0:0:0:2, 1:0:0:0:1, 1:0:0:0:1, 2:0:0:0:1, 1:0:0:0:1, 1:0:0:0:0, 3:0:0:0:1, 2:0:0:0:2, 3:0:0:0:2, 2:0:0:0:2, 2:0:0:0:3, 2:1:0:0:4, 3:1:1:0:3, 3:0:0:0:4, 3:0:0:0:3, 3:0:0:0:4, 2:0:0:0:4, 3:0:0:0:2, 2:0:0:0:1, 3:0:0:0:5, 1:0:0:0:2, 3:0:0:0:3, 5:0:0:0:3, 4:0:0:0:5, 5:0:0:0:3, 3:0:0:0:4, 2:1:1:0:1, 3:0:0:0:1, 3:0:0:0:2, 1:1:1:0:1, 0:0:0:0:0, 2:0:0:0:1, 2:0:0:0:1, 3:0:0:0:2, 1:0:0:0:0, 2:0:0:0:3, 2:0:0:0:2, 2:0:0:0:5, 3:0:0:0:2, 3:0:0:0:4, 3:0:0:0:3, 2:0:0:0:4, 1:0:0:0:0, 3:0:0:0:2, 1:1:1:0:1, 1:0:0:0:2, 2:0:0:0:1, 2:0:0:0:1, 3:0:0:0:3, 1:0:0:0:1, 0:0:0:0:0, 1:0:0:0:1, 1:0:0:0:0, 2:0:0:0:1, 1:0:0:0:1, 3:0:0:0:3, 4:0:0:0:5, 3:0:0:0:4, 2:0:0:0:2, 2:1:1:0:3, 2:1:0:0:4, 3:0:0:0:3, 3:1:1:0:5, 2:0:0:0:5, 3:0:0:0:4, 1:0:0:0:2, 1:0:0:0:0, 3:0:0:0:6, 3:0:0:0:3, 3:0:0:0:3, 4:0:0:0:3, 3:0:0:0:4, 4:0:0:0:6, 3:0:0:0:4, 2:1:1:0:1, 2:0:0:0:2, 2:0:0:0:1, 1:1:1:0:1, 1:0:0:0:0, 3:0:0:0:2, 1:0:0:0:1, 3:0:0:0:1, 1:0:0:0:0, 2:0:0:0:2, 1:0:0:0:1, 2:0:0:0:4, 3:0:0:0:2, 3:0:0:0:4, 3:0:0:0:3, 2:0:0:0:4, 1:0:0:0:0, 3:0:0:0:2, 1:1:1:0:1, 1:0:0:0:2, 2:0:0:0:1, 2:0:0:0:1, 3:0:0:0:3, 1:0:0:0:1, 0:0:0:0:0, 1:0:0:0:1, 1:0:0:0:0, 1:0:0:0:1, 1:0:0:0:1, 3:0:0:0:2, 4:0:0:0:3, 3:0:0:0:3, 1:0:0:0:2, 2:1:1:0:3, 2:1:0:0:4, 3:0:0:0:3, 3:1:1:0:5, 2:0:0:0:5, 3:0:0:0:4, 1:0:0:0:1, 1:0:0:0:0, 3:0:0:0:5, 3:0:0:0:3, 3:0:0:0:3, 4:0:0:0:3, 3:0:0:0:4, 4:0:0:0:6, 3:0:0:0:4, 2:1:1:0:1, 2:0:0:0:2, 2:0:0:0:1, 1:1:1:0:1, 1:0:0:0:0, 4:0:0:0:3, 1:0:0:0:1, 3:0:0:0:1, 1:0:0:0:0, 2:0:0:0:2, 2:0:0:0:3, 2:0:0:0:4, 3:0:0:0:3, 3:0:0:0:2, 3:0:0:0:2, 2:0:0:0:3, 3:1:1:0:2, 2:0:0:0:2, 3:0:0:0:2, 3:0:0:0:3, 2:0:0:0:1, 1:0:0:0:1, 3:0:0:0:2, 1:0:0:0:1, 0:0:0:0:0, 2:0:0:0:2, 1:0:0:0:1, 0:0:0:0:0, 2:0:0:0:1, 3:0:0:0:2, 4:0:0:0:4, 2:0:0:0:2, 3:0:0:0:3, 3:0:0:0:4, 2:1:1:0:2, 1:0:0:0:2, 3:0:0:0:7, 3:0:0:0:3, 3:1:1:0:3, 2:0:0:0:2, 1:0:0:0:2, 4:1:0:0:4, 3:0:0:0:5, 2:0:0:0:4, 3:0:0:0:4, 2:0:0:0:3, 4:0:0:0:3, 2:0:0:0:3, 2:1:1:0:1, 1:0:0:0:1, 3:1:1:0:3, 1:0:0:0:1, 2:0:0:0:1, 2:0:0:0:1, 2:0:0:0:2, 3:0:0:0:2, 2:0:0:0:1, 0:0:0:0:0, 1:0:0:0:3, 3:0:0:0:3, 2:0:0:0:1, 0:0:0:0:0, 3:0:0:0:4, 2:0:0:0:1, 2:0:0:0:1, 0:0:0:0:0, 0:0:0:0:0, 0:0:0:0:0, 0:0:0:0:0, 0:0:0:0:0, 0:0:0:0:0, 0:0:0:0:0, 0:0:0:0:0, 0:0:0:0:0, 0:0:0:0:0, 651:35:27:2:673
C# major (7#), 3:0:0:0:1, 2:0:0:0:1, 4:0:0:0:2, 4:0:0:0:2, 4:0:0:0:2, 3:0:0:0:1, 4:1:0:0:1, 3:1:0:0:1, 2:1:0:0:1, 3:1:0:0:1, 2:1:0:0:1, 2:1:0:0:1, 3:2:0:0:3, 3:1:0:0:1, 2:1:0:0:2, 2:3:2:0:3, 2:1:0:0:2, 2:2:0:0:2, 2:0:0:0:0, 3:0:0:0:1, 3:0:0:0:0, 3:0:0:0:0, 2:0:0:0:0, 3:0:0:0:0, 2:0:0:0:0, 2:0:0:0:0, 1:0:0:0:3, 4:0:0:0:1, 3:1:0:0:1, 2:1:0:0:1, 3:0:0:0:1, 2:0:0:0:2, 2:0:0:0:1, 4:0:0:0:3, 3:0:0:0:2, 3:0:0:0:1, 2:0:0:0:1, 3:0:0:0:1, 4:1:0:0:1, 3:1:0:0:3, 3:1:0:0:1, 2:1:0:0:1, 1:0:0:0:0, 1:0:0:0:0, 2:0:0:0:1, 2:1:0:0:2, 2:1:0:0:1, 3:1:0:0:2, 2:0:0:0:2, 4:0:0:0:2, 4:0:0:0:2, 4:0:0:0:3, 3:0:0:0:3, 3:0:0:0:1, 4:1:0:0:1, 3:2:0:0:3, 3:1:0:0:1, 3:1:0:0:1, 3:2:1:0:2, 2:1:0:0:1, 3:1:0:0:1, 1:1:0:0:1, 3:1:0:0:1, 2:1:0:0:1, 2:1:0:0:1, 4:3:0:0:3, 3:0:0:0:0, 2:0:0:0:0, 3:0:0:0:0, 1:0:0:0:0, 3:0:0:0:0, 2:0:0:0:0, 3:0:0:3:0, 2:1:0:0:1, 5:0:0:0:3, 3:0:0:0:2, 3:1:0:0:2, 2:2:0:0:2, 4:0:0:0:1, 3:1:0:0:3, 3:0:0:0:1, 2:0:0:0:1, 3:0:0:0:2, 3:0:0:0:2, 3:0:0:0:1, 3:0:0:0:1, 4:1:0:0:1, 3:2:0:0:2, 2:1:0:0:1, 2:1:0:0:1, 2:0:0:0:1, 1:0:0:0:0, 2:0:0:0:1, 2:1:0:0:2, 2:1:0:0:1, 3:2:0:0:4, 2:0:0:0:1, 3:1:0:0:2, 3:0:0:0:2, 3:0:0:0:1, 2:0:0:0:1, 3:0:0:0:2, 4:1:0:0:2, 3:1:0:0:1, 2:2:0:0:2, 2:1:0:0:1, 3:1:0:0:1, 2:1:0:0:1, 1:1:0:0:1, 2:1:0:0:1, 2:1:0:0:2, 2:2:1:0:2, 2:1:0:0:1, 3:2:0:0:3, 2:0:0:0:0, 2:0:0:0:0, 3:0:0:0:0, 3:0:0:0:1, 2:0:0:0:0, 2:0:0:0:0, 3:0:0:0:2, 3:0:0:0:0, 3:0:0:0:2, 2:0:0:0:3, 3:1:0:0:2, 3:1:0:0:1, 2:0:0:0:0, 3:1:0:0:3, 2:0:0:0:2, 4:0:0:0:2, 4:0:0:0:2, 5:0:0:0:2, 3:0:0:0:3, 3:0:0:0:1, 2:1:0:0:2, 3:1:0:0:1, 2:1:0:0:1, 1:1:0:0:1, 1:0:0:0:0, 1:0:0:0:0, 2:0:0:0:2, 2:1:0:0:1, 2:2:0:0:2, 4:1:0:0:2, 3:0:0:0:1, 3:0:0:0:1, 3:0:0:0:2, 3:0:0:0:1, 2:0:0:0:3, 3:0:0:0:1, 3:1:0:0:2, 2:3:2:0:3, 2:2:0:0:2, 2:1:0:0:1, 5:1:0:0:1, 3:1:0:0:1, 1:1:0:0:1, 2:1:0:0:1, 3:1:0:0:1, 2:1:0:0:1, 3:1:0:0:1, 4:3:0:0:3, 2:0:0:0:0, 4:0:0:0:2, 3:0:0:0:0, 3:0:0:0:0, 3:0:0:0:0, 2:0:0:0:0, 3:0:0:0:0, 3:0:0:0:0, 2:0:0:0:4, 3:0:0:0:1, 2:1:0:0:3, 2:1:0:0:1, 3:0:0:0:1, 2:0:0:0:2, 2:0:0:0:1, 5:0:0:0:2, 4:0:0:0:1, 4:0:0:0:3, 3:0:0:0:3, 2:0:0:0:1, 4:1:0:0:1, 3:1:0:0:2, 2:1:0:0:1, 2:1:0:0:1, 2:0:0:0:0, 1:0:0:0:0, 3:0:0:0:2, 2:1:0:0:1, 2:2:0:0:2, 2:1:0:0:2, 4:0:0:0:1, 3:0:0:0:1, 3:0:0:0:2, 3:0:0:0:1, 2:0:0:0:3, 3:0:0:0:1, 3:1:0:0:2, 2:3:2:0:3, 2:2:0:0:2, 2:1:0:0:1, 5:1:0:0:1, 3:1:0:0:1, 1:1:0:0:1, 2:1:0:0:1, 3:1:0:0:1, 2:1:0:0:1, 3:1:0:0:2, 4:3:0:0:3, 2:0:0:0:0, 3:0:0:0:1, 3:0:0:0:0, 2:0:0:0:0, 3:0:0:0:0, 2:0:0:0:0, 3:0:0:0:0, 3:0:0:0:0, 2:0:0:0:4, 3:0:0:0:1, 3:1:0:0:2, 2:1:0:0:1, 3:0:0:0:1, 2:0:0:0:2, 2:0:0:0:1, 5:0:0:0:2, 4:0:0:0:1, 4:0:0:0:3, 3:0:0:0:3, 3:0:0:0:1, 4:1:0:0:1, 3:1:0:0:2, 2:1:0:0:1, 2:1:0:0:1, 3:0:0:0:1, 1:0:0:0:0, 3:0:0:0:2, 2:1:0:0:1, 2:2:0:0:2, 3:1:0:0:3, 2:0:0:0:1, 3:1:0:0:2, 2:0:0:0:2, 2:0:0:0:2, 2:0:0:0:2, 3:0:0:0:1, 4:1:0:0:1, 3:2:0:0:2, 4:2:0:0:4, 3:1:0:0:1, 2:2:0:0:2, 5:1:0:0:1, 1:1:0:0:1, 3:1:0:0:1, 5:1:0:0:2, 3:1:0:0:1, 2:1:0:0:1, 4:2:0:0:3, 2:0:0:0:0, 3:0:0:0:2, 3:0:0:0:0, 3:0:0:0:0, 3:0:0:0:1, 3:0:0:0:0, 4:0:0:0:0, 3:0:0:0:1, 3:0:0:0:2, 2:0:0:0:2, 4:1:0:0:2, 2:2:0:0:2, 2:0:0:0:0, 3:0:0:0:3, 2:0:0:0:2, 4:1:0:0:3, 2:0:0:0:1, 5:0:0:0:2, 3:0:0:0:2, 3:0:0:0:1, 3:1:0:0:2, 4:1:0:0:1, 2:1:0:0:1, 2:2:0:0:2, 1:0:0:0:0, 3:0:0:0:0, 4:0:0:0:2, 2:1:0:0:1, 1:1:0:0:1, 2:0:0:0:1, 4:0:0:0:3, 2:1:0:0:1, 1:1:0:0:1, 2:0:0:0:2, 3:0:0:0:1, 2:1:0:0:1, 1:1:0:0:1, 1:1:0:0:1, 1:1:0:0:1, 0:0:0:0:0, 0:0:0:0:0, 0:0:0:0:0, 0:0:0:0:0, 0:0:0:0:0, 0:0:0:0:0, 0:0:0:0:0, 792:170:8:3:398
Ab minor (7b), 3:0:0:0:3, 3:0:0:0:3, 4:0:0:0:3, 3:0:0:0:4, 3:0:0:0:4, 3:0:0:0:2, 1:0:0:0:1, 1:1:1:0:1, 1:1:1:0:1, 2:0:0:0:1, 2:0:0:0:2, 1:0:0:0:1, 2:0:0:0:2, 1:0:0:0:1, 1:0:0:0:1, 1:0:0:0:1, 2:0:0:0:1, 1:0:0:0:1, 2:0:0:0:3, 5:0:0:0:3, 2:0:0:0:3, 3:1:0:0:4, 2:1:1:0:3, 2:0:0:0:2, 2:0:0:0:3, 2:0:0:0:5, 3:1:0:0:4, 3:0:0:0:3, 1:0:0:0:1, 2:0:0:0:1, 3:0:0:0:6, 3:0:0:0:3, 3:0:0:0:3, 4:0:0:0:4, 3:0:0:0:5, 2:0:0:0:2, 2:0:0:0:3, 3:1:1:0:2, 2:0:0:0:2, 2:0:0:0:2, 3:0:0:0:2, 0:0:0:0:0, 2:0:0:0:1, 1:0:0:0:1, 3:0:0:0:2, 2:0:0:0:1, 2:0:0:0:2, 2:0:0:0:3, 3:0:0:0:3, 5:0:0:0:3, 3:0:0:0:4, 4:0:0:0:4, 3:0:0:0:4, 2:1:1:0:1, 2:0:0:0:2, 3:0:0:0:2, 1:0:0:0:2, 1:0:0:0:1, 2:0:0:0:1, 2:0:0:0:2, 1:0:0:0:0, 1:0:0:0:1, 1:0:0:0:1, 1:0:0:0:0, 0:0:0:0:0, 1:0:0:0:1, 3:0:0:0:2, 2:0:0:0:3, 3:0:0:0:3, 3:1:0:0:4, 3:1:1:0:4, 1:0:0:0:1, 4:0:0:0:5, 1:0:0:0:4, 4:0:0:2:4, 3:0:0:0:4, 2:1:1:0:2, 1:0:0:0:1, 4:0:0:0:6, 2:0:0:0:4, 3:0:0:0:3, 3:0:0:0:3, 4:0:0:0:3, 3:0:0:0:4, 2:0:0:0:3, 3:1:1:0:2, 2:0:0:0:2, 3:0:0:0:2, 1:1:1:0:1, 1:0:0:0:0, 3:0:0:0:2, 1:0:0:0:1, 3:0:0:0:2, 2:0:0:0:1, 2:0:0:0:2, 2:0:0:0:3, 2:0:0:0:4, 3:0:0:0:3, 2:0:0:0:3, 4:1:0:0:4, 2:0:0:0:3, 2:0:0:0:1, 2:0:0:0:2, 3:0:0:0:2, 2:0:0:0:1, 2:0:0:0:1, 2:0:0:0:2, 2:0:0:0:2, 1:0:0:0:1, 1:0:0:0:1, 2:0:0:0:1, 1:0:0:0:1, 1:0:0:0:0, 3:0:0:0:1, 2:0:0:0:2, 3:0:0:0:2, 2:0:0:0:2, 2:0:0:0:3, 2:1:0:0:4, 3:1:1:0:3, 3:0:0:0:4, 3:0:0:0:3, 3:0:0:0:4, 2:0:0:0:4, 3:0:0:0:2, 2:0:0:0:1, 3:0:0:0:5, 1:0:0:0:2, 3:0:0:0:3, 5:0:0:0:3, 4:0:0:0:5, 5:0:0:0:3, 3:0:0:0:4, 2:1:1:0:1, 3:0:0:0:1, 3:0:0:0:2, 1:1:1:0:1, 0:0:0:0:0, 2:0:0:0:1, 2:0:0:0:1, 3:0:0:0:2, 1:0:0:0:0, 2:0:0:0:3, 2:0:0:0:2, 2:0:0:0:5, 3:0:0:0:2, 3:0:0:0:4, 3:0:0:0:3, 2:0:0:0:4, 1:0:0:0:0, 3:0:0:0:2, 1:1:1:0:1, 1:0:0:0:2, 2:0:0:0:1, 2:0:0:0:1, 3:0:0:0:3, 1:0:0:0:1, 0:0:0:0:0, 1:0:0:0:1, 1:0:0:0:0, 2:0:0:0:1, 1:0:0:0:1, 3:0:0:0:3, 4:0:0:0:5, 3:0:0:0:4, 2:0:0:0:2, 2:1:1:0:3, 2:1:0:0:4, 3:0:0:0:3, 3:1:1:0:5, 2:0:0:0:5, 3:0:0:0:4, 1:0:0:0:2, 1:0:0:0:0, 3:0:0:0:6, 3:0:0:0:3, 3:0:0:0:3, 4:0:0:0:3, 3:0:0:0:4, 4:0:0:0:6, 3:0:0:0:4, 2:1:1:0:1, 2:0:0:0:2, 2:0:0:0:1, 1:1:1:0:1, 1:0:0:0:0, 3:0:0:0:2, 1:0:0:0:1, 3:0:0:0:1, 1:0:0:0:0, 2:0:0:0:2, 1:0:0:0:1, 2:0:0:0:4, 3:0:0:0:2, 3:0:0:0:4, 3:0:0:0:3, 2:0:0:0:4, 1:0:0:0:0, 3:0:0:0:2, 1:1:1:0:1, 1:0:0:0:2, 2:0:0:0:1, 2:0:0:0:1, 3:0:0:0:3, 1:0:0:0:1, 0:0:0:0:0, 1:0:0:0:1, 1:0:0:0:0, 1:0:0:0:1, 1:0:0:0:1, 3:0:0:0:2, 4:0:0:0:3, 3:0:0:0:3, 1:0:0:0:2, 2:1:1:0:3, 2:1:0:0:4, 3:0:0:0:3, 3:1:1:0:5, 2:0:0:0:5, 3:0:0:0:4, 1:0:0:0:1, 1:0:0:0:0, 3:0:0:0:5, 3:0:0:0:3, 3:0:0:0:3, 4:0:0:0:3, 3:0:0:0:4, 4:0:0:0:6, 3:0:0:0:4, 2:1:1:0:1, 2:0:0:0:2, 2:0:0:0:1, 1:1:1:0:1, 1:0:0:0:0, 4:0:0:0:3, 1:0:0:0:1, 3:0:0:0:1, 1:0:0:0:0, 2:0:0:0:2, 2:0:0:0:3, 2:0:0:0:4, 3:0:0:0:3, 3:0:0:0:2, 3:0:0:0:2, 2:0:0:0:3, 3:1:1:0:2, 2:0:0:0:2, 3:0:0:0:2, 3:0:0:0:3, 2:0:0:0:1, 1:0:0:0:1, 3:0:0:0:2, 1:0:0:0:1, 0:0:0:0:0, 2:0:0:0:2, 1:0:0:0:1, 0:0:0:0:0, 2:0:0:0:1, 3:0:0:0:2, 4:0:0:0:4, 2:0:0:0:2, 3:0:0:0:3, 3:0:0:0:4, 2:1:1:0:2, 1:0:0:0:2, 3:0:0:0:7, 3:0:0:0:3, 3:1:1:0:3, 2:0:0:0:2, 1:0:0:0:2, 4:1:0:0:4, 3:0:0:0:5, 2:0:0:0:4, 3:0:0:0:4, 2:0:0:0:3, 4:0:0:0:3, 2:0:0:0:3, 2:1:1:0:1, 1:0:0:0:1, 3:1:1:0:3, 1:0:0:0:1, 2:0:0:0:1, 2:0:0:0:1, 2:0:0:0:2, 3:0:0:0:2, 2:0:0:0:1, 0:0:0:0:0, 1:0:0:0:3, 3:0:0:0:3, 2:0:0:0:1, 0:0:0:0:0, 3:0:0:0:4, 2:0:0:0:1, 2:0:0:0:1, 0:0:0:0:0, 0:0:0:0:0, 0:0:0:0:0, 0:0:0:0:0, 0:0:0:0:0, 0:0:0:0:0, 0:0:0:0:0, 0:0:0:0:0, 0:0:0:0:0, 0:0:0:0:0, 651:35:27:2:673
A# minor (7#), 3:0:0:0:1, 2:0:0:0:1, 4:0:0:0:2, 4:0:0:0:2, 4:0:0:0:2, 3:0:0:0:1, 4:1:0:0:1, 3:1:0:0:1, 2:1:0:0:1, 3:1:0:0:1, 2:1:0:0:1, 2:1:0:0:1, 3:2:0:0:3, 3:1:0:0:1, 2:1:0:0:2, 2:3:2:0:3, 2:1:0:0:2, 2:2:0:0:2, 2:0:0:0:0, 3:0:0:0:1, 3:0:0:0:0, 3:0:0:0:0, 2:0:0:0:0, 3:0:0:0:0, 2:0:0:0:0, 2:0:0:0:0, 1:0:0:0:3, 4:0:0:0:1, 3:1:0:0:1, 2:1:0:0:1, 3:0:0:0:1, 2:0:0:0:2, 2:0:0:0:1, 4:0:0:0:3, 3:0:0:0:2, 3:0:0:0:1, 2:0:0:0:1, 3:0:0:0:1, 4:1:0:0:1, 3:1:0:0:3, 3:1:0:0:1, 2:1:0:0:1, 1:0:0:0:0, 1:0:0:0:0, 2:0:0:0:1, 2:1:0:0:2, 2:1:0:0:1, 3:1:0:0:2, 2:0:0:0:2, 4:0:0:0:2, 4:0:0:0:2, 4:0:0:0:3, 3:0:0:0:3, 3:0:0:0:1, 4:1:0:0:1, 3:2:0:0:3, 3:1:0:0:1, 3:1:0:0:1, 3:2:1:0:2, 2:1:0:0:1, 3:1:0:0:1, 1:1:0:0:1, 3:1:0:0:1, 2:1:0:0:1, 2:1:0:0:1, 4:3:0:0:3, 3:0:0:0:0, 2:0:0:0:0, 3:0:0:0:0, 1:0:0:0:0, 3:0:0:0:0, 2:0:0:0:0, 3:0:0:3:0, 2:1:0:0:1, 5:0:0:0:3, 3:0:0:0:2, 3:1:0:0:2, 2:2:0:0:2, 4:0:0:0:1, 3:1:0:0:3, 3:0:0:0:1, 2:0:0:0:1, 3:0:0:0:2, 3:0:0:0:2, 3:0:0:0:1, 3:0:0:0:1, 4:1:0:0:1, 3:2:0:0:2, 2:1:0:0:1, 2:1:0:0:1, 2:0:0:0:1, 1:0:0:0:0, 2:0:0:0:1, 2:1:0:0:2, 2:1:0:0:1, 3:2:0:0:4, 2:0:0:0:1, 3:1:0:0:2, 3:0:0:0:2, 3:0:0:0:1, 2:0:0:0:1, 3:0:0:0:2, 4:1:0:0:2, 3:1:0:0:1, 2:2:0:0:2, 2:1:0:0:1, 3:1:0:0:1, 2:1:0:0:1, 1:1:0:0:1, 2:1:0:0:1, 2:1:0:0:2, 2:2:1:0:2, 2:1:0:0:1, 3:2:0:0:3, 2:0:0:0:0, 2:0:0:0:0, 3:0:0:0:0, 3:0:0:0:1, 2:0:0:0:0, 2:0:0:0:0, 3:0:0:0:2, 3:0:0:0:0, 3:0:0:0:2, 2:0:0:0:3, 3:1:0:0:2, 3:1:0:0:1, 2:0:0:0:0, 3:1:0:0:3, 2:0:0:0:2, 4:0:0:0:2, 4:0:0:0:2, 5:0:0:0:2, 3:0:0:0:3, 3:0:0:0:1, 2:1:0:0:2, 3:1:0:0:1, 2:1:0:0:1, 1:1:0:0:1, 1:0:0:0:0, 1:0:0:0:0, 2:0:0:0:2, 2:1:0:0:1, 2:2:0:0:2, 4:1:0:0:2, 3:0:0:0:1, 3:0:0:0:1, 3:0:0:0:2, 3:0:0:0:1, 2:0:0:0:3, 3:0:0:0:1, 3:1:0:0:2, 2:3:2:0:3, 2:2:0:0:2, 2:1:0:0:1, 5:1:0:0:1, 3:1:0:0:1, 1:1:0:0:1, 2:1:0:0:1, 3:1:0:0:1, 2:1:0:0:1, 3:1:0:0:1, 4:3:0:0:3, 2:0:0:0:0, 4:0:0:0:2, 3:0:0:0:0, 3:0:0:0:0, 3:0:0:0:0, 2:0:0:0:0, 3:0:0:0:0, 3:0:0:0:0, 2:0:0:0:4, 3:0:0:0:1, 2:1:0:0:3, 2:1:0:0:1, 3:0:0:0:1, 2:0:0:0:2, 2:0:0:0:1, 5:0:0:0:2, 4:0:0:0:1, 4:0:0:0:3, 3:0:0:0:3, 2:0:0:0:1, 4:1:0:0:1, 3:1:0:0:2, 2:1:0:0:1, 2:1:0:0:1, 2:0:0:0:0, 1:0:0:0:0, 3:0:0:0:2, 2:1:0:0:1, 2:2:0:0:2, 2:1:0:0:2, 4:0:0:0:1, 3:0:0:0:1, 3:0:0:0:2, 3:0:0:0:1, 2:0:0:0:3, 3:0:0:0:1, 3:1:0:0:2, 2:3:2:0:3, 2:2:0:0:2, 2:1:0:0:1, 5:1:0:0:1, 3:1:0:0:1, 1:1:0:0:1, 2:1:0:0:1, 3:1:0:0:1, 2:1:0:0:1, 3:1:0:0:2, 4:3:0:0:3, 2:0:0:0:0, 3:0:0:0:1, 3:0:0:0:0, 2:0:0:0:0, 3:0:0:0:0, 2:0:0:0:0, 3:0:0:0:0, 3:0:0:0:0, 2:0:0:0:4, 3:0:0:0:1, 3:1:0:0:2, 2:1:0:0:1, 3:0:0:0:1, 2:0:0:0:2, 2:0:0:0:1, 5:0:0:0:2, 4:0:0:0:1, 4:0:0:0:3, 3:0:0:0:3, 3:0:0:0:1, 4:1:0:0:1, 3:1:0:0:2, 2:1:0:0:1, 2:1:0:0:1, 3:0:0:0:1, 1:0:0:0:0, 3:0:0:0:2, 2:1:0:0:1, 2:2:0:0:2, 3:1:0:0:3, 2:0:0:0:1, 3:1:0:0:2, 2:0:0:0:2, 2:0:0:0:2, 2:0:0:0:2, 3:0:0:0:1, 4:1:0:0:1, 3:2:0:0:2, 4:2:0:0:4, 3:1:0:0:1, 2:2:0:0:2, 5:1:0:0:1, 1:1:0:0:1, 3:1:0:0:1, 5:1:0:0:2, 3:1:0:0:1, 2:1:0:0:1, 4:2:0:0:3, 2:0:0:0:0, 3:0:0:0:2, 3:0:0:0:0, 3:0:0:0:0, 3:0:0:0:1, 3:0:0:0:0, 4:0:0:0:0, 3:0:0:0:1, 3:0:0:0:2, 2:0:0:0:2, 4:1:0:0:2, 2:2:0:0:2, 2:0:0:0:0, 3:0:0:0:3, 2:0:0:0:2, 4:1:0:0:3, 2:0:0:0:1, 5:0:0:0:2, 3:0:0:0:2, 3:0:0:0:1, 3:1:0:0:2, 4:1:0:0:1, 2:1:0:0:1, 2:2:0:0:2, 1:0:0:0:0, 3:0:0:0:0, 4:0:0:0:2, 2:1:0:0:1, 1:1:0:0:1, 2:0:0:0:1, 4:0:0:0:3, 2:1:0:0:1, 1:1:0:0:1, 2:0:0:0:2, 3:0:0:0:1, 2:1:0:0:1, 1:1:0:0:1, 1:1:0:0:1, 1:1:0:0:1, 0:0:0:0:0, 0:0:0:0:0, 0:0:0:0:0, 0:0:0:0:0, 0:0:0:0:0, 0:0:0:0:0, 0:0:0:0:0, 792:170:8:3:398
Ab minor mel (7b), 3:0:0:0:3, 3:0:0:0:3, 4:0:0:0:3, 3:0:0:0:4, 3:0:0:0:4, 3:0:0:0:2, 1:0:0:0:1, 1:1:1:0:1, 1:1:1:0:1, 2:0:0:0:1, 2:0:0:0:2, 1:0:0:0:1, 2:0:0:0:2, 1:0:0:0:1, 1:0:0:0:1, 1:0:0:0:1, 2:0:0:0:1, 1:0:0:0:1, 2:0:0:0:3, 5:0:0:0:3, 2:0:0:0:3, 3:1:0:0:4, 2:1:1:0:3, 2:0:0:0:2, 2:0:0:0:3, 2:0:0:0:5, 3:1:0:0:4, 3:0:0:0:3, 1:0:0:0:1, 2:0:0:0:1, 3:0:0:0:6, 3:0:0:0:3, 3:0:0:0:3, 4:0:0:0:4, 3:0:0:0:5, 2:0:0:0:2, 2:0:0:0:3, 3:1:1:0:2, 2:0:0:0:2, 2:0:0:0:2, 3:0:0:0:2, 0:0:0:0:0, 2:0:0:0:1, 1:0:0:0:1, 3:0:0:0:2, 2:0:0:0:1, 2:0:0:0:2, 2:0:0:0:3, 3:0:0:0:3, 5:0:0:0:3, 3:0:0:0:4, 4:0:0:0:4, 3:0:0:0:4, 2:1:1:0:1, 2:0:0:0:2, 3:0:0:0:2, 1:0:0:0:2, 1:0:0:0:1, 2:0:0:0:1, 2:0:0:0:2, 1:0:0:0:0, 1:0:0:0:1, 1:0:0:0:1, 1:0:0:0:0, 0:0:0:0:0, 1:0:0:0:1, 3:0:0:0:2, 2:0:0:0:3, 3:0:0:0:3, 3:1:0:0:4, 3:1:1:0:4, 1:0:0:0:1, 4:0:0:0:5, 1:0:0:0:4, 4:0:0:2:4, 3:0:0:0:4, 2:1:1:0:2, 1:0:0:0:1, 4:0:0:0:6, 2:0:0:0:4, 3:0:0:0:3, 3:0:0:0:3, 4:0:0:0:3, 3:0:0:0:4, 2:0:0:0:3, 3:1:1:0:2, 2:0:0:0:2, 3:0:0:0:2, 1:1:1:0:1, 1:0:0:0:0, 3:0:0:0:2, 1:0:0:0:1, 3:0:0:0:2, 2:0:0:0:1, 2:0:0:0:2, 2:0:0:0:3, 2:0:0:0:4, 3:0:0:0:3, 2:0:0:0:3, 4:1:0:0:4, 2:0:0:0:3, 2:0:0:0:1, 2:0:0:0:2, 3:0:0:0:2, 2:0:0:0:1, 2:0:0:0:1, 2:0:0:0:2, 2:0:0:0:2, 1:0:0:0:1, 1:0:0:0:1, 2:0:0:0:1, 1:0:0:0:1, 1:0:0:0:0, 3:0:0:0:1, 2:0:0:0:2, 3:0:0:0:2, 2:0:0:0:2, 2:0:0:0:3, 2:1:0:0:4, 3:1:1:0:3, 3:0:0:0:4, 3:0:0:0:3, 3:0:0:0:4, 2:0:0:0:4, 3:0:0:0:2, 2:0:0:0:1, 3:0:0:0:5, 1:0:0:0:2, 3:0:0:0:3, 5:0:0:0:3, 4:0:0:0:5, 5:0:0:0:3, 3:0:0:0:4, 2:1:1:0:1, 3:0:0:0:1, 3:0:0:0:2, 1:1:1:0:1, 0:0:0:0:0, 2:0:0:0:1, 2:0:0:0:1, 3:0:0:0:2, 1:0:0:0:0, 2:0:0:0:3, 2:0:0:0:2, 2:0:0:0:5, 3:0:0:0:2, 3:0:0:0:4, 3:0:0:0:3, 2:0:0:0:4, 1:0:0:0:0, 3:0:0:0:2, 1:1:1:0:1, 1:0:0:0:2, 2:0:0:0:1, 2:0:0:0:1, 3:0:0:0:3, 1:0:0:0:1, 0:0:0:0:0, 1:0:0:0:1, 1:0:0:0:0, 2:0:0:0:1, 1:0:0:0:1, 3:0:0:0:3, 4:0:0:0:5, 3:0:0:0:4, 2:0:0:0:2, 2:1:1:0:3, 2:1:0:0:4, 3:0:0:0:3, 3:1:1:0:5, 2:0:0:0:5, 3:0:0:0:4, 1:0:0:0:2, 1:0:0:0:0, 3:0:0:0:6, 3:0:0:0:3, 3:0:0:0:3, 4:0:0:0:3, 3:0:0:0:4, 4:0:0:0:6, 3:0:0:0:4, 2:1:1:0:1, 2:0:0:0:2, 2:0:0:0:1, 1:1:1:0:1, 1:0:0:0:0, 3:0:0:0:2, 1:0:0:0:1, 3:0:0:0:1, 1:0:0:0:0, 2:0:0:0:2, 1:0:0:0:1, 2:0:0:0:4, 3:0:0:0:2, 3:0:0:0:4, 3:0:0:0:3, 2:0:0:0:4, 1:0:0:0:0, 3:0:0:0:2, 1:1:1:0:1, 1:0:0:0:2, 2:0:0:0:1, 2:0:0:0:1, 3:0:0:0:3, 1:0:0:0:1, 0:0:0:0:0, 1:0:0:0:1, 1:0:0:0:0, 1:0:0:0:1, 1:0:0:0:1, 3:0:0:0:2, 4:0:0:0:3, 3:0:0:0:3, 1:0:0:0:2, 2:1:1:0:3, 2:1:0:0:4, 3:0:0:0:3, 3:1:1:0:5, 2:0:0:0:5, 3:0:0:0:4, 1:0:0:0:1, 1:0:0:0:0, 3:0:0:0:5, 3:0:0:0:3, 3:0:0:0:3, 4:0:0:0:3, 3:0:0:0:4, 4:0:0:0:6, 3:0:0:0:4, 2:1:1:0:1, 2:0:0:0:2, 2:0:0:0:1, 1:1:1:0:1, 1:0:0:0:0, 4:0:0:0:3, 1:0:0:0:1, 3:0:0:0:1, 1:0:0:0:0, 2:0:0:0:2, 2:0:0:0:3, 2:0:0:0:4, 3:0:0:0:3, 3:0:0:0:2, 3:0:0:0:2, 2:0:0:0:3, 3:1:1:0:2, 2:0:0:0:2, 3:0:0:0:2, 3:0:0:0:3, 2:0:0:0:1, 1:0:0:0:1, 3:0:0:0:2, 1:0:0:0:1, 0:0:0:0:0, 2:0:0:0:2, 1:0:0:0:1, 0:0:0:0:0, 2:0:0:0:1, 3:0:0:0:2, 4:0:0:0:4, 2:0:0:0:2, 3:0:0:0:3, 3:0:0:0:4, 2:1:1:0:2, 1:0:0:0:2, 3:0:0:0:7, 3:0:0:0:3, 3:1:1:0:3, 2:0:0:0:2, 1:0:0:0:2, 4:1:0:0:4, 3:0:0:0:5, 2:0:0:0:4, 3:0:0:0:4, 2:0:0:0:3, 4:0:0:0:3, 2:0:0:0:3, 2:1:1:0:1, 1:0:0:0:1, 3:1:1:0:3, 1:0:0:0:1, 2:0:0:0:1, 2:0:0:0:1, 2:0:0:0:2, 3:0:0:0:2, 2:0:0:0:1, 0:0:0:0:0, 1:0:0:0:3, 3:0:0:0:3, 2:0:0:0:1, 0:0:0:0:0, 3:0:0:0:4, 2:0:0:0:1, 2:0:0:0:1, 0:0:0:0:0, 0:0:0:0:0, 0:0:0:0:0, 0:0:0:0:0, 0:0:0:0:0, 0:0:0:0:0, 0:0:0:0:0, 0:0:0:0:0, 0:0:0:0:0, 0:0:0:0:0, 651:35:27:2:673
A# minor mel (7#), 3:0:0:0:1, 2:0:0:0:1, 4:0:0:0:2, 4:0:0:0:2, 4:0:0:0:2, 3:0:0:0:1, 4:1:0:0:1, 3:1:0:0:1, 2:1:0:0:1, 3:1:0:0:1, 2:1:0:0:1, 2:1:0:0:1, 3:2:0:0:3, 3:1:0:0:1, 2:1:0:0:2, 2:3:2:0:3, 2:1:0:0:2, 2:2:0:0:2, 2:0:0:0:0, 3:0:0:0:1, 3:0:0:0:0, 3:0:0:0:0, 2:0:0:0:0, 3:0:0:0:0, 2:0:0:0:0, 2:0:0:0:0, 1:0:0:0:3, 4:0:0:0:1, 3:1:0:0:1, 2:1:0:0:1, 3:0:0:0:1, 2:0:0:0:2, 2:0:0:0:1, 4:0:0:0:3, 3:0:0:0:2, 3:0:0:0:1, 2:0:0:0:1, 3:0:0:0:1, 4:1:0:0:1, 3:1:0:0:3, 3:1:0:0:1, 2:1:0:0:1, 1:0:0:0:0, 1:0:0:0:0, 2:0:0:0:1, 2:1:0:0:2, 2:1:0:0:1, 3:1:0:0:2, 2:0:0:0:2, 4:0:0:0:2, 4:0:0:0:2, 4:0:0:0:3, 3:0:0:0:3, 3:0:0:0:1, 4:1:0:0:1, 3:2:0:0:3, 3:1:0:0:1, 3:1:0:0:1, 3:2:1:0:2, 2:1:0:0:1, 3:1:0:0:1, 1:1:0:0:1, 3:1:0:0:1, 2:1:0:0:1, 2:1:0:0:1, 4:3:0:0:3, 3:0:0:0:0, 2:0:0:0:0, 3:0:0:0:0, 1:0:0:0:0, 3:0:0:0:0, 2:0:0:0:0, 3:0:0:3:0, 2:1:0:0:1, 5:0:0:0:3, 3:0:0:0:2, 3:1:0:0:2, 2:2:0:0:2, 4:0:0:0:1, 3:1:0:0:3, 3:0:0:0:1, 2:0:0:0:1, 3:0:0:0:2, 3:0:0:0:2, 3:0:0:0:1, 3:0:0:0:1, 4:1:0:0:1, 3:2:0:0:2, 2:1:0:0:1, 2:1:0:0:1, 2:0:0:0:1, 1:0:0:0:0, 2:0:0:0:1, 2:1:0:0:2, 2:1:0:0:1, 3:2:0:0:4, 2:0:0:0:1, 3:1:0:0:2, 3:0:0:0:2, 3:0:0:0:1, 2:0:0:0:1, 3:0:0:0:2, 4:1:0:0:2, 3:1:0:0:1, 2:2:0:0:2, 2:1:0:0:1, 3:1:0:0:1, 2:1:0:0:1, 1:1:0:0:1, 2:1:0:0:1, 2:1:0:0:2, 2:2:1:0:2, 2:1:0:0:1, 3:2:0:0:3, 2:0:0:0:0, 2:0:0:0:0, 3:0:0:0:0, 3:0:0:0:1, 2:0:0:0:0, 2:0:0:0:0, 3:0:0:0:2, 3:0:0:0:0, 3:0:0:0:2, 2:0:0:0:3, 3:1:0:0:2, 3:1:0:0:1, 2:0:0:0:0, 3:1:0:0:3, 2:0:0:0:2, 4:0:0:0:2, 4:0:0:0:2, 5:0:0:0:2, 3:0:0:0:3, 3:0:0:0:1, 2:1:0:0:2, 3:1:0:0:1, 2:1:0:0:1, 1:1:0:0:1, 1:0:0:0:0, 1:0:0:0:0, 2:0:0:0:2, 2:1:0:0:1, 2:2:0:0:2, 4:1:0:0:2, 3:0:0:0:1, 3:0:0:0:1, 3:0:0:0:2, 3:0:0:0:1, 2:0:0:0:3, 3:0:0:0:1, 3:1:0:0:2, 2:3:2:0:3, 2:2:0:0:2, 2:1:0:0:1, 5:1:0:0:1, 3:1:0:0:1, 1:1:0:0:1, 2:1:0:0:1, 3:1:0:0:1, 2:1:0:0:1, 3:1:0:0:1, 4:3:0:0:3, 2:0:0:0:0, 4:0:0:0:2, 3:0:0:0:0, 3:0:0:0:0, 3:0:0:0:0, 2:0:0:0:0, 3:0:0:0:0, 3:0:0:0:0, 2:0:0:0:4, 3:0:0:0:1, 2:1:0:0:3, 2:1:0:0:1, 3:0:0:0:1, 2:0:0:0:2, 2:0:0:0:1, 5:0:0:0:2, 4:0:0:0:1, 4:0:0:0:3, 3:0:0:0:3, 2:0:0:0:1, 4:1:0:0:1, 3:1:0:0:2, 2:1:0:0:1, 2:1:0:0:1, 2:0:0:0:0, 1:0:0:0:0, 3:0:0:0:2, 2:1:0:0:1, 2:2:0:0:2, 2:1:0:0:2, 4:0:0:0:1, 3:0:0:0:1, 3:0:0:0:2, 3:0:0:0:1, 2:0:0:0:3, 3:0:0:0:1, 3:1:0:0:2, 2:3:2:0:3, 2:2:0:0:2, 2:1:0:0:1, 5:1:0:0:1, 3:1:0:0:1, 1:1:0:0:1, 2:1:0:0:1, 3:1:0:0:1, 2:1:0:0:1, 3:1:0:0:2, 4:3:0:0:3, 2:0:0:0:0, 3:0:0:0:1, 3:0:0:0:0, 2:0:0:0:0, 3:0:0:0:0, 2:0:0:0:0, 3:0:0:0:0, 3:0:0:0:0, 2:0:0:0:4, 3:0:0:0:1, 3:1:0:0:2, 2:1:0:0:1, 3:0:0:0:1, 2:0:0:0:2, 2:0:0:0:1, 5:0:0:0:2, 4:0:0:0:1, 4:0:0:0:3, 3:0:0:0:3, 3:0:0:0:1, 4:1:0:0:1, 3:1:0:0:2, 2:1:0:0:1, 2:1:0:0:1, 3:0:0:0:1, 1:0:0:0:0, 3:0:0:0:2, 2:1:0:0:1, 2:2:0:0:2, 3:1:0:0:3, 2:0:0:0:1, 3:1:0:0:2, 2:0:0:0:2, 2:0:0:0:2, 2:0:0:0:2, 3:0:0:0:1, 4:1:0:0:1, 3:2:0:0:2, 4:2:0:0:4, 3:1:0:0:1, 2:2:0:0:2, 5:1:0:0:1, 1:1:0:0:1, 3:1:0:0:1, 5:1:0:0:2, 3:1:0:0:1, 2:1:0:0:1, 4:2:0:0:3, 2:0:0:0:0, 3:0:0:0:2, 3:0:0:0:0, 3:0:0:0:0, 3:0:0:0:1, 3:0:0:0:0, 4:0:0:0:0, 3:0:0:0:1, 3:0:0:0:2, 2:0:0:0:2, 4:1:0:0:2, 2:2:0:0:2, 2:0:0:0:0, 3:0:0:0:3, 2:0:0:0:2, 4:1:0:0:3, 2:0:0:0:1, 5:0:0:0:2, 3:0:0:0:2, 3:0:0:0:1, 3:1:0:0:2, 4:1:0:0:1, 2:1:0:0:1, 2:2:0:0:2, 1:0:0:0:0, 3:0:0:0:0, 4:0:0:0:2, 2:1:0:0:1, 1:1:0:0:1, 2:0:0:0:1, 4:0:0:0:3, 2:1:0:0:1, 1:1:0:0:1, 2:0:0:0:2, 3:0:0:0:1, 2:1:0:0:1, 1:1:0:0:1, 1:1:0:0:1, 1:1:0:0:1, 0:0:0:0:0, 0:0:0:0:0, 0:0:0:0:0, 0:0:0:0:0, 0:0:0:0:0, 0:0:0:0:0, 0:0:0:0:0, 792:170:8:3:398
Cb major blues (7b), 3:0:0:0:3, 3:0:0:0:3, 4:0:0:0:3, 3:0:0:0:4, 3:0:0:0:4, 3:0:0:0:2, 1:0:0:0:1, 1:1:1:0:1, 1:1:1:0:1, 2:0:0:0:1, 2:0:0:0:2, 1:0:0:0:1, 2:0:0:0:2, 1:0:0:0:1, 1:0:0:0:1, 1:0:0:0:1, 2:0:0:0:1, 1:0:0:0:1, 2:0:0:0:3, 5:0:0:0:3, 2:0:0:0:3, 3:1:0:0:4, 2:1:1:0:3, 2:0:0:0:2, 2:0:0:0:3, 2:0:0:0:5, 3:1:0:0:4, 3:0:0:0:3, 1:0:0:0:1, 2:0:0:0:1, 3:0:0:0:6, 3:0:0:0:3, 3:0:0:0:3, 4:0:0:0:4, 3:0:0:0:5, 2:0:0:0:2, 2:0:0:0:3, 3:1:1:0:2, 2:0:0:0:2, 2:0:0:0:2, 3:0:0:0:2, 0:0:0:0:0, 2:0:0:0:1, 1:0:0:0:1, 3:0:0:0:2, 2:0:0:0:1, 2:0:0:0:2, 2:0:0:0:3, 3:0:0:0:3, 5:0:0:0:3, 3:0:0:0:4, 4:0:0:0:4, 3:0:0:0:4, 2:1:1:0:1, 2:0:0:0:2, 3:0:0:0:2, 1:0:0:0:2, 1:0:0:0:1, 2:0:0:0:1, 2:0:0:0:2, 1:0:0:0:0, 1:0:0:0:1, 1:0:0:0:1, 1:0:0:0:0, 0:0:0:0:0, 1:0:0:0:1, 3:0:0:0:2, 2:0:0:0:3, 3:0:0:0:3, 3:1:0:0:4, 3:1:1:0:4, 1:0:0:0:1, 4:0:0:0:5, 1:0:0:0:4, 4:0:0:2:4, 3:0:0:0:4, 2:1:1:0:2, 1:0:0:0:1, 4:0:0:0:6, 2:0:0:0:4, 3:0:0:0:3, 3:0:0:0:3, 4:0:0:0:3, 3:0:0:0:4, 2:0:0:0:3, 3:1:1:0:2, 2:0:0:0:2, 3:0:0:0:2, 1:1:1:0:1, 1:0:0:0:0, 3:0:0:0:2, 1:0:0:0:1, 3:0:0:0:2, 2:0:0:0:1, 2:0:0:0:2, 2:0:0:0:3, 2:0:0:0:4, 3:0:0:0:3, 2:0:0:0:3, 4:1:0:0:4, 2:0:0:0:3, 2:0:0:0:1, 2:0:0:0:2, 3:0:0:0:2, 2:0:0:0:1, 2:0:0:0:1, 2:0:0:0:2, 2:0:0:0:2, 1:0:0:0:1, 1:0:0:0:1, 2:0:0:0:1, 1:0:0:0:1, 1:0:0:0:0, 3:0:0:0:1, 2:0:0:0:2, 3:0:0:0:2, 2:0:0:0:2, 2:0:0:0:3, 2:1:0:0:4, 3:1:1:0:3, 3:0:0:0:4, 3:0:0:0:3, 3:0:0:0:4, 2:0:0:0:4, 3:0:0:0:2, 2:0:0:0:1, 3:0:0:0:5, 1:0:0:0:2, 3:0:0:0:3, 5:0:0:0:3, 4:0:0:0:5, 5:0:0:0:3, 3:0:0:0:4, 2:1:1:0:1, 3:0:0:0:1, 3:0:0:0:2, 1:1:1:0:1, 0:0:0:0:0, 2:0:0:0:1, 2:0:0:0:1, 3:0:0:0:2, 1:0:0:0:0, 2:0:0:0:3, 2:0:0:0:2, 2:0:0:0:5, 3:0:0:0:2, 3:0:0:0:4, 3:0:0:0:3, 2:0:0:0:4, 1:0:0:0:0, 3:0:0:0:2, 1:1:1:0:1, 1:0:0:0:2, 2:0:0:0:1, 2:0:0:0:1, 3:0:0:0:3, 1:0:0:0:1, 0:0:0:0:0, 1:0:0:0:1, 1:0:0:0:0, 2:0:0:0:1, 1:0:0:0:1, 3:0:0:0:3, 4:0:0:0:5, 3:0:0:0:4, 2:0:0:0:2, 2:1:1:0:3, 2:1:0:0:4, 3:0:0:0:3, 3:1:1:0:5, 2:0:0:0:5, 3:0:0:0:4, 1:0:0:0:2, 1:0:0:0:0, 3:0:0:0:6, 3:0:0:0:3, 3:0:0:0:3, 4:0:0:0:3, 3:0:0:0:4, 4:0:0:0:6, 3:0:0:0:4, 2:1:1:0:1, 2:0:0:0:2, 2:0:0:0:1, 1:1:1:0:1, 1:0:0:0:0, 3:0:0:0:2, 1:0:0:0:1, 3:0:0:0:1, 1:0:0:0:0, 2:0:0:0:2, 1:0:0:0:1, 2:0:0:0:4, 3:0:0:0:2, 3:0:0:0:4, 3:0:0:0:3, 2:0:0:0:4, 1:0:0:0:0, 3:0:0:0:2, 1:1:1:0:1, 1:0:0:0:2, 2:0:0:0:1, 2:0:0:0:1, 3:0:0:0:3, 1:0:0:0:1, 0:0:0:0:0, 1:0:0:0:1, 1:0:0:0:0, 1:0:0:0:1, 1:0:0:0:1, 3:0:0:0:2, 4:0:0:0:3, 3:0:0:0:3, 1:0:0:0:2, 2:1:1:0:3, 2:1:0:0:4, 3:0:0:0:3, 3:1:1:0:5, 2:0:0:0:5, 3:0:0:0:4, 1:0:0:0:1, 1:0:0:0:0, 3:0:0:0:5, 3:0:0:0:3, 3:0:0:0:3, 4:0:0:0:3, 3:0:0:0:4, 4:0:0:0:6, 3:0:0:0:4, 2:1:1:0:1, 2:0:0:0:2, 2:0:0:0:1, 1:1:1:0:1, 1:0:0:0:0, 4:0:0:0:3, 1:0:0:0:1, 3:0:0:0:1, 1:0:0:0:0, 2:0:0:0:2, 2:0:0:0:3, 2:0:0:0:4, 3:0:0:0:3, 3:0:0:0:2, 3:0:0:0:2, 2:0:0:0:3, 3:1:1:0:2, 2:0:0:0:2, 3:0:0:0:2, 3:0:0:0:3, 2:0:0:0:1, 1:0:0:0:1, 3:0:0:0:2, 1:0:0:0:1, 0:0:0:0:0, 2:0:0:0:2, 1:0:0:0:1, 0:0:0:0:0, 2:0:0:0:1, 3:0:0:0:2, 4:0:0:0:4, 2:0:0:0:2, 3:0:0:0:3, 3:0:0:0:4, 2:1:1:0:2, 1:0:0:0:2, 3:0:0:0:7, 3:0:0:0:3, 3:1:1:0:3, 2:0:0:0:2, 1:0:0:0:2, 4:1:0:0:4, 3:0:0:0:5, 2:0:0:0:4, 3:0:0:0:4, 2:0:0:0:3, 4:0:0:0:3, 2:0:0:0:3, 2:1:1:0:1, 1:0:0:0:1, 3:1:1:0:3, 1:0:0:0:1, 2:0:0:0:1, 2:0:0:0:1, 2:0:0:0:2, 3:0:0:0:2, 2:0:0:0:1, 0:0:0:0:0, 1:0:0:0:3, 3:0:0:0:3, 2:0:0:0:1, 0:0:0:0:0, 3:0:0:0:4, 2:0:0:0:1, 2:0:0:0:1, 0:0:0:0:0, 0:0:0:0:0, 0:0:0:0:0, 0:0:0:0:0, 0:0:0:0:0, 0:0:0:0:0, 0:0:0:0:0, 0:0:0:0:0, 0:0:0:0:0, 0:0:0:0:0, 651:35:27:2:673
C# major blues (7#), 3:0:0:0:1, 2:0:0:0:1, 4:0:0:0:2, 4:0:0:0:2, 4:0:0:0:2, 3:0:0:0:1, 4:1:0:0:1, 3:1:0:0:1, 2:1:0:0:1, 3:1:0:0:1, 2:1:0:0:1, 2:1:0:0:1, 3:2:0:0:3, 3:1:0:0:1, 2:1:0:0:2, 2:3:2:0:3, 2:1:0:0:2, 2:2:0:0:2, 2:0:0:0:0, 3:0:0:0:1, 3:0:0:0:0, 3:0:0:0:0, 2:0:0:0:0, 3:0:0:0:0, 2:0:0:0:0, 2:0:0:0:0, 1:0:0:0:3, 4:0:0:0:1, 3:1:0:0:1, 2:1:0:0:1, 3:0:0:0:1, 2:0:0:0:2, 2:0:0:0:1, 4:0:0:0:3, 3:0:0:0:2, 3:0:0:0:1, 2:0:0:0:1, 3:0:0:0:1, 4:1:0:0:1, 3:1:0:0:3, 3:1:0:0:1, 2:1:0:0:1, 1:0:0:0:0, 1:0:0:0:0, 2:0:0:0:1, 2:1:0:0:2, 2:1:0:0:1, 3:1:0:0:2, 2:0:0:0:2, 4:0:0:0:2, 4:0:0:0:2, 4:0:0:0:3, 3:0:0:0:3, 3:0:0:0:1, 4:1:0:0:1, 3:2:0:0:3, 3:1:0:0:1, 3:1:0:0:1, 3:2:1:0:2, 2:1:0:0:1, 3:1:0:0:1, 1:1:0:0:1, 3:1:0:0:1, 2:1:0:0:1, 2:1:0:0:1, 4:3:0:0:3, 3:0:0:0:0, 2:0:0:0:0, 3:0:0:0:0, 1:0:0:0:0, 3:0:0:0:0, 2:0:0:0:0, 3:0:0:3:0, 2:1:0:0:1, 5:0:0:0:3, 3:0:0:0:2, 3:1:0:0:2, 2:2:0:0:2, 4:0:0:0:1, 3:1:0:0:3, 3:0:0:0:1, 2:0:0:0:1, 3:0:0:0:2, 3:0:0:0:2, 3:0:0:0:1, 3:0:0:0:1, 4:1:0:0:1, 3:2:0:0:2, 2:1:0:0:1, 2:1:0:0:1, 2:0:0:0:1, 1:0:0:0:0, 2:0:0:0:1, 2:1:0:0:2, 2:1:0:0:1, 3:2:0:0:4, 2:0:0:0:1, 3:1:0:0:2, 3:0:0:0:2, 3:0:0:0:1, 2:0:0:0:1, 3:0:0:0:2, 4:1:0:0:2, 3:1:0:0:1, 2:2:0:0:2, 2:1:0:0:1, 3:1:0:0:1, 2:1:0:0:1, 1:1:0:0:1, 2:1:0:0:1, 2:1:0:0:2, 2:2:1:0:2, 2:1:0:0:1, 3:2:0:0:3, 2:0:0:0:0, 2:0:0:0:0, 3:0:0:0:0, 3:0:0:0:1, 2:0:0:0:0, 2:0:0:0:0, 3:0:0:0:2, 3:0:0:0:0, 3:0:0:0:2, 2:0:0:0:3, 3:1:0:0:2, 3:1:0:0:1, 2:0:0:0:0, 3:1:0:0:3, 2:0:0:0:2, 4:0:0:0:2, 4:0:0:0:2, 5:0:0:0:2, 3:0:0:0:3, 3:0:0:0:1, 2:1:0:0:2, 3:1:0:0:1, 2:1:0:0:1, 1:1:0:0:1, 1:0:0:0:0, 1:0:0:0:0, 2:0:0:0:2, 2:1:0:0:1, 2:2:0:0:2, 4:1:0:0:2, 3:0:0:0:1, 3:0:0:0:1, 3:0:0:0:2, 3:0:0:0:1, 2:0:0:0:3, 3:0:0:0:1, 3:1:0:0:2, 2:3:2:0:3, 2:2:0:0:2, 2:1:0:0:1, 5:1:0:0:1, 3:1:0:0:1, 1:1:0:0:1, 2:1:0:0:1, 3:1:0:0:1, 2:1:0:0:1, 3:1:0:0:1, 4:3:0:0:3, 2:0:0:0:0, 4:0:0:0:2, 3:0:0:0:0, 3:0:0:0:0, 3:0:0:0:0, 2:0:0:0:0, 3:0:0:0:0, 3:0:0:0:0, 2:0:0:0:4, 3:0:0:0:1, 2:1:0:0:3, 2:1:0:0:1, 3:0:0:0:1, 2:0:0:0:2, 2:0:0:0:1, 5:0:0:0:2, 4:0:0:0:1, 4:0:0:0:3, 3:0:0:0:3, 2:0:0:0:1, 4:1:0:0:1, 3:1:0:0:2, 2:1:0:0:1, 2:1:0:0:1, 2:0:0:0:0, 1:0:0:0:0, 3:0:0:0:2, 2:1:0:0:1, 2:2:0:0:2, 2:1:0:0:2, 4:0:0:0:1, 3:0:0:0:1, 3:0:0:0:2, 3:0:0:0:1, 2:0:0:0:3, 3:0:0:0:1, 3:1:0:0:2, 2:3:2:0:3, 2:2:0:0:2, 2:1:0:0:1, 5:1:0:0:1, 3:1:0:0:1, 1:1:0:0:1, 2:1:0:0:1, 3:1:0:0:1, 2:1:0:0:1, 3:1:0:0:2, 4:3:0:0:3, 2:0:0:0:0, 3:0:0:0:1, 3:0:0:0:0, 2:0:0:0:0, 3:0:0:0:0, 2:0:0:0:0, 3:0:0:0:0, 3:0:0:0:0, 2:0:0:0:4, 3:0:0:0:1, 3:1:0:0:2, 2:1:0:0:1, 3:0:0:0:1, 2:0:0:0:2, 2:0:0:0:1, 5:0:0:0:2, 4:0:0:0:1, 4:0:0:0:3, 3:0:0:0:3, 3:0:0:0:1, 4:1:0:0:1, 3:1:0:0:2, 2:1:0:0:1, 2:1:0:0:1, 3:0:0:0:1, 1:0:0:0:0, 3:0:0:0:2, 2:1:0:0:1, 2:2:0:0:2, 3:1:0:0:3, 2:0:0:0:1, 3:1:0:0:2, 2:0:0:0:2, 2:0:0:0:2, 2:0:0:0:2, 3:0:0:0:1, 4:1:0:0:1, 3:2:0:0:2, 4:2:0:0:4, 3:1:0:0:1, 2:2:0:0:2, 5:1:0:0:1, 1:1:0:0:1, 3:1:0:0:1, 5:1:0:0:2, 3:1:0:0:1, 2:1:0:0:1, 4:2:0:0:3, 2:0:0:0:0, 3:0:0:0:2, 3:0:0:0:0, 3:0:0:0:0, 3:0:0:0:1, 3:0:0:0:0, 4:0:0:0:0, 3:0:0:0:1, 3:0:0:0:2, 2:0:0:0:2, 4:1:0:0:2, 2:2:0:0:2, 2:0:0:0:0, 3:0:0:0:3, 2:0:0:0:2, 4:1:0:0:3, 2:0:0:0:1, 5:0:0:0:2, 3:0:0:0:2, 3:0:0:0:1, 3:1:0:0:2, 4:1:0:0:1, 2:1:0:0:1, 2:2:0:0:2, 1:0:0:0:0, 3:0:0:0:0, 4:0:0:0:2, 2:1:0:0:1, 1:1:0:0:1, 2:0:0:0:1, 4:0:0:0:3, 2:1:0:0:1, 1:1:0:0:1, 2:0:0:0:2, 3:0:0:0:1, 2:1:0:0:1, 1:1:0:0:1, 1:1:0:0:1, 1:1:0:0:1, 0:0:0:0:0, 0:0:0:0:0, 0:0:0:0:0, 0:0:0:0:0, 0:0:0:0:0, 0:0:0:0:0, 0:0:0:0:0, 792:170:8:3:398
Ab minor blues (7b), 3:0:0:0:3, 3:0:0:0:3, 4:0:0:0:3, 3:0:0:0:4, 3:0:0:0:4, 3:0:0:0:2, 1:0:0:0:1, 1:1:1:0:1, 1:1:1:0:1, 2:0:0:0:1, 2:0:0:0:2, 1:0:0:0:1, 2:0:0:0:2, 1:0:0:0:1, 1:0:0:0:1, 1:0:0:0:1, 2:0:0:0:1, 1:0:0:0:1, 2:0:0:0:3, 5:0:0:0:3, 2:0:0:0:3, 3:1:0:0:4, 2:1:1:0:3, 2:0:0:0:2, 2:0:0:0:3, 2:0:0:0:5, 3:1:0:0:4, 3:0:0:0:3, 1:0:0:0:1, 2:0:0:0:1, 3:0:0:0:6, 3:0:0:0:3, 3:0:0:0:3, 4:0:0:0:4, 3:0:0:0:5, 2:0:0:0:2, 2:0:0:0:3, 3:1:1:0:2, 2:0:0:0:2, 2:0:0:0:2, 3:0:0:0:2, 0:0:0:0:0, 2:0:0:0:1, 1:0:0:0:1, 3:0:0:0:2, 2:0:0:0:1, 2:0:0:0:2, 2:0:0:0:3, 3:0:0:0:3, 5:0:0:0:3, 3:0:0:0:4, 4:0:0:0:4, 3:0:0:0:4, 2:1:1:0:1, 2:0:0:0:2, 3:0:0:0:2, 1:0:0:0:2, 1:0:0:0:1, 2:0:0:0:1, 2:0:0:0:2, 1:0:0:0:0, 1:0:0:0:1, 1:0:0:0:1, 1:0:0:0:0, 0:0:0:0:0, 1:0:0:0:1, 3:0:0:0:2, 2:0:0:0:3, 3:0:0:0:3, 3:1:0:0:4, 3:1:1:0:4, 1:0:0:0:1, 4:0:0:0:5, 1:0:0:0:4, 4:0:0:2:4, 3:0:0:0:4, 2:1:1:0:2, 1:0:0:0:1, 4:0:0:0:6, 2:0:0:0:4, 3:0:0:0:3, 3:0:0:0:3, 4:0:0:0:3, 3:0:0:0:4, 2:0:0:0:3, 3:1:1:0:2, 2:0:0:0:2, 3:0:0:0:2, 1:1:1:0:1, 1:0:0:0:0, 3:0:0:0:2, 1:0:0:0:1, 3:0:0:0:2, 2:0:0:0:1, 2:0:0:0:2, 2:0:0:0:3, 2:0:0:0:4, 3:0:0:0:3, 2:0:0:0:3, 4:1:0:0:4, 2:0:0:0:3, 2:0:0:0:1, 2:0:0:0:2, 3:0:0:0:2, 2:0:0:0:1, 2:0:0:0:1, 2:0:0:0:2, 2:0:0:0:2, 1:0:0:0:1, 1:0:0:0:1, 2:0:0:0:1, 1:0:0:0:1, 1:0:0:0:0, 3:0:0:0:1, 2:0:0:0:2, 3:0:0:0:2, 2:0:0:0:2, 2:0:0:0:3, 2:1:0:0:4, 3:1:1:0:3, 3:0:0:0:4, 3:0:0:0:3, 3:0:0:0:4, 2:0:0:0:4, 3:0:0:0:2, 2:0:0:0:1, 3:0:0:0:5, 1:0:0:0:2, 3:0:0:0:3, 5:0:0:0:3, 4:0:0:0:5, 5:0:0:0:3, 3:0:0:0:4, 2:1:1:0:1, 3:0:0:0:1, 3:0:0:0:2, 1:1:1:0:1, 0:0:0:0:0, 2:0:0:0:1, 2:0:0:0:1, 3:0:0:0:2, 1:0:0:0:0, 2:0:0:0:3, 2:0:0:0:2, 2:0:0:0:5, 3:0:0:0:2, 3:0:0:0:4, 3:0:0:0:3, 2:0:0:0:4, 1:0:0:0:0, 3:0:0:0:2, 1:1:1:0:1, 1:0:0:0:2, 2:0:0:0:1, 2:0:0:0:1, 3:0:0:0:3, 1:0:0:0:1, 0:0:0:0:0, 1:0:0:0:1, 1:0:0:0:0, 2:0:0:0:1, 1:0:0:0:1, 3:0:0:0:3, 4:0:0:0:5, 3:0:0:0:4, 2:0:0:0:2, 2:1:1:0:3, 2:1:0:0:4, 3:0:0:0:3, 3:1:1:0:5, 2:0:0:0:5, 3:0:0:0:4, 1:0:0:0:2, 1:0:0:0:0, 3:0:0:0:6, 3:0:0:0:3, 3:0:0:0:3, 4:0:0:0:3, 3:0:0:0:4, 4:0:0:0:6, 3:0:0:0:4, 2:1:1:0:1, 2:0:0:0:2, 2:0:0:0:1, 1:1:1:0:1, 1:0:0:0:0, 3:0:0:0:2, 1:0:0:0:1, 3:0:0:0:1, 1:0:0:0:0, 2:0:0:0:2, 1:0:0:0:1, 2:0:0:0:4, 3:0:0:0:2, 3:0:0:0:4, 3:0:0:0:3, 2:0:0:0:4, 1:0:0:0:0, 3:0:0:0:2, 1:1:1:0:1, 1:0:0:0:2, 2:0:0:0:1, 2:0:0:0:1, 3:0:0:0:3, 1:0:0:0:1, 0:0:0:0:0, 1:0:0:0:1, 1:0:0:0:0, 1:0:0:0:1, 1:0:0:0:1, 3:0:0:0:2, 4:0:0:0:3, 3:0:0:0:3, 1:0:0:0:2, 2:1:1:0:3, 2:1:0:0:4, 3:0:0:0:3, 3:1:1:0:5, 2:0:0:0:5, 3:0:0:0:4, 1:0:0:0:1, 1:0:0:0:0, 3:0:0:0:5, 3:0:0:0:3, 3:0:0:0:3, 4:0:0:0:3, 3:0:0:0:4, 4:0:0:0:6, 3:0:0:0:4, 2:1:1:0:1, 2:0:0:0:2, 2:0:0:0:1, 1:1:1:0:1, 1:0:0:0:0, 4:0:0:0:3, 1:0:0:0:1, 3:0:0:0:1, 1:0:0:0:0, 2:0:0:0:2, 2:0:0:0:3, 2:0:0:0:4, 3:0:0:0:3, 3:0:0:0:2, 3:0:0:0:2, 2:0:0:0:3, 3:1:1:0:2, 2:0:0:0:2, 3:0:0:0:2, 3:0:0:0:3, 2:0:0:0:1, 1:0:0:0:1, 3:0:0:0:2, 1:0:0:0:1, 0:0:0:0:0, 2:0:0:0:2, 1:0:0:0:1, 0:0:0:0:0, 2:0:0:0:1, 3:0:0:0:2, 4:0:0:0:4, 2:0:0:0:2, 3:0:0:0:3, 3:0:0:0:4, 2:1:1:0:2, 1:0:0:0:2, 3:0:0:0:7, 3:0:0:0:3, 3:1:1:0:3, 2:0:0:0:2, 1:0:0:0:2, 4:1:0:0:4, 3:0:0:0:5, 2:0:0:0:4, 3:0:0:0:4, 2:0:0:0:3, 4:0:0:0:3, 2:0:0:0:3, 2:1:1:0:1, 1:0:0:0:1, 3:1:1:0:3, 1:0:0:0:1, 2:0:0:0:1, 2:0:0:0:1, 2:0:0:0:2, 3:0:0:0:2, 2:0:0:0:1, 0:0:0:0:0, 1:0:0:0:3, 3:0:0:0:3, 2:0:0:0:1, 0:0:0:0:0, 3:0:0:0:4, 2:0:0:0:1, 2:0:0:0:1, 0:0:0:0:0, 0:0:0:0:0, 0:0:0:0:0, 0:0:0:0:0, 0:0:0:0:0, 0:0:0:0:0, 0:0:0:0:0, 0:0:0:0:0, 0:0:0:0:0, 0:0:0:0:0, 651:35:27:2:673
A# minor blues (7#), 3:0:0:0:1, 2:0:0:0:1, 4:0:0:0:2, 4:0:0:0:2, 4:0:0:0:2, 3:0:0:0:1, 4:1:0:0:1, 3:1:0:0:1, 2:1:0:0:1, 3:1:0:0:1, 2:1:0:0:1, 2:1:0:0:1, 3:2:0:0:3, 3:1:0:0:1, 2:1:0:0:2, 2:3:2:0:3, 2:1:0:0:2, 2:2:0:0:2, 2:0:0:0:0, 3:0:0:0:1, 3:0:0:0:0, 3:0:0:0:0, 2:0:0:0:0, 3:0:0:0:0, 2:0:0:0:0, 2:0:0:0:0, 1:0:0:0:3, 4:0:0:0:1, 3:1:0:0:1, 2:1:0:0:1, 3:0:0:0:1, 2:0:0:0:2, 2:0:0:0:1, 4:0:0:0:3, 3:0:0:0:2, 3:0:0:0:1, 2:0:0:0:1, 3:0:0:0:1, 4:1:0:0:1, 3:1:0:0:3, 3:1:0:0:1, 2:1:0:0:1, 1:0:0:0:0, 1:0:0:0:0, 2:0:0:0:1, 2:1:0:0:2, 2:1:0:0:1, 3:1:0:0:2, 2:0:0:0:2, 4:0:0:0:2, 4:0:0:0:2, 4:0:0:0:3, 3:0:0:0:3, 3:0:0:0:1, 4:1:0:0:1, 3:2:0:0:3, 3:1:0:0:1, 3:1:0:0:1, 3:2:1:0:2, 2:1:0:0:1, 3:1:0:0:1, 1:1:0:0:1, 3:1:0:0:1, 2:1:0:0:1, 2:1:0:0:1, 4:3:0:0:3, 3:0:0:0:0, 2:0:0:0:0, 3:0:0:0:0, 1:0:0:0:0, 3:0:0:0:0, 2:0:0:0:0, 3:0:0:3:0, 2:1:0:0:1, 5:0:0:0:3, 3:0:0:0:2, 3:1:0:0:2, 2:2:0:0:2, 4:0:0:0:1, 3:1:0:0:3, 3:0:0:0:1, 2:0:0:0:1, 3:0:0:0:2, 3:0:0:0:2, 3:0:0:0:1, 3:0:0:0:1, 4:1:0:0:1, 3:2:0:0:2, 2:1:0:0:1, 2:1:0:0:1, 2:0:0:0:1, 1:0:0:0:0, 2:0:0:0:1, 2:1:0:0:2, 2:1:0:0:1, 3:2:0:0:4, 2:0:0:0:1, 3:1:0:0:2, 3:0:0:0:2, 3:0:0:0:1, 2:0:0:0:1, 3:0:0:0:2, 4:1:0:0:2, 3:1:0:0:1, 2:2:0:0:2, 2:1:0:0:1, 3:1:0:0:1, 2:1:0:0:1, 1:1:0:0:1, 2:1:0:0:1, 2:1:0:0:2, 2:2:1:0:2, 2:1:0:0:1, 3:2:0:0:3, 2:0:0:0:0, 2:0:0:0:0, 3:0:0:0:0, 3:0:0:0:1, 2:0:0:0:0, 2:0:0:0:0, 3:0:0:0:2, 3:0:0:0:0, 3:0:0:0:2, 2:0:0:0:3, 3:1:0:0:2, 3:1:0:0:1, 2:0:0:0:0, 3:1:0:0:3, 2:0:0:0:2, 4:0:0:0:2, 4:0:0:0:2, 5:0:0:0:2, 3:0:0:0:3, 3:0:0:0:1, 2:1:0:0:2, 3:1:0:0:1, 2:1:0:0:1, 1:1:0:0:1, 1:0:0:0:0, 1:0:0:0:0, 2:0:0:0:2, 2:1:0:0:1, 2:2:0:0:2, 4:1:0:0:2, 3:0:0:0:1, 3:0:0:0:1, 3:0:0:0:2, 3:0:0:0:1, 2:0:0:0:3, 3:0:0:0:1, 3:1:0:0:2, 2:3:2:0:3, 2:2:0:0:2, 2:1:0:0:1, 5:1:0:0:1, 3:1:0:0:1, 1:1:0:0:1, 2:1:0:0:1, 3:1:0:0:1, 2:1:0:0:1, 3:1:0:0:1, 4:3:0:0:3, 2:0:0:0:0, 4:0:0:0:2, 3:0:0:0:0, 3:0:0:0:0, 3:0:0:0:0, 2:0:0:0:0, 3:0:0:0:0, 3:0:0:0:0, 2:0:0:0:4, 3:0:0:0:1, 2:1:0:0:3, 2:1:0:0:1, 3:0:0:0:1, 2:0:0:0:2, 2:0:0:0:1, 5:0:0:0:2, 4:0:0:0:1, 4:0:0:0:3, 3:0:0:0:3, 2:0:0:0:1, 4:1:0:0:1, 3:1:0:0:2, 2:1:0:0:1, 2:1:0:0:1, 2:0:0:0:0, 1:0:0:0:0, 3:0:0:0:2, 2:1:0:0:1, 2:2:0:0:2, 2:1:0:0:2, 4:0:0:0:1, 3:0:0:0:1, 3:0:0:0:2, 3:0:0:0:1, 2:0:0:0:3, 3:0:0:0:1, 3:1:0:0:2, 2:3:2:0:3, 2:2:0:0:2, 2:1:0:0:1, 5:1:0:0:1, 3:1:0:0:1, 1:1:0:0:1, 2:1:0:0:1, 3:1:0:0:1, 2:1:0:0:1, 3:1:0:0:2, 4:3:0:0:3, 2:0:0:0:0, 3:0:0:0:1, 3:0:0:0:0, 2:0:0:0:0, 3:0:0:0:0, 2:0:0:0:0, 3:0:0:0:0, 3:0:0:0:0, 2:0:0:0:4, 3:0:0:0:1, 3:1:0:0:2, 2:1:0:0:1, 3:0:0:0:1, 2:0:0:0:2, 2:0:0:0:1, 5:0:0:0:2, 4:0:0:0:1, 4:0:0:0:3, 3:0:0:0:3, 3:0:0:0:1, 4:1:0:0:1, 3:1:0:0:2, 2:1:0:0:1, 2:1:0:0:1, 3:0:0:0:1, 1:0:0:0:0, 3:0:0:0:2, 2:1:0:0:1, 2:2:0:0:2, 3:1:0:0:3, 2:0:0:0:1, 3:1:0:0:2, 2:0:0:0:2, 2:0:0:0:2, 2:0:0:0:2, 3:0:0:0:1, 4:1:0:0:1, 3:2:0:0:2, 4:2:0:0:4, 3:1:0:0:1, 2:2:0:0:2, 5:1:0:0:1, 1:1:0:0:1, 3:1:0:0:1, 5:1:0:0:2, 3:1:0:0:1, 2:1:0:0:1, 4:2:0:0:3, 2:0:0:0:0, 3:0:0:0:2, 3:0:0:0:0, 3:0:0:0:0, 3:0:0:0:1, 3:0:0:0:0, 4:0:0:0:0, 3:0:0:0:1, 3:0:0:0:2, 2:0:0:0:2, 4:1:0:0:2, 2:2:0:0:2, 2:0:0:0:0, 3:0:0:0:3, 2:0:0:0:2, 4:1:0:0:3, 2:0:0:0:1, 5:0:0:0:2, 3:0:0:0:2, 3:0:0:0:1, 3:1:0:0:2, 4:1:0:0:1, 2:1:0:0:1, 2:2:0:0:2, 1:0:0:0:0, 3:0:0:0:0, 4:0:0:0:2, 2:1:0:0:1, 1:1:0:0:1, 2:0:0:0:1, 4:0:0:0:3, 2:1:0:0:1, 1:1:0:0:1, 2:0:0:0:2, 3:0:0:0:1, 2:1:0:0:1, 1:1:0:0:1, 1:1:0:0:1, 1:1:0:0:1, 0:0:0:0:0, 0:0:0:0:0, 0:0:0:0:0, 0:0:0:0:0, 0:0:0:0:0, 0:0:0:0:0, 0:0:0:0:0, 792:170:8:3:398
Cb dorian (7b), 3:0:0:0:3, 3:0:0:0:3, 4:0:0:0:3, 3:0:0:0:4, 3:0:0:0:4, 3:0:0:0:2, 1:0:0:0:1, 1:1:1:0:1, 1:1:1:0:1, 2:0:0:0:1, 2:0:0:0:2, 1:0:0:0:1, 2:0:0:0:2, 1:0:0:0:1, 1:0:0:0:1, 1:0:0:0:1, 2:0:0:0:1, 1:0:0:0:1, 2:0:0:0:3, 5:0:0:0:3, 2:0:0:0:3, 3:1:0:0:4, 2:1:1:0:3, 2:0:0:0:2, 2:0:0:0:3, 2:0:0:0:5, 3:1:0:0:4, 3:0:0:0:3, 1:0:0:0:1, 2:0:0:0:1, 3:0:0:0:6, 3:0:0:0:3, 3:0:0:0:3, 4:0:0:0:4, 3:0:0:0:5, 2:0:0:0:2, 2:0:0:0:3, 3:1:1:0:2, 2:0:0:0:2, 2:0:0:0:2, 3:0:0:0:2, 0:0:0:0:0, 2:0:0:0:1, 1:0:0:0:1, 3:0:0:0:2, 2:0:0:0:1, 2:0:0:0:2, 2:0:0:0:3, 3:0:0:0:3, 5:0:0:0:3, 3:0:0:0:4, 4:0:0:0:4, 3:0:0:0:4, 2:1:1:0:1, 2:0:0:0:2, 3:0:0:0:2, 1:0:0:0:2, 1:0:0:0:1, 2:0:0:0:1, 2:0:0:0:2, 1:0:0:0:0, 1:0:0:0:1, 1:0:0:0:1, 1:0:0:0:0, 0:0:0:0:0, 1:0:0:0:1, 3:0:0:0:2, 2:0:0:0:3, 3:0:0:0:3, 3:1:0:0:4, 3:1:1:0:4, 1:0:0:0:1, 4:0:0:0:5, 1:0:0:0:4, 4:0:0:2:4, 3:0:0:0:4, 2:1:1:0:2, 1:0:0:0:1, 4:0:0:0:6, 2:0:0:0:4, 3:0:0:0:3, 3:0:0:0:3, 4:0:0:0:3, 3:0:0:0:4, 2:0:0:0:3, 3:1:1:0:2, 2:0:0:0:2, 3:0:0:0:2, 1:1:1:0:1, 1:0:0:0:0, 3:0:0:0:2, 1:0:0:0:1, 3:0:0:0:2, 2:0:0:0:1, 2:0:0:0:2, 2:0:0:0:3, 2:0:0:0:4, 3:0:0:0:3, 2:0:0:0:3, 4:1:0:0:4, 2:0:0:0:3, 2:0:0:0:1, 2:0:0:0:2, 3:0:0:0:2, 2:0:0:0:1, 2:0:0:0:1, 2:0:0:0:2, 2:0:0:0:2, 1:0:0:0:1, 1:0:0:0:1, 2:0:0:0:1, 1:0:0:0:1, 1:0:0:0:0, 3:0:0:0:1, 2:0:0:0:2, 3:0:0:0:2, 2:0:0:0:2, 2:0:0:0:3, 2:1:0:0:4, 3:1:1:0:3, 3:0:0:0:4, 3:0:0:0:3, 3:0:0:0:4, 2:0:0:0:4, 3:0:0:0:2, 2:0:0:0:1, 3:0:0:0:5, 1:0:0:0:2, 3:0:0:0:3, 5:0:0:0:3, 4:0:0:0:5, 5:0:0:0:3, 3:0:0:0:4, 2:1:1:0:1, 3:0:0:0:1, 3:0:0:0:2, 1:1:1:0:1, 0:0:0:0:0, 2:0:0:0:1, 2:0:0:0:1, 3:0:0:0:2, 1:0:0:0:0, 2:0:0:0:3, 2:0:0:0:2, 2:0:0:0:5, 3:0:0:0:2, 3:0:0:0:4, 3:0:0:0:3, 2:0:0:0:4, 1:0:0:0:0, 3:0:0:0:2, 1:1:1:0:1, 1:0:0:0:2, 2:0:0:0:1, 2:0:0:0:1, 3:0:0:0:3, 1:0:0:0:1, 0:0:0:0:0, 1:0:0:0:1, 1:0:0:0:0, 2:0:0:0:1, 1:0:0:0:1, 3:0:0:0:3, 4:0:0:0:5, 3:0:0:0:4, 2:0:0:0:2, 2:1:1:0:3, 2:1:0:0:4, 3:0:0:0:3, 3:1:1:0:5, 2:0:0:0:5, 3:0:0:0:4, 1:0:0:0:2, 1:0:0:0:0, 3:0:0:0:6, 3:0:0:0:3, 3:0:0:0:3, 4:0:0:0:3, 3:0:0:0:4, 4:0:0:0:6, 3:0:0:0:4, 2:1:1:0:1, 2:0:0:0:2, 2:0:0:0:1, 1:1:1:0:1, 1:0:0:0:0, 3:0:0:0:2, 1:0:0:0:1, 3:0:0:0:1, 1:0:0:0:0, 2:0:0:0:2, 1:0:0:0:1, 2:0:0:0:4, 3:0:0:0:2, 3:0:0:0:4, 3:0:0:0:3, 2:0:0:0:4, 1:0:0:0:0, 3:0:0:0:2, 1:1:1:0:1, 1:0:0:0:2, 2:0:0:0:1, 2:0:0:0:1, 3:0:0:0:3, 1:0:0:0:1, 0:0:0:0:0, 1:0:0:0:1, 1:0:0:0:0, 1:0:0:0:1, 1:0:0:0:1, 3:0:0:0:2, 4:0:0:0:3, 3:0:0:0:3, 1:0:0:0:2, 2:1:1:0:3, 2:1:0:0:4, 3:0:0:0:3, 3:1:1:0:5, 2:0:0:0:5, 3:0:0:0:4, 1:0:0:0:1, 1:0:0:0:0, 3:0:0:0:5, 3:0:0:0:3, 3:0:0:0:3, 4:0:0:0:3, 3:0:0:0:4, 4:0:0:0:6, 3:0:0:0:4, 2:1:1:0:1, 2:0:0:0:2, 2:0:0:0:1, 1:1:1:0:1, 1:0:0:0:0, 4:0:0:0:3, 1:0:0:0:1, 3:0:0:0:1, 1:0:0:0:0, 2:0:0:0:2, 2:0:0:0:3, 2:0:0:0:4, 3:0:0:0:3, 3:0:0:0:2, 3:0:0:0:2, 2:0:0:0:3, 3:1:1:0:2, 2:0:0:0:2, 3:0:0:0:2, 3:0:0:0:3, 2:0:0:0:1, 1:0:0:0:1, 3:0:0:0:2, 1:0:0:0:1, 0:0:0:0:0, 2:0:0:0:2, 1:0:0:0:1, 0:0:0:0:0, 2:0:0:0:1, 3:0:0:0:2, 4:0:0:0:4, 2:0:0:0:2, 3:0:0:0:3, 3:0:0:0:4, 2:1:1:0:2, 1:0:0:0:2, 3:0:0:0:7, 3:0:0:0:3, 3:1:1:0:3, 2:0:0:0:2, 1:0:0:0:2, 4:1:0:0:4, 3:0:0:0:5, 2:0:0:0:4, 3:0:0:0:4, 2:0:0:0:3, 4:0:0:0:3, 2:0:0:0:3, 2:1:1:0:1, 1:0:0:0:1, 3:1:1:0:3, 1:0:0:0:1, 2:0:0:0:1, 2:0:0:0:1, 2:0:0:0:2, 3:0:0:0:2, 2:0:0:0:1, 0:0:0:0:0, 1:0:0:0:3, 3:0:0:0:3, 2:0:0:0:1, 0:0:0:0:0, 3:0:0:0:4, 2:0:0:0:1, 2:0:0:0:1, 0:0:0:0:0, 0:0:0:0:0, 0:0:0:0:0, 0:0:0:0:0, 0:0:0:0:0, 0:0:0:0:0, 0:0:0:0:0, 0:0:0:0:0, 0:0:0:0:0, 0:0:0:0:0, 651:35:27:2:673
C# dorian (7#), 3:0:0:0:1, 2:0:0:0:1, 4:0:0:0:2, 4:0:0:0:2, 4:0:0:0:2, 3:0:0:0:1, 4:1:0:0:1, 3:1:0:0:1, 2:1:0:0:1, 3:1:0:0:1, 2:1:0:0:1, 2:1:0:0:1, 3:2:0:0:3, 3:1:0:0:1, 2:1:0:0:2, 2:3:2:0:3, 2:1:0:0:2, 2:2:0:0:2, 2:0:0:0:0, 3:0:0:0:1, 3:0:0:0:0, 3:0:0:0:0, 2:0:0:0:0, 3:0:0:0:0, 2:0:0:0:0, 2:0:0:0:0, 1:0:0:0:3, 4:0:0:0:1, 3:1:0:0:1, 2:1:0:0:1, 3:0:0:0:1, 2:0:0:0:2, 2:0:0:0:1, 4:0:0:0:3, 3:0:0:0:2, 3:0:0:0:1, 2:0:0:0:1, 3:0:0:0:1, 4:1:0:0:1, 3:1:0:0:3, 3:1:0:0:1, 2:1:0:0:1, 1:0:0:0:0, 1:0:0:0:0, 2:0:0:0:1, 2:1:0:0:2, 2:1:0:0:1, 3:1:0:0:2, 2:0:0:0:2, 4:0:0:0:2, 4:0:0:0:2, 4:0:0:0:3, 3:0:0:0:3, 3:0:0:0:1, 4:1:0:0:1, 3:2:0:0:3, 3:1:0:0:1, 3:1:0:0:1, 3:2:1:0:2, 2:1:0:0:1, 3:1:0:0:1, 1:1:0:0:1, 3:1:0:0:1, 2:1:0:0:1, 2:1:0:0:1, 4:3:0:0:3, 3:0:0:0:0, 2:0:0:0:0, 3:0:0:0:0, 1:0:0:0:0, 3:0:0:0:0, 2:0:0:0:0, 3:0:0:3:0, 2:1:0:0:1, 5:0:0:0:3, 3:0:0:0:2, 3:1:0:0:2, 2:2:0:0:2, 4:0:0:0:1, 3:1:0:0:3, 3:0:0:0:1, 2:0:0:0:1, 3:0:0:0:2, 3:0:0:0:2, 3:0:0:0:1, 3:0:0:0:1, 4:1:0:0:1, 3:2:0:0:2, 2:1:0:0:1, 2:1:0:0:1, 2:0:0:0:1, 1:0:0:0:0, 2:0:0:0:1, 2:1:0:0:2, 2:1:0:0:1, 3:2:0:0:4, 2:0:0:0:1, 3:1:0:0:2, 3:0:0:0:2, 3:0:0:0:1, 2:0:0:0:1, 3:0:0:0:2, 4:1:0:0:2, 3:1:0:0:1, 2:2:0:0:2, 2:1:0:0:1, 3:1:0:0:1, 2:1:0:0:1, 1:1:0:0:1, 2:1:0:0:1, 2:1:0:0:2, 2:2:1:0:2, 2:1:0:0:1, 3:2:0:0:3, 2:0:0:0:0, 2:0:0:0:0, 3:0:0:0:0, 3:0:0:0:1, 2:0:0:0:0, 2:0:0:0:0, 3:0:0:0:2, 3:0:0:0:0, 3:0:0:0:2, 2:0:0:0:3, 3:1:0:0:2, 3:1:0:0:1, 2:0:0:0:0, 3:1:0:0:3, 2:0:0:0:2, 4:0:0:0:2, 4:0:0:0:2, 5:0:0:0:2, 3:0:0:0:3, 3:0:0:0:1, 2:1:0:0:2, 3:1:0:0:1, 2:1:0:0:1, 1:1:0:0:1, 1:0:0:0:0, 1:0:0:0:0, 2:0:0:0:2, 2:1:0:0:1, 2:2:0:0:2, 4:1:0:0:2, 3:0:0:0:1, 3:0:0:0:1, 3:0:0:0:2, 3:0:0:0:1, 2:0:0:0:3, 3:0:0:0:1, 3:1:0:0:2, 2:3:2:0:3, 2:2:0:0:2, 2:1:0:0:1, 5:1:0:0:1, 3:1:0:0:1, 1:1:0:0:1, 2:1:0:0:1, 3:1:0:0:1, 2:1:0:0:1, 3:1:0:0:1, 4:3:0:0:3, 2:0:0:0:0, 4:0:0:0:2, 3:0:0:0:0, 3:0:0:0:0, 3:0:0:0:0, 2:0:0:0:0, 3:0:0:0:0, 3:0:0:0:0, 2:0:0:0:4, 3:0:0:0:1, 2:1:0:0:3, 2:1:0:0:1, 3:0:0:0:1, 2:0:0:0:2, 2:0:0:0:1, 5:0:0:0:2, 4:0:0:0:1, 4:0:0:0:3, 3:0:0:0:3, 2:0:0:0:1, 4:1:0:0:1, 3:1:0:0:2, 2:1:0:0:1, 2:1:0:0:1, 2:0:0:0:0, 1:0:0:0:0, 3:0:0:0:2, 2:1:0:0:1, 2:2:0:0:2, 2:1:0:0:2, 4:0:0:0:1, 3:0:0:0:1, 3:0:0:0:2, 3:0:0:0:1, 2:0:0:0:3, 3:0:0:0:1, 3:1:0:0:2, 2:3:2:0:3, 2:2:0:0:2, 2:1:0:0:1, 5:1:0:0:1, 3:1:0:0:1, 1:1:0:0:1, 2:1:0:0:1, 3:1:0:0:1, 2:1:0:0:1, 3:1:0:0:2, 4:3:0:0:3, 2:0:0:0:0, 3:0:0:0:1, 3:0:0:0:0, 2:0:0:0:0, 3:0:0:0:0, 2:0:0:0:0, 3:0:0:0:0, 3:0:0:0:0, 2:0:0:0:4, 3:0:0:0:1, 3:1:0:0:2, 2:1:0:0:1, 3:0:0:0:1, 2:0:0:0:2, 2:0:0:0:1, 5:0:0:0:2, 4:0:0:0:1, 4:0:0:0:3, 3:0:0:0:3, 3:0:0:0:1, 4:1:0:0:1, 3:1:0:0:2, 2:1:0:0:1, 2:1:0:0:1, 3:0:0:0:1, 1:0:0:0:0, 3:0:0:0:2, 2:1:0:0:1, 2:2:0:0:2, 3:1:0:0:3, 2:0:0:0:1, 3:1:0:0:2, 2:0:0:0:2, 2:0:0:0:2, 2:0:0:0:2, 3:0:0:0:1, 4:1:0:0:1, 3:2:0:0:2, 4:2:0:0:4, 3:1:0:0:1, 2:2:0:0:2, 5:1:0:0:1, 1:1:0:0:1, 3:1:0:0:1, 5:1:0:0:2, 3:1:0:0:1, 2:1:0:0:1, 4:2:0:0:3, 2:0:0:0:0, 3:0:0:0:2, 3:0:0:0:0, 3:0:0:0:0, 3:0:0:0:1, 3:0:0:0:0, 4:0:0:0:0, 3:0:0:0:1, 3:0:0:0:2, 2:0:0:0:2, 4:1:0:0:2, 2:2:0:0:2, 2:0:0:0:0, 3:0:0:0:3, 2:0:0:0:2, 4:1:0:0:3, 2:0:0:0:1, 5:0:0:0:2, 3:0:0:0:2, 3:0:0:0:1, 3:1:0:0:2, 4:1:0:0:1, 2:1:0:0:1, 2:2:0:0:2, 1:0:0:0:0, 3:0:0:0:0, 4:0:0:0:2, 2:1:0:0:1, 1:1:0:0:1, 2:0:0:0:1, 4:0:0:0:3, 2:1:0:0:1, 1:1:0:0:1, 2:0:0:0:2, 3:0:0:0:1, 2:1:0:0:1, 1:1:0:0:1, 1:1:0:0:1, 1:1:0:0:1, 0:0:0:0:0, 0:0:0:0:0, 0:0:0:0:0, 0:0:0:0:0, 0:0:0:0:0, 0:0:0:0:0, 0:0:0:0:0, 792:170:8:3:398
Cb phrygian (7b), 3:0:0:0:3, 3:0:0:0:3, 4:0:0:0:3, 3:0:0:0:4, 3:0:0:0:4, 3:0:0:0:2, 1:0:0:0:1, 1:1:1:0:1, 1:1:1:0:1, 2:0:0:0:1, 2:0:0:0:2, 1:0:0:0:1, 2:0:0:0:2, 1:0:0:0:1, 1:0:0:0:1, 1:0:0:0:1, 2:0:0:0:1, 1:0:0:0:1, 2:0:0:0:3, 5:0:0:0:3, 2:0:0:0:3, 3:1:0:0:4, 2:1:1:0:3, 2:0:0:0:2, 2:0:0:0:3, 2:0:0:0:5, 3:1:0:0:4, 3:0:0:0:3, 1:0:0:0:1, 2:0:0:0:1, 3:0:0:0:6, 3:0:0:0:3, 3:0:0:0:3, 4:0:0:0:4, 3:0:0:0:5, 2:0:0:0:2, 2:0:0:0:3, 3:1:1:0:2, 2:0:0:0:2, 2:0:0:0:2, 3:0:0:0:2, 0:0:0:0:0, 2:0:0:0:1, 1:0:0:0:1, 3:0:0:0:2, 2:0:0:0:1, 2:0:0:0:2, 2:0:0:0:3, 3:0:0:0:3, 5:0:0:0:3, 3:0:0:0:4, 4:0:0:0:4, 3:0:0:0:4, 2:1:1:0:1, 2:0:0:0:2, 3:0:0:0:2, 1:0:0:0:2, 1:0:0:0:1, 2:0:0:0:1, 2:0:0:0:2, 1:0:0:0:0, 1:0:0:0:1, 1:0:0:0:1, 1:0:0:0:0, 0:0:0:0:0, 1:0:0:0:1, 3:0:0:0:2, 2:0:0:0:3, 3:0:0:0:3, 3:1:0:0:4, 3:1:1:0:4, 1:0:0:0:1, 4:0:0:0:5, 1:0:0:0:4, 4:0:0:2:4, 3:0:0:0:4, 2:1:1:0:2, 1:0:0:0:1, 4:0:0:0:6, 2:0:0:0:4, 3:0:0:0:3, 3:0:0:0:3, 4:0:0:0:3, 3:0:0:0:4, 2:0:0:0:3, 3:1:1:0:2, 2:0:0:0:2, 3:0:0:0:2, 1:1:1:0:1, 1:0:0:0:0, 3:0:0:0:2, 1:0:0:0:1, 3:0:0:0:2, 2:0:0:0:1, 2:0:0:0:2, 2:0:0:0:3, 2:0:0:0:4, 3:0:0:0:3, 2:0:0:0:3, 4:1:0:0:4, 2:0:0:0:3, 2:0:0:0:1, 2:0:0:0:2, 3:0:0:0:2, 2:0:0:0:1, 2:0:0:0:1, 2:0:0:0:2, 2:0:0:0:2, 1:0:0:0:1, 1:0:0:0:1, 2:0:0:0:1, 1:0:0:0:1, 1:0:0:0:0, 3:0:0:0:1, 2:0:0:0:2, 3:0:0:0:2, 2:0:0:0:2, 2:0:0:0:3, 2:1:0:0:4, 3:1:1:0:3, 3:0:0:0:4, 3:0:0:0:3, 3:0:0:0:4, 2:0:0:0:4, 3:0:0:0:2, 2:0:0:0:1, 3:0:0:0:5, 1:0:0:0:2, 3:0:0:0:3, 5:0:0:0:3, 4:0:0:0:5, 5:0:0:0:3, 3:0:0:0:4, 2:1:1:0:1, 3:0:0:0:1, 3:0:0:0:2, 1:1:1:0:1, 0:0:0:0:0, 2:0:0:0:1, 2:0:0:0:1, 3:0:0:0:2, 1:0:0:0:0, 2:0:0:0:3, 2:0:0:0:2, 2:0:0:0:5, 3:0:0:0:2, 3:0:0:0:4, 3:0:0:0:3, 2:0:0:0:4, 1:0:0:0:0, 3:0:0:0:2, 1:1:1:0:1, 1:0:0:0:2, 2:0:0:0:1, 2:0:0:0:1, 3:0:0:0:3, 1:0:0:0:1, 0:0:0:0:0, 1:0:0:0:1, 1:0:0:0:0, 2:0:0:0:1, 1:0:0:0:1, 3:0:0:0:3, 4:0:0:0:5, 3:0:0:0:4, 2:0:0:0:2, 2:1:1:0:3, 2:1:0:0:4, 3:0:0:0:3, 3:1:1:0:5, 2:0:0:0:5, 3:0:0:0:4, 1:0:0:0:2, 1:0:0:0:0, 3:0:0:0:6, 3:0:0:0:3, 3:0:0:0:3, 4:0:0:0:3, 3:0:0:0:4, 4:0:0:0:6, 3:0:0:0:4, 2:1:1:0:1, 2:0:0:0:2, 2:0:0:0:1, 1:1:1:0:1, 1:0:0:0:0, 3:0:0:0:2, 1:0:0:0:1, 3:0:0:0:1, 1:0:0:0:0, 2:0:0:0:2, 1:0:0:0:1, 2:0:0:0:4, 3:0:0:0:2, 3:0:0:0:4, 3:0:0:0:3, 2:0:0:0:4, 1:0:0:0:0, 3:0:0:0:2, 1:1:1:0:1, 1:0:0:0:2, 2:0:0:0:1, 2:0:0:0:1, 3:0:0:0:3, 1:0:0:0:1, 0:0:0:0:0, 1:0:0:0:1, 1:0:0:0:0, 1:0:0:0:1, 1:0:0:0:1, 3:0:0:0:2, 4:0:0:0:3, 3:0:0:0:3, 1:0:0:0:2, 2:1:1:0:3, 2:1:0:0:4, 3:0:0:0:3, 3:1:1:0:5, 2:0:0:0:5, 3:0:0:0:4, 1:0:0:0:1, 1:0:0:0:0, 3:0:0:0:5, 3:0:0:0:3, 3:0:0:0:3, 4:0:0:0:3, 3:0:0:0:4, 4:0:0:0:6, 3:0:0:0:4, 2:1:1:0:1, 2:0:0:0:2, 2:0:0:0:1, 1:1:1:0:1, 1:0:0:0:0, 4:0:0:0:3, 1:0:0:0:1, 3:0:0:0:1, 1:0:0:0:0, 2:0:0:0:2, 2:0:0:0:3, 2:0:0:0:4, 3:0:0:0:3, 3:0:0:0:2, 3:0:0:0:2, 2:0:0:0:3, 3:1:1:0:2, 2:0:0:0:2, 3:0:0:0:2, 3:0:0:0:3, 2:0:0:0:1, 1:0:0:0:1, 3:0:0:0:2, 1:0:0:0:1, 0:0:0:0:0, 2:0:0:0:2, 1:0:0:0:1, 0:0:0:0:0, 2:0:0:0:1, 3:0:0:0:2, 4:0:0:0:4, 2:0:0:0:2, 3:0:0:0:3, 3:0:0:0:4, 2:1:1:0:2, 1:0:0:0:2, 3:0:0:0:7, 3:0:0:0:3, 3:1:1:0:3, 2:0:0:0:2, 1:0:0:0:2, 4:1:0:0:4, 3:0:0:0:5, 2:0:0:0:4, 3:0:0:0:4, 2:0:0:0:3, 4:0:0:0:3, 2:0:0:0:3, 2:1:1:0:1, 1:0:0:0:1, 3:1:1:0:3, 1:0:0:0:1, 2:0:0:0:1, 2:0:0:0:1, 2:0:0:0:2, 3:0:0:0:2, 2:0:0:0:1, 0:0:0:0:0, 1:0:0:0:3, 3:0:0:0:3, 2:0:0:0:1, 0:0:0:0:0, 3:0:0:0:4, 2:0:0:0:1, 2:0:0:0:1, 0:0:0:0:0, 0:0:0:0:0, 0:0:0:0:0, 0:0:0:0:0, 0:0:0:0:0, 0:0:0:0:0, 0:0:0:0:0, 0:0:0:0:0, 0:0:0:0:0, 0:0:0:0:0, 651:35:27:2:673
C# phrygian (7#), 3:0:0:0:1, 2:0:0:0:1, 4:0:0:0:2, 4:0:0:0:2, 4:0:0:0:2, 3:0:0:0:1, 4:1:0:0:1, 3:1:0:0:1, 2:1:0:0:1, 3:1:0:0:1, 2:1:0:0:1, 2:1:0:0:1, 3:2:0:0:3, 3:1:0:0:1, 2:1:0:0:2, 2:3:2:0:3, 2:1:0:0:2, 2:2:0:0:2, 2:0:0:0:0, 3:0:0:0:1, 3:0:0:0:0, 3:0:0:0:0, 2:0:0:0:0, 3:0:0:0:0, 2:0:0:0:0, 2:0:0:0:0, 1:0:0:0:3, 4:0:0:0:1, 3:1:0:0:1, 2:1:0:0:1, 3:0:0:0:1, 2:0:0:0:2, 2:0:0:0:1, 4:0:0:0:3, 3:0:0:0:2, 3:0:0:0:1, 2:0:0:0:1, 3:0:0:0:1, 4:1:0:0:1, 3:1:0:0:3, 3:1:0:0:1, 2:1:0:0:1, 1:0:0:0:0, 1:0:0:0:0, 2:0:0:0:1, 2:1:0:0:2, 2:1:0:0:1, 3:1:0:0:2, 2:0:0:0:2, 4:0:0:0:2, 4:0:0:0:2, 4:0:0:0:3, 3:0:0:0:3, 3:0:0:0:1, 4:1:0:0:1, 3:2:0:0:3, 3:1:0:0:1, 3:1:0:0:1, 3:2:1:0:2, 2:1:0:0:1, 3:1:0:0:1, 1:1:0:0:1, 3:1:0:0:1, 2:1:0:0:1, 2:1:0:0:1, 4:3:0:0:3, 3:0:0:0:0, 2:0:0:0:0, 3:0:0:0:0, 1:0:0:0:0, 3:0:0:0:0, 2:0:0:0:0, 3:0:0:3:0, 2:1:0:0:1, 5:0:0:0:3, 3:0:0:0:2, 3:1:0:0:2, 2:2:0:0:2, 4:0:0:0:1, 3:1:0:0:3, 3:0:0:0:1, 2:0:0:0:1, 3:0:0:0:2, 3:0:0:0:2, 3:0:0:0:1, 3:0:0:0:1, 4:1:0:0:1, 3:2:0:0:2, 2:1:0:0:1, 2:1:0:0:1, 2:0:0:0:1, 1:0:0:0:0, 2:0:0:0:1, 2:1:0:0:2, 2:1:0:0:1, 3:2:0:0:4, 2:0:0:0:1, 3:1:0:0:2, 3:0:0:0:2, 3:0:0:0:1, 2:0:0:0:1, 3:0:0:0:2, 4:1:0:0:2, 3:1:0:0:1, 2:2:0:0:2, 2:1:0:0:1, 3:1:0:0:1, 2:1:0:0:1, 1:1:0:0:1, 2:1:0:0:1, 2:1:0:0:2, 2:2:1:0:2, 2:1:0:0:1, 3:2:0:0:3, 2:0:0:0:0, 2:0:0:0:0, 3:0:0:0:0, 3:0:0:0:1, 2:0:0:0:0, 2:0:0:0:0, 3:0:0:0:2, 3:0:0:0:0, 3:0:0:0:2, 2:0:0:0:3, 3:1:0:0:2, 3:1:0:0:1, 2:0:0:0:0, 3:1:0:0:3, 2:0:0:0:2, 4:0:0:0:2, 4:0:0:0:2, 5:0:0:0:2, 3:0:0:0:3, 3:0:0:0:1, 2:1:0:0:2, 3:1:0:0:1, 2:1:0:0:1, 1:1:0:0:1, 1:0:0:0:0, 1:0:0:0:0, 2:0:0:0:2, 2:1:0:0:1, 2:2:0:0:2, 4:1:0:0:2, 3:0:0:0:1, 3:0:0:0:1, 3:0:0:0:2, 3:0:0:0:1, 2:0:0:0:3, 3:0:0:0:1, 3:1:0:0:2, 2:3:2:0:3, 2:2:0:0:2, 2:1:0:0:1, 5:1:0:0:1, 3:1:0:0:1, 1:1:0:0:1, 2:1:0:0:1, 3:1:0:0:1, 2:1:0:0:1, 3:1:0:0:1, 4:3:0:0:3, 2:0:0:0:0, 4:0:0:0:2, 3:0:0:0:0, 3:0:0:0:0, 3:0:0:0:0, 2:0:0:0:0, 3:0:0:0:0, 3:0:0:0:0, 2:0:0:0:4, 3:0:0:0:1, 2:1:0:0:3, 2:1:0:0:1, 3:0:0:0:1, 2:0:0:0:2, 2:0:0:0:1, 5:0:0:0:2, 4:0:0:0:1, 4:0:0:0:3, 3:0:0:0:3, 2:0:0:0:1, 4:1:0:0:1, 3:1:0:0:2, 2:1:0:0:1, 2:1:0:0:1, 2:0:0:0:0, 1:0:0:0:0, 3:0:0:0:2, 2:1:0:0:1, 2:2:0:0:2, 2:1:0:0:2, 4:0:0:0:1, 3:0:0:0:1, 3:0:0:0:2, 3:0:0:0:1, 2:0:0:0:3, 3:0:0:0:1, 3:1:0:0:2, 2:3:2:0:3, 2:2:0:0:2, 2:1:0:0:1, 5:1:0:0:1, 3:1:0:0:1, 1:1:0:0:1, 2:1:0:0:1, 3:1:0:0:1, 2:1:0:0:1, 3:1:0:0:2, 4:3:0:0:3, 2:0:0:0:0, 3:0:0:0:1, 3:0:0:0:0, 2:0:0:0:0, 3:0:0:0:0, 2:0:0:0:0, 3:0:0:0:0, 3:0:0:0:0, 2:0:0:0:4, 3:0:0:0:1, 3:1:0:0:2, 2:1:0:0:1, 3:0:0:0:1, 2:0:0:0:2, 2:0:0:0:1, 5:0:0:0:2, 4:0:0:0:1, 4:0:0:0:3, 3:0:0:0:3, 3:0:0:0:1, 4:1:0:0:1, 3:1:0:0:2, 2:1:0:0:1, 2:1:0:0:1, 3:0:0:0:1, 1:0:0:0:0, 3:0:0:0:2, 2:1:0:0:1, 2:2:0:0:2, 3:1:0:0:3, 2:0:0:0:1, 3:1:0:0:2, 2:0:0:0:2, 2:0:0:0:2, 2:0:0:0:2, 3:0:0:0:1, 4:1:0:0:1, 3:2:0:0:2, 4:2:0:0:4, 3:1:0:0:1, 2:2:0:0:2, 5:1:0:0:1, 1:1:0:0:1, 3:1:0:0:1, 5:1:0:0:2, 3:1:0:0:1, 2:1:0:0:1, 4:2:0:0:3, 2:0:0:0:0, 3:0:0:0:2, 3:0:0:0:0, 3:0:0:0:0, 3:0:0:0:1, 3:0:0:0:0, 4:0:0:0:0, 3:0:0:0:1, 3:0:0:0:2, 2:0:0:0:2, 4:1:0:0:2, 2:2:0:0:2, 2:0:0:0:0, 3:0:0:0:3, 2:0:0:0:2, 4:1:0:0:3, 2:0:0:0:1, 5:0:0:0:2, 3:0:0:0:2, 3:0:0:0:1, 3:1:0:0:2, 4:1:0:0:1, 2:1:0:0:1, 2:2:0:0:2, 1:0:0:0:0, 3:0:0:0:0, 4:0:0:0:2, 2:1:0:0:1, 1:1:0:0:1, 2:0:0:0:1, 4:0:0:0:3, 2:1:0:0:1, 1:1:0:0:1, 2:0:0:0:2, 3:0:0:0:1, 2:1:0:0:1, 1:1:0:0:1, 1:1:0:0:1, 1:1:0:0:1, 0:0:0:0:0, 0:0:0:0:0, 0:0:0:0:0, 0:0:0:0:0, 0:0:0:0:0, 0:0:0:0:0, 0:0:0:0:0, 792:170:8:3:398
Cb lydian (7b), 3:0:0:0:3, 3:0:0:0:3, 4:0:0:0:3, 3:0:0:0:4, 3:0:0:0:4, 3:0:0:0:2, 1:0:0:0:1, 1:1:1:0:1, 1:1:1:0:1, 2:0:0:0:1, 2:0:0:0:2, 1:0:0:0:1, 2:0:0:0:2, 1:0:0:0:1, 1:0:0:0:1, 1:0:0:0:1, 2:0:0:0:1, 1:0:0:0:1, 2:0:0:0:3, 5:0:0:0:3, 2:0:0:0:3, 3:1:0:0:4, 2:1:1:0:3, 2:0:0:0:2, 2:0:0:0:3, 2:0:0:0:5, 3:1:0:0:4, 3:0:0:0:3, 1:0:0:0:1, 2:0:0:0:1, 3:0:0:0:6, 3:0:0:0:3, 3:0:0:0:3, 4:0:0:0:4, 3:0:0:0:5, 2:0:0:0:2, 2:0:0:0:3, 3:1:1:0:2, 2:0:0:0:2, 2:0:0:0:2, 3:0:0:0:2, 0:0:0:0:0, 2:0:0:0:1, 1:0:0:0:1, 3:0:0:0:2, 2:0:0:0:1, 2:0:0:0:2, 2:0:0:0:3, 3:0:0:0:3, 5:0:0:0:3, 3:0:0:0:4, 4:0:0:0:4, 3:0:0:0:4, 2:1:1:0:1, 2:0:0:0:2, 3:0:0:0:2, 1:0:0:0:2, 1:0:0:0:1, 2:0:0:0:1, 2:0:0:0:2, 1:0:0:0:0, 1:0:0:0:1, 1:0:0:0:1, 1:0:0:0:0, 0:0:0:0:0, 1:0:0:0:1, 3:0:0:0:2, 2:0:0:0:3, 3:0:0:0:3, 3:1:0:0:4, 3:1:1:0:4, 1:0:0:0:1, 4:0:0:0:5, 1:0:0:0:4, 4:0:0:2:4, 3:0:0:0:4, 2:1:1:0:2, 1:0:0:0:1, 4:0:0:0:6, 2:0:0:0:4, 3:0:0:0:3, 3:0:0:0:3, 4:0:0:0:3, 3:0:0:0:4, 2:0:0:0:3, 3:1:1:0:2, 2:0:0:0:2, 3:0:0:0:2, 1:1:1:0:1, 1:0:0:0:0, 3:0:0:0:2, 1:0:0:0:1, 3:0:0:0:2, 2:0:0:0:1, 2:0:0:0:2, 2:0:0:0:3, 2:0:0:0:4, 3:0:0:0:3, 2:0:0:0:3, 4:1:0:0:4, 2:0:0:0:3, 2:0:0:0:1, 2:0:0:0:2, 3:0:0:0:2, 2:0:0:0:1, 2:0:0:0:1, 2:0:0:0:2, 2:0:0:0:2, 1:0:0:0:1, 1:0:0:0:1, 2:0:0:0:1, 1:0:0:0:1, 1:0:0:0:0, 3:0:0:0:1, 2:0:0:0:2, 3:0:0:0:2, 2:0:0:0:2, 2:0:0:0:3, 2:1:0:0:4, 3:1:1:0:3, 3:0:0:0:4, 3:0:0:0:3, 3:0:0:0:4, 2:0:0:0:4, 3:0:0:0:2, 2:0:0:0:1, 3:0:0:0:5, 1:0:0:0:2, 3:0:0:0:3, 5:0:0:0:3, 4:0:0:0:5, 5:0:0:0:3, 3:0:0:0:4, 2:1:1:0:1, 3:0:0:0:1, 3:0:0:0:2, 1:1:1:0:1, 0:0:0:0:0, 2:0:0:0:1, 2:0:0:0:1, 3:0:0:0:2, 1:0:0:0:0, 2:0:0:0:3, 2:0:0:0:2, 2:0:0:0:5, 3:0:0:0:2, 3:0:0:0:4, 3:0:0:0:3, 2:0:0:0:4, 1:0:0:0:0, 3:0:0:0:2, 1:1:1:0:1, 1:0:0:0:2, 2:0:0:0:1, 2:0:0:0:1, 3:0:0:0:3, 1:0:0:0:1, 0:0:0:0:0, 1:0:0:0:1, 1:0:0:0:0, 2:0:0:0:1, 1:0:0:0:1, 3:0:0:0:3, 4:0:0:0:5, 3:0:0:0:4, 2:0:0:0:2, 2:1:1:0:3, 2:1:0:0:4, 3:0:0:0:3, 3:1:1:0:5, 2:0:0:0:5, 3:0:0:0:4, 1:0:0:0:2, 1:0:0:0:0, 3:0:0:0:6, 3:0:0:0:3, 3:0:0:0:3, 4:0:0:0:3, 3:0:0:0:4, 4:0:0:0:6, 3:0:0:0:4, 2:1:1:0:1, 2:0:0:0:2, 2:0:0:0:1, 1:1:1:0:1, 1:0:0:0:0, 3:0:0:0:2, 1:0:0:0:1, 3:0:0:0:1, 1:0:0:0:0, 2:0:0:0:2, 1:0:0:0:1, 2:0:0:0:4, 3:0:0:0:2, 3:0:0:0:4, 3:0:0:0:3, 2:0:0:0:4, 1:0:0:0:0, 3:0:0:0:2, 1:1:1:0:1, 1:0:0:0:2, 2:0:0:0:1, 2:0:0:0:1, 3:0:0:0:3, 1:0:0:0:1, 0:0:0:0:0, 1:0:0:0:1, 1:0:0:0:0, 1:0:0:0:1, 1:0:0:0:1, 3:0:0:0:2, 4:0:0:0:3, 3:0:0:0:3, 1:0:0:0:2, 2:1:1:0:3, 2:1:0:0:4, 3:0:0:0:3, 3:1:1:0:5, 2:0:0:0:5, 3:0:0:0:4, 1:0:0:0:1, 1:0:0:0:0, 3:0:0:0:5, 3:0:0:0:3, 3:0:0:0:3, 4:0:0:0:3, 3:0:0:0:4, 4:0:0:0:6, 3:0:0:0:4, 2:1:1:0:1, 2:0:0:0:2, 2:0:0:0:1, 1:1:1:0:1, 1:0:0:0:0, 4:0:0:0:3, 1:0:0:0:1, 3:0:0:0:1, 1:0:0:0:0, 2:0:0:0:2, 2:0:0:0:3, 2:0:0:0:4, 3:0:0:0:3, 3:0:0:0:2, 3:0:0:0:2, 2:0:0:0:3, 3:1:1:0:2, 2:0:0:0:2, 3:0:0:0:2, 3:0:0:0:3, 2:0:0:0:1, 1:0:0:0:1, 3:0:0:0:2, 1:0:0:0:1, 0:0:0:0:0, 2:0:0:0:2, 1:0:0:0:1, 0:0:0:0:0, 2:0:0:0:1, 3:0:0:0:2, 4:0:0:0:4, 2:0:0:0:2, 3:0:0:0:3, 3:0:0:0:4, 2:1:1:0:2, 1:0:0:0:2, 3:0:0:0:7, 3:0:0:0:3, 3:1:1:0:3, 2:0:0:0:2, 1:0:0:0:2, 4:1:0:0:4, 3:0:0:0:5, 2:0:0:0:4, 3:0:0:0:4, 2:0:0:0:3, 4:0:0:0:3, 2:0:0:0:3, 2:1:1:0:1, 1:0:0:0:1, 3:1:1:0:3, 1:0:0:0:1, 2:0:0:0:1, 2:0:0:0:1, 2:0:0:0:2, 3:0:0:0:2, 2:0:0:0:1, 0:0:0:0:0, 1:0:0:0:3, 3:0:0:0:3, 2:0:0:0:1, 0:0:0:0:0, 3:0:0:0:4, 2:0:0:0:1, 2:0:0:0:1, 0:0:0:0:0, 0:0:0:0:0, 0:0:0:0:0, 0:0:0:0:0, 0:0:0:0:0, 0:0:0:0:0, 0:0:0:0:0, 0:0:0:0:0, 0:0:0:0:0, 0:0:0:0:0, 651:35:27:2:673
C# lydian (7#), 3:0:0:0:1, 2:0:0:0:1, 4:0:0:0:2, 4:0:0:0:2, 4:0:0:0:2, 3:0:0:0:1, 4:1:0:0:1, 3:1:0:0:1, 2:1:0:0:1, 3:1:0:0:1, 2:1:0:0:1, 2:1:0:0:1, 3:2:0:0:3, 3:1:0:0:1, 2:1:0:0:2, 2:3:2:0:3, 2:1:0:0:2, 2:2:0:0:2, 2:0:0:0:0, 3:0:0:0:1, 3:0:0:0:0, 3:0:0:0:0, 2:0:0:0:0, 3:0:0:0:0, 2:0:0:0:0, 2:0:0:0:0, 1:0:0:0:3, 4:0:0:0:1, 3:1:0:0:1, 2:1:0:0:1, 3:0:0:0:1, 2:0:0:0:2, 2:0:0:0:1, 4:0:0:0:3, 3:0:0:0:2, 3:0:0:0:1, 2:0:0:0:1, 3:0:0:0:1, 4:1:0:0:1, 3:1:0:0:3, 3:1:0:0:1, 2:1:0:0:1, 1:0:0:0:0, 1:0:0:0:0, 2:0:0:0:1, 2:1:0:0:2, 2:1:0:0:1, 3:1:0:0:2, 2:0:0:0:2, 4:0:0:0:2, 4:0:0:0:2, 4:0:0:0:3, 3:0:0:0:3, 3:0:0:0:1, 4:1:0:0:1, 3:2:0:0:3, 3:1:0:0:1, 3:1:0:0:1, 3:2:1:0:2, 2:1:0:0:1, 3:1:0:0:1, 1:1:0:0:1, 3:1:0:0:1, 2:1:0:0:1, 2:1:0:0:1, 4:3:0:0:3, 3:0:0:0:0, 2:0:0:0:0, 3:0:0:0:0, 1:0:0:0:0, 3:0:0:0:0, 2:0:0:0:0, 3:0:0:3:0, 2:1:0:0:1, 5:0:0:0:3, 3:0:0:0:2, 3:1:0:0:2, 2:2:0:0:2, 4:0:0:0:1, 3:1:0:0:3, 3:0:0:0:1, 2:0:0:0:1, 3:0:0:0:2, 3:0:0:0:2, 3:0:0:0:1, 3:0:0:0:1, 4:1:0:0:1, 3:2:0:0:2, 2:1:0:0:1, 2:1:0:0:1, 2:0:0:0:1, 1:0:0:0:0, 2:0:0:0:1, 2:1:0:0:2, 2:1:0:0:1, 3:2:0:0:4, 2:0:0:0:1, 3:1:0:0:2, 3:0:0:0:2, 3:0:0:0:1, 2:0:0:0:1, 3:0:0:0:2, 4:1:0:0:2, 3:1:0:0:1, 2:2:0:0:2, 2:1:0:0:1, 3:1:0:0:1, 2:1:0:0:1, 1:1:0:0:1, 2:1:0:0:1, 2:1:0:0:2, 2:2:1:0:2, 2:1:0:0:1, 3:2:0:0:3, 2:0:0:0:0, 2:0:0:0:0, 3:0:0:0:0, 3:0:0:0:1, 2:0:0:0:0, 2:0:0:0:0, 3:0:0:0:2, 3:0:0:0:0, 3:0:0:0:2, 2:0:0:0:3, 3:1:0:0:2, 3:1:0:0:1, 2:0:0:0:0, 3:1:0:0:3, 2:0:0:0:2, 4:0:0:0:2, 4:0:0:0:2, 5:0:0:0:2, 3:0:0:0:3, 3:0:0:0:1, 2:1:0:0:2, 3:1:0:0:1, 2:1:0:0:1, 1:1:0:0:1, 1:0:0:0:0, 1:0:0:0:0, 2:0:0:0:2, 2:1:0:0:1, 2:2:0:0:2, 4:1:0:0:2, 3:0:0:0:1, 3:0:0:0:1, 3:0:0:0:2, 3:0:0:0:1, 2:0:0:0:3, 3:0:0:0:1, 3:1:0:0:2, 2:3:2:0:3, 2:2:0:0:2, 2:1:0:0:1, 5:1:0:0:1, 3:1:0:0:1, 1:1:0:0:1, 2:1:0:0:1, 3:1:0:0:1, 2:1:0:0:1, 3:1:0:0:1, 4:3:0:0:3, 2:0:0:0:0, 4:0:0:0:2, 3:0:0:0:0, 3:0:0:0:0, 3:0:0:0:0, 2:0:0:0:0, 3:0:0:0:0, 3:0:0:0:0, 2:0:0:0:4, 3:0:0:0:1, 2:1:0:0:3, 2:1:0:0:1, 3:0:0:0:1, 2:0:0:0:2, 2:0:0:0:1, 5:0:0:0:2, 4:0:0:0:1, 4:0:0:0:3, 3:0:0:0:3, 2:0:0:0:1, 4:1:0:0:1, 3:1:0:0:2, 2:1:0:0:1, 2:1:0:0:1, 2:0:0:0:0, 1:0:0:0:0, 3:0:0:0:2, 2:1:0:0:1, 2:2:0:0:2, 2:1:0:0:2, 4:0:0:0:1, 3:0:0:0:1, 3:0:0:0:2, 3:0:0:0:1, 2:0:0:0:3, 3:0:0:0:1, 3:1:0:0:2, 2:3:2:0:3, 2:2:0:0:2, 2:1:0:0:1, 5:1:0:0:1, 3:1:0:0:1, 1:1:0:0:1, 2:1:0:0:1, 3:1:0:0:1, 2:1:0:0:1, 3:1:0:0:2, 4:3:0:0:3, 2:0:0:0:0, 3:0:0:0:1, 3:0:0:0:0, 2:0:0:0:0, 3:0:0:0:0, 2:0:0:0:0, 3:0:0:0:0, 3:0:0:0:0, 2:0:0:0:4, 3:0:0:0:1, 3:1:0:0:2, 2:1:0:0:1, 3:0:0:0:1, 2:0:0:0:2, 2:0:0:0:1, 5:0:0:0:2, 4:0:0:0:1, 4:0:0:0:3, 3:0:0:0:3, 3:0:0:0:1, 4:1:0:0:1, 3:1:0:0:2, 2:1:0:0:1, 2:1:0:0:1, 3:0:0:0:1, 1:0:0:0:0, 3:0:0:0:2, 2:1:0:0:1, 2:2:0:0:2, 3:1:0:0:3, 2:0:0:0:1, 3:1:0:0:2, 2:0:0:0:2, 2:0:0:0:2, 2:0:0:0:2, 3:0:0:0:1, 4:1:0:0:1, 3:2:0:0:2, 4:2:0:0:4, 3:1:0:0:1, 2:2:0:0:2, 5:1:0:0:1, 1:1:0:0:1, 3:1:0:0:1, 5:1:0:0:2, 3:1:0:0:1, 2:1:0:0:1, 4:2:0:0:3, 2:0:0:0:0, 3:0:0:0:2, 3:0:0:0:0, 3:0:0:0:0, 3:0:0:0:1, 3:0:0:0:0, 4:0:0:0:0, 3:0:0:0:1, 3:0:0:0:2, 2:0:0:0:2, 4:1:0:0:2, 2:2:0:0:2, 2:0:0:0:0, 3:0:0:0:3, 2:0:0:0:2, 4:1:0:0:3, 2:0:0:0:1, 5:0:0:0:2, 3:0:0:0:2, 3:0:0:0:1, 3:1:0:0:2, 4:1:0:0:1, 2:1:0:0:1, 2:2:0:0:2, 1:0:0:0:0, 3:0:0:0:0, 4:0:0:0:2, 2:1:0:0:1, 1:1:0:0:1, 2:0:0:0:1, 4:0:0:0:3, 2:1:0:0:1, 1:1:0:0:1, 2:0:0:0:2, 3:0:0:0:1, 2:1:0:0:1, 1:1:0:0:1, 1:1:0:0:1, 1:1:0:0:1, 0:0:0:0:0, 0:0:0:0:0, 0:0:0:0:0, 0:0:0:0:0, 0:0:0:0:0, 0:0:0:0:0, 0:0:0:0:0, 792:170:8:3:398
Cb mixolydian (7b), 3:0:0:0:3, 3:0:0:0:3, 4:0:0:0:3, 3:0:0:0:4, 3:0:0:0:4, 3:0:0:0:2, 1:0:0:0:1, 1:1:1:0:1, 1:1:1:0:1, 2:0:0:0:1, 2:0:0:0:2, 1:0:0:0:1, 2:0:0:0:2, 1:0:0:0:1, 1:0:0:0:1, 1:0:0:0:1, 2:0:0:0:1, 1:0:0:0:1, 2:0:0:0:3, 5:0:0:0:3, 2:0:0:0:3, 3:1:0:0:4, 2:1:1:0:3, 2:0:0:0:2, 2:0:0:0:3, 2:0:0:0:5, 3:1:0:0:4, 3:0:0:0:3, 1:0:0:0:1, 2:0:0:0:1, 3:0:0:0:6, 3:0:0:0:3, 3:0:0:0:3, 4:0:0:0:4, 3:0:0:0:5, 2:0:0:0:2, 2:0:0:0:3, 3:1:1:0:2, 2:0:0:0:2, 2:0:0:0:2, 3:0:0:0:2, 0:0:0:0:0, 2:0:0:0:1, 1:0:0:0:1, 3:0:0:0:2, 2:0:0:0:1, 2:0:0:0:2, 2:0:0:0:3, 3:0:0:0:3, 5:0:0:0:3, 3:0:0:0:4, 4:0:0:0:4, 3:0:0:0:4, 2:1:1:0:1, 2:0:0:0:2, 3:0:0:0:2, 1:0:0:0:2, 1:0:0:0:1, 2:0:0:0:1, 2:0:0:0:2, 1:0:0:0:0, 1:0:0:0:1, 1:0:0:0:1, 1:0:0:0:0, 0:0:0:0:0, 1:0:0:0:1, 3:0:0:0:2, 2:0:0:0:3, 3:0:0:0:3, 3:1:0:0:4, 3:1:1:0:4, 1:0:0:0:1, 4:0:0:0:5, 1:0:0:0:4, 4:0:0:2:4, 3:0:0:0:4, 2:1:1:0:2, 1:0:0:0:1, 4:0:0:0:6, 2:0:0:0:4, 3:0:0:0:3, 3:0:0:0:3, 4:0:0:0:3, 3:0:0:0:4, 2:0:0:0:3, 3:1:1:0:2, 2:0:0:0:2, 3:0:0:0:2, 1:1:1:0:1, 1:0:0:0:0, 3:0:0:0:2, 1:0:0:0:1, 3:0:0:0:2, 2:0:0:0:1, 2:0:0:0:2, 2:0:0:0:3, 2:0:0:0:4, 3:0:0:0:3, 2:0:0:0:3, 4:1:0:0:4, 2:0:0:0:3, 2:0:0:0:1, 2:0:0:0:2, 3:0:0:0:2, 2:0:0:0:1, 2:0:0:0:1, 2:0:0:0:2, 2:0:0:0:2, 1:0:0:0:1, 1:0:0:0:1, 2:0:0:0:1, 1:0:0:0:1, 1:0:0:0:0, 3:0:0:0:1, 2:0:0:0:2, 3:0:0:0:2, 2:0:0:0:2, 2:0:0:0:3, 2:1:0:0:4, 3:1:1:0:3, 3:0:0:0:4, 3:0:0:0:3, 3:0:0:0:4, 2:0:0:0:4, 3:0:0:0:2, 2:0:0:0:1, 3:0:0:0:5, 1:0:0:0:2, 3:0:0:0:3, 5:0:0:0:3, 4:0:0:0:5, 5:0:0:0:3, 3:0:0:0:4, 2:1:1:0:1, 3:0:0:0:1, 3:0:0:0:2, 1:1:1:0:1, 0:0:0:0:0, 2:0:0:0:1, 2:0:0:0:1, 3:0:0:0:2, 1:0:0:0:0, 2:0:0:0:3, 2:0:0:0:2, 2:0:0:0:5, 3:0:0:0:2, 3:0:0:0:4, 3:0:0:0:3, 2:0:0:0:4, 1:0:0:0:0, 3:0:0:0:2, 1:1:1:0:1, 1:0:0:0:2, 2:0:0:0:1, 2:0:0:0:1, 3:0:0:0:3, 1:0:0:0:1, 0:0:0:0:0, 1:0:0:0:1, 1:0:0:0:0, 2:0:0:0:1, 1:0:0:0:1, 3:0:0:0:3, 4:0:0:0:5, 3:0:0:0:4, 2:0:0:0:2, 2:1:1:0:3, 2:1:0:0:4, 3:0:0:0:3, 3:1:1:0:5, 2:0:0:0:5, 3:0:0:0:4, 1:0:0:0:2, 1:0:0:0:0, 3:0:0:0:6, 3:0:0:0:3, 3:0:0:0:3, 4:0:0:0:3, 3:0:0:0:4, 4:0:0:0:6, 3:0:0:0:4, 2:1:1:0:1, 2:0:0:0:2, 2:0:0:0:1, 1:1:1:0:1, 1:0:0:0:0, 3:0:0:0:2, 1:0:0:0:1, 3:0:0:0:1, 1:0:0:0:0, 2:0:0:0:2, 1:0:0:0:1, 2:0:0:0:4, 3:0:0:0:2, 3:0:0:0:4, 3:0:0:0:3, 2:0:0:0:4, 1:0:0:0:0, 3:0:0:0:2, 1:1:1:0:1, 1:0:0:0:2, 2:0:0:0:1, 2:0:0:0:1, 3:0:0:0:3, 1:0:0:0:1, 0:0:0:0:0, 1:0:0:0:1, 1:0:0:0:0, 1:0:0:0:1, 1:0:0:0:1, 3:0:0:0:2, 4:0:0:0:3, 3:0:0:0:3, 1:0:0:0:2, 2:1:1:0:3, 2:1:0:0:4, 3:0:0:0:3, 3:1:1:0:5, 2:0:0:0:5, 3:0:0:0:4, 1:0:0:0:1, 1:0:0:0:0, 3:0:0:0:5, 3:0:0:0:3, 3:0:0:0:3, 4:0:0:0:3, 3:0:0:0:4, 4:0:0:0:6, 3:0:0:0:4, 2:1:1:0:1, 2:0:0:0:2, 2:0:0:0:1, 1:1:1:0:1, 1:0:0:0:0, 4:0:0:0:3, 1:0:0:0:1, 3:0:0:0:1, 1:0:0:0:0, 2:0:0:0:2, 2:0:0:0:3, 2:0:0:0:4, 3:0:0:0:3, 3:0:0:0:2, 3:0:0:0:2, 2:0:0:0:3, 3:1:1:0:2, 2:0:0:0:2, 3:0:0:0:2, 3:0:0:0:3, 2:0:0:0:1, 1:0:0:0:1, 3:0:0:0:2, 1:0:0:0:1, 0:0:0:0:0, 2:0:0:0:2, 1:0:0:0:1, 0:0:0:0:0, 2:0:0:0:1, 3:0:0:0:2, 4:0:0:0:4, 2:0:0:0:2, 3:0:0:0:3, 3:0:0:0:4, 2:1:1:0:2, 1:0:0:0:2, 3:0:0:0:7, 3:0:0:0:3, 3:1:1:0:3, 2:0:0:0:2, 1:0:0:0:2, 4:1:0:0:4, 3:0:0:0:5, 2:0:0:0:4, 3:0:0:0:4, 2:0:0:0:3, 4:0:0:0:3, 2:0:0:0:3, 2:1:1:0:1, 1:0:0:0:1, 3:1:1:0:3, 1:0:0:0:1, 2:0:0:0:1, 2:0:0:0:1, 2:0:0:0:2, 3:0:0:0:2, 2:0:0:0:1, 0:0:0:0:0, 1:0:0:0:3, 3:0:0:0:3, 2:0:0:0:1, 0:0:0:0:0, 3:0:0:0:4, 2:0:0:0:1, 2:0:0:0:1, 0:0:0:0:0, 0:0:0:0:0, 0:0:0:0:0, 0:0:0:0:0, 0:0:0:0:0, 0:0:0:0:0, 0:0:0:0:0, 0:0:0:0:0, 0:0:0:0:0, 0:0:0:0:0, 651:35:27:2:673
C# mixolydian (7#), 3:0:0:0:1, 2:0:0:0:1, 4:0:0:0:2, 4:0:0:0:2, 4:0:0:0:2, 3:0:0:0:1, 4:1:0:0:1, 3:1:0:0:1, 2:1:0:0:1, 3:1:0:0:1, 2:1:0:0:1, 2:1:0:0:1, 3:2:0:0:3, 3:1:0:0:1, 2:1:0:0:2, 2:3:2:0:3, 2:1:0:0:2, 2:2:0:0:2, 2:0:0:0:0, 3:0:0:0:1, 3:0:0:0:0, 3:0:0:0:0, 2:0:0:0:0, 3:0:0:0:0, 2:0:0:0:0, 2:0:0:0:0, 1:0:0:0:3, 4:0:0:0:1, 3:1:0:0:1, 2:1:0:0:1, 3:0:0:0:1, 2:0:0:0:2, 2:0:0:0:1, 4:0:0:0:3, 3:0:0:0:2, 3:0:0:0:1, 2:0:0:0:1, 3:0:0:0:1, 4:1:0:0:1, 3:1:0:0:3, 3:1:0:0:1, 2:1:0:0:1, 1:0:0:0:0, 1:0:0:0:0, 2:0:0:0:1, 2:1:0:0:2, 2:1:0:0:1, 3:1:0:0:2, 2:0:0:0:2, 4:0:0:0:2, 4:0:0:0:2, 4:0:0:0:3, 3:0:0:0:3, 3:0:0:0:1, 4:1:0:0:1, 3:2:0:0:3, 3:1:0:0:1, 3:1:0:0:1, 3:2:1:0:2, 2:1:0:0:1, 3:1:0:0:1, 1:1:0:0:1, 3:1:0:0:1, 2:1:0:0:1, 2:1:0:0:1, 4:3:0:0:3, 3:0:0:0:0, 2:0:0:0:0, 3:0:0:0:0, 1:0:0:0:0, 3:0:0:0:0, 2:0:0:0:0, 3:0:0:3:0, 2:1:0:0:1, 5:0:0:0:3, 3:0:0:0:2, 3:1:0:0:2, 2:2:0:0:2, 4:0:0:0:1, 3:1:0:0:3, 3:0:0:0:1, 2:0:0:0:1, 3:0:0:0:2, 3:0:0:0:2, 3:0:0:0:1, 3:0:0:0:1, 4:1:0:0:1, 3:2:0:0:2, 2:1:0:0:1, 2:1:0:0:1, 2:0:0:0:1, 1:0:0:0:0, 2:0:0:0:1, 2:1:0:0:2, 2:1:0:0:1, 3:2:0:0:4, 2:0:0:0:1, 3:1:0:0:2, 3:0:0:0:2, 3:0:0:0:1, 2:0:0:0:1, 3:0:0:0:2, 4:1:0:0:2, 3:1:0:0:1, 2:2:0:0:2, 2:1:0:0:1, 3:1:0:0:1, 2:1:0:0:1, 1:1:0:0:1, 2:1:0:0:1, 2:1:0:0:2, 2:2:1:0:2, 2:1:0:0:1, 3:2:0:0:3, 2:0:0:0:0, 2:0:0:0:0, 3:0:0:0:0, 3:0:0:0:1, 2:0:0:0:0, 2:0:0:0:0, 3:0:0:0:2, 3:0:0:0:0, 3:0:0:0:2, 2:0:0:0:3, 3:1:0:0:2, 3:1:0:0:1, 2:0:0:0:0, 3:1:0:0:3, 2:0:0:0:2, 4:0:0:0:2, 4:0:0:0:2, 5:0:0:0:2, 3:0:0:0:3, 3:0:0:0:1, 2:1:0:0:2, 3:1:0:0:1, 2:1:0:0:1, 1:1:0:0:1, 1:0:0:0:0, 1:0:0:0:0, 2:0:0:0:2, 2:1:0:0:1, 2:2:0:0:2, 4:1:0:0:2, 3:0:0:0:1, 3:0:0:0:1, 3:0:0:0:2, 3:0:0:0:1, 2:0:0:0:3, 3:0:0:0:1, 3:1:0:0:2, 2:3:2:0:3, 2:2:0:0:2, 2:1:0:0:1, 5:1:0:0:1, 3:1:0:0:1, 1:1:0:0:1, 2:1:0:0:1, 3:1:0:0:1, 2:1:0:0:1, 3:1:0:0:1, 4:3:0:0:3, 2:0:0:0:0, 4:0:0:0:2, 3:0:0:0:0, 3:0:0:0:0, 3:0:0:0:0, 2:0:0:0:0, 3:0:0:0:0, 3:0:0:0:0, 2:0:0:0:4, 3:0:0:0:1, 2:1:0:0:3, 2:1:0:0:1, 3:0:0:0:1, 2:0:0:0:2, 2:0:0:0:1, 5:0:0:0:2, 4:0:0:0:1, 4:0:0:0:3, 3:0:0:0:3, 2:0:0:0:1, 4:1:0:0:1, 3:1:0:0:2, 2:1:0:0:1, 2:1:0:0:1, 2:0:0:0:0, 1:0:0:0:0, 3:0:0:0:2, 2:1:0:0:1, 2:2:0:0:2, 2:1:0:0:2, 4:0:0:0:1, 3:0:0:0:1, 3:0:0:0:2, 3:0:0:0:1, 2:0:0:0:3, 3:0:0:0:1, 3:1:0:0:2, 2:3:2:0:3, 2:2:0:0:2, 2:1:0:0:1, 5:1:0:0:1, 3:1:0:0:1, 1:1:0:0:1, 2:1:0:0:1, 3:1:0:0:1, 2:1:0:0:1, 3:1:0:0:2, 4:3:0:0:3, 2:0:0:0:0, 3:0:0:0:1, 3:0:0:0:0, 2:0:0:0:0, 3:0:0:0:0, 2:0:0:0:0, 3:0:0:0:0, 3:0:0:0:0, 2:0:0:0:4, 3:0:0:0:1, 3:1:0:0:2, 2:1:0:0:1, 3:0:0:0:1, 2:0:0:0:2, 2:0:0:0:1, 5:0:0:0:2, 4:0:0:0:1, 4:0:0:0:3, 3:0:0:0:3, 3:0:0:0:1, 4:1:0:0:1, 3:1:0:0:2, 2:1:0:0:1, 2:1:0:0:1, 3:0:0:0:1, 1:0:0:0:0, 3:0:0:0:2, 2:1:0:0:1, 2:2:0:0:2, 3:1:0:0:3, 2:0:0:0:1, 3:1:0:0:2, 2:0:0:0:2, 2:0:0:0:2, 2:0:0:0:2, 3:0:0:0:1, 4:1:0:0:1, 3:2:0:0:2, 4:2:0:0:4, 3:1:0:0:1, 2:2:0:0:2, 5:1:0:0:1, 1:1:0:0:1, 3:1:0:0:1, 5:1:0:0:2, 3:1:0:0:1, 2:1:0:0:1, 4:2:0:0:3, 2:0:0:0:0, 3:0:0:0:2, 3:0:0:0:0, 3:0:0:0:0, 3:0:0:0:1, 3:0:0:0:0, 4:0:0:0:0, 3:0:0:0:1, 3:0:0:0:2, 2:0:0:0:2, 4:1:0:0:2, 2:2:0:0:2, 2:0:0:0:0, 3:0:0:0:3, 2:0:0:0:2, 4:1:0:0:3, 2:0:0:0:1, 5:0:0:0:2, 3:0:0:0:2, 3:0:0:0:1, 3:1:0:0:2, 4:1:0:0:1, 2:1:0:0:1, 2:2:0:0:2, 1:0:0:0:0, 3:0:0:0:0, 4:0:0:0:2, 2:1:0:0:1, 1:1:0:0:1, 2:0:0:0:1, 4:0:0:0:3, 2:1:0:0:1, 1:1:0:0:1, 2:0:0:0:2, 3:0:0:0:1, 2:1:0:0:1, 1:1:0:0:1, 1:1:0:0:1, 1:1:0:0:1, 0:0:0:0:0, 0:0:0:0:0, 0:0:0:0:0, 0:0:0:0:0, 0:0:0:0:0, 0:0:0:0:0, 0:0:0:0:0, 792:170:8:3:398
Cb aeolian (7b), 3:0:0:0:3, 3:0:0:0:3, 4:0:0:0:3, 3:0:0:0:4, 3:0:0:0:4, 3:0:0:0:2, 1:0:0:0:1, 1:1:1:0:1, 1:1:1:0:1, 2:0:0:0:1, 2:0:0:0:2, 1:0:0:0:1, 2:0:0:0:2, 1:0:0:0:1, 1:0:0:0:1, 1:0:0:0:1, 2:0:0:0:1, 1:0:0:0:1, 2:0:0:0:3, 5:0:0:0:3, 2:0:0:0:3, 3:1:0:0:4, 2:1:1:0:3, 2:0:0:0:2, 2:0:0:0:3, 2:0:0:0:5, 3:1:0:0:4, 3:0:0:0:3, 1:0:0:0:1, 2:0:0:0:1, 3:0:0:0:6, 3:0:0:0:3, 3:0:0:0:3, 4:0:0:0:4, 3:0:0:0:5, 2:0:0:0:2, 2:0:0:0:3, 3:1:1:0:2, 2:0:0:0:2, 2:0:0:0:2, 3:0:0:0:2, 0:0:0:0:0, 2:0:0:0:1, 1:0:0:0:1, 3:0:0:0:2, 2:0:0:0:1, 2:0:0:0:2, 2:0:0:0:3, 3:0:0:0:3, 5:0:0:0:3, 3:0:0:0:4, 4:0:0:0:4, 3:0:0:0:4, 2:1:1:0:1, 2:0:0:0:2, 3:0:0:0:2, 1:0:0:0:2, 1:0:0:0:1, 2:0:0:0:1, 2:0:0:0:2, 1:0:0:0:0, 1:0:0:0:1, 1:0:0:0:1, 1:0:0:0:0, 0:0:0:0:0, 1:0:0:0:1, 3:0:0:0:2, 2:0:0:0:3, 3:0:0:0:3, 3:1:0:0:4, 3:1:1:0:4, 1:0:0:0:1, 4:0:0:0:5, 1:0:0:0:4, 4:0:0:2:4, 3:0:0:0:4, 2:1:1:0:2, 1:0:0:0:1, 4:0:0:0:6, 2:0:0:0:4, 3:0:0:0:3, 3:0:0:0:3, 4:0:0:0:3, 3:0:0:0:4, 2:0:0:0:3, 3:1:1:0:2, 2:0:0:0:2, 3:0:0:0:2, 1:1:1:0:1, 1:0:0:0:0, 3:0:0:0:2, 1:0:0:0:1, 3:0:0:0:2, 2:0:0:0:1, 2:0:0:0:2, 2:0:0:0:3, 2:0:0:0:4, 3:0:0:0:3, 2:0:0:0:3, 4:1:0:0:4, 2:0:0:0:3, 2:0:0:0:1, 2:0:0:0:2, 3:0:0:0:2, 2:0:0:0:1, 2:0:0:0:1, 2:0:0:0:2, 2:0:0:0:2, 1:0:0:0:1, 1:0:0:0:1, 2:0:0:0:1, 1:0:0:0:1, 1:0:0:0:0, 3:0:0:0:1, 2:0:0:0:2, 3:0:0:0:2, 2:0:0:0:2, 2:0:0:0:3, 2:1:0:0:4, 3:1:1:0:3, 3:0:0:0:4, 3:0:0:0:3, 3:0:0:0:4, 2:0:0:0:4, 3:0:0:0:2, 2:0:0:0:1, 3:0:0:0:5, 1:0:0:0:2, 3:0:0:0:3, 5:0:0:0:3, 4:0:0:0:5, 5:0:0:0:3, 3:0:0:0:4, 2:1:1:0:1, 3:0:0:0:1, 3:0:0:0:2, 1:1:1:0:1, 0:0:0:0:0, 2:0:0:0:1, 2:0:0:0:1, 3:0:0:0:2, 1:0:0:0:0, 2:0:0:0:3, 2:0:0:0:2, 2:0:0:0:5, 3:0:0:0:2, 3:0:0:0:4, 3:0:0:0:3, 2:0:0:0:4, 1:0:0:0:0, 3:0:0:0:2, 1:1:1:0:1, 1:0:0:0:2, 2:0:0:0:1, 2:0:0:0:1, 3:0:0:0:3, 1:0:0:0:1, 0:0:0:0:0, 1:0:0:0:1, 1:0:0:0:0, 2:0:0:0:1, 1:0:0:0:1, 3:0:0:0:3, 4:0:0:0:5, 3:0:0:0:4, 2:0:0:0:2, 2:1:1:0:3, 2:1:0:0:4, 3:0:0:0:3, 3:1:1:0:5, 2:0:0:0:5, 3:0:0:0:4, 1:0:0:0:2, 1:0:0:0:0, 3:0:0:0:6, 3:0:0:0:3, 3:0:0:0:3, 4:0:0:0:3, 3:0:0:0:4, 4:0:0:0:6, 3:0:0:0:4, 2:1:1:0:1, 2:0:0:0:2, 2:0:0:0:1, 1:1:1:0:1, 1:0:0:0:0, 3:0:0:0:2, 1:0:0:0:1, 3:0:0:0:1, 1:0:0:0:0, 2:0:0:0:2, 1:0:0:0:1, 2:0:0:0:4, 3:0:0:0:2, 3:0:0:0:4, 3:0:0:0:3, 2:0:0:0:4, 1:0:0:0:0, 3:0:0:0:2, 1:1:1:0:1, 1:0:0:0:2, 2:0:0:0:1, 2:0:0:0:1, 3:0:0:0:3, 1:0:0:0:1, 0:0:0:0:0, 1:0:0:0:1, 1:0:0:0:0, 1:0:0:0:1, 1:0:0:0:1, 3:0:0:0:2, 4:0:0:0:3, 3:0:0:0:3, 1:0:0:0:2, 2:1:1:0:3, 2:1:0:0:4, 3:0:0:0:3, 3:1:1:0:5, 2:0:0:0:5, 3:0:0:0:4, 1:0:0:0:1, 1:0:0:0:0, 3:0:0:0:5, 3:0:0:0:3, 3:0:0:0:3, 4:0:0:0:3, 3:0:0:0:4, 4:0:0:0:6, 3:0:0:0:4, 2:1:1:0:1, 2:0:0:0:2, 2:0:0:0:1, 1:1:1:0:1, 1:0:0:0:0, 4:0:0:0:3, 1:0:0:0:1, 3:0:0:0:1, 1:0:0:0:0, 2:0:0:0:2, 2:0:0:0:3, 2:0:0:0:4, 3:0:0:0:3, 3:0:0:0:2, 3:0:0:0:2, 2:0:0:0:3, 3:1:1:0:2, 2:0:0:0:2, 3:0:0:0:2, 3:0:0:0:3, 2:0:0:0:1, 1:0:0:0:1, 3:0:0:0:2, 1:0:0:0:1, 0:0:0:0:0, 2:0:0:0:2, 1:0:0:0:1, 0:0:0:0:0, 2:0:0:0:1, 3:0:0:0:2, 4:0:0:0:4, 2:0:0:0:2, 3:0:0:0:3, 3:0:0:0:4, 2:1:1:0:2, 1:0:0:0:2, 3:0:0:0:7, 3:0:0:0:3, 3:1:1:0:3, 2:0:0:0:2, 1:0:0:0:2, 4:1:0:0:4, 3:0:0:0:5, 2:0:0:0:4, 3:0:0:0:4, 2:0:0:0:3, 4:0:0:0:3, 2:0:0:0:3, 2:1:1:0:1, 1:0:0:0:1, 3:1:1:0:3, 1:0:0:0:1, 2:0:0:0:1, 2:0:0:0:1, 2:0:0:0:2, 3:0:0:0:2, 2:0:0:0:1, 0:0:0:0:0, 1:0:0:0:3, 3:0:0:0:3, 2:0:0:0:1, 0:0:0:0:0, 3:0:0:0:4, 2:0:0:0:1, 2:0:0:0:1, 0:0:0:0:0, 0:0:0:0:0, 0:0:0:0:0, 0:0:0:0:0, 0:0:0:0:0, 0:0:0:0:0, 0:0:0:0:0, 0:0:0:0:0, 0:0:0:0:0, 0:0:0:0:0, 651:35:27:2:673
C# aeolian (7#), 3:0:0:0:1, 2:0:0:0:1, 4:0:0:0:2, 4:0:0:0:2, 4:0:0:0:2, 3:0:0:0:1, 4:1:0:0:1, 3:1:0:0:1, 2:1:0:0:1, 3:1:0:0:1, 2:1:0:0:1, 2:1:0:0:1, 3:2:0:0:3, 3:1:0:0:1, 2:1:0:0:2, 2:3:2:0:3, 2:1:0:0:2, 2:2:0:0:2, 2:0:0:0:0, 3:0:0:0:1, 3:0:0:0:0, 3:0:0:0:0, 2:0:0:0:0, 3:0:0:0:0, 2:0:0:0:0, 2:0:0:0:0, 1:0:0:0:3, 4:0:0:0:1, 3:1:0:0:1, 2:1:0:0:1, 3:0:0:0:1, 2:0:0:0:2, 2:0:0:0:1, 4:0:0:0:3, 3:0:0:0:2, 3:0:0:0:1, 2:0:0:0:1, 3:0:0:0:1, 4:1:0:0:1, 3:1:0:0:3, 3:1:0:0:1, 2:1:0:0:1, 1:0:0:0:0, 1:0:0:0:0, 2:0:0:0:1, 2:1:0:0:2, 2:1:0:0:1, 3:1:0:0:2, 2:0:0:0:2, 4:0:0:0:2, 4:0:0:0:2, 4:0:0:0:3, 3:0:0:0:3, 3:0:0:0:1, 4:1:0:0:1, 3:2:0:0:3, 3:1:0:0:1, 3:1:0:0:1, 3:2:1:0:2, 2:1:0:0:1, 3:1:0:0:1, 1:1:0:0:1, 3:1:0:0:1, 2:1:0:0:1, 2:1:0:0:1, 4:3:0:0:3, 3:0:0:0:0, 2:0:0:0:0, 3:0:0:0:0, 1:0:0:0:0, 3:0:0:0:0, 2:0:0:0:0, 3:0:0:3:0, 2:1:0:0:1, 5:0:0:0:3, 3:0:0:0:2, 3:1:0:0:2, 2:2:0:0:2, 4:0:0:0:1, 3:1:0:0:3, 3:0:0:0:1, 2:0:0:0:1, 3:0:0:0:2, 3:0:0:0:2, 3:0:0:0:1, 3:0:0:0:1, 4:1:0:0:1, 3:2:0:0:2, 2:1:0:0:1, 2:1:0:0:1, 2:0:0:0:1, 1:0:0:0:0, 2:0:0:0:1, 2:1:0:0:2, 2:1:0:0:1, 3:2:0:0:4, 2:0:0:0:1, 3:1:0:0:2, 3:0:0:0:2, 3:0:0:0:1, 2:0:0:0:1, 3:0:0:0:2, 4:1:0:0:2, 3:1:0:0:1, 2:2:0:0:2, 2:1:0:0:1, 3:1:0:0:1, 2:1:0:0:1, 1:1:0:0:1, 2:1:0:0:1, 2:1:0:0:2, 2:2:1:0:2, 2:1:0:0:1, 3:2:0:0:3, 2:0:0:0:0, 2:0:0:0:0, 3:0:0:0:0, 3:0:0:0:1, 2:0:0:0:0, 2:0:0:0:0, 3:0:0:0:2, 3:0:0:0:0, 3:0:0:0:2, 2:0:0:0:3, 3:1:0:0:2, 3:1:0:0:1, 2:0:0:0:0, 3:1:0:0:3, 2:0:0:0:2, 4:0:0:0:2, 4:0:0:0:2, 5:0:0:0:2, 3:0:0:0:3, 3:0:0:0:1, 2:1:0:0:2, 3:1:0:0:1, 2:1:0:0:1, 1:1:0:0:1, 1:0:0:0:0, 1:0:0:0:0, 2:0:0:0:2, 2:1:0:0:1, 2:2:0:0:2, 4:1:0:0:2, 3:0:0:0:1, 3:0:0:0:1, 3:0:0:0:2, 3:0:0:0:1, 2:0:0:0:3, 3:0:0:0:1, 3:1:0:0:2, 2:3:2:0:3, 2:2:0:0:2, 2:1:0:0:1, 5:1:0:0:1, 3:1:0:0:1, 1:1:0:0:1, 2:1:0:0:1, 3:1:0:0:1, 2:1:0:0:1, 3:1:0:0:1, 4:3:0:0:3, 2:0:0:0:0, 4:0:0:0:2, 3:0:0:0:0, 3:0:0:0:0, 3:0:0:0:0, 2:0:0:0:0, 3:0:0:0:0, 3:0:0:0:0, 2:0:0:0:4, 3:0:0:0:1, 2:1:0:0:3, 2:1:0:0:1, 3:0:0:0:1, 2:0:0:0:2, 2:0:0:0:1, 5:0:0:0:2, 4:0:0:0:1, 4:0:0:0:3, 3:0:0:0:3, 2:0:0:0:1, 4:1:0:0:1, 3:1:0:0:2, 2:1:0:0:1, 2:1:0:0:1, 2:0:0:0:0, 1:0:0:0:0, 3:0:0:0:2, 2:1:0:0:1, 2:2:0:0:2, 2:1:0:0:2, 4:0:0:0:1, 3:0:0:0:1, 3:0:0:0:2, 3:0:0:0:1, 2:0:0:0:3, 3:0:0:0:1, 3:1:0:0:2, 2:3:2:0:3, 2:2:0:0:2, 2:1:0:0:1, 5:1:0:0:1, 3:1:0:0:1, 1:1:0:0:1, 2:1:0:0:1, 3:1:0:0:1, 2:1:0:0:1, 3:1:0:0:2, 4:3:0:0:3, 2:0:0:0:0, 3:0:0:0:1, 3:0:0:0:0, 2:0:0:0:0, 3:0:0:0:0, 2:0:0:0:0, 3:0:0:0:0, 3:0:0:0:0, 2:0:0:0:4, 3:0:0:0:1, 3:1:0:0:2, 2:1:0:0:1, 3:0:0:0:1, 2:0:0:0:2, 2:0:0:0:1, 5:0:0:0:2, 4:0:0:0:1, 4:0:0:0:3, 3:0:0:0:3, 3:0:0:0:1, 4:1:0:0:1, 3:1:0:0:2, 2:1:0:0:1, 2:1:0:0:1, 3:0:0:0:1, 1:0:0:0:0, 3:0:0:0:2, 2:1:0:0:1, 2:2:0:0:2, 3:1:0:0:3, 2:0:0:0:1, 3:1:0:0:2, 2:0:0:0:2, 2:0:0:0:2, 2:0:0:0:2, 3:0:0:0:1, 4:1:0:0:1, 3:2:0:0:2, 4:2:0:0:4, 3:1:0:0:1, 2:2:0:0:2, 5:1:0:0:1, 1:1:0:0:1, 3:1:0:0:1, 5:1:0:0:2, 3:1:0:0:1, 2:1:0:0:1, 4:2:0:0:3, 2:0:0:0:0, 3:0:0:0:2, 3:0:0:0:0, 3:0:0:0:0, 3:0:0:0:1, 3:0:0:0:0, 4:0:0:0:0, 3:0:0:0:1, 3:0:0:0:2, 2:0:0:0:2, 4:1:0:0:2, 2:2:0:0:2, 2:0:0:0:0, 3:0:0:0:3, 2:0:0:0:2, 4:1:0:0:3, 2:0:0:0:1, 5:0:0:0:2, 3:0:0:0:2, 3:0:0:0:1, 3:1:0:0:2, 4:1:0:0:1, 2:1:0:0:1, 2:2:0:0:2, 1:0:0:0:0, 3:0:0:0:0, 4:0:0:0:2, 2:1:0:0:1, 1:1:0:0:1, 2:0:0:0:1, 4:0:0:0:3, 2:1:0:0:1, 1:1:0:0:1, 2:0:0:0:2, 3:0:0:0:1, 2:1:0:0:1, 1:1:0:0:1, 1:1:0:0:1, 1:1:0:0:1, 0:0:0:0:0, 0:0:0:0:0, 0:0:0:0:0, 0:0:0:0:0, 0:0:0:0:0, 0:0:0:0:0, 0:0:0:0:0, 792:170:8:3:398
Cb locrian (7b), 3:0:0:0:3, 3:0:0:0:3, 4:0:0:0:3, 3:0:0:0:4, 3:0:0:0:4, 3:0:0:0:2, 1:0:0:0:1, 1:1:1:0:1, 1:1:1:0:1, 2:0:0:0:1, 2:0:0:0:2, 1:0:0:0:1, 2:0:0:0:2, 1:0:0:0:1, 1:0:0:0:1, 1:0:0:0:1, 2:0:0:0:1, 1:0:0:0:1, 2:0:0:0:3, 5:0:0:0:3, 2:0:0:0:3, 3:1:0:0:4, 2:1:1:0:3, 2:0:0:0:2, 2:0:0:0:3, 2:0:0:0:5, 3:1:0:0:4, 3:0:0:0:3, 1:0:0:0:1, 2:0:0:0:1, 3:0:0:0:6, 3:0:0:0:3, 3:0:0:0:3, 4:0:0:0:4, 3:0:0:0:5, 2:0:0:0:2, 2:0:0:0:3, 3:1:1:0:2, 2:0:0:0:2, 2:0:0:0:2, 3:0:0:0:2, 0:0:0:0:0, 2:0:0:0:1, 1:0:0:0:1, 3:0:0:0:2, 2:0:0:0:1, 2:0:0:0:2, 2:0:0:0:3, 3:0:0:0:3, 5:0:0:0:3, 3:0:0:0:4, 4:0:0:0:4, 3:0:0:0:4, 2:1:1:0:1, 2:0:0:0:2, 3:0:0:0:2, 1:0:0:0:2, 1:0:0:0:1, 2:0:0:0:1, 2:0:0:0:2, 1:0:0:0:0, 1:0:0:0:1, 1:0:0:0:1, 1:0:0:0:0, 0:0:0:0:0, 1:0:0:0:1, 3:0:0:0:2, 2:0:0:0:3, 3:0:0:0:3, 3:1:0:0:4, 3:1:1:0:4, 1:0:0:0:1, 4:0:0:0:5, 1:0:0:0:4, 4:0:0:2:4, 3:0:0:0:4, 2:1:1:0:2, 1:0:0:0:1, 4:0:0:0:6, 2:0:0:0:4, 3:0:0:0:3, 3:0:0:0:3, 4:0:0:0:3, 3:0:0:0:4, 2:0:0:0:3, 3:1:1:0:2, 2:0:0:0:2, 3:0:0:0:2, 1:1:1:0:1, 1:0:0:0:0, 3:0:0:0:2, 1:0:0:0:1, 3:0:0:0:2, 2:0:0:0:1, 2:0:0:0:2, 2:0:0:0:3, 2:0:0:0:4, 3:0:0:0:3, 2:0:0:0:3, 4:1:0:0:4, 2:0:0:0:3, 2:0:0:0:1, 2:0:0:0:2, 3:0:0:0:2, 2:0:0:0:1, 2:0:0:0:1, 2:0:0:0:2, 2:0:0:0:2, 1:0:0:0:1, 1:0:0:0:1, 2:0:0:0:1, 1:0:0:0:1, 1:0:0:0:0, 3:0:0:0:1, 2:0:0:0:2, 3:0:0:0:2, 2:0:0:0:2, 2:0:0:0:3, 2:1:0:0:4, 3:1:1:0:3, 3:0:0:0:4, 3:0:0:0:3, 3:0:0:0:4, 2:0:0:0:4, 3:0:0:0:2, 2:0:0:0:1, 3:0:0:0:5, 1:0:0:0:2, 3:0:0:0:3, 5:0:0:0:3, 4:0:0:0:5, 5:0:0:0:3, 3:0:0:0:4, 2:1:1:0:1, 3:0:0:0:1, 3:0:0:0:2, 1:1:1:0:1, 0:0:0:0:0, 2:0:0:0:1, 2:0:0:0:1, 3:0:0:0:2, 1:0:0:0:0, 2:0:0:0:3, 2:0:0:0:2, 2:0:0:0:5, 3:0:0:0:2, 3:0:0:0:4, 3:0:0:0:3, 2:0:0:0:4, 1:0:0:0:0, 3:0:0:0:2, 1:1:1:0:1, 1:0:0:0:2, 2:0:0:0:1, 2:0:0:0:1, 3:0:0:0:3, 1:0:0:0:1, 0:0:0:0:0, 1:0:0:0:1, 1:0:0:0:0, 2:0:0:0:1, 1:0:0:0:1, 3:0:0:0:3, 4:0:0:0:5, 3:0:0:0:4, 2:0:0:0:2, 2:1:1:0:3, 2:1:0:0:4, 3:0:0:0:3, 3:1:1:0:5, 2:0:0:0:5, 3:0:0:0:4, 1:0:0:0:2, 1:0:0:0:0, 3:0:0:0:6, 3:0:0:0:3, 3:0:0:0:3, 4:0:0:0:3, 3:0:0:0:4, 4:0:0:0:6, 3:0:0:0:4, 2:1:1:0:1, 2:0:0:0:2, 2:0:0:0:1, 1:1:1:0:1, 1:0:0:0:0, 3:0:0:0:2, 1:0:0:0:1, 3:0:0:0:1, 1:0:0:0:0, 2:0:0:0:2, 1:0:0:0:1, 2:0:0:0:4, 3:0:0:0:2, 3:0:0:0:4, 3:0:0:0:3, 2:0:0:0:4, 1:0:0:0:0, 3:0:0:0:2, 1:1:1:0:1, 1:0:0:0:2, 2:0:0:0:1, 2:0:0:0:1, 3:0:0:0:3, 1:0:0:0:1, 0:0:0:0:0, 1:0:0:0:1, 1:0:0:0:0, 1:0:0:0:1, 1:0:0:0:1, 3:0:0:0:2, 4:0:0:0:3, 3:0:0:0:3, 1:0:0:0:2, 2:1:1:0:3, 2:1:0:0:4, 3:0:0:0:3, 3:1:1:0:5, 2:0:0:0:5, 3:0:0:0:4, 1:0:0:0:1, 1:0:0:0:0, 3:0:0:0:5, 3:0:0:0:3, 3:0:0:0:3, 4:0:0:0:3, 3:0:0:0:4, 4:0:0:0:6, 3:0:0:0:4, 2:1:1:0:1, 2:0:0:0:2, 2:0:0:0:1, 1:1:1:0:1, 1:0:0:0:0, 4:0:0:0:3, 1:0:0:0:1, 3:0:0:0:1, 1:0:0:0:0, 2:0:0:0:2, 2:0:0:0:3, 2:0:0:0:4, 3:0:0:0:3, 3:0:0:0:2, 3:0:0:0:2, 2:0:0:0:3, 3:1:1:0:2, 2:0:0:0:2, 3:0:0:0:2, 3:0:0:0:3, 2:0:0:0:1, 1:0:0:0:1, 3:0:0:0:2, 1:0:0:0:1, 0:0:0:0:0, 2:0:0:0:2, 1:0:0:0:1, 0:0:0:0:0, 2:0:0:0:1, 3:0:0:0:2, 4:0:0:0:4, 2:0:0:0:2, 3:0:0:0:3, 3:0:0:0:4, 2:1:1:0:2, 1:0:0:0:2, 3:0:0:0:7, 3:0:0:0:3, 3:1:1:0:3, 2:0:0:0:2, 1:0:0:0:2, 4:1:0:0:4, 3:0:0:0:5, 2:0:0:0:4, 3:0:0:0:4, 2:0:0:0:3, 4:0:0:0:3, 2:0:0:0:3, 2:1:1:0:1, 1:0:0:0:1, 3:1:1:0:3, 1:0:0:0:1, 2:0:0:0:1, 2:0:0:0:1, 2:0:0:0:2, 3:0:0:0:2, 2:0:0:0:1, 0:0:0:0:0, 1:0:0:0:3, 3:0:0:0:3, 2:0:0:0:1, 0:0:0:0:0, 3:0:0:0:4, 2:0:0:0:1, 2:0:0:0:1, 0:0:0:0:0, 0:0:0:0:0, 0:0:0:0:0, 0:0:0:0:0, 0:0:0:0:0, 0:0:0:0:0, 0:0:0:0:0, 0:0:0:0:0, 0:0:0:0:0, 0:0:0:0:0, 651:35:27:2:673
C# locrian (7#), 3:0:0:0:1, 2:0:0:0:1, 4:0:0:0:2, 4:0:0:0:2, 4:0:0:0:2, 3:0:0:0:1, 4:1:0:0:1, 3:1:0:0:1, 2:1:0:0:1, 3:1:0:0:1, 2:1:0:0:1, 2:1:0:0:1, 3:2:0:0:3, 3:1:0:0:1, 2:1:0:0:2, 2:3:2:0:3, 2:1:0:0:2, 2:2:0:0:2, 2:0:0:0:0, 3:0:0:0:1, 3:0:0:0:0, 3:0:0:0:0, 2:0:0:0:0, 3:0:0:0:0, 2:0:0:0:0, 2:0:0:0:0, 1:0:0:0:3, 4:0:0:0:1, 3:1:0:0:1, 2:1:0:0:1, 3:0:0:0:1, 2:0:0:0:2, 2:0:0:0:1, 4:0:0:0:3, 3:0:0:0:2, 3:0:0:0:1, 2:0:0:0:1, 3:0:0:0:1, 4:1:0:0:1, 3:1:0:0:3, 3:1:0:0:1, 2:1:0:0:1, 1:0:0:0:0, 1:0:0:0:0, 2:0:0:0:1, 2:1:0:0:2, 2:1:0:0:1, 3:1:0:0:2, 2:0:0:0:2, 4:0:0:0:2, 4:0:0:0:2, 4:0:0:0:3, 3:0:0:0:3, 3:0:0:0:1, 4:1:0:0:1, 3:2:0:0:3, 3:1:0:0:1, 3:1:0:0:1, 3:2:1:0:2, 2:1:0:0:1, 3:1:0:0:1, 1:1:0:0:1, 3:1:0:0:1, 2:1:0:0:1, 2:1:0:0:1, 4:3:0:0:3, 3:0:0:0:0, 2:0:0:0:0, 3:0:0:0:0, 1:0:0:0:0, 3:0:0:0:0, 2:0:0:0:0, 3:0:0:3:0, 2:1:0:0:1, 5:0:0:0:3, 3:0:0:0:2, 3:1:0:0:2, 2:2:0:0:2, 4:0:0:0:1, 3:1:0:0:3, 3:0:0:0:1, 2:0:0:0:1, 3:0:0:0:2, 3:0:0:0:2, 3:0:0:0:1, 3:0:0:0:1, 4:1:0:0:1, 3:2:0:0:2, 2:1:0:0:1, 2:1:0:0:1, 2:0:0:0:1, 1:0:0:0:0, 2:0:0:0:1, 2:1:0:0:2, 2:1:0:0:1, 3:2:0:0:4, 2:0:0:0:1, 3:1:0:0:2, 3:0:0:0:2, 3:0:0:0:1, 2:0:0:0:1, 3:0:0:0:2, 4:1:0:0:2, 3:1:0:0:1, 2:2:0:0:2, 2:1:0:0:1, 3:1:0:0:1, 2:1:0:0:1, 1:1:0:0:1, 2:1:0:0:1, 2:1:0:0:2, 2:2:1:0:2, 2:1:0:0:1, 3:2:0:0:3, 2:0:0:0:0, 2:0:0:0:0, 3:0:0:0:0, 3:0:0:0:1, 2:0:0:0:0, 2:0:0:0:0, 3:0:0:0:2, 3:0:0:0:0, 3:0:0:0:2, 2:0:0:0:3, 3:1:0:0:2, 3:1:0:0:1, 2:0:0:0:0, 3:1:0:0:3, 2:0:0:0:2, 4:0:0:0:2, 4:0:0:0:2, 5:0:0:0:2, 3:0:0:0:3, 3:0:0:0:1, 2:1:0:0:2, 3:1:0:0:1, 2:1:0:0:1, 1:1:0:0:1, 1:0:0:0:0, 1:0:0:0:0, 2:0:0:0:2, 2:1:0:0:1, 2:2:0:0:2, 4:1:0:0:2, 3:0:0:0:1, 3:0:0:0:1, 3:0:0:0:2, 3:0:0:0:1, 2:0:0:0:3, 3:0:0:0:1, 3:1:0:0:2, 2:3:2:0:3, 2:2:0:0:2, 2:1:0:0:1, 5:1:0:0:1, 3:1:0:0:1, 1:1:0:0:1, 2:1:0:0:1, 3:1:0:0:1, 2:1:0:0:1, 3:1:0:0:1, 4:3:0:0:3, 2:0:0:0:0, 4:0:0:0:2, 3:0:0:0:0, 3:0:0:0:0, 3:0:0:0:0, 2:0:0:0:0, 3:0:0:0:0, 3:0:0:0:0, 2:0:0:0:4, 3:0:0:0:1, 2:1:0:0:3, 2:1:0:0:1, 3:0:0:0:1, 2:0:0:0:2, 2:0:0:0:1, 5:0:0:0:2, 4:0:0:0:1, 4:0:0:0:3, 3:0:0:0:3, 2:0:0:0:1, 4:1:0:0:1, 3:1:0:0:2, 2:1:0:0:1, 2:1:0:0:1, 2:0:0:0:0, 1:0:0:0:0, 3:0:0:0:2, 2:1:0:0:1, 2:2:0:0:2, 2:1:0:0:2, 4:0:0:0:1, 3:0:0:0:1, 3:0:0:0:2, 3:0:0:0:1, 2:0:0:0:3, 3:0:0:0:1, 3:1:0:0:2, 2:3:2:0:3, 2:2:0:0:2, 2:1:0:0:1, 5:1:0:0:1, 3:1:0:0:1, 1:1:0:0:1, 2:1:0:0:1, 3:1:0:0:1, 2:1:0:0:1, 3:1:0:0:2, 4:3:0:0:3, 2:0:0:0:0, 3:0:0:0:1, 3:0:0:0:0, 2:0:0:0:0, 3:0:0:0:0, 2:0:0:0:0, 3:0:0:0:0, 3:0:0:0:0, 2:0:0:0:4, 3:0:0:0:1, 3:1:0:0:2, 2:1:0:0:1, 3:0:0:0:1, 2:0:0:0:2, 2:0:0:0:1, 5:0:0:0:2, 4:0:0:0:1, 4:0:0:0:3, 3:0:0:0:3, 3:0:0:0:1, 4:1:0:0:1, 3:1:0:0:2, 2:1:0:0:1, 2:1:0:0:1, 3:0:0:0:1, 1:0:0:0:0, 3:0:0:0:2, 2:1:0:0:1, 2:2:0:0:2, 3:1:0:0:3, 2:0:0:0:1, 3:1:0:0:2, 2:0:0:0:2, 2:0:0:0:2, 2:0:0:0:2, 3:0:0:0:1, 4:1:0:0:1, 3:2:0:0:2, 4:2:0:0:4, 3:1:0:0:1, 2:2:0:0:2, 5:1:0:0:1, 1:1:0:0:1, 3:1:0:0:1, 5:1:0:0:2, 3:1:0:0:1, 2:1:0:0:1, 4:2:0:0:3, 2:0:0:0:0, 3:0:0:0:2, 3:0:0:0:0, 3:0:0:0:0, 3:0:0:0:1, 3:0:0:0:0, 4:0:0:0:0, 3:0:0:0:1, 3:0:0:0:2, 2:0:0:0:2, 4:1:0:0:2, 2:2:0:0:2, 2:0:0:0:0, 3:0:0:0:3, 2:0:0:0:2, 4:1:0:0:3, 2:0:0:0:1, 5:0:0:0:2, 3:0:0:0:2, 3:0:0:0:1, 3:1:0:0:2, 4:1:0:0:1, 2:1:0:0:1, 2:2:0:0:2, 1:0:0:0:0, 3:0:0:0:0, 4:0:0:0:2, 2:1:0:0:1, 1:1:0:0:1, 2:0:0:0:1, 4:0:0:0:3, 2:1:0:0:1, 1:1:0:0:1, 2:0:0:0:2, 3:0:0:0:1, 2:1:0:0:1, 1:1:0:0:1, 1:1:0:0:1, 1:1:0:0:1, 0:0:0:0:0, 0:0:0:0:0, 0:0:0:0:0, 0:0:0:0:0, 0:0:0:0:0, 0:0:0:0:0, 0:0:0:0:0, 792:170:8:3:398
